Type;FSVA3030;
Version;2.20SP2;
Date;07.Apr 2026;
Mode;ANALYZER;
Preamplifier;ON;
Transducer;OFF;
Center Freq;2500000.000000;Hz
Freq Offset;0.000000;Hz
Start;0.000000;Hz
Stop;5000000.000000;Hz
Span;5000000.000000;Hz
Ref Level;0.000078;V
Level Offset;0.000000;dB
Rf Att;0.000000;dB
El Att;0.000000;dB
RBW;1.000000;Hz
VBW;50000.000000;Hz
SWT;58.600000;s
Sweep Count;0;
Window;1;Frequency Sweep
Ref Position;93.000000;%
Level Range;120.000000;dB
x-Axis;LIN;
y-Axis;LOG;
x-Unit;Hz;
y-Unit;V;
Trace;1;
Trace Mode;CLR/WRITE;
Detector;RMS;
Values;15000;
0;1.0275041404383955523e-06;
333.35555703713578168;1.4857950425550825457e-08;
666.71111407427156337;9.5229264474028241239e-09;
1000.0666711114073451;1.3544514843033539364e-08;
1333.4222281485431267;2.1248473203172579815e-08;
1666.7777851856790221;3.1962908764171515941e-08;
2000.1333422228149175;4.318723156870873936e-08;
2333.4888992599508128;5.2553222218421069556e-08;
2666.8444562970867082;6.2602865114058658946e-08;
3000.2000133342226036;6.3825829954566870583e-08;
3333.555570371358499;6.3318474019524728647e-08;
3666.9111274084943943;6.3839621589067974128e-08;
4000.2666844456302897;5.9205873981227341574e-08;
4333.6222414827661851;6.4400573762668500422e-08;
4666.9777985199016257;5.9560353093957019155e-08;
5000.3333555570370663;5.5717581659564530128e-08;
5333.6889125941725069;5.349098941564989218e-08;
5667.0444696313079476;5.3064013627590611577e-08;
6000.4000266684433882;5.1505068654478236567e-08;
6333.7555837055788288;5.3688971490828407696e-08;
6667.1111407427142694;5.4062724075265577994e-08;
7000.4666977798497101;4.9848363659066308173e-08;
7333.8222548169851507;4.9000444590774350218e-08;
7667.1778118541205913;4.9311925209849505336e-08;
8000.5333688912560319;5.1001755707602569601e-08;
8333.8889259283914726;4.8499451565930939978e-08;
8667.2444829655269132;4.9530274992548584123e-08;
9000.6000400026623538;4.780144990945700556e-08;
9333.9555970397977944;4.7497842103894072352e-08;
9667.311154076933235;4.9199005758282510214e-08;
10000.666711114068676;4.5896200617789872922e-08;
10334.022268151204116;4.9381448263829952339e-08;
10667.377825188339557;4.3480774536419630749e-08;
11000.733382225474998;4.7119449675392388599e-08;
11334.088939262610438;4.7341565334590995917e-08;
11667.444496299745879;4.7394152602464600932e-08;
12000.800053336881319;4.5018918370942628826e-08;
12334.15561037401676;4.4521232922534181853e-08;
12667.511167411152201;4.2755964102525467752e-08;
13000.866724448287641;4.4771667262466507964e-08;
13334.222281485423082;4.5017259253654628992e-08;
13667.577838522558523;4.2047076931339688599e-08;
14000.933395559693963;4.465965020017392817e-08;
14334.288952596829404;4.3478024736032239161e-08;
14667.644509633964844;4.4079044414502277505e-08;
15001.000066671100285;4.1376754467137288884e-08;
15334.355623708235726;4.176013135293032974e-08;
15667.711180745371166;4.354177107757095655e-08;
16001.066737782506607;4.0832230041587536107e-08;
16334.422294819642048;4.3656427806126885116e-08;
16667.777851856779307;4.0075040175224785344e-08;
17001.133408893914748;4.2713022452289806097e-08;
17334.488965931050188;4.1032635067494993564e-08;
17667.844522968185629;4.1790734428559517255e-08;
18001.20008000532107;3.9847730448627771693e-08;
18334.55563704245651;4.0016228552985921851e-08;
18667.911194079591951;3.896841249684257491e-08;
19001.266751116727391;3.7153888854390970664e-08;
19334.622308153862832;3.7120681639635222382e-08;
19667.977865190998273;3.8118074030535353813e-08;
20001.333422228133713;3.9005328744678990915e-08;
20334.688979265269154;3.9510773319761938183e-08;
20668.044536302404595;3.9675409624351232196e-08;
21001.400093339540035;4.0283900659687787993e-08;
21334.755650376675476;3.8553935155505314469e-08;
21668.111207413810916;3.8208380459536783746e-08;
22001.466764450946357;3.702201567534757487e-08;
22334.822321488081798;3.6940161152188011329e-08;
22668.177878525217238;3.8502495414149962016e-08;
23001.533435562352679;3.6734242314651055494e-08;
23334.88899259948812;3.6618331478166510351e-08;
23668.24454963662356;3.7273196085152449086e-08;
24001.600106673759001;4.1620538127062900458e-08;
24334.955663710894441;3.5438976198065574863e-08;
24668.311220748029882;3.4952019944967105403e-08;
25001.666777785165323;3.6339567799359429046e-08;
25335.022334822300763;3.4323946351833001245e-08;
25668.377891859436204;3.5843321199990896275e-08;
26001.733448896571645;3.6511380585579900071e-08;
26335.089005933707085;3.6547639581385737984e-08;
26668.444562970842526;3.5820473698322530254e-08;
27001.800120007977966;3.6063056541024707258e-08;
27335.155677045113407;3.3707337365740386304e-08;
27668.511234082248848;3.4346626875958463643e-08;
28001.866791119384288;3.5504594819713020115e-08;
28335.222348156519729;3.4060136044899991248e-08;
28668.57790519365517;3.6104005118886561831e-08;
29001.93346223079061;3.472618104183311516e-08;
29335.289019267926051;3.3997068271673924755e-08;
29668.644576305061491;3.9622889858037524391e-08;
30002.000133342196932;3.8077516251178167295e-08;
30335.355690379332373;3.2196275867590884445e-08;
30668.711247416467813;3.5304758227994170738e-08;
31002.066804453603254;3.3683779321336260182e-08;
31335.422361490738695;3.7840123923160717823e-08;
31668.777918527874135;3.2033621977234361111e-08;
32002.133475565009576;3.2534686056351347361e-08;
32335.489032602145016;3.5251087382448531571e-08;
32668.844589639280457;3.3255155074130016146e-08;
33002.200146676419536;3.0987770571755390847e-08;
33335.555703713558614;3.1738814243453816744e-08;
33668.911260750697693;3.3128564780326996697e-08;
34002.266817787836771;3.1574149517155092326e-08;
34335.62237482497585;3.4391064218652900308e-08;
34668.977931862114929;3.4453407238288491499e-08;
35002.333488899254007;3.758017541599656397e-08;
35335.689045936393086;5.6479560583966303966e-08;
35669.044602973532164;7.7768461892446794081e-08;
36002.400160010671243;7.5502697427509701811e-08;
36335.755717047810322;8.1097603299440379487e-08;
36669.1112740849494;8.6167737833875435172e-08;
37002.466831122088479;8.5376676395299000433e-08;
37335.822388159227557;8.6034475543783628382e-08;
37669.177945196366636;7.5548072686615341809e-08;
38002.533502233505715;5.5105495277985028224e-08;
38335.889059270644793;4.5429260353557765484e-08;
38669.244616307783872;5.1912476095594684011e-08;
39002.60017334492295;6.0318164685213560006e-08;
39335.955730382062029;7.4175389386255119462e-08;
39669.311287419201108;8.391558026232814882e-08;
40002.666844456340186;9.7813668276103271637e-08;
40336.022401493479265;9.1150837988607236184e-08;
40669.377958530618344;8.5410277961273095571e-08;
41002.733515567757422;8.3488863822367420653e-08;
41336.089072604896501;9.3431985703773534624e-08;
41669.444629642035579;8.0484191755658684997e-08;
42002.800186679174658;7.4743866207427345216e-08;
42336.155743716313737;4.8453379974944255082e-08;
42669.511300753452815;3.690889371910088812e-08;
43002.866857790591894;3.2591547238780549378e-08;
43336.222414827730972;3.1179379078594138264e-08;
43669.577971864870051;3.1849797466065865592e-08;
44002.93352890200913;3.6512215473294418189e-08;
44336.289085939148208;3.8286323444935987936e-08;
44669.644642976287287;3.6784999934980078251e-08;
45003.000200013426365;3.5880805882015920361e-08;
45336.355757050565444;3.1087605378843363724e-08;
45669.711314087704523;2.8396884843573388935e-08;
46003.066871124843601;3.0051406696429694421e-08;
46336.42242816198268;2.7263139301680894278e-08;
46669.777985199121758;2.7918710898688914313e-08;
47003.133542236260837;2.7912090416748469579e-08;
47336.489099273399916;2.8424784304093009268e-08;
47669.844656310538994;2.7244562161854446458e-08;
48003.200213347678073;2.9950058433314552531e-08;
48336.555770384817151;2.6425626131754142989e-08;
48669.91132742195623;2.6339559866528361454e-08;
49003.266884459095309;2.5866157216114515904e-08;
49336.622441496234387;2.7062675655997736612e-08;
49669.977998533373466;2.6058717850219181855e-08;
50003.333555570512544;2.654818764824540267e-08;
50336.689112607651623;2.6965579991156118922e-08;
50670.044669644790702;2.6038172507014678558e-08;
51003.40022668192978;2.7821867476518491458e-08;
51336.755783719068859;2.5322803409721927892e-08;
51670.111340756207937;2.6727601465381667367e-08;
52003.466897793347016;2.3873910848237755999e-08;
52336.822454830486095;2.6168311961782819708e-08;
52670.178011867625173;2.6028477151385231991e-08;
53003.533568904764252;2.594967440927575808e-08;
53336.88912594190333;2.671797716402579681e-08;
53670.244682979042409;2.7213708619910903508e-08;
54003.600240016181488;2.6266043562372942688e-08;
54336.955797053320566;2.7095405030763686227e-08;
54670.311354090459645;2.718088509823246568e-08;
55003.666911127598723;2.83129519829117271e-08;
55337.022468164737802;2.5781098145216674311e-08;
55670.378025201876881;2.5982883400388345763e-08;
56003.733582239015959;2.5474955478443916945e-08;
56337.089139276155038;2.6682469567163025204e-08;
56670.444696313294116;2.5597872266303056676e-08;
57003.800253350433195;2.5857934460304932145e-08;
57337.155810387572274;2.6455770907318765239e-08;
57670.511367424711352;2.6604725533729833842e-08;
58003.866924461850431;2.5970926742502342677e-08;
58337.222481498989509;2.3681723249069364101e-08;
58670.578038536128588;2.5113347845717726159e-08;
59003.933595573267667;2.5246006174484136864e-08;
59337.289152610406745;2.4968839440475676383e-08;
59670.644709647545824;2.5390288982407582807e-08;
60004.000266684684902;2.5041758888733056665e-08;
60337.355823721823981;2.6807963848796134698e-08;
60670.71138075896306;2.4711988899639436568e-08;
61004.066937796102138;2.7730862939279177226e-08;
61337.422494833241217;2.5272630210793067818e-08;
61670.778051870380295;2.6092845217817739467e-08;
62004.133608907519374;2.7210649733433456277e-08;
62337.489165944658453;2.8273239749410095101e-08;
62670.844722981797531;2.6925107476927223615e-08;
63004.20028001893661;2.5556669669413167867e-08;
63337.555837056075688;2.5674028236721824214e-08;
63670.911394093214767;2.5542979287251910137e-08;
64004.266951130353846;2.4220733862989618501e-08;
64337.622508167492924;2.9284832336884392134e-08;
64670.978065204632003;2.7799490709412566503e-08;
65004.333622241771081;2.5674388837160222465e-08;
65337.68917927891016;2.4292109657153559965e-08;
65671.044736316049239;2.5599041109103382041e-08;
66004.400293353188317;2.4732965897555914125e-08;
66337.755850390327396;2.479413119260698295e-08;
66671.111407427466474;2.3727237064008477319e-08;
67004.466964464605553;2.6616506332288736303e-08;
67337.822521501744632;2.6867841285138638341e-08;
67671.17807853888371;2.8853580857912675128e-08;
68004.533635576022789;2.7191154217121038528e-08;
68337.889192613161867;2.8801824925039909431e-08;
68671.244749650300946;2.8379380623277938867e-08;
69004.600306687440025;2.5661536895427161653e-08;
69337.955863724579103;3.9749988189896612312e-08;
69671.311420761718182;2.8729006729122374963e-08;
70004.66697779885726;3.5045164992197896936e-08;
70338.022534835996339;2.9488024466672868584e-08;
70671.378091873135418;4.791478147581074154e-08;
71004.733648910274496;4.154062693828564079e-08;
71338.089205947413575;5.5692431999432301382e-08;
71671.444762984552654;5.8074594022627934464e-08;
72004.800320021691732;5.7277510734365932876e-08;
72338.155877058830811;4.9829452564154053107e-08;
72671.511434095969889;5.6724665853380429326e-08;
73004.866991133108968;5.8591890450543360203e-08;
73338.222548170248047;6.3308021935881697573e-08;
73671.578105207387125;5.5756551375907292822e-08;
74004.933662244526204;5.8939171765359787969e-08;
74338.289219281665282;6.1749489077556063421e-08;
74671.644776318804361;5.5876572702118210145e-08;
75005.00033335594344;5.5071815552309999475e-08;
75338.355890393082518;5.3977981195885149646e-08;
75671.711447430221597;4.4957353395602694945e-08;
76005.067004467360675;3.6726241603446396766e-08;
76338.422561504499754;3.2092653867721310235e-08;
76671.778118541638833;2.9812316171273778309e-08;
77005.133675578777911;2.9784887445316599042e-08;
77338.48923261591699;2.9874652085482011898e-08;
77671.844789653056068;2.9725244488076896232e-08;
78005.200346690195147;3.7630911720043513924e-08;
78338.555903727334226;3.92300414375768014e-08;
78671.911460764473304;4.5921201063947592047e-08;
79005.267017801612383;4.466043179718326428e-08;
79338.622574838751461;4.9706525118153876974e-08;
79671.97813187589054;5.7896638594456817373e-08;
80005.333688913029619;5.9329668289365145029e-08;
80338.689245950168697;5.0657263273024000227e-08;
80672.044802987307776;5.5907992901893521775e-08;
81005.400360024446854;5.2106081227520917309e-08;
81338.755917061585933;6.0129636381134332623e-08;
81672.111474098725012;4.4238070984192745527e-08;
82005.46703113586409;5.1787779398182465229e-08;
82338.822588173003169;5.4082864409110698034e-08;
82672.178145210142247;5.4176812369632898481e-08;
83005.533702247281326;4.6801343245306270546e-08;
83338.889259284420405;4.8565784283027824131e-08;
83672.244816321559483;4.4946929733669094276e-08;
84005.600373358698562;4.7325766416861370089e-08;
84338.95593039583764;3.7375219363866563071e-08;
84672.311487432976719;2.9798599143759929575e-08;
85005.667044470115798;2.6284137533139073639e-08;
85339.022601507254876;2.5635628730924509e-08;
85672.378158544393955;2.4929306619014823809e-08;
86005.733715581533033;2.2582456793429628306e-08;
86339.089272618672112;2.2923723363987846824e-08;
86672.444829655811191;2.1066313138362602331e-08;
87005.800386692950269;2.1193113042272671009e-08;
87339.155943730089348;2.1177259057481023774e-08;
87672.511500767228426;2.1754599899281856779e-08;
88005.867057804367505;2.2163378687878321216e-08;
88339.222614841506584;2.3378813551744315191e-08;
88672.578171878645662;2.5000309378242491221e-08;
89005.933728915784741;2.3990747166635628673e-08;
89339.289285952923819;2.2406844379929680144e-08;
89672.644842990062898;2.2956527345741051249e-08;
90006.000400027201977;2.2902430174553956022e-08;
90339.355957064341055;2.1390755833294861077e-08;
90672.711514101480134;2.169921842209987517e-08;
91006.067071138619212;2.1957479390266598784e-08;
91339.422628175758291;2.1651658244081772864e-08;
91672.77818521289737;2.1739394284736590635e-08;
92006.133742250036448;2.0700811731444446195e-08;
92339.489299287175527;2.017991818092923495e-08;
92672.844856324314605;2.1354523482841614168e-08;
93006.200413361453684;2.0887478413555982115e-08;
93339.555970398592763;2.1232501978829532163e-08;
93672.911527435731841;1.9485542068764516443e-08;
94006.26708447287092;2.055885595098061458e-08;
94339.622641510009998;2.0074200079989168444e-08;
94672.978198547149077;2.0903776487557479413e-08;
95006.333755584288156;2.0314939064292047988e-08;
95339.689312621427234;1.9839447418235067744e-08;
95673.044869658566313;1.9998452671643462963e-08;
96006.400426695705391;2.0079525597793690395e-08;
96339.75598373284447;1.9919315974448181805e-08;
96673.111540769983549;2.0669416400664886169e-08;
97006.467097807122627;2.0420564794676465681e-08;
97339.822654844261706;2.0304806724880108959e-08;
97673.178211881400784;1.995034359936198598e-08;
98006.533768918539863;2.0003019685077561007e-08;
98339.889325955678942;2.0641873987869985285e-08;
98673.24488299281802;2.018055766939141904e-08;
99006.600440029957099;1.9884039303974532231e-08;
99339.955997067096177;1.9167087472737875942e-08;
99673.311554104235256;1.9001904050242046651e-08;
100006.66711114137433;1.9413551655134142493e-08;
100340.02266817851341;1.8961022973940089287e-08;
100673.37822521565249;1.9891587044185143895e-08;
101006.73378225279157;1.8889775077468584641e-08;
101340.08933928993065;2.0436102587950699672e-08;
101673.44489632706973;1.958891893139025342e-08;
102006.80045336420881;1.9754137881022870715e-08;
102340.15601040134788;2.122772890800206369e-08;
102673.51156743848696;1.9576397392029321054e-08;
103006.86712447562604;1.9521895211482842569e-08;
103340.22268151276512;1.8329926021465325903e-08;
103673.5782385499042;1.8550496250213655003e-08;
104006.93379558704328;2.0817401136241642234e-08;
104340.28935262418236;2.0134592659815098159e-08;
104673.64490966132144;1.8681211244597761834e-08;
105007.00046669846051;1.9178944654640872614e-08;
105340.35602373559959;1.8872128748625982553e-08;
105673.71158077273867;2.0668762701347986876e-08;
106007.06713780987775;2.2555219914011104265e-08;
106340.42269484701683;2.1025126528684268123e-08;
106673.77825188415591;2.3418357031346204167e-08;
107007.13380892129499;2.7570033367396717949e-08;
107340.48936595843406;2.758209660669308505e-08;
107673.84492299557314;2.5457776331450077123e-08;
108007.20048003271222;2.6639661143690318568e-08;
108340.5560370698513;2.438420487749226595e-08;
108673.91159410699038;2.4369901652221415134e-08;
109007.26715114412946;2.6965579991156118922e-08;
109340.62270818126854;2.7085791387548852072e-08;
109673.97826521840761;2.6237866990186375915e-08;
110007.33382225554669;2.5220428412353612657e-08;
110340.68937929268577;2.6570395661451584601e-08;
110674.04493632982485;2.497370843457247247e-08;
111007.40049336696393;2.7251790157833966077e-08;
111340.75605040410301;2.7896943421978903643e-08;
111674.11160744124209;2.7157259552268442349e-08;
112007.46716447838116;2.6279936449213892047e-08;
112340.82272151552024;2.5835957373487872246e-08;
112674.17827855265932;2.627910511421305273e-08;
113007.5338355897984;2.4694543299119686708e-08;
113340.88939262693748;2.4055781366882911243e-08;
113674.24494966407656;2.2569409452444233466e-08;
114007.60050670121564;2.0748652573843173741e-08;
114340.95606373835471;2.0313013493478138116e-08;
114674.31162077549379;1.9930586958594176394e-08;
115007.66717781263287;1.9468092915531087783e-08;
115341.02273484977195;1.9009016583027005254e-08;
115674.37829188691103;1.9948382501411288104e-08;
116007.73384892405011;1.9622673264052536979e-08;
116341.08940596118919;1.9163755027307161072e-08;
116674.44496299832826;1.8732048800984557602e-08;
117007.80052003546734;2.0297530767265925533e-08;
117341.15607707260642;2.3194317577690526377e-08;
117674.5116341097455;2.1815909079236917023e-08;
118007.86719114688458;2.3877559485185884114e-08;
118341.22274818402366;2.9134074708281332278e-08;
118674.57830522116274;4.4679659083612932591e-08;
119007.93386225830182;4.1778768888889317168e-08;
119341.28941929544089;3.9914638705340621527e-08;
119674.64497633257997;3.7873711278280097758e-08;
120008.00053336971905;3.6577183948338642949e-08;
120341.35609040685813;3.4732345000065834029e-08;
120674.71164744399721;3.5617542692989445641e-08;
121008.06720448113629;3.7191043134043866303e-08;
121341.42276151827537;4.1318209298424335429e-08;
121674.77831855541444;3.9255823480743856635e-08;
122008.13387559255352;4.645534090741421096e-08;
122341.4894326296926;3.2304882324751815759e-08;
122674.84498966683168;2.4748917581973728375e-08;
123008.20054670397076;2.2673924959804026003e-08;
123341.55610374110984;2.4394831044105558249e-08;
123674.91166077824892;2.4839165391199458099e-08;
124008.26721781538799;2.4554040578550484497e-08;
124341.62277485252707;2.3477713995134763536e-08;
124674.97833188966615;2.1899657198787281231e-08;
125008.33388892680523;2.1744208211771365313e-08;
125341.68944596394431;2.0890082552682542882e-08;
125675.04500300108339;2.1957633933311626606e-08;
126008.40056003822247;2.2375298058818771096e-08;
126341.75611707536154;2.0525691368789011904e-08;
126675.11167411250062;1.9939342621455580229e-08;
127008.4672311496397;1.8609576102335267933e-08;
127341.82278818677878;1.8052860539796711237e-08;
127675.17834522391786;1.9573645815285090066e-08;
128008.53390226105694;1.9232725634310554597e-08;
128341.88945929819602;2.0090110908199676487e-08;
128675.24501633533509;1.8708698590330641309e-08;
129008.60057337247417;2.1900040891864591686e-08;
129341.95613040961325;2.1595210952796151105e-08;
129675.31168744675233;1.8177320981749289786e-08;
130008.66724448389141;1.6949782022379622504e-08;
130342.02280152103049;1.7576629929294540489e-08;
130675.37835855816957;1.753748968269519537e-08;
131008.73391559530864;1.6571647165619651787e-08;
131342.08947263244772;1.7604749658062246453e-08;
131675.4450296695868;1.8100271503840303922e-08;
132008.80058670672588;1.723330456115945708e-08;
132342.15614374386496;1.8345387431395465683e-08;
132675.51170078100404;1.6893242360538351932e-08;
133008.86725781814312;1.6968611404877265159e-08;
133342.22281485528219;1.7103644722737953998e-08;
133675.57837189242127;1.8187797934388072463e-08;
134008.93392892956035;1.6916851919290820661e-08;
134342.28948596669943;1.7188737544415744196e-08;
134675.64504300383851;1.7213274361438379856e-08;
135009.00060004097759;1.7682735276025596249e-08;
135342.35615707811667;1.8002536350536502141e-08;
135675.71171411525575;1.6962918181206987356e-08;
136009.06727115239482;1.6956839488102559699e-08;
136342.4228281895339;1.6442344374922868155e-08;
136675.77838522667298;1.7856420342354795139e-08;
137009.13394226381206;2.2232322649529123737e-08;
137342.48949930095114;2.0195985328541610215e-08;
137675.84505633809022;1.7426041054591223656e-08;
138009.2006133752293;1.6871947394747621729e-08;
138342.55617041236837;1.7644783412151809898e-08;
138675.91172744950745;1.7357084658442545333e-08;
139009.26728448664653;1.7764996584901382448e-08;
139342.62284152378561;2.1790247828334941005e-08;
139675.97839856092469;2.0827972235792913125e-08;
140009.33395559806377;1.920537684441114834e-08;
140342.68951263520285;2.3821877803698043863e-08;
140676.04506967234192;1.9282454744029564608e-08;
141009.400626709481;1.7145369568538626481e-08;
141342.75618374662008;2.608542004622904642e-08;
141676.11174078375916;2.0540481315833858389e-08;
142009.46729782089824;1.7182911093982511375e-08;
142342.82285485803732;1.6910165712147318118e-08;
142676.1784118951764;1.6808371583465486765e-08;
143009.53396893231547;1.7551297304407853517e-08;
143342.88952596945455;1.7949451702747865056e-08;
143676.24508300659363;1.8270739587933348957e-08;
144009.60064004373271;2.7465230090228942572e-08;
144342.95619708087179;1.6503374666854142561e-08;
144676.31175411801087;1.7121442041911905108e-08;
145009.66731115514995;1.7305204380591021618e-08;
145343.02286819228902;1.7512183703161099402e-08;
145676.3784252294281;1.7776171645778049424e-08;
146009.73398226656718;1.7157452347760226985e-08;
146343.08953930370626;1.8205922103220473218e-08;
146676.44509634084534;1.8666874268546962412e-08;
147009.80065337798442;1.8946472835068561835e-08;
147343.1562104151235;1.7132093077520949009e-08;
147676.51176745226257;1.7948536878975573927e-08;
148009.86732448940165;1.818409067766424414e-08;
148343.22288152654073;1.8183580863251336268e-08;
148676.57843856367981;1.872309951522765914e-08;
149009.93399560081889;1.7665470863903465215e-08;
149343.28955263795797;1.6915514322590752272e-08;
149676.64510967509705;1.7350863856790965656e-08;
150010.00066671223613;1.7926511830523850222e-08;
150343.3562237493752;1.855196352096299961e-08;
150676.71178078651428;1.7855260381338666775e-08;
151010.06733782365336;2.1544433792541894945e-08;
151343.42289486079244;1.7143623409765496035e-08;
151676.77845189793152;1.5600868152887414908e-08;
152010.1340089350706;1.7736152102543201181e-08;
152343.48956597220968;1.7050155065589933656e-08;
152676.84512300934875;1.6915127076799763017e-08;
153010.20068004648783;1.5953796506096296071e-08;
153343.55623708362691;1.5663454533410003933e-08;
153676.91179412076599;1.6761900312189936813e-08;
154010.26735115790507;1.6965779892075261159e-08;
154343.62290819504415;1.6747154774066075333e-08;
154676.97846523218323;1.7086227543927634542e-08;
155010.3340222693223;1.6896002819066779921e-08;
155343.68957930646138;1.9708695120357333508e-08;
155677.04513634360046;1.5339944425818430318e-08;
156010.40069338073954;1.6263030033769609872e-08;
156343.75625041787862;1.6463413743394994526e-08;
156677.1118074550177;1.5771053796242995304e-08;
157010.46736449215678;1.6882472309021068213e-08;
157343.82292152929585;1.6670396618678751111e-08;
157677.17847856643493;1.7848048372570701758e-08;
158010.53403560357401;1.6719345907745264412e-08;
158343.88959264071309;1.6875207009547921189e-08;
158677.24514967785217;1.6211116005138137552e-08;
159010.60070671499125;1.7611926139693423465e-08;
159343.95626375213033;1.7646023309225711273e-08;
159677.3118207892694;1.7304261135109300085e-08;
160010.66737782640848;1.7191394974247486971e-08;
160344.02293486354756;1.7200155966179409006e-08;
160677.37849190068664;1.7304625288261377136e-08;
161010.73404893782572;1.7403921859227011737e-08;
161344.0896059749648;1.728366250119961478e-08;
161677.44516301210388;1.6914473377482863725e-08;
162010.80072004924295;1.7479081293458875734e-08;
162344.15627708638203;1.6232917232628096826e-08;
162677.51183412352111;1.6625913090706490038e-08;
163010.86739116066019;1.6415473425013260567e-08;
163344.22294819779927;1.7164838439498453226e-08;
163677.57850523493835;1.7000596486127506068e-08;
164010.93406227207743;1.6513061140699392126e-08;
164344.2896193092165;1.6545467218520570896e-08;
164677.64517634635558;1.7105959315699692525e-08;
165011.00073338349466;1.6608924013894466043e-08;
165344.35629042063374;1.6379294365265195665e-08;
165677.71184745777282;1.7134320628997556923e-08;
166011.0674044949119;1.6452341711215012765e-08;
166344.42296153205098;1.7515905170739642926e-08;
166677.77851856919006;1.6746506403819694242e-08;
167011.13407560632913;1.7289464082637095999e-08;
167344.48963264346821;1.6826097848365861864e-08;
167677.84518968060729;1.6387726731181828654e-08;
168011.20074671774637;1.5639422201729757944e-08;
168344.55630375488545;1.63504587646912114e-08;
168677.91186079202453;1.6780875355948410288e-08;
169011.26741782916361;1.6831064542088824965e-08;
169344.62297486630268;1.4980635398842423456e-08;
169677.97853190344176;1.5383744056407522294e-08;
170011.33408894058084;1.6311211936681502266e-08;
170344.68964597771992;1.560130691302674677e-08;
170678.045203014859;1.6191364693440846168e-08;
171011.40076005199808;1.504683666553319199e-08;
171344.75631708913716;1.5554647347926220391e-08;
171678.11187412627623;1.5060217961604394077e-08;
172011.46743116341531;1.5568726752235306776e-08;
172344.82298820055439;1.5504451056358448113e-08;
172678.17854523769347;1.5975391676192884916e-08;
173011.53410227483255;1.4988268404181326332e-08;
173344.88965931197163;1.5082617821349231235e-08;
173678.24521634911071;1.6074457320769397484e-08;
174011.60077338624978;1.5628135230372208753e-08;
174344.95633042338886;1.5684738841059697734e-08;
174678.31188746052794;1.5265078090465067362e-08;
175011.66744449766702;1.5177478829286883411e-08;
175345.0230015348061;1.5579150414168907446e-08;
175678.37855857194518;1.5098787997658291715e-08;
176011.73411560908426;1.4948877691267625778e-08;
176345.08967264622333;1.5296915734097638051e-08;
176678.44522968336241;1.4732879805023912922e-08;
177011.80078672050149;1.6099127364554988162e-08;
177345.15634375764057;1.4654692570559291198e-08;
177678.51190079477965;1.6019289006408143905e-08;
178011.86745783191873;1.4667776326859893743e-08;
178345.22301486905781;1.6553025616872218961e-08;
178678.57857190619688;1.5591799851222276629e-08;
179011.93412894333596;1.5738422121103212703e-08;
179345.28968598047504;1.5423767152356049337e-08;
179678.64524301761412;1.5637306560734032246e-08;
180012.0008000547532;1.6808106906296416128e-08;
180345.35635709189228;1.6634356114764159429e-08;
180678.71191412903136;1.5297640487688113353e-08;
181012.06747116617044;1.5022564525679626968e-08;
181345.42302820330951;1.5922745788543579692e-08;
181678.77858524044859;1.4949980808864893334e-08;
182012.13414227758767;1.5194846270105699659e-08;
182345.48969931472675;1.5686612897525264998e-08;
182678.84525635186583;1.4840916051639396755e-08;
183012.20081338900491;1.5858066859664177173e-08;
183345.55637042614399;1.5743205850071717578e-08;
183678.91192746328306;1.579123676265226095e-08;
184012.26748450042214;1.5540226883103969158e-08;
184345.62304153756122;1.503016733295226004e-08;
184678.9785985747003;1.5117606722014897969e-08;
185012.33415561183938;1.5801919772684414056e-08;
185345.68971264897846;1.5543967890607746085e-08;
185679.04526968611754;1.5800781127950358496e-08;
186012.40082672325661;1.6015828663284992217e-08;
186345.75638376039569;1.6395617308262444567e-08;
186679.11194079753477;1.5544541653866872366e-08;
187012.46749783467385;1.5903065531119864318e-08;
187345.82305487181293;1.5298743605285380909e-08;
187679.17861190895201;1.5520583929173881188e-08;
188012.53416894609109;1.5466854463852541812e-08;
188345.88972598323016;1.4761143418695610308e-08;
188679.24528302036924;1.5638571326803685224e-08;
189012.60084005750832;1.5265909425465906679e-08;
189345.9563970946474;1.5270844144765760575e-08;
189679.31195413178648;1.5670114095200915472e-08;
190012.66751116892556;1.5070856562715562177e-08;
190346.02306820606464;1.5182891388576535974e-08;
190679.37862524320371;1.5485749571553242276e-08;
191012.73418228034279;1.5108737372315772518e-08;
191346.08973931748187;1.4708080087189046026e-08;
191679.44529635462095;1.4266224646064529225e-08;
192012.80085339176003;1.4818199112198726652e-08;
192346.15641042889911;1.4658090741193063877e-08;
192679.51196746603819;1.4856228247595026914e-08;
193012.86752450317726;1.4797466363347666629e-08;
193346.22308154031634;1.4470321829662680102e-08;
193679.57863857745542;1.4902310496722748212e-08;
194012.9341956145945;1.4288271010798325733e-08;
194346.28975265173358;1.434995144933282063e-08;
194679.64530968887266;1.5114897777834812587e-08;
195013.00086672601174;1.424023476914726416e-08;
195346.35642376315081;1.4817964633095925819e-08;
195679.71198080028989;1.4047572882702752395e-08;
196013.06753783742897;1.4634110812039580196e-08;
196346.42309487456805;1.4892705735292111058e-08;
196679.77865191170713;1.4261238412416332721e-08;
197013.13420894884621;1.4687707938776384253e-08;
197346.48976598598529;1.5896054250674751529e-08;
197679.84532302312437;1.4925786828712261922e-08;
198013.20088006026344;1.6592707652307581156e-08;
198346.55643709740252;1.4892209243555498688e-08;
198679.9119941345416;1.4801808667641580541e-08;
199013.26755117168068;1.5405731801365618594e-08;
199346.62310820881976;1.4383417124008701649e-08;
199679.97866524595884;1.461222431942132971e-08;
200013.33422228309792;1.4898489553161198273e-08;
200346.68977932023699;1.4784396817901779286e-08;
200680.04533635737607;1.5188387436637640349e-08;
201013.40089339451515;1.4926047953167653759e-08;
201346.75645043165423;1.3981960478304245044e-08;
201680.11200746879331;1.5471501413344412867e-08;
202013.46756450593239;1.5692979360437675496e-08;
202346.82312154307147;1.4635988421218826261e-08;
202680.17867858021054;1.4045746787871848937e-08;
203013.53423561734962;1.5073769787932178588e-08;
203346.8897926544887;1.5516084417299680354e-08;
203680.24534969162778;1.4892654220943768451e-08;
204013.60090672876686;1.5682065424016400357e-08;
204346.95646376590594;1.4933496217395259009e-08;
204680.31202080304502;1.4500247225157636421e-08;
205013.66757784018409;1.4743184451049273775e-08;
205347.02313487732317;1.5253631246991972148e-08;
205680.37869191446225;1.4393755520814011106e-08;
206013.73424895160133;1.4515590507357956085e-08;
206347.08980598874041;1.5165591449317616934e-08;
206680.44536302587949;1.4205154386104368314e-08;
207013.80092006301857;1.4306506201933189004e-08;
207347.15647710015764;1.498045065773112583e-08;
207680.51203413729672;1.4187472530124978221e-08;
208013.8675911744358;1.4420406202475533064e-08;
208347.22314821157488;1.4931083924807353469e-08;
208680.57870524871396;1.4075634879873177852e-08;
209013.93426228585304;1.4887030275190227258e-08;
209347.28981932299212;1.4469940801120628748e-08;
209680.64537636013119;1.4497802069968201977e-08;
210014.00093339727027;1.5163912792104383698e-08;
210347.35649043440935;1.4910559897884922975e-08;
210680.71204747154843;1.5008030374019654118e-08;
211014.06760450868751;1.460136989095417448e-08;
211347.42316154582659;1.4391303260197219061e-08;
211680.77871858296567;1.3951241939480496512e-08;
212014.13427562010475;1.4919624646836382453e-08;
212347.48983265724382;2.9636709086844348349e-08;
212680.8453896943829;1.4580940899122651899e-08;
213014.20094673152198;1.4510058043981644005e-08;
213347.55650376866106;1.462200760471432659e-08;
213680.91206080580014;1.4653919855334152089e-08;
214014.26761784293922;1.4509573986742907437e-08;
214347.6231748800783;1.4174120543941626238e-08;
214680.97873191721737;1.4738056997032344952e-08;
215014.33428895435645;1.5070936498773335188e-08;
215347.68984599149553;1.4219835975382011384e-08;
215681.04540302863461;1.3910470109124162263e-08;
216014.40096006577369;3.1761629770699073561e-08;
216347.75651710291277;1.3622305949922974833e-08;
216681.11207414005185;1.4984715690502525831e-08;
217014.46763117719092;1.4414681892560565757e-08;
217347.82318821433;1.4510924906119271327e-08;
217681.17874525146908;1.4276604787255564588e-08;
218014.53430228860816;1.3905143703141220612e-08;
218347.88985932574724;1.4165009609712342353e-08;
218681.24541636288632;1.4440585616171119909e-08;
219014.6009734000254;1.4541776671705974877e-08;
219347.95653043716447;1.3486723737798911316e-08;
219681.31208747430355;1.4227806488520400308e-08;
220014.66764451144263;1.4671667436516599992e-08;
220348.02320154858171;1.4463790165564205381e-08;
220681.37875858572079;1.4124854175179279991e-08;
221014.73431562285987;1.4378288781813353125e-08;
221348.08987265999895;1.3768222117960249307e-08;
221681.44542969713802;1.4840498607782137697e-08;
222014.8009867342771;1.3508277163509774255e-08;
222348.15654377141618;1.4338208842445965274e-08;
222681.51210080855526;1.3990609559755284863e-08;
223014.86765784569434;1.3837789580861681316e-08;
223348.22321488283342;1.4013337157336991368e-08;
223681.5787719199725;1.4783513968552597362e-08;
224014.93432895711157;1.4332340647627006547e-08;
224348.28988599425065;1.3829843048540624295e-08;
224681.64544303138973;1.4279840421238532144e-08;
225015.00100006852881;1.4114634794282210351e-08;
225348.35655710566789;1.3726634939814630343e-08;
225681.71211414280697;1.4713688045731032616e-08;
226015.06767117994605;1.4216863242211275065e-08;
226348.42322821708512;1.4201536835400929704e-08;
226681.7787852542242;1.3083030658833649795e-08;
227015.13434229136328;1.3945141041915576352e-08;
227348.48989932850236;1.4120884017643220432e-08;
227681.84545636564144;1.4062115916146922245e-08;
228015.20101340278052;1.322767761990917279e-08;
228348.5565704399196;1.3990854696999122098e-08;
228681.91212747705868;1.4440382223313008581e-08;
229015.26768451419775;1.4017548011224789661e-08;
229348.62324155133683;1.4418050753306488332e-08;
229681.97879858847591;1.3404878096423544775e-08;
230015.33435562561499;1.2971100638026200613e-08;
230348.68991266275407;1.371959523766008715e-08;
230682.04546969989315;1.4757461919145953289e-08;
231015.40102673703223;1.3445821345214881148e-08;
231348.7565837741713;1.3381820096469709824e-08;
231682.11214081131038;1.3735608206388860708e-08;
232015.46769784844946;1.4160208117175443476e-08;
232348.82325488558854;1.3993018299629511603e-08;
232682.17881192272762;1.3391320941025242064e-08;
233015.5343689598667;1.3588342895332061744e-08;
233348.88992599700578;1.3371926677052670129e-08;
233682.24548303414485;1.4551257976336273714e-08;
234015.60104007128393;1.3685966138154981309e-08;
234348.95659710842301;1.3547988508832986554e-08;
234682.31215414556209;1.2799521442730110721e-08;
235015.66771118270117;1.4253298985522633302e-08;
235349.02326821984025;1.3817603061738736869e-08;
235682.37882525697933;1.3437981394304188143e-08;
236015.7343822941184;1.3898770134801452514e-08;
236349.08993933125748;1.399314086825143022e-08;
236682.44549636839656;1.4352825594698970235e-08;
237015.80105340553564;1.4436298378939227405e-08;
237349.15661044267472;1.5480120296729182883e-08;
237682.5121674798138;1.5435585254408579203e-08;
238015.86772451695288;1.4816741611411998747e-08;
238349.22328155409195;1.4920543023322352383e-08;
238682.57883859123103;1.4810678017340705992e-08;
239015.93439562837011;1.4534932368803765712e-08;
239349.28995266550919;1.3889982497516939475e-08;
239682.64550970264827;1.4377480539451426012e-08;
240016.00106673978735;1.4287292238179816195e-08;
240349.35662377692643;1.4928119185242394451e-08;
240682.7121808140655;1.4911764267822036345e-08;
241016.06773785120458;1.5091416116774780676e-08;
241349.42329488834366;1.4705961781658061227e-08;
241682.77885192548274;1.4627787869869735005e-08;
242016.13440896262182;1.4586577279374068894e-08;
242349.4899659997609;1.4805214831881130522e-08;
242682.84552303689998;1.427555140764980024e-08;
243016.20108007403906;1.4649261359522824932e-08;
243349.55663711117813;1.4578097840001191798e-08;
243682.91219414831721;1.5021113242141836963e-08;
244016.26775118545629;1.4640976431223862164e-08;
244349.62330822259537;1.530116122694380465e-08;
244682.97886525973445;1.460655241203312471e-08;
245016.33442229687353;1.3868111992110243591e-08;
245349.68997933401261;1.422853124211087561e-08;
245683.04553637115168;1.340973021513036656e-08;
246016.40109340829076;1.3729649417371092568e-08;
246349.75665044542984;1.4108535673074129591e-08;
246683.11220748256892;1.4044587715034140274e-08;
247016.467764519708;1.3913084906391759432e-08;
247349.82332155684708;1.309178987440873243e-08;
247683.17887859398616;1.4331031472636368562e-08;
248016.53443563112523;1.314285480447097143e-08;
248349.88999266826431;1.3561776590620411298e-08;
248683.24554970540339;1.4212268695246166317e-08;
249016.60110674254247;1.3285152533626387594e-08;
249349.95666377968155;1.4395955538759608316e-08;
249683.31222081682063;1.6698740168408221507e-08;
250016.66777785395971;1.3869208892458573246e-08;
250350.02333489109878;1.3402758902714140277e-08;
250683.37889192823786;1.4013731508555338223e-08;
251016.73444896537694;1.3393909092940248229e-08;
251350.09000600251602;1.3260203601817011076e-08;
251683.4455630396551;1.4542313131471473753e-08;
252016.80112007679418;1.5564706856707744009e-08;
252350.15667711393326;1.2881630873096128198e-08;
252683.51223415107233;1.4381699386945001606e-08;
253016.86779118821141;1.3030207135500404547e-08;
253350.22334822535049;1.4232606204700459784e-08;
253683.57890526248957;1.2932170889712324424e-08;
254016.93446229962865;1.4145563831391427811e-08;
254350.29001933676773;1.4074621468296300009e-08;
254683.64557637390681;1.3752485372720002488e-08;
255017.00113341104588;1.4141662951772104861e-08;
255350.35669044818496;1.4434016648579017783e-08;
255683.71224748532404;1.3586409330912374571e-08;
256017.06780452246312;1.3449152014288756618e-08;
256350.4233615596022;1.2888692779711163894e-08;
256683.77891859674128;1.3311129976045776857e-08;
257017.13447563388036;1.3373289142748490121e-08;
257350.49003267101943;1.4264295522536940553e-08;
257683.84558970815851;1.3032198431517372228e-08;
258017.20114674529759;1.3947271781944436952e-08;
258350.55670378243667;1.3389297670585165179e-08;
258683.91226081957575;1.311015651594971132e-08;
259017.26781785671483;1.2805954519023998728e-08;
259350.62337489385391;1.3260436304562972509e-08;
259683.97893193099299;1.3812021748549341282e-08;
260017.33448896813206;1.3556702427308664483e-08;
260350.69004600527114;1.3525777831091545522e-08;
260684.04560304241022;1.3491865402670555341e-08;
261017.4011600795493;1.3899771111880454555e-08;
261350.75671711668838;1.4293970451717541437e-08;
261684.11227415382746;1.39568312462756694e-08;
262017.46783119096654;1.3527227338272496127e-08;
262350.82338822807651;1.4196373854247212876e-08;
262684.17894526518648;1.36107285442221837e-08;
263017.53450230229646;1.3866529258166337968e-08;
263350.89005933940643;1.3972482726387625007e-08;
263684.24561637651641;1.3122207320748202619e-08;
264017.60117341362638;1.402902771729941378e-08;
264350.95673045073636;1.3181908897763605637e-08;
264684.31228748784633;1.3485894179154911399e-08;
265017.66784452495631;1.2748873068346711079e-08;
265351.02340156206628;1.3452153169168923341e-08;
265684.37895859917626;1.3296569179033213004e-08;
266017.73451563628623;1.3494591222240615025e-08;
266351.09007267339621;1.4333624953621892928e-08;
266684.44562971050618;1.2734860277419102204e-08;
267017.80118674761616;1.37575355552144174e-08;
267351.15674378472613;1.3383230523800193623e-08;
267684.51230082183611;1.4442056439634143317e-08;
268017.86785785894608;1.3300144097172506008e-08;
268351.22341489605606;1.3889299488312190078e-08;
268684.57897193316603;1.3220661898571961501e-08;
269017.93452897027601;1.3921568786656735028e-08;
269351.29008600738598;1.3666793918787334405e-08;
269684.64564304449596;1.2387748604680837161e-08;
270018.00120008160593;1.2694520989953161916e-08;
270351.3567571187159;1.3441263213564980106e-08;
270684.71231415582588;1.3737442294825541467e-08;
271018.06787119293585;1.2975590379937784746e-08;
271351.42342823004583;1.4520767699366388115e-08;
271684.7789852671558;1.3017714906027322286e-08;
272018.13454230426578;1.3747074589787189325e-08;
272351.49009934137575;1.3576578972163133585e-08;
272684.84565637848573;1.3377166041550481168e-08;
273018.2012134155957;1.4313444651747886383e-08;
273351.55677045270568;1.3502321927205684915e-08;
273684.91232748981565;1.3635330198269457469e-08;
274018.26788452692563;1.4668574799259204156e-08;
274351.6234415640356;1.3964728040605223214e-08;
274684.97899860114558;1.3674214649483928952e-08;
275018.33455563825555;1.3526467057545232819e-08;
275351.69011267536553;1.2943353056016349001e-08;
275685.0456697124755;1.3656210384738187713e-08;
276018.40122674958548;1.3838373114083424298e-08;
276351.75678378669545;1.4117163438243096607e-08;
276685.11234082380543;1.4484971444517213968e-08;
277018.4678978609154;1.3487955641267035389e-08;
277351.82345489802537;1.2906887114638720959e-08;
277685.17901193513535;1.3847930802057817345e-08;
278018.53456897224532;1.3868234560732162208e-08;
278351.8901260093553;1.3885420813153359632e-08;
278685.24568304646527;1.3568186574275387102e-08;
279018.60124008357525;1.3579036561850443832e-08;
279351.95679712068522;1.2631299561860487302e-08;
279685.3123541577952;1.2856061992749800993e-08;
280018.66791119490517;1.3584881664030490356e-08;
280352.02346823201515;1.3109396235222448013e-08;
280685.37902526912512;1.3349347405267053546e-08;
281018.7345823062351;1.3501468387744353095e-08;
281352.09013934334507;1.3523306918727939774e-08;
281685.44569638045505;1.3838349133266092394e-08;
282018.80125341756502;1.3343790961073409562e-08;
282352.156810454675;1.3809837717815298674e-08;
282685.51236749178497;1.3460450531965761911e-08;
283018.86792452889495;1.5063102765111580084e-08;
283352.22348156600492;2.9289154213074652944e-08;
283685.5790386031149;1.2989844755395552056e-08;
284018.93459564022487;1.3918120878031459142e-08;
284352.29015267733485;1.434611984763023429e-08;
284685.64570971444482;1.3328843806448276155e-08;
285019.00126675155479;1.3219291439270364208e-08;
285352.35682378866477;1.3579775526295634336e-08;
285685.71238082577474;1.298320562170829362e-08;
286019.06793786288472;1.4096099398841488437e-08;
286352.42349489999469;1.3990978153799460415e-08;
286685.77905193710467;1.3555369271500694595e-08;
287019.13460897421464;1.5052732393883161421e-08;
287352.49016601132462;1.4214165844350645784e-08;
287685.84572304843459;1.3845230739661928965e-08;
288019.20128008554457;3.2605750988068393781e-08;
288352.55683712265454;1.3797616382760224951e-08;
288685.91239415976452;1.4210770338252132206e-08;
289019.26795119687449;1.3047912972297126544e-08;
289352.62350823398447;1.3751228600256126811e-08;
289685.97906527109444;1.3659256836717759143e-08;
290019.33462230820442;1.4571926776341115328e-08;
290352.69017934531439;1.3704973156336563989e-08;
290686.04573638242437;1.3870280923811151297e-08;
291019.40129341953434;1.4164686312767571508e-08;
291352.75685045664432;1.4172900186792958266e-08;
291686.11240749375429;1.3849560609457967075e-08;
292019.46796453086426;1.4493957145589320135e-08;
292352.82352156797424;1.4701466710675958893e-08;
292686.17907860508421;1.3725212077986270742e-08;
293019.53463564219419;1.360413026674223147e-08;
293352.89019267930416;1.4562765215941908536e-08;
293686.24574971641414;1.4334304410112963524e-08;
294019.60130675352411;1.3814084098839884973e-08;
294352.95686379063409;1.4013534332946164795e-08;
294686.31242082774406;1.3239394469621856842e-08;
295019.66797786485404;1.4201885889519871853e-08;
295353.02353490196401;1.4278359827812892036e-08;
295686.37909193907399;1.4915956469963020936e-08;
296019.73464897618396;1.3804380749604661105e-08;
296353.09020601329394;1.5089455018824082799e-08;
296686.44576305040391;1.3433496981463122211e-08;
297019.80132008751389;1.4584168539499842154e-08;
297353.15687712462386;1.3992305092358492402e-08;
297686.51243416173384;1.4352875332690473442e-08;
298019.86799119884381;1.3629128048364691494e-08;
298353.22354823595379;1.3271972854056457436e-08;
298686.57910527306376;1.478860500725431848e-08;
299019.93466231017374;1.4249393665011211851e-08;
299353.29021934728371;1.4662546732324699406e-08;
299686.64577638439368;1.3990462122137614642e-08;
300020.00133342150366;1.4352496968683681189e-08;
300353.35689045861363;1.379810132817738122e-08;
300686.71244749572361;1.3636072715428326774e-08;
301020.06800453283358;1.4438580997477856727e-08;
301353.42356156994356;1.4377556034617100522e-08;
301686.77911860705353;1.5927613006283536379e-08;
302020.13467564416351;1.5471936620770065929e-08;
302353.49023268127348;1.433349883228629551e-08;
302686.84578971838346;1.431789620198742341e-08;
303020.20134675549343;1.3978153745597410307e-08;
303353.55690379260341;1.4221409827541720006e-08;
303686.91246082971338;1.4196797515353409835e-08;
304020.26801786682336;1.4259935454674632638e-08;
304353.62357490393333;1.4155183691855199868e-08;
304686.97913194104331;1.4360492350817821716e-08;
305020.33468897815328;1.4929378622241529229e-08;
305353.69024601526326;1.4613687149278575816e-08;
305687.04580305237323;1.5002942888031611801e-08;
306020.40136008948321;1.4575920914694506791e-08;
306353.75691712659318;1.4587935304177790385e-08;
306687.11247416370315;1.4220410626819557365e-08;
307020.46803120081313;1.4742147946833483729e-08;
307353.8235882379231;1.3811852106471178558e-08;
307687.17914527503308;1.5168442502044854336e-08;
308020.53470231214305;1.4689359062458606786e-08;
308353.89025934925303;1.3994616132606552128e-08;
308687.245816386363;1.4677158155507186166e-08;
309020.60137342347298;1.4350228560999767069e-08;
309353.95693046058295;1.4794658831362994533e-08;
309687.31248749769293;1.45305918408666912e-08;
310020.6680445348029;1.4396081660095205734e-08;
310354.02360157191288;1.5314393309040497115e-08;
310687.37915860902285;1.4853461571817661024e-08;
311020.73471564613283;1.4970479966791572224e-08;
311354.0902726832428;1.4322424135571054649e-08;
311687.44582972035278;1.366753821230304311e-08;
312020.80138675746275;1.4161700256920539687e-08;
312354.15694379457273;1.5100246386623439321e-08;
312687.5125008316827;1.5496743444032290427e-08;
313020.86805786879268;1.4165880912742068176e-08;
313354.22361490590265;1.418229000904602799e-08;
313687.57917194301262;1.4951792692841081589e-08;
314020.9347289801226;1.4562253625172161264e-08;
314354.29028601723257;1.38873232913283573e-08;
314687.64584305434255;1.5146634169127537461e-08;
315021.00140009145252;1.5028556177298924013e-08;
315354.3569571285625;1.4928094316246642848e-08;
315687.71251416567247;1.4495026512406639085e-08;
316021.06807120278245;1.4406935200383941265e-08;
316354.42362823989242;1.4314022855899111164e-08;
316687.7791852770024;1.4978319029523845529e-08;
317021.13474231411237;1.5370238415357562189e-08;
317354.49029935122235;1.4868551723168366152e-08;
317687.84585638833232;1.5004760101078318257e-08;
318021.2014134254423;1.5823031773720686033e-08;
318354.55697046255227;1.5112693318997116876e-08;
318687.91252749966225;1.5418999410599099065e-08;
319021.26808453677222;1.5416100396237197856e-08;
319354.6236415738822;1.549081041218869359e-08;
319687.97919861099217;1.554634287970202422e-08;
320021.33475564810215;1.5697253274993272498e-08;
320354.69031268521212;1.6326520579923453624e-08;
320688.0458697223221;1.5049375079456694948e-08;
321021.40142675943207;1.4864530051283963985e-08;
321354.75698379654204;1.4562816730290251144e-08;
321688.11254083365202;1.4931739400481092161e-08;
322021.46809787076199;1.4385337365752093319e-08;
322354.82365490787197;1.5453192503400714486e-08;
322688.17921194498194;1.6228126398232234351e-08;
323021.53476898209192;1.5504395989296426706e-08;
323354.89032601920189;1.4921774038612056756e-08;
323688.24588305631187;1.6087225773731006484e-08;
324021.60144009342184;1.5559239230356070038e-08;
324354.95699713053182;1.6613709519219810318e-08;
324688.31255416764179;1.6685836712326818088e-08;
325021.66811120475177;1.5256391705520400137e-08;
325355.02366824186174;1.5433062827696630848e-08;
325688.37922527897172;1.5087705307337273553e-08;
326021.73478231608169;1.6366609401075038477e-08;
326355.09033935319167;1.5470577707787924737e-08;
326688.44589639030164;1.5652890539286090643e-08;
327021.80145342741162;1.578180608419188502e-08;
327355.15701046452159;1.6459134499768879323e-08;
327688.51256750163157;1.5800475594573981653e-08;
328021.86812453874154;1.7267396401621226687e-08;
328355.22368157585151;1.6493201471234897326e-08;
328688.57923861296149;1.6091917132143862545e-08;
329021.93479565007146;1.5820640797414853296e-08;
329355.29035268718144;1.6356750620616367087e-08;
329688.64590972429141;1.6543200587193496176e-08;
330022.00146676140139;1.5835878386383228644e-08;
330355.35702379851136;1.6165614624696900137e-08;
330688.71258083562134;1.5939061626113470993e-08;
331022.06813787273131;1.6032323912895662943e-08;
331355.42369490984129;1.7643605687567287532e-08;
331688.77925194695126;1.6974185612639303145e-08;
332022.13480898406124;1.6247895473497919738e-08;
332355.49036602117121;1.6414984926882425498e-08;
332688.84592305828119;1.5599827207779526361e-08;
333022.20148009539116;1.6941982039497816004e-08;
333355.55703713250114;1.7156940756990479713e-08;
333688.91259416961111;1.6631025445690283959e-08;
334022.26815120672109;1.714862385426840774e-08;
334355.62370824383106;1.6717290662882078323e-08;
334688.97926528094104;1.6821664061694718839e-08;
335022.33482231805101;1.6853551443318792735e-08;
335355.69037935516099;1.7589139034157597052e-08;
335689.04593639227096;1.6858081153259263374e-08;
336022.40149342938093;1.7157542941959036398e-08;
336355.75705046649091;1.7179168310121895047e-08;
336689.11260750360088;1.716088959824446647e-08;
337022.46816454071086;1.6764021282256180712e-08;
337355.82372157782083;1.7714073763386295468e-08;
337689.17927861493081;1.7296450494086457184e-08;
338022.53483565204078;1.7807897378929737897e-08;
338355.89039268915076;1.6752951026433038351e-08;
338689.24594972626073;1.8199143525521321862e-08;
339022.60150676337071;1.746947297931455978e-08;
339355.95706380048068;1.7361871940124729008e-08;
339689.31262083759066;1.5618638826708775014e-08;
340022.66817787470063;1.7874874913559324341e-08;
340356.02373491181061;1.7576413213760133658e-08;
340689.37929194892058;1.7026929199914775381e-08;
341022.73484898603056;1.7718152278689558443e-08;
341356.09040602314053;1.897728552080479858e-08;
341689.44596306025051;1.8094644005373083928e-08;
342022.80152009736048;1.8212736208056412579e-08;
342356.15707713447046;1.7249387695983386948e-08;
342689.51263417158043;1.7793105655528052012e-08;
343022.8681912086904;1.6909007527488029154e-08;
343356.22374824580038;1.759501166986865428e-08;
343689.57930528291035;1.8593530271004965471e-08;
344022.93486232002033;1.8426328907139577495e-08;
344356.2904193571303;1.8363186526926256192e-08;
344689.64597639424028;1.7562616250188511913e-08;
345023.00153343135025;1.9445261401074276364e-08;
345356.35709046846023;1.764543533511186979e-08;
345689.7126475055702;1.8034095106145286991e-08;
346023.06820454268018;1.9689386121513052785e-08;
346356.42376157979015;1.9058939315641509893e-08;
346689.77931861690013;1.9291535480192578689e-08;
347023.1348756540101;1.9103554294019886584e-08;
347356.49043269112008;1.9113189253516793542e-08;
347689.84598972823005;1.9111979554509161972e-08;
348023.20154676534003;1.8145415836556821887e-08;
348356.55710380245;1.8725271999642245646e-08;
348689.91266083955998;1.9220294689148431644e-08;
349023.26821787666995;1.9973173337461957999e-08;
349356.62377491377993;1.9255308458809849981e-08;
349689.9793319508899;1.9423580965849396307e-08;
350023.33488898799988;1.7985877676096606592e-08;
350356.69044602510985;1.858657405762187409e-08;
350690.04600306221982;1.9745325374742606073e-08;
351023.4015600993298;1.9317919708328190609e-08;
351356.75711713643977;1.7833443166637152899e-08;
351690.11267417354975;2.0010540779935581668e-08;
352023.46823121065972;2.3035788387915090425e-08;
352356.8237882477697;1.9187302413570250792e-08;
352690.17934528487967;1.9606375190051039681e-08;
353023.53490232198965;1.964523121955608076e-08;
353356.89045935909962;2.0669306266540843353e-08;
353690.2460163962096;2.0604847605909526465e-08;
354023.60157343331957;1.9844920373657259915e-08;
354356.95713047042955;2.0506085718352551339e-08;
354690.31268750753952;1.9960404884500348999e-08;
355023.6682445446495;2.0717109805445943493e-08;
355357.02380158175947;2.0465202865693754575e-08;
355690.37935861886945;2.0543332368561095791e-08;
356023.73491565597942;2.0647823006925136724e-08;
356357.0904726930894;2.0558495350542216329e-08;
356690.44602973019937;2.0946160361745569389e-08;
357023.80158676730935;1.9876461365697650763e-08;
357357.15714380441932;2.0476495166121821967e-08;
357690.51270084152929;2.0590482208149296639e-08;
358023.86825787863927;2.0078044116189630586e-08;
358357.22381491574924;2.046516733855696657e-08;
358690.57937195285922;2.2092009999141737353e-08;
359023.93492898996919;2.2158667789540231752e-08;
359357.29048602707917;2.0479877349544040044e-08;
359690.64604306418914;2.0799999944642877381e-08;
360024.00160010129912;2.1740579114748470602e-08;
360357.35715713840909;2.1455976551010280673e-08;
360690.71271417551907;2.2464032412017331808e-08;
361024.06827121262904;2.1958134865940337477e-08;
361357.42382824973902;2.1232986924246688432e-08;
361690.77938528684899;2.1512930103995131503e-08;
362024.13494232395897;2.1612061473774701881e-08;
362357.49049936106894;2.2604009330962071544e-08;
362690.84605639817892;2.288674494366205181e-08;
363024.20161343528889;2.2788251285987826122e-08;
363357.55717047239887;2.2061332316525295028e-08;
363690.91272750950884;2.1666991756319475826e-08;
364024.26828454661882;2.1796793703288130928e-08;
364357.62384158372879;2.0217106211362079193e-08;
364690.97939862083877;2.2474058170018906821e-08;
365024.33495565794874;2.2071333205531118438e-08;
365357.69051269505871;2.3313438290983867773e-08;
365691.04606973216869;2.2820380252142058453e-08;
366024.40162676927866;2.3559561412866969476e-08;
366357.75718380638864;2.2259641241362260189e-08;
366691.11274084349861;2.3272601623602895415e-08;
367024.46829788060859;2.3473011978580871073e-08;
367357.82385491771856;2.3566805396058043698e-08;
367691.17941195482854;2.2248146436254501168e-08;
368024.53496899193851;2.3095434897868472035e-08;
368357.89052602904849;2.2478085170973827189e-08;
368691.24608306615846;2.5288439786663730047e-08;
369024.60164010326844;2.2809880206864363572e-08;
369357.95719714037841;2.3573264229526103009e-08;
369691.31275417748839;2.3127508796960682957e-08;
370024.66831121459836;2.3500822621258521394e-08;
370358.02386825170834;2.478420135787473555e-08;
370691.37942528881831;2.4158140377039671876e-08;
371024.73498232592829;2.3870345700061079697e-08;
371358.09053936303826;2.3293093676102216705e-08;
371691.44609640014824;2.2615289196892263135e-08;
372024.80165343725821;2.2229354357250485918e-08;
372358.15721047436818;2.2942980848483784939e-08;
372691.51276751147816;2.3658436987261666218e-08;
373024.86832454858813;2.3899382028957916191e-08;
373358.22388158569811;2.3466663279236854578e-08;
373691.57943862280808;2.367710472128692345e-08;
374024.93499565991806;2.311873537053088512e-08;
374358.29055269702803;2.3691335115927358856e-08;
374691.64610973413801;2.3760023282193287741e-08;
375025.00166677124798;2.4157843725447492034e-08;
375358.35722380835796;2.3099817170191272453e-08;
375691.71278084546793;2.2323158432868694945e-08;
376025.06833788257791;2.3343478261494965409e-08;
376358.42389491968788;2.5264284886361565441e-08;
376691.77945195679786;2.4965110867469775258e-08;
377025.13500899390783;2.3459202580511373526e-08;
377358.49056603101781;2.4357916572625981644e-08;
377691.84612306812778;2.629776396645411296e-08;
378025.20168010523776;2.4892065297876797558e-08;
378358.55723714234773;2.3511310232038340473e-08;
378691.91279417945771;2.6070486214280208515e-08;
379025.26835121656768;2.4656223729380144505e-08;
379358.62390825367766;2.4976429813250433654e-08;
379691.97946529078763;2.5830058092424224014e-08;
380025.3350223278976;2.5780826362620246073e-08;
380358.69057936500758;2.5084247567974671256e-08;
380692.04613640211755;2.487051631305803312e-08;
381025.40169343922753;2.4331658465825967141e-08;
381358.7572504763375;2.6392592999968655931e-08;
381692.11280751344748;2.3464437504117086064e-08;
382025.46836455055745;4.5412264171318383887e-08;
382358.82392158766743;2.5415726412347794394e-08;
382692.1794786247774;2.4929963871045401902e-08;
383025.53503566188738;2.5661041291868968983e-08;
383358.89059269899735;2.5805475090123763948e-08;
383692.24614973610733;2.5479833354324910033e-08;
384025.6017067732173;2.706386581508013478e-08;
384358.95726381032728;2.4129892750579529093e-08;
384692.31282084743725;2.5442126627694960916e-08;
385025.66837788454723;2.6161186994499985303e-08;
385359.0239349216572;2.5489683252999384422e-08;
385692.37949195876718;2.5903945655159077432e-08;
386025.73504899587715;2.6074653547425441502e-08;
386359.09060603298713;2.6307835909733512381e-08;
386692.4461630700971;2.6951324727519931912e-08;
387025.80172010720707;2.6664382701824251853e-08;
387359.15727714431705;2.5937186620694774319e-08;
387692.51283418142702;2.4916214869108443963e-08;
388025.868391218537;2.5097779854377222364e-08;
388359.22394825564697;2.6504103800562006654e-08;
388692.57950529275695;2.7116023204598604934e-08;
389025.93506232986692;2.7486516174235475773e-08;
389359.2906193669769;2.5124601066295326746e-08;
389692.64617640408687;2.4747308202677231748e-08;
390026.00173344119685;2.6561995269958060817e-08;
390359.35729047830682;2.5938007297554577235e-08;
390692.7128475154168;2.639059992759484885e-08;
391026.06840455252677;2.6411703046846923826e-08;
391359.42396158963675;2.6540492470417120785e-08;
391692.77951862674672;2.6327114710511523299e-08;
392026.1350756638567;2.6063158742317682481e-08;
392359.49063270096667;2.5694285810118344671e-08;
392692.84618973807665;2.5227384625736704038e-08;
393026.20174677518662;2.7127171620122680906e-08;
393359.5573038122966;2.6890129234402593283e-08;
393692.91286084940657;2.5833324812651881075e-08;
394026.26841788651654;2.6121096396991561051e-08;
394359.62397492362652;2.579314717365832621e-08;
394692.97953196073649;2.6331786528999145958e-08;
395026.33508899784647;2.7096547228211420588e-08;
395359.69064603495644;2.7575943306601402583e-08;
395693.04620307206642;2.5562371774867642671e-08;
396026.40176010917639;2.6981927803149119427e-08;
396359.75731714628637;2.4792781161409038759e-08;
396693.11287418339634;2.4870779213870264357e-08;
397026.46843122050632;2.5895801059050427284e-08;
397359.82398825761629;2.6819975573744159192e-08;
397693.17954529472627;2.7420540504863311071e-08;
398026.53510233183624;2.6623988347296290158e-08;
398359.89065936894622;2.6985103929177967075e-08;
398693.24621640605619;2.7360536947185210011e-08;
399026.60177344316617;2.6659231266989991127e-08;
399359.95733048027614;2.5904537181986597716e-08;
399693.31288751738612;2.6483997217496835219e-08;
400026.66844455449609;2.5026807293215824757e-08;
400360.02400159160607;2.6890411675140057923e-08;
400693.37955862871604;2.5290750826911789773e-08;
401026.73511566582602;2.5804432368659036001e-08;
401360.09067270293599;2.6491955296137348341e-08;
401693.44622974004596;2.5444004236874206981e-08;
402026.80178677715594;2.6900901062276716402e-08;
402360.15734381426591;2.6233303529465956672e-08;
402693.51290085137589;2.5776840217872631911e-08;
403026.86845788848586;2.6494932470200183161e-08;
403360.22401492559584;2.5481980969743744936e-08;
403693.57957196270581;2.6919622087007155642e-08;
404026.93512899981579;2.7163080673631156969e-08;
404360.29068603692576;2.6374239681103972543e-08;
404693.64624307403574;2.7107022404493363865e-08;
405027.00180011114571;2.5753756460744625656e-08;
405360.35735714825569;2.604137350203927781e-08;
405693.71291418536566;2.5172314011001617473e-08;
406027.06847122247564;2.5948443393986053707e-08;
406360.42402825958561;2.7175298455972551892e-08;
406693.77958529669559;2.6186430801544702263e-08;
407027.13514233380556;2.7823920945024838147e-08;
407360.49069937091554;2.6053134760672946868e-08;
407693.84625640802551;2.5848033047282115149e-08;
408027.20181344513549;2.6612813286419623182e-08;
408360.55737048224546;2.575045421338018059e-08;
408693.91292751935543;2.560286382902177138e-08;
409027.26848455646541;2.7473820551904282183e-08;
409360.62404159357538;2.5896937927427643444e-08;
409693.97959863068536;2.5415502591386029962e-08;
410027.33515566779533;2.5224283106695111201e-08;
410360.69071270490531;2.9126706380111500039e-08;
410694.04626974201528;2.5852756380118080415e-08;
411027.40182677912526;2.6191077751036573318e-08;
411360.75738381623523;2.518257602446283272e-08;
411694.11294085334521;2.5009182280655295472e-08;
412027.46849789045518;2.6590848634100439085e-08;
412360.82405492756516;2.5677231008103262866e-08;
412694.17961196467513;2.6760535121184148011e-08;
413027.53516900178511;2.6065814395792585856e-08;
413360.89072603889508;2.6061419688971909636e-08;
413694.24628307600506;2.5236605694090030738e-08;
414027.60184011311503;2.6426880239682759566e-08;
414360.95739715022501;2.6114902240692572377e-08;
414694.31295418733498;2.3886789435323407815e-08;
415027.66851122444496;2.5905993794594905921e-08;
415361.02406826155493;2.6662743124461485422e-08;
415694.37962529866491;2.6166658173565338075e-08;
416027.73518233577488;2.5112862900300569891e-08;
416361.09073937288485;2.4438023160655575339e-08;
416694.44629640999483;2.5662348690502767568e-08;
417027.8018534471048;2.5919286272824137995e-08;
417361.15741048421478;2.5482608023708053224e-08;
417694.51296752132475;2.5987446861108765006e-08;
418027.86852455843473;2.5466766473414281791e-08;
418361.2240815955447;2.7028562499253894202e-08;
418694.57963863265468;2.51171865528476701e-08;
419027.93519566976465;2.5219586419211736938e-08;
419361.29075270687463;2.3903748314069162006e-08;
419694.6463097439846;2.5165858730247236963e-08;
420028.00186678109458;2.4792301545062400692e-08;
420361.35742381820455;2.515661989832551626e-08;
420694.71298085531453;2.4891541272609174484e-08;
421028.0685378924245;2.5097161682197111077e-08;
421361.42409492953448;2.4170068613216244557e-08;
421694.77965196664445;2.4456491942714819743e-08;
422028.13520900375443;2.4604387860449605796e-08;
422361.4907660408644;2.4268180354169999191e-08;
422694.84632307797438;2.5366437839124955644e-08;
423028.20188011508435;2.4852566227195893589e-08;
423361.55743715219432;2.5736570208323428233e-08;
423694.9129941893043;2.4802538689527864335e-08;
424028.26855122641427;2.5151273064238921506e-08;
424361.62410826352425;2.5467885578223103948e-08;
424694.97966530063422;2.3729155529395029589e-08;
425028.3352223377442;2.5832690653260215186e-08;
425361.69077937485417;2.4574884349704007036e-08;
425695.04633641196415;2.5494070854392703041e-08;
426028.40189344907412;2.450689606803280185e-08;
426361.7574504861841;2.5663476677095786727e-08;
426695.11300752329407;2.4197852610541303875e-08;
427028.46856456040405;2.3715569952287296474e-08;
427361.82412159751402;2.2692814738434208266e-08;
427695.179678634624;2.3226080614335842256e-08;
428028.53523567173397;2.3365798185182029556e-08;
428361.89079270884395;2.3669119997293819324e-08;
428695.24634974595392;2.2766924345773986715e-08;
429028.6019067830639;2.2019824186259029375e-08;
429361.95746382017387;2.2796220022769375646e-08;
429695.31302085728385;2.3787503522498809616e-08;
430028.66857789439382;2.3019810058144685172e-08;
430362.0241349315038;2.3321918618535164569e-08;
430695.37969196861377;2.3729571196895449248e-08;
431028.73524900572374;2.5231418732118982007e-08;
431362.09080604283372;2.2551930101144535001e-08;
431695.44636307994369;2.385370478918957815e-08;
432028.80192011705367;2.2563027002320268366e-08;
432362.15747715416364;2.4512106122642762784e-08;
432695.51303419127362;2.3127915582676905615e-08;
433028.86859122838359;2.429902323797250574e-08;
433362.22414826549357;2.3528622605795135314e-08;
433695.57970530260354;2.3971832519009694806e-08;
434028.93526233971352;2.4110697438572969986e-08;
434362.29081937682349;2.3371462987142876955e-08;
434695.64637641393347;2.2928274390210390266e-08;
435029.00193345104344;2.4172276624767619069e-08;
435362.35749048815342;2.4443821189379377756e-08;
435695.71304752526339;2.4029173317785534891e-08;
436029.06860456237337;2.2509263786218980385e-08;
436362.42416159948334;2.3658852654762085876e-08;
436695.77971863659332;2.1560790486319092452e-08;
437029.13527567370329;2.186475178689306631e-08;
437362.49083271081327;2.1815335315977790742e-08;
437695.84638974792324;2.1224632718030989054e-08;
438029.20194678503321;2.2979486757890299486e-08;
438362.55750382214319;2.227978868063473783e-08;
438695.91306085925316;2.3487572775593434926e-08;
439029.26861789636314;2.2530587173719140992e-08;
439362.62417493347311;2.4099179540826298762e-08;
439695.97973197058309;2.2959108392228699813e-08;
440029.33528900769306;2.3286137462719125324e-08;
440362.69084604480304;2.2853800629718534765e-08;
440696.04640308191301;2.1733667310286364227e-08;
441029.40196011902299;2.4327341918706224533e-08;
441362.75751715613296;2.218581762747362518e-08;
441696.11307419324294;2.3051617503710986057e-08;
442029.46863123035291;2.2752290718131007452e-08;
442362.82418826746289;2.275093180514886626e-08;
442696.17974530457286;2.2349290418333112029e-08;
443029.53530234168284;2.1458728127754511661e-08;
443362.89085937879281;2.2716985625947927474e-08;
443696.24641641590279;2.250823527560896764e-08;
444029.60197345301276;2.1885503187490940036e-08;
444362.95753049012274;2.2267032662171004631e-08;
444696.31308752723271;2.2694170098702670657e-08;
445029.66864456434269;2.1901465530049790686e-08;
445363.02420160145266;2.3810079241570747399e-08;
445696.37975863856263;2.331802662070003862e-08;
446029.73531567567261;2.3901524315306232893e-08;
446363.09087271278258;2.1627139190627531207e-08;
446696.44642974989256;2.3578772712085083185e-08;
447029.80198678700253;2.3474580501670061494e-08;
447363.15754382411251;2.2022726753334609384e-08;
447696.51310086122248;2.1983183273732720409e-08;
448029.86865789833246;2.1413915973766961542e-08;
448363.22421493544243;2.1787453619026564411e-08;
448696.57977197255241;2.139240962151234271e-08;
449029.93532900966238;2.1563138830060779583e-08;
449363.29088604677236;2.1880198985968490888e-08;
449696.64644308388233;2.4000611276164818264e-08;
450030.00200012099231;2.2378559449975909956e-08;
450363.35755715810228;2.2256903875472744403e-08;
450696.71311419521226;2.2317786729786348587e-08;
451030.06867123232223;2.186248515556599159e-08;
451363.42422826943221;2.1644167347290022008e-08;
451696.77978530654218;2.1558291152246056299e-08;
452030.13534234365216;2.2021295009722052782e-08;
452363.49089938076213;2.2551217782051935501e-08;
452696.8464564178721;2.234383345012247446e-08;
453030.20201345498208;2.1871320754485168436e-08;
453363.55757049209205;2.1335138100653239235e-08;
453696.91312752920203;2.1698035368444834603e-08;
454030.268684566312;2.1103687686263583601e-08;
454363.62424160342198;2.0912297671316082415e-08;
454696.97979864053195;2.1614452450080534618e-08;
455030.33535567764193;2.0780715814794348262e-08;
455363.6909127147519;2.054076908564184123e-08;
455697.04646975186188;2.0282916679548179673e-08;
456030.40202678897185;2.1826988216844256385e-08;
456363.75758382608183;2.2572145041976909852e-08;
456697.1131408631918;2.0325899185991147533e-08;
457030.46869790030178;2.2024080337246232375e-08;
457363.82425493741175;2.152623679307907878e-08;
457697.17981197452173;2.1107098291395232081e-08;
458030.5353690116317;2.1196351340790897666e-08;
458363.89092604874168;2.0599273398147488479e-08;
458697.24648308585165;2.1238395930822662194e-08;
459030.60204012296163;2.0327005856302093889e-08;
459363.9575971600716;2.1273347527994701522e-08;
459697.31315419718158;2.0909983078354343888e-08;
460030.66871123429155;2.0096463160257371783e-08;
460364.02426827140152;2.141673682842792914e-08;
460697.3798253085115;2.1733857380468180054e-08;
461030.73538234562147;1.9986545751748963085e-08;
461364.09093938273145;2.1047448228728171671e-08;
461697.44649641984142;2.0122994826010653924e-08;
462030.8020534569514;2.1257358540083259868e-08;
462364.15761049406137;2.0492977981234616891e-08;
462697.51316753117135;2.1094422208989271894e-08;
463030.86872456828132;2.1259859650513135421e-08;
463364.2242816053913;2.083594985435865965e-08;
463697.57983864250127;2.1020953866468516935e-08;
464030.93539567961125;1.9980577192768578243e-08;
464364.29095271672122;2.1061243415942954016e-08;
464697.6465097538312;2.0871961936563820927e-08;
465031.00206679094117;2.1330714972123132611e-08;
465364.35762382805115;2.0636182540556546883e-08;
465697.71318086516112;2.1274356498679480865e-08;
466031.0687379022711;1.9832340214520627342e-08;
466364.42429493938107;1.9138321150080628286e-08;
466697.77985197649105;2.0291327729182739859e-08;
467031.13540901360102;2.1173761410864244681e-08;
467364.49096605071099;2.011899979947884276e-08;
467697.84652308782097;2.0064151229348681227e-08;
468031.20208012493094;2.0284804946868462139e-08;
468364.55763716204092;2.035148050083535054e-08;
468697.91319419915089;2.1049519460802912363e-08;
469031.26875123626087;2.0392100452681916067e-08;
469364.62430827337084;2.0616035101284069242e-08;
469697.97986531048082;2.0328826622062479146e-08;
470031.33542234759079;2.0478870155216100102e-08;
470364.69097938470077;2.0699575387084223621e-08;
470698.04653642181074;2.1039463504735067545e-08;
471031.40209345892072;2.0404643308324921236e-08;
471364.75765049603069;2.0091169616875959036e-08;
471698.11320753314067;1.9806748241535387933e-08;
472031.46876457025064;1.9190300903915158415e-08;
472364.82432160736062;1.9941374773679854115e-08;
472698.17987864447059;2.0277573398175263719e-08;
473031.53543568158057;1.90909066333233568e-08;
473364.89099271869054;1.9446149579493976489e-08;
473698.24654975580052;1.9287707431203671149e-08;
474031.60210679291049;1.9172981424731005973e-08;
474364.95766383002046;1.9166986220398030127e-08;
474698.31322086713044;2.0499458130984749005e-08;
475031.66877790424041;2.0732038308324263198e-08;
475365.02433494135039;1.9559999842044817342e-08;
475698.37989197846036;1.9266778394921857398e-08;
476031.73544901557034;2.0391706101463569212e-08;
476365.09100605268031;1.8858674621924365056e-08;
476698.44656308979029;1.968260754381390143e-08;
477031.80212012690026;2.0533734712557816238e-08;
477365.15767716401024;1.9350254731875793368e-08;
477698.51323420112021;1.9487631064407651138e-08;
478031.86879123823019;1.9565121078812808264e-08;
478365.22434827534016;1.9414915897186801885e-08;
478698.57990531245014;1.924225578875393694e-08;
479031.93546234956011;1.9940918249972128251e-08;
479365.29101938667009;2.0973997649775810714e-08;
479698.64657642378006;2.0002351774905946513e-08;
480032.00213346089004;1.9427130126814518007e-08;
480365.35769049800001;1.8986021643740969012e-08;
480698.71324753510999;1.9109092974645136565e-08;
481032.06880457221996;1.9061717537738331885e-08;
481365.42436160932994;1.9004609441708453232e-08;
481698.77991864643991;1.9092684766519596451e-08;
482032.13547568354988;2.0364570474384890986e-08;
482365.49103272065986;1.9398177286689133325e-08;
482698.84658975776983;1.7538722474341739144e-08;
483032.20214679487981;1.9658591199345210043e-08;
483365.55770383198978;1.9188718169971252792e-08;
483698.91326086909976;2.0549324020180392836e-08;
484032.26881790620973;1.9368586734458403953e-08;
484365.62437494331971;1.9247563542990064889e-08;
484698.97993198042968;1.9069823053996515227e-08;
485032.33548901753966;1.9718184418593409646e-08;
485365.69104605464963;1.9797669281729213253e-08;
485699.04660309175961;1.7992608292161094141e-08;
486032.40216012886958;1.8686067804196682118e-08;
486365.75771716597956;1.9407890405886973895e-08;
486699.11327420308953;1.940608385098130384e-08;
487032.46883124019951;1.9968261710801016307e-08;
487365.82438827730948;1.7878832636597508099e-08;
487699.17994531441946;1.8551050473547547881e-08;
488032.53550235152943;1.9520729921396196005e-08;
488365.89105938863941;1.9826766006758589356e-08;
488699.24661642574938;1.9983666277312295279e-08;
489032.60217346285935;1.8826368020086192701e-08;
489365.95773049996933;1.9172443188608667697e-08;
489699.3132875370793;1.9510238757902698126e-08;
490032.66884457418928;2.0097134623142665077e-08;
490366.02440161129925;1.9203151069291379827e-08;
490699.37995864840923;1.8617946295762521913e-08;
491032.7355156855192;1.8033176729659317061e-08;
491366.09107272262918;1.8618960595517819456e-08;
491699.44662975973915;1.8504506371641582518e-08;
492032.80218679684913;1.8565884829513379373e-08;
492366.1577438339591;1.7955381181877783092e-08;
492699.51330087106908;1.9133917561475755065e-08;
493032.86885790817905;1.8335077456299586629e-08;
493366.22441494528903;1.924593995283885306e-08;
493699.579971982399;1.8913583588187066198e-08;
494032.93552901950898;1.995034359936198598e-08;
494366.29108605661895;2.0171484038655762561e-08;
494699.64664309372893;1.9026757058782095555e-08;
495033.0022001308389;1.8872858831286976056e-08;
495366.35775716794888;1.7841527366613263439e-08;
495699.71331420505885;1.9171432441567048954e-08;
496033.06887124216883;1.9488966884750880126e-08;
496366.4244282792788;1.7743849056728322466e-08;
496699.77998531638877;1.8444142213525083207e-08;
497033.13554235349875;1.941849703257503279e-08;
497366.49109939060872;1.7999310486516151286e-08;
497699.8466564277187;1.8323325079450114572e-08;
498033.20221346482867;1.8107394694766298926e-08;
498366.55777050193865;1.7933849960627412656e-08;
498699.91332753904862;1.955488038163366582e-08;
499033.2688845761586;1.8244630695107844076e-08;
499366.62444161326857;1.9566941844573193521e-08;
499699.97999865037855;1.8339749274787209288e-08;
500033.33555568748852;1.8856653127841127571e-08;
500366.6911127245985;1.8145989599815948168e-08;
500700.04666976170847;1.8470794671543444565e-08;
501033.40222679881845;1.8708369964315352263e-08;
501366.75778383592842;1.8214464603261149023e-08;
501700.1133408730384;1.8079900243606061849e-08;
502033.46889791014837;1.8443849114646582166e-08;
502366.82445494725835;1.9427027098117832793e-08;
502700.18001198436832;1.9464263090185340843e-08;
503033.5355690214783;2.0202442385652830126e-08;
503366.89112605858827;1.8227364506628873642e-08;
503700.24668309569824;1.7551759157186097582e-08;
504033.60224013280822;1.9436518172710748331e-08;
504366.95779716991819;1.903324253760274587e-08;
504700.31335420702817;1.8551670422084498568e-08;
505033.66891124413814;2.0075081152981510968e-08;
505367.02446828124812;1.8062186413203562552e-08;
505700.38002531835809;1.9118830962838728738e-08;
506033.73558235546807;1.7634063098626029387e-08;
506367.09113939257804;1.8077200181210173469e-08;
506700.44669642968802;1.8158011982905009063e-08;
507033.80225346679799;1.8589677353020306327e-08;
507367.15781050390797;1.8001207635620630754e-08;
507700.51336754101794;1.7668046581320595578e-08;
508033.86892457812792;1.9143634233387274435e-08;
508367.22448161523789;1.724805365199699736e-08;
508700.58003865234787;1.7497544746447601938e-08;
509033.93559568945784;1.7507938210314932803e-08;
509367.29115272656782;1.8360251985427566979e-08;
509700.64670976367779;1.8231911980137738283e-08;
510034.00226680078777;1.7929911777514462301e-08;
510367.35782383789774;1.8219616038095409749e-08;
510700.71338087500772;1.7146666309031388664e-08;
511034.06893791211769;1.6503491906405542977e-08;
511367.42449494922766;1.8437013693528570002e-08;
511700.78005198633764;1.7939521868015617656e-08;
512034.13560902344761;1.891125833708429127e-08;
512367.49116606055759;1.7624461889909071033e-08;
512700.84672309766756;1.7410588526445280877e-08;
513034.20228013477754;1.7632977744597155834e-08;
513367.55783717188751;1.7502955529380415101e-08;
513700.91339420899749;1.7728021717289266235e-08;
514034.26895124610746;1.6377567746417298622e-08;
514367.62450828321744;1.8481570052131246484e-08;
514700.98006532032741;1.8269840751372612431e-08;
515034.33562235743739;1.850203545927797677e-08;
515367.69117939454736;1.7556878617597249104e-08;
515701.04673643165734;1.8225634335067297798e-08;
516034.40229346876731;1.7606668123448798724e-08;
516367.75785050587729;1.8007945357112475904e-08;
516701.11340754298726;1.8237004795196298801e-08;
517034.46896458009724;1.8018228686855763954e-08;
517367.82452161720721;1.692074569348278601e-08;
517701.18007865431719;1.7302772548077882675e-08;
518034.53563569142716;1.8211713026516918035e-08;
518367.89119272853713;1.7937063390149887709e-08;
518701.24674976564711;1.690075102089849679e-08;
519034.60230680275708;1.7809023589165917656e-08;
519367.95786383986706;1.6593729057490236301e-08;
519701.31342087697703;1.8743536500664959021e-08;
520034.66897791408701;1.6624657206421034061e-08;
520368.02453495119698;1.7902875626418790489e-08;
520701.38009198830696;1.7717622924351417169e-08;
521034.73564902541693;1.7491736059582763119e-08;
521368.09120606252691;1.725784315453893214e-08;
521701.44676309963688;1.7287094422613336064e-08;
522034.80232013674686;1.6638798783219499455e-08;
522368.15787717385683;1.7813496455687527487e-08;
522701.51343421096681;1.6881790187994738517e-08;
523034.86899124807678;1.8297045656368027267e-08;
523368.22454828518676;1.853629427728265e-08;
523701.58010532229673;1.8105836829818144906e-08;
524034.93566235940671;1.7322692613674917084e-08;
524368.29121939651668;1.8323582651191827608e-08;
524701.64677643368486;1.7197828938719794678e-08;
525035.00233347085305;1.6061106222764465201e-08;
525368.35789050802123;1.7435624499739788007e-08;
525701.71344754518941;1.6919912582125107292e-08;
526035.06900458235759;1.7572213906191791466e-08;
526368.42456161952578;1.7160346033051609993e-08;
526701.78011865669396;1.7188646950216934783e-08;
527035.13567569386214;1.6833697102924816136e-08;
527368.49123273103032;1.5572556577581053716e-08;
527701.84678976819851;1.6713208594865136547e-08;
528035.20234680536669;1.7658924988950275292e-08;
528368.55790384253487;1.7880026348393585067e-08;
528701.91346087970305;1.6278436376637728245e-08;
529035.26901791687123;1.7776203620201158628e-08;
529368.62457495403942;1.7685282571733296209e-08;
529701.9801319912076;1.6777690348135365639e-08;
530035.33568902837578;1.7455024092782878142e-08;
530368.69124606554396;1.8194604933796654223e-08;
530702.04680310271215;1.6913702438614564016e-08;
531035.40236013988033;1.716770370308040583e-08;
531368.75791717704851;1.7069245572542968148e-08;
531702.11347421421669;1.6678628256272531871e-08;
532035.46903125138488;1.7555366937926919491e-08;
532368.82458828855306;1.6052474904881819384e-08;
532702.18014532572124;1.6785268286412247107e-08;
533035.53570236288942;1.6752716547330237518e-08;
533368.89125940005761;1.7604255830860893184e-08;
533702.24681643722579;1.7314205180696262687e-08;
534035.60237347439397;1.6762902177447358554e-08;
534368.95793051156215;1.6942250269380565442e-08;
534702.31348754873034;1.7611370140002691187e-08;
535035.66904458589852;1.7571752053413547401e-08;
535369.0246016230667;1.6884815323692237143e-08;
535702.38015866023488;1.698223961454914388e-08;
536035.73571569740307;1.7052851575272143236e-08;
536369.09127273457125;1.6942696134947254905e-08;
536702.44682977173943;1.6471195962708407023e-08;
537035.80238680890761;1.7672485697062256804e-08;
537369.1579438460758;1.6834022176226426382e-08;
537702.51350088324398;1.6493608256951119984e-08;
538035.86905792041216;1.7224495607592871238e-08;
538369.22461495758034;1.7106108529674202146e-08;
538702.58017199474853;1.7110377115159280947e-08;
539035.93572903191671;1.7712238786771195009e-08;
539369.29128606908489;1.664180970806228288e-08;
539702.64684310625307;1.7988279310543475731e-08;
540036.00240014342126;1.7633722038112864539e-08;
540369.35795718058944;1.6886001930060956511e-08;
540702.71351421775762;1.6734333030399284326e-08;
541036.0690712549258;1.7072364855152954988e-08;
541369.42462829209398;1.6716144912720665161e-08;
541702.78018532926217;1.7617404424186133838e-08;
542036.13574236643035;1.7001761776214152633e-08;
542369.49129940359853;1.622613154950158787e-08;
542702.84685644076671;1.7595350954024979728e-08;
543036.2024134779349;1.6887723219838335353e-08;
543369.55797051510308;1.7627744597348282696e-08;
543702.91352755227126;1.7995422041394704138e-08;
544036.26908458943944;1.6260344182228436694e-08;
544369.62464162660763;1.667429216922755586e-08;
544702.98019866377581;1.7823294840013659268e-08;
545036.33575570094399;1.6581926942649261036e-08;
545369.69131273811217;1.6990057360999344382e-08;
545703.04686977528036;1.6705811844985873904e-08;
546036.40242681244854;1.7382349781769335095e-08;
546369.75798384961672;1.7270370022970382706e-08;
546703.1135408867849;1.7714478772745678725e-08;
547036.46909792395309;1.7161854160008260806e-08;
547369.82465496112127;1.7107371519387015724e-08;
547703.18021199828945;1.7042101063680092921e-08;
548036.53576903545763;1.6933590529788489221e-08;
548369.89132607262582;1.7194444978940737201e-08;
548703.246883109794;1.6997848462096953881e-08;
549036.60244014696218;1.795550730321338051e-08;
549369.95799718413036;1.6648272094244020991e-08;
549703.31355422129855;1.6649588374662016577e-08;
550036.66911125846673;1.6194833918348194857e-08;
550370.02466829563491;1.5845451173390756594e-08;
550703.38022533280309;1.6421127568833071564e-08;
551036.73578236997128;1.7968508458920950943e-08;
551370.09133940713946;1.7398265939050361339e-08;
551703.44689644430764;1.7278956931932043517e-08;
552036.80245348147582;1.6098109512086011819e-08;
552370.15801051864401;1.8507790855437633581e-08;
552703.51356755581219;1.6528501234347459103e-08;
553036.86912459298037;1.7728426726648649492e-08;
553370.22468163014855;1.6787803147622071265e-08;
553703.58023866731673;1.6538667324539346737e-08;
554036.93579570448492;1.6564371208005468361e-08;
554370.2913527416531;1.7584165235007276351e-08;
554703.64690977882128;1.6577615724600036629e-08;
555037.00246681598946;1.7263513285570297739e-08;
555370.35802385315765;1.6989012863177777035e-08;
555703.71358089032583;1.6413340020449140866e-08;
556037.06913792749401;1.5806751463287582737e-08;
556370.42469496466219;1.6263829394347339985e-08;
556703.78025200183038;1.6282754700114310253e-08;
557037.13580903899856;1.6139876990450829908e-08;
557370.49136607616674;1.5845396106328735186e-08;
557703.84692311333492;1.6582772488504815556e-08;
558037.20248015050311;1.6615109288409257715e-08;
558370.55803718767129;1.7000118646137707401e-08;
558703.91359422483947;1.6712327521872794023e-08;
559037.26915126200765;1.5987183132892823778e-08;
559370.62470829917584;1.6714206907408879488e-08;
559703.98026533634402;1.5446300238863841514e-08;
560037.3358223735122;1.7216631675864846329e-08;
560370.69137941068038;1.6673032732228421082e-08;
560704.04693644784857;1.6455896201250652666e-08;
561037.40249348501675;1.7007318220407796616e-08;
561370.75805052218493;1.7106680516576489026e-08;
561704.11360755935311;1.6081829201652908523e-08;
562037.4691645965213;1.6236910482803068589e-08;
562370.82472163368948;1.5437075617796836013e-08;
562704.18027867085766;1.5720681645348122402e-08;
563037.53583570802584;1.664897375519558409e-08;
563370.89139274519403;1.7178896527525466809e-08;
563704.24694978236221;1.6411755510148395842e-08;
564037.60250681953039;1.5942450914963046671e-08;
564370.95806385669857;1.731344489996899938e-08;
564704.31362089386676;1.7315390010708142654e-08;
565037.66917793103494;1.6303420835583892767e-08;
565371.02473496820312;1.7409975683335687791e-08;
565704.3802920053713;1.6244555922639847267e-08;
566037.73584904253948;1.6473105546310762293e-08;
566371.09140607970767;1.761437040670443821e-08;
566704.44696311687585;1.734224142069251684e-08;
567037.80252015404403;1.6854942330724043131e-08;
567371.15807719121221;1.5900971206406211422e-08;
567704.5136342283804;1.7228098059263174946e-08;
568037.86919126554858;1.6056310059298084525e-08;
568371.22474830271676;1.6662754731555651233e-08;
568704.58030533988494;1.6287589943431157735e-08;
569037.93586237705313;1.5716182133473921567e-08;
569371.29141941422131;1.6227442500849065254e-08;
569704.64697645138949;1.5689341381630583783e-08;
570038.00253348855767;1.6955649329020161531e-08;
570371.35809052572586;1.6872302666115501779e-08;
570704.71364756289404;1.5650444495918236498e-08;
571038.06920460006222;1.5702603661793546053e-08;
571371.4247616372304;1.5708701894823207112e-08;
571704.78031867439859;1.6768703758884839772e-08;
572038.13587571156677;1.7119155870659596985e-08;
572371.49143274873495;1.6897901744528098789e-08;
572704.84698978590313;1.7060491686038403714e-08;
573038.20254682307132;1.5921990836886834586e-08;
573371.5581038602395;1.6432814220479485812e-08;
573704.91366089740768;1.7216692071997385938e-08;
574038.26921793457586;1.6403395974862178264e-08;
574371.62477497174405;1.6777956801661275676e-08;
574704.98033200891223;1.5915558648771366279e-08;
575038.33588904608041;1.648911762686111615e-08;
575371.69144608324859;1.633478419194034359e-08;
575705.04700312041678;1.6503491906405542977e-08;
576038.40256015758496;1.6932817814563350112e-08;
576371.75811719475314;1.8083426311932271346e-08;
576705.11367423192132;1.6087565057887331932e-08;
577038.46923126908951;1.6038550043617760821e-08;
577371.82478830625769;1.6811089409429769148e-08;
577705.18034534342587;1.5831233213248196989e-08;
578038.53590238059405;1.6384301915195464971e-08;
578371.89145941776223;1.649450531715501711e-08;
578705.24701645493042;1.64951430292603618e-08;
579038.6025734920986;1.5846369549876726524e-08;
579371.95813052926678;1.6421068949057371356e-08;
579705.31368756643496;1.5378422091316679143e-08;
580038.66924460360315;1.5751034254662954481e-08;
580372.02480164077133;1.5723472301942820195e-08;
580705.38035867793951;1.4771105227850966912e-08;
581038.73591571510769;1.7452387979233208171e-08;
581372.09147275227588;1.621741141377697204e-08;
581705.44702978944406;1.6338026043172249047e-08;
582038.80258682661224;1.5163140076879244589e-08;
582372.15814386378042;1.6428947091640111466e-08;
582705.51370090094861;1.6103568256653488788e-08;
583038.86925793811679;1.648911762686111615e-08;
583372.22481497528497;1.6973411121057324635e-08;
583705.58037201245315;1.6168455019283101137e-08;
584038.93592904962134;1.6064632291090674698e-08;
584372.29148608678952;1.5717009915761082084e-08;
584705.6470431239577;1.5435746902880964626e-08;
585039.00260016112588;1.5157175070612538548e-08;
585372.35815719829407;1.575421748611915973e-08;
585705.71371423546225;1.5249666418526430789e-08;
586039.06927127263043;1.6209321884730343299e-08;
586372.42482830979861;1.6361090260375021899e-08;
586705.7803853469668;1.628967893907429243e-08;
587039.13594238413498;1.6353734366703065461e-08;
587372.49149942130316;1.5416047105532015848e-08;
587705.84705645847134;1.5992913660056728986e-08;
588039.20261349563953;1.6119928503144365095e-08;
588372.55817053280771;1.6962173887691278651e-08;
588705.91372756997589;1.6140841552214624244e-08;
589039.26928460714407;1.6501664035217800119e-08;
589372.62484164431226;1.5438731182371157047e-08;
589705.98039868148044;1.6334984920263195818e-08;
590039.33595571864862;1.5774960004932836455e-08;
590372.6915127558168;1.6478026054755900986e-08;
590706.04706979298498;1.6364309018968015152e-08;
591039.40262683015317;1.5562164890070562251e-08;
591372.75818386732135;1.5666783426127040002e-08;
591706.11374090448953;1.6475045327979387366e-08;
592039.46929794165771;1.5544323161975626135e-08;
592372.8248549788259;1.6644850830971336109e-08;
592706.18041201599408;1.522910508811037289e-08;
593039.53596905316226;1.5623523808017125702e-08;
593372.89152609033044;1.6068725017248652875e-08;
593706.24708312749863;1.6270087499492547067e-08;
594039.60264016466681;1.6013999015740409959e-08;
594372.95819720183499;1.5399995945131195185e-08;
594706.31375423900317;1.5345740678185393335e-08;
595039.66931127617136;1.5692179999859945383e-08;
595373.02486831333954;1.5851103540853728191e-08;
595706.38042535050772;1.6296977989327388059e-08;
596039.7359823876759;1.6230407240414024272e-08;
596373.09153942484409;1.6432901261964616424e-08;
596706.44709646201227;2.6598417690593123552e-08;
597039.80265349918045;1.7003792152081587119e-08;
597373.15821053634863;1.6074682918088001315e-08;
597706.51376757351682;1.5620971183238907543e-08;
598039.869324610685;1.6372045053003603243e-08;
598373.22488164785318;1.6399305025061039487e-08;
598706.58043868502136;1.6100146993380803906e-08;
599039.93599572218955;1.6005758496362432197e-08;
599373.29155275935773;1.688386674913999741e-08;
599706.64710979652591;1.6716173334430095565e-08;
600040.00266683369409;1.7286517106640530983e-08;
600373.35822387086228;1.5863834690321709786e-08;
600706.71378090803046;1.5900607053254134371e-08;
601040.06933794519864;1.6632748511824502202e-08;
601373.42489498236682;1.5984319645667710574e-08;
601706.78045201953501;1.6171920691476771026e-08;
602040.13600905670319;1.5436560474313409941e-08;
602373.49156609387137;1.5647584561406802095e-08;
602706.84712313103955;1.5548774712215163163e-08;
603040.20268016820773;1.7237573146644535882e-08;
603373.55823720537592;1.6401552116462880804e-08;
603706.9137942425441;1.725535803132061119e-08;
604040.26935127971228;1.6488682419435463089e-08;
604373.62490831688046;1.656195536270388402e-08;
604706.98046535404865;1.7501141869047387445e-08;
605040.33602239121683;1.5829510147113978746e-08;
605373.69157942838501;1.7337640656478470191e-08;
605707.04713646555319;1.7608895674925406638e-08;
606040.40269350272138;1.8111689925603968732e-08;
606373.75825053988956;1.9261465311615211249e-08;
606707.11380757705774;1.7285545439449379046e-08;
607040.46936461422592;1.743054056646542449e-08;
607373.82492165139411;1.6075981434937602899e-08;
607707.18047868856229;1.7104547112012369325e-08;
608040.53603572573047;1.7079534231356774399e-08;
608373.89159276289865;1.79050783088996468e-08;
608707.24714980006684;1.6757573106929157802e-08;
609040.60270683723502;1.6026127980239834869e-08;
609373.9582638744032;1.7190760814855821081e-08;
609707.31382091157138;1.8025701820079120807e-08;
610040.66937794873957;1.6290881532654566399e-08;
610374.02493498590775;1.6449972051191252831e-08;
610707.38049202307593;1.5150014576192916138e-08;
611040.73604906024411;1.6989490703167575703e-08;
611374.0916060974123;1.5720875268243617029e-08;
611707.44716313458048;1.7159804244215592917e-08;
612040.80272017174866;1.6304595007454736333e-08;
612374.15827720891684;1.558698059511698375e-08;
612707.51383424608503;1.5981033385514820111e-08;
613040.86939128325321;1.5042079581917278119e-08;
613374.22494832042139;1.5163246658289608604e-08;
613707.58050535758957;1.5932679175989505893e-08;
614040.93606239475776;1.6028774751930541242e-08;
614374.29161943192594;1.5599306735225582088e-08;
614707.64717646909412;1.5954974230680818437e-08;
615041.0027335062623;1.5578521583847759757e-08;
615374.35829054343048;1.6167147620649302553e-08;
615707.71384758059867;1.5074617110144572507e-08;
616041.06940461776685;1.7061392298955979641e-08;
616374.42496165493503;1.5598347502532305953e-08;
616707.78051869210321;1.5465930758296053682e-08;
617041.1360757292714;1.5909044748241285561e-08;
617374.49163276643958;1.6442083250467476319e-08;
617707.84718980360776;1.5769778372032305924e-08;
618041.20274684077594;1.5959122023900818022e-08;
618374.55830387794413;1.5736791425524643273e-08;
618707.91386091511231;1.5951302501093778119e-08;
619041.26941795228049;1.5333075253920469549e-08;
619374.62497498944867;1.6135114577764397836e-08;
619707.98053202661686;1.5021560884065365826e-08;
620041.33608906378504;1.6010060832627459604e-08;
620374.69164610095322;1.5943486531000417017e-08;
620708.0472031381214;1.5881930437444680138e-08;
621041.40276017528959;1.5611067993859251146e-08;
621374.75831721245777;1.6001681757416008622e-08;
621708.11387424962595;1.5631787420034015668e-08;
622041.46943128679413;1.5777649409187688434e-08;
622374.82498832396232;1.5773519379536082852e-08;
622708.1805453611305;1.6059722440786572406e-08;
623041.53610239829868;1.5511069761942053447e-08;
623374.89165943546686;1.6273203229388855107e-08;
623708.24721647263505;1.5710797995893699408e-08;
624041.60277350980323;1.5780310391733110009e-08;
624374.95833054697141;1.5343044168503183755e-08;
624708.31388758413959;1.607053157215432293e-08;
625041.66944462130778;1.6797686797076494258e-08;
625375.02500165847596;1.6467030405920013436e-08;
625708.38055869564414;1.603776134118106711e-08;
626041.73611573281232;1.6404779756840071059e-08;
626375.09167276998051;1.6729364560319481825e-08;
626708.44722980714869;1.6163854255069054489e-08;
627041.80278684431687;1.5679999521012177865e-08;
627375.15834388148505;1.6194123375612434756e-08;
627708.51390091865323;1.5219772109276163974e-08;
628041.86945795582142;1.5306001799331170332e-08;
628375.2250149929896;1.4765111799874830467e-08;
628708.58057203015778;1.6028522509259346407e-08;
629041.93612906732596;1.5869158431769392337e-08;
629375.29168610449415;1.5573130340840179997e-08;
629708.64724314166233;1.6214107390055687574e-08;
630042.00280017883051;1.6510623979115734983e-08;
630375.35835721599869;1.5655640339673482231e-08;
630708.71391425316688;1.6066270092096601729e-08;
631042.06947129033506;1.5704754829926059756e-08;
631375.42502832750324;1.5417752408097840089e-08;
631708.78058536467142;1.5012380671919345332e-08;
632042.13614240183961;1.4315380880702832656e-08;
632375.49169943900779;1.5541974818233939004e-08;
632708.84725647617597;1.6185250473199630505e-08;
633042.20281351334415;1.5738919501018244773e-08;
633375.55837055051234;1.5942394071544185863e-08;
633708.91392758768052;1.4877670651003427338e-08;
634042.2694846248487;1.548123407246748684e-08;
634375.62504166201688;1.5068872372125952097e-08;
634708.98059869918507;1.4990112262580623792e-08;
635042.33615573635325;1.5615785997624698211e-08;
635375.69171277352143;1.5410874354415682319e-08;
635709.04726981068961;1.469194010894625535e-08;
636042.4028268478578;1.5244603801534140075e-08;
636375.75838388502598;1.548485251134934515e-08;
636709.11394092219416;1.4992588504014747741e-08;
637042.46949795936234;1.6929249113672995009e-08;
637375.82505499653053;1.612244915349947405e-08;
637709.18061203369871;1.5693061072852287907e-08;
638042.53616907086689;1.5565035482723033056e-08;
638375.89172610803507;1.8049275851694801531e-08;
638709.24728314520326;1.4996011543644272024e-08;
639042.60284018237144;1.5103829298368509626e-08;
639375.95839721953962;1.6124063861866488878e-08;
639709.3139542567078;1.4764178324355725636e-08;
640042.66951129387598;1.4546145621352479793e-08;
640376.02506833104417;1.62298938732874376e-08;
640709.38062536821235;1.5622644511381622578e-08;
641042.73618240538053;1.530839455199384247e-08;
641376.09173944254871;1.5715823309392362717e-08;
641709.4472964797169;1.4852314045299408463e-08;
642042.80285351688508;1.4778631651779505773e-08;
642376.15841055405326;1.5976683087615128898e-08;
642709.51396759122144;1.5581230528027845139e-08;
643042.86952462838963;1.5237267447787417041e-08;
643376.22508166555781;1.5163353239699972619e-08;
643709.58063870272599;1.5208119208409698331e-08;
644042.93619573989417;1.5170147804610678577e-08;
644376.29175277706236;1.5957860810544843844e-08;
644709.64730981423054;1.3983949997964373324e-08;
645043.00286685139872;1.4824604654961603956e-08;
645376.3584238885669;1.4699143235930023366e-08;
645709.71398092573509;1.5224719263073893671e-08;
646043.06953796290327;1.4702370876307213621e-08;
646376.42509500007145;1.5443395895431422105e-08;
646709.78065203723963;1.500697521805705037e-08;
647043.13620907440782;1.4884911969659242459e-08;
647376.491766111576;1.6144271697271506127e-08;
647709.84732314874418;1.6172402084180248494e-08;
648043.20288018591236;1.5398994079873773444e-08;
648376.55843722308055;1.9850533661269764707e-08;
648709.91399426024873;1.6139905412160260312e-08;
649043.26955129741691;1.4326148267684857274e-08;
649376.62510833458509;1.6150796255942623247e-08;
649709.98066537175328;1.5646815398895341787e-08;
650043.33622240892146;1.5229131733462963894e-08;
650376.69177944608964;1.5827367860765662044e-08;
650710.04733648325782;1.4959701033490091504e-08;
651043.40289352042601;1.4954945726231017034e-08;
651376.75845055759419;1.5661445473824642249e-08;
651710.11400759476237;1.5623523808017125702e-08;
652043.46956463193055;1.5081822013485179923e-08;
652376.82512166909873;1.5049057111582442303e-08;
652710.18067870626692;1.4669116588095221232e-08;
653043.5362357434351;1.4873175580021325004e-08;
653376.89179278060328;1.4856671448626457277e-08;
653710.24734981777146;1.4254800895230346214e-08;
654043.60290685493965;1.6184083406756144541e-08;
654376.95846389210783;1.5137777253926287813e-08;
654710.31402092927601;1.5919278339993070404e-08;
655043.66957796644419;1.5180065204845050175e-08;
655377.02513500361238;1.5570121192354235973e-08;
655710.38069204078056;1.5605200687218712119e-08;
656043.73624907794874;1.5174519418792442593e-08;
656377.09180611511692;1.5289796095885321847e-08;
656710.44736315228511;1.4969060657676891424e-08;
657043.80292018945329;1.575939378994917206e-08;
657377.15847722662147;1.4967062256232566142e-08;
657710.51403426378965;1.5472915393388575467e-08;
658043.86959130095784;1.5876073788945177512e-08;
658377.22514833812602;1.4937196368691729731e-08;
658710.5807053752942;1.5278304843491241627e-08;
659043.93626241246238;1.5559539434661928681e-08;
659377.29181944963057;1.6419338777495795512e-08;
659710.64737648679875;1.6856038342893953086e-08;
660044.00293352396693;1.5430487110279500484e-08;
660377.35849056113511;1.5426692812070541549e-08;
660710.7140475983033;1.578818498160217132e-08;
661044.06960463547148;1.5475688286414879258e-08;
661377.42516167263966;1.5675125197844863578e-08;
661710.78071870980784;1.5131554675917868735e-08;
662044.13627574697603;1.5169748124321813521e-08;
662377.49183278414421;1.5420299703805540048e-08;
662710.84738982131239;1.5011456966362857202e-08;
663044.20294685848057;1.4346850818469647493e-08;
663377.55850389564876;1.6012874581861069601e-08;
663710.91406093281694;1.5132989972244104138e-08;
664044.26961796998512;1.520130687993059837e-08;
664377.6251750071533;1.5224317806428189215e-08;
664710.98073204432148;1.5467207958863582462e-08;
665044.33628908148967;1.5567058753163109941e-08;
665377.69184611865785;1.5237857198258097924e-08;
665711.04740315582603;1.5795480479141588148e-08;
666044.40296019299421;1.5928872443282671156e-08;
666377.7585172301624;1.5849238366172357928e-08;
666711.11407426733058;1.4567396178222224989e-08;
667044.46963130449876;1.6060880625445861369e-08;
667377.82518834166694;1.5475878356596695085e-08;
667711.18074537883513;1.6089288124021550175e-08;
668044.53630241600331;1.4457389063693426579e-08;
668377.89185945317149;1.5731041358435504662e-08;
668711.24741649033967;1.5137164410816694726e-08;
669044.60297352750786;1.4776555090634246881e-08;
669377.95853056467604;1.530570514773899049e-08;
669711.31408760184422;1.6179507511537849496e-08;
670044.6696446390124;1.4449213381340086926e-08;
670378.02520167618059;1.4928355440702034684e-08;
670711.38075871334877;1.5760750926574473851e-08;
671044.73631575051695;1.4949087301374675008e-08;
671378.09187278768513;1.4634085054865408893e-08;
671711.44742982485332;1.473945498986495295e-08;
672044.8029868620215;1.6084513276837242302e-08;
672378.15854389918968;1.5147273657589721552e-08;
672711.51410093635786;1.5116251361746435578e-08;
673044.86965797352605;1.5804612729652944836e-08;
673378.22521501069423;1.5258107666227260779e-08;
673711.58077204786241;1.5139930198415640916e-08;
674044.93632908503059;1.6439599903605994768e-08;
674378.29188612219878;1.4865103814543090266e-08;
674711.64744315936696;1.481463307584363065e-08;
675045.00300019653514;1.5333748493162602244e-08;
675378.35855723370332;1.4853044127960401966e-08;
675711.71411427087151;1.5064346214899160259e-08;
676045.06967130803969;1.5533267117007198976e-08;
676378.42522834520787;1.4848426488356381014e-08;
676711.78078538237605;1.5209266734927950893e-08;
677045.13634241954423;1.5266605757346951577e-08;
677378.49189945671242;1.5071810466338320111e-08;
677711.8474564938806;1.5743179204719126574e-08;
678045.20301353104878;1.5294981281499531178e-08;
678378.55857056821696;1.5595800206824605993e-08;
678711.91412760538515;1.5819306753428463708e-08;
679045.26968464255333;1.5008108533720587729e-08;
679378.62524167972151;1.5587117374593617569e-08;
679711.98079871688969;1.541257965698150656e-08;
680045.33635575405788;1.545357264376434614e-08;
680378.69191279122606;1.4607245191200490808e-08;
680712.04746982839424;1.4864268038650152448e-08;
681045.40302686556242;1.480797262587429941e-08;
681378.75858390273061;1.5306861556041440053e-08;
681712.11414093989879;1.5380232198936027999e-08;
682045.46969797706697;1.5433387900998241093e-08;
682378.82525501423515;1.4846000873092179972e-08;
682712.18081205140334;1.5261726105109119089e-08;
683045.53636908857152;1.4345162391293797555e-08;
683378.8919261257397;1.536797000767364807e-08;
683712.24748316290788;1.4724677477317982266e-08;
684045.60304020007607;1.5363758265607430076e-08;
684378.95859723724425;1.5117153751020850905e-08;
684712.31415427441243;1.511988934055352729e-08;
685045.66971131158061;1.4897363342925018515e-08;
685379.0252683487488;1.5780726059233529668e-08;
685712.38082538591698;1.5333775138515193248e-08;
686045.73638242308516;1.4994984809391098679e-08;
686379.09193946025334;1.4879996790284621966e-08;
686712.44749649742153;1.5307426437516369333e-08;
687045.80305353458971;1.5708673473113776708e-08;
687379.15861057175789;1.5191723434782034019e-08;
687712.51416760892607;1.5208119208409698331e-08;
688045.86972464609426;1.5137031184053739707e-08;
688379.22528168326244;1.5698880417858163128e-08;
688712.58083872043062;1.5524564744850977149e-08;
689045.9363957575988;1.4777437939983428805e-08;
689379.29195279476698;1.5314311596625884704e-08;
689712.64750983193517;1.5000622965999355074e-08;
690046.00306686910335;1.509889457906865573e-08;
690379.35862390627153;1.5261296226753984229e-08;
690712.71418094343971;1.5090275695683885715e-08;
691046.0697379806079;1.4842584938890013291e-08;
691379.42529501777608;1.5837827049836050719e-08;
691712.78085205494426;1.5547817255878726428e-08;
692046.13640909211244;1.5360466676384021412e-08;
692379.49196612928063;1.3971623857855774986e-08;
692712.84752316644881;1.5040150458389689447e-08;
693046.20308020361699;1.4414125004691413778e-08;
693379.55863724078517;1.4556703398227455182e-08;
693712.91419427795336;1.5581640866457746597e-08;
694046.26975131512154;1.5269637998471807805e-08;
694379.62530835228972;1.5728334190612258681e-08;
694712.9808653894579;1.4081620314243536995e-08;
695046.33642242662609;1.5169828060379586532e-08;
695379.69197946379427;1.5767978922553993471e-08;
695713.04753650096245;1.6587957674119024887e-08;
696046.40309353813063;1.5182784807166171959e-08;
696379.75865057529882;1.4537741677145277208e-08;
696713.114207612467;1.48731498228471537e-08;
697046.46976464963518;1.547364902876324777e-08;
697379.82532168680336;1.5789598961646333919e-08;
697713.18087872397155;1.4985925389510157402e-08;
698046.53643576113973;1.4582042240363080055e-08;
698379.89199279830791;1.5827367860765662044e-08;
698713.24754983547609;1.4471821963013553614e-08;
699046.60310687264428;1.5860656787936022738e-08;
699379.95866390981246;1.5154538957062868576e-08;
699713.31422094698064;1.5093034377855474304e-08;
700046.66977798414882;1.5384934215489920462e-08;
700380.02533502131701;1.4807166159869211697e-08;
700713.38089205848519;1.4292815819771931274e-08;
701046.73644909565337;1.5887511750634075725e-08;
701380.09200613282155;1.4107445878153157537e-08;
701713.44756316998973;1.5114419937845013919e-08;
702046.80312020715792;1.5258455832167783228e-08;
702380.1586772443261;1.4163989092708106909e-08;
702713.51423428149428;1.5408410547479434172e-08;
703046.86979131866246;1.5623660587493759522e-08;
703380.22534835583065;1.6035590633123320004e-08;
703713.58090539299883;1.5374153505831600341e-08;
704046.93646243016701;1.771195812239056977e-08;
704380.29201946733519;1.5159011823584478407e-08;
704713.64757650450338;1.4707924655965598504e-08;
705047.00313354167156;1.5338706305101368343e-08;
705380.35869057883974;1.5007186604520938999e-08;
705713.71424761600792;1.4540320947276086372e-08;
706047.06980465317611;1.4945465309779137897e-08;
706380.42536169034429;1.5196233604797271255e-08;
706713.78091872751247;1.5776429052039020462e-08;
707047.13647576468065;1.4365589606768480735e-08;
707380.49203280184884;1.5377908724190092471e-08;
707713.84758983901702;1.5102713746273366269e-08;
708047.2031468761852;1.5278491360959378653e-08;
708380.55870391335338;1.5253471374876426125e-08;
708713.91426095052157;1.5171080391951363708e-08;
709047.26981798768975;1.4947723059322015615e-08;
709380.62537502485793;1.4998514430430986977e-08;
709713.98093206202611;1.5403809783265387523e-08;
710047.3364890991943;1.4563404704404092627e-08;
710380.69204613636248;1.4415391547117906157e-08;
710714.04760317353066;1.4999068653764879855e-08;
711047.40316021069884;1.4645658907852521224e-08;
711380.75871724786703;1.5858958590797556099e-08;
711714.11427428503521;1.5582900303456881375e-08;
712047.46983132220339;1.4771260659074414434e-08;
712380.82538835937157;1.517329373257325642e-08;
712714.18094539653976;1.5729936464481397707e-08;
713047.53650243370794;1.4579788043533881137e-08;
713380.89205947087612;1.5229399963345713331e-08;
713714.2476165080443;1.5298205369163042633e-08;
714047.60317354521248;1.4828719585580074636e-08;
714380.95873058238067;1.5641070660876721377e-08;
714714.31428761954885;1.5095048766511354188e-08;
715047.66984465671703;1.5363678329549657064e-08;
715381.02540169388521;1.4856776253679981892e-08;
715714.3809587310534;1.4768406053633498232e-08;
716047.73651576822158;1.5661033359037901391e-08;
716381.09207280538976;1.4830699335277586215e-08;
716714.44762984255794;1.5291460542243839882e-08;
717047.80318687972613;1.5223301730316052272e-08;
717381.15874391689431;1.4944703252695035189e-08;
717714.51430095406249;1.4510389334532192152e-08;
718047.86985799123067;1.4966378358849397046e-08;
718381.22541502839886;1.4986452967491459276e-08;
718714.58097206556704;1.4904275147387124889e-08;
719047.93652910273522;1.5222498817024643358e-08;
719381.2920861399034;1.4891921473747515847e-08;
719714.64764317707159;1.4880728649302454869e-08;
720048.00320021423977;1.5376450335224944865e-08;
720381.35875725140795;1.6261488156033010455e-08;
720714.71431428857613;1.6315970796654255537e-08;
721048.06987132574432;1.4295427064325849642e-08;
721381.4254283629125;1.5256123475637650699e-08;
721714.78098540008068;1.5436370404131594114e-08;
722048.13654243724886;1.4749297783112069737e-08;
722381.49209947441705;1.4807634229896393663e-08;
722714.84765651158523;1.5613125015079276636e-08;
723048.20321354875341;1.5872670289240886632e-08;
723381.55877058592159;1.5098603256546994089e-08;
723714.91432762308978;1.5061884184319751512e-08;
724048.26988466025796;1.5104438588764423912e-08;
724381.62544169742614;1.4742666643030588602e-08;
724714.98099873459432;1.4591292618604256859e-08;
725048.33655577176251;1.496343315920967143e-08;
725381.69211280893069;1.5905300188023829833e-08;
725715.04766984609887;1.5198022396134547307e-08;
726048.40322688326705;1.5682589449284023431e-08;
726381.75878392043523;1.4854270702358007838e-08;
726715.11434095760342;1.5331808711493977171e-08;
727048.4698979947716;1.6046975304107036209e-08;
727381.82545503193978;1.6085389020759066625e-08;
727715.18101206910796;1.5299576716643059626e-08;
728048.53656910627615;1.5633297323347505881e-08;
728381.89212614344433;1.4804772519028119859e-08;
728715.24768318061251;1.5176732759414335305e-08;
729048.60324021778069;1.4551692295583507075e-08;
729381.95879725494888;1.5106190076608072559e-08;
729715.31435429211706;1.5522900298492459115e-08;
730048.66991132928524;1.4526100322598267667e-08;
730382.02546836645342;1.5558802246573577577e-08;
730715.38102540362161;1.5067522340928007907e-08;
731048.73658244078979;1.499690860384816915e-08;
731382.09213947795797;1.3713426838535269781e-08;
731715.44769651512615;1.5456560475968217361e-08;
732048.80325355229434;1.4459649477771563397e-08;
732382.15881058946252;1.5465603908637604036e-08;
732715.5143676266307;1.522584192059639463e-08;
733048.86992466379888;1.5248675211410045449e-08;
733382.22548170096707;1.4795516811716424854e-08;
733715.58103873813525;1.5532366504089623049e-08;
734048.93659577530343;1.4750489718551307305e-08;
734382.29215281247161;1.574804642245908326e-08;
734715.6477098496398;1.4895479516496834549e-08;
735049.00326688680798;1.5440519973708433099e-08;
735382.35882392397616;1.509499547580617218e-08;
735715.71438096114434;2.7849202055563182512e-08;
736049.06993799831253;1.4918944302166892157e-08;
736382.42549503548071;1.4637865142219652625e-08;
736715.78105207264889;1.5854862311925899121e-08;
737049.13660910981707;1.5540063458274744335e-08;
737382.49216614698526;1.5250442686465248698e-08;
737715.84772318415344;1.5080576787340760347e-08;
738049.20328022132162;1.5385960949743093806e-08;
738382.5588372584898;1.4538583670287152927e-08;
738715.91439429565798;1.4460411534855666105e-08;
739049.26995133282617;1.4959963934302322741e-08;
739382.62550836999435;1.5290440913418024138e-08;
739715.98106540716253;1.4759043764911439212e-08;
740049.33662244433071;1.4991455188351210381e-08;
740382.6921794814989;1.5320338775381969754e-08;
740716.04773651866708;1.510016822692250571e-08;
741049.40329355583526;1.6010849535064153315e-08;
741382.75885059300344;1.5650938323119589768e-08;
741716.11440763017163;1.5620614135514188092e-08;
742049.46996466733981;1.5583530910134868464e-08;
742382.82552170450799;1.5037693756880798901e-08;
742716.18107874167617;1.4700511030696361559e-08;
743049.53663577884436;1.4325896913192082138e-08;
743382.89219281601254;1.4698316341821282549e-08;
743716.24774985318072;1.503470947739060648e-08;
744049.6033068903489;1.5116649265678461234e-08;
744382.95886392751709;1.4527070213432580204e-08;
744716.31442096468527;1.4427019578988620196e-08;
745049.66997800185345;1.5886563176081835991e-08;
745383.02553503902163;2.9080691632543675951e-08;
745716.38109207618982;3.0425265862277228734e-08;
746049.736649113358;1.5654265439479786437e-08;
746383.09220615052618;1.5533185404592586565e-08;
746716.44776318769436;1.4714360396794745611e-08;
747049.80332022486255;1.4828224870200301666e-08;
747383.15887726203073;1.5468947012209355307e-08;
747716.51443429919891;1.5039384848591907939e-08;
748049.86999133636709;1.565995866315006424e-08;
748383.22554837353528;1.5168629019512991363e-08;
748716.58110541070346;1.5427506383502986864e-08;
749049.93666244787164;1.4918157376087037846e-08;
749383.29221948503982;1.4566986727970743232e-08;
749716.64777652220801;1.5549893817023985321e-08;
750050.00333355937619;1.5372073391972662648e-08;
750383.35889059654437;1.562613149985736527e-08;
750716.71444763371255;1.5968153022072328895e-08;
751050.07000467088073;1.4937905135070650431e-08;
751383.42556170804892;1.49511620861630945e-08;
751716.7811187452171;1.5063552183391948347e-08;
752050.13667578238528;1.5051965007728540513e-08;
752383.49223281955346;1.4295024719501725485e-08;
752716.84778985672165;1.564293938827177044e-08;
753050.20334689388983;1.4777126189358114061e-08;
753383.55890393105801;1.5355340110545512289e-08;
753716.91446096822619;1.4971638151450861187e-08;
754050.27001800539438;1.5094570926521555521e-08;
754383.62557504256256;1.4786630586627325101e-08;
754716.98113207973074;1.5356473426209049649e-08;
755050.33668911689892;1.5215920967648344231e-08;
755383.69224615406711;1.5160157573745891568e-08;
755717.04780319123529;1.6309694927940654452e-08;
756050.40336022840347;1.478917610597818566e-08;
756383.75891726557165;1.5793622409887575486e-08;
756717.11447430273984;1.5373235129345630412e-08;
757050.47003133990802;1.5479466597412283591e-08;
757383.8255883770762;1.4858342112233913213e-08;
757717.18114541424438;1.504258229090282839e-08;
758050.53670245141257;1.5013251086770651455e-08;
758383.89225948858075;1.4734821363049377396e-08;
758717.24781652574893;1.5343825765512519865e-08;
759050.60337356291711;1.5279029597081716929e-08;
759383.9589306000853;1.5195192659689382708e-08;
759717.31448763725348;1.5497750638360230369e-08;
760050.67004467442166;1.5451835366775412695e-08;
760384.02560171158984;1.4924605551414060756e-08;
760717.38115874875803;1.4646353463376726722e-08;
761050.73671578592621;1.421888651265135195e-08;
761384.09227282309439;1.4661593716880361171e-08;
761717.44782986026257;1.495137347262698313e-08;
762050.80338689743076;1.5873618863793126366e-08;
762384.15894393459894;1.4967245220987024368e-08;
762717.51450097176712;1.4068688436452703172e-08;
763050.8700580089353;1.4304118778341035068e-08;
763384.22561504610348;1.4519160984605150588e-08;
763717.58117208327167;1.5343017523150592751e-08;
764050.93672912043985;1.5362410010766325286e-08;
764384.29228615760803;2.1066572486461154767e-08;
764717.64784319477621;1.4714230722745469393e-08;
765051.0034002319444;1.4525896041561736638e-08;
765384.35895726911258;1.5789572316293742915e-08;
765717.71451430628076;1.3953178168435442785e-08;
766051.07007134344894;1.4792502334159962629e-08;
766384.42562838061713;1.5482594761806467432e-08;
766717.78118541778531;1.4666822423237135808e-08;
767051.13674245495349;1.488428402751651447e-08;
767384.49229949212167;1.4866853526029899513e-08;
767717.84785652928986;1.5134585140685885563e-08;
768051.20341356645804;1.4220759680938499514e-08;
768384.55897060362622;1.4928355440702034684e-08;
768717.9145276407944;1.4966010652983641194e-08;
769051.27008467796259;1.5499983518907356483e-08;
769384.62564171513077;1.5430352107159706065e-08;
769717.98119875229895;1.584102626850381057e-08;
770051.33675578946713;1.41809444187401823e-08;
770384.69231282663532;1.4835676687141585717e-08;
770718.0478698638035;1.4938718706503095746e-08;
771051.40342690097168;1.4748779975093384564e-08;
771384.75898393813986;1.5390151375527238997e-08;
771718.11454097530805;1.4673678272458801075e-08;
772051.47009801247623;1.4528371394817440887e-08;
772384.82565504964441;1.5106587980540098215e-08;
772718.18121208681259;1.5700617694847096573e-08;
773051.53676912398078;1.4290280070383687416e-08;
773384.89232616114896;1.5152249233096881653e-08;
773718.24788319831714;1.5261324648463414633e-08;
774051.60344023548532;1.5204699721493852849e-08;
774384.95899727265351;1.5207398007532901829e-08;
774718.31455430982169;1.5111099926912174851e-08;
775051.67011134698987;1.5497995775604067603e-08;
775385.02566838415805;1.5524538099498386146e-08;
775718.38122542132623;1.5327554336863613571e-08;
776051.73678245849442;1.5596812730223064136e-08;
776385.0923394956626;1.5356905080921023909e-08;
776718.44789653283078;1.5731650648831418948e-08;
777051.80345356999896;1.5349838733413889713e-08;
777385.15901060716715;1.4807035597641515778e-08;
777718.51456764433533;1.5295894328914982907e-08;
778051.87012468150351;1.5568700106882715772e-08;
778385.22568171867169;1.5434446609674523643e-08;
778718.58123875583988;1.3786665142845322407e-08;
779051.93679579300806;1.5763879090968657692e-08;
779385.29235283017624;1.4875422671423166321e-08;
779718.64790986734442;1.4944177451070572715e-08;
780052.00346690451261;1.5608984327286634652e-08;
780385.35902394168079;1.5330515523714893789e-08;
780718.71458097884897;1.5090462213152022741e-08;
781052.07013801601715;1.5678457643275578448e-08;
781385.42569505318534;1.5247925588823818543e-08;
781718.78125209035352;1.4803654302397717402e-08;
782052.1368091275217;1.5471691483526228694e-08;
782385.49236616468988;1.49242129765525533e-08;
782718.84792320185807;1.558613149654775043e-08;
783052.20348023902625;1.5971885147791908821e-08;
783385.55903727619443;1.507477698226011853e-08;
783718.91459431336261;1.572910690583739779e-08;
784052.2701513505308;1.4530464831352674082e-08;
784385.62570838769898;1.4594164099435147364e-08;
784718.98126542486716;1.5011906384643225465e-08;
785052.33682246203534;1.4353203070527342788e-08;
785385.69237949920353;1.6133810731844278052e-08;
785719.04793653637171;1.5283189824799592316e-08;
786052.40349357353989;1.5481615989187957894e-08;
786385.75905061070807;1.493357615345303202e-08;
786719.11460764787626;1.5791984608881648455e-08;
787052.47016468504444;1.5535695396806659119e-08;
787385.82572172221262;1.4952817650737415534e-08;
787719.1812787593808;1.5204726366846443852e-08;
788052.53683579654898;1.5607447778620553436e-08;
788385.89239283371717;1.4230656653069218009e-08;
788719.24794987088535;1.4796322389543092868e-08;
789052.60350690805353;1.5194979496868654678e-08;
789385.95906394522171;1.4836041728472082468e-08;
789719.3146209823899;1.5389447938218836498e-08;
790052.67017801955808;1.5027817212853733508e-08;
790386.02573505672626;1.524875514746781846e-08;
790719.38129209389444;1.5200319225527891831e-08;
791052.73684913106263;1.6081093789921396819e-08;
791386.09240616823081;1.5044088641502639803e-08;
791719.44796320539899;1.4822833627192721906e-08;
792052.80352024256717;1.5554155297081706522e-08;
792386.15907727973536;1.4632131950520488317e-08;
792719.51463431690354;1.5733778724325020448e-08;
793052.87019135407172;1.639627988936354086e-08;
793386.2257483912399;1.5301619527008369914e-08;
793719.58130542840809;1.5141127462925396685e-08;
794052.93686246557627;1.5682175558140443172e-08;
794386.29241950274445;1.558528239797851711e-08;
794719.64797653991263;1.5942562825443928887e-08;
795053.00353357708082;1.4816403215434092999e-08;
795386.359090614249;1.4864294684002743452e-08;
795719.71464765141718;1.4769833356353956333e-08;
796053.07020468858536;1.4478280796481612924e-08;
796386.42576172575355;1.538009719581623358e-08;
796719.78131876292173;1.4910401802126216353e-08;
797053.13687580008991;1.540513672182441951e-08;
797386.49243283725809;1.5110995121858650236e-08;
797719.84798987442628;1.4927568514622180373e-08;
798053.20354691159446;1.6163626881393611256e-08;
798386.55910394876264;1.5035737988000619225e-08;
798719.91466098593082;1.533463667158230237e-08;
799053.27021802309901;1.5237482386964984471e-08;
799386.62577506026719;1.4294648131851772632e-08;
799719.98133209743537;1.4632928646562959329e-08;
800053.33688913460355;1.4995512387372400553e-08;
800386.69244617177173;1.621422107689340919e-08;
800720.04800320893992;1.4700098027731201e-08;
801053.4035602461081;1.5281955256796209142e-08;
801386.75911728327628;1.5372560113746658317e-08;
801720.11467432044446;1.4432368189432054351e-08;
802053.47023135761265;1.5792705809758444957e-08;
802386.82578839478083;1.6138459457692988508e-08;
802720.18134543194901;1.4769288902982680156e-08;
803053.53690246911719;1.4448501950425907125e-08;
803386.89245950628538;1.4989401719844863692e-08;
803720.24801654345356;1.5902591243843744451e-08;
804053.60357358062174;1.5939789932417625096e-08;
804386.95913061778992;1.5490728699774081178e-08;
804720.31468765495811;1.5285149146393450792e-08;
805053.67024469212629;1.4654692570559291198e-08;
805387.02580172929447;1.5332590308503313281e-08;
805720.38135876646265;1.5814139331382648379e-08;
806053.73691580363084;1.4867532982520970108e-08;
806387.09247284079902;1.4938613901449571131e-08;
806720.4480298779672;1.5746220327628179803e-08;
807053.80358691513538;1.5781058237962497515e-08;
807387.15914395230357;1.6026550753167612129e-08;
807720.51470098947175;1.5082829207813119865e-08;
808053.87025802663993;1.4802068015740132978e-08;
808387.22581506380811;1.4663937619729949802e-08;
808720.5813721009763;1.4034820416952697997e-08;
809053.93692913814448;1.4980555462784650445e-08;
809387.29248617531266;1.5521919749517110176e-08;
809720.64804321248084;1.5284934207215883362e-08;
810054.00360024964903;1.5581258949737275543e-08;
810387.35915728681721;1.4807166159869211697e-08;
810720.71471432398539;1.4791410762882151175e-08;
811054.07027136115357;1.5740578618306244607e-08;
811387.42582839832176;1.51532884018479308e-08;
811720.78138543548994;1.4853461571817661024e-08;
812054.13694247265812;1.4986346386081095261e-08;
812387.4924995098263;1.5386717677756678313e-08;
812720.84805654699448;1.4967035610879975138e-08;
813054.20361358416267;1.5300757993941260793e-08;
813387.55917062133085;1.4773726242367501982e-08;
813720.91472765849903;1.577038766242822021e-08;
814054.27028469566721;1.5160157573745891568e-08;
814387.6258417328354;1.5474817871563573135e-08;
814720.98139877000358;1.4729877761965326499e-08;
815054.33695580717176;1.5035871214763574244e-08;
815387.69251284433994;1.5012828313842874195e-08;
815721.04806988150813;1.4856201602242435911e-08;
816054.40362691867631;1.486740242029327419e-08;
816387.75918395584449;1.5862356761431328778e-08;
816721.11474099301267;1.5458107682775334979e-08;
817054.47029803018086;1.4030284489763289457e-08;
817387.82585506734904;1.5834237032663622813e-08;
817721.18141210451722;1.4741319276367903512e-08;
818054.5369691416854;1.5128843955380943953e-08;
818387.89252617885359;1.5625115423745228327e-08;
818721.24808321602177;1.5533512254251036211e-08;
819054.60364025318995;1.4272140802518151759e-08;
819387.95919729035813;1.5251702123464383476e-08;
819721.31475432752632;1.5552078735936447629e-08;
820054.6703113646945;1.4906579082207827014e-08;
820388.02586840186268;1.5728886637589312159e-08;
820721.38142543903086;1.6018839588127775642e-08;
821054.73698247619905;1.5567303890406947176e-08;
821388.09253951336723;1.4510771251252663205e-08;
821721.44809655053541;1.5569410649618475873e-08;
822054.80365358770359;1.657755710482433642e-08;
822388.15921062487178;1.4454595742563469685e-08;
822721.51476766203996;1.5016521359711987316e-08;
823054.87032469920814;1.4663911862555778498e-08;
823388.22588173637632;1.4864503405931372981e-08;
823721.58143877354451;1.5912007711449405178e-08;
824054.93699581071269;1.4975977791209515999e-08;
824388.29255284788087;1.5770138972470704175e-08;
824721.64810988504905;1.5575620793129019148e-08;
825055.00366692221723;1.4955865879073826363e-08;
825388.35922395938542;1.5469844072413252434e-08;
825721.7147809965536;1.5674270770205112058e-08;
826055.07033803372178;1.4373263468314689817e-08;
826388.42589507088996;1.500194102277419006e-08;
826721.78145210805815;1.4514545121357969037e-08;
827055.13700914522633;1.602925436827717931e-08;
827388.49256618239451;1.4943967840963523486e-08;
827721.84812321956269;1.4885748633730599977e-08;
828055.20368025673088;1.5225200655777371139e-08;
828388.55923729389906;1.479647870894496009e-08;
828721.91479433106724;1.5476448567142142565e-08;
829055.27035136823542;1.524144366271684703e-08;
829388.62590840540361;1.4967850958669259853e-08;
829721.98146544257179;1.5456668833735420776e-08;
830055.33702247973997;1.5785412088575867529e-08;
830388.69257951690815;1.5341104386834558682e-08;
830722.04813655407634;1.515392789031011489e-08;
831055.40369359124452;1.5038670753142469039e-08;
831388.7592506284127;1.5210043002866768802e-08;
831722.11480766558088;1.48688910073246916e-08;
832055.47036470274907;1.5195940505918770214e-08;
832388.82592173991725;1.5368078365440851485e-08;
832722.18147877708543;1.5778368833707645535e-08;
833055.53703581425361;1.4807088000168278086e-08;
833388.8925928514218;1.5480065229667161475e-08;
833722.24814988858998;1.5234403960562303837e-08;
834055.60370692575816;1.5431327327064536803e-08;
834388.95926396292634;1.4696870387354010745e-08;
834722.31482100009453;1.55788217881536184e-08;
835055.67037803726271;1.4872731490811474941e-08;
835389.02593507443089;1.5885586179820165853e-08;
835722.38149211159907;1.5324754798484718776e-08;
836055.73704914876726;1.4607707043978734873e-08;
836389.09260618593544;1.6102776001503116277e-08;
836722.44816322310362;1.5309201017998930183e-08;
837055.8037202602718;1.6187922113886088482e-08;
837389.15927729743998;1.4894014022104329342e-08;
837722.51483433460817;1.4956206939586991211e-08;
838055.87039137177635;1.5827174237870167417e-08;
838389.22594840894453;1.4846992080208565312e-08;
838722.58150544611271;1.5867847480421914952e-08;
839055.9370624832809;1.4506438716921365994e-08;
839389.29261952044908;1.5654045171231700806e-08;
839722.64817655761726;1.5804973330091343087e-08;
840056.00373359478544;1.6066213248677740921e-08;
840389.35929063195363;1.5446707024580064171e-08;
840722.71484766912181;1.6045341055814787978e-08;
841056.07040470628999;1.5755933446826020372e-08;
841389.42596174345817;1.5667113828499168449e-08;
841722.78151878062636;1.5630716276859857317e-08;
842056.13707581779454;1.6069121144823839131e-08;
842389.49263285496272;1.4813384296985532274e-08;
842722.8481898921309;1.543889283084354247e-08;
843056.20374692929909;1.505109281652039499e-08;
843389.55930396646727;1.5916901574541952868e-08;
843722.91486100363545;1.467293042622941357e-08;
844056.27041804080363;1.5146103038432556787e-08;
844389.62597507797182;1.5868627301074411662e-08;
844722.98153211514;1.4632183464868830924e-08;
845056.33708915230818;1.4998304820323937747e-08;
845389.69264618947636;1.4972478368235897506e-08;
845723.04820322664455;1.5102555650514659646e-08;
846056.40376026381273;1.5955450294313777704e-08;
846389.75931730098091;1.5873897751816912205e-08;
846723.11487433814909;1.546272443420093623e-08;
847056.47043137531728;1.500768753714964987e-08;
847389.82598841248546;1.5276613751780132588e-08;
847723.18154544965364;1.5481152360052874428e-08;
848056.53710248682182;1.5422303434320383531e-08;
848389.89265952399001;1.5418917698184486653e-08;
848723.24821656115819;1.5021930366287961078e-08;
849056.60377359832637;1.5056832225468497199e-08;
849389.95933063549455;1.6067343011627599481e-08;
849723.31488767266273;1.5838326206107922189e-08;
850056.67044470983092;1.5856144841563946102e-08;
850390.0260017469991;1.5251407248229043034e-08;
850723.38155878416728;1.5133894137875358865e-08;
851056.73711582133546;1.55795341072462179e-08;
851390.09267285850365;1.5567524158655032807e-08;
851723.44822989567183;1.6419454240690356528e-08;
852056.80378693284001;1.5323164959113455552e-08;
852390.15934397000819;1.5302182632126459794e-08;
852723.51490100717638;1.5557654720055325015e-08;
853056.87045804434456;1.5843001577309223649e-08;
853390.22601508151274;1.5951583165474403359e-08;
853723.58157211868092;1.5331782066141386167e-08;
854056.93712915584911;1.5063552183391948347e-08;
854390.29268619301729;1.50313024249726368e-08;
854723.64824323018547;1.5446001810914822272e-08;
855057.00380026735365;1.5292213717543745588e-08;
855390.35935730452184;1.5544486586804850958e-08;
855723.71491434169002;1.4932631131614471087e-08;
856057.0704713788582;1.5358793348241306376e-08;
856390.42602841602638;1.6571734207104782399e-08;
856723.78158545319457;1.6955262083229172276e-08;
857057.13714249036275;1.5068845726773361093e-08;
857390.49269952753093;1.5440765110952270334e-08;
857723.84825656469911;1.5416182108651810267e-08;
858057.2038136018673;1.549619987883943395e-08;
858390.55937063903548;1.5013039700306762825e-08;
858723.91492767620366;1.4883577925672852871e-08;
859057.27048471337184;1.5349757020999277302e-08;
859390.62604175054003;1.5926270080512949789e-08;
859723.98159878770821;1.5777843032083183061e-08;
860057.33715582487639;1.5140887654752077651e-08;
860390.69271286204457;1.5577372280972667795e-08;
860724.04826989921276;1.6183458129148675653e-08;
861057.40382693638094;1.4581452489892399171e-08;
861390.75938397354912;1.5496336658316067769e-08;
861724.1149410107173;1.5022431298916671949e-08;
862057.47049804788548;1.4906657241908760625e-08;
862390.82605508505367;1.5860823765478926362e-08;
862724.18161212222185;1.5909856543316891475e-08;
863057.53716915939003;1.5187479718292706821e-08;
863390.89272619655821;1.5102926909094094299e-08;
863724.2482832337264;1.5221001348209028947e-08;
864057.60384027089458;1.5417860765865043504e-08;
864390.95939730806276;1.60433675233662143e-08;
864724.31495434523094;1.6410400149879933451e-08;
865057.67051138239913;1.5986987733640489751e-08;
865391.02606841956731;1.5479846737775915244e-08;
865724.38162545673549;1.5182758161813580955e-08;
866057.73718249390367;1.7288369846824025444e-08;
866391.09273953107186;1.5236063077850303671e-08;
866724.44829656824004;1.5987772883363504661e-08;
867057.80385360540822;1.5209614900868473342e-08;
867391.1594106425764;1.5030906297397450544e-08;
867724.51496767974459;1.5906641337437577022e-08;
868057.87052471691277;1.5341965919901667803e-08;
868391.22608175408095;1.5753608195723245444e-08;
868724.58163879124913;1.4914935064780365792e-08;
869057.93719582841732;1.5190682489674145472e-08;
869391.2927528655855;1.5542493514431043877e-08;
869724.64830990275368;1.5724189950105937896e-08;
870058.00386693992186;1.6159452442821020668e-08;
870391.35942397709005;1.4816741611411998747e-08;
870724.71498101425823;1.5611616888122625824e-08;
871058.07053805142641;1.6086124432490578329e-08;
871391.42609508859459;1.5225174010424780136e-08;
871724.78165212576278;1.5396317110116797267e-08;
872058.13720916293096;1.5940265996050584363e-08;
872391.49276620009914;1.4717772778283233492e-08;
872724.84832323726732;1.5306378386981123185e-08;
873058.20388027443551;1.5452460644382881583e-08;
873391.55943731160369;1.5454279633786427439e-08;
873724.91499434877187;1.6249037670945654099e-08;
874058.27055138594005;1.5150307675071417179e-08;
874391.62610842310824;1.5720710067057552806e-08;
874724.98166546027642;1.5595114533084597497e-08;
875058.3372224974446;1.5737068537191589712e-08;
875391.69277953461278;1.576584551798987377e-08;
875725.04833657178096;1.5445024814653152134e-08;
876058.40389360894915;1.5957132504240689741e-08;
876391.75945064611733;1.5626596905349288136e-08;
876725.11500768328551;1.559960871588828013e-08;
877058.47056472045369;1.5259340457873804553e-08;
877391.82612175762188;1.5090117599925179093e-08;
877725.18167879479006;1.5825172283712163335e-08;
878058.53723583195824;1.4834686368203620077e-08;
878391.89279286912642;1.6288877802139722917e-08;
878725.24834990629461;1.5061672797855862882e-08;
879058.60390694346279;1.4725970665097065648e-08;
879391.95946398063097;1.6008204539730286342e-08;
879725.31502101779915;1.5898931948754579935e-08;
880058.67057805496734;1.5889689564119180432e-08;
880392.02613509213552;1.5663838226487314387e-08;
880725.3816921293037;1.5533538899603627215e-08;
881058.73724916647188;1.4929115721429297992e-08;
881392.09280620364007;1.5078246207167467219e-08;
881725.44836324080825;1.5380582141233389848e-08;
882058.80392027797643;1.5485369431189610623e-08;
882392.15947731514461;1.5741104419930707081e-08;
882725.5150343523128;1.581400077554917516e-08;
883058.87059138948098;1.4981608842390414793e-08;
883392.22614842664916;1.6128284485716903873e-08;
883725.58170546381734;1.6927939938682357024e-08;
884058.93726250098553;1.5516521401082172815e-08;
884392.29281953815371;1.4915668700155038096e-08;
884725.64837657532189;1.5941470365987697733e-08;
885059.00393361249007;1.4943390524990718404e-08;
885392.35949064965826;1.6141861181040439988e-08;
885725.71504768682644;1.6474814401590265334e-08;
886059.07060472399462;1.621393508344226575e-08;
886392.4261617611628;1.6117464696208116948e-08;
886725.78171879833099;1.5391421470667410176e-08;
887059.13727583549917;1.6313677519974589814e-08;
887392.49283287266735;1.5541019138254341669e-08;
887725.84838990983553;1.5309630896354065044e-08;
888059.20394694700371;1.5162555655479081906e-08;
888392.5595039841719;1.6040324624100321671e-08;
888725.91506102134008;1.5341992565254258807e-08;
889059.27061805850826;1.5946932663268853503e-08;
889392.62617509567644;1.5786687512786556908e-08;
889725.98173213284463;1.5160717126150302647e-08;
890059.33728917001281;1.5239221440310757316e-08;
890392.69284620718099;1.6280610637409154151e-08;
890726.04840324434917;1.6030663019250823709e-08;
891059.40396028151736;1.6401724423076302628e-08;
891392.75951731868554;1.6047060569235327421e-08;
891726.11507435585372;1.5235071870733918331e-08;
892059.4706313930219;1.5546779863484516682e-08;
892392.82618843019009;1.5584406654056692787e-08;
892726.18174546735827;1.5950657683561075828e-08;
893059.53730250452645;1.611726752059894352e-08;
893392.89285954169463;1.5991622248634485004e-08;
893726.24841657886282;1.5845479595100186998e-08;
894059.603973616031;1.5601280267674155766e-08;
894392.95953065319918;1.570988850119192648e-08;
894726.31508769036736;1.5797146701856945583e-08;
895059.67064472753555;1.4860560781926324125e-08;
895393.02620176470373;1.5942422493253616267e-08;
895726.38175880187191;1.6690734128133044578e-08;
896059.73731583904009;1.5852606338739860803e-08;
896393.09287287620828;1.5520637219879063196e-08;
896726.44842991337646;1.6127945201560578425e-08;
897059.80398695054464;1.6437375904843065655e-08;
897393.15954398771282;1.4343221721446752781e-08;
897726.51510102488101;1.5922998031214774528e-08;
898059.87065806204919;1.6458439944244673825e-08;
898393.22621509921737;1.5826255861384197487e-08;
898726.58177213638555;1.6094519494913583912e-08;
899059.93732917355374;1.5487326976426629699e-08;
899393.29288621072192;1.6827575777256242873e-08;
899726.6484432478901;2.9345859076101987739e-08;
900060.00400028505828;1.6492911925070075085e-08;
900393.35955732222646;1.5849598966610756179e-08;
900726.71511435939465;1.6184310780431587773e-08;
901060.07067139656283;1.6146314507636816415e-08;
901393.42622843373101;1.6412359471473791928e-08;
901726.78178547089919;1.5020294341638873448e-08;
902060.13734250806738;1.5924731755490029173e-08;
902393.49289954523556;1.5137297637579649745e-08;
902726.84845658240374;1.6198219654484091734e-08;
903060.20401361957192;1.5989261470394922071e-08;
903393.55957065674011;1.5517420237642909342e-08;
903726.91512769390829;1.5467451319750580296e-08;
904060.27068473107647;1.6332631247450990486e-08;
904393.62624176824465;1.5445621670551190618e-08;
904726.98179880541284;1.4699194750278365973e-08;
905060.33735584258102;1.5702768862979610276e-08;
905393.6929128797492;1.6219262377603627101e-08;
905727.04846991691738;1.61589710501175432e-08;
906060.40402695408557;1.6293141058554283518e-08;
906393.75958399125375;1.6274233516355707252e-08;
906727.11514102842193;1.5020425792044989066e-08;
907060.47069806559011;1.6323395968242948584e-08;
907393.8262551027583;1.5875320613645271806e-08;
907727.18181213992648;1.4810989767966020736e-08;
908060.53736917709466;1.5801086661326735339e-08;
908393.89292621426284;1.6005589742462689173e-08;
908727.24848325143103;1.5293235122726400732e-08;
909060.60404028859921;1.6961010373961471487e-08;
909393.95959732576739;1.5379555406980216503e-08;
909727.31515436293557;1.4668497527736690245e-08;
910060.67071140010376;1.5729412439213774633e-08;
910394.02626843727194;1.659571147172300698e-08;
910727.38182547444012;1.6213622444638531306e-08;
911060.7373825116083;1.5387257690235855989e-08;
911394.09293954877649;1.5959571442181186285e-08;
911727.44849658594467;1.5647035667143427418e-08;
912060.80405362311285;1.6409707370712567354e-08;
912394.15961066028103;1.577279817865928635e-08;
912727.51516769744921;1.5490538629592265352e-08;
913060.8707247346174;1.6444134942616983608e-08;
913394.22628177178558;1.6111179945710318862e-08;
913727.58183880895376;1.5911981066096814175e-08;
914060.93739584612194;1.5323758262297815236e-08;
914394.29295288329013;1.5960889498956021271e-08;
914727.64850992045831;1.6257574841915811703e-08;
915061.00406695762649;1.5337842995677419822e-08;
915394.35962399479467;1.5646540063585234748e-08;
915727.71518103196286;1.5715325929477330646e-08;
916061.07073806913104;1.5384770790660695639e-08;
916394.42629510629922;1.5335364977886456472e-08;
916727.7818521434674;1.6473771680125537387e-08;
917061.13740918063559;1.6032775107532870607e-08;
917394.49296621780377;1.5473268888399616117e-08;
917727.84852325497195;1.6459162921478309727e-08;
918061.20408029214013;1.5405081654762398102e-08;
918394.55963732930832;1.566782970030544675e-08;
918727.9151943664765;1.5331835356846568175e-08;
919061.27075140364468;1.5440791756304861337e-08;
919394.62630844081286;1.5018104093655892939e-08;
919727.98186547798105;1.6203827613026078325e-08;
920061.33742251514923;1.6806806613089975144e-08;
920394.69297955231741;1.5925236240832418844e-08;
920728.04853658948559;1.5795535546203609556e-08;
921061.40409362665378;1.5855531998454353015e-08;
921394.75965066382196;1.6130721647300561017e-08;
921728.11520770099014;1.6269545710656529991e-08;
922061.47076473815832;1.6489407173025938391e-08;
922394.82632177532651;1.612428945918509271e-08;
922728.18187881249469;1.6169362737628034665e-08;
923061.53743584966287;1.5380150486521415587e-08;
923394.89299288683105;1.5367808359201262647e-08;
923728.24854992399924;1.5494348915012778889e-08;
924061.60410696116742;1.531350513062079699e-08;
924394.9596639983356;1.6080303311127863708e-08;
924728.31522103550378;1.6352528220409112691e-08;
925061.67077807267196;1.6128993252095824573e-08;
925395.02633510984015;1.6219091847347044677e-08;
925728.38189214700833;1.6246126222085877089e-08;
926061.73744918417651;1.5992521085195221531e-08;
926395.09300622134469;1.5593526470070173673e-08;
926728.44856325851288;1.6036407757269444119e-08;
927061.80412029568106;1.5335311687181274465e-08;
927395.15967733284924;1.5481180781762304832e-08;
927728.51523437001742;1.7061751123037538491e-08;
928061.87079140718561;1.6287476256593436119e-08;
928395.22634844435379;1.6486394471826315566e-08;
928728.58190548152197;1.6208382191962300567e-08;
929061.93746251869015;1.5568700106882715772e-08;
929395.29301955585834;1.667478954914258793e-08;
929728.64857659302652;1.5266392594526223547e-08;
930062.0041336301947;1.5836183919759605487e-08;
930395.35969066736288;1.6335501840103461291e-08;
930728.71524770453107;1.7461157852949327207e-08;
931062.07080474169925;1.6822788495574059198e-08;
931395.42636177886743;1.590024467645889672e-08;
931728.78191881603561;1.5885810000781930285e-08;
932062.1374758532038;1.7630407356250543671e-08;
932395.49303289037198;1.5784108242655747745e-08;
932728.84858992754016;1.6713119777023166534e-08;
933062.20414696470834;1.5836462807783391327e-08;
933395.55970400187653;1.5793123253615704016e-08;
933728.91526103904471;1.6544159819886772311e-08;
934062.27081807621289;1.6335443220327761082e-08;
934395.62637511338107;1.5873228065288458311e-08;
934728.98193215054926;1.6708629146933162701e-08;
935062.33748918771744;1.6168341332445379521e-08;
935395.69304622488562;1.6177432726749430003e-08;
935729.0486032620538;1.6849524442363872367e-08;
936062.40416029922199;1.5678098819194019597e-08;
936395.75971733639017;1.5832457123110543762e-08;
936729.11527437355835;1.5752501525412299088e-08;
937062.47083141072653;1.6132110758348972013e-08;
937395.82638844789471;1.5589636248591887124e-08;
937729.1819454850629;1.5970874400750290079e-08;
938062.53750252223108;1.6860717266808933346e-08;
938395.89305955939926;1.6140983660761776264e-08;
938729.24861659656744;1.5785882823138308595e-08;
939062.60417363373563;1.5732368296994536649e-08;
939395.95973067090381;1.6250977452614279173e-08;
939729.31528770807199;1.5994402247088146396e-08;
940062.67084474524017;1.5333586844690216822e-08;
940396.02640178240836;1.6723664231221846421e-08;
940729.38195881957654;1.6586529483220147085e-08;
941062.73751585674472;1.6442054828758045915e-08;
941396.0930728939129;1.573435781665466493e-08;
941729.44862993108109;1.6096327826176093367e-08;
942062.80418696824927;1.5892815952156524872e-08;
942396.15974400541745;1.53852042217295093e-08;
942729.51530104258563;1.5772881667430738162e-08;
943062.87085807975382;1.701344309879004868e-08;
943396.226415116922;1.5947099640811757126e-08;
943729.58197215409018;1.5746607573419169057e-08;
944062.93752919125836;1.6165728311534621753e-08;
944396.29308622842655;1.5598812908024228818e-08;
944729.64864326559473;1.6528414192862328491e-08;
945063.00420030276291;1.6363447485900906031e-08;
945396.35975733993109;1.6375553357761418738e-08;
945729.71531437709928;1.6013999015740409959e-08;
946063.07087141426746;1.5876993941787986842e-08;
946396.42642845143564;1.6305310879261014634e-08;
946729.78198548860382;1.5817917642380052712e-08;
947063.13754252577201;1.570527885519368283e-08;
947396.49309956294019;1.557570250554363156e-08;
947729.84865660010837;1.5912203110701739206e-08;
948063.20421363727655;1.6358388421622294118e-08;
948396.55977067444474;1.6831183557997064781e-08;
948729.91532771161292;1.6530766089317694423e-08;
949063.2708847487811;1.5745584391879674513e-08;
949396.62644178594928;1.709337205113570235e-08;
949729.98199882311746;1.6808874292451037036e-08;
950063.33755586028565;1.7118704676022389322e-08;
950396.69311289745383;1.6207527764322549046e-08;
950730.04866993462201;1.5676722142643484403e-08;
951063.40422697179019;1.6509986267010390293e-08;
951396.75978400895838;1.7044795797005463101e-08;
951730.11534104612656;1.5802863018166135589e-08;
952063.47089808329474;1.6335643948650613311e-08;
952396.82645512046292;1.6189231288876726467e-08;
952730.18201215763111;1.5947996701015654253e-08;
953063.53756919479929;1.5897116512064712879e-08;
953396.89312623196747;1.6662989210658452066e-08;
953730.24868326913565;1.5386635965342065901e-08;
954063.60424030630384;1.7159109688691387419e-08;
954396.95979734347202;1.6817823578207935498e-08;
954730.3153543806402;1.6342360353860385658e-08;
955063.67091141780838;1.5884470627725022496e-08;
955397.02646845497657;1.6484511533576551301e-08;
955730.38202549214475;1.7148863662441726774e-08;
956063.73758252931293;1.5623742299908371933e-08;
956397.09313956648111;1.6078466558155923849e-08;
956730.4486966036493;1.5526801178111782065e-08;
957063.80425364081748;1.7688668307869193086e-08;
957397.15981067798566;1.6512887057729130902e-08;
957730.51536771515384;1.6872599317707681621e-08;
958063.87092475232203;1.5624703308958487469e-08;
958397.22648178949021;1.5896642224788593012e-08;
958730.58203882665839;1.5512842566067774897e-08;
959063.93759586382657;1.6359710031110807904e-08;
959397.29315290099476;1.5766177696718841617e-08;
959730.64870993816294;1.6187183149440897978e-08;
960064.00426697533112;1.5878192982654582011e-08;
960397.3598240124993;1.5986397983169808867e-08;
960730.71538104966749;1.5544813436463300604e-08;
961064.07093808683567;1.5709474610048346221e-08;
961397.42649512400385;1.6624277066057402408e-08;
961730.78205216117203;1.6575869565826906182e-08;
962064.13760919834021;1.7219745629404314968e-08;
962397.4931662355084;1.7521475825788002112e-08;
962730.84872327267658;1.6581111594859976321e-08;
963064.20428030984476;1.6603321384422997653e-08;
963397.55983734701294;1.6708980865587363951e-08;
963730.91539438418113;1.6073327557819538924e-08;
964064.27095142134931;1.5598867975086250226e-08;
964397.62650845851749;1.6161155969030005508e-08;
964730.98206549568567;1.6977526939854215016e-08;
965064.33762253285386;1.6636956701177041396e-08;
965397.69317957002204;1.5978169898289706907e-08;
965731.04873660719022;1.6197793328842635674e-08;
966064.4042936443584;1.5432737754395020602e-08;
966397.75985068152659;1.6526643165093446441e-08;
966731.11540771869477;1.6517848422381575801e-08;
967064.47096475586295;1.5481505855063915078e-08;
967397.82652179303113;1.6129360957961580425e-08;
967731.18207883019932;1.6556951365487293515e-08;
968064.5376358673675;1.7157331555495147768e-08;
968397.89319290453568;1.555371831329921406e-08;
968731.24874994170386;1.6138601566240140528e-08;
969064.60430697887205;1.5977889233909081668e-08;
969397.95986401604023;1.602365173880571092e-08;
969731.31542105320841;1.6644060352177802997e-08;
970064.67097809037659;1.6955469916979382106e-08;
970398.02653512754478;1.6617795139950430894e-08;
970731.38209216471296;1.5714634926666803949e-08;
971064.73764920188114;1.5516874896093213465e-08;
971398.09320623904932;1.6673119773713551695e-08;
971731.44876327621751;1.622088774411167833e-08;
972064.80432031338569;1.6897040211460989667e-08;
972398.15987735055387;1.6867620189486842719e-08;
972731.51543438772205;1.6895199905775371008e-08;
973064.87099142489024;1.7183603873149877472e-08;
973398.22654846205842;1.6625300247596896952e-08;
973731.5821054992266;1.5817278153917868622e-08;
974064.93766253639478;1.5739418657290116244e-08;
974398.29321957356296;1.575662622599338647e-08;
974731.64877661073115;1.620308687222404842e-08;
975065.00433364789933;1.6860955298625412979e-08;
975398.35989068506751;1.5512814144358344493e-08;
975731.71544772223569;1.6766612986884865677e-08;
976065.07100475940388;1.6531405577779878513e-08;
976398.42656179657206;1.648202108128771215e-08;
976731.78211883374024;1.6428197469053884561e-08;
977065.13767587090842;1.6662843549397621246e-08;
977398.49323290807661;1.7083134906670238706e-08;
977731.84878994524479;1.5936793218429556873e-08;
978065.20434698241297;1.6736331431843609607e-08;
978398.55990401958115;1.6486625398215437599e-08;
978731.91546105674934;1.6390519164133365848e-08;
979065.27101809391752;1.6070870856310648378e-08;
979398.6265751310857;1.5498812899750191718e-08;
979731.98213216825388;1.6956006376744880981e-08;
980065.33768920542207;1.7189250911542330869e-08;
980398.69324624259025;1.6352842635569686536e-08;
980732.04880327975843;1.6318550066785064701e-08;
981065.40436031692661;1.7081154268794307427e-08;
981398.7599173540948;1.6309092742972097767e-08;
981732.11547439126298;1.5936514330405771034e-08;
982065.47103142843116;1.5939649600227312476e-08;
982398.82658846559934;1.6286188397884870938e-08;
982732.18214550276753;1.6062319474485775572e-08;
983065.53770253993571;1.635272894873196492e-08;
983398.89325957710389;1.625017809203654906e-08;
983732.24881661427207;1.7383539940851733263e-08;
984065.60437365144026;1.7217084646858893393e-08;
984398.95993068860844;1.6333405739032968995e-08;
984732.31548772577662;1.603457633336802246e-08;
985065.6710447629448;1.7020708398263195704e-08;
985399.02660180011299;1.5586541834977651888e-08;
985732.38215883728117;1.6868893837340692698e-08;
986065.73771587444935;1.6249979140070536232e-08;
986399.09327291161753;1.5589444402053231897e-08;
986732.44882994878571;1.6127632562756843981e-08;
987065.8043869859539;1.6517587297926183965e-08;
987399.15994402312208;1.679990013769838697e-08;
987732.51550106029026;1.5564680211355153006e-08;
988065.87105809745844;1.6494968946290100575e-08;
988399.22661513462663;1.5756237203845557815e-08;
988732.58217217179481;1.6063475882788225135e-08;
989065.93772920896299;1.6867323537894662877e-08;
989399.29328624613117;1.6084767295865276537e-08;
989732.64884328329936;1.6866582797092632973e-08;
990066.00440032046754;1.6278750791798302089e-08;
990399.35995735763572;1.6286245241303731746e-08;
990732.7155143948039;1.6240019107272019028e-08;
991066.07107143197209;1.6353418175185652217e-08;
991399.42662846914027;1.6191251006603124551e-08;
991732.78218550630845;1.7072544267193734413e-08;
992066.13774254347663;1.6435787841828641831e-08;
992399.49329958064482;1.6070785591182357166e-08;
992732.848856617813;1.6219576792764200945e-08;
993066.20441365498118;1.6576858996586452122e-08;
993399.55997069214936;1.6913077161007095128e-08;
993732.91552772931755;1.7187046452704635158e-08;
994066.27108476648573;1.6561228832756569318e-08;
994399.62664180365391;1.6634501776024990249e-08;
994732.98219884082209;1.7006271946229389869e-08;
995066.33775587799028;1.5824532795249979245e-08;
995399.69331291515846;1.5600239322566267219e-08;
995733.04886995232664;1.7512121530671720393e-08;
996066.40442698949482;1.6901998023399755766e-08;
996399.75998402666301;1.6534512425891989551e-08;
996733.11554106383119;1.66369868992433112e-08;
997066.47109810099937;1.6602330177306612313e-08;
997399.82665513816755;1.6819390324940286519e-08;
997733.18221217533574;1.7581539779598642781e-08;
998066.53776921250392;1.6441564554270371445e-08;
998399.8933262496721;1.6601134689153695945e-08;
998733.24888328684028;1.6175727424183605763e-08;
999066.60444032400846;1.7115457495719965664e-08;
999399.95999736117665;1.7192361312368120707e-08;
999733.31555439834483;1.7084456516158752493e-08;
1000066.671111435513;1.662968074356285797e-08;
1000400.0266684726812;1.6624657206421034061e-08;
1000733.3822255098494;1.6532974100869068934e-08;
1001066.7377825470176;1.6745271835816311068e-08;
1001400.0933395841857;1.6238992373018845683e-08;
1001733.4488966213539;1.6158715254732669564e-08;
1002066.8044536585221;1.5654624263561345288e-08;
1002400.1600106956903;1.7026030363354038855e-08;
1002733.5155677328585;1.5990019974765345978e-08;
1003066.8711247700267;1.6331512142642168328e-08;
1003400.2266818071948;1.7207741009883648076e-08;
1003733.582238844363;1.5441713685504510067e-08;
1004066.9377958815312;1.5886813642396191426e-08;
1004400.2933529186994;1.6442747607925412012e-08;
1004733.6489099558676;1.6171409100707023754e-08;
1005067.0044669930357;1.7217175241057702806e-08;
1005400.3600240302039;1.6007643210969035863e-08;
1005733.7155810673721;1.631812018842992984e-08;
1006067.0711381045403;1.6242758249518374214e-08;
1006400.4266951417085;1.5656906882099974609e-08;
1006733.7822521788767;1.6737889296791763627e-08;
1007067.1378092160448;1.5279484344432603393e-08;
1007400.493366253213;1.7168396482247771928e-08;
1007733.8489232903812;1.7082175673976962571e-08;
1008067.2044803275494;1.6962262705533248663e-08;
1008400.5600373647176;1.8005446023039439751e-08;
1008733.9155944018858;1.7461772472415759694e-08;
1009067.2711514390539;1.6434979599466714717e-08;
1009400.6267084762221;1.666436588720898726e-08;
1009733.9822655133903;1.6350574227885772416e-08;
1010067.3378225505585;1.7134230034798747511e-08;
1010400.6933795877267;1.6820807857698127918e-08;
1010734.0489366248948;1.6831478433232405223e-08;
1011067.404493662063;1.6779017286694397626e-08;
1011400.7600506992312;1.7403188223852339434e-08;
1011734.1156077363994;1.7138352959022995492e-08;
1012067.4711647735676;1.6339662067821336677e-08;
1012400.8267218107358;1.5783857776341392309e-08;
1012734.1822788479039;1.6304337435713023297e-08;
1013067.5378358850721;1.7332220991761460027e-08;
1013400.8933929222403;1.5893542482103839575e-08;
1013734.2489499594085;1.6238791644695993455e-08;
1014067.6045069965767;1.6868982655182662711e-08;
1014400.9600640337449;1.7094812676532455953e-08;
1014734.315621070913;1.620194822748999286e-08;
1015067.6711781080812;1.5713668588546170213e-08;
1015401.0267351452494;1.7136548180474164838e-08;
1015734.3822921824176;1.7183182876578939613e-08;
1016067.7378492195858;1.6100429434118268546e-08;
1016401.093406256754;1.6167403416034176189e-08;
1016734.4489632939221;1.7734189228235663904e-08;
1017067.8045203310903;1.5966104882636500406e-08;
1017401.1600773682585;1.7206986058226902969e-08;
1017734.5156344054267;1.7545747965641567134e-08;
1018067.8711914425949;1.7452816081231503631e-08;
1018401.226748479763;1.7453553269319854735e-08;
1018734.5823055169312;1.6480516507044740138e-08;
1019067.9378625540994;1.7651355932457590825e-08;
1019401.2934195912676;1.8175851934643105778e-08;
1019734.6489766284358;1.6892441223603782419e-08;
1020068.004533665604;1.6929963209122433909e-08;
1020401.3600907027721;1.7647728611791535513e-08;
1020734.7156477399403;1.6015320625228923745e-08;
1021068.0712047771085;1.6264259272702474846e-08;
1021401.4267618142767;1.6089458654278132599e-08;
1021734.7823188514449;1.7023788601022715739e-08;
1022068.1378758886131;1.6239276590113149723e-08;
1022401.4934329257812;1.6673237013264952111e-08;
1022734.8489899629494;1.7194897949934784265e-08;
1023068.2045470001176;1.7091089432597073028e-08;
1023401.5601040372858;1.7009767816489329562e-08;
1023734.915661074454;1.6787597090228700836e-08;
1024068.2712181116221;1.7172560262679326115e-08;
1024401.6267751487903;1.7873430735448891937e-08;
1024734.9823321859585;1.7482120640011089563e-08;
1025068.3378892231267;1.6296720417585675023e-08;
1025401.6934462602949;1.6538260538823124079e-08;
1025735.0490032974631;1.6958180637516306888e-08;
1026068.4045603346312;1.6904909472259532777e-08;
1026401.7601173717994;1.7107971927998733008e-08;
1026735.1156744089676;1.6957972803766097059e-08;
1027068.4712314461358;1.7461925239103948115e-08;
1027401.826788483304;1.7242994587718385446e-08;
1027735.1823455204722;1.6910730593622247397e-08;
1028068.5379025576403;1.6405614644554589177e-08;
1028401.8934595948085;1.6327181384667710518e-08;
1028735.2490166319767;1.6218038467741280328e-08;
1029068.6045736691449;1.7173675814774469472e-08;
1029401.9601307063131;1.7251780448646059085e-08;
1029735.3156877434812;1.6455288687211577781e-08;
1030068.6712447806494;1.6056704410516431381e-08;
1030402.0268018178176;1.672181326739519136e-08;
1030735.3823588549858;1.6340839792405859043e-08;
1031068.737915892154;1.7102413707448249625e-08;
1031402.0934729293222;1.5965937905093596783e-08;
1031735.4490299664903;1.7201786661757978436e-08;
1032068.8045870036585;1.6818207271285245952e-08;
1032402.1601440408267;1.7228430237992142793e-08;
1032735.5157010779949;1.7242479444234959374e-08;
1033068.8712581151631;1.6927552692891367769e-08;
1033402.2268151523313;1.6699591043334294227e-08;
1033735.5823721894994;1.6878232145245419815e-08;
1034068.9379292266676;1.7056477119581359148e-08;
1034402.2934862638358;1.7273341867962699325e-08;
1034735.649043301004;1.6906749777945151436e-08;
1035069.0046003381722;1.7509076855048988364e-08;
1035402.3601573753403;1.6216585407846650924e-08;
1035735.7157144125085;1.69504659197627916e-08;
1036069.0712714496767;1.7661871964946840308e-08;
1036402.4268284868449;1.5791901120110196644e-08;
1036735.7823855240131;1.6988325413080929138e-08;
1037069.1379425611813;1.6222170273749725311e-08;
1037402.4934995983494;1.6127973623270008829e-08;
1037735.8490566355176;1.6920090217809047317e-08;
1038069.2046136726858;1.5521182561428759072e-08;
1038402.560170709854;1.7810492636272101663e-08;
1038735.9157277470222;1.7538445362674792705e-08;
1039069.2712847841904;1.8036311999480858503e-08;
1039402.6268418213585;1.6410687919687916292e-08;
1039735.9823988585267;1.7483687386743440584e-08;
1040069.3379558956949;1.8035837712204738637e-08;
1040402.6935129328631;1.7376914129840770329e-08;
1040736.0490699700313;1.6495867782850837102e-08;
1041069.4046270071995;1.7381157846330097527e-08;
1041402.7601840443676;1.6438647776340076234e-08;
1041736.1157410815358;1.7260814999531248759e-08;
1042069.471298118704;1.7052432355058044777e-08;
1042402.8268551558722;1.6348419507039579912e-08;
1042736.1824121930404;1.7548799746691656765e-08;
1043069.5379692302085;1.704770014043788251e-08;
1043402.8935262673767;1.717075015505997726e-08;
1043736.2490833045449;1.7366630800097482279e-08;
1044069.6046403417131;1.6337423858203692362e-08;
1044402.9601973788813;1.6495578236686014861e-08;
1044736.3157544160495;1.7301859500662430946e-08;
1045069.6713114532176;1.7993208700772811426e-08;
1045403.0268684903858;1.7133537255631381413e-08;
1045736.382425527554;1.6798246349480905337e-08;
1046069.7379825647222;1.7273675823048506572e-08;
1046403.0935396018904;1.7784199002335299156e-08;
1046736.4490966390586;1.7436972754580892797e-08;
1047069.8046536762267;1.6694487570134697307e-08;
1047403.1602107133949;1.7712144639858706796e-08;
1047736.5157677505631;1.7013832120937877335e-08;
1048069.8713247877313;1.7896304882469848963e-08;
1048403.2268818248995;1.6935345570345816668e-08;
1048736.5824388619512;1.625194911980543111e-08;
1049069.937995899003;1.6722752960163234093e-08;
1049403.2935529360548;1.6659623014447788591e-08;
1049736.6491099731065;1.7524216744391196698e-08;
1050070.0046670101583;1.7080104441902221879e-08;
1050403.3602240472101;1.758351686476089526e-08;
1050736.7157810842618;1.6952551362692247494e-08;
1051070.0713381213136;1.7279017328064583126e-08;
1051403.4268951583654;1.7276468256000043766e-08;
1051736.7824521954171;1.7521198714121055673e-08;
1052070.1380092324689;1.7639608884678636969e-08;
1052403.4935662695207;1.7499882432048252667e-08;
1052736.8491233065724;1.7028604304414329818e-08;
1053070.2046803436242;1.8028741166631334636e-08;
1053403.560237380676;1.8142928936981661536e-08;
1053736.9157944177277;1.7162426146910547686e-08;
1054070.2713514547795;1.6488364451561210444e-08;
1054403.6269084918313;1.8176297800209795241e-08;
1054736.982465528883;1.7224556003725410847e-08;
1055070.3380225659348;1.7806677021781069925e-08;
1055403.6935796029866;1.7738425839297633502e-08;
1055737.0491366400383;1.7914674188546086953e-08;
1056070.4046936770901;1.8803923751420370536e-08;
1056403.7602507141419;1.6761752874572266592e-08;
1056737.1158077511936;1.7991975909126267652e-08;
1057070.4713647882454;1.6939631919399289472e-08;
1057403.8269218252972;1.7431766252684610663e-08;
1057737.1824788623489;1.6514656309141173551e-08;
1058070.5380358994007;1.7561907483809591213e-08;
1058403.8935929364525;1.7735061419443809427e-08;
1058737.2491499735042;1.7159351273221545853e-08;
1059070.604707010556;1.7706264898720291967e-08;
1059403.9602640476078;1.8089272302290737571e-08;
1059737.3158210846595;1.9899589531746642024e-08;
1060070.6713781217113;1.9053850053296628175e-08;
1060404.0269351587631;1.7304657262684486341e-08;
1060737.3824921958148;1.8926678890807124844e-08;
1061070.7380492328666;1.7348456893273578316e-08;
1061404.0936062699184;1.7208558134029772191e-08;
1061737.4491633069701;1.7846353728145913919e-08;
1062070.8047203440219;1.7981328426230902551e-08;
1062404.1602773810737;1.8442197102785939933e-08;
1062737.5158344181255;1.7352205006204712845e-08;
1063070.8713914551772;1.7818756248288991628e-08;
1063404.226948492229;1.7045902467316409457e-08;
1063737.5825055292808;1.783955205780785036e-08;
1064070.9380625663325;1.7609421476549869112e-08;
1064404.2936196033843;1.7416125430713691458e-08;
1064737.6491766404361;1.8246264943400092307e-08;
1065071.0047336774878;1.7172983035607103375e-08;
1065404.3602907145396;1.7881220060189662036e-08;
1065737.7158477515914;1.8592778872061899165e-08;
1066071.0714047886431;1.7543651864571074839e-08;
1066404.4269618256949;1.6762284005267247267e-08;
1066737.7825188627467;1.7846041089342179475e-08;
1067071.1380758997984;1.7911936822656571167e-08;
1067404.4936329368502;1.7572707733393144736e-08;
1067737.849189973902;1.8177416905018617399e-08;
1068071.2047470109537;1.7020559184288686083e-08;
1068404.5603040480055;1.7575949584625050193e-08;
1068737.9158610850573;1.8068025298134671175e-08;
1069071.271418122109;1.7494594217737358122e-08;
1069404.6269751591608;1.7955443354367162101e-08;
1069737.9825321962126;1.7529911744418313901e-08;
1070071.3380892332643;1.7393192663917034224e-08;
1070404.6936462703161;1.7492290282916655997e-08;
1070738.0492033073679;1.7063129575944913086e-08;
1071071.4047603444196;1.7432714827236850397e-08;
1071404.7603173814714;1.692237994177503424e-08;
1071738.1158744185232;1.7733066570713162946e-08;
1072071.4714314555749;1.7680218178384166094e-08;
1072404.8269884926267;1.7640196858792478452e-08;
1072738.1825455296785;1.809607397262880113e-08;
1073071.5381025667302;1.7579038669168767228e-08;
1073404.893659603782;1.8050672068170570128e-08;
1073738.2492166408338;1.7682362241089322197e-08;
1074071.6047736778855;1.7702005195019410166e-08;
1074404.9603307149373;1.7880905645029088191e-08;
1074738.3158877519891;1.778110636507790332e-08;
1075071.6714447890408;1.738060895206672285e-08;
1075405.0270018260926;1.8067517260078602703e-08;
1075738.3825588631444;1.750621514418071456e-08;
1076071.7381159001961;1.8428789161362146842e-08;
1076405.0936729372479;1.7490016546162223676e-08;
1076738.4492299742997;1.7821072617607569555e-08;
1077071.8047870113514;1.6996475338260097487e-08;
1077405.1603440484032;1.682713346440323221e-08;
1077738.515901085455;1.7406398100661135686e-08;
1078071.8714581225067;1.7489094616962574946e-08;
1078405.2270151595585;1.7268609653342537058e-08;
1078738.5825721966103;1.746422562121097144e-08;
1079071.938129233662;1.716088959824446647e-08;
1079405.2936862707138;1.7995073875454181689e-08;
1079738.6492433077656;1.6627753396392108698e-08;
1080072.0048003448173;1.7641653471400786657e-08;
1080405.3603573818691;1.6685660852999717463e-08;
1080738.7159144189209;1.9603239920229498239e-08;
1081072.0714714559726;1.8292288572752113396e-08;
1081405.4270284930244;1.8038214477655856172e-08;
1081738.7825855300762;1.8223362374669704877e-08;
1082072.1381425671279;1.7333620760950907425e-08;
1082405.4936996041797;1.8008135427294291731e-08;
1082738.8492566412315;1.7665099605324030563e-08;
1083072.2048136782832;1.8297271253686631098e-08;
1083405.560370715335;1.713365804789646063e-08;
1083738.9159277523868;1.8090638320700236363e-08;
1084072.2714847894385;1.8831958215059785289e-08;
1084405.6270418264903;1.684585448913367145e-08;
1084738.9825988635421;1.7823388986926147481e-08;
1085072.3381559005938;1.7949011166251693794e-08;
1085405.6937129376456;1.8223426323515923286e-08;
1085739.0492699746974;1.7837077592730565812e-08;
1086072.4048270117491;1.9075686807923375454e-08;
1086405.7603840488009;1.6713149975089436339e-08;
1086739.1159410858527;1.8370995391592259693e-08;
1087072.4714981229044;1.8235338572480941366e-08;
1087405.8270551599562;1.8267337864585897478e-08;
1087739.182612197008;1.8492450237772573018e-08;
1088072.5381692340598;1.6542967884447534743e-08;
1088405.8937262711115;1.779742042629095522e-08;
1088739.2492833081633;1.7021186238252994372e-08;
1089072.6048403452151;1.7519907302698811691e-08;
1089405.9603973822668;1.7043566558072598127e-08;
1089739.3159544193186;1.6515731005029010703e-08;
1090072.6715114563704;1.6715352657570292649e-08;
1090406.0270684934221;1.6924758483582991175e-08;
1090739.3826255304739;1.775451252683524217e-08;
1091072.7381825675257;1.7540417118766526983e-08;
1091406.0937396045774;1.838274599208489235e-08;
1091739.4492966416292;1.7919269623689615401e-08;
1092072.804853678681;1.9010785834439047903e-08;
1092406.1604107157327;1.7194112800211769354e-08;
1092739.5159677527845;1.775891078636959719e-08;
1093072.8715247898363;1.7720051204150877311e-08;
1093406.227081826888;1.7302953736475501501e-08;
1093739.5826388639398;1.8506977284005188267e-08;
1094072.9381959009916;1.8424225700641727599e-08;
1094406.2937529380433;1.8940681911772117019e-08;
1094739.6493099750951;1.7227067772296322801e-08;
1095073.0048670121469;1.8210208452273946023e-08;
1095406.3604240491986;1.791203096956905938e-08;
1095739.7159810862504;1.7610689795333200891e-08;
1096073.0715381233022;1.7658427609035243222e-08;
1096406.4270951603539;1.7040843403037797543e-08;
1096739.7826521974057;1.8355349240550822287e-08;
1097073.1382092344575;1.8398253587292856537e-08;
1097406.4937662715092;1.8314313621203837101e-08;
1097739.849323308561;1.7707602495420360356e-08;
1098073.2048803456128;1.7765215076792628679e-08;
1098406.5604373826645;1.7825424691864100168e-08;
1098739.9159944197163;1.793479498246597359e-08;
1099073.2715514567681;1.8136015356162715761e-08;
1099406.6271084938198;1.677188521398420562e-08;
1099739.9826655308716;1.7417745468151224486e-08;
1100073.3382225679234;1.8013482261380886484e-08;
1100406.6937796049751;1.785692305134034541e-08;
1100740.0493366420269;1.828586349006400269e-08;
1101073.4048936790787;1.7803516882963776879e-08;
1101406.7604507161304;1.6755276277535813279e-08;
1101740.1160077531822;1.7337031366082555905e-08;
1102073.471564790234;1.8488032438312984596e-08;
1102406.8271218272857;1.7323209533515182557e-08;
1102740.1826788643375;1.7575301214378669101e-08;
1103073.5382359013893;1.9205545598310891364e-08;
1103406.893792938441;1.8171764537555645802e-08;
1103740.2493499754928;1.8201701479370058223e-08;
1104073.6049070125446;1.8069041374246808118e-08;
1104406.9604640495963;1.7789730577533191536e-08;
1104740.3160210866481;1.7910865679482412816e-08;
1105073.6715781236999;1.8220225328491324035e-08;
1105407.0271351607516;1.9712643961611320265e-08;
1105740.3826921978034;1.9018468577769453987e-08;
1106073.7382492348552;1.9069990031539418851e-08;
1106407.0938062719069;1.7667302287804886873e-08;
1106740.4493633089587;1.9074246182526621851e-08;
1107073.8049203460105;1.911849523139608209e-08;
1107407.1604773830622;1.8358896625159104588e-08;
1107740.516034420114;1.823111084320316877e-08;
1108073.8715914571658;1.8572865911892222357e-08;
1108407.2271484942175;1.8471249418894331029e-08;
1108740.5827055312693;1.7584010691962248529e-08;
1109073.9382625683211;1.8463852669015068386e-08;
1109407.2938196053728;1.8518457878258232085e-08;
1109740.6493766424246;1.7962983989150416164e-08;
1110074.0049336794764;1.7573603017240202462e-08;
1110407.3604907165281;1.7923330375424484373e-08;
1110740.7160477535799;1.8599214612891046272e-08;
1111074.0716047906317;1.7713546185404993594e-08;
1111407.4271618276834;1.841231878074722772e-08;
1111740.7827188647352;1.9084401614577473083e-08;
1112074.138275901787;1.8607188678743113996e-08;
1112407.4938329388388;1.6821399384525648202e-08;
1112740.8493899758905;1.6859859286455503025e-08;
1113074.2049470129423;1.896062329365122423e-08;
1113407.5605040499941;1.8576978177975433937e-08;
1113740.9160610870458;1.9314358112865193107e-08;
1114074.2716181240976;1.8712906779683180503e-08;
1114407.6271751611494;1.7884612901752916514e-08;
1114740.9827321982011;1.8245849275899672648e-08;
1115074.3382892352529;1.8550041502862768539e-08;
1115407.6938462723047;1.8806005641636147629e-08;
1115741.0494033093564;1.8845460303396066593e-08;
1116074.4049603464082;1.8045914984554656257e-08;
1116407.76051738346;1.7387327133633334597e-08;
1116741.1160744205117;1.7136095209480117774e-08;
1117074.4716314575635;1.7383845474228110106e-08;
1117407.8271884946153;1.843380914579029195e-08;
1117741.182745531667;1.9024183117721804592e-08;
1118074.5383025687188;1.764664325776266196e-08;
1118407.8938596057706;1.802316873522613605e-08;
1118741.2494166428223;1.7391542428413231391e-08;
1119074.6049736798741;1.80057941889799622e-08;
1119407.9605307169259;1.8580697869197138061e-08;
1119741.3160877539776;1.8187414241310762009e-08;
1120074.6716447910294;1.8541406632266443921e-08;
1120408.0272018280812;1.9064195555529295234e-08;
1120741.3827588651329;1.7721793810210328957e-08;
1121074.7383159021847;1.809543803688029584e-08;
1121408.0938729392365;1.6674906788693988346e-08;
1121741.4494299762882;1.801579152527210681e-08;
1122074.80498701334;1.8099985510389160481e-08;
1122408.1605440503918;1.8575638804918526148e-08;
1122741.5161010874435;1.777323710427936021e-08;
1123074.8716581244953;1.8274077362434582028e-08;
1123408.2272151615471;1.9046019872348551871e-08;
1123741.5827721985988;1.7923078132753289538e-08;
1124074.9383292356506;1.7711117905605533451e-08;
1124408.2938862727024;1.8543653723668285238e-08;
1124741.6494433097541;1.8469593854320009996e-08;
1125075.0050003468059;1.8338878859935903165e-08;
1125408.3605573838577;1.8192942263794975588e-08;
1125741.7161144209094;1.8364186615826838533e-08;
1126075.0716714579612;1.7593990264685999136e-08;
1126408.427228495013;1.9347671909031305404e-08;
1126741.7827855320647;1.9100399484273111739e-08;
1127075.1383425691165;1.84838118144625696e-08;
1127408.4938996061683;1.8176265825786686037e-08;
1127741.84945664322;1.8668645296315844462e-08;
1128075.2050136802718;1.8182493732865623315e-08;
1128408.5605707173236;1.9061650036178434675e-08;
1128741.9161277543753;1.9084200886254620855e-08;
1129075.2716847914271;1.8838608895066499826e-08;
1129408.6272418284789;1.6628600718604502617e-08;
1129741.9827988655306;1.8032478621421432763e-08;
1130075.3383559025824;1.7828742926440099836e-08;
1130408.6939129396342;1.8830105474876290828e-08;
1130742.0494699766859;1.8404977097929986485e-08;
1131075.4050270137377;1.8336269391738824197e-08;
1131408.7605840507895;1.855196352096299961e-08;
1131742.1161410878412;1.7939647989351215074e-08;
1132075.471698124893;1.6847097938921251625e-08;
1132408.8272551619448;1.8856090022723037691e-08;
1132742.1828121989965;1.9427710995501001889e-08;
1133075.5383692360483;1.783259584442475898e-08;
1133408.8939262731001;1.8710112570374803909e-08;
1133742.2494833101518;1.8873322460422059521e-08;
1134075.6050403472036;1.9387410787885528407e-08;
1134408.9605973842554;1.8147519043054671783e-08;
1134742.3161544213071;1.7884392633504830883e-08;
1135075.6717114583589;1.7318098954888228036e-08;
1135409.0272684954107;1.8294151971076644259e-08;
1135742.3828255324624;1.8413158997532264038e-08;
1136075.7383825695142;1.9550759233766257239e-08;
1136409.093939606566;1.8943577373420339427e-08;
1136742.4494966436177;1.8479459740206038987e-08;
1137075.8050536806695;1.9201024770154617727e-08;
1137409.1606107177213;1.9035550025137126795e-08;
1137742.5161677547731;1.8531670420429691148e-08;
1138075.8717247918248;1.9114599680847277341e-08;
1138409.2272818288766;1.841671704028158274e-08;
1138742.5828388659284;1.8656285405427297519e-08;
1139075.9383959029801;1.8946206381542651798e-08;
1139409.2939529400319;1.8993761230490235903e-08;
1139742.6495099770837;1.8792993827787540795e-08;
1140076.0050670141354;1.7262937745954332058e-08;
1140409.3606240511872;1.8646554522661062947e-08;
1140742.716181088239;1.7380578754000453046e-08;
1141076.0717381252907;1.8472546159387093212e-08;
1141409.4272951623425;1.867976706648732943e-08;
1141742.7828521993943;1.8156576686578773661e-08;
1142076.138409236446;1.9000635731458714872e-08;
1142409.4939662734978;1.7925250617167876044e-08;
1142742.8495233105496;1.9166920495194972318e-08;
1143076.2050803476013;1.9008215446092435741e-08;
1143409.5606373846531;1.9037020848600150202e-08;
1143742.9161944217049;1.8305984283983889327e-08;
1144076.2717514587566;1.746352040754572954e-08;
1144409.6273084958084;1.8333436102579980798e-08;
1144742.9828655328602;1.9458724409560090862e-08;
1145076.3384225699119;1.8671990176244435133e-08;
1145409.6939796069637;1.7872144653097166156e-08;
1145743.0495366440155;1.8850228045153016865e-08;
1146076.4050936810672;1.9490403957433954929e-08;
1146409.760650718119;1.795976523055742291e-08;
1146743.1162077551708;1.777585900697431498e-08;
1147076.4717647922225;1.8684000124835620227e-08;
1147409.8273218292743;1.8385264866083161905e-08;
1147743.1828788663261;1.9876251755590601533e-08;
1148076.5384359033778;1.7875283475632386399e-08;
1148409.8939929404296;1.8580763594400195871e-08;
1148743.2495499774814;1.8520703193303234002e-08;
1149076.6051070145331;1.8234697307661917876e-08;
1149409.9606640515849;1.8711197924403677462e-08;
1149743.3162210886367;1.740401245342582115e-08;
1150076.6717781256884;1.9233974413168652973e-08;
1150410.0273351627402;1.7806550900445472507e-08;
1150743.382892199792;1.9575812970629158372e-08;
1151076.7384492368437;1.9846002174972454668e-08;
1151410.0940062738955;1.8979552152131873299e-08;
1151743.4495633109473;1.72008203236373447e-08;
1152076.805120347999;1.9466348533114796737e-08;
1152410.1606773850508;1.8327703799059236189e-08;
1152743.5162344221026;1.8737907225840899628e-08;
1153076.8717914591543;1.9422147445880000305e-08;
1153410.2273484962061;1.7408844144028989831e-08;
1153743.5829055332579;1.9128640005305896921e-08;
1154076.9384625703096;1.8166913307027243718e-08;
1154410.2940196073614;1.8533429013700697396e-08;
1154743.6495766444132;1.9252770044886347023e-08;
1155077.0051336814649;1.9340772539067074831e-08;
1155410.3606907185167;1.8784675148708629422e-08;
1155743.7162477555685;1.9482634172618418233e-08;
1156077.0718047926202;1.9560996378231720882e-08;
1156410.427361829672;1.8780584198907490645e-08;
1156743.7829188667238;1.8872626128541014623e-08;
1157077.1384759037755;1.8596765016809513327e-08;
1157410.4940329408273;1.9771844605998012412e-08;
1157743.8495899778791;1.9142859741805295926e-08;
1158077.2051470149308;1.8633489418107274105e-08;
1158410.5607040519826;1.9067043055542853836e-08;
1158743.9162610890344;1.800642657201478869e-08;
1159077.2718181260861;1.8080884345295089588e-08;
1159410.6273751631379;1.9335541168175041093e-08;
1159743.9829322001897;1.7844913102749160316e-08;
1160077.3384892372414;1.8674910506888409145e-08;
1160410.6940462742932;1.9820323160502084647e-08;
1160744.049603311345;1.8813935298567230348e-08;
1161077.4051603483967;1.866359511382142955e-08;
1161410.7607173854485;1.8829807046927271585e-08;
1161744.1162744225003;1.9989284893995318271e-08;
1162077.471831459552;1.8892430730943488015e-08;
1162410.8273884966038;1.9168568954341935751e-08;
1162744.1829455336556;1.9813882090602419339e-08;
1163077.5385025707074;1.8267112267267293646e-08;
1163410.8940596077591;1.8648290023293156992e-08;
1163744.2496166448109;1.816870032200768037e-08;
1164077.6051736818627;1.9083730151692179788e-08;
1164410.9607307189144;1.8339781249210318492e-08;
1164744.3162877559662;1.9334148504412951297e-08;
1165077.671844793018;1.8732739803795084299e-08;
1165411.0274018300697;1.8651272526426510012e-08;
1165744.3829588671215;1.855799425243276346e-08;
1166077.7385159041733;1.8404330504040444794e-08;
1166411.094072941225;1.7191455370380026579e-08;
1166744.4496299782768;1.8276356428259532549e-08;
1167077.8051870153286;1.9147030627664207714e-08;
1167411.1607440523803;1.9419179153601362486e-08;
1167744.5163010894321;1.8241490096215784433e-08;
1168077.8718581264839;1.9526869010633163271e-08;
1168411.2274151635356;1.7291284848397481255e-08;
1168744.5829722005874;1.8752659869392118708e-08;
1169077.9385292376392;1.8370929666389201884e-08;
1169411.2940862746909;1.9383426419494753645e-08;
1169744.6496433117427;1.654372283610427985e-08;
1170078.0052003487945;1.9010720109235990094e-08;
1170411.3607573858462;1.8153578196233866038e-08;
1170744.716314422898;1.7931897744460911781e-08;
1171078.0718714599498;1.8065803075728581462e-08;
1171411.4274284970015;1.8984820826517534442e-08;
1171744.7829855340533;1.9645437276949451189e-08;
1172078.1385425711051;1.757607392960380821e-08;
1172411.4940996081568;1.8307783733462201781e-08;
1172744.8496566452086;1.9181236154963698937e-08;
1173078.2052136822604;1.8239983745615973021e-08;
1173411.5607707193121;1.9180527388584778237e-08;
1173744.9163277563639;1.8107204624584483099e-08;
1174078.2718847934157;1.9839447418235067744e-08;
1174411.6274418304674;1.8347805053053889424e-08;
1174744.9829988675192;1.8534079160303917888e-08;
1175078.338555904571;1.8985021554840386671e-08;
1175411.6941129416227;1.7739235858016400016e-08;
1175745.0496699786745;1.7441996291722716705e-08;
1176078.4052270157263;1.8771645571291628585e-08;
1176411.760784052778;1.7952290320977226656e-08;
1176745.1163410898298;1.8246137045707655489e-08;
1177078.4718981268816;1.8943776325386352255e-08;
1177411.8274551639333;1.9349100099930183205e-08;
1177745.1830122009851;1.8557667402774313814e-08;
1178078.5385692380369;1.8887485353502597718e-08;
1178411.8941262750886;1.9190604660934695858e-08;
1178745.2496833121404;1.8307204641132557299e-08;
1179078.6052403491922;1.8548606206536533136e-08;
1179411.9607973862439;1.9034345655200013425e-08;
1179745.3163544232957;1.8765577536328237329e-08;
1180078.6719114603475;1.8485954100810886302e-08;
1180412.0274684973992;1.8975351068206691707e-08;
1180745.383025534451;1.8630935016972216545e-08;
1181078.7385825715028;1.7701413668191889883e-08;
1181412.0941396085545;1.8270162271960543876e-08;
1181745.4496966456063;1.8197320983404097205e-08;
1182078.8052536826581;1.9215400826055883954e-08;
1182412.1608107197098;1.8395473588839195145e-08;
1182745.5163677567616;1.9602483192215913732e-08;
1183078.8719247938134;1.9465050016265195154e-08;
1183412.2274818308651;1.8969020132431069214e-08;
1183745.5830388679169;1.8318528915983733896e-08;
1184078.9385959049687;1.8227170883733379014e-08;
1184412.2941529420204;1.8533038215196029341e-08;
1184745.6497099790722;1.9632189207641204121e-08;
1185079.005267016124;1.8124389100648841122e-08;
1185412.3608240531757;1.8697297932135370502e-08;
1185745.7163810902275;1.8614578323195019038e-08;
1186079.0719381272793;1.8943977053709204483e-08;
1186412.427495164331;1.9234008163948601577e-08;
1186745.7830522013828;1.9982262955409169081e-08;
1187079.1386092384346;1.9184772881430944835e-08;
1187412.4941662754864;1.9452230048955243547e-08;
1187745.8497233125381;1.9143902463270023873e-08;
1188079.2052803495899;1.9043476129354530713e-08;
1188412.5608373866417;1.8120028144608113507e-08;
1188745.9163944236934;1.8616868047161005961e-08;
1189079.2719514607452;1.9373043613768459181e-08;
1189412.627508497797;1.8066947049533155223e-08;
1189745.9830655348487;1.745628175342517352e-08;
1190079.3386225719005;1.9266575890242165769e-08;
1190412.6941796089523;1.9586339661259444256e-08;
1190746.049736646004;1.9131798367766350566e-08;
1191079.4052936830558;1.9522479632883005252e-08;
1191412.7608507201076;1.9184538402328144002e-08;
1191746.1164077571593;1.8961955561280774418e-08;
1192079.4719647942111;1.88185644844907074e-08;
1192412.8275218312629;1.9296924946843319049e-08;
1192746.1830788683146;1.9698656927857882692e-08;
1193079.5386359053664;1.9566186892916448414e-08;
1193412.8941929424182;1.9506332549212856975e-08;
1193746.2497499794699;2.6579266787507549452e-08;
1194079.6053070165217;2.0873061501447409682e-08;
1194412.9608640535735;1.8299809667610134056e-08;
1194746.3164210906252;1.9544749818578566192e-08;
1195079.671978127677;1.8019242986611061497e-08;
1195413.0275351647288;1.9365252512670849683e-08;
1195746.3830922017805;1.8100429599599010544e-08;
1196079.7386492388323;1.9307844212335112388e-08;
1196413.0942062758841;1.9276495066833376768e-08;
1196746.4497633129358;1.8873091534032937489e-08;
1197079.8053203499876;1.8433095050340853049e-08;
1197413.1608773870394;2.0208227979878756742e-08;
1197746.5164344240911;1.8880486507555360731e-08;
1198079.8719914611429;1.8770391463363012008e-08;
1198413.2275484981947;1.8365573950518410129e-08;
1198746.5831055352464;1.9354470026655690162e-08;
1199079.9386625722982;1.9162476050382792891e-08;
1199413.29421960935;1.8933397072373736592e-08;
1199746.6497766464017;1.8983687510853997082e-08;
1200080.0053336834535;1.9364605918781307992e-08;
1200413.3608907205053;1.9338326495699220686e-08;
1200746.716447757557;1.8747126517837386928e-08;
1201080.0720047946088;1.8617880570559464104e-08;
1201413.4275618316606;1.943395666614833317e-08;
1201746.7831188687123;2.0123206212474542554e-08;
1202080.1386759057641;1.9350425262132375792e-08;
1202413.4942329428159;1.8826201042543289077e-08;
1202746.8497899798676;1.8475954988161902293e-08;
1203080.2053470169194;1.8423481407126018894e-08;
1203413.5609040539712;1.7954750575199796003e-08;
1203746.9164610910229;1.9736031475758863962e-08;
1204080.2720181280747;1.981175934417933604e-08;
1204413.6275751651265;2.0258275057472019398e-08;
1204746.9831322021782;1.8741561191859545943e-08;
1205080.33868923923;1.9683783492041584395e-08;
1205413.6942462762818;1.8805048185299710894e-08;
1205747.0498033133335;1.9712366849944373826e-08;
1206080.4053603503853;1.9151942254325149406e-08;
1206413.7609173874371;2.0125009214666533808e-08;
1206747.1164744244888;1.9902246961578384798e-08;
1207080.4720314615406;1.8136939061719203892e-08;
1207413.8275884985924;1.9225192104954658134e-08;
1207747.1831455356441;1.8379871846718742745e-08;
1208080.5387025726959;2.0202158168558526086e-08;
1208413.8942596097477;1.8819356739641079912e-08;
1208747.2498166467994;2.027041468011248071e-08;
1209080.6053736838512;1.8616736596754890343e-08;
1209413.960930720903;1.9267014650381497631e-08;
1209747.3164877579547;2.3245510405445202196e-08;
1210080.6720447950065;2.4416996424747594574e-08;
1210414.0276018320583;1.8341745899874695169e-08;
1210747.38315886911;2.0172157277897895256e-08;
1211080.7387159061618;1.9266304107645737531e-08;
1211414.0942729432136;1.8753219421796529787e-08;
1211747.4498299802653;1.9683229268707691517e-08;
1212080.8053870173171;1.99384313503969679e-08;
1212414.1609440543689;1.9816075891299078648e-08;
1212747.5165010914207;1.8483714114836402587e-08;
1213080.8720581284724;1.9993148470121013816e-08;
1213414.2276151655242;1.9078937540939477913e-08;
1213747.583172202576;1.9598866529690894822e-08;
1214080.9387292396277;1.9770524772866338026e-08;
1214414.2942862766795;1.8804088952606434759e-08;
1214747.6498433137313;1.9388467720204971556e-08;
1215081.005400350783;1.893565837463029311e-08;
1215414.3609573878348;1.9212968993542745011e-08;
1215747.7165144248866;2.0460170446767733665e-08;
1216081.0720714619383;1.9723069399901760335e-08;
1216414.4276284989901;1.9230730785579908115e-08;
1216747.7831855360419;2.0328398520064183685e-08;
1217081.1387425730936;1.9322163424817517807e-08;
1217414.4942996101454;1.9073944201863923809e-08;
1217747.8498566471972;2.0208476669836272777e-08;
1218081.2054136842489;2.003942256578739034e-08;
1218414.5609707213007;1.8969686266245844308e-08;
1218747.9165277583525;1.8876704643844277598e-08;
1219081.2720847954042;1.8556917780188086908e-08;
1219414.627641832456;1.9437063514260444208e-08;
1219747.9831988695078;2.0207767903457352077e-08;
1220081.3387559065595;1.9198022727096031304e-08;
1220414.6943129436113;1.8824250602733627602e-08;
1220748.0498699806631;1.9222929026341262215e-08;
1221081.4054270177148;1.9392317085475951899e-08;
1221414.7609840547666;1.8840660587216007116e-08;
1221748.1165410918184;1.9416212637679564068e-08;
1222081.4720981288701;1.8592224648728006287e-08;
1222414.8276551659219;1.9043442378574582108e-08;
1222748.1832122029737;1.9579939447567085153e-08;
1223081.5387692400254;2.0188108962315709505e-08;
1223414.8943262770772;1.9278120433341427997e-08;
1223748.249883314129;1.949417161029032286e-08;
1224081.6054403511807;2.0034846670569095295e-08;
1224414.9609973882325;1.9795930228383440408e-08;
1224748.3165544252843;1.8147360947295965161e-08;
1225081.672111462336;2.124992803942404862e-08;
1225415.0276684993878;1.9728128464180372248e-08;
1225748.3832255364396;2.0233271058600621473e-08;
1226081.7387825734913;2.0102961073575897899e-08;
1226415.0943396105431;1.9624051716959911573e-08;
1226748.4498966475949;2.026083834039127396e-08;
1227081.8054536846466;1.8617980046542470518e-08;
1227415.1610107216984;1.9868082290486199781e-08;
1227748.5165677587502;2.0297139968761257478e-08;
1228081.8721247958019;2.0227869157452005311e-08;
1228415.2276818328537;2.0277431289628111699e-08;
1228748.5832388699055;2.0233414943504612893e-08;
1229081.9387959069572;1.9653549898634992132e-08;
1229415.294352944009;1.882104250228167075e-08;
1229748.6499099810608;1.9592670597035066749e-08;
1230082.0054670181125;2.0422035618139489088e-08;
1230415.3610240551643;1.9768789272234243981e-08;
1230748.7165810922161;1.9520147276352872723e-08;
1231082.0721381292678;2.0042028481270790508e-08;
1231415.4276951663196;1.8975619298089441145e-08;
1231748.7832522033714;1.898565571423205256e-08;
1232082.1388092404231;2.0136432965500716818e-08;
1232415.4943662774749;2.0463909677914671192e-08;
1232748.8499233145267;1.9646197557676714496e-08;
1233082.2054803515784;1.9993814603935788909e-08;
1233415.5610373886302;1.9809602846976304136e-08;
1233748.916594425682;1.9525256078622987843e-08;
1234082.2721514627337;1.9369810644320750725e-08;
1234415.6277084997855;1.8707483562252491538e-08;
1234748.9832655368373;2.028708578905025206e-08;
1235082.338822573889;1.9595081113266132888e-08;
1235415.6943796109408;1.8921292976870063285e-08;
1235749.0499366479926;1.9478150647955772001e-08;
1236082.4054936850443;1.8879026342233373725e-08;
1236415.7610507220961;2.0128510413996991701e-08;
1236749.1166077591479;2.0629549624118226347e-08;
1237082.4721647961996;1.9038459697640064405e-08;
1237415.8277218332514;1.9199102752054386656e-08;
1237749.1832788703032;1.9550002505752672732e-08;
1238082.538835907355;1.9647611537720877095e-08;
1238415.8943929444067;2.0343724926874529046e-08;
1238749.2499499814585;1.9020038877215483808e-08;
1239082.6055070185103;1.9008682627941198007e-08;
1239415.961064055562;1.9243843851768360764e-08;
1239749.3166210926138;1.9945508356045138498e-08;
1240082.6721781296656;1.9178674648401283775e-08;
1240416.0277351667173;2.0663643240936835355e-08;
1240749.3832922037691;1.9074144930186776037e-08;
1241082.7388492408209;2.1142874118140753126e-08;
1241416.0944062778726;1.9557800712277639832e-08;
1241749.4499633149244;2.0617701323999426677e-08;
1242082.8055203519762;1.8910725430032471195e-08;
1242416.1610773890279;1.9497869985229954182e-08;
1242749.5166344260797;1.9715310273227260041e-08;
1243082.8721914631315;1.9214793312016809068e-08;
1243416.2277485001832;2.0097170150279453082e-08;
1243749.583305537235;2.0766993458209981327e-08;
1244082.9388625742868;1.976403218861833011e-08;
1244416.2944196113385;1.9829030861728824675e-08;
1244749.6499766483903;1.923721981711423723e-08;
1245083.0055336854421;2.0127767896838122397e-08;
1245416.3610907224938;1.9996168276747994241e-08;
1245749.7166477595456;1.885218203767635714e-08;
1246083.0722047965974;1.9054050781619480404e-08;
1246416.4277618336491;1.9598799028130997613e-08;
1246749.7833188707009;2.0548023726973951852e-08;
1247083.1388759077527;2.0014899959619469882e-08;
1247416.4944329448044;1.966999008118364145e-08;
1247749.8499899818562;1.8997464934500385425e-08;
1248083.205547018908;1.9204364321012690198e-08;
1248416.5611040559597;1.9716141608228099358e-08;
1248749.9166610930115;1.9457255362453906855e-08;
1249083.2722181300633;2.1357900337193314044e-08;
1249416.627775167115;1.9837113285348095815e-08;
1249749.9833322041668;2.0422824320576182799e-08;
1250083.3388892412186;1.9550586927152835415e-08;
1250416.6944462782703;2.0194779182247657445e-08;
1250750.0500033153221;2.0132929989813419525e-08;
1251083.4055603523739;2.0411633272487961221e-08;
1251416.7611173894256;2.043233315873749234e-08;
1251750.1166744264774;1.9626360980851131899e-08;
1252083.4722314635292;2.0023060542939674633e-08;
1252416.8277885005809;2.0839134862171704299e-08;
1252750.1833455376327;1.9475207224672885786e-08;
1253083.5389025746845;2.0643144083010156464e-08;
1253416.8944596117362;2.055701386893815652e-08;
1253750.250016648788;1.9907037795974247274e-08;
1254083.6055736858398;1.9271787721208966104e-08;
1254416.9611307228915;1.9567595543890092813e-08;
1254750.3166877599433;1.9809114348845469067e-08;
1255083.6722447969951;2.0333791539428602846e-08;
1255417.0278018340468;1.9820010521698350203e-08;
1255750.3833588710986;1.9455990596384253877e-08;
1256083.7389159081504;1.9737626644200645387e-08;
1256417.0944729452021;1.9698243036714302434e-08;
1256750.4500299822539;2.0267281186647778668e-08;
1257083.8055870193057;1.9738147116754589661e-08;
1257417.1611440563574;1.9728579658817579912e-08;
1257750.5167010934092;1.9689766261876684439e-08;
1258083.872258130461;1.9568076936593570281e-08;
1258417.2278151675127;2.0083158247530263907e-08;
1258750.5833722045645;2.0129288458292649011e-08;
1259083.9389292416163;2.0369007813769712811e-08;
1259417.294486278668;1.9860719291386885743e-08;
1259750.6500433157198;2.169319479605746892e-08;
1260084.0056003527716;1.9694228470257257868e-08;
1260417.3611573898233;1.9017633690054935869e-08;
1260750.7167144268751;1.9332620837531067082e-08;
1261084.0722714639269;1.9269723594561583013e-08;
1261417.4278285009786;2.0600323225039574027e-08;
1261750.7833855380304;2.071339899600843637e-08;
1262084.1389425750822;1.9797633754592425248e-08;
1262417.4944996121339;2.1132921190769593522e-08;
1262750.8500566491857;2.0558747593213411164e-08;
1263084.2056136862375;2.0026613256618475134e-08;
1263417.5611707232893;1.9037054599380098807e-08;
1263750.916727760341;1.9254258631917764433e-08;
1264084.2722847973928;2.1213301337752454856e-08;
1264417.6278418344446;2.180127545159393776e-08;
1264750.9833988714963;1.9271212181593000423e-08;
1265084.3389559085481;2.0371727416090834595e-08;
1265417.6945129455999;2.0332327821392937039e-08;
1265751.0500699826516;2.0648837306680434267e-08;
1266084.4056270197034;2.0128757327597668336e-08;
1266417.7611840567552;2.0193075656038672605e-08;
1266751.1167410938069;1.9759413660835889459e-08;
1267084.4722981308587;2.0086263319285535545e-08;
1267417.8278551679105;1.9252297533967066556e-08;
1267751.1834122049622;2.0236898379266676784e-08;
1268084.538969242014;2.0486966789690086443e-08;
1268417.8945262790658;2.0355486185508198105e-08;
1268751.2500833161175;2.0667744848879010533e-08;
1269084.6056403531693;1.9610061130492795201e-08;
1269417.9611973902211;2.018161993078138039e-08;
1269751.3167544272728;2.0174637072045698005e-08;
1270084.6723114643246;1.957502249183562526e-08;
1270418.0278685013764;1.8539289214913878823e-08;
1270751.3834255384281;2.0258774213743890868e-08;
1271084.7389825754799;1.9953043661757874361e-08;
1271418.0945396125317;1.9993148470121013816e-08;
1271751.4500966495834;1.9965034070423826051e-08;
1272084.8056536866352;2.0480452889160005725e-08;
1272418.161210723687;1.8950034430531559337e-08;
1272751.5167677607387;1.9786821070510995924e-08;
1273084.8723247977905;2.0106210030235160957e-08;
1273418.2278818348423;2.0983616622061163071e-08;
1273751.583438871894;2.1497553959193282935e-08;
1274084.9389959089458;1.9957250074753574154e-08;
1274418.2945529459976;1.908969871067256463e-08;
1274751.6501099830493;1.9683783492041584395e-08;
1275085.0056670201011;2.0849936888112097222e-08;
1275418.3612240571529;2.0243902554284431972e-08;
1275751.7167810942046;2.1540081718285364332e-08;
1276085.0723381312564;2.0256424093645364337e-08;
1276418.4278951683082;1.9944913276503939414e-08;
1276751.7834522053599;2.0860818850110263156e-08;
1277085.1390092424117;2.065297444175939745e-08;
1277418.4945662794635;2.13554613992528175e-08;
1277751.8501233165152;2.0212951312714722008e-08;
1278085.205680353567;2.1241381986669694015e-08;
1278418.5612373906188;2.0592038296740611258e-08;
1278751.9167944276705;1.8858607120364467846e-08;
1279085.2723514647223;1.9949958129927836126e-08;
1279418.6279085017741;1.9799024641997675644e-08;
1279751.9834655388258;2.0142588041949238686e-08;
1280085.3390225758776;2.1868363120347567019e-08;
1280418.6945796129294;2.069212179378610017e-08;
1280752.0501366499811;2.1316367337931296788e-08;
1281085.4056936870329;1.9735407974508234474e-08;
1281418.7612507240847;2.0265643385641851637e-08;
1281752.1168077611364;2.0666002242819558887e-08;
1282085.4723647981882;2.0487973984018026385e-08;
1282418.82792183524;2.0658017518826454761e-08;
1282752.1834788722917;2.079623762085702765e-08;
1283085.5390359093435;1.9980191723334428389e-08;
1283418.8945929463953;2.0549936863289985922e-08;
1283752.250149983447;2.0731526717554515926e-08;
1284085.6057070204988;2.0962467317531263689e-08;
1284418.9612640575506;2.1171679520648467587e-08;
1284752.3168210946023;2.0123030353147441929e-08;
1285085.6723781316541;2.0904289854684066086e-08;
1285419.0279351687059;2.164333068321866449e-08;
1285752.3834922057576;2.0473761352945984981e-08;
1286085.7390492428094;2.0462652017272375815e-08;
1286419.0946062798612;2.0953484280994416622e-08;
1286752.4501633169129;2.0014198298667906784e-08;
1287085.8057203539647;2.1428478547136364796e-08;
1287419.1612773910165;2.0138555711923800118e-08;
1287752.5168344280683;1.992488130042602279e-08;
1288085.87239146512;2.148290612069558847e-08;
1288419.2279485021718;2.0087957963710323384e-08;
1288752.5835055392236;2.0655477328546112403e-08;
1289085.9390625762753;2.0161953884212380217e-08;
1289419.2946196133271;1.994176024311400397e-08;
1289752.6501766503789;1.9302756726347070071e-08;
1290086.0057336874306;2.1589823262502250145e-08;
1290419.3612907244824;2.1676052952557256503e-08;
1290752.7168477615342;2.0462975314217146661e-08;
1291086.0724047985859;1.9852940624787152046e-08;
1291419.4279618356377;2.0047556503755004087e-08;
1291752.7835188726895;2.0486822904786095023e-08;
1292086.1390759097412;2.0893496710527870164e-08;
1292419.494632946793;2.0840746017825040326e-08;
1292752.8501899838448;1.9937591133611931582e-08;
1293086.2057470208965;2.112375341312144883e-08;
1293419.5613040579483;1.9730208578039309941e-08;
1293752.9168610950001;2.0036923231714354188e-08;
1294086.2724181320518;2.047807790006572759e-08;
1294419.6279751691036;2.109205077260867256e-08;
1294752.9835322061554;1.9961984065730575821e-08;
1295086.3390892432071;2.0360742425395983446e-08;
1295419.6946462802589;2.026219014794605755e-08;
1295753.0502033173107;2.032239976301752904e-08;
1296086.4057603543624;2.2173971103711664909e-08;
1296419.7613173914142;2.0217994389781779319e-08;
1296753.116874428466;2.1160932561770096072e-08;
1297086.4724314655177;2.1131882022018544376e-08;
1297419.8279885025695;2.131588061615730112e-08;
1297753.1835455396213;2.0740671402563748416e-08;
1298086.539102576673;2.0979745940508109925e-08;
1298419.8946596137248;2.0064609529413246491e-08;
1298753.2502166507766;2.0467684436198396725e-08;
1299086.6057736878283;2.0939721068202743481e-08;
1299419.9613307248801;2.0740124284657213138e-08;
1299753.3168877619319;2.1884849488174040744e-08;
1300086.6724447989836;2.0453235549666715087e-08;
1300420.0280018360354;2.0399051336994489247e-08;
1300753.3835588730872;1.9052578181799617596e-08;
1301086.7391159101389;2.0480452889160005725e-08;
1301420.0946729471907;2.0795322797084736521e-08;
1301753.4502299842425;2.0500285913271909521e-08;
1302086.8057870212942;2.0315011894922463398e-08;
1302420.161344058346;2.0895148722388512397e-08;
1302753.5169010953978;2.1076418832421950356e-08;
1303086.8724581324495;1.9692084407552101766e-08;
1303420.2280151695013;2.1032848351865141012e-08;
1303753.5835722065531;2.066055770910679712e-08;
1304086.9391292436048;2.2124206466855866893e-08;
1304420.2946862806566;1.9828124919740730547e-08;
1304753.6502433177084;2.036779100933472364e-08;
1305087.0058003547601;2.139616661622767424e-08;
1305420.3613573918119;2.1161007168757350883e-08;
1305753.7169144288637;2.1711876740937441355e-08;
1306087.0724714659154;2.1321012511066328443e-08;
1306420.4280285029672;2.1397896787789250084e-08;
1306753.783585540019;2.017545241983498272e-08;
1307087.1391425770707;2.2912129082897081389e-08;
1307420.4946996141225;2.1199220157086529071e-08;
1307753.8502566511743;2.014920674753284402e-08;
1308087.205813688226;2.0166948999644773721e-08;
1308420.5613707252778;2.1146254525206131802e-08;
1308753.9169277623296;2.0903371478198096156e-08;
1309087.2724847993813;2.144418331795350241e-08;
1309420.6280418364331;2.0121898813840743969e-08;
1309753.9835988734849;2.5933404756983691186e-08;
1310087.3391559105366;2.0313725812570737617e-08;
1310420.6947129475884;1.9638916270992012869e-08;
1310754.0502699846402;2.0444145931719504006e-08;
1311087.4058270216919;2.1638273395296891977e-08;
1311420.7613840587437;2.1011761219824620639e-08;
1311754.1169410957955;1.9920541660667367978e-08;
1312087.4724981328472;2.4524640096501570952e-08;
1312420.828055169899;2.1580381925900837814e-08;
1312754.1836122069508;2.0908624165372202697e-08;
1313087.5391692440026;2.161631407204822608e-08;
1313420.8947262810543;2.1153535811890833429e-08;
1313754.2502833181061;2.1683137063632784702e-08;
1314087.6058403551579;2.154155787081890594e-08;
1314420.9613973922096;2.1771382918700510345e-08;
1314754.3169544292614;2.050396119557262864e-08;
1315087.6725114663132;2.1555905505010741763e-08;
1315421.0280685033649;2.1936120475629650173e-08;
1315754.3836255404167;2.1577196918087793165e-08;
1316087.7391825774685;2.0031574621270920034e-08;
1316421.0947396145202;2.1003236483352338837e-08;
1316754.450296651572;2.3813091942770370224e-08;
1317087.8058536886238;1.9720262756095507939e-08;
1317421.1614107256755;2.184900971258230129e-08;
1317754.5169677627273;2.0842467307602419169e-08;
1318087.8725247997791;2.0623462049229601689e-08;
1318421.2280818368308;2.1121676851976189937e-08;
1318754.5836388738826;2.0958269786319760897e-08;
1319087.9391959109344;2.0801133260306414741e-08;
1319421.2947529479861;2.1378170345087710302e-08;
1319754.6503099850379;2.1961298557471309323e-08;
1320088.0058670220897;2.107964114372862241e-08;
1320421.3614240591414;2.0868771599680258078e-08;
1320754.7169810961932;2.1429080732104921481e-08;
1321088.072538133245;2.1478868461599631701e-08;
1321421.4280951702967;2.1104355596435198095e-08;
1321754.7836522073485;2.1489888979431270855e-08;
1322088.1392092444003;2.072311566791995574e-08;
1322421.494766281452;2.1156992602300306316e-08;
1322754.8503233185038;2.1273608652450093359e-08;
1323088.2058803555556;2.0759845398288234719e-08;
1323421.5614373926073;2.1047151577135991829e-08;
1323754.9169944296591;2.0215116691701950913e-08;
1324088.2725514667109;2.0772212394604139263e-08;
1324421.6281085037626;2.1366757252394563693e-08;
1324754.9836655408144;2.0987707571862301847e-08;
1325088.3392225778662;2.3023893902518466348e-08;
1325421.6947796149179;2.1413653072954730305e-08;
1325755.0503366519697;2.0654496779570763465e-08;
1326088.4058936890215;2.1153089946324143966e-08;
1326421.7614507260732;2.1546288309082228807e-08;
1326755.117007763125;2.0479660634009633213e-08;
1327088.4725648001768;2.062886039766453905e-08;
1327421.8281218372285;2.0883883067313036008e-08;
1327755.1836788742803;2.1127057436842733296e-08;
1328088.5392359113321;2.0682637824620542233e-08;
1328421.8947929483838;2.0736845129931680276e-08;
1328755.2503499854356;2.1527107207930384902e-08;
1329088.6059070224874;1.917409342411247053e-08;
1329421.9614640595391;2.0592580085576628335e-08;
1329755.3170210965909;2.140928856420032389e-08;
1330088.6725781336427;2.1165394770150669501e-08;
1330422.0281351706944;2.0692885627227042278e-08;
1330755.3836922077462;2.0709904902105336078e-08;
1331088.739249244798;2.0549071777509198e-08;
1331422.0948062818497;2.1247837267424074525e-08;
1331755.4503633189015;2.0313654758297161607e-08;
1332088.8059203559533;2.0459882676959750825e-08;
1332422.161477393005;2.0953446977500789217e-08;
1332755.5170344300568;2.0333935424332594266e-08;
1333088.8725914671086;1.9978857679348038801e-08;
1333422.2281485041603;1.9927190564317243116e-08;
1333755.5837055412121;2.0745627438145675114e-08;
1334088.9392625782639;2.0425227731379891338e-08;
1334422.2948196153156;2.0663353694772013114e-08;
1334755.6503766523674;2.1420612839051500487e-08;
1335089.0059336894192;2.1145400097566380282e-08;
1335422.3614907264709;2.0745153150869555247e-08;
1335755.7170477635227;1.9166312981155897432e-08;
1336089.0726048005745;2.108964203273444582e-08;
1336422.4281618376262;2.0929240562850282004e-08;
1336755.783718874678;2.0310050530270018498e-08;
1337089.1392759117298;2.0991985039131577651e-08;
1337422.4948329487815;2.0891587126925514895e-08;
1337755.8503899858333;2.0541671474916256557e-08;
1338089.2059470228851;2.0645609666303244012e-08;
1338422.5615040599369;2.1540877526149415644e-08;
1338755.9170610969886;2.08504875587323113e-08;
1339089.2726181340404;1.9969769837757667119e-08;
1339422.6281751710922;1.9818303442775686563e-08;
1339755.9837322081439;2.0961989477541465021e-08;
1340089.3392892451957;2.1377681846956875233e-08;
1340422.6948462822475;2.1434050978541563381e-08;
1340756.0504033192992;2.044346381069317431e-08;
1341089.405960356351;2.1680204298490934889e-08;
1341422.7615173934028;2.0859681981733046996e-08;
1341756.1170744304545;2.2013056266700914421e-08;
1342089.4726314675063;2.0204074857588238956e-08;
1342422.8281885045581;2.0789224564055075462e-08;
1342756.1837455416098;2.0984979087756983063e-08;
1343089.5393025786616;2.1618516754529082391e-08;
1343422.8948596157134;1.9990865851582384494e-08;
1343756.2504166527651;2.2063503024583042134e-08;
1344089.6059736898169;2.135538679226556269e-08;
1344422.9615307268687;2.0658744048773769464e-08;
1344756.3170877639204;2.0185201066169611295e-08;
1345089.6726448009722;2.0567236802548904961e-08;
1345423.028201838024;2.0410594103736912075e-08;
1345756.3837588750757;2.0419308910391009704e-08;
1346089.7393159121275;2.0306947234871586261e-08;
1346423.0948729491793;2.09334682921280546e-08;
1346756.450429986231;1.9946384099966962822e-08;
1347089.8059870232828;2.0887844343064898567e-08;
1347423.1615440603346;2.0083616547594829171e-08;
1347756.5171010973863;2.0896470331877026183e-08;
1348089.8726581344381;2.1289048746098160336e-08;
1348423.2282151714899;2.0796566246872316697e-08;
1348756.5837722085416;2.1636068936459196266e-08;
1349089.9393292455934;2.149170086340745911e-08;
1349423.2948862826452;2.3585691621974547161e-08;
1349756.6504433196969;2.2459257564833023935e-08;
1350090.0060003567487;2.0917111598350857093e-08;
1350423.3615573938005;2.0356200280957637005e-08;
1350756.7171144308522;2.1245114112389273942e-08;
1351090.072671467904;2.1373177006012156198e-08;
1351423.4282285049558;2.0143508194792048016e-08;
1351756.7837855420075;1.9678527252153799054e-08;
1352090.1393425790593;2.0498378106026393652e-08;
1352423.4948996161111;2.5621401888997752394e-08;
1352756.8504566531628;2.1501369573684314673e-08;
1353090.2060136902146;2.2245918884777893254e-08;
1353423.5615707272664;2.0099429676179170201e-08;
1353756.9171277643181;2.0017466795252403244e-08;
1354090.2726848013699;1.9919525584555231035e-08;
1354423.6282418384217;1.9728197742097108858e-08;
1354756.9837988754734;1.9354402525095792953e-08;
1355090.3393559125252;2.0968654368402894761e-08;
1355423.694912949577;2.1155914353698790364e-08;
1355757.0504699866287;2.0884101559204282239e-08;
1356090.4060270236805;2.06561665549997997e-08;
1356423.7615840607323;2.1067757316473034734e-08;
1356757.117141097784;2.1241232772695184394e-08;
1357090.4726981348358;2.0893534014021497569e-08;
1357423.8282551718876;2.1250899706615200557e-08;
1357757.1838122089393;2.1653864479276307975e-08;
1358090.5393692459911;2.0317544979775448155e-08;
1358423.8949262830429;2.1410681227962413686e-08;
1358757.2504833200946;2.0225488839287208975e-08;
1359090.6060403571464;2.1555262463834878872e-08;
1359423.9615973941982;1.9640227222339490254e-08;
1359757.3171544312499;1.9603790590849712316e-08;
1360090.6727114683017;2.1199220157086529071e-08;
1360424.0282685053535;2.1417829287884160294e-08;
1360757.3838255424052;2.1114924919629629585e-08;
1361090.739382579457;2.1719049669854939566e-08;
1361424.0949396165088;2.1268826699838427885e-08;
1361757.4504966535605;2.2170388191966594604e-08;
1362090.8060536906123;2.0746137252558582986e-08;
1362424.1616107276641;2.083496219995595311e-08;
1362757.5171677647159;2.0802813693876487378e-08;
1363090.8727248017676;2.1703183250565416529e-08;
1363424.2282818388194;2.160765788516982866e-08;
1363757.5838388758712;2.03419734390308804e-08;
1364090.9393959129229;2.1391695526062903809e-08;
1364424.2949529499747;2.1730803823061251023e-08;
1364757.6505099870265;2.0946343326500027615e-08;
1365091.0060670240782;2.0081959206663668738e-08;
1365424.36162406113;2.0524213439898630895e-08;
1365757.7171810981818;2.0808588629961377592e-08;
1366091.0727381352335;2.1232017033412375895e-08;
1366424.4282951722853;2.124985343243679381e-08;
1366757.7838522093371;1.9879045964898978127e-08;
1367091.1394092463888;2.0916816723115516652e-08;
1367424.4949662834406;2.1143430117831485404e-08;
1367757.8505233204924;2.146992805762693024e-08;
1368091.2060803575441;2.0165495939750144316e-08;
1368424.5616373945959;2.1280598616613133345e-08;
1368757.9171944316477;2.1055546639558997413e-08;
1369091.2727514686994;2.0934278310846821114e-08;
1369424.6283085057512;2.1522872373225254705e-08;
1369757.983865542803;2.0951569368321543152e-08;
1370091.3394225798547;2.1065018174226679548e-08;
1370424.6949796169065;2.0069192530058899138e-08;
1370758.0505366539583;2.0537052947133815906e-08;
1371091.40609369101;2.1448665066259309242e-08;
1371424.7616507280618;2.0920785104294736811e-08;
1371758.1172077651136;1.9516683380516042234e-08;
1372091.4727648021653;2.095701745474798372e-08;
1372424.8283218392171;2.0972855452328076353e-08;
1372758.1838788762689;2.0355914287506493565e-08;
1373091.5394359133206;2.0925783772440809116e-08;
1373424.8949929503724;2.0108824827502758126e-08;
1373758.2505499874242;2.0216573304310259118e-08;
1374091.6061070244759;2.1730613752879435197e-08;
1374424.9616640615277;2.1573368869098885625e-08;
1374758.3172210985795;2.0214121931871886773e-08;
1375091.6727781356312;2.0568970526824159606e-08;
1375425.028335172683;2.2455076020833075745e-08;
1375758.3838922097348;2.0256495147918940347e-08;
1376091.7394492467865;2.1068089495202002581e-08;
1376425.0950062838383;2.1278804496205339092e-08;
1376758.4505633208901;2.0253720478535797156e-08;
1377091.8061203579418;2.0957644508712292009e-08;
1377425.1616773949936;1.9881699842017042101e-08;
1377758.5172344320454;1.982303921010952763e-08;
1378091.8727914690971;2.1234479063991784642e-08;
1378425.2283485061489;2.0155578539515772718e-08;
1378758.5839055432007;2.2291336776447678858e-08;
1379091.9394625802524;2.1896347845995478565e-08;
1379425.2950196173042;1.9426822817081301764e-08;
1379758.650576654356;2.0466066175117703096e-08;
1380092.0061336914077;1.9636569703607165138e-08;
1380425.3616907284595;2.1394775728822423844e-08;
1380758.7172477655113;2.0128863909008032351e-08;
1381092.072804802563;1.9160724562539144245e-08;
1381425.4283618396148;2.12306368041481619e-08;
1381758.7839188766666;2.14746052051850711e-08;
1382092.1394759137183;2.0083122720393475902e-08;
1382425.4950329507701;2.1098943037145545532e-08;
1382758.8505899878219;2.0105716203033807687e-08;
1383092.2061470248736;2.0430109159974563227e-08;
1383425.5617040619254;1.9955917807124023966e-08;
1383758.9172610989772;1.9698900288744880527e-08;
1384092.2728181360289;1.9463135103592321684e-08;
1384425.6283751730807;2.1362403401781193679e-08;
1384758.9839322101325;2.1000468919396553247e-08;
1385092.3394892471842;2.1475736744491769059e-08;
1385425.695046284236;2.0822412238885590341e-08;
1385759.0506033212878;2.0305092718331252399e-08;
1386092.4061603583395;2.1339186417890232406e-08;
1386425.7617173953913;2.0880397855194132717e-08;
1386759.1172744324431;1.9845723286948668829e-08;
1387092.4728314694948;2.0889972418558500067e-08;
1387425.8283885065466;2.0745115847375927842e-08;
1387759.1839455435984;2.2183634484918002272e-08;
1388092.5395025806502;2.7211079611788591137e-08;
1388425.8950596177019;2.132198595461431978e-08;
1388759.2506166547537;2.1079825884839920036e-08;
1389092.6061736918055;2.1497251978530584893e-08;
1389425.9617307288572;2.0236756270719524764e-08;
1389759.317287765909;2.1550377482526528183e-08;
1390092.6728448029608;1.9931777117676574562e-08;
1390426.0284018400125;2.0385259702493385703e-08;
1390759.3839588770643;2.0621831353651032259e-08;
1391092.7395159141161;2.0861845584363436501e-08;
1391426.0950729511678;2.1563632657262132852e-08;
1391759.4506299882196;2.0690123392341774888e-08;
1392092.8061870252714;1.9995045619225493283e-08;
1392426.1617440623231;1.9930832095838013629e-08;
1392759.5173010993749;2.1349833900785597507e-08;
1393092.8728581364267;1.9526835259853214666e-08;
1393426.2284151734784;2.0630707808777515311e-08;
1393759.5839722105302;2.0664151278992903826e-08;
1394092.939529247582;1.9453938904234746587e-08;
1394426.2950862846337;2.1870091515552303463e-08;
1394759.6506433216855;2.154886402649935917e-08;
1395093.0062003587373;2.1615781164996406005e-08;
1395426.361757395789;2.1406581396377077908e-08;
1395759.7173144328408;2.05873718073235068e-08;
1396093.0728714698926;1.968658480677731859e-08;
1396426.4284285069443;2.0594063343537527544e-08;
1396759.7839855439961;2.0555461333060520701e-08;
1397093.1395425810479;1.9414471807976951823e-08;
1397426.4950996180996;2.1456090237848002289e-08;
1397759.8506566551514;2.1678452810647286242e-08;
1398093.2062136922032;2.0820143831201676221e-08;
1398426.5617707292549;2.1073642386681967764e-08;
1398759.9173277663067;2.1192033017314315657e-08;
1399093.2728848033585;2.0635493314102859586e-08;
1399426.6284418404102;2.0598585948050640582e-08;
1399759.983998877462;2.010126642915111006e-08;
1400093.3395559145138;2.1098758296034247905e-08;
1400426.6951129515655;2.1266547634013477364e-08;
1400760.0506699886173;2.0254359966997981246e-08;
1401093.4062270256691;2.1033180530594108859e-08;
1401426.7617840627208;2.0605391171102382941e-08;
1401760.1173410997726;2.024006207079764863e-08;
1402093.4728981368244;2.0824789004336707876e-08;
1402426.8284551738761;2.0018909197005996248e-08;
1402760.1840122109279;2.0261584410263822065e-08;
1403093.5395692479797;2.0412636914102222363e-08;
1403426.8951262850314;2.055098491382523207e-08;
1403760.2506833220832;1.943764438294692809e-08;
1404093.606240359135;2.0199639294560256531e-08;
1404426.9617973961867;2.1842600617105745187e-08;
1404760.3173544332385;1.9706480003378601396e-08;
1405093.6729114702903;2.0439514969439187553e-08;
1405427.028468507342;2.1769739788624065113e-08;
1405760.3840255443938;2.1517314152674771321e-08;
1406093.7395825814456;2.1033661923297586327e-08;
1406427.0951396184973;2.0921373078408578294e-08;
1406760.4506966555491;2.0234551811881829053e-08;
1407093.8062536926009;2.0936962386031154892e-08;
1407427.1618107296526;2.1691709761739730311e-08;
1407760.5173677667044;2.0137033374112434103e-08;
1408093.8729248037562;2.1224147772613832785e-08;
1408427.2284818408079;2.0415972912246616033e-08;
1408760.5840388778597;2.1488455459461874852e-08;
1409093.9395959149115;1.9568455300600362534e-08;
1409427.2951529519632;2.0163618330570898252e-08;
1409760.650709989015;2.112212094118604e-08;
1410094.0062670260668;2.141730170990285842e-08;
1410427.3618240631185;1.9755908908791752765e-08;
1410760.7173811001703;2.0265037647959616152e-08;
1411094.0729381372221;2.0515345866556344845e-08;
1411427.4284951742738;1.9960685548880974238e-08;
1411760.7840522113256;2.01880752115357609e-08;
1412094.1396092483774;2.083950079168062075e-08;
1412427.4951662854291;2.0537161304901019321e-08;
1412760.8507233224809;2.0453271076803503092e-08;
1413094.2062803595327;2.0385474641670953133e-08;
1413427.5618373965845;2.0755834384544868954e-08;
1413760.9173944336362;2.2461270177132064418e-08;
1414094.272951470688;2.0393640554061676085e-08;
1414427.6285085077398;1.9870386225306901906e-08;
1414760.9840655447915;2.0535177114311409241e-08;
1415094.3396225818433;2.0574971060227653652e-08;
1415427.6951796188951;2.0199603767423468526e-08;
1415761.0507366559468;2.1350171408585083554e-08;
1416094.4062936929986;2.0657545007907174295e-08;
1416427.7618507300504;2.0561854441325522203e-08;
1416761.1174077671021;2.0564923985944005835e-08;
1417094.4729648041539;2.018261291425460513e-08;
1417427.8285218412057;1.9869862200039278832e-08;
1417761.1840788782574;1.9452196298175294942e-08;
1418094.5396359153092;2.0777065401489380747e-08;
1418427.895192952361;2.1977623276825397625e-08;
1418761.2507499894127;2.1002165340178180486e-08;
1419094.6063070264645;2.019119627050258714e-08;
1419427.9618640635163;2.1334425781560639734e-08;
1419761.317421100568;1.990665232654009742e-08;
1420094.6729781376198;2.1040756692514150927e-08;
1420428.0285351746716;2.0829363123198163521e-08;
1420761.3840922117233;2.056871828415296477e-08;
1421094.7396492487751;2.1033365271705406485e-08;
1421428.0952062858269;2.0847263471068799845e-08;
1421761.4507633228786;2.0780825948918391077e-08;
1422094.8063203599304;1.9736031475758863962e-08;
1422428.1618773969822;1.9639605497445700166e-08;
1422761.5174344340339;2.0381319743023595947e-08;
1423094.8729914710857;2.1017999785044594319e-08;
1423428.2285485081375;2.562860501598152041e-08;
1423761.5841055451892;2.4805501652735983953e-08;
1424094.939662582241;2.0467000538815227628e-08;
1424428.2952196192928;1.953232420248696144e-08;
1424761.6507766563445;2.0329148142650410591e-08;
1425095.0063336933963;2.1162605889912811108e-08;
1425428.3618907304481;2.1656680004866757372e-08;
1425761.7174477674998;2.0904657560549821937e-08;
1426095.0730048045516;2.1231047142578063358e-08;
1426428.4285618416034;2.0129784061850841681e-08;
1426761.7841188786551;2.1410755834949668497e-08;
1427095.1396759157069;2.096743934032474499e-08;
1427428.4952329527587;2.0741801165513606975e-08;
1427761.8507899898104;2.007949007065690239e-08;
1428095.2063470268622;2.0203295036935742246e-08;
1428428.561904063914;2.0361673236379829177e-08;
1428761.9174611009657;2.0374912423903879244e-08;
1429095.2730181380175;2.0525799726556215319e-08;
1429428.6285751750693;2.0648620591146027436e-08;
1429761.984132212121;2.0466426775556101347e-08;
1430095.3396892491728;2.03469419091106829e-08;
1430428.6952462862246;2.0794921340439032065e-08;
1430762.0508033232763;2.090836659363048966e-08;
1431095.4063603603281;2.0634260522456315812e-08;
1431428.7619173973799;2.0667455302714188292e-08;
1431762.1174744344316;2.0306769599187646236e-08;
1432095.4730314714834;2.0175134451960730075e-08;
1432428.8285885085352;2.0339687267778572277e-08;
1432762.1841455455869;2.0408013057249263511e-08;
1433095.5397025826387;2.1360264668146555778e-08;
1433428.8952596196905;2.0115891175009892322e-08;
1433762.2508166567422;1.9587783839369876659e-08;
1434095.606373693794;1.9869164091801394534e-08;
1434428.9619307308458;2.025176293329877808e-08;
1434762.3174877678975;1.9751952962110408407e-08;
1435095.6730448049493;1.9883236390683123318e-08;
1435429.0286018420011;1.9916832627586700255e-08;
1435762.3841588790528;2.0253791532809373166e-08;
1436095.7397159161046;2.10987209925406205e-08;
1436429.0952729531564;2.0205211725965455116e-08;
1436762.4508299902081;2.0831924629760578682e-08;
1437095.8063870272599;1.9314560617544884735e-08;
1437429.1619440643117;2.0073706252787815174e-08;
1437762.5175011013635;2.155389822178221948e-08;
1438095.8730581384152;2.0896029795380854921e-08;
1438429.228615175467;1.9700145514889300102e-08;
1438762.5841722125188;2.1438758324165974045e-08;
1439095.9397292495705;2.0885643436940881656e-08;
1439429.2952862866223;1.9362735415029419528e-08;
1439762.6508433236741;2.0712088044660958985e-08;
1440096.0064003607258;2.0458985616755853698e-08;
1440429.3619573977776;2.0360921837436762871e-08;
1440762.7175144348294;1.9954516261577737168e-08;
1441096.0730714718811;2.3337451082738880359e-08;
1441429.4286285089329;2.7034547045445833646e-08;
1441762.7841855459847;2.0803289757509446645e-08;
1442096.1397425830364;1.9677283802366218879e-08;
1442429.4952996200882;2.013162259117962094e-08;
1442762.85085665714;2.0934940891947917407e-08;
1443096.2064136941917;2.0203081874115014216e-08;
1443429.5619707312435;2.1236418845660409715e-08;
1443762.9175277682953;2.033246992994008906e-08;
1444096.273084805347;2.0778964326950699615e-08;
1444429.6286418423988;2.0280245038861721696e-08;
1444762.9841988794506;2.110120433940210205e-08;
1445096.3397559165023;2.0861515181991308054e-08;
1445429.6953129535541;2.092857798174918571e-08;
1445763.0508699906059;1.9622087066295534896e-08;
1446096.4064270276576;2.0401165201633375545e-08;
1446429.7619840647094;2.0964124658462424122e-08;
1446763.1175411017612;1.9486980917804430646e-08;
1447096.4730981388129;2.0017116852955041395e-08;
1447429.8286551758647;2.0241555986899584241e-08;
1447763.1842122129165;1.9740193479833578749e-08;
1448096.5397692499682;1.9854999422364016937e-08;
1448429.89532628702;2.0058724459204313462e-08;
1448763.2508833240718;2.056105863346147089e-08;
1449096.6064403611235;2.05306331935162234e-08;
1449429.9619973981753;1.9730657996319678205e-08;
1449763.3175544352271;2.1066387745349857141e-08;
1450096.6731114722788;2.0032876690834200417e-08;
1450430.0286685093306;1.9872237189133556967e-08;
1450763.3842255463824;2.0453342131077079102e-08;
1451096.7397825834341;1.8590851524891149893e-08;
1451430.0953396204859;1.9809636597756252741e-08;
1451763.4508966575377;1.9710599374889170576e-08;
1452096.8064536945894;2.022474276941466087e-08;
1452430.1620107316412;1.9927821170995230204e-08;
1452763.517567768693;1.9637605319644535484e-08;
1453096.8731248057447;2.1052811050026321027e-08;
1453430.2286818427965;1.9914557114475428534e-08;
1453763.5842388798483;2.029991996721491887e-08;
1454096.9397959169;1.8576226779032367631e-08;
1454430.2953529539518;2.1099832991922085057e-08;
1454763.6509099910036;1.9675486129244745825e-08;
1455097.0064670280553;1.9848164001246004773e-08;
1455430.3620240651071;1.9839168530211281904e-08;
1455763.7175811021589;2.104900076460580749e-08;
1456097.0731381392106;2.0143685830475988041e-08;
1456430.4286951762624;2.0297459712992349523e-08;
1456763.7842522133142;2.0149524715407096664e-08;
1457097.1398092503659;1.9639744053279173386e-08;
1457430.4953662874177;2.0890267293793840508e-08;
1457763.8509233244695;1.9701426268170507683e-08;
1458097.2064803615212;1.9612299340110439516e-08;
1458430.562037398573;2.0080442197922820924e-08;
1458763.9175944356248;1.8679964242096502858e-08;
1459097.2731514726765;2.3435230644963667146e-08;
1459430.6287085097283;2.0272587164527067216e-08;
1459763.9842655467801;2.0071801998255978106e-08;
1460097.3398225838318;2.033807788848207565e-08;
1460430.6953796208836;1.956494877219938644e-08;
1460764.0509366579354;2.0965966740504882182e-08;
1461097.4064936949871;2.0491070173989101022e-08;
1461430.7620507320389;1.9804279105528621585e-08;
1461764.1176077690907;2.0042097759187527117e-08;
1462097.4731648061424;2.0452445070873181976e-08;
1462430.8287218431942;1.9043410404151472903e-08;
1462764.184278880246;1.914289349258524453e-08;
1463097.5398359172978;2.0448780446713499259e-08;
1463430.8953929543495;2.0932107602789074008e-08;
1463764.2509499914013;1.8572213988932162465e-08;
1464097.6065070284531;1.984920849906757212e-08;
1464430.9620640655048;1.9772123494021798251e-08;
1464764.3176211025566;2.05285051180226219e-08;
1465097.6731781396084;2.0007167478297560592e-08;
1465431.0287351766601;1.9884877744402729149e-08;
1465764.3842922137119;1.9778481075150011748e-08;
1466097.7398492507637;1.9680463481108745327e-08;
1466431.0954062878154;2.0398083222517016111e-08;
1466764.4509633248672;2.0139440337629821443e-08;
1467097.806520361919;1.9760420855163829401e-08;
1467431.1620773989707;1.9680429730328796722e-08;
1467764.5176344360225;1.9410174800782442617e-08;
1468097.8731914730743;1.9904065950981930655e-08;
1468431.228748510126;1.9991531985397159588e-08;
1468764.5843055471778;1.9366272141496665427e-08;
1469097.9398625842296;1.9398585848762195383e-08;
1469431.2954196212813;2.0645936515961693658e-08;
1469764.6509766583331;1.9439761800299493189e-08;
1470098.0065336953849;2.0272194589665559761e-08;
1470431.3620907324366;2.0152427282482676674e-08;
1470764.7176477694884;2.0912260367822455009e-08;
1471098.0732048065402;1.9608304313578628353e-08;
1471431.4287618435919;1.9839099252294545295e-08;
1471764.7843188806437;2.0633390107605009689e-08;
1472098.1398759176955;1.9806643436481863318e-08;
1472431.4954329547472;2.0377560971951425017e-08;
1472764.850989991799;1.9890363134322797123e-08;
1473098.2065470288508;2.0691686586360447109e-08;
1473431.5621040659025;1.9820811658632919716e-08;
1473764.9176611029543;2.0351373919424986525e-08;
1474098.2732181400061;1.9129682726770624868e-08;
1474431.6287751770578;2.1350885504034522455e-08;
1474764.9843322141096;2.0384078425195184536e-08;
1475098.3398892511614;1.9406664719667787722e-08;
1475431.6954462882131;2.0043083637233394256e-08;
1475765.0510033252649;1.9881175816749419027e-08;
1476098.4065603623167;2.0053439797607097717e-08;
1476431.7621173993684;1.9503831438782981422e-08;
1476765.1176744364202;1.9718738641927302524e-08;
1477098.473231473472;2.0010928025726570922e-08;
1477431.8287885105237;2.0024748081937104871e-08;
1477765.1843455475755;2.0552429091935664474e-08;
1478098.5399025846273;1.8869709350610719412e-08;
1478431.895459621679;1.9086312974536667753e-08;
1478765.2510166587308;2.0338578821110786521e-08;
1479098.6065736957826;1.9436244613757480693e-08;
1479431.9621307328343;2.0334649519782033167e-08;
1479765.3176877698861;2.1400602179255656665e-08;
1480098.6732448069379;2.7079988029754531453e-08;
1480432.0288018439896;1.9730867606426727434e-08;
1480765.3843588810414;1.9403424644792721665e-08;
1481098.7399159180932;1.9674448736850536079e-08;
1481432.0954729551449;2.0701575564885388303e-08;
1481765.4510299921967;2.0431615510574374639e-08;
1482098.8065870292485;2.0225062513645752915e-08;
1482432.1621440663002;2.019694278487804695e-08;
1482765.517701103352;1.9661181127617055608e-08;
1483098.8732581404038;1.9736100753675600572e-08;
1483432.2288151774555;2.1541483263831651129e-08;
1483765.5843722145073;2.0144499401908433356e-08;
1484098.9399292515591;1.9168030718219597475e-08;
1484432.2954862886108;1.7680001462849759264e-08;
1484765.6510433256626;2.0768782249547257379e-08;
1485099.0066003627144;1.9879708546000074421e-08;
1485432.3621573997661;2.0684380430679993879e-08;
1485765.7177144368179;1.9583827892688532302e-08;
1486099.0732714738697;1.958644268995612947e-08;
1486432.4288285109214;1.9611885448966859258e-08;
1486765.7843855479732;1.9936294393119169399e-08;
1487099.139942585025;1.9338429524395905901e-08;
1487432.4954996220767;1.9578186183366597106e-08;
1487765.8510566591285;1.9947680840459725005e-08;
1488099.2066136961803;1.9816006613382342039e-08;
1488432.5621707332321;1.9884494051325418695e-08;
1488765.9177277702838;1.9057766920127505728e-08;
1489099.2732848073356;2.0344153028872824507e-08;
1489432.6288418443874;1.8772766452457290143e-08;
1489765.9843988814391;1.9986545751748963085e-08;
1490099.3399559184909;1.8970485626823574421e-08;
1490432.6955129555427;1.9705787224211235298e-08;
1490766.0510699925944;1.8955827130184843554e-08;
1491099.4066270296462;1.9653686678111625952e-08;
1491432.762184066698;2.0259058430838194909e-08;
1491766.1177411037497;1.8532581691488303477e-08;
1492099.4732981408015;2.0542321621519477048e-08;
1492432.8288551778533;1.9283708851958181185e-08;
1492766.184412214905;1.9574335041738777363e-08;
1493099.5399692519568;1.9349506885646405863e-08;
1493432.8955262890086;1.9054217759162384027e-08;
1493766.2510833260603;1.8468556461925800249e-08;
1494099.6066403631121;1.9149183572153560817e-08;
1494432.9621974001639;2.0583357240866462234e-08;
1494766.3177544372156;2.2646139186122127285e-08;
1495099.6733114742674;2.0315653159741486888e-08;
1495433.0288685113192;1.9963877662121376488e-08;
1495766.3844255483709;1.9558591191071172943e-08;
1496099.7399825854227;2.0348085882915256661e-08;
1496433.0955396224745;1.9446183330273925094e-08;
1496766.4510966595262;1.905445223826518486e-08;
1497099.806653696578;1.8919166677733301185e-08;
1497433.1622107336298;1.9279372764913205174e-08;
1497766.5177677706815;2.0807455314297840232e-08;
1498099.8733248077333;2.1463101518293115078e-08;
1498433.2288818447851;1.9912109294750734989e-08;
1498766.5844388818368;2.1596727961536998919e-08;
1499099.9399959188886;1.9606822831974568544e-08;
1499433.2955529559404;1.9593187516875332221e-08;
1499766.6511099929921;2.0118646304467802111e-08;
1500100.0066670300439;1.8921127775683999062e-08;
1500433.3622240670957;1.9071800139158767706e-08;
1500766.7177811041474;1.8709323867938110197e-08;
1501100.0733381411992;1.9486501301457792579e-08;
1501433.428895178251;1.9542552465168228082e-08;
1501766.7844522153027;2.0024467417556479631e-08;
1502100.1400092523545;1.9008314922075442155e-08;
1502433.4955662894063;1.9711674070777007728e-08;
1502766.851123326458;1.97760137155000848e-08;
1503100.2066803635098;1.959700846043688216e-08;
1503433.5622374005616;1.9541007034717949864e-08;
1503766.9177944376133;1.9085172553445772792e-08;
1504100.2733514746651;2.0531354394393019902e-08;
1504433.6289085117169;1.8891102016027616628e-08;
1504766.9844655487686;1.8447867233817305532e-08;
1505100.3400225858204;2.018842870654680155e-08;
1505433.6955796228722;1.9464229339405392238e-08;
1505767.0511366599239;2.0270022105250973254e-08;
1506100.4066936969757;1.9288995289912236331e-08;
1506433.7622507340275;1.9159312358851821045e-08;
1506767.1178077710792;1.9707899312493282196e-08;
1507100.473364808131;1.9902527625959010038e-08;
1507433.8289218451828;1.8733858908603906457e-08;
1507767.1844788822345;2.0757839891416551836e-08;
1508100.5400359192863;1.909969604696470924e-08;
1508433.8955929563381;1.8958658642986847553e-08;
1508767.2511499933898;1.9530368433606781764e-08;
1509100.6067070304416;1.9185009136890585069e-08;
1509433.9622640674934;2.1355649693077793927e-08;
1509767.3178211045451;1.9671061224357799802e-08;
1510100.6733781415969;2.0018241286834381754e-08;
1510434.0289351786487;1.94852347590313002e-08;
1510767.3844922157004;1.9433546327718431712e-08;
1511100.7400492527522;1.8799431344973527302e-08;
1511434.095606289804;2.0021582614049293625e-08;
1511767.4511633268557;2.0031855285651545273e-08;
1512100.8067203639075;1.9966121200809539005e-08;
1512434.1622774009593;1.9530162376213411335e-08;
1512767.5178344380111;1.9121886296602497168e-08;
1513100.8733914750628;2.2779966357688863354e-08;
1513434.2289485121146;4.0568469472646029317e-08;
1513767.5845055491664;2.4169983348087953345e-08;
1514100.9400625862181;2.0137564504807414778e-08;
1514434.2956196232699;1.9387819349958590465e-08;
1514767.6511766603217;1.874182409267177718e-08;
1515101.0067336973734;1.9315002930397895398e-08;
1515434.3622907344252;1.9119905658726565889e-08;
1515767.717847771477;2.030587786805426731e-08;
1516101.0734048085287;1.8957759806426111027e-08;
1516434.4289618455805;1.8433063075917743845e-08;
1516767.7845188826323;2.0008467771504001576e-08;
1517101.140075919684;1.8700353265899138933e-08;
1517434.4956329567358;1.9376516391389486671e-08;
1517767.8511899937876;1.9801946748998489056e-08;
1518101.2067470308393;1.9160591335776189226e-08;
1518434.5623040678911;1.9208886925525803235e-08;
1518767.9178611049429;1.9156315644863752823e-08;
1519101.2734181419946;2.003949362006096635e-08;
1519434.6289751790464;1.8708798066313647723e-08;
1519767.9845322160982;1.8558091952058930474e-08;
1520101.3400892531499;2.1001797634312424634e-08;
1520434.6956462902017;1.9465357325998411397e-08;
1520768.0512033272535;1.9086312974536667753e-08;
1521101.4067603643052;1.9451171340278960997e-08;
1521434.762317401357;1.9546810392512270482e-08;
1521768.1178744384088;1.7805238172741155722e-08;
1522101.4734314754605;1.9940499029758029792e-08;
1522434.8289885125123;1.9404755136065432453e-08;
1522768.1845455495641;1.9541076312634686474e-08;
1523101.5401025866158;2.1509755754323123256e-08;
1523434.8956596236676;1.991665676825959963e-08;
1523768.2512166607194;1.9397598194359488843e-08;
1524101.6067736977711;1.9440991039232358162e-08;
1524434.9623307348229;2.0550695367660409829e-08;
1524768.3178877718747;1.7531514018287452927e-08;
1525101.6734448089264;2.1205551092862151563e-08;
1525435.0290018459782;1.8990824912634707289e-08;
1525768.38455888303;2.0238035247643892944e-08;
1526101.7401159200817;1.9543170637348339369e-08;
1526435.0956729571335;1.9115606875175217283e-08;
1526768.4512299941853;2.0024536695473216241e-08;
1527101.806787031237;1.9107481818991800537e-08;
1527435.1623440682888;2.0212915785577934003e-08;
1527768.5179011053406;1.8768249177014695306e-08;
1528101.8734581423923;2.0362604047363674908e-08;
1528435.2290151794441;2.1054104237805404409e-08;
1528768.5845722164959;2.0497189723300834885e-08;
1529101.9401292535476;2.1303490527202484373e-08;
1529435.2956862905994;1.9091476843868804281e-08;
1529768.6512433276512;1.9781746019020829408e-08;
1530102.0068003647029;2.2425155066230217926e-08;
1530435.3623574017547;3.3053982662067937781e-08;
1530768.7179144388065;2.0537342493298638146e-08;
1531102.0734714758582;1.8167966686633008067e-08;
1531435.42902851291;1.8815555336004763376e-08;
1531768.7845855499618;1.9681603902199640288e-08;
1532102.1401425870135;2.0104408804400009103e-08;
1532435.4956996240653;1.9272093254585342947e-08;
1532768.8512566611171;1.9674518014767272689e-08;
1533102.2068136981688;1.8647929422854758741e-08;
1533435.5623707352206;1.8880287555589347903e-08;
1533768.9179277722724;2.0133532174781976209e-08;
1534102.2734848093241;1.9330956391172549047e-08;
1534435.6290418463759;1.9411130480762039952e-08;
1534768.9845988834277;2.1361239888051386515e-08;
1535102.3401559204794;2.1312848375032444892e-08;
1535435.6957129575312;2.004466814753413928e-08;
1535769.051269994583;1.9556839703227524296e-08;
1536102.4068270316347;1.9113189253516793542e-08;
1536435.7623840686865;1.95270750680265337e-08;
1536769.1179411057383;1.9188583166851458373e-08;
1537102.47349814279;1.9178472143721592147e-08;
1537435.8290551798418;1.9321076294431804854e-08;
1537769.1846122168936;1.8606632679052381718e-08;
1538102.5401692539454;1.9630292058536724653e-08;
1538435.8957262909971;1.9007613261123879056e-08;
1538769.2512833280489;1.9955461283416298102e-08;
1539102.6068403651007;1.8800092149717784196e-08;
1539435.9623974021524;1.8852446714845427778e-08;
1539769.3179544392042;1.9285945285218986101e-08;
1540102.673511476256;1.9714581966923105938e-08;
1540436.0290685133077;1.8513253152718789352e-08;
1540769.3846255503595;1.9213407753682076873e-08;
1541102.7401825874113;1.9740816981084208237e-08;
1541436.095739624463;1.9524605932019767351e-08;
1541769.4512966615148;1.9829379027669347124e-08;
1542102.8068536985666;1.948140138097187446e-08;
1542436.1624107356183;1.9080244939573276497e-08;
1542769.5179677726701;1.866530041638725379e-08;
1543102.8735248097219;2.0474985262808331754e-08;
1543436.2290818467736;1.9230595782460113696e-08;
1543769.5846388838254;2.0428421620977132989e-08;
1544102.9401959208772;1.9976191367732099025e-08;
1544436.2957529579289;1.8296660186933877412e-08;
1544769.6513099949807;1.8562557713153182704e-08;
1545103.0068670320325;1.8170871030065427476e-08;
1545436.3624240690842;1.8151409264532958332e-08;
1545769.717981106136;1.8917370780968667532e-08;
1546103.0735381431878;2.0428062796895574138e-08;
1546436.4290951802395;2.1614338763242813002e-08;
1546769.7846522172913;2.2015067102643115504e-08;
1547103.1402092543431;2.0960662538982433034e-08;
1547436.4957662913948;1.8857281958162275259e-08;
1547769.8513233284466;1.9938887874104693765e-08;
1548103.2068803654984;1.9738042311701065046e-08;
1548436.5624374025501;1.928757065172703733e-08;
1548769.9179944396019;1.9039127607811678899e-08;
1549103.2735514766537;1.9563161757218949788e-08;
1549436.6291085137054;1.9815344032281245745e-08;
1549769.9846655507572;2.0516283782967548177e-08;
1550103.340222587809;2.0187613358757516835e-08;
1550436.6957796248607;2.0638537989725591615e-08;
1550770.0513366619125;2.5246492896258132532e-08;
1551103.4068936989643;2.6854250378960387025e-08;
1551436.762450736016;2.1657669435626303311e-08;
1551770.1180077730678;1.9746019930266811571e-08;
1552103.4735648101196;1.9596251732423297653e-08;
1552436.8291218471713;1.9214285273960740597e-08;
1552770.1846788842231;1.917665315431804629e-08;
1553103.5402359212749;1.8543394375569732802e-08;
1553436.8957929583266;1.9303536546999566781e-08;
1553770.2513499953784;1.9191313427313616558e-08;
1554103.6069070324302;1.8928874467860623554e-08;
1554436.9624640694819;1.8885030428350546572e-08;
1554770.3180211065337;1.8640626819887984311e-08;
1555103.6735781435855;1.8521385314329563698e-08;
1555437.0291351806372;1.9094898107141489163e-08;
1555770.384692217689;1.9833906961252978363e-08;
1556103.7402492547408;1.9601932521595699654e-08;
1556437.0958062917925;2.0475992457136271696e-08;
1556770.4513633288443;1.8240816856973651738e-08;
1557103.8069203658961;1.8766204590292545618e-08;
1557437.1624774029478;1.9412937035667710006e-08;
1557770.5180344399996;1.9129782202753631282e-08;
1558103.8735914770514;1.8693487646714856965e-08;
1558437.2291485141031;1.9821019492383129545e-08;
1558770.5847055511549;1.9322129674037569202e-08;
1559103.9402625882067;1.9825511898829972779e-08;
1559437.2958196252584;1.8851817884524280089e-08;
1559770.6513766623102;2.2583012793120360584e-08;
1560104.006933699362;2.2111073860742180841e-08;
1560437.3624907364137;2.0552572976839655894e-08;
1560770.7180477734655;1.9769309744788188254e-08;
1561104.0736048105173;1.9304248866092166281e-08;
1561437.429161847569;1.8754537478571364773e-08;
1561770.7847188846208;1.8824680481088762463e-08;
1562104.1402759216726;1.7876509161851572571e-08;
1562437.4958329587243;1.9922431704344489845e-08;
1562770.8513899957761;1.8705117454942410404e-08;
1563104.2069470328279;1.8743602225868016831e-08;
1563437.5625040698797;1.9662632411154845613e-08;
1563770.9180611069314;2.0013775525740129524e-08;
1564104.2736181439832;1.8609249252676818287e-08;
1564437.629175181035;1.8907039489590715675e-08;
1564770.9847322180867;2.0033827041743279551e-08;
1565104.3402892551385;2.0453702731515477353e-08;
1565437.6958462921903;1.9798537920223679976e-08;
1565771.051403329242;2.4431585643469588831e-08;
1566104.4069603662938;4.2466119509754207684e-08;
1566437.7625174033456;2.1310114561856607907e-08;
1566771.1180744403973;1.8562721137982407527e-08;
1567104.4736314774491;2.2088554985089103866e-08;
1567437.8291885145009;1.8985188532383290294e-08;
1567771.1847455515526;1.8828583137064924813e-08;
1568104.5403025886044;2.0714599813231870939e-08;
1568437.8958596256562;1.9265186779193754774e-08;
1568771.2514166627079;1.866487409074579773e-08;
1569104.6069736997597;1.8812613689078716561e-08;
1569437.9625307368115;1.8515303068511457241e-08;
1569771.3180877738632;1.9999962574956953176e-08;
1570104.673644810915;1.94972873401866309e-08;
1570438.0292018479668;1.9031771714139722462e-08;
1570771.3847588850185;1.8155779102357882948e-08;
1571104.7403159220703;1.8495958542530388513e-08;
1571438.0958729591221;1.9685408858549635625e-08;
1571771.4514299961738;1.8710672122779214988e-08;
1572104.8069870332256;1.8375610366661021544e-08;
1572438.1625440702774;1.9276393814493530954e-08;
1572771.5181011073291;1.76972783094697661e-08;
1573104.8736581443809;1.9244689397623915283e-08;
1573438.2292151814327;1.7381646344460932596e-08;
1573771.5847722184844;1.8808615109833226597e-08;
1574104.9403292555362;1.9288215469259739621e-08;
1574438.295886292588;2.0152358004565940064e-08;
1574771.6514433296397;1.9105769410998618696e-08;
1575105.0070003666915;1.9052343702696816763e-08;
1575438.3625574037433;1.934920135227002902e-08;
1575771.718114440795;1.8927211797858944919e-08;
1576105.0736714778468;2.0899516783856597613e-08;
1576438.4292285148986;1.8373061294596482185e-08;
1576771.7847855519503;1.9188684419191304187e-08;
1577105.1403425890021;1.9861696287648555881e-08;
1577438.4958996260539;2.0456289107073644118e-08;
1577771.8514566631056;1.9592876654428437178e-08;
1578105.2070137001574;2.1113477188805518381e-08;
1578438.5625707372092;2.1671370475928597443e-08;
1578771.9181277742609;1.9589057487223726639e-08;
1579105.2736848113127;1.8790352385167352622e-08;
1579438.6292418483645;1.9611059443036538141e-08;
1579771.9847988854162;1.8842712279365514405e-08;
1580105.340355922468;2.1083232937257889716e-08;
1580438.6959129595198;2.0378456255798482744e-08;
1580772.0514699965715;1.933856452751570032e-08;
1581105.4070270336233;1.7991343526091441163e-08;
1581438.7625840706751;1.8914015242899040459e-08;
1581772.1181411077268;1.8064058693312290416e-08;
1582105.4736981447786;1.8751803665395527787e-08;
1582438.8292551818304;2.0001509781764070794e-08;
1582772.1848122188821;1.8756482589310508047e-08;
1583105.5403692559339;1.990396114592840604e-08;
1583438.8959262929857;1.9620536306774738478e-08;
1583772.2514833300374;1.9427949027317481523e-08;
1584105.6070403670892;2.0370725550833412854e-08;
1584438.962597404141;2.0407904699482060096e-08;
1584772.3181544411927;2.0506698561462144426e-08;
1585105.6737114782445;2.2375061803359130863e-08;
1585439.0292685152963;4.8945985042792017339e-08;
1585772.384825552348;3.2432655672209875775e-08;
1586105.7403825893998;2.0531425448666595912e-08;
1586439.0959396264516;2.0160218383580286172e-08;
1586772.4514966635033;1.980233044207579951e-08;
1587105.8070537005551;2.0313120074888502131e-08;
1587439.1626107376069;1.8604900731133966474e-08;
1587772.5181677746587;1.9108387760979894665e-08;
1588105.8737248117104;2.1273123707032937091e-08;
1588439.2292818487622;1.9552613750306591101e-08;
1588772.584838885814;1.9404993167881912086e-08;
1589105.9403959228657;1.8698052883792115608e-08;
1589439.2959529599175;1.8777912558221032668e-08;
1589772.6515099969693;2.0898966113236383535e-08;
1590106.007067034021;2.0081358798051951453e-08;
1590439.3626240710728;1.838387575503475091e-08;
1590772.7181811081246;1.9915923132884927327e-08;
1591106.0737381451763;2.0374482545548744383e-08;
1591439.4292951822281;1.7040004962609600625e-08;
1591772.7848522192799;2.0690158919478562893e-08;
1592106.1404092563316;2.132786747210957401e-08;
1592439.4959662933834;1.9743383816717141599e-08;
1592772.8515233304352;2.0004319978284001991e-08;
1593106.2070803674869;2.0415972912246616033e-08;
1593439.5626374045387;1.8736063367441602168e-08;
1593772.9181944415905;2.1758689072726156155e-08;
1594106.2737514786422;1.9973313669652270619e-08;
1594439.629308515694;1.783231518004413374e-08;
1594772.9848655527458;1.9825581176746709389e-08;
1595106.3404225897975;2.0553944324319672887e-08;
1595439.6959796268493;1.8719514827125749434e-08;
1595773.0515366639011;2.033311297111595195e-08;
1596106.4070937009528;1.9174395404775168572e-08;
1596439.7626507380046;1.8941946677841769997e-08;
1596773.1182077750564;1.9414983398746699095e-08;
1597106.4737648121081;1.9900918246662513411e-08;
1597439.8293218491599;1.9594047273585601943e-08;
1597773.1848788862117;2.0120308974469480745e-08;
1598106.5404359232634;1.9614367019471501408e-08;
1598439.8959929603152;1.9908611648133955896e-08;
1598773.251549997367;1.971679886025867745e-08;
1599106.6071070344187;2.0016765134300840145e-08;
1599439.9626640714705;1.7339925051373938913e-08;
1599773.3182211085223;2.1882851086729715462e-08;
1600106.673778145574;2.1362627222742958111e-08;
1600440.0293351826258;1.865962850899904879e-08;
1600773.3848922196776;1.7629291804155400314e-08;
1601106.7404492567293;2.0634152164689112396e-08;
1601440.0960062937811;4.6771344131002479116e-08;
1601773.4515633308329;2.7082222686658496968e-08;
1602106.8071203678846;1.9711674070777007728e-08;
1602440.1626774049364;1.8388011113756874693e-08;
1602773.5182344419882;1.9351343638618345722e-08;
1603106.8737914790399;1.7914768335458575166e-08;
1603440.2293485160917;1.9129110739868337987e-08;
1603773.5849055531435;1.84589872276319511e-08;
1604106.9404625901952;1.9730901357206676039e-08;
1604440.296019627247;2.1587132081890558766e-08;
1604773.6515766642988;2.1942595296309264086e-08;
1605107.0071337013505;1.9074548163189319894e-08;
1605440.3626907384023;1.9563952236012482899e-08;
1605773.7182477754541;1.8839104498624692496e-08;
1606107.0738048125058;1.8028393000690812187e-08;
1606440.4293618495576;1.8290231551532087906e-08;
1606773.7849188866094;1.8571528315192153968e-08;
1607107.1404759236611;1.8458436557011737023e-08;
1607440.4960329607129;1.8044774563463761297e-08;
1607773.8515899977647;1.8370801768696765066e-08;
1608107.2071470348164;2.1177221753987396369e-08;
1608440.5627040718682;1.7889451697783442796e-08;
1608773.91826110892;1.8396896450667554745e-08;
1609107.2738181459717;1.9488076929974340601e-08;
1609440.6293751830235;1.8450460714802829898e-08;
1609773.9849322200753;1.9042305510197365948e-08;
1610107.340489257127;1.8316342220714432187e-08;
1610440.6960462941788;1.8972919235693552764e-08;
1610774.0516033312306;1.8020603675950042089e-08;
1611107.4071603682823;1.8055111183912231354e-08;
1611440.7627174053341;1.811210381674754899e-08;
1611774.1182744423859;1.7715848343868856318e-08;
1612107.4738314794376;1.8948735913681957754e-08;
1612440.8293885164894;1.8315986949346552137e-08;
1612774.1849455535412;1.8525843969996458327e-08;
1613107.540502590593;1.8376450583446057863e-08;
1613440.8960596276447;1.8372027454915951239e-08;
1613774.2516166646965;1.8274558755138059496e-08;
1614107.6071737017483;1.9015061525351484306e-08;
1614440.9627307388;1.8987522665270262223e-08;
1614774.3182877758518;1.8220672970414852898e-08;
1615107.6738448129036;1.9125312888945700251e-08;
1615441.0294018499553;2.0927071631149374298e-08;
1615774.3849588870071;1.9072839307909816853e-08;
1616107.7405159240589;2.1634852132024207094e-08;
1616441.0960729611106;1.8997232231754423992e-08;
1616774.4516299981624;1.962970586077972257e-08;
1617107.8071870352142;2.2967096668935482739e-08;
1617441.1627440722659;2.0463010841353934666e-08;
1617774.5183011093177;2.2039252201011549914e-08;
1618107.8738581463695;1.9072871282332926057e-08;
1618441.2294151834212;1.7749023584201495396e-08;
1618774.584972220473;1.8258514700164596434e-08;
1619107.9405292575248;1.9307810461555163783e-08;
1619441.2960862945765;1.7510675576204448589e-08;
1619774.6516433316283;1.7504186544670119474e-08;
1620108.0072003686801;1.8441225435594787996e-08;
1620441.3627574057318;1.7438473776110186009e-08;
1620774.7183144427836;1.7064239798969538242e-08;
1621108.0738714798354;1.8362186438025673851e-08;
1621441.4294285168871;1.8646815647116454784e-08;
1621774.7849855539389;1.9082289526295426185e-08;
1622108.1405425909907;1.7227007376163783192e-08;
1622441.4960996280424;1.8081806274494738318e-08;
1622774.8516566650942;1.8138850421678398561e-08;
1623108.207213702146;1.8482220198734466976e-08;
1623441.5627707391977;1.6879566189231809403e-08;
1623774.9183277762495;1.8742088769840847817e-08;
1624108.2738848133013;2.006616028893404291e-08;
1624441.629441850353;1.7976368837935297051e-08;
1624774.9849988874048;1.862458809398503945e-08;
1625108.3405559244566;1.817763894962354243e-08;
1625441.6961129615083;1.7081875469671103929e-08;
1625775.0516699985601;1.7085326931010058615e-08;
1626108.4072270356119;1.8317757977115434187e-08;
1626441.7627840726636;1.9162845532605388144e-08;
1626775.1183411097154;1.8439184401586317108e-08;
1627108.4738981467672;1.7708661204096642905e-08;
1627441.8294551838189;1.7718679856670860318e-08;
1627775.1850122208707;1.7618177139411272947e-08;
1628108.5405692579225;1.8137161106324128923e-08;
1628441.8961262949742;1.7681523800661125279e-08;
1628775.251683332026;1.8635452292414811382e-08;
1629108.6072403690778;1.9510171256342800916e-08;
1629441.9627974061295;1.8049497896299726563e-08;
1629775.3183544431813;1.7399946372620433976e-08;
1630108.6739114802331;1.8365090781458093261e-08;
1630442.0294685172848;1.7613938751992463949e-08;
1630775.3850255543366;1.7968728727169036574e-08;
1631108.7405825913884;2.2073427530244771333e-08;
1631442.0961396284401;1.9274361662269257067e-08;
1631775.4516966654919;1.7574498301087260188e-08;
1632108.8072537025437;2.0161740721391652187e-08;
1632442.1628107395954;1.8836921356069069589e-08;
1632775.5183677766472;1.7224618176214789855e-08;
1633108.873924813699;1.7303046107031150314e-08;
1633442.2294818507507;1.7599154134018135665e-08;
1633775.5850388878025;1.8744755081456787593e-08;
1634108.9405959248543;1.8370091225961004966e-08;
1634442.296152961906;1.8307655835769764963e-08;
1634775.6517099989578;1.6555439685816963902e-08;
1635109.0072670360096;1.8652189126555640541e-08;
1635442.3628240730613;1.8107330745920080517e-08;
1635775.7183811101131;1.7368034122000608477e-08;
1636109.0739381471649;1.8548835356568815769e-08;
1636442.4294951842166;1.7873713176186356577e-08;
1636775.7850522212684;1.9537951700954181433e-08;
1637109.1406092583202;4.2816395762201864272e-08;
1637442.4961662953719;2.3770418522417458007e-08;
1637775.8517233324237;1.9157191388785577146e-08;
1638109.2072803694755;1.7673821517405485793e-08;
1638442.5628374065273;1.8709158666752045974e-08;
1638775.918394443579;1.7883545311292436963e-08;
1639109.2739514806308;1.7620282122265962244e-08;
1639442.6295085176826;1.8185593475550376752e-08;
1639775.9850655547343;1.7307575816971620952e-08;
1640109.3406225917861;2.0925490673562308075e-08;
1640442.6961796288379;1.8361347997597476933e-08;
1640776.0517366658896;1.9081383584307332058e-08;
1641109.4072937029414;1.844543717766100599e-08;
1641442.7628507399932;1.8285895464487111894e-08;
1641776.1184077770449;1.7989606249102507718e-08;
1642109.4739648140967;1.7257812956472662336e-08;
1642442.8295218511485;1.8705478055380808655e-08;
1642776.1850788882002;1.7730762635892460821e-08;
1643109.540635925252;1.8258129230730446579e-08;
1643442.8961929623038;1.7885177783227845794e-08;
1643776.2517499993555;1.8936123780122215976e-08;
1644109.6073070364073;1.8039608917774785368e-08;
1644442.9628640734591;1.7909323801745813398e-08;
1644776.3184211105108;1.7793324147419298242e-08;
1645109.6739781475626;1.9480921764625236392e-08;
1645443.0295351846144;1.8033112780813098652e-08;
1645776.3850922216661;1.8932398759829993651e-08;
1646109.7406492587179;2.1105467595816662651e-08;
1646443.0962062957697;2.4171638912662274379e-08;
1646776.4517633328214;3.6175492823531385511e-08;
1647109.8073203698732;2.7210935726884599717e-08;
1647443.162877406925;2.1034031405520181579e-08;
1647776.5184344439767;1.9561511521715146955e-08;
1648109.8739914810285;2.1585575993299244146e-08;
1648443.2295485180803;1.7512583383449964458e-08;
1648776.585105555132;1.833359597469552682e-08;
1649109.9406625921838;1.8033270876571805275e-08;
1649443.2962196292356;1.8342584340302892087e-08;
1649776.6517766662873;1.8121555811489997723e-08;
1650110.0073337033391;1.7780513061893543636e-08;
1650443.3628907403909;1.7362726367764480528e-08;
1650776.7184477774426;1.8239632026961771771e-08;
1651110.0740048144944;1.7528495988017311902e-08;
1651443.4295618515462;1.7342332014891326253e-08;
1651776.7851188885979;1.7178775735260387592e-08;
1652110.1406759256497;1.742763267031932628e-08;
1652443.4962329627015;1.778529323814836971e-08;
1652776.8517899997532;1.7435532129184139194e-08;
1653110.207347036805;1.781734759731534723e-08;
1653443.5629040738568;1.8361056675075815292e-08;
1653776.9184611109085;1.7519043993274863169e-08;
1654110.2740181479603;1.8430634796118283703e-08;
1654443.6295751850121;1.8133434309675067198e-08;
1654776.9851322220638;1.7833755805440887343e-08;
1655110.3406892591156;1.7447973732487298548e-08;
1655443.6962462961674;1.7748462255440244917e-08;
1655777.0518033332191;1.7999880697061598767e-08;
1656110.4073603702709;2.1395077709485121886e-08;
1656443.7629174073227;1.800345295066563267e-08;
1656777.1184744443744;1.8219679986941628158e-08;
1657110.4740314814262;1.933374171869672864e-08;
1657443.829588518478;4.5688008043498484767e-08;
1657777.1851455555297;3.5628932693043680047e-08;
1658110.5407025925815;2.0084076624016233836e-08;
1658443.8962596296333;1.8600129436663337401e-08;
1658777.251816666685;1.7768646998206349963e-08;
1659110.6073737037368;1.8803493873065235675e-08;
1659443.9629307407886;1.8661333811564873031e-08;
1659777.3184877778403;1.7631707649456984655e-08;
1660110.6740448148921;1.9888476643359354057e-08;
1660444.0296018519439;1.9474283519116397656e-08;
1660777.3851588889956;1.8280307045870358706e-08;
1661110.7407159260474;1.7908694971424665709e-08;
1661444.0962729630992;1.7161793763875721197e-08;
1661777.4518300001509;1.8038784688201303652e-08;
1662110.8073870372027;1.7935551710479558096e-08;
1662444.1629440742545;1.7452418177299477975e-08;
1662777.5185011113063;1.8394343825889336586e-08;
1663110.874058148358;2.3591326225869124755e-08;
1663444.2296151854098;1.8543980573326734884e-08;
1663777.5851722224616;1.8241586019485112047e-08;
1664110.9407292595133;2.2769883756268427533e-08;
1664444.2962862965651;2.1016191453782084864e-08;
1664777.6518433336169;1.9754763158630339603e-08;
1665111.0074003706686;1.8718594674282940105e-08;
1665444.3629574077204;1.8198376139366700954e-08;
1665777.7185144447722;2.014779099113184202e-08;
1666111.0740714818239;1.8162063852855681034e-08;
1666444.4296285188757;1.8714155558541278879e-08;
1666777.7851855559275;1.7836011778626925661e-08;
1667111.1407425929792;1.8184474370741554594e-08;
1667444.496299630031;1.7753295722400252998e-08;
1667777.8518566670828;1.9832235409467102727e-08;
1668111.2074137041345;1.9204701828812176245e-08;
1668444.5629707411863;1.9168940212921370403e-08;
1668777.9185277782381;1.9990759270172020479e-08;
1669111.2740848152898;1.7683698061432551185e-08;
1669444.6296418523416;1.9755560742851230316e-08;
1669777.9851988893934;1.8431995485457264294e-08;
1670111.3407559264451;1.8893425490773552156e-08;
1670444.6963129634969;1.8408405466630028968e-08;
1670778.0518700005487;1.8609510377132210124e-08;
1671111.4074270376004;1.8657630107554723509e-08;
1671444.7629840746522;1.9986686083939275704e-08;
1671778.118541111704;1.7440312305438965268e-08;
1672111.4740981487557;2.1730308219503058353e-08;
1672444.8296551858075;2.3374706614731621812e-08;
1672778.1852122228593;3.1747905637757867225e-08;
1673111.540769259911;2.2062145887957740342e-08;
1673444.8963262969628;2.1024721519324884866e-08;
1673778.2518833340146;2.1994926768797995464e-08;
1674111.6074403710663;2.8310763511285585992e-08;
1674444.9629974081181;3.8665035617668763734e-08;
1674778.3185544451699;2.5977771045404551842e-08;
1675111.6741114822216;2.1069126887596212327e-08;
1675445.0296685192734;1.937416627129096014e-08;
1675778.3852255563252;1.9505680626252797083e-08;
1676111.7407825933769;2.395242582053924707e-08;
1676445.0963396304287;1.9166447984275691852e-08;
1676778.4518966674805;1.9015395480437291553e-08;
1677111.8074537045322;1.8735274665004908456e-08;
1677445.163010741584;1.7762499027185185696e-08;
1677778.5185677786358;1.8535805779151814932e-08;
1678111.8741248156875;1.9102984083474439103e-08;
1678445.2296818527393;1.8070849705509317573e-08;
1678778.5852388897911;1.8840660587216007116e-08;
1679111.9407959268428;1.7717248113058303716e-08;
1679445.2963529638946;1.9044982479954342125e-08;
1679778.6519100009464;2.3058866815972578479e-08;
1680112.0074670379981;2.8539366425661683024e-08;
1680445.3630240750499;2.3507718438509073167e-08;
1680778.7185811121017;1.9117084804065598291e-08;
1681112.0741381491534;1.9560241426574975776e-08;
1681445.4296951862052;1.8875081053693065769e-08;
1681778.785252223257;1.8705446080957699451e-08;
1682112.1408092603087;1.8830800030400496325e-08;
1682445.4963662973605;1.8159607151346790488e-08;
1682778.8519233344123;1.7496837756425520638e-08;
1683112.207480371464;1.8135281720788043458e-08;
1683445.5630374085158;1.7467662871695210924e-08;
1683778.9185944455676;1.7881346181525259453e-08;
1684112.2741514826193;1.7677640684610196331e-08;
1684445.6297085196711;1.7501141869047387445e-08;
1684778.9852655567229;1.721209486049701809e-08;
1685112.3408225937746;1.8211233410170279967e-08;
1685445.6963796308264;1.750323264104736154e-08;
1685779.0519366678782;1.7366019733344728593e-08;
1686112.4074937049299;1.8589611627817248518e-08;
1686445.7630507419817;1.9095905301469429105e-08;
1686779.1186077790335;2.149460875955355732e-08;
1687112.4741648160852;2.8357503012443885382e-08;
1687445.829721853137;4.0414750657191689243e-08;
1687779.1852788901888;2.8307431065854871122e-08;
1688112.5408359272406;2.198978954481844994e-08;
1688445.8963929642923;1.9743973567187822482e-08;
1688779.2519500013441;1.8261369305605512636e-08;
1689112.6075070383959;1.8095088094582933991e-08;
1689445.9630640754476;1.8877235774539258273e-08;
1689779.3186211124994;1.8618928621094710252e-08;
1690112.6741781495512;1.8100589471714556566e-08;
1690446.0297351866029;1.7267790752839573543e-08;
1690779.3852922236547;1.7989638223525616922e-08;
1691112.7408492607065;1.9130286688096020953e-08;
1691446.0964062977582;2.0782943366270956176e-08;
1691779.45196333481;2.3794358483542055183e-08;
1692112.8075203718618;2.018176203932853241e-08;
1692446.1630774089135;1.8852546190828434192e-08;
1692779.5186344459653;1.8660678335891134338e-08;
1693112.8741914830171;1.8921227251667005476e-08;
1693446.2297485200688;1.8419532565872032137e-08;
1693779.5853055571206;1.9908961590431317745e-08;
1694112.9408625941724;1.7944312702411480132e-08;
1694446.2964196312241;1.7815656505604238191e-08;
1694779.6519766682759;1.9383733729227969889e-08;
1695113.0075337053277;2.6343307979459495982e-08;
1695446.3630907423794;1.7716377698206997593e-08;
1695779.7186477794312;1.8539518364946161455e-08;
1696113.074204816483;2.0775788200921851967e-08;
1696446.4297618535347;1.793394410753990087e-08;
1696779.7853188905865;1.8469043183699795918e-08;
1697113.1408759276383;1.9310897769742041419e-08;
1697446.49643296469;1.9157292641125422961e-08;
1697779.8519900017418;1.9429315045726980316e-08;
1698113.2075470387936;1.8787941868936286482e-08;
1698446.5631040758453;1.831096874127524643e-08;
1698779.9186611128971;1.9527693240206644987e-08;
1699113.2742181499489;2.1358049551167823665e-08;
1699446.6297751870006;1.9001303641630329366e-08;
1699779.9853322240524;2.1644167347290022008e-08;
1700113.3408892611042;1.9753478852635453222e-08;
1700446.6964462981559;1.9940042506050303928e-08;
1700780.0520033352077;1.8944541935184133763e-08;
1701113.4075603722595;2.0154764968083327403e-08;
1701446.7631174093112;1.9352430769004058675e-08;
1701780.118674446363;2.0075679785236388852e-08;
1702113.4742314834148;1.9886240210098549142e-08;
1702446.8297885204665;1.8578543148350945557e-08;
1702780.1853455575183;1.9353008084976863756e-08;
1703113.5409025945701;1.9353926461462833686e-08;
1703446.8964596316218;1.9365625547607123735e-08;
1703780.2520166686736;2.160602541323441983e-08;
1704113.6075737057254;2.284348354919529811e-08;
1704446.9631307427771;2.092957096522241045e-08;
1704780.3186877798289;2.1717523779329894751e-08;
1705113.6742448168807;2.0033157355214825657e-08;
1705447.0298018539324;2.1746270562061909004e-08;
1705780.3853588909842;2.1186226106806316238e-08;
1706113.740915928036;2.0867378935918168281e-08;
1706447.0964729650877;2.0821349977495628991e-08;
1706780.4520300021395;2.14604245485361389e-08;
1707113.8075870391913;2.3620811973046329513e-08;
1707447.163144076243;2.283766598054626229e-08;
1707780.5187011132948;2.1871935373951600923e-08;
1708113.8742581503466;3.0968777764428523369e-08;
1708447.2298151873983;5.0329855838526782463e-08;
1708780.5853722244501;2.2378639386033682968e-08;
1709113.9409292615019;2.0712015214030543575e-08;
1709447.2964862985536;2.208192029229394393e-08;
1709780.6520433356054;1.9586304134122656251e-08;
1710114.0076003726572;2.0511453868721218896e-08;
1710447.3631574097089;2.0709832071474920667e-08;
1710780.7187144467607;2.0381607512831578788e-08;
1711114.0742714838125;1.9525771222106413916e-08;
1711447.4298285208642;1.9248002303129396751e-08;
1711780.785385557916;1.9169075216041164822e-08;
1712114.1409425949678;2.2618149131403697538e-08;
1712447.4964996320195;1.8534535684011643752e-08;
1712780.8520566690713;1.9156754405003084685e-08;
1713114.2076137061231;1.9624843972110284085e-08;
1713447.5631707431749;1.9198528988795260375e-08;
1713780.9187277802266;1.9939342621455580229e-08;
1714114.2742848172784;1.8858310468772288004e-08;
1714447.6298418543302;1.8466186801902040315e-08;
1714780.9853988913819;1.9563643149922427256e-08;
1715114.3409559284337;2.4208439697304129368e-08;
1715447.6965129654855;2.5957653804198344005e-08;
1715781.0520700025372;2.2002346611316170311e-08;
1716114.407627039589;1.8805080159722820099e-08;
1716447.7631840766408;1.8727474682123101957e-08;
1716781.1187411136925;1.8168828219700117188e-08;
1717114.4742981507443;1.759479495433424745e-08;
1717447.8298551877961;1.79830976776429452e-08;
1717781.1854122248478;1.6649909895249948022e-08;
1718114.5409692618996;1.6919942780191377096e-08;
1718447.8965262989514;1.8555645908691076329e-08;
1718781.2520833360031;1.848423281103350746e-08;
1719114.6076403730549;1.6575228301007882692e-08;
1719447.9631974101067;1.7593466239418376063e-08;
1719781.3187544471584;1.7045364231194071181e-08;
1720114.6743114842102;1.974154528738836234e-08;
1720448.029868521262;1.8088572417696013872e-08;
1720781.3854255583137;1.6125365931429769262e-08;
1721114.7409825953655;1.6230407240414024272e-08;
1721448.0965396324173;1.7460022760928950447e-08;
1721781.452096669469;1.7020379772247906658e-08;
1722114.8076537065208;1.7598905444060619629e-08;
1722448.1632107435726;1.8916042066052796145e-08;
1722781.5187677806243;2.2157772505693174026e-08;
1723114.8743248176761;1.8801017631631111726e-08;
1723448.2298818547279;1.7226373216772117303e-08;
1723781.5854388917796;1.8127606082884994976e-08;
1724114.9409959288314;1.7508245520048149046e-08;
1724448.2965529658832;1.7134320628997556923e-08;
1724781.6521100029349;1.7349096381735762407e-08;
1725115.0076670399867;1.8414615610140572244e-08;
1725448.3632240770385;1.736919408301673684e-08;
1725781.7187811140902;1.7765870552466367371e-08;
1726115.074338151142;1.8907304166759786312e-08;
1726448.4298951881938;1.7862193502082845953e-08;
1726781.7854522252455;1.8296370640769055171e-08;
1727115.1410092622973;3.2874865496523852926e-08;
1727448.4965662993491;1.9878171997333993204e-08;
1727781.8521233364008;1.7217175241057702806e-08;
1728115.2076803734526;2.1824726914587699866e-08;
1728448.5632374105044;1.960182771654217504e-08;
1728781.9187944475561;1.9553404229100124212e-08;
1729115.2743514846079;1.8770029086567774357e-08;
1729448.6299085216597;2.8111980299172500963e-08;
1729781.9854655587114;2.8942880092586165119e-08;
1730115.3410225957632;2.1123272020417971362e-08;
1730448.696579632815;1.9996415190348670876e-08;
1730782.0521366698667;2.0868991867928343709e-08;
1731115.4076937069185;1.9028629338890823419e-08;
1731448.7632507439703;1.9101339177041154471e-08;
1731782.118807781022;1.961984708032105118e-08;
1732115.4743648180738;1.9101037196378456429e-08;
1732448.8299218551256;1.9567320208579985774e-08;
1732782.1854788921773;2.0865252636781406181e-08;
1733115.5410359292291;2.0701575564885388303e-08;
1733448.8965929662809;1.956708040040666674e-08;
1733782.2521500033326;2.1951114703711027687e-08;
1734115.6077070403844;2.025154977047805005e-08;
1734448.9632640774362;2.0899296515608511982e-08;
1734782.3188211144879;2.1047632969839469297e-08;
1735115.6743781515397;2.2423737533472376526e-08;
1735449.0299351885915;2.1525934812416380737e-08;
1735782.3854922256432;2.3146286665109983005e-08;
1736115.741049262695;2.3188492903614132956e-08;
1736449.0966062997468;2.2972018953737460834e-08;
1736782.4521633367985;2.3176763619403573102e-08;
1737115.8077203738503;2.2435440172330345376e-08;
1737449.1632774109021;2.5959158378441316017e-08;
1737782.5188344479539;2.6331832714276970364e-08;
1738115.8743914850056;2.2292942603030496684e-08;
1738449.2299485220574;2.3566101958749641199e-08;
1738782.5855055591092;2.438604695953472401e-08;
1739115.9410625961609;2.3864350495728103851e-08;
1739449.2966196332127;2.3304185248207431869e-08;
1739782.6521766702645;2.4599762227239807544e-08;
1740116.0077337073162;2.3002144189376849681e-08;
1740449.363290744368;2.2757447482035786379e-08;
1740782.7188477814198;2.52753391549731532e-08;
1741116.0744048184715;2.259936415782703989e-08;
1741449.4299618555233;2.2752651318569405703e-08;
1741782.7855188925751;2.2662575815957097802e-08;
1742116.1410759296268;2.1997283994323879597e-08;
1742449.4966329666786;2.1680394368672750716e-08;
1742782.8521900037304;2.2854161230156933016e-08;
1743116.2077470407821;2.3656774317259987583e-08;
1743449.5633040778339;2.8118449790781596676e-08;
1743782.9188611148857;7.7709195522857044125e-08;
1744116.2744181519374;7.0867244517103245016e-08;
1744449.6299751889892;3.3664019127854771796e-08;
1744782.985532226041;2.8805569485257365159e-08;
1745116.3410892630927;2.4437722956349716696e-08;
1745449.6966463001445;2.2380486797146659228e-08;
1745783.0522033371963;2.0980962744943099096e-08;
1746116.407760374248;2.0675043899132106162e-08;
1746449.7633174112998;2.054502878934272303e-08;
1746783.1188744483516;3.8222882636773647391e-08;
1747116.4744314854033;2.1482490453195168811e-08;
1747449.8299885224551;2.1426446394912090909e-08;
1747783.1855455595069;2.0096358355203847168e-08;
1748116.5411025965586;2.4604991821775001881e-08;
1748449.8966596336104;2.0662081823275002535e-08;
1748783.2522166706622;2.0348407403503188107e-08;
1749116.6077737077139;2.0580898763000732288e-08;
1749449.9633307447657;1.9961492014886061952e-08;
1749783.3188877818175;2.1561586294183143764e-08;
1750116.6744448188692;2.058361125989449647e-08;
1750450.030001855921;2.277908706105336023e-08;
1750783.3855588929728;2.338965821024885372e-08;
1751116.7411159300245;2.0877315876077773282e-08;
1751450.0966729670763;2.0935381428444088669e-08;
1751783.4522300041281;2.1642721392822750204e-08;
1752116.8077870411798;2.4902824691253044875e-08;
1752450.1633440782316;2.212113514588054386e-08;
1752783.5189011152834;2.2886021966428415908e-08;
1753116.8744581523351;2.0905428499418121646e-08;
1753450.2300151893869;2.2923885012460232247e-08;
1753783.5855722264387;2.1520037307709571905e-08;
1754116.9411292634904;2.3494383327715695486e-08;
1754450.2966863005422;2.2498944929338904331e-08;
1754783.652243337594;2.2275052913300896762e-08;
1755117.0078003746457;2.3882929411911391071e-08;
1755450.3633574116975;2.3047851627211457526e-08;
1755783.7189144487493;2.4354024574790855695e-08;
1756117.074471485801;4.4635413587457151152e-08;
1756450.4300285228528;2.6102243921855006192e-08;
1756783.7855855599046;2.4993415337348778849e-08;
1757117.1411425969563;2.7066004548714772682e-08;
1757450.4966996340081;3.0735883171928435331e-08;
1757783.8522566710599;3.6543273296274492168e-08;
1758117.2078137081116;3.1554797885746665997e-08;
1758450.5633707451634;2.9093005338154398487e-08;
1758783.9189277822152;3.3557618905888375593e-08;
1759117.2744848192669;3.5205662385351388366e-08;
1759450.6300418563187;3.3159484047473597457e-08;
1759783.9855988933705;3.236964474240267009e-08;
1760117.3411559304222;7.3985773951790179126e-08;
1760450.696712967474;3.5807509846108587226e-08;
1760784.0522700045258;3.1611222084393375553e-08;
1761117.4078270415775;3.4514350488734635292e-08;
1761450.7633840786293;3.6833625927101820707e-08;
1761784.1189411156811;3.5133869147330187843e-08;
1762117.4744981527328;3.2404521732587454608e-08;
1762450.8300551897846;3.5960443511839912389e-08;
1762784.1856122268364;3.6939638903277227655e-08;
1763117.5411692638882;3.6270115799652558053e-08;
1763450.8967263009399;3.7220129200932206004e-08;
1763784.2522833379917;3.7719399159641398001e-08;
1764117.6078403750435;8.0443761873993935296e-08;
1764450.9633974120952;3.9740143620292656124e-08;
1764784.318954449147;3.6663582392293392331e-08;
1765117.6745114861988;3.5826197120059077861e-08;
1765451.0300685232505;4.0246622035056134337e-08;
1765784.3856255603023;3.3670406907049255096e-08;
1766117.7411825973541;3.3967577195426201797e-08;
1766451.0967396344058;3.3576430524817624246e-08;
1766784.4522966714576;3.9376416793857060838e-08;
1767117.8078537085094;3.4690572192630497739e-08;
1767451.1634107455611;3.5434247536159091396e-08;
1767784.5189677826129;3.6705021244642921374e-08;
1768117.8745248196647;5.2795012805972874048e-08;
1768451.2300818567164;3.6602575193001030129e-08;
1768784.5856388937682;3.5863163105886997073e-08;
1769117.94119593082;3.4431202777795988368e-08;
1769451.2967529678717;3.730116659994564543e-08;
1769784.6523100049235;3.4323281994375065551e-08;
1770118.0078670419753;3.0865365374665998388e-08;
1770451.363424079027;3.7438635303033152013e-08;
1770784.7189811160788;3.4266047777009589481e-08;
1771118.0745381531306;3.5043441926063678693e-08;
1771451.4300951901823;3.128417347397771664e-08;
1771784.7856522272341;3.3043299652035784675e-08;
1772118.1412092642859;3.4857649211517127696e-08;
1772451.4967663013376;3.1846049353134731064e-08;
1772784.8523233383894;3.0189195143748293049e-08;
1773118.2078803754412;3.1219226315215564682e-08;
1773451.5634374124929;3.8585103112609431264e-08;
1773784.9189944495447;2.9152403158150264062e-08;
1774118.2745514865965;3.1774185060839954531e-08;
1774451.6301085236482;2.8939524554516538046e-08;
1774784.9856655607;3.143296822827323922e-08;
1775118.3412225977518;3.3643328123389437678e-08;
1775451.6967796348035;3.276255711170961149e-08;
1775785.0523366718553;3.2740867794700534432e-08;
1776118.4078937089071;5.8475798425661196234e-08;
1776451.7634507459588;3.2340995659296822851e-08;
1776785.1190077830106;3.2384317449896116159e-08;
1777118.4745648200624;3.1090880980855217786e-08;
1777451.8301218571141;6.4397859489417896839e-08;
1777785.1856788941659;3.3420015199681074591e-08;
1778118.5412359312177;2.9398954382031661225e-08;
1778451.8967929682694;3.4017141103959147586e-08;
1778785.2523500053212;3.4176593999291071668e-08;
1779118.607907042373;4.0546666468799230643e-08;
1779451.9634640794247;1.3357276884562452324e-07;
1779785.3190211164765;6.1062017664426093688e-08;
1780118.6745781535283;3.5818079169303018716e-08;
1780452.03013519058;2.9570141890644663363e-08;
1780785.3856922276318;2.871175119878444093e-08;
1781118.7412492646836;2.6796570296028221492e-08;
1781452.0968063017353;2.7669743829505932808e-08;
1781785.4523633387871;2.7760352239170060784e-08;
1782118.8079203758389;2.7456691142901945568e-08;
1782452.1634774128906;2.6596687519031547708e-08;
1782785.5190344499424;2.6463441216151295521e-08;
1783118.8745914869942;2.7534168722809226892e-08;
1783452.2301485240459;2.8378284611108028912e-08;
1783785.5857055610977;3.6869426622843093355e-08;
1784118.9412625981495;5.6175874618702437147e-08;
1784452.2968196352012;3.0907308712357917102e-08;
1784785.652376672253;2.8031941212702804478e-08;
1785119.0079337093048;2.7166374039211405034e-08;
1785452.3634907463565;3.2516688008854544023e-08;
1785785.7190477834083;2.5622076904596724489e-08;
1786119.0746048204601;2.5808240877722710138e-08;
1786452.4301618575118;2.6814463538471500215e-08;
1786785.7857188945636;2.8303155374942434719e-08;
1787119.1412759316154;2.5403048553584994806e-08;
1787452.4968329686671;2.4815875576678081416e-08;
1787785.8523900057189;2.501867513160505041e-08;
1788119.2079470427707;2.6160407173847488593e-08;
1788452.5635040798225;2.4139856336091725098e-08;
1788785.9190611168742;2.5688192906159201812e-08;
1789119.274618153926;2.7049511075460941356e-08;
1789452.6301751909778;2.6753767201626033057e-08;
1789785.9857322280295;2.5155825866818304348e-08;
1790119.3412892650813;2.7635932653424788441e-08;
1790452.6968463021331;4.2051507165297152824e-08;
1790786.0524033391848;8.1444248678508301964e-08;
1791119.4079603762366;5.2849578935365570942e-08;
1791452.7635174132884;2.7089408050073870982e-08;
1791786.1190744503401;2.7991099216251313919e-08;
1792119.4746314873919;3.8367794275018241024e-08;
1792452.8301885244437;2.6164727273680910002e-08;
1792786.1857455614954;2.7011902048457159253e-08;
1793119.5413025985472;2.6845288658705612761e-08;
1793452.896859635599;2.7750308717600091768e-08;
1793786.2524166726507;2.3405318572145006328e-08;
1794119.6079737097025;2.533668741477868025e-08;
1794452.9635307467543;2.5120010960222316498e-08;
1794786.319087783806;4.3058523857553154812e-08;
1795119.6746448208578;2.5924295599111246702e-08;
1795453.0302018579096;2.6339513681250537047e-08;
1795786.3857588949613;2.6561014720982711879e-08;
1796119.7413159320131;2.6442389611247563153e-08;
1796453.0968729690649;2.6636104877297839266e-08;
1796786.4524300061166;2.5770955147663698881e-08;
1797119.8079870431684;2.525172781986384507e-08;
1797453.1635440802202;2.4914026397482302855e-08;
1797786.5191011172719;2.6552571696925042488e-08;
1798119.8746581543237;2.7807647740019092453e-08;
1798453.2302151913755;2.8425084508398867911e-08;
1798786.5857722284272;2.6331601787887848332e-08;
1799119.941329265479;2.6333498936992327799e-08;
1799453.2968863025308;3.0224271085899090394e-08;
1799786.6524433395825;2.6947963860379786638e-08;
1800120.0080003766343;3.9227217030202155001e-08;
1800453.3635574136861;2.820770284017726226e-08;
1800786.7191144507378;2.9435387460807760363e-08;
1801120.0746714877896;2.8094699899838815327e-08;
1801453.4302285248414;3.3193575887935367064e-08;
1801786.7857855618931;4.0779113419375789817e-08;
1802120.1413425989449;3.1305010139703881578e-08;
1802453.4968996359967;2.7407008218460759963e-08;
1802786.8524566730484;2.7113260969713337545e-08;
1803120.2080137101002;2.7793046086799222394e-08;
1803453.563570747152;2.6625016857906302903e-08;
1803786.9191277842037;2.6914088735452423862e-08;
1804120.2746848212555;2.7768010113504715264e-08;
1804453.6302418583073;2.7470152375030920666e-08;
1804786.985798895359;2.7479854836087724834e-08;
1805120.3413559324108;2.6873742342559125973e-08;
1805453.6969129694626;2.6403956354670299334e-08;
1805787.0524700065143;2.7035591543267400993e-08;
1806120.4080270435661;2.8975591703783720732e-08;
1806453.7635840806179;2.9184736405341027421e-08;
1806787.1191411176696;2.564279100170097081e-08;
1807120.4746981547214;2.7118023382399769616e-08;
1807453.8302551917732;2.7870884267144901969e-08;
1807787.1858122288249;2.8235517035568591382e-08;
1808120.5413692658767;3.6050831653255954734e-08;
1808453.8969263029285;2.565229806350544095e-08;
1808787.2524833399802;2.6937362562762245943e-08;
1809120.608040377032;3.6891908195002542925e-08;
1809453.9635974140838;5.6016528304780877079e-08;
1809787.3191544511355;4.0765574027545881108e-08;
1810120.6747114881873;2.9957163860672153533e-08;
1810454.0302685252391;3.1597121363802216365e-08;
1810787.3858255622908;2.8748090130648051854e-08;
1811120.7413825993426;2.6388097040808133897e-08;
1811454.0969396363944;2.7598138885309708712e-08;
1811787.4524966734461;2.9937591961015641573e-08;
1812120.8080537104979;2.8325041867560685205e-08;
1812454.1636107475497;2.6208981651620888442e-08;
1812787.5191677846014;2.6333591307547976612e-08;
1813120.8747248216532;2.7468029628607837367e-08;
1813454.230281858705;3.063594178343009844e-08;
1813787.5858388957568;4.6183156854340268183e-08;
1814120.9413959328085;4.8039435540658814716e-08;
1814454.2969529698603;4.026274780244420981e-08;
1814787.6525100069121;5.3940915734074224019e-08;
1815121.0080670439638;1.7084846604120684788e-07;
1815454.3636240810156;5.9519454254086667788e-08;
1815787.7191811180674;3.6610163789418947999e-08;
1816121.0747381551191;3.7624367621447163401e-08;
1816454.4302951921709;3.205850518384067982e-08;
1816787.7858522292227;2.9825624636714564986e-08;
1817121.1414092662744;2.7146526804244786035e-08;
1817454.4969663033262;2.8025590737001948582e-08;
1817787.852523340378;2.7038156602543494955e-08;
1818121.2080803774297;2.6495118987668320187e-08;
1818454.5636374144815;2.7255046219920586736e-08;
1818787.9191944515333;2.5834278716274639009e-08;
1819121.274751488585;2.7961709392343436775e-08;
1819454.6303085256368;2.8837670029702167085e-08;
1819787.9858655626886;2.8838075039061550342e-08;
1820121.3414225997403;2.8555314557365818473e-08;
1820454.6969796367921;2.841834501055018336e-08;
1820788.0525366738439;2.7930337154202788952e-08;
1821121.4080937108956;2.778323349161837541e-08;
1821454.7636507479474;2.9619844355011082371e-08;
1821788.1192077849992;2.6996483271091165079e-08;
1822121.4747648220509;3.0171911191700928612e-08;
1822454.8303218591027;3.0600602940467069857e-08;
1822788.1858788961545;2.9550667690614318417e-08;
1823121.5414359332062;4.5147618976670855773e-08;
1823454.896992970258;2.8947303221116271743e-08;
1823788.2525500073098;2.9870715678725900943e-08;
1824121.6081070443615;3.9939678231348807458e-08;
1824454.9636640814133;3.1707106273870522273e-08;
1824788.3192211184651;3.3224090145722584566e-08;
1825121.6747781555168;3.3411797772942009033e-08;
1825455.0303351925686;3.0162212283357803244e-08;
1825788.3858922296204;3.3425710199708191794e-08;
1826121.7414492666721;3.3099887275511719054e-08;
1826455.0970063037239;3.1354709051356621785e-08;
1826788.4525633407757;3.2702811125773223466e-08;
1827121.8081203778274;3.4623784728182727122e-08;
1827455.1636774148792;3.4362255263431507046e-08;
1827788.519234451931;4.2434574965000138036e-08;
1828121.8747914889827;6.027230625704760314e-08;
1828455.2303485260345;4.562873456848137721e-08;
1828788.5859055630863;3.4068992960101240897e-08;
1829121.941462600138;3.137410331532919372e-08;
1829455.2970196371898;3.2010785133707031491e-08;
1829788.6525766742416;3.3575901170479482971e-08;
1830122.0081337112933;3.2148289363931326079e-08;
1830455.3636907483451;3.3505902052866076701e-08;
1830788.7192477853969;3.376440815827663755e-08;
1831122.0748048224486;3.2937702343360797386e-08;
1831455.4303618595004;3.2307607256143455743e-08;
1831788.7859188965522;3.1703429215212963754e-08;
1832122.1414759336039;4.28506332639244647e-08;
1832455.4970329706557;3.2925729698263239698e-08;
1832788.8525900077075;3.2097275948217429686e-08;
1833122.2081470447592;3.4826616257532805321e-08;
1833455.563704081811;2.8353168701755748771e-08;
1833788.9192611188628;2.9060876372000166157e-08;
1834122.2748181559145;3.1240073639082766022e-08;
1834455.6303751929663;3.2401732852349596214e-08;
1834788.9859322300181;2.9861219275062467204e-08;
1835122.3414892670698;3.1112300291624706006e-08;
1835455.6970463041216;2.9632335696305744932e-08;
1835789.0526033411734;3.1945560863277933095e-08;
1836122.4081603782251;3.1390367638550742413e-08;
1836455.7637174152769;3.1078268847295476007e-08;
1836789.1192744523287;3.2075238465267830179e-08;
1837122.4748314893804;2.9902587073138420237e-08;
1837455.8303885264322;2.9738981055515978369e-08;
1837789.185945563484;2.822515199341069092e-08;
1838122.5415026005358;3.0083207036568637704e-08;
1838455.8970596375875;2.7762498078232056287e-08;
1838789.2526166746393;2.9490200503801133891e-08;
1839122.6081737116911;2.9599870998708865955e-08;
1839455.9637307487428;2.7821917214509994665e-08;
1839789.3192877857946;3.0223844760257634334e-08;
1840122.6748448228464;3.9349515645881183445e-08;
1840456.0304018598981;3.0062970779454190051e-08;
1840789.3859588969499;3.0032776265898064594e-08;
1841122.7415159340017;2.8841519394973147428e-08;
1841456.0970729710534;3.3473600780098422547e-08;
1841789.4526300081052;3.3561097012579921284e-08;
1842122.808187045157;3.0693364294620550936e-08;
1842456.1637440822087;3.4885033528553321958e-08;
1842789.5193011192605;3.0377094617506372742e-08;
1843122.8748581563123;3.1782001030933315633e-08;
1843456.230415193364;2.9821169533761349157e-08;
1843789.5859722304158;3.0589745847464655526e-08;
1844122.9415292674676;2.9778712828942843771e-08;
1844456.2970863045193;3.1373168951631669188e-08;
1844789.6526433415711;3.2562819995973768528e-08;
1845123.0082003786229;3.2484599898907617899e-08;
1845456.3637574156746;3.0665500361237718607e-08;
1845789.7193144527264;3.404440462873026263e-08;
1846123.0748714897782;3.327858877355538425e-08;
1846456.4304285268299;3.190736919123082771e-08;
1846789.7859855638817;3.4097613621497657732e-08;
1847123.1415426009335;3.4416569150153009105e-08;
1847456.4970996379852;3.3697212131755804876e-08;
1847789.852656675037;3.406270820960344281e-08;
1848123.2082137120888;4.0803403322797748842e-08;
1848456.5637707491405;3.4504164858617514255e-08;
1848789.9193277861923;3.2532231131199296215e-08;
1849123.2748848232441;3.3638777097166894237e-08;
1849456.6304418602958;3.5247559537765482673e-08;
1849789.9859988973476;3.7625092375037638703e-08;
1850123.3415559343994;4.6306155354614020325e-08;
1850456.6971129714511;8.368621706722478848e-08;
1850790.0526700085029;1.6360070276277838275e-07;
1851123.4082270455547;6.40167314713835367e-08;
1851456.7637840826064;4.4208704252923780587e-08;
1851790.1193411196582;3.967798889448204136e-08;
1852123.47489815671;3.8712201444468519185e-08;
1852456.8304551937617;5.1340744988692676998e-08;
1852790.1860122308135;6.0112846256288321456e-08;
1853123.5415692678653;4.0257724265302385902e-08;
1853456.897126304917;3.565278916539682541e-08;
1853790.2526833419688;3.7697937216307764174e-08;
1854123.6082403790206;3.8765353593817053479e-08;
1854456.9637974160723;3.7930906415795107023e-08;
1854790.3193544531241;3.6566518701874883845e-08;
1855123.6749114901759;6.822661902106119669e-08;
1855457.0304685272276;3.8030254501109084231e-08;
1855790.3860255642794;4.0826705571817001328e-08;
1856123.7415826013312;4.8174651823273961782e-08;
1856457.0971396383829;3.8178658456899938756e-08;
1856790.4526966754347;3.6573972295173007296e-08;
1857123.8082537124865;3.8919225175959581975e-08;
1857457.1638107495382;4.5814758209417050239e-08;
1857790.51936778659;4.3762778290101778111e-08;
1858123.8749248236418;4.1337305134447888122e-08;
1858457.2304818606935;3.9373649229901275248e-08;
1858790.5860388977453;4.1115324478369075223e-08;
1859123.9415959347971;4.1186172694551714812e-08;
1859457.2971529718488;4.0800177458777397987e-08;
1859790.6527100089006;4.1306599030122015392e-08;
1860124.0082670459524;3.946706783608533442e-08;
1860457.3638240830041;3.8493769949354827986e-08;
1860790.7193811200559;4.0487517338760881103e-08;
1861124.0749381571077;4.0395516265334663331e-08;
1861457.4304951941594;4.1080600254872479127e-08;
1861790.7860522312112;4.0698886039081116905e-08;
1862124.141609268263;4.4169503610191895859e-08;
1862457.4971663053147;4.0016722380187275121e-08;
1862790.8527233423665;3.967784678593488934e-08;
1863124.2082803794183;4.4844398416898911819e-08;
1863457.5638374164701;4.2692917645581474062e-08;
1863790.9193944535218;4.239091566660135868e-08;
1864124.2749514905736;4.9554731873513446772e-08;
1864457.6305085276254;4.1675264128571143374e-08;
1864790.9860655646771;4.3010288663936080411e-08;
1865124.3416226017289;4.2227618735068972455e-08;
1865457.6971796387807;4.1409624174093551119e-08;
1865791.0527366758324;4.0196386663637895253e-08;
1866124.4082937128842;4.3459390752786930534e-08;
1866457.763850749936;4.0651936927815768286e-08;
1866791.1194077869877;4.3156212825579132186e-08;
1867124.4749648240395;4.1082401480707630981e-08;
1867457.8305218610913;4.2478657036326694652e-08;
1867791.186078898143;4.0509430476731722592e-08;
1868124.5416359351948;4.0190030858866521157e-08;
1868457.8971929722466;4.1082618196242037811e-08;
1868791.2527500092983;4.1623245294886146439e-08;
1869124.6083070463501;3.8811414526662701974e-08;
1869457.9638640834019;3.9046874178438883973e-08;
1869791.3194211204536;4.1837378006448489032e-08;
1870124.6749781575054;4.1259458072318011546e-08;
1870458.0305351945572;3.8219525322347180918e-08;
1870791.3860922316089;4.0148819380192435347e-08;
1871124.7416492686607;4.0581870308642464806e-08;
1871458.0972063057125;3.9476361735069076531e-08;
1871791.4527633427642;3.9296462972515655565e-08;
1872124.808320379816;5.0156597097839039634e-08;
1872458.1638774168678;4.2201737215918910806e-08;
1872791.5194344539195;4.359404570664082712e-08;
1873124.8749914909713;4.6397843789236503653e-08;
1873458.2305485280231;7.4935165628176036989e-08;
1873791.5861055650748;1.5704934241966839181e-07;
1874124.9416626021266;9.1190315743006067351e-08;
1874458.2972196391784;5.2716238485572830541e-08;
1874791.6527766762301;4.5856626940121714142e-08;
1875125.0083337132819;4.2533315536275040358e-08;
1875458.3638907503337;4.1151746899004137958e-08;
1875791.7194477873854;3.7671192387733754003e-08;
1876125.0750048244372;4.1272652850921076606e-08;
1876458.430561861489;4.3055877085862448439e-08;
1876791.7861188985407;4.3715445485759119038e-08;
1877125.1416759355925;4.8717801348630018765e-08;
1877458.4972329726443;4.302283329593592498e-08;
1877791.852790009696;3.9107078464439837262e-08;
1878125.2083470467478;3.8975603189328467124e-08;
1878458.5639040837996;4.2540040823269009707e-08;
1878791.9194611208513;5.131324343210508232e-08;
1879125.2750181579031;4.6106634954412584193e-08;
1879458.6305751949549;4.1525670013697890681e-08;
1879791.9861322320066;4.1469100153790350305e-08;
1880125.3416892690584;5.4739626165201116237e-08;
1880458.6972463061102;4.0092999142871121876e-08;
1880792.0528033431619;4.0028179881801406736e-08;
1881125.4083603802137;4.1167581343870551791e-08;
1881458.7639174172655;4.248126828088061302e-08;
1881792.1194744543172;4.4287602918302582111e-08;
1882125.475031491369;3.9349171032654339797e-08;
1882458.8305885284208;4.2394116661625957931e-08;
1882792.1861455654725;4.1652647553291899385e-08;
1883125.5417026025243;4.4784879804637967027e-08;
1883458.8972596395761;6.0111155164577212417e-08;
1883792.2528166766278;7.85799443292489741e-08;
1884125.6083737136796;5.452972118291654624e-08;
1884458.9639307507314;4.4199929050137143349e-08;
1884792.3194877877831;4.3154770423825539183e-08;
1885125.6750448248349;4.5023348604900093051e-08;
1885459.0306018618867;4.6566135836201283382e-08;
1885792.3861588989384;6.107607219973942847e-08;
1886125.7417159359902;1.3148478217317460803e-07;
1886459.097272973042;1.3802598175516322954e-07;
1886792.4528300100937;7.1120922484624315985e-08;
1887125.8083870471455;7.8202340603183984058e-08;
1887459.1639440841973;4.8661433993402170017e-08;
1887792.519501121249;4.6931344144240938476e-08;
1888125.8750581583008;5.243757783546243445e-08;
1888459.2306151953526;4.5328892639417972532e-08;
1888792.5861722324044;4.3963584772654940025e-08;
1889125.9417292694561;4.4620907857506608707e-08;
1889459.2972863065079;4.3828560336578448187e-08;
1889792.6528433435597;4.6352056415344122797e-08;
1890126.0084003806114;4.2890697216080297949e-08;
1890459.3639574176632;4.5520330616000137525e-08;
1890792.719514454715;4.5293152339809239493e-08;
1891126.0750714917667;4.6684739629654359305e-08;
1891459.4306285288185;4.4299977020045844256e-08;
1891792.7861855658703;4.4073157567936505075e-08;
1892126.141742602922;4.5685361271807778394e-08;
1892459.4972996399738;4.9706176952213354525e-08;
1892792.8528566770256;4.6177156320936774136e-08;
1893126.2084137140773;4.5889425592804400367e-08;
1893459.5639707511291;4.4715857683286230895e-08;
1893792.9195277881809;4.5408434345972636947e-08;
1894126.2750848252326;4.9934516965777220321e-08;
1894459.6306418622844;6.4018529144505009754e-08;
1894792.9861988993362;4.8903785909715224989e-08;
1895126.3417559363879;4.9795847445466279169e-08;
1895459.6973129734397;4.519547047721061972e-08;
1895793.0528700104915;4.3928842785589949926e-08;
1896126.4084270475432;5.3208140116112190299e-08;
1896459.763984084595;5.0058094558380616945e-08;
1896793.1195411216468;4.8604533731122501194e-08;
1897126.4750981586985;5.0087297864820357063e-08;
1897459.8306551957503;5.0063636791719545727e-08;
1897793.1862122328021;5.2966594665804223041e-08;
1898126.5417692698538;7.3062025762737903278e-08;
1898459.8973263069056;8.5141230954377533635e-08;
1898793.2528833439574;6.4181470804669515928e-08;
1899126.6084403810091;5.2979903131245009718e-08;
1899459.9639974180609;4.8827470067180911428e-08;
1899793.3195544551127;5.1150074398265132913e-08;
1900126.6751114921644;5.1868173756020041765e-08;
1900460.0306685292162;5.0894442438220721669e-08;
1900793.386225566268;5.1503981524092523614e-08;
1901126.7417826033197;5.0508507598578944453e-08;
1901460.0973396403715;4.7390823709747564862e-08;
1901793.4528966774233;4.7455138485474890331e-08;
1902126.808453714475;5.3535735844434384489e-08;
1902460.1640107515268;5.0243812665939913131e-08;
1902793.5195677885786;5.0561684616923230351e-08;
1903126.8751248256303;5.0850204047492297832e-08;
1903460.2306818626821;5.0744549895398449735e-08;
1903793.5862388997339;5.0350287494893564144e-08;
1904126.9417959367856;5.3098144547902847989e-08;
1904460.2973529738374;4.823003152409910399e-08;
1904793.6529100108892;4.7172456163480092073e-08;
1905127.0084670479409;4.9931710321970967925e-08;
1905460.3640240849927;5.1734403427872166503e-08;
1905793.7195811220445;4.6179021495618144399e-08;
1906127.0751381590962;4.7240956035921044531e-08;
1906460.430695196148;5.0351257385727876681e-08;
1906793.7862522331998;4.9887169950579846045e-08;
1907127.1418092702515;4.900819305930781411e-08;
1907460.4973663073033;4.6817870469340050477e-08;
1907793.8529233443551;4.8452530876375021762e-08;
1908127.2084803814068;4.9272266267053055344e-08;
1908460.5640374184586;4.8637247118676896207e-08;
1908793.9195944555104;4.8173976807674989686e-08;
1909127.2751514925621;4.9869559148874031962e-08;
1909460.6307085296139;5.1057156724709784612e-08;
1909793.9862655666657;6.7034520156994403806e-08;
1910127.3418226037174;6.5959007145011128159e-08;
1910460.6973796407692;5.3053202719866021653e-08;
1910794.052936677821;5.5826042455464630621e-08;
1911127.4084937148727;5.2964736596550210379e-08;
1911460.7640507519245;1.3094781081690598512e-07;
1911794.1196077889763;7.1568230453067371855e-08;
1912127.475164826028;5.7729973690356928273e-08;
1912460.8307218630798;5.8737718688917084364e-08;
1912794.1862789001316;5.3594547466673247982e-08;
1913127.5418359371834;5.0746955082558997674e-08;
1913460.8973929742351;5.9642339067522698315e-08;
1913794.2529500112869;5.5764584061535060755e-08;
1914127.6085070483387;5.6148646621068110107e-08;
1914460.9640640853904;5.7044445611609262414e-08;
1914794.3196211224422;6.0088666486990405247e-08;
1915127.675178159494;5.7355951099680169136e-08;
1915461.0307351965457;5.6608893572729357402e-08;
1915794.3862922335975;5.2842057840507550281e-08;
1916127.7418492706493;5.3636085795005783439e-08;
1916461.097406307701;5.0345953184205427533e-08;
1916794.4529633447528;5.3226465013267443283e-08;
1917127.8085203818046;5.5707502610857773107e-08;
1917461.1640774188563;4.920082119497237727e-08;
1917794.5196344559081;5.3350969864141006838e-08;
1918127.8751914929599;5.3245916120658876025e-08;
1918461.2307485300116;5.299665772895423288e-08;
1918794.5863055670634;5.0937465800870995736e-08;
1919127.9418626041152;8.7633090117833489785e-08;
1919461.2974196411669;5.1814531332183833001e-08;
1919794.6529766782187;5.2896577784622422769e-08;
1920128.0085337152705;5.5963116807333790348e-08;
1920461.3640907523222;5.5462894721358679817e-08;
1920794.719647789374;6.2048087556831887923e-08;
1921128.0752048264258;8.7989278085842670407e-08;
1921461.4307618634775;1.0209421930085227359e-07;
1921794.7863189005293;2.4004216925277432892e-07;
1922128.1418759375811;1.6951180725754966261e-07;
1922461.4974329746328;7.5645289143722038716e-08;
1922794.8529900116846;6.6260618325486575486e-08;
1923128.2085470487364;5.3617338124922753195e-08;
1923461.5641040857881;5.1694790670353540918e-08;
1923794.9196611228399;5.2979622466864384478e-08;
1924128.2752181598917;5.4607465216349737602e-08;
1924461.6307751969434;4.9896460296849909355e-08;
1924794.9863322339952;5.3455856630080234027e-08;
1925128.341889271047;5.4995147991121484665e-08;
1925461.6974463080987;5.7911183404257826624e-08;
1925795.0530033451505;5.4015732331436083768e-08;
1926128.4085603822023;5.2177163922806357732e-08;
1926461.764117419254;5.3055064341833713115e-08;
1926795.1196744563058;5.2958966989535838366e-08;
1927128.4752314933576;5.066188890623379848e-08;
1927461.8307885304093;5.2002839368014974752e-08;
1927795.1863455674611;5.0446701038708852138e-08;
1928128.5419026045129;5.0984198196601937525e-08;
1928461.8974596415646;6.5605277654867677484e-08;
1928795.2530166786164;5.0493870418222286389e-08;
1929128.6085737156682;5.0281517616213022848e-08;
1929461.9641307527199;4.9696396331455616746e-08;
1929795.3196877897717;5.0585583721840521321e-08;
1930128.6752448268235;5.0753907743228410254e-08;
1930462.0308018638752;4.9046779082573266351e-08;
1930795.386358900927;5.0255287931122438749e-08;
1931128.7419159379788;5.5506756524437150802e-08;
1931462.0974729750305;5.0359044934111807379e-08;
1931795.4530300120823;5.1008118617801301298e-08;
1932128.8085870491341;6.5989262054699793225e-08;
1932462.1641440861858;5.4113655778564861976e-08;
1932795.5197011232376;5.2874280953574270825e-08;
1933128.8752581602894;5.2794920435417225235e-08;
1933462.2308151973411;5.0166288900754807401e-08;
1933795.5863722343929;4.9736222251794970362e-08;
1934128.9419292714447;5.7371870809674874181e-08;
1934462.2974863084964;5.3762402529855535249e-08;
1934795.6530433455482;5.7394554886514015379e-08;
1935129.0086003826;5.4641436264546427992e-08;
1935462.3641574196517;5.4136474858523797593e-08;
1935795.7197144567035;5.2309228948388408753e-08;
1936129.0752714937553;7.1578043048248218838e-08;
1936462.430828530807;5.4986550424018787453e-08;
1936795.7863855678588;5.34840367549804796e-08;
1937129.1419426049106;5.654001711263845209e-08;
1937462.4974996419623;5.4337707666718415567e-08;
1937795.8530566790141;5.7485873838913903455e-08;
1938129.2086137160659;6.7447835760958696483e-08;
1938462.5641707531177;7.8495922650745342253e-08;
1938795.9197277901694;1.0334164102232534788e-07;
1939129.2752848272212;7.3400883593421895057e-08;
1939462.630841864273;5.6571611395384024945e-08;
1939795.9863989013247;5.5888648375912453048e-08;
1940129.3419559383765;9.3260297262531821616e-08;
1940462.6975129754283;5.4848495523174278787e-08;
1940796.05307001248;5.5789474373568737064e-08;
1941129.4086270495318;6.0643181143404945033e-08;
1941462.7641840865836;5.8652034340411773883e-08;
1941796.1197411236353;5.2348759993492421927e-08;
1942129.4752981606871;5.381248158187190711e-08;
1942462.8308551977389;5.3457359427966366638e-08;
1942796.1864122347906;5.7720136226180329686e-08;
1943129.5419692718424;5.9417075704004673753e-08;
1943462.8975263088942;5.7675336506690655369e-08;
1943796.2530833459459;5.9190377044160413789e-08;
1944129.6086403829977;7.3638268816011986928e-08;
1944462.9641974200495;5.9566421128920410411e-08;
1944796.3197544571012;5.6909918555447802646e-08;
1945129.675311494153;6.5508423574556218227e-08;
1945463.0308685312048;9.0967915866713155992e-08;
1945796.3864255682565;2.0618190887944365386e-07;
1946129.7419826053083;1.7947387220829114085e-07;
1946463.0975396423601;7.1206052609795733588e-08;
1946796.4530966794118;6.3216113233011128614e-08;
1947129.8086537164636;6.0023673142950428883e-08;
1947463.1642107535154;5.8628440768870859756e-08;
1947796.5197677905671;6.5742916888211766491e-08;
1948129.8753248276189;6.3204787181803112617e-08;
1948463.2308818646707;5.6598352671244356316e-08;
1948796.5864389017224;5.2049085041971920873e-08;
1949129.9419959387742;5.4228518564514160971e-08;
1949463.297552975826;6.0312338234780327184e-08;
1949796.6531100128777;5.7563180888564602355e-08;
1950130.0086670499295;5.7609412351666833274e-08;
1950463.3642240869813;5.3860620852219653898e-08;
1950796.719781124033;5.635547495330683887e-08;
1951130.0753381610848;6.7228640432404063176e-08;
1951463.4308951981366;5.6336766363074275432e-08;
1951796.7864522351883;5.4991478037891283748e-08;
1952130.1420092722401;6.8256227336860320065e-08;
1952463.4975663092919;5.7164424305256034131e-08;
1952796.8531233463436;5.8138905245641581132e-08;
1953130.2086803833954;6.3448418075040535768e-08;
1953463.5642374204472;8.9690601612346654292e-08;
1953796.9197944574989;5.9914640360148041509e-08;
1954130.2753514945507;5.32407717912519729e-08;
1954463.6309085316025;5.1256126454291006667e-08;
1954796.9864655686542;5.2447528986476754653e-08;
1955130.342022605706;4.492837746283839806e-08;
1955463.6975796427578;4.821215782158105867e-08;
1955797.0531366798095;5.3989172243973371224e-08;
1956130.4086937168613;5.3023384793959849048e-08;
1956463.7642507539131;5.6124189740103247459e-08;
1956797.1198077909648;6.0920370970052317716e-08;
1957130.4753648280166;9.0859153090150357457e-08;
1957463.8309218650684;3.1759981311552110128e-07;
1957797.1864789021201;1.3271331056330382125e-07;
1958130.5420359391719;7.3935368050115357619e-08;
1958463.8975929762237;5.4144653205412396346e-08;
1958797.2531500132754;5.3105885911008954281e-08;
1959130.6087070503272;4.9247514510852852254e-08;
1959463.964264087379;4.7610956954713401501e-08;
1959797.3198211244307;4.8535675034599989885e-08;
1960130.6753781614825;5.7184813329058670206e-08;
1960464.0309351985343;4.420163790541664639e-08;
1960797.386492235586;4.3084021683625906007e-08;
1961130.7420492726378;4.4654626663032104261e-08;
1961464.0976063096896;4.3712987007893389091e-08;
1961797.4531633467413;4.1594226729557703948e-08;
1962130.8087203837931;4.213580595546773111e-08;
1962464.1642774208449;4.2748826700744757545e-08;
1962797.5198344578966;4.2673796940562169766e-08;
1963130.8753914949484;4.0318735017308426904e-08;
1963464.2309485320002;4.0960109970455960138e-08;
1963797.586505569052;3.9966700171589764068e-08;
1964130.9420626061037;4.0281637581074392074e-08;
1964464.2976196431555;4.2770235353373209364e-08;
1964797.6531766802073;4.0165538450764870504e-08;
1965131.008733717259;4.039182499582238961e-08;
1965464.3642907543108;3.9710272403681301512e-08;
1965797.7198477913626;3.9437544785414502257e-08;
1966131.0754048284143;4.1078720869336393662e-08;
1966464.4309618654661;4.0209307883287692675e-08;
1966797.7865189025179;4.0825128166943613905e-08;
1967131.1420759395696;3.8730775031581288204e-08;
1967464.4976329766214;4.0159893188729256508e-08;
1967797.8531900136732;4.0020658786943386076e-08;
1968131.2087470507249;5.3136961497557422263e-08;
1968464.5643040877767;5.2552760365642825491e-08;
1968797.9198611248285;6.1155631669862486888e-08;
1969131.2754181618802;4.6940744624635044602e-08;
1969464.630975198932;3.9916109528803644935e-08;
1969797.9865322359838;3.9779536109563196078e-08;
1970131.3420892730355;3.7023447418960131472e-08;
1970464.6976463100873;4.0004703549811893026e-08;
1970798.0532033471391;4.143800325095980952e-08;
1971131.4087603841908;3.760705169497668976e-08;
1971464.7643174212426;3.6627984201231811312e-08;
1971798.1198744582944;3.7783664197377220262e-08;
1972131.4754314953461;3.7045371215072009363e-08;
1972464.8309885323979;3.9275622754075811827e-08;
1972798.1865455694497;3.6357192811919958331e-08;
1973131.5421026065014;3.6717985096856864402e-08;
1973464.8976596435532;3.5103578710504734772e-08;
1973798.253216680605;3.5692394817488093395e-08;
1974131.6087737176567;3.6041900131067450275e-08;
1974464.9643307547085;3.4834815920703476877e-08;
1974798.3198877917603;3.7020910781393467914e-08;
1975131.675444828812;3.5905902251442967099e-08;
1975465.0310018658638;3.6219748977828203351e-08;
1975798.3865589029156;3.5792918851029753569e-08;
1976131.7421159399673;4.4495976680991589092e-08;
1976465.0976729770191;3.4975361273836824694e-08;
1976798.4532300140709;3.7180200251896167174e-08;
1977131.8087870511226;5.2811895301374534029e-08;
1977465.1643440881744;5.527419233430919121e-08;
1977798.5199011252262;3.8528952472915989347e-08;
1978131.8754581622779;3.6510353851326726726e-08;
1978465.2310151993297;3.5337148318603794905e-08;
1978798.5865722363815;3.6441406336962245405e-08;
1979131.9421292734332;3.3849573810584843159e-08;
1979465.297686310485;3.4433320195148553466e-08;
1979798.6532433475368;3.7239487937767989933e-08;
1980132.0088003845885;3.4255336345268005971e-08;
1980465.3643574216403;3.3374075059100505314e-08;
1980798.7199144586921;3.454923103163309861e-08;
1981132.0754714957438;3.4721971076123736566e-08;
1981465.4310285327956;3.6628239996616684948e-08;
1981798.7865855698474;3.9497031423252337845e-08;
1982132.1421426068991;3.6375592316062466125e-08;
1982465.4976996439509;3.7951700448957126355e-08;
1982798.8532566810027;3.8598663820721412776e-08;
1983132.2088137180544;5.4588092268659238471e-08;
1983465.5643707551062;3.4768603995871671941e-08;
1983798.919927792158;3.5058160818834949168e-08;
1984132.2754848292097;4.0012011481849185657e-08;
1984465.6310418662615;3.4254554748258669861e-08;
1984798.9865989033133;3.5661432917777347029e-08;
1985132.342155940365;3.3782683317440387327e-08;
1985465.6977129774168;3.558739791742482339e-08;
1985799.0532700144686;3.4533517379031763994e-08;
1986132.4088270515203;3.3710001900999486679e-08;
1986465.7643840885721;3.3615503269857072155e-08;
1986799.1199411256239;3.4185060115987653262e-08;
1987132.4754981626756;3.2775741232171640149e-08;
1987465.8310551997274;3.2794975624028666061e-08;
1987799.1866122367792;3.2803505689571466064e-08;
1988132.542169273831;3.3155288292618934065e-08;
1988465.8977263108827;3.5266449316395664937e-08;
1988799.2532833479345;3.397802217364187527e-08;
1989132.6088403849863;3.5458096903084879159e-08;
1989465.964397422038;3.7477391856555186678e-08;
1989799.3199544590898;4.6280945298349251971e-08;
1990132.6755114961416;4.9902073584462414146e-08;
1990466.0310685331933;3.666506387389745214e-08;
1990799.3866255702451;3.3394016440979612526e-08;
1991132.7421826072969;3.3822292522245334112e-08;
1991466.0977396443486;3.6199523378854792099e-08;
1991799.4532966814004;3.528349168391287094e-08;
1992132.8088537184522;4.2589689996930246707e-08;
1992466.1644107555039;4.8762839099936172715e-08;
1992799.5199677925557;9.2795026773728750413e-08;
1993132.8755248296075;2.8035242394253145903e-07;
1993466.2310818666592;8.1557502085161104333e-08;
1993799.586638903711;4.7640490663525270065e-08;
1994132.9421959407628;3.8048764139375634841e-08;
1994466.2977529778145;3.4543710114576242631e-08;
1994799.6533100148663;3.333241593850289064e-08;
1995133.0088670519181;3.2468399524532287614e-08;
1995466.3644240889698;3.1680045253779098857e-08;
1995799.7199811260216;3.1232172403861113708e-08;
1996133.0755381630734;3.2865742127796693239e-08;
1996466.4310952001251;3.2360830459765566047e-08;
1996799.7866522371769;3.2570085295446915552e-08;
1997133.1422092742287;3.0407154127942703781e-08;
1997466.4977663112804;3.07470102711704385e-08;
1997799.8533233483322;3.0261567474099138053e-08;
1998133.208880385384;2.9729109840559431177e-08;
1998466.5644374224357;3.1518233356564451242e-08;
1998799.9199944594875;3.0354421198808267945e-08;
1999133.2755514965393;2.9767049269935341727e-08;
1999466.631108533591;3.1375208209283300675e-08;
1999799.9866655706428;3.0725789912366963108e-08;
2000133.3422226076946;3.5535730802394027705e-08;
2000466.6977796447463;3.0306892995213274844e-08;
2000800.0533366817981;2.8282975961246847874e-08;
2001133.4088937188499;3.1899297425752592972e-08;
2001466.7644507559016;3.1773851105754147284e-08;
2001800.1200077929534;3.0781706072957604192e-08;
2002133.4755648300052;2.8535957596886873944e-08;
2002466.8311218670569;2.9613184793220170832e-08;
2002800.1866789041087;2.9256653988340985961e-08;
2003133.5422359411605;3.6393490887576263049e-08;
2003466.8977929782122;4.0287794433879753342e-08;
2003800.253350015264;3.3953497791117115412e-08;
2004133.6089070523158;3.0091502623008636874e-08;
2004466.9644640893675;2.9639155130212202494e-08;
2004800.3200211264193;2.9900590448050934356e-08;
2005133.6755781634711;2.689315259374325251e-08;
2005467.0311352005228;2.8096525994669718784e-08;
2005800.3866922375746;2.8986333333591574046e-08;
2006133.7422492746264;2.6397044550208192959e-08;
2006467.0978063116781;2.9827560865669511259e-08;
2006800.4533633487299;2.9042809046586626209e-08;
2007133.8089203857817;2.9032504400561265356e-08;
2007467.1644774228334;2.8053026568386485451e-08;
2007800.5200344598852;2.9959689840097780689e-08;
2008133.875591496937;3.2582846642981166951e-08;
2008467.2311485339887;2.8320265244019537931e-08;
2008800.5867055710405;2.8699496112949418603e-08;
2009133.9422626080923;2.6802501551514978928e-08;
2009467.297819645144;2.8057314693796797656e-08;
2009800.6533766821958;2.7769960553314376739e-08;
2010134.0089337192476;2.7689340598158196372e-08;
2010467.3644907562993;2.7701503313437569886e-08;
2010800.7200477933511;2.7983084294191939989e-08;
2011134.0756048304029;2.6802501551514978928e-08;
2011467.4311618674546;2.666981657739597722e-08;
2011800.7867189045064;2.6598183211490322719e-08;
2012134.1422759415582;2.6151676379981836362e-08;
2012467.4978329786099;2.8811845353970966244e-08;
2012800.8533900156617;2.8307828969786896778e-08;
2013134.2089470527135;2.6750054615831686533e-08;
2013467.5645040897653;2.7539151403743744595e-08;
2013800.920061126817;2.8732539902875942062e-08;
2014134.2756181638688;2.8449063549373931892e-08;
2014467.6311752009206;2.9073845553284627385e-08;
2014800.9867322379723;2.9010582380806226865e-08;
2015134.3422892750241;2.9586614047616421885e-08;
2015467.6978463120759;2.7599933005717502965e-08;
2015801.0534033491276;3.1135865441456189728e-08;
2016134.4089603861794;3.2378913772390660597e-08;
2016467.7645174232312;3.0614152990438014967e-08;
2016801.1200744602829;3.0627870017951863701e-08;
2017134.4756314973347;3.4147547012253198773e-08;
2017467.8311885343865;3.9100140014625139884e-08;
2017801.1867455714382;9.2242665061803563731e-08;
2018134.54230260849;9.4979576203968463233e-08;
2018467.8978596455418;3.9841289378728106385e-08;
2018801.2534166825935;3.5080645943708077539e-08;
2019134.6089737196453;3.2598819643681054004e-08;
2019467.9645307566971;3.3378590558186260751e-08;
2019801.3200877937488;3.1716631099243386416e-08;
2020134.6756448308006;3.0781219351183608524e-08;
2020468.0312018678524;3.0142505380581496865e-08;
2020801.3867589049041;2.8985875033527008782e-08;
2021134.7423159419559;2.945721711000715004e-08;
2021468.0978729790077;2.8462711298971044016e-08;
2021801.4534300160594;2.7747480757511766569e-08;
2022134.8089870531112;2.6673987463254889008e-08;
2022468.164544090163;2.944785215674983192e-08;
2022801.5201011272147;2.9421842739907333453e-08;
2023134.8756581642665;3.7887751602738717338e-08;
2023468.2312152013183;3.7624232618327368982e-08;
2023801.58677223837;3.3022523382442159345e-08;
2024134.9423292754218;3.2319583453954692231e-08;
2024468.2978863124736;2.8315687572444403486e-08;
2024801.6534433495253;2.8058497747451838222e-08;
2025135.0090003865771;2.7098071342379626003e-08;
2025468.3645574236289;2.6899153127146746556e-08;
2025801.7201144606806;2.8532447515772219049e-08;
2026135.0756714977324;2.6427668942119453277e-08;
2026468.4312285347842;2.6576651990239952283e-08;
2026801.7867855718359;2.6578238276897536707e-08;
2027135.1423426088877;2.8386311967665278644e-08;
2027468.4978996459395;2.7463253005066690093e-08;
2027801.8534566829912;3.1555018153994751628e-08;
2028135.209013720043;3.987713981246088224e-08;
2028468.5645707570948;1.0072488976220483892e-07;
2028801.9201277941465;1.7856170586583175464e-07;
2029135.2756848311983;5.4018673978362130583e-08;
2029468.6312418682501;3.2135982763747961144e-08;
2029801.9867989053018;3.209744647847401211e-08;
2030135.3423559423536;2.6478646830696561665e-08;
2030468.6979129794054;2.5838863493277131056e-08;
2030802.0534700164571;2.4842918833201110829e-08;
2031135.4090270535089;2.5392742131202794553e-08;
2031468.7645840905607;2.5746791365577337274e-08;
2031802.1201411276124;2.6153513132953776221e-08;
2032135.4756981646642;2.8755463787888402294e-08;
2032468.831255201716;2.4128492981390081695e-08;
2032802.1868122387677;2.5677231008103262866e-08;
2033135.5423692758195;2.6131607100410292333e-08;
2033468.8979263128713;2.4628086237044044537e-08;
2033802.253483349923;2.400242493649784592e-08;
2034135.6090403869748;2.2267228061423338659e-08;
2034468.9645974240266;2.3550498440272349399e-08;
2034802.3201544610783;2.412739164014965354e-08;
2035135.6757114981301;2.3122391112906370836e-08;
2035469.0312685351819;2.4667444975534635887e-08;
2035802.3868255722336;2.5080810317490431771e-08;
2036135.7423826092854;2.3417328520736191422e-08;
2036469.0979396463372;2.3461346643216529628e-08;
2036802.4534966833889;2.3073049248978350079e-08;
2037135.8090537204407;2.4551020771923504071e-08;
2037469.1646107574925;2.5959522531593393069e-08;
2037802.5201677945442;2.3822464001455045945e-08;
2038135.875724831596;2.3012734828853353974e-08;
2038469.2312818686478;2.5507242540356855898e-08;
2038802.5868389056996;2.7944423663939232938e-08;
2039135.9423959427513;3.3219418327234961907e-08;
2039469.2979529798031;2.771075102714348759e-08;
2039802.6535100168549;2.3566348872350317833e-08;
2040136.0090670539066;2.5612356679971526319e-08;
2040469.3646240909584;2.3204220767070182774e-08;
2040802.7201811280102;2.37398705138502919e-08;
2041136.0757381650619;2.3899046297515269544e-08;
2041469.4312952021137;2.1725039545117397211e-08;
2041802.7868522391655;2.2282097944525958155e-08;
2042136.1424092762172;2.2226036122674486251e-08;
2042469.497966313269;2.2081611206203888287e-08;
2042802.8535233503208;2.1952965667537682748e-08;
2043136.2090803873725;2.1848164166726746771e-08;
2043469.5646374244243;2.2233221486089860264e-08;
2043802.9201944614761;2.1376930448013808927e-08;
2044136.2757514985278;2.230943607628432801e-08;
2044469.6313085355796;2.2585551207043863542e-08;
2044802.9868655726314;2.1689537277325143805e-08;
2045136.3424226096831;2.2515987296856110333e-08;
2045469.6979796467349;2.2772963959027947567e-08;
2045803.0535366837867;2.1465099919737440359e-08;
2046136.4090937208384;2.2474493377444559883e-08;
2046469.7646507578902;2.2741021510341852263e-08;
2046803.120207794942;2.3319829622892029874e-08;
2047136.4757648319937;3.2311863407130658743e-08;
2047469.8313218690455;2.1116296267109646578e-08;
2047803.1868789060973;2.1827256446727005823e-08;
2048136.542435943149;2.6219527882176407729e-08;
2048469.8979929802008;2.2210580041814864671e-08;
2048803.2535500172526;2.2452788073223928222e-08;
2049136.6091070543043;2.2092823570574182668e-08;
2049469.9646640913561;2.0499962616327138676e-08;
2049803.3202211284079;2.1148519380176367122e-08;
2050136.6757781654596;2.0441740744558956067e-08;
2050470.0313352025114;2.0081783347336568113e-08;
2050803.3868922395632;2.1821429996293773002e-08;
2051136.7424492766149;2.4098374851178050449e-08;
2051470.0980063136667;1.9875203705055355385e-08;
2051803.4535633507185;2.2694129242495364451e-08;
2052136.8091203877702;2.091141659832373989e-08;
2052470.164677424822;2.17753228781703001e-08;
2052803.5202344618738;2.0115537679998851672e-08;
2053136.8757914989255;1.995991461001267453e-08;
2053470.2313485359773;2.2451724035477127472e-08;
2053803.5869055730291;2.1445087483584757138e-08;
2054136.9424626100808;2.1629912083653834998e-08;
2054470.2980196471326;2.2164080348829884315e-08;
2054803.6535766841844;2.0897424235499784118e-08;
2055137.0091337212361;1.9828437558544464991e-08;
2055470.3646907582879;2.1021175911073441966e-08;
2055803.7202477953397;2.099921481146793667e-08;
2056137.0758048323914;2.4527052389089476492e-08;
2056470.4313618694432;2.2863959614483064797e-08;
2056803.786918906495;2.081410954701823357e-08;
2057137.1424759435467;2.1143987893879057083e-08;
2057470.4980329805985;2.1690794937967439182e-08;
2057803.8535900176503;2.1933576732635629014e-08;
2058137.209147054702;2.3085211964257723594e-08;
2058470.5647040917538;2.8388456030370434746e-08;
2058803.9202611288056;2.7714255779187624285e-08;
2059137.2758181658573;2.2666796439807512797e-08;
2059470.6313752029091;2.1951230166905588703e-08;
2059803.9869322399609;1.9964192077281950333e-08;
2060137.3424892770126;1.9879779600273650431e-08;
2060470.6980463140644;2.0838914593923618668e-08;
2060804.0536033511162;2.0896433028383398778e-08;
2061137.4091603881679;2.0948146328692018869e-08;
2061470.7647174252197;2.1018479401391232386e-08;
2061804.1202744622715;2.0712889181595528498e-08;
2062137.4758314993232;2.0523565069652249804e-08;
2062470.831388536375;2.1253102389096056868e-08;
2062804.1869455734268;2.3039998353624469019e-08;
2063137.5425026104786;2.2962618473343354708e-08;
2063470.8980596475303;2.559967171578136913e-08;
2063804.2536166845821;3.3155288292618934065e-08;
2064137.6091737216339;8.7800898995737952646e-08;
2064470.9647307586856;7.8581599893823295133e-08;
2064804.3202877957374;3.6287069349327794043e-08;
2065137.6758448327892;2.4943675569488732435e-08;
2065471.0314018698409;2.1695825580536620691e-08;
2065804.3869589068927;2.1848471476459963014e-08;
2066137.7425159439445;2.1058912835769660887e-08;
2066471.0980729809962;2.1139308969964076823e-08;
2066804.453630018048;1.9983701804449083284e-08;
2067137.8091870550998;1.9580593146883984446e-08;
2067471.1647440921515;2.019261380326042854e-08;
2067804.5203011292033;2.6423258248087222455e-08;
2068137.8758581662551;3.0181556809338871972e-08;
2068471.2314152033068;2.2793537723941881268e-08;
2068804.5869722403586;2.1400602179255656665e-08;
2069137.9425292774104;2.017573663692928676e-08;
2069471.2980863144621;2.0298422498399304459e-08;
2069804.6536433515139;2.0303666303789213998e-08;
2070138.0092003885657;2.0218065444055355329e-08;
2070471.3647574256174;1.9492699010470460053e-08;
2070804.7203144626692;1.9270602891197086137e-08;
2071138.075871499721;1.9538809681307611754e-08;
2071471.4314285367727;1.9852521404573053587e-08;
2071804.7869855738245;2.101190865744229086e-08;
2072138.1425426108763;2.2042504710384491773e-08;
2072471.498099647928;1.9236374271258682711e-08;
2072804.8536566849798;1.915608116576095199e-08;
2073138.2092137220316;1.9345360868783245678e-08;
2073471.5647707590833;1.9509895921032693877e-08;
2073804.9203277961351;1.7860374512679300096e-08;
2074138.2758848331869;1.9612368618027176126e-08;
2074471.6314418702386;1.8476182361837345525e-08;
2074804.9869989072904;1.9553437979880072817e-08;
2075138.3425559443422;1.9033208786822797265e-08;
2075471.6981129813939;1.9210640189726291283e-08;
2075805.0536700184457;1.9611782420270174043e-08;
2076138.4092270554975;1.8118468503303120087e-08;
2076471.7647840925492;1.7970718246829164855e-08;
2076805.120341129601;1.8635223142382528749e-08;
2077138.4758981666528;3.7270837083269725554e-08;
2077471.8314552037045;2.1633674407439684728e-08;
2077805.1870122407563;1.8526169043298068573e-08;
2078138.5425692778081;1.9158873598712489184e-08;
2078471.8981263148598;1.8289107117652747547e-08;
2078805.2536833519116;2.1391281634919323551e-08;
2079138.6092403889634;2.3413583960518735694e-08;
2079471.9647974260151;1.9252906824362980842e-08;
2079805.3203544630669;1.8879159568996328744e-08;
2080138.6759115001187;2.2082231154740838974e-08;
2080472.0314685371704;1.8836821880086063175e-08;
2080805.3870255742222;1.9544852847275251406e-08;
2081138.742582611274;1.9574677878608781612e-08;
2081472.0981396483257;2.1411432626905479992e-08;
2081805.4536966853775;1.9536647855034061649e-08;
2082138.8092537224293;1.9351817925894465588e-08;
2082472.164810759481;1.8182717553827387746e-08;
2082805.5203677965328;1.7634464555271733843e-08;
2083138.8759248335846;1.8019115088918624679e-08;
2083472.2314818706363;1.7621273329382347583e-08;
2083805.5870389076881;1.8804849233333698066e-08;
2084138.9425959447399;1.8899733333910262445e-08;
2084472.2981529817916;1.9115001137492981798e-08;
2084805.6537100188434;1.8160436709990790405e-08;
2085139.0092670558952;1.8053968986464496993e-08;
2085472.3648240929469;1.7241237770804218599e-08;
2085805.7203811299987;1.6995221230331480911e-08;
2086139.0759381670505;1.7432714827236850397e-08;
2086472.4314952041022;1.8104977073107875185e-08;
2086805.787052241154;1.7761751180955798191e-08;
2087139.1426092782058;1.8751078911805052485e-08;
2087472.4981663152575;1.836621876805111242e-08;
2087805.8537233523093;1.8259669332110206597e-08;
2088139.2092803893611;1.9845723286948668829e-08;
2088472.5648374264129;1.9160220077196754573e-08;
2088805.9203944634646;1.893353029913669161e-08;
2089139.2759515005164;1.9832095077276790107e-08;
2089472.6315085375682;2.1135260652727083652e-08;
2089805.9870655746199;3.1926990828878842876e-08;
2090139.3426226116717;4.6205393289255880518e-08;
2090472.6981796487235;2.1268638406013451458e-08;
2090806.0537366857752;1.8426328907139577495e-08;
2091139.409293722827;1.8570842641452145472e-08;
2091472.7648507598788;1.780110991944638954e-08;
2091806.1204077969305;1.8517871680501230003e-08;
2092139.4759648339823;1.7577216127051542571e-08;
2092472.8315218710341;1.8340136520578198542e-08;
2092806.1870789080858;2.1831054297649643559e-08;
2093139.5426359451376;2.2821824430252490856e-08;
2093472.8981929821894;1.9447105259473573824e-08;
2093806.2537500192411;1.8908700383235554909e-08;
2094139.6093070562929;1.8492222864097129786e-08;
2094472.9648640933447;1.8424969994157436304e-08;
2094806.3204211303964;1.8668973922331133508e-08;
2095139.6759781674482;1.8826499470492308319e-08;
2095473.0315352045;1.7731759172079364362e-08;
2095806.3870922415517;1.8639120469288172899e-08;
2096139.7426492786035;1.8589545902614190709e-08;
2096473.0982063156553;1.9770350689896076801e-08;
2096806.453763352707;2.1790706128399506269e-08;
2097139.8093203897588;2.8347889369229051226e-08;
2097473.1648774268106;2.732067194699538959e-08;
2097806.5204344638623;1.8009400193363944709e-08;
2098139.8759915009141;1.8178246463662617316e-08;
2098473.2315485379659;1.8696969306120081455e-08;
2098806.5871055750176;2.0450647397751708922e-08;
2099139.9426626120694;2.1691709761739730311e-08;
2099473.2982196491212;2.9191761896640855412e-08;
2099806.6537766861729;5.8158825311238615541e-08;
2100140.0093337232247;4.7010640713551765657e-08;
2100473.3648907602765;2.655322361988510238e-08;
2100806.7204477973282;1.9837113285348095815e-08;
2101140.07600483438;1.9012356133885077725e-08;
2101473.4315618714318;1.8017976444184569118e-08;
2101806.7871189084835;1.801756432939782826e-08;
2102140.1426759455353;1.8582493765961771715e-08;
2102473.4982329825871;1.7677113106628894457e-08;
2102806.8537900196388;1.641060087820278568e-08;
2103140.2093470566906;1.7952352493466605665e-08;
2103473.5649040937424;1.7405511698598274961e-08;
2103806.9204611307941;1.8040621441173243511e-08;
2104140.2760181678459;1.6875652875114610652e-08;
2104473.6315752048977;1.7564312670970139152e-08;
2104806.9871322419494;1.6641664046801452059e-08;
2105140.3426892790012;1.7118253481385181658e-08;
2105473.698246316053;1.800493976134021068e-08;
2105807.0538033531047;1.6393745028153716703e-08;
2106140.4093603901565;1.7492320480982925801e-08;
2106473.7649174272083;1.8082568331578841025e-08;
2106807.12047446426;1.6205222053145007521e-08;
2107140.4760315013118;1.5908653949736617506e-08;
2107473.8315885383636;1.6587783591148763662e-08;
2107807.1871455754153;1.7539306895741901826e-08;
2108140.5427026124671;1.8292835690658648673e-08;
2108473.8982596495189;1.6824088788780500181e-08;
2108807.2538166865706;1.7012457220744181541e-08;
2109140.6093737236224;1.9553198171706753783e-08;
2109473.9649307606742;1.9915852078611351317e-08;
2109807.3204877977259;1.7817315622892238025e-08;
2110140.6760448347777;1.8360799103334102256e-08;
2110474.0316018718295;1.7403769092538823315e-08;
2110807.3871589088812;1.8292192649482785782e-08;
2111140.742715945933;2.5212498755422529939e-08;
2111474.0982729829848;1.6829320159672533919e-08;
2111807.4538300200365;1.7771052185366897902e-08;
2112140.8093870570883;1.7782637584673466336e-08;
2112474.1649440941401;1.6467261332309135469e-08;
2112807.5205011311918;1.764962043182549678e-08;
2113140.8760581682436;1.7953489361843821825e-08;
2113474.2316152052954;1.736635546478737524e-08;
2113807.5871722423472;1.7016402509284489497e-08;
2114140.9427292793989;1.6860688845099502942e-08;
2114474.2982863164507;1.6648213474468320783e-08;
2114807.6538433535025;1.8287179770481998275e-08;
2115141.0094003905542;1.722110809510013496e-08;
2115474.364957427606;1.6716878548095337464e-08;
2115807.7205144646578;1.7091720039275060117e-08;
2116141.0760715017095;2.1293162788538211316e-08;
2116474.4316285387613;1.7909734140175714856e-08;
2116807.7871855758131;1.7270096464017115068e-08;
2117141.1427426128648;1.6814603043258102844e-08;
2117474.4982996499166;1.6520372625450363557e-08;
2117807.8538566869684;1.6705165251096332213e-08;
2118141.2094137240201;1.6801463331717059191e-08;
2118474.5649707610719;1.6140869973924054648e-08;
2118807.9205277981237;1.6255318868729773385e-08;
2119141.2760848351754;1.6441044081716427172e-08;
2119474.6316418722272;1.674797900363955705e-08;
2119807.987198909279;1.544350425319862552e-08;
2120141.3427559463307;1.6940969516099357861e-08;
2120474.6983129833825;1.8076406149702961557e-08;
2120808.0538700204343;1.6642657030274676799e-08;
2121141.409427057486;1.6269087410591964726e-08;
2121474.7649840945378;1.6274633196644572308e-08;
2121808.1205411315896;1.6953652703932675649e-08;
2122141.4760981686413;1.5649151308139153116e-08;
2122474.8316552056931;1.6764992949447332649e-08;
2122808.1872122427449;1.6391584978237005998e-08;
2123141.5427692797966;1.585010167559630645e-08;
2123474.8983263168484;1.5847900769472289539e-08;
2123808.2538833539002;1.6927881318906656816e-08;
2124141.6094403909519;1.6642131228650214325e-08;
2124474.9649974280037;1.6475276254368509399e-08;
2124808.3205544650555;1.6888701992456844891e-08;
2125141.6761115021072;1.7234091487239311391e-08;
2125475.031668539159;1.653166670223527035e-08;
2125808.3872255762108;1.6153663295881415252e-08;
2126141.7427826132625;1.6460985463595534384e-08;
2126475.0983396503143;1.7589417922181382892e-08;
2126808.4538966873661;1.8632997367262760235e-08;
2127141.8094537244178;2.0690595903261055355e-08;
2127475.1650107614696;2.0084110374796182441e-08;
2127808.5205677985214;1.7021484666202013614e-08;
2128141.8761248355731;1.8033651016935436928e-08;
2128475.2316818726249;1.6474899666718556546e-08;
2128808.5872389096767;1.6495839361141406698e-08;
2129141.9427959467284;1.7133386265300032392e-08;
2129475.2983529837802;1.6195716767697376781e-08;
2129808.653910020832;1.6777573108583965222e-08;
2130142.0094670578837;1.5926298502222380193e-08;
2130475.3650240949355;1.660769832767527987e-08;
2130808.7205811319873;1.6142825742804234324e-08;
2131142.076138169039;1.6244783296315290499e-08;
2131475.4316952060908;1.6126584512221597834e-08;
2131808.7872522431426;1.6256660018143520574e-08;
2132142.1428092801943;1.6674819747208857734e-08;
2132475.4983663172461;1.8395022394201987481e-08;
2132808.8539233542979;1.8740276885864659562e-08;
2133142.2094803913496;1.6201692432105119224e-08;
2133475.5650374284014;1.6403252089958186843e-08;
2133808.9205944654532;1.660968251826488995e-08;
2134142.2761515025049;1.6745035580356670835e-08;
2134475.6317085395567;1.8493164333222011919e-08;
2134808.9872655766085;2.0358596586333987943e-08;
2135142.3428226136602;2.9713602245351466991e-08;
2135475.698379650712;7.1185667138706776313e-08;
2135809.0539366877638;3.3955227962678691256e-08;
2136142.4094937248155;2.1370585301383471233e-08;
2136475.7650507618673;1.8393018663687143999e-08;
2136809.1206077989191;1.7663763784980801574e-08;
2137142.4761648359708;1.8287758862811642757e-08;
2137475.8317218730226;1.7951848008124215994e-08;
2137809.1872789100744;1.8530107226411018928e-08;
2138142.5428359471262;1.833607576884332957e-08;
2138475.8983929841779;1.8185753347665922774e-08;
2138809.2539500212297;1.7179228706254434655e-08;
2139142.6095070582815;1.8117130906603051699e-08;
2139475.9650640953332;1.7358821935431478778e-08;
2139809.320621132385;1.7545039199262646434e-08;
2140142.6761781694368;1.7024564868961533648e-08;
2140476.0317352064885;1.7583362321715867438e-08;
2140809.3872922435403;1.6680386849543538119e-08;
2141142.7428492805921;1.6560937510234907677e-08;
2141476.0984063176438;1.6515034673147965805e-08;
2141809.4539633546956;1.648564129652640986e-08;
2142142.8095203917474;1.6093981258791245637e-08;
2142476.1650774287991;1.7045394429260340985e-08;
2142809.5206344658509;2.019339540026976465e-08;
2143142.8761915029027;1.8294571191290742718e-08;
2143476.2317485399544;1.6020132775906859024e-08;
2143809.5873055770062;1.6534890789898781804e-08;
2144142.942862614058;1.6521505941113900917e-08;
2144476.2984196511097;1.6488074905396388203e-08;
2144809.6539766881615;1.6414004377907076559e-08;
2145143.0095337252133;1.6033732563869307342e-08;
2145476.365090762265;1.5677823483883912559e-08;
2145809.7206477993168;1.5233521111213121912e-08;
2146143.0762048363686;1.5223328375668643275e-08;
2146476.4317618734203;1.5935757602392186527e-08;
2146809.7873189104721;1.5615182036299302126e-08;
2147143.1428759475239;1.5218407867223504581e-08;
2147476.4984329845756;1.4905111811458482407e-08;
2147809.8539900216274;1.5484689086520120327e-08;
2148143.2095470586792;1.5329923996887373505e-08;
2148476.5651040957309;1.5824253907226193405e-08;
2148809.9206611327827;1.5837519740102834476e-08;
2149143.2762181698345;1.5138521547441996518e-08;
2149476.6317752068862;1.5223594829194553313e-08;
2149809.987332243938;1.4693489092110212368e-08;
2150143.3428892809898;1.5381203866127179936e-08;
2150476.6984463180415;1.6160361937522793596e-08;
2150810.0540033550933;1.5382259022089783684e-08;
2151143.4095603921451;1.5490185134581224702e-08;
2151476.7651174291968;1.5262610730815140414e-08;
2151810.1206744662486;1.4822703064965025987e-08;
2152143.4762315033004;1.5876882031307104626e-08;
2152476.8317885403521;1.6263058455479040276e-08;
2152810.1873455774039;1.5526282481914677192e-08;
2153143.5429026144557;1.5388339491551050742e-08;
2153476.8984596515074;1.5242354933775459358e-08;
2153810.2540166885592;1.5673142783612092899e-08;
2154143.609573725611;1.5196901514968885749e-08;
2154476.9651307626627;1.5664417318816958868e-08;
2154810.3206877997145;1.5537770181595078611e-08;
2155143.6762448367663;1.484555767206074961e-08;
2155477.031801873818;1.5112135542949545197e-08;
2155810.3873589108698;1.4603960707404439745e-08;
2156143.7429159479216;1.4292589334274907742e-08;
2156477.0984729849733;1.4923243085718240764e-08;
2156810.4540300220251;1.4994009589486267942e-08;
2157143.8095870590769;1.5010138909588022216e-08;
2157477.1651440961286;1.5369346684224183264e-08;
2157810.5207011331804;1.589379294841819501e-08;
2158143.8762581702322;1.5320473778501764173e-08;
2158477.2318152072839;1.3874545956582551298e-08;
2158810.5873722443357;1.5499303174237866187e-08;
2159143.9429292813875;1.5146847331948265492e-08;
2159477.2984863184392;1.5957441590330745385e-08;
2159810.654043355491;1.4778423818029295944e-08;
2160144.0096003925428;1.5454958202099078335e-08;
2160477.3651574295945;1.6524959178809695004e-08;
2160810.7207144666463;1.4963617900320969056e-08;
2161144.0762715036981;1.4941473835961005534e-08;
2161477.4318285407498;1.5064557601363048889e-08;
2161810.7873855778016;1.5677686704407278739e-08;
2162144.1429426148534;2.08462385131724659e-08;
2162477.4984996519051;1.7411505126574411406e-08;
2162810.8540566889569;1.766699142535799183e-08;
2163144.2096137260087;1.6285243376046310004e-08;
2163477.5651707630605;1.3977097701456386858e-08;
2163810.9207278001122;1.4609375043050931708e-08;
2164144.276284837164;1.5076656367796203995e-08;
2164477.6318418742158;1.4367456557806690398e-08;
2164810.9873989112675;1.4412732340929323982e-08;
2165144.3429559483193;1.5686723031649307813e-08;
2165477.6985129853711;1.4863406505583043327e-08;
2165811.0540700224228;1.5007318054927054618e-08;
2166144.4096270594746;1.5078008175350987585e-08;
2166477.7651840965264;1.4085529187468637247e-08;
2166811.1207411335781;1.4329748054819901881e-08;
2167144.4762981706299;1.4681207360922599037e-08;
2167477.8318552076817;1.5041948131511162501e-08;
2167811.1874122447334;1.4662958847111440264e-08;
2168144.5429692817852;1.4717203455916205712e-08;
2168477.898526318837;1.5642417139360986766e-08;
2168811.2540833558887;1.4969717909707469516e-08;
2169144.6096403929405;1.4785669577577209566e-08;
2169477.9651974299923;1.5483953674788608623e-08;
2169811.320754467044;1.5197676006550864258e-08;
2170144.6763115040958;1.6049513718030539167e-08;
2170478.0318685411476;1.7900736892784152587e-08;
2170811.3874255781993;3.6006905901331265341e-08;
2171144.7429826152511;7.7353433880489319563e-08;
2171478.0985396523029;2.5184434093716845382e-08;
2171811.4540966893546;1.8124739042946202972e-08;
2172144.8096537264064;1.5941722608658892568e-08;
2172478.1652107634582;1.4209048160296333663e-08;
2172811.5207678005099;1.462796817008893413e-08;
2173144.8763248375617;1.4169191153712290543e-08;
2173478.2318818746135;1.4688894545145103621e-08;
2173811.5874389116652;1.437066288190180785e-08;
2174144.942995948717;1.4951400117979574134e-08;
2174478.2985529857688;1.3003154997193178133e-08;
2174811.6541100228205;1.8305629012616009277e-08;
2175145.0096670598723;1.4854662389041095594e-08;
2175478.3652240969241;1.39944189569973787e-08;
2175811.7207811339758;1.4168493933652825945e-08;
2176145.0763381710276;1.3813792776318223332e-08;
2176478.4318952080794;1.3668978837699796713e-08;
2176811.7874522451311;1.4233131118146502558e-08;
2177145.1430092821829;1.3383042229975217197e-08;
2177478.4985663192347;1.387803116870145459e-08;
2177811.8541233562864;1.3959773781380135915e-08;
2178145.2096803933382;1.3474456217466013186e-08;
2178478.56523743039;1.4485379118411856325e-08;
2178811.9207944674417;1.3647072805156312825e-08;
2179145.2763515044935;1.3475000670837289363e-08;
2179478.6319085415453;1.6816789738527404552e-08;
2179811.987465578597;1.8088478270783525659e-08;
2180145.3430226156488;1.4972609818642013124e-08;
2180478.6985796527006;1.3754949179656250635e-08;
2180812.0541366897523;1.3884712934952858632e-08;
2181145.4096937268041;1.3749899885340255423e-08;
2181478.7652507638559;1.4037532913846462179e-08;
2181812.1208078009076;1.410335670470885816e-08;
2182145.4763648379594;1.4050880459137715661e-08;
2182478.8319218750112;1.4035067330553374632e-08;
2182812.1874789120629;1.3962274891810011468e-08;
2183145.5430359491147;1.449413478127326016e-08;
2183478.8985929861665;1.3980118396261786984e-08;
2183812.2541500232182;1.3879006388606285327e-08;
2184145.60970706027;1.4478636956027912674e-08;
2184478.9652640973218;1.3923648012337253022e-08;
2184812.3208211343735;1.3698907785908431833e-08;
2185145.6763781714253;1.4613302568022845662e-08;
2185479.0319352084771;1.404498206625248713e-08;
2185812.3874922455288;1.4046512397669630445e-08;
2186145.7430492825806;1.4033760820097995747e-08;
2186479.0986063196324;1.38965479123953628e-08;
2186812.4541633566841;1.3473556492726856959e-08;
2187145.8097203937359;1.3923476593902250897e-08;
2187479.1652774307877;1.3168369505933696928e-08;
2187812.5208344678394;1.3592615921709239046e-08;
2188145.8763915048912;1.3596437753449208685e-08;
2188479.231948541943;1.3148835797949232074e-08;
2188812.5875055789948;1.2992332543149132107e-08;
2189145.9430626160465;1.3614028127051369665e-08;
2189479.2986196530983;1.3871280124533313938e-08;
2189812.6541766901501;1.3399745313336097752e-08;
2190146.0097337272018;1.373505309487654813e-08;
2190479.3652907642536;1.3494307005146310985e-08;
2190812.7208478013054;1.395817950111677419e-08;
2191146.0764048383571;1.3717522229228507058e-08;
2191479.4319618754089;1.4189067698566759645e-08;
2191812.7875189124607;1.2882151345650072471e-08;
2192146.1430759495124;1.3528866915635262558e-08;
2192479.4986329865642;1.3537521326156820578e-08;
2192812.854190023616;1.343406275111647119e-08;
2193146.2097470606677;1.3278992128107347526e-08;
2193479.5653040977195;1.3870500303880817228e-08;
2193812.9208611347713;1.4500502132364090357e-08;
2194146.276418171823;1.3651028751837657182e-08;
2194479.6319752088748;1.4161973815873807325e-08;
2194812.9875322459266;1.3931257036858823994e-08;
2195146.3430892829783;1.3238278029348293785e-08;
2195479.6986463200301;1.5268135200585675193e-08;
2195813.0542033570819;1.6215787823625760211e-08;
2196146.4097603941336;1.5079542947660229402e-08;
2196479.7653174311854;1.3877446747301291907e-08;
2196813.1208744682372;1.455711284847893694e-08;
2197146.4764315052889;1.4982608931290997134e-08;
2197479.8319885423407;1.3916556795834367222e-08;
2197813.1875455793925;1.3691689559891528916e-08;
2198146.5431026164442;1.3427881029315358319e-08;
2198479.898659653496;1.3278198984778555314e-08;
2198813.2542166905478;1.3595601089377851167e-08;
2199146.6097737275995;1.4161078532026749599e-08;
2199479.9653307646513;1.4220610466963989893e-08;
2199813.3208878017031;1.3578558721860645164e-08;
2200146.6764448387548;1.4750178856104412262e-08;
2200480.0320018758066;1.3805957266299628827e-08;
2200813.3875589128584;1.4226056777033591061e-08;
2201146.7431159499101;1.4709759632580698963e-08;
2201480.0986729869619;1.4407340209743324522e-08;
2201813.4542300240137;1.3809692056554467854e-08;
2202146.8097870610654;1.3832588408035917382e-08;
2202480.1653440981172;1.3332847714764284319e-08;
2202813.520901135169;1.3502678086751984665e-08;
2203146.8764581722207;1.4845323192957948777e-08;
2203480.2320152092725;1.3801907172705796256e-08;
2203813.5875722463243;1.3345385241336771287e-08;
2204146.943129283376;1.3346205030018154503e-08;
2204480.2986863204278;1.3173668378385627875e-08;
2204813.6542433574796;1.3286506117538010585e-08;
2205147.0098003945313;1.3730276471335400856e-08;
2205480.3653574315831;1.4678525062095104659e-08;
2205813.7209144686349;1.5184038915094788535e-08;
2206147.0764715056866;1.8268332624415961618e-08;
2206480.4320285427384;4.9049365458131433115e-08;
2206813.7875855797902;6.1684438890097226249e-08;
2207147.1431426168419;2.0425838798132645024e-08;
2207480.4986996538937;1.5685454712865976035e-08;
2207813.8542566909455;1.4138805681795929559e-08;
2208147.2098137279972;1.2866839149694442312e-08;
2208480.565370765049;1.2488500900076360267e-08;
2208813.9209278021008;1.2981632657727004698e-08;
2209147.2764848391525;1.2928922821231481066e-08;
2209480.6320418762043;1.3852748281806270825e-08;
2209813.9875989132561;1.2454541398199125979e-08;
2210147.3431559503078;1.3021625555609261937e-08;
2210480.6987129873596;1.3198128812064169324e-08;
2210814.0542700244114;1.1754148765419358824e-08;
2211147.4098270614631;1.2231104129512004874e-08;
2211480.7653840985149;1.25922836602399002e-08;
2211814.1209411355667;1.1736754679247951572e-08;
2212147.4764981726184;1.2193602572097006487e-08;
2212480.8320552096702;1.2489926426439978968e-08;
2212814.187612246722;1.2247918235175347945e-08;
2213147.5431692837738;1.2118774428415690636e-08;
2213480.8987263208255;1.1732219640236962732e-08;
2213814.2542833578773;1.3086180139509906439e-08;
2214147.6098403949291;1.2204232291423977586e-08;
2214480.9653974319808;1.2093572365756699583e-08;
2214814.3209544690326;1.2640755997495034535e-08;
2215147.6765115060844;1.2223027923141671636e-08;
2215481.0320685431361;1.2250565006866054318e-08;
2215814.3876255801879;1.1855494363999241614e-08;
2216147.7431826172397;1.2932034998414110305e-08;
2216481.0987396542914;1.2637425328421159065e-08;
2216814.4542966913432;1.3244441987581012654e-08;
2217147.809853728395;1.6713913808530378446e-08;
2217481.1654107654467;1.3391226794112753851e-08;
2217814.5209678024985;1.2072261412754414778e-08;
2218147.8765248395503;1.3113542252085608197e-08;
2218481.232081876602;1.2306279550955423474e-08;
2218814.5876389136538;1.2287745043693121261e-08;
2219147.9431959507056;1.1920862519332331431e-08;
2219481.2987529877573;1.2149683037421254994e-08;
2219814.6543100248091;1.1961789780912113201e-08;
2220148.0098670618609;1.2648930791669954488e-08;
2220481.3654240989126;1.1838615421311260434e-08;
2220814.7209811359644;1.2781905311953778437e-08;
2221148.0765381730162;1.1591089865703452233e-08;
2221481.4320952100679;1.1909433439427630219e-08;
2221814.7876522471197;1.2437487484362463874e-08;
2222148.1432092841715;1.2280753303173241875e-08;
2222481.4987663212232;1.2580122721317366086e-08;
2222814.854323358275;1.2623757150720393838e-08;
2223148.2098803953268;1.2329520515663716651e-08;
2223481.5654374323785;1.2212510114295582753e-08;
2223814.9209944694303;1.1365898444637423381e-08;
2224148.2765515064821;1.1694604395984242728e-08;
2224481.6321085435338;1.2302389329477136926e-08;
2224814.9876655805856;1.2500726676023532491e-08;
2225148.3432226176374;1.1924150555842061294e-08;
2225481.6987796546891;1.2260382042938999803e-08;
2225815.0543366917409;1.1878301009460301429e-08;
2226148.4098937287927;1.2186600173436090699e-08;
2226481.7654507658444;1.245355729651009824e-08;
2226815.1210078028962;1.2065222598778291285e-08;
2227148.476564839948;1.2603813992484447226e-08;
2227481.8321218769997;1.2339357979840315238e-08;
2227815.1876789140515;1.2866477661077624361e-08;
2228148.5432359511033;1.2260770176908408757e-08;
2228481.898792988155;1.15319869209429271e-08;
2228815.2543500252068;1.2055052955872724851e-08;
2229148.6099070622586;1.1847686387511657813e-08;
2229481.9654640993103;1.2103051894030159019e-08;
2229815.3210211363621;1.2164077745069334924e-08;
2230148.6765781734139;1.2060453968842921313e-08;
2230482.0321352104656;1.2765098311717792967e-08;
2230815.3876922475174;1.1779988540183694568e-08;
2231148.7432492845692;1.2472977317656841478e-08;
2231482.0988063216209;1.2634783885800970893e-08;
2231815.4543633586727;1.1790132425915089698e-08;
2232148.8099203957245;1.3122714470625851391e-08;
2232482.1654774327762;1.2933942805659626174e-08;
2232815.521034469828;1.2147058470191041124e-08;
2233148.8765915068798;1.1492247153910284396e-08;
2233482.2321485439315;1.2667654480935652828e-08;
2233815.5877055809833;1.2061937226803820522e-08;
2234148.9432626180351;1.2242475477819425578e-08;
2234482.2988196550868;1.2212853839344006701e-08;
2234815.6543766921386;1.2474884236723937647e-08;
2235149.0099337291904;1.1993372517338229954e-08;
2235482.3654907662421;1.2630301249316744361e-08;
2235815.7210478032939;1.2077479460970153013e-08;
2236149.0766048403457;1.2308442265407393279e-08;
2236482.4321618773974;1.247617742450302103e-08;
2236815.7877189144492;1.1932301369199649343e-08;
2237149.143275951501;1.2342479926985561178e-08;
2237482.4988329885527;1.21327055069286871e-08;
2237815.8543900256045;1.202284227730388011e-08;
2238149.2099470626563;1.2108984925873755856e-08;
2238482.5655040997081;1.1860639581584564439e-08;
2238815.9210611367598;1.3806054077747376141e-08;
2239149.2766181738116;1.256993886755708445e-08;
2239482.6321752108634;1.2351438094526656641e-08;
2239815.9877322479151;1.1077466943731906213e-08;
2240149.3432892849669;1.1528360488455291488e-08;
2240482.6988463220187;1.1296169333263605949e-08;
2240816.0544033590704;1.2820540185032314184e-08;
2241149.4099603961222;1.2501494950356573099e-08;
2241482.765517433174;1.3862875292147691653e-08;
2241816.1210744702257;1.8521385314329563698e-08;
2242149.4766315072775;5.543114056649756094e-08;
2242482.8321885443293;2.9170282189738827583e-08;
2242816.187745581381;1.6144243275562075723e-08;
2243149.5433026184328;1.4199416753513105505e-08;
2243482.8988596554846;1.2778425428905393346e-08;
2243816.2544166925363;1.2713066155356500531e-08;
2244149.6099737295881;1.2088368528395676549e-08;
2244482.9655307666399;1.1603660254877468105e-08;
2244816.3210878036916;1.2004861105197051074e-08;
2245149.6766448407434;1.1489501794414991309e-08;
2245483.0322018777952;1.1816902123484851472e-08;
2245816.3877589148469;1.1425917101348659344e-08;
2246149.7433159518987;1.177603614621602901e-08;
2246483.0988729889505;1.1613673578381167317e-08;
2246816.4544300260022;1.1497335528076746414e-08;
2247149.809987063054;1.2095888735075277509e-08;
2247483.1655441001058;1.1591314574843636365e-08;
2247816.5211011371575;1.1754644368977551494e-08;
2248149.8766581742093;1.1067779581708236947e-08;
2248483.2322152112611;1.1793944487692442635e-08;
2248816.5877722483128;1.0977601938577663532e-08;
2249149.9433292853646;1.1228742380353651242e-08;
2249483.2988863224164;1.156759577014554452e-08;
2249816.6544433594681;1.2731415921507505118e-08;
2250150.0100003965199;1.2039793162443857e-08;
2250483.3655574335717;1.2038736230124413851e-08;
2250816.7211144706234;1.2000348270646554738e-08;
2251150.0766715076752;1.1847145486854060437e-08;
2251483.432228544727;1.1918936060340001859e-08;
2251816.7877855817787;1.178667385914877741e-08;
2252150.1433426188305;1.1444921454994982923e-08;
2252483.4988996558823;1.2317180164700403111e-08;
2252816.854456692934;1.172093000434415444e-08;
2253150.2100137299858;1.1281197309642720938e-08;
2253483.5655707670376;1.1583781933666159603e-08;
2253816.9211278040893;1.136234484278020318e-08;
2254150.2766848411411;1.1734486271564037452e-08;
2254483.6322418781929;1.2426589535152743338e-08;
2254816.9877989152446;1.1656290155315218726e-08;
2255150.3433559522964;1.0832678754013613798e-08;
2255483.6989129893482;1.1341425576461006131e-08;
2255817.0544700263999;1.1293113999499837519e-08;
2256150.4100270634517;1.2875137400669700583e-08;
2256483.7655841005035;1.2177376440547504899e-08;
2256817.1211411375552;1.2111558866934046819e-08;
2257150.476698174607;1.1465769667040603963e-08;
2257483.8322552116588;1.2229643076011598168e-08;
2257817.1878122487105;1.2498793999782265018e-08;
2258150.5433692857623;1.1795436627437538846e-08;
2258483.8989263228141;1.1962651313979222323e-08;
2258817.2544833598658;1.1882934636275876983e-08;
2259150.6100403969176;1.0880397027790422726e-08;
2259483.9655974339694;1.1258409315928474825e-08;
2259817.3211544710211;1.1590540083261657855e-08;
2260150.6767115080729;1.164879837034504817e-08;
2260484.0322685451247;1.1241827913011093187e-08;
2260817.3878255821764;1.1961453161291046854e-08;
2261150.7433826192282;1.1727252946513999632e-08;
2261484.09893965628;1.1813871658716834645e-08;
2261817.4544966933317;1.2974131102794217441e-08;
2262150.8100537303835;1.336441179944358737e-08;
2262484.1656107674353;1.1551999357095610321e-08;
2262817.521167804487;1.134106675237944728e-08;
2263150.8767248415388;1.1901883034681759455e-08;
2263484.2322818785906;1.1523724197104456834e-08;
2263817.5878389156424;1.2023666506877361826e-08;
2264150.9433959526941;1.447009356780881717e-08;
2264484.2989529897459;1.550052886045705236e-08;
2264817.6545100267977;1.3106793872452726646e-08;
2265151.0100670638494;1.2436984775376913603e-08;
2265484.3656241009012;1.1970555213736133737e-08;
2265817.721181137953;1.1449747816527633404e-08;
2266151.0767381750047;1.1710454828062211163e-08;
2266484.4322952120565;1.1375906439070604392e-08;
2266817.7878522491083;1.1952861811437287543e-08;
2267151.14340928616;1.1527975907199561334e-08;
2267484.4989663232118;1.1254929432880089735e-08;
2267817.8545233602636;1.1279156275634250051e-08;
2268151.2100803973153;1.1342820016579935327e-08;
2268484.5656374343671;1.1733785498790894053e-08;
2268817.9211944714189;1.1752331552372652368e-08;
2269151.2767515084706;1.148326678190869643e-08;
2269484.6323085455224;1.1639572861099622969e-08;
2269817.9878655825742;1.0930129690223111538e-08;
2270151.3434226196259;1.1354782891714876314e-08;
2270484.6989796566777;1.1662885768259911856e-08;
2270818.0545366937295;1.227816426307981601e-08;
2271151.4100937307812;1.1623797924187329045e-08;
2271484.765650767833;1.1907278718581437715e-08;
2271818.1212078048848;1.1924862874934660795e-08;
2272151.4767648419365;1.1807440358779786038e-08;
2272484.8323218789883;1.2284464112610748998e-08;
2272818.1878789160401;1.1100043550982263696e-08;
2273151.5434359530918;1.1854702997027288802e-08;
2273484.8989929901436;1.1764726082219567616e-08;
2273818.2545500271954;1.180043085469151265e-08;
2274151.6101070642471;1.110312553009862313e-08;
2274484.9656641012989;1.1214627448907776852e-08;
2274818.3212211383507;1.2355864775770442066e-08;
2275151.6767781754024;1.0675874406729235488e-08;
2275485.0323352124542;1.1171858993463956722e-08;
2275818.387892249506;1.2170682239798225055e-08;
2276151.7434492865577;1.1397530030876623641e-08;
2276485.0990063236095;1.1815428635486568965e-08;
2276818.4545633606613;1.1747935069195136748e-08;
2277151.810120397713;1.4174294626911887462e-08;
2277485.1656774347648;1.8464501039261449478e-08;
2277818.5212344718166;3.7265078134396389942e-08;
2278151.8767915088683;2.1219376478143203713e-08;
2278485.2323485459201;1.4545507021068715403e-08;
2278818.5879055829719;1.2720751563222165714e-08;
2279151.9434626200236;1.1518219267259155458e-08;
2279485.2990196570754;1.1589237125519957772e-08;
2279818.6545766941272;1.1498042518098827713e-08;
2280152.0101337311789;1.1501618324416540418e-08;
2280485.3656907682307;1.1388803677903069911e-08;
2280818.7212478052825;1.2297094897917304479e-08;
2281152.0768048423342;1.2057318699021379871e-08;
2281485.432361879386;1.1132401667168778658e-08;
2281818.7879189164378;1.1268322275270747923e-08;
2282152.1434759534895;1.1414561740252793243e-08;
2282485.4990329905413;1.1039584357774856471e-08;
2282818.8545900275931;1.132390625713242116e-08;
2283152.2101470646448;1.130794302639515081e-08;
2283485.5657041016966;1.1339234440299605922e-08;
2283818.9212611387484;1.1197146321251238987e-08;
2284152.2768181758001;1.3056741465788945789e-08;
2284485.6323752128519;1.1934712773609135184e-08;
2284818.9879322499037;1.1574547542636537401e-08;
2285152.3434892869554;1.1528543453209749714e-08;
2285485.6990463240072;1.1068343575004746526e-08;
2285819.054603361059;1.1138721056624945049e-08;
2286152.4101603981107;1.1803519939235229685e-08;
2286485.7657174351625;1.1106481068168250204e-08;
2286819.1212744722143;1.2088028356060931401e-08;
2287152.476831509266;1.2072749022706830146e-08;
2287485.8323885463178;1.2239874003228123911e-08;
2287819.1879455833696;1.1557926171690269257e-08;
2288152.5435026204214;1.2004502281115492224e-08;
2288485.8990596574731;1.1299047031343434355e-08;
2288819.2546166945249;1.2060326959328904195e-08;
2289152.6101737315767;1.1193939997156121535e-08;
2289485.9657307686284;1.1670530319918270834e-08;
2289819.3212878056802;1.1913220632209231553e-08;
2290152.676844842732;1.1451296799691590422e-08;
2290486.0324018797837;1.168170893350861661e-08;
2290819.3879589168355;1.1905103569631592109e-08;
2291152.7435159538873;1.2165958018783840089e-08;
2291486.099072990939;1.1427704116329095996e-08;
2291819.4546300279908;1.1475019157103361067e-08;
2292152.8101870650426;1.5296162558797732345e-08;
2292486.1657441020943;1.2613006639128343522e-08;
2292819.5213011391461;1.154347906151542702e-08;
2293152.8768581761979;1.2132748139492832706e-08;
2293486.2324152132496;1.8174223015421375749e-08;
2293819.5879722503014;2.1995699484023134573e-08;
2294152.9435292873532;1.2570888330287743884e-08;
2294486.2990863244049;1.1535045807420374331e-08;
2294819.6546433614567;1.1994637283407882933e-08;
2295153.0102003985085;1.1109836606237877277e-08;
2295486.3657574355602;1.1970198166011414287e-08;
2295819.721314472612;1.142525452024756305e-08;
2296153.0768715096638;1.196944143799782978e-08;
2296486.4324285467155;1.163830454231629119e-08;
2296819.7879855837673;1.0760888180527672375e-08;
2297153.1435426208191;1.1952861811437287543e-08;
2297486.4990996578708;1.1788786835609244008e-08;
2297819.8546566949226;1.2289817163946281653e-08;
2298153.2102137319744;1.1424933887838051305e-08;
2298486.5657707690261;1.1872355543118828791e-08;
2298819.9213278060779;1.1808166000548681041e-08;
2299153.2768848431297;1.1782865350085103273e-08;
2299486.6324418801814;1.1645401087889695191e-08;
2299819.9879989172332;1.2688679440486794192e-08;
2300153.343555954285;1.2482687772319422947e-08;
2300486.6991129913367;1.2225668477583440108e-08;
2300820.0546700283885;1.2018197104168848455e-08;
2301153.4102270654403;1.2474599131451213907e-08;
2301486.765784102492;1.2786217418181422545e-08;
2301820.1213411395438;1.2125312309763103258e-08;
2302153.4768981765956;1.6293656202037709591e-08;
2302486.8324552136473;1.6001315827907092171e-08;
2302820.1880122506991;1.4982608931290997134e-08;
2303153.5435692877509;1.1944591982171459676e-08;
2303486.8991263248026;1.2438383656387941301e-08;
2303820.2546833618544;1.1962797863418472843e-08;
2304153.6102403989062;1.3238278029348293785e-08;
2304486.9657974359579;1.1833376056813449395e-08;
2304820.3213544730097;1.1540133293408416648e-08;
2305153.6769115100615;1.1673852107207949302e-08;
2305487.0324685471132;1.3465913717425337381e-08;
2305820.388025584165;1.340334776500640146e-08;
2306153.7435826212168;1.8184250549779790163e-08;
2306487.0991396582685;1.9538399342877710296e-08;
2306820.4546966953203;1.1814909939289464091e-08;
2307153.8102537323721;1.1267431432315788697e-08;
2307487.1658107694238;1.2928718540194950037e-08;
2307820.5213678064756;1.1926706733333958255e-08;
2308153.8769248435274;1.1499779795087761158e-08;
2308487.2324818805791;1.1375306918637306808e-08;
2308820.5880389176309;1.1314381431759557017e-08;
2309153.9435959546827;1.1618611850394700014e-08;
2309487.2991529917344;1.1541430922079598531e-08;
2309820.6547100287862;1.107886760109977331e-08;
2310154.010267065838;1.1624655016362339666e-08;
2310487.3658241028897;1.1544594613610570377e-08;
2310820.7213811399415;1.1404379662849351007e-08;
2311154.0769381769933;1.1159325019605148555e-08;
2311487.432495214045;1.1356997120515188726e-08;
2311820.7880522510968;1.1495800755767504597e-08;
2312154.1436092881486;1.2754114209201361518e-08;
2312487.4991663252003;1.2236756496974976471e-08;
2312820.8547233622521;1.320965736795187695e-08;
2313154.2102803993039;2.061205250925013388e-08;
2313487.5658374363557;2.8381075267702726705e-08;
2313820.9213944734074;1.7099408111675984401e-08;
2314154.2769515104592;1.3225144535056188033e-08;
2314487.632508547511;1.198915988709359226e-08;
2314820.9880655845627;1.2275274130502111802e-08;
2315154.3436226216145;1.1539889932521418814e-08;
2315487.6991796586663;1.1477619743516243034e-08;
2315821.054736695718;1.149333694883125645e-08;
2316154.4102937327698;1.1156365609110707737e-08;
2316487.7658507698216;1.1818978684630110365e-08;
2316821.1214078068733;1.1431940727391065593e-08;
2317154.4769648439251;1.1957650869476310618e-08;
2317487.8325218809769;1.1835912694380112953e-08;
2317821.1880789180286;1.0774053649242887332e-08;
2318154.5436359550804;1.1776305264277198148e-08;
2318487.8991929921322;1.1579550651674708206e-08;
2318821.2547500291839;1.1132812893777099816e-08;
2319154.6103070662357;1.1451316339616823825e-08;
2319487.9658641032875;1.1898601215420967492e-08;
2319821.3214211403392;1.2716461661455014109e-08;
2320154.676978177391;1.852444420080701093e-08;
2320488.0325352144428;1.8107394694766298926e-08;
2320821.3880922514945;1.2890142286892114498e-08;
2321154.7436492885463;1.1816383427287746599e-08;
2321488.0992063255981;1.1501800400992578943e-08;
2321821.4547633626498;1.1119111853474805685e-08;
2322154.8103203997016;1.1584861070446095255e-08;
2322488.1658774367534;1.1582927506026408082e-08;
2322821.5214344738051;1.1894149665181430464e-08;
2323154.8769915108569;1.118631320906615656e-08;
2323488.2325485479087;1.1390584475634568662e-08;
2323821.5881055849604;1.0988233434261474031e-08;
2324154.9436626220122;1.0767752911533534643e-08;
2324488.299219659064;1.1005504063632542966e-08;
2324821.6547766961157;1.0657398519242633483e-08;
2325155.0103337331675;1.152943429616470894e-08;
2325488.3658907702193;1.1391384724390718475e-08;
2325821.721447807271;1.1512959474657691317e-08;
2326155.0770048443228;1.1913095399052053835e-08;
2326488.4325618813746;1.5933210306684486568e-08;
2326821.7881189184263;1.443995145677945402e-08;
2327155.1436759554781;1.2025482831745648582e-08;
2327488.4992329925299;1.0720227372473800642e-08;
2327821.8547900295816;1.12263158769110305e-08;
2328155.2103470666334;1.1676005939875722106e-08;
2328488.5659041036852;1.073134470175318711e-08;
2328821.9214611407369;1.1120810938791692024e-08;
2329155.2770181777887;1.0536766126278962474e-08;
2329488.6325752148405;1.101517543844465763e-08;
2329821.9881322518922;1.1003706390511069912e-08;
2330155.343689288944;1.0625655022522551008e-08;
2330488.6992463259958;1.0185828180908629292e-08;
2330822.0548033630475;1.052226394904209883e-08;
2331155.4103604000993;1.0475895706463234092e-08;
2331488.7659174371511;1.0711586284628538124e-08;
2331822.1214744742028;1.072808331059604825e-08;
2332155.4770315112546;1.0770344616162219609e-08;
2332488.8325885483064;1.1028981283800476376e-08;
2332822.1881455853581;1.1930897159118103446e-08;
2333155.5437026224099;1.3613574267878902901e-08;
2333488.8992596594617;1.1150858902908566961e-08;
2333822.2548166965134;1.0286762552880190924e-08;
2334155.6103737335652;1.0685499596263525746e-08;
2334488.965930770617;1.0394813010350389959e-08;
2334822.3214878076687;1.1497618856992630754e-08;
2335155.6770448447205;1.1087434970136200718e-08;
2335489.0326018817723;1.0332167121873681026e-08;
2335822.388158918824;1.0558927954207319999e-08;
2336155.7437159558758;1.0621214130424050381e-08;
2336489.0992729929276;1.0879899647875390656e-08;
2336822.4548300299793;1.255036785607899219e-08;
2337155.8103870670311;1.2690774653378866788e-08;
2337489.1659441040829;1.1017052159445483994e-08;
2337822.5215011411346;1.1065679927924065851e-08;
2338155.8770581781864;1.1056353166338794836e-08;
2338489.2326152152382;1.0619422674551515229e-08;
2338822.58817225229;1.0926481941453403124e-08;
2339155.9437292893417;1.0671223904523685633e-08;
2339489.2992863263935;1.1017884382624743012e-08;
2339822.6548433634453;1.0151245177780765516e-08;
2340156.010400400497;1.0841283426543668611e-08;
2340489.3659574375488;1.0786230575376976049e-08;
2340822.7215144746006;1.0641477921069508739e-08;
2341156.0770715116523;1.0421471685617689218e-08;
2341489.4326285487041;1.0400823313716500707e-08;
2341822.7881855857559;1.077269118354706734e-08;
2342156.1437426228076;1.0881084477887270623e-08;
2342489.4992996598594;1.1342880412712474936e-08;
2342822.8548566969112;1.1102501140669573942e-08;
2343156.2104137339629;1.0735775823889071035e-08;
2343489.5659707710147;1.085014300628017736e-08;
2343822.9215278080665;1.0417408269347561145e-08;
2344156.2770848451182;1.0941215045079388801e-08;
2344489.63264188217;1.0427130270329598716e-08;
2344822.9881989192218;1.0488307111700123642e-08;
2345156.3437559562735;1.0194564303844799724e-08;
2345489.6993129933253;1.1231464647210032126e-08;
2345823.0548700303771;1.0261349991935730941e-08;
2346156.4104270674288;1.0441207898281845701e-08;
2346489.7659841044806;1.0174203701751594053e-08;
2346823.1215411415324;1.1041426439817314531e-08;
2347156.4770981785841;1.0945002237860990135e-08;
2347489.8326552156359;1.1806029931449302239e-08;
2347823.1882122526877;1.1613163763968259445e-08;
2348156.5437692897394;1.2027617124488187983e-08;
2348489.8993263267912;1.3880786298159364378e-08;
2348823.254883363843;2.6509692219178759842e-08;
2349156.6104404008947;3.5493432193334228941e-08;
2349489.9659974379465;1.6982715678182103147e-08;
2349823.3215544749983;1.2355648060236035235e-08;
2350156.67711151205;1.1414963196898497699e-08;
2350490.0326685491018;1.0687001505971238657e-08;
2350823.3882255861536;1.099311841556982472e-08;
2351156.7437826232053;1.0548805384757997672e-08;
2351490.0993396602571;1.0231613778444170748e-08;
2351823.4548966973089;1.092446666461910354e-08;
2352156.8104537343606;1.0805651484702138987e-08;
2352490.1660107714124;1.0699475083697507216e-08;
2352823.5215678084642;1.0721413978842520009e-08;
2353156.8771248455159;1.0311586251532389724e-08;
2353490.2326818825677;1.0303293329627649655e-08;
2353823.5882389196195;1.1190479654032969847e-08;
2354156.9437959566712;1.0586844290116914635e-08;
2354490.299352993723;1.1052216919438251352e-08;
2354823.6549100307748;1.0563751651204711379e-08;
2355157.0104670678265;1.0829672270062928874e-08;
2355490.3660241048783;1.0925061744160302624e-08;
2355823.7215811419301;1.0283565110569270473e-08;
2356157.0771381789818;9.9503196793193637859e-09;
2356490.4326952160336;1.0079224566084121761e-08;
2356823.7882522530854;1.1071299432785508543e-08;
2357157.1438092901371;1.2370894530988607585e-08;
2357490.4993663271889;1.0906844316593833355e-08;
2357823.8549233642407;1.0691057816814009129e-08;
2358157.2104804012924;1.0248775161869616568e-08;
2358490.5660374383442;1.0638411929164703906e-08;
2358823.921594475396;1.0604713551742861455e-08;
2359157.2771515124477;1.0453523380249407637e-08;
2359490.6327085494995;1.0361012492410281993e-08;
2359823.9882655865513;1.0872295064245918184e-08;
2360157.343822623603;1.1512736541874346585e-08;
2360490.6993796606548;1.0577345221918221796e-08;
2360824.0549366977066;1.0798819616297805624e-08;
2361157.4104937347583;1.0430410313233551278e-08;
2361490.7660507718101;1.0287738660963441362e-08;
2361824.1216078088619;1.0858266286106754706e-08;
2362157.4771648459136;1.0349024748279589403e-08;
2362490.8327218829654;1.0188871080174521921e-08;
2362824.1882789200172;1.080325962021788655e-08;
2363157.5438359570689;1.0521709725708205951e-08;
2363490.8993929941207;1.1473668237726997177e-08;
2363824.2549500311725;1.0604620293008792942e-08;
2364157.6105070682243;1.0689649165840364731e-08;
2364490.966064105276;1.0644058079378737602e-08;
2364824.3216211423278;1.0012954909655036317e-08;
2365157.6771781793796;1.1033282731887084083e-08;
2365491.0327352164313;1.0883359990998542344e-08;
2365824.3882922534831;1.0782915005336235481e-08;
2366157.7438492905349;1.0999976041148329386e-08;
2366491.0994063275866;1.0838674846525009343e-08;
2366824.4549633646384;1.259781523543779258e-08;
2367157.8105204016902;1.1068382654855213332e-08;
2367491.1660774387419;1.0754992452177702944e-08;
2367824.5216344757937;1.0906441971769709198e-08;
2368157.8771915128455;1.0625580415535296197e-08;
2368491.2327485498972;1.0190285060218684521e-08;
2368824.588305586949;1.0566684416346561193e-08;
2369157.9438626240008;1.1011576539488032722e-08;
2369491.2994196610525;1.0127448213381740061e-08;
2369824.6549766981043;1.0754557244752049883e-08;
2370158.0105337351561;1.0235496894495099696e-08;
2370491.3660907722078;1.1187747617213972262e-08;
2370824.7216478092596;1.0766636471259971586e-08;
2371158.0772048463114;1.0711285192144259781e-08;
2371491.4327618833631;1.0723881338492446957e-08;
2371824.7883189204149;1.3684908317657118459e-08;
2372158.1438759574667;1.6461708440829170286e-08;
2372491.4994329945184;1.3338564031073474325e-08;
2372824.8549900315702;1.2019146566899507889e-08;
2373158.210547068622;1.1836120528130322782e-08;
2373491.5661041056737;1.1328840976432275056e-08;
2373824.9216611427255;1.1431378510451395414e-08;
2374158.2772181797773;1.1240623543073979818e-08;
2374491.632775216829;1.0924294358005681715e-08;
2374824.9883322538808;1.0779335646304843976e-08;
2375158.3438892909326;1.1109329456360228505e-08;
2375491.6994463279843;1.0975210962271830795e-08;
2375825.0550033650361;1.1209269956680145697e-08;
2376158.4105604020879;1.1382143227933738672e-08;
2376491.7661174391396;1.132128080172378759e-08;
2376825.1216744761914;1.1762617546651199518e-08;
2377158.4772315132432;1.1932616672538642888e-08;
2377491.8327885502949;1.2334936627667048015e-08;
2377825.1883455873467;1.300370389145655281e-08;
2378158.5439026243985;2.2477532723996773711e-08;
2378491.8994596614502;2.9041329341339405801e-08;
2378825.255016698502;1.4151429361675127439e-08;
2379158.6105737355538;1.2204854016317767673e-08;
2379491.9661307726055;1.1874253580401727959e-08;
2379825.3216878096573;1.0980630626988840959e-08;
2380158.6772448467091;1.0992867061077049584e-08;
2380492.0328018837608;1.1027644575278827688e-08;
2380825.3883589208126;1.1078808981324073102e-08;
2381158.7439159578644;1.0607583256216912559e-08;
2381492.0994729949161;1.1193625581995547691e-08;
2381825.4550300319679;1.1014865464176182286e-08;
2382158.8105870690197;1.0623863566650015855e-08;
2382492.1661441060714;1.0791253224340380257e-08;
2382825.5217011431232;1.0064645117324744206e-08;
2383158.877258180175;1.0703423036773074273e-08;
2383492.2328152172267;1.1480381978401510423e-08;
2383825.5883722542785;1.1514253550615194399e-08;
2384158.9439292913303;1.5163966082809565705e-08;
2384492.299486328382;4.436383704842228326e-08;
2384825.6550433654338;3.4142630056521738879e-08;
2385159.0106004024856;1.5806667974516130926e-08;
2385492.3661574395373;1.2517449299309646449e-08;
2385825.7217144765891;1.1358094020863518381e-08;
2386159.0772715136409;1.0911060499552149849e-08;
2386492.4328285506926;1.0387457116678433522e-08;
2386825.7883855877444;1.1281731993051380414e-08;
2387159.1439426247962;1.3578010715775690187e-08;
2387492.4994996618479;2.7404407632047877996e-08;
2387825.8550566988997;2.2626416296134266304e-08;
2388159.2106137359515;1.265795557259252746e-08;
2388492.5661707730033;1.1462567783837585011e-08;
2388825.921727810055;1.0778275161271722027e-08;
2389159.2772848471068;1.0724860999289376196e-08;
2389492.6328418841586;1.1162599733438582916e-08;
2389825.9883989212103;1.0471406852730069659e-08;
2390159.3439559582621;1.2854571629361544183e-08;
2390492.6995129953139;1.775657132441210706e-08;
2390826.0550700323656;2.1442939868165922235e-08;
2391159.4106270694174;2.331483095474595757e-08;
2391492.7661841064692;1.7471712965289043495e-08;
2391826.1217411435209;1.1640738151186269533e-08;
2392159.4772981805727;1.162475715688060518e-08;
2392492.8328552176245;1.0507966941020185914e-08;
2392826.1884122546762;1.0648883552732968383e-08;
2393159.543969291728;1.0402175121271284297e-08;
2393492.8995263287798;1.1134690502956345881e-08;
2393826.2550833658315;1.0197286570701180608e-08;
2394159.6106404028833;1.0372449565920760506e-08;
2394492.9661974399351;1.0073365253049360035e-08;
2394826.3217544769868;1.0111377513055685995e-08;
2395159.6773115140386;1.0376914438836593035e-08;
2395493.0328685510904;1.0048832876918822876e-08;
2395826.3884255881421;1.0356681734435824183e-08;
2396159.7439826251939;1.0496951752259064961e-08;
2396493.0995396622457;1.0485046608721404482e-08;
2396826.4550966992974;1.0553494078635594633e-08;
2397159.8106537363492;1.0399306304975652893e-08;
2397493.166210773401;1.0888101975581321312e-08;
2397826.5217678104527;1.0092672475536801358e-08;
2398159.8773248475045;1.0278345285996692837e-08;
2398493.2328818845563;1.0303528696908870188e-08;
2398826.588438921608;1.0486077783866676327e-08;
2399159.9439959586598;9.8285362071237614146e-09;
2399493.2995529957116;1.0451044474280024588e-08;
2399826.6551100327633;1.0310770903743105009e-08;
2400160.0106670698151;1.060326049184823205e-08;
2400493.3662241068669;1.047602449233409061e-08;
2400826.7217811439186;1.0508908410145068046e-08;
2401160.0773381809704;1.1713416903091911081e-08;
2401493.4328952180222;1.8765577536328237329e-08;
2401826.7884522550739;1.95440978956185063e-08;
2402160.1440092921257;1.3326501679955526924e-08;
2402493.4995663291775;1.1202005545385418372e-08;
2402826.8551233662292;1.0547878126487830741e-08;
2403160.210680403281;1.1037955438553126442e-08;
2403493.5662374403328;9.9571044742674530426e-09;
2403826.9217944773845;1.0522948734603687626e-08;
2404160.2773515144363;1.0725124788280027133e-08;
2404493.6329085514881;9.7858956493723781023e-09;
2404826.9884655885398;1.020354112313270889e-08;
2405160.3440226255916;1.0082199075611697481e-08;
2405493.6995796626434;1.0500898817156212317e-08;
2405827.0551366996951;1.0337741329635719012e-08;
2406160.4106937367469;9.832802128073581116e-09;
2406493.7662507737987;1.0159022956202079513e-08;
2406827.1218078108504;1.0276792750119057018e-08;
2407160.4773648479022;1.0082890078422224178e-08;
2407493.832921884954;1.0853651311037992855e-08;
2407827.1884789220057;1.0347916301611803647e-08;
2408160.5440359590575;1.0624311208573544718e-08;
2408493.8995929961093;1.0144274753542958933e-08;
2408827.255150033161;1.0663503857699652144e-08;
2409160.6107070702128;9.8837178441613104951e-09;
2409493.9662641072646;1.0100121627942826308e-08;
2409827.3218211443163;1.0469272559987530258e-08;
2410160.6773781813681;1.0569989328246265359e-08;
2410494.0329352184199;1.0008084139201400831e-08;
2410827.3884922554716;1.0116636417478730436e-08;
2411160.7440492925234;9.8873824683209932118e-09;
2411494.0996063295752;1.0447758214127134124e-08;
2411827.4551633666269;1.0086061763558973325e-08;
2412160.8107204036787;9.8900398981527359865e-09;
2412494.1662774407305;1.0114646009640182456e-08;
2412827.5218344777822;9.8421688576877386367e-09;
2413160.877391514834;1.0308760955979323626e-08;
2413494.2329485518858;9.5055607829408472753e-09;
2413827.5885055889376;1.0114628246071788453e-08;
2414160.9440626259893;1.0823433704842955194e-08;
2414494.2996196630411;1.092936141589007093e-08;
2414827.6551767000929;1.0075205558734978695e-08;
2415161.0107337371446;1.0842731157367779815e-08;
2415494.3662907741964;1.0511788772760155553e-08;
2415827.7218478112482;1.0624479962473287742e-08;
2416161.0774048482999;1.1675472144645482331e-08;
2416494.4329618853517;1.0850277121221552079e-08;
2416827.7885189224035;9.6195567067525189486e-09;
2417161.1440759594552;1.0377644521497586538e-08;
2417494.499632996507;1.0167878983224909462e-08;
2417827.8551900335588;1.0817750251135294093e-08;
2418161.2107470706105;1.0345371670439362788e-08;
2418494.5663041076623;1.0645609727077953721e-08;
2418827.9218611447141;1.0526294502710697998e-08;
2419161.2774181817658;1.1236319430452113011e-08;
2419494.6329752188176;1.2589739917245879042e-08;
2419827.9885322558694;1.819054595841862465e-08;
2420161.3440892929211;5.2327337130009254906e-08;
2420494.6996463299729;2.6266366859317713534e-08;
2420828.0552033670247;1.5399129082993567863e-08;
2421161.4107604040764;1.1862681503771455027e-08;
2421494.7663174411282;1.1043269410038192291e-08;
2421828.12187447818;1.0156917085168970516e-08;
2422161.4774315152317;1.0450714071907896141e-08;
2422494.8329885522835;1.1346866557460089098e-08;
2422828.1885455893353;1.0161646635253873683e-08;
2423161.544102626387;9.8419095095891862002e-09;
2423494.8996596634388;9.8427914707599484245e-09;
2423828.2552167004906;1.0496417068850405485e-08;
2424161.6107737375423;1.1517146347728157707e-08;
2424494.9663307745941;1.078475264648659504e-08;
2424828.3218878116459;1.032730345684740314e-08;
2425161.6774448486976;1.031028240561226994e-08;
2425495.0330018857494;1.0029485686402495048e-08;
2425828.3885589228012;9.8891188571315069566e-09;
2426161.7441159598529;1.0189103782920483354e-08;
2426495.0996729969047;1.0141815387498809287e-08;
2426828.4552300339565;9.999824079898189666e-09;
2427161.8107870710082;1.0148624163264230447e-08;
2427495.16634410806;1.0128212935001101869e-08;
2427828.5219011451118;9.7593195746981109551e-09;
2428161.8774581821635;9.9132613229357957607e-09;
2428495.2330152192153;9.9378647533399089298e-09;
2428828.5885722562671;1.0004515438311045727e-08;
2429161.9441292933188;1.0274789019604213536e-08;
2429495.2996863303706;1.0762949642639796366e-08;
2429828.6552433674224;1.0378519377240991162e-08;
2430162.0108004044741;9.9098143024889395747e-09;
2430495.3663574415259;1.0515464055060874671e-08;
2430828.7219144785777;1.1885460615701504139e-08;
2431162.0774715156294;1.0265893912730916782e-08;
2431495.4330285526812;1.0005833495085880713e-08;
2431828.788585589733;1.0283962126322876429e-08;
2432162.1441426267847;1.1418532785967272503e-08;
2432495.4996996638365;1.0346298040531110018e-08;
2432828.8552567008883;1.0613231182787785656e-08;
2433162.21081373794;1.0208543343992459995e-08;
2433495.5663707749918;1.0027072505636169808e-08;
2433828.9219278120436;9.739503425976181461e-09;
2434162.2774848490953;9.8649310942278134462e-09;
2434495.6330418861471;1.0034914232903702214e-08;
2434828.9885989231989;9.6506500568693809328e-09;
2435162.3441559602506;1.0613920409241472953e-08;
2435495.6997129973024;1.0573406150626851741e-08;
2435829.0552700343542;1.0565663899342325749e-08;
2436162.4108270714059;1.0522227533726891124e-08;
2436495.7663841084577;9.5191801108285289956e-09;
2436829.1219411455095;1.0109370229827163712e-08;
2437162.4774981825612;1.0332149358305287024e-08;
2437495.833055219613;1.0103263115013305651e-08;
2437829.1886122566648;1.01589341383601095e-08;
2438162.5441692937165;1.0481731926859083615e-08;
2438495.8997263307683;1.0385449833449911239e-08;
2438829.2552833678201;9.9069250580896550673e-09;
2439162.6108404048719;1.0152921170458739653e-08;
2439495.9663974419236;1.0355899249248068372e-08;
2439829.3219544789754;1.0450089682478846953e-08;
2440162.6775115160272;1.2045293651397059875e-08;
2440496.0330685530789;1.0096059099851117935e-08;
2440829.3886255901307;1.0651127979599550599e-08;
2441162.7441826271825;1.1419415635316454427e-08;
2441496.0997396642342;1.4391100755517527432e-08;
2441829.455296701286;2.2079166939192873542e-08;
2442162.8108537383378;2.0012228318933011906e-08;
2442496.1664107753895;1.3911667373633918032e-08;
2442829.5219678124413;1.0712302156434816425e-08;
2443162.8775248494931;1.0522042792615593498e-08;
2443496.2330818865448;1.0911270997837618779e-08;
2443829.5886389235966;1.1042668113248055306e-08;
2444162.9441959606484;9.9892538685253384756e-09;
2444496.2997529977001;1.0632788871589582413e-08;
2444829.6553100347519;1.0642655645654031105e-08;
2445163.0108670718037;9.9357695404478363344e-09;
2445496.3664241088554;1.0093364366525747755e-08;
2445829.7219811459072;1.023254814214169528e-08;
2446163.077538182959;1.1324821080904712289e-08;
2446496.4330952200107;1.1023034041102164338e-08;
2446829.7886522570625;1.0501747915725445637e-08;
2447163.1442092941143;1.0841093356361852784e-08;
2447496.499766331166;1.0677618789145526534e-08;
2447829.8553233682178;1.1051032089426371385e-08;
2448163.2108804052696;1.341554956013624178e-08;
2448496.5664374423213;1.0883053569443745801e-08;
2448829.9219944793731;1.0917847959035498207e-08;
2449163.2775515164249;1.152730799702794684e-08;
2449496.6331085534766;1.2036071694865313475e-08;
2449829.9886655905284;1.3586815228450177528e-08;
2450163.3442226275802;2.1398610883238688984e-08;
2450496.6997796646319;3.7058001112200145144e-08;
2450830.0553367016837;1.8650746724802047538e-08;
2451163.4108937387355;1.1916967856961946381e-08;
2451496.7664507757872;1.0799920069359814079e-08;
2451830.122007812839;1.0610770040386796609e-08;
2452163.4775648498908;1.1369473362776716385e-08;
2452496.8331218869425;1.1199211336077041778e-08;
2452830.1886789239943;1.0013306628309237567e-08;
2453163.5442359610461;1.0503039327147689619e-08;
2453496.8997929980978;1.089772805329403127e-08;
2453830.2553500351496;1.0404916928052898584e-08;
2454163.6109070722014;1.0997309729532389611e-08;
2454496.9664641092531;1.1555530754492338019e-08;
2454830.3220211463049;1.1505074226647593605e-08;
2455163.6775781833567;1.3343486315875452419e-08;
2455497.0331352204084;2.397895038086517161e-08;
2455830.3886922574602;5.0378332616674015298e-08;
2456163.744249294512;2.5905766420919462689e-08;
2456497.0998063315637;1.6063729901816259371e-08;
2456830.4553633686155;1.4399851089308413066e-08;
2457163.8109204056673;1.1966329260815200541e-08;
2457497.166477442719;1.1097821328576173983e-08;
2457830.5220344797708;1.137468697010035612e-08;
2458163.8775915168226;9.9726849001058326394e-09;
2458497.2331485538743;1.0420648344222627202e-08;
2458830.5887055909261;1.1099809960057882563e-08;
2459163.9442626279779;1.0901595182133405615e-08;
2459497.2998196650296;1.0702802200057703885e-08;
2459830.6553767020814;1.1109622555238729547e-08;
2460164.0109337391332;1.2722986220126131229e-08;
2460497.3664907761849;1.4305073570142212702e-08;
2460830.7220478132367;2.2126654286580560438e-08;
2461164.0776048502885;2.3227999079722394526e-08;
2461497.4331618873402;1.3364693352002632309e-08;
2461830.788718924392;1.1147921696874618647e-08;
2462164.1442759614438;1.0693123719818231621e-08;
2462497.4998329984955;1.0414480833276229532e-08;
2462830.8553900355473;1.003985161673881521e-08;
2463164.2109470725991;1.0157988228343128867e-08;
2463497.5665041096509;1.0626607149788469542e-08;
2463830.9220611467026;1.0681858952921174932e-08;
2464164.2776181837544;1.28575301516775653e-08;
2464497.6331752208062;1.0480958323455524805e-08;
2464830.9887322578579;1.0534064287526234693e-08;
2465164.3442892949097;1.0262648508785332524e-08;
2465497.6998463319615;1.0077489065452027717e-08;
2465831.0554033690132;1.0450714071907896141e-08;
2466164.410960406065;1.0682646767179448943e-08;
2466497.7665174431168;1.0784468429392291e-08;
2466831.1220744801685;1.0797720051414216869e-08;
2467164.4776315172203;1.0338885303440292773e-08;
2467497.8331885542721;1.0335707401054605725e-08;
2467831.1887455913238;1.0608961709124287154e-08;
2468164.5443026283756;1.5464843627910340729e-08;
2468497.8998596654274;1.1085116824460783391e-08;
2468831.2554167024791;1.0294355590190207295e-08;
2469164.6109737395309;1.0724805044048935088e-08;
2469497.9665307765827;1.1551795964237498993e-08;
2469831.3220878136344;1.3233255380384889577e-08;
2470164.6776448506862;2.1776280334506736835e-08;
2470498.033201887738;2.2243300534796617285e-08;
2470831.3887589247897;1.3247630548107736104e-08;
2471164.7443159618415;1.1540133293408416648e-08;
2471498.0998729988933;1.000673055528977784e-08;
2471831.455430035945;1.076510525166440857e-08;
2472164.8109870729968;1.2473043042859899288e-08;
2472498.1665441100486;1.0064256095176915551e-08;
2472831.5221011471003;1.1174135394753648143e-08;
2473164.8776581841521;1.043290254187922983e-08;
2473498.2332152212039;1.1112686770786694979e-08;
2473831.5887722582556;1.0256286486765020527e-08;
2474164.9443292953074;1.0556480134482626454e-08;
2474498.2998863323592;9.8486196975500206463e-09;
2474831.6554433694109;9.9878150194854242727e-09;
2475165.0110004064627;9.7867722814726221259e-09;
2475498.3665574435145;1.0049662435562822793e-08;
2475831.7221144805662;1.0473081069051204395e-08;
2476165.077671517618;1.1093610474688375689e-08;
2476498.4332285546698;1.0476429501693473867e-08;
2476831.7887855917215;1.0231775426916556171e-08;
2477165.1443426287733;1.0211036460816558247e-08;
2477498.4998996658251;1.1033108648916822858e-08;
2477831.8554567028768;1.0647031700727893622e-08;
2478165.2110137399286;1.0376896675268199033e-08;
2478498.5665707769804;1.0004304940025576798e-08;
2478831.9221278140321;1.0595551991343654663e-08;
2479165.2776848510839;9.9167278833078853495e-09;
2479498.6332418881357;1.088596057741142431e-08;
2479831.9887989251874;1.0463959476680884109e-08;
2480165.3443559622392;1.0561858942992330412e-08;
2480498.699912999291;1.0460522226196644624e-08;
2480832.0554700363427;1.0211143930405341962e-08;
2481165.4110270733945;1.0376787429322575917e-08;
2481498.7665841104463;1.1233931118681539374e-08;
2481832.122141147498;1.0470100342274690775e-08;
2482165.4776981845498;1.0391691063205144019e-08;
2482498.8332552216016;1.0780055070824801078e-08;
2482832.1888122586533;9.9854471358185037388e-09;
2483165.5443692957051;1.0086982804580202355e-08;
2483498.8999263327569;1.0219363133501246921e-08;
2483832.2554833698086;1.0101435243825562793e-08;
2484165.6110404068604;1.0238554004615707527e-08;
2484498.9665974439122;9.9509316342505371722e-09;
2484832.3221544809639;1.0378391479548554344e-08;
2485165.6777115180157;1.0385067028551020485e-08;
2485499.0332685550675;1.0250594151273162424e-08;
2485832.3888255921192;1.0116050219721728354e-08;
2486165.744382629171;1.0758884450012828893e-08;
2486499.0999396662228;1.0112070292223052093e-08;
2486832.4554967032745;1.0895028879076562589e-08;
2487165.8110537403263;1.0218985657672874368e-08;
2487499.1666107773781;9.6850083508570605773e-09;
2487832.5221678144298;1.0458060195617235877e-08;
2488165.8777248514816;1.032155427793668423e-08;
2488499.2332818885334;1.0020626994844405999e-08;
2488832.5888389255852;9.9213455229119063006e-09;
2489165.9443959626369;9.6926848769385287596e-09;
2489499.2999529996887;1.0320466259372551576e-08;
2489832.6555100367405;1.0163806685170584387e-08;
2490166.0110670737922;1.0376477455054100574e-08;
2490499.366624110844;1.0804797057062387466e-08;
2490832.7221811478958;1.2601445220639106992e-08;
2491166.0777381849475;2.5703631223450429388e-08;
2491499.4332952219993;3.1366333530513657024e-08;
2491832.7888522590511;1.6624511545160203241e-08;
2492166.1444092961028;1.3575458090997472027e-08;
2492499.4999663331546;1.0771328717851247347e-08;
2492832.8555233702064;1.0425702079430720914e-08;
2493166.2110804072581;1.0081738999190292816e-08;
2493499.5666374443099;1.1225171903106456739e-08;
2493832.9221944813617;9.8306776052936584165e-09;
2494166.2777515184134;1.002992622289866631e-08;
2494499.6333085554652;9.8773993428835638042e-09;
2494832.988865592517;1.2019336637081323715e-08;
2495166.3444226295687;1.0105712711094838596e-08;
2495499.6999796666205;1.0123623717106511322e-08;
2495833.0555367036723;9.635268582997014164e-09;
2496166.411093740724;1.0552344775760502671e-08;
2496499.7666507777758;9.7458707770670116588e-09;
2496833.1222078148276;9.8934282988238919643e-09;
2497166.4777648518793;9.6908969737796724075e-09;
2497499.8333218889311;9.8229957501416720334e-09;
2497833.1888789259829;1.0122858995487149514e-08;
2498166.5444359630346;9.845178006173682661e-09;
2498499.8999930000864;1.0137060080239734816e-08;
2498833.2555500371382;1.0311387299566376896e-08;
2499166.6111070741899;9.6690788708997388312e-09;
2499499.9666641112417;9.7102041962671137298e-09;
2499833.3222211482935;9.4741192668834628421e-09;
2500166.6777781853452;9.9091872485246312863e-09;
2500500.033335222397;9.743730267075534357e-09;
2500833.3888922594488;1.0051640408903494972e-08;
2501166.7444492965005;9.626318409061696002e-09;
2501500.1000063335523;9.8029815376321494114e-09;
2501833.4555633706041;9.521254007438528788e-09;
2502166.8111204076558;9.6486667544581905531e-09;
2502500.1666774447076;1.0398320426929785754e-08;
2502833.5222344817594;1.0023162744232649857e-08;
2503166.8777915188111;9.9200034853197394114e-09;
2503500.2333485558629;9.7210595129126886604e-09;
2503833.5889055929147;9.9118508956053119618e-09;
2504166.9444626299664;1.0663222305140607205e-08;
2504500.3000196670182;9.5859356008531904081e-09;
2504833.65557670407;9.2250687089290295262e-09;
2505167.0111337411217;9.5962811030858574668e-09;
2505500.3666907781735;9.868085903974588291e-09;
2505833.7222478152253;1.0170433384359967022e-08;
2506167.077804852277;9.419288460321695311e-09;
2506500.4333618893288;1.0039622466706532578e-08;
2506833.7889189263806;9.5237799868641559442e-09;
2507167.1444759634323;1.0209493694901539129e-08;
2507500.5000330004841;9.614133489321829984e-09;
2507833.8555900375359;9.8900398981527359865e-09;
2508167.2111470745876;1.113461234325541227e-08;
2508500.5667041116394;1.0857426957500138087e-08;
2508833.9222611486912;9.5041077230462178704e-09;
2509167.2778181857429;9.4769152525486788363e-09;
2509500.6333752227947;9.589792959729948052e-09;
2509833.9889322598465;1.0060614563656145037e-08;
2510167.3444892968982;1.0304542108485748031e-08;
2510500.70004633395;9.687765256671809766e-09;
2510834.0556033710018;1.0601603150917071616e-08;
2511167.4111604080535;1.3026224543466469186e-08;
2511500.7667174451053;2.2742101535300207615e-08;
2511834.1222744821571;2.5967962002937383659e-08;
2512167.4778315192088;1.6398930213767926034e-08;
2512500.8333885562606;1.1417509604427777958e-08;
2512834.1889455933124;1.0659064741957990918e-08;
2513167.5445026303641;1.0553197427043414791e-08;
2513500.9000596674159;9.8156984762454158044e-09;
2513834.2556167044677;1.0323930155209382065e-08;
2514167.6111737415195;9.8198036369012697833e-09;
2514500.9667307785712;1.0027178198868114123e-08;
2514834.322287815623;9.9333785641420035972e-09;
2515167.6778448526748;1.0055543064879657322e-08;
2515501.0334018897265;1.0267751981984929444e-08;
2515834.3889589267783;9.7509227359182659711e-09;
2516167.7445159638301;1.0511382875222352595e-08;
2516501.1000730008818;9.8227888045698819042e-09;
2516834.4556300379336;1.0254736615422643808e-08;
2517167.8111870749854;9.688190694134846126e-09;
2517501.1667441120371;1.0369589631409326103e-08;
2517834.5223011490889;1.0621139523436795571e-08;
2518167.8778581861407;1.0255835292127812863e-08;
2518501.2334152231924;1.0016685259017776843e-08;
2518834.5889722602442;1.0297629415845221956e-08;
2519167.944529297296;1.0189550536665592517e-08;
2519501.3000863343477;1.1261020560482393194e-08;
2519834.6556433713995;1.3400828002829712204e-08;
2520168.0112004084513;2.2284563527819045703e-08;
2520501.366757445503;3.1415744672358414391e-08;
2520834.7223144825548;2.2285151501932887186e-08;
2521168.0778715196066;1.4142582216436494491e-08;
2521501.4334285566583;1.2067405741333914193e-08;
2521834.7889855937101;1.2388597703250070481e-08;
2522168.1445426307619;1.7432867593925038818e-08;
2522501.5000996678136;2.8603713175812117697e-08;
2522834.8556567048654;2.7880824760018185771e-08;
2523168.2112137419172;1.3009187505019781383e-08;
2523501.5667707789689;1.1276005906779573706e-08;
2523834.9223278160207;1.0448235165938513092e-08;
2524168.2778848530725;1.0946694217750518874e-08;
2524501.6334418901242;1.0050968946018201677e-08;
2524834.988998927176;1.0094907132440766873e-08;
2525168.3445559642278;1.0480387224731657625e-08;
2525501.7001130012795;1.1136275013257090905e-08;
2525835.0556700383313;1.0783312909268261137e-08;
2526168.4112270753831;1.2635094748247865937e-08;
2526501.7667841124348;1.4363191525035290397e-08;
2526835.1223411494866;2.9320197825200011721e-08;
2527168.4778981865384;2.7052456275100666971e-08;
2527501.8334552235901;1.6334238850390647713e-08;
2527835.1890122606419;1.1864057292143570521e-08;
2528168.5445692976937;1.1905500585385198065e-08;
2528501.9001263347454;1.1043541192634620529e-08;
2528835.2556833717972;1.0165449815247029619e-08;
2529168.611240408849;1.0375055481404160673e-08;
2529501.9667974459007;1.0021225627099283884e-08;
2529835.3223544829525;1.0457618770942644915e-08;
2530168.6779115200043;1.0896445523655984289e-08;
2530502.033468557056;1.1684028855540873337e-08;
2530835.3890255941078;1.4381496882265309978e-08;
2531168.7445826311596;2.6185464463424068526e-08;
2531502.1001396682113;2.7453268103272421286e-08;
2531835.4556967052631;1.4788162694401307817e-08;
2532168.8112537423149;1.1350294926160131581e-08;
2532502.1668107793666;1.0067704003802191437e-08;
2532835.5223678164184;1.0506305159196926979e-08;
2533168.8779248534702;1.0035055453272434534e-08;
2533502.2334818905219;9.8679819870994833764e-09;
2533835.5890389275737;9.7882679739313971368e-09;
2534168.9445959646255;1.0075861034408717387e-08;
2534502.3001530016772;1.0239094017094885203e-08;
2534835.655710038729;1.0435028841015991929e-08;
2535169.0112670757808;1.0126629312878776545e-08;
2535502.3668241128325;1.0309014086828938161e-08;
2535835.7223811498843;9.7705727952757115418e-09;
2536169.0779381869361;1.0835343289272714173e-08;
2536502.4334952239878;1.0397625871405580256e-08;
2536835.7890522610396;9.6420240680572533165e-09;
2537169.1446092980914;1.0707560171852037456e-08;
2537502.5001663351431;1.0128141880727525859e-08;
2537835.8557233721949;1.1269332134133946965e-08;
2538169.2112804092467;1.0775681680286197661e-08;
2538502.5668374462985;1.7190489032259392843e-08;
2538835.9223944833502;2.9761036302033971879e-08;
2539169.277951520402;2.8812451091653201729e-08;
2539502.6335085574538;1.6010707426517001295e-08;
2539835.9890655945055;1.1624083917638472485e-08;
2540169.3446226315573;1.0559744190175024414e-08;
2540502.7001796686091;9.7841423851718900551e-09;
2540836.0557367056608;9.9231405314981202537e-09;
2541169.4112937427126;9.9624761773497994e-09;
2541502.7668507797644;9.9604458014823649137e-09;
2541836.1224078168161;1.0035301478694691468e-08;
2542169.4779648538679;9.9658370444899446738e-09;
2542502.8335218909197;9.8934807013506542717e-09;
2542836.1890789279714;9.9198294023494781868e-09;
2543169.5446359650232;9.4854435417346394388e-09;
2543502.900193002075;1.0024852947765339195e-08;
2543836.2557500391267;9.6924805959019977308e-09;
2544169.6113070761785;1.0040503539698875102e-08;
2544502.9668641132303;9.4733536570856813341e-09;
2544836.322421150282;9.1250731415470909269e-09;
2545169.6779781873338;9.763829744713348191e-09;
2545503.0335352243856;9.8227710410014879017e-09;
2545836.3890922614373;9.5361851748521075933e-09;
2546169.7446492984891;9.3205425599762747879e-09;
2546503.1002063355409;9.6839194441145082237e-09;
2546836.4557633725926;9.714077542355425976e-09;
2547169.8113204096444;9.5450678472275285458e-09;
2547503.1668774466962;9.1982865768613919499e-09;
2547836.5224344837479;9.3721972405091946712e-09;
2548169.8779915207997;9.5574179681534587871e-09;
2548503.2335485578515;9.1349692254993897222e-09;
2548836.5891055949032;9.7408552335309650516e-09;
2549169.944662631955;8.8613179016761023377e-09;
2549503.3002196690068;9.5477519224118623242e-09;
2549836.6557767060585;8.8923810537266945175e-09;
2550170.0113337431103;9.4631236180475752917e-09;
2550503.3668907801621;9.7393666464995476417e-09;
2550836.7224478172138;9.1340703889386531955e-09;
2551170.0780048542656;8.8242213536204872071e-09;
2551503.4335618913174;9.6177990016599324008e-09;
2551836.7891189283691;9.5974774794171935355e-09;
2552170.1446759654209;1.0063194721965373901e-08;
2552503.5002330024727;9.6475138988694197906e-09;
2552836.8557900395244;9.6235117652554436063e-09;
2553170.2113470765762;9.2938918783147528302e-09;
2553503.566904113628;9.9515089502233422536e-09;
2553836.9224611506797;9.5021217560997683904e-09;
2554170.2780181877315;9.1219476416881661862e-09;
2554503.6335752247833;9.1869667429023138538e-09;
2554836.989132261835;9.6347942957208942971e-09;
2555170.3446892988868;9.9768904249231127324e-09;
2555503.7002463359386;9.7948733568387069681e-09;
2555837.0558033729903;9.3199208350824847003e-09;
2556170.4113604100421;9.5237968622541302466e-09;
2556503.7669174470939;9.8662829017825970368e-09;
2556837.1224744841456;9.4125232052988394571e-09;
2557170.4780315211974;9.6423127260436558572e-09;
2557503.8335885582492;9.628162267460993462e-09;
2557837.1891455953009;9.631545339061631239e-09;
2558170.5447026323527;9.7136334531455759134e-09;
2558503.9002596694045;9.7012868849333244725e-09;
2558837.2558167064562;1.2663805115664672485e-08;
2559170.611373743508;9.4220018453938791936e-09;
2559503.9669307805598;8.9819973680960174534e-09;
2559837.3224878176115;9.3469747497465505148e-09;
2560170.6780448546633;9.6478025568558223313e-09;
2560504.0336018917151;9.9722292645765264751e-09;
2560837.3891589287668;9.7297050416500496794e-09;
2561170.7447159658186;9.6985610653632647882e-09;
2561504.1002730028704;1.0513709014503547223e-08;
2561837.4558300399221;1.1877716588060138747e-08;
2562170.8113870769739;1.5515839280055843119e-08;
2562504.1669441140257;4.0245843990760477027e-08;
2562837.5225011510774;2.682492450389872829e-08;
2563170.8780581881292;1.4131952497109523392e-08;
2563504.233615225181;1.1222786255871142203e-08;
2563837.5891722622328;1.0270150951896539482e-08;
2564170.9447292992845;9.9423171917578656576e-09;
2564504.3002863363363;1.0261025806812540395e-08;
2564837.6558433733881;9.6064010079999206937e-09;
2565171.0114004104398;1.0230158054014282243e-08;
2565504.3669574474916;8.9524450075373351865e-09;
2565837.7225144845434;9.3336183226711000316e-09;
2566171.0780715215951;9.2628411607620364521e-09;
2566504.4336285586469;9.2711438526293932227e-09;
2566837.7891855956987;9.760467989394783217e-09;
2567171.1447426327504;9.4559284846695845772e-09;
2567504.5002996698022;9.322131511169118312e-09;
2567837.855856706854;9.1498089105357394146e-09;
2568171.2114137439057;9.2489873537715538987e-09;
2568504.5669707809575;9.6525489823306998005e-09;
2568837.9225278180093;9.3169907344758939871e-09;
2569171.278084855061;9.4768326519556467247e-09;
2569504.6336418921128;9.5609777872596168891e-09;
2569837.9891989291646;9.7228358697520889109e-09;
2570171.3447559662163;9.1182306150017211621e-09;
2570504.7003130032681;9.9015657895051845117e-09;
2570838.0558700403199;9.5237968622541302466e-09;
2571171.4114270773716;9.3655971866724030406e-09;
2571504.7669841144234;1.008638061961164567e-08;
2571838.1225411514752;9.4132666106361284619e-09;
2572171.4780981885269;9.7655110664618405281e-09;
2572504.8336552255787;1.0132110261906746018e-08;
2572838.1892122626305;9.3348813123839136097e-09;
2573171.5447692996822;9.2768299708723134245e-09;
2573504.900326336734;8.785752569906435383e-09;
2573838.2558833737858;8.7197582487874569779e-09;
2574171.6114404108375;9.4347223367208243872e-09;
2574504.9669974478893;9.219641938784661761e-09;
2574838.3225544849411;9.3161558467613758694e-09;
2575171.6781115219928;9.7311065871963364771e-09;
2575505.0336685590446;9.2320728839467847138e-09;
2575838.3892255960964;1.0220996493615075451e-08;
2576171.7447826331481;1.0297267927228404005e-08;
2576505.1003396701999;1.2052384867899945675e-08;
2576838.4558967072517;1.1142674338771030307e-08;
2577171.8114537443034;9.8137844517509620346e-09;
2577505.1670107813552;9.60169366237551003e-09;
2577838.522567818407;9.5571488500922896492e-09;
2578171.8781248554587;9.6663619331138761481e-09;
2578505.2336818925105;9.6018117901053301466e-09;
2578838.5892389295623;9.3925693889218564436e-09;
2579171.944795966614;9.9888328719544006162e-09;
2579505.3003530036658;8.7203098075860907556e-09;
2579838.6559100407176;1.0483775625402813603e-08;
2580172.0114670777693;1.0354698432024633803e-08;
2580505.3670241148211;1.001957095070338255e-08;
2580838.7225811518729;1.1804287325389850594e-08;
2581172.0781381889246;2.0655441801409324398e-08;
2581505.4336952259764;2.7404215785509222769e-08;
2581838.7892522630282;1.8681374669426986657e-08;
2582172.1448093000799;1.1547372835707392369e-08;
2582505.5003663371317;1.0144256989974564931e-08;
2582838.8559233741835;1.0190392529807468236e-08;
2583172.2114804112352;9.2624343750458137947e-09;
2583505.567037448287;9.8716235186202538898e-09;
2583838.9225944853388;9.4970316055764669727e-09;
2584172.2781515223905;9.6489376488761990913e-09;
2584505.6337085594423;1.0252791504683500534e-08;
2584838.9892655964941;1.2395520165853213257e-08;
2585172.3448226335458;1.5123051255727659736e-08;
2585505.7003796705976;1.116858161509526326e-08;
2585839.0559367076494;9.9966275257656889153e-09;
2586172.4114937447011;1.0259115335031765426e-08;
2586505.7670507817529;9.206677198392299033e-09;
2586839.1226078188047;9.3015195545831375057e-09;
2587172.4781648558564;9.9266630471106509503e-09;
2587505.8337218929082;8.9785112677986944618e-09;
2587839.18927892996;9.6579766406534872658e-09;
2588172.5448359670117;9.327422390015271958e-09;
2588505.9003930040635;9.4284269280819898995e-09;
2588839.2559500411153;9.104513587487872428e-09;
2589172.6115070781671;9.745134477157080255e-09;
2589505.9670641152188;9.2884242519630788593e-09;
2589839.3226211522706;9.8153707384085464582e-09;
2590172.6781781893224;9.2103498161577590508e-09;
2590506.0337352263741;8.9976639472411079623e-09;
2590839.3892922634259;9.547282076027840958e-09;
2591172.7448493004777;9.2471355017664791376e-09;
2591506.1004063375294;9.5526502263965085149e-09;
2591839.4559633745812;9.3910514920025889296e-09;
2592172.811520411633;9.0160341414957656525e-09;
2592506.1670774486847;9.64836122108181371e-09;
2592839.5226344857365;8.9379410539436321415e-09;
2593172.8781915227883;8.6014679823165351991e-09;
2593506.23374855984;9.6139309846421383554e-09;
2593839.5893055968918;9.9218331328643216693e-09;
2594172.9448626339436;1.0612354550687541632e-08;
2594506.3004196709953;1.5789376917041408888e-08;
2594839.6559767080471;1.5898038441264361609e-08;
2595173.0115337450989;1.0053211596527944494e-08;
2595506.3670907821506;9.6476497901676339097e-09;
2595839.7226478192024;9.1562890602858715283e-09;
2596173.0782048562542;1.010106220888928874e-08;
2596506.4337618933059;1.0235784664303082536e-08;
2596839.7893189303577;1.0411389084197253396e-08;
2597173.1448759674095;1.0579259246412675566e-08;
2597506.5004330044612;1.3115869279545222525e-08;
2597839.855990041513;1.9161802811140660197e-08;
2598173.2115470785648;5.0704894505315678543e-08;
2598506.5671041156165;2.197681325810663111e-08;
2598839.9226611526683;1.41256233376907403e-08;
2599173.2782181897201;1.1671924760037200031e-08;
2599506.6337752267718;9.4147720730575201742e-09;
2599839.9893322638236;1.0807474026819363644e-08;
2600173.3448893008754;1.0675668349335865059e-08;
2600506.7004463379271;1.0311821618813610257e-08;
2600840.0560033749789;1.0792827076500088879e-08;
2601173.4115604120307;1.5642774187085706217e-08;
2601506.7671174490824;2.4172530643795653305e-08;
2601840.1226744861342;2.3299026707945813541e-08;
2602173.478231523186;1.3710776514130884607e-08;
2602506.8337885602377;1.0607098310799756291e-08;
2602840.1893455972895;9.7370227436499590112e-09;
2603173.5449026343413;9.2818828179019874369e-09;
2603506.900459671393;9.0828988774660501804e-09;
2603840.2560167084448;9.6317656073097168701e-09;
2604173.6115737454966;9.4808285666658775881e-09;
2604506.9671307825483;9.372855380718192464e-09;
2604840.3226878196001;9.8586943053646791668e-09;
2605173.6782448566519;9.5127274946094075858e-09;
2605507.0338018937036;8.8684970478425384499e-09;
2605840.3893589307554;9.4159133823268348351e-09;
2606173.7449159678072;9.4558618712881070678e-09;
2606507.1004730048589;9.3049026261837752827e-09;
2606840.4560300419107;9.5209191641743018408e-09;
2607173.8115870789625;1.0328700561501591437e-08;
2607507.1671441160142;1.2486438549785816576e-08;
2607840.522701153066;1.1353924911361445993e-08;
2608173.8782581901178;9.815319224060203851e-09;
2608507.2338152271695;8.7787173086439906911e-09;
2608840.5893722642213;9.727602723330619483e-09;
2609173.9449293012731;9.2414840224819272407e-09;
2609507.3004863383248;1.0316822951494941663e-08;
2609840.6560433753766;9.479863116723663552e-09;
2610174.0116004124284;9.1302201354892531526e-09;
2610507.3671574494801;9.4338776790436895681e-09;
2610840.7227144865319;9.3264391765046639193e-09;
2611174.0782715235837;9.3425427394322468899e-09;
2611507.4338285606354;9.3749141782950573543e-09;
2611840.7893855976872;9.3122611843909908202e-09;
2612174.144942634739;9.1014591419025236974e-09;
2612507.5004996717907;9.3835481607129622716e-09;
2612840.8560567088425;9.6273842231653361523e-09;
2613174.2116137458943;9.7483363603600992064e-09;
2613507.5671707829461;9.1058725004700136196e-09;
2613840.9227278199978;9.4302654574107691587e-09;
2614174.2782848570496;9.3175636095566005679e-09;
2614507.6338418941014;9.5291179391665536969e-09;
2614840.9893989311531;9.5517780351883629919e-09;
2615174.3449559682049;9.2102849791331209417e-09;
2615507.7005130052567;9.4405585571166739101e-09;
2615841.0560700423084;9.4633572089719564246e-09;
2616174.4116270793602;9.535062517329606635e-09;
2616507.767184116412;8.7140463733703654725e-09;
2616841.1227411534637;9.4634069469634596317e-09;
2617174.4782981905155;9.1069125573994824663e-09;
2617507.8338552275673;9.3749799034981151635e-09;
2617841.189412264619;9.5474161909692156769e-09;
2618174.5449693016708;9.0319662859883464989e-09;
2618507.9005263387226;9.2178273902732144052e-09;
2618841.2560833757743;9.7108525665134948213e-09;
2619174.6116404128261;9.4798124905537406448e-09;
2619507.9671974498779;9.8534487236179302272e-09;
2619841.3227544869296;9.1801748425268669962e-09;
2620174.6783115239814;9.6087644507747427269e-09;
2620508.0338685610332;9.913958542995260359e-09;
2620841.3894255980849;9.0466230062702379655e-09;
2621174.7449826351367;9.4036805009523050103e-09;
2621508.1005396721885;8.9305958184127121058e-09;
2621841.4560967092402;9.1940544066915208532e-09;
2622174.811653746292;9.3830037073416860949e-09;
2622508.1672107833438;9.4068361988774995552e-09;
2622841.5227678203955;1.2019526707263139542e-08;
2623174.8783248574473;9.2969125731201529561e-09;
2623508.2338818944991;9.3631298270224760927e-09;
2623841.5894389315508;9.2923242434039821092e-09;
2624174.9449959686026;1.0003583739148780296e-08;
2624508.3005530056544;9.3631458142340306949e-09;
2624841.6561100427061;9.3319298954952500935e-09;
2625175.0116670797579;9.1169489735420938814e-09;
2625508.3672241168097;9.3631129516325017903e-09;
2625841.7227811538614;9.8866701492283937114e-09;
2626175.0783381909132;9.4124894545188908523e-09;
2626508.433895227965;9.3702876569068394019e-09;
2626841.7894522650167;1.1501759544785272737e-08;
2627175.1450093020685;9.9276569187622953905e-09;
2627508.5005663391203;8.9283362925129949872e-09;
2627841.856123376172;9.5124601529050778481e-09;
2628175.2116804132238;9.4814618378791237774e-09;
2628508.5672374502756;9.2727727718511232524e-09;
2628841.9227944873273;9.4354026813903146831e-09;
2629175.2783515243791;9.7718091396359341161e-09;
2629508.6339085614309;9.5150669565668977157e-09;
2629841.9894655984826;8.8691516353378574422e-09;
2630175.3450226355344;9.3152721092337742448e-09;
2630508.7005796725862;9.5794714383146128966e-09;
2630842.0561367096379;9.1831102722039759101e-09;
2631175.4116937466897;9.3770058384734511492e-09;
2631508.7672507837415;9.2677243657135477406e-09;
2631842.1228078207932;9.9837276223979642964e-09;
2632175.478364857845;1.1375406394620313222e-08;
2632508.8339218948968;1.0456792765012323798e-08;
2632842.1894789319485;1.1273609601403222769e-08;
2633175.5450359690003;1.3374745755356798327e-08;
2633508.9005930060521;2.449824521022492263e-08;
2633842.2561500431038;4.6361339656186828506e-08;
2634175.6117070801556;1.8677601687500100525e-08;
2634508.9672641172074;1.2668900595258492103e-08;
2634842.3228211542591;1.1652175224696748046e-08;
2635175.6783781913109;9.9885877347105633817e-09;
2635509.0339352283627;1.0500530223112036765e-08;
2635842.3894922654144;1.0218321300214938674e-08;
2636175.7450493024662;1.1944214506343087123e-08;
2636509.100606339518;9.9971018130418087821e-09;
2636842.4561633765697;1.0114326265409090411e-08;
2637175.8117204136215;1.0185381427163520129e-08;
2637509.1672774506733;9.8171817342063150136e-09;
2637842.522834487725;9.4926946303530712612e-09;
2638175.8783915247768;1.0136525396831075341e-08;
2638509.2339485618286;9.696772274025988736e-09;
2638842.5895055988804;9.9678683085357988602e-09;
2639175.9450626359321;9.5752819007088874059e-09;
2639509.3006196729839;9.7634691442749499402e-09;
2639842.6561767100357;9.8684846960850336473e-09;
2640176.0117337470874;1.4133020087570002943e-08;
2640509.3672907841392;1.0132021444064776006e-08;
2640842.722847821191;1.0193454080820174568e-08;
2641176.0784048582427;1.0507357650624271628e-08;
2641509.4339618952945;1.0128959893052069674e-08;
2641842.7895189323463;1.015807704618509888e-08;
2642176.145075969398;9.9855874680088163586e-09;
2642509.5006330064498;9.5090681995202430699e-09;
2642842.8561900435016;1.1106499719915063906e-08;
2643176.2117470805533;1.1029019475472523482e-08;
2643509.5673041176051;1.0302515285331992345e-08;
2643842.9228611546569;1.1083695738989263191e-08;
2644176.2784181917086;2.3745625910009948711e-08;
2644509.6339752287604;1.206511601736792727e-08;
2644842.9895322658122;1.1258547871761948045e-08;
2645176.3450893028639;1.0854718901498472405e-08;
2645509.7006463399157;1.0803962169347869349e-08;
2645843.0562033769675;1.0548638407215094048e-08;
2646176.4117604140192;1.0672724037874559144e-08;
2646509.767317451071;9.6323571341372371535e-09;
2646843.1228744881228;1.0601752364891581237e-08;
2647176.4784315251745;1.0388424342977486958e-08;
2647509.8339885622263;1.0901901603688202158e-08;
2647843.1895455992781;1.1070794059264699172e-08;
2648176.5451026363298;1.7601287538582255365e-08;
2648509.9006596733816;1.0294789909437440656e-08;
2648843.2562167104334;1.1026539681324720732e-08;
2649176.6117737474851;1.1692057100276542769e-08;
2649509.9673307845369;1.7639113281120444299e-08;
2649843.3228878215887;2.1905620428697147872e-08;
2650176.6784448586404;1.463179799543468107e-08;
2650510.0340018956922;1.1675472144645482331e-08;
2650843.389558932744;1.141518346514658333e-08;
2651176.7451159697957;1.3996508840818933095e-08;
2651510.1006730068475;1.2949380234772434051e-08;
2651843.4562300438993;1.1665364674229294906e-08;
2652176.811787080951;1.3239510820994837559e-08;
2652510.1673441180028;1.030765606202521667e-08;
2652843.5229011550546;1.060368948202494721e-08;
2653176.8784581921063;1.0666688865512696793e-08;
2653510.2340152291581;1.3437013279826715006e-08;
2653843.5895722662099;1.0946655137900052068e-08;
2654176.9451293032616;1.0617725365591468289e-08;
2654510.3006863403134;1.0582307474749086396e-08;
2654843.6562433773652;1.0974227748761222756e-08;
2655177.0118004144169;1.0691733720591400925e-08;
2655510.3673574514687;1.0461091548563672404e-08;
2655843.7229144885205;1.0976869191381410928e-08;
2656177.0784715255722;1.3669938958571492549e-08;
2656510.434028562624;1.0578943054895262321e-08;
2656843.7895855996758;1.058297627309912059e-08;
2657177.1451426367275;1.0443391040837468609e-08;
2657510.5006996737793;1.2784263425658082269e-08;
2657843.8562567108311;1.0323150334556885355e-08;
2658177.2118137478828;1.013864459054047984e-08;
2658510.5673707849346;1.0161361529981149943e-08;
2658843.9229278219864;1.0428266250528395176e-08;
2659177.2784848590381;1.0216293588882763288e-08;
2659510.6340418960899;1.0708125053326966736e-08;
2659843.9895989331417;1.0562954066983820667e-08;
2660177.3451559701934;1.0984431142446737795e-08;
2660510.7007130072452;1.0259565641490553389e-08;
2660844.056270044297;1.0390468041521216946e-08;
2661177.4118270813487;9.8780068569226386899e-09;
2661510.7673841184005;1.2263527082723157946e-08;
2661844.1229411554523;9.9850607782059341844e-09;
2662177.478498192504;1.0157560126344833407e-08;
2662510.8340552295558;9.8290540151424465876e-09;
2662844.1896122666076;9.7041681357268316788e-09;
2663177.5451693036593;1.011112882309816996e-08;
2663510.9007263407111;1.0055543064879657322e-08;
2663844.2562833777629;9.7180032909705005295e-09;
2664177.6118404148147;1.0745398348888102191e-08;
2664510.9673974518664;9.7142649480019827024e-09;
2664844.3229544889182;1.0657473126229888294e-08;
2665177.67851152597;9.8878336629582008754e-09;
2665511.0340685630217;1.089028334178010482e-08;
2665844.3896256000735;9.3878185225548804738e-09;
2666177.7451826371253;9.614133489321829984e-09;
2666511.100739674177;9.5543288836097417516e-09;
2666844.4562967112288;1.013106043501466047e-08;
2667177.8118537482806;9.9271337816730920167e-09;
2667511.1674107853323;9.7865662240792516968e-09;
2667844.5229678223841;1.0067775058075767447e-08;
2668177.8785248594359;1.0505549319361762173e-08;
2668511.2340818964876;1.0791158189249472343e-08;
2668844.5896389335394;1.2850981612189116277e-08;
2669177.9451959705912;2.7137277314182028931e-08;
2669511.3007530076429;3.2890117296346943476e-08;
2669844.6563100446947;1.5650746476580934541e-08;
2670178.0118670817465;1.1762142371196659951e-08;
2670511.3674241187982;9.6761141321621835232e-09;
2670844.72298115585;1.0062858990522727254e-08;
2671178.0785381929018;1.0042250586650425248e-08;
2671511.4340952299535;1.1019723800131941971e-08;
2671844.7896522670053;1.2178895225645192113e-08;
2672178.1452093040571;1.1412897293894275208e-08;
2672511.5007663411088;9.9001917774899084179e-09;
2672844.8563233781606;9.4234255954006584943e-09;
2673178.2118804152124;9.7487644623583946668e-09;
2673511.5674374522641;9.237847820031674928e-09;
2673844.9229944893159;9.1875476115887977357e-09;
2674178.2785515263677;9.6207228850175852131e-09;
2674511.6341085634194;9.3511296483939077007e-09;
2674844.9896656004712;1.1156659596167628479e-08;
2675178.345222637523;1.0174097120341230038e-08;
2675511.7007796745747;1.1560342905170273298e-08;
2675845.0563367116265;1.9663840333805637783e-08;
2676178.4118937486783;2.8226589066093765723e-08;
2676511.76745078573;2.0646879761443415191e-08;
2676845.1230078227818;1.3010878596730890422e-08;
2677178.4785648598336;1.0277460660290671512e-08;
2677511.8341218968853;9.4263068461941657006e-09;
2677845.1896789339371;9.2612788549217839318e-09;
2678178.5452359709889;8.9684224491293207393e-09;
2678511.9007930080406;9.4367118563809526677e-09;
2678845.2563500450924;8.9871905473160040856e-09;
2679178.6119070821442;9.1194323204035754316e-09;
2679511.9674641191959;8.8943190590384801908e-09;
2679845.3230211562477;9.1372323041127856413e-09;
2680178.6785781932995;9.0264142826868010161e-09;
2680512.0341352303512;9.1818677105948154349e-09;
2680845.389692267403;9.4107868164883257123e-09;
2681178.7452493044548;9.06899533248406442e-09;
2681512.1008063415065;9.3250136501410452183e-09;
2681845.4563633785583;8.4015736590004053141e-09;
2682178.8119204156101;8.8050819968543692084e-09;
2682512.1674774526618;8.8478628867960651405e-09;
2682845.5230344897136;9.069123230176501238e-09;
2683178.8785915267654;8.7566922601922669855e-09;
2683512.2341485638171;9.5257544074911493226e-09;
2683845.5897056008689;9.0233385208193794824e-09;
2684178.9452626379207;8.9599812014284907491e-09;
2684512.3008196749724;9.1069125573994824663e-09;
2684845.6563767120242;8.7007991922405381047e-09;
2685179.011933749076;9.3421812508154289389e-09;
2685512.3674907861277;8.3006845841282483889e-09;
2685845.7230478231795;9.0209617553682619473e-09;
2686179.0786048602313;9.2167917742358440591e-09;
2686512.434161897283;8.7543075011353721493e-09;
2686845.7897189343348;9.4108525416913835215e-09;
2687179.1452759713866;8.9673513059551623883e-09;
2687512.5008330084383;8.7286782246565053356e-09;
2687845.8563900454901;8.6419840172879958118e-09;
2688179.2119470825419;9.2865315437506978924e-09;
2688512.5675041195937;8.7356113454006845132e-09;
2688845.9230611566454;9.0879579417446620937e-09;
2689179.2786181936972;9.0505336558521776169e-09;
2689512.634175230749;9.0377278993969412113e-09;
2689845.9897322678007;9.3422469760184867482e-09;
2690179.3452893048525;9.223691144200074632e-09;
2690512.7008463419043;8.905653992030693189e-09;
2690846.056403378956;9.2285050712348493107e-09;
2691179.4119604160078;9.1095051502065871318e-09;
2691512.7675174530596;8.7486196065356125473e-09;
2691846.1230744901113;8.9438776385009077785e-09;
2692179.4786315271631;9.8694732386661598866e-09;
2692512.8341885642149;9.1143066427434860088e-09;
2692846.1897456012666;8.6916482899823677144e-09;
2693179.5453026383184;8.457281985840836569e-09;
2693512.9008596753702;8.6839255786230751255e-09;
2693846.2564167124219;9.3448235816140368115e-09;
2694179.6119737494737;8.7666354176008098875e-09;
2694512.9675307865255;8.6879543559348348936e-09;
2694846.3230878235772;9.0923339968185246107e-09;
2695179.678644860629;9.1384677602945885155e-09;
2695513.0342018976808;8.7503106982467215857e-09;
2695846.3897589347325;8.9008054260375502054e-09;
2696179.7453159717843;1.0594974675370849582e-08;
2696513.1008730088361;1.0433983455016004882e-08;
2696846.4564300458878;9.7354151407103017846e-09;
2697179.8119870829396;8.7265004111714006285e-09;
2697513.1675441199914;8.543729279608669458e-09;
2697846.5231011570431;9.0894589632739553053e-09;
2698179.8786581940949;8.7158831263423053315e-09;
2698513.2342152311467;8.624708947024828376e-09;
2698846.5897722681984;8.6111899832985727699e-09;
2699179.9453293052502;8.9429192939860513434e-09;
2699513.300886342302;8.9119920332336732827e-09;
2699846.6564433793537;8.7809848281494851108e-09;
2700180.0120004164055;8.6403142418589595763e-09;
2700513.3675574534573;9.044541116054460872e-09;
2700846.723114490509;8.4434761404850178224e-09;
2701180.0786715275608;8.8592004843235372391e-09;
2701513.4342285646126;8.7841014462242128502e-09;
2701846.7897856016643;8.6216340733358265425e-09;
2702180.1453426387161;8.6373246332982489548e-09;
2702513.5008996757679;8.5636999713756267738e-09;
2702846.8564567128196;8.9305798312011575035e-09;
2703180.2120137498714;8.5473175204242579639e-09;
2703513.5675707869232;8.6506419805232326325e-09;
2703846.9231278239749;9.5513588149742645328e-09;
2704180.2786848610267;1.0283546458822456771e-08;
2704513.6342418980785;1.1743416017395702511e-08;
2704846.9897989351302;2.3669578297358384589e-08;
2705180.345355972182;1.8623376618620568479e-08;
2705513.7009130092338;1.2530254167586463154e-08;
2705847.0564700462855;1.0376714598692160507e-08;
2706180.4120270833373;9.3967118530713378277e-09;
2706513.7675841203891;9.0175706901618468692e-09;
2706847.1231411574408;8.8508009810084331548e-09;
2707180.4786981944926;8.917880656156285113e-09;
2707513.8342552315444;8.930313377675247466e-09;
2707847.1898122685961;8.349047675437759608e-09;
2708180.5453693056479;8.8508942397425016679e-09;
2708513.9009263426997;8.4630187302536796778e-09;
2708847.2564833797514;8.8727514224729020498e-09;
2709180.6120404168032;8.7676053084351224243e-09;
2709513.967597453855;8.8076506088441419706e-09;
2709847.3231544909067;9.2391623240928311134e-09;
2710180.6787115279585;8.8597298386616785137e-09;
2710514.0342685650103;8.5173539332572545391e-09;
2710847.389825602062;8.4572970848739714711e-09;
2711180.7453826391138;8.7456077935144094226e-09;
2711514.1009396761656;8.7697618056381543283e-09;
2711847.4564967132173;8.5674312089167869999e-09;
2712180.8120537502691;9.6044603381528759201e-09;
2712514.1676107873209;8.6330613768836883537e-09;
2712847.5231678243726;8.9230685063057535444e-09;
2713180.8787248614244;8.8759781746716726047e-09;
2713514.2342818984762;9.4999350608304666821e-09;
2713847.589838935528;1.340810484862231533e-08;
2714180.9453959725797;1.8323197181757677754e-08;
2714514.3009530096315;1.5105952044791592925e-08;
2714847.6565100466833;9.3960519365055006347e-09;
2715181.012067083735;8.9730241015217870881e-09;
2715514.3676241207868;8.9793159574469427753e-09;
2715847.7231811578386;8.9936182945393738919e-09;
2716181.0787381948903;9.2169374354966748797e-09;
2716514.4342952319421;8.9405629566385869111e-09;
2716847.7898522689939;8.1772695281756568875e-09;
2717181.1454093060456;8.8241289830648383941e-09;
2717514.5009663430974;8.7200797693753884232e-09;
2717847.8565233801492;8.3310265353020440671e-09;
2718181.2120804172009;8.5556246531837132352e-09;
2718514.5676374542527;8.6134592791609065898e-09;
2718847.9231944913045;8.7982945373710208514e-09;
2719181.2787515283562;9.0376479633391682e-09;
2719514.634308565408;8.7422433736605853483e-09;
2719847.9898656024598;9.6404662031090992969e-09;
2720181.3454226395115;1.1169248637088458054e-08;
2720514.7009796765633;1.5548801357567754167e-08;
2720848.0565367136151;2.1796909166482691944e-08;
2721181.4120937506668;1.9772366854908796086e-08;
2721514.7676507877186;1.0750042633844714146e-08;
2721848.1232078247704;9.4280956375314417528e-09;
2722181.4787648618221;8.5448546016664295166e-09;
2722514.8343218988739;8.9901748268061965064e-09;
2722848.1898789359257;8.9682172799143700104e-09;
2723181.5454359729774;8.7032301365752573474e-09;
2723514.9009930100292;9.0764551430311257718e-09;
2723848.256550047081;8.980072685460527282e-09;
2724181.6121070841327;8.8206260073775411001e-09;
2724514.9676641211845;8.7356575306785089197e-09;
2724848.3232211582363;8.2540658752350282157e-09;
2725181.678778195288;8.9631146948931927909e-09;
2725515.0343352323398;7.984371386271504889e-09;
2725848.3898922693916;8.6234974716603574052e-09;
2726181.7454493064433;8.8363369954436166154e-09;
2726515.1010063434951;9.1433500770676801039e-09;
2726848.4565633805469;8.9267997438469137705e-09;
2727181.8121204175986;8.5008808881070763164e-09;
2727515.1676774546504;8.5005673611249221722e-09;
2727848.5232344917022;8.7725506858760127216e-09;
2728181.8787915287539;9.2694660835945796862e-09;
2728515.2343485658057;8.816412488954483706e-09;
2728848.5899056028575;8.5196285581901065598e-09;
2729181.9454626399092;9.597140859796127188e-09;
2729515.301019676961;8.4252809173790410568e-09;
2729848.6565767140128;8.7556770722585497424e-09;
2730182.0121337510645;8.7342924004474298272e-09;
2730515.3676907881163;8.7874196808002125181e-09;
2730848.7232478251681;8.1242053084906729055e-09;
2731182.0788048622198;8.6529059473150482518e-09;
2731515.4343618992716;7.9569550948122014233e-09;
2731848.7899189363234;8.659886141515471536e-09;
2732182.1454759733751;8.360848902100315172e-09;
2732515.5010330104269;8.7319138586394728918e-09;
2732848.8565900474787;8.4634352859325190366e-09;
2733182.2121470845304;9.0918863548949957476e-09;
2733515.5677041215822;8.8622673644067617715e-09;
2733848.923261158634;8.3161850739088549744e-09;
2734182.2788181956857;8.5979330322061287006e-09;
2734515.6343752327375;8.762631509284801723e-09;
2734848.9899322697893;8.9670519898277234461e-09;
2735182.345489306841;8.9694935923034790903e-09;
2735515.7010463438928;8.4394278232480246515e-09;
2735849.0566033809446;8.6533171739233694097e-09;
2736182.4121604179963;9.5684047352051493363e-09;
2736515.7677174550481;9.1638518995296180947e-09;
2736849.1232744920999;9.0147356246461640694e-09;
2737182.4788315291516;8.9018845628174858575e-09;
2737515.8343885662034;8.6263609588854706089e-09;
2737849.1899456032552;8.5601499222320853733e-09;
2738182.5455026403069;8.2638589304906417965e-09;
2738515.9010596773587;9.7403933807527209865e-09;
2738849.2566167144105;1.1117607279231833672e-08;
2739182.6121737514623;9.2770582327261763567e-09;
2739515.967730788514;9.5185113124784948013e-09;
2739849.3232878255658;9.9568602252020355081e-09;
2740182.6788448626176;1.2417904038386495813e-08;
2740516.0344018996693;2.2755488160441927903e-08;
2740849.3899589367211;1.5759836102802182722e-08;
2741182.7455159737729;1.2267836524415542954e-08;
2741516.1010730108246;1.1972742797183855146e-08;
2741849.4566300478764;1.7955475328790271305e-08;
2742182.8121870849282;2.1504730440824459947e-08;
2742516.1677441219799;1.4825906724524884339e-08;
2742849.5233011590317;1.0871818112434539216e-08;
2743182.8788581960835;9.4711731790653175267e-09;
2743516.2344152331352;8.830936870651839854e-09;
2743849.589972270187;1.0057804367136213841e-08;
2744182.9455293072388;1.310661001951984872e-08;
2744516.3010863442905;2.1851235487702069804e-08;
2744849.6566433813423;2.0700230862757962313e-08;
2745183.0122004183941;1.2654242986798180937e-08;
2745516.3677574554458;9.9541841436234790308e-09;
2745849.7233144924976;9.3755074814794170379e-09;
2746183.0788715295494;8.7056610809099765902e-09;
2746516.4344285666011;8.5105789082717819838e-09;
2746849.7899856036529;8.859434075247918372e-09;
2747183.1455426407047;8.7482350252798823931e-09;
2747516.5010996777564;8.6744877947353415948e-09;
2747849.8566567148082;9.0858991441677972034e-09;
2748183.21221375186;7.8977544504255092761e-09;
2748516.5677707889117;8.8574116929862611869e-09;
2748849.9233278259635;8.321139333133942273e-09;
2749183.2788848630153;8.8642133633243247459e-09;
2749516.634441900067;8.5226075086097807798e-09;
2749849.9899989371188;8.4300486591359913291e-09;
2750183.3455559741706;8.3243261173038263223e-09;
2750516.7011130112223;8.1563378273585840361e-09;
2750850.0566700482741;8.468863832433726202e-09;
2751183.4122270853259;8.050116129254547559e-09;
2751516.7677841223776;8.4849469672576560697e-09;
2751850.1233411594294;8.5934184212987929641e-09;
2752183.4788981964812;8.8018348165519455506e-09;
2752516.8344552335329;8.2750890584293301799e-09;
2752850.1900122705847;8.735397294401536783e-09;
2753183.5455693076365;8.6861993153775074461e-09;
2753516.9011263446882;8.3226598945884688874e-09;
2753850.25668338174;8.3315248033954958373e-09;
2754183.6122404187918;8.3260083272307383595e-09;
2754516.9677974558435;8.6143217004064354114e-09;
2754850.3233544928953;8.954001984307069506e-09;
2755183.6789115299471;8.892568459373251244e-09;
2755517.0344685669988;8.6394491560781716544e-09;
2755850.3900256040506;8.6607077065536941518e-09;
2756183.7455826411024;8.6021634260191603971e-09;
2756517.1011396781541;8.7400016113292622322e-09;
2756850.4566967152059;8.3117743798766241525e-09;
2757183.8122537522577;8.3394606775755164563e-09;
2757517.1678107893094;8.5866425081349007087e-09;
2757850.5233678263612;8.5866878052343054151e-09;
2758183.878924863413;8.321153543988657475e-09;
2758517.2344819004647;8.4126066113299202698e-09;
2758850.5900389375165;8.5269959981815190986e-09;
2759183.9455959745683;9.1218677056303931749e-09;
2759517.30115301162;8.021783237666113564e-09;
2759850.6567100486718;8.3543145734665813507e-09;
2760184.0122670857236;9.5395700228095847706e-09;
2760517.3678241227753;8.6985068037392920814e-09;
2760850.7233811598271;8.6004554589180770563e-09;
2761184.0789381968789;9.3162375591759882809e-09;
2761517.4344952339306;8.5572029462355203577e-09;
2761850.7900522709824;8.7139548909931363596e-09;
2762184.1456093080342;8.5632034796390144038e-09;
2762517.5011663450859;7.7532469333618792007e-09;
2762850.8567233821377;8.5708489194757930818e-09;
2763184.2122804191895;8.175804921961571381e-09;
2763517.5678374562413;9.1611962460547147202e-09;
2763850.923394493293;8.3596880529057671083e-09;
2764184.2789515303448;8.3661229055564945156e-09;
2764517.6345085673966;8.3668432182548713172e-09;
2764850.9900656044483;8.8733900227566664398e-09;
2765184.3456226415001;8.237117654630310426e-09;
2765517.7011796785519;8.70544702991082886e-09;
2765851.0567367156036;8.5540019512109211064e-09;
2766184.4122937526554;8.6782678820895853278e-09;
2766517.7678507897072;8.5041671482599667797e-09;
2766851.1234078267589;8.4151778878549521323e-09;
2767184.4789648638107;8.7687759275922871893e-09;
2767517.8345219008625;8.6922291586688515963e-09;
2767851.1900789379142;8.739894141740478517e-09;
2768184.545635974966;8.9570226791124696319e-09;
2768517.9011930120178;8.4925675380986831442e-09;
2768851.2567500490695;8.3005238238342826662e-09;
2769184.6123070861213;8.4054265769850644574e-09;
2769517.9678641231731;8.4724351978593404056e-09;
2769851.3234211602248;8.5224431956021362566e-09;
2770184.6789781972766;8.3579845266967822681e-09;
2770518.0345352343284;8.3404723127955548989e-09;
2770851.3900922713801;8.4998506011402241711e-09;
2771184.7456493084319;8.7148270822012818826e-09;
2771518.1012063454837;7.9164514943386166124e-09;
2771851.4567633825354;8.5356735013419893221e-09;
2772184.8123204195872;8.403714168991882616e-09;
2772518.167877456639;8.9731972963136286126e-09;
2772851.5234344936907;8.3966158470616392151e-09;
2773184.8789915307425;8.5641964631122391438e-09;
2773518.2345485677943;8.615971047731818544e-09;
2773851.590105604846;8.4742959316486121679e-09;
2774184.9456626418978;8.6367482055038635735e-09;
2774518.3012196789496;8.905121973157292814e-09;
2774851.6567767160013;8.8291685074182169046e-09;
2775185.0123337530531;9.3297005676618027792e-09;
2775518.3678907901049;1.0053458510128621128e-08;
2775851.7234478271566;1.5053261748221302696e-08;
2776185.0790048642084;2.5936047975960718759e-08;
2776518.4345619012602;1.4461199349113940116e-08;
2776851.7901189383119;1.0448768072990333167e-08;
2777185.1456759753637;9.2186693834150901239e-09;
2777518.5012330124155;8.98147689554207318e-09;
2777851.8567900494672;9.1206660002285389055e-09;
2778185.212347086519;9.9449897206227433344e-09;
2778518.5679041235708;1.5597553471025094041e-08;
2778851.9234611606225;2.0975802428324641369e-08;
2779185.2790181976743;1.535250859774350829e-08;
2779518.6345752347261;9.965469338624188822e-09;
2779851.9901322717778;8.8384792817919333174e-09;
2780185.3456893088296;8.5343083711109102296e-09;
2780518.7012463458814;8.8399856323917447298e-09;
2780852.0568033829331;8.7823890382310310088e-09;
2781185.4123604199849;9.0186320633733885188e-09;
2781518.7679174570367;8.0870403706967408652e-09;
2781852.1234744940884;8.9335925324007803283e-09;
2782185.4790315311402;8.8615665916336183727e-09;
2782518.834588568192;8.9174889694731973577e-09;
2782852.1901456052437;8.2966753467417220236e-09;
2783185.5457026422955;8.1600637358292260615e-09;
2783518.9012596793473;8.3366922254413111659e-09;
2783852.256816716399;8.6862756987216016569e-09;
2784185.6123737534508;9.6042240826932356867e-09;
2784518.9679307905026;8.7048972474690344825e-09;
2784852.3234878275543;8.1845126231883114087e-09;
2785185.6790448646061;8.5278948347422556253e-09;
2785519.0346019016579;8.6389029263500560774e-09;
2785852.3901589387096;8.5017024531452989322e-09;
2786185.7457159757614;8.4762019625372886367e-09;
2786519.1012730128132;8.3258617777914878388e-09;
2786852.4568300498649;8.2576914195442441269e-09;
2787185.8123870869167;8.7380520596980204573e-09;
2787519.1679441239685;8.8138722986741413479e-09;
2787852.5235011610202;8.2382758392895993893e-09;
2788185.879058198072;8.2447471072555345017e-09;
2788519.2346152351238;8.3256281868671067059e-09;
2788852.5901722721756;8.5146316664008736552e-09;
2789185.9457293092273;8.8805167663963402447e-09;
2789519.3012863462791;9.4991170485059228668e-09;
2789852.6568433833309;9.2923411187939564115e-09;
2790186.0124004203826;1.2771243618203698134e-08;
2790519.3679574574344;2.2538069188726694847e-08;
2790852.7235144944862;2.0275898293675709283e-08;
2791186.0790715315379;1.2661424797499876149e-08;
2791519.4346285685897;9.5108720898906540242e-09;
2791852.7901856056415;8.5277598316224612063e-09;
2792186.1457426426932;9.8736698816992429784e-09;
2792519.501299679745;8.5193292420626676176e-09;
2792852.8568567167968;8.5543625516493193572e-09;
2793186.2124137538485;8.5182820797058411699e-09;
2793519.5679707909003;8.7934113324195095629e-09;
2793852.9235278279521;8.5557898543697774585e-09;
2794186.2790848650038;8.8381222340672138671e-09;
2794519.6346419020556;8.4025773006146664557e-09;
2794852.9901989391074;8.3931057659469843202e-09;
2795186.3457559761591;8.8862446290249863523e-09;
2795519.7013130132109;8.488346026069848449e-09;
2795853.0568700502627;8.5971176844168439857e-09;
2796186.4124270873144;9.0071532454771841003e-09;
2796519.7679841243662;8.7747862309583979368e-09;
2796853.123541161418;8.2758155883766448824e-09;
2797186.4790981984697;8.6616971373132400913e-09;
2797519.8346552355215;8.5558955476017217734e-09;
2797853.1902122725733;8.4375599840313952882e-09;
2798186.545769309625;8.7616776056620437885e-09;
2798519.9013263466768;8.5940827787567286578e-09;
2798853.2568833837286;8.0440658578595503059e-09;
2799186.6124404207803;8.4246147835642659629e-09;
2799519.9679974578321;8.3918676452299223456e-09;
2799853.3235544948839;8.7487119770912613603e-09;
2800186.6791115319356;9.297550285225497646e-09;
2800520.0346685689874;7.932349888051248854e-09;
2800853.3902256060392;8.951030139314752887e-09;
2801186.7457826430909;8.3861051436429079331e-09;
2801520.1013396801427;8.8154825661490576749e-09;
2801853.4568967171945;9.0506446781546401326e-09;
2802186.8124537542462;9.0407130670655533322e-09;
2802520.168010791298;8.6378246777485401253e-09;
2802853.5235678283498;8.9904750311120551487e-09;
2803186.8791248654015;8.3248972160276935028e-09;
2803520.2346819024533;8.1120115069666098861e-09;
2803853.5902389395051;8.9001641612185267149e-09;
2804186.9457959765568;8.5153644135971262585e-09;
2804520.3013530136086;8.3592039956670305401e-09;
2804853.6569100506604;8.3671958250874922669e-09;
2805187.0124670877121;8.5498701452024761238e-09;
2805520.3680241247639;8.3995521649171678291e-09;
2805853.7235811618157;8.5976612496097004623e-09;
2806187.0791381988674;8.3833660013965527469e-09;
2806520.4346952359192;8.5408027317157575453e-09;
2806853.790252272971;8.831525732944101037e-09;
2807187.1458093100227;8.4992981541631706932e-09;
2807520.5013663470745;8.6395397502769810671e-09;
2807853.8569233841263;9.1103213861742915469e-09;
2808187.212480421178;9.8242898260991751158e-09;
2808520.5680374582298;8.0060855722763335507e-09;
2808853.9235944952816;9.0287937126731776516e-09;
2809187.2791515323333;8.3527593730536864314e-09;
2809520.6347085693851;8.356487057881167857e-09;
2809853.9902656064369;8.6471469984417126398e-09;
2810187.3458226434886;9.0067100444457537378e-09;
2810520.7013796805404;9.5036405411974556046e-09;
2810854.0569367175922;1.2085799028227484087e-08;
2811187.4124937546439;1.1885627593244407763e-08;
2811520.7680507916957;1.7330089363554179727e-08;
2811854.1236078287475;2.8003837471146653115e-08;
2812187.4791648657992;2.3216127686964682653e-08;
2812520.834721902851;2.387093367417492118e-08;
2812854.1902789399028;1.7026120957552848267e-08;
2813187.5458359769545;1.4757125299524886941e-08;
2813520.9013930140063;1.3153179878599985386e-08;
2813854.2569500510581;1.0361358881993965042e-08;
2814187.6125070881099;9.2539771401334292023e-09;
2814520.9680641251616;9.3346024243601277703e-09;
2814854.3236211622134;9.4858263466335301928e-09;
2815187.6791781992652;8.73849703708629022e-09;
2815521.0347352363169;8.7997777953319200606e-09;
2815854.3902922733687;9.201244210998993367e-09;
2816187.7458493104205;1.2298088769568948919e-08;
2816521.1014063474722;9.542033829745832918e-09;
2816854.456963384524;9.4748511259012957453e-09;
2817187.8125204215758;8.9427310001610749168e-09;
2817521.1680774586275;9.2217469216393510578e-09;
2817854.5236344956793;8.9004146275328821503e-09;
2818187.8791915327311;9.2554888198037588154e-09;
2818521.2347485697828;9.8610675181021179014e-09;
2818854.5903056068346;9.1681995328940502077e-09;
2819187.9458626438864;9.3204279849601334718e-09;
2819521.3014196809381;8.9935241476268856786e-09;
2819854.6569767179899;8.6254061670842929743e-09;
2820188.0125337550417;1.9140204088330392551e-08;
2820521.3680907920934;9.1996765760882226459e-09;
2820854.7236478291452;9.0047800327397453657e-09;
2821188.079204866197;8.9121803270586497092e-09;
2821521.4347619032487;9.2978114096808894828e-09;
2821854.7903189403005;9.0126137664015004702e-09;
2822188.1458759773523;8.9673823921998518927e-09;
2822521.501433014404;8.7552924910028195882e-09;
2822854.8569900514558;8.9218925580780705786e-09;
2823188.2125470885076;8.9179437168240838218e-09;
2823521.5681041255593;9.1310541350253515702e-09;
2823854.9236611626111;9.8001402548675287107e-09;
2824188.2792181996629;1.4876964549159765738e-08;
2824521.6347752367146;9.4036636255623307079e-09;
2824854.9903322737664;9.6022167994647134037e-09;
2825188.3458893108182;9.169875525572024344e-09;
2825521.7014463478699;9.423756885951206641e-09;
2825855.0570033849217;9.6576036057172132132e-09;
2826188.4125604219735;9.298954495307043544e-09;
2826521.7681174590252;8.7672820114903515787e-09;
2826855.123674496077;9.2762268977253370394e-09;
2827188.4792315331288;9.7006909172137056885e-09;
2827521.8347885701805;9.4932950389647885459e-09;
2827855.1903456072323;9.3736298723001709732e-09;
2828188.5459026442841;1.2154593775903776987e-08;
2828521.9014596813358;9.0111731410047468671e-09;
2828855.2570167183876;9.1448599803811703168e-09;
2829188.6125737554394;8.7525702241464387043e-09;
2829521.9681307924911;1.0932492244819513871e-08;
2829855.3236878295429;8.8310603274521781714e-09;
2830188.6792448665947;9.1750633757214927755e-09;
2830522.0348019036464;9.088037877802435105e-09;
2830855.3903589406982;9.0091152316063016769e-09;
2831188.74591597775;8.786972038876683655e-09;
2831522.1014730148017;9.0083398518459034676e-09;
2831855.4570300518535;9.6663619331138761481e-09;
2832188.8125870889053;1.2521012671129483351e-08;
2832522.168144125957;9.1476071162333028042e-09;
2832855.5237011630088;9.6328820475832799275e-09;
2833188.8792582000606;9.5064454086468686e-09;
2833522.2348152371123;1.0622706270169146592e-08;
2833855.5903722741641;9.0421901077775146405e-09;
2834188.9459293112159;9.5702876734549136017e-09;
2834522.3014863482676;8.5793443460602247796e-09;
2834855.6570433853194;9.232429043493084464e-09;
2835189.0126004223712;9.1659613232764058921e-09;
2835522.3681574594229;9.294039315932423051e-09;
2835855.7237144964747;9.0481808712183919852e-09;
2836189.0792715335265;9.381174947975523537e-09;
2836522.4348285705782;9.2177794286385505984e-09;
2836855.79038560763;8.8376257423306014971e-09;
2837189.1459426446818;8.5007911820866866037e-09;
2837522.5014996817335;1.113723335777194734e-08;
2837855.8570567187853;8.7716109931079699891e-09;
2838189.2126137558371;8.7108782409472951258e-09;
2838522.5681707928888;9.2494589765124146652e-09;
2838855.9237278299406;8.6061540116588730598e-09;
2839189.2792848669924;9.491643915282566013e-09;
2839522.6348419040442;8.4372935305054852506e-09;
2839855.9903989410959;8.4800744204471811827e-09;
2840189.3459559781477;1.0026209196212221286e-08;
2840522.7015130151995;8.5886187051187334873e-09;
2840856.0570700522512;8.5330045251907904458e-09;
2841189.412627089303;9.052378402429894777e-09;
2841522.7681841263548;9.3890060171020195412e-09;
2841856.1237411634065;9.1211465047535966733e-09;
2842189.4792982004583;8.7547693539136162144e-09;
2842522.8348552375101;8.7851974583941228047e-09;
2842856.1904122745618;9.1574632321567150939e-09;
2843189.5459693116136;9.9499359862420533318e-09;
2843522.9015263486654;1.0486851387270235136e-08;
2843856.2570833857171;1.0264884053867717739e-08;
2844189.6126404227689;9.1029299653655471047e-09;
2844522.9681974598207;8.7720728458862140542e-09;
2844856.3237544968724;8.8724707580922768102e-09;
2845189.6793115339242;8.8539735543236020021e-09;
2845523.034868570976;8.323054245806815743e-09;
2845856.3904256080277;9.2106731131025298964e-09;
2846189.7459826450795;8.7670199988565400417e-09;
2846523.1015396821313;9.2863032818968349602e-09;
2846856.457096719183;1.0985337972613251623e-08;
2847189.8126537562348;1.9937626660748719587e-08;
2847523.1682107932866;2.0417191493038444605e-08;
2847856.5237678303383;1.0985125697970943293e-08;
2848189.8793248673901;9.7949941491037861852e-09;
2848523.2348819044419;8.6996534420791249431e-09;
2848856.5904389414936;8.868029865993776184e-09;
2849189.9459959785454;8.3956424035136478778e-09;
2849523.3015530155972;8.8229192840572068235e-09;
2849856.6571100526489;8.7304874440974344907e-09;
2850190.0126670897007;8.7394953496300331608e-09;
2850523.3682241267525;8.451282340615762223e-09;
2850856.7237811638042;9.5122762999721999222e-09;
2851190.079338200856;8.7866638409650477115e-09;
2851523.4348952379078;8.3958049401644530008e-09;
2851856.7904522749595;8.2440090309887636977e-09;
2852190.1460093120113;8.3787572435767287971e-09;
2852523.5015663490631;8.0865145690722783911e-09;
2852856.8571233861148;8.1274595942204541643e-09;
2853190.2126804231666;8.3458511213052588573e-09;
2853523.5682374602184;8.4079223583444218093e-09;
2853856.9237944972701;8.6967348877919903316e-09;
2854190.2793515343219;8.4630045193989644758e-09;
2854523.6349085713737;8.6367322182923089713e-09;
2854856.9904656084254;8.5689366713381787122e-09;
2855190.3460226454772;8.1479596403255527548e-09;
2855523.701579682529;8.380302674027007015e-09;
2855857.0571367195807;8.2488185171314398758e-09;
2856190.4126937566325;8.2844850979313378048e-09;
2856523.7682507936843;8.3685627316754107596e-09;
2856857.123807830736;8.4991045312676760659e-09;
2857190.4793648677878;8.5165758889615972294e-09;
2857523.8349219048396;8.4790459098371684377e-09;
2857857.1904789418913;8.2292643810433219187e-09;
2858190.5460359789431;8.3485200974564577336e-09;
2858523.9015930159949;8.437367249314320361e-09;
2858857.2571500530466;8.3792874860932897718e-09;
2859190.6127070900984;8.405352858176229347e-09;
2859523.9682641271502;8.2315345650840754388e-09;
2859857.3238211642019;8.7760652078827661171e-09;
2860190.6793782012537;1.0062858990522727254e-08;
2860524.0349352383055;1.1558637602604449057e-08;
2860857.3904922753572;1.0135937422717233858e-08;
2861190.746049312409;8.4924325349788887252e-09;
2861524.1016063494608;8.5987030828960087092e-09;
2861857.4571633865125;7.9293958066273262375e-09;
2862190.8127204235643;8.3621261026678439521e-09;
2862524.1682774606161;8.1428082054912920285e-09;
2862857.5238344976678;8.2243500898471211258e-09;
2863190.8793915347196;7.915519795176351181e-09;
2863524.2349485717714;8.2351645502853898506e-09;
2863857.5905056088232;8.0642701405508887547e-09;
2864190.9460626458749;8.5577740449593875383e-09;
2864524.3016196829267;7.9360154003893512709e-09;
2864857.6571767199785;8.0464825913395543466e-09;
2865191.0127337570302;8.0422291048876104469e-09;
2865524.368290794082;7.8928588109761221858e-09;
2865857.7238478311338;7.8402209169325942639e-09;
2866191.0794048681855;8.3842790488120044756e-09;
2866524.4349619052373;8.2307964888173046347e-09;
2866857.7905189422891;8.2068147833069815533e-09;
2867191.1460759793408;7.7786088681364162767e-09;
2867524.5016330163926;8.0824102965948441124e-09;
2867857.8571900534444;8.2566185000132463756e-09;
2868191.2127470904961;8.7597999964827977237e-09;
2868524.5683041275479;7.8276833903601072961e-09;
2868857.9238611645997;8.7250295877083772211e-09;
2869191.2794182016514;8.6574223345792233886e-09;
2869524.6349752387032;8.4123996657581301406e-09;
2869857.990532275755;8.1878779312205551832e-09;
2870191.3460893128067;8.4043492165619682055e-09;
2870524.7016463498585;8.2474711504687547858e-09;
2870858.0572033869103;8.5101596880576835247e-09;
2871191.412760423962;8.0619191322739425232e-09;
2871524.7683174610138;8.267373452497395192e-09;
2871858.1238744980656;7.9700352983991251676e-09;
2872191.4794315351173;8.079116931014596048e-09;
2872524.8349885721691;8.0200219798598482157e-09;
2872858.1905456092209;8.2656450572926587483e-09;
2873191.5461026462726;7.9904332039859582437e-09;
2873524.9016596833244;8.4098727981540832843e-09;
2873858.2572167203762;8.2897839703832687519e-09;
2874191.6127737574279;8.532509809811017476e-09;
2874524.9683307944797;8.8839806622331707331e-09;
2874858.3238878315315;8.0368049992785017821e-09;
2875191.6794448685832;8.4669151689809041272e-09;
2875525.035001905635;8.0566238125356903765e-09;
2875858.3905589426868;8.203975276899200253e-09;
2876191.7461159797385;8.0292981152751963236e-09;
2876525.1016730167903;8.1666611251307585917e-09;
2876858.4572300538421;8.2803817136323232262e-09;
2877191.8127870908938;8.5469116228864550067e-09;
2877525.1683441279456;8.4027842461864565848e-09;
2877858.5239011649974;8.4630045193989644758e-09;
2878191.8794582020491;8.6611944283276898204e-09;
2878525.2350152391009;8.4011748668899599579e-09;
2878858.5905722761527;8.4018392243478956516e-09;
2879191.9461293132044;8.5153493145639913564e-09;
2879525.3016863502562;7.6809625326745845086e-09;
2879858.657243387308;8.3130009542742300255e-09;
2880192.0128004243597;7.8520061563835952256e-09;
2880525.3683574614115;8.5114155723431395018e-09;
2880858.7239144984633;8.147273078407124558e-09;
2881192.079471535515;8.4543705369810595585e-09;
2881525.4350285725668;1.0222684920790925389e-08;
2881858.7905856096186;1.3853648894723846752e-08;
2882192.1461426466703;1.4317492968984879553e-08;
2882525.5016996837221;1.2714473918151725229e-08;
2882858.8572567207739;2.0550045221057189337e-08;
2883192.2128137578256;1.4697128847274143482e-08;
2883525.5683707948774;9.6546521888285496971e-09;
2883858.9239278319292;8.8993665769976360025e-09;
2884192.2794848689809;8.59317683676863453e-09;
2884525.6350419060327;8.4291302826500213996e-09;
2884858.9905989430845;7.9110993311815036577e-09;
2885192.3461559801362;8.362317061028079479e-09;
2885525.701713017188;8.2547906288255035179e-09;
2885859.0572700542398;8.1667757001468999078e-09;
2886192.4128270912915;8.1476301261318440083e-09;
2886525.7683841283433;8.0660127466103404004e-09;
2886859.1239411653951;8.3348332680088788038e-09;
2887192.4794982024468;8.1733491086311005347e-09;
2887525.8350552394986;8.4515194842538221565e-09;
2887859.1906122765504;8.2594757699894216785e-09;
2888192.5461693136021;8.2325462003041138814e-09;
2888525.9017263506539;8.3241653570098605996e-09;
2888859.2572833877057;7.9496063065676025872e-09;
2889192.6128404247575;8.4492777219224990404e-09;
2889525.9683974618092;8.6948102051565001602e-09;
2889859.323954498861;8.3024200847603424336e-09;
2890192.6795115359128;8.0856477069346510689e-09;
2890526.0350685729645;8.237436510682982771e-09;
2890859.3906256100163;8.319692490488250769e-09;
2891192.7461826470681;8.0819839709533880523e-09;
2891526.1017396841198;7.8922210988707774959e-09;
2891859.4572967211716;7.9471487168802923406e-09;
2892192.8128537582234;8.1946129881771412329e-09;
2892526.1684107952751;8.5213649470006203046e-09;
2892859.5239678323269;8.27629520472328295e-09;
2893192.8795248693787;8.1134796658943741932e-09;
2893526.2350819064304;7.9344122383417925448e-09;
2893859.5906389434822;8.0296649329625324754e-09;
2894192.946195980534;8.2148492452915888862e-09;
2894526.3017530175857;8.6839566648677646299e-09;
2894859.6573100546375;8.9046841011963806523e-09;
2895193.0128670916893;8.4012929946197800746e-09;
2895526.368424128741;8.3777562664977267559e-09;
2895859.7239811657928;7.8356077182206718135e-09;
2896193.0795382028446;8.3272375661636033328e-09;
2896526.4350952398963;7.9710291700507696078e-09;
2896859.7906522769481;8.1742248525529248582e-09;
2897193.1462093139999;7.9820434706334708608e-09;
2897526.5017663510516;8.3675484319201132166e-09;
2897859.8573233881034;8.832922837598289334e-09;
2898193.2128804251552;7.8214705823143049201e-09;
2898526.5684374622069;8.2819822111446228519e-09;
2898859.9239944992587;8.4326847726856613008e-09;
2899193.2795515363105;7.7953528077046030376e-09;
2899526.6351085733622;8.3443119081039185403e-09;
2899859.990665610414;8.021769026811398362e-09;
2900193.3462226474658;8.5963778317932337814e-09;
2900526.7017796845175;8.3845588250142100151e-09;
2900860.0573367215693;8.3693425523279074696e-09;
2901193.4128937586211;8.5591276288710105291e-09;
2901526.7684507956728;8.1664026652106258553e-09;
2901860.1240078327246;8.3253208771338904626e-09;
2902193.4795648697764;8.14239342616929207e-09;
2902526.8351219068281;8.1462570022949876147e-09;
2902860.1906789438799;7.7634281225869017362e-09;
2903193.5462359809317;8.504197346326236584e-09;
2903526.9017930179834;8.2118187805235720589e-09;
2903860.2573500550352;8.4401099442743543477e-09;
2904193.612907092087;8.508112436800274736e-09;
2904526.9684641291387;8.8027469757889775792e-09;
2904860.3240211661905;7.8936350789149400953e-09;
2905193.6795782032423;7.8641955170155597443e-09;
2905527.035135240294;8.36863645048424587e-09;
2905860.3906922773458;8.3361362257505788875e-09;
2906193.7462493143976;7.6348998234720966138e-09;
2906527.1018063514493;8.2793052413876466744e-09;
2906860.4573633885011;8.2637869880386460864e-09;
2907193.8129204255529;8.8176355106384107785e-09;
2907527.1684774626046;9.0122176388263142144e-09;
2907860.5240344996564;1.3196831183392987441e-08;
2908193.8795915367082;1.635663515742180607e-08;
2908527.2351485737599;1.1329556848238553357e-08;
2908860.5907056108117;9.017966817737033125e-09;
2909193.9462626478635;8.2036581972033673082e-09;
2909527.3018196849152;8.4810274358915194171e-09;
2909860.657376721967;8.2660953637514467118e-09;
2910194.0129337590188;8.2711792970258102287e-09;
2910527.3684907960705;8.4112610210240745801e-09;
2910860.7240478331223;8.3372935222314481507e-09;
2911194.0796048701741;8.232373005512272357e-09;
2911527.4351619072258;8.4689677493088311167e-09;
2911860.7907189442776;8.5799474192072011647e-09;
2912194.1462759813294;8.3963058727931638714e-09;
2912527.5018330183811;7.7781985297065148188e-09;
2912860.8573900554329;8.4514750753328371502e-09;
2913194.2129470924847;8.9246201540049696632e-09;
2913527.5685041295364;7.7633330874959938228e-09;
2913860.9240611665882;8.3798319394645659486e-09;
2914194.27961820364;8.4357667518020207353e-09;
2914527.6351752406918;7.8673316750155208865e-09;
2914860.9907322777435;8.4408515732548039523e-09;
2915194.3462893147953;7.8854993645904869481e-09;
2915527.7018463518471;8.7305798146530833037e-09;
2915861.0574033888988;7.9058617430405320192e-09;
2916194.4129604259506;8.0683086878252652241e-09;
2916527.7685174630024;8.293848274831816525e-09;
2916861.1240745000541;8.8776470619222891401e-09;
2917194.4796315371059;7.7523889530084488797e-09;
2917527.8351885741577;7.8486959154133728589e-09;
2917861.1907456112094;9.0486258486066617479e-09;
2918194.5463026482612;1.0253583759833873046e-08;
2918527.901859685313;1.4131753545143510564e-08;
2918861.2574167223647;1.0830185637189515546e-08;
2919194.6129737594165;9.2003231699777643371e-09;
2919527.9685307964683;8.3942710560336308845e-09;
2919861.32408783352;8.1698461329438032408e-09;
2920194.6796448705718;9.0575005273763053992e-09;
2920528.0352019076236;8.3370297332407972135e-09;
2920861.3907589446753;8.2940090351257822476e-09;
2921194.7463159817271;8.5422433571125111484e-09;
2921528.1018730187789;8.3272224671304684307e-09;
2921861.4574300558306;7.8981017281876120251e-09;
2922194.8129870928824;8.2659061817480505852e-09;
2922528.1685441299342;8.2660660538635966077e-09;
2922861.5241011669859;8.4197475658243092766e-09;
2923194.8796582040377;8.3298710151780142041e-09;
2923528.2352152410895;8.6023295153836443205e-09;
2923861.5907722781412;8.2811242307911925309e-09;
2924194.946329315193;8.4438616099191676767e-09;
2924528.3018863522448;8.2067712625644162472e-09;
2924861.6574433892965;8.1299589282934903167e-09;
2925195.0130004263483;8.3697102581936633214e-09;
2925528.3685574634001;7.8903630296167648339e-09;
2925861.7241145004518;8.2490068109564163024e-09;
2926195.0796715375036;7.7321509195371618262e-09;
2926528.4352285745554;8.3271789463879031246e-09;
2926861.7907856116071;8.0367348331833454722e-09;
2927195.1463426486589;7.9718693868358059262e-09;
2927528.5018996857107;8.0577420291660928342e-09;
2927861.8574567227624;8.7243243740431353217e-09;
2928195.2130137598142;9.3202974227324375533e-09;
2928528.568570796866;8.3100664127755408117e-09;
2928861.9241278339177;8.7284481864458030032e-09;
2929195.2796848709695;8.650793859033001354e-09;
2929528.6352419080213;8.6592626402648420481e-09;
2929861.990798945073;1.0573053543794230791e-08;
2930195.3463559821248;1.3642494245402758679e-08;
2930528.7019130191766;1.2596841791889801243e-08;
2930862.0574700562283;9.5810195333001502149e-09;
2931195.4130270932801;8.7368396961551297863e-09;
2931528.7685841303319;8.2067863615975511493e-09;
2931862.1241411673836;8.6557490064365083526e-09;
2932195.4796982044354;7.7413249144342444197e-09;
2932528.8352552414872;8.1130231421866483288e-09;
2932862.1908122785389;8.0593416384999727597e-09;
2933195.5463693155907;7.9797297658501520345e-09;
2933528.9019263526425;8.6602662818791031896e-09;
2933862.2574833896942;8.2517166433149213844e-09;
2934195.613040426746;8.3017344110203339369e-09;
2934528.9685974637978;7.9675155362224359124e-09;
2934862.3241545008495;8.758107128414849285e-09;
2935195.6797115379013;8.6566007695410007727e-09;
2935529.0352685749531;8.415296015584772249e-09;
2935862.3908256120048;8.3454843036179227056e-09;
2936195.7463826490566;9.3106420351318774919e-09;
2936529.1019396861084;8.4741769157403723511e-09;
2936862.4574967231601;8.1571540633262884512e-09;
2937195.8130537602119;8.3165208053515016218e-09;
2937529.1686107972637;8.2540223544924629095e-09;
2937862.5241678343154;7.9580457779115931771e-09;
2938195.8797248713672;8.2001427870181942126e-09;
2938529.235281908419;8.1451405620214245573e-09;
2938862.5908389454708;8.5038536212778126355e-09;
2939195.9463959825225;8.2647009236325175152e-09;
2939529.3019530195743;8.0570057292561614304e-09;
2939862.6575100566261;8.2931634892702277284e-09;
2940196.0130670936778;7.9838242683649696119e-09;
2940529.3686241307296;8.141492813251716143e-09;
2940862.7241811677814;8.3516296101038278721e-09;
2941196.0797382048331;8.4964764113237833953e-09;
2941529.4352952418849;7.8358697308544833504e-09;
2941862.7908522789367;8.3036164610916785023e-09;
2942196.1464093159884;8.2349185248631329159e-09;
2942529.5019663530402;8.289259945115645678e-09;
2942862.857523390092;7.7794153341415039904e-09;
2943196.2130804271437;8.1482607328098310973e-09;
2943529.5686374641955;8.5180724695987919404e-09;
2943862.9241945012473;8.4909856923331972212e-09;
2944196.279751538299;8.7309324214857042534e-09;
2944529.6353085753508;8.4440996417356473103e-09;
2944862.9908656124026;8.4318259041538112797e-09;
2945196.3464226494543;8.3488718161106589832e-09;
2945529.7019796865061;8.4210487472091699601e-09;
2945863.0575367235579;8.0856903394987966749e-09;
2946196.4130937606096;8.2752773522543066065e-09;
2946529.7686507976614;8.7233438250677863834e-09;
2946863.1242078347132;8.6734521786979712488e-09;
2947196.4797648717649;8.2106073051591010881e-09;
2947529.8353219088167;8.6373699303976536612e-09;
2947863.1908789458685;8.1099313931076721929e-09;
2948196.5464359829202;8.584184030269170762e-09;
2948529.901993019972;8.1434095022814290132e-09;
2948863.2575500570238;8.9902698618971044198e-09;
2949196.6131070940755;8.9063894037622048927e-09;
2949529.9686641311273;9.1944745150840390124e-09;
2949863.3242211681791;9.6092369616940231936e-09;
2950196.6797782052308;1.1236931385383286397e-08;
2950530.0353352422826;1.3477344573686877993e-08;
2950863.3908922793344;1.1406062760954682744e-08;
2951196.7464493163861;9.4391161553630809067e-09;
2951530.1020063534379;9.0576435241018771194e-09;
2951863.4575633904897;9.302287828916178114e-09;
2952196.8131204275414;1.1438188174395236274e-08;
2952530.1686774645932;9.6550252237648237497e-09;
2952863.524234501645;1.2581493180618963379e-08;
2953196.8797915386967;1.6158743676442099968e-08;
2953530.2353485757485;1.1640881147911841254e-08;
2953863.5909056128003;1.232958535268835476e-08;
2954196.946462649852;1.3759178685290862632e-08;
2954530.3020196869038;1.0574483511049947992e-08;
2954863.6575767239556;9.2825844788535505359e-09;
2955197.0131337610073;9.2043324073642907024e-09;
2955530.3686907980591;8.8575982104543982132e-09;
2955863.7242478351109;8.7039948581946191553e-09;
2956197.0798048721626;8.9030258720868005184e-09;
2956530.4353619092144;7.976548310750786186e-09;
2956863.7909189462662;8.6792288911397008633e-09;
2957197.1464759833179;8.5514475500758635462e-09;
2957530.5020330203697;8.4023561441881611245e-09;
2957863.8575900574215;8.6964746515150181949e-09;
2958197.2131470944732;8.7255811465070109989e-09;
2958530.568704131525;8.171769927400873712e-09;
2958863.9242611685768;9.0732825697159569245e-09;
2959197.2798182056285;9.042619097954229801e-09;
2959530.6353752426803;8.7366096579444274539e-09;
2959863.9909322797321;8.0122344314759175177e-09;
2960197.3464893167838;9.2679357521774363704e-09;
2960530.7020463538356;9.1441529903590890171e-09;
2960864.0576033908874;8.5302467311976215569e-09;
2961197.4131604279391;8.4536129207890553516e-09;
2961530.7687174649909;8.6560385526013305935e-09;
2961864.1242745020427;8.06991096169440425e-09;
2962197.4798315390944;8.8575671242097087088e-09;
2962530.8353885761462;8.9117575541308724496e-09;
2962864.190945613198;8.3616118473628375796e-09;
2963197.5465026502497;8.7887324085045293032e-09;
2963530.9020596873015;8.6959710543510482239e-09;
2963864.2576167243533;8.5111020453609853575e-09;
2964197.6131737614051;8.5073050826167673222e-09;
2964530.9687307984568;8.5333340393844991922e-09;
2964864.3242878355086;8.6635836282766831573e-09;
2965197.6798448725604;8.6344416061479023483e-09;
2965531.0354019096121;8.1227069514966387942e-09;
2965864.3909589466639;8.0331217233720053628e-09;
2966197.7465159837157;8.5127620508274048916e-09;
2966531.1020730207674;8.3216651347584047471e-09;
2966864.4576300578192;8.5944140693072768045e-09;
2967197.813187094871;7.9168414046648649673e-09;
2967531.1687441319227;7.9802626729019721097e-09;
2967864.5243011689745;8.422913033712120523e-09;
2968197.8798582060263;9.1606171537250702386e-09;
2968531.235415243078;8.7038420915064307337e-09;
2968864.5909722801298;8.2332114459404692752e-09;
2969197.9465293171816;8.5179081565911474172e-09;
2969531.3020863542333;8.3095113012632282334e-09;
2969864.6576433912851;7.9833473165535906446e-09;
2970198.0132004283369;8.3502502690180335776e-09;
2970531.3687574653886;8.2886337793297570897e-09;
2970864.7243145024404;8.4331146510407961614e-09;
2971198.0798715394922;8.3046520771290488483e-09;
2971531.4354285765439;8.8317433366569275677e-09;
2971864.7909856135957;8.1575697308267081098e-09;
2972198.1465426506475;8.8297111844326536811e-09;
2972531.5020996876992;1.1046354941868230526e-08;
2972864.857656724751;1.0924869897621647397e-08;
2973198.2132137618028;9.086633667720889207e-09;
2973531.5687707988545;8.3774178705198210082e-09;
2973864.9243278359063;7.9695317012351551966e-09;
2974198.2798848729581;8.5457108056630204374e-09;
2974531.6354419100098;8.5905202951153114554e-09;
2974864.9909989470616;8.5627220869355369359e-09;
2975198.3465559841134;8.421197073005259881e-09;
2975531.7021130211651;8.5362579227421520045e-09;
2975865.0576700582169;8.1954336650369441486e-09;
2976198.4132270952687;8.5710443187281271094e-09;
2976531.7687841323204;7.7045037016887363279e-09;
2976865.1243411693722;8.2660225331210313016e-09;
2977198.479898206424;8.0431750149045910803e-09;
2977531.8354552434757;8.1901081472324221977e-09;
2977865.1910122805275;8.3803621819811269233e-09;
2978198.5465693175793;7.8054247509840024577e-09;
2978531.902126354631;7.8056716645846790925e-09;
2978865.2576833916828;8.5365128299486059404e-09;
2979198.6132404287346;8.4176621228948533826e-09;
2979531.9687974657863;8.3354771973631613946e-09;
2979865.3243545028381;8.4449744974790519336e-09;
2980198.6799115398899;9.0940108776749184472e-09;
2980532.0354685769416;8.4222033791547801229e-09;
2980865.3910256139934;8.0467650320770189865e-09;
2981198.7465826510452;8.0768032262312772218e-09;
2981532.1021396880969;8.0074640251837081451e-09;
2981865.4576967251487;7.8412814019657162135e-09;
2982198.8132537622005;8.1520541428403703321e-09;
2982532.1688107992522;8.3108835369216649269e-09;
2982865.524367836304;8.4060323146672999428e-09;
2983198.8799248733558;8.1127238260592093866e-09;
2983532.2354819104075;8.3657116789481733576e-09;
2983865.5910389474593;8.4791356158575581503e-09;
2984198.9465959845111;8.6036742175110703101e-09;
2984532.3021530215628;1.1481390949086289766e-08;
2984865.6577100586146;8.7005549431751205702e-09;
2985199.0132670956664;8.0840001359661073366e-09;
2985532.3688241327181;8.3662996530620148405e-09;
2985865.7243811697699;8.0107005473450954014e-09;
2986199.0799382068217;8.0131350443934934447e-09;
2986532.4354952438734;8.4592439719699541456e-09;
2986865.7910522809252;8.3867242040014389204e-09;
2987199.146609317977;8.2635400744379694515e-09;
2987532.5021663550287;8.3863413991025481664e-09;
2987865.8577233920805;8.1091480197414966824e-09;
2988199.2132804291323;8.0095041710137593327e-09;
2988532.568837466184;8.6743812133249775798e-09;
2988865.9243945032358;8.9230214328495094378e-09;
2989199.2799515402876;8.7483735811133556126e-09;
2989532.6355085773394;1.2456139231176166504e-08;
2989865.9910656143911;1.3299956691525949282e-08;
2990199.3466226514429;9.6241370428629124945e-09;
2990532.7021796884947;8.4930888988310471177e-09;
2990866.0577367255464;8.915547411447732884e-09;
2991199.4132937625982;8.3703417530500701105e-09;
2991532.76885079965;8.1031386045538056351e-09;
2991866.1244078367017;8.301500820095952804e-09;
2992199.4799648737535;9.5256540433297232084e-09;
2992532.8355219108053;8.4451521331629919587e-09;
2992866.191078947857;8.2571842696665953554e-09;
2993199.5466359849088;8.3767410785640095128e-09;
2993532.9021930219606;8.8657863273056136677e-09;
2993866.2577500590123;8.4256956967010410153e-09;
2994199.6133070960641;8.965193032395291084e-09;
2994532.9688641331159;8.5911233682622878405e-09;
2994866.3244211701676;8.3987252708084270125e-09;
2995199.6799782072194;8.2691018477021316357e-09;
2995533.0355352442712;8.4185787230239839118e-09;
2995866.3910922813229;7.9586888190874560678e-09;
2996199.7466493183747;1.0539173089796349814e-08;
2996533.1022063554265;8.5576843389389978256e-09;
2996866.4577633924782;8.2263591494324828091e-09;
2997199.81332042953;8.7141076576813247812e-09;
2997533.1688774665818;8.5556548512499830395e-09;
2997866.5244345036335;8.2489490793591357942e-09;
2998199.8799915406853;8.5010603001478557417e-09;
2998533.2355485777371;8.2738536022475273057e-09;
2998866.5911056147888;8.4422158153074633447e-09;
2999199.9466626518406;8.2811526525006229349e-09;
2999533.3022196888924;9.2221847936002632196e-09;
2999866.6577767259441;1.1394206467230105773e-08;
3000200.0133337629959;1.2296879070561317349e-08;
3000533.3688908000477;9.1624192677386417927e-09;
3000866.7244478370994;9.1328349327568503213e-09;
3001200.0800048741512;8.4166709157784680428e-09;
3001533.435561911203;8.0555482284694335249e-09;
3001866.7911189482547;8.540637530529693322e-09;
3002200.1466759853065;8.1260029816121459589e-09;
3002533.5022330223583;8.4161833058260526741e-09;
3002866.85779005941;8.489807079570255155e-09;
3003200.2133470964618;8.3083584456744574709e-09;
3003533.5689041335136;8.5331697263768546691e-09;
3003866.9244611705653;7.7995441216671679285e-09;
3004200.2800182076171;8.6581524172402168915e-09;
3004533.6355752446689;8.2750162277989147697e-09;
3004866.9911322817206;8.7119795821877232811e-09;
3005200.3466893187724;8.5086204748563432076e-09;
3005533.7022463558242;8.5643918623645731714e-09;
3005867.0578033928759;8.742581769638491096e-09;
3006200.4133604299277;8.5592173348914002418e-09;
3006533.7689174669795;8.6343661109822278377e-09;
3006867.1244745040312;8.3278663964847510215e-09;
3007200.480031541083;8.3679312368190039706e-09;
3007533.8355885781348;8.7634477452525061381e-09;
3007867.1911456151865;8.332139422861928324e-09;
3008200.5467026522383;1.0390431626206009241e-08;
3008533.9022596892901;8.3343794088364120398e-09;
3008867.2578167263418;8.3545348417146669817e-09;
3009200.6133737633936;8.3043456555742523051e-09;
3009533.9689308004454;8.5293629936700199323e-09;
3009867.3244878374971;8.5364382229613511299e-09;
3010200.6800448745489;8.0404207736251009919e-09;
3010534.0356019116007;8.1929432127481049974e-09;
3010867.3911589486524;8.375607762900472153e-09;
3011200.7467159857042;8.320188982224863139e-09;
3011534.102273022756;8.7907698897993213905e-09;
3011867.4578300598077;8.116159300186609471e-09;
3012200.8133870968595;8.4339140116185262741e-09;
3012534.1689441339113;8.1885538349979469785e-09;
3012867.524501170963;8.1319724287709505006e-09;
3013200.8800582080148;7.9000166408604854951e-09;
3013534.2356152450666;7.9974409317173922318e-09;
3013867.5911722821184;8.959966102395355847e-09;
3014200.9467293191701;8.5299172170039128105e-09;
3014534.3022863562219;8.1694304654433835822e-09;
3014867.6578433932737;8.2194544503977340355e-09;
3015201.0134004303254;8.5623153012193142786e-09;
3015534.3689574673772;7.8719910590052677435e-09;
3015867.724514504429;8.3042435150559867907e-09;
3016201.0800715414807;9.9085086802119803906e-09;
3016534.4356285785325;8.2097280085235979641e-09;
3016867.7911856155843;8.0619617648380881292e-09;
3017201.146742652636;8.6558253897806025634e-09;
3017534.5022996896878;8.1561655207451622118e-09;
3017867.8578567267396;8.3891551483361581631e-09;
3018201.2134137637913;8.4939397737571198377e-09;
3018534.5689708008431;8.6937710364054510137e-09;
3018867.9245278378949;9.5338403838240992627e-09;
3019201.2800848749466;9.8049621755080806906e-09;
3019534.6356419119984;9.3341592233286974079e-09;
3019867.9911989490502;8.4638660524660735973e-09;
3020201.3467559861019;7.7873050230437002028e-09;
3020534.7023130231537;7.8712298900995847362e-09;
3020868.0578700602055;8.5889206857814315299e-09;
3021201.4134270972572;8.5449904929646436358e-09;
3021534.768984134309;8.07019429061028859e-09;
3021868.1245411713608;8.2267925805012964702e-09;
3022201.4800982084125;8.4482385531714498939e-09;
3022534.8356552454643;8.2908764298394999059e-09;
3022868.1912122825161;8.1222495396104932297e-09;
3023201.5467693195678;9.7067598403555166442e-09;
3023534.9023263566196;1.0178709430874732789e-08;
3023868.2578833936714;8.9190406171724134765e-09;
3024201.6134404307231;9.0736014257686292694e-09;
3024534.9689974677749;8.6114315678287312039e-09;
3024868.3245545048267;9.2355438852109728032e-09;
3025201.6801115418784;1.5045833023918930849e-08;
3025535.0356685789302;1.1477902184253707674e-08;
3025868.391225615982;9.0448910583518227213e-09;
3026201.7467826530337;8.1885254132885165745e-09;
3026535.1023396900855;8.293862485686531727e-09;
3026868.4578967271373;7.8060962138692957524e-09;
3027201.813453764189;8.4911055964198567381e-09;
3027535.1690108012408;7.7429840317222442536e-09;
3027868.5245678382926;8.3617441859473728982e-09;
3028201.8801248753443;7.7982154067512965412e-09;
3028535.2356819123961;8.6655473907626401342e-09;
3028868.5912389494479;7.9934796559655296733e-09;
3029201.9467959864996;7.4796275839617010206e-09;
3029535.3023530235514;8.1179560851296628243e-09;
3029868.6579100606032;8.1590316725055345159e-09;
3030202.0134670976549;7.9066255764814741269e-09;
3030535.3690241347067;7.9985227330325869843e-09;
3030868.7245811717585;7.8801125624750056886e-09;
3031202.0801382088102;7.8393389557618320396e-09;
3031535.435695245862;7.8066451081326704298e-09;
3031868.7912522829138;8.2204500984062178759e-09;
3032202.1468093199655;8.9622007592993213621e-09;
3032535.5023663570173;8.3271052275790680142e-09;
3032868.8579233940691;8.2481372842835298798e-09;
3033202.2134804311208;8.0539637181686885015e-09;
3033535.5690374681726;8.0301720828401812469e-09;
3033868.9245945052244;8.0399118473906128202e-09;
3034202.2801515422761;8.47998471442679147e-09;
3034535.6357085793279;8.1404483154301487957e-09;
3034868.9912656163797;7.9973707656222359219e-09;
3035202.3468226534314;8.1027256015886450768e-09;
3035535.7023796904832;8.2461237838060696959e-09;
3035869.057936727535;8.2051858640852515236e-09;
3036202.4134937645867;8.3028721675759697973e-09;
3036535.7690508016385;8.3059354949455155293e-09;
3036869.1246078386903;8.3810540729700733209e-09;
3037202.480164875742;1.0401810079940787546e-08;
3037535.8357219127938;1.0714033216174811969e-08;
3037869.1912789498456;9.3432150904959598847e-09;
3038202.5468359868973;8.274812834940803441e-09;
3038535.9023930239491;8.3135267558986924996e-09;
3038869.2579500610009;8.2378850407849313342e-09;
3039202.6135070980527;8.1205522306504462904e-09;
3039535.9690641351044;8.3419369190096404054e-09;
3039869.3246211721562;8.0675581770606186183e-09;
3040202.680178209208;9.3669463296919275308e-09;
3040536.0357352462597;8.4043190184956984012e-09;
3040869.3912922833115;8.0224875631529357634e-09;
3041202.7468493203633;7.8917494761299167294e-09;
3041536.102406357415;7.6388708691865758738e-09;
3041869.4579633944668;8.0183033546177284734e-09;
3042202.8135204315186;8.3577349485608465329e-09;
3042536.1690774685703;8.0640578659085804247e-09;
3042869.5246345056221;8.0878930219796529855e-09;
3043202.8801915426739;7.9248279050148084934e-09;
3043536.2357485797256;8.3621261026678439521e-09;
3043869.5913056167774;7.555112979673594964e-09;
3044202.9468626538292;8.6004101618186723499e-09;
3044536.3024196908809;8.6784508468440435536e-09;
3044869.6579767279327;7.8358004529377467406e-09;
3045203.0135337649845;8.0015301051616916084e-09;
3045536.3690908020362;7.8786452917256610817e-09;
3045869.724647839088;8.1503079840672398859e-09;
3046203.0802048761398;8.4515194842538221565e-09;
3046536.4357619131915;7.9817494835765501193e-09;
3046869.7913189502433;8.192784228810978675e-09;
3047203.1468759872951;7.7411757004597347986e-09;
3047536.5024330243468;8.1890290104524865455e-09;
3047869.8579900613986;8.1314865951753745321e-09;
3048203.2135470984504;8.4386417853465900407e-09;
3048536.5691041355021;8.0155571069440156862e-09;
3048869.9246611725539;7.9769968408527347492e-09;
3049203.2802182096057;7.3409780476652031211e-09;
3049536.6357752466574;7.8855828533619387599e-09;
3049869.9913322837092;7.6810566795870727219e-09;
3050203.346889320761;7.9413844389364385279e-09;
3050536.7024463578127;8.2331972350857540732e-09;
3050870.0580033948645;7.9241457839884787973e-09;
3051203.4135604319163;8.0906916721801280801e-09;
3051536.769117468968;7.6715229724300115777e-09;
3051870.1246745060198;7.9112938422554179851e-09;
3052203.4802315430716;7.9878512693198899797e-09;
3052536.8357885801233;8.4853644111149151286e-09;
3052870.1913456171751;7.8557444993521130527e-09;
3053203.5469026542269;7.482190866880955582e-09;
3053536.9024596912786;8.1600353141197956575e-09;
3053870.2580167283304;7.7498834016864748264e-09;
3054203.6135737653822;7.9300370714463497279e-09;
3054536.9691308024339;7.2987234034371795133e-09;
3054870.3246878394857;8.2584028504584239272e-09;
3055203.6802448765375;7.7786497243437224824e-09;
3055537.0358019135892;8.1513960026313725393e-09;
3055870.391358950641;8.1321873679485179309e-09;
3056203.7469159876928;8.5739060295964009129e-09;
3056537.1024730247445;7.8954940363473724574e-09;
3056870.4580300617963;8.0599651397506022477e-09;
3057203.8135870988481;8.0916873201886119205e-09;
3057537.1691441358998;8.0613524744421738433e-09;
3057870.5247011729516;7.8960207261502546316e-09;
3058203.8802582100034;7.9786790507796467864e-09;
3058537.2358152470551;7.8771922318310316768e-09;
3058870.5913722841069;8.1558937381487339735e-09;
3059203.9469293211587;8.549765340148951509e-09;
3059537.3024863582104;8.2397377809684257954e-09;
3059870.6580433952622;8.0076896225023119769e-09;
3060204.013600432314;8.3121980409828211123e-09;
3060537.3691574693657;1.0047932264001246949e-08;
3060870.7247145064175;1.4643060097796478658e-08;
3061204.0802715434693;1.0212310108670408226e-08;
3061537.435828580521;8.6063653981227616896e-09;
3061870.7913856175728;7.9972304334319233021e-09;
3062204.1469426546246;7.8733464192737301346e-09;
3062537.5024996916763;8.0936493063177294971e-09;
3062870.8580567287281;7.8545721038381088874e-09;
3063204.2136137657799;7.9205557668160508911e-09;
3063537.5691708028316;7.7728303793378472619e-09;
3063870.9247278398834;8.2249576038861960114e-09;
3064204.2802848769352;8.9607059550189660513e-09;
3064537.635841913987;8.6538340937636348826e-09;
3064870.9913989510387;7.7857862379460129887e-09;
3065204.3469559880905;8.4739237848907578154e-09;
3065537.7025130251423;8.4806552891336650646e-09;
3065871.058070062194;8.0173734318123024423e-09;
3066204.4136270992458;8.1368316529051298858e-09;
3066537.7691841362976;8.0880768749125309114e-09;
3066871.1247411733493;8.315104160772079922e-09;
3067204.4802982104011;8.6243909791505757312e-09;
3067537.8358552474529;8.3990210342221871542e-09;
3067871.1914122845046;7.8238340250891269534e-09;
3068204.5469693215564;7.93636356632987372e-09;
3068537.9025263586082;8.0080830855422391323e-09;
3068871.2580833956599;7.6694748329941830889e-09;
3069204.6136404327117;8.0426811877032378106e-09;
3069537.9691974697635;8.8717229118628893048e-09;
3069871.3247545068152;9.5970733582362299785e-09;
3070204.680311543867;9.5836458768872034852e-09;
3070538.0358685809188;8.2065989559509944229e-09;
3070871.3914256179705;8.2609128426724964811e-09;
3071204.7469826550223;8.3602467171317584871e-09;
3071538.1025396920741;7.9785946738297752745e-09;
3071871.4580967291258;8.3553279850434591935e-09;
3072204.8136537661776;8.7602458620494871866e-09;
3072538.1692108032294;8.1817388419835879176e-09;
3072871.5247678402811;7.9711552913863670256e-09;
3073204.8803248773329;7.6167205875776744506e-09;
3073538.2358819143847;7.9784268081084519508e-09;
3073871.5914389514364;8.1778441796132028685e-09;
3074204.9469959884882;7.9493123195106818457e-09;
3074538.30255302554;8.0982003325402729388e-09;
3074871.6581100625917;7.9289641519153519766e-09;
3075205.0136670996435;8.372047943794314051e-09;
3075538.3692241366953;8.1312583333215115999e-09;
3075871.724781173747;8.2526305789087928133e-09;
3076205.0803382107988;7.855192940553479275e-09;
3076538.4358952478506;7.7895485617318627192e-09;
3076871.7914522849023;8.0839575034019617306e-09;
3077205.1470093219541;7.6883601707322668517e-09;
3077538.5025663590059;7.9917388262629174278e-09;
3077871.8581233960576;7.8533854974693895201e-09;
3078205.2136804331094;7.7584108026940157288e-09;
3078538.5692374701612;8.1037079269208334154e-09;
3078871.9247945072129;7.5821038336698620697e-09;
3079205.2803515442647;8.09047850935940005e-09;
3079538.6359085813165;8.1098310289462460787e-09;
3079871.9914656183682;8.2150659608259957167e-09;
3080205.34702265542;8.2172455506679398241e-09;
3080538.7025796924718;8.4030498115339469223e-09;
3080872.0581367295235;7.9645907646863634e-09;
3081205.4136937665753;7.7819439781023902469e-09;
3081538.7692508036271;7.9330604307870089542e-09;
3081872.1248078406788;7.9436306421598601446e-09;
3082205.4803648777306;7.7742781101619584661e-09;
3082538.8359219147824;8.4287448132158715453e-09;
3082872.1914789518341;8.4803870592509156268e-09;
3083205.5470359888859;8.1517397276797964878e-09;
3083538.9025930259377;8.0767046384266905079e-09;
3083872.2581500629894;8.1037079269208334154e-09;
3084205.6137071000412;7.6699189222040331515e-09;
3084538.969264137093;7.778745647613050096e-09;
3084872.3248211741447;8.0440090144406894979e-09;
3085205.6803782111965;7.9119883977796234831e-09;
3085539.0359352482483;8.2752054098023108963e-09;
3085872.3914922853;7.8859843100076432165e-09;
3086205.7470493223518;7.8999748964747595892e-09;
3086539.1026063594036;8.2034272708142452757e-09;
3086872.4581633964553;7.8110486967375436507e-09;
3087205.8137204335071;7.8622477417411573697e-09;
3087539.1692774705589;8.9282421456005067739e-09;
3087872.5248345076106;1.1375226982579533797e-08;
3088205.8803915446624;1.1373648689527726674e-08;
3088539.2359485817142;8.5936600058289513981e-09;
3088872.591505618766;8.2810798218702075246e-09;
3089205.9470626558177;8.2493549768969387515e-09;
3089539.3026196928695;8.1106010796361260873e-09;
3089872.6581767299213;8.5641209679465646332e-09;
3090206.013733766973;7.6717654451385897119e-09;
3090539.3692908040248;7.9786364182155011804e-09;
3090872.7248478410766;7.90033549691315784e-09;
3091206.0804048781283;7.8528890057327771501e-09;
3091539.4359619151801;8.2545881241458118893e-09;
3091872.7915189522319;7.9107103090336750029e-09;
3092206.1470759892836;8.1949149688398392755e-09;
3092539.5026330263354;7.8193549413185792218e-09;
3092872.8581900633872;8.1314439626112289261e-09;
3093206.2137471004389;8.421019437321319856e-09;
3093539.5693041374907;9.1691987336162128486e-09;
3093872.9248611745425;9.8910826196174639335e-09;
3094206.2804182115942;9.3944834134163102135e-09;
3094539.635975248646;8.1266318119332936476e-09;
3094872.9915322856978;8.0359443543898123608e-09;
3095206.3470893227495;8.0427371429436789185e-09;
3095539.7026463598013;8.4918809761802549474e-09;
3095873.0582033968531;8.6960163514504529303e-09;
3096206.4137604339048;1.0318780496731960739e-08;
3096539.7693174709566;1.1830590729289269802e-08;
3096873.1248745080084;9.0357277215957765293e-09;
3097206.4804315450601;8.4711251346902827208e-09;
3097539.8359885821119;7.7666202358273039863e-09;
3097873.1915456191637;8.1784188310507488495e-09;
3098206.5471026562154;8.0642843514056039567e-09;
3098539.9026596932672;8.2564728387524155551e-09;
3098873.258216730319;7.9004331965393248538e-09;
3099206.6137737673707;7.7200841275271159247e-09;
3099539.9693308044225;7.9720514634118444519e-09;
3099873.3248878414743;8.2928579558938508853e-09;
3100206.680444878526;7.4206147893107754498e-09;
3100540.0360019155778;7.8659772029254781955e-09;
3100873.3915589526296;7.8959514482335180219e-09;
3101206.7471159896813;8.171812559965019318e-09;
3101540.1026730267331;8.4096951624701432593e-09;
3101873.4582300637849;8.9594935914760753803e-09;
3102206.8137871008366;1.0141494755089297541e-08;
3102540.1693441378884;9.0423970533493047697e-09;
3102873.5249011749402;7.677050106735805457e-09;
3103206.8804582119919;7.6586630370911734644e-09;
3103540.2360152490437;7.7523623076558578759e-09;
3103873.5915722860955;7.9245916495551682601e-09;
3104206.9471293231472;8.4328926064358711301e-09;
3104540.302686360199;7.8891853050322424679e-09;
3104873.6582433972508;8.2334867812505763141e-09;
3105207.0138004343025;7.9521198514953539416e-09;
3105540.3693574713543;8.004257701088590693e-09;
3105873.7249145084061;8.0536946001075193635e-09;
3106207.0804715454578;7.7462223302404709102e-09;
3106540.4360285825096;8.6076354932629328687e-09;
3106873.7915856195614;8.356061620418131497e-09;
3107207.1471426566131;7.7369746165345532063e-09;
3107540.5026996936649;8.1123676665129096364e-09;
3107873.8582567307167;7.8537576442272438726e-09;
3108207.2138137677684;7.7546227217339946947e-09;
3108540.5693708048202;8.2592004346793146397e-09;
3108873.924927841872;8.1726456713226980355e-09;
3109207.2804848789237;8.2096267561837521498e-09;
3109540.6360419159755;7.8862889552056003595e-09;
3109873.9915989530273;8.0066486773944234301e-09;
3110207.347155990079;8.1497635306959637091e-09;
3110540.7027130271308;8.2224289599253097549e-09;
3110874.0582700641826;8.0713284944522456499e-09;
3111207.4138271012343;8.6853146896714861214e-09;
3111540.7693841382861;8.2626980812960937328e-09;
3111874.1249411753379;7.7600335046668078576e-09;
3112207.4804982123896;8.4870190875108164619e-09;
3112540.8360552494414;8.4457019156047863362e-09;
3112874.1916122864932;7.8594855068558899802e-09;
3113207.5471693235449;7.9534050456686600228e-09;
3113540.9027263605967;8.2801348000316465914e-09;
3113874.2582833976485;7.8655633117818979372e-09;
3114207.6138404347003;8.5760447632310388144e-09;
3114540.969397471752;8.3119351401705898752e-09;
3114874.3249545088038;7.7792785546648701711e-09;
3115207.6805115458556;8.2720950089765210578e-09;
3115541.0360685829073;7.9272783892747611389e-09;
3115874.3916256199591;7.7890698335636443517e-09;
3116207.7471826570109;8.17863465840673598e-09;
3116541.1027396940626;8.4355145091308258998e-09;
3116874.4582967311144;7.9866300239928023075e-09;
3117207.8138537681662;8.1944255825305845065e-09;
3117541.1694108052179;8.3365607750351955474e-09;
3117874.5249678422697;7.6566859519289209857e-09;
3118207.8805248793215;8.7810620996719990217e-09;
3118541.2360819163732;8.3363849157080949226e-09;
3118874.591638953425;8.3472002643247833475e-09;
3119207.9471959904768;8.1805602292206458515e-09;
3119541.3027530275285;7.8945641135419464263e-09;
3119874.6583100645803;8.1298159315679185966e-09;
3120208.0138671016321;8.702985887509839813e-09;
3120541.3694241386838;8.2209989926695925533e-09;
3120874.7249811757356;7.9495219296177310753e-09;
3121208.0805382127874;8.2883131469202453445e-09;
3121541.4360952498391;8.1891293746139126597e-09;
3121874.7916522868909;7.8711615003612678265e-09;
3122208.1472093239427;8.2311437665794073837e-09;
3122541.5027663609944;8.5279241446301057294e-09;
3122874.8583233980462;8.0997368812063541554e-09;
3123208.213880435098;8.1274311725110237603e-09;
3123541.5694374721497;7.985002881127911678e-09;
3123874.9249945092015;8.2870759143816030701e-09;
3124208.2805515462533;8.1053874723124863522e-09;
3124541.636108583305;7.9127806529299959948e-09;
3124874.9916656203568;7.7074142623700936383e-09;
3125208.3472226574086;7.948335323249011708e-09;
3125541.7027796944603;8.397693207484735467e-09;
3125875.0583367315121;8.6261788823094320833e-09;
3126208.4138937685639;8.669978512898524059e-09;
3126541.7694508056156;8.2896969288981381396e-09;
3126875.1250078426674;8.0099686883272624982e-09;
3127208.4805648797192;8.0077597885974682868e-09;
3127541.8361219167709;8.0231217225446016528e-09;
3127875.1916789538227;8.09040745508582404e-09;
3128208.5472359908745;8.8150651222917986161e-09;
3128541.9027930279262;7.6811508264995609352e-09;
3128875.258350064978;8.8889606786324293353e-09;
3129208.6139071020298;8.0204163310781950713e-09;
3129541.9694641390815;7.9334085967275314033e-09;
3129875.3250211761333;7.962002612771357235e-09;
3130208.6805782131851;8.148116847905839677e-09;
3130542.0361352502368;8.0935356194800078811e-09;
3130875.3916922872886;8.240997217967560573e-09;
3131208.7472493243404;8.2147479929517430719e-09;
3131542.1028063613921;8.3195601519037154503e-09;
3131875.4583633984439;9.3676870704939574352e-09;
3132208.8139204354957;1.0377170234221466671e-08;
3132542.1694774725474;8.8755571781007347454e-09;
3132875.5250345095992;8.5021802931350975996e-09;
3133208.880591546651;7.9915141171227332961e-09;
3133542.2361485837027;8.10104605619699214e-09;
3133875.5917056207545;8.3093212310814124066e-09;
3134208.9472626578063;8.3069862100160207774e-09;
3134542.302819694858;7.843320659617347701e-09;
3134875.6583767319098;7.8021482607937286957e-09;
3135209.0139337689616;7.9451103474070805532e-09;
3135542.3694908060133;8.0882331943143981334e-09;
3135875.7250478430651;8.1456557055048506299e-09;
3136209.0806048801169;7.7547595012106285139e-09;
3136542.4361619171686;7.859264350429384649e-09;
3136875.7917189542204;8.4441138525903625123e-09;
3137209.1472759912722;8.1873894330897201144e-09;
3137542.5028330283239;7.7128188280539689003e-09;
3137875.8583900653757;7.9608000191910832655e-09;
3138209.2139471024275;7.914462862856908032e-09;
3138542.5695041394792;8.0603186347616428975e-09;
3138875.925061176531;7.7059247871602565283e-09;
3139209.2806182135828;8.2302911152964952635e-09;
3139542.6361752506346;8.8541600717917390284e-09;
3139875.9917322876863;9.7930321629746686085e-09;
3140209.3472893247381;8.4389384369387698825e-09;
3140542.7028463617899;8.2621749442068903591e-09;
3140876.0584033988416;7.9979747269476320071e-09;
3141209.4139604358934;8.2396365286285799812e-09;
3141542.7695174729452;8.418253649722373666e-09;
3141876.1250745099969;8.2429227887814704445e-09;
3142209.4806315470487;8.0253776957306399709e-09;
3142542.8361885841005;8.047599031613117404e-09;
3142876.1917456211522;7.7975848000733094523e-09;
3143209.547302658204;8.4847533443621614424e-09;
3143542.9028596952558;8.1314155409017985221e-09;
3143876.2584167323075;7.5353892015073142829e-09;
3144209.6139737693593;7.9449291590094617277e-09;
3144542.9695308064111;8.2950721846941632975e-09;
3144876.3250878434628;7.7076043325519094651e-09;
3145209.6806448805146;8.2212299190587145858e-09;
3145543.0362019175664;8.0564541704575276526e-09;
3145876.3917589546181;8.069925172549119452e-09;
3146209.7473159916699;8.3573388209856602771e-09;
3146543.1028730287217;7.7568440559616647079e-09;
3146876.4584300657734;7.6681674343603845045e-09;
3147209.8139871028252;8.027662090626108693e-09;
3147543.169544139877;8.1924680372935654304e-09;
3147876.5251011769287;8.2005024992781727633e-09;
3148209.8806582139805;8.4022380164583410078e-09;
3148543.2362152510323;8.5051530263058339187e-09;
3148876.591772288084;8.350969693537990679e-09;
3149209.9473293251358;8.20622414465788097e-09;
3149543.3028863621876;8.0596107565611418977e-09;
3149876.6584433992393;7.8694739613638375886e-09;
3150210.0140004362911;8.0595254914328506857e-09;
3150543.3695574733429;7.8831448035998619162e-09;
3150876.7251145103946;7.8909589973363836179e-09;
3151210.0806715474464;7.6570625395788738388e-09;
3151543.4362285844982;8.1691000630712551356e-09;
3151876.7917856215499;8.069017454204185924e-09;
3152210.1473426586017;8.2905851073178382649e-09;
3152543.5028996956535;8.1648678929013840389e-09;
3152876.8584567327052;7.8032176276110476465e-09;
3153210.214013769757;8.4745046535772416973e-09;
3153543.5695708068088;8.3317583943198769703e-09;
3153876.9251278438605;7.9070563430150286877e-09;
3154210.2806848809123;8.3144469087415018294e-09;
3154543.6362419179641;8.141492813251716143e-09;
3154876.9917989550158;8.4569107272614019166e-09;
3155210.3473559920676;8.0643127731150343607e-09;
3155543.7029130291194;8.0283530934366353904e-09;
3155877.0584700661711;9.3629815012263861718e-09;
3156210.4140271032229;1.1146844336451522395e-08;
3156543.7695841402747;1.4642211887405665038e-08;
3156877.1251411773264;1.2837150009659126226e-08;
3157210.4806982143782;9.3050172011999165989e-09;
3157543.83625525143;8.8586098456744366558e-09;
3157877.1918122884817;8.405884877049629722e-09;
3158210.5473693255335;7.8865527441962512967e-09;
3158543.9029263625853;8.6510825170194038947e-09;
3158877.258483399637;8.5102200841902231332e-09;
3159210.6140404366888;8.1805744400753610535e-09;
3159543.9695974737406;7.7589286107127009018e-09;
3159877.3251545107923;7.7668245168638350151e-09;
3160210.6807115478441;8.4303737324376015749e-09;
3160544.0362685848959;8.3699447372964641545e-09;
3160877.3918256219476;8.2759026298617754946e-09;
3161210.7473826589994;8.9031821914886677405e-09;
3161544.1029396960512;7.8235595779574396147e-09;
3161877.4584967331029;8.2416917734917660709e-09;
3162210.8140537701547;8.4630045193989644758e-09;
3162544.1696108072065;8.0312165806617485941e-09;
3162877.5251678442582;8.483665325798028789e-09;
3163210.88072488131;8.5601348231989504711e-09;
3163544.2362819183618;8.8801739295263359963e-09;
3163877.5918389554136;8.5225630996887957735e-09;
3164210.9473959924653;1.074645528120754534e-08;
3164544.3029530295171;9.0710354783141156076e-09;
3164877.6585100665689;8.6617575334457796998e-09;
3165211.0140671036206;8.5410283290343613771e-09;
3165544.3696241406724;8.4673912326138633944e-09;
3165877.7251811777242;8.9961780247449496528e-09;
3166211.0807382147759;8.535403495102400484e-09;
3166544.4362952518277;1.1195139926201136404e-08;
3166877.7918522888795;1.1569770030916970427e-08;
3167211.1474093259312;1.0292149354995672184e-08;
3167544.502966362983;1.043616482121478839e-08;
3167877.8585234000348;9.7032639700955769513e-09;
3168211.2140804370865;9.9179651158465276239e-09;
3168544.5696374741383;8.0824529291589897184e-09;
3168877.9251945111901;9.3024672409569575393e-09;
3169211.2807515482418;8.2884445973263609631e-09;
3169544.6363085852936;8.0385849088315808331e-09;
3169877.9918656223454;8.2723703442866280966e-09;
3170211.3474226593971;8.7813241123058105586e-09;
3170544.7029796964489;8.1653119821112341015e-09;
3170878.0585367335007;8.6447471403516829014e-09;
3171211.4140937705524;8.2177793458981795993e-09;
3171544.7696508076042;8.7671434556568783592e-09;
3171878.125207844656;8.2605211559894087259e-09;
3172211.4807648817077;1.591130960321152088e-08;
3172544.8363219187595;9.5002850031278285314e-09;
3172878.1918789558113;9.3928829159040105878e-09;
3173211.547435992863;8.9724565555115987081e-09;
3173544.9029930299148;8.7404012916181272885e-09;
3173878.2585500669666;9.0524094886745842814e-09;
3174211.6141071040183;8.6429405854460128467e-09;
3174544.9696641410701;8.4925524390655482421e-09;
3174878.3252211781219;8.8561824540533962136e-09;
3175211.6807782151736;8.7803062598368342151e-09;
3175545.0363352522254;8.7338927201585647708e-09;
3175878.3918922892772;8.3484028579050573171e-09;
3176211.7474493263289;1.1044122949499524111e-08;
3176545.1030063633807;9.2443901422711860505e-09;
3176878.4585634004325;9.1855305583976587513e-09;
3177211.8141204374842;8.7787022096108557889e-09;
3177545.169677474536;8.8470697434672729287e-09;
3177878.5252345115878;9.2194794021338566381e-09;
3178211.8807915486395;9.2829264275451350841e-09;
3178545.2363485856913;8.9957516991034935927e-09;
3178878.5919056227431;9.1916483313525532139e-09;
3179211.9474626597948;8.9879481635080082924e-09;
3179545.3030196968466;8.5082616507747843571e-09;
3179878.6585767338984;9.0228793325763945177e-09;
3180212.0141337709501;1.0843683284633698349e-08;
3180545.3696908080019;8.8419422894503441057e-09;
3180878.7252478450537;8.8181009161303336441e-09;
3181212.0808048821054;9.0121385909469609032e-09;
3181545.4363619191572;8.7806144577484701585e-09;
3181878.791918956209;1.0609446654541443422e-08;
3182212.1474759932607;8.6394189580119018501e-09;
3182545.5030330303125;8.745361768092152488e-09;
3182878.8585900673643;9.0640579486489514238e-09;
3183212.214147104416;8.4475715311782550998e-09;
3183545.5697041414678;8.5957427842231481918e-09;
3183878.9252611785196;8.3596294331300669e-09;
3184212.2808182155713;1.1043812975231048767e-08;
3184545.6363752526231;8.3966602559826242214e-09;
3184878.9919322896749;7.9754274295851246279e-09;
3185212.3474893267266;8.3747249135512902285e-09;
3185545.7030463637784;9.2145251429087693396e-09;
3185879.0586034008302;9.2750376268213585718e-09;
3186212.4141604378819;8.6536209309429068526e-09;
3186545.7697174749337;8.9421030580183469283e-09;
3186879.1252745119855;8.9870484387688520656e-09;
3187212.4808315490372;8.6554301503838360077e-09;
3187545.836388586089;8.802390816242677829e-09;
3187879.1919456231408;8.8216332017054810422e-09;
3188212.5475026601925;8.9459675223224621732e-09;
3188545.9030596972443;8.372827764446810761e-09;
3188879.2586167342961;9.2355438852109728032e-09;
3189212.6141737713479;8.717170096872450813e-09;
3189545.9697308083996;8.6243909791505757312e-09;
3189879.3252878454514;1.1770472596595027426e-08;
3190212.6808448825032;8.4079667672654068156e-09;
3190546.0364019195549;8.6357010431470371259e-09;
3190879.3919589566067;7.9397386443247341958e-09;
3191212.7475159936585;8.6274516419848623627e-09;
3191546.1030730307102;8.3644033921359550732e-09;
3191879.458630067762;8.5001348182345282112e-09;
3192212.8141871048138;9.6312913200335970032e-09;
3192546.1697441418655;8.2380005039794923505e-09;
3192879.5253011789173;8.1638065196898423892e-09;
3193212.8808582159691;8.2955677882523559674e-09;
3193546.2364152530208;9.1362206688927471987e-09;
3193879.5919722900726;8.6175155900036770618e-09;
3194212.9475293271244;8.5102351832233580353e-09;
3194546.3030863641761;8.7379756763539262465e-09;
3194879.6586434012279;8.4557969515230979596e-09;
3195213.0142004382797;8.1862241430030735501e-09;
3195546.3697574753314;8.6022842182842396141e-09;
3195879.7253145123832;8.3143003593022513087e-09;
3196213.080871549435;7.9262063579221830878e-09;
3196546.4364285864867;8.030130338454455341e-09;
3196879.7919856235385;8.6102369678542345355e-09;
3197213.1475426605903;8.1834636844746455608e-09;
3197546.503099697642;8.5447950937123096082e-09;
3197879.8586567346938;8.1764657267058282741e-09;
3198213.2142137717456;7.9934521224345189694e-09;
3198546.5697708087973;8.1826581066479775473e-09;
3198879.9253278458491;8.1240196792009555793e-09;
3199213.2808848829009;8.2516589117176408763e-09;
3199546.6364419199526;8.0757676101939068758e-09;
3199879.9919989570044;8.0921420675394983846e-09;
3200213.3475559940562;9.304968351386833092e-09;
3200546.7031130311079;7.8023401073323839228e-09;
3200880.0586700681597;7.8995583407959202304e-09;
3201213.4142271052115;7.9976940625670067675e-09;
3201546.7697841422632;8.2223712283280292468e-09;
3201880.125341179315;7.839711102519686392e-09;
3202213.4808982163668;8.2619866503819139325e-09;
3202546.8364552534185;8.1731910128723939124e-09;
3202880.1920122904703;9.2294296649697571411e-09;
3203213.5475693275221;1.0938658867587491841e-08;
3203546.9031263645738;9.1085130549117820919e-09;
3203880.2586834016256;8.7577225471591191308e-09;
3204213.6142404386774;8.5740108346499255276e-09;
3204546.9697974757291;8.3957312213556178904e-09;
3204880.3253545127809;8.0473023800209375622e-09;
3205213.6809115498327;8.2346440777314455772e-09;
3205547.0364685868844;7.7388229158259491669e-09;
3205880.3920256239362;8.2263591494324828091e-09;
3206213.747582660988;7.828398373987965897e-09;
3206547.1031396980397;8.7191152076115940872e-09;
3206880.4586967350915;8.3475075740579995909e-09;
3207213.8142537721433;8.1247470973266899819e-09;
3207547.169810809195;8.0864719365081327851e-09;
3207880.5253678462468;8.4536875277763101622e-09;
3208213.8809248832986;8.546311214274737722e-09;
3208547.2364819203503;8.5715257114316045772e-09;
3208880.5920389574021;8.2994011663117817079e-09;
3209213.9475959944539;1.2029328644302950124e-08;
3209547.3031530315056;1.4857507224519395095e-08;
3209880.6587100685574;1.1408106459498412733e-08;
3210214.0142671056092;9.233840359001987963e-09;
3210547.3698241426609;8.397693207484735467e-09;
3210880.7253811797127;8.4707085790114433621e-09;
3211214.0809382167645;8.1189259759639753611e-09;
3211547.4364952538162;7.9664381757993396604e-09;
3211880.792052290868;8.1493487513739637507e-09;
3212214.1476093279198;8.1818107844355836278e-09;
3212547.5031663649715;8.1150899333692905202e-09;
3212880.8587234020233;8.1816233787890269014e-09;
3213214.2142804390751;8.2692466207845427562e-09;
3213547.5698374761268;7.8780777457154727017e-09;
3213880.9253945131786;7.8992394847432478855e-09;
3214214.2809515502304;8.0008559777411392133e-09;
3214547.6365085872822;8.0502005062044190709e-09;
3214880.9920656243339;8.260564676731974032e-09;
3215214.3476226613857;7.9512822992455767235e-09;
3215547.7031796984375;7.8960900040669912414e-09;
3215881.0587367354892;8.3064319866821278993e-09;
3216214.414293772541;8.6984455194283327728e-09;
3216547.7698508095928;8.0236155497459549224e-09;
3216881.1254078466445;7.8804314185276780336e-09;
3217214.4809648836963;7.975399896054113924e-09;
3217547.8365219207481;8.3159656938391890435e-09;
3217881.1920789577998;7.8626340993537269242e-09;
3218214.5476359948516;8.3123730121315020369e-09;
3218547.9031930319034;8.0896827014953487378e-09;
3218881.2587500689551;7.7088087024890228349e-09;
3219214.6143071060069;7.7893567151932074921e-09;
3219547.9698641430587;7.937591028905899293e-09;
3219881.3254211801104;8.0444326755468864576e-09;
3220214.6809782171622;8.4544149459020445647e-09;
3220548.036535254214;7.5784951647506204608e-09;
3220881.3920922912657;7.9397945995651753037e-09;
3221214.7476493283175;8.116116667622463865e-09;
3221548.1032063653693;7.8402617731399004697e-09;
3221881.458763402421;7.9859852064601000166e-09;
3222214.8143204394728;8.6627469642053256393e-09;
3222548.1698774765246;8.0445179406751776696e-09;
3222881.5254345135763;7.9974267208626770298e-09;
3223214.8809915506281;8.128131057105747459e-09;
3223548.2365485876799;7.8693913607708054769e-09;
3223881.5921056247316;8.1491045023085462162e-09;
3224214.9476626617834;8.3131030947924955399e-09;
3224548.3032196988352;7.9527628926712168322e-09;
3224881.6587767358869;8.2630462472366161819e-09;
3225215.0143337729387;8.6286036093952134252e-09;
3225548.3698908099905;8.295451436879375251e-09;
3225881.7254478470422;8.1291302578279100999e-09;
3226215.081004884094;8.1143065600031150097e-09;
3226548.4365619211458;8.0205291297374969872e-09;
3226881.7921189581975;8.3896125602223037276e-09;
3227215.1476759952493;8.1419502251378617075e-09;
3227548.5032330323011;7.6929804748715469032e-09;
3227881.8587900693528;7.8381967583140976785e-09;
3228215.2143471064046;8.2549505009410495404e-09;
3228548.5699041434564;8.1233197946062318806e-09;
3228881.9254611805081;7.7948190124743632623e-09;
3229215.2810182175599;7.7549362487161488389e-09;
3229548.6365752546117;7.9824360454949783161e-09;
3229881.9921322916634;8.0801241253425359901e-09;
3230215.3476893287152;7.9382180828702075814e-09;
3230548.703246365767;8.5622859913314641744e-09;
3230882.0588034028187;8.0659425805151840905e-09;
3231215.4143604398705;8.8498213202115039167e-09;
3231548.7699174769223;8.4888824858353473246e-09;
3231882.125474513974;8.365976356117243995e-09;
3232215.4810315510258;8.584184030269170762e-09;
3232548.8365885880776;7.8751440923952031881e-09;
3232882.1921456251293;8.1696880371850966185e-09;
3233215.5477026621811;8.0940614211044703552e-09;
3233548.9032596992329;8.3535809380919090472e-09;
3233882.2588167362846;8.662503603318327805e-09;
3234215.6143737733364;1.2215621403299792291e-08;
3234548.9699308103882;1.4595035402464873187e-08;
3234882.3254878474399;1.13596509976332527e-08;
3235215.6810448844917;8.2811091317580576288e-09;
3235549.0366019215435;8.4862437077504182525e-09;
3235882.3921589585952;7.8151112248292520235e-09;
3236215.747715995647;8.6678468846912437584e-09;
3236549.1032730326988;8.1046476196888761478e-09;
3236882.4588300697505;7.8690183258345314243e-09;
3237215.8143871068023;8.5134050920032677823e-09;
3237549.1699441438541;8.1446822619568592927e-09;
3237882.5255011809058;7.9332131974751973758e-09;
3238215.8810582179576;8.6919689223918794596e-09;
3238549.2366152550094;8.4494855556727088697e-09;
3238882.5921722920612;1.1544675437846763089e-08;
3239215.9477293291129;8.8413836252243527269e-09;
3239549.3032863661647;7.9981008482832294249e-09;
3239882.6588434032165;8.0544868552578918752e-09;
3240216.0144004402682;8.2998683481605439738e-09;
3240549.36995747732;8.0976878535921059665e-09;
3240882.7255145143718;7.536885782144508994e-09;
3241216.0810715514235;7.7356556715812985203e-09;
3241549.4366285884753;8.1398336959637163091e-09;
3241882.7921856255271;7.5599055904262968397e-09;
3242216.1477426625788;8.2571691706334604532e-09;
3242549.5032996996306;8.1440099108931462979e-09;
3242882.8588567366824;7.7239779017190812738e-09;
3243216.2144137737341;8.3051627797203764203e-09;
3243549.5699708107859;7.692291248417859606e-09;
3243882.9255278478377;7.709256344412551698e-09;
3244216.2810848848894;7.5937141019721821067e-09;
3244549.6366419219412;7.9577517908546724357e-09;
3244882.992198958993;8.1904820703471159504e-09;
3245216.3477559960447;8.2045374938388704322e-09;
3245549.7033130330965;7.9403381647580317804e-09;
3245883.0588700701483;7.815001090705209208e-09;
3246216.4144271072;8.2314617344536600285e-09;
3246549.7699841442518;8.0364097598817352264e-09;
3246883.1255411813036;7.8620541188456627424e-09;
3247216.4810982183553;7.965612169869018544e-09;
3247549.8366552554071;7.6898594159047206631e-09;
3247883.1922122924589;8.0395308188485614664e-09;
3248216.5477693295106;8.1636342130764205649e-09;
3248549.9033263665624;7.7196640191345977655e-09;
3248883.2588834036142;7.4429791219188246032e-09;
3249216.6144404406659;7.8829645033806627907e-09;
3249549.9699974777177;8.1591604583763910341e-09;
3249883.3255545147695;7.840426974325964693e-09;
3250216.6811115518212;8.1681381658427199e-09;
3250550.036668588873;8.1434947674097202253e-09;
3250883.3922256259248;7.7731581171747166081e-09;
3251216.7477826629765;8.1554780706483143149e-09;
3251550.1033397000283;7.8280963933252678544e-09;
3251883.4588967370801;7.3510957321332170977e-09;
3252216.8144537741318;7.6518853475704418088e-09;
3252550.1700108111836;8.1926554429401221569e-09;
3252883.5255678482354;8.5013738271300098859e-09;
3253216.8811248852871;7.5406463295735193242e-09;
3253550.2366819223389;8.1753306346854515141e-09;
3253883.5922389593907;8.3682687446184900182e-09;
3254216.9477959964424;7.9391524465677321132e-09;
3254550.3033530334942;7.908959709368446056e-09;
3254883.658910070546;8.5497502411158166069e-09;
3255217.0144671075977;7.5673201038739534852e-09;
3255550.3700241446495;7.5495805162972828839e-09;
3255883.7255811817013;7.8869959452276816592e-09;
3256217.081138218753;7.6913186930482879688e-09;
3256550.4366952558048;7.617737551868231094e-09;
3256883.7922522928566;7.7205859483342464955e-09;
3257217.1478093299083;8.0262090307314792881e-09;
3257550.5033663669601;7.844505489629227668e-09;
3257883.8589234040119;7.7112609631058148807e-09;
3258217.2144804410636;7.7605921688927992363e-09;
3258550.5700374781154;7.7384969543459192209e-09;
3258883.9255945151672;7.862661632884737628e-09;
3259217.2811515522189;7.8699997629883000627e-09;
3259550.6367085892707;7.8975190831442887429e-09;
3259883.9922656263225;8.1828455122945342737e-09;
3260217.3478226633742;7.5756867445875286649e-09;
3260550.703379700426;7.9502759930960564816e-09;
3260884.0589367374778;7.8344246645656312467e-09;
3261217.4144937745295;7.9272783892747611389e-09;
3261550.7700508115813;7.4855428522369038546e-09;
3261884.1256078486331;8.2361193420865674852e-09;
3262217.4811648856848;7.6602777454581882921e-09;
3262550.8367219227366;8.1268600737871565798e-09;
3262884.1922789597884;7.7883033355874431436e-09;
3263217.5478359968401;7.4010868544860386464e-09;
3263550.9033930338919;8.1456414946501354279e-09;
3263884.2589500709437;8.1618845015896113182e-09;
3264217.6145071079955;7.6297643758493904897e-09;
3264550.9700641450472;7.9688033949310010939e-09;
3264884.325621182099;8.4945064315888885176e-09;
3265217.6811782191508;7.8731803299092462112e-09;
3265551.0367352562025;7.4389010507047714782e-09;
3265884.3922922932543;8.1632753889948617143e-09;
3266217.7478493303061;7.8308470818910791422e-09;
3266551.1034063673578;7.7504145323814555013e-09;
3266884.4589634044096;7.9015576304186652123e-09;
3267217.8145204414614;7.9519661966287458199e-09;
3267551.1700774785131;7.6080812760892513325e-09;
3267884.5256345155649;8.1498354731479594193e-09;
3268217.8811915526167;7.1780901222950888041e-09;
3268551.2367485896684;8.0360429421943990747e-09;
3268884.5923056267202;8.2933970801946088613e-09;
3269217.947862663772;8.1151476649665710283e-09;
3269551.3034197008237;7.9723179169377544895e-09;
3269884.6589767378755;7.5447408320883369015e-09;
3270218.0145337749273;8.2309412618997157551e-09;
3270551.370090811979;8.0990822937110351631e-09;
3270884.7256478490308;7.7296649081404211756e-09;
3271218.0812048860826;7.7588335756217929884e-09;
3271551.4367619231343;7.6203070520364235563e-09;
3271884.7923189601861;7.7965713884964316094e-09;
3272218.1478759972379;7.7710966550625926175e-09;
3272551.5034330342896;8.1179987176938084303e-09;
3272884.8589900713414;7.8770954203832843632e-09;
3273218.2145471083932;8.2033553283622495655e-09;
3273551.5701041454449;7.677738445011073054e-09;
3273884.9256611824967;7.7127779718466626946e-09;
3274218.2812182195485;8.8805478526410297491e-09;
3274551.6367752566002;1.000035076970107184e-08;
3274884.992332293652;8.2868139017477915331e-09;
3275218.3478893307038;7.7067374704142821429e-09;
3275551.7034463677555;7.9479862691300695587e-09;
3275885.0590034048073;7.9030568755911190237e-09;
3276218.4145604418591;7.9634432381681108382e-09;
3276551.7701174789108;8.1853901434669751325e-09;
3276885.1256745159626;7.9670119390584659413e-09;
3277218.4812315530144;8.2922024802201121929e-09;
3277551.8367885900661;8.2375812837653938914e-09;
3277885.1923456271179;8.3275590867515347782e-09;
3278218.5479026641697;7.9942523711906687822e-09;
3278551.9034597012214;7.9308311029535616399e-09;
3278885.2590167382732;8.3377473814039149147e-09;
3279218.614573775325;7.946087343668750691e-09;
3279551.9701308123767;8.4350997298088259413e-09;
3279885.3256878494285;7.8665713942882575793e-09;
3280218.6812448864803;8.0881621400408221234e-09;
3280552.036801923532;8.4578761772036159527e-09;
3280885.3923589605838;8.2799749279161005688e-09;
3281218.7479159976356;7.8893096500110004854e-09;
3281552.1034730346873;7.8486133148203407472e-09;
3281885.4590300717391;7.9196089686206505576e-09;
3282218.8145871087909;8.1571691623594233533e-09;
3282552.1701441458426;8.1099029713982417888e-09;
3282885.5257011828944;7.8659638802491826937e-09;
3283218.8812582199462;8.1701623244612164854e-09;
3283552.2368152569979;7.9900823735101766943e-09;
3283885.5923722940497;7.8690600702202573302e-09;
3284218.9479293311015;8.055463851519562013e-09;
3284552.3034863681532;7.9079036652274226071e-09;
3284885.659043405205;7.9655846363380078401e-09;
3285219.0146004422568;7.5963955126212567848e-09;
3285552.3701574793085;7.9843012201763485791e-09;
3285885.7257145163603;8.1381745786757164751e-09;
3286219.0812715534121;7.6900761314391274936e-09;
3286552.4368285904638;8.2467899176208447898e-09;
3286885.7923856275156;8.0319786377458513016e-09;
3287219.1479426645674;8.0272810620840573392e-09;
3287552.5034997016191;8.6893887640826505958e-09;
3287885.8590567386709;7.7018382782512162521e-09;
3288219.2146137757227;8.1954762976010897546e-09;
3288552.5701708127744;7.4206671918375377572e-09;
3288885.9257278498262;7.6957924477483174996e-09;
3289219.281284886878;7.8776904999244834471e-09;
3289552.6368419239298;7.6876043308971020451e-09;
3289885.9923989609815;7.9664381757993396604e-09;
3290219.3479559980333;7.9930870811040222179e-09;
3290552.7035130350851;8.0115585276985257224e-09;
3290886.0590700721368;7.6526376346919278149e-09;
3291219.4146271091886;7.8756423604886549583e-09;
3291552.7701841462404;7.8568627159825155104e-09;
3291886.1257411832921;7.8853474860807182267e-09;
3292219.4812982203439;8.4575946246445710131e-09;
3292552.8368552573957;8.6278157951369394141e-09;
3292886.1924122944474;7.9016126974806866201e-09;
3293219.5479693314992;7.9781319328731115093e-09;
3293552.903526368551;8.6600229209921053553e-09;
3293886.2590834056027;1.0106121273167900654e-08;
3294219.6146404426545;9.0218490456095423724e-09;
3294552.9701974797063;8.3001161499396403087e-09;
3294886.325754516758;8.1135080876038045972e-09;
3295219.6813115538098;7.8178992168886907166e-09;
3295553.0368685908616;8.7938749615545930283e-09;
3295886.3924256279133;1.0275980066865031404e-08;
3296219.7479826649651;9.8835091222326809657e-09;
3296553.1035397020169;8.3242097659308456059e-09;
3296886.4590967390686;8.2185014349533958011e-09;
3297219.8146537761204;8.11466271954941476e-09;
3297553.1702108131722;7.8518542778738265042e-09;
3297886.5257678502239;8.2920568189592813724e-09;
3298219.8813248872757;8.1301010368406423368e-09;
3298553.2368819243275;7.9808373243395180907e-09;
3298886.5924389613792;8.0214874742523534223e-09;
3299219.947995998431;8.0858892914648095029e-09;
3299553.3035530354828;7.7742647874856629642e-09;
3299886.6591100725345;8.07033639915744061e-09;
3300220.0146671095863;8.2629014741542050615e-09;
3300553.3702241466381;7.9781878881135526171e-09;
3300886.7257811836898;8.2110549470826299512e-09;
3301220.0813382207416;7.6588921871234560967e-09;
3301553.4368952577934;7.9319040224845593912e-09;
3301886.7924522948451;8.0556192827430095349e-09;
3302220.1480093318969;7.9175643818985008693e-09;
3302553.5035663689487;8.2836120185447725817e-09;
3302886.8591234060004;7.5267898580477776704e-09;
3303220.2146804430522;8.0762498910758040438e-09;
3303553.570237480104;7.7624466854331330978e-09;
3303886.9257945171557;7.5965296275626315037e-09;
3304220.2813515542075;8.4051317017497240158e-09;
3304553.6369085912593;7.8433481931483584049e-09;
3304886.992465628311;8.0965216753270397021e-09;
3305220.3480226653628;8.4052640403342593345e-09;
3305553.7035797024146;8.0255322387756677927e-09;
3305887.0591367394663;7.5622699213795385731e-09;
3306220.4146937765181;7.7565029954484998598e-09;
3306553.7702508135699;7.9796462770787002228e-09;
3306887.1258078506216;7.6719812724945768423e-09;
3307220.4813648876734;7.7367428019670114736e-09;
3307553.8369219247252;7.6037123264427464164e-09;
3307887.1924789617769;8.0527184920242689259e-09;
3308220.5480359988287;8.4356033269727959123e-09;
3308553.9035930358805;7.6584347752373105322e-09;
3308887.2591500729322;7.9382180828702075814e-09;
3309220.614707109984;7.5520611986235053337e-09;
3309553.9702641470358;7.8452080387592104671e-09;
3309887.3258211840875;9.7402050869277445599e-09;
3310220.6813782211393;8.8560572208962184959e-09;
3310554.0369352581911;8.0393895984798291465e-09;
3310887.3924922952428;7.9228934524167016207e-09;
3311220.7480493322946;8.1819537811611553479e-09;
3311554.1036063693464;7.8547648385551838146e-09;
3311887.4591634063981;8.2882403162898299342e-09;
3312220.8147204434499;8.5366931301678050659e-09;
3312554.1702774805017;7.784582756187319319e-09;
3312887.5258345175534;7.9071806879937867052e-09;
3313220.8813915546052;8.0019519899110491679e-09;
3313554.236948591657;8.1543607421963315574e-09;
3313887.5925056287088;7.6816100147425458999e-09;
3314220.9480626657605;8.1542887997443358472e-09;
3314554.3036197028123;7.4322001886173438834e-09;
3314887.6591767398641;7.8391328983684616105e-09;
3315221.0147337769158;8.6124911646834334533e-09;
3315554.3702908139676;8.5678681926992794615e-09;
3315887.7258478510194;7.7547728238869240158e-09;
3316221.0814048880711;8.3945215223479863198e-09;
3316554.4369619251229;8.3309830145594787609e-09;
3316887.7925189621747;7.9702315858298788953e-09;
3317221.1480759992264;7.6173893859277086449e-09;
3317554.5036330362782;7.9374791184250170772e-09;
3317887.85919007333;8.0425399673345054907e-09;
3318221.2147471103817;7.5179755754106736276e-09;
3318554.5703041474335;8.4970892544333764818e-09;
3318887.9258611844853;7.7780484275535854977e-09;
3319221.281418221537;7.9844841849308068049e-09;
3319554.6369752585888;7.6119990310985485849e-09;
3319887.9925322956406;7.7971060719050910848e-09;
3320221.3480893326923;8.0779951616705147899e-09;
3320554.7036463697441;7.2618258073475772107e-09;
3320888.0592034067959;8.1101445559284002229e-09;
3321221.4147604438476;8.1781887928400465171e-09;
3321554.7703174808994;8.1047470956718825619e-09;
3321888.1258745179512;7.7389863406551739899e-09;
3322221.4814315550029;7.8800574954129842808e-09;
3322554.8369885920547;7.765788012648044969e-09;
3322888.1925456291065;7.4761725699090675334e-09;
3323221.5481026661582;7.8663093816544460424e-09;
3323554.90365970321;7.9565074528886725602e-09;
3323888.2592167402618;7.9604927094578670221e-09;
3324221.6147737773135;8.2802076306620620016e-09;
3324554.9703308143653;7.8584916352042455401e-09;
3324888.3258878514171;7.5986248404547040991e-09;
3325221.6814448884688;7.9147692844117045752e-09;
3325555.0370019255206;8.414763996711371874e-09;
3325888.3925589625724;7.9021820198477144004e-09;
3326221.7481159996241;8.4411926337679688004e-09;
3326555.1036730366759;7.6452071340327165672e-09;
3326888.4592300737277;7.765951437477269792e-09;
3327221.8147871107794;7.8896977839804094401e-09;
3327555.1703441478312;8.0468502972053101985e-09;
3327888.525901184883;7.7739503723250891198e-09;
3328221.8814582219347;8.4177651515915385971e-09;
3328555.2370152589865;7.7697182021552180231e-09;
3328888.5925722960383;7.7777757567787375592e-09;
3329221.94812933309;7.6788033709362935042e-09;
3329555.3036863701418;8.2727780181812704541e-09;
3329888.6592434071936;8.1674214058580218989e-09;
3330222.0148004442453;8.1916189387243321107e-09;
3330555.3703574812971;8.0764346321871016698e-09;
3330888.7259145183489;8.3465403477589461545e-09;
3331222.0814715554006;7.8750064247401496687e-09;
3331555.4370285924524;8.1069115864806917671e-09;
3331888.7925856295042;7.9123365637201459322e-09;
3332222.1481426665559;7.500601917342919478e-09;
3332555.5036997036077;7.8127362357349738886e-09;
3332888.8592567406595;8.0982713868138489488e-09;
3333222.2148137777112;8.4072580008864861156e-09;
3333555.570370814763;8.0164301863305809093e-09;
3333888.9259278518148;8.3627433866695355391e-09;
3334222.2814848888665;7.6850650287951793871e-09;
3334555.6370419259183;7.5042789760004779964e-09;
3334888.9925989629701;8.1813071872716136568e-09;
3335222.3481560000218;8.058790079701338982e-09;
3335555.7037130370736;8.3377909021464802208e-09;
3335889.0592700741254;7.5280199851590623439e-09;
3336222.4148271111771;8.245138793938622257e-09;
3336555.7703841482289;7.836185922371896595e-09;
3336889.1259411852807;8.2347018093287260854e-09;
3337222.4814982223324;7.3098740394073047355e-09;
3337555.8370552593842;7.7044495228051346203e-09;
3337889.192612296436;8.0074924468931385491e-09;
3338222.5481693334877;7.8440915984856474097e-09;
3338555.9037263705395;8.3201303624491629307e-09;
3338889.2592834075913;7.7759176875247248972e-09;
3339222.6148404446431;8.3191951105732186988e-09;
3339555.9703974816948;7.7356423489050030184e-09;
3339889.3259545187466;7.8818844784223074384e-09;
3340222.6815115557984;8.6060483184269287449e-09;
3340556.0370685928501;8.2704962878210608324e-09;
3340889.3926256299019;7.9138375852494391438e-09;
3341222.7481826669537;8.2268645229532921803e-09;
3341556.1037397040054;8.0129520796390352189e-09;
3341889.4592967410572;8.4432985048010777973e-09;
3342222.814853778109;8.4729263605254345748e-09;
3342556.1704108151607;7.8519368784668586159e-09;
3342889.5259678522125;8.0342923425291701278e-09;
3343222.8815248892643;8.2918383270680351416e-09;
3343556.237081926316;8.1495201698089658748e-09;
3343889.5926389633678;8.5499749502560007386e-09;
3344222.9481960004196;8.4879285822125893901e-09;
3344556.3037530374713;8.2260696032676605682e-09;
3344889.6593100745231;8.4472295824866705516e-09;
3345223.0148671115749;8.2083140284794353647e-09;
3345556.3704241486266;8.8552489785342913819e-09;
3345889.7259811856784;8.6617273353795098956e-09;
3346223.0815382227302;8.2074347318439322407e-09;
3346556.4370952597819;8.4488176455010943755e-09;
3346889.7926522968337;8.3890085988969076425e-09;
3347223.1482093338855;8.458544975553650147e-09;
3347556.5037663709372;8.6130356180547096301e-09;
3347889.859323407989;8.6734672777311061509e-09;
3348223.2148804450408;1.2281097916400085523e-08;
3348556.5704374820925;8.5779729985802077863e-09;
3348889.9259945191443;9.9019832333624435705e-09;
3349223.2815515561961;1.0885290890882970416e-08;
3349556.6371085932478;9.0604759250823008188e-09;
3349889.9926656302996;8.6958946710069540131e-09;
3350223.3482226673514;8.7276816884696017951e-09;
3350556.7037797044031;8.4492484120346489362e-09;
3350890.0593367414549;8.9769498501368616417e-09;
3351223.4148937785067;8.6744877947353415948e-09;
3351556.7704508155584;9.1629672738235967699e-09;
3351890.1260078526102;8.5658964366075451835e-09;
3352223.481564889662;9.9227923655575978046e-09;
3352556.8371219267137;8.2709172843919986917e-09;
3352890.1926789637655;8.5860696330541941279e-09;
3353223.5482360008173;8.4325071370017212757e-09;
3353556.903793037869;8.4025479907268163515e-09;
3353890.2593500749208;8.7177669527704892971e-09;
3354223.6149071119726;8.4795228616485474049e-09;
3354556.9704641490243;8.7358875688892112521e-09;
3354890.3260211860761;8.9247613743737019831e-09;
3355223.6815782231279;8.5353129009035910713e-09;
3355557.0371352601796;9.3577527948696115345e-09;
3355890.3926922972314;8.3899811542664792796e-09;
3356223.7482493342832;1.0287684482079839654e-08;
3356557.1038063713349;8.4125471033758003614e-09;
3356890.4593634083867;9.3796259648115665186e-09;
3357223.8149204454385;9.0718161871450320177e-09;
3357557.1704774824902;8.8443661283577057475e-09;
3357890.526034519542;1.0109228121280011692e-08;
3358223.8815915565938;8.3394757766086513584e-09;
3358557.2371485936455;8.7219182987041676824e-09;
3358890.5927056306973;8.2676052670649369247e-09;
3359223.9482626677491;8.6066220816860550258e-09;
3359557.3038197048008;9.310380022498065955e-09;
3359890.6593767418526;8.9359621924245402624e-09;
3360224.0149337789044;1.1949103928543536313e-08;
3360557.3704908159561;1.0376841608206177625e-08;
3360890.7260478530079;1.0328519373103972612e-08;
3361224.0816048900597;9.0332195057385433756e-09;
3361557.4371619271114;9.5830730018064969045e-09;
3361890.7927189641632;9.1382430511544043839e-09;
3362224.148276001215;8.8857605717862497841e-09;
3362557.5038330382667;9.7610346472265518969e-09;
3362890.8593900753185;9.8128714043355103058e-09;
3363224.2149471123703;9.1459524398374014709e-09;
3363557.570504149422;8.8258493846637975366e-09;
3363890.9260611864738;8.4470519468027305265e-09;
3364224.2816182235256;8.7818952110296777391e-09;
3364557.6371752605774;8.5287634732367223478e-09;
3364890.9927322976291;8.7478815302688417432e-09;
3365224.3482893346809;8.8540046405682915065e-09;
3365557.7038463717327;8.8483442794995426084e-09;
3365891.0594034087844;1.2651153014076044201e-08;
3366224.4149604458362;8.5654150439040677156e-09;
3366557.770517482888;8.4413853684850437276e-09;
3366891.1260745199397;8.5823144146957019984e-09;
3367224.4816315569915;8.7048661612243449781e-09;
3367557.8371885940433;8.0473592234397983702e-09;
3367891.192745631095;8.7529086201243444521e-09;
3368224.5483026681468;1.0991901611134835548e-08;
3368557.9038597051986;8.1362880877122734091e-09;
3368891.2594167422503;9.129322187106936326e-09;
3369224.6149737793021;8.4505842323778779246e-09;
3369557.9705308163539;8.1671052143406086543e-09;
3369891.3260878534056;8.7441947016486665234e-09;
3370224.6816448904574;8.509651650001615053e-09;
3370558.0372019275092;8.6467526472233657842e-09;
3370891.3927589645609;7.8104314127358520636e-09;
3371224.7483160016127;8.6475271388053442934e-09;
3371558.1038730386645;8.9273175518655989436e-09;
3371891.4594300757162;8.7850118291044054786e-09;
3372224.814987112768;8.2393905032063230465e-09;
3372558.1705441498198;8.342054158561040822e-09;
3372891.5261011868715;8.5350881917634069396e-09;
3373224.8816582239233;8.2810656110154923226e-09;
3373558.2372152609751;8.3881976919997214281e-09;
3373891.5927722980268;7.9733544211535445356e-09;
3374224.9483293350786;8.6430009815785524552e-09;
3374558.3038863721304;8.5340241540166061895e-09;
3374891.6594434091821;9.6979304586852776993e-09;
3375225.0150004462339;1.1174803304925262637e-08;
3375558.3705574832857;9.1732905715957713255e-09;
3375891.7261145203374;9.0446370393237884855e-09;
3376225.0816715573892;1.0619870316475044092e-08;
3376558.437228594441;8.2628428543785048532e-09;
3376891.7927856314927;8.277167395931428473e-09;
3377225.1483426685445;8.2814004542797192698e-09;
3377558.5038997055963;8.1572837373755646695e-09;
3377891.859456742648;8.0459878759597813769e-09;
3378225.2150137796998;7.9758484261560624873e-09;
3378558.5705708167516;7.9858724078007981007e-09;
3378891.9261278538033;8.2167250781139955507e-09;
3379225.2816848908551;8.4357667518020207353e-09;
3379558.6372419279069;7.9858724078007981007e-09;
3379891.9927989649586;8.2722255712042169762e-09;
3380225.3483560020104;8.1348305869255455036e-09;
3380558.7039130390622;8.1378894734029927349e-09;
3380892.0594700761139;8.4466211802691759658e-09;
3381225.4150271131657;9.4861603017193374399e-09;
3381558.7705841502175;8.6665830068000104802e-09;
3381892.1261411872692;8.0761930476569432358e-09;
3382225.481698224321;8.1428517262338573346e-09;
3382558.8372552613728;8.5345188693963791593e-09;
3382892.1928122984245;7.9495636740034569812e-09;
3383225.5483693354763;8.5011055972472604481e-09;
3383558.9039263725281;7.962002612771357235e-09;
3383892.2594834095798;8.2412432433898175077e-09;
3384225.6150404466316;1.0152011675756966724e-08;
3384558.9705974836834;8.5595486254419483885e-09;
3384892.3261545207351;8.1596196466193759989e-09;
3385225.6817115577869;7.8368467271161534882e-09;
3385559.0372685948387;8.1005335772488251678e-09;
3385892.3928256318904;7.9500388494579965482e-09;
3386225.7483826689422;8.1833055887159389385e-09;
3386559.103939705994;7.7842958745577561785e-09;
3386892.4594967430457;7.7890280891779184458e-09;
3387225.8150537800975;8.2555882130463942303e-09;
3387559.1706108171493;8.4430018532088979555e-09;
3387892.526167854201;8.4185343141029989056e-09;
3388225.8817248912528;7.8361175326335796854e-09;
3388559.2372819283046;7.7680120114109740825e-09;
3388892.5928389653563;7.5961157364190512453e-09;
3389225.9483960024081;7.8617503618261252996e-09;
3389559.3039530394599;8.0987696549073007191e-09;
3389892.6595100765117;7.7844184431796747958e-09;
3390226.0150671135634;7.7581789881264739961e-09;
3390559.3706241506152;7.9832913613131495367e-09;
3390892.726181187667;7.7466983938734301773e-09;
3391226.0817382247187;7.7556308042403543368e-09;
3391559.4372952617705;7.9853812451347039314e-09;
3391892.7928522988223;7.453538231061429542e-09;
3392226.148409335874;9.5204839567486487795e-09;
3392559.5039663729258;8.0507662758577680506e-09;
3392892.8595234099776;7.8211677134731871774e-09;
3393226.2150804470293;7.5236039620563133212e-09;
3393559.5706374840811;7.87019338588379469e-09;
3393892.9261945211329;8.0315833983490847459e-09;
3394226.2817515581846;7.6257178349692367192e-09;
3394559.6373085952364;7.7495432293517296785e-09;
3394892.9928656322882;7.7650925689454197709e-09;
3395226.3484226693399;7.6318693587040797865e-09;
3395559.7039797063917;8.0077313668880378827e-09;
3395893.0595367434435;7.8560074001643442898e-09;
3396226.4150937804952;7.8465181019282681518e-09;
3396559.770650817547;7.6851600638860873005e-09;
3396893.1262078545988;7.8990733953787639621e-09;
3397226.4817648916505;7.9840205557957233395e-09;
3397559.8373219287023;7.852129613183933543e-09;
3397893.1928789657541;7.7391764108369898167e-09;
3398226.5484360028058;7.7594739522623967787e-09;
3398559.9039930398576;7.806178814462327864e-09;
3398893.2595500769094;7.7245880802934152598e-09;
3399226.6151071139611;7.5936741339432956011e-09;
3399559.9706641510129;7.6797341819201392354e-09;
3399893.3262211880647;7.575340355003845616e-09;
3400226.6817782251164;9.4631236180475752917e-09;
3400560.0373352621682;7.4433716967803320586e-09;
3400893.39289229922;8.1924245165510001243e-09;
3401226.7484493362717;7.7706596712801001559e-09;
3401560.1040063733235;7.9357640458965761354e-09;
3401893.4595634103753;7.9650108730788815592e-09;
3402226.815120447427;7.6849575592063956719e-09;
3402560.1706774844788;8.1993505318678217009e-09;
3402893.5262345215306;7.8444779560982169642e-09;
3403226.8817915585823;7.9123223528654307302e-09;
3403560.2373485956341;7.5919537323443364585e-09;
3403893.5929056326859;7.6825816819336978369e-09;
3404226.9484626697376;8.2600566386759055604e-09;
3404560.3040197067894;7.4016979212387923326e-09;
3404893.6595767438412;7.6807058491112911724e-09;
3405227.0151337808929;8.0549114045425085351e-09;
3405560.3706908179447;7.6966308881765144179e-09;
3405893.7262478549965;8.3090441194144659676e-09;
3406227.0818048920482;8.0846680461377218307e-09;
3406560.4373619291;7.8710504780588053109e-09;
3406893.7929189661518;7.6867534559710293252e-09;
3407227.1484760032035;8.2656308464379435463e-09;
3407560.5040330402553;7.9710291700507696078e-09;
3407893.8595900773071;7.9121420526462316047e-09;
3408227.2151471143588;9.3841414638973219553e-09;
3408560.5707041514106;8.2707289905670222652e-09;
3408893.9262611884624;7.9919777462578167615e-09;
3409227.2818182255141;7.7540640575080033159e-09;
3409560.6373752625659;7.8814137438598663721e-09;
3409893.9929322996177;8.1234343696223731968e-09;
3410227.3484893366694;7.6636696988430230704e-09;
3410560.7040463737212;8.0203461649830387614e-09;
3410894.059603410773;8.077882363011212874e-09;
3411227.4151604478247;8.2298718950823968044e-09;
3411560.7707174848765;7.9878370584651747777e-09;
3411894.1262745219283;8.2226021547171512793e-09;
3412227.48183155898;8.1899207415858654713e-09;
3412560.8373885960318;7.8095254707477579359e-09;
3412894.1929456330836;8.1435809207164311374e-09;
3413227.5485026701353;8.3521287663756993425e-09;
3413560.9040597071871;8.3366922254413111659e-09;
3413894.2596167442389;7.6123463088606513338e-09;
3414227.6151737812907;7.7572250845037160616e-09;
3414560.9707308183424;8.2014244284778214933e-09;
3414894.3262878553942;7.8303790118638971762e-09;
3415227.681844892446;7.5752204509171860991e-09;
3415561.0374019294977;7.9694331134305684827e-09;
3415894.3929589665495;7.9779081119113470777e-09;
3416227.7485160036013;9.5230099361742759356e-09;
3416561.104073040653;8.167521770019448013e-09;
3416894.4596300777048;8.9224254651298906538e-09;
3417227.8151871147566;7.8425070881849023863e-09;
3417561.1707441518083;7.9654727258571256243e-09;
3417894.5263011888601;8.3207885026581607235e-09;
3418227.8818582259119;8.2063102979645918822e-09;
3418561.2374152629636;8.3329592115433115396e-09;
3418894.5929723000154;8.7409386395620458643e-09;
3419227.9485293370672;8.0588886675059256959e-09;
3419561.3040863741189;7.4706196784291023505e-09;
3419894.6596434111707;7.4511294911872028024e-09;
3420228.0152004482225;7.8421908966674891417e-09;
3420561.3707574852742;7.4619759260485807317e-09;
3420894.726314522326;7.647262378895902657e-09;
3421228.0818715593778;7.9860544843768366263e-09;
3421561.4374285964295;7.9504580696720950073e-09;
3421894.7929856334813;7.6003470184105026419e-09;
3422228.1485426705331;7.9851432133182242978e-09;
3422561.5040997075848;7.5603177052130376978e-09;
3422894.8596567446366;7.5805717258958793536e-09;
3423228.2152137816884;8.0405193614296877058e-09;
3423561.5707708187401;7.6766726309074329038e-09;
3423894.9263278557919;7.8187367691384679347e-09;
3424228.2818848928437;9.0221661253053753171e-09;
3424561.6374419298954;8.4042754977531330951e-09;
3424894.9929989669472;8.1680671115691438899e-09;
3425228.348556003999;9.2548875230136218306e-09;
3425561.7041130410507;8.6930231901760635083e-09;
3425895.0596700781025;8.2283824198725596943e-09;
3426228.4152271151543;8.0336572949590845383e-09;
3426561.770784152206;7.8420532290124356223e-09;
3426895.1263411892578;7.8200281805607119168e-09;
3427228.4818982263096;7.8228854505368872196e-09;
3427561.8374552633613;7.8335986586353101302e-09;
3427895.1930123004131;7.8096356048718007514e-09;
3428228.5485693374649;8.2835249770596419694e-09;
3428561.9041263745166;8.0732007745609735139e-09;
3428895.2596834115684;7.8145072635038559383e-09;
3429228.6152404486202;7.7288779820605668647e-09;
3429561.9707974856719;8.1113560312928711937e-09;
3429895.3263545227237;7.6099526680195594963e-09;
3430228.6819115597755;8.2527895628459191357e-09;
3430562.0374685968272;8.1659292661129256885e-09;
3430895.393025633879;9.3464818107236169453e-09;
3431228.7485826709308;9.2400558315830494394e-09;
3431562.1041397079825;8.3614359880357369548e-09;
3431895.4596967450343;7.6819341998657364456e-09;
3432228.8152537820861;8.642651927459610306e-09;
3432562.1708108191378;7.6906161439183051698e-09;
3432895.5263678561896;7.9533633012829341169e-09;
3433228.8819248932414;8.0480377917524492659e-09;
3433562.2374819302931;8.050158761818693165e-09;
3433895.5930389673449;7.2318830923734367389e-09;
3434228.9485960043967;7.6659585346305902931e-09;
3434562.3041530414484;7.8154549498776759719e-09;
3434895.6597100785002;7.6613142496739783383e-09;
3435229.015267115552;8.1522122385990769544e-09;
3435562.3708241526037;7.729936690736849414e-09;
3435895.7263811896555;7.9154363064048993692e-09;
3436229.0819382267073;8.3667259787034709007e-09;
3436562.437495263759;7.6470341170420397248e-09;
3436895.7930523008108;7.3054322591303844092e-09;
3437229.1486093378626;7.9823943011092524102e-09;
3437562.5041663749143;8.3066948874943591363e-09;
3437895.8597234119661;7.8293753702496360347e-09;
3438229.2152804490179;7.968215420817159611e-09;
3438562.5708374860696;7.7358599526178295491e-09;
3438895.9263945231214;7.6464834464218256471e-09;
3439229.2819515601732;8.1604367707655001141e-09;
3439562.637508597225;7.9072091097032171092e-09;
3439895.9930656342767;7.4451107501261049038e-09;
3440229.3486226713285;8.8410567755659030809e-09;
3440562.7041797083803;8.2818365498837920313e-09;
3440896.059736745432;7.9538802211231995898e-09;
3441229.4152937824838;7.5924599940435655299e-09;
3441562.7708508195356;8.0993522999506240012e-09;
3441896.1264078565873;7.7957498234582089935e-09;
3442229.4819648936391;7.8371771294882819348e-09;
3442562.8375219306909;8.2238162946168813505e-09;
3442896.1930789677426;7.9294792953987780493e-09;
3443229.5486360047944;7.8383619595001619018e-09;
3443562.9041930418462;7.8601205544259755698e-09;
3443896.2597500788979;8.337161183646912832e-09;
3444229.6153071159497;7.8053830065982765518e-09;
3444562.9708641530015;7.7015940291857987177e-09;
3444896.3264211900532;8.1870581425391719677e-09;
3445229.681978227105;8.3322415633801938384e-09;
3445563.0375352641568;8.0435000882062013261e-09;
3445896.3930923012085;8.1487474545838267659e-09;
3446229.7486493382603;7.9379534057011369441e-09;
3446563.1042063753121;7.1310330973517466191e-09;
3446896.4597634123638;7.7357649175269216357e-09;
3447229.8153204494156;7.3516250864713583724e-09;
3447563.1708774864674;7.8410060666556091746e-09;
3447896.5264345235191;8.0512903011253911245e-09;
3448229.8819915605709;8.7935507764314024826e-09;
3448563.2375485976227;7.8823694238394637068e-09;
3448896.5931056346744;7.6553545724777904979e-09;
3449229.9486626717262;8.2662552358669927344e-09;
3449563.304219708778;7.949158664644073724e-09;
3449896.6597767458297;7.6598203335720427276e-09;
3450230.0153337828815;8.5869293897644638491e-09;
3450563.3708908199333;8.2864062278531491756e-09;
3450896.726447856985;8.1817814745477335237e-09;
3451230.0820048940368;8.2819822111446228519e-09;
3451563.4375619310886;7.3613692919138884463e-09;
3451896.7931189681403;8.4059434968253299303e-09;
3452230.1486760051921;8.8220053484633353946e-09;
3452563.5042330422439;8.8065981174167973222e-09;
3452896.8597900792956;7.9531119467901589815e-09;
3453230.2153471163474;8.6318632241955128848e-09;
3453563.5709041533992;7.5903265894794458291e-09;
3453896.9264611904509;7.4445747344498158782e-09;
3454230.2820182275027;7.7709874091169695021e-09;
3454563.6375752645545;7.8820505677867913619e-09;
3454896.9931323016062;7.5096071583402590477e-09;
3455230.348689338658;7.9586328638470149599e-09;
3455563.7042463757098;7.7065616110871815181e-09;
3455897.0598034127615;7.5244628305881633423e-09;
3456230.4153604498133;8.9397156344261929917e-09;
3456563.7709174868651;7.9226705196333568892e-09;
3456897.1264745239168;7.461949280695989728e-09;
3457230.4820315609686;7.7838713252731395187e-09;
3457563.8375885980204;7.0828036768944002688e-09;
3457897.1931456350721;8.1317299560623723664e-09;
3458230.5487026721239;7.9211259773614983715e-09;
3458563.9042597091757;7.5589756676208708086e-09;
3458897.2598167462274;8.3644620119116552814e-09;
3459230.6153737832792;7.9403381647580317804e-09;
3459563.970930820331;7.9751059089971931826e-09;
3459897.3264878573827;7.7392714459278977301e-09;
3460230.6820448944345;7.6305282092903325974e-09;
3460564.0376019314863;7.691440373491786886e-09;
3460897.393158968538;7.2606396450680676935e-09;
3461230.7487160055898;7.6911836899284935498e-09;
3461564.1042730426416;7.530850609782646643e-09;
3461897.4598300796933;7.9669701946727400355e-09;
3462230.8153871167451;8.2154842928616744757e-09;
3462564.1709441537969;7.9820994258739119687e-09;
3462897.5265011908486;7.6604527166068692168e-09;
3463230.8820582279004;7.5580466329938644776e-09;
3463564.2376152649522;8.3546227713782172941e-09;
3463897.5931723020039;7.6351547306785505498e-09;
3464230.9487293390557;8.8015408294950248091e-09;
3464564.3042863761075;7.9389712581701132876e-09;
3464897.6598434131593;7.7351529625957482494e-09;
3465231.015400450211;7.5393620235786329431e-09;
3465564.3709574872628;7.6840800389277319482e-09;
3465897.7265145243146;7.8469311048934287101e-09;
3466231.0820715613663;7.6808674975836765952e-09;
3466564.4376285984181;8.0000264190971392964e-09;
3466897.7931856354699;8.0631652465967817989e-09;
3467231.1487426725216;8.0988122874714463251e-09;
3467564.5042997095734;8.5913347547261764703e-09;
3467897.8598567466252;7.906278298719371378e-09;
3468231.2154137836769;7.8532469416359163006e-09;
3468564.5709708207287;7.2847607945902836946e-09;
3468897.9265278577805;7.826349346373717708e-09;
3469231.2820848948322;7.8615434162543351704e-09;
3469564.637641931884;7.4781034697934956057e-09;
3469897.9931989689358;7.6688415617809368996e-09;
3470231.3487560059875;7.9807396247133510769e-09;
3470564.7043130430393;7.2731758393729251111e-09;
3470898.0598700800911;7.968229631671874813e-09;
3471231.4154271171428;7.8550543847200060554e-09;
3471564.7709841541946;7.9662703100780163368e-09;
3471898.1265411912464;8.2509199472724503721e-09;
3472231.4820982282981;8.6064559923215711024e-09;
3472564.8376552653499;7.7732540404440442217e-09;
3472898.1932123024017;7.4352426437940266624e-09;
3473231.5487693394534;7.599092022303466365e-09;
3473564.9043263765052;7.8470137054864608217e-09;
3473898.259883413557;7.5759656326113145042e-09;
3474231.6154404506087;7.8272845982496619399e-09;
3474564.9709974876605;7.6912378688120952575e-09;
3474898.3265545247123;7.6721695663195532688e-09;
3475231.682111561764;7.883491193183544965e-09;
3475565.0376685988158;8.0651911815721177845e-09;
3475898.3932256358676;8.4267313127384113614e-09;
3476231.7487826729193;7.8728064067945524585e-09;
3476565.1043397099711;8.1837363552494934993e-09;
3476898.4598967470229;7.526630874110651348e-09;
3477231.8154537840746;8.0791879852881720581e-09;
3477565.1710108211264;8.3769320369242450397e-09;
3477898.5265678581782;7.6551796013291095733e-09;
3478231.8821248952299;7.7661974628995267267e-09;
3478565.2376819322817;8.2691018477021316357e-09;
3478898.5932389693335;7.740603713557447918e-09;
3479231.9487960063852;8.0620186082569489372e-09;
3479565.304353043437;8.1279596386707453348e-09;
3479898.6599100804888;7.8893096500110004854e-09;
3480232.0154671175405;8.6505203000797337154e-09;
3480565.3710241545923;7.8007635906374162005e-09;
3480898.7265811916441;7.9676274467033181281e-09;
3481232.0821382286958;7.9993798252075976052e-09;
3481565.4376952657476;8.0459736651050661749e-09;
3481898.7932523027994;7.8962845151409055688e-09;
3482232.1488093398511;7.9767312755052444118e-09;
3482565.5043663769029;7.9139352848756061576e-09;
3482898.8599234139547;7.6123596315369468357e-09;
3483232.2154804510064;7.8316588769666850567e-09;
3483565.5710374880582;8.1783761984866032435e-09;
3483898.92659452511;7.9118080975604243577e-09;
3484232.2821515621617;7.891250319858045259e-09;
3484565.6377085992135;7.8549033943886570341e-09;
3484898.9932656362653;8.2590840833063339232e-09;
3485232.348822673317;7.9956148368864887743e-09;
3485565.7043797103688;8.3773734615988360019e-09;
3485899.0599367474206;8.1167437215867721534e-09;
3486232.4154937844723;8.0890574238878798496e-09;
3486565.7710508215241;7.7598691916591633344e-09;
3486899.1266078585759;8.4719289361601113342e-09;
3487232.4821648956276;7.8948279025325973635e-09;
3487565.8377219326794;8.3495610425643462804e-09;
3487899.1932789697312;9.0106508920939631935e-09;
3488232.5488360067829;1.0220619905965122598e-08;
3488565.9043930438347;9.5558396751016516646e-09;
3488899.2599500808865;9.1452774242384293757e-09;
3489232.6155071179383;8.0251938427977620449e-09;
3489565.97106415499;8.108762550307346828e-09;
3489899.3266211920418;8.6141405120088165859e-09;
3490232.6821782290936;8.2377402677025202138e-09;
3490566.0377352661453;7.8757116384053915681e-09;
3490899.3932923031971;7.923158129585772258e-09;
3491232.7488493402489;7.9579898226711520692e-09;
3491566.1044063773006;8.0383442124798420991e-09;
3491899.4599634143524;7.834107584869798302e-09;
3492232.8155204514042;8.2632345410615926085e-09;
3492566.1710774884559;7.4970580854483159783e-09;
3492899.5266345255077;7.9936341990105574951e-09;
3493232.8821915625595;8.0283673042913505924e-09;
3493566.2377485996112;8.1800282103472454764e-09;
3493899.593305636663;8.9483096488152114034e-09;
3494232.9488626737148;7.8770261424665477534e-09;
3494566.3044197107665;7.88381004923621731e-09;
3494899.6599767478183;7.9128223973157219007e-09;
3495233.0155337848701;8.030059284180879331e-09;
3495566.3710908219218;8.038626653217306739e-09;
3495899.7266478589736;8.0336155505733586324e-09;
3496233.0822048960254;8.3580733445387522806e-09;
3496566.4377619330771;8.2915319055132385984e-09;
3496899.7933189701289;8.1968734022552780516e-09;
3497233.1488760071807;7.8943287462607258931e-09;
3497566.5044330442324;7.658730538651070674e-09;
3497899.8599900812842;7.8727655505872462527e-09;
3498233.215547118336;8.280032659513381077e-09;
3498566.5711041553877;8.0941040536686159612e-09;
3498899.9266611924395;7.6791009107068930462e-09;
3499233.2822182294913;8.3782865090142877307e-09;
3499566.637775266543;8.3416296092764241621e-09;
3499899.9933323035948;8.1751867497814600938e-09;
3500233.3488893406466;8.0990396611468895571e-09;
3500566.7044463776983;8.1310158606129334657e-09;
3500900.0600034147501;8.0635480514956725528e-09;
3501233.4155604518019;7.970945681279317796e-09;
3501566.7711174888536;8.2983371285649809579e-09;
3501900.1266745259054;8.413877594648511149e-09;
3502233.4822315629572;8.2315194660509405367e-09;
3502566.8377886000089;7.7725577085629993235e-09;
3502900.1933456370607;8.2010496171847080404e-09;
3503233.5489026741125;8.451133126641252602e-09;
3503566.9044597111642;8.2108959631455036288e-09;
3503900.260016748216;8.2033695392169647675e-09;
3504233.6155737852678;8.8019271871075943636e-09;
3504566.9711308223195;8.342288637663841655e-09;
3504900.3266878593713;7.9789730378365675278e-09;
3505233.6822448964231;8.1696596154756662145e-09;
3505567.0378019334748;8.0133890634215276805e-09;
3505900.3933589705266;8.2065696460631443188e-09;
3506233.7489160075784;8.0745481412236586038e-09;
3506567.1044730446301;8.3269595663182371936e-09;
3506900.4600300816819;8.6935116883068985771e-09;
3507233.8155871187337;8.6081950456673439476e-09;
3507567.1711441557854;8.0482074338306119898e-09;
3507900.5267011928372;8.2978850457493535941e-09;
3508233.882258229889;8.5885130118867891724e-09;
3508567.2378152669407;8.0378219635690584255e-09;
3508900.5933723039925;8.5593079290902096545e-09;
3509233.9489293410443;8.5067375366065789422e-09;
3509567.304486378096;8.6775511221048873267e-09;
3509900.6600434151478;8.4735809480207535671e-09;
3510234.0156004521996;8.1426225762015747023e-09;
3510567.3711574892513;8.710510535081539274e-09;
3510900.7267145263031;8.1209945435034569527e-09;
3511234.0822715633549;9.3072571871744003147e-09;
3511567.4378286004066;8.5789526593771370244e-09;
3511900.7933856374584;8.4531679434007855889e-09;
3512234.1489426745102;9.8755954525131528499e-09;
3512567.5044997115619;8.2105495735618205799e-09;
3512900.8600567486137;8.6337141880221679457e-09;
3513234.2156137856655;8.0235729171818093164e-09;
3513567.5711708227172;8.6727052206470034434e-09;
3513900.926727859769;9.0714653566692504683e-09;
3514234.2822848968208;8.6308782343280654459e-09;
3514567.6378419338726;8.3486666468957082543e-09;
3514900.9933989709243;9.1393346224322158378e-09;
3515234.3489560079761;9.2869232304337856476e-09;
3515567.7045130450279;9.5974614922056389332e-09;
3515901.0600700820796;9.9196029168524546549e-09;
3516234.4156271191314;9.4885432844193928759e-09;
3516567.7711841561832;9.0365688265592325479e-09;
3516901.1267411932349;8.5730169629982810875e-09;
3517234.4822982302867;9.2822745045850751922e-09;
3517567.8378552673385;8.828795472481942852e-09;
3517901.1934123043902;9.0693621501714005717e-09;
3518234.548969341442;8.852511612644775596e-09;
3518567.9045263784938;9.0798994989427228575e-09;
3518901.2600834155455;9.323883887191186659e-09;
3519234.6156404525973;8.5526341564445829135e-09;
3519567.9711974896491;8.8188905067454470554e-09;
3519901.3267545267008;9.5610612760310687008e-09;
3520234.6823115637526;1.1128687305017592735e-08;
3520568.0378686008044;9.403415823783234373e-09;
3520901.3934256378561;1.001985250326242749e-08;
3521234.7489826749079;9.7650643127167313651e-09;
3521568.1045397119597;1.0326396626680889312e-08;
3521901.4600967490114;9.7921892816543731897e-09;
3522234.8156537860632;9.5308934078275342472e-09;
3522568.171210823115;1.0351915769035713311e-08;
3522901.5267678601667;9.6489545242661733937e-09;
3523234.8823248972185;9.7601429160931729712e-09;
3523568.2378819342703;1.0357882551659258752e-08;
3523901.593438971322;1.0762646773798678623e-08;
3524234.9489960083738;1.9879708546000074421e-08;
3524568.3045530454256;1.1332602412039705086e-08;
3524901.6601100824773;1.120560799705572208e-08;
3525235.0156671195291;1.072928945689000102e-08;
3525568.3712241565809;1.0902457603378934436e-08;
3525901.7267811936326;1.1645953534866748669e-08;
3526235.0823382306844;1.1429249546779374214e-08;
3526568.4378952677362;1.1063697513691295171e-08;
3526901.7934523047879;1.0694664709376411338e-08;
3527235.1490093418397;1.1207911043698004505e-08;
3527568.5045663788915;1.0826799901053618669e-08;
3527901.8601234159432;1.2127655324434272188e-08;
3528235.215680452995;1.6503694411085234606e-08;
3528568.5712374900468;1.2580278152540813608e-08;
3528901.9267945270985;1.1256392262737335841e-08;
3529235.2823515641503;1.1147941236799852049e-08;
3529568.6379086012021;1.0801666228132944525e-08;
3529901.9934656382538;1.0706131092774739955e-08;
3530235.3490226753056;1.1076259909259533742e-08;
3530568.7045797123574;1.1462809368367743446e-08;
3530902.0601367494091;1.1059092308585150022e-08;
3531235.4156937864609;1.0565514685367816128e-08;
3531568.7712508235127;1.1397049526351565873e-08;
3531902.1268078605644;1.0871225697428599233e-08;
3532235.4823648976162;1.5561699484578639385e-08;
3532568.837921934668;1.1843857450344330573e-08;
3532902.1934789717197;1.1555997936341100285e-08;
3533235.5490360087715;1.0864715349612197315e-08;
3533568.9045930458233;1.1351431794537347741e-08;
3533902.260150082875;1.4638611212092200731e-08;
3534235.6157071199268;1.144709305123114973e-08;
3534568.9712641569786;1.1397930599343908398e-08;
3534902.3268211940303;1.1675123978704959882e-08;
3535235.6823782310821;1.0585766041515398683e-08;
3535569.0379352681339;1.0499478619863111817e-08;
3535902.3934923051856;1.1601357208235185681e-08;
3536235.7490493422374;1.5771579597867457778e-08;
3536569.1046063792892;1.1472318206529052986e-08;
3536902.4601634163409;1.0771839420442574919e-08;
3537235.8157204533927;1.1056585869084756268e-08;
3537569.1712774904445;1.0864028787693769118e-08;
3537902.5268345274962;1.084347367452664912e-08;
3538235.882391564548;1.1432663704624701495e-08;
3538569.2379486015998;1.0434368924450154736e-08;
3538902.5935056386515;1.1088856943786140619e-08;
3539235.9490626757033;1.114964476300883689e-08;
3539569.3046197127551;1.0108570869249433599e-08;
3539902.6601767498069;1.037822716654090982e-08;
3540236.0157337868586;1.0838122399547955865e-08;
3540569.3712908239104;1.0432883890132416127e-08;
3540902.7268478609622;1.0570898822948038287e-08;
3541236.0824048980139;1.0604657596502420347e-08;
3541569.4379619350657;1.0526812310729383171e-08;
3541902.7935189721175;2.0920307264304938144e-08;
3542236.1490760091692;1.0960028440365476854e-08;
3542569.504633046221;9.9615835580380007741e-09;
3542902.8601900832728;1.0032604969012481888e-08;
3543236.2157471203245;1.0858743237918133673e-08;
3543569.5713041573763;1.0407859463157365099e-08;
3543902.9268611944281;1.0488528268126628973e-08;
3544236.2824182314798;1.3552083011347804131e-08;
3544569.6379752685316;1.000226657055236501e-08;
3544902.9935323055834;9.3606296047710202402e-09;
3545236.3490893426351;1.0328284005822752079e-08;
3545569.7046463796869;1.0091218527463752253e-08;
3545903.0602034167387;9.9037231748866361158e-09;
3546236.4157604537904;9.2199332613063234021e-09;
3546569.7713174908422;9.2202405710395396454e-09;
3546903.126874527894;1.0348206735955045588e-08;
3547236.4824315649457;9.9254595653519572807e-09;
3547569.8379886019975;9.4206615841585517046e-09;
3547903.1935456390493;9.6828474127619301726e-09;
3548236.549102676101;9.6720178532905265456e-09;
3548569.9046597131528;9.6337959831771513564e-09;
3548903.2602167502046;9.6166674623532344413e-09;
3549236.6157737872563;9.031236203327352996e-09;
3549569.9713308243081;9.318365634669589781e-09;
3549903.3268878613599;9.6120222892182027863e-09;
3550236.6824448984116;9.2932550543878278404e-09;
3550570.0380019354634;9.5491099472155838157e-09;
3550903.3935589725152;8.9085014920442517905e-09;
3551236.7491160095669;9.3391294697653393087e-09;
3551570.1046730466187;8.7503106982467215857e-09;
3551903.4602300836705;9.110641130405383592e-09;
3552236.8157871207222;1.155220186177530195e-08;
3552570.171344157774;8.7594456132933373738e-09;
3552903.5269011948258;8.8824361199613122153e-09;
3553236.8824582318775;8.9497564914609029074e-09;
3553570.2380152689293;9.3240641874103857845e-09;
3553903.5935723059811;9.3870102801929533598e-09;
3554236.9491293430328;9.3170555715005320963e-09;
3554570.3046863800846;9.8571018014581568423e-09;
3554903.6602434171364;1.0058122335010466486e-08;
3555237.0158004541881;8.421714881023945054e-09;
3555570.3713574912399;8.4512521425494924188e-09;
3555903.7269145282917;8.3914404314100465854e-09;
3556237.0824715653434;8.5581950415303253976e-09;
3556570.4380286023952;9.0387599627206327568e-09;
3556903.793585639447;8.7410150229061400751e-09;
3557237.1491426764987;9.0150678033751319163e-09;
3557570.5046997135505;8.3301783249112304475e-09;
3557903.8602567506023;8.6588363146233859879e-09;
3558237.215813787654;8.1239477367489598691e-09;
3558570.5713708247058;8.3618028057230731065e-09;
3558903.9269278617576;8.8853386870368922246e-09;
3559237.2824848988093;1.079595612907269242e-08;
3559570.6380419358611;8.7644789203977779835e-09;
3559903.9935989729129;8.390629524512860371e-09;
3560237.3491560099646;1.0784241055716847768e-08;
3560570.7047130470164;8.8736866743488462816e-09;
3560904.0602700840682;8.3403692840988696844e-09;
3561237.4158271211199;8.7857987551842597895e-09;
3561570.7713841581717;8.2900024622745149827e-09;
3561904.1269411952235;8.4344629058819009515e-09;
3562237.4824982322752;8.2337177076396983466e-09;
3562570.838055269327;7.9659621121663803933e-09;
3562904.1936123063788;8.5009554950943311269e-09;
3563237.5491693434305;7.8944397685631884087e-09;
3563570.9047263804823;8.1062561108069530746e-09;
3563904.2602834175341;8.2070314988413883839e-09;
3564237.6158404545859;8.4561087021484127035e-09;
3564570.9713974916376;8.0093354171140163089e-09;
3564904.3269545286894;8.0571052052391678444e-09;
3565237.6825115657412;8.32473556755530808e-09;
3565571.0380686027929;7.8080848453510043328e-09;
3565904.3936256398447;8.1518400918412226019e-09;
3566237.7491826768965;8.2727922290359856561e-09;
3566571.1047397139482;7.8741484443867193477e-09;
3566904.460296751;7.8840312056627226411e-09;
3567237.8158537880518;8.3186249000277712184e-09;
3567571.1714108251035;7.7662924979904346401e-09;
3567904.5269678621553;8.9906171396592071687e-09;
3568237.8825248992071;1.133284133203460442e-08;
3568571.2380819362588;9.1710026239866238029e-09;
3568904.5936389733106;8.6029494639205950079e-09;
3569237.9491960103624;8.3779330140032470808e-09;
3569571.3047530474141;8.1015869568545895163e-09;
3569904.6603100844659;7.9717716872096389125e-09;
3570238.0158671215177;8.0505966337796053267e-09;
3570571.3714241585694;8.3705922193644255458e-09;
3570904.7269811956212;7.9583530876448094205e-09;
3571238.082538232673;8.4826217161548811418e-09;
3571571.4380952697247;8.0390787360329341027e-09;
3571904.7936523067765;7.9001551966939587146e-09;
3572238.1492093438283;8.5732274612837500172e-09;
3572571.50476638088;8.2021021086120526888e-09;
3572904.8603234179318;8.0255189160993722908e-09;
3573238.2158804549836;8.1298017207132033946e-09;
3573571.5714374920353;8.0394455537202702544e-09;
3573904.9269945290871;8.2005024992781727633e-09;
3574238.2825515661389;8.0232913646227643767e-09;
3574571.6381086031906;7.7361450578905532893e-09;
3574904.9936656402424;8.154847463970327226e-09;
3575238.3492226772942;7.8123800761886741384e-09;
3575571.7047797143459;8.1542745888896206452e-09;
3575905.0603367513977;7.8471238396105036372e-09;
3576238.4158937884495;1.0037346953595260857e-08;
3576571.7714508255012;7.6239894397645002755e-09;
3576905.127007862553;7.7159763023360028455e-09;
3577238.4825648996048;7.7095130279758450342e-09;
3577571.8381219366565;7.7789366059732856229e-09;
3577905.1936789737083;8.1960811471049055399e-09;
3578238.5492360107601;7.8163884253967808036e-09;
3578571.9047930478118;7.5981976266348283389e-09;
3578905.2603500848636;7.5095405449587815383e-09;
3579238.6159071219154;8.0646955780139251146e-09;
3579571.9714641589671;8.1676505558903045312e-09;
3579905.3270211960189;7.9214741433020208206e-09;
3580238.6825782330707;8.0364808141553112364e-09;
3580572.0381352701224;8.0881479291861069214e-09;
3580905.3936923071742;7.7754798155638127355e-09;
3581238.749249344226;7.326522943884583583e-09;
3581572.1048063812777;8.0829636317503172904e-09;
3581905.4603634183295;7.6629964596008903754e-09;
3582238.8159204553813;7.901030052437363338e-09;
3582572.171477492433;8.3876523504500255513e-09;
3582905.5270345294848;7.6885360300593674765e-09;
3583238.8825915665366;7.9371167416297794261e-09;
3583572.2381486035883;7.6543189564404201519e-09;
3583905.5937056406401;8.3959372787489883194e-09;
3584238.9492626776919;9.6725107923134601151e-09;
3584572.3048197147436;7.9428073007647981285e-09;
3584905.6603767517954;7.9232966854192454775e-09;
3585239.0159337888472;8.0104189947860504617e-09;
3585572.3714908258989;8.5236111502240419213e-09;
3585905.7270478629507;7.8207280651554356155e-09;
3586239.0826049000025;7.7561352895827440079e-09;
3586572.4381619370542;7.9570812161477988411e-09;
3586905.793718974106;8.1189970302375513711e-09;
3587239.1492760111578;8.2636555376325304678e-09;
3587572.5048330482095;7.6889277167424552317e-09;
3587905.8603900852613;7.9562560983958974248e-09;
3588239.2159471223131;7.7716562074670036964e-09;
3588572.5715041593648;7.5028552259936986957e-09;
3588905.9270611964166;7.2622468039185150701e-09;
3589239.2826182334684;7.9708613043294462841e-09;
3589572.6381752705202;8.6747924399332987377e-09;
3589905.9937323075719;8.4102564912313937384e-09;
3590239.3492893446237;7.885845754174169997e-09;
3590572.7048463816755;8.4337070660467361449e-09;
3590906.0604034187272;7.6523285486018721713e-09;
3591239.415960455779;8.2808186974148156878e-09;
3591572.7715174928308;7.6376496238594882016e-09;
3591906.1270745298825;8.2408959656277147587e-09;
3592239.4826315669343;9.6134575855444381887e-09;
3592572.8381886039861;7.681745017862340319e-09;
3592906.1937456410378;8.3217530644219550595e-09;
3593239.5493026780896;8.0817139647137992142e-09;
3593572.9048597151414;7.3303336733943069703e-09;
3593906.2604167521931;7.6966442108528099197e-09;
3594239.6159737892449;8.086159297704398341e-09;
3594572.9715308262967;8.2814004542797192698e-09;
3594906.3270878633484;8.2024040892747507314e-09;
3595239.6826449004002;7.9918933693079452496e-09;
3595573.038201937452;8.0979294381222644006e-09;
3595906.3937589745037;7.3814021561702247709e-09;
3596239.7493160115555;7.4417241258117883262e-09;
3596573.1048730486073;7.7892883254548905825e-09;
3596906.460430085659;8.2373201593100020546e-09;
3597239.8159871227108;7.9021962307024296024e-09;
3597573.1715441597626;7.8246999990483345755e-09;
3597906.5271011968143;8.0274222824527896591e-09;
3598239.8826582338661;8.0441644456641370198e-09;
3598573.2382152709179;8.386267680293713056e-09;
3598906.5937723079696;7.9336457403655913367e-09;
3599239.9493293450214;7.8799882174962476711e-09;
3599573.3048863820732;8.2470794637856670306e-09;
3599906.6604434191249;8.18820922177110333e-09;
3600240.0160004561767;9.2646317284561519045e-09;
3600573.3715574932285;8.1708799726243341865e-09;
3600906.7271145302802;8.6337896831878424564e-09;
3601240.082671567332;7.6651369695923676773e-09;
3601573.4382286043838;8.3391240579544501088e-09;
3601906.7937856414355;7.9435888977741342387e-09;
3602240.1493426784873;7.7308603962933375442e-09;
3602573.5048997155391;8.3594828836908163794e-09;
3602906.8604567525908;8.4920452891878994706e-09;
3603240.2160137896426;8.1960376263623402338e-09;
3603573.5715708266944;8.1373885407742818643e-09;
3603906.9271278637461;8.3772411230143006833e-09;
3604240.2826849007979;8.5548279571412422229e-09;
3604573.6382419378497;8.4925071419661435357e-09;
3604906.9937989749014;8.812618190745524771e-09;
3605240.3493560119532;8.2246831567545086727e-09;
3605573.704913049005;8.2175048987664922606e-09;
3605907.0604700860567;8.3508959747291555686e-09;
3606240.4160271231085;8.5798115279089870455e-09;
3606573.7715841601603;8.5492244394913541328e-09;
3606907.127141197212;8.636474646550595935e-09;
3607240.4826982342638;8.3760935964960481215e-09;
3607573.8382552713156;8.3652853533067172975e-09;
3607907.1938123083673;8.1447826261182854068e-09;
3608240.5493693454191;1.0297611652276827954e-08;
3608573.9049263824709;8.4139513134573462594e-09;
3608907.2604834195226;8.7117042468776162423e-09;
3609240.6160404565744;8.5638953706279608014e-09;
3609573.9715974936262;8.3635658398861778551e-09;
3609907.3271545306779;8.3128259831255491008e-09;
3610240.6827115677297;8.4316038595488862484e-09;
3610574.0382686047815;8.6105691465832023823e-09;
3610907.3938256418332;8.4292635094129764184e-09;
3611240.749382678885;8.3928410887779136829e-09;
3611574.1049397159368;8.8215088567267230246e-09;
3611907.4604967529885;8.5676266081691210275e-09;
3612240.8160537900403;8.5410434280674962793e-09;
3612574.1716108270921;8.3278957063726011256e-09;
3612907.5271678641438;7.7088904149036352464e-09;
3613240.8827249011956;8.4414741863270137401e-09;
3613574.2382819382474;9.1937470969583046099e-09;
3613907.5938389752991;8.0573174798814761743e-09;
3614240.9493960123509;8.0568502980327139085e-09;
3614574.3049530494027;7.9521482732047843456e-09;
3614907.6605100864545;8.3760349767203479132e-09;
3615241.0160671235062;8.0507946975671984546e-09;
3615574.371624160558;8.4495157537389786739e-09;
3615907.7271811976098;7.8615567389306306723e-09;
3616241.0827382346615;1.0016966811576821783e-08;
3616574.4382952717133;8.1611961633143437211e-09;
3616907.7938523087651;8.0770874433255812619e-09;
3617241.1494093458168;8.6315754543875300442e-09;
3617574.5049663828686;7.712100291712431499e-09;
3617907.8605234199204;8.070350610012155812e-09;
3618241.2160804569721;8.3322415633801938384e-09;
3618574.5716374940239;8.4379898623865301488e-09;
3618907.9271945310757;8.474012602732727828e-09;
3619241.2827515681274;9.0417771048123540822e-09;
3619574.6383086051792;8.3736662048750076792e-09;
3619907.993865642231;8.5900069279887247831e-09;
3620241.3494226792827;8.1612681057663394313e-09;
3620574.7049797163345;7.8900166400330817851e-09;
3620908.0605367533863;8.0170075023033859907e-09;
3621241.416093790438;7.8368334044398579863e-09;
3621574.7716508274898;8.0463555818255372287e-09;
3621908.1272078645416;8.0683655312441260321e-09;
3622241.4827649015933;7.6962249906387114606e-09;
3622574.8383219386451;8.1037363486302638194e-09;
3622908.1938789756969;7.9030986199768449296e-09;
3623241.5494360127486;7.8621642529697055579e-09;
3623574.9049930498004;7.8909456746600881161e-09;
3623908.2605500868522;8.2656157474048086442e-09;
3624241.6161071239039;9.396877054257402051e-09;
3624574.9716641609557;8.1463138457138484227e-09;
3624908.3272211980075;8.0562134741057889187e-09;
3625241.6827782350592;8.4379010445445601363e-09;
3625575.038335272111;8.1977367116792265733e-09;
3625908.3938923091628;7.7585200486396388442e-09;
3626241.7494493462145;7.670390544944893918e-09;
3626575.1050063832663;8.6606926075205592497e-09;
3626908.4605634203181;8.242387217194391269e-09;
3627241.8161204573698;7.5308763669568179466e-09;
3627575.1716774944216;8.2919111576984505518e-09;
3627908.5272345314734;8.8282998689237501821e-09;
3628241.8827915685251;8.9062019981156481663e-09;
3628575.2383486055769;8.5340685629375911958e-09;
3628908.5939056426287;8.4259763610816662549e-09;
3629241.9494626796804;8.2335880335904221283e-09;
3629575.3050197167322;8.183564048636071675e-09;
3629908.660576753784;7.832952064745768439e-09;
3630242.0161337908357;8.4570297431696417334e-09;
3630575.3716908278875;7.9573601041715846804e-09;
3630908.7272478649393;7.8142603499031793035e-09;
3631242.082804901991;7.8936350789149400953e-09;
3631575.4383619390428;7.6763626566389575601e-09;
3631908.7939189760946;7.9923845319740394189e-09;
3632242.1494760131463;1.0124637128683389165e-08;
3632575.5050330501981;7.7557675837169881561e-09;
3632908.8605900872499;7.6075608035353070591e-09;
3633242.2161471243016;8.1024404963159213366e-09;
3633575.5717041613534;7.927292600129476341e-09;
3633908.9272611984052;7.9728366131348593626e-09;
3634242.2828182354569;7.7240187579263874795e-09;
3634575.6383752725087;8.0300317506498686271e-09;
3634908.9939323095605;7.8484756471652872278e-09;
3635242.3494893466122;7.5621500172928790562e-09;
3635575.705046383664;7.6500841217352899548e-09;
3635909.0606034207158;7.7388637720332553727e-09;
3636242.4161604577675;7.6160384665513447544e-09;
3636575.7717174948193;8.0732851515108450258e-09;
3636909.1272745318711;7.4452808362934774777e-09;
3637242.4828315689228;7.2667645234503197571e-09;
3637575.8383886059746;7.8901418731902595027e-09;
3637909.1939456430264;7.9934094898703733634e-09;
3638242.5495026800781;7.6905486423584079603e-09;
3638575.9050597171299;8.0349140674229602155e-09;
3638909.2606167541817;8.1742532742623552622e-09;
3639242.6161737912335;7.3881221140936759184e-09;
3639575.9717308282852;8.014811037071467581e-09;
3639909.327287865337;7.8607147457887549535e-09;
3640242.6828449023888;9.3560919012247723003e-09;
3640576.0384019394405;7.8763484623323165579e-09;
3640909.3939589764923;7.7323676350715686567e-09;
3641242.7495160135441;7.6052888431377141387e-09;
3641576.1050730505958;8.1598203749422282272e-09;
3641909.4606300876476;7.6771717871793043741e-09;
3642242.8161871246994;7.8196844555122879683e-09;
3642576.1717441617511;7.9887492177022068063e-09;
3642909.5273011988029;7.9313737799679984164e-09;
3643242.8828582358547;8.0139379576849023579e-09;
3643576.2384152729064;7.9471487168802923406e-09;
3643909.5939723099582;8.1036217736141225032e-09;
3644242.94952934701;8.1959949937981946277e-09;
3644576.3050863840617;7.6589996567122398119e-09;
3644909.6606434211135;7.9416633269602243672e-09;
3645243.0162004581653;7.8364204014746974281e-09;
3645576.371757495217;8.3610389722821309988e-09;
3645909.7273145322688;7.6034849527673031844e-09;
3646243.0828715693206;7.8884365706244352623e-09;
3646576.4384286063723;8.0608284491745507694e-09;
3646909.7939856434241;7.7453918834180512931e-09;
3647243.1495426804759;8.1789073291815839184e-09;
3647576.5050997175276;7.6700272799712365668e-09;
3647909.8606567545794;7.6551662786528140714e-09;
3648243.2162137916312;9.4702921060729750025e-09;
3648576.5717708286829;7.7461681513568692026e-09;
3648909.9273278657347;7.4338974975773908227e-09;
3649243.2828849027865;7.426835590962355127e-09;
3649576.6384419398382;7.8056849872609745944e-09;
3649909.99399897689;7.7058848191313700227e-09;
3650243.3495560139418;7.8297048844433447812e-09;
3650576.7051130509935;8.3239459769401946687e-09;
3650910.0606700880453;7.6007342642014918965e-09;
3651243.4162271250971;7.8420665516887311242e-09;
3651576.7717841621488;8.0769453347784292419e-09;
3651910.1273411992006;7.8255251168002359918e-09;
3652243.4828982362524;8.1556645881164513412e-09;
3652576.8384552733041;8.0599509288958870457e-09;
3652910.1940123103559;8.0933215684808601509e-09;
3653243.5495693474077;7.3108115117292982177e-09;
3653576.9051263844594;7.3556427615528718889e-09;
3653910.2606834215112;7.6476922572510375176e-09;
3654243.616240458563;7.7614918936319554632e-09;
3654576.9717974956147;7.9249256046409755072e-09;
3654910.3273545326665;7.2557813091123080085e-09;
3655243.6829115697183;7.7318107472024166782e-09;
3655577.03846860677;8.0891142673067406577e-09;
3655910.3940256438218;8.142336582750431262e-09;
3656243.7495826808736;1.029815432929126473e-08;
3656577.1051397179253;8.6934655030290741706e-09;
3656910.4606967549771;8.3336324507854442345e-09;
3657243.8162537920289;7.6474373500445835816e-09;
3657577.1718108290806;7.5851147585126454942e-09;
3657910.5273678661324;7.980109018035363988e-09;
3658243.8829249031842;7.9604927094578670221e-09;
3658577.2384819402359;8.1157889297855945188e-09;
3658910.5940389772877;7.8731936525855417131e-09;
3659243.9495960143395;7.6336119647635314323e-09;
3659577.3051530513912;7.8323880714492588595e-09;
3659910.660710088443;7.9622406445878368686e-09;
3660244.0162671254948;7.9303985600631676789e-09;
3660577.3718241625465;7.636106857944469084e-09;
3660910.7273811995983;7.4497159552322500531e-09;
3661244.0829382366501;7.6139246019124584564e-09;
3661577.4384952737018;7.6776300872438696388e-09;
3661910.7940523107536;7.5376931363280164078e-09;
3662244.1496093478054;7.8155641958232990874e-09;
3662577.5051663848571;7.6686523797775407729e-09;
3662910.8607234219089;7.9738304847865038028e-09;
3663244.2162804589607;7.8331447994628433662e-09;
3663577.5718374960124;7.9950810416562489991e-09;
3663910.9273945330642;7.8705664208200687426e-09;
3664244.282951570116;8.6828730871957304771e-09;
3664577.6385086071678;7.7042194845944322878e-09;
3664910.9940656442195;8.07913114186931125e-09;
3665244.3496226812713;7.377331634472739097e-09;
3665577.7051797183231;8.0541049385374208214e-09;
3665911.0607367553748;8.4581142090200955863e-09;
3666244.4162937924266;8.2803675027776080242e-09;
3666577.7718508294784;7.7308328627623268403e-09;
3666911.1274078665301;8.0300175397951534251e-09;
3667244.4829649035819;7.6027371065379156789e-09;
3667577.8385219406337;7.5753670003564366198e-09;
3667911.1940789776854;7.9503736927222234954e-09;
3668244.5496360147372;7.8366264588680678571e-09;
3668577.905193051789;7.4413581963028718747e-09;
3668911.2607500888407;7.5701649393522529863e-09;
3669244.6163071258925;7.9495503513271614793e-09;
3669577.9718641629443;7.4284929318935155607e-09;
3669911.327421199996;8.1410780339297161845e-09;
3670244.6829782370478;7.8371771294882819348e-09;
3670578.0385352740996;7.5004704669368038594e-09;
3670911.3940923111513;7.923143918731057056e-09;
3671244.7496493482031;7.4439339137200022378e-09;
3671578.1052063852549;7.9768147642766962235e-09;
3671911.4607634223066;7.6611792465541839192e-09;
3672244.8163204593584;8.984633481645687425e-09;
3672578.1718774964102;7.8450428375731462438e-09;
3672911.5274345334619;7.2966210851177493169e-09;
3673244.8829915705137;7.7133881504209966806e-09;
3673578.2385486075655;7.5052284387311374303e-09;
3673911.5941056446172;8.0658288936774624744e-09;
3674244.949662681669;8.2833064851683957386e-09;
3674578.3052197187208;7.9000859187772221048e-09;
3674911.6607767557725;7.5789339248899523227e-09;
3675245.0163337928243;7.1023906755840471305e-09;
3675578.3718908298761;7.9582411771639272047e-09;
3675911.7274478669278;8.1187971900931188429e-09;
3676245.0830049039796;8.052364997013228276e-09;
3676578.4385619410314;7.7842683410267454747e-09;
3676911.7941189780831;7.7783495200378638401e-09;
3677245.1496760151349;8.1419075925737161015e-09;
3677578.5052330521867;8.1230631110429385444e-09;
3677911.8607900892384;7.4859372034552507102e-09;
3678245.2163471262902;7.986896477518712345e-09;
3678578.571904163342;8.0225017740076509654e-09;
3678911.9274612003937;7.9390414242652695975e-09;
3679245.2830182374455;7.924229272759930609e-09;
3679578.6385752744973;7.6157977701996060205e-09;
3679911.994132311549;6.9758052667623360321e-09;
3680245.3496893486008;9.38651556481318039e-09;
3680578.7052463856526;8.0746467290282453177e-09;
3680912.0608034227043;7.5576087610329523159e-09;
3681245.4163604597561;7.8159212435480185377e-09;
3681578.7719174968079;7.5913533237326191738e-09;
3681912.1274745338596;7.8515229873232783575e-09;
3682245.4830315709114;7.7091879546742347884e-09;
3682578.8385886079632;8.3981648302255962335e-09;
3682912.1941456450149;7.3479582418656264053e-09;
3683245.5497026820667;7.8939539349676124402e-09;
3683578.9052597191185;7.6866992770874276175e-09;
3683912.2608167561702;7.659255452097113448e-09;
3684245.616373793222;7.5994259773892736121e-09;
3684578.9719308302738;7.511651745062408736e-09;
3684912.3274878673255;7.838086624190054863e-09;
3685245.6830449043773;7.9077091541535082797e-09;
3685579.0386019414291;7.9021678089929991984e-09;
3685912.3941589784808;7.7817112753564288141e-09;
3686245.7497160155326;7.9881177228458000172e-09;
3686579.1052730525844;7.9416215825744984613e-09;
3686912.4608300896361;7.8552337967607854807e-09;
3687245.8163871266879;7.9845960954116890207e-09;
3687579.1719441637397;7.4014505635489058477e-09;
3687912.5275012007914;7.9190805024609289831e-09;
3688245.8830582378432;8.9873166686516015034e-09;
3688579.238615274895;7.549659564176636195e-09;
3688912.5941723119467;8.1920648042910215736e-09;
3689245.9497293489985;7.5590556036786438199e-09;
3689579.3052863860503;7.8155641958232990874e-09;
3689912.6608434231021;7.462906737032426463e-09;
3690246.0164004601538;8.2972730908181802079e-09;
3690579.3719574972056;7.7322868108353759453e-09;
3690912.7275145342574;7.611745012070514349e-09;
3691246.0830715713091;7.8648723089713712397e-09;
3691579.4386286083609;7.5155988099595560925e-09;
3691912.7941856454127;7.9360429339203619747e-09;
3692246.1497426824644;7.7695956335332994058e-09;
3692579.5052997195162;7.795256884435275424e-09;
3692912.860856756568;7.3646160281271022541e-09;
3693246.2164137936197;8.203989487753915455e-09;
3693579.5719708306715;7.9389153029296721797e-09;
3693912.9275278677233;7.8795316937885218067e-09;
3694246.283084904775;7.5643695751637096691e-09;
3694579.6386419418268;7.838760751610607258e-09;
3694912.9941989788786;8.1859656830829408136e-09;
3695246.3497560159303;7.5718809000591136282e-09;
3695579.7053130529821;8.040251131546938268e-09;
3695913.0608700900339;8.0520399237116180302e-09;
3696246.4164271270856;1.0284901819090919162e-08;
3696579.7719841641374;8.0907911481631344941e-09;
3696913.1275412011892;7.7266513187623786507e-09;
3697246.4830982382409;7.9712672018672492413e-09;
3697579.8386552752927;7.9201516456350873341e-09;
3697913.1942123123445;7.5691550804890539439e-09;
3698246.5497693493962;7.9226847304880720912e-09;
3698579.905326386448;8.3031927999854815425e-09;
3698913.2608834234998;8.1761779568978454336e-09;
3699246.6164404605515;8.011066476854011853e-09;
3699579.9719974976033;8.2334867812505763141e-09;
3699913.3275545346551;8.1168725074576286715e-09;
3700246.6831115717068;9.1763530107868973573e-09;
3700580.0386686087586;7.8409367887388725649e-09;
3700913.3942256458104;8.4173219505601082346e-09;
3701246.7497826828621;8.4670936928432638524e-09;
3701580.1053397199139;8.6704661228509394277e-09;
3701913.4608967569657;8.498835413206506928e-09;
3702246.8164537940174;7.8887278931460969034e-09;
3702580.1720108310692;8.5252427339810310514e-09;
3702913.527567868121;8.3892590652112630778e-09;
3703246.8831249051727;8.3897155889189889422e-09;
3703580.2386819422245;8.1649247363202448469e-09;
3703913.5942389792763;8.5619999978803207341e-09;
3704246.949796016328;1.004722616215758535e-08;
3704580.3053530533798;8.4736262451201582735e-09;
3704913.6609100904316;7.7319333158243352955e-09;
3705247.0164671274833;8.0543456348891595553e-09;
3705580.3720241645351;8.0135009739024098963e-09;
3705913.7275812015869;8.1368600746145602898e-09;
3706247.0831382386386;8.5968459018204157474e-09;
3706580.4386952756904;8.3330764510947119561e-09;
3706913.7942523127422;8.398622242111741798e-09;
3707247.1498093497939;8.7362259648671169998e-09;
3707580.5053663868457;8.3842497389241543715e-09;
3707913.8609234238975;8.1924538264388502284e-09;
3708247.2164804609492;8.5816056483167812985e-09;
3708580.572037498001;8.3549309692898532376e-09;
3708913.9275945350528;8.7123472880534791329e-09;
3709247.2831515721045;8.2404323364926312934e-09;
3709580.6387086091563;8.452558653004871303e-09;
3709913.9942656462081;8.6433962209753190109e-09;
3710247.3498226832598;8.1301303467284924409e-09;
3710580.7053797203116;8.0782793787648188299e-09;
3710914.0609367573634;8.0251805201214665431e-09;
3711247.4164937944151;8.0536102231576478516e-09;
3711580.7720508314669;7.3664661037753376149e-09;
3711914.1276078685187;8.5158129436990748218e-09;
3712247.4831649055704;8.6588212155902510858e-09;
3712580.8387219426222;8.336912493689396797e-09;
3712914.194278979674;7.8728898955660042702e-09;
3713247.5498360167257;8.4297822056100812915e-09;
3713580.9053930537775;7.9926234519689387525e-09;
3713914.2609500908293;8.5889508838477013342e-09;
3714247.6165071278811;7.9773050387643706927e-09;
3714580.9720641649328;8.090606407051836868e-09;
3714914.3276212019846;8.1883815283845251543e-09;
3715247.6831782390364;8.7233589241009212856e-09;
3715581.0387352760881;7.9299393718201827141e-09;
3715914.3942923131399;7.9077224768298037816e-09;
3716247.7498493501917;8.2890707631122495513e-09;
3716581.1054063872434;8.1859079514856603055e-09;
3716914.4609634242952;8.3761086955291830236e-09;
3717247.816520461347;8.6614839744925120613e-09;
3717581.1720774983987;8.1606090773789219384e-09;
3717914.5276345354505;1.0597525523792228341e-08;
3718247.8831915725023;8.3883007206964066427e-09;
3718581.238748609554;7.7665927022962932824e-09;
3718914.5943056466058;8.3008160345343640074e-09;
3719247.9498626836576;8.1707938193176232744e-09;
3719581.3054197207093;8.4060909344430001511e-09;
3719914.6609767577611;8.4136555500435861177e-09;
3720248.0165337948129;7.7265696063477662392e-09;
3720581.3720908318646;8.0979729588648297067e-09;
3720914.7276478689164;7.9123916307821673399e-09;
3721248.0832049059682;7.7250090768643531192e-09;
3721581.4387619430199;8.0275492919668067771e-09;
3721914.7943189800717;8.4377083098274852091e-09;
3722248.1498760171235;8.113350880023517675e-09;
3722581.5054330541752;7.7670021525477750401e-09;
3722914.860990091227;7.9586328638470149599e-09;
3723248.2165471282788;7.8399038372367613192e-09;
3723581.5721041653305;7.7751254323743523855e-09;
3723914.9276612023823;7.5594277504364981723e-09;
3724248.2832182394341;8.1111135585842930595e-09;
3724581.6387752764858;7.8650934653978765709e-09;
3724914.9943323135376;8.0404349844798161939e-09;
3725248.3498893505894;7.955208047860651277e-09;
3725581.7054463876411;8.0834041682464885525e-09;
3725915.0610034246929;7.9030986199768449296e-09;
3726248.4165604617447;7.8637665268388445838e-09;
3726581.7721174987964;8.318040478627608536e-09;
3726915.1276745358482;7.8080848453510043328e-09;
3727248.4832315729;8.0045108319382052287e-09;
3727581.8387886099517;7.8577047091243912291e-09;
3727915.1943456470035;8.2791169475626702479e-09;
3728248.5499026840553;7.6597128639832590125e-09;
3728581.905459721107;7.7888646643486936227e-09;
3728915.2610167581588;7.7335773340792002273e-09;
3729248.6165737952106;8.2250588562260418257e-09;
3729581.9721308322623;7.6679924632117035799e-09;
3729915.3276878693141;8.2929449973789814976e-09;
3730248.6832449063659;8.3475075740579995909e-09;
3730582.0388019434176;8.0137123603662985261e-09;
3730915.3943589804694;7.7277642063222629076e-09;
3731248.7499160175212;7.7352888538939623686e-09;
3731582.1054730545729;8.1608950708300653787e-09;
3731915.4610300916247;7.874619178949160414e-09;
3732248.8165871286765;7.9442168399168622273e-09;
3732582.1721441657282;7.9153945620191734633e-09;
3732915.52770120278;7.7424813227366939827e-09;
3733248.8832582398318;7.9360429339203619747e-09;
3733582.2388152768835;7.889420672313463001e-09;
3733915.5943723139353;7.5624955186981424049e-09;
3734248.9499293509871;8.1451547728761397593e-09;
3734582.3054863880388;7.7924227070980123244e-09;
3734915.6610434250906;7.6237620660890570434e-09;
3735249.0166004621424;8.052506217381960596e-09;
3735582.3721574991941;7.5028552259936986957e-09;
3735915.7277145362459;8.5708187214095232775e-09;
3736249.0832715732977;7.9637372252250315796e-09;
3736582.4388286103494;7.8388984192656607775e-09;
3736915.7943856474012;7.818214520227684261e-09;
3737249.149942684453;7.8293060923328994249e-09;
3737582.5054997215047;8.0123045975710738276e-09;
3737915.8610567585565;8.1316295919009462523e-09;
3738249.2166137956083;7.9258306584506499348e-09;
3738582.57217083266;7.7682029697712096095e-09;
3738915.9277278697118;7.5936208432381135935e-09;
3739249.2832849067636;7.6344974786479724571e-09;
3739582.6388419438154;7.643341071172926604e-09;
3739915.9943989808671;7.607333429859863827e-09;
3740249.3499560179189;7.8087980526220235333e-09;
3740582.7055130549707;7.8017921012474289455e-09;
3740916.0610700920224;7.8218000965080136666e-09;
3741249.4166271290742;7.4456081300411369739e-09;
3741582.772184166126;7.9544530962039061706e-09;
3741916.1277412031777;8.0159932025480884477e-09;
3742249.4832982402295;7.5346351380289888766e-09;
3742582.8388552772813;7.9900406291244507884e-09;
3742916.194412314333;7.7251716135151582421e-09;
3743249.5499693513848;8.0100814869865644141e-09;
3743582.9055263884366;7.6204811350066847808e-09;
3743916.2610834254883;7.7975714773970139504e-09;
3744249.6166404625401;8.3859728050583726144e-09;
3744582.9721974995919;7.2496657566034627962e-09;
3744916.3277545366436;8.0357320797475040308e-09;
3745249.6833115736954;7.7477873006159825309e-09;
3745583.0388686107472;7.6897244127849262441e-09;
3745916.3944256477989;8.0841990879321201646e-09;
3746249.7499826848507;7.5281514355651779624e-09;
3746583.1055397219025;7.9074871095485832484e-09;
3746916.4610967589542;7.630716503115309024e-09;
3747249.816653796006;7.6484445443725235236e-09;
3747583.1722108330578;7.638468524362451717e-09;
3747916.5277678701095;8.0446165284797643835e-09;
3748249.8833249071613;8.1138216145859587414e-09;
3748583.2388819442131;8.0403212976420945779e-09;
3748916.5944389812648;8.0020647885703510838e-09;
3749249.9499960183166;7.9530417806950026716e-09;
3749583.3055530553684;7.7357649175269216357e-09;
3749916.6611100924201;8.079513946768202004e-09;
3750250.0166671294719;8.0882616160238285374e-09;
3750583.3722241665237;8.0726190176960699318e-09;
3750916.7277812035754;7.8236555012267672282e-09;
3751250.0833382406272;7.6505006774141293135e-09;
3751583.438895277679;7.5724262416088095051e-09;
3751916.7944523147307;7.6322708153497842432e-09;
3752250.1500093517825;8.0171620453484138125e-09;
3752583.5055663888343;7.8527095936919977248e-09;
3752916.861123425886;7.4386394821601697913e-09;
3753250.2166804629378;7.5967694357359505375e-09;
3753583.5722374999896;7.6076673849456710741e-09;
3753916.9277945370413;7.538871749090958474e-09;
3754250.2833515740931;7.8364612576820036338e-09;
3754583.6389086111449;7.8620816523766734463e-09;
3754916.9944656481966;7.5946609001675824402e-09;
3755250.3500226852484;7.7824635624779148202e-09;
3755583.7055797223002;7.6314536912036601279e-09;
3755917.0611367593519;7.9918791584532300476e-09;
3756250.4166937964037;7.8158111094239757222e-09;
3756583.7722508334555;7.9652062723312155867e-09;
3756917.1278078705072;7.9729760571467522823e-09;
3757250.483364907559;7.3457768756668428978e-09;
3757583.8389219446108;7.9115718421007841243e-09;
3757917.1944789816625;8.1018427522394631524e-09;
3758250.5500360187143;7.3815837886570534465e-09;
3758583.9055930557661;8.2246680577213737706e-09;
3758917.2611500928178;7.5520736331213811354e-09;
3759250.6167071298696;7.318302852610258924e-09;
3759583.9722641669214;7.4468244903869162954e-09;
3759917.3278212039731;7.4489832080359974498e-09;
3760250.6833782410249;7.9688735610261574038e-09;
3760584.0389352780767;8.0978725947034035926e-09;
3760917.3944923151284;7.4824004769880048116e-09;
3761250.7500493521802;7.6243509283813182265e-09;
3761584.105606389232;7.4808896854960948986e-09;
3761917.4611634262837;8.2862898764801684592e-09;
3762250.8167204633355;7.3608910078348799289e-09;
3762584.1722775003873;7.7243988982900191331e-09;
3762917.527834537439;7.4574550978923070943e-09;
3763250.8833915744908;7.8641537726298338384e-09;
3763584.2389486115426;8.0809616775923132082e-09;
3763917.5945056485943;7.64891527893496459e-09;
3764250.9500626856461;7.1177539417988100467e-09;
3764584.3056197226979;7.5878601180079385813e-09;
3764917.6611767597497;7.8628552557802322553e-09;
3765251.0167337968014;7.6341617472053258098e-09;
3765584.3722908338532;7.8665856051429727813e-09;
3765917.727847870905;7.8604109887692175107e-09;
3766251.0834049079567;7.8085928834070728044e-09;
3766584.4389619450085;7.6075608035353070591e-09;
3766917.7945189820603;7.7630604167211458844e-09;
3767251.150076019112;7.8472481845892616548e-09;
3767584.5056330561638;7.0692669495997506601e-09;
3767917.8611900932156;7.8809989645378664136e-09;
3768251.2167471302673;7.4038175590374066815e-09;
3768584.5723041673191;7.4215273926370173285e-09;
3768917.9278612043709;7.5459070103534031659e-09;
3769251.2834182414226;7.2423333996596284123e-09;
3769584.6389752784744;7.9058342095095213153e-09;
3769917.9945323155262;8.0188105044953772449e-09;
3770251.3500893525779;7.7027175748867193761e-09;
3770584.7056463896297;7.6158910289336745336e-09;
3770918.0612034266815;8.0839290816925313266e-09;
3771251.4167604637332;8.0299749072310078191e-09;
3771584.772317500785;7.928810497048743855e-09;
3771918.1278745378368;7.832263726470500842e-09;
3772251.4834315748885;7.6441999397047766251e-09;
3772584.8389886119403;7.587886763360529585e-09;
3772918.1945456489921;8.1795974438136909157e-09;
3773251.5501026860438;7.5308106417537601374e-09;
3773584.9056597230956;7.8075643727970600594e-09;
3773918.2612167601474;7.2412142948508062545e-09;
3774251.6167737971991;7.8271744641256191244e-09;
3774584.9723308342509;7.695305725974321831e-09;
3774918.3278878713027;7.6770909629431116628e-09;
3775251.6834449083544;8.0379205513736451394e-09;
3775585.0390019454062;7.4075252598504448542e-09;
3775918.394558982458;7.768284682185822021e-09;
3776251.7501160195097;7.9109598871696107381e-09;
3776585.1056730565615;7.8208932663414998387e-09;
3776918.4612300936133;7.859044082181299018e-09;
3777251.816787130665;7.8111721535378819681e-09;
3777585.1723441677168;7.6194242026872416318e-09;
3777918.5279012047686;7.3863182237232649641e-09;
3778251.8834582418203;7.5123249843045414309e-09;
3778585.2390152788721;7.0069399171757140721e-09;
3778918.5945723159239;7.4311423681194810342e-09;
3779251.9501293529756;7.8332407227321709797e-09;
3779585.3056863900274;7.7685440302843744576e-09;
3779918.6612434270792;7.4952275497253140202e-09;
3780252.0168004641309;7.6727220132966067467e-09;
3780585.3723575011827;7.8478690213046320423e-09;
3780918.7279145382345;8.0632078791609274049e-09;
3781252.0834715752862;7.2151196128800165752e-09;
3781585.439028612338;7.6324724318510561716e-09;
3781918.7945856493898;7.8215114385216111259e-09;
3782252.1501426864415;7.9985786882730280922e-09;
3782585.5056997234933;7.8312458740015244985e-09;
3782918.8612567605451;7.9884960868525922706e-09;
3783252.2168137975968;7.4386528048364652932e-09;
3783585.5723708346486;7.4048842613194665319e-09;
3783918.9279278717004;7.8694881722185527906e-09;
3784252.2834849087521;7.7681896470949141076e-09;
3784585.6390419458039;8.0146413949933048571e-09;
3784918.9945989828557;7.8261708225113579829e-09;
3785252.3501560199074;7.8687136806365742814e-09;
3785585.7057130569592;7.2220438518399987515e-09;
3785919.061270094011;7.87459075723973001e-09;
3786252.4168271310627;8.1179845068390932283e-09;
3786585.7723841681145;8.3324023236741595611e-09;
3786919.1279412051663;7.7134423293045983883e-09;
3787252.483498242218;7.7716970636743099021e-09;
3787585.8390552792698;7.9302040489892533515e-09;
3787919.1946123163216;7.5478299166320539371e-09;
3788252.5501693533733;7.4798380822471699503e-09;
3788585.9057263904251;7.6311446051136044844e-09;
3788919.2612834274769;7.7844326540343899978e-09;
3789252.6168404645287;7.6340409549402465927e-09;
3789585.9723975015804;7.7809456655586473062e-09;
3789919.3279545386322;7.7507280593636096455e-09;
3790252.683511575684;7.7345418958429945633e-09;
3790586.0390686127357;7.5024209067464653344e-09;
3790919.3946256497875;7.9364337324250300298e-09;
3791252.7501826868393;7.3315185034061869374e-09;
3791586.105739723891;7.603539131650904892e-09;
3791919.4612967609428;7.9399340435770682234e-09;
3792252.8168537979946;7.6182864461316057714e-09;
3792586.1724108350463;7.7238961893044688622e-09;
3792919.5279678720981;8.1462134815524223086e-09;
3793252.8835249091499;7.5091453055620149826e-09;
3793586.2390819462016;7.6979826957312980085e-09;
3793919.5946389832534;7.7697723810388197307e-09;
3794252.9501960203052;7.7639192852529959055e-09;
3794586.3057530573569;7.3937571620774633629e-09;
3794919.6613100944087;7.3333987771206921025e-09;
3795253.0168671314605;7.4446009357131970319e-09;
3795586.3724241685122;7.724412220966314635e-09;
3795919.727981205564;7.8036972439576857141e-09;
3796253.0835382426158;7.7880573101651862089e-09;
3796586.4390952796675;7.3993056126653300453e-09;
3796919.7946523167193;7.9686355292096777703e-09;
3797253.1502093537711;7.3034178704745045252e-09;
3797586.5057663908228;7.1639303378390195576e-09;
3797919.8613234278746;7.7749744420430033642e-09;
3798253.2168804649264;7.8843083173296690802e-09;
3798586.5724375019781;7.643971677850913693e-09;
3798919.9279945390299;7.3392887323109334829e-09;
3799253.2835515760817;7.1820251967835702089e-09;
3799586.6391086131334;7.5500183882581950456e-09;
3799919.9946656501852;7.4379076231423368881e-09;
3800253.350222687237;7.6780484192795483978e-09;
3800586.7057797242887;7.3281833934402129671e-09;
3800920.0613367613405;7.143408087273428464e-09;
3801253.4168937983923;7.2369665815585904056e-09;
3801586.772450835444;7.4275532391254728282e-09;
3801920.1280078724958;7.635610366207856714e-09;
3802253.4835649095476;7.4136310423966733651e-09;
3802586.8391219465993;7.905931020957268629e-09;
3802920.1946789836511;7.6961033101952125435e-09;
3803253.5502360207029;7.3607484551985180588e-09;
3803586.9057930577546;7.7500610373704148515e-09;
3803920.2613500948064;7.7046253821322352451e-09;
3804253.6169071318582;7.6096187129337522492e-09;
3804586.9724641689099;7.6300592510847309313e-09;
3804920.3280212059617;7.4134094418809581839e-09;
3805253.6835782430135;7.2871033651722427749e-09;
3805587.0391352800652;7.5637709429088317847e-09;
3805920.394692317117;8.0068032204394512519e-09;
3806253.7502493541688;7.9583388767900942184e-09;
3806587.1058063912205;7.5236563645830756286e-09;
3806920.4613634282723;7.1697470183096356777e-09;
3807253.8169204653241;8.0646813671592099126e-09;
3807587.1724775023758;8.0445738959156187775e-09;
3807920.5280345394276;7.8027513339407050807e-09;
3808253.8835915764794;7.7937913900427702174e-09;
3808587.2391486135311;7.7777890794550330611e-09;
3808920.5947056505829;7.5320016890145780053e-09;
3809253.9502626876347;7.3360664210042614286e-09;
3809587.3058197246864;7.5445028002718572679e-09;
3809920.6613767617382;7.5980244318429868144e-09;
3810254.01693379879;7.6623374312134728825e-09;
3810587.3724908358417;7.6518720248941463069e-09;
3810920.7280478728935;8.2483113672537911043e-09;
3811254.0836049099453;7.4556210094556263357e-09;
3811587.439161946997;8.0292696935657659196e-09;
3811920.7947189840488;7.7421820066092550405e-09;
3812254.1502760211006;7.5590156356497573142e-09;
3812587.5058330581523;7.6588646535924453929e-09;
3812920.8613900952041;7.6339201626751673757e-09;
3813254.2169471322559;7.6164123896660385071e-09;
3813587.5725041693076;7.4345112288654036092e-09;
3813920.9280612063594;7.8298700856294090045e-09;
3814254.2836182434112;7.4591453014249964326e-09;
3814587.639175280463;7.5015504918951592117e-09;
3814920.9947323175147;7.9630941840491686889e-09;
3815254.3502893545665;8.0471469487974900403e-09;
3815587.7058463916183;7.347261021806161807e-09;
3815921.06140342867;7.559467718465384678e-09;
3816254.4169604657218;8.0913888922395926784e-09;
3816587.7725175027736;7.4188162280108826963e-09;
3816921.1280745398253;8.2447764171433846059e-09;
3817254.4836315768771;7.9104465200430240657e-09;
3817587.8391886139289;7.5153216982926096534e-09;
3817921.1947456509806;7.5002457577966197277e-09;
3818254.5503026880324;7.9064728097932857054e-09;
3818587.9058597250842;7.3206689599203400576e-09;
3818921.2614167621359;7.3578010351127431932e-09;
3819254.6169737991877;7.4090737989251920226e-09;
3819587.9725308362395;7.169784765892472933e-09;
3819921.3280878732912;8.0595965457064266957e-09;
3820254.683644910343;7.9726962809445467428e-09;
3820588.0392019473948;7.7470385662081753253e-09;
3820921.3947589844465;7.6924946412759709347e-09;
3821254.7503160214983;7.6355570755026747065e-09;
3821588.1058730585501;7.5066921567668032367e-09;
3821921.4614300956018;8.0738953300851790118e-09;
3822254.8169871326536;7.9966966382016835269e-09;
3822588.1725441697054;7.4906072455860339687e-09;
3822921.5281012067571;7.6082153910306260514e-09;
3823254.8836582438089;7.3941728295778830216e-09;
3823588.2392152808607;7.5519945852420278243e-09;
3823921.5947723179124;7.3406556388988519757e-09;
3824254.9503293549642;7.1854073802057882858e-09;
3824588.305886392016;7.5009447542129237263e-09;
3824921.6614434290677;7.6852408881222800119e-09;
3825255.0170004661195;7.650312383589152887e-09;
3825588.3725575031713;7.714688443627437664e-09;
3825921.728114540223;7.8123800761886741384e-09;
3826255.0836715772748;8.0497484233887917071e-09;
3826588.4392286143266;8.1877633562044138671e-09;
3826921.7947856513783;7.5838091362356863101e-09;
3827255.1503426884301;7.5817840894387700246e-09;
3827588.5058997254819;7.3533299449479727627e-09;
3827921.8614567625336;7.535283508275369968e-09;
3828255.2170137995854;7.6773334356516897969e-09;
3828588.5725708366372;8.1073530111552827293e-09;
3828921.9281278736889;8.0848669981037346588e-09;
3829255.2836849107407;7.326934614582114591e-09;
3829588.6392419477925;7.8386097612792582368e-09;
3829921.9947989848442;8.1860802580990821298e-09;
3830255.350356021896;7.2691648256295593455e-09;
3830588.7059130589478;7.3783166243401865358e-09;
3830922.0614700959995;7.8590165486502883141e-09;
3831255.4170271330513;7.945626379068926326e-09;
3831588.7725841701031;7.8673592085465315904e-09;
3831922.1281412071548;7.8304207562496230821e-09;
3832255.4836982442066;7.8194233310568961315e-09;
3832588.8392552812584;7.7625550432003365131e-09;
3832922.1948123183101;7.4320172238628856576e-09;
3833255.5503693553619;7.6085227007638422947e-09;
3833588.9059263924137;7.745759589283807145e-09;
3833922.2614834294654;8.0213462538836211024e-09;
3834255.6170404665172;7.4144512751672664308e-09;
3834588.972597503569;7.6702963980324057047e-09;
3834922.3281545406207;7.542368507529317867e-09;
3835255.6837115776725;7.5501773721953213681e-09;
3835589.0392686147243;7.2795542926940015604e-09;
3835922.394825651776;7.6308772634092747467e-09;
3836255.7503826888278;7.6224226930321492546e-09;
3836589.1059397258796;7.1107053578600698529e-09;
3836922.4614967629313;7.906598042950463423e-09;
3837255.8170537999831;7.6080546307366603287e-09;
3837589.1726108370349;7.7582065216574847e-09;
3837922.5281678740866;7.622503517268341966e-09;
3838255.8837249111384;7.4313644127244060655e-09;
3838589.2392819481902;7.2082153579344776517e-09;
3838922.5948389852419;7.5472330607340154529e-09;
3839255.9503960222937;7.5831163570683202124e-09;
3839589.3059530593455;7.7678894427890554653e-09;
3839922.6615100963973;7.817157587908241112e-09;
3840256.017067133449;7.7019324251637044654e-09;
3840589.3726241705008;7.5907529151209018892e-09;
3840922.7281812075526;7.5047799086291888671e-09;
3841256.0837382446043;7.5459736237348806753e-09;
3841589.4392952816561;7.5931003706841693202e-09;
3841922.7948523187079;7.6057293796338854008e-09;
3842256.1504093557596;7.7759718664083266049e-09;
3842589.5059663928114;7.3418680024417426466e-09;
3842922.8615234298632;7.4864638932581328845e-09;
3843256.2170804669149;7.0616952285718070925e-09;
3843589.5726375039667;7.7066832915306804352e-09;
3843922.9281945410185;7.5824901912824316241e-09;
3844256.2837515780702;7.5286541445507282333e-09;
3844589.639308615122;7.5720274494983641489e-09;
3844922.9948656521738;7.7200299486435142171e-09;
3845256.3504226892255;7.8698478844785313413e-09;
3845589.7059797262773;8.070165868900858186e-09;
3845923.0615367633291;7.9943509589952554961e-09;
3846256.4170938003808;7.6869426379744254518e-09;
3846589.7726508374326;7.4791284276898295502e-09;
3846923.1282078744844;7.7306161472279200098e-09;
3847256.4837649115361;7.9094180094330113207e-09;
3847589.8393219485879;7.9156450283335288987e-09;
3847923.1948789856397;7.5001143073905041092e-09;
3848256.5504360226914;8.0509359179359307745e-09;
3848589.9059930597432;7.7174000523427821463e-09;
3848923.261550096795;7.6901702783516157069e-09;
3849256.6171071338467;7.8761264177273915266e-09;
3849589.9726641708985;7.4366406366266346595e-09;
3849923.3282212079503;7.4705930330765113467e-09;
3850256.683778245002;7.7348545346467290074e-09;
3850590.0393352820538;7.8842807837986583763e-09;
3850923.3948923191056;7.6050348241096799029e-09;
3851256.7504493561573;7.480389641045803728e-09;
3851590.1060063932091;8.1522548711632225604e-09;
3851923.4615634302609;7.4009434136712570762e-09;
3852256.8171204673126;8.0405762048485485138e-09;
3852590.1726775043644;7.7857045255314005772e-09;
3852923.5282345414162;7.3273982437171980564e-09;
3853256.8837915784679;7.4878316880244710774e-09;
3853590.2393486155197;8.0043980332789033127e-09;
3853923.5949056525715;7.4405086536444287049e-09;
3854256.9504626896232;7.8828676919329154771e-09;
3854590.306019726675;8.0108133460043973173e-09;
3854923.6615767637268;7.8779809342677253881e-09;
3855257.0171338007785;7.5412298627952623065e-09;
3855590.3726908378303;7.7284978416969352111e-09;
3855923.7282478748821;7.5812911504158364551e-09;
3856257.0838049119338;7.9933251129205018515e-09;
3856590.4393619489856;7.4963208973599648743e-09;
3856923.7949189860374;7.816951530514870683e-09;
3857257.1504760230891;7.9622681781188475725e-09;
3857590.5060330601409;7.2405907936001767666e-09;
3857923.8615900971927;7.3354091689736833359e-09;
3858257.2171471342444;7.3048678217446649796e-09;
3858590.5727041712962;7.6640471746713956236e-09;
3858923.928261208348;7.5077997152561692928e-09;
3859257.2838182453997;7.6433810392018131097e-09;
3859590.6393752824515;7.5377464270331984153e-09;
3859923.9949323195033;7.8109110290824901313e-09;
3860257.350489356555;7.7104749252043802699e-09;
3860590.7060463936068;7.789958900161764177e-09;
3860924.0616034306586;7.3816095458312247501e-09;
3861257.4171604677103;7.8467383701763537829e-09;
3861590.7727175047621;7.4529626914454638609e-09;
3861924.1282745418139;7.4871611133175974828e-09;
3862257.4838315788656;7.8713133788710365479e-09;
3862590.8393886159174;7.5149912959204812068e-09;
3862924.1949456529692;7.8082083021513426502e-09;
3863257.5505026900209;7.8791710933501235559e-09;
3863590.9060597270727;8.2106943466442317003e-09;
3863924.2616167641245;7.487857445198642381e-09;
3864257.6171738011762;7.776136179415971128e-09;
3864590.972730838228;7.2366614922714234126e-09;
3864924.3282878752798;8.1349735836511172238e-09;
3865257.6838449123316;7.8535924430411796493e-09;
3865591.0394019493833;7.9154647281143297732e-09;
3865924.3949589864351;7.8324013941255543614e-09;
3866257.7505160234869;7.6506889712391057401e-09;
3866591.1060730605386;7.1451777827746809635e-09;
3866924.4616300975904;7.7969826151047527674e-09;
3867257.8171871346422;7.6345507693531544646e-09;
3867591.1727441716939;7.8205495412930758903e-09;
3867924.5283012087457;7.6562685080716619268e-09;
3868257.8838582457975;7.5217272410554869566e-09;
3868591.2394152828492;8.0557036596928810468e-09;
3868924.594972319901;7.190748885221864839e-09;
3869257.9505293569528;8.3770208547662150522e-09;
3869591.3060863940045;8.1991489153665497724e-09;
3869924.6616434310563;8.0030346794046636205e-09;
3870258.0172004681081;7.8830337812973994005e-09;
3870591.3727575051598;7.7745783144678171084e-09;
3870924.7283145422116;8.4188007676289089432e-09;
3871258.0838715792634;8.5004634442498172575e-09;
3871591.4394286163151;7.8137798453781215358e-09;
3871924.7949856533669;7.8109110290824901313e-09;
3872258.1505426904187;9.0189491430692214635e-09;
3872591.5060997274704;7.7706054923964984482e-09;
3872924.8616567645222;7.880292862694204814e-09;
3873258.217213801574;8.6907174789985219832e-09;
3873591.5727708386257;7.6630239931319010793e-09;
3873924.9283278756775;8.3055713417934384779e-09;
3874258.2838849127293;7.9756521387253087596e-09;
3874591.639441949781;8.2479489904585534532e-09;
3874924.9949989868328;8.3042435150559867907e-09;
3875258.3505560238846;8.317558197745711368e-09;
3875591.7061130609363;8.2020585878694873827e-09;
3875925.0616700979881;8.5821181272649482707e-09;
3876258.4172271350399;9.6983390207583397569e-09;
3876591.7727841720916;8.7807228155156735738e-09;
3876925.1283412091434;8.1319440070615200966e-09;
3877258.4838982461952;8.1964124376554536866e-09;
3877591.8394552832469;8.0909909883075670223e-09;
3877925.1950123202987;8.5863858245716073725e-09;
3878258.5505693573505;7.9371860195465160359e-09;
3878591.9061263944022;8.5875475619445751363e-09;
3878925.261683431454;8.5317903852910603746e-09;
3879258.6172404685058;8.7853360142275960243e-09;
3879591.9727975055575;8.3428464137114133337e-09;
3879925.3283545426093;8.0523934187226586801e-09;
3880258.6839115796611;9.7831795997649351193e-09;
3880592.0394686167128;9.2293479525551447296e-09;
3880925.3950256537646;8.5140028360797259666e-09;
3881258.7505826908164;8.5519582526671911182e-09;
3881592.1061397278681;8.0526900703148385219e-09;
3881925.4616967649199;8.653879390863039589e-09;
3882258.8172538019717;7.9867987778925453313e-09;
3882592.1728108390234;8.4611313511118169117e-09;
3882925.5283678760752;8.358175485057017795e-09;
3883258.883924913127;8.6748235261779882421e-09;
3883592.2394819501787;8.5812894567993680539e-09;
3883925.5950389872305;7.8911392975555827434e-09;
3884258.9505960242823;9.12119446638826048e-09;
3884592.306153061334;8.3630808944690215867e-09;
3884925.6617100983858;8.474757784426856233e-09;
3885259.0172671354376;8.7715337215854560782e-09;
3885592.3728241724893;8.4072286909986360115e-09;
3885925.7283812095411;8.6686080535969267657e-09;
3886259.0839382465929;8.6662934606351882394e-09;
3886592.4394952836446;8.6175004909705421596e-09;
3886925.7950523206964;8.0764488430418168718e-09;
3887259.1506093577482;8.2833500059109610447e-09;
3887592.5061663947999;8.1923667849537196162e-09;
3887925.8617234318517;8.2678814905534636637e-09;
3888259.2172804689035;9.8249977042996761156e-09;
3888592.5728375059552;8.5209457267865218455e-09;
3888925.928394543007;8.2201614404198153352e-09;
3889259.2839515800588;8.4916269571522207116e-09;
3889592.6395086171106;8.6669782461967770359e-09;
3889925.9950656541623;8.2115452215703044203e-09;
3890259.3506226912141;8.4182687487555085681e-09;
3890592.7061797282659;8.7122860037425198243e-09;
3890926.0617367653176;8.286756170150511025e-09;
3891259.4172938023694;8.3046520771290488483e-09;
3891592.7728508394212;8.4564799607278473559e-09;
3891926.1284078764729;8.2387243693915479525e-09;
3892259.4839649135247;8.6926563724887273565e-09;
3892592.8395219505765;8.384160921082184359e-09;
3892926.1950789876282;8.1331155143971045618e-09;
3893259.55063602468;8.6537275123532708676e-09;
3893592.9061930617318;8.4453013471375015797e-09;
3893926.2617500987835;1.1828595880558623321e-08;
3894259.6173071358353;8.2970981196694992832e-09;
3894592.9728641728871;8.3335738310097440262e-09;
3894926.3284212099388;8.0127833257392921951e-09;
3895259.6839782469906;8.38665048519260381e-09;
3895593.0395352840424;8.4745339634650918015e-09;
3895926.3950923210941;8.6450056002718156378e-09;
3896259.7506493581459;8.3262863270761044987e-09;
3896593.1062063951977;8.5802343008367643051e-09;
3896926.4617634322494;8.5167259911145265505e-09;
3897259.8173204693012;8.154776409696751216e-09;
3897593.172877506353;7.4935160299105518789e-09;
3897926.5284345434047;8.3457338817538584408e-09;
3898259.8839915804565;8.0750162112508405698e-09;
3898593.2395486175083;7.5519412945368458168e-09;
3898926.59510565456;7.6281825300839045667e-09;
3899259.9506626916118;7.5418258305148810905e-09;
3899593.3062197286636;7.9671380603940633591e-09;
3899926.6617767657153;8.3098177228180247766e-09;
3900260.0173338027671;7.5865136395236731914e-09;
3900593.3728908398189;8.1592759215709520504e-09;
3900926.7284478768706;8.3473761236518839723e-09;
3901260.0840049139224;8.2474560514356198837e-09;
3901593.4395619509742;8.0507520650030528486e-09;
3901926.7951189880259;8.0659567913698992925e-09;
3902260.1506760250777;7.6744344212897885882e-09;
3902593.5062330621295;7.7028525780065137951e-09;
3902926.8617900991812;7.6593895670384881669e-09;
3903260.217347136233;8.4583522408365752199e-09;
3903593.5729041732848;7.649680888732746098e-09;
3903926.9284612103365;7.5298185464589550975e-09;
3904260.2840182473883;7.8566282368797146773e-09;
3904593.6395752844401;7.9077224768298037816e-09;
3904926.9951323214918;8.3267108763607211586e-09;
3905260.3506893585436;7.664652912353631109e-09;
3905593.7062463955954;7.7654744856658908247e-09;
3905927.0618034326471;8.0382314138205401832e-09;
3906260.4173604696989;7.3504500264220951067e-09;
3906593.7729175067507;7.8119954949329439842e-09;
3906927.1284745438024;7.9209447889638795459e-09;
3907260.4840315808542;7.834327853117883933e-09;
3907593.839588617906;7.9391107021820062073e-09;
3907927.1951456549577;7.8038890904963409412e-09;
3908260.5507026920095;8.0605166985492360254e-09;
3908593.9062597290613;7.6075465926805918571e-09;
3908927.261816766113;7.7956263666578706761e-09;
3909260.6173738031648;7.53508455630935714e-09;
3909593.9729308402166;7.6295094686429365538e-09;
3909927.3284878772683;7.7024742139997215418e-09;
3910260.6840449143201;7.9719821854951078421e-09;
3910594.0396019513719;7.207961782995653266e-09;
3910927.3951589884236;7.3574133452325440885e-09;
3911260.7507160254754;8.3046520771290488483e-09;
3911594.1062730625272;7.5581398917279329908e-09;
3911927.4618300995789;7.7915736085287790047e-09;
3912260.8173871366307;8.0228117482761263091e-09;
3912594.1729441736825;8.3065190281672585115e-09;
3912927.5285012107342;7.550893244001599669e-09;
3913260.884058247786;7.8792963265073012735e-09;
3913594.2396152848378;7.7195014824837926426e-09;
3913927.5951723218895;7.7301267609186652408e-09;
3914260.9507293589413;8.0271966851341858273e-09;
3914594.3062863959931;8.506587434453649621e-09;
3914927.6618434330449;8.02402411181901698e-09;
3915261.0174004700966;7.7426847155948053114e-09;
3915594.3729575071484;7.6041262175863266748e-09;
3915927.7285145442002;7.8084010368684175774e-09;
3916261.0840715812519;7.3932509003782342916e-09;
3916594.4396286183037;7.8697235394997733238e-09;
3916927.7951856553555;8.0089410658956694533e-09;
3917261.1507426924072;7.4216317536013320932e-09;
3917594.506299729459;8.0331918894671616727e-09;
3917927.8618567665108;7.9244104611575494346e-09;
3918261.2174138035625;7.3942247880154354789e-09;
3918594.5729708406143;8.2511375509852769028e-09;
3918927.9285278776661;7.1808901047631934489e-09;
3919261.2840849147178;7.3289170288148852705e-09;
3919594.6396419517696;8.3396809458236020873e-09;
3919927.9951989888214;7.4858981236047839047e-09;
3920261.3507560258731;7.823916625682159065e-09;
3920594.7063130629249;7.6658244196892155742e-09;
3920928.0618700999767;7.9784125972537367488e-09;
3921261.4174271370284;7.4155197538061656815e-09;
3921594.7729841740802;7.5721473535850236658e-09;
3921928.128541211132;7.9449291590094617277e-09;
3922261.4840982481837;7.6852950670058817195e-09;
3922594.8396552852355;7.4440515973606125044e-09;
3922928.1952123222873;7.598744744541363616e-09;
3923261.550769359339;7.6820692029855308647e-09;
3923594.9063263963908;7.5415211853169239475e-09;
3923928.2618834334426;7.4225052770771071664e-09;
3924261.6174404704943;7.3815837886570534465e-09;
3924594.9729975075461;7.5803860966061620275e-09;
3924928.3285545445979;7.7498016892718624149e-09;
3925261.6841115816496;7.5226651574666902889e-09;
3925595.0396686187014;7.7013915245061070891e-09;
3925928.3952256557532;7.6456636577404424315e-09;
3926261.7507826928049;7.5886728012619641959e-09;
3926595.1063397298567;7.8623028088031787775e-09;
3926928.4618967669085;7.4881336686871691199e-09;
3927261.8174538039602;7.660815981580526568e-09;
3927595.173010841012;7.590553074976469361e-09;
3927928.5285678780638;8.0223747644936338475e-09;
3928261.8841249151155;7.6735853227205552685e-09;
3928595.2396819521673;7.6318418251730690827e-09;
3928928.5952389892191;7.5963821899449612829e-09;
3929261.9507960262708;7.8112272205999033758e-09;
3929595.3063530633226;7.7212369831158866873e-09;
3929928.6619101003744;7.4983361741942644585e-09;
3930262.0174671374261;7.9807955799537921848e-09;
3930595.3730241744779;7.8116801915939504397e-09;
3930928.7285812115297;7.3159891478269400977e-09;
3931262.0841382485814;7.9689153054118833097e-09;
3931595.4396952856332;7.6828925443805928808e-09;
3931928.795252322685;7.6116375424817306339e-09;
3932262.1508093597367;7.619155972804492194e-09;
3932595.5063663967885;7.5871531279858572816e-09;
3932928.8619234338403;8.0223614418173383456e-09;
3933262.217480470892;7.8495787647625547834e-09;
3933595.5730375079438;8.0363822263507245225e-09;
3933928.9285945449956;7.4850170506124413805e-09;
3934262.2841515820473;8.2990512240144198586e-09;
3934595.6397086190991;7.9732282998179471178e-09;
3934928.9952656561509;8.184628086382872425e-09;
3935262.3508226932026;7.9778663675256211718e-09;
3935595.7063797302544;8.0580822015008379822e-09;
3935929.0619367673062;7.8546404935764257971e-09;
3936262.4174938043579;7.9627300308970916376e-09;
3936595.7730508414097;8.1601072565717913676e-09;
3936929.1286078784615;8.1522832928726529644e-09;
3937262.4841649155132;8.142350793605146464e-09;
3937595.839721952565;7.7745374582605109026e-09;
3937929.1952789896168;7.8963395822029269766e-09;
3938262.5508360266685;8.5324645127116127696e-09;
3938595.9063930637203;8.2588380578840769886e-09;
3938929.2619501007721;7.6938997395359365328e-09;
3939262.6175071378238;8.2082856067700049607e-09;
3939595.9730641748756;7.874619178949160414e-09;
3939929.3286212119274;7.9067641323149473465e-09;
3940262.6841782489792;7.907945409613148513e-09;
3940596.0397352860309;8.1906117443963921687e-09;
3940929.3952923230827;7.5941279931157623651e-09;
3941262.7508493601345;8.2528188727337692399e-09;
3941596.1064063971862;7.6350872291186533403e-09;
3941929.461963434238;8.1510949101470941969e-09;
3942262.8175204712898;8.0765198973153928819e-09;
3942596.1730775083415;7.4726536070102156373e-09;
3942929.5286345453933;8.50728998358363242e-09;
3943262.8841915824451;8.2301028214715188369e-09;
3943596.2397486194968;7.9969915134370239684e-09;
3943929.5953056565486;8.1631750248334356002e-09;
3944262.9508626936004;8.4554843127193635155e-09;
3944596.3064197306521;8.3196631806004006648e-09;
3944929.6619767677039;7.8808879422354038979e-09;
3945263.0175338047557;7.500694287898568291e-09;
3945596.3730908418074;8.3014279894655373937e-09;
3945929.7286478788592;7.9077784320702448895e-09;
3946263.084204915911;8.3333979716826434014e-09;
3946596.4397619529627;7.6866184528512349061e-09;
3946929.7953189900145;7.5546351396837962966e-09;
3947263.1508760270663;7.8811375203713396331e-09;
3947596.506433064118;8.3298266062570291979e-09;
3947929.8619901011698;7.8420390181577204203e-09;
3948263.2175471382216;8.079542368477632408e-09;
3948596.5731041752733;8.2347595409260065935e-09;
3948929.9286612123251;8.200791157264575304e-09;
3949263.2842182493769;7.9992954482577260933e-09;
3949596.6397752864286;7.8436235284584654437e-09;
3949929.9953323234804;7.424318049231715122e-09;
3950263.3508893605322;7.753710562496962666e-09;
3950596.7064463975839;7.9173974043555972457e-09;
3950930.0620034346357;8.1377748983868514188e-09;
3951263.4175604716875;7.8093194133543875068e-09;
3951596.7731175087392;8.1855340283709665528e-09;
3951930.128674545791;7.6595245701582825859e-09;
3952263.4842315828428;8.2630604580913313839e-09;
3952596.8397886198945;7.5381967334919863788e-09;
3952930.1953456569463;7.3465256100746501033e-09;
3953263.5509026939981;7.4788530923797225114e-09;
3953596.9064597310498;8.4711704317896874272e-09;
3953930.2620167681016;8.1959372622009141196e-09;
3954263.6175738051534;7.9445241496500784706e-09;
3954596.9731308422051;7.6839858920152437349e-09;
3954930.3286878792569;7.8746325016254559159e-09;
3955263.6842449163087;8.055364375536555599e-09;
3955597.0398019533604;8.2674889156919562083e-09;
3955930.3953589904122;8.101031845342276938e-09;
3956263.750916027464;7.3716832638126561505e-09;
3956597.1064730645157;7.8842115058819217666e-09;
3956930.4620301015675;8.1946129881771412329e-09;
3957263.8175871386193;7.5839023949697548233e-09;
3957597.173144175671;7.8689907923035207205e-09;
3957930.5287012127228;7.9726261148493904329e-09;
3958263.8842582497746;7.7777615459240223572e-09;
3958597.2398152868263;7.7057222824805648997e-09;
3958930.5953723238781;7.8718391804954990221e-09;
3959263.9509293609299;7.6667134862873353995e-09;
3959597.3064863979816;7.7136590448390052188e-09;
3959930.6620434350334;7.833185655670149572e-09;
3960264.0176004720852;7.5167205793036373507e-09;
3960597.3731575091369;7.6490893619052258146e-09;
3960930.7287145461887;8.0821118686458248703e-09;
3961264.0842715832405;7.7534654252531254315e-09;
3961597.4398286202922;7.9247586270980718837e-09;
3961930.795385657344;8.1827016273905428534e-09;
3962264.1509426943958;7.1559558278977419832e-09;
3962597.5064997314475;7.8507502720981392486e-09;
3962930.8620567684993;7.0745840297092854598e-09;
3963264.2176138055511;7.7615736060465678747e-09;
3963597.5731708426028;8.0404625180108268978e-09;
3963930.9287278796546;7.6382802305374752905e-09;
3964264.2842849167064;7.935945234294194961e-09;
3964597.6398419537582;7.384346467631530686e-09;
3964930.9953989908099;7.6743669197298913787e-09;
3965264.3509560278617;7.7656654440261263517e-09;
3965597.7065130649135;7.5544361877177834685e-09;
3965931.0620701019652;7.218479591841742149e-09;
3966264.417627139017;7.8633934919025705312e-09;
3966597.7731841760688;7.4348118772604721016e-09;
3966931.1287412131205;7.7259318942424215493e-09;
3967264.4842982501723;7.8787696367044190993e-09;
3967597.8398552872241;7.6024031514521084318e-09;
3967931.1954123242758;7.5481478845063065819e-09;
3968264.5509693613276;8.0213462538836211024e-09;
3968597.9065263983794;7.9962889643070411694e-09;
3968931.2620834354311;7.3879533601939328946e-09;
3969264.6176404724829;7.7771336037812943687e-09;
3969597.9731975095347;7.4899100255265693704e-09;
3969931.3287545465864;7.4915416092835585005e-09;
3970264.6843115836382;7.5346484607052843785e-09;
3970598.03986862069;7.4315078535391876358e-09;
3970931.3954256577417;7.4049100184936378355e-09;
3971264.7509826947935;7.7031234724245223333e-09;
3971598.1065397318453;8.0550108805255149491e-09;
3971931.462096768897;7.5953954237206744438e-09;
3972264.8176538059488;7.7385102770222147228e-09;
3972598.1732108430006;7.684809233410305751e-09;
3972931.5287678800523;7.8848483298088467564e-09;
3973264.8843249171041;7.5180679459663224407e-09;
3973598.2398819541559;7.7565847078631122713e-09;
3973931.5954389912076;7.7064399306436826009e-09;
3974264.9509960282594;7.5996124948574106384e-09;
3974598.3065530653112;7.7374906481963989791e-09;
3974931.6621101023629;7.6042470098514058918e-09;
3975265.0176671394147;7.343905927825744584e-09;
3975598.3732241764665;7.547127367502071138e-09;
3975931.7287812135182;7.8366264588680678571e-09;
3976265.08433825057;7.8434583272724012204e-09;
3976598.4398952876218;7.4205108724356705352e-09;
3976931.7954523246735;7.1765771103571296408e-09;
3977265.1510093617253;7.4689658902116207173e-09;
3977598.5065663987771;7.5924999620724520355e-09;
3977931.8621234358288;7.642333876844986662e-09;
3978265.2176804728806;8.2192377348633272049e-09;
3978598.5732375099324;8.0172188887672746205e-09;
3978931.9287945469841;7.7229875827811156341e-09;
3979265.2843515840359;7.4782873227263735316e-09;
3979598.6399086210877;7.4527006788116523239e-09;
3979931.9954656581394;7.6166672968724924431e-09;
3980265.3510226951912;7.5125887732951923681e-09;
3980598.706579732243;7.2043793153397928108e-09;
3980932.0621367692947;7.9382047601939120796e-09;
3981265.4176938063465;7.2717574184366640111e-09;
3981598.7732508433983;7.449219019406427833e-09;
3981932.12880788045;7.7148509802782427869e-09;
3982265.4843649175018;7.3605805894771947351e-09;
3982598.8399219545536;7.9817494835765501193e-09;
3982932.1954789916053;7.6147408378801628714e-09;
3983265.5510360286571;7.6665243042839392729e-09;
3983598.9065930657089;8.1374462723715623724e-09;
3983932.2621501027606;7.5002724031492107315e-09;
3984265.6177071398124;7.6391790670982118172e-09;
3984598.9732641768642;7.843058646983536164e-09;
3984932.3288212139159;7.8216348953219494433e-09;
3985265.6843782509677;7.5208550498473414336e-09;
3985599.0399352880195;7.5277943878404585121e-09;
3985932.3954923250712;7.2451458166256088589e-09;
3986265.751049362123;7.9439521627477915899e-09;
3986599.1066063991748;7.5130905941023229389e-09;
3986932.4621634362265;7.7183619495713173819e-09;
3987265.8177204732783;7.7305619683443183021e-09;
3987599.1732775103301;7.4453070375568586314e-09;
3987932.5288345473818;7.6666992754326201975e-09;
3988265.8843915844336;8.0160775794979599596e-09;
3988599.2399486214854;7.640950983045513567e-09;
3988932.5955056585371;7.2606649581530291471e-09;
3989265.9510626955889;7.7962152289501318592e-09;
3989599.3066197326407;8.2034707915568105818e-09;
3989932.6621767696925;7.5799464482884104655e-09;
3990266.0177338067442;7.4623036638854500779e-09;
3990599.373290843796;7.2677983631308507029e-09;
3990932.7288478808478;7.4406916183988869307e-09;
3991266.0844049178995;7.2421810770606498409e-09;
3991599.4399619549513;7.5829964529816606955e-09;
3991932.7955189920031;7.35919725158851179e-09;
3992266.1510760290548;7.966633575051673688e-09;
3992599.5066330661066;7.6134298865326854866e-09;
3992932.8621901031584;7.2594148470273012208e-09;
3993266.2177471402101;7.3779409248686533829e-09;
3993599.5733041772619;7.3712560499927803903e-09;
3993932.9288612143137;7.7239237228354795661e-09;
3994266.2844182513654;7.5750739014779355784e-09;
3994599.6399752884172;7.3825563440266250836e-09;
3994932.995532325469;7.8937318903626874089e-09;
3995266.3510893625207;7.4334796096309219138e-09;
3995599.7066463995725;7.5300965463043212367e-09;
3995933.0622034366243;7.4580182030103969737e-09;
3996266.417760473676;7.5380377495548600564e-09;
3996599.7733175107278;7.5129191756673208147e-09;
3996933.1288745477796;7.5152950529400186497e-09;
3997266.4844315848313;7.773731880433842889e-09;
3997599.8399886218831;7.606184126984771865e-09;
3997933.1955456589349;7.0678884966923760658e-09;
3998266.5511026959866;7.990966999216198019e-09;
3998599.9066597330384;7.7129813647047740233e-09;
3998933.2622167700902;7.6645987334700294014e-09;
3999266.6177738071419;7.5495139029158053745e-09;
3999599.9733308441937;7.8808604087043931941e-09;
3999933.3288878812455;7.6043802366143609106e-09;
4000266.6844449182972;7.6585013886187880416e-09;
4000600.040001955349;7.9614856929310917621e-09;
4000933.3955589924008;7.8058226549160281138e-09;
4001266.7511160294525;7.2685901741920133645e-09;
4001600.1066730665043;7.5053732118135485507e-09;
4001933.4622301035561;7.7207760185160623223e-09;
4002266.8177871406078;7.3974728564962788369e-09;
4002600.1733441776596;7.5791071196817938471e-09;
4002933.5289012147114;7.657546596817610407e-09;
4003266.8844582517631;7.1036385662637258065e-09;
4003600.2400152888149;7.5996924309151836496e-09;
4003933.5955723258667;7.5788406661558838096e-09;
4004266.9511293629184;7.4072001865488346084e-09;
4004600.3066863999702;7.7400876818956021452e-09;
4004933.662243437022;7.6322708153497842432e-09;
4005267.0178004740737;7.5015247347209879081e-09;
4005600.3733575111255;7.5905663976527648629e-09;
4005933.7289145481773;7.4754371581775558298e-09;
4006267.084471585229;7.5070616389893984888e-09;
4006600.4400286222808;7.8920683321825890744e-09;
4006933.7955856593326;7.3594814686828158301e-09;
4007267.1511426963843;7.2038099929727650306e-09;
4007600.5066997334361;7.5404482657859261963e-09;
4007933.8622567704879;7.5125887732951923681e-09;
4008267.2178138075396;8.3669169370637064276e-09;
4008600.5733708445914;7.5447141867357458977e-09;
4008933.9289278816432;7.0185448564075159084e-09;
4009267.2844849186949;7.5733712634473704384e-09;
4009600.6400419557467;7.5866601889629237121e-09;
4009933.9955989927985;8.0664381840733767604e-09;
4010267.3511560298502;7.7755890615094358509e-09;
4010600.706713066902;7.4288974971636889677e-09;
4010934.0622701039538;7.445254635030096324e-09;
4011267.4178271410055;7.5473396421443794679e-09;
4011600.7733841780573;7.3697541402850674785e-09;
4011934.1289412151091;7.6679924632117035799e-09;
4012267.4844982521608;7.7075767990208987612e-09;
4012600.8400552892126;7.4331270027983009641e-09;
4012934.1956123262644;7.8698612071548268432e-09;
4013267.5511693633161;7.8020798710554117861e-09;
4013600.9067264003679;7.6768751355871245323e-09;
4013934.2622834374197;7.3440351577858109522e-09;
4014267.6178404744714;7.9613453607407791424e-09;
4014600.9733975115232;8.1934610207667901705e-09;
4014934.328954548575;7.6761059730756642239e-09;
4015267.6845115856268;7.7361184125379622856e-09;
4015601.0400686226785;7.6091506429065702832e-09;
4015934.3956256597303;7.8176931594953202875e-09;
4016267.7511826967821;8.2291196079609107983e-09;
4016601.1067397338338;7.7325443825770889816e-09;
4016934.4622967708856;7.5823169964905900997e-09;
4017267.8178538079374;7.8871895681231762865e-09;
4017601.1734108449891;7.5542239130754751386e-09;
4017934.5289678820409;7.7380208907129599538e-09;
4018267.8845249190927;7.9535453778589726426e-09;
4018601.2400819561444;7.7200708048508204229e-09;
4018934.5956389931962;7.3204247108549225231e-09;
4019267.951196030248;7.2330390565866764518e-09;
4019601.3067530672997;7.5365012008887788397e-09;
4019934.6623101043515;7.6721828889958487707e-09;
4020268.0178671414033;7.7036919066131304135e-09;
4020601.373424178455;7.8759745392176228052e-09;
4020934.7289812155068;7.4100761082718236139e-09;
4021268.0845382525586;7.6447905783538772084e-09;
4021601.4400952896103;7.7250090768643531192e-09;
4021934.7956523266621;7.4800876603831056855e-09;
4022268.1512093637139;7.8011748172457373585e-09;
4022601.5067664007656;7.5035933022604694997e-09;
4022934.8623234378174;7.1275514379465221282e-09;
4023268.2178804748692;7.3926664789780716092e-09;
4023601.5734375119209;7.7205459803053599899e-09;
4023934.9289945489727;7.6950756877636194986e-09;
4024268.2845515860245;7.8648998425023819436e-09;
4024601.6401086230762;7.1775101417870246223e-09;
4024934.995665660128;7.320913208985757592e-09;
4025268.3512226971798;7.6343633637065977382e-09;
4025601.7067797342315;7.656900891106488416e-09;
4025935.0623367712833;7.503751398019176122e-09;
4026268.4178938083351;7.6668742465813011222e-09;
4026601.7734508453868;7.7021358180218157941e-09;
4026935.1290078824386;7.9589401735802312032e-09;
4027268.4845649194904;7.3800667799162056326e-09;
4027601.8401219565421;7.4209016709403385903e-09;
4027935.1956789935939;7.6067854237749088497e-09;
4028268.5512360306457;7.122344491961030144e-09;
4028601.9067930676974;8.0772011301633028779e-09;
4028935.2623501047492;7.5109127806172182318e-09;
4029268.617907141801;7.5374284591589457705e-09;
4029601.9734641788527;7.2486852076281138579e-09;
4029935.3290212159045;7.2676069606814053259e-09;
4030268.6845782529563;7.7959008137895580148e-09;
4030602.040135290008;7.6624848688311431033e-09;
4030935.3956923270598;7.332729090592238208e-09;
4031268.7512493641116;7.5675856692214438226e-09;
4031602.1068064011633;7.6374346846819207713e-09;
4031935.4623634382151;7.8815105553076136857e-09;
4032268.8179204752669;8.0801667579066815961e-09;
4032602.1734775123186;7.6160118211987537507e-09;
4032935.5290345493704;7.603539131650904892e-09;
4033268.8845915864222;7.3715407111762942804e-09;
4033602.2401486234739;7.2331918232748648734e-09;
4033935.5957056605257;7.6111827951308441698e-09;
4034268.9512626975775;7.2785182325674213644e-09;
4034602.3068197346292;7.8141093595718302822e-09;
4034935.662376771681;7.6578832164386767545e-09;
4035269.0179338087328;7.7439770151954689936e-09;
4035602.3734908457845;7.6892110456583395717e-09;
4035935.7290478828363;7.7328028424972217181e-09;
4036269.0846049198881;7.1992554140365427884e-09;
4036602.4401619569398;7.972009719026118546e-09;
4036935.7957189939916;7.5487314177280495642e-09;
4037269.1512760310434;7.7997910352678445634e-09;
4037602.5068330680951;7.6813000404740705562e-09;
4037935.8623901051469;7.5630932627746005892e-09;
4038269.2179471421987;7.6735711118658400665e-09;
4038602.5735041792504;7.0911703176079754485e-09;
4038935.9290612163022;7.3675923140115173737e-09;
4039269.284618253354;8.0202475771784520475e-09;
4039602.6401752904058;7.9269586450436690939e-09;
4039935.9957323274575;7.5153083756163141516e-09;
4040269.3512893645093;7.743093277667867369e-09;
4040602.7068464015611;7.8041768603043237817e-09;
4040936.0624034386128;7.0402790264267878229e-09;
4041269.4179604756646;7.7311730350970719883e-09;
4041602.7735175127164;7.8171300543772304081e-09;
4041936.1290745497681;7.46855910449539806e-09;
4042269.4846315868199;7.7308328627623268403e-09;
4042602.8401886238717;7.8179258622412817203e-09;
4042936.1957456609234;7.4899366708791603742e-09;
4043269.5513026979752;7.4928978577304405917e-09;
4043602.906859735027;7.740114327248193149e-09;
4043936.2624167720787;7.037570970425122141e-09;
4044269.6179738091305;7.3120705046392231452e-09;
4044602.9735308461823;7.2137762430202201358e-09;
4044936.329087883234;7.0600085777527965547e-09;
4045269.6846449202858;7.5380244268785645545e-09;
4045603.0402019573376;7.2260410988178591651e-09;
4045936.3957589943893;7.6688140282499261957e-09;
4046269.7513160314411;7.3274111223042837082e-09;
4046603.1068730684929;7.5136181720836248132e-09;
4046936.4624301055446;7.7438002676899486687e-09;
4047269.8179871425964;7.5638642016429002979e-09;
4047603.1735441796482;7.7714652491067681694e-09;
4047936.5291012166999;7.4094126389923076204e-09;
4048269.8846582537517;7.7435142742388052284e-09;
4048603.2402152908035;7.550482017393278511e-09;
4048936.5957723278552;7.2765113934281089314e-09;
4049269.951329364907;7.4782482428759067261e-09;
4049603.3068864019588;7.546517188927737152e-09;
4049936.6624434390105;7.8620816523766734463e-09;
4050270.0180004760623;7.446772087860153988e-09;
4050603.3735575131141;7.1181918137597222085e-09;
4050936.7291145501658;7.8262951674901160004e-09;
4051270.0846715872176;7.5513577613151028345e-09;
4051603.4402286242694;7.6175368235453788657e-09;
4051936.7957856613211;7.6844575147561045014e-09;
4052270.1513426983729;7.7550454946617719543e-09;
4052603.5068997354247;7.5264061649704672163e-09;
4052936.8624567724764;7.8248234558486728929e-09;
4053270.2180138095282;8.0189090922999639588e-09;
4053603.57357084658;7.7673432130609398882e-09;
4053936.9291278836317;7.5819972522594980546e-09;
4054270.2846849206835;7.1621562014456685574e-09;
4054603.6402419577353;7.661865808472612116e-09;
4054936.995798994787;7.4294845830991107505e-09;
4055270.3513560318388;7.886760577946461126e-09;
4055603.7069130688906;7.7780759610845962015e-09;
4055937.0624701059423;7.3506050135563327785e-09;
4056270.4180271429941;8.302274423499511613e-09;
4056603.7735841800459;7.6345774147057454684e-09;
4056937.1291412170976;7.9449149481547465257e-09;
4057270.4846982541494;7.4580315256866924756e-09;
4057603.8402552912012;8.1040347765792830614e-09;
4057937.1958123282529;7.3843722248057019897e-09;
4058270.5513693653047;7.4427308760505184182e-09;
4058603.9069264023565;7.6516428748618636746e-09;
4058937.2624834394082;7.7384969543459192209e-09;
4059270.61804047646;7.9168689381958756712e-09;
4059603.9735975135118;7.0982246747064436931e-09;
4059937.3291545505635;7.8362134559029072989e-09;
4060270.6847115876153;7.8466007025213002635e-09;
4060604.0402686246671;7.251486966453057903e-09;
4060937.3958256617188;7.2393953054472603981e-09;
4061270.7513826987706;7.7563528932955705386e-09;
4061604.1069397358224;7.8215114385216111259e-09;
4061937.4624967728741;7.76919950595811315e-09;
4062270.8180538099259;8.0847248895565826388e-09;
4062604.1736108469777;7.5794401865891813941e-09;
4062937.5291678840294;7.4988761866734421346e-09;
4063270.8847249210812;7.4222055168604583741e-09;
4063604.240281958133;7.9477491254920096253e-09;
4063937.5958389951847;7.4786949966210158891e-09;
4064270.9513960322365;8.2410984703074063873e-09;
4064604.3069530692883;7.977740246190023754e-09;
4064937.6625101063401;7.1885510877223168791e-09;
4065271.0180671433918;7.5022885681619300158e-09;
4065604.3736241804436;7.1378889465734118858e-09;
4065937.7291812174954;7.1840946525014715007e-09;
4066271.0847382545471;7.6917103797313757241e-09;
4066604.4402952915989;7.9083477544372726697e-09;
4066937.7958523286507;7.5539450250516892993e-09;
4067271.1514093657024;7.1369483656269494531e-09;
4067604.5069664027542;7.7108133211822860176e-09;
4067937.862523439806;7.499297183244379994e-09;
4068271.2180804768577;7.6777109114800623502e-09;
4068604.5736375139095;7.9548305720322787238e-09;
4068937.9291945509613;7.5765251850157255831e-09;
4069271.284751588013;7.5457222692421055399e-09;
4069604.6403086250648;7.3654700116776439245e-09;
4069937.9958656621166;8.1396329676408640807e-09;
4070271.3514226991683;8.0173316874265765364e-09;
4070604.7069797362201;7.4772366076558682835e-09;
4070938.0625367732719;7.5621500172928790562e-09;
4071271.4180938103236;7.62153895550454763e-09;
4071604.7736508473754;7.623681241852864332e-09;
4071938.1292078844272;7.7264612485805628239e-09;
4072271.4847649214789;7.7981745505439903354e-09;
4072604.8403219585307;7.6561477158065827098e-09;
4072938.1958789955825;7.5721606762613191677e-09;
4073271.5514360326342;7.701851600927511754e-09;
4073604.906993069686;7.4056778487374685938e-09;
4073938.2625501067378;8.1017574871111719403e-09;
4074271.6181071437895;7.5377064590043119097e-09;
4074604.9736641808413;7.5080768269231157319e-09;
4074938.3292212178931;7.3195116634394707944e-09;
4075271.6847782549448;7.566801407676848612e-09;
4075605.0403352919966;7.6353154909725162724e-09;
4075938.3958923290484;7.2227415159886731999e-09;
4076271.7514493661001;7.578148775166937412e-09;
4076605.1070064031519;7.6143926719396404224e-09;
4076938.4625634402037;7.3956147872422661749e-09;
4077271.8181204772554;7.5684765121764030482e-09;
4077605.1736775143072;7.5546617850363873004e-09;
4077938.529234551359;8.1122824013846184243e-09;
4078271.8847915884107;8.1145339336785582418e-09;
4078605.2403486254625;8.2074489426986474427e-09;
4078938.5959056625143;7.4037393993364730704e-09;
4079271.951462699566;7.7677935195197278517e-09;
4079605.3070197366178;7.4607306999041611562e-09;
4079938.6625767736696;7.9435196198573976289e-09;
4080272.0181338107213;7.7223223371447602403e-09;
4080605.3736908477731;8.0266042701282458438e-09;
4080938.7292478848249;7.7953936639119092433e-09;
4081272.0848049218766;7.7560402544918360945e-09;
4081605.4403619589284;8.2063822404165875923e-09;
4081938.7959189959802;7.975917704072799097e-09;
4082272.1514760330319;7.6964008499658120854e-09;
4082605.5070330700837;8.0343776076574613398e-09;
4082938.8625901071355;7.6541439852917392273e-09;
4083272.2181471441872;7.361757425883297401e-09;
4083605.573704181239;7.2879866586106345494e-09;
4083938.9292612182908;7.3406427603117663239e-09;
4084272.2848182553425;7.5980244318429868144e-09;
4084605.6403752923943;7.5805584032195838518e-09;
4084938.9959323294461;8.0849522632320258708e-09;
4085272.3514893664978;8.1356024139722649124e-09;
4085605.7070464035496;7.6782367131045248243e-09;
4085939.0626034406014;7.7746742377371447219e-09;
4086272.4181604776531;7.6346982069708246854e-09;
4086605.7737175147049;7.8976993833634878683e-09;
4086939.1292745517567;7.3999295580051693833e-09;
4087272.4848315888084;7.5305459645846895e-09;
4087605.8403886258602;7.5762320861372245417e-09;
4087939.195945662912;7.6918320601748746412e-09;
4088272.5515026999637;7.9131705632562443498e-09;
4088605.9070597370155;7.6783184255191372358e-09;
4088939.2626167740673;7.6617716615601239027e-09;
4089272.618173811119;7.1135661805499239563e-09;
4089605.9737308481708;7.5008257383046839095e-09;
4089939.3292878852226;7.688886860535149026e-09;
4090272.6848449222744;7.50600648302679474e-09;
4090606.0404019593261;7.3721238003088274127e-09;
4090939.3959589963779;8.0429352067312720465e-09;
4091272.7515160334297;7.9104598427193195675e-09;
4091606.1070730704814;7.3998904781547025777e-09;
4091939.4626301075332;7.5048722791848376801e-09;
4092272.818187144585;7.217756614608106247e-09;
4092606.1737441816367;7.7004314036344112537e-09;
4092939.5293012186885;8.0809616775923132082e-09;
4093272.8848582557403;7.5353367989805519755e-09;
4093606.240415292792;7.3676309497727743292e-09;
4093939.5959723298438;7.4420380968831523205e-09;
4094272.9515293668956;8.0916304767697511124e-09;
4094606.3070864039473;7.8192998742565578141e-09;
4094939.6626434409991;7.5472064153814244492e-09;
4095273.0182004780509;7.6569950380189766292e-09;
4095606.3737575151026;7.3270891576271424128e-09;
4095939.7293145521544;7.6344033317354842438e-09;
4096273.0848715892062;7.5832229384786842274e-09;
4096606.4404286262579;7.4276966799402543984e-09;
4096939.7959856633097;7.8078654652813384018e-09;
4097273.1515427003615;7.8765420852278111852e-09;
4097606.5070997374132;7.5589099424178129993e-09;
4097939.862656774465;7.3503207964620287385e-09;
4098273.2182138115168;7.8192998742565578141e-09;
4098606.5737708485685;7.1733627926562348875e-09;
4098939.9293278856203;7.6170953988707879034e-09;
4099273.2848849226721;7.5445152347697330697e-09;
4099606.6404419597238;7.577510174883173022e-09;
4099939.9959989967756;7.5550463662921174546e-09;
4100273.3515560338274;7.2969541520251368638e-09;
4100606.7071130708791;7.3143957557419980731e-09;
4100940.0626701079309;8.3029743080942353117e-09;
4101273.4182271449827;7.596489659533744998e-09;
4101606.7737841820344;7.6465100917744166509e-09;
4101940.1293412190862;7.0625265635726464097e-09;
4102273.484898256138;7.6553545724777904979e-09;
4102606.8404552931897;7.5077730699035782891e-09;
4102940.1960123302415;7.5223347550945618423e-09;
4103273.5515693672933;7.8077011522736938787e-09;
4103606.907126404345;7.9772775052333599888e-09;
4103940.2626834413968;7.5728125992213790596e-09;
4104273.6182404784486;7.4965447183217293059e-09;
4104606.9737975155003;7.5203532290402108629e-09;
4104940.3293545525521;7.0989476519400795951e-09;
4105273.6849115896039;7.9509048234172041703e-09;
4105607.0404686266556;7.4065105160059374612e-09;
4105940.3960256637074;7.5812245370343589457e-09;
4106273.7515827007592;7.7887412075483553053e-09;
4106607.1071397378109;7.6884818511757657689e-09;
4106940.4626967748627;7.4381429904235574213e-09;
4107273.8182538119145;7.74061792441216312e-09;
4107607.1738108489662;7.9574862255071820982e-09;
4107940.529367886018;7.7363493389270843181e-09;
4108273.8849249230698;7.8938429126651499246e-09;
4108607.2404819601215;8.854611266428946692e-09;
4108940.5960389971733;7.2865784517262000008e-09;
4109273.9515960342251;7.6681674343603845045e-09;
4109607.3071530712768;7.6050747921385664085e-09;
4109940.6627101083286;7.6772259660629060818e-09;
4110274.0182671453804;7.3367365516219251731e-09;
4110607.3738241824321;7.7213462290615098027e-09;
4110940.7293812194839;7.5205512928278039908e-09;
4111274.0849382565357;7.5778823216410273744e-09;
4111607.4404952935874;7.2765113934281089314e-09;
4111940.7960523306392;7.3362724783976318577e-09;
4112274.151609367691;7.9009048192801856203e-09;
4112607.5071664047427;7.4567996222185684019e-09;
4112940.8627234417945;7.4781434378223821113e-09;
4113274.2182804788463;7.5502173402242078737e-09;
4113607.573837515898;7.528099033038415655e-09;
4113940.9293945529498;7.3887065354938386008e-09;
4114274.2849515900016;8.0172890548624309304e-09;
4114607.6405086270534;6.9934986690611822269e-09;
4114940.9960656641051;7.2647603488462664245e-09;
4115274.3516227011569;7.6106747570747756981e-09;
4115607.7071797382087;7.3927832744402621756e-09;
4115941.0627367752604;7.6180990404850490449e-09;
4116274.4182938123122;7.4585422282780200476e-09;
4116607.773850849364;7.3180328463706700859e-09;
4116941.1294078864157;7.4023609464290984761e-09;
4117274.4849649234675;7.4676673733620191342e-09;
4117607.8405219605193;7.6867934239999158308e-09;
4117941.196078997571;7.3002235367880530248e-09;
4118274.5516360346228;7.3229329267121556768e-09;
4118607.9071930716746;7.900668563820545387e-09;
4118941.2627501087263;7.6657302727767273609e-09;
4119274.6183071457781;7.4308683650770035456e-09;
4119607.9738641828299;7.1967898307434552407e-09;
4119941.3294212198816;7.6474373500445835816e-09;
4120274.6849782569334;7.9052089319020524272e-09;
4120608.0405352939852;7.1586967465009365696e-09;
4120941.3960923310369;7.297479953649599338e-09;
4121274.7516493680887;7.276600655359288794e-09;
4121608.1072064051405;7.6860109388121600205e-09;
4121941.4627634421922;7.2214603186182557693e-09;
4122274.818320479244;7.4048580600560853782e-09;
4122608.1738775162958;7.8756698940196656622e-09;
4122941.5294345533475;7.4716561826448923966e-09;
4123274.8849915903993;7.2567885034402479505e-09;
4123608.2405486274511;7.2084809232819679892e-09;
4123941.5961056645028;7.2534747097563467833e-09;
4124274.9516627015546;7.4609927125379726931e-09;
4124608.3072197386064;7.5795067999706589035e-09;
4124941.6627767756581;7.1373245091876924562e-09;
4125275.0183338127099;7.31323934743954851e-09;
4125608.3738908497617;7.6958466266319192073e-09;
4125941.7294478868134;7.2771886294731302769e-09;
4126275.0850049238652;7.2537167383757150674e-09;
4126608.440561960917;6.8718351009522393724e-09;
4126941.7961189979687;7.1494596909360552672e-09;
4127275.1516760350205;7.2797203820584854839e-09;
4127608.5072330720723;7.2099757275623232999e-09;
4127941.862790109124;7.4256614190915115614e-09;
4128275.2183471461758;7.2592238886670656939e-09;
4128608.5739041832276;7.6959949524280091282e-09;
4128941.9294612202793;7.4827424256795893598e-09;
4129275.2850182573311;7.1657177969086660596e-09;
4129608.6405752943829;7.3457382399055859423e-09;
4129941.9961323314346;7.7058981418076655245e-09;
4130275.3516893684864;7.5367001528547916678e-09;
4130608.7072464055382;6.9755969889229163527e-09;
4130942.0628034425899;7.6926562897483563574e-09;
4131275.4183604796417;7.6175368235453788657e-09;
4131608.7739175166935;7.6943598159573411976e-09;
4131942.1294745537452;7.0783880978808610962e-09;
4132275.485031590797;7.559985526484069851e-09;
4132608.8405886278488;7.2440640153104141064e-09;
4132942.1961456649005;7.7122086494796349143e-09;
4133275.5517027019523;7.7300459366824725294e-09;
4133608.9072597390041;7.4664336935370556603e-09;
4133942.2628167760558;7.3073449513572086289e-09;
4134275.6183738131076;7.1156409653383434488e-09;
4134608.9739308501594;7.981945771007303847e-09;
4134942.3294878872111;7.4338060152001617098e-09;
4135275.6850449242629;7.3693655622264486738e-09;
4135609.0406019613147;7.9274320441413692606e-09;
4135942.3961589983664;7.3623649399223722867e-09;
4136275.7517160354182;8.1802724594126630109e-09;
4136609.10727307247;7.4844646036353879026e-09;
4136942.4628301095217;7.6760793277230732201e-09;
4137275.8183871465735;7.4611632427945551171e-09;
4137609.1739441836253;7.4667880767265160102e-09;
4137942.529501220677;7.6227175682674896962e-09;
4138275.8850582577288;7.2172370302325816738e-09;
4138609.2406152947806;7.2472845502602467604e-09;
4138942.5961723318323;7.3371229092344947276e-09;
4139275.9517293688841;7.8460073993369405798e-09;
4139609.3072864059359;7.6829191897331838845e-09;
4139942.6628434429877;7.3440609149599822558e-09;
4140276.0184004800394;7.1821135705363303714e-09;
4140609.3739575170912;7.537574120419776591e-09;
4140942.729514554143;7.4940951222401963605e-09;
4141276.0850715911947;7.4697137364410082228e-09;
4141609.4406286282465;7.8356077182206718135e-09;
4141942.7961856652983;7.5660437914848444052e-09;
4142276.15174270235;7.8313835416565780179e-09;
4142609.5072997394018;7.4737833699600741966e-09;
4142942.8628567764536;7.0759762493821654061e-09;
4143276.2184138135053;7.0015384601163077605e-09;
4143609.5739708505571;7.6456503350641469297e-09;
4143942.9295278876089;8.2833357950562458427e-09;
4144276.2850849246606;7.7601418624340112729e-09;
4144609.6406419617124;7.7078201599078965955e-09;
4144942.9961989987642;7.5430177659541186586e-09;
4145276.3517560358159;7.2357462244099224336e-09;
4145609.7073130728677;7.2931096717354648717e-09;
4145943.0628701099195;6.9778764988370767242e-09;
4146276.4184271469712;7.7387554142660519574e-09;
4146609.773984184023;7.2714638754689531197e-09;
4146943.1295412210748;7.88792409167626829e-09;
4147276.4850982581265;7.715610372827086394e-09;
4147609.8406552951783;7.3897705732406393508e-09;
4147943.1962123322301;7.6420247907549310185e-09;
4148276.5517693692818;6.9647847489306968782e-09;
4148609.9073264063336;7.5775501429120595276e-09;
4148943.2628834433854;7.6775084068003707216e-09;
4149276.6184404804371;7.6362409728858438029e-09;
4149609.9739975174889;7.1682482172263917164e-09;
4149943.3295545545407;7.4067445510195284442e-09;
4150276.6851115915924;7.3931856192643863324e-09;
4150610.0406686286442;7.854930927919667738e-09;
4150943.396225665696;7.5299375623671949143e-09;
4151276.7517827027477;7.9730320123871933902e-09;
4151610.1073397397995;7.5999730952958088892e-09;
4151943.4628967768513;7.8164017480730763054e-09;
4152276.818453813903;7.8375625989224317891e-09;
4152610.1740108509548;7.0645866934171408502e-09;
4152943.5295678880066;7.5767774276869204186e-09;
4153276.8851249250583;7.305381188871251652e-09;
4153610.2406819621101;7.39260119786422365e-09;
4153943.5962389991619;7.5044637171117756225e-09;
4154276.9517960362136;7.5581265690516374889e-09;
4154610.3073530732654;7.6025239437171876489e-09;
4154943.6629101103172;7.5223347550945618423e-09;
4155277.0184671473689;7.6422397299324984488e-09;
4155610.3740241844207;7.4422339402246961981e-09;
4155943.7295812214725;7.4599837418531933508e-09;
4156277.0851382585242;7.439084015459229704e-09;
4156610.440695295576;7.3120958177241845988e-09;
4156943.7962523326278;7.6647204139135283185e-09;
4157277.1518093696795;7.3450285853482455423e-09;
4157610.5073664067313;7.8369986056259222096e-09;
4157943.8629234437831;7.6906703228019068774e-09;
4158277.2184804808348;7.6276336358205298893e-09;
4158610.5740375178866;7.8149877680289137061e-09;
4158943.9295945549384;6.8217631543632251123e-09;
4159277.2851515919901;7.5023676160412833269e-09;
4159610.6407086290419;7.4949646489130827831e-09;
4159943.9962656660937;7.625971853997270955e-09;
4160277.3518227031454;7.5216348704998381436e-09;
4160610.7073797401972;7.423183401300548212e-09;
4160944.062936777249;7.6907644697143950907e-09;
4161277.4184938143007;7.7908488549383037025e-09;
4161610.7740508513525;7.7456503433381840296e-09;
4161944.1296078884043;7.699376247671807505e-09;
4162277.485164925456;7.5833295198890482425e-09;
4162610.8407219625078;7.3972779013331546594e-09;
4162944.1962789995596;7.5546351396837962966e-09;
4163277.5518360366113;7.272920043988051475e-09;
4163610.9073930736631;7.6327273390575101075e-09;
4163944.2629501107149;7.6212716138002178923e-09;
4164277.6185071477666;7.503751398019176122e-09;
4164610.9740641848184;7.1990275962718897063e-09;
4164944.3296212218702;7.6551520677980988694e-09;
4165277.685178258922;7.3383477072752612003e-09;
4165611.0407352959737;7.6436768026155732514e-09;
4165944.3962923330255;7.7452018132362354663e-09;
4166277.7518493700773;7.4753065959498599113e-09;
4166611.107406407129;7.4223360790881542925e-09;
4166944.4629634441808;7.7879063198338371876e-09;
4167277.8185204812326;7.2291648223199445056e-09;
4167611.1740775182843;7.9607023195649162517e-09;
4167944.5296345553361;7.6407902227515478444e-09;
4168277.8851915923879;7.6143393812344584148e-09;
4168611.2407486294396;7.5902066853927863121e-09;
4168944.5963056664914;7.4110526604442839016e-09;
4169277.9518627035432;7.8597066632823953114e-09;
4169611.3074197405949;7.5336687999083551404e-09;
4169944.6629767776467;7.5455757198028550192e-09;
4170278.0185338146985;7.5810513422425174213e-09;
4170611.3740908517502;7.5076806993479294761e-09;
4170944.729647888802;6.9713705919127733068e-09;
4171278.0852049258538;7.5583788117228323244e-09;
4171611.4407619629055;7.553361491829946317e-09;
4171944.7963189999573;7.6289738970558573783e-09;
4172278.1518760370091;7.6102066870475937321e-09;
4172611.5074330740608;7.6092048217901719909e-09;
4172944.8629901111126;7.3940431555286068033e-09;
4173278.2185471481644;7.6219812683575582923e-09;
4173611.5741041852161;7.4987047682384400105e-09;
4173944.9296612222679;7.3181101178931839968e-09;
4174278.2852182593197;7.7375590379347158887e-09;
4174611.6407752963714;7.0795693751790622628e-09;
4174944.9963323334232;7.5331527682465093676e-09;
4175278.351889370475;7.2196968403659411706e-09;
4175611.7074464075267;7.6837016749209396949e-09;
4175945.0630034445785;7.4638899505430345016e-09;
4176278.4185604816303;7.7470794224154815311e-09;
4176611.774117518682;7.4157409102326710126e-09;
4176945.1296745557338;7.4837416264017520007e-09;
4177278.4852315927856;7.6254362824101917795e-09;
4177611.8407886298373;7.8056716645846790925e-09;
4177945.1963456668891;7.4087616042106674286e-09;
4178278.5519027039409;7.7366753004071142641e-09;
4178611.9074597409926;7.9442452616262926313e-09;
4178945.2630167780444;7.3428867430891386903e-09;
4179278.6185738150962;7.0896506443318685342e-09;
4179611.9741308521479;7.9395849894581260742e-09;
4179945.3296878891997;7.7416508759142743656e-09;
4180278.6852449262515;8.635488768504728796e-09;
4180612.0408019633032;9.616836216252977465e-09;
4180945.396359000355;7.3651205134694919252e-09;
4181278.7519160374068;7.1410743984756663849e-09;
4181612.1074730744585;7.5519412945368458168e-09;
4181945.4630301115103;7.910654353793233895e-09;
4182278.8185871485621;7.6712938223977289454e-09;
4182612.1741441856138;7.2440515808125383046e-09;
4182945.5297012226656;7.0161534360124733212e-09;
4183278.8852582597174;7.6114909930424801132e-09;
4183612.2408152967691;7.3512245180040736159e-09;
4183945.5963723338209;7.4716561826448923966e-09;
4184278.9519293708727;7.1931620659881900792e-09;
4184612.3074864079244;6.9209864506092344527e-09;
4184945.6630434449762;7.4495067892144106736e-09;
4185279.018600482028;7.627539488908041676e-09;
4185612.3741575190797;7.4629982194096555759e-09;
4185945.7297145561315;7.6384276681551455113e-09;
4186279.0852715931833;7.1685000158083767019e-09;
4186612.440828630235;7.616319130931969994e-09;
4186945.7963856672868;7.4623427437359168835e-09;
4187279.1519427043386;7.5647417219215640216e-09;
4187612.5074997413903;7.7356556715812985203e-09;
4187945.8630567784421;7.2515891069713234174e-09;
4188279.2186138154939;7.7107458196223888081e-09;
4188612.5741708525456;7.3629085051152287633e-09;
4188945.9297278895974;7.5321864301258756313e-09;
4189279.2852849266492;7.7289046274131578684e-09;
4189612.640841963701;7.5453110426337843819e-09;
4189945.9963990007527;7.5823436418431811035e-09;
4190279.3519560378045;7.495346565633553837e-09;
4190612.7075130748563;7.0084293923855511821e-09;
4190946.063070111908;7.3183930027198584867e-09;
4191279.4186271489598;7.5678121547184673545e-09;
4191612.7741841860116;7.1800698719926003832e-09;
4191946.1297412230633;7.6662685088990656368e-09;
4192279.4852982601151;7.5688886269631439063e-09;
4192612.8408552971669;7.5384081199558750086e-09;
4192946.1964123342186;7.9157427279596959124e-09;
4193279.5519693712704;7.4022961094044603669e-09;
4193612.9075264083222;7.4257919813192074798e-09;
4193946.2630834453739;7.6218471534161835734e-09;
4194279.6186404824257;7.5025390344762854511e-09;
4194612.9741975199431;7.5913266783800281701e-09;
4194946.3297545574605;7.1961450132107529498e-09;
4195279.685311594978;7.4456600884786894312e-09;
4195613.0408686324954;7.5222423845389130292e-09;
4195946.3964256700128;7.5614066119555900514e-09;
4196279.7519827075303;7.3191515070902823936e-09;
4196613.1075397450477;7.5960224776849827322e-09;
4196946.4630967825651;7.8804314185276780336e-09;
4197279.8186538200825;7.768830911913937598e-09;
4197613.1742108576;7.4346679923564806813e-09;
4197946.5297678951174;7.4810078132259150152e-09;
4198279.8853249326348;7.7572659407110222674e-09;
4198613.2408819701523;7.7541599807773309294e-09;
4198946.5964390076697;7.5680910427422531939e-09;
4199279.9519960451871;7.5302288848888565553e-09;
4199613.3075530827045;7.3932375777019387897e-09;
4199946.663110120222;7.7928472563826289843e-09;
4200280.0186671577394;7.43182138052134178e-09;
4200613.3742241952568;7.7550312838070567523e-09;
4200946.7297812327743;7.6530684012254823756e-09;
4201280.0853382702917;7.1731989237378002144e-09;
4201613.4408953078091;7.5323320913867064519e-09;
4201946.7964523453265;7.5422894596499645559e-09;
4202280.152009382844;7.5948882738430256722e-09;
4202613.5075664203614;7.5159025669790935353e-09;
4202946.8631234578788;7.264032930720532022e-09;
4203280.2186804953963;7.8930666447263320151e-09;
4203613.5742375329137;7.8553172855322372925e-09;
4203946.9297945704311;7.2209651591492729494e-09;
4204280.2853516079485;7.2225003755477246159e-09;
4204613.640908645466;7.0608021651707986166e-09;
4204946.9964656829834;7.500694287898568291e-09;
4205280.3520227205008;6.9465904140031398128e-09;
4205613.7075797580183;7.4619102008455229225e-09;
4205947.0631367955357;7.2603842937724039075e-09;
4206280.4186938330531;7.4001116345812079089e-09;
4206613.7742508705705;7.3505788122929516248e-09;
4206947.129807908088;7.3566246427958503773e-09;
4207280.4853649456054;7.693156334198647528e-09;
4207613.8409219831228;7.854171535370824131e-09;
4207947.1964790206403;7.4907786640210360929e-09;
4208280.5520360581577;7.5051360681754886173e-09;
4208613.9075930956751;7.5033561586224095663e-09;
4208947.2631501331925;7.7589428215674161038e-09;
4209280.61870717071;7.3877850503833997209e-09;
4209613.9742642082274;7.3015318236002713093e-09;
4209947.3298212457448;7.5505219854221650166e-09;
4210280.6853782832623;7.5643429298111186654e-09;
4210614.0409353207797;7.5580866010227509832e-09;
4210947.3964923582971;7.4611889999687264208e-09;
4211280.7520493958145;7.5253092646221375617e-09;
4211614.107606433332;7.9104465200430240657e-09;
4211947.4631634708494;7.324579609502279709e-09;
4212280.8187205083668;7.6720754194070650556e-09;
4212614.1742775458843;7.1079075958380144584e-09;
4212947.5298345834017;7.4654371573501521198e-09;
4213280.8853916209191;7.5506676466829958372e-09;
4213614.2409486584365;7.5741564131703853491e-09;
4213947.596505695954;7.511928856729355175e-09;
4214280.9520627334714;7.3682913104278213723e-09;
4214614.3076197709888;7.7469026749099612061e-09;
4214947.6631768085063;7.1077703722721707891e-09;
4215281.0187338460237;7.8545303594523829815e-09;
4215614.3742908835411;7.1166663673238872434e-09;
4215947.7298479210585;7.4615043033077199652e-09;
4216281.085404958576;7.3184058813069441385e-09;
4216614.4409619960934;7.6157036232871178072e-09;
4216947.7965190336108;7.595808426685835002e-09;
4217281.1520760711282;7.8024493532780070382e-09;
4217614.5076331086457;7.3502302022632193257e-09;
4217947.8631901461631;7.5208950178762279393e-09;
4218281.2187471836805;7.2369794601456760574e-09;
4218614.574304221198;7.4597341637172576156e-09;
4218947.9298612587154;7.5921802178413599904e-09;
4219281.2854182962328;7.7773103512868146936e-09;
4219614.6409753337502;7.5946209321386959346e-09;
4219947.9965323712677;7.5163120172305752931e-09;
4220281.3520894087851;7.4412014328117948025e-09;
4220614.7076464463025;7.665042822679879464e-09;
4220948.06320348382;7.5162063239986309782e-09;
4221281.4187605213374;7.494424636433905107e-09;
4221614.7743175588548;7.6112094404834351735e-09;
4221948.1298745963722;7.3687314028347827843e-09;
4222281.4854316338897;7.8053972174529917538e-09;
4222614.8409886714071;7.7773520956725405995e-09;
4222948.1965457089245;7.5559354328902372799e-09;
4223281.552102746442;7.6005068905260486645e-09;
4223614.9076597839594;7.6799233639235353621e-09;
4223948.2632168214768;7.5437736057892834651e-09;
4224281.6187738589942;7.6345241240005634609e-09;
4224614.9743308965117;8.052492006527245394e-09;
4224948.3298879340291;7.96154164817153287e-09;
4225281.6854449715465;7.2753478796983017673e-09;
4225615.041002009064;7.7483450766635542095e-09;
4225948.3965590465814;7.5526047638163618103e-09;
4226281.7521160840988;7.172997307236528286e-09;
4226615.1076731216162;7.307203730988476309e-09;
4226948.4632301591337;7.4135786398699110578e-09;
4227281.8187871966511;7.4357653367940201861e-09;
4227615.1743442341685;7.603191853888802143e-09;
4227948.529901271686;7.0979129240811289492e-09;
4228281.8854583092034;7.3415455936753915012e-09;
4228615.2410153467208;7.5474453353763237828e-09;
4228948.5965723842382;7.6273654059377804515e-09;
4229281.9521294217557;7.4858590437543170992e-09;
4229615.3076864592731;7.6113702007774008962e-09;
4229948.6632434967905;7.3189716509602931183e-09;
4230282.018800534308;7.2359243041830723087e-09;
4230615.3743575718254;7.9234085959001276933e-09;
4230948.7299146093428;7.4415411610573301004e-09;
4231282.0854716468602;6.8403633868285851349e-09;
4231615.4410286843777;8.1042630384331459936e-09;
4231948.7965857218951;8.0367774657474910782e-09;
4232282.1521427594125;8.0137692037851593341e-09;
4232615.50769979693;8.0995521400950565294e-09;
4232948.8632568344474;7.1178289928752747073e-09;
4233282.2188138719648;7.2646710869150865619e-09;
4233615.5743709094822;7.5368982166423847957e-09;
4233948.9299279469997;7.7515309726550185587e-09;
4234282.2854849845171;7.5401436205879690533e-09;
4234615.6410420220345;7.421488312786550523e-09;
4234948.996599059552;7.5458945758555273642e-09;
4235282.3521560970694;7.8226936039982319926e-09;
4235615.7077131345868;7.3298958014333948086e-09;
4235949.0632701721042;7.9301338828940970416e-09;
4236282.4188272096217;7.942221991186215746e-09;
4236615.7743842471391;7.8286870319743684377e-09;
4236949.1299412846565;7.793504508413207077e-09;
4237282.485498322174;7.762228193541886867e-09;
4237615.8410553596914;7.7272890308677233406e-09;
4237949.1966123972088;7.5848616276630309585e-09;
4238282.5521694347262;8.0145570180434333452e-09;
4238615.9077264722437;7.7495156958207189746e-09;
4238949.2632835097611;7.7275474907878560771e-09;
4239282.6188405472785;7.1774972631999389705e-09;
4239615.974397584796;7.5261024079509297735e-09;
4239949.3299546223134;8.1204234447795897722e-09;
4240282.6855116598308;8.5930409454704204109e-09;
4240616.0410686973482;7.7423036870527539577e-09;
4240949.3966257348657;8.01572586084375871e-09;
4241282.7521827723831;7.619638253686389362e-09;
4241616.1077398099005;7.6212174349166161846e-09;
4241949.463296847418;7.9197066682468175713e-09;
4242282.8188538849354;7.3611752249291839689e-09;
4242616.1744109224528;7.0882930636173568928e-09;
4242949.5299679599702;7.521489209239007323e-09;
4243282.8855249974877;7.1912542587426742102e-09;
4243616.2410820350051;7.8160171668173461512e-09;
4243949.5966390725225;7.1584076444253241789e-09;
4244282.9521961100399;7.0253665107600227202e-09;
4244616.3077531475574;7.5167339019799328526e-09;
4244949.6633101850748;7.6335453513820539229e-09;
4245283.0188672225922;7.0938117602281636209e-09;
4245616.3744242601097;7.8284401183736918028e-09;
4245949.7299812976271;7.9106126094075079891e-09;
4246283.0855383351445;7.67146879354640987e-09;
4246616.4410953726619;7.4806267846838636615e-09;
4246949.7966524101794;7.2258381500489576865e-09;
4247283.1522094476968;7.046131234034191948e-09;
4247616.5077664852142;7.4101933478232240304e-09;
4247949.8633235227317;7.8358421973234726465e-09;
4248283.2188805602491;7.9500113159269858443e-09;
4248616.5744375977665;7.9471904612660182465e-09;
4248949.9299946352839;7.2913799442630988779e-09;
4249283.2855516728014;7.7035293699623252905e-09;
4249616.6411087103188;7.6838366780407341139e-09;
4249949.9966657478362;7.7625283978477455094e-09;
4250283.3522227853537;7.9885102977073074726e-09;
4250616.7077798228711;7.4952675177542005258e-09;
4250950.0633368603885;7.681461688946455979e-09;
4251283.4188938979059;7.7427664280094177229e-09;
4251616.7744509354234;7.7307928947334403347e-09;
4251950.1300079729408;7.7435009515625097265e-09;
4252283.4855650104582;7.4229227209343662253e-09;
4252616.8411220479757;9.2930916295586030174e-09;
4252950.1966790854931;8.2223428066185988428e-09;
4253283.5522361230105;7.9934094898703733634e-09;
4253616.9077931605279;7.540567281694166013e-09;
4253950.2633501980454;7.7462223302404709102e-09;
4254283.6189072355628;7.64409247011599291e-09;
4254616.9744642730802;7.5092643214702547994e-09;
4254950.3300213105977;7.9131705632562443498e-09;
4255283.6855783481151;7.7197723769018011808e-09;
4255617.0411353856325;8.0157818160841998179e-09;
4255950.3966924231499;7.6250206149097721209e-09;
4256283.7522494606674;8.3944184936513011053e-09;
4256617.1078064981848;7.3621713170268776594e-09;
4256950.4633635357022;7.7997226455295276537e-09;
4257283.8189205732197;7.3997603600162165094e-09;
4257617.1744776107371;7.6230790568843076471e-09;
4257950.5300346482545;7.8693362937087840692e-09;
4258283.8855916857719;7.1178791749559877644e-09;
4258617.2411487232894;7.8179676066270076262e-09;
4258950.5967057608068;7.3251715804190098424e-09;
4259283.9522627983242;7.8538269221439804824e-09;
4259617.3078198358417;7.1284405045446419535e-09;
4259950.6633768733591;7.7226616213010856882e-09;
4260284.0189339108765;7.8090316435464046663e-09;
4260617.3744909483939;7.6086292821742063097e-09;
4260950.7300479859114;7.7426305367112036038e-09;
4261284.0856050234288;7.6164123896660385071e-09;
4261617.4411620609462;7.6864425935241342813e-09;
4261950.7967190984637;7.8563102690054620325e-09;
4262284.1522761359811;7.451509631550834456e-09;
4262617.5078331734985;7.1766650400206799532e-09;
4262950.8633902110159;7.6086834610578080174e-09;
4263284.2189472485334;7.6889410394187507336e-09;
4263617.5745042860508;7.3199228900477919524e-09;
4263950.9300613235682;7.3458803484527379624e-09;
4264284.2856183610857;8.1305158161626422952e-09;
4264617.6411753986031;7.1507533228043484996e-09;
4264950.9967324361205;7.6020825190425966866e-09;
4265284.3522894736379;7.3718258164490180206e-09;
4265617.7078465111554;8.0599225071864566416e-09;
4265951.0634035486728;7.8838509054435235157e-09;
4266284.4189605861902;7.2616725965701789391e-09;
4266617.7745176237077;7.4934636273837895715e-09;
4266951.1300746612251;7.2682455609651697159e-09;
4267284.4856316987425;7.3659616184329479438e-09;
4267617.8411887362599;7.4824004769880048116e-09;
4267951.1967457737774;7.4503443414641878917e-09;
4268284.5523028112948;7.1683996516469505877e-09;
4268617.9078598488122;7.6390858083641433041e-09;
4268951.2634168863297;7.5460535597926536866e-09;
4269284.6189739238471;7.4754771262064423354e-09;
4269617.9745309613645;7.609404661934604519e-09;
4269951.3300879988819;7.7290405187113719876e-09;
4270284.6856450363994;8.1740383350847878319e-09;
4270618.0412020739168;7.9581150558283297869e-09;
4270951.3967591114342;7.4898443003235115611e-09;
4271284.7523161489516;7.5685830935867670632e-09;
4271618.1078731864691;7.5419182010705299035e-09;
4271951.4634302239865;7.487503062009182031e-09;
4272284.8189872615039;7.3271149148013137165e-09;
4272618.1745442990214;7.4076553779889309226e-09;
4272951.5301013365388;7.6166939422250834468e-09;
4273284.8856583740562;6.9814936054513054842e-09;
4273618.2412154115736;7.8115292012626014184e-09;
4273951.5967724490911;7.5363164597774812137e-09;
4274284.9523294866085;7.6082153910306260514e-09;
4274618.3078865241259;7.635489573942777497e-09;
4274951.6634435616434;7.3765669128533772891e-09;
4275285.0190005991608;7.1370362952904997655e-09;
4275618.3745576366782;7.7114092889019048016e-09;
4275951.7301146741956;7.1619674635314822808e-09;
4276285.0856717117131;7.7633739437033000286e-09;
4276618.4412287492305;7.4546910866502003046e-09;
4276951.7967857867479;7.3929520283400051994e-09;
4277285.1523428242654;7.6502590928839708795e-09;
4277618.5078998617828;7.7860047298372592195e-09;
4277951.8634568993002;7.1308576821138558444e-09;
4278285.2190139368176;7.3170176584369528427e-09;
4278618.5745709743351;7.2280093021959146427e-09;
4278951.9301280118525;7.5945543187572184252e-09;
4279285.2856850493699;7.7406996368267755315e-09;
4279618.6412420868874;7.2990569144337769103e-09;
4279951.9967991244048;7.8097999178794452746e-09;
4280285.3523561619222;7.3970700675829448301e-09;
4280618.7079131994396;7.4048842613194665319e-09;
4280952.0634702369571;7.524595169172698661e-09;
4281285.4190272744745;7.3528649835452597472e-09;
4281618.7745843119919;7.104961508019869143e-09;
4281952.1301413495094;7.8000379488685211982e-09;
4282285.4856983870268;8.0337985153278168582e-09;
4282618.8412554245442;7.4442478847913662321e-09;
4282952.1968124620616;7.6395281212171539664e-09;
4283285.5523694995791;7.3072548012476090662e-09;
4283618.9079265370965;7.4125110494094315072e-09;
4283952.2634835746139;7.2275900819818161835e-09;
4284285.6190406121314;7.5006418853718059836e-09;
4284618.9745976496488;7.4213710732351501065e-09;
4284952.3301546871662;7.7679986887346785807e-09;
4285285.6857117246836;7.9680617659505514894e-09;
4285619.0412687622011;7.2270567308407862583e-09;
4285952.3968257997185;7.6844441920798089996e-09;
4286285.7523828372359;7.4260531057745993166e-09;
4286619.1079398747534;7.3855268567513121525e-09;
4286952.4634969122708;7.5649806419164633553e-09;
4287285.8190539497882;7.6560535688940944965e-09;
4287619.1746109873056;7.8524609037344816898e-09;
4287952.5301680248231;7.4240702474526187871e-09;
4288285.8857250623405;7.8142052828411578957e-09;
4288619.2412820998579;7.2790808935963013937e-09;
4288952.5968391373754;7.5270802923910196114e-09;
4289285.9523961748928;7.3865908944981129025e-09;
4289619.3079532124102;7.945208047033247567e-09;
4289952.6635102499276;7.4555819296051595302e-09;
4290286.0190672874451;7.7709740864406740002e-09;
4290619.3746243249625;7.449297179107361444e-09;
4290952.7301813624799;7.599999740648399893e-09;
4291286.0857383999974;7.2601165079788643197e-09;
4291619.4412954375148;7.4074990585870637005e-09;
4291952.7968524750322;7.6585955355312762549e-09;
4292286.1524095125496;7.6737336485166451894e-09;
4292619.5079665500671;7.5897128581914330425e-09;
4292952.8635235875845;7.1671779622306530655e-09;
4293286.2190806251019;6.8453522850120407384e-09;
4293619.5746376626194;7.4468111677106207935e-09;
4293952.9301947001368;8.0533837376606243197e-09;
4294286.2857517376542;7.5281514355651779624e-09;
4294619.6413087751716;7.2274506379699232639e-09;
4294952.9968658126891;7.3552293144985014806e-09;
4295286.3524228502065;7.5714288172434862645e-09;
4295619.7079798877239;7.6951165439709257043e-09;
4295953.0635369252414;7.1859753703051865159e-09;
4296286.4190939627588;7.5488113537858225754e-09;
4296619.7746510002762;8.1125817175120573665e-09;
4296953.1302080377936;7.884654706913352129e-09;
4297286.4857650753111;8.171769927400873712e-09;
4297619.8413221128285;7.6139778926176404639e-09;
4297953.1968791503459;7.3900565666917827912e-09;
4298286.5524361878633;7.6360802125918780803e-09;
4298619.9079932253808;7.6174160312802996486e-09;
4298953.2635502628982;7.5861938952925811464e-09;
4299286.6191073004156;7.6353963152087089838e-09;
4299619.9746643379331;7.1325740869099263364e-09;
4299953.3302213754505;7.7450659219380213472e-09;
4300286.6857784129679;7.2057968480976342107e-09;
4300620.0413354504853;7.6683699390400761331e-09;
4300953.3968924880028;6.9461751905919300043e-09;
4301286.7524495255202;7.6218604760924790753e-09;
4301620.1080065630376;7.3818040569051390776e-09;
4301953.4635636005551;7.2027215303194225271e-09;
4302286.8191206380725;7.4960313511951426335e-09;
4302620.1746776755899;7.7820256905170026585e-09;
4302953.5302347131073;7.7275474907878560771e-09;
4303286.8857917506248;7.5908594965312659042e-09;
4303620.2413487881422;7.3055477223249454255e-09;
4303953.5969058256596;7.437254367914647446e-09;
4304286.9524628631771;7.0734906820746346057e-09;
4304620.3080199006945;7.2258634631339191401e-09;
4304953.6635769382119;7.3281705148531273153e-09;
4305287.0191339757293;7.6076140942404890666e-09;
4305620.3746910132468;7.5048065539817798708e-09;
4305953.7302480507642;7.6850792396498945891e-09;
4306287.0858050882816;7.3434414105122414185e-09;
4306620.4413621257991;7.7782402740922407247e-09;
4306953.7969191633165;7.2963004527082375716e-09;
4307287.1524762008339;7.4696222540637791099e-09;
4307620.5080332383513;7.9531536911758848873e-09;
4307953.8635902758688;7.0709309518690588447e-09;
4308287.2191473133862;7.5015638145714547136e-09;
4308620.5747043509036;7.0797683271450750908e-09;
4308953.9302613884211;7.4739014976898943132e-09;
4309287.2858184259385;7.4953856454840206425e-09;
4309620.6413754634559;7.7200299486435142171e-09;
4309953.9969325009733;7.2476029622237092553e-09;
4310287.3524895384908;7.4958332874075495056e-09;
4310620.7080465760082;7.5150046185967767087e-09;
4310954.0636036135256;7.6216730704459223489e-09;
4311287.4191606510431;7.3632704378212565643e-09;
4311620.7747176885605;7.3362209640492892504e-09;
4311954.1302747260779;8.0021207438107921917e-09;
4312287.4858317635953;7.0649215366813677974e-09;
4312620.8413888011128;7.6137371962659017299e-09;
4312954.1969458386302;7.1302190818300914543e-09;
4313287.5525028761476;7.3426806856957682612e-09;
4313620.9080599136651;7.1496226716760702402e-09;
4313954.2636169511825;7.7918747010130573472e-09;
4314287.6191739886999;7.5081034722757067357e-09;
4314620.9747310262173;7.3052528470896049839e-09;
4314954.3302880637348;7.7064665759962736047e-09;
4315287.6858451012522;7.375452693025863482e-09;
4315621.0414021387696;7.1519465905112156179e-09;
4315954.3969591762871;7.0411818597904130002e-09;
4316287.7525162138045;7.7067916492978838505e-09;
4316621.1080732513219;7.6258377390558962361e-09;
4316954.4636302888393;7.4373720515552577126e-09;
4317287.8191873263568;7.3687700385960397398e-09;
4317621.1747443638742;7.4004495864699038066e-09;
4317954.5303014013916;7.4141910388902942941e-09;
4318287.8858584389091;7.1238459575795332057e-09;
4318621.2414154764265;7.2769714698495135963e-09;
4318954.5969725139439;7.3102208730801976344e-09;
4319287.9525295514613;7.190458450878622898e-09;
4319621.3080865889788;7.3618346974058113119e-09;
4319954.6636436264962;7.4079156142659030593e-09;
4320288.0192006640136;7.38983585435448731e-09;
4320621.3747577015311;7.637099841417693824e-09;
4320954.7303147390485;7.2527357453111562791e-09;
4321288.0858717765659;6.8862400226521458535e-09;
4321621.4414288140833;7.1438601700890558277e-09;
4321954.7969858516008;7.4068875477451001643e-09;
4322288.1525428891182;7.5777757402306633594e-09;
4322621.5080999266356;7.3880186413077808538e-09;
4322954.8636569641531;7.4365620328364911984e-09;
4323288.2192140016705;7.476396390870831965e-09;
4323621.5747710391879;7.3264199151878983685e-09;
4323954.9303280767053;7.4990076370795577532e-09;
4324288.2858851142228;7.8129422931283443177e-09;
4324621.6414421517402;8.572233589632105577e-09;
4324954.9969991892576;7.5306916258455203206e-09;
4325288.3525562267751;7.4030763741461669269e-09;
4325621.7081132642925;7.3871357919585989293e-09;
4325955.0636703018099;7.5964630141811539943e-09;
4326288.4192273393273;7.8748536580519612471e-09;
4326621.7747843768448;7.2357462244099224336e-09;
4326955.1303414143622;7.4626180790460239223e-09;
4327288.4858984518796;7.3713852799528467585e-09;
4327621.841455489397;7.6563093642789681326e-09;
4327955.1970125269145;7.5312076575073660933e-09;
4328288.5525695644319;6.8553043242047806416e-09;
4328621.9081266019493;7.4344850276020224555e-09;
4328955.2636836394668;7.6224226930321492546e-09;
4329288.6192406769842;7.5809181154795624025e-09;
4329621.9747977145016;7.2605117473756308755e-09;
4329955.330354752019;7.6099526680195594963e-09;
4330288.6859117895365;7.4809287653465617041e-09;
4330622.0414688270539;7.8073716380799851322e-09;
4330955.3970258645713;7.3107604414701654605e-09;
4331288.7525829020888;6.9493610865833943535e-09;
4331622.1081399396062;7.742440466529387777e-09;
4331955.4636969771236;7.2039743059804095537e-09;
4332288.819254014641;7.6799100412472398602e-09;
4332622.1748110521585;7.4203541089445934631e-09;
4332955.5303680896759;7.8812893988811083545e-09;
4333288.8859251271933;7.176904848193998987e-09;
4333622.2414821647108;7.4251791382096143934e-09;
4333955.5970392022282;7.2063794931409574929e-09;
4334288.9525962397456;7.6270705307024400099e-09;
4334622.308153277263;6.971542010347775431e-09;
4334955.6637103147805;7.4838339969574008137e-09;
4335289.0192673522979;7.346835140253915597e-09;
4335622.3748243898153;7.3832309155363873288e-09;
4335955.7303814273328;7.2661263672557652171e-09;
4336289.0859384648502;7.3363111141588888131e-09;
4336622.4414955023676;7.1568231341245791555e-09;
4336955.797052539885;6.9479448860931825038e-09;
4337289.1526095774025;6.9698029570020025858e-09;
4337622.5081666149199;7.4062502797289653245e-09;
4337955.8637236524373;7.3314283532965873746e-09;
4338289.2192806899548;7.3709194303717140428e-09;
4338622.5748377274722;6.8863248436912272155e-09;
4338955.9303947649896;7.5331660909228048695e-09;
4339289.285951802507;7.6648678515311985393e-09;
4339622.6415088400245;7.5582189396072863019e-09;
4339955.9970658775419;7.5703647794966855145e-09;
4340289.3526229150593;7.3966801572566964751e-09;
4340622.7081799525768;7.4499646451897660882e-09;
4340956.0637369900942;7.2294059627608930896e-09;
4341289.4192940276116;7.6465775933343138604e-09;
4341622.774851065129;7.3127255362237519876e-09;
4341956.1304081026465;7.1549877134202688467e-09;
4342289.4859651401639;7.9696294008613222104e-09;
4342622.8415221776813;7.4682446893348242156e-09;
4342956.1970792151988;6.9959931181529100286e-09;
4343289.5526362527162;7.452360506476907176e-09;
4343622.9081932902336;7.2816903617933803616e-09;
4343956.263750327751;7.5606623184398813464e-09;
4344289.6193073652685;7.1663723844039850519e-09;
4344622.9748644027859;7.5679844613318891788e-09;
4344956.3304214403033;7.3329609051597799407e-09;
4345289.6859784778208;7.3942381106917309808e-09;
4345623.0415355153382;7.2057591005147969554e-09;
4345956.3970925528556;7.2729582356600985804e-09;
4346289.752649590373;7.4792465554196496669e-09;
4346623.1082066278905;7.150074754491697604e-09;
4346956.4637636654079;7.2513723914369165868e-09;
4347289.8193207029253;7.0928023454541744286e-09;
4347623.1748777404428;7.2740444778673918336e-09;
4347956.5304347779602;7.0690679976337378321e-09;
4348289.8859918154776;6.9802550406450336595e-09;
4348623.241548852995;7.065492635405234978e-09;
4348956.5971058905125;7.4105059866269584745e-09;
4349289.9526629280299;7.0952324016104739712e-09;
4349623.3082199655473;7.7453785607417557912e-09;
4349956.6637770030648;7.2444712451158466138e-09;
4350290.0193340405822;7.6015087557834704057e-09;
4350623.3748910780996;7.3289299074019709224e-09;
4350956.730448115617;7.4258701410201410908e-09;
4351290.0860051531345;7.241125032919626392e-09;
4351623.4415621906519;7.4729165078224468743e-09;
4351956.7971192281693;7.1822396918719277892e-09;
4352290.1526762656868;7.8049033902516384842e-09;
4352623.5082333032042;7.9037922873226307274e-09;
4352956.8637903407216;7.919846112258710491e-09;
4353290.219347378239;7.5411099587086027896e-09;
4353623.5749044157565;7.4329311594567570864e-09;
4353956.9304614532739;7.4728250254452177614e-09;
4354290.2860184907913;7.1364092413261914771e-09;
4354623.6415755283087;7.5423951528819088708e-09;
4354956.9971325658262;7.7764497063981252722e-09;
4355290.3526896033436;7.4084360868198473327e-09;
4355623.708246640861;7.2695605091155357513e-09;
4355957.0638036783785;7.161288007040411685e-09;
4356290.4193607158959;7.6599953047207236523e-09;
4356623.7749177534133;7.7617512417305078998e-09;
4356957.1304747909307;7.2420283103724614193e-09;
4357290.4860318284482;7.6269497384373607929e-09;
4357623.8415888659656;7.0042691646676757955e-09;
4357957.197145903483;7.6364425893871157314e-09;
4358290.5527029410005;7.4503967439909501991e-09;
4358623.9082599785179;7.5754869044430961367e-09;
4358957.2638170160353;7.2511303628175483027e-09;
4359290.6193740535527;7.4183859055665379856e-09;
4359623.9749310910702;8.0469915175740425184e-09;
4359957.3304881285876;7.4240182890150663297e-09;
4360290.686045166105;7.4733099708623740298e-09;
4360624.0416022036225;7.8388708857346500736e-09;
4360957.3971592411399;7.8088531196840449411e-09;
4361290.7527162786573;6.9557244408713359007e-09;
4361624.1082733161747;7.017102454653922905e-09;
4361957.4638303536922;7.4900681212852759927e-09;
4362290.8193873912096;7.3863315463995604659e-09;
4362624.174944428727;7.4101542679727572249e-09;
4362957.5305014662445;7.4498340829620701697e-09;
4363290.8860585037619;7.4150898754510308208e-09;
4363624.2416155412793;7.3161561253698437213e-09;
4363957.5971725787967;7.0070016455758832308e-09;
4364290.9527296163142;7.4381820702740242268e-09;
4364624.3082866538316;7.6178041652497086034e-09;
4364957.663843691349;7.7236794737700620317e-09;
4365291.0194007288665;7.5667481169716666045e-09;
4365624.3749577663839;7.640212906778742763e-09;
4365957.7305148039013;7.3897448160664680472e-09;
4366291.0860718414187;7.4278272421679503168e-09;
4366624.4416288789362;6.8107226525171427056e-09;
4366957.7971859164536;7.2846457754849325283e-09;
4367291.152742953971;7.2476282753086707089e-09;
4367624.5082999914885;7.3524000221425467316e-09;
4367957.8638570290059;7.5869932558703112591e-09;
4368291.2194140665233;7.637596333154306194e-09;
4368624.5749711040407;7.2141186358010145341e-09;
4368957.9305281415582;7.1536683243778043106e-09;
4369291.2860851790756;7.5580866010227509832e-09;
4369624.641642216593;7.4496768753817832476e-09;
4369957.9971992541105;7.6745827470858785091e-09;
4370291.3527562916279;7.3085772989145425527e-09;
4370624.7083133291453;7.8291826355325611075e-09;
4370958.0638703666627;7.3578267922869144968e-09;
4371291.4194274041802;7.0249348560480484593e-09;
4371624.7749844416976;7.2152213093090722396e-09;
4371958.130541479215;7.5360642171062863781e-09;
4372291.4860985167325;7.177408889447178808e-09;
4372624.8416555542499;7.6471815546597099456e-09;
4372958.1972125917673;7.4132793237424721156e-09;
4373291.5527696292847;7.5630932627746005892e-09;
4373624.9083266668022;7.6882793464960741403e-09;
4373958.2638837043196;7.2709527287884156976e-09;
4374291.619440741837;7.7077260129954083823e-09;
4374624.9749977793545;7.4937664962249073142e-09;
4374958.3305548168719;7.5634654095324549417e-09;
4375291.6861118543893;7.1255232825251368922e-09;
4375625.0416688919067;7.2931864991687689326e-09;
4375958.3972259294242;7.7702502210286183981e-09;
4376291.7527829669416;7.7345010396356883575e-09;
4376625.108340004459;7.5425674594953306951e-09;
4376958.4638970419765;6.9493242271789767983e-09;
4377291.8194540794939;7.3572969938595633721e-09;
4377625.1750111170113;7.097301857328375263e-09;
4377958.5305681545287;7.2086203672938609088e-09;
4378291.8861251920462;7.2289489949639573751e-09;
4378625.2416822295636;7.6068120691274998535e-09;
4378958.597239267081;7.428466730630134407e-09;
4379291.9527963045985;7.1135537460520481545e-09;
4379625.3083533421159;7.4389010507047714782e-09;
4379958.6639103796333;7.257132672577881749e-09;
4380292.0194674171507;7.6216997157985133526e-09;
4380625.3750244546682;7.4640738034759124275e-09;
4380958.7305814921856;7.3553843016327391524e-09;
4381292.086138529703;7.692305459272574808e-09;
4381625.4416955672204;7.6533099857556408097e-09;
4381958.7972526047379;7.3177375270461197942e-09;
4382292.1528096422553;7.2672241557825145719e-09;
4382625.5083666797727;7.5425274914664441894e-09;
4382958.8639237172902;7.1021659664438629989e-09;
4383292.2194807548076;7.3649393250718730997e-09;
4383625.575037792325;6.98359148287863718e-09;
4383958.9305948298424;7.3505401765316946694e-09;
4384292.2861518673599;7.5758190831720639835e-09;
4384625.6417089048773;7.6226909229148986924e-09;
4384958.9972659423947;7.5234449781191869988e-09;
4385292.3528229799122;7.492226394845147297e-09;
4385625.7083800174296;7.4292239027329287637e-09;
4385959.063937054947;7.1587096250880222215e-09;
4386292.4194940924644;7.5030666124575873255e-09;
4386625.7750511299819;7.0799801576981735707e-09;
4386959.1306081674993;7.7675892384831968229e-09;
4387292.4861652050167;7.253054157274618774e-09;
4387625.8417222425342;7.5607289318213588558e-09;
4387959.1972792800516;7.5758856965535414929e-09;
4388292.552836317569;7.4223880375257067499e-09;
4388625.9083933550864;7.1530275036479906703e-09;
4388959.2639503926039;7.3570252112631351338e-09;
4389292.6195074301213;7.5626687134899839293e-09;
4389625.9750644676387;7.1803851753315939277e-09;
4389959.3306215051562;7.4025821028556038073e-09;
4390292.6861785426736;6.7237966305810914491e-09;
4390626.041735580191;7.0938614982196668279e-09;
4390959.3972926177084;7.5709234437226768932e-09;
4391292.7528496552259;7.5697927925943986338e-09;
4391626.1084066927433;7.3621579943505821575e-09;
4391959.4639637302607;7.7664017439360577555e-09;
4392292.8195207677782;7.1898393905200919107e-09;
4392626.1750778052956;7.8264461578214650217e-09;
4392959.530634842813;7.4704749053466912301e-09;
4393292.8861918803304;7.2130159622929568286e-09;
4393626.2417489178479;7.4349162382247868663e-09;
4393959.5973059553653;7.7651609586837366805e-09;
4394292.9528629928827;7.1021286629502355936e-09;
4394626.3084200304002;7.6072801391546818195e-09;
4394959.6639770679176;7.5420372169787697203e-09;
4395293.019534105435;7.553148329009218287e-09;
4395626.3750911429524;7.821937764163067186e-09;
4395959.7306481804699;7.0373977756332806166e-09;
4396293.0862052179873;7.9156592391882441007e-09;
4396626.4417622555047;7.2606902712379906006e-09;
4396959.7973192930222;6.9439427541340137395e-09;
4397293.1528763305396;7.5588433290363354899e-09;
4397626.508433368057;7.3548931389666449832e-09;
4397959.8639904055744;7.4428485596911286848e-09;
4398293.2195474430919;7.7349628924139324226e-09;
4398626.5751044806093;7.1068089191328454035e-09;
4398959.9306615181267;7.2805899087313719065e-09;
4399293.2862185556442;7.5153216982926096534e-09;
4399626.6417755931616;7.4179169473609363195e-09;
4399959.997332630679;7.7735409220736073621e-09;
4400293.3528896681964;7.2357080327378753282e-09;
4400626.7084467057139;7.875462948447875533e-09;
4400960.0640037432313;7.2770993675419504143e-09;
4401293.4195607807487;7.2176806753532218863e-09;
4401626.7751178182662;7.2162227304772841308e-09;
4401960.1306748557836;7.2902786030226707226e-09;
4402293.486231893301;7.4950827766429028998e-09;
4402626.8417889308184;7.3942509892788166326e-09;
4402960.1973459683359;7.3299859515429943713e-09;
4403293.5529030058533;7.283161185256403769e-09;
4403626.9084600433707;7.1613381891211247421e-09;
4403960.2640170808882;7.163515114427809749e-09;
4404293.6195741184056;7.3697670188721531304e-09;
4404626.975131155923;7.4515620340775967634e-09;
4404960.3306881934404;7.0635066684587854979e-09;
4405293.6862452309579;7.7598691916591633344e-09;
4405627.0418022684753;7.5371504593135796313e-09;
4405960.3973593059927;7.8140267589787981706e-09;
4406293.7529163435102;7.4713017994554320467e-09;
4406627.1084733810276;7.7917929885984449356e-09;
4406960.464030418545;7.2830461661510526028e-09;
4407293.8195874560624;7.5733579407710749365e-09;
4407627.1751444935799;7.5058741444422594213e-09;
4407960.5307015310973;7.2626167302303201723e-09;
4408293.8862585686147;7.2735204525997687597e-09;
4408627.2418156061321;7.8411019899249367882e-09;
4408960.5973726436496;6.9473227171101825661e-09;
4409293.952929681167;7.1223569264589059458e-09;
4409627.3084867186844;7.2590835564767530741e-09;
4409960.6640437562019;7.8067001751946918375e-09;
4410294.0196007937193;7.4699109120501816506e-09;
4410627.3751578312367;7.3494685892683264683e-09;
4410960.7307148687541;7.4665518212668757769e-09;
4411294.0862719062716;7.4881736367160556256e-09;
4411627.441828943789;6.9431620453030973295e-09;
4411960.7973859813064;7.2140551310440059751e-09;
4412294.1529430188239;7.2712467158453364391e-09;
4412627.5085000563413;7.1220567221530473034e-09;
4412960.8640570938587;7.2193544475851467723e-09;
4413294.2196141313761;7.6258110937033052323e-09;
4413627.5751711688936;7.7894251049315244018e-09;
4413960.930728206411;7.3295609581691678613e-09;
4414294.2862852439284;7.1962462655505987641e-09;
4414627.6418422814459;7.3770594077871010086e-09;
4414960.9973993189633;7.7285928767878431245e-09;
4415294.3529563564807;7.1402466161885058682e-09;
4415627.7085133939981;6.984499201223570708e-09;
4415961.0640704315156;7.4295241070387874061e-09;
4416294.419627469033;7.8068369546713256568e-09;
4416627.7751845065504;7.5162853718779842893e-09;
4416961.1307415440679;7.3558363844483665162e-09;
4417294.4862985815853;7.6059567533093286329e-09;
4417627.8418556191027;6.9976526795301197126e-09;
4417961.1974126566201;7.4655943649304390419e-09;
4418294.5529696941376;7.1459562711595481233e-09;
4418627.908526731655;7.3661170496563954657e-09;
4418961.2640837691724;7.6530684012254823756e-09;
4419294.6196408066899;7.7235711160028586164e-09;
4419627.9751978442073;7.1806627310877502168e-09;
4419961.3307548817247;7.3768910979765678348e-09;
4420294.6863119192421;6.8673218223125331861e-09;
4420628.0418689567596;7.741270735550642712e-09;
4420961.397425994277;7.3482939733082730527e-09;
4421294.7529830317944;7.6911703672521980479e-09;
4421628.1085400693119;7.4188162280108826963e-09;
4421961.4640971068293;7.5911401609118911438e-09;
4422294.8196541443467;7.2627317493356713385e-09;
4422628.1752111818641;7.6047008690238726558e-09;
4422961.5307682193816;7.4149073547857824451e-09;
4423294.886325256899;7.5768973317735799355e-09;
4423628.2418822944164;7.3828028135380918684e-09;
4423961.5974393319339;7.5624297934950845956e-09;
4424294.9529963694513;7.545602365155446023e-09;
4424628.3085534069687;7.7168031964447436621e-09;
4424961.6641104444861;7.4237704872359699948e-09;
4425295.0196674820036;7.5397856846848299028e-09;
4425628.375224519521;7.1851422589475077984e-09;
4425961.7307815570384;7.3234085462559050939e-09;
4426295.0863385945559;7.585687633593352075e-09;
4426628.4418956320733;7.0998584789094820735e-09;
4426961.7974526695907;7.6779267388360494806e-09;
4427295.1530097071081;7.1535048995485794876e-09;
4427628.5085667446256;7.5974506685838605335e-09;
4427961.864123782143;7.9236723848907786305e-09;
4428295.2196808196604;7.3199357686348776042e-09;
4428628.5752378571779;6.9470540431382232782e-09;
4428961.9307948946953;7.2756418667552225088e-09;
4429295.2863519322127;7.4612156453213174245e-09;
4429628.6419089697301;7.3771633246622059232e-09;
4429961.9974660072476;7.5258244081055636343e-09;
4430295.353023044765;7.4052874943220103887e-09;
4430628.7085800822824;7.6412600691355692106e-09;
4430962.0641371197999;7.4630248647622465796e-09;
4431295.4196941573173;7.4950960993191984016e-09;
4431628.7752511948347;7.9772917160880751908e-09;
4431962.1308082323521;7.4258834636964365927e-09;
4432295.4863652698696;7.3604642381042140187e-09;
4432628.841922307387;7.2511814330766810599e-09;
4432962.1974793449044;6.8049939017100768979e-09;
4433295.5530363824219;7.3934973698897010763e-09;
4433628.9085934199393;7.8200557140917226207e-09;
4433962.2641504574567;7.2808075124441984372e-09;
4434295.6197074949741;7.9780200223922292935e-09;
4434628.9752645324916;7.4118857718019626191e-09;
4434962.330821570009;7.2989543298263015458e-09;
4435295.6863786075264;7.2377295268211128132e-09;
4435629.0419356450438;7.6555695116553579282e-09;
4435962.3974926825613;7.9007245190609864949e-09;
4436295.7530497200787;7.0706454025071252545e-09;
4436629.1086067575961;7.2273107498688204942e-09;
4436962.4641637951136;7.7631554518120537978e-09;
4437295.819720832631;6.6732321890583534696e-09;
4437629.1752778701484;6.9148247128225648339e-09;
4437962.5308349076658;7.2692158958886921027e-09;
4438295.8863919451833;6.9180687845005195413e-09;
4438629.2419489827007;7.765788012648044969e-09;
4438962.5975060202181;6.9959074089354089665e-09;
4439295.9530630577356;7.4277881623174835113e-09;
4439629.308620095253;7.1661077072349144146e-09;
4439962.6641771327704;7.2692798447349105118e-09;
4440296.0197341702878;7.1534418388807807787e-09;
4440629.3752912078053;7.4627752866263108444e-09;
4440962.7308482453227;6.8881274017940086196e-09;
4441296.0864052828401;7.8093469468853982107e-09;
4441629.4419623203576;7.3068697759026690619e-09;
4441962.797519357875;6.9842416294818576716e-09;
4442296.1530763953924;7.3881221140936759184e-09;
4442629.5086334329098;7.1110175525745944469e-09;
4442962.8641904704273;7.2241501669623175985e-09;
4443296.2197475079447;7.5255996989653795026e-09;
4443629.5753045454621;7.1656294231559058971e-09;
4443962.9308615829796;7.1753794017581640219e-09;
4444296.286418620497;6.9796053381310230179e-09;
4444629.6419756580144;7.2744916757017108466e-09;
4444962.9975326955318;7.230777754330119933e-09;
4445296.3530897330493;7.3904069530783544906e-09;
4445629.7086467705667;7.2844539289462773013e-09;
4445963.0642038080841;7.3100925312985509663e-09;
4446296.4197608456016;6.9664856106044226181e-09;
4446629.775317883119;7.6635213730469331495e-09;
4446963.1308749206364;7.5470873994731846324e-09;
4447296.4864319581538;7.4670900573892140528e-09;
4447629.8419889956713;7.309771454799829371e-09;
4447963.1975460331887;7.2749646307102011633e-09;
4448296.5531030707061;7.4802581906396881095e-09;
4448629.9086601082236;7.7202475523563407478e-09;
4448963.264217145741;7.3472352646319905034e-09;
4449296.6197741832584;7.5737167648526337871e-09;
4449629.9753312207758;7.5208417271710459318e-09;
4449963.3308882582933;7.0935874951771893393e-09;
4450296.6864452958107;7.5109394259698092355e-09;
4450630.0420023333281;7.9925674967284976447e-09;
4450963.3975593708456;7.6290138650847438839e-09;
4451296.753116408363;7.0746835056922918739e-09;
4451630.1086734458804;7.1128289924615728523e-09;
4451963.4642304833978;7.3745067830088828487e-09;
4452296.8197875209153;7.2845947052257997711e-09;
4452630.1753445584327;7.5530293131009784702e-09;
4452963.5309015959501;7.9340081171608289878e-09;
4453296.8864586334676;7.4602324318107093859e-09;
4453630.242015670985;7.8241635392828356999e-09;
4453963.5975727085024;7.4647426018259466218e-09;
4454296.9531297460198;7.4207191502750902146e-09;
4454630.3086867835373;7.4470598576681368286e-09;
4454963.6642438210547;7.5469017701834673062e-09;
4455297.0198008585721;7.1478143404135607852e-09;
4455630.3753578960896;6.951314635017524779e-09;
4455963.730914933607;7.5414412492591509363e-09;
4456297.0864719711244;7.6137238735896062281e-09;
4456630.4420290086418;7.2112551485759013303e-09;
4456963.7975860461593;7.1567476389589046448e-09;
4457297.1531430836767;7.2743513435113982268e-09;
4457630.5087001211941;7.3530070920924117672e-09;
4457963.8642571587116;7.0348513681040003576e-09;
4458297.219814196229;7.0800050266939251742e-09;
4458630.5753712337464;7.4536430361149541568e-09;
4458963.9309282712638;7.1742576324140827637e-09;
4459297.2864853087813;7.3855397353383978043e-09;
4459630.6420423462987;7.6307964391730820353e-09;
4459963.9975993838161;7.2984285282018390717e-09;
4460297.3531564213336;7.4371890868007994868e-09;
4460630.708713458851;7.5184640735415086965e-09;
4460964.0642704963684;7.5152817302637231478e-09;
4461297.4198275338858;7.3565082914228696609e-09;
4461630.7753845714033;7.5271868738013836264e-09;
4461964.1309416089207;7.0021410891740742954e-09;
4462297.4864986464381;7.4635622127061651554e-09;
4462630.8420556839556;7.1010433089213620406e-09;
4462964.197612721473;7.2131429718069739465e-09;
4463297.5531697589904;7.5751938055645950953e-09;
4463630.9087267965078;7.5898594076306835632e-09;
4463964.2642838340253;7.4692412255217277561e-09;
4464297.6198408715427;7.277572322550440731e-09;
4464630.9753979090601;7.2156267627576653467e-09;
4464964.3309549465775;7.7090795969070313731e-09;
4465297.686511984095;8.1463706891327092308e-09;
4465631.0420690216124;7.4678379036186015583e-09;
4465964.3976260591298;7.5631332308034870948e-09;
4466297.7531830966473;7.3720847204583606072e-09;
4466631.1087401341647;7.2612005297401083226e-09;
4466964.4642971716821;7.7539690224170954025e-09;
4467297.8198542091995;7.6630097822771858773e-09;
4467631.175411246717;7.1437846749233813171e-09;
4467964.5309682842344;7.355048126100882655e-09;
4468297.8865253217518;7.5818640254965430358e-09;
4468631.2420823592693;7.2939294604168480873e-09;
4468964.5976393967867;7.2924817295927368832e-09;
4469297.9531964343041;7.39352357115308223e-09;
4469631.3087534718215;7.4115211745606757177e-09;
4469964.664310509339;7.3973431824470026186e-09;
4470298.0198675468564;7.0952697051041013765e-09;
4470631.3754245843738;7.4022827867281648651e-09;
4470964.7309816218913;7.2000143624961765454e-09;
4471298.0865386594087;7.3029560176962604601e-09;
4471631.4420956969261;7.1004695456622357597e-09;
4471964.7976527344435;7.5915265185244606982e-09;
4472298.153209771961;7.4658048632159079716e-09;
4472631.5087668094784;7.2213333091042386513e-09;
4472964.8643238469958;7.2265238237889661832e-09;
4473298.2198808845133;7.1714727489791130211e-09;
4473631.5754379220307;7.2176300491832989792e-09;
4473964.9309949595481;7.4353732060217225808e-09;
4474298.2865519970655;7.5387260878301276534e-09;
4474631.642109034583;7.076237373837557243e-09;
4474964.9976660721004;7.6598203335720427276e-09;
4475298.3532231096178;6.9418448767066820437e-09;
4475631.7087801471353;6.8398349206688635604e-09;
4475965.0643371846527;7.522361400447152846e-09;
4476298.4198942221701;6.8686367704628992215e-09;
4476631.7754512596875;7.8246866763720390736e-09;
4476965.131008297205;8.219251945718042407e-09;
4477298.4865653347224;7.4035573227604345448e-09;
4477631.8421223722398;7.5969159851752010582e-09;
4477965.1976794097573;7.3534205391467821755e-09;
4478298.5532364472747;7.4139046013499410037e-09;
4478631.9087934847921;7.6865509512913376966e-09;
4478965.2643505223095;7.3294192937112256914e-09;
4479298.619907559827;7.6292145934075961122e-09;
4479631.9754645973444;7.2088357505606381892e-09;
4479965.3310216348618;7.1578920568526882562e-09;
4480298.6865786723793;6.7247536428283183341e-09;
4480632.0421357098967;7.7918063112747404375e-09;
4480965.3976927474141;7.6321908792920112319e-09;
4481298.7532497849315;7.4750170497850376705e-09;
4481632.108806822449;7.1399077761213902704e-09;
4481965.4643638599664;7.4138264416490073927e-09;
4482298.8199208974838;7.4386394821601697913e-09;
4482632.1754779350013;7.2970438580455265765e-09;
4482965.5310349725187;7.3897057362160012417e-09;
4483298.8865920100361;7.2476282753086707089e-09;
4483632.2421490475535;7.6305282092903325974e-09;
4483965.597706085071;7.1341403895530675072e-09;
4484298.9532631225884;7.7018107447202055482e-09;
4484632.3088201601058;7.0871726265409051848e-09;
4484965.6643771976233;7.0503163307478189381e-09;
4485299.0199342351407;7.7503052864358323859e-09;
4485632.3754912726581;7.2172876564025045809e-09;
4485965.7310483101755;7.2051387078886364179e-09;
4486299.086605347693;6.8508980710646483203e-09;
4486632.4421623852104;7.200444240851311406e-09;
4486965.7977194227278;7.4761201673823052261e-09;
4487299.1532764602453;7.1076331487063271197e-09;
4487632.5088334977627;7.0777166349955678015e-09;
4487965.8643905352801;6.9608461217285366729e-09;
4488299.2199475727975;6.9735262009373855108e-09;
4488632.575504610315;7.835717852344714629e-09;
4488965.9310616478324;7.4653065951224562014e-09;
4489299.2866186853498;7.3278356715889003681e-09;
4489632.6421757228673;6.9148127224138988822e-09;
4489965.9977327603847;7.0782388839063514752e-09;
4490299.3532897979021;6.7548748816648185311e-09;
4490632.7088468354195;7.2469150680376515083e-09;
4490966.064403872937;7.1292669545641729201e-09;
4491299.4199609104544;6.9976158201257021574e-09;
4491632.7755179479718;7.3963293267809149256e-09;
4491966.1310749854892;7.2328232292306893214e-09;
4492299.4866320230067;7.0512080618811978638e-09;
4492632.8421890605241;7.6871984333592990879e-09;
4492966.1977460980415;6.8984449264064551244e-09;
4493299.553303135559;7.6833508444451581454e-09;
4493632.9088601730764;7.4166530694697030412e-09;
4493966.2644172105938;7.5525115050822932972e-09;
4494299.6199742481112;7.7158546218925039284e-09;
4494632.9755312856287;7.1720522853979673528e-09;
4494966.3310883231461;7.7215087657123149256e-09;
4495299.6866453606635;7.4464971966392567992e-09;
4495633.042202398181;7.5260233600715764624e-09;
4495966.3977594356984;7.5544885902445457759e-09;
4496299.7533164732158;7.0250578687591769267e-09;
4496633.1088735107332;6.9864256602159002796e-09;
4496966.4644305482507;7.2910344428578355291e-09;
4497299.8199875857681;7.2196333356089326116e-09;
4497633.1755446232855;7.4952675177542005258e-09;
4497966.531101660803;7.7072384030429930135e-09;
4498299.8866586983204;7.5118764542025928677e-09;
4498633.2422157358378;7.7111659280149069673e-09;
4498966.5977727733552;7.142479496735631983e-09;
4499299.9533298108727;7.1254357969507964299e-09;
4499633.3088868483901;7.3235502107138472638e-09;
4499966.6644438859075;7.6849975272352821776e-09;
4500300.020000923425;7.5633730389768061286e-09;
4500633.3755579609424;7.2318320221143039817e-09;
4500966.7311149984598;7.351650843645529676e-09;
4501300.0866720359772;7.4572978903120201721e-09;
4501633.4422290734947;7.6132025128572422545e-09;
4501966.7977861110121;7.3645254339282928413e-09;
4502300.1533431485295;6.9888810294571612758e-09;
4502633.508900186047;7.590659656386833376e-09;
4502966.8644572235644;7.3781611931167390139e-09;
4503300.2200142610818;7.4619892487248762336e-09;
4503633.5755712985992;7.5529102971927386534e-09;
4503966.9311283361167;7.5427397661087525194e-09;
4504300.2866853736341;7.4876078670627066458e-09;
4504633.6422424111515;7.6060908682507033518e-09;
4504966.997799448669;7.3576589265655911731e-09;
4505300.3533564861864;6.9270194025250475534e-09;
4505633.7089135237038;7.5417592171334035811e-09;
4505967.0644705612212;7.1750139163384574204e-09;
4506300.4200275987387;7.8467792263836599886e-09;
4506633.7755846362561;7.1835772885719961778e-09;
4506967.1311416737735;7.4263528659912481089e-09;
4507300.486698711291;6.9898140608870562573e-09;
4507633.8422557488084;7.0799677232002977689e-09;
4507967.1978127863258;7.7340258641811487905e-09;
4508300.5533698238432;7.8396009683956435765e-09;
4508633.9089268613607;7.4025949814426894591e-09;
4508967.2644838988781;7.1669639112315053353e-09;
4509300.6200409363955;7.0334178481346043554e-09;
4509633.975597973913;7.4238095670864368003e-09;
4509967.3311550114304;6.8816206066912855022e-09;
4510300.6867120489478;7.1461445649845245498e-09;
4510634.0422690864652;7.2208385937244656816e-09;
4510967.3978261239827;7.1723293970649137918e-09;
4511300.7533831615001;7.1159660386399536947e-09;
4511634.1089401990175;7.5139485744557532598e-09;
4511967.464497236535;7.4327481947022988606e-09;
4512300.8200542740524;7.6442541185883783328e-09;
4512634.1756113115698;7.7510815543746502954e-09;
4512967.5311683490872;7.6536732507292981609e-09;
4513300.8867253866047;7.8932744784765418444e-09;
4513634.2422824241221;7.7008772692011007166e-09;
4513967.5978394616395;7.5936075205618180917e-09;
4514300.953396499157;7.1595143147362705349e-09;
4514634.3089535366744;7.3784334198023771023e-09;
4514967.6645105741918;6.9838366201224744145e-09;
4515301.0200676117092;7.3709709447200566501e-09;
4515634.3756246492267;7.4243313719080106239e-09;
4515967.7311816867441;7.0327508261414095614e-09;
4516301.0867387242615;7.1169039550511570269e-09;
4516634.442295761779;7.5002200006224484241e-09;
4516967.7978527992964;6.9133183622227534215e-09;
4517301.1534098368138;7.3733668060071977379e-09;
4517634.5089668743312;7.4802457561418123078e-09;
4517967.8645239118487;7.6705521934172793408e-09;
4518301.2200809493661;7.3279902146339281899e-09;
4518634.5756379868835;7.4176433884076686809e-09;
4518967.9311950244009;7.428871295900307814e-09;
4519301.2867520619184;7.1782411126264378254e-09;
4519634.6423090994358;7.2084556101970065356e-09;
4519967.9978661369532;7.1776486976204978419e-09;
4520301.3534231744707;7.2829182684586157848e-09;
4520634.7089802119881;7.3286336998990009306e-09;
4520968.0645372495055;7.1491705888604428765e-09;
4521301.4200942870229;7.7122361830106456182e-09;
4521634.7756513245404;7.6188353403949804488e-09;
4521968.1312083620578;7.3549708545783687441e-09;
4522301.4867653995752;7.4018147167009828991e-09;
4522634.8423224370927;6.7279084525750931789e-09;
4522968.1978794746101;7.2886652269232854451e-09;
4523301.5534365121275;7.0461685375278193533e-09;
4523634.9089935496449;7.4513133441200807283e-09;
4523968.2645505871624;7.3192416571998819563e-09;
4524301.6201076246798;7.2097221526234989142e-09;
4524634.9756646621972;7.8289348337534647726e-09;
4524968.3312216997147;7.4035573227604345448e-09;
4525301.6867787372321;7.483715869227580697e-09;
4525635.0423357747495;7.6686932359848469787e-09;
4525968.3978928122669;7.1671149015628543566e-09;
4526301.7534498497844;7.1044996552416250779e-09;
4526635.1090068873018;7.4938188987516696216e-09;
4526968.4645639248192;7.4123156501570974797e-09;
4527301.8201209623367;7.351650843645529676e-09;
4527635.1756779998541;7.1170411786170006962e-09;
4527968.5312350373715;7.6327406617338056094e-09;
4528301.8867920748889;7.4679684658462974767e-09;
4528635.2423491124064;7.6063306764240223856e-09;
4528968.5979061499238;7.3542989476038655994e-09;
4529301.9534631874412;7.483254904627756332e-09;
4529635.3090202249587;7.3516766008197009796e-09;
4529968.6645772624761;7.0708443544731380825e-09;
4530302.0201342999935;7.5178965275313203165e-09;
4530635.3756913375109;7.6251680525274423417e-09;
4530968.7312483750284;7.4693202734010810673e-09;
4531302.0868054125458;7.1408612356549383549e-09;
4531635.4423624500632;7.2326580280446250981e-09;
4531968.7979194875807;7.1760348774319027143e-09;
4532302.1534765250981;7.5230088825151142373e-09;
4532635.5090335626155;7.0081340730610008904e-09;
4532968.8645906001329;7.9326420987513301952e-09;
4533302.2201476376504;7.1698855741431088973e-09;
4533635.5757046751678;7.2418502305993115442e-09;
4533968.9312617126852;6.9521326473420685943e-09;
4534302.2868187502027;6.9907226674104094855e-09;
4534635.6423757877201;7.5567188062564127904e-09;
4534968.9979328252375;7.3590546989521499199e-09;
4535302.3534898627549;7.4868315991238887364e-09;
4535635.7090469002724;7.1124919287512966548e-09;
4535969.0646039377898;6.4888898698711727775e-09;
4536302.4201609753072;7.8692252714063215535e-09;
4536635.7757180128247;7.5605699478842325334e-09;
4536969.1312750503421;7.0698007448299904354e-09;
4537302.4868320878595;6.9293806248538203363e-09;
4537635.8423891253769;7.2345640589333015669e-09;
4537969.1979461628944;7.8676638537444887334e-09;
4538302.5535032004118;7.3097972119740006747e-09;
4538635.9090602379292;6.9785017764445456123e-09;
4538969.2646172754467;7.3182389037640405149e-09;
4539302.6201743129641;7.5201285199000267312e-09;
4539635.9757313504815;7.668114143655202497e-09;
4539969.3312883879989;7.1506023324729994783e-09;
4540302.6868454255164;7.4301373942375903425e-09;
4540636.0424024630338;7.3254029508973417251e-09;
4540969.3979595005512;8.3264328765153550194e-09;
4541302.7535165380687;7.2186190358536350686e-09;
4541636.1090735755861;7.6508905877403776685e-09;
4541969.4646306131035;7.4140609207518082258e-09;
4542302.8201876506209;7.3160149050011114014e-09;
4542636.1757446881384;6.8596173186108444497e-09;
4542969.5313017256558;7.3772148390105485305e-09;
4543302.8868587631732;6.8622085791503195651e-09;
4543636.2424158006907;7.1392682876592061803e-09;
4543969.5979728382081;7.5635719909428189567e-09;
4544302.9535298757255;7.115528610768251383e-09;
4544636.3090869132429;7.5545552036260232853e-09;
4544969.6646439507604;7.5245552011438121554e-09;
4545303.0202009882778;7.4779720193873799872e-09;
4545636.3757580257952;7.6093380485531270097e-09;
4545969.7313150633126;7.2831998210176607245e-09;
4546303.0868721008301;7.3586927662461221189e-09;
4546636.4424291383475;6.9061689700333772635e-09;
4546969.7979861758649;6.7784111656976619997e-09;
4547303.1535432133824;7.2881016777159857156e-09;
4547636.5091002508998;7.1644463695008653303e-09;
4547969.8646572884172;7.1078201102636739961e-09;
4548303.2202143259346;7.471276042281260743e-09;
4548636.5757713634521;7.1676438118117857812e-09;
4548969.9313284009695;7.229380649675931636e-09;
4549303.2868854384869;6.9571419736291773006e-09;
4549636.6424424760044;7.5404482657859261963e-09;
4549969.9979995135218;7.1622316966113430681e-09;
4550303.3535565510392;7.3412875778444686148e-09;
4550636.7091135885566;7.592553252777634043e-09;
4550970.0646706260741;7.5194552806578940363e-09;
4551303.4202276635915;6.824172338326661702e-09;
4551636.7757847011089;7.3614985218739548145e-09;
4551970.1313417386264;6.9855912165905920119e-09;
4552303.4868987761438;7.4707635633330937708e-09;
4552636.8424558136612;7.2704930964562208828e-09;
4552970.1980128511786;7.2565335962337940146e-09;
4553303.5535698886961;6.9076491193698075222e-09;
4553636.9091269262135;6.9818737458149371378e-09;
4553970.2646839637309;7.6804225201954068325e-09;
4554303.6202410012484;7.2252159810659577488e-09;
4554636.9757980387658;7.3801187383537580899e-09;
4554970.3313550762832;7.3112995657709234365e-09;
4555303.6869121138006;7.373289090395473977e-09;
4555637.0424691513181;7.1561192527269668062e-09;
4555970.3980261888355;7.3429902158750337549e-09;
4556303.7535832263529;7.387395584146361216e-09;
4556637.1091402638704;7.1466090822980277153e-09;
4556970.4646973013878;7.2992620836487276392e-09;
4557303.8202543389052;8.2101028198167114169e-09;
4557637.1758113764226;7.2532579942219399527e-09;
4557970.5313684139401;7.3154753366111435753e-09;
4558303.8869254514575;7.3002879297234812839e-09;
4558637.2424824889749;7.3357311336508246313e-09;
4558970.5980395264924;7.2825345753813053307e-09;
4559303.9535965640098;7.4744264111359370872e-09;
4559637.3091536015272;7.4360002599860308692e-09;
4559970.6647106390446;7.2692287744757777546e-09;
4560304.0202676765621;6.9793602008871857834e-09;
4560637.3758247140795;6.9478107711518077849e-09;
4560970.7313817515969;6.9161973925702113775e-09;
4561304.0869387891144;7.0931638340709923796e-09;
4561637.4424958266318;7.2838268749819690129e-09;
4561970.7980528641492;7.4870030175588908605e-09;
4562304.1536099016666;7.1909003196424237103e-09;
4562637.5091669391841;7.4781958403491444187e-09;
4562970.8647239767015;7.5367001528547916678e-09;
4563304.2202810142189;7.4094255175793932722e-09;
4563637.5758380517364;7.4496115942679352884e-09;
4563970.9313950892538;7.2849912768901958771e-09;
4564304.2869521267712;7.298543991396400088e-09;
4564637.6425091642886;6.9717009942849017534e-09;
4564970.9980662018061;7.012641578540979026e-09;
4565304.3536232393235;7.7720798685732006561e-09;
4565637.7091802768409;7.4103367886380056007e-09;
4565971.0647373143584;7.3420354240738561202e-09;
4566304.4202943518758;7.0473071822618749138e-09;
4566637.7758513893932;7.3021730884192947997e-09;
4566971.1314084269106;7.1905845722142203158e-09;
4567304.4869654644281;7.2552079899423915776e-09;
4567637.8425225019455;7.2178836241221233649e-09;
4567971.1980795394629;7.1523111877525025193e-09;
4568304.5536365769804;7.1089067965601770993e-09;
4568637.9091936144978;7.3811041723104153789e-09;
4568971.2647506520152;6.764505400269626989e-09;
4569304.6203076895326;7.2949930540744389873e-09;
4569637.9758647270501;7.0991847955781395285e-09;
4569971.3314217645675;7.4383912362918636063e-09;
4570304.6869788020849;7.5282837741497132811e-09;
4570638.0425358396024;7.1560437575612922956e-09;
4570971.3980928771198;7.4089960833134682616e-09;
4571304.7536499146372;6.6912746454761418136e-09;
4571638.1092069521546;7.2942243356521885289e-09;
4571971.4647639896721;7.4001373917553792126e-09;
4572304.8203210271895;7.0606285262897472421e-09;
4572638.1758780647069;7.2969155162638799084e-09;
4572971.5314351022243;7.68522756544598451e-09;
4573304.8869921397418;7.7070350101848816848e-09;
4573638.2425491772592;7.2399419792645858251e-09;
4573971.5981062147766;7.2475390133774908463e-09;
4574304.9536632522941;7.729284767776789522e-09;
4574638.3092202898115;7.1710193338958561071e-09;
4574971.6647773273289;7.3716575066384848469e-09;
4575305.0203343648463;7.3260850719236714212e-09;
4575638.3758914023638;7.0824430764560020179e-09;
4575971.7314484398812;7.0283912023683114967e-09;
4576305.0870054773986;6.999570700827462133e-09;
4576638.4425625149161;6.947676656210433066e-09;
4576971.7981195524335;7.3055863580862023809e-09;
4577305.1536765899509;7.3554486945681674115e-09;
4577638.5092336274683;7.3990324978012722568e-09;
4577971.8647906649858;7.3301018588267652376e-09;
4578305.2203477025032;7.1392434186634545767e-09;
4578638.5759047400206;7.1364594234069045342e-09;
4578971.9314617775381;7.2125851957594022679e-09;
4579305.2870188150555;7.4169657082734374853e-09;
4579638.6425758525729;7.1947039437247894966e-09;
4579971.9981328900903;7.4797856797204076429e-09;
4580305.3536899276078;7.0479386771182817029e-09;
4580638.7092469651252;7.0119270390023302753e-09;
4580972.0648040026426;7.4547168438243716082e-09;
4581305.4203610401601;7.4710397868216205097e-09;
4581638.7759180776775;7.4844912489879789064e-09;
4581972.1314751151949;7.0776295935104371893e-09;
4582305.4870321527123;7.4950827766429028998e-09;
4582638.8425891902298;7.1816592672746537573e-09;
4582972.1981462277472;7.1210557450740452623e-09;
4583305.5537032652646;7.2431225461855319736e-09;
4583638.9092603027821;7.3071135808788767463e-09;
4583972.2648173402995;6.8601835323534032796e-09;
4584305.6203743778169;7.4364705504592620855e-09;
4584638.9759314153343;7.2689094743338955595e-09;
4584972.3314884528518;7.2539205753230362461e-09;
4585305.6870454903692;7.2362928982272478606e-09;
4585639.0426025278866;7.1229200315769958252e-09;
4585972.3981595654041;7.3167090164361070492e-09;
4586305.7537166029215;6.8611960557518614223e-09;
4586639.1092736404389;7.2532198025498928473e-09;
4586972.4648306779563;7.3355508334316255059e-09;
4587305.8203877154738;7.598638163130999601e-09;
4587639.1759447529912;7.1810033475117052149e-09;
4587972.5315017905086;7.1671277801499400084e-09;
4588305.8870588280261;7.5088415485424775397e-09;
4588639.2426158655435;7.1703643023113272648e-09;
4588972.5981729030609;6.9652621448312856955e-09;
4589305.9537299405783;7.3770078934387584013e-09;
4589639.3092869780958;7.3045853810072003398e-09;
4589972.6648440156132;7.0155863340914947912e-09;
4590306.0204010531306;7.3135990596995270607e-09;
4590639.3759580906481;7.0835879384389954794e-09;
4590972.7315151281655;7.7032185075154302467e-09;
4591306.0870721656829;7.2768817638291238836e-09;
4591639.4426292032003;7.7495299066754341766e-09;
4591972.7981862407178;6.9935972568657689408e-09;
4592306.1537432782352;7.3179173831761090696e-09;
4592639.5093003157526;6.7493117761330267967e-09;
4592972.8648573532701;6.8299890187972778222e-09;
4593306.2204143907875;7.2559469543875820818e-09;
4593639.5759714283049;7.7047470625757341622e-09;
4593972.9315284658223;7.1536931933735559141e-09;
4594306.2870855033398;7.3102337516672832862e-09;
4594639.6426425408572;6.9646377554022365075e-09;
4594972.9981995783746;7.2446368903911206871e-09;
4595306.3537566158921;7.1535302126335409412e-09;
4595639.7093136534095;7.3060997252127890533e-09;
4595973.0648706909269;7.0749694991434353142e-09;
4596306.4204277284443;7.4749388900841040595e-09;
4596639.7759847659618;7.1997994233186091151e-09;
4596973.1315418034792;7.3222894414470829361e-09;
4597306.4870988409966;6.9727179585754583968e-09;
4597639.8426558785141;7.5475776739608591015e-09;
4597973.1982129160315;7.0349130965041695163e-09;
4598306.5537699535489;7.0642141025700766477e-09;
4598639.9093269910663;7.2213715007762857567e-09;
4598973.2648840285838;7.2489014790733108384e-09;
4599306.6204410661012;7.4516792736289971799e-09;
4599639.9759981036186;7.0814603070346038294e-09;
4599973.3315551411361;7.1468728712886786525e-09;
4600306.6871121786535;7.5820238976120890584e-09;
4600640.0426692161709;7.1097185916357830138e-09;
4600973.3982262536883;7.5423427503551465634e-09;
4601306.7537832912058;7.0949832675637480861e-09;
4601640.1093403287232;7.1719514771473313886e-09;
4601973.4648973662406;7.6285582295554377197e-09;
4602306.820454403758;6.9627663634719283436e-09;
4602640.1760114412755;7.6631714307495713001e-09;
4602973.5315684787929;7.272345392550505494e-09;
4603306.8871255163103;7.2926225058722593531e-09;
4603640.2426825538278;7.1523613698332155764e-09;
4603973.5982395913452;7.0565491228080645669e-09;
4604306.9537966288626;7.2806027873184575583e-09;
4604640.30935366638;7.5501107588138438587e-09;
4604973.6649107038975;7.6241768454110570019e-09;
4605307.0204677414149;7.7032042966607150447e-09;
4605640.3760247789323;7.2834045461434016033e-09;
4605973.7315818164498;7.4789054949064848188e-09;
4606307.0871388539672;7.5326100912320725911e-09;
4606640.4426958914846;7.2348438351355071063e-09;
4606973.798252929002;7.5241990415975124051e-09;
4607307.1538099665195;7.5225861095873369777e-09;
4607640.5093670040369;7.9288522414344697609e-09;
4607973.8649240415543;7.1629990827659639763e-09;
4608307.2204810790718;7.7380075680366644519e-09;
4608640.5760381165892;7.6595245701582825859e-09;
4608973.9315951541066;7.3443189307909051422e-09;
4609307.287152191624;7.5555375289582116238e-09;
4609640.6427092291415;7.7758217642553972837e-09;
4609973.9982662666589;6.9120313916926079401e-09;
4610307.3538233041763;7.1277641566780403082e-09;
4610640.7093803416938;7.0921295503012515837e-09;
4610974.0649373792112;6.9454433315740971011e-09;
4611307.4204944167286;7.5132353671847340593e-09;
4611640.776051454246;7.2862968991671550611e-09;
4611974.1316084917635;7.2724986033279037656e-09;
4612307.4871655292809;7.4111436987323031644e-09;
4612640.8427225667983;7.7414883392634692427e-09;
4612974.1982796043158;9.8858539132606892963e-09;
4613307.5538366418332;7.2768693293312480819e-09;
4613640.9093936793506;7.3605415096267279296e-09;
4613974.264950716868;7.4020749529779550357e-09;
4614307.6205077543855;7.4931083560159095214e-09;
4614640.9760647919029;7.5201018745474357274e-09;
4614974.3316218294203;6.9270922331554629636e-09;
4615307.6871788669378;7.094011156283386299e-09;
4615641.0427359044552;7.3721881932442556717e-09;
4615974.3982929419726;7.1324488537527486187e-09;
4616307.75384997949;7.3380510556830813584e-09;
4616641.1094070170075;7.3505272979446090176e-09;
4616974.4649640545249;7.8160997674103782629e-09;
4617307.8205210920423;7.4725354792803955206e-09;
4617641.1760781295598;7.0991847955781395285e-09;
4617974.5316351670772;7.237805910165207024e-09;
4618307.8871922045946;7.596155704447937751e-09;
4618641.242749242112;7.5765385076920210849e-09;
4618974.5983062796295;7.6434343299069951172e-09;
4619307.9538633171469;6.9648460332416561869e-09;
4619641.3094203546643;7.5710033797804499045e-09;
4619974.6649773921818;7.3719164106478274334e-09;
4620308.0205344296992;7.71714248060106911e-09;
4620641.3760914672166;7.4450192677488757909e-09;
4620974.731648504734;7.3988508653144435812e-09;
4621308.0872055422515;6.9723014028966190381e-09;
4621641.4427625797689;7.5315647052320855437e-09;
4621974.7983196172863;7.5650206099453498609e-09;
4622308.1538766548038;7.4029720131818521622e-09;
4622641.5094336923212;7.346835140253915597e-09;
4622974.8649907298386;7.1207306717724350165e-09;
4623308.220547767356;6.8511147865990551509e-09;
4623641.5761048048735;7.3876420536578280007e-09;
4623974.9316618423909;7.5533872490041176206e-09;
4624308.2872188799083;7.3134964750920516963e-09;
4624641.6427759174258;7.2247465787711462326e-09;
4624974.9983329549432;7.4203803102079746168e-09;
4625308.3538899924606;7.464899809406233544e-09;
4625641.709447029978;7.2840316001077098917e-09;
4625975.0650040674955;7.5910469021778226306e-09;
4626308.4205611050129;6.9347021458554536366e-09;
4626641.7761181425303;7.1773840204514272045e-09;
4626975.1316751800478;7.3216206430970487418e-09;
4627308.4872322175652;7.2400565542807271413e-09;
4627641.8427892550826;7.0669199381256930792e-09;
4627975.1983462926;7.3489649921043564973e-09;
4628308.5539033301175;7.0466263935031747678e-09;
4628641.9094603676349;7.2933787897966340097e-09;
4628975.2650174051523;7.109443700414885825e-09;
4629308.6205744426697;7.5979578184615093051e-09;
4629641.9761314801872;7.0132206708706235077e-09;
4629975.3316885177046;7.11600378622279095e-09;
4630308.687245555222;7.0638419558122222952e-09;
4630642.0428025927395;6.9929582124927947007e-09;
4630975.3983596302569;6.908874805588993695e-09;
4631308.7539166677743;7.103613697267974203e-09;
4631642.1094737052917;7.6393273928943017381e-09;
4631975.4650307428092;6.6986491908949119534e-09;
4632308.8205877803266;7.0835382004474922724e-09;
4632642.176144817844;7.8390911539827357046e-09;
4632975.5317018553615;7.2243784288161805307e-09;
4633308.8872588928789;7.4556734119823886431e-09;
4633642.2428159303963;7.1418648772691994964e-09;
4633975.5983729679137;7.4060420018895456451e-09;
4634308.9539300054312;7.2263586226029019599e-09;
4634642.3094870429486;7.362559006907076764e-09;
4634975.665044080466;7.1910899457350296871e-09;
4635309.0206011179835;7.525269296593251056e-09;
4635642.3761581555009;7.3813373191455866618e-09;
4635975.7317151930183;7.2574257714563827903e-09;
4636309.0872722305357;6.950130249094854662e-09;
4636642.4428292680532;7.6274595528502686648e-09;
4636975.7983863055706;7.3810393352857772697e-09;
4637309.153943343088;6.6731384862350751064e-09;
4637642.5095003806055;7.5971566815269397921e-09;
4637975.8650574181229;7.522084288780206407e-09;
4638309.2206144556403;7.5150046185967767087e-09;
4638642.5761714931577;7.4309074449274703511e-09;
4638975.9317285306752;7.5244628305881633423e-09;
4639309.2872855681926;7.0679133656881276693e-09;
4639642.64284260571;7.2459989119977308292e-09;
4639975.9983996432275;7.0972019372561589989e-09;
4640309.3539566807449;7.4385217985195595247e-09;
4640642.7095137182623;7.0937993257302878192e-09;
4640976.0650707557797;7.4612414024954887282e-09;
4641309.4206277932972;7.3200387973315628187e-09;
4641642.7761848308146;7.3699610858568576077e-09;
4641976.131741868332;7.0514558636602941988e-09;
4642309.4872989058495;7.0792336437364156154e-09;
4642642.8428559433669;7.0699623933023758582e-09;
4642976.1984129808843;7.0861267964517082873e-09;
4643309.5539700184017;7.0554704301173387648e-09;
4643642.9095270559192;7.2832766484509647853e-09;
4643976.2650840934366;7.2662538208589921851e-09;
4644309.620641130954;7.4924502158069117286e-09;
4644642.9761981684715;7.7098789574847614858e-09;
4644976.3317552059889;7.3460606486719370878e-09;
4645309.6873122435063;6.9988081996541495755e-09;
4645643.0428692810237;6.8336132308388641832e-09;
4645976.3984263185412;7.5847683689289624454e-09;
4646309.7539833560586;6.9059140628269233275e-09;
4646643.109540393576;7.0884427216810763639e-09;
4646976.4650974310935;7.1270505053178112576e-09;
4647309.8206544686109;7.0781394079233450611e-09;
4647643.1762115061283;7.5620176787083437375e-09;
4647976.5317685436457;7.489226128143400274e-09;
4648309.8873255811632;7.2658963290450628847e-09;
4648643.2428826186806;7.7454469504800727009e-09;
4648976.598439656198;7.1950703173229157983e-09;
4649309.9539966937155;7.0883303671109842981e-09;
4649643.3095537312329;7.2285044616648974625e-09;
4649976.6651107687503;7.208962315985445457e-09;
4650310.0206678062677;6.9207550801309025701e-09;
4650643.3762248437852;7.6153421346702998562e-09;
4650976.7317818813026;7.5299508850434904161e-09;
4651310.08733891882;7.092166853794878989e-09;
4651643.4428959563375;7.3085129059791142936e-09;
4651976.7984529938549;7.4213710732351501065e-09;
4652310.1540100313723;7.0761378978545508289e-09;
4652643.5095670688897;7.2920718352520452754e-09;
4652976.8651241064072;6.9692642767904544598e-09;
4653310.2206811439246;7.0098211679692212783e-09;
4653643.576238181442;7.1219439234937453875e-09;
4653976.9317952189595;7.1110175525745944469e-09;
4654310.2873522564769;6.9708807615143086878e-09;
4654643.6429092939943;7.381998567979053405e-09;
4654976.9984663315117;7.2644033011215469742e-09;
4655310.3540233690292;6.7494183575433908118e-09;
4655643.7095804065466;7.0608270341665502201e-09;
4655977.065137444064;7.3548931389666449832e-09;
4656310.4206944815814;7.2183654609148106829e-09;
4656643.7762515190989;7.4890156298579313443e-09;
4656977.1318085566163;7.5233925755924246914e-09;
4657310.4873655941337;7.3381283272055952693e-09;
4657643.8429226316512;6.94252788591143144e-09;
4657977.1984796691686;7.5338411065217769647e-09;
4658310.554036706686;7.171812921313858169e-09;
4658643.9095937442034;6.9733059326892998797e-09;
4658977.2651507817209;7.4774471059413372132e-09;
4659310.6207078192383;7.294083115283456209e-09;
4659643.9762648567557;7.2713741694485634071e-09;
4659977.3318218942732;7.5677721866895808489e-09;
4660310.6873789317906;6.8000702846404692536e-09;
4660644.042935969308;7.4049233411699333374e-09;
4660977.3984930068254;7.1959425085310613213e-09;
4661310.7540500443429;7.0918928507524015004e-09;
4661644.1096070818603;7.4333099675527591899e-09;
4661977.4651641193777;7.8008870474377545179e-09;
4662310.8207211568952;6.9101981914343468816e-09;
4662644.1762781944126;7.7364710193705832353e-09;
4662977.53183523193;7.1471113471943681361e-09;
4663310.8873922694474;7.2343859791601516918e-09;
4663644.2429493069649;7.3614985218739548145e-09;
4663977.5985063444823;7.8192581298708319082e-09;
4664310.9540633819997;6.937711738430607511e-09;
4664644.3096204195172;6.8934538077769502706e-09;
4664977.6651774570346;6.717079337192899402e-09;
4665311.020734494552;7.1012427049765847187e-09;
4665644.3762915320694;7.6411925675756720011e-09;
4665977.7318485695869;7.0534258433951890765e-09;
4666311.0874056071043;8.0926110257451000507e-09;
4666644.4429626446217;7.527807710516754014e-09;
4666977.7985196821392;7.4217489931527325098e-09;
4667311.1540767196566;7.1952728220026074268e-09;
4667644.509633757174;7.2379076065942626883e-09;
4667977.8651907946914;7.1673920132298007957e-09;
4668311.2207478322089;7.0197656576453937305e-09;
4668644.5763048697263;6.8331691416290141206e-09;
4668977.9318619072437;7.1864678652389102353e-09;
4669311.2874189447612;7.4879240585801198904e-09;
4669644.6429759822786;7.1420407365963001212e-09;
4669977.998533019796;7.3038153303173203312e-09;
4670311.3540900573134;7.3368524589056960394e-09;
4670644.7096470948309;7.0422334630393379484e-09;
4670978.0652041323483;7.6882384902887679345e-09;
4671311.4207611698657;7.126224055298280291e-09;
4671644.7763182073832;7.2002799278436668828e-09;
4671978.1318752449006;7.4290409379784705379e-09;
4672311.487432282418;7.5955153278073339607e-09;
4672644.8429893199354;7.2585479848896738986e-09;
4672978.1985463574529;7.1175412230672918668e-09;
4673311.5541033949703;6.8714851586548775231e-09;
4673644.9096604324877;7.5309563030145909579e-09;
4673978.2652174700052;7.9329351976298312366e-09;
4674311.6207745075226;7.4791026705156582466e-09;
4674644.97633154504;6.9578387495994320489e-09;
4674978.3318885825574;7.9414821385626055417e-09;
4675311.6874456200749;7.5122725817777791235e-09;
4675645.0430026575923;7.1424168801570431242e-09;
4675978.3985596951097;7.2886905400082468987e-09;
4676311.7541167326272;7.263714074667859677e-09;
4676645.1096737701446;7.9180368928177813359e-09;
4676978.465230807662;7.7802484454991827079e-09;
4677311.8207878451794;7.2655517158182192361e-09;
4677645.1763448826969;7.1028773973580427992e-09;
4677978.5319019202143;7.5008914635077417188e-09;
4678311.8874589577317;7.4744264111359370872e-09;
4678645.2430159952492;7.4796675519905875262e-09;
4678978.5985730327666;7.3108115117292982177e-09;
4679311.954130070284;7.0146990438502143661e-09;
4679645.3096871078014;7.3641115427847125829e-09;
4679978.6652441453189;7.4548740514046585304e-09;
4680312.0208011828363;7.7543917953448726621e-09;
4680645.3763582203537;6.9459069607091805665e-09;
4680978.7319152578712;7.2730479416804882931e-09;
4681312.0874722953886;7.4429400420683577977e-09;
4681645.443029332906;7.5755135497956871404e-09;
4681978.7985863704234;7.1286785363611215871e-09;
4682312.1541434079409;7.2645947035709923512e-09;
4682645.5097004454583;7.3289170288148852705e-09;
4682978.8652574829757;7.3648616094601493387e-09;
4683312.2208145204931;7.50600648302679474e-09;
4683645.5763715580106;7.0446088962228259334e-09;
4683978.931928595528;7.0793082507236704259e-09;
4684312.2874856330454;7.2235026848943562072e-09;
4684645.6430426705629;7.5577144542648966308e-09;
4684978.9985997080803;8.599957190824625286e-09;
4685312.3541567455977;1.0473356404361311434e-08;
4685645.7097137831151;7.2645947035709923512e-09;
4685979.0652708206326;7.5161397106171534688e-09;
4686312.42082785815;7.0868737545026760927e-09;
4686645.7763848956674;7.4506978364752285415e-09;
4686979.1319419331849;7.3523223065308229707e-09;
4687312.4874989707023;6.8543770659346137109e-09;
4687645.8430560082197;7.6695281236993650964e-09;
4687979.1986130457371;7.2197474665358640777e-09;
4688312.5541700832546;7.4051702547706099722e-09;
4688645.909727120772;7.3668804390081277234e-09;
4688979.2652841582894;7.3025967495254917594e-09;
4689312.6208411958069;7.4414887585305677931e-09;
4689645.9763982333243;7.5434156698861443147e-09;
4689979.3319552708417;7.5244495079118678404e-09;
4690312.6875123083591;7.6495334511150758772e-09;
4690646.0430693458766;7.5233659302398336877e-09;
4690979.398626383394;7.3402044442616443121e-09;
4691312.7541834209114;6.9578631745059738023e-09;
4691646.1097404584289;7.2781989324255391693e-09;
4691979.4652974959463;7.489133757587751461e-09;
4692312.8208545334637;7.9491311311130630202e-09;
4692646.1764115709811;6.950740427669188648e-09;
4692979.5319686084986;7.0288725950717889646e-09;
4693312.887525646016;7.771370214015860256e-09;
4693646.2430826835334;7.0281687136741766153e-09;
4693979.5986397210509;7.0360255399748439231e-09;
4694312.9541967585683;7.1410242163949533278e-09;
4694646.3097537960857;6.9629866317200139747e-09;
4694979.6653108336031;7.1682988433963146235e-09;
4695313.0208678711206;7.6410451299580017803e-09;
4695646.376424908638;7.616319130931969994e-09;
4695979.7319819461554;7.2518053784165203979e-09;
4696313.0875389836729;6.8103997996615817101e-09;
4696646.4430960211903;7.2756165536702610552e-09;
4696979.7986530587077;7.0133805429861695302e-09;
4697313.1542100962251;7.3397914412964837538e-09;
4697646.5097671337426;6.9163919036441257049e-09;
4697979.86532417126;7.6263066972614979022e-09;
4698313.2208812087774;7.4138264416490073927e-09;
4698646.5764382462949;7.2203185652597312583e-09;
4698979.9319952838123;7.4308421638136223919e-09;
4699313.2875523213297;7.1739298945772134175e-09;
4699646.6431093588471;7.3944979028794932674e-09;
4699979.9986663963646;7.075379393484126922e-09;
4700313.354223433882;7.1178667404581119627e-09;
4700646.7097804713994;7.1001324819519595621e-09;
4700980.0653375089169;7.1655916755730686418e-09;
4701313.4208945464343;7.1489321129547533928e-09;
4701646.7764515839517;6.9699255256239212031e-09;
4701980.1320086214691;7.1302563853237188596e-09;
4702313.4875656589866;7.6226776002386031905e-09;
4702646.843122696504;7.2744277268554924376e-09;
4702980.1986797340214;7.4585422282780200476e-09;
4703313.5542367715389;7.3489649921043564973e-09;
4703646.9097938090563;7.537878765617733734e-09;
4703980.2653508465737;7.3375354681104454357e-09;
4704313.6209078840911;7.5388584264146629721e-09;
4704646.9764649216086;7.1919492583560895582e-09;
4704980.332021959126;7.2111916438188927714e-09;
4705313.6875789966434;7.3944845802031977655e-09;
4705647.0431360341609;7.2527481798090320808e-09;
4705980.3986930716783;6.9249632694834417634e-09;
4706313.7542501091957;7.6362942635910258105e-09;
4706647.1098071467131;6.9566166160939246765e-09;
4706980.4653641842306;7.0198025170498112857e-09;
4707313.820921221748;7.5491426443363707222e-09;
4707647.1764782592654;7.4919892512070873636e-09;
4707980.5320352967829;6.429680343700283629e-09;
4708313.8875923343003;7.2984542853760103753e-09;
4708647.2431493718177;7.4130968030772237398e-09;
4708980.5987064093351;7.1099433007759671455e-09;
4709313.9542634468526;7.3365815644876875012e-09;
4709647.30982048437;7.2476153967215850571e-09;
4709980.6653775218874;7.1864172390689873282e-09;
4710314.0209345594049;7.1947545698947124038e-09;
4710647.3764915969223;7.0880066260770036024e-09;
4710980.7320486344397;7.6193300557747534185e-09;
4711314.0876056719571;7.1497860965052950633e-09;
4711647.4431627094746;7.4491794954667511774e-09;
4711980.798719746992;7.3219936780333227944e-09;
4712314.1542767845094;7.4346417910930995276e-09;
4712647.5098338220268;7.8712583118090151402e-09;
4712980.8653908595443;7.3413648493669825257e-09;
4713314.2209478970617;6.965017451676658311e-09;
4713647.5765049345791;6.7770895562091482134e-09;
4713980.9320619720966;7.2786590088469438342e-09;
4714314.287619009614;7.1025030301541391964e-09;
4714647.6431760471314;7.1958794478632626124e-09;
4714980.9987330846488;7.3394437194451711548e-09;
4715314.3542901221663;6.9377850131502327713e-09;
4715647.7098471596837;7.2981976018127170391e-09;
4715981.0654041972011;7.0360131054769681214e-09;
4716314.4209612347186;7.1783925470469966967e-09;
4716647.776518272236;6.8912986428415479168e-09;
4716981.1320753097534;7.2296599817889273254e-09;
4717314.4876323472708;6.9053562867793516489e-09;
4717647.8431893847883;7.3094503783011077758e-09;
4717981.1987464223057;7.4403647687404372846e-09;
4718314.5543034598231;7.1569110637881294679e-09;
4718647.9098604973406;7.3257120369873973686e-09;
4718981.265417534858;7.5296995305507152807e-09;
4719314.6209745723754;7.3070238748584870336e-09;
4719647.9765316098928;7.312622507527066773e-09;
4719981.3320886474103;7.1156036618447160436e-09;
4720314.6876456849277;7.0885795011577101832e-09;
4720648.0432027224451;7.314742589414890972e-09;
4720981.3987597599626;7.5929538212449187995e-09;
4721314.75431679748;7.4992057008671508811e-09;
4721648.1098738349974;7.1483921004755757167e-09;
4721981.4654308725148;7.2536532336187065084e-09;
4722314.8209879100323;7.4300849917108280351e-09;
4722648.1765449475497;6.926520690342385933e-09;
4722981.5321019850671;7.3471060346719241352e-09;
4723314.8876590225846;8.0889863696143038396e-09;
4723648.243216060102;7.4576904651735276275e-09;
4723981.5987730976194;6.8075047821025691519e-09;
4724314.9543301351368;7.0387575767938415083e-09;
4724648.3098871726543;7.1668382339851177676e-09;
4724981.6654442101717;6.996620172117218317e-09;
4725315.0210012476891;7.0621917203084194625e-09;
4725648.3765582852066;7.4471384614582802897e-09;
4725981.732115322724;6.9511556510803984565e-09;
4726315.0876723602414;7.1695960279782866564e-09;
4726648.4432293977588;7.7529476172344402585e-09;
4726981.7987864352763;7.3236274822363611747e-09;
4727315.1543434727937;7.3949784074045510351e-09;
4727648.5099005103111;7.5346742178794556821e-09;
4727981.8654575478286;7.5320674142176358146e-09;
4728315.221014585346;7.2181243204738620989e-09;
4728648.5765716228634;7.376657951141396552e-09;
4728981.9321286603808;7.0782886218978546822e-09;
4729315.2876856978983;7.2589814159584875597e-09;
4729648.6432427354157;7.6224093703558537527e-09;
4729981.9987997729331;7.198167839561619985e-09;
4730315.3543568104506;7.2464949596451333491e-09;
4730648.709913847968;7.0194698942316335888e-09;
4730982.0654708854854;7.5592945236735431536e-09;
4731315.4210279230028;7.4662631632804732362e-09;
4731648.7765849605203;7.2905219639096685569e-09;
4731982.1321419980377;7.2843642229258875886e-09;
4732315.4876990355551;7.2816259688579521026e-09;
4732648.8432560730726;7.0949210950743690773e-09;
4732982.19881311059;6.8739121061867081153e-09;
4733315.5543701481074;7.6971984341867027979e-09;
4733648.9099271856248;7.1934529444206418702e-09;
4733982.2654842231423;7.2933659112095483579e-09;
4734315.6210412606597;7.1230825682278009481e-09;
4734648.9765982981771;7.3758412710844822868e-09;
4734982.3321553356946;7.1203678508879875153e-09;
4735315.687712373212;7.0332077939383452758e-09;
4735649.0432694107294;7.3790165089349102345e-09;
4735982.3988264482468;7.6116508651580261358e-09;
4736315.7543834857643;7.3837496117334922019e-09;
4736649.1099405232817;6.9857875040213457396e-09;
4736982.4654975607991;7.1803221146637952188e-09;
4737315.8210545983166;7.2747985413457172399e-09;
4737649.176611635834;7.5069692684337496758e-09;
4737982.5321686733514;6.7551830795764544746e-09;
4738315.8877257108688;7.7292447997479030164e-09;
4738649.2432827483863;7.3363368713330601167e-09;
4738982.5988397859037;7.496162801601258252e-09;
4739315.9543968234211;6.7875864928623741434e-09;
4739649.3099538609385;7.4279711270719417371e-09;
4739982.665510898456;7.3228427766025561141e-09;
4740316.0210679359734;7.2115589055954387732e-09;
4740649.3766249734908;7.352154440809499647e-09;
4740982.7321820110083;7.4235746438944261172e-09;
4741316.0877390485257;7.4641386405005505367e-09;
4741649.4432960860431;7.0291443776682172029e-09;
4741982.7988531235605;7.2521877392262013018e-09;
4742316.154410161078;7.3614079276751454017e-09;
4742649.5099671985954;7.0799677232002977689e-09;
4742982.8655242361128;7.0750068026370627194e-09;
4743316.2210812736303;7.0883805491916973551e-09;
4743649.5766383111477;6.8979240097633010009e-09;
4743982.9321953486651;7.2336363565739247861e-09;
4744316.2877523861825;7.537666490975425404e-09;
4744649.6433094237;7.5319883663382825034e-09;
4744982.9988664612174;7.5033694812987050682e-09;
4745316.3544234987348;7.0856414069453421689e-09;
4745649.7099805362523;7.4315340548025687895e-09;
4745983.0655375737697;7.3402044442616443121e-09;
4746316.4210946112871;7.6570083606952721311e-09;
4746649.7766516488045;7.0479635461140333064e-09;
4746983.132208686322;6.9734036323154668935e-09;
4747316.4877657238394;7.4141000006022750313e-09;
4747649.8433227613568;7.3820505264166058623e-09;
4747983.1988797988743;6.9159424853637574415e-09;
4748316.5544368363917;7.3253771937231704214e-09;
4748649.9099938739091;7.1209433905039531965e-09;
4748983.2655509114265;7.2299015663190857595e-09;
4749316.621107948944;7.0132082363727477059e-09;
4749649.9766649864614;7.3494428320941551647e-09;
4749983.3322220239788;7.2165016185010699701e-09;
4750316.6877790614963;7.4689925355642117211e-09;
4750650.0433360990137;7.4324479903964402183e-09;
4750983.3988931365311;7.0748948921561805037e-09;
4751316.7544501740485;7.5897395035440240463e-09;
4751650.110007211566;7.2367249970284319716e-09;
4751983.4655642490834;6.9482135600651417917e-09;
4752316.8211212866008;7.1520220856768901285e-09;
4752650.1766783241183;7.0312067279587608937e-09;
4752983.5322353616357;6.9182024553526844102e-09;
4753316.8877923991531;6.9384431533592305641e-09;
4753650.2433494366705;7.3231127828421449522e-09;
4753983.598906474188;7.0327508261414095614e-09;
4754316.9544635117054;7.0823684694687472074e-09;
4754650.3100205492228;7.1869097340027110477e-09;
4754983.6655775867403;7.0952572706062255747e-09;
4755317.0211346242577;6.934945950831661321e-09;
4755650.3766916617751;7.5526447318452483159e-09;
4755983.7322486992925;7.2904322578892788442e-09;
4756317.08780573681;7.1776740107054592954e-09;
4756650.4433627743274;7.6107280477799577056e-09;
4756983.7989198118448;7.7318249580571318802e-09;
4757317.1544768493623;9.4487884183536152705e-09;
4757650.5100338868797;7.6091639655828657851e-09;
4757983.8655909243971;7.5491293216600752203e-09;
4758317.2211479619145;7.3923027699152044079e-09;
4758650.576704999432;7.4508283987029244599e-09;
4758983.9322620369494;7.2388992577998578781e-09;
4759317.2878190744668;7.1909003196424237103e-09;
4759650.6433761119843;7.490594811088158167e-09;
4759983.9989331495017;7.2726136224332549318e-09;
4760317.3544901870191;7.2792727401349566208e-09;
4760650.7100472245365;7.8152346816295903409e-09;
4760984.065604262054;7.5974906366127470392e-09;
4761317.4211612995714;7.3354864404961972468e-09;
4761650.7767183370888;7.0257986095612068311e-09;
4761984.1322753746063;6.993584822367893139e-09;
4762317.4878324121237;7.2238584003514461074e-09;
4762650.8433894496411;7.2521877392262013018e-09;
4762984.1989464871585;7.0693166875912538671e-09;
4763317.554503524676;7.3519221821527480643e-09;
4763650.9100605621934;7.5656050313455125433e-09;
4763984.2656175997108;7.3336954287128719443e-09;
4764317.6211746372283;7.1776109500376605865e-09;
4764650.9767316747457;7.3434542890993270703e-09;
4764984.3322887122631;7.4447839004676552577e-09;
4765317.6878457497805;7.1722539018992392812e-09;
4765651.043402787298;7.9920194906435426674e-09;
4765984.3989598248154;7.5490760309548932128e-09;
4766317.7545168623328;6.9138530456314128969e-09;
4766651.1100738998502;7.0218129089028025192e-09;
4766984.4656309373677;7.4492452206698089867e-09;
4767317.8211879748851;7.3135475453511844535e-09;
4767651.1767450124025;7.3387087518028693012e-09;
4767984.53230204992;6.6643868201765599224e-09;
4768317.8878590874374;6.9600636365407808626e-09;
4768651.2434161249548;7.197295204264264612e-09;
4768984.5989731624722;7.0180026234822889819e-09;
4769317.9545301999897;7.5317103664929163642e-09;
4769651.3100872375071;8.0100814869865644141e-09;
4769984.6656442750245;7.2551440410961731686e-09;
4770318.021201312542;7.3427579572182821721e-09;
4770651.3767583500594;7.4585679854521913512e-09;
4770984.7323153875768;6.8913470485654215736e-09;
4771318.0878724250942;7.0588428435769401403e-09;
4771651.4434294626117;7.2348944613054300135e-09;
4771984.7989865001291;7.5182926551065065723e-09;
4772318.1545435376465;7.2646457738301251084e-09;
4772651.510100575164;7.9191639912323807948e-09;
4772984.8656576126814;7.0016241693338088226e-09;
4773318.2212146501988;7.2106849380304538499e-09;
4773651.5767716877162;7.3578654280481714522e-09;
4773984.9323287252337;7.4132793237424721156e-09;
4774318.2878857627511;7.2025190256397308985e-09;
4774651.6434428002685;7.0691799081146200479e-09;
4774984.998999837786;7.1763248676859348052e-09;
4775318.3545568753034;7.3984347537248140725e-09;
4775651.7101139128208;7.3255703725294551987e-09;
4775985.0656709503382;7.4169528296863518335e-09;
4776318.4212279878557;7.2869750233905961068e-09;
4776651.7767850253731;7.4767898539107591205e-09;
4776985.1323420628905;7.0434706955779802229e-09;
4777318.487899100408;6.8601355707187394728e-09;
4777651.8434561379254;7.159841164394720181e-09;
4777985.1990131754428;6.9500933896904371068e-09;
4778318.5545702129602;7.1811547819322640862e-09;
4778651.9101272504777;7.0099441806803497457e-09;
4778985.2656842879951;7.4806925098869214708e-09;
4779318.6212413255125;7.2164634268290228647e-09;
4779651.97679836303;7.2123063077356164285e-09;
4779985.3323554005474;7.3719035320607417816e-09;
4780318.6879124380648;7.2229826564296217839e-09;
4780652.0434694755822;7.3545960432852552913e-09;
4780985.3990265130997;7.236699683943470518e-09;
4781318.7545835506171;7.381920852367329644e-09;
4781652.1101405881345;6.8395102914564631646e-09;
4781985.465697625652;7.2343224744031431328e-09;
4782318.8212546631694;7.099471677207702669e-09;
4782652.1768117006868;7.9160340504813575535e-09;
4782985.5323687382042;7.1942363177868173807e-09;
4783318.8879257757217;7.4363923907583284745e-09;
4783652.2434828132391;7.3600632255477194121e-09;
4783985.5990398507565;7.3935364497401678818e-09;
4784318.954596888274;7.2826114028146093915e-09;
4784652.3101539257914;6.6932499542815548921e-09;
4784985.6657109633088;7.3752453033648635028e-09;
4785319.0212680008262;7.1985977179167548456e-09;
4785652.3768250383437;6.9365539978605283977e-09;
4785985.7323820758611;7.4202630706565742003e-09;
4786319.0879391133785;7.0430994369985455705e-09;
4786652.443496150896;7.3287624857698574488e-09;
4786985.7990531884134;7.334700402594762636e-09;
4787319.1546102259308;7.3389148091962397302e-09;
4787652.5101672634482;6.9970256255658114242e-09;
4787985.8657243009657;7.8721846819007623708e-09;
4788319.2212813384831;7.2029240349991141557e-09;
4788652.5768383760005;7.1532282319708428986e-09;
4788985.932395413518;7.5538384436413252843e-09;
4789319.2879524510354;7.2899584147023688274e-09;
4789652.6435094885528;7.5100814456163789146e-09;
4789985.9990665260702;7.0878822810982455849e-09;
4790319.3546235635877;7.1092935982619565038e-09;
4790652.7101806011051;7.0088357340125639894e-09;
4790986.0657376386225;7.1851804506195549038e-09;
4791319.42129467614;6.9300867266974819358e-09;
4791652.7768517136574;7.464977969107167155e-09;
4791986.1324087511748;7.7101773854337807279e-09;
4792319.4879657886922;7.2865398159649430454e-09;
4792652.8435228262097;7.5697261792129211244e-09;
4792986.1990798637271;7.4810078132259150152e-09;
4793319.5546369012445;6.9119949763774002349e-09;
4793652.9101939387619;7.2068475631681394589e-09;
4793986.2657509762794;7.045698247054588137e-09;
4794319.6213080137968;7.2886652269232854451e-09;
4794652.9768650513142;7.46820472130593771e-09;
4794986.3324220888317;7.6961574890788142511e-09;
4795319.6879791263491;6.8881274017940086196e-09;
4795653.0435361638665;7.2512196247487281653e-09;
4795986.3990932013839;7.1426304870669810043e-09;
4796319.7546502389014;7.3634129904576184344e-09;
4796653.1102072764188;7.4128627680636327568e-09;
4796986.4657643139362;7.3394437194451711548e-09;
4797319.8213213514537;7.4358830204346304527e-09;
4797653.1768783889711;6.9242940270441977191e-09;
4797986.5324354264885;7.1839432180809126294e-09;
4798319.8879924640059;7.4445223319230535708e-09;
4798653.2435495015234;7.3836199376842159836e-09;
4798986.5991065390408;7.0116561445843217371e-09;
4799319.9546635765582;6.9671219904421377578e-09;
4799653.3102206140757;7.4517183534794639854e-09;
4799986.6657776515931;7.4374635339324868255e-09;
4800320.0213346891105;7.2663688399643433513e-09;
4800653.3768917266279;7.1875159157741563831e-09;
4800986.7324487641454;7.4075643397009116597e-09;
4801320.0880058016628;6.8771850436633030768e-09;
4801653.4435628391802;6.914861128137772539e-09;
4801986.7991198766977;7.362636722518800525e-09;
4802320.1546769142151;7.2506591841658973863e-09;
4802653.5102339517325;7.5800397070224789786e-09;
4802986.8657909892499;7.2942372142392741807e-09;
4803320.2213480267674;7.0872596680260357971e-09;
4803653.5769050642848;7.633759402381201653e-09;
4803986.9324621018022;7.2513723914369165868e-09;
4804320.2880191393197;7.4031021313203382306e-09;
4804653.6435761768371;7.0466512624989263713e-09;
4804986.9991332143545;7.2287584806929316983e-09;
4805320.3546902518719;7.2130412753779182822e-09;
4805653.7102472893894;7.3349966100977326278e-09;
4805987.0658043269068;6.4129737076257242734e-09;
4806320.4213613644242;7.8448501028560713166e-09;
4806653.7769184019417;7.2374750637038687273e-09;
4806987.1324754394591;7.2018107033500200487e-09;
4807320.4880324769765;7.1082699726332521095e-09;
4807653.8435895144939;7.0780772354339660524e-09;
4807987.1991465520114;7.3076398265925490705e-09;
4808320.5547035895288;7.7199899806146277115e-09;
4808653.9102606270462;7.1842589655091160239e-09;
4808987.2658176645637;7.395991818981428878e-09;
4809320.6213747020811;7.0559664777647412848e-09;
4809653.9769317395985;7.3954069534920563456e-09;
4809987.3324887771159;6.9774475086603615637e-09;
4810320.6880458146334;7.2781221049922351085e-09;
4810654.0436028521508;7.0184338341050533927e-09;
4810987.3991598896682;7.0813732655494732171e-09;
4811320.7547169271857;7.2716170862463513913e-09;
4811654.1102739647031;6.9491776777397262777e-09;
4811987.4658310022205;7.2245813775850820093e-09;
4812320.8213880397379;7.1674426393997237028e-09;
4812654.1769450772554;7.3783685827777389932e-09;
4812987.5325021147728;6.9907843958105786442e-09;
4813320.8880591522902;6.8604006919770199602e-09;
4813654.2436161898077;7.4544947992194465769e-09;
4813987.5991732273251;7.064102636178404282e-09;
4814320.9547302648425;7.4319781440124188521e-09;
4814654.3102873023599;8.1789934824882948305e-09;
4814987.6658443398774;7.1757448871778706234e-09;
4815321.0214013773948;7.4617529932652360003e-09;
4815654.3769584149122;7.4325003929232025257e-09;
4815987.7325154524297;7.1816592672746537573e-09;
4816321.0880724899471;7.311402594467608651e-09;
4816654.4436295274645;7.316451888783603863e-09;
4816987.7991865649819;7.3414549994765820884e-09;
4817321.1547436024994;6.7922862889702173561e-09;
4817654.5103006400168;7.2942243356521885289e-09;
4817987.8658576775342;7.3811428080716723343e-09;
4818321.2214147150517;7.074124397377090645e-09;
4818654.5769717525691;6.8734169467177252955e-09;
4818987.9325287900865;7.603645713061268907e-09;
4819321.2880858276039;7.2730350630934026412e-09;
4819654.6436428651214;7.0449432953978430305e-09;
4819987.9991999026388;7.1940342571963356022e-09;
4820321.3547569401562;6.8975727351983096014e-09;
4820654.7103139776736;6.9555046167124601197e-09;
4820988.0658710151911;7.4739014976898943132e-09;
4821321.4214280527085;7.0131958018748719041e-09;
4821654.7769850902259;7.2088610636455996428e-09;
4821988.1325421277434;7.0446954936187466956e-09;
4822321.4880991652608;7.3267543143629154656e-09;
4822654.8436562027782;7.3762818075806535489e-09;
4822988.1992132402956;6.973158939160839509e-09;
4823321.5547702778131;7.2656667349235704023e-09;
4823654.9103273153305;7.0828414244772375241e-09;
4823988.2658843528479;7.0480377090120782668e-09;
4824321.6214413903654;7.1008061652833021071e-09;
4824654.9769984278828;7.0205055102690039348e-09;
4824988.3325554654002;7.0803531926344476233e-09;
4825321.6881125029176;7.2288979247048246179e-09;
4825655.0436695404351;7.2039743059804095537e-09;
4825988.3992265779525;7.1264620871147599246e-09;
4826321.7547836154699;7.0616952285718070925e-09;
4826655.1103406529874;7.24260074136395815e-09;
4826988.4658976905048;6.9904282362642788939e-09;
4827321.8214547280222;7.0043064681613032008e-09;
4827655.1770117655396;7.513262012537325063e-09;
4827988.5325688030571;7.3115948850954737281e-09;
4828321.8881258405745;6.9668772972875103733e-09;
4828655.2436828780919;6.930123142012689641e-09;
4828988.5992399156094;6.7749708065889535646e-09;
4829321.9547969531268;7.2474244383613495302e-09;
4829655.3103539906442;7.272345392550505494e-09;
4829988.6659110281616;6.6377237040171621629e-09;
4830322.0214680656791;6.8341057257725879026e-09;
4830655.3770251031965;7.3915624732023843535e-09;
4830988.7325821407139;7.1696968362289226206e-09;
4831322.0881391782314;7.4562098717478875187e-09;
4831655.4436962157488;7.554276315602237446e-09;
4831988.7992532532662;6.9983285833075115079e-09;
4832322.1548102907836;7.2639818604613992648e-09;
4832655.5103673283011;6.9615553321966672229e-09;
4832988.8659243658185;7.3160792979365396604e-09;
4833322.2214814033359;7.0570695953620088403e-09;
4833655.5770384408534;7.2563040021123015322e-09;
4833988.9325954783708;7.6073467525361593289e-09;
4834322.2881525158882;7.5051884707022509247e-09;
4834655.6437095534056;7.1404722135071097e-09;
4834988.9992665909231;7.0783134908936062857e-09;
4835322.3548236284405;6.9949241954248009279e-09;
4835655.7103806659579;7.2162857911450828396e-09;
4835989.0659377034754;6.8059984315027577395e-09;
4836322.4214947409928;7.2849526411289389216e-09;
4836655.7770517785102;6.6861987058075555979e-09;
4836989.1326088160276;7.2857333499598553317e-09;
4837322.4881658535451;7.189018713660288995e-09;
4837655.8437228910625;7.3427708358053678239e-09;
4837989.1992799285799;7.4144255179930951272e-09;
4838322.5548369660974;7.0921419847991273855e-09;
4838655.9103940036148;7.2081647317645547446e-09;
4838989.2659510411322;6.8315006984676074353e-09;
4839322.6215080786496;7.1639427723368953593e-09;
4839655.9770651161671;7.3782131515542914713e-09;
4839989.3326221536845;7.1081700525610358454e-09;
4840322.6881791912019;7.53806350672903136e-09;
4840656.0437362287194;7.5597990090159328247e-09;
4840989.3992932662368;7.1899530773578135268e-09;
4841322.7548503037542;7.4595902788132661954e-09;
4841656.1104073412716;7.2830848019123095582e-09;
4841989.4659643787891;6.976258681845592946e-09;
4842322.8215214163065;6.9075278830155184551e-09;
4842656.1770784538239;7.7917654550674342318e-09;
4842989.5326354913414;6.6965313294531370047e-09;
4843322.8881925288588;7.2564954045617469092e-09;
4843656.2437495663762;6.9391381529726459121e-09;
4843989.5993066038936;7.3595591842945395911e-09;
4844322.9548636414111;6.9721051154658653104e-09;
4844656.3104206789285;7.3802741695772056119e-09;
4844989.6659777164459;7.4135657612828254059e-09;
4845323.0215347539634;6.823476894624036504e-09;
4845656.3770917914808;6.6605831960941941361e-09;
4845989.7326488289982;7.4268617922257362807e-09;
4846323.0882058665156;7.3052270899154336803e-09;
4846656.4437629040331;6.9303300875844797702e-09;
4846989.7993199415505;7.368757160008954088e-09;
4847323.1548769790679;7.128039491988147347e-09;
4847656.5104340165854;7.252799250068164838e-09;
4847989.8659910541028;7.3365944430747731531e-09;
4848323.2215480916202;7.3151280588490408263e-09;
4848656.5771051291376;6.9093970544997773686e-09;
4848989.9326621666551;7.0211716440837790287e-09;
4849323.2882192041725;7.270671620318580608e-09;
4849656.6437762416899;7.1044872207437492762e-09;
4849989.9993332792073;6.9303545124910215236e-09;
4850323.3548903167248;7.1401085044442424987e-09;
4850656.7104473542422;7.358977427429636009e-09;
4850990.0660043917596;7.4474786337930254376e-09;
4851323.4215614292771;6.8669838704238372884e-09;
4851656.7771184667945;7.4462356280946551124e-09;
4851990.1326755043119;7.1815331459390563396e-09;
4852323.4882325418293;7.3257120369873973686e-09;
4852656.8437895793468;6.8347301152016370906e-09;
4852990.1993466168642;7.0860646239623292786e-09;
4853323.5549036543816;7.0809624830303619092e-09;
4853656.9104606918991;7.1868337947478266869e-09;
4853990.2660177294165;7.2503918424615676486e-09;
4854323.6215747669339;7.4584507459007909347e-09;
4854656.9771318044513;6.9532686275408650545e-09;
4854990.3326888419688;7.3641115427847125829e-09;
4855323.6882458794862;7.4481718570496013854e-09;
4855657.0438029170036;7.3438544134774019767e-09;
4855990.3993599545211;7.4443260444922998431e-09;
4856323.7549169920385;7.0344561287072338018e-09;
4856657.1104740295559;7.062166851312667859e-09;
4856990.4660310670733;7.2019750163576645718e-09;
4857323.8215881045908;7.3237562681072176929e-09;
4857657.1771451421082;7.0436683152763635007e-09;
4857990.5327021796256;7.1865056128217474907e-09;
4858323.8882592171431;7.2231221004415147036e-09;
4858657.2438162546605;7.3905757069780975144e-09;
4858990.5993732921779;7.2650028215548445587e-09;
4859323.9549303296953;7.1969918913339370192e-09;
4859657.3104873672128;7.1299681714265261689e-09;
4859990.6660444047302;7.2683348228963495785e-09;
4860324.0216014422476;7.4032584507222054526e-09;
4860657.3771584797651;7.1682988433963146235e-09;
4860990.7327155172825;7.0705583610219946422e-09;
4861324.0882725547999;6.8597016955607159616e-09;
4861657.4438295923173;7.0891772452341683675e-09;
4861990.7993866298348;7.0825176834432568285e-09;
4862324.1549436673522;6.9752661424615780561e-09;
4862657.5105007048696;6.7357137645274178794e-09;
4862990.8660577423871;7.099883347905233677e-09;
4863324.2216147799045;7.2881656265622041246e-09;
4863657.5771718174219;6.808569263938579752e-09;
4863990.9327288549393;7.368239351990268915e-09;
4864324.2882858924568;7.2753225666133403138e-09;
4864657.6438429299742;7.6009074589933334209e-09;
4864990.9993999674916;6.917619366220151278e-09;
4865324.3549570050091;7.6771042856194071646e-09;
4865657.7105140425265;7.6869692833270164556e-09;
4865991.0660710800439;7.2678494333899834601e-09;
4866324.4216281175613;6.9424790360983479331e-09;
4866657.7771851550788;7.0182735179002975201e-09;
4866991.1327421925962;7.4721420162404683651e-09;
4867324.4882992301136;7.5626953588425749331e-09;
4867657.8438562676311;7.4381953929503197287e-09;
4867991.1994133051485;7.1480781294042117224e-09;
4868324.5549703426659;7.4216188750142464414e-09;
4868657.9105273801833;6.8316809986868065607e-09;
4868991.2660844177008;7.0288601605739131628e-09;
4869324.6216414552182;7.4199109079131631006e-09;
4869657.9771984927356;7.6595378928345780878e-09;
4869991.3327555302531;6.8991723445321895269e-09;
4870324.6883125677705;7.350282160700771783e-09;
4870658.0438696052879;7.1317849403840227751e-09;
4870991.3994266428053;7.1601933271381312807e-09;
4871324.7549836803228;6.9588410589460636402e-09;
4871658.1105407178402;7.0159931198077174486e-09;
4871991.4660977553576;6.7584475793580622849e-09;
4872324.8216547928751;7.2356827196529138746e-09;
4872658.1772118303925;6.8247834050794153882e-09;
4872991.5327688679099;7.3019421620301727671e-09;
4873324.8883259054273;7.0510841609916496964e-09;
4873658.2438829429448;7.125535717023012694e-09;
4873991.5994399804622;6.8679972820007151313e-09;
4874324.9549970179796;7.1728711859009308682e-09;
4874658.3105540554971;6.916768491294078558e-09;
4874991.6661110930145;7.0063492785266134888e-09;
4875325.0216681305319;6.631709847937372615e-09;
4875658.3772251680493;7.3976420544852317107e-09;
4875991.7327822055668;7.1676313773139099794e-09;
4876325.0883392430842;7.1096932785508215602e-09;
4876658.4438962806016;6.978832622905883909e-09;
4876991.799453318119;7.2384542804115881154e-09;
4877325.1550103556365;7.1995085448861573241e-09;
4877658.5105673931539;7.1717498606460594601e-09;
4877991.8661244306713;7.3925492394266711926e-09;
4878325.2216814681888;7.2290124997209659341e-09;
4878658.5772385057062;7.3664661037753376149e-09;
4878991.9327955432236;7.2984924770480574807e-09;
4879325.288352580741;6.804874441712627231e-09;
4879658.6439096182585;7.1391053069191912073e-09;
4879991.9994666557759;7.0439778454556289944e-09;
4880325.3550236932933;7.1660828382391628111e-09;
4880658.7105807308108;7.5000219368348552962e-09;
4880992.0661377683282;7.1185293215592082561e-09;
4881325.4216948058456;7.1779888699552429898e-09;
4881658.777251843363;7.1742447538269971119e-09;
4881992.1328088808805;7.2439876319663198956e-09;
4882325.4883659183979;6.997910695361042599e-09;
4882658.8439229559153;6.9239658451181185228e-09;
4882992.1994799934328;6.9242331868224482605e-09;
4883325.5550370309502;7.0363594950606511702e-09;
4883658.9105940684676;7.2042403154171097412e-09;
4883992.266151105985;7.4061978772022030171e-09;
4884325.6217081435025;7.1655663624881071883e-09;
4884658.9772651810199;7.2029116005012383539e-09;
4884992.3328222185373;7.2808585827033311944e-09;
4885325.6883792560548;7.5446751068852790922e-09;
4885659.0439362935722;7.0648966676856161939e-09;
4885992.3994933310896;7.2821633168018706783e-09;
4886325.755050368607;6.6903815820751333376e-09;
4886659.1106074061245;7.1765264841872067336e-09;
4886992.4661644436419;7.3409394119039461657e-09;
4887325.8217214811593;7.0548633601674737292e-09;
4887659.1772785186768;7.4660535531734240067e-09;
4887992.5328355561942;7.3427579572182821721e-09;
4888325.8883925937116;6.9300503113822742307e-09;
4888659.243949631229;7.0152905706777346495e-09;
4888992.5995066687465;7.2214092483591230121e-09;
4889325.9550637062639;7.0620056469294922863e-09;
4889659.3106207437813;7.2100010406472847535e-09;
4889992.6661777812988;7.0683601194332368323e-09;
4890326.0217348188162;7.3395081123805994139e-09;
4890659.3772918563336;7.3182002680027835595e-09;
4890992.732848893851;7.4583583753451421217e-09;
4891326.0884059313685;7.2130288408800424804e-09;
4891659.4439629688859;7.260983814205701492e-09;
4891992.7995200064033;7.3435062475368795276e-09;
4892326.1550770439208;7.1397323608834994957e-09;
4892659.5106340814382;7.4042598718904173438e-09;
4892992.8661911189556;7.4965713636743203097e-09;
4893326.221748156473;7.2331660661006935698e-09;
4893659.5773051939905;7.3787442822492721461e-09;
4893992.9328622315079;7.1287158398547489924e-09;
4894326.2884192690253;6.9175829509049435728e-09;
4894659.6439763065428;7.0579870836695590697e-09;
4894992.9995333440602;7.4971637786802602932e-09;
4895326.3550903815776;7.0686585473822560743e-09;
4895659.710647419095;6.9428693905138061382e-09;
4895993.0662044566125;7.2085444280389765481e-09;
4896326.4217614941299;7.3208488160503293329e-09;
4896659.7773185316473;6.9653109946443692024e-09;
4896993.1328755691648;7.3592101301755974418e-09;
4897326.4884326066822;7.0340728797191331978e-09;
4897659.8439896441996;7.6151147609948566242e-09;
4897993.199546681717;7.0955938902272919222e-09;
4898326.5551037192345;7.3475709960746371507e-09;
4898659.9106607567519;7.3763208874311203544e-09;
4898993.2662177942693;6.6756005168144838535e-09;
4899326.6217748317868;7.314473027264511984e-09;
4899659.9773318693042;7.3967583169576300861e-09;
4899993.3328889068216;6.7595400388142934389e-09;
4900326.688445944339;6.9430767801748061174e-09;
4900660.0440029818565;6.7886003485284618364e-09;
4900993.3995600193739;7.2000267969940523471e-09;
4901326.7551170568913;8.2244806520748170442e-09;
4901660.1106740944088;7.4813497619174995634e-09;
4901993.4662311319262;7.176677918607765605e-09;
4902326.8217881694436;6.789363293790984244e-09;
4902660.177345206961;7.340565488789252413e-09;
4902993.5329022444785;7.0186314538034366706e-09;
4903326.8884592819959;6.9794579005133527971e-09;
4903660.2440163195133;6.9095547061692741408e-09;
4903993.5995733570307;6.6200698256579926237e-09;
4904326.9551303945482;7.3554615731552530633e-09;
4904660.3106874320656;6.9274572744859597151e-09;
4904993.666244469583;7.2707226905777133652e-09;
4905327.0218015071005;7.3208359374632436811e-09;
4905660.3773585446179;6.9880217168361014046e-09;
4905993.7329155821353;7.6016286598701299226e-09;
4906327.0884726196527;7.1533792223021919199e-09;
4906660.4440296571702;7.7716704183217188984e-09;
4906993.7995866946876;7.2685009122608335019e-09;
4907327.155143732205;7.4447052966775117966e-09;
4907660.5107007697225;7.1409740343142402708e-09;
4907993.8662578072399;7.2939809747651906946e-09;
4908327.2218148447573;6.8681420550831262517e-09;
4908660.5773718822747;7.0094392512487502245e-09;
4908993.9329289197922;7.1289414371733528242e-09;
4909327.2884859573096;7.5819039935254295415e-09;
4909660.644042994827;7.0473444857555023191e-09;
4909993.9996000323445;7.158508008586750293e-09;
4910327.3551570698619;7.1818737623630113376e-09;
4910660.7107141073793;6.929392615262486288e-09;
4910994.0662711448967;6.9446381978366389376e-09;
4911327.4218281824142;7.2904708936505357997e-09;
4911660.7773852199316;7.5398123300374209066e-09;
4911994.132942257449;7.2789787530780358793e-09;
4912327.4884992949665;7.1984964655769090314e-09;
4912660.8440563324839;6.9612253739137486264e-09;
4912994.1996133700013;7.0196422008450554131e-09;
4913327.5551704075187;6.9561152393760039558e-09;
4913660.9107274450362;7.1860637440579466784e-09;
4913994.2662844825536;7.1226446962668887863e-09;
4914327.621841520071;6.9259731283466408058e-09;
4914660.9773985575885;7.1763626152687720605e-09;
4914994.3329555951059;7.3185599802627621102e-09;
4915327.6885126326233;7.3422290469693507475e-09;
4915661.0440696701407;6.6777587903743551578e-09;
4915994.3996267076582;7.2099375358902761946e-09;
4916327.7551837451756;6.9378827127763997851e-09;
4916661.110740782693;7.0771943860847841279e-09;
4916994.4662978202105;6.9796297630375647714e-09;
4917327.8218548577279;7.078748698319259347e-09;
4917661.1774118952453;7.0579004862736383075e-09;
4917994.5329689327627;7.605021501433384401e-09;
4918327.8885259702802;7.2238326431772748037e-09;
4918661.2440830077976;7.3005699263717360736e-09;
4918994.599640045315;7.2331789446877792216e-09;
4919327.9551970828325;6.9720318407462400501e-09;
4919661.3107541203499;6.9245493783398615051e-09;
4919994.6663111578673;7.2440387022254526528e-09;
4920328.0218681953847;7.0396728446553424874e-09;
4920661.3774252329022;7.0174230870634346502e-09;
4920994.7329822704196;7.1537940016241918784e-09;
4921328.088539307937;7.4018666751385353564e-09;
4921661.4440963454545;7.3803647637760150246e-09;
4921994.7996533829719;7.7109358898042046349e-09;
4922328.1552104204893;7.4090351631639350671e-09;
4922661.5107674580067;7.4697403817935992265e-09;
4922994.8663244955242;7.4368364799681785371e-09;
4923328.2218815330416;6.9828427484708299744e-09;
4923661.577438570559;7.2746706436532804219e-09;
4923994.9329956080765;7.5817707667624745227e-09;
4924328.2885526455939;7.3334249783840732562e-09;
4924661.6441096831113;7.4109354208928834851e-09;
4924994.9996667206287;7.1775478893698618776e-09;
4925328.3552237581462;6.7701044770274165785e-09;
4925661.7107807956636;6.9077463749067646859e-09;
4925995.066337833181;7.2195827094390097045e-09;
4926328.4218948706985;7.1396319967220733815e-09;
4926661.7774519082159;7.3430932445717189694e-09;
4926995.1330089457333;7.3773964714973772061e-09;
4927328.4885659832507;7.5448474134987009165e-09;
4927661.8441230207682;7.1144410362933285796e-09;
4927995.1996800582856;7.2248225180260305933e-09;
4928328.555237095803;7.2754247071316058282e-09;
4928661.9107941333205;6.9163919036441257049e-09;
4928995.2663511708379;7.3213892726187168591e-09;
4929328.6219082083553;6.9066663499484093336e-09;
4929661.9774652458727;7.2264350059469961707e-09;
4929995.3330222833902;6.7351693111561417027e-09;
4930328.6885793209076;7.4825061702199491265e-09;
4930662.044136358425;7.0231456206215625571e-09;
4930995.3996933959424;7.0444481359288602107e-09;
4931328.7552504334599;6.8281176268669696583e-09;
4931662.1108074709773;7.1743206930818814726e-09;
4931995.4663645084947;7.2870389722368145158e-09;
4932328.8219215460122;6.9646990397131958161e-09;
4932662.1774785835296;7.125961154486049054e-09;
4932995.533035621047;6.8366272643061165581e-09;
4933328.8885926585644;7.4300197105969800759e-09;
4933662.2441496960819;7.0413301855865029211e-09;
4933995.5997067335993;7.1931114398182671721e-09;
4934328.9552637711167;7.0037033950143268157e-09;
4934662.3108208086342;7.088741593719305456e-09;
4934995.6663778461516;7.1252226341300683998e-09;
4935329.021934883669;6.9465171392835145525e-09;
4935662.3774919211864;7.1771695253630696243e-09;
4935995.7330489587039;7.095606324725167724e-09;
4936329.0886059962213;7.0606658297833746474e-09;
4936662.4441630337387;7.1980035265539754619e-09;
4936995.7997200712562;6.8477334913552567741e-09;
4937329.1552771087736;6.9119585610621925298e-09;
4937662.510834146291;7.3796129207437388686e-09;
4937995.8663911838084;7.2671602069362961629e-09;
4938329.2219482213259;7.1030519244175138738e-09;
4938662.5775052588433;7.0719869960100822937e-09;
4938995.9330622963607;7.387771727707104219e-09;
4939329.2886193338782;7.1218941855022421805e-09;
4939662.6441763713956;6.8210437298432680109e-09;
4939995.999733408913;7.5739032823207708134e-09;
4940329.3552904464304;6.9470176278230155731e-09;
4940662.7108474839479;7.0540702168386815174e-09;
4940996.0664045214653;7.3974208980587263795e-09;
4941329.4219615589827;7.1500374509980701987e-09;
4941662.7775185965002;7.2584205312864469306e-09;
4941996.1330756340176;7.3696244662357912603e-09;
4942329.488632671535;6.7536167769333133037e-09;
4942662.8441897090524;7.0559416087689896813e-09;
4942996.1997467465699;7.3636070574423229118e-09;
4943329.5553037840873;7.0811365660006231337e-09;
4943662.9108608216047;7.0923413808543500636e-09;
4943996.2664178591222;7.9028064092767635884e-09;
4944329.6219748966396;7.2465078382322190009e-09;
4944662.977531934157;7.4420380968831523205e-09;
4944996.3330889716744;6.9844254824147355976e-09;
4945329.6886460091919;7.4145685147186668473e-09;
4945663.0442030467093;7.3450543425224168459e-09;
4945996.3997600842267;7.3652626220166439452e-09;
4946329.7553171217442;6.9797647661573591904e-09;
4946663.1108741592616;7.293686099529850253e-09;
4946996.466431196779;7.5058741444422594213e-09;
4947329.8219882342964;7.396537604620334605e-09;
4947663.1775452718139;7.4344721490149368037e-09;
4947996.5331023093313;7.1648615929120751389e-09;
4948329.8886593468487;7.1132912893290267675e-09;
4948663.2442163843662;6.9732197793825889676e-09;
4948996.5997734218836;7.1563581727218661399e-09;
4949329.955330459401;7.3889401264182197338e-09;
4949663.3108874969184;7.0314167821550199733e-09;
4949996.6664445344359;7.2691901387145207991e-09;
4950330.0220015719533;7.2414811924659261422e-09;
4950663.3775586094707;7.2314256804872911744e-09;
4950996.7331156469882;7.3438544134774019767e-09;
4951330.0886726845056;7.0189520862129484158e-09;
4951663.444229722023;6.8638121852870881412e-09;
4951996.7997867595404;6.8085812543472457037e-09;
4952330.1553437970579;6.6385519303935325297e-09;
4952663.5109008345753;7.1975483351138791477e-09;
4952996.8664578720927;7.0565984167103579239e-09;
4953330.2220149096102;7.3194472705040425353e-09;
4953663.5775719471276;7.2962618169469806162e-09;
4953996.933128984645;7.1980412741368127172e-09;
4954330.2886860221624;7.3239361242372069682e-09;
4954663.6442430596799;7.0284031927769774484e-09;
4954996.9998000971973;7.0528436424410756445e-09;
4955330.3553571347147;7.4070829469974341919e-09;
4955663.7109141722322;7.3005312906104791182e-09;
4955997.0664712097496;7.5268165034003686742e-09;
4956330.422028247267;6.9109145073298350326e-09;
4956663.7775852847844;7.1176913252202211879e-09;
4956997.1331423223019;6.7208918430594621896e-09;
4957330.4886993598193;7.3213892726187168591e-09;
4957663.8442563973367;7.2039743059804095537e-09;
4957997.1998134348541;7.413800240385626239e-09;
4958330.5553704723716;7.2605375045498021791e-09;
4958663.910927509889;7.168160287562841404e-09;
4958997.2664845474064;7.0102643690006516408e-09;
4959330.6220415849239;6.8492016502830210811e-09;
4959663.9775986224413;6.9489827225766021002e-09;
4959997.3331556599587;7.1096186715635667497e-09;
4960330.6887126974761;6.8639325334629575082e-09;
4960664.0442697349936;6.752050918379381983e-09;
4960997.399826772511;7.1542589630269048939e-09;
4961330.7553838100284;7.2524555250197408895e-09;
4961664.1109408475459;7.3406556388988519757e-09;
4961997.4664978850633;7.2783010729438046837e-09;
4962330.8220549225807;6.8382610685091549385e-09;
4962664.1776119600981;6.9360788224059888307e-09;
4962997.5331689976156;7.0771943860847841279e-09;
4963330.888726035133;6.786370576605804672e-09;
4963664.2442830726504;7.2157790853566439182e-09;
4963997.5998401101679;7.1496479847610316938e-09;
4964330.9553971476853;6.9976651140279955143e-09;
4964664.3109541852027;6.5970366946999092761e-09;
4964997.6665112227201;7.1889427744054046343e-09;
4965331.0220682602376;6.7955445715028872655e-09;
4965664.377625297755;7.2927890393259531265e-09;
4965997.7331823352724;7.207961782995653266e-09;
4966331.0887393727899;7.1779386878745299327e-09;
4966664.4442964103073;7.3150383528286511137e-09;
4966997.7998534478247;7.4283494910787339904e-09;
4967331.1554104853421;7.2171859599734489166e-09;
4967664.5109675228596;7.1877050977775525098e-09;
4967997.866524560377;7.0973391608220026683e-09;
4968331.2220815978944;7.0953944941720692441e-09;
4968664.5776386354119;6.9606382879783268436e-09;
4968997.9331956729293;6.8373600115023691615e-09;
4969331.2887527104467;7.2286820973488374875e-09;
4969664.6443097479641;6.9514243250523577444e-09;
4969997.9998667854816;7.4978352415655535879e-09;
4970331.355423822999;7.1203678508879875153e-09;
4970664.7109808605164;7.0823187314772440004e-09;
4970998.0665378980339;6.9782073452984150208e-09;
4971331.4220949355513;6.7445231621832135716e-09;
4971664.7776519730687;7.2082277924323534535e-09;
4971998.1332090105861;7.2502768233562164824e-09;
4972331.4887660481036;7.1261490042218156304e-09;
4972664.844323085621;7.3511343678944740532e-09;
4972998.1998801231384;7.6235071588826031075e-09;
4973331.5554371606559;1.1144357436876362044e-08;
4973664.9109941981733;8.9036831241173786111e-09;
4973998.2665512356907;7.6612600707903766306e-09;
4974331.6221082732081;7.1615144925374352169e-09;
4974664.9776653107256;7.1188668293586943037e-09;
4974998.333222348243;7.2997878852731901134e-09;
4975331.6887793857604;7.3290458146857417887e-09;
4975665.0443364232779;7.2335093470599076682e-09;
4975998.3998934607953;7.2897150538153709931e-09;
4976331.7554504983127;7.4453461174073254369e-09;
4976665.1110075358301;7.4737043220807208854e-09;
4976998.4665645733476;7.1407360024977606372e-09;
4977331.822121610865;7.1774470811192259134e-09;
4977665.1776786483824;7.0354322367904842395e-09;
4977998.5332356858999;6.7825447480629463826e-09;
4978331.8887927234173;7.033726934224659999e-09;
4978665.2443497609347;7.0218502123964299244e-09;
4978998.5999067984521;7.2537296169628007192e-09;
4979331.9554638359696;6.8753491788697829179e-09;
4979665.311020873487;7.1956267611028579267e-09;
4979998.6665779110044;7.0291688025747589563e-09;
4980332.0221349485219;7.5613133532215215382e-09;
4980665.3776919860393;7.5427397661087525194e-09;
4980998.7332490235567;7.0596239964970664005e-09;
4981332.0888060610741;6.9838859140247677715e-09;
4981665.4443630985916;6.8710988010423079686e-09;
4981998.799920136109;6.8184200507914738409e-09;
4982332.1554771736264;6.8790337870439088874e-09;
4982665.5110342111439;7.0584085243297067791e-09;
4982998.8665912486613;6.9841434857664808078e-09;
4983332.2221482861787;7.2272725581967733888e-09;
4983665.5777053236961;7.5861672499399901426e-09;
4983998.9332623612136;7.3867987282483227318e-09;
4984332.288819398731;7.1622063835263816145e-09;
4984665.6443764362484;6.8682748377568714204e-09;
4984998.9999334737659;7.4078116973907981446e-09;
4985332.3554905112833;7.2557941876993936603e-09;
4985665.7110475488007;6.9519372480897345667e-09;
4985999.0666045863181;7.3984867121623665298e-09;
4986332.4221616238356;7.0511214644852771016e-09;
4986665.777718661353;7.2932504480149873416e-09;
4986999.1332756988704;7.0405881125168434664e-09;
4987332.4888327363878;7.4731394406057916058e-09;
4987665.8443897739053;6.7632339728618262598e-09;
4987999.1999468114227;7.0256382933564509585e-09;
4988332.5555038489401;7.0392647266714902798e-09;
4988665.9110608864576;6.9126140367359312222e-09;
4988999.266617923975;7.022059822503479154e-09;
4989332.6221749614924;7.5235639940274268156e-09;
4989665.9777319990098;7.2873720391442020627e-09;
4989999.3332890365273;6.9492633869572273397e-09;
4990332.6888460740447;7.2133583550737512269e-09;
4990666.0444031115621;7.0714154531970052631e-09;
4990999.3999601490796;7.2915211646318311978e-09;
4991332.755517186597;7.2563679509585199412e-09;
4991666.1110742241144;7.3872268302466181922e-09;
4991999.4666312616318;7.1921131272745242313e-09;
4992332.8221882991493;7.4466672828066293732e-09;
4992666.1777453366667;7.4619368461981139262e-09;
4992999.5333023741841;7.1958035086083782517e-09;
4993332.8888594117016;7.245260391641750175e-09;
4993666.244416449219;7.2974026821270854271e-09;
4993999.5999734867364;6.8263541486146550596e-09;
4994332.9555305242538;6.9402594782275173202e-09;
4994666.3110875617713;7.1773333942815042974e-09;
4994999.6666445992887;7.3339787576287562842e-09;
4995333.0222016368061;6.9054895135423066677e-09;
4995666.3777586743236;7.3687180801584872825e-09;
4995999.733315711841;7.3587447246836745762e-09;
4996333.0888727493584;6.924342876857281226e-09;
4996666.4444297868758;6.8731269564636932046e-09;
4996999.7999868243933;7.0981744926257306361e-09;
4997333.1555438619107;7.1195174200511246454e-09;
4997666.5111008994281;6.4394694021530085593e-09;
4997999.8666579369456;7.295941628626678721e-09;
4998333.222214974463;7.0912200555994786555e-09;
4998666.5777720119804;6.9263990098988870159e-09;
4998999.9333290494978;7.2522641225702955126e-09;
4999333.2888860870153;7.018655878709978424e-09;
4999666.6444431245327;7.098075016642724222e-09;
5000000.0000001620501;7.0282055730785941705e-09;
