Type;FSVA3030;
Version;2.20SP2;
Date;07.Apr 2026;
Mode;ANALYZER;
Preamplifier;ON;
Transducer;OFF;
Center Freq;2500000.000000;Hz
Freq Offset;0.000000;Hz
Start;0.000000;Hz
Stop;5000000.000000;Hz
Span;5000000.000000;Hz
Ref Level;0.000078;V
Level Offset;0.000000;dB
Rf Att;0.000000;dB
El Att;0.000000;dB
RBW;1.000000;Hz
VBW;50000.000000;Hz
SWT;58.600000;s
Sweep Count;0;
Window;1;Frequency Sweep
Ref Position;93.000000;%
Level Range;120.000000;dB
x-Axis;LIN;
y-Axis;LOG;
x-Unit;Hz;
y-Unit;V;
Trace;1;
Trace Mode;CLR/WRITE;
Detector;RMS;
Values;15000;
0;1.0206767910858616233e-06;
333.35555703713578168;1.5165644740022798942e-08;
666.71111407427156337;9.3527399158688240277e-09;
1000.0666711114073451;1.4580863627600137988e-08;
1333.4222281485431267;2.1786075166119189817e-08;
1666.7777851856790221;3.1483921247854596004e-08;
2000.1333422228149175;4.203658932055986952e-08;
2333.4888992599508128;5.5793687891991794459e-08;
2666.8444562970867082;6.1415740049142186763e-08;
3000.2000133342226036;6.3397500582595966989e-08;
3333.555570371358499;6.8118112039883271791e-08;
3666.9111274084943943;6.1609497947756608482e-08;
4000.2666844456302897;6.1396541184421948856e-08;
4333.6222414827661851;6.0100802556917187758e-08;
4666.9777985199016257;6.0472643781395163387e-08;
5000.3333555570370663;5.5523333486462433939e-08;
5333.6889125941725069;5.9660571594122302486e-08;
5667.0444696313079476;5.154054960598841717e-08;
6000.4000266684433882;5.2091621682848199271e-08;
6333.7555837055788288;5.2814588258343064808e-08;
6667.1111407427142694;5.371765254835736414e-08;
7000.4666977798497101;5.1045407900573991355e-08;
7333.8222548169851507;4.8751704895266811945e-08;
7667.1778118541205913;5.1261348943398843403e-08;
8000.5333688912560319;4.7676824266318362788e-08;
8333.8889259283914726;5.1484079222063883208e-08;
8667.2444829655269132;4.919407814441001392e-08;
9000.6000400026623538;4.8192429602522679488e-08;
9333.9555970397977944;4.5357410272117704153e-08;
9667.311154076933235;4.7185800156057666754e-08;
10000.666711114068676;4.8002064545471512247e-08;
10334.022268151204116;4.5455042396724820719e-08;
10667.377825188339557;4.6375923545838304562e-08;
11000.733382225474998;4.736335768029675819e-08;
11334.088939262610438;4.6905629602633780451e-08;
11667.444496299745879;4.4816598432362297899e-08;
12000.800053336881319;4.3741486877024726709e-08;
12334.15561037401676;4.4670162679949498852e-08;
12667.511167411152201;4.6578161772004023078e-08;
13000.866724448287641;4.1797488137262917007e-08;
13334.222281485423082;4.6355150828958358034e-08;
13667.577838522558523;4.1523772864593411214e-08;
14000.933395559693963;4.5098786927155742887e-08;
14334.288952596829404;4.2095706476175109856e-08;
14667.644509633964844;4.4930665410447545582e-08;
15001.000066671100285;4.5480444299528244301e-08;
15334.355623708235726;4.22428314550415962e-08;
15667.711180745371166;4.1572235431885928847e-08;
16001.066737782506607;4.1650380921964824665e-08;
16334.422294819642048;4.3725354004209293635e-08;
16667.777851856779307;4.087026539423277427e-08;
17001.133408893914748;4.1373557024826368433e-08;
17334.488965931050188;3.9498210924193699611e-08;
17667.844522968185629;4.1011738005636289017e-08;
18001.20008000532107;4.2494850305274667335e-08;
18334.55563704245651;4.0686302327230805531e-08;
18667.911194079591951;4.0246057153581205057e-08;
19001.266751116727391;3.958309591212127998e-08;
19334.622308153862832;4.0878020968193595763e-08;
19667.977865190998273;3.7424694454557538847e-08;
20001.333422228133713;3.9298257092923449818e-08;
20334.688979265269154;3.683789984165741771e-08;
20668.044536302404595;3.693088146405898442e-08;
21001.400093339540035;3.8869412577469120151e-08;
21334.755650376675476;3.8022371029455825919e-08;
21668.111207413810916;3.9952659847131144488e-08;
22001.466764450946357;3.6541667469691674341e-08;
22334.822321488081798;3.8124035484088381054e-08;
22668.177878525217238;3.6626953914264959167e-08;
23001.533435562352679;4.0922351729477668414e-08;
23334.88899259948812;3.6705731787378681474e-08;
23668.24454963662356;3.8603001684123228188e-08;
24001.600106673759001;3.9861451028855299228e-08;
24334.955663710894441;3.5238581830299153808e-08;
24668.311220748029882;3.5726205993569237762e-08;
25001.666777785165323;3.6281267767890312825e-08;
25335.022334822300763;3.5358944217023235979e-08;
25668.377891859436204;3.5537542686370215961e-08;
26001.733448896571645;3.7137638742024137173e-08;
26335.089005933707085;3.6381472057200880954e-08;
26668.444562970842526;3.5953178212366765365e-08;
27001.800120007977966;3.659634018049473525e-08;
27335.155677045113407;3.2061773680425176281e-08;
27668.511234082248848;3.3444624847334125661e-08;
28001.866791119384288;3.6067934416905700346e-08;
28335.222348156519729;3.4016366612377169076e-08;
28668.57790519365517;3.3958510670117902919e-08;
29001.93346223079061;3.4551355554413021309e-08;
29335.289019267926051;3.4018995620499481447e-08;
29668.644576305061491;4.1015123741772185895e-08;
30002.000133342196932;3.8131268809138418874e-08;
30335.355690379332373;3.6181276641400472727e-08;
30668.711247416467813;3.1931030264331639046e-08;
31002.066804453603254;3.4985131236453526071e-08;
31335.422361490738695;3.6085172183675240376e-08;
31668.777918527874135;3.6262854052893089829e-08;
32002.133475565009576;3.3632513662951168953e-08;
32335.489032602145016;3.4258526682151568821e-08;
32668.844589639280457;3.3025308709966338938e-08;
33002.200146676419536;3.0988530852482654154e-08;
33335.555703713558614;3.3835366508583319956e-08;
33668.911260750697693;3.6675501746685768012e-08;
34002.266817787836771;3.8824712333962452249e-08;
34335.62237482497585;3.8460921558680638555e-08;
34668.977931862114929;3.7746112013792298967e-08;
35002.333488899254007;4.1719655285987755633e-08;
35335.689045936393086;6.161869947618470178e-08;
35669.044602973532164;7.7909170670409366721e-08;
36002.400160010671243;8.2418800673167424975e-08;
36335.755717047810322;9.3204363338372786529e-08;
36669.1112740849494;8.9129081004557519918e-08;
37002.466831122088479;9.6078522915377106983e-08;
37335.822388159227557;8.387033290091494564e-08;
37669.177945196366636;7.6786420777352759615e-08;
38002.533502233505715;6.0273258384313521674e-08;
38335.889059270644793;5.2534392835923426901e-08;
38669.244616307783872;5.383602541542131803e-08;
39002.60017334492295;5.9449128286814811872e-08;
39335.955730382062029;6.9577772876527888002e-08;
39669.311287419201108;8.4345664674856379861e-08;
40002.666844456340186;9.464827854799295892e-08;
40336.022401493479265;9.2559034214900748339e-08;
40669.377958530618344;8.6363534990141488379e-08;
41002.733515567757422;8.9805858749514300143e-08;
41336.089072604896501;8.5698097507247439353e-08;
41669.444629642035579;7.6295364692668954376e-08;
42002.800186679174658;7.0539584839934832416e-08;
42336.155743716313737;5.2677542328183335485e-08;
42669.511300753452815;3.4705383455957417027e-08;
43002.866857790591894;2.8849779454276358592e-08;
43336.222414827730972;3.1543436307401861995e-08;
43669.577971864870051;3.0215403512556804344e-08;
44002.93352890200913;2.9334314533002725511e-08;
44336.289085939148208;2.7513426203995550168e-08;
44669.644642976287287;2.8682007879865523137e-08;
45003.000200013426365;2.8789228778691722255e-08;
45336.355757050565444;2.9053984107463293185e-08;
45669.711314087704523;2.7909296207440092985e-08;
46003.066871124843601;2.7517872425164568995e-08;
46336.42242816198268;2.8124970796739034995e-08;
46669.777985199121758;2.7400941959854208108e-08;
47003.133542236260837;2.8001132079680246534e-08;
47336.489099273399916;2.8566152110442999401e-08;
47669.844656310538994;2.8302210353103873786e-08;
48003.200213347678073;2.8454662626131721481e-08;
48336.555770384817151;2.7593001661330163188e-08;
48669.91132742195623;2.7956845727317158889e-08;
49003.266884459095309;2.7284698944640695117e-08;
49336.622441496234387;2.7272959002289098862e-08;
49669.977998533373466;2.7489800658031526837e-08;
50003.333555570512544;2.6491070670431327017e-08;
50336.689112607651623;2.478690142027062393e-08;
50670.044669644790702;2.6912008621593486168e-08;
51003.40022668192978;2.7228150401015227544e-08;
51336.755783719068859;2.6690065269008300675e-08;
51670.111340756207937;2.6172955358561011963e-08;
52003.466897793347016;2.7354914777788508218e-08;
52336.822454830486095;2.8498334359028376639e-08;
52670.178011867625173;2.6358677018833986949e-08;
53003.533568904764252;2.6976762157460143499e-08;
53336.88912594190333;2.5229068612020455475e-08;
53670.244682979042409;2.4688469935085777252e-08;
54003.600240016181488;2.5390423985527377226e-08;
54336.955797053320566;2.5199392794661434891e-08;
54670.311354090459645;2.5919877799651658279e-08;
55003.666911127598723;2.6260231322794425068e-08;
55337.022468164737802;2.7429550186752749141e-08;
55670.378025201876881;2.535080056986771524e-08;
56003.733582239015959;2.5586677665501156298e-08;
56337.089139276155038;2.6298687672010601091e-08;
56670.444696313294116;2.5738199127545158262e-08;
57003.800253350433195;2.6197197300348307181e-08;
57337.155810387572274;2.6628432792108469584e-08;
57670.511367424711352;2.5529253377953864401e-08;
58003.866924461850431;2.6630397442772846262e-08;
58337.222481498989509;2.418433986406398617e-08;
58670.578038536128588;2.5095310718370456016e-08;
59003.933595573267667;2.6729853885854026885e-08;
59337.289152610406745;2.4798225695121800527e-08;
59670.644709647545824;2.3922737568682350684e-08;
60004.000266684684902;2.4942842458131053718e-08;
60337.355823721823981;2.5267214098789736454e-08;
60670.71138075896306;2.5374014001044997713e-08;
61004.066937796102138;2.7130841573352881824e-08;
61337.422494833241217;2.61654165001345973e-08;
61670.778051870380295;2.7247386569229092856e-08;
62004.133608907519374;2.549031030696369271e-08;
62337.489165944658453;2.8778256222494746908e-08;
62670.844722981797531;2.7592371054652176099e-08;
63004.20028001893661;2.6592109847456413263e-08;
63337.555837056075688;2.5863112540491783875e-08;
63670.911394093214767;2.5997994868021123693e-08;
64004.266951130353846;2.5844309803346732224e-08;
64337.622508167492924;3.1160052316181463539e-08;
64670.978065204632003;2.93647328675206154e-08;
65004.333622241771081;2.4624798200534314674e-08;
65337.68917927891016;2.4507972540277478402e-08;
65671.044736316049239;2.4479831495227699634e-08;
66004.400293353188317;2.5359442545891397458e-08;
66337.755850390327396;2.4950248089794513362e-08;
66671.111407427466474;2.5960616767406463623e-08;
67004.466964464605553;3.0018693308875299408e-08;
67337.822521501744632;2.8815387409508730343e-08;
67671.17807853888371;3.2091808321865755715e-08;
68004.533635576022789;3.1076847761823955807e-08;
68337.889192613161867;3.420085903371727909e-08;
68671.244749650300946;2.999154702365558478e-08;
69004.600306687440025;3.0236432024821624509e-08;
69337.955863724579103;3.9726252509808546165e-08;
69671.311420761718182;3.1408351475192830549e-08;
70004.66697779885726;3.5389021491027961019e-08;
70338.022534835996339;3.1500519526161951944e-08;
70671.378091873135418;5.3035215330510254717e-08;
71004.733648910274496;4.1754702806429122575e-08;
71338.089205947413575;5.3577981162789001246e-08;
71671.444762984552654;5.5926459907595926779e-08;
72004.800320021691732;6.3311581754987855675e-08;
72338.155877058830811;5.7050758783816490904e-08;
72671.511434095969889;6.0053736206100438721e-08;
73004.866991133108968;6.1973359777311998187e-08;
73338.222548170248047;5.8646776324167149141e-08;
73671.578105207387125;5.617419773784604331e-08;
74004.933662244526204;6.2745009188347466988e-08;
74338.289219281665282;6.3648471382293791976e-08;
74671.644776318804361;5.6139768389584787656e-08;
75005.00033335594344;5.2010513229561183834e-08;
75338.355890393082518;5.8969000349406996975e-08;
75671.711447430221597;4.6039534851161079132e-08;
76005.067004467360675;4.0233615550278045703e-08;
76338.422561504499754;3.2711202635482550249e-08;
76671.778118541638833;3.1773346620411757613e-08;
77005.133675578777911;3.0260345340593630681e-08;
77338.48923261591699;3.1216430329550348688e-08;
77671.844789653056068;3.3252700148977965e-08;
78005.200346690195147;3.5820281851783875027e-08;
78338.555903727334226;3.6714759232836513547e-08;
78671.911460764473304;4.0032329451378245722e-08;
79005.267017801612383;4.5973180817782122176e-08;
79338.622574838751461;4.9660876300094969338e-08;
79671.97813187589054;5.6314501506449232693e-08;
80005.333688913029619;5.5339388183028859203e-08;
80338.689245950168697;5.4000267368792265188e-08;
80672.044802987307776;5.2845585685190599179e-08;
81005.400360024446854;6.3521135018618224422e-08;
81338.755917061585933;5.210168652070024109e-08;
81672.111474098725012;4.7827150240209448384e-08;
82005.46703113586409;5.0179068011857452802e-08;
82338.822588173003169;5.7522242968843784183e-08;
82672.178145210142247;5.3872543759325708379e-08;
83005.533702247281326;4.7288782667465056875e-08;
83338.889259284420405;4.4460112036404098035e-08;
83672.244816321559483;4.1873260414604374091e-08;
84005.600373358698562;4.0974001080940070096e-08;
84338.95593039583764;3.918699320593077573e-08;
84672.311487432976719;3.4802461357230640715e-08;
85005.667044470115798;2.8068603441511186247e-08;
85339.022601507254876;2.4643059148843349249e-08;
85672.378158544393955;2.1911894521053909557e-08;
86005.733715581533033;2.3162312956515052065e-08;
86339.089272618672112;2.197681325810663111e-08;
86672.444829655811191;2.2112976338917178509e-08;
87005.800386692950269;2.1113033099595668318e-08;
87339.155943730089348;2.0655258836654866172e-08;
87672.511500767228426;2.2368066510125572677e-08;
88005.867057804367505;2.031800860891053162e-08;
88339.222614841506584;2.1340909484024450649e-08;
88672.578171878645662;2.2337673044603434391e-08;
89005.933728915784741;2.1445464071234709991e-08;
89339.289285952923819;2.1496157742717514338e-08;
89672.644842990062898;2.1757848855941119837e-08;
90006.000400027201977;2.0767213726458066958e-08;
90339.355957064341055;2.0733057937150078942e-08;
90672.711514101480134;1.8568918846995075e-08;
91006.067071138619212;1.9375221427253563888e-08;
91339.422628175758291;2.0783417653547076043e-08;
91672.77818521289737;2.1527295501755361329e-08;
92006.133742250036448;2.0818095691765847732e-08;
92339.489299287175527;2.210284044679156068e-08;
92672.844856324314605;2.079978145275163115e-08;
93006.200413361453684;2.1098980340639172937e-08;
93339.555970398592763;2.0605318340471967531e-08;
93672.911527435731841;1.8646652222287229961e-08;
94006.26708447287092;2.0360886310299974866e-08;
94339.622641510009998;2.2210890904261759715e-08;
94672.978198547149077;2.004445853742709005e-08;
95006.333755584288156;1.949317862681709812e-08;
95339.689312621427234;2.0766593777921116271e-08;
95673.044869658566313;2.072439109213064512e-08;
96006.400426695705391;2.0631324204600787198e-08;
96339.75598373284447;1.9808384266184475564e-08;
96673.111540769983549;2.0915750909011876502e-08;
97006.467097807122627;2.1468531841151161643e-08;
97339.822654844261706;1.9933073858169336745e-08;
97673.178211881400784;2.0395003019757496077e-08;
98006.533768918539863;2.0327684424614744785e-08;
98339.889325955678942;2.0443104986611615459e-08;
98673.24488299281802;1.978261465751529613e-08;
99006.600440029957099;1.9889908386971910659e-08;
99339.955997067096177;2.0916301579632090579e-08;
99673.311554104235256;1.9281202412457787432e-08;
100006.66711114137433;2.0303451364611646568e-08;
100340.02266817851341;2.0032207004305746523e-08;
100673.37822521565249;1.9122760264167482092e-08;
101006.73378225279157;1.9865884937075861671e-08;
101340.08933928993065;2.079970862212121574e-08;
101673.44489632706973;2.1457259080648327654e-08;
102006.80045336420881;2.1213599765701474098e-08;
102340.15601040134788;2.0824094448812502378e-08;
102673.51156743848696;2.0604630890375119634e-08;
103006.86712447562604;1.9930903150111589639e-08;
103340.22268151276512;1.9595184141962818103e-08;
103673.5782385499042;1.9158738595592694764e-08;
104006.93379558704328;2.0438651660015239031e-08;
104340.28935262418236;2.0648982967941265088e-08;
104673.64490966132144;2.1597069022050163767e-08;
105007.00046669846051;2.1021175911073441966e-08;
105340.35602373559959;2.0482540108446301019e-08;
105673.71158077273867;1.8985721439435110369e-08;
106007.06713780987775;2.5212409937580559927e-08;
106340.42269484701683;2.3139619997891713865e-08;
106673.77825188415591;2.3100628965266878367e-08;
107007.13380892129499;2.6334053160326220677e-08;
107340.48936595843406;2.7435042682100174716e-08;
107673.84492299557314;2.6587297696778477984e-08;
108007.20048003271222;3.0725626487537738285e-08;
108340.5560370698513;2.403930565719747392e-08;
108673.91159410699038;2.7388381340642808937e-08;
109007.26715114412946;2.7813754854832950514e-08;
109340.62270818126854;2.9154195502201218915e-08;
109673.97826521840761;2.9901954690103593748e-08;
110007.33382225554669;2.6636010730385351053e-08;
110340.68937929268577;2.5438284367851338175e-08;
110674.04493632982485;2.7946191138994436187e-08;
111007.40049336696393;2.8332307167033832229e-08;
111340.75605040410301;2.9359833675357549509e-08;
111674.11160744124209;2.7916504663494379201e-08;
112007.46716447838116;2.6972923450330199557e-08;
112340.82272151552024;2.4889528660310134001e-08;
112674.17827855265932;2.440250312929492793e-08;
113007.5338355897984;2.6234364014499078621e-08;
113340.88939262693748;2.6014534526552779425e-08;
113674.24494966407656;2.260964926392716734e-08;
114007.60050670121564;2.1127613436533465574e-08;
114340.95606373835471;2.1562609475722638308e-08;
114674.31162077549379;1.9812212315173383104e-08;
115007.66717781263287;1.9068215451056858001e-08;
115341.02273484977195;2.0044845783218079305e-08;
115674.37829188691103;1.9911444937292799295e-08;
116007.73384892405011;1.9427949027317481523e-08;
116341.08940596118919;2.0002843825750460383e-08;
116674.44496299832826;1.9581419152814305562e-08;
117007.80052003546734;2.0472610273714053619e-08;
117341.15607707260642;2.0495678043630505272e-08;
117674.5116341097455;2.0344975482089466823e-08;
118007.86719114688458;2.4033013801272318233e-08;
118341.22274818402366;3.1996560068137114285e-08;
118674.57830522116274;4.5363147904708966962e-08;
119007.93386225830182;4.0774956744371593231e-08;
119341.28941929544089;3.6403719150257529691e-08;
119674.64497633257997;3.9379877136980212526e-08;
120008.00053336971905;3.7502879024486901471e-08;
120341.35609040685813;3.6215869414490953204e-08;
120674.71164744399721;3.7404319641609617975e-08;
121008.06720448113629;3.5444831070208238089e-08;
121341.42276151827537;3.8434038174273155164e-08;
121674.77831855541444;4.0839044146423475468e-08;
122008.13387559255352;4.7185302776142634684e-08;
122341.4894326296926;3.5438667111975519219e-08;
122674.84498966683168;2.4090502037665828539e-08;
123008.20054670397076;2.3059151033066882519e-08;
123341.55610374110984;2.3318763808788389724e-08;
123674.91166077824892;2.5591218033582663338e-08;
124008.26721781538799;2.4212353011421328119e-08;
124341.62277485252707;2.3664629367203815491e-08;
124674.97833188966615;2.170283863733857288e-08;
125008.33388892680523;2.1267929639634530758e-08;
125341.68944596394431;2.0500790398614299193e-08;
125675.04500300108339;2.0747741302784561412e-08;
126008.40056003822247;2.1746307865555536409e-08;
126341.75611707536154;2.1779838377256055537e-08;
126675.11167411250062;1.963863915932506643e-08;
127008.4672311496397;1.9384584604154042609e-08;
127341.82278818677878;2.0606151451829646248e-08;
127675.17834522391786;1.9761010605634510284e-08;
128008.53390226105694;1.9604410539386663004e-08;
128341.88945929819602;1.7603605684257672692e-08;
128675.24501633533509;1.8984120941922810744e-08;
129008.60057337247417;2.4065840875664434861e-08;
129341.95613040961325;2.3545162264326791046e-08;
129675.31168744675233;1.7612762803764780983e-08;
130008.66724448389141;1.7978390332018534536e-08;
130342.02280152103049;1.6963126014957197185e-08;
130675.37835855816957;1.8384683997396678024e-08;
131008.73391559530864;1.7757413317553982779e-08;
131342.08947263244772;1.7185898926186382596e-08;
131675.4450296695868;1.8390368339282758825e-08;
132008.80058670672588;1.7642149074958979327e-08;
132342.15614374386496;1.7182971490115050983e-08;
132675.51170078100404;1.7310584965457564977e-08;
133008.86725781814312;1.6918217937700319453e-08;
133342.22281485528219;1.7443682054363307543e-08;
133675.57837189242127;1.699620710837734805e-08;
134008.93392892956035;1.6984953887799747463e-08;
134342.28948596669943;1.7185445955192335532e-08;
134675.64504300383851;1.7133116259060443554e-08;
135009.00060004097759;1.6507868849657825194e-08;
135342.35615707811667;1.7156127185558034398e-08;
135675.71171411525575;1.7937662022404765594e-08;
136009.06727115239482;1.7381891481704769831e-08;
136342.4228281895339;1.8335271079195081256e-08;
136675.77838522667298;1.859274689763878996e-08;
137009.13394226381206;2.3423458728188961686e-08;
137342.48949930095114;2.1120044380040781107e-08;
137675.84505633809022;1.6967806715229016845e-08;
138009.2006133752293;1.7915617434027808486e-08;
138342.55617041236837;1.7067357305222685682e-08;
138675.91172744950745;1.7674597785344303702e-08;
139009.26728448664653;1.9126019878967781551e-08;
139342.62284152378561;2.3702574125650244241e-08;
139675.97839856092469;1.9606925860671253758e-08;
140009.33395559806377;2.0344296913776815927e-08;
140342.68951263520285;2.3531351089900454099e-08;
140676.04506967234192;1.9542415685691594263e-08;
141009.400626709481;1.7335022306497194222e-08;
141342.75618374662008;1.7455729306448120042e-08;
141676.11174078375916;3.0935229489159610239e-08;
142009.46729782089824;1.642464653173192346e-08;
142342.82285485803732;1.6747801367955617025e-08;
142676.1784118951764;1.788813186465176841e-08;
143009.53396893231547;1.925026893445647147e-08;
143342.88952596945455;1.8400482915126303851e-08;
143676.24508300659363;1.8009970403909392189e-08;
144009.60064004373271;2.8872493729181769595e-08;
144342.95619708087179;1.7663920104382668796e-08;
144676.31175411801087;1.7973496468925986846e-08;
145009.66731115514995;1.7676491381735104369e-08;
145343.02286819228902;1.8142515045838081278e-08;
145676.3784252294281;1.8508504950887072482e-08;
146009.73398226656718;1.7639392169144230138e-08;
146343.08953930370626;1.9044581023308637668e-08;
146676.44509634084534;1.7804893559514312074e-08;
147009.80065337798442;1.748295019865508948e-08;
147343.1562104151235;1.7846041089342179475e-08;
147676.51176745226257;1.738259314265633293e-08;
148009.86732448940165;1.8100111631724757899e-08;
148343.22288152654073;1.8324774586631065176e-08;
148676.57843856367981;1.9026890285545050574e-08;
149009.93399560081889;1.7760907411457083072e-08;
149343.28955263795797;1.7693455589551376761e-08;
149676.64510967509705;1.7241509553400646837e-08;
150010.00066671223613;1.7270521013301731728e-08;
150343.3562237493752;1.7344556013654255366e-08;
150676.71178078651428;2.2658992904212027497e-08;
151010.06733782365336;2.0969723735220213712e-08;
151343.42289486079244;1.6439456018702003348e-08;
151676.77845189793152;1.5947660969573007606e-08;
152010.1340089350706;1.7899887794214919268e-08;
152343.48956597220968;1.6267772906530808541e-08;
152676.84512300934875;1.5893318661142075143e-08;
153010.20068004648783;1.6798985313926095841e-08;
153343.55623708362691;1.6057720486628568324e-08;
153676.91179412076599;1.5940042175088819931e-08;
154010.26735115790507;1.5672812381239964452e-08;
154343.62290819504415;1.610088240511231561e-08;
154676.97846523218323;1.5768366168344982725e-08;
155010.3340222693223;1.6163911098487915297e-08;
155343.68957930646138;2.0595763317032833584e-08;
155677.04513634360046;1.6106341149679792579e-08;
156010.40069338073954;1.5974269018670383957e-08;
156343.75625041787862;1.5914720208343169361e-08;
156677.1118074550177;1.6660559154502152523e-08;
157010.46736449215678;1.6596935381585353753e-08;
157343.82292152929585;1.6359107846142251219e-08;
157677.17847856643493;1.6370778510577110865e-08;
158010.53403560357401;1.6377539324707868218e-08;
158343.88959264071309;1.6922706791433483886e-08;
158677.24514967785217;1.7109414329752326012e-08;
159010.60070671499125;1.6338802311111066956e-08;
159343.95626375213033;1.6990982842912671913e-08;
159677.3118207892694;1.8332050544245248602e-08;
160010.66737782640848;1.740444055542411661e-08;
160344.02293486354756;1.7346170722021270194e-08;
160677.37849190068664;1.7822261000333128322e-08;
161010.73404893782572;1.6591018336953311518e-08;
161344.0896059749648;1.6208211661705718143e-08;
161677.44516301210388;1.7331368340478547907e-08;
162010.80072004924295;1.8811160629184087156e-08;
162344.15627708638203;1.7811338182127656182e-08;
162677.51183412352111;1.7716129008249481558e-08;
163010.86739116066019;1.6697038418556076067e-08;
163344.22294819779927;1.7589540490803301509e-08;
163677.57850523493835;1.5899713545763916045e-08;
164010.93406227207743;1.5796008057122890023e-08;
164344.2896193092165;1.6808874292451037036e-08;
164677.64517634635558;1.6574412953218597977e-08;
165011.00073338349466;1.8072787710821103246e-08;
165344.35629042063374;1.6743271658015146386e-08;
165677.71184745777282;1.7176029487586674804e-08;
166011.0674044949119;1.6356549892293514858e-08;
166344.42296153205098;1.7739019142481993185e-08;
166677.77851856919006;1.6357009968714919523e-08;
167011.13407560632913;1.6151023629618066479e-08;
167344.48963264346821;1.6147506443076053984e-08;
167677.84518968060729;1.659457460334579082e-08;
168011.20074671774637;1.6438907124438628671e-08;
168344.55630375488545;1.6487234688611351885e-08;
168677.91186079202453;1.6324083418339796481e-08;
169011.26741782916361;1.5390474672472009843e-08;
169344.62297486630268;1.6743065600621775957e-08;
169677.97853190344176;1.6121315837835936691e-08;
170011.33408894058084;1.5541727904633262369e-08;
170344.68964597771992;1.5047417534219675872e-08;
170678.045203014859;1.5760722504865043447e-08;
171011.40076005199808;1.544776395689950732e-08;
171344.75631708913716;1.5732783964494956308e-08;
171678.11187412627623;1.6611958031376161671e-08;
172011.46743116341531;1.5186065738248544221e-08;
172344.82298820055439;1.5273045050889777485e-08;
172678.17854523769347;1.5812499754019881948e-08;
173011.53410227483255;1.5395450247979169944e-08;
173344.88965931197163;1.5457564117582478502e-08;
173678.24521634911071;1.5643241368934468483e-08;
174011.60077338624978;1.5203657000029124902e-08;
174344.95633042338886;1.5816445042560189904e-08;
174678.31188746052794;1.4754869326338848623e-08;
175011.66744449766702;1.5822559262801405566e-08;
175345.0230015348061;1.5448172518972569378e-08;
175678.37855857194518;1.4973137396623314999e-08;
176011.73411560908426;1.5845451173390756594e-08;
176345.08967264622333;1.5424362231897248421e-08;
176678.44522968336241;1.5145250387149644666e-08;
177011.80078672050149;1.6303047800647618715e-08;
177345.15634375764057;1.5203337255798032857e-08;
177678.51190079477965;1.5189028701456663839e-08;
178011.86745783191873;1.5626872240659395175e-08;
178345.22301486905781;1.5403161413019006432e-08;
178678.57857190619688;1.5643104589457834663e-08;
179011.93412894333596;1.4768484213334431843e-08;
179345.28968598047504;1.5210202874982314825e-08;
179678.64524301761412;1.5315226420398175833e-08;
180012.0008000547532;1.8101447452067986887e-08;
180345.35635709189228;1.5942422493253616267e-08;
180678.71191412903136;1.5558146770899838884e-08;
181012.06747116617044;1.6275720327030285262e-08;
181345.42302820330951;1.5921626683734757535e-08;
181678.77858524044859;1.5987998480682108493e-08;
182012.13414227758767;1.6066778130152670201e-08;
182345.48969931472675;1.5733805369677611452e-08;
182678.84525635186583;1.5226110150479144068e-08;
183012.20081338900491;1.5644589623775573273e-08;
183345.55637042614399;1.6163655303103041661e-08;
183678.91192746328306;1.5243344364535005298e-08;
184012.26748450042214;1.5523418994689563988e-08;
184345.62304153756122;1.5429485245022078743e-08;
184678.9785985747003;1.6463067353811311477e-08;
185012.33415561183938;1.5056091484666467295e-08;
185345.68971264897846;1.5485968063444488507e-08;
185679.04526968611754;1.5433171185463834263e-08;
186012.40082672325661;1.5660537755479708721e-08;
186345.75638376039569;1.5548064169479403063e-08;
186679.11194079753477;1.5289071342294846545e-08;
187012.46749783467385;1.6056141305398341501e-08;
187345.82305487181293;1.5496144811777412542e-08;
187679.17861190895201;1.5478324399964549229e-08;
188012.53416894609109;1.5482404691624651605e-08;
188345.88972598323016;1.5676336673209334549e-08;
188679.24528302036924;1.5753387927475159813e-08;
189012.60084005750832;1.5602184433305410494e-08;
189345.9563970946474;1.5496743444032290427e-08;
189679.31195413178648;1.5763298222282173811e-08;
190012.66751116892556;1.5400726027792188688e-08;
190346.02306820606464;1.4229406097854280233e-08;
190679.37862524320371;1.6053657958536859951e-08;
191012.73418228034279;1.5170174449963269581e-08;
191346.08973931748187;1.5579615819660830311e-08;
191679.44529635462095;1.560336393424677226e-08;
192012.80085339176003;1.4928854596973906155e-08;
192346.15641042889911;1.4129221348468945507e-08;
192679.51196746603819;1.4487389066175637709e-08;
193012.86752450317726;1.4705754836086271098e-08;
193346.22308154031634;1.4763581468457687151e-08;
193679.57863857745542;1.4983161378268050612e-08;
194012.9341956145945;1.4874690812405333418e-08;
194346.28975265173358;1.426810491977903439e-08;
194679.64530968887266;1.4128204384178388864e-08;
195013.00086672601174;1.4906998302421925473e-08;
195346.35642376315081;1.3980535840119046043e-08;
195679.71198080028989;1.3760484307567821816e-08;
196013.06753783742897;1.4935569225826839102e-08;
196346.42309487456805;1.4784604651651989116e-08;
196679.77865191170713;1.4943417170343309408e-08;
197013.13420894884621;1.4481002175159574108e-08;
197346.48976598598529;1.4966957451179041527e-08;
197679.84532302312437;1.5396640407061568112e-08;
198013.20088006026344;1.4911135437500888656e-08;
198346.55643709740252;1.5520202012453410134e-08;
198679.9119941345416;1.5239194794958166312e-08;
199013.26755117168068;1.4756113664304848498e-08;
199346.62310820881976;1.476910682640664163e-08;
199679.97866524595884;1.4752277621710163658e-08;
200013.33422228309792;1.4601061693042538536e-08;
200346.68977932023699;1.4600292530531078228e-08;
200680.04533635737607;1.6194549701253890817e-08;
201013.40089339451515;1.5834793032354355091e-08;
201346.75645043165423;1.5623687232846350526e-08;
201680.11200746879331;1.5823058419073277037e-08;
202013.46756450593239;1.5828424793085105193e-08;
202346.82312154307147;1.5016469845363644708e-08;
202680.17867858021054;1.5162555655479081906e-08;
203013.53423561734962;1.5284049581509862037e-08;
203346.8897926544887;1.4605423537261685851e-08;
203680.24534969162778;1.4712912665970634407e-08;
204013.60090672876686;1.4178677787413107581e-08;
204346.95646376590594;1.4782500556975719519e-08;
204680.31202080304502;1.5677713349759869743e-08;
205013.66757784018409;1.5140436460114869988e-08;
205347.02313487732317;1.5998365299196848355e-08;
205680.37869191446225;1.4935359615719789872e-08;
206013.73424895160133;1.4569648598694584507e-08;
206347.08980598874041;1.5459519886462658178e-08;
206680.44536302587949;1.5132007646911915799e-08;
207013.80092006301857;1.5461909086411651515e-08;
207347.15647710015764;1.3593523640054172574e-08;
207680.51203413729672;1.5079251625138567761e-08;
208013.8675911744358;1.4468339415429909423e-08;
208347.22314821157488;1.5233547756565712916e-08;
208680.57870524871396;1.4763347877533306018e-08;
209013.93426228585304;1.3884176475187359756e-08;
209347.28981932299212;1.4849548257700462273e-08;
209680.64537636013119;1.4270611359279428143e-08;
210014.00093339727027;1.4720513696886428079e-08;
210347.35649043440935;1.4638687595436294941e-08;
210680.71204747154843;1.4411390303337157093e-08;
211014.06760450868751;1.4971400119634381554e-08;
211347.42316154582659;1.5151291776760444918e-08;
211680.77871858296567;1.4477950394109484478e-08;
212014.13427562010475;1.4973400297435546236e-08;
212347.48983265724382;3.2093836921376350801e-08;
212680.8453896943829;1.4661954317318759422e-08;
213014.20094673152198;1.4090455024984294141e-08;
213347.55650376866106;1.4842975737394681346e-08;
213680.91206080580014;1.444172692544043457e-08;
214014.26761784293922;1.4243011214887246751e-08;
214347.6231748800783;1.4313696006240661518e-08;
214680.97873191721737;1.3903580509122548392e-08;
215014.33428895435645;1.4619927490855388896e-08;
215347.68984599149553;1.4863720032565197471e-08;
215681.04540302863461;1.4924054880793846678e-08;
216014.40096006577369;3.317929397894658905e-08;
216347.75651710291277;1.5085081628285479383e-08;
216681.11207414005185;1.4077786936184111255e-08;
217014.46763117719092;1.5391259822195024753e-08;
217347.82318821433;1.4687527638557185128e-08;
217681.17874525146908;1.4679272908324492164e-08;
218014.53430228860816;1.4042120355384213326e-08;
218347.88985932574724;1.3683129296282459109e-08;
218681.24541636288632;1.4658064984018892574e-08;
219014.6009734000254;1.3675632182241770352e-08;
219347.95653043716447;1.4811067927666954347e-08;
219681.31208747430355;1.4474771603545377729e-08;
220014.66764451144263;1.3715450108975346666e-08;
220348.02320154858171;1.4818173355024555349e-08;
220681.37875858572079;1.4263368264266773622e-08;
221014.73431562285987;1.3766407569448801951e-08;
221348.08987265999895;1.5104809847343858564e-08;
221681.44542969713802;1.4718212426600985054e-08;
222014.8009867342771;1.4355473254568096309e-08;
222348.15654377141618;1.4738419373827582604e-08;
222681.51210080855526;1.3976410251359538961e-08;
223014.86765784569434;1.400469962220540765e-08;
223348.22321488283342;1.4451624785749572766e-08;
223681.5787719199725;1.3881639837620696198e-08;
224014.93432895711157;1.5158001076542859664e-08;
224348.28988599425065;1.5157734623016949627e-08;
224681.64544303138973;1.3993485481478273869e-08;
225015.00100006852881;1.5226376604005054105e-08;
225348.35655710566789;1.4452462337999349984e-08;
225681.71211414280697;1.3325729852908807516e-08;
226015.06767117994605;1.3965562040141321631e-08;
226348.42322821708512;1.4731481812191304925e-08;
226681.7787852542242;1.4272917958635389368e-08;
227015.13434229136328;1.403250315945570037e-08;
227348.48989932850236;1.4992666663715681352e-08;
227681.84545636564144;1.3819496658129537536e-08;
228015.20101340278052;1.338774513470752936e-08;
228348.5565704399196;1.4207874876603909797e-08;
228681.91212747705868;1.494449364258798596e-08;
229015.26768451419775;1.3883274085912944429e-08;
229348.62324155133683;1.4302409923061532027e-08;
229681.97879858847591;1.3904801754449636064e-08;
230015.33435562561499;1.3690439004676591139e-08;
230348.68991266275407;1.4180620233616991754e-08;
230682.04546969989315;1.4080606014488239452e-08;
231015.40102673703223;1.3486817884711399529e-08;
231348.7565837741713;1.3905657070267807285e-08;
231682.11214081131038;1.3083903738220215018e-08;
232015.46769784844946;1.3500899065377325314e-08;
232348.82325488558854;1.4123687996914213727e-08;
232682.17881192272762;1.3254008557339602703e-08;
233015.5343689598667;1.4042638163402898499e-08;
233348.88992599700578;1.3827000877597583894e-08;
233682.24548303414485;1.2333419618926200201e-08;
234015.60104007128393;1.3921250818782482384e-08;
234348.95659710842301;1.3801228604393145361e-08;
234682.31215414556209;1.3767907702799675462e-08;
235015.66771118270117;1.4716790452951045154e-08;
235349.02326821984025;1.2946673066949188069e-08;
235682.37882525697933;1.5518102358669239038e-08;
236015.7343822941184;1.3467285953083774075e-08;
236349.08993933125748;1.377548031200603873e-08;
236682.44549636839656;1.3221335137814094196e-08;
237015.80105340553564;1.4855705998684243241e-08;
237349.15661044267472;1.4562407280038769386e-08;
237682.5121674798138;1.605244648317238898e-08;
238015.86772451695288;1.393385140602276806e-08;
238349.22328155409195;1.5181532475594394782e-08;
238682.57883859123103;1.5307399792163778329e-08;
239015.93439562837011;1.4440128204284974345e-08;
239349.28995266550919;1.5163832856046610686e-08;
239682.64550970264827;1.4510465717876286362e-08;
240016.00106673978735;1.5026285993258170492e-08;
240349.35662377692643;1.4210621124277622584e-08;
240682.7121808140655;1.4072915277552056068e-08;
241016.06773785120458;1.3486865846346063336e-08;
241349.42329488834366;1.5262504149404776399e-08;
241682.77885192548274;1.465512955434178366e-08;
242016.13440896262182;1.4811952553372975672e-08;
242349.4899659997609;1.4701105222059140942e-08;
242682.84552303689998;1.4487491206693903223e-08;
243016.20108007403906;1.4052559116350948898e-08;
243349.55663711117813;1.4435892481401424448e-08;
243682.91219414831721;1.4971716311151794798e-08;
244016.26775118545629;1.4330427511310972477e-08;
244349.62330822259537;1.4182488961012040818e-08;
244682.97886525973445;1.3889860817073440558e-08;
245016.33442229687353;1.4078256782568132621e-08;
245349.68997933401261;1.3855279590302416182e-08;
245683.04553637115168;1.4099517109400494519e-08;
246016.40109340829076;1.3712607049853886565e-08;
246349.75665044542984;1.4360542976987744623e-08;
246683.11220748256892;1.3978939783498844918e-08;
247016.467764519708;1.3427598588577893679e-08;
247349.82332155684708;1.3954551292272299179e-08;
247683.17887859398616;1.5169748124321813521e-08;
248016.53443563112523;1.4744479415185196558e-08;
248349.88999266826431;1.3774004159472497122e-08;
248683.24554970540339;1.3735173887141627347e-08;
249016.60110674254247;1.4238733747617970948e-08;
249349.95666377968155;1.4764956368651382945e-08;
249683.31222081682063;1.7621552217406133423e-08;
250016.66777785395971;1.3660552689032101625e-08;
250350.02333489109878;1.317406095324713533e-08;
250683.37889192823786;1.3518461017270055891e-08;
251016.73444896537694;1.3834994483374885021e-08;
251350.09000600251602;1.34781021898788822e-08;
251683.4455630396551;1.396193205494000722e-08;
252016.80112007679418;1.548648498328475398e-08;
252350.15667711393326;1.3528629771997202624e-08;
252683.51223415107233;1.4082139898619061569e-08;
253016.86779118821141;1.3346556748672355752e-08;
253350.22334822535049;1.3766214834731727024e-08;
253683.57890526248957;1.3503270501757924649e-08;
254016.93446229962865;1.4218985988634358364e-08;
254350.29001933676773;1.3359787054412208818e-08;
254683.64557637390681;1.4238258572163431381e-08;
255017.00113341104588;1.369505753245903179e-08;
255350.35669044818496;1.3835772527670542331e-08;
255683.71224748532404;1.3802585741018447152e-08;
256017.06780452246312;1.3826539024819339829e-08;
256350.4233615596022;1.3844865698331432213e-08;
256683.77891859674128;1.3912229590573588212e-08;
257017.13447563388036;1.3993656899913275993e-08;
257350.49003267101943;1.4155855154740493163e-08;
257683.84558970815851;1.3842895718596537336e-08;
258017.20114674529759;1.386781978141016225e-08;
258350.55670378243667;1.4359987865475432045e-08;
258683.91226081957575;1.3502321927205684915e-08;
259017.26781785671483;1.2669635118811584107e-08;
259350.62337489385391;1.3432458700890492764e-08;
259683.97893193099299;1.352739342763698005e-08;
260017.33448896813206;1.3610393700957956753e-08;
260350.69004600527114;1.2926038017724295059e-08;
260684.04560304241022;1.4120933755634723639e-08;
261017.4011600795493;1.3711571433816516219e-08;
261350.75671711668838;1.4103133771925513429e-08;
261684.11227415382746;1.3907513363164980547e-08;
262017.46783119096654;1.4254650793077416893e-08;
262350.82338822807651;1.3964409184552550869e-08;
262684.17894526518648;1.359987766846870727e-08;
263017.53450230229646;1.3612593718903553963e-08;
263350.89005933940643;1.3218501848655250797e-08;
263684.24561637651641;1.3038473412052553613e-08;
264017.60117341362638;1.4754247601445058535e-08;
264350.95673045073636;1.458434795154062158e-08;
264684.31228748784633;1.2861121945206832606e-08;
265017.66784452495631;1.4032157658050437021e-08;
265351.02340156206628;1.3661968445433103625e-08;
265684.37895859917626;1.3206478577387770201e-08;
266017.73451563628623;1.3651628272270954767e-08;
266351.09007267339621;1.3309422897123113216e-08;
266684.44562971050618;1.3294116918416420958e-08;
267017.80118674761616;1.4526992941910066293e-08;
267351.15674378472613;1.4060856479147787468e-08;
267684.51230082183611;1.3250422981059273297e-08;
268017.86785785894608;1.3334862103420164203e-08;
268351.22341489605606;1.3328234516052361869e-08;
268684.57897193316603;1.3412910782051312708e-08;
269017.93452897027601;1.295199680839687062e-08;
269351.29008600738598;1.3389650277417786128e-08;
269684.64564304449596;1.2988566666649603576e-08;
270018.00120008160593;1.4556805538745720696e-08;
270351.3567571187159;1.4190638886191209167e-08;
270684.71231415582588;1.3549107613641808712e-08;
271018.06787119293585;1.3406738830212816538e-08;
271351.42342823004583;1.2973880636479862005e-08;
271684.7789852671558;1.3731120240834115975e-08;
272018.13454230426578;1.3334511272944382654e-08;
272351.49009934137575;1.362249690828321036e-08;
272684.84565637848573;1.3161732148603277892e-08;
273018.2012134155957;1.4134758252737356088e-08;
273351.55677045270568;1.3804599241495907336e-08;
273684.91232748981565;1.3723572500623504311e-08;
274018.26788452692563;1.2692313866580207105e-08;
274351.6234415640356;1.4172800710809951852e-08;
274684.97899860114558;1.3132584797403978882e-08;
275018.33455563825555;1.3438689272504689143e-08;
275351.69011267536553;1.3643644436456270341e-08;
275685.0456697124755;1.3695490963527845452e-08;
276018.40122674958548;1.3237371199181779957e-08;
276351.75678378669545;1.4174244888920384255e-08;
276685.11234082380543;1.3703456147595716175e-08;
277018.4678978609154;1.2835661422627708816e-08;
277351.82345489802537;1.3770543816349345434e-08;
277685.17901193513535;1.3645203189582844061e-08;
278018.53456897224532;1.3769745343950035021e-08;
278351.8901260093553;1.3955115285568808758e-08;
278685.24568304646527;1.4335211240279477352e-08;
279018.60124008357525;1.2822814809965166205e-08;
279351.95679712068522;1.3887957450720023189e-08;
279685.3123541577952;1.3616348049083626393e-08;
280018.66791119490517;1.2839202589987053216e-08;
280352.02346823201515;1.3496654460709578416e-08;
280685.37902526912512;1.3987905944645717682e-08;
281018.7345823062351;1.4166030126716577797e-08;
281352.09013934334507;1.5374045148064396926e-08;
281685.44569638045505;1.4448273688572044193e-08;
282018.80125341756502;1.36908715475669851e-08;
282352.156810454675;1.3387698061251285253e-08;
282685.51236749178497;1.3107116281219077791e-08;
283018.86792452889495;1.4151603444645388663e-08;
283352.22348156600492;3.1435675396096485201e-08;
283685.5790386031149;1.3655609976126470428e-08;
284018.93459564022487;1.4513983792596718558e-08;
284352.29015267733485;1.4995933383943338413e-08;
284685.64570971444482;1.3384006791739011533e-08;
285019.00126675155479;1.3215947447520193236e-08;
285352.35682378866477;1.3810056209706544905e-08;
285685.71238082577474;1.4559235594902020239e-08;
286019.06793786288472;1.3807412102551097632e-08;
286352.42349489999469;1.5091522698185144691e-08;
286685.77905193710467;1.4294924355340299371e-08;
287019.13460897421464;1.362285662054318891e-08;
287352.49016601132462;1.4246790414063070784e-08;
287685.84572304843459;1.3462625680915607518e-08;
288019.20128008554457;3.4928266501310645253e-08;
288352.55683712265454;1.3506308071953299077e-08;
288685.91239415976452;1.3511552765521628316e-08;
289019.26795119687449;1.3360209827339986077e-08;
289352.62350823398447;1.4149962979104202532e-08;
289685.97906527109444;1.3516395114265833399e-08;
290019.33462230820442;1.3878494797836538055e-08;
290352.69017934531439;1.5331323766076820903e-08;
290686.04573638242437;1.408335226216195224e-08;
291019.40129341953434;1.391257242744359246e-08;
291352.75685045664432;1.3515611740899657889e-08;
291686.11240749375429;1.3453216318737304391e-08;
292019.46796453086426;1.4325644670520887303e-08;
292352.82352156797424;1.4172701234826945438e-08;
292686.17907860508421;1.4595547881413040159e-08;
293019.53463564219419;1.3446671331962534168e-08;
293352.89019267930416;1.3975231638596596895e-08;
293686.24574971641414;1.3151192135296696506e-08;
294019.60130675352411;1.3557131417485379643e-08;
294352.95686379063409;1.3310896385121395724e-08;
294686.31242082774406;1.4424358596443198621e-08;
295019.66797786485404;1.4417569360603010864e-08;
295353.02353490196401;1.5094784089342283551e-08;
295686.37909193907399;1.5038882139606357669e-08;
296019.73464897618396;1.4092830902256991976e-08;
296353.09020601329394;1.3794732467431458645e-08;
296686.44576305040391;1.4181567031812392088e-08;
297019.80132008751389;1.3107070095941253385e-08;
297353.15687712462386;1.3673470355968220247e-08;
297686.51243416173384;1.3735101056511211937e-08;
298019.86799119884381;1.4996038188996863028e-08;
298353.22354823595379;1.3438925527964329376e-08;
298686.57910527306376;1.4155656202774480334e-08;
299019.93466231017374;1.3778166163547211909e-08;
299353.29021934728371;1.3809474452841641323e-08;
299686.64577638439368;1.4348589871815420338e-08;
300020.00133342150366;1.4628430911045597895e-08;
300353.35689045861363;1.4100904444092066115e-08;
300686.71244749572361;1.4826843752757667971e-08;
301020.06800453283358;1.3838738155413921049e-08;
301353.42356156994356;1.4497980593830561702e-08;
301686.77911860705353;1.5751478343872804544e-08;
302020.13467564416351;1.6184879214620195853e-08;
302353.49023268127348;1.4037828677260222321e-08;
302686.84578971838346;1.3740192983391352755e-08;
303020.20134675549343;1.4381269508589866746e-08;
303353.55690379260341;1.4708622764203482802e-08;
303686.91246082971338;1.3716197067026314471e-08;
304020.26801786682336;1.5208305725877835357e-08;
304353.62357490393333;1.4263343395271022018e-08;
304686.97913194104331;1.4492836264423658577e-08;
305020.33468897815328;1.4224307953725201514e-08;
305353.69024601526326;1.4825515926020216284e-08;
305687.04580305237323;1.4855549679282376019e-08;
306020.40136008948321;1.453506026649620253e-08;
306353.75691712659318;1.4293468630910410866e-08;
306687.11247416370315;1.4309321727523638401e-08;
307020.46803120081313;1.4680923143828294997e-08;
307353.8235882379231;1.4923033475611191534e-08;
307687.17914527503308;1.4521558178159921226e-08;
308020.53470231214305;1.4062634612344027119e-08;
308353.89025934925303;1.4693514849284383672e-08;
308687.245816386363;1.5372586759099249321e-08;
309020.60137342347298;1.4482299803830755991e-08;
309353.95693046058295;1.4107148338382557995e-08;
309687.31248749769293;1.4340878706775583851e-08;
310020.6680445348029;1.4657009828056288825e-08;
310354.02360157191288;1.4654022884030837304e-08;
310687.37915860902285;1.5389638008400652325e-08;
311020.73471564613283;1.3886469751867025479e-08;
311354.0902726832428;1.4637093315172933217e-08;
311687.44582972035278;1.5298716959932789905e-08;
312020.80138675746275;1.4682986382297258388e-08;
312354.15694379457273;1.5151185195350080903e-08;
312687.5125008316827;1.4763088529434753582e-08;
313020.86805786879268;1.514825775927874929e-08;
313354.22361490590265;1.4002977444249609107e-08;
313687.57917194301262;1.4300953310453223821e-08;
314020.9347289801226;1.4710328066769307043e-08;
314354.29028601723257;1.4991481833703801385e-08;
314687.64584305434255;1.5359548299898051482e-08;
315021.00140009145252;1.4964616212864711997e-08;
315354.3569571285625;1.5278788012551558495e-08;
315687.71251416567247;1.4908071221952923224e-08;
316021.06807120278245;1.5487300331074038695e-08;
316354.42362823989242;1.4179823537574520742e-08;
316687.7791852770024;1.5565690958396771748e-08;
317021.13474231411237;1.6508042932628086419e-08;
317354.49029935122235;1.5226216731889508083e-08;
317687.84585638833232;1.4857219454711412254e-08;
318021.2014134254423;1.5331297120724229899e-08;
318354.55697046255227;1.5385312579496712715e-08;
318687.91252749966225;1.6284356973983449279e-08;
319021.26808453677222;1.585918063540248113e-08;
319354.6236415738822;1.6298494998068235873e-08;
319687.97919861099217;1.5954160659248373122e-08;
320021.33475564810215;1.4660331615345967293e-08;
320354.69031268521212;1.4766797562515421305e-08;
320688.0458697223221;1.5263093899875457282e-08;
321021.40142675943207;1.5222873628317756811e-08;
321354.75698379654204;1.6111689760123226733e-08;
321688.11254083365202;1.5684820553474310145e-08;
322021.46809787076199;1.5468973657561946311e-08;
322354.82365490787197;1.5592538815667467134e-08;
322688.17921194498194;1.6138175240598684468e-08;
323021.53476898209192;1.682819750215003296e-08;
323354.89032601920189;1.7011380748499504989e-08;
323688.24588305631187;1.6328328911185963079e-08;
324021.60144009342184;1.5954581655819310981e-08;
324354.95699713053182;1.6149718007341107295e-08;
324688.31255416764179;1.5314366663687906112e-08;
325021.66811120475177;1.57242183718153683e-08;
325355.02366824186174;1.6134773517251232988e-08;
325688.37922527897172;1.6619605247569779749e-08;
326021.73478231608169;1.5948808496091260167e-08;
326355.09033935319167;1.5592730662206122361e-08;
326688.44589639030164;1.5389717944458425336e-08;
327021.80145342741162;1.551676653832601005e-08;
327355.15701046452159;1.5109561601889254234e-08;
327688.51256750163157;1.6592824891858981573e-08;
328021.86812453874154;1.9399607253944850527e-08;
328355.22368157585151;1.7408691377340801409e-08;
328688.57923861296149;1.6662287549706888967e-08;
329021.93479565007146;1.5699928468393409275e-08;
329355.29035268718144;1.6096695532041849219e-08;
329688.64590972429141;1.6058454122003240627e-08;
330022.00146676140139;1.6585422812909200729e-08;
330355.35702379851136;1.6125225599239456642e-08;
330688.71258083562134;1.6428167270987614756e-08;
331022.06813787273131;1.6442026407048615511e-08;
331355.42369490984129;1.622627365804873989e-08;
331688.77925194695126;1.7431613485996422241e-08;
332022.13480898406124;1.7858994283415086102e-08;
332355.49036602117121;1.6802349733779919916e-08;
332688.84592305828119;1.7298789956043947313e-08;
333022.20148009539116;1.6968849436693744792e-08;
333355.55703713250114;1.6827961246690392727e-08;
333688.91259416961111;1.6765227428550133482e-08;
334022.26815120672109;1.7018704667748352222e-08;
334355.62370824383106;1.7769771432085690321e-08;
334688.97926528094104;1.6782053080532932654e-08;
335022.33482231805101;1.617478950777240243e-08;
335355.69037935516099;1.7169753618873073719e-08;
335689.04593639227096;1.7524893536347008194e-08;
336022.40149342938093;1.9167492482097259199e-08;
336355.75705046649091;1.6577615724600036629e-08;
336689.11260750360088;1.7326831525110719667e-08;
337022.46816454071086;1.7211156944085814757e-08;
337355.82372157782083;1.6795826951465642196e-08;
337689.17927861493081;1.6689735815589301637e-08;
338022.53483565204078;1.7452478573432017583e-08;
338355.89039268915076;1.7278987129998313321e-08;
338689.24594972626073;1.7915208871954746428e-08;
339022.60150676337071;1.7711274225007400673e-08;
339355.95706380048068;1.7409302444093555096e-08;
339689.31262083759066;1.6626467314040382917e-08;
340022.66817787470063;1.7797264106889087998e-08;
340356.02373491181061;1.7338706470582110342e-08;
340689.37929194892058;1.8120537959021021379e-08;
341022.73484898603056;1.8191407491485733772e-08;
341356.09040602314053;1.7319010225946840364e-08;
341689.44596306025051;1.7474814484330636333e-08;
342022.80152009736048;1.6412130321441509295e-08;
342356.15707713447046;1.8179939331730565755e-08;
342689.51263417158043;1.8410604596397206478e-08;
343022.8681912086904;1.7856045531061681686e-08;
343356.22374824580038;1.8672450252665839798e-08;
343689.57930528291035;1.9033208786822797265e-08;
344022.93486232002033;1.8370576171378161234e-08;
344356.2904193571303;1.7791792927823735226e-08;
344689.64597639424028;1.8958857594952860381e-08;
345023.00153343135025;1.914615666009922279e-08;
345356.35709046846023;1.8572277937778380874e-08;
345689.7126475055702;1.77398291612007597e-08;
346023.06820454268018;1.9425662856065173401e-08;
346356.42376157979015;1.9051407562642452831e-08;
346689.77931861690013;1.8336494989057428029e-08;
347023.1348756540101;1.814962402590936108e-08;
347356.49043269112008;1.9408641804830040201e-08;
347689.84598972823005;1.9130252937316072348e-08;
348023.20154676534003;1.9430441255963160074e-08;
348356.55710380245;1.9444337695517788234e-08;
348689.91266083955998;1.9519838190262817079e-08;
349023.26821787666995;1.8153226477579664788e-08;
349356.62377491377993;2.0073528617103875149e-08;
349689.9793319508899;1.9813430895965211676e-08;
350023.33488898799988;1.8883538288605450362e-08;
350356.69044602510985;1.8713564031713758595e-08;
350690.04600306221982;1.958998652185073297e-08;
351023.4015600993298;1.9628085823342189542e-08;
351356.75711713643977;1.9012723839750833577e-08;
351690.11267417354975;2.0065350270215276396e-08;
352023.46823121065972;2.1009435968721845711e-08;
352356.8237882477697;1.9660351568973055691e-08;
352690.17934528487967;1.9878521939631355053e-08;
353023.53490232198965;2.0357667551706981612e-08;
353356.89045935909962;2.0018417146161482378e-08;
353690.2460163962096;1.9663564998495530745e-08;
354023.60157343331957;1.9938291018206655281e-08;
354356.95713047042955;1.9569073472780473821e-08;
354690.31268750753952;2.065134019346714922e-08;
355023.6682445446495;1.963367246560210333e-08;
355357.02380158175947;2.044112967780620238e-08;
355690.37935861886945;1.9755422187017757096e-08;
356023.73491565597942;2.0628062813443648338e-08;
356357.0904726930894;2.0693867952559230616e-08;
356690.44602973019937;2.1020179374886538426e-08;
357023.80158676730935;2.0839721059928706381e-08;
357357.15714380441932;2.1387336346379015595e-08;
357690.51270084152929;2.0236969433540252794e-08;
358023.86825787863927;2.1156360219265479827e-08;
358357.22381491574924;2.1950228301648166962e-08;
358690.57937195285922;2.1209277889511213289e-08;
359023.93492898996919;2.0694594482506545319e-08;
359357.29048602707917;2.1220794010901045112e-08;
359690.64604306418914;2.0817767065750558686e-08;
360024.00160010129912;2.1222843926693713001e-08;
360357.35715713840909;2.0770862363406195072e-08;
360690.71271417551907;2.2931377685608822503e-08;
361024.06827121262904;2.1401504568530071992e-08;
361357.42382824973902;2.0884836970935793943e-08;
361690.77938528684899;2.1641467284894133627e-08;
362024.13494232395897;2.1650897963354509557e-08;
362357.49049936106894;2.1717523779329894751e-08;
362690.84605639817892;2.1347771550495053816e-08;
363024.20161343528889;2.2202776506219379371e-08;
363357.55717047239887;2.252702557825614349e-08;
363690.91272750950884;2.255454667476897157e-08;
364024.26828454661882;2.1822579299168864964e-08;
364357.62384158372879;2.1909469793968128215e-08;
364690.97939862083877;2.1815527162516445969e-08;
365024.33495565794874;2.1725345078493774054e-08;
365357.69051269505871;2.3422717987386931782e-08;
365691.04606973216869;2.2077538019971143513e-08;
366024.40162676927866;2.2866609938887449971e-08;
366357.75718380638864;2.3184949071719529456e-08;
366691.11274084349861;2.2415703071487769193e-08;
367024.46829788060859;2.1474001243859675014e-08;
367357.82385491771856;2.3110086289079845301e-08;
367691.17941195482854;2.2900660923141913372e-08;
368024.53496899193851;2.33937686999752259e-08;
368357.89052602904849;2.3330523291065219382e-08;
368691.24608306615846;2.2894989015753708372e-08;
369024.60164010326844;2.2796299958827148657e-08;
369357.95719714037841;2.3390398951050883625e-08;
369691.31275417748839;2.243035623905598186e-08;
370024.66831121459836;2.3489182154889931553e-08;
370358.02386825170834;2.335738535919062997e-08;
370691.37942528881831;2.3676149041307326115e-08;
371024.73498232592829;2.4036983958808377793e-08;
371358.09053936303826;2.2884936612399542355e-08;
371691.44609640014824;2.3998419251824998355e-08;
372024.80165343725821;2.4370500284476293018e-08;
372358.15721047436818;2.3054452569226668857e-08;
372691.51276751147816;2.5633827505089357146e-08;
373024.86832454858813;2.452377856343446183e-08;
373358.22388158569811;2.4237333917653813842e-08;
373691.57943862280808;2.2363115803614164179e-08;
374024.93499565991806;2.4026217460004772875e-08;
374358.29055269702803;2.3990915920535371697e-08;
374691.64610973413801;2.3936861381912422075e-08;
375025.00166677124798;2.2789492959418566898e-08;
375358.35722380835796;2.5299371486653399188e-08;
375691.71278084546793;2.452838820943270548e-08;
376025.06833788257791;2.4945689958144612319e-08;
376358.42389491968788;2.4135827558779965329e-08;
376691.77945195679786;2.4478412186113018834e-08;
377025.13500899390783;2.5332681730105832685e-08;
377358.49056603101781;2.403377408199958154e-08;
377691.84612306812778;2.3775847068918665173e-08;
378025.20168010523776;2.4839428292011689337e-08;
378358.55723714234773;2.474526539231192146e-08;
378691.91279417945771;2.3798621739956615784e-08;
379025.26835121656768;2.4567588852164590207e-08;
379358.62390825367766;2.4927555131171175162e-08;
379691.97946529078763;2.4387203367837173573e-08;
380025.3350223278976;2.5040000295462050417e-08;
380358.69057936500758;2.5519790725070379267e-08;
380692.04613640211755;2.4580929292028486088e-08;
381025.40169343922753;2.5781051959938849905e-08;
381358.7572504763375;2.6136014241728844354e-08;
381692.11280751344748;2.5862886943173180043e-08;
382025.46836455055745;4.6909338635714448174e-08;
382358.82392158766743;2.5104172962642223865e-08;
382692.1794786247774;2.608917881730121735e-08;
383025.53503566188738;2.6054186363921871816e-08;
383358.89059269899735;2.4706128698426255141e-08;
383692.24614973610733;2.6109306716648461588e-08;
384025.6017067732173;2.686911493299248832e-08;
384358.95726381032728;2.6242153339239848719e-08;
384692.31282084743725;2.6517703588524454972e-08;
385025.66837788454723;2.6403490949178376468e-08;
385359.0239349216572;2.4088301131541811628e-08;
385692.37949195876718;2.6343123238348198356e-08;
386025.73504899587715;2.4196960879407924949e-08;
386359.09060603298713;2.5683275950427741918e-08;
386692.4461630700971;2.7113451039895153372e-08;
387025.80172010720707;2.7277462066876978497e-08;
387359.15727714431705;2.4771971141035464825e-08;
387692.51283418142702;2.6617488657620924641e-08;
388025.868391218537;2.6947537534738330578e-08;
388359.22394825564697;2.6035838374127706629e-08;
388692.57950529275695;2.6222384263974163332e-08;
389025.93506232986692;2.6411749232124748232e-08;
389359.2906193669769;2.6736195479770685779e-08;
389692.64617640408687;2.7241211952855337586e-08;
390026.00173344119685;2.5632072464532029699e-08;
390359.35729047830682;2.4621899186172413465e-08;
390692.7128475154168;2.6906525008030257595e-08;
391026.06840455252677;2.6852976731106537045e-08;
391359.42396158963675;2.64264148341908367e-08;
391692.77951862674672;2.8553859721114349668e-08;
392026.1350756638567;2.6804386266121582594e-08;
392359.49063270096667;2.6072546788213912805e-08;
392692.84618973807665;2.5988223129047582916e-08;
393026.20174677518662;2.6895845550711783289e-08;
393359.5573038122966;2.59122288071012008e-08;
393692.91286084940657;2.6879643399979613605e-08;
394026.26841788651654;2.6278136999735579593e-08;
394359.62397492362652;2.600343051994968846e-08;
394692.97953196073649;2.682492450389872829e-08;
395026.33508899784647;2.7606382957401365275e-08;
395359.69064603495644;2.6175024814278913254e-08;
395693.04620307206642;2.5902489042550769227e-08;
396026.40176010917639;2.6489953341979344259e-08;
396359.75731714628637;2.6941336273011984304e-08;
396693.11287418339634;2.6465254876484323177e-08;
397026.46843122050632;2.5552989058041930548e-08;
397359.82398825761629;2.4892939265441782482e-08;
397693.17954529472627;2.7195930840662185801e-08;
398026.53510233183624;2.6581414402926384355e-08;
398359.89065936894622;2.5041186901830769784e-08;
398693.24621640605619;2.6672674735550572223e-08;
399026.60177344316617;2.7225041776546277106e-08;
399359.95733048027614;2.495612250186240999e-08;
399693.31288751738612;2.7203910235584771726e-08;
400026.66844455449609;2.7829102577925368678e-08;
400360.02400159160607;2.7156161763741692994e-08;
400693.37955862871604;2.329603887574194232e-08;
401026.73511566582602;2.6237728434352902696e-08;
401360.09067270293599;2.7701796412316070928e-08;
401693.44622974004596;2.5420638039008736087e-08;
402026.80178677715594;2.8083450231974893541e-08;
402360.15734381426591;2.4635831152863829629e-08;
402693.51290085137589;2.7570953520239527279e-08;
403026.86845788848586;2.6479623826958231803e-08;
403360.22401492559584;2.6520451612555007159e-08;
403693.57957196270581;2.6276566700289549772e-08;
404026.93512899981579;2.5156930760772411304e-08;
404360.29068603692576;2.6835293098770307552e-08;
404693.64624307403574;2.6963922650224958488e-08;
405027.00180011114571;2.4915120633295373409e-08;
405360.35735714825569;2.7062295515634104959e-08;
405693.71291418536566;2.673187360358042497e-08;
406027.06847122247564;2.4929086350766738178e-08;
406360.42402825958561;2.6141156794778908079e-08;
406693.77958529669559;2.5802846082001451578e-08;
407027.13514233380556;2.6754612747481587576e-08;
407360.49069937091554;2.7732033558436341991e-08;
407693.84625640802551;2.6863169466651015682e-08;
408027.20181344513549;2.6553877319202001672e-08;
408360.55737048224546;2.5998406982807864551e-08;
408693.91292751935543;2.5597918451580881083e-08;
409027.26848455646541;2.6065494651561493811e-08;
409360.62404159357538;2.6088720517236652086e-08;
409693.97959863068536;2.5699838701598309854e-08;
410027.33515566779533;2.569243662264852901e-08;
410360.69071270490531;2.58257024654540146e-08;
410694.04626974201528;2.6973776101613111678e-08;
411027.40182677912526;2.5786306423469795845e-08;
411360.75738381623523;2.4730402614636659564e-08;
411694.11294085334521;2.6511088435654528439e-08;
412027.46849789045518;2.6211514736473873199e-08;
412360.82405492756516;2.5214758281322247058e-08;
412694.17961196467513;2.5375930690074710583e-08;
413027.53516900178511;2.5082089294414799951e-08;
413360.89072603889508;2.5901215394696919248e-08;
413694.24628307600506;2.4643926010980976571e-08;
414027.60184011311503;2.7776060562700877199e-08;
414360.95739715022501;2.5795548808105195349e-08;
414694.31295418733498;2.6287047205642011249e-08;
415027.66851122444496;2.6532754660024693294e-08;
415361.02406826155493;2.5469002906675086706e-08;
415694.37962529866491;2.4164931389236699033e-08;
416027.73518233577488;2.6464139324389179819e-08;
416361.09073937288485;2.6375259309929788287e-08;
416694.44629640999483;2.7489848619666190643e-08;
417027.8018534471048;2.3369164381392693031e-08;
417361.15741048421478;2.7813316094693618652e-08;
417694.51296752132475;2.635173146359193197e-08;
418027.86852455843473;2.4993152436536547611e-08;
418361.2240815955447;2.5002593773137959943e-08;
418694.57963863265468;2.5034282202796021011e-08;
419027.93519566976465;2.5079399890159947972e-08;
419361.29075270687463;2.5238733769583632238e-08;
419694.6463097439846;2.5061828168304600695e-08;
420028.00186678109458;2.5677591608541661117e-08;
420361.35742381820455;2.4301115786329319235e-08;
420694.71298085531453;2.6278229370291228406e-08;
421028.0685378924245;2.4373969509383641707e-08;
421361.42409492953448;2.5315642915302305482e-08;
421694.77965196664445;2.493697159877683589e-08;
422028.13520900375443;2.5492235877777602582e-08;
422361.4907660408644;2.3560513540132888011e-08;
422694.84632307797438;2.5612177267930746893e-08;
423028.20188011508435;2.5578049900332189281e-08;
423361.55743715219432;2.3839669793801476771e-08;
423694.9129941893043;2.4729533976142192842e-08;
424028.26855122641427;2.484824435100563278e-08;
424361.62410826352425;2.5628153821344312746e-08;
424694.97966530063422;2.4851431135175516829e-08;
425028.3352223377442;2.4372555529339479108e-08;
425361.69077937485417;2.4794566400032636011e-08;
425695.04633641196415;2.5099851086451963056e-08;
426028.40189344907412;2.3616122390990312851e-08;
426361.7574504861841;2.3720277297911707137e-08;
426695.11300752329407;2.4360142347745750158e-08;
427028.46856456040405;2.4290743638744061172e-08;
427361.82412159751402;2.5400773040473723086e-08;
427695.179678634624;2.1851811027318035485e-08;
428028.53523567173397;2.5112113277714342985e-08;
428361.89079270884395;2.513811026005896565e-08;
428695.24634974595392;2.454619085767717479e-08;
429028.6019067830639;2.4889136085448626545e-08;
429361.95746382017387;2.298114232246462052e-08;
429695.31302085728385;2.3694788353623152943e-08;
430028.66857789439382;2.305696256144074141e-08;
430362.0241349315038;2.6471903780134198314e-08;
430695.37969196861377;2.5355076260780151642e-08;
431028.73524900572374;2.6322490853658564447e-08;
431362.09080604283372;2.3425680950595051399e-08;
431695.44636307994369;2.434136270323961071e-08;
432028.80192011705367;2.4197046144536216161e-08;
432362.15747715416364;2.3553766936856845859e-08;
432695.51303419127362;2.4293132838693054509e-08;
433028.86859122838359;2.1874663858056919707e-08;
433362.22414826549357;2.4328366876602558477e-08;
433695.57970530260354;2.4301925805048085749e-08;
434028.93526233971352;2.4428537415133178001e-08;
434362.29081937682349;2.4248535623883071821e-08;
434695.64637641393347;2.4164124923231611319e-08;
435029.00193345104344;2.3008650984479572799e-08;
435362.35749048815342;2.2479072825376533729e-08;
435695.71304752526339;2.3283805106188992795e-08;
436029.06860456237337;2.4055358593955133983e-08;
436362.42416159948334;2.2445217240374404355e-08;
436695.77971863659332;2.2472478988788679999e-08;
437029.13527567370329;2.299248968995470932e-08;
437362.49083271081327;2.3372653146225275123e-08;
437695.84638974792324;2.3027251216944932821e-08;
438029.20194678503321;2.3711528740477660904e-08;
438362.55750382214319;2.3587306330341561988e-08;
438695.91306085925316;2.2628324103379782173e-08;
439029.26861789636314;2.4411850318983852048e-08;
439362.62417493347311;2.2172686797716778528e-08;
439695.97973197058309;2.2421964729346655076e-08;
440029.33528900769306;2.4688905142511430313e-08;
440362.69084604480304;2.2911967434424695966e-08;
440696.04640308191301;2.3241632618464791449e-08;
441029.40196011902299;2.2472045557719866338e-08;
441362.75751715613296;2.2407119715239787183e-08;
441696.11307419324294;2.3252658465366948803e-08;
442029.46863123035291;2.3888803823979287699e-08;
442362.82418826746289;2.3553809569420991465e-08;
442696.17974530457286;2.258043352298955142e-08;
443029.53530234168284;2.2380879372008166683e-08;
443362.89085937879281;2.2650237241350623663e-08;
443696.24641641590279;2.2063153082285680284e-08;
444029.60197345301276;2.2066796390163290198e-08;
444362.95753049012274;2.3067578069912997307e-08;
444696.31308752723271;2.15455315810686443e-08;
445029.66864456434269;2.2362016238730575424e-08;
445363.02420160145266;2.2873681615465102368e-08;
445696.37975863856263;2.2656804432585886389e-08;
446029.73531567567261;2.1869324129397682555e-08;
446363.09087271278258;2.2702822732867389277e-08;
446696.44642974989256;2.234603257988965197e-08;
447029.80198678700253;2.1617642786964097468e-08;
447363.15754382411251;2.2903154928144431324e-08;
447696.51310086122248;2.1829634988534962758e-08;
448029.86865789833246;2.0398513100872150972e-08;
448363.22421493544243;2.2292942603030496684e-08;
448696.57977197255241;2.2447030900707432011e-08;
449029.93532900966238;2.228432904871624487e-08;
449363.29088604677236;2.3070981569617288187e-08;
449696.64644308388233;2.1493136159733694512e-08;
450030.00200012099231;2.2902753471498726867e-08;
450363.35755715810228;2.1670381045169051504e-08;
450696.71311419521226;2.1573368869098885625e-08;
451030.06867123232223;2.2205702165933871584e-08;
451363.42422826943221;2.2406805300079213339e-08;
451696.77978530654218;2.1059468835460393166e-08;
452030.13534234365216;2.1864098087576167018e-08;
452363.49089938076213;2.1446066256203266676e-08;
452696.8464564178721;2.1977392350436275592e-08;
453030.20201345498208;2.1787759152402941254e-08;
453363.55757049209205;2.1553027806930913357e-08;
453696.91312752920203;2.1673159267265873495e-08;
454030.268684566312;2.2133885835273758858e-08;
454363.62424160342198;2.1695862884030248097e-08;
454696.97979864053195;2.1891002788265723211e-08;
455030.33535567764193;2.146460964524976589e-08;
455363.6909127147519;2.2583568792811092862e-08;
455697.04646975186188;2.0308231540866472642e-08;
456030.40202678897185;2.0826618651881290134e-08;
456363.75758382608183;2.1256610693853872363e-08;
456697.1131408631918;2.1334725985866498377e-08;
457030.46869790030178;2.1583717924045231484e-08;
457363.82425493741175;2.0485957819005307101e-08;
457697.17981197452173;2.1295184282621448801e-08;
458030.5353690116317;2.1847972320188091544e-08;
458363.89092604874168;2.2097482954563929525e-08;
458697.24648308585165;2.0334862682602761197e-08;
459030.60204012296163;2.0930784216943720821e-08;
459363.9575971600716;2.0150055846102077339e-08;
459697.31315419718158;2.1775477421215327922e-08;
460030.66871123429155;2.0761486752007840551e-08;
460364.02426827140152;2.1651391790555862826e-08;
460697.3798253085115;2.169319479605746892e-08;
461030.73538234562147;2.2629079055036527279e-08;
461364.09093938273145;2.0087075114361141459e-08;
461697.44649641984142;2.075481297936221381e-08;
462030.8020534569514;2.1163051755479500571e-08;
462364.15761049406137;2.073659111090364604e-08;
462697.51316753117135;2.0492437968755439215e-08;
463030.86872456828132;2.10746051720889227e-08;
463364.2242816053913;2.0100348052665140131e-08;
463697.57983864250127;2.0886597340563639591e-08;
464030.93539567961125;2.1616617829067763523e-08;
464364.29095271672122;1.951041106451611995e-08;
464697.6465097538312;2.1041570263946596242e-08;
465031.00206679094117;2.2324099901993577078e-08;
465364.35762382805115;2.0730690053483158408e-08;
465697.71318086516112;2.027027257156532869e-08;
466031.0687379022711;2.0046782012173025578e-08;
466364.42429493938107;2.1100129643514264899e-08;
466697.77985197649105;1.9719015753594248963e-08;
467031.13540901360102;2.0378562837208846759e-08;
467364.49096605071099;2.1237575253962859279e-08;
467697.84652308782097;2.0488945651209178322e-08;
468031.20208012493094;2.0257242994148327853e-08;
468364.55763716204092;2.0172228332171471266e-08;
468697.91319419915089;2.0546183421288333193e-08;
469031.26875123626087;2.1836921604290182586e-08;
469364.62430827337084;2.0944835199543376802e-08;
469697.97986531048082;2.0266746503239119193e-08;
470031.33542234759079;2.0537378020435426151e-08;
470364.69097938470077;1.9501912973396429152e-08;
470698.04653642181074;2.1219674906092222955e-08;
471031.40209345892072;2.062878756703412364e-08;
471364.75765049603069;2.0250197962923266459e-08;
471698.11320753314067;1.9743730206300824648e-08;
472031.46876457025064;1.9883096058492810698e-08;
472364.82432160736062;2.098822449170256732e-08;
472698.17987864447059;1.8819191538455015689e-08;
473031.53543568158057;2.057609016503647581e-08;
473364.89099271869054;1.9801634110194754612e-08;
473698.24654975580052;1.9484755142684662133e-08;
474031.60210679291049;2.0217177265635655203e-08;
474364.95766383002046;2.000070153940214368e-08;
474698.31322086713044;2.1085085677441384178e-08;
475031.66877790424041;2.0606440997994468489e-08;
475365.02433494135039;1.8950601088363328017e-08;
475698.37989197846036;1.9124776429180201376e-08;
476031.73544901557034;1.9307471177398838336e-08;
476365.09100605268031;1.9238605375448969426e-08;
476698.44656308979029;1.9814301310816517798e-08;
477031.80212012690026;1.9345904433976102155e-08;
477365.15767716401024;1.9800138417735979601e-08;
477698.51323420112021;2.000913568167561607e-08;
478031.86879123823019;1.9050167665568551456e-08;
478365.22434827534016;1.9274157381232726038e-08;
478698.57990531245014;1.9047391219828568865e-08;
479031.93546234956011;2.0346691442796327465e-08;
479365.29101938667009;2.0482179508007902768e-08;
479698.64657642378006;1.9623637825816331315e-08;
480032.00213346089004;1.9456638966630634968e-08;
480365.35769049800001;2.0035374248550397169e-08;
480698.71324753510999;1.9635983505850163056e-08;
481032.06880457221996;1.9932372197217773646e-08;
481365.42436160932994;1.9391396932633142569e-08;
481698.77991864643991;1.9735269418674761255e-08;
482032.13547568354988;1.9731629663510830142e-08;
482365.49103272065986;1.9295535835794908053e-08;
482698.84658975776983;1.835409157990852691e-08;
483032.20214679487981;1.9668124906502271187e-08;
483365.55770383198978;2.0087533414425706724e-08;
483698.91326086909976;2.0606622186392087315e-08;
484032.26881790620973;1.9679736951161430625e-08;
484365.62437494331971;1.9237015536077706201e-08;
484698.97993198042968;1.9279305263353307964e-08;
485032.33548901753966;1.8789263478424800269e-08;
485365.69104605464963;1.9152615493567282101e-08;
485699.04660309175961;1.8695820003244989493e-08;
486032.40216012886958;1.9405129947358545905e-08;
486365.75771716597956;1.9385197447263635695e-08;
486699.11327420308953;1.9142758489465450111e-08;
487032.46883124019951;1.9200822265474926098e-08;
487365.82438827730948;1.8390529987755144248e-08;
487699.17994531441946;1.8881813446114392718e-08;
488032.53550235152943;1.8563895309853251092e-08;
488365.89105938863941;1.9537814921477547614e-08;
488699.24661642574938;2.048268399335029244e-08;
489032.60217346285935;1.9602207856905806693e-08;
489365.95773049996933;1.9759449187972677464e-08;
489699.3132875370793;1.9437097265040392813e-08;
490032.66884457418928;1.861905829514398647e-08;
490366.02440161129925;1.8835464743460761383e-08;
490699.37995864840923;1.8115031252818880603e-08;
491032.7355156855192;1.9061918266061184113e-08;
491366.09107272262918;1.9666709150101269188e-08;
491699.44662975973915;1.9073006285452720476e-08;
492032.80218679684913;1.8725435424471470469e-08;
492366.1577438339591;1.9557216290877477149e-08;
492699.51330087106908;1.8741264540267366101e-08;
493032.86885790817905;1.8259509459994660574e-08;
493366.22441494528903;1.9829727193609869573e-08;
493699.579971982399;1.9608958012895527645e-08;
494032.93552901950898;1.8356896447357939905e-08;
494366.29108605661895;1.8201477658408293792e-08;
494699.64664309372893;1.7575919386558780388e-08;
495033.0022001308389;1.7793512441244274669e-08;
495366.35775716794888;1.9432352615922354744e-08;
495699.71331420505885;1.9851231769507649005e-08;
496033.06887124216883;1.7791043305237508321e-08;
496366.4244282792788;1.9374541082584073592e-08;
496699.77998531638877;1.950629702207606897e-08;
497033.13554235349875;1.8145925650969729759e-08;
497366.49109939060872;1.9778481075150011748e-08;
497699.8466564277187;1.761947743261771393e-08;
498033.20221346482867;1.8213953012491401751e-08;
498366.55777050193865;1.8487122943611211667e-08;
498699.91332753904862;1.7886435443870141171e-08;
499033.2688845761586;1.8451919103767977504e-08;
499366.62444161326857;1.9286215291458574939e-08;
499699.97999865037855;1.8669924273240212642e-08;
500033.33555568748852;1.8713958382932105451e-08;
500366.6911127245985;1.7945826158438649145e-08;
500700.04666976170847;1.7587717948686076852e-08;
501033.40222679881845;1.8780287547315310803e-08;
501366.75778383592842;1.9374610360500810202e-08;
501700.1133408730384;1.8628972142664679268e-08;
502033.46889791014837;1.7109295313844086195e-08;
502366.82445494725835;1.7690874543063728197e-08;
502700.18001198436832;1.8857281958162275259e-08;
503033.5355690214783;2.0620960938799726136e-08;
503366.89112605858827;1.9510238757902698126e-08;
503700.24668309569824;1.8233576426496256317e-08;
504033.60224013280822;1.8080376307239021116e-08;
504366.95779716991819;1.7855386502674264193e-08;
504700.31335420702817;1.8336399065788100415e-08;
505033.66891124413814;1.8757932096491458651e-08;
505367.02446828124812;1.9187302413570250792e-08;
505700.38002531835809;1.9405641538128293178e-08;
506033.73558235546807;1.7865426471530554409e-08;
506367.09113939257804;1.9013258523159493052e-08;
506700.44669642968802;1.7825675158178455604e-08;
507033.80225346679799;1.8178566207893709361e-08;
507367.15781050390797;1.7831844445481692674e-08;
507700.51336754101794;1.8682424496319072205e-08;
508033.86892457812792;1.7403952057293281541e-08;
508367.22448161523789;1.8154597825059681782e-08;
508700.58003865234787;1.8377805943714520254e-08;
509033.93559568945784;1.7482090441944819759e-08;
509367.29115272656782;1.7662026507991868129e-08;
509700.64670976367779;1.7817754383031569887e-08;
510034.00226680078777;1.70355747286521364e-08;
510367.35782383789774;1.8862186479395859351e-08;
510700.71338087500772;1.8068565310613848851e-08;
511034.06893791211769;1.9275613993841034244e-08;
511367.42449494922766;1.8239086685412075894e-08;
511700.78005198633764;1.860692755428772216e-08;
512034.13560902344761;1.7906870652950601652e-08;
512367.49116606055759;1.8071549590104041272e-08;
512700.84672309766756;1.8957326375357297366e-08;
513034.20228013477754;1.7302467014701505832e-08;
513367.55783717188751;1.8463559570136567345e-08;
513700.91339420899749;1.817898187539412902e-08;
514034.26895124610746;1.7462967960568676062e-08;
514367.62450828321744;1.8435621029766480206e-08;
514700.98006532032741;1.7762531001608294901e-08;
515034.33562235743739;1.7186593481710588094e-08;
515367.69117939454736;1.8213599517480361101e-08;
515701.04673643165734;1.8658711908869918261e-08;
516034.40229346876731;1.8775173415974677482e-08;
516367.75785050587729;1.7418388509327087377e-08;
516701.11340754298726;1.764813184479407937e-08;
517034.46896458009724;1.8116462996431437205e-08;
517367.82452161720721;1.8218464958863478387e-08;
517701.18007865431719;1.7704772758975195757e-08;
518034.53563569142716;1.801579152527210681e-08;
518367.89119272853713;1.7709780308905465063e-08;
518701.24674976564711;1.7736244473098849994e-08;
519034.60230680275708;1.7157361753561417572e-08;
519367.95786383986706;1.7005017838300773292e-08;
519701.31342087697703;1.8769897636161658738e-08;
520034.66897791408701;1.7881282232679041044e-08;
520368.02453495119698;1.8291228087718991446e-08;
520701.38009198830696;1.7114825112685139175e-08;
521034.73564902541693;1.6406104919042263646e-08;
521368.09120606252691;1.8512341881660177023e-08;
521701.44676309963688;1.8487773090214432159e-08;
522034.80232013674686;1.8917637234494577569e-08;
522368.15787717385683;1.8159159509423261625e-08;
522701.51343421096681;1.7644753214085540094e-08;
523034.86899124807678;1.7882067382402055955e-08;
523368.22454828518676;1.7709501420881679223e-08;
523701.58010532229673;1.7622449277610030549e-08;
524034.93566235940671;1.8451919103767977504e-08;
524368.29121939651668;1.720245101921591413e-08;
524701.64677643368486;1.662337290042614768e-08;
525035.00233347085305;1.8023674996925365122e-08;
525368.35789050802123;1.7196500223803923291e-08;
525701.71344754518941;1.7395974438727535016e-08;
526035.06900458235759;1.8175500215988904529e-08;
526368.42456161952578;1.7358516402055101935e-08;
526701.78011865669396;1.7602214796852422296e-08;
527035.13567569386214;1.6867234720052692865e-08;
527368.49123273103032;1.6750508535778863006e-08;
527701.84678976819851;1.7207680613751108467e-08;
528035.20234680536669;1.7860751100329252949e-08;
528368.55790384253487;1.7126556173252538429e-08;
528701.91346087970305;1.7724346434988547117e-08;
529035.26901791687123;1.8334691986865436775e-08;
529368.62457495403942;1.6820452586330247868e-08;
529701.9801319912076;1.7759223425173331634e-08;
530035.33568902837578;1.808472838149555173e-08;
530368.69124606554396;1.6866346541632992739e-08;
530702.04680310271215;1.688585449244328629e-08;
531035.40236013988033;1.7404838459356142266e-08;
531368.75791717704851;1.7689911757656773261e-08;
531702.11347421421669;1.7942390684311249061e-08;
532035.46903125138488;1.8125822620618237124e-08;
532368.82458828855306;1.7545286112863323069e-08;
532702.18014532572124;1.8122097600326014799e-08;
533035.53570236288942;1.7060521884104673518e-08;
533368.89125940005761;1.650975534062126826e-08;
533702.24681643722579;1.687571149489031086e-08;
534035.60237347439397;1.6814633241324372648e-08;
534368.95793051156215;1.7130979301782645052e-08;
534702.31348754873034;1.6887959475297975587e-08;
535035.66904458589852;1.7306723165688708832e-08;
535369.0246016230667;1.7541649910413070756e-08;
535702.38015866023488;1.7047788958279852523e-08;
536035.73571569740307;1.7526771145526254259e-08;
536369.09127273457125;1.7519136363830511982e-08;
536702.44682977173943;1.741670629940017534e-08;
537035.80238680890761;1.6940226998940488556e-08;
537369.1579438460758;1.7655017003903594741e-08;
537702.51350088324398;1.6446445982865043334e-08;
538035.86905792041216;1.7288066089804488001e-08;
538369.22461495758034;1.7147117503668596328e-08;
538702.58017199474853;1.7344891745096902014e-08;
539035.93572903191671;1.7415604958159747184e-08;
539369.29128606908489;1.654564130149083212e-08;
539702.64684310625307;1.7269247365447881748e-08;
540036.00240014342126;1.697791418564520427e-08;
540369.35795718058944;1.6982060202508364455e-08;
540702.71351421775762;1.7106680516576489026e-08;
541036.0690712549258;1.8334047169332734484e-08;
541369.42462829209398;1.6939214475542030414e-08;
541702.78018532926217;1.7912345384729633224e-08;
542036.13574236643035;1.7597082901943394972e-08;
542369.49129940359853;1.6517239131985661516e-08;
542702.84685644076671;1.6362298183025814069e-08;
543036.2024134779349;1.7049167411187227117e-08;
543369.55797051510308;1.7152840925405143935e-08;
543702.91352755227126;1.7318372513841495675e-08;
544036.26908458943944;1.7231851501264827675e-08;
544369.62464162660763;1.6883689113456057385e-08;
544702.98019866377581;1.5502108041687279183e-08;
545036.33575570094399;1.7938608820600165927e-08;
545369.69131273811217;1.6305367722679875442e-08;
545703.04686977528036;1.6083044229731058294e-08;
546036.40242681244854;1.6633274313448964676e-08;
546369.75798384961672;1.7224133230797633587e-08;
546703.1135408867849;1.7973496468925986846e-08;
547036.46909792395309;1.6085021314893310773e-08;
547369.82465496112127;1.7371695193446612393e-08;
547703.18021199828945;1.6547211600936861942e-08;
548036.53576903545763;1.7464072854522783018e-08;
548369.89132607262582;1.7574405930531611375e-08;
548703.246883109794;1.683032557764363446e-08;
549036.60244014696218;1.7215239012102756533e-08;
549369.95799718413036;1.6695015148115999182e-08;
549703.31355422129855;1.7872363144988412387e-08;
550036.66911125846673;1.7425090703682144522e-08;
550370.02466829563491;1.6546628955893538659e-08;
550703.38022533280309;1.6757779164322528231e-08;
551036.73578236997128;1.7000417074086726643e-08;
551370.09133940713946;1.63944360309642434e-08;
551703.44689644430764;1.706663788070272858e-08;
552036.80245348147582;1.6128483437682916701e-08;
552370.15801051864401;1.6772032651601875841e-08;
552703.51356755581219;1.6371986433227903035e-08;
553036.86912459298037;1.7109986316654612892e-08;
553370.22468163014855;1.6942399483355075063e-08;
553703.58023866731673;1.6852544248990852793e-08;
554036.93579570448492;1.7302133059615698585e-08;
554370.2913527416531;1.6869636354499562003e-08;
554703.64690977882128;1.7403003482741041807e-08;
555037.00246681598946;1.7068316537915961817e-08;
555370.35802385315765;1.6829408977514503931e-08;
555703.71358089032583;1.626237278173903178e-08;
556037.06913792749401;1.7559038667513959808e-08;
556370.42469496466219;1.6803706870405221707e-08;
556703.78025200183038;1.5766206118428272021e-08;
557037.13580903899856;1.6329188667896232801e-08;
557370.49136607616674;1.5592430457900263718e-08;
557703.84692311333492;1.7509199423670906981e-08;
558037.20248015050311;1.6806245284328724665e-08;
558370.55803718767129;1.6405413916231736948e-08;
558703.91359422483947;1.6092680965584804653e-08;
559037.26915126200765;1.6366408672752186249e-08;
559370.62470829917584;1.7451375455834750028e-08;
559703.98026533634402;1.6986655637651892903e-08;
560037.3358223735122;1.7212185454695827502e-08;
560370.69137941068038;1.6279436465538310586e-08;
560704.04693644784857;1.6983522144187190861e-08;
561037.40249348501675;1.6767968347153328068e-08;
561370.75805052218493;1.612386490990047605e-08;
561704.11360755935311;1.6834022176226426382e-08;
562037.4691645965213;1.6732833785226830514e-08;
562370.82472163368948;1.6921042345074965851e-08;
562704.18027867085766;1.6671362956799384847e-08;
563037.53583570802584;1.7679845143447892042e-08;
563370.89139274519403;1.6846328776409791317e-08;
563704.24694978236221;1.5784024753884295933e-08;
564037.60250681953039;1.6162037042022348032e-08;
564370.95806385669857;1.5607804826345272886e-08;
564704.31362089386676;1.6611432229751699197e-08;
565037.66917793103494;1.6069035879695547919e-08;
565371.02473496820312;1.7048538580866079428e-08;
565704.3802920053713;1.6280582215699723747e-08;
566037.73584904253948;1.7218900083548760449e-08;
566371.09140607970767;1.6654853496333998919e-08;
566704.44696311687585;1.7426684095767086546e-08;
567037.80252015404403;1.6395329538454461726e-08;
567371.15807719121221;1.6091126653350329434e-08;
567704.5136342283804;1.6525191881555656437e-08;
568037.86919126554858;1.7367881355312420055e-08;
568371.22474830271676;1.6527049950809669099e-08;
568704.58030533988494;1.7544453001505644352e-08;
569037.93586237705313;1.6519908996315280092e-08;
569371.29141941422131;1.6941536173931126541e-08;
569704.64697645138949;1.5090197535982952104e-08;
570038.00253348855767;1.5938361741518747294e-08;
570371.35809052572586;1.6431053850851640163e-08;
570704.71364756289404;1.7208012792480076314e-08;
571038.06920460006222;1.7537551855184574379e-08;
571371.4247616372304;1.5657649399258843914e-08;
571704.78031867439859;1.6823614501504380314e-08;
572038.13587571156677;1.6561402915726830543e-08;
572371.49143274873495;1.5826868704493790574e-08;
572704.84698978590313;1.592294118779591372e-08;
573038.20254682307132;1.6502795574524498079e-08;
573371.5581038602395;1.6564632332460860198e-08;
573704.91366089740768;1.5804085151671642961e-08;
574038.26921793457586;1.6348534970234140928e-08;
574371.62477497174405;1.4867454822820036497e-08;
574704.98033200891223;1.6356262122485532018e-08;
575038.33588904608041;1.6055379248314238794e-08;
575371.69144608324859;1.729067733435840637e-08;
575705.04700312041678;1.6664483126760387677e-08;
576038.40256015758496;1.6897308441343739105e-08;
576371.75811719475314;1.8885263131096508005e-08;
576705.11367423192132;1.5966021393865048594e-08;
577038.46923126908951;1.6152272408476164856e-08;
577371.82478830625769;1.6303335570455601555e-08;
577705.18034534342587;1.5372478401332045905e-08;
578038.53590238059405;1.6838724192780318845e-08;
578371.89145941776223;1.5672977582426028675e-08;
578705.24701645493042;1.5694164190449555463e-08;
579038.6025734920986;1.6651958034685776511e-08;
579371.95813052926678;1.6573743266690144083e-08;
579705.31368756643496;1.7011441144632044598e-08;
580038.66924460360315;1.6800372648617667437e-08;
580372.02480164077133;1.5543939468898315681e-08;
580705.38035867793951;1.6507087252648489084e-08;
581038.73591571510769;1.5944019438052237092e-08;
581372.09147275227588;1.6302847072324766486e-08;
581705.44702978944406;1.6183713924533549289e-08;
582038.80258682661224;1.6736684926854650257e-08;
582372.15814386378042;1.6309236627876089187e-08;
582705.51370090094861;1.5723443880233389791e-08;
583038.86925793811679;1.5674189057790499646e-08;
583372.22481497528497;1.5795814434227395395e-08;
583705.58037201245315;1.5129668184954425669e-08;
584038.93592904962134;1.6038127270689983561e-08;
584372.29148608678952;1.7431306176263205998e-08;
584705.6470431239577;1.6132620572761879885e-08;
585039.00260016112588;1.6282669434986019041e-08;
585372.35815719829407;1.5958057986154017271e-08;
585705.71371423546225;1.5523909269177238457e-08;
586039.06927127263043;1.6231147981216054177e-08;
586372.42482830979861;1.6325861551536036131e-08;
586705.7803853469668;1.6358589149945146346e-08;
587039.13594238413498;1.6322678320079830883e-08;
587372.49149942130316;1.5937885677885788027e-08;
587705.84705645847134;1.6782083278599202458e-08;
588039.20261349563953;1.6067680519427085528e-08;
588372.55817053280771;1.7250357586817699485e-08;
588705.91372756997589;1.6567543781320637208e-08;
589039.26928460714407;1.6771709354657104996e-08;
589372.62484164431226;1.603350696655070351e-08;
589705.98039868148044;1.6872302666115501779e-08;
590039.33595571864862;1.5284477683508157497e-08;
590372.6915127558168;1.6161212812448866316e-08;
590706.04706979298498;1.5547817255878726428e-08;
591039.40262683015317;1.5621218096839584177e-08;
591372.75818386732135;1.5194819624753108656e-08;
591706.11374090448953;1.5826923771555811982e-08;
592039.46929794165771;1.6345117259675134846e-08;
592372.8248549788259;1.4915825019556905318e-08;
592706.18041201599408;1.6989938345091104566e-08;
593039.53596905316226;1.5652890539286090643e-08;
593372.89152609033044;1.5597827029978361679e-08;
593706.24708312749863;1.6498736599146468507e-08;
594039.60264016466681;1.6962500737349728297e-08;
594372.95819720183499;1.7014400555126485415e-08;
594706.31375423900317;1.6642598410498976591e-08;
595039.66931127617136;1.6889442733258874796e-08;
595373.02486831333954;1.5992856816637868178e-08;
595706.38042535050772;1.6277436287737145904e-08;
596039.7359823876759;1.6809227787462077686e-08;
596373.09153942484409;1.6774420075194029778e-08;
596706.44709646201227;2.8181650790770618187e-08;
597039.80265349918045;1.8647634547619418299e-08;
597373.15821053634863;1.5506902428796820459e-08;
597706.51376757351682;1.5550522647345133009e-08;
598039.869324610685;1.5651846041464523296e-08;
598373.22488164785318;1.7374992111740539258e-08;
598706.58043868502136;1.6802466973331320332e-08;
599039.93599572218955;1.6707424776996049332e-08;
599373.29155275935773;1.5992240420814596291e-08;
599706.64710979652591;1.5721649759825595538e-08;
600040.00266683369409;1.5522982010907071526e-08;
600373.35822387086228;1.5840608824646551511e-08;
600706.71378090803046;1.6599356555957456294e-08;
601040.06933794519864;1.5387014329348858155e-08;
601373.42489498236682;1.6179876993760444748e-08;
601706.78045201953501;1.615428679713204474e-08;
602040.13600905670319;1.6732391472373819852e-08;
602373.49156609387137;1.6248295153786784795e-08;
602706.84712313103955;1.5975700762282940559e-08;
603040.20268016820773;1.6381681788857349602e-08;
603373.55823720537592;1.5867067659769418242e-08;
603706.9137942425441;1.7207801406016187684e-08;
604040.26935127971228;1.7109865524389533675e-08;
604373.62490831688046;1.662933080126549612e-08;
604706.98046535404865;1.6886744447219825815e-08;
605040.33602239121683;1.6948293435348205094e-08;
605373.69157942838501;1.676684746598766651e-08;
605707.04713646555319;1.816713712798900815e-08;
606040.40269350272138;1.9107044835209308076e-08;
606373.75825053988956;2.0073953166388491809e-08;
606707.11380757705774;1.8740211160661601753e-08;
607040.46936461422592;1.8490110775815082889e-08;
607373.82492165139411;1.8457981809660850558e-08;
607707.18047868856229;1.7170206589867120783e-08;
608040.53603572573047;1.7302953736475501501e-08;
608373.89159276289865;1.7400314078486189828e-08;
608707.24714980006684;1.7914956629283551592e-08;
609040.60270683723502;1.7643047911519715854e-08;
609373.9582638744032;1.62582587392989808e-08;
609707.31382091157138;1.8884698249621578725e-08;
610040.66937794873957;1.6601221730638826557e-08;
610374.02493498590775;1.7030219012781344645e-08;
610707.38049202307593;1.6587957674119024887e-08;
611040.73604906024411;1.6520518286711194378e-08;
611374.0916060974123;1.6484657194837382121e-08;
611707.44716313458048;1.8076914187759030028e-08;
612040.80272017174866;1.658932724524220248e-08;
612374.15827720891684;1.6199500407765299315e-08;
612707.51383424608503;1.6035901495570215047e-08;
613040.86939128325321;1.7464470758454808674e-08;
613374.22494832042139;1.677223870899524627e-08;
613707.58050535758957;1.5743953696301105083e-08;
614040.93606239475776;1.5565937871997448383e-08;
614374.29161943192594;1.5102077810524860979e-08;
614707.64717646909412;1.7282903996829190874e-08;
615041.0027335062623;1.6007895453640230699e-08;
615374.35829054343048;1.6995191032265211106e-08;
615707.71384758059867;1.6160333515813363192e-08;
616041.06940461776685;1.5851131962563158595e-08;
616374.42496165493503;1.7010096442504618608e-08;
616707.78051869210321;1.5288318166994940839e-08;
617041.1360757292714;1.6132506885924158269e-08;
617374.49163276643958;1.6237708067023959302e-08;
617707.84718980360776;1.5255318785989402386e-08;
618041.20274684077594;1.6299640748229649034e-08;
618374.55830387794413;1.5316087953465284954e-08;
618707.91386091511231;1.6167886585094493057e-08;
619041.26941795228049;1.5450424939444928896e-08;
619374.62497498944867;1.5724991087040507409e-08;
619707.98053202661686;1.5496880223508924246e-08;
620041.33608906378504;1.5482566340097037028e-08;
620374.69164610095322;1.5897757776883736369e-08;
620708.0472031381214;1.4819943494615017698e-08;
621041.40276017528959;1.534102267441994627e-08;
621374.75831721245777;1.5310304135596197739e-08;
621708.11387424962595;1.6051233231451078609e-08;
622041.46943128679413;1.5157148425259947544e-08;
622374.82498832396232;1.6757336851469517569e-08;
622708.1805453611305;1.6348764120266423561e-08;
623041.53610239829868;1.5542546805136225885e-08;
623374.89165943546686;1.5644424422589509049e-08;
623708.24721647263505;1.58235042846399665e-08;
624041.60277350980323;1.6490160348325844097e-08;
624374.95833054697141;1.5465468905517809617e-08;
624708.31388758413959;1.5431355748773967207e-08;
625041.66944462130778;1.6141749270559557772e-08;
625375.02500165847596;1.5707403377973605529e-08;
625708.38055869564414;1.6167033933811580937e-08;
626041.73611573281232;1.5415883680702791025e-08;
626375.09167276998051;1.5172307854527389281e-08;
626708.44722980714869;1.5075015014076598163e-08;
627041.80278684431687;1.5685509779927997442e-08;
627375.15834388148505;1.5015361398695858952e-08;
627708.51390091865323;1.5165511513259843923e-08;
628041.86945795582142;1.536095162180117768e-08;
628375.2250149929896;1.5868376834760056227e-08;
628708.58057203015778;1.5846760348381394579e-08;
629041.93612906732596;1.552407447036330268e-08;
629375.29168610449415;1.6181070705556521716e-08;
629708.64724314166233;1.490676204696228524e-08;
630042.00280017883051;1.4845661588935854525e-08;
630375.35835721599869;1.5551314902495505521e-08;
630708.71391425316688;1.5499711736310928245e-08;
631042.06947129033506;1.4766227351969973824e-08;
631375.42502832750324;1.603088684021258814e-08;
631708.78058536467142;1.5367943362321057066e-08;
632042.13614240183961;1.5769639816198832705e-08;
632375.49169943900779;1.495725854283591616e-08;
632708.84725647617597;1.5906586270375555614e-08;
633042.20281351334415;1.6242358569229509158e-08;
633375.55837055051234;1.5631073324584576767e-08;
633708.91392758768052;1.5108659212614838907e-08;
634042.2694846248487;1.6571442884583120758e-08;
634375.62504166201688;1.4624037092403341376e-08;
634708.98059869918507;1.5015466203749383567e-08;
635042.33615573635325;1.5992661417385534151e-08;
635375.69171277352143;1.545818939518994739e-08;
635709.04726981068961;1.5852272383654053556e-08;
636042.4028268478578;1.4796296632368921564e-08;
636375.75838388502598;1.5713309764464611362e-08;
636709.11394092219416;1.5081688786722224904e-08;
637042.46949795936234;1.5432764399747611606e-08;
637375.82505499653053;1.742720456832103082e-08;
637709.18061203369871;1.7476164515528580523e-08;
638042.53616907086689;1.9619191604647312488e-08;
638375.89172610803507;1.6231291866120045597e-08;
638709.24728314520326;1.5709446188338915817e-08;
639042.60284018237144;1.5647529494344780687e-08;
639375.95839721953962;1.6436567662481138541e-08;
639709.3139542567078;1.5929405350334491231e-08;
640042.66951129387598;1.5465550617932422028e-08;
640376.02506833104417;1.5773963468745932914e-08;
640709.38062536821235;1.5577290568558055384e-08;
641042.73618240538053;1.5898345750997577852e-08;
641376.09173944254871;1.5905914807490262319e-08;
641709.4472964797169;1.5556150145812353003e-08;
642042.80285351688508;1.6265659041891922243e-08;
642376.15841055405326;1.605535082660480839e-08;
642709.51396759122144;1.4928199121300167462e-08;
643042.86952462838963;1.5526582686220535834e-08;
643376.22508166555781;1.5219397297983050521e-08;
643709.58063870272599;1.5906445938185242994e-08;
644042.93619573989417;1.5708563338989733893e-08;
644376.29175277706236;1.4850043861258654943e-08;
644709.64730981423054;1.4909694812104135053e-08;
645043.00286685139872;1.5938109498847552459e-08;
645376.3584238885669;1.5833320432534492284e-08;
645709.71398092573509;1.4882270527039054286e-08;
646043.06953796290327;1.5697612099074831349e-08;
646376.42509500007145;1.5671407282979998854e-08;
646709.78065203723963;1.4684766291850337439e-08;
647043.13620907440782;1.5704451072906522313e-08;
647376.491766111576;1.5740164727162664349e-08;
647709.84732314874418;1.5060640734532171336e-08;
648043.20288018591236;1.5838409694879374001e-08;
648376.55843722308055;2.0397187938669958385e-08;
648709.91399426024873;1.5077292303544709284e-08;
649043.26955129741691;1.5598457636656348768e-08;
649376.62510833458509;1.5649757045821388601e-08;
649709.98066537175328;1.5900942784696781018e-08;
650043.33622240892146;1.434420493495736082e-08;
650376.69177944608964;1.5741326464535632113e-08;
650710.04733648325782;1.5426259381001727888e-08;
651043.40289352042601;1.5510307704857950739e-08;
651376.75845055759419;1.537237181992168189e-08;
651710.11400759476237;1.4680923143828294997e-08;
652043.46956463193055;1.604294475043843704e-08;
652376.82512166909873;1.5343745829454746854e-08;
652710.18067870626692;1.5195940505918770214e-08;
653043.5362357434351;1.4940109593908346142e-08;
653376.89179278060328;1.4981766938149121415e-08;
653710.24734981777146;1.6362758259447218734e-08;
654043.60290685493965;1.5115508844587566273e-08;
654376.95846389210783;1.4767368661239288485e-08;
654710.31402092927601;1.5687989574075800192e-08;
655043.66957796644419;1.5727808388987796206e-08;
655377.02513500361238;1.5765126093469916668e-08;
655710.38069204078056;1.5648382145627692807e-08;
656043.73624907794874;1.5942953623948596942e-08;
656377.09180611511692;1.5447845669314119732e-08;
656710.44736315228511;1.5631895777801219083e-08;
657043.80292018945329;1.5624264548819155607e-08;
657377.15847722662147;1.522322001790143986e-08;
657710.51403426378965;1.6013801840131236531e-08;
658043.86959130095784;1.5412146225912692898e-08;
658377.22514833812602;1.5507392703284494928e-08;
658710.5807053752942;1.5220653182268506498e-08;
659043.93626241246238;1.5350108739653478551e-08;
659377.29181944963057;1.569421925751157687e-08;
659710.64737648679875;1.6024467086594995635e-08;
660044.00293352396693;1.5611917092428484466e-08;
660377.35849056113511;1.6175443207089301723e-08;
660710.7140475983033;1.5439407974326968542e-08;
661044.06960463547148;1.588698239629593445e-08;
661377.42516167263966;1.5583967893917360925e-08;
661710.78071870980784;1.5252478391403201385e-08;
662044.13627574697603;1.4932840741721520317e-08;
662377.49183278414421;1.5428698318942224432e-08;
662710.84738982131239;1.5539434627953596646e-08;
663044.20294685848057;1.4885382704221683525e-08;
663377.55850389564876;1.5226349958652463101e-08;
663710.91406093281694;1.6306714201164140832e-08;
664044.26961796998512;1.5162022748427261831e-08;
664377.6251750071533;1.5319667312496676459e-08;
664710.98073204432148;1.5764488381364571978e-08;
665044.33628908148967;1.5740690528787126823e-08;
665377.69184611865785;1.5450018153728706238e-08;
665711.04740315582603;1.6160589311198236828e-08;
666044.40296019299421;1.5992352331295478507e-08;
666377.7585172301624;1.5828453214794535597e-08;
666711.11407426733058;1.4916848201096399862e-08;
667044.46963130449876;1.5583749402026114694e-08;
667377.82518834166694;1.5048527757244301029e-08;
667711.18074537883513;1.4666513337147080165e-08;
668044.53630241600331;1.536095162180117768e-08;
668377.89185945317149;1.5144772547159845999e-08;
668711.24741649033967;1.5094252958647302876e-08;
669044.60297352750786;1.555194373281665321e-08;
669377.95853056467604;1.5031011102450975159e-08;
669711.31408760184422;1.5247255902295364649e-08;
670044.6696446390124;1.5513386131260631373e-08;
670378.02520167618059;1.5840663891708572919e-08;
670711.38075871334877;1.5501155914421360649e-08;
671044.73631575051695;1.623762280189566809e-08;
671378.09187278768513;1.5551833598692610394e-08;
671711.44742982485332;1.5153528210021249834e-08;
672044.8029868620215;1.6369888555800571339e-08;
672378.15854389918968;1.5221937488263392879e-08;
672711.51410093635786;1.5212981097079136816e-08;
673044.86965797352605;1.5381150575421997928e-08;
673378.22521501069423;1.5369158390399206837e-08;
673711.58077204786241;1.507896030261690612e-08;
674044.93632908503059;1.5758091720385891676e-08;
674378.29188612219878;1.5169481670795903483e-08;
674711.64744315936696;1.5321038659976693452e-08;
675045.00300019653514;1.531194548931580357e-08;
675378.35855723370332;1.5419594490140298149e-08;
675711.71411427087151;1.5480228654496386298e-08;
676045.06967130803969;1.5324134849947768089e-08;
676378.42522834520787;1.5869966674131319451e-08;
676711.78078538237605;1.5032490807698195567e-08;
677045.13634241954423;1.494995416351230233e-08;
677378.49189945671242;1.5271433895236441458e-08;
677711.8474564938806;1.5211966797323839273e-08;
678045.20301353104878;1.53554218229601247e-08;
678378.55857056821696;1.5311218959368488868e-08;
678711.91412760538515;1.6211828324230737053e-08;
679045.26968464255333;1.5547708898111523013e-08;
679378.62524167972151;1.5542546805136225885e-08;
679711.98079871688969;1.5103960748774625245e-08;
680045.33635575405788;1.4065006936903046153e-08;
680378.69191279122606;1.4826088801100922865e-08;
680712.04746982839424;1.588854559031460667e-08;
681045.40302686556242;1.445271635702738422e-08;
681378.75858390273061;1.4971348605286038946e-08;
681712.11414093989879;1.4963301708803555812e-08;
682045.46969797706697;1.4600471942571857653e-08;
682378.82525501423515;1.5764626937198045198e-08;
682712.18081205140334;1.6215444986755755963e-08;
683045.53636908857152;1.5114897777834812587e-08;
683378.8919261257397;1.570627361502374697e-08;
683712.24748316290788;1.5434554967441727058e-08;
684045.60304020007607;1.475030853015368848e-08;
684378.95859723724425;1.6190851326314259495e-08;
684712.31415427441243;1.5820779353248326515e-08;
685045.66971131158061;1.5629096239422324288e-08;
685379.0252683487488;1.4855001673197421042e-08;
685712.38082538591698;1.660407988879342156e-08;
686045.73638242308516;1.6212597486742197361e-08;
686379.09193946025334;1.4941001325041725067e-08;
686712.44749649742153;1.4896290423394020763e-08;
687045.80305353458971;1.4457211428009486553e-08;
687379.15861057175789;1.5153394983258294815e-08;
687712.51416760892607;1.5108286177678564854e-08;
688045.86972464609426;1.4635268108520449459e-08;
688379.22528168326244;1.4954499860664327571e-08;
688712.58083872043062;1.526116299999102921e-08;
689045.9363957575988;1.6595535612395906355e-08;
689379.29195279476698;1.6061923346910589316e-08;
689712.64750983193517;1.5442120471220732725e-08;
690046.00306686910335;1.5617349191643370432e-08;
690379.35862390627153;1.5509000306224152155e-08;
690712.71418094343971;1.511917346874724899e-08;
691046.0697379806079;1.4481027932333745412e-08;
691379.42529501777608;1.5043479351106725517e-08;
691712.78085205494426;1.5224317806428189215e-08;
692046.13640909211244;1.4916061275016545551e-08;
692379.49196612928063;1.5176919276882472332e-08;
692712.84752316644881;1.5343232462328160182e-08;
693046.20308020361699;1.6349424925010680454e-08;
693379.55863724078517;1.4198992204228488845e-08;
693712.91419427795336;1.5689726851064733637e-08;
694046.26975131512154;1.6111208367419749266e-08;
694379.62530835228972;1.615499733986780484e-08;
694712.9808653894579;1.5069719694338346017e-08;
695046.33642242662609;1.5751865589663793799e-08;
695379.69197946379427;1.5003443820660322672e-08;
695713.04753650096245;1.5366619976475703879e-08;
696046.40309353813063;1.4711206475226390467e-08;
696379.75865057529882;1.5811361109285826387e-08;
696713.114207612467;1.4504731637998702354e-08;
697046.46976464963518;1.5501836259090850945e-08;
697379.82532168680336;1.4020207217413371836e-08;
697713.18087872397155;1.5962600130592363712e-08;
698046.53643576113973;1.5546971710023171909e-08;
698379.89199279830791;1.44802392298970517e-08;
698713.24754983547609;1.4822885141541064513e-08;
699046.60310687264428;1.4684172988665977755e-08;
699379.95866390981246;1.4675534565355974337e-08;
699713.31422094698064;1.5745225567798115662e-08;
700046.66977798414882;1.5985525791961663344e-08;
700380.02533502131701;1.6366524135946747265e-08;
700713.38089205848519;1.5747300352586535155e-08;
701046.73644909565337;1.5770332595366198802e-08;
701380.09200613282155;1.5351240278960176511e-08;
701713.44756316998973;1.5464898694972362136e-08;
702046.80312020715792;1.495917523186562903e-08;
702380.1586772443261;1.6435787841828641831e-08;
702713.51423428149428;1.557187268019788462e-08;
703046.86979131866246;1.4349724075657377398e-08;
703380.22534835583065;1.6268659308593669266e-08;
703713.58090539299883;1.53327253116231077e-08;
704046.93646243016701;1.8017628278244046669e-08;
704380.29201946733519;1.6095338395416547428e-08;
704713.64757650450338;1.4974135709167057939e-08;
705047.00313354167156;1.4946778037483454682e-08;
705380.35869057883974;1.5423983867890456168e-08;
705713.71424761600792;1.4530898262421487743e-08;
706047.06980465317611;1.5468049952005458181e-08;
706380.42536169034429;1.5563559330189491448e-08;
706713.78091872751247;1.4949849358458777715e-08;
707047.13647576468065;1.5051437429747238639e-08;
707380.49203280184884;1.4826948557811192586e-08;
707713.84758983901702;1.4548522386803597328e-08;
708047.2031468761852;1.5948389275877161708e-08;
708380.55870391335338;1.5999686908685362141e-08;
708713.91426095052157;1.5437645828342283494e-08;
709047.26981798768975;1.4908831502680186532e-08;
709380.62537502485793;1.5713283119112020358e-08;
709713.98093206202611;1.6113048673105367925e-08;
710047.3364890991943;1.5842417155909060966e-08;
710380.69204613636248;1.5831149724476745178e-08;
710714.04760317353066;1.4236957390778570698e-08;
711047.40316021069884;1.5541182563083566492e-08;
711380.75871724786703;1.5028714273057630635e-08;
711714.11427428503521;1.5992970503475589794e-08;
712047.46983132220339;1.4844123263912933908e-08;
712380.82538835937157;1.5232664907216530992e-08;
712714.18094539653976;1.5274547848775910097e-08;
713047.53650243370794;1.525995685369707644e-08;
713380.89205947087612;1.5027843858206324512e-08;
713714.2476165080443;1.5820196708205003233e-08;
714047.60317354521248;1.5370940076309125288e-08;
714380.95873058238067;1.4494084155103337253e-08;
714714.31428761954885;1.5111604412254564522e-08;
715047.66984465671703;1.5388799567972455407e-08;
715381.02540169388521;1.5010851228680621716e-08;
715714.3809587310534;1.5117022300614735286e-08;
716047.73651576822158;1.5078986947969497123e-08;
716381.09207280538976;1.4930348513075841765e-08;
716714.44762984255794;1.5080020787650028069e-08;
717047.80318687972613;1.5436805611557247175e-08;
717381.15874391689431;1.5857592572388057306e-08;
717714.51430095406249;1.5514832085727903177e-08;
718047.86985799123067;1.5109508311184072227e-08;
718381.22541502839886;1.4421393856878239603e-08;
718714.58097206556704;1.4417366855923319235e-08;
719047.93652910273522;1.5838743649965181248e-08;
719381.2920861399034;1.5373775141824808088e-08;
719714.64764317707159;1.6343394193540916604e-08;
720048.00320021423977;1.6187524209954062826e-08;
720381.35875725140795;1.6281896719760879932e-08;
720714.71431428857613;1.6346552556001370249e-08;
721048.06987132574432;1.5106296658018436574e-08;
721381.4254283629125;1.4934677494693460176e-08;
721714.78098540008068;1.5710577727645613777e-08;
722048.13654243724886;1.4517324231633210729e-08;
722381.49209947441705;1.5255935181812674273e-08;
722714.84765651158523;1.4842115092505991925e-08;
723048.20321354875341;1.5191989888307944057e-08;
723381.55877058592159;1.5101493389124698297e-08;
723714.91432762308978;1.4886088806065345125e-08;
724048.26988466025796;1.5333398550865240395e-08;
724381.62544169742614;1.4866932573909252824e-08;
724714.98099873459432;1.5316249601937670377e-08;
725048.33655577176251;1.437548569072077953e-08;
725381.69211280893069;1.491939016773358162e-08;
725715.04766984609887;1.6029366278758061526e-08;
726048.40322688326705;1.5106587980540098215e-08;
726381.75878392043523;1.4998988717707106844e-08;
726715.11434095760342;1.5303823985846065625e-08;
727048.4698979947716;1.4909982581912117894e-08;
727381.82545503193978;1.5216135906825911661e-08;
727715.18101206910796;1.4879709020476639125e-08;
728048.53656910627615;1.4970847672657328076e-08;
728381.89212614344433;1.4941290871206547308e-08;
728715.24768318061251;1.5211831794204044854e-08;
729048.60324021778069;1.4982399321183947905e-08;
729381.95879725494888;1.5586405055501018069e-08;
729715.31435429211706;1.5279566056847215805e-08;
730048.66991132928524;1.4233631162596793729e-08;
730382.02546836645342;1.5739804126724266098e-08;
730715.38102540362161;1.5923333762657421175e-08;
731048.73658244078979;1.4897625355558830051e-08;
731382.09213947795797;1.5352805249335688131e-08;
731715.44769651512615;1.5634670447184362274e-08;
732048.80325355229434;1.5684930687598352961e-08;
732382.15881058946252;1.4435968864745518658e-08;
732715.5143676266307;1.4922482804990977456e-08;
733048.86992466379888;1.6306886507777562656e-08;
733382.22548170096707;1.5140967590809850662e-08;
733715.58103873813525;1.5142218146024788439e-08;
734048.93659577530343;1.5161649713490987779e-08;
734382.29215281247161;1.5127966435102280229e-08;
734715.6477098496398;1.5161116806439167704e-08;
735049.00326688680798;1.6477477160492526309e-08;
735382.35882392397616;1.5312160428493371001e-08;
735715.71438096114434;2.6946118225623649778e-08;
736049.06993799831253;1.5847010814695750014e-08;
736382.42549503548071;1.5375395179262341117e-08;
736715.78105207264889;1.4162894856895036355e-08;
737049.13660910981707;1.4800014547233786288e-08;
737382.49216614698526;1.5048476242895958421e-08;
737715.84772318415344;1.5021086596789245959e-08;
738049.20328022132162;1.5330705593896709615e-08;
738382.5588372584898;1.4366043465940947499e-08;
738715.91439429565798;1.4767083555966564745e-08;
739049.26995133282617;1.4582734131352026452e-08;
739382.62550836999435;1.5555057686356121849e-08;
739715.98106540716253;1.5077715076472486544e-08;
740049.33662244433071;1.5310572365478947177e-08;
740382.6921794814989;1.5776540962519902678e-08;
740716.04773651866708;1.5225200655777371139e-08;
741049.40329355583526;1.4980319207325010211e-08;
741382.75885059300344;1.4417644855768685375e-08;
741716.11440763017163;1.4784267143852503068e-08;
742049.46996466733981;1.5730323710272386961e-08;
742382.82552170450799;1.5151771393107082986e-08;
742716.18107874167617;1.5733556679720095417e-08;
743049.53663577884436;1.5180997792185735307e-08;
743382.89219281601254;1.5073849723989951599e-08;
743716.24774985318072;1.5061488056744565256e-08;
744049.6033068903489;1.5391368179962228169e-08;
744382.95886392751709;1.4624730759749127174e-08;
744716.31442096468527;1.6102832844921977085e-08;
745049.66997800185345;1.5609476378131148522e-08;
745383.02553503902163;3.3126820397910705651e-08;
745716.38109207618982;2.3027777018569395295e-08;
746049.736649113358;1.55142867441782073e-08;
746383.09220615052618;1.4645375578936636884e-08;
746716.44776318769436;1.5249424833996272355e-08;
747049.80332022486255;1.5635906791544584848e-08;
747383.15887726203073;1.4491894795298776444e-08;
747716.51443429919891;1.5063656988445472962e-08;
748049.86999133636709;1.5163566402520700649e-08;
748383.22554837353528;1.4212243826250414713e-08;
748716.58110541070346;1.4871477382882858365e-08;
749049.93666244787164;1.5343825765512519865e-08;
749383.29221948503982;1.6036182159950840287e-08;
749716.64777652220801;1.449314179780003542e-08;
750050.00333355937619;1.5534030950448141084e-08;
750383.35889059654437;1.5164099309572520724e-08;
750716.71444763371255;1.5506710582258165232e-08;
751050.07000467088073;1.4798843928076621523e-08;
751383.42556170804892;1.5736294045609611203e-08;
751716.7811187452171;1.5270307685000261699e-08;
752050.13667578238528;1.4896134103992153541e-08;
752383.49223281955346;1.5681157705671466829e-08;
752716.84778985672165;1.5001043962570292933e-08;
753050.20334689388983;1.5670307718096410099e-08;
753383.55890393105801;1.4985161556069215294e-08;
753716.91446096822619;1.5727311009072764136e-08;
754050.27001800539438;1.5332267011558542436e-08;
754383.62557504256256;1.5260145147522052866e-08;
754716.98113207973074;1.4639433665308843047e-08;
755050.33668911689892;1.5526227414852655784e-08;
755383.69224615406711;1.5203042380562692415e-08;
755717.04780319123529;1.4832497008399059268e-08;
756050.40336022840347;1.5719136214897844184e-08;
756383.75891726557165;1.6279065206958875933e-08;
756717.11447430273984;1.516130332390730473e-08;
757050.47003133990802;1.5356851790215841902e-08;
757383.8255883770762;1.5244415507709163649e-08;
757717.18114541424438;1.5523037077969092934e-08;
758050.53670245141257;1.5318779134076976334e-08;
758383.89225948858075;1.4502693268525490566e-08;
758717.24781652574893;1.4604499831705197721e-08;
759050.60337356291711;1.523847181772453041e-08;
759383.9589306000853;1.5907424710803752532e-08;
759717.31448763725348;1.5042211032323393738e-08;
760050.67004467442166;1.4841907258755782095e-08;
760384.02560171158984;1.5535832176283292938e-08;
760717.38115874875803;1.5142271436729970446e-08;
761050.73671578592621;1.5224825844484257686e-08;
761384.09227282309439;1.475647692927850585e-08;
761717.44782986026257;1.5477453985113243107e-08;
762050.80338689743076;1.5722035229259745392e-08;
762384.15894393459894;1.4549621951687186083e-08;
762717.51450097176712;1.5341427683779329527e-08;
763050.8700580089353;1.4700640704745637777e-08;
763384.22561504610348;1.5168735600923355378e-08;
763717.58117208327167;1.5011694998179336835e-08;
764050.93672912043985;1.5787962936997246288e-08;
764384.29228615760803;1.9931498229652788723e-08;
764717.64784319477621;1.4858446917287437827e-08;
765051.0034002319444;1.4367381062641015887e-08;
765384.35895726911258;1.4967351802397388383e-08;
765717.71451430628076;1.4449695662221984094e-08;
766051.07007134344894;1.5102422423751704628e-08;
766384.42562838061713;1.4495459055297033046e-08;
766717.78118541778531;1.6047794204609999724e-08;
767051.13674245495349;1.5481452564358733071e-08;
767384.49229949212167;1.5808527820126982988e-08;
767717.84785652928986;1.5002520115103834542e-08;
768051.20341356645804;1.5837242628435888037e-08;
768384.55897060362622;1.549995687355476548e-08;
768717.9145276407944;1.5238873274370234867e-08;
769051.27008467796259;1.6335530261812891695e-08;
769384.62564171513077;1.4827052474686297501e-08;
769717.98119875229895;1.5440303258174026269e-08;
770051.33675578946713;1.5624264548819155607e-08;
770384.69231282663532;1.5987154711183393374e-08;
770718.0478698638035;1.4904667722248632344e-08;
771051.40342690097168;1.5590183366498422401e-08;
771384.75898393813986;1.6111775025251517945e-08;
771718.11454097530805;1.5339297831928888627e-08;
772051.47009801247623;1.4143302529134871293e-08;
772384.82565504964441;1.5177878509575748467e-08;
772718.18121208681259;1.4849495855173699965e-08;
773051.53676912398078;1.4550082028108590748e-08;
773384.89232616114896;1.6059299667858795146e-08;
773718.24788319831714;1.5545742471090306935e-08;
774051.60344023548532;1.5145250387149644666e-08;
774384.95899727265351;1.4771520007172966871e-08;
774718.31455430982169;1.4320889363261812832e-08;
775051.67011134698987;1.4732672859452122793e-08;
775385.02566838415805;1.5273849740538025799e-08;
775718.38122542132623;1.4001402703911480785e-08;
776051.73678245849442;1.4677854487388231064e-08;
776385.0923394956626;1.4757436161971781985e-08;
776718.44789653283078;1.5033968736588576576e-08;
777051.80345356999896;1.4534958125977937016e-08;
777385.15901060716715;1.5915027518076385604e-08;
777718.51456764433533;1.5697803945613486576e-08;
778051.87012468150351;1.5196313540855044266e-08;
778385.22568171867169;1.5093723604309161601e-08;
778718.58123875583988;1.4954368410258211952e-08;
779051.93679579300806;1.5374910233845184848e-08;
779385.29235283017624;1.49802410476240766e-08;
779718.64790986734442;1.5382285667442374688e-08;
780052.00346690451261;1.5143255538418998185e-08;
780385.35902394168079;1.5426829591547175369e-08;
780718.71458097884897;1.4815544346902242978e-08;
781052.07013801601715;1.6041536099464792642e-08;
781385.42569505318534;1.5598073943579038314e-08;
781718.78125209035352;1.5126717656244181853e-08;
782052.1368091275217;1.5498269334557335242e-08;
782385.49236616468988;1.4781591950452366291e-08;
782718.84792320185807;1.5252693330580768816e-08;
783052.20348023902625;1.5602596548092151352e-08;
783385.55903727619443;1.5965824218255875167e-08;
783718.91459431336261;1.5189188573572209862e-08;
784052.2701513505308;1.5617157345104715205e-08;
784385.62570838769898;1.5963216526415635599e-08;
784718.98126542486716;1.552655604086794483e-08;
785052.33682246203534;1.5312913603793276707e-08;
785385.69237949920353;1.5327284330624024733e-08;
785719.04793653637171;1.5067522340928007907e-08;
786052.40349357353989;1.640428948235239659e-08;
786385.75905061070807;1.543173411278075946e-08;
786719.11460764787626;1.5003760012177735916e-08;
787052.47016468504444;1.5776207007434095431e-08;
787385.82572172221262;1.5486783411233773222e-08;
787719.1812787593808;1.522910508811037289e-08;
788052.53683579654898;1.4985268137479579309e-08;
788385.89239283371717;1.4427957495399823529e-08;
788719.24794987088535;1.5465305480688584794e-08;
789052.60350690805353;1.4532889558438455424e-08;
789385.95906394522171;1.4324864849868390593e-08;
789719.3146209823899;1.5165005251560614852e-08;
790052.67017801955808;1.4921120339295157464e-08;
790386.02573505672626;1.4765293876450868993e-08;
790719.38129209389444;1.6555526727302094514e-08;
791052.73684913106263;1.5323031732350500533e-08;
791386.09240616823081;1.4748313681423041999e-08;
791719.44796320539899;1.4910506607179740968e-08;
792052.80352024256717;1.5434608258146909066e-08;
792386.15907727973536;1.4544331961019452137e-08;
792719.51463431690354;1.5800448949221390649e-08;
793052.87019135407172;1.5248192042349728581e-08;
793386.2257483912399;1.4535391557046750677e-08;
793719.58130542840809;1.6162717386691838328e-08;
794052.93686246557627;1.6222141852040294907e-08;
794386.29241950274445;1.6462980312326180865e-08;
794719.64797653991263;1.5730627467291924404e-08;
795053.00353357708082;1.4873724474284699681e-08;
795386.359090614249;1.6145207837325870059e-08;
795719.71464765141718;1.5661115071452513803e-08;
796053.07020468858536;1.4783955393227188324e-08;
796386.42576172575355;1.5692235066921966791e-08;
796719.78131876292173;1.4980582108137241448e-08;
797053.13687580008991;1.5483410109595752147e-08;
797386.49243283725809;1.5781473905462917173e-08;
797719.84798987442628;1.5866092439864587504e-08;
798053.20354691159446;1.5028133404371146753e-08;
798386.55910394876264;1.515669545426590048e-08;
798719.91466098593082;1.4574487394725110789e-08;
799053.27021802309901;1.5090222404978703707e-08;
799386.62577506026719;1.4911947232576494571e-08;
799719.98133209743537;1.6058876894931017887e-08;
800053.33688913460355;1.5948808496091260167e-08;
800386.69244617177173;1.4640050949310534634e-08;
800720.04800320893992;1.4592677288760569354e-08;
801053.4035602461081;1.4401241976713663462e-08;
801386.75911728327628;1.5592648949791509949e-08;
801720.11467432044446;1.6149746429050537699e-08;
802053.47023135761265;1.4996485830920391891e-08;
802386.82578839478083;1.4782396640100614604e-08;
802720.18134543194901;1.5771885131243834621e-08;
803053.53690246911719;1.4561076788766058598e-08;
803386.89245950628538;1.540697702751003817e-08;
803720.24801654345356;1.4894145472510444961e-08;
804053.60357358062174;1.6149803272469398507e-08;
804386.95913061778992;1.5295517741265030054e-08;
804720.31468765495811;1.516300685011628957e-08;
805053.67024469212629;1.5163566402520700649e-08;
805387.02580172929447;1.5217311855053594627e-08;
805720.38135876646265;1.5843141909499536268e-08;
806053.73691580363084;1.6376359823766506452e-08;
806387.09247284079902;1.4740982656746837165e-08;
806720.4480298779672;1.4364378131404009764e-08;
807053.80358691513538;1.5527238161894274526e-08;
807387.15914395230357;1.4945149118261724652e-08;
807720.51470098947175;1.5307909606576686201e-08;
808053.87025802663993;1.5563093924697568582e-08;
808387.22581506380811;1.5299979949645603483e-08;
808720.5813721009763;1.5035210410019317351e-08;
809053.93692913814448;1.5726676849681098247e-08;
809387.29248617531266;1.5084127724662721448e-08;
809720.64804321248084;1.5753137461160804378e-08;
810054.00360024964903;1.4621904576017641375e-08;
810387.35915728681721;1.5301779399123915937e-08;
810720.71471432398539;1.563478058130840509e-08;
811054.07027136115357;1.5192391344953648513e-08;
811387.42582839832176;1.5411117715302680153e-08;
811720.78138543548994;1.5204404846258512407e-08;
812054.13694247265812;1.4539197401575165713e-08;
812387.4924995098263;1.5445431600369374792e-08;
812720.84805654699448;1.50745638194393905e-08;
813054.20361358416267;1.5573732525808736682e-08;
813387.55917062133085;1.4562918870808516658e-08;
813720.91472765849903;1.5074828496608461137e-08;
814054.27028469566721;1.5745667880651126325e-08;
814387.6258417328354;1.4432824713139780215e-08;
814720.98139877000358;1.4985767293751450779e-08;
815054.33695580717176;1.5666397956692890148e-08;
815387.69251284433994;1.45206655588481226e-08;
815721.04806988150813;1.6159338755983299052e-08;
816054.40362691867631;1.4334581521779909963e-08;
816387.75918395584449;1.5096533800829092797e-08;
816721.11474099301267;1.4934204983774179709e-08;
817054.47029803018086;1.5312966894498458714e-08;
817387.82585506734904;1.5325749558314782917e-08;
817721.18141210451722;1.5055853452849987661e-08;
818054.5369691416854;1.4801366354788569879e-08;
818387.89252617885359;1.6361923371732700616e-08;
818721.24808321602177;1.4899667277745720639e-08;
819054.60364025318995;1.6180758066752787272e-08;
819387.95919729035813;1.5901362004910879477e-08;
819721.31475432752632;1.4647665302902623807e-08;
820054.6703113646945;1.4915537249748922477e-08;
820388.02586840186268;1.5859765056802643812e-08;
820721.38142543903086;1.531329019144322956e-08;
821054.73698247619905;1.5821557397543983825e-08;
821388.09253951336723;1.5387096041763470566e-08;
821721.44809655053541;1.5217953119872618117e-08;
822054.80365358770359;1.5017919352544595313e-08;
822388.15921062487178;1.5748378601188051107e-08;
822721.51476766203996;1.5746442372233104834e-08;
823054.87032469920814;1.6030465843641650281e-08;
823388.22588173637632;1.5250389395760066691e-08;
823721.58143877354451;1.4542543169682176085e-08;
824054.93699581071269;1.6469721586531704816e-08;
824388.29255284788087;1.4548752425014299661e-08;
824721.64810988504905;1.5940685216264682822e-08;
825055.00366692221723;1.4878454024369602848e-08;
825388.35922395938542;1.5192364699601057509e-08;
825721.7147809965536;1.4410707294132407696e-08;
826055.07033803372178;1.5541864684109896189e-08;
826388.42589507088996;1.5032384226287831552e-08;
826721.78145210805815;1.5160210864451073576e-08;
827055.13700914522633;1.52185410939864596e-08;
827388.49256618239451;1.6114917400500416989e-08;
827721.84812321956269;1.525556037051956082e-08;
828055.20368025673088;1.5256150120990241703e-08;
828388.55923729389906;1.5146262910548102809e-08;
828721.91479433106724;1.5651709261987889477e-08;
829055.27035136823542;1.6131146196585177677e-08;
829388.62590840540361;1.5369158390399206837e-08;
829721.98146544257179;1.5022406429920920345e-08;
830055.33702247973997;1.5648437212689714215e-08;
830388.69257951690815;1.5613947468295918952e-08;
830722.04813655407634;1.548683847829579463e-08;
831055.40369359124452;1.4288698224618201493e-08;
831388.7592506284127;1.5349380433349324448e-08;
831722.11480766558088;1.607024913141685829e-08;
832055.47036470274907;1.5950014642385212937e-08;
832388.82592173991725;1.4721263319472654985e-08;
832722.18147877708543;1.5286815369108808227e-08;
833055.53703581425361;1.5590238433560443809e-08;
833388.8925928514218;1.5374505224485801591e-08;
833722.24814988858998;1.442073571666924181e-08;
834055.60370692575816;1.4936331282910941809e-08;
834388.95926396292634;1.591407716716730647e-08;
834722.31482100009453;1.5077318948897300288e-08;
835055.67037803726271;1.5661857588611383107e-08;
835389.02593507443089;1.4522987257237218728e-08;
835722.38149211159907;1.5791124852171378734e-08;
836055.73704914876726;1.5900161187687444908e-08;
836389.09260618593544;1.5214906667893046688e-08;
836722.44816322310362;1.4732775888148808008e-08;
837055.8037202602718;1.5633764505196268146e-08;
837389.15927729743998;1.5620477356037554273e-08;
837722.51483433460817;1.4769988787577403855e-08;
838055.87039137177635;1.6617621056980169669e-08;
838389.22594840894453;1.5487735538499691756e-08;
838722.58150544611271;1.4498183986688673031e-08;
839055.9370624832809;1.4871320175302571442e-08;
839389.29261952044908;1.5002836306621247786e-08;
839722.64817655761726;1.482598488422581795e-08;
840056.00373359478544;1.5575757572605652967e-08;
840389.35929063195363;1.5531110619804167072e-08;
840722.71484766912181;1.5529964869642753911e-08;
841056.07040470628999;1.5724410218354023527e-08;
841389.42596174345817;1.5314984835868017399e-08;
841722.78151878062636;1.5927922092373592022e-08;
842056.13707581779454;1.5413879950187947543e-08;
842389.49263285496272;1.5239328021721121331e-08;
842722.8481898921309;1.5339326253638319031e-08;
843056.20374692929909;1.6322104556820704602e-08;
843389.55930396646727;1.5278276421781811223e-08;
843722.91486100363545;1.5978169898289706907e-08;
844056.27041804080363;1.4576611917505033489e-08;
844389.62597507797182;1.5305033684853697196e-08;
844722.98153211514;1.4797206127070694492e-08;
845056.33708915230818;1.509343050543066056e-08;
845389.69264618947636;1.5629645133685698966e-08;
845723.04820322664455;1.6602971442125635804e-08;
846056.40376026381273;1.5640576833675368107e-08;
846389.75931730098091;1.4752536969808716094e-08;
846723.11487433814909;1.5462589431081141811e-08;
847056.47043137531728;1.6089769516725027643e-08;
847389.82598841248546;1.5386770968461860321e-08;
847723.18154544965364;1.4413542359648090496e-08;
848056.53710248682182;1.6236738176189646765e-08;
848389.89265952399001;1.5342855874678207329e-08;
848723.24821656115819;1.5255105623168674356e-08;
849056.60377359832637;1.4040048235131052934e-08;
849389.95933063549455;1.5532856778577297518e-08;
849723.31488767266273;1.5140727782636531629e-08;
850056.67044470983092;1.5101546679829880304e-08;
850390.0260017469991;1.5553144550040087779e-08;
850723.38155878416728;1.5132485486901714467e-08;
851056.73711582133546;1.5811000508847428137e-08;
851390.09267285850365;1.5202882508447146392e-08;
851723.44822989567183;1.5500855710115502006e-08;
852056.80378693284001;1.5825644794631443801e-08;
852390.15934397000819;1.6398439939280251565e-08;
852723.51490100717638;1.6521649826017892337e-08;
853056.87045804434456;1.5764737071322088013e-08;
853390.22601508151274;1.5391503183082022588e-08;
853723.58157211868092;1.6358072230104880873e-08;
854056.93712915584911;1.570265872885556746e-08;
854390.29268619301729;1.5310492429421174165e-08;
854723.64824323018547;1.5963665944696003862e-08;
855057.00380026735365;1.5310330780948788743e-08;
855390.35935730452184;1.4780942692027565499e-08;
855723.71491434169002;1.5180358303723551217e-08;
856057.0704713788582;1.5810027065299436799e-08;
856390.42602841602638;1.5594018520914687542e-08;
856723.78158545319457;1.5391773189321611426e-08;
857057.13714249036275;1.5283619703154727176e-08;
857390.49269952753093;1.5305355205441628641e-08;
857723.84825656469911;1.644358604835360893e-08;
858057.2038136018673;1.5134984820974750619e-08;
858390.55937063903548;1.6035084371424090932e-08;
858723.91492767620366;1.4501980061254471366e-08;
859057.27048471337184;1.5506955719502002466e-08;
859390.62604175054003;1.5028660982352448627e-08;
859723.98159878770821;1.6033675720450446534e-08;
860057.33715582487639;1.5155364962993189692e-08;
860390.69271286204457;1.6087593479596762336e-08;
860724.04826989921276;1.6413657988323393511e-08;
861057.40382693638094;1.5550003951148028136e-08;
861390.75938397354912;1.6550467663023482601e-08;
861724.1149410107173;1.4844540707770192967e-08;
862057.47049804788548;1.6757542908862887998e-08;
862390.82605508505367;1.5510362771919972147e-08;
862724.18161212222185;1.624258771926179179e-08;
863057.53716915939003;1.4681181603748427733e-08;
863390.89272619655821;1.6365373056714815903e-08;
863724.2482832337264;1.6014253034768444195e-08;
864057.60384027089458;1.5034760991738949087e-08;
864390.95939730806276;1.5360628324856406834e-08;
864724.31495434523094;1.5124086871765030082e-08;
865057.67051138239913;1.5068051695266149181e-08;
865391.02606841956731;1.5701031585990676831e-08;
865724.38162545673549;1.5727504631968258764e-08;
866057.73718249390367;1.5014201437679730589e-08;
866391.09273953107186;1.7087607773191848537e-08;
866724.44829656824004;1.5258375896110010217e-08;
867057.80385360540822;1.6182605477865763532e-08;
867391.1594106425764;1.6652396794825108373e-08;
867724.51496767974459;1.5323408320000453386e-08;
868057.87052471691277;1.530116122694380465e-08;
868391.22608175408095;1.6073045117082074285e-08;
868724.58163879124913;1.5285605670101176656e-08;
869057.93719582841732;1.5386122598215479229e-08;
869391.2927528655855;1.5510117634676134912e-08;
869724.64830990275368;1.6159594551368172688e-08;
870058.00386693992186;1.541257965698150656e-08;
870391.35942397709005;1.6193325791391544044e-08;
870724.71498101425823;1.5663454533410003933e-08;
871058.07053805142641;1.6153180126821098384e-08;
871391.42609508859459;1.5531902874954539584e-08;
871724.78165212576278;1.5727229296658151725e-08;
872058.13720916293096;1.4885721988378008973e-08;
872391.49276620009914;1.6195146557151929301e-08;
872724.84832323726732;1.5091151439605710038e-08;
873058.20388027443551;1.5766621785928691679e-08;
873391.55943731160369;1.470058919039729517e-08;
873724.91499434877187;1.5501399275308358483e-08;
874058.27055138594005;1.6638622923892398831e-08;
874391.62610842310824;1.5322735080758320692e-08;
874724.98166546027642;1.5015942267382342834e-08;
875058.3372224974446;1.5262717312225504429e-08;
875391.69277953461278;1.5901250094429997262e-08;
875725.04833657178096;1.6520518286711194378e-08;
876058.40389360894915;1.4960937377850314078e-08;
876391.75945064611733;1.6154258375422614336e-08;
876725.11500768328551;1.4956048843828284589e-08;
877058.47056472045369;1.5137111120111512719e-08;
877391.82612175762188;1.6336677788331144257e-08;
877725.18167879479006;1.6165927263500634581e-08;
878058.53723583195824;1.5129668184954425669e-08;
878391.89279286912642;1.62540043646686172e-08;
878725.24834990629461;1.5504804551369488763e-08;
879058.60390694346279;1.56291779518369367e-08;
879391.95946398063097;1.6883481279705847555e-08;
879725.31502101779915;1.5427181310201376618e-08;
880058.67057805496734;1.5613316861617931863e-08;
880392.02613509213552;1.5386122598215479229e-08;
880725.3816921293037;1.604117016995587619e-08;
881058.73724916647188;1.5799088259882410057e-08;
881392.09280620364007;1.587663156499274919e-08;
881725.44836324080825;1.5311004020190921437e-08;
882058.80392027797643;1.5064610892068230896e-08;
882392.15947731514461;1.561109463921184215e-08;
882725.5150343523128;1.4713506857333413791e-08;
883058.87059138948098;1.442321817535230366e-08;
883392.22614842664916;1.4818381188774765178e-08;
883725.58170546381734;1.5944157993885710312e-08;
884058.93726250098553;1.5682616094636614434e-08;
884392.29281953815371;1.5637773742582794512e-08;
884725.64837657532189;1.5963328436896517815e-08;
885059.00393361249007;1.4856358809822722833e-08;
885392.35949064965826;1.6152839066307933535e-08;
885725.71504768682644;1.5529829866522959492e-08;
886059.07060472399462;1.4779047319279925432e-08;
886392.4261617611628;1.5757704474594902422e-08;
886725.78171879833099;1.4994931518685916672e-08;
887059.13727583549917;1.5572254596918355674e-08;
887392.49283287266735;1.5320717139388762007e-08;
887725.84838990983553;1.5716899781637039268e-08;
888059.20394694700371;1.5631291816475822998e-08;
888392.5595039841719;1.4883577925672852871e-08;
888725.91506102134008;1.5544650011634075781e-08;
889059.27061805850826;1.553542361421023088e-08;
889392.62617509567644;1.600215959740580729e-08;
889725.98173213284463;1.4926362368328227603e-08;
890059.33728917001281;1.5350702042837838235e-08;
890392.69284620718099;1.5597388269839029817e-08;
890726.04840324434917;1.5663783159425292979e-08;
891059.40396028151736;1.5790847740504432295e-08;
891392.75951731868554;1.5661830943258792104e-08;
891726.11507435585372;1.5887120952129407669e-08;
892059.4706313930219;1.5649893825298022421e-08;
892392.82618843019009;1.5534549646645245957e-08;
892726.18174546735827;1.546726124956876447e-08;
893059.53730250452645;1.6191135543408563535e-08;
893392.89285954169463;1.6009526149218800128e-08;
893726.24841657886282;1.5221001348209028947e-08;
894059.603973616031;1.5608737413685958018e-08;
894392.95953065319918;1.546492534032495314e-08;
894726.31508769036736;1.5630687855150426913e-08;
895059.67064472753555;1.6052192464144354744e-08;
895393.02620176470373;1.6019852111526233784e-08;
895726.38175880187191;1.553045692048726778e-08;
896059.73731583904009;1.4932552971913537476e-08;
896393.09287287620828;1.5866007174736296292e-08;
896726.44842991337646;1.5010588327868390479e-08;
897059.80398695054464;1.5054768098821114108e-08;
897393.15954398771282;1.5743205850071717578e-08;
897726.51510102488101;1.6055576423923412221e-08;
898059.87065806204919;1.5480745574336651771e-08;
898393.22621509921737;1.6404115399382135365e-08;
898726.58177213638555;1.6036464600688304927e-08;
899059.93732917355374;1.4909643297755792446e-08;
899393.29288621072192;1.5955590626504090324e-08;
899726.6484432478901;2.8284665276601117512e-08;
900060.00400028505828;1.5555468024786023307e-08;
900393.35955732222646;1.5507419348637085932e-08;
900726.71511435939465;1.5429971966796074412e-08;
901060.07067139656283;1.5777565920416236622e-08;
901393.42622843373101;1.5557025889734177326e-08;
901726.78178547089919;1.8253510702948005928e-08;
902060.13734250806738;1.5313370127501002571e-08;
902393.49289954523556;1.5673913722480392607e-08;
902726.84845658240374;1.5300221534175761917e-08;
903060.20401361957192;1.5831901123419811483e-08;
903393.55957065674011;1.6365861554845650971e-08;
903726.91512769390829;1.5256819807518695598e-08;
904060.27068473107647;1.6843843653191470366e-08;
904393.62624176824465;1.6253576262670321739e-08;
904726.98179880541284;1.5926074681260615762e-08;
905060.33735584258102;1.555158846144877316e-08;
905393.6929128797492;1.6150513815205158608e-08;
905727.04846991691738;1.5066065728319699701e-08;
906060.40402695408557;1.697493168251185125e-08;
906393.75958399125375;1.5557844790237140842e-08;
906727.11514102842193;1.5440630107832475915e-08;
907060.47069806559011;1.6204651842599560041e-08;
907393.8262551027583;1.5943179221267200774e-08;
907727.18181213992648;1.455059273069991832e-08;
908060.53736917709466;1.56681867480301662e-08;
908393.89292621426284;1.666975180114604882e-08;
908727.24848325143103;1.6569638106034290104e-08;
909060.60404028859921;1.5925767371527399519e-08;
909393.95959732576739;1.5204593140083488834e-08;
909727.31515436293557;1.5754936910639116832e-08;
910060.67071140010376;1.5814389797697003814e-08;
910394.02626843727194;1.5456288693371789122e-08;
910727.38182547444012;1.6404086977672704961e-08;
911060.7373825116083;1.5587882984391399077e-08;
911394.09293954877649;1.5362031646759533032e-08;
911727.44849658594467;1.5839635381098560174e-08;
912060.80405362311285;1.5738395475750621699e-08;
912394.15961066028103;1.7010693298402657092e-08;
912727.51516769744921;1.6067708941136515932e-08;
913060.8707247346174;1.5250764207053180144e-08;
913394.22628177178558;1.5838077516150406154e-08;
913727.58183880895376;1.5068712500010406075e-08;
914060.93739584612194;1.5249504770054045366e-08;
914394.29295288329013;1.5911700401716188935e-08;
914727.64850992045831;1.6236681332770785957e-08;
915061.00406695762649;1.6104332090094430896e-08;
915394.35962399479467;1.6333263630485816975e-08;
915727.71518103196286;1.5964422672709588369e-08;
916061.07073806913104;1.5572966916010955174e-08;
916394.42629510629922;1.5677272813263698481e-08;
916727.7818521434674;1.5878526937740389258e-08;
917061.13740918063559;1.5598812908024228818e-08;
917394.49296621780377;1.6253604684379752143e-08;
917727.84852325497195;1.6283127735050584306e-08;
918061.20408029214013;1.6578461270455591148e-08;
918394.55963732930832;1.6172288397342526878e-08;
918727.9151943664765;1.594258947079651989e-08;
919061.27075140364468;1.5625033711330615915e-08;
919394.62630844081286;1.6348018050393875455e-08;
919727.98186547798105;1.6278351111509437033e-08;
920061.33742251514923;1.6068105068711702188e-08;
920394.69297955231741;1.6259031454524119908e-08;
920728.04853658948559;1.6884607489942027314e-08;
921061.40409362665378;1.5833208522053610068e-08;
921394.75965066382196;1.5326504509971528023e-08;
921728.11520770099014;1.5976571177134246682e-08;
922061.47076473815832;1.5787296803182471194e-08;
922394.82632177532651;1.6514569267656042939e-08;
922728.18187881249469;1.6076405984222219558e-08;
923061.53743584966287;1.5814194398444669787e-08;
923394.89299288683105;1.5432222610911594529e-08;
923728.24854992399924;1.5522546803481418465e-08;
924061.60410696116742;1.6205278896563868329e-08;
924394.9596639983356;1.6833133997806726256e-08;
924728.31522103550378;1.6266115565599648107e-08;
925061.67077807267196;1.6883392461863877543e-08;
925395.02633510984015;1.5792206653486573487e-08;
925728.38189214700833;1.7271734265023042099e-08;
926061.73744918417651;1.6500969479693594621e-08;
926395.09300622134469;1.5693558452767319977e-08;
926728.44856325851288;1.5106827788713417249e-08;
927061.80412029568106;1.6436221272897455492e-08;
927395.15967733284924;1.5943879105861924472e-08;
927728.51523437001742;1.574528063486013707e-08;
928061.87079140718561;1.5797729346900268865e-08;
928395.22634844435379;1.7230489035569007683e-08;
928728.58190548152197;1.6236082700515908073e-08;
929061.93746251869015;1.6118370638196211075e-08;
929395.29301955585834;1.4974373740983537573e-08;
929728.64857659302652;1.644563774050311622e-08;
930062.0041336301947;1.6486625398215437599e-08;
930395.35969066736288;1.5672206643557728967e-08;
930728.71524770453107;1.5356391713794437237e-08;
931062.07080474169925;1.6130693225591130613e-08;
931395.42636177886743;1.6093981258791245637e-08;
931728.78191881603561;1.7199671020762252738e-08;
932062.1374758532038;1.6297637017714805552e-08;
932395.49303289037198;1.7102532723356489441e-08;
932728.84858992754016;1.5827200883222758421e-08;
933062.20414696470834;1.5240265938132324663e-08;
933395.55970400187653;1.636407986893573252e-08;
933728.91526103904471;1.6876690267508820398e-08;
934062.27081807621289;1.6467232910599705065e-08;
934395.62637511338107;1.5254220997462653031e-08;
934728.98193215054926;1.6498823640631599119e-08;
935062.33748918771744;1.6172430505889678898e-08;
935395.69304622488562;1.6763049615065028775e-08;
935729.0486032620538;1.6140047520707412332e-08;
936062.40416029922199;1.5327445979096410156e-08;
936395.75971733639017;1.6134661606770350772e-08;
936729.11527437355835;1.6540614211635329411e-08;
937062.47083141072653;1.6523536316981335403e-08;
937395.82638844789471;1.6766524169042895664e-08;
937729.1819454850629;1.5757372295865934575e-08;
938062.53750252223108;1.6323452811661809392e-08;
938395.89305955939926;1.5751753679182911583e-08;
938729.24861659656744;1.5915027518076385604e-08;
939062.60417363373563;1.6603292962713567249e-08;
939395.95973067090381;1.6237024169640790205e-08;
939729.31528770807199;1.6784795775492966641e-08;
940062.67084474524017;1.6942607317105284892e-08;
940396.02640178240836;1.6427446070110818255e-08;
940729.38195881957654;1.5092663119276039652e-08;
941062.73751585674472;1.6685309134345516213e-08;
941396.0930728939129;1.57618025298233988e-08;
941729.44862993108109;1.7956201858737586008e-08;
942062.80418696824927;1.6114606538053521945e-08;
942396.15974400541745;1.5892899440927976684e-08;
942729.51530104258563;1.6027705385113222292e-08;
943062.87085807975382;1.5358173399704355688e-08;
943396.226415116922;1.6705516969750533463e-08;
943729.58197215409018;1.5770471151199672022e-08;
944062.93752919125836;1.5436425471193615522e-08;
944396.29308622842655;1.5542219955477776239e-08;
944729.64864326559473;1.7029890386766055599e-08;
945063.00420030276291;1.6709332584241565201e-08;
945396.35975733993109;1.530393056725642964e-08;
945729.71531437709928;1.5585721158117848972e-08;
946063.07087141426746;1.6631025445690283959e-08;
946396.42642845143564;1.6299697591648509842e-08;
946729.78198548860382;1.8056539374811109155e-08;
947063.13754252577201;1.6429062554834672483e-08;
947396.49309956294019;1.6549885017980159319e-08;
947729.84865660010837;1.5914524809090835333e-08;
948063.20421363727655;1.5151744747754491982e-08;
948396.55977067444474;1.6143195225026829576e-08;
948729.91532771161292;1.6783911149786945316e-08;
949063.2708847487811;1.6428254312472745369e-08;
949396.62644178594928;1.5034894218501904106e-08;
949729.98199882311746;1.645563685315210023e-08;
950063.33755586028565;1.65454956402300013e-08;
950396.69311289745383;1.5739555436766750063e-08;
950730.04866993462201;1.5359656657665254897e-08;
951063.40422697179019;1.6337395436494261958e-08;
951396.75978400895838;1.6109765965666156262e-08;
951730.11534104612656;1.6431833671504136873e-08;
952063.47089808329474;1.6015096804267159314e-08;
952396.82645512046292;1.5910163853050107718e-08;
952730.18201215763111;1.600634824683311308e-08;
953063.53756919479929;1.7055937107102181471e-08;
953396.89312623196747;1.6091155075059759838e-08;
953730.24868326913565;1.6106426414808083791e-08;
954063.60424030630384;1.608996669233420107e-08;
954396.95979734347202;1.7188858336680823413e-08;
954730.3153543806402;1.6056704410516431381e-08;
955063.67091141780838;1.5879754400316414831e-08;
955397.02646845497657;1.5862189783888425154e-08;
955730.38202549214475;1.5780504014628604637e-08;
956063.73758252931293;1.6185932594225960202e-08;
956397.09313956648111;1.6616043652106782247e-08;
956730.4486966036493;1.6457949669756999356e-08;
957063.80425364081748;1.5946735487659680075e-08;
957397.15981067798566;1.6046834971916723589e-08;
957730.51536771515384;1.7285969988733995706e-08;
958063.87092475232203;1.6174476868968667986e-08;
958397.22648178949021;1.6311901163135189563e-08;
958730.58203882665839;1.6261315849419588631e-08;
959063.93759586382657;1.695457640948916378e-08;
959397.29315290099476;1.6067286168208738673e-08;
959730.64870993816294;1.6397287083691480802e-08;
960064.00426697533112;1.587520870316438959e-08;
960397.3598240124993;1.5677493081511784112e-08;
960730.71538104966749;1.6500708355238202785e-08;
961064.07093808683567;1.620166401039568882e-08;
961397.42649512400385;1.710316333003447653e-08;
961730.78205216117203;1.6090844212612864794e-08;
962064.13760919834021;1.6783321399316264433e-08;
962397.4931662355084;1.6187012619184315554e-08;
962730.84872327267658;1.6143506087473724619e-08;
963064.20428030984476;1.6764492016818621778e-08;
963397.55983734701294;1.5730986291373483255e-08;
963730.91539438418113;1.6593437734968574659e-08;
964064.27095142134931;1.6875118191705951176e-08;
964397.62650845851749;1.5815695419973962998e-08;
964730.98206549568567;1.6229408927870281332e-08;
965064.33762253285386;1.6089854781853318855e-08;
965397.69317957002204;1.5631183458708619582e-08;
965731.04873660719022;1.5833263589115631476e-08;
966064.4042936443584;1.5543694331654478447e-08;
966397.75985068152659;1.4779047319279925432e-08;
966731.11540771869477;1.6051092899260765989e-08;
967064.47096475586295;1.592890086499210156e-08;
967397.82652179303113;1.6674205127742425248e-08;
967731.18207883019932;1.5722974922027788125e-08;
968064.5376358673675;1.5596896218994515948e-08;
968397.89319290453568;1.6996146712244808441e-08;
968731.24874994170386;1.5917878570803623006e-08;
969064.60430697887205;1.7451805334189884888e-08;
969397.95986401604023;1.6261973101450166723e-08;
969731.31542105320841;1.7043477740230628115e-08;
970064.67097809037659;1.6083383513887383742e-08;
970398.02653512754478;1.6658599832908294047e-08;
970731.38209216471296;1.5814277887216121599e-08;
971064.73764920188114;1.6186643136961720302e-08;
971398.09320623904932;1.6691906523647048743e-08;
971731.44876327621751;1.6490623977460927563e-08;
972064.80432031338569;1.6041790118492826878e-08;
972398.15987735055387;1.5808028663855111517e-08;
972731.51543438772205;1.5745833081837190548e-08;
973064.87099142489024;1.6739154062861416605e-08;
973398.22654846205842;1.5821418841710510605e-08;
973731.5821054992266;1.5774157091641427542e-08;
974064.93766253639478;1.6074343633931675868e-08;
974398.29321957356296;1.6022891458078447613e-08;
974731.64877661073115;1.6371728861486189999e-08;
975065.00433364789933;1.5972753786286375544e-08;
975398.35989068506751;1.6183998141627853329e-08;
975731.71544772223569;1.6105124345244803408e-08;
976065.07100475940388;1.6462777807646489237e-08;
976398.42656179657206;1.7077255165531823877e-08;
976731.78211883374024;1.63596816094013775e-08;
977065.13767587090842;1.5374261863598803757e-08;
977398.49323290807661;1.5356311777736664226e-08;
977731.84878994524479;1.6543170389127226372e-08;
978065.20434698241297;1.6888256126890155429e-08;
978398.55990401958115;1.6853668682870193152e-08;
978731.91546105674934;1.4884179222462989856e-08;
979065.27101809391752;1.6415445003303830163e-08;
979398.6265751310857;1.6193611784842687484e-08;
979731.98213216825388;1.6249265044621097331e-08;
980065.33768920542207;1.6870732366669471958e-08;
980398.69324624259025;1.6619431164599518524e-08;
980732.04880327975843;1.666790794274675136e-08;
981065.40436031692661;1.609932631652100099e-08;
981398.7599173540948;1.6108945288806353346e-08;
981732.11547439126298;1.6442026407048615511e-08;
982065.47103142843116;1.6711123151935680653e-08;
982398.82658846559934;1.6134348967966616328e-08;
982732.18214550276753;1.676649397097662586e-08;
983065.53770253993571;1.7023129572635298246e-08;
983398.89325957710389;1.632471402501778357e-08;
983732.24881661427207;1.6684635895103383518e-08;
984065.60437365144026;1.6922767187566023495e-08;
984398.95993068860844;1.710968611234875425e-08;
984732.31548772577662;1.6677720537927598343e-08;
985065.6710447629448;1.7590004119938384974e-08;
985399.02660180011299;1.69618150636097198e-08;
985732.38215883728117;1.6556224835539978812e-08;
986065.73771587444935;1.6121514789801949519e-08;
986399.09327291161753;1.6754039933175590704e-08;
986732.44882994878571;1.647904035451119853e-08;
987065.8043869859539;1.5886422843891523371e-08;
987399.15994402312208;1.6004408465164488007e-08;
987732.51550106029026;1.5929543906167964451e-08;
988065.87105809745844;1.5681598242167638091e-08;
988399.22661513462663;1.6077676079362390738e-08;
988732.58217217179481;1.6236910482803068589e-08;
989065.93772920896299;1.5902479333362862235e-08;
989399.29328624613117;1.5292643595898880449e-08;
989732.64884328329936;1.6566437111009690852e-08;
990066.00440032046754;1.7359340631628583651e-08;
990399.35995735763572;1.689422113315686147e-08;
990732.7155143948039;1.6155166093767547864e-08;
991066.07107143197209;1.6556981563553563319e-08;
991399.42662846914027;1.6945255865152830665e-08;
991732.78218550630845;1.5949312981433649838e-08;
992066.13774254347663;1.6117210677180082712e-08;
992399.49329958064482;1.7509968586182367289e-08;
992732.848856617813;1.6804769131795183057e-08;
993066.20441365498118;1.5876658210345340194e-08;
993399.55997069214936;1.6855802087434312853e-08;
993732.91552772931755;1.531449989045086113e-08;
994066.27108476648573;1.5477590764589876926e-08;
994399.62664180365391;1.6887545584154395328e-08;
994732.98219884082209;1.4993114305639210215e-08;
995066.33775587799028;1.6284413817402310087e-08;
995399.69331291515846;1.706160190906302887e-08;
995733.04886995232664;1.6102749356150525273e-08;
996066.40442698949482;1.7312045130779551982e-08;
996399.75998402666301;1.6177517991877721215e-08;
996733.11554106383119;1.6635437916079354181e-08;
997066.47109810099937;1.6567367921993536584e-08;
997399.82665513816755;1.6706191985349505558e-08;
997733.18221217533574;1.7012576236652421358e-08;
998066.53776921250392;1.7123095830129386741e-08;
998399.8933262496721;1.6268517200046517246e-08;
998733.24888328684028;1.5184813406676767045e-08;
999066.60444032400846;1.6507579303493002953e-08;
999399.95999736117665;1.6700617777587467572e-08;
999733.31555439834483;1.5363704974902248068e-08;
1000066.671111435513;1.7372396854398175492e-08;
1000400.0266684726812;1.6848991535312052292e-08;
1000733.3822255098494;1.6470414365699070913e-08;
1001066.7377825470176;1.6597548224694946839e-08;
1001400.0933395841857;1.5673389697212769534e-08;
1001733.4488966213539;1.7190942003253439907e-08;
1002066.8044536585221;1.6702701444160084066e-08;
1002400.1600106956903;1.6636548139103979338e-08;
1002733.5155677328585;1.6340752750920728431e-08;
1003066.8711247700267;1.6593496354744274868e-08;
1003400.2266818071948;1.7397074003611123771e-08;
1003733.582238844363;1.7853190925620765483e-08;
1004066.9377958815312;1.7938072360834667052e-08;
1004400.2933529186994;1.6975677752384399355e-08;
1004733.6489099558676;1.6526264801086654188e-08;
1005067.0044669930357;1.6711917183442892565e-08;
1005400.3600240302039;1.6900900234873006411e-08;
1005733.7155810673721;1.7468890334271236497e-08;
1006067.0711381045403;1.7096434490326828382e-08;
1006400.4266951417085;1.7101392302265594481e-08;
1006733.7822521788767;1.7264666141159068502e-08;
1007067.1378092160448;1.6151648907225535368e-08;
1007400.493366253213;1.7050275857855012873e-08;
1007733.8489232903812;1.7034018640060821781e-08;
1008067.2044803275494;1.6359136267851681623e-08;
1008400.5600373647176;1.6262401203448462184e-08;
1008733.9155944018858;1.6828639815003043623e-08;
1009067.2711514390539;1.6946387404459528625e-08;
1009400.6267084762221;1.707791419391924137e-08;
1009733.9822655133903;1.6347385667359048966e-08;
1010067.3378225505585;1.717762820874213503e-08;
1010400.6933795877267;1.664379745136557176e-08;
1010734.0489366248948;1.8356736575242393883e-08;
1011067.404493662063;1.7225465498427183775e-08;
1011400.7600506992312;1.6261202162581867015e-08;
1011734.1156077363994;1.718408704221019434e-08;
1012067.4711647735676;1.5449556300950462173e-08;
1012400.8267218107358;1.6227442500849065254e-08;
1012734.1822788479039;1.694918694283842342e-08;
1013067.5378358850721;1.5775182049537761486e-08;
1013400.8933929222403;1.6452601059313565202e-08;
1013734.2489499594085;1.7526771145526254259e-08;
1014067.6045069965767;1.6783852530011245108e-08;
1014400.9600640337449;1.6562799132202599139e-08;
1014734.315621070913;1.6868657581881052465e-08;
1015067.6711781080812;1.8031846238386606274e-08;
1015401.0267351452494;1.6313878248297442042e-08;
1015734.3822921824176;1.7548121178379005869e-08;
1016067.7378492195858;1.6739154062861416605e-08;
1016401.093406256754;1.5777787965021161654e-08;
1016734.4489632939221;1.661890536297505605e-08;
1017067.8045203310903;1.7516766703806752048e-08;
1017401.1600773682585;1.6314336548362007306e-08;
1017734.5156344054267;1.7085266534877519007e-08;
1018067.8711914425949;1.6692844440058252076e-08;
1018401.226748479763;1.6202061914327714476e-08;
1018734.5823055169312;1.6829289961606264114e-08;
1019067.9378625540994;1.7558235754222550895e-08;
1019401.2934195912676;1.681280181742295099e-08;
1019734.6489766284358;1.6694515991844127711e-08;
1020068.004533665604;1.6214704245953726058e-08;
1020401.3600907027721;1.6456965568067971617e-08;
1020734.7156477399403;1.6467001984210583032e-08;
1021068.0712047771085;1.657790704712169827e-08;
1021401.4267618142767;1.65525904094465659e-08;
1021734.7823188514449;1.680748695775946544e-08;
1022068.1378758886131;1.6581868322873560828e-08;
1022401.4934329257812;1.6539770442136614292e-08;
1022734.8489899629494;1.6646868772340894793e-08;
1023068.2045470001176;1.6678628256272531871e-08;
1023401.5601040372858;1.7142719244134241308e-08;
1023734.915661074454;1.7178594546862768766e-08;
1024068.2712181116221;1.7438534172242725617e-08;
1024401.6267751487903;1.5805390773948602146e-08;
1024734.9823321859585;1.7719552047879005841e-08;
1025068.3378892231267;1.8410538871194148669e-08;
1025401.6934462602949;1.571584995474495372e-08;
1025735.0490032974631;1.7605275459686708928e-08;
1026068.4045603346312;1.589222975439952279e-08;
1026401.7601173717994;1.8118340605610683269e-08;
1026735.1156744089676;1.6664014168554786011e-08;
1027068.4712314461358;1.6232261756954358134e-08;
1027401.826788483304;1.7276468256000043766e-08;
1027735.1823455204722;1.7194958346067323873e-08;
1028068.5379025576403;1.6856274598353593319e-08;
1028401.8934595948085;1.7180132871885689383e-08;
1028735.2490166319767;1.6329677166027067869e-08;
1029068.6045736691449;1.6771236843737824529e-08;
1029401.9601307063131;1.6278008274639432784e-08;
1029735.3156877434812;1.6377308398318746185e-08;
1030068.6712447806494;1.7090910020556293603e-08;
1030402.0268018178176;1.6485149245681895991e-08;
1030735.3823588549858;1.7207227642757061403e-08;
1031068.737915892154;1.6322735163498691691e-08;
1031402.0934729293222;1.6699591043334294227e-08;
1031735.4490299664903;1.6951210213278500305e-08;
1032068.8045870036585;1.6832956362122786231e-08;
1032402.1601440408267;1.7052970591180383053e-08;
1032735.5157010779949;1.6757425669311487582e-08;
1033068.8712581151631;1.7559530718358473678e-08;
1033402.2268151523313;1.7335844759713836538e-08;
1033735.5823721894994;1.7780731553784789867e-08;
1034068.9379292266676;1.723330456115945708e-08;
1034402.2934862638358;1.7029650578592736565e-08;
1034735.649043301004;1.6124799273598000582e-08;
1035069.0046003381722;1.6943262792779023584e-08;
1035402.3601573753403;1.7808428509624718572e-08;
1035735.7157144125085;1.7214786041108709469e-08;
1036069.0712714496767;1.7337367097525202553e-08;
1036402.4268284868449;1.6883628717323517776e-08;
1036735.7823855240131;1.7262088647385098739e-08;
1037069.1379425611813;1.58447832632191421e-08;
1037402.4934995983494;1.6640347766383456474e-08;
1037735.8490566355176;1.7037251609508530237e-08;
1038069.2046136726858;1.6822344406364209135e-08;
1038402.560170709854;1.6745183017974341055e-08;
1038735.9157277470222;1.6962738769166207931e-08;
1039069.2712847841904;1.7613505320923650288e-08;
1039402.6268418213585;1.6131089353166316869e-08;
1039735.9823988585267;1.7370291871543486195e-08;
1040069.3379558956949;1.7258511064710546634e-08;
1040402.6935129328631;1.7092261828111077193e-08;
1040736.0490699700313;1.5830648791848034307e-08;
1041069.4046270071995;1.7192904877560977184e-08;
1041402.7601840443676;1.7654272710387886036e-08;
1041736.1157410815358;1.7713700728450021415e-08;
1042069.471298118704;1.6033421701422412298e-08;
1042402.8268551558722;1.6681704906318373105e-08;
1042736.1824121930404;1.7098567894890948082e-08;
1043069.5379692302085;1.6961964277584229421e-08;
1043402.8935262673767;1.7561166743007561308e-08;
1043736.2490833045449;1.748571420989719627e-08;
1044069.6046403417131;1.7585803036013203382e-08;
1044402.9601973788813;1.69646465764117238e-08;
1044736.3157544160495;1.7343124270041698765e-08;
1045069.6713114532176;1.7622541648165679362e-08;
1045403.0268684903858;1.6414754000493303465e-08;
1045736.382425527554;1.8162893411499680951e-08;
1046069.7379825647222;1.7350773262592156243e-08;
1046403.0935396018904;1.7348000369565852452e-08;
1046736.4490966390586;1.7226524207103466324e-08;
1047069.8046536762267;1.6724957419000929804e-08;
1047403.1602107133949;1.6842303551811710349e-08;
1047736.5157677505631;1.697549834034361993e-08;
1048069.8713247877313;1.7287975495605678589e-08;
1048403.2268818248995;1.6957585557975107804e-08;
1048736.5824388619512;1.7564467214015166974e-08;
1049069.937995899003;1.71873484333673332e-08;
1049403.2935529360548;1.7135404206669591076e-08;
1049736.6491099731065;1.7128090945561780245e-08;
1050070.0046670101583;1.7242660632632578199e-08;
1050403.3602240472101;1.7298273036203681841e-08;
1050736.7157810842618;1.7771832006019394612e-08;
1051070.0713381213136;1.7002538044152970542e-08;
1051403.4268951583654;1.6638242783528767177e-08;
1051736.7824521954171;1.6606794162044025143e-08;
1052070.1380092324689;1.6697390137210277317e-08;
1052403.4935662695207;1.7364708781997251208e-08;
1052736.8491233065724;1.7307970168189967808e-08;
1053070.2046803436242;1.791983628152138408e-08;
1053403.560237380676;1.6833430649398906098e-08;
1053736.9157944177277;1.7700916288276857813e-08;
1054070.2713514547795;1.7506154748048174952e-08;
1054403.6269084918313;1.7377159267084607563e-08;
1054736.982465528883;1.8185177808049957093e-08;
1055070.3380225659348;1.7695350962299016828e-08;
1055403.6935796029866;1.6876452235692340764e-08;
1055737.0491366400383;1.7673137620022316696e-08;
1056070.4046936770901;1.8747883245850971434e-08;
1056403.7602507141419;1.6484598575061681913e-08;
1056737.1158077511936;1.8433775395010343345e-08;
1057070.4713647882454;1.6956274606627630419e-08;
1057403.8269218252972;1.7195864288055418001e-08;
1057737.1824788623489;1.7267305807422417274e-08;
1058070.5380358994007;1.7317093536917127494e-08;
1058403.8935929364525;1.7375510807937644131e-08;
1058737.2491499735042;1.7627248993790090026e-08;
1059070.604707010556;1.6690734128133044578e-08;
1059403.9602640476078;1.7379418792984324682e-08;
1059737.3158210846595;1.7335814561647566734e-08;
1060070.6713781217113;1.7239965899307208019e-08;
1060404.0269351587631;1.6648534995056252228e-08;
1060737.3824921958148;1.8984254168685765762e-08;
1061070.7380492328666;1.7263241502973869501e-08;
1061404.0936062699184;1.7149798026139251306e-08;
1061737.4491633069701;1.8082060293522772554e-08;
1062070.8047203440219;1.6710684391796348791e-08;
1062404.1602773810737;1.867714161107869586e-08;
1062737.5158344181255;1.7556200049284598208e-08;
1063070.8713914551772;1.67412412821477119e-08;
1063404.226948492229;1.7307332456084623118e-08;
1063737.5825055292808;1.7523907658301141055e-08;
1064070.9380625663325;1.7256327922154923726e-08;
1064404.2936196033843;1.7797043838641002367e-08;
1064737.6491766404361;1.7990142708868006594e-08;
1065071.0047336774878;1.7462538082213541202e-08;
1065404.3602907145396;1.8245977173592109466e-08;
1065737.7158477515914;1.7251780448646059085e-08;
1066071.0714047886431;1.6679742032010835828e-08;
1066404.4269618256949;1.795266868498401891e-08;
1066737.7825188627467;1.7651542449925727851e-08;
1067071.1380758997984;1.6574412953218597977e-08;
1067404.4936329368502;1.8472384510914707789e-08;
1067737.849189973902;1.7503110072425442922e-08;
1068071.2047470109537;1.8297784620813217771e-08;
1068404.5603040480055;1.7510153327293664915e-08;
1068737.9158610850573;1.7421266207406915782e-08;
1069071.271418122109;1.7635517934877498192e-08;
1069404.6269751591608;1.755657130786403286e-08;
1069737.9825321962126;1.8838111515151467756e-08;
1070071.3380892332643;1.7054949452699474932e-08;
1070404.6936462703161;1.7576597954871431284e-08;
1070738.0492033073679;1.7401628582547346014e-08;
1071071.4047603444196;1.7029860188699785795e-08;
1071404.7603173814714;1.7736681456881342456e-08;
1071738.1158744185232;1.7394873097487106861e-08;
1072071.4714314555749;1.7162244958512928861e-08;
1072404.8269884926267;1.7641220040331972996e-08;
1072738.1825455296785;1.7300918031537548814e-08;
1073071.5381025667302;1.7611029079489526339e-08;
1073404.893659603782;1.7559253606691527239e-08;
1073738.2492166408338;1.7006689390086648928e-08;
1074071.6047736778855;1.7649092853844194906e-08;
1074404.9603307149373;1.7568325461070344318e-08;
1074738.3158877519891;1.7337244528903283936e-08;
1075071.6714447890408;1.7590931378208551905e-08;
1075405.0270018260926;1.6677045522328626248e-08;
1075738.3825588631444;1.8138212709573053871e-08;
1076071.7381159001961;1.7632141080525798316e-08;
1076405.0936729372479;1.8494594300477729121e-08;
1076738.4492299742997;1.7354460979390751163e-08;
1077071.8047870113514;1.8323582651191827608e-08;
1077405.1603440484032;1.7213878322763775941e-08;
1077738.515901085455;1.7588675405022513587e-08;
1078071.8714581225067;1.7368186888688796898e-08;
1078405.2270151595585;1.7925943396335242142e-08;
1078738.5825721966103;1.7603513313702023879e-08;
1079071.938129233662;1.7993334822108408844e-08;
1079405.2936862707138;1.7148082065432390664e-08;
1079738.6492433077656;1.7743568392347697227e-08;
1080072.0048003448173;1.9109764437530429859e-08;
1080405.3603573818691;1.71114589164744757e-08;
1080738.7159144189209;1.906587066002884967e-08;
1081072.0714714559726;1.8275875035556055082e-08;
1081405.4270284930244;1.8098903709073965729e-08;
1081738.7825855300762;1.7660196860447285871e-08;
1082072.1381425671279;1.7492505222094223427e-08;
1082405.4936996041797;1.7475089819640743372e-08;
1082738.8492566412315;1.6871087638037352008e-08;
1083072.2048136782832;1.7845319888465382974e-08;
1083405.560370715335;1.7599059987105647451e-08;
1083738.9159277523868;1.8396734802195169323e-08;
1084072.2714847894385;1.7299520038704940816e-08;
1084405.6270418264903;1.8326318240724503994e-08;
1084738.9825988635421;1.7937189511485485127e-08;
1085072.3381559005938;1.7017509179595435853e-08;
1085405.6937129376456;1.8203907714564593334e-08;
1085739.0492699746974;1.7705986010696506128e-08;
1086072.4048270117491;1.7958125653194656479e-08;
1086405.7603840488009;1.7218505732330413593e-08;
1086739.1159410858527;1.7621829329073079862e-08;
1087072.4714981229044;1.7593681178595943493e-08;
1087405.8270551599562;1.7268730445607616275e-08;
1087739.182612197008;1.858614950833725743e-08;
1088072.5381692340598;1.7878518221436934255e-08;
1088405.8937262711115;1.8707055460254196078e-08;
1088739.2492833081633;1.7421204034917536774e-08;
1089072.6048403452151;1.7624616432954098855e-08;
1089405.9603973822668;1.8059584050433841185e-08;
1089739.3159544193186;1.699166851665268041e-08;
1090072.6715114563704;1.6967090843422738544e-08;
1090406.0270684934221;1.8050354100296317483e-08;
1090739.3826255304739;1.7983982303348966525e-08;
1091072.7381825675257;1.7006451358270169294e-08;
1091406.0937396045774;1.8527243739185905724e-08;
1091739.4492966416292;1.8883470787045553152e-08;
1092072.804853678681;1.7977853872253035661e-08;
1092406.1604107157327;1.7268366292455539224e-08;
1092739.5159677527845;1.8945140567439011647e-08;
1093072.8715247898363;1.766649582179979916e-08;
1093406.227081826888;1.7759161252683952625e-08;
1093739.5826388639398;1.7487588266362763534e-08;
1094072.9381959009916;1.8098363696594788053e-08;
1094406.2937529380433;1.7814153707718105579e-08;
1094739.6493099750951;1.7309247368757496588e-08;
1095073.0048670121469;1.7846135236254667689e-08;
1095406.3604240491986;1.8211297359016498376e-08;
1095739.7159810862504;1.6476898068162881827e-08;
1096073.0715381233022;1.8827259751219571626e-08;
1096406.4270951603539;1.7287034026480796456e-08;
1096739.7826521974057;1.8779923394163233752e-08;
1097073.1382092344575;1.7261269746882135223e-08;
1097406.4937662715092;1.6870405517011022312e-08;
1097739.849323308561;1.8059647999280059594e-08;
1098073.2048803456128;1.8276935520589177031e-08;
1098406.5604373826645;1.795522308611907647e-08;
1098739.9159944197163;1.8244087129914987599e-08;
1099073.2715514567681;1.9089162250907065754e-08;
1099406.6271084938198;1.8828119507929841348e-08;
1099739.9826655308716;1.7597113100009664777e-08;
1100073.3382225679234;1.8276036684028440504e-08;
1100406.6937796049751;1.7520521922165244177e-08;
1100740.0493366420269;1.7912691774313316273e-08;
1101073.4048936790787;1.7721761835787219752e-08;
1101406.7604507161304;1.7867089141532233043e-08;
1101740.1160077531822;1.8162477743999261293e-08;
1102073.471564790234;1.8286280933921261749e-08;
1102406.8271218272857;1.7256661877240730973e-08;
1102740.1826788643375;1.8556168157601860003e-08;
1103073.5382359013893;1.7975105848222483473e-08;
1103406.893792938441;1.8627336118015591637e-08;
1103740.2493499754928;1.9448062715810010559e-08;
1104073.6049070125446;1.8875908835980226286e-08;
1104406.9604640495963;1.7464470758454808674e-08;
1104740.3160210866481;1.7165049825962341856e-08;
1105073.6715781236999;1.772033009217466315e-08;
1105407.0271351607516;1.7708288169160368852e-08;
1105740.3826921978034;1.8260855938478925964e-08;
1106073.7382492348552;1.771883617607272754e-08;
1106407.0938062719069;1.7608925872991676442e-08;
1106740.4493633089587;1.7024715859292882669e-08;
1107073.8049203460105;1.7929471241018291039e-08;
1107407.1604773830622;1.9198123979435877118e-08;
1107740.516034420114;1.8782266408834402682e-08;
1108073.8715914571658;1.7877482605399563909e-08;
1108407.2271484942175;1.7592940437793913588e-08;
1108740.5827055312693;1.8008229574206779944e-08;
1109073.9382625683211;1.7765495741173253919e-08;
1109407.2938196053728;1.85767170535200421e-08;
1109740.6493766424246;1.7236361671280064911e-08;
1110074.0049336794764;1.7938702967512654141e-08;
1110407.3604907165281;1.7239905503174668411e-08;
1110740.7160477535799;1.7470547675202396931e-08;
1111074.0716047906317;1.80213959311004146e-08;
1111407.4271618276834;1.8786852962193734129e-08;
1111740.7827188647352;1.7881879088577079528e-08;
1112074.138275901787;1.8569179971450466837e-08;
1112407.4938329388388;1.8513123478669513133e-08;
1112740.8493899758905;1.902381541185604874e-08;
1113074.2049470129423;1.7576505584315782471e-08;
1113407.5605040499941;1.7907657579030455963e-08;
1113740.9160610870458;1.8654121802796908014e-08;
1114074.2716181240976;1.8037802362869115314e-08;
1114407.6271751611494;1.768118096379112103e-08;
1114740.9827321982011;1.8874782625744046527e-08;
1115074.3382892352529;1.858614950833725743e-08;
1115407.6938462723047;1.7802298302171948308e-08;
1115741.0494033093564;1.8085046349369804375e-08;
1116074.4049603464082;1.7199278445900745282e-08;
1116407.76051738346;1.7873524882361380151e-08;
1116741.1160744205117;1.7252295592129485158e-08;
1117074.4716314575635;1.8202308993409133109e-08;
1117407.8271884946153;1.7592197920635044284e-08;
1117741.182745531667;1.7907058946775578079e-08;
1118074.5383025687188;1.8171222748719628726e-08;
1118407.8938596057706;1.8077232155633282673e-08;
1118741.2494166428223;1.8504278997966139286e-08;
1119074.6049736798741;1.8793224754176662827e-08;
1119407.9605307169259;1.8125630774079581897e-08;
1119741.3160877539776;1.8832784220990106405e-08;
1120074.6716447910294;1.8075740015888186463e-08;
1120408.0272018280812;1.72866396752624496e-08;
1120741.3827588651329;1.8149687974755579489e-08;
1121074.7383159021847;1.8446733918153768172e-08;
1121408.0938729392365;1.8671071799758465204e-08;
1121741.4494299762882;1.7787792572221405862e-08;
1122074.80498701334;1.7856232048529818712e-08;
1122408.1605440503918;1.8313702554451083415e-08;
1122741.5161010874435;1.8086698361230446608e-08;
1123074.8716581244953;1.8254313616239414841e-08;
1123408.2272151615471;1.81667854093348069e-08;
1123741.5827721985988;1.821529593826198834e-08;
1124074.9383292356506;1.8214176833453166182e-08;
1124408.2938862727024;1.8675534008139038633e-08;
1124741.6494433097541;1.7561598397719535569e-08;
1125075.0050003468059;1.8217887642890673305e-08;
1125408.3605573838577;1.8309425087181807612e-08;
1125741.7161144209094;1.8022376480075763538e-08;
1126075.0716714579612;1.8709192417531994579e-08;
1126408.427228495013;1.8284643132915334718e-08;
1126741.7827855320647;1.8499793696946653654e-08;
1127075.1383425691165;1.8755855535346199758e-08;
1127408.4938996061683;1.8331888895772863179e-08;
1127741.84945664322;1.778004410368794197e-08;
1128075.2050136802718;1.9019170238721017085e-08;
1128408.5605707173236;1.9126657591073126241e-08;
1128741.9161277543753;1.7794825168948591454e-08;
1129075.2716847914271;1.9714686771976630553e-08;
1129408.6272418284789;1.8683344649161881534e-08;
1129741.9827988655306;1.8654777278470646706e-08;
1130075.3383559025824;1.9057633693364550709e-08;
1130408.6939129396342;1.8483357067111683136e-08;
1130742.0494699766859;1.8027062509418101399e-08;
1131075.4050270137377;1.7669599117198231397e-08;
1131408.7605840507895;1.8665399892370260204e-08;
1131742.1161410878412;1.8032796589295685408e-08;
1132075.471698124893;1.7527664653016472585e-08;
1132408.8272551619448;1.8300516657632215356e-08;
1132742.1828121989965;1.8250176481160451658e-08;
1133075.5383692360483;1.8664481515884290275e-08;
1133408.8939262731001;1.7719427702900247823e-08;
1133742.2494833101518;1.805025995338382927e-08;
1134075.6050403472036;1.8740836438269070641e-08;
1134408.9605973842554;1.7993146528283432417e-08;
1134742.3161544213071;1.8644819022028968902e-08;
1135075.6717114583589;1.7193569235018912877e-08;
1135409.0272684954107;1.7254114581533031014e-08;
1135742.3828255324624;1.802408711171210598e-08;
1136075.7383825695142;1.8044838512309979706e-08;
1136409.093939606566;1.8962722947435395326e-08;
1136742.4494966436177;1.7962763720902330533e-08;
1137075.8050536806695;1.8381035360448549909e-08;
1137409.1606107177213;1.8105868804241254111e-08;
1137742.5161677547731;2.0151260216039190709e-08;
1138075.8717247918248;1.8446474570055215736e-08;
1138409.2272818288766;1.7937884067009690625e-08;
1138742.5828388659284;1.9069856804776463832e-08;
1139075.9383959029801;1.8859436679008467763e-08;
1139409.2939529400319;1.7135404206669591076e-08;
1139742.6495099770837;1.8331405726712546311e-08;
1140076.0050670141354;1.8747620345038740197e-08;
1140409.3606240511872;1.8806797896786520141e-08;
1140742.716181088239;1.7710993560626775434e-08;
1141076.0717381252907;1.8382843691711059364e-08;
1141409.4272951623425;1.8538898416409210768e-08;
1141742.7828521993943;1.9268606266109600256e-08;
1142076.138409236446;1.7986698352956409508e-08;
1142409.4939662734978;1.9358381564416049514e-08;
1142742.8495233105496;1.8737051021844308707e-08;
1143076.2050803476013;1.9590606470387683657e-08;
1143409.5606373846531;1.9403834983222623123e-08;
1143742.9161944217049;1.8305758686665285495e-08;
1144076.2717514587566;1.8685575753352168249e-08;
1144409.6273084958084;1.8070787533019938564e-08;
1144742.9828655328602;1.9173116427850800392e-08;
1145076.3384225699119;1.8392759315588591562e-08;
1145409.6939796069637;1.8576846727569318318e-08;
1145743.0495366440155;1.7630810589253087528e-08;
1146076.4050936810672;1.7802110008346971881e-08;
1146409.760650718119;1.7442916444565526035e-08;
1146743.1162077551708;2.0190663363450767065e-08;
1147076.4717647922225;1.8800157874920842005e-08;
1147409.8273218292743;1.8476960406133002834e-08;
1147743.1828788663261;1.8432254833555816731e-08;
1148076.5384359033778;1.877629607349717844e-08;
1148409.8939929404296;1.7023996434772925568e-08;
1148743.2495499774814;1.8901891607470133749e-08;
1149076.6051070145331;1.8184026728818025731e-08;
1149409.9606640515849;1.9307709209215317969e-08;
1149743.3162210886367;1.8664218615072059038e-08;
1150076.6717781256884;1.9409528206892900926e-08;
1150410.0273351627402;1.940161808988705161e-08;
1150743.382892199792;1.8115031252818880603e-08;
1151076.7384492368437;1.8887519104282546323e-08;
1151410.0940062738955;1.8624488618002033036e-08;
1151743.4495633109473;1.9218100888451772335e-08;
1152076.805120347999;1.8799333645347360289e-08;
1152410.1606773850508;1.8562330339477739471e-08;
1152743.5162344221026;1.8689975789243362669e-08;
1153076.8717914591543;1.8878264285149271018e-08;
1153410.2273484962061;1.9273075579917531286e-08;
1153743.5829055332579;1.9008314922075442155e-08;
1154076.9384625703096;1.8798045786638795107e-08;
1154410.2940196073614;1.8369542331697630289e-08;
1154743.6495766444132;1.7739983704245787521e-08;
1155077.0051336814649;1.9299433162700552202e-08;
1155410.3606907185167;1.9050201416348500061e-08;
1155743.7162477555685;1.89518996052129296e-08;
1156077.0718047926202;1.8865698336867353646e-08;
1156410.427361829672;1.8440351468029803073e-08;
1156743.7829188667238;1.8569082271824299823e-08;
1157077.1384759037755;1.9757957048227581254e-08;
1157410.4940329408273;2.0002527634233047138e-08;
1157743.8495899778791;1.886884781754361029e-08;
1158077.2051470149308;1.7003911167989826936e-08;
1158410.5607040519826;1.8040019256204686826e-08;
1158743.9162610890344;1.8856885830587089004e-08;
1159077.2718181260861;1.8515692090659285896e-08;
1159410.6273751631379;1.9322774491570271493e-08;
1159743.9829322001897;1.8476084662211178511e-08;
1160077.3384892372414;1.7847201050358307839e-08;
1160410.6940462742932;1.9196843226154669537e-08;
1160744.049603311345;1.9790853400536434492e-08;
1161077.4051603483967;1.9891167823971045436e-08;
1161410.7607173854485;1.849621966698578035e-08;
1161744.1162744225003;1.8223072828504882636e-08;
1162077.471831459552;1.9343559642948093824e-08;
1162410.8273884966038;1.8868615114797648857e-08;
1162744.1829455336556;2.0033755987469703541e-08;
1163077.5385025707074;1.7992356049489899306e-08;
1163410.8940596077591;1.919168468589305121e-08;
1163744.2496166448109;2.0142092438391046016e-08;
1164077.6051736818627;1.8395764911360856786e-08;
1164410.9607307189144;1.8978486338028233149e-08;
1164744.3162877559662;1.7799107965288385458e-08;
1165077.671844793018;1.9533800355020503048e-08;
1165411.0274018300697;1.8597255291297187796e-08;
1165744.3829588671215;2.0023939839575177757e-08;
1166077.7385159041733;1.9027458719733658654e-08;
1166411.094072941225;1.8606534979426214704e-08;
1166744.4496299782768;1.9087419644847614109e-08;
1167077.8051870153286;1.9002238005327853898e-08;
1167411.1607440523803;1.8163690995720571664e-08;
1167744.5163010894321;1.9562198971811994852e-08;
1168077.8718581264839;1.893522671991831885e-08;
1168411.2274151635356;1.7535979779381705157e-08;
1168744.5829722005874;1.9861557731815082661e-08;
1169077.9385292376392;1.8439994420305083622e-08;
1169411.2940862746909;1.9471650958280406485e-08;
1169744.6496433117427;1.924949089016081416e-08;
1170078.0052003487945;1.8613532049016612291e-08;
1170411.3607573858462;1.8619353170379326912e-08;
1170744.716314422898;1.8955361724692920689e-08;
1171078.0718714599498;1.9251586991231306456e-08;
1171411.4274284970015;1.8238543120219219418e-08;
1171744.7829855340533;1.899572943386829138e-08;
1172078.1385425711051;1.9842271825609714142e-08;
1172411.4940996081568;1.9410039797662648198e-08;
1172744.8496566452086;1.8330988282855287252e-08;
1173078.2052136822604;1.8722442263197081047e-08;
1173411.5607707193121;1.8404847423880710267e-08;
1173744.9163277563639;1.9732288691898247635e-08;
1174078.2718847934157;2.027148227057296026e-08;
1174411.6274418304674;1.8698973036634924938e-08;
1174744.9829988675192;1.8953862479520466877e-08;
1175078.338555904571;1.8463818918235119781e-08;
1175411.6941129416227;1.8158681669433462957e-08;
1175745.0496699786745;1.8813903324144121143e-08;
1176078.4052270157263;1.935566018573808833e-08;
1176411.760784052778;1.8053684769370192953e-08;
1176745.1163410898298;1.8315311933747580042e-08;
1177078.4718981268816;1.8011267144402154372e-08;
1177411.8274551639333;1.8591277850532605953e-08;
1177745.1830122009851;1.8384618272193620214e-08;
1178078.5385692380369;1.8064152840224778629e-08;
1178411.8941262750886;1.9337409895570090157e-08;
1178745.2496833121404;1.929296011837777769e-08;
1179078.6052403491922;1.9140237839110341156e-08;
1179411.9607973862439;1.8792928102584482986e-08;
1179745.3163544232957;1.9269249307285463146e-08;
1180078.6719114603475;1.8864538375851225283e-08;
1180412.0274684973992;1.8032036308568422101e-08;
1180745.383025534451;1.9379919891093777551e-08;
1181078.7385825715028;1.9065033995957492152e-08;
1181412.0941396085545;1.9880582513565059344e-08;
1181745.4496966456063;1.8716194816192910366e-08;
1182078.8052536826581;1.96065119695276735e-08;
1182412.1608107197098;1.8606895579864612955e-08;
1182745.5163677567616;1.9148913565913971979e-08;
1183078.8719247938134;1.9186087385492101021e-08;
1183412.2274818308651;1.9920575411447316583e-08;
1183745.5830388679169;1.8372576349179325916e-08;
1184078.9385959049687;2.0107339793185019516e-08;
1184412.2941529420204;1.9743904289271085872e-08;
1184745.6497099790722;1.9017566188495038659e-08;
1185079.005267016124;1.9397495165662803629e-08;
1185412.3608240531757;1.8627597242470983474e-08;
1185745.7163810902275;1.8380937660822382895e-08;
1186079.0719381272793;1.9697550257546936336e-08;
1186412.427495164331;1.9532770068053650903e-08;
1186745.7830522013828;1.7988815770308974606e-08;
1187079.1386092384346;1.9323927347159042256e-08;
1187412.4941662754864;1.9837740339312404103e-08;
1187745.8497233125381;1.8148890390534688777e-08;
1188079.2052803495899;1.8562557713153182704e-08;
1188412.5608373866417;1.849621966698578035e-08;
1188745.9163944236934;1.8429954451448793407e-08;
1189079.2719514607452;1.8967252657375865965e-08;
1189412.627508497797;1.8680029967299560667e-08;
1189745.9830655348487;1.8775669019532870152e-08;
1190079.3386225719005;1.9391872996266101836e-08;
1190412.6941796089523;1.8382616318035616132e-08;
1190746.049736646004;1.7736649482458233251e-08;
1191079.4052936830558;1.8424742620481993072e-08;
1191412.7608507201076;1.9400392403667865437e-08;
1191746.1164077571593;1.8930103706793488527e-08;
1192079.4719647942111;1.8640985643969543162e-08;
1192412.8275218312629;2.0006252654525269463e-08;
1192746.1830788683146;1.9282490271166352613e-08;
1193079.5386359053664;1.866926879756647395e-08;
1193412.8941929424182;1.9903261261333682342e-08;
1193746.2497499794699;2.4566251255464521819e-08;
1194079.6053070165217;1.9733640499453031225e-08;
1194412.9608640535735;1.8788009370496183692e-08;
1194746.3164210906252;1.9683714214124847786e-08;
1195079.671978127677;1.8703605775272080791e-08;
1195413.0275351647288;1.9690665098437420966e-08;
1195746.3830922017805;1.8486636221837215999e-08;
1196079.7386492388323;1.9443962884224674781e-08;
1196413.0942062758841;1.8399999746065986983e-08;
1196746.4497633129358;1.9497973013926639396e-08;
1197079.8053203499876;1.8142960911404770741e-08;
1197413.1608773870394;1.9876356560644126148e-08;
1197746.5164344240911;1.8374835875079043035e-08;
1198079.8719914611429;1.9097582182325822941e-08;
1198413.2275484981947;1.8726849404515633069e-08;
1198746.5831055352464;1.9548217267129075481e-08;
1199079.9386625722982;1.885976708138059621e-08;
1199413.29421960935;1.9251418237331563432e-08;
1199746.6497766464017;1.9730277855956046551e-08;
1200080.0053336834535;1.9344714274893703987e-08;
1200413.3608907205053;1.9221578995143318025e-08;
1200746.716447757557;1.9941374773679854115e-08;
1201080.0720047946088;1.9570242315580799186e-08;
1201413.4275618316606;1.9679150753404428542e-08;
1201746.7831188687123;1.9529304395859981014e-08;
1202080.1386759057641;1.8440772464600740932e-08;
1202413.4942329428159;1.7814311803476812202e-08;
1202746.8497899798676;1.9154464681037097762e-08;
1203080.2053470169194;1.8050100081268283247e-08;
1203413.5609040539712;1.8613990349081177555e-08;
1203746.9164610910229;1.8677765112329325348e-08;
1204080.2720181280747;1.7882349823139520595e-08;
1204413.6275751651265;1.9710704179942695191e-08;
1204746.9831322021782;1.93852311980435843e-08;
1205080.33868923923;1.8139010293793944584e-08;
1205413.6942462762818;1.974948915517416026e-08;
1205747.0498033133335;1.9764691217005747603e-08;
1206080.4053603503853;1.9269622342221737199e-08;
1206413.7609173874371;1.9345394619563194283e-08;
1206747.1164744244888;2.0014091717257542768e-08;
1207080.4720314615406;2.0413784440620474925e-08;
1207413.8275884985924;1.9756011937488437979e-08;
1207747.1831455356441;1.9437132792177180818e-08;
1208080.5387025726959;1.887906009301332233e-08;
1208413.8942596097477;1.9954235597197111929e-08;
1208747.2498166467994;1.932012594352272572e-08;
1209080.6053736838512;1.9470897782980500779e-08;
1209413.960930720903;1.9233366899129578087e-08;
1209747.3164877579547;2.2275482791656031623e-08;
1210080.6720447950065;2.1249368487019637541e-08;
1210414.0276018320583;1.9588162203376668913e-08;
1210747.38315886911;1.944225402894517174e-08;
1211080.7387159061618;1.8567776649547340639e-08;
1211414.0942729432136;1.8983152827445337607e-08;
1211747.4498299802653;1.9062554201809689403e-08;
1212080.8053870173171;1.8889044994807591138e-08;
1212414.1609440543689;2.0666693245630085585e-08;
1212747.5165010914207;1.9060745870547179948e-08;
1213080.8720581284724;1.9890293856406060513e-08;
1213414.2276151655242;1.9488897606834143517e-08;
1213747.583172202576;1.9676349438668694347e-08;
1214080.9387292396277;1.9404515327892113419e-08;
1214414.2942862766795;1.9623879410346489749e-08;
1214747.6498433137313;1.9547186980162223335e-08;
1215081.005400350783;1.849430297795606748e-08;
1215414.3609573878348;1.9288114216919893806e-08;
1215747.7165144248866;1.904026447618889506e-08;
1216081.0720714619383;1.9212800239643001987e-08;
1216414.4276284989901;1.8751672214989412169e-08;
1216747.7831855360419;2.11774437985923214e-08;
1217081.1387425730936;2.0563010849627971766e-08;
1217414.4942996101454;1.9839344389538382529e-08;
1217747.8498566471972;2.0060380023778634495e-08;
1218081.2054136842489;2.05724770552251357e-08;
1218414.5609707213007;2.0730617222852742998e-08;
1218747.9165277583525;2.0422859847712970804e-08;
1219081.2720847954042;1.8281431479749699065e-08;
1219414.627641832456;1.9853917621048822184e-08;
1219747.9831988695078;1.8943710600183294446e-08;
1220081.3387559065595;1.9759726299639623903e-08;
1220414.6943129436113;1.9657175442944208044e-08;
1220748.0498699806631;1.9492492953077089624e-08;
1221081.4054270177148;1.8896779252486339828e-08;
1221414.7609840547666;1.8715569538585441478e-08;
1221748.1165410918184;1.974459706843845197e-08;
1222081.4720981288701;1.9384959415447156061e-08;
1222414.8276551659219;1.9986792665349639719e-08;
1222748.1832122029737;1.9544131646398454905e-08;
1223081.5387692400254;2.0964861846550775226e-08;
1223414.8943262770772;2.0575187775762060483e-08;
1223748.249883314129;1.9630983061347251351e-08;
1224081.6054403511807;1.9546774865375482477e-08;
1224414.9609973882325;1.9816111418435866653e-08;
1224748.3165544252843;1.8522296585388176027e-08;
1225081.672111462336;2.060673054415929073e-08;
1225415.0276684993878;1.9778688908900221577e-08;
1225748.3832255364396;1.863643461774699972e-08;
1226081.7387825734913;1.931778470520839619e-08;
1226415.0943396105431;1.9468263445787670207e-08;
1226748.4498966475949;2.0003723122385963507e-08;
1227081.8054536846466;1.8431768111781821062e-08;
1227415.1610107216984;1.9555843167040620756e-08;
1227748.5165677587502;1.9365897330203551974e-08;
1228081.8721247958019;1.9558591191071172943e-08;
1228415.2276818328537;1.950828476537935785e-08;
1228748.5832388699055;1.8391595801858784398e-08;
1229081.9387959069572;1.86157222969995928e-08;
1229415.294352944009;2.0158411828674616117e-08;
1229748.6499099810608;2.0246712750804363168e-08;
1230082.0054670181125;2.0058054772675859567e-08;
1230415.3610240551643;1.9447345067646892858e-08;
1230748.7165810922161;1.867934074084587337e-08;
1231082.0721381292678;1.9833663600365980528e-08;
1231415.4276951663196;1.9831434272532533214e-08;
1231748.7832522033714;2.0395289013208639517e-08;
1232082.1388092404231;1.9879360380059551971e-08;
1232415.4943662774749;1.9788176430779458315e-08;
1232748.8499233145267;1.8969751991448902118e-08;
1233082.2054803515784;1.9432148334885823715e-08;
1233415.5610373886302;1.9528584971340023912e-08;
1233748.916594425682;1.9537917950174232828e-08;
1234082.2721514627337;1.9654033067695309001e-08;
1234415.6277084997855;1.9168334475239134918e-08;
1234748.9832655368373;1.9729549549651892448e-08;
1235082.338822573889;2.0665785527285152057e-08;
1235415.6943796109408;1.8989890548937182757e-08;
1235749.0499366479926;2.1252429149853924173e-08;
1236082.4054936850443;1.9589297295397045673e-08;
1236415.7610507220961;1.8684492175680134096e-08;
1236749.1166077591479;2.111247532354809664e-08;
1237082.4721647961996;2.0236685216445948754e-08;
1237415.8277218332514;2.026133572030630603e-08;
1237749.1832788703032;1.9035850229442985437e-08;
1238082.538835907355;1.9606547496664461505e-08;
1238415.8943929444067;1.9668469519729114836e-08;
1238749.2499499814585;1.9865394662588187202e-08;
1239082.6055070185103;1.9475583812322838639e-08;
1239415.961064055562;1.928757065172703733e-08;
1239749.3166210926138;2.0425407143420670764e-08;
1240082.6721781296656;2.0244542042746616062e-08;
1240416.0277351667173;2.0474518080959569488e-08;
1240749.3832922037691;2.0560662505886284634e-08;
1241082.7388492408209;1.9550002505752672732e-08;
1241416.0944062778726;1.9785986182796477806e-08;
1241749.4499633149244;2.0998808025751714013e-08;
1242082.8055203519762;1.9737731449254170002e-08;
1242416.1610773890279;2.0094592656505483319e-08;
1242749.5166344260797;1.9605995049687408027e-08;
1243082.8721914631315;1.9979559340299601899e-08;
1243416.2277485001832;1.9989460753322418896e-08;
1243749.583305537235;1.9284556174170575105e-08;
1244082.9388625742868;2.0830972502494660148e-08;
1244416.2944196113385;1.9439250209529745916e-08;
1244749.6499766483903;1.9660490124806528911e-08;
1245083.0055336854421;1.9876461365697650763e-08;
1245416.3610907224938;1.8948568936139054131e-08;
1245749.7166477595456;2.0033228409488401667e-08;
1246083.0722047965974;1.975105057283599308e-08;
1246416.4277618336491;1.9453494815024896525e-08;
1246749.7833188707009;1.9589711186540625931e-08;
1247083.1388759077527;2.024091472208056075e-08;
1247416.4944329448044;1.9925371574913697259e-08;
1247749.8499899818562;1.9736621226229544845e-08;
1248083.205547018908;2.0483151175199054705e-08;
1248416.5611040559597;1.943388916458843596e-08;
1248749.9166610930115;1.9312864196763257496e-08;
1249083.2722181300633;1.9940813444918603636e-08;
1249416.627775167115;2.0036395653733052313e-08;
1249749.9833322041668;1.9568043185813621676e-08;
1250083.3388892412186;1.9962158148700837046e-08;
1250416.6944462782703;1.9908226178699806042e-08;
1250750.0500033153221;2.0003723122385963507e-08;
1251083.4055603523739;2.0601373051931659575e-08;
1251416.7611173894256;1.9766844161495100707e-08;
1251750.1166744264774;2.0439298253904780722e-08;
1252083.4722314635292;1.962367335295311932e-08;
1252416.8277885005809;1.9820461716335557867e-08;
1252750.1833455376327;1.9991672317587472207e-08;
1253083.5389025746845;2.0298029923537797004e-08;
1253416.8944596117362;2.0272372225349499786e-08;
1253750.250016648788;2.0428206681799565558e-08;
1254083.6055736858398;1.9611610113656752219e-08;
1254416.9611307228915;2.1265837091277717263e-08;
1254750.3166877599433;2.0246035958848551672e-08;
1255083.6722447969951;2.1559161567097362422e-08;
1255417.0278018340468;1.9028528086550977605e-08;
1255750.3833588710986;2.0403172484861897829e-08;
1256083.7389159081504;2.032261470219509647e-08;
1256417.0944729452021;2.0657219934605564049e-08;
1256750.4500299822539;2.1801007221711188322e-08;
1257083.8055870193057;2.0201058603674937331e-08;
1257417.1611440563574;2.0108329223944565456e-08;
1257750.5167010934092;1.9683090712874218298e-08;
1258083.872258130461;2.1365631042158383934e-08;
1258417.2278151675127;1.9952446805859835877e-08;
1258750.5833722045645;1.9703330522702344751e-08;
1259083.9389292416163;2.1148965245743056585e-08;
1259417.294486278668;2.0321007099255439243e-08;
1259750.6500433157198;2.0479372864201650373e-08;
1260084.0056003527716;1.9610817858506379707e-08;
1260417.3611573898233;2.1002017902560510265e-08;
1260750.7167144268751;2.1086048462848339113e-08;
1261084.0722714639269;2.0326719862850950449e-08;
1261417.4278285009786;1.9853498400834723725e-08;
1261750.7833855380304;2.0848911930215763277e-08;
1262084.1389425750822;1.8907437393522741331e-08;
1262417.4944996121339;2.0158765323685656767e-08;
1262750.8500566491857;1.9250302685236420075e-08;
1263084.2056136862375;2.0654171706269153219e-08;
1263417.5611707232893;2.0086263319285535545e-08;
1263750.916727760341;2.0335862771503343538e-08;
1264084.2722847973928;2.1497667646031004551e-08;
1264417.6278418344446;2.042630420362456789e-08;
1264750.9833988714963;1.9038058240994359949e-08;
1265084.3389559085481;2.0950613688341945817e-08;
1265417.6945129455999;1.9225394609634349763e-08;
1265751.0500699826516;2.0324613103639421752e-08;
1266084.4056270197034;2.0544668188904324779e-08;
1266417.7611840567552;1.8881779695334444114e-08;
1266751.1167410938069;2.0693722291298399796e-08;
1267084.4722981308587;2.0826325553002789093e-08;
1267417.8278551679105;2.01831102941696372e-08;
1267751.1834122049622;2.10164490255237979e-08;
1268084.538969242014;1.9943231066577027377e-08;
1268417.8945262790658;2.1215985412936788634e-08;
1268751.2500833161175;2.0242657328140012396e-08;
1269084.6056403531693;1.9503865189562930027e-08;
1269417.9611973902211;1.9316054533646820346e-08;
1269751.3167544272728;1.9265256057110491383e-08;
1270084.6723114643246;1.9547737650782437413e-08;
1270418.0278685013764;2.1200596833637064265e-08;
1270751.3834255384281;2.0093709807156301395e-08;
1271084.7389825754799;2.0874491468703126884e-08;
1271418.0945396125317;1.9753686686385663052e-08;
1271751.4500966495834;2.0476999651464211638e-08;
1272084.8056536866352;2.1072679601275012828e-08;
1272418.161210723687;2.0385867216532460588e-08;
1272751.5167677607387;2.079850247582726297e-08;
1273084.8723247977905;1.9842097742639452918e-08;
1273418.2278818348423;2.0651304666330361215e-08;
1273751.583438871894;1.9919875526852592884e-08;
1274084.9389959089458;2.2183595405067535467e-08;
1274418.2945529459976;2.0060802796706411755e-08;
1274751.6501099830493;2.0216218032942379068e-08;
1275085.0056670201011;1.956147777093519835e-08;
1275418.3612240571529;1.8853539174301658932e-08;
1275751.7167810942046;2.0453342131077079102e-08;
1276085.0723381312564;2.0201271766495665361e-08;
1276418.4278951683082;2.0842174208723918127e-08;
1276751.7834522053599;2.0008396717230425566e-08;
1277085.1390092424117;1.962736106975171424e-08;
1277418.4945662794635;2.1012278139664886112e-08;
1277751.8501233165152;1.9546980922768852906e-08;
1278085.205680353567;1.8931267220523295691e-08;
1278418.5612373906188;2.0456432991977635538e-08;
1278751.9167944276705;1.9784179627890807751e-08;
1279085.2723514647223;2.1214196621599512582e-08;
1279418.6279085017741;2.0777138232119796157e-08;
1279751.9834655388258;2.063368143012667133e-08;
1280085.3390225758776;1.9968542375181641546e-08;
1280418.6945796129294;2.0029567338042397751e-08;
1280752.0501366499811;2.0698484703984831867e-08;
1281085.4056936870329;2.0007552947731710447e-08;
1281418.7612507240847;2.0488513996497204062e-08;
1281752.1168077611364;2.0674645995200080506e-08;
1282085.4723647981882;2.09050980970459932e-08;
1282418.82792183524;1.9585066013405594276e-08;
1282752.1834788722917;2.0213022366988298018e-08;
1283085.5390359093435;1.9022946773361582018e-08;
1283418.8945929463953;2.0803728517648778507e-08;
1283752.250149983447;2.0784549192853774002e-08;
1284085.6057070204988;1.8912420074457259034e-08;
1284418.9612640575506;2.0332649341980868485e-08;
1284752.3168210946023;2.1305361030954372836e-08;
1285085.6723781316541;1.9074748891512172122e-08;
1285419.0279351687059;2.0656058197232596285e-08;
1285752.3834922057576;2.0419488322431789129e-08;
1286085.7390492428094;2.0124302224644452508e-08;
1286419.0946062798612;2.1188347076872560137e-08;
1286752.4501633169129;1.964636986429013632e-08;
1287085.8057203539647;2.0047874471629256732e-08;
1287419.1612773910165;2.0423792435053655936e-08;
1287752.5168344280683;2.1041977049662818899e-08;
1288085.87239146512;2.1012867890135566995e-08;
1288419.2279485021718;2.1521472604035807308e-08;
1288752.5835055392236;2.0087675522972858744e-08;
1289085.9390625762753;1.9827846031716944708e-08;
1289419.2946196133271;1.9708453535827175074e-08;
1289752.6501766503789;2.039353397265131207e-08;
1290086.0057336874306;2.0490384500249092525e-08;
1290419.3612907244824;1.9759795577556360513e-08;
1290752.7168477615342;2.2066254601327273122e-08;
1291086.0724047985859;2.137212540276323125e-08;
1291419.4279618356377;2.0426197622214203875e-08;
1291752.7835188726895;2.0097346009606553707e-08;
1292086.1390759097412;2.1002497518907148333e-08;
1292419.494632946793;1.996247434021825029e-08;
1292752.8501899838448;2.0584732141060158028e-08;
1293086.2057470208965;2.075495864062304463e-08;
1293419.5613040579483;2.0527242128309808322e-08;
1293752.9168610950001;2.0078466889117407845e-08;
1294086.2724181320518;2.0556003121896537778e-08;
1294419.6279751691036;2.1040497344415598491e-08;
1294752.9835322061554;2.017701206113997614e-08;
1295086.3390892432071;1.9633397130291996291e-08;
1295419.6946462802589;1.9906128301272474346e-08;
1295753.0502033173107;1.949608829932003573e-08;
1296086.4057603543624;2.0108718246092394111e-08;
1296419.7613173914142;2.0923909715975241852e-08;
1296753.116874428466;2.0299385283806259395e-08;
1297086.4724314655177;2.1270656347383010143e-08;
1297419.8279885025695;1.9925336047776909254e-08;
1297753.1835455396213;2.093453588258853415e-08;
1298086.539102576673;2.124851050666620722e-08;
1298419.8946596137248;1.9149116070593663608e-08;
1298753.2502166507766;2.1325657684201360098e-08;
1299086.6057736878283;2.0845872583663549449e-08;
1299419.9613307248801;2.0350837459659487649e-08;
1299753.3168877619319;2.0620779750402107311e-08;
1300086.6724447989836;2.125127274155147461e-08;
1300420.0280018360354;1.9656381411436996132e-08;
1300753.3835588730872;2.099467799610010843e-08;
1301086.7391159101389;2.1500840219346173399e-08;
1301420.0946729471907;1.9502802928172968677e-08;
1301753.4502299842425;2.0787323862236917194e-08;
1302086.8057870212942;2.092545337006868067e-08;
1302420.161344058346;2.0114688581429618353e-08;
1302753.5169010953978;2.0889899587928084657e-08;
1303086.8724581324495;2.0850963622365270567e-08;
1303420.2280151695013;1.9871887246836195118e-08;
1303753.5835722065531;2.1300534669421722356e-08;
1304086.9391292436048;2.0649961740559774626e-08;
1304420.2946862806566;2.1128171212581037253e-08;
1304753.6502433177084;2.0131869504780297575e-08;
1305087.0058003547601;2.0543692968999494042e-08;
1305420.3613573918119;2.0860268179490049079e-08;
1305753.7169144288637;2.0977314107994970982e-08;
1306087.0724714659154;2.1127762650507975195e-08;
1306420.4280285029672;2.1119411997005954618e-08;
1306753.783585540019;2.0547663126535553602e-08;
1307087.1391425770707;2.1561623597676771169e-08;
1307420.4946996141225;2.0634841391142799694e-08;
1307753.8502566511743;2.0216999629951715178e-08;
1308087.205813688226;1.9061985767621081322e-08;
1308420.5613707252778;1.9789810679071706545e-08;
1308753.9169277623296;2.0787835453006664466e-08;
1309087.2724847993813;2.1741954014942166395e-08;
1309420.6280418364331;1.9495404401936866634e-08;
1309753.9835988734849;2.4269203535709493735e-08;
1310087.3391559105366;2.019488398730118206e-08;
1310420.6947129475884;2.048297176315827528e-08;
1310754.0502699846402;2.0532183953037019819e-08;
1311087.4058270216919;1.9399880812898118165e-08;
1311420.7613840587437;2.0487830099114034965e-08;
1311754.1169410957955;2.2100627106169667968e-08;
1312087.4724981328472;2.0569151715221778431e-08;
1312420.828055169899;2.1124941795847007597e-08;
1312754.1836122069508;2.1338923517078001169e-08;
1313087.5391692440026;1.9467202960754548258e-08;
1313420.8947262810543;2.1138825800903759955e-08;
1313754.2502833181061;1.9798086725586472312e-08;
1314087.6058403551579;2.0140253909062266757e-08;
1314420.9613973922096;2.0562323399531123869e-08;
1314754.3169544292614;1.979693919906821975e-08;
1315087.6725114663132;2.0803581080031108286e-08;
1315421.0280685033649;2.2332532267910210066e-08;
1315754.3836255404167;2.0600793959602015093e-08;
1316087.7391825774685;1.9973663611949632468e-08;
1316421.0947396145202;2.1790476978367223637e-08;
1316754.450296651572;2.2251782638704753481e-08;
1317087.8058536886238;2.0949546097881466267e-08;
1317421.1614107256755;2.0488297280962797231e-08;
1317754.5169677627273;2.0301738956618464726e-08;
1318087.8725247997791;2.0652647592100947804e-08;
1318421.2280818368308;2.1528620663957553916e-08;
1318754.5836388738826;2.0497909147820791986e-08;
1319087.9391959109344;2.104474994268912269e-08;
1319421.2947529479861;2.0682238144331677177e-08;
1319754.6503099850379;2.0503780007175009814e-08;
1320088.0058670220897;1.986445319346330507e-08;
1320421.3614240591414;2.1009730843957186153e-08;
1320754.7169810961932;2.0662843880359105242e-08;
1321088.072538133245;1.9829379027669347124e-08;
1321421.4280951702967;2.0257742150420199323e-08;
1321754.7836522073485;1.9803373163540527457e-08;
1322088.1392092444003;2.1281383766336148256e-08;
1322421.494766281452;2.0946528067611325241e-08;
1322754.8503233185038;2.0653191157293804281e-08;
1323088.2058803555556;2.2021062306976091349e-08;
1323421.5614373926073;2.0826069757617915457e-08;
1323754.9169944296591;2.0159262703600688837e-08;
1324088.2725514667109;2.0173752446339676681e-08;
1324421.6281085037626;2.1756358492552863027e-08;
1324754.9836655408144;2.028559009659147705e-08;
1325088.3392225778662;2.0741509842991945334e-08;
1325421.6947796149179;2.0806249168003887462e-08;
1325755.0503366519697;2.1087901203031833575e-08;
1326088.4058936890215;1.9227758940587591496e-08;
1326421.7614507260732;1.9774137882677678135e-08;
1326755.117007763125;2.0720422710951424961e-08;
1327088.4725648001768;1.92589943992516055e-08;
1327421.8281218372285;2.0674173484280800039e-08;
1327755.1836788742803;2.0382859844403355964e-08;
1328088.5392359113321;2.1328991905988914368e-08;
1328421.8947929483838;2.0319186333495053987e-08;
1328755.2503499854356;2.0326362815126230998e-08;
1329088.6059070224874;2.0999804561938617553e-08;
1329421.9614640595391;1.9923410476962999383e-08;
1329755.3170210965909;2.0209649065350276942e-08;
1330088.6725781336427;2.0181017745812823705e-08;
1330422.0281351706944;2.0796054656102569425e-08;
1330755.3836922077462;2.1090457380523730535e-08;
1331088.739249244798;2.111822539063723525e-08;
1331422.0948062818497;2.0345440887581389688e-08;
1331755.4503633189015;2.2013637135387398303e-08;
1332088.8059203559533;2.0218561047613547998e-08;
1332422.161477393005;2.120949993411613832e-08;
1332755.5170344300568;2.1070903244435612578e-08;
1333088.8725914671086;1.9864767608623878914e-08;
1333422.2281485041603;2.0352267426915204851e-08;
1333755.5837055412121;2.0556544910732554854e-08;
1334088.9392625782639;2.0742602302448176488e-08;
1334422.2948196153156;2.143446486968514364e-08;
1334755.6503766523674;1.9700319597859561327e-08;
1335089.0059336894192;2.1740120814683905337e-08;
1335422.3614907264709;2.0688379009925483842e-08;
1335755.7170477635227;2.0805702050097352185e-08;
1336089.0726048005745;2.0618896812152343045e-08;
1336422.4281618376262;2.0406256240335096663e-08;
1336755.783718874678;2.0319687266123764857e-08;
1337089.1392759117298;2.0612631601579778362e-08;
1337422.4948329487815;2.0099465203315958206e-08;
1337755.8503899858333;2.0245574106070307607e-08;
1338089.2059470228851;2.0922218624264132814e-08;
1338422.5615040599369;2.0863531347004027339e-08;
1338755.9170610969886;2.1318015797078260221e-08;
1339089.2726181340404;2.0384543830687107402e-08;
1339422.6281751710922;1.9779070825620692631e-08;
1339755.9837322081439;2.1016743900759138342e-08;
1340089.3392892451957;2.1263446114971884526e-08;
1340422.6948462822475;2.0702447756093533826e-08;
1340756.0504033192992;2.2357301787678807159e-08;
1341089.405960356351;1.9594082800722389948e-08;
1341422.7615173934028;2.0730579919359115593e-08;
1341756.1170744304545;2.0559397739816631656e-08;
1342089.4726314675063;2.0731965477693847788e-08;
1342422.8281885045581;2.0678822210129510495e-08;
1342756.1837455416098;2.0657401123003182875e-08;
1343089.5393025786616;2.0425192204243103333e-08;
1343422.8948596157134;2.0426986324650897586e-08;
1343756.2504166527651;2.0979561199396812299e-08;
1344089.6059736898169;2.2057223603155762248e-08;
1344422.9615307268687;2.0142659096222814696e-08;
1344756.3170877639204;2.1028377261700370582e-08;
1345089.6726448009722;2.1924099868897428678e-08;
1345423.028201838024;1.9472985002266796073e-08;
1345756.3837588750757;2.0136432965500716818e-08;
1346089.7393159121275;1.997941900810928928e-08;
1346423.0948729491793;2.1454054532910049602e-08;
1346756.450429986231;2.0770789532775779662e-08;
1347089.8059870232828;2.0039669479388066975e-08;
1347423.1615440603346;2.0654315591173144639e-08;
1347756.5171010973863;2.0237111542087404814e-08;
1348089.8726581344381;2.0138555711923800118e-08;
1348423.2282151714899;2.0682927370785364474e-08;
1348756.5837722085416;2.0875409845189096814e-08;
1349089.9393292455934;2.0445332538088223373e-08;
1349423.2948862826452;2.1705126584947720403e-08;
1349756.6504433196969;2.027942613835875818e-08;
1350090.0060003567487;2.1332626332082327281e-08;
1350423.3615573938005;1.9889174751597238355e-08;
1350756.7171144308522;2.1199220157086529071e-08;
1351090.072671467904;2.1216916223920634366e-08;
1351423.4282285049558;2.1205998734785680426e-08;
1351756.7837855420075;2.1276861161823035218e-08;
1352090.1393425790593;2.37363266819556884e-08;
1352423.4948996161111;2.1436838082422582374e-08;
1352756.8504566531628;1.9935979977958595555e-08;
1353090.2060136902146;2.0203437145482894266e-08;
1353423.5615707272664;2.027048573438605672e-08;
1353756.9171277643181;2.1001095973360861535e-08;
1354090.2726848013699;2.0160962677095994877e-08;
1354423.6282418384217;2.0674645995200080506e-08;
1354756.9837988754734;2.1280897044562152587e-08;
1355090.3393559125252;2.2004588373647493427e-08;
1355423.694912949577;2.0004355505420789996e-08;
1355757.0504699866287;2.0718202264902174647e-08;
1356090.4060270236805;2.0373766673742466082e-08;
1356423.7615840607323;2.1272636985258941422e-08;
1356757.117141097784;2.0606222506103222258e-08;
1357090.4726981348358;1.9920332050560318748e-08;
1357423.8282551718876;2.0094239161494442669e-08;
1357757.1838122089393;2.0925821075934436521e-08;
1358090.5393692459911;2.0446265125428908505e-08;
1358423.8949262830429;2.1155393881144846091e-08;
1358757.2504833200946;2.0405753531349546392e-08;
1359090.6060403571464;2.1296754582067478623e-08;
1359423.9615973941982;2.0385151344726182288e-08;
1359757.3171544312499;1.9548663132695764943e-08;
1360090.6727114683017;2.2366769769632810494e-08;
1360424.0282685053535;1.8811391555573209189e-08;
1360757.3838255424052;2.0161598612844500167e-08;
1361090.739382579457;2.1317042353530268883e-08;
1361424.0949396165088;2.1009251227610548085e-08;
1361757.4504966535605;2.0352626250996763702e-08;
1362090.8060536906123;2.0783380350053448637e-08;
1362424.1616107276641;2.1251720383475003473e-08;
1362757.5171677647159;2.0219093954665368074e-08;
1363090.8727248017676;2.0678022849551780382e-08;
1363424.2282818388194;2.1498687274856820295e-08;
1363757.5838388758712;2.1283515394543428556e-08;
1364090.9393959129229;2.1276711947848525597e-08;
1364424.2949529499747;2.131056398013697617e-08;
1364757.6505099870265;2.1279626949421981408e-08;
1365091.0060670240782;2.0824277413566960604e-08;
1365424.36162406113;2.1854958731637452729e-08;
1365757.7171810981818;2.0371082598558132304e-08;
1366091.0727381352335;1.966480844828311092e-08;
1366424.4282951722853;1.9610439494499587454e-08;
1366757.7838522093371;2.0786741217193593911e-08;
1367091.1394092463888;2.0539614453696231067e-08;
1367424.4949662834406;1.9775665549559562351e-08;
1367757.8505233204924;1.943027072570657765e-08;
1368091.2060803575441;2.1298063757058116607e-08;
1368424.5616373945959;2.0699394198686604796e-08;
1368757.9171944316477;2.1332514421601445065e-08;
1369091.2727514686994;2.1108359504751206259e-08;
1369424.6283085057512;2.0985753579338961572e-08;
1369757.983865542803;2.1102463776401236828e-08;
1370091.3394225798547;2.0479085094393667532e-08;
1370424.6949796169065;2.079985428338204656e-08;
1370758.0505366539583;2.0709759240844505257e-08;
1371091.40609369101;1.9308489029867814679e-08;
1371424.7616507280618;2.074438754107177374e-08;
1371758.1172077651136;2.0249594001597870374e-08;
1372091.4727648021653;2.1242538394972143578e-08;
1372424.8283218392171;2.2024273960141727002e-08;
1372758.1838788762689;2.1095718949482034077e-08;
1373091.5394359133206;2.0580500859068706632e-08;
1373424.8949929503724;1.933374171869672864e-08;
1373758.2505499874242;2.1293200092031838722e-08;
1374091.6061070244759;2.1075864609088057477e-08;
1374424.9616640615277;2.0916999687869974878e-08;
1374758.3172210985795;2.1370359704064867401e-08;
1375091.6727781356312;2.1797101013021347171e-08;
1375425.028335172683;2.1350547996235036408e-08;
1375758.3838922097348;2.1565071506302047055e-08;
1376091.7394492467865;2.0908696996002618107e-08;
1376425.0950062838383;2.0457907368154337746e-08;
1376758.4505633208901;2.0498450936656809063e-08;
1377091.8061203579418;1.9976893028683662124e-08;
1377425.1616773949936;1.9683714214124847786e-08;
1377758.5172344320454;2.0968654368402894761e-08;
1378091.8727914690971;2.2183245462770173617e-08;
1378425.2283485061489;2.105510255034914735e-08;
1378758.5839055432007;2.0766300679042615229e-08;
1379091.9394625802524;2.183822722656714177e-08;
1379425.2950196173042;2.2422398160415468737e-08;
1379758.650576654356;2.0923909715975241852e-08;
1380092.0061336914077;2.0624730368012933468e-08;
1380425.3616907284595;2.0865289940275033587e-08;
1380758.7172477655113;2.0793132549101756013e-08;
1381092.072804802563;1.9218742153270795825e-08;
1381425.4283618396148;2.0537305189805010741e-08;
1381758.7839188766666;2.0096923236678776448e-08;
1382092.1394759137183;2.1252429149853924173e-08;
1382425.4950329507701;2.0495678043630505272e-08;
1382758.8505899878219;2.1677996286939560378e-08;
1383092.2061470248736;2.1090086121944295883e-08;
1383425.5617040619254;2.1929183802171792195e-08;
1383758.9172610989772;2.0089228058850494563e-08;
1384092.2728181360289;2.0646625742415380955e-08;
1384425.6283751730807;2.0815646095684314787e-08;
1384758.9839322101325;2.0104762299411049753e-08;
1385092.3394892471842;1.9589572630707152712e-08;
1385425.695046284236;2.0992944271824853786e-08;
1385759.0506033212878;2.0540445788697070384e-08;
1386092.4061603583395;1.9536029682853950362e-08;
1386425.7617173953913;2.0516679910542734433e-08;
1386759.1172744324431;2.1531947780317750585e-08;
1387092.4728314694948;2.0551526702661249146e-08;
1387425.8283885065466;1.9874331513847209862e-08;
1387759.1839455435984;2.7246525036161983735e-08;
1388092.5395025806502;2.1660179427840375865e-08;
1388425.8950596177019;2.1675749195537719061e-08;
1388759.2506166547537;1.9662321548707950569e-08;
1389092.6061736918055;2.0299030012438379345e-08;
1389425.9617307288572;2.1049554987939700368e-08;
1389759.317287765909;2.0487830099114034965e-08;
1390092.6728448029608;2.2241151143020942982e-08;
1390426.0284018400125;2.2041652059101579653e-08;
1390759.3839588770643;2.1070311717608092295e-08;
1391092.7395159141161;2.1387485560353525216e-08;
1391426.0950729511678;2.1510663472668056784e-08;
1391759.4506299882196;1.9661388961367265438e-08;
1392092.8061870252714;2.1801351834938031971e-08;
1392426.1617440623231;1.9875344037245668005e-08;
1392759.5173010993749;1.9073475243658322142e-08;
1393092.8728581364267;2.1373889325104755699e-08;
1393426.2284151734784;2.1207934963740626699e-08;
1393759.5839722105302;2.1809626105095958337e-08;
1394092.939529247582;2.0208902995477728837e-08;
1394426.2950862846337;2.0432873171216670016e-08;
1394759.6506433216855;2.2332924842771717522e-08;
1395093.0062003587373;2.1440076380940809031e-08;
1395426.361757395789;2.1899925428670030669e-08;
1395759.7173144328408;2.1196425947778152477e-08;
1396093.0728714698926;2.1513383074989178567e-08;
1396426.4284285069443;2.0835694058973786014e-08;
1396759.7839855439961;2.1899772661981842248e-08;
1397093.1395425810479;2.0591313543150135956e-08;
1397426.4950996180996;1.9698587649941146083e-08;
1397759.8506566551514;2.1375241132659539289e-08;
1398093.2062136922032;2.1518486548188775487e-08;
1398426.5617707292549;2.0461213168232461612e-08;
1398759.9173277663067;2.0238248410464620974e-08;
1399093.2728848033585;1.8803000045863882406e-08;
1399426.6284418404102;2.1677157846511363459e-08;
1399759.983998877462;2.1330116339868254727e-08;
1400093.3395559145138;2.1546023631913158169e-08;
1400426.6951129515655;2.0851439685998229834e-08;
1400760.0506699886173;2.0809611811500872136e-08;
1401093.4062270256691;2.019807787689842371e-08;
1401426.7617840627208;2.0527206601173020317e-08;
1401760.1173410997726;2.0898525576740212273e-08;
1402093.4728981368244;1.9982579146926582325e-08;
1402426.8284551738761;2.0767906505625433056e-08;
1402760.1840122109279;2.0520824151049055217e-08;
1403093.5395692479797;2.0389521182551106904e-08;
1403426.8951262850314;2.0555136259758910455e-08;
1403760.2506833220832;2.083375427730516094e-08;
1404093.606240359135;2.3086997202881320845e-08;
1404426.9617973961867;2.1981330533549225947e-08;
1404760.3173544332385;2.0646044873728897073e-08;
1405093.6729114702903;2.0216004870121651038e-08;
1405427.028468507342;2.177964653071740031e-08;
1405760.3840255443938;2.131460874466029054e-08;
1406093.7395825814456;2.1966160446140747808e-08;
1406427.0951396184973;2.1947721862147773209e-08;
1406760.4506966555491;2.2345954420188718359e-08;
1407093.8062536926009;2.1739394284736590635e-08;
1407427.1618107296526;2.0549684620618791087e-08;
1407760.5173677667044;2.0660158028817932063e-08;
1408093.8729248037562;3.2958133999727579067e-08;
1408427.2284818408079;2.1958211249284431688e-08;
1408760.5840388778597;2.3344709276784669783e-08;
1409093.9395959149115;2.2975086721999105066e-08;
1409427.2951529519632;2.1090976076720835408e-08;
1409760.650709989015;2.1753644219302259444e-08;
1410094.0062670260668;2.0807675582545925863e-08;
1410427.3618240631185;2.2452235626246874745e-08;
1410760.7173811001703;2.2172725877567245334e-08;
1411094.0729381372221;2.2253814790929027367e-08;
1411427.4284951742738;2.1938046046443560044e-08;
1411760.7840522113256;2.1377006831357903138e-08;
1412094.1396092483774;2.5130207248480473936e-08;
1412427.4951662854291;2.1864021704232072807e-08;
1412760.8507233224809;2.1752001089225814212e-08;
1413094.2062803595327;2.0629657981885429763e-08;
1413427.5618373965845;2.1479170442262329743e-08;
1413760.9173944336362;2.0410988454955258931e-08;
1414094.272951470688;2.0957202195859281346e-08;
1414427.6285085077398;2.0315582105467910878e-08;
1414760.9840655447915;2.0755907215175284364e-08;
1415094.3396225818433;2.1635727875946031418e-08;
1415427.6951796188951;2.1752422085796752071e-08;
1415761.0507366559468;2.0388625898704049177e-08;
1416094.4062936929986;2.222482642366685468e-08;
1416427.7618507300504;1.965693385841404961e-08;
1416761.1174077671021;2.1819895223984531185e-08;
1417094.4729648041539;2.1711723974249252933e-08;
1417427.8285218412057;2.2120513420986753772e-08;
1417761.1840788782574;2.0118399390867125476e-08;
1418094.5396359153092;1.9664117445472584222e-08;
1418427.895192952361;2.1660255811184470076e-08;
1418761.2507499894127;2.192610182305543276e-08;
1419094.6063070264645;2.1672207139999954961e-08;
1419427.9618640635163;2.0434164582638913998e-08;
1419761.317421100568;2.056481562817680242e-08;
1420094.6729781376198;2.035977786363218911e-08;
1420428.0285351746716;2.1267966943128158164e-08;
1420761.3840922117233;2.041062963087370008e-08;
1421094.7396492487751;1.9984158328156809148e-08;
1421428.0952062858269;2.2294665669164714927e-08;
1421761.4507633228786;2.0802557898491613741e-08;
1422094.8063203599304;2.1308355968585601659e-08;
1422428.1618773969822;2.1129654470541936462e-08;
1422761.5174344340339;2.098630780267285445e-08;
1423094.8729914710857;2.178446756317953259e-08;
1423428.2285485081375;2.4661595432462490862e-08;
1423761.5841055451892;1.9742760315466512111e-08;
1424094.939662582241;2.231653084550089261e-08;
1424428.2952196192928;2.0690995583549920411e-08;
1424761.6507766563445;2.0401344613674154971e-08;
1425095.0063336933963;2.1423586460400656506e-08;
1425428.3618907304481;2.4234353190877300221e-08;
1425761.7174477674998;1.9766844161495100707e-08;
1426095.0730048045516;2.0656239385630215111e-08;
1426428.4285618416034;2.0399983924335174379e-08;
1426761.7841188786551;2.0978491832579493348e-08;
1427095.1396759157069;2.0908146325382404029e-08;
1427428.4952329527587;2.1068423450287809828e-08;
1427761.8507899898104;2.025247525239137758e-08;
1428095.2063470268622;2.0807675582545925863e-08;
1428428.561904063914;1.9693812802756838209e-08;
1428761.9174611009657;2.0527098243405816902e-08;
1429095.2730181380175;1.9840424414496737882e-08;
1429428.6285751750693;2.034737001110897836e-08;
1429761.984132212121;2.128815168589426321e-08;
1430095.3396892491728;2.1134221483976034506e-08;
1430428.6952462862246;2.0741545370128733339e-08;
1430762.0508033232763;2.1370436087408961612e-08;
1431095.4063603603281;2.0009276013865928689e-08;
1431428.7619173973799;1.9790645566786224663e-08;
1431762.1174744344316;2.0237360232044920849e-08;
1432095.4730314714834;2.1958095786089870671e-08;
1432428.8285885085352;1.9553404229100124212e-08;
1432762.1841455455869;2.0221936125608408474e-08;
1433095.5397025826387;2.022623490915975708e-08;
1433428.8952596196905;2.01866559024210801e-08;
1433762.2508166567422;1.9885682434050977463e-08;
1434095.606373693794;2.0683472712335060351e-08;
1434428.9619307308458;2.0592109351014187268e-08;
1434762.3174877678975;1.9530093098296674725e-08;
1435095.6730448049493;2.0444183235213131411e-08;
1435429.0286018420011;1.9885263213836879004e-08;
1435762.3841588790528;2.0162342906360208872e-08;
1436095.7397159161046;2.0889752150310414436e-08;
1436429.0952729531564;2.1531796789986401564e-08;
1436762.4508299902081;2.0239173892377948505e-08;
1437095.8063870272599;2.0840818848455455736e-08;
1437429.1619440643117;2.0596631955527300306e-08;
1437762.5175011013635;1.9915187721153415623e-08;
1438095.8730581384152;1.8338525364924862515e-08;
1438429.228615175467;2.1587851506410515867e-08;
1438762.5841722125188;2.0316152316013358359e-08;
1439095.9397292495705;2.167205614966860594e-08;
1439429.2952862866223;2.0597537897515394434e-08;
1439762.6508433236741;2.0958342616950176307e-08;
1440096.0064003607258;1.9794329730871140782e-08;
1440429.3619573977776;2.0400735323278240685e-08;
1440762.7175144348294;1.9923900751450673852e-08;
1441096.0730714718811;2.2128054055770007835e-08;
1441429.4286285089329;2.6592390511837038503e-08;
1441762.7841855459847;2.0697539682146270934e-08;
1442096.1397425830364;2.1467853272838510748e-08;
1442429.4952996200882;1.9089263503246911569e-08;
1442762.85085665714;2.160177459131773503e-08;
1443096.2064136941917;2.018686906524180813e-08;
1443429.5619707312435;2.0800621669536667468e-08;
1443762.9175277682953;2.0655441801409324398e-08;
1444096.273084805347;2.0331183847588363278e-08;
1444429.6286418423988;2.0444003823172351986e-08;
1444762.9841988794506;2.1148334639065069496e-08;
1445096.3397559165023;1.9436825482443964574e-08;
1445429.6953129535541;2.0447702198111983307e-08;
1445763.0508699906059;2.0670213984885776881e-08;
1446096.4064270276576;2.0464629102434628294e-08;
1446429.7619840647094;2.1420198947907920228e-08;
1446763.1175411017612;2.15341806608648767e-08;
1447096.4730981388129;2.0442854520297260024e-08;
1447429.8286551758647;2.0961877567060582805e-08;
1447763.1842122129165;1.9778758186816958187e-08;
1448096.5397692499682;2.0351231810877834505e-08;
1448429.89532628702;1.8324644912581788958e-08;
1448763.2508833240718;1.9750633128978734021e-08;
1449096.6064403611235;1.9873459322639064339e-08;
1449429.9619973981753;2.0036290848679527699e-08;
1449763.3175544352271;2.1262998473048355663e-08;
1450096.6731114722788;1.9165639741913764738e-08;
1450430.0286685093306;2.0522374910569851636e-08;
1450763.3842255463824;2.0097806086027958372e-08;
1451096.7397825834341;2.0316866411462797259e-08;
1451430.0953396204859;1.9659177397102212126e-08;
1451763.4508966575377;2.1160820651289213856e-08;
1452096.8064536945894;1.9239651649627376173e-08;
1452430.1620107316412;1.9550792984546205844e-08;
1452763.517567768693;1.9623328739726275671e-08;
1453096.8731248057447;2.1110473369390092557e-08;
1453430.2286818427965;1.9884843993622780545e-08;
1453763.5842388798483;1.9862813616100538638e-08;
1454096.9397959169;2.010183131062603934e-08;
1454430.2953529539518;1.8830666803637541307e-08;
1454763.6509099910036;2.0875628337080343044e-08;
1455097.0064670280553;2.053474545959943498e-08;
1455430.3620240651071;1.9859148991940855922e-08;
1455763.7175811021589;2.0317687088322600175e-08;
1456097.0731381392106;2.0668943889745605702e-08;
1456430.4286951762624;2.0764222341540516936e-08;
1456763.7842522133142;2.0338507766837210511e-08;
1457097.1398092503659;2.0248704046821330849e-08;
1457430.4953662874177;2.0163724911981262267e-08;
1457763.8509233244695;1.9693086272809523507e-08;
1458097.2064803615212;1.9052075472814067325e-08;
1458430.562037398573;2.0506734088598932431e-08;
1458763.9175944356248;2.1501634250853385311e-08;
1459097.2731514726765;2.2593885873334329517e-08;
1459430.6287085097283;1.9442220278165223135e-08;
1459763.9842655467801;1.9426515507348085521e-08;
1460097.3398225838318;2.0299456338079835405e-08;
1460430.6953796208836;2.1012498407912971743e-08;
1460764.0509366579354;1.8989123162782561849e-08;
1461097.4064936949871;2.0356736740723135881e-08;
1461430.7620507320389;1.9588609845300197776e-08;
1461764.1176077690907;1.9915082916099891008e-08;
1462097.4731648061424;2.1669581684591321391e-08;
1462430.8287218431942;1.9606375190051039681e-08;
1462764.184278880246;2.0016202029182750266e-08;
1463097.5398359172978;2.0423003732616962225e-08;
1463430.8953929543495;1.9553128893790017173e-08;
1463764.2509499914013;1.8769897636161658738e-08;
1464097.6065070284531;2.0769913788853955339e-08;
1464430.9620640655048;1.960764883790488966e-08;
1464764.3176211025566;2.0680529289052174136e-08;
1465097.6731781396084;2.0068416262120081228e-08;
1465431.0287351766601;1.9862358868749652174e-08;
1465764.3842922137119;2.002112431398472836e-08;
1466097.7398492507637;2.0330469752138924378e-08;
1466431.0954062878154;2.0587190618925887975e-08;
1466764.4509633248672;1.9825337815859711554e-08;
1467097.806520361919;2.1194006549762889335e-08;
1467431.1620773989707;1.9694782693591150746e-08;
1467764.5176344360225;2.0941119061035351478e-08;
1468097.8731914730743;1.9450967059242429968e-08;
1468431.228748510126;1.9869304423991707154e-08;
1468764.5843055471778;1.9926666539049620042e-08;
1469097.9398625842296;1.9063090661575188278e-08;
1469431.2954196212813;1.9915082916099891008e-08;
1469764.6509766583331;2.0371082598558132304e-08;
1470098.0065336953849;2.0600468886300404847e-08;
1470431.3620907324366;2.0043154691506970266e-08;
1470764.7176477694884;2.017800504461320088e-08;
1471098.0732048065402;2.1092532165312150028e-08;
1471431.4287618435919;2.0162909564191977552e-08;
1471764.7843188806437;2.0381643039968366793e-08;
1472098.1398759176955;1.9812908647054428002e-08;
1472431.4954329547472;2.1618287604496799759e-08;
1472764.850989991799;2.0367469488746792194e-08;
1473098.2065470288508;2.0915052800773992203e-08;
1473431.5621040659025;2.0410809042914479505e-08;
1473764.9176611029543;2.0290972457814859808e-08;
1474098.2732181400061;2.0642236364665222936e-08;
1474431.6287751770578;1.9183559629709634464e-08;
1474764.9843322141096;1.9014994023791587097e-08;
1475098.3398892511614;1.9666570594267795968e-08;
1475431.6954462882131;2.07256647399844951e-08;
1475765.0510033252649;2.1832970986679356429e-08;
1476098.4065603623167;2.2005245625678071519e-08;
1476431.7621173993684;1.9961211350505436712e-08;
1476765.1176744364202;2.0830423608231285471e-08;
1477098.473231473472;1.9912983262315719912e-08;
1477431.8287885105237;2.0467073369445643038e-08;
1477765.1843455475755;2.0022005386977070884e-08;
1478098.5399025846273;1.9740262757750315359e-08;
1478431.895459621679;1.9435868026107527839e-08;
1478765.2510166587308;2.0046535098572348943e-08;
1479098.6065736957826;2.0088169350174212013e-08;
1479431.9621307328343;1.9311270804678315471e-08;
1479765.3176877698861;2.2682531408690920216e-08;
1480098.6732448069379;2.6794451102318816993e-08;
1480432.0288018439896;2.0701103053966107836e-08;
1480765.3843588810414;1.9023781661076100136e-08;
1481098.7399159180932;2.0442566750489277183e-08;
1481432.0954729551449;1.9488760827357509697e-08;
1481765.4510299921967;1.9180459887024881027e-08;
1482098.8065870292485;1.8674647606076177908e-08;
1482432.1621440663002;1.9087250890947871085e-08;
1482765.517701103352;2.02930383608190823e-08;
1483098.8732581404038;2.0194494965153353405e-08;
1483432.2288151774555;1.9359468694801762467e-08;
1483765.5843722145073;1.9598799028130997613e-08;
1484098.9399292515591;2.0699866709605885262e-08;
1484432.2954862886108;1.9725806765791276121e-08;
1484765.6510433256626;1.9920715743637629203e-08;
1485099.0066003627144;2.0595873451156876399e-08;
1485432.3621573997661;1.8553494740558562626e-08;
1485765.7177144368179;1.9687552921254791727e-08;
1486099.0732714738697;2.0245787268891035637e-08;
1486432.4288285109214;1.9328885159097808355e-08;
1486765.7843855479732;2.0368757347455357376e-08;
1487099.139942585025;1.8818431257727752381e-08;
1487432.4954996220767;2.1070755806817942357e-08;
1487765.8510566591285;2.0657981991689666756e-08;
1488099.2066136961803;2.02788559278133107e-08;
1488432.5621707332321;1.9302554221667378442e-08;
1488765.9177277702838;1.9231306325195873796e-08;
1489099.2732848073356;1.9547393037555593764e-08;
1489432.6288418443874;2.0353626339897346043e-08;
1489765.9843988814391;2.1692661889005648845e-08;
1490099.3399559184909;1.9584790678095487237e-08;
1490432.6955129555427;1.9937276718451357738e-08;
1490766.0510699925944;1.9815031393477511301e-08;
1491099.4066270296462;1.9707034226712494274e-08;
1491432.762184066698;1.9373214144025041605e-08;
1491766.1177411037497;1.9758095604061054473e-08;
1492099.4732981408015;2.1276560957517176575e-08;
1492432.8288551778533;1.9516717131295990839e-08;
1492766.184412214905;1.9674448736850536079e-08;
1493099.5399692519568;1.9115438121275474259e-08;
1493432.8955262890086;1.9215333324495986744e-08;
1493766.2510833260603;1.9867350431468366878e-08;
1494099.6066403631121;2.1273795169918230386e-08;
1494432.9621974001639;2.2459140325281623518e-08;
1494766.3177544372156;2.1305062603005353594e-08;
1495099.6733114742674;2.0419667734472568554e-08;
1495433.0288685113192;1.8608268703701469349e-08;
1495766.3844255483709;2.006027521872510988e-08;
1496099.7399825854227;1.880352762384518428e-08;
1496433.0955396224745;1.9163014286505131167e-08;
1496766.4510966595262;1.9438736842403159244e-08;
1497099.806653696578;1.9048462363002727216e-08;
1497433.1622107336298;1.9540630447067997011e-08;
1497766.5177677706815;2.0452516125146757986e-08;
1498099.8733248077333;2.1459671373236233194e-08;
1498433.2288818447851;1.8430862169793726935e-08;
1498766.5844388818368;2.040715152418215439e-08;
1499099.9399959188886;1.9419385210994732915e-08;
1499433.2955529559404;1.9637949932871379133e-08;
1499766.6511099929921;2.1489134027774525748e-08;
1500100.0066670300439;1.8949668501022642886e-08;
1500433.3622240670957;1.9570792986201013264e-08;
1500766.7177811041474;1.9047892152457279735e-08;
1501100.0733381411992;1.7526186724126091576e-08;
1501433.428895178251;2.000063048512856767e-08;
1501766.7844522153027;1.8548997005041201191e-08;
1502100.1400092523545;2.0958232482826133491e-08;
1502433.4955662894063;2.0194848460164394055e-08;
1502766.851123326458;2.0001367673216918774e-08;
1503100.2066803635098;1.9720367561149032554e-08;
1503433.5622374005616;1.8384652022973568819e-08;
1503766.9177944376133;1.9780634019639364851e-08;
1504100.2733514746651;1.8967519110901776003e-08;
1504433.6289085117169;1.9795651340359654569e-08;
1504766.9844655487686;1.94284943688671774e-08;
1505100.3400225858204;2.0390704236206147471e-08;
1505433.6955796228722;2.1639452896238253743e-08;
1505767.0511366599239;2.0795615895963237563e-08;
1506100.4066936969757;2.0564563385505607584e-08;
1506433.7622507340275;2.0384685939234259422e-08;
1506767.1178077710792;1.9164428266549293767e-08;
1507100.473364808131;1.8238221599631287972e-08;
1507433.8289218451828;2.0326542227167010424e-08;
1507767.1844788822345;1.8687185132648664876e-08;
1508100.5400359192863;1.8978452587248284544e-08;
1508433.8955929563381;1.9609336376902319898e-08;
1508767.2511499933898;1.9421364072513824794e-08;
1509100.6067070304416;1.9518054727996059228e-08;
1509433.9622640674934;2.1724543941559204541e-08;
1509767.3178211045451;2.1728819632471640944e-08;
1510100.6733781415969;1.8741726393045610166e-08;
1510434.0289351786487;1.9005343077083125536e-08;
1510767.3844922157004;2.0773379461047625227e-08;
1511100.7400492527522;1.8862616357750994212e-08;
1511434.095606289804;1.9003506324111185677e-08;
1511767.4511633268557;1.9088156832935965213e-08;
1512100.8067203639075;2.0947080514588378719e-08;
1512434.1622774009593;2.0634224995319527807e-08;
1512767.5178344380111;1.94696312405540084e-08;
1513100.8733914750628;2.3267695326012471924e-08;
1513434.2289485121146;3.8881434960558181047e-08;
1513767.5845055491664;2.297149492846983776e-08;
1514100.9400625862181;2.0312441506575851236e-08;
1514434.2956196232699;1.9577669263526331633e-08;
1514767.6511766603217;1.9938186213153130666e-08;
1515101.0067336973734;1.9196100708995800233e-08;
1515434.3622907344252;2.0003898981713064131e-08;
1515767.717847771477;1.9128169270743455854e-08;
1516101.0734048085287;2.0002667966423359758e-08;
1516434.4289618455805;2.0647604515033890493e-08;
1516767.7845188826323;1.83958626109870238e-08;
1517101.140075919684;1.9080077962030372873e-08;
1517434.4956329567358;1.9974015330603833718e-08;
1517767.8511899937876;1.9537539586167440575e-08;
1518101.2067470308393;2.0435708236732352816e-08;
1518434.5623040678911;1.8733233630996437569e-08;
1518767.9178611049429;1.8839799054148897994e-08;
1519101.2734181419946;1.8823159919634235848e-08;
1519434.6289751790464;2.0316152316013358359e-08;
1519767.9845322160982;2.0719586046880067443e-08;
1520101.3400892531499;2.0711651060878466524e-08;
1520434.6956462902017;1.9885122881646566384e-08;
1520768.0512033272535;1.9100534487392906158e-08;
1521101.4067603643052;1.9633947800912210369e-08;
1521434.762317401357;1.9770350689896076801e-08;
1521768.1178744384088;1.9556633645834153867e-08;
1522101.4734314754605;2.0458589489180667442e-08;
1522434.8289885125123;2.0133779088382652844e-08;
1522768.1845455495641;1.9632119929724467511e-08;
1523101.5401025866158;2.1022319884878015728e-08;
1523434.8956596236676;2.0990363225337205222e-08;
1523768.2512166607194;1.8897674536333397555e-08;
1524101.6067736977711;2.0715253512548770232e-08;
1524434.9623307348229;2.0301989422932820162e-08;
1524768.3178877718747;1.8303442317346707569e-08;
1525101.6734448089264;1.9882572033225187624e-08;
1525435.0290018459782;1.9120946603834454436e-08;
1525768.38455888303;2.0297459712992349523e-08;
1526101.7401159200817;1.8688727010385264293e-08;
1526435.0956729571335;2.1083307544245144527e-08;
1526768.4512299941853;1.9573645815285090066e-08;
1527101.806787031237;1.9830213915383865242e-08;
1527435.1623440682888;1.9422216723796736915e-08;
1527768.5179011053406;1.9624913250027020695e-08;
1528101.8734581423923;2.0418555735091103998e-08;
1528435.2290151794441;1.9735615808258444304e-08;
1528768.5845722164959;1.8707746463064722775e-08;
1529101.9401292535476;2.1750167888967553154e-08;
1529435.2956862905994;2.0049036209002224496e-08;
1529768.6512433276512;2.0015990642718861636e-08;
1530102.0068003647029;3.2915952630219180719e-08;
1530435.3623574017547;2.0753244456273023388e-08;
1530768.7179144388065;2.0008959822348515445e-08;
1531102.0734714758582;1.9320635757935633592e-08;
1531435.42902851291;1.8754867880943493219e-08;
1531768.7845855499618;1.8734484186211375345e-08;
1532102.1401425870135;1.9538845208444399759e-08;
1532435.4956996240653;2.0269453671062365174e-08;
1532768.8512566611171;2.0404211653612946975e-08;
1533102.2068136981688;1.985778830260187533e-08;
1533435.5623707352206;1.9501774417562955932e-08;
1533768.9179277722724;2.0325471083992852073e-08;
1534102.2734848093241;1.9485337787727985415e-08;
1534435.6290418463759;2.0434596237350888259e-08;
1534768.9845988834277;2.0245645160343883617e-08;
1535102.3401559204794;2.2406961619481080561e-08;
1535435.6957129575312;1.9678907392517430708e-08;
1535769.051269994583;1.9761115410688034899e-08;
1536102.4068270316347;1.9105735660218670091e-08;
1536435.7623840686865;1.9752645741277774505e-08;
1536769.1179411057383;1.8801413759206297982e-08;
1537102.47349814279;1.959473650003928924e-08;
1537435.8290551798418;1.8879324770182392967e-08;
1537769.1846122168936;2.0314832482881683973e-08;
1538102.5401692539454;1.9243234561372446478e-08;
1538435.8957262909971;1.9973242615378694609e-08;
1538769.2512833280489;1.856487408247176063e-08;
1539102.6068403651007;1.8547758884324139217e-08;
1539435.9623974021524;1.9617193203202987206e-08;
1539769.3179544392042;1.8677273061484811478e-08;
1540102.673511476256;1.8825044634240839514e-08;
1540436.0290685133077;2.002531118705519475e-08;
1540769.3846255503595;2.0042731918579193007e-08;
1541102.7401825874113;1.9954621066631261783e-08;
1541436.095739624463;1.8606959528710831364e-08;
1541769.4512966615148;1.8782497335223524715e-08;
1542102.8068536985666;1.9787481875255252817e-08;
1542436.1624107356183;1.9433752385111802141e-08;
1542769.5179677726701;1.9134622775140996964e-08;
1543102.8735248097219;1.8776558974309409678e-08;
1543436.2290818467736;1.9977349552391387988e-08;
1543769.5846388838254;1.9783831461950285302e-08;
1544102.9401959208772;1.9755665547904754931e-08;
1544436.2957529579289;1.8586444383572597872e-08;
1544769.6513099949807;2.0235830788806197233e-08;
1545103.0068670320325;2.0727412675114464946e-08;
1545436.3624240690842;1.9555807639903832751e-08;
1545769.717981106136;1.9597800715587254672e-08;
1546103.0735381431878;2.0695431146577902837e-08;
1546436.4290951802395;2.0257813204693775333e-08;
1546769.7846522172913;2.1921056969631536049e-08;
1547103.1402092543431;2.2410505451375684061e-08;
1547436.4957662913948;1.9700006959055826883e-08;
1547769.8513233284466;1.8933297596390730178e-08;
1548103.2068803654984;1.8370929666389201884e-08;
1548436.5624374025501;2.0586142568390641827e-08;
1548769.9179944396019;2.018793310298860888e-08;
1549103.2735514766537;1.9957916208568349248e-08;
1549436.6291085137054;1.9453905153454797983e-08;
1549769.9846655507572;2.041672608754652174e-08;
1550103.340222587809;2.0071025730317160196e-08;
1550436.6957796248607;2.0631397035231202608e-08;
1550770.0513366619125;2.2581703618129722599e-08;
1551103.4068936989643;2.8331411883186774503e-08;
1551436.762450736016;2.3787126934848856763e-08;
1551770.1180077730678;2.0137706613354566798e-08;
1552103.4735648101196;2.043807789675611275e-08;
1552436.8291218471713;1.8819985569962227601e-08;
1552770.1846788842231;1.9056829003716302395e-08;
1553103.5402359212749;1.9148746588371068356e-08;
1553436.8957929583266;1.7764465454206401773e-08;
1553770.2513499953784;1.9624604163936965051e-08;
1554103.6069070324302;2.0264504740907796076e-08;
1554436.9624640694819;1.944778915685674292e-08;
1554770.3180211065337;1.9774137882677678135e-08;
1555103.6735781435855;1.8436852045056184579e-08;
1555437.0291351806372;1.9145920404639582557e-08;
1555770.384692217689;1.81043731117824791e-08;
1556103.7402492547408;1.9936960526933944493e-08;
1556437.0958062917925;1.7732631363287509885e-08;
1556770.4513633288443;1.8812052360317466082e-08;
1557103.8069203658961;2.0225062513645752915e-08;
1557437.1624774029478;1.8838905546658679668e-08;
1557770.5180344399996;1.9255477212709593005e-08;
1558103.8735914770514;1.905274515934252122e-08;
1558437.2291485141031;1.907381097510096879e-08;
1558770.5847055511549;1.9154196451154348324e-08;
1559103.9402625882067;1.9463852751755439385e-08;
1559437.2958196252584;1.9174194676452316344e-08;
1559770.6513766623102;2.3848299335327283188e-08;
1560104.006933699362;2.2956044176680734381e-08;
1560437.3624907364137;1.9236138015799042478e-08;
1560770.7180477734655;1.9844886622877311311e-08;
1561104.0736048105173;1.8532809065163746709e-08;
1561437.429161847569;1.9955496810553086107e-08;
1561770.7847188846208;1.763756252159964788e-08;
1562104.1402759216726;2.0084922169871788356e-08;
1562437.4958329587243;1.96994189849419854e-08;
1562770.8513899957761;2.0062071115489743534e-08;
1563104.2069470328279;1.9239685400407324778e-08;
1563437.5625040698797;1.9608304313578628353e-08;
1563770.9180611069314;1.9449018395789607894e-08;
1564104.2736181439832;2.0019367497070561512e-08;
1564437.629175181035;1.9715656662810943089e-08;
1564770.9847322180867;1.9329156941694236593e-08;
1565104.3402892551385;1.8887220676333527081e-08;
1565437.6958462921903;2.2580355363288617809e-08;
1565771.051403329242;4.2744098038838274078e-08;
1566104.4069603662938;2.1441998399041040102e-08;
1566437.7625174033456;1.9177495147459922009e-08;
1566771.1180744403973;1.9263156403326320287e-08;
1567104.4736314774491;2.0257669319789783913e-08;
1567437.8291885145009;1.9260754768879451149e-08;
1567771.1847455515526;2.0202513439926406136e-08;
1568104.5403025886044;1.9532976125447021332e-08;
1568437.8958596256562;1.9572443221704816096e-08;
1568771.2514166627079;1.9604824430530243262e-08;
1569104.6069736997597;1.9091007885663202615e-08;
1569437.9625307368115;1.883827671633753198e-08;
1569771.3180877738632;1.8746270313840796007e-08;
1570104.673644810915;1.9180358634685035213e-08;
1570438.0292018479668;1.9028394859788022586e-08;
1570771.3847588850185;1.9657797167837998131e-08;
1571104.7403159220703;1.9895011860171507578e-08;
1571438.0958729591221;1.9286181540678626334e-08;
1571771.4514299961738;1.952388473114297085e-08;
1572104.8069870332256;1.8116654842970092432e-08;
1572438.1625440702774;2.0244899090471335512e-08;
1572771.5181011073291;1.7922070938425349595e-08;
1573104.8736581443809;1.8840925264385077753e-08;
1573438.2292151814327;1.8787151390142753371e-08;
1573771.5847722184844;1.8679275015642815561e-08;
1574104.9403292555362;1.9820776131496131711e-08;
1574438.295886292588;1.952899530976992537e-08;
1574771.6514433296397;1.8716852068223488459e-08;
1575105.0070003666915;2.0060802796706411755e-08;
1575438.3625574037433;1.8422866787659586407e-08;
1575771.718114440795;1.9594185829419075162e-08;
1576105.0736714778468;1.9639227133438907913e-08;
1576438.4292285148986;1.93192786213103318e-08;
1576771.7847855519503;1.9855836086435374455e-08;
1577105.1403425890021;2.013240063547527825e-08;
1577438.4958996260539;1.9616571478309197119e-08;
1577771.8514566631056;1.9255848471289027657e-08;
1578105.2070137001574;2.2272352850905008381e-08;
1578438.5625707372092;2.2407080635389320378e-08;
1578771.9181277742609;2.0360420904808052001e-08;
1579105.2736848113127;2.0426877966883694171e-08;
1579438.6292418483645;1.9516203764169404167e-08;
1579771.9847988854162;2.0341580864169372944e-08;
1580105.340355922468;1.9408879836646519834e-08;
1580438.6959129595198;1.9638294546098222781e-08;
1580772.0514699965715;1.9905009196463652188e-08;
1581105.4070270336233;1.8420923453277282533e-08;
1581438.7625840706751;1.9729167632931421394e-08;
1581772.1181411077268;1.905508817401369015e-08;
1582105.4736981447786;1.9535207229637308046e-08;
1582438.8292551818304;1.9330446576759641175e-08;
1582772.1848122188821;2.0419129498350230278e-08;
1583105.5403692559339;1.9755180602487598662e-08;
1583438.8959262929857;1.9143465479487531411e-08;
1583772.2514833300374;1.9970226361465392984e-08;
1584105.6070403670892;2.1612972744833314209e-08;
1584438.962597404141;1.9575606913235787943e-08;
1584772.3181544411927;2.0496036867712064122e-08;
1585105.6737114782445;2.3140799498833075631e-08;
1585439.0292685152963;4.7476486741970802541e-08;
1585772.384825552348;3.1503837760737951612e-08;
1586105.7403825893998;2.08852402039383378e-08;
1586439.0959396264516;1.9923131588939213543e-08;
1586772.4514966635033;2.1516218140504861367e-08;
1587105.8070537005551;2.0090780594728130382e-08;
1587439.1626107376069;1.8961722858534812985e-08;
1587772.5181677746587;1.9891341906941306661e-08;
1588105.8737248117104;2.1856687126842189173e-08;
1588439.2292818487622;1.9770663328699811245e-08;
1588772.584838885814;2.0209506956803124922e-08;
1589105.9403959228657;1.9726291711208432389e-08;
1589439.2959529599175;1.9710460819055697357e-08;
1589772.6515099969693;1.9332620837531067082e-08;
1590106.007067034021;1.9519495353392812831e-08;
1590439.3626240710728;2.0099147235441705561e-08;
1590772.7181811081246;1.8850725425068048935e-08;
1591106.0737381451763;1.9300824050105802598e-08;
1591439.4292951822281;1.9710807208639380406e-08;
1591772.7848522192799;1.9612093282717069087e-08;
1592106.1404092563316;2.297795198558105767e-08;
1592439.4959662933834;1.9974507381448347587e-08;
1592772.8515233304352;1.9426208197614869277e-08;
1593106.2070803674869;1.8697397408118376916e-08;
1593439.5626374045387;2.0209364848255972902e-08;
1593772.9181944415905;2.1752040169076281018e-08;
1594106.2737514786422;2.2495308726888652018e-08;
1594439.629308515694;1.9553059615873280563e-08;
1594772.9848655527458;2.0061966310436218919e-08;
1595106.3404225897975;1.9474249768336449051e-08;
1595439.6959796268493;1.9350867574985386455e-08;
1595773.0515366639011;1.9635361780956372968e-08;
1596106.4070937009528;1.9833349185205406684e-08;
1596439.7626507380046;2.0473402528864426131e-08;
1596773.1182077750564;1.9268437512209857232e-08;
1597106.4737648121081;1.9269689843781634409e-08;
1597439.8293218491599;2.0076033280247429502e-08;
1597773.1848788862117;2.1130063032614998519e-08;
1598106.5404359232634;2.0871778971809362702e-08;
1598439.8959929603152;1.918551539858981414e-08;
1598773.251549997367;1.9177326393560178985e-08;
1599106.6071070344187;1.9857544941714877496e-08;
1599439.9626640714705;1.9584996735488857666e-08;
1599773.3182211085223;2.1400452965281147044e-08;
1600106.673778145574;2.248128438964158704e-08;
1600440.0293351826258;1.9679495366631272191e-08;
1600773.3848922196776;1.971707597192562389e-08;
1601106.7404492567293;3.0272996554003839265e-08;
1601440.0960062937811;4.1290345365041503101e-08;
1601773.4515633308329;2.0140323186979003367e-08;
1602106.8071203678846;1.9914068616344593465e-08;
1602440.1626774049364;1.8534633383637810766e-08;
1602773.5182344419882;1.8730238693365208746e-08;
1603106.8737914790399;1.8304053384099461255e-08;
1603440.2293485160917;1.9440717480279090523e-08;
1603773.5849055531435;1.9309506882336791023e-08;
1604106.9404625901952;1.9479621471418795409e-08;
1604440.296019627247;1.9839273335264806519e-08;
1604773.6515766642988;2.2233534124893594708e-08;
1605107.0071337013505;2.1387599247191246832e-08;
1605440.3626907384023;1.8881481267385424871e-08;
1605773.7182477754541;1.8940982116077975661e-08;
1606107.0738048125058;1.9180459887024881027e-08;
1606440.4293618495576;1.8517384958727234334e-08;
1606773.7849188866094;1.870104249235282623e-08;
1607107.1404759236611;1.941048211051565886e-08;
1607440.4960329607129;1.8459992645603051642e-08;
1607773.8515899977647;1.8887519104282546323e-08;
1608107.2071470348164;1.9504927450952891377e-08;
1608440.5627040718682;1.9619536217874156137e-08;
1608773.91826110892;1.8716260541395968175e-08;
1609107.2738181459717;1.7647481698190858879e-08;
1609440.6293751830235;1.8761161513225488306e-08;
1609773.9849322200753;1.9488760827357509697e-08;
1610107.340489257127;1.8734681361820548773e-08;
1610440.6960462941788;1.8306948845747683663e-08;
1610774.0516033312306;1.9206828127948938345e-08;
1611107.4071603682823;1.7887943570826791984e-08;
1611440.7627174053341;1.8530043277564800519e-08;
1611774.1182744423859;1.7957020759240549523e-08;
1612107.4738314794376;1.8356089981352852192e-08;
1612440.8293885164894;1.8417461333797291445e-08;
1612774.1849455535412;1.8640429644278810883e-08;
1613107.540502590593;1.8370316823279608798e-08;
1613440.8960596276447;1.8382939614980386978e-08;
1613774.2516166646965;1.854629338993163401e-08;
1614107.6071737017483;1.8685707203758283868e-08;
1614440.9627307388;1.8962522219112543098e-08;
1614774.3182877758518;1.9315715249490494898e-08;
1615107.6738448129036;1.9710183707388750918e-08;
1615441.0294018499553;1.9500438597219726944e-08;
1615774.3849588870071;2.17767386345713021e-08;
1616107.7405159240589;2.3168295726350152108e-08;
1616441.0960729611106;1.9522616412359639071e-08;
1616774.4516299981624;2.0037804304706696712e-08;
1617107.8071870352142;2.1238470537809917005e-08;
1617441.1627440722659;2.2480138639480173879e-08;
1617774.5183011093177;2.2386148046393827826e-08;
1618107.8738581463695;1.8716983518629604077e-08;
1618441.2294151834212;1.9941898798947477189e-08;
1618774.584972220473;1.9279440266473102383e-08;
1619107.9405292575248;1.9818825691686470236e-08;
1619441.2960862945765;1.8156097070232135593e-08;
1619774.6516433316283;1.9795548311662969354e-08;
1620108.0072003686801;1.9240294690803239064e-08;
1620441.3627574057318;1.8452988470585296454e-08;
1620774.7183144427836;1.8537857471301322221e-08;
1621108.0738714798354;1.9071263679393268831e-08;
1621441.4294285168871;1.9835859177419479238e-08;
1621774.7849855539389;1.9257878847156462143e-08;
1622108.1405425909907;1.8487025243985044654e-08;
1622441.4960996280424;1.8149783898024907103e-08;
1622774.8516566650942;1.8537303247967429343e-08;
1623108.207213702146;1.8813308244602922059e-08;
1623441.5627707391977;1.8622493769271386554e-08;
1623774.9183277762495;1.907799962452827458e-08;
1624108.2738848133013;2.3112196601005052798e-08;
1624441.629441850353;1.7763996496000800107e-08;
1624774.9849988874048;1.8580470495521694829e-08;
1625108.3405559244566;1.9297468512036175525e-08;
1625441.6961129615083;1.8468297113827247813e-08;
1625775.0516699985601;2.1043270237441902282e-08;
1626108.4072270356119;1.9752299351694091456e-08;
1626441.7627840726636;1.8370736043493707257e-08;
1626775.1183411097154;1.9165270259691169485e-08;
1627108.4738981467672;1.8884334096469501674e-08;
1627441.8294551838189;1.8574757731926183624e-08;
1627775.1850122208707;1.9051407562642452831e-08;
1628108.5405692579225;1.8788240296885305725e-08;
1628441.8961262949742;1.9264646766714577097e-08;
1628775.251683332026;1.9335031353762133222e-08;
1629108.6072403690778;2.0081147411588062823e-08;
1629441.9627974061295;1.8836887605289120984e-08;
1629775.3183544431813;2.0898708541494670499e-08;
1630108.6739114802331;2.0593629912468713883e-08;
1630442.0294685172848;2.1548597572973449132e-08;
1630775.3850255543366;2.0048965154728648486e-08;
1631108.7405825913884;2.3503588408857467584e-08;
1631442.0961396284401;2.0750475115960398398e-08;
1631775.4516966654919;1.8634764842317963485e-08;
1632108.8072537025437;2.7597751639518719458e-08;
1632442.1628107395954;2.1126760785250553454e-08;
1632775.5183677766472;1.9718843446980827139e-08;
1633108.873924813699;2.1493061552746439702e-08;
1633442.2294818507507;2.0902895414565136889e-08;
1633775.5850388878025;2.2192560678035988531e-08;
1634108.9405959248543;2.1269796590672740422e-08;
1634442.296152961906;1.9873283463311963715e-08;
1634775.6517099989578;2.0159509617201365472e-08;
1635109.0072670360096;2.1572612141085301118e-08;
1635442.3628240730613;2.0781847354101046221e-08;
1635775.7183811101131;2.2063346705181174912e-08;
1636109.0739381471649;2.2265702170898293843e-08;
1636442.4294951842166;2.2548128697508218465e-08;
1636775.7850522212684;4.055777935718651861e-08;
1637109.1406092583202;2.8543427177396551997e-08;
1637442.4961662953719;2.2504993424377062183e-08;
1637775.8517233324237;2.1983028730687692587e-08;
1638109.2072803694755;2.3365263501773370081e-08;
1638442.5628374065273;2.2369519570020202082e-08;
1638775.918394443579;2.2480099559629707073e-08;
1639109.2739514806308;2.1787185389143814973e-08;
1639442.6295085176826;2.1721110243788643857e-08;
1639775.9850655547343;2.2288832113304124505e-08;
1640109.3406225917861;3.2148854245406255359e-08;
1640442.6961796288379;2.3025593876013772388e-08;
1640776.0517366658896;2.2601149396450637141e-08;
1641109.4072937029414;2.3948091509851110459e-08;
1641442.7628507399932;2.3186659703355871898e-08;
1641776.1184077770449;3.1134444355984669528e-08;
1642109.4739648140967;2.4403060905342499609e-08;
1642442.8295218511485;2.4350558902597185806e-08;
1642776.1850788882002;2.4786205088389579032e-08;
1643109.540635925252;2.7535135060929860629e-08;
1643442.8961929623038;2.6568342192945237912e-08;
1643776.2517499993555;2.6791440177476033568e-08;
1644109.6073070364073;2.6660636365249956725e-08;
1644442.9628640734591;2.8522425310484322836e-08;
1644776.3184211105108;2.7339444486074171436e-08;
1645109.6739781475626;2.8960782216813640844e-08;
1645443.0295351846144;2.5649864454635462607e-08;
1645776.3850922216661;2.5692299843171895191e-08;
1646109.7406492587179;2.6079922221811102645e-08;
1646443.0962062957697;2.7861778661986136285e-08;
1646776.4517633328214;3.4828392614372205571e-08;
1647109.8073203698732;3.7254078932846823591e-08;
1647443.162877406925;2.8185016986981281661e-08;
1647776.5184344439767;2.4320931046872829029e-08;
1648109.8739914810285;3.5186001667852906394e-08;
1648443.2295485180803;2.0043330550834070891e-08;
1648776.585105555132;2.2651430953146700631e-08;
1649109.9406625921838;2.1496195046211141744e-08;
1649443.2962196292356;2.4668787901305222476e-08;
1649776.6517766662873;2.6014259191242672387e-08;
1650110.0073337033391;2.2334415206159974332e-08;
1650443.3628907403909;2.0849791226851266401e-08;
1650776.7184477774426;2.17497859722470821e-08;
1651110.0740048144944;2.0945202905409132654e-08;
1651443.4295618515462;2.2211047223663626937e-08;
1651776.7851188885979;2.1025201135671522934e-08;
1652110.1406759256497;2.1961993112995514821e-08;
1652443.4962329627015;1.9756221547595487209e-08;
1652776.8517899997532;2.1292303031827941595e-08;
1653110.207347036805;1.9910116222376927908e-08;
1653443.5629040738568;2.030587786805426731e-08;
1653776.9184611109085;1.9493759495503582002e-08;
1654110.2740181479603;1.989410236546973465e-08;
1654443.6295751850121;1.9241005233538999164e-08;
1654776.9851322220638;2.0238816844653229055e-08;
1655110.3406892591156;1.9621845481765376462e-08;
1655443.6962462961674;1.8994228412338998169e-08;
1655777.0518033332191;1.9208650670066163002e-08;
1656110.4073603702709;2.1294024321605320438e-08;
1656443.7629174073227;1.8423481407126018894e-08;
1656777.1184744443744;1.8701996395975584164e-08;
1657110.4740314814262;2.1562987839729430561e-08;
1657443.829588518478;4.5305089457770009176e-08;
1657777.1851455555297;3.5517196295131725492e-08;
1658110.5407025925815;2.169979040900216205e-08;
1658443.8962596296333;1.937331539636488742e-08;
1658777.251816666685;1.8132128687398108013e-08;
1659110.6073737037368;1.8391563827435675194e-08;
1659443.9629307407886;1.9204161816332998569e-08;
1659777.3184877778403;1.8721390659948156099e-08;
1660110.6740448148921;2.0227762576041641296e-08;
1660444.0296018519439;2.0106810438846878242e-08;
1660777.3851588889956;1.9627051983661658596e-08;
1661110.7407159260474;1.9954095265006799309e-08;
1661444.0962729630992;1.9230258274660627649e-08;
1661777.4518300001509;1.8630510467687599885e-08;
1662110.8073870372027;1.8971851645233073214e-08;
1662444.1629440742545;1.9790123317875440989e-08;
1662777.5185011113063;2.0334720574055609177e-08;
1663110.874058148358;2.4159454881100828061e-08;
1663444.2296151854098;2.0971123504409661109e-08;
1663777.5851722224616;1.9190570910154747253e-08;
1664110.9407292595133;2.2011509059893796802e-08;
1664444.2962862965651;1.9440069110032709432e-08;
1664777.6518433336169;2.1594223298393444566e-08;
1665111.0074003706686;2.1068904842991287296e-08;
1665444.3629574077204;1.8646423072254947328e-08;
1665777.7185144447722;1.9809428764006042911e-08;
1666111.0740714818239;1.9583792365551744297e-08;
1666444.4296285188757;2.0400735323278240685e-08;
1666777.7851855559275;1.9896164715760278341e-08;
1667111.1407425929792;1.9581797516821097815e-08;
1667444.496299630031;1.900317236902537843e-08;
1667777.8518566670828;1.9986265087368337845e-08;
1668111.2074137041345;1.8836159298984966881e-08;
1668444.5629707411863;1.8578086624643219693e-08;
1668777.9185277782381;1.950636629999280558e-08;
1669111.2740848152898;2.0277537871038475714e-08;
1669444.6296418523416;1.8962754921858504531e-08;
1669777.9851988893934;1.9004708917691459646e-08;
1670111.3407559264451;1.9421397823293773399e-08;
1670444.6963129634969;1.8988190575441876717e-08;
1670778.0518700005487;1.9909450088562152814e-08;
1671111.4074270376004;2.0466282890652109927e-08;
1671444.7629840746522;1.8777878807441084064e-08;
1671778.118541111704;1.9472642165396791825e-08;
1672111.4740981487557;2.3188043485333764693e-08;
1672444.8296551858075;3.0812163487325960887e-08;
1672778.1852122228593;2.1472416733558929991e-08;
1673111.540769259911;1.925977244354726281e-08;
1673444.8963262969628;2.0810343670518705039e-08;
1673778.2518833340146;1.9907423265408397128e-08;
1674111.6074403710663;2.1197356758761998208e-08;
1674444.9629974081181;3.2543375994009693386e-08;
1674778.3185544451699;3.365851952707998862e-08;
1675111.6741114822216;2.3546155247800015786e-08;
1675445.0296685192734;2.0138271494829496078e-08;
1675778.3852255563252;2.0612088036386921885e-08;
1676111.7407825933769;2.0858033522586083564e-08;
1676445.0963396304287;1.936906279809136322e-08;
1676778.4518966674805;2.5249908830460299214e-08;
1677111.8074537045322;2.0935161160196003038e-08;
1677445.163010741584;2.0712160875291374396e-08;
1677778.5185677786358;1.9066472844997406355e-08;
1678111.8741248156875;1.9113624460942446603e-08;
1678445.2296818527393;1.9948382501411288104e-08;
1678778.5852388897911;1.9857125721500779036e-08;
1679111.9407959268428;2.0072576489837956615e-08;
1679445.2963529638946;1.9206828127948938345e-08;
1679778.6519100009464;1.9373350923501675425e-08;
1680112.0074670379981;2.2935566335036128294e-08;
1680445.3630240750499;2.6772148942200146848e-08;
1680778.7185811121017;2.3301605978076622705e-08;
1681112.0741381491534;1.9793983341287457733e-08;
1681445.4296951862052;1.9158941100272386393e-08;
1681778.785252223257;1.9678388696320325835e-08;
1682112.1408092603087;1.8408954360893403646e-08;
1682445.4963662973605;1.7730886980871218839e-08;
1682778.8519233344123;1.8931700651592109352e-08;
1683112.207480371464;1.8034127080568396195e-08;
1683445.5630374085158;1.7660351403492313693e-08;
1683778.9185944455676;1.8367090959259257943e-08;
1684112.2741514826193;1.7491920800694060745e-08;
1684445.6297085196711;1.8038498694750160212e-08;
1684778.9852655567229;1.8508863774968631333e-08;
1685112.3408225937746;1.772649582676422142e-08;
1685445.6963796308264;1.7952636710560909705e-08;
1685779.0519366678782;1.7757601611378959205e-08;
1686112.4074937049299;1.7427968401761972927e-08;
1686445.7630507419817;1.8729449990928515035e-08;
1686779.1186077790335;1.9324641442608481157e-08;
1687112.4741648160852;2.0781664389346587996e-08;
1687445.829721853137;3.2265180749391220161e-08;
1687779.1852788901888;3.6194307995174312964e-08;
1688112.5408359272406;2.7305990357717746519e-08;
1688445.8963929642923;1.9571341880464387941e-08;
1688779.2519500013441;1.9426241948394817882e-08;
1689112.6075070383959;1.9617226953982935811e-08;
1689445.9630640754476;1.8537271273544320138e-08;
1689779.3186211124994;1.9333910472596471664e-08;
1690112.6741781495512;1.8011077074220338545e-08;
1690446.0297351866029;1.8881745944554495509e-08;
1690779.3852922236547;1.795635817813945323e-08;
1691112.7408492607065;1.7554288689325403539e-08;
1691446.0964062977582;1.8959157799258719024e-08;
1691779.45196333481;1.8292546144493826432e-08;
1692112.8075203718618;1.8925881306586234132e-08;
1692446.1630774089135;2.4484648974976153113e-08;
1692779.5186344459653;2.0244613097020192072e-08;
1693112.8741914830171;1.9087083913404967461e-08;
1693446.2297485200688;1.9499479364526450809e-08;
1693779.5853055571206;1.9120980354614403041e-08;
1694112.9408625941724;1.9346447999168958631e-08;
1694446.2964196312241;1.8458143458133235981e-08;
1694779.6519766682759;1.9072805557129868248e-08;
1695113.0075337053277;2.486335226592473191e-08;
1695446.3630907423794;1.9516273042086140777e-08;
1695779.7186477794312;1.8461095763200319197e-08;
1696113.074204816483;2.0146268653320476005e-08;
1696446.4297618535347;1.9651684723953621869e-08;
1696779.7853188905865;2.0821021351480339945e-08;
1697113.1408759276383;1.8416912439533916768e-08;
1697446.49643296469;2.0268277722834682208e-08;
1697779.8519900017418;1.880742672710766783e-08;
1698113.2075470387936;1.9740747703167471627e-08;
1698446.5631040758453;1.9925336047776909254e-08;
1698779.9186611128971;1.8713235405698469549e-08;
1699113.2742181499489;1.9925440852830433869e-08;
1699446.6297751870006;1.9879360380059551971e-08;
1699779.9853322240524;1.9836276621276738297e-08;
1700113.3408892611042;2.1188309773378932732e-08;
1700446.6964462981559;2.0698411873354416457e-08;
1700780.0520033352077;1.9880966206642369798e-08;
1701113.4075603722595;1.9171567444686843373e-08;
1701446.7631174093112;2.0269595779609517194e-08;
1701780.118674446363;2.0731928174200220383e-08;
1702113.4742314834148;2.0064044647938317212e-08;
1702446.8297885204665;2.0055693994436296634e-08;
1702780.1853455575183;2.0556255364567732613e-08;
1703113.5409025945701;2.0007027146107247972e-08;
1703446.8964596316218;1.9425833386321755825e-08;
1703780.2520166686736;1.9554640573460346786e-08;
1704113.6075737057254;2.2732034921091326396e-08;
1704446.9631307427771;2.067141302575237205e-08;
1704780.3186877798289;2.056871828415296477e-08;
1705113.6742448168807;1.9191650935113102605e-08;
1705447.0298018539324;1.9437711884506825299e-08;
1705780.3853588909842;1.8658514733260744833e-08;
1706113.740915928036;2.0678060153045407787e-08;
1706447.0964729650877;1.9939973228133567318e-08;
1706780.4520300021395;2.0095193065117200604e-08;
1707113.8075870391913;2.2053001202948507853e-08;
1707447.163144076243;2.2972503899154617102e-08;
1707780.5187011132948;2.7756012599411405972e-08;
1708113.8742581503466;4.7370264155688346364e-08;
1708447.2298151873983;2.5891297994462547649e-08;
1708780.5853722244501;2.1613010048326941615e-08;
1709113.9409292615019;2.1571361585870363342e-08;
1709447.2964862985536;2.2447464331776245672e-08;
1709780.6520433356054;2.0759772567657819309e-08;
1710114.0076003726572;2.2033445290503550495e-08;
1710447.3631574097089;2.2149444944830065651e-08;
1710780.7187144467607;2.0726028893136572151e-08;
1711114.0742714838125;1.9929187189404728997e-08;
1711447.4298285208642;2.0272835854484583251e-08;
1711780.785385557916;2.0149984791828501329e-08;
1712114.1409425949678;2.3277140215327563055e-08;
1712447.4964996320195;1.950523476068610762e-08;
1712780.8520566690713;2.0203366091209318256e-08;
1713114.2076137061231;1.946778560579787154e-08;
1713447.5631707431749;1.9983737331585871289e-08;
1713780.9187277802266;1.8728462336525808496e-08;
1714114.2742848172784;1.9650407523386093089e-08;
1714447.6298418543302;1.9710288512442275533e-08;
1714780.9853988913819;1.9671995588055324333e-08;
1715114.3409559284337;1.9644332382995344233e-08;
1715447.6965129654855;2.4982265145467863476e-08;
1715781.0520700025372;2.7482606412831955822e-08;
1716114.407627039589;1.970658303207528661e-08;
1716447.7631840766408;1.9450897781325693359e-08;
1716781.1187411136925;1.8085332342820947815e-08;
1717114.4742981507443;1.7658148721011457383e-08;
1717447.8298551877961;1.6912839129190615495e-08;
1717781.1854122248478;1.6044158002159747411e-08;
1718114.5409692618996;1.7552530096054397291e-08;
1718447.8965262989514;1.7878173608210090606e-08;
1718781.2520833360031;1.739557653479550936e-08;
1719114.6076403730549;1.8995363504359374929e-08;
1719447.9631974101067;1.8464175965959839232e-08;
1719781.3187544471584;1.7646891947720177996e-08;
1720114.6743114842102;2.2287578005375507928e-08;
1720448.029868521262;1.7583763778361571894e-08;
1720781.3854255583137;1.6748213482742357883e-08;
1721114.7409825953655;1.7931581552943498536e-08;
1721448.0965396324173;1.6855416618000162998e-08;
1721781.452096669469;1.7027796062052402704e-08;
1722114.8076537065208;1.7475949576351013093e-08;
1722448.1632107435726;1.7190156853530424996e-08;
1722781.5187677806243;1.7543683838994184043e-08;
1723114.8743248176761;1.6544914771543517418e-08;
1723448.2298818547279;2.0309730786038926453e-08;
1723781.5854388917796;2.0872805706062536046e-08;
1724114.9409959288314;1.8316631766879254428e-08;
1724448.2965529658832;1.7215723957519912801e-08;
1724781.6521100029349;1.7405143992732519109e-08;
1725115.0076670399867;1.8367154908105476352e-08;
1725448.3632240770385;1.7818223341237171553e-08;
1725781.7187811140902;1.7933125207036937354e-08;
1726115.074338151142;1.7133356067233762587e-08;
1726448.4298951881938;1.7577740152319165645e-08;
1726781.7854522252455;1.7912848093715183495e-08;
1727115.1410092622973;3.1559174828998948215e-08;
1727448.4965662993491;1.9585410626632437925e-08;
1727781.8521233364008;1.80377064395997877e-08;
1728115.2076803734526;2.1959754903377870505e-08;
1728448.5632374105044;1.81348678296444632e-08;
1728781.9187944475561;1.9113423732619594375e-08;
1729115.2743514846079;1.8697363657338428311e-08;
1729448.6299085216597;2.5301638117980473908e-08;
1729781.9854655587114;2.6527580132551520364e-08;
1730115.3410225957632;1.8989423367088420491e-08;
1730448.696579632815;1.9216042090874907444e-08;
1730782.0521366698667;1.8749398478234979848e-08;
1731115.4076937069185;1.9064898992837697733e-08;
1731448.7632507439703;1.9605822743073986203e-08;
1731782.118807781022;1.9783588101063287468e-08;
1732115.4743648180738;2.0390094945810233185e-08;
1732448.8299218551256;1.9630947534210463346e-08;
1732782.1854788921773;1.9201531031853846798e-08;
1733115.5410359292291;1.8845824456548143644e-08;
1733448.8965929662809;2.0409805401300218364e-08;
1733782.2521500033326;2.0318188020951311046e-08;
1734115.6077070403844;2.0541888190450663387e-08;
1734448.9632640774362;2.0447558313207991887e-08;
1734782.3188211144879;2.1719468890069038025e-08;
1735115.6743781515397;2.2067300875505679869e-08;
1735449.0299351885915;2.1549089623817963002e-08;
1735782.3854922256432;2.2324961435060686199e-08;
1736115.741049262695;2.5706430761829324183e-08;
1736449.0966062997468;2.1190432519802016031e-08;
1736782.4521633367985;2.3437205953769080224e-08;
1737115.8077203738503;2.2128132215470941446e-08;
1737449.1632774109021;2.4657696329200007312e-08;
1737782.5188344479539;2.697989032185432734e-08;
1738115.8743914850056;2.1384293447113122966e-08;
1738449.2299485220574;2.3378319724542961922e-08;
1738782.5855055591092;2.409342236830980255e-08;
1739115.9410625961609;2.5018762173090181022e-08;
1739449.2966196332127;2.344490646066788031e-08;
1739782.6521766702645;2.5383020130220756982e-08;
1740116.0077337073162;2.7075659048136913043e-08;
1740449.363290744368;2.4109892748924721673e-08;
1740782.7188477814198;2.713684743582689407e-08;
1741116.0744048184715;2.4804544196399547218e-08;
1741449.4299618555233;2.4412408095031423727e-08;
1741782.7855188925751;2.3268144744292840187e-08;
1742116.1410759296268;2.3718902397718011343e-08;
1742449.4966329666786;2.4245595753313864407e-08;
1742782.8521900037304;2.4496911166238533042e-08;
1743116.2077470407821;2.6585523116295917134e-08;
1743449.5633040778339;4.5542964954847775516e-08;
1743782.9188611148857;8.0308353744840133004e-08;
1744116.2744181519374;3.6865284158693611971e-08;
1744449.6299751889892;3.466632492177268432e-08;
1744782.985532226041;2.8375641392131001339e-08;
1745116.3410892630927;2.6464418212412965659e-08;
1745449.6966463001445;2.457186276672018721e-08;
1745783.0522033371963;2.1327005939042464888e-08;
1746116.407760374248;2.1592214238808082882e-08;
1746449.7633174112998;2.0269238731884797744e-08;
1746783.1188744483516;2.3487615408157580532e-08;
1747116.4744314854033;2.0883442530816864746e-08;
1747449.8299885224551;2.0326577754303798429e-08;
1747783.1855455595069;2.0481676799022352498e-08;
1748116.5411025965586;2.1556473939199349843e-08;
1748449.8966596336104;1.9623017877279380627e-08;
1748783.2522166706622;1.996296461470592476e-08;
1749116.6077737077139;1.9774276438511151355e-08;
1749449.9633307447657;1.9540973283938001259e-08;
1749783.3188877818175;2.135347365594952862e-08;
1750116.6744448188692;1.9377367266315559391e-08;
1750450.030001855921;2.0089192531713706558e-08;
1750783.3855588929728;2.0718164961408547242e-08;
1751116.7411159300245;2.0526954358501825482e-08;
1751450.0966729670763;1.9060109934798674658e-08;
1751783.4522300041281;2.0034917724842671305e-08;
1752116.8077870411798;2.2464110571718265419e-08;
1752450.1633440782316;1.9626568814601341728e-08;
1752783.5189011152834;1.9153759467371855862e-08;
1753116.8744581523351;2.0091274421929483651e-08;
1753450.2300151893869;1.9566220643696397019e-08;
1753783.5855722264387;1.946204086777925113e-08;
1754116.9411292634904;1.9149789309835796303e-08;
1754450.2966863005422;1.9173285181750543416e-08;
1754783.652243337594;1.9467853107357768749e-08;
1755117.0078003746457;2.018069977793857106e-08;
1755450.3633574116975;1.981736375000764383e-08;
1755783.7189144487493;1.9014326113619972602e-08;
1756117.074471485801;2.412654254158042022e-08;
1756450.4300285228528;1.9403016082719659607e-08;
1756783.7855855599046;1.9663115580215162481e-08;
1757117.1411425969563;2.1167439356872819189e-08;
1757450.4966996340081;2.3635463364257702779e-08;
1757783.8522566710599;2.8372252103281425661e-08;
1758117.2078137081116;3.2206344258156605065e-08;
1758450.5633707451634;2.3763529810594263836e-08;
1758783.9189277822152;2.2719619963140758045e-08;
1759117.2744848192669;2.5907995748752910004e-08;
1759450.6300418563187;2.1425430318799953966e-08;
1759783.9855988933705;2.2985139125353271083e-08;
1760117.3411559304222;3.4641185919781491975e-08;
1760450.696712967474;2.2181881220717514225e-08;
1760784.0522700045258;2.214851058113254112e-08;
1761117.4078270415775;2.3153445383172766014e-08;
1761450.7633840786293;2.2801346588607884769e-08;
1761784.1189411156811;2.4101591833414204302e-08;
1762117.4744981527328;2.2458863213614677079e-08;
1762450.8300551897846;2.2044208236593476613e-08;
1762784.1856122268364;2.2245449926572291588e-08;
1763117.5411692638882;2.3290555262178713747e-08;
1763450.8967263009399;2.3438936125330656068e-08;
1763784.2522833379917;2.3789926473227751558e-08;
1764117.6078403750435;3.3565225265874687466e-08;
1764450.9633974120952;2.3331097054324345663e-08;
1764784.318954449147;2.3145148020375927445e-08;
1765117.6745114861988;2.4192242875642477884e-08;
1765451.0300685232505;2.5800488856475567445e-08;
1765784.3856255603023;2.447342417610798293e-08;
1766117.7411825973541;2.470760485095979675e-08;
1766451.0967396344058;2.4678236343333992409e-08;
1766784.4522966714576;2.7190054652237449773e-08;
1767117.8078537085094;2.535342780163318821e-08;
1767451.1634107455611;2.6216396165068545088e-08;
1767784.5189677826129;2.6767729366383719025e-08;
1768117.8745248196647;3.3019624368080258137e-08;
1768451.2300818567164;2.810422827792535827e-08;
1768784.5856388937682;2.7907335109489395109e-08;
1769117.94119593082;2.7432971450025434024e-08;
1769451.2967529678717;3.046168828291229147e-08;
1769784.6523100049235;2.6820023535378822999e-08;
1770118.0078670419753;2.7576717798183381092e-08;
1770451.363424079027;2.9452872141177977028e-08;
1770784.7189811160788;2.9474195528678137634e-08;
1771118.0745381531306;3.1885907247897193884e-08;
1771451.4300951901823;2.915004770898121933e-08;
1771784.7856522272341;2.9648946409110976674e-08;
1772118.1412092642859;3.2044372488826411427e-08;
1772451.4967663013376;2.7687541148679883918e-08;
1772784.8523233383894;2.623385597644301015e-08;
1773118.2078803754412;2.9731355155604433094e-08;
1773451.5634374124929;2.9559235059650745825e-08;
1773784.9189944495447;2.886387306944016018e-08;
1774118.2745514865965;2.8478716274094040273e-08;
1774451.6301085236482;2.7445986816587719659e-08;
1774784.9856655607;2.7579625694329479302e-08;
1775118.3412225977518;2.850103797413794382e-08;
1775451.6967796348035;2.9729109840559431177e-08;
1775785.0523366718553;3.0347489854420928168e-08;
1776118.4078937089071;3.4038482255027702195e-08;
1776451.7634507459588;2.6351777648869756376e-08;
1776785.1190077830106;2.7950461500836354389e-08;
1777118.4745648200624;2.6397694696811413451e-08;
1777451.8301218571141;3.2848426201326219598e-08;
1777785.1856788941659;2.8081970526727673132e-08;
1778118.5412359312177;2.5381549306757733575e-08;
1778451.8967929682694;3.0487704805182147538e-08;
1778785.2523500053212;3.4041651275629192241e-08;
1779118.607907042373;1.2248767689015949145e-07;
1779451.9634640794247;7.0347034863971202867e-08;
1779785.3190211164765;3.3065074234173152945e-08;
1780118.6745781535283;2.5969146832949263626e-08;
1780452.03013519058;2.6643546036098086915e-08;
1780785.3856922276318;2.5287596017165014928e-08;
1781118.7412492646836;2.4779327034707421262e-08;
1781452.0968063017353;2.5986489404772328271e-08;
1781785.4523633387871;2.5216484900170144101e-08;
1782118.8079203758389;2.5381549306757733575e-08;
1782452.1634774128906;2.592761916275776457e-08;
1782785.5190344499424;2.4826514177789249516e-08;
1783118.8745914869942;2.5298303896192919638e-08;
1783452.2301485240459;2.5551686988478650164e-08;
1783785.5857055610977;2.7608370700704654155e-08;
1784118.9412625981495;4.6457788727138904505e-08;
1784452.2968196352012;3.9478649682678224053e-08;
1784785.652376672253;2.7431621418827489833e-08;
1785119.0079337093048;2.5098970013459620532e-08;
1785452.3634907463565;2.9068381479646632215e-08;
1785785.7190477834083;2.475222160569501284e-08;
1786119.0746048204601;2.4961602562711959763e-08;
1786452.4301618575118;2.4452969427102289046e-08;
1786785.7857188945636;2.6219343141065110103e-08;
1787119.1412759316154;2.445554692087625881e-08;
1787452.4968329686671;2.3982025254554173443e-08;
1787785.8523900057189;2.3936861381912422075e-08;
1788119.2079470427707;2.4335719217560836114e-08;
1788452.5635040798225;2.4691592770409442892e-08;
1788785.9190611168742;2.357554151899421413e-08;
1789119.274618153926;2.4879605931005244202e-08;
1789452.6301751909778;2.4644055685030252789e-08;
1789785.9857322280295;2.5061607900056515064e-08;
1790119.3412892650813;2.7857177897772089636e-08;
1790452.6968463021331;4.2588045090496962075e-08;
1790786.0524033391848;8.5131354410350468243e-08;
1791119.4079603762366;4.9858872586128200055e-08;
1791452.7635174132884;3.0507905535159807187e-08;
1791786.1190744503401;2.7825874937548178423e-08;
1792119.4746314873919;3.6967943373156231246e-08;
1792452.8301885244437;2.5580565221616780036e-08;
1792786.1857455614954;2.5197930852982608485e-08;
1793119.5413025985472;2.4695108180594615988e-08;
1793452.896859635599;2.6150480891828919994e-08;
1793786.2524166726507;2.4488262084787493222e-08;
1794119.6079737097025;2.5919149493347504176e-08;
1794452.9635307467543;2.5560485283904199605e-08;
1794786.319087783806;3.9727368061903689522e-08;
1795119.6746448208578;2.4830047351542816614e-08;
1795453.0302018579096;2.3628073719805797737e-08;
1795786.3857588949613;2.4801144249408935138e-08;
1796119.7413159320131;2.5310262330435762124e-08;
1796453.0968729690649;2.3625458922538200568e-08;
1796786.4524300061166;2.5488338550871958432e-08;
1797119.8079870431684;2.6602435809763846919e-08;
1797453.1635440802202;2.6579405343341022672e-08;
1797786.5191011172719;2.6492140037248645967e-08;
1798119.8746581543237;2.8459361089971935144e-08;
1798453.2302151913755;2.605839810598808981e-08;
1798786.5857722284272;2.867968973419010581e-08;
1799119.941329265479;2.9035055248982644116e-08;
1799453.2968863025308;2.836791601623644965e-08;
1799786.6524433395825;2.8581260025362098531e-08;
1800120.0080003766343;3.6877395359624642879e-08;
1800453.3635574136861;2.8299774967877056042e-08;
1800786.7191144507378;3.1360603003349751816e-08;
1801120.0746714877896;3.1992119176038613659e-08;
1801453.4302285248414;3.6007854475883505074e-08;
1801786.7857855618931;4.3417877293450146681e-08;
1802120.1413425989449;3.3892057160755939549e-08;
1802453.4968996359967;3.2293648644099448575e-08;
1802786.8524566730484;3.4973393070458769216e-08;
1803120.2080137101002;3.208701571111305384e-08;
1803453.563570747152;3.2230172308800320025e-08;
1803786.9191277842037;3.1938885314275466953e-08;
1804120.2746848212555;3.2335826460894168122e-08;
1804453.6302418583073;3.2599565713553602109e-08;
1804786.985798895359;3.2558357787593195098e-08;
1805120.3413559324108;3.1311444104176189285e-08;
1805453.6969129694626;3.3329371262880158611e-08;
1805787.0524700065143;2.9546722402074010461e-08;
1806120.4080270435661;3.2229209523393365089e-08;
1806453.7635840806179;3.3447385305862553651e-08;
1806787.1191411176696;3.2613886702392846928e-08;
1807120.4746981547214;3.3865156012780062156e-08;
1807453.8302551917732;3.1067731498524153722e-08;
1807787.1858122288249;3.137360948812784045e-08;
1808120.5413692658767;3.8356539278083801037e-08;
1808453.8969263029285;3.0300931541660247603e-08;
1808787.2524833399802;3.26108491321974725e-08;
1809120.608040377032;3.6963204053108711378e-08;
1809453.9635974140838;4.7216147436301980633e-08;
1809787.3191544511355;5.6386372904171366827e-08;
1810120.6747114881873;3.9069519175427558366e-08;
1810454.0302685252391;3.7857546431041555479e-08;
1810787.3858255622908;3.1385514631665500929e-08;
1811120.7413825993426;3.2560645735202342621e-08;
1811454.0969396363944;3.1081324181059244438e-08;
1811787.4524966734461;3.0484493152016511885e-08;
1812120.8080537104979;3.1938490963057120098e-08;
1812454.1636107475497;2.9446249882880692894e-08;
1812787.5191677846014;3.0551401408729361719e-08;
1813120.8747248216532;2.9242009702556970296e-08;
1813454.230281858705;3.2801256821812785347e-08;
1813787.5858388957568;3.6963204053108711378e-08;
1814120.9413959328085;5.1653941568474692758e-08;
1814454.2969529698603;5.5334428594733253703e-08;
1814787.6525100069121;1.6622058751636359375e-07;
1815121.0080670439638;6.00216694124355854e-08;
1815454.3636240810156;3.8662793855337440618e-08;
1815787.7191811180674;3.3556972311998833902e-08;
1816121.0747381551191;3.6087833166220661951e-08;
1816454.4302951921709;2.9243500065945227107e-08;
1816787.7858522292227;2.9215412311600630346e-08;
1817121.1414092662744;3.1422036528283570078e-08;
1817454.4969663033262;3.1107873610380920582e-08;
1817787.852523340378;2.7723995543738055858e-08;
1818121.2080803774297;2.9701128667625198432e-08;
1818454.5636374144815;2.8415847452833986608e-08;
1818787.9191944515333;2.8293014153746298689e-08;
1819121.274751488585;2.8429280263253531302e-08;
1819454.6303085256368;2.7692063753192996955e-08;
1819787.9858655626886;2.7416735548513315734e-08;
1820121.3414225997403;2.8769560955765882682e-08;
1820454.6969796367921;2.524711462115192262e-08;
1820788.0525366738439;2.6471624892110412475e-08;
1821121.4080937108956;2.8213055003334375215e-08;
1821454.7636507479474;2.7422322190773229522e-08;
1821788.1192077849992;2.7662501622671697987e-08;
1822121.4747648220509;2.8290976672451506602e-08;
1822454.8303218591027;2.8867725987424819323e-08;
1822788.1858788961545;2.9768932208185105992e-08;
1823121.5414359332062;4.7365354305384244071e-08;
1823454.896992970258;2.9278197644089232199e-08;
1823788.2525500073098;3.0062917488749008044e-08;
1824121.6081070443615;3.612817778275712044e-08;
1824454.9636640814133;2.8988013767161646683e-08;
1824788.3192211184651;2.8463361445574264508e-08;
1825121.6747781555168;3.2129772620237417868e-08;
1825455.0303351925686;2.9883892693760572001e-08;
1825788.3858922296204;2.9642800214446651808e-08;
1826121.7414492666721;3.2166536101385645452e-08;
1826455.0970063037239;2.9368344200975116109e-08;
1826788.4525633407757;3.1954431989333897945e-08;
1827121.8081203778274;3.4833469442219211487e-08;
1827455.1636774148792;3.2879601263857693993e-08;
1827788.519234451931;3.9382779704055792536e-08;
1828121.8747914889827;5.1579405635493458249e-08;
1828455.2303485260345;5.5376343510715742013e-08;
1828788.5859055630863;4.0721126026710408041e-08;
1829121.941462600138;3.5506715789779264014e-08;
1829455.2970196371898;3.1938267142095355666e-08;
1829788.6525766742416;3.2480549805313785328e-08;
1830122.0081337112933;3.0349195156986752409e-08;
1830455.3636907483451;3.2745525402333441889e-08;
1830788.7192477853969;3.3696206713784704334e-08;
1831122.0748048224486;3.5585522084602416726e-08;
1831455.4303618595004;3.3729786963476726669e-08;
1831788.7859188965522;3.5468563197582625435e-08;
1832122.1414759336039;4.2932082777724644984e-08;
1832455.4970329706557;3.384766955605300609e-08;
1832788.8525900077075;3.7199406222043762682e-08;
1833122.2081470447592;3.518185920370342501e-08;
1833455.563704081811;3.6404742331797024235e-08;
1833788.9192611188628;3.3537581600739940768e-08;
1834122.2748181559145;3.5716791302320416435e-08;
1834455.6303751929663;3.1490284158053327701e-08;
1834788.9859322300181;3.3578317015781067312e-08;
1835122.3414892670698;3.5269611231569797383e-08;
1835455.6970463041216;3.1203544637037339271e-08;
1835789.0526033411734;3.4012003879979602061e-08;
1836122.4081603782251;3.2847502495769731468e-08;
1836455.7637174152769;3.163616568713223387e-08;
1836789.1192744523287;3.2714417841361864703e-08;
1837122.4748314893804;3.2322649445859497064e-08;
1837455.8303885264322;3.3778054131516910275e-08;
1837789.185945563484;3.3759604889382899273e-08;
1838122.5415026005358;3.4523264247354745748e-08;
1838455.8970596375875;3.3181976277774083428e-08;
1838789.2526166746393;3.2792211612786559272e-08;
1839122.6081737116911;3.4346506083693384426e-08;
1839455.9637307487428;3.339319576411980961e-08;
1839789.3192877857946;3.4274297178171764244e-08;
1840122.6748448228464;4.1316539522995299194e-08;
1840456.0304018598981;3.3338743321564834332e-08;
1840789.3859588969499;3.4259127090763286105e-08;
1841122.7415159340017;3.4508349955331141246e-08;
1841456.0970729710534;3.6671572445357014658e-08;
1841789.4526300081052;3.5733236813939583953e-08;
1842122.808187045157;3.8745881170143547934e-08;
1842456.1637440822087;4.0333183903840108542e-08;
1842789.5193011192605;3.3813854827258182922e-08;
1843122.8748581563123;3.4470300391831187881e-08;
1843456.230415193364;3.4638322432556378772e-08;
1843789.5859722304158;3.5915743268333244487e-08;
1844122.9415292674676;3.4685331939954267e-08;
1844456.2970863045193;3.5115853336264990503e-08;
1844789.6526433415711;3.376624846396225621e-08;
1845123.0082003786229;3.3330483262261623167e-08;
1845456.3637574156746;3.521902414149735705e-08;
1845789.7193144527264;3.5946420950949686812e-08;
1846123.0748714897782;3.3842024294017392094e-08;
1846456.4304285268299;3.5989451419027318479e-08;
1846789.7859855638817;3.731755171543227334e-08;
1847123.1415426009335;3.5664125874745877809e-08;
1847456.4970996379852;3.4768788736982969567e-08;
1847789.852656675037;3.6959438176609182847e-08;
1848123.2082137120888;4.3940268312780972337e-08;
1848456.5637707491405;3.5395423481077159522e-08;
1848789.9193277861923;3.5715665092084236676e-08;
1849123.2748848232441;3.5551028787494942662e-08;
1849456.6304418602958;3.885152821681003843e-08;
1849789.9859988973476;4.6093674654912319966e-08;
1850123.3415559343994;7.5957686362926324364e-08;
1850456.6971129714511;1.6869147145825991174e-07;
1850790.0526700085029;6.6010130694849067368e-08;
1851123.4082270455547;4.5679502846951436368e-08;
1851456.7637840826064;3.9093823289704232593e-08;
1851790.1193411196582;3.4869838572149092215e-08;
1852123.47489815671;3.82130131981739396e-08;
1852456.8304551937617;4.3848118025380244944e-08;
1852790.1860122308135;6.189480217244636151e-08;
1853123.5415692678653;5.0322253031254149391e-08;
1853456.897126304917;3.8707579363972399733e-08;
1853790.2526833419688;4.0848227911283174763e-08;
1854123.6082403790206;3.6964436844755255152e-08;
1854456.9637974160723;3.8691535308998936671e-08;
1854790.3193544531241;3.6224012234242763952e-08;
1855123.6749114901759;7.0311202193806821015e-08;
1855457.0304685272276;4.1407950845950836083e-08;
1855790.3860255642794;3.8850163974757379037e-08;
1856123.7415826013312;4.6056765512503261562e-08;
1856457.0971396383829;3.9030418008678680053e-08;
1856790.4526966754347;3.9015333186398493126e-08;
1857123.8082537124865;4.1852743493109301198e-08;
1857457.1638107495382;4.2742520633964886656e-08;
1857790.51936778659;4.2767382524289132562e-08;
1858123.8749248236418;4.0471732631885970477e-08;
1858457.2304818606935;3.9326160106156748952e-08;
1858790.5860388977453;4.1140179263265963527e-08;
1859123.9415959347971;3.8497489640576532111e-08;
1859457.2971529718488;4.2419518564429381513e-08;
1859790.6527100089006;4.0034652926124181249e-08;
1860124.0082670459524;4.0066172601882499293e-08;
1860457.3638240830041;3.8617042008581847767e-08;
1860790.7193811200559;4.2122337617911398411e-08;
1861124.0749381571077;4.2810377465229976224e-08;
1861457.4304951941594;4.2963016255725960946e-08;
1861790.7860522312112;4.1709689924118720228e-08;
1862124.141609268263;4.0570963477648547268e-08;
1862457.4971663053147;4.4228823270486827823e-08;
1862790.8527233423665;4.4167485668822337175e-08;
1863124.2082803794183;4.558803112786335987e-08;
1863457.5638374164701;4.8078018011210588156e-08;
1863790.9193944535218;4.7624926224898445071e-08;
1864124.2749514905736;5.6953027183226367924e-08;
1864457.6305085276254;4.4644743013577681268e-08;
1864790.9860655646771;4.7213081444397175801e-08;
1865124.3416226017289;4.8198355528938918724e-08;
1865457.6971796387807;4.4378804631151069771e-08;
1865791.0527366758324;4.6556156263477532775e-08;
1866124.4082937128842;4.4729056014602974756e-08;
1866457.763850749936;4.6179263080148302834e-08;
1866791.1194077869877;4.5102037660171845346e-08;
1867124.4749648240395;4.4741629068312249728e-08;
1867457.8305218610913;4.4504655960508898715e-08;
1867791.186078898143;4.6626137617522545042e-08;
1868124.5416359351948;4.3205975686078090803e-08;
1868457.8971929722466;4.3787693471131206024e-08;
1868791.2527500092983;4.2236969477471575374e-08;
1869124.6083070463501;4.2532867894351511495e-08;
1869457.9638640834019;4.4937692678104212973e-08;
1869791.3194211204536;4.7912926959270407679e-08;
1870124.6749781575054;4.9266724033714126563e-08;
1870458.0305351945572;4.6040344869879845646e-08;
1870791.3860922316089;4.6061540359687569435e-08;
1871124.7416492686607;4.8109615846669839812e-08;
1871458.0972063057125;4.9659831802273401991e-08;
1871791.4527633427642;4.5990791619487936259e-08;
1872124.808320379816;5.6051373320542552392e-08;
1872458.1638774168678;4.5345778687533311313e-08;
1872791.5194344539195;4.7208601472448208369e-08;
1873124.8749914909713;5.2588223553584612091e-08;
1873458.2305485280231;7.0844841104644729057e-08;
1873791.5861055650748;1.6290894677695177961e-07;
1874124.9416626021266;9.2701746723378164461e-08;
1874458.2972196391784;6.4708473246355424635e-08;
1874791.6527766762301;4.8402164054550667061e-08;
1875125.0083337132819;4.6733727998571339413e-08;
1875458.3638907503337;4.3686043227353366092e-08;
1875791.7194477873854;4.3562426554899502662e-08;
1876125.0750048244372;4.3922824488618061878e-08;
1876458.430561861489;4.2833622870830367901e-08;
1876791.7861188985407;4.3491393597605565446e-08;
1877125.1416759355925;4.4297408408056071494e-08;
1877458.4972329726443;5.1107857501619946561e-08;
1877791.852790009696;4.9615444197570468532e-08;
1878125.2083470467478;4.7055010554686305113e-08;
1878458.5639040837996;4.3636877222752445959e-08;
1878791.9194611208513;4.5149601390903626452e-08;
1879125.2750181579031;4.8640238503594446229e-08;
1879458.6305751949549;4.8255543561026570387e-08;
1879791.9861322320066;5.6681834337268810486e-08;
1880125.3416892690584;5.6740613985084564774e-08;
1880458.6972463061102;4.533327313538393355e-08;
1880792.0528033431619;4.435830547322439088e-08;
1881125.4083603802137;4.6116841900811778032e-08;
1881458.7639174172655;4.2228140983979756129e-08;
1881792.1194744543172;4.4646704111528379144e-08;
1882125.475031491369;4.6823629418213386089e-08;
1882458.8305885284208;4.4056207570974947885e-08;
1882792.1861455654725;4.5120106761942224693e-08;
1883125.5417026025243;4.5028965445226276643e-08;
1883458.8972596395761;5.3128839994087684317e-08;
1883792.2528166766278;7.5788008757626812439e-08;
1884125.6083737136796;7.3780313414317788556e-08;
1884458.9639307507314;5.601987140835262835e-08;
1884792.3194877877831;5.0048598154717183206e-08;
1885125.6750448248349;5.0164260301244212314e-08;
1885459.0306018618867;6.0832682891032163752e-08;
1885792.3861588989384;1.3164031997803249396e-07;
1886125.7417159359902;1.4325607367027259897e-07;
1886459.097272973042;7.5494874351988983108e-08;
1886792.4528300100937;5.7974087752654668293e-08;
1887125.8083870471455;8.4990894322345411638e-08;
1887459.1639440841973;4.8998380464126967127e-08;
1887792.519501121249;5.0022755715417588362e-08;
1888125.8750581583008;5.699916627577295003e-08;
1888459.2306151953526;4.8314241496427712264e-08;
1888792.5861722324044;4.6900932915150406188e-08;
1889125.9417292694561;5.0508951687788794516e-08;
1889459.2972863065079;4.7568068595182921854e-08;
1889792.6528433435597;4.7503768030310311588e-08;
1890126.0084003806114;4.9702943982765646069e-08;
1890459.3639574176632;4.9700673798724892549e-08;
1890792.719514454715;4.8772690774967486504e-08;
1891126.0750714917667;4.8821981124547164654e-08;
1891459.4306285288185;4.5867341924576976453e-08;
1891792.7861855658703;4.7547182191465253709e-08;
1892126.141742602922;4.7221210053294271347e-08;
1892459.4972996399738;4.6345707716000106302e-08;
1892792.8528566770256;4.9578243732639748487e-08;
1893126.2084137140773;5.15379241505797836e-08;
1893459.5639707511291;5.2478032586122935754e-08;
1893792.9195277881809;4.9366963850161482696e-08;
1894126.2750848252326;5.00996186758584372e-08;
1894459.6306418622844;5.0647471994125226047e-08;
1894792.9861988993362;5.3234973762528170482e-08;
1895126.3417559363879;6.4168389712904172484e-08;
1895459.6973129734397;6.05904659778389032e-08;
1895793.0528700104915;5.1560380853743481566e-08;
1896126.4084270475432;5.3374591857391351368e-08;
1896459.763984084595;5.506504408003820572e-08;
1896793.1195411216468;5.2169095710041801794e-08;
1897126.4750981586985;5.4297917273515849956e-08;
1897459.8306551957503;5.0154305597516213311e-08;
1897793.1862122328021;5.3568570024253858719e-08;
1898126.5417692698538;5.7998946090265235398e-08;
1898459.8973263069056;9.3326100625290564494e-08;
1898793.2528833439574;8.4115420406760676997e-08;
1899126.6084403810091;6.2525273847313656006e-08;
1899459.9639974180609;5.4103008295669496874e-08;
1899793.3195544551127;5.2805958716817258392e-08;
1900126.6751114921644;5.2156909902123516076e-08;
1900460.0306685292162;5.1691884550564282108e-08;
1900793.386225566268;5.3654087395216265577e-08;
1901126.7417826033197;5.5196565540427400265e-08;
1901460.0973396403715;5.9218667303184702178e-08;
1901793.4528966774233;5.6715599328072130447e-08;
1902126.808453714475;5.6584333663067809539e-08;
1902460.1640107515268;5.7887383775323542068e-08;
1902793.5195677885786;5.919308065926998097e-08;
1903126.8751248256303;5.8135942282433461514e-08;
1903460.2306818626821;5.5343861049550469033e-08;
1903793.5862388997339;5.6214574328805611003e-08;
1904126.9417959367856;6.3983222275965090375e-08;
1904460.2973529738374;5.7461541302927798824e-08;
1904793.6529100108892;5.7454073498774960171e-08;
1905127.0084670479409;5.3191783422334992792e-08;
1905460.3640240849927;5.2859792987192122382e-08;
1905793.7195811220445;5.5045699554057136993e-08;
1906127.0751381590962;5.3510163411374378484e-08;
1906460.430695196148;5.66095899046104023e-08;
1906793.7862522331998;5.6936318770794969168e-08;
1907127.1418092702515;5.0704180409866239643e-08;
1907460.4973663073033;5.1873186635020829272e-08;
1907793.8529233443551;5.1878835449770122068e-08;
1908127.2084803814068;5.3180198023028424359e-08;
1908460.5640374184586;5.3220105655782390386e-08;
1908793.9195944555104;5.219558829594461713e-08;
1909127.2751514925621;5.189487950474358513e-08;
1909460.6307085296139;5.333644637062207039e-08;
1909793.9862655666657;6.6814315857754991157e-08;
1910127.3418226037174;6.1307623866468929918e-08;
1910460.6973796407692;6.01798291199884261e-08;
1910794.052936677821;7.664127821271904395e-08;
1911127.4084937148727;6.8073255476974736666e-08;
1911460.7640507519245;1.4141352266960893758e-07;
1911794.1196077889763;6.5889288691778347129e-08;
1912127.475164826028;6.5145655980813899077e-08;
1912460.8307218630798;6.0696471848586952547e-08;
1912794.1862789001316;6.4427396750943444204e-08;
1913127.5418359371834;6.6919213281835254747e-08;
1913460.8973929742351;6.82571865695535962e-08;
1913794.2529500112869;6.9746775466228427831e-08;
1914127.6085070483387;6.5497602008690591902e-08;
1914460.9640640853904;6.860484802473365562e-08;
1914794.3196211224422;5.974521144480604562e-08;
1915127.675178159494;6.3144966588879469782e-08;
1915461.0307351965457;5.835655159103225742e-08;
1915794.3862922335975;5.7124168506561545655e-08;
1916127.7418492706493;5.77159795511761331e-08;
1916461.097406307701;5.5425200429226606502e-08;
1916794.4529633447528;5.4836355900533817476e-08;
1917127.8085203818046;5.382722889635260799e-08;
1917461.1640774188563;5.9829233123309677467e-08;
1917794.5196344559081;5.9460198542637954233e-08;
1918127.8751914929599;5.9107563288307574112e-08;
1918461.2307485300116;5.9561816811992684961e-08;
1918794.5863055670634;5.8629471055837711901e-08;
1919127.9418626041152;9.7012019750764011405e-08;
1919461.2974196411669;5.67606512902329996e-08;
1919794.6529766782187;5.8690272197736703674e-08;
1920128.0085337152705;6.50876614827211597e-08;
1920461.3640907523222;6.3836928632099443348e-08;
1920794.719647789374;7.2062782408011116786e-08;
1921128.0752048264258;9.5062283378410938894e-08;
1921461.4307618634775;2.5843880280262965243e-07;
1921794.7863189005293;2.0425963498382770922e-07;
1922128.1418759375811;9.1130338830680557294e-08;
1922461.4974329746328;6.7255570002089370973e-08;
1922794.8529900116846;7.0011445529871707549e-08;
1923128.2085470487364;5.7983662316019035643e-08;
1923461.5641040857881;5.592469065618388413e-08;
1923794.9196611228399;5.9004335639656346757e-08;
1924128.2752181598917;5.5244584018510067835e-08;
1924461.6307751969434;5.2205034961616547662e-08;
1924794.9863322339952;5.5265356735390014364e-08;
1925128.341889271047;5.3949730016711328062e-08;
1925461.6974463080987;5.8278587289350980427e-08;
1925795.0530033451505;5.6512313051371165784e-08;
1926128.4085603822023;5.5941985266372284968e-08;
1926461.764117419254;6.2780181053767591948e-08;
1926795.1196744563058;6.1442399612587905722e-08;
1927128.4752314933576;5.7627126182069332572e-08;
1927461.8307885304093;5.6193542263827112038e-08;
1927795.1863455674611;6.1748409052597708069e-08;
1928128.5419026045129;5.8662646296170350979e-08;
1928461.8974596415646;6.3358974955463054357e-08;
1928795.2530166786164;5.5204807836162217427e-08;
1929128.6085737156682;5.5613046612279504188e-08;
1929461.9641307527199;5.4421104067614578526e-08;
1929795.3196877897717;5.6696475070339147351e-08;
1930128.6752448268235;5.9234899651983141666e-08;
1930462.0308018638752;5.8349272080704395194e-08;
1930795.386358900927;5.8973764538450268446e-08;
1931128.7419159379788;5.4559041728907686775e-08;
1931462.0974729750305;5.7001170006287793512e-08;
1931795.4530300120823;5.3884470219145441661e-08;
1932128.8085870491341;6.9231141708314680727e-08;
1932462.1641440861858;5.8339843178600858664e-08;
1932795.5197011232376;5.5872646953503135592e-08;
1933128.8752581602894;5.8058478913380895392e-08;
1933462.2308151973411;5.7679390152998166741e-08;
1933795.5863722343929;6.0364598652995482553e-08;
1934128.9419292714447;6.4010656330992787844e-08;
1934462.2974863084964;6.1286087316148041282e-08;
1934795.6530433455482;5.907953237738183816e-08;
1935129.0086003826;6.3883149437060637865e-08;
1935462.3641574196517;6.1016876884423254523e-08;
1935795.7197144567035;6.2352071950044773985e-08;
1936129.0752714937553;8.1277597985263128066e-08;
1936462.430828530807;6.5812706395718123531e-08;
1936795.7863855678588;6.0895871456523309462e-08;
1937129.1419426049106;6.2667673716987337684e-08;
1937462.4974996419623;6.6669862519574962789e-08;
1937795.8530566790141;6.371693928031163523e-08;
1938129.2086137160659;6.426935783565568272e-08;
1938462.5641707531177;7.7314986413057340542e-08;
1938795.9197277901694;1.092461090479446284e-07;
1939129.2752848272212;1.0728545163374292315e-07;
1939462.630841864273;6.7873003217755467631e-08;
1939795.9863989013247;6.2550320478749199538e-08;
1940129.3419559383765;9.0422616949581424706e-08;
1940462.6975129754283;6.1354818114978115773e-08;
1940796.05307001248;6.078749237303782138e-08;
1941129.4086270495318;6.129642571295335074e-08;
1941462.7641840865836;6.6338650128727749689e-08;
1941796.1197411236353;6.2025854674629954388e-08;
1942129.4752981606871;6.5095207446574931964e-08;
1942462.8308551977389;6.0796786272021563491e-08;
1942796.1864122347906;5.6344784837847328163e-08;
1943129.5419692718424;6.2318015636719792383e-08;
1943462.8975263088942;6.0950348768074036343e-08;
1943796.2530833459459;5.5183573266504026833e-08;
1944129.6086403829977;7.5462786242042056983e-08;
1944462.9641974200495;5.9974134103413234698e-08;
1944796.3197544571012;6.1537456019777891925e-08;
1945129.675311494153;6.8904029149052803405e-08;
1945463.0308685312048;9.1451653361218632199e-08;
1945796.3864255682565;2.2960621492984500946e-07;
1946129.7419826053083;2.0461806116145453416e-07;
1946463.0975396423601;7.4808497174672083929e-08;
1946796.4530966794118;6.7332763364902348258e-08;
1947129.8086537164636;6.2633446873405773658e-08;
1947463.1642107535154;6.2582635962371568894e-08;
1947796.5197677905671;6.2448101800782751525e-08;
1948129.8753248276189;6.4352512652021687245e-08;
1948463.2308818646707;7.1268502210841688793e-08;
1948796.5864389017224;6.3734965749517868971e-08;
1949129.9419959387742;5.9841639199476048816e-08;
1949463.297552975826;6.6202908044488140149e-08;
1949796.6531100128777;6.6210468219196627615e-08;
1950130.0086670499295;6.1000051232440455351e-08;
1950463.3642240869813;6.2075670825834095012e-08;
1950796.719781124033;6.1147360952418239322e-08;
1951130.0753381610848;6.9440893923911062302e-08;
1951463.4308951981366;5.9030046628549825982e-08;
1951796.7864522351883;5.9479319247657258529e-08;
1952130.1420092722401;7.817802583076627343e-08;
1952463.4975663092919;6.1323348177211300936e-08;
1952796.8531233463436;6.1234750603489374043e-08;
1953130.2086803833954;6.9786366907464980613e-08;
1953463.5642374204472;8.7704243867392506218e-08;
1953796.9197944574989;8.1406199115008348599e-08;
1954130.2753514945507;6.2243621812285709893e-08;
1954463.6309085316025;6.2025421243561140727e-08;
1954796.9864655686542;5.4986358577480132226e-08;
1955130.342022605706;5.4664383242197800428e-08;
1955463.6975796427578;5.5106657015357995988e-08;
1955797.0531366798095;5.5956629552156300633e-08;
1956130.4086937168613;6.1126741002226481214e-08;
1956463.7642507539131;6.4072196437336970121e-08;
1956797.1198077909648;8.8560419442273996538e-08;
1957130.4753648280166;3.5924389862884709146e-07;
1957463.8309218650684;1.5002586906120995991e-07;
1957797.1864789021201;7.35643084226467181e-08;
1958130.5420359391719;6.4275234024080418749e-08;
1958463.8975929762237;5.6538628001590041094e-08;
1958797.2531500132754;5.603788366670414689e-08;
1959130.6087070503272;5.3729166893390356563e-08;
1959463.964264087379;5.5482285432617572951e-08;
1959797.3198211244307;5.1143246082574478351e-08;
1960130.6753781614825;6.5784739433638605988e-08;
1960464.0309351985343;5.1833197289852250833e-08;
1960797.386492235586;4.7416556014923116891e-08;
1961130.7420492726378;4.9156412273987371009e-08;
1961464.0976063096896;5.165593819356217864e-08;
1961797.4531633467413;4.8856470868940959917e-08;
1962130.8087203837931;4.8814520425821683602e-08;
1962464.1642774208449;4.6224716498954876442e-08;
1962797.5198344578966;4.5472855703110326431e-08;
1963130.8753914949484;4.5048270891356878565e-08;
1963464.2309485320002;4.6636213113515623263e-08;
1963797.586505569052;4.7348134302183098043e-08;
1964130.9420626061037;4.5098470735638329643e-08;
1964464.2976196431555;4.5389612068902351893e-08;
1964797.6531766802073;4.7803379032984594232e-08;
1965131.008733717259;4.5768260292788909283e-08;
1965464.3642907543108;4.6656126073685300071e-08;
1965797.7198477913626;4.6606320580622195848e-08;
1966131.0754048284143;5.0617853020185066271e-08;
1966464.4309618654661;4.879060000462231983e-08;
1966797.7865189025179;4.7318447826683041058e-08;
1967131.1420759395696;4.7526722113389041624e-08;
1967464.4976329766214;5.0762292147510379436e-08;
1967797.8531900136732;4.9165223003910796251e-08;
1968131.2087470507249;6.1420813324275513878e-08;
1968464.5643040877767;5.0757119396394045907e-08;
1968797.9198611248285;6.8770525274430838181e-08;
1969131.2754181618802;6.2444698301078460645e-08;
1969464.630975198932;5.190572949231864186e-08;
1969797.9865322359838;5.2986511178687578649e-08;
1970131.3420892730355;4.613320925273001194e-08;
1970464.6976463100873;4.3887112610718759242e-08;
1970798.0532033471391;5.3172446001781281666e-08;
1971131.4087603841908;4.6721741142619066522e-08;
1971464.7643174212426;4.8850122169596943422e-08;
1971798.1198744582944;5.1856421379170569708e-08;
1972131.4754314953461;4.5153804251185647445e-08;
1972464.8309885323979;4.8030912580543372314e-08;
1972798.1865455694497;4.5554568117722737952e-08;
1973131.5421026065014;4.8831932275561484857e-08;
1973464.8976596435532;4.4405940258229747997e-08;
1973798.253216680605;4.7544506998065116932e-08;
1974131.6087737176567;4.629257333021996601e-08;
1974464.9643307547085;4.8589594570103145088e-08;
1974798.3198877917603;4.5414335403393124579e-08;
1975131.675444828812;4.3354237533321793308e-08;
1975465.0310018658638;4.1695475516689839424e-08;
1975798.3865589029156;4.5891603406289505074e-08;
1976131.7421159399673;5.3381249642825423507e-08;
1976465.0976729770191;4.5345537103003152879e-08;
1976798.4532300140709;4.6984553137008333579e-08;
1977131.8087870511226;5.6919716939773934428e-08;
1977465.1643440881744;6.3089750312883552397e-08;
1977798.5199011252262;4.5685361271807778394e-08;
1978131.8754581622779;4.1329826672154013067e-08;
1978465.2310151993297;3.9573361476641366608e-08;
1978798.5865722363815;4.1913075676802691305e-08;
1979131.9421292734332;3.9577322752393229166e-08;
1979465.297686310485;4.2488881746294282493e-08;
1979798.6532433475368;3.7988588275084111956e-08;
1980132.0088003845885;3.8837335125663230428e-08;
1980465.3643574216403;3.9100552129411880742e-08;
1980798.7199144586921;3.8471394958605742431e-08;
1981132.0754714957438;4.0549373636622476624e-08;
1981465.4310285327956;4.0113288690690751537e-08;
1981798.7865855698474;4.1171702491737960372e-08;
1982132.1421426068991;3.9684749708612798713e-08;
1982465.4976996439509;4.2715196713061232003e-08;
1982798.8532566810027;4.452405022448147065e-08;
1983132.2088137180544;5.9496247928336742916e-08;
1983465.5643707551062;3.8881843522631243104e-08;
1983798.919927792158;3.8564909488059129217e-08;
1984132.2754848292097;4.3911096980764341424e-08;
1984465.6310418662615;3.82484763861157262e-08;
1984798.9865989033133;3.7504591432480083313e-08;
1985132.342155940365;3.7549753528764995281e-08;
1985465.6977129774168;3.9559530762289796257e-08;
1985799.0532700144686;3.6419006477217408246e-08;
1986132.4088270515203;3.9803651930014893878e-08;
1986465.7643840885721;3.6669959513346839231e-08;
1986799.1199411256239;3.7037175104615016608e-08;
1987132.4754981626756;3.5794744945860657026e-08;
1987465.8310551997274;3.6295102034955561976e-08;
1987799.1866122367792;3.5889442528969084378e-08;
1988132.542169273831;3.8005275371233437909e-08;
1988465.8977263108827;3.710222884478753258e-08;
1988799.2532833479345;3.7274634934192363289e-08;
1989132.6088403849863;3.4138551541218475904e-08;
1989465.964397422038;3.9434564058637988637e-08;
1989799.3199544590898;4.3697937712749990169e-08;
1990132.6755114961416;5.9768197502307884861e-08;
1990466.0310685331933;4.3172363461962959263e-08;
1990799.3866255702451;4.039331358285380702e-08;
1991132.7421826072969;4.0929471367689984618e-08;
1991466.0977396443486;4.2272525035969010787e-08;
1991799.4532966814004;4.2206558248381043086e-08;
1992132.8088537184522;5.7513247497809061315e-08;
1992466.1644107555039;9.8283898353201948339e-08;
1992799.5199677925557;3.153786565235350281e-07;
1993132.8755248296075;9.3017156643782072933e-08;
1993466.2310818666592;5.4193662890611449257e-08;
1993799.586638903711;4.3410175010194507195e-08;
1994132.9421959407628;4.014430388110667991e-08;
1994466.2977529778145;3.6863923469354631379e-08;
1994799.6533100148663;3.8037669014556740876e-08;
1995133.0088670519181;3.4015648964214051375e-08;
1995466.3644240889698;3.5330010916823084699e-08;
1995799.7199811260216;3.7571723510154697578e-08;
1996133.0755381630734;3.5074297244364061044e-08;
1996466.4310952001251;3.368064227515787934e-08;
1996799.7866522371769;3.3756876405277580488e-08;
1997133.1422092742287;3.1300995573246837012e-08;
1997466.4977663112804;3.3526802667438460048e-08;
1997799.8533233483322;3.2798318727600417333e-08;
1998133.208880385384;3.4215162258988129906e-08;
1998466.5644374224357;3.3390556097856460838e-08;
1998799.9199944594875;3.3757824979829820222e-08;
1999133.2755514965393;3.4467877441102245939e-08;
1999466.631108533591;3.5319647651022023638e-08;
1999799.9866655706428;3.3492423057168707601e-08;
2000133.3422226076946;4.0258786526692347252e-08;
2000466.6977796447463;3.5756155369881525985e-08;
2000800.0533366817981;3.3299407675713155186e-08;
2001133.4088937188499;3.4339265653215989005e-08;
2001466.7644507559016;3.128027259435839369e-08;
2001800.1200077929534;3.2803850302798309713e-08;
2002133.4755648300052;3.1230250385760882637e-08;
2002466.8311218670569;3.2022821727650807588e-08;
2002800.1866789041087;3.4596240539030986838e-08;
2003133.5422359411605;3.5478471716032800032e-08;
2003466.8977929782122;4.093047678566108516e-08;
2003800.253350015264;4.1268737760447038454e-08;
2004133.6089070523158;3.42300090494518372e-08;
2004466.9644640893675;3.3906946583783792448e-08;
2004800.3200211264193;3.0717856702722201589e-08;
2005133.6755781634711;3.1569378222684463253e-08;
2005467.0311352005228;3.142297444469477341e-08;
2005800.3866922375746;3.1257641808224434499e-08;
2006133.7422492746264;3.0741393430844254908e-08;
2006467.0978063116781;3.1127878941106246202e-08;
2006800.4533633487299;3.4264363790725838044e-08;
2007133.8089203857817;3.0711056808740977431e-08;
2007467.1644774228334;3.2325889520734563121e-08;
2007800.5200344598852;3.2230794033694110112e-08;
2008133.875591496937;3.6799217895122637856e-08;
2008467.2311485339887;3.1467831007603308535e-08;
2008800.5867055710405;3.128758052639568632e-08;
2009133.9422626080923;3.0656398308792631724e-08;
2009467.297819645144;2.8621808922935088049e-08;
2009800.6533766821958;3.2316631148887609015e-08;
2010134.0089337192476;3.1709276981928269379e-08;
2010467.3644907562993;2.9494344744307454675e-08;
2010800.7200477933511;3.0754680580002968782e-08;
2011134.0756048304029;3.1090937824274078594e-08;
2011467.4311618674546;3.1398752042832711595e-08;
2011800.7867189045064;3.1339620676362756058e-08;
2012134.1422759415582;3.0024811081830193871e-08;
2012467.4978329786099;2.88179187180048757e-08;
2012800.8533900156617;2.9849523741631855955e-08;
2013134.2089470527135;3.1506939279779544449e-08;
2013467.5645040897653;2.9290800895864776976e-08;
2013800.920061126817;3.0022754060610168381e-08;
2014134.2756181638688;3.007147597600123845e-08;
2014467.6311752009206;3.2132142280261177802e-08;
2014800.9867322379723;3.137063231406500563e-08;
2015134.3422892750241;3.3850287906034282059e-08;
2015467.6978463120759;3.1815574175197980367e-08;
2015801.0534033491276;3.4145447358469027677e-08;
2016134.4089603861794;3.6190936469893131289e-08;
2016467.7645174232312;3.4199597820361304912e-08;
2016801.1200744602829;3.3668456467239593621e-08;
2017134.4756314973347;3.7261017382661520969e-08;
2017467.8311885343865;4.3132111215982149588e-08;
2017801.1867455714382;9.8553869065653998405e-08;
2018134.54230260849;1.0777441872278359369e-07;
2018467.8978596455418;4.467079151027064654e-08;
2018801.2534166825935;3.6597302965901690186e-08;
2019134.6089737196453;3.6437949546552772517e-08;
2019467.9645307566971;3.2940885574817002635e-08;
2019801.3200877937488;3.1978352410533261718e-08;
2020134.6756448308006;3.1305230407951967209e-08;
2020468.0312018678524;3.171134110857565247e-08;
2020801.3867589049041;3.1552858104078040924e-08;
2021134.7423159419559;3.1775023501268151449e-08;
2021468.0978729790077;3.1648063725242536748e-08;
2021801.4534300160594;3.0154158281447962509e-08;
2022134.8089870531112;3.2057268839480457245e-08;
2022468.164544090163;3.0303752396321215201e-08;
2022801.5201011272147;3.2913352043806298752e-08;
2023134.8756581642665;3.5207332160780424601e-08;
2023468.2312152013183;4.707179357410495868e-08;
2023801.58677223837;3.8570803440052259248e-08;
2024134.9423292754218;3.898032829852127179e-08;
2024468.2978863124736;3.4482471988894758397e-08;
2024801.6534433495253;2.8975998489499943389e-08;
2025135.0090003865771;3.1694185054220724851e-08;
2025468.3645574236289;2.9406393764475069474e-08;
2025801.7201144606806;2.9608242968492959335e-08;
2026135.0756714977324;3.0199270639741371269e-08;
2026468.4312285347842;3.0198052058949542698e-08;
2026801.7867855718359;3.1364294272862025537e-08;
2027135.1423426088877;3.1267855860050985939e-08;
2027468.4978996459395;3.4778441460048270528e-08;
2027801.8534566829912;4.4922536801550450036e-08;
2028135.209013720043;1.1567361468678427627e-07;
2028468.5645707570948;2.0158518054813612252e-07;
2028801.9201277941465;5.7818880350168910809e-08;
2029135.2756848311983;3.9036244459111912875e-08;
2029468.6312418682501;3.2760024026856626733e-08;
2029801.9867989053018;2.9664210643431943026e-08;
2030135.3423559423536;2.9827091907463909592e-08;
2030468.6979129794054;2.8957678921415208606e-08;
2030802.0534700164571;2.7371978461587787024e-08;
2031135.4090270535089;2.7262323953891609563e-08;
2031468.7645840905607;2.7672369284914566379e-08;
2031802.1201411276124;2.7469910790500762232e-08;
2032135.4756981646642;3.0290713937120017363e-08;
2032468.831255201716;2.6378549122796357551e-08;
2032802.1868122387677;2.6511740358614588331e-08;
2033135.5423692758195;2.6886397108683013357e-08;
2033468.8979263128713;2.4973006773620909371e-08;
2033802.253483349923;2.6034467026647689636e-08;
2034135.6090403869748;2.4551971122832583205e-08;
2034468.9645974240266;2.65108095476307426e-08;
2034802.3201544610783;2.6219481696898583323e-08;
2035135.6757114981301;2.428959078315529041e-08;
2035469.0312685351819;2.4058190106757137983e-08;
2035802.3868255722336;2.3201083720891801931e-08;
2036135.7423826092854;2.5507242540356855898e-08;
2036469.0979396463372;2.4379835039667341334e-08;
2036802.4534966833889;2.6404791242384817451e-08;
2037135.8090537204407;2.4615282256945647532e-08;
2037469.1646107574925;2.5941606196511202143e-08;
2037802.5201677945442;2.5438998463300777075e-08;
2038135.875724831596;2.4657220265567048045e-08;
2038469.2312818686478;2.620598849034649902e-08;
2038802.5868389056996;2.8265342066902121587e-08;
2039135.9423959427513;3.6544623327472436358e-08;
2039469.2979529798031;3.6167040917689519119e-08;
2039802.6535100168549;2.9803310042098019039e-08;
2040136.0090670539066;2.8377186822581279557e-08;
2040469.3646240909584;2.577860769292783516e-08;
2040802.7201811280102;2.5869974606962387043e-08;
2041136.0757381650619;2.5149418547698587645e-08;
2041469.4312952021137;2.5442394857577710354e-08;
2041802.7868522391655;2.4554083211114630103e-08;
2042136.1424092762172;2.5452498775280218979e-08;
2042469.497966313269;2.4679797760995825229e-08;
2042802.8535233503208;2.3447707775403614505e-08;
2043136.2090803873725;2.4525286690391112643e-08;
2043469.5646374244243;2.4236653572984323546e-08;
2043802.9201944614761;2.502052076636118727e-08;
2044136.2757514985278;2.3728487619223415095e-08;
2044469.6313085355796;2.4488734595706773689e-08;
2044802.9868655726314;2.3925469605501348269e-08;
2045136.3424226096831;2.4498717721144203097e-08;
2045469.6979796467349;2.4940476350820972584e-08;
2045803.0535366837867;2.5424926164419048291e-08;
2046136.4090937208384;2.4018790512059240427e-08;
2046469.7646507578902;2.6468322644745967409e-08;
2046803.120207794942;2.6346548054334562039e-08;
2047136.4757648319937;3.5911515539055471891e-08;
2047469.8313218690455;2.5024565530884501641e-08;
2047803.1868789060973;2.4559261291301481833e-08;
2048136.542435943149;2.9120924338599252224e-08;
2048469.8979929802008;2.474009264119558793e-08;
2048803.2535500172526;2.5048446872233398608e-08;
2049136.6091070543043;2.3635795542986670625e-08;
2049469.9646640913561;2.5786352608747620252e-08;
2049803.3202211284079;2.3091702772148892109e-08;
2050136.6757781654596;2.2578847236331966997e-08;
2050470.0313352025114;2.4245553120749718801e-08;
2050803.3868922395632;2.4352269534233528248e-08;
2051136.7424492766149;2.4604171144915198965e-08;
2051470.0980063136667;2.3457472408949797682e-08;
2051803.4535633507185;2.1760410362503534998e-08;
2052136.8091203877702;2.3559271866702147236e-08;
2052470.164677424822;2.2978316138733134721e-08;
2052803.5202344618738;2.1892040180659932957e-08;
2053136.8757914989255;2.2616918116113993165e-08;
2053470.2313485359773;2.2699671475834293233e-08;
2053803.5869055730291;2.5466453834610547347e-08;
2054136.9424626100808;2.3325277709318470443e-08;
2054470.2980196471326;2.3945609939346468309e-08;
2054803.6535766841844;2.3554635575351312582e-08;
2055137.0091337212361;2.4440343082687832066e-08;
2055470.3646907582879;2.4375896856554390979e-08;
2055803.7202477953397;2.4449789748359762598e-08;
2056137.0758048323914;2.5822481930504181946e-08;
2056470.4313618694432;2.3303037721689179307e-08;
2056803.786918906495;2.3791139724949061929e-08;
2057137.1424759435467;2.2910116470598040905e-08;
2057470.4980329805985;2.3118897019003270543e-08;
2057803.8535900176503;2.4212948090962527203e-08;
2058137.209147054702;2.2676873712157430418e-08;
2058470.5647040917538;2.7859380580252945947e-08;
2058803.9202611288056;3.3197835591636248864e-08;
2059137.2758181658573;2.6877660985746842925e-08;
2059470.6313752029091;2.3936442161698323616e-08;
2059803.9869322399609;2.2042195624294436129e-08;
2060137.3424892770126;2.0517832766131505196e-08;
2060470.6980463140644;2.2051722226024139673e-08;
2060804.0536033511162;2.0658163180087285582e-08;
2061137.4091603881679;2.2189558634977402107e-08;
2061470.7647174252197;2.2569409452444233466e-08;
2061804.1202744622715;2.3361078405059743091e-08;
2062137.4758314993232;2.2572621105609869119e-08;
2062470.831388536375;2.4366519468799197057e-08;
2062804.1869455734268;2.3031741847034936654e-08;
2063137.5425026104786;2.7968980020887102e-08;
2063470.8980596475303;3.832797901281992381e-08;
2063804.2536166845821;1.0223609336890149279e-07;
2064137.6091737216339;8.4249258236468449468e-08;
2064470.9647307586856;3.8944254043826731504e-08;
2064804.3202877957374;2.7428104232285477337e-08;
2065137.6758448327892;2.4401217046943202149e-08;
2065471.0314018698409;2.3200593446404127462e-08;
2065804.3869589068927;2.3139863358778711699e-08;
2066137.7425159439445;2.1912702763415836671e-08;
2066471.0980729809962;2.1817173845306570001e-08;
2066804.453630018048;2.1778612691036869364e-08;
2067137.8091870550998;2.2607423488807398826e-08;
2067471.1647440921515;2.1076974832112682634e-08;
2067804.5203011292033;2.3465302589897873986e-08;
2068137.8758581662551;3.2549952067029153113e-08;
2068471.2314152033068;3.0123132432890997734e-08;
2068804.5869722403586;2.4054513048099579464e-08;
2069137.9425292774104;2.2051180437188122596e-08;
2069471.2980863144621;2.1586410881013762264e-08;
2069804.6536433515139;2.1482037482201121747e-08;
2070138.0092003885657;2.2603293459155793244e-08;
2070471.3647574256174;2.2853718917303922353e-08;
2070804.7203144626692;2.129765341862821515e-08;
2071138.075871499721;2.1444899189759780711e-08;
2071471.4314285367727;2.2475637351249133644e-08;
2071804.7869855738245;2.3023893902518466348e-08;
2072138.1425426108763;2.3295138262824366393e-08;
2072471.498099647928;2.1293949714618065627e-08;
2072804.8536566849798;2.2648725561680294049e-08;
2073138.2092137220316;2.0551635060428452562e-08;
2073471.5647707590833;1.9885892044158026692e-08;
2073804.9203277961351;2.1964423169151814363e-08;
2074138.2758848331869;2.1589976029190438567e-08;
2074471.6314418702386;2.1018516704884859791e-08;
2074804.9869989072904;2.0643652121066224936e-08;
2075138.3425559443422;2.0329576244648706052e-08;
2075471.6981129813939;1.9599625034061318729e-08;
2075805.0536700184457;1.9983561472258770664e-08;
2076138.4092270554975;2.1303264929883880541e-08;
2076471.7647840925492;1.960899176367547625e-08;
2076805.120341129601;2.0679621570707240608e-08;
2077138.4758981666528;3.9896761450108897407e-08;
2077471.8314552037045;2.2314532444056567329e-08;
2077805.1870122407563;2.1785119486139592482e-08;
2078138.5425692778081;2.0330327643591772357e-08;
2078471.8981263148598;2.1030002628208421811e-08;
2078805.2536833519116;2.2145631106695873314e-08;
2079138.6092403889634;2.5219364374606811907e-08;
2079471.9647974260151;2.0911159026582026854e-08;
2079805.3203544630669;2.1330002653030533111e-08;
2080138.6759115001187;2.3257152648170631437e-08;
2080472.0314685371704;1.996956022765061789e-08;
2080805.3870255742222;2.1317529075304264552e-08;
2081138.742582611274;2.1256125748436716094e-08;
2081472.0981396483257;1.9868537037837086245e-08;
2081805.4536966853775;2.0974917802618620044e-08;
2082138.8092537224293;2.2144931222101149615e-08;
2082472.164810759481;2.3399810089586026152e-08;
2082805.5203677965328;2.0912077403067996784e-08;
2083138.8759248335846;1.9117051053285649687e-08;
2083472.2314818706363;1.9798816808247465815e-08;
2083805.5870389076881;1.8792498224229348125e-08;
2084138.9425959447399;1.8943943302929255879e-08;
2084472.2981529817916;1.8837317483644255844e-08;
2084805.6537100188434;2.0079772511394367029e-08;
2085139.0092670558952;1.9241882753817662888e-08;
2085472.3648240929469;1.9385264948823532904e-08;
2085805.7203811299987;1.9705648668377762078e-08;
2086139.0759381670505;2.0659831179159482417e-08;
2086472.4314952041022;1.9893473535148586961e-08;
2086805.787052241154;1.9843735543645379948e-08;
2087139.1426092782058;1.9229954517641090206e-08;
2087472.4981663152575;2.1425167417987722729e-08;
2087805.8537233523093;2.065290161112898204e-08;
2088139.2092803893611;2.2669585320045371191e-08;
2088472.5648374264129;2.0427201263828465017e-08;
2088805.9203944634646;2.0406865530731010949e-08;
2089139.2759515005164;2.109957364382353262e-08;
2089472.6315085375682;2.1638236091803264571e-08;
2089805.9870655746199;3.7527595253550316556e-08;
2090139.3426226116717;4.821740873239832581e-08;
2090472.6981796487235;2.4989464719737952692e-08;
2090806.0537366857752;2.1081419276924862061e-08;
2091139.409293722827;2.0742856321476210724e-08;
2091472.7648507598788;1.8614937147276577889e-08;
2091806.1204077969305;1.9404106765819051361e-08;
2092139.4759648339823;1.9079809732147623436e-08;
2092472.8315218710341;1.9565842279689604766e-08;
2092806.1870789080858;2.1391958426875135046e-08;
2093139.5426359451376;2.6452239509922037541e-08;
2093472.8981929821894;2.5300570527519994357e-08;
2093806.2537500192411;2.1889349000048241578e-08;
2094139.6093070562929;2.0081253992998426838e-08;
2094472.9648640933447;2.0341580864169372944e-08;
2094806.3204211303964;1.9521278815659570682e-08;
2095139.6759781674482;2.0094734765052635339e-08;
2095473.0315352045;2.101744556171070144e-08;
2095806.3870922415517;1.9910675774781338987e-08;
2096139.7426492786035;2.0645282816644794366e-08;
2096473.0982063156553;1.9571171350207805517e-08;
2096806.453763352707;2.2922314713014202425e-08;
2097139.8093203897588;2.8470012125580979045e-08;
2097473.1648774268106;2.8905379423349586432e-08;
2097806.5204344638623;2.4105064611035231792e-08;
2098139.8759915009141;2.0936264277793270594e-08;
2098473.2315485379659;2.0756015572942487779e-08;
2098806.5871055750176;2.3870178722518176073e-08;
2099139.9426626120694;3.1827593005573362461e-08;
2099473.2982196491212;6.7578774576304567745e-08;
2099806.6537766861729;4.7396319757808669237e-08;
2100140.0093337232247;2.7229489774072135333e-08;
2100473.3648907602765;2.1310039954869353096e-08;
2100806.7204477973282;1.9850149968192454253e-08;
2101140.07600483438;1.9636846815274111577e-08;
2101473.4315618714318;1.806713711971497105e-08;
2101806.7871189084835;1.8099571619245580223e-08;
2102140.1426759455353;1.9530368433606781764e-08;
2102473.4982329825871;1.9637846904174693918e-08;
2102806.8537900196388;1.7966740983865747694e-08;
2103140.2093470566906;1.8231302689741823997e-08;
2103473.5649040937424;1.9831887243526580278e-08;
2103806.9204611307941;1.8002378254777795519e-08;
2104140.2760181678459;2.0863677008264858159e-08;
2104473.6315752048977;1.8850956351457170967e-08;
2104806.9871322419494;1.8572995585941498575e-08;
2105140.3426892790012;1.8784016120321211929e-08;
2105473.698246316053;1.802969151754041377e-08;
2105807.0538033531047;1.9288215469259739621e-08;
2106140.4093603901565;1.7982022981755108049e-08;
2106473.7649174272083;1.8646849397896403389e-08;
2106807.12047446426;1.8020887893044346129e-08;
2107140.4760315013118;1.7257358209121775872e-08;
2107473.8315885383636;1.9173082677070851787e-08;
2107807.1871455754153;1.6774125199958689336e-08;
2108140.5427026124671;1.822912487625671929e-08;
2108473.8982596495189;1.736373178573558107e-08;
2108807.2538166865706;1.7607874269742751494e-08;
2109140.6093737236224;2.0354592678017979779e-08;
2109473.9649307606742;2.3476806276789830008e-08;
2109807.3204877977259;2.2315591152732849878e-08;
2110140.6760448347777;1.8035235527236181952e-08;
2110474.0316018718295;1.9235494974623179587e-08;
2110807.3871589088812;1.9433683107195065531e-08;
2111140.742715945933;2.6227221283647850214e-08;
2111474.0982729829848;1.8083584407690977969e-08;
2111807.4538300200365;1.8596111317492614035e-08;
2112140.8093870570883;2.0103243514313362539e-08;
2112474.1649440941401;1.7058484402809881431e-08;
2112807.5205011311918;1.7313352529413350567e-08;
2113140.8760581682436;1.8120823952472164819e-08;
2113474.2316152052954;2.0517111565254708694e-08;
2113807.5871722423472;1.7563202447945513995e-08;
2114140.9427292793989;1.79114643117372907e-08;
2114474.2982863164507;1.7817660236119081674e-08;
2114807.6538433535025;1.6709128303205034172e-08;
2115141.0094003905542;1.8472352536491598585e-08;
2115474.364957427606;1.7794199891341122566e-08;
2115807.7205144646578;1.7318098954888228036e-08;
2116141.0760715017095;2.2239980523863778217e-08;
2116474.4316285387613;1.7048957801080177887e-08;
2116807.7871855758131;1.737841159865638474e-08;
2117141.1427426128648;1.8132860546415940917e-08;
2117474.4982996499166;1.7229428550535885734e-08;
2117807.8538566869684;1.7831219167874223785e-08;
2118141.2094137240201;1.7174853539358991839e-08;
2118474.5649707610719;1.6931835489231161773e-08;
2118807.9205277981237;1.8290135628262760292e-08;
2119141.2760848351754;1.7233970694974232174e-08;
2119474.6316418722272;1.8813638646975050506e-08;
2119807.987198909279;1.78972783260178403e-08;
2120141.3427559463307;1.7624492087975340837e-08;
2120474.6983129833825;1.8618470321030144987e-08;
2120808.0538700204343;1.779954672542771732e-08;
2121141.409427057486;1.7372764560263931344e-08;
2121474.7649840945378;1.7287215214878415281e-08;
2121808.1205411315896;1.7574251387486583553e-08;
2122141.4760981686413;1.6927820922774117207e-08;
2122474.8316552056931;1.6863236140807202901e-08;
2122808.1872122427449;1.7214755843042439665e-08;
2123141.5427692797966;1.7448034128619838157e-08;
2123474.8983263168484;1.7804737240112444852e-08;
2123808.2538833539002;1.6542474057246181474e-08;
2124141.6094403909519;1.6838102467886528757e-08;
2124474.9649974280037;1.6837363503441338253e-08;
2124808.3205544650555;1.7145913133731482958e-08;
2125141.6761115021072;1.7007197428142717399e-08;
2125475.031668539159;1.6766023236414184794e-08;
2125808.3872255762108;1.7343673164305073442e-08;
2126141.7427826132625;1.8497615883461548947e-08;
2126475.0983396503143;1.6829025284437193477e-08;
2126808.4538966873661;1.872579780126670812e-08;
2127141.8094537244178;2.1674644301583612105e-08;
2127475.1650107614696;2.3901733925413282122e-08;
2127808.5205677985214;1.975750585359037359e-08;
2128141.8761248355731;2.0293930091952461225e-08;
2128475.2316818726249;1.8108826438378855528e-08;
2128808.5872389096767;1.7743600366770806431e-08;
2129141.9427959467284;1.81213959393744517e-08;
2129475.2983529837802;1.8694867875979070959e-08;
2129808.653910020832;1.7965762211247238156e-08;
2130142.0094670578837;1.7408018138098668715e-08;
2130475.3650240949355;1.9336900081157182285e-08;
2130808.7205811319873;1.726330189910640911e-08;
2131142.076138169039;1.7277894670542082167e-08;
2131475.4316952060908;1.7843753141733031953e-08;
2131808.7872522431426;1.6282411863244306005e-08;
2132142.1428092801943;1.7143262809327097784e-08;
2132475.4983663172461;1.7622758363700086193e-08;
2132808.8539233542979;2.2746576178178656846e-08;
2133142.2094803913496;1.9608235035661891743e-08;
2133475.5650374284014;1.8534176859930084902e-08;
2133808.9205944654532;1.8763303799573805009e-08;
2134142.2761515025049;1.9690803654270894185e-08;
2134475.6317085395567;2.1896733315429628419e-08;
2134808.9872655766085;3.6170217043718366767e-08;
2135142.3428226136602;7.94920111957253539e-08;
2135475.698379650712;3.5649843965757099795e-08;
2135809.0539366877638;2.2918127839943736035e-08;
2136142.4094937248155;2.0709977732735751488e-08;
2136475.7650507618673;1.8301321347280463669e-08;
2136809.1206077989191;1.8327252604422028526e-08;
2137142.4761648359708;1.9957916208568349248e-08;
2137475.8317218730226;1.888317235909653391e-08;
2137809.1872789100744;2.0642454856556469167e-08;
2138142.5428359471262;1.8849267036102901329e-08;
2138475.8983929841779;1.8566895576554998115e-08;
2138809.2539500212297;1.9252601290986603999e-08;
2139142.6095070582815;1.9137413431735694758e-08;
2139475.9650640953332;1.8782628785629640333e-08;
2139809.320621132385;1.8574693783079965215e-08;
2140142.6761781694368;1.828146345417280827e-08;
2140476.0317352064885;1.8006174329343593854e-08;
2140809.3872922435403;1.8028837089900662249e-08;
2141142.7428492805921;1.7372336458265635883e-08;
2141476.0984063176438;1.7895235515652530012e-08;
2141809.4539633546956;1.8373770060975402885e-08;
2142142.8095203917474;1.7730668488979972608e-08;
2142476.1650774287991;1.7865206203282468778e-08;
2142809.5206344658509;2.1210805556393097504e-08;
2143142.8761915029027;1.9351343638618345722e-08;
2143476.2317485399544;1.7124751394703707774e-08;
2143809.5873055770062;1.7293169563004084921e-08;
2144142.942862614058;1.7191998935572883056e-08;
2144476.2984196511097;1.7483595016187791771e-08;
2144809.6539766881615;1.7244540018168663664e-08;
2145143.0095337252133;1.7989354006431312882e-08;
2145476.365090762265;1.7097606885840832547e-08;
2145809.7206477993168;1.6504795752325662761e-08;
2146143.0762048363686;1.6156386450916215836e-08;
2146476.4317618734203;1.7336788005195558071e-08;
2146809.7873189104721;1.7166104981924945605e-08;
2147143.1428759475239;1.6270117697558816872e-08;
2147476.4984329845756;1.6733508800825802609e-08;
2147809.8539900216274;1.6472469610562257003e-08;
2148143.2095470586792;1.6336993979848557501e-08;
2148476.5651040957309;1.6825506321538341581e-08;
2148809.9206611327827;1.6474176689484920644e-08;
2149143.2762181698345;1.6722106366273692402e-08;
2149476.6317752068862;1.6293943971845692431e-08;
2149809.987332243938;1.4970742867603803461e-08;
2150143.3428892809898;1.6514047018745259265e-08;
2150476.6984463180415;1.6019260584698713501e-08;
2150810.0540033550933;1.5311298895426261879e-08;
2151143.4095603921451;1.5972418054843728896e-08;
2151476.7651174291968;1.6447920359041745542e-08;
2151810.1206744662486;1.6598013630186869705e-08;
2152143.4762315033004;1.6929158519474185596e-08;
2152476.8317885403521;1.6850412620783572493e-08;
2152810.1873455774039;1.6120353052428981755e-08;
2153143.5429026144557;1.6512075262653524987e-08;
2153476.8984596515074;1.7734375745703800931e-08;
2153810.2540166885592;1.5807083642016550584e-08;
2154143.609573725611;1.5920704754535108805e-08;
2154476.9651307626627;1.6494709598191548139e-08;
2154810.3206877997145;1.6586501061510716681e-08;
2155143.6762448367663;1.4786396995702943968e-08;
2155477.031801873818;1.5374613582253005006e-08;
2155810.3873589108698;1.5564980415661011648e-08;
2156143.7429159479216;1.520315073832989583e-08;
2156477.0984729849733;1.6540294467404237366e-08;
2156810.4540300220251;1.5241980122482345905e-08;
2157143.8095870590769;1.6778486155999416951e-08;
2157477.1651440961286;1.6055322404895377986e-08;
2157810.5207011331804;1.6750419717936892994e-08;
2158143.8762581702322;1.5009163689683191478e-08;
2158477.2318152072839;1.531194548931580357e-08;
2158810.5873722443357;1.6023285809296794469e-08;
2159143.9429292813875;1.6487582854551874334e-08;
2159477.2984863184392;1.6000136326965730404e-08;
2159810.654043355491;1.5888655724438649486e-08;
2160144.0096003925428;1.5639505690501209756e-08;
2160477.3651574295945;1.7342514979645784479e-08;
2160810.7207144666463;1.5442664036413589201e-08;
2161144.0762715036981;1.5870913472326719784e-08;
2161477.4318285407498;1.5625444049760517373e-08;
2161810.7873855778016;1.6756571241671736061e-08;
2162144.1429426148534;2.1007995343325092108e-08;
2162477.4984996519051;1.7046591693770096754e-08;
2162810.8540566889569;2.1271553407586907269e-08;
2163144.2096137260087;1.9504618364862835733e-08;
2163477.5651707630605;1.7124961004810757004e-08;
2163810.9207278001122;1.6369888555800571339e-08;
2164144.276284837164;1.5568261346743383911e-08;
2164477.6318418742158;1.5287458410284671118e-08;
2164810.9873989112675;1.5673114361902662495e-08;
2165144.3429559483193;1.618712630602203717e-08;
2165477.6985129853711;1.520640857677335589e-08;
2165811.0540700224228;1.5857564150678626902e-08;
2166144.4096270594746;1.6089176213540667959e-08;
2166477.7651840965264;1.5867735569941032736e-08;
2166811.1207411335781;1.4930821023995122232e-08;
2167144.4762981706299;1.4763296363184963411e-08;
2167477.8318552076817;1.6227927446266221523e-08;
2167811.1874122447334;1.5961001409436903486e-08;
2168144.5429692817852;1.6369082089795483625e-08;
2168477.898526318837;1.5719853863060961885e-08;
2168811.2540833558887;1.5776429052039020462e-08;
2169144.6096403929405;1.6123751223062754434e-08;
2169477.9651974299923;1.6160504046069945616e-08;
2169811.320754467044;1.7495670689982034673e-08;
2170144.6763115040958;2.0208760886930576817e-08;
2170478.0318685411476;4.859556668179720873e-08;
2170811.3874255781993;8.5971173291454761056e-08;
2171144.7429826152511;2.5205014964058136684e-08;
2171478.0985396523029;1.8549194180650374619e-08;
2171811.4540966893546;1.6345834907838252548e-08;
2172144.8096537264064;1.5519738383318326669e-08;
2172478.1652107634582;1.5105474204801794258e-08;
2172811.5207678005099;1.4733863018534520961e-08;
2173144.8763248375617;1.5068051695266149181e-08;
2173478.2318818746135;1.5777814610373752657e-08;
2173811.5874389116652;1.4730265895934735454e-08;
2174144.942995948717;1.5515185580738943827e-08;
2174478.2985529857688;1.5444536316522317065e-08;
2174811.6541100228205;2.0621650165253413434e-08;
2175145.0096670598723;1.5975924583244704991e-08;
2175478.3652240969241;1.5792290142258025298e-08;
2175811.7207811339758;1.4912995283111740719e-08;
2176145.0763381710276;1.5010956033734146331e-08;
2176478.4318952080794;1.5208305725877835357e-08;
2176811.7874522451311;1.5396235397702184855e-08;
2177145.1430092821829;1.4709088169695405668e-08;
2177478.4985663192347;1.4524084157585548382e-08;
2177811.8541233562864;1.4682315807590384793e-08;
2178145.2096803933382;1.3731265013916527096e-08;
2178478.56523743039;1.4585808116862608586e-08;
2178811.9207944674417;1.4661902802970416815e-08;
2179145.2763515044935;1.4214641019805185351e-08;
2179478.6319085415453;1.6178285378032342123e-08;
2179811.987465578597;2.0246890386488303193e-08;
2180145.3430226156488;1.581975084263831377e-08;
2180478.6985796527006;1.5039542944350614562e-08;
2180812.0541366897523;1.5500065231321968895e-08;
2181145.4096937268041;1.3886957361819440848e-08;
2181478.7652507638559;1.360618639978383726e-08;
2181812.1208078009076;1.378371017324298009e-08;
2182145.4763648379594;1.3615559346646932681e-08;
2182478.8319218750112;1.3631330730845547805e-08;
2182812.1874789120629;1.3994862158028809063e-08;
2183145.5430359491147;1.4749350185638832045e-08;
2183478.8985929861665;1.427562601463705505e-08;
2183812.2541500232182;1.4168469064657074341e-08;
2184145.60970706027;1.4962513006366862101e-08;
2184478.9652640973218;1.4491105204683663032e-08;
2184812.3208211343735;1.3856058522776493191e-08;
2185145.6763781714253;1.4325317820862437657e-08;
2185479.0319352084771;1.446363828705443666e-08;
2185812.3874922455288;1.3707910362370512303e-08;
2186145.7430492825806;1.4766071920746526303e-08;
2186479.0986063196324;1.4199291520355927787e-08;
2186812.4541633566841;1.4376849044595019222e-08;
2187145.8097203937359;1.3777077256804659555e-08;
2187479.1652774307877;1.4873045017793629086e-08;
2187812.5208344678394;1.4258132452482641384e-08;
2188145.8763915048912;1.3213045768623032927e-08;
2188479.231948541943;1.3954183586406543327e-08;
2188812.5875055789948;1.4573616979873804667e-08;
2189145.9430626160465;1.395866977560444866e-08;
2189479.2986196530983;1.3538281606884083885e-08;
2189812.6541766901501;1.3537830412246876222e-08;
2190146.0097337272018;1.417959882843433661e-08;
2190479.3652907642536;1.3937572873601311585e-08;
2190812.7208478013054;1.3641583862522566051e-08;
2191146.0764048383571;1.3512407193161379837e-08;
2191479.4319618754089;1.3693228773092869233e-08;
2191812.7875189124607;1.4446624341246661061e-08;
2192146.1430759495124;1.4523752867035000236e-08;
2192479.4986329865642;1.4300601591799022572e-08;
2192812.854190023616;1.414916717124015122e-08;
2193146.2097470606677;1.5103033490504458314e-08;
2193479.5653040977195;1.3719185787408605393e-08;
2193812.9208611347713;1.4776710521857694403e-08;
2194146.276418171823;1.4621494237587739917e-08;
2194479.6319752088748;1.4367153688965572655e-08;
2194812.9875322459266;1.4340626464104389015e-08;
2195146.3430892829783;1.3250981645285264676e-08;
2195479.6986463200301;1.4056114494565008499e-08;
2195813.0542033570819;1.4987953989020752488e-08;
2196146.4097603941336;1.5604294745230617991e-08;
2196479.7653174311854;1.4863328345882109716e-08;
2196813.1208744682372;1.4723047669917832536e-08;
2197146.4764315052889;1.4826166960801856476e-08;
2197479.8319885423407;1.5288291521642349835e-08;
2197813.1875455793925;1.4615176624488412926e-08;
2198146.5431026164442;1.3664993581130602252e-08;
2198479.898659653496;1.4624935928964077902e-08;
2198813.2542166905478;1.3767617268456433521e-08;
2199146.6097737275995;1.453917164440099441e-08;
2199479.9653307646513;1.4788682278776832391e-08;
2199813.3208878017031;1.4013608051754999906e-08;
2200146.6764448387548;1.6002076108634355478e-08;
2200480.0320018758066;1.398073212754979977e-08;
2200813.3875589128584;1.5002573405809016549e-08;
2201146.7431159499101;1.437846552931887345e-08;
2201480.0986729869619;1.4688843030796761013e-08;
2201813.4542300240137;1.4446624341246661061e-08;
2202146.8097870610654;1.5748462089959502919e-08;
2202480.1653440981172;1.5980360146272687416e-08;
2202813.520901135169;1.5052785684588343429e-08;
2203146.8764581722207;1.4194528219491076015e-08;
2203480.2320152092725;1.5265293029642634792e-08;
2203813.5875722463243;1.5515730922288639704e-08;
2204146.943129283376;1.4783591240075111273e-08;
2204480.2986863204278;1.4581504004240741779e-08;
2204813.6542433574796;1.4883682730726377486e-08;
2205147.0098003945313;1.4900268574535857624e-08;
2205480.3653574315831;1.5728389257674280088e-08;
2205813.7209144686349;2.1462046362330511329e-08;
2206147.0764715056866;6.9865606633356946986e-08;
2206480.4320285427384;5.7277411258382926462e-08;
2206813.7875855797902;2.1133516270310792606e-08;
2207147.1431426168419;1.6499056343377560552e-08;
2207480.4986996538937;1.4571773121474507207e-08;
2207813.8542566909455;1.3650333308135031984e-08;
2208147.2098137279972;1.3253822039871465677e-08;
2208480.565370765049;1.3536617160525565851e-08;
2208813.9209278021008;1.3950923083427824167e-08;
2209147.2764848391525;1.2929081805168607389e-08;
2209480.6320418762043;1.3686736188844861317e-08;
2209813.9875989132561;1.3290007316868468479e-08;
2210147.3431559503078;1.3075517557581406436e-08;
2210480.6987129873596;1.3221497674464899319e-08;
2210814.0542700244114;1.2632697554693095299e-08;
2211147.4098270614631;1.3074782145849894732e-08;
2211480.7653840985149;1.3323084857574940543e-08;
2211814.1209411355667;1.2140914051883555658e-08;
2212147.4764981726184;1.3117366748360836937e-08;
2212480.8320552096702;1.3065001525092156953e-08;
2212814.187612246722;1.232596869016333585e-08;
2213147.5431692837738;1.2838232699152740679e-08;
2213480.8987263208255;1.2873057286810762889e-08;
2213814.2542833578773;1.2802894744368131796e-08;
2214147.6098403949291;1.2702485285842612939e-08;
2214480.9653974319808;1.3275586852046217246e-08;
2214814.3209544690326;1.2445530828131268208e-08;
2215147.6765115060844;1.2133643423339890433e-08;
2215481.0320685431361;1.3170497581427298428e-08;
2215814.3876255801879;1.2996692611011440022e-08;
2216147.7431826172397;1.2558285078512199107e-08;
2216481.0987396542914;1.3733870929399927263e-08;
2216814.4542966913432;1.3577246882334748079e-08;
2217147.809853728395;1.6001681757416008622e-08;
2217481.1654107654467;1.3461230352618258621e-08;
2217814.5209678024985;1.2968389029310856131e-08;
2218147.8765248395503;1.2435455332138189988e-08;
2218481.232081876602;1.2037107310902683821e-08;
2218814.5876389136538;1.2918660807770265819e-08;
2219147.9431959507056;1.2764918899677013542e-08;
2219481.2987529877573;1.2590182230098889704e-08;
2219814.6543100248091;1.295809592960495138e-08;
2220148.0098670618609;1.2306452745747264998e-08;
2220481.3654240989126;1.3117850805599573505e-08;
2220814.7209811359644;1.3205597504395427677e-08;
2221148.0765381730162;1.205653532565520436e-08;
2221481.4320952100679;1.2960554407470681326e-08;
2221814.7876522471197;1.3098415685419695365e-08;
2222148.1432092841715;1.2905232438242819626e-08;
2222481.4987663212232;1.3014170185954299086e-08;
2222814.854323358275;1.1709754943467487465e-08;
2223148.2098803953268;1.2391601522665496304e-08;
2223481.5654374323785;1.246355907369434135e-08;
2223814.9209944694303;1.3115315944389749347e-08;
2224148.2765515064821;1.3724392289304887527e-08;
2224481.6321085435338;1.2078348987643039436e-08;
2224814.9876655805856;1.2658511572283259738e-08;
2225148.3432226176374;1.2964995299569181952e-08;
2225481.6987796546891;1.1800555199670270667e-08;
2225815.0543366917409;1.1971606816985058686e-08;
2226148.4098937287927;1.1601459348753451195e-08;
2226481.7654507658444;1.241589675515797353e-08;
2226815.1210078028962;1.2095888735075277509e-08;
2227148.476564839948;1.2300098717332730303e-08;
2227481.8321218769997;1.2339010702078212489e-08;
2227815.1876789140515;1.205007738036556475e-08;
2228148.5432359511033;1.2106092128760792548e-08;
2228481.898792988155;1.2209335764623574505e-08;
2228815.2543500252068;1.2788508918504248868e-08;
2229148.6099070622586;1.2230975343641148356e-08;
2229481.9654640993103;1.206412036935944343e-08;
2229815.3210211363621;1.2437836538481406023e-08;
2230148.6765781734139;1.1979559566555053607e-08;
2230482.0321352104656;1.2219077305530845479e-08;
2230815.3876922475174;1.2943989879943273991e-08;
2231148.7432492845692;1.1975098246352899878e-08;
2231482.0988063216209;1.2353456035896215326e-08;
2231815.4543633586727;1.2541904403917669697e-08;
2232148.8099203957245;1.2069843791095991037e-08;
2232482.1654774327762;1.2359251400084758643e-08;
2232815.521034469828;1.3459622749678601394e-08;
2233148.8765915068798;1.3033778500926018751e-08;
2233482.2321485439315;1.1996132975866657944e-08;
2233815.5877055809833;1.2284183448230123759e-08;
2234148.9432626180351;1.3459055203668413014e-08;
2234482.2988196550868;1.3189159098203617759e-08;
2234815.6543766921386;1.241816605102030735e-08;
2235149.0099337291904;1.2387139314284922875e-08;
2235482.3654907662421;1.2027447482410025259e-08;
2235815.7210478032939;1.1485667528177145869e-08;
2236149.0766048403457;1.1151937151510082913e-08;
2236482.4321618773974;1.2178767327952755295e-08;
2236815.7877189144492;1.2267922677722253866e-08;
2237149.143275951501;1.2043791741689346964e-08;
2237482.4988329885527;1.2070585420076440641e-08;
2237815.8543900256045;1.1865120441711951571e-08;
2238149.2099470626563;1.2422595396799351875e-08;
2238482.5655040997081;1.2310453101349594363e-08;
2238815.9210611367598;1.4679763182812166633e-08;
2239149.2766181738116;1.2042310260085287155e-08;
2239482.6321752108634;1.202858879167933992e-08;
2239815.9877322479151;1.2127825854690854612e-08;
2240149.3432892849669;1.1934461419116360048e-08;
2240482.6988463220187;1.2792486181467666029e-08;
2240816.0544033590704;1.3263884213188248395e-08;
2241149.4099603961222;1.4602164810639806092e-08;
2241482.765517433174;2.2041691138952046458e-08;
2241816.1210744702257;6.2529338151762203779e-08;
2242149.4766315072775;2.8373996485697716707e-08;
2242482.8321885443293;1.6904195376810093876e-08;
2242816.187745581381;1.3863824754878351087e-08;
2243149.5433026184328;1.2936851589984144084e-08;
2243482.8988596554846;1.1867934190945561568e-08;
2243816.2544166925363;1.2564773221868108521e-08;
2244149.6099737295881;1.25951160612203239e-08;
2244482.9655307666399;1.2014227834811208595e-08;
2244816.3210878036916;1.2460668941116637143e-08;
2245149.6766448407434;1.1956347911734610534e-08;
2245483.0322018777952;1.2021300399567280692e-08;
2245816.3877589148469;1.2299687490724409145e-08;
2246149.7433159518987;1.2138674954087491642e-08;
2246483.0988729889505;1.1887276940569790895e-08;
2246816.4544300260022;1.1726202231443494384e-08;
2247149.809987063054;1.1681791534101648722e-08;
2247483.1655441001058;1.1954647050060884794e-08;
2247816.5211011371575;1.1769500929403875489e-08;
2248149.8766581742093;1.1728737092653318541e-08;
2248483.2322152112611;1.1497254703840553702e-08;
2248816.5877722483128;1.1738898741953107674e-08;
2249149.9433292853646;1.2148957395652359992e-08;
2249483.2988863224164;1.2482666456037350144e-08;
2249816.6544433594681;1.2340766630813959637e-08;
2250150.0100003965199;1.3818622690564552613e-08;
2250483.3655574335717;1.2786284919741319754e-08;
2250816.7211144706234;1.1514011077906616265e-08;
2251150.0766715076752;1.1680847400441507489e-08;
2251483.432228544727;1.2537014093538800807e-08;
2251816.7877855817787;1.1099498209432567819e-08;
2252150.1433426188305;1.0490923685324560211e-08;
2252483.4988996558823;1.1620510775856018881e-08;
2252816.854456692934;1.1232589081089372485e-08;
2253150.2100137299858;1.212688793827965128e-08;
2253483.5655707670376;1.1581381187397710164e-08;
2253816.9211278040893;1.1571009927990871802e-08;
2254150.2766848411411;1.2039031993538173992e-08;
2254483.6322418781929;1.1481753325881527417e-08;
2254816.9877989152446;1.2180392694460806524e-08;
2255150.3433559522964;1.1925029852477564418e-08;
2255483.6989129893482;1.2083527956008310866e-08;
2255817.0544700263999;1.1681935419005640142e-08;
2256150.4100270634517;1.2743319288688326196e-08;
2256483.7655841005035;1.1935131993823233643e-08;
2256817.1211411375552;1.146617290004314782e-08;
2257150.476698174607;1.162475715688060518e-08;
2257483.8322552116588;1.1826704948703081755e-08;
2257817.1878122487105;1.2571507390646274871e-08;
2258150.5433692857623;1.2199494747733297118e-08;
2258483.8989263228141;1.2233789981053178053e-08;
2258817.2544833598658;1.1490632445543269569e-08;
2259150.6100403969176;1.2155959794313275779e-08;
2259483.9655974339694;1.1805884270188471419e-08;
2259817.3211544710211;1.21908607653153922e-08;
2260150.6767115080729;1.2159420137436427467e-08;
2260484.0322685451247;1.2227300949518848938e-08;
2260817.3878255821764;1.1661103194171573705e-08;
2261150.7433826192282;1.1581096082124986424e-08;
2261484.09893965628;1.1820826095743086626e-08;
2261817.4544966933317;1.3453240299554636294e-08;
2262150.8100537303835;1.3577413859877651703e-08;
2262484.1656107674353;1.2019189199463653495e-08;
2262817.521167804487;1.2899203483129895176e-08;
2263150.8767248415388;1.1705703073516815493e-08;
2263484.2322818785906;1.170950802986681083e-08;
2263817.5878389156424;1.1924087495174262585e-08;
2264150.9433959526941;1.3712125657150409097e-08;
2264484.2989529897459;1.6808460401307456777e-08;
2264817.6545100267977;1.510754366051969555e-08;
2265151.0100670638494;1.2768305523991330119e-08;
2265484.3656241009012;1.2392232129343483393e-08;
2265817.721181137953;1.1824128343107531691e-08;
2266151.0767381750047;1.1945053834949703742e-08;
2266484.4322952120565;1.1701488666915338399e-08;
2266817.7878522491083;1.1502103269833696686e-08;
2267151.14340928616;1.1714487158087649732e-08;
2267484.4989663232118;1.1137252897697180742e-08;
2267817.8545233602636;1.1291050761030874128e-08;
2268151.2100803973153;1.2089472534171363804e-08;
2268484.5656374343671;1.1646076991667086986e-08;
2268817.9211944714189;1.1275352207462674414e-08;
2269151.2767515084706;1.15568097314167062e-08;
2269484.6323085455224;1.201178001508651505e-08;
2269817.9878655825742;1.1633971119806574279e-08;
2270151.3434226196259;1.1511867015201460163e-08;
2270484.6989796566777;1.1769273555728432257e-08;
2270818.0545366937295;1.3077539051664643921e-08;
2271151.4100937307812;1.1958491086261346936e-08;
2271484.765650767833;1.1622021567347928794e-08;
2271818.1212078048848;1.1468771710099190386e-08;
2272151.4767648419365;1.1803333421767092659e-08;
2272484.8323218789883;1.1511947839437652874e-08;
2272818.1878789160401;1.1719159864753692091e-08;
2273151.5434359530918;1.1685219014623271505e-08;
2273484.8989929901436;1.118922199339067447e-08;
2273818.2545500271954;1.0994199328706599772e-08;
2274151.6101070642471;1.1583070502751979802e-08;
2274484.9656641012989;1.212320288601631546e-08;
2274818.3212211383507;1.2643332603090584598e-08;
2275151.6767781754024;1.1681955847109293245e-08;
2275485.0323352124542;1.1268817878828940593e-08;
2275818.387892249506;1.2529131510063962196e-08;
2276151.7434492865577;1.2282370676075515803e-08;
2276485.0990063236095;1.2834894924651507608e-08;
2276818.4545633606613;1.404562421924993032e-08;
2277151.810120397713;2.1484529710846800299e-08;
2277485.1656774347648;3.9882046110051305732e-08;
2277818.5212344718166;1.9532839345970387512e-08;
2278151.8767915088683;1.4066316111893684138e-08;
2278485.2323485459201;1.2466646381881218986e-08;
2278818.5879055829719;1.2312053598861893988e-08;
2279151.9434626200236;1.2363182477770351397e-08;
2279485.2990196570754;1.1833230395552618575e-08;
2279818.6545766941272;1.2392123771576279978e-08;
2280152.0101337311789;1.2628748713439108542e-08;
2280485.3656907682307;1.1450471681939689006e-08;
2280818.7212478052825;1.1938634081332111236e-08;
2281152.0768048423342;1.1601031246755155735e-08;
2281485.432361879386;1.1245067099707739544e-08;
2281818.7879189164378;1.0949944062588201632e-08;
2282152.1434759534895;1.1785452613821689738e-08;
2282485.4990329905413;1.1215612438775224291e-08;
2282818.8545900275931;1.174312735940929997e-08;
2283152.2101470646448;1.1543782818534964463e-08;
2283485.5657041016966;1.1515811415563348419e-08;
2283818.9212611387484;1.1983663839032487886e-08;
2284152.2768181758001;1.1802836041852060589e-08;
2284485.6323752128519;1.1517571785191194067e-08;
2284818.9879322499037;1.2358317924565653811e-08;
2285152.3434892869554;1.1914979225480237801e-08;
2285485.6990463240072;1.1998177562588807632e-08;
2285819.054603361059;1.1489138529441333958e-08;
2286152.4101603981107;1.1105426800384066155e-08;
2286485.7657174351625;1.1845230574181186967e-08;
2286819.1212744722143;1.1338357808199361898e-08;
2287152.476831509266;1.1924004006402810774e-08;
2287485.8323885463178;1.1945346933828204783e-08;
2287819.1879455833696;1.0975172770599783689e-08;
2288152.5435026204214;1.1572432789819231402e-08;
2288485.8990596574731;1.1674406330541842181e-08;
2288819.2546166945249;1.2005746619081492099e-08;
2289152.6101737315767;1.1509076358606762369e-08;
2289485.9657307686284;1.1193330706760207249e-08;
2289819.3212878056802;1.1707800950944147189e-08;
2290152.676844842732;1.1397429666715197527e-08;
2290486.0324018797837;1.0976040520915830712e-08;
2290819.3879589168355;1.1398310739707540051e-08;
2291152.7435159538873;1.1474192262994620251e-08;
2291486.099072990939;1.1647488307175990485e-08;
2291819.4546300279908;1.1893376061777871655e-08;
2292152.8101870650426;1.1864077720247223624e-08;
2292486.1657441020943;1.1649063935692538507e-08;
2292819.5213011391461;1.1127123222820500814e-08;
2293152.8768581761979;1.1314003955931184464e-08;
2293486.2324152132496;1.2560954942841817683e-08;
2293819.5879722503014;2.5504373724061224493e-08;
2294152.9435292873532;1.1494104334985877358e-08;
2294486.2990863244049;1.1151016110488853883e-08;
2294819.6546433614567;1.2416879080490161869e-08;
2295153.0102003985085;1.2154528938879138877e-08;
2295486.3657574355602;1.1094039464865090849e-08;
2295819.721314472612;1.1179240644310084463e-08;
2296153.0768715096638;1.1770369567898342211e-08;
2296486.4324285467155;1.1977475899982437113e-08;
2296819.7879855837673;1.1454515558284583676e-08;
2297153.1435426208191;1.1829427215559462638e-08;
2297486.4990996578708;1.1584433856626219495e-08;
2297819.8546566949226;1.1767474994428539503e-08;
2298153.2102137319744;1.1389043486076388945e-08;
2298486.5657707690261;1.1167620606045147724e-08;
2298819.9213278060779;1.1040825143027177546e-08;
2299153.2768848431297;1.1453448856002523826e-08;
2299486.6324418801814;1.1944675470942911488e-08;
2299819.9879989172332;1.1726573490022929036e-08;
2300153.343555954285;1.0533786287680868554e-08;
2300486.6991129913367;1.1363442631306952535e-08;
2300820.0546700283885;1.2340355404205638479e-08;
2301153.4102270654403;1.1802877786237786495e-08;
2301486.765784102492;1.1355141715796435165e-08;
2301820.1213411395438;1.1723113146899777348e-08;
2302153.4768981765956;1.4521609692508263834e-08;
2302486.8324552136473;1.8720765382340687211e-08;
2302820.1880122506991;1.6651254597377374012e-08;
2303153.5435692877509;1.1543722422402424854e-08;
2303486.8991263248026;1.1753776618661504472e-08;
2303820.2546833618544;1.1492327978146477108e-08;
2304153.6102403989062;1.234107038783349708e-08;
2304486.9657974359579;1.1920673337328935304e-08;
2304820.3213544730097;1.1414020839595195866e-08;
2305153.6769115100615;1.1195690596821350482e-08;
2305487.0324685471132;1.2532852089464086021e-08;
2305820.388025584165;1.2974519236763626395e-08;
2306153.7435826212168;1.9107885051994344394e-08;
2306487.0991396582685;2.0873281769695495313e-08;
2306820.4546966953203;1.1359730933691025712e-08;
2307153.8102537323721;1.2094846901788969262e-08;
2307487.1658107694238;1.1862681503771455027e-08;
2307820.5213678064756;1.1656003273685655586e-08;
2308153.8769248435274;1.1650742592905771744e-08;
2308487.2324818805791;1.1669033739281076123e-08;
2308820.5880389176309;1.0615543111214265082e-08;
2309153.9435959546827;1.0759073632016225019e-08;
2309487.2991529917344;1.1515790987459695316e-08;
2309820.6547100287862;1.1477921724178941076e-08;
2310154.010267065838;1.1642333319628050958e-08;
2310487.3658241028897;1.0934009253560361685e-08;
2310820.7213811399415;1.1740507233071184601e-08;
2311154.0769381769933;1.1074995143189880764e-08;
2311487.432495214045;1.1818086065318311739e-08;
2311820.7880522510968;1.1816549516652230523e-08;
2312154.1436092881486;1.2933465853848247207e-08;
2312487.4991663252003;1.3168646617600643367e-08;
2312820.8547233622521;2.434469870138400438e-08;
2313154.2102803993039;2.9501547871291222691e-08;
2313487.5658374363557;1.6275004455224006961e-08;
2313820.9213944734074;1.2170297658542494901e-08;
2314154.2769515104592;1.2247767244843998924e-08;
2314487.632508547511;1.1627637519495692686e-08;
2314820.9880655845627;1.1964480073345384881e-08;
2315154.3436226216145;1.2109325098208501004e-08;
2315487.6991796586663;1.1274262412541702361e-08;
2315821.054736695718;1.0476613354626351793e-08;
2316154.4102937327698;1.1629986751415799517e-08;
2316487.7658507698216;1.204157040746167695e-08;
2316821.1214078068733;1.1396929622264906357e-08;
2317154.4769648439251;1.1419876599916278792e-08;
2317487.8325218809769;1.1051731085842675384e-08;
2317821.1880789180286;1.1864578652875934495e-08;
2318154.5436359550804;1.1512433673033228843e-08;
2318487.8991929921322;1.1580730152616069972e-08;
2318821.2547500291839;1.1455542292537757021e-08;
2319154.6103070662357;1.2232113988375203917e-08;
2319487.9658641032875;1.138206329187596566e-08;
2319821.3214211403392;1.2407720184626214177e-08;
2320154.676978177391;1.5768366168344982725e-08;
2320488.0325352144428;2.0677768830523746146e-08;
2320821.3880922514945;1.4640693990486397524e-08;
2321154.7436492885463;1.1961390100623248145e-08;
2321488.0992063255981;1.1868184657259917003e-08;
2321821.4547633626498;1.1299603031034166634e-08;
2322154.8103203997016;1.1777298247750422888e-08;
2322488.1658774367534;1.1147294642910310358e-08;
2322821.5214344738051;1.1437625069277146395e-08;
2323154.8769915108569;1.0852793330684562534e-08;
2323488.2325485479087;1.1061326077310695837e-08;
2323821.5881055849604;1.0627633884041642887e-08;
2324154.9436626220122;1.1389964527097617975e-08;
2324488.299219659064;1.1229195351347698306e-08;
2324821.6547766961157;1.0988175702664193523e-08;
2325155.0103337331675;1.1144514644456648966e-08;
2325488.3658907702193;1.1236556574090172944e-08;
2325821.721447807271;1.1571294145085175842e-08;
2326155.0770048443228;1.2497213042195198796e-08;
2326488.4325618813746;1.5527019670003028295e-08;
2326821.7881189184263;1.5886786997043600422e-08;
2327155.1436759554781;1.3422197575607697217e-08;
2327488.4992329925299;1.1051129789052538399e-08;
2327821.8547900295816;1.2003511073999106884e-08;
2328155.2103470666334;1.1615673756182331999e-08;
2328488.5659041036852;1.0155703833447660145e-08;
2328821.9214611407369;1.056659204579091238e-08;
2329155.2770181777887;1.0377935844019248179e-08;
2329488.6325752148405;1.0371611125492563588e-08;
2329821.9881322518922;1.0569747743716106925e-08;
2330155.343689288944;1.0160361441080567602e-08;
2330488.6992463259958;1.02114130484665111e-08;
2330822.0548033630475;1.0598344424295191857e-08;
2331155.4103604000993;1.085546230683576141e-08;
2331488.7659174371511;1.0749042544944131805e-08;
2331822.1214744742028;1.0204400879842978611e-08;
2332155.4770315112546;1.0736888711448955291e-08;
2332488.8325885483064;1.0860516930222274823e-08;
2332822.1881455853581;1.2405519278502197267e-08;
2333155.5437026224099;1.2936078874759004975e-08;
2333488.8992596594617;1.2197073573361194576e-08;
2333822.2548166965134;1.1002352806599446922e-08;
2334155.6103737335652;1.0579611853245296516e-08;
2334488.965930770617;1.0620411217132641468e-08;
2334822.3214878076687;1.133234395211957235e-08;
2335155.6770448447205;1.0926827442858666473e-08;
2335489.0326018817723;1.1347384365478774271e-08;
2335822.388158918824;1.0686213691712964646e-08;
2336155.7437159558758;1.0998912891579948337e-08;
2336489.0992729929276;1.0963803198649202386e-08;
2336822.4548300299793;1.2969665341699965211e-08;
2337155.8103870670311;1.2214956157663436898e-08;
2337489.1659441040829;1.0760869528780858673e-08;
2337822.5215011411346;1.1180537384802846645e-08;
2338155.8770581781864;1.058035525858258552e-08;
2338489.2326152152382;1.0523244498017447768e-08;
2338822.58817225229;1.0123054394739483541e-08;
2339155.9437292893417;1.0451356224905339332e-08;
2339489.2992863263935;1.0152493068460444192e-08;
2339822.6548433634453;1.1012389222742058337e-08;
2340156.010400400497;1.107709657333089126e-08;
2340489.3659574375488;9.8552312977062683785e-09;
2340822.7215144746006;1.123922110934927332e-08;
2341156.0770715116523;1.0119089566273942182e-08;
2341489.4326285487041;1.0536192363019836193e-08;
2341822.7881855857559;1.0542561490467505791e-08;
2342156.1437426228076;1.052801490430965714e-08;
2342489.4992996598594;1.0905733205390788498e-08;
2342822.8548566969112;1.0802899019779488299e-08;
2343156.2104137339629;1.0548212081573637988e-08;
2343489.5659707710147;1.0015295259790946147e-08;
2343822.9215278080665;1.0622557056194636971e-08;
2344156.2770848451182;1.1021446866266160214e-08;
2344489.63264188217;1.0333836897302717261e-08;
2344822.9881989192218;1.0480553314096141548e-08;
2345156.3437559562735;1.0422625429384879681e-08;
2345489.6993129933253;1.0503998559840965754e-08;
2345823.0548700303771;1.0036289133097398008e-08;
2346156.4104270674288;1.0219237012165649503e-08;
2346489.7659841044806;1.008673500280110602e-08;
2346823.1215411415324;1.0660712312926534651e-08;
2347156.4770981785841;1.1237346164705286355e-08;
2347489.8326552156359;1.1265373522917343507e-08;
2347823.1882122526877;1.2183495989859238762e-08;
2348156.5437692897394;1.4808518855602414988e-08;
2348489.8993263267912;3.3065770566054197843e-08;
2348823.254883363843;3.2980317143938009394e-08;
2349156.6104404008947;1.4531051917288095865e-08;
2349489.9659974379465;1.1567900415343501663e-08;
2349823.3215544749983;1.1357535356637527002e-08;
2350156.67711151205;1.0448749421243519464e-08;
2350490.0326685491018;1.0583552700893505971e-08;
2350823.3882255861536;1.0165592811972601339e-08;
2351156.7437826232053;1.0791101345830611535e-08;
2351490.0993396602571;1.0956352269886338036e-08;
2351823.4548966973089;1.0597916322296896396e-08;
2352156.8104537343606;9.8123713598852191353e-09;
2352490.1660107714124;1.0516719939346330648e-08;
2352823.5215678084642;1.070893418386731355e-08;
2353156.8771248455159;1.0702689401398401969e-08;
2353490.2326818825677;1.0328954580529625673e-08;
2353823.5882389196195;1.047609821114292572e-08;
2354156.9437959566712;1.0238769831971694657e-08;
2354490.299352993723;1.0892846624699359381e-08;
2354823.6549100307748;1.1012931011578075413e-08;
2355157.0104670678265;9.940518630457972904e-09;
2355490.3660241048783;1.1279235323513603362e-08;
2355823.7215811419301;1.0756087576169193198e-08;
2356157.0771381789818;1.0717308818186666031e-08;
2356490.4326952160336;1.0528532712328342313e-08;
2356823.7882522530854;9.9936423580970767944e-09;
2357157.1438092901371;1.1017381673639192741e-08;
2357490.4993663271889;1.038701924471752136e-08;
2357823.8549233642407;1.1006489941678410105e-08;
2358157.2104804012924;1.1351132478409908799e-08;
2358490.5660374383442;1.0115748239059030311e-08;
2358823.921594475396;1.0144559858815682674e-08;
2359157.2771515124477;1.0076108836187813722e-08;
2359490.6327085494995;1.0155561724900508125e-08;
2359823.9882655865513;1.0249495474567993369e-08;
2360157.343822623603;1.0907284853090004617e-08;
2360490.6993796606548;1.0785965898207905411e-08;
2360824.0549366977066;1.0499865865654101071e-08;
2361157.4104937347583;1.0596389543593431881e-08;
2361490.7660507718101;9.8173540408197368379e-09;
2361824.1216078088619;1.0850734533107697644e-08;
2362157.4771648459136;1.0059748589696937415e-08;
2362490.8327218829654;1.0612615675142933469e-08;
2362824.1882789200172;1.0584166432181518758e-08;
2363157.5438359570689;1.0302641406667589763e-08;
2363490.8993929941207;1.0481142176388402731e-08;
2363824.2549500311725;1.0425097229926905129e-08;
2364157.6105070682243;1.0404770378613648063e-08;
2364490.966064105276;1.0730382804524651874e-08;
2364824.3216211423278;1.0665208272087056685e-08;
2365157.6771781793796;1.0272875883288179466e-08;
2365491.0327352164313;1.040807884322703103e-08;
2365824.3882922534831;1.0105730474663232599e-08;
2366157.7438492905349;1.0386635551640210906e-08;
2366491.0994063275866;1.0685725193582129577e-08;
2366824.4549633646384;1.2504965951620761189e-08;
2367157.8105204016902;1.0657155158355635649e-08;
2367491.1660774387419;1.088907808366457175e-08;
2367824.5216344757937;9.9919921225932739617e-09;
2368157.8771915128455;1.090617374188695976e-08;
2368491.2327485498972;1.0325091004403930128e-08;
2368824.588305586949;1.0287450002977038821e-08;
2369157.9438626240008;1.0190142063493112801e-08;
2369491.2994196610525;1.0731193711421838088e-08;
2369824.6549766981043;1.0543469208812439319e-08;
2370158.0105337351561;1.0891143986668794241e-08;
2370491.3660907722078;1.083425793524384062e-08;
2370824.7216478092596;1.1099536401104614924e-08;
2371158.0772048463114;1.0914587456056779047e-08;
2371491.4327618833631;1.0947655226800634409e-08;
2371824.7883189204149;1.2131575743978828541e-08;
2372158.1438759574667;1.5052997071052232059e-08;
2372491.4994329945184;1.6092680965584804653e-08;
2372824.8549900315702;1.185362030753367435e-08;
2373158.210547068622;1.1652891096503026347e-08;
2373491.5661041056737;1.0642319026032964757e-08;
2373824.9216611427255;1.1223437290652782394e-08;
2374158.2772181797773;1.0381236315026853845e-08;
2374491.632775216829;1.0878447476159180951e-08;
2374824.9883322538808;1.116567815984126355e-08;
2375158.3438892909326;1.0472105849146373657e-08;
2375491.6994463279843;1.1167737845596548141e-08;
2375825.0550033650361;1.0888101975581321312e-08;
2376158.4105604020879;1.1569140312417403038e-08;
2376491.7661174391396;1.2180992214894104109e-08;
2376825.1216744761914;1.1142850198098130932e-08;
2377158.4772315132432;1.1379784226051015139e-08;
2377491.8327885502949;1.2637558555184114084e-08;
2377825.1883455873467;1.2850258634955480375e-08;
2378158.5439026243985;2.3294074225077565643e-08;
2378491.8994596614502;2.8678076802179930382e-08;
2378825.255016698502;1.3699918532950050576e-08;
2379158.6105737355538;1.1915167519305214228e-08;
2379491.9661307726055;1.1592882209754407086e-08;
2379825.3216878096573;1.1092986973437746201e-08;
2380158.6772448467091;1.0402028571832033776e-08;
2380492.0328018837608;1.1115615983214865992e-08;
2380825.3883589208126;1.0149300955220041942e-08;
2381158.7439159578644;1.1236852337503933086e-08;
2381492.0994729949161;1.0497155145117176289e-08;
2381825.4550300319679;1.1253683318557250459e-08;
2382158.8105870690197;1.0943848494093799673e-08;
2382492.1661441060714;1.0785131898671806994e-08;
2382825.5217011431232;1.0327031674250974902e-08;
2383158.877258180175;1.1827743229275711201e-08;
2383492.2328152172267;1.1628761065196613345e-08;
2383825.5883722542785;1.6115823342488511116e-08;
2384158.9439292913303;4.9056342987796597299e-08;
2384492.299486328382;2.6436676847652051947e-08;
2384825.6550433654338;1.3520669916999850102e-08;
2385159.0106004024856;1.1780588060616992152e-08;
2385492.3661574395373;1.1651110298771527596e-08;
2385825.7217144765891;1.1312175196565021906e-08;
2386159.0772715136409;1.125957638237196079e-08;
2386492.4328285506926;1.0295784669267504796e-08;
2386825.7883855877444;1.0842826192458687729e-08;
2387159.1439426247962;1.2628792234181673848e-08;
2387492.4994996618479;1.8061266260360753222e-08;
2387825.8550566988997;3.162233142006698472e-08;
2388159.2106137359515;1.4445152629605217953e-08;
2388492.5661707730033;1.316143105611899955e-08;
2388825.921727810055;1.2299277152294507687e-08;
2389159.2772848471068;1.0923161930520564056e-08;
2389492.6328418841586;1.0854146914596185525e-08;
2389825.9883989212103;1.1117724518783234089e-08;
2390159.3439559582621;1.1527469645500332263e-08;
2390492.6995129953139;1.5285337440218427218e-08;
2390826.0550700323656;2.008587607349454629e-08;
2391159.4106270694174;2.0990547966448502848e-08;
2391492.7661841064692;1.978459707174806681e-08;
2391826.1217411435209;1.2535362081678158575e-08;
2392159.4772981805727;1.1461037452420441696e-08;
2392492.8328552176245;1.0257961591264574963e-08;
2392826.1884122546762;1.052964204717454777e-08;
2393159.543969291728;1.0634899183514789911e-08;
2393492.8995263287798;1.0111999237949476083e-08;
2393826.2550833658315;1.0104772130148376164e-08;
2394159.6106404028833;1.0138484718424933817e-08;
2394492.9661974399351;1.0182536591685220628e-08;
2394826.3217544769868;1.0450053267163639248e-08;
2395159.6773115140386;9.6705567997901198396e-09;
2395493.0328685510904;9.6824219752988938126e-09;
2395826.3884255881421;1.057333243181801663e-08;
2396159.7439826251939;1.002446570197434994e-08;
2396493.0995396622457;1.0311115516969948658e-08;
2396826.4550966992974;1.052326226158584177e-08;
2397159.8106537363492;1.0440713182902072731e-08;
2397493.166210773401;1.0485377899271952629e-08;
2397826.5217678104527;1.011956918262058025e-08;
2398159.8773248475045;9.8431884865135543805e-09;
2398493.2328818845563;1.0269664230122543813e-08;
2398826.588438921608;9.8308499119070802408e-09;
2399159.9439959586598;1.0686888707311936741e-08;
2399493.2995529957116;9.9301162848064450372e-09;
2399826.6551100327633;1.1013201905996083951e-08;
2400160.0106670698151;1.0250738036177153845e-08;
2400493.3662241068669;1.0081774526327080821e-08;
2400826.7217811439186;1.0584129128687891352e-08;
2401160.0773381809704;1.0657342564002192375e-08;
2401493.4328952180222;1.4270761461432357464e-08;
2401826.7884522550739;1.9610817858506379707e-08;
2402160.1440092921257;1.6024975124651064107e-08;
2402493.4995663291775;1.143567640582432432e-08;
2402826.8551233662292;1.039070518515927688e-08;
2403160.210680403281;1.0455929455588375276e-08;
2403493.5662374403328;9.9286863175507278356e-09;
2403826.9217944773845;1.0512527737205346057e-08;
2404160.2773515144363;1.010028150005837233e-08;
2404493.6329085514881;1.0668149919013103499e-08;
2404826.9884655885398;9.6484127354301563173e-09;
2405160.3440226255916;1.0233429215134037804e-08;
2405493.6995796626434;9.6246948189104841731e-09;
2405827.0551366996951;1.0085990709285397315e-08;
2406160.4106937367469;9.3973886450271493231e-09;
2406493.7662507737987;9.4674144079931465967e-09;
2406827.1218078108504;1.0159629582062734698e-08;
2407160.4773648479022;1.0188494492524569068e-08;
2407493.832921884954;1.0461679522677513887e-08;
2407827.1884789220057;1.0176653297833126999e-08;
2408160.5440359590575;1.0339684664018022886e-08;
2408493.8995929961093;1.055134379868150063e-08;
2408827.255150033161;1.0148320406244693004e-08;
2409160.6107070702128;1.0169808106752498134e-08;
2409493.9662641072646;1.0469438649352014181e-08;
2409827.3218211443163;1.040871921986763482e-08;
2410160.6773781813681;1.035744556787676629e-08;
2410494.0329352184199;1.071574651234641351e-08;
2410827.3884922554716;9.9625285798765617074e-09;
2411160.7440492925234;1.0247533488438875793e-08;
2411494.0996063295752;1.0204078471076627466e-08;
2411827.4551633666269;9.9676400466819359281e-09;
2412160.8107204036787;1.012552619528150899e-08;
2412494.1662774407305;9.9584163137933501275e-09;
2412827.5218344777822;1.0218034418585375533e-08;
2413160.877391514834;1.0277713791140286048e-08;
2413494.2329485518858;1.0094782787462008855e-08;
2413827.5885055889376;1.1105212749384918425e-08;
2414160.9440626259893;1.0294861851889436366e-08;
2414494.2996196630411;1.0686438400853148778e-08;
2414827.6551767000929;1.0426031593624429661e-08;
2415161.0107337371446;1.0184951548808385269e-08;
2415494.3662907741964;1.0322043664245938999e-08;
2415827.7218478112482;9.9269943376611990971e-09;
2416161.0774048482999;1.0305230446761015628e-08;
2416494.4329618853517;1.066830002116603282e-08;
2416827.7885189224035;9.8630250633391369774e-09;
2417161.1440759594552;1.0900561342452874669e-08;
2417494.499632996507;1.0317420695571399847e-08;
2417827.8551900335588;9.9342338799601748178e-09;
2418161.2107470706105;1.0221858026682184573e-08;
2418494.5663041076623;1.0290504448562387552e-08;
2418827.9218611447141;1.1084455131538106798e-08;
2419161.2774181817658;1.2497586965309892548e-08;
2419494.6329752188176;2.0129499844756537641e-08;
2419827.9885322558694;5.3147697798294757376e-08;
2420161.3440892929211;2.168134649593866925e-08;
2420494.6996463299729;1.3101706386464684329e-08;
2420828.0552033670247;1.1822155698837377713e-08;
2421161.4107604040764;1.0108339942860311567e-08;
2421494.7663174411282;1.0109423520532345719e-08;
2421828.12187447818;9.8250323432580444205e-09;
2422161.4774315152317;1.0627130286877672916e-08;
2422494.8329885522835;1.0482946954937233386e-08;
2422828.1885455893353;1.0098968772354055545e-08;
2423161.544102626387;1.0020574592317643692e-08;
2423494.8996596634388;9.8075805254893566598e-09;
2423828.2552167004906;9.7282519817554202746e-09;
2424161.6107737375423;1.046482278610483263e-08;
2424494.9663307745941;1.0335942768335826258e-08;
2424828.3218878116459;1.025453855163505068e-08;
2425161.6774448486976;9.6799901427857548697e-09;
2425495.0330018857494;1.0536007621908538567e-08;
2425828.3885589228012;9.5312282510917611944e-09;
2426161.7441159598529;1.0033573971668374725e-08;
2426495.0996729969047;9.7410950417042840854e-09;
2426828.4552300339565;1.0126540495036806533e-08;
2427161.8107870710082;9.6245766911806640564e-09;
2427495.16634410806;9.8923331748324017099e-09;
2427828.5219011451118;1.0539709549561848689e-08;
2428161.8774581821635;9.6256416171058845066e-09;
2428495.2330152192153;9.5857339843519184797e-09;
2428828.5885722562671;9.9858326052526535932e-09;
2429161.9441292933188;9.3392600319930352271e-09;
2429495.2996863303706;1.0176867348832274729e-08;
2429828.6552433674224;9.9022097188594671024e-09;
2430162.0108004044741;9.2244372140726227371e-09;
2430495.3663574415259;9.9844470469179213978e-09;
2430828.7219144785777;1.1691481560660577088e-08;
2431162.0774715156294;1.005091565531301967e-08;
2431495.4330285526812;9.8621244504215610505e-09;
2431828.788585589733;9.4759995405979680072e-09;
2432162.1441426267847;1.0058988308969674108e-08;
2432495.4996996638365;9.5005860956121068739e-09;
2432828.8552567008883;9.9521031415861216374e-09;
2433162.21081373794;9.9226005190189425775e-09;
2433495.5663707749918;9.8019139471716698608e-09;
2433828.9219278120436;9.9502148742658391711e-09;
2434162.2774848490953;1.0136204764421563596e-08;
2434495.6330418861471;9.2781009541909043037e-09;
2434828.9885989231989;1.0126861127446318278e-08;
2435162.3441559602506;9.2231404735798605543e-09;
2435495.6997129973024;9.5510728215231210925e-09;
2435829.0552700343542;9.7141459320937428856e-09;
2436162.4108270714059;9.7718944047642253281e-09;
2436495.7663841084577;9.8719876717723309412e-09;
2436829.1219411455095;1.017574113859609497e-08;
2437162.4774981825612;1.0078675671820747084e-08;
2437495.833055219613;1.0041508957669975644e-08;
2437829.1886122566648;1.0054783672330813715e-08;
2438162.5441692937165;1.0296760777350755234e-08;
2438495.8997263307683;1.0094569624641280825e-08;
2438829.2552833678201;1.0371976166823060339e-08;
2439162.6108404048719;1.0382384729723526107e-08;
2439495.9663974419236;1.0949925410841387929e-08;
2439829.3219544789754;1.0553420359826759523e-08;
2440162.6775115160272;1.0545117667959402752e-08;
2440496.0330685530789;1.0733870681178814266e-08;
2440829.3886255901307;1.0240857051257989951e-08;
2441162.7441826271825;1.0770798475334686373e-08;
2441496.0997396642342;1.2016824868510411761e-08;
2441829.455296701286;1.7107971927998733008e-08;
2442162.8108537383378;2.1423849361212887743e-08;
2442496.1664107753895;1.5219798754628754978e-08;
2442829.5219678124413;1.130347460076563948e-08;
2443162.8775248494931;1.1692878665314765385e-08;
2443496.2330818865448;1.0355262425321143382e-08;
2443829.5886389235966;1.0119551419052186247e-08;
2444162.9441959606484;1.0533453220773481007e-08;
2444496.2997529977001;1.1317860426629522408e-08;
2444829.6553100347519;1.0655076820853537356e-08;
2445163.0108670718037;1.0358737867477429972e-08;
2445496.3664241088554;1.0217065415929482697e-08;
2445829.7219811459072;1.048617015442232514e-08;
2446163.077538182959;1.0505474712374507362e-08;
2446496.4330952200107;1.0174097120341230038e-08;
2446829.7886522570625;1.0226060886964205565e-08;
2447163.1442092941143;1.0405483585884667264e-08;
2447496.499766331166;1.0573109499034671899e-08;
2447829.8553233682178;1.0457013033260409429e-08;
2448163.2108804052696;1.1604067928772110463e-08;
2448496.5664374423213;1.1040127034789293248e-08;
2448829.9219944793731;1.1603559002537622291e-08;
2449163.2775515164249;1.1612408812311514339e-08;
2449496.6331085534766;1.1801571275782407611e-08;
2449829.9886655905284;1.5003811526526078524e-08;
2450163.3442226275802;2.157219469722804206e-08;
2450496.6997796646319;3.5672020004540172522e-08;
2450830.0553367016837;1.7663763784980801574e-08;
2451163.4108937387355;1.2103796187545867724e-08;
2451496.7664507757872;1.148284312080249947e-08;
2451830.122007812839;1.0786818549490817531e-08;
2452163.4775648498908;1.0514429327201924025e-08;
2452496.8331218869425;1.072928945689000102e-08;
2452830.1886789239943;1.1277491829275732016e-08;
2453163.5442359610461;1.1196791938061778637e-08;
2453496.8997929980978;1.1261811927454346005e-08;
2453830.2553500351496;1.0745681677803986531e-08;
2454163.6109070722014;1.1693576773552649684e-08;
2454496.9664641092531;1.1821013501389643352e-08;
2454830.3220211463049;1.4187024000023029657e-08;
2455163.6775781833567;2.6205114522781514097e-08;
2455497.0331352204084;4.1781632376114430372e-08;
2455830.3886922574602;2.434966006603644928e-08;
2456163.744249294512;1.8948403734952989907e-08;
2456497.0998063315637;1.5717452228614092746e-08;
2456830.4553633686155;1.5559894706029808731e-08;
2457163.8109204056673;1.1819165202098247391e-08;
2457497.166477442719;1.1480866035640246992e-08;
2457830.5220344797708;1.1388363141406898649e-08;
2458163.8775915168226;1.1409028388698061462e-08;
2458497.2331485538743;1.0637683622860549804e-08;
2458830.5887055909261;1.1154915213751337433e-08;
2459163.9442626279779;1.162716767311167132e-08;
2459497.2998196650296;1.0735020872232325928e-08;
2459830.6553767020814;1.1332324412194338947e-08;
2460164.0109337391332;1.201929489269559781e-08;
2460497.3664907761849;1.1990318071752881224e-08;
2460830.7220478132367;1.8170073445844536764e-08;
2461164.0776048502885;2.4051217906162492e-08;
2461497.4331618873402;1.5596567592979226902e-08;
2461830.788718924392;1.3028009782090066437e-08;
2462164.1442759614438;1.237426339173453016e-08;
2462497.4998329984955;1.2311231145645251672e-08;
2462830.8553900355473;1.1957398626805115782e-08;
2463164.2109470725991;1.1411935396665739972e-08;
2463497.5665041096509;1.1862494098124898301e-08;
2463830.9220611467026;1.1790298515279573621e-08;
2464164.2776181837544;1.3154751066224434908e-08;
2464497.6331752208062;1.1578126901667928905e-08;
2464830.9887322578579;1.1384083009602363745e-08;
2465164.3442892949097;1.1905291863456568535e-08;
2465497.6998463319615;1.102177549228144926e-08;
2465831.0554033690132;1.2717332964484739932e-08;
2466164.410960406065;1.0995512944589336257e-08;
2466497.7665174431168;1.1104529740180169028e-08;
2466831.1220744801685;1.0745624834385125723e-08;
2467164.4776315172203;1.1810801225919931312e-08;
2467497.8331885542721;1.1427282231579738436e-08;
2467831.1887455913238;1.0909277925463811698e-08;
2468164.5443026283756;1.2674956195724007557e-08;
2468497.8998596654274;1.2520748882138832414e-08;
2468831.2554167024791;1.1977707714549978846e-08;
2469164.6109737395309;1.1986779568928795925e-08;
2469497.9665307765827;1.0981498377304887981e-08;
2469831.3220878136344;1.2985418074151766632e-08;
2470164.6776448506862;1.7525724871347847511e-08;
2470498.033201887738;2.3460851039658336958e-08;
2470831.3887589247897;1.6871977592813891533e-08;
2471164.7443159618415;1.1597770743776436575e-08;
2471498.0998729988933;1.231064761242350869e-08;
2471831.455430035945;1.0954408047325614461e-08;
2472164.8109870729968;1.1833583890563659224e-08;
2472498.1665441100486;1.0938332017929042195e-08;
2472831.5221011471003;1.0753216095338302694e-08;
2473164.8776581841521;9.965802405531576369e-09;
2473498.2332152212039;9.6167349639131316508e-09;
2473831.5887722582556;1.0488878210423990822e-08;
2474164.9443292953074;1.0399197059030029777e-08;
2474498.2998863323592;1.0484696666424042633e-08;
2474831.6554433694109;9.9822550225781014888e-09;
2475165.0110004064627;1.0503241831827381247e-08;
2475498.3665574435145;9.8071497589558020991e-09;
2475831.7221144805662;1.0530456506785412785e-08;
2476165.077671517618;1.0289673113561548234e-08;
2476498.4332285546698;1.0207700462672164576e-08;
2476831.7887855917215;9.7918109176475809363e-09;
2477165.1443426287733;9.8998960140761482762e-09;
2477498.4998996658251;1.0122609417351213779e-08;
2477831.8554567028768;1.0324546551032653952e-08;
2478165.2110137399286;1.0036606212793230952e-08;
2478498.5665707769804;1.0168665021126344072e-08;
2478831.9221278140321;9.2432861364954987948e-09;
2479165.2776848510839;9.8131298642556430423e-09;
2479498.6332418881357;1.0111324222350503987e-08;
2479831.9887989251874;1.0053883059413237788e-08;
2480165.3443559622392;1.0746530776373219851e-08;
2480498.699912999291;1.0242925618797471543e-08;
2480832.0554700363427;9.8559240768736344762e-09;
2481165.4110270733945;9.7324059922243577603e-09;
2481498.7665841104463;1.0009631346008518449e-08;
2481832.122141147498;9.7739203397395613138e-09;
2482165.4776981845498;9.8045314089745261299e-09;
2482498.8332552216016;9.945724244175835338e-09;
2482832.1888122586533;9.5770147368057223503e-09;
2483165.5443692957051;9.7335339788173769193e-09;
2483498.8999263327569;1.030687801772955936e-08;
2483832.2554833698086;9.6732080123729247134e-09;
2484165.6110404068604;1.0439025643904642493e-08;
2484498.9665974439122;1.0113846649062452343e-08;
2484832.3221544809639;9.5226253549185457814e-09;
2485165.6777115180157;9.5533891908416990191e-09;
2485499.0332685550675;1.0680189177492138697e-08;
2485832.3888255921192;1.0227911850790860626e-08;
2486165.744382629171;1.044432629271341284e-08;
2486499.0999396662228;1.0306678177585126832e-08;
2486832.4554967032745;1.0033063269077047153e-08;
2487165.8110537403263;1.0410658113357840193e-08;
2487499.1666107773781;1.0327267929710615135e-08;
2487832.5221678144298;9.9312504886484020972e-09;
2488165.8777248514816;1.0625805124675480329e-08;
2488499.2332818885334;9.8123882352751934377e-09;
2488832.5888389255852;1.0492582802612560045e-08;
2489165.9443959626369;9.229088604456592293e-09;
2489499.2999529996887;1.0751969092837043718e-08;
2489832.6555100367405;1.0744511058646821766e-08;
2490166.0110670737922;1.1938025679114616651e-08;
2490499.366624110844;1.3403465004557801876e-08;
2490832.7221811478958;2.8523276185410395556e-08;
2491166.0777381849475;2.5914506096569311921e-08;
2491499.4332952219993;1.4820125571191056224e-08;
2491832.7888522590511;1.1325775872705889924e-08;
2492166.1444092961028;9.9640162787295594171e-09;
2492499.4999663331546;1.0417829265918499004e-08;
2492832.8555233702064;1.0044685083698823291e-08;
2493166.2110804072581;9.6833581153532577446e-09;
2493499.5666374443099;1.0551232776379038114e-08;
2493832.9221944813617;1.0162825248016815749e-08;
2494166.2777515184134;9.7758094952382634801e-09;
2494499.6333085554652;9.5934495902838534676e-09;
2494832.988865592517;1.133447469214843295e-08;
2495166.3444226295687;1.011198147438108208e-08;
2495499.6999796666205;9.8420649408126337221e-09;
2495833.0555367036723;9.7686854161338487756e-09;
2496166.411093740724;1.0682403406292451109e-08;
2496499.7666507777758;9.5359338203593324579e-09;
2496833.1222078148276;9.2489713665599992964e-09;
2497166.4777648518793;9.9336583403442091367e-09;
2497499.8333218889311;9.4354355439918435877e-09;
2497833.1888789259829;9.6659036330493108835e-09;
2498166.5444359630346;9.5127603572109364904e-09;
2498499.8999930000864;9.0923979456647430197e-09;
2498833.2555500371382;9.9909387429875096132e-09;
2499166.6111070741899;1.0112993997779540223e-08;
2499499.9666641112417;9.8349612898118721205e-09;
2499833.3222211482935;9.6136263394441812125e-09;
2500166.6777781853452;9.6596561860451402026e-09;
2500500.033335222397;9.5407264311120343336e-09;
2500833.3888922594488;9.3365866149497378501e-09;
2501166.7444492965005;9.3377181542564358097e-09;
2501500.1000063335523;9.7651504660234422772e-09;
2501833.4555633706041;9.7341494864622291061e-09;
2502166.8111204076558;1.0061657285120872984e-08;
2502500.1666774447076;9.6572136953909648582e-09;
2502833.5222344817594;9.7852934644038214174e-09;
2503166.8777915188111;9.4085716995095935999e-09;
2503500.2333485558629;9.9840615774837715435e-09;
2503833.5889055929147;9.6027736873338653822e-09;
2504166.9444626299664;1.014311656888366997e-08;
2504500.3000196670182;9.0785752249189499707e-09;
2504833.65557670407;9.7501517970499662624e-09;
2505167.0111337411217;9.8760120081919922086e-09;
2505500.3666907781735;9.2334833112772685126e-09;
2505833.7222478152253;9.5941734556959090696e-09;
2506167.077804852277;9.3327328087866590067e-09;
2506500.4333618893288;9.8420649408126337221e-09;
2506833.7889189263806;9.8793950797926299856e-09;
2507167.1444759634323;9.8116990088215061405e-09;
2507500.5000330004841;9.3929655164970426995e-09;
2507833.8555900375359;9.6070928989888670912e-09;
2508167.2111470745876;9.1941352309277135646e-09;
2508500.5667041116394;1.0028869290579223161e-08;
2508833.9222611486912;9.2990530831116302579e-09;
2509167.2778181857429;9.7389385445012521814e-09;
2509500.6333752227947;9.6310035502256141626e-09;
2509833.9889322598465;9.756851326869764307e-09;
2510167.3444892968982;9.5636485397676551656e-09;
2510500.70004633395;1.0059253874317164446e-08;
2510834.0556033710018;1.0032587205444087886e-08;
2511167.4111604080535;1.1521193776786731178e-08;
2511500.7667174451053;1.6411005887562168937e-08;
2511834.1222744821571;2.4640462115144146082e-08;
2512167.4778315192088;1.9635741921320004622e-08;
2512500.8333885562606;1.2132023385902357404e-08;
2512834.1889455933124;1.0599684685530519346e-08;
2513167.5445026303641;1.002289895524199892e-08;
2513500.9000596674159;9.812199053271797311e-09;
2513834.2556167044677;1.0268996319950929319e-08;
2514167.6111737415195;1.0038740505535770353e-08;
2514500.9667307785712;9.8411483406835031928e-09;
2514834.322287815623;9.8519770119764871197e-09;
2515167.6778448526748;9.9411296972107265901e-09;
2515501.0334018897265;9.658112531951701385e-09;
2515834.3889589267783;9.9971897427053590945e-09;
2516167.7445159638301;1.017531214841937981e-08;
2516501.1000730008818;9.8880246213184364024e-09;
2516834.4556300379336;1.0332838584758974321e-08;
2517167.8111870749854;9.658332800199787016e-09;
2517501.1667441120371;9.5900789531810914923e-09;
2517834.5223011490889;9.6017780393253815419e-09;
2518167.8778581861407;9.7378958230365242343e-09;
2518501.2334152231924;1.0007696893410411576e-08;
2518834.5889722602442;1.0500530223112036765e-08;
2519167.944529297296;1.0483149459616925014e-08;
2519501.3000863343477;1.0381819848248596827e-08;
2519834.6556433713995;1.2069334864861502865e-08;
2520168.0112004084513;1.7521260886610434682e-08;
2520501.366757445503;2.6963590471495990641e-08;
2520834.7223144825548;2.4092237538297922583e-08;
2521168.0778715196066;1.4991559993404734996e-08;
2521501.4334285566583;1.2603305066249959054e-08;
2521834.7889855937101;1.2159697249103373906e-08;
2522168.1445426307619;1.7028991550205319072e-08;
2522501.5000996678136;2.6066318881134975527e-08;
2522834.8556567048654;2.5037843798259018513e-08;
2523168.2112137419172;1.246213621186598175e-08;
2523501.5667707789689;1.1038188141299087874e-08;
2523834.9223278160207;1.008808148128537141e-08;
2524168.2778848530725;9.7373646923415435595e-09;
2524501.6334418901242;1.0684148676887161855e-08;
2524834.988998927176;1.0836675556902264361e-08;
2525168.3445559642278;1.0292493080044096132e-08;
2525501.7001130012795;1.0637739578100990911e-08;
2525835.0556700383313;1.1682017131420252554e-08;
2526168.4112270753831;1.4783669399776044884e-08;
2526501.7667841124348;2.7502697008685572655e-08;
2526835.1223411494866;2.294923007184479502e-08;
2527168.4778981865384;1.375313729568006238e-08;
2527501.8334552235901;1.1518785925090924138e-08;
2527835.1890122606419;1.0398740535322303913e-08;
2528168.5445692976937;1.1416506850991936517e-08;
2528501.9001263347454;1.0291733687495252525e-08;
2528835.2556833717972;9.8278114535332861124e-09;
2529168.611240408849;1.059134646652637457e-08;
2529501.9667974459007;1.0265479133408916823e-08;
2529835.3223544829525;9.8421857330777129391e-09;
2530168.6779115200043;1.0908799197295593331e-08;
2530502.033468557056;1.1186470416646443482e-08;
2530835.3890255941078;1.229575641303881639e-08;
2531168.7445826311596;2.0518697851912293117e-08;
2531502.1001396682113;2.7975270100455418287e-08;
2531835.4556967052631;1.8415974523122713435e-08;
2532168.8112537423149;1.1269926325496726349e-08;
2532502.1668107793666;1.1016259016116691782e-08;
2532835.5223678164184;9.9270813791463297093e-09;
2533168.8779248534702;1.0238355940828114399e-08;
2533502.2334818905219;1.0067386035927938792e-08;
2533835.5890389275737;9.3423615510346280644e-09;
2534168.9445959646255;8.780291160803699313e-09;
2534502.3001530016772;9.8824326499880044139e-09;
2534835.655710038729;9.5148662282440454874e-09;
2535169.0112670757808;9.8910479806590956287e-09;
2535502.3668241128325;9.2028287212997383904e-09;
2535835.7223811498843;9.5199830241199379088e-09;
2536169.0779381869361;1.048467801467722893e-08;
2536502.4334952239878;9.2868415180191732361e-09;
2536835.7890522610396;9.9734203118373443431e-09;
2537169.1446092980914;1.0026649732708392548e-08;
2537502.5001663351431;9.9869552627751545515e-09;
2537835.8557233721949;1.0344590073430026678e-08;
2538169.2112804092467;1.0897670321696750761e-08;
2538502.5668374462985;1.328179166648624232e-08;
2538835.9223944833502;2.3177781471872549446e-08;
2539169.277951520402;2.9104251453304641473e-08;
2539502.6335085574538;1.6904968092035232985e-08;
2539835.9890655945055;1.2413782002340667532e-08;
2540169.3446226315573;1.0620690993334847008e-08;
2540502.7001796686091;9.987008553480336559e-09;
2540836.0557367056608;9.5363192897934823122e-09;
2541169.4112937427126;9.501587072691108915e-09;
2541502.7668507797644;1.0212579226731577364e-08;
2541836.1224078168161;1.0433635289075482433e-08;
2542169.4779648538679;9.2762757475384205463e-09;
2542502.8335218909197;9.7716199576325379894e-09;
2542836.1890789279714;9.1700842475006538734e-09;
2543169.5446359650232;9.3253085253763856599e-09;
2543502.900193002075;1.0013729401237014827e-08;
2543836.2557500391267;9.628162267460993462e-09;
2544169.6113070761785;1.0070516864857381734e-08;
2544502.9668641132303;9.5871310890061067767e-09;
2544836.322421150282;9.4517931259474607941e-09;
2545169.6779781873338;9.8491561573155195219e-09;
2545503.0335352243856;9.6176639985401379818e-09;
2545836.3890922614373;9.0103178251865756465e-09;
2546169.7446492984891;9.1177021488419995876e-09;
2546503.1002063355409;8.7734139952999612433e-09;
2546836.4557633725926;9.2305967314132431056e-09;
2547169.8113204096444;9.8335277698424761184e-09;
2547503.1668774466962;8.7521243585797492415e-09;
2547836.5224344837479;9.8837000805929164926e-09;
2548169.8779915207997;9.2990033451201270509e-09;
2548503.2335485578515;9.5144985223782896355e-09;
2548836.5891055949032;9.0403160513119473762e-09;
2549169.944662631955;8.904965653755425592e-09;
2549503.3002196690068;9.5215382245328328281e-09;
2549836.6557767060585;9.3898142594639466552e-09;
2550170.0113337431103;9.9583115087398255127e-09;
2550503.3668907801621;9.7582741886981239077e-09;
2550836.7224478172138;9.4356176205678821134e-09;
2551170.0780048542656;8.7577838314700784395e-09;
2551503.4335618913174;9.4469463363111572107e-09;
2551836.7891189283691;9.1964285076073792879e-09;
2552170.1446759654209;1.0081650181348322803e-08;
2552503.5002330024727;9.7871160065210460743e-09;
2552836.8557900395244;9.7136849674939185206e-09;
2553170.2113470765762;9.2455598732499311154e-09;
2553503.566904113628;8.7140765714366352768e-09;
2553836.9224611506797;8.5801437066379548924e-09;
2554170.2780181877315;8.9624219157258266932e-09;
2554503.6335752247833;9.1820133718556462554e-09;
2554836.989132261835;9.0750358339164449717e-09;
2555170.3446892988868;8.8134850528831520933e-09;
2555503.7002463359386;9.2863032818968349602e-09;
2555837.0558033729903;9.2715675137355901825e-09;
2556170.4113604100421;9.4279295481669578294e-09;
2556503.7669174470939;9.8983310437006366556e-09;
2556837.1224744841456;9.0641538719182790373e-09;
2557170.4780315211974;9.8446069074498154805e-09;
2557503.8335885582492;9.5567793678696943971e-09;
2557837.1891455953009;9.0950011966128840868e-09;
2558170.5447026323527;9.0226572879714694864e-09;
2558503.9002596694045;9.6283816475306593929e-09;
2558837.2558167064562;1.2123011927656079934e-08;
2559170.611373743508;9.4502157210740733717e-09;
2559503.9669307805598;9.9042969381457623967e-09;
2559837.3224878176115;9.4803294103940061177e-09;
2560170.6780448546633;1.0091572910653212602e-08;
2560504.0336018917151;9.7640180385383246175e-09;
2560837.3891589287668;9.9196375558108229598e-09;
2561170.7447159658186;1.0131291361403782503e-08;
2561504.1002730028704;1.2169848240262126637e-08;
2561837.4558300399221;1.827529771958325e-08;
2562170.8113870769739;3.8255532075481823995e-08;
2562504.1669441140257;1.9935139761173559236e-08;
2562837.5225011510774;1.3061375092604521342e-08;
2563170.8780581881292;1.1795705745498707984e-08;
2563504.233615225181;1.0658559368437181547e-08;
2563837.5891722622328;9.8566514949993688788e-09;
2564170.9447292992845;9.647751042507479724e-09;
2564504.3002863363363;9.4154835039716999745e-09;
2564837.6558433733881;9.2395522344190794684e-09;
2565171.0114004104398;9.0439691291521739913e-09;
2565504.3669574474916;1.00887191933907161e-08;
2565837.7225144845434;9.7945633825702316244e-09;
2566171.0780715215951;9.1915346445148315979e-09;
2566504.4336285586469;9.1047374084496368596e-09;
2566837.7891855956987;9.3932133182761390344e-09;
2567171.1447426327504;9.1448599803811703168e-09;
2567504.5002996698022;9.3585255100947506435e-09;
2567837.855856706854;9.4985663778857087891e-09;
2568171.2114137439057;1.0038828435199320666e-08;
2568504.5669707809575;9.1152676517936015443e-09;
2568837.9225278180093;9.4695264962751934945e-09;
2569171.278084855061;9.895149588601270807e-09;
2569504.6336418921128;9.7459045278469602636e-09;
2569837.9891989291646;9.1150118564087279083e-09;
2570171.3447559662163;9.3618961471975126187e-09;
2570504.7003130032681;9.1518987943572938093e-09;
2570838.0558700403199;9.8308330365171059384e-09;
2571171.4114270773716;9.2292671283189520182e-09;
2571504.7669841144234;9.9704946521228521306e-09;
2571838.1225411514752;9.1043208527707975009e-09;
2572171.4780981885269;9.9568246980652475031e-09;
2572504.8336552255787;9.4955971974286512705e-09;
2572838.1892122626305;8.9803098290985872154e-09;
2573171.5447692996822;9.3604164419502922101e-09;
2573504.900326336734;9.5895567042703078187e-09;
2573838.2558833737858;9.5199830241199379088e-09;
2574171.6114404108375;9.4797298899607085332e-09;
2574504.9669974478893;9.0574046041069777857e-09;
2574838.3225544849411;8.824376784843934729e-09;
2575171.6781115219928;9.4818783935579631361e-09;
2575505.0336685590446;9.432153724731051625e-09;
2575838.3892255960964;9.490976893289371219e-09;
2576171.7447826331481;9.8348920118951355107e-09;
2576505.1003396701999;1.1862431925635519292e-08;
2576838.4558967072517;1.1090843798911009799e-08;
2577171.8114537443034;9.8656940394903358538e-09;
2577505.1670107813552;9.1710345984097330074e-09;
2577838.522567818407;9.1455181205901681096e-09;
2578171.8781248554587;9.5057615112636995036e-09;
2578505.2336818925105;9.9971018130418087821e-09;
2578838.5892389295623;9.1886613873271016928e-09;
2579171.944795966614;9.3552703361865496845e-09;
2579505.3003530036658;9.693637892382866994e-09;
2579838.6559100407176;9.6622532197443433688e-09;
2580172.0114670777693;9.8450909646885520488e-09;
2580505.3670241148211;1.0371611125492563588e-08;
2580838.7225811518729;1.0532306582433648146e-08;
2581172.0781381889246;1.507832436686840083e-08;
2581505.4336952259764;2.3724986419892957201e-08;
2581838.7892522630282;2.2408537247997628583e-08;
2582172.1448093000799;1.2657800141369079938e-08;
2582505.5003663371317;1.056857801273736186e-08;
2582838.8559233741835;9.7382892860764513898e-09;
2583172.2114804112352;9.4189402943811728619e-09;
2583505.567037448287;9.0518694761954066053e-09;
2583838.9225944853388;9.4003933526209948468e-09;
2584172.2781515223905;9.461494698825845262e-09;
2584505.6337085594423;1.0029873820371904003e-08;
2584838.9892655964941;1.10284386067860396e-08;
2585172.3448226335458;1.3079055172227072035e-08;
2585505.7003796705976;1.1955487266845921113e-08;
2585839.0559367076494;1.0080817958169063786e-08;
2586172.4114937447011;9.5307424174961852259e-09;
2586505.7670507817529;9.2995104949977758224e-09;
2586839.1226078188047;9.8881116628035670146e-09;
2587172.4781648558564;9.3373575538180375588e-09;
2587505.8337218929082;8.877022672493239952e-09;
2587839.18927892996;9.1340863761502077978e-09;
2588172.5448359670117;9.1179739314384278259e-09;
2588505.9003930040635;9.2584651056881739351e-09;
2588839.2559500411153;9.4284269280819898995e-09;
2589172.6115070781671;8.8909599682551743172e-09;
2589505.9670641152188;8.9138554315582041454e-09;
2589839.3226211522706;8.755000280302738247e-09;
2590172.6781781893224;9.2490521907961920078e-09;
2590506.0337352263741;9.1754346343009274278e-09;
2590839.3892922634259;9.7780938901337322022e-09;
2591172.7448493004777;9.0921261630683147814e-09;
2591506.1004063375294;9.4692440555377288547e-09;
2591839.4559633745812;8.9803409153432767198e-09;
2592172.811520411633;9.0959444420946056198e-09;
2592506.1670774486847;9.2392600237189981272e-09;
2592839.5226344857365;9.1353058451204560697e-09;
2593172.8781915227883;9.4431458208532603749e-09;
2593506.23374855984;9.8634416190179763362e-09;
2593839.5893055968918;9.8013108740246934758e-09;
2594172.9448626339436;1.0081030232811372116e-08;
2594506.3004196709953;1.376299874067399287e-08;
2594839.6559767080471;1.509626912366002216e-08;
2595173.0115337450989;9.4640384418198664207e-09;
2595506.3670907821506;9.3206082851793325972e-09;
2595839.7226478192024;9.7073051819052125211e-09;
2596173.0782048562542;9.7434735835122410208e-09;
2596506.4337618933059;1.0039093112368391303e-08;
2596839.7893189303577;1.0058793797895759781e-08;
2597173.1448759674095;1.2237658886249391799e-08;
2597506.5004330044612;2.5741227815956335689e-08;
2597839.855990041513;4.2372224839937189245e-08;
2598173.2115470785648;1.6969922356224742543e-08;
2598506.5671041156165;1.2386834669086965732e-08;
2598839.9226611526683;1.0466753685989260703e-08;
2599173.2782181897201;9.3629326514133026649e-09;
2599506.6337752267718;9.8504884249450697098e-09;
2599839.9893322638236;9.5493115637168557441e-09;
2600173.3448893008754;9.3693657277071906719e-09;
2600506.7004463379271;9.7593195746981109551e-09;
2600840.0560033749789;1.0480608381158162956e-08;
2601173.4115604120307;1.164454221935784517e-08;
2601506.7671174490824;1.9673031204092694679e-08;
2601840.1226744861342;2.3111669023023750924e-08;
2602173.478231523186;1.5325534619137215486e-08;
2602506.8337885602377;1.0552363427507316374e-08;
2602840.1893455972895;9.558055680258803477e-09;
2603173.5449026343413;9.5748280415364206419e-09;
2603506.900459671393;8.8460128111478297797e-09;
2603840.2560167084448;9.0318872381089931878e-09;
2604173.6115737454966;9.2038145993456055294e-09;
2604506.9671307825483;9.1792715650740319688e-09;
2604840.3226878196001;9.3014049795669961895e-09;
2605173.6782448566519;9.4864098798552731751e-09;
2605507.0338018937036;8.8933660435941419564e-09;
2605840.3893589307554;9.4966141617192079138e-09;
2606173.7449159678072;9.067959716446694074e-09;
2606507.1004730048589;9.926348631950077106e-09;
2606840.4560300419107;9.5480539030745603668e-09;
2607173.8115870789625;9.572842962768390862e-09;
2607507.1671441160142;1.1576804404000995419e-08;
2607840.522701153066;1.113326231205746808e-08;
2608173.8782581901178;1.0046537823882317753e-08;
2608507.2338152271695;9.7096419793274435506e-09;
2608840.5893722642213;9.6276711047948992928e-09;
2609173.9449293012731;8.7764506773169159715e-09;
2609507.3004863383248;8.9667526737002845039e-09;
2609840.6560433753766;8.5189251208817040606e-09;
2610174.0116004124284;9.810837475754397019e-09;
2610507.3671574494801;9.254854660412092926e-09;
2610840.7227144865319;8.9905380917798538576e-09;
2611174.0782715235837;9.0323473145303978526e-09;
2611507.4338285606354;9.0819094467065042409e-09;
2611840.7893855976872;9.1401535229351793532e-09;
2612174.144942634739;9.200776140971811401e-09;
2612507.5004996717907;9.2174881061168889573e-09;
2612840.8560567088425;9.1215790476439906342e-09;
2613174.2116137458943;9.2931733419732154289e-09;
2613507.5671707829461;8.9741272191190546437e-09;
2613840.9227278199978;9.1932141899064845347e-09;
2614174.2782848570496;9.1531369150743557839e-09;
2614507.6338418941014;9.7999848236440811888e-09;
2614840.9893989311531;9.1093603771241760114e-09;
2615174.3449559682049;8.9415532755765525508e-09;
2615507.7005130052567;9.1991756434595117753e-09;
2615841.0560700423084;9.2951655261686028098e-09;
2616174.4116270793602;9.1379863675911110477e-09;
2616507.767184116412;8.9039335904317340464e-09;
2616841.1227411534637;9.2678709151527982613e-09;
2617174.4782981905155;9.2088283665248127363e-09;
2617507.8338552275673;9.0678327069326769561e-09;
2617841.189412264619;9.1720178119203410461e-09;
2618174.5449693016708;8.9303444639199369703e-09;
2618507.9005263387226;8.8641982642911898438e-09;
2618841.2560833757743;9.6052703568716424343e-09;
2619174.6116404128261;9.1604235308295756113e-09;
2619507.9671974498779;9.2354630609747800918e-09;
2619841.3227544869296;9.0373308836433352553e-09;
2620174.6783115239814;8.8104821216461459699e-09;
2620508.0338685610332;9.4027718944289517822e-09;
2620841.3894255980849;8.9337497399810672505e-09;
2621174.7449826351367;9.3235721365658719151e-09;
2621508.1005396721885;9.2905452220293227583e-09;
2621841.4560967092402;8.985328037169892923e-09;
2622174.811653746292;9.3818499635744956322e-09;
2622508.1672107833438;9.1405878421824127145e-09;
2622841.5227678203955;1.1225625762278923503e-08;
2623174.8783248574473;9.8273451598629435466e-09;
2623508.2338818944991;9.0974463518023185316e-09;
2623841.5894389315508;9.625083841058312828e-09;
2624174.9449959686026;1.0084024282264181238e-08;
2624508.3005530056544;9.8828669692352377751e-09;
2624841.6561100427061;9.4844603282240314002e-09;
2625175.0116670797579;8.9694776050919244881e-09;
2625508.3672241168097;9.0444940425982167653e-09;
2625841.7227811538614;9.1404110946768923895e-09;
2626175.0783381909132;8.9500238331652326451e-09;
2626508.433895227965;9.1916154687510243093e-09;
2626841.7894522650167;1.0718174792145873653e-08;
2627175.1450093020685;9.5629095753224646614e-09;
2627508.5005663391203;9.1492147191729600308e-09;
2627841.856123376172;9.2931733419732154289e-09;
2628175.2116804132238;9.3736787221132544801e-09;
2628508.5672374502756;8.7890406064161652466e-09;
2628841.9227944873273;8.962405928514272091e-09;
2629175.2783515243791;8.7877749521680925682e-09;
2629508.6339085614309;8.7568308160257402051e-09;
2629841.9894655984826;9.4611296574953485106e-09;
2630175.3450226355344;9.0861860257973603439e-09;
2630508.7005796725862;9.2548226859889837215e-09;
2630842.0561367096379;8.7346911925578751834e-09;
2631175.4116937466897;9.1465466312001808546e-09;
2631508.7672507837415;9.3355039254561233975e-09;
2631842.1228078207932;9.775191323058152193e-09;
2632175.478364857845;1.1732095295258204715e-08;
2632508.8339218948968;1.0812449602326523745e-08;
2632842.1894789319485;1.3306313384475743078e-08;
2633175.5450359690003;3.1082034723795004538e-08;
2633508.9005930060521;3.6043612539060632116e-08;
2633842.2561500431038;1.60036499607940641e-08;
2634175.6117070801556;1.1783589215497158875e-08;
2634508.9672641172074;1.0078604617547171074e-08;
2634842.3228211542591;9.9209094273078335391e-09;
2635175.6783781913109;9.5018544143954386527e-09;
2635509.0339352283627;9.4478753709381635417e-09;
2635842.3894922654144;9.7615657779215325718e-09;
2636175.7450493024662;1.1579204262091025157e-08;
2636509.100606339518;9.807184397914170404e-09;
2636842.4561633765697;1.0124441729431055137e-08;
2637175.8117204136215;9.3505061471432782128e-09;
2637509.1672774506733;9.5137302480452490272e-09;
2637842.522834487725;9.4445402609721895715e-09;
2638175.8783915247768;9.4222336599614209263e-09;
2638509.2339485618286;9.9274828357920341659e-09;
2638842.5895055988804;9.5769641106357994431e-09;
2639175.9450626359321;9.3717362759093703062e-09;
2639509.3006196729839;9.5645562581125886936e-09;
2639842.6561767100357;9.8707388929142325651e-09;
2640176.0117337470874;1.4061350306349140737e-08;
2640509.3672907841392;1.0167950037498485472e-08;
2640842.722847821191;9.9124957131380142528e-09;
2641176.0784048582427;9.7714485391975358652e-09;
2641509.4339618952945;9.6927186277184773644e-09;
2641842.7895189323463;9.9622834426327244728e-09;
2642176.145075969398;1.0302677821982797468e-08;
2642509.5006330064498;9.7822860922747167933e-09;
2642842.8561900435016;1.121610448961973816e-08;
2643176.2117470805533;1.0275565287543031445e-08;
2643509.5673041176051;1.0123267557560211571e-08;
2643842.9228611546569;1.0940042649565384636e-08;
2644176.2784181917086;2.1813571393636266293e-08;
2644509.6339752287604;1.0653224080670042895e-08;
2644842.9895322658122;1.1135766087022602733e-08;
2645176.3450893028639;1.0432462005383058568e-08;
2645509.7006463399157;1.0507505088241941849e-08;
2645843.0562033769675;9.5003187539077771362e-09;
2646176.4117604140192;1.0259043392579769716e-08;
2646509.767317451071;9.8118198010865853576e-09;
2646843.1228744881228;9.9841663825372961583e-09;
2647176.4784315251745;1.0456774113265510096e-08;
2647509.8339885622263;1.0586602705586756201e-08;
2647843.1895455992781;9.8337693543726345524e-09;
2648176.5451026363298;1.470477339893250246e-08;
2648509.9006596733816;1.047403763720922143e-08;
2648843.2562167104334;1.0245733150782143639e-08;
2649176.6117737474851;1.0644169989859619818e-08;
2649509.9673307845369;1.4091494193735343288e-08;
2649843.3228878215887;1.8106122823269288347e-08;
2650176.6784448586404;1.6671890534780686721e-08;
2650510.0340018956922;1.1860890047898919875e-08;
2650843.389558932744;1.147546235813479143e-08;
2651176.7451159697957;1.2261674342539663485e-08;
2651510.1006730068475;1.1467401250797593093e-08;
2651843.4562300438993;1.042865083178412533e-08;
2652176.811787080951;1.3142646970720761601e-08;
2652510.1673441180028;1.042361397196600592e-08;
2652843.5229011550546;1.0270782446752946271e-08;
2653176.8784581921063;9.3039220772084263444e-09;
2653510.2340152291581;1.2675958060981429298e-08;
2653843.5895722662099;9.5020542545398711809e-09;
2654176.9451293032616;9.9847978773937029473e-09;
2654510.3006863403134;1.0182143128645293473e-08;
2654843.6562433773652;1.0585281984276662115e-08;
2655177.0118004144169;1.0325253541054735251e-08;
2655510.3673574514687;9.7293284540000968263e-09;
2655843.7229144885205;9.9374979356525727781e-09;
2656177.0784715255722;1.328398546718290163e-08;
2656510.434028562624;1.0421709717434168851e-08;
2656843.7895855996758;1.0197483746310354036e-08;
2657177.1451426367275;9.980185566860200197e-09;
2657510.5006996737793;1.2305934049550160125e-08;
2657843.8562567108311;1.047411135601805654e-08;
2658177.2118137478828;9.7273975541156687541e-09;
2658510.5673707849346;9.5337231442726988462e-09;
2658843.9229278219864;9.6272989580370449403e-09;
2659177.2784848590381;9.8678780702243784617e-09;
2659510.6340418960899;1.0052999321885636164e-08;
2659843.9895989331417;1.0101541825235926808e-08;
2660177.3451559701934;1.100517543761725392e-08;
2660510.7007130072452;9.4827772301186996629e-09;
2660844.056270044297;1.0254376903162665258e-08;
2661177.4118270813487;9.926384159086865111e-09;
2661510.7673841184005;1.1417268908076039224e-08;
2661844.1229411554523;9.8587813468498097791e-09;
2662177.478498192504;9.53963663619106228e-09;
2662510.8340552295558;9.5356496032650284178e-09;
2662844.1896122666076;9.4771648306846145715e-09;
2663177.5451693036593;9.516956112065599882e-09;
2663510.9007263407111;9.7553947142614561017e-09;
2663844.2562833777629;9.0811118624856135284e-09;
2664177.6118404148147;1.0229403102357537136e-08;
2664510.9673974518664;9.3864001016186193738e-09;
2664844.3229544889182;9.4050518484323220036e-09;
2665177.67851152597;9.9696544353378158121e-09;
2665511.0340685630217;1.0428540697660082515e-08;
2665844.3896256000735;9.1126901580196317809e-09;
2666177.7451826371253;9.4618606283347617136e-09;
2666511.100739674177;9.5329522054043991375e-09;
2666844.4562967112288;9.5788657006323774112e-09;
2667177.8118537482806;9.5073975359127871343e-09;
2667511.1674107853323;9.3467447115358481824e-09;
2667844.5229678223841;9.7283203714937371842e-09;
2668177.8785248594359;1.061013676917355042e-08;
2668511.2340818964876;1.2887221068069720786e-08;
2668844.5896389335394;3.0720066490630415501e-08;
2669177.9451959705912;2.0496973007766428054e-08;
2669511.3007530076429;1.2437071816862044216e-08;
2669844.6563100446947;1.0444308529145018838e-08;
2670178.0118670817465;9.862851868547295453e-09;
2670511.3674241187982;9.940972489630439668e-09;
2670844.72298115585;9.7765822104634025891e-09;
2671178.0785381929018;9.30743659921517974e-09;
2671511.4340952299535;9.1591365602994301298e-09;
2671844.7896522670053;1.106581581922227997e-08;
2672178.1452093040571;1.080141931453226789e-08;
2672511.5007663411088;9.5570653613208378374e-09;
2672844.8563233781606;8.7218881006378978782e-09;
2673178.2118804152124;9.3572758430582325673e-09;
2673511.5674374522641;9.709658854717417853e-09;
2673844.9229944893159;8.8085165828033495927e-09;
2674178.2785515263677;9.0688043741238288931e-09;
2674511.6341085634194;9.1435907734194188379e-09;
2674844.9896656004712;9.915752663403054612e-09;
2675178.345222637523;9.1086089781811097055e-09;
2675511.7007796745747;1.0005991590844587336e-08;
2675845.0563367116265;1.4652091984146409231e-08;
2676178.4118937486783;2.2050754111546666536e-08;
2676511.76745078573;2.2761724949305062182e-08;
2676845.1230078227818;1.3965832046380910469e-08;
2677178.4785648598336;9.9204564563137864752e-09;
2677511.8341218968853;9.5770316121956966526e-09;
2677845.1896789339371;9.2343919178006217408e-09;
2678178.5452359709889;9.0784162409818236483e-09;
2678511.9007930080406;8.8451121982302538527e-09;
2678845.2563500450924;8.9839069516983727226e-09;
2679178.6119070821442;8.7619396182958553254e-09;
2679511.9674641191959;9.052378402429894777e-09;
2679845.3230211562477;9.0040677136471458653e-09;
2680178.6785781932995;8.4395468391562644683e-09;
2680512.0341352303512;8.6698266343887553376e-09;
2680845.389692267403;8.7882074950584865292e-09;
2681178.7452493044548;8.5237603641985515424e-09;
2681512.1008063415065;8.5011651052013803564e-09;
2681845.4563633785583;8.707297993737483921e-09;
2682178.8119204156101;9.1309262373329147522e-09;
2682512.1674774526618;8.2347737517807217955e-09;
2682845.5230344897136;8.6983540370511036599e-09;
2683178.8785915267654;9.350160645738014864e-09;
2683512.2341485638171;8.5144220562938244257e-09;
2683845.5897056008689;8.3730338218401811901e-09;
2684178.9452626379207;8.7725817721207022259e-09;
2684512.3008196749724;8.5224582946352711588e-09;
2684845.6563767120242;9.1334610985427389096e-09;
2685179.011933749076;8.6106153318610267888e-09;
2685512.3674907861277;8.7813241123058105586e-09;
2685845.7230478231795;9.0939149544055908336e-09;
2686179.0786048602313;8.3822762064755806932e-09;
2686512.434161897283;8.5206615096922178054e-09;
2686845.7897189343348;9.546041290775519883e-09;
2687179.1452759713866;8.5538367500248568831e-09;
2687512.5008330084383;8.2588664795935073926e-09;
2687845.8563900454901;8.2802369405499121058e-09;
2688179.2119470825419;8.9618703569271929155e-09;
2688512.5675041195937;8.2707289905670222652e-09;
2688845.9230611566454;8.7781932833763676172e-09;
2689179.2786181936972;8.8404510378836675955e-09;
2689512.634175230749;8.4917317622057453264e-09;
2689845.9897322678007;8.6524201137194722833e-09;
2690179.3452893048525;9.0522034312812138523e-09;
2690512.7008463419043;8.6366869211929042649e-09;
2690846.056403378956;8.7103728674264857545e-09;
2691179.4119604160078;8.6378708630263645318e-09;
2691512.7675174530596;8.9921021739769457781e-09;
2691846.1230744901113;9.1481213715383091767e-09;
2692179.4786315271631;9.4664498462293522607e-09;
2692512.8341885642149;8.3193265609793343174e-09;
2692846.1897456012666;8.5091587109786814835e-09;
2693179.5453026383184;8.677170093562835973e-09;
2693512.9008596753702;8.5522886550393195648e-09;
2693846.2564167124219;8.7616776056620437885e-09;
2694179.6119737494737;8.89133477954828777e-09;
2694512.9675307865255;8.7333411613599309931e-09;
2694846.3230878235772;8.3613036494512016361e-09;
2695179.678644860629;9.0429210786169278435e-09;
2695513.0342018976808;8.5211109279725860688e-09;
2695846.3897589347325;8.5503808477938036958e-09;
2696179.7453159717843;9.5095522567589796381e-09;
2696513.1008730088361;1.0457307020317330171e-08;
2696846.4564300458878;9.4282937013190348807e-09;
2697179.8119870829396;8.5436395735882797453e-09;
2697513.1675441199914;9.1169010119074300746e-09;
2697846.5231011570431;8.4311890802268862899e-09;
2698179.8786581940949;8.9982492568196903449e-09;
2698513.2342152311467;8.0351254538868488453e-09;
2698846.5897722681984;8.4443962933278271521e-09;
2699179.9453293052502;8.4286710944070364349e-09;
2699513.300886342302;8.2853004457206225197e-09;
2699846.6564433793537;9.0779694872367144853e-09;
2700180.0120004164055;8.3437106113137815555e-09;
2700513.3675574534573;8.0915025790773142944e-09;
2700846.723114490509;8.6978806379534034932e-09;
2701180.0786715275608;8.6473601612624406698e-09;
2701513.4342285646126;9.1200247354095154151e-09;
2701846.7897856016643;8.5547382511208525102e-09;
2702180.1453426387161;8.4949691725455522828e-09;
2702513.5008996757679;8.5905655922147161618e-09;
2702846.8564567128196;8.7141076576813247812e-09;
2703180.2120137498714;9.0452250134376299684e-09;
2703513.5675707869232;9.4142258433294045972e-09;
2703846.9231278239749;9.8945234228153822187e-09;
2704180.2786848610267;1.4007725646081325976e-08;
2704513.6342418980785;2.1435520025647747389e-08;
2704846.9897989351302;1.4130735692674534221e-08;
2705180.345355972182;1.0513506509823855595e-08;
2705513.7009130092338;9.4680459028495533857e-09;
2705847.0564700462855;8.9356175791976966138e-09;
2706180.4120270833373;9.0433180943705337995e-09;
2706513.7675841203891;9.4158467689453573257e-09;
2706847.1231411574408;8.684368779654505488e-09;
2707180.4786981944926;8.993697342418727203e-09;
2707513.8342552315444;8.6010150113224881352e-09;
2707847.1898122685961;8.33714697279219763e-09;
2708180.5453693056479;8.3458804311931089615e-09;
2708513.9009263426997;8.8037825918263479252e-09;
2708847.2564833797514;8.9451352991432031558e-09;
2709180.6120404168032;8.6003346666529978393e-09;
2709513.967597453855;9.0925897922033982468e-09;
2709847.3231544909067;8.3739015721562282124e-09;
2710180.6787115279585;8.6264364540511451196e-09;
2710514.0342685650103;8.325671707609672012e-09;
2710847.389825602062;8.5187910059403293417e-09;
2711180.7453826391138;9.1236946886397163325e-09;
2711514.1009396761656;8.5473024213911230618e-09;
2711847.4564967132173;8.0902085031198112119e-09;
2712180.8120537502691;8.713617383193650312e-09;
2712514.1676107873209;8.4411482248469837941e-09;
2712847.5231678243726;8.9311136264313972788e-09;
2713180.8787248614244;8.5267712890413349669e-09;
2713514.2342818984762;8.6104332552849882632e-09;
2713847.589838935528;9.6878496336216812779e-09;
2714180.9453959725797;1.4228731970433727838e-08;
2714514.3009530096315;1.6099580335549035226e-08;
2714847.6565100466833;1.2091129875102524238e-08;
2715181.012067083735;9.0471949931725248462e-09;
2715514.3676241207868;9.3443146553795486398e-09;
2715847.7231811578386;9.3294376668495715421e-09;
2716181.0787381948903;8.3092190905631468922e-09;
2716514.4342952319421;8.8683727028637804324e-09;
2716847.7898522689939;8.7999945108663268911e-09;
2717181.1454093060456;8.2533553324992681155e-09;
2717514.5009663430974;8.7299358852988007129e-09;
2717847.8565233801492;8.5964684259920431941e-09;
2718181.2120804172009;8.5246139036598833627e-09;
2718514.5676374542527;8.4257401056220260216e-09;
2718847.9231944913045;8.4024884827726964431e-09;
2719181.2787515283562;8.7529699044353037607e-09;
2719514.634308565408;8.6183478131829360791e-09;
2719847.9898656024598;9.0672909180966598797e-09;
2720181.3454226395115;9.5623216012086231785e-09;
2720514.7009796765633;9.8746761878487632202e-09;
2720848.0565367136151;1.5725792223975076922e-08;
2721181.4120937506668;1.9039831045120081399e-08;
2721514.7676507877186;1.4603883435881925834e-08;
2721848.1232078247704;9.7295682621734158602e-09;
2722181.4787648618221;9.5020213919383422763e-09;
2722514.8343218988739;8.463494793886638945e-09;
2722848.1898789359257;8.6519182929123417125e-09;
2723181.5454359729774;8.6414981836924198433e-09;
2723514.9009930100292;8.3736662048750076792e-09;
2723848.256550047081;8.293047137897247012e-09;
2724181.6121070841327;8.2132904921650151664e-09;
2724514.9676641211845;8.3582198939780028013e-09;
2724848.3232211582363;8.5101454772029683227e-09;
2725181.678778195288;8.2612174878704536241e-09;
2725515.0343352323398;8.6180600433749532385e-09;
2725848.3898922693916;8.7874356680117671203e-09;
2726181.7454493064433;8.6997147263900842518e-09;
2726515.1010063434951;8.5826759033125199494e-09;
2726848.4565633805469;8.3318756338712773868e-09;
2727181.8121204175986;8.2769062714760366362e-09;
2727515.1676774546504;8.8455154312327977095e-09;
2727848.5232344917022;8.6414067013151907304e-09;
2728181.8787915287539;8.6310754099372388737e-09;
2728515.2343485658057;8.8266869369135747547e-09;
2728848.5899056028575;8.283437047396091657e-09;
2729181.9454626399092;8.393430839248594566e-09;
2729515.301019676961;8.4196143390613542579e-09;
2729848.6565767140128;8.6224973827597750642e-09;
2730182.0121337510645;8.3695042008002928924e-09;
2730515.3676907881163;9.1152196901589377376e-09;
2730848.7232478251681;8.1838660292987697176e-09;
2731182.0788048622198;8.0832620596993365325e-09;
2731515.4343618992716;8.3875493217533403367e-09;
2731848.7899189363234;8.6428340040356488316e-09;
2732182.1454759733751;8.7995930542206224345e-09;
2732515.5010330104269;7.9967099608779790287e-09;
2732848.8565900474787;8.5185813958332801121e-09;
2733182.2121470845304;8.7977065632571793685e-09;
2733515.5677041215822;8.5849833908469008747e-09;
2733848.923261158634;8.6362019757757479965e-09;
2734182.2788181956857;8.3699598363295990566e-09;
2734515.6343752327375;8.6196649817793513648e-09;
2734848.9899322697893;8.4883762241361182532e-09;
2735182.345489306841;8.8363831807214410219e-09;
2735515.7010463438928;8.5148110784416530805e-09;
2735849.0566033809446;8.5569924479500514281e-09;
2736182.4121604179963;8.4149567314284468011e-09;
2736515.7677174550481;8.3649469573288115498e-09;
2736849.1232744920999;8.2324884687068333733e-09;
2737182.4788315291516;8.778979321277802228e-09;
2737515.8343885662034;8.3691071850466869364e-09;
2737849.1899456032552;8.866051004474684305e-09;
2738182.5455026403069;8.3039664033890403516e-09;
2738515.9010596773587;9.2749230518052172556e-09;
2738849.2566167144105;1.0991148435834929842e-08;
2739182.6121737514623;9.3392769073830095294e-09;
2739515.967730788514;9.6728847154281538678e-09;
2739849.3232878255658;1.4431759787214559765e-08;
2740182.6788448626176;1.7726371481785463402e-08;
2740516.0344018996693;1.275299421621411966e-08;
2740849.3899589367211;1.0212094281314421096e-08;
2741182.7455159737729;8.9815559434214264911e-09;
2741516.1010730108246;9.3595939887336498941e-09;
2741849.4566300478764;1.1561215984556838521e-08;
2742182.8121870849282;1.7700356735872446734e-08;
2742516.1677441219799;1.7251842621135438094e-08;
2742849.5233011590317;1.2065730636834359757e-08;
2743182.8788581960835;9.1779330801955438801e-09;
2743516.2344152331352;9.2333705126179665967e-09;
2743849.589972270187;9.2854550715060213406e-09;
2744182.9455293072388;1.0034755248966575891e-08;
2744516.3010863442905;1.3468019588458446378e-08;
2744849.6566433813423;1.8850757399491158139e-08;
2745183.0122004183941;1.5203204029035077838e-08;
2745516.3677574554458;1.017978235040573054e-08;
2745849.7233144924976;8.9253573420933207672e-09;
2746183.0788715295494;8.5390476911584300979e-09;
2746516.4344285666011;8.6090263806681832648e-09;
2746849.7899856036529;7.974839455471283145e-09;
2747183.1455426407047;8.816660290733580041e-09;
2747516.5010996777564;8.8702574174703840981e-09;
2747849.8566567148082;8.4020168600318356766e-09;
2748183.21221375186;8.8795344410641519062e-09;
2748516.5677707889117;8.5419884499060572125e-09;
2748849.9233278259635;8.5976008534771608538e-09;
2749183.2788848630153;8.1584872191342583392e-09;
2749516.634441900067;8.3371176629043475259e-09;
2749849.9899989371188;8.5527842585975122347e-09;
2750183.3455559741706;8.7278042570915204124e-09;
2750516.7011130112223;8.2294233649804482411e-09;
2750850.0566700482741;8.6580307367967179744e-09;
2751183.4122270853259;8.4336777561588860408e-09;
2751516.7677841223776;8.6529370335597377561e-09;
2751850.1233411594294;8.2012370228312647669e-09;
2752183.4788981964812;8.6413312061495162197e-09;
2752516.8344552335329;8.3164044539785209054e-09;
2752850.1900122705847;8.1905540127991116606e-09;
2753183.5455693076365;8.6014679823165351991e-09;
2753516.9011263446882;8.6792288911397008633e-09;
2753850.25668338174;8.602843770688650693e-09;
2754183.6122404187918;8.5439095798278685834e-09;
2754516.9677974558435;8.2174187454597813485e-09;
2754850.3233544928953;8.3554159147070095059e-09;
2755183.6789115299471;8.2755828856306834496e-09;
2755517.0344685669988;7.2960184560599827819e-09;
2755850.3900256040506;8.1266886553521544556e-09;
2756183.7455826411024;8.2886630892176071939e-09;
2756517.1011396781541;8.6341689353730544099e-09;
2756850.4566967152059;8.7411535787396132946e-09;
2757183.8122537522577;7.9994642021574691171e-09;
2757517.1678107893094;8.2916633559193542169e-09;
2757850.5233678263612;8.9616500886791072844e-09;
2758183.878924863413;7.9272783892747611389e-09;
2758517.2344819004647;8.2745943430495572102e-09;
2758850.5900389375165;8.1376887450801405066e-09;
2759183.9455959745683;8.772319759486890689e-09;
2759517.30115301162;8.437367249314320361e-09;
2759850.6567100486718;8.4766780261702479038e-09;
2760184.0122670857236;8.7743385890348690737e-09;
2760517.3678241227753;7.9872330971397786925e-09;
2760850.7233811598271;8.0300317506498686271e-09;
2761184.0789381968789;8.2821713931480189785e-09;
2761517.4344952339306;8.4269391464886211907e-09;
2761850.7900522709824;8.305848453460384917e-09;
2762184.1456093080342;7.7571575829438188521e-09;
2762517.5011663450859;8.2089055553069556481e-09;
2762850.8567233821377;8.1378175309509970248e-09;
2763184.2122804191895;7.9929041163495639921e-09;
2763517.5678374562413;9.0977820832449651789e-09;
2763850.923394493293;8.0334032759310503025e-09;
2764184.2789515303448;8.689602815081798326e-09;
2764517.6345085673966;8.4902849195600538224e-09;
2764850.9900656044483;7.8885618037816129799e-09;
2765184.3456226415001;7.8794339941623547929e-09;
2765517.7011796785519;7.7132247255917718576e-09;
2765851.0567367156036;8.6969027535133136553e-09;
2766184.4122937526554;8.3426696662058930087e-09;
2766517.7678507897072;8.2742603879637499631e-09;
2766851.1234078267589;8.5465217125602066517e-09;
2767184.4789648638107;8.5555491580180387245e-09;
2767517.8345219008625;8.388757244404132507e-09;
2767851.1900789379142;8.5638047764291513886e-09;
2768184.545635974966;8.8084242122477007797e-09;
2768517.9011930120178;8.5945499606054909236e-09;
2768851.2567500490695;8.4482838502708546002e-09;
2769184.6123070861213;8.0966353621647613181e-09;
2769517.9678641231731;8.7129139458852478128e-09;
2769851.3234211602248;8.2487172647915940615e-09;
2770184.6789781972766;8.1108284533115693193e-09;
2770518.0345352343284;8.4030649105670818244e-09;
2770851.3900922713801;7.8237381018197993399e-09;
2771184.7456493084319;8.5863707255384724704e-09;
2771518.1012063454837;8.1557072206805969472e-09;
2771851.4567633825354;8.2940667667230627558e-09;
2772184.8123204195872;8.5954408035604501492e-09;
2772518.167877456639;8.4065492345075654157e-09;
2772851.5234344936907;8.171166854253897327e-09;
2773184.8789915307425;8.8846832113631535321e-09;
2773518.2345485677943;8.6360953943653839815e-09;
2773851.590105604846;8.6985982861165211943e-09;
2774184.9456626418978;8.3326519018100952962e-09;
2774518.3012196789496;8.8817184717981945141e-09;
2774851.6567767160013;8.9933340774450698518e-09;
2775185.0123337530531;1.0044790776930767606e-08;
2775518.3678907901049;1.7946740982210940274e-08;
2775851.7234478271566;1.9337511147909935971e-08;
2776185.0790048642084;1.1179122516580264346e-08;
2776518.4345619012602;9.2631342596405374934e-09;
2776851.7901189383119;8.8786142882213425764e-09;
2777185.1456759753637;8.6495628437432969804e-09;
2777518.5012330124155;8.7687146432813278807e-09;
2777851.8567900494672;8.8510496709659491898e-09;
2778185.212347086519;9.4489545077180991939e-09;
2778518.5679041235708;1.0052434440410706884e-08;
2778851.9234611606225;1.5191563562666487996e-08;
2779185.2790181976743;1.7251933215334247507e-08;
2779518.6345752347261;1.1560464585613772215e-08;
2779851.9901322717778;9.3976693094077745627e-09;
2780185.3456893088296;8.8371443496271240292e-09;
2780518.7012463458814;8.8674374509878362005e-09;
2780852.0568033829331;8.3477429413392201241e-09;
2781185.4123604199849;8.5285982720506581245e-09;
2781518.7679174570367;8.6811953181609169405e-09;
2781852.1234744940884;8.4291746915710064059e-09;
2782185.4790315311402;8.1703630527840687137e-09;
2782518.834588568192;8.8072171777753283095e-09;
2782852.1901456052437;8.6936946530613568029e-09;
2783185.5457026422955;8.432388121093481459e-09;
2783518.9012596793473;8.0555055959052879189e-09;
2783852.256816716399;8.8005354115239242674e-09;
2784185.6123737534508;8.8631395556149072945e-09;
2784518.9679307905026;8.5121785176056619093e-09;
2784852.3234878275543;8.9885485721197255771e-09;
2785185.6790448646061;8.3663875827255651529e-09;
2785519.0346019016579;8.8170475365245692956e-09;
2785852.3901589387096;8.5646476577494468074e-09;
2786185.7457159757614;8.580580690420447354e-09;
2786519.1012730128132;8.7796587777688728238e-09;
2786852.4568300498649;9.0518694761954066053e-09;
2787185.8123870869167;8.671943163562900736e-09;
2787519.1679441239685;8.6595823844959340931e-09;
2787852.5235011610202;8.9570546535355788365e-09;
2788185.879058198072;8.9662952618141389394e-09;
2788519.2346152351238;8.8816873855535050097e-09;
2788852.5901722721756;8.3356823665781121235e-09;
2789185.9457293092273;8.7288309913446937571e-09;
2789519.3012863462791;8.7262250758612935897e-09;
2789852.6568433833309;9.2770093829130928498e-09;
2790186.0124004203826;9.61899893070494727e-09;
2790519.3679574574344;1.4526150948768190574e-08;
2790852.7235144944862;1.9261802819414697296e-08;
2791186.0790715315379;1.6314508854975429131e-08;
2791519.4346285685897;1.1150643963730999531e-08;
2791852.7901856056415;9.1138430136084025435e-09;
2792186.1457426426932;9.590516825142003654e-09;
2792519.501299679745;8.6336227056449388328e-09;
2792852.8568567167968;8.5796765247891926265e-09;
2793186.2124137538485;8.7903844203651715361e-09;
2793519.5679707909003;8.6528002540831039369e-09;
2793852.9235278279521;9.1302680971239169594e-09;
2794186.2790848650038;8.5394979976172180614e-09;
2794519.6346419020556;8.4356628349269158207e-09;
2794852.9901989391074;8.7508791324353296659e-09;
2795186.3457559761591;8.9349105891756153142e-09;
2795519.7013130132109;8.5977518438085098751e-09;
2795853.0568700502627;8.8977412104895847733e-09;
2796186.4124270873144;9.1983034522513662523e-09;
2796519.7679841243662;7.6610184862602181965e-09;
2796853.123541161418;8.8145224452773618395e-09;
2797186.4790981984697;8.6601295024024693703e-09;
2797519.8346552355215;8.6646645414134582097e-09;
2797853.1902122725733;8.4946112366424131324e-09;
2798186.545769309625;9.0804261887456050317e-09;
2798519.9013263466768;8.3462614597351603152e-09;
2798853.2568833837286;8.6686995359741558786e-09;
2799186.6124404207803;8.6674658561491924047e-09;
2799519.9679974578321;8.7181195596031102468e-09;
2799853.3235544948839;8.533828754764272162e-09;
2800186.6791115319356;8.9910754397237724334e-09;
2800520.0346685689874;8.5000149141478686943e-09;
2800853.3902256060392;8.3299438458084296144e-09;
2801186.7457826430909;8.896412495573713386e-09;
2801520.1013396801427;8.6107965202586456144e-09;
2801853.4568967171945;7.8762516508845692442e-09;
2802186.8124537542462;8.4225133534232554666e-09;
2802520.168010791298;8.0335160745903522184e-09;
2802853.5235678283498;9.1410052860396717733e-09;
2803186.8791248654015;8.6658520359605972772e-09;
2803520.2346819024533;8.5800682114722803817e-09;
2803853.5902389395051;8.3620532720374285418e-09;
2804186.9457959765568;8.6952072209101061162e-09;
2804520.3013530136086;8.1733491086311005347e-09;
2804853.6569100506604;8.5129263638350494148e-09;
2805187.0124670877121;8.8490752503389558115e-09;
2805520.3680241247639;7.801873813662041357e-09;
2805853.7235811618157;8.0288886650237145659e-09;
2806187.0791381988674;8.598914469359897339e-09;
2806520.4346952359192;8.154117381309333723e-09;
2806853.790252272971;8.4749505191439311602e-09;
2807187.1458093100227;8.8089500138721632538e-09;
2807520.5013663470745;8.3601285894019383704e-09;
2807853.8569233841263;7.9840631883598689456e-09;
2808187.212480421178;9.6659373838292594883e-09;
2808520.5680374582298;8.5340392530497410917e-09;
2808853.9235944952816;8.6752498518194443022e-09;
2809187.2791515323333;8.5942177818765230768e-09;
2809520.6347085693851;8.0236013388912397204e-09;
2809853.9902656064369;8.5453057963036371802e-09;
2810187.3458226434886;8.8711304968569493212e-09;
2810520.7013796805404;9.1202974061843633535e-09;
2810854.0569367175922;1.1744138106450918713e-08;
2811187.4124937546439;2.1985346876363109914e-08;
2811520.7680507916957;1.5734551439550159557e-08;
2811854.1236078287475;1.064000088035754743e-08;
2812187.4791648657992;1.3152971156671355857e-08;
2812520.834721902851;1.8779791943757118133e-08;
2812854.1902789399028;1.8653402378276950913e-08;
2813187.5458359769545;1.3118012454071958928e-08;
2813520.9013930140063;1.2560690265672747046e-08;
2813854.2569500510581;1.0312999343398132623e-08;
2814187.6125070881099;8.653666228042311559e-09;
2814520.9680641251616;8.5325702059435570845e-09;
2814854.3236211622134;9.0898906179859295662e-09;
2815187.6791781992652;8.905043813456359203e-09;
2815521.0347352363169;8.630347103633084771e-09;
2815854.3902922733687;9.1912770727731185616e-09;
2816187.7458493104205;1.1047285752852076257e-08;
2816521.1014063474722;9.6623207213042405783e-09;
2816854.456963384524;8.649942984106928634e-09;
2817187.8125204215758;8.3763733726982536609e-09;
2817521.1680774586275;8.9425586935476530925e-09;
2817854.5236344956793;8.3343349999154270336e-09;
2818187.8791915327311;8.1636910564952813729e-09;
2818521.2347485697828;8.5066176325199194252e-09;
2818854.5903056068346;8.6748386252111231443e-09;
2819187.9458626438864;8.5031217622599797323e-09;
2819521.3014196809381;8.0714706029993976699e-09;
2819854.6569767179899;8.5058999843568017241e-09;
2820188.0125337550417;1.6503172162174450932e-08;
2820521.3680907920934;8.761184666639110219e-09;
2820854.7236478291452;9.0420151366288337158e-09;
2821188.079204866197;8.1760775927364193194e-09;
2821521.4347619032487;8.5919085179853027512e-09;
2821854.7903189403005;8.4890174889551417436e-09;
2822188.1458759773523;8.3424502861362270778e-09;
2822521.501433014404;7.8160313776720613532e-09;
2822854.8569900514558;8.6900913132126333949e-09;
2823188.2125470885076;8.4302849145956315624e-09;
2823521.5681041255593;8.9185236973321480036e-09;
2823854.9236611626111;9.1245597744205042545e-09;
2824188.2792181996629;1.1931421184385726519e-08;
2824521.6347752367146;8.954505581471039477e-09;
2824854.9903322737664;8.161024744879341597e-09;
2825188.3458893108182;8.4547417955604942108e-09;
2825521.7014463478699;9.3144372215192561271e-09;
2825855.0570033849217;9.3741894247045820521e-09;
2826188.4125604219735;9.0463370128190945252e-09;
2826521.7681174590252;8.8113800700284627965e-09;
2826855.123674496077;8.429871023452051304e-09;
2827188.4792315331288;8.6715630231992690824e-09;
2827521.8347885701805;8.862703460010834533e-09;
2827855.1903456072323;9.2370040505329598091e-09;
2828188.5459026442841;1.0186078647222984728e-08;
2828521.9014596813358;8.7168174900398298632e-09;
2828855.2570167183876;9.4537693229312935728e-09;
2829188.6125737554394;8.7061202691529615549e-09;
2829521.9681307924911;1.0548471429672190425e-08;
2829855.3236878295429;8.3843962883634048922e-09;
2830188.6792448665947;8.1839957033480459359e-09;
2830522.0348019036464;8.8347533733212912921e-09;
2830855.3903589406982;8.3266957773275862564e-09;
2831188.74591597775;8.6033420387821024633e-09;
2831522.1014730148017;9.5653289733377278026e-09;
2831855.4570300518535;8.6603577642563323025e-09;
2832188.8125870889053;1.1871875926772190724e-08;
2832522.168144125957;8.4977607173186697764e-09;
2832855.5237011630088;8.0657862611133168684e-09;
2833188.8792582000606;8.8100957640335764154e-09;
2833522.2348152371123;9.4407415218711321359e-09;
2833855.5903722741641;8.8611935566973443201e-09;
2834188.9459293112159;8.7062277387417452701e-09;
2834522.3014863482676;8.603765699888299423e-09;
2834855.6570433853194;8.6766975826435555064e-09;
2835189.0126004223712;9.1677332392237076419e-09;
2835522.3681574594229;8.8091667294065700844e-09;
2835855.7237144964747;9.4319219101635098923e-09;
2836189.0792715335265;9.0997964719008450629e-09;
2836522.4348285705782;8.5629325852210058656e-09;
2836855.79038560763;8.6447773384179527056e-09;
2837189.1459426446818;8.177543087128924526e-09;
2837522.5014996817335;9.9487120763797065592e-09;
2837855.8570567187853;8.7297511441875030869e-09;
2838189.2126137558371;9.0724379120388221054e-09;
2838522.5681707928888;8.2591569139367493335e-09;
2838855.9237278299406;8.5894633627958683064e-09;
2839189.2792848669924;8.3702538233865197981e-09;
2839522.6348419040442;8.5600149191122909542e-09;
2839855.9903989410959;8.3272224671304684307e-09;
2840189.3459559781477;9.3723455663052845921e-09;
2840522.7015130151995;8.5170999142292203032e-09;
2840856.0570700522512;8.3495761415974811825e-09;
2841189.412627089303;8.5215301481866845279e-09;
2841522.7681841263548;9.0599829860593672493e-09;
2841856.1237411634065;8.742489399082842283e-09;
2842189.4792982004583;8.1219360126283390855e-09;
2842522.8348552375101;7.8648447754403605359e-09;
2842856.1904122745618;8.2285707136975361209e-09;
2843189.5459693116136;9.0443510458726450452e-09;
2843522.9015263486654;9.5313117398632130062e-09;
2843856.2570833857171;9.7448262792454443115e-09;
2844189.6126404227689;8.5370377433946487145e-09;
2844522.9681974598207;8.5440898800470677088e-09;
2844856.3237544968724;8.4230018515540905355e-09;
2845189.6793115339242;8.1489188730188288901e-09;
2845523.034868570976;8.7160669792751832574e-09;
2845856.3904256080277;8.5580600384105309786e-09;
2846189.7459826450795;9.108400256252480176e-09;
2846523.1015396821313;1.1057168514128079551e-08;
2846856.457096719183;2.0790501764622604242e-08;
2847189.8126537562348;1.1719056836057006876e-08;
2847523.1682107932866;9.2528393835777933418e-09;
2847856.5237678303383;8.1493336523408288485e-09;
2848189.8793248673901;8.7270990434262785129e-09;
2848523.2348819044419;8.5149451933830277994e-09;
2848856.5904389414936;8.9688789728370466037e-09;
2849189.9459959785454;8.0682660552611196181e-09;
2849523.3015530155972;8.5095619439812253404e-09;
2849856.6571100526489;7.906569621241033019e-09;
2850190.0126670897007;8.2713969007386367593e-09;
2850523.3682241267525;8.1183415545638126787e-09;
2850856.7237811638042;8.6990414871479515568e-09;
2851190.079338200856;8.3989171173470822396e-09;
2851523.4348952379078;8.2015541025270977116e-09;
2851856.7904522749595;8.6881524197224280215e-09;
2852190.1460093120113;8.4772588948567317857e-09;
2852523.5015663490631;8.4440996417356473103e-09;
2852856.8571233861148;7.8902804290237327223e-09;
2853190.2126804231666;7.907292598474668921e-09;
2853523.5682374602184;8.3007867246465139033e-09;
2853856.9237944972701;8.2168556403416914691e-09;
2854190.2793515343219;8.5183717857262308826e-09;
2854523.6349085713737;8.307891263825695205e-09;
2854856.9904656084254;8.2371327536634453281e-09;
2855190.3460226454772;8.5267410909750651626e-09;
2855523.701579682529;8.0590165651983625139e-09;
2855857.0571367195807;8.1574986765531320998e-09;
2856190.4126937566325;8.3388602689637991716e-09;
2856523.7682507936843;8.3124902516829024535e-09;
2856857.123807830736;8.0567934546138531005e-09;
2857190.4793648677878;8.0940187885403247492e-09;
2857523.8349219048396;8.2004163459714618511e-09;
2857857.1904789418913;8.2763387254658482561e-09;
2858190.5460359789431;8.642014215354265616e-09;
2858523.9015930159949;8.2954949576219405571e-09;
2858857.2571500530466;8.4885547479984779784e-09;
2859190.6127070900984;8.3081541646379264421e-09;
2859523.9682641271502;8.1495201698089658748e-09;
2859857.3238211642019;8.2542834789478547464e-09;
2860190.6793782012537;8.5248990089326071029e-09;
2860524.0349352383055;9.9893942007156510954e-09;
2860857.3904922753572;9.8777297452556922508e-09;
2861190.746049312409;8.6499731821731984382e-09;
2861524.1016063494608;8.4485360929420494358e-09;
2861857.4571633865125;8.4118081389306098572e-09;
2862190.8127204235643;8.0247151146295436774e-09;
2862524.1682774606161;7.7218205163376296696e-09;
2862857.5238344976678;8.4981932602090637374e-09;
2863190.8793915347196;8.3651086058011969726e-09;
2863524.2349485717714;8.1139495122783955594e-09;
2863857.5905056088232;8.2861300043646224367e-09;
2864190.9460626458749;8.2980164961554692127e-09;
2864524.3016196829267;8.1259035056291395449e-09;
2864857.6571767199785;8.4081888118703318469e-09;
2865191.0127337570302;7.9712956235766796453e-09;
2865524.368290794082;8.19516010608367651e-09;
2865857.7238478311338;7.9675572806081618182e-09;
2866191.0794048681855;7.9418311926815476909e-09;
2866524.4349619052373;8.3052356103507918306e-09;
2866857.7905189422891;7.9015993748043911182e-09;
2867191.1460759793408;8.0328250717798255209e-09;
2867524.5016330163926;8.1052595746200495341e-09;
2867857.8571900534444;8.462736289516215038e-09;
2868191.2127470904961;8.4170412861794829951e-09;
2868524.5683041275479;8.521006122919061454e-09;
2868857.9238611645997;7.9803053054661177157e-09;
2869191.2794182016514;8.2466016237958683632e-09;
2869524.6349752387032;8.0528455015382860438e-09;
2869857.990532275755;8.1345445934744020633e-09;
2870191.3460893128067;8.0158946147435017338e-09;
2870524.7016463498585;7.9090982652019192756e-09;
2870858.0572033869103;8.3535081074614936369e-09;
2871191.412760423962;8.264933626378478948e-09;
2871524.7683174610138;7.9620443571570831409e-09;
2871858.1238744980656;8.014627184138589655e-09;
2872191.4794315351173;8.1155464570770163846e-09;
2872524.8349885721691;7.9746289571858142153e-09;
2872858.1905456092209;8.5343687672434498381e-09;
2873191.5461026462726;7.8643198619943177619e-09;
2873524.9016596833244;8.6769116336427032365e-09;
2873858.2572167203762;8.6563574086540029384e-09;
2874191.6127737574279;7.7402644294011224702e-09;
2874524.9683307944797;8.2745215124191417999e-09;
2874858.3238878315315;7.8599686759162068483e-09;
2875191.6794448685832;7.7879063198338371876e-09;
2875525.035001905635;8.068974821640040318e-09;
2875858.3905589426868;7.527702017284809699e-09;
2876191.7461159797385;8.1990911837692692643e-09;
2876525.1016730167903;8.488346026069848449e-09;
2876858.4572300538421;8.2547471080829382117e-09;
2877191.8127870908938;8.4618738682706862164e-09;
2877525.1683441279456;7.7480457605361152673e-09;
2877858.5239011649974;8.262755812893374241e-09;
2878191.8794582020491;8.0812174729771868442e-09;
2878525.2350152391009;8.4975368963569053449e-09;
2878858.5905722761527;8.3567810449380885984e-09;
2879191.9461293132044;8.3100220038545558054e-09;
2879525.3016863502562;8.0345330388809088618e-09;
2879858.657243387308;8.0234183741367814946e-09;
2880192.0128004243597;7.9893380799944679893e-09;
2880525.3683574614115;8.4045996828763236408e-09;
2880858.7239144984633;8.2302324955207950552e-09;
2881192.079471535515;8.4514599762997022481e-09;
2881525.4350285725668;9.0911358441303491418e-09;
2881858.7905856096186;1.0875943701194046298e-08;
2882192.1461426466703;1.5007238118869281607e-08;
2882525.5016996837221;1.7497976401159576199e-08;
2882858.8572567207739;1.2267556748213337414e-08;
2883192.2128137578256;1.0833744568117253948e-08;
2883525.5683707948774;8.9535463487777633418e-09;
2883858.9239278319292;8.5915159431237952958e-09;
2884192.2794848689809;8.0236439714553853264e-09;
2884525.6350419060327;8.0503284038968558889e-09;
2884858.9905989430845;8.3168574249725679692e-09;
2885192.3461559801362;8.3944033946181662031e-09;
2885525.701713017188;8.185663702420242771e-09;
2885859.0572700542398;8.0332061003218768747e-09;
2886192.4128270912915;8.2542248591721545381e-09;
2886525.7683841283433;8.4993283522294404975e-09;
2886859.1239411653951;7.845732064026833541e-09;
2887192.4794982024468;8.238869142473959073e-09;
2887525.8350552394986;8.3877118584041454596e-09;
2887859.1906122765504;7.9166602162672461418e-09;
2888192.5461693136021;7.9620727788665135449e-09;
2888525.9017263506539;8.3770057557330801501e-09;
2888859.2572833877057;8.1192537138008447073e-09;
2889192.6128404247575;8.1721855949012933706e-09;
2889525.9683974618092;8.4991187421223912679e-09;
2889859.323954498861;7.8797803837460378418e-09;
2890192.6795115359128;7.3656378773989672482e-09;
2890526.0350685729645;7.7529609399107357603e-09;
2890859.3906256100163;7.6029911255659499147e-09;
2891192.7461826470681;8.0746325181735301157e-09;
2891526.1017396841198;7.4014896433993726532e-09;
2891859.4572967211716;8.0868556295854432392e-09;
2892192.8128537582234;8.2493549768969387515e-09;
2892526.1684107952751;8.3437985409773318679e-09;
2892859.5239678323269;8.0491968645901579293e-09;
2893192.8795248693787;8.134287021732689027e-09;
2893526.2350819064304;7.9393762675294965447e-09;
2893859.5906389434822;7.7351529625957482494e-09;
2894192.946195980534;7.8212227805352085852e-09;
2894526.3017530175857;8.1859363731950907095e-09;
2894859.6573100546375;8.2822877445209996949e-09;
2895193.0128670916893;8.2945330603934053215e-09;
2895526.368424128741;7.818448111152065394e-09;
2895859.7239811657928;7.8690600702202573302e-09;
2896193.0795382028446;8.1475874935676984023e-09;
2896526.4350952398963;8.9331217978383392619e-09;
2896859.7906522769481;8.2575173365739829023e-09;
2897193.1462093139999;8.1031092946659555309e-09;
2897526.5017663510516;7.6448047892085924104e-09;
2897859.8573233881034;7.8377837553489371203e-09;
2898193.2128804251552;7.7852941871014991193e-09;
2898526.5684374622069;8.231245018919253198e-09;
2898859.9239944992587;7.3381412057926809211e-09;
2899193.2795515363105;8.4466513783354457701e-09;
2899526.6351085733622;8.1754452097015928302e-09;
2899859.990665610414;8.18927325951790408e-09;
2900193.3462226474658;8.493850067736730125e-09;
2900526.7017796845175;8.0803372881632640201e-09;
2900860.0573367215693;8.1596338574740912009e-09;
2901193.4128937586211;7.8437061290514975553e-09;
2901526.7684507956728;8.1156459330600227986e-09;
2901860.1240078327246;8.277444507598374912e-09;
2902193.4795648697764;8.1476736468744093145e-09;
2902526.8351219068281;8.503225679135084647e-09;
2902860.1906789438799;7.502829468819527392e-09;
2903193.5462359809317;8.1963547060581731785e-09;
2903526.9017930179834;8.136102458422556083e-09;
2903860.2573500550352;8.4021198887285208912e-09;
2904193.612907092087;8.2752054098023108963e-09;
2904526.9684641291387;7.5633863616531016305e-09;
2904860.3240211661905;8.0898674426066463639e-09;
2905193.6795782032423;8.3484756885354727274e-09;
2905527.035135240294;8.0163173876712789934e-09;
2905860.3906922773458;7.835717852344714629e-09;
2906193.7462493143976;7.9296746946511120768e-09;
2906527.1018063514493;8.1124245099317704444e-09;
2906860.4573633885011;8.3229085845459849224e-09;
2907193.8129204255529;8.6058813408840251213e-09;
2907527.1684774626046;8.5603302224512844987e-09;
2907860.5240344996564;9.2625809244850643154e-09;
2908193.8795915367082;1.2342544764010199287e-08;
2908527.2351485737599;1.3630971906763988954e-08;
2908860.5907056108117;9.692276314865466702e-09;
2909193.9462626478635;8.7274356630473448604e-09;
2909527.3018196849152;7.7471478121537984407e-09;
2909860.657376721967;7.5685964162630625651e-09;
2910194.0129337590188;8.1546467356474749977e-09;
2910527.3684907960705;8.2496587339164761943e-09;
2910860.7240478331223;8.3304705356113117887e-09;
2911194.0796048701741;8.5489091361523605883e-09;
2911527.4351619072258;8.4983575732167082606e-09;
2911860.7907189442776;8.3137017270473734243e-09;
2912194.1462759813294;8.2779534338328630838e-09;
2912527.5018330183811;7.6925754655121636461e-09;
2912860.8573900554329;8.3860314248340728227e-09;
2913194.2129470924847;7.8284534410499873047e-09;
2913527.5685041295364;8.3075990531256138638e-09;
2913860.9240611665882;7.7966264555584530171e-09;
2914194.27961820364;8.2149931301955803065e-09;
2914527.6351752406918;8.2325897210466791876e-09;
2914860.9907322777435;7.6915078750516840955e-09;
2915194.3462893147953;7.7277375609696719039e-09;
2915527.7018463518471;8.3767117686761594086e-09;
2915861.0574033888988;8.2403168732980702771e-09;
2916194.4129604259506;7.9751334425282038865e-09;
2916527.7685174630024;7.9349558035346490215e-09;
2916861.1240745000541;7.8943012127297151892e-09;
2917194.4796315371059;8.0866282559100000071e-09;
2917527.8351885741577;8.6191960235737496987e-09;
2917861.1907456112094;1.1335131056000591343e-08;
2918194.5463026482612;1.1268698862920700776e-08;
2918527.901859685313;8.8353120375472826709e-09;
2918861.2574167223647;8.3458067123842738511e-09;
2919194.6129737594165;8.4488478435673641798e-09;
2919527.9685307964683;8.6071816340904661047e-09;
2919861.32408783352;8.5235658531246372149e-09;
2920194.6796448705718;8.2117326272168611467e-09;
2920528.0352019076236;7.5674266852843175002e-09;
2920861.3907589446753;7.5495538709446918801e-09;
2921194.7463159817271;8.1589313083441084018e-09;
2921528.1018730187789;7.652759315135426732e-09;
2921861.4574300558306;8.090251135683956818e-09;
2922194.8129870928824;7.9686772735954036762e-09;
2922528.1685441299342;7.6632797885167747154e-09;
2922861.5241011669859;8.3845588250142100151e-09;
2923194.8796582040377;7.9729201019063111744e-09;
2923528.2352152410895;8.0480937469928903738e-09;
2923861.5907722781412;8.0768884913595684338e-09;
2924194.946329315193;8.4412370426889538066e-09;
2924528.3018863522448;8.358983727418944909e-09;
2924861.6574433892965;8.0649362743656638486e-09;
2925195.0130004263483;7.7428614631003256363e-09;
2925528.3685574634001;7.9259834251388383564e-09;
2925861.7241145004518;7.6837425311282459006e-09;
2926195.0796715375036;7.9913453632229902723e-09;
2926528.4352285745554;8.0319217943269904936e-09;
2926861.7907856116071;7.9189970136894771713e-09;
2927195.1463426486589;8.0138953251207567519e-09;
2927528.5018996857107;8.3147826401841484767e-09;
2927861.8574567227624;8.1885973557405122847e-09;
2928195.2130137598142;8.5721882925327008707e-09;
2928528.568570796866;8.4763360774786633556e-09;
2928861.9241278339177;8.0244753064562246436e-09;
2929195.2796848709695;7.6689756767223116185e-09;
2929528.6352419080213;8.1595477041673802887e-09;
2929861.990798945073;8.7133731341282327776e-09;
2930195.3463559821248;1.1322136117541958811e-08;
2930528.7019130191766;1.2439847374423607107e-08;
2930862.0574700562283;9.7153742828481881588e-09;
2931195.4130270932801;8.2875128981640955317e-09;
2931528.7685841303319;8.3301490150233803433e-09;
2931862.1241411673836;8.1092901282886487024e-09;
2932195.4796982044354;7.9266246899578618468e-09;
2932528.8352552414872;7.8033819406186921697e-09;
2932862.1908122785389;8.3738571632352432061e-09;
2933195.5463693155907;8.1667614892921847058e-09;
2933528.9019263526425;8.4364932817493354378e-09;
2933862.2574833896942;8.1523836570340790786e-09;
2934195.613040426746;7.9335755742704350268e-09;
2934528.9685974637978;8.1570830090527124412e-09;
2934862.3241545008495;8.1317299560623723664e-09;
2935195.6797115379013;8.1182411904023865645e-09;
2935529.0352685749531;7.8554824867183015158e-09;
2935862.3908256120048;8.1765803017219695903e-09;
2936195.7463826490566;8.4862437077504182525e-09;
2936529.1019396861084;7.873802942981455999e-09;
2936862.4574967231601;7.7375590379347158887e-09;
2937195.8130537602119;8.2474853613234699878e-09;
2937529.1686107972637;8.2501374620846945618e-09;
2937862.5241678343154;7.9917530371176326298e-09;
2938195.8797248713672;8.2317654914731974714e-09;
2938529.235281908419;8.3193709699003193236e-09;
2938862.5908389454708;8.172946763806976378e-09;
2939195.9463959825225;7.6142052662930836959e-09;
2939529.3019530195743;7.9340916059322807996e-09;
2939862.6575100566261;7.9883699655169948528e-09;
2940196.0130670936778;7.922364098078560346e-09;
2940529.3686241307296;7.9367818983655524789e-09;
2940862.7241811677814;7.8891710941775272659e-09;
2941196.0797382048331;8.4504803155027730099e-09;
2941529.4352952418849;7.997257966962934006e-09;
2941862.7908522789367;8.0487447817745305656e-09;
2942196.1464093159884;8.0350552877916925354e-09;
2942529.5019663530402;8.086187719413828745e-09;
2942862.857523390092;7.7590511793346195191e-09;
2943196.2130804271437;7.6452746355926137767e-09;
2943529.5686374641955;7.9003772412988837459e-09;
2943862.9241945012473;7.9420123810791665164e-09;
2944196.279751538299;8.4365074926040506398e-09;
2944529.6353085753508;7.9934094898703733634e-09;
2944862.9908656124026;8.0320345929862924095e-09;
2945196.3464226494543;8.8912415208142192569e-09;
2945529.7019796865061;7.6426562856113378075e-09;
2945863.0575367235579;8.2273849955072364537e-09;
2946196.4130937606096;7.6472090881907206494e-09;
2946529.7686507976614;7.8670696623817093496e-09;
2946863.1242078347132;7.593460971122567571e-09;
2947196.4797648717649;8.1328730416885264276e-09;
2947529.8353219088167;7.9989304069272293418e-09;
2947863.1908789458685;7.1359580466889838135e-09;
2948196.5464359829202;7.5490103057518354035e-09;
2948529.901993019972;8.1074240654288587393e-09;
2948863.2575500570238;7.5478698846609404427e-09;
2949196.6131070940755;7.8514403867302462459e-09;
2949529.9686641311273;7.7911632700988775468e-09;
2949863.3242211681791;7.7981878732202858373e-09;
2950196.6797782052308;8.4978202252727896848e-09;
2950530.0353352422826;1.0496951752259064961e-08;
2950863.3908922793344;1.1234147834215946204e-08;
2951196.7464493163861;9.1200567098326246196e-09;
2951530.1020063534379;8.2632203302068774065e-09;
2951863.4575633904897;8.2575608573165482085e-09;
2952196.8131204275414;8.616077629142182559e-09;
2952530.1686774645932;8.7564764328362798551e-09;
2952863.524234501645;1.0079260093220909766e-08;
2953196.8797915386967;1.2472407995289813698e-08;
2953530.2353485757485;1.4215490118374418671e-08;
2953863.5909056128003;1.1379803765976248542e-08;
2954196.946462649852;8.837951703810631443e-09;
2954530.3020196869038;8.122507111352206266e-09;
2954863.6575767239556;8.4544300449351794668e-09;
2955197.0131337610073;8.8156841826503296033e-09;
2955530.3686907980591;7.8776070111530316353e-09;
2955863.7242478351109;7.650823086180480459e-09;
2956197.0798048721626;7.9552915366321030888e-09;
2956530.4353619092144;8.0870119489873104612e-09;
2956863.7909189462662;8.2760625019773215172e-09;
2957197.1464759833179;8.0013897729713789886e-09;
2957530.5020330203697;8.1629742965105833719e-09;
2957863.8575900574215;8.0758102427580524818e-09;
2958197.2131470944732;8.4169968772584979888e-09;
2958530.568704131525;7.6525443759578593017e-09;
2958863.9242611685768;8.4717060033767666027e-09;
2959197.2798182056285;8.6296649826067550748e-09;
2959530.6353752426803;8.2304927317977671919e-09;
2959863.9909322797321;8.2457907168986821489e-09;
2960197.3464893167838;8.7166185380738170352e-09;
2960530.7020463538356;8.1049886802020409959e-09;
2960864.0576033908874;7.983754102269813302e-09;
2961197.4131604279391;7.6684507632762688445e-09;
2961530.7687174649909;7.8453732399452746904e-09;
2961864.1242745020427;8.0440658578595503059e-09;
2962197.4798315390944;7.7685582411390896596e-09;
2962530.8353885761462;8.0146840275574504631e-09;
2962864.190945613198;7.929228829084422614e-09;
2963197.5465026502497;7.6127877335352422961e-09;
2963530.9020596873015;8.2986435501197775011e-09;
2963864.2576167243533;8.0455073714347236091e-09;
2964197.6131737614051;8.3082412061230570544e-09;
2964530.9687307984568;7.6426962536402243131e-09;
2964864.3242878355086;7.9569693056669166253e-09;
2965197.6798448725604;7.1553523106615557481e-09;
2965531.0354019096121;8.2506588228170585353e-09;
2965864.3909589466639;8.0376949540550413076e-09;
2966197.7465159837157;7.7906703310759439773e-09;
2966531.1020730207674;8.3402227346596191637e-09;
2966864.4576300578192;7.7763822048382280627e-09;
2967197.813187094871;8.1281017472178973549e-09;
2967531.1687441319227;7.7891240124472460593e-09;
2967864.5243011689745;8.0038500271939483355e-09;
2968197.8798582060263;8.2443705196055816486e-09;
2968531.235415243078;8.3066069578308088239e-09;
2968864.5909722801298;7.9105575423454865813e-09;
2969197.9465293171816;7.9527486818165016302e-09;
2969531.3020863542333;7.8482544907387818967e-09;
2969864.6576433912851;7.7969000145117206557e-09;
2970198.0132004283369;7.6867934239999158308e-09;
2970531.3687574653886;8.0489286347074084915e-09;
2970864.7243145024404;8.4816829115652581095e-09;
2971198.0798715394922;7.948335323249011708e-09;
2971531.4354285765439;8.215628177765665896e-09;
2971864.7909856135957;8.1586595257476801635e-09;
2972198.1465426506475;8.2704234571906454221e-09;
2972531.5020996876992;8.5947764461025144556e-09;
2972864.857656724751;1.0071223854879463033e-08;
2973198.2132137618028;1.0139944883746920823e-08;
2973531.5687707988545;8.1799136353311041603e-09;
2973864.9243278359063;7.5156512124863183999e-09;
2974198.2798848729581;7.6292012707313006104e-09;
2974531.6354419100098;7.8728064067945524585e-09;
2974864.9909989470616;8.1595334933126650867e-09;
2975198.3465559841134;8.3894207136836485006e-09;
2975531.7021130211651;7.9971034239179061842e-09;
2975865.0576700582169;7.9396409446985671821e-09;
2976198.4132270952687;8.1826296849385471432e-09;
2976531.7687841323204;7.5122983389519504271e-09;
2976865.1243411693722;7.7296515854641256738e-09;
2977198.479898206424;7.6858484021613548975e-09;
2977531.8354552434757;7.8479924781049703597e-09;
2977865.1910122805275;7.9833473165535906446e-09;
2978198.5465693175793;8.06983990742082824e-09;
2978531.902126354631;7.8822450788607056893e-09;
2978865.2576833916828;7.8486266374966362491e-09;
2979198.6132404287346;7.7306427925805110135e-09;
2979531.9687974657863;8.2276887525267738965e-09;
2979865.3243545028381;8.1273165974948824442e-09;
2980198.6799115398899;8.3695042008002928924e-09;
2980532.0354685769416;8.0593700602094031638e-09;
2980865.3910256139934;7.8778148449032414646e-09;
2981198.7465826510452;7.8874942133211334294e-09;
2981532.1021396880969;8.1135933527320958092e-09;
2981865.4576967251487;8.4361220231699007854e-09;
2982198.8132537622005;7.8722539598174989806e-09;
2982532.1688107992522;8.4831883739866498217e-09;
2982865.524367836304;8.5268156979623199732e-09;
2983198.8799248733558;7.7708506296403356828e-09;
2983532.2354819104075;7.8790609592260807403e-09;
2983865.5910389474593;7.8802511183084789081e-09;
2984198.9465959845111;8.4716162973563768901e-09;
2984532.3021530215628;9.4004928286040012608e-09;
2984865.6577100586146;9.035441728144633089e-09;
2985199.0132670956664;7.9145463516283598437e-09;
2985532.3688241327181;8.2329369988087819365e-09;
2985865.7243811697699;7.8480066889596855617e-09;
2986199.0799382068217;8.6459470693966977706e-09;
2986532.4354952438734;8.0446733718986251915e-09;
2986865.7910522809252;8.2361486519744175894e-09;
2987199.146609317977;8.2182127769669932604e-09;
2987532.5021663550287;8.0565394355858188646e-09;
2987865.8577233920805;8.0536946001075193635e-09;
2988199.2132804291323;7.9921740336885704892e-09;
2988532.568837466184;8.4623650309367803857e-09;
2988865.9243945032358;8.6096925144829583587e-09;
2989199.2799515402876;1.3465488279962301021e-08;
2989532.6355085773394;1.0210246870201444835e-08;
2989865.9910656143911;8.5425888585177744972e-09;
2990199.3466226514429;8.2117761479594264529e-09;
2990532.7021796884947;8.1038784571774158394e-09;
2990866.0577367255464;8.6481497518775540811e-09;
2991199.4132937625982;8.649092109180855914e-09;
2991532.76885079965;8.4353075635590357706e-09;
2991866.1244078367017;8.2597804151873788214e-09;
2992199.4799648737535;9.1415834901908965549e-09;
2992532.8355219108053;8.4008062728457844059e-09;
2992866.191078947857;7.9943083264311098901e-09;
2993199.5466359849088;8.7642177959423861466e-09;
2993532.9021930219606;7.994421125090411806e-09;
2993866.2577500590123;8.3214750645765889203e-09;
2994199.6133070960641;7.9872757297039242985e-09;
2994532.9688641331159;8.1106152904908412893e-09;
2994866.3244211701676;8.2998825590152591758e-09;
2995199.6799782072194;8.429381637142796535e-09;
2995533.0355352442712;7.9464781421734187461e-09;
2995866.3910922813229;8.2722255712042169762e-09;
2996199.7466493183747;1.1860014303977095551e-08;
2996533.1022063554265;8.3602165190654886828e-09;
2996866.4577633924782;8.4478823936251501436e-09;
2997199.81332042953;8.1385467254335708276e-09;
2997533.1688774665818;8.3128259831255491008e-09;
2997866.5244345036335;8.0145010628029922373e-09;
2998199.8799915406853;8.3856779298230321729e-09;
2998533.2355485777371;8.0874382746287665213e-09;
2998866.5911056147888;8.3881390722240212199e-09;
2999199.9466626518406;8.8230898143137892475e-09;
2999533.3022196888924;8.4748021933478412393e-09;
2999866.6577767259441;9.2801224482741417887e-09;
3000200.0133337629959;1.1773098940182080696e-08;
3000533.3688908000477;9.2182812494456811692e-09;
3000866.7244478370994;8.4781079934259651054e-09;
3001200.0800048741512;8.3619644541954585293e-09;
3001533.435561911203;8.1484179403901180194e-09;
3001866.7911189482547;7.969867432677801844e-09;
3002200.1466759853065;8.5598941268472117372e-09;
3002533.5022330223583;7.9486701665132386552e-09;
3002866.85779005941;8.318727928724456433e-09;
3003200.2133470964618;7.6766859535837284056e-09;
3003533.5689041335136;8.5227727097958450031e-09;
3003866.9244611705653;8.0444468864016016596e-09;
3004200.2800182076171;9.2348466651515082049e-09;
3004533.6355752446689;8.8635125905511813471e-09;
3004866.9911322817206;7.8908763967433515063e-09;
3005200.3466893187724;8.5168601060559012694e-09;
3005533.7022463558242;8.1021704900763324986e-09;
3005867.0578033928759;9.3047392013545504597e-09;
3006200.4133604299277;8.0870403706967408652e-09;
3006533.7689174669795;8.2510940302427115967e-09;
3006867.1244745040312;8.490807168470837496e-09;
3007200.480031541083;8.0086879350460549176e-09;
3007533.8355885781348;8.2607236606691003544e-09;
3007867.1911456151865;8.2386666377942674444e-09;
3008200.5467026522383;1.1081768391818513919e-08;
3008533.9022596892901;8.6839104795899402234e-09;
3008867.2578167263418;8.1987456823640059156e-09;
3009200.6133737633936;8.8550775600992892578e-09;
3009533.9689308004454;8.9905221045682992553e-09;
3009867.3244878374971;8.4598532623658684315e-09;
3010200.6800448745489;8.3108835369216649269e-09;
3010534.0356019116007;8.3496347613731813908e-09;
3010867.3911589486524;8.3333979716826434014e-09;
3011200.7467159857042;8.1014732700168679003e-09;
3011534.102273022756;7.5886328332330776902e-09;
3011867.4578300598077;7.7924635633053185302e-09;
3012200.8133870968595;8.2046671678881466505e-09;
3012534.1689441339113;8.4647737708110071253e-09;
3012867.524501170963;8.2272402224248253333e-09;
3013200.8800582080148;8.4828606361497804755e-09;
3013534.2356152450666;8.4698008606665098341e-09;
3013867.5911722821184;9.3631298270224760927e-09;
3014200.9467293191701;8.3421127783367410302e-09;
3014534.3022863562219;8.1418933817190008995e-09;
3014867.6578433932737;8.3254816374278561852e-09;
3015201.0134004303254;8.4007476530700841977e-09;
3015534.3689574673772;9.1166452165225564386e-09;
3015867.724514504429;8.1301587684379228449e-09;
3016201.0800715414807;9.62006296845174802e-09;
3016534.4356285785325;7.7931341380121921247e-09;
3016867.7911856155843;8.1853901434669751325e-09;
3017201.146742652636;8.4664986133020647685e-09;
3017534.5022996896878;8.0408728564407283557e-09;
3017867.8578567267396;8.1952888919545330282e-09;
3018201.2134137637913;8.3029743080942353117e-09;
3018534.5689708008431;8.1289446285381927737e-09;
3018867.9245278378949;8.1614111024919111514e-09;
3019201.2800848749466;9.1537799562502186745e-09;
3019534.6356419119984;9.1229734877629198309e-09;
3019867.9911989490502;8.629574388407945662e-09;
3020201.3467559861019;8.251571870232510264e-09;
3020534.7023130231537;7.9525532825641676027e-09;
3020868.0578700602055;7.7714794599614833714e-09;
3021201.4134270972572;8.4257250065888911195e-09;
3021534.768984134309;7.9978201839026041853e-09;
3021868.1245411713608;7.8893238608657156874e-09;
3022201.4800982084125;8.1567819165684340987e-09;
3022534.8356552454643;7.9454176571402967966e-09;
3022868.1912122825161;8.1222495396104932297e-09;
3023201.5467693195678;8.8831697553359845188e-09;
3023534.9023263566196;9.5126102550580071693e-09;
3023868.2578833936714;9.5933314625540333509e-09;
3024201.6134404307231;9.2719742994518128398e-09;
3024534.9689974677749;9.7601251525247789687e-09;
3024868.3245545048267;1.3461585623986138671e-08;
3025201.6801115418784;8.6743812133249775798e-09;
3025535.0356685789302;8.0831767945710453205e-09;
3025868.391225615982;8.0684507963724172441e-09;
3026201.7467826530337;8.5724449760959942068e-09;
3026535.1023396900855;7.798036882888936816e-09;
3026868.4578967271373;8.1182127686929561605e-09;
3027201.813453764189;7.5565331769666954642e-09;
3027535.1690108012408;8.1520115102762247261e-09;
3027868.5245678382926;8.1218072267574825673e-09;
3028201.8801248753443;7.9901241178959026001e-09;
3028535.2356819123961;8.2930764477850971161e-09;
3028868.5912389494479;8.1066264812079680269e-09;
3029201.9467959864996;7.598077722548168822e-09;
3029535.3023530235514;8.1080795411025974317e-09;
3029868.6579100606032;8.3776239279131914373e-09;
3030202.0134670976549;8.1296729348423468764e-09;
3030535.3690241347067;8.2630462472366161819e-09;
3030868.7245811717585;8.3233322456521818822e-09;
3031202.0801382088102;7.9374933292797322792e-09;
3031535.435695245862;7.6100601376083432115e-09;
3031868.7912522829138;7.8394633007405900571e-09;
3032202.1468093199655;8.1440099108931462979e-09;
3032535.5023663570173;7.758738540530885075e-09;
3032868.8579233940691;7.8118445046015949629e-09;
3033202.2134804311208;8.0074080699432670372e-09;
3033535.5690374681726;7.6576007757012121147e-09;
3033868.9245945052244;7.7685715638153851614e-09;
3034202.2801515422761;7.9613311498860639404e-09;
3034535.6357085793279;8.2645561505501063948e-09;
3034868.9912656163797;8.3653590721155524079e-09;
3035202.3468226534314;7.6716712982261014986e-09;
3035535.7023796904832;8.050101918399832357e-09;
3035869.057936727535;7.7353430327775640762e-09;
3036202.4134937645867;7.7227699790682891035e-09;
3036535.7690508016385;8.0803941315821248281e-09;
3036869.1246078386903;7.9906294914167119714e-09;
3037202.480164875742;8.3084747970474381873e-09;
3037535.8357219127938;9.6473273814012827643e-09;
3037869.1912789498456;9.3039709270215098513e-09;
3038202.5468359868973;8.1019706499318999704e-09;
3038535.9023930239491;8.0586621820089021639e-09;
3038869.2579500610009;8.3439894993375673948e-09;
3039202.6135070980527;8.1640498805768402235e-09;
3039535.9690641351044;7.7788682162349687133e-09;
3039869.3246211721562;8.2363795783635396219e-09;
3040202.680178209208;8.198039580520344316e-09;
3040536.0357352462597;8.2217788133220892632e-09;
3040869.3912922833115;7.8164159589277915074e-09;
3041202.7468493203633;7.7883850480020555551e-09;
3041536.102406357415;7.7719022328892606311e-09;
3041869.4579633944668;7.754908715185138135e-09;
3042202.8135204315186;7.8047941443060153688e-09;
3042536.1690774685703;8.0090263310239606653e-09;
3042869.5246345056221;7.7904109829773915408e-09;
3043202.8801915426739;7.8605069120385451242e-09;
3043536.2357485797256;8.3412636797675077105e-09;
3043869.5913056167774;8.693893605027369631e-09;
3044202.9468626538292;8.1390760797717121022e-09;
3044536.3024196908809;7.6975501528409040475e-09;
3044869.6579767279327;7.3955628288047137175e-09;
3045203.0135337649845;8.466573220289319579e-09;
3045536.3690908020362;8.0169506588845251827e-09;
3045869.724647839088;7.8643473955253284657e-09;
3046203.0802048761398;7.7434743062099187227e-09;
3046536.4357619131915;7.6544131033529083652e-09;
3046869.7913189502433;7.7933810516128687595e-09;
3047203.1468759872951;8.3310558451898941712e-09;
3047536.5024330243468;7.9173831935008820437e-09;
3047869.8579900613986;7.7436776990680300514e-09;
3048203.2135470984504;8.135173423795549752e-09;
3048536.5691041355021;7.9105433314907713793e-09;
3048869.9246611725539;7.8457045304958228371e-09;
3049203.2802182096057;7.8289623672844754765e-09;
3049536.6357752466574;7.9354016691013384843e-09;
3049869.9913322837092;7.8804447412039735354e-09;
3050203.346889320761;7.9034032651748020726e-09;
3050536.7024463578127;8.1306010812909335073e-09;
3050870.0580033948645;7.8618196397428619093e-09;
3051203.4135604319163;7.8556201543733550352e-09;
3051536.769117468968;7.773008015021787287e-09;
3051870.1246745060198;7.9124475860226084478e-09;
3052203.4802315430716;7.9623108106829931785e-09;
3052536.8357885801233;8.2234112852574980934e-09;
3052870.1913456171751;7.8051778373833258229e-09;
3053203.5469026542269;8.5556095541505783331e-09;
3053536.9024596912786;7.7927237995822906669e-09;
3053870.2580167283304;8.0610549346715743013e-09;
3054203.6135737653822;7.8939956793533383461e-09;
3054536.9691308024339;8.0046236305975071446e-09;
3054870.3246878394857;7.5625887774322109181e-09;
3055203.6802448765375;7.7773103512868146936e-09;
3055537.0358019135892;7.7683806054551496345e-09;
3055870.391358950641;7.595929218950914219e-09;
3056203.7469159876928;7.9960500443121418357e-09;
3056537.1024730247445;7.8859292429456218088e-09;
3056870.4580300617963;7.8840312056627226411e-09;
3057203.8135870988481;7.7837896128585271072e-09;
3057537.1691441358998;7.8096631384028114553e-09;
3057870.5247011729516;7.9283370979510436882e-09;
3058203.8802582100034;8.0833757465370581485e-09;
3058537.2358152470551;7.9433517541360743053e-09;
3058870.5913722841069;7.6994837172605912201e-09;
3059203.9469293211587;7.8424662319775961805e-09;
3059537.3024863582104;8.2272402224248253333e-09;
3059870.6580433952622;8.370444781746755325e-09;
3060204.013600432314;1.014630601758881312e-08;
3060537.3691574693657;1.093468160462407468e-08;
3060870.7247145064175;8.6274516419848623627e-09;
3061204.0802715434693;7.9245632278457378561e-09;
3061537.435828580521;8.0178947925446664158e-09;
3061870.7913856175728;8.0661832768669228244e-09;
3062204.1469426546246;8.665212547498413187e-09;
3062537.5024996916763;7.9288664522891849629e-09;
3062870.8580567287281;8.3190636601671030803e-09;
3063204.2136137657799;8.0268725000109952816e-09;
3063537.5691708028316;8.4363147578869757126e-09;
3063870.9247278398834;7.7971336054361017887e-09;
3064204.2802848769352;7.8216082499693584396e-09;
3064537.635841913987;8.0622024611898268631e-09;
3064870.9913989510387;7.7782535967685362266e-09;
3065204.3469559880905;7.6964274953184030892e-09;
3065537.7025130251423;8.315104160772079922e-09;
3065871.058070062194;8.2031537118609776371e-09;
3066204.4136270992458;7.9286017751201143255e-09;
3066537.7691841362976;8.0273796498886440531e-09;
3066871.1247411733493;7.5270012445116663002e-09;
3067204.4802982104011;7.8113089330145157874e-09;
3067537.8358552474529;7.7073192272791857249e-09;
3067871.1914122845046;7.8303790118638971762e-09;
3068204.5469693215564;7.4871735478154732846e-09;
3068537.9025263586082;7.8768183087163379241e-09;
3068871.2580833956599;7.4561707918974207132e-09;
3069204.6136404327117;8.1324582623665264691e-09;
3069537.9691974697635;8.951611896179656469e-09;
3069871.3247545068152;8.8673441922537676874e-09;
3070204.680311543867;8.3500450998030828487e-09;
3070538.0358685809188;8.5553244488778545929e-09;
3070871.3914256179705;7.8487509824753942667e-09;
3071204.7469826550223;7.7757533745170803741e-09;
3071538.1025396920741;8.3350819579663948389e-09;
3071871.4580967291258;7.3585506576989700989e-09;
3072204.8136537661776;7.5522859077636894654e-09;
3072538.1692108032294;8.1816953212410226115e-09;
3072871.5247678402811;8.0209661135199894488e-09;
3073204.8803248773329;8.0079285424972113105e-09;
3073538.2358819143847;7.8815389770170440897e-09;
3073871.5914389514364;8.1316438027556614543e-09;
3074204.9469959884882;7.8885475929268977779e-09;
3074538.30255302554;7.9576958356142313278e-09;
3074871.6581100625917;7.8665163272262361716e-09;
3075205.0136670996435;7.9859150403649437067e-09;
3075538.3692241366953;7.9092510318901076971e-09;
3075871.724781173747;7.9316384571370690537e-09;
3076205.0803382107988;7.6459993891830890789e-09;
3076538.4358952478506;7.8969497607772609626e-09;
3076871.7914522849023;8.1572837373755646695e-09;
3077205.1470093219541;7.7866619818678373122e-09;
3077538.5025663590059;7.9685236187287955545e-09;
3077871.8581233960576;7.9656539142547444499e-09;
3078205.2136804331094;8.0528037571525601379e-09;
3078538.5692374701612;8.100918158504555322e-09;
3078871.9247945072129;7.5900867813061267952e-09;
3079205.2803515442647;7.9484046011657483177e-09;
3079538.6359085813165;7.8517992108118050965e-09;
3079871.9914656183682;7.9257613805339133251e-09;
3080205.34702265542;8.4367748343083803775e-09;
3080538.7025796924718;8.2129734124691822217e-09;
3080872.0581367295235;7.767766874167136848e-09;
3081205.4136937665753;7.9361406335465289885e-09;
3081538.7692508036271;7.9794642005026616971e-09;
3081872.1248078406788;8.2380440247220576566e-09;
3082205.4803648777306;7.9071256209317652974e-09;
3082538.8359219147824;7.5631598761560780986e-09;
3082872.1914789518341;8.12253553306163667e-09;
3083205.5470359888859;8.1603364066040739999e-09;
3083538.9025930259377;7.840426974325964693e-09;
3083872.2581500629894;8.1477304902932701225e-09;
3084205.6137071000412;7.7924227070980123244e-09;
3084538.969264137093;8.2365971820763661526e-09;
3084872.3248211741447;7.7473520931903294695e-09;
3085205.6803782111965;7.8701098971123428782e-09;
3085539.0359352482483;8.2055464645236497745e-09;
3085872.3914922853;7.9768431859861266275e-09;
3086205.7470493223518;7.8633526356952643255e-09;
3086539.1026063594036;8.1565527665361514664e-09;
3086872.4581633964553;8.1056583667304948904e-09;
3087205.8137204335071;7.8200281805607119168e-09;
3087539.1692774705589;7.8759612165413273033e-09;
3087872.5248345076106;9.3730863071073144965e-09;
3088205.8803915446624;1.0371174141710071126e-08;
3088539.2359485817142;8.8941467524250583665e-09;
3088872.591505618766;8.185188526965703204e-09;
3089205.9470626558177;7.9199011793207318988e-09;
3089539.3026196928695;7.9660464891162519052e-09;
3089872.6581767299213;8.1367597104531341756e-09;
3090206.013733766973;8.0836173310672165826e-09;
3090539.3692908040248;7.8328694641527363274e-09;
3090872.7248478410766;8.1713391608673191513e-09;
3091206.0804048781283;7.9336039959798654309e-09;
3091539.4359619151801;8.2735622797258656647e-09;
3091872.7915189522319;8.0294251247892134415e-09;
3092206.1470759892836;8.0897395449142095458e-09;
3092539.5026330263354;7.7751387550506478874e-09;
3092872.8581900633872;7.904612076004013943e-09;
3093206.2137471004389;8.2029520953597057087e-09;
3093539.5693041374907;8.6459470693966977706e-09;
3093872.9248611745425;8.8760563343726062158e-09;
3094206.2804182115942;8.7600309228719197563e-09;
3094539.635975248646;8.1809048424474895e-09;
3094872.9915322856978;8.0162472215761226835e-09;
3095206.3470893227495;8.3174418463727306516e-09;
3095539.7026463598013;8.4723010829179656866e-09;
3095873.0582033968531;9.9492716287841176381e-09;
3096206.4137604339048;9.4255945271015662001e-09;
3096539.7693174709566;8.1378601635151426308e-09;
3096873.1248745080084;8.3519964277911640238e-09;
3097206.4804315450601;7.804739077243993961e-09;
3097539.8359885821119;8.0334743302046263125e-09;
3097873.1915456191637;8.5024494111962667375e-09;
3098206.5471026562154;7.8497439659486190067e-09;
3098539.9026596932672;8.0194579865633386362e-09;
3098873.258216730319;7.786675304544132814e-09;
3099206.6137737673707;7.7414066268488568312e-09;
3099539.9693308044225;7.8523640922867343761e-09;
3099873.3248878414743;7.8872730568946280982e-09;
3100206.680444878526;8.243444149513834418e-09;
3100540.0360019155778;8.5576239428064582171e-09;
3100873.3915589526296;7.7564212830338874483e-09;
3101206.7471159896813;7.6167738782828564581e-09;
3101540.1026730267331;7.8749788912091389648e-09;
3101873.4582300637849;8.3602023082107734808e-09;
3102206.8137871008366;9.4327674560190644115e-09;
3102540.1693441378884;8.7772988877077295911e-09;
3102873.5249011749402;7.9324191659679854638e-09;
3103206.8804582119919;8.201727297318939236e-09;
3103540.2360152490437;8.1241049443292467913e-09;
3103873.5915722860955;7.7475013071648390905e-09;
3104206.9471293231472;8.3149291896233989974e-09;
3104540.302686360199;8.4463840366311160324e-09;
3104873.6582433972508;8.9672562708642544749e-09;
3105207.0138004343025;8.4148084056323568802e-09;
3105540.3693574713543;7.8264319469667498197e-09;
3105873.7249145084061;7.90558374319516588e-09;
3106207.0804715454578;7.1879200369551199401e-09;
3106540.4360285825096;8.0886879416652845975e-09;
3106873.7915856195614;7.8907929079718996945e-09;
3107207.1471426566131;8.135258688923840964e-09;
3107540.5026996936649;7.9361406335465289885e-09;
3107873.8582567307167;7.8963262595266314747e-09;
3108207.2138137677684;7.6557977735092208604e-09;
3108540.5693708048202;7.9531394803211696853e-09;
3108873.924927841872;8.2446023341731233813e-09;
3109207.2804848789237;8.2909927812124806223e-09;
3109540.6360419159755;8.1830613396505214041e-09;
3109873.9915989530273;8.1220790093539108057e-09;
3110207.347155990079;8.428360231960141391e-09;
3110540.7027130271308;8.1189970302375513711e-09;
3110874.0582700641826;8.5270857042019088112e-09;
3111207.4138271012343;8.3689748464621516177e-09;
3111540.7693841382861;8.2132185497130194562e-09;
3111874.1249411753379;9.1236307397934979235e-09;
3112207.4804982123896;8.7099598644613251963e-09;
3112540.8360552494414;8.6645428609699592926e-09;
3112874.1916122864932;8.2247693100612195849e-09;
3113207.5471693235449;8.5599998200791560521e-09;
3113540.9027263605967;8.5785458736609143671e-09;
3113874.2582833976485;7.9906721239808575774e-09;
3114207.6138404347003;8.5081870437875295465e-09;
3114540.969397471752;8.2445739124636929773e-09;
3114874.3249545088038;8.4967899383059375396e-09;
3115207.6805115458556;8.6675111532485971111e-09;
3115541.0360685829073;8.2460944739182195917e-09;
3115874.3916256199591;8.1884676816912360664e-09;
3116207.7471826570109;8.6365350426831355435e-09;
3116541.1027396940626;8.5927540638408572704e-09;
3116874.4582967311144;8.3852214061153063085e-09;
3117207.8138537681662;8.7780698265760292998e-09;
3117541.1694108052179;8.5988993703267624369e-09;
3117874.5249678422697;8.4713640546851820545e-09;
3118207.8805248793215;9.0248928330538547016e-09;
3118541.2360819163732;8.0613098418780282373e-09;
3118874.591638953425;8.0711863859050936298e-09;
3119207.9471959904768;8.7137710380602584337e-09;
3119541.3027530275285;8.643411320008453913e-09;
3119874.6583100645803;8.3836599884534734883e-09;
3120208.0138671016321;8.7533393866578990128e-09;
3120541.3694241386838;8.7782545676873269258e-09;
3120874.7249811757356;8.5818019357475350262e-09;
3121208.0805382127874;8.1656565953380777501e-09;
3121541.4360952498391;8.3013551588351219834e-09;
3121874.7916522868909;8.24133028487494812e-09;
3122208.1472093239427;8.5394677995509482571e-09;
3122541.5027663609944;8.4277536060994862055e-09;
3122874.8583233980462;8.0937345714460207091e-09;
3123208.213880435098;8.5137044081307067245e-09;
3123541.5694374721497;8.2635542852926846535e-09;
3123874.9249945092015;8.5244797887185086438e-09;
3124208.2805515462533;8.2512823240676880232e-09;
3124541.636108583305;8.5439246788610034855e-09;
3124874.9916656203568;8.1078512792487344996e-09;
3125208.3472226574086;8.5736191479668377724e-09;
3125541.7027796944603;8.4436688752020927495e-09;
3125875.0583367315121;8.5772802194128416886e-09;
3126208.4138937685639;8.3287439167634147452e-09;
3126541.7694508056156;8.453197253288635693e-09;
3126875.1250078426674;8.0825381942872809304e-09;
3127208.4805648797192;8.2995761374604626326e-09;
3127541.8361219167709;8.4518312348791369004e-09;
3127875.1916789538227;8.1072251134628459113e-09;
3128208.5472359908745;8.4852302961735404097e-09;
3128541.9027930279262;7.8986701623762201052e-09;
3128875.258350064978;8.2047106886307119566e-09;
3129208.6139071020298;8.733156420248633367e-09;
3129541.9694641390815;8.1969595555619889637e-09;
3129875.3250211761333;8.1714253141740300634e-09;
3130208.6805782131851;7.8868991337799343455e-09;
3130542.0361352502368;7.5504420493643920054e-09;
3130875.3916922872886;8.456806810386297002e-09;
3131208.7472493243404;8.7357037159563333262e-09;
3131542.1028063613921;9.5086001294930611039e-09;
3131875.4583633984439;8.7843332607917545829e-09;
3132208.8139204354957;8.2149931301955803065e-09;
3132542.1694774725474;8.5666487237290311896e-09;
3132875.5250345095992;8.0679685154905200761e-09;
3133208.880591546651;7.7610824433804737055e-09;
3133542.2361485837027;7.3824395485644345172e-09;
3133875.5917056207545;8.330777845344528032e-09;
3134208.9472626578063;8.2533260226114180114e-09;
3134542.302819694858;7.8077562193357152864e-09;
3134875.6583767319098;7.7552906319056091888e-09;
3135209.0139337689616;8.3007574147586637991e-09;
3135542.3694908060133;8.0724769091489179118e-09;
3135875.7250478430651;8.0122903867163586256e-09;
3136209.0806048801169;8.1441964283612833242e-09;
3136542.4361619171686;8.588346922522305249e-09;
3136875.7917189542204;8.0105460043000675796e-09;
3137209.1472759912722;8.0923978629243720206e-09;
3137542.5028330283239;7.9364195215703148278e-09;
3137875.8583900653757;8.3493114644284105452e-09;
3138209.2139471024275;8.2115887423128697264e-09;
3138542.5695041394792;8.0441644456641370198e-09;
3138875.925061176531;7.3291746005565983069e-09;
3139209.2806182135828;8.1063555867899594887e-09;
3139542.6361752506346;9.3574898940573802975e-09;
3139875.9917322876863;9.1362206688927471987e-09;
3140209.3472893247381;8.5460110099688790797e-09;
3140542.7028463617899;8.078804292210861604e-09;
3140876.0584033988416;8.2105495735618205799e-09;
3141209.4139604358934;7.886427511039073579e-09;
3141542.7695174729452;7.9122530749486941204e-09;
3141876.1250745099969;7.6690032102533223224e-09;
3142209.4806315470487;7.3179560189373660251e-09;
3142542.8361885841005;7.7837620793275164033e-09;
3142876.1917456211522;7.8716730911310150987e-09;
3143209.547302658204;8.1067828006098352489e-09;
3143542.9028596952558;7.8192581298708319082e-09;
3143876.2584167323075;8.3404865236502701009e-09;
3144209.6139737693593;7.8668067615694781125e-09;
3144542.9695308064111;8.2809785695303617103e-09;
3144876.3250878434628;7.7333597303663736966e-09;
3145209.6806448805146;8.0268725000109952816e-09;
3145543.0362019175664;8.1701330145733663812e-09;
3145876.3917589546181;7.4702128927128796931e-09;
3146209.7473159916699;7.9517290529906858865e-09;
3146543.1028730287217;7.8945783243966616283e-09;
3146876.4584300657734;7.6080546307366603287e-09;
3147209.8139871028252;8.2296693904027051758e-09;
3147543.169544139877;8.2743332185941653734e-09;
3147876.5251011769287;8.0974036364978019265e-09;
3148209.8806582139805;8.287905473025602987e-09;
3148543.2362152510323;8.1477020685838397185e-09;
3148876.591772288084;8.3550926177622386604e-09;
3149209.9473293251358;8.0228543808402719151e-09;
3149543.3028863621876;8.0205007080280665832e-09;
3149876.6584433992393;8.2907458676118039875e-09;
3150210.0140004362911;8.0194721974180538382e-09;
3150543.3695574733429;7.644978872178853635e-09;
3150876.7251145103946;8.4549647283438389422e-09;
3151210.0806715474464;7.8628001887182108476e-09;
3151543.4362285844982;8.3568547637469237088e-09;
3151876.7917856215499;8.0043980332789033127e-09;
3152210.1473426586017;7.8037656336960026238e-09;
3152543.5028996956535;8.1622291148164549668e-09;
3152876.8584567327052;8.2147622038064582739e-09;
3153210.214013769757;8.2478619489734228409e-09;
3153543.5695708068088;7.889753739220850548e-09;
3153876.9251278438605;7.7065074322035798104e-09;
3154210.2806848809123;7.6836341733610424853e-09;
3154543.6362419179641;7.8862756325293048576e-09;
3154876.9917989550158;7.6593362763333061594e-09;
3155210.3473559920676;7.9222672866308130324e-09;
3155543.7029130291194;8.3476843215635199158e-09;
3155877.0584700661711;7.7486044247621066461e-09;
3156210.4140271032229;8.6332585524928617815e-09;
3156543.7695841402747;1.1923606102470785117e-08;
3156877.1251411773264;1.1408246791688725352e-08;
3157210.4806982143782;8.6974072388557033264e-09;
3157543.83625525143;7.9305237932203453965e-09;
3157877.1918122884817;7.5947150790511841478e-09;
3158210.5473693255335;8.2085307440138421953e-09;
3158543.9029263625853;7.7654602748111756227e-09;
3158877.258483399637;8.1024120746064909326e-09;
3159210.6140404366888;7.9158120058764325222e-09;
3159543.9695974737406;8.6095406359731896373e-09;
3159877.3251545107923;8.0319075834722752916e-09;
3160210.6807115478441;7.6277411054093136045e-09;
3160544.0362685848959;8.440807164333818946e-09;
3160877.3918256219476;8.0769453347784292419e-09;
3161210.7473826589994;7.8535924430411796493e-09;
3161544.1029396960512;8.0760234055787805119e-09;
3161877.4584967331029;8.0333473206906091946e-09;
3162210.8140537701547;8.0752000641837184958e-09;
3162544.1696108072065;8.0491826537354427273e-09;
3162877.5251678442582;8.1532718354537792038e-09;
3163210.88072488131;7.8770128197902522516e-09;
3163544.2362819183618;7.7834751976979532628e-09;
3163877.5918389554136;7.8646786860758766124e-09;
3164210.9473959924653;8.5733482535488292342e-09;
3164544.3029530295171;8.4808933209501446981e-09;
3164877.6585100665689;8.2356859110177538241e-09;
3165211.0140671036206;8.1197244483632857737e-09;
3165544.3696241406724;8.8741698434091631498e-09;
3165877.7251811777242;8.3708124876125111768e-09;
3166211.0807382147759;7.939264357048614329e-09;
3166544.4362952518277;8.8037213075153886166e-09;
3166877.7918522888795;1.0800262018051398627e-08;
3167211.1474093259312;1.009829464493350315e-08;
3167544.502966362983;8.0488717912885476835e-09;
3167877.8585234000348;8.4412814516099388129e-09;
3168211.2140804370865;7.7427397826568267192e-09;
3168544.5696374741383;7.8574426964905796922e-09;
3168877.9251945111901;7.8040809370349961682e-09;
3169211.2807515482418;7.6573316576400429767e-09;
3169544.6363085852936;8.1494917480995354708e-09;
3169877.9918656223454;7.8759745392176228052e-09;
3170211.3474226593971;8.2090210185015166644e-09;
3170544.7029796964489;7.9527069374307757244e-09;
3170878.0585367335007;8.0321758133550247294e-09;
3171211.4140937705524;7.964087167522393429e-09;
3171544.7696508076042;7.7459096914367364661e-09;
3171878.125207844656;7.6592421294208179461e-09;
3172211.4807648817077;8.1256184003564158047e-09;
3172544.8363219187595;8.0770590216161508579e-09;
3172878.1918789558113;7.8256761071315850131e-09;
3173211.547435992863;8.0045667871786463365e-09;
3173544.9029930299148;7.8846964512990780349e-09;
3173878.2585500669666;8.078464119876116456e-09;
3174211.6141071040183;8.0581807893054246961e-09;
3174544.9696641410701;7.9239512729145644698e-09;
3174878.3252211781219;8.2805566847810041509e-09;
3175211.6807782151736;8.0248279132888455933e-09;
3175545.0363352522254;8.0906490396159824741e-09;
3175878.3918922892772;8.0891853215803166677e-09;
3176211.7474493263289;7.70657493376347702e-09;
3176545.1030063633807;7.8842390394129324704e-09;
3176878.4585634004325;7.5789605702425433265e-09;
3177211.8141204374842;8.116173511041324673e-09;
3177545.169677474536;7.7637558604237710824e-09;
3177878.5252345115878;7.7819848343096964527e-09;
3178211.8807915486395;8.2297120229668507818e-09;
3178545.2363485856913;7.7772153161959067802e-09;
3178878.5919056227431;7.7829414024677134876e-09;
3179211.9474626597948;8.0005744251820942736e-09;
3179545.3030196968466;7.4885289080839356757e-09;
3179878.6585767338984;8.1995370493359587272e-09;
3180212.0141337709501;7.5571833235699159559e-09;
3180545.3696908080019;8.1873459123471548082e-09;
3180878.7252478450537;7.7922717167666633031e-09;
3181212.0808048821054;7.7530017961180419661e-09;
3181545.4363619191572;7.9591915280730063387e-09;
3181878.791918956209;7.9996329560572121409e-09;
3182212.1474759932607;7.5002200006224484241e-09;
3182545.5030330303125;7.8074133824657110381e-09;
3182878.8585900673643;8.0137265712210137281e-09;
3183212.214147104416;7.8729032182422997721e-09;
3183545.5697041414678;7.9336599512203065387e-09;
3183878.9252611785196;7.897810405665950384e-09;
3184212.2808182155713;7.9913879957871358783e-09;
3184545.6363752526231;8.1158741949138857308e-09;
3184878.9919322896749;8.1284881048304669093e-09;
3185212.3474893267266;7.7911082030368561391e-09;
3185545.7030463637784;7.4804162863983947318e-09;
3185879.0586034008302;7.8184347884757698921e-09;
3186212.4141604378819;7.8727513397325310507e-09;
3186545.7697174749337;7.866157503144677321e-09;
3186879.1252745119855;7.8709678774657731992e-09;
3187212.4808315490372;7.8532060854286100948e-09;
3187545.836388586089;7.6142052662930836959e-09;
3187879.1919456231408;8.3091027391901661758e-09;
3188212.5475026601925;7.9148527731831563869e-09;
3188545.9030596972443;8.1906401661058225727e-09;
3188879.2586167342961;7.7974071643893694272e-09;
3189212.6141737713479;8.1074382762835739413e-09;
3189545.9697308083996;7.9449149481547465257e-09;
3189879.3252878454514;7.7676842735741047363e-09;
3190212.6808448825032;7.9109323536386000342e-09;
3190546.0364019195549;7.382374711539796408e-09;
3190879.3919589566067;7.712873006937570608e-09;
3191212.7475159936585;7.8102386780187771365e-09;
3191546.1030730307102;7.9008497522181642125e-09;
3191879.458630067762;7.8205495412930758903e-09;
3192212.8141871048138;7.6312787200549792033e-09;
3192546.1697441418655;7.5374684271878322761e-09;
3192879.5253011789173;7.9450686030213546474e-09;
3193212.8808582159691;7.9685236187287955545e-09;
3193546.2364152530208;7.9154780507906252751e-09;
3193879.5919722900726;7.8799464731105217652e-09;
3194212.9475293271244;7.844505489629227668e-09;
3194546.3030863641761;7.8658803914777308819e-09;
3194879.6586434012279;7.3622876683998583758e-09;
3195213.0142004382797;8.2240472210060033831e-09;
3195546.3697574753314;7.9792537022171927674e-09;
3195879.7253145123832;8.1435240772975703294e-09;
3196213.080871549435;7.6529742543129941623e-09;
3196546.4364285864867;7.8680093551497520821e-09;
3196879.7919856235385;8.0226572052310984873e-09;
3197213.1475426605903;8.0077313668880378827e-09;
3197546.503099697642;8.1508515492600963626e-09;
3197879.8586567346938;7.8100059752728157036e-09;
3198213.2142137717456;7.9909803218924935209e-09;
3198546.5697708087973;6.957875164914639754e-09;
3198879.9253278458491;8.0657578394038864644e-09;
3199213.2808848829009;8.1617557157187548e-09;
3199546.6364419199526;8.3415852003554391558e-09;
3199879.9919989570044;8.0644406708074711787e-09;
3200213.3475559940562;8.2058493333647675172e-09;
3200546.7031130311079;7.8047523999202894629e-09;
3200880.0586700681597;7.9261930352458875859e-09;
3201213.4142271052115;7.8971584827058904921e-09;
3201546.7697841422632;7.5893931139603409974e-09;
3201880.125341179315;7.7365669426399108488e-09;
3202213.4808982163668;7.8958546367857707082e-09;
3202546.8364552534185;8.9533731539859218174e-09;
3202880.1920122904703;9.2529530704155149579e-09;
3203213.5475693275221;8.0893558518368990917e-09;
3203546.9031263645738;7.794668022143014241e-09;
3203880.2586834016256;7.6258110937033052323e-09;
3204213.6142404386774;7.9311233136536429811e-09;
3204546.9697974757291;7.9240765060717421875e-09;
3204880.3253545127809;8.0068449648251771578e-09;
3205213.6809115498327;7.7110167140403973463e-09;
3205547.0364685868844;8.2205655616007788922e-09;
3205880.3920256239362;7.7235569051481434144e-09;
3206213.747582660988;7.9441750955311363214e-09;
3206547.1031396980397;7.8664612601642147638e-09;
3206880.4586967350915;7.7695956335332994058e-09;
3207213.8142537721433;8.4227060881403303938e-09;
3207547.169810809195;8.1128099793659202987e-09;
3207880.5253678462468;7.7860189406919744215e-09;
3208213.8809248832986;7.8085102828140406928e-09;
3208547.2364819203503;7.736022489268634672e-09;
3208880.5920389574021;8.2553999192214178038e-09;
3209213.9475959944539;9.5614316464320836531e-09;
3209547.3031530315056;1.1478567429890063067e-08;
3209880.6587100685574;1.061559906645470619e-08;
3210214.0142671056092;8.2785494015524818678e-09;
3210547.3698241426609;8.0174578087621739542e-09;
3210880.7253811797127;7.983193661686982523e-09;
3211214.0809382167645;7.802299251125077717e-09;
3211547.4364952538162;8.0206135066873684991e-09;
3211880.792052290868;7.7056947489495541959e-09;
3212214.1476093279198;7.8291551020015504037e-09;
3212547.5031663649715;7.8105273360051796772e-09;
3212880.8587234020233;8.2857516403578301833e-09;
3213214.2142804390751;7.673369495364568138e-09;
3213547.5698374761268;7.9231856631167829619e-09;
3213880.9253945131786;7.595929218950914219e-09;
3214214.2809515502304;7.8186408458691403212e-09;
3214547.6365085872822;7.6098327639328999794e-09;
3214880.9920656243339;7.7230826178720235475e-09;
3215214.3476226613857;8.0850233175056018808e-09;
3215547.7031796984375;7.6182598007790147676e-09;
3215881.0587367354892;7.8738580100434774067e-09;
3216214.414293772541;7.8245072643312596483e-09;
3216547.7698508095928;7.7810007326206687139e-09;
3216881.1254078466445;8.0132336321980801586e-09;
3217214.4809648836963;7.8060962138692957524e-09;
3217547.8365219207481;7.8584223572875089303e-09;
3217881.1920789577998;7.8537993886129697785e-09;
3218214.5476359948516;7.8408541881458404532e-09;
3218547.9031930319034;8.1455127087792789098e-09;
3218881.2587500689551;7.7410664545141116832e-09;
3219214.6143071060069;7.6986861330397005077e-09;
3219547.9698641430587;8.5666487237290311896e-09;
3219881.3254211801104;8.1624440539940223971e-09;
3220214.6809782171622;8.746099844358923292e-09;
3220548.036535254214;7.954243486096856941e-09;
3220881.3920922912657;7.8004216419458316523e-09;
3221214.7476493283175;8.0520115020021876262e-09;
3221548.1032063653693;8.1377748983868514188e-09;
3221881.458763402421;8.3676665596499333333e-09;
3222214.8143204394728;7.6621216038574857521e-09;
3222548.1698774765246;7.5622166306743565656e-09;
3222881.5254345135763;8.0839432925472465286e-09;
3223214.8809915506281;7.9683974973931981367e-09;
3223548.2365485876799;7.6819741678946229513e-09;
3223881.5921056247316;7.8108426393441732216e-09;
3224214.9476626617834;8.2006037516180185776e-09;
3224548.3032196988352;7.6433677165255176078e-09;
3224881.6587767358869;7.8086479504690942122e-09;
3225215.0143337729387;7.4276447215027019411e-09;
3225548.3698908099905;7.8510122847319507855e-09;
3225881.7254478470422;7.4263271088170768053e-09;
3226215.081004884094;7.8673734194012467924e-09;
3226548.4365619211458;7.7213861970903963083e-09;
3226881.7921189581975;7.9169248934363167791e-09;
3227215.1476759952493;7.9985085221778717823e-09;
3227548.5032330323011;8.1138784580048195494e-09;
3227881.8587900693528;7.6978885488188097952e-09;
3228215.2143471064046;7.9724999935137930152e-09;
3228548.5699041434564;7.6932238357585447375e-09;
3228881.9254611805081;7.7009181254084069224e-09;
3229215.2810182175599;8.0798550072813668521e-09;
3229548.6365752546117;7.4429791219188246032e-09;
3229881.9921322916634;7.7644513041263962805e-09;
3230215.3476893287152;8.078804292210861604e-09;
3230548.703246365767;7.8908621858886363043e-09;
3230882.0588034028187;7.9210842329757724656e-09;
3231215.4143604398705;8.6763014550683692505e-09;
3231548.7699174769223;8.5333491384176340944e-09;
3231882.125474513974;7.9494526517009944655e-09;
3232215.4810315510258;8.0254061174400703749e-09;
3232548.8365885880776;8.0664950274922375684e-09;
3232882.1921456251293;8.00835042724656887e-09;
3233215.5477026621811;7.7011206300880985509e-09;
3233548.9032596992329;8.2175342086543423648e-09;
3233882.2588167362846;7.9788753382104005141e-09;
3234215.6143737733364;8.9274427850227766612e-09;
3234548.9699308103882;1.1936347910079803114e-08;
3234882.3254878474399;1.0701731056883545534e-08;
3235215.6810448844917;8.2120497069126940914e-09;
3235549.0366019215435;8.156982644891286327e-09;
3235882.3921589585952;8.1263600293368654093e-09;
3236215.747715995647;7.8992670182742585894e-09;
3236549.1032730326988;7.7100690276665773126e-09;
3236882.4588300697505;7.5814643452076779795e-09;
3237215.8143871068023;7.8426589666946711077e-09;
3237549.1699441438541;8.1297875098584881925e-09;
3237882.5255011809058;7.9331998747989018739e-09;
3238215.8810582179576;9.7746077898364092107e-09;
3238549.2366152550094;9.1972527371808610042e-09;
3238882.5921722920612;7.8953412696591840358e-09;
3239215.9477293291129;7.8243429513236151251e-09;
3239549.3032863661647;7.450736916325695347e-09;
3239882.6588434032165;8.1458413347945679561e-09;
3240216.0144004402682;7.9411890396841045003e-09;
3240549.36995747732;7.4345765099792515684e-09;
3240882.7255145143718;7.6363084744457410125e-09;
3241216.0810715514235;7.7141333321151250857e-09;
3241549.4366285884753;7.9212654213733912911e-09;
3241882.7921856255271;7.6124804238020260527e-09;
3242216.1477426625788;8.1684969899242787506e-09;
3242549.5032996996306;7.8867739006227566279e-09;
3242882.8588567366824;8.32331714661904698e-09;
3243216.2144137737341;7.547020786091707123e-09;
3243549.5699708107859;7.7370154727418594121e-09;
3243882.9255278478377;7.6845925178758989205e-09;
3244216.2810848848894;7.8389952307134080911e-09;
3244549.6366419219412;7.4067183497561472905e-09;
3244882.992198958993;7.6569817153426811274e-09;
3245216.3477559960447;7.4560793095201916003e-09;
3245549.7033130330965;7.7885768945407107822e-09;
3245883.0588700701483;7.8142052828411578957e-09;
3246216.4144271072;7.9326003543656042893e-09;
3246549.7699841442518;7.7688993016522545076e-09;
3246883.1255411813036;7.7262169995151452895e-09;
3247216.4810982183553;8.2677802382136178494e-09;
3247549.8366552554071;8.1317583777718027704e-09;
3247883.1922122924589;7.7534103581911040237e-09;
3248216.5477693295106;7.5574755342699972971e-09;
3248549.9033263665624;7.5733446180947794346e-09;
3248883.2588834036142;7.7263120346060532029e-09;
3249216.6144404406659;7.6870101395343226613e-09;
3249549.9699974777177;7.4617920731157028058e-09;
3249883.3255545147695;7.7943527188040206966e-09;
3250216.6811115518212;7.7883033355874431436e-09;
3250550.036668588873;7.9064168545528445975e-09;
3250883.3922256259248;7.5369914753764533089e-09;
3251216.7477826629765;7.6895627643125408213e-09;
3251550.1033397000283;7.5171167068788236065e-09;
3251883.4588967370801;7.497360954289433721e-09;
3252216.8144537741318;8.0450126560549506394e-09;
3252550.1700108111836;7.3706472036860759545e-09;
3252883.5255678482354;7.6334911724984522152e-09;
3253216.8811248852871;7.7751112215196371835e-09;
3253550.2366819223389;7.4166530694697030412e-09;
3253883.5922389593907;7.6930621872861593147e-09;
3254216.9477959964424;7.6916970570550802222e-09;
3254550.3033530334942;7.9911774975016669487e-09;
3254883.658910070546;8.0872109009533232893e-09;
3255217.0144671075977;7.9117103979342573439e-09;
3255550.3700241446495;7.7315798208132946456e-09;
3255883.7255811817013;7.7483592875182694115e-09;
3256217.081138218753;7.7691861832818176481e-09;
3256550.4366952558048;7.7210069449051843549e-09;
3256883.7922522928566;7.6110762137204801547e-09;
3257217.1478093299083;7.7049779889648561948e-09;
3257550.5033663669601;7.6439050644694361836e-09;
3257883.8589234040119;8.0091666632142732851e-09;
3258217.2144804410636;7.5404349431096306944e-09;
3258550.5700374781154;7.8391053648374509066e-09;
3258883.9255945151672;7.5329671389567920414e-09;
3259217.2811515522189;8.0409146008264542616e-09;
3259550.6367085892707;7.1534169698850291752e-09;
3259883.9922656263225;7.8006134884844868793e-09;
3260217.3478226633742;7.8018462801310306531e-09;
3260550.703379700426;7.2415957674820674583e-09;
3260884.0589367374778;8.2617113150718068937e-09;
3261217.4144937745295;7.197295204264264612e-09;
3261550.7700508115813;7.7571300494128081482e-09;
3261884.1256078486331;7.8799740066415324691e-09;
3262217.4811648856848;7.7056681035969631921e-09;
3262550.8367219227366;7.4974266794924915303e-09;
3262884.1922789597884;7.7807547071984117792e-09;
3263217.5478359968401;8.2609128426724964811e-09;
3263550.9033930338919;7.9228374971762605128e-09;
3263884.2589500709437;7.5155064394039072795e-09;
3264217.6145071079955;8.1507227633892398444e-09;
3264550.9700641450472;8.1111277694390082615e-09;
3264884.325621182099;7.9588700074850748933e-09;
3265217.6811782191508;7.5699659873862401582e-09;
3265551.0367352562025;7.6202937293601280544e-09;
3265884.3922922932543;7.4077597389532456873e-09;
3266217.7478493303061;7.8399455816224872251e-09;
3266551.1034063673578;8.0078859099330657045e-09;
3266884.4589634044096;7.4833339525071096432e-09;
3267217.8145204414614;7.741433272201447835e-09;
3267551.1700774785131;7.3228170194283848105e-09;
3267884.5256345155649;7.3829715674378348922e-09;
3268217.8811915526167;7.9805433372825973493e-09;
3268551.2367485896684;8.2165234616127236222e-09;
3268884.5923056267202;8.4492635110677838384e-09;
3269217.947862663772;8.0122060097664871137e-09;
3269551.3034197008237;7.7239503681880705699e-09;
3269884.6589767378755;7.1156160963425918453e-09;
3270218.0145337749273;7.6637105550503292761e-09;
3270551.370090811979;8.0563831161839516426e-09;
3270884.7256478490308;7.9397244334700189938e-09;
3271218.0812048860826;8.1402484752857162675e-09;
3271551.4367619231343;8.0004340929917816538e-09;
3271884.7923189601861;7.805753376999291504e-09;
3272218.1478759972379;7.9210424885900465597e-09;
3272551.5034330342896;8.0959807746694423258e-09;
3272884.8589900713414;8.3121101113192707999e-09;
3273218.2145471083932;7.7934627640274811711e-09;
3273551.5701041454449;8.0798265855719364481e-09;
3273884.9256611824967;9.0044789402554670232e-09;
3274218.2812182195485;8.4469036210066406056e-09;
3274551.6367752566002;8.0022610760011048114e-09;
3274884.992332293652;8.2998532491274090717e-09;
3275218.3478893307038;7.5257053921973238175e-09;
3275551.7034463677555;7.5892065964922039711e-09;
3275885.0590034048073;7.4971371333276692894e-09;
3276218.4145604418591;8.1108142424568541173e-09;
3276551.7701174789108;7.8620123744599368365e-09;
3276885.1256745159626;8.0013053960215074767e-09;
3277218.4812315530144;8.2046813787428618525e-09;
3277551.8367885900661;7.6990920305775034649e-09;
3277885.1923456271179;7.5864337034659001802e-09;
3278218.5479026641697;8.2549789226504799444e-09;
3278551.9034597012214;7.646375976833041932e-09;
3278885.2590167382732;7.9123223528654307302e-09;
3279218.614573775325;7.9865039026572048897e-09;
3279551.9701308123767;7.6833375217688626435e-09;
3279885.3256878494285;7.5917530040214842302e-09;
3280218.6812448864803;7.9450961365523653512e-09;
3280552.036801923532;8.0116855372125428403e-09;
3280885.3923589605838;8.0678974612169440661e-09;
3281218.7479159976356;7.7852257973631822097e-09;
3281552.1034730346873;7.9619466575309161271e-09;
3281885.4590300717391;7.7925870201056568476e-09;
3282218.8145871087909;7.9495503513271614793e-09;
3282552.1701441458426;8.2376390153626743995e-09;
3282885.5257011828944;8.1694730980075291882e-09;
3283218.8812582199462;8.1842257415587482683e-09;
3283552.2368152569979;8.151209485163235513e-09;
3283885.5923722940497;7.8944122350321777049e-09;
3284218.9479293311015;7.5447541547646324034e-09;
3284552.3034863681532;8.3258324679036377347e-09;
3284885.659043405205;7.9226429861023461854e-09;
3285219.0146004422568;8.2045952254361509404e-09;
3285552.3701574793085;7.9377864281582333206e-09;
3285885.7257145163603;7.8497990330106404144e-09;
3286219.0812715534121;7.924994882557712117e-09;
3286552.4368285904638;8.036946219647234102e-09;
3286885.7923856275156;7.4640862379737882293e-09;
3287219.1479426645674;7.5129324983436163166e-09;
3287552.5034997016191;8.0909909883075670223e-09;
3287885.8590567386709;8.0486168840820937476e-09;
3288219.2146137757227;7.7517903207535709953e-09;
3288552.5701708127744;7.3744290673971590877e-09;
3288885.9257278498262;7.431077087005633075e-09;
3289219.281284886878;7.8353465937652799767e-09;
3289552.6368419239298;8.0994375650789152132e-09;
3289885.9923989609815;8.16310308238143989e-09;
3290219.3479559980333;8.1578424016015560483e-09;
3290552.7035130350851;7.7579480617373519635e-09;
3290886.0590700721368;7.77650477346014668e-09;
3291219.4146271091886;8.0949718039846629836e-09;
3291552.7701841462404;7.7574568990712577943e-09;
3291886.1257411832921;7.8178850060339755146e-09;
3292219.4812982203439;7.5604500437975730165e-09;
3292552.8368552573957;7.6702830753561102028e-09;
3292886.1924122944474;8.0753705944403009198e-09;
3293219.5479693314992;7.7652426710983490921e-09;
3293552.903526368551;8.1017716979658871423e-09;
3293886.2590834056027;8.4277385070663513034e-09;
3294219.6146404426545;8.7117353331223057467e-09;
3294552.9701974797063;7.8920265877968631685e-09;
3294886.325754516758;7.9295769950249450631e-09;
3295219.6813115538098;7.710596605647879187e-09;
3295553.0368685908616;8.5574285435541241895e-09;
3295886.3924256279133;8.3576914278182812268e-09;
3296219.7479826649651;9.1955891790007626696e-09;
3296553.1035397020169;8.481608304578003299e-09;
3296886.4590967390686;8.732588874238444987e-09;
3297219.8146537761204;7.6072526056236711156e-09;
3297553.1702108131722;7.7310371437988578691e-09;
3297886.5257678502239;8.4693549950998203713e-09;
3298219.8813248872757;7.9934938668202448753e-09;
3298553.2368819243275;7.4050143794579526002e-09;
3298886.5924389613792;8.319706701342965971e-09;
3299219.947995998431;7.9758759596870731912e-09;
3299553.3035530354828;8.2477464857788618247e-09;
3299886.6591100725345;7.5515833586337066663e-09;
3300220.0146671095863;7.7279818100350894383e-09;
3300553.3702241466381;8.0556334935977247369e-09;
3300886.7257811836898;7.506850252525509859e-09;
3301220.0813382207416;7.880001540172543173e-09;
3301553.4368952577934;7.6405211046903787064e-09;
3301886.7924522948451;7.992988493299435504e-09;
3302220.1480093318969;7.64409247011599291e-09;
3302553.5035663689487;7.9674880026914252085e-09;
3302886.8591234060004;7.801476797908435401e-09;
3303220.2146804430522;8.3724600585810549092e-09;
3303553.570237480104;8.1307867105806508334e-09;
3303886.9257945171557;7.5091843854124817881e-09;
3304220.2813515542075;7.9689712606523244176e-09;
3304553.6369085912593;8.0219519915658565878e-09;
3304886.992465628311;7.6526376346919278149e-09;
3305220.3480226653628;7.7556991939786712464e-09;
3305553.7035797024146;7.7154345134999857692e-09;
3305887.0591367394663;8.0211917108385932806e-09;
3306220.4146937765181;7.4212014311569873826e-09;
3306553.7702508135699;7.7841040280191009515e-09;
3306887.1258078506216;7.6156903006108223053e-09;
3307220.4813648876734;8.0633775212390901288e-09;
3307553.8369219247252;7.8363102673506546125e-09;
3307887.1924789617769;7.2643646653602900187e-09;
3308220.5480359988287;7.9052231427567676292e-09;
3308553.9035930358805;8.6162437185066664824e-09;
3308887.2591500729322;7.3013906032315389893e-09;
3309220.614707109984;8.1383468852891382994e-09;
3309553.9702641470358;8.8892733174361637793e-09;
3309887.3258211840875;7.9391249130367214093e-09;
3310220.6813782211393;7.4942532179989029828e-09;
3310554.0369352581911;8.3632576419745419116e-09;
3310887.3924922952428;7.953796732351747778e-09;
3311220.7480493322946;6.981187183896508941e-09;
3311554.1036063693464;7.6657302727767273609e-09;
3311887.4591634063981;7.8604793785075344204e-09;
3312220.8147204434499;7.9717015211144826026e-09;
3312554.1702774805017;7.8974355943728369311e-09;
3312887.5258345175534;7.4793646831494697835e-09;
3313220.8813915546052;7.5544228650414879667e-09;
3313554.236948591657;7.7636057582708417613e-09;
3313887.5925056287088;7.613603081324527011e-09;
3314220.9480626657605;7.8411019899249367882e-09;
3314554.3036197028123;7.8744388787299612886e-09;
3314887.6591767398641;7.598744744541363616e-09;
3315221.0147337769158;7.5512911479336253251e-09;
3315554.3702908139676;7.7408355281249896507e-09;
3315887.7258478510194;8.2512388033251227171e-09;
3316221.0814048880711;7.4257138216182738688e-09;
3316554.4369619251229;8.3944629025722861115e-09;
3316887.7925189621747;7.7926278763129630534e-09;
3317221.1480759992264;7.6127077974774692848e-09;
3317554.5036330362782;7.5693407097787712701e-09;
3317887.85919007333;7.9091257987329299795e-09;
3318221.2147471103817;7.7197181980181994732e-09;
3318554.5703041474335;7.5477109007238141203e-09;
3318887.9258611844853;7.4613337730511375412e-09;
3319221.281418221537;7.5290378376280386874e-09;
3319554.6369752585888;8.2751903107691759942e-09;
3319887.9925322956406;8.0457756013174730469e-09;
3320221.3480893326923;7.9548447828869939258e-09;
3320554.7036463697441;8.0878219677060769754e-09;
3320888.0592034067959;8.3044913168350831256e-09;
3321221.4147604438476;7.9361131000155182846e-09;
3321554.7703174808994;7.7021358180218157941e-09;
3321888.1258745179512;7.6177641972208220977e-09;
3322221.4814315550029;7.6155695083457430883e-09;
3322554.8369885920547;7.7923267838286847109e-09;
3322888.1925456291065;8.2051858640852515236e-09;
3323221.5481026661582;8.0916304767697511124e-09;
3323554.90365970321;7.829072501408518292e-09;
3323888.2592167402618;8.1295725706809207622e-09;
3324221.6147737773135;7.7224715511192698614e-09;
3324554.9703308143653;7.6719270936109751347e-09;
3324888.3258878514171;7.2528121286552504898e-09;
3325221.6814448884688;7.5886728012619641959e-09;
3325555.0370019255206;7.6067188103934313403e-09;
3325888.3925589625724;8.1382465211277121853e-09;
3326221.7481159996241;7.4879897837831776997e-09;
3326555.1036730366759;7.7124528985450524488e-09;
3326888.4592300737277;7.3769430564141202922e-09;
3327221.8147871107794;7.825689429807880515e-09;
3327555.1703441478312;7.854420225328340166e-09;
3327888.525901184883;7.8572632844498002669e-09;
3328221.8814582219347;7.7599651149284909479e-09;
3328555.2370152589865;7.5581789715783997963e-09;
3328888.5925722960383;7.3919519394394228584e-09;
3329221.94812933309;7.8844744066941530036e-09;
3329555.3036863701418;7.4170438679743710964e-09;
3329888.6592434071936;7.6506214696792085306e-09;
3330222.0148004442453;7.538368151926988503e-09;
3330555.3703574812971;7.9338544622942208662e-09;
3330888.7259145183489;8.0311597372428877861e-09;
3331222.0814715554006;7.786320033176252764e-09;
3331555.4370285924524;7.7537514187042688718e-09;
3331888.7925856295042;8.0345889941213499696e-09;
3332222.1481426665559;7.9680333442411210854e-09;
3332555.5036997036077;8.0047639627878197643e-09;
3332888.8592567406595;7.6819066663347257418e-09;
3333222.2148137777112;8.3140090367805896676e-09;
3333555.570370814763;7.8699304850715634529e-09;
3333888.9259278518148;7.9488238213798467768e-09;
3334222.2814848888665;8.1107716098927085113e-09;
3334555.6370419259183;7.7058031067167576111e-09;
3334888.9925989629701;7.8361033217788644833e-09;
3335222.3481560000218;7.811391533607547899e-09;
3335555.7037130370736;8.0221216336440193118e-09;
3335889.0592700741254;8.1109856608918562415e-09;
3336222.4148271111771;7.4310118058917851158e-09;
3336555.7703841482289;7.6201605025971730356e-09;
3336889.1259411852807;7.8037789563722981256e-09;
3337222.4814982223324;7.6407493665442416386e-09;
3337555.8370552593842;7.8122015523263144132e-09;
3337889.192612296436;8.0877651242872161674e-09;
3338222.5481693334877;7.7194339809238954331e-09;
3338555.9037263705395;7.9105575423454865813e-09;
3338889.2592834075913;8.185188526965703204e-09;
3339222.6148404446431;8.0847533112660130428e-09;
3339555.9703974816948;8.0607716057556899614e-09;
3339889.3259545187466;7.4142301187407610996e-09;
3340222.6815115557984;8.3055855526481536799e-09;
3340556.0370685928501;7.9771789174287732749e-09;
3340889.3926256299019;7.9401294428294022509e-09;
3341222.7481826669537;7.6600352727496101579e-09;
3341556.1037397040054;7.7721891145188237715e-09;
3341889.4592967410572;8.2704669779332107282e-09;
3342222.814853778109;8.1894171444218955003e-09;
3342556.1704108151607;7.6769559598233172437e-09;
3342889.5259678522125;7.8299526862224411161e-09;
3343222.8815248892643;7.965108572705048573e-09;
3343556.237081926316;7.5394810394868727599e-09;
3343889.5926389633678;8.07019429061028859e-09;
3344222.9481960004196;7.9620443571570831409e-09;
3344556.3037530374713;8.001853402106462454e-09;
3344889.6593100745231;8.0106437039262345934e-09;
3345223.0148671115749;8.4465030525393558491e-09;
3345556.3704241486266;7.7693904643183486769e-09;
3345889.7259811856784;8.1574835775199971977e-09;
3346223.0815382227302;8.2191800032660466968e-09;
3346556.4370952597819;8.673375795353877038e-09;
3346889.7926522968337;8.2328650563567862264e-09;
3347223.1482093338855;8.2759612496374757029e-09;
3347556.5037663709372;8.2885032171020611713e-09;
3347889.859323407989;8.3486515478625733522e-09;
3348223.2148804450408;1.1387203180390770285e-08;
3348556.5704374820925;8.7277269855690065015e-09;
3348889.9259945191443;8.348387758871922415e-09;
3349223.2815515561961;8.8282687826790606778e-09;
3349556.6371085932478;8.8107761087030667113e-09;
3349889.9926656302996;8.2661824052365773241e-09;
3350223.3482226673514;8.723971767210514372e-09;
3350556.7037797044031;8.1656850170475081541e-09;
3350890.0593367414549;7.8439263972995831864e-09;
3351223.4148937785067;8.4105078457241688739e-09;
3351556.7704508155584;8.4413551704187739233e-09;
3351890.1260078526102;8.7746929722243294236e-09;
3352223.481564889662;9.7796917231107727275e-09;
3352556.8371219267137;8.8465723635522408586e-09;
3352890.1926789637655;7.750482922119772411e-09;
3353223.5482360008173;8.5435942764888750389e-09;
3353556.903793037869;8.3408826512254563568e-09;
3353890.2593500749208;8.1397475426570053969e-09;
3354223.6149071119726;8.7007077098633089918e-09;
3354556.9704641490243;8.3024493946481925377e-09;
3354890.3260211860761;8.327295297760883841e-09;
3355223.6815782231279;8.1774276239343635098e-09;
3355557.0371352601796;8.4120301835355348885e-09;
3355890.3926922972314;8.2532247702715721971e-09;
3356223.7482493342832;1.0371082659332842013e-08;
3356557.1038063713349;8.790291161631103023e-09;
3356890.4593634083867;8.1606943425072131504e-09;
3357223.8149204454385;8.1814794938850354811e-09;
3357557.1704774824902;8.3066504785733741301e-09;
3357890.526034519542;9.2857481703845223819e-09;
3358223.8815915565938;7.9964994625925100991e-09;
3358557.2371485936455;8.7796117043126287172e-09;
3358890.5927056306973;8.4202946837308445538e-09;
3359223.9482626677491;8.1717406175130236079e-09;
3359557.3038197048008;8.0242497091376208118e-09;
3359890.6593767418526;8.344267499182933534e-09;
3360224.0149337789044;1.061304466531964863e-08;
3360557.3704908159561;9.4534540195923000283e-09;
3360890.7260478530079;9.0795166940438321035e-09;
3361224.0816048900597;8.5824654050270510197e-09;
3361557.4371619271114;8.3281443963301171607e-09;
3361890.7927189641632;8.6314235758777613228e-09;
3362224.148276001215;8.4754567808431602316e-09;
3362557.5038330382667;9.2363716674981333199e-09;
3362890.8593900753185;8.7576150775703354157e-09;
3363224.2149471123703;8.9156406701818013971e-09;
3363557.570504149422;8.3863556099572633684e-09;
3363890.9260611864738;8.3550926177622386604e-09;
3364224.2816182235256;8.6609510674406919861e-09;
3364557.6371752605774;8.0986692907458746049e-09;
3364890.9927322976291;8.5345783773504990677e-09;
3365224.3482893346809;8.1474444968421266822e-09;
3365557.7038463717327;8.6845517444089637138e-09;
3365891.0594034087844;1.0834029673389977688e-08;
3366224.4149604458362;8.0492252862995883333e-09;
3366557.770517482888;7.3122117250079554651e-09;
3366891.1260745199397;8.1408062513332879462e-09;
3367224.4816315569915;7.7918747010130573472e-09;
3367557.8371885940433;8.0339823682606947841e-09;
3367891.192745631095;7.5793069598262263753e-09;
3368224.5483026681468;9.5833092572661371378e-09;
3368557.9038597051986;7.9287554299867224472e-09;
3368891.2594167422503;8.289507746894742013e-09;
3369224.6149737793021;8.6720657321848193533e-09;
3369557.9705308163539;8.1389330830461403821e-09;
3369891.3260878534056;8.068932189075894712e-09;
3370224.6816448904574;8.3961735342086285527e-09;
3370558.0372019275092;8.3141689088961356902e-09;
3370891.3927589645609;8.2867117612295260187e-09;
3371224.7483160016127;8.281429764167569374e-09;
3371558.1038730386645;7.5244628305881633423e-09;
3371891.4594300757162;8.4251627896492209402e-09;
3372224.814987112768;8.2263733602871980111e-09;
3372558.1705441498198;8.0811606295583260362e-09;
3372891.5261011868715;8.2735622797258656647e-09;
3373224.8816582239233;7.5084720663198822876e-09;
3373558.2372152609751;7.8698336736238161393e-09;
3373891.5927722980268;7.6880635191400870099e-09;
3374224.9483293350786;8.5577145370052676299e-09;
3374558.3038863721304;8.3441795695193832216e-09;
3374891.6594434091821;8.4099616159960532968e-09;
3375225.0150004462339;9.5664551835739075614e-09;
3375558.3705574832857;9.0336005342805947294e-09;
3375891.7261145203374;7.6534849569043217343e-09;
3376225.0816715573892;9.1881124930637270154e-09;
3376558.437228594441;8.1312157007573659939e-09;
3376891.7927856314927;7.818873548615101754e-09;
3377225.1483426685445;7.9584090428852505283e-09;
3377558.5038997055963;8.2716589133724482963e-09;
3377891.859456742648;7.8084143595447130792e-09;
3378225.2150137796998;8.2110691579373451532e-09;
3378558.5705708167516;7.6757693534545978764e-09;
3378891.9261278538033;7.8080306664674026251e-09;
3379225.2816848908551;8.2063245088193070842e-09;
3379558.6372419279069;8.6537275123532708676e-09;
3379891.9927989649586;8.1515532102116594615e-09;
3380225.3483560020104;7.7352888538939623686e-09;
3380558.7039130390622;8.2616526952961066854e-09;
3380892.0594700761139;8.0345605724119195656e-09;
3381225.4150271131657;8.1761495351884150296e-09;
3381558.7705841502175;7.9440631850502541056e-09;
3381892.1261411872692;8.2294953074324439513e-09;
3382225.481698224321;8.2885609486993416795e-09;
3382558.8372552613728;7.9631217175801793928e-09;
3382892.1928122984245;7.5736101834422697721e-09;
3383225.5483693354763;7.7798389952477009501e-09;
3383558.9039263725281;7.9341608838490174094e-09;
3383892.2594834095798;7.7564488165648981521e-09;
3384225.6150404466316;8.3930027372502991057e-09;
3384558.9705974836834;7.8648998425023819436e-09;
3384892.3261545207351;7.5955153278073339607e-09;
3385225.6817115577869;7.5420771850076562259e-09;
3385559.0372685948387;7.9441475620001256175e-09;
3385892.3928256318904;7.870179175029079488e-09;
3386225.7483826689422;7.299941540139798235e-09;
3386559.103939705994;7.454743489176962612e-09;
3386892.4594967430457;7.7397199760298462934e-09;
3387225.8150537800975;7.6183797048656742845e-09;
3387559.1706108171493;7.766497667205385369e-09;
3387892.526167854201;7.8280271154085312446e-09;
3388225.8817248912528;8.1682101082947156101e-09;
3388559.2372819283046;7.9754833848255657358e-09;
3388892.5928389653563;8.1137079277482371253e-09;
3389225.9483960024081;7.6395014758645629627e-09;
3389559.3039530394599;7.9004749409250507597e-09;
3389892.6595100765117;8.0594411144829791738e-09;
3390226.0150671135634;7.6612733934666721325e-09;
3390559.3706241506152;7.9214039772068645107e-09;
3390892.726181187667;7.3303336733943069703e-09;
3391226.0817382247187;7.834342063972599135e-09;
3391559.4372952617705;7.8841697614961958607e-09;
3391892.7928522988223;7.3690289426053823263e-09;
3392226.148409335874;8.1940081386733254476e-09;
3392559.5039663729258;7.7870989656503297738e-09;
3392892.8595234099776;7.8553306082085327944e-09;
3393226.2150804470293;7.8928588109761221858e-09;
3393559.5706374840811;7.6355304301500837028e-09;
3393892.9261945211329;7.9905735361762708635e-09;
3394226.2817515581846;7.8574835526978858979e-09;
3394559.6373085952364;7.6555286554480517225e-09;
3394892.9928656322882;7.7507689155709158513e-09;
3395226.3484226693399;7.8109110290824901313e-09;
3395559.7039797063917;7.8002022618761657213e-09;
3395893.0595367434435;7.9128508190251523047e-09;
3396226.4150937804952;8.0170359240128163947e-09;
3396559.770650817547;7.8214705823143049201e-09;
3396893.1262078545988;7.7714927826377788733e-09;
3397226.4817648916505;7.9233526406596865854e-09;
3397559.8373219287023;7.6371398094465803297e-09;
3397893.1928789657541;7.8098958411487728881e-09;
3398226.5484360028058;7.7009589816157131281e-09;
3398559.9039930398576;7.7540232013006971101e-09;
3398893.2595500769094;7.6993220687882057973e-09;
3399226.6151071139611;7.6194108800109461299e-09;
3399559.9706641510129;7.5519945852420278243e-09;
3399893.3262211880647;7.6997812570311907621e-09;
3400226.6817782251164;7.9242994388550869189e-09;
3400560.0373352621682;7.9757640492061909754e-09;
3400893.39289229922;7.9316944123775101616e-09;
3401226.7484493362717;8.0060997831310487527e-09;
3401560.1040063733235;7.4184511866803859448e-09;
3401893.4595634103753;7.8326358732283551944e-09;
3402226.815120447427;7.4963732998867271817e-09;
3402560.1706774844788;8.1479027969066919468e-09;
3402893.5262345215306;7.5078654404592271021e-09;
3403226.8817915585823;7.5544495103940789704e-09;
3403560.2373485956341;7.9372286521106616419e-09;
3403893.5929056326859;7.7081052651806203357e-09;
3404226.9484626697376;7.7688584454449483019e-09;
3404560.3040197067894;7.5741031224652033416e-09;
3404893.6595767438412;7.8263635572284329101e-09;
3405227.0151337808929;7.7433783829405911092e-09;
3405560.3706908179447;7.230841259087128492e-09;
3405893.7262478549965;8.0191622231495784945e-09;
3406227.0818048920482;7.8981985396353593387e-09;
3406560.4373619291;7.7122495056869411201e-09;
3406893.7929189661518;7.8816908555268128111e-09;
3407227.1484760032035;7.4636536950833942683e-09;
3407560.5040330402553;8.2852276150902071095e-09;
3407893.8595900773071;7.859540573917911388e-09;
3408227.2151471143588;7.8991284624407853698e-09;
3408560.5707041514106;8.0721225259594575618e-09;
3408893.9262611884624;7.9991835377768438775e-09;
3409227.2818182255141;7.4697004137647127209e-09;
3409560.6373752625659;7.7696222788858904096e-09;
3409893.9929322996177;7.7045445578960425337e-09;
3410227.3484893366694;7.7838988588041502226e-09;
3410560.7040463737212;7.8540063341847599077e-09;
3410894.059603410773;7.3261881006203566358e-09;
3411227.4151604478247;7.8452773166759470769e-09;
3411560.7707174848765;7.4220101176081243466e-09;
3411894.1262745219283;7.8316721996429805586e-09;
3412227.48183155898;8.000293760801469034e-09;
3412560.8373885960318;7.5797466081439779373e-09;
3412894.1929456330836;7.8645543410971185949e-09;
3413227.5485026701353;7.9758617488323579892e-09;
3413560.9040597071871;7.5915798092296427058e-09;
3413894.2596167442389;7.519957101465024607e-09;
3414227.6151737812907;8.0974604799166627345e-09;
3414560.9707308183424;7.9611774950194558187e-09;
3414894.3262878553942;7.8994615293481729168e-09;
3415227.681844892446;7.7312405366569691978e-09;
3415561.0374019294977;7.7138482268424013455e-09;
3415894.3929589665495;8.0368760535520777921e-09;
3416227.7485160036013;8.5093825319404459151e-09;
3416561.104073040653;7.9219049098355753813e-09;
3416894.4596300777048;8.0319217943269904936e-09;
3417227.8151871147566;7.9111686090982402675e-09;
3417561.1707441518083;7.7398558673280604125e-09;
3417894.5263011888601;7.590659656386833376e-09;
3418227.8818582259119;7.7512591900585903204e-09;
3418561.2374152629636;7.6904944634748062526e-09;
3418894.5929723000154;7.9445516831810891745e-09;
3419227.9485293370672;7.2415065055508875957e-09;
3419561.3040863741189;7.7846786794566469325e-09;
3419894.6596434111707;7.7778432583386347687e-09;
3420228.0152004482225;7.83366793655204674e-09;
3420561.3707574852742;8.0596818108347179077e-09;
3420894.726314522326;7.9792954466029186733e-09;
3421228.0818715593778;7.8096080713407900475e-09;
3421561.4374285964295;7.2669688044868507859e-09;
3421894.7929856334813;8.1788211758748730063e-09;
3422228.1485426705331;7.5059274351474414289e-09;
3422561.5040997075848;8.238536075566571526e-09;
3422894.8596567446366;7.79288811258993519e-09;
3423228.2152137816884;8.2171878190706593159e-09;
3423561.5707708187401;7.9955588816460476664e-09;
3423894.9263278557919;7.7332513725991702813e-09;
3424228.2818848928437;8.5631430835064747953e-09;
3424561.6374419298954;7.3279902146339281899e-09;
3424894.9929989669472;8.1893309911151845881e-09;
3425228.348556003999;7.8568351824515048065e-09;
3425561.7041130410507;8.3311881837744294899e-09;
3425895.0596700781025;8.111769034258031752e-09;
3426228.4152271151543;7.5600912197160141659e-09;
3426561.770784152206;7.833405923918235203e-09;
3426895.1263411892578;7.6801658366321134963e-09;
3427228.4818982263096;8.4449593984459170315e-09;
3427561.8374552633613;7.9839646005552822317e-09;
3427895.1930123004131;7.9912894079825491644e-09;
3428228.5485693374649;7.6564976581039445591e-09;
3428561.9041263745166;8.0388806722453409748e-09;
3428895.2596834115684;7.95565480160576044e-09;
3429228.6152404486202;7.5190191850538212748e-09;
3429561.9707974856719;7.586127281911103637e-09;
3429895.3263545227237;7.6040862495574401692e-09;
3430228.6819115597755;8.2081843544301591464e-09;
3430562.0374685968272;7.5601445104211961734e-09;
3430895.393025633879;8.4447666637288421043e-09;
3431228.7485826709308;9.1481053843267545744e-09;
3431562.1041397079825;8.6169400503877113806e-09;
3431895.4596967450343;7.8698612071548268432e-09;
3432228.8152537820861;8.2902937847961766238e-09;
3432562.1708108191378;8.0517992273598792963e-09;
3432895.5263678561896;7.8715203244428266771e-09;
3433228.8819248932414;8.180330191009943519e-09;
3433562.2374819302931;8.527325512375227845e-09;
3433895.5930389673449;8.0851796369074691029e-09;
3434228.9485960043967;7.9242017392289199051e-09;
3434562.3041530414484;8.5001348182345282112e-09;
3434895.6597100785002;7.7958590694038321089e-09;
3435229.015267115552;8.0664950274922375684e-09;
3435562.3708241526037;7.7106241391788898909e-09;
3435895.7263811896555;7.693440551292951568e-09;
3436229.0819382267073;8.1228632708985060162e-09;
3436562.437495263759;7.7172641610445680271e-09;
3436895.7930523008108;8.3951849916275023133e-09;
3437229.1486093378626;7.9323774215822595579e-09;
3437562.5041663749143;7.9193309687752844184e-09;
3437895.8597234119661;7.9058617430405320192e-09;
3438229.2152804490179;8.257082129148329841e-09;
3438562.5708374860696;7.6692323602856049547e-09;
3438895.9263945231214;8.3480502510724363674e-09;
3439229.2819515601732;8.267401874206825596e-09;
3439562.637508597225;8.6672526933284643746e-09;
3439895.9930656342767;8.3834832409479531634e-09;
3440229.3486226713285;9.2538954277188167907e-09;
3440562.7041797083803;8.3816722451501846081e-09;
3440896.059736745432;8.3568689746016389108e-09;
3441229.4152937824838;8.3369560144319621031e-09;
3441562.7708508195356;8.7539699933358861017e-09;
3441896.1264078565873;8.380877325464552996e-09;
3442229.4819648936391;8.9141689585403582896e-09;
3442562.8375219306909;8.8176976831277897872e-09;
3442896.1930789677426;8.9422593774202141503e-09;
3443229.5486360047944;8.8172331658142866218e-09;
3443562.9041930418462;9.0604119762360824097e-09;
3443896.2597500788979;9.1003080626705923351e-09;
3444229.6153071159497;8.6903053642117811251e-09;
3444562.9708641530015;8.9607059550189660513e-09;
3444896.3264211900532;8.9852960627467837185e-09;
3445229.681978227105;9.2045100430482307274e-09;
3445563.0375352641568;8.8591232128010233282e-09;
3445896.3930923012085;8.8706473277966324531e-09;
3446229.7486493382603;8.9421972049308351416e-09;
3446563.1042063753121;8.9627993915541992465e-09;
3446896.4597634123638;8.2759026298617754946e-09;
3447229.8153204494156;7.8520745461219121353e-09;
3447563.1708774864674;9.2353493741370584758e-09;
3447896.5264345235191;8.7457614483810175443e-09;
3448229.8819915605709;9.5185272996900494036e-09;
3448563.2375485976227;8.5184463927134856931e-09;
3448896.5931056346744;8.7221483369148700149e-09;
3449229.9486626717262;8.1135933527320958092e-09;
3449563.304219708778;8.5026732321580311691e-09;
3449896.6597767458297;8.8973193257402272138e-09;
3450230.0153337828815;8.4485503037967646378e-09;
3450563.3708908199333;8.5520328596544459288e-09;
3450896.726447856985;8.5535205585074436385e-09;
3451230.0820048940368;8.6779019525806688762e-09;
3451563.4375619310886;8.6781462016460864106e-09;
3451896.7931189681403;9.319266247587165708e-09;
3452230.1486760051921;8.1985582767174491892e-09;
3452563.5042330422439;8.184656508092302829e-09;
3452896.8597900792956;8.5324645127116127696e-09;
3453230.2153471163474;8.5880760281042967108e-09;
3453563.5709041533992;7.8935658009982034855e-09;
3453896.9264611904509;8.9165181904604651209e-09;
3454230.2820182275027;8.399182682694572577e-09;
3454563.6375752645545;8.09622324737802046e-09;
3454896.9931323016062;8.030130338454455341e-09;
3455230.348689338658;8.1143776142766910198e-09;
3455563.7042463757098;8.4470368477695956244e-09;
3455897.0598034127615;8.5939619864916494407e-09;
3456230.4153604498133;9.3607450679655812564e-09;
3456563.7709174868651;8.1099598148171025969e-09;
3456897.1264745239168;7.9323632107275443559e-09;
3457230.4820315609686;7.7115176466691082169e-09;
3457563.8375885980204;8.2764985975813942787e-09;
3457897.1931456350721;8.3304705356113117887e-09;
3458230.5487026721239;8.2277464841240544047e-09;
3458563.9042597091757;8.2668210055203417141e-09;
3458897.2598167462274;8.2291773395581913064e-09;
3459230.6153737832792;8.2895512676373073191e-09;
3459563.970930820331;8.2432993764314232976e-09;
3459897.3264878573827;8.3954363461202774488e-09;
3460230.6820448944345;8.1749575997491774615e-09;
3460564.0376019314863;7.8905992850764050672e-09;
3460897.393158968538;8.152642116954211815e-09;
3461230.7487160055898;8.3640365744486189215e-09;
3461564.1042730426416;8.5582252395965952019e-09;
3461897.4598300796933;8.2358884156974454527e-09;
3462230.8153871167451;7.3827122193392824556e-09;
3462564.1709441537969;7.8023125738013732189e-09;
3462897.5265011908486;7.8465864916665850615e-09;
3463230.8820582279004;8.4484463869216597232e-09;
3463564.2376152649522;8.2603905937617128075e-09;
3463897.5931723020039;7.8676221093587628275e-09;
3464230.9487293390557;8.6146698663469578605e-09;
3464564.3042863761075;7.7913409057828175719e-09;
3464897.6598434131593;7.9221837978593612206e-09;
3465231.015400450211;7.7095130279758450342e-09;
3465564.3709574872628;7.5770172358602394524e-09;
3465897.7265145243146;7.8728064067945524585e-09;
3466231.0820715613663;7.719596517574700556e-09;
3466564.4376285984181;7.8581186002679714875e-09;
3466897.7931856354699;8.2468476492181252979e-09;
3467231.1487426725216;7.8778983336746932764e-09;
3467564.5042997095734;7.7859638736299530137e-09;
3467897.8598567466252;7.6750952260340454814e-09;
3468231.2154137836769;7.8457045304958228371e-09;
3468564.5709708207287;7.5778556762884363707e-09;
3468897.9265278577805;7.9297439725678486866e-09;
3469231.2820848948322;7.7326260949917013932e-09;
3469564.637641931884;7.7613968585410475498e-09;
3469897.9931989689358;8.2752631413995914045e-09;
3470231.3487560059875;7.7267054976459803584e-09;
3470564.7043130430393;7.6947923588477351586e-09;
3470898.0598700800911;8.0174018535217328463e-09;
3471231.4154271171428;7.6220745270916268055e-09;
3471564.7709841541946;7.6232531398545688717e-09;
3471898.1265411912464;8.0031608007402610383e-09;
3472231.4820982282981;8.296543896335606405e-09;
3472564.8376552653499;8.0724058548753419018e-09;
3472898.1932123024017;8.0667925672628371103e-09;
3473231.5487693394534;7.6459061304490205657e-09;
3473564.9043263765052;7.8737611985957300931e-09;
3473898.259883413557;7.6297110851442084822e-09;
3474231.6154404506087;7.9382882489653638913e-09;
3474564.9709974876605;7.725199147046168946e-09;
3474898.3265545247123;7.6391257763930298097e-09;
3475231.682111561764;7.761178366649801319e-09;
3475565.0376685988158;7.3696244662357912603e-09;
3475898.3932256358676;7.5729449378059143783e-09;
3476231.7487826729193;7.7613693250100368459e-09;
3476565.1043397099711;7.7319741720316415012e-09;
3476898.4598967470229;7.7445214685667451704e-09;
3477231.8154537840746;7.7563528932955705386e-09;
3477565.1710108211264;7.4733099708623740298e-09;
3477898.5265678581782;8.2583593297158586211e-09;
3478231.8821248952299;8.0749877895414101658e-09;
3478565.2376819322817;7.8444637452435017622e-09;
3478898.5932389693335;7.6139778926176404639e-09;
3479231.9487960063852;8.3592475164095958462e-09;
3479565.304353043437;7.4713941700110808597e-09;
3479898.6599100804888;7.2816774832062947098e-09;
3480232.0154671175405;8.3023907748724923295e-09;
3480565.3710241545923;7.5114012787480533007e-09;
3480898.7265811916441;7.41643146895398786e-09;
3481232.0821382286958;8.2908764298394999059e-09;
3481565.4376952657476;7.7601969294960326806e-09;
3481898.7932523027994;7.4480279721456099651e-09;
3482232.1488093398511;7.8307369477670363267e-09;
3482565.5043663769029;7.9142825626377089065e-09;
3482898.8599234139547;8.1215079106300436251e-09;
3483232.2154804510064;7.7273707432823357522e-09;
3483565.5710374880582;7.5059007897948504251e-09;
3483898.92659452511;7.6164123896660385071e-09;
3484232.2821515621617;7.9450828138760698494e-09;
3484565.6377085992135;7.6322441699971932394e-09;
3484898.9932656362653;7.5439059443738187838e-09;
3485232.348822673317;7.9414679277078903397e-09;
3485565.7043797103688;7.7271264942169182177e-09;
3485899.0599367474206;7.6731536680085810076e-09;
3486232.4154937844723;8.0132762647622257646e-09;
3486565.7710508215241;7.6813533311792525637e-09;
3486899.1266078585759;7.8144797299728452344e-09;
3487232.4821648956276;8.3198088418612314854e-09;
3487565.8377219326794;8.5354630030565203924e-09;
3487899.1932789697312;7.6662143300154639292e-09;
3488232.5488360067829;8.7053857455998695514e-09;
3488565.9043930438347;8.5066478305861892295e-09;
3488899.2599500808865;7.7370421180944504158e-09;
3489232.6155071179383;7.8947444137611455517e-09;
3489565.97106415499;7.8739548214912247204e-09;
3489899.3266211920418;7.6567934215177047008e-09;
3490232.6821782290936;7.7332105163918640756e-09;
3490566.0377352661453;7.7561219669064485061e-09;
3490899.3932923031971;7.728185202893200767e-09;
3491232.7488493402489;7.713929939257013757e-09;
3491566.1044063773006;7.7604012105325637094e-09;
3491899.4599634143524;7.5298052237826595956e-09;
3492232.8155204514042;7.8531234848355779832e-09;
3492566.1710774884559;7.9851147916087938938e-09;
3492899.5266345255077;7.8986008844594834954e-09;
3493232.8821915625595;7.81076003875114111e-09;
3493566.2377485996112;7.7905886186613315658e-09;
3493899.593305636663;7.3177885973052525515e-09;
3494232.9488626737148;8.5466114185805963643e-09;
3494566.3044197107665;7.634014309587655589e-09;
3494899.6599767478183;7.7898496542161410616e-09;
3495233.0155337848701;7.546212543729780009e-09;
3495566.3710908219218;7.3704531367013714771e-09;
3495899.7266478589736;7.6464834464218256471e-09;
3496233.0822048960254;8.0974178473525171285e-09;
3496566.4377619330771;7.8424662319775961805e-09;
3496899.7933189701289;7.8734156971904667444e-09;
3497233.1488760071807;7.4863057974994262622e-09;
3497566.5044330442324;7.7459638703203381738e-09;
3497899.8599900812842;8.021797448520828766e-09;
3498233.215547118336;7.6355437528263792046e-09;
3498566.5711041553877;7.796653989089463721e-09;
3498899.9266611924395;7.6448980479426609236e-09;
3499233.2822182294913;8.1042772492878611956e-09;
3499566.637775266543;7.692291248417859606e-09;
3499899.9933323035948;7.9708053490890051762e-09;
3500233.3488893406466;7.5850747904837589886e-09;
3500566.7044463776983;7.9963307086927670753e-09;
3500900.0600034147501;7.9366424543536595593e-09;
3501233.4155604518019;7.3691843738288298482e-09;
3501566.7711174888536;7.7975164103349925426e-09;
3501900.1266745259054;7.7321775648897528299e-09;
3502233.4822315629572;7.6858350794850593957e-09;
3502566.8377886000089;7.863987683265349915e-09;
3502900.1933456370607;7.7656512331714111497e-09;
3503233.5489026741125;7.532623413908368093e-09;
3503566.9044597111642;7.6374080393293297675e-09;
3503900.260016748216;7.4133312821800245729e-09;
3504233.6155737852678;8.5217690681815838616e-09;
3504566.9711308223195;7.4165358299183026247e-09;
3504900.3266878593713;7.4029462560076808586e-09;
3505233.6822448964231;7.7036785839368349116e-09;
3505567.0378019334748;7.5911668062644821475e-09;
3505900.3933589705266;7.2005454931911572203e-09;
3506233.7489160075784;7.7269364240351023909e-09;
3506567.1044730446301;7.5944477373468544101e-09;
3506900.4600300816819;8.0605735419680968334e-09;
3507233.8155871187337;7.6497217449400523037e-09;
3507567.1711441557854;7.2169070719496630772e-09;
3507900.5267011928372;7.5192438941940054065e-09;
3508233.882258229889;7.7420052591037347156e-09;
3508567.2378152669407;7.5305992552898715076e-09;
3508900.5933723039925;7.6986319541560988e-09;
3509233.9489293410443;7.8188469032625107502e-09;
3509567.304486378096;7.5044237490828891168e-09;
3509900.6600434151478;7.6056494435761123896e-09;
3510234.0156004521996;7.9756796722563194635e-09;
3510567.3711574892513;7.7688584454449483019e-09;
3510900.7267145263031;7.6488477773750673805e-09;
3511234.0822715633549;7.1182291172533496137e-09;
3511567.4378286004066;7.2703270070917369594e-09;
3511900.7933856374584;7.5956751999228799832e-09;
3512234.1489426745102;7.9934237007250885654e-09;
3512567.5044997115619;8.1957791664422074973e-09;
3512900.8600567486137;8.2377837884450855199e-09;
3513234.2156137856655;7.7714519264304726676e-09;
3513567.5711708227172;7.6333304122044864926e-09;
3513900.926727859769;7.71834862689502188e-09;
3514234.2822848968208;8.0459594542503509729e-09;
3514567.6378419338726;7.9193585023062951223e-09;
3514900.9933989709243;7.7348545346467290074e-09;
3515234.3489560079761;7.6564168338677518477e-09;
3515567.7045130450279;7.5120611953138904937e-09;
3515901.0600700820796;8.572595078248923528e-09;
3516234.4156271191314;7.6832833428852609359e-09;
3516567.7711841561832;7.8030941708107093291e-09;
3516901.1267411932349;7.7336856918464036426e-09;
3517234.4822982302867;7.3704011782638190198e-09;
3517567.8378552673385;7.9555855236890238302e-09;
3517901.1934123043902;7.6385893166275309341e-09;
3518234.548969341442;7.4771184799260481668e-09;
3518567.9045263784938;8.0012627634573618707e-09;
3518901.2600834155455;8.1884818925459512684e-09;
3519234.6156404525973;7.3716961423997418024e-09;
3519567.9711974896491;7.6886976785317528993e-09;
3519901.3267545267008;7.6454220732102839975e-09;
3520234.6823115637526;8.0434299221110450162e-09;
3520568.0378686008044;7.6740436227851205331e-09;
3520901.3934256378561;8.1325586265279525833e-09;
3521234.7489826749079;7.5865269621999686933e-09;
3521568.1045397119597;7.4410313466444222286e-09;
3521901.4600967490114;8.0055375661913785734e-09;
3522234.8156537860632;7.7652693164509400958e-09;
3522568.171210823115;7.8078654652813384018e-09;
3522901.5267678601667;8.0722504236518943799e-09;
3523234.8823248972185;8.0308639738291276444e-09;
3523568.2378819342703;7.9312902911965466046e-09;
3523901.593438971322;7.9225870308619050775e-09;
3524234.9489960083738;7.6572641560801457672e-09;
3524568.3045530454256;7.2612897916712881852e-09;
3524901.6601100824773;7.2579102727843292087e-09;
3525235.0156671195291;7.7353297101012685744e-09;
3525568.3712241565809;7.3277068857180438499e-09;
3525901.7267811936326;7.8560074001643442898e-09;
3526235.0823382306844;7.5981443359296463314e-09;
3526568.4378952677362;7.4077464162769501854e-09;
3526901.7934523047879;7.6403869897490039875e-09;
3527235.1490093418397;7.8654940338651613274e-09;
3527568.5045663788915;7.7805903941907672561e-09;
3527901.8601234159432;7.6650836788871856697e-09;
3528235.215680452995;8.1986879507667254074e-09;
3528568.5712374900468;7.7082944471840164624e-09;
3528901.9267945270985;7.8738162656577515008e-09;
3529235.2823515641503;7.5996391402100016421e-09;
3529568.6379086012021;8.0277038350118345988e-09;
3529901.9934656382538;7.5346742178794556821e-09;
3530235.3490226753056;7.7813284704575380601e-09;
3530568.7045797123574;7.6911703672521980479e-09;
3530902.0601367494091;7.3010575363241514424e-09;
3531235.4156937864609;7.8695991945210153062e-09;
3531568.7712508235127;8.0331350460483008646e-09;
3531902.1268078605644;7.4450454690122569446e-09;
3532235.4823648976162;7.6267889781433950702e-09;
3532568.837921934668;7.2537296169628007192e-09;
3532902.1934789717197;7.6307964391730820353e-09;
3533235.5490360087715;7.3579302650728095614e-09;
3533568.9045930458233;8.0393327550609683385e-09;
3533902.260150082875;7.5579134062309094588e-09;
3534235.6157071199268;8.0554913850505727169e-09;
3534568.9712641569786;7.6867259224400186213e-09;
3534902.3268211940303;7.887909880821553088e-09;
3535235.6823782310821;7.8634494471430116391e-09;
3535569.0379352681339;7.5372961205744104518e-09;
3535902.3934923051856;8.0895832255123423238e-09;
3536235.7490493422374;8.0453235185018456832e-09;
3536569.1046063792892;7.8225284028121677693e-09;
3536902.4601634163409;7.815221358953294839e-09;
3537235.8157204533927;7.8542816694948669465e-09;
3537569.1712774904445;8.0615079056656213652e-09;
3537902.5268345274962;7.7687083432920189807e-09;
3538235.882391564548;7.4991000076352065662e-09;
3538569.2379486015998;7.7480599713908304693e-09;
3538902.5935056386515;7.4531065763494552812e-09;
3539235.9490626757033;7.8460491437226664857e-09;
3539569.3046197127551;7.474623586745110515e-09;
3539902.6601767498069;7.52976525575377309e-09;
3540236.0157337868586;8.1437958598939985677e-09;
3540569.3712908239104;7.456013584317133791e-09;
3540902.7268478609622;7.6727761921802084544e-09;
3541236.0824048980139;7.4126149662845364219e-09;
3541569.4379619350657;7.5871806615168679855e-09;
3541902.7935189721175;7.7752888572035772086e-09;
3542236.1490760091692;7.9160900057217986614e-09;
3542569.504633046221;7.8472623954439768568e-09;
3542902.8601900832728;7.9283655196604740922e-09;
3543236.2157471203245;8.4446032388996172813e-09;
3543569.5713041573763;7.5522068598843361542e-09;
3543902.9268611944281;8.0256032930492438027e-09;
3544236.2824182314798;8.0021349546655073937e-09;
3544569.6379752685316;7.6059700759856241348e-09;
3544902.9935323055834;7.7723392166717530927e-09;
3545236.3490893426351;7.3748696038933303498e-09;
3545569.7046463796869;8.1290592035543340899e-09;
3545903.0602034167387;8.173549836953952763e-09;
3546236.4157604537904;7.9809074904346744006e-09;
3546569.7713174908422;7.6992678899046040897e-09;
3546903.126874527894;7.7503052864358323859e-09;
3547236.4824315649457;7.5549797529106399452e-09;
3547569.8379886019975;7.9589401735802312032e-09;
3547903.1935456390493;7.9733402102988293336e-09;
3548236.549102676101;7.2512325033358138171e-09;
3548569.9046597131528;7.6066379861572386289e-09;
3548903.2602167502046;7.7677118071051154402e-09;
3549236.6157737872563;7.5866202209340372065e-09;
3549569.9713308243081;7.5453643333389663894e-09;
3549903.3268878613599;7.8807218528709199745e-09;
3550236.6824448984116;7.8600237429782282561e-09;
3550570.0380019354634;8.0965643078911853081e-09;
3550903.3935589725152;7.3966415214954395196e-09;
3551236.7491160095669;7.7035968715222225001e-09;
3551570.1046730466187;8.1593327649898128584e-09;
3551903.4602300836705;7.6316544195265123562e-09;
3552236.8157871207222;7.6929538295189558994e-09;
3552570.171344157774;7.7877011506188864587e-09;
3552903.5269011948258;7.9245632278457378561e-09;
3553236.8824582318775;7.5345685246475113672e-09;
3553570.2380152689293;8.3310265353020440671e-09;
3553903.5935723059811;7.7046795610158369527e-09;
3554236.9491293430328;8.0665945034752439824e-09;
3554570.3046863800846;7.9015993748043911182e-09;
3554903.6602434171364;7.7430382106058459613e-09;
3555237.0158004541881;7.9578077460951135436e-09;
3555570.3713574912399;7.3580075365953234723e-09;
3555903.7269145282917;7.5914199371140966832e-09;
3556237.0824715653434;7.9281559095534248627e-09;
3556570.4380286023952;8.0016429038209935243e-09;
3556903.793585639447;7.8303514783328864723e-09;
3557237.1491426764987;7.376955935001205944e-09;
3557570.5046997135505;7.7479915816525135597e-09;
3557903.8602567506023;8.1167295107320569514e-09;
3558237.215813787654;7.7834201306359318551e-09;
3558570.5713708247058;7.8621091859076841502e-09;
3558903.9269278617576;8.4075679751549614593e-09;
3559237.2824848988093;7.6415549443709096522e-09;
3559570.6380419358611;7.6445489938237187744e-09;
3559903.9935989729129;7.5205512928278039908e-09;
3560237.3491560099646;7.6522210790130884561e-09;
3560570.7047130470164;7.9947861664209085575e-09;
3560904.0602700840682;8.0730586660138214938e-09;
3561237.4158271211199;7.5906729790631288779e-09;
3561570.7713841581717;7.3242709675014339155e-09;
3561904.1269411952235;7.5788673115084748133e-09;
3562237.4824982322752;7.5757924378194729798e-09;
3562570.838055269327;7.5288921763672078669e-09;
3562904.1936123063788;7.4102715075241576415e-09;
3563237.5491693434305;7.9797866092690128426e-09;
3563570.9047263804823;7.6673059012932753831e-09;
3563904.2602834175341;7.485056130462908186e-09;
3564237.6158404545859;7.9135178410183470987e-09;
3564570.9713974916376;7.6989836728103000496e-09;
3564904.3269545286894;7.8480342224906962656e-09;
3565237.6825115657412;7.7477464444086763251e-09;
3565571.0380686027929;7.7331829828608533717e-09;
3565904.3936256398447;7.7581114865665767866e-09;
3566237.7491826768965;7.8788255919448602071e-09;
3566571.1047397139482;7.7760127226156328106e-09;
3566904.460296751;7.9174808931270490575e-09;
3567237.8158537880518;7.8847932627468253486e-09;
3567571.1714108251035;7.7819031218950840412e-09;
3567904.5269678621553;8.1142204066964040976e-09;
3568237.8825248992071;8.5205567046386931906e-09;
3568571.2380819362588;8.8021900879198256007e-09;
3568904.5936389733106;8.041974197681156511e-09;
3569237.9491960103624;8.2261708556075063825e-09;
3569571.3047530474141;7.9087509874398165266e-09;
3569904.6603100844659;7.7306978596425324213e-09;
3570238.0158671215177;7.8089215094223618507e-09;
3570571.3714241585694;7.8819537563390440482e-09;
3570904.7269811956212;7.7191621983274671948e-09;
3571238.082538232673;8.0080129194470828224e-09;
3571571.4380952697247;7.5161530332934489707e-09;
3571904.7936523067765;7.8616810839093886898e-09;
3572238.1492093438283;8.0076469899381663708e-09;
3572571.50476638088;7.7048012414593358699e-09;
3572904.8603234179318;7.9433242206050636014e-09;
3573238.2158804549836;7.6714821162227053719e-09;
3573571.5714374920353;7.5756467765586421592e-09;
3573904.9269945290871;7.7087687344601363293e-09;
3574238.2825515661389;7.9008497522181642125e-09;
3574571.6381086031906;7.4809420880228572059e-09;
3574904.9936656402424;8.0467650320770189865e-09;
3575238.3492226772942;7.6515496161277951614e-09;
3575571.7047797143459;8.3058040445393999107e-09;
3575905.0603367513977;7.4696879792668369191e-09;
3576238.4158937884495;8.5920746073497866746e-09;
3576571.7714508255012;7.8835329375692708709e-09;
3576905.127007862553;7.3917831855396798346e-09;
3577238.4825648996048;8.0744912978047977958e-09;
3577571.8381219366565;7.657156686491362052e-09;
3577905.1936789737083;7.6310513463795359712e-09;
3578238.5492360107601;7.6587847175346723816e-09;
3578571.9047930478118;7.6775359403313814255e-09;
3578905.2603500848636;7.5265917942601845425e-09;
3579238.6159071219154;7.4958990126106073149e-09;
3579571.9714641589671;7.9578077460951135436e-09;
3579905.3270211960189;7.6686257344249497692e-09;
3580238.6825782330707;7.9395015006866742624e-09;
3580572.0381352701224;8.2948536928029170667e-09;
3580905.3936923071742;7.6617583388838284009e-09;
3581238.749249344226;7.5686630296445400745e-09;
3581572.1048063812777;7.4256614190915115614e-09;
3581905.4603634183295;7.9759603366369447031e-09;
3582238.8159204553813;7.5662827114797437389e-09;
3582572.171477492433;8.0758102427580524818e-09;
3582905.5270345294848;7.8460073993369405798e-09;
3583238.8825915665366;7.3408359391180511011e-09;
3583572.2381486035883;7.499679988143270748e-09;
3583905.5937056406401;7.87686005310206383e-09;
3584238.9492626776919;8.7076648114248200727e-09;
3584572.3048197147436;7.7772970286105191917e-09;
3584905.6603767517954;7.5579267289072049607e-09;
3585239.0159337888472;7.8226243260814953828e-09;
3585572.3714908258989;7.5615922412453073775e-09;
3585905.7270478629507;7.7877011506188864587e-09;
3586239.0826049000025;7.3255317367681982432e-09;
3586572.4381619370542;7.9313320355822725105e-09;
3586905.793718974106;7.8295672167882912618e-09;
3587239.1492760111578;7.9427096011386311147e-09;
3587572.5048330482095;7.5939139421166146349e-09;
3587905.8603900852613;7.5838890722934593214e-09;
3588239.2159471223131;7.8685342685957948561e-09;
3588572.5715041593648;7.5057027260072572972e-09;
3588905.9270611964166;7.534687540555751184e-09;
3589239.2826182334684;7.5974773139364515373e-09;
3589572.6381752705202;8.8653973051577850129e-09;
3589905.9937323075719;7.7279409538277832326e-09;
3590239.3492893446237;8.282869501385903277e-09;
3590572.7048463816755;7.844505489629227668e-09;
3590906.0604034187272;7.703015114657318918e-09;
3591239.415960455779;7.5842487845534378721e-09;
3591572.7715174928308;7.9840907218908796494e-09;
3591906.1270745298825;8.0481932229758967878e-09;
3592239.4826315669343;8.6437150770279913559e-09;
3592572.8381886039861;7.4294326246615582932e-09;
3592906.1937456410378;7.1964358916432047408e-09;
3593239.5493026780896;7.8009145809687652218e-09;
3593572.9048597151414;7.7045037016887363279e-09;
3593906.2604167521931;7.488318409798466746e-09;
3594239.6159737892449;7.6111161817493666604e-09;
3594572.9715308262967;8.1400335361081488372e-09;
3594906.3270878633484;7.3593522387227494619e-09;
3595239.6826449004002;7.3581629678187709942e-09;
3595573.038201937452;7.8880209031240156037e-09;
3595906.3937589745037;7.4162098684382726788e-09;
3596239.7493160115555;7.995038409092103393e-09;
3596573.1048730486073;7.8425630434253434942e-09;
3596906.460430085659;7.8092101674087643914e-09;
3597239.8159871227108;7.8424520211228809785e-09;
3597573.1715441597626;7.8757258492601067701e-09;
3597906.5271011968143;7.5644353003667674784e-09;
3598239.8826582338661;6.6931322706409446255e-09;
3598573.2382152709179;8.2239024479235922627e-09;
3598906.5937723079696;7.3814150347573104227e-09;
3599239.9493293450214;7.5982775626926013501e-09;
3599573.3048863820732;7.6532833404030498059e-09;
3599906.6604434191249;7.8324706720422909711e-09;
3600240.0160004561767;8.1991489153665497724e-09;
3600573.3715574932285;7.8225150801358722674e-09;
3600906.7271145302802;7.9602404667866721866e-09;
3601240.082671567332;7.6062240950136583706e-09;
3601573.4382286043838;7.4460264620768157329e-09;
3601906.7937856414355;7.5953954237206744438e-09;
3602240.1493426784873;7.6306490015554118145e-09;
3602573.5048997155391;7.9981710143783857347e-09;
3602906.8604567525908;7.6879418386965880927e-09;
3603240.2160137896426;7.5957817813332439982e-09;
3603573.5715708266944;7.6487003397573971597e-09;
3603906.9271278637461;7.6024031514521084318e-09;
3604240.2826849007979;7.4428876395415954903e-09;
3604573.6382419378497;8.0064097573995240964e-09;
3604906.9937989749014;7.259147061233761633e-09;
3605240.3493560119532;7.6405619608976849122e-09;
3605573.704913049005;8.1183415545638126787e-09;
3605907.0604700860567;7.9237425509859349404e-09;
3606240.4160271231085;7.2238326431772748037e-09;
3606573.7715841601603;7.3917441056892130291e-09;
3606907.127141197212;7.8768325195710531261e-09;
3607240.4826982342638;7.7683255383931282267e-09;
3607573.8382552713156;7.6208692689760937355e-09;
3607907.1938123083673;7.6994979281153064221e-09;
3608240.5493693454191;8.5123277315801715304e-09;
3608573.9049263824709;7.6944273175172384072e-09;
3608907.2604834195226;7.311941718768366627e-09;
3609240.6160404565744;7.8686035465125314659e-09;
3609573.9715974936262;7.8144939408275604364e-09;
3609907.3271545306779;7.3057275784549347009e-09;
3610240.6827115677297;7.7395165831717349647e-09;
3610574.0382686047815;7.8185165008903823036e-09;
3610907.3938256418332;7.3089494456723969051e-09;
3611240.749382678885;7.6696897721717505192e-09;
3611574.1049397159368;7.736511875577889441e-09;
3611907.4604967529885;7.466814722079107014e-09;
3612240.8160537900403;7.7797297493020778347e-09;
3612574.1716108270921;7.6788175817910087062e-09;
3612907.5271678641438;7.2445733856341121282e-09;
3613240.8827249011956;8.1213942237923220091e-09;
3613574.2382819382474;7.7997084346748124517e-09;
3613907.5938389752991;7.7621598038035699574e-09;
3614240.9493960123509;7.9443562839287551469e-09;
3614574.3049530494027;7.954271907806287345e-09;
3614907.6605100864545;7.4963599772104316799e-09;
3615241.0160671235062;7.9725142043685082172e-09;
3615574.371624160558;7.8201516373610502342e-09;
3615907.7271811976098;7.71437669300212292e-09;
3616241.0827382346615;8.7562153083808880183e-09;
3616574.4382952717133;7.3770207720258440531e-09;
3616907.7938523087651;7.7160580147506152571e-09;
3617241.1494093458168;7.530850609782646643e-09;
3617574.5049663828686;7.7540374121554123121e-09;
3617907.8605234199204;7.9550401821393279533e-09;
3618241.2160804569721;7.3703625425025620643e-09;
3618574.5716374940239;7.6922646030652686022e-09;
3618907.9271945310757;7.665312828919468302e-09;
3619241.2827515681274;7.8271193970635977166e-09;
3619574.6383086051792;8.1456557055048506299e-09;
3619907.993865642231;7.887023478758692363e-09;
3620241.3494226792827;7.404793223031447269e-09;
3620574.7049797163345;7.5911401609118911438e-09;
3620908.0605367533863;7.6997137554712935525e-09;
3621241.416093790438;7.4129538063516520197e-09;
3621574.7716508274898;8.0924262846338024247e-09;
3621908.1272078645416;7.8078103982193169941e-09;
3622241.4827649015933;7.6806117021988029592e-09;
3622574.8383219386451;7.3232029329517445149e-09;
3622908.1938789756969;7.8600379538329434581e-09;
3623241.5494360127486;7.3953549950545038882e-09;
3623574.9049930498004;7.6132558035624242621e-09;
3623908.2605500868522;7.6885084965283567726e-09;
3624241.6161071239039;8.6853448877377559256e-09;
3624574.9716641609557;7.8083868260137023753e-09;
3624908.3272211980075;7.6963599937585058797e-09;
3625241.6827782350592;7.1318098093797743786e-09;
3625575.038335272111;7.810348812142819952e-09;
3625908.3938923091628;7.7470527770628905273e-09;
3626241.7494493462145;7.9106960981789598009e-09;
3626575.1050063832663;7.687050107563209167e-09;
3626908.4605634203181;7.1065717754947854701e-09;
3627241.8161204573698;7.9078343873106859974e-09;
3627575.1716774944216;7.8553998861252694041e-09;
3627908.5272345314734;7.9449291590094617277e-09;
3628241.8827915685251;8.153429043034066126e-09;
3628575.2383486055769;7.6491701861414185259e-09;
3628908.5939056426287;7.8049033902516384842e-09;
3629241.9494626796804;7.5003514510285640426e-09;
3629575.3050197167322;7.6585289221497987455e-09;
3629908.660576753784;7.9319590895465807989e-09;
3630242.0161337908357;7.5228374640801121132e-09;
3630575.3716908278875;8.079428681639910792e-09;
3630908.7272478649393;7.7759176875247248972e-09;
3631242.082804901991;7.4167183505835510005e-09;
3631575.4383619390428;7.8762232291751388402e-09;
3631908.7939189760946;7.8560207228406397917e-09;
3632242.1494760131463;8.0074222807979822392e-09;
3632575.5050330501981;7.5789206022136568208e-09;
3632908.8605900872499;7.6599686593681326485e-09;
3633242.2161471243016;7.4367187963275682705e-09;
3633575.5717041613534;7.4750170497850376705e-09;
3633908.9272611984052;7.818448111152065394e-09;
3634242.2828182354569;7.3504109465716283012e-09;
3634575.6383752725087;8.0021349546655073937e-09;
3634908.9939323095605;7.9967383825874094327e-09;
3635242.3494893466122;7.6306490015554118145e-09;
3635575.705046383664;7.5536794597041989618e-09;
3635909.0606034207158;7.6369657264763191051e-09;
3636242.4161604577675;7.4649655346092913533e-09;
3636575.7717174948193;8.0927957668563976767e-09;
3636909.1272745318711;8.049889643757524027e-09;
3637242.4828315689228;7.8179400730959969223e-09;
3637575.8383886059746;8.2015683133818129136e-09;
3637909.1939456430264;7.4731261179294961039e-09;
3638242.5495026800781;7.68522756544598451e-09;
3638575.9050597171299;7.7492305905479952344e-09;
3638909.2606167541817;8.0577420291660928342e-09;
3639242.6161737912335;7.0302679233691378613e-09;
3639575.9717308282852;7.4832291474535850284e-09;
3639909.327287865337;7.6652586500358665944e-09;
3640242.6828449023888;8.5035996022497783997e-09;
3640576.0384019394405;7.6925079639522664365e-09;
3640909.3939589764923;7.6903861057076028374e-09;
3641242.7495160135441;7.7288913047368623666e-09;
3641576.1050730505958;7.7448341073704796145e-09;
3641909.4606300876476;7.6471682319834144437e-09;
3642242.8161871246994;7.8899748956473558792e-09;
3642576.1717441617511;7.1677823676452590007e-09;
3642909.5273011988029;7.6336252874398269341e-09;
3643242.8828582358547;7.789384248724218196e-09;
3643576.2384152729064;8.0088566889457979414e-09;
3643909.5939723099582;7.4253092563481004618e-09;
3644242.94952934701;7.3656769572494340537e-09;
3644576.3050863840617;7.6230257661791256396e-09;
3644909.6606434211135;7.3552031132351203269e-09;
3645243.0162004581653;7.8929556224238694995e-09;
3645576.371757495217;7.1903070164580640267e-09;
3645909.7273145322688;7.648794486669885373e-09;
3646243.0828715693206;8.0998221463346453675e-09;
3646576.4384286063723;7.8598443309374488308e-09;
3646909.7939856434241;7.4767374513839968131e-09;
3647243.1495426804759;7.6007076188489008928e-09;
3647576.5050997175276;7.5328481230485522246e-09;
3647909.8606567545794;7.6558519523928225681e-09;
3648243.2162137916312;8.9575893369442383118e-09;
3648576.5717708286829;7.9489916871011701005e-09;
3648909.9273278657347;7.8865109998105253908e-09;
3649243.2828849027865;7.2547488016994066129e-09;
3649576.6384419398382;7.7814519272578763776e-09;
3649909.99399897689;7.3678121381703931547e-09;
3650243.3495560139418;8.0218391929065546719e-09;
3650576.7051130509935;7.5312600600341284007e-09;
3650910.0606700880453;7.5543429289837149554e-09;
3651243.4162271250971;7.715447836176281271e-09;
3651576.7717841621488;7.8337913933523850574e-09;
3651910.1273411992006;7.9993380808218716993e-09;
3652243.4828982362524;7.7023250000252119207e-09;
3652576.8384552733041;7.7614918936319554632e-09;
3652910.1940123103559;7.9887767512332175102e-09;
3653243.5495693474077;7.2364199077412649785e-09;
3653576.9051263844594;7.3337469430612145516e-09;
3653910.2606834215112;8.0982713868138489488e-09;
3654243.616240458563;7.9451245582617957552e-09;
3654576.9717974956147;8.0140640790204997757e-09;
3654910.3273545326665;7.7854576119307239424e-09;
3655243.6829115697183;7.8450019813658400381e-09;
3655577.03846860677;7.5682509148577992164e-09;
3655910.3940256438218;7.727398276813346456e-09;
3656243.7495826808736;8.3579259069210820599e-09;
3656577.1051397179253;8.0395166079938462644e-09;
3656910.4606967549771;7.6129884618580945244e-09;
3657243.8162537920289;7.4437247477021628583e-09;
3657577.1718108290806;7.298941451239215894e-09;
3657910.5273678661324;7.6603994259016872093e-09;
3658243.8829249031842;7.4001373917553792126e-09;
3658577.2384819402359;7.7983663970826455625e-09;
3658910.5940389772877;7.3844632630937212525e-09;
3659243.9495960143395;7.7031501177771133371e-09;
3659577.3051530513912;7.8607422793197656574e-09;
3659910.660710088443;7.8029565031556558097e-09;
3660244.0162671254948;7.014329561627619114e-09;
3660577.3718241625465;7.6464159448619284376e-09;
3660910.7273811995983;7.9300788158320756338e-09;
3661244.0829382366501;7.7766140194057697954e-09;
3661577.4384952737018;7.500786658454217104e-09;
3661910.7940523107536;7.5515700359574111644e-09;
3662244.1496093478054;7.8033952632949876715e-09;
3662577.5051663848571;7.5300832236280257348e-09;
3662910.8607234219089;7.4098811531086994364e-09;
3663244.2162804589607;7.7615869287228633766e-09;
3663577.5718374960124;7.2635608638904614054e-09;
3663910.9273945330642;7.493687448345554003e-09;
3664244.282951570116;8.3506321857385046314e-09;
3664577.6385086071678;7.5827433221320461598e-09;
3664910.9940656442195;7.4707635633330937708e-09;
3665244.3496226812713;7.9488513549108574807e-09;
3665577.7051797183231;7.9299109501107523101e-09;
3665911.0607367553748;8.0056077322865348833e-09;
3666244.4162937924266;7.8373565415290613601e-09;
3666577.7718508294784;7.6037922625005194277e-09;
3666911.1274078665301;7.7743873561075815815e-09;
3667244.4829649035819;7.6891302214221468603e-09;
3667577.8385219406337;7.3107857545551269141e-09;
3667911.1940789776854;7.3381025700314239657e-09;
3668244.5496360147372;7.2221451041798445658e-09;
3668577.905193051789;7.8731252628472248034e-09;
3668911.2607500888407;8.0075484021335796569e-09;
3669244.6163071258925;7.7661566066922205209e-09;
3669577.9718641629443;7.6128676695930153073e-09;
3669911.327421199996;7.9345374714989702625e-09;
3670244.6829782370478;7.4861610244170151418e-09;
3670578.0385352740996;7.9638349248511985934e-09;
3670911.3940923111513;7.4636803404359852721e-09;
3671244.7496493482031;7.8970749939344386803e-09;
3671578.1052063852549;7.6880768418163825118e-09;
3671911.4607634223066;7.649425981526292162e-09;
3672244.8163204593584;8.1974631527259589348e-09;
3672578.1718774964102;7.706277393992877478e-09;
3672911.5274345334619;7.9891000481779883557e-09;
3673244.8829915705137;7.6815833693899548962e-09;
3673578.2385486075655;7.8481168230837283772e-09;
3673911.5941056446172;7.4702910524138133042e-09;
3674244.949662681669;7.1230452647341735428e-09;
3674578.3052197187208;7.3743904316359021323e-09;
3674911.6607767557725;7.1228201115047795611e-09;
3675245.0163337928243;7.7387412034113367554e-09;
3675578.3718908298761;7.9476789593968533154e-09;
3675911.7274478669278;7.6188353403949804488e-09;
3676245.0830049039796;7.9772917160880751908e-09;
3676578.4385619410314;7.3153465507402870571e-09;
3676911.7941189780831;7.4178259090729170566e-09;
3677245.1496760151349;7.5681709788000262051e-09;
3677578.5052330521867;7.4011126116602099501e-09;
3677911.8607900892384;7.9448589929143054178e-09;
3678245.2163471262902;7.5125230480921345588e-09;
3678578.571904163342;7.4679951111988884804e-09;
3678911.9274612003937;7.219012054804352374e-09;
3679245.2830182374455;8.0538784530403972894e-09;
3679578.6385752744973;7.6291080119972320972e-09;
3679911.994132311549;7.2170212028765945433e-09;
3680245.3496893486008;8.5822540185631623899e-09;
3680578.7052463856526;7.6380928248909185641e-09;
3680912.0608034227043;7.9947861664209085575e-09;
3681245.4163604597561;7.7242763296681005158e-09;
3681578.7719174968079;7.719745731549210177e-09;
3681912.1274745338596;7.8302004880015374511e-09;
3682245.4830315709114;7.8293203031876146269e-09;
3682578.8385886079632;7.7703461442979460116e-09;
3682912.1941456450149;7.9664514984756351623e-09;
3683245.5497026820667;7.7828872235841117799e-09;
3683578.9052597191185;7.8196018549192558567e-09;
3683912.2608167561702;7.4155455109803369851e-09;
3684245.616373793222;8.4088087604072825343e-09;
3684578.9719308302738;7.5774968522068775201e-09;
3684912.3274878673255;7.5377588615310742171e-09;
3685245.6830449043773;8.0102360300315922359e-09;
3685579.0386019414291;7.392835232877814633e-09;
3685912.3941589784808;7.946966640304253815e-09;
3686245.7497160155326;7.5709101210463813914e-09;
3686579.1052730525844;7.5934210030936810654e-09;
3686912.4608300896361;8.4120888033112350968e-09;
3687245.8163871266879;8.1176851907116542861e-09;
3687579.1719441637397;8.0103488286908941518e-09;
3687912.5275012007914;8.0706055172186097479e-09;
3688245.8830582378432;8.3455136135057728097e-09;
3688579.238615274895;7.8658253244157094741e-09;
3688912.5941723119467;7.751667752131652378e-09;
3689245.9497293489985;7.5273449695600902487e-09;
3689579.3052863860503;7.3911081699407077394e-09;
3689912.6608434231021;8.3293292263419971277e-09;
3690246.0164004601538;7.5278876465745270252e-09;
3690579.3719574972056;7.9318613899204137851e-09;
3690912.7275145342574;7.9692092924688040512e-09;
3691246.0830715713091;8.090492720214115252e-09;
3691579.4386286083609;7.5052675185816042358e-09;
3691912.7941856454127;7.4084360868198473327e-09;
3692246.1497426824644;7.9206943226495241106e-09;
3692579.5052997195162;8.379919869128116261e-09;
3692912.860856756568;7.3847874482169117982e-09;
3693246.2164137936197;7.9914856954133028921e-09;
3693579.5719708306715;7.2885115720566773234e-09;
3693912.9275278677233;7.6349797595298696251e-09;
3694246.283084904775;7.5047799086291888671e-09;
3694579.6386419418268;7.8160313776720613532e-09;
3694912.9941989788786;7.631319576262285409e-09;
3695246.3497560159303;7.5619510653268662281e-09;
3695579.7053130529821;7.6954407290941162501e-09;
3695913.0608700900339;7.7565163181247953617e-09;
3696246.4164271270856;8.4687297174923514831e-09;
3696579.7719841641374;7.4102977087875387951e-09;
3696913.1275412011892;7.3950303658421034925e-09;
3697246.4830982382409;7.5233002050367758784e-09;
3697579.8386552752927;7.4601018695830134675e-09;
3697913.1942123123445;7.6205353138902864885e-09;
3698246.5497693493962;7.9942097386265231762e-09;
3698579.905326386448;7.2030506004239214235e-09;
3698913.2608834234998;8.0825808268514265365e-09;
3699246.6164404605515;7.4188162280108826963e-09;
3699579.9719974976033;7.9309563361107393575e-09;
3699913.3275545346551;7.7597466230372447171e-09;
3700246.6831115717068;8.552063057720715733e-09;
3700580.0386686087586;7.6492110423487247317e-09;
3700913.3942256458104;7.9835160704533336684e-09;
3701246.7497826828621;7.914491284566338436e-09;
3701580.1053397199139;7.9104465200430240657e-09;
3701913.4608967569657;8.79055406244333426e-09;
3702246.8164537940174;7.5922068631939509942e-09;
3702580.1720108310692;8.4964915103569182975e-09;
3702913.527567868121;7.7239104001591840643e-09;
3703246.8831249051727;7.7149593380454462022e-09;
3703580.2386819422245;8.3711659826235518267e-09;
3703913.5942389792763;7.8538544556749911862e-09;
3704246.949796016328;8.7655571689992939355e-09;
3704580.3053530533798;7.9847639611330123444e-09;
3704913.6609100904316;8.3427575958694433211e-09;
3705247.0164671274833;7.987626560179705848e-09;
3705580.3720241645351;7.4113262193975515402e-09;
3705913.7275812015869;7.9344122383417925448e-09;
3706247.0831382386386;7.8879933695930048998e-09;
3706580.4386952756904;7.7865935921295204025e-09;
3706913.7942523127422;7.943867785797920078e-09;
3707247.1498093497939;7.7040436252673316631e-09;
3707580.5053663868457;8.2465874129411531612e-09;
3707913.8609234238975;8.0824245074495593144e-09;
3708247.2164804609492;8.3031057585003509303e-09;
3708580.572037498001;7.7851156632391393941e-09;
3708913.9275945350528;7.4230661617491477955e-09;
3709247.2831515721045;7.6233197532360463811e-09;
3709580.6387086091563;7.5358794759949887521e-09;
3709913.9942656462081;8.023981479254871374e-09;
3710247.3498226832598;7.4789578974332471262e-09;
3710580.7053797203116;7.9274879993818103685e-09;
3710914.0609367573634;8.096280090796881268e-09;
3711247.4164937944151;7.8349202681238239165e-09;
3711580.7720508314669;7.6108754853976279264e-09;
3711914.1276078685187;8.2179383298353059217e-09;
3712247.4831649055704;7.8778708001436825725e-09;
3712580.8387219426222;7.3495458607908403792e-09;
3712914.194278979674;7.4736252742013675743e-09;
3713247.5498360167257;7.8491098065569531173e-09;
3713580.9053930537775;7.5317627690196786716e-09;
3713914.2609500908293;8.2113285060358975898e-09;
3714247.6165071278811;7.8793096491835967754e-09;
3714580.9720641649328;8.0691879844607683481e-09;
3714914.3276212019846;7.6120656444800260942e-09;
3715247.6831782390364;7.9232131966477936658e-09;
3715581.0387352760881;7.5583388436939458188e-09;
3715914.3942923131399;7.7497750439192714111e-09;
3716247.7498493501917;7.2340555767880232452e-09;
3716581.1054063872434;7.8126127789346355712e-09;
3716914.4609634242952;7.6734503196007608494e-09;
3717247.816520461347;7.5493282736260880483e-09;
3717581.1720774983987;8.3552400553799088812e-09;
3717914.5276345354505;9.0938030439247086179e-09;
3718247.8831915725023;7.7582340551884954039e-09;
3718581.238748609554;7.6648678515311985393e-09;
3718914.5943056466058;8.2991240546448352688e-09;
3719247.9498626836576;7.6527726378117222339e-09;
3719581.3054197207093;8.2771238751888631668e-09;
3719914.6609767577611;7.6779542723670601845e-09;
3720248.0165337948129;7.3044184034642967163e-09;
3720581.3720908318646;7.7635649020635355555e-09;
3720914.7276478689164;7.9223090310165389383e-09;
3721248.0832049059682;7.9011410747398258536e-09;
3721581.4387619430199;8.055208944313108077e-09;
3721914.7943189800717;7.5240924601871483901e-09;
3722248.1498760171235;7.7647372975775397208e-09;
3722581.5054330541752;7.6962924921986086702e-09;
3722914.860990091227;7.2076962176481629285e-09;
3723248.2165471282788;7.6055695075183393783e-09;
3723581.5721041653305;7.3633996677813229326e-09;
3723914.9276612023823;7.7562303246736519213e-09;
3724248.2832182394341;7.796065126797202538e-09;
3724581.6387752764858;7.6426021067277360999e-09;
3724914.9943323135376;7.3426806856957682612e-09;
3725248.3498893505894;7.8114741342005800107e-09;
3725581.7054463876411;7.9160482613360727555e-09;
3725915.0610034246929;7.7373005780145831523e-09;
3726248.4165604617447;7.2233885539674247411e-09;
3726581.7721174987964;7.5332717841547491844e-09;
3726915.1276745358482;7.3982659998250710487e-09;
3727248.4832315729;7.7345143623119838594e-09;
3727581.8387886099517;7.6519661718066345202e-09;
3727915.1943456470035;7.4738224498105410021e-09;
3728248.5499026840553;7.4296022667397210171e-09;
3728581.905459721107;7.4463142318847985734e-09;
3728915.2610167581588;7.3509536235860650777e-09;
3729248.6165737952106;7.3749863993555209163e-09;
3729581.9721308322623;7.6457444819766351429e-09;
3729915.3276878693141;7.8239574818894652708e-09;
3730248.6832449063659;7.5825701273402046354e-09;
3730582.0388019434176;7.9423747578744041675e-09;
3730915.3943589804694;7.7989277258438960416e-09;
3731248.7499160175212;7.6328348086462938227e-09;
3731582.1054730545729;7.237678456561980056e-09;
3731915.4610300916247;7.8666273495286986872e-09;
3732248.8165871286765;7.7035968715222225001e-09;
3732582.1721441657282;7.5441715097213091212e-09;
3732915.52770120278;7.5459869464111761772e-09;
3733248.8832582398318;7.371799615185636867e-09;
3733582.2388152768835;7.6502724155602663814e-09;
3733915.5943723139353;7.5241857189212169033e-09;
3734248.9499293509871;7.7021082844908050902e-09;
3734582.3054863880388;7.4266401917100210994e-09;
3734915.6610434250906;7.4608879074844480783e-09;
3735249.0166004621424;7.7742372539546522603e-09;
3735582.3721574991941;7.684106684280322952e-09;
3735915.7277145362459;7.9054167656522622565e-09;
3736249.0832715732977;7.7719706226275775407e-09;
3736582.4388286103494;7.5181469938456757518e-09;
3736915.7943856474012;7.7232584771991241723e-09;
3737249.149942684453;7.4933188543013784511e-09;
3737582.5054997215047;7.660950984700320987e-09;
3737915.8610567585565;7.2647985405183135299e-09;
3738249.2166137956083;7.682433356137607916e-09;
3738582.57217083266;7.6220079137101492961e-09;
3738915.9277278697118;7.5439459124027052894e-09;
3739249.2832849067636;7.5023418588671120233e-09;
3739582.6388419438154;7.8840454165174378431e-09;
3739915.9943989808671;7.6732611375973647228e-09;
3740249.3499560179189;7.615128083671152126e-09;
3740582.7055130549707;7.5311810121547750896e-09;
3740916.0610700920224;7.7093371686487444094e-09;
3741249.4166271290742;7.2857209154619795299e-09;
3741582.772184166126;7.423992087751685176e-09;
3741916.1277412031777;7.5010762046190393448e-09;
3742249.4832982402295;7.3672556943904510263e-09;
3742582.8388552772813;7.6242709923235452152e-09;
3742916.194412314333;7.3415713508495628048e-09;
3743249.5499693513848;7.8852364637782557111e-09;
3743582.9055263884366;7.4661459237290728197e-09;
3743916.2610834254883;7.4972819064100804098e-09;
3744249.6166404625401;7.8856654539549708716e-09;
3744582.9721974995919;7.5395867327188170748e-09;
3744916.3277545366436;7.5844619473741659021e-09;
3745249.6833115736954;7.3411974277348690521e-09;
3745583.0388686107472;7.272856095141833066e-09;
3745916.3944256477989;7.4504753477810936602e-09;
3746249.7499826848507;7.6087367517629900249e-09;
3746583.1055397219025;7.6947248572878379491e-09;
3746916.4610967589542;7.7691719724271024461e-09;
3747249.816653796006;7.6634814050180466438e-09;
3747583.1722108330578;7.4748989220552175539e-09;
3747916.5277678701095;7.7361184125379622856e-09;
3748249.8833249071613;7.6654202985082520172e-09;
3748583.2388819442131;7.7526616237832968181e-09;
3748916.5944389812648;7.5806783073062433687e-09;
3749249.9499960183166;7.709865634808465984e-09;
3749583.3055530553684;7.7841315615501116554e-09;
3749916.6611100924201;7.4044548270535415213e-09;
3750250.0166671294719;7.5090262896537751658e-09;
3750583.3722241665237;7.4870687427619486698e-09;
3750916.7277812035754;7.6157835593448908185e-09;
3751250.0833382406272;7.3408621403814322548e-09;
3751583.438895277679;7.6856867536889694748e-09;
3751916.7944523147307;7.7660882169539036113e-09;
3752250.1500093517825;8.0519404477286116162e-09;
3752583.5055663888343;7.7270181364497148024e-09;
3752916.861123425886;7.5107147168296251039e-09;
3753250.2166804629378;7.199862483986407824e-09;
3753583.5722374999896;7.4442345621150707302e-09;
3753916.9277945370413;7.4883317324747622479e-09;
3754250.2833515740931;7.9403523756127469824e-09;
3754583.6389086111449;7.6185671105122310109e-09;
3754916.9944656481966;7.3988375426381480793e-09;
3755250.3500226852484;7.3252102161802667979e-09;
3755583.7055797223002;7.8643882517326346715e-09;
3755917.0611367593519;7.8033819406186921697e-09;
3756250.4166937964037;7.614432639968526928e-09;
3756583.7722508334555;7.5340391703093700926e-09;
3756917.1278078705072;7.432147786090581576e-09;
3757250.483364907559;7.8625923549680010183e-09;
3757583.8389219446108;7.8324013941255543614e-09;
3757917.1944789816625;7.28479943035154065e-09;
3758250.5500360187143;7.8399180480914765212e-09;
3758583.9055930557661;7.8042177165116299875e-09;
3758917.2611500928178;7.4659620707961948938e-09;
3759250.6167071298696;7.2505188519755847665e-09;
3759583.9722641669214;8.0265056823236591299e-09;
3759917.3278212039731;7.6040729268811446673e-09;
3760250.6833782410249;7.6187811615113787411e-09;
3760584.0389352780767;7.641205890251967503e-09;
3760917.3944923151284;7.6197048670678668714e-09;
3761250.7500493521802;7.5441048963398316118e-09;
3761584.105606389232;7.9414261833221644338e-09;
3761917.4611634262837;7.9558093446507882618e-09;
3762250.8167204633355;7.8127087022039631847e-09;
3762584.1722775003873;7.4531589788762175885e-09;
3762917.527834537439;7.7767507988824036147e-09;
3763250.8833915744908;7.6932513692895554414e-09;
3763584.2389486115426;7.6227175682674896962e-09;
3763917.5945056485943;7.4005925831954755267e-09;
3764250.9500626856461;7.8395459013336221687e-09;
3764584.3056197226979;7.611745012070514349e-09;
3764917.6611767597497;7.6174160312802996486e-09;
3765251.0167337968014;7.2200521117338212207e-09;
3765584.3722908338532;7.7792785546648701711e-09;
3765917.727847870905;7.3040080650343952584e-09;
3766251.0834049079567;7.6073067845072728232e-09;
3766584.4389619450085;7.5533215238010598114e-09;
3766917.7945189820603;7.3515473708596346114e-09;
3767251.150076019112;7.3560042501696898398e-09;
3767584.5056330561638;7.7395840847316321742e-09;
3767917.8611900932156;7.8576629647386653232e-09;
3768251.2167471302673;7.3026349411975388648e-09;
3768584.5723041673191;7.8860393770696646243e-09;
3768917.9278612043709;7.7743056436929691699e-09;
3769251.2834182414226;7.4491794954667511774e-09;
3769584.6389752784744;7.530453594029040687e-09;
3769917.9945323155262;7.3821415647046251252e-09;
3770251.3500893525779;7.4011254902472956019e-09;
3770584.7056463896297;7.767766874167136848e-09;
3770918.0612034266815;7.3264327937749840203e-09;
3771251.4167604637332;7.7842541301720302727e-09;
3771584.772317500785;7.4740453825938857335e-09;
3771918.1278745378368;7.3589645488425503572e-09;
3772251.4834315748885;7.2902657244355850708e-09;
3772584.8389886119403;7.3857733262627789372e-09;
3772918.1945456489921;7.6750952260340454814e-09;
3773251.5501026860438;7.4002675098938652809e-09;
3773584.9056597230956;7.6774950841240752197e-09;
3773918.2612167601474;7.4636146152329274628e-09;
3774251.6167737971991;7.8888806598342853249e-09;
3774584.9723308342509;7.2559851460596291872e-09;
3774918.3278878713027;7.2049237687110689876e-09;
3775251.6834449083544;7.272856095141833066e-09;
3775585.0390019454062;7.5556831902190424444e-09;
3775918.394558982458;7.8414608140064956388e-09;
3776251.7501160195097;7.5964496915048584924e-09;
3776585.1056730565615;7.9813986531007685699e-09;
3776918.4612300936133;7.5104509278389741667e-09;
3777251.816787130665;6.8732841640439801267e-09;
3777585.1723441677168;7.9104323091883088637e-09;
3777918.5279012047686;7.2892412106284609763e-09;
3778251.8834582418203;7.4406916183988869307e-09;
3778585.2390152788721;7.2112422699888156785e-09;
3778918.5945723159239;7.7676984844288199383e-09;
3779251.9501293529756;7.747256169921001856e-09;
3779585.3056863900274;7.5111241670811068616e-09;
3779918.6612434270792;7.8545170367760874797e-09;
3780252.0168004641309;7.3018524560097830545e-09;
3780585.3723575011827;7.5237887031676109473e-09;
3780918.7279145382345;7.5699260193573536526e-09;
3781252.0834715752862;7.4518231585329886002e-09;
3781585.439028612338;7.3030328451295645209e-09;
3781918.7945856493898;7.2947239360132698494e-09;
3782252.1501426864415;7.3620158858034301375e-09;
3782585.5056997234933;7.6153963135539015639e-09;
3782918.8612567605451;7.9058342095095213153e-09;
3783252.2168137975968;7.4209149936166340922e-09;
3783585.5723708346486;7.5196400217691916623e-09;
3783918.9279278717004;7.8649691204191185534e-09;
3784252.2834849087521;7.9141573294805311889e-09;
3784585.6390419458039;7.5857009562696475768e-09;
3784918.9945989828557;7.5529493770432054589e-09;
3785252.3501560199074;7.6701889284436219896e-09;
3785585.7057130569592;8.079613422751208418e-09;
3785919.061270094011;7.5668813437346216233e-09;
3786252.4168271310627;7.1677193069774602918e-09;
3786585.7723841681145;7.6048340957868276746e-09;
3786919.1279412051663;7.6727353359729022486e-09;
3787252.483498242218;7.277572322550440731e-09;
3787585.8390552792698;7.4919501713566205581e-09;
3787919.1946123163216;7.2111787652318071196e-09;
3788252.5501693533733;7.5009580768892192282e-09;
3788585.9057263904251;7.6608026589042310661e-09;
3788919.2612834274769;7.2413413043648233725e-09;
3789252.6168404645287;7.511928856729355175e-09;
3789585.9723975015804;8.121322281340326299e-09;
3789919.3279545386322;7.7023525335562226246e-09;
3790252.683511575684;7.6242709923235452152e-09;
3790586.0390686127357;7.6090440614962062682e-09;
3790919.3946256497875;7.6230390888554211415e-09;
3791252.7501826868393;7.462906737032426463e-09;
3791586.105739723891;7.7360500227996453759e-09;
3791919.4612967609428;7.3938224431913113222e-09;
3792252.8168537979946;7.4466934840700105269e-09;
3792586.1724108350463;7.5624031481424935919e-09;
3792919.5279678720981;7.3980448433985657175e-09;
3793252.8835249091499;8.0433872895468994102e-09;
3793586.2390819462016;7.5745152372519441997e-09;
3793919.5946389832534;7.6559594219816062832e-09;
3794252.9501960203052;7.8523365587557236722e-09;
3794586.3057530573569;7.7355606364903906069e-09;
3794919.6613100944087;7.1022783210139550647e-09;
3795253.0168671314605;7.96154164817153287e-09;
3795586.3724241685122;7.9091817539733710873e-09;
3795919.727981205564;7.5219785955482620921e-09;
3796253.0835382426158;7.8948136916778821615e-09;
3796586.4390952796675;7.5941812838209443726e-09;
3796919.7946523167193;7.7566806311324398848e-09;
3797253.1502093537711;7.7357915628795126395e-09;
3797586.5057663908228;7.2853367782954592258e-09;
3797919.8613234278746;7.5915798092296427058e-09;
3798253.2168804649264;7.9897031213249647408e-09;
3798586.5724375019781;7.380792865774310485e-09;
3798919.9279945390299;7.7602377857033388864e-09;
3799253.2835515760817;7.5395076848394637636e-09;
3799586.6391086131334;7.4939379146599094383e-09;
3799919.9946656501852;7.9785946738297752745e-09;
3800253.350222687237;7.6926696124246518593e-09;
3800586.7057797242887;7.1849024507741887646e-09;
3800920.0613367613405;8.0895548038029119198e-09;
3801253.4168937983923;7.0991474920845121233e-09;
3801586.772450835444;7.9647310968766760197e-09;
3801920.1280078724958;7.5069692684337496758e-09;
3802253.4835649095476;7.291508286044745546e-09;
3802586.8391219465993;7.7705646361891922425e-09;
3802920.1946789836511;8.1145339336785582418e-09;
3803253.5502360207029;7.558113246375341987e-09;
3803586.9057930577546;7.5210531136349345616e-09;
3803920.2613500948064;7.4496115942679352884e-09;
3804253.6169071318582;7.3133419320470238745e-09;
3804586.9724641689099;7.6989161712504028401e-09;
3804920.3280212059617;7.8406481307524700242e-09;
3805253.6835782430135;7.8261157554493365751e-09;
3805587.0391352800652;7.0375585359272463393e-09;
3805920.394692317117;7.5501107588138438587e-09;
3806253.7502493541688;7.6801525139558179944e-09;
3806587.1058063912205;7.1853696326229510305e-09;
3806920.4613634282723;7.6905219970058169565e-09;
3807253.8169204653241;7.5942345745261263801e-09;
3807587.1724775023758;7.3249011300902111543e-09;
3807920.5280345394276;7.8550961291057319613e-09;
3808253.8835915764794;7.441410598829634182e-09;
3808587.2391486135311;7.7443988999448265531e-09;
3808920.5947056505829;7.8199313691129646031e-09;
3809253.9502626876347;7.9210282777353313577e-09;
3809587.3058197246864;7.729149764656995103e-09;
3809920.6613767617382;7.6764301581988547696e-09;
3810254.01693379879;7.3193189287223958672e-09;
3810587.3724908358417;7.8298425520983983006e-09;
3810920.7280478728935;7.7829556133224286896e-09;
3811254.0836049099453;7.8030115702176772174e-09;
3811587.439161946997;7.455686734658684145e-09;
3811920.7947189840488;7.7888504534939784207e-09;
3812254.1502760211006;7.5484400952063879231e-09;
3812587.5058330581523;7.897824616520665586e-09;
3812920.8613900952041;7.1627850317668162461e-09;
3813254.2169471322559;7.5253092646221375617e-09;
3813587.5725041693076;7.1917467536763979297e-09;
3813920.9280612063594;7.4374373326691056718e-09;
3814254.2836182434112;7.6811108584706744296e-09;
3814587.639175280463;7.8071389353340236994e-09;
3814920.9947323175147;7.7223498706757709442e-09;
3815254.3502893545665;8.0611686215092959173e-09;
3815587.7058463916183;7.6024031514521084318e-09;
3815921.06140342867;7.5541306543414066255e-09;
3816254.4169604657218;7.671212998161536234e-09;
3816587.7725175027736;7.9238953176741233619e-09;
3816921.1280745398253;7.6746635713220712205e-09;
3817254.4836315768771;7.6894677292216329079e-09;
3817587.8391886139289;7.9420399146101772203e-09;
3817921.1947456509806;7.7480324378598197654e-09;
3818254.5503026880324;7.127238355053577834e-09;
3818587.9058597250842;7.2966850339639677259e-09;
3818921.2614167621359;7.7867436942824497237e-09;
3819254.6169737991877;7.2909958070965785737e-09;
3819587.9725308362395;7.4941741701195496717e-09;
3819921.3280878732912;7.5875536964531420381e-09;
3820254.683644910343;7.840179172546868358e-09;
3820588.0392019473948;7.7837487566512209014e-09;
3820921.3947589844465;7.8866770891750093142e-09;
3821254.7503160214983;7.3266002154070974939e-09;
3821588.1058730585501;7.1220318531572956999e-09;
3821921.4614300956018;7.7086870220455239178e-09;
3822254.8169871326536;7.6990378516939017572e-09;
3822588.1725441697054;8.3308222542655130383e-09;
3822921.5281012067571;7.9194979463181880419e-09;
3823254.8836582438089;8.0073796482338366332e-09;
3823588.2392152808607;8.0231785659634624608e-09;
3823921.5947723179124;7.7018240673965010501e-09;
3824254.9503293549642;7.5258643761344501399e-09;
3824588.305886392016;7.9011410747398258536e-09;
3824921.6614434290677;7.4338974975773908227e-09;
3825255.0170004661195;7.8283850513116703951e-09;
3825588.3725575031713;7.2759358538121432503e-09;
3825921.728114540223;7.4244614900464966922e-09;
3826255.0836715772748;7.2389756411439520889e-09;
3826588.4392286143266;7.454559636244084686e-09;
3826921.7947856513783;7.5105308638967471779e-09;
3827255.1503426884301;7.7733908199206780409e-09;
3827588.5058997254819;6.872463043094967361e-09;
3827921.8614567625336;7.9135737962587882066e-09;
3828255.2170137995854;7.8403035175256263756e-09;
3828588.5725708366372;7.6231998491493868642e-09;
3828921.9281278736889;7.5774835295305820182e-09;
3829255.2836849107407;7.8966584382555993216e-09;
3829588.6392419477925;8.1069257973354069691e-09;
3829921.9947989848442;7.5180022207632646314e-09;
3830255.350356021896;7.558524472983663145e-09;
3830588.7059130589478;7.5347408312609331915e-09;
3830922.0614700959995;7.743922836311867286e-09;
3831255.4170271330513;7.6675483740018535173e-09;
3831588.7725841701031;7.5080901495994112338e-09;
3831922.1281412071548;7.3977068915098698199e-09;
3832255.4836982442066;7.5819706069069070509e-09;
3832588.8392552812584;7.9853679224584084295e-09;
3832922.1948123183101;7.6605335408430619282e-09;
3833255.5503693553619;7.3929391497529195476e-09;
3833588.9059263924137;7.9861672830361385422e-09;
3833922.2614834294654;8.0189792583951202687e-09;
3834255.6170404665172;6.8670322761477109452e-09;
3834588.972597503569;7.789781264477824152e-09;
3834922.3281545406207;7.2794135164144790906e-09;
3835255.6837115776725;7.466892881780040625e-09;
3835589.0392686147243;7.3622485885493915703e-09;
3835922.394825651776;7.854668027107436501e-09;
3836255.7503826888278;7.4337278554992280988e-09;
3836589.1059397258796;7.0097101456667587627e-09;
3836922.4614967629313;7.3903292374666307296e-09;
3837255.8170537999831;7.4991133303115020681e-09;
3837589.1726108370349;7.9407431741174150375e-09;
3837922.5281678740866;7.5164168222840999078e-09;
3838255.8837249111384;7.6169213159005266789e-09;
3838589.2392819481902;7.3185857374369334138e-09;
3838922.5948389852419;7.5606623184398813464e-09;
3839255.9503960222937;7.9190805024609289831e-09;
3839589.3059530593455;7.5336687999083551404e-09;
3839922.6615100963973;7.7030959388935116294e-09;
3840256.017067133449;8.1837798759920588054e-09;
3840589.3726241705008;7.5108470554141604225e-09;
3840922.7281812075526;7.5331527682465093676e-09;
3841256.0837382446043;7.4483161860428026557e-09;
3841589.4392952816561;7.4858057530491350917e-09;
3841922.7948523187079;7.5793069598262263753e-09;
3842256.1504093557596;7.486779196597126429e-09;
3842589.5059663928114;7.5742887517549206677e-09;
3842922.8615234298632;7.130181334247254199e-09;
3843256.2170804669149;7.6645587654411428957e-09;
3843589.5726375039667;8.0952702319336822256e-09;
3843922.9281945410185;7.5488246764621180773e-09;
3844256.2837515780702;7.3526065236251270107e-09;
3844589.639308615122;7.5781620978432329139e-09;
3844922.9948656521738;7.5212911454514141951e-09;
3845256.3504226892255;7.5790538289766118396e-09;
3845589.7059797262773;7.4398158744770626072e-09;
3845923.0615367633291;6.7917373947068426787e-09;
3846256.4170938003808;7.3726416083275125857e-09;
3846589.7726508374326;7.4230532831620621437e-09;
3846923.1282078744844;7.4825976525971782394e-09;
3847256.4837649115361;7.4985599951560288901e-09;
3847589.8393219485879;7.7203150539162379573e-09;
3847923.1948789856397;7.5579134062309094588e-09;
3848256.5504360226914;7.5487447404043450661e-09;
3848589.9059930597432;7.2727539546235675516e-09;
3848923.261550096795;7.816951530514870683e-09;
3849256.6171071338467;7.3469124117764295079e-09;
3849589.9726641708985;7.6384143454788500094e-09;
3849923.3282212079503;7.5258776988107456418e-09;
3850256.683778245002;7.1526127243259907118e-09;
3850590.0393352820538;7.1240711108089271875e-09;
3850923.3948923191056;7.7902191364387363137e-09;
3851256.7504493561573;7.9254549589791167818e-09;
3851590.1060063932091;7.8101844991351754288e-09;
3851923.4615634302609;7.7607014148384223517e-09;
3852256.8171204673126;7.4006054617825611786e-09;
3852590.1726775043644;7.7712609680702371406e-09;
3852923.5282345414162;7.4245005698969634977e-09;
3853256.8837915784679;7.1334262941036286065e-09;
3853590.2393486155197;7.4222574752980108315e-09;
3853923.5949056525715;7.3252488519415237533e-09;
3854256.9504626896232;7.7661832520448115247e-09;
3854590.306019726675;7.7031501177771133371e-09;
3854923.6615767637268;7.5119688247582416807e-09;
3855257.0171338007785;8.1045472555274500337e-09;
3855590.3726908378303;7.57019158470484399e-09;
3855923.7282478748821;7.592007023049518466e-09;
3856257.0838049119338;7.3435191261239651794e-09;
3856590.4393619489856;7.8353190602342692728e-09;
3856923.7949189860374;7.7527433361979092297e-09;
3857257.1504760230891;7.4240311676021519816e-09;
3857590.5060330601409;7.2864247968595918792e-09;
3857923.8615900971927;7.4917920755979139358e-09;
3858257.2171471342444;7.5236563645830756286e-09;
3858590.5727041712962;7.5792803144736353715e-09;
3858923.928261208348;7.5134467536486226891e-09;
3859257.2838182453997;7.3648487308730636869e-09;
3859590.6393752824515;7.6130550752395720338e-09;
3859923.9949323195033;7.5641963803718681447e-09;
3860257.350489356555;7.5297919011063640937e-09;
3860590.7060463936068;7.4904624725036228483e-09;
3860924.0616034306586;7.8892687938036942796e-09;
3861257.4171604677103;7.217578978924166222e-09;
3861590.7727175047621;7.5510788732913169952e-09;
3861924.1282745418139;7.4653065951224562014e-09;
3862257.4838315788656;7.398863743901529233e-09;
3862590.8393886159174;7.3997994398666833149e-09;
3862924.1949456529692;7.5716020120353277889e-09;
3863257.5505026900209;7.6083219724409900664e-09;
3863590.9060597270727;7.7284836308422200091e-09;
3863924.2616167641245;7.7472970261283080617e-09;
3864257.6171738011762;7.4576380626467653201e-09;
3864590.972730838228;7.5900201679246492859e-09;
3864924.3282878752798;7.0756032144458913535e-09;
3865257.6838449123316;6.9233454524919579853e-09;
3865591.0394019493833;7.3672170586291940708e-09;
3865924.3949589864351;7.4335972932715321804e-09;
3866257.7505160234869;7.7609465520822595863e-09;
3866591.1060730605386;7.8216491061766646453e-09;
3866924.4616300975904;7.4105970249149777374e-09;
3867257.8171871346422;7.4552017892415278766e-09;
3867591.1727441716939;7.4833996777101674525e-09;
3867924.5283012087457;7.9162711941194174869e-09;
3868257.8838582457975;7.3613435347397171427e-09;
3868591.2394152828492;7.6993353914645012992e-09;
3868924.594972319901;7.7946129550809928332e-09;
3869257.9505293569528;7.4549397766077163396e-09;
3869591.3060863940045;7.7583157676031078154e-09;
3869924.6616434310563;7.2209020984814742405e-09;
3870258.0172004681081;7.9449709033951876336e-09;
3870591.3727575051598;7.8348509902070873068e-09;
3870924.7283145422116;7.7204642678907475783e-09;
3871258.0838715792634;8.151209485163235513e-09;
3871591.4394286163151;7.5747284000726722297e-09;
3871924.7949856533669;7.6892385791893502756e-09;
3872258.1505426904187;7.7093238459724489076e-09;
3872591.5060997274704;8.2311730764672574878e-09;
3872924.8616567645222;7.4019577134265546192e-09;
3873258.217213801574;7.475779106869140378e-09;
3873591.5727708386257;7.6147133043491521676e-09;
3873924.9283278756775;7.7632922312886876171e-09;
3874258.2838849127293;8.086230351977974351e-09;
3874591.639441949781;8.348622237974723248e-09;
3874924.9949989868328;7.6677908467104316514e-09;
3875258.3505560238846;7.1853696326229510305e-09;
3875591.7061130609363;7.9407707076484257414e-09;
3875925.0616700979881;7.851647332302036375e-09;
3876258.4172271350399;7.9984099343732850684e-09;
3876591.7727841720916;8.0374693567364374758e-09;
3876925.1283412091434;7.3318662252574995364e-09;
3877258.4838982461952;7.4145685147186668473e-09;
3877591.8394552832469;7.9574720146524668962e-09;
3877925.1950123202987;8.1081221736667430378e-09;
3878258.5505693573505;7.5013790734601570875e-09;
3878591.9061263944022;7.05061342642920863e-09;
3878925.261683431454;7.5698460832995806413e-09;
3879258.6172404685058;7.7238961893044688622e-09;
3879591.9727975055575;7.7766824091440867051e-09;
3879925.3283545426093;7.8653696888864033099e-09;
3880258.6839115796611;7.7934219078201749653e-09;
3880592.0394686167128;7.8425070881849023863e-09;
3880925.3950256537646;7.6351271971475398459e-09;
3881258.7505826908164;7.5922068631939509942e-09;
3881592.1061397278681;7.6889001832114445278e-09;
3881925.4616967649199;8.3391826777301503171e-09;
3882258.8172538019717;7.5952613087792997248e-09;
3882592.1728108390234;7.6727895148565039563e-09;
3882925.5283678760752;7.9420123810791665164e-09;
3883258.883924913127;8.1943820617880192003e-09;
3883592.2394819501787;7.8590991492433204257e-09;
3883925.5950389872305;8.1666611251307585917e-09;
3884258.9505960242823;7.6401187598662545497e-09;
3884592.306153061334;8.2384348232267257117e-09;
3884925.6617100983858;8.3258040461942073307e-09;
3885259.0172671354376;7.7268547116204899794e-09;
3885592.3728241724893;7.6180182162488563336e-09;
3885925.7283812095411;7.5435613311469751352e-09;
3886259.0839382465929;7.607787289032330591e-09;
3886592.4394952836446;7.4233139635282441304e-09;
3886925.7950523206964;7.5592021531178943405e-09;
3887259.1506093577482;7.5046484582230732485e-09;
3887592.5061663947999;8.3246778359580275719e-09;
3887925.8617234318517;7.6788033709362935042e-09;
3888259.2172804689035;7.7313222490715816093e-09;
3888592.5728375059552;7.8764861299873700773e-09;
3888925.928394543007;8.1384179395627143094e-09;
3889259.2839515800588;7.5536128463227214525e-09;
3889592.6395086171106;7.6667534543162219052e-09;
3889925.9950656541623;7.4624475487894414982e-09;
3890259.3506226912141;7.2708634668572358351e-09;
3890592.7061797282659;8.0717255102058516059e-09;
3890926.0617367653176;7.6932105130822492356e-09;
3891259.4172938023694;7.8769986089355370495e-09;
3891592.7728508394212;7.6723853936755403993e-09;
3891926.1284078764729;7.756298714411968831e-09;
3892259.4839649135247;7.5394144261053952505e-09;
3892592.8395219505765;8.0867135210382912192e-09;
3892926.1950789876282;7.6112902647196278849e-09;
3893259.55063602468;7.6019892603085281735e-09;
3893592.9061930617318;7.836653992399078561e-09;
3893926.2617500987835;9.0083398518459034676e-09;
3894259.6173071358353;7.5012076550251549634e-09;
3894592.9728641728871;7.7479915816525135597e-09;
3894926.3284212099388;7.6956707673048185825e-09;
3895259.6839782469906;7.3846964099288925354e-09;
3895593.0395352840424;7.4409922667939554231e-09;
3895926.3950923210941;7.4260397830983038148e-09;
3896259.7506493581459;7.9398496666271967115e-09;
3896593.1062063951977;8.0317663631035429717e-09;
3896926.4617634322494;7.4653456749729230069e-09;
3897259.8173204693012;7.6926838232793670613e-09;
3897593.172877506353;7.5481079164774200763e-09;
3897926.5284345434047;7.7579063173516260576e-09;
3898259.8839915804565;7.2869621448035104549e-09;
3898593.2395486175083;7.890640141283711273e-09;
3898926.59510565456;7.7785813346054055728e-09;
3899259.9506626916118;7.574368687812693679e-09;
3899593.3062197286636;7.2891901403693282191e-09;
3899926.6617767657153;7.9540622976992381155e-09;
3900260.0173338027671;7.8113089330145157874e-09;
3900593.3728908398189;7.9865323243666352937e-09;
3900926.7284478768706;7.9135178410183470987e-09;
3901260.0840049139224;8.0095601262542004406e-09;
3901593.4395619509742;7.6742052712575059559e-09;
3901926.7951189880259;7.3292261149049409141e-09;
3902260.1506760250777;7.3302692804588787112e-09;
3902593.5062330621295;7.5364621210383120342e-09;
3902926.8617900991812;7.5592945236735431536e-09;
3903260.217347136233;7.6715096497537160758e-09;
3903593.5729041732848;7.5231945118048315635e-09;
3903926.9284612103365;7.8918187540466533392e-09;
3904260.2840182473883;7.6790866998521778441e-09;
3904593.6395752844401;7.7968458356281189481e-09;
3904926.9951323214918;7.4583192954946753161e-09;
3905260.3506893585436;7.2546724183553124021e-09;
3905593.7062463955954;7.2123444994076635339e-09;
3905927.0618034326471;7.7474879844885435887e-09;
3906260.4173604696989;7.7361583805668487912e-09;
3906593.7729175067507;7.7860189406919744215e-09;
3906927.1284745438024;7.015832803602961576e-09;
3907260.4840315808542;8.0971478411129282904e-09;
3907593.839588617906;7.4221140344832292612e-09;
3907927.1951456549577;7.2302568376869658096e-09;
3908260.5507026920095;7.6198523046855370922e-09;
3908593.9062597290613;7.3344939011121823569e-09;
3908927.261816766113;7.227983545021743339e-09;
3909260.6173738031648;7.3372521391945610958e-09;
3909593.9729308402166;7.8407440540217976377e-09;
3909927.3284878772683;7.8917636869846319314e-09;
3910260.6840449143201;8.078535174149692466e-09;
3910594.0396019513719;7.1067964846349696018e-09;
3910927.3951589884236;7.257578982233781062e-09;
3911260.7507160254754;8.1419218034284313035e-09;
3911594.1062730625272;7.4957942075570827001e-09;
3911927.4618300995789;7.597170004203235294e-09;
3912260.8173871366307;7.7966673117657592229e-09;
3912594.1729441736825;7.6538881899068655912e-09;
3912927.5285012107342;7.8719217810885311337e-09;
3913260.884058247786;7.4679293859958306712e-09;
3913594.2396152848378;7.4077597389532456873e-09;
3913927.5951723218895;7.9338127179084949603e-09;
3914260.9507293589413;7.7087820571364318312e-09;
3914594.3062863959931;7.6704846918573821313e-09;
3914927.6618434330449;7.7169790557718442869e-09;
3915261.0174004700966;7.7424813227366939827e-09;
3915594.3729575071484;7.523630607408904325e-09;
3915927.7285145442002;7.7139707954643199628e-09;
3916261.0840715812519;7.5533481691536508151e-09;
3916594.4396286183037;8.2387385802462631545e-09;
3916927.7951856553555;7.6238286794705345528e-09;
3917261.1507426924072;7.5984916136917490803e-09;
3917594.506299729459;7.9847506384567168425e-09;
3917927.8618567665108;7.6621482492100767558e-09;
3918261.2174138035625;7.5799597709647059673e-09;
3918594.5729708406143;7.6194242026872416318e-09;
3918927.9285278776661;7.2401200590377357003e-09;
3919261.2840849147178;7.7200841275271159247e-09;
3919594.6396419517696;7.4216579548647132469e-09;
3919927.9951989888214;7.4674835204291412083e-09;
3920261.3507560258731;7.2748114199328028917e-09;
3920594.7063130629249;7.2267267725578676618e-09;
3920928.0618700999767;7.1368106979718959337e-09;
3921261.4174271370284;7.4708559338887425838e-09;
3921594.7729841740802;7.5047665859528933652e-09;
3921928.128541211132;7.8573183515118216746e-09;
3922261.4840982481837;7.4217099133022657043e-09;
3922594.8396552852355;7.6765651613186491886e-09;
3922928.1952123222873;7.3593779958969207655e-09;
3923261.550769359339;7.6210300292700594582e-09;
3923594.9063263963908;7.7029884693047279143e-09;
3923928.2618834334426;7.4751094203406864835e-09;
3924261.6174404704943;7.5383024267239306937e-09;
3924594.9729975075461;7.5326891391114259022e-09;
3924928.3285545445979;7.8569870609612735279e-09;
3925261.6841115816496;7.7170474455101611966e-09;
3925595.0396686187014;7.8835604711002815748e-09;
3925928.3952256557532;7.730100115566074237e-09;
3926261.7507826928049;7.4236528035953597282e-09;
3926595.1063397298567;7.4125758864340696164e-09;
3926928.4618967669085;7.3344423867638397496e-09;
3927261.8174538039602;7.7481683291580338846e-09;
3927595.173010841012;7.5258510534581546381e-09;
3927928.5285678780638;7.6690565009585043299e-09;
3928261.8841249151155;7.3462285143932604115e-09;
3928595.2396819521673;7.3267156786016585102e-09;
3928928.5952389892191;7.5845152380793479097e-09;
3929261.9507960262708;7.1931243184053528239e-09;
3929595.3063530633226;7.633759402381201653e-09;
3929928.6619101003744;7.4720105658343527466e-09;
3930262.0174671374261;7.642213084579907445e-09;
3930595.3730241744779;7.4454771237242312054e-09;
3930928.7285812115297;7.5507875507696553541e-09;
3931262.0841382485814;7.3137789158295163361e-09;
3931595.4396952856332;7.8642505840775811521e-09;
3931928.795252322685;7.5349522177248218213e-09;
3932262.1508093597367;7.6445489938237187744e-09;
3932595.5063663967885;7.7079969074134169205e-09;
3932928.8619234338403;7.4777490866040352557e-09;
3933262.217480470892;7.8487927268611201725e-09;
3933595.5730375079438;7.2602439615820912877e-09;
3933928.9285945449956;7.3889787621794766892e-09;
3934262.2841515820473;7.6779000934834584768e-09;
3934595.6397086190991;7.6203070520364235563e-09;
3934928.9952656561509;7.3564954128357840091e-09;
3935262.3508226932026;7.6952924032980263291e-09;
3935595.7063797302544;7.7233535122900320857e-09;
3935929.0619367673062;7.7383610630477051018e-09;
3936262.4174938043579;7.6471815546597099456e-09;
3936595.7730508414097;7.5355082174155540997e-09;
3936929.1286078784615;7.6535924264931054495e-09;
3937262.4841649155132;7.3219421636849801871e-09;
3937595.839721952565;7.4324351118093545665e-09;
3937929.1952789896168;7.5588300063600399881e-09;
3938262.5508360266685;7.3138046730036876397e-09;
3938595.9063930637203;7.4188553078613495018e-09;
3938929.2619501007721;7.5047665859528933652e-09;
3939262.6175071378238;7.8841697614961958607e-09;
3939595.9730641748756;7.3398305211469505593e-09;
3939929.3286212119274;7.6509172330929686723e-09;
3940262.6841782489792;7.7902191364387363137e-09;
3940596.0397352860309;8.0843269856245569827e-09;
3940929.3952923230827;7.2599632972014660481e-09;
3941262.7508493601345;7.2862453848188124539e-09;
3941596.1064063971862;7.6176842611630490865e-09;
3941929.461963434238;8.0164577198615916132e-09;
3942262.8175204712898;7.6216730704459223489e-09;
3942596.1730775083415;7.6852817443295862176e-09;
3942929.5286345453933;7.5425807821716261969e-09;
3943262.8841915824451;7.6651645031233783811e-09;
3943596.2397486194968;7.4612813705243752338e-09;
3943929.5953056565486;7.5353101536279609718e-09;
3944262.9508626936004;8.1191258161084078893e-09;
3944596.3064197306521;7.3543118261909512512e-09;
3944929.6619767677039;7.6568200668702957046e-09;
3945263.0175338047557;7.7606738813074116479e-09;
3945596.3730908418074;7.2272725581967733888e-09;
3945929.7286478788592;8.0409003899717390595e-09;
3946263.084204915911;7.4397372706869191461e-09;
3946596.4397619529627;7.279132407944644001e-09;
3946929.7953189900145;7.4009567363475525781e-09;
3947263.1508760270663;7.5163777424336331023e-09;
3947596.506433064118;7.2613284274325451406e-09;
3947929.8619901011698;7.7150001942527524079e-09;
3948263.2175471382216;7.6614350419390575553e-09;
3948596.5731041752733;7.2825345753813053307e-09;
3948929.9286612123251;7.8447808249393347069e-09;
3949263.2842182493769;7.6364425893871157314e-09;
3949596.6397752864286;7.6332096199394072755e-09;
3949929.9953323234804;7.8796142943815539184e-09;
3950263.3508893605322;7.5924599940435655299e-09;
3950596.7064463975839;7.6726012210315275297e-09;
3950930.0620034346357;7.1827699343884887639e-09;
3951263.4175604716875;7.8883539700314031506e-09;
3951596.7731175087392;7.3004287060030037537e-09;
3951930.128674545791;7.0757524284204009746e-09;
3952263.4842315828428;7.8103079559355137462e-09;
3952596.8397886198945;7.2563679509585199412e-09;
3952930.1953456569463;7.5964221579738477885e-09;
3953263.5509026939981;7.5880066674471891019e-09;
3953596.9064597310498;7.7725985647703055292e-09;
3953930.2620167681016;7.0364087889629445272e-09;
3954263.6175738051534;7.9530702024044330756e-09;
3954596.9731308422051;7.7284161292823227996e-09;
3954930.3286878792569;7.5520736331213811354e-09;
3955263.6842449163087;7.2625017111249690061e-09;
3955597.0398019533604;7.7514226148878151434e-09;
3955930.3953589904122;7.1826686820486429497e-09;
3956263.750916027464;7.331685925038300411e-09;
3956597.1064730645157;7.7695814226785842038e-09;
3956930.4620301015675;7.5928605625108502863e-09;
3957263.8175871386193;7.5067179139409745403e-09;
3957597.173144175671;7.2467880585236343904e-09;
3957930.5287012127228;7.7704145340362629213e-09;
3958263.8842582497746;7.3852284288022929104e-09;
3958597.2398152868263;7.4248398540532889456e-09;
3958930.5953723238781;7.5998398685328538704e-09;
3959263.9509293609299;7.3687442814218684362e-09;
3959597.3064863979816;7.4818746753635423374e-09;
3959930.6620434350334;7.5412556199694336101e-09;
3960264.0176004720852;7.4314687736887208303e-09;
3960597.3731575091369;7.4723125464970507892e-09;
3960930.7287145461887;7.2213204305171529995e-09;
3961264.0842715832405;7.8348785237380980107e-09;
3961597.4398286202922;7.6649762092984019546e-09;
3961930.795385657344;7.0661005935335197137e-09;
3962264.1509426943958;7.5741564131703853491e-09;
3962597.5064997314475;7.8115700574699076242e-09;
3962930.8620567684993;7.1397825429642125528e-09;
3963264.2176138055511;7.7319057822933245916e-09;
3963597.5731708426028;7.4139303585241123074e-09;
3963930.9287278796546;7.4451631526528672111e-09;
3964264.2842849167064;7.5909794006179254211e-09;
3964597.6398419537582;7.6834458795360660588e-09;
3964930.9953989908099;7.7946955556740249449e-09;
3965264.3509560278617;7.450318140200806738e-09;
3965597.7065130649135;7.0133929774840453319e-09;
3965931.0620701019652;7.0304038146673519805e-09;
3966264.417627139017;7.2679773310824202781e-09;
3966597.7731841760688;7.3200645545057341224e-09;
3966931.1287412131205;7.4027641794316423329e-09;
3967264.4842982501723;7.6649895319746974565e-09;
3967597.8398552872241;7.6418640304609652958e-09;
3967931.1954123242758;7.7768191886207205243e-09;
3968264.5509693613276;7.2560744079908090498e-09;
3968597.9065263983794;7.545602365155446023e-09;
3968931.2620834354311;7.4861352672428438382e-09;
3969264.6176404724829;7.6304349505562640843e-09;
3969597.9731975095347;7.2302950293590129149e-09;
3969931.3287545465864;7.8275732562360644806e-09;
3970264.6843115836382;7.3874732997580849769e-09;
3970598.03986862069;7.8490822730259424134e-09;
3970931.3954256577417;7.6932646919658509432e-09;
3971264.7509826947935;7.322431105905025106e-09;
3971598.1065397318453;7.6157036232871178072e-09;
3971931.462096768897;7.5342514449516784225e-09;
3972264.8176538059488;7.3447190551689800486e-09;
3972598.1732108430006;7.415715153058499709e-09;
3972931.5287678800523;7.160231074720968536e-09;
3973264.8843249171041;7.3773445130598247488e-09;
3973598.2398819541559;7.4804162863983947318e-09;
3973931.5954389912076;7.4474000300028819765e-09;
3974264.9509960282594;7.6268031889981102722e-09;
3974598.3065530653112;7.6664976589313482691e-09;
3974931.6621101023629;7.5631865215086691023e-09;
3975265.0176671394147;7.3955108703671612602e-09;
3975598.3732241764665;6.9363350618800723169e-09;
3975931.7287812135182;7.5029085166988807032e-09;
3976265.08433825057;7.78324249495199183e-09;
3976598.4398952876218;7.4021659912659742986e-09;
3976931.7954523246735;7.0774803795359275682e-09;
3977265.1510093617253;7.5837958135593908082e-09;
3977598.5065663987771;7.6738677634580199083e-09;
3977931.8621234358288;7.2055059696651824197e-09;
3978265.2176804728806;7.5927006903953042638e-09;
3978598.5732375099324;7.5023285361908165214e-09;
3978931.9287945469841;7.5849948544259859773e-09;
3979265.2843515840359;7.6821500272217235761e-09;
3979598.6399086210877;7.3658452670599672274e-09;
3979931.9954656581394;8.0202617880331672495e-09;
3980265.3510226951912;7.2698673747595421446e-09;
3980598.706579732243;7.4948456330048429663e-09;
3980932.0621367692947;7.294749693187441153e-09;
3981265.4176938063465;7.4999038091050351795e-09;
3981598.7732508433983;7.887023478758692363e-09;
3981932.12880788045;7.6520736413954182353e-09;
3982265.4843649175018;7.7910264906222437276e-09;
3982598.8399219545536;7.8960207261502546316e-09;
3982932.1954789916053;7.8799882174962476711e-09;
3983265.5510360286571;7.5273582922363857506e-09;
3983598.9065930657089;7.6479338417811959516e-09;
3983932.2621501027606;6.9730363705389208917e-09;
3984265.6177071398124;7.9128223973157219007e-09;
3984598.9732641768642;7.6692048267545942508e-09;
3984932.3288212139159;7.8176514151095943816e-09;
3985265.6843782509677;7.8618196397428619093e-09;
3985599.0399352880195;7.4129928862021188252e-09;
3985932.3954923250712;7.4356347745663242677e-09;
3986265.751049362123;7.4709740616185627005e-09;
3986599.1066063991748;7.5558430623345884669e-09;
3986932.4621634362265;7.18139459010558312e-09;
3987265.8177204732783;7.3579946580082378205e-09;
3987599.1732775103301;7.469084017941440834e-09;
3987932.5288345473818;6.9990049311741131532e-09;
3988265.8843915844336;7.6174160312802996486e-09;
3988599.2399486214854;7.5780155484039823932e-09;
3988932.5955056585371;7.3674755185493268073e-09;
3989265.9510626955889;7.5086434847548844118e-09;
3989599.3066197326407;7.9656539142547444499e-09;
3989932.6621767696925;7.5371371366372841294e-09;
3990266.0177338067442;7.5645285591008359916e-09;
3990599.373290843796;7.5514767772233426513e-09;
3990932.7288478808478;7.6073201071835683251e-09;
3991266.0844049178995;7.3721753146571700199e-09;
3991599.4399619549513;7.5192039261651189008e-09;
3991932.7955189920031;7.6448314345611834142e-09;
3992266.1510760290548;7.7942159393273868773e-09;
3992599.5066330661066;7.6718054131674762175e-09;
3992932.8621901031584;7.5210797589875255653e-09;
3993266.2177471402101;7.5889801109951804392e-09;
3993599.5733041772619;7.6835666718011452758e-09;
3993932.9288612143137;7.221777398314088714e-09;
3994266.2844182513654;7.217401787329436047e-09;
3994599.6399752884172;7.7014723487422998005e-09;
3994932.995532325469;7.683823355364438612e-09;
3995266.3510893625207;7.2238455217643604556e-09;
3995599.7066463995725;7.617269481841049128e-09;
3995933.0622034366243;7.1360082287696968706e-09;
3996266.417760473676;7.9981150591379446269e-09;
3996599.7733175107278;7.1767281006884786621e-09;
3996933.1288745477796;7.2911494619631866954e-09;
3997266.4844315848313;7.3227268693187852477e-09;
3997599.8399886218831;7.595247986103004223e-09;
3997933.1955456589349;7.4000077177061029943e-09;
3998266.5511026959866;7.6119990310985485849e-09;
3998599.9066597330384;7.6541439852917392273e-09;
3998933.2622167700902;7.515255084911132144e-09;
3999266.6177738071419;7.4850170506124413805e-09;
3999599.9733308441937;7.4583983433740286273e-09;
3999933.3288878812455;7.4380905878967951139e-09;
4000266.6844449182972;7.4846617792445613304e-09;
4000600.040001955349;7.2370429649026846164e-09;
4000933.3955589924008;7.7998727476824569749e-09;
4001266.7511160294525;7.435608573302943114e-09;
4001600.1066730665043;7.2198109712928726367e-09;
4001933.4622301035561;7.6320167963217500073e-09;
4002266.8177871406078;7.4982962061653779529e-09;
4002600.1733441776596;7.4956227891220805759e-09;
4002933.5289012147114;7.4680475137256507878e-09;
4003266.8844582517631;7.2346022506053486723e-09;
4003600.2400152888149;7.7277642063222629076e-09;
4003933.5955723258667;7.6646928803825176146e-09;
4004266.9511293629184;7.7169248768882425793e-09;
4004600.3066863999702;7.4088526424986866914e-09;
4004933.662243437022;7.480495334277748043e-09;
4005267.0178004740737;7.7996267222602000402e-09;
4005600.3733575111255;7.3960437774189813354e-09;
4005933.7289145481773;7.7013782018298115872e-09;
4006267.084471585229;7.3907964193153929955e-09;
4006600.4400286222808;7.6655544134496267361e-09;
4006933.7955856593326;7.6818125194222375285e-09;
4007267.1511426963843;7.4890413870321026479e-09;
4007600.5066997334361;7.7971877843197034963e-09;
4007933.8622567704879;7.4020358731274882302e-09;
4008267.2178138075396;7.3820118906553489069e-09;
4008600.5733708445914;7.3634773833930466935e-09;
4008933.9289278816432;7.2836603415282752394e-09;
4009267.2844849186949;7.4820460937985444616e-09;
4009600.6400419557467;7.8440232087473305e-09;
4009933.9955989927985;7.12884107301192671e-09;
4010267.3511560298502;7.601028251258412638e-09;
4010600.706713066902;7.3267414357758298138e-09;
4010934.0622701039538;7.1862404915634670033e-09;
4011267.4178271410055;7.453630601617078355e-09;
4011600.7733841780573;7.5268031807240731723e-09;
4011934.1289412151091;7.5461459303483024996e-09;
4012267.4844982521608;6.8686247800542332698e-09;
4012600.8400552892126;7.7109492124805001367e-09;
4012934.1956123262644;7.4410313466444222286e-09;
4013267.5511693633161;7.6868751364145282423e-09;
4013600.9067264003679;7.0765482362844522868e-09;
4013934.2622834374197;7.1004571111643599579e-09;
4014267.6178404744714;7.3030070879553932173e-09;
4014600.9733975115232;7.7154611588525767729e-09;
4014934.328954548575;7.2588921540273076971e-09;
4015267.6845115856268;7.5045827330200154393e-09;
4015601.0400686226785;7.6768076340272273228e-09;
4015934.3956256597303;7.4892918533464580833e-09;
4016267.7511826967821;7.5914998731718696945e-09;
4016601.1067397338338;7.332729090592238208e-09;
4016934.4622967708856;7.5501906948716168699e-09;
4017267.8178538079374;6.9574106476011365885e-09;
4017601.1734108449891;7.3183157311973445758e-09;
4017934.5289678820409;7.8957151927738777886e-09;
4018267.8845249190927;7.1513435173642392328e-09;
4018601.2400819561444;7.2919053017983515019e-09;
4018934.5956389931962;7.4661583582269486214e-09;
4019267.951196030248;7.6254229597338962776e-09;
4019601.3067530672997;7.4193766685937134753e-09;
4019934.6623101043515;7.6339343735298825777e-09;
4020268.0178671414033;7.3547123946582360077e-09;
4020601.373424178455;7.1299184334350229619e-09;
4020934.7289812155068;7.7563671041502857406e-09;
4021268.0845382525586;7.3871491146348944312e-09;
4021601.4400952896103;7.6663360104589628463e-09;
4021934.7956523266621;7.119642209119092513e-09;
4022268.1512093637139;7.4881736367160556256e-09;
4022601.5067664007656;7.3323556115667543054e-09;
4022934.8623234378174;7.1041377225355972769e-09;
4023268.2178804748692;7.4961761242775537539e-09;
4023601.5734375119209;7.6942647808664332842e-09;
4023934.9289945489727;7.4240440461892376334e-09;
4024268.2845515860245;8.0415931691391051572e-09;
4024601.6401086230762;7.4552408690919946821e-09;
4024934.995665660128;7.6391790670982118172e-09;
4025268.3512226971798;7.3459318628010805696e-09;
4025601.7067797342315;7.7008097676412035071e-09;
4025935.0623367712833;7.8109110290824901313e-09;
4026268.4178938083351;7.9643811545793141704e-09;
4026601.7734508453868;7.6137505189421972318e-09;
4026935.1290078824386;7.5823436418431811035e-09;
4027268.4845649194904;7.4804029637220992299e-09;
4027601.8401219565421;7.5435746538232706371e-09;
4027935.1956789935939;7.1609735918798378407e-09;
4028268.5512360306457;7.6209234478596954432e-09;
4028601.9067930676974;7.7360908790069515817e-09;
4028935.2623501047492;7.8500335121134412475e-09;
4029268.617907141801;7.5135790922331580077e-09;
4029601.9734641788527;7.8603417108524809009e-09;
4029935.3290212159045;7.5471664473525379435e-09;
4030268.6845782529563;7.6683965843926671369e-09;
4030602.040135290008;7.4285582130073635199e-09;
4030935.3956923270598;7.1397949774620883545e-09;
4031268.7512493641116;7.6745694244095830072e-09;
4031602.1068064011633;7.5816508626758150058e-09;
4031935.4623634382151;7.274338464924312575e-09;
4032268.8179204752669;7.583929040322345827e-09;
4032602.1734775123186;7.4247354930889741809e-09;
4032935.5290345493704;7.1128414269594486541e-09;
4033268.8845915864222;7.7685307076080789557e-09;
4033602.2401486234739;7.1003198875985162886e-09;
4033935.5957056605257;7.5897528262203195482e-09;
4034268.9512626975775;7.3612529405409077299e-09;
4034602.3068197346292;7.7178610169426065113e-09;
4034935.662376771681;7.2635737424775470572e-09;
4035269.0179338087328;8.1501783100179636676e-09;
4035602.3734908457845;7.4366011126869580039e-09;
4035935.7290478828363;7.4172001873762383184e-09;
4036269.0846049198881;7.6865100950840314908e-09;
4036602.4401619569398;7.301416360405710293e-09;
4036935.7957189939916;7.7019057798111134616e-09;
4037269.1512760310434;7.6088566558496495418e-09;
4037602.5068330680951;7.4571140373791422462e-09;
4037935.8623901051469;7.5225727869110414758e-09;
4038269.2179471421987;7.3273338507817697973e-09;
4038602.5735041792504;7.8414608140064956388e-09;
4038935.9290612163022;7.5543429289837149554e-09;
4039269.284618253354;7.513262012537325063e-09;
4039602.6401752904058;7.3696893032604293694e-09;
4039935.9957323274575;7.3988508653144435812e-09;
4040269.3512893645093;7.5469808180628206173e-09;
4040602.7068464015611;7.335821283760424194e-09;
4040936.0624034386128;7.7146751209511421621e-09;
4041269.4179604756646;8.2146467406118972576e-09;
4041602.7735175127164;7.295941628626678721e-09;
4041936.1290745497681;7.5487180950517540623e-09;
4042269.4846315868199;7.8449460261253989302e-09;
4042602.8401886238717;7.648794486669885373e-09;
4042936.1957456609234;7.0578134447885076952e-09;
4043269.5513026979752;7.3641501785459695384e-09;
4043602.906859735027;7.3462027572190891078e-09;
4043936.2624167720787;7.3222121699245690252e-09;
4044269.6179738091305;7.5062835946937411791e-09;
4044602.9735308461823;7.4447839004676552577e-09;
4044936.329087883234;7.2557813091123080085e-09;
4045269.6846449202858;7.4779196168606176798e-09;
4045603.0402019573376;7.4265749105961731402e-09;
4045936.3957589943893;7.4862667176489594567e-09;
4046269.7513160314411;7.4201458311051737837e-09;
4046603.1068730684929;7.0629484483220039692e-09;
4046936.4624301055446;7.9201241121040766302e-09;
4047269.8179871425964;7.6503399171201635909e-09;
4047603.1735441796482;7.2794392735886503942e-09;
4047936.5291012166999;7.066485618878459718e-09;
4048269.8846582537517;7.5062303039885591716e-09;
4048603.2402152908035;7.3775390241337390762e-09;
4048936.5957723278552;7.3658452670599672274e-09;
4049269.951329364907;7.2277042129087476496e-09;
4049603.3068864019588;7.2916490623242680158e-09;
4049936.6624434390105;7.7070350101848816848e-09;
4050270.0180004760623;7.2809096529624639516e-09;
4050603.3735575131141;7.1607972884635273658e-09;
4050936.7291145501658;7.8129422931283443177e-09;
4051270.0846715872176;7.7030017919810234162e-09;
4051603.4402286242694;7.7009048027321114205e-09;
4051936.7957856613211;7.1870740470103555708e-09;
4052270.1513426983729;7.5685164802052895539e-09;
4052603.5068997354247;7.2007604323687246506e-09;
4052936.8624567724764;7.8342043963175456156e-09;
4053270.2180138095282;7.704355375892646407e-09;
4053603.57357084658;7.7232993334064303781e-09;
4053936.9291278836317;7.7107733531533995119e-09;
4054270.2846849206835;7.6819608452183274494e-09;
4054603.6402419577353;7.7615052163082509651e-09;
4054936.995798994787;8.0242639199923360138e-09;
4055270.3513560318388;7.7068724735340765619e-09;
4055603.7069130688906;7.6353963152087089838e-09;
4055937.0624701059423;7.528006662482766842e-09;
4056270.4180271429941;8.1665749718240476795e-09;
4056603.7735841800459;7.561446579984476557e-09;
4056937.1291412170976;7.1917343191785221279e-09;
4057270.4846982541494;7.2164381137440614111e-09;
4057603.8402552912012;7.8568351824515048065e-09;
4057937.1958123282529;7.3628050323293336987e-09;
4058270.5513693653047;8.0294952908843697514e-09;
4058603.9069264023565;7.3958097424053903524e-09;
4058937.2624834394082;6.9690928583554523357e-09;
4059270.61804047646;7.4133055250058532692e-09;
4059603.9735975135118;7.7763822048382280627e-09;
4059937.3291545505635;7.5077473127294069855e-09;
4060270.6847115876153;7.1476136120907085569e-09;
4060604.0402686246671;7.8264736913524757256e-09;
4060937.3958256617188;7.7558901523389067734e-09;
4061270.7513826987706;7.7527975150815109373e-09;
4061604.1069397358224;7.4501218527700530103e-09;
4061937.4624967728741;7.6068387144800908573e-09;
4062270.8180538099259;7.7222548355848630308e-09;
4062604.1736108469777;7.3882389095558664849e-09;
4062937.5291678840294;7.5022494883114632103e-09;
4063270.8847249210812;7.3104775566434909706e-09;
4063604.240281958133;7.4386394821601697913e-09;
4063937.5958389951847;7.0846830624304857338e-09;
4064270.9513960322365;7.5769772678313529468e-09;
4064604.3069530692883;7.2431225461855319736e-09;
4064937.6625101063401;7.3333987771206921025e-09;
4065271.0180671433918;7.6209234478596954432e-09;
4065604.3736241804436;7.2625145897120546579e-09;
4065937.7291812174954;7.814356273172506917e-09;
4066271.0847382545471;7.6802608717230214097e-09;
4066604.4402952915989;7.6083894740008872759e-09;
4066937.7958523286507;6.7925962632386926998e-09;
4067271.1514093657024;7.8374666756531041756e-09;
4067604.5069664027542;7.5021304724032233935e-09;
4067937.862523439806;7.0959180753504824679e-09;
4068271.2180804768577;7.4158190699336046237e-09;
4068604.5736375139095;7.1619297159486450255e-09;
4068937.9291945509613;7.8249753343584416143e-09;
4069271.284751588013;7.629858522761878703e-09;
4069604.6403086250648;7.6090973522013882757e-09;
4069937.9958656621166;7.9738731173506494088e-09;
4070271.3514226991683;7.0104491101119492669e-09;
4070604.7069797362201;7.5498194362921822176e-09;
4070938.0625367732719;7.2782242455105006229e-09;
4071271.4180938103236;7.5089872098033083603e-09;
4071604.7736508473754;7.0959926823377372784e-09;
4071938.1292078844272;7.5819439615543160471e-09;
4072271.4847649214789;7.7733357528586566332e-09;
4072604.8403219585307;7.4523471838006116741e-09;
4072938.1958789955825;7.6813675420339677657e-09;
4073271.5514360326342;7.2509140913723513222e-09;
4073604.906993069686;7.7126154351958575717e-09;
4073938.2625501067378;7.4796675519905875262e-09;
4074271.6181071437895;7.1223320574631543423e-09;
4074604.9736641808413;7.1279644409116826864e-09;
4074938.3292212178931;7.1494845599318068707e-09;
4075271.6847782549448;7.6820416694545201608e-09;
4075605.0403352919966;8.038640864072021941e-09;
4075938.3958923290484;7.7293798028676974354e-09;
4076271.7514493661001;7.0049952505257806479e-09;
4076605.1070064031519;7.2532451156348543009e-09;
4076938.4625634402037;7.2129271444509868161e-09;
4077271.8181204772554;7.516985256472707988e-09;
4077605.1736775143072;7.2867831768519408797e-09;
4077938.529234551359;7.4739539002166566206e-09;
4078271.8847915884107;7.9235755734430313169e-09;
4078605.2403486254625;7.8978796835826869938e-09;
4078938.5959056625143;7.0178916011798264663e-09;
4079271.951462699566;7.4912920311476227653e-09;
4079605.3070197366178;7.6796808912149572279e-09;
4079938.6625767736696;7.4070047872965005809e-09;
4080272.0181338107213;7.5640897989615041297e-09;
4080605.3736908477731;7.5720940628798416583e-09;
4080938.7292478848249;7.6422264072562029469e-09;
4081272.0848049218766;7.7365394091089001449e-09;
4081605.4403619589284;7.7132797926537932653e-09;
4081938.7959189959802;7.6611792465541839192e-09;
4082272.1514760330319;7.1497106013396205526e-09;
4082605.5070330700837;7.9461850432949177048e-09;
4082938.8625901071355;7.6259851766735664569e-09;
4083272.2181471441872;8.0148243597477630829e-09;
4083605.573704181239;7.365133392056577577e-09;
4083938.9292612182908;7.5744619465467621922e-09;
4084272.2848182553425;7.0581358535548588407e-09;
4084605.6403752923943;7.4331532040616821178e-09;
4084938.9959323294461;7.4029591345947665104e-09;
4085272.3514893664978;7.0650827410645433702e-09;
4085605.7070464035496;7.3174417636323596525e-09;
4085939.0626034406014;7.0564003529227647959e-09;
4086272.4181604776531;7.0024364084986245871e-09;
4086605.7737175147049;7.6369381929453084012e-09;
4086939.1292745517567;7.3314154747095017228e-09;
4087272.4848315888084;7.7455286628946851124e-09;
4087605.8403886258602;7.2551440410961731686e-09;
4087939.195945662912;7.4564852070579945575e-09;
4088272.5515026999637;7.5373094432507059537e-09;
4088605.9070597370155;7.6571700091676575539e-09;
4088939.2626167740673;7.8604518449765237165e-09;
4089272.618173811119;7.312558558680848364e-09;
4089605.9737308481708;7.31146654331382706e-09;
4089939.3292878852226;7.6345374466768589627e-09;
4090272.6848449222744;7.9948980769017907733e-09;
4090606.0404019593261;7.4000596761436554516e-09;
4090939.3959589963779;7.4608488276339812728e-09;
4091272.7515160334297;7.212280994650654975e-09;
4091606.1070730704814;7.3101436015576837235e-09;
4091939.4626301075332;7.3796257993308245204e-09;
4092272.818187144585;7.3419452739642565575e-09;
4092606.1737441816367;7.3743384731983496749e-09;
4092939.5293012186885;7.1267125534291153599e-09;
4093272.8848582557403;7.5055446302485506749e-09;
4093606.240415292792;7.3672299372162797226e-09;
4093939.5959723298438;7.0627748094409525947e-09;
4094272.9515293668956;7.9284623311082214059e-09;
4094606.3070864039473;7.5270412125405528059e-09;
4094939.6626434409991;7.4329835619835193938e-09;
4095273.0182004780509;7.6226500667075924866e-09;
4095606.3737575151026;7.5081292294498780393e-09;
4095939.7293145521544;7.6938455606523348251e-09;
4096273.0848715892062;7.6193034104221624148e-09;
4096606.4404286262579;7.0749694991434353142e-09;
4096939.7959856633097;7.8699304850715634529e-09;
4097273.1515427003615;7.4057164844987255492e-09;
4097606.5070997374132;7.3456480897959863796e-09;
4097939.862656774465;7.4756867363134915649e-09;
4098273.2182138115168;7.6271247095860417176e-09;
4098606.5737708485685;7.2005583717782428721e-09;
4098939.9293278856203;7.5796933174387959298e-09;
4099273.2848849226721;7.0513941352601250401e-09;
4099606.6404419597238;7.4941084449164918624e-09;
4099939.9959989967756;7.3695338720369818475e-09;
4100273.3515560338274;8.0000823743375804042e-09;
4100606.7071130708791;7.8219652976940778899e-09;
4100940.0626701079309;7.1718004868159823673e-09;
4101273.4182271449827;7.7444530788284282607e-09;
4101606.7737841820344;7.8438162631755403709e-09;
4101940.1293412190862;7.8083042254206702637e-09;
4102273.484898256138;7.5678388000710583583e-09;
4102606.8404552931897;7.6501383006188916625e-09;
4102940.1960123302415;7.9211952552782349812e-09;
4103273.5515693672933;7.5081958428313555487e-09;
4103606.907126404345;7.5438926216975232819e-09;
4103940.2626834413968;7.4160797502997866104e-09;
4104273.6182404784486;7.4911863379156784504e-09;
4104606.9737975155003;7.8596791297513846075e-09;
4104940.3293545525521;7.4419985729434756649e-09;
4105273.6849115896039;7.755780906393283658e-09;
4105607.0404686266556;7.5071007188398652943e-09;
4105940.3960256637074;7.5050170522672488005e-09;
4106273.7515827007592;7.4723649490238130966e-09;
4106607.1071397378109;7.6264274895265771192e-09;
4106940.4626967748627;7.4622512613586877706e-09;
4107273.8182538119145;7.1843726523468376399e-09;
4107607.1738108489662;7.3025323565900635003e-09;
4107940.529367886018;7.3654828902647295763e-09;
4108273.8849249230698;7.864526807566107891e-09;
4108607.2404819601215;7.8589748042645624082e-09;
4108940.5960389971733;7.7614785709556599613e-09;
4109273.9515960342251;7.4640604807996169257e-09;
4109607.3071530712768;7.5249388942211226095e-09;
4109940.6627101083286;7.0979253585790047509e-09;
4110274.0182671453804;7.4077726175403313391e-09;
4110607.3738241824321;7.6056494435761123896e-09;
4110940.7293812194839;7.3540791234449898184e-09;
4111274.0849382565357;7.4221793155970772204e-09;
4111607.4404952935874;7.487686914942059957e-09;
4111940.7960523306392;6.8782846085468918318e-09;
4112274.151609367691;7.7129138631448768137e-09;
4112607.5071664047427;7.4961361562486672483e-09;
4112940.8627234417945;7.5504029695139251999e-09;
4113274.2182804788463;7.6105148849592296756e-09;
4113607.573837515898;7.5894863726944095106e-09;
4113940.9293945529498;7.4945560868400207255e-09;
4114274.2849515900016;7.7057089598042693979e-09;
4114607.6405086270534;7.2913799442630988779e-09;
4114940.9960656641051;7.5325043980001282762e-09;
4115274.3516227011569;7.3522836707695660152e-09;
4115607.7071797382087;7.1920500666067255224e-09;
4115941.0627367752604;7.387771727707104219e-09;
4116274.4182938123122;7.9312068024250947929e-09;
4116607.773850849364;7.4640862379737882293e-09;
4116941.1294078864157;7.1755055230937614397e-09;
4117274.4849649234675;7.7436919099227452534e-09;
4117607.8405219605193;7.6946298221969300357e-09;
4117941.196078997571;7.3880963569195046148e-09;
4118274.5516360346228;7.2868600042852449405e-09;
4118607.9071930716746;7.3945627399041313765e-09;
4118941.2627501087263;7.6728570164164011658e-09;
4119274.6183071457781;7.4126540461350032274e-09;
4119607.9738641828299;7.9197759461635541811e-09;
4119941.3294212198816;7.4207191502750902146e-09;
4120274.6849782569334;8.1129094553489267128e-09;
4120608.0405352939852;7.1291919034877082595e-09;
4120941.3960923310369;7.5559087875376462762e-09;
4121274.7516493680887;8.4869444805235616514e-09;
4121608.1072064051405;7.8123250091266527306e-09;
4121941.4627634421922;7.4035444441733488929e-09;
4122274.818320479244;7.5516624065130599774e-09;
4122608.1738775162958;7.7105832829715836851e-09;
4122941.5294345533475;7.1008185997811779089e-09;
4123274.8849915903993;7.4333228461398448417e-09;
4123608.2405486274511;7.2828161279403502704e-09;
4123941.5961056645028;6.9157479742898431141e-09;
4124274.9516627015546;7.5386461517723546422e-09;
4124608.3072197386064;7.7594330960550905729e-09;
4124941.6627767756581;7.25167836890250328e-09;
4125275.0183338127099;7.4187771481604158907e-09;
4125608.3738908497617;7.4131230043406048935e-09;
4125941.7294478868134;7.2503536507895205432e-09;
4126275.0850049238652;7.2270314177558248048e-09;
4126608.440561960917;6.9632801746877248661e-09;
4126941.7961189979687;7.1974599613611189852e-09;
4127275.1516760350205;7.359856279975929283e-09;
4127608.5072330720723;7.6604393939305737149e-09;
4127941.862790109124;7.3787185250751008425e-09;
4128275.2183471461758;7.2434152009748231649e-09;
4128608.5739041832276;7.632298348880794947e-09;
4128941.9294612202793;7.5796933174387959298e-09;
4129275.2850182573311;7.4490094092993786035e-09;
4129608.6405752943829;7.4587251930324782734e-09;
4129941.9961323314346;7.8543651582663187583e-09;
4130275.3516893684864;7.3671651001916416135e-09;
4130608.7072464055382;7.8206321418861080019e-09;
4130942.0628034425899;7.4106489833525301947e-09;
4131275.4183604796417;7.4556991691565599467e-09;
4131608.7739175166935;7.2113057747458242375e-09;
4131942.1294745537452;7.8450979046351676516e-09;
4132275.485031590797;7.2838268749819690129e-09;
4132608.8405886278488;7.691737913262386428e-09;
4132942.1961456649005;7.4387571658007800579e-09;
4133275.5517027019523;7.3180328463706700859e-09;
4133608.9072597390041;7.3098100905610863265e-09;
4133942.2628167760558;7.3037895731431490276e-09;
4134275.6183738131076;7.6661335057792712178e-09;
4134608.9739308501594;7.728674589202455536e-09;
4134942.3294878872111;7.0248113992477101419e-09;
4135275.6850449242629;7.6614350419390575553e-09;
4135609.0406019613147;7.3243864306959949317e-09;
4135942.3961589983664;7.7588060420907822845e-09;
4136275.7517160354182;7.2015198249175682577e-09;
4136609.10727307247;7.7460864389422567911e-09;
4136942.4628301095217;7.6183797048656742845e-09;
4137275.8183871465735;7.7802075892918765021e-09;
4137609.1739441836253;7.251614420056284871e-09;
4137942.529501220677;7.7483317539872587076e-09;
4138275.8850582577288;7.2114070270856700517e-09;
4138609.2406152947806;8.0386124423625915369e-09;
4138942.5961723318323;7.2045311938495615323e-09;
4139275.9517293688841;7.1846248950180324755e-09;
4139609.3072864059359;7.0881935876343504788e-09;
4139942.6628434429877;7.6503257062654483889e-09;
4140276.0184004800394;7.2689858576779897703e-09;
4140609.3739575170912;7.5964763368574494962e-09;
4140942.729514554143;7.3762169705560154398e-09;
4141276.0850715911947;7.4762906976388876501e-09;
4141609.4406286282465;7.1466970119615780277e-09;
4141942.7961856652983;7.2311716614592569385e-09;
4142276.15174270235;7.1578920568526882562e-09;
4142609.5072997394018;7.1433956527755526622e-09;
4142942.8628567764536;7.626454134879168123e-09;
4143276.2184138135053;7.3564567770745270536e-09;
4143609.5739708505571;7.733929940911821177e-09;
4143942.9295278876089;7.8911677192650131474e-09;
4144276.2850849246606;7.309296279345289804e-09;
4144609.6406419617124;7.2195702749411339028e-09;
4144942.9961989987642;7.9436590638692905486e-09;
4145276.3517560358159;7.6863884146405325737e-09;
4145609.7073130728677;7.3948225320918936632e-09;
4145943.0628701099195;7.5090262896537751658e-09;
4146276.4184271469712;7.2454895416740328074e-09;
4146609.773984184023;7.3094117425398508203e-09;
4146943.1295412210748;7.6844042240509224939e-09;
4147276.4850982581265;6.8296168720394234697e-09;
4147609.8406552951783;7.6446973196198086953e-09;
4147943.1962123322301;7.3962773683433624683e-09;
4148276.5517693692818;7.7295698730495132622e-09;
4148609.9073264063336;6.9950591985445953469e-09;
4148943.2628834433854;7.5170376589994702954e-09;
4149276.6184404804371;7.5191639581362323952e-09;
4149609.9739975174889;7.2821122465427379211e-09;
4149943.3295545545407;7.9973849764769511239e-09;
4150276.6851115915924;7.5366335394733141584e-09;
4150610.0406686286442;7.3974990577596599906e-09;
4150943.396225665696;7.1896626430145715858e-09;
4151276.7517827027477;7.2900352421356728883e-09;
4151610.1073397397995;7.4190897869641503348e-09;
4151943.4628967768513;7.2919310589725228056e-09;
4152276.818453813903;7.2820740548706908157e-09;
4152610.1740108509548;7.4784454184850801539e-09;
4152943.5295678880066;7.2281616247948932141e-09;
4153276.8851249250583;7.6031110296526094317e-09;
4153610.2406819621101;7.3115438148363409709e-09;
4153943.5962389991619;7.2573747011972500331e-09;
4154276.9517960362136;7.320437589442008175e-09;
4154610.3073530732654;7.8182971208207163727e-09;
4154943.6629101103172;7.283225134102622178e-09;
4155277.0184671473689;7.6239761170882047736e-09;
4155610.3740241844207;7.7849788837625055749e-09;
4155943.7295812214725;7.700823090317499009e-09;
4156277.0851382585242;7.0677890207093696517e-09;
4156610.440695295576;7.5385537812167058291e-09;
4156943.7962523326278;7.0273911134677291557e-09;
4157277.1518093696795;7.5007999811305126059e-09;
4157610.5073664067313;7.4116908166388384416e-09;
4157943.8629234437831;7.4931216786922050233e-09;
4158277.2184804808348;7.6126402959175720753e-09;
4158610.5740375178866;7.7303310419551962696e-09;
4158943.9295945549384;7.4827948282063516672e-09;
4159277.2851515919901;7.1369483656269494531e-09;
4159610.6407086290419;7.6266282178494293476e-09;
4159943.9962656660937;7.4195982691094286565e-09;
4160277.3518227031454;7.4608355049576857709e-09;
4160610.7073797401972;7.3897705732406393508e-09;
4160944.062936777249;7.5535337984433681413e-09;
4161277.4184938143007;7.2101911108291005803e-09;
4161610.7740508513525;7.208493801869053641e-09;
4161944.1296078884043;7.6894677292216329079e-09;
4162277.485164925456;7.4611632427945551171e-09;
4162610.8407219625078;7.4460655419272825384e-09;
4162944.1962789995596;7.1764758580172838265e-09;
4163277.5518360366113;7.5057426940361438028e-09;
4163610.9073930736631;7.3553714230456535006e-09;
4163944.2629501107149;6.9812853276118858048e-09;
4164277.6185071477666;7.4872392730185310938e-09;
4164610.9740641848184;7.1651764521618588333e-09;
4164944.3296212218702;7.1827699343884887639e-09;
4165277.685178258922;7.2685772956049277127e-09;
4165611.0407352959737;7.4033104091597579099e-09;
4165944.3962923330255;7.3836328162713016354e-09;
4166277.7518493700773;6.938406738044022859e-09;
4166611.107406407129;7.0470349555762368254e-09;
4166944.4629634441808;7.2605499390476779809e-09;
4167277.8185204812326;7.4526349536085945147e-09;
4167611.1740775182843;7.3417130153075049748e-09;
4167944.5296345553361;7.533893509048539272e-09;
4168277.8851915923879;7.5586967795970849693e-09;
4168611.2407486294396;7.3907315822907548863e-09;
4168944.5963056664914;7.6416757366359888692e-09;
4169277.9518627035432;7.870179175029079488e-09;
4169611.3074197405949;7.2120909244688391482e-09;
4169944.6629767776467;7.217338282572427488e-09;
4170278.0185338146985;7.3987336257630431646e-09;
4170611.3740908517502;7.2616472834852174856e-09;
4170944.729647888802;7.2667774020374054089e-09;
4171278.0852049258538;7.3950823242796559498e-09;
4171611.4407619629055;7.6406152516028669197e-09;
4171944.7963189999573;7.3727841609638744558e-09;
4172278.1518760370091;7.6852408881222800119e-09;
4172611.5074330740608;7.4541013361795194214e-09;
4172944.8629901111126;7.5000086141585597943e-09;
4173278.2185471481644;7.9903488270360867318e-09;
4173611.5741041852161;7.7892750027785950806e-09;
4173944.9296612222679;7.5647150765689730179e-09;
4174278.2852182593197;7.4726411725123398355e-09;
4174611.6407752963714;7.6569550699900901236e-09;
4174944.9963323334232;7.4592625409763968491e-09;
4175278.351889370475;7.5709900571041544026e-09;
4175611.7074464075267;7.4304504771305346367e-09;
4175945.0630034445785;7.6787092240238052909e-09;
4176278.4185604816303;7.6783992497553299472e-09;
4176611.774117518682;7.2234649373115189519e-09;
4176945.1296745557338;7.5387793785353096609e-09;
4177278.4852315927856;7.1888037744827215647e-09;
4177611.8407886298373;7.3653274590412820544e-09;
4177945.1963456668891;7.6179249575147878204e-09;
4178278.5519027039409;7.4350468004524827847e-09;
4178611.9074597409926;7.5597332838128750154e-09;
4178945.2630167780444;7.61678720095915196e-09;
4179278.6185738150962;7.3879533601939328946e-09;
4179611.9741308521479;6.968052357336773639e-09;
4179945.3296878891997;7.1860890571429081319e-09;
4180278.6852449262515;7.5598389770448193303e-09;
4180612.0408019633032;8.0210931230340065667e-09;
4180945.396359000355;7.5291568535362785042e-09;
4181278.7519160374068;7.4370976044235703739e-09;
4181612.1074730744585;7.1168035908897309127e-09;
4181945.4630301115103;7.7427664280094177229e-09;
4182278.8185871485621;7.0850316724602180329e-09;
4182612.1741441856138;7.2814341223192968755e-09;
4182945.5297012226656;7.4622903412091545761e-09;
4183278.8852582597174;7.719731520694494975e-09;
4183612.2408152967691;7.5037913660480626277e-09;
4183945.5963723338209;7.4233792446420920896e-09;
4184278.9519293708727;7.6019626149559371697e-09;
4184612.3074864079244;7.0185324219096401066e-09;
4184945.6630434449762;7.9859852064601000166e-09;
4185279.018600482028;7.6977393348443001742e-09;
4185612.3741575190797;7.1309327331903205049e-09;
4185945.7297145561315;7.4779329395369131817e-09;
4186279.0852715931833;7.3831269986612824141e-09;
4186612.440828630235;7.2052275257306064304e-09;
4186945.7963856672868;7.9063058322503820818e-09;
4187279.1519427043386;7.5344894767681580561e-09;
4187612.5074997413903;7.3557591129258526053e-09;
4187945.8630567784421;7.6781700997230473149e-09;
4188279.2186138154939;7.2350596624914942367e-09;
4188612.5741708525456;7.5187411852084551356e-09;
4188945.9297278895974;7.4448363029944175651e-09;
4189279.2852849266492;7.3326775762438956008e-09;
4189612.640841963701;7.3821802004658820806e-09;
4189945.9963990007527;6.8436207811828353442e-09;
4190279.3519560378045;7.570524651612231537e-09;
4190612.7075130748563;7.3974470993221075332e-09;
4190946.063070111908;7.8386230839555537386e-09;
4191279.4186271489598;7.3862147509373698995e-09;
4191612.7741841860116;7.2218533375689730747e-09;
4191946.1297412230633;8.2143296609160643129e-09;
4192279.4852982601151;7.3756210028363966558e-09;
4192612.8408552971669;7.71927055609467061e-09;
4192946.1964123342186;7.5812245370343589457e-09;
4193279.5519693712704;7.281728553465427467e-09;
4193612.9075264083222;8.0491400211712971213e-09;
4193946.2630834453739;7.6057427023101809027e-09;
4194279.6186404824257;7.240387400742065438e-09;
4194612.9741975199431;7.9932274132943348377e-09;
4194946.3297545574605;7.278607938587811077e-09;
4195279.685311594978;7.4959256579631983186e-09;
4195613.0408686324954;7.2918795446241801983e-09;
4195946.3964256700128;7.5154140688482584665e-09;
4196279.7519827075303;7.4248918124908414029e-09;
4196613.1075397450477;7.4591186560724054289e-09;
4196946.4630967825651;7.6379853553021348489e-09;
4197279.8186538200825;7.238479593496549569e-09;
4197613.1742108576;7.0513319627707460313e-09;
4197946.5297678951174;7.5784285513691429514e-09;
4198279.8853249326348;7.5491692896889617259e-09;
4198613.2408819701523;7.5788006981269973039e-09;
4198946.5964390076697;7.0560162157562444918e-09;
4199279.9519960451871;7.6024031514521084318e-09;
4199613.3075530827045;7.1987620309243993688e-09;
4199946.663110120222;7.1281149871538218576e-09;
4200280.0186671577394;7.4441039998873748118e-09;
4200613.3742241952568;7.3297155012141956831e-09;
4200946.7297812327743;7.5894597273418185068e-09;
4201280.0853382702917;7.5711232838671094214e-09;
4201613.4408953078091;7.2169581422087958344e-09;
4201946.7964523453265;7.5008257383046839095e-09;
4202280.152009382844;6.9793846257937275368e-09;
4202613.5075664203614;7.1912036325727513031e-09;
4202946.8631234578788;7.3114407861396557564e-09;
4203280.2186804953963;7.7070350101848816848e-09;
4203613.5742375329137;7.922378308933275548e-09;
4203946.9297945704311;7.5195734083877141529e-09;
4204280.2853516079485;6.9212537923135641904e-09;
4204613.640908645466;7.1787709110537889501e-09;
4204946.9964656829834;7.6052488751088276331e-09;
4205280.3520227205008;7.522758416200758802e-09;
4205613.7075797580183;7.5247408304335294815e-09;
4205947.0631367955357;7.4684276540892824414e-09;
4206280.4186938330531;7.307537241985073706e-09;
4206613.7742508705705;7.50543893701660636e-09;
4206947.129807908088;7.3356409835412250686e-09;
4207280.4853649456054;7.0749446301476837107e-09;
4207613.8409219831228;7.480389641045803728e-09;
4207947.1964790206403;7.3570252112631351338e-09;
4208280.5520360581577;7.5215558226204848324e-09;
4208613.9075930956751;7.2971078068917449855e-09;
4208947.2631501331925;7.5264985355261160294e-09;
4209280.61870717071;7.354402420389760664e-09;
4209613.9742642082274;7.2705694798003150936e-09;
4209947.3298212457448;7.6494126588499966601e-09;
4210280.6853782832623;7.2459860334106451774e-09;
4210614.0409353207797;7.3700645586427526723e-09;
4210947.3964923582971;7.5943278332601948932e-09;
4211280.7520493958145;7.679653357683946524e-09;
4211614.107606433332;7.0165970811331135337e-09;
4211947.4631634708494;7.6904944634748062526e-09;
4212280.8187205083668;7.6042869778802923975e-09;
4212614.1742775458843;6.9230292609745447407e-09;
4212947.5298345834017;7.5458546078266408585e-09;
4213280.8853916209191;7.8938713343745803286e-09;
4213614.2409486584365;7.5885129291464181733e-09;
4213947.596505695954;7.0680004071732582815e-09;
4214280.9520627334714;7.0872845370217874006e-09;
4214614.3076197709888;6.9738081975856403005e-09;
4214947.6631768085063;7.4002675098938652809e-09;
4215281.0187338460237;7.5802661925195025105e-09;
4215614.3742908835411;7.4458301746460620052e-09;
4215947.7298479210585;7.5076416194974626706e-09;
4216281.085404958576;7.586340444731831667e-09;
4216614.4409619960934;7.4501089741829673585e-09;
4216947.7965190336108;7.2585479848896738986e-09;
4217281.1520760711282;7.6985235963888953847e-09;
4217614.5076331086457;7.4984018993973222678e-09;
4217947.8631901461631;7.1221566422252635675e-09;
4218281.2187471836805;7.5906330110342423723e-09;
4218614.574304221198;7.7691861832818176481e-09;
4218947.9298612587154;7.5946875455201734439e-09;
4219281.2854182962328;7.3912507225770696095e-09;
4219614.6409753337502;7.405183133357695624e-09;
4219947.9965323712677;7.4922397175214427989e-09;
4220281.3520894087851;7.6217396838273998583e-09;
4220614.7076464463025;7.2085319935411007464e-09;
4220948.06320348382;7.2665473638267030765e-09;
4221281.4187605213374;7.707021687508586183e-09;
4221614.7743175588548;7.2371570958296160825e-09;
4221948.1298745963722;6.9683339098958185787e-09;
4222281.4854316338897;7.6073733978887503326e-09;
4222614.8409886714071;7.3882260309687808331e-09;
4222948.1965457089245;7.1225945141861757293e-09;
4223281.552102746442;7.398239798561689895e-09;
4223614.9076597839594;7.8731110519925096014e-09;
4223948.2632168214768;7.2114958449276400643e-09;
4224281.6187738589942;7.2887420543565895059e-09;
4224614.9743308965117;7.1153034575388574012e-09;
4224948.3298879340291;7.7685582411390896596e-09;
4225281.6854449715465;7.5241457508923303976e-09;
4225615.041002009064;7.4291843787932521082e-09;
4225948.3965590465814;7.1928716316449481383e-09;
4226281.7521160840988;7.4132531224790909619e-09;
4226615.1076731216162;7.3888490881302004709e-09;
4226948.4632301591337;7.4698975893738861487e-09;
4227281.8187871966511;7.3282735435498125298e-09;
4227615.1743442341685;6.9078436304437218496e-09;
4227948.529901271686;7.2409851448185236222e-09;
4228281.8854583092034;7.1875660978548694402e-09;
4228615.2410153467208;7.646617561363200366e-09;
4228948.5965723842382;7.2482269075635485933e-09;
4229281.9521294217557;7.0857657519241001864e-09;
4229615.3076864592731;7.5921002817835869791e-09;
4229948.6632434967905;7.6877793020457829698e-09;
4230282.018800534308;7.3394823552064281103e-09;
4230615.3743575718254;7.6015354011360614095e-09;
4230948.7299146093428;7.1159784731378294964e-09;
4231282.0854716468602;7.8260198321800089616e-09;
4231615.4410286843777;7.6601436305168135732e-09;
4231948.7965857218951;7.1601555795552940253e-09;
4232282.1521427594125;7.532623413908368093e-09;
4232615.50769979693;7.645099664443932852e-09;
4232948.8632568344474;7.8509296841389186739e-09;
4233282.2188138719648;7.7118436081491381628e-09;
4233615.5743709094822;7.312147332072527206e-09;
4233948.9299279469997;7.4248918124908414029e-09;
4234282.2854849845171;7.1660073430734883004e-09;
4234615.6410420220345;7.6870776410942198709e-09;
4234948.996599059552;7.5216348704998381436e-09;
4235282.3521560970694;7.7239645790427857719e-09;
4235615.7077131345868;7.416587788355855082e-09;
4235949.0632701721042;7.1859629358073107142e-09;
4236282.4188272096217;7.675270197182726406e-09;
4236615.7743842471391;7.6220612044153313036e-09;
4236949.1299412846565;7.5447275094120413996e-09;
4237282.485498322174;7.3959007806934096152e-09;
4237615.8410553596914;7.2626549219023672777e-09;
4237949.1966123972088;7.3943939860043883527e-09;
4238282.5521694347262;7.2913159954168804688e-09;
4238615.9077264722437;7.0742114388622212573e-09;
4238949.2632835097611;7.515637889810022898e-09;
4239282.6188405472785;7.4491666168796655256e-09;
4239615.974397584796;7.4616481882117113855e-09;
4239949.3299546223134;7.0584333933254583826e-09;
4240282.6855116598308;7.5588033610074489843e-09;
4240616.0410686973482;7.4263790672546292626e-09;
4240949.3966257348657;7.3484356377662152227e-09;
4241282.7521827723831;7.8705664208200687426e-09;
4241616.1077398099005;7.6123995995658333413e-09;
4241949.463296847418;7.9330462199322937522e-09;
4242282.8188538849354;7.8132167402600316564e-09;
4242616.1744109224528;7.2195320832690867974e-09;
4242949.5299679599702;7.7143500476495319162e-09;
4243282.8855249974877;8.018711916690790531e-09;
4243616.2410820350051;7.7258643926825243398e-09;
4243949.5966390725225;7.102989751928134865e-09;
4244282.9521961100399;7.551304470609920827e-09;
4244616.3077531475574;7.5790937970054983452e-09;
4244949.6633101850748;7.5631332308034870948e-09;
4245283.0188672225922;7.524595169172698661e-09;
4245616.3744242601097;7.5605433025316415296e-09;
4245949.7299812976271;7.624418429941215436e-09;
4246283.0855383351445;7.5767774276869204186e-09;
4246616.4410953726619;7.4693202734010810673e-09;
4246949.7966524101794;7.4551751438889368728e-09;
4247283.1522094476968;7.2053287780704522447e-09;
4247616.5077664852142;7.4895680768349848222e-09;
4247949.8633235227317;7.4678112582660105545e-09;
4248283.2188805602491;7.7928605790589244862e-09;
4248616.5744375977665;7.1719514771473313886e-09;
4248949.9299946352839;7.430098314387123537e-09;
4249283.2855516728014;7.9210842329757724656e-09;
4249616.6411087103188;7.158457826506037236e-09;
4249949.9966657478362;7.4017498796763447899e-09;
4250283.3522227853537;7.75508635086907816e-09;
4250616.7077798228711;7.6220345590627402999e-09;
4250950.0633368603885;7.3166446235006787902e-09;
4251283.4188938979059;7.4505539515712371212e-09;
4251616.7744509354234;7.4048971399065521837e-09;
4251950.1300079729408;7.5494339668580323632e-09;
4252283.4855650104582;7.6997137554712935525e-09;
4252616.8411220479757;7.8889907939583281404e-09;
4252950.1966790854931;7.1369234966311978496e-09;
4253283.5522361230105;7.2902146541764523135e-09;
4253616.9077931605279;7.6943189597500349919e-09;
4253950.2633501980454;7.0673422669642604887e-09;
4254283.6189072355628;7.2430461628414377628e-09;
4254616.9744642730802;7.6156769779345268034e-09;
4254950.3300213105977;7.7674524590065630036e-09;
4255283.6855783481151;8.0371158617253968259e-09;
4255617.0411353856325;7.2445733856341121282e-09;
4255950.3966924231499;7.4295893881526353653e-09;
4256283.7522494606674;7.4681656414554709045e-09;
4256617.1078064981848;7.3115051790750840155e-09;
4256950.4633635357022;7.671872914727373427e-09;
4257283.8189205732197;7.432147786090581576e-09;
4257617.1744776107371;7.4727060095369779447e-09;
4257950.5300346482545;7.2219168423259816336e-09;
4258283.8855916857719;7.3186243731981903693e-09;
4258617.2411487232894;7.9375075401344474813e-09;
4258950.5967057608068;7.8558963778618817742e-09;
4259283.9522627983242;7.8911259748792872415e-09;
4259617.3078198358417;7.284210568059279467e-09;
4259950.6633768733591;7.5932602427997153427e-09;
4260284.0189339108765;7.4281274464738089591e-09;
4260617.3744909483939;7.3272565792592558864e-09;
4260950.7300479859114;7.883491193183544965e-09;
4261284.0856050234288;7.7818889110403688392e-09;
4261617.4411620609462;7.2929813299538182036e-09;
4261950.7967190984637;7.6222086420330015244e-09;
4262284.1522761359811;7.2175283527542433148e-09;
4262617.5078331734985;7.3571158054619445466e-09;
4262950.8633902110159;7.0565984167103579239e-09;
4263284.2189472485334;7.4840835750933365489e-09;
4263617.5745042860508;7.7268955678277961852e-09;
4263950.9300613235682;7.239153720917101964e-09;
4264284.2856183610857;7.3341075434996128024e-09;
4264617.6411753986031;7.1909638243994322693e-09;
4264950.9967324361205;7.572014126822068647e-09;
4265284.3522894736379;7.2844281717721059977e-09;
4265617.7078465111554;7.7649966456760921574e-09;
4265951.0634035486728;7.2393824268601747463e-09;
4266284.4189605861902;7.4973351971152624174e-09;
4266617.7745176237077;8.2060793715754698496e-09;
4266951.1300746612251;7.3019807977914297226e-09;
4267284.4856316987425;7.5356538786763849203e-09;
4267617.8411887362599;7.5252559739169555542e-09;
4267951.1967457737774;7.5684098987949255388e-09;
4268284.5523028112948;7.7975439438660032465e-09;
4268617.9078598488122;7.2627952540926798974e-09;
4268951.2634168863297;7.252238809485334059e-09;
4269284.6189739238471;7.2492452041217347869e-09;
4269617.9745309613645;7.6567259199578074913e-09;
4269951.3300879988819;7.5248198783128827927e-09;
4270284.6856450363994;7.2995698374711537326e-09;
4270618.0412020739168;7.0694281539829262329e-09;
4270951.3967591114342;7.6126269732412765734e-09;
4271284.7523161489516;7.7902875261770532234e-09;
4271618.1078731864691;7.0105969918188293377e-09;
4271951.4634302239865;7.4499384439263849345e-09;
4272284.8189872615039;7.0871228885494019778e-09;
4272618.1745442990214;7.4293802221347959858e-09;
4272951.5301013365388;7.3736519112799214781e-09;
4273284.8856583740562;7.6622432843009846692e-09;
4273618.2412154115736;7.5462649462565423164e-09;
4273951.5967724490911;7.6616375466187491838e-09;
4274284.9523294866085;7.6496675660564505961e-09;
4274618.3078865241259;7.3846058157300831226e-09;
4274951.6634435616434;7.0498087367809603165e-09;
4275285.0190005991608;7.1170789261998379516e-09;
4275618.3745576366782;7.4361570234771079413e-09;
4275951.7301146741956;7.3321881899346408318e-09;
4276285.0856717117131;7.7795787589707288134e-09;
4276618.4412287492305;7.5165491608686352265e-09;
4276951.7967857867479;7.3780572762416340993e-09;
4277285.1523428242654;7.3802093325525675027e-09;
4277618.5078998617828;7.1176913252202211879e-09;
4277951.8634568993002;7.6682216132439862122e-09;
4278285.2190139368176;7.2804877682131063921e-09;
4278618.5745709743351;7.4255703808034922986e-09;
4278951.9301280118525;7.224238984804287611e-09;
4279285.2856850493699;7.5681176880948441976e-09;
4279618.6412420868874;7.692738002162968769e-09;
4279951.9967991244048;7.7877837512119185703e-09;
4280285.3523561619222;7.5841954938482558646e-09;
4280618.7079131994396;7.5521269238265631429e-09;
4280952.0634702369571;7.2902017755893666617e-09;
4281285.4190272744745;7.7408079945939789468e-09;
4281618.7745843119919;7.2532579942219399527e-09;
4281952.1301413495094;7.7117210395272195456e-09;
4282285.4856983870268;7.4420118956197711668e-09;
4282618.8412554245442;7.3343651152413258387e-09;
4282952.1968124620616;7.5253359099747285654e-09;
4283285.5523694995791;7.1928334399729010329e-09;
4283618.9079265370965;7.4952932749283718294e-09;
4283952.2634835746139;7.3768910979765678348e-09;
4284285.6190406121314;7.2136878692674599733e-09;
4284618.9745976496488;7.3310291170969321684e-09;
4284952.3301546871662;7.5025257117999899492e-09;
4285285.6857117246836;7.2615322643798663194e-09;
4285619.0412687622011;7.5049646497404864931e-09;
4285952.3968257997185;7.537878765617733734e-09;
4286285.7523828372359;7.3542474332555229921e-09;
4286619.1079398747534;7.2759105407271817967e-09;
4286952.4634969122708;7.2990440358466912585e-09;
4287285.8190539497882;7.3146400048074156075e-09;
4287619.1746109873056;7.0692296461061232549e-09;
4287952.5301680248231;7.3218009433162478672e-09;
4288285.8857250623405;7.6294695006140500482e-09;
4288619.2412820998579;7.3133805678082808299e-09;
4288952.5968391373754;7.4976638231305514637e-09;
4289285.9523961748928;7.4088397639116010396e-09;
4289619.3079532124102;7.4995742949113264331e-09;
4289952.6635102499276;7.4412667139256427618e-09;
4290286.0190672874451;7.3537047562410862156e-09;
4290619.3746243249625;7.3486683405121766555e-09;
4290952.7301813624799;7.9724724599827823113e-09;
4291286.0857383999974;7.0343322278176856344e-09;
4291619.4412954375148;7.3440222791987253004e-09;
4291952.7968524750322;7.6720754194070650556e-09;
4292286.1524095125496;7.3922508114776519506e-09;
4292619.5079665500671;7.5347275085846376896e-09;
4292952.8635235875845;7.3083974427845532773e-09;
4293286.2190806251019;7.5027761781143453845e-09;
4293619.5746376626194;7.361097509317460208e-09;
4293952.9301947001368;7.5206569860597483057e-09;
4294286.2857517376542;7.7753439242655986163e-09;
4294619.6413087751716;7.3884338647189906624e-09;
4294952.9968658126891;7.5640240737584463204e-09;
4295286.3524228502065;7.35338145929631537e-09;
4295619.7079798877239;6.8685164222870298545e-09;
4295953.0635369252414;7.8925532775997453427e-09;
4296286.4190939627588;6.988733591839491055e-09;
4296619.7746510002762;7.1786194766332300787e-09;
4296953.1302080377936;7.7181452340369105514e-09;
4297286.4857650753111;6.9863523854962750192e-09;
4297619.8413221128285;7.4412795925127284136e-09;
4297953.1968791503459;6.9247318990051098808e-09;
4298286.5524361878633;7.147663794171421614e-09;
4298619.9079932253808;7.3354220475607689878e-09;
4298953.2635502628982;6.9715908601608589379e-09;
4299286.6191073004156;7.4378556647047844308e-09;
4299619.9746643379331;7.4026211827060706128e-09;
4299953.3302213754505;7.1214185659584927635e-09;
4300286.6857784129679;7.3737944639162833482e-09;
4300620.0413354504853;7.3160149050011114014e-09;
4300953.3968924880028;7.3118004983996343071e-09;
4301286.7524495255202;7.3262524935557848949e-09;
4301620.1080065630376;6.9918035805471845379e-09;
4301953.4635636005551;7.4801143057356966892e-09;
4302286.8191206380725;7.6469266474532560096e-09;
4302620.1746776755899;7.4385613224592361803e-09;
4302953.5302347131073;7.4294717045120250987e-09;
4303286.8857917506248;7.622971587295523932e-09;
4303620.2413487881422;7.6907644697143950907e-09;
4303953.5969058256596;7.406757429606614096e-09;
4304286.9524628631771;7.8796693614435753261e-09;
4304620.3080199006945;7.3322912186313260463e-09;
4304953.6635769382119;7.0029160248452626547e-09;
4305287.0191339757293;7.6660935377503847121e-09;
4305620.3746910132468;7.3566766012334028346e-09;
4305953.7302480507642;7.5018533607362769544e-09;
4306287.0858050882816;7.1366099696490437054e-09;
4306620.4413621257991;7.48416262297268986e-09;
4306953.7969191633165;6.9978125516456657351e-09;
4307287.1524762008339;7.2861561228876325913e-09;
4307620.5080332383513;7.4869239696795375494e-09;
4307953.8635902758688;7.072570973321035126e-09;
4308287.2191473133862;7.1399832712870647811e-09;
4308620.5747043509036;7.4279316031322650815e-09;
4308953.9302613884211;7.6273787286140759534e-09;
4309287.2858184259385;7.2470296430537928245e-09;
4309620.6413754634559;7.2270696094278719102e-09;
4309953.9969325009733;7.7088495586963290407e-09;
4310287.3524895384908;7.1886776531471241469e-09;
4310620.7080465760082;7.307267679834694718e-09;
4310954.0636036135256;7.2095831527008158446e-09;
4311287.4191606510431;7.2049997079659533483e-09;
4311620.7747176885605;7.0925656459053243452e-09;
4311954.1302747260779;7.5647808017720308271e-09;
4312287.4858317635953;7.7528934383508385508e-09;
4312620.8413888011128;7.593900619440319133e-09;
4312954.1969458386302;7.2967489828101861349e-09;
4313287.5525028761476;7.37068628353654276e-09;
4313620.9080599136651;7.2050250210509148019e-09;
4313954.2636169511825;7.1454540062632077024e-09;
4314287.6191739886999;7.4847017472734478361e-09;
4314620.9747310262173;7.8586985807760356693e-09;
4314954.3302880637348;7.3013008972111492767e-09;
4315287.6858451012522;7.1288286385140509083e-09;
4315621.0414021387696;7.7779667151389730861e-09;
4315954.3969591762871;7.7539006326787784928e-09;
4316287.7525162138045;7.5074044758594027371e-09;
4316621.1080732513219;7.8134636538607082912e-09;
4316954.4636302888393;7.5430177659541186586e-09;
4317287.8191873263568;7.3126869004624950321e-09;
4317621.1747443638742;7.2511303628175483027e-09;
4317954.5303014013916;7.1199925955056642124e-09;
4318287.8858584389091;7.4981381104066713306e-09;
4318621.2414154764265;7.3310291170969321684e-09;
4318954.5969725139439;7.415636993357566098e-09;
4319287.9525295514613;7.0561769760502102145e-09;
4319621.3080865889788;7.5601711557737871772e-09;
4319954.6636436264962;7.1502133103251708235e-09;
4320288.0192006640136;7.1308328131181042409e-09;
4320621.3747577015311;7.5872605975746409968e-09;
4320954.7303147390485;7.6005468585549351701e-09;
4321288.0858717765659;7.0515300265583391592e-09;
4321621.4414288140833;7.6028978668318814016e-09;
4321954.7969858516008;7.1607972884635273658e-09;
4322288.1525428891182;7.952832170587953442e-09;
4322621.5080999266356;7.4259745019844558556e-09;
4322954.8636569641531;7.6650161773272884602e-09;
4323288.2192140016705;7.022343595508573344e-09;
4323621.5747710391879;7.2724475330687710084e-09;
4323954.9303280767053;7.5426207502005127026e-09;
4324288.2858851142228;7.5421304757128382334e-09;
4324621.6414421517402;7.656121070453991706e-09;
4324954.9969991892576;7.7370154727418594121e-09;
4325288.3525562267751;7.3659358612587766402e-09;
4325621.7081132642925;7.7095672068594467419e-09;
4325955.0636703018099;7.3086159346757995081e-09;
4326288.4192273393273;7.6394881531882674608e-09;
4326621.7747843768448;7.0320589351524631638e-09;
4326955.1303414143622;6.8881518267005503731e-09;
4327288.4858984518796;7.07508140962431753e-09;
4327621.841455489397;7.2262826833480175992e-09;
4327955.1970125269145;7.5033428359461140644e-09;
4328288.5525695644319;7.4200543487279446708e-09;
4328621.9081266019493;7.6155028949642655789e-09;
4328955.2636836394668;7.5794135412365903903e-09;
4329288.6192406769842;7.358537779111884447e-09;
4329621.9747977145016;7.3679156109562882193e-09;
4329955.330354752019;7.2342589696461345738e-09;
4330288.6859117895365;7.0407981667131025461e-09;
4330622.0414688270539;7.3545960432852552913e-09;
4330955.3970258645713;7.185912309637387807e-09;
4331288.7525829020888;7.4759629598020183039e-09;
4331622.1081399396062;6.9674279679077244509e-09;
4331955.4636969771236;7.2503407722024348914e-09;
4332288.819254014641;7.1705907878083507967e-09;
4332622.1748110521585;7.8138482351164384454e-09;
4332955.5303680896759;7.3364270214426596795e-09;
4333288.8859251271933;7.1918604405141195457e-09;
4333622.2414821647108;7.1340404694808512431e-09;
4333955.5970392022282;7.3497137265121637029e-09;
4334288.9525962397456;7.3561468028060517099e-09;
4334622.308153277263;7.2713870480356490589e-09;
4334955.6637103147805;7.4516268711022348725e-09;
4335289.0192673522979;7.270352320176698413e-09;
4335622.3748243898153;7.3206560813332544058e-09;
4335955.7303814273328;7.1125167977470482583e-09;
4336289.0859384648502;7.2744406054425780894e-09;
4336622.4414955023676;7.6097927959040134738e-09;
4336955.797052539885;7.3076016349205019651e-09;
4337289.1526095774025;7.0771073445996535156e-09;
4337622.5081666149199;7.8161956906797058764e-09;
4337955.8637236524373;7.4818879980398378393e-09;
4338289.2192806899548;6.9419909820567227143e-09;
4338622.5748377274722;7.139933089206351724e-09;
4338955.9303947649896;7.462644724398614926e-09;
4339289.285951802507;7.0401058316349462984e-09;
4339622.6415088400245;7.5683033173845615238e-09;
4339955.9970658775419;7.473913932187770115e-09;
4340289.3526229150593;7.610808872016150417e-09;
4340622.7081799525768;7.3519865750881763233e-09;
4340956.0637369900942;7.6870367848869136651e-09;
4341289.4192940276116;7.0534631468888164818e-09;
4341622.774851065129;7.7224040495593726519e-09;
4341956.1304081026465;7.2077974699880087428e-09;
4342289.4859651401639;7.1123045231047399284e-09;
4342622.8415221776813;7.1669385981465438817e-09;
4342956.1970792151988;7.6138846338835719507e-09;
4343289.5526362527162;7.0982619782000710984e-09;
4343622.9081932902336;7.0924408568373564776e-09;
4343956.263750327751;7.404168833602398081e-09;
4344289.6193073652685;6.9633165900029325712e-09;
4344622.9748644027859;7.5292492240919273172e-09;
4344956.3304214403033;7.1139663049279988627e-09;
4345289.6859784778208;7.0153278741713620548e-09;
4345623.0415355153382;7.8101844991351754288e-09;
4345956.3970925528556;7.417473746329505957e-09;
4346289.752649590373;7.059251849739212048e-09;
4346623.1082066278905;7.3809354184106723551e-09;
4346956.4637636654079;7.3430288516362907103e-09;
4347289.8193207029253;7.5648607378298038384e-09;
4347623.1748777404428;7.2463932632160776848e-09;
4347956.5304347779602;7.2811272566752904822e-09;
4348289.8859918154776;6.8837606725935529539e-09;
4348623.241548852995;7.5057426940361438028e-09;
4348956.5971058905125;7.4815069694977864856e-09;
4349289.9526629280299;7.2827006647457892541e-09;
4349623.3082199655473;7.2888699520490263239e-09;
4349956.6637770030648;7.2907653247966663912e-09;
4350290.0193340405822;7.0744099467390242353e-09;
4350623.3748910780996;7.5490369511044264073e-09;
4350956.730448115617;7.0071983770958468085e-09;
4351290.0860051531345;7.6648003499713013298e-09;
4351623.4415621906519;7.4359611801355640637e-09;
4351956.7971192281693;7.0811490004984989355e-09;
4352290.1526762656868;7.6699464557350438554e-09;
4352623.5082333032042;7.3349450957493900205e-09;
4352956.8637903407216;7.5800397070224789786e-09;
4353290.219347378239;7.1574519644457268441e-09;
4353623.5749044157565;6.9050893891642317612e-09;
4353956.9304614532739;7.3351125173815034941e-09;
4354290.2860184907913;7.7799482411933240655e-09;
4354623.6415755283087;7.5073121053037539241e-09;
4354956.9971325658262;7.4262747062903144979e-09;
4355290.3526896033436;7.4154806739556988759e-09;
4355623.708246640861;7.146081948405935691e-09;
4355957.0638036783785;7.7830515365917563031e-09;
4356290.4193607158959;7.1871242290910686279e-09;
4356623.7749177534133;7.1783925470469966967e-09;
4356957.1304747909307;7.6191959408333786996e-09;
4357290.4860318284482;7.4687820372787427914e-09;
4357623.8415888659656;7.3826860180759013019e-09;
4357957.197145903483;6.7789112101479531702e-09;
4358290.5527029410005;7.4608488276339812728e-09;
4358623.9082599785179;7.5424084755582043726e-09;
4358957.2638170160353;7.73962494093893838e-09;
4359290.6193740535527;7.5984782910154535784e-09;
4359623.9749310910702;7.536474555536187836e-09;
4359957.3304881285876;7.691737913262386428e-09;
4360290.686045166105;7.4032193708717386471e-09;
4360624.0416022036225;7.0440271393579223513e-09;
4360957.3971592411399;7.4369803648721699574e-09;
4361290.7527162786573;7.5693007417498847644e-09;
4361624.1082733161747;7.5857808923274205881e-09;
4361957.4638303536922;7.0662498075080293347e-09;
4362290.8193873912096;7.4284405293667532533e-09;
4362624.174944428727;7.193351692080796056e-09;
4362957.5305014662445;7.3466801531196779251e-09;
4363290.8860585037619;7.4044157472030747158e-09;
4363624.2416155412793;7.6676966997979434382e-09;
4363957.5971725787967;7.2378436577480442793e-09;
4364290.9527296163142;7.6325523679088291829e-09;
4364624.3082866538316;7.5033828039750005701e-09;
4364957.663843691349;7.2518182570036060497e-09;
4365291.0194007288665;7.2185684096837121615e-09;
4365624.3749577663839;7.1594765671534332796e-09;
4365957.7305148039013;7.4182167075775851117e-09;
4366291.0860718414187;6.9983041584009697544e-09;
4366624.4416288789362;7.1030270554217622703e-09;
4366957.7971859164536;7.2450951904556859517e-09;
4367291.152742953971;7.0969154997158057085e-09;
4367624.5082999914885;6.9209131758896091924e-09;
4367957.8638570290059;7.2121038030559248e-09;
4368291.2194140665233;7.668787382897335192e-09;
4368624.5749711040407;7.4973218744389669155e-09;
4368957.9305281415582;7.0413674890801303263e-09;
4369291.2860851790756;7.2197856582079111831e-09;
4369624.641642216593;6.918421391333140491e-09;
4369957.9971992541105;6.9197216845395814744e-09;
4370291.3527562916279;7.729774154086044291e-09;
4370624.7083133291453;6.9503989230668139498e-09;
4370958.0638703666627;7.445254635030096324e-09;
4371291.4194274041802;7.4562889196272408299e-09;
4371624.7749844416976;7.5554442702241431107e-09;
4371958.130541479215;7.4225967594543362793e-09;
4372291.4860985167325;7.4152981532904505002e-09;
4372624.8416555542499;7.3099513109298186464e-09;
4372958.1972125917673;7.3344037510025827942e-09;
4373291.5527696292847;7.1778378796238939685e-09;
4373624.9083266668022;7.344977070999902935e-09;
4373958.2638837043196;7.3511086107203027495e-09;
4374291.619440741837;7.6283432903778702894e-09;
4374624.9749977793545;7.9161175392528093653e-09;
4374958.3305548168719;7.7772153161959067802e-09;
4375291.6861118543893;7.1761734332653759338e-09;
4375625.0416688919067;7.2712080800840794836e-09;
4375958.3972259294242;7.5092767559681306011e-09;
4376291.7527829669416;7.4937007710218495049e-09;
4376625.108340004459;7.3159633906527687941e-09;
4376958.4638970419765;7.2480865753732359735e-09;
4377291.8194540794939;7.2851831234288511041e-09;
4377625.1750111170113;7.4151809137390500837e-09;
4377958.5305681545287;6.8449552692584347824e-09;
4378291.8861251920462;7.4933321769776739529e-09;
4378625.2416822295636;7.2043793153397928108e-09;
4378958.597239267081;7.0946839514363091439e-09;
4379291.9527963045985;7.41451655628111439e-09;
4379625.3083533421159;7.3488748419947569346e-09;
4379958.6639103796333;7.2438730569501785794e-09;
4380292.0194674171507;7.5318817849279184884e-09;
4380625.3750244546682;7.704355375892646407e-09;
4380958.7305814921856;7.4994952470319731219e-09;
4381292.086138529703;7.2767414316388112638e-09;
4381625.4416955672204;7.4234445257559400488e-09;
4381958.7972526047379;7.1369106180441121978e-09;
4382292.1528096422553;7.5852746306281915167e-09;
4382625.5083666797727;7.2465971001633988635e-09;
4382958.8639237172902;7.1273884572065071552e-09;
4383292.2194807548076;7.2607289069992475561e-09;
4383625.575037792325;7.9261930352458875859e-09;
4383958.9305948298424;7.1881851582134004275e-09;
4384292.2861518673599;7.3538726219624095393e-09;
4384625.6417089048773;7.1610868346283496066e-09;
4384958.9972659423947;7.0453887168753226433e-09;
4385292.3528229799122;7.1979151528012152994e-09;
4385625.7083800174296;7.9006410302895346831e-09;
4385959.063937054947;7.1959553871181469731e-09;
4386292.4194940924644;7.4351254042426262458e-09;
4386625.7750511299819;7.5831296797446157143e-09;
4386959.1306081674993;7.660950984700320987e-09;
4387292.4861652050167;7.1886900876449999487e-09;
4387625.8417222425342;7.3451444926320164086e-09;
4387959.1972792800516;7.1625461117719169124e-09;
4388292.552836317569;7.278480040895374259e-09;
4388625.9083933550864;7.2782113669234149711e-09;
4388959.2639503926039;7.6586896824437644682e-09;
4389292.6195074301213;7.2613284274325451406e-09;
4389625.9750644676387;7.0180026234822889819e-09;
4389959.3306215051562;7.2183019561578021239e-09;
4390292.6861785426736;6.942308061752555659e-09;
4390626.041735580191;7.2313368626453211618e-09;
4390959.3972926177084;6.8993055712951445457e-09;
4391292.7528496552259;7.6194375253635371337e-09;
4391626.1084066927433;7.3832309155363873288e-09;
4391959.4639637302607;7.5750872241542310803e-09;
4392292.8195207677782;7.4982038356097291398e-09;
4392626.1750778052956;7.0334058577259384037e-09;
4392959.530634842813;6.9976526795301197126e-09;
4393292.8861918803304;7.381169009335053488e-09;
4393626.2417489178479;6.9729382268235440279e-09;
4393959.5973059553653;7.1738290863265774533e-09;
4394292.9528629928827;7.0236265692358301749e-09;
4394626.3084200304002;7.7215904781269273371e-09;
4394959.6639770679176;7.5773503027676269994e-09;
4395293.019534105435;7.7429023193076318421e-09;
4395626.3750911429524;7.9594855151299270801e-09;
4395959.7306481804699;7.4986257203590866993e-09;
4396293.0862052179873;7.0906471805187720747e-09;
4396626.4417622555047;7.3875252581956374343e-09;
4396959.7973192930222;7.3010699708220272441e-09;
4397293.1528763305396;7.0983743327701631642e-09;
4397626.508433368057;7.270735569164799017e-09;
4397959.8639904055744;7.3537047562410862156e-09;
4398293.2195474430919;7.3367107944477538695e-09;
4398626.5751044806093;7.3315185034061869374e-09;
4398959.9306615181267;7.4502004565601964714e-09;
4399293.2862185556442;7.5054522596929018619e-09;
4399626.6417755931616;7.2533601347402054671e-09;
4399959.997332630679;6.9289303183950323728e-09;
4400293.3528896681964;7.0082570857721293578e-09;
4400626.7084467057139;7.3987727056135099701e-09;
4400960.0640037432313;7.1456547345860599307e-09;
4401293.4195607807487;7.3807409073367580277e-09;
4401626.7751178182662;7.5334698479423423123e-09;
4401960.1306748557836;7.015783509700668219e-09;
4402293.486231893301;7.361977250042173182e-09;
4402626.8417889308184;7.1481283114849247795e-09;
4402960.1973459683359;7.569141757812758442e-09;
4403293.5529030058533;7.7500201811631086457e-09;
4403626.9084600433707;7.2291013175629359466e-09;
4403960.2640170808882;7.2545707219262567378e-09;
4404293.6195741184056;7.5824768686061361223e-09;
4404626.975131155923;7.1353687403075127804e-09;
4404960.3306881934404;7.6190360687178326771e-09;
4405293.6862452309579;7.0687327102803010348e-09;
4405627.0418022684753;7.6963333484059148759e-09;
4405960.3973593059927;6.7645884449518689507e-09;
4406293.7529163435102;7.4434369778941800178e-09;
4406627.1084733810276;7.5494739348869188689e-09;
4406960.464030418545;7.4634707303289360425e-09;
4407293.8195874560624;7.4508550440555154637e-09;
4407627.1751444935799;7.0393886275610384473e-09;
4407960.5307015310973;7.1230701337299251463e-09;
4408293.8862585686147;7.1568737602945020626e-09;
4408627.2418156061321;7.1367853848869344802e-09;
4408960.5973726436496;7.2723578270483812958e-09;
4409293.952929681167;7.0758146009097799833e-09;
4409627.3084867186844;7.3934067756908916635e-09;
4409960.6640437562019;7.4542718664361018455e-09;
4410294.0196007937193;7.7871948889196573873e-09;
4410627.3751578312367;7.233153631602817768e-09;
4410960.7307148687541;7.6566726292526254838e-09;
4411294.0862719062716;7.3746622142323303706e-09;
4411627.441828943789;7.2577575060961407871e-09;
4411960.7973859813064;7.3126100730291909713e-09;
4412294.1529430188239;7.4393975424413838482e-09;
4412627.5085000563413;7.6382535851848842867e-09;
4412960.8640570938587;7.5098176566257279774e-09;
4413294.2196141313761;7.0576522404053321225e-09;
4413627.5751711688936;7.5023418588671120233e-09;
4413960.930728206411;7.4455686061014603183e-09;
4414294.2862852439284;7.2542900575456314982e-09;
4414627.6418422814459;7.3110042464463731449e-09;
4414960.9973993189633;7.3921597731896326877e-09;
4415294.3529563564807;7.613389918503798981e-09;
4415627.7085133939981;7.3610717521432889043e-09;
4415961.0640704315156;7.3007750955866868026e-09;
4416294.419627469033;7.3913160036909175687e-09;
4416627.7751845065504;7.1167161053153904504e-09;
4416961.1307415440679;7.5492616602446105389e-09;
4417294.4862985815853;7.5345818473238068691e-09;
4417627.8418556191027;7.135068091912444288e-09;
4417961.1974126566201;6.9098340382822698302e-09;
4418294.5529696941376;7.2644668058785555331e-09;
4418627.908526731655;7.3891608387555152149e-09;
4418961.2640837691724;7.812023028463954688e-09;
4419294.6196408066899;7.2930967931483792199e-09;
4419627.9751978442073;7.1217813868429402646e-09;
4419961.3307548817247;6.9282242165513707732e-09;
4420294.6863119192421;7.4539965311259948066e-09;
4420628.0418689567596;7.2128258921111410018e-09;
4420961.397425994277;7.3336567929516149889e-09;
4421294.7529830317944;7.7503603534978537937e-09;
4421628.1085400693119;7.3704917724626284325e-09;
4421961.4640971068293;7.1412626923006428115e-09;
4422294.8196541443467;7.2170212028765945433e-09;
4422628.1752111818641;7.1935537526712778345e-09;
4422961.5307682193816;7.6872526122429007955e-09;
4423294.886325256899;7.0299219778746646625e-09;
4423628.2418822944164;7.0880692426555924612e-09;
4423961.5974393319339;7.2328614209027364268e-09;
4424294.9529963694513;7.4836368213482273859e-09;
4424628.3085534069687;7.4593549115320456622e-09;
4424961.6641104444861;7.1439227866676446865e-09;
4425295.0196674820036;7.4620150058990475372e-09;
4425628.375224519521;7.1642825005824306572e-09;
4425961.7307815570384;6.9749352960002397595e-09;
4426295.0863385945559;7.7719706226275775407e-09;
4426628.4418956320733;7.1397323608834994957e-09;
4426961.7974526695907;7.1184040884020305384e-09;
4427295.1530097071081;7.6466717402468020737e-09;
4427628.5085667446256;7.5456156878317415249e-09;
4427961.864123782143;7.5751938055645950953e-09;
4428295.2196808196604;7.4532771066060377052e-09;
4428628.5752378571779;7.1106929233621940512e-09;
4428961.9307948946953;7.5734511995051434496e-09;
4429295.2863519322127;7.2468515632806429494e-09;
4429628.6419089697301;7.2501369352551137126e-09;
4429961.9974660072476;7.8362685229649287066e-09;
4430295.353023044765;7.6265616044679518382e-09;
4430628.7085800822824;7.5923001219280195073e-09;
4430962.0641371197999;7.3420740598351130757e-09;
4431295.4196941573173;7.5487180950517540623e-09;
4431628.7752511948347;7.7777340123930116533e-09;
4431962.1308082323521;7.2714891885539145733e-09;
4432295.4863652698696;6.6613439209106672934e-09;
4432628.841922307387;7.7611099769114844094e-09;
4432962.1974793449044;7.1371868415326389368e-09;
4433295.5530363824219;7.566801407676848612e-09;
4433628.9085934199393;7.1899024511878906196e-09;
4433962.2641504574567;7.3485519891391959391e-09;
4434295.6197074949741;7.1275887414401495334e-09;
4434628.9752645324916;7.1076580177020787232e-09;
4434962.330821570009;7.455502881725806219e-09;
4435295.6863786075264;7.1053984918023616046e-09;
4435629.0419356450438;7.1836403492397948867e-09;
4435962.3974926825613;7.0614722957884623611e-09;
4436295.7530497200787;6.7389569480269528867e-09;
4436629.1086067575961;7.4494543866876483662e-09;
4436962.4641637951136;7.4339627786912387819e-09;
4437295.819720832631;7.6196116083337983582e-09;
4437629.1752778701484;7.4576647079993563239e-09;
4437962.5308349076658;7.5129982235466741258e-09;
4438295.8863919451833;7.2890364855027200974e-09;
4438629.2419489827007;7.1386287991970220901e-09;
4438962.5975060202181;7.7013915245061070891e-09;
4439295.9530630577356;7.5236696872593711305e-09;
4439629.308620095253;7.635986065679389867e-09;
4439962.6641771327704;6.9939289915055269375e-09;
4440296.0197341702878;7.2695605091155357513e-09;
4440629.3752912078053;7.6685715555413480615e-09;
4440962.7308482453227;7.2961978681007622072e-09;
4441296.0864052828401;7.205784413599758409e-09;
4441629.4419623203576;7.5808914701269713987e-09;
4441962.797519357875;7.5472463834103109548e-09;
4442296.1530763953924;7.3629085051152287633e-09;
4442629.5086334329098;7.5102271068772097351e-09;
4442962.8641904704273;7.4597741317461441213e-09;
4443296.2197475079447;7.1773209597836284956e-09;
4443629.5753045454621;7.3355637120187111577e-09;
4443962.9308615829796;7.2196844058680653688e-09;
4444296.286418620497;7.3372263820203897922e-09;
4444629.6419756580144;7.3729395921873219777e-09;
4444962.9975326955318;7.5854078573911465355e-09;
4445296.3530897330493;7.1256858191759420151e-09;
4445629.7086467705667;7.4731136834316203021e-09;
4445963.0642038080841;7.0782140149105998717e-09;
4446296.4197608456016;7.3180457249577557377e-09;
4446629.775317883119;7.1532411105579285504e-09;
4446963.1308749206364;7.5890600470529534505e-09;
4447296.4864319581538;7.4994952470319731219e-09;
4447629.8419889956713;6.7453997942834575952e-09;
4447963.1975460331887;7.0370513860495975678e-09;
4448296.5531030707061;7.1367103338104698196e-09;
4448629.9086601082236;7.2230461611866303429e-09;
4448963.264217145741;7.5493549189786790521e-09;
4449296.6197741832584;7.3524772936650606425e-09;
4449629.9753312207758;7.4162884722284161398e-09;
4449963.3308882582933;7.2274630724677990656e-09;
4450296.6864452958107;7.4747807943253974372e-09;
4450630.0420023333281;7.4578743181064055534e-09;
4450963.3975593708456;7.961009629298132495e-09;
4451296.753116408363;7.2346657553623572312e-09;
4451630.1086734458804;7.469608931387483608e-09;
4451963.4642304833978;7.4497030766451644013e-09;
4452296.8197875209153;7.8095254707477579359e-09;
4452630.1753445584327;7.0977383970216578746e-09;
4452963.5309015959501;7.3919910192898896639e-09;
4453296.8864586334676;7.3996178073798546393e-09;
4453630.242015670985;7.1867076734122292692e-09;
4453963.5975727085024;7.2253811822520219721e-09;
4454296.9531297460198;7.0294037257667696394e-09;
4454630.3086867835373;7.7429431755149380479e-09;
4454963.6642438210547;7.5473787219948462734e-09;
4455297.0198008585721;7.8185857788071189134e-09;
4455630.3753578960896;7.2802190942411471042e-09;
4455963.730914933607;7.3269990075175428501e-09;
4456297.0864719711244;7.024712367353913578e-09;
4456630.4420290086418;7.3824657498278156709e-09;
4456963.7975860461593;6.8869057123777110974e-09;
4457297.1531430836767;6.9517054335221928341e-09;
4457630.5087001211941;7.4043509101784366067e-09;
4457963.8642571587116;7.3423063184918646584e-09;
4458297.219814196229;7.3054322591303844092e-09;
4458630.5753712337464;7.3741959205619878048e-09;
4458963.9309282712638;7.3288783930536283151e-09;
4459297.2864853087813;7.3277197643051295017e-09;
4459630.6420423462987;7.2371317827446546289e-09;
4459963.9975993838161;7.3372135034333041403e-09;
4460297.3531564213336;7.5859274417666711088e-09;
4460630.708713458851;7.2552079899423915776e-09;
4460964.0642704963684;7.1046368788074687473e-09;
4461297.4198275338858;7.0378178840257987758e-09;
4461630.7753845714033;7.1373498222726539097e-09;
4461964.1309416089207;7.4765278412769475835e-09;
4462297.4864986464381;7.4699499919006484561e-09;
4462630.8420556839556;7.5880333127997801057e-09;
4462964.197612721473;6.9202448216287848481e-09;
4463297.5531697589904;7.4527006788116523239e-09;
4463630.9087267965078;7.2893566738230219926e-09;
4463964.2642838340253;7.655206246681700577e-09;
4464297.6198408715427;6.9855792261819260602e-09;
4464630.9753979090601;7.2533854478251669207e-09;
4464964.3309549465775;7.2685133467587093037e-09;
4465297.686511984095;7.3869803607351514074e-09;
4465631.0420690216124;7.6260526782334636664e-09;
4465964.3976260591298;7.3897190588922967436e-09;
4466297.7531830966473;7.4900814439615714946e-09;
4466631.1087401341647;7.1822778835439748946e-09;
4466964.4642971716821;7.2140680096310916269e-09;
4467297.8198542091995;7.4429791219188246032e-09;
4467631.175411246717;7.3452093296566545177e-09;
4467964.5309682842344;7.1561818693055556651e-09;
4468297.8865253217518;7.2890875557618528546e-09;
4468631.2420823592693;7.0487682357622816198e-09;
4468964.5976393967867;7.6916970570550802222e-09;
4469297.9531964343041;7.1997106054766391026e-09;
4469631.3087534718215;7.3365042929651735903e-09;
4469964.664310509339;7.2856822797007225745e-09;
4470298.0198675468564;7.3100796527114653145e-09;
4470631.3754245843738;7.3201804617895049887e-09;
4470964.7309816218913;7.2854136057287632866e-09;
4471298.0865386594087;7.0690679976337378321e-09;
4471631.4420956969261;7.6137105509133107262e-09;
4471964.7976527344435;7.9041670986157441803e-09;
4472298.153209771961;7.0913448446674465231e-09;
4472631.5087668094784;6.8580989776023670856e-09;
4472964.8643238469958;7.544687541383154894e-09;
4473298.2198808845133;7.2642243331699773989e-09;
4473631.5754379220307;7.0810122210218651162e-09;
4473964.9309949595481;7.6470207943657442229e-09;
4474298.2865519970655;7.3977850512108034309e-09;
4474631.642109034583;7.4230923630125289492e-09;
4474964.9976660721004;7.1925936317995819991e-09;
4475298.3532231096178;7.2783521432029374409e-09;
4475631.7087801471353;7.4646111514198310033e-09;
4475965.0643371846527;7.3726673655016838893e-09;
4476298.4198942221701;7.1187793437843538413e-09;
4476631.7754512596875;7.296543813595235406e-09;
4476965.131008297205;7.2847736731773693464e-09;
4477298.4865653347224;6.9693868454123730771e-09;
4477631.8421223722398;7.1080075159102307225e-09;
4477965.1976794097573;7.2473991252763880766e-09;
4478298.5532364472747;7.1009433888491457765e-09;
4478631.9087934847921;7.1817858326994610252e-09;
4478965.2643505223095;7.4179431486243174731e-09;
4479298.619907559827;7.3143442413936554658e-09;
4479631.9754645973444;7.0956938102995081863e-09;
4479965.3310216348618;7.7858546276843298983e-09;
4480298.6865786723793;7.4815993400534352986e-09;
4480632.0421357098967;7.1556791603200053942e-09;
4480965.3976927474141;7.4136701222471401707e-09;
4481298.7532497849315;7.2295840425340429647e-09;
4481632.108806822449;6.8197860692009726336e-09;
4481965.4643638599664;7.5662436316292769334e-09;
4482298.8199208974838;7.5467294635700454819e-09;
4482632.1754779350013;7.44274375463760407e-09;
4482965.5310349725187;7.4815993400534352986e-09;
4483298.8865920100361;7.0712666833117054921e-09;
4483632.2421490475535;7.1019417013928887172e-09;
4483965.597706085071;7.3941599509907973697e-09;
4484298.9532631225884;7.3090906660411292251e-09;
4484632.3088201601058;7.1572885396165020211e-09;
4484965.6643771976233;6.8991115043104400684e-09;
4485299.0199342351407;7.139770108466336751e-09;
4485632.3754912726581;7.4800219351800478762e-09;
4485965.7310483101755;7.3445769466218280286e-09;
4486299.086605347693;7.1955255087630121125e-09;
4486632.4421623852104;7.0493131332227676467e-09;
4486965.7977194227278;7.4587385157087737753e-09;
4487299.1532764602453;7.3976420544852317107e-09;
4487632.5088334977627;7.2455788036052126699e-09;
4487965.8643905352801;7.2668027151223668625e-09;
4488299.2199475727975;7.7644788376574069844e-09;
4488632.575504610315;7.2230079695145832375e-09;
4488965.9310616478324;7.4521642190461534483e-09;
4489299.2866186853498;6.8859016266742401058e-09;
4489632.6421757228673;7.5147008615772392659e-09;
4489965.9977327603847;7.4235355640439593117e-09;
4490299.3532897979021;7.2117742888622160535e-09;
4490632.7088468354195;7.8118302937468797609e-09;
4490966.064403872937;7.1829968639747221459e-09;
4491299.4199609104544;6.7460637076521834388e-09;
4491632.7755179479718;7.1816592672746537573e-09;
4491966.1310749854892;7.0529551088327480102e-09;
4492299.4866320230067;7.3304753378522491403e-09;
4492632.8421890605241;7.0401924290308670606e-09;
4492966.1977460980415;6.8822250121058914374e-09;
4493299.553303135559;7.453630601617078355e-09;
4493632.9088601730764;6.885441994342045291e-09;
4493966.2644172105938;6.8261023500326700741e-09;
4494299.6199742481112;7.1848900162763129629e-09;
4494632.9755312856287;7.1826815606357286015e-09;
4494966.3310883231461;7.7644513041263962805e-09;
4495299.6866453606635;7.0587065081895161711e-09;
4495633.042202398181;7.4736119515250720724e-09;
4495966.3977594356984;7.548545788438332238e-09;
4496299.7533164732158;6.9963741466949613823e-09;
4496633.1088735107332;7.2073160772845312749e-09;
4496966.4644305482507;6.9018755155525468581e-09;
4497299.8199875857681;7.2497292613604713551e-09;
4497633.1755446232855;7.2577828191811022407e-09;
4497966.531101660803;7.9268192010317761742e-09;
4498299.8866586983204;6.7663474823120850488e-09;
4498633.2422157358378;7.1582566540939751576e-09;
4498966.5977727733552;7.0701857701749304397e-09;
4499299.9533298108727;7.1001076129562079586e-09;
4499633.3088868483901;7.3925492394266711926e-09;
4499966.6644438859075;6.9126748769576806808e-09;
4500300.020000923425;6.7364593903107561346e-09;
4500633.3755579609424;7.3304624592651634885e-09;
4500966.7311149984598;7.1940844392770486593e-09;
4501300.0866720359772;7.3589125904049978999e-09;
4501633.4422290734947;6.8310810341642991261e-09;
4501966.7977861110121;7.3794703681073769985e-09;
4502300.1533431485295;7.5230754958965917467e-09;
4502633.508900186047;7.6589996567122398119e-09;
4502966.8644572235644;7.4400117178186064848e-09;
4503300.2200142610818;7.5803194832246845181e-09;
4503633.5755712985992;7.4097248337068322144e-09;
4503966.9311283361167;6.9553700576818755508e-09;
4504300.2866853736341;7.3062151884073500696e-09;
4504633.6422424111515;6.7476162435298192577e-09;
4504966.997799448669;7.205607222005028234e-09;
4505300.3533564861864;7.149358882685419303e-09;
4505633.7089135237038;7.4148553963482299878e-09;
4505967.0644705612212;7.4634964875031073461e-09;
4506300.4200275987387;6.8753975845936565747e-09;
4506633.7755846362561;7.0587806710875611316e-09;
4506967.1311416737735;7.3373294107170750067e-09;
4507300.486698711291;7.5724262416088095051e-09;
4507633.8422557488084;7.8100743650111326133e-09;
4507967.1978127863258;7.6282500316438017762e-09;
4508300.5533698238432;7.3923933641140138207e-09;
4508633.9089268613607;7.6026305251275516639e-09;
4508967.2644838988781;7.067329832466384687e-09;
4509300.6200409363955;6.9591710172289822367e-09;
4509633.975597973913;6.9880092823382256029e-09;
4509967.3311550114304;7.2996337863173721416e-09;
4510300.6867120489478;7.3784072185389959486e-09;
4510634.0422690864652;7.1205805696195056953e-09;
4510967.3978261239827;7.4625132739924993075e-09;
4511300.7533831615001;7.0666095197680078854e-09;
4511634.1089401990175;6.717185474514053567e-09;
4511967.464497236535;7.1306573978802134661e-09;
4512300.8200542740524;7.5780155484039823932e-09;
4512634.1756113115698;7.0319230438542490447e-09;
4512967.5311683490872;7.3443704451392477495e-09;
4513300.8867253866047;7.240196442381829911e-09;
4513634.2422824241221;7.2437589260232471133e-09;
4513967.5978394616395;7.4307902053760699346e-09;
4514300.953396499157;7.4516144366043590708e-09;
4514634.3089535366744;7.3852675086527597159e-09;
4514967.6645105741918;7.5939805554980921443e-09;
4515301.0200676117092;6.9573373728815113282e-09;
4515634.3756246492267;6.963329024500808373e-09;
4515967.7311816867441;6.9903052235531504266e-09;
4516301.0867387242615;7.1086567743350315141e-09;
4516634.442295761779;7.7335631232244850253e-09;
4516967.7978527992964;7.4223751589386210981e-09;
4517301.1534098368138;7.4373329717047909071e-09;
4517634.5089668743312;7.3451316140449307568e-09;
4517967.8645239118487;6.7955685523202191689e-09;
4518301.2200809493661;7.4223880375257067499e-09;
4518634.5756379868835;7.4167183505835510005e-09;
4518967.9311950244009;7.0913697136631981266e-09;
4519301.2867520619184;7.770823984287744679e-09;
4519634.6423090994358;6.7629488675891025196e-09;
4519967.9978661369532;6.9562009485935050179e-09;
4520301.3534231744707;7.1493464481875435013e-09;
4520634.7089802119881;7.0236638727294575801e-09;
4520968.0645372495055;7.6108355173687414208e-09;
4521301.4200942870229;7.6241901680873525038e-09;
4521634.7756513245404;7.2701737963143386878e-09;
4521968.1312083620578;7.4894499491051647055e-09;
4522301.4867653995752;7.1537811230371062265e-09;
4522634.8423224370927;7.7278325960605798173e-09;
4522968.1978794746101;7.3533428235350584146e-09;
4523301.5534365121275;7.037088689543224973e-09;
4523634.9089935496449;7.3096813046902298083e-09;
4523968.2645505871624;7.1704522319748775772e-09;
4524301.6201076246798;7.4465105193155523011e-09;
4524634.9756646621972;7.2004695539362728596e-09;
4524968.3312216997147;7.8846129625276262232e-09;
4525301.6867787372321;7.2679262608232875209e-09;
4525635.0423357747495;7.1261867518046528858e-09;
4525968.3978928122669;7.1295049863806525536e-09;
4526301.7534498497844;7.2019497032727031183e-09;
4526635.1090068873018;7.0063244095308618853e-09;
4526968.4645639248192;7.1392434186634545767e-09;
4527301.8201209623367;7.4000725547307411034e-09;
4527635.1756779998541;7.6176442931341625808e-09;
4527968.5312350373715;7.2457950750504096504e-09;
4528301.8867920748889;7.3108501474905551731e-09;
4528635.2423491124064;6.9990293560806549067e-09;
4528968.5979061499238;7.136471857904780336e-09;
4529301.9534631874412;7.0767218751655036613e-09;
4529635.3090202249587;7.3293549007757974323e-09;
4529968.6645772624761;7.1867454209950665245e-09;
4530302.0201342999935;7.1372743271069793991e-09;
4530635.3756913375109;7.379962863041100718e-09;
4530968.7312483750284;7.1652519473275333439e-09;
4531302.0868054125458;7.0565118193144371617e-09;
4531635.4423624500632;7.5782953246061879327e-09;
4531968.7979194875807;7.6852817443295862176e-09;
4532302.1534765250981;7.522084288780206407e-09;
4532635.5090335626155;7.3367236730348395213e-09;
4532968.8645906001329;6.8329533142730269901e-09;
4533302.2201476376504;7.1468475582037171989e-09;
4533635.5757046751678;7.0011445529871707549e-09;
4533968.9312617126852;7.2802577300024040596e-09;
4534302.2868187502027;7.3616019946598498791e-09;
4534635.6423757877201;7.5336421545557641366e-09;
4534968.9979328252375;7.291239167983576408e-09;
4535302.3534898627549;7.405183133357695624e-09;
4535635.7090469002724;7.4950170514398450905e-09;
4535969.0646039377898;7.6314936592325466336e-09;
4536302.4201609753072;7.7136048659554035112e-09;
4536635.7757180128247;6.9701950877743001911e-09;
4536969.1312750503421;7.4269008720762030862e-09;
4537302.4868320878595;7.2486088242840196472e-09;
4537635.8423891253769;7.705383886502659152e-09;
4537969.1979461628944;6.9035732686018036475e-09;
4538302.5535032004118;6.6436385282031551469e-09;
4538635.9090602379292;6.8294969679527639528e-09;
4538969.2646172754467;7.0346661829034928815e-09;
4539302.6201743129641;7.4620540857495143428e-09;
4539635.9757313504815;7.1446257798868373357e-09;
4539969.3312883879989;7.1966503867315623211e-09;
4540302.6868454255164;7.4499126867522136308e-09;
4540636.0424024630338;7.461687268062178191e-09;
4540969.3979595005512;8.9378469070311439282e-09;
4541302.7535165380687;7.4151289553014976264e-09;
4541636.1090735755861;7.3867987282483227318e-09;
4541969.4646306131035;7.367126464430384658e-09;
4542302.8201876506209;6.7809482473535354075e-09;
4542636.1757446881384;7.5467427862463409838e-09;
4542969.5313017256558;7.003690960516451014e-09;
4543302.8868587631732;7.3825825452900062373e-09;
4543636.2424158006907;7.2935453232503277832e-09;
4543969.5979728382081;7.726284501075042499e-09;
4544302.9535298757255;6.8871353064992035797e-09;
4544636.3090869132429;7.0781269734254692594e-09;
4544969.6646439507604;7.451077088660440495e-09;
4545303.0202009882778;7.335962948218366364e-09;
4545636.3757580257952;7.0779280214594564313e-09;
4545969.7313150633126;7.0825301179411326302e-09;
4546303.0868721008301;7.5848483049867354566e-09;
4546636.4424291383475;7.5022494883114632103e-09;
4546969.7979861758649;7.0078018943320330436e-09;
4547303.1535432133824;7.1729342465687295771e-09;
4547636.5091002508998;6.8843775125060346909e-09;
4547969.8646572884172;7.3662977939648044412e-09;
4548303.2202143259346;7.132110457774842871e-09;
4548636.5757713634521;7.5764452489579525718e-09;
4548969.9313284009695;7.0730306056532299408e-09;
4549303.2868854384869;7.2531305406187129847e-09;
4549636.6424424760044;7.3193957561556999281e-09;
4549969.9979995135218;7.0341346081193023565e-09;
4550303.3535565510392;7.4394499449681461556e-09;
4550636.7091135885566;7.2404890971711211023e-09;
4550970.0646706260741;7.674312740846289671e-09;
4551303.4202276635915;7.5480555139506577689e-09;
4551636.7757847011089;7.143458269354141521e-09;
4551970.1313417386264;7.1360584108504099277e-09;
4552303.4868987761438;7.6395956227770511759e-09;
4552636.8424558136612;7.3533557021221440664e-09;
4552970.1980128511786;6.9912631239787970117e-09;
4553303.5535698886961;7.43182138052134178e-09;
4553636.9091269262135;7.448041294821905467e-09;
4553970.2646839637309;7.1873893503493491153e-09;
4554303.6202410012484;7.1186292416314245202e-09;
4554636.9757980387658;7.2334840339749462146e-09;
4554970.3313550762832;6.9863643759049409709e-09;
4555303.6869121138006;7.1672534573963275761e-09;
4555637.0424691513181;7.4933188543013784511e-09;
4555970.3980261888355;7.2102541714968992892e-09;
4556303.7535832263529;7.4588042409118315845e-09;
4556637.1091402638704;7.3396240196643702802e-09;
4556970.4646973013878;7.0377192962212120619e-09;
4557303.8202543389052;6.938747798557187707e-09;
4557637.1758113764226;7.1000205714710773464e-09;
4557970.5313684139401;7.0349628344956727233e-09;
4558303.8869254514575;7.1542713975247806957e-09;
4558637.2424824889749;7.4349943979257204774e-09;
4558970.5980395264924;7.175883443011343843e-09;
4559303.9535965640098;7.152273440169665264e-09;
4559637.3091536015272;7.3354478047349402914e-09;
4559970.6647106390446;7.5082748907107088598e-09;
4560304.0202676765621;7.3882779894063332904e-09;
4560637.3758247140795;7.3968493552456493489e-09;
4560970.7313817515969;7.5381567654630998732e-09;
4561304.0869387891144;7.4062240784655841708e-09;
4561637.4424958266318;7.056201845045961818e-09;
4561970.7980528641492;7.0033956411919007223e-09;
4562304.1536099016666;7.1968653259091297514e-09;
4562637.5091669391841;7.389225675780153324e-09;
4562970.8647239767015;7.2529648953434389114e-09;
4563304.2202810142189;7.3307457881810478284e-09;
4563637.5758380517364;7.3587056448332077707e-09;
4563970.9313950892538;7.0399202023452289723e-09;
4564304.2869521267712;6.8157857135986432695e-09;
4564637.6425091642886;7.7860322633682699234e-09;
4564970.9980662018061;7.1214687480392058205e-09;
4565304.3536232393235;7.5664292609189942596e-09;
4565637.7091802768409;6.9958336901265738561e-09;
4565971.0647373143584;7.6046609009949861502e-09;
4566304.4202943518758;7.4530408511463974719e-09;
4566637.7758513893932;7.2629355862829925172e-09;
4566971.1314084269106;7.2115842186804002267e-09;
4567304.4869654644281;7.4288584173132221622e-09;
4567637.8425225019455;7.5630675056004292856e-09;
4567971.1980795394629;7.4695174490102544951e-09;
4568304.5536365769804;7.5825434819876136316e-09;
4568637.9091936144978;6.9240995159702833917e-09;
4568971.2647506520152;7.659901157808235439e-09;
4569304.6203076895326;6.9809664715592134598e-09;
4569637.9758647270501;7.3971091474334116356e-09;
4569971.3314217645675;7.116315980937315544e-09;
4570304.6869788020849;6.9089112209042014001e-09;
4570638.0425358396024;7.2046324461894073465e-09;
4570971.3980928771198;7.5585910863651406544e-09;
4571304.7536499146372;7.422622960717717433e-09;
4571638.1092069521546;7.2993899813411644573e-09;
4571971.4647639896721;7.6012014460502541624e-09;
4572304.8203210271895;7.6256769787619305134e-09;
4572638.1758780647069;6.8974879141592282394e-09;
4572971.5314351022243;7.1284653735403935571e-09;
4573304.8869921397418;7.3008519230199908634e-09;
4573638.2425491772592;7.455502881725806219e-09;
4573971.5981062147766;7.3967583169576300861e-09;
4574304.9536632522941;7.2635479853033757536e-09;
4574638.3092202898115;7.0925407769095727417e-09;
4574971.6647773273289;7.2034809228682661342e-09;
4575305.0203343648463;7.0660015616397231497e-09;
4575638.3758914023638;6.9557244408713359007e-09;
4575971.7314484398812;7.4866868260414776159e-09;
4576305.0870054773986;7.124734580088443181e-09;
4576638.4425625149161;7.1448642557925268193e-09;
4576971.7981195524335;7.5685830935867670632e-09;
4577305.1536765899509;7.635113874471244344e-09;
4577638.5092336274683;7.7180777324770133418e-09;
4577971.8647906649858;7.6297643758493904897e-09;
4578305.2203477025032;7.3762689289935678971e-09;
4578638.5759047400206;7.5909794006179254211e-09;
4578971.9314617775381;7.041627281267892613e-09;
4579305.2870188150555;7.3220451923816654016e-09;
4579638.6425758525729;7.2505828008218031755e-09;
4579971.9981328900903;7.251359512849830935e-09;
4580305.3536899276078;7.2031642872616430395e-09;
4580638.7092469651252;6.9721051154658653104e-09;
4580972.0648040026426;7.6112360858360261773e-09;
4581305.4203610401601;7.0247248018517893797e-09;
4581638.7759180776775;6.9511068012673149497e-09;
4581972.1314751151949;7.1394938849778100121e-09;
4582305.4870321527123;7.1550507740880675556e-09;
4582638.8425891902298;7.444509453335967919e-09;
4582972.1981462277472;7.0509602601021015289e-09;
4583305.5537032652646;7.5647417219215640216e-09;
4583638.9092603027821;7.0799801576981735707e-09;
4583972.2648173402995;7.0933756646240908594e-09;
4584305.6203743778169;7.3090009600207395124e-09;
4584638.9759314153343;6.8841234934780004551e-09;
4584972.3314884528518;6.7017564830962328415e-09;
4585305.6870454903692;7.0272427876716392348e-09;
4585639.0426025278866;7.1781025567929646058e-09;
4585972.3981595654041;7.5966628543255865225e-09;
4586305.7537166029215;7.2315908816733553977e-09;
4586639.1092736404389;7.3407973033567941457e-09;
4586972.4648306779563;7.279579605778963014e-09;
4587305.8203877154738;7.3937185263162064075e-09;
4587639.1759447529912;7.4771451252786391706e-09;
4587972.5315017905086;7.326934614582114591e-09;
4588305.8870588280261;6.9363470522887382685e-09;
4588639.2426158655435;7.6617583388838284009e-09;
4588972.5981729030609;7.4553589968218147987e-09;
4589305.9537299405783;7.1073333884896783275e-09;
4589639.3092869780958;7.3321881899346408318e-09;
4589972.6648440156132;7.2804748896260207403e-09;
4590306.0204010531306;7.4339499001041531301e-09;
4590639.3759580906481;7.3271793077367419755e-09;
4590972.7315151281655;7.5212778227751186932e-09;
4591306.0870721656829;6.969301136194872015e-09;
4591639.4426292032003;7.1537811230371062265e-09;
4591972.7981862407178;7.6919670632946690603e-09;
4592306.1537432782352;6.9657146717361229094e-09;
4592639.5093003157526;7.444509453335967919e-09;
4592972.8648573532701;7.4043375875021411048e-09;
4593306.2204143907875;7.3639818687354363647e-09;
4593639.5759714283049;7.3167862879586209601e-09;
4593972.9315284658223;7.3439188064128302358e-09;
4594306.2870855033398;7.37068628353654276e-09;
4594639.6426425408572;7.2103683024238307553e-09;
4594972.9981995783746;7.5415078626406284457e-09;
4595306.3537566158921;7.6980368746148997161e-09;
4595639.7093136534095;7.5167738700088193582e-09;
4595973.0648706909269;7.2164634268290228647e-09;
4596306.4204277284443;7.2070629464349167392e-09;
4596639.7759847659618;7.4835178054399875691e-09;
4596973.1315418034792;7.3339401218674993288e-09;
4597306.4870988409966;7.697766868375310878e-09;
4597639.8426558785141;6.9628520726894294057e-09;
4597973.1982129160315;7.4551884665652323747e-09;
4598306.5537699535489;7.2816774832062947098e-09;
4598639.9093269910663;7.2016335117552898737e-09;
4598973.2648840285838;7.3938224431913113222e-09;
4599306.6204410661012;7.1915069455030788959e-09;
4599639.9759981036186;7.2267520856428291154e-09;
4599973.3315551411361;7.055024564550649302e-09;
4600306.6871121786535;6.921740069998350009e-09;
4600640.0426692161709;6.9712604577887304913e-09;
4600973.3982262536883;7.1666743650666830945e-09;
4601306.7537832912058;7.1509291821314491244e-09;
4601640.1093403287232;7.3961867741445530555e-09;
4601973.4648973662406;7.3300374658913369785e-09;
4602306.820454403758;7.2463932632160776848e-09;
4602640.1760114412755;6.8905361416682353592e-09;
4602973.5315684787929;7.2428552044812022359e-09;
4603306.8871255163103;7.0590164824579915148e-09;
4603640.2426825538278;7.6523560821328828752e-09;
4603973.5982395913452;6.8951737652866995631e-09;
4604306.9537966288626;7.3267156786016585102e-09;
4604640.30935366638;7.2787740279522950004e-09;
4604973.6649107038975;7.066535356869962925e-09;
4605307.0204677414149;7.3720460846971036517e-09;
4605640.3760247789323;7.5384480879847615142e-09;
4605973.7315818164498;7.4299286723089608131e-09;
4606307.0871388539672;6.9198313745744144398e-09;
4606640.4426958914846;7.2137384954373828805e-09;
4606973.798252929002;7.7798389952477009501e-09;
4607307.1538099665195;7.3852026716281216068e-09;
4607640.5093670040369;7.0702106391706820432e-09;
4607973.8649240415543;7.083400976881648603e-09;
4608307.2204810790718;7.3150769885899080691e-09;
4608640.5760381165892;7.2402475126409626682e-09;
4608973.9315951541066;7.1793890832339002372e-09;
4609307.287152191624;7.0967032250734973786e-09;
4609640.6427092291415;7.0143419961254949158e-09;
4609973.9982662666589;7.4528969662424060516e-09;
4610307.3538233041763;7.0416392716765585646e-09;
4610640.7093803416938;7.117528788569416065e-09;
4610974.0649373792112;7.3636328146164942154e-09;
4611307.4204944167286;7.7718063096199330175e-09;
4611640.776051454246;7.3697279390216863248e-09;
4611974.1316084917635;7.1825678737980069855e-09;
4612307.4871655292809;7.4807315897373882763e-09;
4612640.8427225667983;7.3170816072831712518e-09;
4612974.1982796043158;1.0294355590190207295e-08;
4613307.5538366418332;7.6667134862873353995e-09;
4613640.9093936793506;7.5416135558725727606e-09;
4613974.264950716868;7.1459185235767108679e-09;
4614307.6205077543855;7.5773636254439225013e-09;
4614640.9760647919029;7.5801862564617294993e-09;
4614974.3316218294203;7.4849513254093835712e-09;
4615307.6871788669378;7.5485058204094457324e-09;
4615641.0427359044552;7.0590657763602848718e-09;
4615974.3982929419726;7.4355299695127996529e-09;
4616307.75384997949;7.4574417752160115924e-09;
4616641.1094070170075;7.7647648311085504247e-09;
4616974.4649640545249;7.3554744517423387151e-09;
4617307.8205210920423;7.9281283760224141588e-09;
4617641.1760781295598;7.0240706584456802375e-09;
4617974.5316351670772;7.3876162964836566971e-09;
4618307.8871922045946;7.2168693243668258219e-09;
4618641.242749242112;6.9106351752168393432e-09;
4618974.5983062796295;7.0681616115564338543e-09;
4619307.9538633171469;7.2768053804850296729e-09;
4619641.3094203546643;7.5519412945368458168e-09;
4619974.6649773921818;7.5980244318429868144e-09;
4620308.0205344296992;7.0024364084986245871e-09;
4620641.3760914672166;7.1212435948098118388e-09;
4620974.731648504734;6.977570077282280181e-09;
4621308.0872055422515;7.2215491364602257818e-09;
4621641.4427625797689;7.2861174871263756359e-09;
4621974.7983196172863;7.3566637226463171828e-09;
4622308.1538766548038;7.4342763056733929261e-09;
4622641.5094336923212;7.07869896032775614e-09;
4622974.8649907298386;7.4002155514563128236e-09;
4623308.220547767356;7.4516268711022348725e-09;
4623641.5761048048735;7.095145360125343359e-09;
4623974.9316618423909;7.1320731542812154657e-09;
4624308.2872188799083;7.4647550363238224236e-09;
4624641.6427759174258;7.4358696977583349508e-09;
4624974.9983329549432;6.9254864065726451372e-09;
4625308.3538899924606;6.7281922255801873689e-09;
4625641.709447029978;7.259657319735879355e-09;
4625975.0650040674955;7.5354291695362007886e-09;
4626308.4205611050129;7.5361441531640593894e-09;
4626641.7761181425303;7.4677979355897150526e-09;
4626975.1316751800478;6.9863155260918574641e-09;
4627308.4872322175652;7.7518444996371727029e-09;
4627641.8427892550826;7.2126611350142866286e-09;
4627975.1983462926;7.6510522362127630913e-09;
4628308.5539033301175;6.9057808360639683087e-09;
4628641.9094603676349;7.1038006588253210793e-09;
4628975.2650174051523;6.849044886791944009e-09;
4629308.6205744426697;7.270671620318580608e-09;
4629641.9761314801872;7.1894730169219656091e-09;
4629975.3316885177046;7.1600050333131548541e-09;
4630308.687245555222;7.6498958279103135283e-09;
4630642.0428025927395;7.4434760577446468233e-09;
4630975.3983596302569;7.1047741023733124166e-09;
4631308.7539166677743;7.5553785450210853014e-09;
4631642.1094737052917;7.854420225328340166e-09;
4631975.4650307428092;7.259465917286433978e-09;
4632308.8205877803266;7.5268689059271309816e-09;
4632642.176144817844;6.6832628320412368339e-09;
4632975.5317018553615;7.4838473196336963156e-09;
4633308.8872588928789;7.1362089570925490989e-09;
4633642.2428159303963;7.3529293764806880063e-09;
4633975.5983729679137;7.3018910917710400099e-09;
4634308.9539300054312;7.2603971723594895593e-09;
4634642.3094870429486;7.5267365673425956629e-09;
4634975.665044080466;7.5582589076361728075e-09;
4635309.0206011179835;7.7294890488133205508e-09;
4635642.3761581555009;7.05905334186240907e-09;
4635975.7317151930183;7.1202679308157712512e-09;
4636309.0872722305357;7.2479084956000860984e-09;
4636642.4428292680532;7.1661330203198758682e-09;
4636975.7983863055706;7.3702719483037526516e-09;
4637309.153943343088;7.2747727841715459363e-09;
4637642.5095003806055;7.086400799494185776e-09;
4637975.8650574181229;7.2234396242265574983e-09;
4638309.2206144556403;6.9156751436594277038e-09;
4638642.5761714931577;7.0088974624127331481e-09;
4638975.9317285306752;7.3422805613176933548e-09;
4639309.2872855681926;7.2639307902022665075e-09;
4639642.64284260571;6.7756609212210605619e-09;
4639975.9983996432275;7.3316472892770434555e-09;
4640309.3539566807449;7.4939245919836139365e-09;
4640642.7095137182623;7.0399450713409805758e-09;
4640976.0650707557797;7.2000903017510609061e-09;
4641309.4206277932972;7.1531025547244553309e-09;
4641642.7761848308146;7.2554628971488455136e-09;
4641976.131741868332;7.0569954324639638799e-09;
4642309.4872989058495;7.2475137002925293928e-09;
4642642.8428559433669;7.4419594930930088594e-09;
4642976.1984129808843;7.2862325062317268021e-09;
4643309.5539700184017;7.2568777653714278131e-09;
4643642.9095270559192;7.0505268290332878678e-09;
4643976.2650840934366;7.0736643209556859802e-09;
4644309.620641130954;7.2389880756418278906e-09;
4644642.9761981684715;7.1772450205287441349e-09;
4644976.3317552059889;7.417551906030439568e-09;
4645309.6873122435063;7.2049868293788676965e-09;
4645643.0428692810237;7.3009673862145518797e-09;
4645976.3984263185412;7.4047021847434280062e-09;
4646309.7539833560586;7.2811530138494617859e-09;
4646643.109540393576;7.3939649958276731923e-09;
4646976.4650974310935;7.3121344534854415542e-09;
4647309.8206544686109;6.9113390566144516924e-09;
4647643.1762115061283;7.1727579431524191023e-09;
4647976.5317685436457;7.2526593619670620683e-09;
4648309.8873255811632;7.4981780784355578362e-09;
4648643.2428826186806;6.9718848472177796793e-09;
4648976.598439656198;7.2270442963429104566e-09;
4649309.9539966937155;6.7200769393593873247e-09;
4649643.3095537312329;7.0826793319156422513e-09;
4649976.6651107687503;7.5609944971688491933e-09;
4650310.0206678062677;7.4210322331680345087e-09;
4650643.3762248437852;7.2133583550737512269e-09;
4650976.7317818813026;7.4506978364752285415e-09;
4651310.08733891882;7.2706973774927519116e-09;
4651643.4428959563375;7.4199761890270110598e-09;
4651976.7984529938549;6.9419057169284315023e-09;
4652310.1540100313723;6.7950671756022984482e-09;
4652643.5095670688897;6.8846071066275271733e-09;
4652976.8651241064072;7.6922237468579623965e-09;
4653310.2206811439246;7.2119519245461560786e-09;
4653643.576238181442;7.2773422843397383986e-09;
4653976.9317952189595;7.2623107527647334791e-09;
4654310.2873522564769;7.2487358337980367651e-09;
4654643.6429092939943;6.8856111923309981648e-09;
4654976.9984663315117;7.1298682513543099049e-09;
4655310.3540233690292;7.1406605073320861266e-09;
4655643.7095804065466;7.9022370869097358081e-09;
4655977.065137444064;7.4601933519602425804e-09;
4656310.4206944815814;7.2150565522122178663e-09;
4656643.7762515190989;6.8907661798789376917e-09;
4656977.1318085566163;6.8835914746046000801e-09;
4657310.4873655941337;7.140309232767094727e-09;
4657643.8429226316512;6.9776682209976570448e-09;
4657977.1984796691686;7.335962948218366364e-09;
4658310.554036706686;7.3434542890993270703e-09;
4658643.9095937442034;7.066733864746765903e-09;
4658977.2651507817209;7.2100010406472847535e-09;
4659310.6207078192383;7.2584458443714083842e-09;
4659643.9762648567557;7.400566381932094373e-09;
4659977.3318218942732;7.1394814504799342103e-09;
4660310.6873789317906;6.9304881833431863924e-09;
4660644.042935969308;7.0609389446474324359e-09;
4660977.3984930068254;7.0555823405982209806e-09;
4661310.7540500443429;6.9780115019568711432e-09;
4661644.1096070818603;6.7498926448195106786e-09;
4661977.4651641193777;6.9632308807854315091e-09;
4662310.8207211568952;7.2797332606455711357e-09;
4662644.1762781944126;7.210089414400044916e-09;
4662977.53183523193;7.2170212028765945433e-09;
4663310.8873922694474;7.0763741533141910622e-09;
4663644.2429493069649;7.1387917799370370631e-09;
4663977.5985063444823;7.6976309770770967589e-09;
4664310.9540633819997;7.6050747921385664085e-09;
4664644.3096204195172;7.0439405419620015891e-09;
4664977.6651774570346;6.8502603589593036304e-09;
4665311.020734494552;7.4565376095847568649e-09;
4665644.3762915320694;7.3800539013291199808e-09;
4665977.7318485695869;7.228352139065918891e-09;
4666311.0874056071043;7.3763466446052916581e-09;
4666644.4429626446217;7.441161908872118147e-09;
4666977.7985196821392;7.0229235760166375258e-09;
4667311.1540767196566;7.2763706171485864616e-09;
4667644.509633757174;7.1883490271318351006e-09;
4667977.8651907946914;7.2506973758379444916e-09;
4668311.2207478322089;7.2812169626956801949e-09;
4668644.5763048697263;7.2114958449276400643e-09;
4668977.9318619072437;7.1172290283527672727e-09;
4669311.2874189447612;7.2647479143483906228e-09;
4669644.6429759822786;7.3511987608299023123e-09;
4669977.998533019796;7.1202053142371823924e-09;
4670311.3540900573134;7.059797635378117775e-09;
4670644.7096470948309;7.264352230862414217e-09;
4670978.0652041323483;7.290778203383752043e-09;
4671311.4207611698657;7.592113604459882481e-09;
4671644.7763182073832;7.2419772401133286621e-09;
4671978.1318752449006;7.4951360673480849073e-09;
4672311.487432282418;7.2910344428578355291e-09;
4672644.8429893199354;6.8135586062112452055e-09;
4672978.1985463574529;7.3421002610984942294e-09;
4673311.5541033949703;6.973109645258546152e-09;
4673644.9096604324877;6.8200014524677499139e-09;
4673978.2652174700052;7.4186337073456343205e-09;
4674311.6207745075226;7.3895760621667250234e-09;
4674644.97633154504;7.3446928539055988949e-09;
4674978.3318885825574;6.9601981955713654315e-09;
4675311.6874456200749;7.1921637534444471385e-09;
4675645.0430026575923;7.2802190942411471042e-09;
4675978.3985596951097;7.0088113091060222359e-09;
4676311.7541167326272;7.3061636740590074623e-09;
4676645.1096737701446;7.2854007271416776348e-09;
4676978.465230807662;7.3600374683735481085e-09;
4677311.8207878451794;7.255246181614438683e-09;
4677645.1763448826969;6.7886003485284618364e-09;
4677978.5319019202143;7.3692101310030011518e-09;
4678311.8874589577317;6.9198557994809561933e-09;
4678645.2430159952492;7.2300920805901114363e-09;
4678978.5985730327666;7.144060898411908056e-09;
4679311.954130070284;7.237678456561980056e-09;
4679645.3096871078014;7.1321357708598043246e-09;
4679978.6652441453189;6.9439183292274719861e-09;
4680312.0208011828363;7.1591497174949836335e-09;
4680645.3763582203537;7.2757955216218306305e-09;
4680978.7319152578712;7.5407529109838833392e-09;
4681312.0874722953886;7.3729524707744076295e-09;
4681645.443029332906;7.2126105088443637214e-09;
4681978.7985863704234;7.4366925950641871168e-09;
4682312.1541434079409;7.7228241579518908111e-09;
4682645.5097004454583;7.1599042250625188899e-09;
4682978.8652574829757;7.6678308147393181571e-09;
4683312.2208145204931;7.0536612106764096097e-09;
4683645.5763715580106;6.9903420829575679818e-09;
4683978.931928595528;7.2921615412724349881e-09;
4684312.2874856330454;7.5973032309661903128e-09;
4684645.6430426705629;7.7356832051123092242e-09;
4684978.9985997080803;1.029007012931515419e-08;
4685312.3541567455977;1.1081709772042813711e-08;
4685645.7097137831151;7.2559216413026206283e-09;
4685979.0652708206326;7.441580240907796906e-09;
4686312.42082785815;7.2599890543756373518e-09;
4686645.7763848956674;7.1006813762153342395e-09;
4686979.1319419331849;7.5108994579409227299e-09;
4687312.4874989707023;6.8892167526257708232e-09;
4687645.8430560082197;7.3886412543799906416e-09;
4687979.1986130457371;7.0352346170921009616e-09;
4688312.5541700832546;7.4303070363157530664e-09;
4688645.909727120772;7.3898616115286586137e-09;
4688979.2652841582894;7.3763466446052916581e-09;
4689312.6208411958069;6.7886718468912476965e-09;
4689645.9763982333243;6.9565921911873829231e-09;
4689979.3319552708417;7.3578396708740001486e-09;
4690312.6875123083591;7.1650125832434241602e-09;
4690646.0430693458766;6.791689433072178872e-09;
4690979.398626383394;6.9555654569342095783e-09;
4691312.7541834209114;7.5608488359080183727e-09;
4691646.1097404584289;7.0686461128843802726e-09;
4691979.4652974959463;7.0924284223394806759e-09;
4692312.8208545334637;7.6580581875873576791e-09;
4692646.1764115709811;6.9874324104546303715e-09;
4692979.5319686084986;7.2225385672197717213e-09;
4693312.887525646016;7.1327996842285301682e-09;
4693646.2430826835334;7.6389241598917578813e-09;
4693979.5986397210509;7.0597852008802419732e-09;
4694312.9541967585683;7.2748878032768971025e-09;
4694646.3097537960857;7.3452866011791684286e-09;
4694979.6653108336031;7.0340853142170089995e-09;
4695313.0208678711206;7.2811272566752904822e-09;
4695646.376424908638;7.0565984167103579239e-09;
4695979.7319819461554;6.895633841708104228e-09;
4696313.0875389836729;7.5174870772798385588e-09;
4696646.4430960211903;6.997542101316867047e-09;
4696979.7986530587077;7.0789103467916447698e-09;
4697313.1542100962251;7.0151919828731479356e-09;
4697646.5097671337426;7.0074199776115619898e-09;
4697979.86532417126;7.522361400447152846e-09;
4698313.2208812087774;7.4410051453810410749e-09;
4698646.5764382462949;7.0079986258519966213e-09;
4698979.9319952838123;7.1636030440913600614e-09;
4699313.2875523213297;7.2545707219262567378e-09;
4699646.6431093588471;7.0841603694304922101e-09;
4699979.9986663963646;7.6718595920510779251e-09;
4700313.354223433882;6.8916015116826656595e-09;
4700646.7097804713994;7.1031394099918543361e-09;
4700980.0653375089169;7.4728507826193890651e-09;
4701313.4208945464343;7.0928520834456776356e-09;
4701646.7764515839517;7.2071011381069638446e-09;
4701980.1320086214691;6.9486283393871417502e-09;
4702313.4875656589866;7.0990102685186684539e-09;
4702646.843122696504;7.0790346917704027874e-09;
4702980.1986797340214;7.213941000117074509e-09;
4703313.5542367715389;6.5149894368232708075e-09;
4703646.9097938090563;7.4536954386417164642e-09;
4703980.2653508465737;7.1847008342729168362e-09;
4704313.6209078840911;7.0431984688923421345e-09;
4704646.9764649216086;7.5233526075635381858e-09;
4704980.332021959126;7.0548384911717221257e-09;
4705313.6875789966434;7.3302048875234504521e-09;
4705647.0431360341609;6.8045755696743981389e-09;
4705980.3986930716783;7.1787833455516647518e-09;
4706313.7542501091957;7.1019163883079272637e-09;
4706647.1098071467131;7.2534236394972140261e-09;
4706980.4653641842306;6.9636345578771852161e-09;
4707313.820921221748;7.7047070945468476566e-09;
4707647.1764782592654;7.3494041963328982092e-09;
4707980.5320352967829;7.1525496636581920029e-09;
4708313.8875923343003;6.9095547061692741408e-09;
4708647.2431493718177;7.4443260444922998431e-09;
4708980.5987064093351;6.9956369586066102784e-09;
4709313.9542634468526;7.1052483896494322835e-09;
4709647.30982048437;6.6851884028551467054e-09;
4709980.6653775218874;7.397225942895602202e-09;
4710314.0209345594049;7.515255084911132144e-09;
4710647.3764915969223;6.6026251133166624641e-09;
4710980.7320486344397;7.412927605088270866e-09;
4711314.0876056719571;7.4605992494980455376e-09;
4711647.4431627094746;7.4596426813400285027e-09;
4711980.798719746992;7.192189066529408592e-09;
4712314.1542767845094;7.1055232808703294722e-09;
4712647.5098338220268;6.8615575443686793733e-09;
4712980.8653908595443;7.4606649747011033469e-09;
4713314.2209478970617;7.2017600771800971415e-09;
4713647.5765049345791;7.0063737034331552422e-09;
4713980.9320619720966;7.2909700499224072701e-09;
4714314.287619009614;7.0849566213837533724e-09;
4714647.6431760471314;7.3353962903865976841e-09;
4714980.9987330846488;7.404402868615989064e-09;
4715314.3542901221663;7.2567245545940295415e-09;
4715647.7098471596837;6.7373941980974905164e-09;
4715981.0654041972011;7.2338015577599890094e-09;
4716314.4209612347186;7.0417880415618583356e-09;
4716647.776518272236;7.090124043429568701e-09;
4716981.1320753097534;7.2517929439186445961e-09;
4717314.4876323472708;7.1350929609081958915e-09;
4717647.8431893847883;7.6873609700101042108e-09;
4717981.1987464223057;7.4763830681945364631e-09;
4718314.5543034598231;7.615021502260788111e-09;
4718647.9098604973406;7.1252728162107814569e-09;
4718981.265417534858;7.1775727583656134811e-09;
4719314.6209745723754;6.6898291350980798597e-09;
4719647.9765316098928;6.9105987599016316381e-09;
4719981.3320886474103;6.934080865050873399e-09;
4720314.6876456849277;7.0383499028991991509e-09;
4720648.0432027224451;7.2765877767722031422e-09;
4720981.3987597599626;7.3823360757785394526e-09;
4721314.75431679748;7.2906374271042295732e-09;
4721648.1098738349974;7.2396240113903331803e-09;
4721981.4654308725148;7.5533215238010598114e-09;
4722314.8209879100323;7.3441381864824961667e-09;
4722648.1765449475497;7.1902688247860169213e-09;
4722981.5321019850671;7.5921668951650644885e-09;
4723314.8876590225846;7.1342030061316563661e-09;
4723648.243216060102;7.6406694304864686274e-09;
4723981.5987730976194;6.9416374870456820645e-09;
4724314.9543301351368;7.5290111922754476836e-09;
4724648.3098871726543;7.2108874427101454785e-09;
4724981.6654442101717;7.3957320267936665914e-09;
4725315.0210012476891;7.5497395002344092063e-09;
4725648.3765582852066;7.5991586356849438744e-09;
4725981.732115322724;7.3110171250334587967e-09;
4726315.0876723602414;7.1673040835662504833e-09;
4726648.4432293977588;7.4464190369383231882e-09;
4726981.7987864352763;7.0841355004347406066e-09;
4727315.1543434727937;6.9612862141354980849e-09;
4727648.5099005103111;6.8972694222679820086e-09;
4727981.8654575478286;7.0737637969386923942e-09;
4728315.221014585346;7.0039369859387079487e-09;
4728648.5765716228634;7.2566228581649738771e-09;
4728981.9321286603808;6.9868306695752835367e-09;
4729315.2876856978983;7.1415637847849211539e-09;
4729648.6432427354157;6.8660432894773748558e-09;
4729981.9987997729331;6.9871868291215832869e-09;
4730315.3543568104506;7.2541754825294901821e-09;
4730648.709913847968;6.853101197634714481e-09;
4730982.0654708854854;7.2152213093090722396e-09;
4731315.4210279230028;6.869746993487524378e-09;
4731648.7765849605203;6.986045519852268626e-09;
4731982.1321419980377;7.4799171301265232614e-09;
4732315.4876990355551;7.1409238522335272137e-09;
4732648.8432560730726;6.9646746148066540627e-09;
4732982.19881311059;7.4880022182810535014e-09;
4733315.5543701481074;7.3920949361649945786e-09;
4733648.9099271856248;7.0727947942827995575e-09;
4733982.2654842231423;7.2303714127031071257e-09;
4734315.6210412606597;7.1983956573262730672e-09;
4734648.9765982981771;6.8994996382798490231e-09;
4734982.3321553356946;7.7043686985689419089e-09;
4735315.687712373212;6.847697520129258919e-09;
4735649.0432694107294;7.1661330203198758682e-09;
4735982.3988264482468;7.61466001364397016e-09;
4736315.7543834857643;7.7134423293045983883e-09;
4736649.1099405232817;6.7956280602743390773e-09;
4736982.4654975607991;7.4713284448080230504e-09;
4737315.8210545983166;7.0981371891321032308e-09;
4737649.176611635834;7.0657160122777895594e-09;
4737982.5321686733514;7.254430389735944118e-09;
4738315.8877257108688;7.3672685729775366781e-09;
4738649.2432827483863;6.7619745358626914822e-09;
4738982.5988397859037;6.8502123973246398236e-09;
4739315.9543968234211;7.3327419691793238599e-09;
4739649.3099538609385;7.4571531172296090517e-09;
4739982.665510898456;7.31323934743954851e-09;
4740316.0210679359734;7.544886493349167722e-09;
4740649.3766249734908;7.1945520652150207752e-09;
4740982.7321820110083;7.325544615355283895e-09;
4741316.0877390485257;7.0356671599824949226e-09;
4741649.4432960860431;7.4720372111869437504e-09;
4741982.7988531235605;6.8107106621084767539e-09;
4742316.154410161078;7.7437594114826424629e-09;
4742649.5099671985954;7.2201791212478383386e-09;
4742982.8655242361128;7.1602439533080541878e-09;
4743316.2210812736303;7.0187793355103167414e-09;
4743649.5766383111477;7.2178583110371619114e-09;
4743982.9321953486651;7.3427064428699395648e-09;
4744316.2877523861825;7.06004588124642396e-09;
4744649.6433094237;7.424239889530781511e-09;
4744982.9988664612174;7.2789019256447318185e-09;
4745316.3544234987348;7.07749281403380337e-09;
4745649.7099805362523;7.2448149701642705622e-09;
4745983.0655375737697;7.4021917484401456022e-09;
4746316.4210946112871;7.1414385516277434363e-09;
4746649.7766516488045;7.4362094260038702487e-09;
4746983.132208686322;7.2628334457647270028e-09;
4747316.4877657238394;7.1487185060448155127e-09;
4747649.8433227613568;7.1139663049279988627e-09;
4747983.1988797988743;7.2241501669623175985e-09;
4748316.5544368363917;7.1182415517512254155e-09;
4748649.9099938739091;6.8761702998187956837e-09;
4748983.2655509114265;7.4403385674770561309e-09;
4749316.621107948944;7.3548673817924736795e-09;
4749649.9766649864614;7.0514309946645425953e-09;
4749983.3322220239788;7.3714629955645705195e-09;
4750316.6877790614963;6.9121406376382310555e-09;
4750650.0433360990137;7.1049366390241175395e-09;
4750983.3988931365311;7.1160788372992556106e-09;
4751316.7544501740485;7.3727450811134076503e-09;
4751650.110007211566;7.3343393580671545351e-09;
4751983.4655642490834;7.280231972828232756e-09;
4752316.8211212866008;7.2150183605401707609e-09;
4752650.1766783241183;7.504502796962242428e-09;
4752983.5322353616357;7.2080506008376232785e-09;
4753316.8877923991531;7.4709216590918003931e-09;
4753650.2433494366705;7.1264372181190083211e-09;
4753983.598906474188;7.0610628455369806034e-09;
4754316.9544635117054;7.1280146229923957435e-09;
4754650.3100205492228;7.2365469172552820964e-09;
4754983.6655775867403;7.5374417818352412723e-09;
4755317.0211346242577;7.1719390426494555868e-09;
4755650.3766916617751;7.3828547719756443257e-09;
4755983.7322486992925;7.4514572290240721486e-09;
4756317.08780573681;7.0239103422409243649e-09;
4756650.4433627743274;7.8559105887165969762e-09;
4756983.7989198118448;8.13132938759508761e-09;
4757317.1544768493623;1.1341246164420226705e-08;
4757650.5100338868797;7.3544925704993602267e-09;
4757983.8655909243971;7.1237584720051927434e-09;
4758317.2211479619145;7.1878440977002355794e-09;
4758650.576704999432;7.7139565846096047608e-09;
4758983.9322620369494;6.9810277558701727685e-09;
4759317.2878190744668;7.0218129089028025192e-09;
4759650.6433761119843;7.1036758697573532118e-09;
4759983.9989331495017;7.0676029473304424755e-09;
4760317.3544901870191;7.272408897307514053e-09;
4760650.7100472245365;7.3954460333425231511e-09;
4760984.065604262054;7.8168689299218385713e-09;
4761317.4211612995714;6.9798749002814020059e-09;
4761650.7767183370888;7.3808186229484817886e-09;
4761984.1322753746063;7.5264594556756492238e-09;
4762317.4878324121237;7.5910868702067091363e-09;
4762650.8433894496411;7.4399202354413773719e-09;
4762984.1989464871585;7.8420390181577204203e-09;
4763317.554503524676;7.5160606627378001576e-09;
4763650.9100605621934;7.5372961205744104518e-09;
4763984.2656175997108;7.2712977861044691963e-09;
4764317.6211746372283;7.1650503308262614155e-09;
4764650.9767316747457;7.7654602748111756227e-09;
4764984.3322887122631;6.8536185615641898039e-09;
4765317.6878457497805;7.5194810378320653399e-09;
4765651.043402787298;7.1078076757657981943e-09;
4765984.3989598248154;7.1668382339851177676e-09;
4766317.7545168623328;7.6699597784113393573e-09;
4766651.1100738998502;6.9559566995280874835e-09;
4766984.4656309373677;7.1072210339195862616e-09;
4767317.8211879748851;7.5583121983413548151e-09;
4767651.1767450124025;7.2968004971585287421e-09;
4767984.53230204992;7.692291248417859606e-09;
4768317.8878590874374;7.0581731570484862459e-09;
4768651.2434161249548;7.7562170019973564195e-09;
4768984.5989731624722;7.3114536647267414082e-09;
4769317.9545301999897;7.1484800301391260291e-09;
4769651.3100872375071;6.8546661680102261016e-09;
4769984.6656442750245;7.2681558549447800033e-09;
4770318.021201312542;7.5712422997753492382e-09;
4770651.3767583500594;7.2792856187220422726e-09;
4770984.7323153875768;7.299210569300385032e-09;
4771318.0878724250942;7.1013674940445525863e-09;
4771651.4434294626117;7.4227664015324990032e-09;
4771984.7989865001291;7.552737102400897129e-09;
4772318.1545435376465;7.1262493683832417446e-09;
4772651.510100575164;6.9388574885920206725e-09;
4772984.8656576126814;6.6752838812078607589e-09;
4773318.2212146501988;7.2732779798911906255e-09;
4773651.5767716877162;7.1491204067797298194e-09;
4773984.9323287252337;7.3322783400442403945e-09;
4774318.2878857627511;7.4904367153294515447e-09;
4774651.6434428002685;7.0944099483938316553e-09;
4774984.998999837786;6.9938428381988160254e-09;
4775318.3545568753034;7.0099566151782255474e-09;
4775651.7101139128208;7.8784099244444405485e-09;
4775985.0656709503382;6.9408936376191832096e-09;
4776318.4212279878557;7.3193189287223958672e-09;
4776651.7767850253731;7.3257764299228256277e-09;
4776985.1323420628905;6.961371923352999147e-09;
4777318.487899100408;7.1797545686536068388e-09;
4777651.8434561379254;7.9582269663092120027e-09;
4777985.1990131754428;7.2580252918896803749e-09;
4778318.5545702129602;7.0517285344351421372e-09;
4778651.9101272504777;7.4611241629440883116e-09;
4778985.2656842879951;7.5376531682991299022e-09;
4779318.6212413255125;7.2313746102281584172e-09;
4779651.97679836303;6.8944467912501750106e-09;
4779985.3323554005474;7.2589942945455732115e-09;
4780318.6879124380648;7.0286501063776540832e-09;
4780652.0434694755822;7.1391803579956558679e-09;
4780985.3990265130997;7.3682522305773545668e-09;
4781318.7545835506171;7.0753669589862511202e-09;
4781652.1101405881345;7.4495067892144106736e-09;
4781985.465697625652;7.1958288216933397052e-09;
4782318.8212546631694;7.5717609959724541113e-09;
4782652.1768117006868;7.7186061986367349164e-09;
4782985.5323687382042;7.7723392166717530927e-09;
4783318.8879257757217;7.3717352222502086079e-09;
4783652.2434828132391;7.4523729409747829777e-09;
4783985.5990398507565;7.1066841300648775359e-09;
4784318.954596888274;7.3387602661512119084e-09;
4784652.3101539257914;7.2961978681007622072e-09;
4784985.6657109633088;6.8902332728271176165e-09;
4785319.0212680008262;7.0819701214475117013e-09;
4785652.3768250383437;7.8386230839555537386e-09;
4785985.7323820758611;7.1889680874903660879e-09;
4786319.0879391133785;7.3187402804819612356e-09;
4786652.443496150896;7.4702386498870509968e-09;
4786985.7990531884134;6.9414545222912238387e-09;
4787319.1546102259308;6.6528533793075439462e-09;
4787652.5101672634482;7.4731527632820871077e-09;
4787985.8657243009657;6.785249695440143114e-09;
4788319.2212813384831;7.1358075004468446423e-09;
4788652.5768383760005;7.2466095346612746653e-09;
4788985.932395413518;7.2270314177558248048e-09;
4789319.2879524510354;7.5250046194241804187e-09;
4789652.6435094885528;7.0552599318318698352e-09;
4789985.9990665260702;7.2720132138215376472e-09;
4790319.3546235635877;7.3355250762574542023e-09;
4790652.7101806011051;7.3357182550637389795e-09;
4790986.0657376386225;6.9206702590918212081e-09;
4791319.42129467614;7.1946155699720293342e-09;
4791652.7768517136574;6.6929324304965120973e-09;
4791986.1324087511748;7.3365558073135161976e-09;
4792319.4879657886922;7.379431288256910193e-09;
4792652.8435228262097;7.1306449633823376644e-09;
4792986.1990798637271;7.0569083909788332676e-09;
4793319.5546369012445;7.2090129421553683642e-09;
4793652.9101939387619;7.0166956689377002476e-09;
4793986.2657509762794;7.081024655519740918e-09;
4794319.6213080137968;6.8989538526409432961e-09;
4794652.9768650513142;6.9783423484182094398e-09;
4794986.3324220888317;7.2360131220250423212e-09;
4795319.6879791263491;7.1345915841902751708e-09;
4795653.0435361638665;6.7928471736422579852e-09;
4795986.3990932013839;6.6541039345224817225e-09;
4796319.7546502389014;7.2498185232916512177e-09;
4796653.1102072764188;7.5574222435648152896e-09;
4796986.4657643139362;7.5932202747708288371e-09;
4797319.8213213514537;7.5255073284097306896e-09;
4797653.1768783889711;7.0905596949444316124e-09;
4797986.5324354264885;7.3720589632841893035e-09;
4798319.8879924640059;7.3170558501089999481e-09;
4798653.2435495015234;7.4612680478480797319e-09;
4798986.5991065390408;7.0249224215501726576e-09;
4799319.9546635765582;6.9500325494686876482e-09;
4799653.3102206140757;6.8241963191439936054e-09;
4799986.6657776515931;6.7926082536473586515e-09;
4800320.0213346891105;7.4533552663069713162e-09;
4800653.3768917266279;7.2311840959571327403e-09;
4800986.7324487641454;7.1673542656469635403e-09;
4801320.0880058016628;7.1526002898281149101e-09;
4801653.4435628391802;7.3071650952272193535e-09;
4801986.7991198766977;7.1983068394843030546e-09;
4802320.1546769142151;6.9169021621462434268e-09;
4802653.5102339517325;7.0029528842496802099e-09;
4802986.8657909892499;7.3835293434854065708e-09;
4803320.2213480267674;7.2158043984416053718e-09;
4803653.5769050642848;7.6878601262819756812e-09;
4803986.9324621018022;7.7202741977089317515e-09;
4804320.2880191393197;7.9262898466936348996e-09;
4804653.6435761768371;6.9832970517325065885e-09;
4804986.9991332143545;6.8974390643461447326e-09;
4805320.3546902518719;7.0947963060064012097e-09;
4805653.7102472893894;7.1446883964654261945e-09;
4805987.0658043269068;7.0734036405895039934e-09;
4806320.4213613644242;7.5942079291735353763e-09;
4806653.7769184019417;6.797526541646448095e-09;
4806987.1324754394591;7.4617920731157028058e-09;
4807320.4880324769765;7.4212014311569873826e-09;
4807653.8435895144939;6.9169265870527851803e-09;
4807987.1991465520114;7.3555264101798911724e-09;
4808320.5547035895288;6.6082876948314606125e-09;
4808653.9102606270462;6.9532810620387408562e-09;
4808987.2658176645637;7.2330772482587235572e-09;
4809320.6213747020811;7.1188295258650668984e-09;
4809653.9769317395985;7.353678999066914912e-09;
4809987.3324887771159;7.2278187879248889658e-09;
4810320.6880458146334;7.1296550885335818748e-09;
4810654.0436028521508;7.3395853839031133248e-09;
4810987.3991598896682;7.1235959353543876205e-09;
4811320.7547169271857;6.9727055240775825951e-09;
4811654.1102739647031;7.263841528271086645e-09;
4811987.4658310022205;7.0770700411060261104e-09;
4812320.8213880397379;7.3703496639154764125e-09;
4812654.1769450772554;7.3121988464208698133e-09;
4812987.5325021147728;6.9754255704879142286e-09;
4813320.8880591522902;6.9766632471157663531e-09;
4813654.2436161898077;7.1142287616510202497e-09;
4813987.5991732273251;7.0126660034475207794e-09;
4814320.9547302648425;6.7435159678552736295e-09;
4814654.3102873023599;6.9493975018986020586e-09;
4814987.6658443398774;7.1563204251390288846e-09;
4815321.0214013773948;7.0867494095239180751e-09;
4815654.3769584149122;7.0630479243050103833e-09;
4815987.7325154524297;6.9377605882436910179e-09;
4816321.0880724899471;6.9713705919127733068e-09;
4816654.4436295274645;7.1528387657338043937e-09;
4816987.7991865649819;6.9883654418845253531e-09;
4817321.1547436024994;6.8914922657370425441e-09;
4817654.5103006400168;7.2207368972954100173e-09;
4817987.8658576775342;6.8985905876672859449e-09;
4818321.2214147150517;7.2328738554006122286e-09;
4818654.5769717525691;7.1209433905039531965e-09;
4818987.9325287900865;7.2011778762259837094e-09;
4819321.2880858276039;7.0855916689538389619e-09;
4819654.6436428651214;7.0656662742862863524e-09;
4819987.9991999026388;7.2187331667805665347e-09;
4820321.3547569401562;7.0750441061306901247e-09;
4820654.7103139776736;6.9636225674685192644e-09;
4820988.0658710151911;7.1714851834769888228e-09;
4821321.4214280527085;7.01479763165480108e-09;
4821654.7769850902259;7.1031269754939785344e-09;
4821988.1325421277434;6.863257517863985413e-09;
4822321.4880991652608;7.3949522061411698814e-09;
4822654.8436562027782;7.056053075160662047e-09;
4822988.1992132402956;7.2397767780785216019e-09;
4823321.5547702778131;7.2138397477772286948e-09;
4823654.9103273153305;6.944357533456013698e-09;
4823988.2658843528479;7.1492332054390317353e-09;
4824321.6214413903654;7.1214563135413300188e-09;
4824654.9769984278828;6.9727055240775825951e-09;
4824988.3325554654002;7.1503762910651857965e-09;
4825321.6881125029176;6.8406400544063217239e-09;
4825655.0436695404351;7.3071650952272193535e-09;
4825988.3992265779525;7.0281811481720524171e-09;
4826321.7547836154699;7.1995085448861573241e-09;
4826655.1103406529874;6.7382108781544047815e-09;
4826988.4658976905048;7.0561769760502102145e-09;
4827321.8214547280222;7.0825674214347600355e-09;
4827655.1770117655396;7.2110015736370769446e-09;
4827988.5325688030571;7.1440857674076596595e-09;
4828321.8881258405745;6.9285284176601180661e-09;
4828655.2436828780919;7.1871877338480771868e-09;
4828988.5992399156094;7.6797617154511499393e-09;
4829321.9547969531268;7.6975368301646085456e-09;
4829655.3103539906442;7.0368288973554626864e-09;
4829988.6659110281616;7.1318599914604874357e-09;
4830322.0214680656791;6.7332646125350947841e-09;
4830655.3770251031965;7.2759616109863145539e-09;
4830988.7325821407139;6.702568722261048606e-09;
4831322.0881391782314;7.372615851153341282e-09;
4831655.4436962157488;7.5112431829893466784e-09;
4831988.7992532532662;7.2524808381047023431e-09;
4832322.1548102907836;7.2948265206207452138e-09;
4832655.5103673283011;7.2532069239628071955e-09;
4832988.8659243658185;7.225749332206987674e-09;
4833322.2214814033359;7.1417143310270603251e-09;
4833655.5770384408534;7.6412192129282630049e-09;
4833988.9325954783708;7.2035821752081119485e-09;
4834322.2881525158882;6.9783054890137918846e-09;
4834655.6437095534056;7.0689565312420654664e-09;
4834988.9992665909231;6.9176313566288172296e-09;
4835322.3548236284405;7.6969959295070111693e-09;
4835655.7103806659579;7.6864292708478387794e-09;
4835989.0659377034754;7.4652799497698651976e-09;
4836322.4214947409928;7.0234911220268259058e-09;
4836655.7770517785102;7.2976464871032931114e-09;
4836989.1326088160276;6.7514225321474441444e-09;
4837322.4881658535451;7.5005095467872706649e-09;
4837655.8437228910625;6.883470238250311013e-09;
4837989.1992799285799;7.1193171358174822672e-09;
4838322.5548369660974;7.2150689867100936681e-09;
4838655.9103940036148;7.0836003729368712811e-09;
4838989.2659510411322;7.2000521100790138007e-09;
4839322.6215080786496;7.2136367990083272161e-09;
4839655.9770651161671;7.1371366594519258797e-09;
4839989.3326221536845;7.2788379767985134094e-09;
4840322.6881791912019;6.8730665603311535961e-09;
4840656.0437362287194;7.3471837502836478961e-09;
4840989.3992932662368;7.0930639139987761155e-09;
4841322.7548503037542;7.1796915079858081299e-09;
4841656.1104073412716;7.2049237687110689876e-09;
4841989.4659643787891;7.3103492148618443025e-09;
4842322.8215214163065;7.0428765042152008391e-09;
4842656.1770784538239;7.2739680945232976228e-09;
4842989.5326354913414;7.1096435405593183532e-09;
4843322.8881925288588;7.5159949375347423484e-09;
4843656.2437495663762;7.4694517238071966858e-09;
4843989.5993066038936;7.0476042779432646057e-09;
4844322.9548636414111;6.9286256731970752298e-09;
4844656.3104206789285;6.5406999816275401827e-09;
4844989.6659777164459;7.047393779657795676e-09;
4845323.0215347539634;7.5801729337854339974e-09;
4845656.3770917914808;6.9590608831049394212e-09;
4845989.7326488289982;7.3269732503433715465e-09;
4846323.0882058665156;7.2326451494575394463e-09;
4846656.4437629040331;7.1168289039746923663e-09;
4846989.7993199415505;7.0962049569800456084e-09;
4847323.1548769790679;7.4255570581271967967e-09;
4847656.5104340165854;6.9886723075285317464e-09;
4847989.8659910541028;6.9254011414443539252e-09;
4848323.2215480916202;7.5210531136349345616e-09;
4848656.5771051291376;7.3987336257630431646e-09;
4848989.9326621666551;6.9158088145115925727e-09;
4849323.2882192041725;7.3000441247472735995e-09;
4849656.6437762416899;6.8762671112665429973e-09;
4849989.9993332792073;7.5543429289837149554e-09;
4850323.3548903167248;6.9057444207487606036e-09;
4850656.7104473542422;7.1245844779355138598e-09;
4850990.0660043917596;6.9302812377713962633e-09;
4851323.4215614292771;6.9740897501446852402e-09;
4851656.7771184667945;7.4642310110561993497e-09;
4851990.1326755043119;7.4736252742013675743e-09;
4852323.4882325418293;7.308012417439613273e-09;
4852656.8437895793468;7.5113488762212909933e-09;
4852990.1993466168642;6.8930421370794192626e-09;
4853323.5549036543816;7.4754771262064423354e-09;
4853656.9104606918991;7.2156267627576653467e-09;
4853990.2660177294165;7.1021037939544839901e-09;
4854323.6215747669339;7.2732651013041049737e-09;
4854656.9771318044513;6.9308780936694347474e-09;
4854990.3326888419688;7.4434369778941800178e-09;
4855323.6882458794862;7.1558678982341916708e-09;
4855657.0438029170036;6.8774510531000032643e-09;
4855990.3993599545211;7.3211960938124320819e-09;
4856323.7549169920385;7.0221091164057725109e-09;
4856657.1104740295559;7.6162658402267879865e-09;
4856990.4660310670733;6.8181686962986987055e-09;
4857323.8215881045908;6.8888175164261156169e-09;
4857657.1771451421082;7.1100307863503076078e-09;
4857990.5327021796256;7.1189170114394073607e-09;
4858323.8882592171431;7.350785757864741754e-09;
4858657.2438162546605;7.336040663830090125e-09;
4858990.5993732921779;7.2542518658735843928e-09;
4859323.9549303296953;7.0297492271720329882e-09;
4859657.3104873672128;6.9753762765856208716e-09;
4859990.6660444047302;6.4967142776595210307e-09;
4860324.0216014422476;7.146081948405935691e-09;
4860657.3771584797651;7.655986067334197287e-09;
4860990.7327155172825;6.9315477801978886419e-09;
4861324.0882725547999;6.7471539466623653425e-09;
4861657.4438295923173;6.958449816352185735e-09;
4861990.7993866298348;7.2480994539603216253e-09;
4862324.1549436673522;6.4067466887252066954e-09;
4862657.5105007048696;7.0828538589751133259e-09;
4862990.8660577423871;7.314473027264511984e-09;
4863324.2216147799045;7.0829035969666165329e-09;
4863657.5771718174219;6.8062493419063230249e-09;
4863990.9327288549393;7.4495329904777918273e-09;
4864324.2882858924568;7.3606711836760041479e-09;
4864657.6438429299742;6.7781971146985142695e-09;
4864990.9993999674916;6.6959313649306295702e-09;
4865324.3549570050091;6.9387602330550635088e-09;
4865657.7105140425265;7.3000183675731022959e-09;
4865991.0660710800439;7.3907315822907548863e-09;
4866324.4216281175613;7.1899024511878906196e-09;
4866657.7771851550788;6.9101493416212633747e-09;
4866991.1327421925962;7.5316970438166208623e-09;
4867324.4882992301136;6.5499445867089889362e-09;
4867657.8438562676311;7.1609860263777136424e-09;
4867991.1994133051485;6.9436745242512643017e-09;
4868324.5549703426659;6.9893228982209620881e-09;
4868657.9105273801833;7.1241212928896402445e-09;
4868991.2660844177008;7.3760615393325679179e-09;
4869324.6216414552182;7.4457258136817472405e-09;
4869657.9771984927356;7.0205672386691730935e-09;
4869991.3327555302531;7.2976722442774644151e-09;
4870324.6883125677705;7.3008266099350294098e-09;
4870658.0438696052879;6.8090835192435861245e-09;
4870991.3994266428053;7.1629990827659639763e-09;
4871324.7549836803228;7.1107177923579456547e-09;
4871658.1105407178402;7.0714900601842600736e-09;
4871991.4660977553576;7.187983097622918649e-09;
4872324.8216547928751;7.0465024926136266004e-09;
4872658.1772118303925;7.3184960314165437012e-09;
4872991.5327688679099;7.3191772642644536973e-09;
4873324.8883259054273;7.0497097048871637526e-09;
4873658.2438829429448;7.16827353031135317e-09;
4873991.5994399804622;6.3821010698461577704e-09;
4874324.9549970179796;7.1042500771056893427e-09;
4874658.3105540554971;7.3883170692568000959e-09;
4874991.6661110930145;7.2562786890273400786e-09;
4875325.0216681305319;7.2317813959443810745e-09;
4875658.3772251680493;7.340281715784158223e-09;
4875991.7327822055668;7.002067370365239185e-09;
4876325.0883392430842;7.1107426613536972582e-09;
4876658.4438962806016;6.771484262202420723e-09;
4876991.799453318119;6.8666583530330171925e-09;
4877325.1550103556365;7.2605499390476779809e-09;
4877658.5105673931539;7.7189588054693558661e-09;
4877991.8661244306713;7.4009434136712570762e-09;
4878325.2216814681888;7.3515344922725489596e-09;
4878658.5772385057062;7.4909500824560382171e-09;
4878991.9327955432236;6.8403034347852553765e-09;
4879325.288352580741;7.3852546300656740641e-09;
4879658.6439096182585;6.8241843287353276537e-09;
4879991.9994666557759;7.537375168453763763e-09;
4880325.3550236932933;7.2259651595629748044e-09;
4880658.7105807308108;7.2798740369250936055e-09;
4880992.0661377683282;7.1641443888381672878e-09;
4881325.4216948058456;7.5830763890394337068e-09;
4881658.777251843363;7.1185168870613324543e-09;
4881992.1328088808805;7.3173258563485887862e-09;
4882325.4883659183979;7.4748989220552175539e-09;
4882658.8439229559153;6.9348851106099118624e-09;
4882992.1994799934328;7.3263941580137270648e-09;
4883325.5550370309502;7.4207062716880045627e-09;
4883658.9105940684676;7.6888326816515473183e-09;
4883992.266151105985;7.4065362731801087648e-09;
4884325.6217081435025;7.392835232877814633e-09;
4884658.9772651810199;7.5336687999083551404e-09;
4884992.3328222185373;7.1187291617036407843e-09;
4885325.6883792560548;7.5971566815269397921e-09;
4885659.0439362935722;6.7935990166745341412e-09;
4885992.3994933310896;6.9456143059198893752e-09;
4886325.755050368607;7.0805645790983362531e-09;
4886659.1106074061245;7.1468853057865544542e-09;
4886992.4661644436419;7.0632713011775649647e-09;
4887325.8217214811593;7.3370456377119808167e-09;
4887659.1772785186768;7.102989751928134865e-09;
4887992.5328355561942;7.2877561763107223669e-09;
4888325.8883925937116;6.9348118358902866021e-09;
4888659.243949631229;7.1726948824846203934e-09;
4888992.5995066687465;7.2200014855638983136e-09;
4889325.9550637062639;7.1744215013325174368e-09;
4889659.3106207437813;6.8520655815973441349e-09;
4889992.6661777812988;7.3322654614571547427e-09;
4890326.0217348188162;7.2733032929761520791e-09;
4890659.3772918563336;7.3419066382029996021e-09;
4890992.732848893851;7.2552714946994001366e-09;
4891326.0884059313685;6.9188343942983010493e-09;
4891659.4439629688859;7.2562276187682073214e-09;
4891992.7995200064033;6.83054102168512145e-09;
4892326.1550770439208;7.4613204503748420393e-09;
4892659.5106340814382;7.0586194667043855588e-09;
4892992.8661911189556;6.8295209487700958562e-09;
4893326.221748156473;7.2187202881934808829e-09;
4893659.5773051939905;7.3687957957702110434e-09;
4893992.9328622315079;7.0693908504892988276e-09;
4894326.2884192690253;7.6972792584228955093e-09;
4894659.6439763065428;7.0869110579963034979e-09;
4894992.9995333440602;7.2281616247948932141e-09;
4895326.3550903815776;7.0977010935280304693e-09;
4895659.710647419095;6.876399893940288166e-09;
4895993.0662044566125;7.2577828191811022407e-09;
4896326.4217614941299;6.7659078339943334868e-09;
4896659.7773185316473;7.0070136359845491825e-09;
4896993.1328755691648;6.9235399635658723128e-09;
4897326.4884326066822;7.1380767963091784623e-09;
4897659.8439896441996;7.0306755972637802188e-09;
4897993.199546681717;6.8922068052756912948e-09;
4898326.5551037192345;6.6160472655951707566e-09;
4898659.9106607567519;7.4172392672267051239e-09;
4898993.2662177942693;7.3341075434996128024e-09;
4899326.6217748317868;7.0153771680736554117e-09;
4899659.9773318693042;6.9268368818597991776e-09;
4899993.3328889068216;7.5445685254749150772e-09;
4900326.688445944339;7.0808008345579764864e-09;
4900660.0440029818565;7.913754096477987332e-09;
4900993.3995600193739;7.4977961617150867824e-09;
4901326.7551170568913;9.190017635773983784e-09;
4901660.1106740944088;7.5162587265253932856e-09;
4901993.4662311319262;7.2405654805152153131e-09;
4902326.8217881694436;6.7489085431304829399e-09;
4902660.177345206961;6.7462768704729114688e-09;
4902993.5329022444785;7.4829262786124672857e-09;
4903326.8884592819959;7.5717210279435676057e-09;
4903660.2440163195133;6.6349143956756506668e-09;
4903993.5995733570307;7.1096932785508215602e-09;
4904326.9551303945482;7.3091035446282148769e-09;
4904660.3106874320656;7.014329561627619114e-09;
4904993.666244469583;7.4440253960972313507e-09;
4905327.0218015071005;7.1103429810648322018e-09;
4905660.3773585446179;7.1679964186444067309e-09;
4905993.7329155821353;7.1352812547331723181e-09;
4906327.0884726196527;6.8824186350013860647e-09;
4906660.4440296571702;7.1804104884165553813e-09;
4906993.7995866946876;7.2165904363430399826e-09;
4907327.155143732205;7.0961299059035809478e-09;
4907660.5107007697225;7.0981744926257306361e-09;
4907993.8662578072399;6.9400769575622689445e-09;
4908327.2218148447573;7.0809251795367345039e-09;
4908660.5773718822747;6.9532686275408650545e-09;
4908993.9329289197922;6.7049477081582153914e-09;
4909327.2884859573096;6.9454433315740971011e-09;
4909660.644042994827;6.9852355011335021118e-09;
4909993.9996000323445;7.2590196076305346651e-09;
4910327.3551570698619;7.6657160619220121589e-09;
4910660.7107141073793;7.3107604414701654605e-09;
4910994.0662711448967;6.5660734627215333603e-09;
4911327.4218281824142;7.5308106417537601374e-09;
4911660.7773852199316;7.2470554002279641281e-09;
4911994.132942257449;7.1919363797690039064e-09;
4912327.4884992949665;7.2620935931411167985e-09;
4912660.8440563324839;7.3157320201744369115e-09;
4912994.1996133700013;6.8846675027600667818e-09;
4913327.5551704075187;7.517368061371598742e-09;
4913660.9107274450362;7.0103629568052383547e-09;
4913994.2662844825536;7.0694281539829262329e-09;
4914327.621841520071;7.2821251251298235729e-09;
4914660.9773985575885;7.0751435821136965387e-09;
4914994.3329555951059;7.0149086539572635957e-09;
4915327.6885126326233;7.233763366087941904e-09;
4915661.0440696701407;7.0548136221759705222e-09;
4915994.3996267076582;6.9803287594538687699e-09;
4916327.7551837451756;7.0401924290308670606e-09;
4916661.110740782693;7.3656898358365197055e-09;
4916994.4662978202105;7.1490071640312180534e-09;
4917327.8218548577279;6.9021783843936646008e-09;
4917661.1774118952453;7.4474786337930254376e-09;
4917994.5329689327627;7.2990951061058240157e-09;
4918327.8885259702802;7.4141910388902942941e-09;
4918661.2440830077976;6.9220442711070973019e-09;
4918994.599640045315;6.9069212571548632695e-09;
4919327.9551970828325;6.8639929295954971167e-09;
4919661.3107541203499;7.0257493156589134742e-09;
4919994.6663111578673;6.8450636270256381977e-09;
4920328.0218681953847;7.6182189445717085619e-09;
4920661.3774252329022;7.3409394119039461657e-09;
4920994.7329822704196;7.0719496925164548884e-09;
4921328.088539307937;7.1226446962668887863e-09;
4921661.4440963454545;7.2246959526012233255e-09;
4921994.7996533829719;7.1268502210841688793e-09;
4922328.1552104204893;6.8074808012852372485e-09;
4922661.5107674580067;6.7150143223670966108e-09;
4922994.8663244955242;7.1092438602704532968e-09;
4923328.2218815330416;7.3121730892466985097e-09;
4923661.577438570559;7.0307004662595318223e-09;
4923994.9329956080765;6.9079160169849274098e-09;
4924328.2885526455939;7.1328498663092432253e-09;
4924661.6441096831113;7.0496724013935363473e-09;
4924994.9996667206287;7.1194548034725357866e-09;
4925328.3552237581462;7.4504096225780358509e-09;
4925661.7107807956636;7.6725203967953348183e-09;
4925995.066337833181;7.295941628626678721e-09;
4926328.4218948706985;6.8708696510100253363e-09;
4926661.7774519082159;6.7328982389369684824e-09;
4926995.1330089457333;6.895137349971491858e-09;
4927328.4885659832507;7.3834645064607684617e-09;
4927661.8441230207682;6.9221535170527204173e-09;
4927995.1996800582856;7.1004571111643599579e-09;
4928328.555237095803;6.9214727282940202713e-09;
4928661.9107941333205;6.7593615149519337137e-09;
4928995.2663511708379;6.5660965553604455636e-09;
4929328.6219082083553;7.1024781611583875929e-09;
4929661.9774652458727;7.1794392653146132943e-09;
4929995.3330222833902;6.6653003116812215012e-09;
4930328.6885793209076;6.9483720999130582641e-09;
4930662.044136358425;6.9733916419068009418e-09;
4930995.3996933959424;7.0322565548508464417e-09;
4931328.7552504334599;6.9762462473477171443e-09;
4931662.1108074709773;7.0300210097684612265e-09;
4931995.4663645084947;7.3450414639353311941e-09;
4932328.8219215460122;6.6799294984321022639e-09;
4932662.1774785835296;7.0541941177282296849e-09;
4932995.533035621047;6.9297456661843170878e-09;
4933328.8885926585644;7.2404255924141125433e-09;
4933662.2441496960819;7.5518613584790728055e-09;
4933995.5997067335993;6.8440897393884370103e-09;
4934328.9552637711167;7.1405352741749084089e-09;
4934662.3108208086342;7.0908590110718705546e-09;
4934995.6663778461516;7.08976255481275075e-09;
4935329.021934883669;7.0961925224821698066e-09;
4935662.3774919211864;7.5111508124336978653e-09;
4935995.7330489587039;7.0812737895664668031e-09;
4936329.0886059962213;6.6220589012289110542e-09;
4936662.4441630337387;6.9983410178053873096e-09;
4936995.7997200712562;7.3120705046392231452e-09;
4937329.1552771087736;7.11274150688723239e-09;
4937662.510834146291;6.9739303221183490678e-09;
4937995.8663911838084;6.9437717797882214654e-09;
4938329.2219482213259;7.5565198542903999623e-09;
4938662.5775052588433;7.0594130541223876207e-09;
4938995.9330622963607;7.2041261844901782752e-09;
4939329.2886193338782;7.0753172209947479132e-09;
4939662.6441763713956;7.3327162120051525562e-09;
4939995.999733408913;6.9701457938720068341e-09;
4940329.3552904464304;7.2040249321503324609e-09;
4940662.7108474839479;7.8610593590155986021e-09;
4940996.0664045214653;7.2785182325674213644e-09;
4941329.4219615589827;7.19416037853193302e-09;
4941662.7775185965002;7.1927326317222650687e-09;
4941996.1330756340176;7.4002675098938652809e-09;
4942329.488632671535;7.1573262871993392764e-09;
4942662.8441897090524;6.7758514354920862388e-09;
4942996.1997467465699;7.4675625683084945194e-09;
4943329.5553037840873;7.0582721889422828099e-09;
4943662.9108608216047;7.0973640298177542718e-09;
4943996.2664178591222;7.2765624636872416886e-09;
4944329.6219748966396;7.2130919015478411893e-09;
4944662.977531934157;7.3943806633280928509e-09;
4944996.3330889716744;7.3930559452151101141e-09;
4945329.6886460091919;7.1944765700493462646e-09;
4945663.0442030467093;7.1574017823650137871e-09;
4945996.3997600842267;7.1030519244175138738e-09;
4946329.7553171217442;7.3119932331167092343e-09;
4946663.1108741592616;7.5843153979349153815e-09;
4946996.466431196779;7.4683361717120533285e-09;
4947329.8219882342964;7.294685744341222744e-09;
4947663.1775452718139;7.1391053069191912073e-09;
4947996.5331023093313;7.0794823336939316505e-09;
4948329.8886593468487;6.9709784611404757015e-09;
4948663.2442163843662;7.3089241325874354516e-09;
4948996.5997734218836;7.0054628764637527638e-09;
4949329.955330459401;7.367501719812707961e-09;
4949663.3108874969184;7.0047860845079412684e-09;
4949996.6664445344359;7.784008104749773338e-09;
4950330.0220015719533;7.1236834209287280828e-09;
4950663.3775586094707;6.7256160640738471557e-09;
4950996.7331156469882;7.304906013416712085e-09;
4951330.0886726845056;7.2954033925043404452e-09;
4951663.444229722023;6.7357848188009938895e-09;
4951996.7997867595404;7.2271837403548033762e-09;
4952330.1553437970579;6.8894587812451391073e-09;
4952663.5109008345753;7.0155743436828288395e-09;
4952996.8664578720927;7.222551001717647523e-09;
4953330.2220149096102;6.839065758157403252e-09;
4953663.5775719471276;7.778923283296990121e-09;
4953996.933128984645;7.5743420424601026752e-09;
4954330.2886860221624;7.1017791647420835943e-09;
4954663.6442430596799;7.1965620129788021586e-09;
4954996.9998000971973;7.2108874427101454785e-09;
4955330.3553571347147;7.1663848189018608537e-09;
4955663.7109141722322;7.42302708189868099e-09;
4955997.0664712097496;7.0021042297696567402e-09;
4956330.422028247267;7.1562573644712301757e-09;
4956663.7775852847844;7.3435577618852221349e-09;
4956997.1331423223019;6.6908869555959427089e-09;
4957330.4886993598193;7.4738881750135988113e-09;
4957663.8442563973367;7.0348020742017070006e-09;
4957997.1998134348541;7.2818946428299113904e-09;
4958330.5553704723716;6.8704473221714579267e-09;
4958663.910927509889;7.5129324983436163166e-09;
4958997.2664845474064;7.1699610693087834079e-09;
4959330.6220415849239;7.2804748896260207403e-09;
4959663.9775986224413;7.6185537878359355091e-09;
4959997.3331556599587;7.2318955268713125406e-09;
4960330.6887126974761;6.9867449603577824746e-09;
4960664.0442697349936;7.2231474135264761571e-09;
4960997.399826772511;7.4381301118364717695e-09;
4961330.7553838100284;7.1538819312877421908e-09;
4961664.1109408475459;7.2689734231801139686e-09;
4961997.4664978850633;7.6017894201640956453e-09;
4962330.8220549225807;7.2280728069529232016e-09;
4962664.1776119600981;7.6029511575370634091e-09;
4962997.5331689976156;7.9080146875298851228e-09;
4963330.888726035133;6.8211036818865977693e-09;
4963664.2442830726504;7.4722867893228794856e-09;
4963997.5998401101679;7.5157045031915004074e-09;
4964330.9553971476853;7.6918595937058853451e-09;
4964664.3109541852027;7.1571877313658660569e-09;
4964997.6665112227201;7.0668582097255239205e-09;
4965331.0220682602376;7.5305859326135760057e-09;
4965664.377625297755;6.8601235803100735211e-09;
4965997.7331823352724;7.1252603817129056551e-09;
4966331.0887393727899;7.1778756272067312239e-09;
4966664.4442964103073;7.1772325860308683332e-09;
4966997.7998534478247;7.3623134255740296794e-09;
4967331.1554104853421;7.0515180361496732075e-09;
4967664.5109675228596;7.3222765628599972842e-09;
4967997.866524560377;7.1785186683825941145e-09;
4968331.2220815978944;6.8649699258571672544e-09;
4968664.5776386354119;7.0736891899514375837e-09;
4968997.9331956729293;7.3176602555236058834e-09;
4969331.2887527104467;7.1717121130632222048e-09;
4969664.6443097479641;7.1024279790776745358e-09;
4969997.9998667854816;7.1274763868700574676e-09;
4970331.355423822999;6.7469998477065473708e-09;
4970664.7109808605164;7.1954118219252904964e-09;
4970998.0665378980339;6.8504046879525049007e-09;
4971331.4220949355513;7.308962324259482557e-09;
4971664.7776519730687;7.3275008283246734209e-09;
4971998.1332090105861;7.4497421564956312068e-09;
4972331.4887660481036;7.2841594978001467098e-09;
4972664.844323085621;7.1467973761230041418e-09;
4972998.1998801231384;7.8875634912378700392e-09;
4973331.5554371606559;1.47476137968283183e-08;
4973664.9109941981733;1.2770817292562242073e-08;
4973998.2665512356907;7.6695281236993650964e-09;
4974331.6221082732081;7.321672157445391349e-09;
4974664.9776653107256;7.3519221821527480643e-09;
4974998.333222348243;7.7624733307857241016e-09;
4975331.6887793857604;7.5464505755462596426e-09;
4975665.0443364232779;7.1168289039746923663e-09;
4975998.3998934607953;7.0290702147701722424e-09;
4976331.7554504983127;6.8916738982238712197e-09;
4976665.1110075358301;6.8602075131707351829e-09;
4976998.4665645733476;6.9866099572379880556e-09;
4977331.822121610865;7.2737762479846423957e-09;
4977665.1776786483824;7.4833081953329383396e-09;
4977998.5332356858999;7.3156036783927902434e-09;
4978331.8887927234173;7.2752843749412932084e-09;
4978665.2443497609347;7.0338503910249983164e-09;
4978998.5999067984521;7.4364185920217096282e-09;
4979331.9554638359696;7.1764003628516093158e-09;
4979665.311020873487;7.0059305024017248797e-09;
4979998.6665779110044;7.1044872207437492762e-09;
4980332.0221349485219;7.2308665721720899455e-09;
4980665.3776919860393;7.5048331993343708746e-09;
4980998.7332490235567;7.3833477109985778952e-09;
4981332.0888060610741;7.4746493439192818187e-09;
4981665.4443630985916;6.9974435135122803331e-09;
4981998.799920136109;6.9899370735981847247e-09;
4982332.1554771736264;6.7667160763562606007e-09;
4982665.5110342111439;6.8409282683035144146e-09;
4982998.8665912486613;6.8836882860523473937e-09;
4983332.2221482861787;6.6793424124966804811e-09;
4983665.5777053236961;6.785583650525950361e-09;
4983998.9332623612136;7.1633263765136234724e-09;
4984332.288819398731;7.7181319113606150495e-09;
4984665.6443764362484;7.4279968842461130407e-09;
4984998.9999334737659;7.0526078310706452612e-09;
4985332.3554905112833;6.6616832050669927412e-09;
4985665.7110475488007;7.0651449135539223789e-09;
4985999.0666045863181;7.1618790897787221184e-09;
4986332.4221616238356;7.1895489561768499698e-09;
4986665.777718661353;7.0530914442201719794e-09;
4986999.1332756988704;6.9498615751228953741e-09;
4987332.4888327363878;6.9740164754250599799e-09;
4987665.8443897739053;6.9594521256988173263e-09;
4987999.1999468114227;6.8378644968447588326e-09;
4988332.5555038489401;6.9464802798790969973e-09;
4988665.9110608864576;7.234068455375108897e-09;
4988999.266617923975;7.1093686493384211644e-09;
4989332.6221749614924;7.2170212028765945433e-09;
4989665.9777319990098;6.4605676364237751841e-09;
4989999.3332890365273;7.566801407676848612e-09;
4990332.6888460740447;7.2085950542088994553e-09;
4990666.0444031115621;6.8813910125697930198e-09;
4990999.3999601490796;7.1053483097216485476e-09;
4991332.755517186597;7.4393189386512403871e-09;
4991666.1110742241144;7.5694206458365442813e-09;
4991999.4666312616318;7.1802088719152834528e-09;
4992332.8221882991493;6.9767978061463509221e-09;
4992666.1777453366667;7.5349131378743550158e-09;
4992999.5333023741841;7.2892927249768035836e-09;
4993332.8888594117016;7.3897057362160012417e-09;
4993666.244416449219;6.8116321472189156339e-09;
4993999.5999734867364;6.840676025632319579e-09;
4994332.9555305242538;6.9285408521579938679e-09;
4994666.3110875617713;7.3124812871583344531e-09;
4994999.6666445992887;7.2448149701642705622e-09;
4995333.0222016368061;7.3892643115414102795e-09;
4995666.3777586743236;6.8871717218144112849e-09;
4995999.733315711841;7.3612658191279933817e-09;
4996333.0888727493584;6.8371557304658381327e-09;
4996666.4444297868758;6.9873831165523370146e-09;
4996999.7999868243933;7.5347275085846376896e-09;
4997333.1555438619107;7.099471677207702669e-09;
4997666.5111008994281;7.065492635405234978e-09;
4997999.8666579369456;7.0949082164872834255e-09;
4998333.222214974463;7.0531531726203411381e-09;
4998666.5777720119804;6.9386505430202305433e-09;
4998999.9333290494978;7.2367378756155176234e-09;
4999333.2888860870153;6.8972818567658578104e-09;
4999666.6444431245327;7.3135346667640988017e-09;
5000000.0000001620501;6.7039582773986694519e-09;
