Type;FSVA3030;
Version;2.20SP2;
Date;07.Apr 2026;
Mode;ANALYZER;
Preamplifier;ON;
Transducer;OFF;
Center Freq;2500000.000000;Hz
Freq Offset;0.000000;Hz
Start;0.000000;Hz
Stop;5000000.000000;Hz
Span;5000000.000000;Hz
Ref Level;0.000078;V
Level Offset;0.000000;dB
Rf Att;0.000000;dB
El Att;0.000000;dB
RBW;1.000000;Hz
VBW;50000.000000;Hz
SWT;58.600000;s
Sweep Count;0;
Window;1;Frequency Sweep
Ref Position;93.000000;%
Level Range;120.000000;dB
x-Axis;LIN;
y-Axis;LOG;
x-Unit;Hz;
y-Unit;V;
Trace;1;
Trace Mode;CLR/WRITE;
Detector;RMS;
Values;15000;
0;1.0044976761491852812e-06;
333.35555703713578168;2.6378780049185479584e-08;
666.71111407427156337;1.1420840273501653428e-08;
1000.0666711114073451;1.3935467002568202588e-08;
1333.4222281485431267;2.1969130514776225027e-08;
1666.7777851856790221;3.1505500430739630247e-08;
2000.1333422228149175;4.5150237326652131742e-08;
2333.4888992599508128;5.4757325784748900332e-08;
2666.8444562970867082;6.094777660337058478e-08;
3000.2000133342226036;6.3236434755253867479e-08;
3333.555570371358499;6.7064085840229381574e-08;
3666.9111274084943943;6.7670960390842083143e-08;
4000.2666844456302897;6.1038100795940408716e-08;
4333.6222414827661851;5.7837979738906142302e-08;
4666.9777985199016257;5.9593006085378874559e-08;
5000.3333555570370663;5.7793901220293264487e-08;
5333.6889125941725069;5.5659569397903396748e-08;
5667.0444696313079476;5.2604114841869886732e-08;
6000.4000266684433882;5.1963116476372306352e-08;
6333.7555837055788288;5.1155645053313492099e-08;
6667.1111407427142694;5.2768125868851711857e-08;
7000.4666977798497101;4.8268599783796162228e-08;
7333.8222548169851507;4.8716174205765128136e-08;
7667.1778118541205913;4.9589914397074608132e-08;
8000.5333688912560319;5.3094133534159482224e-08;
8333.8889259283914726;4.7671381508962440421e-08;
8667.2444829655269132;4.5679982463298074435e-08;
9000.6000400026623538;4.5930963921136935824e-08;
9333.9555970397977944;4.6305341783181575011e-08;
9667.311154076933235;4.7871196784399216995e-08;
10000.666711114068676;4.8118575790567774675e-08;
10334.022268151204116;4.658945584878892987e-08;
10667.377825188339557;4.7095369382077478804e-08;
11000.733382225474998;4.6280618448690802325e-08;
11334.088939262610438;4.6313314072676803335e-08;
11667.444496299745879;4.4697088696921127848e-08;
12000.800053336881319;4.322290436675757519e-08;
12334.15561037401676;4.3784464054397176369e-08;
12667.511167411152201;4.521142926705579157e-08;
13000.866724448287641;4.4593793546710003284e-08;
13334.222281485423082;4.4948745170358961332e-08;
13667.577838522558523;4.2774971120707050432e-08;
14000.933395559693963;4.4333685167430303409e-08;
14334.288952596829404;4.5869843035006852006e-08;
14667.644509633964844;4.5048903274391705054e-08;
15001.000066671100285;4.3964590190626040567e-08;
15334.355623708235726;4.1390276095398803591e-08;
15667.711180745371166;4.0133233625283537549e-08;
16001.066737782506607;3.8688202863568221801e-08;
16334.422294819642048;4.0569396730916196248e-08;
16667.777851856779307;4.259418062702025054e-08;
17001.133408893914748;3.9939255458421030198e-08;
17334.488965931050188;4.1011233520293899346e-08;
17667.844522968185629;4.26584314539013576e-08;
18001.20008000532107;4.0588357563819954521e-08;
18334.55563704245651;4.224275684805434139e-08;
18667.911194079591951;4.0095041953236432164e-08;
19001.266751116727391;4.0344382057355687721e-08;
19334.622308153862832;3.7600976554585940903e-08;
19667.977865190998273;4.11782856701847777e-08;
20001.333422228133713;3.7193526480905347853e-08;
20334.688979265269154;4.0576452420282294042e-08;
20668.044536302404595;3.9486973690827653627e-08;
21001.400093339540035;3.8385184808475969476e-08;
21334.755650376675476;3.7828094434644299326e-08;
21668.111207413810916;3.759450351026316639e-08;
22001.466764450946357;3.8250153266972120036e-08;
22334.822321488081798;3.7872510461056663189e-08;
22668.177878525217238;3.7926241702734841965e-08;
23001.533435562352679;3.7262328334008998354e-08;
23334.88899259948812;3.8221944720362444059e-08;
23668.24454963662356;3.8476802188824876794e-08;
24001.600106673759001;3.877025633869379817e-08;
24334.955663710894441;3.6215361376434884733e-08;
24668.311220748029882;3.6661649716052124859e-08;
25001.666777785165323;3.8639232258219635696e-08;
25335.022334822300763;3.5401644282728739199e-08;
25668.377891859436204;3.5290742772531302762e-08;
26001.733448896571645;3.4683015570635689073e-08;
26335.089005933707085;3.4816647342950091115e-08;
26668.444562970842526;3.3970025015150895342e-08;
27001.800120007977966;3.5580772106413860456e-08;
27335.155677045113407;3.4012181515663542086e-08;
27668.511234082248848;3.4652384073297071154e-08;
28001.866791119384288;3.32477370079686807e-08;
28335.222348156519729;3.3099770035960318637e-08;
28668.57790519365517;3.344327126342250267e-08;
29001.93346223079061;3.2727928811482343008e-08;
29335.289019267926051;3.4029934425916508189e-08;
29668.644576305061491;3.7615311754279900924e-08;
30002.000133342196932;3.7607186698096484179e-08;
30335.355690379332373;3.3689872225295403041e-08;
30668.711247416467813;3.2073771194518485572e-08;
31002.066804453603254;3.2116059145437247935e-08;
31335.422361490738695;3.7275224684663044172e-08;
31668.777918527874135;3.4271586457634839462e-08;
32002.133475565009576;3.4675217364110721974e-08;
32335.489032602145016;3.2145919703907566145e-08;
32668.844589639280457;3.2931282589743204881e-08;
33002.200146676419536;3.1035277459068311146e-08;
33335.555703713558614;3.2717348830146875116e-08;
33668.911260750697693;3.2128699700706420117e-08;
34002.266817787836771;3.6475672260394276236e-08;
34335.62237482497585;3.6204799158667810843e-08;
34668.977931862114929;3.6576285111777906423e-08;
35002.333488899254007;3.964628447761242569e-08;
35335.689045936393086;6.456857448711161851e-08;
35669.044602973532164;7.5045427649911289336e-08;
36002.400160010671243;6.9194179275200440316e-08;
36335.755717047810322;8.3222062130516860634e-08;
36669.1112740849494;8.6418317835068592103e-08;
37002.466831122088479;8.6416498845665046247e-08;
37335.822388159227557;8.1519544892216799781e-08;
37669.177945196366636;6.9930074175772460876e-08;
38002.533502233505715;5.6600043762955465354e-08;
38335.889059270644793;5.0452285904611926526e-08;
38669.244616307783872;5.1436980896824024967e-08;
39002.60017334492295;5.6363198552844551159e-08;
39335.955730382062029;6.1239163073878444266e-08;
39669.311287419201108;8.036988674575695768e-08;
40002.666844456340186;8.1736075685512332711e-08;
40336.022401493479265;9.1271893154498684453e-08;
40669.377958530618344;7.6121992265143489931e-08;
41002.733515567757422;8.8350795124370051781e-08;
41336.089072604896501;7.796653989089463721e-08;
41669.444629642035579;6.9776191935488895979e-08;
42002.800186679174658;6.6565476686264446471e-08;
42336.155743716313737;4.3926760895374172833e-08;
42669.511300753452815;3.6245211276764166541e-08;
43002.866857790591894;3.1931424615549985901e-08;
43336.222414827730972;3.1043128956298460253e-08;
43669.577971864870051;2.8818222475024413143e-08;
44002.93352890200913;3.2274137140575476224e-08;
44336.289085939148208;2.9628484554677925189e-08;
44669.644642976287287;3.0290394192888925318e-08;
45003.000200013426365;2.9826093594920166652e-08;
45336.355757050565444;2.8779874483575440536e-08;
45669.711314087704523;2.82583432209548846e-08;
46003.066871124843601;2.9385168076601075882e-08;
46336.42242816198268;2.9394668032978188421e-08;
46669.777985199121758;2.8959155073948750214e-08;
47003.133542236260837;2.6880824677277814772e-08;
47336.489099273399916;2.8738899260360994958e-08;
47669.844656310538994;2.7878865438424327294e-08;
48003.200213347678073;2.7869660357282555196e-08;
48336.555770384817151;2.7484585274351047701e-08;
48669.91132742195623;2.8054701672886039887e-08;
49003.266884459095309;2.678861577010138717e-08;
49336.622441496234387;2.8631514936705571017e-08;
49669.977998533373466;2.5948626358740511932e-08;
50003.333555570512544;2.6067004554874984024e-08;
50336.689112607651623;2.5569423911520061665e-08;
50670.044669644790702;2.8106301286356938363e-08;
51003.40022668192978;2.6146301124185811204e-08;
51336.755783719068859;2.6060458679921794101e-08;
51670.111340756207937;2.7176540129403292667e-08;
52003.466897793347016;2.5860614982775587123e-08;
52336.822454830486095;2.6393799146262608701e-08;
52670.178011867625173;2.6618703685699074413e-08;
53003.533568904764252;2.6854911183704643918e-08;
53336.88912594190333;2.4989288860410852067e-08;
53670.244682979042409;2.6840055511456739623e-08;
54003.600240016181488;2.4731662051635794342e-08;
54336.955797053320566;2.6378364381685059925e-08;
54670.311354090459645;2.7591983808861186844e-08;
55003.666911127598723;2.6748972814516491781e-08;
55337.022468164737802;2.6625858851048178622e-08;
55670.378025201876881;2.4933379805247568584e-08;
56003.733582239015959;2.6297948707565410587e-08;
56337.089139276155038;2.5970972927780167083e-08;
56670.444696313294116;2.4861080305527138989e-08;
57003.800253350433195;2.6526368657187049394e-08;
57337.155810387572274;2.7429742033291404368e-08;
57670.511367424711352;2.6353584203775426431e-08;
58003.866924461850431;2.4608839410689142824e-08;
58337.222481498989509;2.4933861197951046051e-08;
58670.578038536128588;2.4688947775075575919e-08;
59003.933595573267667;2.5463007702342110861e-08;
59337.289152610406745;2.6043249334861684474e-08;
59670.644709647545824;2.5250130875065224245e-08;
60004.000266684684902;2.5254344393488281639e-08;
60337.355823721823981;2.5394081504259702342e-08;
60670.71138075896306;2.3545327465512855269e-08;
61004.066937796102138;2.8448964073390925478e-08;
61337.422494833241217;2.6886585402507989784e-08;
61670.778051870380295;2.6325219337763883232e-08;
62004.133608907519374;2.6945549791435041698e-08;
62337.489165944658453;2.688904210401688033e-08;
62670.844722981797531;2.5753168486630784173e-08;
63004.20028001893661;2.6603977687500446336e-08;
63337.555837056075688;2.5861750074795963883e-08;
63670.911394093214767;2.6323554891405365197e-08;
64004.266951130353846;2.5425507033105532173e-08;
64337.622508167492924;2.7653319634168838093e-08;
64670.978065204632003;2.8191305290192758548e-08;
65004.333622241771081;2.4634315920479821216e-08;
65337.68917927891016;2.481944960663895472e-08;
65671.044736316049239;2.3899465517729368003e-08;
66004.400293353188317;2.5303727113623608602e-08;
66337.755850390327396;2.5686929916446388233e-08;
66671.111407427466474;2.6910779382660621195e-08;
67004.466964464605553;2.7085173215368740784e-08;
67337.822521501744632;2.838302037844186998e-08;
67671.17807853888371;3.034338647012191359e-08;
68004.533635576022789;2.9140013069195447315e-08;
68337.889192613161867;3.3259535570095977164e-08;
68671.244749650300946;3.1140185541289611137e-08;
69004.600306687440025;2.7757524279081735585e-08;
69337.955863724579103;3.7828492338576324983e-08;
69671.311420761718182;2.9242523069683556969e-08;
70004.66697779885726;3.5359441596938268049e-08;
70338.022534835996339;3.0029031705680608866e-08;
70671.378091873135418;4.9621895925611170242e-08;
71004.733648910274496;4.8496215043769552722e-08;
71338.089205947413575;4.9566832416303441278e-08;
71671.444762984552654;5.1108667520338713075e-08;
72004.800320021691732;5.4496972268225363223e-08;
72338.155877058830811;4.9000703938872902654e-08;
72671.511434095969889;5.8407728431575378636e-08;
73004.866991133108968;5.3884186002051137621e-08;
73338.222548170248047;5.5592337844245776068e-08;
73671.578105207387125;5.2500162439628184075e-08;
74004.933662244526204;5.7226017702305398416e-08;
74338.289219281665282;5.8608463859854964539e-08;
74671.644776318804361;5.3113350162448114133e-08;
75005.00033335594344;5.1072497342374845175e-08;
75338.355890393082518;4.9126544610089695198e-08;
75671.711447430221597;4.7383913681642297888e-08;
76005.067004467360675;3.7140768682775160414e-08;
76338.422561504499754;3.2802638827433838742e-08;
76671.778118541638833;3.1659684651685893186e-08;
77005.133675578777911;2.6851987300346991105e-08;
77338.48923261591699;2.7376115596666750207e-08;
77671.844789653056068;2.9774110288371957722e-08;
78005.200346690195147;3.3021187562098930357e-08;
78338.555903727334226;3.7313814260642175213e-08;
78671.911460764473304;3.8656342127296738909e-08;
79005.267017801612383;3.7925374840597214643e-08;
79338.622574838751461;4.4211112992798007326e-08;
79671.97813187589054;4.9717790773229353363e-08;
80005.333688913029619;5.1891870356257641106e-08;
80338.689245950168697;4.9272177449211085332e-08;
80672.044802987307776;5.6903822098774980986e-08;
81005.400360024446854;5.0575188481616351055e-08;
81338.755917061585933;5.3770808250419577234e-08;
81672.111474098725012;4.7470482655853629694e-08;
82005.46703113586409;4.5816445748414480477e-08;
82338.822588173003169;4.8531155982800555648e-08;
82672.178145210142247;5.4937117965891957283e-08;
83005.533702247281326;4.2996841642661820515e-08;
83338.889259284420405;4.0507153187263611471e-08;
83672.244816321559483;4.407780451742837613e-08;
84005.600373358698562;3.7992993640045824577e-08;
84338.95593039583764;3.4563679918164780247e-08;
84672.311487432976719;2.8615675162768638984e-08;
85005.667044470115798;2.6825395238461169356e-08;
85339.022601507254876;2.283553968140950019e-08;
85672.378158544393955;2.3003114080211162218e-08;
86005.733715581533033;2.1916783055075939046e-08;
86339.089272618672112;2.1883042933268370689e-08;
86672.444829655811191;2.1171530306673957966e-08;
87005.800386692950269;2.1432732921766728396e-08;
87339.155943730089348;2.2039213121161083109e-08;
87672.511500767228426;2.1585575993299244146e-08;
88005.867057804367505;2.0795615895963237563e-08;
88339.222614841506584;2.002984977877986239e-08;
88672.578171878645662;2.1769395175397221465e-08;
89005.933728915784741;2.1951693796040672169e-08;
89339.289285952923819;2.2786370124094901257e-08;
89672.644842990062898;2.0660884558765246766e-08;
90006.000400027201977;2.2090533846608195745e-08;
90339.355957064341055;2.083814720776899776e-08;
90672.711514101480134;2.0405824585623122402e-08;
91006.067071138619212;1.9640674864263019117e-08;
91339.422628175758291;2.0127236766143141722e-08;
91672.77818521289737;2.0946638201735368057e-08;
92006.133742250036448;2.0382358911774645094e-08;
92339.489299287175527;2.0251798460435566085e-08;
92672.844856324314605;2.0750364981836355582e-08;
93006.200413361453684;2.0523168942077063548e-08;
93339.555970398592763;1.949218564334387338e-08;
93672.911527435731841;2.0965229552416531078e-08;
94006.26708447287092;2.0765133612599129265e-08;
94339.622641510009998;2.1400490268774774449e-08;
94672.978198547149077;1.9372430770658866095e-08;
95006.333755584288156;1.9624259550710121403e-08;
95339.689312621427234;2.0837781278260081308e-08;
95673.044869658566313;1.964885498750845727e-08;
96006.400426695705391;2.000857257655752619e-08;
96339.75598373284447;2.0722314530985386227e-08;
96673.111540769983549;2.0527314958940223732e-08;
97006.467097807122627;2.0824495905458206835e-08;
97339.822654844261706;1.9412086160741637286e-08;
97673.178211881400784;2.1056324683854654722e-08;
98006.533768918539863;2.1056509424965952348e-08;
98339.889325955678942;2.0398335465188210947e-08;
98673.24488299281802;2.0217816754097839294e-08;
99006.600440029957099;1.9674448736850536079e-08;
99339.955997067096177;2.0505401820969382243e-08;
99673.311554104235256;1.9441674936615527258e-08;
100006.66711114137433;1.9281438667917427665e-08;
100340.02266817851341;1.9163856279647006886e-08;
100673.37822521565249;1.9620777891304896912e-08;
101006.73378225279157;1.9596319233983194863e-08;
101340.08933928993065;1.8893691944299462193e-08;
101673.44489632706973;1.9143364227147685597e-08;
102006.80045336420881;2.0820619894834635488e-08;
102340.15601040134788;2.1234479063991784642e-08;
102673.51156743848696;2.0248206666906298778e-08;
103006.86712447562604;2.1138975014878269576e-08;
103340.22268151276512;1.9925966654454896343e-08;
103673.5782385499042;2.0455498628280111006e-08;
104006.93379558704328;2.0908586861878575291e-08;
104340.28935262418236;2.1183099718768971798e-08;
104673.64490966132144;2.0683581070102263766e-08;
105007.00046669846051;1.8725007322473175009e-08;
105340.35602373559959;1.9779383464424427075e-08;
105673.71158077273867;1.9073777224321020185e-08;
106007.06713780987775;2.3797701587113806454e-08;
106340.42269484701683;2.2804991672842334083e-08;
106673.77825188415591;2.4676806376078275207e-08;
107007.13380892129499;2.4453957081504995585e-08;
107340.48936595843406;2.5937096026495964907e-08;
107673.84492299557314;2.6823604670767053904e-08;
108007.20048003271222;2.5680703785724290356e-08;
108340.5560370698513;2.4206526560988095298e-08;
108673.91159410699038;2.543435151380890602e-08;
109007.26715114412946;2.6037440647996845655e-08;
109340.62270818126854;2.7073090436147140281e-08;
109673.97826521840761;2.6852976731106537045e-08;
110007.33382225554669;2.5709141482366248965e-08;
110340.68937929268577;2.5002725223544075561e-08;
110674.04493632982485;2.6312411804951807426e-08;
111007.40049336696393;2.7370152366756883566e-08;
111340.75605040410301;2.7405466340724160546e-08;
111674.11160744124209;2.5641483603067172226e-08;
112007.46716447838116;2.5678357218339442625e-08;
112340.82272151552024;2.5395552327722725749e-08;
112674.17827855265932;2.6183119672396060196e-08;
113007.5338355897984;2.5331392095040428103e-08;
113340.88939262693748;2.3296776063830293424e-08;
113674.24494966407656;2.3428931683611153858e-08;
114007.60050670121564;2.106446395089278667e-08;
114340.95606373835471;2.058538228766337852e-08;
114674.31162077549379;1.9411062979202142742e-08;
115007.66717781263287;1.9394837735831060854e-08;
115341.02273484977195;2.0268990041927281709e-08;
115674.37829188691103;1.8218464958863478387e-08;
116007.73384892405011;1.8986888505878596334e-08;
116341.08940596118919;1.8978218108145483711e-08;
116674.44496299832826;1.8740870189049019245e-08;
117007.80052003546734;2.0999694427814574738e-08;
117341.15607707260642;2.0816230517084477469e-08;
117674.5116341097455;2.1383916859463170113e-08;
118007.86719114688458;2.3505776880483608693e-08;
118341.22274818402366;3.445213891950515972e-08;
118674.57830522116274;4.5475811560891088448e-08;
119007.93386225830182;3.8825806569775522803e-08;
119341.28941929544089;3.9583930799835798098e-08;
119674.64497633257997;3.7631373572821757989e-08;
120008.00053336971905;3.6195388020132668316e-08;
120341.35609040685813;3.5846468904310313519e-08;
120674.71164744399721;3.8526177803532846156e-08;
121008.06720448113629;3.6078834142472260282e-08;
121341.42276151827537;3.8752279607479067636e-08;
121674.77831855541444;3.7603815172815302503e-08;
122008.13387559255352;4.7857660945282987086e-08;
122341.4894326296926;3.3521736497732490534e-08;
122674.84498966683168;2.3426709461205064144e-08;
123008.20054670397076;2.2431223101193609182e-08;
123341.55610374110984;2.2262183207999441947e-08;
123674.91166077824892;2.4443004065233253641e-08;
124008.26721781538799;2.3299190132775038364e-08;
124341.62277485252707;2.2659390808144053153e-08;
124674.97833188966615;2.1147592121906200191e-08;
125008.33388892680523;2.1280524009625878534e-08;
125341.68944596394431;2.0258097421788079373e-08;
125675.04500300108339;2.1695406360322522232e-08;
126008.40056003822247;2.1772761371607884939e-08;
126341.75611707536154;2.0088416263774888648e-08;
126675.11167411250062;2.0770167807881989575e-08;
127008.4672311496397;1.9544852847275251406e-08;
127341.82278818677878;1.8320749362032984209e-08;
127675.17834522391786;1.8424451297960331431e-08;
128008.53390226105694;1.9040934162717348954e-08;
128341.88945929819602;1.9507668369556085963e-08;
128675.24501633533509;1.833955565189171466e-08;
129008.60057337247417;2.2697678403460486152e-08;
129341.95613040961325;2.1214455969698065019e-08;
129675.31168744675233;1.8075549945706370636e-08;
130008.66724448389141;1.8659038758528367907e-08;
130342.02280152103049;1.7928620366092218319e-08;
130675.37835855816957;1.7181854161663068226e-08;
131008.73391559530864;1.7724845591260418587e-08;
131342.08947263244772;1.7317672629246771976e-08;
131675.4450296695868;1.8335658324986070511e-08;
132008.80058670672588;1.7564683929549573804e-08;
132342.15614374386496;1.679762817730079405e-08;
132675.51170078100404;1.8654352729186030047e-08;
133008.86725781814312;1.6987907969223670079e-08;
133342.22281485528219;1.7707385779885953525e-08;
133675.57837189242127;1.7093642057375291188e-08;
134008.93392892956035;1.7947433761378306372e-08;
134342.28948596669943;1.7551327502474123321e-08;
134675.64504300383851;1.7704181232147675473e-08;
135009.00060004097759;1.790841253068720107e-08;
135342.35615707811667;1.7072334657086685183e-08;
135675.71171411525575;1.6549943637755859527e-08;
136009.06727115239482;1.8320974959351588041e-08;
136342.4228281895339;1.7762062043402693234e-08;
136675.77838522667298;1.8977186044821792166e-08;
137009.13394226381206;2.366845563983588363e-08;
137342.48949930095114;2.0354448793113988359e-08;
137675.84505633809022;1.8180418948077203822e-08;
138009.2006133752293;1.7332585144913537079e-08;
138342.55617041236837;1.6954457393580923963e-08;
138675.91172744950745;1.7079324621249725169e-08;
139009.26728448664653;1.7996654833041247912e-08;
139342.62284152378561;2.0431615510574374639e-08;
139675.97839856092469;1.9542346407774857653e-08;
140009.33395559806377;1.9620777891304896912e-08;
140342.68951263520285;2.1515727866017186898e-08;
140676.04506967234192;1.9897317571349049103e-08;
141009.400626709481;1.7471620594733394682e-08;
141342.75618374662008;2.0016306834236274881e-08;
141676.11174078375916;2.7520385970092320349e-08;
142009.46729782089824;1.7583269951160218625e-08;
142342.82285485803732;1.807288185773359146e-08;
142676.1784118951764;1.7144978770033958426e-08;
143009.53396893231547;1.7522614470522057672e-08;
143342.88952596945455;1.7818223341237171553e-08;
143676.24508300659363;1.7745657387990831921e-08;
144009.60064004373271;2.8344404157110147935e-08;
144342.95619708087179;1.7612050484672181483e-08;
144676.31175411801087;1.7273675823048506572e-08;
145009.66731115514995;1.7707478150441602338e-08;
145343.02286819228902;1.8216127273262827657e-08;
145676.3784252294281;1.7712425304239332036e-08;
146009.73398226656718;1.7292531850898740231e-08;
146343.08953930370626;1.7069606172981366399e-08;
146676.44509634084534;1.6601338970190226974e-08;
147009.80065337798442;1.7452908451787152444e-08;
147343.1562104151235;1.6771561917039434775e-08;
147676.51176745226257;1.9822726571305793186e-08;
148009.86732448940165;1.894537504654181248e-08;
148343.22288152654073;1.8085110298216022784e-08;
148676.57843856367981;1.8901758380707178731e-08;
149009.93399560081889;1.7788417849828874751e-08;
149343.28955263795797;1.788209935682516516e-08;
149676.64510967509705;1.7492627790716142044e-08;
150010.00066671223613;1.7556169851218328404e-08;
150343.3562237493752;1.7959450815396849066e-08;
150676.71178078651428;1.798543536324359593e-08;
151010.06733782365336;2.3902657630969770253e-08;
151343.42289486079244;1.7399703011733436142e-08;
151676.77845189793152;1.6696070304078602931e-08;
152010.1340089350706;1.7553054121322020364e-08;
152343.48956597220968;1.6661232393744285218e-08;
152676.84512300934875;1.6688563420075297472e-08;
153010.20068004648783;1.6835411287274837377e-08;
153343.55623708362691;1.759550549707000755e-08;
153676.91179412076599;1.6523943102697558061e-08;
154010.26735115790507;1.6318521645075634297e-08;
154343.62290819504415;1.6543694414394849446e-08;
154676.97846523218323;1.6664072788330486219e-08;
155010.3340222693223;1.6218265841416723561e-08;
155343.68957930646138;2.0348549512050340127e-08;
155677.04513634360046;1.5325399616017421067e-08;
156010.40069338073954;1.5855725621349847643e-08;
156343.75625041787862;1.6093217425350303529e-08;
156677.1118074550177;1.641244651295892254e-08;
157010.46736449215678;1.6800784763404408295e-08;
157343.82292152929585;1.6589035922720540839e-08;
157677.17847856643493;1.7011979380754382873e-08;
158010.53403560357401;1.6715381079279723053e-08;
158343.88959264071309;1.6145236259035300463e-08;
158677.24514967785217;1.6647687672843858309e-08;
159010.60070671499125;1.6833933358384456369e-08;
159343.95626375213033;1.7192602896898279141e-08;
159677.3118207892694;1.8098299747748569644e-08;
160010.66737782640848;1.7440067168195128033e-08;
160344.02293486354756;1.6455809159765522054e-08;
160677.37849190068664;1.717075015505997726e-08;
161010.73404893782572;1.6678979974926733121e-08;
161344.0896059749648;1.7387968398452358088e-08;
161677.44516301210388;1.6237395428220224858e-08;
162010.80072004924295;1.6982955486355422181e-08;
162344.15627708638203;1.7858647893831403053e-08;
162677.51183412352111;1.6524669632644872763e-08;
163010.86739116066019;1.7887220593593156082e-08;
163344.22294819779927;1.6691700466253678314e-08;
163677.57850523493835;1.6239647848692584375e-08;
164010.93406227207743;1.6549915216046429123e-08;
164344.2896193092165;1.6858319185075743007e-08;
164677.64517634635558;1.6096752375460710027e-08;
165011.00073338349466;1.750741596140414913e-08;
165344.35629042063374;1.712649577711999882e-08;
165677.71184745777282;1.734699317523791251e-08;
166011.0674044949119;1.6897070409527259471e-08;
166344.42296153205098;1.6397661894984594255e-08;
166677.77851856919006;1.5542930498213536339e-08;
167011.13407560632913;1.7292014931058474758e-08;
167344.48963264346821;1.696706064535646874e-08;
167677.84518968060729;1.6575548045238974737e-08;
168011.20074671774637;1.5424200583424862998e-08;
168344.55630375488545;1.5791346896776303765e-08;
168677.91186079202453;1.6219946274986796197e-08;
169011.26741782916361;1.5311513834603829309e-08;
169344.62297486630268;1.6204651842599560041e-08;
169677.97853190344176;1.5492743088429961063e-08;
170011.33408894058084;1.5675786002589120471e-08;
170344.68964597771992;1.6104587885479304532e-08;
170678.045203014859;1.5146182974490329798e-08;
171011.40076005199808;1.5513467843675243785e-08;
171344.75631708913716;1.5180678047954643262e-08;
171678.11187412627623;1.6694016835572256241e-08;
172011.46743116341531;1.5482486404039264016e-08;
172344.82298820055439;1.5356796723153820494e-08;
172678.17854523769347;1.6421530801835615421e-08;
173011.53410227483255;1.5643626838368618337e-08;
173344.88965931197163;1.5312187073845962004e-08;
173678.24521634911071;1.5327877633808384417e-08;
174011.60077338624978;1.551194195315019897e-08;
174344.95633042338886;1.5075675818820855056e-08;
174678.31188746052794;1.5929265018144178612e-08;
175011.66744449766702;1.5169561606853676494e-08;
175345.0230015348061;1.4936750503125040268e-08;
175678.37855857194518;1.5927922092373592022e-08;
176011.73411560908426;1.5909744632836009259e-08;
176345.08967264622333;1.5769197503345822042e-08;
176678.44522968336241;1.5499656669248906837e-08;
177011.80078672050149;1.6047877693381451536e-08;
177345.15634375764057;1.5391881547088814841e-08;
177678.51190079477965;1.5573322187378835224e-08;
178011.86745783191873;1.5497017002985558065e-08;
178345.22301486905781;1.6168625549539683561e-08;
178678.57857190619688;1.5528383912055687688e-08;
179011.93412894333596;1.5414421739023964619e-08;
179345.28968598047504;1.5895942340193869313e-08;
179678.64524301761412;1.5470197567424293084e-08;
180012.0008000547532;1.761387657950308494e-08;
180345.35635709189228;1.5862497093621641397e-08;
180678.71191412903136;1.5139505649131024256e-08;
181012.06747116617044;1.516719017047307716e-08;
181345.42302820330951;1.5837381184269361256e-08;
181678.77858524044859;1.6126980639796784089e-08;
182012.13414227758767;1.4858185792832045991e-08;
182345.48969931472675;1.529293847113422089e-08;
182678.84525635186583;1.5756016935597472184e-08;
183012.20081338900491;1.5151265131407853914e-08;
183345.55637042614399;1.519073578037932748e-08;
183678.91192746328306;1.5409439058089446917e-08;
184012.26748450042214;1.555158846144877316e-08;
184345.62304153756122;1.4918025925680922228e-08;
184678.9785985747003;1.5152462395917609683e-08;
185012.33415561183938;1.5844838330281163508e-08;
185345.68971264897846;1.5539763253968885692e-08;
185679.04526968611754;1.4912680867951166874e-08;
186012.40082672325661;1.5885223803024928202e-08;
186345.75638376039569;1.6389828161322839151e-08;
186679.11194079753477;1.4449238250335838529e-08;
187012.46749783467385;1.578690955739148194e-08;
187345.82305487181293;1.4463257258512385306e-08;
187679.17861190895201;1.5059343994039409154e-08;
188012.53416894609109;1.4990270358339330414e-08;
188345.88972598323016;1.4356607458410053368e-08;
188679.24528302036924;1.4526891689570220478e-08;
189012.60084005750832;1.4680123783250564884e-08;
189345.9563970946474;1.5460823732382777962e-08;
189679.31195413178648;1.4836145645347187383e-08;
190012.66751116892556;1.4347052434970919421e-08;
190346.02306820606464;1.534676385972488788e-08;
190679.37862524320371;1.5054768098821114108e-08;
191012.73418228034279;1.4997224795365582395e-08;
191346.08973931748187;1.3945042454110989638e-08;
191679.44529635462095;1.5012908249900647206e-08;
192012.80085339176003;1.422640671933095291e-08;
192346.15641042889911;1.4818589910703394708e-08;
192679.51196746603819;1.501272350878934958e-08;
193012.86752450317726;1.4990849450668974896e-08;
193346.22308154031634;1.4462697706107974227e-08;
193679.57863857745542;1.4688301241960743937e-08;
194012.9341956145945;1.3978866064690009807e-08;
194346.28975265173358;1.4842715501117709209e-08;
194679.64530968887266;1.5574800116269216232e-08;
195013.00086672601174;1.4998830621948400221e-08;
195346.35642376315081;1.5425445809569282574e-08;
195679.71198080028989;1.4356658084579976276e-08;
196013.06753783742897;1.5333666780747989833e-08;
196346.42309487456805;1.4333675579791815835e-08;
196679.77865191170713;1.420909789828783687e-08;
197013.13420894884621;1.5000228614781008218e-08;
197346.48976598598529;1.4764048650306449417e-08;
197679.84532302312437;1.5164125954925111728e-08;
198013.20088006026344;1.5144825837865028006e-08;
198346.55643709740252;1.5027314503868183238e-08;
198679.9119941345416;1.5704424427553931309e-08;
199013.26755117168068;1.4805423553809760051e-08;
199346.62310820881976;1.5522765295372664696e-08;
199679.97866524595884;1.5778702788793452783e-08;
200013.33422228309792;1.5119331564505955612e-08;
200346.68977932023699;1.5051437429747238639e-08;
200680.04533635737607;1.5551615106801364163e-08;
201013.40089339451515;1.470676203041421104e-08;
201346.75645043165423;1.4460437292029837408e-08;
201680.11200746879331;1.4893412725314192357e-08;
202013.46756450593239;1.5288559751525099273e-08;
202346.82312154307147;1.4629098821217212389e-08;
202680.17867858021054;1.4840394690907032782e-08;
203013.53423561734962;1.4268931813887775206e-08;
203346.8897926544887;1.572159291640673473e-08;
203680.24534969162778;1.4964722794275076012e-08;
204013.60090672876686;1.5325831270729395328e-08;
204346.95646376590594;1.4506795764646085445e-08;
204680.31202080304502;1.4945438664426546893e-08;
205013.66757784018409;1.5148817311683160369e-08;
205347.02313487732317;1.5182784807166171959e-08;
205680.37869191446225;1.4869439901588066277e-08;
206013.73424895160133;1.4810053627911656804e-08;
206347.08980598874041;1.52575445611091709e-08;
206680.44536302587949;1.4842167495032754232e-08;
207013.80092006301857;1.4751863730566583399e-08;
207347.15647710015764;1.5358523342001717538e-08;
207680.51203413729672;1.4996828667790396139e-08;
208013.8675911744358;1.4494644595686168032e-08;
208347.22314821157488;1.4525054048419860919e-08;
208680.57870524871396;1.3421254330125975684e-08;
209013.93426228585304;1.4042095486388461723e-08;
209347.28981932299212;1.5290817501067976991e-08;
209680.64537636013119;1.4454595742563469685e-08;
210014.00093339727027;1.4711646123544142029e-08;
210347.35649043440935;1.4943521975396834023e-08;
210680.71204747154843;1.4077564003400766524e-08;
211014.06760450868751;1.4093202160836426629e-08;
211347.42316154582659;1.5930019969800923718e-08;
211680.77871858296567;1.4917135970904382702e-08;
212014.13427562010475;1.4321518193582960521e-08;
212347.48983265724382;3.0107578652405209141e-08;
212680.8453896943829;1.4809429238482607616e-08;
213014.20094673152198;1.4598061426340791513e-08;
213347.55650376866106;1.4160282724162698287e-08;
213680.91206080580014;1.5528655694652115926e-08;
214014.26761784293922;1.4647228319120131346e-08;
214347.6231748800783;1.4726953878607673687e-08;
214680.97873191721737;1.4305173934303638816e-08;
215014.33428895435645;1.460108745021670984e-08;
215347.68984599149553;1.5092211924638831988e-08;
215681.04540302863461;1.4403772397031389119e-08;
216014.40096006577369;3.0246845028614188777e-08;
216347.75651710291277;1.4555527449999772216e-08;
216681.11207414005185;1.4006150905743197654e-08;
217014.46763117719092;1.4729748087916050281e-08;
217347.82318821433;1.3805399490252057149e-08;
217681.17874525146908;1.4326978714507276891e-08;
218014.53430228860816;1.4611376997208935791e-08;
218347.88985932574724;1.4813774207311780629e-08;
218681.24541636288632;1.4769262257630089152e-08;
219014.6009734000254;1.4107742529745337379e-08;
219347.95653043716447;1.4695734407155214285e-08;
219681.31208747430355;1.4553942051520607492e-08;
220014.66764451144263;1.3815637522895940492e-08;
220348.02320154858171;1.5289366217530186987e-08;
220681.37875858572079;1.3926729991453612456e-08;
221014.73431562285987;1.450733044805474492e-08;
221348.08987265999895;1.3557798439478574437e-08;
221681.44542969713802;1.474569710779860543e-08;
222014.8009867342771;1.5494675764671228535e-08;
222348.15654377141618;1.4105809853504069906e-08;
222681.51210080855526;1.4195300934716215124e-08;
223014.86765784569434;1.39447733360498205e-08;
223348.22321488283342;1.4667982384253264172e-08;
223681.5787719199725;1.3988790570351739007e-08;
224014.93432895711157;1.4096198874824494851e-08;
224348.28988599425065;1.3908100449100402329e-08;
224681.64544303138973;1.3768754136833649682e-08;
225015.00100006852881;1.5071599079874431482e-08;
225348.35655710566789;1.4671976522606655635e-08;
225681.71211414280697;1.4285133964619944891e-08;
226015.06767117994605;1.3990412384146111435e-08;
226348.42322821708512;1.450959885573865904e-08;
226681.7787852542242;1.4036398710004505119e-08;
227015.13434229136328;1.3365632156592255342e-08;
227348.48989932850236;1.411406369555834317e-08;
227681.84545636564144;1.4047918384108015744e-08;
228015.20101340278052;1.349122591420837125e-08;
228348.5565704399196;1.3597153625255486986e-08;
228681.91212747705868;1.3880762317342032475e-08;
229015.26768451419775;1.456491460771758284e-08;
229348.62324155133683;1.4685230809163840604e-08;
229681.97879858847591;1.3144517474472650065e-08;
230015.33435562561499;1.3292342337933860108e-08;
230348.68991266275407;1.4402911752142699697e-08;
230682.04546969989315;1.4339921250439147116e-08;
231015.40102673703223;1.4365665101934155246e-08;
231348.7565837741713;1.3532575060537510581e-08;
231682.11214081131038;1.4051966701345008914e-08;
232015.46769784844946;1.2656599324145645369e-08;
232348.82325488558854;1.4308265683382614952e-08;
232682.17881192272762;1.3193748316098208306e-08;
233015.5343689598667;1.3344704896667280991e-08;
233348.88992599700578;1.4209996734848573396e-08;
233682.24548303414485;1.4007282445049895614e-08;
234015.60104007128393;1.3875983917444045801e-08;
234348.95659710842301;1.3391320941025242064e-08;
234682.31215414556209;1.4112377932917752332e-08;
235015.66771118270117;1.3736911164130560792e-08;
235349.02326821984025;1.4024617023267182958e-08;
235682.37882525697933;1.4309321727523638401e-08;
236015.7343822941184;1.4204056597577618959e-08;
236349.08993933125748;1.3721450642378840712e-08;
236682.44549636839656;1.3781628283027202997e-08;
237015.80105340553564;1.3910348428680663346e-08;
237349.15661044267472;1.5434309830197889823e-08;
237682.5121674798138;1.4245363999521032383e-08;
238015.86772451695288;1.5070936498773335188e-08;
238349.22328155409195;1.5428861743771449255e-08;
238682.57883859123103;1.4273369153272597032e-08;
239015.93439562837011;1.4372227852277319471e-08;
239349.28995266550919;1.4142059967525710817e-08;
239682.64550970264827;1.4315179264201560727e-08;
240016.00106673978735;1.4110171697723217221e-08;
240349.35662377692643;1.4257756753011108231e-08;
240682.7121808140655;1.4452589347513367102e-08;
241016.06773785120458;1.5767286143386627373e-08;
241349.42329488834366;1.5501726124966808129e-08;
241682.77885192548274;1.4634471412477978447e-08;
242016.13440896262182;1.4146035454132288578e-08;
242349.4899659997609;1.4625424427094912971e-08;
242682.84552303689998;1.4467246067795258568e-08;
243016.20108007403906;1.4201287257264993968e-08;
243349.55663711117813;1.473647781580211813e-08;
243682.91219414831721;1.3847905933062065742e-08;
244016.26775118545629;1.5423793797708640341e-08;
244349.62330822259537;1.4281520854808604781e-08;
244682.97886525973445;1.4878009935159752786e-08;
245016.33442229687353;1.3777730956121558847e-08;
245349.68997933401261;1.3846568336361997353e-08;
245683.04553637115168;1.4499381251198428799e-08;
246016.40109340829076;1.3391485254032886587e-08;
246349.75665044542984;1.4386197122462363041e-08;
246683.11220748256892;1.3188533820596148871e-08;
247016.467764519708;1.3407680299337698671e-08;
247349.82332155684708;1.390612158758131045e-08;
247683.17887859398616;1.3860976366686372785e-08;
248016.53443563112523;1.3386193487008313241e-08;
248349.88999266826431;1.4106305457062262576e-08;
248683.24554970540339;1.3281302280176987551e-08;
249016.60110674254247;1.3180335045603897015e-08;
249349.95666377968155;1.3927439646010952856e-08;
249683.31222081682063;1.8036629967355111148e-08;
250016.66777785395971;1.43213672032516115e-08;
250350.02333489109878;1.3699244405529498181e-08;
250683.37889192823786;1.3510531360338973172e-08;
251016.73444896537694;1.3487623462538067542e-08;
251350.09000600251602;1.3060870607262131671e-08;
251683.4455630396551;1.3856253033850407519e-08;
252016.80112007679418;1.6153322235368250404e-08;
252350.15667711393326;1.3998181280783228431e-08;
252683.51223415107233;1.3635091278274558135e-08;
253016.86779118821141;1.3605612636524710979e-08;
253350.22334822535049;1.2892474643422247027e-08;
253683.57890526248957;1.4047721208498842316e-08;
254016.93446229962865;1.3672244669749034074e-08;
254350.29001933676773;1.3744949178828846925e-08;
254683.64557637390681;1.3262789089196758141e-08;
255017.00113341104588;1.3169965562553898053e-08;
255350.35669044818496;1.3742631921331849298e-08;
255683.71224748532404;1.2930104098529682233e-08;
256017.06780452246312;1.4064141851122258231e-08;
256350.4233615596022;1.3517582608812972467e-08;
256683.77891859674128;1.2280472638792616635e-08;
257017.13447563388036;1.3559727563006163109e-08;
257350.49003267101943;1.3951045652049742785e-08;
257683.84558970815851;1.2864783016652836523e-08;
258017.20114674529759;1.4117089719434261497e-08;
258350.55670378243667;1.4046487528673878842e-08;
258683.91226081957575;1.3102765095140966878e-08;
259017.26781785671483;1.2916981262378612882e-08;
259350.62337489385391;1.3212790861416578991e-08;
259683.97893193099299;1.3567519552282192308e-08;
260017.33448896813206;1.308675479094745242e-08;
260350.69004600527114;1.2830025930554711522e-08;
260684.04560304241022;1.4698884776009890629e-08;
261017.4011600795493;1.2892338752124032908e-08;
261350.75671711668838;1.3279202626392816455e-08;
261684.11227415382746;1.418328654523293153e-08;
262017.46783119096654;1.3602505788412599941e-08;
262350.82338822807651;1.2513865499386156444e-08;
262684.17894526518648;1.3949085442277464608e-08;
263017.53450230229646;1.3751663807681779872e-08;
263350.89005933940643;1.390086978858562361e-08;
263684.24561637651641;1.4335967080114642158e-08;
264017.60117341362638;1.3226074457861614064e-08;
264350.95673045073636;1.4359003763786404306e-08;
264684.31228748784633;1.3704082313381604763e-08;
265017.66784452495631;1.3214369154468386114e-08;
265351.02340156206628;1.3813841626131306839e-08;
265684.37895859917626;1.4127508940475763666e-08;
266017.73451563628623;1.3579823487930298143e-08;
266351.09007267339621;1.4070073106609015667e-08;
266684.44562971050618;1.4089439837050576898e-08;
267017.80118674761616;1.3494378059419886995e-08;
267351.15674378472613;1.3603676407569764706e-08;
267684.51230082183611;1.3797422759864730324e-08;
268017.86785785894608;1.3555416344956938701e-08;
268351.22341489605606;1.3770713458427508158e-08;
268684.57897193316603;1.3884395855257025687e-08;
269017.93452897027601;1.3308324220417944161e-08;
269351.29008600738598;1.3922473840466409456e-08;
269684.64564304449596;1.3803362008957265061e-08;
270018.00120008160593;1.3101522533531806403e-08;
270351.3567571187159;1.3406526555570508208e-08;
270684.71231415582588;1.3939433607390583347e-08;
271018.06787119293585;1.3838859835857419966e-08;
271351.42342823004583;1.3579727564660970529e-08;
271684.7789852671558;1.3185592173670102056e-08;
272018.13454230426578;1.305951702335050868e-08;
272351.49009934137575;1.2972786400666791451e-08;
272684.84565637848573;1.362639867608095301e-08;
273018.2012134155957;1.3891105155039440433e-08;
273351.55677045270568;1.3102765095140966878e-08;
273684.91232748981565;1.3171979063031358237e-08;
274018.26788452692563;1.4065797415696579264e-08;
274351.6234415640356;1.3702421419736765529e-08;
274684.97899860114558;1.4476348120240345452e-08;
275018.33455563825555;1.4137464532382182369e-08;
275351.69011267536553;1.3481322724828714854e-08;
275685.0456697124755;1.4253023650212526263e-08;
276018.40122674958548;1.2319604003607764753e-08;
276351.75678378669545;1.4436400519457492919e-08;
276685.11234082380543;1.3460143222232545668e-08;
277018.4678978609154;1.2995847953334305203e-08;
277351.82345489802537;1.3935002485254699423e-08;
277685.17901193513535;1.4366321465786313638e-08;
278018.53456897224532;1.2994067155602806451e-08;
278351.8901260093553;1.3574480206557382189e-08;
278685.24568304646527;1.3948840305033627374e-08;
279018.60124008357525;1.3878982407788953424e-08;
279351.95679712068522;1.4316009711023980344e-08;
279685.3123541577952;1.326831267078887322e-08;
280018.66791119490517;1.3492718942131887161e-08;
280352.02346823201515;1.3150661004601715831e-08;
280685.37902526912512;1.3582901026154559077e-08;
281018.7345823062351;1.366448909578821258e-08;
281352.09013934334507;1.3561919587345983018e-08;
281685.44569638045505;1.4068663567456951569e-08;
282018.80125341756502;1.4223858535444833251e-08;
282352.156810454675;1.4035313355975631566e-08;
282685.51236749178497;1.3929886577557226701e-08;
283018.86792452889495;1.5237775485843485512e-08;
283352.22348156600492;2.9067512841152165493e-08;
283685.5790386031149;1.3375638374668596953e-08;
284018.93459564022487;1.3741231263963982201e-08;
284352.29015267733485;1.3841655821522635961e-08;
284685.64570971444482;1.3506640250682266924e-08;
285019.00126675155479;1.4102539580562734045e-08;
285352.35682378866477;1.3619913197260302695e-08;
285685.71238082577474;1.3827437861380076356e-08;
286019.06793786288472;1.3790273811764564016e-08;
286352.42349489999469;1.3422079447877877101e-08;
286685.77905193710467;1.3594670278394005436e-08;
287019.13460897421464;1.4488788835365085106e-08;
287352.49016601132462;1.402321281318563706e-08;
287685.84572304843459;1.378470315671620483e-08;
288019.20128008554457;3.0974110387660402921e-08;
288352.55683712265454;1.4470500353525039827e-08;
288685.91239415976452;1.3924088548833424284e-08;
289019.26795119687449;1.461456022866514104e-08;
289352.62350823398447;1.4005633985902932181e-08;
289685.97906527109444;1.4272366399836755591e-08;
290019.33462230820442;1.415406458704637771e-08;
290352.69017934531439;1.4716738050424282847e-08;
290686.04573638242437;1.3390732966911400581e-08;
291019.40129341953434;1.4758084532218163076e-08;
291352.75685045664432;1.3627452055686717358e-08;
291686.11240749375429;1.3665857778732970473e-08;
292019.46796453086426;1.4144867499510382913e-08;
292352.82352156797424;1.4365008738081996853e-08;
292686.17907860508421;1.3137292143028389546e-08;
293019.53463564219419;1.4536388093233654217e-08;
293352.89019267930416;1.3713980173690742959e-08;
293686.24574971641414;1.370689961532889356e-08;
294019.60130675352411;1.3595291115109375824e-08;
294352.95686379063409;1.3596245906910553458e-08;
294686.31242082774406;1.4131977366105274996e-08;
295019.66797786485404;1.46086049923610517e-08;
295353.02353490196401;1.4247341084683284862e-08;
295686.37909193907399;1.3987143887561614974e-08;
296019.73464897618396;1.3666265452627612831e-08;
296353.09020601329394;1.4538967363364463381e-08;
296686.44576305040391;1.3694528178120890516e-08;
297019.80132008751389;1.3831713552292512759e-08;
297353.15687712462386;1.4078008980789036286e-08;
297686.51243416173384;1.3921813923900572263e-08;
298019.86799119884381;1.4959491423383042275e-08;
298353.22354823595379;1.4714386153968916915e-08;
298686.57910527306376;1.417910144851930454e-08;
299019.93466231017374;1.4262115044516576745e-08;
299353.29021934728371;1.3996976022667695361e-08;
299686.64577638439368;1.4446776219756429782e-08;
300020.00133342150366;1.3948546317976706632e-08;
300353.35689045861363;1.4940397363716328982e-08;
300686.71244749572361;1.4786993851600982453e-08;
301020.06800453283358;1.388420134418311136e-08;
301353.42356156994356;1.4161774863907794497e-08;
301686.77911860705353;1.4764514943976791983e-08;
302020.13467564416351;1.7435011656630194921e-08;
302353.49023268127348;1.3922988095771415828e-08;
302686.84578971838346;1.3286109101784404629e-08;
303020.20134675549343;1.4602473008551442035e-08;
303353.55690379260341;1.4931844205534616776e-08;
303686.91246082971338;1.3770423024084266217e-08;
304020.26801786682336;1.4355195254722730169e-08;
304353.62357490393333;1.5339782777346044895e-08;
304686.97913194104331;1.3984883473483478156e-08;
305020.33468897815328;1.5020031440826642211e-08;
305353.69024601526326;1.3481654015379263001e-08;
305687.04580305237323;1.4495153521920656203e-08;
306020.40136008948321;1.4816585292010131525e-08;
306353.75691712659318;1.4710121121197516914e-08;
306687.11247416370315;1.4167000905729310034e-08;
307020.46803120081313;1.5372911832400859566e-08;
307353.8235882379231;1.5411714571200718638e-08;
307687.17914527503308;1.4496528422114351997e-08;
308020.53470231214305;1.43291689624902574e-08;
308353.89025934925303;1.4026268146949405491e-08;
308687.245816386363;1.4528703573546408734e-08;
309020.60137342347298;1.5007818987555765489e-08;
309353.95693046058295;1.5091814020706806332e-08;
309687.31248749769293;1.4906500922506893403e-08;
310020.6680445348029;1.4526150948768190574e-08;
310354.02360157191288;1.4853174690188097884e-08;
310687.37915860902285;1.4460437292029837408e-08;
311020.73471564613283;1.47993901578047371e-08;
311354.0902726832428;1.4305149065307887213e-08;
311687.44582972035278;1.4699633510417697835e-08;
312020.80138675746275;1.4730939135176868149e-08;
312354.15694379457273;1.4458099606429186679e-08;
312687.5125008316827;1.5441063538901289576e-08;
313020.86805786879268;1.4962356686964994879e-08;
313354.22361490590265;1.5435530187346557796e-08;
313687.57917194301262;1.4711464935146523203e-08;
314020.9347289801226;1.5535368547148209473e-08;
314354.29028601723257;1.4979082862964787637e-08;
314687.64584305434255;1.4503788392516980821e-08;
315021.00140009145252;1.4496579936462694604e-08;
315354.3569571285625;1.5354935101186129032e-08;
315687.71251416567247;1.4187921948405346484e-08;
316021.06807120278245;1.4954368410258211952e-08;
316354.42362823989242;1.3777440521778316906e-08;
316687.7791852770024;1.5335661629478636314e-08;
317021.13474231411237;1.5045673151803384826e-08;
317354.49029935122235;1.4876651022177611594e-08;
317687.84585638833232;1.5238578399134894426e-08;
318021.2014134254423;1.4214840859949617879e-08;
318354.55697046255227;1.475868049993778186e-08;
318687.91252749966225;1.49128656090624645e-08;
319021.26808453677222;1.4596061248539626831e-08;
319354.6236415738822;1.5189694835271438933e-08;
319687.97919861099217;1.4244663226747888984e-08;
320021.33475564810215;1.5116969009909553279e-08;
320354.69031268521212;1.5355178462073126866e-08;
320688.0458697223221;1.5574444844901336182e-08;
321021.40142675943207;1.4251921420793678408e-08;
321354.75698379654204;1.5565882804935426975e-08;
321688.11254083365202;1.6060992535926743585e-08;
322021.46809787076199;1.5959571442181186285e-08;
322354.82365490787197;1.5610847725611165515e-08;
322688.17921194498194;1.5408465614541455579e-08;
323021.53476898209192;1.5953908416577178286e-08;
323354.89032601920189;1.5361006688863199088e-08;
323688.24588305631187;1.5765374783427432703e-08;
324021.60144009342184;1.5904630501495375938e-08;
324354.95699713053182;1.5611039572149820742e-08;
324688.31255416764179;1.6134066527229151689e-08;
325021.66811120475177;1.6944124325846132706e-08;
325355.02366824186174;1.6087875920334226976e-08;
325688.37922527897172;1.5519056262291996973e-08;
326021.73478231608169;1.5972950961895548971e-08;
326355.09033935319167;1.5247870521761797136e-08;
326688.44589639030164;1.7581415434619884763e-08;
327021.80145342741162;1.6549565273749067273e-08;
327355.15701046452159;1.5802946506937587401e-08;
327688.51256750163157;1.5864335622950420657e-08;
328021.86812453874154;1.6443960859646722383e-08;
328355.22368157585151;1.562407270228050038e-08;
328688.57923861296149;1.6132506885924158269e-08;
329021.93479565007146;1.6028662841449659027e-08;
329355.29035268718144;1.5037878497992096527e-08;
329688.64590972429141;1.6717377704367208935e-08;
330022.00146676140139;1.6122221779824030818e-08;
330355.35702379851136;1.629961232652021863e-08;
330688.71258083562134;1.6511581435452171718e-08;
331022.06813787273131;1.5914189077648188686e-08;
331355.42369490984129;1.6373425282267817238e-08;
331688.77925194695126;1.6731187102436706482e-08;
332022.13480898406124;1.7247719696911190113e-08;
332355.49036602117121;1.7111128514102347253e-08;
332688.84592305828119;1.5837853695188641723e-08;
333022.20148009539116;1.6971412719612999354e-08;
333355.55703713250114;1.7329572443713914254e-08;
333688.91259416961111;1.6384474221808886796e-08;
334022.26815120672109;1.6993311646729125641e-08;
334355.62370824383106;1.6875683073180880456e-08;
334688.97926528094104;1.6053968820983754995e-08;
335022.33482231805101;1.7027495857746544061e-08;
335355.69037935516099;1.681280181742295099e-08;
335689.04593639227096;1.7578328126433007128e-08;
336022.40149342938093;1.7200004975848059985e-08;
336355.75705046649091;1.6919289080874477804e-08;
336689.11260750360088;1.8239376231576898135e-08;
337022.46816454071086;1.7590961576274821709e-08;
337355.82372157782083;1.6994743390341682243e-08;
337689.17927861493081;1.7286760467527528817e-08;
338022.53483565204078;1.7199580426563443325e-08;
338355.89039268915076;1.7546488706443597039e-08;
338689.24594972626073;1.7892563874966072035e-08;
339022.60150676337071;1.7845540156713468605e-08;
339355.95706380048068;1.7413462671811430482e-08;
339689.31262083759066;1.8501157938999313046e-08;
340022.66817787470063;1.7717839639885823999e-08;
340356.02373491181061;1.7599523616240730917e-08;
340689.37929194892058;1.8410862168138919515e-08;
341022.73484898603056;1.7889766112944016641e-08;
341356.09040602314053;1.6863738849792753172e-08;
341689.44596306025051;1.9160017572517062945e-08;
342022.80152009736048;1.7801234264425147558e-08;
342356.15707713447046;1.885175215932122228e-08;
342689.51263417158043;1.7623502657215794898e-08;
343022.8681912086904;1.827529771958325e-08;
343356.22374824580038;1.8165541959547226725e-08;
343689.57930528291035;1.8514880295583679981e-08;
344022.93486232002033;1.8550398550587487989e-08;
344356.2904193571303;1.9051741517728260078e-08;
344689.64597639424028;1.7661468731944296451e-08;
345023.00153343135025;1.8834636961173600866e-08;
345356.35709046846023;1.9502392589743067219e-08;
345689.7126475055702;1.7675404251349391416e-08;
346023.06820454268018;1.8047121130848609027e-08;
346356.42376157979015;1.9106877857666404452e-08;
346689.77931861690013;1.9586373412039392861e-08;
347023.1348756540101;1.9694400776870679692e-08;
347356.49043269112008;1.9405913320724721416e-08;
347689.84598972823005;1.9252839322803083633e-08;
348023.20154676534003;1.8879259044979335158e-08;
348356.55710380245;1.9190537159374798648e-08;
348689.91266083955998;1.9826556396651540126e-08;
349023.26821787666995;1.9128538752966051106e-08;
349356.62377491377993;1.9137042173156260105e-08;
349689.9793319508899;1.9065234724280344381e-08;
350023.33488898799988;1.9191752187452948419e-08;
350356.69044602510985;1.9293704411893486395e-08;
350690.04600306221982;1.9438429532669943001e-08;
351023.4015600993298;1.9534107664753719291e-08;
351356.75711713643977;1.8877369001302213292e-08;
351690.11267417354975;1.9909940363049827283e-08;
352023.46823121065972;2.2592098858353892865e-08;
352356.8237882477697;2.0402707079369974963e-08;
352690.17934528487967;1.9165101505791426462e-08;
353023.53490232198965;2.0497765262916800566e-08;
353356.89045935909962;1.9784353710861068976e-08;
353690.2460163962096;1.9730173050902521936e-08;
354023.60157343331957;1.9664151196252532827e-08;
354356.95713047042955;2.0059674810113392596e-08;
354690.31268750753952;1.9878417134577830439e-08;
355023.6682445446495;2.0159651725748517492e-08;
355357.02380158175947;2.048297176315827528e-08;
355690.37935861886945;2.0373123632566603192e-08;
356023.73491565597942;2.018779099444145686e-08;
356357.0904726930894;2.0358561059197199938e-08;
356690.44602973019937;2.0982657389367886935e-08;
357023.80158676730935;2.0526016442090622149e-08;
357357.15714380441932;1.9734228473566872708e-08;
357690.51270084152929;2.0421639490564302832e-08;
358023.86825787863927;2.1028784047416593239e-08;
358357.22381491574924;2.1577196918087793165e-08;
358690.57937195285922;2.1946025441366145969e-08;
359023.93492898996919;2.0456001337265661277e-08;
359357.29048602707917;2.1577273301431887376e-08;
359690.64604306418914;2.0694558955369757314e-08;
360024.00160010129912;2.1444295228434384626e-08;
360357.35715713840909;2.206532379034342739e-08;
360690.71271417551907;2.1749746892396615294e-08;
361024.06827121262904;2.1666458849267655751e-08;
361357.42382824973902;2.2071876770723974914e-08;
361690.77938528684899;2.1035619468534605403e-08;
362024.13494232395897;2.1629837476666580187e-08;
362357.49049936106894;2.0948883516780369973e-08;
362690.84605639817892;2.2528411136590875685e-08;
363024.20161343528889;2.2196926963147234346e-08;
363357.55717047239887;2.2171244395963185525e-08;
363690.91272750950884;2.142347277356293489e-08;
364024.26828454661882;2.1463742783112138568e-08;
364357.62384158372879;2.3418479599968122784e-08;
364690.97939862083877;2.1646600956160000351e-08;
365024.33495565794874;2.3294198570056323661e-08;
365357.69051269505871;2.3034170126834396797e-08;
365691.04606973216869;2.1885657730535967858e-08;
366024.40162676927866;2.3628780709827879036e-08;
366357.75718380638864;2.2123584741962076805e-08;
366691.11274084349861;2.2813326339132800058e-08;
367024.46829788060859;2.2524453413552691927e-08;
367357.82385491771856;2.2355417073072203493e-08;
367691.17941195482854;2.3625998935017378244e-08;
368024.53496899193851;2.4533603593113184616e-08;
368357.89052602904849;2.4104894080778649368e-08;
368691.24608306615846;2.1679214867731388949e-08;
369024.60164010326844;2.1726490828655187215e-08;
369357.95719714037841;2.3236896851130950381e-08;
369691.31275417748839;2.3444247432280462817e-08;
370024.66831121459836;2.2695564538821599854e-08;
370358.02386825170834;2.4480906191115536785e-08;
370691.37942528881831;2.3500987822444585618e-08;
371024.73498232592829;2.2668428911742921628e-08;
371358.09053936303826;2.4573674650696375465e-08;
371691.44609640014824;2.4181833424563592416e-08;
372024.80165343725821;2.4058781633584658266e-08;
372358.15721047436818;2.4186293856587326445e-08;
372691.51276751147816;2.3596010478854623216e-08;
373024.86832454858813;2.4410519827711141261e-08;
373358.22388158569811;2.4811647847400308819e-08;
373691.57943862280808;2.3998756759624484403e-08;
374024.93499565991806;2.3747837474275002023e-08;
374358.29055269702803;2.353689154688254348e-08;
374691.64610973413801;2.4072649651429856021e-08;
375025.00166677124798;2.2991237358382932143e-08;
375358.35722380835796;2.3655568170966034813e-08;
375691.71278084546793;2.5285020299747884565e-08;
376025.06833788257791;2.3924291880916825903e-08;
376358.42389491968788;2.4550029564807118732e-08;
376691.77945195679786;2.6079417736468712974e-08;
377025.13500899390783;2.3218330369445538963e-08;
377358.49056603101781;2.4327512448962806957e-08;
377691.84612306812778;2.2668110943868668983e-08;
378025.20168010523776;2.4620732119728927501e-08;
378358.55723714234773;2.4412836197029719187e-08;
378691.91279417945771;2.5561069705304362287e-08;
379025.26835121656768;2.6511321138400489872e-08;
379358.62390825367766;2.7292752946550535853e-08;
379691.97946529078763;2.6230907224089605734e-08;
380025.3350223278976;2.4289505518026999198e-08;
380358.69057936500758;2.5348663612589916738e-08;
380692.04613640211755;2.5208954923527926439e-08;
381025.40169343922753;2.4355777838991343742e-08;
381358.7572504763375;2.5193681807422763086e-08;
381692.11280751344748;2.5699252503841307771e-08;
382025.46836455055745;4.6594450964221323375e-08;
382358.82392158766743;2.4579330570873025863e-08;
382692.1794786247774;2.4509695606411696644e-08;
383025.53503566188738;2.4363780326552841871e-08;
383358.89059269899735;2.624187622757290228e-08;
383692.24614973610733;2.4118746111412292521e-08;
384025.6017067732173;2.7154635873216648179e-08;
384358.95726381032728;2.5260289859829754278e-08;
384692.31282084743725;2.3796030035327930818e-08;
385025.66837788454723;2.5538403392033615091e-08;
385359.0239349216572;2.5727484143089895952e-08;
385692.37949195876718;2.5377625334499498422e-08;
386025.73504899587715;2.7240110611614909431e-08;
386359.09060603298713;2.5617847398962112493e-08;
386692.4461630700971;2.6891262550066130643e-08;
387025.80172010720707;2.5748915888357259973e-08;
387359.15727714431705;2.6577772871405613841e-08;
387692.51283418142702;2.6486370430234273954e-08;
388025.868391218537;2.5000177927836375602e-08;
388359.22394825564697;2.6497911420619857381e-08;
388692.57950529275695;2.5512708390351690468e-08;
389025.93506232986692;2.5990278373910769005e-08;
389359.2906193669769;2.6637788863581590704e-08;
389692.64617640408687;2.7898169108198089816e-08;
390026.00173344119685;2.6022258126090491714e-08;
390359.35729047830682;2.7095833132761981688e-08;
390692.7128475154168;2.5811596415792337211e-08;
391026.06840455252677;2.6623334647979390866e-08;
391359.42396158963675;2.7034356975264017819e-08;
391692.77951862674672;2.5989455920694126689e-08;
392026.1350756638567;2.6329196600727300392e-08;
392359.49063270096667;2.6049610468703576771e-08;
392692.84618973807665;2.5955191773618935258e-08;
393026.20174677518662;2.7051267892375108204e-08;
393359.5573038122966;2.5288084515295849997e-08;
393692.91286084940657;2.5418048110736890521e-08;
394026.26841788651654;2.6980838896406567073e-08;
394359.62397492362652;2.6992594825969717931e-08;
394692.97953196073649;2.6613420800458698068e-08;
395026.33508899784647;2.606924986991998594e-08;
395359.69064603495644;2.63483990181612171e-08;
395693.04620307206642;2.7510766997806967993e-08;
396026.40176010917639;2.7710800765134990797e-08;
396359.75731714628637;2.6600426750178485236e-08;
396693.11287418339634;2.4782112362231600855e-08;
397026.46843122050632;2.6047871415357803926e-08;
397359.82398825761629;2.6357241722507751547e-08;
397693.17954529472627;2.6545201592398370849e-08;
398026.53510233183624;2.7942853364493203117e-08;
398359.89065936894622;2.5910681600294083182e-08;
398693.24621640605619;2.6405997388678770221e-08;
399026.60177344316617;2.7746407837980768818e-08;
399359.95733048027614;2.8230060067357953812e-08;
399693.31288751738612;2.6591035151568576111e-08;
400026.66844455449609;2.7569889482492726529e-08;
400360.02400159160607;2.5019158300665367278e-08;
400693.37955862871604;2.5317199003893620102e-08;
401026.73511566582602;2.5382840718179977557e-08;
401360.09067270293599;2.5239353718120582926e-08;
401693.44622974004596;2.6806645792021299712e-08;
402026.80178677715594;2.6047734635881170107e-08;
402360.15734381426591;2.704095791727922915e-08;
402693.51290085137589;2.6047505485848887474e-08;
403026.86845788848586;2.7086933584996586433e-08;
403360.22401492559584;2.5266503556053976354e-08;
403693.57957196270581;2.6749443549078932847e-08;
404026.93512899981579;2.6760066162978546345e-08;
404360.29068603692576;2.5781142554137659317e-08;
404693.64624307403574;2.7411870107130198448e-08;
405027.00180011114571;2.6138494035876647104e-08;
405360.35735714825569;2.6187304769109687186e-08;
405693.71291418536566;2.6648040218901769549e-08;
406027.06847122247564;2.6267981567684728361e-08;
406360.42402825958561;2.4934868392278985993e-08;
406693.77958529669559;2.531030673935674713e-08;
407027.13514233380556;2.5699296912762292777e-08;
407360.49069937091554;2.6748972814516491781e-08;
407693.84625640802551;2.7203480357229636866e-08;
408027.20181344513549;2.6231459671066659212e-08;
408360.55737048224546;2.7966081006525200792e-08;
408693.91292751935543;2.6643640183010575129e-08;
409027.26848455646541;2.6899153127146746556e-08;
409360.62404159357538;2.6120867246959278418e-08;
409693.97959863068536;2.6009553621975101123e-08;
410027.33515566779533;2.769911944255909475e-08;
410360.69071270490531;2.6060915203629519965e-08;
410694.04626974201528;2.6055881008346659655e-08;
411027.40182677912526;2.6553690801733864646e-08;
411360.75738381623523;2.6389347596023071674e-08;
411694.11294085334521;2.3513251790063804947e-08;
412027.46849789045518;2.6297625410620639741e-08;
412360.82405492756516;2.6168633482370751153e-08;
412694.17961196467513;2.6276705256123022991e-08;
413027.53516900178511;2.674258325896516908e-08;
413360.89072603889508;2.7647248046491768037e-08;
413694.24628307600506;2.6230400962390376662e-08;
414027.60184011311503;2.540974364251269435e-08;
414360.95739715022501;2.498902595959862083e-08;
414694.31295418733498;2.4931889441859311773e-08;
415027.66851122444496;2.3586686381804611301e-08;
415361.02406826155493;2.6491861149224860128e-08;
415694.37962529866491;2.6905864203286000702e-08;
416027.73518233577488;2.5823977622962956957e-08;
416361.09073937288485;2.3525275949509705242e-08;
416694.44629640999483;2.6147082721195147315e-08;
417027.8018534471048;2.589534631169954082e-08;
417361.15741048421478;2.6332712010912473488e-08;
417694.51296752132475;2.5045762797049064829e-08;
418027.86852455843473;2.3946872929059281887e-08;
418361.2240815955447;2.6059266744482556533e-08;
418694.57963863265468;2.444704172432921041e-08;
419027.93519566976465;2.588988756713206385e-08;
419361.29075270687463;2.5518849255945497134e-08;
419694.6463097439846;2.5093546796028931567e-08;
420028.00186678109458;2.4843661350359980133e-08;
420361.35742381820455;2.4053415259572830109e-08;
420694.71298085531453;2.4416438648700022895e-08;
421028.0685378924245;2.5261178038249454403e-08;
421361.42409492953448;2.450952329979827482e-08;
421694.77965196664445;2.4318923763644306746e-08;
422028.13520900375443;2.5304617068400148128e-08;
422361.4907660408644;2.4031072243246853759e-08;
422694.84632307797438;2.487541017615058081e-08;
423028.20188011508435;2.541336030503771326e-08;
423361.55743715219432;2.4375596652248532337e-08;
423694.9129941893043;2.4630724126950553909e-08;
424028.26855122641427;2.4965812528421338357e-08;
424361.62410826352425;2.5205457276911147346e-08;
424694.97966530063422;2.4306451962274877587e-08;
425028.3352223377442;2.5218566790385921195e-08;
425361.69077937485417;2.4464354098086005251e-08;
425695.04633641196415;2.5284265348091139458e-08;
426028.40189344907412;2.5601110564821283333e-08;
426361.7574504861841;2.3403757154483173508e-08;
426695.11300752329407;2.3589834086124028545e-08;
427028.46856456040405;2.3889684896971630224e-08;
427361.82412159751402;2.3470208887488297478e-08;
427695.179678634624;2.4796090514200841426e-08;
428028.53523567173397;2.448938118959631538e-08;
428361.89079270884395;2.4452539548747154186e-08;
428695.24634974595392;2.3303407203911774559e-08;
429028.6019067830639;2.3681723249069364101e-08;
429361.95746382017387;2.4526363162635789195e-08;
429695.31302085728385;2.4677023091612682038e-08;
430028.66857789439382;2.3987670516589787439e-08;
430362.0241349315038;2.3821250749733735574e-08;
430695.37969196861377;2.4828826994394148642e-08;
431028.73524900572374;2.4695541611663429649e-08;
431362.09080604283372;2.561073664253399329e-08;
431695.44636307994369;2.3534493465149353142e-08;
432028.80192011705367;2.4166798340274908696e-08;
432362.15747715416364;2.4883320293156430125e-08;
432695.51303419127362;2.4298639544895195286e-08;
433028.86859122838359;2.3248697189615086245e-08;
433362.22414826549357;2.2989055992184148636e-08;
433695.57970530260354;2.3234855817122479493e-08;
434028.93526233971352;2.2478559458249947056e-08;
434362.29081937682349;2.2973431157424784033e-08;
434695.64637641393347;2.4342304172364492842e-08;
435029.00193345104344;2.4264684483910059498e-08;
435362.35749048815342;2.4283021815563188284e-08;
435695.71304752526339;2.3311185870511508256e-08;
436029.06860456237337;2.3765867496194914565e-08;
436362.42416159948334;2.3434777673969620082e-08;
436695.77971863659332;2.3680307492668362102e-08;
437029.13527567370329;2.4122305930518450623e-08;
437362.49083271081327;2.3045867436621847446e-08;
437695.84638974792324;2.3181160102581088722e-08;
438029.20194678503321;2.3535733362223254517e-08;
438362.55750382214319;2.2799785170946051949e-08;
438695.91306085925316;2.340696347857829096e-08;
439029.26861789636314;2.3009418370634193707e-08;
439362.62417493347311;2.2858777981582534267e-08;
439695.97973197058309;2.2964796286828459415e-08;
440029.33528900769306;2.2826235124284721678e-08;
440362.69084604480304;2.3559767470260339906e-08;
440696.04640308191301;2.253248787553729926e-08;
441029.40196011902299;2.1566965102692847722e-08;
441362.75751715613296;2.3383373459751055634e-08;
441696.11307419324294;2.2226661400281955139e-08;
442029.46863123035291;2.1657326598756299063e-08;
442362.82418826746289;2.2768723795252299169e-08;
442696.17974530457286;2.2474335281685853261e-08;
443029.53530234168284;2.342547489320168097e-08;
443362.89085937879281;2.2544009325997649285e-08;
443696.24641641590279;2.3098477797134364664e-08;
444029.60197345301276;2.2873280158819397911e-08;
444362.95753049012274;2.1757198709337899345e-08;
444696.31308752723271;2.1548597572973449132e-08;
445029.66864456434269;2.2817575384692645457e-08;
445363.02420160145266;2.1936235938824211189e-08;
445696.37975863856263;2.3549215910634302418e-08;
446029.73531567567261;2.2518992892628375557e-08;
446363.09087271278258;2.1895116830705774191e-08;
446696.44642974989256;2.333326953873893217e-08;
447029.80198678700253;2.1083639722974112374e-08;
447363.15754382411251;2.3512550129112241848e-08;
447696.51310086122248;2.4212438276549619331e-08;
448029.86865789833246;2.3032269425016238529e-08;
448363.22421493544243;2.336263804636473651e-08;
448696.57977197255241;2.215092287372044666e-08;
449029.93532900966238;2.2733033233635069337e-08;
449363.29088604677236;2.2663890320018253988e-08;
449696.64644308388233;2.1387299042885388189e-08;
450030.00200012099231;2.1825339757697292953e-08;
450363.35755715810228;2.1677996286939560378e-08;
450696.71311419521226;2.2416726253027263738e-08;
451030.06867123232223;2.1893079349410982104e-08;
451363.42422826943221;2.2501039254052557226e-08;
451696.77978530654218;2.2136257271654358192e-08;
452030.13534234365216;2.2512228525783939403e-08;
452363.49089938076213;2.1427048579880647594e-08;
452696.8464564178721;2.2002192068271142489e-08;
453030.20201345498208;2.15313438189923545e-08;
453363.55757049209205;2.1965812280200225359e-08;
453696.91312752920203;2.1690642171279250761e-08;
454030.268684566312;2.2233924923398262763e-08;
454363.62424160342198;2.1453979925922794791e-08;
454696.97979864053195;2.0272372225349499786e-08;
455030.33535567764193;2.1030594155035942094e-08;
455363.6909127147519;2.1052736443039066216e-08;
455697.04646975186188;2.1527030824586290692e-08;
456030.40202678897185;2.1402557948135836341e-08;
456363.75758382608183;1.9814823559727301472e-08;
456697.1131408631918;2.1513912429327319842e-08;
457030.46869790030178;2.1883158396462931705e-08;
457363.82425493741175;1.9697965925047355995e-08;
457697.17981197452173;2.1001021366373606725e-08;
458030.5353690116317;2.191212544744303159e-08;
458363.89092604874168;2.052197878299466538e-08;
458697.24648308585165;2.1552951423586819146e-08;
459030.60204012296163;2.0545245504877129861e-08;
459363.9575971600716;2.1790018678302658373e-08;
459697.31315419718158;2.1232613889310414379e-08;
460030.66871123429155;2.0657836330428835936e-08;
460364.02426827140152;2.1115331705345852242e-08;
460697.3798253085115;2.0625888552672222431e-08;
461030.73538234562147;2.0720603899349043786e-08;
461364.09093938273145;2.0571283343429058732e-08;
461697.44649641984142;2.1665735872034019849e-08;
462030.8020534569514;2.0754411522716509353e-08;
462364.15761049406137;2.1286394868980096362e-08;
462697.51316753117135;2.1906389591208608181e-08;
463030.86872456828132;2.1708482123017347476e-08;
463364.2242816053913;2.0184776516884994635e-08;
463697.57983864250127;2.1519355186683242209e-08;
464030.93539567961125;2.0251514243341262045e-08;
464364.29095271672122;2.0629693509022217768e-08;
464697.6465097538312;2.0840818848455455736e-08;
465031.00206679094117;2.174290791856492433e-08;
465364.35762382805115;2.17164544125125758e-08;
465697.71318086516112;2.0765462238614418311e-08;
466031.0687379022711;1.9569521114704002684e-08;
466364.42429493938107;2.1701620056546744308e-08;
466697.77985197649105;1.965020146599272266e-08;
467031.13540901360102;2.0973443426441917836e-08;
467364.49096605071099;2.0474805850767552329e-08;
467697.84652308782097;2.0859719285226674401e-08;
468031.20208012493094;1.8921792133141934755e-08;
468364.55763716204092;2.0773233799786794407e-08;
468697.91319419915089;2.0084323537616910471e-08;
469031.26875123626087;1.9599866618591477163e-08;
469364.62430827337084;2.0748688100979961746e-08;
469697.97986531048082;2.0501655484395087115e-08;
470031.33542234759079;1.9183964639069017721e-08;
470364.69097938470077;1.9088794545041309902e-08;
470698.04653642181074;1.9419008623344780062e-08;
471031.40209345892072;2.0231032848982977157e-08;
471364.75765049603069;2.0894340480026585283e-08;
471698.11320753314067;1.961750228929304285e-08;
472031.46876457025064;2.0290650937226928363e-08;
472364.82432160736062;2.0531317090899392497e-08;
472698.17987864447059;1.9750425295228524192e-08;
473031.53543568158057;1.9729377243038470624e-08;
473364.89099271869054;2.0269132150474433729e-08;
473698.24654975580052;1.9695542974318414053e-08;
474031.60210679291049;1.9410380858175813046e-08;
474364.95766383002046;2.0128828381871244346e-08;
474698.31322086713044;2.0552139545770842233e-08;
475031.66877790424041;2.0971896219634800218e-08;
475365.02433494135039;2.0872365169566364784e-08;
475698.37989197846036;1.9617123925286250596e-08;
476031.73544901557034;2.0062776329154985433e-08;
476365.09100605268031;1.9458520128523559833e-08;
476698.44656308979029;2.0453990501323460194e-08;
477031.80212012690026;1.8939617874025316269e-08;
477365.15767716401024;1.9608235035661891743e-08;
477698.51323420112021;1.8797813083892833674e-08;
478031.86879123823019;1.941409699668383837e-08;
478365.22434827534016;2.0152675972440192709e-08;
478698.57990531245014;2.0538676537285027734e-08;
479031.93546234956011;2.0253008159443197655e-08;
479365.29101938667009;2.017439015844502137e-08;
479698.64657642378006;2.1155988960686045175e-08;
480032.00213346089004;2.0346297091577980609e-08;
480365.35769049800001;1.9505510095996214659e-08;
480698.71324753510999;2.003998567090548022e-08;
481032.06880457221996;2.0230890740435825137e-08;
481365.42436160932994;1.9086815683522218023e-08;
481698.77991864643991;2.0388196020348914317e-08;
482032.13547568354988;1.9497390368883316114e-08;
482365.49103272065986;1.8257264144949658657e-08;
482698.84658975776983;1.9269858597681377432e-08;
483032.20214679487981;1.9277747398405153945e-08;
483365.55770383198978;1.7536381236027409614e-08;
483698.91326086909976;1.9140539819773039198e-08;
484032.26881790620973;2.0209009576888092852e-08;
484365.62437494331971;1.9349336355389823439e-08;
484698.97993198042968;1.9766114078834107204e-08;
485032.33548901753966;1.9369164050431209034e-08;
485365.69104605464963;1.7625515269514835381e-08;
485699.04660309175961;1.9602930834139442595e-08;
486032.40216012886958;1.9420783203827340913e-08;
486365.75771716597956;1.9763650271897859056e-08;
486699.11327420308953;2.0014198298667906784e-08;
487032.46883124019951;2.0228046793135945336e-08;
487365.82438827730948;1.890806800020072842e-08;
487699.17994531441946;1.9807723461440218671e-08;
488032.53550235152943;1.963225848555794073e-08;
488365.89105938863941;1.9273786122653291386e-08;
488699.24661642574938;2.0263827948951984581e-08;
489032.60217346285935;1.939296367936549359e-08;
489365.95773049996933;1.9506982695816077467e-08;
489699.3132875370793;1.9052812660902418429e-08;
490032.66884457418928;1.8355285291704603878e-08;
490366.02440161129925;1.9129547723650830449e-08;
490699.37995864840923;1.918416714374870935e-08;
491032.7355156855192;1.9432079056969087105e-08;
491366.09107272262918;1.8298749182577012107e-08;
491699.44662975973915;1.79221029128484588e-08;
492032.80218679684913;1.9138791884643069352e-08;
492366.1577438339591;1.9702014242284349166e-08;
492699.51330087106908;1.994424714268916432e-08;
493032.86885790817905;1.9011020313541848736e-08;
493366.22441494528903;1.8904316334555915091e-08;
493699.579971982399;1.8733530282588617411e-08;
494032.93552901950898;1.7686648590142795001e-08;
494366.29108605661895;2.0750000828684278531e-08;
494699.64664309372893;1.8588240280337231525e-08;
495033.0022001308389;1.7702657117979470058e-08;
495366.35775716794888;1.9194549949475003814e-08;
495699.71331420505885;1.9452947697118361248e-08;
496033.06887124216883;1.8468458762299633236e-08;
496366.4244282792788;1.8489428654788753192e-08;
496699.77998531638877;1.8754505504148255568e-08;
497033.13554235349875;1.9212901491982847801e-08;
497366.49109939060872;1.8159607151346790488e-08;
497699.8466564277187;1.9046520804977262742e-08;
498033.20221346482867;1.8585692984629531566e-08;
498366.55777050193865;1.8745941687825506961e-08;
498699.91332753904862;1.8752791319798234326e-08;
499033.2688845761586;1.8820017544385336805e-08;
499366.62444161326857;1.9218303393131463963e-08;
499699.97999865037855;1.8659399358966766158e-08;
500033.33555568748852;1.8885129904333552986e-08;
500366.6911127245985;1.8594640494029590627e-08;
500700.04666976170847;1.8898006715062365402e-08;
501033.40222679881845;1.8830965231586560549e-08;
501366.75778383592842;1.7526371465237389202e-08;
501700.1133408730384;1.8246618438411132956e-08;
502033.46889791014837;1.8456685069168088376e-08;
502366.82445494725835;1.9027625697276562278e-08;
502700.18001198436832;1.8609542351555319328e-08;
503033.5355690214783;1.9580420840270562621e-08;
503366.89112605858827;1.9188616917631406977e-08;
503700.24668309569824;1.8883339336639437533e-08;
504033.60224013280822;1.8874516172218136489e-08;
504366.95779716991819;1.8882243324469527579e-08;
504700.31335420702817;1.7991565570696366194e-08;
505033.66891124413814;1.8816876945493277162e-08;
505367.02446828124812;1.8871997298219866934e-08;
505700.38002531835809;1.7668947194238171505e-08;
506033.73558235546807;1.7905046334476537595e-08;
506367.09113939257804;1.8677470237093984906e-08;
506700.44669642968802;1.8710704097202324192e-08;
507033.80225346679799;1.7734686608150695974e-08;
507367.15781050390797;1.8463268247614905704e-08;
507700.51336754101794;1.8336301366161933402e-08;
508033.86892457812792;1.8734221285399144108e-08;
508367.22448161523789;1.8433224724390129268e-08;
508700.58003865234787;1.9288044939003157197e-08;
509033.93559568945784;1.8814994007243512897e-08;
509367.29115272656782;1.7917821892865504196e-08;
509700.64670976367779;1.7979811417490054737e-08;
510034.00226680078777;1.8104723054079840949e-08;
510367.35782383789774;1.9283843855077975604e-08;
510700.71338087500772;1.8881845420537501923e-08;
511034.06893791211769;1.7609204761015462282e-08;
511367.42449494922766;1.7029440968485687335e-08;
511700.78005198633764;1.7750458880527730798e-08;
512034.13560902344761;1.7212789416021223587e-08;
512367.49116606055759;1.8478097274510218995e-08;
512700.84672309766756;1.7890206649440187903e-08;
513034.20228013477754;1.8660152534266671864e-08;
513367.55783717188751;1.7542358676791991456e-08;
513700.91339420899749;1.7539059982141225191e-08;
514034.26895124610746;1.9315036681177844002e-08;
514367.62450828321744;1.8001017565438814927e-08;
514700.98006532032741;1.8411638436077737424e-08;
515034.33562235743739;1.8311773430923494743e-08;
515367.69117939454736;1.7446378564045517123e-08;
515701.04673643165734;1.9793496619513462065e-08;
516034.40229346876731;1.82100485801584e-08;
516367.75785050587729;1.778579239442024118e-08;
516701.11340754298726;1.9108790993982438522e-08;
517034.46896458009724;1.7436482480093218328e-08;
517367.82452161720721;1.8717969396675471216e-08;
517701.18007865431719;1.6884282416640417068e-08;
518034.53563569142716;1.8926812117570079863e-08;
518367.89119272853713;1.6794380996998370392e-08;
518701.24674976564711;1.7768865490097596194e-08;
519034.60230680275708;1.7982181077513814671e-08;
519367.95786383986706;1.7439791832885020995e-08;
519701.31342087697703;1.7204687452476719045e-08;
520034.66897791408701;1.6898495047712458472e-08;
520368.02453495119698;1.7139798913490267296e-08;
520701.38009198830696;1.740755983803410345e-08;
521034.73564902541693;1.8291004266757227015e-08;
521368.09120606252691;1.7453798406563691969e-08;
521701.44676309963688;1.8340102769798249938e-08;
522034.80232013674686;1.748457911787681951e-08;
522368.15787717385683;1.6434951177757284313e-08;
522701.51343421096681;1.7758473802587104728e-08;
523034.86899124807678;1.7400497043240648054e-08;
523368.22454828518676;1.8875976337540123495e-08;
523701.58010532229673;1.7315695544084519497e-08;
524034.93566235940671;1.7969643550941327703e-08;
524368.29121939651668;1.8286472780459916976e-08;
524701.64677643368486;1.7384731876290970831e-08;
525035.00233347085305;1.8523078182397512137e-08;
525368.35789050802123;1.6995878482362059003e-08;
525701.71344754518941;1.7016162701111170463e-08;
526035.06900458235759;1.7733222890115030168e-08;
526368.42456161952578;1.7041232425185626198e-08;
526701.78011865669396;1.7447451483576514875e-08;
527035.13567569386214;1.7105417526863675448e-08;
527368.49123273103032;1.7587655776196697843e-08;
527701.84678976819851;1.8138532453804145916e-08;
528035.20234680536669;1.7639205651676093112e-08;
528368.55790384253487;1.8052510597499349387e-08;
528701.91346087970305;1.7282479447544574214e-08;
529035.26901791687123;1.6724193585559987696e-08;
529368.62457495403942;1.7522307160788841429e-08;
529701.9801319912076;1.7099738514048112847e-08;
530035.33568902837578;1.7804486773798089416e-08;
530368.69124606554396;1.7321292844485469686e-08;
530702.04680310271215;1.7545533026463999704e-08;
531035.40236013988033;1.6594107421497028554e-08;
531368.75791717704851;1.7294111032128967054e-08;
531702.11347421421669;1.7241237770804218599e-08;
532035.46903125138488;1.7207861802148727293e-08;
532368.82458828855306;1.6663603830124884553e-08;
532702.18014532572124;1.7264756735357877915e-08;
533035.53570236288942;1.7418878783814761846e-08;
533368.89125940005761;1.70306080349291733e-08;
533702.24681643722579;1.7264241591874451842e-08;
534035.60237347439397;1.742855104680529621e-08;
534368.95793051156215;1.7904731919315963751e-08;
534702.31348754873034;1.6786387391221069265e-08;
535035.66904458589852;1.6251121337518270593e-08;
535369.0246016230667;1.6595826934917567996e-08;
535702.38015866023488;1.6778988864984967222e-08;
536035.73571569740307;1.7299489840638671012e-08;
536369.09127273457125;1.7494409476626060496e-08;
536702.44682977173943;1.7358852133497748582e-08;
537035.80238680890761;1.7279868202990655845e-08;
537369.1579438460758;1.7129083929035004985e-08;
537702.51350088324398;1.6908206390553459642e-08;
538035.86905792041216;1.7257086426525347633e-08;
538369.22461495758034;1.6742889741294675332e-08;
538702.58017199474853;1.7773299276768739219e-08;
539035.93572903191671;1.6857875095865892945e-08;
539369.29128606908489;1.6679917891337936453e-08;
539702.64684310625307;1.7227492321580939461e-08;
540036.00240014342126;1.694805540353172546e-08;
540369.35795718058944;1.6374317013401196164e-08;
540702.71351421775762;1.6509028810673953558e-08;
541036.0690712549258;1.6934960100911666814e-08;
541369.42462829209398;1.7023788601022715739e-08;
541702.78018532926217;1.7123065632063116936e-08;
542036.13574236643035;1.6724076346008587279e-08;
542369.49129940359853;1.6576887418295882526e-08;
542702.84685644076671;1.7285090692098492582e-08;
543036.2024134779349;1.6760516530212044017e-08;
543369.55797051510308;1.6735654639887798112e-08;
543702.91352755227126;1.7561042398028803291e-08;
544036.26908458943944;1.7754825165638976614e-08;
544369.62464162660763;1.6336935360072857293e-08;
544702.98019866377581;1.688457906823259691e-08;
545036.33575570094399;1.5792318563967455702e-08;
545369.69131273811217;1.7239662142287670576e-08;
545703.04686977528036;1.6798159307995774725e-08;
546036.40242681244854;1.6663838309227685386e-08;
546369.75798384961672;1.6193268947972683236e-08;
546703.1135408867849;1.6405873992653141613e-08;
547036.46909792395309;1.599889998260550783e-08;
547369.82465496112127;1.6602330177306612313e-08;
547703.18021199828945;1.6558377780029331916e-08;
548036.53576903545763;1.6500186106327419111e-08;
548369.89132607262582;1.6561111593205168901e-08;
548703.246883109794;1.679500094553532108e-08;
549036.60244014696218;1.6507520683717302745e-08;
549369.95799718413036;1.6813185510500261444e-08;
549703.31355422129855;1.7768460480738212937e-08;
550036.66911125846673;1.6342017516990381409e-08;
550370.02466829563491;1.5752142701330740238e-08;
550703.38022533280309;1.624506928976643394e-08;
551036.73578236997128;1.702507468337444152e-08;
551370.09133940713946;1.6922557577458974265e-08;
551703.44689644430764;1.6215331299918034347e-08;
552036.80245348147582;1.6595098628613413894e-08;
552370.15801051864401;1.6751480202970014943e-08;
552703.51356755581219;1.7905895433045770915e-08;
553036.86912459298037;1.6604779773388145259e-08;
553370.22468163014855;1.6043593120684818132e-08;
553703.58023866731673;1.5938949715632588777e-08;
554036.93579570448492;1.6639033262322300288e-08;
554370.2913527416531;1.650372283279466501e-08;
554703.64690977882128;1.7203600322091006092e-08;
555037.00246681598946;1.5510144280028725916e-08;
555370.35802385315765;1.6597372365367846214e-08;
555703.71358089032583;1.6972338201526326884e-08;
556037.06913792749401;1.6792197854442747484e-08;
556370.42469496466219;1.5771302486200511339e-08;
556703.78025200183038;1.589315168359917152e-08;
557037.13580903899856;1.569932095435433439e-08;
557370.49136607616674;1.5080074078355210077e-08;
557703.84692311333492;1.5208065917704516323e-08;
558037.20248015050311;1.5706575595686445013e-08;
558370.55803718767129;1.7472817859243150451e-08;
558703.91359422483947;1.6283040693565453694e-08;
559037.26915126200765;1.5621932192289023078e-08;
559370.62470829917584;1.6198875130157830426e-08;
559703.98026533634402;1.6893062948497572506e-08;
560037.3358223735122;1.609598854201976792e-08;
560370.69137941068038;1.6912602873730975261e-08;
560704.04693644784857;1.6030943683631448948e-08;
561037.40249348501675;1.6745890007996422355e-08;
561370.75805052218493;1.6538928448994738574e-08;
561704.11360755935311;1.5804667796714966244e-08;
562037.4691645965213;1.650259306984480645e-08;
562370.82472163368948;1.6454334783588819846e-08;
562704.18027867085766;1.7158809484385528776e-08;
563037.53583570802584;1.6787744527846371057e-08;
563370.89139274519403;1.7983508016072846658e-08;
563704.24694978236221;1.6507433642232172133e-08;
564037.60250681953039;1.6460639074011851335e-08;
564370.95806385669857;1.6385625301040818158e-08;
564704.31362089386676;1.5542219955477776239e-08;
565037.66917793103494;1.6649529754886316368e-08;
565371.02473496820312;1.5853359514039766509e-08;
565704.3802920053713;1.6661408253071385843e-08;
566037.73584904253948;1.562371565455578093e-08;
566371.09140607970767;1.6646984235535455809e-08;
566704.44696311687585;1.7900863014119750005e-08;
567037.80252015404403;1.6946119174576779187e-08;
567371.15807719121221;1.6013773418421806127e-08;
567704.5136342283804;1.7138082952783406654e-08;
568037.86919126554858;1.5893235172370623332e-08;
568371.22474830271676;1.5547817255878726428e-08;
568704.58030533988494;1.6604984054424676287e-08;
569037.93586237705313;1.617379474794233829e-08;
569371.29141941422131;1.6346897169228213897e-08;
569704.64697645138949;1.5632281247235368937e-08;
570038.00253348855767;1.7100219906751590315e-08;
570371.35809052572586;1.7031416277291100414e-08;
570704.71364756289404;1.6586005457952524011e-08;
571038.06920460006222;1.5931586716533274739e-08;
571371.4247616372304;1.688330364402190753e-08;
571704.78031867439859;1.7064269997035808046e-08;
572038.13587571156677;1.702450624918583344e-08;
572371.49143274873495;1.6531725322010970558e-08;
572704.84698978590313;1.5565499111858116521e-08;
573038.20254682307132;1.6126811885897041066e-08;
573371.5581038602395;1.5835238897921044554e-08;
573704.91366089740768;1.5347303872204065556e-08;
574038.26921793457586;1.6398843172282795422e-08;
574371.62477497174405;1.6619431164599518524e-08;
574704.98033200891223;1.5984992884909843269e-08;
575038.33588904608041;1.6595944174468968413e-08;
575371.69144608324859;1.6398498559055951773e-08;
575705.04700312041678;1.6007220438041258603e-08;
576038.40256015758496;1.5026232702552988485e-08;
576371.75811719475314;1.7568016374980288674e-08;
576705.11367423192132;1.6591192419923572743e-08;
577038.46923126908951;1.6370261590736845392e-08;
577371.82478830625769;1.6406939806756781763e-08;
577705.18034534342587;1.5367078276540269144e-08;
578038.53590238059405;1.6019908954945094592e-08;
578371.89145941776223;1.6618175280314062547e-08;
578705.24701645493042;1.6320441886819025967e-08;
579038.6025734920986;1.6916168021907651564e-08;
579371.95813052926678;1.6374920974726592249e-08;
579705.31368756643496;1.6855741691301773244e-08;
580038.66924460360315;1.7028304100108471175e-08;
580372.02480164077133;1.686705708436875284e-08;
580705.38035867793951;1.6146058712251942779e-08;
581038.73591571510769;1.5733142788576515159e-08;
581372.09147275227588;1.5569163736017799238e-08;
581705.44702978944406;1.6221001430949399946e-08;
582038.80258682661224;1.667074833733295236e-08;
582372.15814386378042;1.5901781225124977937e-08;
582705.51370090094861;1.6256716861562381382e-08;
583038.86925793811679;1.6136532110522239236e-08;
583372.22481497528497;1.4894903976880868868e-08;
583705.58037201245315;1.5284397747450384486e-08;
584038.93592904962134;1.6663955548779085802e-08;
584372.29148608678952;1.6141692427140696964e-08;
584705.6470431239577;1.6280981895988588803e-08;
585039.00260016112588;1.6442026407048615511e-08;
585372.35815719829407;1.6356894505520358507e-08;
585705.71371423546225;1.6742035313654923812e-08;
586039.06927127263043;1.5283269760857365327e-08;
586372.42482830979861;1.5945559539431997109e-08;
586705.7803853469668;1.6490101728550143889e-08;
587039.13594238413498;1.6525540047496178886e-08;
587372.49149942130316;1.6528559854123159312e-08;
587705.84705645847134;1.6439658523381694977e-08;
588039.20261349563953;1.6321187956691574072e-08;
588372.55817053280771;1.619201839275774546e-08;
588705.91372756997589;1.6844879269228840712e-08;
589039.26928460714407;1.532165860851364414e-08;
589372.62484164431226;1.5517066742631868692e-08;
589705.98039868148044;1.5656796747975931794e-08;
590039.33595571864862;1.5537224840045382734e-08;
590372.6915127558168;1.5193377222999515652e-08;
590706.04706979298498;1.6516571221814047021e-08;
591039.40262683015317;1.6606501063165524101e-08;
591372.75818386732135;1.6265259361603057187e-08;
591706.11374090448953;1.5682616094636614434e-08;
592039.46929794165771;1.6494302812475325482e-08;
592372.8248549788259;1.6469865471435696236e-08;
592706.18041201599408;1.6309808614778376068e-08;
593039.53596905316226;1.5762051219780914835e-08;
593372.89152609033044;1.6089373389149841387e-08;
593706.24708312749863;1.6937963920327092637e-08;
594039.60264016466681;1.5257651142519534915e-08;
594372.95819720183499;1.6119221513122283795e-08;
594706.31375423900317;1.6262029944869027531e-08;
595039.66931127617136;1.5198317271369887749e-08;
595373.02486831333954;1.6095226484935665212e-08;
595706.38042535050772;1.49610936972521813e-08;
596039.7359823876759;1.5917656526198697975e-08;
596373.09153942484409;1.6564341009939198557e-08;
596706.44709646201227;2.1582353681992572092e-08;
597039.80265349918045;2.1539250383284525014e-08;
597373.15821053634863;1.555003059650061914e-08;
597706.51376757351682;1.5960806010184569459e-08;
598039.869324610685;1.5195405822510110738e-08;
598373.22488164785318;1.5975588851802058343e-08;
598706.58043868502136;1.6349424925010680454e-08;
599039.93599572218955;1.6830947302537424548e-08;
599373.29155275935773;1.6034690020205744077e-08;
599706.64710979652591;1.5176812695472108317e-08;
600040.00266683369409;1.6872657937483381829e-08;
600373.35822387086228;1.5995443192196034943e-08;
600706.71378090803046;1.5800059927073561994e-08;
601040.06933794519864;1.6578898254238083609e-08;
601373.42489498236682;1.5224692617721302668e-08;
601706.78045201953501;1.5544131315436970908e-08;
602040.13600905670319;1.659195092429399665e-08;
602373.49156609387137;1.6970190586107491981e-08;
602706.84712313103955;1.5758175209157343488e-08;
603040.20268016820773;1.6623342702359877876e-08;
603373.55823720537592;1.6411119574399890553e-08;
603706.9137942425441;1.7540662256010364217e-08;
604040.26935127971228;1.5932791086470388109e-08;
604373.62490831688046;1.5620779336700252315e-08;
604706.98046535404865;1.6253604684379752143e-08;
605040.33602239121683;1.7216116532381420257e-08;
605373.69157942838501;1.6604225550054252381e-08;
605707.04713646555319;1.7689600895209878217e-08;
606040.40269350272138;1.8074565844017342897e-08;
606373.75825053988956;1.795493886902477243e-08;
606707.11380757705774;1.7675404251349391416e-08;
607040.46936461422592;1.7945984254197355767e-08;
607373.82492165139411;1.7302012267350619368e-08;
607707.18047868856229;1.757585721406940138e-08;
608040.53603572573047;1.6027733806822652696e-08;
608373.89159276289865;1.6937340419076463149e-08;
608707.24714980006684;1.6237024169640790205e-08;
609040.60270683723502;1.6734743368829185783e-08;
609373.9582638744032;1.7133897856069779664e-08;
609707.31382091157138;1.8480434960110869724e-08;
610040.66937794873957;1.6137041924935147108e-08;
610374.02493498590775;1.5769501260365359485e-08;
610707.38049202307593;1.600201926521549467e-08;
611040.73604906024411;1.6679535974617465399e-08;
611374.0916060974123;1.610492716963562998e-08;
611707.44716313458048;1.6266543667597943568e-08;
612040.80272017174866;1.7014817998983744474e-08;
612374.15827720891684;1.6118173462587037648e-08;
612707.51383424608503;1.562393414644702716e-08;
613040.86939128325321;1.4890037647319331882e-08;
613374.22494832042139;1.5594594060530653223e-08;
613707.58050535758957;1.5870998737455010996e-08;
614040.93606239475776;1.6369773092606010323e-08;
614374.29161943192594;1.6093895993662954425e-08;
614707.64717646909412;1.5915977868985464738e-08;
615041.0027335062623;1.5776928208310891932e-08;
615374.35829054343048;1.6190737639476537879e-08;
615707.71384758059867;1.6017404291801540239e-08;
616041.06940461776685;1.6360974797180460882e-08;
616374.42496165493503;1.6084541698546672706e-08;
616707.78051869210321;1.615740963245571038e-08;
617041.1360757292714;1.5769474615012768481e-08;
617374.49163276643958;1.5131474739860095724e-08;
617707.84718980360776;1.6054674034648996894e-08;
618041.20274684077594;1.4858185792832045991e-08;
618374.55830387794413;1.6051121320970196393e-08;
618707.91386091511231;1.6505840250147230108e-08;
619041.26941795228049;1.5655944096693019674e-08;
619374.62497498944867;1.5860630142583431734e-08;
619707.98053202661686;1.5552133802998469037e-08;
620041.33608906378504;1.4972821205105901754e-08;
620374.69164610095322;1.5732286584579924238e-08;
620708.0472031381214;1.5353883497937204083e-08;
621041.40276017528959;1.5513823115043123835e-08;
621374.75831721245777;1.5266579111994360574e-08;
621708.11387424962595;1.6687948800608864985e-08;
622041.46943128679413;1.5722781299132293498e-08;
622374.82498832396232;1.594315079955777037e-08;
622708.1805453611305;1.5357228377865794755e-08;
623041.53610239829868;1.5323946556122791662e-08;
623374.89165943546686;1.6126387336612424406e-08;
623708.24721647263505;1.5730185154438913742e-08;
624041.60277350980323;1.5693998989263491239e-08;
624374.95833054697141;1.6157523319293431996e-08;
624708.31388758413959;1.6221770593460860255e-08;
625041.66944462130778;1.6175414785379871319e-08;
625375.02500165847596;1.5622891424982299213e-08;
625708.38055869564414;1.5096825123350754438e-08;
626041.73611573281232;1.4974899542608000047e-08;
626375.09167276998051;1.5879196624268843152e-08;
626708.44722980714869;1.5854473289778070466e-08;
627041.80278684431687;1.4809662829406988749e-08;
627375.15834388148505;1.5025968025383917848e-08;
627708.51390091865323;1.593301490743215254e-08;
628041.86945795582142;1.5755103888182020455e-08;
628375.2250149929896;1.6028803173639971646e-08;
628708.58057203015778;1.5741630221555169555e-08;
629041.93612906732596;1.4560846750555356266e-08;
629375.29168610449415;1.5550249088391865371e-08;
629708.64724314166233;1.6236310074191351305e-08;
630042.00280017883051;1.5344122417104699707e-08;
630375.35835721599869;1.4923138280664716149e-08;
630708.71391425316688;1.5542493514431043877e-08;
631042.06947129033506;1.5152782140148701728e-08;
631375.42502832750324;1.4798870573429212527e-08;
631708.78058536467142;1.5280612331025622552e-08;
632042.13614240183961;1.5273581510655276361e-08;
632375.49169943900779;1.564733764780612546e-08;
632708.84725647617597;1.6096866062298431643e-08;
633042.20281351334415;1.6333578045646390819e-08;
633375.55837055051234;1.5205126047135308909e-08;
633708.91392758768052;1.5881679971130324702e-08;
634042.2694846248487;1.5196206959444680251e-08;
634375.62504166201688;1.575372010620412766e-08;
634708.98059869918507;1.5584872059548615653e-08;
635042.33615573635325;1.5239194794958166312e-08;
635375.69171277352143;1.5815444953659607563e-08;
635709.04726981068961;1.6714940542783551791e-08;
636042.4028268478578;1.5433604616532647924e-08;
636375.75838388502598;1.5431057320824947965e-08;
636709.11394092219416;1.6044298334350060031e-08;
637042.46949795936234;1.5185799284722634184e-08;
637375.82505499653053;1.7366417637276754249e-08;
637709.18061203369871;1.5439056255672767293e-08;
638042.53616907086689;1.6103484767882036977e-08;
638375.89172610803507;1.8047659366970947303e-08;
638709.24728314520326;1.6527426538459621952e-08;
639042.60284018237144;1.6248209888658493583e-08;
639375.95839721953962;1.5584022960979382333e-08;
639709.3139542567078;1.525172876881697448e-08;
640042.66951129387598;1.5537578335056423384e-08;
640376.02506833104417;1.5152542331975382695e-08;
640709.38062536821235;1.5030510169822264288e-08;
641042.73618240538053;1.5396640407061568112e-08;
641376.09173944254871;1.5633242256285484473e-08;
641709.4472964797169;1.5490865479250714998e-08;
642042.80285351688508;1.495166124243496597e-08;
642376.15841055405326;1.5649481710511281563e-08;
642709.51396759122144;1.5130863673107342038e-08;
643042.86952462838963;1.5647529494344780687e-08;
643376.22508166555781;1.5374720163663369021e-08;
643709.58063870272599;1.6074993780534896359e-08;
644042.93619573989417;1.5283028176327206893e-08;
644376.29175277706236;1.5399779229596788355e-08;
644709.64730981423054;1.526258408546254941e-08;
645043.00286685139872;1.5449094448172218108e-08;
645376.3584238885669;1.5696370425644090574e-08;
645709.71398092573509;1.5979011891431582626e-08;
646043.06953796290327;1.5182973100991148385e-08;
646376.42509500007145;1.6034746863624604885e-08;
646709.78065203723963;1.5773075290326232789e-08;
647043.13620907440782;1.541407002036976337e-08;
647376.491766111576;1.5501290917541155068e-08;
647709.84732314874418;1.5867597014107559517e-08;
648043.20288018591236;1.5659519903010732378e-08;
648376.55843722308055;1.9317344168712224928e-08;
648709.91399426024873;1.6078184117418459209e-08;
649043.26955129741691;1.6585742557140292774e-08;
649376.62510833458509;1.5626762106535352359e-08;
649709.98066537175328;1.5106456530133982596e-08;
650043.33622240892146;1.5757095184198988136e-08;
650376.69177944608964;1.5699210820230291574e-08;
650710.04733648325782;1.4702603579053175054e-08;
651043.40289352042601;1.4561281957981009327e-08;
651376.75845055759419;1.475357347402450614e-08;
651710.11400759476237;1.4729852004791155196e-08;
652043.46956463193055;1.458101728246674611e-08;
652376.82512166909873;1.6059695795433981402e-08;
652710.18067870626692;1.6163768989940763277e-08;
653043.5362357434351;1.5515812634703252115e-08;
653376.89179278060328;1.5695377442170865834e-08;
653710.24734981777146;1.5601443692503380589e-08;
654043.60290685493965;1.52816603815608687e-08;
654376.95846389210783;1.529428139690480748e-08;
654710.31402092927601;1.6452052165050190524e-08;
655043.66957796644419;1.5870858405264698376e-08;
655377.02513500361238;1.5494403982074800297e-08;
655710.38069204078056;1.5629343153023000923e-08;
656043.73624907794874;1.6943886294029653072e-08;
656377.09180611511692;1.5133760911112403846e-08;
656710.44736315228511;1.5929348506915630423e-08;
657043.80292018945329;1.5001150543980656948e-08;
657377.15847722662147;1.5537469977289219969e-08;
657710.51403426378965;1.6661203972034854814e-08;
658043.86959130095784;1.4637813627871310018e-08;
658377.22514833812602;1.5134984820974750619e-08;
658710.5807053752942;1.6169845906688351533e-08;
659043.93626241246238;1.5522273244528150826e-08;
659377.29181944963057;1.5555931653921106772e-08;
659710.64737648679875;1.6140132785835703544e-08;
660044.00293352396693;1.596492715805197804e-08;
660377.35849056113511;1.6026241667077556485e-08;
660710.7140475983033;1.61419464461687312e-08;
661044.06960463547148;1.5385230867082100303e-08;
661377.42516167263966;1.5615237103361323534e-08;
661710.78071870980784;1.5682754650470087654e-08;
662044.13627574697603;1.4357818045596104639e-08;
662377.49183278414421;1.5201493397398735397e-08;
662710.84738982131239;1.6014167769640152983e-08;
663044.20294685848057;1.5829343169571075123e-08;
663377.55850389564876;1.5453817781008183374e-08;
663710.91406093281694;1.5761580485218473768e-08;
664044.26961796998512;1.6242415412648369966e-08;
664377.6251750071533;1.5240827266893575143e-08;
664710.98073204432148;1.5275190889951772988e-08;
665044.33628908148967;1.5895858851422417501e-08;
665377.69184611865785;1.5732092961684429611e-08;
665711.04740315582603;1.534293758709281974e-08;
666044.40296019299421;1.635422286483390053e-08;
666377.7585172301624;1.5560496890998365416e-08;
666711.11407426733058;1.5511016471236871439e-08;
667044.46963130449876;1.4558570349265664845e-08;
667377.82518834166694;1.5258294183695397805e-08;
667711.18074537883513;1.5934469743683621346e-08;
668044.53630241600331;1.4999569586393590725e-08;
668377.89185945317149;1.5109268503010753193e-08;
668711.24741649033967;1.5296674149567479617e-08;
669044.60297352750786;1.5320177126909584331e-08;
669377.95853056467604;1.5152755494796110725e-08;
669711.31408760184422;1.5511151474356665858e-08;
670044.6696446390124;1.4993851493727561319e-08;
670378.02520167618059;1.5102502359809477639e-08;
670711.38075871334877;1.4695528349761843856e-08;
671044.73631575051695;1.4759380384532505559e-08;
671378.09187278768513;1.596719911844957096e-08;
671711.44742982485332;1.4890770394515584485e-08;
672044.8029868620215;1.475492172886561093e-08;
672378.15854389918968;1.4652916213719890948e-08;
672711.51410093635786;1.4830126460196879634e-08;
673044.86965797352605;1.5249666418526430789e-08;
673378.22521501069423;1.4523318547787766875e-08;
673711.58077204786241;1.5344904014114035817e-08;
674044.93632908503059;1.5271433895236441458e-08;
674378.29188612219878;1.4846705198579002172e-08;
674711.64744315936696;1.6238992373018845683e-08;
675045.00300019653514;1.4940161108256688749e-08;
675378.35855723370332;1.5209053572107222863e-08;
675711.71411427087151;1.5094784089342283551e-08;
676045.06967130803969;1.4951714533140147978e-08;
676378.42522834520787;1.5201734981928893831e-08;
676711.78078538237605;1.5530211783243430546e-08;
677045.13634241954423;1.6091719956534689118e-08;
677378.49189945671242;1.4497343769903636712e-08;
677711.8474564938806;1.4861710084801416087e-08;
678045.20301353104878;1.476080679907454396e-08;
678378.55857056821696;1.5102926909094094299e-08;
678711.91412760538515;1.4623703137317534129e-08;
679045.26968464255333;1.5434771682976133889e-08;
679378.62524167972151;1.4906238021694662166e-08;
679711.98079871688969;1.5086804694419697626e-08;
680045.33635575405788;1.5385042573257123877e-08;
680378.69191279122606;1.5709170853028808779e-08;
680712.04746982839424;1.5325293034607057052e-08;
681045.40302686556242;1.4547245186236068548e-08;
681378.75858390273061;1.5238070361078825954e-08;
681712.11414093989879;1.5511751882968383143e-08;
682045.46969797706697;1.5480635440212608955e-08;
682378.82525501423515;1.4677390858253147599e-08;
682712.18081205140334;1.4403089387826639722e-08;
683045.53636908857152;1.502343494053093309e-08;
683378.8919261257397;1.5285042564983086777e-08;
683712.24748316290788;1.5076867754260092624e-08;
684045.60304020007607;1.5168602374160400359e-08;
684378.95859723724425;1.5571297140581918939e-08;
684712.31415427441243;1.5056832225468497199e-08;
685045.66971131158061;1.5224076221898030781e-08;
685379.0252683487488;1.5099450578759388009e-08;
685712.38082538591698;1.55937183166088289e-08;
686045.73638242308516;1.5774128669931997138e-08;
686379.09193946025334;1.540833061142166116e-08;
686712.44749649742153;1.4716893481647730368e-08;
687045.80305353458971;1.5073823078637360595e-08;
687379.15861057175789;1.6107472688986490539e-08;
687712.51416760892607;1.514272440772401751e-08;
688045.86972464609426;1.5547080067790375324e-08;
688379.22528168326244;1.4430187711411690543e-08;
688712.58083872043062;1.5173240441868074413e-08;
689045.9363957575988;1.4671203807381516526e-08;
689379.29195279476698;1.457272080784832724e-08;
689712.64750983193517;1.4777567614032705023e-08;
690046.00306686910335;1.5223488247784189298e-08;
690379.35862390627153;1.5824699772792882868e-08;
690712.71418094343971;1.466584365061862627e-08;
691046.0697379806079;1.5238979855780598882e-08;
691379.42529501777608;1.552159289985866053e-08;
691712.78085205494426;1.5326881097621480876e-08;
692046.13640909211244;1.4404759163255675958e-08;
692379.49196612928063;1.4972426853887554898e-08;
692712.84752316644881;1.5515976059532476938e-08;
693046.20308020361699;1.4830673578103414911e-08;
693379.55863724078517;1.5077132431429163262e-08;
693712.91419427795336;1.538769112130466965e-08;
694046.26975131512154;1.5704369360491909902e-08;
694379.62530835228972;1.5383744056407522294e-08;
694712.9808653894579;1.4640693990486397524e-08;
695046.33642242662609;1.4684689020327823528e-08;
695379.69197946379427;1.5320688717679331603e-08;
695713.04753650096245;1.5270147812884715677e-08;
696046.40309353813063;1.5238097006431416958e-08;
696379.75865057529882;1.4836823325481418578e-08;
696713.114207612467;1.5655530205549439415e-08;
697046.46976464963518;1.5325804625376804324e-08;
697379.82532168680336;1.5364649996740809001e-08;
697713.18087872397155;1.4953474902767993626e-08;
698046.53643576113973;1.4934808945099575794e-08;
698379.89199279830791;1.5132034292264506803e-08;
698713.24754983547609;1.6028888438768262859e-08;
699046.60310687264428;1.457576725982789867e-08;
699379.95866390981246;1.5380853923829818086e-08;
699713.31422094698064;1.5264863151287499932e-08;
700046.66977798414882;1.5224584259954099252e-08;
700380.02533502131701;1.4558774630302195874e-08;
700713.38089205848519;1.5874650927116817911e-08;
701046.73644909565337;1.5490348559410449525e-08;
701380.09200613282155;1.5427398025735783449e-08;
701713.44756316998973;1.4939006476311078586e-08;
702046.80312020715792;1.590393239325749164e-08;
702380.1586772443261;1.5167429978646396194e-08;
702713.51423428149428;1.5922466900519793853e-08;
703046.86979131866246;1.5399075792288385855e-08;
703380.22534835583065;1.5858596214002318447e-08;
703713.58090539299883;1.5046598633716712357e-08;
704046.93646243016701;1.4371622114595083985e-08;
704380.29201946733519;1.501726032415717782e-08;
704713.64757650450338;1.5115960039224773936e-08;
705047.00313354167156;1.5416317111771604687e-08;
705380.35869057883974;1.5255373853051423794e-08;
705713.71424761600792;1.5111206508322538866e-08;
706047.06980465317611;1.5734579861259589961e-08;
706380.42536169034429;1.5012327381214163324e-08;
706713.78091872751247;1.4805189074706959218e-08;
707047.13647576468065;1.5168096112461171288e-08;
707380.49203280184884;1.4511281065665571077e-08;
707713.84758983901702;1.5146607523774946458e-08;
708047.2031468761852;1.4841671891474561562e-08;
708380.55870391335338;1.6563962645932406303e-08;
708713.91426095052157;1.4957414862237783382e-08;
709047.26981798768975;1.5165351641144297901e-08;
709380.62537502485793;1.5196661706795566715e-08;
709713.98093206202611;1.5664967989437172946e-08;
710047.3364890991943;1.5945866849165213353e-08;
710380.69204613636248;1.5344769010994241398e-08;
710714.04760317353066;1.4914542489918858337e-08;
711047.40316021069884;1.5347412229971268971e-08;
711380.75871724786703;1.5423767152356049337e-08;
711714.11427428503521;1.5516194551423723169e-08;
712047.46983132220339;1.5464191704950280837e-08;
712380.82538835937157;1.5039120171422837302e-08;
712714.18094539653976;1.5408302189712230756e-08;
713047.53650243370794;1.5400617670024985273e-08;
713380.89205947087612;1.5443694323380441347e-08;
713714.2476165080443;1.5141527143214261741e-08;
714047.60317354521248;1.559925166816356068e-08;
714380.95873058238067;1.4797804759325572377e-08;
714714.31428761954885;1.5007422859980579233e-08;
715047.66984465671703;1.556528061996687029e-08;
715381.02540169388521;1.4516712276702037343e-08;
715714.3809587310534;1.491718748525272531e-08;
716047.73651576822158;1.5420434706925334467e-08;
716381.09207280538976;1.5385122509314896888e-08;
716714.44762984255794;1.4567857142822049354e-08;
717047.80318687972613;1.4992956209880503593e-08;
717381.15874391689431;1.5772881667430738162e-08;
717714.51430095406249;1.5865534663817015826e-08;
718047.86985799123067;1.5665875707782106474e-08;
718381.22541502839886;1.4806645687315267423e-08;
718714.58097206556704;1.4671384107600715652e-08;
719047.93652910273522;1.5390556384886622254e-08;
719381.2920861399034;1.4880754406476626173e-08;
719714.64764317707159;1.5486701698819160811e-08;
720048.00320021423977;1.4568266593073531112e-08;
720381.35875725140795;1.5959992438752124144e-08;
720714.71431428857613;1.7037580235523819283e-08;
721048.06987132574432;1.4596009734191284224e-08;
721381.4254283629125;1.537237181992168189e-08;
721714.78098540008068;1.5323893265417609655e-08;
722048.13654243724886;1.5860768698416904954e-08;
722381.49209947441705;1.4753158694702506182e-08;
722714.84765651158523;1.4372833589959554956e-08;
723048.20321354875341;1.4445355134284909582e-08;
723381.55877058592159;1.4539963011372947221e-08;
723714.91432762308978;1.4838883011236703169e-08;
724048.26988466025796;1.5821335352939058794e-08;
724381.62544169742614;1.4982608931290997134e-08;
724714.98099873459432;1.5036398792744876118e-08;
725048.33655577176251;1.5666261177216256328e-08;
725381.69211280893069;1.3758018724274734268e-08;
725715.04766984609887;1.4801574188538779708e-08;
726048.40322688326705;1.5506547157428940409e-08;
726381.75878392043523;1.5851103540853728191e-08;
726715.11434095760342;1.4744764520457920298e-08;
727048.4698979947716;1.5748433668250072515e-08;
727381.82545503193978;1.514868408492020535e-08;
727715.18101206910796;1.6030183402904185641e-08;
728048.53656910627615;1.546052530443375872e-08;
728381.89212614344433;1.4841724294001323869e-08;
728715.24768318061251;1.5890359250647634326e-08;
729048.60324021778069;1.4884127708114647248e-08;
729381.95879725494888;1.5946847398140562291e-08;
729715.31435429211706;1.4879526055722180899e-08;
730048.66991132928524;1.4700640704745637777e-08;
730382.02546836645342;1.4885826793431533588e-08;
730715.38102540362161;1.5684683773997676326e-08;
731048.73658244078979;1.6175755845893036167e-08;
731382.09213947795797;1.5108817308373545529e-08;
731715.44769651512615;1.5134373754221996933e-08;
732048.80325355229434;1.499732960041910701e-08;
732382.15881058946252;1.4432317563262131443e-08;
732715.5143676266307;1.5107252337998033909e-08;
733048.86992466379888;1.4665405778657714109e-08;
733382.22548170096707;1.5079200110790225153e-08;
733715.58103873813525;1.4418379379321777378e-08;
734048.93659577530343;1.5497805705422251776e-08;
734382.29215281247161;1.5573103695487588993e-08;
734715.6477098496398;1.5610574166657897877e-08;
735049.00326688680798;1.5476585346618776384e-08;
735382.35882392397616;1.4521354785301809898e-08;
735715.71438096114434;2.7609486252799797512e-08;
736049.06993799831253;1.499250856795697473e-08;
736382.42549503548071;1.5109693052295369853e-08;
736715.78105207264889;1.525030945970229368e-08;
737049.13660910981707;1.5289634447412936424e-08;
737382.49216614698526;1.5108923889783909544e-08;
737715.84772318415344;1.5833125033282158256e-08;
738049.20328022132162;1.4120413283080779365e-08;
738382.5588372584898;1.5592538815667467134e-08;
738715.91439429565798;1.4976031081914698007e-08;
739049.26995133282617;1.4205803644529169105e-08;
739382.62550836999435;1.4634034428695485985e-08;
739715.98106540716253;1.539485516843797086e-08;
740049.33662244433071;1.5378475382021861151e-08;
740382.6921794814989;1.5611890447075893462e-08;
740716.04773651866708;1.5623632165784329118e-08;
741049.40329355583526;1.4849235618896727829e-08;
741382.75885059300344;1.5615237103361323534e-08;
741716.11440763017163;1.5193377222999515652e-08;
742049.46996466733981;1.5555439603076592903e-08;
742382.82552170450799;1.5635274408509758359e-08;
742716.18107874167617;1.4724522046094534744e-08;
743049.53663577884436;1.5796867813833159744e-08;
743382.89219281601254;1.5280370746495464118e-08;
743716.24774985318072;1.5823475862930536096e-08;
744049.6033068903489;1.5485150939298364392e-08;
744382.95886392751709;1.6109455103219261218e-08;
744716.31442096468527;1.5328334157516110281e-08;
745049.66997800185345;1.4225107314302931627e-08;
745383.02553503902163;2.8710287480748775124e-08;
745716.38109207618982;3.0554726748732718988e-08;
746049.736649113358;1.5110144246932577516e-08;
746383.09220615052618;1.4930769509646779625e-08;
746716.44776318769436;1.523215509280362312e-08;
747049.80332022486255;1.5319290724846723606e-08;
747383.15887726203073;1.5290817501067976991e-08;
747716.51443429919891;1.5306190093156146759e-08;
748049.86999133636709;1.4984292917574748571e-08;
748383.22554837353528;1.5027421085278547253e-08;
748716.58110541070346;1.5333640135395398829e-08;
749049.93666244787164;1.5990273993793380214e-08;
749383.29221948503982;1.5189161928219618858e-08;
749716.64777652220801;1.544570160660896363e-08;
750050.00333355937619;1.4139625470477312774e-08;
750383.35889059654437;1.46490295449552832e-08;
750716.71444763371255;1.5220280147332232445e-08;
751050.07000467088073;1.5940630149202661414e-08;
751383.42556170804892;1.5294981281499531178e-08;
751716.7811187452171;1.4731896591513304884e-08;
752050.13667578238528;1.5607776404635842482e-08;
752383.49223281955346;1.5311192314015897864e-08;
752716.84778985672165;1.4386171365288191737e-08;
753050.20334689388983;1.5420191346038336633e-08;
753383.55890393105801;1.5276587106427541585e-08;
753716.91446096822619;1.5405813513780231006e-08;
754050.27001800539438;1.6611549469303099613e-08;
754383.62557504256256;1.5016732746175875945e-08;
754716.98113207973074;1.5907955841498733207e-08;
755050.33668911689892;1.4626066580092356162e-08;
755383.69224615406711;1.5385095863962305884e-08;
755717.04780319123529;1.5360114957729820162e-08;
756050.40336022840347;1.5675151843197454582e-08;
756383.75891726557165;1.5131156771985843079e-08;
756717.11447430273984;1.6065508035012499022e-08;
757050.47003133990802;1.558974638271592994e-08;
757383.8255883770762;1.5895803784360396094e-08;
757717.18114541424438;1.5693034427499696903e-08;
758050.53670245141257;1.5165724676080571953e-08;
758383.89225948858075;1.5192817670595104573e-08;
758717.24781652574893;1.5041365486467839219e-08;
759050.60337356291711;1.547995687189995806e-08;
759383.9589306000853;1.514421299475543492e-08;
759717.31448763725348;1.5236143013908076682e-08;
760050.67004467442166;1.5409655773623853747e-08;
760384.02560171158984;1.5138812869963658159e-08;
760717.38115874875803;1.5021139887494427967e-08;
761050.73671578592621;1.5406516951088633505e-08;
761384.09227282309439;1.507967617442318442e-08;
761717.44782986026257;1.4738600562225201429e-08;
762050.80338689743076;1.44951286529249046e-08;
762384.15894393459894;1.5407680464818440669e-08;
762717.51450097176712;1.4599625508537883434e-08;
763050.8700580089353;1.5668105035615553788e-08;
763384.22561504610348;1.5362354943704303878e-08;
763717.58117208327167;1.5482648052511649439e-08;
764050.93672912043985;1.4456651875605075475e-08;
764384.29228615760803;2.1674757988421333721e-08;
764717.64784319477621;1.5730959646020892251e-08;
765051.0034002319444;1.5353046833865846565e-08;
765384.35895726911258;1.5301564459946348506e-08;
765717.71451430628076;1.3940952392488270561e-08;
766051.07007134344894;1.4930243708022317151e-08;
766384.42562838061713;1.5211645276735907828e-08;
766717.78118541778531;1.4809611315058646142e-08;
767051.13674245495349;1.4973609907542595465e-08;
767384.49229949212167;1.5920536000635365781e-08;
767717.84785652928986;1.5019635313251455955e-08;
768051.20341356645804;1.5177025858292836347e-08;
768384.55897060362622;1.5195780633803224191e-08;
768717.9145276407944;1.5529774799460938084e-08;
769051.27008467796259;1.5136793152237260074e-08;
769384.62564171513077;1.5522847007787277107e-08;
769717.98119875229895;1.5537851894009691023e-08;
770051.33675578946713;1.5239114858900393301e-08;
770384.69231282663532;1.5382312312794965692e-08;
770718.0478698638035;1.4981925033907828038e-08;
771051.40342690097168;1.5417807475159861497e-08;
771384.75898393813986;1.5091362826069598668e-08;
771718.11454097530805;1.5569684208571743511e-08;
772051.47009801247623;1.4854479424286637368e-08;
772384.82565504964441;1.4834504291627581551e-08;
772718.18121208681259;1.5586213208962362842e-08;
773051.53676912398078;1.5501127492711930245e-08;
773384.89232616114896;1.6467522456764527305e-08;
773718.24788319831714;1.57582586979287953e-08;
774051.60344023548532;1.4704721884584159852e-08;
774384.95899727265351;1.5963133037644183787e-08;
774718.31455430982169;1.5521345986257983895e-08;
775051.67011134698987;1.5076233594868426735e-08;
775385.02566838415805;1.4971742956504385802e-08;
775718.38122542132623;1.579953234909226012e-08;
776051.73678245849442;1.5214077109249046771e-08;
776385.0923394956626;1.5642802608795136621e-08;
776718.44789653283078;1.5777814610373752657e-08;
777051.80345356999896;1.5963273369834496407e-08;
777385.15901060716715;1.5096878414055936446e-08;
777718.51456764433533;1.5516384621605538996e-08;
778051.87012468150351;1.5302829226016001485e-08;
778385.22568171867169;1.4720668239931455901e-08;
778718.58123875583988;1.440101460303822023e-08;
779051.93679579300806;1.5258857288813487685e-08;
779385.29235283017624;1.5393233354643598432e-08;
779718.64790986734442;1.478102085172849911e-08;
780052.00346690451261;1.597620524762533023e-08;
780385.35902394168079;1.4371823731096355914e-08;
780718.71458097884897;1.5629590066623677558e-08;
781052.07013801601715;1.4833592132390549523e-08;
781385.42569505318534;1.5303527334253885783e-08;
781718.78125209035352;1.5535531971977434296e-08;
782052.1368091275217;1.5408005538120050915e-08;
782385.49236616468988;1.6130863755847713037e-08;
782718.84792320185807;1.474030941750470447e-08;
783052.20348023902625;1.5828952371066407068e-08;
783385.55903727619443;1.5363651684197066061e-08;
783718.91459431336261;1.5844728196157120692e-08;
784052.2701513505308;1.5214050463896455767e-08;
784385.62570838769898;1.6198219654484091734e-08;
784718.98126542486716;1.5099132610885135364e-08;
785052.33682246203534;1.5153048593674611766e-08;
785385.69237949920353;1.4572950846059029573e-08;
785719.04793653637171;1.5254702390166130499e-08;
786052.40349357353989;1.5033045031032088445e-08;
786385.75905061070807;1.5628875971174238657e-08;
786719.11460764787626;1.5497315430934577307e-08;
787052.47016468504444;1.546563233034703444e-08;
787385.82572172221262;1.5367726646786650235e-08;
787719.1812787593808;1.504237090443893976e-08;
788052.53683579654898;1.4377228296780231176e-08;
788385.89239283371717;1.5120393825895916962e-08;
788719.24794987088535;1.4869596220989933499e-08;
789052.60350690805353;1.5291139021655908437e-08;
789385.95906394522171;1.5267410446995199891e-08;
789719.3146209823899;1.5630330807425707462e-08;
790052.67017801955808;1.4200040254763734993e-08;
790386.02573505672626;1.5928200980397377862e-08;
790719.38129209389444;1.5236276240671031701e-08;
791052.73684913106263;1.4689643279552910826e-08;
791386.09240616823081;1.555229722782769386e-08;
791719.44796320539899;1.5179585588498412108e-08;
792052.80352024256717;1.5228597050054304418e-08;
792386.15907727973536;1.4890142452372856496e-08;
792719.51463431690354;1.4984820495556050446e-08;
793052.87019135407172;1.530215598677386879e-08;
793386.2257483912399;1.4483444665813749452e-08;
793719.58130542840809;1.5290090971120662289e-08;
794052.93686246557627;1.4906106571288546547e-08;
794386.29241950274445;1.5169854705732177536e-08;
794719.64797653991263;1.5034418154868944839e-08;
795053.00353357708082;1.5819196619304420892e-08;
795386.359090614249;1.5204085102027420362e-08;
795719.71464765141718;1.5469408864987599372e-08;
796053.07020468858536;1.5761054683594011294e-08;
796386.42576172575355;1.5033256417495977075e-08;
796719.78131876292173;1.5923612650681207015e-08;
797053.13687580008991;1.4852287399946817459e-08;
797386.49243283725809;1.584556308387163881e-08;
797719.84798987442628;1.5547790610526135424e-08;
798053.20354691159446;1.5128684083265397931e-08;
798386.55910394876264;1.5552462429013758083e-08;
798719.91466098593082;1.5066966341237275628e-08;
799053.27021802309901;1.5589938229254585167e-08;
799386.62577506026719;1.5001440090145479189e-08;
799719.98133209743537;1.4969796069408403127e-08;
800053.33688913460355;1.4875161546967774484e-08;
800386.69244617177173;1.5766760341762164899e-08;
800720.04800320893992;1.6118541168452793499e-08;
801053.4035602461081;1.5561999688884498028e-08;
801386.75911728327628;1.450669362412781993e-08;
801720.11467432044446;1.5781557394234368985e-08;
802053.47023135761265;1.5329357339055604825e-08;
802386.82578839478083;1.4924580682418309152e-08;
802720.18134543194901;1.5764349825531098759e-08;
803053.53690246911719;1.511704894596732629e-08;
803386.89245950628538;1.5307103140571598487e-08;
803720.24801654345356;1.4731715403115686058e-08;
804053.60357358062174;1.5754189064409729326e-08;
804386.95913061778992;1.5171853107176502817e-08;
804720.31468765495811;1.5419512777725685737e-08;
805053.67024469212629;1.5596539171269796498e-08;
805387.02580172929447;1.6215530251884047175e-08;
805720.38135876646265;1.4752562726982887398e-08;
806053.73691580363084;1.4468542808288020751e-08;
806387.09247284079902;1.5261029773228074191e-08;
806720.4480298779672;1.548123407246748684e-08;
807053.80358691513538;1.5621299809254196589e-08;
807387.15914395230357;1.4923060120963782538e-08;
807720.51470098947175;1.5020717114566650707e-08;
808053.87025802663993;1.451768127935793018e-08;
808387.22581506380811;1.4981319296225592552e-08;
808720.5813721009763;1.6030323735094498261e-08;
809053.93692913814448;1.5164765443387295818e-08;
809387.29248617531266;1.4999331554577111092e-08;
809720.64804321248084;1.4958150273969295085e-08;
810054.00360024964903;1.5292267008248927596e-08;
810387.35915728681721;1.5394233443544180773e-08;
810720.71471432398539;1.4619593535769581649e-08;
811054.07027136115357;1.4981555551685232786e-08;
811387.42582839832176;1.4733553044266045617e-08;
811720.78138543548994;1.4864164121775047533e-08;
812054.13694247265812;1.5987014378993080754e-08;
812387.4924995098263;1.5067627145981532522e-08;
812720.84805654699448;1.4674219173116398451e-08;
813054.20361358416267;1.4653610769244096446e-08;
813387.55917062133085;1.5112693318997116876e-08;
813720.91472765849903;1.5562847011096891947e-08;
814054.27028469566721;1.5456206980957176711e-08;
814387.6258417328354;1.5538889286403900769e-08;
814720.98139877000358;1.5397452202137174027e-08;
815054.33695580717176;1.5996707958265687921e-08;
815387.69251284433994;1.5086724758361924614e-08;
815721.04806988150813;1.4667853598382407654e-08;
816054.40362691867631;1.5617732884720680886e-08;
816387.75918395584449;1.4873697828932108678e-08;
816721.11474099301267;1.4980265916619828204e-08;
817054.47029803018086;1.5720626578286100994e-08;
817387.82585506734904;1.4580171736611191591e-08;
817721.18141210451722;1.524996129376177123e-08;
818054.5369691416854;1.4258733749272778368e-08;
818387.89252617885359;1.5592128477237565676e-08;
818721.24808321602177;1.4911215373558661668e-08;
819054.60364025318995;1.6280752745956306171e-08;
819387.95919729035813;1.550733763622247352e-08;
819721.31475432752632;1.4822624905264092376e-08;
820054.6703113646945;1.4823614336023638316e-08;
820388.02586840186268;1.5214718374068070261e-08;
820721.38142543903086;1.5326207858379348181e-08;
821054.73698247619905;1.5591828272931707033e-08;
821388.09253951336723;1.500953317190578673e-08;
821721.44809655053541;1.5560988941842879285e-08;
822054.80365358770359;1.6363848942546610488e-08;
822388.15921062487178;1.5384825857722717046e-08;
822721.51476766203996;1.5313961654328522854e-08;
823054.87032469920814;1.4006692694579214731e-08;
823388.22588173637632;1.5127859853691916214e-08;
823721.58143877354451;1.4987769247909454862e-08;
824054.93699581071269;1.5390556384886622254e-08;
824388.29255284788087;1.5562328314899787074e-08;
824721.64810988504905;1.5578384804371125938e-08;
825055.00366692221723;1.5167856304287852254e-08;
825388.35922395938542;1.5432846112162224017e-08;
825721.7147809965536;1.588017362053051329e-08;
826055.07033803372178;1.5857676061159509118e-08;
826388.42589507088996;1.5132565422959487478e-08;
826721.78145210805815;1.509626912366002216e-08;
827055.13700914522633;1.4483953592048237624e-08;
827388.49256618239451;1.4797726599624638766e-08;
827721.84812321956269;1.4972847850458492758e-08;
828055.20368025673088;1.4792814084785277373e-08;
828388.55923729389906;1.5334260083932349517e-08;
828721.91479433106724;1.557605777691151161e-08;
829055.27035136823542;1.5354396865063790756e-08;
829388.62590840540361;1.5082113336006841564e-08;
829721.98146544257179;1.5459493241110067174e-08;
830055.33702247973997;1.4513193313803185447e-08;
830388.69257951690815;1.4943127624178487167e-08;
830722.04813655407634;1.5817612109003675869e-08;
831055.40369359124452;1.4725479502430971479e-08;
831388.7592506284127;1.4868708042570233374e-08;
831722.11480766558088;1.5706410394500380789e-08;
832055.47036470274907;1.424151019335795354e-08;
832388.82592173991725;1.6209350306439773703e-08;
832722.18147877708543;1.4488636068676896684e-08;
833055.53703581425361;1.4967719508263144235e-08;
833388.8925928514218;1.5916677753580188437e-08;
833722.24814988858998;1.5244362217003981641e-08;
834055.60370692575816;1.4485938670816267404e-08;
834388.95926396292634;1.4781202040126117936e-08;
834722.31482100009453;1.4386576374647574994e-08;
835055.67037803726271;1.6164847238542279229e-08;
835389.02593507443089;1.6389915202807969763e-08;
835722.38149211159907;1.5402402908648582525e-08;
836055.73704914876726;1.5446435241983635933e-08;
836389.09260618593544;1.5530702057731105015e-08;
836722.44816322310362;1.5825033727878690115e-08;
837055.8037202602718;1.4995721997479449783e-08;
837389.15927729743998;1.5179505652440639096e-08;
837722.51483433460817;1.5371561801202915376e-08;
838055.87039137177635;1.5214798310125843273e-08;
838389.22594840894453;1.490265155723591306e-08;
838722.58150544611271;1.519428494134444918e-08;
839055.9370624832809;1.4500247225157636421e-08;
839389.29261952044908;1.5627255933736705629e-08;
839722.64817655761726;1.6057352780762812472e-08;
840056.00373359478544;1.4964275152351547149e-08;
840389.35929063195363;1.6509581257651007036e-08;
840722.71484766912181;1.4715652696395409293e-08;
841056.07040470628999;1.5674244124852521054e-08;
841389.42596174345817;1.5687632526351080742e-08;
841722.78151878062636;1.5055668711738690035e-08;
842056.13707581779454;1.4536592374270185246e-08;
842389.49263285496272;1.5974213951608362549e-08;
842722.8481898921309;1.4825515926020216284e-08;
843056.20374692929909;1.553946304966302705e-08;
843389.55930396646727;1.5395478669688600348e-08;
843722.91486100363545;1.5875125214392937778e-08;
844056.27041804080363;1.610535171892024664e-08;
844389.62597507797182;1.4801262437913464964e-08;
844722.98153211514;1.686904305131520232e-08;
845056.33708915230818;1.5950153198218686157e-08;
845389.69264618947636;1.5486429916222732572e-08;
845723.04820322664455;1.4598420250422350364e-08;
846056.40376026381273;1.5449474588535849762e-08;
846389.75931730098091;1.6216585407846650924e-08;
846723.11487433814909;1.5089455018824082799e-08;
847056.47043137531728;1.6121854073958274967e-08;
847389.82598841248546;1.5528110353102420049e-08;
847723.18154544965364;1.4242761636751311016e-08;
848056.53710248682182;1.4870040310199783562e-08;
848389.89265952399001;1.5674519460162628093e-08;
848723.24821656115819;1.6155507154280712712e-08;
849056.60377359832637;1.5061752733913635893e-08;
849389.95933063549455;1.6317173390234529506e-08;
849723.31488767266273;1.5060482638773464714e-08;
850056.67044470983092;1.5418510912468263996e-08;
850390.0260017469991;1.5023514876588706102e-08;
850723.38155878416728;1.457576725982789867e-08;
851056.73711582133546;1.5761470351094430953e-08;
851390.09267285850365;1.6535210534129873849e-08;
851723.44822989567183;1.5296807376330434636e-08;
852056.80378693284001;1.4262090175520825142e-08;
852390.15934397000819;1.4097733647133736667e-08;
852723.51490100717638;1.5134878239564386604e-08;
853056.87045804434456;1.5625033711330615915e-08;
853390.22601508151274;1.4988268404181326332e-08;
853723.58157211868092;1.5503960781870773644e-08;
854056.93712915584911;1.5591444579854396579e-08;
854390.29268619301729;1.4717281615617139323e-08;
854723.64824323018547;1.5255185559226447367e-08;
855057.00380026735365;1.4489756061664138542e-08;
855390.35935730452184;1.4539350168263354135e-08;
855723.71491434169002;1.632095880665929144e-08;
856057.0704713788582;1.5978731227050957386e-08;
856390.42602841602638;1.6355228282805001072e-08;
856723.78158545319457;1.483286204972955602e-08;
857057.13714249036275;1.5340942738362173259e-08;
857390.49269952753093;1.5680633680403843755e-08;
857723.84825656469911;1.4638147582957117265e-08;
858057.2038136018673;1.5080656723398533359e-08;
858390.55937063903548;1.4966168748742347816e-08;
858723.91492767620366;1.6029028770958575478e-08;
859057.27048471337184;1.5407302100811648415e-08;
859390.62604175054003;1.5226028438064531656e-08;
859723.98159878770821;1.6230693233865167713e-08;
860057.33715582487639;1.5648272011503649992e-08;
860390.69271286204457;1.5130837027754751034e-08;
860724.04826989921276;1.508031211017168971e-08;
861057.40382693638094;1.5047021406644489616e-08;
861390.75938397354912;1.6203912878154369537e-08;
861724.1149410107173;1.4915327639641873247e-08;
862057.47049804788548;1.6386950463243010745e-08;
862390.82605508505367;1.5517883866777992807e-08;
862724.18161212222185;1.4655541669128524518e-08;
863057.53716915939003;1.4988163599127801717e-08;
863390.89272619655821;1.6016080905956187053e-08;
863724.2482832337264;1.5534030950448141084e-08;
864057.60384027089458;1.6045341055814787978e-08;
864390.95939730806276;1.5111631057607155526e-08;
864724.31495434523094;1.6238564271020550223e-08;
865057.67051138239913;1.5196741642853339727e-08;
865391.02606841956731;1.5434364897259911231e-08;
865724.38162545673549;1.5308071255049071624e-08;
866057.73718249390367;1.5278867948609331506e-08;
866391.09273953107186;1.5161276678554713726e-08;
866724.44829656824004;1.5326719449149095453e-08;
867057.80385360540822;1.5782832818445058365e-08;
867391.1594106425764;1.5691904664549838344e-08;
867724.51496767974459;1.4777412182809257502e-08;
868057.87052471691277;1.5338786241159141355e-08;
868391.22608175408095;1.5881177262144774431e-08;
868724.58163879124913;1.6014027437449840363e-08;
869057.93719582841732;1.5813695242172798316e-08;
869391.2927528655855;1.5554839194464875618e-08;
869724.64830990275368;1.5317514368007323355e-08;
870058.00386693992186;1.5342020986963689211e-08;
870391.35942397709005;1.4285109095624193287e-08;
870724.71498101425823;1.5914384476900522714e-08;
871058.07053805142641;1.5617843018844723701e-08;
871391.42609508859459;1.5044300027966528432e-08;
871724.78165212576278;1.521258141679027176e-08;
872058.13720916293096;1.5594896041193351266e-08;
872391.49276620009914;1.5041075940303016978e-08;
872724.84832323726732;1.5331323766076820903e-08;
873058.20388027443551;1.5797256835980988399e-08;
873391.55943731160369;1.5449556300950462173e-08;
873724.91499434877187;1.5124937746691102802e-08;
874058.27055138594005;1.6665946844796053483e-08;
874391.62610842310824;1.5075015014076598163e-08;
874724.98166546027642;1.4940477299774101994e-08;
875058.3372224974446;1.5153048593674611766e-08;
875391.69277953461278;1.5138946096726613177e-08;
875725.04833657178096;1.5640495121260755695e-08;
876058.40389360894915;1.6352929677054817148e-08;
876391.75945064611733;1.5745335701922158478e-08;
876725.11500768328551;1.5690250876332356711e-08;
877058.47056472045369;1.560988849291788938e-08;
877391.82612175762188;1.6395761193166435987e-08;
877725.18167879479006;1.6038887551417246868e-08;
878058.53723583195824;1.5324914670600264799e-08;
878391.89279286912642;1.5666453023754911555e-08;
878725.24834990629461;1.6225504495537279581e-08;
879058.60390694346279;1.5030721556286152918e-08;
879391.95946398063097;1.6245440548345868592e-08;
879725.31502101779915;1.6400486302359240653e-08;
880058.67057805496734;1.5833848010515794158e-08;
880392.02613509213552;1.6266858082758517412e-08;
880725.3816921293037;1.5018288834767190565e-08;
881058.73724916647188;1.5960525345803944219e-08;
881392.09280620364007;1.451250497552791785e-08;
881725.44836324080825;1.6113784084836879629e-08;
882058.80392027797643;1.5214130399954228778e-08;
882392.15947731514461;1.5210870785153929319e-08;
882725.5150343523128;1.5081292659147038648e-08;
883058.87059138948098;1.6728042950830968039e-08;
883392.22614842664916;1.592109555303977686e-08;
883725.58170546381734;1.6032972283142044034e-08;
884058.93726250098553;1.470867427855182541e-08;
884392.29281953815371;1.5356931726273614913e-08;
884725.64837657532189;1.5567879430022912857e-08;
885059.00393361249007;1.6027170701704562816e-08;
885392.35949064965826;1.5755961868535450776e-08;
885725.71504768682644;1.5209668191573655349e-08;
886059.07060472399462;1.6562799132202599139e-08;
886392.4261617611628;1.4836093242820425075e-08;
886725.78171879833099;1.6298065119713101012e-08;
887059.13727583549917;1.6106879385802130855e-08;
887392.49283287266735;1.5916508999680445413e-08;
887725.84838990983553;1.5144879128570210014e-08;
888059.20394694700371;1.5727946944821269426e-08;
888392.5595039841719;1.6025227367322258942e-08;
888725.91506102134008;1.5809582976089586737e-08;
889059.27061805850826;1.6171409100707023754e-08;
889392.62617509567644;1.5391151464427821338e-08;
889725.98173213284463;1.4850148666312179557e-08;
890059.33728917001281;1.6288563386979149072e-08;
890392.69284620718099;1.5658061514045584772e-08;
890726.04840324434917;1.6139082958943617996e-08;
891059.40396028151736;1.490775680679234938e-08;
891392.75951731868554;1.5804056729962212557e-08;
891726.11507435585372;1.5224237870370416204e-08;
892059.4706313930219;1.6065593300140790234e-08;
892392.82618843019009;1.5446707024580064171e-08;
892726.18174546735827;1.5911981066096814175e-08;
893059.53730250452645;1.5963076194225322979e-08;
893392.89285954169463;1.6311126671553211054e-08;
893726.24841657886282;1.5481315784882099251e-08;
894059.603973616031;1.6632426991236570757e-08;
894392.95953065319918;1.542094985040876054e-08;
894726.31508769036736;1.5465577263285013032e-08;
895059.67064472753555;1.5200907199641733314e-08;
895393.02620176470373;1.6833785920766786148e-08;
895726.38175880187191;1.6129163782352406997e-08;
896059.73731583904009;1.6319036788559060369e-08;
896393.09287287620828;1.5788213403311601724e-08;
896726.44842991337646;1.5027579181037253875e-08;
897059.80398695054464;1.5630963190460533951e-08;
897393.15954398771282;1.5848792500605668465e-08;
897726.51510102488101;1.6324742446727213974e-08;
898059.87065806204919;1.5347250581498883548e-08;
898393.22621509921737;1.5836212341469035891e-08;
898726.58177213638555;1.5878695691640132281e-08;
899059.93732917355374;1.5237134221024462022e-08;
899393.29288621072192;1.6112624123820751265e-08;
899726.6484432478901;2.5802529890484038333e-08;
900060.00400028505828;1.6318377760171642876e-08;
900393.35955732222646;1.5866481462012416159e-08;
900726.71511435939465;1.5573348832731426228e-08;
901060.07067139656283;1.5708065959074701823e-08;
901393.42622843373101;1.4869543818463171192e-08;
901726.78178547089919;1.5667279029685232672e-08;
902060.13734250806738;1.6369169131280614238e-08;
902393.49289954523556;1.5197995750781956303e-08;
902726.84845658240374;1.5000569675294173067e-08;
903060.20401361957192;1.5542138243063163827e-08;
903393.55957065674011;1.5776429052039020462e-08;
903726.91512769390829;1.6281868298051449528e-08;
904060.27068473107647;1.5510988049527441035e-08;
904393.62624176824465;1.5880898374120988592e-08;
904726.98179880541284;1.6061331820083069033e-08;
905060.33735584258102;1.5966666211397750885e-08;
905393.6929128797492;1.5990329060855401622e-08;
905727.04846991691738;1.6646751532789494377e-08;
906060.40402695408557;1.6015714976447270601e-08;
906393.75958399125375;1.5397155550544994185e-08;
906727.11514102842193;1.5291890420598974742e-08;
907060.47069806559011;1.5495301042278697423e-08;
907393.8262551027583;1.644875702311310306e-08;
907727.18181213992648;1.5751753679182911583e-08;
908060.53736917709466;1.4937223014044320735e-08;
908393.89292621426284;1.5843697909190268547e-08;
908727.24848325143103;1.5849794365863090206e-08;
909060.60404028859921;1.6034098493378223793e-08;
909393.95959732576739;1.6329389396219085029e-08;
909727.31515436293557;1.6458152174436690984e-08;
910060.67071140010376;1.5189828062034393952e-08;
910394.02626843727194;1.5811110642971470952e-08;
910727.38182547444012;1.5687273702269521891e-08;
911060.7373825116083;1.583754816181226488e-08;
911394.09293954877649;1.5267678676877949329e-08;
911727.44849658594467;1.6331512142642168328e-08;
912060.80405362311285;1.4981109686118543323e-08;
912394.15961066028103;1.4377051549274710851e-08;
912727.51516769744921;1.5701472122486848093e-08;
913060.8707247346174;1.5717036561113673088e-08;
913394.22628177178558;1.6151732395996987179e-08;
913727.58183880895376;1.626237278173903178e-08;
914060.93739584612194;1.539499194791460468e-08;
914394.29295288329013;1.5874567438345366099e-08;
914727.64850992045831;1.6632574428854240978e-08;
915061.00406695762649;1.6067794206264807144e-08;
915394.35962399479467;1.6580411710265252623e-08;
915727.71518103196286;1.5581614221105155593e-08;
916061.07073806913104;1.6511320310996779881e-08;
916394.42629510629922;1.5743566450510115828e-08;
916727.7818521434674;1.5192577862421785539e-08;
917061.13740918063559;1.6237251543316233438e-08;
917394.49296621780377;1.5815611931202511187e-08;
917727.84852325497195;1.4837526762789821078e-08;
918061.20408029214013;1.6845381978214390983e-08;
918394.55963732930832;1.63391167262716408e-08;
918727.9151943664765;1.5484960869116548565e-08;
919061.27075140364468;1.6314880113554863783e-08;
919394.62630844081286;1.5368996741926821414e-08;
919727.98186547798105;1.5329169045230628399e-08;
920061.33742251514923;1.6255775392437499249e-08;
920394.69297955231741;1.5068872372125952097e-08;
920728.04853658948559;1.4427551597862020571e-08;
921061.40409362665378;1.6410774961173046904e-08;
921394.75965066382196;1.5440276612821435265e-08;
921728.11520770099014;1.566854557211172505e-08;
922061.47076473815832;1.5724632262958948559e-08;
922394.82632177532651;1.5470794423322331568e-08;
922728.18187881249469;1.6543490133358318417e-08;
923061.53743584966287;1.5735547975737063098e-08;
923394.89299288683105;1.6007557945840744651e-08;
923728.24854992399924;1.5760058147407107754e-08;
924061.60410696116742;1.568137797391955246e-08;
924394.9596639983356;1.5589144197747373255e-08;
924728.31522103550378;1.620166401039568882e-08;
925061.67077807267196;1.5870217140445674886e-08;
925395.02633510984015;1.5865952107674274885e-08;
925728.38189214700833;1.5831984612191263295e-08;
926061.73744918417651;1.667478954914258793e-08;
926395.09300622134469;1.517094716518840869e-08;
926728.44856325851288;1.5325804625376804324e-08;
927061.80412029568106;1.5442447320879182371e-08;
927395.15967733284924;1.6608893815828196239e-08;
927728.51523437001742;1.5721537849344713322e-08;
928061.87079140718561;1.5700866384804612608e-08;
928395.22634844435379;1.6331082264287033468e-08;
928728.58190548152197;1.5773796491203029291e-08;
929061.93746251869015;1.6350975684531476873e-08;
929395.29301955585834;1.5868014457964818575e-08;
929728.64857659302652;1.6392707635759506957e-08;
930062.0041336301947;1.5092211924638831988e-08;
930395.35969066736288;1.5608790704391140025e-08;
930728.71524770453107;1.6796624535686532909e-08;
931062.07080474169925;1.6442228911728307139e-08;
931395.42636177886743;1.6442950112605103641e-08;
931728.78191881603561;1.5860546653811979922e-08;
932062.1374758532038;1.652812464669750625e-08;
932395.49303289037198;1.6103088640306850721e-08;
932728.84858992754016;1.6134038105519721285e-08;
933062.20414696470834;1.4947749704674606619e-08;
933395.55970400187653;1.5303259104371136345e-08;
933728.91526103904471;1.5765984073823346989e-08;
934062.27081807621289;1.5682450893450550211e-08;
934395.62637511338107;1.5942898556886575534e-08;
934728.98193215054926;1.5863889757383731194e-08;
935062.33748918771744;1.5512460649347303843e-08;
935395.69304622488562;1.659932635789118649e-08;
935729.0486032620538;1.6068216979192584404e-08;
936062.40416029922199;1.5928620200611476321e-08;
936395.75971733639017;1.5086486726545444981e-08;
936729.11527437355835;1.6045312634105357574e-08;
937062.47083141072653;1.7081214664926847036e-08;
937395.82638844789471;1.6006854508532342152e-08;
937729.1819454850629;1.527293669312257407e-08;
938062.53750252223108;1.6028888438768262859e-08;
938395.89305955939926;1.623046408383288508e-08;
938729.24861659656744;1.618081491017164808e-08;
939062.60417363373563;1.5703735201100244012e-08;
939395.95973067090381;1.611024735836963373e-08;
939729.31528770807199;1.7188737544415744196e-08;
940062.67084474524017;1.6777809364043605456e-08;
940396.02640178240836;1.5663344399285961117e-08;
940729.38195881957654;1.596868592912414897e-08;
941062.73751585674472;1.5497860772484273184e-08;
941396.0930728939129;1.6137580161057485384e-08;
941729.44862993108109;1.6670279379127350694e-08;
942062.80418696824927;1.5913657946953208011e-08;
942396.15974400541745;1.7203298341428308049e-08;
942729.51530104258563;1.6233743238558417943e-08;
943062.87085807975382;1.6125932589261537942e-08;
943396.226415116922;1.5654238794127195433e-08;
943729.58197215409018;1.5017814547491070698e-08;
944062.93752919125836;1.6178910655639811011e-08;
944396.29308622842655;1.5892453575361287221e-08;
944729.64864326559473;1.7224374815327792021e-08;
945063.00420030276291;1.6267144076209660852e-08;
945396.35975733993109;1.6600202101813010813e-08;
945729.71531437709928;1.6023342652715655277e-08;
946063.07087141426746;1.53880428399588709e-08;
946396.42642845143564;1.5925431640084752871e-08;
946729.78198548860382;1.6009357395319057105e-08;
947063.13754252577201;1.7158447107590291125e-08;
947396.49309956294019;1.6866108509816513106e-08;
947729.84865660010837;1.5655201579534150369e-08;
948063.20421363727655;1.5220519955505551479e-08;
948396.55977067444474;1.6818798798112766235e-08;
948729.91532771161292;1.5872949177264672471e-08;
949063.2708847487811;1.5744229031611212122e-08;
949396.62644178594928;1.6305625294421588478e-08;
949729.98199882311746;1.6103342659334884956e-08;
950063.33755586028565;1.659635273654203047e-08;
950396.69311289745383;1.5710742928831678e-08;
950730.04866993462201;1.628478685233858414e-08;
951063.40422697179019;1.6840026262343599228e-08;
951396.75978400895838;1.5934331187850148126e-08;
951730.11534104612656;1.6572229810662975069e-08;
952063.47089808329474;1.6843991090809140587e-08;
952396.82645512046292;1.6429293481223794515e-08;
952730.18201215763111;1.6103088640306850721e-08;
953063.53756919479929;1.5460416946666555305e-08;
953396.89312623196747;1.6670455238454451319e-08;
953730.24868326913565;1.6633450172776065301e-08;
954063.60424030630384;1.5569082023603186826e-08;
954396.95979734347202;1.667968341223513562e-08;
954730.3153543806402;1.6391009438621040317e-08;
955063.67091141780838;1.5811416176347847795e-08;
955397.02646845497657;1.6827192084178932419e-08;
955730.38202549214475;1.6458093554660990776e-08;
956063.73758252931293;1.5568179634328771499e-08;
956397.09313956648111;1.5922466900519793853e-08;
956730.4486966036493;1.5516194551423723169e-08;
957063.80425364081748;1.5621136384424971766e-08;
957397.15981067798566;1.6259944501939571637e-08;
957730.51536771515384;1.5122918028964704718e-08;
958063.87092475232203;1.656911408076666703e-08;
958397.22648178949021;1.6427504689886518463e-08;
958730.58203882665839;1.5239569606251279765e-08;
959063.93759586382657;1.5963832922238907486e-08;
959397.29315290099476;1.6626117371743021067e-08;
959730.64870993816294;1.5773686357078986475e-08;
960064.00426697533112;1.6028042892912708339e-08;
960397.3598240124993;1.598187537865669583e-08;
960730.71538104966749;1.6034267247277966817e-08;
961064.07093808683567;1.6015828663284992217e-08;
961397.42649512400385;1.6042015715811430709e-08;
961730.78205216117203;1.648187719638372073e-08;
962064.13760919834021;1.6632837329666472215e-08;
962397.4931662355084;1.7317093536917127494e-08;
962730.84872327267658;1.6433450156227991101e-08;
963064.20428030984476;1.5278169840371447208e-08;
963397.55983734701294;1.6134944047507815412e-08;
963730.91539438418113;1.5899489724802151613e-08;
964064.27095142134931;1.6114436007796939521e-08;
964397.62650845851749;1.6029957805585581809e-08;
964730.98206549568567;1.5850657675287038728e-08;
965064.33762253285386;1.6406882963337920955e-08;
965397.69317957002204;1.5864531022202754684e-08;
965731.04873660719022;1.5873535375021674554e-08;
966064.4042936443584;1.6266973545953078428e-08;
966397.75985068152659;1.6276519687608015374e-08;
966731.11540771869477;1.7195411317061370937e-08;
967064.47096475586295;1.6223964394157519564e-08;
967397.82652179303113;1.607358157684757316e-08;
967731.18207883019932;1.5843559353356795327e-08;
968064.5376358673675;1.5880926795830418996e-08;
968397.89319290453568;1.650102632311245543e-08;
968731.24874994170386;1.6519154044658534986e-08;
969064.60430697887205;1.5725902358099119738e-08;
969397.95986401604023;1.7229066173740648082e-08;
969731.31542105320841;1.7005017838300773292e-08;
970064.67097809037659;1.6075247799562930595e-08;
970398.02653512754478;1.6797244484223483596e-08;
970731.38209216471296;1.5942310582772734051e-08;
971064.73764920188114;1.6838843208688558661e-08;
971398.09320623904932;1.6481472187024337472e-08;
971731.44876327621751;1.5572801714824890951e-08;
972064.80432031338569;1.6693899596020855824e-08;
972398.15987735055387;1.6213991926861126558e-08;
972731.51543438772205;1.5943767195381042256e-08;
973064.87099142489024;1.6406335845431385678e-08;
973398.22654846205842;1.6732156993271019019e-08;
973731.5821054992266;1.6095112798097943596e-08;
974064.93766253639478;1.6294114502102274855e-08;
974398.29321957356296;1.6519125622949104581e-08;
974731.64877661073115;1.6775304700900051103e-08;
975065.00433364789933;1.6670952618369483389e-08;
975398.35989068506751;1.6543403091873187805e-08;
975731.71544772223569;1.5967648536729939224e-08;
976065.07100475940388;1.5933714792026876239e-08;
976398.42656179657206;1.5072524561787759012e-08;
976731.78211883374024;1.6880189690482438891e-08;
977065.13767587090842;1.6507781808172694582e-08;
977398.49323290807661;1.6704783334375861159e-08;
977731.84878994524479;1.5754107351995116915e-08;
978065.20434698241297;1.6438070460367271153e-08;
978398.55990401958115;1.6646399814135293127e-08;
978731.91546105674934;1.7171684518757501792e-08;
979065.27101809391752;1.6162717386691838328e-08;
979398.6265751310857;1.6496969124091265257e-08;
979731.98213216825388;1.6486509935020876583e-08;
980065.33768920542207;1.6634180255437058804e-08;
980398.69324624259025;1.7214302872048392601e-08;
980732.04880327975843;1.6601484631451057794e-08;
981065.40436031692661;1.5122891383612113714e-08;
981398.7599173540948;1.5876212344778650731e-08;
981732.11547439126298;1.7006959396326237766e-08;
982065.47103142843116;1.6637425659382643062e-08;
982398.82658846559934;1.6036521444107165735e-08;
982732.18214550276753;1.6834880156579856703e-08;
983065.53770253993571;1.6376100475667954015e-08;
983398.89325957710389;1.6318864481945638545e-08;
983732.24881661427207;1.7339225166779215215e-08;
984065.60437365144026;1.6492883503360644681e-08;
984398.95993068860844;1.6554160708892595721e-08;
984732.31548772577662;1.6747653930337946804e-08;
985065.6710447629448;1.5545332132660405478e-08;
985399.02660180011299;1.6251492596097705245e-08;
985732.38215883728117;1.6736359853553040011e-08;
986065.73771587444935;1.6176409545209935459e-08;
986399.09327291161753;1.6047200901425640041e-08;
986732.44882994878571;1.5858734769835791667e-08;
987065.8043869859539;1.6880189690482438891e-08;
987399.15994402312208;1.5502271466516504006e-08;
987732.51550106029026;1.679500094553532108e-08;
988065.87105809745844;1.6865309149238782993e-08;
988399.22661513462663;1.7577709954252895841e-08;
988732.58217217179481;1.6657926593666161352e-08;
989065.93772920896299;1.7052192546884725743e-08;
989399.29328624613117;1.6968581206810995354e-08;
989732.64884328329936;1.5990131885246228194e-08;
990066.00440032046754;1.6035619054832750408e-08;
990399.35995735763572;1.6793791246527689509e-08;
990732.7155143948039;1.6171323835578732542e-08;
991066.07107143197209;1.5200827263583960303e-08;
991399.42662846914027;1.6140784708795763436e-08;
991732.78218550630845;1.5579150414168907446e-08;
992066.13774254347663;1.6239335209888849931e-08;
992399.49329958064482;1.5863498958879063139e-08;
992732.848856617813;1.6313219219910024549e-08;
993066.20441365498118;1.6352412757214551675e-08;
993399.55997069214936;1.5872643643888295628e-08;
993732.91552772931755;1.6492043286575608363e-08;
994066.27108476648573;1.6518081125127537234e-08;
994399.62664180365391;1.6222397647425168543e-08;
994732.98219884082209;1.6473453712251284742e-08;
995066.33775587799028;1.7215390002434105554e-08;
995399.69331291515846;1.6314681161588850955e-08;
995733.04886995232664;1.6453498119517462328e-08;
996066.40442698949482;1.6386460188755336276e-08;
996399.75998402666301;1.6374604783209179004e-08;
996733.11554106383119;1.6087028598121833056e-08;
997066.47109810099937;1.607095612143893959e-08;
997399.82665513816755;1.5679503917453985196e-08;
997733.18221217533574;1.6878351161153659632e-08;
998066.53776921250392;1.5225975147359349648e-08;
998399.8933262496721;1.6858644258377353253e-08;
998733.24888328684028;1.6397287083691480802e-08;
999066.60444032400846;1.6259516399941276177e-08;
999399.95999736117665;1.6143138381607968768e-08;
999733.31555439834483;1.7002209418137681496e-08;
1000066.671111435513;1.7236452265478874324e-08;
1000400.0266684726812;1.6271860303618268517e-08;
1000733.3822255098494;1.5736736358462621865e-08;
1001066.7377825470176;1.6485120823972465587e-08;
1001400.0933395841857;1.6831005922313124756e-08;
1001733.4488966213539;1.7476194713594850327e-08;
1002066.8044536585221;1.6718317397135251667e-08;
1002400.1600106956903;1.5813888865068292944e-08;
1002733.5155677328585;1.7133958252202319272e-08;
1003066.8711247700267;1.6765257626616403286e-08;
1003400.2266818071948;1.6374229971916065551e-08;
1003733.582238844363;1.6211942011068458669e-08;
1004066.9377958815312;1.6325316209986340255e-08;
1004400.2933529186994;1.6355832244130397157e-08;
1004733.6489099558676;1.6692991877675922296e-08;
1005067.0044669930357;1.6569522642839729087e-08;
1005400.3600240302039;1.5984010559577654931e-08;
1005733.7155810673721;1.7327653978327361983e-08;
1006067.0711381045403;1.583045516895253968e-08;
1006400.4266951417085;1.7349554681800327671e-08;
1006733.7822521788767;1.611740785278925614e-08;
1007067.1378092160448;1.6403452818281039072e-08;
1007400.493366253213;1.7017001141539367381e-08;
1007733.8489232903812;1.7052432355058044777e-08;
1008067.2044803275494;1.5645579054535119212e-08;
1008400.5600373647176;1.6364424482162576169e-08;
1008733.9155944018858;1.7087907977497707179e-08;
1009067.2711514390539;1.6499432931027513405e-08;
1009400.6267084762221;1.6163626881393611256e-08;
1009733.9822655133903;1.6658043833217561769e-08;
1010067.3378225505585;1.6758397336502639519e-08;
1010400.6933795877267;1.708691677038132184e-08;
1010734.0489366248948;1.6678686876048232079e-08;
1011067.404493662063;1.7269185192958502739e-08;
1011400.7600506992312;1.6924758483582991175e-08;
1011734.1156077363994;1.720613873601450905e-08;
1012067.4711647735676;1.6082083220680942759e-08;
1012400.8267218107358;1.5850963208663415571e-08;
1012734.1822788479039;1.6036521444107165735e-08;
1013067.5378358850721;1.6334267272100078117e-08;
1013400.8933929222403;1.6459365426158001355e-08;
1013734.2489499594085;1.7374992111740539258e-08;
1014067.6045069965767;1.752436951107938512e-08;
1014400.9600640337449;1.6683932457794981019e-08;
1014734.315621070913;1.6532160529436623619e-08;
1015067.6711781080812;1.6626760412918883958e-08;
1015401.0267351452494;1.6842925276705500437e-08;
1015734.3822921824176;1.7303046107031150314e-08;
1016067.7378492195858;1.6530679047832563811e-08;
1016401.093406256754;1.6800814961470678099e-08;
1016734.4489632939221;1.5782362083882617299e-08;
1017067.8045203310903;1.6715880235551594524e-08;
1017401.1600773682585;1.7954182141011187923e-08;
1017734.5156344054267;1.6768703758884839772e-08;
1018067.8711914425949;1.6184452888978739793e-08;
1018401.226748479763;1.6101221689268641057e-08;
1018734.5823055169312;1.6777189415506654768e-08;
1019067.9378625540994;1.6488074905396388203e-08;
1019401.2934195912676;1.641677194186286215e-08;
1019734.6489766284358;1.6585685713721431966e-08;
1020068.004533665604;1.6436365157801446912e-08;
1020401.3600907027721;1.6607435426863048633e-08;
1020734.7156477399403;1.7032043331255408702e-08;
1021068.0712047771085;1.5992885238347298582e-08;
1021401.4267618142767;1.6661555690689056064e-08;
1021734.7823188514449;1.6362930566060640558e-08;
1022068.1378758886131;1.6753833875782220275e-08;
1022401.4934329257812;1.6918397349741098878e-08;
1022734.8489899629494;1.6803323177327911253e-08;
1023068.2045470001176;1.7577123756495893758e-08;
1023401.5601040372858;1.7434951260497655312e-08;
1023734.915661074454;1.7963362353157208418e-08;
1024068.2712181116221;1.7051384304522798629e-08;
1024401.6267751487903;1.7577031385940244945e-08;
1024734.9823321859585;1.6788865409012032615e-08;
1025068.3378892231267;1.7085206138744979398e-08;
1025401.6934462602949;1.6665506308299882221e-08;
1025735.0490032974631;1.6058791629802726675e-08;
1026068.4045603346312;1.6903840105442213826e-08;
1026401.7601173717994;1.7454471645805824664e-08;
1026735.1156744089676;1.5938780961732845753e-08;
1027068.4712314461358;1.738323440747535642e-08;
1027401.826788483304;1.6604401409381353005e-08;
1027735.1823455204722;1.6933174862288069562e-08;
1028068.5379025576403;1.6784913015044367057e-08;
1028401.8934595948085;1.6549304149293675437e-08;
1028735.2490166319767;1.5852272383654053556e-08;
1029068.6045736691449;1.6543113545708365564e-08;
1029401.9601307063131;1.6847423012222861871e-08;
1029735.3156877434812;1.6546804815220639284e-08;
1030068.6712447806494;1.7606110347401227045e-08;
1030402.0268018178176;1.7367575821936043212e-08;
1030735.3823588549858;1.6808312963689786557e-08;
1031068.737915892154;1.6560065319026762154e-08;
1031402.0934729293222;1.7095894477847650705e-08;
1031735.4490299664903;1.6842303551811710349e-08;
1032068.8045870036585;1.693067552821503341e-08;
1032402.1601440408267;1.8382682043238673941e-08;
1032735.5157010779949;1.6914473377482863725e-08;
1033068.8712581151631;1.7030279408913884254e-08;
1033402.2268151523313;1.698110629888560652e-08;
1033735.5823721894994;1.7083674919149416382e-08;
1034068.9379292266676;1.6518168166612667846e-08;
1034402.2934862638358;1.6353446596895082621e-08;
1034735.649043301004;1.7900832816053480201e-08;
1035069.0046003381722;1.6893508814064261969e-08;
1035402.3601573753403;1.6494622556706417527e-08;
1035735.7157144125085;1.7562431509077214287e-08;
1036069.0712714496767;1.605244648317238898e-08;
1036402.4268284868449;1.7126886575624666875e-08;
1036735.7823855240131;1.8026334203113947297e-08;
1037069.1379425611813;1.6758278320594399702e-08;
1037402.4934995983494;1.725784315453893214e-08;
1037735.8490566355176;1.6946357206393258821e-08;
1038069.2046136726858;1.6177461148458860407e-08;
1038402.560170709854;1.6761045884550185292e-08;
1038735.9157277470222;1.7094363258252087689e-08;
1039069.2712847841904;1.6636313660001178505e-08;
1039402.6268418213585;1.7193357848555024248e-08;
1039735.9823988585267;1.6975556960119320138e-08;
1040069.3379558956949;1.6833194393939265865e-08;
1040402.6935129328631;1.6826659177127112343e-08;
1040736.0490699700313;1.7261209350749595615e-08;
1041069.4046270071995;1.6330480079318476783e-08;
1041402.7601840443676;1.6774656330653670011e-08;
1041736.1157410815358;1.6585364193133500521e-08;
1042069.471298118704;1.7399059970557573251e-08;
1042402.8268551558722;1.7246083672262102482e-08;
1042736.1824121930404;1.7270217256282194285e-08;
1043069.5379692302085;1.7909860261511312274e-08;
1043402.8935262673767;1.8309327387555640598e-08;
1043736.2490833045449;1.7312135724978361395e-08;
1044069.6046403417131;1.6417406101254528039e-08;
1044402.9601973788813;1.768897917031608813e-08;
1044736.3157544160495;1.6462141871897983947e-08;
1045069.6713114532176;1.6565941507451498182e-08;
1045403.0268684903858;1.6369714472830310115e-08;
1045736.382425527554;1.6901969601690325362e-08;
1046069.7379825647222;1.7274830454994116735e-08;
1046403.0935396018904;1.7613288605389243457e-08;
1046736.4490966390586;1.5566183009241285617e-08;
1047069.8046536762267;1.5643214723581877479e-08;
1047403.1602107133949;1.7681118791301742021e-08;
1047736.5157677505631;1.7020498788156146475e-08;
1048069.8713247877313;1.6443875594518431171e-08;
1048403.2268818248995;1.6590727014431649877e-08;
1048736.5824388619512;1.7150762587903045642e-08;
1049069.937995899003;1.7589911749382736161e-08;
1049403.2935529360548;1.7268790841740155884e-08;
1049736.6491099731065;1.7294597753902962722e-08;
1050070.0046670101583;1.7711617061877404922e-08;
1050403.3602240472101;1.7195592505458989763e-08;
1050736.7157810842618;1.6524204227152949898e-08;
1051070.0713381213136;1.7285698206137567468e-08;
1051403.4268951583654;1.6733419982983832597e-08;
1051736.7824521954171;1.7098598092957217887e-08;
1052070.1380092324689;1.7201545077227820002e-08;
1052403.4935662695207;1.7255812778671497654e-08;
1052736.8491233065724;1.6534977831383912417e-08;
1053070.2046803436242;1.6338141506366810063e-08;
1053403.560237380676;1.739756250174195884e-08;
1053736.9157944177277;1.6725515195048501482e-08;
1054070.2713514547795;1.8089304276713846775e-08;
1054403.6269084918313;1.764394674808045238e-08;
1054736.982465528883;1.6542269776209650445e-08;
1055070.3380225659348;1.8335400753244357475e-08;
1055403.6935796029866;1.7430938470397450146e-08;
1055737.0491366400383;1.8106630861325356818e-08;
1056070.4046936770901;1.9535171702500520041e-08;
1056403.7602507141419;1.7167582910815326613e-08;
1056737.1158077511936;1.6814130532338822377e-08;
1057070.4713647882454;1.7673480456892320944e-08;
1057403.8269218252972;1.752110634356540686e-08;
1057737.1824788623489;1.7151908338064458803e-08;
1058070.5380358994007;1.7162516741109357099e-08;
1058403.8935929364525;1.8078312180591638025e-08;
1058737.2491499735042;1.7721855982699707965e-08;
1059070.604707010556;1.6905294941693682631e-08;
1059403.9602640476078;1.7104696325986878946e-08;
1059737.3158210846595;1.8974917637137878046e-08;
1060070.6713781217113;1.7543529295949156221e-08;
1060404.0269351587631;1.8308973892544599948e-08;
1060737.3824921958148;1.669237548185265041e-08;
1061070.7380492328666;1.7457201906267982849e-08;
1061404.0936062699184;1.7153112708001572173e-08;
1061737.4491633069701;1.7390137330153265793e-08;
1062070.8047203440219;1.8403490287255408475e-08;
1062404.1602773810737;1.6653098455776671472e-08;
1062737.5158344181255;1.6814810877008312673e-08;
1063070.8713914551772;1.6697244475949446496e-08;
1063404.226948492229;1.6990863827004432096e-08;
1063737.5825055292808;1.7046740907744606375e-08;
1064070.9380625663325;1.7953110997837029572e-08;
1064404.2936196033843;1.7287003828414526652e-08;
1064737.6491766404361;1.6311327399876063282e-08;
1065071.0047336774878;1.7742914693030797935e-08;
1065404.3602907145396;1.7722012302101575187e-08;
1065737.7158477515914;1.7208254377010234748e-08;
1066071.0714047886431;1.7061541512930489262e-08;
1066404.4269618256949;1.6635320676527953765e-08;
1066737.7825188627467;1.8911656241016316926e-08;
1067071.1380758997984;1.7101061899893466034e-08;
1067404.4936329368502;1.8141145474714903685e-08;
1067737.849189973902;1.7894983272981335176e-08;
1068071.2047470109537;1.7889703940454637632e-08;
1068404.5603040480055;1.8011583335919567617e-08;
1068737.9158610850573;1.6376100475667954015e-08;
1069071.271418122109;1.7704429922105191508e-08;
1069404.6269751591608;1.7751830228007747792e-08;
1069737.9825321962126;1.7128179763403750258e-08;
1070071.3380892332643;1.767472213032306172e-08;
1070404.6936462703161;1.749167566345022351e-08;
1070738.0492033073679;1.7734500090682558948e-08;
1071071.4047603444196;1.7314539135782069934e-08;
1071404.7603173814714;1.7712673994196848071e-08;
1071738.1158744185232;1.7253780626447223767e-08;
1072071.4714314555749;1.7317672629246771976e-08;
1072404.8269884926267;1.7752610048660244502e-08;
1072738.1825455296785;1.7390290096841454215e-08;
1073071.5381025667302;1.7292956400183356891e-08;
1073404.893659603782;1.7555121800683082256e-08;
1073738.2492166408338;1.7429591991913184756e-08;
1074071.6047736778855;1.7374809146986081032e-08;
1074404.9603307149373;1.7114945904950218392e-08;
1074738.3158877519891;1.7803298391072530649e-08;
1075071.6714447890408;1.7029860188699785795e-08;
1075405.0270018260926;1.7115006301082758e-08;
1075738.3825588631444;1.8014114644415712974e-08;
1076071.7381159001961;1.8241875565649934288e-08;
1076405.0936729372479;1.7250599171347857919e-08;
1076738.4492299742997;1.7360864745796789066e-08;
1077071.8047870113514;1.7418939179947301454e-08;
1077405.1603440484032;1.7005733710107051593e-08;
1077738.515901085455;1.8110608124288773979e-08;
1078071.8714581225067;1.7160104448521451559e-08;
1078405.2270151595585;1.6900454369306316948e-08;
1078738.5825721966103;1.7044404998500795045e-08;
1079071.938129233662;1.7012427022677911737e-08;
1079405.2936862707138;1.836479945893643162e-08;
1079738.6492433077656;1.7123396034435245383e-08;
1080072.0048003448173;1.746352040754572954e-08;
1080405.3603573818691;1.7590776835163524083e-08;
1080738.7159144189209;1.7888194037141147419e-08;
1081072.0714714559726;1.8710146321154752513e-08;
1081405.4270284930244;1.6930943758097782847e-08;
1081738.7825855300762;1.7104605731788069534e-08;
1082072.1381425671279;1.8203396123794846062e-08;
1082405.4936996041797;1.7236240879014985694e-08;
1082738.8492566412315;1.7501111670981117641e-08;
1083072.2048136782832;1.7130737717252486618e-08;
1083405.560370715335;1.7041411837226405623e-08;
1083738.9159277523868;1.6972784067093016347e-08;
1084072.2714847894385;1.9286826358211328625e-08;
1084405.6270418264903;1.689947559668780741e-08;
1084738.9825988635421;1.8152652714320538507e-08;
1085072.3381559005938;1.7376578398398123682e-08;
1085405.6937129376456;1.7637686866578405898e-08;
1085739.0492699746974;1.7993430745377736457e-08;
1086072.4048270117491;1.7818035047412195127e-08;
1086405.7603840488009;1.8857448935705178883e-08;
1086739.1159410858527;1.7716688560653892637e-08;
1087072.4714981229044;1.8217056307889833988e-08;
1087405.8270551599562;1.7282022923836848349e-08;
1087739.182612197008;1.7977191291151939367e-08;
1088072.5381692340598;1.703252294760204677e-08;
1088405.8937262711115;1.8214112884606947773e-08;
1088739.2492833081633;1.7832940457651602628e-08;
1089072.6048403452151;1.7689290032762983174e-08;
1089405.9603973822668;1.8739157781055837404e-08;
1089739.3159544193186;1.7649279371312331932e-08;
1090072.6715114563704;1.8600456286321787047e-08;
1090406.0270684934221;1.8394569423207940417e-08;
1090739.3826255304739;1.7690098275124910288e-08;
1091072.7381825675257;1.8268300649992852414e-08;
1091406.0937396045774;1.7275315400411273004e-08;
1091739.4492966416292;1.8045218652673611359e-08;
1092072.804853678681;1.7840962485138334159e-08;
1092406.1604107157327;1.775267222114962351e-08;
1092739.5159677527845;1.7531514018287452927e-08;
1093072.8715247898363;1.7869098201117594726e-08;
1093406.227081826888;1.7282721032074732648e-08;
1093739.5826388639398;1.716429665066243615e-08;
1094072.9381959009916;1.8743635976647965435e-08;
1094406.2937529380433;1.812076000362594641e-08;
1094739.6493099750951;1.7735839463739466737e-08;
1095073.0048670121469;1.7947812125385098625e-08;
1095406.3604240491986;1.7495178639137520804e-08;
1095739.7159810862504;1.7459992562862680643e-08;
1096073.0715381233022;1.8092132236802171974e-08;
1096406.4270951603539;1.6905353561469382839e-08;
1096739.7826521974057;1.7321962531013923581e-08;
1097073.1382092344575;1.769628354963970196e-08;
1097406.4937662715092;1.8721356909168207494e-08;
1097739.849323308561;1.7927959561347961426e-08;
1098073.2048803456128;1.7718090106200179434e-08;
1098406.5604373826645;1.8335690299409179715e-08;
1098739.9159944197163;1.8043190053163016273e-08;
1099073.2715514567681;1.6443124195575364865e-08;
1099406.6271084938198;1.8475597940437182842e-08;
1099739.9826655308716;1.8060410056364162301e-08;
1100073.3382225679234;1.7304717658817025949e-08;
1100406.6937796049751;1.6532334612406884844e-08;
1100740.0493366420269;1.7474967251018824754e-08;
1101073.4048936790787;1.7475182190196392185e-08;
1101406.7604507161304;1.9027158515427800012e-08;
1101740.1160077531822;1.865572762937972584e-08;
1102073.471564790234;1.7721170308959699469e-08;
1102406.8271218272857;1.7496807558359250834e-08;
1102740.1826788643375;1.8213343722095487465e-08;
1103073.5382359013893;1.8691059366915396822e-08;
1103406.893792938441;1.632861490463710652e-08;
1103740.2493499754928;1.8535478929493365285e-08;
1104073.6049070125446;1.8160021042490370746e-08;
1104406.9604640495963;1.8147966684978200647e-08;
1104740.3160210866481;1.7979843391913163941e-08;
1105073.6715781236999;1.7421847076093399664e-08;
1105407.0271351607516;1.7652411088420194574e-08;
1105740.3826921978034;1.8546879587688636093e-08;
1106073.7382492348552;1.8032510595844541967e-08;
1106407.0938062719069;1.7532345353288292245e-08;
1106740.4493633089587;1.7780607208806031849e-08;
1107073.8049203460105;1.7565424670351603709e-08;
1107407.1604773830622;1.78135906026000157e-08;
1107740.516034420114;1.8012405789136209933e-08;
1108073.8715914571658;1.8678159463547672203e-08;
1108407.2271484942175;1.8473974350285971013e-08;
1108740.5827055312693;1.8775404342363799515e-08;
1109073.9382625683211;1.8108030630514804216e-08;
1109407.2938196053728;1.7269458751911770378e-08;
1109740.6493766424246;1.7240722627320792526e-08;
1110074.0049336794764;1.8120410061328584561e-08;
1110407.3604907165281;1.8280820412996945379e-08;
1110740.7160477535799;1.7543559494015426026e-08;
1111074.0716047906317;1.7715256817041336035e-08;
1111407.4271618276834;1.7638027927091570746e-08;
1111740.7827188647352;1.8364154641403729329e-08;
1112074.138275901787;1.7548121178379005869e-08;
1112407.4938329388388;1.7193992007946690137e-08;
1112740.8493899758905;1.7742664226716442499e-08;
1113074.2049470129423;1.8630247566875368648e-08;
1113407.5605040499941;1.8040273275232721062e-08;
1113740.9160610870458;1.8392274370171435294e-08;
1114074.2716181240976;1.7625453097025456373e-08;
1114407.6271751611494;1.8042555893771350384e-08;
1114740.9827321982011;1.818827577437787113e-08;
1115074.3382892352529;1.9208684420846111607e-08;
1115407.6938462723047;1.8401065560169627133e-08;
1115741.0494033093564;1.8352093178464201628e-08;
1116074.4049603464082;1.6259601665069567389e-08;
1116407.76051738346;1.7690906517486837402e-08;
1116741.1160744205117;1.7767025184411977534e-08;
1117074.4716314575635;1.8993860706473242317e-08;
1117407.8271884946153;1.8561285841656172124e-08;
1117741.182745531667;1.8211007812851676135e-08;
1118074.5383025687188;1.8639610743775847368e-08;
1118407.8938596057706;1.7430970444820559351e-08;
1118741.2494166428223;1.8687940084305409982e-08;
1119074.6049736798741;1.7796731199837267923e-08;
1119407.9605307169259;1.8414064939520358166e-08;
1119741.3160877539776;1.8319333605631982209e-08;
1120074.6716447910294;1.7816720543351038941e-08;
1120408.0272018280812;1.8817704727780437679e-08;
1120741.3827588651329;1.9020674812963989098e-08;
1121074.7383159021847;1.7258996010127702903e-08;
1121408.0938729392365;1.8062916495864556055e-08;
1121741.4494299762882;1.8275233770737031591e-08;
1122074.80498701334;1.8599509488126386714e-08;
1122408.1605440503918;1.7555491282905677508e-08;
1122741.5161010874435;1.8526071343671901559e-08;
1123074.8716581244953;1.8102561227806290844e-08;
1123408.2272151615471;1.7786824457743932726e-08;
1123741.5827721985988;1.9492526703857038228e-08;
1124074.9383292356506;1.8527796186162959202e-08;
1124408.2938862727024;1.9053816302516679571e-08;
1124741.6494433097541;1.8205666307835599582e-08;
1125075.0050003468059;1.777713976025552256e-08;
1125408.3605573838577;1.8274720403610444919e-08;
1125741.7161144209094;1.7611771596648395644e-08;
1126075.0716714579612;1.8351222763612895506e-08;
1126408.427228495013;1.8733990359010022075e-08;
1126741.7827855320647;1.8653794953138458368e-08;
1127075.1383425691165;1.8989091188359452644e-08;
1127408.4938996061683;1.7987394684837454406e-08;
1127741.84945664322;1.8372382726283831289e-08;
1128075.2050136802718;1.7765714233064500149e-08;
1128408.5605707173236;1.8791078915114667325e-08;
1128741.9161277543753;1.8584060512694122735e-08;
1129075.2716847914271;1.8177926719431525271e-08;
1129408.6272418284789;1.9082859736840873666e-08;
1129741.9827988655306;1.8529457079807798436e-08;
1130075.3383559025824;1.8011931501860090066e-08;
1130408.6939129396342;1.877919864057275845e-08;
1130742.0494699766859;1.8930236933556443546e-08;
1131075.4050270137377;1.8743964602663254482e-08;
1131408.7605840507895;1.9440307141849189065e-08;
1131742.1161410878412;1.8112453759044910839e-08;
1132075.471698124893;1.8543817148497510061e-08;
1132408.8272551619448;1.8424321623911055212e-08;
1132742.1828121989965;1.9744181400938032311e-08;
1133075.5383692360483;1.7197526958057096635e-08;
1133408.8939262731001;1.8944408708421178744e-08;
1133742.2494833101518;1.7430449972266615077e-08;
1134075.6050403472036;1.8125758671772018715e-08;
1134408.9605973842554;1.8621413744313031202e-08;
1134742.3161544213071;1.8461712159023591084e-08;
1135075.6717114583589;1.842558461362386879e-08;
1135409.0272684954107;1.7692366682808824407e-08;
1135742.3828255324624;1.8453475192359292123e-08;
1136075.7383825695142;1.9532151895873539615e-08;
1136409.093939606566;1.9751293933722990914e-08;
1136742.4494966436177;1.8899003251249268942e-08;
1137075.8050536806695;1.8077900065804897167e-08;
1137409.1606107177213;1.8288529801679942466e-08;
1137742.5161677547731;1.8790847988725545292e-08;
1138075.8717247918248;1.8979919857997629151e-08;
1138409.2272818288766;1.8317532379796830355e-08;
1138742.5828388659284;1.8805476287298006355e-08;
1139075.9383959029801;1.9026423103696288308e-08;
1139409.2939529400319;1.8476280061463512538e-08;
1139742.6495099770837;1.9564570408192594186e-08;
1140076.0050670141354;1.8845128124667098746e-08;
1140409.3606240511872;1.7707510124864711543e-08;
1140742.716181088239;1.7874121738259418635e-08;
1141076.0717381252907;1.9035415022017332376e-08;
1141409.4272951623425;1.9252365035526963766e-08;
1141742.7828521993943;1.9154903441176429624e-08;
1142076.138409236446;2.0149524715407096664e-08;
1142409.4939662734978;1.8813274493822973454e-08;
1142742.8495233105496;1.7392338236277282704e-08;
1143076.2050803476013;2.0529443034433825233e-08;
1143409.5606373846531;1.8686199254602797737e-08;
1143742.9161944217049;1.9074782642292120727e-08;
1144076.2717514587566;1.8269648904833957204e-08;
1144409.6273084958084;1.9501158021739684045e-08;
1144742.9828655328602;1.7787010975212069752e-08;
1145076.3384225699119;1.826480300337607332e-08;
1145409.6939796069637;1.8800488277292970452e-08;
1145743.0495366440155;1.8244053379135038995e-08;
1146076.4050936810672;1.7807552765702894249e-08;
1146409.760650718119;1.9232624381970708782e-08;
1146743.1162077551708;2.0705613223981345072e-08;
1147076.4717647922225;1.8702751347632329271e-08;
1147409.8273218292743;1.840423458077111718e-08;
1147743.1828788663261;1.8598170115069478925e-08;
1148076.5384359033778;1.8017184189034196606e-08;
1148409.8939929404296;1.8522753109095901891e-08;
1148743.2495499774814;1.8917106103799596895e-08;
1149076.6051070145331;1.8185305705742393911e-08;
1149409.9606640515849;1.7668170926299353596e-08;
1149743.3162210886367;1.8734912288209670805e-08;
1150076.6717781256884;1.8190034367648877378e-08;
1150410.0273351627402;1.7741792035508296976e-08;
1150743.382892199792;1.8157022552145463123e-08;
1151076.7384492368437;1.8723561368005903205e-08;
1151410.0940062738955;1.8054794992394818109e-08;
1151743.4495633109473;1.8254826983366001514e-08;
1152076.805120347999;1.919572945041636558e-08;
1152410.1606773850508;1.7932148210775267216e-08;
1152743.5162344221026;1.8524573874856287148e-08;
1153076.8717914591543;1.9527348626979801338e-08;
1153410.2273484962061;1.7805488639055511157e-08;
1153743.5829055332579;1.8947037716543491115e-08;
1154076.9384625703096;1.8858376193975345814e-08;
1154410.2940196073614;1.8503206078435141535e-08;
1154743.6495766444132;1.8290007730570323474e-08;
1155077.0051336814649;1.7720175549129635328e-08;
1155410.3606907185167;1.8814894531260506483e-08;
1155743.7162477555685;1.7565023213705899252e-08;
1156077.0718047926202;1.8874251495049065852e-08;
1156410.427361829672;1.8898472120554288267e-08;
1156743.7829188667238;1.8758228748083638493e-08;
1157077.1384759037755;1.8574301208218457759e-08;
1157410.4940329408273;1.858288456446643977e-08;
1157743.8495899778791;1.8864273698682154645e-08;
1158077.2051470149308;1.9085875990754175291e-08;
1158410.5607040519826;1.7702253884976926201e-08;
1158743.9162610890344;1.812231964493093983e-08;
1159077.2718181260861;1.8620694319793074101e-08;
1159410.6273751631379;1.7839584032230959565e-08;
1159743.9829322001897;1.8134644008682698768e-08;
1160077.3384892372414;1.884373901361868775e-08;
1160410.6940462742932;1.8766336040698661236e-08;
1160744.049603311345;1.8534796808467035589e-08;
1161077.4051603483967;1.7615702674333988398e-08;
1161410.7607173854485;1.84079205212128727e-08;
1161744.1162744225003;1.9447993437893273949e-08;
1162077.471831459552;1.889820566702837823e-08;
1162410.8273884966038;1.8636892917811564985e-08;
1162744.1829455336556;1.90036733016540893e-08;
1163077.5385025707074;1.8854366956588819448e-08;
1163410.8940596077591;1.891969780842828186e-08;
1163744.2496166448109;1.883480216235966509e-08;
1164077.6051736818627;1.8277480862138872908e-08;
1164410.9607307189144;1.9460365763279696694e-08;
1164744.3162877559662;1.8488650610493095883e-08;
1165077.671844793018;1.8956626490762573667e-08;
1165411.0274018300697;1.7642985739030336845e-08;
1165744.3829588671215;1.8536978174665819097e-08;
1166077.7385159041733;1.9327424993775821349e-08;
1166411.094072941225;1.8039639115841055172e-08;
1166744.4496299782768;1.7585247036322471104e-08;
1167077.8051870153286;1.8336688611952922656e-08;
1167411.1607440523803;1.8041825811110356881e-08;
1167744.5163010894321;1.8651370226052677026e-08;
1168077.8718581264839;1.9486193991724576335e-08;
1168411.2274151635356;1.8884499297655565897e-08;
1168744.5829722005874;1.9939623285836205469e-08;
1169077.9385292376392;1.8027252579599917226e-08;
1169411.2940862746909;1.9556873454007472901e-08;
1169744.6496433117427;1.9132841089231078513e-08;
1170078.0052003487945;1.8049655992058433185e-08;
1170411.3607573858462;1.8740738738642903627e-08;
1170744.716314422898;1.8455486028301493207e-08;
1171078.0718714599498;1.8596830742012571136e-08;
1171411.4274284970015;1.9765455050446689711e-08;
1171744.7829855340533;2.0620779750402107311e-08;
1172078.1385425711051;1.8884268371266443864e-08;
1172411.4940996081568;1.9701806408534139337e-08;
1172744.8496566452086;1.8589709327443415532e-08;
1173078.2052136822604;1.8846089133717214281e-08;
1173411.5607707193121;1.8989224415122407663e-08;
1173744.9163277563639;1.818699857381034235e-08;
1174078.2718847934157;1.9091846326091399533e-08;
1174411.6274418304674;1.8495471820756392844e-08;
1174744.9829988675192;1.848267494608535344e-08;
1175078.338555904571;1.9258115102616102376e-08;
1175411.6941129416227;1.8658809608496085275e-08;
1175745.0496699786745;1.8560275094614553382e-08;
1176078.4052270157263;1.907679170187748241e-08;
1176411.760784052778;1.8914048993678989063e-08;
1176745.1163410898298;1.9357122127416914736e-08;
1177078.4718981268816;1.8973517867948430649e-08;
1177411.8274551639333;1.9357802472086405032e-08;
1177745.1830122009851;1.8518653277510566113e-08;
1178078.5385692380369;1.8467257945076198666e-08;
1178411.8941262750886;1.8892562181349603634e-08;
1178745.2496833121404;1.8717148719815668301e-08;
1179078.6052403491922;1.8592910322468014783e-08;
1179411.9607973862439;1.9703191966868871532e-08;
1179745.3163544232957;1.906834867781981302e-08;
1180078.6719114603475;1.8748607999441446736e-08;
1180412.0274684973992;1.7638090099580949754e-08;
1180745.383025534451;1.7470515700779287727e-08;
1181078.7385825715028;1.9674967433047640952e-08;
1181412.0941396085545;1.8509350496742627001e-08;
1181745.4496966456063;1.8412610103268889361e-08;
1182078.8052536826581;1.867097410013229819e-08;
1182412.1608107197098;1.8143280655635862786e-08;
1182745.5163677567616;1.7343824154636422463e-08;
1183078.8719247938134;1.9435629994291048206e-08;
1183412.2274818308651;1.8999001483166466642e-08;
1183745.5830388679169;1.9369334580687791458e-08;
1184078.9385959049687;1.9798120476366420917e-08;
1184412.2941529420204;1.9806888573725700553e-08;
1184745.6497099790722;1.9337816681286312814e-08;
1185079.005267016124;1.9080815150118723977e-08;
1185412.3608240531757;1.9127060824075670098e-08;
1185745.7163810902275;1.8893393516350442951e-08;
1186079.0719381272793;1.8590721850841873675e-08;
1186412.427495164331;1.8556592706886476662e-08;
1186745.7830522013828;1.9419248431518099096e-08;
1187079.1386092384346;1.912934521897113882e-08;
1187412.4941662754864;1.8832189141448907321e-08;
1187745.8497233125381;1.961877771350373223e-08;
1188079.2052803495899;1.9306588328049656411e-08;
1188412.5608373866417;1.8722213113164798415e-08;
1188745.9163944236934;1.883331357532824768e-08;
1189079.2719514607452;1.8618536046233202796e-08;
1189412.627508497797;1.9148476582131479518e-08;
1189745.9830655348487;1.9623328739726275671e-08;
1190079.3386225719005;1.8952830416196775332e-08;
1190412.6941796089523;1.8374642252183548408e-08;
1190746.049736646004;1.9708279452856913849e-08;
1191079.4052936830558;1.9010018448284426995e-08;
1191412.7608507201076;1.8962088788043729437e-08;
1191746.1164077571593;1.9123264749509871763e-08;
1192079.4719647942111;1.8692700720635002654e-08;
1192412.8275218312629;1.8479816787930758437e-08;
1192746.1830788683146;1.8569570769955134892e-08;
1193079.5386359053664;1.8871499918304834864e-08;
1193412.8941929424182;1.8454578309956559679e-08;
1193746.2497499794699;2.4939074805274685787e-08;
1194079.6053070165217;2.3281760519466843107e-08;
1194412.9608640535735;1.9908542370217219286e-08;
1194746.3164210906252;1.9885961322074763302e-08;
1195079.671978127677;1.9356102498591098993e-08;
1195413.0275351647288;1.8884964703147488763e-08;
1195746.3830922017805;1.8178438310201272543e-08;
1196079.7386492388323;1.9274631668508845905e-08;
1196413.0942062758841;1.7448586575596891635e-08;
1196746.4497633129358;2.0070284989515130292e-08;
1197079.8053203499876;1.9531672279526901548e-08;
1197413.1608773870394;1.9915468385534040863e-08;
1197746.5164344240911;1.8432091408726591908e-08;
1198079.8719914611429;2.0012368651123324526e-08;
1198413.2275484981947;1.9990899602362333098e-08;
1198746.5831055352464;1.9653860761081887176e-08;
1199079.9386625722982;1.9021744179781308048e-08;
1199413.29421960935;1.9433137765645369655e-08;
1199746.6497766464017;1.8686822755853427225e-08;
1200080.0053336834535;1.9325048228324703814e-08;
1200413.3608907205053;2.032297174991981592e-08;
1200746.716447757557;1.8699532589039336017e-08;
1201080.0720047946088;1.8969119608414075628e-08;
1201413.4275618316606;2.0422501023631411954e-08;
1201746.7831188687123;1.9184335897648452374e-08;
1202080.1386759057641;1.8162829462653462542e-08;
1202413.4942329428159;1.9572098608477972448e-08;
1202746.8497899798676;2.0469338224415878358e-08;
1203080.2053470169194;1.877913291536970064e-08;
1203413.5609040539712;1.9014894547808580683e-08;
1203746.9164610910229;1.8623147468588285847e-08;
1204080.2720181280747;1.8824085401547563379e-08;
1204413.6275751651265;1.9543170637348339369e-08;
1204746.9831322021782;1.8624227493546641199e-08;
1205080.33868923923;1.8505319943074027833e-08;
1205413.6942462762818;1.7858397427517047618e-08;
1205747.0498033133335;1.9100870218835552805e-08;
1206080.4053603503853;2.0153418489599062013e-08;
1206413.7609173874371;1.9453153754511731677e-08;
1206747.1164744244888;2.0222184815565924509e-08;
1207080.4720314615406;1.9500747683309782587e-08;
1207413.8275884985924;1.9002571960413661145e-08;
1207747.1831455356441;1.8961122449923095701e-08;
1208080.5387025726959;1.9834743625324335881e-08;
1208413.8942596097477;1.9215367075275935349e-08;
1208747.2498166467994;1.9752404156747616071e-08;
1209080.6053736838512;1.8362960929607652361e-08;
1209413.960930720903;1.9257337058320445067e-08;
1209747.3164877579547;2.3670533977337981923e-08;
1210080.6720447950065;2.4523219011030050751e-08;
1210414.0276018320583;1.8657235756336376653e-08;
1210747.38315886911;1.837628893497367244e-08;
1211080.7387159061618;1.9693986885727099434e-08;
1211414.0942729432136;1.8394537448784831213e-08;
1211747.4498299802653;1.8032036308568422101e-08;
1212080.8053870173171;2.026197698512532952e-08;
1212414.1609440543689;1.8537694046472097398e-08;
1212747.5165010914207;2.0158624991495344148e-08;
1213080.8720581284724;1.9780843629746414081e-08;
1213414.2276151655242;1.8730798245769619825e-08;
1213747.583172202576;1.9486638080934426398e-08;
1214080.9387292396277;1.9713993992809264455e-08;
1214414.2942862766795;1.872948196535162424e-08;
1214747.6498433137313;1.893515921835842164e-08;
1215081.005400350783;1.8182015892875824647e-08;
1215414.3609573878348;1.8629691567184636369e-08;
1215747.7165144248866;1.9844607734853525471e-08;
1216081.0720714619383;2.0198823946770971816e-08;
1216414.4276284989901;1.9099292813962165383e-08;
1216747.7831855360419;1.9307742959995266574e-08;
1217081.1387425730936;1.9029464226605341537e-08;
1217414.4942996101454;1.8701699744383404322e-08;
1217747.8498566471972;1.8332823259470387711e-08;
1218081.2054136842489;1.9525188577063090634e-08;
1218414.5609707213007;1.9634672554502685671e-08;
1218747.9165277583525;1.9892494762530077423e-08;
1219081.2720847954042;1.9290791186676869984e-08;
1219414.627641832456;1.8884135144503488846e-08;
1219747.9831988695078;2.1252205328892159741e-08;
1220081.3387559065595;1.9722410371514342842e-08;
1220414.6943129436113;1.8682785096757470455e-08;
1220748.0498699806631;1.782933978233813832e-08;
1221081.4054270177148;1.9569588616263899894e-08;
1221414.7609840547666;2.0485778406964527676e-08;
1221748.1165410918184;1.9599555756144582119e-08;
1222081.4720981288701;1.9386559912959455687e-08;
1222414.8276551659219;1.9077830870628531557e-08;
1222748.1832122029737;1.9829030861728824675e-08;
1223081.5387692400254;1.929296011837777769e-08;
1223414.8943262770772;2.0020703317413790501e-08;
1223748.249883314129;1.9185954158729146002e-08;
1224081.6054403511807;1.9362156322699775046e-08;
1224414.9609973882325;1.9039093857031730295e-08;
1224748.3165544252843;1.9210403934266651049e-08;
1225081.672111462336;2.0493661878617785987e-08;
1225415.0276684993878;1.8826368020086192701e-08;
1225748.3832255364396;2.0131233569031792285e-08;
1226081.7387825734913;2.0025206382001670136e-08;
1226415.0943396105431;2.0359383512413842254e-08;
1226748.4498966475949;1.8827757131134603696e-08;
1227081.8054536846466;2.0128970490418396366e-08;
1227415.1610107216984;1.9727123046209271706e-08;
1227748.5165677587502;2.0725591909354079689e-08;
1228081.8721247958019;2.0062776329154985433e-08;
1228415.2276818328537;1.9580284060793928802e-08;
1228748.5832388699055;2.0131233569031792285e-08;
1229081.9387959069572;2.0022989488666098623e-08;
1229415.294352944009;1.9845652232675092819e-08;
1229748.6499099810608;2.0419811619376559975e-08;
1230082.0054670181125;2.017467259918248601e-08;
1230415.3610240551643;1.8920594868632178986e-08;
1230748.7165810922161;1.8990791161854758684e-08;
1231082.0721381292678;1.9931707839759837952e-08;
1231415.4276951663196;1.9992867805740388576e-08;
1231748.7832522033714;1.9673136009146219294e-08;
1232082.1388092404231;1.9517917948519425408e-08;
1232415.4943662774749;1.9804069495421572356e-08;
1232748.8499233145267;1.8727343231716986338e-08;
1233082.2054803515784;1.8872162499405931158e-08;
1233415.5610373886302;1.9844607734853525471e-08;
1233748.916594425682;1.9457733202443705522e-08;
1234082.2721514627337;1.9828403807764516387e-08;
1234415.6277084997855;1.8542710478186563705e-08;
1234748.9832655368373;1.9878033441500519984e-08;
1235082.338822573889;2.0227052033305881196e-08;
1235415.6943796109408;1.9383495697411490255e-08;
1235749.0499366479926;1.9687794505784950161e-08;
1236082.4054936850443;1.9465357325998411397e-08;
1236415.7610507220961;1.8652254851758698351e-08;
1236749.1166077591479;1.9816145169215815258e-08;
1237082.4721647961996;1.9998136480126049719e-08;
1237415.8277218332514;1.9147904595229192637e-08;
1237749.1832788703032;1.9016164642948751862e-08;
1238082.538835907355;1.9534073913973770686e-08;
1238415.8943929444067;1.8713135929715463135e-08;
1238749.2499499814585;2.0041781567670113873e-08;
1239082.6055070185103;2.0592255012275018089e-08;
1239415.961064055562;2.0894598051768298319e-08;
1239749.3166210926138;1.9482085278355043556e-08;
1240082.6721781296656;1.8891434194756584475e-08;
1240416.0277351667173;2.0254503851901972666e-08;
1240749.3832922037691;1.9717873556146514602e-08;
1241082.7388492408209;1.9821646546347437834e-08;
1241416.0944062778726;2.0613862616869482736e-08;
1241749.4499633149244;1.8850592198305093916e-08;
1242082.8055203519762;1.9671752227168326499e-08;
1242416.1610773890279;1.9908716453187480511e-08;
1242749.5166344260797;1.9471274370630453632e-08;
1243082.8721914631315;1.9696754449682885024e-08;
1243416.2277485001832;1.9939832895943254698e-08;
1243749.583305537235;1.988935061092433898e-08;
1244082.9388625742868;1.9475105972333039972e-08;
1244416.2944196113385;1.8436917770259242388e-08;
1244749.6499766483903;1.9924215166611247696e-08;
1245083.0055336854421;1.9906059023355737736e-08;
1245416.3610907224938;2.0839648229298290971e-08;
1245749.7166477595456;2.0263650313268044556e-08;
1246083.0722047965974;1.9141078055895377474e-08;
1246416.4277618336491;1.9195661948856468371e-08;
1246749.7833188707009;2.0491789598509058123e-08;
1247083.1388759077527;1.9717319332812621724e-08;
1247416.4944329448044;2.0372908693389035761e-08;
1247749.8499899818562;1.9802225637022274896e-08;
1248083.205547018908;1.9961527542022849957e-08;
1248416.5611040559597;2.010140676134142268e-08;
1248749.9166610930115;1.9885018076593041769e-08;
1249083.2722181300633;1.9919175642257869185e-08;
1249416.627775167115;1.9687206531671108678e-08;
1249749.9833322041668;2.0165353831202992296e-08;
1250083.3388892412186;1.9072269097364369372e-08;
1250416.6944462782703;1.9668608075562588056e-08;
1250750.0500033153221;1.9106240145561059762e-08;
1251083.4055603523739;2.0457978422427913756e-08;
1251416.7611173894256;2.0500971587011918018e-08;
1251750.1166744264774;1.9926035932371632953e-08;
1252083.4722314635292;2.0001087008836293535e-08;
1252416.8277885005809;1.9307165644022461493e-08;
1252750.1833455376327;2.0422644908535403374e-08;
1253083.5389025746845;2.0722715987631090684e-08;
1253416.8944596117362;2.0989256555026258866e-08;
1253750.250016648788;2.0785352106145182915e-08;
1254083.6055736858398;2.0083758656141981191e-08;
1254416.9611307228915;1.898402146593980433e-08;
1254750.3166877599433;1.9904835113493390963e-08;
1255083.6722447969951;2.0077303375387600681e-08;
1255417.0278018340468;1.9898191538914034027e-08;
1255750.3833588710986;2.1228920843441301258e-08;
1256083.7389159081504;1.9549556640185983269e-08;
1256417.0944729452021;2.0487181728867653874e-08;
1256750.4500299822539;1.9863755085225420771e-08;
1257083.8055870193057;2.0053827043398086971e-08;
1257417.1611440563574;2.0436857539607444778e-08;
1257750.5167010934092;1.9620811642084845516e-08;
1258083.872258130461;2.0342366013892387855e-08;
1258417.2278151675127;1.9118763461278831528e-08;
1258750.5833722045645;1.9834779152461123886e-08;
1259083.9389292416163;1.865317145188782888e-08;
1259417.294486278668;2.026105150321200199e-08;
1259750.6500433157198;2.0005128220645929105e-08;
1260084.0056003527716;1.9246108706738596084e-08;
1260417.3611573898233;2.0031080794069566764e-08;
1260750.7167144268751;1.9602619971692547551e-08;
1261084.0722714639269;2.0021159841121516365e-08;
1261417.4278285009786;1.9929116135131152987e-08;
1261750.7833855380304;1.9609336376902319898e-08;
1262084.1389425750822;1.925764259169682191e-08;
1262417.4944996121339;1.9607821144518311485e-08;
1262750.8500566491857;1.9311949372990966367e-08;
1263084.2056136862375;2.1044083808874347596e-08;
1263417.5611707232893;1.9945158413747776649e-08;
1263750.916727760341;2.0229895980605760997e-08;
1264084.2722847973928;2.0588419857858752948e-08;
1264417.6278418344446;2.0032171477168958518e-08;
1264750.9833988714963;2.0082277174537921383e-08;
1265084.3389559085481;1.957608830593926541e-08;
1265417.6945129455999;2.1012462880776183738e-08;
1265751.0500699826516;2.0356880625627127301e-08;
1266084.4056270197034;1.8957093672611335933e-08;
1266417.7611840567552;1.9469734269250693615e-08;
1266751.1167410938069;2.007232957623727998e-08;
1267084.4722981308587;1.983310582431840885e-08;
1267417.8278551679105;1.9840598497466999106e-08;
1267751.1834122049622;2.0836388614497991512e-08;
1268084.538969242014;2.0264895539412464132e-08;
1268417.8945262790658;2.0254146804177253216e-08;
1268751.2500833161175;1.926728643297792587e-08;
1269084.6056403531693;2.0784769461101859633e-08;
1269417.9611973902211;1.9708764398274070118e-08;
1269751.3167544272728;2.0720312576827382145e-08;
1270084.6723114643246;2.0369686382082363707e-08;
1270418.0278685013764;2.1244142445198122005e-08;
1270751.3834255384281;2.1489210411118619959e-08;
1271084.7389825754799;1.9826348562901330297e-08;
1271418.0945396125317;2.0418950086309450853e-08;
1271751.4500966495834;2.0390919175383714901e-08;
1272084.8056536866352;1.979318220435288822e-08;
1272418.161210723687;2.03597068093586131e-08;
1272751.5167677607387;2.0184634408337842615e-08;
1273084.8723247977905;2.0004847556265303865e-08;
1273418.2278818348423;2.0824387547691003419e-08;
1273751.583438871894;2.0412601386965434358e-08;
1274084.9389959089458;2.0818863077920468641e-08;
1274418.2945529459976;1.9004142259859690967e-08;
1274751.6501099830493;1.957041462219422101e-08;
1275085.0056670201011;1.9773512605070209247e-08;
1275418.3612240571529;2.0037768777569908707e-08;
1275751.7167810942046;1.8922357014616864035e-08;
1276085.0723381312564;1.8860463413261641108e-08;
1276418.4278951683082;2.0158942959369596792e-08;
1276751.7834522053599;1.9714235577339422889e-08;
1277085.1390092424117;2.0523060584309860133e-08;
1277418.4945662794635;2.0647133780471449427e-08;
1277751.8501233165152;2.0221047947188708349e-08;
1278085.205680353567;1.8988689731713748188e-08;
1278418.5612373906188;1.9576981813429483736e-08;
1278751.9167944276705;2.0463692962380264362e-08;
1279085.2723514647223;2.0881314455323263246e-08;
1279418.6279085017741;2.0731855343569804973e-08;
1279751.9834655388258;2.0930233546323506744e-08;
1280085.3390225758776;1.9977806076099113852e-08;
1280418.6945796129294;2.0227584940357701271e-08;
1280752.0501366499811;1.9935630035661233705e-08;
1281085.4056936870329;2.0481136786543174821e-08;
1281418.7612507240847;1.9678665807987272274e-08;
1281752.1168077611364;1.979878128111067781e-08;
1282085.4723647981882;2.1133738314915717638e-08;
1282418.82792183524;2.1516672887855747831e-08;
1282752.1834788722917;1.9754693880713602994e-08;
1283085.5390359093435;1.8742648322245258896e-08;
1283418.8945929463953;1.9760525660217354016e-08;
1283752.250149983447;2.0989551430261599307e-08;
1284085.6057070204988;2.0355914287506493565e-08;
1284418.9612640575506;2.1016965945364063373e-08;
1284752.3168210946023;1.924742853987027047e-08;
1285085.6723781316541;2.1258442117755294021e-08;
1285419.0279351687059;2.037609370120208041e-08;
1285752.3834922057576;1.9195999456655954418e-08;
1286085.7390492428094;2.1073716993669222575e-08;
1286419.0946062798612;2.0340044315503291728e-08;
1286752.4501633169129;2.0344224083146400517e-08;
1287085.8057203539647;1.976239971668292128e-08;
1287419.1612773910165;2.0341616391306160949e-08;
1287752.5168344280683;1.9774276438511151355e-08;
1288085.87239146512;2.1098534475072483474e-08;
1288419.2279485021718;1.9290654407200236164e-08;
1288752.5835055392236;1.9506778414779546438e-08;
1289085.9390625762753;1.962863827031924302e-08;
1289419.2946196133271;2.1044009201887092786e-08;
1289752.6501766503789;2.0831851799130163272e-08;
1290086.0057336874306;2.070055771241641196e-08;
1290419.3612907244824;1.9862568478856701404e-08;
1290752.7168477615342;1.9823909624960833753e-08;
1291086.0724047985859;2.0676242939998701331e-08;
1291419.4279618356377;1.9127799788520860602e-08;
1291752.7835188726895;2.0339365747190640832e-08;
1292086.1390759097412;2.0151684765323807369e-08;
1292419.494632946793;2.0492294083851447795e-08;
1292752.8501899838448;2.0546110590657917783e-08;
1293086.2057470208965;1.9999506051249227312e-08;
1293419.5613040579483;2.0708158743332205631e-08;
1293752.9168610950001;2.053680070446262107e-08;
1294086.2724181320518;2.0221936125608408474e-08;
1294419.6279751691036;1.9958266150865711097e-08;
1294752.9835322061554;1.995027432144524937e-08;
1295086.3390892432071;1.9316971133775950875e-08;
1295419.6946462802589;2.0003898981713064131e-08;
1295753.0502033173107;2.0104373277263221098e-08;
1296086.4057603543624;2.0788492705037242558e-08;
1296419.7613173914142;2.1219973334041242197e-08;
1296753.116874428466;1.9364740921901102411e-08;
1297086.4724314655177;2.1008327522054059955e-08;
1297419.8279885025695;2.0365035879876813851e-08;
1297753.1835455396213;2.1040387210291555675e-08;
1298086.539102576673;2.0784987952993105864e-08;
1298419.8946596137248;2.141120702958687616e-08;
1298753.2502166507766;1.9689386121513052785e-08;
1299086.6057736878283;2.0870496442171315721e-08;
1299419.9613307248801;2.087361217206762376e-08;
1299753.3168877619319;2.0105433762296343048e-08;
1300086.6724447989836;2.0560516844625453814e-08;
1300420.0280018360354;2.0605861905664824008e-08;
1300753.3835588730872;2.0069968797997717047e-08;
1301086.7391159101389;2.0161953884212380217e-08;
1301420.0946729471907;2.0749817863929820305e-08;
1301753.4502299842425;2.0453953197829832789e-08;
1302086.8057870212942;2.1519204196351893188e-08;
1302420.161344058346;2.0900948527469154214e-08;
1302753.5169010953978;2.1641314518205945205e-08;
1303086.8724581324495;2.0879589612832205603e-08;
1303420.2280151695013;2.1130508898181687982e-08;
1303753.5835722065531;1.9934544681632360152e-08;
1304086.9391292436048;2.2147849776388284226e-08;
1304420.2946862806566;2.0623062368940736633e-08;
1304753.6502433177084;2.0436605296936249943e-08;
1305087.0058003547601;2.0656855781453486998e-08;
1305420.3613573918119;2.1340872180530823243e-08;
1305753.7169144288637;2.118723152477741678e-08;
1306087.0724714659154;2.093950079995465785e-08;
1306420.4280285029672;1.9333299405843717977e-08;
1306753.783585540019;2.1673272954103595112e-08;
1307087.1391425770707;2.1860220300595756271e-08;
1307420.4946996141225;2.026233225649320957e-08;
1307753.8502566511743;2.0541275347341070301e-08;
1308087.205813688226;2.1158591323455766542e-08;
1308420.5613707252778;2.0896065322517642926e-08;
1308753.9169277623296;2.1159408447601890657e-08;
1309087.2724847993813;2.1055511112422209408e-08;
1309420.6280418364331;2.1399099381369524053e-08;
1309753.9835988734849;2.6291850474535749527e-08;
1310087.3391559105366;2.0675553713545014034e-08;
1310420.6947129475884;2.0689396862394460186e-08;
1310754.0502699846402;2.0931299360427146894e-08;
1311087.4058270216919;2.0447702198111983307e-08;
1311420.7613840587437;2.0847483739316885476e-08;
1311754.1169410957955;1.9132135875565836614e-08;
1312087.4724981328472;2.2778605668349882762e-08;
1312420.828055169899;2.0636218067693334888e-08;
1312754.1836122069508;2.1687670326286934142e-08;
1313087.5391692440026;2.0766920627579565917e-08;
1313420.8947262810543;2.065587700883497746e-08;
1313754.2502833181061;2.221319483908246184e-08;
1314087.6058403551579;2.1084417767269769683e-08;
1314420.9613973922096;1.916728997741756757e-08;
1314754.3169544292614;2.1181872256192946224e-08;
1315087.6725114663132;2.1707224462375052099e-08;
1315421.0280685033649;2.1064723298991339107e-08;
1315754.3836255404167;2.0417802559791198291e-08;
1316087.7391825774685;2.1448476772434332815e-08;
1316421.0947396145202;2.5756200727755640401e-08;
1316754.450296651572;2.1865597332748620829e-08;
1317087.8058536886238;2.0706703907080736826e-08;
1317421.1614107256755;2.059069892368370347e-08;
1317754.5169677627273;2.0920674970170693996e-08;
1318087.8725247997791;2.0956465007770930242e-08;
1318421.2280818368308;2.1239104697201582894e-08;
1318754.5836388738826;2.0464018035681874608e-08;
1319087.9391959109344;2.1964076779568131315e-08;
1319421.2947529479861;2.2084016393364436226e-08;
1319754.6503099850379;2.0300955583252289216e-08;
1320088.0058670220897;2.1795225180198940507e-08;
1320421.3614240591414;2.1279888073877373245e-08;
1320754.7169810961932;2.0221758489924468449e-08;
1321088.072538133245;2.1506469494170232792e-08;
1321421.4280951702967;1.9593704436715597694e-08;
1321754.7836522073485;2.0500971587011918018e-08;
1322088.1392092444003;2.1512702730319688271e-08;
1322421.494766281452;2.1392558835486852331e-08;
1322754.8503233185038;2.094141393627069192e-08;
1323088.2058803555556;2.0492004537686625554e-08;
1323421.5614373926073;2.0615891216380077822e-08;
1323754.9169944296591;2.0678822210129510495e-08;
1324088.2725514667109;2.007268307124832063e-08;
1324421.6281085037626;2.0825813962233041821e-08;
1324754.9836655408144;2.0108789300365970121e-08;
1325088.3392225778662;2.1049334719691614737e-08;
1325421.6947796149179;2.008622779214874754e-08;
1325755.0503366519697;2.0749927998053863121e-08;
1326088.4058936890215;2.1548258288817123685e-08;
1326421.7614507260732;2.0013986912204018154e-08;
1326755.117007763125;2.1316367337931296788e-08;
1327088.4725648001768;1.9958337205139287107e-08;
1327421.8281218372285;2.0321364146980158694e-08;
1327755.1836788742803;1.9810437734690822253e-08;
1328088.5392359113321;2.0816706580717436736e-08;
1328421.8947929483838;2.1086011159354711708e-08;
1328755.2503499854356;1.9826835284675325966e-08;
1329088.6059070224874;2.0889972418558500067e-08;
1329421.9614640595391;2.1846284781190661306e-08;
1329755.3170210965909;1.99760155084049984e-08;
1330088.6725781336427;2.0411848211665528652e-08;
1330422.0281351706944;2.0312299398028699216e-08;
1330755.3836922077462;2.1266883365456124011e-08;
1331088.739249244798;2.1516218140504861367e-08;
1331422.0948062818497;2.0106352138782312977e-08;
1331755.4503633189015;2.0961437030564411543e-08;
1332088.8059203559533;2.0694049140956849442e-08;
1332422.161477393005;2.1978820541335153393e-08;
1332755.5170344300568;2.078141037031855376e-08;
1333088.8725914671086;2.0172299386445047276e-08;
1333422.2281485041603;2.1086677293169486802e-08;
1333755.5837055412121;1.9901127856769562641e-08;
1334088.9392625782639;2.1747760925450165814e-08;
1334422.2948196153156;2.2438079838593694149e-08;
1334755.6503766523674;2.1224371593575597217e-08;
1335089.0059336894192;2.2166259938671828422e-08;
1335422.3614907264709;2.0059745864386968606e-08;
1335755.7170477635227;2.0604630890375119634e-08;
1336089.0726048005745;2.1995351318082612124e-08;
1336422.4281618376262;2.0554198343347707123e-08;
1336755.783718874678;2.0638610820356007025e-08;
1337089.1392759117298;2.0460854344150902762e-08;
1337422.4948329487815;2.0320507942983567773e-08;
1337755.8503899858333;2.1850620868235637317e-08;
1338089.2059470228851;2.1124570537267572945e-08;
1338422.5615040599369;2.0144428347634857346e-08;
1338755.9170610969886;2.1019513241071763332e-08;
1339089.2726181340404;2.09731858547002048e-08;
1339422.6281751710922;2.1313223186325558345e-08;
1339755.9837322081439;2.0858326621464584605e-08;
1340089.3392892451957;2.0344582907227959367e-08;
1340422.6948462822475;2.0688379009925483842e-08;
1340756.0504033192992;2.0434738345898040279e-08;
1341089.405960356351;2.0575440018433255318e-08;
1341422.7615173934028;1.9762435243819709285e-08;
1341756.1170744304545;1.8885396357859463023e-08;
1342089.4726314675063;2.1625998769536636246e-08;
1342422.8281885045581;2.0724682414652306761e-08;
1342756.1837455416098;2.0433517988749372307e-08;
1343089.5393025786616;2.0832729319408826996e-08;
1343422.8948596157134;2.1717903919693526404e-08;
1343756.2504166527651;2.1069940459028657642e-08;
1344089.6059736898169;1.9752715019194511115e-08;
1344422.9615307268687;2.1203801381375342316e-08;
1344756.3170877639204;2.0948773382656327158e-08;
1345089.6726448009722;2.1446103559696894081e-08;
1345423.028201838024;2.0824204582936545194e-08;
1345756.3837588750757;2.1846744857612065971e-08;
1346089.7393159121275;2.182411229512126738e-08;
1346423.0948729491793;1.9689661456823159824e-08;
1346756.450429986231;2.0168011261034735071e-08;
1347089.8059870232828;1.9890748603756946977e-08;
1347423.1615440603346;2.1529338312120671617e-08;
1347756.5171010973863;2.0352588947503136296e-08;
1348089.8726581344381;2.0465131811420178565e-08;
1348423.2282151714899;2.1945409045542874082e-08;
1348756.5837722085416;2.0088910090976241918e-08;
1349089.9393292455934;2.0615782858612874406e-08;
1349423.2948862826452;2.0099358621905594191e-08;
1349756.6504433196969;2.062864368213013222e-08;
1350090.0060003567487;2.1085307722046309209e-08;
1350423.3615573938005;1.95660838642197632e-08;
1350756.7171144308522;1.9010352403370234242e-08;
1351090.072671467904;2.1463931076937114995e-08;
1351423.4282285049558;2.0331755834490650159e-08;
1351756.7837855420075;1.9782337545848349691e-08;
1352090.1393425790593;2.6926384677494752395e-08;
1352423.4948996161111;2.164709478336135362e-08;
1352756.8504566531628;2.0027844271908179508e-08;
1353090.2060136902146;2.2000646637820864271e-08;
1353423.5615707272664;2.0162731928508037527e-08;
1353756.9171277643181;2.1199740629640473344e-08;
1354090.2726848013699;2.0121687427376855339e-08;
1354423.6282418384217;2.1188943932770598622e-08;
1354756.9837988754734;2.1878891587334692304e-08;
1355090.3393559125252;2.0031116321206354769e-08;
1355423.694912949577;2.1215985412936788634e-08;
1355757.0504699866287;2.0971565817262671771e-08;
1356090.4060270236805;2.0904950659428322979e-08;
1356423.7615840607323;2.1787300852338375989e-08;
1356757.117141097784;2.0955509327791332908e-08;
1357090.4726981348358;2.2050095083159249043e-08;
1357423.8282551718876;2.0558891478117402585e-08;
1357757.1838122089393;2.0321257565569794679e-08;
1358090.5393692459911;2.0461069283328470192e-08;
1358423.8949262830429;1.959594086997640261e-08;
1358757.2504833200946;2.0690231750108978304e-08;
1359090.6060403571464;2.1500689229014824377e-08;
1359423.9615973941982;2.0397903810476236686e-08;
1359757.3171544312499;1.9668746631396061275e-08;
1360090.6727114683017;2.2724329085122008109e-08;
1360424.0282685053535;2.1012350970295301522e-08;
1360757.3838255424052;2.022310852112241264e-08;
1361090.739382579457;1.9986792665349639719e-08;
1361424.0949396165088;2.0292397096000058809e-08;
1361757.4504966535605;2.1048409237778287206e-08;
1362090.8060536906123;2.0216821994267775153e-08;
1362424.1616107276641;2.0741545370128733339e-08;
1362757.5171677647159;1.9700630460306456371e-08;
1363090.8727248017676;2.0431112801588824368e-08;
1363424.2282818388194;1.9648508597924774222e-08;
1363757.5838388758712;1.9055924838085047668e-08;
1364090.9393959129229;2.0588673876886787184e-08;
1364424.2949529499747;2.0141492029779328732e-08;
1364757.6505099870265;2.0458841731851862278e-08;
1365091.0060670240782;2.0193430927406552655e-08;
1365424.36162406113;2.1657820425957652333e-08;
1365757.7171810981818;1.9350425262132375792e-08;
1366091.0727381352335;2.1151493001525523141e-08;
1366424.4282951722853;2.2492464779588772217e-08;
1366757.7838522093371;2.1329816135562396084e-08;
1367091.1394092463888;2.0392816324488194368e-08;
1367424.4949662834406;2.1477811529280188552e-08;
1367757.8505233204924;2.1257209326108750247e-08;
1368091.2060803575441;2.108389907107266481e-08;
1368424.5616373945959;1.9528688000036709127e-08;
1368757.9171944316477;2.1246755466108879773e-08;
1369091.2727514686994;2.1159557661576400278e-08;
1369424.6283085057512;2.1207934963740626699e-08;
1369757.983865542803;2.0975322811978003301e-08;
1370091.3394225798547;1.9817189667037382605e-08;
1370424.6949796169065;2.1085899248873829492e-08;
1370758.0505366539583;2.0828228031177786761e-08;
1371091.40609369101;2.2214443617940560216e-08;
1371424.7616507280618;2.0082946861066375277e-08;
1371758.1172077651136;2.0591857108342992433e-08;
1372091.4727648021653;2.146517630308153457e-08;
1372424.8283218392171;2.0031151848343142774e-08;
1372758.1838788762689;2.0202335804242466111e-08;
1373091.5394359133206;2.0298351444125728449e-08;
1373424.8949929503724;2.0349050444679050997e-08;
1373758.2505499874242;2.0818680113166010415e-08;
1374091.6061070244759;2.0176763371182460105e-08;
1374424.9616640615277;2.1243993231223612383e-08;
1374758.3172210985795;2.03511945073842071e-08;
1375091.6727781356312;1.9400971495997509919e-08;
1375425.028335172683;2.0100948461276857415e-08;
1375758.3838922097348;2.1192553489868259931e-08;
1376091.7394492467865;2.111893060430247715e-08;
1376425.0950062838383;2.0213413165492966073e-08;
1376758.4505633208901;2.0629912000913463999e-08;
1377091.8061203579418;2.1209091372043076262e-08;
1377425.1616773949936;2.0562323399531123869e-08;
1377758.5172344320454;2.0851365079010975023e-08;
1378091.8727914690971;2.0695175351193029201e-08;
1378425.2283485061489;2.0022286051357696124e-08;
1378758.5839055432007;2.1234143332549137995e-08;
1379091.9394625802524;1.9674656570600745908e-08;
1379425.2950196173042;2.1761213275794943911e-08;
1379758.650576654356;2.1089048729550086136e-08;
1380092.0061336914077;2.1574809494495639228e-08;
1380425.3616907284595;2.0458877258988650283e-08;
1380758.7172477655113;2.2183595405067535467e-08;
1381092.072804802563;2.1810928174659238721e-08;
1381425.4283618396148;2.0477395779039397894e-08;
1381758.7839188766666;2.2272743649409676436e-08;
1382092.1394759137183;2.06270840408251388e-08;
1382425.4950329507701;2.0484195673020622053e-08;
1382758.8505899878219;2.0675662071312217449e-08;
1383092.2061470248736;2.0719985727168932499e-08;
1383425.5617040619254;1.9970331166518917598e-08;
1383758.9172610989772;2.01894927442936023e-08;
1384092.2728181360289;2.0769292063960165251e-08;
1384425.6283751730807;1.9685547414383108844e-08;
1384758.9839322101325;2.0771008024667025893e-08;
1385092.3394892471842;2.0808625933455004997e-08;
1385425.695046284236;2.0301847314385668142e-08;
1385759.0506033212878;2.0540445788697070384e-08;
1386092.4061603583395;2.0105291653749191028e-08;
1386425.7617173953913;2.1054622934002509282e-08;
1386759.1172744324431;2.1462499333324558393e-08;
1387092.4728314694948;2.039360502692488808e-08;
1387425.8283885065466;1.9930658012867752404e-08;
1387759.1839455435984;2.8738899260360994958e-08;
1388092.5395025806502;2.1224446200562852027e-08;
1388425.8950596177019;2.1390604842963512056e-08;
1388759.2506166547537;2.0497946451314419392e-08;
1389092.6061736918055;2.1471775468739906501e-08;
1389425.9617307288572;2.1942440753264236264e-08;
1389759.317287765909;1.9157157638005628542e-08;
1390092.6728448029608;2.0114265808501841093e-08;
1390426.0284018400125;2.0563696523367980262e-08;
1390759.3839588770643;2.1192851917817279173e-08;
1391092.7395159141161;1.9948627638655125338e-08;
1391426.0950729511678;1.9901127856769562641e-08;
1391759.4506299882196;2.2412592670661979355e-08;
1392092.8061870252714;2.0867561900672626507e-08;
1392426.1617440623231;2.0752990437244989153e-08;
1392759.5173010993749;2.0868736072543470073e-08;
1393092.8728581364267;2.0469949291168632044e-08;
1393426.2284151734784;2.0693212476885491924e-08;
1393759.5839722105302;2.1059506138954020571e-08;
1394092.939529247582;2.2453065184890874662e-08;
1394426.2950862846337;2.1212779088841671182e-08;
1394759.6506433216855;2.0841039116703541367e-08;
1395093.0062003587373;2.1562723162560359924e-08;
1395426.361757395789;2.1930263827130147547e-08;
1395759.7173144328408;2.2659033760419333703e-08;
1396093.0728714698926;2.0136114997626464174e-08;
1396426.4284285069443;2.0203152928388590226e-08;
1396759.7839855439961;2.0979046055913386226e-08;
1397093.1395425810479;2.1042346531885414151e-08;
1397426.4950996180996;2.0059005123584938701e-08;
1397759.8506566551514;2.0974992409605874855e-08;
1398093.2062136922032;1.97639611343447541e-08;
1398426.5617707292549;1.9755388436237808492e-08;
1398759.9173277663067;2.0730835714743989229e-08;
1399093.2728848033585;2.0301882841522456147e-08;
1399426.6284418404102;1.9620673086251372297e-08;
1399759.983998877462;2.1369910285784499138e-08;
1400093.3395559145138;1.9868082290486199781e-08;
1400426.6951129515655;2.1288675711161886284e-08;
1400760.0506699886173;2.1074642475582550105e-08;
1401093.4062270256691;2.1659609217294928385e-08;
1401426.7617840627208;2.0708887049636359734e-08;
1401760.1173410997726;2.0228579700187765411e-08;
1402093.4728981368244;2.1048890630481764674e-08;
1402426.8284551738761;2.0291043512088435818e-08;
1402760.1840122109279;2.1294173535579830059e-08;
1403093.5395692479797;2.0018312341107957764e-08;
1403426.8951262850314;1.9963911412901325093e-08;
1403760.2506833220832;2.1364053637284996512e-08;
1404093.606240359135;2.2061215076973894611e-08;
1404426.9617973961867;2.0194423910879777395e-08;
1404760.3173544332385;2.179985791883609636e-08;
1405093.6729114702903;2.037226387585633347e-08;
1405427.028468507342;2.068042093128497072e-08;
1405760.3840255443938;2.2099655438978516031e-08;
1406093.7395825814456;2.168489032783327275e-08;
1406427.0951396184973;2.0964714408933105005e-08;
1406760.4506966555491;2.2077111694329687452e-08;
1407093.8062536926009;1.9939797368806466693e-08;
1407427.1618107296526;1.9708661369577384903e-08;
1407760.5173677667044;1.9713162657808425138e-08;
1408093.8729248037562;2.6274998177200359351e-08;
1408427.2284818408079;2.0601010675136421924e-08;
1408760.5840388778597;2.1918900472428504145e-08;
1409093.9395959149115;2.0612667128716566367e-08;
1409427.2951529519632;2.2738985805403899576e-08;
1409760.650709989015;2.0714599813231870939e-08;
1410094.0062670260668;2.1397633886977018847e-08;
1410427.3618240631185;2.050424896538061148e-08;
1410760.7173811001703;2.1448025577797125152e-08;
1411094.0729381372221;2.1073567779694712954e-08;
1411427.4284951742738;2.0582634263632826332e-08;
1411760.7840522113256;2.1534029670533527678e-08;
1412094.1396092483774;2.3589709741145270527e-08;
1412427.4951662854291;1.9743279011663616984e-08;
1412760.8507233224809;2.2672571375892403012e-08;
1413094.2062803595327;1.977090668958680908e-08;
1413427.5618373965845;2.2305753688556251291e-08;
1413760.9173944336362;2.0134841349772614194e-08;
1414094.272951470688;2.0458877258988650283e-08;
1414427.6285085077398;2.1268526495532569243e-08;
1414760.9840655447915;2.1457749355136002123e-08;
1415094.3396225818433;2.0823545554549127701e-08;
1415427.6951796188951;2.1012018791566333675e-08;
1415761.0507366559468;2.0971418379645001551e-08;
1416094.4062936929986;2.1428215646324133559e-08;
1416427.7618507300504;2.0404426592790514405e-08;
1416761.1174077671021;2.0178678283855333575e-08;
1417094.4729648041539;2.0967549474448787805e-08;
1417427.8285218412057;2.0578729831299824582e-08;
1417761.1840788782574;2.1671484162766319059e-08;
1418094.5396359153092;2.0818571755398806999e-08;
1418427.895192952361;2.159255529932124773e-08;
1418761.2507499894127;2.1471210587264977221e-08;
1419094.6063070264645;1.9606753554057831934e-08;
1419427.9618640635163;1.9470043355340749258e-08;
1419761.317421100568;2.0521293109254656883e-08;
1420094.6729781376198;1.9587886868066561874e-08;
1420428.0285351746716;1.9856987165667305817e-08;
1420761.3840922117233;2.0451942361887631705e-08;
1421094.7396492487751;2.1345371692405024078e-08;
1421428.0952062858269;2.0720094084936135914e-08;
1421761.4507633228786;2.1387073445566784358e-08;
1422094.8063203599304;2.1265426752847815806e-08;
1422428.1618773969822;2.168900437027332373e-08;
1422761.5174344340339;1.9880582513565059344e-08;
1423094.8729914710857;2.2116124043236595753e-08;
1423428.2285485081375;2.6478927495077186904e-08;
1423761.5841055451892;2.0329148142650410591e-08;
1424094.939662582241;2.0900360553355312732e-08;
1424428.2952196192928;2.0431077274452036363e-08;
1424761.6507766563445;2.0497045838396843465e-08;
1425095.0063336933963;2.0277502343901687709e-08;
1425428.3618907304481;2.2775724417556375556e-08;
1425761.7174477674998;2.0479193452160870947e-08;
1426095.0730048045516;2.0400090505745538394e-08;
1426428.4285618416034;2.0277216350450544269e-08;
1426761.7841188786551;2.019899980609807244e-08;
1427095.1396759157069;2.0048506854664083221e-08;
1427428.4952329527587;2.0280992885091109201e-08;
1427761.8507899898104;2.0291043512088435818e-08;
1428095.2063470268622;2.0360491959081628011e-08;
1428428.561904063914;2.0960257529623049777e-08;
1428761.9174611009657;2.0679948420365690254e-08;
1429095.2730181380175;2.0712489501306663442e-08;
1429428.6285751750693;1.9561856134941990604e-08;
1429761.984132212121;2.0598152516981826921e-08;
1430095.3396892491728;1.9888057423145255598e-08;
1430428.6952462862246;2.060857617891542759e-08;
1430762.0508033232763;2.0177685300382108835e-08;
1431095.4063603603281;2.0334184114290110301e-08;
1431428.7619173973799;2.019332434599618864e-08;
1431762.1174744344316;2.0148180013279670675e-08;
1432095.4730314714834;2.0655512855682900408e-08;
1432428.8285885085352;2.0701648395515803713e-08;
1432762.1841455455869;2.0374125497824024933e-08;
1433095.5397025826387;2.1260868621197914763e-08;
1433428.8952596196905;2.066367876807362336e-08;
1433762.2508166567422;2.0978271564331407717e-08;
1434095.606373693794;1.9551858798649845994e-08;
1434428.9619307308458;2.0392064925545128062e-08;
1434762.3174877678975;2.1205439182381269347e-08;
1435095.6730448049493;1.995637255447491043e-08;
1435429.0286018420011;2.2460795889855944552e-08;
1435762.3841588790528;2.0249984800102538429e-08;
1436095.7397159161046;2.0059534477923079976e-08;
1436429.0952729531564;2.0883772933188993193e-08;
1436762.4508299902081;2.1029375574244113523e-08;
1437095.8063870272599;1.9978541487830625556e-08;
1437429.1619440643117;2.0602566763727736543e-08;
1437762.5175011013635;1.98533243178644625e-08;
1438095.8730581384152;2.0062987715618874063e-08;
1438429.228615175467;2.0376594633830791281e-08;
1438762.5841722125188;1.9891411184858043271e-08;
1439095.9397292495705;2.2012089928580280684e-08;
1439429.2952862866223;1.9714581966923105938e-08;
1439762.6508433236741;2.0504932862763780577e-08;
1440096.0064003607258;2.1486039614160290512e-08;
1440429.3619573977776;1.9943406925904128002e-08;
1440762.7175144348294;2.0336077710680910968e-08;
1441096.0730714718811;2.2122534915069991257e-08;
1441429.4286285089329;2.9012927171834235196e-08;
1441762.7841855459847;2.1869245969696748944e-08;
1442096.1397425830364;2.0421461854880362807e-08;
1442429.4952996200882;1.9343898927104419272e-08;
1442762.85085665714;1.9270467888077291718e-08;
1443096.2064136941917;1.9942390849791991059e-08;
1443429.5619707312435;2.1243918624236357573e-08;
1443762.9175277682953;2.054076908564184123e-08;
1444096.273084805347;2.1780488523859276029e-08;
1444429.6286418423988;2.071751126209164795e-08;
1444762.9841988794506;2.0731892647063432378e-08;
1445096.3397559165023;2.0926151478306564968e-08;
1445429.6953129535541;2.0243653864326915937e-08;
1445763.0508699906059;1.989176112715540512e-08;
1446096.4064270276576;1.9493656466806896788e-08;
1446429.7619840647094;1.9801703388111491222e-08;
1446763.1175411017612;2.0559614455351038487e-08;
1447096.4730981388129;2.0863273775262314302e-08;
1447429.8286551758647;2.0749491014271370659e-08;
1447763.1842122129165;2.0620309015839666245e-08;
1448096.5397692499682;2.0427380675869244442e-08;
1448429.89532628702;1.9527520933593223162e-08;
1448763.2508833240718;2.0995784666411054786e-08;
1449096.6064403611235;1.9839900389229114808e-08;
1449429.9619973981753;2.0144286239087705326e-08;
1449763.3175544352271;2.000836119009363756e-08;
1450096.6731114722788;2.1247165804538781231e-08;
1450430.0286685093306;1.9625362668307388958e-08;
1450763.3842255463824;1.8935292445121376659e-08;
1451096.7397825834341;2.1012315443158513517e-08;
1451430.0953396204859;2.1513761438995970821e-08;
1451763.4508966575377;2.0267851397193226148e-08;
1452096.8064536945894;2.0527675559378621983e-08;
1452430.1620107316412;1.9622948599362644018e-08;
1452763.517567768693;1.9215772084635318606e-08;
1453096.8731248057447;2.0006359235935633478e-08;
1453430.2286818427965;2.0854479032550443662e-08;
1453763.5842388798483;1.9432864206692102016e-08;
1454096.9397959169;1.9536717132950798259e-08;
1454430.2953529539518;2.0135299649837179459e-08;
1454763.6509099910036;2.001268661899757717e-08;
1455097.0064670280553;1.9139429596748414042e-08;
1455430.3620240651071;1.9276290785796845739e-08;
1455763.7175811021589;2.0498594821560800483e-08;
1456097.0731381392106;2.0443499337829962315e-08;
1456430.4286951762624;2.0109883536179040675e-08;
1456763.7842522133142;1.9761218439384720114e-08;
1457097.1398092503659;2.1068830236004032486e-08;
1457430.4953662874177;1.9023380204430395679e-08;
1457763.8509233244695;1.9630361336453461263e-08;
1458097.2064803615212;1.9477774060305819148e-08;
1458430.562037398573;2.0374590903315947799e-08;
1458763.9175944356248;2.2952335143600066658e-08;
1459097.2731514726765;2.0167833625350795046e-08;
1459430.6287085097283;2.0548204915371570678e-08;
1459763.9842655467801;2.01965875135101669e-08;
1460097.3398225838318;2.0288155155867571011e-08;
1460430.6953796208836;2.0940200684549381549e-08;
1460764.0509366579354;2.0801644851076162013e-08;
1461097.4064936949871;2.0140642931210095412e-08;
1461430.7620507320389;1.954069794862789422e-08;
1461764.1176077690907;1.9773825243873943691e-08;
1462097.4731648061424;2.0704849390540402965e-08;
1462430.8287218431942;1.9424673425305627461e-08;
1462764.184278880246;2.0287941993046842981e-08;
1463097.5398359172978;1.8397866341501867282e-08;
1463430.8953929543495;2.0628100116937275743e-08;
1463764.2509499914013;1.9124540173720561143e-08;
1464097.6065070284531;2.2217799156010187289e-08;
1464430.9620640655048;1.9473292312000012316e-08;
1464764.3176211025566;2.042949809322180954e-08;
1465097.6731781396084;2.0502808339983857877e-08;
1465431.0287351766601;1.8889775077468584641e-08;
1465764.3842922137119;2.0139262701945881417e-08;
1466097.7398492507637;1.9723207955735233554e-08;
1466431.0954062878154;1.9933073858169336745e-08;
1466764.4509633248672;2.0139404810493033438e-08;
1467097.806520361919;1.9073340240538527723e-08;
1467431.1620773989707;2.007949007065690239e-08;
1467764.5176344360225;1.9005376827863074141e-08;
1468097.8731914730743;2.0000102907147265796e-08;
1468431.228748510126;1.945253735868845979e-08;
1468764.5843055471778;2.0476351281217830547e-08;
1469097.9398625842296;2.0649382648230130144e-08;
1469431.2954196212813;2.0372585396444264916e-08;
1469764.6509766583331;2.0292503677410422824e-08;
1470098.0065336953849;1.9593979772025704733e-08;
1470431.3620907324366;1.9617710123043252679e-08;
1470764.7176477694884;2.01866559024210801e-08;
1471098.0732048065402;2.0568682757016176765e-08;
1471431.4287618435919;2.0059463423649503966e-08;
1471764.7843188806437;1.876735922223815578e-08;
1472098.1398759176955;2.0603762251880652911e-08;
1472431.4954329547472;1.9141010554335480265e-08;
1472764.850989991799;1.9447652377380109101e-08;
1473098.2065470288508;2.0219875551674704184e-08;
1473431.5621040659025;1.9837218090401620429e-08;
1473764.9176611029543;2.1785156789633219887e-08;
1474098.2732181400061;2.1439776176634950389e-08;
1474431.6287751770578;2.0741545370128733339e-08;
1474764.9843322141096;2.1088641943833863479e-08;
1475098.3398892511614;2.0167586711750118411e-08;
1475431.6954462882131;2.0421962787509073678e-08;
1475765.0510033252649;1.9912459237048096838e-08;
1476098.4065603623167;2.0029885305916650395e-08;
1476431.7621173993684;1.9874086376603372628e-08;
1476765.1176744364202;1.9866092770826071501e-08;
1477098.473231473472;2.0584153048730513547e-08;
1477431.8287885105237;2.1105282854705365025e-08;
1477765.1843455475755;2.0594859151401578856e-08;
1478098.5399025846273;1.9320635757935633592e-08;
1478431.895459621679;1.991161902026306052e-08;
1478765.2510166587308;1.9662701689071582223e-08;
1479098.6065736957826;1.9877473889096108906e-08;
1479431.9621307328343;1.9836972953157783195e-08;
1479765.3176877698861;2.0958307089813388302e-08;
1480098.6732448069379;2.6416250520355788467e-08;
1480432.0288018439896;1.891175571699932334e-08;
1480765.3843588810414;1.9737246503837013734e-08;
1481098.7399159180932;2.0246925913625091198e-08;
1481432.0954729551449;2.0238354991874984989e-08;
1481765.4510299921967;2.092659379115957563e-08;
1482098.8065870292485;1.9912528514964833448e-08;
1482432.1621440663002;2.0322936222783027915e-08;
1482765.517701103352;1.9349336355389823439e-08;
1483098.8732581404038;1.9535034923023886222e-08;
1483432.2288151774555;2.0045936466317471059e-08;
1483765.5843722145073;1.9198900247374695027e-08;
1484098.9399292515591;2.0275079393172745768e-08;
1484432.2954862886108;1.9249322136261071137e-08;
1484765.6510433256626;2.1001945071930094855e-08;
1485099.0066003627144;1.9435390186117729172e-08;
1485432.3621573997661;1.976757246779925481e-08;
1485765.7177144368179;1.9910359583263925742e-08;
1486099.0732714738697;2.0529045130501799576e-08;
1486432.4288285109214;2.0694775670904164144e-08;
1486765.7843855479732;1.9512363280682620825e-08;
1487099.139942585025;1.945445227136133326e-08;
1487432.4954996220767;2.0565682490314429742e-08;
1487765.8510566591285;1.9986757138212851714e-08;
1488099.2066136961803;2.019318223744903662e-08;
1488432.5621707332321;1.9698346065410987649e-08;
1488765.9177277702838;1.8332565687728674675e-08;
1489099.2732848073356;1.9854406119179657253e-08;
1489432.6288418443874;2.1555791818173020147e-08;
1489765.9843988814391;2.0492509023029015225e-08;
1490099.3399559184909;1.9888407365442617447e-08;
1490432.6955129555427;1.9764135217315015325e-08;
1490766.0510699925944;1.9680014062828377064e-08;
1491099.4066270296462;1.9311100274421733047e-08;
1491432.762184066698;1.9449599264476091776e-08;
1491766.1177411037497;1.9683575658291374566e-08;
1492099.4732981408015;1.9687448116201267112e-08;
1492432.8288551778533;1.9285334218466232414e-08;
1492766.184412214905;1.9558248354201168695e-08;
1493099.5399692519568;2.0342938000794674736e-08;
1493432.8955262890086;2.0056363680964750529e-08;
1493766.2510833260603;1.8731654449766210746e-08;
1494099.6066403631121;2.0574789871830034826e-08;
1494432.9621974001639;2.3041454966232777224e-08;
1494766.3177544372156;2.0306769599187646236e-08;
1495099.6733114742674;1.9427540465244419465e-08;
1495433.0288685113192;1.9301536369198402099e-08;
1495766.3844255483709;2.0297067138130842068e-08;
1496099.7399825854227;2.0077514761851489311e-08;
1496433.0955396224745;1.8452276151492696954e-08;
1496766.4510966595262;1.8874185769846008043e-08;
1497099.806653696578;1.975750585359037359e-08;
1497433.1622107336298;2.045212177392841113e-08;
1497766.5177677706815;2.0696411695553251775e-08;
1498099.8733248077333;2.0442064041503726912e-08;
1498433.2288818447851;1.9109831939090327069e-08;
1498766.5844388818368;2.0698047720202339406e-08;
1499099.9399959188886;1.9578942911380181613e-08;
1499433.2955529559404;1.9417781160768754489e-08;
1499766.6511099929921;2.1695063523452517984e-08;
1500100.0066670300439;1.8611471475082908e-08;
1500433.3622240670957;2.0307552972553821746e-08;
1500766.7177811041474;1.9163822528867058281e-08;
1501100.0733381411992;1.8252453770628562779e-08;
1501433.428895178251;1.8650156974331366655e-08;
1501766.7844522153027;2.1676358485933633347e-08;
1502100.1400092523545;1.9904309311868928489e-08;
1502433.4955662894063;1.9025987896270635247e-08;
1502766.851123326458;2.1148334639065069496e-08;
1503100.2066803635098;2.0277893142406355764e-08;
1503433.5622374005616;1.9596697597989987116e-08;
1503766.9177944376133;1.9513906934776059643e-08;
1504100.2733514746651;1.927097592613336019e-08;
1504433.6289085117169;1.939821103746908193e-08;
1504766.9844655487686;2.0586250926157845242e-08;
1505100.3400225858204;2.0989883608990567154e-08;
1505433.6955796228722;2.0538063694175434648e-08;
1505767.0511366599239;2.0296283764764666557e-08;
1506100.4066936969757;2.0001543532544019399e-08;
1506433.7622507340275;1.8964321668590855552e-08;
1506767.1178077710792;2.0087250973688242084e-08;
1507100.473364808131;1.8236780974234534369e-08;
1507433.8289218451828;1.9560138397878290561e-08;
1507767.1844788822345;1.9669679218736746407e-08;
1508100.5400359192863;1.9310794741045356204e-08;
1508433.8955929563381;2.0229327546417152917e-08;
1508767.2511499933898;1.9426277475531605887e-08;
1509100.6067070304416;2.0067746575591627334e-08;
1509433.9622640674934;2.1946064521216612775e-08;
1509767.3178211045451;2.0507707532146923768e-08;
1510100.6733781415969;1.8609444651929152315e-08;
1510434.0289351786487;2.0311800241756827745e-08;
1510767.3844922157004;2.0396687006041247514e-08;
1511100.7400492527522;1.9662838468548216042e-08;
1511434.095606289804;2.0298280389852152439e-08;
1511767.4511633268557;1.8964721348879720608e-08;
1512100.8067203639075;2.0618969642782758456e-08;
1512434.1622774009593;1.85391275664414934e-08;
1512767.5178344380111;2.0496361941013674368e-08;
1513100.8733914750628;2.2131397159341759107e-08;
1513434.2289485121146;4.2924316545622787089e-08;
1513767.5845055491664;2.3135310556199328857e-08;
1514100.9400625862181;2.0083863461195505806e-08;
1514434.2956196232699;1.8972919235693552764e-08;
1514767.6511766603217;2.0176409876171419455e-08;
1515101.0067336973734;2.1064204602794234233e-08;
1515434.3622907344252;2.0065630934595901635e-08;
1515767.717847771477;2.0433303049571804877e-08;
1516101.0734048085287;1.9815937335465605429e-08;
1516434.4289618455805;1.910905922386518796e-08;
1516767.7845188826323;1.9377877080728467263e-08;
1517101.140075919684;1.9254597916074089881e-08;
1517434.4956329567358;2.0401238032263790956e-08;
1517767.8511899937876;1.9072402324127324391e-08;
1518101.2067470308393;1.888473200040152733e-08;
1518434.5623040678911;1.9145717899959890929e-08;
1518767.9178611049429;1.8945806701253786741e-08;
1519101.2734181419946;1.9735720613311968918e-08;
1519434.6289751790464;1.9968190656527440296e-08;
1519767.9845322160982;1.8915676136543879693e-08;
1520101.3400892531499;1.9888755531383139896e-08;
1520434.6956462902017;1.980253827582600934e-08;
1520768.0512033272535;1.9943055207249926752e-08;
1521101.4067603643052;2.0407330936222933815e-08;
1521434.762317401357;1.9360523850764366216e-08;
1521768.1178744384088;1.948126460149524064e-08;
1522101.4734314754605;2.0251727406161990075e-08;
1522434.8289885125123;1.9429586828323408554e-08;
1522768.1845455495641;2.1081159928826309624e-08;
1523101.5401025866158;2.022374800958459673e-08;
1523434.8956596236676;1.9564915021419437835e-08;
1523768.2512166607194;1.9803547246510788682e-08;
1524101.6067736977711;2.0148180013279670675e-08;
1524434.9623307348229;1.9854091704019083409e-08;
1524768.3178877718747;1.9068449930159658834e-08;
1525101.6734448089264;1.9541213092111320293e-08;
1525435.0290018459782;1.9400697937044242281e-08;
1525768.38455888303;1.9897422376402573718e-08;
1526101.7401159200817;1.9567355735716773779e-08;
1526435.0956729571335;1.9930762817921277019e-08;
1526768.4512299941853;2.0668943889745605702e-08;
1527101.806787031237;2.0038719128478987841e-08;
1527435.1623440682888;1.9667711015358690929e-08;
1527768.5179011053406;2.00604155509154225e-08;
1528101.8734581423923;2.089169726104955771e-08;
1528435.2290151794441;1.8899966036656223878e-08;
1528768.5845722164959;2.0981440584932897764e-08;
1529101.9401292535476;2.0169924397350769141e-08;
1529435.2956862905994;2.0379101073331185034e-08;
1529768.6512433276512;2.0378456255798482744e-08;
1530102.0068003647029;3.462043807189729705e-08;
1530435.3623574017547;2.1825684370924136601e-08;
1530768.7179144388065;1.989906550647901895e-08;
1531102.0734714758582;1.8621152619857639365e-08;
1531435.42902851291;1.9698553899161197478e-08;
1531768.7845855499618;2.0688052160267034196e-08;
1532102.1401425870135;1.9544714291441778187e-08;
1532435.4956996240653;1.9609922574659321981e-08;
1532768.8512566611171;1.9523644922969651816e-08;
1533102.2068136981688;1.8739289231461953023e-08;
1533435.5623707352206;1.9405096196578597301e-08;
1533768.9179277722724;1.914941805125636165e-08;
1534102.2734848093241;1.8933961953848665871e-08;
1534435.6290418463759;2.0892027663421686157e-08;
1534768.9845988834277;2.2168206825767811097e-08;
1535102.3401559204794;2.1813955086713576748e-08;
1535435.6957129575312;2.0343081885698666156e-08;
1535769.051269994583;2.0107410847458595526e-08;
1536102.4068270316347;2.0624909780053712893e-08;
1536435.7623840686865;1.9291027442136510217e-08;
1536769.1179411057383;1.9773443327153472637e-08;
1537102.47349814279;2.0029215619388196501e-08;
1537435.8290551798418;1.8805675239264019183e-08;
1537769.1846122168936;1.9613608515101077501e-08;
1538102.5401692539454;1.9403085360636396217e-08;
1538435.8957262909971;2.0847483739316885476e-08;
1538769.2512833280489;1.9060445666241321305e-08;
1539102.6068403651007;2.0046076798507783678e-08;
1539435.9623974021524;1.8545184943263848254e-08;
1539769.3179544392042;2.1103724989757211006e-08;
1540102.673511476256;1.9062387224266785779e-08;
1540436.0290685133077;1.8560633918696112232e-08;
1540769.3846255503595;1.8510911914404459822e-08;
1541102.7401825874113;1.956927953017384425e-08;
1541436.095739624463;1.9621362312705059594e-08;
1541769.4512966615148;2.0296212710491090547e-08;
1542102.8068536985666;1.9350730795508752635e-08;
1542436.1624107356183;1.8974917637137878046e-08;
1542769.5179677726701;1.9641296589156809205e-08;
1543102.8735248097219;1.9430304476486526255e-08;
1543436.2290818467736;2.0461753180711639288e-08;
1543769.5846388838254;1.9494992287150125776e-08;
1544102.9401959208772;1.965289264660441404e-08;
1544436.2957529579289;1.9744945234378974419e-08;
1544769.6513099949807;1.861863374585936981e-08;
1545103.0068670320325;2.0577283876832552778e-08;
1545436.3624240690842;1.8904282583775966486e-08;
1545769.717981106136;1.9028528086550977605e-08;
1546103.0735381431878;1.9604135204076555965e-08;
1546436.4290951802395;2.0038578796288675221e-08;
1546769.7846522172913;2.1351597823127121956e-08;
1547103.1402092543431;2.1378170345087710302e-08;
1547436.4957662913948;1.9079474000704976788e-08;
1547769.8513233284466;1.8569700444004411111e-08;
1548103.2068803654984;1.9538399342877710296e-08;
1548436.5624374025501;1.9800520334456450655e-08;
1548769.9179944396019;1.9543616502915028832e-08;
1549103.2735514766537;1.9217527125192646054e-08;
1549436.6291085137054;1.9939411899372316839e-08;
1549769.9846655507572;1.89206943446151854e-08;
1550103.340222587809;1.8933462797576794401e-08;
1550436.6957796248607;2.14852455826530786e-08;
1550770.0513366619125;2.6607015257695820765e-08;
1551103.4068936989643;2.8883198055495995504e-08;
1551436.762450736016;2.2035999691638608056e-08;
1551770.1180077730678;2.0360600316848831426e-08;
1552103.4735648101196;2.1374903624860053242e-08;
1552436.8291218471713;1.9899660586020218034e-08;
1552770.1846788842231;1.8799664047719488735e-08;
1553103.5402359212749;1.8705740956193039892e-08;
1553436.8957929583266;2.0895368990636598028e-08;
1553770.2513499953784;1.9959388808388212055e-08;
1554103.6069070324302;1.8204739049565432651e-08;
1554436.9624640694819;1.9387888627875327074e-08;
1554770.3180211065337;1.997594445413142239e-08;
1555103.6735781435855;1.9988442900853442552e-08;
1555437.0291351806372;1.9053615574193827342e-08;
1555770.384692217689;1.9762364189546133275e-08;
1556103.7402492547408;1.9126993322515772888e-08;
1556437.0958062917925;1.9442767396071758412e-08;
1556770.4513633288443;1.891125833708429127e-08;
1557103.8069203658961;1.9524605932019767351e-08;
1557437.1624774029478;1.8646062471816549078e-08;
1557770.5180344399996;1.9185346644690071116e-08;
1558103.8735914770514;2.0017257185145354015e-08;
1558437.2291485141031;2.0307124870555526286e-08;
1558770.5847055511549;2.054282610686186672e-08;
1559103.9402625882067;2.0565863678712048568e-08;
1559437.2958196252584;1.9482838453654949262e-08;
1559770.6513766623102;2.5902672007305227453e-08;
1560104.006933699362;2.3047000752285384806e-08;
1560437.3624907364137;1.9950940455260024464e-08;
1560770.7180477734655;1.8917704736054474779e-08;
1561104.0736048105173;1.928069437440171896e-08;
1561437.429161847569;2.033750767793662817e-08;
1561770.7847188846208;1.9427300657071100431e-08;
1562104.1402759216726;1.9320873789752113225e-08;
1562437.4958329587243;2.0194779182247657445e-08;
1562770.8513899957761;1.9888371838305829442e-08;
1563104.2069470328279;1.970651375415855e-08;
1563437.5625040698797;1.9561202435625091312e-08;
1563770.9180611069314;2.0557772373308580427e-08;
1564104.2736181439832;1.9897248293432312494e-08;
1564437.629175181035;1.8844399818362944643e-08;
1564770.9847322180867;2.0104973685874938383e-08;
1565104.3402892551385;1.9111778826186309743e-08;
1565437.6958462921903;2.3971663765109951783e-08;
1565771.051403329242;4.3095148782867909176e-08;
1566104.4069603662938;2.0565538605410438322e-08;
1566437.7625174033456;1.9248712845865156851e-08;
1566771.1180744403973;1.9924845773289234785e-08;
1567104.4736314774491;2.0594642435867172026e-08;
1567437.8291885145009;2.0611871320852515055e-08;
1567771.1847455515526;1.8957226899374290952e-08;
1568104.5403025886044;1.9587886868066561874e-08;
1568437.8958596256562;1.9183325150606833631e-08;
1568771.2514166627079;1.9619950109017736395e-08;
1569104.6069736997597;2.0452084470434783725e-08;
1569437.9625307368115;1.9935384898417396471e-08;
1569771.3180877738632;1.9872270939913505572e-08;
1570104.673644810915;1.9318530775080944295e-08;
1570438.0292018479668;1.9634741832419422281e-08;
1570771.3847588850185;2.0451475180038869439e-08;
1571104.7403159220703;1.8560079695362219354e-08;
1571438.0958729591221;2.0029673919452761766e-08;
1571771.4514299961738;1.8810961677218074328e-08;
1572104.8069870332256;1.9667192319161586056e-08;
1572438.1625440702774;2.0103737341514715808e-08;
1572771.5181011073291;1.8677273061484811478e-08;
1573104.8736581443809;1.8484980657262894965e-08;
1573438.2292151814327;1.9130354189655918162e-08;
1573771.5847722184844;1.9997608902144747844e-08;
1574104.9403292555362;1.9476200208146110526e-08;
1574438.295886292588;1.9457733202443705522e-08;
1574771.6514433296397;2.0413068568814196624e-08;
1575105.0070003666915;1.8442781524186102615e-08;
1575438.3625574037433;1.819607398090283823e-08;
1575771.718114440795;1.832799334522405843e-08;
1576105.0736714778468;2.019027256494609901e-08;
1576438.4292285148986;2.1005080341751636297e-08;
1576771.7847855519503;1.9095635295229840267e-08;
1577105.1403425890021;1.8932265533067038632e-08;
1577438.4958996260539;1.9585650434805756959e-08;
1577771.8514566631056;2.070623139616145636e-08;
1578105.2070137001574;2.1399173988356778864e-08;
1578438.5625707372092;2.2248419995207768807e-08;
1578771.9181277742609;1.9429826636496727588e-08;
1579105.2736848113127;1.8879790175674315833e-08;
1579438.6292418483645;1.8506392862605025584e-08;
1579771.9847988854162;1.94972873401866309e-08;
1580105.340355922468;1.935246451978400728e-08;
1580438.6959129595198;1.9637708348341220699e-08;
1580772.0514699965715;1.9641952064830547897e-08;
1581105.4070270336233;1.9822063990204696893e-08;
1581438.7625840706751;2.1080381884530652314e-08;
1581772.1181411077268;1.8912254873271194811e-08;
1582105.4736981447786;1.8907437393522741331e-08;
1582438.8292551818304;1.8635256893162477354e-08;
1582772.1848122188821;2.0059745864386968606e-08;
1583105.5403692559339;1.8883836716554469604e-08;
1583438.8959262929857;2.0202975292704650201e-08;
1583772.2514833300374;1.9330888889612651838e-08;
1584105.6070403670892;2.1360413882121065399e-08;
1584438.962597404141;1.9250235183676522865e-08;
1584772.3181544411927;2.151765521318793617e-08;
1585105.6737114782445;2.3367931589746149257e-08;
1585439.0292685152963;5.0803418361056174035e-08;
1585772.384825552348;3.3954215439280233113e-08;
1586105.7403825893998;2.2256513076968076348e-08;
1586439.0959396264516;2.0576633730229332286e-08;
1586772.4514966635033;2.0813159196109154436e-08;
1587105.8070537005551;2.0508066356228482618e-08;
1587439.1626107376069;1.9356374281187527231e-08;
1587772.5181677746587;2.0562396230161539279e-08;
1588105.8737248117104;2.0994123772766215552e-08;
1588439.2292818487622;1.9421328545377036789e-08;
1588772.584838885814;1.9905604276004851272e-08;
1589105.9403959228657;2.0250091381512902444e-08;
1589439.2959529599175;2.0891368635034268664e-08;
1589772.6515099969693;2.1218333756678475766e-08;
1590106.007067034021;2.0358632113470775948e-08;
1590439.3626240710728;1.9711292154056536674e-08;
1590772.7181811081246;1.852246001021740085e-08;
1591106.0737381451763;1.9367021764082892332e-08;
1591439.4292951822281;2.0022497437821584754e-08;
1591772.7848522192799;2.0959594948521953484e-08;
1592106.1404092563316;2.406157229017935606e-08;
1592439.4959662933834;1.986232511796970357e-08;
1592772.8515233304352;2.0240381815028740675e-08;
1593106.2070803674869;2.0640786857484272332e-08;
1593439.5626374045387;2.0712851878101901093e-08;
1593772.9181944415905;2.2811843081171900849e-08;
1594106.2737514786422;1.9753999325189397496e-08;
1594439.629308515694;2.0610531947795607266e-08;
1594772.9848655527458;1.9483112012608216901e-08;
1595106.3404225897975;1.9243405091629028902e-08;
1595439.6959796268493;1.9627913516728767718e-08;
1595773.0515366639011;1.9350798297068649845e-08;
1596106.4070937009528;2.0245431997523155587e-08;
1596439.7626507380046;2.0216075924395227048e-08;
1596773.1182077750564;1.9137345930175797548e-08;
1597106.4737648121081;1.9861870370618817105e-08;
1597439.8293218491599;1.8968819404108216986e-08;
1597773.1848788862117;1.9980332055524741008e-08;
1598106.5404359232634;1.9714340382392947504e-08;
1598439.8959929603152;2.0126458721847484412e-08;
1598773.251549997367;2.0143190226917795371e-08;
1599106.6071070344187;1.9858417132923023019e-08;
1599439.9626640714705;1.9979033538675139425e-08;
1599773.3182211085223;2.1395452520778235339e-08;
1600106.673778145574;2.2287226286721306678e-08;
1600440.0293351826258;2.0186762483831444115e-08;
1600773.3848922196776;2.0312228343755123205e-08;
1601106.7404492567293;3.7639043881654288271e-08;
1601440.0960062937811;4.0800177458777397987e-08;
1601773.4515633308329;2.1326256316456237982e-08;
1602106.8071203678846;1.84525994484374678e-08;
1602440.1626774049364;1.8382454669563230709e-08;
1602773.5182344419882;1.8406302260132179072e-08;
1603106.8737914790399;1.9296450659567199182e-08;
1603440.2293485160917;1.9376072302179636608e-08;
1603773.5849055531435;1.9154263952714245534e-08;
1604106.9404625901952;1.9681673180116376898e-08;
1604440.296019627247;2.203596238814498065e-08;
1604773.6515766642988;2.2598172222387802321e-08;
1605107.0071337013505;1.918012415558223438e-08;
1605440.3626907384023;1.9185042887670533673e-08;
1605773.7182477754541;1.8767293497035097971e-08;
1606107.0738048125058;1.9039228860151524714e-08;
1606440.4293618495576;1.8195052575720183086e-08;
1606773.7849188866094;1.8421927094891543675e-08;
1607107.1404759236611;1.9354164493279313319e-08;
1607440.4960329607129;1.8931501699626096524e-08;
1607773.8515899977647;1.812798799960546603e-08;
1608107.2071470348164;2.2172804037268178945e-08;
1608440.5627040718682;1.828210471899183176e-08;
1608773.91826110892;1.8419306968553428305e-08;
1609107.2738181459717;1.8789229727644851664e-08;
1609440.6293751830235;1.875154076458329655e-08;
1609773.9849322200753;1.8415974523122713435e-08;
1610107.340489257127;1.8736656670625961851e-08;
1610440.6960462941788;1.8415198255183895526e-08;
1610774.0516033312306;1.8420374559013907856e-08;
1611107.4071603682823;1.8203204277256190835e-08;
1611440.7627174053341;1.8878463237115283846e-08;
1611774.1182744423859;1.8197928497443172091e-08;
1612107.4738314794376;1.8540104562703163538e-08;
1612440.8293885164894;1.8563829584650193283e-08;
1612774.1849455535412;1.9044982479954342125e-08;
1613107.540502590593;1.8064978846155099745e-08;
1613440.8960596276447;1.8384877620292172651e-08;
1613774.2516166646965;1.8871698870270847692e-08;
1614107.6071737017483;1.9396916073333159147e-08;
1614440.9627307388;1.9076054513789131306e-08;
1614774.3182877758518;1.8056539374811109155e-08;
1615107.6738448129036;1.914686187376446469e-08;
1615441.0294018499553;2.2391734688653741614e-08;
1615774.3849588870071;2.0795726030087280378e-08;
1616107.7405159240589;2.2251272824291845609e-08;
1616441.0960729611106;1.9197754497213281866e-08;
1616774.4516299981624;2.0496432995287250378e-08;
1617107.8071870352142;2.2606789329415732936e-08;
1617441.1627440722659;2.2927631349034527375e-08;
1617774.5183011093177;2.1203204525477303832e-08;
1618107.8738581463695;1.9995326283606118523e-08;
1618441.2294151834212;1.7652814321422738431e-08;
1618774.584972220473;1.8392857015214758576e-08;
1619107.9405292575248;1.7539059982141225191e-08;
1619441.2960862945765;1.8170169369113864377e-08;
1619774.6516433316283;1.8446636218527601159e-08;
1620108.0072003686801;1.8639774168605072191e-08;
1620441.3627574057318;1.9060278688698417682e-08;
1620774.7183144427836;1.826210649369386374e-08;
1621108.0738714798354;1.8524380251960792521e-08;
1621441.4294285168871;1.7666309304331662133e-08;
1621774.7849855539389;1.9290586905640338955e-08;
1622108.1405425909907;1.7871798263513483107e-08;
1622441.4960996280424;1.8563829584650193283e-08;
1622774.8516566650942;1.9470864032200552174e-08;
1623108.207213702146;1.8510457167053573357e-08;
1623441.5627707391977;1.9059809730492816016e-08;
1623774.9183277762495;1.7124328621775930515e-08;
1624108.2738848133013;2.2398186416694443324e-08;
1624441.629441850353;1.8684952252101538761e-08;
1624774.9849988874048;1.8658711908869918261e-08;
1625108.3405559244566;1.8415002855931561498e-08;
1625441.6961129615083;1.9052510680239720386e-08;
1625775.0516699985601;1.8316791638994800451e-08;
1626108.4072270356119;1.8288176306668901816e-08;
1626441.7627840726636;1.7906588212213137012e-08;
1626775.1183411097154;1.8244406874146079645e-08;
1627108.4738981467672;1.9070091283879264665e-08;
1627441.8294551838189;1.7828085674409521744e-08;
1627775.1850122208707;1.8154119985069883114e-08;
1628108.5405692579225;1.9773686688040470472e-08;
1628441.8961262949742;1.852480302488856978e-08;
1628775.251683332026;2.0115713539325952297e-08;
1629108.6072403690778;1.9050034438805596437e-08;
1629441.9627974061295;1.8362573683816663106e-08;
1629775.3183544431813;1.8215519759223752772e-08;
1630108.6739114802331;1.8874549922998085094e-08;
1630442.0294685172848;1.9156821906562981894e-08;
1630775.3850255543366;1.8143056834674098354e-08;
1631108.7405825913884;2.1987586862337593629e-08;
1631442.0961396284401;1.9834116571360027592e-08;
1631775.4516966654919;1.9750876489865731855e-08;
1632108.8072537025437;2.2014603473508032039e-08;
1632442.1628107395954;1.8853970829013633193e-08;
1632775.5183677766472;1.8729318540522399417e-08;
1633108.873924813699;1.8582003491474097245e-08;
1633442.2294818507507;1.879778110946972447e-08;
1633775.5850388878025;1.9524502903323082137e-08;
1634108.9405959248543;1.8485240005361447402e-08;
1634442.296152961906;1.8637580367908412882e-08;
1634775.6517099989578;1.7580799038796612876e-08;
1635109.0072670360096;1.887295830726998247e-08;
1635442.3628240730613;1.7822731734895569389e-08;
1635775.7183811101131;1.898785662035606947e-08;
1636109.0739381471649;1.8336205442892605788e-08;
1636442.4294951842166;1.9955006536065411638e-08;
1636775.7850522212684;4.1431380992662525387e-08;
1637109.1406092583202;2.1907275993271468906e-08;
1637442.4961662953719;2.0040971548951347359e-08;
1637775.8517233324237;1.8624488618002033036e-08;
1638109.2072803694755;1.8536065127250367368e-08;
1638442.5628374065273;1.9284488672610677895e-08;
1638775.918394443579;1.7738052804361359449e-08;
1639109.2739514806308;1.838061436387761205e-08;
1639442.6295085176826;1.7361170279173165909e-08;
1639775.9850655547343;1.7529389495507530228e-08;
1640109.3406225917861;2.0858729854467128462e-08;
1640442.6961796288379;1.7897718862514011562e-08;
1640776.0517366658896;1.7740950042366421258e-08;
1641109.4072937029414;1.8173649252162249468e-08;
1641442.7628507399932;1.7579871780526445946e-08;
1641776.1184077770449;1.7684815389884533943e-08;
1642109.4739648140967;1.7737647795001976192e-08;
1642442.8295218511485;1.8359122222477708419e-08;
1642776.1850788882002;1.7585524147989417543e-08;
1643109.540635925252;1.9197248235514052794e-08;
1643442.8961929623038;1.7462507884147271398e-08;
1643776.2517499993555;1.7306085453583364142e-08;
1644109.6073070364073;1.915601366420105478e-08;
1644442.9628640734591;1.9086112246213815524e-08;
1644776.3184211105108;1.7631366588943819806e-08;
1645109.6739781475626;1.7140582286856442806e-08;
1645443.0295351846144;1.8302703352901517064e-08;
1645776.3850922216661;1.8676486135404957167e-08;
1646109.7406492587179;1.9107481818991800537e-08;
1646443.0962062957697;2.5394616187668361817e-08;
1646776.4517633328214;3.7994727364321079222e-08;
1647109.8073203698732;2.8204631519201939227e-08;
1647443.162877406925;1.9394768457914324244e-08;
1647776.5184344439767;1.7731167645251844078e-08;
1648109.8739914810285;2.2019127854377984477e-08;
1648443.2295485180803;1.9258521888332325034e-08;
1648776.585105555132;1.6684898795915614755e-08;
1649109.9406625921838;1.8028076809173398942e-08;
1649443.2962196292356;1.8465604156858717033e-08;
1649776.6517766662873;1.7601225366092876357e-08;
1650110.0073337033391;1.7163632293204500456e-08;
1650443.3628907403909;1.8527307688032124133e-08;
1650776.7184477774426;1.8334402440700614534e-08;
1651110.0740048144944;1.7363182891472206393e-08;
1651443.4295618515462;1.7423223752643934858e-08;
1651776.7851188885979;1.7912093142058438389e-08;
1652110.1406759256497;1.791763182268368837e-08;
1652443.4962329627015;1.8785632605045066157e-08;
1652776.8517899997532;1.8175628113681341347e-08;
1653110.207347036805;1.7889295378381575574e-08;
1653443.5629040738568;1.7747433744830232172e-08;
1653776.9184611109085;1.8546879587688636093e-08;
1654110.2740181479603;1.8412803726164383988e-08;
1654443.6295751850121;1.8067835227952855348e-08;
1654776.9851322220638;1.8721422634371265303e-08;
1655110.3406892591156;1.8386751676757739915e-08;
1655443.6962462961674;1.8341134833121941483e-08;
1655777.0518033332191;1.7522429729410760046e-08;
1656110.4073603702709;2.0380818810394885077e-08;
1656443.7629174073227;1.8071611762593420281e-08;
1656777.1184744443744;1.8911224586304342665e-08;
1657110.4740314814262;2.0449929749588591221e-08;
1657443.829588518478;4.7925386326141961035e-08;
1657777.1851455555297;3.6406213155260047643e-08;
1658110.5407025925815;2.0889238783183827763e-08;
1658443.8962596296333;1.9150327545958134579e-08;
1658777.251816666685;1.9108085780317196622e-08;
1659110.6073737037368;1.8551506997255273745e-08;
1659443.9629307407886;1.8940914614518078452e-08;
1659777.3184877778403;1.836763807716579322e-08;
1660110.6740448148921;1.9212698987303156173e-08;
1660444.0296018519439;1.8596470141574172885e-08;
1660777.3851588889956;1.8733233630996437569e-08;
1661110.7407159260474;1.9790991956369907712e-08;
1661444.0962729630992;1.8629135567493904091e-08;
1661777.4518300001509;1.8239600052538662567e-08;
1662110.8073870372027;1.8641477694814057031e-08;
1662444.1629440742545;1.968260754381390143e-08;
1662777.5185011113063;1.9462929046198951255e-08;
1663110.874058148358;2.5250352919670149276e-08;
1663444.2296151854098;2.0268599243422613654e-08;
1663777.5851722224616;1.7984360667355758778e-08;
1664110.9407292595133;2.2263355603513446113e-08;
1664444.2962862965651;2.1772301295186480274e-08;
1664777.6518433336169;2.3256335524024507322e-08;
1665111.0074003706686;2.0108824827502758126e-08;
1665444.3629574077204;2.1109249459527745785e-08;
1665777.7185144447722;1.9278797225297239493e-08;
1666111.0740714818239;2.07575840960316782e-08;
1666444.4296285188757;2.0613137863279007433e-08;
1666777.7851855559275;2.0901243402704494656e-08;
1667111.1407425929792;1.8788107070122350706e-08;
1667444.496299630031;1.8683639524397221976e-08;
1667777.8518566670828;2.0485346752252553415e-08;
1668111.2074137041345;1.9499788450616506452e-08;
1668444.5629707411863;1.9102682102811741061e-08;
1668777.9185277782381;2.1058617960534320446e-08;
1669111.2740848152898;1.8376127286501287017e-08;
1669444.6296418523416;1.8720962557949860638e-08;
1669777.9851988893934;1.8816976421476283576e-08;
1670111.3407559264451;1.9483797686348225398e-08;
1670444.6963129634969;1.8944142254895268707e-08;
1670778.0518700005487;1.9030668596542454907e-08;
1671111.4074270376004;2.0208156925605180732e-08;
1671444.7629840746522;2.0136468492637504824e-08;
1671778.118541111704;2.0185201066169611295e-08;
1672111.4740981487557;2.3178229113796078309e-08;
1672444.8296551858075;3.2891389167843954056e-08;
1672778.1852122228593;2.2831288859492815391e-08;
1673111.540769259911;2.0386906385283509735e-08;
1673444.8963262969628;2.0608830197943461826e-08;
1673778.2518833340146;2.2970727542315216851e-08;
1674111.6074403710663;2.9772698084684634523e-08;
1674444.9629974081181;3.5581393831307650544e-08;
1674778.3185544451699;2.8364379289769203751e-08;
1675111.6741114822216;2.1668363103799492819e-08;
1675445.0296685192734;2.017800504461320088e-08;
1675778.3852255563252;2.0121438737419339304e-08;
1676111.7407825933769;1.9902282488715172803e-08;
1676445.0963396304287;2.1796640936599942506e-08;
1676778.4518966674805;2.4218010707954817917e-08;
1677111.8074537045322;1.9929887073999452696e-08;
1677445.163010741584;1.9668885187229534495e-08;
1677778.5185677786358;1.9306385823369964783e-08;
1678111.8741248156875;1.8299134652011161961e-08;
1678445.2296818527393;1.8804122703386383364e-08;
1678778.5852388897911;1.8839468651776769548e-08;
1679111.9407959268428;1.9629188940939457098e-08;
1679445.2963529638946;1.8705906157379104116e-08;
1679778.6519100009464;2.0685616775040216453e-08;
1680112.0074670379981;2.969466095237294212e-08;
1680445.3630240750499;2.6142718212440740899e-08;
1680778.7185811121017;1.9128135519963507249e-08;
1681112.0741381491534;1.8043158078739907069e-08;
1681445.4296951862052;1.7879774105722390232e-08;
1681778.785252223257;1.9785291627272272308e-08;
1682112.1408092603087;1.8808814061799239425e-08;
1682445.4963662973605;1.8009178148759019678e-08;
1682778.8519233344123;1.6852158779556702939e-08;
1683112.207480371464;1.8605849305686206208e-08;
1683445.5630374085158;1.7651201389412563003e-08;
1683778.9185944455676;1.7262633988934794615e-08;
1684112.2741514826193;1.702890273236334906e-08;
1684445.6297085196711;1.7884360659081721678e-08;
1684778.9852655567229;1.7355986869915795978e-08;
1685112.3408225937746;1.7861410128716670442e-08;
1685445.6963796308264;1.8393567557950518676e-08;
1685779.0519366678782;1.8416589142589145922e-08;
1686112.4074937049299;1.7869568935680035793e-08;
1686445.7630507419817;1.9409153395599787473e-08;
1686779.1186077790335;2.0828741398304373433e-08;
1687112.4741648160852;2.9025926551184966229e-08;
1687445.829721853137;3.736655429520396865e-08;
1687779.1852788901888;3.1292692881379480241e-08;
1688112.5408359272406;2.2950398914645120385e-08;
1688445.8963929642923;1.9064765766074742714e-08;
1688779.2519500013441;1.8431347115210883203e-08;
1689112.6075070383959;1.8625634368163446197e-08;
1689445.9630640754476;1.8224193709670544195e-08;
1689779.3186211124994;1.6714324146960279904e-08;
1690112.6741781495512;1.8399934020862929174e-08;
1690446.0297351866029;1.812515293408978323e-08;
1690779.3852922236547;1.8084982400523585966e-08;
1691112.7408492607065;1.8692240644213597989e-08;
1691446.0964062977582;1.9205208090511405317e-08;
1691779.45196333481;1.9588300759210142132e-08;
1692112.8075203718618;2.2744018224329920486e-08;
1692446.1630774089135;2.3225306122753863747e-08;
1692779.5186344459653;1.8374706201029766817e-08;
1693112.8741914830171;1.8079488128819320991e-08;
1693446.2297485200688;1.9662286021571162564e-08;
1693779.5853055571206;1.7970085863794338366e-08;
1694112.9408625941724;1.8802834844677818182e-08;
1694446.2964196312241;1.9901582604120449105e-08;
1694779.6519766682759;1.8815455860021756962e-08;
1695113.0075337053277;2.5319156549130639178e-08;
1695446.3630907423794;2.1409402251038045506e-08;
1695779.7186477794312;1.964899176698509109e-08;
1696113.074204816483;2.0230002562016125012e-08;
1696446.4297618535347;2.0787032539715255552e-08;
1696779.7853188905865;2.0064151229348681227e-08;
1697113.1408759276383;2.093247530865482986e-08;
1697446.49643296469;2.044949809487661696e-08;
1697779.8519900017418;2.0138555711923800118e-08;
1698113.2075470387936;2.0453235549666715087e-08;
1698446.5631040758453;1.9852835819733627432e-08;
1698779.9186611128971;2.0609046913477868657e-08;
1699113.2742181499489;2.215808514449690847e-08;
1699446.6297751870006;2.2115345998940938443e-08;
1699779.9853322240524;2.0565105174341624661e-08;
1700113.3408892611042;2.3454463260463853658e-08;
1700446.6964462981559;2.2253541231975759729e-08;
1700780.0520033352077;2.019786471407769568e-08;
1701113.4075603722595;2.1574317443651125359e-08;
1701446.7631174093112;2.1149226370198448421e-08;
1701780.118674446363;1.936225757503962086e-08;
1702113.4742314834148;2.1403460337410251668e-08;
1702446.8297885204665;2.11341841804824071e-08;
1702780.1853455575183;2.0638900366520829266e-08;
1703113.5409025945701;2.1219451085130458523e-08;
1703446.8964596316218;2.0755651419790410728e-08;
1703780.2520166686736;2.1058284005448513199e-08;
1704113.6075737057254;2.2741341254572944308e-08;
1704446.9631307427771;2.0778671228072198573e-08;
1704780.3186877798289;2.214454219995332096e-08;
1705113.6742448168807;2.1378021131113200681e-08;
1705447.0298018539324;2.1353697476911293052e-08;
1705780.3853588909842;2.0263257738406537101e-08;
1706113.740915928036;2.1038058406475101947e-08;
1706447.0964729650877;2.1016338891399755084e-08;
1706780.4520300021395;2.0720786864103502012e-08;
1707113.8075870391913;2.1433674390891610528e-08;
1707447.163144076243;2.3634425971863493032e-08;
1707780.5187011132948;3.2338668631837208522e-08;
1708113.8742581503466;4.98258607706247858e-08;
1708447.2298151873983;2.5799945291282710969e-08;
1708780.5853722244501;2.2520653786273214791e-08;
1709113.9409292615019;2.0652356269579286163e-08;
1709447.2964862985536;2.1485057288828102173e-08;
1709780.6520433356054;2.1436273200947653095e-08;
1710114.0076003726572;2.3402606075251242146e-08;
1710447.3631574097089;2.1452697396284747811e-08;
1710780.7187144467607;2.0501872199929493945e-08;
1711114.0742714838125;2.1063131683263236482e-08;
1711447.4298285208642;2.0611725659591684234e-08;
1711780.785385557916;2.0317045823503576685e-08;
1712114.1409425949678;2.3485220879138068995e-08;
1712447.4964996320195;2.0364355535207323555e-08;
1712780.8520566690713;2.0569297376482609252e-08;
1713114.2076137061231;1.9211213952985417563e-08;
1713447.5631707431749;2.1020030160912028805e-08;
1713780.9187277802266;1.9797113282038480975e-08;
1714114.2742848172784;2.0662481503563867591e-08;
1714447.6298418543302;2.057254810949871171e-08;
1714780.9853988913819;1.8594542794403423613e-08;
1715114.3409559284337;2.2217173878402718401e-08;
1715447.6965129654855;3.0017165641993415193e-08;
1715781.0520700025372;2.1190134091852996789e-08;
1716114.407627039589;1.9009183560569908877e-08;
1716447.7631840766408;1.8614578323195019038e-08;
1716781.1187411136925;1.8903319798369011551e-08;
1717114.4742981507443;1.8447252614350873046e-08;
1717447.8298551877961;1.757656775680516148e-08;
1717781.1854122248478;1.877118371851338452e-08;
1718114.5409692618996;1.8787778444107061659e-08;
1718447.8965262989514;1.7055818091193941655e-08;
1718781.2520833360031;1.8472514184963984007e-08;
1719114.6076403730549;1.7449076850084566104e-08;
1719447.9631974101067;1.814458627791282197e-08;
1719781.3187544471584;1.903140400827396661e-08;
1720114.6743114842102;2.0349979479306057328e-08;
1720448.029868521262;1.77916046339987588e-08;
1720781.3854255583137;1.7844348221274231037e-08;
1721114.7409825953655;1.8150165814745378157e-08;
1721448.0965396324173;1.79100485553362887e-08;
1721781.452096669469;1.7663609241935773753e-08;
1722114.8076537065208;1.6745653752536782122e-08;
1722448.1632107435726;1.8390723610650638875e-08;
1722781.5187677806243;1.8655008204859768739e-08;
1723114.8743248176761;1.891707235301964829e-08;
1723448.2298818547279;2.4191519898408841982e-08;
1723781.5854388917796;1.9008247420515544945e-08;
1724114.9409959288314;1.9578667576070074574e-08;
1724448.2965529658832;1.757727829954092158e-08;
1724781.6521100029349;1.8762051468002027832e-08;
1725115.0076670399867;1.8838145265931416361e-08;
1725448.3632240770385;1.9253345584502312704e-08;
1725781.7187811140902;1.8466641549252926779e-08;
1726115.074338151142;2.0241307296942068206e-08;
1726448.4298951881938;1.9551377405946368526e-08;
1726781.7854522252455;1.8930702339048366412e-08;
1727115.1410092622973;3.1826530744183401112e-08;
1727448.4965662993491;2.1460387245042511495e-08;
1727781.8521233364008;2.0901756769831081328e-08;
1728115.2076803734526;2.2920623621303093387e-08;
1728448.5632374105044;2.0511670584255625727e-08;
1728781.9187944475561;2.1394024329879357538e-08;
1729115.2743514846079;2.1974882358222203038e-08;
1729448.6299085216597;2.9168694126724403759e-08;
1729781.9854655587114;3.2327363896911265329e-08;
1730115.3410225957632;2.1412109418861291488e-08;
1730448.696579632815;2.1576514797061463469e-08;
1730782.0521366698667;2.1076196787817025324e-08;
1731115.4076937069185;2.1388387949627940543e-08;
1731448.7632507439703;2.1489549695274945407e-08;
1731782.118807781022;2.1273946160249579407e-08;
1732115.4743648180738;2.2441628999558815849e-08;
1732448.8299218551256;2.1959138507554598618e-08;
1732782.1854788921773;2.242255625617417536e-08;
1733115.5410359292291;2.1743710831856333243e-08;
1733448.8965929662809;2.2060788751332438551e-08;
1733782.2521500033326;2.1445464071234709991e-08;
1734115.6077070403844;2.2545711075849794724e-08;
1734448.9632640774362;2.099744378369905462e-08;
1734782.3188211144879;2.1931533922270318726e-08;
1735115.6743781515397;2.3333925014412670862e-08;
1735449.0299351885915;2.4028327771929980372e-08;
1735782.3854922256432;2.4203039572512352606e-08;
1736115.741049262695;2.5384981228171454859e-08;
1736449.0966062997468;2.4031198364582451177e-08;
1736782.4521633367985;2.6095824168237413687e-08;
1737115.8077203738503;2.3312948016496193304e-08;
1737449.1632774109021;2.6573756528591729875e-08;
1737782.5188344479539;2.6331139935109604266e-08;
1738115.8743914850056;2.4355777838991343742e-08;
1738449.2299485220574;2.315844760403251712e-08;
1738782.5855055591092;2.4929262210093838803e-08;
1739115.9410625961609;2.5496042610484437319e-08;
1739449.2966196332127;2.437015922396312817e-08;
1739782.6521766702645;2.5124158753442316083e-08;
1740116.0077337073162;2.5955099403063286445e-08;
1740449.363290744368;2.546555855076348962e-08;
1740782.7188477814198;2.8588742040369652386e-08;
1741116.0744048184715;2.4909430962338774407e-08;
1741449.4299618555233;2.5529924840839157696e-08;
1741782.7855188925751;2.3444371777259220835e-08;
1742116.1410759296268;2.5893209354421742319e-08;
1742449.4966329666786;2.497980844395897293e-08;
1742782.8521900037304;2.5448921192605666874e-08;
1743116.2077470407821;2.7601096519447310129e-08;
1743449.5633040778339;5.2231087011023191735e-08;
1743782.9188611148857;8.6319545289370580576e-08;
1744116.2744181519374;3.9060871870333357947e-08;
1744449.6299751889892;3.1418558421592024388e-08;
1744782.985532226041;3.0555156627087853849e-08;
1745116.3410892630927;2.8021652553888998227e-08;
1745449.6966463001445;2.4913108020996332925e-08;
1745783.0522033371963;2.2911324393248833076e-08;
1746116.407760374248;2.252908259947616898e-08;
1746449.7633174112998;2.3052225017750060942e-08;
1746783.1188744483516;3.9505358984115446219e-08;
1747116.4744314854033;2.3956213013320848404e-08;
1747449.8299885224551;2.5281643445396184688e-08;
1747783.1855455595069;2.3208176713751527132e-08;
1748116.5411025965586;2.4521883190686821763e-08;
1748449.8966596336104;2.205524829435034917e-08;
1748783.2522166706622;2.1785540482710530341e-08;
1749116.6077737077139;2.0664078448362488416e-08;
1749449.9633307447657;2.0672466405358136399e-08;
1749783.3188877818175;2.1456429522004327737e-08;
1750116.6744448188692;2.0875702944067597855e-08;
1750450.030001855921;2.2041071190415095771e-08;
1750783.3855588929728;2.4567114564888470341e-08;
1751116.7411159300245;2.2297721002928483358e-08;
1751450.0966729670763;2.1854306808677392837e-08;
1751783.4522300041281;2.3246000679932876665e-08;
1752116.8077870411798;2.7428200155554804951e-08;
1752450.1633440782316;2.1474001243859675014e-08;
1752783.5189011152834;2.1953235673777271586e-08;
1753116.8744581523351;2.2797941312546754489e-08;
1753450.2300151893869;2.2398539911705483973e-08;
1753783.5855722264387;2.3018476014158295584e-08;
1754116.9411292634904;2.2911967434424695966e-08;
1754450.2966863005422;2.4417854405101024895e-08;
1754783.652243337594;2.6003613484704146686e-08;
1755117.0078003746457;2.5330145092539169127e-08;
1755450.3633574116975;2.4526363162635789195e-08;
1755783.7189144487493;2.59086796461360791e-08;
1756117.074471485801;4.3868460863905056613e-08;
1756450.4300285228528;2.7953015901971411949e-08;
1756783.7855855599046;2.6721403756368999893e-08;
1757117.1411425969563;2.7834040849938901374e-08;
1757450.4966996340081;3.2581130682274306309e-08;
1757783.8522566710599;3.95413941589595197e-08;
1758117.2078137081116;3.5233380657473389874e-08;
1758450.5633707451634;3.1920599496970680775e-08;
1758783.9189277822152;3.7825437004812556552e-08;
1759117.2744848192669;3.6110346712803220726e-08;
1759450.6300418563187;3.502639600583279389e-08;
1759783.9855988933705;3.6098359856850947835e-08;
1760117.3411559304222;7.6023233930300193606e-08;
1760450.696712967474;3.5671142484261508798e-08;
1760784.0522700045258;3.721293850844631379e-08;
1761117.4078270415775;3.3822647793613214162e-08;
1761450.7633840786293;3.8757725917548668804e-08;
1761784.1189411156811;3.4867511544689477887e-08;
1762117.4744981527328;3.7706811895077407826e-08;
1762450.8300551897846;3.7800194974124678993e-08;
1762784.1856122268364;3.6563822192192674265e-08;
1763117.5411692638882;4.1429412789284469909e-08;
1763450.8967263009399;3.8775567645643604919e-08;
1763784.2522833379917;3.9267341378490527859e-08;
1764117.6078403750435;8.2146470958832651377e-08;
1764450.9633974120952;4.0315477178864966845e-08;
1764784.318954449147;4.001756437332915084e-08;
1765117.6745114861988;3.7885222070599411381e-08;
1765451.0300685232505;4.0644369647679923219e-08;
1765784.3856255603023;3.4981997742988824029e-08;
1766117.7411825973541;3.5028548950322146993e-08;
1766451.0967396344058;3.6402312275640724692e-08;
1766784.4522966714576;3.824074923386433511e-08;
1767117.8078537085094;3.466072584501489473e-08;
1767451.1634107455611;3.8209655883747473126e-08;
1767784.5189677826129;3.849471852390706772e-08;
1768117.8745248196647;5.7515570972554996843e-08;
1768451.2300818567164;3.8448895622877898859e-08;
1768784.5856388937682;3.7478379510957893217e-08;
1769117.94119593082;3.6329804942170085269e-08;
1769451.2967529678717;4.1057798938481937512e-08;
1769784.6523100049235;3.4374572521755908383e-08;
1770118.0078670419753;3.3743297933597204974e-08;
1770451.363424079027;3.65853480843725265e-08;
1770784.7189811160788;3.8980530803200963419e-08;
1771118.0745381531306;3.8849957917364008608e-08;
1771451.4300951901823;3.6732952679585650912e-08;
1771784.7856522272341;3.5981422286113229347e-08;
1772118.1412092642859;3.7986051637517448398e-08;
1772451.4967663013376;3.846727025802465505e-08;
1772784.8523233383894;3.4975791152191959554e-08;
1773118.2078803754412;3.510413293383862765e-08;
1773451.5634374124929;3.9837370735540389433e-08;
1773784.9189944495447;3.5066907599912156002e-08;
1774118.2745514865965;3.7832283084071605117e-08;
1774451.6301085236482;3.3816942135445060558e-08;
1774784.9856655607;3.4159906903141745715e-08;
1775118.3412225977518;3.6124117031022251467e-08;
1775451.6967796348035;3.6236105671605400858e-08;
1775785.0523366718553;3.3525978437864978332e-08;
1776118.4078937089071;5.9922008688317873748e-08;
1776451.7634507459588;3.4906552315305816592e-08;
1776785.1190077830106;3.5220509175815095659e-08;
1777118.4745648200624;3.3373723340446304064e-08;
1777451.8301218571141;6.7794829305967141408e-08;
1777785.1856788941659;3.3260469933793501696e-08;
1778118.5412359312177;3.1187926907705332269e-08;
1778451.8967929682694;3.4980768504055959056e-08;
1778785.2523500053212;3.9637928495039886911e-08;
1779118.607907042373;1.3049861991021316499e-07;
1779451.9634640794247;6.6708643942092749057e-08;
1779785.3190211164765;3.6855830387594323838e-08;
1780118.6745781535283;3.4256299130674960907e-08;
1780452.03013519058;3.0564390129939056351e-08;
1780785.3856922276318;2.8725171574706109823e-08;
1781118.7412492646836;2.8210576985543411865e-08;
1781452.0968063017353;2.9119952671408100286e-08;
1781785.4523633387871;2.8715231081832826021e-08;
1782118.8079203758389;2.8076444280600298953e-08;
1782452.1634774128906;2.7483958220386739413e-08;
1782785.5190344499424;2.683081490317817952e-08;
1783118.8745914869942;2.9058119466185416968e-08;
1783452.2301485240459;2.928735298723950109e-08;
1783785.5857055610977;3.6925236202023370424e-08;
1784118.9412625981495;5.8870256225418415852e-08;
1784452.2968196352012;3.2946037009651263361e-08;
1784785.652376672253;2.7022343473959153926e-08;
1785119.0079337093048;2.7117023293499187275e-08;
1785452.3634907463565;3.4698132367338985205e-08;
1785785.7190477834083;2.8461611734087455261e-08;
1786119.0746048204601;2.6668692143516636861e-08;
1786452.4301618575118;2.6969843247570679523e-08;
1786785.7857188945636;2.9229221709670127893e-08;
1787119.1412759316154;2.5972477502023139095e-08;
1787452.4968329686671;2.5720931162709348428e-08;
1787785.8523900057189;2.6543663267375450232e-08;
1788119.2079470427707;2.6474136660681324429e-08;
1788452.5635040798225;2.7456016127302973473e-08;
1788785.9190611168742;2.6655811780074145645e-08;
1789119.274618153926;2.6459071378326370905e-08;
1789452.6301751909778;2.6394262775397692167e-08;
1789785.9857322280295;2.6226022242781255045e-08;
1790119.3412892650813;2.9170948323553602677e-08;
1790452.6968463021331;3.1789873844445537543e-08;
1790786.0524033391848;6.445048938985564746e-08;
1791119.4079603762366;8.7479740784601744963e-08;
1791452.7635174132884;3.8238798794054673635e-08;
1791786.1190744503401;2.8473362334580087918e-08;
1792119.4746314873919;4.1445282761287671747e-08;
1792452.8301885244437;3.0156595443031619652e-08;
1792786.1857455614954;3.0008941109826992033e-08;
1793119.5413025985472;2.6491536075923249882e-08;
1793452.896859635599;2.9026130832221497258e-08;
1793786.2524166726507;2.9023070169387210626e-08;
1794119.6079737097025;2.5758417621091211913e-08;
1794452.9635307467543;2.7149626546929539472e-08;
1794786.319087783806;4.7359115740164270392e-08;
1795119.6746448208578;2.7468752605841473269e-08;
1795453.0302018579096;2.7427573101590496663e-08;
1795786.3857588949613;2.8372500793238941696e-08;
1796119.7413159320131;2.8571871979465868208e-08;
1796453.0968729690649;2.8515410477325531247e-08;
1796786.4524300061166;2.7169237526436518237e-08;
1797119.8079870431684;2.7882833819603547454e-08;
1797453.1635440802202;2.7472614405610329413e-08;
1797786.5191011172719;2.877628446640301263e-08;
1798119.8746581543237;2.8389504080905680894e-08;
1798453.2302151913755;2.8353966285976639483e-08;
1798786.5857722284272;2.7612784947450563777e-08;
1799119.941329265479;2.8591404799271913362e-08;
1799453.2968863025308;2.8293959175584859622e-08;
1799786.6524433395825;2.9115911459598464717e-08;
1800120.0080003766343;3.7314272560706740478e-08;
1800453.3635574136861;2.6884979575925171957e-08;
1800786.7191144507378;2.7280481873503958923e-08;
1801120.0746714877896;2.943182053627424466e-08;
1801453.4302285248414;3.2507148972626964678e-08;
1801786.7857855618931;4.4383401842651437619e-08;
1802120.1413425989449;3.0329264433248681598e-08;
1802453.4968996359967;2.871280990746072348e-08;
1802786.8524566730484;2.7048322692735382589e-08;
1803120.2080137101002;2.7355154585961827252e-08;
1803453.563570747152;2.7422032644608407281e-08;
1803786.9191277842037;2.8601803592209762428e-08;
1804120.2746848212555;2.8997639844874356641e-08;
1804453.6302418583073;2.7925480594603868667e-08;
1804786.985798895359;2.7161076943116313487e-08;
1805120.3413559324108;2.6267935382406903955e-08;
1805453.6969129694626;2.6589633606022289314e-08;
1805787.0524700065143;2.7001179958574539341e-08;
1806120.4080270435661;3.0041274357017755392e-08;
1806453.7635840806179;2.792464748324618995e-08;
1806787.1191411176696;2.561442613568942761e-08;
1807120.4746981547214;2.8959002307260561793e-08;
1807453.8302551917732;2.6373683681413240265e-08;
1807787.1858122288249;2.8832502607656351756e-08;
1808120.5413692658767;3.8788172673775989097e-08;
1808453.8969263029285;2.8741524715769628529e-08;
1808787.2524833399802;2.9465343942547406186e-08;
1809120.608040377032;4.0737223372389053111e-08;
1809453.9635974140838;5.6709623663664388005e-08;
1809787.3191544511355;4.1598390509989258135e-08;
1810120.6747114881873;2.9611417318164967583e-08;
1810454.0302685252391;3.4489559652683965396e-08;
1810787.3858255622908;2.8201311508269100159e-08;
1811120.7413825993426;2.5652882484905603633e-08;
1811454.0969396363944;2.6593697910470837087e-08;
1811787.4524966734461;2.724939740517129394e-08;
1812120.8080537104979;2.8432125986910250504e-08;
1812454.1636107475497;2.6724221058316288691e-08;
1812787.5191677846014;2.6398760510915053601e-08;
1813120.8747248216532;2.8993463629944926652e-08;
1813454.230281858705;3.1939109135237231385e-08;
1813787.5858388957568;4.7748407894232514082e-08;
1814120.9413959328085;5.0625590830577493762e-08;
1814454.2969529698603;5.2212278944807621883e-08;
1814787.6525100069121;1.7317155709406506503e-07;
1815121.0080670439638;5.9695061338516097749e-08;
1815454.3636240810156;3.8383838329991704086e-08;
1815787.7191811180674;3.2470509836457495112e-08;
1816121.0747381551191;3.7275682984727609437e-08;
1816454.4302951921709;2.6215291271114438132e-08;
1816787.7858522292227;2.8724313594352679502e-08;
1817121.1414092662744;3.1511863340938361944e-08;
1817454.4969663033262;2.9091779651935212314e-08;
1817787.852523340378;2.8171056598580435093e-08;
1818121.2080803774297;2.6878982595235356712e-08;
1818454.5636374144815;2.6507176897894169088e-08;
1818787.9191944515333;2.6043387890695157694e-08;
1819121.274751488585;2.8347789893246044812e-08;
1819454.6303085256368;2.7950068925974846934e-08;
1819787.9858655626886;2.9606319174035888864e-08;
1820121.3414225997403;2.8892840120420260064e-08;
1820454.6969796367921;2.9637488907496845059e-08;
1820788.0525366738439;2.905061613489579031e-08;
1821121.4080937108956;2.9015474467541935155e-08;
1821454.7636507479474;2.7804716751234082039e-08;
1821788.1192077849992;2.9726706429755722638e-08;
1822121.4747648220509;3.0265766781667480245e-08;
1822454.8303218591027;3.2157778662167402217e-08;
1822788.1858788961545;3.2919480474902229616e-08;
1823121.5414359332062;4.8128129037650069222e-08;
1823454.896992970258;3.3531339482806288288e-08;
1823788.2525500073098;3.2772803137959272135e-08;
1824121.6081070443615;4.0778324716939096106e-08;
1824454.9636640814133;3.3086745787613836001e-08;
1824788.3192211184651;3.4186200537078548223e-08;
1825121.6747781555168;3.7587369661196134984e-08;
1825455.0303351925686;3.3838635005167816416e-08;
1825788.3858922296204;3.4355679190412047319e-08;
1826121.7414492666721;3.6603410080715548247e-08;
1826455.0970063037239;3.6300328076777077513e-08;
1826788.4525633407757;3.7607780001280843862e-08;
1827121.8081203778274;3.7746445968878106214e-08;
1827455.1636774148792;4.039253553855814971e-08;
1827788.519234451931;5.2773966530139659881e-08;
1828121.8747914889827;6.391559281837544404e-08;
1828455.2303485260345;4.4681542021862696856e-08;
1828788.5859055630863;3.9398141638002925902e-08;
1829121.941462600138;3.9282177510813198751e-08;
1829455.2970196371898;3.7490561766162500135e-08;
1829788.6525766742416;3.8794375711859174771e-08;
1830122.0081337112933;3.4919860780746603268e-08;
1830455.3636907483451;3.8074439601132326061e-08;
1830788.7192477853969;3.5928934494222630747e-08;
1831122.0748048224486;3.8421887893491657451e-08;
1831455.4303618595004;3.701421391610892897e-08;
1831788.7859188965522;3.6265337399754571379e-08;
1832122.1414759336039;4.6481300586265206221e-08;
1832455.4970329706557;3.6683040605112182675e-08;
1832788.8525900077075;3.8983476002840689034e-08;
1833122.2081470447592;3.7449225942509656306e-08;
1833455.563704081811;3.4116965252906084061e-08;
1833788.9192611188628;3.4781677982209657785e-08;
1834122.2748181559145;3.4260391856832939084e-08;
1834455.6303751929663;3.2235494273891163175e-08;
1834788.9859322300181;3.362837830422904517e-08;
1835122.3414892670698;3.3724099068876967067e-08;
1835455.6970463041216;3.1924244581205130089e-08;
1835789.0526033411734;3.3884496986047452083e-08;
1836122.4081603782251;3.3672595378675396205e-08;
1836455.7637174152769;3.2538459038278233493e-08;
1836789.1192744523287;3.2627525570205762051e-08;
1837122.4748314893804;3.2852003784000771702e-08;
1837455.8303885264322;3.3334934812501160195e-08;
1837789.185945563484;3.2783340486730594421e-08;
1838122.5415026005358;3.4765491818689042702e-08;
1838455.8970596375875;3.2832677021588096977e-08;
1838789.2526166746393;3.2151792339618623373e-08;
1839122.6081737116911;3.2885552059269684833e-08;
1839455.9637307487428;3.2584793530077149626e-08;
1839789.3192877857946;3.090225675350666279e-08;
1840122.6748448228464;4.3414065231672793743e-08;
1840456.0304018598981;3.2208607336770000984e-08;
1840789.3859588969499;3.1670808198214217555e-08;
1841122.7415159340017;3.4779844781951396726e-08;
1841456.0970729710534;3.4064804310673935106e-08;
1841789.4526300081052;3.755074118316770182e-08;
1842122.808187045157;3.3282564260161962011e-08;
1842456.1637440822087;3.5583521906801252044e-08;
1842789.5193011192605;3.1674257883196332841e-08;
1843122.8748581563123;3.0776675430388422683e-08;
1843456.230415193364;3.1575037695574792451e-08;
1843789.5859722304158;3.1189625104843798908e-08;
1844122.9415292674676;3.1420658075376195484e-08;
1844456.2970863045193;3.2891158241454832023e-08;
1844789.6526433415711;3.3306896796148066642e-08;
1845123.0082003786229;3.308482732222728373e-08;
1845456.3637574156746;3.0251680271931036259e-08;
1845789.7193144527264;3.2282926554216828663e-08;
1846123.0748714897782;3.4096355960855362355e-08;
1846456.4304285268299;3.6224395927320074406e-08;
1846789.7859855638817;3.5276300991426978726e-08;
1847123.1415426009335;3.3514435671122555505e-08;
1847456.4970996379852;3.2770557822914270218e-08;
1847789.852656675037;3.3224964113287569489e-08;
1848123.2082137120888;4.487355553806082753e-08;
1848456.5637707491405;3.4506289381397436955e-08;
1848789.9193277861923;3.5574146295402897522e-08;
1849123.2748848232441;3.6027657301929139066e-08;
1849456.6304418602958;3.699938844192729448e-08;
1849789.9859988973476;4.5128508929792587878e-08;
1850123.3415559343994;8.4045112203057215083e-08;
1850456.6971129714511;1.659266501974343555e-07;
1850790.0526700085029;6.473496227954456117e-08;
1851123.4082270455547;4.4097632212469761726e-08;
1851456.7637840826064;3.7423248500090267044e-08;
1851790.1193411196582;3.7004525665906840004e-08;
1852123.47489815671;3.9538548435302800499e-08;
1852456.8304551937617;5.7465275205004218151e-08;
1852790.1860122308135;6.2009512191707472084e-08;
1853123.5415692678653;4.1151384522208900307e-08;
1853456.897126304917;4.0490789388059056364e-08;
1853790.2526833419688;3.6865412056386048789e-08;
1854123.6082403790206;3.4992506670050715911e-08;
1854456.9637974160723;3.6475800158086713054e-08;
1854790.3193544531241;3.7209016312544918037e-08;
1855123.6749114901759;7.4896995272411004407e-08;
1855457.0304685272276;3.9775692073362733936e-08;
1855790.3860255642794;3.9904612947339046514e-08;
1856123.7415826013312;5.2096378766464113141e-08;
1856457.0971396383829;4.3465345100912600174e-08;
1856790.4526966754347;4.2902303931668939185e-08;
1857123.8082537124865;4.3968142904304841068e-08;
1857457.1638107495382;4.7885244214285194175e-08;
1857790.51936778659;4.6577344647857898963e-08;
1858123.8749248236418;4.8992010448500877828e-08;
1858457.2304818606935;4.8029054511289359652e-08;
1858790.5860388977453;5.0430219999952896615e-08;
1859123.9415959347971;4.766577177406361443e-08;
1859457.2971529718488;4.811925080616674677e-08;
1859790.6527100089006;4.9362540721631376073e-08;
1860124.0082670459524;4.7923197854515819927e-08;
1860457.3638240830041;4.8205297531467294903e-08;
1860790.7193811200559;4.8423256515661705635e-08;
1861124.0749381571077;5.0836092668760102242e-08;
1861457.4304951941594;4.8348201886483366252e-08;
1861790.7860522312112;5.1958370050897428882e-08;
1862124.141609268263;5.2065548317159482394e-08;
1862457.4971663053147;5.0497508397029378102e-08;
1862790.8527233423665;5.0328264222798679839e-08;
1863124.2082803794183;5.3028415436529030558e-08;
1863457.5638374164701;5.1475307571990924771e-08;
1863790.9193944535218;5.6573004059146114741e-08;
1864124.2749514905736;6.0963841974626120646e-08;
1864457.6305085276254;5.1346610518976376625e-08;
1864790.9860655646771;5.2926413474096989376e-08;
1865124.3416226017289;4.9357165465835350915e-08;
1865457.6971796387807;4.7434053129791209358e-08;
1865791.0527366758324;5.0306077525874570711e-08;
1866124.4082937128842;4.9109718958106896025e-08;
1866457.763850749936;4.7444054018797032768e-08;
1866791.1194077869877;4.8595911295024052379e-08;
1867124.4749648240395;4.7272170178302985732e-08;
1867457.8305218610913;4.8884974290785976336e-08;
1867791.186078898143;4.537781350677505543e-08;
1868124.5416359351948;4.8261814100669653271e-08;
1868457.8971929722466;4.2551850043537342572e-08;
1868791.2527500092983;4.6570146849944649148e-08;
1869124.6083070463501;4.4611660143800691003e-08;
1869457.9638640834019;4.7122760804541030666e-08;
1869791.3194211204536;4.8224439552768672002e-08;
1870124.6749781575054;4.8460872648092845338e-08;
1870458.0305351945572;4.5949846594339760486e-08;
1870791.3860922316089;4.7259714364145111176e-08;
1871124.7416492686607;4.5753470345744062797e-08;
1871458.0972063057125;4.6823135591012032819e-08;
1871791.4527633427642;4.8211649783524990198e-08;
1872124.808320379816;5.5296435874652161147e-08;
1872458.1638774168678;4.5483240285193460295e-08;
1872791.5194344539195;4.3790848280877980869e-08;
1873124.8749914909713;5.0583185640107330983e-08;
1873458.2305485280231;7.3225209007432567887e-08;
1873791.5861055650748;1.7259920070955558913e-07;
1874124.9416626021266;1.033907608416484436e-07;
1874458.2972196391784;5.8788302226275845896e-08;
1874791.6527766762301;4.6499515349296416389e-08;
1875125.0083337132819;4.5705348838964710012e-08;
1875458.3638907503337;4.6847077328493469395e-08;
1875791.7194477873854;4.3965670215584395919e-08;
1876125.0750048244372;4.5442508422866012552e-08;
1876458.430561861489;4.443028700507056783e-08;
1876791.7861188985407;4.6901345029937147046e-08;
1877125.1416759355925;5.4888978695544210495e-08;
1877458.4972329726443;4.6906453832207262167e-08;
1877791.852790009696;4.6474116999206671608e-08;
1878125.2083470467478;4.5900634404461015947e-08;
1878458.5639040837996;4.6358085370457047247e-08;
1878791.9194611208513;4.7330836139281018404e-08;
1879125.2750181579031;4.878442894096224336e-08;
1879458.6305751949549;5.890066745450894814e-08;
1879791.9861322320066;4.8712408329265599605e-08;
1880125.3416892690584;6.1152192643021408003e-08;
1880458.6972463061102;4.7236557776386689511e-08;
1880792.0528033431619;4.624859784030377341e-08;
1881125.4083603802137;4.5300076578769221669e-08;
1881458.7639174172655;4.4635726226260885596e-08;
1881792.1194744543172;5.0290349662418520893e-08;
1882125.475031491369;4.6966643907353500254e-08;
1882458.8305885284208;4.6054097424530482385e-08;
1882792.1861455654725;4.7151328175232265494e-08;
1883125.5417026025243;4.8236724836669964134e-08;
1883458.8972596395761;6.8608223102728516096e-08;
1883792.2528166766278;7.6810565019513887819e-08;
1884125.6083737136796;5.873307529213889211e-08;
1884458.9639307507314;4.8278860020900538075e-08;
1884792.3194877877831;4.7943913727976905648e-08;
1885125.6750448248349;5.4012602390685060527e-08;
1885459.0306018618867;6.2021499047659744974e-08;
1885792.3861588989384;1.4181667040702450322e-07;
1886125.7417159359902;1.4675597981295140926e-07;
1886459.097272973042;7.8979212503327289596e-08;
1886792.4528300100937;5.6230575751214928459e-08;
1887125.8083870471455;8.5968906660127686337e-08;
1887459.1639440841973;5.5148493771639550687e-08;
1887792.519501121249;5.0569770593256180291e-08;
1888125.8750581583008;5.9428977294828655431e-08;
1888459.2306151953526;5.0305459353694459423e-08;
1888792.5861722324044;5.1282786017736725626e-08;
1889125.9417292694561;5.3591723059298601584e-08;
1889459.2972863065079;5.653852852560703468e-08;
1889792.6528433435597;5.3785448983489914099e-08;
1890126.0084003806114;5.330375429934974818e-08;
1890459.3639574176632;5.802605329563448322e-08;
1890792.719514454715;5.6684523741523662466e-08;
1891126.0750714917667;5.5272735721700883005e-08;
1891459.4306285288185;5.3872447836056380766e-08;
1891792.7861855658703;5.7811163856058556121e-08;
1892126.141742602922;5.4989545361650016275e-08;
1892459.4972996399738;5.9191730628072036779e-08;
1892792.8528566770256;5.9268831620329365251e-08;
1893126.2084137140773;5.9900010285218741046e-08;
1893459.5639707511291;6.0015977965122146998e-08;
1893792.9195277881809;5.9196619162094066269e-08;
1894126.2750848252326;6.1678044005475385347e-08;
1894459.6306418622844;6.2288357582929165801e-08;
1894792.9861988993362;6.4593649540256592445e-08;
1895126.3417559363879;7.9083896764586825157e-08;
1895459.6973129734397;6.1211842705688468413e-08;
1895793.0528700104915;5.8850403661381278653e-08;
1896126.4084270475432;6.7876818832246499369e-08;
1896459.763984084595;6.1106447901693172753e-08;
1896793.1195411216468;5.5909957552557898453e-08;
1897126.4750981586985;5.8118583723398842267e-08;
1897459.8306551957503;5.970166938595866668e-08;
1897793.1862122328021;6.3307460607120447094e-08;
1898126.5417692698538;8.713418964134689304e-08;
1898459.8973263069056;1.0133578598470194265e-07;
1898793.2528833439574;7.437176208213713835e-08;
1899126.6084403810091;6.3909190828326245537e-08;
1899459.9639974180609;5.80358410218195786e-08;
1899793.3195544551127;5.9980983735385962063e-08;
1900126.6751114921644;5.6784788426966770203e-08;
1900460.0306685292162;5.7892670213277597213e-08;
1900793.386225566268;5.8601568042604412767e-08;
1901126.7417826033197;5.8841202132953185355e-08;
1901460.0973396403715;5.9388689521711057751e-08;
1901793.4528966774233;6.1522861471985379467e-08;
1902126.808453714475;6.0317212557947641471e-08;
1902460.1640107515268;6.0008595426097599557e-08;
1902793.5195677885786;6.1827755359900038457e-08;
1903126.8751248256303;5.9928005669007688994e-08;
1903460.2306818626821;6.2300173908624856267e-08;
1903793.5862388997339;6.0801269796684209723e-08;
1904126.9417959367856;6.6973903756206709659e-08;
1904460.2973529738374;5.8977185801722953329e-08;
1904793.6529100108892;6.0671737855955143459e-08;
1905127.0084670479409;5.9304245070279648644e-08;
1905460.3640240849927;6.4098763630227040267e-08;
1905793.7195811220445;5.609717845800332725e-08;
1906127.0751381590962;5.7898567717984406045e-08;
1906460.430695196148;5.7531135411181821837e-08;
1906793.7862522331998;5.324694640762572817e-08;
1907127.1418092702515;5.7631076799680158729e-08;
1907460.4973663073033;5.7805781494835173362e-08;
1907793.8529233443551;5.6046054908165388042e-08;
1908127.2084803814068;5.5291675238322568475e-08;
1908460.5640374184586;5.8536436142730963184e-08;
1908793.9195944555104;5.8370904554294611444e-08;
1909127.2751514925621;5.8657082746549349395e-08;
1909460.6307085296139;5.7645049622578881099e-08;
1909793.9862655666657;6.5529484061244147597e-08;
1910127.3418226037174;6.2695534097656491213e-08;
1910460.6973796407692;7.0899247361921879929e-08;
1910794.052936677821;7.3117107035614026245e-08;
1911127.4084937148727;7.9734803648534580134e-08;
1911460.7640507519245;1.4682522930797858862e-07;
1911794.1196077889763;6.4195226912033831468e-08;
1912127.475164826028;6.6289608469105587574e-08;
1912460.8307218630798;6.8491175397866754793e-08;
1912794.1862789001316;6.4502138741318049142e-08;
1913127.5418359371834;6.4672676103327830788e-08;
1913460.8973929742351;6.3087085777624452021e-08;
1913794.2529500112869;6.4271503674717678223e-08;
1914127.6085070483387;6.6666586917563108727e-08;
1914460.9640640853904;6.4540223831954790512e-08;
1914794.3196211224422;5.6696475070339147351e-08;
1915127.675178159494;5.8013821302438373095e-08;
1915461.0307351965457;6.3470828592926409328e-08;
1915794.3862922335975;5.6841479079139389796e-08;
1916127.7418492706493;5.463538954586510954e-08;
1916461.097406307701;5.7269364361900443328e-08;
1916794.4529633447528;5.6184955354865451227e-08;
1917127.8085203818046;5.6409454884942533681e-08;
1917461.1640774188563;5.7206719361602154095e-08;
1917794.5196344559081;5.5735988269134395523e-08;
1918127.8751914929599;6.1499633829953381792e-08;
1918461.2307485300116;6.7262419634062098339e-08;
1918794.5863055670634;6.713469247188186273e-08;
1919127.9418626041152;9.9125912811359739862e-08;
1919461.2974196411669;6.4949681188863905845e-08;
1919794.6529766782187;6.2553070279136591125e-08;
1920128.0085337152705;7.0282055730785941705e-08;
1920461.3640907523222;6.6769139550615363987e-08;
1920794.719647789374;8.23636554514450836e-08;
1921128.0752048264258;1.1751701833873084979e-07;
1921461.4307618634775;2.7138349878441658802e-07;
1921794.7863189005293;1.885849201244127471e-07;
1922128.1418759375811;9.2797144191081315512e-08;
1922461.4974329746328;7.0826544629198906478e-08;
1922794.8529900116846;8.1456128953050210839e-08;
1923128.2085470487364;6.8113806150904565584e-08;
1923461.5641040857881;7.097251852883346146e-08;
1923794.9196611228399;6.2379903909004497109e-08;
1924128.2752181598917;6.8045878265365900006e-08;
1924461.6307751969434;6.4966343416017480195e-08;
1924794.9863322339952;6.8946043541018298129e-08;
1925128.341889271047;6.551383080477535259e-08;
1925461.6974463080987;6.1870558454302226892e-08;
1925795.0530033451505;6.3930869487194286194e-08;
1926128.4085603822023;6.7485885324458649848e-08;
1926461.764117419254;6.7470473652520013275e-08;
1926795.1196744563058;6.5239802893302112352e-08;
1927128.4752314933576;6.3688624152291595237e-08;
1927461.8307885304093;6.5096926959995471407e-08;
1927795.1863455674611;6.6766915551852434874e-08;
1928128.5419026045129;6.8651388573925942183e-08;
1928461.8974596415646;6.8392097318792366423e-08;
1928795.2530166786164;6.3207117761976405745e-08;
1929128.6085737156682;6.7464313247000973206e-08;
1929461.9641307527199;6.7854522001198347425e-08;
1929795.3196877897717;6.2536919642752764048e-08;
1930128.6752448268235;6.5676658778102137148e-08;
1930462.0308018638752;6.3505176228773052571e-08;
1930795.386358900927;6.7033106176950241206e-08;
1931128.7419159379788;6.0159962345096573699e-08;
1931462.0974729750305;6.1672629669828893384e-08;
1931795.4530300120823;6.3298458030658366624e-08;
1932128.8085870491341;7.9622267890044895466e-08;
1932462.1641440861858;6.5033489704546809662e-08;
1932795.5197011232376;6.29997032319806749e-08;
1933128.8752581602894;6.1272629636732744984e-08;
1933462.2308151973411;6.7163597350372583605e-08;
1933795.5863722343929;6.227905657851806609e-08;
1934128.9419292714447;6.9717991380002786173e-08;
1934462.2974863084964;6.7726503516496450175e-08;
1934795.6530433455482;6.475247715798104764e-08;
1935129.0086003826;6.627447390883389744e-08;
1935462.3641574196517;6.8981421463831793517e-08;
1935795.7197144567035;6.82486742675791902e-08;
1936129.0752714937553;8.1340154167719447287e-08;
1936462.430828530807;6.5728826825761643704e-08;
1936795.7863855678588;6.7643036061326711206e-08;
1937129.1419426049106;6.9340444497356656939e-08;
1937462.4974996419623;7.3714375048439251259e-08;
1937795.8530566790141;6.8500554561978788115e-08;
1938129.2086137160659;7.5453506553913030075e-08;
1938462.5641707531177;9.495671804415906081e-08;
1938795.9197277901694;1.1741786209995552781e-07;
1939129.2752848272212;8.2919981991835811641e-08;
1939462.630841864273;7.3453769289244519314e-08;
1939795.9863989013247;6.7590768537684198236e-08;
1940129.3419559383765;1.1038876124302987591e-07;
1940462.6975129754283;6.3858806242933496833e-08;
1940796.05307001248;6.6553546673731034389e-08;
1941129.4086270495318;7.0698256138257420389e-08;
1941462.7641840865836;6.9049193029968591873e-08;
1941796.1197411236353;6.7077515097935247468e-08;
1942129.4752981606871;6.6464515668940293835e-08;
1942462.8308551977389;6.316360412483845721e-08;
1942796.1864122347906;6.8457246982234210009e-08;
1943129.5419692718424;6.4821449541341280565e-08;
1943462.8975263088942;6.5607466126493818592e-08;
1943796.2530833459459;6.3831436136752017774e-08;
1944129.6086403829977;8.626815173329305253e-08;
1944462.9641974200495;6.6003636334244220052e-08;
1944796.3197544571012;6.8507418404806230683e-08;
1945129.675311494153;7.3700903158169239759e-08;
1945463.0308685312048;9.3223192720870429184e-08;
1945796.3864255682565;2.4256374331343977246e-07;
1946129.7419826053083;2.0372246467559307348e-07;
1946463.0975396423601;8.121293859630895895e-08;
1946796.4530966794118;7.0732795620642718859e-08;
1947129.8086537164636;6.6496752992861729581e-08;
1947463.1642107535154;6.4336006744269980118e-08;
1947796.5197677905671;6.6799877629364345921e-08;
1948129.8753248276189;6.9212291009534965269e-08;
1948463.2308818646707;6.6254564501377899433e-08;
1948796.5864389017224;6.4866902960147854174e-08;
1949129.9419959387742;6.4358616214121866506e-08;
1949463.297552975826;6.7045235141449666116e-08;
1949796.6531100128777;6.5608041666109784273e-08;
1950130.0086670499295;6.3502831437745044241e-08;
1950463.3642240869813;6.0670565460441139294e-08;
1950796.719781124033;6.8317767443204502342e-08;
1951130.0753381610848;6.8896284233233018313e-08;
1951463.4308951981366;6.6820888378060772084e-08;
1951796.7864522351883;6.6232686890543845948e-08;
1952130.1420092722401;8.4671533784330677008e-08;
1952463.4975663092919;6.6697630529688467504e-08;
1952796.8531233463436;7.077294128521316452e-08;
1953130.2086803833954;7.7403456089086830616e-08;
1953463.5642374204472;9.8478238896859693341e-08;
1953796.9197944574989;7.7266648190743580926e-08;
1954130.2753514945507;6.3593709853648761055e-08;
1954463.6309085316025;6.1923294936150341528e-08;
1954796.9864655686542;6.0114217603768338449e-08;
1955130.342022605706;6.3839173947144445265e-08;
1955463.6975796427578;5.9966758669816044858e-08;
1955797.0531366798095;6.1323888189690478612e-08;
1956130.4086937168613;6.5358413792182545876e-08;
1956463.7642507539131;7.3456867255572433351e-08;
1956797.1198077909648;1.0553791440770510235e-07;
1957130.4753648280166;3.7470908864634111524e-07;
1957463.8309218650684;1.3741593818394903792e-07;
1957797.1864789021201;8.3095699210389284417e-08;
1958130.5420359391719;6.4967487389822053956e-08;
1958463.8975929762237;5.9336965563261401257e-08;
1958797.2531500132754;5.8173846184672584059e-08;
1959130.6087070503272;5.7486378324256293126e-08;
1959463.964264087379;5.5151012645637820242e-08;
1959797.3198211244307;5.3664550137000333052e-08;
1960130.6753781614825;6.7755777877209766302e-08;
1960464.0309351985343;5.2500809033517725766e-08;
1960797.386492235586;5.210013043210892647e-08;
1961130.7420492726378;5.1787687027626816416e-08;
1961464.0976063096896;5.4967429718999483157e-08;
1961797.4531633467413;4.9762792997398719308e-08;
1962130.8087203837931;4.8931372731431110878e-08;
1962464.1642774208449;4.851266055538872024e-08;
1962797.5198344578966;5.1474131623763241805e-08;
1963130.8753914949484;4.8407013508722229744e-08;
1963464.2309485320002;4.7812871883934349171e-08;
1963797.586505569052;4.6826919231079955352e-08;
1964130.9420626061037;4.7395651847637054743e-08;
1964464.2976196431555;4.6898129824057832593e-08;
1964797.6531766802073;4.7963371940795695991e-08;
1965131.008733717259;4.6781860163491728599e-08;
1965464.3642907543108;4.6682771426276303828e-08;
1965797.7198477913626;4.6499433636881803977e-08;
1966131.0754048284143;4.8348709924539434724e-08;
1966464.4309618654661;4.8312458034160954412e-08;
1966797.7865189025179;4.6259891917088680202e-08;
1967131.1420759395696;4.6362970351765397936e-08;
1967464.4976329766214;4.6505068240776381572e-08;
1967797.8531900136732;5.0254055139475894975e-08;
1968131.2087470507249;6.1114391769478970673e-08;
1968464.5643040877767;6.2777310461115121143e-08;
1968797.9198611248285;6.6368492923629673896e-08;
1969131.2754181618802;5.4181857223056795192e-08;
1969464.630975198932;4.704087785967203672e-08;
1969797.9865322359838;4.4306123214710169123e-08;
1970131.3420892730355;4.1734757871836336562e-08;
1970464.6976463100873;4.3036894936676617363e-08;
1970798.0532033471391;4.8059440871384140337e-08;
1971131.4087603841908;4.3296999763242638437e-08;
1971464.7643174212426;4.1855905408283433644e-08;
1971798.1198744582944;3.8816665437479969114e-08;
1972131.4754314953461;4.3326444654212536989e-08;
1972464.8309885323979;4.2954489742896839743e-08;
1972798.1865455694497;4.0601406681162188761e-08;
1973131.5421026065014;4.329730529661901528e-08;
1973464.8976596435532;4.2453514481621823506e-08;
1973798.253216680605;4.1445066045753264916e-08;
1974131.6087737176567;4.1935464878406492062e-08;
1974464.9643307547085;4.3064044774610010791e-08;
1974798.3198877917603;4.0511068277737649623e-08;
1975131.675444828812;4.092055405635619536e-08;
1975465.0310018658638;4.0023891756391094532e-08;
1975798.3865589029156;4.3716674724691984011e-08;
1976131.7421159399673;4.9748894781487251748e-08;
1976465.0976729770191;4.036657230699347565e-08;
1976798.4532300140709;4.6901508454766371869e-08;
1977131.8087870511226;5.9008065989019087283e-08;
1977465.1643440881744;6.3443849285249598324e-08;
1977798.5199011252262;4.2233850194861588534e-08;
1978131.8754581622779;4.0625952379969021422e-08;
1978465.2310151993297;4.1825106933401912102e-08;
1978798.5865722363815;4.1111785975544989924e-08;
1979131.9421292734332;3.8912457256401467021e-08;
1979465.297686310485;3.887706157001957763e-08;
1979798.6532433475368;3.8727030471363832476e-08;
1980132.0088003845885;3.912735024869107292e-08;
1980465.3643574216403;3.7584268142154542147e-08;
1980798.7199144586921;3.8708396488118523848e-08;
1981132.0754714957438;4.1281861484776527504e-08;
1981465.4310285327956;3.9734697310223054956e-08;
1981798.7865855698474;4.561150390713919478e-08;
1982132.1421426068991;4.0511778820473409723e-08;
1982465.4976996439509;4.392560271071488387e-08;
1982798.8532566810027;4.271474551842402434e-08;
1983132.2088137180544;5.9606094282571575604e-08;
1983465.5643707551062;4.2086391260909294942e-08;
1983798.919927792158;4.1575670906013328931e-08;
1984132.2754848292097;4.7628940791355489637e-08;
1984465.6310418662615;4.0485026886472041951e-08;
1984798.9865989033133;3.68186832133687858e-08;
1985132.342155940365;4.0466044737286210875e-08;
1985465.6977129774168;3.8836105886730365455e-08;
1985799.0532700144686;3.9216672576003475115e-08;
1986132.4088270515203;3.8639097255099841277e-08;
1986465.7643840885721;3.8126380275116389384e-08;
1986799.1199411256239;3.7387696494306510431e-08;
1987132.4754981626756;3.6522287416573817609e-08;
1987465.8310551997274;3.7026048005373013439e-08;
1987799.1866122367792;3.7827430077186363633e-08;
1988132.542169273831;3.628477429629128892e-08;
1988465.8977263108827;3.4950730309901700821e-08;
1988799.2532833479345;3.6082067111919968738e-08;
1989132.6088403849863;3.6611965015254099853e-08;
1989465.964397422038;4.4090661788231955143e-08;
1989799.3199544590898;5.2024585528442912619e-08;
1990132.6755114961416;5.3364466623406769941e-08;
1990466.0310685331933;4.2560447610640039784e-08;
1990799.3866255702451;3.8402117041869132663e-08;
1991132.7421826072969;4.0515125476758839795e-08;
1991466.0977396443486;4.4305814128620113479e-08;
1991799.4532966814004;4.4993541337134956848e-08;
1992132.8088537184522;6.18443749544894672e-08;
1992466.1644107555039;1.1321549209242220968e-07;
1992799.5199677925557;3.2265521099361649249e-07;
1993132.8755248296075;9.1144109148899588035e-08;
1993466.2310818666592;5.3147136469533506897e-08;
1993799.586638903711;4.1529460759193170816e-08;
1994132.9421959407628;3.968614237237488851e-08;
1994466.2977529778145;3.9981728150451090187e-08;
1994799.6533100148663;3.7080791770449650357e-08;
1995133.0088670519181;3.8358358267487346893e-08;
1995466.3644240889698;3.677782700606258004e-08;
1995799.7199811260216;3.594825059849426907e-08;
1996133.0755381630734;3.1966219893320158008e-08;
1996466.4310952001251;3.4901095347095179022e-08;
1996799.7866522371769;3.5517569330067999545e-08;
1997133.1422092742287;3.4987280628229200374e-08;
1997466.4977663112804;3.5583834545604986488e-08;
1997799.8533233483322;3.6182100870973954443e-08;
1998133.208880385384;3.7078901726772528491e-08;
1998466.5644374224357;3.5107586171534421737e-08;
1998799.9199944594875;3.6267248759713766049e-08;
1999133.2755514965393;3.5073252746542493696e-08;
1999466.631108533591;3.712407092848479806e-08;
1999799.9866655706428;3.7906325189851486357e-08;
2000133.3422226076946;4.2771137742647624691e-08;
2000466.6977796447463;3.4313757169002201408e-08;
2000800.0533366817981;3.6423422500320157269e-08;
2001133.4088937188499;3.6520749091550896992e-08;
2001466.7644507559016;3.5465010483903824934e-08;
2001800.1200077929534;3.4525932335327524925e-08;
2002133.4755648300052;3.1829660684934424353e-08;
2002466.8311218670569;3.4128657233623016509e-08;
2002800.1866789041087;3.3031515300763203413e-08;
2003133.5422359411605;4.211013049371103989e-08;
2003466.8977929782122;4.5883943755598011194e-08;
2003800.253350015264;3.5797132369452810963e-08;
2004133.6089070523158;3.2758471490978990914e-08;
2004466.9644640893675;3.2585937503881723387e-08;
2004800.3200211264193;3.1350797513596262434e-08;
2005133.6755781634711;3.3091922091443848331e-08;
2005467.0311352005228;3.1838386149729558383e-08;
2005800.3866922375746;3.0990165100774902385e-08;
2006133.7422492746264;3.1930863286788735422e-08;
2006467.0978063116781;3.1716911763624011655e-08;
2006800.4533633487299;3.5751632765368412947e-08;
2007133.8089203857817;3.4674364712827809853e-08;
2007467.1644774228334;3.2713440845100194565e-08;
2007800.5200344598852;3.0886518231909576571e-08;
2008133.875591496937;3.9747401814338445547e-08;
2008467.2311485339887;3.0817847829212041688e-08;
2008800.5867055710405;3.5122329933301443816e-08;
2009133.9422626080923;3.3112041109006895567e-08;
2009467.297819645144;3.2664054572251188802e-08;
2009800.6533766821958;3.2214153122822608566e-08;
2010134.0089337192476;3.0413190188482985832e-08;
2010467.3644907562993;3.0194708955377791426e-08;
2010800.7200477933511;3.0903017034233926097e-08;
2011134.0756048304029;3.3664552034906591871e-08;
2011467.4311618674546;2.8911626870353757113e-08;
2011800.7867189045064;2.977196622566680162e-08;
2012134.1422759415582;3.095219014426220383e-08;
2012467.4978329786099;3.0111600324289611308e-08;
2012800.8533900156617;3.0318183519284502836e-08;
2013134.2089470527135;3.1453794235858367756e-08;
2013467.5645040897653;3.1991387317020780756e-08;
2013800.920061126817;3.4339326049348528613e-08;
2014134.2756181638688;3.1838887082358269254e-08;
2014467.6311752009206;3.1474797879127436318e-08;
2014800.9867322379723;3.3537641996872480377e-08;
2015134.3422892750241;3.5848927382176043466e-08;
2015467.6978463120759;3.4967495565751960385e-08;
2015801.0534033491276;3.6258075652995103155e-08;
2016134.4089603861794;3.7249630935320965364e-08;
2016467.7645174232312;3.486647059958158934e-08;
2016801.1200744602829;3.6312258089310489595e-08;
2017134.4756314973347;3.7807300401482279995e-08;
2017467.8311885343865;4.5940886650441825623e-08;
2017801.1867455714382;1.0457601007374250912e-07;
2018134.54230260849;1.1269767696830967907e-07;
2018467.8978596455418;4.4850228420045823441e-08;
2018801.2534166825935;4.1640358716676928452e-08;
2019134.6089737196453;3.4973332674326229608e-08;
2019467.9645307566971;3.4606209453613701044e-08;
2019801.3200877937488;3.6410757076055233483e-08;
2020134.6756448308006;3.1130671374057783396e-08;
2020468.0312018678524;3.4930966563706533634e-08;
2020801.3867589049041;3.4394929571135435253e-08;
2021134.7423159419559;3.0391397842777223559e-08;
2021468.0978729790077;3.11200629710128851e-08;
2021801.4534300160594;3.1381709675315505592e-08;
2022134.8089870531112;3.1825411639374578954e-08;
2022468.164544090163;3.4591259634453308536e-08;
2022801.5201011272147;3.3274965005603007739e-08;
2023134.8756581642665;4.5720607744215158164e-08;
2023468.2312152013183;4.3533585625255000195e-08;
2023801.58677223837;3.8126113821590479347e-08;
2024134.9423292754218;3.5537105702587723499e-08;
2024468.2978863124736;3.2974178054701042129e-08;
2024801.6534433495253;2.9987280214527345379e-08;
2025135.0090003865771;3.2912428338249810622e-08;
2025468.3645574236289;3.2322990506372661912e-08;
2025801.7201144606806;3.2470222066649512271e-08;
2026135.0756714977324;2.929635911641526036e-08;
2026468.4312285347842;3.0031248599016180378e-08;
2026801.7867855718359;3.2231362467882718192e-08;
2027135.1423426088877;3.436575823911880434e-08;
2027468.4978996459395;3.5335656178858698695e-08;
2027801.8534566829912;4.648669005291594658e-08;
2028135.209013720043;1.2627816659005475231e-07;
2028468.5645707570948;2.0061349914612947032e-07;
2028801.9201277941465;5.6398459236106646131e-08;
2029135.2756848311983;3.9268378770884737605e-08;
2029468.6312418682501;3.2461954901918943506e-08;
2029801.9867989053018;3.2362308388655947056e-08;
2030135.3423559423536;2.8848512911849866214e-08;
2030468.6979129794054;2.8801975915371258452e-08;
2030802.0534700164571;2.8964038278900261503e-08;
2031135.4090270535089;2.8499735904574663437e-08;
2031468.7645840905607;2.955061617626597581e-08;
2031802.1201411276124;3.0143514351266276208e-08;
2032135.4756981646642;3.4777830393295516842e-08;
2032468.831255201716;2.955253641800936748e-08;
2032802.1868122387677;2.7727647733399862773e-08;
2033135.5423692758195;2.906082485765182355e-08;
2033468.8979263128713;2.6160682509157595632e-08;
2033802.253483349923;2.9800849787875449692e-08;
2034135.6090403869748;2.7313809880524786422e-08;
2034468.9645974240266;2.608166305151371489e-08;
2034802.3201544610783;2.6800242025615261809e-08;
2035135.6757114981301;2.607882265692751389e-08;
2035469.0312685351819;2.7149866355102858506e-08;
2035802.3868255722336;2.6944745101786793384e-08;
2036135.7423826092854;2.4650031349437995232e-08;
2036469.0979396463372;2.6893246740655740723e-08;
2036802.4534966833889;2.6150297927074461768e-08;
2037135.8090537204407;2.7052552198369994585e-08;
2037469.1646107574925;2.5110701074027019786e-08;
2037802.5201677945442;2.6535831310070534528e-08;
2038135.875724831596;2.7721560158511238114e-08;
2038469.2312818686478;2.878508098547172267e-08;
2038802.5868389056996;3.6052792751206652611e-08;
2039135.9423959427513;3.7634016791798785562e-08;
2039469.2979529798031;2.8930831064144513221e-08;
2039802.6535100168549;2.7688853876384200703e-08;
2040136.0090670539066;3.1890891705188550986e-08;
2040469.3646240909584;2.6673518505049287342e-08;
2040802.7201811280102;2.6217454873744827637e-08;
2041136.0757381650619;2.7960087578549064347e-08;
2041469.4312952021137;2.5445613616170703608e-08;
2041802.7868522391655;2.6173736955570348073e-08;
2042136.1424092762172;2.4389860797668916348e-08;
2042469.497966313269;2.5694873784232186154e-08;
2042802.8535233503208;2.5277380188981624087e-08;
2043136.2090803873725;2.5984753904140234226e-08;
2043469.5646374244243;2.4644142726515383401e-08;
2043802.9201944614761;2.4543215459971179371e-08;
2044136.2757514985278;2.4896570138821516593e-08;
2044469.6313085355796;2.4922300667640229221e-08;
2044802.9868655726314;2.5297726580220114556e-08;
2045136.3424226096831;2.3924334513480971509e-08;
2045469.6979796467349;2.5467123521139001241e-08;
2045803.0535366837867;2.2974884217319413438e-08;
2046136.4090937208384;2.4158522293760142929e-08;
2046469.7646507578902;2.512080499172952841e-08;
2046803.120207794942;2.7915769251762867498e-08;
2047136.4757648319937;3.8352833797716812114e-08;
2047469.8313218690455;2.6978989708936751413e-08;
2047803.1868789060973;2.5755385379966355686e-08;
2048136.542435943149;2.8903958337878066231e-08;
2048469.8979929802008;2.5857071150880983623e-08;
2048803.2535500172526;2.548910060795606114e-08;
2049136.6091070543043;2.498994788879826956e-08;
2049469.9646640913561;2.4955157940098615654e-08;
2049803.3202211284079;2.4456706881892387173e-08;
2050136.6757781654596;2.4372299733954605472e-08;
2050470.0313352025114;2.3747169564103387529e-08;
2050803.3868922395632;2.3706613561103040411e-08;
2051136.7424492766149;2.530434883851739869e-08;
2051470.0980063136667;2.393072406903229421e-08;
2051803.4535633507185;2.3839252349944217713e-08;
2052136.8091203877702;2.3304144392000125663e-08;
2052470.164677424822;2.1917553993944238755e-08;
2052803.5202344618738;2.4283320243512207526e-08;
2053136.8757914989255;2.1465138999587907165e-08;
2053470.2313485359773;2.4483659544216607173e-08;
2053803.5869055730291;2.6216579129823003314e-08;
2054136.9424626100808;2.5023114247346711636e-08;
2054470.2980196471326;2.2805352273280732334e-08;
2054803.6535766841844;2.4763311401443388604e-08;
2055137.0091337212361;2.4991615887870466395e-08;
2055470.3646907582879;2.4617012428507223376e-08;
2055803.7202477953397;2.3331097054324345663e-08;
2056137.0758048323914;2.629988848923403566e-08;
2056470.4313618694432;2.3834646256659652863e-08;
2056803.786918906495;2.4770534068352390022e-08;
2057137.1424759435467;2.4040151203053028439e-08;
2057470.4980329805985;2.4052738467617018614e-08;
2057803.8535900176503;2.4301755274791503325e-08;
2058137.209147054702;2.6968137945004855283e-08;
2058470.5647040917538;3.3583390290914394427e-08;
2058803.9202611288056;2.9815563351576201967e-08;
2059137.2758181658573;2.535151288896031474e-08;
2059470.6313752029091;2.3925091241494556016e-08;
2059803.9869322399609;2.3953267813681122789e-08;
2060137.3424892770126;2.2576585934075410478e-08;
2060470.6980463140644;2.3294361994885548484e-08;
2060804.0536033511162;2.2491200013519119238e-08;
2061137.4091603881679;2.2720337611303875747e-08;
2061470.7647174252197;2.3851525199347634043e-08;
2061804.1202744622715;2.3433459617194785096e-08;
2062137.4758314993232;2.3865608156370399229e-08;
2062470.831388536375;2.3456317777004187519e-08;
2062804.1869455734268;2.5352271393330738647e-08;
2063137.5425026104786;2.8212163272200996289e-08;
2063470.8980596475303;4.0492285080517831375e-08;
2063804.2536166845821;1.1245659692349363468e-07;
2064137.6091737216339;7.962044890064134961e-08;
2064470.9647307586856;3.7181766998628518195e-08;
2064804.3202877957374;2.907522578254884138e-08;
2065137.6758448327892;2.5731416997132328106e-08;
2065471.0314018698409;2.367228013611111237e-08;
2065804.3869589068927;2.405058374677082611e-08;
2066137.7425159439445;2.3118531089494354092e-08;
2066471.0980729809962;2.3582087393947404053e-08;
2066804.453630018048;2.4924883490484717186e-08;
2067137.8091870550998;2.408902055606176873e-08;
2067471.1647440921515;2.4727057734708068892e-08;
2067804.5203011292033;2.9969850601219150121e-08;
2068137.8758581662551;3.1847111614524692413e-08;
2068471.2314152033068;2.5937413994370217551e-08;
2068804.5869722403586;2.3203650556524735293e-08;
2069137.9425292774104;2.2640451291522367683e-08;
2069471.2980863144621;2.2326295479047075787e-08;
2069804.6536433515139;2.1079973322457590257e-08;
2070138.0092003885657;2.17497859722470821e-08;
2070471.3647574256174;2.286476252777447371e-08;
2070804.7203144626692;2.32576020664509997e-08;
2071138.075871499721;2.4782330854122847086e-08;
2071471.4314285367727;2.2877781447050438146e-08;
2071804.7869855738245;2.3124503201188417734e-08;
2072138.1425426108763;2.5464530040153476875e-08;
2072471.498099647928;2.2433745527905557537e-08;
2072804.8536566849798;2.2371642316443285381e-08;
2073138.2092137220316;2.3468889054356623092e-08;
2073471.5647707590833;2.3074630206565416302e-08;
2073804.9203277961351;2.1832855523484795413e-08;
2074138.2758848331869;2.1533498539838547003e-08;
2074471.6314418702386;2.1859490217934762768e-08;
2074804.9869989072904;2.1381701742484438e-08;
2075138.3425559443422;2.2070596017442767334e-08;
2075471.6981129813939;2.1638539848822802014e-08;
2075805.0536700184457;2.1251720383475003473e-08;
2076138.4092270554975;2.0482179508007902768e-08;
2076471.7647840925492;2.0351231810877834505e-08;
2076805.120341129601;2.1115331705345852242e-08;
2077138.4758981666528;3.9848849553436593851e-08;
2077471.8314552037045;2.1547197803784001735e-08;
2077805.1870122407563;2.2247208519843297836e-08;
2078138.5425692778081;2.1646791026341816178e-08;
2078471.8981263148598;2.0545785517356307537e-08;
2078805.2536833519116;2.2595949999981712608e-08;
2079138.6092403889634;2.5813591264522983693e-08;
2079471.9647974260151;2.1177184450493768963e-08;
2079805.3203544630669;2.2109830410954600666e-08;
2080138.6759115001187;2.5622798105473520991e-08;
2080472.0314685371704;2.1937854199904904817e-08;
2080805.3870255742222;2.2911766706101843738e-08;
2081138.742582611274;2.2718221970308150048e-08;
2081472.0981396483257;2.1251123527576964989e-08;
2081805.4536966853775;2.1832471830407484958e-08;
2082138.8092537224293;2.4673035170508228475e-08;
2082472.164810759481;2.2108197939019191836e-08;
2082805.5203677965328;2.16221245352699043e-08;
2083138.8759248335846;2.0019296442796985502e-08;
2083472.2314818706363;2.0159014013643172802e-08;
2083805.5870389076881;2.0887293672444684489e-08;
2084138.9425959447399;1.9372022208585804037e-08;
2084472.2981529817916;1.9576328114112584444e-08;
2084805.6537100188434;1.9398244788249030535e-08;
2085139.0092670558952;1.9493212377597046725e-08;
2085472.3648240929469;2.0450828586149327748e-08;
2085805.7203811299987;2.0855908999806160864e-08;
2086139.0759381670505;1.9765073133726218657e-08;
2086472.4314952041022;2.1075790002100802667e-08;
2086805.787052241154;2.0609046913477868657e-08;
2087139.1426092782058;2.0397832756202660676e-08;
2087472.4981663152575;2.1334800592853753187e-08;
2087805.8537233523093;2.1268675709507078864e-08;
2088139.2092803893611;2.2623634521323765512e-08;
2088472.5648374264129;2.1392596138980479736e-08;
2088805.9203944634646;2.2692494994203116221e-08;
2089139.2759515005164;2.1413162798467055836e-08;
2089472.6315085375682;2.2374983643658197252e-08;
2089805.9870655746199;3.5052494240517262369e-08;
2090139.3426226116717;5.3327358529031698708e-08;
2090472.6981796487235;2.4526407571556774201e-08;
2090806.0537366857752;2.0165531466886932321e-08;
2091139.409293722827;2.0812537471215364349e-08;
2091472.7648507598788;1.9341181101140136889e-08;
2091806.1204077969305;2.0502268327504680201e-08;
2092139.4759648339823;2.0474301365425162658e-08;
2092472.8315218710341;2.0265572331368275627e-08;
2092806.1870789080858;2.4540973697639856255e-08;
2093139.5426359451376;2.5486727395218622405e-08;
2093472.8981929821894;2.2042931036025947833e-08;
2093806.2537500192411;2.1249666914968656783e-08;
2094139.6093070562929;2.0083547269678092562e-08;
2094472.9648640933447;2.0445583004402578808e-08;
2094806.3204211303964;2.2263511922915313335e-08;
2095139.6759781674482;2.0146764256878668675e-08;
2095473.0315352045;2.1037985575844686537e-08;
2095806.3870922415517;2.1676052952557256503e-08;
2096139.7426492786035;2.3812715355120417371e-08;
2096473.0982063156553;2.1586828324871021323e-08;
2096806.453763352707;2.4103794515895060613e-08;
2097139.8093203897588;3.1033476233233159292e-08;
2097473.1648774268106;2.9521560307443905913e-08;
2097806.5204344638623;2.4493855832474764611e-08;
2098139.8759915009141;2.1511230130499825464e-08;
2098473.2315485379659;2.2239824204461910995e-08;
2098806.5871055750176;2.4924444730345385324e-08;
2099139.9426626120694;3.5514887031240505166e-08;
2099473.2982196491212;7.1959554759359889431e-08;
2099806.6537766861729;4.8961467769004229922e-08;
2100140.0093337232247;2.7229393850802807719e-08;
2100473.3648907602765;2.2173114899715073989e-08;
2100806.7204477973282;2.1360902380251900468e-08;
2101140.07600483438;1.9246886751034253393e-08;
2101473.4315618714318;1.9831015052318434755e-08;
2101806.7871189084835;1.885920397626250633e-08;
2102140.1426759455353;2.0207092887858379981e-08;
2102473.4982329825871;2.0825813962233041821e-08;
2102806.8537900196388;2.0152358004565940064e-08;
2103140.2093470566906;1.8974384730086057971e-08;
2103473.5649040937424;1.9349030822013446596e-08;
2103806.9204611307941;1.9736551948312808236e-08;
2104140.2760181678459;2.0549359547317180841e-08;
2104473.6315752048977;1.9593874966972180118e-08;
2104806.9871322419494;1.9244080107228000998e-08;
2105140.3426892790012;1.9395791639453818789e-08;
2105473.698246316053;1.9259266181848033739e-08;
2105807.0538033531047;1.9076557222774681577e-08;
2106140.4093603901565;1.9531226413960212085e-08;
2106473.7649174272083;1.8453604866408568341e-08;
2106807.12047446426;1.7813404085131878674e-08;
2107140.4760315013118;1.8964220416251009738e-08;
2107473.8315885383636;1.7146875919138437894e-08;
2107807.1871455754153;1.8577337002056992787e-08;
2108140.5427026124671;1.8991626049569276802e-08;
2108473.8982596495189;1.8601012286012519326e-08;
2108807.2538166865706;1.9298383335808466654e-08;
2109140.6093737236224;2.2778845476523201796e-08;
2109473.9649307606742;2.3907780644094600575e-08;
2109807.3204877977259;1.9954725871684786398e-08;
2110140.6760448347777;1.8395828860207075195e-08;
2110474.0316018718295;1.8807227775141655002e-08;
2110807.3871589088812;2.1341209688330309291e-08;
2111140.742715945933;2.9050463368207601889e-08;
2111474.0982729829848;1.9569899478710794938e-08;
2111807.4538300200365;1.95604119568315582e-08;
2112140.8093870570883;1.9380157922910257184e-08;
2112474.1649440941401;1.8698809611805700115e-08;
2112807.5205011311918;2.014644628900441603e-08;
2113140.8760581682436;1.8782166932851396268e-08;
2113474.2316152052954;2.168447110761917429e-08;
2113807.5871722423472;1.7804079988081866759e-08;
2114140.9427292793989;2.0110801912665010605e-08;
2114474.2982863164507;1.8569211945873576042e-08;
2114807.6538433535025;1.8794908740460414265e-08;
2115141.0094003905542;1.7441905697523907293e-08;
2115474.364957427606;1.9000802709001618496e-08;
2115807.7205144646578;1.8616049146658042446e-08;
2116141.0760715017095;2.4446009661005518865e-08;
2116474.4316285387613;1.724429665728166583e-08;
2116807.7871855758131;1.7349950809375513927e-08;
2117141.1427426128648;1.841047492234793026e-08;
2117474.4982996499166;1.9251485738891460642e-08;
2117807.8538566869684;1.8760271558448948781e-08;
2118141.2094137240201;1.8968320247836345516e-08;
2118474.5649707610719;1.8856123773502986296e-08;
2118807.9205277981237;1.8341488328132982133e-08;
2119141.2760848351754;1.8838079540728358552e-08;
2119474.6316418722272;1.8566668202879554883e-08;
2119807.987198909279;1.878579780623113038e-08;
2120141.3427559463307;1.905090485365690256e-08;
2120474.6983129833825;1.8317692251912376378e-08;
2120808.0538700204343;1.8916308519578706182e-08;
2121141.409427057486;1.8126586454059179232e-08;
2121474.7649840945378;1.8614544572415070434e-08;
2121808.1205411315896;1.8079996166875389463e-08;
2122141.4760981686413;1.7017926623452694912e-08;
2122474.8316552056931;1.770408886159202666e-08;
2122808.1872122427449;1.7553116293811399373e-08;
2123141.5427692797966;1.8533786061425416847e-08;
2123474.8983263168484;1.7518676287409107317e-08;
2123808.2538833539002;1.710635011420436058e-08;
2124141.6094403909519;1.8198472062636028568e-08;
2124474.9649974280037;1.8392112721699049871e-08;
2124808.3205544650555;1.7549108832781712408e-08;
2125141.6761115021072;1.7466097901319699304e-08;
2125475.031668539159;1.8486765895886492217e-08;
2125808.3872255762108;1.8241586019485112047e-08;
2126141.7427826132625;1.8570386117744419607e-08;
2126475.0983396503143;1.840607666281357524e-08;
2126808.4538966873661;2.0694558955369757314e-08;
2127141.8094537244178;2.4321872515997711162e-08;
2127475.1650107614696;2.2841557978381388239e-08;
2127808.5205677985214;1.9132102124785888009e-08;
2128141.8761248355731;2.0142163492664622026e-08;
2128475.2316818726249;1.8273050628181408683e-08;
2128808.5872389096767;1.8199559193021741521e-08;
2129141.9427959467284;1.8636271192917774897e-08;
2129475.2983529837802;2.0352089791231264826e-08;
2129808.653910020832;1.7806332408554226276e-08;
2130142.0094670578837;1.7992418221979278314e-08;
2130475.3650240949355;1.6600697705371203483e-08;
2130808.7205811319873;1.8248989874791732291e-08;
2131142.076138169039;1.7778544858515488158e-08;
2131475.4316952060908;1.7288490639089104661e-08;
2131808.7872522431426;1.7152661513364364509e-08;
2132142.1428092801943;1.7914265626473024895e-08;
2132475.4983663172461;2.2199190041760630265e-08;
2132808.8539233542979;2.059268844334383175e-08;
2133142.2094803913496;1.8310228000473216525e-08;
2133475.5650374284014;1.8562655412779349717e-08;
2133808.9205944654532;1.866572674202870985e-08;
2134142.2761515025049;1.9940323170430929167e-08;
2134475.6317085395567;2.1873011846196277475e-08;
2134808.9872655766085;3.8604834884381489246e-08;
2135142.3428226136602;8.0833473248276277445e-08;
2135475.698379650712;3.3565637380661428324e-08;
2135809.0539366877638;2.2835981994262510852e-08;
2136142.4094937248155;2.1224073165626577975e-08;
2136475.7650507618673;1.9458621380863405648e-08;
2136809.1206077989191;1.8707549287455549347e-08;
2137142.4761648359708;1.8072849883310482255e-08;
2137475.8317218730226;1.8575018856381575461e-08;
2137809.1872789100744;1.8266181456283447915e-08;
2138142.5428359471262;1.9196978229274463956e-08;
2138475.8983929841779;1.8855859096333915659e-08;
2138809.2539500212297;1.8306627325159752218e-08;
2139142.6095070582815;1.8155843051204101357e-08;
2139475.9650640953332;1.7913855288043123437e-08;
2139809.320621132385;1.8248957900368623086e-08;
2140142.6761781694368;1.7851778721933442284e-08;
2140476.0317352064885;1.7241964300751533301e-08;
2140809.3872922435403;1.7555459308482568304e-08;
2141142.7428492805921;1.7998520007722618175e-08;
2141476.0984063176438;1.7776109473288670415e-08;
2141809.4539633546956;1.7805801277859245602e-08;
2142142.8095203917474;1.7087968373630246788e-08;
2142476.1650774287991;1.791451609278738033e-08;
2142809.5206344658509;2.1353697476911293052e-08;
2143142.8761915029027;1.9464366118882026058e-08;
2143476.2317485399544;1.8193741624372705701e-08;
2143809.5873055770062;1.73611098830406263e-08;
2144142.942862614058;1.7454963696650338534e-08;
2144476.2984196511097;1.8062122464357344143e-08;
2144809.6539766881615;1.7271158725407076417e-08;
2145143.0095337252133;1.7000834517943985702e-08;
2145476.365090762265;1.6809227787462077686e-08;
2145809.7206477993168;1.6584285944531984569e-08;
2146143.0762048363686;1.6764403198976651765e-08;
2146476.4317618734203;1.7380456185378534428e-08;
2146809.7873189104721;1.6874970754088280955e-08;
2147143.1428759475239;1.6471195962708407023e-08;
2147476.4984329845756;1.6454885454209033924e-08;
2147809.8539900216274;1.6263486557477335737e-08;
2148143.2095470586792;1.6742154329563163628e-08;
2148476.5651040957309;1.719734576965947781e-08;
2148809.9206611327827;1.5657455776363349287e-08;
2149143.2762181698345;1.6031844296549024875e-08;
2149476.6317752068862;1.6614643882917334849e-08;
2149809.987332243938;1.6189003915201283235e-08;
2150143.3428892809898;1.6408179703830683138e-08;
2150476.6984463180415;1.566967355870474421e-08;
2150810.0540033550933;1.6931538837638981931e-08;
2151143.4095603921451;1.6668961322352515708e-08;
2151476.7651174291968;1.6965094218335252663e-08;
2151810.1206744662486;1.6544886349834087014e-08;
2152143.4762315033004;1.7099468507808524009e-08;
2152476.8317885403521;1.6210375264336107648e-08;
2152810.1873455774039;1.6305941485939001723e-08;
2153143.5429026144557;1.689947559668780741e-08;
2153476.8984596515074;1.5929655816648846667e-08;
2153810.2540166885592;1.6969236682484734047e-08;
2154143.609573725611;1.6507579303493002953e-08;
2154476.9651307626627;1.6368765898278070381e-08;
2154810.3206877997145;1.6600552044110372663e-08;
2155143.6762448367663;1.6280237602472880099e-08;
2155477.031801873818;1.552655604086794483e-08;
2155810.3873589108698;1.6114464429506369925e-08;
2156143.7429159479216;1.5885976978324833908e-08;
2156477.0984729849733;1.5946399756217033428e-08;
2156810.4540300220251;1.6860539631124993321e-08;
2157143.8095870590769;1.6858910711903263291e-08;
2157477.1651440961286;1.7060223456155654276e-08;
2157810.5207011331804;1.6997461216305964626e-08;
2158143.8762581702322;1.6663721069676284969e-08;
2158477.2318152072839;1.5823530929992557503e-08;
2158810.5873722443357;1.5748351955835460103e-08;
2159143.9429292813875;1.5490620342006877763e-08;
2159477.2984863184392;1.6508101552403786627e-08;
2159810.654043355491;1.6903454636008063972e-08;
2160144.0096003925428;1.6886803066995526024e-08;
2160477.3651574295945;1.7406856400725700951e-08;
2160810.7207144666463;1.6494563936930717318e-08;
2161144.0762715036981;1.636911051150491403e-08;
2161477.4318285407498;1.6260772284226732154e-08;
2161810.7873855778016;1.7003731755949047511e-08;
2162144.1429426148534;2.3924251024709519697e-08;
2162477.4984996519051;2.0528107214090596244e-08;
2162810.8540566889569;2.0750729134988432634e-08;
2163144.2096137260087;1.6662843549397621246e-08;
2163477.5651707630605;1.6458383100825813017e-08;
2163810.9207278001122;1.5941246545025933301e-08;
2164144.276284837164;1.6735244301457896654e-08;
2164477.6318418742158;1.6536661817667663854e-08;
2164810.9873989112675;1.5496608440912496008e-08;
2165144.3429559483193;1.6196256780176554457e-08;
2165477.6985129853711;1.6965390869927432504e-08;
2165811.0540700224228;1.72511747109638236e-08;
2166144.4096270594746;1.6325861551536036131e-08;
2166477.7651840965264;1.6363763677418319276e-08;
2166811.1207411335781;1.5784967999366017466e-08;
2167144.4762981706299;1.6088893772803203319e-08;
2167477.8318552076817;1.6435818039894911635e-08;
2167811.1874122447334;1.5780004858356733166e-08;
2168144.5429692817852;1.6155025761577235244e-08;
2168477.898526318837;1.582464292937402206e-08;
2168811.2540833558887;1.5191750080134625023e-08;
2169144.6096403929405;1.6547007319900330913e-08;
2169477.9651974299923;1.6738919583758615772e-08;
2169811.320754467044;1.9003140394602269225e-08;
2170144.6763115040958;2.1692700968856115651e-08;
2170478.0318685411476;5.152778470574048697e-08;
2170811.3874255781993;8.5333191179870482301e-08;
2171144.7429826152511;2.7130127477903442923e-08;
2171478.0985396523029;2.0319436799809409422e-08;
2171811.4540966893546;1.6797008228763843363e-08;
2172144.8096537264064;1.5624154414695112791e-08;
2172478.1652107634582;1.5489449722849712998e-08;
2172811.5207678005099;1.531662618958762323e-08;
2173144.8763248375617;1.4584757401792103337e-08;
2173478.2318818746135;1.4941972992232877004e-08;
2173811.5874389116652;1.5239622896956461773e-08;
2174144.942995948717;1.4584501606407229701e-08;
2174478.2985529857688;1.4967982409075375472e-08;
2174811.6541100228205;2.1216282064528968476e-08;
2175145.0096670598723;1.7758692294478350959e-08;
2175478.3652240969241;1.5440249967468844261e-08;
2175811.7207811339758;1.5330758884601891623e-08;
2176145.0763381710276;1.5294981281499531178e-08;
2176478.4318952080794;1.4714489182665602129e-08;
2176811.7874522451311;1.5579342260707562673e-08;
2177145.1430092821829;1.5405623443598415179e-08;
2177478.4985663192347;1.5283619703154727176e-08;
2177811.8541233562864;1.4853488217170252028e-08;
2178145.2096803933382;1.4407390835913247429e-08;
2178478.56523743039;1.5033467803959865705e-08;
2178811.9207944674417;1.500428581380219839e-08;
2179145.2763515044935;1.5017787902138479694e-08;
2179478.6319085415453;1.8932199807863980823e-08;
2179811.987465578597;1.720018616424567881e-08;
2180145.3430226156488;1.5491110616494552232e-08;
2180478.6985796527006;1.5376151907275925623e-08;
2180812.0541366897523;1.4737979725509831042e-08;
2181145.4096937268041;1.3758840289312956884e-08;
2181478.7652507638559;1.5052229684897611151e-08;
2181812.1208078009076;1.4444923479572935321e-08;
2182145.4763648379594;1.4954315119553029945e-08;
2182478.8319218750112;1.4835858763717624242e-08;
2182812.1874789120629;1.4086222854814423044e-08;
2183145.5430359491147;1.4899797839973416558e-08;
2183478.8985929861665;1.4471999598697493639e-08;
2183812.2541500232182;1.4611813092813008552e-08;
2184145.60970706027;1.4734148123807244701e-08;
2184478.9652640973218;1.4967588057857028616e-08;
2184812.3208211343735;1.4316563046179453522e-08;
2185145.6763781714253;1.4543999782290484291e-08;
2185479.0319352084771;1.3842871737779205432e-08;
2185812.3874922455288;1.4389709868112277036e-08;
2186145.7430492825806;1.4473016562988050282e-08;
2186479.0986063196324;1.4664581549084232392e-08;
2186812.4541633566841;1.4337679488107824e-08;
2187145.8097203937359;1.4932684422319653095e-08;
2187479.1652774307877;1.4333549458456218417e-08;
2187812.5208344678394;1.3721378699926845002e-08;
2188145.8763915048912;1.4112031543334069283e-08;
2188479.231948541943;1.2677539018568495521e-08;
2188812.5875055789948;1.3985276936523405311e-08;
2189145.9430626160465;1.4572336226592597086e-08;
2189479.2986196530983;1.5008900788870960241e-08;
2189812.6541766901501;1.4350908905669257365e-08;
2190146.0097337272018;1.3625919947912734642e-08;
2190479.3652907642536;1.5192924252005468588e-08;
2190812.7208478013054;1.3532718057263082301e-08;
2191146.0764048383571;1.4372227852277319471e-08;
2191479.4319618754089;1.4563686256963137566e-08;
2191812.7875189124607;1.4149192040235902823e-08;
2192146.1430759495124;1.5135942277311187354e-08;
2192479.4986329865642;1.5546971710023171909e-08;
2192812.854190023616;1.5324134849947768089e-08;
2193146.2097470606677;1.4805578985033207573e-08;
2193479.5653040977195;1.5017549870322000061e-08;
2193812.9208611347713;1.4205079779117113503e-08;
2194146.276418171823;1.4901578637704915309e-08;
2194479.6319752088748;1.4141265047840079205e-08;
2194812.9875322459266;1.4895636724077121471e-08;
2195146.3430892829783;1.424789175530349894e-08;
2195479.6986463200301;1.5080710014103715366e-08;
2195813.0542033570819;1.8265732038003079651e-08;
2196146.4097603941336;1.5154272503536958538e-08;
2196479.7653174311854;1.4672878911881070962e-08;
2196813.1208744682372;1.3954084998601956613e-08;
2197146.4764315052889;1.4962276750907221867e-08;
2197479.8319885423407;1.4210421284133190056e-08;
2197813.1875455793925;1.5013778664751953329e-08;
2198146.5431026164442;1.3955776978491485352e-08;
2198479.898659653496;1.4876781584405307512e-08;
2198813.2542166905478;1.4948168924888705078e-08;
2199146.6097737275995;1.4896081701465391234e-08;
2199479.9653307646513;1.5369131745046615833e-08;
2199813.3208878017031;1.3673590260054879764e-08;
2200146.6764448387548;1.4538048098700073751e-08;
2200480.0320018758066;1.4432368189432054351e-08;
2200813.3875589128584;1.4404581527571735933e-08;
2201146.7431159499101;1.4323556563056172308e-08;
2201480.0986729869619;1.4264821324161403027e-08;
2201813.4542300240137;1.3928638686877548025e-08;
2202146.8097870610654;1.5189668189918847929e-08;
2202480.1653440981172;1.3715474089792678569e-08;
2202813.520901135169;1.4391682512382431014e-08;
2203146.8764581722207;1.4454824004417332617e-08;
2203480.2320152092725;1.4505826761990192608e-08;
2203813.5875722463243;1.4530081138275363628e-08;
2204146.943129283376;1.3499001916272845847e-08;
2204480.2986863204278;1.3866918280314166623e-08;
2204813.6542433574796;1.3179964675202882063e-08;
2205147.0098003945313;1.4948589921459642937e-08;
2205480.3653574315831;1.564563234524030122e-08;
2205813.7209144686349;2.2006096500604144239e-08;
2206147.0764715056866;7.5987983905179135036e-08;
2206480.4320285427384;5.1570527404010135797e-08;
2206813.7875855797902;2.0852318982633732958e-08;
2207147.1431426168419;1.6961308801910490729e-08;
2207480.4986996538937;1.5160530608682165621e-08;
2207813.8542566909455;1.408924177326298377e-08;
2208147.2098137279972;1.3130739162647842022e-08;
2208480.565370765049;1.3767302853295859677e-08;
2208813.9209278021008;1.3292155820465723082e-08;
2209147.2764848391525;1.3950996802236659278e-08;
2209480.6320418762043;1.2612829003444403497e-08;
2209813.9875989132561;1.3555797373498990055e-08;
2210147.3431559503078;1.3458086201012520178e-08;
2210480.6987129873596;1.3580849334005051787e-08;
2210814.0542700244114;1.3094527240298248216e-08;
2211147.4098270614631;1.3201607806934134715e-08;
2211480.7653840985149;1.3261624687288531277e-08;
2211814.1209411355667;1.3013575994591519702e-08;
2212147.4764981726184;1.3021031364246482553e-08;
2212480.8320552096702;1.3046790314774625585e-08;
2212814.187612246722;1.2605275934163273632e-08;
2213147.5431692837738;1.3473911764094737009e-08;
2213480.8987263208255;1.2839246998908038222e-08;
2213814.2542833578773;1.3220777361766522517e-08;
2214147.6098403949291;1.3111907115614940267e-08;
2214480.9653974319808;1.2397480375625491433e-08;
2214814.3209544690326;1.2618658118412895419e-08;
2215147.6765115060844;1.2862297005256095872e-08;
2215481.0320685431361;1.3291268530224442657e-08;
2215814.3876255801879;1.3250004649023594538e-08;
2216147.7431826172397;1.3604393167554462707e-08;
2216481.0987396542914;1.3800040221667586593e-08;
2216814.4542966913432;1.3753113314862730476e-08;
2217147.809853728395;1.6926898993574468477e-08;
2217481.1654107654467;1.3566446632751194556e-08;
2217814.5209678024985;1.279738537363073192e-08;
2218147.8765248395503;1.2135391358469860279e-08;
2218481.232081876602;1.2641932833901137201e-08;
2218814.5876389136538;1.3185684544225750869e-08;
2219147.9431959507056;1.2552439976332152582e-08;
2219481.2987529877573;1.2142215233268416341e-08;
2219814.6543100248091;1.2640778201955527038e-08;
2220148.0098670618609;1.3216597594123413728e-08;
2220481.3654240989126;1.2220772838134053018e-08;
2220814.7209811359644;1.2101414093024231988e-08;
2221148.0765381730162;1.2710029473339545802e-08;
2221481.4320952100679;1.3015816868744423118e-08;
2221814.7876522471197;1.2963765172457897279e-08;
2222148.1432092841715;1.2357363132764476177e-08;
2222481.4987663212232;1.246980030344957413e-08;
2222814.854323358275;1.2918365044356505678e-08;
2223148.2098803953268;1.3267147380702226656e-08;
2223481.5654374323785;1.3271995946695369639e-08;
2223814.9209944694303;1.2883893951709524117e-08;
2224148.2765515064821;1.2994957110379345977e-08;
2224481.6321085435338;1.3335963444660592359e-08;
2224814.9876655805856;1.282781703082491731e-08;
2225148.3432226176374;1.3602648785138171661e-08;
2225481.6987796546891;1.2561705453606464289e-08;
2225815.0543366917409;1.3262765996557845938e-08;
2226148.4098937287927;1.2262299620147132373e-08;
2226481.7654507658444;1.2170660923516152252e-08;
2226815.1210078028962;1.2309826047385286074e-08;
2227148.476564839948;1.2863969445220391208e-08;
2227481.8321218769997;1.2280623629123965657e-08;
2227815.1876789140515;1.2794508563729323214e-08;
2228148.5432359511033;1.1602947047606448905e-08;
2228481.898792988155;1.2363312151819627616e-08;
2228815.2543500252068;1.2496379042659100378e-08;
2229148.6099070622586;1.2175622288168597152e-08;
2229481.9654640993103;1.2986764552636032022e-08;
2229815.3210211363621;1.2735016596820969426e-08;
2230148.6765781734139;1.2051262210377444717e-08;
2230482.0321352104656;1.2873215382569469512e-08;
2230815.3876922475174;1.2517097580655445199e-08;
2231148.7432492845692;1.2707305430126325518e-08;
2231482.0988063216209;1.3032106949140143115e-08;
2231815.4543633586727;1.3196251202884923259e-08;
2232148.8099203957245;1.2790845715926479897e-08;
2232482.1654774327762;1.4045377305649253685e-08;
2232815.521034469828;1.4163118677856800787e-08;
2233148.8765915068798;1.3061260517588380026e-08;
2233482.2321485439315;1.3104192397861424979e-08;
2233815.5877055809833;1.248887393501263432e-08;
2234148.9432626180351;1.3641463958435906534e-08;
2234482.2988196550868;1.3241045593304079375e-08;
2234815.6543766921386;1.2803524462867699185e-08;
2235149.0099337291904;1.2450975361844029976e-08;
2235482.3654907662421;1.1810738165252132603e-08;
2235815.7210478032939;1.2202409749306752929e-08;
2236149.0766048403457;1.2080322520091613114e-08;
2236482.4321618773974;1.2617305422679692128e-08;
2236815.7877189144492;1.1986085013404590427e-08;
2237149.143275951501;1.2551492289958332549e-08;
2237482.4988329885527;1.1847270720011238154e-08;
2237815.8543900256045;1.2501978119416889967e-08;
2238149.2099470626563;1.2098502644164454978e-08;
2238482.5655040997081;1.201391164329379535e-08;
2238815.9210611367598;1.5480065229667161475e-08;
2239149.2766181738116;1.2979922026090662257e-08;
2239482.6321752108634;1.2864036946780288417e-08;
2239815.9877322479151;1.2552903605467236048e-08;
2240149.3432892849669;1.3470669024684411852e-08;
2240482.6988463220187;1.2659223003197439539e-08;
2240816.0544033590704;1.3240789797919205739e-08;
2241149.4099603961222;1.4981582197037823789e-08;
2241482.765517433174;2.2443757075052417349e-08;
2241816.1210744702257;6.4921280795715574641e-08;
2242149.4766315072775;2.7470008490126929246e-08;
2242482.8321885443293;1.6237452271639085666e-08;
2242816.187745581381;1.4835754846842519328e-08;
2243149.5433026184328;1.2487842759867362474e-08;
2243482.8988596554846;1.3001670851053859224e-08;
2243816.2544166925363;1.2170276342260422098e-08;
2244149.6099737295881;1.1638775276878732257e-08;
2244482.9655307666399;1.2869914023383444146e-08;
2244816.3210878036916;1.2702172647038878495e-08;
2245149.6766448407434;1.2205818578081562009e-08;
2245483.0322018777952;1.2506261803935103671e-08;
2245816.3877589148469;1.1767909313675772864e-08;
2246149.7433159518987;1.1898705132296072406e-08;
2246483.0988729889505;1.1336724448085533368e-08;
2246816.4544300260022;1.2013996020243666862e-08;
2247149.809987063054;1.249185821450282674e-08;
2247483.1655441001058;1.2026961648814449291e-08;
2247816.5211011371575;1.1860014303977095551e-08;
2248149.8766581742093;1.2296943907585955458e-08;
2248483.2322152112611;1.2079092392980328441e-08;
2248816.5877722483128;1.2769067581075432827e-08;
2249149.9433292853646;1.2210472633000790665e-08;
2249483.2988863224164;1.2674666649559185316e-08;
2249816.6544433594681;1.2882060751451263059e-08;
2250150.0100003965199;1.2559631556996464496e-08;
2250483.3655574335717;1.2158266393669237004e-08;
2250816.7211144706234;1.2151006423266608181e-08;
2251150.0766715076752;1.204865895942930365e-08;
2251483.432228544727;1.1958680268264743063e-08;
2251816.7877855817787;1.2421962125586105685e-08;
2252150.1433426188305;1.2375307001377677807e-08;
2252483.4988996558823;1.1667188992703358963e-08;
2252816.854456692934;1.225263090987027681e-08;
2253150.2100137299858;1.1500749685922073695e-08;
2253483.5655707670376;1.2033132712474525761e-08;
2253816.9211278040893;1.2300271023946152127e-08;
2254150.2766848411411;1.1854306869452102546e-08;
2254483.6322418781929;1.2187371112304390408e-08;
2254816.9877989152446;1.1855952664063806878e-08;
2255150.3433559522964;1.2309437025237457419e-08;
2255483.6989129893482;1.33965443183114985e-08;
2255817.0544700263999;1.2100181301377688214e-08;
2256150.4100270634517;1.1795353138666087034e-08;
2256483.7655841005035;1.2469997479058747558e-08;
2256817.1211411375552;1.2454454356713995367e-08;
2257150.476698174607;1.2774138191673500842e-08;
2257483.8322552116588;1.2512151315036135202e-08;
2257817.1878122487105;1.222298440239910633e-08;
2258150.5433692857623;1.2583748265626581997e-08;
2258483.8989263228141;1.2213154043649865343e-08;
2258817.2544833598658;1.1815739497933464008e-08;
2259150.6100403969176;1.1873418692687209841e-08;
2259483.9655974339694;1.2523872605640917754e-08;
2259817.3211544710211;1.2076758260093356512e-08;
2260150.6767115080729;1.1672785404925889452e-08;
2260484.0322685451247;1.2247573621948504297e-08;
2260817.3878255821764;1.1898412921595991065e-08;
2261150.7433826192282;1.1616122286284280563e-08;
2261484.09893965628;1.2678363248141977238e-08;
2261817.4544966933317;1.3885884442288443097e-08;
2262150.8100537303835;1.3031465684321119625e-08;
2262484.1656107674353;1.1399852617444139469e-08;
2262817.521167804487;1.2190968234904175915e-08;
2263150.8767248415388;1.2399897997283915174e-08;
2263484.2322818785906;1.2043537722661312728e-08;
2263817.5878389156424;1.2496665036110243818e-08;
2264150.9433959526941;1.5852997137244528858e-08;
2264484.2989529897459;1.7471498026111476065e-08;
2264817.6545100267977;1.3671067833342931408e-08;
2265151.0100670638494;1.3412109645116743195e-08;
2265484.3656241009012;1.2422005646328670991e-08;
2265817.721181137953;1.1053129078675283381e-08;
2266151.0767381750047;1.1694254453686880879e-08;
2266484.4322952120565;1.2199602217322080833e-08;
2266817.7878522491083;1.140900884877282806e-08;
2267151.14340928616;1.2068825938627014693e-08;
2267484.4989663232118;1.2438383656387941301e-08;
2267817.8545233602636;1.1552831580274869339e-08;
2268151.2100803973153;1.1928550591733255715e-08;
2268484.5656374343671;1.2076291078244594246e-08;
2268817.9211944714189;1.193454490788781186e-08;
2269151.2767515084706;1.140965011359185155e-08;
2269484.6323085455224;1.2383353897860160941e-08;
2269817.9878655825742;1.2399026694254189351e-08;
2270151.3434226196259;1.1932427490535246761e-08;
2270484.6989796566777;1.2653731396028433664e-08;
2270818.0545366937295;1.3417459143738597049e-08;
2271151.4100937307812;1.1976592162454835488e-08;
2271484.765650767833;1.2530848358949242538e-08;
2271818.1212078048848;1.2127911119819145824e-08;
2272151.4767648419365;1.1491540163888203097e-08;
2272484.8323218789883;1.2289429029976872698e-08;
2272818.1878789160401;1.1967905777510168264e-08;
2273151.5434359530918;1.2133067883723924751e-08;
2273484.8989929901436;1.1191718662928451522e-08;
2273818.2545500271954;1.2158565709796675947e-08;
2274151.6101070642471;1.2414130168281189981e-08;
2274484.9656641012989;1.2023708251263087732e-08;
2274818.3212211383507;1.2752233047308436653e-08;
2275151.6767781754024;1.2657066505994407635e-08;
2275485.0323352124542;1.2117433279001943447e-08;
2275818.387892249506;1.1643867203758873075e-08;
2276151.7434492865577;1.2458392539826945722e-08;
2276485.0990063236095;1.3031832502008455776e-08;
2276818.4545633606613;1.4630384015390518471e-08;
2277151.810120397713;2.3010995775507581129e-08;
2277485.1656774347648;4.0921776189861702733e-08;
2277818.5212344718166;2.0569187242358566436e-08;
2278151.8767915088683;1.4382179003291639674e-08;
2278485.2323485459201;1.3357276174019716564e-08;
2278818.5879055829719;1.2009037320126481063e-08;
2279151.9434626200236;1.2584698616535661131e-08;
2279485.2990196570754;1.2768507140492602048e-08;
2279818.6545766941272;1.1354802431640109717e-08;
2280152.0101337311789;1.1772168129198234965e-08;
2280485.3656907682307;1.2224208312261453102e-08;
2280818.7212478052825;1.212731426392110734e-08;
2281152.0768048423342;1.2651753422687761486e-08;
2281485.432361879386;1.2567929807971722767e-08;
2281818.7879189164378;1.1818854339651352348e-08;
2282152.1434759534895;1.1584942782860707666e-08;
2282485.4990329905413;1.1968852575705568597e-08;
2282818.8545900275931;1.142872729786859054e-08;
2283152.2101470646448;1.2342457722525068675e-08;
2283485.5657041016966;1.2760681400436624244e-08;
2283818.9212611387484;1.2333073229342517152e-08;
2284152.2768181758001;1.2657977777053019963e-08;
2284485.6323752128519;1.1815386891100843059e-08;
2284818.9879322499037;1.2099140356269799668e-08;
2285152.3434892869554;1.233036517334085147e-08;
2285485.6990463240072;1.1982800529608539364e-08;
2285819.054603361059;1.2539965510427464324e-08;
2286152.4101603981107;1.2040872299223792652e-08;
2286485.7657174351625;1.1673114030941178498e-08;
2286819.1212744722143;1.21440502098835168e-08;
2287152.476831509266;1.2107517655124411249e-08;
2287485.8323885463178;1.2390534820383436454e-08;
2287819.1879455833696;1.2856061992749800993e-08;
2288152.5435026204214;1.2894286527398435283e-08;
2288485.8990596574731;1.1969756741336823325e-08;
2288819.2546166945249;1.2594164822132825066e-08;
2289152.6101737315767;1.2261674342539663485e-08;
2289485.9657307686284;1.2136052163214117172e-08;
2289819.3212878056802;1.2733518239826935314e-08;
2290152.676844842732;1.2391405235234742577e-08;
2290486.0324018797837;1.1630354457281555369e-08;
2290819.3879589168355;1.2183067887860943301e-08;
2291152.7435159538873;1.2339141264305908408e-08;
2291486.099072990939;1.2386029979438717419e-08;
2291819.4546300279908;1.2151156525419537502e-08;
2292152.8101870650426;1.9120140137829366722e-08;
2292486.1657441020943;1.189922826938527578e-08;
2292819.5213011391461;1.2492384904305708915e-08;
2293152.8768581761979;1.3082065208891435759e-08;
2293486.2324152132496;2.6998570490377460374e-08;
2293819.5879722503014;1.3688707056758175895e-08;
2294152.9435292873532;1.2006084126880978147e-08;
2294486.2990863244049;1.2279760319700017135e-08;
2294819.6546433614567;1.2706390606354034389e-08;
2295153.0102003985085;1.2493964973714355438e-08;
2295486.3657574355602;1.2193153153816638223e-08;
2295819.721314472612;1.2199494747733297118e-08;
2296153.0768715096638;1.3924895903016931697e-08;
2296486.4324285467155;1.1670140409592022479e-08;
2296819.7879855837673;1.169092733732668421e-08;
2297153.1435426208191;1.1519190046271887695e-08;
2297486.4990996578708;1.2157369333465339878e-08;
2297819.8546566949226;1.1786011278047681117e-08;
2298153.2102137319744;1.2041739161361419974e-08;
2298486.5657707690261;1.2334676391390075878e-08;
2298819.9213278060779;1.2846986585657305113e-08;
2299153.2768848431297;1.2203653199094333104e-08;
2299486.6324418801814;1.2283989825334629131e-08;
2299819.9879989172332;1.2878462740673057851e-08;
2300153.343555954285;1.3080801331000202481e-08;
2300486.6991129913367;1.2433663876265654835e-08;
2300820.0546700283885;1.2646286684514507215e-08;
2301153.4102270654403;1.2034993446263797523e-08;
2301486.765784102492;1.4151503968662382249e-08;
2301820.1213411395438;1.3459977132868061744e-08;
2302153.4768981765956;1.8364831433359540824e-08;
2302486.8324552136473;1.8485824426761610084e-08;
2302820.1880122506991;1.5941358455506815517e-08;
2303153.5435692877509;1.2687409345346623013e-08;
2303486.8991263248026;1.2499035584312423453e-08;
2303820.2546833618544;1.350611800177148325e-08;
2304153.6102403989062;1.3816632282726004632e-08;
2304486.9657974359579;1.2547788585948183027e-08;
2304820.3213544730097;1.2126526449662833329e-08;
2305153.6769115100615;1.2386355940918747365e-08;
2305487.0324685471132;1.4372202983281567867e-08;
2305820.388025584165;1.2455942055566993076e-08;
2306153.7435826212168;1.9629258218856193707e-08;
2306487.0991396582685;2.1116333570603273984e-08;
2306820.4546966953203;1.2241292424164385011e-08;
2307153.8102537323721;1.2031695639791450958e-08;
2307487.1658107694238;1.2206054833541202242e-08;
2307820.5213678064756;1.2580122721317366086e-08;
2308153.8769248435274;1.2242024283182217914e-08;
2308487.2324818805791;1.1845230574181186967e-08;
2308820.5880389176309;1.2060369591893049801e-08;
2309153.9435959546827;1.1421963819202574086e-08;
2309487.2991529917344;1.2533027948791186645e-08;
2309820.6547100287862;1.260199855579458017e-08;
2310154.010267065838;1.1256372722812102438e-08;
2310487.3658241028897;1.1707924407744485507e-08;
2310820.7213811399415;1.1472237382292860275e-08;
2311154.0769381769933;1.1873877880930194806e-08;
2311487.432495214045;1.1785473041925342841e-08;
2311820.7880522510968;1.1692406154395484918e-08;
2312154.1436092881486;1.2902964918737325206e-08;
2312487.4991663252003;1.4345918231128962361e-08;
2312820.8547233622521;2.6089544746810133802e-08;
2313154.2102803993039;2.7884400566335898475e-08;
2313487.5658374363557;1.6806334102170694678e-08;
2313820.9213944734074;1.3235069040717917233e-08;
2314154.2769515104592;1.2287939554767035588e-08;
2314487.632508547511;1.1482399031592649408e-08;
2314820.9880655845627;1.1903723340367378114e-08;
2315154.3436226216145;1.1793654053349200694e-08;
2315487.6991796586663;1.1571680502697745396e-08;
2315821.054736695718;1.1586591242007671099e-08;
2316154.4102937327698;1.2193367204815785954e-08;
2316487.7658507698216;1.1824606183097330359e-08;
2316821.1214078068733;1.1877236971713500679e-08;
2317154.4769648439251;1.0761814550619419606e-08;
2317487.8325218809769;1.110234482126770672e-08;
2317821.1880789180286;1.2046267094945051213e-08;
2318154.5436359550804;1.1406984690154331474e-08;
2318487.8991929921322;1.1956347911734610534e-08;
2318821.2547500291839;1.121376058677014953e-08;
2319154.6103070662357;1.1925092913145363127e-08;
2319487.9658641032875;1.2423337025779801479e-08;
2319821.3214211403392;1.4337351750270954653e-08;
2320154.676978177391;1.9394020611684936739e-08;
2320488.0325352144428;1.7314416567160151317e-08;
2320821.3880922514945;1.2896166801112940448e-08;
2321154.7436492885463;1.2130978888080790057e-08;
2321488.0992063255981;1.2286299089225849457e-08;
2321821.4547633626498;1.1308757486006015824e-08;
2322154.8103203997016;1.151660011800004213e-08;
2322488.1658774367534;1.1075870887111705088e-08;
2322821.5214344738051;1.2218368539151924779e-08;
2323154.8769915108569;1.1643499497893117223e-08;
2323488.2325485479087;1.1164717150791148015e-08;
2323821.5881055849604;1.166007912445365946e-08;
2324154.9436626220122;1.1027218249637371628e-08;
2324488.299219659064;1.1417649936618090578e-08;
2324821.6547766961157;1.097766055835336374e-08;
2325155.0103337331675;1.1698631396939163096e-08;
2325488.3658907702193;1.1876569061541886185e-08;
2325821.721447807271;1.2312659336544129474e-08;
2326155.0770048443228;1.3283822042353676807e-08;
2326488.4325618813746;1.6758809451289380377e-08;
2326821.7881189184263;1.4674554904559045099e-08;
2327155.1436759554781;1.2240260360840693465e-08;
2327488.4992329925299;1.1276857669884066127e-08;
2327821.8547900295816;1.1352788042984229833e-08;
2328155.2103470666334;1.1449707848498746898e-08;
2328488.5659041036852;1.1259516874417840882e-08;
2328821.9214611407369;1.0693950613926972437e-08;
2329155.2770181777887;1.0830166985442701844e-08;
2329488.6325752148405;1.0184808552082813549e-08;
2329821.9881322518922;1.1144553724307115772e-08;
2330155.343689288944;1.0829557695046787558e-08;
2330488.6992463259958;1.1139620781364101276e-08;
2330822.0548033630475;1.114198866503102181e-08;
2331155.4103604000993;1.0806372685578935489e-08;
2331488.7659174371511;1.0438879094465391972e-08;
2331822.1214744742028;1.0957584173354462109e-08;
2332155.4770315112546;1.1189241533315907873e-08;
2332488.8325885483064;1.1429169610721601202e-08;
2332822.1881455853581;1.2962900086677109357e-08;
2333155.5437026224099;1.2723836206873784249e-08;
2333488.8992596594617;1.1099478669507334416e-08;
2333822.2548166965134;1.0909680270287935855e-08;
2334155.6103737335652;1.0620392565385827766e-08;
2334488.965930770617;1.1051925596916589711e-08;
2334822.3214878076687;1.1718583436959306709e-08;
2335155.6770448447205;1.1349537309968127374e-08;
2335489.0326018817723;1.0664590099906945397e-08;
2335822.388158918824;1.0368569114405090659e-08;
2336155.7437159558758;1.0936257233140622702e-08;
2336489.0992729929276;1.1389603926659219724e-08;
2336822.4548300299793;1.2197137522207412985e-08;
2337155.8103870670311;1.3259900732975893334e-08;
2337489.1659441040829;1.0503647729365184205e-08;
2337822.5215011411346;1.0960413909799626708e-08;
2338155.8770581781864;1.0955697682391019043e-08;
2338489.2326152152382;1.0201067546233844041e-08;
2338822.58817225229;1.0679381823308631283e-08;
2339155.9437292893417;1.1031480617873512529e-08;
2339489.2992863263935;1.099773427881700627e-08;
2339822.6548433634453;1.026829288264252682e-08;
2340156.010400400497;1.1411133371552750759e-08;
2340489.3659574375488;1.1001328736881532677e-08;
2340822.7215144746006;1.0492582802612560045e-08;
2341156.0770715116523;1.0878218326126898319e-08;
2341489.4326285487041;1.0925925941762670845e-08;
2341822.7881855857559;1.0456829180327531503e-08;
2342156.1437426228076;1.1171250591246462136e-08;
2342489.4992996598594;1.0245121195850970253e-08;
2342822.8548566969112;1.1350973494472782477e-08;
2343156.2104137339629;1.123298343230771934e-08;
2343489.5659707710147;1.0661181271132136317e-08;
2343822.9215278080665;1.0876497924527939176e-08;
2344156.2770848451182;1.0715444531683715468e-08;
2344489.63264188217;1.0908032699319392123e-08;
2344822.9881989192218;1.0908261849351674755e-08;
2345156.3437559562735;1.0827256424761344533e-08;
2345489.6993129933253;1.0581080012173060823e-08;
2345823.0548700303771;1.1192859084019346483e-08;
2346156.4104270674288;1.0445666553948740329e-08;
2346489.7659841044806;1.0910159886634573922e-08;
2346823.1215411415324;1.0352389168133413477e-08;
2347156.4770981785841;1.0953850271278042783e-08;
2347489.8326552156359;1.1394407195552958001e-08;
2347823.1882122526877;1.1851142289742711e-08;
2348156.5437692897394;1.4164363015822800662e-08;
2348489.8993263267912;3.6120244573112358921e-08;
2348823.254883363843;2.9558870906498668774e-08;
2349156.6104404008947;1.4067106590687217249e-08;
2349489.9659974379465;1.2848001773591022356e-08;
2349823.3215544749983;1.2294481877006546711e-08;
2350156.67711151205;1.1330432592160377681e-08;
2350490.0326685491018;1.0733304911525465286e-08;
2350823.3882255861536;1.1644337938321314141e-08;
2351156.7437826232053;1.0787651660848496249e-08;
2351490.0993396602571;1.049780085082829828e-08;
2351823.4548966973089;1.0737736921839768911e-08;
2352156.8104537343606;1.1290436141564441641e-08;
2352490.1660107714124;1.0856625820565568574e-08;
2352823.5215678084642;1.0340792222507388942e-08;
2353156.8771248455159;1.084071232781980143e-08;
2353490.2326818825677;1.1140462774505976995e-08;
2353823.5882389196195;1.0396932204059794458e-08;
2354156.9437959566712;1.0270259309663742897e-08;
2354490.299352993723;1.1030472535367152886e-08;
2354823.6549100307748;1.0351915769035713311e-08;
2355157.0104670678265;1.0861127996975028509e-08;
2355490.3660241048783;1.0545710971143762436e-08;
2355823.7215811419301;1.0969467112431630085e-08;
2356157.0771381789818;1.0839112718485921505e-08;
2356490.4326952160336;1.0464308530799826258e-08;
2356823.7882522530854;1.089801493492359441e-08;
2357157.1438092901371;1.1928780629943958047e-08;
2357490.4993663271889;1.1282148548730219773e-08;
2357823.8549233642407;1.0629071844903137389e-08;
2358157.2104804012924;1.0607434042242402938e-08;
2358490.5660374383442;1.0729949373455838213e-08;
2358823.921594475396;1.1225724350083510217e-08;
2359157.2771515124477;1.0461495669744635961e-08;
2359490.6327085494995;1.0595737620633371989e-08;
2359823.9882655865513;1.0586174603588460741e-08;
2360157.343822623603;1.1415163037042930227e-08;
2360490.6993796606548;1.0280674977991566266e-08;
2360824.0549366977066;1.1274698508145775122e-08;
2361157.4104937347583;1.0539228156858371221e-08;
2361490.7660507718101;1.0660581750698838732e-08;
2361824.1216078088619;1.1078419959176244447e-08;
2362157.4771648459136;1.0974497755000811594e-08;
2362490.8327218829654;1.0739302780393700232e-08;
2362824.1882789200172;9.994221450426721276e-09;
2363157.5438359570689;1.020836393195168057e-08;
2363490.8993929941207;1.0349261003739229636e-08;
2363824.2549500311725;1.0396657756928107119e-08;
2364157.6105070682243;1.1182108572427296167e-08;
2364490.966064105276;1.0420648344222627202e-08;
2364824.3216211423278;1.0185506660320697847e-08;
2365157.6771781793796;1.0230858826787425642e-08;
2365491.0327352164313;1.0491587154604076204e-08;
2365824.3882922534831;1.0455561749722619425e-08;
2366157.7438492905349;9.6723242748453230888e-09;
2366491.0994063275866;1.0677431383498969808e-08;
2366824.4549633646384;1.2610968269655131735e-08;
2367157.8105204016902;1.042645259019536752e-08;
2367491.1660774387419;1.1009893441382700985e-08;
2367824.5216344757937;1.023885953799208437e-08;
2368157.8771915128455;1.1366038776827736001e-08;
2368491.2327485498972;1.0856092025335328799e-08;
2368824.588305586949;1.0468500732940810849e-08;
2369157.9438626240008;1.085269740741523492e-08;
2369491.2994196610525;1.0900025770865795494e-08;
2369824.6549766981043;1.0708219200239454949e-08;
2370158.0105337351561;1.0127377159108164051e-08;
2370491.3660907722078;1.0692748020346698468e-08;
2370824.7216478092596;1.1090298457361313922e-08;
2371158.0772048463114;1.1134905442133913311e-08;
2371491.4327618833631;1.135404481544810551e-08;
2371824.7883189204149;1.509732960869314411e-08;
2372158.1438759574667;1.5522465091066806053e-08;
2372491.4994329945184;1.2296058393701514433e-08;
2372824.8549900315702;1.1474293515334466065e-08;
2373158.210547068622;1.1895424201213700144e-08;
2373491.5661041056737;1.1246548581311799353e-08;
2373824.9216611427255;1.0003408768000099371e-08;
2374158.2772181797773;1.1328064708493457147e-08;
2374491.632775216829;1.0949598561182938283e-08;
2374824.9883322538808;1.112524650181967445e-08;
2375158.3438892909326;1.1514536879531078739e-08;
2375491.6994463279843;1.1347145445483874937e-08;
2375825.0550033650361;1.1424411638927267632e-08;
2376158.4105604020879;1.1796347898496151174e-08;
2376491.7661174391396;1.1070210526042956189e-08;
2376825.1216744761914;1.1420699941311340808e-08;
2377158.4772315132432;1.1501578356387653912e-08;
2377491.8327885502949;1.1690208800985146809e-08;
2377825.1883455873467;1.2056238674063024519e-08;
2378158.5439026243985;2.1918092230066577031e-08;
2378491.8994596614502;3.0644606852092692861e-08;
2378825.255016698502;1.3898891815244951431e-08;
2379158.6105737355538;1.1734012872466337285e-08;
2379491.9661307726055;1.1125168342118740838e-08;
2379825.3216878096573;1.1505417951696017553e-08;
2380158.6772448467091;1.0994006593989524845e-08;
2380492.0328018837608;1.0830338403877703968e-08;
2380825.3883589208126;1.0675911710222862894e-08;
2381158.7439159578644;1.0963013608034088975e-08;
2381492.0994729949161;1.0705153208334650117e-08;
2381825.4550300319679;1.1369553298834489397e-08;
2382158.8105870690197;1.0464951571975689149e-08;
2382492.1661441060714;1.0476135514636553125e-08;
2382825.5217011431232;1.1025087509608511027e-08;
2383158.877258180175;1.1990339388034954027e-08;
2383492.2328152172267;1.2957094064347529638e-08;
2383825.5883722542785;1.8109972188540268689e-08;
2384158.9439292913303;5.0789140004781074822e-08;
2384492.299486328382;2.4743004090055364941e-08;
2384825.6550433654338;1.4797336689298390411e-08;
2385159.0106004024856;1.2405061866616051702e-08;
2385492.3661574395373;1.1060743432267372555e-08;
2385825.7217144765891;1.0678669504216031783e-08;
2386159.0772715136409;1.0966133778822495515e-08;
2386492.4328285506926;1.0413602424819146108e-08;
2386825.7883855877444;1.1387482956592975825e-08;
2387159.1439426247962;1.1888864115405795019e-08;
2387492.4994996618479;1.5965150979013742472e-08;
2387825.8550566988997;3.1569157954436377622e-08;
2388159.2106137359515;1.6987907969223670079e-08;
2388492.5661707730033;1.254355641577831193e-08;
2388825.921727810055;1.1596120508272633742e-08;
2389159.2772848471068;1.0995512944589336257e-08;
2389492.6328418841586;1.1744035077754233498e-08;
2389825.9883989212103;1.1707533609239817451e-08;
2390159.3439559582621;1.5050485302481320105e-08;
2390492.6995129953139;1.9773302994963160018e-08;
2390826.0550700323656;2.022254008693380456e-08;
2391159.4106270694174;2.1903812097434638417e-08;
2391492.7661841064692;1.4889069532841858745e-08;
2391826.1217411435209;1.1827286705567985337e-08;
2392159.4772981805727;1.0337886102718130132e-08;
2392492.8328552176245;1.0437521957840090181e-08;
2392826.1884122546762;1.0741906919520260999e-08;
2393159.543969291728;1.0217621415620214975e-08;
2393492.8995263287798;1.0354662016709426098e-08;
2393826.2550833658315;1.021275863877235679e-08;
2394159.6106404028833;1.0285967633194559312e-08;
2394492.9661974399351;1.0802444272428601835e-08;
2394826.3217544769868;1.0203325295776721759e-08;
2395159.6773115140386;9.8391952363385826175e-09;
2395493.0328685510904;1.0233393687997249799e-08;
2395826.3884255881421;1.0004638895111384045e-08;
2396159.7439826251939;1.0488896862170804525e-08;
2396493.0995396622457;9.9711083834108649171e-09;
2396826.4550966992974;9.9584864798885064374e-09;
2397159.8106537363492;1.0499810798592079664e-08;
2397493.166210773401;1.0375729608824713068e-08;
2397826.5217678104527;9.8852286356532204081e-09;
2398159.8773248475045;1.0069632239151360409e-08;
2398493.2328818845563;1.0120102977850820025e-08;
2398826.588438921608;1.084063594447570722e-08;
2399159.9439959586598;1.0724390264726935129e-08;
2399493.2995529957116;1.0465576849583158037e-08;
2399826.6551100327633;1.0753839596588932181e-08;
2400160.0106670698151;1.0714033216174811969e-08;
2400493.3662241068669;1.0108837322775343637e-08;
2400826.7217811439186;1.0867178268370025762e-08;
2401160.0773381809704;1.2057064679993345635e-08;
2401493.4328952180222;1.7755510839378985111e-08;
2401826.7884522550739;1.833536877882124827e-08;
2402160.1440092921257;1.1473366257064299134e-08;
2402493.4995663291775;1.0565403663065353612e-08;
2402826.8551233662292;1.0222576563023721974e-08;
2403160.210680403281;9.6082910516770425602e-09;
2403493.5662374403328;1.0231146596595408482e-08;
2403826.9217944773845;9.882398011029636109e-09;
2404160.2773515144363;1.0403326200503215659e-08;
2404493.6329085514881;1.0246849591055706696e-08;
2404826.9884655885398;9.5143146694454117096e-09;
2405160.3440226255916;9.9688488575111477985e-09;
2405493.6995796626434;1.0024008290088204376e-08;
2405827.0551366996951;1.0574353837000671774e-08;
2406160.4106937367469;1.0668206762431964307e-08;
2406493.7662507737987;1.0383516269030224066e-08;
2406827.1218078108504;1.0610527567678218475e-08;
2407160.4773648479022;1.0140087880472492543e-08;
2407493.832921884954;1.0034843178630126204e-08;
2407827.1884789220057;9.7778878327403617732e-09;
2408160.5440359590575;1.0759678481520040805e-08;
2408493.8995929961093;1.0184343146590890683e-08;
2408827.255150033161;9.9922203844471368939e-09;
2409160.6107070702128;1.0775870862289593788e-08;
2409493.9662641072646;1.0720246024220614345e-08;
2409827.3218211443163;1.021333240203148307e-08;
2410160.6773781813681;1.0688334661779208545e-08;
2410494.0329352184199;1.0103741843181524018e-08;
2410827.3884922554716;1.0283799589672071306e-08;
2411160.7440492925234;9.5915950737435196061e-09;
2411494.0996063295752;1.0293578434072969685e-08;
2411827.4551633666269;9.747035178975238523e-09;
2412160.8107204036787;1.0835761621308392932e-08;
2412494.1662774407305;1.0497855917890319688e-08;
2412827.5218344777822;1.0284449736275291798e-08;
2413160.877391514834;1.0151084417486799794e-08;
2413494.2329485518858;1.0340374778650129883e-08;
2413827.5885055889376;1.103723779039000874e-08;
2414160.9440626259893;9.9513863816014236363e-09;
2414494.2996196630411;1.0354880508600672329e-08;
2414827.6551767000929;1.0211215872857337672e-08;
2415161.0107337371446;1.0941195505154155398e-08;
2415494.3662907741964;1.0124939997524506907e-08;
2415827.7218478112482;9.7411971822225495998e-09;
2416161.0774048482999;1.1386543263824933092e-08;
2416494.4329618853517;9.8895016620303977106e-09;
2416827.7885189224035;1.0620653689841219602e-08;
2417161.1440759594552;1.0680976991750412708e-08;
2417494.499632996507;1.0484291657064659375e-08;
2417827.8551900335588;1.0337849687402922427e-08;
2418161.2107470706105;9.9748573845204191457e-09;
2418494.5663041076623;1.0962974528183622169e-08;
2418827.9218611447141;1.1446288361582901416e-08;
2419161.2774181817658;1.3497246875715518399e-08;
2419494.6329752188176;2.292348177945768839e-08;
2419827.9885322558694;5.1493938002522554598e-08;
2420161.3440892929211;2.0830167812846411834e-08;
2420494.6996463299729;1.3456171288339646708e-08;
2420828.0552033670247;1.1310048897428259806e-08;
2421161.4107604040764;1.1333936456026094675e-08;
2421494.7663174411282;1.0582399845304735209e-08;
2421828.12187447818;1.0200153610639972612e-08;
2422161.4774315152317;1.0416895790399394173e-08;
2422494.8329885522835;1.0683641527009513084e-08;
2422828.1885455893353;1.0255439164552626607e-08;
2423161.544102626387;1.0250557735957954719e-08;
2423494.8996596634388;1.0065616784515896143e-08;
2423828.2552167004906;1.0223959456823195069e-08;
2424161.6107737375423;1.1031867863664501783e-08;
2424494.9663307745941;9.758085006694727781e-09;
2424828.3218878116459;9.7149648325967064011e-09;
2425161.6774448486976;1.0121329552248425898e-08;
2425495.0330018857494;1.0036218967002241698e-08;
2425828.3885589228012;9.7224939210605043627e-09;
2426161.7441159598529;9.9298897993094215053e-09;
2426495.0996729969047;9.8213739363472996047e-09;
2426828.4552300339565;9.9673256315213620837e-09;
2427161.8107870710082;9.9524175567466954817e-09;
2427495.16634410806;9.8568246897912104032e-09;
2427828.5219011451118;1.0521081783565477963e-08;
2428161.8774581821635;9.4590522081716699176e-09;
2428495.2330152192153;9.913923015858472354e-09;
2428828.5885722562671;9.8489145727853610879e-09;
2429161.9441292933188;9.7928607445396664843e-09;
2429495.2996863303706;9.5427710178341840219e-09;
2429828.6552433674224;1.0225540414410261292e-08;
2430162.0108004044741;1.0160932539804434782e-08;
2430495.3663574415259;9.8813215387849595572e-09;
2430828.7219144785777;1.1293530555178676877e-08;
2431162.0774715156294;9.9614787529844761593e-09;
2431495.4330285526812;9.8470627207802863268e-09;
2431828.788585589733;9.8422034966461069416e-09;
2432162.1441426267847;1.1288491919003718067e-08;
2432495.4996996638365;9.9854648993868977414e-09;
2432828.8552567008883;9.7337391480323276483e-09;
2433162.21081373794;1.0050598575617186725e-08;
2433495.5663707749918;9.4827612429071450606e-09;
2433828.9219278120436;1.0044579390466878976e-08;
2434162.2774848490953;9.023101377181319549e-09;
2434495.6330418861471;9.862574756880349014e-09;
2434828.9885989231989;9.4277643469808936061e-09;
2435162.3441559602506;1.0155204677175788675e-08;
2435495.6997129973024;9.4690273400033220241e-09;
2435829.0552700343542;9.8749355359473156568e-09;
2436162.4108270714059;1.0785434767512924736e-08;
2436495.7663841084577;1.0489467960894671705e-08;
2436829.1219411455095;9.7779908614370469877e-09;
2437162.4774981825612;1.0461643107362306182e-08;
2437495.833055219613;9.8122674430101142207e-09;
2437829.1886122566648;1.0365108771281938971e-08;
2438162.5441692937165;1.0139588724200621073e-08;
2438495.8997263307683;1.0139909356610132818e-08;
2438829.2552833678201;1.0127322980224562343e-08;
2439162.6108404048719;1.0399252126092051185e-08;
2439495.9663974419236;1.0345535095268587611e-08;
2439829.3219544789754;1.0019377327807887923e-08;
2440162.6775115160272;1.1393606058618388488e-08;
2440496.0330685530789;9.8698889061665795452e-09;
2440829.3886255901307;1.0202716005380807474e-08;
2441162.7441826271825;1.2085693334995539772e-08;
2441496.0997396642342;1.6514308143200651102e-08;
2441829.455296701286;2.0880543516454963537e-08;
2442162.8108537383378;1.5475960069011307496e-08;
2442496.1664107753895;1.1378005204676355788e-08;
2442829.5219678124413;1.0840902398001617257e-08;
2443162.8775248494931;1.0463186761455745e-08;
2443496.2330818865448;1.0706432185259018297e-08;
2443829.5886389235966;1.0394667349089559139e-08;
2444162.9441959606484;1.0913571379944642104e-08;
2444496.2997529977001;1.0555904594866660773e-08;
2444829.6553100347519;9.827759051006523805e-09;
2445163.0108670718037;1.0618788515159849339e-08;
2445496.3664241088554;1.101078339615924051e-08;
2445829.7219811459072;1.0253799587189860176e-08;
2446163.077538182959;1.1115479203738232172e-08;
2446496.4330952200107;1.0999918309551048878e-08;
2446829.7886522570625;1.1061093374564734404e-08;
2447163.1442092941143;1.0904813052547979169e-08;
2447496.499766331166;1.1425977497481198952e-08;
2447829.8553233682178;1.0548952822375667893e-08;
2448163.2108804052696;1.2568769136578339385e-08;
2448496.5664374423213;1.0814159345784446487e-08;
2448829.9219944793731;1.0992944332599563495e-08;
2449163.2775515164249;1.1721548176524265727e-08;
2449496.6331085534766;1.0904908975817306782e-08;
2449829.9886655905284;1.2269862459390878939e-08;
2450163.3442226275802;2.0373624565195314062e-08;
2450496.6997796646319;3.7029170840696679079e-08;
2450830.0553367016837;1.7976558908117112878e-08;
2451163.4108937387355;1.1788931608691655128e-08;
2451496.7664507757872;1.1480321582268970815e-08;
2451830.122007812839;1.0874434686058975785e-08;
2452163.4775648498908;1.0788769877478898707e-08;
2452496.8331218869425;1.0458482968545013136e-08;
2452830.1886789239943;1.0582103193712555367e-08;
2453163.5442359610461;1.0416914442146207875e-08;
2453496.8997929980978;1.0931377580902790214e-08;
2453830.2553500351496;1.125390092227007699e-08;
2454163.6109070722014;1.1670755917236874666e-08;
2454496.9664641092531;1.2672662919044341834e-08;
2454830.3220211463049;1.4420203697795841435e-08;
2455163.6775781833567;3.2969776242453008308e-08;
2455497.0331352204084;4.2374907138764683623e-08;
2455830.3886922574602;2.4020646804956413689e-08;
2456163.744249294512;1.784820469197256898e-08;
2456497.0998063315637;1.2288155382123022719e-08;
2456830.4553633686155;1.4362460554195877194e-08;
2457163.8109204056673;1.115156411657380886e-08;
2457497.166477442719;1.0955697682391019043e-08;
2457830.5220344797708;1.0201927302944113762e-08;
2458163.8775915168226;1.052751574803778567e-08;
2458497.2331485538743;1.0314956000456731999e-08;
2458830.5887055909261;1.0099536318364243925e-08;
2459163.9442626279779;9.9700567801619399688e-09;
2459497.2998196650296;9.9215196058821675251e-09;
2459830.6553767020814;1.0039481246337800258e-08;
2460164.0109337391332;1.2177611807828725432e-08;
2460497.3664907761849;1.4886951227310873946e-08;
2460830.7220478132367;2.3885446509552821226e-08;
2461164.0776048502885;1.7962163312290613248e-08;
2461497.4331618873402;1.2475585009497081046e-08;
2461830.788718924392;1.0144524331678894669e-08;
2462164.1442759614438;1.0412633422163253272e-08;
2462497.4998329984955;1.0582214216015017882e-08;
2462830.8553900355473;1.0385650561772763467e-08;
2463164.2109470725991;1.0332911415389389731e-08;
2463497.5665041096509;1.0527922533754008327e-08;
2463830.9220611467026;1.0710928144419540331e-08;
2464164.2776181837544;1.4208524135028710589e-08;
2464497.6331752208062;1.0644095382872365008e-08;
2464830.9887322578579;1.0141317119405357516e-08;
2465164.3442892949097;1.0204437295158186316e-08;
2465497.6998463319615;1.0974922304285428254e-08;
2465831.0554033690132;1.0315844178876432125e-08;
2466164.410960406065;1.046631226131466974e-08;
2466497.7665174431168;1.0178941245442274521e-08;
2466831.1220744801685;1.0234598057934363169e-08;
2467164.4776315172203;9.9113988127896845981e-09;
2467497.8331885542721;1.0068093025950020092e-08;
2467831.1887455913238;1.0007960682401062513e-08;
2468164.5443026283756;1.627443246832172008e-08;
2468497.8998596654274;1.0809182882098866685e-08;
2468831.2554167024791;1.0169557640438142698e-08;
2469164.6109737395309;1.0472068545652746252e-08;
2469497.9665307765827;1.1505781216669674905e-08;
2469831.3220878136344;1.3908100449100402329e-08;
2470164.6776448506862;2.2485549422412987042e-08;
2470498.033201887738;1.8711723726028139936e-08;
2470831.3887589247897;1.1522225840110422723e-08;
2471164.7443159618415;1.0312383835753280437e-08;
2471498.0998729988933;1.046375697200119248e-08;
2471831.455430035945;1.0866433086675897357e-08;
2472164.8109870729968;1.1231385599330678815e-08;
2472498.1665441100486;1.0298768948757697217e-08;
2472831.5221011471003;1.0184503906884856406e-08;
2473164.8776581841521;1.0271955730445370136e-08;
2473498.2332152212039;1.0473448774916960247e-08;
2473831.5887722582556;1.0102446879045601236e-08;
2474164.9443292953074;1.0541876704905916995e-08;
2474498.2998863323592;9.9604990921875469212e-09;
2474831.6554433694109;1.05894297774966617e-08;
2475165.0110004064627;1.0176402831518771563e-08;
2475498.3665574435145;1.0203343947523535462e-08;
2475831.7221144805662;1.0246615111952905863e-08;
2476165.077671517618;1.0783558934690518072e-08;
2476498.4332285546698;1.0641103997954814986e-08;
2476831.7887855917215;1.0335707401054605725e-08;
2477165.1443426287733;1.0018392337940440484e-08;
2477498.4998996658251;1.0944482653485465562e-08;
2477831.8554567028768;1.0476116862889739423e-08;
2478165.2110137399286;1.0205727818402010598e-08;
2478498.5665707769804;1.0467765321209299145e-08;
2478831.9221278140321;1.0078020196147008392e-08;
2479165.2776848510839;9.591814453813185537e-09;
2479498.6332418881357;1.0465374344903466408e-08;
2479831.9887989251874;9.5841841130095417611e-09;
2480165.3443559622392;1.096482371565343783e-08;
2480498.699912999291;1.0649837456355726317e-08;
2480832.0554700363427;9.6362668955407571048e-09;
2481165.4110270733945;1.0583423026844229753e-08;
2481498.7665841104463;1.0790286886219746521e-08;
2481832.122141147498;9.9979624579304982035e-09;
2482165.4776981845498;1.0582176912521390477e-08;
2482498.8332552216016;9.1553404857336317946e-09;
2482832.1888122586533;1.0557610785610904713e-08;
2483165.5443692957051;9.6892458500974498747e-09;
2483498.8999263327569;9.7753458661031800148e-09;
2483832.2554833698086;1.0178977660757482226e-08;
2484165.6110404068604;1.0135421391055388085e-08;
2484498.9665974439122;9.8830055250687109947e-09;
2484832.3221544809639;9.2787040273378806887e-09;
2485165.6777115180157;9.6499546131667557347e-09;
2485499.0332685550675;1.0248415449609638017e-08;
2485832.3888255921192;9.5576027092647564132e-09;
2486165.744382629171;1.0251278048656331521e-08;
2486499.0999396662228;1.0442216868966625043e-08;
2486832.4554967032745;9.6666168403203300841e-09;
2487165.8110537403263;1.0171720354890112503e-08;
2487499.1666107773781;1.0039268971695491928e-08;
2487832.5221678144298;1.0335471145594965492e-08;
2488165.8777248514816;1.1570257640869385796e-08;
2488499.2332818885334;1.0118947457726790162e-08;
2488832.5888389255852;9.5127603572109364904e-09;
2489165.9443959626369;1.0684411577699393092e-08;
2489499.2999529996887;1.0284757046008508041e-08;
2489832.6555100367405;1.1543519917722733226e-08;
2490166.0110670737922;1.1861327031681412336e-08;
2490499.366624110844;1.3795798281535098795e-08;
2490832.7221811478958;3.16895665264382842e-08;
2491166.0777381849475;2.5195541653033615148e-08;
2491499.4332952219993;1.4415847182647212321e-08;
2491832.7888522590511;1.2658267323217842204e-08;
2492166.1444092961028;1.1195651516970883677e-08;
2492499.4999663331546;9.7560288736531219911e-09;
2492832.8555233702064;1.0139108219675563305e-08;
2493166.2110804072581;9.830816161127131636e-09;
2493499.5666374443099;1.0250215787266370171e-08;
2493832.9221944813617;1.0211017809069744544e-08;
2494166.2777515184134;1.0407494421826868347e-08;
2494499.6333085554652;1.016184292268462741e-08;
2494832.988865592517;1.2138632321523346036e-08;
2495166.3444226295687;1.0167700459362549736e-08;
2495499.6999796666205;9.2124690098671635496e-09;
2495833.0555367036723;9.5173069425413814315e-09;
2496166.411093740724;1.058794207864366399e-08;
2496499.7666507777758;9.6515142544717491546e-09;
2496833.1222078148276;9.7702121948373132909e-09;
2497166.4777648518793;9.9162225097870759782e-09;
2497499.8333218889311;9.7152721423299226444e-09;
2497833.1888789259829;1.0140603912134338316e-08;
2498166.5444359630346;9.8354622224405829911e-09;
2498499.8999930000864;9.5147489886926450708e-09;
2498833.2555500371382;1.0470579070442909142e-08;
2499166.6111070741899;9.9302379652499439544e-09;
2499499.9666641112417;1.0005306805282998539e-08;
2499833.3222211482935;9.895149588601270807e-09;
2500166.6777781853452;9.7779215835203103779e-09;
2500500.033335222397;9.3340446483125560917e-09;
2500833.3888922594488;1.0020873908445082634e-08;
2501166.7444492965005;9.8636840917265544704e-09;
2501500.1000063335523;9.9310062395829845627e-09;
2501833.4555633706041;9.5562091573242469167e-09;
2502166.8111204076558;9.655821919807294762e-09;
2502500.1666774447076;9.6064010079999206937e-09;
2502833.5222344817594;9.3664196398890453565e-09;
2503166.8777915188111;1.0160647434531711042e-08;
2503500.2333485558629;9.949078894067042711e-09;
2503833.5889055929147;9.7372963026032266498e-09;
2504166.9444626299664;1.1148038936426019063e-08;
2504500.3000196670182;9.55736734198353588e-09;
2504833.65557670407;9.404869771856283478e-09;
2505167.0111337411217;9.3131937717316759517e-09;
2505500.3666907781735;1.0066412592379947455e-08;
2505833.7222478152253;9.0777625416649243562e-09;
2506167.077804852277;1.0114290738272302406e-08;
2506500.4333618893288;1.0261999250360531732e-08;
2506833.7889189263806;9.9117114515934190422e-09;
2507167.1444759634323;9.1972687243924156064e-09;
2507500.5000330004841;9.7550518773914518533e-09;
2507833.8555900375359;9.7578798374797770521e-09;
2508167.2111470745876;9.2879508528653786925e-09;
2508500.5667041116394;9.8612407128939594259e-09;
2508833.9222611486912;9.2388541261811951699e-09;
2509167.2778181857429;9.6739043442539696116e-09;
2509500.6333752227947;9.8357046951491611253e-09;
2509833.9889322598465;9.3862189132210005482e-09;
2510167.3444892968982;9.8650527746713123634e-09;
2510500.70004633395;9.9001917774899084179e-09;
2510834.0556033710018;1.1182815562449377467e-08;
2511167.4111604080535;1.3725164116351606935e-08;
2511500.7667174451053;2.0848398563089176605e-08;
2511834.1222744821571;2.6005531950090698956e-08;
2512167.4778315192088;1.6966792415473719302e-08;
2512500.8333885562606;1.1846000624871066975e-08;
2512834.1889455933124;1.0370955649818824895e-08;
2513167.5445026303641;1.0115641657648666296e-08;
2513500.9000596674159;9.4901437819316925015e-09;
2513834.2556167044677;9.7684278443921357393e-09;
2514167.6111737415195;9.8217185495741432533e-09;
2514500.9667307785712;1.0029098440611505794e-08;
2514834.322287815623;9.8514059132526199392e-09;
2515167.6778448526748;9.8152845851018355461e-09;
2515501.0334018897265;9.1985130623584154819e-09;
2515834.3889589267783;9.8839265660899400245e-09;
2516167.7445159638301;1.0420410312406147568e-08;
2516501.1000730008818;9.7751051697514412808e-09;
2516834.4556300379336;1.0004287176457182795e-08;
2517167.8111870749854;9.8634584944079506386e-09;
2517501.1667441120371;9.2848022603675417486e-09;
2517834.5223011490889;1.0314140652667447284e-08;
2518167.8778581861407;9.848447390936598822e-09;
2518501.2334152231924;1.0011811824028882256e-08;
2518834.5889722602442;9.7209227334360548411e-09;
2519167.944529297296;1.1634216257050411514e-08;
2519501.3000863343477;1.1475663974636063358e-08;
2519834.6556433713995;1.3090433625961850339e-08;
2520168.0112004084513;2.1856379817108972929e-08;
2520501.366757445503;2.8847853883462448721e-08;
2520834.7223144825548;1.9711915655307166162e-08;
2521168.0778715196066;1.3197456461000456329e-08;
2521501.4334285566583;1.2047685515881312313e-08;
2521834.7889855937101;1.2563360130002365622e-08;
2522168.1445426307619;1.6683902259728711215e-08;
2522501.5000996678136;2.7874408559114272066e-08;
2522834.8556567048654;2.47093847605128758e-08;
2523168.2112137419172;1.1083792550437010505e-08;
2523501.5667707789689;1.0992732057957255165e-08;
2523834.9223278160207;1.0587718257681899559e-08;
2524168.2778848530725;9.92573845337574312e-09;
2524501.6334418901242;1.0129796557123427192e-08;
2524834.988998927176;9.8737213960475855856e-09;
2525168.3445559642278;9.8364818512663987349e-09;
2525501.7001130012795;1.10404956288334688e-08;
2525835.0556700383313;1.2049335751385115145e-08;
2526168.4112270753831;1.449385500507105462e-08;
2526501.7667841124348;3.0245569604403499397e-08;
2526835.1223411494866;2.2980131575423001777e-08;
2527168.4778981865384;1.3157663403262631618e-08;
2527501.8334552235901;1.1337561112156890886e-08;
2527835.1890122606419;1.0592573929102400143e-08;
2528168.5445692976937;1.0874339650968067872e-08;
2528501.9001263347454;1.0152386487050080177e-08;
2528835.2556833717972;1.0138609063403691835e-08;
2529168.611240408849;1.0374800574197706737e-08;
2529501.9667974459007;1.0594118471374258661e-08;
2529835.3223544829525;1.0153634377729758853e-08;
2530168.6779115200043;1.0830205177114748949e-08;
2530502.033468557056;1.1752538497944442497e-08;
2530835.3890255941078;1.455903042568706951e-08;
2531168.7445826311596;2.5476163401094709116e-08;
2531502.1001396682113;2.4513871821341126633e-08;
2531835.4556967052631;1.3397226439337828197e-08;
2532168.8112537423149;1.1343298744748153695e-08;
2532502.1668107793666;1.0192791499719078274e-08;
2532835.5223678164184;9.685978241691373114e-09;
2533168.8779248534702;9.9642960549317649566e-09;
2533502.2334818905219;1.0092371383052523015e-08;
2533835.5890389275737;9.7462988790653071192e-09;
2534168.9445959646255;9.7372279128649097402e-09;
2534502.3001530016772;9.994221450426721276e-09;
2534835.655710038729;1.0180193577014051698e-08;
2535169.0112670757808;9.4772154568545374786e-09;
2535502.3668241128325;9.9737711423131258925e-09;
2535835.7223811498843;9.9556176635928750329e-09;
2536169.0779381869361;1.0715444531683715468e-08;
2536502.4334952239878;9.3657943622815764684e-09;
2536835.7890522610396;9.7103072249637989444e-09;
2537169.1446092980914;1.0840617292728893517e-08;
2537502.5001663351431;1.0213673462544647919e-08;
2537835.8557233721949;1.0982462939068682317e-08;
2538169.2112804092467;1.1188632242919993587e-08;
2538502.5668374462985;1.6527019752743399295e-08;
2538835.9223944833502;2.7314193573602096876e-08;
2539169.277951520402;2.6669114916444414121e-08;
2539502.6335085574538;1.4822208349585253018e-08;
2539835.9890655945055;1.0292493080044096132e-08;
2540169.3446226315573;9.5611962791508631199e-09;
2540502.7001796686091;9.6904537727482420451e-09;
2540836.0557367056608;9.2274836660521941667e-09;
2541169.4112937427126;9.6548049555167381186e-09;
2541502.7668507797644;9.67786473182741247e-09;
2541836.1224078168161;9.8362056277778719959e-09;
2542169.4779648538679;9.8163708273091287992e-09;
2542502.8335218909197;9.4632071068190271035e-09;
2542836.1890789279714;9.5958592183364999073e-09;
2543169.5446359650232;9.5466612393124705704e-09;
2543502.900193002075;9.0848137901389236504e-09;
2543836.2557500391267;9.4815781892521044938e-09;
2544169.6113070761785;1.0045267728742146573e-08;
2544502.9668641132303;9.3838119497036132088e-09;
2544836.322421150282;9.6845491626140756125e-09;
2545169.6779781873338;9.5167056457512444467e-09;
2545503.0335352243856;9.7585992619997341535e-09;
2545836.3890922614373;9.775723341931552568e-09;
2546169.7446492984891;9.5660013244014407974e-09;
2546503.1002063355409;9.3912992937816852645e-09;
2546836.4557633725926;9.8638048839916336874e-09;
2547169.8113204096444;9.9067154479826058378e-09;
2547503.1668774466962;9.3399989964382257313e-09;
2547836.5224344837479;9.9849737367208035721e-09;
2548169.8779915207997;9.3875218709627006319e-09;
2548503.2335485578515;9.4649195148122089449e-09;
2548836.5891055949032;9.3570289294575559325e-09;
2549169.944662631955;9.292635105850877153e-09;
2549503.3002196690068;9.143414025913898513e-09;
2549836.6557767060585;8.9980121131816304114e-09;
2550170.0113337431103;1.024503148983058054e-08;
2550503.3668907801621;9.3179721716296626255e-09;
2550836.7224478172138;8.9930178859276566072e-09;
2551170.0780048542656;9.4918606308169728436e-09;
2551503.4335618913174;9.4543999296092806617e-09;
2551836.7891189283691;9.0854523904226880404e-09;
2552170.1446759654209;1.0164414199209659273e-08;
2552503.5002330024727;9.613914109252164053e-09;
2552836.8557900395244;9.4539522876857517986e-09;
2553170.2113470765762;9.4777812265078864584e-09;
2553503.566904113628;9.6518197878481259977e-09;
2553836.9224611506797;9.335635375862239016e-09;
2554170.2780181877315;9.4473113776416539622e-09;
2554503.6335752247833;9.0768370597515968257e-09;
2554836.989132261835;8.8680609522384656884e-09;
2555170.3446892988868;9.4097121206004885607e-09;
2555503.7002463359386;9.6608108179907503654e-09;
2555837.0558033729903;9.5169054858956769749e-09;
2556170.4113604100421;9.8794821212777605979e-09;
2556503.7669174470939;9.2986445210385682003e-09;
2556837.1224744841456;9.4145073958884495369e-09;
2557170.4780315211974;9.2527736583747355326e-09;
2557503.8335885582492;9.4026066932428875589e-09;
2557837.1891455953009;9.6408729888253219542e-09;
2558170.5447026323527;9.90034809689177564e-09;
2558503.9002596694045;9.8196482056778222614e-09;
2558837.2558167064562;1.2485035227882690378e-08;
2559170.611373743508;9.4894430091585491027e-09;
2559503.9669307805598;9.0548590847561172268e-09;
2559837.3224878176115;9.4409564610486995662e-09;
2560170.6780448546633;1.0034561626071081264e-08;
2560504.0336018917151;9.7895576089968017186e-09;
2560837.3891589287668;1.0094215241451820475e-08;
2561170.7447159658186;1.0686044049634801922e-08;
2561504.1002730028704;1.1814141664956423483e-08;
2561837.4558300399221;1.8368799814538760984e-08;
2562170.8113870769739;3.9433039944469783222e-08;
2562504.1669441140257;1.9002138529344847484e-08;
2562837.5225011510774;1.2745558386484390212e-08;
2563170.8780581881292;1.0581266529641197849e-08;
2563504.233615225181;9.616701213133183046e-09;
2563837.5891722622328;9.5219228057885629823e-09;
2564170.9447292992845;9.6524468418124342861e-09;
2564504.3002863363363;9.3013889923554415873e-09;
2564837.6558433733881;9.2733918322096542397e-09;
2565171.0114004104398;9.1165004434401453182e-09;
2565504.3669574474916;9.6608783195506475749e-09;
2565837.7225144845434;9.3776320042593397375e-09;
2566171.0780715215951;9.1311500582946791837e-09;
2566504.4336285586469;9.6390611048491336987e-09;
2566837.7891855956987;9.0966638666145627212e-09;
2567171.1447426327504;1.0210444045810618263e-08;
2567504.5002996698022;9.2223464420726486424e-09;
2567837.855856706854;9.7109378316417860333e-09;
2568171.2114137439057;9.7631431827949199942e-09;
2568504.5669707809575;9.3914147569762462808e-09;
2568837.9225278180093;9.3921403987451412831e-09;
2569171.278084855061;1.0181659959584976605e-08;
2569504.6336418921128;9.2482403957205860934e-09;
2569837.9891989291646;8.7724281172540941043e-09;
2570171.3447559662163;9.0819733955527226499e-09;
2570504.7003130032681;8.9523037871686028666e-09;
2570838.0558700403199;9.1756282571964220551e-09;
2571171.4114270773716;9.4004102280109691492e-09;
2571504.7669841144234;1.0743945288993472786e-08;
2571838.1225411514752;9.1277501113040671044e-09;
2572171.4780981885269;9.0240677153019532852e-09;
2572504.8336552255787;9.2941698781601189694e-09;
2572838.1892122626305;9.3516723254083444772e-09;
2573171.5447692996822;9.5264400812311578193e-09;
2573504.900326336734;9.4407246464811578335e-09;
2573838.2558833737858;9.3367837905589112779e-09;
2574171.6114404108375;9.4019299012870760635e-09;
2574504.9669974478893;9.2127772077787994931e-09;
2574838.3225544849411;9.4952294915628954186e-09;
2575171.6781115219928;8.6422566880628437502e-09;
2575505.0336685590446;9.9202477343851569458e-09;
2575838.3892255960964;9.9992263358217314817e-09;
2576171.7447826331481;1.0371993930391454342e-08;
2576505.1003396701999;1.2064713672543803114e-08;
2576838.4558967072517;1.115319037126027979e-08;
2577171.8114537443034;8.988122246478269517e-09;
2577505.1670107813552;9.4547658591181971133e-09;
2577838.522567818407;9.1952498948444372218e-09;
2578171.8781248554587;9.1754666087240366323e-09;
2578505.2336818925105;9.7256886988361657131e-09;
2578838.5892389295623;9.1316634254212658561e-09;
2579171.944795966614;9.8524619573936433881e-09;
2579505.3003530036658;8.8612557291867233289e-09;
2579838.6559100407176;9.4223002733428984357e-09;
2580172.0114670777693;9.1575120819697986008e-09;
2580505.3670241148211;1.0366492553259831766e-08;
2580838.7225811518729;1.1828636736765929527e-08;
2581172.0781381889246;2.0514949738981158589e-08;
2581505.4336952259764;2.4871869896969656111e-08;
2581838.7892522630282;1.7756446979433349043e-08;
2582172.1448093000799;1.1216971351757365483e-08;
2582505.5003663371317;1.0346480117107148544e-08;
2582838.8559233741835;9.802000100478380773e-09;
2583172.2114804112352;9.8209245180669313413e-09;
2583505.567037448287;1.001510163689545152e-08;
2583838.9225944853388;9.2840028997898116359e-09;
2584172.2781515223905;9.8370698253802402178e-09;
2584505.6337085594423;1.0856110677082142502e-08;
2584838.9892655964941;1.235923008380268584e-08;
2585172.3448226335458;1.420959705455970834e-08;
2585505.7003796705976;1.1010667044786259794e-08;
2585839.0559367076494;9.4598995303840638371e-09;
2586172.4114937447011;9.7214352123842218134e-09;
2586505.7670507817529;8.7778078139422177628e-09;
2586839.1226078188047;8.7535543258354664431e-09;
2587172.4781648558564;9.5655643406189483358e-09;
2587505.8337218929082;9.0033562827329660649e-09;
2587839.18927892996;8.9445846285229890782e-09;
2588172.5448359670117;9.1894527542990545044e-09;
2588505.9003930040635;9.5576524472562596202e-09;
2588839.2559500411153;9.1929077683516879915e-09;
2589172.6115070781671;9.0011740283557628572e-09;
2589505.9670641152188;8.4713187575857773481e-09;
2589839.3226211522706;9.0474019387443149753e-09;
2590172.6781781893224;9.1003400370937015396e-09;
2590506.0337352263741;9.0033882571560752694e-09;
2590839.3892922634259;9.6846335395639471244e-09;
2591172.7448493004777;9.8789616487238163245e-09;
2591506.1004063375294;9.3099874476365584997e-09;
2591839.4559633745812;9.4436272135567378427e-09;
2592172.811520411633;9.2242427029987084097e-09;
2592506.1670774486847;9.7331920301257923711e-09;
2592839.5226344857365;9.2492147274469971308e-09;
2593172.8781915227883;9.2913285953954982688e-09;
2593506.23374855984;9.5650261044966100599e-09;
2593839.5893055968918;9.0292688881277172186e-09;
2594172.9448626339436;1.0397132932382646686e-08;
2594506.3004196709953;1.4077292220804338285e-08;
2594839.6559767080471;1.4807035597641515778e-08;
2595173.0115337450989;9.8471666376553912414e-09;
2595506.3670907821506;1.0221948620880993985e-08;
2595839.7226478192024;9.4804786243685157388e-09;
2596173.0782048562542;9.6503107727130554849e-09;
2596506.4337618933059;1.0873116629284140799e-08;
2596839.7893189303577;1.0665733185533099459e-08;
2597173.1448759674095;1.3100809326260787202e-08;
2597506.5004330044612;2.6502194216959651385e-08;
2597839.855990041513;4.4610327876171140815e-08;
2598173.2115470785648;1.6598393770550501358e-08;
2598506.5671041156165;1.2484574263282866013e-08;
2598839.9226611526683;1.0772009950699157343e-08;
2599173.2782181897201;1.0253925708525457594e-08;
2599506.6337752267718;9.3404093348681271891e-09;
2599839.9893322638236;9.6083585532369397697e-09;
2600173.3448893008754;9.8424104422178970708e-09;
2600506.7004463379271;1.0330733601904285024e-08;
2600840.0560033749789;1.0503075742462897324e-08;
2601173.4115604120307;1.4679401694195348682e-08;
2601506.7671174490824;2.4115356822562716843e-08;
2601840.1226744861342;2.028630241568407655e-08;
2602173.478231523186;1.2078837485773874505e-08;
2602506.8337885602377;9.7356718242735951208e-09;
2602840.1893455972895;9.645701126714811835e-09;
2603173.5449026343413;9.4214565038441833167e-09;
2603506.900459671393;9.4109688930643642379e-09;
2603840.2560167084448;8.8910692142007974326e-09;
2604173.6115737454966;9.2919165695093397517e-09;
2604506.9671307825483;9.4449879028957184346e-09;
2604840.3226878196001;9.4088363766786642373e-09;
2605173.6782448566519;9.1429157578204467427e-09;
2605507.0338018937036;9.1985130623584154819e-09;
2605840.3893589307554;9.0449701062311760325e-09;
2606173.7449159678072;9.5329024674128959305e-09;
2606507.1004730048589;9.5879899575379567978e-09;
2606840.4560300419107;9.5548156053837374202e-09;
2607173.8115870789625;1.0329173072420871904e-08;
2607507.1671441160142;1.1241689357177619968e-08;
2607840.522701153066;1.0902074798480043683e-08;
2608173.8782581901178;9.4593346489091345575e-09;
2608507.2338152271695;9.426919689303758787e-09;
2608840.5893722642213;9.0083398518459034676e-09;
2609173.9449293012731;8.988406463572573557e-09;
2609507.3004863383248;9.1608587382552286726e-09;
2609840.6560433753766;8.813454854816882289e-09;
2610174.0116004124284;9.1047054340265276551e-09;
2610507.3671574494801;8.9813667614180303644e-09;
2610840.7227144865319;9.2930916295586030174e-09;
2611174.0782715235837;9.3105114729041815735e-09;
2611507.4338285606354;9.8801935521919403982e-09;
2611840.7893855976872;9.3731520323103723058e-09;
2612174.144942634739;9.4274001938288165547e-09;
2612507.5004996717907;9.3173175841343436332e-09;
2612840.8560567088425;8.8244700435780032421e-09;
2613174.2116137458943;9.3579330950888106599e-09;
2613507.5671707829461;9.3670617928864885471e-09;
2613840.9227278199978;9.7586685399164707633e-09;
2614174.2782848570496;9.6160759355257141578e-09;
2614507.6338418941014;9.3319130201052757911e-09;
2614840.9893989311531;9.704730352666501858e-09;
2615174.3449559682049;8.9919440782182391558e-09;
2615507.7005130052567;9.5742223038541851565e-09;
2615841.0560700423084;9.7487129480100520595e-09;
2616174.4116270793602;9.222833163846644311e-09;
2616507.767184116412;9.1664125179136135557e-09;
2616841.1227411534637;9.2507583815404359484e-09;
2617174.4782981905155;8.6281186639780571568e-09;
2617507.8338552275673;9.7141459320937428856e-09;
2617841.189412264619;9.1897103260407675407e-09;
2618174.5449693016708;9.2682128638443828095e-09;
2618507.9005263387226;9.3496019815120234853e-09;
2618841.2560833757743;9.3740739615100210358e-09;
2619174.6116404128261;9.4644212467187571747e-09;
2619507.9671974498779;8.7797200620798321324e-09;
2619841.3227544869296;8.8988354463026553276e-09;
2620174.6783115239814;1.0057609856062299514e-08;
2620508.0338685610332;9.8398524883691607101e-09;
2620841.3894255980849;9.2211482893844731734e-09;
2621174.7449826351367;9.1148351089032075834e-09;
2621508.1005396721885;9.1414227298969308322e-09;
2621841.4560967092402;8.6584259761934845301e-09;
2622174.811653746292;9.3196748096602277656e-09;
2622508.1672107833438;9.4378229675839975243e-09;
2622841.5227678203955;1.1465809635069490469e-08;
2623174.8783248574473;9.143477974760116922e-09;
2623508.2338818944991;9.3672429812841073726e-09;
2623841.5894389315508;9.1016509884411789244e-09;
2624174.9449959686026;1.0160647434531711042e-08;
2624508.3005530056544;9.8347543442400819913e-09;
2624841.6561100427061;8.905043813456359203e-09;
2625175.0116670797579;9.0103338123981302488e-09;
2625508.3672241168097;9.1438154825596029696e-09;
2625841.7227811538614;9.6963628237745069782e-09;
2626175.0783381909132;8.9229583721817107289e-09;
2626508.433895227965;8.9804039760110754287e-09;
2626841.7894522650167;1.0712565057247047662e-08;
2627175.1450093020685;9.2285858954710420221e-09;
2627508.5005663391203;9.5646059961040919006e-09;
2627841.856123376172;9.5632621821550856112e-09;
2628175.2116804132238;9.6138297323022925411e-09;
2628508.5672374502756;9.2154959219215015764e-09;
2628841.9227944873273;9.0109200101551323314e-09;
2629175.2783515243791;8.7771292456295668671e-09;
2629508.6339085614309;9.1031218119042023318e-09;
2629841.9894655984826;8.685680619180402573e-09;
2630175.3450226355344;9.2187670830412571377e-09;
2630508.7005796725862;9.9314068080502693192e-09;
2630842.0561367096379;9.2994776323962469178e-09;
2631175.4116937466897;9.3927017275063917623e-09;
2631508.7672507837415;9.9575947487551275117e-09;
2631842.1228078207932;1.0032128905379522621e-08;
2632175.478364857845;1.141375971513980403e-08;
2632508.8339218948968;1.0902438063453701034e-08;
2632842.1894789319485;1.2992400932887449017e-08;
2633175.5450359690003;3.5712023560563466162e-08;
2633508.9005930060521;3.389092739780608099e-08;
2633842.2561500431038;1.4248642266068145545e-08;
2634175.6117070801556;1.1629312623995247122e-08;
2634508.9672641172074;1.0728422594752373698e-08;
2634842.3228211542591;9.7614458738348730549e-09;
2635175.6783781913109;9.1272216451443455298e-09;
2635509.0339352283627;9.395919597920965316e-09;
2635842.3894922654144;9.4221350721568342124e-09;
2636175.7450493024662;1.082170353328137935e-08;
2636509.100606339518;9.4593008981291859527e-09;
2636842.4561633765697;9.7908650076306003029e-09;
2637175.8117204136215;9.5740375627428875305e-09;
2637509.1672774506733;9.8843431217687793833e-09;
2637842.522834487725;9.4025738306413586542e-09;
2638175.8783915247768;9.2857161959614131774e-09;
2638509.2339485618286;9.3609751061762835889e-09;
2638842.5895055988804;9.9853947332917414315e-09;
2639175.9450626359321;9.1256504575198960083e-09;
2639509.3006196729839;9.6046459674425932462e-09;
2639842.6561767100357;9.5076817530070911744e-09;
2640176.0117337470874;1.2893471179609150568e-08;
2640509.3672907841392;9.6993444387294402986e-09;
2640842.722847821191;9.4908436665264162002e-09;
2641176.0784048582427;1.0186508525578119588e-08;
2641509.4339618952945;9.9248671503460172971e-09;
2641842.7895189323463;9.6596055598752172955e-09;
2642176.145075969398;9.7015773192765664135e-09;
2642509.5006330064498;1.0137237715923674841e-08;
2642842.8561900435016;1.0261656413490527484e-08;
2643176.2117470805533;9.9581018986327762832e-09;
2643509.5673041176051;1.0290486684993993549e-08;
2643842.9228611546569;1.0246795412172104989e-08;
2644176.2784181917086;2.1099387126355395594e-08;
2644509.6339752287604;1.1109563935463029338e-08;
2644842.9895322658122;1.0336560940515937546e-08;
2645176.3450893028639;1.0696111552022102842e-08;
2645509.7006463399157;1.0006202977308475965e-08;
2645843.0562033769675;9.6938936877677406301e-09;
2646176.4117604140192;1.0374764158882499032e-08;
2646509.767317451071;1.0366783875781493407e-08;
2646843.1228744881228;1.027148588406134877e-08;
2647176.4784315251745;1.0320448495804157574e-08;
2647509.8339885622263;1.0136489869694287336e-08;
2647843.1895455992781;1.0821551654771610629e-08;
2648176.5451026363298;1.5595498226161907951e-08;
2648509.9006596733816;1.0377334547229111195e-08;
2648843.2562167104334;1.0907227121492724109e-08;
2649176.6117737474851;1.2707283225665833015e-08;
2649509.9673307845369;1.680677819138054474e-08;
2649843.3228878215887;1.8849300786882849934e-08;
2650176.6784448586404;1.3580133462198773486e-08;
2650510.0340018956922;1.1407045086286871083e-08;
2650843.389558932744;1.1390263843225056917e-08;
2651176.7451159697957;1.2351372369323598832e-08;
2651510.1006730068475;1.1062511795500995504e-08;
2651843.4562300438993;1.0660150984165284171e-08;
2652176.811787080951;1.204724053849304255e-08;
2652510.1673441180028;1.0334980871107291023e-08;
2652843.5229011550546;9.9224086724802873505e-09;
2653176.8784581921063;9.9607788683897524606e-09;
2653510.2340152291581;1.3220731176488698111e-08;
2653843.5895722662099;1.0749948486932225933e-08;
2654176.9451293032616;1.0195584820849035168e-08;
2654510.3006863403134;1.0484880519356920558e-08;
2654843.6562433773652;9.7755004091482078366e-09;
2655177.0118004144169;1.012531303246078096e-08;
2655510.3673574514687;1.0728988364405722677e-08;
2655843.7229144885205;1.037616748078562523e-08;
2656177.0784715255722;1.3072301463523672282e-08;
2656510.434028562624;1.0533490524267108412e-08;
2656843.7895855996758;1.0036412589897736325e-08;
2657177.1451426367275;1.037219465871430657e-08;
2657510.5006996737793;1.2365831913996316871e-08;
2657843.8562567108311;1.0450548870721831918e-08;
2658177.2118137478828;9.970582581786402443e-09;
2658510.5673707849346;1.05468780375872484e-08;
2658843.9229278219864;9.8133536852174074738e-09;
2659177.2784848590381;1.0027124908162932115e-08;
2659510.6340418960899;1.0355735824418843549e-08;
2659843.9895989331417;1.0456608912079445872e-08;
2660177.3451559701934;1.0854356524703234754e-08;
2660510.7007130072452;1.0287829255162250774e-08;
2660844.056270044297;9.8489492117437293928e-09;
2661177.4118270813487;1.0293650376524965395e-08;
2661510.7673841184005;1.1590845616638034699e-08;
2661844.1229411554523;9.7712424818041654362e-09;
2662177.478498192504;1.0154704632725497504e-08;
2662510.8340552295558;9.3279464152828950319e-09;
2662844.1896122666076;9.6678567373942314589e-09;
2663177.5451693036593;9.4229291036640461243e-09;
2663510.9007263407111;9.4962304686418974597e-09;
2663844.2562833777629;9.9241175277597903914e-09;
2664177.6118404148147;1.0932031280219689506e-08;
2664510.9673974518664;9.5939212130247142341e-09;
2664844.3229544889182;1.0152225726756114454e-08;
2665177.67851152597;9.9435055744834244251e-09;
2665511.0340685630217;1.0236342440350654215e-08;
2665844.3896256000735;9.124159205953219498e-09;
2666177.7451826371253;8.3776239279131914373e-09;
2666511.100739674177;9.2774001814177609049e-09;
2666844.4562967112288;9.4566763308989720827e-09;
2667177.8118537482806;9.3485184038399893325e-09;
2667511.1674107853323;9.5842516145694389706e-09;
2667844.5229678223841;1.0377352310797505197e-08;
2668177.8785248594359;1.0762306601463933475e-08;
2668511.2340818964876;1.367483903891297814e-08;
2668844.5896389335394;3.3110296726590604521e-08;
2669177.9451959705912;2.0808297307439715951e-08;
2669511.3007530076429;1.2930830628476996935e-08;
2669844.6563100446947;1.0435285524579285266e-08;
2670178.0118670817465;1.0268725425532920781e-08;
2670511.3674241187982;9.9306918244224107184e-09;
2670844.72298115585;9.4836600794678815873e-09;
2671178.0785381929018;9.0800433838467142778e-09;
2671511.4340952299535;9.2611163182709788089e-09;
2671844.7896522670053;1.1773988006780200521e-08;
2672178.1452093040571;1.0470854405753016181e-08;
2672511.5007663411088;9.652091570444554236e-09;
2672844.8563233781606;8.9872536079838027945e-09;
2673178.2118804152124;9.0067100444457537378e-09;
2673511.5674374522641;9.0414911113612106419e-09;
2673844.9229944893159;8.7052489661232357321e-09;
2674178.2785515263677;9.0711944622512419301e-09;
2674511.6341085634194;8.9320550955562794115e-09;
2674844.9896656004712;1.0606465039586510102e-08;
2675178.345222637523;9.3693159897156874649e-09;
2675511.7007796745747;1.1495881580003697309e-08;
2675845.0563367116265;1.9033576492688553117e-08;
2676178.4118937486783;2.5836094152964506065e-08;
2676511.76745078573;1.8770524690125967027e-08;
2676845.1230078227818;1.1603130900539326831e-08;
2677178.4785648598336;9.3566017156376801722e-09;
2677511.8341218968853;9.4510959058879961958e-09;
2677845.1896789339371;8.9018845628174858575e-09;
2678178.5452359709889;8.8157463551397086121e-09;
2678511.9007930080406;8.5627664958565219422e-09;
2678845.2563500450924;8.4818916334938876389e-09;
2679178.6119070821442;9.0452880741054286773e-09;
2679511.9674641191959;8.9389455837363129831e-09;
2679845.3230211562477;8.9056229057860036846e-09;
2680178.6785781932995;8.8550775600992892578e-09;
2680512.0341352303512;8.6120222064778317872e-09;
2680845.389692267403;8.6876337235253231484e-09;
2681178.7452493044548;8.3071611811647017021e-09;
2681512.1008063415065;8.7205700438630628923e-09;
2681845.4563633785583;9.0387599627206327568e-09;
2682178.8119204156101;8.8652729601790269953e-09;
2682512.1674774526618;8.9976799344526625646e-09;
2682845.5230344897136;8.9146388049243796559e-09;
2683178.8785915267654;8.4387314913669797534e-09;
2683512.2341485638171;8.5430391649765624607e-09;
2683845.5897056008689;8.5049594034103392914e-09;
2684178.9452626379207;8.9458422891652844555e-09;
2684512.3008196749724;8.7508640334021947638e-09;
2684845.6563767120242;8.8397840158904728014e-09;
2685179.011933749076;8.8165359457548220234e-09;
2685512.3674907861277;8.5075742006779364601e-09;
2685845.7230478231795;8.5849229947143612662e-09;
2686179.0786048602313;8.2996933770118630491e-09;
2686512.434161897283;8.7311313734517170815e-09;
2686845.7897189343348;9.63141033594183682e-09;
2687179.1452759713866;8.731837475295378681e-09;
2687512.5008330084383;8.8603684389454429038e-09;
2687845.8563900454901;9.0980858402645026217e-09;
2688179.2119470825419;8.8413214527349737182e-09;
2688512.5675041195937;8.2241919940884145035e-09;
2688845.9230611566454;8.6602209847796984832e-09;
2689179.2786181936972;8.7306561979971775145e-09;
2689512.634175230749;8.4533011701637406077e-09;
2689845.9897322678007;9.1348244524169786018e-09;
2690179.3452893048525;9.2484029323713912163e-09;
2690512.7008463419043;8.0116011602626713284e-09;
2690846.056403378956;8.8631235684033526923e-09;
2691179.4119604160078;9.3324707961528474698e-09;
2691512.7675174530596;8.4882714190825936384e-09;
2691846.1230744901113;8.8753546734210431168e-09;
2692179.4786315271631;9.1296108450933388667e-09;
2692512.8341885642149;8.7392804104524657305e-09;
2692846.1897456012666;8.2760189812347562111e-09;
2693179.5453026383184;8.4036697600708976097e-09;
2693512.9008596753702;8.9453395801797341846e-09;
2693846.2564167124219;8.851313459956600127e-09;
2694179.6119737494737;8.8253688801387397689e-09;
2694512.9675307865255;8.7705478435395889392e-09;
2694846.3230878235772;8.894568637174415926e-09;
2695179.678644860629;8.5651139514197893732e-09;
2695513.0342018976808;8.9656975177376807551e-09;
2695846.3897589347325;8.8485307969676796347e-09;
2696179.7453159717843;1.0071330436289827048e-08;
2696513.1008730088361;1.0040239750708224165e-08;
2696846.4564300458878;9.6889731793226019363e-09;
2697179.8119870829396;8.5727913656796772557e-09;
2697513.1675441199914;8.4397839827943244018e-09;
2697846.5231011570431;8.5703062424613563053e-09;
2698179.8786581940949;8.4707680869655632705e-09;
2698513.2342152311467;8.8211686843919778767e-09;
2698846.5897722681984;9.0864258339706793777e-09;
2699179.9453293052502;8.5314306730310818239e-09;
2699513.300886342302;8.4397244748402044934e-09;
2699846.6564433793537;8.9006801928803724877e-09;
2700180.0120004164055;8.5251983250600460451e-09;
2700513.3675574534573;8.2925950550816196483e-09;
2700846.723114490509;8.348387758871922415e-09;
2701180.0786715275608;8.5847871034161471471e-09;
2701513.4342285646126;8.5608116151547619666e-09;
2701846.7897856016643;8.5224725054899863608e-09;
2702180.1453426387161;8.0225861509575224773e-09;
2702513.5008996757679;8.5966496143896620197e-09;
2702846.8564567128196;8.6272251564878388308e-09;
2703180.2120137498714;9.1517859956979918934e-09;
2703513.5675707869232;9.0605718483516284323e-09;
2703846.9231278239749;1.0031089736628473474e-08;
2704180.2786848610267;1.3982206503726501978e-08;
2704513.6342418980785;2.295511691841056745e-08;
2704846.9897989351302;1.4116841029476745462e-08;
2705180.345355972182;1.0327720900704662199e-08;
2705513.7009130092338;8.6582279124058914022e-09;
2705847.0564700462855;8.8971319200936704874e-09;
2706180.4120270833373;9.2522540739992109593e-09;
2706513.7675841203891;8.4738047689825179987e-09;
2706847.1231411574408;8.3273690165697189514e-09;
2707180.4786981944926;8.3521580762635494466e-09;
2707513.8342552315444;8.6219822392763489916e-09;
2707847.1898122685961;8.2860864836220571306e-09;
2708180.5453693056479;8.842937049280408246e-09;
2708513.9009263426997;8.2499918008238637412e-09;
2708847.2564833797514;7.4255570581271967967e-09;
2709180.6120404168032;8.8481888482760950865e-09;
2709513.967597453855;8.2962818837017948681e-09;
2709847.3231544909067;8.5444646913401811616e-09;
2710180.6787115279585;8.3153963714721612632e-09;
2710514.0342685650103;8.8153440103155844554e-09;
2710847.389825602062;8.983165322717923118e-09;
2711180.7453826391138;8.3671958250874922669e-09;
2711514.1009396761656;9.0260181551116147602e-09;
2711847.4564967132173;8.5519733517003260204e-09;
2712180.8120537502691;8.2518187838331868988e-09;
2712514.1676107873209;8.9945189074569498189e-09;
2712847.5231678243726;8.278592922295047174e-09;
2713180.8787248614244;8.9039486894648689486e-09;
2713514.2342818984762;8.8444283008470847562e-09;
2713847.589838935528;1.2255300774199895386e-08;
2714180.9453959725797;1.599173415911536722e-08;
2714514.3009530096315;1.331774956980780189e-08;
2714847.6565100466833;9.6549399586365325376e-09;
2715181.012067083735;9.4091010538477348746e-09;
2715514.3676241207868;9.479530049816276005e-09;
2715847.7231811578386;8.4486400098171543505e-09;
2716181.0787381948903;8.7327727271713229129e-09;
2716514.4342952319421;8.0874240637740513193e-09;
2716847.7898522689939;8.7278957394687495253e-09;
2717181.1454093060456;9.0021545773311117955e-09;
2717514.5009663430974;8.6375218089074223826e-09;
2717847.8565233801492;9.2098639825621830823e-09;
2718181.2120804172009;8.347097235628098133e-09;
2718514.5676374542527;8.6152907030623282481e-09;
2718847.9231944913045;8.3727984545589606569e-09;
2719181.2787515283562;8.5928899551390713896e-09;
2719514.634308565408;9.1317442496574585675e-09;
2719847.9898656024598;9.0227363358508227975e-09;
2720181.3454226395115;1.046375697200119248e-08;
2720514.7009796765633;1.3614745775214487367e-08;
2720848.0565367136151;1.9321213073908438673e-08;
2721181.4120937506668;1.7159864640348132525e-08;
2721514.7676507877186;1.0553439011573573225e-08;
2721848.1232078247704;9.5069800920555280754e-09;
2722181.4787648618221;8.4243483300383559254e-09;
2722514.8343218988739;8.4922238130502591957e-09;
2722848.1898789359257;9.3531999922902286926e-09;
2723181.5454359729774;8.1849877986428509757e-09;
2723514.9009930100292;8.8584384272394345317e-09;
2723848.256550047081;8.2294953074324439513e-09;
2724181.6121070841327;8.2613480500981495425e-09;
2724514.9676641211845;8.3195166311611501442e-09;
2724848.3232211582363;8.2240756427154337871e-09;
2725181.678778195288;8.609964297079386597e-09;
2725515.0343352323398;8.2540516643803130137e-09;
2725848.3898922693916;8.8496348027433668904e-09;
2726181.7454493064433;8.1852036259988381062e-09;
2726515.1010063434951;8.6109928076893993421e-09;
2726848.4565633805469;8.5662277271580933302e-09;
2727181.8121204175986;8.8795966135535309149e-09;
2727515.1676774546504;8.7273743787363855517e-09;
2727848.5232344917022;8.542828666691093531e-09;
2728181.8787915287539;8.8049896262987203954e-09;
2728515.2343485658057;8.2916482568862193148e-09;
2728848.5899056028575;8.6388567410722316708e-09;
2729181.9454626399092;8.6092084572442217905e-09;
2729515.301019676961;8.8163503164651046973e-09;
2729848.6565767140128;7.9697413113422044262e-09;
2730182.0121337510645;8.4163609415099926991e-09;
2730515.3676907881163;8.8153440103155844554e-09;
2730848.7232478251681;7.8987953955333978229e-09;
2731182.0788048622198;8.3712095033661171328e-09;
2731515.4343618992716;8.8104510354014564655e-09;
2731848.7899189363234;8.6540463684059432126e-09;
2732182.1454759733751;8.0022468651463896094e-09;
2732515.5010330104269;8.3771380943176154688e-09;
2732848.8565900474787;8.6882900873774815409e-09;
2733182.2121470845304;8.3603053369074586954e-09;
2733515.5677041215822;8.6320754988378212147e-09;
2733848.923261158634;8.3596001232422167959e-09;
2734182.2788181956857;8.2309847826422810613e-09;
2734515.6343752327375;8.5871549870830676809e-09;
2734848.9899322697893;8.2047106886307119566e-09;
2735182.345489306841;8.5936147087295466918e-09;
2735515.7010463438928;8.4782572074004747265e-09;
2735849.0566033809446;8.4038473957548376347e-09;
2736182.4121604179963;8.5849833908469008747e-09;
2736515.7677174550481;8.017669195226062584e-09;
2736849.1232744920999;8.6333802329363606987e-09;
2737182.4788315291516;8.4660074506359705993e-09;
2737515.8343885662034;8.7696232498046811088e-09;
2737849.1899456032552;8.3886249058195971884e-09;
2738182.5455026403069;8.4876603523298399523e-09;
2738515.9010596773587;8.5625559975710530125e-09;
2738849.2566167144105;1.0599721989024146751e-08;
2739182.6121737514623;8.7912024326897153514e-09;
2739515.967730788514;1.0174614928359915211e-08;
2739849.3232878255658;1.5553609955532010645e-08;
2740182.6788448626176;1.8642328569740129751e-08;
2740516.0344018996693;1.1941591715469712653e-08;
2740849.3899589367211;1.0441171482966637996e-08;
2741182.7455159737729;9.3799226164037463604e-09;
2741516.1010730108246;1.051042186617223706e-08;
2741849.4566300478764;1.5509353801235192805e-08;
2742182.8121870849282;1.8910261800897387729e-08;
2742516.1677441219799;1.310490649331086388e-08;
2742849.5233011590317;9.0714973310923596728e-09;
2743182.8788581960835;9.373876785900847608e-09;
2743516.2344152331352;8.7618010624623821059e-09;
2743849.589972270187;9.1968654913898717496e-09;
2744182.9455293072388;1.1399392541022734804e-08;
2744516.3010863442905;1.8845096150243989541e-08;
2744849.6566433813423;1.925842063599247922e-08;
2745183.0122004183941;1.1525242094023724349e-08;
2745516.3677574554458;9.5062286931124617695e-09;
2745849.7233144924976;8.3413365103979231208e-09;
2746183.0788715295494;8.8065208458942834113e-09;
2746516.4344285666011;8.874746271203548531e-09;
2746849.7899856036529;8.1210229652128873568e-09;
2747183.1455426407047;8.3406623829773707257e-09;
2747516.5010996777564;8.5394376014846784528e-09;
2747849.8566567148082;8.3204225731492442719e-09;
2748183.21221375186;8.550155250475199864e-09;
2748516.5677707889117;8.0125444057443928614e-09;
2748849.9233278259635;8.6658218378943274729e-09;
2749183.2788848630153;8.3821731777788954787e-09;
2749516.634441900067;8.5982501119019616453e-09;
2749849.9899989371188;8.0250250888980190211e-09;
2750183.3455559741706;8.3417903695703898848e-09;
2750516.7011130112223;8.389480221637768409e-09;
2750850.0566700482741;8.7527549652577363304e-09;
2751183.4122270853259;8.1838082977014892094e-09;
2751516.7677841223776;8.5884526157542495639e-09;
2751850.1233411594294;8.6038864921533786401e-09;
2752183.4788981964812;8.9861016405734517321e-09;
2752516.8344552335329;8.6502920382258707832e-09;
2752850.1900122705847;9.1002920754590377328e-09;
2753183.5455693076365;8.4780635845049800992e-09;
2753516.9011263446882;7.7993664859832279035e-09;
2753850.25668338174;8.7502947110351669835e-09;
2754183.6122404187918;8.1822415509691381885e-09;
2754516.9677974558435;8.5018969642192132596e-09;
2754850.3233544928953;8.6035232271797212888e-09;
2755183.6789115299471;8.5169356012215757801e-09;
2755517.0344685669988;8.1870297208297415636e-09;
2755850.3900256040506;8.523835859364226053e-09;
2756183.7455826411024;8.3838811448799788195e-09;
2756517.1011396781541;7.9321544887989148265e-09;
2756850.4566967152059;7.98381094568867411e-09;
2757183.8122537522577;8.4355891161180807103e-09;
2757517.1678107893094;8.4746378803401967161e-09;
2757850.5233678263612;7.880583297037446755e-09;
2758183.878924863413;8.399891449073493277e-09;
2758517.2344819004647;8.6314697611555857293e-09;
2758850.5900389375165;8.3716802379285581992e-09;
2759183.9455959745683;8.3217965851645203657e-09;
2759517.30115301162;8.3804057027236922295e-09;
2759850.6567100486718;8.4850064752117759781e-09;
2760184.0122670857236;8.6384623898538848152e-09;
2760517.3678241227753;8.3854132526539615355e-09;
2760850.7233811598271;8.4271905009813963261e-09;
2761184.0789381968789;8.3647417881138608209e-09;
2761517.4344952339306;8.6669782461967770359e-09;
2761850.7900522709824;8.3549611673561230418e-09;
2762184.1456093080342;8.1439530674742854899e-09;
2762517.5011663450859;8.1822557618238533905e-09;
2762850.8567233821377;8.7384819380531553179e-09;
2763184.2122804191895;8.3835276498689381697e-09;
2763517.5678374562413;8.750156155201693764e-09;
2763850.923394493293;8.3750633095291959762e-09;
2764184.2789515303448;9.0455110068887734087e-09;
2764517.6345085673966;8.4598381633327335294e-09;
2764850.9900656044483;8.3810389739369384188e-09;
2765184.3456226415001;8.0352240416914355592e-09;
2765517.7011796785519;8.0424689130609294807e-09;
2765851.0567367156036;8.0565394355858188646e-09;
2766184.4122937526554;8.4048661364022336784e-09;
2766517.7678507897072;8.3621705115888289583e-09;
2766851.1234078267589;8.3825266727899361285e-09;
2767184.4789648638107;7.9366566652083747613e-09;
2767517.8345219008625;8.5609022093535713793e-09;
2767851.1900789379142;8.0431048488094347704e-09;
2768184.545635974966;9.0080076731169356208e-09;
2768517.9011930120178;8.3997884203768080624e-09;
2768851.2567500490695;8.4574898195910463983e-09;
2769184.6123070861213;8.3269444672851022915e-09;
2769517.9678641231731;8.21480572454902358e-09;
2769851.3234211602248;8.4885547479984779784e-09;
2770184.6789781972766;8.5131359739420986443e-09;
2770518.0345352343284;8.5229521218366244284e-09;
2770851.3900922713801;8.612808244379266398e-09;
2771184.7456493084319;8.2563138548152892326e-09;
2771518.1012063454837;8.2905122766874228546e-09;
2771851.4567633825354;8.5820728301655435644e-09;
2772184.8123204195872;8.2825062364122459257e-09;
2772518.167877456639;8.1962543418967470643e-09;
2772851.5234344936907;8.3374978032679791795e-09;
2773184.8789915307425;8.2011508695245538547e-09;
2773518.2345485677943;9.1170129223883122904e-09;
2773851.590105604846;8.2932798406432084448e-09;
2774184.9456626418978;9.0091472060294108815e-09;
2774518.3012196789496;8.7984179941713591688e-09;
2774851.6567767160013;8.5672056115981831681e-09;
2775185.0123337530531;1.0064679756283112511e-08;
2775518.3678907901049;1.7845852795517203049e-08;
2775851.7234478271566;1.9805808548767345201e-08;
2776185.0790048642084;1.1216636508493138535e-08;
2776518.4345619012602;9.2659657724425414926e-09;
2776851.7901189383119;8.9017753168718627421e-09;
2777185.1456759753637;8.9041991557792243839e-09;
2777518.5012330124155;8.9500860056546116539e-09;
2777851.8567900494672;9.035711734384221927e-09;
2778185.212347086519;9.6201651089700135344e-09;
2778518.5679041235708;1.3758574723965466546e-08;
2778851.9234611606225;1.8933562273559800815e-08;
2779185.2790181976743;1.2546399474899772031e-08;
2779518.6345752347261;1.0260178484600146476e-08;
2779851.9901322717778;8.9173637363160196401e-09;
2780185.3456893088296;8.5948821393344587705e-09;
2780518.7012463458814;9.1271568081197074207e-09;
2780852.0568033829331;8.3131910244560458523e-09;
2781185.4123604199849;8.3345250700972428604e-09;
2781518.7679174570367;8.7823117667085170979e-09;
2781852.1234744940884;9.0363938554105516232e-09;
2782185.4790315311402;8.7038571905395656358e-09;
2782518.834588568192;9.1176861616304449853e-09;
2782852.1901456052437;8.867873546591908962e-09;
2783185.5457026422955;8.6854514691481199407e-09;
2783518.9012596793473;8.3313338450352603104e-09;
2783852.256816716399;8.9375484790821246861e-09;
2784185.6123737534508;9.1628864495874040585e-09;
2784518.9679307905026;8.7703471152167367109e-09;
2784852.3234878275543;9.352444152455063886e-09;
2785185.6790448646061;8.8711766821347737277e-09;
2785519.0346019016579;8.9972536088112065045e-09;
2785852.3901589387096;8.7947089610906914459e-09;
2786185.7457159757614;8.8723774993582082971e-09;
2786519.1012730128132;8.5972535757150581048e-09;
2786852.4568300498649;8.3304412257234616845e-09;
2787185.8123870869167;8.9834175653891179536e-09;
2787519.1679441239685;9.3102334730588154343e-09;
2787852.5235011610202;9.5528349675078061409e-09;
2788185.879058198072;8.8686373800328510697e-09;
2788519.2346152351238;9.3644452192620519781e-09;
2788852.5901722721756;9.6642729374707414536e-09;
2789185.9457293092273;9.0332834545847617846e-09;
2789519.3012863462791;9.2018908048885350581e-09;
2789852.6568433833309;1.0022739971304872597e-08;
2790186.0124004203826;1.3295355039133482933e-08;
2790519.3679574574344;2.070077620430765819e-08;
2790852.7235144944862;1.8358477404945006128e-08;
2791186.0790715315379;1.2298693619072764704e-08;
2791519.4346285685897;1.0024518992679531948e-08;
2791852.7901856056415;9.9598862490779538348e-09;
2792186.1457426426932;1.0461808308548370405e-08;
2792519.501299679745;9.5802787924981203105e-09;
2792852.8568567167968;9.3068317497113639547e-09;
2793186.2124137538485;9.1965581816566555062e-09;
2793519.5679707909003;8.887852231964643579e-09;
2793852.9235278279521;9.4024912300483265426e-09;
2794186.2790848650038;8.7947089610906914459e-09;
2794519.6346419020556;9.3738110606977897987e-09;
2794852.9901989391074;8.7019609296135058685e-09;
2795186.3457559761591;9.3154524094529733702e-09;
2795519.7013130132109;9.1324983131357839738e-09;
2795853.0568700502627;8.6576505964330863208e-09;
2796186.4124270873144;9.201244210998993367e-09;
2796519.7679841243662;9.5797405563757820346e-09;
2796853.123541161418;8.9115541612727611209e-09;
2797186.4790981984697;8.3113800286582772969e-09;
2797519.8346552355215;9.354465646538301371e-09;
2797853.1902122725733;8.7675440241241631156e-09;
2798186.545769309625;8.0354363163337438891e-09;
2798519.9013263466768;8.8206411064106760023e-09;
2798853.2568833837286;8.9315372875375942385e-09;
2799186.6124404207803;8.8765554906444776861e-09;
2799519.9679974578321;8.8058556002579280175e-09;
2799853.3235544948839;8.1317299560623723664e-09;
2800186.6791115319356;9.2166292375850389362e-09;
2800520.0346685689874;8.5143918582275546214e-09;
2800853.3902256060392;8.9181320106490602484e-09;
2801186.7457826430909;8.794106776122134761e-09;
2801520.1013396801427;8.8105283069239703764e-09;
2801853.4568967171945;8.8276479459636902902e-09;
2802186.8124537542462;8.5420932549595818273e-09;
2802520.168010791298;8.736163792377737991e-09;
2802853.5235678283498;8.4646245568364975043e-09;
2803186.8791248654015;8.1391755557547185163e-09;
2803520.2346819024533;8.533693751644477743e-09;
2803853.5902389395051;8.0593274276452575577e-09;
2804186.9457959765568;8.0565527582621143665e-09;
2804520.3013530136086;8.3810096640490883146e-09;
2804853.6569100506604;8.6712423907897573372e-09;
2805187.0124670877121;8.5927540638408572704e-09;
2805520.3680241247639;8.6180751424080881407e-09;
2805853.7235811618157;8.4945961376092782302e-09;
2806187.0791381988674;8.8196809855389801669e-09;
2806520.4346952359192;8.541928053773517604e-09;
2806853.790252272971;7.9021260646072732925e-09;
2807187.1458093100227;8.3242239767855608079e-09;
2807520.5013663470745;8.385884875394822302e-09;
2807853.8569233841263;8.6177118774344307894e-09;
2808187.212480421178;9.0678486941442315583e-09;
2808520.5680374582298;8.5133597949038630759e-09;
2808853.9235944952816;8.2131750289704541501e-09;
2809187.2791515323333;8.5324947107778825739e-09;
2809520.6347085693851;8.7587386232712560741e-09;
2809853.9902656064369;9.0405700703399816121e-09;
2810187.3458226434886;8.6394340570450367522e-09;
2810520.7013796805404;9.6484464862101049221e-09;
2810854.0569367175922;1.1584026182731577137e-08;
2811187.4124937546439;2.295418966014040052e-08;
2811520.7680507916957;1.6618379561350593576e-08;
2811854.1236078287475;1.2502461288477206836e-08;
2812187.4791648657992;1.7953583508756310039e-08;
2812520.834721902851;1.9477807811085767753e-08;
2812854.1902789399028;1.4656134084134464501e-08;
2813187.5458359769545;1.253611081608596578e-08;
2813520.9013930140063;1.2203031474200543016e-08;
2813854.2569500510581;9.1500185206427886442e-09;
2814187.6125070881099;8.6267704091369523667e-09;
2814520.9680641251616;8.7330187525935798476e-09;
2814854.3236211622134;9.8330090736453712452e-09;
2815187.6791781992652;8.6288922673816159659e-09;
2815521.0347352363169;8.6983087399516989535e-09;
2815854.3902922733687;8.9071408027052711986e-09;
2816187.7458493104205;9.9431911593228505808e-09;
2816521.1014063474722;9.5527346033463800268e-09;
2816854.456963384524;8.6676639199367855326e-09;
2817187.8125204215758;8.6128837395449409087e-09;
2817521.1680774586275;8.7956513183939932787e-09;
2817854.5236344956793;8.7973672791008539207e-09;
2818187.8791915327311;8.5562712470732549264e-09;
2818521.2347485697828;8.6668263676870083145e-09;
2818854.5903056068346;8.5073201816499022243e-09;
2819187.9458626438864;8.400998119384439633e-09;
2819521.3014196809381;8.4812059597538791422e-09;
2819854.6569767179899;8.3280271567787167442e-09;
2820188.0125337550417;1.2306712093845817435e-08;
2820521.3680907920934;8.8300211587011290248e-09;
2820854.7236478291452;8.4853937210027652327e-09;
2821188.079204866197;8.8143217169545096112e-09;
2821521.4347619032487;9.0655074558299020282e-09;
2821854.7903189403005;8.3304119158356115804e-09;
2822188.1458759773523;8.0145712288981485472e-09;
2822521.501433014404;8.3127966732376989967e-09;
2822854.8569900514558;8.4347142603746760869e-09;
2823188.2125470885076;8.4850366732780457824e-09;
2823521.5681041255593;8.3440916398558329092e-09;
2823854.9236611626111;8.5371727465144431335e-09;
2824188.2792181996629;1.028027707405954061e-08;
2824521.6347752367146;8.7283256178238843859e-09;
2824854.9903322737664;8.1618418690254657122e-09;
2825188.3458893108182;8.2689712854744357173e-09;
2825521.7014463478699;8.6115683473053650232e-09;
2825855.0570033849217;9.219868424281685293e-09;
2826188.4125604219735;8.5614733080774385598e-09;
2826521.7681174590252;8.3286417762451492308e-09;
2826855.123674496077;8.8518428142947414017e-09;
2827188.4792315331288;8.5885432099530589767e-09;
2827521.8347885701805;8.0508799626954896667e-09;
2827855.1903456072323;7.9729343127610263764e-09;
2828188.5459026442841;9.2496375003747743904e-09;
2828521.9014596813358;8.3028863784306849993e-09;
2828855.2570167183876;8.164322551351688162e-09;
2829188.6125737554394;8.4997466842651192565e-09;
2829521.9681307924911;9.4054319887959536572e-09;
2829855.3236878295429;8.1224351689002105559e-09;
2830188.6792448665947;8.4244966558344458463e-09;
2830522.0348019036464;8.2288886815717887657e-09;
2830855.3903589406982;8.8337293036033770477e-09;
2831188.74591597775;8.0831910054257605225e-09;
2831522.1014730148017;8.5089943979710369604e-09;
2831855.4570300518535;8.9251059876005456317e-09;
2832188.8125870889053;1.022751661139409407e-08;
2832522.168144125957;8.7458227326919768529e-09;
2832855.5237011630088;8.2610869256427577056e-09;
2833188.8792582000606;8.9162366379014201812e-09;
2833522.2348152371123;8.8821554555806869757e-09;
2833855.5903722741641;8.6453093572913530807e-09;
2834188.9459293112159;8.2270092960357033007e-09;
2834522.3014863482676;8.6145943711812833499e-09;
2834855.6570433853194;8.0102218191768770339e-09;
2835189.0126004223712;8.5758182777340152825e-09;
2835522.3681574594229;8.5179676645452673256e-09;
2835855.7237144964747;8.7344913524134426552e-09;
2836189.0792715335265;8.3606721545947948471e-09;
2836522.4348285705782;8.364550829753625294e-09;
2836855.79038560763;8.4325666449558411841e-09;
2837189.1459426446818;8.0727753370979371539e-09;
2837522.5014996817335;8.6357312412133069301e-09;
2837855.8570567187853;8.4685218837421416538e-09;
2838189.2126137558371;7.9287554299867224472e-09;
2838522.5681707928888;8.2529787448493152624e-09;
2838855.9237278299406;7.8157293970093633106e-09;
2839189.2792848669924;8.4273237277443513449e-09;
2839522.6348419040442;8.014627184138589655e-09;
2839855.9903989410959;8.1364737170019907353e-09;
2840189.3459559781477;8.7441325291592875146e-09;
2840522.7015130151995;8.4082474316460320551e-09;
2840856.0570700522512;8.2975502024851266469e-09;
2841189.412627089303;8.958171981987561594e-09;
2841522.7681841263548;8.7123321890203442308e-09;
2841856.1237411634065;8.6349576378097481211e-09;
2842189.4792982004583;8.8475520243491700967e-09;
2842522.8348552375101;8.203975276899200253e-09;
2842856.1904122745618;8.4669897759681589378e-09;
2843189.5459693116136;9.1803844526339162257e-09;
2843522.9015263486654;9.9735606440276569629e-09;
2843856.2570833857171;8.897944603347696102e-09;
2844189.6126404227689;8.395671713401497982e-09;
2844522.9681974598207;8.4030347125008120202e-09;
2844856.3237544968724;8.1880360269792618055e-09;
2845189.6793115339242;8.6291649381564639043e-09;
2845523.034868570976;8.3668281192217364151e-09;
2845856.3904256080277;8.3914546422647617874e-09;
2846189.7459826450795;8.8986791269007881056e-09;
2846523.1015396821313;1.0916332726651489793e-08;
2846856.457096719183;2.1882042844367788348e-08;
2847189.8126537562348;1.1651130726875180699e-08;
2847523.1682107932866;9.2872491919138155936e-09;
2847856.5237678303383;8.8530089925598076661e-09;
2848189.8793248673901;8.8429681355250977504e-09;
2848523.2348819044419;8.6636751106539122702e-09;
2848856.5904389414936;8.3613329593390517402e-09;
2849189.9459959785454;8.0200361907145634177e-09;
2849523.3015530155972;8.3287146068755646411e-09;
2849856.6571100526489;8.253181249529006891e-09;
2850190.0126670897007;8.3289783958662155783e-09;
2850523.3682241267525;8.0566806559545511845e-09;
2850856.7237811638042;8.3448243870520855126e-09;
2851190.079338200856;8.1138784580048195494e-09;
2851523.4348952379078;8.1851023736589922919e-09;
2851856.7904522749595;7.9997874991022399627e-09;
2852190.1460093120113;8.5564666463255889539e-09;
2852523.5015663490631;7.966115767032988515e-09;
2852856.8571233861148;8.0327966500703951169e-09;
2853190.2126804231666;8.4739832928448777238e-09;
2853523.5682374602184;8.0006303804225353815e-09;
2853856.9237944972701;8.2340942952896511997e-09;
2854190.2793515343219;8.0683228986799804261e-09;
2854523.6349085713737;8.6120977016435062978e-09;
2854856.9904656084254;8.2657178879230741586e-09;
2855190.3460226454772;7.8462418784397414129e-09;
2855523.701579682529;8.180890631592774298e-09;
2855857.0571367195807;8.3239610759733295708e-09;
2856190.4126937566325;8.4774969266732114193e-09;
2856523.7682507936843;7.9486843773679538572e-09;
2856857.123807830736;8.4447817627619770064e-09;
2857190.4793648677878;8.0973894256430867244e-09;
2857523.8349219048396;8.4367153263542604691e-09;
2857857.1904789418913;8.4134637035049308906e-09;
2858190.5460359789431;7.8897812727518612519e-09;
2858523.9015930159949;7.9293682730963155336e-09;
2858857.2571500530466;8.1403337404140074796e-09;
2859190.6127070900984;8.3504270165235539025e-09;
2859523.9682641271502;7.9804873820421562414e-09;
2859857.3238211642019;7.942193569476785342e-09;
2860190.6793782012537;9.3780769816476095002e-09;
2860524.0349352383055;1.0847817755177402432e-08;
2860857.3904922753572;9.3919592103475224576e-09;
2861190.746049312409;8.8030871481237227272e-09;
2861524.1016063494608;8.2050419791812601034e-09;
2861857.4571633865125;8.1525843853569313069e-09;
2862190.8127204235643;8.1796116546684061177e-09;
2862524.1682774606161;8.0609279251575571834e-09;
2862857.5238344976678;8.3985929322238916939e-09;
2863190.8793915347196;8.2625088992926976061e-09;
2863524.2349485717714;7.9595974256108092959e-09;
2863857.5905056088232;8.2987892113806083216e-09;
2864190.9460626458749;8.5402174221371751628e-09;
2864524.3016196829267;8.0424547022062142787e-09;
2864857.6571767199785;8.0649504852203790506e-09;
2865191.0127337570302;8.1491196013416811184e-09;
2865524.368290794082;7.7939290576978237368e-09;
2865857.7238478311338;7.9352489024131500628e-09;
2866191.0794048681855;8.0546707081907698011e-09;
2866524.4349619052373;8.262755812893374241e-09;
2866857.7905189422891;8.045860866445764259e-09;
2867191.1460759793408;7.9481399239966776804e-09;
2867524.5016330163926;8.1743110058596357703e-09;
2867857.8571900534444;8.3731510613915816066e-09;
2868191.2127470904961;8.4394429222811595537e-09;
2868524.5683041275479;7.9717015211144826026e-09;
2868857.9238611645997;7.8595956409799327957e-09;
2869191.2794182016514;7.9320843227037585166e-09;
2869524.6349752387032;8.2494127084942192596e-09;
2869857.990532275755;8.2798292666552697483e-09;
2870191.3460893128067;7.6877659793694874679e-09;
2870524.7016463498585;7.9517707973764117924e-09;
2870858.0572033869103;7.8113231438692309894e-09;
2871191.412760423962;8.1346298586026932753e-09;
2871524.7683174610138;8.7841476315020372567e-09;
2871858.1238744980656;8.2700166714744227647e-09;
2872191.4794315351173;7.6747852517655701376e-09;
2872524.8349885721691;7.94132848369599742e-09;
2872858.1905456092209;8.1322726330768091429e-09;
2873191.5461026462726;8.1659292661129256885e-09;
2873524.9016596833244;7.9298141386630049965e-09;
2873858.2572167203762;8.5515674541625230631e-09;
2874191.6127737574279;7.9932975793894911476e-09;
2874524.9683307944797;8.4526483590252610156e-09;
2874858.3238878315315;7.7738961934414874122e-09;
2875191.6794448685832;7.6613542177028648439e-09;
2875525.035001905635;7.9824360454949783161e-09;
2875858.3905589426868;8.2173032822652203322e-09;
2876191.7461159797385;7.4800619032089343818e-09;
2876525.1016730167903;8.2341085061443664017e-09;
2876858.4572300538421;7.6607760135516400624e-09;
2877191.8127870908938;8.0950997016770998016e-09;
2877525.1683441279456;7.8993087626599844953e-09;
2877858.5239011649974;7.8183246543517270766e-09;
2878191.8794582020491;8.2241333743127142952e-09;
2878525.2350152391009;8.2205513507460636902e-09;
2878858.5905722761527;7.8739690323459399224e-09;
2879191.9461293132044;7.8080164556126874231e-09;
2879525.3016863502562;8.0604891650182253215e-09;
2879858.657243387308;8.4492928209556339425e-09;
2880192.0128004243597;8.0804225532915552321e-09;
2880525.3683574614115;8.3218996138612055802e-09;
2880858.7239144984633;8.1462712131497028167e-09;
2881192.079471535515;8.6150935274531548203e-09;
2881525.4350285725668;1.0137505057628004579e-08;
2881858.7905856096186;1.2818468064779153792e-08;
2882192.1461426466703;1.4911817558527218353e-08;
2882525.5016996837221;1.7939017382673227985e-08;
2882858.8572567207739;1.1805759925209713401e-08;
2883192.2128137578256;1.0045831722038656153e-08;
2883525.5683707948774;8.6549736266761101433e-09;
2883858.9239278319292;8.2380440247220576566e-09;
2884192.2794848689809;7.9217521431473869598e-09;
2884525.6350419060327;8.4377083098274852091e-09;
2884858.9905989430845;8.4835010127903842658e-09;
2885192.3461559801362;8.4707085790114433621e-09;
2885525.701713017188;8.3117015492462087423e-09;
2885859.0572700542398;7.9386648366153167444e-09;
2886192.4128270912915;7.9888335946520783182e-09;
2886525.7683841283433;7.8697786065617947315e-09;
2886859.1239411653951;8.4191853488846390974e-09;
2887192.4794982024468;7.9265829455721359409e-09;
2887525.8350552394986;7.8823694238394637068e-09;
2887859.1906122765504;8.1299873500029207207e-09;
2888192.5461693136021;8.3671078954239419545e-09;
2888525.9017263506539;8.5870652810626779683e-09;
2888859.2572833877057;8.7102351997714322351e-09;
2889192.6128404247575;8.6559168721578316763e-09;
2889525.9683974618092;8.0767890153765620198e-09;
2889859.323954498861;8.48026804334267581e-09;
2890192.6795115359128;7.9115718421007841243e-09;
2890526.0350685729645;8.0864719365081327851e-09;
2890859.3906256100163;8.3222646551917023316e-09;
2891192.7461826470681;7.8903772404714800359e-09;
2891526.1017396841198;8.7653724278879963094e-09;
2891859.4572967211716;7.77246178529367171e-09;
2892192.8128537582234;8.5607210209559525538e-09;
2892526.1684107952751;8.1095041792877964326e-09;
2892859.5239678323269;8.2937461343135510106e-09;
2893192.8795248693787;8.5793141479939549754e-09;
2893526.2350819064304;8.2086168973205531074e-09;
2893859.5906389434822;7.9748669890022938489e-09;
2894192.946195980534;8.2925808442269044463e-09;
2894526.3017530175857;7.8124067215412651422e-09;
2894859.6573100546375;8.1058004752776469104e-09;
2895193.0128670916893;7.7794286568177994923e-09;
2895526.368424128741;8.1929281137149700953e-09;
2895859.7239811657928;7.5069026550522721664e-09;
2896193.0795382028446;8.5029272511860654049e-09;
2896526.4350952398963;7.6675350513255580154e-09;
2896859.7906522769481;8.4324920379685863736e-09;
2897193.1462093139999;8.1870874524270220718e-09;
2897526.5017663510516;7.8909039302743622102e-09;
2897859.8573233881034;8.2872944062728493009e-09;
2898193.2128804251552;8.0919004830093399505e-09;
2898526.5684374622069;7.878853125475870911e-09;
2898859.9239944992587;8.5037044073033030145e-09;
2899193.2795515363105;8.1854336642095404386e-09;
2899526.6351085733622;8.2151085933901413227e-09;
2899859.990665610414;7.8308053375053532363e-09;
2900193.3462226474658;8.4072873107743362198e-09;
2900526.7017796845175;8.4061504423971200595e-09;
2900860.0573367215693;7.7438544465735503763e-09;
2901193.4128937586211;7.8563102690054620325e-09;
2901526.7684507956728;8.1428082054912920285e-09;
2901860.1240078327246;8.3440916398558329092e-09;
2902193.4795648697764;8.2770226228490173526e-09;
2902526.8351219068281;8.1005193663941099658e-09;
2902860.1906789438799;8.1506508209372441343e-09;
2903193.5462359809317;7.820604608355097298e-09;
2903526.9017930179834;8.1498203741148245172e-09;
2903860.2573500550352;7.7566397749251336791e-09;
2904193.612907092087;8.3843820775086896901e-09;
2904526.9684641291387;8.8735463421585336619e-09;
2904860.3240211661905;8.0641857636010172428e-09;
2905193.6795782032423;7.821058467527564062e-09;
2905527.035135240294;7.9240347616860162816e-09;
2905860.3906922773458;8.4593327898119241581e-09;
2906193.7462493143976;8.2000708445661985024e-09;
2906527.1018063514493;7.7495023731444234727e-09;
2906860.4573633885011;7.7441679735557045205e-09;
2907193.8129204255529;7.5605433025316415296e-09;
2907527.1684774626046;8.5300220220574374252e-09;
2907860.5240344996564;1.1326751092610720661e-08;
2908193.8795915367082;1.4185304486602490215e-08;
2908527.2351485737599;1.0357882551659258752e-08;
2908860.5907056108117;9.3367011899658791663e-09;
2909193.9462626478635;8.2956548297374865797e-09;
2909527.3018196849152;8.5187759069071944396e-09;
2909860.657376721967;8.319692490488250769e-09;
2910194.0129337590188;8.3251014970642245316e-09;
2910527.3684907960705;8.522218486461952125e-09;
2910860.7240478331223;7.9949122877565059753e-09;
2911194.0796048701741;7.911349797495859093e-09;
2911527.4351619072258;8.5052276332930887293e-09;
2911860.7907189442776;7.9023481092121983238e-09;
2912194.1462759813294;7.9888753390378042241e-09;
2912527.5018330183811;7.8254149826761931763e-09;
2912860.8573900554329;7.8273947323737047554e-09;
2913194.2129470924847;8.141507024106431345e-09;
2913527.5685041295364;8.4913738263026061759e-09;
2913860.9240611665882;8.2334867812505763141e-09;
2914194.27961820364;8.2822149138905842847e-09;
2914527.6351752406918;7.8355535393370701058e-09;
2914860.9907322777435;8.3132496442317460605e-09;
2915194.3462893147953;8.0085049702915966918e-09;
2915527.7018463518471;7.7868671510827880411e-09;
2915861.0574033888988;8.3659026373084088846e-09;
2916194.4129604259506;7.9231998739714981639e-09;
2916527.7685174630024;8.4737603600615329924e-09;
2916861.1240745000541;7.8830479921521146025e-09;
2917194.4796315371059;8.3555189434036947205e-09;
2917527.8351885741577;8.6133233878626924707e-09;
2917861.1907456112094;1.1836370106266258517e-08;
2918194.5463026482612;1.0802804872867000086e-08;
2918527.901859685313;9.2727727718511232524e-09;
2918861.2574167223647;8.1849300670455704676e-09;
2919194.6129737594165;7.6976851559606984665e-09;
2919527.9685307964683;8.0073654373791214311e-09;
2919861.32408783352;8.1167730314746222575e-09;
2920194.6796448705718;8.6915417085720036994e-09;
2920528.0352019076236;7.7257960029442074301e-09;
2920861.3907589446753;7.7952160282279692183e-09;
2921194.7463159817271;7.9014874643235089025e-09;
2921528.1018730187789;7.7938189235737809213e-09;
2921861.4574300558306;7.933562251594139525e-09;
2922194.8129870928824;8.2478326390855727368e-09;
2922528.1685441299342;7.7552355648435877811e-09;
2922861.5241011669859;8.1537878671156249766e-09;
2923194.8796582040377;8.1641360338835511357e-09;
2923528.2352152410895;8.363345571638092224e-09;
2923861.5907722781412;8.4181799309135385556e-09;
2924194.946329315193;8.295451436879375251e-09;
2924528.3018863522448;7.9212094661329501832e-09;
2924861.6574433892965;7.9135036301636318967e-09;
2925195.0130004263483;7.840675664283480728e-09;
2925528.3685574634001;8.0086319798056138097e-09;
2925861.7241145004518;8.4256654986347712111e-09;
2926195.0796715375036;7.9526367713356194145e-09;
2926528.4352285745554;8.1923667849537196162e-09;
2926861.7907856116071;7.7200708048508204229e-09;
2927195.1463426486589;7.781546962348784291e-09;
2927528.5018996857107;8.0710877981005069159e-09;
2927861.8574567227624;7.9588700074850748933e-09;
2928195.2130137598142;8.6682572231211452163e-09;
2928528.568570796866;8.4413551704187739233e-09;
2928861.9241278339177;7.9210149550590358558e-09;
2929195.2796848709695;8.5121341086846769031e-09;
2929528.6352419080213;7.9265962682484314428e-09;
2929861.990798945073;1.0315753584677622712e-08;
2930195.3463559821248;1.2215063627252220613e-08;
2930528.7019130191766;1.1567290236769167677e-08;
2930862.0574700562283;9.3152561220222196425e-09;
2931195.4130270932801;8.1335729262832501263e-09;
2931528.7685841303319;8.593403322265658062e-09;
2931862.1241411673836;7.7973245637963373156e-09;
2932195.4796982044354;8.3777269566098766518e-09;
2932528.8352552414872;8.4807298961209198751e-09;
2932862.1908122785389;7.8699855521335848607e-09;
2933195.5463693155907;8.3994340371873477125e-09;
2933528.9019263526425;7.959541470370368188e-09;
2933862.2574833896942;8.2181550453697127523e-09;
2934195.613040426746;8.1598061640875130252e-09;
2934528.9685974637978;8.2631768094643121003e-09;
2934862.3241545008495;8.1400770568507141434e-09;
2935195.6797115379013;8.4394429222811595537e-09;
2935529.0352685749531;7.9238260397573867522e-09;
2935862.3908256120048;8.079243940528613166e-09;
2936195.7463826490566;8.9021350291318412928e-09;
2936529.1019396861084;8.5556246531837132352e-09;
2936862.4574967231601;7.6269772719683714968e-09;
2937195.8130537602119;8.1345588043291172653e-09;
2937529.1686107972637;7.5620576467372302432e-09;
2937862.5241678343154;8.2823463642966999032e-09;
2938195.8797248713672;7.6443615881771620479e-09;
2938529.235281908419;7.8389676971823973872e-09;
2938862.5908389454708;7.3707897563224378246e-09;
2939195.9463959825225;7.9093203098068443069e-09;
2939529.3019530195743;8.2874542783883953234e-09;
2939862.6575100566261;8.2182554095311388664e-09;
2940196.0130670936778;7.802902324272054102e-09;
2940529.3686241307296;8.3193709699003193236e-09;
2940862.7241811677814;7.9549424825131609396e-09;
2941196.0797382048331;7.8733597419500256365e-09;
2941529.4352952418849;7.8780226786534512939e-09;
2941862.7908522789367;8.1075519631212955574e-09;
2942196.1464093159884;7.8378388224109585281e-09;
2942529.5019663530402;8.4062685701269401761e-09;
2942862.857523390092;7.9941120390003561624e-09;
2943196.2130804271437;8.1886550873377927928e-09;
2943529.5686374641955;7.8679676107640261762e-09;
2943862.9241945012473;7.9295494614939343592e-09;
2944196.279751538299;8.6794571529935637955e-09;
2944529.6353085753508;7.7170474455101611966e-09;
2944862.9908656124026;7.8922068880160622939e-09;
2945196.3464226494543;8.4126501320724855759e-09;
2945529.7019796865061;7.8287145655053791415e-09;
2945863.0575367235579;8.2319537852981738979e-09;
2946196.4130937606096;7.6558110961855163623e-09;
2946529.7686507976614;7.5396533461002945842e-09;
2946863.1242078347132;7.6251014391459648323e-09;
2947196.4797648717649;8.7151637018223482301e-09;
2947529.8353219088167;8.0530160317948684678e-09;
2947863.1908789458685;8.0641857636010172428e-09;
2948196.5464359829202;8.1937923113173383172e-09;
2948529.901993019972;8.2876585594249263522e-09;
2948863.2575500570238;8.0569355631610051205e-09;
2949196.6131070940755;8.6094500417743802245e-09;
2949529.9686641311273;8.2197715300935669802e-09;
2949863.3242211681791;8.3404572137624199968e-09;
2950196.6797782052308;9.6068903943091754627e-09;
2950530.0353352422826;1.1365259844353658991e-08;
2950863.3908922793344;1.0223977220391589071e-08;
2951196.7464493163861;8.2366407028189314588e-09;
2951530.1020063534379;8.0683513203894108301e-09;
2951863.4575633904897;8.5364533219944860321e-09;
2952196.8131204275414;9.1134584323526723892e-09;
2952530.1686774645932;8.8049274538093413867e-09;
2952863.524234501645;1.1289186474527923565e-08;
2953196.8797915386967;1.3266517662202659267e-08;
2953530.2353485757485;1.3253822039871465677e-08;
2953863.5909056128003;1.0935910843556939653e-08;
2954196.946462649852;8.8917255780529558251e-09;
2954530.3020196869038;8.3497369018914469052e-09;
2954863.6575767239556;8.9075005149652497494e-09;
2955197.0131337610073;9.0004466102300284547e-09;
2955530.3686907980591;8.1556787989711665432e-09;
2955863.7242478351109;8.5688158790730994951e-09;
2956197.0798048721626;7.9545934283942187903e-09;
2956530.4353619092144;8.173535626099237561e-09;
2956863.7909189462662;7.4611108402677928098e-09;
2957197.1464759833179;7.8737469877410148911e-09;
2957530.5020330203697;8.3317148735773116641e-09;
2957863.8575900574215;8.3995814748050179332e-09;
2958197.2131470944732;8.1060855805503706506e-09;
2958530.568704131525;8.2840632131819802453e-09;
2958863.9242611685768;7.8976025719157405547e-09;
2959197.2798182056285;7.629241238760187116e-09;
2959530.6353752426803;8.1884392599818056624e-09;
2959863.9909322797321;8.2895654784920225211e-09;
2960197.3464893167838;8.343153723444629577e-09;
2960530.7020463538356;8.1462712131497028167e-09;
2960864.0576033908874;7.7294890488133205508e-09;
2961197.4131604279391;8.5881062261705665151e-09;
2961530.7687174649909;8.2238740262141618587e-09;
2961864.1242745020427;7.9299944388822041219e-09;
2962197.4798315390944;8.0248696576745714992e-09;
2962530.8353885761462;8.0366220345240435563e-09;
2962864.190945613198;8.2936733036831356003e-09;
2963197.5465026502497;7.7920390140207018703e-09;
2963530.9020596873015;7.984988670273196476e-09;
2963864.2576167243533;8.4653537513190713071e-09;
2964197.6131737614051;8.0234459076677921985e-09;
2964530.9687307984568;7.7023250000252119207e-09;
2964864.3242878355086;8.4481799333957496856e-09;
2965197.6798448725604;8.2596933737022482092e-09;
2965531.0354019096121;7.3940169542652256496e-09;
2965864.3909589466639;7.9887492177022068063e-09;
2966197.7465159837157;8.0255189160993722908e-09;
2966531.1020730207674;7.9325728208345935855e-09;
2966864.4576300578192;7.7651058916217152728e-09;
2967197.813187094871;7.9693771581901273748e-09;
2967531.1687441319227;8.0676283431557749282e-09;
2967864.5243011689745;8.5202271904449844442e-09;
2968197.8798582060263;8.5392573012654793274e-09;
2968531.235415243078;7.8632007571854956041e-09;
2968864.5909722801298;8.0518134382145944983e-09;
2969197.9465293171816;8.0769169130689988378e-09;
2969531.3020863542333;7.7007147325502955937e-09;
2969864.6576433912851;7.6187411934824922355e-09;
2970198.0132004283369;7.8517157220403532847e-09;
2970531.3687574653886;7.7430115652532549575e-09;
2970864.7243145024404;8.2173894355719312443e-09;
2971198.0798715394922;7.7949691146272925835e-09;
2971531.4354285765439;7.7081860894168130471e-09;
2971864.7909856135957;8.326593636809320742e-09;
2972198.1465426506475;7.9011410747398258536e-09;
2972531.5020996876992;1.0333365274561856495e-08;
2972864.857656724751;1.0623359969486045884e-08;
2973198.2132137618028;9.053236382783325098e-09;
2973531.5687707988545;8.6678619837243786606e-09;
2973864.9243278359063;8.0091107079738321772e-09;
2974198.2798848729581;7.2833659103821446479e-09;
2974531.6354419100098;8.1812494556743331486e-09;
2974864.9909989470616;8.504197346326236584e-09;
2975198.3465559841134;8.1993647427225369029e-09;
2975531.7021130211651;7.7551405297526798677e-09;
2975865.0576700582169;8.1838225085562044114e-09;
2976198.4132270952687;8.8016642862953631266e-09;
2976531.7687841323204;7.9181203815892331477e-09;
2976865.1243411693722;7.6494659495551786677e-09;
2977198.479898206424;8.0549398262519389391e-09;
2977531.8354552434757;8.2624076469528517919e-09;
2977865.1910122805275;7.9059869761977097369e-09;
2978198.5465693175793;8.1239477367489598691e-09;
2978531.902126354631;7.6601969212219955807e-09;
2978865.2576833916828;8.0683797420988412341e-09;
2979198.6132404287346;7.9473299052779111662e-09;
2979531.9687974657863;7.9950668308015337971e-09;
2979865.3243545028381;8.3917788273879523331e-09;
2980198.6799115398899;7.6565509488091265666e-09;
2980532.0354685769416;8.0342505981434442219e-09;
2980865.3910256139934;7.973732785160336789e-09;
2981198.7465826510452;8.40154434911255521e-09;
2981532.1021396880969;7.8072623921343620168e-09;
2981865.4576967251487;7.8482136345314756909e-09;
2982198.8132537622005;8.1515532102116594615e-09;
2982532.1688107992522;8.2570101866963341308e-09;
2982865.524367836304;8.3022015928690962028e-09;
2983198.8799248733558;7.9328650315346749267e-09;
2983532.2354819104075;8.3306463949384124135e-09;
2983865.5910389474593;8.1848003929962942493e-09;
2984198.9465959845111;8.3807742967678677815e-09;
2984532.3021530215628;8.7561691231030636118e-09;
2984865.6577100586146;9.5527683541263286315e-09;
2985199.0132670956664;7.874037422084256832e-09;
2985532.3688241327181;7.4839388020109254285e-09;
2985865.7243811697699;8.0247151146295436774e-09;
2986199.0799382068217;7.8298425520983983006e-09;
2986532.4354952438734;7.7921900043520508916e-09;
2986865.7910522809252;8.1603790391682196059e-09;
2987199.146609317977;8.2457036754135515366e-09;
2987532.5021663550287;7.6385218150676337245e-09;
2987865.8577233920805;8.4038616066095528367e-09;
2988199.2132804291323;8.209237734035923495e-09;
2988532.568837466184;8.6383717956550754025e-09;
2988865.9243945032358;9.3180050342311915301e-09;
2989199.2799515402876;1.3395979436836569221e-08;
2989532.6355085773394;9.2681471386413250002e-09;
2989865.9910656143911;8.8931937369807201321e-09;
2990199.3466226514429;8.3070590406464361877e-09;
2990532.7021796884947;8.156265884906588326e-09;
2990866.0577367255464;8.2778077725720322633e-09;
2991199.4132937625982;8.1556494890833164391e-09;
2991532.76885079965;7.8468342934456813964e-09;
2991866.1244078367017;7.9316251344607735518e-09;
2992199.4799648737535;1.001943061851306993e-08;
2992532.8355219108053;7.7670021525477750401e-09;
2992866.191078947857;8.2649771471210442542e-09;
2993199.5466359849088;8.4091933416630126885e-09;
2993532.9021930219606;8.2306668147680284164e-09;
2993866.2577500590123;8.3113365079157119908e-09;
2994199.6133070960641;7.7752888572035772086e-09;
2994532.9688641331159;8.4997759941529693606e-09;
2994866.3244211701676;8.1159026166233161348e-09;
2995199.6799782072194;7.7455419855709806143e-09;
2995533.0355352442712;8.0159088255982169358e-09;
2995866.3910922813229;8.4365670005581705482e-09;
2996199.7466493183747;1.0501987723898764671e-08;
2996533.1022063554265;8.7628473366407888534e-09;
2996866.4577633924782;8.2347737517807217955e-09;
2997199.81332042953;8.2772988463375440915e-09;
2997533.1688774665818;8.268592921467643464e-09;
2997866.5244345036335;8.4660527477353753056e-09;
2998199.8799915406853;8.3439308795618671866e-09;
2998533.2355485777371;8.6184845926595698984e-09;
2998866.5911056147888;7.880597507892161957e-09;
2999199.9466626518406;8.4141138501081513823e-09;
2999533.3022196888924;9.1091685305855207844e-09;
2999866.6577767259441;1.010042360860552435e-08;
3000200.0133337629959;1.1608880079450045741e-08;
3000533.3688908000477;9.1791259038132011483e-09;
3000866.7244478370994;8.3770794745419152605e-09;
3001200.0800048741512;8.6661868792248242244e-09;
3001533.435561911203;8.2707574122764526692e-09;
3001866.7911189482547;8.1047897282360281679e-09;
3002200.1466759853065;8.3267979178458517708e-09;
3002533.5022330223583;7.9104323091883088637e-09;
3002866.85779005941;8.1388611405941446719e-09;
3003200.2133470964618;8.4457019156047863362e-09;
3003533.5689041335136;8.602027534720946278e-09;
3003866.9244611705653;8.4098132901999633759e-09;
3004200.2800182076171;8.6678770827575135627e-09;
3004533.6355752446689;8.1869284684898957494e-09;
3004866.9911322817206;8.4972677782957362069e-09;
3005200.3466893187724;8.2124254063842272444e-09;
3005533.7022463558242;8.144939833698572329e-09;
3005867.0578033928759;9.5071639449884060014e-09;
3006200.4133604299277;8.2252320510178833501e-09;
3006533.7689174669795;8.3626696678607004287e-09;
3006867.1244745040312;8.3103000036999219446e-09;
3007200.480031541083;8.3628757252540708578e-09;
3007533.8355885781348;7.9420958698506183282e-09;
3007867.1911456151865;8.3320950139409433177e-09;
3008200.5467026522383;1.0463131694393723592e-08;
3008533.9022596892901;8.1014590591621526983e-09;
3008867.2578167263418;7.7227841899230043055e-09;
3009200.6133737633936;8.3452205146272717684e-09;
3009533.9689308004454;8.7184410801910416922e-09;
3009867.3244878374971;8.260564676731974032e-09;
3010200.6800448745489;8.5756530765479510592e-09;
3010534.0356019116007;8.2840481141488453432e-09;
3010867.3911589486524;8.0938624691384575272e-09;
3011200.7467159857042;8.747390367602747574e-09;
3011534.102273022756;7.7268413889441944775e-09;
3011867.4578300598077;8.4859603788345339126e-09;
3012200.8133870968595;8.1556352782286012371e-09;
3012534.1689441339113;8.5412681372076804109e-09;
3012867.524501170963;8.4050135740199038992e-09;
3013200.8800582080148;7.894370490646451799e-09;
3013534.2356152450666;7.8033952632949876715e-09;
3013867.5911722821184;9.1748217911913343414e-09;
3014200.9467293191701;8.0379631839377907454e-09;
3014534.3022863562219;8.3117885907313393545e-09;
3014867.6578433932737;8.322352584855252644e-09;
3015201.0134004303254;8.198039580520344316e-09;
3015534.3689574673772;8.0664666057828071644e-09;
3015867.724514504429;8.3565607766900029674e-09;
3016201.0800715414807;9.8652606084215221927e-09;
3016534.4356285785325;8.0505682120701749227e-09;
3016867.7911856155843;8.2275439794443627761e-09;
3017201.146742652636;7.9186905921346806281e-09;
3017534.5022996896878;8.3923685778586332162e-09;
3017867.8578567267396;8.1252187200675507484e-09;
3018201.2134137637913;8.4260358690357861633e-09;
3018534.5689708008431;8.149691588243967999e-09;
3018867.9245278378949;9.0586773637824080652e-09;
3019201.2800848749466;9.748028162448463263e-09;
3019534.6356419119984;8.9938083647211897187e-09;
3019867.9911989490502;8.063024026228049479e-09;
3020201.3467559861019;8.0138953251207567519e-09;
3020534.7023130231537;8.3057019040211343963e-09;
3020868.0578700602055;7.7353030647486775706e-09;
3021201.4134270972572;7.5702981661152080051e-09;
3021534.768984134309;8.0177677830306492979e-09;
3021868.1245411713608;7.6274995208791551704e-09;
3022201.4800982084125;8.0270838864748839114e-09;
3022534.8356552454643;8.4009093015424696205e-09;
3022868.1912122825161;8.3409998907768567733e-09;
3023201.5467693195678;9.794787203531996056e-09;
3023534.9023263566196;9.4628749280900592566e-09;
3023868.2578833936714;8.8492617678070928378e-09;
3024201.6134404307231;9.6664294346737733576e-09;
3024534.9689974677749;1.0051957488599327917e-08;
3024868.3245545048267;1.274958982833140908e-08;
3025201.6801115418784;8.9419609494711949083e-09;
3025535.0356685789302;7.9844415523666611989e-09;
3025868.391225615982;7.7658564023863618786e-09;
3026201.7467826530337;8.0347870579089430976e-09;
3026535.1023396900855;7.5496862095292271988e-09;
3026868.4578967271373;8.0948003855496608594e-09;
3027201.813453764189;7.931931556015570095e-09;
3027535.1690108012408;8.0753705944403009198e-09;
3027868.5245678382926;7.6713204677503199491e-09;
3028201.8801248753443;8.23274870498380551e-09;
3028535.2356819123961;7.8992812291289737914e-09;
3028868.5912389494479;8.388168382111871324e-09;
3029201.9467959864996;8.2188043037945135438e-09;
3029535.3023530235514;8.3571922715464097564e-09;
3029868.6579100606032;8.055223155167823279e-09;
3030202.0134670976549;7.9672215491655151709e-09;
3030535.3690241347067;7.7740738291254274372e-09;
3030868.7245811717585;7.6835400264485542721e-09;
3031202.0801382088102;7.8407165204907869338e-09;
3031535.435695245862;7.778731436758334894e-09;
3031868.7912522829138;7.8708710660180258856e-09;
3032202.1468093199655;8.7223321898477479408e-09;
3032535.5023663570173;7.8679676107640261762e-09;
3032868.8579233940691;8.1187829792384036409e-09;
3033202.2134804311208;7.726908890504091687e-09;
3033535.5690374681726;7.6361734713259465934e-09;
3033868.9245945052244;8.0339255248418339761e-09;
3034202.2801515422761;8.0943598490534895973e-09;
3034535.6357085793279;7.8799882174962476711e-09;
3034868.9912656163797;8.0159088255982169358e-09;
3035202.3468226534314;7.8388158186726286658e-09;
3035535.7023796904832;7.6661335057792712178e-09;
3035869.057936727535;7.8894624166991889069e-09;
3036202.4134937645867;7.8740098885532461281e-09;
3036535.7690508016385;7.7958866029348428128e-09;
3036869.1246078386903;8.3393292271694008377e-09;
3037202.480164875742;8.9543163994676433504e-09;
3037535.8357219127938;9.9188879332245960541e-09;
3037869.1912789498456;8.9923393176150057116e-09;
3038202.5468359868973;8.1206374957787375024e-09;
3038535.9023930239491;7.7792376984575639653e-09;
3038869.2579500610009;7.7499384687484962342e-09;
3039202.6135070980527;8.2650206678636095603e-09;
3039535.9690641351044;8.0234743293772226025e-09;
3039869.3246211721562;7.8317690110907278722e-09;
3040202.680178209208;8.1819537811611553479e-09;
3040536.0357352462597;7.9182322920701153635e-09;
3040869.3912922833115;7.7690769373361945327e-09;
3041202.7468493203633;7.8855135754452021501e-09;
3041536.102406357415;7.5346218153526933747e-09;
3041869.4579633944668;8.0075484021335796569e-09;
3042202.8135204315186;8.0146982384121656651e-09;
3042536.1690774685703;7.3358599195216811495e-09;
3042869.5246345056221;8.1721855949012933706e-09;
3043202.8801915426739;7.71622055140142038e-09;
3043536.2357485797256;7.9659905338758107973e-09;
3043869.5913056167774;7.783064859268051805e-09;
3044202.9468626538292;8.3868272326981241349e-09;
3044536.3024196908809;8.1029387644093731069e-09;
3044869.6579767279327;7.9309421252560241555e-09;
3045203.0135337649845;8.3762117242258682381e-09;
3045536.3690908020362;8.1141635632775432896e-09;
3045869.724647839088;8.3169444664576985815e-09;
3046203.0802048761398;7.906945320712566172e-09;
3046536.4357619131915;8.1439672783290006919e-09;
3046869.7913189502433;7.9376327732916251989e-09;
3047203.1468759872951;7.824370484854625829e-09;
3047536.5024330243468;7.8913613421605077747e-09;
3047869.8579900613986;8.3001010509065054066e-09;
3048203.2135470984504;7.7776931561857054476e-09;
3048536.5691041355021;7.9991693269221286755e-09;
3048869.9246611725539;7.9314439460631547263e-09;
3049203.2802182096057;7.8781337009559138096e-09;
3049536.6357752466574;7.9732425106726623198e-09;
3049869.9913322837092;7.8679258663783002703e-09;
3050203.346889320761;8.2190645400714856805e-09;
3050536.7024463578127;7.7638651063693941978e-09;
3050870.0580033948645;7.819079606008472183e-09;
3051203.4135604319163;8.6420897105199401267e-09;
3051536.769117468968;7.9408124520341516472e-09;
3051870.1246745060198;8.2260553924129453662e-09;
3052203.4802315430716;7.9353181803298866726e-09;
3052536.8357885801233;7.4944512817864961107e-09;
3052870.1913456171751;7.622503517268341966e-09;
3053203.5469026542269;7.4538526462220033864e-09;
3053536.9024596912786;7.5438002511418744689e-09;
3053870.2580167283304;8.2802511514046273078e-09;
3054203.6135737653822;7.7499517914247917361e-09;
3054536.9691308024339;7.8002839742907781329e-09;
3054870.3246878394857;8.2060509498660394456e-09;
3055203.6802448765375;8.0187536610765164369e-09;
3055537.0358019135892;7.7216171234795183409e-09;
3055870.391358950641;8.0852791128904755169e-09;
3056203.7469159876928;8.3049869203932757955e-09;
3056537.1024730247445;8.3887137236615672009e-09;
3056870.4580300617963;8.0647799549637966265e-09;
3057203.8135870988481;7.997272177817649208e-09;
3057537.1691441358998;7.8033952632949876715e-09;
3057870.5247011729516;7.6935489090601549833e-09;
3058203.8802582100034;8.0725905959866395278e-09;
3058537.2358152470551;8.0283948378223612963e-09;
3058870.5913722841069;8.0468360863505949965e-09;
3059203.9469293211587;7.9516588868955295766e-09;
3059537.3024863582104;7.9065145541790116113e-09;
3059870.6580433952622;8.0875661723212033394e-09;
3060204.013600432314;1.012574024628065672e-08;
3060537.3691574693657;1.1599074589696556359e-08;
3060870.7247145064175;8.4901357055855442013e-09;
3061204.0802715434693;7.1355694686303650087e-09;
3061537.435828580521;7.5478698846609404427e-09;
3061870.7913856175728;7.7460047265276443795e-09;
3062204.1469426546246;7.7841315615501116554e-09;
3062537.5024996916763;7.922739797550093499e-09;
3062870.8580567287281;8.0959807746694423258e-09;
3063204.2136137657799;8.0622308828992572671e-09;
3063537.5691708028316;7.8732496078259828209e-09;
3063870.9247278398834;7.840179172546868358e-09;
3064204.2802848769352;8.14069167631714663e-09;
3064537.635841913987;8.2595921213624023949e-09;
3064870.9913989510387;8.0151343340162384266e-09;
3065204.3469559880905;7.6324049302911589621e-09;
3065537.7025130251423;8.1923383632442892122e-09;
3065871.058070062194;7.9101685201976579265e-09;
3066204.4136270992458;8.2072615370520907163e-09;
3066537.7691841362976;7.8200965702990288264e-09;
3066871.1247411733493;8.0217272824256724562e-09;
3067204.4802982104011;7.8673734194012467924e-09;
3067537.8358552474529;7.4630639446127133851e-09;
3067871.1914122845046;8.2808764290120961959e-09;
3068204.5469693215564;7.7379533891530627443e-09;
3068537.9025263586082;8.2339637330619552813e-09;
3068871.2580833956599;8.2215620977876824327e-09;
3069204.6136404327117;7.5505619534510515223e-09;
3069537.9691974697635;7.854171535370824131e-09;
3069871.3247545068152;9.5092849150546499004e-09;
3070204.680311543867;9.0287777254616230493e-09;
3070538.0358685809188;8.2882696261776800384e-09;
3070871.3914256179705;8.3317734933530118724e-09;
3071204.7469826550223;7.6911028656923008384e-09;
3071538.1025396920741;7.8313142637398414081e-09;
3071871.4580967291258;7.9655846363380078401e-09;
3072204.8136537661776;7.6481487809587633819e-09;
3072538.1692108032294;7.6942106019828315766e-09;
3072871.5247678402811;7.2261427952469148295e-09;
3073204.8803248773329;8.3258040461942073307e-09;
3073538.2358819143847;7.8001338721378488117e-09;
3073871.5914389514364;7.9158395394074432261e-09;
3074204.9469959884882;7.9627300308970916376e-09;
3074538.30255302554;7.8520887569766273373e-09;
3074871.6581100625917;8.0877509134325009654e-09;
3075205.0136670996435;7.6921295999454741832e-09;
3075538.3692241366953;7.5925399301013385411e-09;
3075871.724781173747;7.7685307076080789557e-09;
3076205.0803382107988;7.8719910590052677435e-09;
3076538.4358952478506;7.5750339334490490728e-09;
3076871.7914522849023;8.0051156814420210139e-09;
3077205.1470093219541;7.4965971208484916133e-09;
3077538.5025663590059;7.529077805656925193e-09;
3077871.8581233960576;7.8896285060636728304e-09;
3078205.2136804331094;7.3674368827880698518e-09;
3078538.5692374701612;7.9828010868254750676e-09;
3078871.9247945072129;7.8807493864019306784e-09;
3079205.2803515442647;8.0221633780297452176e-09;
3079538.6359085813165;7.8576078976766439155e-09;
3079871.9914656183682;7.7000796849802100041e-09;
3080205.34702265542;7.6116775105106171395e-09;
3080538.7025796924718;7.8628410449255170533e-09;
3080872.0581367295235;8.031286746756904904e-09;
3081205.4136937665753;7.7969550815737420635e-09;
3081538.7692508036271;7.8917077317441908235e-09;
3081872.1248078406788;7.7089854499945431598e-09;
3082205.4803648777306;7.8462694119707521168e-09;
3082538.8359219147824;8.1755464620414386445e-09;
3082872.1914789518341;7.7767916550897098205e-09;
3083205.5470359888859;8.040222709837507864e-09;
3083538.9025930259377;7.6664568027240420633e-09;
3083872.2581500629894;8.1024120746064909326e-09;
3084205.6137071000412;7.5652595299402491946e-09;
3084538.969264137093;8.1446112076832832827e-09;
3084872.3248211741447;7.9702173749751636933e-09;
3085205.6803782111965;8.1120399286760402902e-09;
3085539.0359352482483;7.853923733591727796e-09;
3085872.3914922853;8.0582376327242855041e-09;
3086205.7470493223518;8.4588123172579798847e-09;
3086539.1026063594036;7.9892119586588705715e-09;
3086872.4581633964553;8.0469346741551817104e-09;
3087205.8137204335071;7.6777109114800623502e-09;
3087539.1692774705589;8.1938349438814839232e-09;
3087872.5248345076106;1.0173274667124587722e-08;
3088205.8803915446624;1.0013518014773126197e-08;
3088539.2359485817142;8.7534006709688583214e-09;
3088872.591505618766;8.055166311748962471e-09;
3089205.9470626558177;8.0413249392563557194e-09;
3089539.3026196928695;7.5845552061082344153e-09;
3089872.6581767299213;7.8623854093962108891e-09;
3090206.013733766973;7.9232691518882347737e-09;
3090539.3692908040248;7.8563378025364727364e-09;
3090872.7248478410766;7.9104598427193195675e-09;
3091206.0804048781283;7.6030577389474274241e-09;
3091539.4359619151801;8.037201126853688038e-09;
3091872.7915189522319;8.2320408267833045102e-09;
3092206.1470759892836;8.2113720267784628959e-09;
3092539.5026330263354;7.8743145337512032711e-09;
3092872.8581900633872;7.3953549950545038882e-09;
3093206.2137471004389;8.4667064470522745978e-09;
3093539.5693041374907;8.4257099075557562173e-09;
3093872.9248611745425;8.815653096405640099e-09;
3094206.2804182115942;8.6505504981460035197e-09;
3094539.635975248646;8.1057294210040709004e-09;
3094872.9915322856978;8.0228259591308415111e-09;
3095206.3470893227495;7.8466007025213002635e-09;
3095539.7026463598013;8.0063253804496525845e-09;
3095873.0582033968531;1.0678482098569475056e-08;
3096206.4137604339048;9.4899599289988145756e-09;
3096539.7693174709566;8.2686364422102087701e-09;
3096873.1248745080084;7.7769559680973543436e-09;
3097206.4804315450601;7.608361940469876572e-09;
3097539.8359885821119;7.5983708214266698633e-09;
3097873.1915456191637;7.7421820066092550405e-09;
3098206.5471026562154;7.6468058551881767926e-09;
3098539.9026596932672;7.7576345347551978193e-09;
3098873.258216730319;8.3981799292587311356e-09;
3099206.6137737673707;8.069712009728391422e-09;
3099539.9693308044225;7.6375830104780106922e-09;
3099873.3248878414743;7.8000237380138059962e-09;
3100206.680444878526;7.7215629445959166333e-09;
3100540.0360019155778;7.9569550948122014233e-09;
3100873.3915589526296;8.011080687708727055e-09;
3101206.7471159896813;8.4609226291831873823e-09;
3101540.1026730267331;7.915909705502599536e-09;
3101873.4582300637849;8.3143296691901014128e-09;
3102206.8137871008366;8.7115212821231580165e-09;
3102540.1693441378884;8.4245703746432809567e-09;
3102873.5249011749402;8.2916340460315041128e-09;
3103206.8804582119919;7.6871176091231063765e-09;
3103540.2360152490437;7.9994642021574691171e-09;
3103873.5915722860955;7.7099873152519649011e-09;
3104206.9471293231472;8.1852897793055490183e-09;
3104540.302686360199;8.0413391501110709214e-09;
3104873.6582433972508;8.0272810620840573392e-09;
3105207.0138004343025;7.9159372390336102399e-09;
3105540.3693574713543;7.7513542251494982338e-09;
3105873.7249145084061;8.0756263898251745559e-09;
3106207.0804715454578;7.7886177507480169879e-09;
3106540.4360285825096;7.7507822382472113532e-09;
3106873.7915856195614;7.5950348232822761929e-09;
3107207.1471426566131;8.2307103355105937226e-09;
3107540.5026996936649;8.0688193904165927961e-09;
3107873.8582567307167;8.2767899201030559198e-09;
3108207.2138137677684;8.0271540525700402213e-09;
3108540.5693708048202;7.3118906485092338698e-09;
3108873.924927841872;7.935973656003625365e-09;
3109207.2804848789237;8.5075892997110713623e-09;
3109540.6360419159755;7.9539503872183558997e-09;
3109873.9915989530273;8.4450491044663067441e-09;
3110207.347155990079;7.7736634906955259794e-09;
3110540.7027130271308;7.9844415523666611989e-09;
3110874.0582700641826;8.0111508538038833649e-09;
3111207.4138271012343;8.116045613348887855e-09;
3111540.7693841382861;8.1187261358195428329e-09;
3111874.1249411753379;7.9031678978935815394e-09;
3112207.4804982123896;7.9043616096896585077e-09;
3112540.8360552494414;7.9326696322823408991e-09;
3112874.1916122864932;8.1633046988827118184e-09;
3113207.5471693235449;8.1211659619384590769e-09;
3113540.9027263605967;8.1734210510830962448e-09;
3113874.2582833976485;8.2148634561463040882e-09;
3114207.6138404347003;7.8049859908446705958e-09;
3114540.969397471752;7.611276942043332383e-09;
3114874.3249545088038;8.4229876406993753335e-09;
3115207.6805115458556;8.4474223172037454788e-09;
3115541.0360685829073;8.0924831280526632327e-09;
3115874.3916256199591;8.2222415542787530285e-09;
3116207.7471826570109;7.8163608918657700997e-09;
3116541.1027396940626;8.2410407387101258792e-09;
3116874.4582967311144;8.0339397356965491781e-09;
3117207.8138537681662;7.7013915245061070891e-09;
3117541.1694108052179;7.9831794508322673209e-09;
3117874.5249678422697;8.3034263909098626755e-09;
3118207.8805248793215;8.682049745800668461e-09;
3118541.2360819163732;8.0846538352830066287e-09;
3118874.591638953425;8.1245188354728270497e-09;
3119207.9471959904768;7.8455117957787479099e-09;
3119541.3027530275285;8.4107592002169440093e-09;
3119874.6583100645803;7.9475812597706863016e-09;
3120208.0138671016321;8.0339681574059795821e-09;
3120541.3694241386838;8.1658289019514995744e-09;
3120874.7249811757356;8.4333962035998411011e-09;
3121208.0805382127874;8.2118187805235720589e-09;
3121541.4360952498391;7.9280866316366882529e-09;
3121874.7916522868909;7.8269826175869638973e-09;
3122208.1472093239427;8.1298159315679185966e-09;
3122541.5027663609944;7.8918880319633899489e-09;
3122874.8583233980462;8.349884339509117126e-09;
3123208.213880435098;8.5752915879311331082e-09;
3123541.5694374721497;7.9401294428294022509e-09;
3123874.9249945092015;8.3328268729587762209e-09;
3124208.2805515462533;7.759610731739030598e-09;
3124541.636108583305;8.4140845402203012782e-09;
3124874.9916656203568;8.4015887580335402163e-09;
3125208.3472226574086;7.9051112322758854134e-09;
3125541.7027796944603;7.995151207751405309e-09;
3125875.0583367315121;8.6011207045544324501e-09;
3126208.4138937685639;7.8290449678775075881e-09;
3126541.7694508056156;8.0154869408488593763e-09;
3126875.1250078426674;8.0756823450656156638e-09;
3127208.4805648797192;8.2905851073178382649e-09;
3127541.8361219167709;7.8186674912217313249e-09;
3127875.1916789538227;8.0804225532915552321e-09;
3128208.5472359908745;8.5664231264104273578e-09;
3128541.9027930279262;7.6160384665513447544e-09;
3128875.258350064978;7.9443704947834703489e-09;
3129208.6139071020298;7.7402910747537134739e-09;
3129541.9694641390815;8.2975502024851266469e-09;
3129875.3250211761333;7.809086710608426074e-09;
3130208.6805782131851;8.1505655558089529222e-09;
3130542.0361352502368;7.6260127102045771608e-09;
3130875.3916922872886;8.0019235682016187639e-09;
3131208.7472493243404;8.4043785264498183096e-09;
3131542.1028063613921;9.5111065689934548573e-09;
3131875.4583633984439;8.6183629122160709812e-09;
3132208.8139204354957;7.9383575268821005011e-09;
3132542.1694774725474;8.2407360935121687362e-09;
3132875.5250345095992;7.8273947323737047554e-09;
3133208.880591546651;8.3345987889060779708e-09;
3133542.2361485837027;7.8701098971123428782e-09;
3133875.5917056207545;8.2606952389596699504e-09;
3134208.9472626578063;7.95955568122508339e-09;
3134542.302819694858;8.0620043974022337352e-09;
3134875.6583767319098;8.4543554379479246563e-09;
3135209.0139337689616;8.1058288969870773144e-09;
3135542.3694908060133;8.0552933212629795889e-09;
3135875.7250478430651;7.8224600130738508597e-09;
3136209.0806048801169;8.4991791382549308764e-09;
3136542.4361619171686;7.9811179887201433303e-09;
3136875.7917189542204;7.7096080630667529476e-09;
3137209.1472759912722;8.1096604986896636547e-09;
3137542.5028330283239;7.8841972950272065646e-09;
3137875.8583900653757;7.7854718227854391444e-09;
3138209.2139471024275;8.2840481141488453432e-09;
3138542.5695041394792;8.1254469819214136805e-09;
3138875.925061176531;8.4509998998782975832e-09;
3139209.2806182135828;8.5112068504145099723e-09;
3139542.6361752506346;9.4924281768271612236e-09;
3139875.9917322876863;9.549260937546932837e-09;
3140209.3472893247381;8.403551632341077493e-09;
3140542.7028463617899;8.3971913866776048962e-09;
3140876.0584033988416;8.0204163310781950713e-09;
3141209.4139604358934;7.7715878177286867867e-09;
3141542.7695174729452;8.0606730179511032475e-09;
3141876.1250745099969;7.8906818856694371789e-09;
3142209.4806315470487;7.4595769561369706935e-09;
3142542.8361885841005;8.3624787095004649018e-09;
3142876.1917456211522;7.796462142550808494e-09;
3143209.547302658204;8.1394757600605771586e-09;
3143542.9028596952558;7.5854744707726240449e-09;
3143876.2584167323075;7.9857880308509265888e-09;
3144209.6139737693593;8.4118818577394449676e-09;
3144542.9695308064111;7.645099664443932852e-09;
3144876.3250878434628;7.7877153614736016607e-09;
3145209.6806448805146;8.0102777744173181418e-09;
3145543.0362019175664;7.732965379148026841e-09;
3145876.3917589546181;8.0971904736770738964e-09;
3146209.7473159916699;8.3561646491148167115e-09;
3146543.1028730287217;7.8776629663934727432e-09;
3146876.4584300657734;8.0348714348588146095e-09;
3147209.8139871028252;7.7233401896137365839e-09;
3147543.169544139877;7.5513311159625118307e-09;
3147876.5251011769287;8.1501356774538180616e-09;
3148209.8806582139805;8.5654896508913225261e-09;
3148543.2362152510323;8.1251183559061246342e-09;
3148876.591772288084;7.9449291590094617277e-09;
3149209.9473293251358;8.4550535461858089548e-09;
3149543.3028863621876;7.6386292846564174397e-09;
3149876.6584433992393;7.6350739064423578384e-09;
3150210.0140004362911;7.9181345924439483497e-09;
3150543.3695574733429;7.3651205134694919252e-09;
3150876.7251145103946;7.3439188064128302358e-09;
3151210.0806715474464;8.2139832713323812641e-09;
3151543.4362285844982;7.2754628988036529336e-09;
3151876.7917856215499;7.8059452235379467311e-09;
3152210.1473426586017;8.1100166582359634049e-09;
3152543.5028996956535;7.8828676919329154771e-09;
3152876.8584567327052;8.1644087046583990741e-09;
3153210.214013769757;7.8494677424600922677e-09;
3153543.5695708068088;7.8761956956441281363e-09;
3153876.9251278438605;8.0332762664170331846e-09;
3154210.2806848809123;7.9401294428294022509e-09;
3154543.6362419179641;8.0806641378217136662e-09;
3154876.9917989550158;8.1106152904908412893e-09;
3155210.3473559920676;7.6029111895081769035e-09;
3155543.7029130291194;8.3743136869429690705e-09;
3155877.0584700661711;8.1686835073924157768e-09;
3156210.4140271032229;1.0053511800833803136e-08;
3156543.7695841402747;1.1773078512078427593e-08;
3156877.1251411773264;1.1092324392336649908e-08;
3157210.4806982143782;8.3859879040915075166e-09;
3157543.83625525143;7.6086559275267973135e-09;
3157877.1918122884817;8.0224733522982205614e-09;
3158210.5473693255335;8.1635196380602792487e-09;
3158543.9029263625853;8.1586879474571105675e-09;
3158877.258483399637;8.0540907276827056194e-09;
3159210.6140404366888;8.1090192338706401642e-09;
3159543.9695974737406;7.7677251297814109421e-09;
3159877.3251545107923;7.7241946172534881043e-09;
3160210.6807115478441;8.2169133719389719772e-09;
3160544.0362685848959;7.8097590616721390688e-09;
3160877.3918256219476;8.2487456865010244655e-09;
3161210.7473826589994;7.5261157306272252754e-09;
3161544.1029396960512;8.1184978739656799007e-09;
3161877.4584967331029;8.1188975542545449571e-09;
3162210.8140537701547;7.7777340123930116533e-09;
3162544.1696108072065;7.4861352672428438382e-09;
3162877.5251678442582;7.9000166408604854951e-09;
3163210.88072488131;7.8474409193063365819e-09;
3163544.2362819183618;8.3998763500403583748e-09;
3163877.5918389554136;9.038505943692598521e-09;
3164210.9473959924653;8.8915221851948444964e-09;
3164544.3029530295171;8.8609599657729631872e-09;
3164877.6585100665689;8.3581168652813175868e-09;
3165211.0140671036206;7.9201516456350873341e-09;
3165544.3696241406724;7.4692936280484900635e-09;
3165877.7251811777242;7.9868263114235560352e-09;
3166211.0807382147759;8.4024742719179812411e-09;
3166544.4362952518277;1.008687622316983834e-08;
3166877.7918522888795;1.1284150502888223855e-08;
3167211.1474093259312;1.0086256274632887653e-08;
3167544.502966362983;8.1877633562044138671e-09;
3167877.8585234000348;8.4891658147512316646e-09;
3168211.2140804370865;8.421537245340005029e-09;
3168544.5696374741383;7.8138207015854277415e-09;
3168877.9251945111901;8.0156699056033176021e-09;
3169211.2807515482418;8.0895548038029119198e-09;
3169544.6363085852936;8.4292191004919914121e-09;
3169877.9918656223454;7.6555286554480517225e-09;
3170211.3474226593971;8.3436519915380813472e-09;
3170544.7029796964489;8.3823055163634307974e-09;
3170878.0585367335007;8.1719706557237259403e-09;
3171211.4140937705524;8.1998683398865068739e-09;
3171544.7696508076042;8.4349220941248859162e-09;
3171878.125207844656;8.0591293638576644298e-09;
3172211.4807648817077;1.1477175654306392971e-08;
3172544.8363219187595;8.6911908780962221499e-09;
3172878.1918789558113;8.1527415929372182291e-09;
3173211.547435992863;8.1710807009471864149e-09;
3173544.9029930299148;7.9594020263584752684e-09;
3173878.2585500669666;7.6322042019683067338e-09;
3174211.6141071040183;7.8837407713194807002e-09;
3174544.9696641410701;7.9418445153578431928e-09;
3174878.3252211781219;8.1143776142766910198e-09;
3175211.6807782151736;8.4100939545805886155e-09;
3175545.0363352522254;8.4945961376092782302e-09;
3175878.3918922892772;8.5321802956173087296e-09;
3176211.7474493263289;9.8261709879920999811e-09;
3176545.1030063633807;8.5401277161167854501e-09;
3176878.4585634004325;7.7897128747395072423e-09;
3177211.8141204374842;8.0809900993017436122e-09;
3177545.169677474536;7.9879489689460569934e-09;
3177878.5252345115878;7.9341191394632915035e-09;
3178211.8807915486395;8.4113649378991794947e-09;
3178545.2363485856913;8.5504110458600735001e-09;
3178878.5919056227431;7.8410060666556091746e-09;
3179211.9474626597948;7.8776904999244834471e-09;
3179545.3030196968466;8.4837248337521486974e-09;
3179878.6585767338984;8.4440996417356473103e-09;
3180212.0141337709501;9.1463059348484421207e-09;
3180545.3696908080019;8.0521243006614895421e-09;
3180878.7252478450537;8.3592626154427307483e-09;
3181212.0808048821054;8.1560793674384512997e-09;
3181545.4363619191572;8.5802946969693039136e-09;
3181878.791918956209;8.9955145554654336593e-09;
3182212.1474759932607;8.2227904485421277059e-09;
3182545.5030330303125;7.7304935786060013925e-09;
3182878.8585900673643;8.2016411440122283238e-09;
3183212.214147104416;8.3189322097609874618e-09;
3183545.5697041414678;8.1924387274057153263e-09;
3183878.9252611785196;8.0212902986431799945e-09;
3184212.2808182155713;9.615551910258091084e-09;
3184545.6363752526231;8.1722149047891434748e-09;
3184878.9919322896749;8.3662410332863146323e-09;
3185212.3474893267266;8.2860713845889222284e-09;
3185545.7030463637784;8.4862881166714032588e-09;
3185879.0586034008302;8.1683246833108569263e-09;
3186212.4141604378819;8.037031484775525314e-09;
3186545.7697174749337;7.9726678592351163388e-09;
3186879.1252745119855;8.7586000674377828545e-09;
3187212.4808315490372;8.5025391172166564502e-09;
3187545.836388586089;8.1229352133505017264e-09;
3187879.1919456231408;8.372430748693204805e-09;
3188212.5475026601925;8.0171203009626879066e-09;
3188545.9030596972443;8.0879205555106636893e-09;
3188879.2586167342961;8.5435791774557401368e-09;
3189212.6141737713479;8.4079960771532569197e-09;
3189545.9697308083996;8.3417610596825397806e-09;
3189879.3252878454514;9.3493888186912954552e-09;
3190212.6808448825032;7.9769550964670088433e-09;
3190546.0364019195549;7.8952435700330170221e-09;
3190879.3919589566067;8.37579960943912738e-09;
3191212.7475159936585;8.5926181725426431512e-09;
3191546.1030730307102;7.9716597767287566967e-09;
3191879.458630067762;7.9947302111804674496e-09;
3192212.8141871048138;8.0751290099101424858e-09;
3192546.1697441418655;8.2408808665945798566e-09;
3192879.5253011789173;8.387033290091494564e-09;
3193212.8808582159691;8.2610434049001923995e-09;
3193546.2364152530208;8.29360047305272019e-09;
3193879.5919722900726;8.3411757501039573981e-09;
3194212.9475293271244;7.7598016900992661249e-09;
3194546.3030863641761;7.6287722805545854499e-09;
3194879.6586434012279;7.6386159619801219378e-09;
3195213.0142004382797;7.4637194202864520776e-09;
3195546.3697574753314;8.1228490600437908142e-09;
3195879.7253145123832;7.8911117640245720395e-09;
3196213.080871549435;7.9405895192508069158e-09;
3196546.4364285864867;7.8057809105303022079e-09;
3196879.7919856235385;8.0518418599240249023e-09;
3197213.1475426605903;7.7112876084584058844e-09;
3197546.503099697642;8.3646538584503105085e-09;
3197879.8586567346938;8.2653111022068515013e-09;
3198213.2142137717456;7.9310256140274759673e-09;
3198546.5697708087973;7.821292058451945195e-09;
3198879.9253278458491;7.7605104564781868248e-09;
3199213.2808848829009;8.4594962146411489812e-09;
3199546.6364419199526;7.728660378347740334e-09;
3199879.9919989570044;7.6699597784113393573e-09;
3200213.3475559940562;8.0812885272507628542e-09;
3200546.7031130311079;7.8478414877736213384e-09;
3200880.0586700681597;7.7779116480769516784e-09;
3201213.4142271052115;8.2470217321883865225e-09;
3201546.7697841422632;7.7987083457742301107e-09;
3201880.125341179315;8.3599083211538527394e-09;
3202213.4808982163668;8.1419075925737161015e-09;
3202546.8364552534185;9.040300064100392774e-09;
3202880.1920122904703;9.8500212430963074439e-09;
3203213.5475693275221;8.2942710477595937846e-09;
3203546.9031263645738;8.1752302705240253999e-09;
3203880.2586834016256;7.9160757948670834594e-09;
3204213.6142404386774;7.8816082549337806995e-09;
3204546.9697974757291;7.7823676392085872067e-09;
3204880.3253545127809;7.4005277461708374176e-09;
3205213.6809115498327;7.3424613056261023303e-09;
3205547.0364685868844;7.8429893690667995543e-09;
3205880.3920256239362;7.6346848842945291835e-09;
3206213.747582660988;7.5937407473247731104e-09;
3206547.1031396980397;7.3558363844483665162e-09;
3206880.4586967350915;7.7523347741248471721e-09;
3207213.8142537721433;7.8788664481521664129e-09;
3207547.169810809195;7.4697137364410082228e-09;
3207880.5253678462468;8.0599509288958870457e-09;
3208213.8809248832986;8.0305389005275173986e-09;
3208547.2364819203503;7.6036057450323824014e-09;
3208880.5920389574021;8.5048847964230844809e-09;
3209213.9475959944539;1.0680376583138695423e-08;
3209547.3031530315056;1.1657580678559043008e-08;
3209880.6587100685574;1.0245193138302965963e-08;
3210214.0142671056092;8.0864861473628479871e-09;
3210547.3698241426609;8.0225301957170813694e-09;
3210880.7253811797127;7.8505157929953384155e-09;
3211214.0809382167645;7.7948456578269542661e-09;
3211547.4364952538162;7.7678343757270340575e-09;
3211880.792052290868;7.8231332523159835546e-09;
3212214.1476093279198;7.5714288172434862645e-09;
3212547.5031663649715;7.8571522621473377512e-09;
3212880.8587234020233;7.7517352536915495875e-09;
3213214.2142804390751;7.7303035084241855657e-09;
3213547.5698374761268;7.624900710823112604e-09;
3213880.9253945131786;7.8727238062015203468e-09;
3214214.2809515502304;7.8091551003467429837e-09;
3214547.6365085872822;7.7545001531120760774e-09;
3214880.9920656243339;7.8905015854502380535e-09;
3215214.3476226613857;7.4780119874162664928e-09;
3215547.7031796984375;7.9148385623284411849e-09;
3215881.0587367354892;7.7860597968992806273e-09;
3216214.414293772541;8.0022610760011048114e-09;
3216547.7698508095928;7.8647479639926132222e-09;
3216881.1254078466445;7.6596862186306680087e-09;
3217214.4809648836963;7.7710016199716847041e-09;
3217547.8365219207481;7.6956840899811140844e-09;
3217881.1920789577998;8.0123045975710738276e-09;
3218214.5476359948516;7.6067054877171358385e-09;
3218547.9031930319034;7.7970234713120589731e-09;
3218881.2587500689551;7.7254300734352909785e-09;
3219214.6143071060069;7.8819955007247699541e-09;
3219547.9698641430587;8.1723730005478500971e-09;
3219881.3254211801104;7.5871664506621527835e-09;
3220214.6809782171622;8.1941085028347515617e-09;
3220548.036535254214;8.2597804151873788214e-09;
3220881.3920922912657;7.8541440018398134271e-09;
3221214.7476493283175;7.7653785623965632112e-09;
3221548.1032063653693;7.9978619282883300912e-09;
3221881.458763402421;7.5209474204029902467e-09;
3222214.8143204394728;7.9831510291228369169e-09;
3222548.1698774765246;7.6104740287519234698e-09;
3222881.5254345135763;7.8354842614203334961e-09;
3223214.8809915506281;7.7661157504849143152e-09;
3223548.2365485876799;7.4868848898290707439e-09;
3223881.5921056247316;7.7222956917921692366e-09;
3224214.9476626617834;7.3780705989179296012e-09;
3224548.3032196988352;8.0955260273185558617e-09;
3224881.6587767358869;7.896867160184228851e-09;
3225215.0143337729387;7.6487136624336926616e-09;
3225548.3698908099905;7.8271886749803343264e-09;
3225881.7254478470422;7.942207780331500544e-09;
3226215.081004884094;7.8832691485786199337e-09;
3226548.4365619211458;7.8272437420423557342e-09;
3226881.7921189581975;7.941342694550712622e-09;
3227215.1476759952493;7.4257919813192074798e-09;
3227548.5032330323011;7.1749379770835730596e-09;
3227881.8587900693528;8.0829920534597476944e-09;
3228215.2143471064046;7.9870652314184553688e-09;
3228548.5699041434564;8.0202191554690216435e-09;
3228881.9254611805081;7.6075199473280008533e-09;
3229215.2810182175599;7.2218786506539345282e-09;
3229548.6365752546117;8.2325462003041138814e-09;
3229881.9921322916634;8.4582030268620655988e-09;
3230215.3476893287152;7.6473298804557998665e-09;
3230548.703246365767;7.8519777346741648216e-09;
3230882.0588034028187;8.2815017066195650841e-09;
3231215.4143604398705;8.1123108230940488284e-09;
3231548.7699174769223;8.1268458629324413778e-09;
3231882.125474513974;7.893122599966773123e-09;
3232215.4810315510258;7.4795751814349387132e-09;
3232548.8365885880776;7.4928845350541450898e-09;
3232882.1921456251293;7.9607715974816528615e-09;
3233215.5477026621811;7.9089037541280049481e-09;
3233548.9032596992329;8.1026403364603538648e-09;
3233882.2588167362846;8.7016864824818185298e-09;
3234215.6143737733364;1.1148567402585740638e-08;
3234548.9699308103882;1.1531581911583543842e-08;
3234882.3254878474399;9.1273495428367823479e-09;
3235215.6810448844917;8.06991096169440425e-09;
3235549.0366019215435;7.3980577219856513693e-09;
3235882.3921589585952;7.8381550139283717726e-09;
3236215.747715995647;7.6163857443134475034e-09;
3236549.1032730326988;7.7955988331268599723e-09;
3236882.4588300697505;7.4824137996643003135e-09;
3237215.8143871068023;7.8388984192656607775e-09;
3237549.1699441438541;7.5797332854676824354e-09;
3237882.5255011809058;7.754050734831707814e-09;
3238215.8810582179576;9.2982848087785896496e-09;
3238549.2366152550094;8.6904732299331044487e-09;
3238882.5921722920612;7.8243838075309213309e-09;
3239215.9477293291129;8.7229601319904759293e-09;
3239549.3032863661647;7.8566557704107253812e-09;
3239882.6588434032165;7.9384969708939934208e-09;
3240216.0144004402682;7.3397656841223124502e-09;
3240549.36995747732;7.8553448190632479964e-09;
3240882.7255145143718;7.723326866937441082e-09;
3241216.0810715514235;8.2383913024841604056e-09;
3241549.4366285884753;7.7987909463672622223e-09;
3241882.7921856255271;7.6804225201954068325e-09;
3242216.1477426625788;8.1554496489388839109e-09;
3242549.5032996996306;7.4956227891220805759e-09;
3242882.8588567366824;8.2588087479962268844e-09;
3243216.2144137737341;8.0281976622131878685e-09;
3243549.5699708107859;7.3057533356291060045e-09;
3243882.9255278478377;7.6463493314804509282e-09;
3244216.2810848848894;7.71927055609467061e-09;
3244549.6366419219412;7.6735444665132490627e-09;
3244882.992198958993;8.4786586640461791831e-09;
3245216.3477559960447;7.9234361294311383972e-09;
3245549.7033130330965;7.9169248934363167791e-09;
3245883.0588700701483;7.9885102977073074726e-09;
3246216.4144271072;7.9124200524915977439e-09;
3246549.7699841442518;7.7557125166549667483e-09;
3246883.1255411813036;8.199926071483787382e-09;
3247216.4810982183553;7.9143385178781500144e-09;
3247549.8366552554071;7.4643091707571329607e-09;
3247883.1922122924589;7.4081500933687038923e-09;
3248216.5477693295106;7.9001551966939587146e-09;
3248549.9033263665624;8.1263316076274350053e-09;
3248883.2588834036142;7.7779667151389730861e-09;
3249216.6144404406659;8.0144726410935618333e-09;
3249549.9699974777177;7.7378849994147458347e-09;
3249883.3255545147695;8.4747870943147063372e-09;
3250216.6811115518212;8.0075066577478537511e-09;
3250550.036668588873;7.7142683352349195047e-09;
3250883.3922256259248;8.0851227934886082949e-09;
3251216.7477826629765;7.2254828786810776364e-09;
3251550.1033397000283;7.8801400960060163925e-09;
3251883.4588967370801;8.0245037281656550476e-09;
3252216.8144537741318;7.9864195257073333778e-09;
3252550.1700108111836;7.833405923918235203e-09;
3252883.5255678482354;7.3425128199744449375e-09;
3253216.8811248852871;7.5855677295066925581e-09;
3253550.2366819223389;7.8520887569766273373e-09;
3253883.5922389593907;7.7007147325502955937e-09;
3254216.9477959964424;8.1482172120672657911e-09;
3254550.3033530334942;7.4499126867522136308e-09;
3254883.658910070546;7.6813675420339677657e-09;
3255217.0144671075977;7.7114910013165172131e-09;
3255550.3700241446495;7.8353883381510058825e-09;
3255883.7255811817013;7.7930657482738752151e-09;
3256217.081138218753;7.6562152173664799193e-09;
3256550.4366952558048;7.9453332801904252847e-09;
3256883.7922522928566;7.779866528778711654e-09;
3257217.1478093299083;7.8109110290824901313e-09;
3257550.5033663669601;8.0464115370659783366e-09;
3257883.8589234040119;7.9155064725000556791e-09;
3258217.2144804410636;7.918023570141485834e-09;
3258550.5700374781154;7.8932744784765418444e-09;
3258883.9255945151672;7.9040427536369861627e-09;
3259217.2811515522189;7.8597066632823953114e-09;
3259550.6367085892707;7.5322663661836486426e-09;
3259883.9922656263225;8.0354078946243134851e-09;
3260217.3478226633742;8.0039201932891046454e-09;
3260550.703379700426;7.8475794751398098015e-09;
3260884.0589367374778;7.6186745801010147261e-09;
3261217.4144937745295;7.5659505327507758921e-09;
3261550.7700508115813;7.6422264072562029469e-09;
3261884.1256078486331;8.0243340860874923237e-09;
3262217.4811648856848;7.6859434372522628109e-09;
3262550.8367219227366;7.7432291689660814882e-09;
3262884.1922789597884;7.7183219815424308763e-09;
3263217.5478359968401;7.8955633142641090672e-09;
3263550.9033930338919;8.0489988008025648014e-09;
3263884.2589500709437;8.2407796142547340423e-09;
3264217.6145071079955;8.3441209497436830134e-09;
3264550.9700641450472;8.1043483035614372056e-09;
3264884.325621182099;8.0826936255107284524e-09;
3265217.6811782191508;8.0829636317503172904e-09;
3265551.0367352562025;7.7127912945229581965e-09;
3265884.3922922932543;8.3274569462332692638e-09;
3266217.7478493303061;8.2331252926337583631e-09;
3266551.1034063673578;7.8971167383201645862e-09;
3266884.4589634044096;7.8637114597768231761e-09;
3267217.8145204414614;8.2025772840665922558e-09;
3267551.1700774785131;8.4269089484223513864e-09;
3267884.5256345155649;7.92764076606999879e-09;
3268217.8811915526167;7.8260882219183258712e-09;
3268551.2367485896684;8.0720798933953119558e-09;
3268884.5923056267202;8.501388926163144788e-09;
3269217.947862663772;8.2715132521116174757e-09;
3269551.3034197008237;8.3614066781478868506e-09;
3269884.6589767378755;7.9601845115462310787e-09;
3270218.0145337749273;7.9963591304021974793e-09;
3270551.370090811979;7.7559167976914977771e-09;
3270884.7256478490308;8.2371904852607258363e-09;
3271218.0812048860826;7.5320940595702268183e-09;
3271551.4367619231343;8.0212334552243191865e-09;
3271884.7923189601861;8.2804696432958735386e-09;
3272218.1478759972379;8.3055713417934384779e-09;
3272551.5034330342896;8.1338589197343935666e-09;
3272884.8589900713414;8.4636138097948787617e-09;
3273218.2145471083932;8.158358433263401821e-09;
3273551.5701041454449;8.9825658022846255335e-09;
3273884.9256611824967;1.0233950575866401778e-08;
3274218.2812182195485;8.7565226181141042616e-09;
3274551.6367752566002;8.6712272917566224351e-09;
3274884.992332293652;8.0564399596028124506e-09;
3275218.3478893307038;9.0448430967171589145e-09;
3275551.7034463677555;8.9558431781711078656e-09;
3275885.0590034048073;8.7867872977653860289e-09;
3276218.4145604418591;9.0230853899697649467e-09;
3276551.7701174789108;8.9676026604479375237e-09;
3276885.1256745159626;8.4880777961870990111e-09;
3277218.4812315530144;9.1924556855360606278e-09;
3277551.8367885900661;8.6502165430601962726e-09;
3277885.1923456271179;8.8919129836995125515e-09;
3278218.5479026641697;8.8253377938940502645e-09;
3278551.9034597012214;8.6386746644961931452e-09;
3278885.2590167382732;8.7667739734342831071e-09;
3279218.614573775325;9.0317122669603122631e-09;
3279551.9701308123767;8.3306606057931276155e-09;
3279885.3256878494285;8.6740463700607506325e-09;
3280218.6812448864803;9.6840384600227480405e-09;
3280552.036801923532;8.8876177528618427459e-09;
3280885.3923589605838;8.9473193298772457638e-09;
3281218.7479159976356;8.8455314184443523118e-09;
3281552.1034730346873;9.2067580226284917444e-09;
3281885.4590300717391;9.2021332775971131923e-09;
3282218.8145871087909;9.0308551747853016423e-09;
3282552.1701441458426;8.6449452041392760293e-09;
3282885.5257011828944;8.2807307677512653754e-09;
3283218.8812582199462;9.5883612161173914501e-09;
3283552.2368152569979;9.5418322132445609896e-09;
3283885.5923722940497;9.3600212025535256544e-09;
3284218.9479293311015;8.8911162876570415392e-09;
3284552.3034863681532;9.3453982330515827925e-09;
3284885.659043405205;9.3223277985998720396e-09;
3285219.0146004422568;9.6808232541434335872e-09;
3285552.3701574793085;8.9683593884615220304e-09;
3285885.7257145163603;8.8687306387669195828e-09;
3286219.0812715534121;9.1853040729006352194e-09;
3286552.4368285904638;9.1425951254109349975e-09;
3286885.7923856275156;9.1601988216893914796e-09;
3287219.1479426645674;9.0935481367182546819e-09;
3287552.5034997016191;8.9736706954113287793e-09;
3287885.8590567386709;8.5639557667605004099e-09;
3288219.2146137757227;9.5613303940922378388e-09;
3288552.5701708127744;8.9719360829576544347e-09;
3288885.9257278498262;8.4195406202525191475e-09;
3289219.281284886878;9.2247933736189224874e-09;
3289552.6368419239298;9.2437737464479141636e-09;
3289885.9923989609815;8.5468663257870503003e-09;
3290219.3479559980333;8.3512485815617765184e-09;
3290552.7035130350851;9.000193479380413919e-09;
3290886.0590700721368;8.6062748039239522768e-09;
3291219.4146271091886;8.8250429186587098229e-09;
3291552.7701841462404;8.2943145685021590907e-09;
3291886.1257411832921;8.4192297578056241036e-09;
3292219.4812982203439;8.4904492325676983455e-09;
3292552.8368552573957;8.6250127040443658188e-09;
3292886.1924122944474;8.5910780711628831341e-09;
3293219.5479693314992;8.5986124886971992964e-09;
3293552.903526368551;9.1716474415193260938e-09;
3293886.2590834056027;9.1083842690409255738e-09;
3294219.6146404426545;8.7181195596031102468e-09;
3294552.9701974797063;8.7239406809658248676e-09;
3294886.325754516758;8.5317903852910603746e-09;
3295219.6813115538098;8.1098887605435265868e-09;
3295553.0368685908616;9.0463849744537583319e-09;
3295886.3924256279133;1.0149872053943909123e-08;
3296219.7479826649651;9.8795345238045229053e-09;
3296553.1035397020169;8.8466194370084849652e-09;
3296886.4590967390686;8.3506321857385046314e-09;
3297219.8146537761204;8.3260527361517233658e-09;
3297553.1702108131722;8.3644033921359550732e-09;
3297886.5257678502239;8.0153457204801270564e-09;
3298219.8813248872757;8.0823392423212681024e-09;
3298553.2368819243275;8.3388602689637991716e-09;
3298886.5924389613792;8.3058333544272500149e-09;
3299219.947995998431;8.151911146114798612e-09;
3299553.3035530354828;8.0594979579018399818e-09;
3299886.6591100725345;8.1589890399413889099e-09;
3300220.0146671095863;7.9925950302595083485e-09;
3300553.3702241466381;8.4761273555500338261e-09;
3300886.7257811836898;7.699943793681995885e-09;
3301220.0813382207416;7.9694757459947140887e-09;
3301553.4368952577934;8.1638491522539879952e-09;
3301886.7924522948451;7.8874249354043968196e-09;
3302220.1480093318969;8.1783619876318880415e-09;
3302553.5035663689487;8.283160823907564918e-09;
3302886.8591234060004;7.8780502121844619978e-09;
3303220.2146804430522;8.158344222408686619e-09;
3303553.570237480104;8.4303151126619013667e-09;
3303886.9257945171557;8.1745978874891989108e-09;
3304220.2813515542075;8.0196134177867861581e-09;
3304553.6369085912593;8.1567819165684340987e-09;
3304886.992465628311;7.9315274348346065381e-09;
3305220.3480226653628;8.3591444877129106317e-09;
3305553.7035797024146;7.9581852219234860968e-09;
3305887.0591367394663;8.2120932276552593976e-09;
3306220.4146937765181;7.9501507599388787639e-09;
3306553.7702508135699;8.0642132971320279466e-09;
3306887.1258078506216;7.9253572593529497681e-09;
3307220.4813648876734;7.9283370979510436882e-09;
3307553.8369219247252;7.9216126991354940401e-09;
3307887.1924789617769;7.628021769789938844e-09;
3308220.5480359988287;7.8153448157536331564e-09;
3308553.9035930358805;7.8259922986489982577e-09;
3308887.2591500729322;8.1616118308147633797e-09;
3309220.614707109984;8.2105211518523901759e-09;
3309553.9702641470358;9.0948102382526485599e-09;
3309887.3258211840875;8.0936208846082990931e-09;
3310220.6813782211393;7.9097652871951140696e-09;
3310554.0369352581911;7.6732078468921827152e-09;
3310887.3924922952428;7.7063448955527746875e-09;
3311220.7480493322946;7.7403727871683258854e-09;
3311554.1036063693464;8.1423081610410008579e-09;
3311887.4591634063981;7.7941066933817637619e-09;
3312220.8147204434499;8.18409606750947205e-09;
3312554.1702774805017;8.0342781316744549258e-09;
3312887.5258345175534;8.0957818227034294978e-09;
3313220.8813915546052;7.6492376877013157355e-09;
3313554.236948591657;7.828852233160432661e-09;
3313887.5925056287088;7.7895352390555672173e-09;
3314220.9480626657605;7.7112201068985086749e-09;
3314554.3036197028123;7.7891657568329719652e-09;
3314887.6591767398641;7.7395432285243259685e-09;
3315221.0147337769158;7.5763519902238840587e-09;
3315554.3702908139676;8.124833250633400894e-09;
3315887.7258478510194;8.0060855722763335507e-09;
3316221.0814048880711;7.8295814276430064638e-09;
3316554.4369619251229;7.912349886396441434e-09;
3316887.7925189621747;7.9895210447489262151e-09;
3317221.1480759992264;7.4852932741009681195e-09;
3317554.5036330362782;7.6463360088041554263e-09;
3317887.85919007333;7.871576279683267785e-09;
3318221.2147471103817;7.8822308680059904873e-09;
3318554.5703041474335;7.5729449378059143783e-09;
3318887.9258611844853;7.8230097955156452372e-09;
3319221.281418221537;7.935959445148910163e-09;
3319554.6369752585888;7.7981194834819689277e-09;
3319887.9925322956406;7.8557169658211023489e-09;
3320221.3480893326923;8.3578530762906666496e-09;
3320554.7036463697441;7.568716320349722082e-09;
3320888.0592034067959;8.0150215353569365107e-09;
3321221.4147604438476;7.4847674724765056453e-09;
3321554.7703174808994;8.1272029106571608281e-09;
3321888.1258745179512;7.5780155484039823932e-09;
3322221.4814315550029;7.678142566192036611e-09;
3322554.8369885920547;8.1043909361255828117e-09;
3322888.1925456291065;7.7506054907416910282e-09;
3323221.5481026661582;7.6038322305294059333e-09;
3323554.90365970321;7.4516668391311213782e-09;
3323888.2592167402618;7.4573369701624869776e-09;
3324221.6147737773135;7.5365678142702563491e-09;
3324554.9703308143653;7.9708897260388766881e-09;
3324888.3258878514171;7.8474551301610517839e-09;
3325221.6814448884688;7.8400965719538362464e-09;
3325555.0370019255206;8.2765430065023792849e-09;
3325888.3925589625724;7.5383947972795795067e-09;
3326221.7481159996241;7.8938846570508758305e-09;
3326555.1036730366759;7.4405215322315143567e-09;
3326888.4592300737277;7.6142052662930836959e-09;
3327221.8147871107794;7.899392251431436307e-09;
3327555.1703441478312;8.1772695281756568875e-09;
3327888.525901184883;7.7237745088609699451e-09;
3328221.8814582219347;7.3589903060167216609e-09;
3328555.2370152589865;8.062555956200867513e-09;
3328888.5925722960383;7.8752275811666549998e-09;
3329221.94812933309;7.5528836518401476496e-09;
3329555.3036863701418;7.8798079172770485457e-09;
3329888.6592434071936;7.9787065843106574903e-09;
3330222.0148004442453;8.2161477621411904693e-09;
3330555.3703574812971;7.3613821705009740981e-09;
3330888.7259145183489;7.846228555763445911e-09;
3331222.0814715554006;7.5185040415703952021e-09;
3331555.4370285924524;7.5947150790511841478e-09;
3331888.7925856295042;7.694603176844339032e-09;
3332222.1481426665559;7.8789499369236182247e-09;
3332555.5036997036077;8.2369586706931841036e-09;
3332888.8592567406595;7.831809867298034078e-09;
3333222.2148137777112;8.3588513888344095903e-09;
3333555.570370814763;8.3458804311931089615e-09;
3333888.9259278518148;7.9484046011657483177e-09;
3334222.2814848888665;7.7299100453842584102e-09;
3334555.6370419259183;8.3217530644219550595e-09;
3334888.9925989629701;8.0257445134179761226e-09;
3335222.3481560000218;7.1068586571243486105e-09;
3335555.7037130370736;7.6904811407985107508e-09;
3335889.0592700741254;8.1183699762732430827e-09;
3336222.4148271111771;8.3993310084906624979e-09;
3336555.7703841482289;8.0653475009739850066e-09;
3336889.1259411852807;7.7900681461073872924e-09;
3337222.4814982223324;8.3383033810946471931e-09;
3337555.8370552593842;7.8445605566912490758e-09;
3337889.192612296436;7.3087824681294932816e-09;
3338222.5481693334877;7.6144592853211179317e-09;
3338555.9037263705395;7.6389108372154623794e-09;
3338889.2592834075913;7.7572250845037160616e-09;
3339222.6148404446431;7.946995062013684219e-09;
3339555.9703974816948;7.8388158186726286658e-09;
3339889.3259545187466;7.8207831322174570232e-09;
3340222.6815115557984;7.6798558623636381526e-09;
3340556.0370685928501;7.8733322084190149326e-09;
3340889.3926256299019;7.7359416650324419606e-09;
3341222.7481826669537;7.730426077046104183e-09;
3341556.1037397040054;7.8051227703213044151e-09;
3341889.4592967410572;7.7832291722756963281e-09;
3342222.814853778109;7.851909344935847912e-09;
3342556.1704108151607;7.7461814740331647045e-09;
3342889.5259678522125;8.0163458093807093974e-09;
3343222.8815248892643;7.6838100326881431101e-09;
3343556.237081926316;8.1708799726243341865e-09;
3343889.5926389633678;7.5774568841779910144e-09;
3344222.9481960004196;8.286217045849753049e-09;
3344556.3037530374713;7.8622202082101466658e-09;
3344889.6593100745231;8.0601063601193345676e-09;
3345223.0148671115749;7.9700210875444099656e-09;
3345556.3704241486266;7.9435888977741342387e-09;
3345889.7259811856784;8.4384641496626500157e-09;
3346223.0815382227302;8.019726216446088074e-09;
3346556.4370952597819;7.6234272228248300962e-09;
3346889.7926522968337;8.0942603730704831833e-09;
3347223.1482093338855;7.522361400447152846e-09;
3347556.5037663709372;7.7637558604237710824e-09;
3347889.859323407989;7.747256169921001856e-09;
3348223.2148804450408;8.5890867751459154533e-09;
3348556.5704374820925;8.1940365603827558516e-09;
3348889.9259945191443;9.0342826553069244255e-09;
3349223.2815515561961;8.7411073934617888881e-09;
3349556.6371085932478;8.1460989065362809924e-09;
3349889.9926656302996;8.0635054189315269468e-09;
3350223.3482226673514;8.116216143605470279e-09;
3350556.7037797044031;7.6896844447560397384e-09;
3350890.0593367414549;8.2424307379369565751e-09;
3351223.4148937785067;8.1362596660028430051e-09;
3351556.7704508155584;7.5778290309358453669e-09;
3351890.1260078526102;8.3044326970593829174e-09;
3352223.481564889662;8.5358831114490385517e-09;
3352556.8371219267137;8.1703772636387839157e-09;
3352890.1926789637655;7.8036972439576857141e-09;
3353223.5482360008173;8.3273983264575690555e-09;
3353556.903793037869;8.2317948013610475755e-09;
3353890.2593500749208;8.2669959766690226388e-09;
3354223.6149071119726;7.729298978631504724e-09;
3354556.9704641490243;7.8801676295370270964e-09;
3354890.3260211860761;8.307891263825695205e-09;
3355223.6815782231279;8.2718916161184097291e-09;
3355557.0371352601796;7.3823618329527107562e-09;
3355890.3926922972314;8.2207822771351857227e-09;
3356223.7482493342832;8.2219671071470656898e-09;
3356557.1038063713349;7.4450454690122569446e-09;
3356890.4593634083867;8.368019166482554283e-09;
3357223.8149204454385;8.6592626402648420481e-09;
3357557.1704774824902;7.3011343637574555032e-09;
3357890.526034519542;7.857746453510117135e-09;
3358223.8815915565938;7.7129813647047740233e-09;
3358557.2371485936455;7.4369803648721699574e-09;
3358890.5927056306973;7.7929431796519565978e-09;
3359223.9482626677491;7.6786283997876125795e-09;
3359557.3038197048008;7.9548447828869939258e-09;
3359890.6593767418526;7.9366424543536595593e-09;
3360224.0149337789044;9.1993053175087879936e-09;
3360557.3704908159561;8.6688665135170595022e-09;
3360890.7260478530079;8.1794535589096994954e-09;
3361224.0816048900597;8.5508915503851312678e-09;
3361557.4371619271114;8.0574587002502084943e-09;
3361890.7927189641632;7.8249335899727157084e-09;
3362224.148276001215;8.2909199505820652121e-09;
3362557.5038330382667;8.0360571530491142767e-09;
3362890.8593900753185;8.2350632979455440363e-09;
3363224.2149471123703;8.1490476588896854082e-09;
3363557.570504149422;7.7507822382472113532e-09;
3363890.9260611864738;8.0053963458226462535e-09;
3364224.2816182235256;7.6721828889958487707e-09;
3364557.6371752605774;7.3699610858568576077e-09;
3364890.9927322976291;7.5585111503073676431e-09;
3365224.3482893346809;7.9019324417117786652e-09;
3365557.7038463717327;7.9935364993843904813e-09;
3365891.0594034087844;8.1043198818520068016e-09;
3366224.4149604458362;8.1615265656864721677e-09;
3366557.770517482888;7.6092847578479450021e-09;
3366891.1260745199397;7.4437376262892485101e-09;
3367224.4816315569915;7.8871345010611548787e-09;
3367557.8371885940433;7.8434165828866753145e-09;
3367891.192745631095;7.8655633117818979372e-09;
3368224.5483026681468;8.3697688779693635297e-09;
3368557.9038597051986;7.9697830557279303321e-09;
3368891.2594167422503;7.9207360670352500165e-09;
3369224.6149737793021;7.7604829229471761209e-09;
3369557.9705308163539;7.3217107932066483045e-09;
3369891.3260878534056;8.3682687446184900182e-09;
3370224.6816448904574;7.5079844563674669189e-09;
3370558.0372019275092;7.425452697162882032e-09;
3370891.3927589645609;7.3230355113196310413e-09;
3371224.7483160016127;7.915895494647884334e-09;
3371558.1038730386645;7.6809758553508800105e-09;
3371891.4594300757162;7.9588566848087793915e-09;
3372224.814987112768;7.5867667703732877271e-09;
3372558.1705441498198;7.5357071693815669278e-09;
3372891.5261011868715;8.1766806658833957044e-09;
3373224.8816582239233;7.7240454032789784833e-09;
3373558.2372152609751;7.8856245977476646658e-09;
3373891.5927722980268;7.9548865272727198317e-09;
3374224.9483293350786;7.7762312145068790414e-09;
3374558.3038863721304;7.9300646049773604318e-09;
3374891.6594434091821;8.3918969551177724497e-09;
3375225.0150004462339;8.9764613520060265728e-09;
3375558.3705574832857;8.0545579095314678852e-09;
3375891.7261145203374;7.7781310281466176093e-09;
3376225.0816715573892;7.9275297437675362744e-09;
3376558.437228594441;8.0885316222634173755e-09;
3376891.7927856314927;7.8015043314394461049e-09;
3377225.1483426685445;7.6954682626251269539e-09;
3377558.5038997055963;7.7340391868574442924e-09;
3377891.859456742648;7.7635373685325248516e-09;
3378225.2150137796998;7.5489037243414713885e-09;
3378558.5705708167516;7.9739148617363753146e-09;
3378891.9261278538033;7.7530835085326543776e-09;
3379225.2816848908551;8.0791453527240264521e-09;
3379558.6372419279069;7.470751128835217969e-09;
3379891.9927989649586;7.7016624189241156273e-09;
3380225.3483560020104;7.6242443469709542114e-09;
3380558.7039130390622;7.9506952133101549407e-09;
3380892.0594700761139;8.058535172494885046e-09;
3381225.4150271131657;7.8907795852956041927e-09;
3381558.7705841502175;7.9089872428994567599e-09;
3381892.1261411872692;7.6202537613312415488e-09;
3382225.481698224321;8.1163022969121811911e-09;
3382558.8372552613728;8.0125719392754035653e-09;
3382892.1928122984245;7.8478690213046320423e-09;
3383225.5483693354763;7.902611898202849261e-09;
3383558.9039263725281;7.5718675773828181264e-09;
3383892.2594834095798;8.0786053402448487759e-09;
3384225.6150404466316;8.4354558893551256915e-09;
3384558.9705974836834;7.564276316429641156e-09;
3384892.3261545207351;7.39075733946492619e-09;
3385225.6817115577869;7.8243287404688999231e-09;
3385559.0372685948387;8.0160642568216644577e-09;
3385892.3928256318904;7.9902644500862152199e-09;
3386225.7483826689422;7.5202208904556755442e-09;
3386559.103939705994;7.8579533990819072642e-09;
3386892.4594967430457;8.0966922055836221261e-09;
3387225.8150537800975;7.8413089354967269173e-09;
3387559.1706108171493;7.4773023328589260927e-09;
3387892.526167854201;7.6158910289336745336e-09;
3388225.8817248912528;7.4822299467314223875e-09;
3388559.2372819283046;7.6933996950856453623e-09;
3388892.5928389653563;7.9179818257557599281e-09;
3389225.9483960024081;7.5446351388563925866e-09;
3389559.3039530394599;7.6624848688311431033e-09;
3389892.6595100765117;7.8989064178358603385e-09;
3390226.0150671135634;7.8723916274725525e-09;
3390559.3706241506152;7.8423143534678274591e-09;
3390892.726181187667;7.6414208294295349333e-09;
3391226.0817382247187;7.9560322774341329932e-09;
3391559.4372952617705;7.8568209715967896045e-09;
3391892.7928522988223;8.0556619153071551409e-09;
3392226.148409335874;8.1404056828660031897e-09;
3392559.5039663729258;7.7483450766635542095e-09;
3392892.8595234099776;7.7760953232086649223e-09;
3393226.2150804470293;7.8837407713194807002e-09;
3393559.5706374840811;7.7635506912088203535e-09;
3393892.9261945211329;7.8614048604208619508e-09;
3394226.2817515581846;7.5864337034659001802e-09;
3394559.6373085952364;8.0179374251088120218e-09;
3394892.9928656322882;8.0764914756059624779e-09;
3395226.3484226693399;7.6972526130703045055e-09;
3395559.7039797063917;7.7886177507480169879e-09;
3395893.0595367434435;7.7108950335968984291e-09;
3396226.4150937804952;7.9159230281788950379e-09;
3396559.770650817547;7.6872801457739114994e-09;
3396893.1262078545988;7.7260953190716463723e-09;
3397226.4817648916505;7.448538230647727687e-09;
3397559.8373219287023;7.5394943621631682618e-09;
3397893.1928789657541;7.4495853930045541347e-09;
3398226.5484360028058;7.6467383536282795831e-09;
3398559.9039930398576;7.4925425863625605416e-09;
3398893.2595500769094;7.9461850432949177048e-09;
3399226.6151071139611;7.7376407503493283002e-09;
3399559.9706641510129;8.086187719413828745e-09;
3399893.3262211880647;7.4015678031003062642e-09;
3400226.6817782251164;7.9303985600631676789e-09;
3400560.0373352621682;7.865342155355392606e-09;
3400893.39289229922;7.2989028154779589386e-09;
3401226.7484493362717;7.9316668788464994577e-09;
3401560.1040063733235;8.1719280231595803343e-09;
3401893.4595634103753;7.5065864635348589218e-09;
3402226.815120447427;7.4572845676357246703e-09;
3402560.1706774844788;7.7503603534978537937e-09;
3402893.5262345215306;7.6521944336604974524e-09;
3403226.8817915585823;7.7758084415791017818e-09;
3403560.2373485956341;7.8441475537260885176e-09;
3403893.5929056326859;8.153357988760490116e-09;
3404226.9484626697376;7.6490094258474528033e-09;
3404560.3040197067894;7.5465971249855101632e-09;
3404893.6595767438412;7.8839486050696905295e-09;
3405227.0151337808929;7.7495156958207189746e-09;
3405560.3706908179447;7.3548545032053880277e-09;
3405893.7262478549965;7.5219652728719665902e-09;
3406227.0818048920482;7.7217796601303234638e-09;
3406560.4373619291;7.9838669009291152179e-09;
3406893.7929189661518;7.7256609998244130111e-09;
3407227.1484760032035;7.6841741858402201615e-09;
3407560.5040330402553;7.9410495956722115807e-09;
3407893.8595900773071;7.5700725687966041733e-09;
3408227.2151471143588;8.0945161684553568193e-09;
3408560.5707041514106;7.6792758818555739708e-09;
3408893.9262611884624;7.5871664506621527835e-09;
3409227.2818182255141;7.4397634719503002998e-09;
3409560.6373752625659;8.120209393780442042e-09;
3409893.9929322996177;7.5769372998024664412e-09;
3410227.3484893366694;7.7985582436213007895e-09;
3410560.7040463737212;7.5882864436493946414e-09;
3410894.059603410773;7.7830240030607455992e-09;
3411227.4151604478247;7.3261494648590996803e-09;
3411560.7707174848765;7.7865252023912034929e-09;
3411894.1262745219283;7.9137816300089980359e-09;
3412227.48183155898;7.7285653432568324206e-09;
3412560.8373885960318;7.58579421500371609e-09;
3412894.1929456330836;8.0236155497459549224e-09;
3413227.5485026701353;8.1765367809794042842e-09;
3413560.9040597071871;7.7713018242775433464e-09;
3413894.2596167442389;7.1644210564159038768e-09;
3414227.6151737812907;7.8382793589071297902e-09;
3414560.9707308183424;7.7325310599007934798e-09;
3414894.3262878553942;7.6965358530856065045e-09;
3415227.681844892446;7.2165904363430399826e-09;
3415561.0374019294977;8.1318436429000939825e-09;
3415894.3929589665495;7.5744885918993531959e-09;
3416227.7485160036013;9.06899533248406442e-09;
3416561.104073040653;7.8506268152978009311e-09;
3416894.4596300777048;7.6325257225562381791e-09;
3417227.8151871147566;7.8708293216322999797e-09;
3417561.1707441518083;7.9160482613360727555e-09;
3417894.5263011888601;7.0460695056340227893e-09;
3418227.8818582259119;7.4783006454026690335e-09;
3418561.2374152629636;7.942193569476785342e-09;
3418894.5929723000154;8.0278166336711365147e-09;
3419227.9485293370672;8.0348145914399538015e-09;
3419561.3040863741189;7.6921562452980651869e-09;
3419894.6596434111707;7.9693771581901273748e-09;
3420228.0152004482225;7.7411890231360303005e-09;
3420561.3707574852742;7.7241137930172953929e-09;
3420894.726314522326;8.183549837781356473e-09;
3421228.0818715593778;7.8468760378314073023e-09;
3421561.4374285964295;7.9776274475307218381e-09;
3421894.7929856334813;7.6664035120188600558e-09;
3422228.1485426705331;7.8892270494179683737e-09;
3422561.5040997075848;7.6224493383847402583e-09;
3422894.8596567446366;7.9993238699671564973e-09;
3423228.2152137816884;8.1546041030833293917e-09;
3423561.5707708187401;7.7846102897183300229e-09;
3423894.9263278557919;8.1843403165748895844e-09;
3424228.2818848928437;7.9404216535294835921e-09;
3424561.6374419298954;8.0851227934886082949e-09;
3424894.9929989669472;7.8934689895504561719e-09;
3425228.348556003999;8.7110620938801730517e-09;
3425561.7041130410507;7.7289321609441685723e-09;
3425895.0596700781025;7.7088229133437380369e-09;
3426228.4152271151543;7.724887396420854202e-09;
3426561.770784152206;7.7311321788897657825e-09;
3426895.1263411892578;7.7004580489870022575e-09;
3427228.4818982263096;7.6080546307366603287e-09;
3427561.8374552633613;7.7903283823843594291e-09;
3427895.1930123004131;8.188727029789788503e-09;
3428228.5485693374649;7.8395734348646328726e-09;
3428561.9041263745166;7.8359931876548216678e-09;
3428895.2596834115684;7.5942345745261263801e-09;
3429228.6152404486202;7.7782127405612300208e-09;
3429561.9707974856719;8.392870398665763787e-09;
3429895.3263545227237;7.6833108764162716398e-09;
3430228.6819115597755;8.1092901282886487024e-09;
3430562.0374685968272;8.2219377972592155857e-09;
3430895.393025633879;8.7588611918931746914e-09;
3431228.7485826709308;9.3531999922902286926e-09;
3431562.1041397079825;8.4631679442281892989e-09;
3431895.4596967450343;7.5984916136917490803e-09;
3432228.8152537820861;8.1805744400753610535e-09;
3432562.1708108191378;7.9298692057250264043e-09;
3432895.5263678561896;7.4958599327601405093e-09;
3433228.8819248932414;8.6637363949648715788e-09;
3433562.2374819302931;7.4892518853175715776e-09;
3433895.5930389673449;8.2455153815885751101e-09;
3434228.9485960043967;8.0325994744612216891e-09;
3434562.3041530414484;8.22898993391163458e-09;
3434895.6597100785002;7.7045578805723380356e-09;
3435229.015267115552;8.1589455191988236038e-09;
3435562.3708241526037;7.7717112745290251041e-09;
3435895.7263811896555;7.9706099498366711487e-09;
3436229.0819382267073;8.5216491640949243447e-09;
3436562.437495263759;7.8857071983406967774e-09;
3436895.7930523008108;8.5166362850941368379e-09;
3437229.1486093378626;8.0645818911762034986e-09;
3437562.5041663749143;8.1860083156470864196e-09;
3437895.8597234119661;7.9493824856058381556e-09;
3438229.2152804490179;7.9432682653646224935e-09;
3438562.5708374860696;8.5101303781698334205e-09;
3438895.9263945231214;8.4258289234639960341e-09;
3439229.2819515601732;8.3147826401841484767e-09;
3439562.637508597225;8.6509306385096351732e-09;
3439895.9930656342767;7.6274861982028596685e-09;
3440229.3486226713285;9.3337169104756867455e-09;
3440562.7041797083803;8.4634059760446689324e-09;
3440896.059736745432;8.270103712959553377e-09;
3441229.4152937824838;7.9208062331304063264e-09;
3441562.7708508195356;8.7865092979200198897e-09;
3441896.1264078565873;8.7249070190864586039e-09;
3442229.4819648936391;8.3692981434069224633e-09;
3442562.8375219306909;8.5595184273756785842e-09;
3442896.1930789677426;8.7490192868244776037e-09;
3443229.5486360047944;8.951108299015686498e-09;
3443562.9041930418462;8.8394571662320231553e-09;
3443896.2597500788979;9.5553192025477073912e-09;
3444229.6153071159497;8.541013230001226475e-09;
3444562.9708641530015;8.3993603183785126021e-09;
3444896.3264211900532;9.1464666951424078434e-09;
3445229.681978227105;9.2712086896540313319e-09;
3445563.0375352641568;8.53565840230885442e-09;
3445896.3930923012085;8.7725817721207022259e-09;
3446229.7486493382603;9.0620675408104034432e-09;
3446563.1042063753121;8.772412130042539502e-09;
3446896.4597634123638;9.0760083892860166088e-09;
3447229.8153204494156;9.2643057669761219586e-09;
3447563.1708774864674;8.7568148288141856028e-09;
3447896.5264345235191;8.3011508777985909546e-09;
3448229.8819915605709;1.0525277538420141354e-08;
3448563.2375485976227;8.8391471919635478116e-09;
3448896.5931056346744;8.8087492855493110255e-09;
3449229.9486626717262;9.0433340815820884018e-09;
3449563.304219708778;8.788454408659163164e-09;
3449896.6597767458297;8.9508098710666672559e-09;
3450230.0153337828815;8.1848297028841443534e-09;
3450563.3708908199333;8.5391373971788198105e-09;
3450896.726447856985;8.7001730264546495164e-09;
3451230.0820048940368;8.8252756214046712557e-09;
3451563.4375619310886;8.7758493805267789867e-09;
3451896.7931189681403;9.4107202031068482029e-09;
3452230.1486760051921;8.4148528145533418865e-09;
3452563.5042330422439;9.0829948007353777939e-09;
3452896.8597900792956;8.2287003877468123392e-09;
3453230.2153471163474;8.6710443270021642093e-09;
3453563.5709041533992;8.1477882218905506306e-09;
3453896.9264611904509;8.3121243221739860019e-09;
3454230.2820182275027;8.7447631358372746035e-09;
3454563.6375752645545;8.233834059012679063e-09;
3454896.9931323016062;9.2385619154811138287e-09;
3455230.348689338658;8.4956557344639804796e-09;
3455563.7042463757098;7.8833801708810824493e-09;
3455897.0598034127615;8.4576834424865410256e-09;
3456230.4153604498133;9.2584651056881739351e-09;
3456563.7709174868651;7.8470412390174715256e-09;
3456897.1264745239168;8.386061622900342627e-09;
3457230.4820315609686;8.3868272326981241349e-09;
3457563.8375885980204;7.9728499358111548645e-09;
3457897.1931456350721;8.179237731553712365e-09;
3458230.5487026721239;8.379140048475619551e-09;
3458563.9042597091757;8.3682687446184900182e-09;
3458897.2598167462274;7.6392332459818135248e-09;
3459230.6153737832792;8.1136928287151022232e-09;
3459563.970930820331;7.9448314593832947139e-09;
3459897.3264878573827;8.308912669008350349e-09;
3460230.6820448944345;8.3765199221375041816e-09;
3460564.0376019314863;8.1854336642095404386e-09;
3460897.393158968538;8.3303683950930462743e-09;
3461230.7487160055898;8.5633837798582135292e-09;
3461564.1042730426416;8.0452107198425437673e-09;
3461897.4598300796933;8.2880955432074188138e-09;
3462230.8153871167451;8.4476896589080752165e-09;
3462564.1709441537969;7.8167454731215002539e-09;
3462897.5265011908486;8.3761229063838982256e-09;
3463230.8820582279004;8.1500788340349572536e-09;
3463564.2376152649522;8.0886879416652845975e-09;
3463897.5931723020039;7.8500885791754626553e-09;
3464230.9487293390557;8.9083451726423845685e-09;
3464564.3042863761075;8.1412494523647183087e-09;
3464897.6598434131593;8.1050890443634671101e-09;
3465231.015400450211;7.4824271223405958153e-09;
3465564.3709574872628;7.8441333428713733156e-09;
3465897.7265145243146;8.4251183807282359339e-09;
3466231.0820715613663;7.5808248567454938893e-09;
3466564.4376285984181;7.5359318785217510595e-09;
3466897.7931856354699;7.7876194382042740472e-09;
3467231.1487426725216;8.2545881241458118893e-09;
3467564.5042997095734;8.2785351906977666658e-09;
3467897.8598567466252;8.2924209721113584237e-09;
3468231.2154137836769;7.7326802738753031008e-09;
3468564.5709708207287;7.7364168404869815276e-09;
3468897.9265278577805;7.9342035164131630154e-09;
3469231.2820848948322;7.9400317432032352372e-09;
3469564.637641931884;7.7761628247685621318e-09;
3469897.9931989689358;8.0413951053515120293e-09;
3470231.3487560059875;8.2842959159279416781e-09;
3470564.7043130430393;7.657546596817610407e-09;
3470898.0598700800911;7.8821198457035279716e-09;
3471231.4154271171428;7.6729920195361955848e-09;
3471564.7709841541946;7.8573592077191278804e-09;
3471898.1265411912464;7.9589961288206723111e-09;
3472231.4820982282981;9.076980944655588246e-09;
3472564.8376552653499;7.7505912798869758262e-09;
3472898.1932123024017;7.8159212435480185377e-09;
3473231.5487693394534;7.9445383605047936726e-09;
3473564.9043263765052;7.3028019187404424883e-09;
3473898.259883413557;8.0611259889451503113e-09;
3474231.6154404506087;7.7759176875247248972e-09;
3474564.9709974876605;7.9001276631629480107e-09;
3474898.3265545247123;7.7764639172528404742e-09;
3475231.682111561764;8.0960518289430183358e-09;
3475565.0376685988158;7.7056272473896569863e-09;
3475898.3932256358676;7.7729671588144810812e-09;
3476231.7487826729193;7.7289730171514747781e-09;
3476565.1043397099711;7.3731336591720264551e-09;
3476898.4598967470229;7.4611889999687264208e-09;
3477231.8154537840746;7.5512778252573298232e-09;
3477565.1710108211264;7.8980457729471709172e-09;
3477898.5265678581782;7.837136273280975729e-09;
3478231.8821248952299;7.4731394406057916058e-09;
3478565.2376819322817;7.4016197615378587216e-09;
3478898.5932389693335;7.4385613224592361803e-09;
3479231.9487960063852;7.6674000482057635963e-09;
3479565.304353043437;8.1446964728115744947e-09;
3479898.6599100804888;7.7577020363150950288e-09;
3480232.0154671175405;8.8577536416778457351e-09;
3480565.3710241545923;7.4421033779970002797e-09;
3480898.7265811916441;7.8317823337670233741e-09;
3481232.0821382286958;7.4108315040177785704e-09;
3481565.4376952657476;7.8723365604105310922e-09;
3481898.7932523027994;7.9949122877565059753e-09;
3482232.1488093398511;7.4248789339037557511e-09;
3482565.5043663769029;7.8533028968763574085e-09;
3482898.8599234139547;7.4708159658598560782e-09;
3483232.2154804510064;7.6568200668702957046e-09;
3483565.5710374880582;7.9056112767261765839e-09;
3483898.92659452511;7.6820549921308156627e-09;
3484232.2821515621617;8.1814075514330397709e-09;
3484565.6377085992135;7.2922512472928247007e-09;
3484898.9932656362653;7.6395147985408584645e-09;
3485232.348822673317;7.4432278118763406383e-09;
3485565.7043797103688;7.4462094268312739587e-09;
3485899.0599367474206;8.0641004984727260307e-09;
3486232.4154937844723;8.1397617535117205989e-09;
3486565.7710508215241;7.9821136367286271707e-09;
3486899.1266078585759;8.0767748045218468178e-09;
3487232.4821648956276;7.888242947728940635e-09;
3487565.8377219326794;8.3199847011883321102e-09;
3487899.1932789697312;8.3461593192168948008e-09;
3488232.5488360067829;8.7119795821877232811e-09;
3488565.9043930438347;8.2363369457993940159e-09;
3488899.2599500808865;8.7204012899633198685e-09;
3489232.6155071179383;7.3626753582800574804e-09;
3489565.97106415499;7.5780688391091644007e-09;
3489899.3266211920418;7.744766605810582405e-09;
3490232.6821782290936;7.4738615296610078076e-09;
3490566.0377352661453;7.9892545912230161775e-09;
3490899.3932923031971;7.7812192245119149447e-09;
3491232.7488493402489;7.3931989419406818342e-09;
3491566.1044063773006;8.0343633968027461378e-09;
3491899.4599634143524;7.8533304304073681124e-09;
3492232.8155204514042;7.9268192010317761742e-09;
3492566.1710774884559;7.8611979148490718217e-09;
3492899.5266345255077;7.7383468521929898998e-09;
3493232.8821915625595;7.8451254381661783555e-09;
3493566.2377485996112;6.885974013215445666e-09;
3493899.593305636663;7.1284653735403935571e-09;
3494232.9488626737148;7.5828099355135236692e-09;
3494566.3044197107665;7.8004349646221271541e-09;
3494899.6599767478183;7.1669514767336295336e-09;
3495233.0155337848701;7.615730268639708811e-09;
3495566.3710908219218;7.613375707649083779e-09;
3495899.7266478589736;8.3006845841282483889e-09;
3496233.0822048960254;8.2019004921107807604e-09;
3496566.4377619330771;7.7341208992720567039e-09;
3496899.7933189701289;7.7339032955592301732e-09;
3497233.1488760071807;7.5704846835833450314e-09;
3497566.5044330442324;7.3171202430444282072e-09;
3497899.8599900812842;7.5521402465028586448e-09;
3498233.215547118336;7.7962569733358577651e-09;
3498566.5711041553877;7.4132664451553864637e-09;
3498899.9266611924395;7.472680252362806641e-09;
3499233.2822182294913;7.7672339671153167728e-09;
3499566.637775266543;8.4038473957548376347e-09;
3499899.9933323035948;7.961988401916642033e-09;
3500233.3488893406466;7.3480226348010546644e-09;
3500566.7044463776983;7.9053759094449560507e-09;
3500900.0600034147501;7.5896462448099555331e-09;
3501233.4155604518019;7.7528383712888171431e-09;
3501566.7711174888536;7.8864550445700842829e-09;
3501900.1266745259054;7.8402067060778790619e-09;
3502233.4822315629572;7.7777206897167161515e-09;
3502566.8377886000089;7.7901916029077256098e-09;
3502900.1933456370607;7.3315571391674438928e-09;
3503233.5489026741125;7.5784685193980294571e-09;
3503566.9044597111642;7.5651005460031228722e-09;
3503900.260016748216;7.9412592057792608102e-09;
3504233.6155737852678;8.8585316859735030448e-09;
3504566.9711308223195;7.5999064819143313798e-09;
3504900.3266878593713;7.3312351744903025974e-09;
3505233.6822448964231;7.7174400203716686519e-09;
3505567.0378019334748;8.063080869646910287e-09;
3505900.3933589705266;7.8272162085113450303e-09;
3506233.7489160075784;7.4504753477810936602e-09;
3506567.1044730446301;8.1495770132278266829e-09;
3506900.4600300816819;7.5598522997211148322e-09;
3507233.8155871187337;7.5070616389893984888e-09;
3507567.1711441557854;7.8166904060594788461e-09;
3507900.5267011928372;7.0213319602885349013e-09;
3508233.882258229889;7.8927060442879337643e-09;
3508567.2378152669407;7.4201325084288782818e-09;
3508900.5933723039925;7.5232868823604803765e-09;
3509233.9489293410443;7.312622507527066773e-09;
3509567.304486378096;7.4995609722350309312e-09;
3509900.6600434151478;7.6687740602210396901e-09;
3510234.0156004521996;7.3668413591576609178e-09;
3510567.3711574892513;7.881165053902350337e-09;
3510900.7267145263031;8.0093913723544574168e-09;
3511234.0822715633549;7.7369470830035425024e-09;
3511567.4378286004066;7.5041075575654758723e-09;
3511900.7933856374584;7.5723196601984454901e-09;
3512234.1489426745102;8.4516385001620619732e-09;
3512567.5044997115619;7.5398514098878877121e-09;
3512900.8600567486137;7.7368795814436452929e-09;
3513234.2156137856655;8.2660518430088814057e-09;
3513567.5711708227172;7.9861814938908537442e-09;
3513900.926727859769;7.5675057331636708113e-09;
3514234.2822848968208;7.8411988013726841018e-09;
3514567.6378419338726;7.6229849099718194338e-09;
3514900.9933989709243;8.1871300849911676778e-09;
3515234.3489560079761;7.9969346700181631604e-09;
3515567.7045130450279;8.8460128111478297797e-09;
3515901.0600700820796;8.572715870514002745e-09;
3516234.4156271191314;7.96054866469830813e-09;
3516567.7711841561832;7.8810264980688771175e-09;
3516901.1267411932349;7.9316384571370690537e-09;
3517234.4822982302867;7.974853666325998347e-09;
3517567.8378552673385;7.7426030031801928999e-09;
3517901.1934123043902;7.7026092171195159608e-09;
3518234.548969341442;7.8225150801358722674e-09;
3518567.9045263784938;7.4086186074850957084e-09;
3518901.2600834155455;7.9229769411881534324e-09;
3519234.6156404525973;7.9158262167311477242e-09;
3519567.9711974896491;8.18409606750947205e-09;
3519901.3267545267008;7.7765456296674528858e-09;
3520234.6823115637526;8.1195965506708489556e-09;
3520568.0378686008044;7.6954274064178207482e-09;
3520901.3934256378561;7.7161663725178186723e-09;
3521234.7489826749079;7.6819199890110212436e-09;
3521568.1045397119597;7.4966894914041404263e-09;
3521901.4600967490114;7.7174400203716686519e-09;
3522234.8156537860632;8.249862126774587523e-09;
3522568.171210823115;7.7384019192550113075e-09;
3522901.5267678601667;8.2623206054677211796e-09;
3523234.8823248972185;7.6843091889600145805e-09;
3523568.2378819342703;7.2742363244060470606e-09;
3523901.593438971322;7.4076424994018452708e-09;
3524234.9489960083738;7.4998638410761486739e-09;
3524568.3045530454256;8.2233100329176522791e-09;
3524901.6601100824773;7.7667570153039378056e-09;
3525235.0156671195291;7.8870785458207137708e-09;
3525568.3712241565809;7.4067316724324427923e-09;
3525901.7267811936326;7.488765163543575909e-09;
3526235.0823382306844;7.9603523772675544024e-09;
3526568.4378952677362;7.7226482986247901863e-09;
3526901.7934523047879;7.7787589702893455978e-09;
3527235.1490093418397;7.7096080630667529476e-09;
3527568.5045663788915;7.9874160618942369183e-09;
3527901.8601234159432;7.6987403119233022153e-09;
3528235.215680452995;8.600758327759194799e-09;
3528568.5712374900468;7.5058874671185549232e-09;
3528901.9267945270985;7.5947284017274796497e-09;
3529235.2823515641503;7.2321877375713938818e-09;
3529568.6379086012021;7.7371371531853583292e-09;
3529901.9934656382538;7.6042603325277013937e-09;
3530235.3490226753056;7.4032584507222054526e-09;
3530568.7045797123574;7.7707413836947125674e-09;
3530902.0601367494091;8.0604181107446493115e-09;
3531235.4156937864609;7.9288664522891849629e-09;
3531568.7712508235127;7.4810335704000863188e-09;
3531902.1268078605644;7.3619901286292588338e-09;
3532235.4823648976162;7.6254362824101917795e-09;
3532568.837921934668;7.4776043135216241353e-09;
3532902.1934789717197;7.9554736132081416145e-09;
3533235.5490360087715;7.4799562099769900669e-09;
3533568.9045930458233;8.0290440962471620878e-09;
3533902.260150082875;7.5539450250516892993e-09;
3534235.6157071199268;7.4435155816843234788e-09;
3534568.9712641569786;7.6364559120634112332e-09;
3534902.3268211940303;7.7719297664202713349e-09;
3535235.6823782310821;7.563532022913932451e-09;
3535569.0379352681339;7.9583113432590835146e-09;
3535902.3934923051856;7.3793797739085675857e-09;
3536235.7490493422374;8.3181719290337241546e-09;
3536569.1046063792892;7.4655819304325632402e-09;
3536902.4601634163409;7.742100294194642629e-09;
3537235.8157204533927;7.8450153040421355399e-09;
3537569.1712774904445;7.8668342951004888164e-09;
3537902.5268345274962;7.7572526180347267655e-09;
3538235.882391564548;7.4142039174773799459e-09;
3538569.2379486015998;7.7120194674762387876e-09;
3538902.5935056386515;7.8015860438540585164e-09;
3539235.9490626757033;7.7761903582995728357e-09;
3539569.3046197127551;7.4093211566150785075e-09;
3539902.6601767498069;7.7883166582637386455e-09;
3540236.0157337868586;7.4973351971152624174e-09;
3540569.3712908239104;7.8652586665839407942e-09;
3540902.7268478609622;7.6093247258768315078e-09;
3541236.0824048980139;7.9319875112560112029e-09;
3541569.4379619350657;7.6529742543129941623e-09;
3541902.7935189721175;8.1208657576326004346e-09;
3542236.1490760091692;7.5100814456163789146e-09;
3542569.504633046221;7.4840045272139832377e-09;
3542902.8601900832728;7.6175368235453788657e-09;
3543236.2157471203245;8.0186275397409190191e-09;
3543569.5713041573763;7.930746726003690128e-09;
3543902.9268611944281;7.8296498173813233734e-09;
3544236.2824182314798;7.620106323713571328e-09;
3544569.6379752685316;7.8965065597458306001e-09;
3544902.9935323055834;7.8819955007247699541e-09;
3545236.3490893426351;8.0012911851667922747e-09;
3545569.7046463796869;7.5593478143787251611e-09;
3545903.0602034167387;7.5352044603960166569e-09;
3546236.4157604537904;7.5504287266880965035e-09;
3546569.7713174908422;7.9664799201850655663e-09;
3546903.126874527894;7.6076274169167845685e-09;
3547236.4824315649457;7.9493540638964077516e-09;
3547569.8379886019975;7.7808230969367286889e-09;
3547903.1935456390493;8.1330870926876741578e-09;
3548236.549102676101;7.7386328456441333401e-09;
3548569.9046597131528;7.6056894116049988952e-09;
3548903.2602167502046;7.5216082251472471398e-09;
3549236.6157737872563;7.5615522732164208719e-09;
3549569.9713308243081;8.198053791375059518e-09;
3549903.3268878613599;7.3782260301413771231e-09;
3550236.6824448984116;8.1383895178532839054e-09;
3550570.0380019354634;7.6252089087347485474e-09;
3550903.3935589725152;7.4057688870254878566e-09;
3551236.7491160095669;7.5939672328217966424e-09;
3551570.1046730466187;8.1492341763578224345e-09;
3551903.4602300836705;7.7206410153962679033e-09;
3552236.8157871207222;7.8642230505465704482e-09;
3552570.171344157774;7.4916073344866163097e-09;
3552903.5269011948258;7.8042043938353344856e-09;
3553236.8824582318775;7.5701258595017861808e-09;
3553570.2380152689293;8.1383468852891382994e-09;
3553903.5935723059811;7.4942798633514939866e-09;
3554236.9491293430328;8.0634201538032357348e-09;
3554570.3046863800846;8.0006445912772505835e-09;
3554903.6602434171364;7.9821420584380575747e-09;
3555237.0158004541881;7.6424147010811793734e-09;
3555570.3713574912399;7.3691324153912773909e-09;
3555903.7269145282917;7.2948007634465739102e-09;
3556237.0824715653434;7.8493576083360494522e-09;
3556570.4380286023952;7.823462766509692301e-09;
3556903.793585639447;7.7424537892056832789e-09;
3557237.1491426764987;7.3815837886570534465e-09;
3557570.5046997135505;6.9875181196721314336e-09;
3557903.8602567506023;7.9267499231150395644e-09;
3558237.215813787654;7.7030826162172161276e-09;
3558570.5713708247058;7.8332824671178968856e-09;
3558903.9269278617576;7.5715487213301457814e-09;
3559237.2824848988093;7.7125745789885513659e-09;
3559570.6380419358611;7.6010682192872991436e-09;
3559903.9935989729129;7.5393220555497464375e-09;
3560237.3491560099646;8.1375315374998535844e-09;
3560570.7047130470164;7.6539823368193538045e-09;
3560904.0602700840682;7.421006031904653355e-09;
3561237.4158271211199;7.9128641417014478066e-09;
3561570.7713841581717;8.0221633780297452176e-09;
3561904.1269411952235;7.1799060030741657101e-09;
3562237.4824982322752;7.6316544195265123562e-09;
3562570.838055269327;7.8929831559548802034e-09;
3562904.1936123063788;7.9492012972082193301e-09;
3563237.5491693434305;7.8653004109696667001e-09;
3563570.9047263804823;7.6599278031608264428e-09;
3563904.2602834175341;7.6157702366685953166e-09;
3564237.6158404545859;7.4781958403491444187e-09;
3564570.9713974916376;7.1546235602681917953e-09;
3564904.3269545286894;7.7537372078495536698e-09;
3565237.6825115657412;7.9398363439509012096e-09;
3565571.0380686027929;7.7407262821793665353e-09;
3565904.3936256398447;7.6162791629030834883e-09;
3566237.7491826768965;7.6807467053185973782e-09;
3566571.1047397139482;7.5417325717808125773e-09;
3566904.460296751;7.8387332180795965542e-09;
3567237.8158537880518;7.7985031765592793818e-09;
3567571.1714108251035;7.8553723525942587003e-09;
3567904.5269678621553;8.0618907105645121192e-09;
3568237.8825248992071;8.8364302541776851285e-09;
3568571.2380819362588;8.9006801928803724877e-09;
3568904.5936389733106;7.8997670627245497599e-09;
3569237.9491960103624;7.4695432061844257987e-09;
3569571.3047530474141;7.9949122877565059753e-09;
3569904.6603100844659;7.7777757567787375592e-09;
3570238.0158671215177;8.1194677647999924375e-09;
3570571.3714241585694;7.5948749511667301704e-09;
3570904.7269811956212;7.9295769950249450631e-09;
3571238.082538232673;7.7230550843410128437e-09;
3571571.4380952697247;7.7860597968992806273e-09;
3571904.7936523067765;7.5494082096838610596e-09;
3572238.1492093438283;7.9254967033648426877e-09;
3572571.50476638088;7.5632531348901466117e-09;
3572904.8603234179318;7.9330737534633044561e-09;
3573238.2158804549836;8.1522832928726529644e-09;
3573571.5714374920353;7.6674000482057635963e-09;
3573904.9269945290871;8.1089766013064945582e-09;
3574238.2825515661389;7.8065216513323321124e-09;
3574571.6381086031906;7.6052488751088276331e-09;
3574904.9936656402424;7.6699464557350438554e-09;
3575238.3492226772942;7.6557578054803343548e-09;
3575571.7047797143459;8.1322726330768091429e-09;
3575905.0603367513977;7.8183655105590332823e-09;
3576238.4158937884495;8.6908240604088859982e-09;
3576571.7714508255012;7.1496102371781944385e-09;
3576905.127007862553;8.0098558896679605823e-09;
3577238.4825648996048;7.5004704669368038594e-09;
3577571.8381219366565;7.5166148860716930358e-09;
3577905.1936789737083;7.4902919422470404243e-09;
3578238.5492360107601;7.727873452267886023e-09;
3578571.9047930478118;7.7221464778176596155e-09;
3578905.2603500848636;7.7208577309306747338e-09;
3579238.6159071219154;7.2403363304829326808e-09;
3579571.9714641589671;7.9181621259749590536e-09;
3579905.3270211960189;8.0141067115846453817e-09;
3580238.6825782330707;7.8192448071945364063e-09;
3580572.0381352701224;7.9133091190897175693e-09;
3580905.3936923071742;7.6949140392912340758e-09;
3581238.749249344226;7.8640152167963606189e-09;
3581572.1048063812777;8.05232236444908267e-09;
3581905.4603634183295;7.8171025208462197043e-09;
3582238.8159204553813;7.6551254224455078656e-09;
3582572.171477492433;7.7244797225262118445e-09;
3582905.5270345294848;7.9696711452470481163e-09;
3583238.8825915665366;7.53231876871041095e-09;
3583572.2381486035883;7.6063706444529088913e-09;
3583905.5937056406401;7.8099642308870897978e-09;
3584238.9492626776919;8.5781843850440964161e-09;
3584572.3048197147436;7.8191488839252087928e-09;
3584905.6603767517954;7.4602590771633003897e-09;
3585239.0159337888472;7.958059100587888679e-09;
3585572.3714908258989;7.3362982355718031613e-09;
3585905.7270478629507;7.4986781228858490067e-09;
3586239.0826049000025;8.3219724444916209904e-09;
3586572.4381619370542;7.9757498383514757734e-09;
3586905.793718974106;7.1965242653959649033e-09;
3587239.1492760111578;7.9491169202583478182e-09;
3587572.5048330482095;7.9054309765069774585e-09;
3587905.8603900852613;7.9485449333560609375e-09;
3588239.2159471223131;7.48004858053263888e-09;
3588572.5715041593648;8.1298159315679185966e-09;
3588905.9270611964166;7.3080252960266989248e-09;
3589239.2826182334684;7.8671655856510369631e-09;
3589572.6381752705202;8.015754282553189114e-09;
3589905.9937323075719;8.2805566847810041509e-09;
3590239.3492893446237;7.9189694801584664674e-09;
3590572.7048463816755;7.802696266878683673e-09;
3590906.0604034187272;7.2676198392684909777e-09;
3591239.415960455779;7.7625550432003365131e-09;
3591572.7715174928308;7.7442630086466124339e-09;
3591906.1270745298825;7.5441715097213091212e-09;
3592239.4826315669343;8.4560189961280229909e-09;
3592572.8381886039861;7.5885795425278956827e-09;
3592906.1937456410378;7.7107324969460933062e-09;
3593239.5493026780896;7.844973559656409634e-09;
3593572.9048597151414;7.8362552002886332048e-09;
3593906.2604167521931;7.6497075340853371017e-09;
3594239.6159737892449;7.9792119578314668615e-09;
3594572.9715308262967;8.0527042811695537239e-09;
3594906.3270878633484;7.2858741262393778015e-09;
3595239.6826449004002;7.7530426523253481719e-09;
3595573.038201937452;7.4765145186006520817e-09;
3595906.3937589745037;7.8333233233252030914e-09;
3596239.7493160115555;8.15480483140618162e-09;
3596573.1048730486073;7.6576949226137003279e-09;
3596906.460430085659;7.557687808912305627e-09;
3597239.8159871227108;7.4482113809892780409e-09;
3597573.1715441597626;8.2572126913760257594e-09;
3597906.5271011968143;7.918760758229836938e-09;
3598239.8826582338661;7.5987980352465456235e-09;
3598573.2382152709179;8.1463999990205593349e-09;
3598906.5937723079696;7.8052186935906320286e-09;
3599239.9493293450214;7.8726412056084882352e-09;
3599573.3048863820732;7.7420319044563257194e-09;
3599906.6604434191249;7.5605699478842325334e-09;
3600240.0160004561767;7.9821553811143530766e-09;
3600573.3715574932285;8.3689011276533165073e-09;
3600906.7271145302802;8.1993931644319673069e-09;
3601240.082671567332;7.7850339508245269826e-09;
3601573.4382286043838;7.8921518209540408861e-09;
3601906.7937856414355;8.0205575514469273912e-09;
3602240.1493426784873;8.0830631077333237045e-09;
3602573.5048997155391;8.2712663385109408409e-09;
3602906.8604567525908;7.9556272680747497361e-09;
3603240.2160137896426;7.9316944123775101616e-09;
3603573.5715708266944;8.5034947971962537849e-09;
3603906.9271278637461;7.8877020470713432587e-09;
3604240.2826849007979;7.6826225381410040427e-09;
3604573.6382419378497;8.2864355377409992798e-09;
3604906.9937989749014;8.4160802771293674596e-09;
3605240.3493560119532;8.3783895377109729452e-09;
3605573.704913049005;8.2138393864283898438e-09;
3605907.0604700860567;8.2106215160138162901e-09;
3606240.4160271231085;8.2435747117415303364e-09;
3606573.7715841601603;8.1708799726243341865e-09;
3606907.127141197212;8.1185698164176756109e-09;
3607240.4826982342638;8.5920746073497866746e-09;
3607573.8382552713156;8.4201907668557396391e-09;
3607907.1938123083673;8.6807840915525957826e-09;
3608240.5493693454191;8.6443225910670662415e-09;
3608573.9049263824709;8.5108329272998162196e-09;
3608907.2604834195226;8.8751521687413514883e-09;
3609240.6160404565744;7.7742923210166736681e-09;
3609573.9715974936262;8.0527753354431297339e-09;
3609907.3271545306779;8.5949878325664030854e-09;
3610240.6827115677297;8.2299296266796773125e-09;
3610574.0382686047815;8.6845055591311393073e-09;
3610907.3938256418332;8.2728943695542511705e-09;
3611240.749382678885;8.5995344178968480264e-09;
3611574.1049397159368;8.5056912624281721946e-09;
3611907.4604967529885;8.2996054473483127367e-09;
3612240.8160537900403;8.5108027292335464153e-09;
3612574.1716108270921;8.5104892022513922711e-09;
3612907.5271678641438;8.7009519589287265262e-09;
3613240.8827249011956;8.5491942414250843285e-09;
3613574.2382819382474;8.5363778268288115214e-09;
3613907.5938389752991;7.7724209290863655042e-09;
3614240.9493960123509;8.0037798610987920256e-09;
3614574.3049530494027;8.2391871103482117178e-09;
3614907.6605100864545;7.7523889530084488797e-09;
3615241.0160671235062;8.5628419910221964528e-09;
3615574.371624160558;8.0108266686806928192e-09;
3615907.7271811976098;8.0651343381532569765e-09;
3616241.0827382346615;8.8053297986334655434e-09;
3616574.4382952717133;8.3939610817651555408e-09;
3616907.7938523087651;8.9748839471326391504e-09;
3617241.1494093458168;8.2751618890597455902e-09;
3617574.5049663828686;8.1218072267574825673e-09;
3617907.8605234199204;8.1973050569672523125e-09;
3618241.2160804569721;7.7318382807334273821e-09;
3618574.5716374940239;8.350983904392705881e-09;
3618907.9271945310757;8.1571256416168580472e-09;
3619241.2827515681274;8.5355083001559250988e-09;
3619574.6383086051792;8.5782296821435011225e-09;
3619907.993865642231;7.9881177228458000172e-09;
3620241.3494226792827;8.1626163606074442214e-09;
3620574.7049797163345;7.9668156516277122137e-09;
3620908.0605367533863;8.1656850170475081541e-09;
3621241.416093790438;7.9522317619762361574e-09;
3621574.7716508274898;7.7019466360184196674e-09;
3621908.1272078645416;7.8998363406412863696e-09;
3622241.4827649015933;8.0747462050112517318e-09;
3622574.8383219386451;8.256096251102462702e-09;
3622908.1938789756969;7.9553057474868182908e-09;
3623241.5494360127486;8.4028730640284265974e-09;
3623574.9049930498004;8.0346458375402107777e-09;
3623908.2605500868522;7.6647337365898238204e-09;
3624241.6161071239039;8.7025417982999897504e-09;
3624574.9716641609557;7.9081114989776324364e-09;
3624908.3272211980075;7.5190715875805835822e-09;
3625241.6827782350592;8.0078441655473397986e-09;
3625575.038335272111;7.9887065851380612003e-09;
3625908.3938923091628;7.9377020512083618087e-09;
3626241.7494493462145;7.9686213183549625683e-09;
3626575.1050063832663;8.3013551588351219834e-09;
3626908.4605634203181;7.8458972652128977643e-09;
3627241.8161204573698;7.7055730685060552787e-09;
3627575.1716774944216;7.5712023317464627326e-09;
3627908.5272345314734;8.8780209850369828928e-09;
3628241.8827915685251;8.2920568189592813724e-09;
3628575.2383486055769;8.2801641099194966955e-09;
3628908.5939056426287;7.963009807099297177e-09;
3629241.9494626796804;7.9368938088464346947e-09;
3629575.3050197167322;8.3397395655993022956e-09;
3629908.660576753784;7.9786088846844904765e-09;
3630242.0161337908357;7.8375217427151255833e-09;
3630575.3716908278875;7.3418036095063143875e-09;
3630908.7272478649393;7.8663644487164674501e-09;
3631242.082804901991;8.0519120260191812122e-09;
3631575.4383619390428;8.17863465840673598e-09;
3631908.7939189760946;7.5727992765450835577e-09;
3632242.1494760131463;8.7387581615416820568e-09;
3632575.5050330501981;7.3911468057019646949e-09;
3632908.8605900872499;8.1386328787402817397e-09;
3633242.2161471243016;7.6943456051026259956e-09;
3633575.5717041613534;7.2149042296132392948e-09;
3633908.9272611984052;7.5587500703022669768e-09;
3634242.2828182354569;8.2372046961154410383e-09;
3634575.6383752725087;7.8287838434221157513e-09;
3634908.9939323095605;8.009251040164144797e-09;
3635242.3494893466122;8.0880484532031005074e-09;
3635575.705046383664;7.7418285115982143907e-09;
3635909.0606034207158;7.8052462271216427325e-09;
3636242.4161604577675;7.9349975479203749273e-09;
3636575.7717174948193;7.9588282630993489875e-09;
3636909.1272745318711;7.8170883099915045022e-09;
3637242.4828315689228;7.9906579131261423754e-09;
3637575.8383886059746;7.2290631258908888412e-09;
3637909.1939456430264;7.5187411852084551356e-09;
3638242.5495026800781;7.9044593093158255215e-09;
3638575.9050597171299;7.6032318219176886487e-09;
3638909.2606167541817;8.0979010164128339966e-09;
3639242.6161737912335;7.7925870201056568476e-09;
3639575.9717308282852;7.8078929988123491057e-09;
3639909.327287865337;7.5007209332511592947e-09;
3640242.6828449023888;7.9374231631845759694e-09;
3640576.0384019394405;7.8601072317496800679e-09;
3640909.3939589764923;7.710596605647879187e-09;
3641242.7495160135441;7.8118302937468797609e-09;
3641576.1050730505958;7.7183077706877156743e-09;
3641909.4606300876476;7.5002590804729152296e-09;
3642242.8161871246994;7.8843500617153949861e-09;
3642576.1717441617511;7.8027788674717157846e-09;
3642909.5273011988029;7.6664434800477465615e-09;
3643242.8828582358547;7.6659318892779992893e-09;
3643576.2384152729064;7.9922584106384420011e-09;
3643909.5939723099582;7.1357826314510930388e-09;
3644242.94952934701;7.397694012922784168e-09;
3644576.3050863840617;7.7754664928875172336e-09;
3644909.6606434211135;7.5985049363680445822e-09;
3645243.0162004581653;7.351650843645529676e-09;
3645576.371757495217;7.503198062863702944e-09;
3645909.7273145322688;7.9808097908085073868e-09;
3646243.0828715693206;7.7845418999800131132e-09;
3646576.4384286063723;7.4937140936981450068e-09;
3646909.7939856434241;7.5200761173732644238e-09;
3647243.1495426804759;7.6307697938204910315e-09;
3647576.5050997175276;7.7550996735453736619e-09;
3647909.8606567545794;7.6714821162227053719e-09;
3648243.2162137916312;8.154117381309333723e-09;
3648576.5717708286829;7.7605921688927992363e-09;
3648909.9273278657347;7.8839343942149753275e-09;
3649243.2828849027865;7.4361961033275747468e-09;
3649576.6384419398382;7.5143580247072350176e-09;
3649909.99399897689;7.4767116942098255095e-09;
3650243.3495560139418;7.2969799091993081674e-09;
3650576.7051130509935;7.4814936468214909837e-09;
3650910.0606700880453;7.5662169862766859296e-09;
3651243.4162271250971;7.5267632126951866667e-09;
3651576.7717841621488;7.5301223034784925403e-09;
3651910.1273411992006;7.3392887323109334829e-09;
3652243.4828982362524;7.2117112281944173446e-09;
3652576.8384552733041;7.6648003499713013298e-09;
3652910.1940123103559;7.5729449378059143783e-09;
3653243.5495693474077;7.4491666168796655256e-09;
3653576.9051263844594;7.6126944748011737829e-09;
3653910.2606834215112;7.97657673246021659e-09;
3654243.616240458563;7.5169062085933546769e-09;
3654576.9717974956147;7.9152000509452591359e-09;
3654910.3273545326665;7.8822859350680118951e-09;
3655243.6829115697183;7.4728774279719800688e-09;
3655577.03846860677;7.743419239147897315e-09;
3655910.3940256438218;8.6777340868593455525e-09;
3656243.7495826808736;8.8296028266654502659e-09;
3656577.1051397179253;8.1113560312928711937e-09;
3656910.4606967549771;8.027449815983800363e-09;
3657243.8162537920289;7.4314820963650163321e-09;
3657577.1718108290806;7.7452151359125309682e-09;
3657910.5273678661324;7.9151165621738073241e-09;
3658243.8829249031842;8.2500211107117138454e-09;
3658577.2384819402359;7.5995858495048196346e-09;
3658910.5940389772877;7.338437857384860763e-09;
3659243.9495960143395;7.3172619075023703772e-09;
3659577.3051530513912;7.9935364993843904813e-09;
3659910.660710088443;7.6402528748076292686e-09;
3660244.0162671254948;7.9311091027989277791e-09;
3660577.3718241625465;7.6422796979613849544e-09;
3660910.7273811995983;8.0521527223709199461e-09;
3661244.0829382366501;7.5486781270228675567e-09;
3661577.4384952737018;7.06678360273826911e-09;
3661910.7940523107536;7.5837958135593908082e-09;
3662244.1496093478054;7.3989676607766341476e-09;
3662577.5051663848571;7.5815709266180419945e-09;
3662910.8607234219089;7.9131563524015291478e-09;
3663244.2162804589607;7.4600094990273646545e-09;
3663577.5718374960124;7.7265154274641645316e-09;
3663910.9273945330642;7.3583827919776467752e-09;
3664244.282951570116;8.1999980139357830922e-09;
3664577.6385086071678;7.5590289583260528161e-09;
3664910.9940656442195;7.8263218128427070042e-09;
3665244.3496226812713;8.0921278566847831826e-09;
3665577.7051797183231;7.4991657328382643755e-09;
3665911.0607367553748;7.6403736670727084856e-09;
3666244.4162937924266;7.6829458350857748883e-09;
3666577.7718508294784;7.6490094258474528033e-09;
3666911.1274078665301;7.3127384148108376394e-09;
3667244.4829649035819;7.3322783400442403945e-09;
3667577.8385219406337;7.4188943877118163073e-09;
3667911.1940789776854;7.4951227446717894054e-09;
3668244.5496360147372;7.5224013684760393517e-09;
3668577.905193051789;7.5425017342922728858e-09;
3668911.2607500888407;7.1682859648092289717e-09;
3669244.6163071258925;7.5124964027395435551e-09;
3669577.9718641629443;7.8528747948780619481e-09;
3669911.327421199996;7.5505752761273470242e-09;
3670244.6829782370478;7.6634947276943421457e-09;
3670578.0385352740996;7.259721268582097764e-09;
3670911.3940923111513;8.0574444893954932922e-09;
3671244.7496493482031;7.5425541368190351932e-09;
3671578.1052063852549;7.6087633971155810286e-09;
3671911.4607634223066;7.5230888185728872486e-09;
3672244.8163204593584;8.4725986226885652286e-09;
3672578.1718774964102;7.3352155460781887086e-09;
3672911.5274345334619;7.2558323793714407657e-09;
3673244.8829915705137;7.3974728564962788369e-09;
3673578.2385486075655;7.8436785955204868515e-09;
3673911.5941056446172;8.1233482163156622846e-09;
3674244.949662681669;7.1513688304492006864e-09;
3674578.3052197187208;8.0175706074214758701e-09;
3674911.6607767557725;7.6240969093532839906e-09;
3675245.0163337928243;7.4314168152511683729e-09;
3675578.3718908298761;7.5975838953468155523e-09;
3675911.7274478669278;7.5786816822187574871e-09;
3676245.0830049039796;8.1055588907474884763e-09;
3676578.4385619410314;7.907945409613148513e-09;
3676911.7941189780831;7.8173085782395901333e-09;
3677245.1496760151349;8.3446636267581197899e-09;
3677578.5052330521867;7.614085362206424179e-09;
3677911.8607900892384;7.2030381659260456217e-09;
3678245.2163471262902;7.5545152355971367797e-09;
3678578.571904163342;7.5930870480078738183e-09;
3678911.9274612003937;7.6464434783929391415e-09;
3679245.2830182374455;7.6711188512490480207e-09;
3679578.6385752744973;7.6240160851170912792e-09;
3679911.994132311549;7.790944778207631316e-09;
3680245.3496893486008;8.0200637242455741216e-09;
3680578.7052463856526;7.6201329690661623317e-09;
3680912.0608034227043;7.488318409798466746e-09;
3681245.4163604597561;7.6122796954791738244e-09;
3681578.7719174968079;7.270224866573471445e-09;
3681912.1274745338596;7.4294326246615582932e-09;
3682245.4830315709114;7.5152817302637231478e-09;
3682578.8385886079632;7.8539921233300447057e-09;
3682912.1941456450149;7.2343482315773144364e-09;
3683245.5497026820667;7.7518036434298664972e-09;
3683578.9052597191185;7.8083592924826916715e-09;
3683912.2608167561702;7.6096986489915252605e-09;
3684245.616373793222;7.3954851131929899566e-09;
3684578.9719308302738;7.5569177582224256184e-09;
3684912.3274878673255;7.5387260878301276534e-09;
3685245.6830449043773;7.2524426464326552377e-09;
3685579.0386019414291;7.684795022555590549e-09;
3685912.3941589784808;7.5706836355493578594e-09;
3686245.7497160155326;7.7790867081262149441e-09;
3686579.1052730525844;7.4138393202360930445e-09;
3686912.4608300896361;7.8698887406858375471e-09;
3687245.8163871266879;7.5429253953984698455e-09;
3687579.1719441637397;7.9328925650656856305e-09;
3687912.5275012007914;7.2187331667805665347e-09;
3688245.8830582378432;8.8188905067454470554e-09;
3688579.238615274895;7.564276316429641156e-09;
3688912.5941723119467;7.6834183460050553549e-09;
3689245.9497293489985;7.878853125475870911e-09;
3689579.3052863860503;7.2861303657134612877e-09;
3689912.6608434231021;7.2980568255331945693e-09;
3690246.0164004601538;7.3976291758981460589e-09;
3690579.3719574972056;7.3427708358053678239e-09;
3690912.7275145342574;7.4016068829507730698e-09;
3691246.0830715713091;8.1226918524635038921e-09;
3691579.4386286083609;7.7284978416969352111e-09;
3691912.7941856454127;7.8533712866146743181e-09;
3692246.1497426824644;7.539070701056971302e-09;
3692579.5052997195162;8.0939477342667487392e-09;
3692912.860856756568;8.17409606668206834e-09;
3693246.2164137936197;7.5997190762677746534e-09;
3693579.5719708306715;8.207550195038493257e-09;
3693912.9275278677233;7.4055086507485157199e-09;
3694246.283084904775;7.1770558385253480083e-09;
3694579.6386419418268;7.6419981454023400147e-09;
3694912.9941989788786;7.6979018714951052971e-09;
3695246.3497560159303;7.6120256764511395886e-09;
3695579.7053130529821;7.9481115022872472764e-09;
3695913.0608700900339;8.1748563474093316472e-09;
3696246.4164271270856;9.0658414109157092753e-09;
3696579.7719841641374;8.0517708056504488923e-09;
3696913.1275412011892;7.3139974077207625669e-09;
3697246.4830982382409;8.1070963275919893931e-09;
3697579.8386552752927;7.8956325921808456769e-09;
3697913.1942123123445;7.6046076102898041427e-09;
3698246.5497693493962;7.8763759958633272618e-09;
3698579.905326386448;7.8091142441394367779e-09;
3698913.2608834234998;8.0426953985579530126e-09;
3699246.6164404605515;7.5528303611349656421e-09;
3699579.9719974976033;7.6829058670568883826e-09;
3699913.3275545346551;7.0351355851983043976e-09;
3700246.6831115717068;8.1539166529864814947e-09;
3700580.0386686087586;7.8915141088486961962e-09;
3700913.3942256458104;8.0407316360719960358e-09;
3701246.7497826828621;8.1405913121557205159e-09;
3701580.1053397199139;7.6125736825360945659e-09;
3701913.4608967569657;7.8675670422967414197e-09;
3702246.8164537940174;7.7625550432003365131e-09;
3702580.1720108310692;7.7370554407707459177e-09;
3702913.527567868121;7.7608923731986578787e-09;
3703246.8831249051727;7.6424413464337703772e-09;
3703580.2386819422245;7.8075226284113341535e-09;
3703913.5942389792763;7.5007600131016261003e-09;
3704246.949796016328;8.8656149088706115435e-09;
3704580.3053530533798;7.2038477405556022859e-09;
3704913.6609100904316;7.9072091097032171092e-09;
3705247.0164671274833;8.1139353014236803574e-09;
3705580.3720241645351;7.8336128694900253322e-09;
3705913.7275812015869;8.0275910363525326829e-09;
3706247.0831382386386;7.9805149155731669453e-09;
3706580.4386952756904;7.8018604909857458551e-09;
3706913.7942523127422;7.7019999267236016749e-09;
3707247.1498093497939;8.0655171430521477305e-09;
3707580.5053663868457;7.8992119512122371816e-09;
3707913.8609234238975;7.5644228658688916767e-09;
3708247.2164804609492;7.8941759795725374715e-09;
3708580.572037498001;7.9519661966287458199e-09;
3708913.9275945350528;7.8093194133543875068e-09;
3709247.2831515721045;7.9667037411468299979e-09;
3709580.6387086091563;8.0927815560016824747e-09;
3709913.9942656462081;7.7397341868845614954e-09;
3710247.3498226832598;7.8369843947712070076e-09;
3710580.7053797203116;7.5036989954924138146e-09;
3710914.0609367573634;7.580531757866992848e-09;
3711247.4164937944151;8.2073192686493712245e-09;
3711580.7720508314669;8.1822273401144229865e-09;
3711914.1276078685187;7.6160118211987537507e-09;
3712247.4831649055704;8.0633917320938053308e-09;
3712580.8387219426222;7.8359931876548216678e-09;
3712914.194278979674;7.6689490313697206147e-09;
3713247.5498360167257;7.7630328831901351805e-09;
3713580.9053930537775;7.4385089199324738729e-09;
3713914.2609500908293;7.9126420970965227752e-09;
3714247.6165071278811;8.1550624031478946563e-09;
3714580.9720641649328;7.9507929129363219545e-09;
3714914.3276212019846;7.929228829084422614e-09;
3715247.6831782390364;7.4196764288103622675e-09;
3715581.0387352760881;7.8199313691129646031e-09;
3715914.3942923131399;7.7578796719990350539e-09;
3716247.7498493501917;7.7541049137153095216e-09;
3716581.1054063872434;7.7647239749012442189e-09;
3716914.4609634242952;7.6484445443725235236e-09;
3717247.816520461347;7.6715362951063070795e-09;
3717581.1720774983987;7.6737061149856344855e-09;
3717914.5276345354505;8.7581533136926736915e-09;
3718247.8831915725023;7.3383477072752612003e-09;
3718581.238748609554;7.5914599051429831889e-09;
3718914.5943056466058;8.0854061224044926348e-09;
3719247.9498626836576;7.8690183258345314243e-09;
3719581.3054197207093;7.5476442873423366109e-09;
3719914.6609767577611;7.7146209420675404544e-09;
3720248.0165337948129;7.5836492641201402876e-09;
3720581.3720908318646;7.165415372156758167e-09;
3720914.7276478689164;7.6862267661681471509e-09;
3721248.0832049059682;7.6007475868777873984e-09;
3721581.4387619430199;7.9916544493130459159e-09;
3721914.7943189800717;7.2624253277808747953e-09;
3722248.1498760171235;7.1735266615746695607e-09;
3722581.5054330541752;7.9927078289188102644e-09;
3722914.860990091227;8.1122255579657576163e-09;
3723248.2165471282788;7.8662676372687201365e-09;
3723581.5721041653305;7.5753936457090276235e-09;
3723914.9276612023823;7.375452693025863482e-09;
3724248.2832182394341;7.5224670936790971609e-09;
3724581.6387752764858;7.7745516691152261046e-09;
3724914.9943323135376;7.7616828519921909901e-09;
3725248.3498893505894;7.2960313346470684337e-09;
3725581.7054463876411;7.3810522138728629216e-09;
3725915.0610034246929;8.4212414819262448873e-09;
3726248.4165604617447;7.4110397818571982498e-09;
3726581.7721174987964;7.8143012061104855093e-09;
3726915.1276745358482;7.1253731803722075711e-09;
3727248.4832315729;7.9150614951117859164e-09;
3727581.8387886099517;7.8730000296900470858e-09;
3727915.1943456470035;7.2985950616555328452e-09;
3728248.5499026840553;7.5052941639341952396e-09;
3728581.905459721107;7.6764701262277412752e-09;
3728915.2610167581588;7.7715203161687895772e-09;
3729248.6165737952106;7.7331563375082623679e-09;
3729581.9721308322623;7.5605566252079370315e-09;
3729915.3276878693141;7.6623232203587576805e-09;
3730248.6832449063659;7.8751858367809290939e-09;
3730582.0388019434176;8.0625284226698568091e-09;
3730915.3943589804694;7.7121686814507484087e-09;
3731248.7499160175212;7.7012289878553019662e-09;
3731582.1054730545729;7.3314927462320156337e-09;
3731915.4610300916247;7.8739406106365095184e-09;
3732248.8165871286765;7.9215709547497681342e-09;
3732582.1721441657282;7.6599553366918371466e-09;
3732915.52770120278;7.350565933705865973e-09;
3733248.8832582398318;7.6633064338693657191e-09;
3733582.2388152768835;7.7168706980046408717e-09;
3733915.5943723139353;7.2857591071340266353e-09;
3734248.9499293509871;7.459105333396109927e-09;
3734582.3054863880388;7.6063173537477268837e-09;
3734915.6610434250906;7.1690795522272310336e-09;
3735249.0166004621424;7.356069087194327949e-09;
3735582.3721574991941;7.1988632832642451831e-09;
3735915.7277145362459;7.6950081862037222891e-09;
3736249.0832715732977;7.240692490029232431e-09;
3736582.4388286103494;7.8841555506414806587e-09;
3736915.7943856474012;7.9574160594120257883e-09;
3737249.149942684453;7.3561468028060517099e-09;
3737582.5054997215047;7.9923987428287546209e-09;
3737915.8610567585565;7.6099526680195594963e-09;
3738249.2166137956083;7.3345067796992680087e-09;
3738582.57217083266;7.4511294911872028024e-09;
3738915.9277278697118;7.4725230447825197189e-09;
3739249.2832849067636;7.5516890518656509812e-09;
3739582.6388419438154;7.4812183115113839449e-09;
3739915.9943989808671;7.2740062861953447282e-09;
3740249.3499560179189;7.4310118058917851158e-09;
3740582.7055130549707;7.5325434778505950817e-09;
3740916.0610700920224;8.079613422751208418e-09;
3741249.4166271290742;7.4673653926993210916e-09;
3741582.772184166126;7.5863804127607181726e-09;
3741916.1277412031777;7.6035924223560868995e-09;
3742249.4832982402295;7.8890884935844951542e-09;
3742582.8388552772813;7.497268583733784908e-09;
3742916.194412314333;7.4468897715007642546e-09;
3743249.5499693513848;7.9488380322345619788e-09;
3743582.9055263884366;7.716830729975754366e-09;
3743916.2610834254883;7.554701753065273806e-09;
3744249.6166404625401;7.9868263114235560352e-09;
3744582.9721974995919;7.5539450250516892993e-09;
3744916.3277545366436;7.325480222419855636e-09;
3745249.6833115736954;7.4849646480856790731e-09;
3745583.0388686107472;7.717887662295197515e-09;
3745916.3944256477989;7.2231731707006474608e-09;
3746249.7499826848507;7.3416357437849910639e-09;
3746583.1055397219025;7.6846200514069096243e-09;
3746916.4610967589542;7.5943678012890813989e-09;
3747249.816653796006;7.647007471689448721e-09;
3747583.1722108330578;8.1265314477718675334e-09;
3747916.5277678701095;7.6528401393716194434e-09;
3748249.8833249071613;7.8936768233006660012e-09;
3748583.2388819442131;7.8956183813261304749e-09;
3748916.5944389812648;7.803299340025660058e-09;
3749249.9499960183166;7.9501782934698894678e-09;
3749583.3055530553684;7.592007023049518466e-09;
3749916.6611100924201;7.3221739782525219198e-09;
3750250.0166671294719;7.5347275085846376896e-09;
3750583.3722241665237;7.5739698957022483228e-09;
3750916.7277812035754;7.7106649953861960967e-09;
3751250.0833382406272;7.4614119327520711522e-09;
3751583.438895277679;7.2976207299291218078e-09;
3751916.7944523147307;7.5875536964531420381e-09;
3752250.1500093517825;7.496268494833202567e-09;
3752583.5055663888343;7.4778414571596840688e-09;
3752916.861123425886;7.3964465663323153422e-09;
3753250.2166804629378;7.5511987773779765121e-09;
3753583.5722374999896;7.5449131387017587258e-09;
3753916.9277945370413;7.9092234983590969932e-09;
3754250.2833515740931;7.4669452843068029324e-09;
3754583.6389086111449;7.2901507053302339045e-09;
3754916.9944656481966;7.2778534310202758206e-09;
3755250.3500226852484;7.9715753997788851848e-09;
3755583.7055797223002;7.2215491364602257818e-09;
3755917.0611367593519;7.811405744462263101e-09;
3756250.4166937964037;7.5345161221207490598e-09;
3756583.7722508334555;7.8390911539827357046e-09;
3756917.1278078705072;7.3466801531196779251e-09;
3757250.483364907559;8.0115309941675150185e-09;
3757583.8389219446108;7.4995609722350309312e-09;
3757917.1944789816625;7.8180359963653245359e-09;
3758250.5500360187143;7.4500694502432907029e-09;
3758583.9055930557661;7.2136367990083272161e-09;
3758917.2611500928178;7.607908081297409808e-09;
3759250.6167071298696;7.5687820455527798913e-09;
3759583.9722641669214;7.4137873617985405872e-09;
3759917.3278212039731;7.543375701857257809e-09;
3760250.6833782410249;8.0547417624643458112e-09;
3760584.0389352780767;8.0898816534613615659e-09;
3760917.3944923151284;8.174110277536783542e-09;
3761250.7500493521802;8.0854487549686382408e-09;
3761584.105606389232;7.7051396374372416176e-09;
3761917.4611634262837;7.4791683957187160559e-09;
3762250.8167204633355;7.656375977660445642e-09;
3762584.1722775003873;7.4589614484921185067e-09;
3762917.527834537439;7.7149735489001614042e-09;
3763250.8833915744908;7.6628623446595156565e-09;
3763584.2389486115426;7.8405379966284272086e-09;
3763917.5945056485943;7.3934067756908916635e-09;
3764250.9500626856461;7.9875004388441084302e-09;
3764584.3056197226979;7.5906330110342423723e-09;
3764917.6611767597497;7.7214004079451115103e-09;
3765251.0167337968014;8.1692288489421116537e-09;
3765584.3722908338532;7.7812325471882104466e-09;
3765917.727847870905;7.7119111097090353724e-09;
3766251.0834049079567;7.894051634593779454e-09;
3766584.4389619450085;7.7555224464731509215e-09;
3766917.7945189820603;7.6081354549728530401e-09;
3767251.150076019112;7.6363084744457410125e-09;
3767584.5056330561638;7.9248563267242388974e-09;
3767917.8611900932156;7.4801924654366303002e-09;
3768251.2167471302673;7.8443953555051848525e-09;
3768584.5723041673191;7.896519882422126102e-09;
3768917.9278612043709;7.5475510286082680977e-09;
3769251.2834182414226;7.295941628626678721e-09;
3769584.6389752784744;7.5886728012619641959e-09;
3769917.9945323155262;7.5408586042158276541e-09;
3770251.3500893525779;8.2877020801674916584e-09;
3770584.7056463896297;7.7506596696252927359e-09;
3770918.0612034266815;7.7163013756376130914e-09;
3771251.4167604637332;7.7201249837344221305e-09;
3771584.772317500785;8.1176851907116542861e-09;
3771918.1278745378368;7.5440382829583541024e-09;
3772251.4834315748885;7.7590245339820285153e-09;
3772584.8389886119403;8.0723072670707551879e-09;
3772918.1945456489921;8.2627851227812243451e-09;
3773251.5501026860438;7.9307334033273946261e-09;
3773584.9056597230956;7.7983663970826455625e-09;
3773918.2612167601474;7.500879029009865917e-09;
3774251.6167737971991;7.3468737760151725524e-09;
3774584.9723308342509;8.1979534272136334039e-09;
3774918.3278878713027;7.7917521323911387299e-09;
3775251.6834449083544;7.6393806835994837456e-09;
3775585.0390019454062;7.9890858373232731537e-09;
3775918.394558982458;7.5883797023834631545e-09;
3776251.7501160195097;8.049875432902808825e-09;
3776585.1056730565615;8.4334255134876912052e-09;
3776918.4612300936133;7.4054433696346677607e-09;
3777251.816787130665;7.7882482685254217358e-09;
3777585.1723441677168;7.4641262060026747349e-09;
3777918.5279012047686;7.8712858453400258441e-09;
3778251.8834582418203;7.728334416867710388e-09;
3778585.2390152788721;7.648794486669885373e-09;
3778918.5945723159239;7.8862196772888637497e-09;
3779251.9501293529756;7.7006472309903983842e-09;
3779585.3056863900274;7.7526074448996951105e-09;
3779918.6612434270792;7.774469068522193993e-09;
3780252.0168004641309;7.5407662336601788411e-09;
3780585.3723575011827;7.8839068606839646236e-09;
3780918.7279145382345;7.5772303986809674825e-09;
3781252.0834715752862;7.5704846835833450314e-09;
3781585.439028612338;7.3985777504503857926e-09;
3781918.7945856493898;7.6465367371270076546e-09;
3782252.1501426864415;8.2890565522575343493e-09;
3782585.5056997234933;7.7382251717494909826e-09;
3782918.8612567605451;7.6091906109354567889e-09;
3783252.2168137975968;7.70806440897331413e-09;
3783585.5723708346486;7.5880466354760756076e-09;
3783918.9279278717004;7.8970474604034279764e-09;
3784252.2834849087521;7.9121553753225271066e-09;
3784585.6390419458039;7.5345418792949203635e-09;
3784918.9945989828557;7.4731394406057916058e-09;
3785252.3501560199074;7.819533465180938947e-09;
3785585.7057130569592;7.7541191245700247237e-09;
3785919.061270094011;7.4283104112282671849e-09;
3786252.4168271310627;7.2163115483192541433e-09;
3786585.7723841681145;7.1771695253630696243e-09;
3786919.1279412051663;7.464467266515839583e-09;
3787252.483498242218;7.9325728208345935855e-09;
3787585.8390552792698;7.9397244334700189938e-09;
3787919.1946123163216;7.63685825688753539e-09;
3788252.5501693533733;8.0688620229807384021e-09;
3788585.9057263904251;7.7070350101848816848e-09;
3788919.2612834274769;8.2454425509581596998e-09;
3789252.6168404645287;7.8112547541309140797e-09;
3789585.9723975015804;7.746263186447777116e-09;
3789919.3279545386322;8.0619617648380881292e-09;
3790252.683511575684;7.8500610456444519514e-09;
3790586.0390686127357;7.9012245635112776654e-09;
3790919.3946256497875;8.128116846251032257e-09;
3791252.7501826868393;7.5920469910784049716e-09;
3791586.105739723891;7.3191772642644536973e-09;
3791919.4612967609428;7.5803860966061620275e-09;
3792252.8168537979946;7.0958305897761420056e-09;
3792586.1724108350463;8.0248838685292867012e-09;
3792919.5279678720981;7.6177109065156400902e-09;
3793252.8835249091499;7.7464532566295929428e-09;
3793586.2390819462016;7.1669639112315053353e-09;
3793919.5946389832534;8.0204163310781950713e-09;
3794252.9501960203052;7.1060100026443251409e-09;
3794586.3057530573569;7.62153895550454763e-09;
3794919.6613100944087;7.5830364210105472011e-09;
3795253.0168671314605;7.6174435648113103525e-09;
3795586.3724241685122;7.4488788470716826851e-09;
3795919.727981205564;7.5585377956599586469e-09;
3796253.0835382426158;7.8638775491413070995e-09;
3796586.4390952796675;7.547127367502071138e-09;
3796919.7946523167193;8.0245179390203702496e-09;
3797253.1502093537711;7.7343651483374742384e-09;
3797586.5057663908228;7.2371064696596931753e-09;
3797919.8613234278746;7.7302084733332776523e-09;
3798253.2168804649264;7.3571935210736683075e-09;
3798586.5724375019781;7.5577277769411921327e-09;
3798919.9279945390299;7.4118990944782581209e-09;
3799253.2835515760817;7.4407306982493537362e-09;
3799586.6391086131334;7.5596400250788065023e-09;
3799919.9946656501852;7.4290018581280037324e-09;
3800253.350222687237;7.1842083393391931168e-09;
3800586.7057797242887;7.7321100633298556204e-09;
3800920.0613367613405;7.6405077820140832046e-09;
3801253.4168937983923;7.2892030189564138709e-09;
3801586.772450835444;7.6056760889287033933e-09;
3801920.1280078724958;7.8594855068558899802e-09;
3802253.4835649095476;6.8962884292034232203e-09;
3802586.8391219465993;7.7983113300206241547e-09;
3802920.1946789836511;7.322225048511654677e-09;
3803253.5502360207029;7.4570749575286754407e-09;
3803586.9057930577546;7.3348678242268761096e-09;
3803920.2613500948064;7.4953856454840206425e-09;
3804253.6169071318582;7.9208755110471429361e-09;
3804586.9724641689099;7.3777335352076534036e-09;
3804920.3280212059617;7.3822969959280726471e-09;
3805253.6835782430135;7.6935622317364504852e-09;
3805587.0391352800652;7.3561077229555849044e-09;
3805920.394692317117;8.0151911774350992346e-09;
3806253.7502493541688;7.4740587052701812354e-09;
3806587.1058063912205;8.0457756013174730469e-09;
3806920.4613634282723;7.5553918676973808033e-09;
3807253.8169204653241;7.3330768124435508071e-09;
3807587.1724775023758;7.7999278147444783826e-09;
3807920.5280345394276;7.5505619534510515223e-09;
3808253.8835915764794;7.3511343678944740532e-09;
3808587.2391486135311;7.6605468635193574301e-09;
3808920.5947056505829;7.2803088002615368168e-09;
3809253.9502626876347;7.6763893019915485638e-09;
3809587.3058197246864;7.9565358745981029642e-09;
3809920.6613767617382;7.469254548198023258e-09;
3810254.01693379879;7.4636670177596897702e-09;
3810587.3724908358417;7.4014896433993726532e-09;
3810920.7280478728935;7.7038544432639355364e-09;
3811254.0836049099453;7.9532380681257563992e-09;
3811587.439161946997;7.4456862897420705849e-09;
3811920.7947189840488;7.3097843333869150229e-09;
3812254.1502760211006;7.3517414378443390888e-09;
3812587.5058330581523;7.6305148866140370956e-09;
3812920.8613900952041;7.1399832712870647811e-09;
3813254.2169471322559;7.6655544134496267361e-09;
3813587.5725041693076;7.5554575929004386126e-09;
3813920.9280612063594;7.8915274315249916981e-09;
3814254.2836182434112;7.5842354618771423702e-09;
3814587.639175280463;7.7625283978477455094e-09;
3814920.9947323175147;7.4494415081005627144e-09;
3815254.3502893545665;7.6136439375318332168e-09;
3815587.7058463916183;7.3925492394266711926e-09;
3815921.06140342867;7.3981487602736706322e-09;
3816254.4169604657218;7.7362951600434826105e-09;
3816587.7725175027736;7.5285351286424884165e-09;
3816921.1280745398253;7.156295112054067431e-09;
3817254.4836315768771;7.2494490410690559656e-09;
3817587.8391886139289;7.7145934085365297506e-09;
3817921.1947456509806;7.5336155092031731328e-09;
3818254.5503026880324;7.4758048640433116816e-09;
3818587.9058597250842;7.3556036817024050833e-09;
3818921.2614167621359;7.7368111917053283833e-09;
3819254.6169737991877;7.3470030059752389207e-09;
3819587.9725308362395;7.558524472983663145e-09;
3819921.3280878732912;7.2219039637388959818e-09;
3820254.683644910343;7.6234005774722390925e-09;
3820588.0392019473948;7.4032970864834624081e-09;
3820921.3947589844465;7.4873840461009422143e-09;
3821254.7503160214983;7.3019936763785153744e-09;
3821588.1058730585501;7.6362276502095483011e-09;
3821921.4614300956018;7.820412761816442071e-09;
3822254.8169871326536;8.0380058165019363514e-09;
3822588.1725441697054;7.6786283997876125795e-09;
3822921.5281012067571;7.4279968842461130407e-09;
3823254.8836582438089;7.5417325717808125773e-09;
3823588.2392152808607;7.7183077706877156743e-09;
3823921.5947723179124;7.3848394066544642556e-09;
3824254.9503293549642;7.5614998706896585645e-09;
3824588.305886392016;7.3159505120656831423e-09;
3824921.6614434290677;7.3477903761443030817e-09;
3825255.0170004661195;7.3270891576271424128e-09;
3825588.3725575031713;7.6846200514069096243e-09;
3825921.728114540223;7.4607697797546279617e-09;
3826255.0836715772748;6.9303909278062292287e-09;
3826588.4392286143266;7.212990649207995375e-09;
3826921.7947856513783;7.4829396012887627876e-09;
3827255.1503426884301;7.3444867965122284659e-09;
3827588.5058997254819;7.2008998763806175702e-09;
3827921.8614567625336;7.6625124023621538072e-09;
3828255.2170137995854;7.3542860690167799476e-09;
3828588.5725708366372;7.4063670751911558909e-09;
3828921.9281278736889;7.2877304191365510633e-09;
3829255.2836849107407;7.5771504626231944712e-09;
3829588.6392419477925;7.462552353842966113e-09;
3829921.9947989848442;7.802710477733398875e-09;
3830255.350356021896;7.5426074275242172007e-09;
3830588.7059130589478;7.2365087255832349911e-09;
3830922.0614700959995;7.0922667738670952531e-09;
3831255.4170271330513;7.6445356711474232725e-09;
3831588.7725841701031;7.0932881790497503971e-09;
3831922.1281412071548;7.169784765892472933e-09;
3832255.4836982442066;7.8183521878827377805e-09;
3832588.8392552812584;7.5003381283522685408e-09;
3832922.1948123183101;7.2702501796584328986e-09;
3833255.5503693553619;7.0075429903226904571e-09;
3833588.9059263924137;7.5806783073062433687e-09;
3833922.2614834294654;7.4523995863273739815e-09;
3834255.6170404665172;7.6735044984843625571e-09;
3834588.972597503569;7.8364479350057081319e-09;
3834922.3281545406207;7.4431101282357303717e-09;
3835255.6837115776725;7.0815846520133618469e-09;
3835589.0392686147243;7.4249180137542225566e-09;
3835922.394825651776;7.2084431756991307338e-09;
3836255.7503826888278;7.5564132728800359473e-09;
3836589.1059397258796;7.3296768654529387277e-09;
3836922.4614967629313;7.4735995170271962706e-09;
3837255.8170537999831;7.3295223224079109059e-09;
3837589.1726108370349;7.3698318558967912395e-09;
3837922.5281678740866;7.204252749914985543e-09;
3838255.8837249111384;7.27054416671535364e-09;
3838589.2392819481902;7.6366166723573769559e-09;
3838922.5948389852419;7.7361042016832470836e-09;
3839255.9503960222937;7.5560686596531922987e-09;
3839589.3059530593455;7.6404811366614922008e-09;
3839922.6615100963973;7.1744969964981919475e-09;
3840256.017067133449;7.5451920267255445651e-09;
3840589.3726241705008;7.4740453825938857335e-09;
3840922.7281812075526;7.3586283733106938598e-09;
3841256.0837382446043;7.7121686814507484087e-09;
3841589.4392952816561;7.2629995351292109262e-09;
3841922.7948523187079;7.4771451252786391706e-09;
3842256.1504093557596;7.0998082968287690164e-09;
3842589.5059663928114;7.4333099675527591899e-09;
3842922.8615234298632;7.3929129484895383939e-09;
3843256.2170804669149;7.4659487481198993919e-09;
3843589.5726375039667;7.788426792387781461e-09;
3843922.9281945410185;7.4470336564047556749e-09;
3844256.2837515780702;7.512694466527136683e-09;
3844589.639308615122;7.2036199227909492038e-09;
3844922.9948656521738;7.4432802144031029457e-09;
3845256.3504226892255;7.2485830671098483435e-09;
3845589.7059797262773;7.8668200842457736144e-09;
3845923.0615367633291;7.1443495563983105967e-09;
3846256.4170938003808;7.2029240349991141557e-09;
3846589.7726508374326;7.7629644934518182708e-09;
3846923.1282078744844;7.6280892713498360536e-09;
3847256.4837649115361;7.8235178335717137088e-09;
3847589.8393219485879;7.5903265894794458291e-09;
3847923.1948789856397;7.5415869105199817568e-09;
3848256.5504360226914;7.6145267868810151413e-09;
3848589.9059930597432;7.5430053314562428568e-09;
3848923.261550096795;7.3065362649060716649e-09;
3849256.6171071338467;7.4483290646298883075e-09;
3849589.9726641708985;7.8892821164799897815e-09;
3849923.3282212079503;7.6263608761450996099e-09;
3850256.683778245002;7.6493984479952814581e-09;
3850590.0393352820538;7.6105415303118206793e-09;
3850923.3948923191056;7.8529849290021047636e-09;
3851256.7504493561573;7.8374524647983889736e-09;
3851590.1060063932091;7.5832229384786842274e-09;
3851923.4615634302609;7.1459438366616723215e-09;
3852256.8171204673126;7.4560002616408382892e-09;
3852590.1726775043644;7.9627158200423764356e-09;
3852923.5282345414162;7.7447799284868779068e-09;
3853256.8837915784679;7.2821251251298235729e-09;
3853590.2393486155197;8.0241937538971797039e-09;
3853923.5949056525715;7.6197315124204578751e-09;
3854256.9504626896232;7.3381674070560620748e-09;
3854590.306019726675;7.6837691764808369044e-09;
3854923.6615767637268;7.7321775648897528299e-09;
3855257.0171338007785;7.4829662466413537913e-09;
3855590.3726908378303;7.4121984106056970631e-09;
3855923.7282478748821;7.6337460797049061512e-09;
3856257.0838049119338;7.3396497768385415839e-09;
3856590.4393619489856;7.0067800450601680495e-09;
3856923.7949189860374;7.4957151596777293889e-09;
3857257.1504760230891;7.6409110150166270614e-09;
3857590.5060330601409;7.2502133185992079234e-09;
3857923.8615900971927;7.4266268690337255975e-09;
3858257.2171471342444;7.7182811253351246705e-09;
3858590.5727041712962;7.6139912152939359657e-09;
3858923.928261208348;7.1687269453946100839e-09;
3859257.2838182453997;7.5139219291031622561e-09;
3859590.6393752824515;7.8677189208065101411e-09;
3859923.9949323195033;7.4753589984766222187e-09;
3860257.350489356555;7.3291359647953413514e-09;
3860590.7060463936068;7.934300327860910329e-09;
3860924.0616034306586;7.3576456038892956713e-09;
3861257.4171604677103;7.3304367020909921848e-09;
3861590.7727175047621;7.6439183871457316855e-09;
3861924.1282745418139;7.7450517110833061452e-09;
3862257.4838315788656;7.3588481974695696408e-09;
3862590.8393886159174;7.663992995787793916e-09;
3862924.1949456529692;8.0985556039081529889e-09;
3863257.5505026900209;7.774114685332733643e-09;
3863590.9060597270727;7.7919439789297939569e-09;
3863924.2616167641245;7.569141757812758442e-09;
3864257.6171738011762;7.5068635752018053608e-09;
3864590.972730838228;7.8177340157026264933e-09;
3864924.3282878752798;7.0858776624049824022e-09;
3865257.6838449123316;7.4662764859567687381e-09;
3865591.0394019493833;7.9381905493391968776e-09;
3865924.3949589864351;7.1729089334837681236e-09;
3866257.7505160234869;7.4605077671208164247e-09;
3866591.1060730605386;7.8816357884647914034e-09;
3866924.4616300975904;7.4168613473091227206e-09;
3867257.8171871346422;7.3997474814291308576e-09;
3867591.1727441716939;7.6233606094433525868e-09;
3867924.5283012087457;7.4698185414945328375e-09;
3868257.8838582457975;7.5102137842009142332e-09;
3868591.2394152828492;6.9120558165991496935e-09;
3868924.594972319901;7.0002714736006055318e-09;
3869257.9505293569528;7.5822370604328170884e-09;
3869591.3060863940045;7.7997768244131293613e-09;
3869924.6616434310563;7.5283637102074862923e-09;
3870258.0172004681081;7.3679027323692025675e-09;
3870591.3727575051598;7.4343806666377076908e-09;
3870924.7283145422116;7.3806631917250342667e-09;
3871258.0838715792634;7.2505570436476318719e-09;
3871591.4394286163151;7.6922104241816668946e-09;
3871924.7949856533669;7.5835426827097762725e-09;
3872258.1505426904187;7.4418942119791609002e-09;
3872591.5060997274704;7.6124937464783215546e-09;
3872924.8616567645222;7.3383348286881755485e-09;
3873258.217213801574;7.5903132668031503272e-09;
3873591.5727708386257;7.6260393555571681645e-09;
3873924.9283278756775;7.5646218178349045047e-09;
3874258.2838849127293;7.2645178761376882903e-09;
3874591.639441949781;7.228593279506867475e-09;
3874924.9949989868328;7.3253643151360847696e-09;
3875258.3505560238846;7.5733712634473704384e-09;
3875591.7061130609363;7.5482544659166705969e-09;
3875925.0616700979881;7.6754593791861225327e-09;
3876258.4172271350399;7.1419150593499125534e-09;
3876591.7727841720916;7.2301173936750728899e-09;
3876925.1283412091434;7.072322727452728941e-09;
3877258.4838982461952;7.3894201868540676514e-09;
3877591.8394552832469;7.4095556357178793405e-09;
3877925.1950123202987;7.578042193756573397e-09;
3878258.5505693573505;7.2406671769442709774e-09;
3878591.9061263944022;7.3085772989145425527e-09;
3878925.261683431454;7.7572526180347267655e-09;
3879258.6172404685058;7.201266694067953722e-09;
3879591.9727975055575;7.3715149540021229768e-09;
3879925.3283545426093;7.2335093470599076682e-09;
3880258.6839115796611;7.6332096199394072755e-09;
3880592.0394686167128;8.0267028579328325577e-09;
3880925.3950256537646;7.8809296866211298038e-09;
3881258.7505826908164;7.7276691712313549942e-09;
3881592.1061397278681;7.9056672319666176918e-09;
3881925.4616967649199;7.8054247509840024577e-09;
3882258.8172538019717;7.5148065548091835808e-09;
3882592.1728108390234;7.4479626910317620059e-09;
3882925.5283678760752;7.7884951821260983706e-09;
3883258.883924913127;7.0142185393251565984e-09;
3883592.2394819501787;7.7684756405460575479e-09;
3883925.5950389872305;7.3715407111762942804e-09;
3884258.9505960242823;7.4693335960773765692e-09;
3884592.306153061334;7.5439192670501142857e-09;
3884925.6617100983858;7.5148589573359458882e-09;
3885259.0172671354376;7.5475643512845635996e-09;
3885592.3728241724893;7.7413249144342444197e-09;
3885925.7283812095411;7.8310948836701754772e-09;
3886259.0839382465929;7.3639689901483507128e-09;
3886592.4394952836446;7.1784054256340823486e-09;
3886925.7950523206964;7.4826109752734737413e-09;
3887259.1506093577482;7.1275514379465221282e-09;
3887592.5061663947999;7.6429245154940872453e-09;
3887925.8617234318517;7.4624084689389746927e-09;
3888259.2172804689035;7.0002839080984813336e-09;
3888592.5728375059552;7.4314425724253396766e-09;
3888925.928394543007;8.4246591924852509692e-09;
3889259.2839515800588;7.5770039131839439506e-09;
3889592.6395086171106;7.3659744970200335956e-09;
3889925.9950656541623;7.3676051925986030255e-09;
3890259.3506226912141;7.5558697076871794707e-09;
3890592.7061797282659;7.4831234542216407135e-09;
3890926.0617367653176;7.3567538727559167455e-09;
3891259.4172938023694;7.848654171027646953e-09;
3891592.7728508394212;7.4952408724016095221e-09;
3891926.1284078764729;7.2734569478427602007e-09;
3892259.4839649135247;7.8873556574876602099e-09;
3892592.8395219505765;8.0569639848704355245e-09;
3892926.1950789876282;7.4574941777427738998e-09;
3893259.55063602468;7.4472037425721282489e-09;
3893592.9061930617318;7.7485635685548004403e-09;
3893926.2617500987835;6.9378458533719822299e-09;
3894259.6173071358353;7.3208874518115862884e-09;
3894592.9728641728871;7.6075608035353070591e-09;
3894926.3284212099388;7.7388637720332553727e-09;
3895259.6839782469906;7.4026598184673275682e-09;
3895593.0395352840424;7.7785129448670886632e-09;
3895926.3950923210941;7.4854114018307882361e-09;
3896259.7506493581459;7.6783717162243192433e-09;
3896593.1062063951977;7.5517689879234239925e-09;
3896926.4617634322494;7.6977935137279018818e-09;
3897259.8173204693012;7.4888184542487579165e-09;
3897593.172877506353;7.2429187092382107949e-09;
3897926.5284345434047;7.3998385197171501204e-09;
3898259.8839915804565;7.5411765720900802989e-09;
3898593.2395486175083;7.0938241947260394227e-09;
3898926.59510565456;7.4866086663405440049e-09;
3899259.9506626916118;7.8908488632123408024e-09;
3899593.3062197286636;7.3682522305773545668e-09;
3899926.6617767657153;7.5313266734156059101e-09;
3900260.0173338027671;7.4394237437047650019e-09;
3900593.3728908398189;7.5654860154372727266e-09;
3900926.7284478768706;7.4295631868892542116e-09;
3901260.0840049139224;7.6580173313800514734e-09;
3901593.4395619509742;6.9288694781732829142e-09;
3901926.7951189880259;7.2054553434952595126e-09;
3902260.1506760250777;7.669461510317887587e-09;
3902593.5062330621295;7.9172721711984195281e-09;
3902926.8617900991812;7.7469710646482781158e-09;
3903260.217347136233;7.3124173383121160441e-09;
3903593.5729041732848;7.5971167134980532865e-09;
3903926.9284612103365;7.1051111660835886141e-09;
3904260.2840182473883;7.6383610547736680019e-09;
3904593.6395752844401;7.4370714031601892202e-09;
3904926.9951323214918;7.2679262608232875209e-09;
3905260.3506893585436;7.6342825394704050268e-09;
3905593.7062463955954;7.4218404755299616227e-09;
3905927.0618034326471;8.2662552358669927344e-09;
3906260.4173604696989;7.6079214039737053099e-09;
3906593.7729175067507;7.3797297162059294351e-09;
3906927.1284745438024;7.704937132757549989e-09;
3907260.4840315808542;7.5149513278915947012e-09;
3907593.839588617906;7.4016068829507730698e-09;
3907927.1951456549577;7.6884276722921640612e-09;
3908260.5507026920095;7.2273742546258290531e-09;
3908593.9062597290613;7.6739352650179171178e-09;
3908927.261816766113;7.5520736331213811354e-09;
3909260.6173738031648;7.6390316294805415964e-09;
3909593.9729308402166;7.0584831313169615896e-09;
3909927.3284878772683;7.7635915474161265593e-09;
3910260.6840449143201;7.2809354101366352552e-09;
3910594.0396019513719;7.9184125922893144889e-09;
3910927.3951589884236;7.1673040835662504833e-09;
3911260.7507160254754;7.0689316622463138629e-09;
3911594.1062730625272;7.4061849986151173653e-09;
3911927.4618300995789;7.3406685174859376275e-09;
3912260.8173871366307;7.3996697658174070966e-09;
3912594.1729441736825;7.4358830204346304527e-09;
3912927.5285012107342;7.0927401729647954198e-09;
3913260.884058247786;7.2976722442774644151e-09;
3913594.2396152848378;7.6092847578479450021e-09;
3913927.5951723218895;7.8386506174865644425e-09;
3914260.9507293589413;7.5174080294004852476e-09;
3914594.3062863959931;7.470751128835217969e-09;
3914927.6618434330449;7.557077630337971641e-09;
3915261.0174004700966;7.8171984441155473178e-09;
3915594.3729575071484;7.6800041881597280735e-09;
3915927.7285145442002;6.5960863437908301421e-09;
3916261.0840715812519;7.395069445692570298e-09;
3916594.4396286183037;7.285912762000634757e-09;
3916927.7951856553555;7.5526447318452483159e-09;
3917261.1507426924072;7.636106857944469084e-09;
3917594.506299729459;7.8637949485482749878e-09;
3917927.8618567665108;7.3851764703647404531e-09;
3918261.2174138035625;8.1211366520506089728e-09;
3918594.5729708406143;7.4599180166501355416e-09;
3918927.9285278776661;8.1939504070760449395e-09;
3919261.2840849147178;7.501339993609690282e-09;
3919594.6396419517696;7.7129946873810695251e-09;
3919927.9951989888214;7.3202830463969803532e-09;
3920261.3507560258731;7.9022512977644510102e-09;
3920594.7063130629249;7.5743287197838071734e-09;
3920928.0618700999767;7.8878823472905423841e-09;
3921261.4174271370284;7.892512421392439137e-09;
3921594.7729841740802;7.5653927567032042134e-09;
3921928.128541211132;7.5699793100625356601e-09;
3922261.4840982481837;7.794668022143014241e-09;
3922594.8396552852355;7.3986559101513194037e-09;
3922928.1952123222873;7.4703701002931666153e-09;
3923261.550769359339;7.6169612839294131845e-09;
3923594.9063263963908;7.3933286159899580525e-09;
3923928.2618834334426;7.8323054708562267479e-09;
3924261.6174404704943;7.454992179134478647e-09;
3924594.9729975075461;7.5114803266274066118e-09;
3924928.3285545445979;7.6554487193902787112e-09;
3925261.6841115816496;7.2497932102066897642e-09;
3925595.0396686187014;7.6744886001733902958e-09;
3925928.3952256557532;7.5966628543255865225e-09;
3926261.7507826928049;7.6155028949642655789e-09;
3926595.1063397298567;7.8115016677315907145e-09;
3926928.4618967669085;7.269841617585370841e-09;
3927261.8174538039602;7.4123418514204786334e-09;
3927595.173010841012;7.4217489931527325098e-09;
3927928.5285678780638;7.3784982568270152115e-09;
3928261.8841249151155;7.4760544421792474168e-09;
3928595.2396819521673;7.5583521663702413207e-09;
3928928.5952389892191;7.4017756368505160935e-09;
3929261.9507960262708;7.7729813696691962832e-09;
3929595.3063530633226;7.5330470750145650527e-09;
3929928.6619101003744;7.3046240167684572953e-09;
3930262.0174671374261;7.7279818100350894383e-09;
3930595.3730241744779;7.399331813928711199e-09;
3930928.7285812115297;7.7818480548330626334e-09;
3931262.0841382485814;7.5124573228890767496e-09;
3931595.4396952856332;7.5040809122128848685e-09;
3931928.795252322685;7.5608754812606093765e-09;
3932262.1508093597367;7.691305370371992467e-09;
3932595.5063663967885;7.9209589998185947479e-09;
3932928.8619234338403;7.5485324657620367361e-09;
3933262.217480470892;7.6624582234785520996e-09;
3933595.5730375079438;7.4820594164748399635e-09;
3933928.9285945449956;7.6465909160106093623e-09;
3934262.2841515820473;8.2387101585368327505e-09;
3934595.6397086190991;7.6882384902887679345e-09;
3934928.9952656561509;7.0363097570691479632e-09;
3935262.3508226932026;7.5272392763281459338e-09;
3935595.7063797302544;7.6645312319101321918e-09;
3935929.0619367673062;7.6034849527673031844e-09;
3936262.4174938043579;7.5569976942801986297e-09;
3936595.7730508414097;7.4466934840700105269e-09;
3936929.1286078784615;7.4997190679937375535e-09;
3937262.4841649155132;7.6091239975539792795e-09;
3937595.839721952565;7.4416197648474735615e-09;
3937929.1952789896168;7.6125070691546170565e-09;
3938262.5508360266685;7.6360668899155825784e-09;
3938595.9063930637203;7.3408750189685179066e-09;
3938929.2619501007721;7.2358603553368538996e-09;
3939262.6175071378238;7.6933588388783391565e-09;
3939595.9730641748756;7.9169248934363167791e-09;
3939929.3286212119274;7.703908622147537244e-09;
3940262.6841782489792;7.6462010056843610073e-09;
3940596.0397352860309;7.6447506103249907028e-09;
3940929.3952923230827;7.8358555199997681484e-09;
3941262.7508493601345;7.9180511036724965379e-09;
3941596.1064063971862;7.7373139006908786541e-09;
3941929.461963434238;8.1609670132820610888e-09;
3942262.8175204712898;7.9214323989162949147e-09;
3942596.1730775083415;7.9867703561831149273e-09;
3942929.5286345453933;7.55841789157329913e-09;
3943262.8841915824451;7.6864559162004297832e-09;
3943596.2397486194968;7.2998518341194085224e-09;
3943929.5953056565486;7.519957101465024607e-09;
3944262.9508626936004;7.3392887323109334829e-09;
3944596.3064197306521;7.9713515788171207532e-09;
3944929.6619767677039;7.8226936039982319926e-09;
3945263.0175338047557;7.4371500069503326813e-09;
3945596.3730908418074;7.8922486324017881998e-09;
3945929.7286478788592;7.541971491775711911e-09;
3946263.084204915911;7.7602786419106450921e-09;
3946596.4397619529627;7.4919235260040295543e-09;
3946929.7953189900145;8.052379207867943478e-09;
3947263.1508760270663;7.3618995344304494211e-09;
3947596.506433064118;7.5522468279132226598e-09;
3947929.8619901011698;8.3520408367121490301e-09;
3948263.2175471382216;7.8264319469667498197e-09;
3948596.5731041752733;7.3693913194006199774e-09;
3948929.9286612123251;7.4337798139367805561e-09;
3949263.2842182493769;7.8789081925378923188e-09;
3949596.6397752864286;7.5314590120001412288e-09;
3949929.9953323234804;7.3868116068354083836e-09;
3950263.3508893605322;7.4561450347232494096e-09;
3950596.7064463975839;7.4800352578563433781e-09;
3950930.0620034346357;7.2499841685669252911e-09;
3951263.4175604716875;7.5253092646221375617e-09;
3951596.7731175087392;7.5755801631771646498e-09;
3951930.128674545791;7.4186599086090154742e-09;
3952263.4842315828428;7.5725994364006510295e-09;
3952596.8397886198945;7.2439494402942727902e-09;
3952930.1953456569463;7.4710788666720873152e-09;
3953263.5509026939981;7.5553652223447897995e-09;
3953596.9064597310498;7.3790298316112057364e-09;
3953930.2620167681016;7.337445318000845873e-09;
3954263.6175738051534;7.6628889900121066603e-09;
3954596.9731308422051;7.0603807245106509072e-09;
3954930.3286878792569;7.195727569353493891e-09;
3955263.6842449163087;7.6708221996568681789e-09;
3955597.0398019533604;7.4848989228826212639e-09;
3955930.3953589904122;7.6191692954807876959e-09;
3956263.750916027464;7.517935607381787122e-09;
3956597.1064730645157;7.5487847084332315717e-09;
3956930.4620301015675;7.7665518460889870767e-09;
3957263.8175871386193;7.2209020984814742405e-09;
3957597.173144175671;7.5031456603369406366e-09;
3957930.5287012127228;7.4957151596777293889e-09;
3958263.8842582497746;7.2113057747458242375e-09;
3958597.2398152868263;7.3303851877426495776e-09;
3958930.5953723238781;7.1185541905549598596e-09;
3959263.9509293609299;7.5071007188398652943e-09;
3959597.3064863979816;6.8419496734861695586e-09;
3959930.6620434350334;8.1089339687423489522e-09;
3960264.0176004720852;7.0065828694509946217e-09;
3960597.3731575091369;7.5591222170601213293e-09;
3960930.7287145461887;7.9329902646918526443e-09;
3961264.0842715832405;7.4830186491681160987e-09;
3961597.4398286202922;7.4660935212023105123e-09;
3961930.795385657344;7.5677855093658763508e-09;
3962264.1509426943958;7.4377770609146409697e-09;
3962597.5064997314475;7.8389952307134080911e-09;
3962930.8620567684993;7.5169319657675259805e-09;
3963264.2176138055511;7.1348424945938404562e-09;
3963597.5731708426028;7.6178450214570148091e-09;
3963930.9287278796546;7.6946973237568272452e-09;
3964264.2842849167064;7.6416490912833978655e-09;
3964597.6398419537582;7.0558550113730689191e-09;
3964930.9953989908099;7.1785817290503928234e-09;
3965264.3509560278617;7.5564665635852179548e-09;
3965597.7065130649135;7.7548136800942302216e-09;
3965931.0620701019652;7.2778152393482287152e-09;
3966264.417627139017;7.8302555550635588588e-09;
3966597.7731841760688;7.4189463461493687646e-09;
3966931.1287412131205;7.5906330110342423723e-09;
3967264.4842982501723;7.4364443491958809318e-09;
3967597.8398552872241;7.2608945522745216294e-09;
3967931.1954123242758;7.4653456749729230069e-09;
3968264.5509693613276;7.2019878949447502237e-09;
3968597.9065263983794;7.6374080393293297675e-09;
3968931.2620834354311;7.7238828666281733604e-09;
3969264.6176404724829;7.2697523556541909784e-09;
3969597.9731975095347;7.1569741244559281768e-09;
3969931.3287545465864;7.4300459118603612296e-09;
3970264.6843115836382;7.6788175817910087062e-09;
3970598.03986862069;7.3264456723620696721e-09;
3970931.3954256577417;7.6491835088177140278e-09;
3971264.7509826947935;7.1144161672975769761e-09;
3971598.1065397318453;7.2257746452919491276e-09;
3971931.462096768897;7.2546724183553124021e-09;
3972264.8176538059488;7.360218212681957084e-09;
3972598.1732108430006;7.126812473501331624e-09;
3972931.5287678800523;7.3556427615528718889e-09;
3973264.8843249171041;7.167266335983413228e-09;
3973598.2398819541559;7.5518489239811970037e-09;
3973931.5954389912076;7.2336363565739247861e-09;
3974264.9509960282594;7.606758778422317846e-09;
3974598.3065530653112;7.9219466542213012872e-09;
3974931.6621101023629;7.0489170056475813908e-09;
3975265.0176671394147;7.5709767344278589007e-09;
3975598.3732241764665;7.6567125972815119894e-09;
3975931.7287812135182;7.2578085763552735443e-09;
3976265.08433825057;7.4871211452887109772e-09;
3976598.4398952876218;7.3294708080595682986e-09;
3976931.7954523246735;7.4807449124136837781e-09;
3977265.1510093617253;7.5077606354057024873e-09;
3977598.5065663987771;7.6085360234401377966e-09;
3977931.8621234358288;7.4706978381300359615e-09;
3978265.2176804728806;7.2597723388412305212e-09;
3978598.5732375099324;7.5912334196459596569e-09;
3978931.9287945469841;7.3327162120051525562e-09;
3979265.2843515840359;7.2106720594433681981e-09;
3979598.6399086210877;7.6653661196246503096e-09;
3979931.9954656581394;7.6208026555946162262e-09;
3980265.3510226951912;7.6108621627213324246e-09;
3980598.706579732243;7.5469941407391161192e-09;
3980932.0621367692947;7.5493948870075655577e-09;
3981265.4176938063465;7.462212181508220965e-09;
3981598.7732508433983;7.0249348560480484593e-09;
3981932.12880788045;7.5952613087792997248e-09;
3982265.4843649175018;7.3104904352305766224e-09;
3982598.8399219545536;7.5522468279132226598e-09;
3982932.1954789916053;7.812873903390027408e-09;
3983265.5510360286571;7.1629990827659639763e-09;
3983598.9065930657089;7.3898744901157442655e-09;
3983932.2621501027606;7.631574483468739345e-09;
3984265.6177071398124;7.3149868384803085064e-09;
3984598.9732641768642;7.207543895049184357e-09;
3984932.3288212139159;7.554595171654909791e-09;
3985265.6843782509677;7.3336052786032723816e-09;
3985599.0399352880195;7.5956085865414024738e-09;
3985932.3954923250712;7.1639556509239810111e-09;
3986265.751049362123;7.376580235529672791e-09;
3986599.1066063991748;7.2764985148410232796e-09;
3986932.4621634362265;7.3514829779242063523e-09;
3987265.8177204732783;7.4578609954301100515e-09;
3987599.1732775103301;7.9050561652138640056e-09;
3987932.5288345473818;7.617376063251413143e-09;
3988265.8843915844336;7.9091124760566344776e-09;
3988599.2399486214854;7.4785768688911957724e-09;
3988932.5955056585371;7.5345418792949203635e-09;
3989265.9510626955889;7.4269923544534321991e-09;
3989599.3066197326407;7.6212307575929116865e-09;
3989932.6621767696925;7.2692412089736535563e-09;
3990266.0177338067442;7.5965163048863360018e-09;
3990599.373290843796;7.3990458204775677586e-09;
3990932.7288478808478;7.7905202289230146562e-09;
3991266.0844049178995;7.5696204859809768095e-09;
3991599.4399619549513;7.6683024374801789236e-09;
3991932.7955189920031;7.1305445992209115502e-09;
3992266.1510760290548;6.9926513468487883074e-09;
3992599.5066330661066;7.343686547756078653e-09;
3992932.8621901031584;7.5931669840656468295e-09;
3993266.2177471402101;7.3045853810072003398e-09;
3993599.5733041772619;7.3892905128047914332e-09;
3993932.9288612143137;7.3445125536863997695e-09;
3994266.2844182513654;7.2345893720182630204e-09;
3994599.6399752884172;7.1130288326060053805e-09;
3994932.995532325469;7.9480697579015213705e-09;
3995266.3510893625207;7.1987873440093608224e-09;
3995599.7066463995725;8.0611544106545807153e-09;
3995933.0622034366243;7.5195210058609518455e-09;
3996266.417760473676;7.7466033587825222639e-09;
3996599.7733175107278;7.4543500261370354565e-09;
3996933.1288745477796;7.4602324318107093859e-09;
3997266.4844315848313;7.5153741008193719608e-09;
3997599.8399886218831;7.5549930755869354471e-09;
3997933.1955456589349;7.4233792446420920896e-09;
3998266.5511026959866;7.1261490042218156304e-09;
3998599.9066597330384;7.883491193183544965e-09;
3998933.2622167700902;7.3949655288174653833e-09;
3999266.6177738071419;7.4277752837303978595e-09;
3999599.9733308441937;7.3215948859228774381e-09;
3999933.3288878812455;7.0921046813054999802e-09;
4000266.6844449182972;7.354402420389760664e-09;
4000600.040001955349;7.5783219699587789364e-09;
4000933.3955589924008;7.3098740394073047355e-09;
4001266.7511160294525;6.9269949776185057999e-09;
4001600.1066730665043;7.5588832970652219956e-09;
4001933.4622301035561;7.224543630002244754e-09;
4002266.8177871406078;7.0301937604710929008e-09;
4002600.1733441776596;7.6277544280856091063e-09;
4002933.5289012147114;7.5086967754600664193e-09;
4003266.8844582517631;7.4451107501261049038e-09;
4003600.2400152888149;7.3919390608523372066e-09;
4003933.5955723258667;7.3413777279540681775e-09;
4004266.9511293629184;7.823696357434073434e-09;
4004600.3066863999702;7.9148803067141670908e-09;
4004933.662243437022;7.2193544475851467723e-09;
4005267.0178004740737;7.418190506314203958e-09;
4005600.3733575111255;7.9079871539988744189e-09;
4005933.7289145481773;7.1108803290087507776e-09;
4006267.084471585229;7.6043935592906564125e-09;
4006600.4400286222808;7.1408612356549383549e-09;
4006933.7955856593326;7.0178791666819506645e-09;
4007267.1511426963843;7.881165053902350337e-09;
4007600.5066997334361;7.4503576641404833936e-09;
4007933.8622567704879;7.6128676695930153073e-09;
4008267.2178138075396;7.6947248572878379491e-09;
4008600.5733708445914;7.4815726947008442949e-09;
4008933.9289278816432;6.9852599260400438652e-09;
4009267.2844849186949;7.5377721842073697189e-09;
4009600.6400419557467;7.8226243260814953828e-09;
4009933.9955989927985;7.4893309331969248888e-09;
4010267.3511560298502;7.0932881790497503971e-09;
4010600.706713066902;7.4339627786912387819e-09;
4010934.0622701039538;7.2307524412451584794e-09;
4011267.4178271410055;7.6447639330012862047e-09;
4011600.7733841780573;7.3378449982897109294e-09;
4011934.1289412151091;7.1157537639976453647e-09;
4012267.4844982521608;7.3295738367562535132e-09;
4012600.8400552892126;7.0963417364566794276e-09;
4012934.1956123262644;7.4606649747011033469e-09;
4013267.5511693633161;7.560304382536742196e-09;
4013600.9067264003679;7.412445768295583548e-09;
4013934.2622834374197;7.1987118488436863117e-09;
4014267.6178404744714;7.126224055298280291e-09;
4014600.9733975115232;7.6412733918118647125e-09;
4014934.328954548575;7.458332618170970818e-09;
4015267.6845115856268;7.6492510103776112373e-09;
4015601.0400686226785;8.140663254607716226e-09;
4015934.3956256597303;7.2517165605745503854e-09;
4016267.7511826967821;7.7168706980046408717e-09;
4016601.1067397338338;7.3104775566434909706e-09;
4016934.4622967708856;7.7449699986686937336e-09;
4017267.8178538079374;7.4718133902251793188e-09;
4017601.1734108449891;7.5819839295832025527e-09;
4017934.5289678820409;7.6111428271019576641e-09;
4018267.8845249190927;7.4201325084288782818e-09;
4018601.2400819561444;7.8505300038500536175e-09;
4018934.5956389931962;7.3693526836393630219e-09;
4019267.951196030248;7.878271368610967329e-09;
4019601.3067530672997;7.6569950380189766292e-09;
4019934.6623101043515;7.8174871021019498585e-09;
4020268.0178671414033;7.7268955678277961852e-09;
4020601.373424178455;7.460913664658619382e-09;
4020934.7289812155068;6.9806720404130828683e-09;
4021268.0845382525586;7.2015957641724526184e-09;
4021601.4400952896103;7.6447639330012862047e-09;
4021934.7956523266621;7.5488904016651758866e-09;
4022268.1512093637139;7.331685925038300411e-09;
4022601.5067664007656;7.7041111268272288726e-09;
4022934.8623234378174;7.7690494038051838288e-09;
4023268.2178804748692;7.4756085766125579539e-09;
4023601.5734375119209;7.0766223991824972472e-09;
4023934.9289945489727;7.2762937897152824007e-09;
4024268.2845515860245;7.7997910352678445634e-09;
4024601.6401086230762;7.7155020150598829787e-09;
4024934.995665660128;7.2837753606336264056e-09;
4025268.3512226971798;7.2357462244099224336e-09;
4025601.7067797342315;7.3436350334077360458e-09;
4025935.0623367712833;7.3499335506710394839e-09;
4026268.4178938083351;7.3025323565900635003e-09;
4026601.7734508453868;7.8782305124036611232e-09;
4026935.1290078824386;6.8708092548774857278e-09;
4027268.4845649194904;7.2358732339239395515e-09;
4027601.8401219565421;7.1975483351138791477e-09;
4027935.1956789935939;7.4506454339484662341e-09;
4028268.5512360306457;7.3256991584003117168e-09;
4028601.9067930676974;7.5210273564607632579e-09;
4028935.2623501047492;7.3925492394266711926e-09;
4029268.617907141801;7.318302852610258924e-09;
4029601.9734641788527;7.2820864893685666175e-09;
4029935.3290212159045;7.3113124443580090883e-09;
4030268.6845782529563;7.4737700472837786947e-09;
4030602.040135290008;7.3794703681073769985e-09;
4030935.3956923270598;7.4003585481818845437e-09;
4031268.7512493641116;7.2811912055215088913e-09;
4031602.1068064011633;7.377551902720824728e-09;
4031935.4623634382151;7.5456423331843325286e-09;
4032268.8179204752669;7.3035844039281982987e-09;
4032602.1734775123186;7.2196333356089326116e-09;
4032935.5290345493704;7.566269388803448237e-09;
4033268.8845915864222;7.3078583184837953013e-09;
4033602.2401486234739;7.5312733827104239026e-09;
4033935.5957056605257;7.310246630254368938e-09;
4034268.9512626975775;7.3980968018361181748e-09;
4034602.3068197346292;7.3006982681533827417e-09;
4034935.662376771681;7.679815894334751647e-09;
4035269.0179338087328;7.7014457033897087967e-09;
4035602.3734908457845;7.3945498613170457247e-09;
4035935.7290478828363;7.1643584398373150179e-09;
4036269.0846049198881;7.8706907657988267601e-09;
4036602.4401619569398;7.7516268959243461723e-09;
4036935.7957189939916;7.6688815298098234052e-09;
4037269.1512760310434;7.1928334399729010329e-09;
4037602.5068330680951;7.4221535584229059168e-09;
4037935.8623901051469;7.5894330819892275031e-09;
4038269.2179471421987;7.1359580466889838135e-09;
4038602.5735041792504;7.440913663003811962e-09;
4038935.9290612163022;7.6629289580409931659e-09;
4039269.284618253354;7.7478965465616056463e-09;
4039602.6401752904058;7.464899809406233544e-09;
4039935.9957323274575;7.2392043470870248711e-09;
4040269.3512893645093;7.5898061169255015557e-09;
4040602.7068464015611;7.6155162176405610808e-09;
4040936.0624034386128;7.2940959938705418608e-09;
4041269.4179604756646;7.398863743901529233e-09;
4041602.7735175127164;7.307473293138855297e-09;
4041936.1290745497681;7.8673041414845101826e-09;
4042269.4846315868199;7.2184289656718192418e-09;
4042602.8401886238717;7.0514807326560458023e-09;
4042936.1957456609234;7.5522601505895181617e-09;
4043269.5513026979752;7.351289355028711725e-09;
4043602.906859735027;7.7620372351816513401e-09;
4043936.2624167720787;7.310041016950208359e-09;
4044269.6179738091305;7.5222423845389130292e-09;
4044602.9735308461823;7.5529102971927386534e-09;
4044936.329087883234;7.368679444397230327e-09;
4045269.6846449202858;7.8226385369362105848e-09;
4045603.0402019573376;7.6135098225904584979e-09;
4045936.3957589943893;7.3825825452900062373e-09;
4046269.7513160314411;7.2896639835562382359e-09;
4046603.1068730684929;6.871449187428879668e-09;
4046936.4624301055446;7.799051182644234359e-09;
4047269.8179871425964;7.0976260424515658087e-09;
4047603.1735441796482;7.0552350628361182316e-09;
4047936.5291012166999;7.5172623681396544271e-09;
4048269.8846582537517;7.5497528229107047082e-09;
4048603.2402152908035;7.5022752454856345139e-09;
4048936.5957723278552;7.6243109603524317208e-09;
4049269.951329364907;7.2989028154779589386e-09;
4049603.3068864019588;7.7169790557718442869e-09;
4049936.6624434390105;7.8991284624407853698e-09;
4050270.0180004760623;7.7504962447960679128e-09;
4050603.3735575131141;7.5408985722447141598e-09;
4050936.7291145501658;7.6001196447350594099e-09;
4051270.0846715872176;7.485517095062732551e-09;
4051603.4402286242694;7.4088006840611342341e-09;
4051936.7957856613211;7.3629728980506570224e-09;
4052270.1513426983729;7.6730186648887865886e-09;
4052603.5068997354247;7.5099366725339677942e-09;
4052936.8624567724764;6.9872974073348359525e-09;
4053270.2180138095282;7.8116251245319290319e-09;
4053603.57357084658;7.184422834427550697e-09;
4053936.9291278836317;7.3132264688524628582e-09;
4054270.2846849206835;7.3502692821136861312e-09;
4054603.6402419577353;7.1438224225062185724e-09;
4054936.995798994787;7.3357826479991672386e-09;
4055270.3513560318388;7.7287012345550465398e-09;
4055603.7069130688906;7.1617280994473730971e-09;
4055937.0624701059423;7.6871176091231063765e-09;
4056270.4180271429941;7.3743904316359021323e-09;
4056603.7735841800459;7.5702049073811394919e-09;
4056937.1291412170976;7.6213249045053998998e-09;
4057270.4846982541494;7.4133312821800245729e-09;
4057603.8402552912012;7.1683112778941904253e-09;
4057937.1958123282529;7.4965837981721961114e-09;
4058270.5513693653047;7.4126020876974507701e-09;
4058603.9069264023565;7.0802910201450686145e-09;
4058937.2624834394082;7.2089876290704069106e-09;
4059270.61804047646;7.4304504771305346367e-09;
4059603.9735975135118;7.1544978830218042276e-09;
4059937.3291545505635;7.3751418305789684382e-09;
4060270.6847115876153;7.4583459408472663199e-09;
4060604.0402686246671;7.077592290016809784e-09;
4060937.3958256617188;7.314061800656190826e-09;
4061270.7513826987706;7.2775594439633550792e-09;
4061604.1069397358224;7.1840062787487113383e-09;
4061937.4624967728741;7.2309811471882312617e-09;
4062270.8180538099259;7.6098594092854909832e-09;
4062604.1736108469777;7.7505371010033741186e-09;
4062937.5291678840294;7.4205499522861373407e-09;
4063270.8847249210812;7.6583672736774133227e-09;
4063604.240281958133;7.5875936644820285437e-09;
4063937.5958389951847;7.312828120831227352e-09;
4064270.9513960322365;7.8331030550771174603e-09;
4064604.3069530692883;7.6086967837341035192e-09;
4064937.6625101063401;7.5699126966810581507e-09;
4065271.0180671433918;7.5350454764588903345e-09;
4065604.3736241804436;7.2439751974684440938e-09;
4065937.7291812174954;7.5339734451063122833e-09;
4066271.0847382545471;7.3173644921098457417e-09;
4066604.4402952915989;7.7872224224506680912e-09;
4066937.7958523286507;7.4064581134791751538e-09;
4067271.1514093657024;7.4957151596777293889e-09;
4067604.5069664027542;7.5755268724719826423e-09;
4067937.862523439806;7.3285821855506583233e-09;
4068271.2180804768577;7.1667751733173190587e-09;
4068604.5736375139095;7.1498988951645969792e-09;
4068937.9291945509613;7.4898842683523980668e-09;
4069271.284751588013;7.4247092918255930272e-09;
4069604.6403086250648;7.4113781778351039975e-09;
4069937.9958656621166;7.3743642303725209786e-09;
4070271.3514226991683;7.3466286387713353179e-09;
4070604.7069797362201;7.1756942610079477163e-09;
4070938.0625367732719;7.2671730855233818147e-09;
4071271.4180938103236;7.2735204525997687597e-09;
4071604.7736508473754;7.6099659906958549982e-09;
4071938.1292078844272;7.4492056967301323311e-09;
4072271.4847649214789;7.27621740637118819e-09;
4072604.8403219585307;7.6192234743643894035e-09;
4072938.1958789955825;7.6505273227667203173e-09;
4073271.5514360326342;7.6320034736454545055e-09;
4073604.906993069686;7.6021766659550848999e-09;
4073938.2625501067378;7.1685630764761754108e-09;
4074271.6181071437895;7.6099526680195594963e-09;
4074604.9736641808413;7.6024031514521084318e-09;
4074938.3292212178931;7.404793223031447269e-09;
4075271.6847782549448;6.9481278508476407296e-09;
4075605.0403352919966;7.5119688247582416807e-09;
4075938.3958923290484;7.2278187879248889658e-09;
4076271.7514493661001;8.062343681558559183e-09;
4076605.1070064031519;7.4084622880832284864e-09;
4076938.4625634402037;7.8814004211835708702e-09;
4077271.8181204772554;6.9709296113273921947e-09;
4077605.1736775143072;7.2916490623242680158e-09;
4077938.529234551359;7.4524519888541362889e-09;
4078271.8847915884107;7.7020541056072033825e-09;
4078605.2403486254625;7.2862453848188124539e-09;
4078938.5959056625143;7.1836785409118419921e-09;
4079271.951462699566;7.3555779245282337797e-09;
4079605.3070197366178;7.6044601726721339219e-09;
4079938.6625767736696;7.1948935698173954734e-09;
4080272.0181338107213;7.3268573430596006801e-09;
4080605.3736908477731;7.1858368144717132964e-09;
4080938.7292478848249;7.669326507198093168e-09;
4081272.0848049218766;7.147500369342196791e-09;
4081605.4403619589284;7.1847892080256769987e-09;
4081938.7959189959802;7.5557897716294064594e-09;
4082272.1514760330319;7.2755268476498713426e-09;
4082605.5070330700837;7.3388504162608114711e-09;
4082938.8625901071355;7.2882424539955081855e-09;
4083272.2181471441872;7.7121820041270439106e-09;
4083605.573704181239;7.2632548864248747122e-09;
4083938.9292612182908;7.6691106798421060375e-09;
4084272.2848182553425;6.8586532009362599638e-09;
4084605.6403752923943;7.5298052237826595956e-09;
4084938.9959323294461;7.1928587530578624865e-09;
4085272.3514893664978;7.2928534322613813856e-09;
4085605.7070464035496;7.428218928851038072e-09;
4085939.0626034406014;7.2420411889595470711e-09;
4086272.4181604776531;7.6053821018717826519e-09;
4086605.7737175147049;7.2632930780969218176e-09;
4086939.1292745517567;7.5800663523750699824e-09;
4087272.4848315888084;7.2448784749212791212e-09;
4087605.8403886258602;7.4600094990273646545e-09;
4087939.195945662912;7.5249655395737136132e-09;
4088272.5515026999637;7.4491794954667511774e-09;
4088605.9070597370155;7.3648744880472349905e-09;
4088939.2626167740673;7.3425900914969588484e-09;
4089272.618173811119;7.2339667589460532326e-09;
4089605.9737308481708;7.4251400583591475879e-09;
4089939.3292878852226;7.5330337523382695508e-09;
4090272.6848449222744;7.4920292192359738692e-09;
4090606.0404019593261;7.50394946180676925e-09;
4090939.3959589963779;7.421331993384683301e-09;
4091272.7515160334297;7.9812441100557407481e-09;
4091606.1070730704814;7.6729245179762983753e-09;
4091939.4626301075332;7.0647105943066890177e-09;
4092272.818187144585;7.660426071254278213e-09;
4092606.1737441816367;7.0778782834679532243e-09;
4092939.5293012186885;7.1614638663675123098e-09;
4093272.8848582557403;7.1007812962875505036e-09;
4093606.240415292792;7.2980821386181560229e-09;
4093939.5959723298438;7.5285093714683171129e-09;
4094272.9515293668956;7.9447053380476972961e-09;
4094606.3070864039473;7.3415713508495628048e-09;
4094939.6626434409991;6.9737469132746809919e-09;
4095273.0182004780509;7.906264087864656176e-09;
4095606.3737575151026;7.4828347962352381728e-09;
4095939.7293145521544;7.7661699293685160228e-09;
4096273.0848715892062;7.4564194818549367483e-09;
4096606.4404286262579;7.1372867616048552009e-09;
4096939.7959856633097;7.2027090958215467253e-09;
4097273.1515427003615;7.5758990192298369948e-09;
4097606.5070997374132;7.3505401765316946694e-09;
4097939.862656774465;7.3490036278656134527e-09;
4098273.2182138115168;7.4305028796572969441e-09;
4098606.5737708485685;7.3655992416377102927e-09;
4098939.9293278856203;7.2675048201631398115e-09;
4099273.2848849226721;7.573836668939293304e-09;
4099606.6404419597238;7.1431069947891501215e-09;
4099939.9959989967756;7.0714651911885084701e-09;
4100273.3515560338274;7.0600334467485481582e-09;
4100606.7071130708791;7.7270723153333165101e-09;
4100940.0626701079309;7.4978485642418490897e-09;
4101273.4182271449827;6.8849699275119746744e-09;
4101606.7737841820344;7.3612786977150790335e-09;
4101940.1293412190862;7.6687740602210396901e-09;
4102273.484898256138;7.06678360273826911e-09;
4102606.8404552931897;7.3963684066313817311e-09;
4102940.1960123302415;7.1155912273468402418e-09;
4103273.5515693672933;7.3664274680140806595e-09;
4103606.907126404345;7.5362631690722992062e-09;
4103940.2626834413968;7.5607822225265408633e-09;
4104273.6182404784486;7.4588566434385938919e-09;
4104606.9737975155003;7.2279582319367818855e-09;
4104940.3293545525521;7.0086882963948937686e-09;
4105273.6849115896039;7.2590706778896674223e-09;
4105607.0404686266556;7.3097843333869150229e-09;
4105940.3960256637074;7.1000330059689531481e-09;
4106273.7515827007592;7.5666548582375980914e-09;
4106607.1071397378109;7.4824404450168913172e-09;
4106940.4626967748627;7.4057555643491923547e-09;
4107273.8182538119145;7.3108887832518121286e-09;
4107607.1738108489662;7.39352357115308223e-09;
4107940.529367886018;7.8059594343926619331e-09;
4108273.8849249230698;7.6781834223993428168e-09;
4108607.2404819601215;7.8339974507457554864e-09;
4108940.5960389971733;7.348849084820585631e-09;
4109273.9515960342251;7.3897448160664680472e-09;
4109607.3071530712768;7.5781754205195284158e-09;
4109940.6627101083286;7.5857675696511250862e-09;
4110274.0182671453804;7.2772654569064343377e-09;
4110607.3738241824321;7.4411228290216513415e-09;
4110940.7293812194839;7.6735311438369535608e-09;
4111274.0849382565357;7.2773551629268240504e-09;
4111607.4404952935874;7.0764114568078184675e-09;
4111940.7960523306392;7.2653731919558595109e-09;
4112274.151609367691;7.1795653866502107121e-09;
4112607.5071664047427;6.9834933391632603161e-09;
4112940.8627234417945;7.1396444312199491833e-09;
4113274.2182804788463;7.6483912536673415161e-09;
4113607.573837515898;7.2380728077803269116e-09;
4113940.9293945529498;7.4582278131174462033e-09;
4114274.2849515900016;7.4042079134528648865e-09;
4114607.6405086270534;7.3485648677262815909e-09;
4114940.9960656641051;6.9233818678071656905e-09;
4115274.3516227011569;6.921569983830977435e-09;
4115607.7071797382087;7.0840360244517341926e-09;
4115941.0627367752604;7.1563328596369046863e-09;
4116274.4182938123122;7.2566992415090680879e-09;
4116607.773850849364;7.5077206673768159817e-09;
4116941.1294078864157;7.5779489350225048838e-09;
4117274.4849649234675;7.2070123202649938321e-09;
4117607.8405219605193;7.3148966883707089437e-09;
4117941.196078997571;7.1655161804073941312e-09;
4118274.5516360346228;7.8892821164799897815e-09;
4118607.9071930716746;7.6560269235415034927e-09;
4118941.2627501087263;7.1453412076039057865e-09;
4119274.6183071457781;7.0555326026067177736e-09;
4119607.9738641828299;7.4614519007809576578e-09;
4119941.3294212198816;7.6764834489040367771e-09;
4120274.6849782569334;7.9481958792371187883e-09;
4120608.0405352939852;7.365353216215453358e-09;
4120941.3960923310369;7.1817227720316623163e-09;
4121274.7516493680887;7.3352541818394456641e-09;
4121608.1072064051405;7.2856440880286754691e-09;
4121941.4627634421922;7.2169199505367487291e-09;
4122274.818320479244;7.3044827963997249753e-09;
4122608.1738775162958;7.2959926988858114782e-09;
4122941.5294345533475;7.4487478407547769166e-09;
4123274.8849915903993;7.2482269075635485933e-09;
4123608.2405486274511;7.3187274018948755838e-09;
4123941.5961056645028;7.0674168739515152993e-09;
4124274.9516627015546;7.5325434778505950817e-09;
4124608.3072197386064;7.5148722800122413901e-09;
4124941.6627767756581;7.7954487309739306511e-09;
4125275.0183338127099;7.2658070671138830221e-09;
4125608.3738908497617;7.8459798658059298759e-09;
4125941.7294478868134;7.7805086817761548446e-09;
4126275.0850049238652;7.7107049634150826023e-09;
4126608.440561960917;7.2264474404448719724e-09;
4126941.7961189979687;7.6340951338238483004e-09;
4127275.1516760350205;8.0235587063270941144e-09;
4127608.5072330720723;7.0367422999595419242e-09;
4127941.862790109124;7.2421810770606498409e-09;
4128275.2183471461758;7.7261628206315435818e-09;
4128608.5739041832276;7.2731118905267067021e-09;
4128941.9294612202793;7.6369248702690128994e-09;
4129275.2850182573311;7.6248465319395108963e-09;
4129608.6405752943829;7.3951600398913797108e-09;
4129941.9961323314346;6.8652954432479873503e-09;
4130275.3516893684864;7.4843855557560345915e-09;
4130608.7072464055382;7.0391532602798179141e-09;
4130942.0628034425899;7.2616725965701789391e-09;
4131275.4183604796417;7.6717654451385897119e-09;
4131608.7739175166935;7.68551089436186885e-09;
4131942.1294745537452;7.0904726534593010001e-09;
4132275.485031590797;7.2215109447881786764e-09;
4132608.8405886278488;7.1326118344927635917e-09;
4132942.1961456649005;6.648156691824169684e-09;
4133275.5517027019523;7.5534938304144816357e-09;
4133608.9072597390041;7.2919563720574842591e-09;
4133942.2628167760558;7.4118338133644101617e-09;
4134275.6183738131076;7.6348589672647904081e-09;
4134608.9739308501594;6.9717622785958610621e-09;
4134942.3294878872111;7.2252288596530434006e-09;
4135275.6850449242629;7.7382660279567971884e-09;
4135609.0406019613147;6.9528289792231134925e-09;
4135942.3961589983664;7.3740276107514546311e-09;
4136275.7517160354182;7.6615966904114429781e-09;
4136609.10727307247;7.4960313511951426335e-09;
4136942.4628301095217;7.1906351983841432229e-09;
4137275.8183871465735;7.1997487971486862079e-09;
4137609.1739441836253;7.4377379810641741642e-09;
4137942.529501220677;7.8901827293975657085e-09;
4138275.8850582577288;7.0636310134375435155e-09;
4138609.2406152947806;7.6372206336827730411e-09;
4138942.5961723318323;7.3120318688779661898e-09;
4139275.9517293688841;7.5423951528819088708e-09;
4139609.3072864059359;7.683270020208965434e-09;
4139942.6628434429877;7.5590955717075303255e-09;
4140276.0184004800394;7.4609793898616771912e-09;
4140609.3739575170912;7.5884463157649406639e-09;
4140942.729514554143;7.5575421476514748065e-09;
4141276.0850715911947;7.4604553645940541173e-09;
4141609.4406286282465;7.3049575277650546923e-09;
4141942.7961856652983;7.1127042033936049847e-09;
4142276.15174270235;7.378381461364824645e-09;
4142609.5072997394018;7.094833609500028615e-09;
4142942.8628567764536;7.5667081489427800989e-09;
4143276.2184138135053;7.2563932640434813948e-09;
4143609.5739708505571;7.3389663235445823375e-09;
4143942.9295278876089;7.4458696985857386608e-09;
4144276.2850849246606;7.0871353230472777796e-09;
4144609.6406419617124;7.3282477863756412262e-09;
4144942.9961989987642;7.3137020883962122753e-09;
4145276.3517560358159;6.9592811513530250522e-09;
4145609.7073130728677;7.4550055018107741489e-09;
4145943.0628701099195;7.1605081863879149751e-09;
4146276.4184271469712;7.1848393901063900557e-09;
4146609.773984184023;7.2425878627768724982e-09;
4146943.1295412210748;7.1141914581573928444e-09;
4147276.4850982581265;7.7642470230898652517e-09;
4147609.8406552951783;7.6340409549402465927e-09;
4147943.1962123322301;7.5001276300667996111e-09;
4148276.5517693692818;7.4744788136626993946e-09;
4148609.9073264063336;7.7195014824837926426e-09;
4148943.2628834433854;7.2464567679730862437e-09;
4149276.6184404804371;7.4541803840588727326e-09;
4149609.9739975174889;7.4746360212429863168e-09;
4149943.3295545545407;7.4652799497698651976e-09;
4150276.6851115915924;7.5458812531792318623e-09;
4150610.0406686286442;7.4319519427490376984e-09;
4150943.396225665696;7.6936021997653369908e-09;
4151276.7517827027477;7.5061379334329103585e-09;
4151610.1073397397995;8.0195432516916298482e-09;
4151943.4628967768513;7.5606623184398813464e-09;
4152276.818453813903;7.6199055953907190997e-09;
4152610.1740108509548;7.0091559223328658845e-09;
4152943.5295678880066;7.3311450243807030347e-09;
4153276.8851249250583;7.3143442413936554658e-09;
4153610.2406819621101;7.3471708716965622443e-09;
4153943.5962389991619;7.5305059965558029944e-09;
4154276.9517960362136;6.9110113187775823462e-09;
4154610.3073530732654;7.6491302181125320203e-09;
4154943.6629101103172;7.2376402648899329506e-09;
4155277.0184671473689;7.3150512314157367655e-09;
4155610.3740241844207;8.0482216446853271918e-09;
4155943.7295812214725;7.4290147367150893842e-09;
4156277.0851382585242;7.2391155292450548586e-09;
4156610.440695295576;7.1554024927422688052e-09;
4156943.7962523326278;7.2753225666133403138e-09;
4157277.1518093696795;7.4722734666465839837e-09;
4157610.5073664067313;7.2207879675545427745e-09;
4157943.8629234437831;7.0740622248877116363e-09;
4158277.2184804808348;7.75544073405853851e-09;
4158610.5740375178866;7.7215220883886104275e-09;
4158943.9295945549384;7.4335972932715321804e-09;
4159277.2851515919901;7.0694405884808020346e-09;
4159610.6407086290419;7.3846835313418068836e-09;
4159943.9962656660937;7.012641578540979026e-09;
4160277.3518227031454;7.067727292309200493e-09;
4160610.7073797401972;7.4080848122548559331e-09;
4160944.062936777249;7.2918027171908761375e-09;
4161277.4184938143007;7.5384480879847615142e-09;
4161610.7740508513525;7.6448847252663654217e-09;
4161944.1296078884043;8.0758670861769132898e-09;
4162277.485164925456;7.443580862798171438e-09;
4162610.8407219625078;7.2838779452411017701e-09;
4162944.1962789995596;7.3486421392487955018e-09;
4163277.5518360366113;6.9193935026135022781e-09;
4163610.9073930736631;7.7908346440835885005e-09;
4163944.2629501107149;7.407863655828350602e-09;
4164277.6185071477666;7.4315211762154831376e-09;
4164610.9740641848184;7.2985568699834857398e-09;
4164944.3296212218702;7.4145036776940287382e-09;
4165277.685178258922;7.3260979505107570731e-09;
4165611.0407352959737;7.5083672612663576729e-09;
4165944.3962923330255;7.3876678108319993044e-09;
4166277.7518493700773;7.2234902503964804055e-09;
4166611.107406407129;7.3153079149790301017e-09;
4166944.4629634441808;7.2720514054935847525e-09;
4167277.8185204812326;7.2778791881944471243e-09;
4167611.1740775182843;7.6235879831187958189e-09;
4167944.5296345553361;7.1505144028094491659e-09;
4168277.8851915923879;7.06430114405520726e-09;
4168611.2407486294396;7.4447052966775117966e-09;
4168944.5963056664914;7.6058634945752601197e-09;
4169277.9518627035432;7.4277619610541023576e-09;
4169611.3074197405949;6.9509482614193984773e-09;
4169944.6629767776467;6.9614944919749177643e-09;
4170278.0185338146985;6.9931056501104649215e-09;
4170611.3740908517502;7.6344974786479724571e-09;
4170944.729647888802;7.1803349932508808706e-09;
4171278.0852049258538;7.4598389687707822304e-09;
4171611.4407619629055;7.3859549587496076128e-09;
4171944.7963189999573;7.0205179447668797366e-09;
4172278.1518760370091;7.2024430863848465378e-09;
4172611.5074330740608;7.4676274053331326286e-09;
4172944.8629901111126;7.4485253520606420352e-09;
4173278.2185471481644;7.0489170056475813908e-09;
4173611.5741041852161;7.0642141025700766477e-09;
4173944.9296612222679;7.7434059164716018131e-09;
4174278.2852182593197;7.3594814686828158301e-09;
4174611.6407752963714;7.4033752461843960191e-09;
4174944.9963323334232;7.1852306327002679609e-09;
4175278.351889370475;7.5751405148594130878e-09;
4175611.7074464075267;7.3068058270564506529e-09;
4175945.0630034445785;6.7720433705176219519e-09;
4176278.4185604816303;7.0768959581357648858e-09;
4176611.774117518682;7.6519794944829300221e-09;
4176945.1296745557338;7.4502657376740444306e-09;
4177278.4852315927856;7.2691519470424736937e-09;
4177611.8407886298373;7.3324328830892682163e-09;
4177945.1963456668891;7.4163404306659685972e-09;
4178278.5519027039409;7.5271335830962016189e-09;
4178611.9074597409926;7.4121073723176778003e-09;
4178945.2630167780444;6.8995720248210545833e-09;
4179278.6185738150962;7.2054930910780967679e-09;
4179611.9741308521479;7.3748047668686922407e-09;
4179945.3296878891997;7.3174675208065309562e-09;
4180278.6852449262515;7.3953421164674182364e-09;
4180612.0408019633032;8.0394180201892595505e-09;
4180945.396359000355;7.6213915178868774092e-09;
4181278.7519160374068;7.5665891330345402821e-09;
4181612.1074730744585;7.8785067358921878622e-09;
4181945.4630301115103;7.3200001615703058633e-09;
4182278.8185871485621;7.3329222693985229853e-09;
4182612.1741441856138;7.2614687596228577604e-09;
4182945.5297012226656;7.1693437853070918209e-09;
4183278.8852582597174;7.153429404382904977e-09;
4183612.2408152967691;7.1974852744460804388e-09;
4183945.5963723338209;7.1445627192190386268e-09;
4184278.9519293708727;7.4145556361315811955e-09;
4184612.3074864079244;7.3502430808503049775e-09;
4184945.6630434449762;7.0586816391937645676e-09;
4185279.018600482028;7.7265154274641645316e-09;
4185612.3741575190797;7.1656800493258288043e-09;
4185945.7297145561315;7.4525301485550698999e-09;
4186279.0852715931833;7.3904069530783544906e-09;
4186612.440828630235;7.290445136476364496e-09;
4186945.7963856672868;7.3684205403878877405e-09;
4187279.1519427043386;7.3285568724656968698e-09;
4187612.5074997413903;7.3797683519671863905e-09;
4187945.8630567784421;7.3033277203649049625e-09;
4188279.2186138154939;7.6558519523928225681e-09;
4188612.5741708525456;7.7309278978532347537e-09;
4188945.9297278895974;7.6701889284436219896e-09;
4189279.2852849266492;7.3856698534768838726e-09;
4189612.640841963701;7.5036856728161183128e-09;
4189945.9963990007527;7.2744792412038350449e-09;
4190279.3519560378045;7.5289188217197988706e-09;
4190612.7075130748563;7.4379471470820135437e-09;
4190946.063070111908;7.357956022246980865e-09;
4191279.4186271489598;7.5891533057870219636e-09;
4191612.7741841860116;7.163515114427809749e-09;
4191946.1297412230633;7.5966362089729955187e-09;
4192279.4852982601151;7.2732908584782762773e-09;
4192612.8408552971669;7.1824164393774481141e-09;
4192946.1964123342186;7.1299934845114876225e-09;
4193279.5519693712704;7.3407071532471945829e-09;
4193612.9075264083222;7.4707902086856847745e-09;
4193946.2630834453739;6.8981664824718791351e-09;
4194279.6186404824257;7.3069084116639260174e-09;
4194612.9741975199431;7.1901173903654580499e-09;
4194946.3297545574605;7.1163035464394397422e-09;
4195279.685311594978;7.4975847752511981525e-09;
4195613.0408686324954;7.1594641326555574778e-09;
4195946.3964256700128;6.9841679106730225612e-09;
4196279.7519827075303;7.1801080636646474886e-09;
4196613.1075397450477;7.4062502797289653245e-09;
4196946.4630967825651;6.9298065064060665463e-09;
4197279.8186538200825;7.2146764118485862127e-09;
4197613.1742108576;7.1974599613611189852e-09;
4197946.5297678951174;7.285912762000634757e-09;
4198279.8853249326348;7.7637283268927603785e-09;
4198613.2408819701523;7.1564461023854164523e-09;
4198946.5964390076697;7.5212511774225276895e-09;
4199279.9519960451871;7.6903727830313073355e-09;
4199613.3075530827045;7.4854380471833792399e-09;
4199946.663110120222;7.3932509003782342916e-09;
4200280.0186671577394;7.4996666654669752461e-09;
4200613.3742241952568;7.7135098308644955978e-09;
4200946.7297812327743;7.169507654225526494e-09;
4201280.0853382702917;7.4121593307552302576e-09;
4201613.4408953078091;7.6369923718289101089e-09;
4201946.7964523453265;7.0848695798986227601e-09;
4202280.152009382844;6.9160273064028388035e-09;
4202613.5075664203614;7.6525576986341548036e-09;
4202946.8631234578788;7.4407568995127348899e-09;
4203280.2186804953963;7.0336034774243216816e-09;
4203613.5742375329137;7.032861848443872077e-09;
4203946.9297945704311;6.9557977155909611611e-09;
4204280.2853516079485;7.3223538343825111951e-09;
4204613.640908645466;7.5064807703029146069e-09;
4204946.9964656829834;7.5873805016613005137e-09;
4205280.3520227205008;7.1748877950028600026e-09;
4205613.7075797580183;7.4685990725242845656e-09;
4205947.0631367955357;7.19543713501025195e-09;
4206280.4186938330531;7.5127601917301944923e-09;
4206613.7742508705705;6.995378942775687392e-09;
4206947.129807908088;7.085131148443224447e-09;
4207280.4853649456054;7.362197074201048963e-09;
4207613.8409219831228;7.4115993342616093287e-09;
4207947.1964790206403;6.9688357307029491494e-09;
4208280.5520360581577;7.4768555791138169297e-09;
4208613.9075930956751;7.1417645131077733822e-09;
4208947.2631501331925;6.9808558933459607942e-09;
4209280.61870717071;7.5553918676973808033e-09;
4209613.9742642082274;6.763554605271338005e-09;
4209947.3298212457448;7.1871495421760300815e-09;
4210280.6853782832623;7.5068893323759766645e-09;
4210614.0409353207797;6.9654575440836197231e-09;
4210947.3964923582971;7.8261024327730410732e-09;
4211280.7520493958145;7.0845209698688904609e-09;
4211614.107606433332;7.2539334539101218979e-09;
4211947.4631634708494;7.0496599668956605456e-09;
4212280.8187205083668;7.3807018274862912222e-09;
4212614.1742775458843;7.8129831493356505234e-09;
4212947.5298345834017;7.423183401300548212e-09;
4213280.8853916209191;7.2567885034402479505e-09;
4213614.2409486584365;7.5428987500458788418e-09;
4213947.596505695954;7.0585453038063405984e-09;
4214280.9520627334714;7.2734569478427602007e-09;
4214614.3076197709888;7.3413519707798968739e-09;
4214947.6631768085063;6.9214363129788125661e-09;
4215281.0187338460237;7.2456933786213539861e-09;
4215614.3742908835411;7.458162087914388394e-09;
4215947.7298479210585;7.5892465645210904768e-09;
4216281.085404958576;7.6038189078531104315e-09;
4216614.4409619960934;7.6290804784662213933e-09;
4216947.7965190336108;7.1869350470876725012e-09;
4217281.1520760711282;7.8037381001649919199e-09;
4217614.5076331086457;7.2622721170034765237e-09;
4217947.8631901461631;7.0339245539230432769e-09;
4218281.2187471836805;6.9446990380583883962e-09;
4218614.574304221198;7.7350312821522493323e-09;
4218947.9298612587154;7.1694197245619761816e-09;
4219281.2854182962328;7.4674444405786744028e-09;
4219614.6409753337502;7.3774999442832722707e-09;
4219947.9965323712677;7.3083716856103819737e-09;
4220281.3520894087851;7.6065713727757611196e-09;
4220614.7076464463025;7.5528170384586701402e-09;
4220948.06320348382;7.5234583007954825007e-09;
4221281.4187605213374;7.6940889215393326594e-09;
4221614.7743175588548;7.3277068857180438499e-09;
4221948.1298745963722;6.9858487883323050482e-09;
4222281.4854316338897;7.4127974869497847976e-09;
4222614.8409886714071;7.1083321451226311183e-09;
4222948.1965457089245;7.2168440112818643684e-09;
4223281.552102746442;7.2249495275400477112e-09;
4223614.9076597839594;7.4373067704414097534e-09;
4223948.2632168214768;7.4190640297899790312e-09;
4224281.6187738589942;7.0222694326105283835e-09;
4224614.9743308965117;7.2863350908392021665e-09;
4224948.3298879340291;7.5997057535914791515e-09;
4225281.6854449715465;7.3552937074339297396e-09;
4225615.041002009064;7.470133844833526382e-09;
4225948.3965590465814;6.8515841888938666671e-09;
4226281.7521160840988;7.6169612839294131845e-09;
4226615.1076731216162;7.2806027873184575583e-09;
4226948.4632301591337;7.373885058115092761e-09;
4227281.8187871966511;7.3742865147607972176e-09;
4227615.1743442341685;7.5396400234239990823e-09;
4227948.529901271686;7.3807280287496723759e-09;
4228281.8854583092034;7.7413249144342444197e-09;
4228615.2410153467208;7.6898327705521296593e-09;
4228948.5965723842382;7.2976593656903787632e-09;
4229281.9521294217557;7.0927277384669196181e-09;
4229615.3076864592731;7.3918999810018704011e-09;
4229948.6632434967905;7.217578978924166222e-09;
4230282.018800534308;7.1143535507189881173e-09;
4230615.3743575718254;7.5791870557395668584e-09;
4230948.7299146093428;7.4301897967643526499e-09;
4231282.0854716468602;7.3161690039569293731e-09;
4231615.4410286843777;7.4761858925853630353e-09;
4231948.7965857218951;7.6106481117221846944e-09;
4232282.1521427594125;7.4281798490005712665e-09;
4232615.50769979693;7.4682446893348242156e-09;
4232948.8632568344474;7.2904322578892788442e-09;
4233282.2188138719648;7.4817698703100177227e-09;
4233615.5743709094822;6.9030514637802298239e-09;
4233948.9299279469997;8.0895263820934815158e-09;
4234282.2854849845171;7.4324870702469070238e-09;
4234615.6410420220345;7.5813577637973139645e-09;
4234948.996599059552;7.4380515080463283084e-09;
4235282.3521560970694;7.6046076102898041427e-09;
4235615.7077131345868;7.0848944488943743636e-09;
4235949.0632701721042;7.4665393867689999752e-09;
4236282.4188272096217;7.3495849406413071847e-09;
4236615.7743842471391;7.6078814359448188043e-09;
4236949.1299412846565;7.3659744970200335956e-09;
4237282.485498322174;7.4694117557783101802e-09;
4237615.8410553596914;7.2252541727380048542e-09;
4237949.1966123972088;7.9046396095350246469e-09;
4238282.5521694347262;7.4183730269794523338e-09;
4238615.9077264722437;7.4095685143049649923e-09;
4238949.2632835097611;7.1501626841552479164e-09;
4239282.6188405472785;7.62827667699639278e-09;
4239615.974397584796;7.0702852461579368537e-09;
4239949.3299546223134;7.012690872443272383e-09;
4240282.6855116598308;7.1948935698173954734e-09;
4240616.0410686973482;7.2731247691137923539e-09;
4240949.3966257348657;7.455332351469223795e-09;
4241282.7521827723831;7.4148420736719344859e-09;
4241616.1077398099005;7.041528249374096049e-09;
4241949.463296847418;7.6883202027033803461e-09;
4242282.8188538849354;7.7159221234524011379e-09;
4242616.1744109224528;7.8296915617670492793e-09;
4242949.5299679599702;7.1381522914748529729e-09;
4243282.8855249974877;7.1784684863018810574e-09;
4243616.2410820350051;7.2610730761368813546e-09;
4243949.5966390725225;7.3431061231588046212e-09;
4244282.9521961100399;7.2461134870138721453e-09;
4244616.3077531475574;7.3249268872643824579e-09;
4244949.6633101850748;7.6797750381274454412e-09;
4245283.0188672225922;7.2254575655961161829e-09;
4245616.3744242601097;7.1050361150071239535e-09;
4245949.7299812976271;7.5794268639128858922e-09;
4246283.0855383351445;7.3695725077982388029e-09;
4246616.4410953726619;7.5220309980750243994e-09;
4246949.7966524101794;7.4568520247453307093e-09;
4247283.1522094476968;7.2974670750625136861e-09;
4247616.5077664852142;7.2171988385605345684e-09;
4247949.8633235227317;7.0243668659486502293e-09;
4248283.2188805602491;7.8740240994079613301e-09;
4248616.5744375977665;7.1781025567929646058e-09;
4248949.9299946352839;7.2461134870138721453e-09;
4249283.2855516728014;7.3754140572646065266e-09;
4249616.6411087103188;7.0359020831745056057e-09;
4249949.9966657478362;7.286437675446677531e-09;
4250283.3522227853537;7.2949291052282205783e-09;
4250616.7077798228711;7.4020358731274882302e-09;
4250950.0633368603885;7.0968155796435894445e-09;
4251283.4188938979059;7.2772015080602159287e-09;
4251616.7744509354234;7.386019795774245722e-09;
4251950.1300079729408;6.8723182700125562405e-09;
4252283.4855650104582;7.4865429411374861957e-09;
4252616.8411220479757;7.8119128943399118725e-09;
4252950.1966790854931;7.5868333837547652365e-09;
4253283.5522361230105;7.1434209658605141158e-09;
4253616.9077931605279;7.5983708214266698633e-09;
4253950.2633501980454;7.2455530464310413663e-09;
4254283.6189072355628;7.5000352595111507981e-09;
4254616.9744642730802;7.4044677056406271731e-09;
4254950.3300213105977;7.3500494579548103502e-09;
4255283.6855783481151;6.7548984183929405845e-09;
4255617.0411353856325;7.1718253558117339708e-09;
4255950.3966924231499;7.4175781072938207217e-09;
4256283.7522494606674;6.7428644889844235877e-09;
4256617.1078064981848;7.4073822631248731341e-09;
4256950.4633635357022;7.3013395329724062321e-09;
4257283.8189205732197;7.6819874905709184532e-09;
4257617.1744776107371;7.5301622715073790459e-09;
4257950.5300346482545;7.5328214776959612209e-09;
4258283.8855916857719;7.3090395957819964678e-09;
4258617.2411487232894;7.2640586878947033256e-09;
4258950.5967057608068;7.1315469085675431415e-09;
4259283.9522627983242;7.0501675608625191671e-09;
4259617.3078198358417;7.3614856432868691627e-09;
4259950.6633768733591;7.4416850459613215207e-09;
4260284.0189339108765;7.1986865357587248582e-09;
4260617.3744909483939;7.8607147457887549535e-09;
4260950.7300479859114;7.5075625716181093594e-09;
4261284.0856050234288;7.4652275472431028902e-09;
4261617.4411620609462;7.0849690558816291741e-09;
4261950.7967190984637;7.6125203918309125584e-09;
4262284.1522761359811;7.8082083021513426502e-09;
4262617.5078331734985;7.0290702147701722424e-09;
4262950.8633902110159;6.7179879437162526301e-09;
4263284.2189472485334;7.606865359832681861e-09;
4263617.5745042860508;7.191443884835280187e-09;
4263950.9300613235682;7.2559598329746677337e-09;
4264284.2856183610857;7.4300330332732755778e-09;
4264617.6411753986031;7.2667263317782726517e-09;
4264950.9967324361205;7.1427810333091201755e-09;
4265284.3522894736379;7.2007479978708488488e-09;
4265617.7078465111554;7.3571677638994970039e-09;
4265951.0634035486728;6.9022028093002063542e-09;
4266284.4189605861902;7.6164665685496402148e-09;
4266617.7745176237077;7.7051538482919568196e-09;
4266951.1300746612251;7.6604935728141754225e-09;
4267284.4856316987425;7.18884152206555882e-09;
4267617.8411887362599;7.1283401403832158394e-09;
4267951.1967457737774;7.9568573951860344096e-09;
4268284.5523028112948;7.8465456354592788557e-09;
4268617.9078598488122;7.8679125437020047684e-09;
4268951.2634168863297;7.4170047881239042908e-09;
4269284.6189739238471;7.4667747540502205084e-09;
4269617.9745309613645;7.5147141842535347678e-09;
4269951.3300879988819;7.6939672410958337423e-09;
4270284.6856450363994;7.2629613434571638209e-09;
4270618.0412020739168;7.4742558808793546632e-09;
4270951.3967591114342;7.2709145371163685923e-09;
4271284.7523161489516;7.6786417224639080814e-09;
4271618.1078731864691;7.2877561763107223669e-09;
4271951.4634302239865;7.2749775092972868151e-09;
4272284.8189872615039;7.6443615881771620479e-09;
4272618.1745442990214;7.3994486093909017654e-09;
4272951.5301013365388;6.9040702044276258675e-09;
4273284.8856583740562;7.258394774112275627e-09;
4273618.2412154115736;7.3433255032284705521e-09;
4273951.5967724490911;7.8169923867221768887e-09;
4274284.9523294866085;7.2700077069498547644e-09;
4274618.3078865241259;7.0974639498899705359e-09;
4274951.6634435616434;7.4083192913576567662e-09;
4275285.0190005991608;7.7687767330303358904e-09;
4275618.3745576366782;7.5955552958362204663e-09;
4275951.7301146741956;7.6317219210864095658e-09;
4276285.0856717117131;7.3854229398762072378e-09;
4276618.4412287492305;7.411260938283703581e-09;
4276951.7967857867479;7.4142429973278467514e-09;
4277285.1523428242654;7.3531492006395637873e-09;
4277618.5078998617828;7.0616832381631411408e-09;
4277951.8634568993002;6.9979355643567942025e-09;
4278285.2190139368176;7.4042336706270361901e-09;
4278618.5745709743351;7.4067054711690616386e-09;
4278951.9301280118525;7.1966255177358107176e-09;
4279285.2856850493699;6.881669012415159159e-09;
4279618.6412420868874;7.6921837788290758908e-09;
4279951.9967991244048;7.2024306518869707361e-09;
4280285.3523561619222;7.6826625061698905483e-09;
4280618.7079131994396;6.7256515912106351607e-09;
4280952.0634702369571;7.1966379522336865193e-09;
4281285.4190272744745;7.1969665782489755657e-09;
4281618.7745843119919;7.1995462924689945794e-09;
4281952.1301413495094;7.4644930236900108866e-09;
4282285.4856983870268;7.0868986234984276962e-09;
4282618.8412554245442;7.2183019561578021239e-09;
4282952.1968124620616;7.3271149148013137165e-09;
4283285.5523694995791;7.4600094990273646545e-09;
4283618.9079265370965;7.1494468123489696154e-09;
4283952.2634835746139;7.4335972932715321804e-09;
4284285.6190406121314;7.3271149148013137165e-09;
4284618.9745976496488;7.1864678652389102353e-09;
4284952.3301546871662;6.8951737652866995631e-09;
4285285.6857117246836;7.2760384384196186147e-09;
4285619.0412687622011;7.4312862530234724545e-09;
4285952.3968257997185;7.1774342025321402616e-09;
4286285.7523828372359;7.0954317976656966493e-09;
4286619.1079398747534;7.1075456631319866574e-09;
4286952.4634969122708;7.2681176632727328979e-09;
4287285.8190539497882;7.3422548041435220512e-09;
4287619.1746109873056;7.2969927877863938193e-09;
4287952.5301680248231;7.2687433849694116361e-09;
4288285.8857250623405;7.0566730236976127344e-09;
4288619.2412820998579;7.51203454996129949e-09;
4288952.5968391373754;7.5583921343991278263e-09;
4289285.9523961748928;7.3743384731983496749e-09;
4289619.3079532124102;7.455254191768290184e-09;
4289952.6635102499276;7.3385408860815459775e-09;
4290286.0190672874451;7.088280629119481091e-09;
4290619.3746243249625;7.2512067461616425135e-09;
4290952.7301813624799;7.27054416671535364e-09;
4291286.0857383999974;6.9435888150337632396e-09;
4291619.4412954375148;7.3008008527608581062e-09;
4291952.7968524750322;6.9442598338298466842e-09;
4292286.1524095125496;7.1843220261769147328e-09;
4292619.5079665500671;7.6176300822794473788e-09;
4292952.8635235875845;7.3763986030428441154e-09;
4293286.2190806251019;7.2430843545134848682e-09;
4293619.5746376626194;7.0502546023476497794e-09;
4293952.9301947001368;7.2375896387200100435e-09;
4294286.2857517376542;7.7826687316928655491e-09;
4294619.6413087751716;7.5048331993343708746e-09;
4294952.9968658126891;7.4799695326532855688e-09;
4295286.3524228502065;7.232302312587535198e-09;
4295619.7079798877239;7.4686905549015136785e-09;
4295953.0635369252414;6.7563581396257177403e-09;
4296286.4190939627588;7.4044157472030747158e-09;
4296619.7746510002762;7.616439923197049211e-09;
4296953.1302080377936;7.689454406545337406e-09;
4297286.4857650753111;7.5550063982632309489e-09;
4297619.8413221128285;6.965421128768412018e-09;
4297953.1968791503459;7.4889365819785780332e-09;
4298286.5524361878633;7.473651919553958578e-09;
4298619.9079932253808;7.3185471016756764584e-09;
4298953.2635502628982;7.3363497499201457686e-09;
4299286.6191073004156;7.6539290461141717969e-09;
4299619.9746643379331;7.0951577946232191607e-09;
4299953.3302213754505;7.2815238283396865882e-09;
4300286.6857784129679;7.5761388274031560286e-09;
4300620.0413354504853;7.3055348437378597737e-09;
4300953.3968924880028;7.5398389753900119103e-09;
4301286.7524495255202;7.3794055310827388894e-09;
4301620.1080065630376;7.2018613295199429558e-09;
4301953.4635636005551;7.2651307192472813767e-09;
4302286.8191206380725;7.0437922161659116682e-09;
4302620.1746776755899;7.7274249221659374598e-09;
4302953.5302347131073;7.7196915526656084694e-09;
4303286.8857917506248;7.6366299950336724578e-09;
4303620.2413487881422;7.5787616182765304984e-09;
4303953.5969058256596;7.2761916491970168863e-09;
4304286.9524628631771;6.8960823718100527913e-09;
4304620.3080199006945;7.6100201695794567058e-09;
4304953.6635769382119;7.186657047242306362e-09;
4305287.0191339757293;7.4240182890150663297e-09;
4305620.3746910132468;7.523141221099649556e-09;
4305953.7302480507642;7.4007093786576660932e-09;
4306287.0858050882816;7.2010264418054248381e-09;
4306620.4413621257991;6.9467978036641397921e-09;
4306953.7969191633165;6.9414300973846820852e-09;
4307287.1524762008339;7.451509631550834456e-09;
4307620.5080332383513;7.0279835284736691392e-09;
4307953.8635902758688;7.3988508653144435812e-09;
4308287.2191473133862;6.9709171768295163929e-09;
4308620.5747043509036;7.50600648302679474e-09;
4308953.9302613884211;7.2721406674247646151e-09;
4309287.2858184259385;7.3354349261478546396e-09;
4309620.6413754634559;7.4623036638854500779e-09;
4309953.9969325009733;7.2102541714968992892e-09;
4310287.3524895384908;7.2511432414046339545e-09;
4310620.7080465760082;7.6375554769469999883e-09;
4310954.0636036135256;7.6460935360955772921e-09;
4311287.4191606510431;7.3885635387682668807e-09;
4311620.7747176885605;7.3099384323427329946e-09;
4311954.1302747260779;7.3950952028667416016e-09;
4312287.4858317635953;7.2950316898356959427e-09;
4312620.8413888011128;7.7866477710131221102e-09;
4312954.1969458386302;7.2415957674820674583e-09;
4313287.5525028761476;6.9877512665073027165e-09;
4313620.9080599136651;7.342551455735701893e-09;
4313954.2636169511825;7.3958359436687715061e-09;
4314287.6191739886999;7.6466308840394958679e-09;
4314620.9747310262173;7.1205055185430410347e-09;
4314954.3302880637348;6.863257517863985413e-09;
4315287.6858451012522;7.2440133891404911992e-09;
4315621.0414021387696;7.0394379214633318043e-09;
4315954.3969591762871;7.4596560040163240046e-09;
4316287.7525162138045;7.158067916179788881e-09;
4316621.1080732513219;6.9708927519229746395e-09;
4316954.4636302888393;7.6520194625118165277e-09;
4317287.8191873263568;7.6222752554144790338e-09;
4317621.1747443638742;7.3466543959455066215e-09;
4317954.5303014013916;7.4831110197237649118e-09;
4318287.8858584389091;7.0493255677206434484e-09;
4318621.2414154764265;7.4210713130185013142e-09;
4318954.5969725139439;7.3377806053542826703e-09;
4319287.9525295514613;7.0100178994891848561e-09;
4319621.3080865889788;7.1799943768269258726e-09;
4319954.6636436264962;7.1627095366011417354e-09;
4320288.0192006640136;7.4953723228077251406e-09;
4320621.3747577015311;7.488765163543575909e-09;
4320954.7303147390485;7.4480541734089911188e-09;
4321288.0858717765659;7.7870039305594218604e-09;
4321621.4414288140833;7.6820958483381218684e-09;
4321954.7969858516008;7.1358829956125191529e-09;
4322288.1525428891182;7.5253616671488998691e-09;
4322621.5080999266356;7.2433006259586818487e-09;
4322954.8636569641531;7.0037895483210377279e-09;
4323288.2192140016705;7.1180790151004202926e-09;
4323621.5747710391879;7.3643184883565027121e-09;
4323954.9303280767053;7.5103985253122118593e-09;
4324288.2858851142228;7.0479262426204059011e-09;
4324621.6414421517402;7.4490094092993786035e-09;
4324954.9969991892576;7.2082406710194391053e-09;
4325288.3525562267751;7.8483237686555185064e-09;
4325621.7081132642925;7.0965415766011119558e-09;
4325955.0636703018099;7.3329866623339512444e-09;
4326288.4192273393273;7.5322130754784666351e-09;
4326621.7747843768448;7.2609709356186158402e-09;
4326955.1303414143622;7.3708417147599902819e-09;
4327288.4858984518796;7.0490777659415471135e-09;
4327621.841455489397;6.8388734675295381749e-09;
4327955.1970125269145;7.1242842736296552175e-09;
4328288.5525695644319;7.13345116309938021e-09;
4328621.9081266019493;7.5799331256121149636e-09;
4328955.2636836394668;7.5519812625657323224e-09;
4329288.6192406769842;7.2682326823780840641e-09;
4329621.9747977145016;7.5626021001085064199e-09;
4329955.330354752019;7.2993899813411644573e-09;
4330288.6859117895365;7.0667711682403933082e-09;
4330622.0414688270539;7.2912262893964907562e-09;
4330955.3970258645713;6.9911281208590025926e-09;
4331288.7525829020888;7.0405881125168434664e-09;
4331622.1081399396062;7.2694459340993944352e-09;
4331955.4636969771236;6.7549104088016065361e-09;
4332288.819254014641;7.43891392929185713e-09;
4332622.1748110521585;7.4076815792523120763e-09;
4332955.5303680896759;7.2403745221549797861e-09;
4333288.8859251271933;7.4216317536013320932e-09;
4333622.2414821647108;7.6146999816728566657e-09;
4333955.5970392022282;7.310041016950208359e-09;
4334288.9525962397456;7.3159762692398544459e-09;
4334622.308153277263;7.3391728250271626166e-09;
4334955.6637103147805;7.2635479853033757536e-09;
4335289.0192673522979;7.3840089598320446385e-09;
4335622.3748243898153;7.326381279426641413e-09;
4335955.7303814273328;6.7405432346845373104e-09;
4336289.0859384648502;7.5974506685838605335e-09;
4336622.4414955023676;7.1886647745600384951e-09;
4336955.797052539885;7.2878330037440264277e-09;
4337289.1526095774025;6.9369927579998602596e-09;
4337622.5081666149199;7.1024905956562633946e-09;
4337955.8637236524373;7.1571628623701144534e-09;
4338289.2192806899548;7.5407786681580546428e-09;
4338622.5748377274722;7.492687359444971662e-09;
4338955.9303947649896;7.0077894598341572419e-09;
4339289.285951802507;7.7199082682000153e-09;
4339622.6415088400245;7.4553199169713479932e-09;
4339955.9970658775419;7.2902657244355850708e-09;
4340289.3526229150593;7.4326438337379840959e-09;
4340622.7081799525768;7.6669826043485045375e-09;
4340956.0637369900942;7.2590453648047059687e-09;
4341289.4192940276116;7.0305765653699836548e-09;
4341622.774851065129;7.3744681472476258932e-09;
4341956.1304081026465;7.2083037316872378142e-09;
4342289.4859651401639;7.1113297472891190409e-09;
4342622.8415221776813;6.8220504800819981028e-09;
4342956.1970792151988;7.0350987257938868424e-09;
4343289.5526362527162;7.1006192037259552308e-09;
4343622.9081932902336;7.2596830769100506586e-09;
4343956.263750327751;7.5050836656487263099e-09;
4344289.6193073652685;6.9770429433901881566e-09;
4344622.9748644027859;6.9859837914520994673e-09;
4344956.3304214403033;7.053351236407934266e-09;
4345289.6859784778208;6.7860366215199974249e-09;
4345623.0415355153382;7.1605330553836665786e-09;
4345956.3970925528556;7.179174588145542657e-09;
4346289.752649590373;6.9219590059788060898e-09;
4346623.1082066278905;6.9092878085541542532e-09;
4346956.4637636654079;6.9094090449084433203e-09;
4347289.8193207029253;7.4663688565124175511e-09;
4347623.1748777404428;7.2173511611595131399e-09;
4347956.5304347779602;7.0487189418599882629e-09;
4348289.8859918154776;8.0608852925934115774e-09;
4348623.241548852995;7.1208554608404028841e-09;
4348956.5971058905125;7.3114279075525701046e-09;
4349289.9526629280299;7.480219110789221304e-09;
4349623.3082199655473;7.6696089479355578078e-09;
4349956.6637770030648;7.1677068724795844901e-09;
4350290.0193340405822;7.3418808810288282984e-09;
4350623.3748910780996;6.9642709377149003558e-09;
4350956.730448115617;7.6848225560866012529e-09;
4351290.0860051531345;6.9775332178778626258e-09;
4351623.4415621906519;7.322572326273757426e-09;
4351956.7971192281693;7.2061641098741802125e-09;
4352290.1526762656868;7.443999194833850197e-09;
4352623.5082333032042;7.1364594234069045342e-09;
4352956.8637903407216;7.5243971053851055331e-09;
4353290.219347378239;7.0586567701980129641e-09;
4353623.5749044157565;7.1393184697399192373e-09;
4353956.9304614532739;7.2565460307316698163e-09;
4354290.2860184907913;7.5133019805662115687e-09;
4354623.6415755283087;6.9092997989628202049e-09;
4354956.9971325658262;7.668639057101245271e-09;
4355290.3526896033436;7.1653150079953320528e-09;
4355623.708246640861;7.5226784801429857907e-09;
4355957.0638036783785;7.3958879021063239634e-09;
4356290.4193607158959;7.2304349174601156847e-09;
4356623.7749177534133;7.1962462655505987641e-09;
4356957.1304747909307;7.0294898790734805516e-09;
4357290.4860318284482;7.233217136359826327e-09;
4357623.8415888659656;7.0350987257938868424e-09;
4357957.197145903483;6.9156871340680936555e-09;
4358290.5527029410005;7.6207227195368432149e-09;
4358623.9082599785179;7.0482482072975471965e-09;
4358957.2638170160353;7.4205108724356705352e-09;
4359290.6193740535527;6.9967063254239292291e-09;
4359623.9749310910702;6.8197980596096385852e-09;
4359957.3304881285876;7.3011725554295026086e-09;
4360290.686045166105;7.5417068146066412737e-09;
4360624.0416022036225;7.5983042080451923539e-09;
4360957.3971592411399;7.1941479440340572182e-09;
4361290.7527162786573;7.6546822214140775031e-09;
4361624.1082733161747;7.6208559462997982337e-09;
4361957.4638303536922;7.6728436937401056639e-09;
4362290.8193873912096;6.9901826549312318093e-09;
4362624.174944428727;7.2916619409113536676e-09;
4362957.5305014662445;7.0444108324352328054e-09;
4363290.8860585037619;7.0948584784957802185e-09;
4363624.2416155412793;7.2816903617933803616e-09;
4363957.5971725787967;7.589006756347771443e-09;
4364290.9527296163142;7.2051768995606835233e-09;
4364624.3082866538316;7.4349815193386348255e-09;
4364957.663843691349;7.5724662096376960108e-09;
4365291.0194007288665;7.6413533278696377238e-09;
4365624.3749577663839;6.9671712843444311147e-09;
4365957.7305148039013;7.1454291372674560989e-09;
4366291.0860718414187;6.8020180599148716283e-09;
4366624.4416288789362;7.0950578745510028966e-09;
4366957.7971859164536;7.4641386405005505367e-09;
4367291.152742953971;6.98295332668408264e-09;
4367624.5082999914885;7.1391301759149428108e-09;
4367957.8638570290059;7.3481905005223779881e-09;
4368291.2194140665233;7.1175039195736644615e-09;
4368624.5749711040407;6.8454122370553704968e-09;
4368957.9305281415582;7.7402502185464072681e-09;
4369291.2860851790756;7.201443885662683897e-09;
4369624.641642216593;7.3396755340127128875e-09;
4369957.9971992541105;7.378757604925567648e-09;
4370291.3527562916279;7.3281833934402129671e-09;
4370624.7083133291453;7.0167205379334518511e-09;
4370958.0638703666627;7.5583654890465368226e-09;
4371291.4194274041802;7.7805220044524503464e-09;
4371624.7749844416976;7.0931638340709923796e-09;
4371958.130541479215;7.612921848476617015e-09;
4372291.4860985167325;7.7401418607792038529e-09;
4372624.8416555542499;7.1268626555820446811e-09;
4372958.1972125917673;7.1047616678754366148e-09;
4373291.5527696292847;6.8804841824032791919e-09;
4373624.9083266668022;7.4280621653599609999e-09;
4373958.2638837043196;6.6109699936589549907e-09;
4374291.619440741837;6.8602319380772769364e-09;
4374624.9749977793545;7.4709607389422671986e-09;
4374958.3305548168719;7.4972952290863759117e-09;
4375291.6861118543893;7.5311810121547750896e-09;
4375625.0416688919067;7.217160646888487463e-09;
4375958.3972259294242;7.2798740369250936055e-09;
4376291.7527829669416;7.2251906679809962952e-09;
4376625.108340004459;6.5642398183740624518e-09;
4376958.4638970419765;7.2351871160947212047e-09;
4377291.8194540794939;7.0980874511406000238e-09;
4377625.1750111170113;7.1150787483986732695e-09;
4377958.5305681545287;7.362494613971648505e-09;
4378291.8861251920462;7.5817041533809970133e-09;
4378625.2416822295636;7.3961867741445530555e-09;
4378958.597239267081;6.9769940935771046497e-09;
4379291.9527963045985;7.2994157385153357609e-09;
4379625.3083533421159;7.0639658567017704627e-09;
4379958.6639103796333;6.9466512542248892714e-09;
4380292.0194674171507;6.9616898912272517919e-09;
4380625.3750244546682;7.4242008096803147055e-09;
4380958.7305814921856;7.5229431573120564281e-09;
4381292.086138529703;7.4159234308979193884e-09;
4381625.4416955672204;7.0074692715138553467e-09;
4381958.7972526047379;7.4201849109556405892e-09;
4382292.1528096422553;7.2133201634017041215e-09;
4382625.5083666797727;7.534992185753708327e-09;
4382958.8639237172902;8.0069018082440379658e-09;
4383292.2194807548076;6.9152985560094748507e-09;
4383625.575037792325;7.3094503783011077758e-09;
4383958.9305948298424;7.6053954245480781537e-09;
4384292.2861518673599;7.0216650271959224483e-09;
4384625.6417089048773;7.7172508383682725253e-09;
4384958.9972659423947;7.1207932883510238753e-09;
4385292.3528229799122;7.2638162151861251914e-09;
4385625.7083800174296;7.3278871859372429753e-09;
4385959.063937054947;7.1014798486146446521e-09;
4386292.4194940924644;7.521886224992613279e-09;
4386625.7750511299819;7.6039397001181896485e-09;
4386959.1306081674993;7.2486341373689811007e-09;
4387292.4861652050167;7.1575274596114013548e-09;
4387625.8417222425342;7.4279449258085605834e-09;
4387959.1972792800516;6.8593402069438980106e-09;
4388292.552836317569;7.4225443569275739719e-09;
4388625.9083933550864;7.4048971399065521837e-09;
4388959.2639503926039;7.1246346600162269169e-09;
4389292.6195074301213;7.679518354564152105e-09;
4389625.9750644676387;7.0689440967441896646e-09;
4389959.3306215051562;7.2910726345298826345e-09;
4390292.6861785426736;7.4008914552337046189e-09;
4390626.041735580191;7.3375097109362741321e-09;
4390959.3972926177084;7.3736261541057501745e-09;
4391292.7528496552259;7.6408435134567298519e-09;
4391626.1084066927433;7.1668631029808693711e-09;
4391959.4639637302607;7.4461312671303403476e-09;
4392292.8195207677782;7.4513257786179565301e-09;
4392626.1750778052956;7.5521402465028586448e-09;
4392959.530634842813;7.5781221298143464082e-09;
4393292.8861918803304;7.6009474270222199266e-09;
4393626.2417489178479;7.425857262433055439e-09;
4393959.5973059553653;7.4709216590918003931e-09;
4394292.9528629928827;6.8473728909168585233e-09;
4394626.3084200304002;6.9524381807184454374e-09;
4394959.6639770679176;7.4873449662504754087e-09;
4395293.019534105435;7.5878201499790520757e-09;
4395626.3750911429524;7.3655734844635389891e-09;
4395959.7306481804699;7.3339787576287562842e-09;
4396293.0862052179873;7.283622149856228134e-09;
4396626.4417622555047;7.3213377582703742519e-09;
4396959.7973192930222;7.4097248337068322144e-09;
4397293.1528763305396;7.3496493335767354438e-09;
4397626.508433368057;7.4588299980860028882e-09;
4397959.8639904055744;7.3078840756579666049e-09;
4398293.2195474430919;7.2802577300024040596e-09;
4398626.5751044806093;7.1295174208785283554e-09;
4398959.9306615181267;6.9803287594538687699e-09;
4399293.2862185556442;7.224721265686184779e-09;
4399626.6417755931616;6.8745640291467680072e-09;
4399959.997332630679;7.1351555774867847504e-09;
4400293.3528896681964;7.577177107975785475e-09;
4400626.7084467057139;7.3533299449479727627e-09;
4400960.0640037432313;7.2463426370461547776e-09;
4401293.4195607807487;7.7551947086362815753e-09;
4401626.7751178182662;6.8646803796923450136e-09;
4401960.1306748557836;7.4443655684319764987e-09;
4402293.486231893301;7.1526629064067037689e-09;
4402626.8417889308184;7.49231876540079611e-09;
4402960.1973459683359;7.3088339824778358889e-09;
4403293.5529030058533;7.2200521117338212207e-09;
4403626.9084600433707;6.9831864735192539229e-09;
4403960.2640170808882;7.4511561365397938062e-09;
4404293.6195741184056;7.3390955535046487057e-09;
4404626.975131155923;7.4144121953167996253e-09;
4404960.3306881934404;7.4084360868198473327e-09;
4405293.6862452309579;7.5009314315366282244e-09;
4405627.0418022684753;7.1148913427521165431e-09;
4405960.3973593059927;7.5135657695568625059e-09;
4406293.7529163435102;6.9648091738372386317e-09;
4406627.1084733810276;7.0913448446674465231e-09;
4406960.464030418545;7.1287908909312136529e-09;
4407293.8195874560624;7.1483667873906142631e-09;
4407627.1751444935799;7.2778281179353143671e-09;
4407960.5307015310973;7.3948482892660649668e-09;
4408293.8862585686147;7.5902599760979683197e-09;
4408627.2418156061321;7.0768213511485100753e-09;
4408960.5973726436496;7.4760020396524851094e-09;
4409293.952929681167;7.1747741081651383865e-09;
4409627.3084867186844;7.6616641919713401876e-09;
4409960.6640437562019;7.2660495398224611563e-09;
4410294.0196007937193;7.2524937166917879949e-09;
4410627.3751578312367;7.2864247968595918792e-09;
4410960.7307148687541;7.1209931284954564035e-09;
4411294.0862719062716;7.6624315781259610958e-09;
4411627.441828943789;7.2785311111545070162e-09;
4411960.7973859813064;7.5436279445284526446e-09;
4412294.1529430188239;6.8197860692009726336e-09;
4412627.5085000563413;7.2700587772089875216e-09;
4412960.8640570938587;7.0093282289462877088e-09;
4413294.2196141313761;7.0987109523912295117e-09;
4413627.5751711688936;7.3674497613751555036e-09;
4413960.930728206411;7.7247781504752310866e-09;
4414294.2862852439284;7.4492056967301323311e-09;
4414627.6418422814459;7.4170567465614567482e-09;
4414960.9973993189633;7.1670145374014282424e-09;
4415294.3529563564807;7.2398402828355301608e-09;
4415627.7085133939981;7.2610859547239670064e-09;
4415961.0640704315156;7.4021007101521263394e-09;
4416294.419627469033;6.8878369674507666787e-09;
4416627.7751845065504;7.1519843380940528732e-09;
4416961.1307415440679;6.9825483173246993829e-09;
4417294.4862985815853;7.4024777418912890425e-09;
4417627.8418556191027;7.0478769487181125442e-09;
4417961.1974126566201;7.5483868045012059156e-09;
4418294.5529696941376;7.2750157009693339205e-09;
4418627.908526731655;7.4899624280533316778e-09;
4418961.2640837691724;7.5802661925195025105e-09;
4419294.6196408066899;7.2714763099668289215e-09;
4419627.9751978442073;7.4930026627839652065e-09;
4419961.3307548817247;7.1069337082008132711e-09;
4420294.6863119192421;7.149358882685419303e-09;
4420628.0418689567596;7.3456090099455195741e-09;
4420961.397425994277;7.1575776416921144119e-09;
4421294.7529830317944;6.939442798170603055e-09;
4421628.1085400693119;7.2960184560599827819e-09;
4421961.4640971068293;7.3049575277650546923e-09;
4422294.8196541443467;6.9783667733247511933e-09;
4422628.1752111818641;7.1524870470796031441e-09;
4422961.5307682193816;7.3468093830797442934e-09;
4423294.886325256899;6.8434524713723021705e-09;
4423628.2418822944164;7.2443442356018294959e-09;
4423961.5974393319339;7.3399721856048927293e-09;
4424294.9529963694513;7.1814070246034589218e-09;
4424628.3085534069687;7.0051182632369091152e-09;
4424961.6641104444861;6.9046648398796151014e-09;
4425295.0196674820036;7.082791242396524467e-09;
4425628.375224519521;7.2168946374517872755e-09;
4425961.7307815570384;6.9471028929513067851e-09;
4426295.0863385945559;7.4627752866263108444e-09;
4426628.4418956320733;7.0741865698664696538e-09;
4426961.7974526695907;7.4617263479126449965e-09;
4427295.1530097071081;6.77536338145046102e-09;
4427628.5085667446256;7.2605117473756308755e-09;
4427961.864123782143;7.1743078144947958208e-09;
4428295.2196808196604;7.2474501955355208338e-09;
4428628.5752378571779;7.0276748864728233457e-09;
4428961.9307948946953;8.0135995617069966102e-09;
4429295.2863519322127;7.4467068067463060288e-09;
4429628.6419089697301;7.0478023417308577336e-09;
4429961.9974660072476;6.8903909244966143888e-09;
4430295.353023044765;7.4087096457731149712e-09;
4430628.7085800822824;7.2437078557641143561e-09;
4430962.0641371197999;7.0207399893718047679e-09;
4431295.4196941573173;7.4197026300737434212e-09;
4431628.7752511948347;7.1794770128974505496e-09;
4431962.1308082323521;7.6360260337082763726e-09;
4432295.4863652698696;7.2360131220250423212e-09;
4432628.841922307387;7.4524910687046030944e-09;
4432962.1974793449044;7.2632162506636177568e-09;
4433295.5530363824219;7.0884551561789521656e-09;
4433628.9085934199393;7.5015638145714547136e-09;
4433962.2641504574567;7.1402719292734673218e-09;
4434295.6197074949741;6.9085714926586661022e-09;
4434628.9752645324916;6.8901973016011197615e-09;
4434962.330821570009;7.1190919825880882854e-09;
4435295.6863786075264;7.2352630553496055654e-09;
4435629.0419356450438;7.3414034851282394811e-09;
4435962.3974926825613;7.3271664291496563237e-09;
4436295.7530497200787;7.1961827607935902051e-09;
4436629.1086067575961;7.2521242344691927428e-09;
4436962.4641637951136;7.4523729409747829777e-09;
4437295.819720832631;7.0613976888012075506e-09;
4437629.1752778701484;7.9616109260882694798e-09;
4437962.5308349076658;7.2354793267948025459e-09;
4438295.8863919451833;7.010350522307362553e-09;
4438629.2419489827007;7.4361961033275747468e-09;
4438962.5975060202181;7.4874630939802955254e-09;
4439295.9530630577356;7.3101564801447693753e-09;
4439629.308620095253;7.5048589565085421782e-09;
4439962.6641771327704;7.1493340136896676995e-09;
4440296.0197341702878;7.4875421418596488365e-09;
4440629.3752912078053;7.0365078208567410911e-09;
4440962.7308482453227;7.3124430954862873477e-09;
4441296.0864052828401;7.5664425835952897614e-09;
4441629.4419623203576;7.1213310803841523011e-09;
4441962.797519357875;7.0290702147701722424e-09;
4442296.1530763953924;7.0791714712470366067e-09;
4442629.5086334329098;7.3633352748458946735e-09;
4442962.8641904704273;7.5432433632727224904e-09;
4443296.2197475079447;7.5160082602110378502e-09;
4443629.5753045454621;7.1474879348443209892e-09;
4443962.9308615829796;7.06281211293458e-09;
4444296.286418620497;7.4265358307457063347e-09;
4444629.6419756580144;7.1143411162211123155e-09;
4444962.9975326955318;7.4618320411445893114e-09;
4445296.3530897330493;7.371424359803313564e-09;
4445629.7086467705667;7.3945756184912170283e-09;
4445963.0642038080841;7.1018169123249208496e-09;
4446296.4197608456016;6.8791909946241958096e-09;
4446629.775317883119;7.0440893118473013601e-09;
4446963.1308749206364;7.6244850433226929454e-09;
4447296.4864319581538;7.3438286563032306731e-09;
4447629.8419889956713;7.7035426926386207924e-09;
4447963.1975460331887;7.2341319601321174559e-09;
4448296.5531030707061;7.7006205856378073804e-09;
4448629.9086601082236;7.1920882582787726278e-09;
4448963.264217145741;7.0957684172867629968e-09;
4449296.6197741832584;7.4137740391222450853e-09;
4449629.9753312207758;7.2856565225265512709e-09;
4449963.3308882582933;7.2232619885426174733e-09;
4450296.6864452958107;7.1957022562685324374e-09;
4450630.0420023333281;7.1485302122198390862e-09;
4450963.3975593708456;7.1532788581407658057e-09;
4451296.753116408363;7.3469643702139819652e-09;
4451630.1086734458804;7.2169199505367487291e-09;
4451963.4642304833978;7.4723782717001085985e-09;
4452296.8197875209153;7.3711783343810566294e-09;
4452630.1753445584327;7.4467330080096871825e-09;
4452963.5309015959501;7.2376531434770186024e-09;
4453296.8864586334676;7.3196142480469461589e-09;
4453630.242015670985;7.3661037269800999638e-09;
4453963.5975727085024;7.3025194780029778485e-09;
4454296.9531297460198;7.4541537387062817288e-09;
4454630.3086867835373;7.2704420261970881256e-09;
4454963.6642438210547;7.1267374224248669634e-09;
4455297.0198008585721;7.4531980587266843941e-09;
4455630.3753578960896;7.3493264807211744483e-09;
4455963.730914933607;7.3870189964964083629e-09;
4456297.0864719711244;7.1436341286812421458e-09;
4456630.4420290086418;7.3973041025965358131e-09;
4456963.7975860461593;7.2904833281484116014e-09;
4457297.1531430836767;7.5053074866104907414e-09;
4457630.5087001211941;7.2444970022900179174e-09;
4457963.8642571587116;7.493055953489147214e-09;
4458297.219814196229;7.2918155957779617893e-09;
4458630.5753712337464;7.4460135834897300811e-09;
4458963.9309282712638;7.1749508556706587115e-09;
4459297.2864853087813;7.3450414639353311941e-09;
4459630.6420423462987;7.5559087875376462762e-09;
4459963.9975993838161;7.2192785083302624116e-09;
4460297.3531564213336;7.4099850699838043511e-09;
4460630.708713458851;7.368161636378545154e-09;
4460964.0642704963684;7.307742855289234285e-09;
4461297.4198275338858;7.3122246035950411169e-09;
4461630.7753845714033;7.4004495864699038066e-09;
4461964.1309416089207;6.7029573003196674108e-09;
4462297.4864986464381;7.1982060312336670904e-09;
4462630.8420556839556;6.9677463798711869458e-09;
4462964.197612721473;6.7161116668046361156e-09;
4463297.5531697589904;7.5510131480882591859e-09;
4463630.9087267965078;7.2388104399578878656e-09;
4463964.2642838340253;7.2476282753086707089e-09;
4464297.6198408715427;7.4516011139280635689e-09;
4464630.9753979090601;7.1994703532141102187e-09;
4464964.3309549465775;7.2531816108778457419e-09;
4465297.686511984095;7.3232930830613440776e-09;
4465631.0420690216124;7.1623071917770175787e-09;
4465964.3976260591298;7.4482242595763636928e-09;
4466297.7531830966473;7.2170340814636801952e-09;
4466631.1087401341647;6.9232481969550008216e-09;
4466964.4642971716821;7.3076784623538060259e-09;
4467297.8198542091995;7.0274528418678983144e-09;
4467631.175411246717;7.4622770185328590742e-09;
4467964.5309682842344;7.1699108872280703508e-09;
4468297.8865253217518;7.2907653247966663912e-09;
4468631.2420823592693;6.903633664734343256e-09;
4468964.5976393967867;7.5147532641040015733e-09;
4469297.9531964343041;7.3769297337378247903e-09;
4469631.3087534718215;7.2705184095411823364e-09;
4469964.664310509339;7.3116592780309019872e-09;
4470298.0198675468564;7.8114190671385586029e-09;
4470631.3754245843738;7.1013674940445525863e-09;
4470964.7309816218913;6.7354535282504457427e-09;
4471298.0865386594087;7.3532526734254588519e-09;
4471631.4420956969261;7.3800925370903769362e-09;
4471964.7976527344435;7.1600552153938679112e-09;
4472298.153209771961;7.0760757253651718202e-09;
4472631.5087668094784;6.9564576321567983541e-09;
4472964.8643238469958;7.0945347374617995229e-09;
4473298.2198808845133;7.0683356945266950788e-09;
4473631.5754379220307;7.2467241096774159814e-09;
4473964.9309949595481;6.9156023130290122936e-09;
4474298.2865519970655;7.2883707957771548536e-09;
4474631.642109034583;7.4790236226363049354e-09;
4474964.9976660721004;6.8498993144316955295e-09;
4475298.3532231096178;7.1450774186132548493e-09;
4475631.7087801471353;7.3047266013759326597e-09;
4475965.0643371846527;7.189245643246522377e-09;
4476298.4198942221701;7.466892881780040625e-09;
4476631.7754512596875;6.8080310278162414761e-09;
4476965.131008297205;7.1480656949063359207e-09;
4477298.4865653347224;7.0926029493989517505e-09;
4477631.8421223722398;7.2649264382107503479e-09;
4477965.1976794097573;6.921740069998350009e-09;
4478298.5532364472747;7.5254149578540818766e-09;
4478631.9087934847921;7.4177606279590690974e-09;
4478965.2643505223095;7.6678308147393181571e-09;
4479298.619907559827;7.1104429011370484659e-09;
4479631.9754645973444;7.3578783066352571041e-09;
4479965.3310216348618;7.1890435826560405985e-09;
4480298.6865786723793;7.3728618765755982167e-09;
4480632.0421357098967;7.2840569131926713453e-09;
4480965.3976927474141;7.4109745007433502906e-09;
4481298.7532497849315;7.2617747370884444535e-09;
4481632.108806822449;7.4603638822168250044e-09;
4481965.4643638599664;7.7687491994993251865e-09;
4482298.8199208974838;7.2700840902939489752e-09;
4482632.1754779350013;7.286040659693071575e-09;
4482965.5310349725187;7.2418502305993115442e-09;
4483298.8865920100361;6.9607484221023696591e-09;
4483632.2421490475535;7.0013661535028859362e-09;
4483965.597706085071;7.4715247322387767781e-09;
4484298.9532631225884;7.3983308368497091578e-09;
4484632.3088201601058;7.2549020124768048845e-09;
4484965.6643771976233;6.7487304633573330648e-09;
4485299.0199342351407;7.162067827692908395e-09;
4485632.3754912726581;6.990513945481779956e-09;
4485965.7310483101755;7.2657688754418359167e-09;
4486299.086605347693;7.69458896598962383e-09;
4486632.4421623852104;7.5537061050567899656e-09;
4486965.7977194227278;7.0700618692853822722e-09;
4487299.1532764602453;7.5235249141769600101e-09;
4487632.5088334977627;6.973783328589888697e-09;
4487965.8643905352801;7.2274377593828376121e-09;
4488299.2199475727975;7.1246595290119785204e-09;
4488632.575504610315;7.3938091205150158203e-09;
4488965.9310616478324;7.3579302650728095614e-09;
4489299.2866186853498;7.0278849406690824253e-09;
4489632.6421757228673;7.1983956573262730672e-09;
4489965.9977327603847;7.3302306446976217558e-09;
4490299.3532897979021;7.4764097135471274669e-09;
4490632.7088468354195;7.7445490020977558743e-09;
4490966.064403872937;7.0780896699318418541e-09;
4491299.4199609104544;7.2388104399578878656e-09;
4491632.7755179479718;7.2000521100790138007e-09;
4491966.1310749854892;7.235962051765909564e-09;
4492299.4866320230067;7.1272006074707405787e-09;
4492632.8421890605241;7.044967720304384784e-09;
4492966.1977460980415;7.2623231872626092809e-09;
4493299.553303135559;7.7112334295748041768e-09;
4493632.9088601730764;7.2229062730855275731e-09;
4493966.2644172105938;7.2281616247948932141e-09;
4494299.6199742481112;7.2893309166488506889e-09;
4494632.9755312856287;7.2665731210008743801e-09;
4494966.3310883231461;7.3782908671660152322e-09;
4495299.6866453606635;7.3055734794991167291e-09;
4495633.042202398181;6.8043246592708328535e-09;
4495966.3977594356984;7.4220358747822956502e-09;
4496299.7533164732158;6.7252381441562647524e-09;
4496633.1088735107332;7.6749602229142510623e-09;
4496966.4644305482507;7.2498820280486597767e-09;
4497299.8199875857681;6.8490209059746121056e-09;
4497633.1755446232855;7.1525123601645645977e-09;
4497966.531101660803;7.1071832863367490063e-09;
4498299.8866586983204;7.4987180909147355123e-09;
4498633.2422157358378;7.4592891863289878529e-09;
4498966.5977727733552;7.2937247352911072085e-09;
4499299.9533298108727;7.3998904781547025777e-09;
4499633.3088868483901;7.5336821225846506422e-09;
4499966.6644438859075;7.4949904060872540867e-09;
4500300.020000923425;6.8542687081674102956e-09;
4500633.3755579609424;7.8541164683088027232e-09;
4500966.7311149984598;7.2347292601193657902e-09;
4501300.0866720359772;6.8950645193410764477e-09;
4501633.4422290734947;7.1620052111143195361e-09;
4501966.7977861110121;7.1625838593547541677e-09;
4502300.1533431485295;7.7496116190900465881e-09;
4502633.508900186047;6.9882668540799386392e-09;
4502966.8644572235644;7.0071122237891358964e-09;
4503300.2200142610818;6.8056515978298648406e-09;
4503633.5755712985992;7.1188295258650668984e-09;
4503966.9311283361167;7.1127792544700696453e-09;
4504300.2866853736341;7.389757694653553699e-09;
4504633.6422424111515;7.1677193069774602918e-09;
4504966.997799448669;7.6004003091156846494e-09;
4505300.3533564861864;6.9373586875087767112e-09;
4505633.7089135237038;7.0207151203760531644e-09;
4505967.0644705612212;7.6962249906387114606e-09;
4506300.4200275987387;7.3904717901029925997e-09;
4506633.7755846362561;7.2020509556125489325e-09;
4506967.1311416737735;7.0620056469294922863e-09;
4507300.486698711291;6.96827262558485927e-09;
4507633.8422557488084;7.1390049427577650931e-09;
4507967.1978127863258;7.0752923519989963097e-09;
4508300.5533698238432;7.2717063481775312539e-09;
4508633.9089268613607;6.8692886934229591134e-09;
4508967.2644838988781;7.682716685053492256e-09;
4509300.6200409363955;7.2821251251298235729e-09;
4509633.975597973913;6.9085595022500001505e-09;
4509967.3311550114304;7.1771695253630696243e-09;
4510300.6867120489478;7.4485253520606420352e-09;
4510634.0422690864652;7.369274968027639261e-09;
4510967.3978261239827;7.2259651595629748044e-09;
4511300.7533831615001;7.1637793475076705363e-09;
4511634.1089401990175;6.9447967376845554099e-09;
4511967.464497236535;7.0211965130795306322e-09;
4512300.8200542740524;7.2061387967892187589e-09;
4512634.1756113115698;6.9628027787871360488e-09;
4512967.5311683490872;7.1042252081099377392e-09;
4513300.8867253866047;7.6260127102045771608e-09;
4513634.2422824241221;7.1325114703313374775e-09;
4513967.5978394616395;7.0232193394303976675e-09;
4514300.953396499157;7.0909460525570011669e-09;
4514634.3089535366744;7.2625914171453587187e-09;
4514967.6645105741918;7.4041035524885501218e-09;
4515301.0200676117092;7.2204198175995770725e-09;
4515634.3756246492267;7.1765517972721681872e-09;
4515967.7311816867441;7.5190715875805835822e-09;
4516301.0867387242615;6.8297847377607467934e-09;
4516634.442295761779;7.2616983537443502428e-09;
4516967.7978527992964;7.5789472475662478246e-09;
4517301.1534098368138;7.2110268867220383981e-09;
4517634.5089668743312;7.1998753625734934758e-09;
4517967.8645239118487;7.1792753963961786212e-09;
4518301.2200809493661;7.3153980650886296644e-09;
4518634.5756379868835;6.9609682462612454401e-09;
4518967.9311950244009;7.1687016323096486303e-09;
4519301.2867520619184;7.1595018802383947332e-09;
4519634.6423090994358;7.4230661617491477955e-09;
4519967.9978661369532;7.7683122157168327249e-09;
4520301.3534231744707;6.9286500981036169833e-09;
4520634.7089802119881;6.946626829318347518e-09;
4520968.0645372495055;7.2290884389758502948e-09;
4521301.4200942870229;7.2206480794534400047e-09;
4521634.7756513245404;7.1865562389916703978e-09;
4521968.1312083620578;7.0286381159689881315e-09;
4522301.4867653995752;7.3838535286085971165e-09;
4522634.8423224370927;7.343686547756078653e-09;
4522968.1978794746101;7.2733032929761520791e-09;
4523301.5534365121275;7.2478574253409533412e-09;
4523634.9089935496449;7.0667587337425175065e-09;
4523968.2645505871624;7.2736994205513383349e-09;
4524301.6201076246798;7.5567854196378902998e-09;
4524634.9756646621972;7.0952697051041013765e-09;
4524968.3312216997147;7.0480874470035814738e-09;
4525301.6867787372321;7.1214811825370816223e-09;
4525635.0423357747495;7.3132135902653772064e-09;
4525968.3978928122669;7.4369146396691121481e-09;
4526301.7534498497844;7.1394938849778100121e-09;
4526635.1090068873018;7.0124199780252638448e-09;
4526968.4645639248192;7.1256360811844388081e-09;
4527301.8201209623367;7.2109891391392011428e-09;
4527635.1756779998541;7.3088726182390928443e-09;
4527968.5312350373715;7.4095685143049649923e-09;
4528301.8867920748889;6.845328304194708835e-09;
4528635.2423491124064;7.1722161543164020259e-09;
4528968.5979061499238;7.175883443011343843e-09;
4529301.9534631874412;7.4571273600554377481e-09;
4529635.3090202249587;7.1192798323238548619e-09;
4529968.6645772624761;7.3057533356291060045e-09;
4530302.0201342999935;7.1140910939959667303e-09;
4530635.3756913375109;7.3132264688524628582e-09;
4530968.7312483750284;7.2581651799907831446e-09;
4531302.0868054125458;7.2873849177312877146e-09;
4531635.4423624500632;6.6176859547795174876e-09;
4531968.7979194875807;7.1474626217593595356e-09;
4532302.1534765250981;7.4275141592750060227e-09;
4532635.5090335626155;7.2843642229258875886e-09;
4532968.8645906001329;7.5734645221814389515e-09;
4533302.2201476376504;7.2347168256214899884e-09;
4533635.5757046751678;7.0816095210091134504e-09;
4533968.9312617126852;7.5196791016196584678e-09;
4534302.2868187502027;6.8503807071351729974e-09;
4534635.6423757877201;7.0787362638213835453e-09;
4534968.9979328252375;7.1698100789774343866e-09;
4535302.3534898627549;7.3263426436653844576e-09;
4535635.7090469002724;7.3316988036253860628e-09;
4535969.0646039377898;7.0988606104549489828e-09;
4536302.4201609753072;7.2058474742675571179e-09;
4536635.7757180128247;7.0778907179658290261e-09;
4536969.1312750503421;7.2990440358466912585e-09;
4537302.4868320878595;6.7646714896341109124e-09;
4537635.8423891253769;7.2792474270499951672e-09;
4537969.1979461628944;7.255309686371447242e-09;
4538302.5535032004118;7.1069461426986890729e-09;
4538635.9090602379292;7.3647581366742542741e-09;
4538969.2646172754467;6.9917667211427669827e-09;
4539302.6201743129641;7.5572232915988024615e-09;
4539635.9757313504815;7.2422827734897055052e-09;
4539969.3312883879989;7.0174106525655588484e-09;
4540302.6868454255164;7.7229334038975139265e-09;
4540636.0424024630338;7.429119541768613999e-09;
4540969.3979595005512;7.9761841575987091346e-09;
4541302.7535165380687;7.0672179219855024712e-09;
4541636.1090735755861;7.3005570477846504218e-09;
4541969.4646306131035;7.1824923786323324748e-09;
4542302.8201876506209;7.2477557289118976769e-09;
4542636.1757446881384;7.2028734088291912485e-09;
4542969.5313017256558;7.1783925470469966967e-09;
4543302.8868587631732;7.0064847257356177579e-09;
4543636.2424158006907;7.0806516205834668654e-09;
4543969.5979728382081;7.2324164435144666641e-09;
4544302.9535298757255;7.0814603070346038294e-09;
4544636.3090869132429;7.2900352421356728883e-09;
4544969.6646439507604;7.5180413006137314369e-09;
4545303.0202009882778;7.2286820973488374875e-09;
4545636.3757580257952;7.2428170128091551305e-09;
4545969.7313150633126;7.5181212366715044482e-09;
4546303.0868721008301;7.1994326056312729634e-09;
4546636.4424291383475;7.281664604619209058e-09;
4546969.7979861758649;6.9167076510723290994e-09;
4547303.1535432133824;7.5291177736858116987e-09;
4547636.5091002508998;7.3833863467598348507e-09;
4547969.8646572884172;7.5626553908136884274e-09;
4548303.2202143259346;7.1680341662272439862e-09;
4548636.5757713634521;7.1352683761460866663e-09;
4548969.9313284009695;7.0614101232990833523e-09;
4549303.2868854384869;7.1831989245652039244e-09;
4549636.6424424760044;7.5375341523908900854e-09;
4549969.9979995135218;7.0748202851689256931e-09;
4550303.3535565510392;7.2246706395162618719e-09;
4550636.7091135885566;6.7286767269081337872e-09;
4550970.0646706260741;6.9535128766062825889e-09;
4551303.4202276635915;6.655319850779051194e-09;
4551636.7757847011089;7.3896928576289155899e-09;
4551970.1313417386264;7.1011307944957025029e-09;
4552303.4868987761438;7.2568138165252094041e-09;
4552636.8424558136612;6.8747212367270549294e-09;
4552970.1980128511786;7.1716490523954234959e-09;
4553303.5535698886961;7.2057968480976342107e-09;
4553636.9091269262135;7.3891608387555152149e-09;
4553970.2646839637309;7.1002324020241758262e-09;
4554303.6202410012484;7.0278352026775792183e-09;
4554636.9757980387658;7.2118502281171004142e-09;
4554970.3313550762832;7.25267179646493787e-09;
4555303.6869121138006;6.9347509956685371435e-09;
4555637.0424691513181;7.3774613085220153152e-09;
4555970.3980261888355;7.1653651900760451099e-09;
4556303.7535832263529;7.2846968457440652855e-09;
4556637.1091402638704;7.3880186413077808538e-09;
4556970.4646973013878;7.5691017897838719364e-09;
4557303.8202543389052;6.8136185582545749639e-09;
4557637.1758113764226;7.4621064882762766501e-09;
4557970.5313684139401;7.5822370604328170884e-09;
4558303.8869254514575;6.7160410566202699556e-09;
4558637.2424824889749;7.4363923907583284745e-09;
4558970.5980395264924;7.0369279292492592504e-09;
4559303.9535965640098;7.1220318531572956999e-09;
4559637.3091536015272;7.5037780433717671258e-09;
4559970.6647106390446;7.5892465645210904768e-09;
4560304.0202676765621;7.1399579582021033275e-09;
4560637.3758247140795;6.4353531392669083289e-09;
4560970.7313817515969;7.0793082507236704259e-09;
4561304.0869387891144;7.5220309980750243994e-09;
4561637.4424958266318;7.1385160005377201742e-09;
4561970.7980528641492;7.4696879792668369191e-09;
4562304.1536099016666;7.3406298817246806721e-09;
4562637.5091669391841;7.3013395329724062321e-09;
4562970.8647239767015;6.8468315461700512969e-09;
4563304.2202810142189;7.340346108719586482e-09;
4563637.5758380517364;7.4022050711164411041e-09;
4563970.9313950892538;7.2856183308545041655e-09;
4564304.2869521267712;7.4921082671153271804e-09;
4564637.6425091642886;7.3380381770959957066e-09;
4564970.9980662018061;7.0737264934450649889e-09;
4565304.3536232393235;7.0608145996686744184e-09;
4565637.7091802768409;6.7635426148626720533e-09;
4565971.0647373143584;7.2375896387200100435e-09;
4566304.4202943518758;7.0563879184248889942e-09;
4566637.7758513893932;7.439998839231520833e-09;
4566971.1314084269106;7.0391532602798179141e-09;
4567304.4869654644281;7.4249570936046893621e-09;
4567637.8425225019455;7.499389553800028807e-09;
4567971.1980795394629;7.731525641929692938e-09;
4568304.5536365769804;7.259147061233761633e-09;
4568637.9091936144978;7.1543722057754166599e-09;
4568971.2647506520152;7.199394413959225858e-09;
4569304.6203076895326;7.3764505614803965727e-09;
4569637.9758647270501;6.9730483609475868434e-09;
4569971.3314217645675;7.3851507131905691494e-09;
4570304.6869788020849;7.2528756334122590488e-09;
4570638.0425358396024;7.2140551310440059751e-09;
4570971.3980928771198;7.0648469296941129869e-09;
4571304.7536499146372;7.2943651119317109988e-09;
4571638.1092069521546;7.1118919642287892202e-09;
4571971.4647639896721;7.2380728077803269116e-09;
4572304.8203210271895;7.7684214616624558403e-09;
4572638.1758780647069;7.6512938207429215254e-09;
4572971.5314351022243;7.5035009317048206867e-09;
4573304.8869921397418;7.42302708189868099e-09;
4573638.2425491772592;7.1253603017851219192e-09;
4573971.5981062147766;6.9488117482308098261e-09;
4574304.9536632522941;7.1975989612838020548e-09;
4574638.3092202898115;7.2965313790973596042e-09;
4574971.6647773273289;7.1593633244049215136e-09;
4575305.0203343648463;7.0565739918038161704e-09;
4575638.3758914023638;7.3080381746137845766e-09;
4575971.7314484398812;7.2910086856836642255e-09;
4576305.0870054773986;6.9606014285739092884e-09;
4576638.4425625149161;7.5836492641201402876e-09;
4576971.7981195524335;7.4036092811979870021e-09;
4577305.1536765899509;7.3056760641065920936e-09;
4577638.5092336274683;7.0276748864728233457e-09;
4577971.8647906649858;6.7175394136143040669e-09;
4578305.2203477025032;7.3055863580862023809e-09;
4578638.5759047400206;7.234004950618100338e-09;
4578971.9314617775381;6.8713887912963400595e-09;
4579305.2870188150555;7.6109554214554009377e-09;
4579638.6425758525729;6.7215766286210509861e-09;
4579971.9981328900903;7.167933357976608022e-09;
4580305.3536899276078;7.2752586177671219048e-09;
4580638.7092469651252;7.2459096500665509666e-09;
4580972.0648040026426;7.2633441483560545748e-09;
4581305.4203610401601;6.9295387206125269586e-09;
4581638.7759180776775;7.2681816121189513069e-09;
4581972.1314751151949;6.8247953954880813399e-09;
4582305.4870321527123;7.4039085973254259443e-09;
4582638.8425891902298;6.9831371796169605659e-09;
4582972.1981462277472;7.1266375023526506993e-09;
4583305.5537032652646;6.8239325301533426682e-09;
4583638.9092603027821;6.9967676097348885378e-09;
4583972.2648173402995;7.3977197700969554717e-09;
4584305.6203743778169;7.3043415760309926554e-09;
4584638.9759314153343;6.8982024536978769902e-09;
4584972.3314884528518;7.1876167240247923473e-09;
4585305.6870454903692;7.2135102335835199483e-09;
4585639.0426025278866;6.9893473231275038415e-09;
4585972.3981595654041;6.9734773511243020039e-09;
4586305.7537166029215;7.0845960209453551215e-09;
4586639.1092736404389;7.3160277835881970532e-09;
4586972.4648306779563;6.8288130705695948564e-09;
4587305.8203877154738;7.6531625481379705889e-09;
4587639.1759447529912;7.2324422006886379677e-09;
4587972.5315017905086;7.0479013736246542976e-09;
4588305.8870588280261;7.034542282013944714e-09;
4588639.2426158655435;7.1745978047488279117e-09;
4588972.5981729030609;7.2921997329444820934e-09;
4589305.9537299405783;7.4677455330629527452e-09;
4589639.3092869780958;6.9070180686026105832e-09;
4589972.6648440156132;7.6463360088041554263e-09;
4590306.0204010531306;7.0827166354092696565e-09;
4590639.3759580906481;7.2479084956000860984e-09;
4590972.7315151281655;6.8781034201492730062e-09;
4591306.0870721656829;6.9215335685157697299e-09;
4591639.4426292032003;7.2876664702903326543e-09;
4591972.7981862407178;7.2560490949058475962e-09;
4592306.1537432782352;7.5740365090837258322e-09;
4592639.5093003157526;7.4795618587586432113e-09;
4592972.8648573532701;7.5600912197160141659e-09;
4593306.2204143907875;7.169281168728502962e-09;
4593639.5759714283049;7.0183108213939249254e-09;
4593972.9315284658223;7.475949637125722802e-09;
4594306.2870855033398;7.1181918137597222085e-09;
4594639.6426425408572;7.7726802771849179408e-09;
4594972.9981995783746;6.8762187055426693405e-09;
4595306.3537566158921;7.3628307895035050024e-09;
4595639.7093136534095;7.2047465771163388126e-09;
4595973.0648706909269;7.4461965482441883069e-09;
4596306.4204277284443;7.4147248341205340694e-09;
4596639.7759847659618;6.7391936475758029701e-09;
4596973.1315418034792;7.0789973882767753821e-09;
4597306.4870988409966;6.8620882309744501981e-09;
4597639.8426558785141;7.3128538780053986557e-09;
4597973.1982129160315;6.9746288744454432162e-09;
4598306.5537699535489;7.7213728744141008065e-09;
4598639.9093269910663;7.530850609782646643e-09;
4598973.2648840285838;7.4504753477810936602e-09;
4599306.6204410661012;7.2102035453269763821e-09;
4599639.9759981036186;7.555205350229243777e-09;
4599973.3315551411361;7.4537220839943074679e-09;
4600306.6871121786535;7.2013297547357524309e-09;
4600640.0426692161709;6.885974013215445666e-09;
4600973.3982262536883;7.4098158719948514772e-09;
4601306.7537832912058;7.1801711243324461975e-09;
4601640.1093403287232;7.0815846520133618469e-09;
4601973.4648973662406;7.5401560550858448551e-09;
4602306.820454403758;6.7872405473679009447e-09;
4602640.1760114412755;7.3703754210896477161e-09;
4602973.5315684787929;7.1289787406669802294e-09;
4603306.8871255163103;7.19799064796688981e-09;
4603640.2426825538278;7.5401036525590825477e-09;
4603973.5982395913452;6.673490204889276356e-09;
4604306.9537966288626;7.6569683926663856255e-09;
4604640.30935366638;7.3526584820626794681e-09;
4604973.6649107038975;6.9470176278230155731e-09;
4605307.0204677414149;7.2397514649935601483e-09;
4605640.3760247789323;7.1885386532244410773e-09;
4605973.7315818164498;7.0335293145262767212e-09;
4606307.0871388539672;7.018939651715072614e-09;
4606640.4426958914846;7.3247981013935259398e-09;
4606973.798252929002;7.1993060402064656955e-09;
4607307.1538099665195;7.0499943660706776427e-09;
4607640.5093670040369;7.2306125531440557097e-09;
4607973.8649240415543;7.1701879988950167899e-09;
4608307.2204810790718;7.2426136199510438018e-09;
4608640.5760381165892;7.3822321589034345379e-09;
4608973.9315951541066;7.1613004415382874868e-09;
4609307.287152191624;7.087010533979309912e-09;
4609640.6427092291415;7.4316384157668835542e-09;
4609973.9982662666589;7.1114172328634595033e-09;
4610307.3538233041763;7.3882779894063332904e-09;
4610640.7093803416938;7.3164647673706895148e-09;
4610974.0649373792112;7.302352944549284075e-09;
4611307.4204944167286;7.2642118986721015972e-09;
4611640.776051454246;7.4790493798104762391e-09;
4611974.1316084917635;7.490765341344740591e-09;
4612307.4871655292809;7.2443060439297823905e-09;
4612640.8427225667983;7.2071517642768867518e-09;
4612974.1982796043158;9.4517762505574864917e-09;
4613307.5538366418332;7.7426030031801928999e-09;
4613640.9093936793506;6.9951084924468887039e-09;
4613974.264950716868;7.0443739730308152502e-09;
4614307.6205077543855;7.2266379547158976493e-09;
4614640.9760647919029;7.4072650235734727175e-09;
4614974.3316218294203;7.281472758080553831e-09;
4615307.6871788669378;7.4900023960822181834e-09;
4615641.0427359044552;7.2667774020374054089e-09;
4615974.3982929419726;7.488410780354115559e-09;
4616307.75384997949;7.2956467533913382795e-09;
4616641.1094070170075;7.0078263192385747971e-09;
4616974.4649640545249;6.761214255135428175e-09;
4617307.8205210920423;7.5305992552898715076e-09;
4617641.1760781295598;7.0020180764629458281e-09;
4617974.5316351670772;6.7673577852644939412e-09;
4618307.8871922045946;7.2273742546258290531e-09;
4618641.242749242112;7.3158865632194647333e-09;
4618974.5983062796295;6.8418537502168419451e-09;
4619307.9538633171469;7.4611241629440883116e-09;
4619641.3094203546643;7.2699819497756834608e-09;
4619974.6649773921818;7.1136536661242644186e-09;
4620308.0205344296992;7.0444108324352328054e-09;
4620641.3760914672166;7.22309678735655325e-09;
4620974.731648504734;7.0624275316788498458e-09;
4621308.0872055422515;6.7767920164385486714e-09;
4621641.4427625797689;7.2393060435160805355e-09;
4621974.7983196172863;6.9001053759620845085e-09;
4622308.1538766548038;7.2307013709860257222e-09;
4622641.5094336923212;7.4797856797204076429e-09;
4622974.8649907298386;7.3875900952202755434e-09;
4623308.220547767356;7.5186621373291018244e-09;
4623641.5761048048735;7.047443517649298883e-09;
4623974.9316618423909;7.4698975893738861487e-09;
4624308.2872188799083;7.4490751345024364127e-09;
4624641.6427759174258;7.1668506684829935693e-09;
4624974.9983329549432;7.09437264490020425e-09;
4625308.3538899924606;6.9951453518513062591e-09;
4625641.709447029978;7.1119918843010054843e-09;
4625975.0650040674955;6.6122591846351497225e-09;
4626308.4205611050129;7.1062347117845092725e-09;
4626641.7761181425303;7.7249682206570469134e-09;
4626975.1316751800478;6.9311703043695160886e-09;
4627308.4872322175652;6.8575447542684742075e-09;
4627641.8427892550826;6.8571712752429903048e-09;
4627975.1983462926;6.9211929520918147318e-09;
4628308.5539033301175;7.1121917244454380125e-09;
4628641.9094603676349;7.2377801529910357203e-09;
4628975.2650174051523;7.3480097562139690126e-09;
4629308.6205744426697;7.0185448564075159084e-09;
4629641.9761314801872;7.1931114398182671721e-09;
4629975.3316885177046;7.1018417813206724531e-09;
4630308.687245555222;7.1385284350355959759e-09;
4630642.0428025927395;7.4160406704493198049e-09;
4630975.3983596302569;7.4257267002053595206e-09;
4631308.7539166677743;6.910853667108085574e-09;
4631642.1094737052917;7.3761654562076728325e-09;
4631975.4650307428092;6.9281269610144136095e-09;
4632308.8205877803266;7.3673205314150891354e-09;
4632642.176144817844;7.207961782995653266e-09;
4632975.5317018553615;7.5678254773947628564e-09;
4633308.8872588928789;7.3275394640859303763e-09;
4633642.2428159303963;6.7813532567129186646e-09;
4633975.5983729679137;7.0389805095771862398e-09;
4634308.9539300054312;6.6902403617064010177e-09;
4634642.3094870429486;7.6077473210034440854e-09;
4634975.665044080466;7.1613883712018377992e-09;
4635309.0206011179835;7.5021828749299857009e-09;
4635642.3761581555009;6.9424546111918061797e-09;
4635975.7317151930183;7.1178289928752747073e-09;
4636309.0872722305357;7.1825554393001311837e-09;
4636642.4428292680532;7.3041617199010033801e-09;
4636975.7983863055706;7.4609269873349148838e-09;
4637309.153943343088;6.878031033608067446e-09;
4637642.5095003806055;7.1013053215551735775e-09;
4637975.8650574181229;6.8899548288925416273e-09;
4638309.2206144556403;7.1790862143927824945e-09;
4638642.5761714931577;6.9679790826171483786e-09;
4638975.9317285306752;7.1733250450733976322e-09;
4639309.2872855681926;7.2582930776832199626e-09;
4639642.64284260571;7.2642629689312343544e-09;
4639975.9983996432275;7.4066663913185948331e-09;
4640309.3539566807449;7.1564461023854164523e-09;
4640642.7095137182623;7.1048740224455286807e-09;
4640976.0650707557797;7.0331709345339277206e-09;
4641309.4206277932972;7.2011654417281079077e-09;
4641642.7761848308146;7.4418418094523985928e-09;
4641976.131741868332;7.2839037024152730737e-09;
4642309.4872989058495;7.1326744510713524505e-09;
4642642.8428559433669;6.9727179585754583968e-09;
4642976.1984129808843;7.1979151528012152994e-09;
4643309.5539700184017;7.0207275548739289661e-09;
4643642.9095270559192;6.7997119046481202531e-09;
4643976.2650840934366;6.9588410589460636402e-09;
4644309.620641130954;7.2488890445754350367e-09;
4644642.9761981684715;7.0073586933006026811e-09;
4644976.3317552059889;6.9712111638864371344e-09;
4645309.6873122435063;7.2356698410658282228e-09;
4645643.0428692810237;7.0825176834432568285e-09;
4645976.3984263185412;6.9584866757566032902e-09;
4646309.7539833560586;7.1358328135318060959e-09;
4646643.109540393576;6.9014509662679301982e-09;
4646976.4650974310935;6.9657390966426646628e-09;
4647309.8206544686109;7.2879098311773304886e-09;
4647643.1762115061283;6.9386505430202305433e-09;
4647976.5317685436457;7.0444605704267360125e-09;
4648309.8873255811632;7.0837122834177534969e-09;
4648643.2428826186806;7.0590040479601157131e-09;
4648976.598439656198;7.443502259008027977e-09;
4649309.9539966937155;7.709256344412551698e-09;
4649643.3095537312329;6.7583645346758203232e-09;
4649976.6651107687503;6.8809073994202663016e-09;
4650310.0206678062677;7.0519017292269836616e-09;
4650643.3762248437852;7.3769816921753772476e-09;
4650976.7317818813026;6.9139987068922437174e-09;
4651310.08733891882;6.8817049836411570141e-09;
4651643.4428959563375;7.0479511116161575046e-09;
4651976.7984529938549;7.5560153689480102912e-09;
4652310.1540100313723;6.8949193021694554773e-09;
4652643.5095670688897;7.0488797021539539855e-09;
4652976.8651241064072;7.1267751700077042187e-09;
4653310.2206811439246;7.2343988577472373436e-09;
4653643.576238181442;7.2566352926628496789e-09;
4653976.9317952189595;7.4200281474645635171e-09;
4654310.2873522564769;6.9995458318317105295e-09;
4654643.6429092939943;7.2509012127852656704e-09;
4654976.9984663315117;7.1514691946106268006e-09;
4655310.3540233690292;7.3827637336876250629e-09;
4655643.7095804065466;7.0617947045548135065e-09;
4655977.065137444064;7.0605419288938264799e-09;
4656310.4206944815814;7.2353394386936997762e-09;
4656643.7762515190989;7.6242843149998407171e-09;
4656977.1318085566163;7.09252834241169694e-09;
4657310.4873655941337;6.8173662270964996424e-09;
4657643.8429226316512;7.3644219611423977767e-09;
4657977.1984796691686;7.5407395883075878373e-09;
4658310.554036706686;7.4111179415581318608e-09;
4658643.9095937442034;7.153706071960641566e-09;
4658977.2651507817209;6.998832624560691329e-09;
4659310.6207078192383;6.9591465923224404833e-09;
4659643.9762648567557;7.2204704437694999797e-09;
4659977.3318218942732;7.2357462244099224336e-09;
4660310.6873789317906;6.8596532898368423048e-09;
4660644.042935969308;6.7310415019505853707e-09;
4660977.3984930068254;6.7919638802038662106e-09;
4661310.7540500443429;7.4794304083525275928e-09;
4661644.1096070818603;7.1329000483899562823e-09;
4661977.4651641193777;7.1246595290119785204e-09;
4662310.8207211568952;7.1892962694164452842e-09;
4662644.1762781944126;6.901208493559352064e-09;
4662977.53183523193;7.1756187658422732056e-09;
4663310.8873922694474;7.1668631029808693711e-09;
4663644.2429493069649;7.277572322550440731e-09;
4663977.5985063444823;7.5229955598388187354e-09;
4664310.9540633819997;7.0030146126498493686e-09;
4664644.3096204195172;7.4214363543489980657e-09;
4664977.6651774570346;7.4245529724237258051e-09;
4665311.020734494552;6.8100525218994789611e-09;
4665644.3762915320694;7.2162227304772841308e-09;
4665977.7318485695869;6.9735017760308437573e-09;
4666311.0874056071043;7.0202834656640789035e-09;
4666644.4429626446217;7.3311450243807030347e-09;
4666977.7985196821392;7.0763492843184394587e-09;
4667311.1540767196566;6.8890231297302761959e-09;
4667644.509633757174;7.3635550990047704545e-09;
4667977.8651907946914;6.9165375649049565254e-09;
4668311.2207478322089;6.9792496226739331178e-09;
4668644.5763048697263;7.1652395128296575422e-09;
4668977.9318619072437;7.065989127141847348e-09;
4669311.2874189447612;7.4597608090698486194e-09;
4669644.6429759822786;7.4899100255265693704e-09;
4669977.998533019796;7.3747012940827971761e-09;
4670311.3540900573134;7.5246742170520519721e-09;
4670644.7096470948309;6.7563936667625057453e-09;
4670978.0652041323483;7.2431225461855319736e-09;
4671311.4207611698657;7.1206929241895977611e-09;
4671644.7763182073832;7.4757924295454358798e-09;
4671978.1318752449006;6.8182406387506944156e-09;
4672311.487432282418;6.779292682779214374e-09;
4672644.8429893199354;7.6233739321196480887e-09;
4672978.1985463574529;7.2387975613708022138e-09;
4673311.5541033949703;7.4930950333396140195e-09;
4673644.9096604324877;7.255182232768220274e-09;
4673978.2652174700052;7.3304495806780778366e-09;
4674311.6207745075226;7.0925159079138211382e-09;
4674644.97633154504;7.3544410561510176194e-09;
4674978.3318885825574;7.1609482787948763871e-09;
4675311.6874456200749;7.3902901576161639241e-09;
4675645.0430026575923;7.4012165285353148647e-09;
4675978.3985596951097;6.7306746842632492189e-09;
4676311.7541167326272;7.2268284689869233262e-09;
4676645.1096737701446;6.6610161830737979471e-09;
4676978.465230807662;6.8908021511049355468e-09;
4677311.8207878451794;7.2211174817482515209e-09;
4677645.1763448826969;7.0257000217566201172e-09;
4677978.5319019202143;6.6673613297041356418e-09;
4678311.8874589577317;7.2277170914958333015e-09;
4678645.2430159952492;7.5679178479504116694e-09;
4678978.5985730327666;7.0005299335207382683e-09;
4679311.954130070284;7.122769929424066504e-09;
4679645.3096871078014;7.2778791881944471243e-09;
4679978.6652441453189;7.1851173899517561949e-09;
4680312.0208011828363;7.1524239864118044352e-09;
4680645.3763582203537;7.2712338372582507873e-09;
4680978.7319152578712;7.7405903908811524161e-09;
4681312.0874722953886;7.3705050951389239344e-09;
4681645.443029332906;7.0609758040518499911e-09;
4681978.7985863704234;7.2549530827359376417e-09;
4682312.1541434079409;6.9778520739305349707e-09;
4682645.5097004454583;7.2222845481917374855e-09;
4682978.8652574829757;6.8496226468539589405e-09;
4683312.2208145204931;6.8534982133883204369e-09;
4683645.5763715580106;7.1586843120030607679e-09;
4683978.931928595528;7.2066197454034863767e-09;
4684312.2874856330454;7.1474124396786464786e-09;
4684645.6430426705629;7.8722539598174989806e-09;
4684978.9985997080803;8.641467985626150039e-09;
4685312.3541567455977;9.5431067492768306693e-09;
4685645.7097137831151;7.1494596909360552672e-09;
4685979.0652708206326;7.1975483351138791477e-09;
4686312.42082785815;6.9072974007156062726e-09;
4686645.7763848956674;7.3929262711658338958e-09;
4686979.1319419331849;7.1606587326300541463e-09;
4687312.4874989707023;6.991066836548043284e-09;
4687645.8430560082197;7.4563022423035363317e-09;
4687979.1986130457371;7.2672752260416473291e-09;
4688312.5541700832546;7.5280457423332336475e-09;
4688645.909727120772;6.8038223943744924327e-09;
4688979.2652841582894;7.329303386427454825e-09;
4689312.6208411958069;7.2204198175995770725e-09;
4689645.9763982333243;6.9947643233092549053e-09;
4689979.3319552708417;6.926350160085803509e-09;
4690312.6875123083591;7.1146160074420095043e-09;
4690646.0430693458766;7.0783134908936062857e-09;
4690979.398626383394;6.9091661281106553361e-09;
4691312.7541834209114;7.6292145934075961122e-09;
4691646.1097404584289;6.8590386703704098181e-09;
4691979.4652974959463;7.3013906032315389893e-09;
4692312.8208545334637;7.0735155510703862092e-09;
4692646.1764115709811;7.1703389892263658112e-09;
4692979.5319686084986;6.9062418006637926737e-09;
4693312.887525646016;7.3271149148013137165e-09;
4693646.2430826835334;7.203784679887803577e-09;
4693979.5986397210509;7.0001853202938946197e-09;
4694312.9541967585683;7.2446115773061592336e-09;
4694646.3097537960857;7.2118755412020618678e-09;
4694979.6653108336031;7.2518311355906917015e-09;
4695313.0208678711206;7.3769168551507391385e-09;
4695646.376424908638;7.3616668316844879882e-09;
4695979.7319819461554;7.0595125301053940348e-09;
4696313.0875389836729;7.3174546422194453044e-09;
4696646.4430960211903;7.4588042409118315845e-09;
4696979.7986530587077;7.074124397377090645e-09;
4697313.1542100962251;7.2114447746685073071e-09;
4697646.5097671337426;7.1488819308740403358e-09;
4697979.86532417126;7.3069084116639260174e-09;
4698313.2208812087774;7.4689792128879162192e-09;
4698646.5764382462949;7.1003198875985162886e-09;
4698979.9319952838123;6.7232890366142328276e-09;
4699313.2875523213297;7.1175789706501291221e-09;
4699646.6431093588471;6.968676746765822827e-09;
4699979.9986663963646;6.8903909244966143888e-09;
4700313.354223433882;7.1867836126671136299e-09;
4700646.7097804713994;7.1205303875387926382e-09;
4700980.0653375089169;7.0913324101695707213e-09;
4701313.4208945464343;7.0525834061641035078e-09;
4701646.7764515839517;7.3617183460328305955e-09;
4701980.1320086214691;7.1591998995756966906e-09;
4702313.4875656589866;7.3155521640444476361e-09;
4702646.843122696504;7.3188171079152652965e-09;
4702980.1986797340214;7.4644406211632485793e-09;
4703313.5542367715389;7.1757955133477935306e-09;
4703646.9097938090563;7.1633765585943365295e-09;
4703980.2653508465737;6.9682970504914010235e-09;
4704313.6209078840911;7.3316601678641291073e-09;
4704646.9764649216086;6.834321553128575033e-09;
4704980.332021959126;7.1893215825014067377e-09;
4705313.6875789966434;7.4175261488562682644e-09;
4705647.0431360341609;7.0906471805187720747e-09;
4705980.3986930716783;6.9450405426607630943e-09;
4706313.7542501091957;7.2677601714588035975e-09;
4706647.1098071467131;7.1297932002778452443e-09;
4706980.4653641842306;7.309912675168561691e-09;
4707313.820921221748;6.975449995394455982e-09;
4707647.1764782592654;7.274082669539438939e-09;
4707980.5320352967829;7.3195116634394707944e-09;
4708313.8875923343003;6.9251577805573560909e-09;
4708647.2431493718177;7.3503079178749430866e-09;
4708980.5987064093351;7.1159784731378294964e-09;
4709313.9542634468526;6.8488041904402052751e-09;
4709647.30982048437;7.2765877767722031422e-09;
4709980.6653775218874;6.9694725546298741392e-09;
4710314.0209345594049;7.3555264101798911724e-09;
4710647.3764915969223;6.8009184950312828732e-09;
4710980.7320486344397;6.9959193993440749182e-09;
4711314.0876056719571;6.7888623611622733733e-09;
4711647.4431627094746;6.7846182005837363249e-09;
4711980.798719746992;7.0613852543033317488e-09;
4712314.1542767845094;7.7199082682000153e-09;
4712647.5098338220268;7.0981744926257306361e-09;
4712980.8653908595443;6.8577619138920908881e-09;
4713314.2209478970617;7.0519390327206110669e-09;
4713647.5765049345791;7.189359330084243993e-09;
4713980.9320619720966;7.1378263299948230269e-09;
4714314.287619009614;6.7787806479202572518e-09;
4714647.6431760471314;7.1754548969238385325e-09;
4714980.9987330846488;7.2979671195128048566e-09;
4715314.3542901221663;7.213941000117074509e-09;
4715647.7098471596837;7.2035186704511033895e-09;
4715981.0654041972011;6.9449064277193883754e-09;
4716314.4209612347186;7.0184955625052225514e-09;
4716647.776518272236;7.2192656297431767598e-09;
4716981.1320753097534;7.2847607945902836946e-09;
4717314.4876323472708;7.4509465264327445766e-09;
4717647.8431893847883;7.0787362638213835453e-09;
4717981.1987464223057;6.9438939043209302326e-09;
4718314.5543034598231;7.5860873138822171313e-09;
4718647.9098604973406;6.9059020724182573758e-09;
4718981.265417534858;7.0567969245871609019e-09;
4719314.6209745723754;7.4791808302165918576e-09;
4719647.9765316098928;6.8205525671771738416e-09;
4719981.3320886474103;6.8543770659346137109e-09;
4720314.6876456849277;6.7418222116089054907e-09;
4720648.0432027224451;7.3940169542652256496e-09;
4720981.3987597599626;7.1632508813479489618e-09;
4721314.75431679748;6.7803287429057945701e-09;
4721648.1098738349974;7.1553523106615557481e-09;
4721981.4654308725148;7.3416228651979054121e-09;
4722314.8209879100323;6.8002137254552508239e-09;
4722648.1765449475497;6.8553887011546521535e-09;
4722981.5321019850671;6.8229133454167367745e-09;
4723314.8876590225846;7.0551235964444458659e-09;
4723648.243216060102;7.0792212092385398137e-09;
4723981.5987730976194;7.2142958273957447091e-09;
4724314.9543301351368;7.3592874016981113527e-09;
4724648.3098871726543;6.6579040058911687083e-09;
4724981.6654442101717;7.0990102685186684539e-09;
4725315.0210012476891;7.0287615727693264489e-09;
4725648.3765582852066;7.5347141859083421878e-09;
4725981.732115322724;7.1712458193928796391e-09;
4726315.0876723602414;7.0480501435099540686e-09;
4726648.4432293977588;7.2093677694340385642e-09;
4726981.7987864352763;7.0498087367809603165e-09;
4727315.1543434727937;7.1595898099019450456e-09;
4727648.5099005103111;6.983407185856549404e-09;
4727981.8654575478286;7.0861019274559566838e-09;
4728315.221014585346;7.0957808517846387986e-09;
4728648.5765716228634;7.1722663363971150829e-09;
4728981.9321286603808;7.5675989918977393245e-09;
4729315.2876856978983;7.2610601975497957028e-09;
4729648.6432427354157;6.6880549987047288596e-09;
4729981.9987997729331;6.8788525986462900619e-09;
4730315.3543568104506;7.0328498580352061254e-09;
4730648.709913847968;7.2801809025690999988e-09;
4730982.0654708854854;7.4494153068371815607e-09;
4731315.4210279230028;7.3611623463420983171e-09;
4731648.7765849605203;7.5036199476130605035e-09;
4731982.1321419980377;7.2569288356305605703e-09;
4732315.4876990355551;6.6975549550818413991e-09;
4732648.8432560730726;7.2282375640497775748e-09;
4732982.19881311059;6.4731549009877653589e-09;
4733315.5543701481074;7.0864132339920615777e-09;
4733648.9099271856248;7.2533983264122525725e-09;
4733982.2654842231423;7.1804735490843540902e-09;
4734315.6210412606597;7.3896671004547442863e-09;
4734648.9765982981771;6.9072974007156062726e-09;
4734982.3321553356946;7.1350054753338554292e-09;
4735315.687712373212;7.3936532452023584483e-09;
4735649.0432694107294;7.3626238439317148732e-09;
4735982.3988264482468;6.6077188165536426823e-09;
4736315.7543834857643;7.3092194519119857432e-09;
4736649.1099405232817;7.2512325033358138171e-09;
4736982.4654975607991;6.6774186180396100099e-09;
4737315.8210545983166;6.6621397287747186056e-09;
4737649.176611635834;6.7433028050345455995e-09;
4737982.5321686733514;7.0893144688000120368e-09;
4738315.8877257108688;6.8342735914939112263e-09;
4738649.2432827483863;7.0986110323190132476e-09;
4738982.5988397859037;7.5707768942834263726e-09;
4739315.9543968234211;7.0055858891748812312e-09;
4739649.3099538609385;7.2659855909762427473e-09;
4739982.665510898456;6.855207956846243178e-09;
4740316.0210679359734;7.3086927621091035689e-09;
4740649.3766249734908;6.8908505568288092036e-09;
4740982.7321820110083;7.070422025634570673e-09;
4741316.0877390485257;7.2512706950078609225e-09;
4741649.4432960860431;6.4935652410724742367e-09;
4741982.7988531235605;6.841228916698582907e-09;
4742316.154410161078;6.5618532829603282153e-09;
4742649.5099671985954;7.2919310589725228056e-09;
4742982.8655242361128;6.809143471286915883e-09;
4743316.2210812736303;6.91685375642236977e-09;
4743649.5766383111477;7.1549126623438041861e-09;
4743982.9321953486651;7.1621810704414201609e-09;
4744316.2877523861825;7.0674168739515152993e-09;
4744649.6433094237;7.3192287786127963045e-09;
4744982.9988664612174;7.4927397619717339694e-09;
4745316.3544234987348;7.0393020301651176851e-09;
4745649.7099805362523;7.2362165148831536499e-09;
4745983.0655375737697;7.1225945141861757293e-09;
4746316.4210946112871;7.0027068588274232752e-09;
4746649.7766516488045;7.1373120746898166544e-09;
4746983.132208686322;6.6080438898552529281e-09;
4747316.4877657238394;7.3660002541942048992e-09;
4747649.8433227613568;6.9158332394181343261e-09;
4747983.1988797988743;7.0942727248279879859e-09;
4748316.5544368363917;7.1413630564620689256e-09;
4748649.9099938739091;6.8553767107459862018e-09;
4748983.2655509114265;6.8520416007800122316e-09;
4749316.621107948944;7.0828036768944002688e-09;
4749649.9766649864614;7.1751777852568920935e-09;
4749983.3322220239788;6.8360508365117311769e-09;
4750316.6877790614963;7.2201662426607526868e-09;
4750650.0433360990137;7.6034982754435986863e-09;
4750983.3988931365311;7.1220442876551715017e-09;
4751316.7544501740485;6.851945233421474768e-09;
4751650.110007211566;7.1143664293060737691e-09;
4751983.4655642490834;7.1026651227157344692e-09;
4752316.8211212866008;7.310182237318940679e-09;
4752650.1766783241183;7.2167045672699714487e-09;
4752983.5322353616357;6.9231749222353755613e-09;
4753316.8877923991531;7.518517364246690704e-09;
4753650.2433494366705;7.0764238913056942692e-09;
4753983.598906474188;7.4793646831494697835e-09;
4754316.9544635117054;7.043705618769990906e-09;
4754650.3100205492228;6.8228653837820729677e-09;
4754983.6655775867403;7.6236945645291598339e-09;
4755317.0211346242577;7.1762489284310504445e-09;
4755650.3766916617751;6.8486718518556699564e-09;
4755983.7322486992925;6.8042766976361690467e-09;
4756317.08780573681;7.272664692692387689e-09;
4756650.4433627743274;7.0072601054960159672e-09;
4756983.7989198118448;7.6363084744457410125e-09;
4757317.1544768493623;9.7474117666251913761e-09;
4757650.5100338868797;7.0769456961272680928e-09;
4757983.8655909243971;7.3476096318358941062e-09;
4758317.2211479619145;7.1165162651709579222e-09;
4758650.576704999432;7.412367608594649937e-09;
4758983.9322620369494;7.3655734844635389891e-09;
4759317.2878190744668;7.4213191147975976492e-09;
4759650.6433761119843;7.2862071931467653485e-09;
4759983.9989331495017;7.11600378622279095e-09;
4760317.3544901870191;7.0516170680434697715e-09;
4760650.7100472245365;6.7044294560503203684e-09;
4760984.065604262054;7.1601053974745809683e-09;
4761317.4211612995714;7.4182557874280519172e-09;
4761650.7767183370888;7.1743331275797572744e-09;
4761984.1322753746063;6.95302437847544752e-09;
4762317.4878324121237;7.3384249787977751112e-09;
4762650.8433894496411;6.955846565404044668e-09;
4762984.1989464871585;7.3651462706436632288e-09;
4763317.554503524676;7.1964736392260419962e-09;
4763650.9100605621934;7.2861943145596796967e-09;
4763984.2656175997108;7.1255108480272610905e-09;
4764317.6211746372283;7.19834503115635016e-09;
4764650.9767316747457;7.1681349744778799504e-09;
4764984.3322887122631;7.1512555877006889204e-09;
4765317.6878457497805;7.0269834395730867982e-09;
4765651.043402787298;7.1925176925446976384e-09;
4765984.3989598248154;7.2292283270769530645e-09;
4766317.7545168623328;6.5327534493064831622e-09;
4766651.1100738998502;7.2070376333499552857e-09;
4766984.4656309373677;7.1381522914748529729e-09;
4767317.8211879748851;6.8716783374611623003e-09;
4767651.1767450124025;7.1829968639747221459e-09;
4767984.53230204992;7.4329440380438427383e-09;
4768317.8878590874374;7.1054233607981132081e-09;
4768651.2434161249548;6.9080496878370922786e-09;
4768984.5989731624722;7.3363368713330601167e-09;
4769317.9545301999897;7.0474559521471746848e-09;
4769651.3100872375071;7.318714523307789932e-09;
4769984.6656442750245;7.4663288884835310455e-09;
4770318.021201312542;7.1642323185017176002e-09;
4770651.3767583500594;7.3276167356084442872e-09;
4770984.7323153875768;7.3846964099288925354e-09;
4771318.0878724250942;7.3706600822731616063e-09;
4771651.4434294626117;7.4808763628197993967e-09;
4771984.7989865001291;6.8681544895810020535e-09;
4772318.1545435376465;7.479772357044112141e-09;
4772651.510100575164;7.4187118670465679315e-09;
4772984.8656576126814;7.0094761106531677797e-09;
4773318.2212146501988;7.1415637847849211539e-09;
4773651.5767716877162;7.191380380078271628e-09;
4773984.9323287252337;6.9879968478403498011e-09;
4774318.2878857627511;7.1725057004812242667e-09;
4774651.6434428002685;7.0415158148762202472e-09;
4774984.998999837786;7.2155890151748280914e-09;
4775318.3545568753034;7.2863093336650308629e-09;
4775651.7101139128208;6.7230883082913805993e-09;
4775985.0656709503382;7.245756883378362545e-09;
4776318.4212279878557;6.9214363129788125661e-09;
4776651.7767850253731;7.135017909831731231e-09;
4776985.1323420628905;7.4422992213385441573e-09;
4777318.487899100408;6.8740084735452455789e-09;
4777651.8434561379254;7.0779528904552080348e-09;
4777985.1990131754428;7.0184587031008049962e-09;
4778318.5545702129602;6.7307692752649472823e-09;
4778651.9101272504777;7.0398087359535566065e-09;
4778985.2656842879951;7.3436350334077360458e-09;
4779318.6212413255125;7.1190418005073752283e-09;
4779651.97679836303;7.064102636178404282e-09;
4779985.3323554005474;7.4081500933687038923e-09;
4780318.6879124380648;6.7216947563508711028e-09;
4780652.0434694755822;6.8950285481150785927e-09;
4780985.3990265130997;7.1295676029592414125e-09;
4781318.7545835506171;7.0857906209198517899e-09;
4781652.1101405881345;7.3719812476724655426e-09;
4781985.465697625652;6.8499956817902329931e-09;
4782318.8212546631694;7.08650027547719219e-09;
4782652.1768117006868;7.0050694134238256083e-09;
4782985.5323687382042;6.991017542645749927e-09;
4783318.8879257757217;7.1704522319748775772e-09;
4783652.2434828132391;7.0612613534137835813e-09;
4783985.5990398507565;6.9189196594265922613e-09;
4784318.954596888274;6.9078436304437218496e-09;
4784652.3101539257914;6.960088061447322616e-09;
4784985.6657109633088;6.9410766023736414354e-09;
4785319.0212680008262;7.5063359972205034865e-09;
4785652.3768250383437;7.3029560176962604601e-09;
4785985.7323820758611;7.0996835077608011488e-09;
4786319.0879391133785;7.1186794237121375772e-09;
4786652.443496150896;7.0880568081577166595e-09;
4786985.7990531884134;7.0348638026018761593e-09;
4787319.1546102259308;7.0249224215501726576e-09;
4787652.5101672634482;6.439978328387496731e-09;
4787985.8657243009657;7.3949264489669985778e-09;
4788319.2212813384831;6.7660503866306953569e-09;
4788652.5768383760005;6.7925487456932387431e-09;
4788985.932395413518;6.8849823620098504762e-09;
4789319.2879524510354;6.845604971772445424e-09;
4789652.6435094885528;7.2109003212972311303e-09;
4789985.9990665260702;7.0991474920845121233e-09;
4790319.3546235635877;6.7524781321992577432e-09;
4790652.7101806011051;6.9176557815353589831e-09;
4790986.0657376386225;6.8607501901851719595e-09;
4791319.42129467614;6.9831989080171297246e-09;
4791652.7768517136574;7.4336754529724657914e-09;
4791986.1324087511748;7.2105836856906080357e-09;
4792319.4879657886922;7.0587558020918095281e-09;
4792652.8435228262097;7.3798331889918244997e-09;
4792986.1990798637271;6.9391501433813118638e-09;
4793319.5546369012445;6.787157502685658983e-09;
4793652.9101939387619;6.856846201941380059e-09;
4793986.2657509762794;6.9449308526259301289e-09;
4794319.6213080137968;6.6422263245158319478e-09;
4794652.9768650513142;7.1977503957043609262e-09;
4794986.3324220888317;6.9279075809447476786e-09;
4795319.6879791263491;6.6985550439824237401e-09;
4795653.0435361638665;6.6369194584581236995e-09;
4795986.3990932013839;6.763043902680010433e-09;
4796319.7546502389014;7.18884152206555882e-09;
4796653.1102072764188;7.2007098061988017434e-09;
4796986.4657643139362;6.9507772870736062032e-09;
4797319.8213213514537;6.7874674769541343267e-09;
4797653.1768783889711;7.4333490474032259954e-09;
4797986.5324354264885;6.9399912483447678824e-09;
4798319.8879924640059;7.3867467698107702745e-09;
4798653.2435495015234;6.9857017948038446775e-09;
4798986.5991065390408;7.1032641990598222037e-09;
4799319.9546635765582;6.7670606895831042493e-09;
4799653.3102206140757;6.9769203747682695393e-09;
4799986.6657776515931;7.1255481515208884957e-09;
4800320.0213346891105;7.0860646239623292786e-09;
4800653.3768917266279;7.5418258305148810905e-09;
4800986.7324487641454;6.8709420375512308965e-09;
4801320.0880058016628;7.4882660072717044386e-09;
4801653.4435628391802;7.36153760172442162e-09;
4801986.7991198766977;6.7049947816144594981e-09;
4802320.1546769142151;7.3707639991482665209e-09;
4802653.5102339517325;6.9039125527581290953e-09;
4802986.8657909892499;7.5484001271775014175e-09;
4803320.2213480267674;7.0368413318533384881e-09;
4803653.5769050642848;6.9527801294100299856e-09;
4803986.9324621018022;7.2018360164349815022e-09;
4804320.2880191393197;7.2461259215117479471e-09;
4804653.6435761768371;7.238479593496549569e-09;
4804986.9991332143545;7.2158803376964897325e-09;
4805320.3546902518719;7.0192478496267085575e-09;
4805653.7102472893894;6.668731789005732935e-09;
4805987.0658043269068;6.9870025320994955109e-09;
4806320.4213613644242;7.1721406591507275152e-09;
4806653.7769184019417;7.0873844570940036647e-09;
4806987.1324754394591;7.2126611350142866286e-09;
4807320.4880324769765;7.3260464361624144658e-09;
4807653.8435895144939;7.1801080636646474886e-09;
4807987.1991465520114;6.9840941918641874508e-09;
4808320.5547035895288;6.9730363705389208917e-09;
4808653.9102606270462;7.015783509700668219e-09;
4808987.2658176645637;7.0088237436038980377e-09;
4809320.6213747020811;6.7335959030856429308e-09;
4809653.9769317395985;7.0823187314772440004e-09;
4809987.3324887771159;7.0650707506558774185e-09;
4810320.6880458146334;7.4999695343080929888e-09;
4810654.0436028521508;6.9042278560971226398e-09;
4810987.3991598896682;7.0317871525560349255e-09;
4811320.7547169271857;7.1224697251182078617e-09;
4811654.1102739647031;7.25380600030689493e-09;
4811987.4658310022205;6.4889582596094896871e-09;
4812320.8213880397379;7.4776833614009774465e-09;
4812654.1769450772554;6.3905152281051869068e-09;
4812987.5325021147728;6.9733423480045075848e-09;
4813320.8880591522902;6.9401133728774766496e-09;
4813654.2436161898077;7.1202053142371823924e-09;
4813987.5991732273251;6.9415033721043073456e-09;
4814320.9547302648425;6.7643863843613871722e-09;
4814654.3102873023599;7.0549499575633944914e-09;
4814987.6658443398774;7.2247337001840605808e-09;
4815321.0214013773948;7.2064554323958418536e-09;
4815654.3769584149122;7.0977881350131610816e-09;
4815987.7325154524297;7.0878325431067423779e-09;
4816321.0880724899471;7.3726806881779793912e-09;
4816654.4436295274645;7.099521415199205876e-09;
4816987.7991865649819;7.0951577946232191607e-09;
4817321.1547436024994;7.1204180329687005724e-09;
4817654.5103006400168;7.2056449695878654893e-09;
4817987.8658576775342;6.8870509295493320678e-09;
4818321.2214147150517;7.0027561527297166322e-09;
4818654.5769717525691;6.7509122736453264224e-09;
4818987.9325287900865;6.7959264882233583194e-09;
4819321.2880858276039;6.9785754952533807227e-09;
4819654.6436428651214;7.1030643589153896755e-09;
4819987.9991999026388;7.1184418359848677937e-09;
4820321.3547569401562;7.3571286840490301984e-09;
4820654.7103139776736;6.9598922181057787384e-09;
4820988.0658710151911;6.9310730488325589249e-09;
4821321.4214280527085;6.7866325892396162089e-09;
4821654.7769850902259;7.2014816332455211523e-09;
4821988.1325421277434;7.1752408459246908023e-09;
4822321.4880991652608;6.7792806923705484223e-09;
4822654.8436562027782;7.0186190193055608688e-09;
4822988.1992132402956;6.9578995898211815074e-09;
4823321.5547702778131;7.1498109655010466668e-09;
4823654.9103273153305;7.1872001683459529886e-09;
4823988.2658843528479;6.8253109830607172626e-09;
4824321.6214413903654;7.0109540395435487881e-09;
4824654.9769984278828;7.008712721301435522e-09;
4824988.3325554654002;7.063010620811382978e-09;
4825321.6881125029176;6.8573520195513992803e-09;
4825655.0436695404351;7.1259362854902974505e-09;
4825988.3992265779525;7.3006085621329930291e-09;
4826321.7547836154699;6.7638872280895157019e-09;
4826655.1103406529874;6.8829866251007842948e-09;
4826988.4658976905048;6.5647585145711673249e-09;
4827321.8214547280222;6.8897008098645073915e-09;
4827655.1770117655396;7.0616708036652653391e-09;
4827988.5325688030571;7.1165411341667095257e-09;
4828321.8881258405745;7.063109652705179542e-09;
4828655.2436828780919;7.1099308662780913437e-09;
4828988.5992399156094;7.0097838644755938731e-09;
4829321.9547969531268;7.5843020752586198796e-09;
4829655.3103539906442;7.2823551633405259054e-09;
4829988.6659110281616;7.0086390024926004116e-09;
4830322.0214680656791;7.1156787129211807041e-09;
4830655.3770251031965;7.2677348583738421439e-09;
4830988.7325821407139;7.4716171027944255911e-09;
4831322.0881391782314;7.1194796724682873901e-09;
4831655.4436962157488;6.6130025899724387273e-09;
4831988.7992532532662;7.2406542983571853256e-09;
4832322.1548102907836;7.0798806817151671567e-09;
4832655.5103673283011;7.0524097672830521333e-09;
4832988.8659243658185;6.9983410178053873096e-09;
4833322.2214814033359;7.1514945076955882541e-09;
4833655.5770384408534;6.930634288693227063e-09;
4833988.9325954783708;7.334274965131726276e-09;
4834322.2881525158882;6.9518151235570257995e-09;
4834655.6437095534056;7.0142927022232015588e-09;
4834988.9992665909231;6.7674053028099478979e-09;
4835322.3548236284405;7.3815837886570534465e-09;
4835655.7103806659579;7.1241212928896402445e-09;
4835989.0659377034754;7.0380652417156852607e-09;
4836322.4214947409928;6.789327766654196239e-09;
4836655.7770517785102;6.8185999069214631163e-09;
4836989.1326088160276;6.7714247542483008147e-09;
4837322.4881658535451;6.8701573319174258359e-09;
4837655.8437228910625;6.819881548381090397e-09;
4837989.1992799285799;7.4269141947524985881e-09;
4838322.5548369660974;6.6671388410100007604e-09;
4838655.9103940036148;6.9922210244044435967e-09;
4838989.2659510411322;7.1382650901341548888e-09;
4839322.6215080786496;7.1383903232913326065e-09;
4839655.9770651161671;7.2817027962912561634e-09;
4839989.3326221536845;7.2269679129988162458e-09;
4840322.6881791912019;6.897754367685138277e-09;
4840656.0437362287194;7.1354944175539003481e-09;
4840989.3992932662368;6.7782921497894221829e-09;
4841322.7548503037542;6.8036789535597108625e-09;
4841656.1104073412716;7.0366437121549552103e-09;
4841989.4659643787891;6.8504166783611708524e-09;
4842322.8215214163065;7.0834258458774002065e-09;
4842656.1770784538239;6.6196044201660697581e-09;
4842989.5326354913414;6.7813172854869208095e-09;
4843322.8881925288588;7.1934276313356804167e-09;
4843656.2437495663762;7.048854833158202382e-09;
4843989.5993066038936;6.905307436966268142e-09;
4844322.9548636414111;7.4506321112721707323e-09;
4844656.3104206789285;6.8454122370553704968e-09;
4844989.6659777164459;7.0272427876716392348e-09;
4845323.0215347539634;7.3329737837468655925e-09;
4845656.3770917914808;7.2080506008376232785e-09;
4845989.7326488289982;7.3400494571274066402e-09;
4846323.0882058665156;7.3412103063219547039e-09;
4846656.4437629040331;6.5750191957647530216e-09;
4846989.7993199415505;7.22430248956129617e-09;
4847323.1548769790679;7.2600272460476844572e-09;
4847656.5104340165854;7.0837993249028841092e-09;
4847989.8659910541028;7.2175665444262904202e-09;
4848323.2215480916202;7.5243971053851055331e-09;
4848656.5771051291376;6.8675509723448158184e-09;
4848989.9326621666551;7.0021530795827402471e-09;
4849323.2882192041725;7.0465770996008814109e-09;
4849656.6437762416899;6.9094574506323169771e-09;
4849989.9993332792073;6.8221943649859895231e-09;
4850323.3548903167248;7.1331380802064359159e-09;
4850656.7104473542422;7.3200645545057341224e-09;
4850990.0660043917596;7.0791466022512850031e-09;
4851323.4215614292771;7.1325865214078021381e-09;
4851656.7771184667945;6.919953055017913357e-09;
4851990.1326755043119;7.1051862171600532747e-09;
4852323.4882325418293;6.7720793417436198069e-09;
4852656.8437895793468;7.1660197775713641022e-09;
4852990.1993466168642;6.8352461468634828634e-09;
4853323.5549036543816;6.9707213334879725153e-09;
4853656.9104606918991;7.0814851760303554329e-09;
4853990.2660177294165;7.2757315727756122214e-09;
4854323.6215747669339;7.2254064953369834257e-09;
4854656.9771318044513;7.3385408860815459775e-09;
4854990.3326888419688;6.9419425763328490575e-09;
4855323.6882458794862;7.2720132138215376472e-09;
4855657.0438029170036;7.3354864404961972468e-09;
4855990.3993599545211;6.7374532619624005747e-09;
4856323.7549169920385;6.9315113648826809367e-09;
4856657.1104740295559;7.1744845620003161457e-09;
4856990.4660310670733;6.9716397099739424448e-09;
4857323.8215881045908;6.7399748004959292302e-09;
4857657.1771451421082;7.1011307944957025029e-09;
4857990.5327021796256;7.1864172390689873282e-09;
4858323.8882592171431;6.9331309582310041151e-09;
4858657.2438162546605;6.8136905007065706741e-09;
4858990.5993732921779;7.1462324946480748622e-09;
4859323.9549303296953;6.8005840958562657761e-09;
4859657.3104873672128;6.9599415120080720953e-09;
4859990.6660444047302;7.3580852522070472332e-09;
4860324.0216014422476;6.8349939041922880278e-09;
4860657.3771584797651;6.7096728173510200577e-09;
4860990.7327155172825;7.1152537195473541942e-09;
4861324.0882725547999;6.6756591365901840618e-09;
4861657.4438295923173;7.2122938732377406268e-09;
4861990.7993866298348;6.9130634550162994856e-09;
4862324.1549436673522;6.8602559188946088398e-09;
4862657.5105007048696;7.4685333473212267563e-09;
4862990.8660577423871;7.2772654569064343377e-09;
4863324.2216147799045;6.7463479247464874788e-09;
4863657.5771718174219;7.11054282120926473e-09;
4863990.9327288549393;7.2795032224348688032e-09;
4864324.2882858924568;6.9057928264726342604e-09;
4864657.6438429299742;7.0673422669642604887e-09;
4864990.9993999674916;7.2580252918896803749e-09;
4865324.3549570050091;7.1134289569840802869e-09;
4865657.7105140425265;6.8705920952538690472e-09;
4865991.0660710800439;6.802256979909770962e-09;
4866324.4216281175613;6.8827086252554181556e-09;
4866657.7771851550788;7.1126167178192645224e-09;
4866991.1327421925962;7.0184338341050533927e-09;
4867324.4882992301136;6.9077343844980987342e-09;
4867657.8438562676311;7.2320101018874538568e-09;
4867991.1994133051485;6.8985297474455364863e-09;
4868324.5549703426659;6.4471099570084788866e-09;
4868657.9105273801833;7.3048291859834080242e-09;
4868991.2660844177008;7.1200800810800046747e-09;
4869324.6216414552182;7.1897003905974088411e-09;
4869657.9771984927356;7.340771546182622842e-09;
4869991.3327555302531;6.9862786666874399089e-09;
4870324.6883125677705;6.9320469364697601122e-09;
4870658.0438696052879;6.9462364749028893129e-09;
4870991.3994266428053;6.9390648782530206518e-09;
4871324.7549836803228;7.0179160260863682197e-09;
4871658.1105407178402;7.1698100789774343866e-09;
4871991.4660977553576;7.5106356689502717927e-09;
4872324.8216547928751;7.4154153928418509167e-09;
4872658.1772118303925;6.9938796976032335806e-09;
4872991.5327688679099;7.5785351327795069665e-09;
4873324.8883259054273;7.0182242239980041631e-09;
4873658.2438829429448;7.0960304299205745338e-09;
4873991.5994399804622;7.213054153965003934e-09;
4874324.9549970179796;7.4250614545690041268e-09;
4874658.3105540554971;7.2597083899950121122e-09;
4874991.6661110930145;7.1610237739605508978e-09;
4875325.0216681305319;7.1293544401385133824e-09;
4875658.3772251680493;7.1181291971811333497e-09;
4875991.7327822055668;7.1767281006884786621e-09;
4876325.0883392430842;6.7477823328943031811e-09;
4876658.4438962806016;7.3046240167684572953e-09;
4876991.799453318119;7.1517582966862391913e-09;
4877325.1550103556365;7.1942869439567402878e-09;
4877658.5105673931539;7.3419066382029996021e-09;
4877991.8661244306713;7.0597110379821970128e-09;
4878325.2216814681888;7.0834884624559890653e-09;
4878658.5772385057062;6.7104153345098893624e-09;
4878991.9327955432236;6.747639780257941311e-09;
4879325.288352580741;6.6598460080058430322e-09;
4879658.6439096182585;7.1317973748818985769e-09;
4879991.9994666557759;7.070521057528367237e-09;
4880325.3550236932933;7.5634520868561594398e-09;
4880658.7105807308108;7.0633703330713615287e-09;
4880992.0661377683282;6.5700080931208049151e-09;
4881325.4216948058456;7.0042078803567164869e-09;
4881658.777251843363;7.3456996041443289869e-09;
4881992.1328088808805;6.7696528383009990648e-09;
4882325.4883659183979;7.1889174613204431807e-09;
4882658.8439229559153;7.4897918977967492538e-09;
4882992.1994799934328;6.9935355284655997821e-09;
4883325.5550370309502;7.0954566666614482529e-09;
4883658.9105940684676;6.9578387495994320489e-09;
4883992.266151105985;7.2325945232876165392e-09;
4884325.6217081435025;6.8169470068824011832e-09;
4884658.9772651810199;7.4962418494806115632e-09;
4884992.3328222185373;7.1168413384725681681e-09;
4885325.6883792560548;6.6519065811121436127e-09;
4885659.0439362935722;7.4762125379379540391e-09;
4885992.3994933310896;7.4884631828808778664e-09;
4886325.755050368607;6.9970131910679356224e-09;
4886659.1106074061245;7.0748451541646772966e-09;
4886992.4661644436419;6.8945440467871321744e-09;
4887325.8217214811593;6.9898877796958913677e-09;
4887659.1772785186768;7.0533019425056409091e-09;
4887992.5328355561942;7.3391857036142482684e-09;
4888325.8883925937116;7.0770949101017777139e-09;
4888659.243949631229;6.8217391735458932089e-09;
4888992.5995066687465;7.0076291436294013693e-09;
4889325.9550637062639;7.290381187630146087e-09;
4889659.3106207437813;7.1212058472269745835e-09;
4889992.6661777812988;7.1701751203079311381e-09;
4890326.0217348188162;7.473651919553958578e-09;
4890659.3772918563336;6.9034760130648464838e-09;
4890992.732848893851;7.1141039725830523821e-09;
4891326.0884059313685;7.2915979920651352586e-09;
4891659.4439629688859;7.1927197531351794169e-09;
4891992.7995200064033;7.6521944336604974524e-09;
4892326.1550770439208;7.1828960557240861817e-09;
4892659.5106340814382;6.911229810668828577e-09;
4892992.8661911189556;7.2104189285937536624e-09;
4893326.221748156473;6.8277454801091153058e-09;
4893659.5773051939905;7.2320989197294238693e-09;
4893992.9328622315079;6.9849042105829539651e-09;
4894326.2884192690253;7.0287859976758682024e-09;
4894659.6439763065428;6.9611272301983717625e-09;
4894992.9995333440602;6.9592687168551492505e-09;
4895326.3550903815776;7.0851435829411002487e-09;
4895659.710647419095;6.8070984404755563446e-09;
4895993.0662044566125;7.1410117818970775261e-09;
4896326.4217614941299;6.7248127066932283924e-09;
4896659.7773185316473;7.0349628344956727233e-09;
4896993.1328755691648;7.1615771091160240758e-09;
4897326.4884326066822;6.6572374279871837643e-09;
4897659.8439896441996;7.1147288061013114202e-09;
4897993.199546681717;6.9474812569580990385e-09;
4898326.5551037192345;7.0433343601905562537e-09;
4898659.9106607567519;6.7091070476976710779e-09;
4898993.2662177942693;7.3674497613751555036e-09;
4899326.6217748317868;6.9469932029164738196e-09;
4899659.9773318693042;6.820349174319062513e-09;
4899993.3328889068216;7.3265487010587548866e-09;
4900326.688445944339;7.0203207691577063088e-09;
4900660.0440029818565;6.9675016867165595613e-09;
4900993.3995600193739;7.0284897901728982106e-09;
4901326.7551170568913;8.8264542341676133219e-09;
4901660.1106740944088;7.5681176880948441976e-09;
4901993.4662311319262;7.1595396278212319885e-09;
4902326.8217881694436;7.2558195007843551139e-09;
4902660.177345206961;7.0101413562895231735e-09;
4902993.5329022444785;7.3640853415213314292e-09;
4903326.8884592819959;7.2223991232078788016e-09;
4903660.2440163195133;6.7328982389369684824e-09;
4903993.5995733570307;7.4100761082718236139e-09;
4904326.9551303945482;7.2815238283396865882e-09;
4904660.3106874320656;6.7529408731559215084e-09;
4904993.666244469583;7.1240338073152997822e-09;
4905327.0218015071005;7.035889648676629804e-09;
4905660.3773585446179;6.8359189420164057083e-09;
4905993.7329155821353;7.026897286266375886e-09;
4906327.0884726196527;6.8116916551730355422e-09;
4906660.4440296571702;6.9203296426678662101e-09;
4906993.7995866946876;7.0480750125057056721e-09;
4907327.155143732205;7.0703847221409432677e-09;
4907660.5107007697225;7.2269679129988162458e-09;
4907993.8662578072399;7.1889552089032804361e-09;
4908327.2218148447573;7.1850414506968718342e-09;
4908660.5773718822747;7.0858652279071066005e-09;
4908993.9329289197922;6.9364931576387789391e-09;
4909327.2884859573096;6.9486896236981010588e-09;
4909660.644042994827;6.9060113183638804912e-09;
4909993.9996000323445;7.6624040445949503919e-09;
4910327.3551570698619;6.7129031222634694132e-09;
4910660.7107141073793;6.8072298908816719631e-09;
4910994.0662711448967;7.0494867721038190211e-09;
4911327.4218281824142;6.664972573844352155e-09;
4911660.7773852199316;7.1165038306730821205e-09;
4911994.132942257449;7.2747217139124131791e-09;
4912327.4884992949665;6.7326850761162404524e-09;
4912660.8440563324839;7.0083063796744227147e-09;
4912994.1996133700013;6.9666570290394247422e-09;
4913327.5551704075187;6.9717867035024028155e-09;
4913660.9107274450362;6.5424350381704243773e-09;
4913994.2662844825536;7.0218129089028025192e-09;
4914327.621841520071;6.9208159203526520287e-09;
4914660.9773985575885;6.4570842006617112929e-09;
4914994.3329555951059;7.4083450485318280698e-09;
4915327.6885126326233;7.1025278991498907999e-09;
4915661.0440696701407;6.9353967013796591345e-09;
4915994.3996267076582;6.8051133617075265647e-09;
4916327.7551837451756;6.7195928821206507564e-09;
4916661.110740782693;7.5845019154030524078e-09;
4916994.4662978202105;7.3155650426315332879e-09;
4917327.8218548577279;6.9837629013136393041e-09;
4917661.1774118952453;7.1554908664950289676e-09;
4917994.5329689327627;7.2331789446877792216e-09;
4918327.8885259702802;7.1484800301391260291e-09;
4918661.2440830077976;7.0205672386691730935e-09;
4918994.599640045315;6.6810090793012477661e-09;
4919327.9551970828325;6.7219780852667554427e-09;
4919661.3107541203499;6.9773493649449846998e-09;
4919994.6663111578673;7.5902599760979683197e-09;
4920328.0218681953847;7.052372463789424728e-09;
4920661.3774252329022;6.7781731338811823662e-09;
4920994.7329822704196;6.8166237099376303377e-09;
4921328.088539307937;7.3134835965049660444e-09;
4921661.4440963454545;7.3479196061043694499e-09;
4921994.7996533829719;7.0294654541669387982e-09;
4922328.1552104204893;6.8427552513128375722e-09;
4922661.5107674580067;7.5589365877704040031e-09;
4922994.8663244955242;7.0035186539030291897e-09;
4923328.2218815330416;6.8891923277192290698e-09;
4923661.577438570559;6.8360388461030652252e-09;
4923994.9329956080765;6.7734711173272899032e-09;
4924328.2885526455939;7.0298482590658295521e-09;
4924661.6441096831113;7.7604829229471761209e-09;
4924994.9996667206287;6.9441745687015554722e-09;
4925328.3552237581462;6.3787495285794193478e-09;
4925661.7107807956636;6.9255592372030605475e-09;
4925995.066337833181;7.5855677295066925581e-09;
4926328.4218948706985;6.9020695825372513355e-09;
4926661.7774519082159;7.4752009027179155964e-09;
4926995.1330089457333;6.9798993251879437594e-09;
4927328.4885659832507;6.5596976739357160113e-09;
4927661.8441230207682;6.8041332568213874765e-09;
4927995.1996800582856;7.0061276780108983075e-09;
4928328.555237095803;7.3178529902406808105e-09;
4928661.9107941333205;7.1309953497689093638e-09;
4928995.2663511708379;7.2150689867100936681e-09;
4929328.6219082083553;6.4937935029263371689e-09;
4929661.9774652458727;6.7334302578103688575e-09;
4929995.3330222833902;7.2487740254700838705e-09;
4930328.6885793209076;7.2674666284910927061e-09;
4930662.044136358425;7.1750010377513717685e-09;
4930995.3996933959424;7.0450298927937637927e-09;
4931328.7552504334599;7.0368288973554626864e-09;
4931662.1108074709773;7.1851173899517561949e-09;
4931995.4663645084947;7.0453145539772776829e-09;
4932328.8219215460122;6.9462240404050135112e-09;
4932662.1774785835296;7.1190795480902124837e-09;
4932995.533035621047;7.1746608654166266206e-09;
4933328.8885926585644;6.9424301862852644263e-09;
4933662.2441496960819;6.7541625625722190307e-09;
4933995.5997067335993;7.1023533720904197253e-09;
4934328.9552637711167;7.0356422909867433191e-09;
4934662.3108208086342;6.9095302812627323874e-09;
4934995.6663778461516;7.0350121283979660802e-09;
4935329.021934883669;6.9544414671440790698e-09;
4935662.3774919211864;7.2494619196561416175e-09;
4935995.7330489587039;6.8829382193769106379e-09;
4936329.0886059962213;7.2794263950015647424e-09;
4936662.4441630337387;7.3393402466592760902e-09;
4936995.7997200712562;6.8246994722187537263e-09;
4937329.1552771087736;7.0848074074092437513e-09;
4937662.510834146291;7.4375678948968015902e-09;
4937995.8663911838084;6.999201662694076731e-09;
4938329.2219482213259;6.9106471656255052949e-09;
4938662.5775052588433;7.0378676220173019829e-09;
4938995.9330622963607;7.4690316154146785266e-09;
4939329.2886193338782;7.3709838233071423019e-09;
4939662.6441763713956;6.9501910893166041205e-09;
4939995.999733408913;6.9374315181391921215e-09;
4940329.3552904464304;6.8351502235941552499e-09;
4940662.7108474839479;7.0496972703892879508e-09;
4940996.0664045214653;6.9064478580571631028e-09;
4941329.4219615589827;7.1540955381976800709e-09;
4941662.7775185965002;6.7003673720478218456e-09;
4941996.1330756340176;7.2247972049410691397e-09;
4942329.488632671535;7.1378010169098615734e-09;
4942662.8441897090524;7.3205659312236548431e-09;
4942996.1997467465699;7.2505570436476318719e-09;
4943329.5553037840873;6.5783232194860374875e-09;
4943662.9108608216047;7.6769559598233172437e-09;
4943996.2664178591222;6.8033800815214817703e-09;
4944329.6219748966396;7.2365216041703206429e-09;
4944662.977531934157;7.0734036405895039934e-09;
4944996.3330889716744;7.210444241678715116e-09;
4945329.6886460091919;6.7144600990332037327e-09;
4945663.0442030467093;7.2157790853566439182e-09;
4945996.3997600842267;7.175883443011343843e-09;
4946329.7553171217442;6.8031056343897944316e-09;
4946663.1108741592616;7.1820003277878186054e-09;
4946996.466431196779;6.6836149947846479336e-09;
4947329.8219882342964;7.184713268770792638e-09;
4947663.1775452718139;6.9444308081756389583e-09;
4947996.5331023093313;6.5643437352491673664e-09;
4948329.8886593468487;6.5683578576170020824e-09;
4948663.2442163843662;6.991066836548043284e-09;
4948996.5997734218836;6.8653434048826511571e-09;
4949329.955330459401;7.4588957232890606974e-09;
4949663.3108874969184;7.0259096318636693468e-09;
4949996.6664445344359;6.9904282362642788939e-09;
4950330.0220015719533;7.2730990119396210503e-09;
4950663.3775586094707;7.0421712905499589397e-09;
4950996.7331156469882;7.2391408423300163122e-09;
4951330.0886726845056;7.603191853888802143e-09;
4951663.444229722023;7.4729165078224468743e-09;
4951996.7997867595404;6.9974803729166978883e-09;
4952330.1553437970579;6.5138108240603287413e-09;
4952663.5109008345753;7.1056480699382973398e-09;
4952996.8664578720927;7.0110401928502597002e-09;
4953330.2220149096102;7.0422703224437555036e-09;
4953663.5775719471276;7.2350854196656655404e-09;
4953996.933128984645;6.9784036327291687485e-09;
4954330.2886860221624;6.694249599092927383e-09;
4954663.6442430596799;7.2016588248402513273e-09;
4954996.9998000971973;6.9862293727851465519e-09;
4955330.3553571347147;7.3950174872550178407e-09;
4955663.7109141722322;7.1275763069422737317e-09;
4955997.0664712097496;7.1829084902219619835e-09;
4956330.422028247267;7.1839183490851610259e-09;
4956663.7775852847844;6.9830026205863759969e-09;
4956997.1331423223019;7.2357968505798453407e-09;
4957330.4886993598193;7.1149788283264570055e-09;
4957663.8442563973367;7.2293042663318374252e-09;
4957997.1998134348541;6.8924124185798518738e-09;
4958330.5553704723716;7.3933157374028724007e-09;
4958663.910927509889;7.1638295295883835934e-09;
4958997.2664845474064;6.981456746046887929e-09;
4959330.6220415849239;7.1514820731977124524e-09;
4959663.9775986224413;7.241862665097187346e-09;
4959997.3331556599587;7.247373812191426623e-09;
4960330.6887126974761;7.3913417608650888724e-09;
4960664.0442697349936;7.1449144378732398764e-09;
4960997.399826772511;7.0538348495574609842e-09;
4961330.7553838100284;7.126812473501331624e-09;
4961664.1109408475459;7.0856538414432179707e-09;
4961997.4664978850633;7.0145143027389167401e-09;
4962330.8220549225807;7.1258110523331197328e-09;
4962664.1776119600981;7.4163923891035210545e-09;
4962997.5331689976156;7.1384529398699214653e-09;
4963330.888726035133;7.0464407642134574417e-09;
4963664.2442830726504;6.6999317205329589342e-09;
4963997.5998401101679;6.8620158444332446379e-09;
4964330.9553971476853;7.3091936947378144396e-09;
4964664.3109541852027;7.3061765526460931142e-09;
4964997.6665112227201;7.1119918843010054843e-09;
4965331.0220682602376;7.1101058374267722684e-09;
4965664.377625297755;7.0732171231213669671e-09;
4965997.7331823352724;7.3849300008532736683e-09;
4966331.0887393727899;7.0664234463890807092e-09;
4966664.4442964103073;7.2358479208389780979e-09;
4966997.7998534478247;7.1266499368505265011e-09;
4967331.1554104853421;6.7303083106651229173e-09;
4967664.5109675228596;7.2490800029356705636e-09;
4967997.866524560377;7.3582531179283705569e-09;
4968331.2220815978944;7.1107302268558214564e-09;
4968664.5776386354119;7.1009558233470215782e-09;
4968997.9331956729293;7.0786740913320045365e-09;
4969331.2887527104467;7.3123658239637734368e-09;
4969664.6443097479641;7.0746088987050370633e-09;
4969997.9998667854816;7.2248607096980776987e-09;
4970331.355423822999;7.1757573216757464252e-09;
4970664.7109808605164;7.2064931799786791089e-09;
4970998.0665378980339;7.3743127160241783713e-09;
4971331.4220949355513;6.8565930710917655233e-09;
4971664.7776519730687;7.0539956098514267069e-09;
4971998.1332090105861;7.071117469337195871e-09;
4972331.4887660481036;7.0218377778985541227e-09;
4972664.844323085621;7.538567103893001331e-09;
4972998.1998801231384;7.7076585114355111727e-09;
4973331.5554371606559;1.406611893628451071e-08;
4973664.9109941981733;1.1047247561180029152e-08;
4973998.2665512356907;7.3308359382906473911e-09;
4974331.6221082732081;6.8938899033810230321e-09;
4974664.9776653107256;7.0479013736246542976e-09;
4974998.333222348243;7.2495764946722829336e-09;
4975331.6887793857604;6.7019332306017531664e-09;
4975665.0443364232779;7.2545960350112181914e-09;
4975998.3998934607953;6.952364905998820177e-09;
4976331.7554504983127;7.3173000991744174826e-09;
4976665.1110075358301;6.8874257408424455207e-09;
4976998.4665645733476;7.2426136199510438018e-09;
4977331.822121610865;6.5078973321419653075e-09;
4977665.1776786483824;7.0547145902821739583e-09;
4977998.5332356858999;6.8787557871985427482e-09;
4978331.8887927234173;7.1452657124382312759e-09;
4978665.2443497609347;6.9560543991542544973e-09;
4978998.5999067984521;7.3311707815548743383e-09;
4979331.9554638359696;6.8876437886444819014e-09;
4979665.311020873487;7.1263244194597064052e-09;
4979998.6665779110044;6.7768635148013345315e-09;
4980332.0221349485219;6.552787201741239187e-09;
4980665.3776919860393;7.3611752249291839689e-09;
4980998.7332490235567;7.0357040193869124778e-09;
4981332.0888060610741;6.8820074083930649067e-09;
4981665.4443630985916;7.203898366725525193e-09;
4981998.799920136109;7.1567729520438660984e-09;
4982332.1554771736264;7.1431949244527004339e-09;
4982665.5110342111439;6.9881687103645617754e-09;
4982998.8665912486613;7.1367978193848102819e-09;
4983332.2221482861787;7.2889210223081590811e-09;
4983665.5777053236961;7.1343788654587569908e-09;
4983998.9332623612136;7.0755161729607607413e-09;
4984332.288819398731;6.8935146479986997292e-09;
4984665.6443764362484;7.0501307014581016119e-09;
4984998.9999334737659;6.6677712240448272496e-09;
4985332.3554905112833;6.3991878462843487796e-09;
4985665.7110475488007;6.6750494021050599258e-09;
4985999.0666045863181;7.1248473787477450969e-09;
4986332.4221616238356;7.4005535033450087212e-09;
4986665.777718661353;6.7314314122768337256e-09;
4986999.1332756988704;7.2603714151853182557e-09;
4987332.4888327363878;7.4525301485550698999e-09;
4987665.8443897739053;6.9343490949336228368e-09;
4987999.1999468114227;7.0565864263016919722e-09;
4988332.5555038489401;7.0198642454499804444e-09;
4988665.9110608864576;7.1384529398699214653e-09;
4988999.266617923975;6.902506122230533947e-09;
4989332.6221749614924;7.1522987532546267175e-09;
4989665.9777319990098;6.8673582376277408912e-09;
4989999.3332890365273;6.8106267292478150921e-09;
4990332.6888460740447;6.9218373255353071727e-09;
4990666.0444031115621;6.7783161306067540863e-09;
4990999.3999601490796;7.0188161949147342966e-09;
4991332.755517186597;6.7912124812607999047e-09;
4991666.1110742241144;6.8916374829086635145e-09;
4991999.4666312616318;6.8176655432239385846e-09;
4992332.8221882991493;7.0644872174341344362e-09;
4992666.1777453366667;7.2980439469461089175e-09;
4992999.5333023741841;7.2726260569311307336e-09;
4993332.8888594117016;7.3322525828700690909e-09;
4993666.244416449219;6.9440035943557631981e-09;
4993999.5999734867364;7.116266242945812337e-09;
4994332.9555305242538;7.3042771830955643964e-09;
4994666.3110875617713;7.0208510116742672835e-09;
4994999.6666445992887;7.2642629689312343544e-09;
4995333.0222016368061;7.12118097823122298e-09;
4995666.3777586743236;7.0445596023205325764e-09;
4995999.733315711841;6.9086807386042892176e-09;
4996333.0888727493584;7.2030759135088828771e-09;
4996666.4444297868758;6.6505863038912593765e-09;
4996999.7999868243933;7.0918928507524015004e-09;
4997333.1555438619107;6.5284857519998240605e-09;
4997666.5111008994281;6.9670975655355960043e-09;
4997999.8666579369456;6.428460430640825507e-09;
4998333.222214974463;6.7651111379518624744e-09;
4998666.5777720119804;6.9693624205058313237e-09;
4998999.9333290494978;6.9964234405972547393e-09;
4999333.2888860870153;6.7234187106635090458e-09;
4999666.6444431245327;6.9121770529534387606e-09;
5000000.0000001620501;7.573943250349657319e-09;
