Type;FSVA3030;
Version;2.20SP2;
Date;07.Apr 2026;
Mode;ANALYZER;
Preamplifier;ON;
Transducer;OFF;
Center Freq;2500000.000000;Hz
Freq Offset;0.000000;Hz
Start;0.000000;Hz
Stop;5000000.000000;Hz
Span;5000000.000000;Hz
Ref Level;0.000078;V
Level Offset;0.000000;dB
Rf Att;0.000000;dB
El Att;0.000000;dB
RBW;1.000000;Hz
VBW;50000.000000;Hz
SWT;58.600000;s
Sweep Count;0;
Window;1;Frequency Sweep
Ref Position;93.000000;%
Level Range;120.000000;dB
x-Axis;LIN;
y-Axis;LOG;
x-Unit;Hz;
y-Unit;V;
Trace;1;
Trace Mode;CLR/WRITE;
Detector;RMS;
Values;15000;
0;9.7607596671878127381e-07;
333.35555703713578168;1.5904547012723924126e-08;
666.71111407427156337;9.7591827952214771358e-09;
1000.0666711114073451;1.3734184456382081407e-08;
1333.4222281485431267;2.1539324990271779825e-08;
1666.7777851856790221;3.2482489586982410401e-08;
2000.1333422228149175;4.130296815674228128e-08;
2333.4888992599508128;5.117416179700740031e-08;
2666.8444562970867082;5.8909154887487602537e-08;
3000.2000133342226036;6.3834576735644077417e-08;
3333.555570371358499;6.8916982343125710031e-08;
3666.9111274084943943;6.4764307694531453308e-08;
4000.2666844456302897;6.3303126296432310482e-08;
4333.6222414827661851;6.3587229703898628941e-08;
4666.9777985199016257;5.7968996713952947175e-08;
5000.3333555570370663;5.7746810000480763847e-08;
5333.6889125941725069;5.4659391679479085724e-08;
5667.0444696313079476;5.7998946090265235398e-08;
6000.4000266684433882;5.1006864509872684721e-08;
6333.7555837055788288;5.0793868666687558289e-08;
6667.1111407427142694;4.9956366154901843402e-08;
7000.4666977798497101;5.186963036862834997e-08;
7333.8222548169851507;5.6430963013553991914e-08;
7667.1778118541205913;5.1802974354586694972e-08;
8000.5333688912560319;5.0719059174753056141e-08;
8333.8889259283914726;4.8437467370376907638e-08;
8667.2444829655269132;4.8476199054903190699e-08;
9000.6000400026623538;4.7276738968093923177e-08;
9333.9555970397977944;4.7675570158389746211e-08;
9667.311154076933235;4.6518060514699755004e-08;
10000.666711114068676;4.7618065934784681303e-08;
10334.022268151204116;4.5181419494610963739e-08;
10667.377825188339557;4.5840035767241715803e-08;
11000.733382225474998;4.6515772567090607481e-08;
11334.088939262610438;4.7102567179990728619e-08;
11667.444496299745879;4.3330633303639842779e-08;
12000.800053336881319;4.4841797830486029852e-08;
12334.15561037401676;4.8320437429083540337e-08;
12667.511167411152201;4.5127240611009256099e-08;
13000.866724448287641;4.3223359114108461654e-08;
13334.222281485423082;4.6484323945605865447e-08;
13667.577838522558523;4.3965822982272584341e-08;
14000.933395559693963;4.3513018965768424096e-08;
14334.288952596829404;4.3108020264526203391e-08;
14667.644509633964844;4.3639023061814441462e-08;
15001.000066671100285;4.2016875312356205541e-08;
15334.355623708235726;4.050345481232398015e-08;
15667.711180745371166;4.1894157476463078638e-08;
16001.066737782506607;4.1918305271337885642e-08;
16334.422294819642048;4.1588087640320736682e-08;
16667.777851856779307;4.2006174538755658432e-08;
17001.133408893914748;4.2740268213492527138e-08;
17334.488965931050188;4.3046647135724924738e-08;
17667.844522968185629;3.9720529088071998558e-08;
18001.20008000532107;3.7170273969877598574e-08;
18334.55563704245651;3.857053343381267041e-08;
18667.911194079591951;4.1905124703589535784e-08;
19001.266751116727391;3.9312826771720210672e-08;
19334.622308153862832;3.9438305066141765565e-08;
19667.977865190998273;3.6668350134050342604e-08;
20001.333422228133713;4.0775457677000304102e-08;
20334.688979265269154;3.8068087349074630765e-08;
20668.044536302404595;4.0041474136387478211e-08;
21001.400093339540035;4.1461522215513468836e-08;
21334.755650376675476;3.754130872835048649e-08;
21668.111207413810916;3.7848234768489419366e-08;
22001.466764450946357;4.052331092907479615e-08;
22334.822321488081798;3.968579420643436606e-08;
22668.177878525217238;3.6012473003665945726e-08;
23001.533435562352679;3.9257823658545021317e-08;
23334.88899259948812;3.6729918662103955285e-08;
23668.24454963662356;3.7050774892577464925e-08;
24001.600106673759001;4.0042809956730707199e-08;
24334.955663710894441;3.7212416259535530116e-08;
24668.311220748029882;3.578399443426860671e-08;
25001.666777785165323;3.5081633598110784078e-08;
25335.022334822300763;3.7654054096947220387e-08;
25668.377891859436204;3.5886163374243551516e-08;
26001.733448896571645;3.4310382091007340932e-08;
26335.089005933707085;3.5936128739422201761e-08;
26668.444562970842526;3.5974849765807448421e-08;
27001.800120007977966;3.4100427370731267729e-08;
27335.155677045113407;3.5076947568768446217e-08;
27668.511234082248848;3.4604688892159174429e-08;
28001.866791119384288;3.6155924476588552352e-08;
28335.222348156519729;3.3571829760603577597e-08;
28668.57790519365517;3.2675650629698793637e-08;
29001.93346223079061;3.4940232040980845341e-08;
29335.289019267926051;3.5308353574237116845e-08;
29668.644576305061491;3.8004273505976016168e-08;
30002.000133342196932;3.8478017216903026565e-08;
30335.355690379332373;3.6246738943646050757e-08;
30668.711247416467813;3.3720247927249147324e-08;
31002.066804453603254;3.4732646980728532071e-08;
31335.422361490738695;3.6167040917689519119e-08;
31668.777918527874135;3.3888785111457764287e-08;
32002.133475565009576;3.3413556366213015281e-08;
32335.489032602145016;3.3280752376185773755e-08;
32668.844589639280457;3.3184132774977115332e-08;
33002.200146676419536;3.4133812221170956036e-08;
33335.555703713558614;3.4135972271087666741e-08;
33668.911260750697693;3.8562742332715060911e-08;
34002.266817787836771;3.9082905800569278654e-08;
34335.62237482497585;3.9950485586359718582e-08;
34668.977931862114929;3.8973343663428750006e-08;
35002.333488899254007;4.5626087796790670836e-08;
35335.689045936393086;5.966549565528111998e-08;
35669.044602973532164;8.1672922647157975007e-08;
36002.400160010671243;8.1522692596536217025e-08;
36335.755717047810322;9.8237030954351212131e-08;
36669.1112740849494;8.6525567155604221625e-08;
37002.466831122088479;9.9864294611506920774e-08;
37335.822388159227557;9.8263008396770601394e-08;
37669.177945196366636;7.7782260632375255227e-08;
38002.533502233505715;6.1593482314492575824e-08;
38335.889059270644793;5.206636899401928531e-08;
38669.244616307783872;5.7969405276026009233e-08;
39002.60017334492295;5.8936688418498306419e-08;
39335.955730382062029;6.7193688835232023848e-08;
39669.311287419201108;9.0325613655295455828e-08;
40002.666844456340186;9.920369592464339803e-08;
40336.022401493479265;1.0001589600960869575e-07;
40669.377958530618344;9.2653884564697364112e-08;
41002.733515567757422;9.6754085632255737437e-08;
41336.089072604896501;9.0160419574658590136e-08;
41669.444629642035579;8.5858729903520725202e-08;
42002.800186679174658;8.0059734841597673949e-08;
42336.155743716313737;5.1027388536795115215e-08;
42669.511300753452815;3.2719132292413632968e-08;
43002.866857790591894;3.109864010752971808e-08;
43336.222414827730972;3.038792684151303547e-08;
43669.577971864870051;3.130126913220010465e-08;
44002.93352890200913;3.215325961036796798e-08;
44336.289085939148208;3.2318734355385458912e-08;
44669.644642976287287;3.0055630872993788216e-08;
45003.000200013426365;3.1548477608112079906e-08;
45336.355757050565444;2.7328784568680930533e-08;
45669.711314087704523;2.7859185181000611919e-08;
46003.066871124843601;2.9361947539996435808e-08;
46336.42242816198268;2.7380538725196856831e-08;
46669.777985199121758;2.8333600354812915612e-08;
47003.133542236260837;2.765628259737695771e-08;
47336.489099273399916;2.960678635588465113e-08;
47669.844656310538994;2.7966965632231222116e-08;
48003.200213347678073;2.9620572661315236473e-08;
48336.555770384817151;2.9459702233225470991e-08;
48669.91132742195623;2.5918010848613448616e-08;
49003.266884459095309;2.6700757160824650782e-08;
49336.622441496234387;2.7492118803706944163e-08;
49669.977998533373466;2.8681453656531630259e-08;
50003.333555570512544;2.7660849610811055754e-08;
50336.689112607651623;2.6340901015942108643e-08;
50670.044669644790702;2.7727745433026029787e-08;
51003.40022668192978;2.5675154446958003973e-08;
51336.755783719068859;2.5651530677350820042e-08;
51670.111340756207937;2.6520265095086870133e-08;
52003.466897793347016;2.6028521560306216998e-08;
52336.822454830486095;2.7038725036732103035e-08;
52670.178011867625173;2.7959154991208379215e-08;
53003.533568904764252;2.7176444206133965054e-08;
53336.88912594190333;2.6782686290971469134e-08;
53670.244682979042409;2.5437836725927809312e-08;
54003.600240016181488;2.7312850647831510287e-08;
54336.955797053320566;2.724925352026730252e-08;
54670.311354090459645;2.6760112348256370751e-08;
55003.666911127598723;2.7053216555827930279e-08;
55337.022468164737802;2.6043204925940699468e-08;
55670.378025201876881;2.6393520258238822862e-08;
56003.733582239015959;2.6544736186906447983e-08;
56337.089139276155038;2.7687102388540552056e-08;
56670.444696313294116;2.5531271319323423086e-08;
57003.800253350433195;2.6926953111683360476e-08;
57337.155810387572274;2.7516712464148440631e-08;
57670.511367424711352;2.7715376660353285843e-08;
58003.866924461850431;2.6552150700354104629e-08;
58337.222481498989509;2.5096060340956682921e-08;
58670.578038536128588;2.5722467711375429644e-08;
59003.933595573267667;2.6224594051882377244e-08;
59337.289152610406745;2.48505145350463863e-08;
59670.644709647545824;2.675357890780105663e-08;
60004.000266684684902;2.5099014422380605538e-08;
60337.355823721823981;2.726060088775739132e-08;
60670.71138075896306;2.4025837319641141221e-08;
61004.066937796102138;2.9413005364631317207e-08;
61337.422494833241217;2.5068343845191520813e-08;
61670.778051870380295;2.7985935346919177391e-08;
62004.133608907519374;2.6664007890531138401e-08;
62337.489165944658453;3.0314616594750987133e-08;
62670.844722981797531;3.0984775634124162025e-08;
63004.20028001893661;3.0226075864447921049e-08;
63337.555837056075688;2.5509214296448590176e-08;
63670.911394093214767;2.6455028390159895935e-08;
64004.266951130353846;2.689371925157502119e-08;
64337.622508167492924;2.939849075289657776e-08;
64670.978065204632003;2.9260766254424197541e-08;
65004.333622241771081;2.4747047078221839911e-08;
65337.68917927891016;2.4088215866413520416e-08;
65671.044736316049239;2.5959705496347851295e-08;
66004.400293353188317;2.6200419611654979235e-08;
66337.755850390327396;2.5205501685832132353e-08;
66671.111407427466474;2.672450172269691393e-08;
67004.466964464605553;2.9558975711552193388e-08;
67337.822521501744632;3.2948697992196684936e-08;
67671.17807853888371;3.0573843901038344484e-08;
68004.533635576022789;3.1590793980740272673e-08;
68337.889192613161867;3.484363020334058092e-08;
68671.244749650300946;3.3788083442232164089e-08;
69004.600306687440025;3.1307980208339358796e-08;
69337.955863724579103;4.2685190493330082973e-08;
69671.311420761718182;3.0416554608336809906e-08;
70004.66697779885726;4.1839143705146852881e-08;
70338.022534835996339;3.6167485006899369182e-08;
70671.378091873135418;5.56606458701480733e-08;
71004.733648910274496;4.3927840920332528185e-08;
71338.089205947413575;5.4136854998887429247e-08;
71671.444762984552654;5.8738645947187251295e-08;
72004.800320021691732;6.8673941200358967762e-08;
72338.155877058830811;6.3902007241267710924e-08;
72671.511434095969889;5.9066977087240957189e-08;
73004.866991133108968;6.9259364465779071907e-08;
73338.222548170248047;6.0965128056977846427e-08;
73671.578105207387125;5.9939480934190214612e-08;
74004.933662244526204;6.5660962889069196535e-08;
74338.289219281665282;6.4890265605299646268e-08;
74671.644776318804361;7.0133069129951763898e-08;
75005.00033335594344;6.2044492210588941816e-08;
75338.355890393082518;5.8983815165447595064e-08;
75671.711447430221597;4.9385960210202028975e-08;
76005.067004467360675;4.2522110277332103578e-08;
76338.422561504499754;3.6993995422562875319e-08;
76671.778118541638833;3.3325449066978762858e-08;
77005.133675578777911;3.2740061328695446718e-08;
77338.48923261591699;2.9978799886976048583e-08;
77671.844789653056068;3.1606280259666164056e-08;
78005.200346690195147;3.4151387495739982114e-08;
78338.555903727334226;3.7439619404722179752e-08;
78671.911460764473304;4.3933397364526172169e-08;
79005.267017801612383;4.8665192764474340947e-08;
79338.622574838751461;5.5951321797920172685e-08;
79671.97813187589054;5.6902020872939829133e-08;
80005.333688913029619;6.2005916845464525977e-08;
80338.689245950168697;6.3989631371441646479e-08;
80672.044802987307776;5.7278015219708322547e-08;
81005.400360024446854;5.9338528757280073478e-08;
81338.755917061585933;6.0919305155948677566e-08;
81672.111474098725012;5.8880079478740299237e-08;
82005.46703113586409;5.2258620542033895617e-08;
82338.822588173003169;5.5316352387535516755e-08;
82672.178145210142247;5.6627989408752910094e-08;
83005.533702247281326;4.9117051759139940259e-08;
83338.889259284420405;5.1848950022304052254e-08;
83672.244816321559483;4.6596248637342796428e-08;
84005.600373358698562;4.3391800375047751004e-08;
84338.95593039583764;4.2334281857847599895e-08;
84672.311487432976719;3.7210909908935718704e-08;
85005.667044470115798;2.5679801396449875028e-08;
85339.022601507254876;2.3384112424196246138e-08;
85672.378158544393955;2.1628963509101595264e-08;
86005.733715581533033;2.2873239302612091706e-08;
86339.089272618672112;2.1778346237510959327e-08;
86672.444829655811191;2.203340621065308369e-08;
87005.800386692950269;2.2189832193930669746e-08;
87339.155943730089348;2.1272002825867275533e-08;
87672.511500767228426;2.0682637824620542233e-08;
88005.867057804367505;2.1174876962959388038e-08;
88339.222614841506584;2.069772087054388976e-08;
88672.578171878645662;2.2346464234601626231e-08;
89005.933728915784741;2.222057027267965168e-08;
89339.289285952923819;2.4112560836897500849e-08;
89672.644842990062898;2.2667235199946844659e-08;
90006.000400027201977;2.2299992963326076278e-08;
90339.355957064341055;2.1372612124537226919e-08;
90672.711514101480134;2.1736530797511477431e-08;
91006.067071138619212;2.080453143094018742e-08;
91339.422628175758291;2.0689832069820113247e-08;
91672.77818521289737;2.2431459356653249415e-08;
92006.133742250036448;2.0246677223667575163e-08;
92339.489299287175527;2.0026154956553909869e-08;
92672.844856324314605;2.0532436195708214655e-08;
93006.200413361453684;2.1140014183629318723e-08;
93339.555970398592763;2.0019260915660197497e-08;
93672.911527435731841;2.1161453034324040345e-08;
94006.26708447287092;2.0535862788051417738e-08;
94339.622641510009998;2.102184026853137766e-08;
94672.978198547149077;1.9059473999050169368e-08;
95006.333755584288156;2.028673051768237201e-08;
95339.689312621427234;1.9078804314176522894e-08;
95673.044869658566313;2.0815718926314730197e-08;
96006.400426695705391;2.0631107489066380367e-08;
96339.75598373284447;2.0548601042946756934e-08;
96673.111540769983549;2.027807255444713519e-08;
97006.467097807122627;1.923147507909561682e-08;
97339.822654844261706;2.1007405592854411225e-08;
97673.178211881400784;2.0641584441705163044e-08;
98006.533768918539863;1.9712816268224742089e-08;
98339.889325955678942;1.9375221427253563888e-08;
98673.24488299281802;2.0608322159887393354e-08;
99006.600440029957099;2.0710269055257413129e-08;
99339.955997067096177;2.0749380880147327844e-08;
99673.311554104235256;2.0413427392895755474e-08;
100006.66711114137433;2.038332524989527883e-08;
100340.02266817851341;1.9574299514601989358e-08;
100673.37822521565249;2.0599527417175522714e-08;
101006.73378225279157;2.019396205810153333e-08;
101340.08933928993065;2.0520355192843453551e-08;
101673.44489632706973;2.1068830236004032486e-08;
102006.80045336420881;2.0905060793552365794e-08;
102340.15601040134788;2.206652638392370136e-08;
102673.51156743848696;2.0447666670975195302e-08;
103006.86712447562604;2.0425874325269433029e-08;
103340.22268151276512;1.9260653516539605334e-08;
103673.5782385499042;2.0482035623103911348e-08;
104006.93379558704328;2.2847899572298047133e-08;
104340.28935262418236;2.1909777103701344458e-08;
104673.64490966132144;1.9301197085042076651e-08;
105007.00046669846051;2.0168188896718675096e-08;
105340.35602373559959;2.1373026015680807177e-08;
105673.71158077273867;2.1121973503568369779e-08;
106007.06713780987775;2.5170677986352529842e-08;
106340.42269484701683;2.1888041601414442994e-08;
106673.77825188415591;2.5722423302454444638e-08;
107007.13380892129499;2.4752134564209882228e-08;
107340.48936595843406;2.594279102652308211e-08;
107673.84492299557314;2.8012447472747226129e-08;
108007.20048003271222;2.8380677363770701049e-08;
108340.5560370698513;2.6417039222792482178e-08;
108673.91159410699038;2.9075939877998280281e-08;
109007.26715114412946;2.6216579129823003314e-08;
109340.62270818126854;2.5734220088224901701e-08;
109673.97826521840761;2.9183404137711477233e-08;
110007.33382225554669;2.638471308102907642e-08;
110340.68937929268577;2.8329520063152813236e-08;
110674.04493632982485;2.8147264075073508138e-08;
111007.40049336696393;2.8888019087958127784e-08;
111340.75605040410301;2.7383281420156890817e-08;
111674.11160744124209;2.9694868786123151949e-08;
112007.46716447838116;2.9732921902336784115e-08;
112340.82272151552024;2.9360917253029583662e-08;
112674.17827855265932;2.7496659171788451204e-08;
113007.5338355897984;2.6555323273669273476e-08;
113340.88939262693748;2.5784178347976194345e-08;
113674.24494966407656;2.3268389881536677422e-08;
114007.60050670121564;2.2467782301305305737e-08;
114340.95606373835471;2.0706194092667828954e-08;
114674.31162077549379;2.0508174713995686034e-08;
115007.66717781263287;2.0336791806130349869e-08;
115341.02273484977195;1.8694539249963781913e-08;
115674.37829188691103;2.0902637842823423853e-08;
116007.73384892405011;1.9913647619773655606e-08;
116341.08940596118919;2.0632956676536196028e-08;
116674.44496299832826;1.885777933807730733e-08;
117007.80052003546734;1.9072068369041517144e-08;
117341.15607707260642;2.0929901367594538897e-08;
117674.5116341097455;2.0759699737027403899e-08;
118007.86719114688458;2.2795099141603714088e-08;
118341.22274818402366;3.1157096458400701522e-08;
118674.57830522116274;4.3804003979630579124e-08;
119007.93386225830182;3.9651858685374463676e-08;
119341.28941929544089;3.7844380074147920823e-08;
119674.64497633257997;3.721882180229840742e-08;
120008.00053336971905;3.6215041632203792688e-08;
120341.35609040685813;3.7370821104332208051e-08;
120674.71164744399721;3.5955388000274979277e-08;
121008.06720448113629;3.8519409883974731201e-08;
121341.42276151827537;3.5176483947907399852e-08;
121674.77831855541444;3.6616274456946484861e-08;
122008.13387559255352;4.6089059679843558115e-08;
122341.4894326296926;3.5364969619422481628e-08;
122674.84498966683168;2.7342711206301828497e-08;
123008.20054670397076;2.4531534137395283324e-08;
123341.55610374110984;2.2935445542771049077e-08;
123674.91166077824892;2.4461389358521046233e-08;
124008.26721781538799;2.4440771184686127526e-08;
124341.62277485252707;2.3777518620704540808e-08;
124674.97833188966615;2.484335581698360329e-08;
125008.33388892680523;2.400710563676966558e-08;
125341.68944596394431;2.3978822483172734792e-08;
125675.04500300108339;2.0576271353434094635e-08;
126008.40056003822247;2.1803495897643188073e-08;
126341.75611707536154;2.1471285194252232031e-08;
126675.11167411250062;2.1374226832904241746e-08;
127008.4672311496397;1.9746817514487702283e-08;
127341.82278818677878;1.9004341211825703795e-08;
127675.17834522391786;1.7658614126503380248e-08;
128008.53390226105694;1.7319042200369949569e-08;
128341.88945929819602;1.7969581378451948694e-08;
128675.24501633533509;1.8040273275232721062e-08;
129008.60057337247417;2.410214250403441838e-08;
129341.95613040961325;2.2503648722249636194e-08;
129675.31168744675233;1.81192643111671714e-08;
130008.66724448389141;1.7922607398190848471e-08;
130342.02280152103049;1.8684657376866198319e-08;
130675.37835855816957;1.8140125845889087941e-08;
131008.73391559530864;1.7933345475285022985e-08;
131342.08947263244772;1.7916530481443260214e-08;
131675.4450296695868;1.6599676300188548339e-08;
132008.80058670672588;1.8237741983284649905e-08;
132342.15614374386496;1.7571657906501059188e-08;
132675.51170078100404;1.7292258291945472592e-08;
133008.86725781814312;1.6573597605429313262e-08;
133342.22281485528219;1.7373130489772847795e-08;
133675.57837189242127;1.6985849171646805189e-08;
134008.93392892956035;1.7478681613170010678e-08;
134342.28948596669943;1.7762250337227669661e-08;
134675.64504300383851;1.7275649355497080251e-08;
135009.00060004097759;1.7819820286035792378e-08;
135342.35615707811667;1.7734313573214421922e-08;
135675.71171411525575;1.7965636089911640738e-08;
136009.06727115239482;1.7655358064416759589e-08;
136342.4228281895339;1.7748027048014591855e-08;
136675.77838522667298;1.819933537205997709e-08;
137009.13394226381206;2.4383819408058116096e-08;
137342.48949930095114;2.1213562462207846693e-08;
137675.84505633809022;1.6869220686999142345e-08;
138009.2006133752293;1.7292135723323553975e-08;
138342.55617041236837;1.8201797402639385837e-08;
138675.91172744950745;1.7898285520345780242e-08;
139009.26728448664653;1.9308046717014804017e-08;
139342.62284152378561;2.3698286000239932036e-08;
139675.97839856092469;2.134439647250019334e-08;
140009.33395559806377;2.0874859174568882736e-08;
140342.68951263520285;2.4562885059253858344e-08;
140676.04506967234192;1.98965839359743768e-08;
141009.400626709481;1.790394499323610944e-08;
141342.75618374662008;2.3617408473342038633e-08;
141676.11174078375916;2.764918960451723251e-08;
142009.46729782089824;1.7585184863833092095e-08;
142342.82285485803732;1.7174309974166135362e-08;
142676.1784118951764;1.7766836890587001108e-08;
143009.53396893231547;1.7231487348112750624e-08;
143342.88952596945455;1.7518182460207754048e-08;
143676.24508300659363;1.7868533319642665447e-08;
144009.60064004373271;2.9291573611089916085e-08;
144342.95619708087179;1.8096137921475019539e-08;
144676.31175411801087;1.8823621772412479913e-08;
145009.66731115514995;1.8414745284189848462e-08;
145343.02286819228902;1.8423643055598404317e-08;
145676.3784252294281;1.8336850260425308079e-08;
146009.73398226656718;1.7674565810921194497e-08;
146343.08953930370626;1.7477299607548957283e-08;
146676.44509634084534;1.8929805278844469285e-08;
147009.80065337798442;1.7755947823161477572e-08;
147343.1562104151235;1.7844380195697340241e-08;
147676.51176745226257;1.6983641160095430678e-08;
148009.86732448940165;1.7954182141011187923e-08;
148343.22288152654073;1.8587195782515664177e-08;
148676.57843856367981;1.8455777350823154848e-08;
149009.93399560081889;1.8531506995600466325e-08;
149343.28955263795797;1.9291501729412630084e-08;
149676.64510967509705;1.9140303564313398965e-08;
150010.00066671223613;1.8802834844677818182e-08;
150343.3562237493752;1.8126618428482288436e-08;
150676.71178078651428;1.7588336120866188139e-08;
151010.06733782365336;1.7850085853865493846e-08;
151343.42289486079244;2.3388466274809616152e-08;
151676.77845189793152;1.7012396824611641932e-08;
152010.1340089350706;1.7133507057565111609e-08;
152343.48956597220968;1.7141214669891269295e-08;
152676.84512300934875;1.7147117503668596328e-08;
153010.20068004648783;1.6396827007270076138e-08;
153343.55623708362691;1.7182911093982511375e-08;
153676.91179412076599;1.6583879158815761912e-08;
154010.26735115790507;1.552194639486970118e-08;
154343.62290819504415;1.7279928599123195454e-08;
154676.97846523218323;1.6556748860807601886e-08;
155010.3340222693223;1.4835077166708288132e-08;
155343.68957930646138;1.9886345015152073756e-08;
155677.04513634360046;1.6742212949338863837e-08;
156010.40069338073954;1.6831567251074375235e-08;
156343.75625041787862;1.5634890715432447905e-08;
156677.1118074550177;1.7284756737012685335e-08;
157010.46736449215678;1.7164266452596166346e-08;
157343.82292152929585;1.7344069291880259698e-08;
157677.17847856643493;1.6586879425517508935e-08;
158010.53403560357401;1.7852970657372679852e-08;
158343.88959264071309;1.7029799792567246186e-08;
158677.24514967785217;1.7667767693296809739e-08;
159010.60070671499125;1.7441260879991205002e-08;
159343.95626375213033;1.7584195433073546155e-08;
159677.3118207892694;1.7070355795567593304e-08;
160010.66737782640848;1.6903394239875524363e-08;
160344.02293486354756;1.796380466601021908e-08;
160677.37849190068664;1.7475642266617796849e-08;
161010.73404893782572;1.6421502380126185017e-08;
161344.0896059749648;1.7174551558696293796e-08;
161677.44516301210388;1.6652220935498007748e-08;
162010.80072004924295;1.7780076078111051174e-08;
162344.15627708638203;1.7140159513928665547e-08;
162677.51183412352111;1.7323666057222908421e-08;
163010.86739116066019;1.6994265550351883576e-08;
163344.22294819779927;1.7081664083207215299e-08;
163677.57850523493835;1.7662088680481247138e-08;
164010.93406227207743;1.768897917031608813e-08;
164344.2896193092165;1.6798807678242155816e-08;
164677.64517634635558;1.6510972145056257432e-08;
165011.00073338349466;1.6064349850353210059e-08;
165344.35629042063374;1.6890600917918163759e-08;
165677.71184745777282;1.7107460337228985736e-08;
166011.0674044949119;1.6547820891332776228e-08;
166344.42296153205098;1.7099019089528155746e-08;
166677.77851856919006;1.7059443635503157566e-08;
167011.13407560632913;1.6232004185212645098e-08;
167344.48963264346821;1.6984238015993469162e-08;
167677.84518968060729;1.6606676922492624726e-08;
168011.20074671774637;1.5725516888664969883e-08;
168344.55630375488545;1.6071972197551076533e-08;
168677.91186079202453;1.5905664341175906884e-08;
169011.26741782916361;1.6159139804017286224e-08;
169344.62297486630268;1.6729511997937152046e-08;
169677.97853190344176;1.5570613243198749842e-08;
170011.33408894058084;1.6137665426185776596e-08;
170344.68964597771992;1.5198237335312114737e-08;
170678.045203014859;1.589840081805959926e-08;
171011.40076005199808;1.5750785564705438446e-08;
171344.75631708913716;1.6371986433227903035e-08;
171678.11187412627623;1.4648720458865227556e-08;
172011.46743116341531;1.5865367686274112202e-08;
172344.82298820055439;1.5804557662590923428e-08;
172678.17854523769347;1.4614021104364383064e-08;
173011.53410227483255;1.55703130388928912e-08;
173344.88965931197163;1.5656851815037953202e-08;
173678.24521634911071;1.5037244338600430638e-08;
174011.60077338624978;1.5609284531592493295e-08;
174344.95633042338886;1.5520038587624185311e-08;
174678.31188746052794;1.5469733938289209618e-08;
175011.66744449766702;1.544166039479932806e-08;
175345.0230015348061;1.5529856511875550495e-08;
175678.37855857194518;1.4701492467850130197e-08;
176011.73411560908426;1.5742736891866115911e-08;
176345.08967264622333;1.4979029572259605629e-08;
176678.44522968336241;1.5481941062489568139e-08;
177011.80078672050149;1.6012114301133806293e-08;
177345.15634375764057;1.5562601873853054713e-08;
177678.51190079477965;1.5650911677766998764e-08;
178011.86745783191873;1.5610519099595876469e-08;
178345.22301486905781;1.611797451062102482e-08;
178678.57857190619688;1.5836324251949918107e-08;
179011.93412894333596;1.6186302076448555454e-08;
179345.28968598047504;1.5590677193699775671e-08;
179678.64524301761412;1.5151291776760444918e-08;
180012.0008000547532;1.7899164816981283366e-08;
180345.35635709189228;1.5370588357654924039e-08;
180678.71191412903136;1.4797154612722351885e-08;
181012.06747116617044;1.5645303719225012173e-08;
181345.42302820330951;1.5528136998455011053e-08;
181678.77858524044859;1.572109731284854206e-08;
182012.13414227758767;1.6814899694850282685e-08;
182345.48969931472675;1.5777343875811311591e-08;
182678.84525635186583;1.6472208486106865166e-08;
183012.20081338900491;1.6480777631500131974e-08;
183345.55637042614399;1.6430966809366509551e-08;
183678.91192746328306;1.5561891331117294612e-08;
184012.26748450042214;1.5540853937068277446e-08;
184345.62304153756122;1.4793282154812459339e-08;
184678.9785985747003;1.5708508271927712485e-08;
185012.33415561183938;1.5595579938576520362e-08;
185345.68971264897846;1.6008064207539973722e-08;
185679.04526968611754;1.6642687228340946604e-08;
186012.40082672325661;1.4393578773308490781e-08;
186345.75638376039569;1.5394611807550973026e-08;
186679.11194079753477;1.5449609591655644181e-08;
187012.46749783467385;1.579570252374651318e-08;
187345.82305487181293;1.5454061141895181208e-08;
187679.17861190895201;1.6094151789047828061e-08;
188012.53416894609109;1.5646046236383881478e-08;
188345.88972598323016;1.5979601641902263509e-08;
188679.24528302036924;1.5464436842194118071e-08;
189012.60084005750832;1.5349865378766480717e-08;
189345.9563970946474;1.5160290800508846587e-08;
189679.31195413178648;1.562322182735442766e-08;
190012.66751116892556;1.481598665975525364e-08;
190346.02306820606464;1.6610615105605575081e-08;
190679.37862524320371;1.5386257601335273648e-08;
191012.73418228034279;1.4704023776346275554e-08;
191346.08973931748187;1.4803238634897297743e-08;
191679.44529635462095;1.5604239678168596583e-08;
192012.80085339176003;1.4377127044440385362e-08;
192346.15641042889911;1.4312388607606862934e-08;
192679.51196746603819;1.3890519845460858051e-08;
193012.86752450317726;1.5134347108869405929e-08;
193346.22308154031634;1.4401166481547988951e-08;
193679.57863857745542;1.5862552160683662805e-08;
194012.9341956145945;1.488279366412825766e-08;
194346.28975265173358;1.4406884574214018357e-08;
194679.64530968887266;1.4731171837922829582e-08;
195013.00086672601174;1.5115295681766838243e-08;
195346.35642376315081;1.4631051925562132965e-08;
195679.71198080028989;1.4863093866779308883e-08;
196013.06753783742897;1.39454838787855806e-08;
196346.42309487456805;1.576216313026179705e-08;
196679.77865191170713;1.4916428980882301403e-08;
197013.13420894884621;1.4488050759098314302e-08;
197346.48976598598529;1.533619986560097459e-08;
197679.84532302312437;1.5492497951186123828e-08;
198013.20088006026344;1.517491909908130765e-08;
198346.55643709740252;1.5762743998948280932e-08;
198679.9119941345416;1.5154059340716230508e-08;
199013.26755117168068;1.6418040260646193929e-08;
199346.62310820881976;1.5769668237908263109e-08;
199679.97866524595884;1.5430108746272708231e-08;
200013.33422228309792;1.5715629686496868089e-08;
200346.68977932023699;1.5126984109770091891e-08;
200680.04533635737607;1.5251300666818679019e-08;
201013.40089339451515;1.5703403022371276165e-08;
201346.75645043165423;1.4526661651359518146e-08;
201680.11200746879331;1.5033968736588576576e-08;
202013.46756450593239;1.5948641518548356544e-08;
202346.82312154307147;1.6208410613671730971e-08;
202680.17867858021054;1.4211070542557990848e-08;
203013.53423561734962;1.4748158250199594477e-08;
203346.8897926544887;1.5054054003371675208e-08;
203680.24534969162778;1.4630255229519661953e-08;
204013.60090672876686;1.5658583762956368446e-08;
204346.95646376590594;1.355122591917279351e-08;
204680.31202080304502;1.5262315855579799972e-08;
205013.66757784018409;1.5444943102238539723e-08;
205347.02313487732317;1.5234242312089918414e-08;
205680.37869191446225;1.4491665645266493812e-08;
206013.73424895160133;1.6122987389621812326e-08;
206347.08980598874041;1.4268305648101886618e-08;
206680.44536302587949;1.5720875268243617029e-08;
207013.80092006301857;1.4574180084991894546e-08;
207347.15647710015764;1.4363267908379384608e-08;
207680.51203413729672;1.4536158055022951885e-08;
208013.8675911744358;1.4683450899610761553e-08;
208347.22314821157488;1.4808779091879387124e-08;
208680.57870524871396;1.4256804625745189696e-08;
209013.93426228585304;1.4946147430805467593e-08;
209347.28981932299212;1.4463384268026402424e-08;
209680.64537636013119;1.4919573132488039846e-08;
210014.00093339727027;1.4936672343424106657e-08;
210347.35649043440935;1.4976661688592685096e-08;
210680.71204747154843;1.4936855308178564883e-08;
211014.06760450868751;1.4434853312650375301e-08;
211347.42316154582659;1.424839179975379011e-08;
211680.77871858296567;1.5235528394441644195e-08;
212014.13427562010475;1.4277031112897020648e-08;
212347.48983265724382;3.2962013563064829214e-08;
212680.8453896943829;1.467349797223960195e-08;
213014.20094673152198;1.5293798227844490611e-08;
213347.55650376866106;1.4579275564585714164e-08;
213680.91206080580014;1.5033256417495977075e-08;
214014.26761784293922;1.4348842114486615174e-08;
214347.6231748800783;1.3757728289931492327e-08;
214680.97873191721737;1.421618911479072267e-08;
215014.33428895435645;1.4369198275687722344e-08;
215347.68984599149553;1.4268656478577668167e-08;
215681.04540302863461;1.4608015241890370817e-08;
216014.40096006577369;3.400143100407149177e-08;
216347.75651710291277;1.4887448607225906017e-08;
216681.11207414005185;1.4921040403237384453e-08;
217014.46763117719092;1.3682672772574733244e-08;
217347.82318821433;1.497321555632424861e-08;
217681.17874525146908;1.4233756395753971447e-08;
218014.53430228860816;1.4056089625569256896e-08;
218347.88985932574724;1.4546018611838462675e-08;
218681.24541636288632;1.4730136221885459236e-08;
219014.6009734000254;1.4515181945284894027e-08;
219347.95653043716447;1.4687269178637052391e-08;
219681.31208747430355;1.3651892061261605704e-08;
220014.66764451144263;1.4797440606173495325e-08;
220348.02320154858171;1.4892837185698226676e-08;
220681.37875858572079;1.4421393856878239603e-08;
221014.73431562285987;1.4724315100522744615e-08;
221348.08987265999895;1.4171805062801468011e-08;
221681.44542969713802;1.4663087632982296782e-08;
222014.8009867342771;1.3698161716035883728e-08;
222348.15654377141618;1.4071976472962433036e-08;
222681.51210080855526;1.4083327393166200636e-08;
223014.86765784569434;1.459562515293555407e-08;
223348.22321488283342;1.412661543298554534e-08;
223681.5787719199725;1.4900845002330243005e-08;
224014.93432895711157;1.5398208930150758533e-08;
224348.28988599425065;1.5028845723463746253e-08;
224681.64544303138973;1.4614534471490969736e-08;
225015.00100006852881;1.4848217766427751485e-08;
225348.35655710566789;1.4383770619019742298e-08;
225681.71211414280697;1.4911554657714987115e-08;
226015.06767117994605;1.4492709254909641459e-08;
226348.42322821708512;1.4464196951280428038e-08;
226681.7787852542242;1.4347909527145930042e-08;
227015.13434229136328;1.4186675834082507208e-08;
227348.48989932850236;1.4660614944261851633e-08;
227681.84545636564144;1.3810274701597791136e-08;
228015.20101340278052;1.5228756922169850441e-08;
228348.5565704399196;1.4153940242067619693e-08;
228681.91212747705868;1.3696910272642526252e-08;
229015.26768451419775;1.3640169882478403451e-08;
229348.62324155133683;1.3192797965189129172e-08;
229681.97879858847591;1.3540113030785505543e-08;
230015.33435562561499;1.4424738736806830275e-08;
230348.68991266275407;1.4003026294062692614e-08;
230682.04546969989315;1.4379450519186320889e-08;
231015.40102673703223;1.427058649028367654e-08;
231348.7565837741713;1.4416328575350689789e-08;
231682.11214081131038;1.3868575621245327056e-08;
232015.46769784844946;1.3544966925849166728e-08;
232348.82325488558854;1.3488690164820127393e-08;
232682.17881192272762;1.4028312733671555179e-08;
233015.5343689598667;1.4973347006730364228e-08;
233348.88992599700578;1.463087251352135354e-08;
233682.24548303414485;1.3737514237277537177e-08;
234015.60104007128393;1.3587197145170648582e-08;
234348.95659710842301;1.3439137802606637706e-08;
234682.31215414556209;1.4382103508125965163e-08;
235015.66771118270117;1.4177830465200713661e-08;
235349.02326821984025;1.3721138003575106268e-08;
235682.37882525697933;1.33915794009453748e-08;
236015.7343822941184;1.3636648255044292455e-08;
236349.08993933125748;1.4223982880423591268e-08;
236682.44549636839656;1.431988305711229259e-08;
237015.80105340553564;1.5455229984695506573e-08;
237349.15661044267472;1.4714540697013944737e-08;
237682.5121674798138;1.4090107747222191392e-08;
238015.86772451695288;1.4885931598485058203e-08;
238349.22328155409195;1.576507102640789526e-08;
238682.57883859123103;1.4992824759474387974e-08;
239015.93439562837011;1.3997025760659198568e-08;
239349.28995266550919;1.4675689108401002159e-08;
239682.64550970264827;1.4532761660746018606e-08;
240016.00106673978735;1.4727652875023977685e-08;
240349.35662377692643;1.4347556032134889392e-08;
240682.7121808140655;1.4459750730111409212e-08;
241016.06773785120458;1.4873880793686566903e-08;
241349.42329488834366;1.387335135660805463e-08;
241682.77885192548274;1.4424941241486521903e-08;
242016.13440896262182;1.4087410349361562112e-08;
242349.4899659997609;1.5001756281662892434e-08;
242682.84552303689998;1.4238082712836330757e-08;
243016.20108007403906;1.423158124680412584e-08;
243349.55663711117813;1.4652813185023205733e-08;
243682.91219414831721;1.4881146981338133628e-08;
244016.26775118545629;1.4724289343348573311e-08;
244349.62330822259537;1.4522145264095343009e-08;
244682.97886525973445;1.5577427348034689203e-08;
245016.33442229687353;1.3198152792881501227e-08;
245349.68997933401261;1.3710487856144482066e-08;
245683.04553637115168;1.3874448256956384284e-08;
246016.40109340829076;1.4043255447404590086e-08;
246349.75665044542984;1.4532276715328862338e-08;
246683.11220748256892;1.3731940917693918891e-08;
247016.467764519708;1.4435538098211964098e-08;
247349.82332155684708;1.3866894299496834719e-08;
247683.17887859398616;1.4359709865630065906e-08;
248016.53443563112523;1.3968702639033381274e-08;
248349.88999266826431;1.4381699386945001606e-08;
248683.24554970540339;1.4221134492231612967e-08;
249016.60110674254247;1.3726875636166369077e-08;
249349.95666377968155;1.357483814246052134e-08;
249683.31222081682063;1.7542019392635666009e-08;
250016.66777785395971;1.4073632925715173769e-08;
250350.02333489109878;1.475435151832016345e-08;
250683.37889192823786;1.3829041023427635082e-08;
251016.73444896537694;1.4089860833621514757e-08;
251350.09000600251602;1.380753378299459655e-08;
251683.4455630396551;1.4089513555859412008e-08;
252016.80112007679418;1.4968376760293722327e-08;
252350.15667711393326;1.377768210630847534e-08;
252683.51223415107233;1.3025355016793582763e-08;
253016.86779118821141;1.2734882481879594707e-08;
253350.22334822535049;1.4221059885244358156e-08;
253683.57890526248957;1.2922813930060783605e-08;
254016.93446229962865;1.3935467002568202588e-08;
254350.29001933676773;1.3918463714901463391e-08;
254683.64557637390681;1.3329850112597796397e-08;
255017.00113341104588;1.2855293718416760385e-08;
255350.35669044818496;1.3350473615503233304e-08;
255683.71224748532404;1.3822556432785404468e-08;
256017.06780452246312;1.4323481067890497798e-08;
256350.4233615596022;1.3977367707695975696e-08;
256683.77891859674128;1.4159934558222175838e-08;
257017.13447563388036;1.4286991145695537853e-08;
257350.49003267101943;1.3860026015777293651e-08;
257683.84558970815851;1.36660496252716257e-08;
258017.20114674529759;1.3251656660884236771e-08;
258350.55670378243667;1.3580061519746777776e-08;
258683.91226081957575;1.3605181869991156418e-08;
259017.26781785671483;1.3634467777023928647e-08;
259350.62337489385391;1.363022938960511965e-08;
259683.97893193099299;1.3493074213499767211e-08;
260017.33448896813206;1.3290941680565993011e-08;
260350.69004600527114;1.3409847454681766976e-08;
260684.04560304241022;1.3707669666018773569e-08;
261017.4011600795493;1.400300231324536071e-08;
261350.75671711668838;1.3241487906157090038e-08;
261684.11227415382746;1.3266936882416757726e-08;
262017.46783119096654;1.3744104521151712106e-08;
262350.82338822807651;1.4080902666080419294e-08;
262684.17894526518648;1.3221730377210860752e-08;
263017.53450230229646;1.3459386494218961161e-08;
263350.89005933940643;1.281972927813512797e-08;
263684.24561637651641;1.3675439447524695424e-08;
264017.60117341362638;1.3647192709242972342e-08;
264350.95673045073636;1.366753821230304311e-08;
264684.31228748784633;1.3911692242629669636e-08;
265017.66784452495631;1.3688611133488848282e-08;
265351.02340156206628;1.3613454363792243385e-08;
265684.37895859917626;1.3518984154359259264e-08;
266017.73451563628623;1.3447899682716979441e-08;
266351.09007267339621;1.3634779527649243391e-08;
266684.44562971050618;1.4150807636781337351e-08;
267017.80118674761616;1.3491581185576251301e-08;
267351.15674378472613;1.3103340634756932559e-08;
267684.51230082183611;1.267695992623885104e-08;
268017.86785785894608;1.3421254330125975684e-08;
268351.22341489605606;1.2626973244778127992e-08;
268684.57897193316603;1.3475687232755717559e-08;
269017.93452897027601;1.3307692725561537372e-08;
269351.29008600738598;1.2972308560676992784e-08;
269684.64564304449596;1.3507921003963474504e-08;
270018.00120008160593;1.4016636740166177333e-08;
270351.3567571187159;1.3395602849186616368e-08;
270684.71231415582588;1.3163627521350917959e-08;
271018.06787119293585;1.3466741499712497898e-08;
271351.42342823004583;1.3801228604393145361e-08;
271684.7789852671558;1.3722825542572536506e-08;
272018.13454230426578;1.3439846568985558406e-08;
272351.49009934137575;1.3946071852899422083e-08;
272684.84565637848573;1.3555154332323127164e-08;
273018.2012134155957;1.2837826801614937722e-08;
273351.55677045270568;1.4310955087637466931e-08;
273684.91232748981565;1.3495042416877822689e-08;
274018.26788452692563;1.3221892913861665875e-08;
274351.6234415640356;1.3145325716834577179e-08;
274684.97899860114558;1.3181191249600487936e-08;
275018.33455563825555;1.3946634958017511963e-08;
275351.69011267536553;1.336739341439852069e-08;
275685.0456697124755;1.3762538664252588205e-08;
276018.40122674958548;1.3793617803514734987e-08;
276351.75678378669545;1.3880908866781282995e-08;
276685.11234082380543;1.3666193510175617121e-08;
277018.4678978609154;1.3645035323861520737e-08;
277351.82345489802537;1.4053126662361137278e-08;
277685.17901193513535;1.2727636722331681085e-08;
278018.53456897224532;1.3400757836734555895e-08;
278351.8901260093553;1.3077975147268716682e-08;
278685.24568304646527;1.3597727388514613267e-08;
279018.60124008357525;1.5028106759018555749e-08;
279351.95679712068522;1.3834483780783557449e-08;
279685.3123541577952;1.3315596625318448787e-08;
280018.66791119490517;1.3436942225553138996e-08;
280352.02346823201515;1.4487643973382091644e-08;
280685.37902526912512;1.2947856120604228636e-08;
281018.7345823062351;1.4356607458410053368e-08;
281352.09013934334507;1.4107544465957744251e-08;
281685.44569638045505;1.3667730058841698337e-08;
282018.80125341756502;1.3636815232587196078e-08;
282352.156810454675;1.352314082936345585e-08;
282685.51236749178497;1.3901749085221126734e-08;
283018.86792452889495;1.8354574748968843778e-08;
283352.22348156600492;3.0693474428744593752e-08;
283685.5790386031149;1.4552560934077973798e-08;
284018.93459564022487;1.5164738798034704814e-08;
284352.29015267733485;1.327519072447103099e-08;
284685.64570971444482;1.385561976263716133e-08;
285019.00126675155479;1.366725044249506027e-08;
285352.35682378866477;1.3435526469152136997e-08;
285685.71238082577474;1.3665953702002298087e-08;
286019.06793786288472;1.3535261800257103459e-08;
286352.42349489999469;1.3914283059079934901e-08;
286685.77905193710467;1.334540833397568349e-08;
287019.13460897421464;1.3891910732866108447e-08;
287352.49016601132462;1.3880177007763450092e-08;
287685.84572304843459;1.4828432703950511495e-08;
288019.20128008554457;3.6132746572548057884e-08;
288352.55683712265454;1.4003665782524876704e-08;
288685.91239415976452;1.4490646904619097768e-08;
289019.26795119687449;1.3233302453841133683e-08;
289352.62350823398447;1.4069208020828227745e-08;
289685.97906527109444;1.4471872589183476521e-08;
290019.33462230820442;1.4656134084134464501e-08;
290352.69017934531439;1.5211217174737612368e-08;
290686.04573638242437;1.4171480877678277466e-08;
291019.40129341953434;1.2804941995625540585e-08;
291352.75685045664432;1.3836744194861694268e-08;
291686.11240749375429;1.4467475217827541201e-08;
292019.46796453086426;1.3996706016428106523e-08;
292352.82352156797424;1.3724223535405144503e-08;
292686.17907860508421;1.3673157717164485803e-08;
293019.53463564219419;1.3921593655652486632e-08;
293352.89019267930416;1.4062956132931958564e-08;
293686.24574971641414;1.4064759135123949818e-08;
294019.60130675352411;1.4241885892829486693e-08;
294352.95686379063409;1.3964531753174469486e-08;
294686.31242082774406;1.3444592994460435875e-08;
295019.66797786485404;1.37773916719652334e-08;
295353.02353490196401;1.3425735190253362816e-08;
295686.37909193907399;1.3680413246675016126e-08;
296019.73464897618396;1.3989331471009336383e-08;
296353.09020601329394;1.4235706835563632922e-08;
296686.44576305040391;1.3171816526380553114e-08;
297019.80132008751389;1.4395019398705244384e-08;
297353.15687712462386;1.336732324830336438e-08;
297686.51243416173384;1.3460355496874853998e-08;
298019.86799119884381;1.3404313214948615496e-08;
298353.22354823595379;1.3833074241631493351e-08;
298686.57910527306376;1.4036398710004505119e-08;
299019.93466231017374;1.4333297215785023582e-08;
299353.29021934728371;1.4134236892004992114e-08;
299686.64577638439368;1.395675752746683429e-08;
300020.00133342150366;1.3677482257890005712e-08;
300353.35689045861363;1.4754740540467992105e-08;
300686.71244749572361;1.4391429381532816478e-08;
301020.06800453283358;1.4794347080737679789e-08;
301353.42356156994356;1.3937107468109388719e-08;
301686.77911860705353;1.4851530671933232952e-08;
302020.13467564416351;1.427555140764980024e-08;
302353.49023268127348;1.4669837788972017734e-08;
302686.84578971838346;1.8457528838666803495e-08;
303020.20134675549343;1.491718748525272531e-08;
303353.55690379260341;1.3026430600859839615e-08;
303686.91246082971338;1.39781048957843268e-08;
304020.26801786682336;1.4316714036510802543e-08;
304353.62357490393333;1.4209122767283588473e-08;
304686.97913194104331;1.4321644314918557939e-08;
305020.33468897815328;1.3475498050752321433e-08;
305353.69024601526326;1.4097684797320653161e-08;
305687.04580305237323;1.4508350076880560664e-08;
306020.40136008948321;1.4255101987714624556e-08;
306353.75691712659318;1.4591702957034158317e-08;
306687.11247416370315;1.3827195388671498222e-08;
307020.46803120081313;1.3345665905717396527e-08;
307353.8235882379231;1.4469279996376371855e-08;
307687.17914527503308;1.3970151258035912178e-08;
308020.53470231214305;1.3601813009245233843e-08;
308353.89025934925303;1.4671847736735799117e-08;
308687.245816386363;1.4941500481313596538e-08;
309020.60137342347298;1.421136985868542979e-08;
309353.95693046058295;1.4700149542079543608e-08;
309687.31248749769293;1.5354206794881974929e-08;
310020.6680445348029;1.3901773066038458637e-08;
310354.02360157191288;1.4668471770562518941e-08;
310687.37915860902285;1.3878324267579955631e-08;
311020.73471564613283;1.4690056282518071384e-08;
311354.0902726832428;1.3791485287129034987e-08;
311687.44582972035278;1.5477564119237285922e-08;
312020.80138675746275;1.5202855863094555389e-08;
312354.15694379457273;1.4446624341246661061e-08;
312687.5125008316827;1.5177825218870566459e-08;
313020.86805786879268;1.4748469112646489521e-08;
313354.22361490590265;1.5169934641789950547e-08;
313687.57917194301262;1.4511816637252650253e-08;
314020.9347289801226;1.5142111564614424424e-08;
314354.29028601723257;1.4687604910079699039e-08;
314687.64584305434255;1.449115671903200564e-08;
315021.00140009145252;1.6012451808933292341e-08;
315354.3569571285625;1.4871895714918537124e-08;
315687.71251416567247;1.5041948131511162501e-08;
316021.06807120278245;1.4648952273432769289e-08;
316354.42362823989242;1.5567495736945602403e-08;
316687.7791852770024;1.5083040594277008495e-08;
317021.13474231411237;1.477094890844909969e-08;
317354.49029935122235;1.4768639644557879365e-08;
317687.84585638833232;1.4938509096396046516e-08;
318021.2014134254423;1.4664684577780917607e-08;
318354.55697046255227;1.4562407280038769386e-08;
318687.91252749966225;1.6604664310193584242e-08;
319021.26808453677222;1.5012117771107114095e-08;
319354.6236415738822;1.6008289804858577554e-08;
319687.97919861099217;1.5693228050395191531e-08;
320021.33475564810215;1.648152903044319828e-08;
320354.69031268521212;1.5606953951419200166e-08;
320688.0458697223221;1.5351348636727379926e-08;
321021.40142675943207;1.56256358962991726e-08;
321354.75698379654204;1.6232004185212645098e-08;
321688.11254083365202;1.6344342768093156337e-08;
322021.46809787076199;1.6442113448533746123e-08;
322354.82365490787197;1.5861715496612305287e-08;
322688.17921194498194;1.4719608643076753651e-08;
323021.53476898209192;1.5987520640692309826e-08;
323354.89032601920189;1.4604243148141904385e-08;
323688.24588305631187;1.5829954236323828809e-08;
324021.60144009342184;1.5452270574201065756e-08;
324354.95699713053182;1.4999647746094524337e-08;
324688.31255416764179;1.4458659158833597758e-08;
325021.66811120475177;1.6318979945140199561e-08;
325355.02366824186174;1.5522164886760947411e-08;
325688.37922527897172;1.5236517825201190135e-08;
326021.73478231608169;1.5109137052604637574e-08;
326355.09033935319167;1.613741140715774236e-08;
326688.44589639030164;1.6248550949171658431e-08;
327021.80145342741162;1.6582509587692584319e-08;
327355.15701046452159;1.5663124131037875486e-08;
327688.51256750163157;1.636209567834612244e-08;
328021.86812453874154;1.6457400775493624678e-08;
328355.22368157585151;1.631542545510455966e-08;
328688.57923861296149;1.6920120415875317121e-08;
329021.93479565007146;1.6752363052319196868e-08;
329355.29035268718144;1.616195177689405682e-08;
329688.64590972429141;1.5852746670930173423e-08;
330022.00146676140139;1.6603525665459528682e-08;
330355.35702379851136;1.6649090994746984506e-08;
330688.71258083562134;1.7236542859677683737e-08;
331022.06813787273131;1.6647891953880389337e-08;
331355.42369490984129;1.6823792137188320339e-08;
331688.77925194695126;1.5479738380008711829e-08;
332022.13480898406124;1.7353881887061106681e-08;
332355.49036602117121;1.6221399334881425602e-08;
332688.84592305828119;1.5782916307216510177e-08;
333022.20148009539116;1.6982298234324844088e-08;
333355.55703713250114;1.6824916571067660698e-08;
333688.91259416961111;1.6454249518460528634e-08;
334022.26815120672109;1.6722459861284733051e-08;
334355.62370824383106;1.736833965537698532e-08;
334688.97926528094104;1.6828492377385373402e-08;
335022.33482231805101;1.7679877117871001246e-08;
335355.69037935516099;1.7035874932957995043e-08;
335689.04593639227096;1.829408802223042585e-08;
336022.40149342938093;1.7966046428341542196e-08;
336355.75705046649091;1.6625826049221359426e-08;
336689.11260750360088;1.7234121685305581195e-08;
337022.46816454071086;1.7226190252017659077e-08;
337355.82372157782083;1.9230190773100730439e-08;
337689.17927861493081;1.7257328011055506067e-08;
338022.53483565204078;1.7417624675886145269e-08;
338355.89039268915076;1.7595597867625656363e-08;
338689.24594972626073;1.7825769305090943817e-08;
339022.60150676337071;1.7792698869811829354e-08;
339355.95706380048068;1.7492505222094223427e-08;
339689.31262083759066;1.7275558761298270838e-08;
340022.66817787470063;1.7989037814913899638e-08;
340356.02373491181061;1.8669958024020161247e-08;
340689.37929194892058;1.7485499270719628839e-08;
341022.73484898603056;1.7920811501426214818e-08;
341356.09040602314053;1.7551512243585420947e-08;
341689.44596306025051;1.8180450922500313027e-08;
342022.80152009736048;1.7417624675886145269e-08;
342356.15707713447046;1.8535772028371866327e-08;
342689.51263417158043;1.8882078123283463356e-08;
343022.8681912086904;1.7651696992970755673e-08;
343356.22374824580038;1.823940820600000734e-08;
343689.57930528291035;1.841118546508369036e-08;
344022.93486232002033;1.8736194817847717786e-08;
344356.2904193571303;1.8137798818429473613e-08;
344689.64597639424028;1.9096777492677574628e-08;
345023.00153343135025;1.8164392656672134763e-08;
345356.35709046846023;1.9128036043980500835e-08;
345689.7126475055702;1.792969150926637667e-08;
346023.06820454268018;1.9309743137796431256e-08;
346356.42376157979015;1.8833214099345241266e-08;
346689.77931861690013;1.8219296293864317704e-08;
347023.1348756540101;1.8398027989974252705e-08;
347356.49043269112008;1.7933063034547558345e-08;
347689.84598972823005;1.9009082308230063063e-08;
348023.20154676534003;1.8148156755160016473e-08;
348356.55710380245;1.9318701305337526719e-08;
348689.91266083955998;1.9799234252104724874e-08;
349023.26821787666995;2.0271233580615444225e-08;
349356.62377491377993;1.9663634276412267354e-08;
349689.9793319508899;1.9017299734969128622e-08;
350023.33488898799988;1.9364707171121153806e-08;
350356.69044602510985;1.7575949584625050193e-08;
350690.04600306221982;2.0018593005488583003e-08;
351023.4015600993298;2.0801133260306414741e-08;
351356.75711713643977;1.9427845998620796308e-08;
351690.11267417354975;1.9371784176769324404e-08;
352023.46823121065972;2.349178274130281352e-08;
352356.8237882477697;1.9106105142441265343e-08;
352690.17934528487967;1.9810750373494556698e-08;
353023.53490232198965;1.9334997602982184617e-08;
353356.89045935909962;1.9507085724512762681e-08;
353690.2460163962096;2.0052347338150866563e-08;
354023.60157343331957;1.9189222655313642463e-08;
354356.95713047042955;2.019744016479307902e-08;
354690.31268750753952;2.0834596270447036659e-08;
355023.6682445446495;1.9347535129554671585e-08;
355357.02380158175947;1.9736587475449596241e-08;
355690.37935861886945;2.0838806236156415252e-08;
356023.73491565597942;1.9585066013405594276e-08;
356357.0904726930894;2.014736644184722536e-08;
356690.44602973019937;2.0321399674116946699e-08;
357023.80158676730935;2.0628281305334894569e-08;
357357.15714380441932;1.9773407800016684632e-08;
357690.51270084152929;2.1165877939210986369e-08;
358023.86825787863927;2.0667128453055738646e-08;
358357.22381491574924;2.0266533340418391163e-08;
358690.57937195285922;2.0667201283686154056e-08;
359023.93492898996919;2.1468229860488463601e-08;
359357.29048602707917;2.1009952888562111184e-08;
359690.64604306418914;2.1026936636303616979e-08;
360024.00160010129912;2.2388901399494898214e-08;
360357.35715713840909;2.1621593404574923625e-08;
360690.71271417551907;2.1831935370641986083e-08;
361024.06827121262904;2.1550491169364249799e-08;
361357.42382824973902;2.0063234629219550698e-08;
361690.77938528684899;2.0873942574439752207e-08;
362024.13494232395897;2.2037975000444021134e-08;
362357.49049936106894;2.2064782001507410314e-08;
362690.84605639817892;2.1512779113663782482e-08;
363024.20161343528889;2.0489377305921152583e-08;
363357.55717047239887;2.1067350530756812077e-08;
363690.91272750950884;2.0909910247723928478e-08;
364024.26828454661882;2.2621726714078249643e-08;
364357.62384158372879;2.1783664649888123677e-08;
364690.97939862083877;2.1734239297188651108e-08;
365024.33495565794874;2.2721774683986950549e-08;
365357.69051269505871;2.2272391930755475187e-08;
365691.04606973216869;2.2018973311332956655e-08;
366024.40162676927866;2.2648407593806041405e-08;
366357.75718380638864;2.1631356261764267401e-08;
366691.11274084349861;2.2196537940999405691e-08;
367024.46829788060859;2.2494637264003358723e-08;
367357.82385491771856;2.1570716768337661051e-08;
367691.17941195482854;2.175425528605501313e-08;
368024.53496899193851;2.1993923127183734323e-08;
368357.89052602904849;2.1703487007584953972e-08;
368691.24608306615846;2.3091580203526973492e-08;
369024.60164010326844;2.1947490935758651176e-08;
369357.95719714037841;2.3201735643851861823e-08;
369691.31275417748839;2.2084947204348281957e-08;
370024.66831121459836;2.3276157889995374717e-08;
370358.02386825170834;2.3179246966265054652e-08;
370691.37942528881831;2.2942980848483784939e-08;
371024.73498232592829;2.2567387958360995981e-08;
371358.09053936303826;2.3549878491735398711e-08;
371691.44609640014824;2.186709480156423524e-08;
372024.80165343725821;2.4031663770074374042e-08;
372358.15721047436818;2.3625085887601926515e-08;
372691.51276751147816;2.3751466571297896735e-08;
373024.86832454858813;2.4059627179440212785e-08;
373358.22388158569811;2.317362834958203166e-08;
373691.57943862280808;2.4726796610252677056e-08;
374024.93499565991806;2.5076449361449704156e-08;
374358.29055269702803;2.3502721546719840262e-08;
374691.64610973413801;2.4365107265111873858e-08;
375025.00166677124798;2.3624670220101506857e-08;
375358.35722380835796;2.3248778902029698656e-08;
375691.71278084546793;2.4618827865197090432e-08;
376025.06833788257791;2.5013312310306901054e-08;
376358.42389491968788;2.4367590611973355408e-08;
376691.77945195679786;2.4328494774294995295e-08;
377025.13500899390783;2.4297998280076171795e-08;
377358.49056603101781;2.4435577117287721194e-08;
377691.84612306812778;2.5413180892996933835e-08;
378025.20168010523776;2.5016609228600827919e-08;
378358.55723714234773;2.4986215763078689633e-08;
378691.91279417945771;2.4059964687239698833e-08;
379025.26835121656768;2.382987318583218439e-08;
379358.62390825367766;2.3812548377577513747e-08;
379691.97946529078763;2.3666583359727155766e-08;
380025.3350223278976;2.3601732124234331422e-08;
380358.69057936500758;2.3815768912527346401e-08;
380692.04613640211755;2.3943002247506228741e-08;
381025.40169343922753;2.3673194959883403499e-08;
381358.7572504763375;2.3457678466343168111e-08;
381692.11280751344748;2.3539124427429669595e-08;
382025.46836455055745;4.5798582704037471558e-08;
382358.82392158766743;2.3624256328957926598e-08;
382692.1794786247774;2.6533546915175065806e-08;
383025.53503566188738;2.4618007188337287516e-08;
383358.89059269899735;2.4009045418438290653e-08;
383692.24614973610733;2.4603522774668817874e-08;
384025.6017067732173;2.4463624015425011748e-08;
384358.95726381032728;2.4896920081118878443e-08;
384692.31282084743725;2.4475875548546355276e-08;
385025.66837788454723;2.4653104446770157665e-08;
385359.0239349216572;2.4663327380380906106e-08;
385692.37949195876718;2.4600108616823490593e-08;
386025.73504899587715;2.5640177980790213041e-08;
386359.09060603298713;2.4250281782656202267e-08;
386692.4461630700971;2.5251328139574980014e-08;
387025.80172010720707;2.5684764537459159328e-08;
387359.15727714431705;2.4136250331707742589e-08;
387692.51283418142702;2.5546031068301999767e-08;
388025.868391218537;2.5115863167002316914e-08;
388359.22394825564697;2.4347992066964252444e-08;
388692.57950529275695;2.4623240335586160654e-08;
389025.93506232986692;2.6268351049907323613e-08;
389359.2906193669769;2.5573825723768095486e-08;
389692.64617640408687;2.5846944140539562795e-08;
390026.00173344119685;2.4816529275994980708e-08;
390359.35729047830682;2.5098044531546293001e-08;
390692.7128475154168;2.4812910837113122398e-08;
391026.06840455252677;2.5704986583718891779e-08;
391359.42396158963675;2.6597575697451247834e-08;
391692.77951862674672;2.6563068189489058568e-08;
392026.1350756638567;2.6405301056797725323e-08;
392359.49063270096667;2.6185510648701892933e-08;
392692.84618973807665;2.6067096925430632837e-08;
393026.20174677518662;2.5234964340370424907e-08;
393359.5573038122966;2.6498890193238366919e-08;
393692.91286084940657;2.5860341423822319484e-08;
394026.26841788651654;2.460987680308335257e-08;
394359.62397492362652;2.6999757096746179741e-08;
394692.97953196073649;2.6434680222564566066e-08;
395026.33508899784647;2.6393520258238822862e-08;
395359.69064603495644;2.7069571473248288385e-08;
395693.04620307206642;2.5907587186679847946e-08;
396026.40176010917639;2.6399085584216663847e-08;
396359.75731714628637;2.6639520811500005948e-08;
396693.11287418339634;2.7603181962376766023e-08;
397026.46843122050632;2.4171129098249366507e-08;
397359.82398825761629;2.5954188132004674117e-08;
397693.17954529472627;2.5974941308959387243e-08;
398026.53510233183624;2.7018641546305843804e-08;
398359.89065936894622;2.7234753119387278275e-08;
398693.24621640605619;2.7737684149542474188e-08;
399026.60177344316617;2.6651223450357974798e-08;
399359.95733048027614;2.5598277275662439934e-08;
399693.31288751738612;2.6166244282421757816e-08;
400026.66844455449609;2.7522609968855249463e-08;
400360.02400159160607;2.5997037411684686958e-08;
400693.37955862871604;2.6182382484307709092e-08;
401026.73511566582602;2.6612672954229310562e-08;
401360.09067270293599;2.6356500981705721642e-08;
401693.44622974004596;2.5924386193310056115e-08;
402026.80178677715594;2.6739201075542951003e-08;
402360.15734381426591;2.6296145705373419332e-08;
402693.51290085137589;2.7146384695697634015e-08;
403026.86845788848586;2.3546858685108418285e-08;
403360.22401492559584;2.4889136085448626545e-08;
403693.57957196270581;2.5790475532971868233e-08;
404026.93512899981579;2.4773319395876569615e-08;
404360.29068603692576;2.6117426443761360133e-08;
404693.64624307403574;2.4631850337186733668e-08;
405027.00180011114571;2.6293005106481359689e-08;
405360.35735714825569;2.678428678848376876e-08;
405693.71291418536566;2.6506571160211933602e-08;
406027.06847122247564;2.5152202098865927837e-08;
406360.42402825958561;2.7984558670368642197e-08;
406693.77958529669559;2.7501634747295611305e-08;
407027.13514233380556;2.544860855380193243e-08;
407360.49069937091554;2.5415502591386029962e-08;
407693.84625640802551;2.5551193161277296895e-08;
408027.20181344513549;2.6346176795755127387e-08;
408360.55737048224546;2.7512072620083927177e-08;
408693.91292751935543;2.5801622172139104805e-08;
409027.26848455646541;2.6297579225342815334e-08;
409360.62404159357538;2.6396071106660201622e-08;
409693.97959863068536;2.461774784023873508e-08;
410027.33515566779533;2.6873127723092693486e-08;
410360.69071270490531;2.5081471122234688664e-08;
410694.04626974201528;2.5357348221177744563e-08;
411027.40182677912526;2.4774189810727875738e-08;
411360.75738381623523;2.4688384669957486039e-08;
411694.11294085334521;2.5587532093140907818e-08;
412027.46849789045518;2.4815831167757096409e-08;
412360.82405492756516;2.5082485421989986207e-08;
412694.17961196467513;2.5874792086710840522e-08;
413027.53516900178511;2.5780011014830961358e-08;
413360.89072603889508;2.3873868215673610393e-08;
413694.24628307600506;2.4303677292891734396e-08;
414027.60184011311503;2.6908510974976707075e-08;
414360.95739715022501;2.5575262796451170288e-08;
414694.31295418733498;2.3551740113703090174e-08;
415027.66851122444496;2.3674735061263163516e-08;
415361.02406826155493;2.5164974104541215638e-08;
415694.37962529866491;2.7129889446086963289e-08;
416027.73518233577488;2.5876202514041324321e-08;
416361.09073937288485;2.5930306790655777149e-08;
416694.44629640999483;2.6282984677550302877e-08;
417027.8018534471048;2.453739611496530415e-08;
417361.15741048421478;2.5949264070845856622e-08;
417694.51296752132475;2.4833930467593745561e-08;
418027.86852455843473;2.4328494774294995295e-08;
418361.2240815955447;2.5476118992173724109e-08;
418694.57963863265468;2.4993898506409095717e-08;
419027.93519566976465;2.5076714038618774794e-08;
419361.29075270687463;2.6287555243698079721e-08;
419694.6463097439846;2.4252880592712244834e-08;
420028.00186678109458;2.5959522531593393069e-08;
420361.35742381820455;2.3109842928192847467e-08;
420694.71298085531453;2.4431027867422017152e-08;
421028.0685378924245;2.4618136862386563735e-08;
421361.42409492953448;2.4662980990797223058e-08;
421694.77965196664445;2.386518893615630077e-08;
422028.13520900375443;2.3992559050611816929e-08;
422361.4907660408644;2.4532869957738512312e-08;
422694.84632307797438;2.4771971141035464825e-08;
423028.20188011508435;2.3625210232580684533e-08;
423361.55743715219432;2.3637788615360477706e-08;
423694.9129941893043;2.4435276912981862552e-08;
424028.26855122641427;2.65859902981446794e-08;
424361.62410826352425;2.434760659753010259e-08;
424694.97966530063422;2.3388631475995680375e-08;
425028.3352223377442;2.4411978216676288866e-08;
425361.69077937485417;2.3724778586142747372e-08;
425695.04633641196415;2.4089697348017580225e-08;
426028.40189344907412;2.4462721626150596421e-08;
426361.7574504861841;2.3257438641621774877e-08;
426695.11300752329407;2.2815852318558427214e-08;
427028.46856456040405;2.3617824140842458291e-08;
427361.82412159751402;2.4485853344913266483e-08;
427695.179678634624;2.3308279750722249446e-08;
428028.53523567173397;2.2977266311841049173e-08;
428361.89079270884395;2.5231994271734947688e-08;
428695.24634974595392;2.4665494535724974412e-08;
429028.6019067830639;2.3108542634986406483e-08;
429361.95746382017387;2.4324478431481111329e-08;
429695.31302085728385;2.4043401936069130898e-08;
430028.66857789439382;2.4906499973553763994e-08;
430362.0241349315038;2.3699742612848240242e-08;
430695.37969196861377;2.3620355449338603648e-08;
431028.73524900572374;2.3316429675901417795e-08;
431362.09080604283372;2.4327682979219389381e-08;
431695.44636307994369;2.2880232819488810492e-08;
432028.80192011705367;2.2026130253038900264e-08;
432362.15747715416364;2.3110370506174149341e-08;
432695.51303419127362;2.2327785842435332597e-08;
433028.86859122838359;2.4315463420521155058e-08;
433362.22414826549357;2.1537207572919214726e-08;
433695.57970530260354;2.3925931458279592334e-08;
434028.93526233971352;2.3398534665375336772e-08;
434362.29081937682349;2.3755724498641939135e-08;
434695.64637641393347;2.1797138316514974576e-08;
435029.00193345104344;2.2884131922751294042e-08;
435362.35749048815342;2.4449404278925612743e-08;
435695.71304752526339;2.3605794652326039795e-08;
436029.06860456237337;2.334852311491886212e-08;
436362.42416159948334;2.3124096415472195076e-08;
436695.77971863659332;2.2696282186984717555e-08;
437029.13527567370329;2.4431328071727875795e-08;
437362.49083271081327;2.2317706793728575576e-08;
437695.84638974792324;2.3613425881308103271e-08;
438029.20194678503321;2.2580950442829816893e-08;
438362.55750382214319;2.2153880507858048077e-08;
438695.91306085925316;2.2189832193930669746e-08;
439029.26861789636314;2.289844758252002066e-08;
439362.62417493347311;2.1571930020058971422e-08;
439695.97973197058309;2.2462533166844877996e-08;
440029.33528900769306;2.3476353305795782944e-08;
440362.69084604480304;2.2642957731022761436e-08;
440696.04640308191301;2.178354918669356266e-08;
441029.40196011902299;2.2941934574305378192e-08;
441362.75751715613296;2.3184092867722938536e-08;
441696.11307419324294;2.339405469342636934e-08;
442029.46863123035291;2.3469961973887620843e-08;
442362.82418826746289;2.2707370206376253918e-08;
442696.17974530457286;2.365178808361179108e-08;
443029.53530234168284;2.1473624656209722161e-08;
443362.89085937879281;2.1316143516969532357e-08;
443696.24641641590279;2.1979978725994442357e-08;
444029.60197345301276;2.2535694199632416712e-08;
444362.95753049012274;2.3212580302356400352e-08;
444696.31308752723271;2.1944792649719602196e-08;
445029.66864456434269;2.2551336797960175318e-08;
445363.02420160145266;2.2518795717019202129e-08;
445696.37975863856263;2.1141351780329387111e-08;
446029.73531567567261;2.1964577712196842185e-08;
446363.09087271278258;2.0494058006192972243e-08;
446696.44642974989256;2.3121943470982841973e-08;
447029.80198678700253;2.1194713539784970635e-08;
447363.15754382411251;2.1392709825818201352e-08;
447696.51310086122248;2.1623529633529869898e-08;
448029.86865789833246;2.1558026475076985662e-08;
448363.22421493544243;2.1722826204495504498e-08;
448696.57977197255241;2.2079127859342406737e-08;
449029.93532900966238;2.1932729410423235095e-08;
449363.29088604677236;2.143928590214727592e-08;
449696.64644308388233;2.024077261353340873e-08;
450030.00200012099231;2.1146142614725249587e-08;
450363.35755715810228;2.2259248666500752734e-08;
450696.71311419521226;2.0927807042880886002e-08;
451030.06867123232223;2.2292786283628629462e-08;
451363.42422826943221;2.0540698031368265219e-08;
451696.77978530654218;2.0790466237485816237e-08;
452030.13534234365216;2.2631265750305828988e-08;
452363.49089938076213;2.2406608124470039911e-08;
452696.8464564178721;2.0550190882318020158e-08;
453030.20201345498208;2.0830388081094497466e-08;
453363.55757049209205;2.1803382210805466457e-08;
453696.91312752920203;2.08894963549255408e-08;
454030.268684566312;1.9859951905232264835e-08;
454363.62424160342198;2.1265051941554702353e-08;
454696.97979864053195;2.0837854108890496718e-08;
455030.33535567764193;2.1464572341756138485e-08;
455363.6909127147519;2.0917294563105315319e-08;
455697.04646975186188;2.1827831986342971504e-08;
456030.40202678897185;2.1596386901023834071e-08;
456363.75758382608183;2.0816010248836391838e-08;
456697.1131408631918;2.2509064834252967557e-08;
457030.46869790030178;2.1388125048815709306e-08;
457363.82425493741175;2.101829466027993476e-08;
457697.17981197452173;2.0540337430929866969e-08;
458030.5353690116317;2.0241307296942068206e-08;
458363.89092604874168;2.0177331805371068185e-08;
458697.24648308585165;2.103942620124144014e-08;
459030.60204012296163;2.0906274045273676165e-08;
459363.9575971600716;2.1890349088948823919e-08;
459697.31315419718158;2.0249416365913930349e-08;
460030.66871123429155;2.0979451065272769483e-08;
460364.02426827140152;2.0463586380969900347e-08;
460697.3798253085115;2.0682564993990126823e-08;
461030.73538234562147;2.0332862504801596515e-08;
461364.09093938273145;2.0133001044086995535e-08;
461697.44649641984142;2.0595981808924079814e-08;
462030.8020534569514;2.0023094293719623238e-08;
462364.15761049406137;2.0436569769799461938e-08;
462697.51316753117135;2.0789771681961610739e-08;
463030.86872456828132;2.2144153177805492305e-08;
463364.2242816053913;1.9423239905336231459e-08;
463697.57983864250127;2.0548890589111579175e-08;
464030.93539567961125;2.1315544884714654472e-08;
464364.29095271672122;1.9372704329612133733e-08;
464697.6465097538312;2.1854459575365581259e-08;
465031.00206679094117;1.9855869837215323059e-08;
465364.35762382805115;1.9824398123091668822e-08;
465697.71318086516112;1.9265863571149566269e-08;
466031.0687379022711;1.9777994353376016079e-08;
466364.42429493938107;2.0169286685245424451e-08;
466697.77985197649105;2.0089157004576918553e-08;
467031.13540901360102;2.07802788310118558e-08;
467364.49096605071099;2.0806249168003887462e-08;
467697.84652308782097;1.9970050502138292359e-08;
468031.20208012493094;1.8717805971846246393e-08;
468364.55763716204092;2.0155791702336500748e-08;
468697.91319419915089;2.0989626037248854118e-08;
469031.26875123626087;1.9033477016705546703e-08;
469364.62430827337084;1.9388023630995121493e-08;
469697.97986531048082;1.9609853296742585371e-08;
470031.33542234759079;2.0605426698239170946e-08;
470364.69097938470077;2.1474265921028745652e-08;
470698.04653642181074;1.9831956521443316888e-08;
471031.40209345892072;1.9213002744322693616e-08;
471364.75765049603069;2.0387586729953000031e-08;
471698.11320753314067;2.019360856309049268e-08;
472031.46876457025064;2.0147684409721478005e-08;
472364.82432160736062;2.0592796801111035165e-08;
472698.17987864447059;1.9367464076935902995e-08;
473031.53543568158057;2.0524538513200241141e-08;
473364.89099271869054;2.0450540816341344907e-08;
473698.24654975580052;2.0237928666233528929e-08;
474031.60210679291049;2.0245574106070307607e-08;
474364.95766383002046;2.0474445250329154078e-08;
474698.31322086713044;1.9243472593188926112e-08;
475031.66877790424041;1.923154258065551403e-08;
475365.02433494135039;2.0246000431711763667e-08;
475698.37989197846036;1.8947037716543491115e-08;
476031.73544901557034;1.9702499187701505434e-08;
476365.09100605268031;1.8966620274341039476e-08;
476698.44656308979029;1.9851510657531434845e-08;
477031.80212012690026;1.9899975001180791878e-08;
477365.15767716401024;1.8777152277493769361e-08;
477698.51323420112021;1.9607579559988153051e-08;
478031.86879123823019;1.9000436779492702044e-08;
478365.22434827534016;2.0145101586876990041e-08;
478698.57990531245014;2.0175345838424618705e-08;
479031.93546234956011;1.9947085760918525921e-08;
479365.29101938667009;1.9757157687649851141e-08;
479698.64657642378006;1.8514000998948176857e-08;
480032.00213346089004;1.9356681590920743474e-08;
480365.35769049800001;1.8335592599783012702e-08;
480698.71324753510999;1.9728267020013845467e-08;
481032.06880457221996;1.9726638100792115438e-08;
481365.42436160932994;1.9761461800271717948e-08;
481698.77991864643991;1.9978156018396475702e-08;
482032.13547568354988;1.844132313522095501e-08;
482365.49103272065986;1.9806051909654343035e-08;
482698.84658975776983;1.8476896457286784425e-08;
483032.20214679487981;1.9958722674573436962e-08;
483365.55770383198978;1.9190705913274541672e-08;
483698.91326086909976;1.7762687321010162123e-08;
484032.26881790620973;2.0043541937297959521e-08;
484365.62437494331971;1.8907670096268702764e-08;
484698.97993198042968;2.1157921636927312647e-08;
485032.33548901753966;1.8695820003244989493e-08;
485365.69104605464963;1.7708599031607263896e-08;
485699.04660309175961;1.8363186526926256192e-08;
486032.40216012886958;1.9822204322395009513e-08;
486365.75771716597956;1.8617980046542470518e-08;
486699.11327420308953;1.8743373075835734198e-08;
487032.46883124019951;1.9911933435423634364e-08;
487365.82438827730948;1.9746471124904019234e-08;
487699.17994531441946;2.0263186684132961091e-08;
488032.53550235152943;1.8110386079683848948e-08;
488365.89105938863941;1.9037221576923002431e-08;
488699.24661642574938;2.0151082580355250684e-08;
489032.60217346285935;1.8101829368788457941e-08;
489365.95773049996933;1.8830634829214432102e-08;
489699.3132875370793;1.8261882672732099309e-08;
490032.66884457418928;1.9162611053502587311e-08;
490366.02440161129925;1.9101104697938353638e-08;
490699.37995864840923;1.9265863571149566269e-08;
491032.7355156855192;1.8876573193438161979e-08;
491366.09107272262918;1.8705806681396097702e-08;
491699.44662975973915;1.8324001871405926067e-08;
492032.80218679684913;1.9150361296738083183e-08;
492366.1577438339591;1.8105550836367001466e-08;
492699.51330087106908;1.8899466880384352407e-08;
493032.86885790817905;1.7704429922105191508e-08;
493366.22441494528903;1.8392565692693096935e-08;
493699.579971982399;1.904381008444033796e-08;
494032.93552901950898;1.9078099100511280994e-08;
494366.29108605661895;1.9603550782676393283e-08;
494699.64664309372893;1.8111085964278572646e-08;
495033.0022001308389;1.9270501638857240323e-08;
495366.35775716794888;1.8809574342526502733e-08;
495699.71331420505885;2.0138696044114112738e-08;
496033.06887124216883;1.8062280560116050765e-08;
496366.4244282792788;1.8365767573413904756e-08;
496699.77998531638877;1.8241779642380606674e-08;
497033.13554235349875;1.8003897039875482733e-08;
497366.49109939060872;1.8617619446104072267e-08;
497699.8466564277187;1.9157628372568069608e-08;
498033.20221346482867;1.9329428724290664832e-08;
498366.55777050193865;1.8479493490985987592e-08;
498699.91332753904862;1.8503726550989085808e-08;
499033.2688845761586;1.9307538678958735545e-08;
499366.62444161326857;1.9774763160285147023e-08;
499699.97999865037855;1.8444984206666958926e-08;
500033.33555568748852;1.8155587255819227721e-08;
500366.6911127245985;1.8962156289603626647e-08;
500700.04666976170847;1.9347943691627733642e-08;
501033.40222679881845;1.7567769461379612039e-08;
501366.75778383592842;1.8110894117739917419e-08;
501700.1133408730384;1.7919868255944493285e-08;
502033.46889791014837;1.9449052146569556498e-08;
502366.82445494725835;2.0054178762052288221e-08;
502700.18001198436832;1.7690284792593047314e-08;
503033.5355690214783;2.0398477573735362967e-08;
503366.89112605858827;1.8412901425790551002e-08;
503700.24668309569824;2.0310835679993033409e-08;
504033.60224013280822;1.8547824609527197026e-08;
504366.95779716991819;1.8045724914372840431e-08;
504700.31335420702817;1.8353834008166813874e-08;
505033.66891124413814;1.8609149776693811873e-08;
505367.02446828124812;1.6832691684953715594e-08;
505700.38002531835809;1.8135059676183118427e-08;
506033.73558235546807;1.7575393584934317914e-08;
506367.09113939257804;1.752132305909981369e-08;
506700.44669642968802;1.7907217042534284701e-08;
507033.80225346679799;1.7008931152417972044e-08;
507367.15781050390797;1.8220832842530398921e-08;
507700.51336754101794;1.8861854300666891504e-08;
508033.86892457812792;1.749004674422849348e-08;
508367.22448161523789;1.868373722402338899e-08;
508700.58003865234787;1.8350061026239927742e-08;
509033.93559568945784;1.8060314133094834688e-08;
509367.29115272656782;1.7994947754118584271e-08;
509700.64670976367779;1.7290009424186791875e-08;
510034.00226680078777;1.7906115701293856546e-08;
510367.35782383789774;1.8530009526784851914e-08;
510700.71338087500772;1.7029410770419417531e-08;
511034.06893791211769;1.8398900181182398228e-08;
511367.42449494922766;1.7618054570789354329e-08;
511700.78005198633764;1.7565671583952280344e-08;
512034.13560902344761;1.8215168040569551522e-08;
512367.49116606055759;1.8513221178295680147e-08;
512700.84672309766756;1.8113693656118812214e-08;
513034.20228013477754;1.727273613028046384e-08;
513367.55783717188751;1.7087607773191848537e-08;
513700.91339420899749;1.7393285034472683037e-08;
514034.26895124610746;1.7203328539494577853e-08;
514367.62450828321744;1.7417592701463036065e-08;
514700.98006532032741;1.7334809143676466192e-08;
515034.33562235743739;1.8005952284738668823e-08;
515367.69117939454736;1.8208737628810922615e-08;
515701.04673643165734;1.686847994619711244e-08;
516034.40229346876731;1.7400099139308622398e-08;
516367.75785050587729;1.6749655884495950886e-08;
516701.11340754298726;1.8775834220718934375e-08;
517034.46896458009724;1.8657038580727203225e-08;
517367.82452161720721;1.7502280513781443005e-08;
517701.18007865431719;1.6877905295586970169e-08;
518034.53563569142716;1.8601404860874026781e-08;
518367.89119272853713;1.7859306922218820546e-08;
518701.24674976564711;1.6950972181462020671e-08;
519034.60230680275708;1.7942200614129433234e-08;
519367.95786383986706;1.6897455878961409326e-08;
519701.31342087697703;1.8011741431678274239e-08;
520034.66897791408701;1.7613505320923650288e-08;
520368.02453495119698;1.755990197693790833e-08;
520701.38009198830696;1.7091720039275060117e-08;
521034.73564902541693;1.8187765959964963258e-08;
521368.09120606252691;1.6901285704307156266e-08;
521701.44676309963688;1.7244691008500012686e-08;
522034.80232013674686;1.7703777999145131616e-08;
522368.15787717385683;1.8915843114086783316e-08;
522701.51343421096681;1.6820777659631858114e-08;
523034.86899124807678;1.6978987105176202022e-08;
523368.22454828518676;1.6501838118188061344e-08;
523701.58010532229673;1.7015237219197842933e-08;
524034.93566235940671;1.743302213697006664e-08;
524368.29121939651668;1.7670902963118351181e-08;
524701.64677643368486;1.8506131738149633748e-08;
525035.00233347085305;1.7601719193294229626e-08;
525368.35789050802123;1.8244984190118884726e-08;
525701.71344754518941;1.7473617219820880564e-08;
526035.06900458235759;1.7263998230987454008e-08;
526368.42456161952578;1.8158649695010353753e-08;
526701.78011865669396;1.7682019404219317948e-08;
527035.13567569386214;1.705947383356942737e-08;
527368.49123273103032;1.6990593820764843258e-08;
527701.84678976819851;1.7524309114946845511e-08;
528035.20234680536669;1.736025545540087478e-08;
528368.55790384253487;1.7989858491773702553e-08;
528701.91346087970305;1.7821291109498815786e-08;
529035.26901791687123;1.698131413263581635e-08;
529368.62457495403942;1.7392123297099715273e-08;
529701.9801319912076;1.7307119293263895088e-08;
530035.33568902837578;1.7292045129124744562e-08;
530368.69124606554396;1.7225918469421230839e-08;
530702.04680310271215;1.6986327011636603856e-08;
531035.40236013988033;1.7134379248773257132e-08;
531368.75791717704851;1.7313992017875534657e-08;
531702.11347421421669;1.7098177096386280027e-08;
532035.46903125138488;1.7156006393292955181e-08;
532368.82458828855306;1.7689508524654229404e-08;
532702.18014532572124;1.6995370444305990532e-08;
533035.53570236288942;1.7172197885884088464e-08;
533368.89125940005761;1.7258177109624739387e-08;
533702.24681643722579;1.7549385944448658847e-08;
534035.60237347439397;1.7355771930738228548e-08;
534368.95793051156215;1.7169393018434675469e-08;
534702.31348754873034;1.6948650483072924544e-08;
535035.66904458589852;1.6844879269228840712e-08;
535369.0246016230667;1.7335814561647566734e-08;
535702.38015866023488;1.762266599314443738e-08;
536035.73571569740307;1.7061211110558360815e-08;
536369.09127273457125;1.726139053914721444e-08;
536702.44682977173943;1.7477944425081659574e-08;
537035.80238680890761;1.7379235828229866456e-08;
537369.1579438460758;1.7535949581315435353e-08;
537702.51350088324398;1.7524678597169440764e-08;
538035.86905792041216;1.7667053597847370838e-08;
538369.22461495758034;1.5817278153917868622e-08;
538702.58017199474853;1.6835766558642717428e-08;
539035.93572903191671;1.7204657254410449241e-08;
539369.29128606908489;1.8088478270783525659e-08;
539702.64684310625307;1.6656873214060397004e-08;
540036.00240014342126;1.6729247320768081408e-08;
540369.35795718058944;1.7255782580605227849e-08;
540702.71351421775762;1.7773830407463719894e-08;
541036.0690712549258;1.6242188038972926734e-08;
541369.42462829209398;1.6844168726493080612e-08;
541702.78018532926217;1.602733945560430584e-08;
542036.13574236643035;1.6967447891147457995e-08;
542369.49129940359853;1.7053391587751320913e-08;
542702.84685644076671;1.5938809383442276157e-08;
543036.2024134779349;1.5826451260636531515e-08;
543369.55797051510308;1.6558697524260423961e-08;
543702.91352755227126;1.5552243937122511852e-08;
544036.26908458943944;1.7319923273362292093e-08;
544369.62464162660763;1.6215075504533160711e-08;
544702.98019866377581;1.6579713602027368324e-08;
545036.33575570094399;1.6763815224862810283e-08;
545369.69131273811217;1.7044076372485505999e-08;
545703.04686977528036;1.5871695069336055894e-08;
546036.40242681244854;1.7502710392136577866e-08;
546369.75798384961672;1.7340930469345039455e-08;
546703.1135408867849;1.7234544458233358455e-08;
547036.46909792395309;1.6789218904023073264e-08;
547369.82465496112127;1.6769527988458321488e-08;
547703.18021199828945;1.6975974403976579197e-08;
548036.53576903545763;1.5488987870071468933e-08;
548369.89132607262582;1.7181099210006323119e-08;
548703.246883109794;1.6761930510256206617e-08;
549036.60244014696218;1.6773446631646038441e-08;
549369.95799718413036;1.6238450584182828607e-08;
549703.31355422129855;1.6414032799616506964e-08;
550036.66911125846673;1.6759191368009851431e-08;
550370.02466829563491;1.7216418513044118299e-08;
550703.38022533280309;1.7018944475921671255e-08;
551036.73578236997128;1.6610556485829874873e-08;
551370.09133940713946;1.5467669811641826527e-08;
551703.44689644430764;1.5771385974971963151e-08;
552036.80245348147582;1.6491000565110880416e-08;
552370.15801051864401;1.603116928095005278e-08;
552703.51356755581219;1.6496679577926443017e-08;
553036.86912459298037;1.748940192669579119e-08;
553370.22468163014855;1.7045094224954482343e-08;
553703.58023866731673;1.7589293577202624874e-08;
554036.93579570448492;1.6422051274389559694e-08;
554370.2913527416531;1.5860017299473838648e-08;
554703.64690977882128;1.6500910859917894413e-08;
555037.00246681598946;1.6183173912054371613e-08;
555370.35802385315765;1.7094272664053278277e-08;
555703.71358089032583;1.6694984950049729377e-08;
556037.06913792749401;1.7374381044987785572e-08;
556370.42469496466219;1.6305511607583866862e-08;
556703.78025200183038;1.7581786693199319416e-08;
557037.13580903899856;1.7269154994892232935e-08;
557370.49136607616674;1.6982657058406402939e-08;
557703.84692311333492;1.6512277767333216616e-08;
558037.20248015050311;1.5788851115416946413e-08;
558370.55803718767129;1.6875178587838490785e-08;
558703.91359422483947;1.5981118650643111323e-08;
559037.26915126200765;1.5576715028942089702e-08;
559370.62470829917584;1.5482758186635692255e-08;
559703.98026533634402;1.5074643755497163511e-08;
560037.3358223735122;1.6178853812220950203e-08;
560370.69137941068038;1.6402299962692268309e-08;
560704.04693644784857;1.6883392461863877543e-08;
561037.40249348501675;1.6250378820359401288e-08;
561370.75805052218493;1.6007474457069292839e-08;
561704.11360755935311;1.6489668297481330228e-08;
562037.4691645965213;1.6910195910213587922e-08;
562370.82472163368948;1.6336477060008292028e-08;
562704.18027867085766;1.4849287133245070436e-08;
563037.53583570802584;1.6401292768364328367e-08;
563370.89139274519403;1.5753137461160804378e-08;
563704.24694978236221;1.7479448999324631586e-08;
564037.60250681953039;1.6575432582044413721e-08;
564370.95806385669857;1.695493345721388323e-08;
564704.31362089386676;1.6781729783588161808e-08;
565037.66917793103494;1.5472696901497329236e-08;
565371.02473496820312;1.6439658523381694977e-08;
565704.3802920053713;1.6405557801135728369e-08;
566037.73584904253948;1.6152243986766734452e-08;
566371.09140607970767;1.7446103228735410084e-08;
566704.44696311687585;1.5925374796665892063e-08;
567037.80252015404403;1.6089344967440410983e-08;
567371.15807719121221;1.6355485854546714108e-08;
567704.5136342283804;1.7181521982934100379e-08;
568037.86919126554858;1.6089316545730980579e-08;
568371.22474830271676;1.6025678561959466606e-08;
568704.58030533988494;1.6163740568231332873e-08;
569037.93586237705313;1.629351409349055757e-08;
569371.29141941422131;1.5939901842898507311e-08;
569704.64697645138949;1.6138601566240140528e-08;
570038.00253348855767;1.6845737249582271033e-08;
570371.35809052572586;1.6608602493306534598e-08;
570704.71364756289404;1.6025650140250036202e-08;
571038.06920460006222;1.5946735487659680075e-08;
571371.4247616372304;1.6856185780511623307e-08;
571704.78031867439859;1.5865730063069349853e-08;
572038.13587571156677;1.6462228913383114559e-08;
572371.49143274873495;1.6451329187816554622e-08;
572704.84698978590313;1.6602825780864804983e-08;
573038.20254682307132;1.6558377780029331916e-08;
573371.5581038602395;1.5714800127852868172e-08;
573704.91366089740768;1.5425881016994935635e-08;
574038.26921793457586;1.6679800651786536037e-08;
574371.62477497174405;1.6102040589771604573e-08;
574704.98033200891223;1.5831371769081670209e-08;
575038.33588904608041;1.5849238366172357928e-08;
575371.69144608324859;1.5933798280798328051e-08;
575705.04700312041678;1.4876076370740065613e-08;
576038.40256015758496;1.6322593054951539671e-08;
576371.75811719475314;1.7854256739724405634e-08;
576705.11367423192132;1.5566074651474082202e-08;
577038.46923126908951;1.5519846741085530084e-08;
577371.82478830625769;1.6202061914327714476e-08;
577705.18034534342587;1.6606646724426354922e-08;
578038.53590238059405;1.5745861503546620952e-08;
578371.89145941776223;1.5854890733635329525e-08;
578705.24701645493042;1.5973315115047626023e-08;
579038.6025734920986;1.6193697049970978696e-08;
579371.95813052926678;1.6872984787141831475e-08;
579705.31368756643496;1.6797686797076494258e-08;
580038.66924460360315;1.5585966295361686207e-08;
580372.02480164077133;1.5534631359059858369e-08;
580705.38035867793951;1.6193924423646421928e-08;
581038.73591571510769;1.5933938612988640671e-08;
581372.09147275227588;1.5432602751275226183e-08;
581705.44702978944406;1.6617825338016700698e-08;
582038.80258682661224;1.6807751634928536077e-08;
582372.15814386378042;1.6218066889450710732e-08;
582705.51370090094861;1.5708563338989733893e-08;
583038.86925793811679;1.5649812112883410009e-08;
583372.22481497528497;1.5090833471731457394e-08;
583705.58037201245315;1.5498240912847904838e-08;
584038.93592904962134;1.5217739957051890087e-08;
584372.29148608678952;1.5536187447651172988e-08;
584705.6470431239577;1.5965881061674735975e-08;
585039.00260016112588;1.5790348584232560825e-08;
585372.35815719829407;1.5954974230680818437e-08;
585705.71371423546225;1.5061116798165130604e-08;
586039.06927127263043;1.7782168626467864669e-08;
586372.42482830979861;1.6258145052461259183e-08;
586705.7803853469668;1.6390549362199635652e-08;
587039.13594238413498;1.6005364145144085342e-08;
587372.49149942130316;1.5704369360491909902e-08;
587705.84705645847134;1.6408726821737218415e-08;
588039.20261349563953;1.615457101422634878e-08;
588372.55817053280771;1.5266955699644313427e-08;
588705.91372756997589;1.585982190022150462e-08;
589039.26928460714407;1.6860539631124993321e-08;
589372.62484164431226;1.6224250387608663004e-08;
589705.98039868148044;1.6419166470882373687e-08;
590039.33595571864862;1.6761900312189936813e-08;
590372.6915127558168;1.5775126982475740078e-08;
590706.04706979298498;1.6795532076230301755e-08;
591039.40262683015317;1.6257802215591254935e-08;
591372.75818386732135;1.682642292166747211e-08;
591706.11374090448953;1.4807816306472432188e-08;
592039.46929794165771;1.6206360697879063082e-08;
592372.8248549788259;1.6619168263787287287e-08;
592706.18041201599408;1.6036155514598249283e-08;
593039.53596905316226;1.6502882616009628691e-08;
593372.89152609033044;1.5948137033205966873e-08;
593706.24708312749863;1.634109736414757208e-08;
594039.60264016466681;1.5548364373785261705e-08;
594372.95819720183499;1.5973821376746855094e-08;
594706.31375423900317;1.4861814001676521002e-08;
595039.66931127617136;1.5731650648831418948e-08;
595373.02486831333954;1.603967625385394058e-08;
595706.38042535050772;1.6236967326221929397e-08;
596039.7359823876759;1.5702989131227695907e-08;
596373.09153942484409;1.540833061142166116e-08;
596706.44709646201227;2.2165949076224933378e-08;
597039.80265349918045;2.554562783529945591e-08;
597373.15821053634863;1.7088748194282743498e-08;
597706.51376757351682;1.668642291008382017e-08;
598039.869324610685;1.5623962568156457564e-08;
598373.22488164785318;1.5090275695683885715e-08;
598706.58043868502136;1.5360601679503815831e-08;
599039.93599572218955;1.5964142008328963129e-08;
599373.29155275935773;1.5358443405943944526e-08;
599706.64710979652591;1.7025612919496779796e-08;
600040.00266683369409;1.656067638577951584e-08;
600373.35822387086228;1.553222972461298923e-08;
600706.71378090803046;1.648358605166322377e-08;
601040.06933794519864;1.5235233519206303754e-08;
601373.42489498236682;1.5282035192853982153e-08;
601706.78045201953501;1.5083623239320331777e-08;
602040.13600905670319;1.6530794511027124827e-08;
602373.49156609387137;1.5425664301460528804e-08;
602706.84712313103955;1.5487817250914304168e-08;
603040.20268016820773;1.612273159423693869e-08;
603373.55823720537592;1.6153123283402237576e-08;
603706.9137942425441;1.5981427736733166967e-08;
604040.26935127971228;1.6149661163922246487e-08;
604373.62490831688046;1.5256391705520400137e-08;
604706.98046535404865;1.6648534995056252228e-08;
605040.33602239121683;1.7041232425185626198e-08;
605373.69157942838501;1.7667115770336749847e-08;
605707.04713646555319;1.8088192277332382218e-08;
606040.40269350272138;1.8374029409073955321e-08;
606373.75825053988956;1.9344374990737378539e-08;
606707.11380757705774;1.837586793840273458e-08;
607040.46936461422592;1.7217811176806208096e-08;
607373.82492165139411;1.8271766322186522302e-08;
607707.18047868856229;1.708493613250539056e-08;
608040.53603572573047;1.732330190407083137e-08;
608373.89159276289865;1.8002188184595979692e-08;
608707.24714980006684;1.751479850042869657e-08;
609040.60270683723502;1.6494853483095539559e-08;
609373.9582638744032;1.6664833069057749526e-08;
609707.31382091157138;2.0113912313490800443e-08;
610040.66937794873957;1.7217145042991433002e-08;
610374.02493498590775;1.5530183361534000142e-08;
610707.38049202307593;1.6388820966994899209e-08;
611040.73604906024411;1.6219775744730213773e-08;
611374.0916060974123;1.6632370147817709949e-08;
611707.44716313458048;1.519570069774545118e-08;
612040.80272017174866;1.5798367059005613555e-08;
612374.15827720891684;1.6041790118492826878e-08;
612707.51383424608503;1.5923529161909755203e-08;
613040.86939128325321;1.6031760807777573064e-08;
613374.22494832042139;1.5476366854727530153e-08;
613707.58050535758957;1.6426724869234021753e-08;
614040.93606239475776;1.5709060718904765963e-08;
614374.29161943192594;1.5387987772896849492e-08;
614707.64717646909412;1.5751616899706277763e-08;
615041.0027335062623;1.5997803970435597876e-08;
615374.35829054343048;1.548251304939185502e-08;
615707.71384758059867;1.6076462827641080366e-08;
616041.06940461776685;1.6279523507023441198e-08;
616374.42496165493503;1.5673004227778619679e-08;
616707.78051869210321;1.5297667133040704357e-08;
617041.1360757292714;1.6061077801055034797e-08;
617374.49163276643958;1.5799088259882410057e-08;
617707.84718980360776;1.6017235537901797215e-08;
618041.20274684077594;1.561364548763322091e-08;
618374.55830387794413;1.6332402097418707854e-08;
618707.91386091511231;1.5494267202598166477e-08;
619041.26941795228049;1.5125575458796447492e-08;
619374.62497498944867;1.5644616269128164276e-08;
619707.98053202661686;1.5808694797669886611e-08;
620041.33608906378504;1.556648498990398366e-08;
620374.69164610095322;1.5749346715665524243e-08;
620708.0472031381214;1.5321012014624102449e-08;
621041.40276017528959;1.575925523411569884e-08;
621374.75831721245777;1.5385392515554485726e-08;
621708.11387424962595;1.5024438582145194232e-08;
622041.46943128679413;1.6477564201977656921e-08;
622374.82498832396232;1.6002891456423640193e-08;
622708.1805453611305;1.5607914960469315702e-08;
623041.53610239829868;1.5546234521934820805e-08;
623374.89165943546686;1.5764046068511561316e-08;
623708.24721647263505;1.6150542236914589012e-08;
624041.60277350980323;1.5427046307081582199e-08;
624374.95833054697141;1.5448035739495935559e-08;
624708.31388758413959;1.6223992815866949968e-08;
625041.66944462130778;1.5384527429773697804e-08;
625375.02500165847596;1.5440331679883456673e-08;
625708.38055869564414;1.5051886848027606902e-08;
626041.73611573281232;1.6099976463124221482e-08;
626375.09167276998051;1.5756736360117429285e-08;
626708.44722980714869;1.4592830943627177476e-08;
627041.80278684431687;1.540548844047862076e-08;
627375.15834388148505;1.5812943843229732011e-08;
627708.51390091865323;1.5913684592305799015e-08;
628041.86945795582142;1.5338086356564417656e-08;
628375.2250149929896;1.5778342188355054532e-08;
628708.58057203015778;1.598996490770332457e-08;
629041.93612906732596;1.5380068774106803176e-08;
629375.29168610449415;1.4458430008801315125e-08;
629708.64724314166233;1.5866593372493298375e-08;
630042.00280017883051;1.515605774216055579e-08;
630375.35835721599869;1.5998056213106792711e-08;
630708.71391425316688;1.484704448273532762e-08;
631042.06947129033506;1.5784774376470522839e-08;
631375.42502832750324;1.6237679645314528898e-08;
631708.78058536467142;1.4982608931290997134e-08;
632042.13614240183961;1.6179763306922723132e-08;
632375.49169943900779;1.600705168414151558e-08;
632708.84725647617597;1.4775075385387026472e-08;
633042.20281351334415;1.5643818684907273564e-08;
633375.55837055051234;1.5866481462012416159e-08;
633708.91392758768052;1.5893681037937312794e-08;
634042.2694846248487;1.5141287335040942708e-08;
634375.62504166201688;1.6030240246323046449e-08;
634708.98059869918507;1.6749714504271651094e-08;
635042.33615573635325;1.5704948452821554383e-08;
635375.69171277352143;1.5168629019512991363e-08;
635709.04726981068961;1.5165751321433162957e-08;
636042.4028268478578;1.6244669609477568883e-08;
636375.75838388502598;1.5724079815981895081e-08;
636709.11394092219416;1.5145170451091871655e-08;
637042.46949795936234;1.5867959390902797168e-08;
637375.82505499653053;1.6823024751033699431e-08;
637709.18061203369871;1.5608270231837195752e-08;
638042.53616907086689;1.5415341891866773949e-08;
638375.89172610803507;1.5343017523150592751e-08;
638709.24728314520326;1.9840877385490784945e-08;
639042.60284018237144;1.4892209243555498688e-08;
639375.95839721953962;1.6604021269017721352e-08;
639709.3139542567078;1.5449609591655644181e-08;
640042.66951129387598;1.5398237351860188937e-08;
640376.02506833104417;1.5681267839795509644e-08;
640709.38062536821235;1.5948501186358043924e-08;
641042.73618240538053;1.5488987870071468933e-08;
641376.09173944254871;1.5374126860479009338e-08;
641709.4472964797169;1.5450153156848500657e-08;
642042.80285351688508;1.6604692731903014646e-08;
642376.15841055405326;1.5376395268162923458e-08;
642709.51396759122144;1.4800482617260968254e-08;
643042.86952462838963;1.5991115986935255933e-08;
643376.22508166555781;1.5143175602361225174e-08;
643709.58063870272599;1.489356993289447928e-08;
644042.93619573989417;1.5412119580560101895e-08;
644376.29175277706236;1.5186467194894248678e-08;
644709.64730981423054;1.433037688514104957e-08;
645043.00286685139872;1.607123856217640423e-08;
645376.3584238885669;1.5390366314704806427e-08;
645709.71398092573509;1.5972558387034041516e-08;
646043.06953796290327;1.53064849683914872e-08;
646376.42509500007145;1.551017092538131692e-08;
646709.78065203723963;1.4329395447987280932e-08;
647043.13620907440782;1.5321820256986029563e-08;
647376.491766111576;1.5082006754596477549e-08;
647709.84732314874418;1.573286567690956872e-08;
648043.20288018591236;1.5226001792711940652e-08;
648376.55843722308055;1.9646334337153348315e-08;
648709.91399426024873;1.6260687019098440942e-08;
649043.26955129741691;1.5466500968841501162e-08;
649376.62510833458509;1.542173500013177545e-08;
649709.98066537175328;1.5122280316859360028e-08;
650043.33622240892146;1.5370373418477356608e-08;
650376.69177944608964;1.5846564949129060551e-08;
650710.04733648325782;1.4330780118143593427e-08;
651043.40289352042601;1.5442310541402548552e-08;
651376.75845055759419;1.5428943456186061667e-08;
651710.11400759476237;1.4937695524963601201e-08;
652043.46956463193055;1.4771234901900243131e-08;
652376.82512166909873;1.4648438018127762916e-08;
652710.18067870626692;1.5933602881545994023e-08;
653043.5362357434351;1.5668931041545874905e-08;
653376.89179278060328;1.6286675119658866606e-08;
653710.24734981777146;1.5249076668055749906e-08;
654043.60290685493965;1.6101390443168384081e-08;
654376.95846389210783;1.5527483299138111761e-08;
654710.31402092927601;1.5103298167673528951e-08;
655043.66957796644419;1.5132805231132806512e-08;
655377.02513500361238;1.617436318213094637e-08;
655710.38069204078056;1.55206656415884936e-08;
656043.73624907794874;1.5776596029581924086e-08;
656377.09180611511692;1.4247365953679036465e-08;
656710.44736315228511;1.4913965173946053255e-08;
657043.80292018945329;1.6050725193395010137e-08;
657377.15847722662147;1.5226349958652463101e-08;
657710.51403426378965;1.5471066205918759806e-08;
658043.86959130095784;1.5378692097556267981e-08;
658377.22514833812602;1.4655103797167612356e-08;
658710.5807053752942;1.4104496237621333421e-08;
659043.93626241246238;1.4982424190179699508e-08;
659377.29181944963057;1.5839523470617677958e-08;
659710.64737648679875;1.5339621128873659472e-08;
660044.00293352396693;1.5066145664377472713e-08;
660377.35849056113511;1.5953039778082711564e-08;
660710.7140475983033;1.5986424628522399871e-08;
661044.06960463547148;1.4922743929446369293e-08;
661377.42516167263966;1.5630687855150426913e-08;
661710.78071870980784;1.5175531942190900736e-08;
662044.13627574697603;1.4816272653206397081e-08;
662377.49183278414421;1.5705003519883575791e-08;
662710.84738982131239;1.4956915705965911911e-08;
663044.20294685848057;1.5230041228164736822e-08;
663377.55850389564876;1.4961804239987941401e-08;
663710.91406093281694;1.5401754538402201433e-08;
664044.26961796998512;1.5592457103252854722e-08;
664377.6251750071533;1.4626811761786484567e-08;
664710.98073204432148;1.6017684956182165479e-08;
665044.33628908148967;1.5767978922553993471e-08;
665377.69184611865785;1.5187133328709023772e-08;
665711.04740315582603;1.575131136632990092e-08;
666044.40296019299421;1.5336899750195698289e-08;
666377.7585172301624;1.4893883459876633424e-08;
666711.11407426733058;1.4914620649619791948e-08;
667044.46963130449876;1.5240425810247870686e-08;
667377.82518834166694;1.5546943288313741505e-08;
667711.18074537883513;1.4855705998684243241e-08;
668044.53630241600331;1.5943093956138909562e-08;
668377.89185945317149;1.525194370799454191e-08;
668711.24741649033967;1.4925943148114129144e-08;
669044.60297352750786;1.5320367197091400158e-08;
669377.95853056467604;1.5021718979824072449e-08;
669711.31408760184422;1.6178029582647468487e-08;
670044.6696446390124;1.5276667042485314596e-08;
670378.02520167618059;1.4863380748408872023e-08;
670711.38075871334877;1.4937354464450436353e-08;
671044.73631575051695;1.5391961483146587852e-08;
671378.09187278768513;1.5044616219483941677e-08;
671711.44742982485332;1.5450533297212132311e-08;
672044.8029868620215;1.6194862340057625261e-08;
672378.15854389918968;1.5259018937285873108e-08;
672711.51410093635786;1.5583749402026114694e-08;
673044.86965797352605;1.5041127454651359585e-08;
673378.22521501069423;1.5289501220649981406e-08;
673711.58077204786241;1.4982319385126174893e-08;
674044.93632908503059;1.5282706655739275448e-08;
674378.29188612219878;1.4697334904667513911e-08;
674711.64744315936696;1.4919573132488039846e-08;
675045.00300019653514;1.4699710781940211746e-08;
675378.35855723370332;1.524229986671343795e-08;
675711.71411427087151;1.5108101436567267228e-08;
676045.06967130803969;1.5104491879469605919e-08;
676378.42522834520787;1.4659249814030772541e-08;
676711.78078538237605;1.5174306255971714563e-08;
677045.13634241954423;1.4994984809391098679e-08;
677378.49189945671242;1.5272695108592415636e-08;
677711.8474564938806;1.4946067494747694582e-08;
678045.20301353104878;1.617265787956512213e-08;
678378.55857056821696;1.5084127724662721448e-08;
678711.91412760538515;1.5388879504030228418e-08;
679045.26968464255333;1.48483225714812761e-08;
679378.62524167972151;1.4876023968213303306e-08;
679711.98079871688969;1.5484662441167529323e-08;
680045.33635575405788;1.4309573082016413537e-08;
680378.69191279122606;1.5945587961141427513e-08;
680712.04746982839424;1.4734251152503929916e-08;
681045.40302686556242;1.5599196601101539272e-08;
681378.75858390273061;1.479024192008182581e-08;
681712.11414093989879;1.5209373316338314908e-08;
682045.46969797706697;1.5003310593897367653e-08;
682378.82525501423515;1.5621491655792851816e-08;
682712.18081205140334;1.4996855313142987143e-08;
683045.53636908857152;1.458250320496290442e-08;
683378.8919261257397;1.6162065463731778436e-08;
683712.24748316290788;1.5153128529732384777e-08;
684045.60304020007607;1.5225200655777371139e-08;
684378.95859723724425;1.5838800493384042056e-08;
684712.31415427441243;1.5389096219564635248e-08;
685045.66971131158061;1.4536592374270185246e-08;
685379.0252683487488;1.4961672789581825782e-08;
685712.38082538591698;1.5909744632836009259e-08;
686045.73638242308516;1.5233466044151100505e-08;
686379.09193946025334;1.4077292220804338285e-08;
686712.44749649742153;1.4736995623820803303e-08;
687045.80305353458971;1.5926298502222380193e-08;
687379.15861057175789;1.5330353875242508366e-08;
687712.51416760892607;1.5563941246909962501e-08;
688045.86972464609426;1.4525232572282220644e-08;
688379.22528168326244;1.4829240946312438609e-08;
688712.58083872043062;1.5634560313060319459e-08;
689045.9363957575988;1.4520741942192216811e-08;
689379.29195279476698;1.4883133836463002808e-08;
689712.64750983193517;1.4759303113009991648e-08;
690046.00306686910335;1.5386069307510297222e-08;
690379.35862390627153;1.4905086942462730804e-08;
690712.71418094343971;1.4837787887245212914e-08;
691046.0697379806079;1.6101362021458953677e-08;
691379.42529501777608;1.5990863744264061097e-08;
691712.78085205494426;1.5411146137012110557e-08;
692046.13640909211244;1.5444697964994702488e-08;
692379.49196612928063;1.5910609718616797181e-08;
692712.84752316644881;1.5748158332939965476e-08;
693046.20308020361699;1.4761921462991267617e-08;
693379.55863724078517;1.5094359540057666891e-08;
693712.91419427795336;1.4925024771628159215e-08;
694046.26975131512154;1.5973764533327994286e-08;
694379.62530835228972;1.5405813513780231006e-08;
694712.9808653894579;1.5009348430794489104e-08;
695046.33642242662609;1.4821322835700811993e-08;
695379.69197946379427;1.5162688882242036925e-08;
695713.04753650096245;1.4896997413416102063e-08;
696046.40309353813063;1.4972689754699786135e-08;
696379.75865057529882;1.4814971471821536397e-08;
696713.114207612467;1.4458048980259263772e-08;
697046.46976464963518;1.5329735703062397079e-08;
697379.82532168680336;1.5299333355756061792e-08;
697713.18087872397155;1.4365236111757440085e-08;
698046.53643576113973;1.6011213688216230366e-08;
698379.89199279830791;1.5873952818878933613e-08;
698713.24754983547609;1.6228867139034264255e-08;
699046.60310687264428;1.4821557314803612826e-08;
699379.95866390981246;1.4201412490422171686e-08;
699713.31422094698064;1.4891790023341400229e-08;
700046.66977798414882;1.5001782927015483438e-08;
700380.02533502131701;1.6054814366839309514e-08;
700713.38089205848519;1.483364364673889213e-08;
701046.73644909565337;1.5232343386628599546e-08;
701380.09200613282155;1.508995772780963307e-08;
701713.44756316998973;1.5355043458953332447e-08;
702046.80312020715792;1.4601754472209904634e-08;
702380.1586772443261;1.573939023558068584e-08;
702713.51423428149428;1.5550577714407154417e-08;
703046.86979131866246;1.4663473990594866336e-08;
703380.22534835583065;1.4833174688533290464e-08;
703713.58090539299883;1.5510471129687175562e-08;
704046.93646243016701;1.9191448430433410977e-08;
704380.29201946733519;1.4598342978899836453e-08;
704713.64757650450338;1.5249719709231612796e-08;
705047.00313354167156;1.4618874111249624548e-08;
705380.35869057883974;1.5572338085689807485e-08;
705713.71424761600792;1.4773985590466054418e-08;
706047.06980465317611;1.5416155463299219264e-08;
706380.42536169034429;1.5016706100823284942e-08;
706713.78091872751247;1.5520992491246943246e-08;
707047.13647576468065;1.451775766270202439e-08;
707380.49203280184884;1.5228570404701713414e-08;
707713.84758983901702;1.4456627006609323871e-08;
708047.2031468761852;1.619244471839920152e-08;
708380.55870391335338;1.5001994313479372067e-08;
708713.91426095052157;1.5614633142035927449e-08;
709047.26981798768975;1.502364632699482172e-08;
709380.62537502485793;1.5752169346683331241e-08;
709713.98093206202611;1.563464380183177127e-08;
710047.3364890991943;1.5083914561841993418e-08;
710380.69204613636248;1.5033203126790795068e-08;
710714.04760317353066;1.4838048123522185051e-08;
711047.40316021069884;1.4973609907542595465e-08;
711380.75871724786703;1.506421298813620524e-08;
711714.11427428503521;1.4991824670573805633e-08;
712047.46983132220339;1.5810833531304524513e-08;
712380.82538835937157;1.5290844146420567995e-08;
712714.18094539653976;1.5937493103024280572e-08;
713047.53650243370794;1.5965937905093596783e-08;
713380.89205947087612;1.5427234600906558626e-08;
713714.2476165080443;1.4877225673615157575e-08;
714047.60317354521248;1.5256258478757445118e-08;
714380.95873058238067;1.5521129270723577065e-08;
714714.31428761954885;1.544847094692158862e-08;
715047.66984465671703;1.4621391208891054703e-08;
715381.02540169388521;1.5187747948175456258e-08;
715714.3809587310534;1.4883943855181769322e-08;
716047.73651576822158;1.5596210545254507451e-08;
716381.09207280538976;1.5066675018715613987e-08;
716714.44762984255794;1.4625321398398227757e-08;
717047.80318687972613;1.4402836256977025187e-08;
717381.15874391689431;1.4960017225007504749e-08;
717714.51430095406249;1.4593907415871854028e-08;
718047.86985799123067;1.4888860810913229216e-08;
718381.22541502839886;1.4388167990375677618e-08;
718714.58097206556704;1.5639807671163907798e-08;
719047.93652910273522;1.427442253287836138e-08;
719381.2920861399034;1.5100512840149349358e-08;
719714.64764317707159;1.4698367856169625156e-08;
720048.00320021423977;1.5466717684375907993e-08;
720381.35875725140795;1.6491753740410786122e-08;
720714.71431428857613;1.6371412669968776754e-08;
721048.06987132574432;1.5073320369651810324e-08;
721381.4254283629125;1.4936119896447053179e-08;
721714.78098540008068;1.4497980593830561702e-08;
722048.13654243724886;1.5861688851259714284e-08;
722381.49209947441705;1.4856150087894093303e-08;
722714.84765651158523;1.525095250087815657e-08;
723048.20321354875341;1.531662618958762323e-08;
723381.55877058592159;1.5312858536731255299e-08;
723714.91432762308978;1.5139425713073251245e-08;
724048.26988466025796;1.5508536677089068689e-08;
724381.62544169742614;1.4633108946782158455e-08;
724714.98099873459432;1.4756632360501953372e-08;
725048.33655577176251;1.4612172805072987103e-08;
725381.69211280893069;1.5267062281054677442e-08;
725715.04766984609887;1.4988506435997805966e-08;
726048.40322688326705;1.4699065076229089755e-08;
726381.75878392043523;1.4566398753856901749e-08;
726715.11434095760342;1.5266632402699542581e-08;
727048.4698979947716;1.5265936070818497683e-08;
727381.82545503193978;1.5567495736945602403e-08;
727715.18101206910796;1.44156953041374436e-08;
728048.53656910627615;1.4953920768334683089e-08;
728381.89212614344433;1.5228570404701713414e-08;
728715.24768318061251;1.4941473835961005534e-08;
729048.60324021778069;1.5313531775973387994e-08;
729381.95879725494888;1.4821895710781518574e-08;
729715.31435429211706;1.5439516332094171958e-08;
730048.66991132928524;1.4460995956255828787e-08;
730382.02546836645342;1.3829672518284041871e-08;
730715.38102540362161;1.5560059907215872954e-08;
731048.73658244078979;1.5389447938218836498e-08;
731382.09213947795797;1.5421219856648349378e-08;
731715.44769651512615;1.4988557950346148573e-08;
732048.80325355229434;1.5655063023700677149e-08;
732382.15881058946252;1.5080418691582053725e-08;
732715.5143676266307;1.3856398695111238339e-08;
733048.86992466379888;1.4772142620245176658e-08;
733382.22548170096707;1.553804374054834625e-08;
733715.58103873813525;1.445690589463310971e-08;
734048.93659577530343;1.5499329819590457191e-08;
734382.29215281247161;1.5769835215451166732e-08;
734715.6477098496398;1.6150710990814332035e-08;
735049.00326688680798;1.598187537865669583e-08;
735382.35882392397616;1.5064399505604342266e-08;
735715.71438096114434;2.5527503666467055154e-08;
736049.06993799831253;1.4880283671914185106e-08;
736382.42549503548071;1.503378399547727895e-08;
736715.78105207264889;1.4667364212073152885e-08;
737049.13660910981707;1.5360654970208997838e-08;
737382.49216614698526;1.5057942448493122356e-08;
737715.84772318415344;1.4574180084991894546e-08;
738049.20328022132162;1.5052943780347050051e-08;
738382.5588372584898;1.5488932803009447525e-08;
738715.91439429565798;1.5694578081593135721e-08;
739049.26995133282617;1.5717148471594555303e-08;
739382.62550836999435;1.4970217065979340987e-08;
739715.98106540716253;1.4202185205647310795e-08;
740049.33662244433071;1.5861967739283500123e-08;
740382.6921794814989;1.5195272595747155719e-08;
740716.04773651866708;1.5237240802434826037e-08;
741049.40329355583526;1.5050776625002981746e-08;
741382.75885059300344;1.4671100778684831312e-08;
741716.11440763017163;1.488768397450712655e-08;
742049.46996466733981;1.4776166068486418226e-08;
742382.82552170450799;1.4478636956027912674e-08;
742716.18107874167617;1.5108923889783909544e-08;
743049.53663577884436;1.4968666306458544568e-08;
743382.89219281601254;1.4631669209563824552e-08;
743716.24774985318072;1.5989401802585234691e-08;
744049.6033068903489;1.5149481669141096063e-08;
744382.95886392751709;1.514229808208256145e-08;
744716.31442096468527;1.470818311588573124e-08;
745049.66997800185345;1.5798699237734581402e-08;
745383.02553503902163;1.5537414910227198561e-08;
745716.38109207618982;3.7067440672444718075e-08;
746049.736649113358;1.4842584938890013291e-08;
746383.09220615052618;1.4299747164159271051e-08;
746716.44776318769436;1.5450044799081297242e-08;
747049.80332022486255;1.5474627801381757308e-08;
747383.15887726203073;1.4731818431812371273e-08;
747716.51443429919891;1.5813638398753937508e-08;
748049.86999133636709;1.4506438716921365994e-08;
748383.22554837353528;1.4948405180348345311e-08;
748716.58110541070346;1.4949272042485972634e-08;
749049.93666244787164;1.4820854765673630027e-08;
749383.29221948503982;1.5636731021118066565e-08;
749716.64777652220801;1.5167776368230079242e-08;
750050.00333355937619;1.5362624949943892716e-08;
750383.35889059654437;1.5256016894227286684e-08;
750716.71444763371255;1.4868577480342537456e-08;
751050.07000467088073;1.6017375870092109835e-08;
751383.42556170804892;1.521052261921340687e-08;
751716.7811187452171;1.4918970947519483161e-08;
752050.13667578238528;1.4867532982520970108e-08;
752383.49223281955346;1.6226444188305322314e-08;
752716.84778985672165;1.4669296888314420357e-08;
753050.20334689388983;1.4893883459876633424e-08;
753383.55890393105801;1.4258032088321215269e-08;
753716.91446096822619;1.6442083250467476319e-08;
754050.27001800539438;1.5289044696942255541e-08;
754383.62557504256256;1.4698213313124597335e-08;
754716.98113207973074;1.5153768018194568867e-08;
755050.33668911689892;1.485868139639023866e-08;
755383.69224615406711;1.4637222101043789735e-08;
755717.04780319123529;1.509847002978403907e-08;
756050.40336022840347;1.5652396712084737374e-08;
756383.75891726557165;1.5123953645002075064e-08;
756717.11447430273984;1.5158480692889497732e-08;
757050.47003133990802;1.4465975972655087389e-08;
757383.8255883770762;1.5829815680490355589e-08;
757717.18114541424438;1.4783799073825321102e-08;
758050.53670245141257;1.5247469065116092679e-08;
758383.89225948858075;1.5175851686421992781e-08;
758717.24781652574893;1.5619022519786085468e-08;
759050.60337356291711;1.4754196087096715928e-08;
759383.9589306000853;1.5280022580554941669e-08;
759717.31448763725348;1.5160157573745891568e-08;
760050.67004467442166;1.6301759941939053533e-08;
760384.02560171158984;1.5678567777399621264e-08;
760717.38115874875803;1.5407707110171031673e-08;
761050.73671578592621;1.6036970862387533998e-08;
761384.09227282309439;1.6001962421796633862e-08;
761717.44782986026257;1.4814321325218315906e-08;
762050.80338689743076;1.5371345085668508545e-08;
762384.15894393459894;1.4253674684994166455e-08;
762717.51450097176712;1.4387157243334058876e-08;
763050.8700580089353;1.5374963524550366856e-08;
763384.22561504610348;1.4928486891108150303e-08;
763717.58117208327167;1.5996173274857028446e-08;
764050.93672912043985;1.572123409232517588e-08;
764384.29228615760803;2.0661538258082146058e-08;
764717.64784319477621;1.4989085528327450447e-08;
765051.0034002319444;1.4120685953855627304e-08;
765384.35895726911258;1.4261388514569262043e-08;
765717.71451430628076;1.5557571231283873203e-08;
766051.07007134344894;1.4881199383864895935e-08;
766384.42562838061713;1.5300059885703376494e-08;
766717.78118541778531;1.5280479104262667533e-08;
767051.13674245495349;1.5610931214382617327e-08;
767384.49229949212167;1.4817964633095925819e-08;
767717.84785652928986;1.5266714115114154993e-08;
768051.20341356645804;1.5224156157955803792e-08;
768384.55897060362622;1.5304683742556335346e-08;
768717.9145276407944;1.5142909148835315136e-08;
769051.27008467796259;1.5222150651084120909e-08;
769384.62564171513077;1.5550549292697724013e-08;
769717.98119875229895;1.6429581251031777356e-08;
770051.33675578946713;1.4995748642832040787e-08;
770384.69231282663532;1.4832236772122087132e-08;
770718.0478698638035;1.5544157960789561912e-08;
771051.40342690097168;1.4483546806332014967e-08;
771384.75898393813986;1.5383529117229954863e-08;
771718.11454097530805;1.5707597000869100157e-08;
772051.47009801247623;1.4709501172660566226e-08;
772384.82565504964441;1.5473593961701226362e-08;
772718.18121208681259;1.6124459989441675134e-08;
773051.53676912398078;1.5539026065880534588e-08;
773384.89232616114896;1.5162955335767946963e-08;
773718.24788319831714;1.4209672549725382851e-08;
774051.60344023548532;1.5546042675396165578e-08;
774384.95899727265351;1.5018368770824963576e-08;
774718.31455430982169;1.5218835969221800042e-08;
775051.67011134698987;1.578017183589963679e-08;
775385.02566838415805;1.6177574835296582023e-08;
775718.38122542132623;1.401902505193675097e-08;
776051.73678245849442;1.5094704153284510539e-08;
776385.0923394956626;1.4424764493981001579e-08;
776718.44789653283078;1.543151739724635263e-08;
777051.80345356999896;1.5377125350823916961e-08;
777385.15901060716715;1.5106190076608072559e-08;
777718.51456764433533;1.5268510011878788646e-08;
778051.87012468150351;1.4694546912608075218e-08;
778385.22568171867169;1.523357440191830392e-08;
778718.58123875583988;1.4240034040824411932e-08;
779051.93679579300806;1.4738082754206516256e-08;
779385.29235283017624;1.5811833620205106854e-08;
779718.64790986734442;1.5873228065288458311e-08;
780052.00346690451261;1.5044696155541714688e-08;
780385.35902394168079;1.4631874378778775281e-08;
780718.71458097884897;1.5615428949899978761e-08;
781052.07013801601715;1.4877774567878532253e-08;
781385.42569505318534;1.5079702819775775424e-08;
781718.78125209035352;1.4443198637081877678e-08;
782052.1368091275217;1.4242636403594133299e-08;
782385.49236616468988;1.5054265389835563838e-08;
782718.84792320185807;1.5327715985335998994e-08;
783052.20348023902625;1.4716660778901768936e-08;
783385.55903727619443;1.5691959731611859752e-08;
783718.91459431336261;1.5075359627303441812e-08;
784052.2701513505308;1.4710250795246793132e-08;
784385.62570838769898;1.4332793618621053611e-08;
784718.98126542486716;1.5478461179441183049e-08;
785052.33682246203534;1.5588677015898610989e-08;
785385.69237949920353;1.5136500053358759033e-08;
785719.04793653637171;1.4857428176640041784e-08;
786052.40349357353989;1.4518803936880431138e-08;
786385.75905061070807;1.5957720478354531224e-08;
786719.11460764787626;1.5743566450510115828e-08;
787052.47016468504444;1.5173213796515483409e-08;
787385.82572172221262;1.5380232198936027999e-08;
787719.1812787593808;1.5831483679562552425e-08;
788052.53683579654898;1.5059688607266252802e-08;
788385.89239283371717;1.5883102832958684303e-08;
788719.24794987088535;1.4193056507849632908e-08;
789052.60350690805353;1.4351539512347244454e-08;
789385.95906394522171;1.5556807397842931096e-08;
789719.3146209823899;1.5288238230937167828e-08;
790052.67017801955808;1.5680468479217779532e-08;
790386.02573505672626;1.5366296679530933034e-08;
790719.38129209389444;1.5747438908420008374e-08;
791052.73684913106263;1.5451048440695558384e-08;
791386.09240616823081;1.5262395791637572984e-08;
791719.44796320539899;1.555194373281665321e-08;
792052.80352024256717;1.5414746812325574865e-08;
792386.15907727973536;1.5824031862621268374e-08;
792719.51463431690354;1.5054133939429448219e-08;
793052.87019135407172;1.6273919101195133408e-08;
793386.2257483912399;1.4423092054016706243e-08;
793719.58130542840809;1.5475878356596695085e-08;
794052.93686246557627;1.569286922631363268e-08;
794386.29241950274445;1.4834217409998018411e-08;
794719.64797653991263;1.5797812835671720677e-08;
795053.00353357708082;1.4922770574798960297e-08;
795386.359090614249;1.5159278277110388444e-08;
795719.71464765141718;1.5586925528054962342e-08;
796053.07020468858536;1.5127195496233980521e-08;
796386.42576172575355;1.5287163535049330676e-08;
796719.78131876292173;1.5470034142595068261e-08;
797053.13687580008991;1.5471854908355453517e-08;
797386.49243283725809;1.5210817494448747311e-08;
797719.84798987442628;1.56766954972908934e-08;
798053.20354691159446;1.48596734916850437e-08;
798386.55910394876264;1.5044088641502639803e-08;
798719.91466098593082;1.4818615667877566011e-08;
799053.27021802309901;1.5276667042485314596e-08;
799386.62577506026719;1.6157153837070836744e-08;
799719.98133209743537;1.5474844516916164139e-08;
800053.33688913460355;1.5348058823860810662e-08;
800386.69244617177173;1.5453002433218898659e-08;
800720.04800320893992;1.5582051204887648055e-08;
801053.4035602461081;1.626825962830480421e-08;
801386.75911728327628;1.5287834997934623971e-08;
801720.11467432044446;1.6246239908923598705e-08;
802053.47023135761265;1.4857585384220328706e-08;
802386.82578839478083;1.5306081735388943343e-08;
802720.18134543194901;1.4419696547918192664e-08;
803053.53690246911719;1.5448796020223198866e-08;
803386.89245950628538;1.5731677294184009952e-08;
803720.24801654345356;1.5177691992107611441e-08;
804053.60357358062174;1.5170467548841770622e-08;
804386.95913061778992;1.5961617805260175373e-08;
804720.31468765495811;1.5740578618306244607e-08;
805053.67024469212629;1.458009535326709738e-08;
805387.02580172929447;1.517265424411107233e-08;
805720.38135876646265;1.7026060561420308659e-08;
806053.73691580363084;1.5810499576218717266e-08;
806387.09247284079902;1.584038678004162648e-08;
806720.4480298779672;1.5966049815574478998e-08;
807053.80358691513538;1.5515539075749984477e-08;
807387.15914395230357;1.634925261839725863e-08;
807720.51470098947175;1.4980820139953721082e-08;
808053.87025802663993;1.525052262252302171e-08;
808387.22581506380811;1.6408353786800944363e-08;
808720.5813721009763;1.564698060008140601e-08;
809053.93692913814448;1.4818563265350803704e-08;
809387.29248617531266;1.5635219341447736952e-08;
809720.64804321248084;1.5987014378993080754e-08;
810054.00360024964903;1.5070273917672238895e-08;
810387.35915728681721;1.4758499311540163035e-08;
810720.71471432398539;1.6077901676680994569e-08;
811054.07027136115357;1.572159291640673473e-08;
811387.42582839832176;1.5789488827522291103e-08;
811720.78138543548994;1.4858550834162542742e-08;
812054.13694247265812;1.4942418857799566467e-08;
812387.4924995098263;1.5397452202137174027e-08;
812720.84805654699448;1.4820489724343133275e-08;
813054.20361358416267;1.5754245907828590134e-08;
813387.55917062133085;1.4981003104708179308e-08;
813720.91472765849903;1.5441795397919122479e-08;
814054.27028469566721;1.5528518915175482107e-08;
814387.6258417328354;1.4453731544961101463e-08;
814720.98139877000358;1.6045904160932877858e-08;
815054.33695580717176;1.5394260088896771776e-08;
815387.69251284433994;1.5890638138671420165e-08;
815721.04806988150813;1.5328874169995287957e-08;
816054.40362691867631;1.5800615926764294272e-08;
816387.75918395584449;1.5198102332192320318e-08;
816721.11474099301267;1.4551308602506196621e-08;
817054.47029803018086;1.4743235965397616383e-08;
817387.82585506734904;1.5356878435568432906e-08;
817721.18141210451722;1.4462697706107974227e-08;
818054.5369691416854;1.5539763253968885692e-08;
818387.89252617885359;1.524669279717727477e-08;
818721.24808321602177;1.505130420298428362e-08;
819054.60364025318995;1.4832731487501860101e-08;
819387.95919729035813;1.4673265269493640517e-08;
819721.31475432752632;1.4856932573081849114e-08;
820054.6703113646945;1.5292455302073904022e-08;
820388.02586840186268;1.4948010829129998456e-08;
820721.38142543903086;1.4303816797678337025e-08;
821054.73698247619905;1.5739583858476180467e-08;
821388.09253951336723;1.4788682278776832391e-08;
821721.44809655053541;1.5421896648604160873e-08;
822054.80365358770359;1.548485251134934515e-08;
822388.15921062487178;1.5799033192820388649e-08;
822721.51476766203996;1.5321738544571417151e-08;
823054.87032469920814;1.6135398794858701876e-08;
823388.22588173637632;1.5031117683861339174e-08;
823721.58143877354451;1.5535258413024166657e-08;
824054.93699581071269;1.4958807525999873178e-08;
824388.29255284788087;1.6171636474382466986e-08;
824721.64810988504905;1.4807530313021288748e-08;
825055.00366692221723;1.4423243932526474964e-08;
825388.35922395938542;1.5370858363894512877e-08;
825721.7147809965536;1.5690552856995054753e-08;
826055.07033803372178;1.5858372393040554016e-08;
826388.42589507088996;1.5199624670003686333e-08;
826721.78145210805815;1.5330247293832144351e-08;
827055.13700914522633;1.5384392426653903385e-08;
827388.49256618239451;1.5036002665169689863e-08;
827721.84812321956269;1.5549238341350246628e-08;
828055.20368025673088;1.4780085599852554878e-08;
828388.55923729389906;1.4943653425802949641e-08;
828721.91479433106724;1.6475768305213023268e-08;
829055.27035136823542;1.5677988685069976782e-08;
829388.62590840540361;1.5403241349076779443e-08;
829721.98146544257179;1.6030240246323046449e-08;
830055.33702247973997;1.5327096036799048306e-08;
830388.69257951690815;1.4762310485139096272e-08;
830722.04813655407634;1.5259850272286712425e-08;
831055.40369359124452;1.5033123190733022057e-08;
831388.7592506284127;1.549492090191506577e-08;
831722.11480766558088;1.5277391796075789898e-08;
832055.47036470274907;1.5746220327628179803e-08;
832388.82592173991725;1.5763186311801291595e-08;
832722.18147877708543;1.518038494907614222e-08;
833055.53703581425361;1.538939464751365449e-08;
833388.8925928514218;1.5281042209380757413e-08;
833722.24814988858998;1.5862273272659876966e-08;
834055.60370692575816;1.564698060008140601e-08;
834388.95926396292634;1.5352426885328895878e-08;
834722.31482100009453;1.4907286072229908314e-08;
835055.67037803726271;1.4440915130364828656e-08;
835389.02593507443089;1.4549110360917438811e-08;
835722.38149211159907;1.5180704693307234265e-08;
836055.73704914876726;1.4781851298550918727e-08;
836389.09260618593544;1.6151677328934965772e-08;
836722.44816322310362;1.5563449196065448632e-08;
837055.8037202602718;1.5500502215104461357e-08;
837389.15927729743998;1.4580325391477799712e-08;
837722.51483433460817;1.6128879565258102957e-08;
838055.87039137177635;1.5565664313044180744e-08;
838389.22594840894453;1.4923530855526223604e-08;
838722.58150544611271;1.4537357984067966754e-08;
839055.9370624832809;1.488349976597191926e-08;
839389.29261952044908;1.521527970282932074e-08;
839722.64817655761726;1.4864947495141223044e-08;
840056.00373359478544;1.5739473724352137651e-08;
840389.35929063195363;1.5376421913515514461e-08;
840722.71484766912181;1.54610955149792062e-08;
841056.07040470628999;1.5317594304065096367e-08;
841389.42596174345817;1.5846703504962533771e-08;
841722.78151878062636;1.4579249807411542861e-08;
842056.13707581779454;1.5430650535108725308e-08;
842389.49263285496272;1.658507287061183888e-08;
842722.8481898921309;1.573762098416864319e-08;
843056.20374692929909;1.5358361693529332115e-08;
843389.55930396646727;1.5231272243454441195e-08;
843722.91486100363545;1.5697445121531927725e-08;
844056.27041804080363;1.6089883203562749259e-08;
844389.62597507797182;1.5000464870240648452e-08;
844722.98153211514;1.5359116645186077221e-08;
845056.33708915230818;1.5809611397799017141e-08;
845389.69264618947636;1.5243665885122936743e-08;
845723.04820322664455;1.502654889407040173e-08;
846056.40376026381273;1.6057523311019394896e-08;
846389.75931730098091;1.4566628792067604081e-08;
846723.11487433814909;1.5454876489684465923e-08;
847056.47043137531728;1.5115640294993681891e-08;
847389.82598841248546;1.5040045653336164833e-08;
847723.18154544965364;1.4967824313316668849e-08;
848056.53710248682182;1.5327231039918842725e-08;
848389.89265952399001;1.6151279425002940116e-08;
848723.24821656115819;1.5210764203743565304e-08;
849056.60377359832637;1.5004760101078318257e-08;
849389.95933063549455;1.589116926936640084e-08;
849723.31488767266273;1.5364459926558993175e-08;
850056.67044470983092;1.5994627844406750228e-08;
850390.0260017469991;1.5069188563643365342e-08;
850723.38155878416728;1.586372277984082757e-08;
851056.73711582133546;1.4879578458248943207e-08;
851390.09267285850365;1.5563394129003427224e-08;
851723.44822989567183;1.5138308384621268488e-08;
852056.80378693284001;1.4811406323644860095e-08;
852390.15934397000819;1.6649996936735078634e-08;
852723.51490100717638;1.5548419440847283113e-08;
853056.87045804434456;1.5611698600537238235e-08;
853390.22601508151274;1.6233515864882974711e-08;
853723.58157211868092;1.6044355177768920839e-08;
854056.93712915584911;1.5746083548151545983e-08;
854390.29268619301729;1.4424941241486521903e-08;
854723.64824323018547;1.5889856541662084055e-08;
855057.00380026735365;1.5792817720239327173e-08;
855390.35935730452184;1.4287392602341242309e-08;
855723.71491434169002;1.6056507234907257953e-08;
856057.0704713788582;1.5739638925538201875e-08;
856390.42602841602638;1.6862109930571023142e-08;
856723.78158545319457;1.4703894990475419036e-08;
857057.13714249036275;1.602747978779461846e-08;
857390.49269952753093;1.533945948040127405e-08;
857723.84825656469911;1.5446733669932655175e-08;
858057.2038136018673;1.5257034746696263028e-08;
858390.55937063903548;1.590116660565854545e-08;
858723.91492767620366;1.5992323909586048103e-08;
859057.27048471337184;1.6321360263304995897e-08;
859390.62604175054003;1.5358091687289743277e-08;
859723.98159878770821;1.5305786860153602902e-08;
860057.33715582487639;1.6440264261063930462e-08;
860390.69271286204457;1.5490021709751999879e-08;
860724.04826989921276;1.6170925931646706886e-08;
861057.40382693638094;1.611081223984456301e-08;
861390.75938397354912;1.4823588578849467012e-08;
861724.1149410107173;1.5437862543876690324e-08;
862057.47049804788548;1.5390556384886622254e-08;
862390.82605508505367;1.6269373404043108167e-08;
862724.18161212222185;1.5451972146252046514e-08;
863057.53716915939003;1.5624154414695112791e-08;
863390.89272619655821;1.4665637593225255841e-08;
863724.2482832337264;1.5969050082276226021e-08;
864057.60384027089458;1.6450954376523441169e-08;
864390.95939730806276;1.5820223353557594237e-08;
864724.31495434523094;1.6322392326628687442e-08;
865057.67051138239913;1.5934274344431287318e-08;
865391.02606841956731;1.5701390410072235682e-08;
865724.38162545673549;1.5111604412254564522e-08;
866057.73718249390367;1.6624218446281702199e-08;
866391.09273953107186;1.5775043493704288267e-08;
866724.44829656824004;1.5352481952390917286e-08;
867057.80385360540822;1.6078805842312249297e-08;
867391.1594106425764;1.4815023874348298705e-08;
867724.51496767974459;1.5274842724011250539e-08;
868057.87052471691277;1.5734551439550159557e-08;
868391.22608175408095;1.5480962289871058601e-08;
868724.58163879124913;1.5241068851423733577e-08;
869057.93719582841732;1.5016601295769760327e-08;
869391.2927528655855;1.5220868121446073928e-08;
869724.64830990275368;1.5989570556484977715e-08;
870058.00386693992186;1.686486506002893293e-08;
870391.35942397709005;1.6113755663127449225e-08;
870724.71498101425823;1.5284692622685724928e-08;
871058.07053805142641;1.5464545199961321487e-08;
871391.42609508859459;1.5104836492696449568e-08;
871724.78165212576278;1.5491409044443571474e-08;
872058.13720916293096;1.5637665384815591096e-08;
872391.49276620009914;1.605300958829047886e-08;
872724.84832323726732;1.5812027243100601481e-08;
873058.20388027443551;1.5550194021329843963e-08;
873391.55943731160369;1.5726040913932592957e-08;
873724.91499434877187;1.5558692112449534761e-08;
874058.27055138594005;1.5279995935202350665e-08;
874391.62610842310824;1.6312215578295763407e-08;
874724.98166546027642;1.5286573784578649793e-08;
875058.3372224974446;1.5605721159772656392e-08;
875391.69277953461278;1.5790931229275884107e-08;
875725.04833657178096;1.5967115629678119149e-08;
876058.40389360894915;1.5437130684858857421e-08;
876391.75945064611733;1.5168282629929308314e-08;
876725.11500768328551;1.5223594829194553313e-08;
877058.47056472045369;1.562102625030092895e-08;
877391.82612175762188;1.5113808871092260233e-08;
877725.18167879479006;1.5704204159305845678e-08;
878058.53723583195824;1.5422250143615201523e-08;
878391.89279286912642;1.6153833826137997676e-08;
878725.24834990629461;1.638954039151485631e-08;
879058.60390694346279;1.5467723102347008535e-08;
879391.95946398063097;1.6324829488212344586e-08;
879725.31502101779915;1.5962347887921168876e-08;
880058.67057805496734;1.5867513525336107705e-08;
880392.02613509213552;1.638634472556077526e-08;
880725.3816921293037;1.4976819784351391718e-08;
881058.73724916647188;1.5510797979345625208e-08;
881392.09280620364007;1.5522410024004784646e-08;
881725.44836324080825;1.6201607166976828012e-08;
882058.80392027797643;1.5513304418846018962e-08;
882392.15947731514461;1.5705333922255704238e-08;
882725.5150343523128;1.5343314174742772593e-08;
883058.87059138948098;1.544882266557578987e-08;
883392.22614842664916;1.6096780797170140431e-08;
883725.58170546381734;1.5827563260017996072e-08;
884058.93726250098553;1.542300864798562543e-08;
884392.29281953815371;1.5651213658429696807e-08;
884725.64837657532189;1.5508836881394927332e-08;
885059.00393361249007;1.5203069025915283419e-08;
885392.35949064965826;1.4303163986539857433e-08;
885725.71504768682644;1.5180278367665778205e-08;
886059.07060472399462;1.6266801239339656604e-08;
886392.4261617611628;1.5736016933942664764e-08;
886725.78171879833099;1.4781098123251013021e-08;
887059.13727583549917;1.5656492990956394351e-08;
887392.49283287266735;1.5479194814815855352e-08;
887725.84838990983553;1.6282182713212023373e-08;
888059.20394694700371;1.6149860115888259315e-08;
888392.5595039841719;1.5894071836441980849e-08;
888725.91506102134008;1.5281498733088483277e-08;
889059.27061805850826;1.5616498316717297712e-08;
889392.62617509567644;1.5080127369060392084e-08;
889725.98173213284463;1.6268574043465378054e-08;
890059.33728917001281;1.5823893306787795154e-08;
890392.69284620718099;1.6020132775906859024e-08;
890726.04840324434917;1.5634890715432447905e-08;
891059.40396028151736;1.5289822741237912851e-08;
891392.75951731868554;1.5044669510189123685e-08;
891726.11507435585372;1.621031842091724684e-08;
892059.4706313930219;1.6053714801955720759e-08;
892392.82618843019009;1.6327467378118853958e-08;
892726.18174546735827;1.5717313672780619527e-08;
893059.53730250452645;1.5840914358022928354e-08;
893392.89285954169463;1.5701472122486848093e-08;
893726.24841657886282;1.5675096776135433174e-08;
894059.603973616031;1.5022061816694076697e-08;
894392.95953065319918;1.5370291706062744197e-08;
894726.31508769036736;1.5987577484111170634e-08;
895059.67064472753555;1.6342159625537533429e-08;
895393.02620176470373;1.6038578465327191225e-08;
895726.38175880187191;1.5819445309261936927e-08;
896059.73731583904009;1.5913965256686424254e-08;
896393.09287287620828;1.6478518105600414856e-08;
896726.44842991337646;1.5426124377881933469e-08;
897059.80398695054464;1.6322822204983822303e-08;
897393.15954398771282;1.5597635183439706452e-08;
897726.51510102488101;1.6109284572962678794e-08;
898059.87065806204919;1.6244698031186999287e-08;
898393.22621509921737;1.5332563663150722277e-08;
898726.58177213638555;1.6531927826690662187e-08;
899059.93732917355374;1.5927138719007416512e-08;
899393.29288621072192;1.6068133490421132592e-08;
899726.6484432478901;3.2210472511451371247e-08;
900060.00400028505828;1.6315540918299120676e-08;
900393.35955732222646;1.5808861775212790235e-08;
900726.71511435939465;1.563137530524727481e-08;
901060.07067139656283;1.5649646911697345786e-08;
901393.42622843373101;1.5729991531543419114e-08;
901726.78178547089919;1.6259459556522415369e-08;
902060.13734250806738;1.523215509280362312e-08;
902393.49289954523556;1.5298876832048335928e-08;
902726.84845658240374;1.652975001320555748e-08;
903060.20401361957192;1.4180545626629736944e-08;
903393.55957065674011;1.5724245017167959304e-08;
903726.91512769390829;1.4906159861993728555e-08;
904060.27068473107647;1.5873897751816912205e-08;
904393.62624176824465;1.5990750057426339481e-08;
904726.98179880541284;1.554669815106990427e-08;
905060.33735584258102;1.5265266384290043788e-08;
905393.6929128797492;1.5173560186099166458e-08;
905727.04846991691738;1.5861242985693024821e-08;
906060.40402695408557;1.603883070799838606e-08;
906393.75958399125375;1.5735574621089654102e-08;
906727.11514102842193;1.5875430747769314621e-08;
907060.47069806559011;1.5739583858476180467e-08;
907393.8262551027583;1.4871895714918537124e-08;
907727.18181213992648;1.6512103684362955391e-08;
908060.53736917709466;1.5168069467108580284e-08;
908393.89292621426284;1.5236464534496008127e-08;
908727.24848325143103;1.563903850865244749e-08;
909060.60404028859921;1.5726206115118657181e-08;
909393.95959732576739;1.5392204844033585687e-08;
909727.31515436293557;1.5496173233486842946e-08;
910060.67071140010376;1.6111973977217530773e-08;
910394.02626843727194;1.6479706488325973623e-08;
910727.38182547444012;1.5488851090594835114e-08;
911060.7373825116083;1.5795979635413459619e-08;
911394.09293954877649;1.6644207789795473218e-08;
911727.44849658594467;1.5129083763554262987e-08;
912060.80405362311285;1.5604541658831294626e-08;
912394.15961066028103;1.5520583929173881188e-08;
912727.51516769744921;1.6456098705930344295e-08;
913060.8707247346174;1.527768667131113034e-08;
913394.22628177178558;1.5406245168492205266e-08;
913727.58183880895376;1.5163406530405154626e-08;
914060.93739584612194;1.5533704100789691438e-08;
914394.29295288329013;1.617351053084803425e-08;
914727.64850992045831;1.6052501550234410388e-08;
915061.00406695762649;1.5312052070726167585e-08;
915394.35962399479467;1.6102776001503116277e-08;
915727.71518103196286;1.5879420445230607584e-08;
916061.07073806913104;1.5079649529070593417e-08;
916394.42629510629922;1.5965600397294110735e-08;
916727.7818521434674;1.6248979051169953891e-08;
917061.13740918063559;1.5887399840153193509e-08;
917394.49296621780377;1.671053695417867857e-08;
917727.84852325497195;1.5373775141824808088e-08;
918061.20408029214013;1.5720432955390606367e-08;
918394.55963732930832;1.5627200866674684221e-08;
918727.9151943664765;1.5369211681104388845e-08;
919061.27075140364468;1.5716015155931017944e-08;
919394.62630844081286;1.6785827838816658186e-08;
919727.98186547798105;1.4856593288925523666e-08;
920061.33742251514923;1.5481914417136977136e-08;
920394.69297955231741;1.6109085620996665966e-08;
920728.04853658948559;1.580641750820177549e-08;
921061.40409362665378;1.6201578745267397608e-08;
921394.75965066382196;1.6118173462587037648e-08;
921728.11520770099014;1.5867680502879011328e-08;
922061.47076473815832;1.6153265391949389596e-08;
922394.82632177532651;1.6344801068157721602e-08;
922728.18187881249469;1.5626433480520063313e-08;
923061.53743584966287;1.5924591423299716553e-08;
923394.89299288683105;1.6289879667397144658e-08;
923728.24854992399924;1.6402934122083934199e-08;
924061.60410696116742;1.5664086916444830422e-08;
924394.9596639983356;1.5329627345295193663e-08;
924728.31522103550378;1.4909250722894284991e-08;
925061.67077807267196;1.5428103239401025348e-08;
925395.02633510984015;1.6224165122480371792e-08;
925728.38189214700833;1.6880306930033839308e-08;
926061.73744918417651;1.5906138628452026751e-08;
926395.09300622134469;1.5856729262964108784e-08;
926728.44856325851288;1.5778452322479097347e-08;
927061.80412029568106;1.6097487787192221731e-08;
927395.15967733284924;1.6047680517772278108e-08;
927728.51523437001742;1.5907088979361105885e-08;
928061.87079140718561;1.617351053084803425e-08;
928395.22634844435379;1.5527238161894274526e-08;
928728.58190548152197;1.5534494579583224549e-08;
929061.93746251869015;1.6180303319401900808e-08;
929395.29301955585834;1.5617814597135293297e-08;
929728.64857659302652;1.5929431995687082235e-08;
930062.0041336301947;1.4785954682849933306e-08;
930395.35969066736288;1.6633480370842335105e-08;
930728.71524770453107;1.583017628092875384e-08;
931062.07080474169925;1.5261457875226369652e-08;
931395.42636177886743;1.6066326935515462537e-08;
931728.78191881603561;1.5598676128547594999e-08;
932062.1374758532038;1.6116954881795209076e-08;
932395.49303289037198;1.6378805867134360597e-08;
932728.84858992754016;1.6161212812448866316e-08;
933062.20414696470834;1.602883159534940205e-08;
933395.55970400187653;1.5660592822541730129e-08;
933728.91526103904471;1.4958413174781526322e-08;
934062.27081807621289;1.5773963468745932914e-08;
934395.62637511338107;1.5888209858871960023e-08;
934728.98193215054926;1.5664609165355614095e-08;
935062.33748918771744;1.5744838322007126408e-08;
935395.69304622488562;1.5514149964701573481e-08;
935729.0486032620538;1.5669151309793960536e-08;
936062.40416029922199;1.5710163836502033519e-08;
936395.75971733639017;1.6030071492423303425e-08;
936729.11527437355835;1.6689238435674269567e-08;
937062.47083141072653;1.5441523615322694241e-08;
937395.82638844789471;1.5301726108418733929e-08;
937729.1819454850629;1.6853343609568582906e-08;
938062.53750252223108;1.5897255067898186098e-08;
938395.89305955939926;1.6428023386083623336e-08;
938729.24861659656744;1.5389339580451633083e-08;
939062.60417363373563;1.5789405338750839292e-08;
939395.95973067090381;1.6784028389338345733e-08;
939729.31528770807199;1.5678704556876255083e-08;
940062.67084474524017;1.6301559213616201305e-08;
940396.02640178240836;1.6144102943371763104e-08;
940729.38195881957654;1.6368622013374078961e-08;
941062.73751585674472;1.565712537399122084e-08;
941396.0930728939129;1.5449229451292012527e-08;
941729.44862993108109;1.6832631288821175986e-08;
942062.80418696824927;1.6724662543765589362e-08;
942396.15974400541745;1.5961029831146333891e-08;
942729.51530104258563;1.675939742540322186e-08;
943062.87085807975382;1.5431057320824947965e-08;
943396.226415116922;1.5660233998460171279e-08;
943729.58197215409018;1.5696480559768133389e-08;
944062.93752919125836;1.5984346291020301578e-08;
944396.29308622842655;1.6439861028061386605e-08;
944729.64864326559473;1.6803175739710241032e-08;
945063.00420030276291;1.7795949602827931812e-08;
945396.35975733993109;1.6221115117787121562e-08;
945729.71531437709928;1.650244740858397563e-08;
946063.07087141426746;1.6714500006287380529e-08;
946396.42642845143564;1.5211298887152224779e-08;
946729.78198548860382;1.6568998617572106014e-08;
947063.13754252577201;1.6782584211227913329e-08;
947396.49309956294019;1.6206076480784759042e-08;
947729.84865660010837;1.5929236596434748208e-08;
948063.20421363727655;1.5949789045066609106e-08;
948396.55977067444474;1.6024383597823543823e-08;
948729.91532771161292;1.6485323328652157215e-08;
949063.2708847487811;1.6777956801661275676e-08;
949396.62644178594928;1.5814027420901766163e-08;
949729.98199882311746;1.5218381221870913578e-08;
950063.33755586028565;1.592308151998622634e-08;
950396.69311289745383;1.5710716283479086997e-08;
950730.04866993462201;1.6073073538791504689e-08;
951063.40422697179019;1.5303609046668498195e-08;
951396.75978400895838;1.7228884985343029257e-08;
951730.11534104612656;1.6539857483621744905e-08;
952063.47089808329474;1.5711046685851215443e-08;
952396.82645512046292;1.7284847331211494748e-08;
952730.18201215763111;1.6678745495823932288e-08;
953063.53756919479929;1.7080525438473159738e-08;
953396.89312623196747;1.6609478237228358921e-08;
953730.24868326913565;1.535790339346476685e-08;
954063.60424030630384;1.6204083408410951961e-08;
954396.95979734347202;1.5949117582181315811e-08;
954730.3153543806402;1.570166574538234272e-08;
955063.67091141780838;1.6863324958649172913e-08;
955397.02646845497657;1.656407988548380672e-08;
955730.38202549214475;1.6128652191582659725e-08;
956063.73758252931293;1.7252054007599326724e-08;
956397.09313956648111;1.6175613737345884147e-08;
956730.4486966036493;1.561534723748536635e-08;
957063.80425364081748;1.6780550282646800042e-08;
957397.15981067798566;1.5401564468220385606e-08;
957730.51536771515384;1.5607255932081898209e-08;
958063.87092475232203;1.6578169947933929507e-08;
958397.22648178949021;1.6554800197354779812e-08;
958730.58203882665839;1.6499809518677466258e-08;
959063.93759586382657;1.6547733849847645615e-08;
959397.29315290099476;1.5588705437608041393e-08;
959730.64870993816294;1.5723305324399916572e-08;
960064.00426697533112;1.6371901168099611823e-08;
960397.3598240124993;1.5729881397419376299e-08;
960730.71538104966749;1.6687508264112693723e-08;
961064.07093808683567;1.5151984555927811016e-08;
961397.42649512400385;1.6782673029069883341e-08;
961730.78205216117203;1.6161070703901714296e-08;
962064.13760919834021;1.6119646062406900455e-08;
962397.4931662355084;1.6363735255708888872e-08;
962730.84872327267658;1.6516688461365447438e-08;
963064.20428030984476;1.5673885300770962203e-08;
963397.55983734701294;1.5605253977923894126e-08;
963730.91539438418113;1.592308151998622634e-08;
964064.27095142134931;1.670542992826540285e-08;
964397.62650845851749;1.5908039330270185019e-08;
964730.98206549568567;1.6086801224446389824e-08;
965064.33762253285386;1.5466854463852541812e-08;
965397.69317957002204;1.5976711509324559302e-08;
965731.04873660719022;1.5841443712361069629e-08;
966064.4042936443584;1.6431082272561070567e-08;
966397.75985068152659;1.616237632617867348e-08;
966731.11540771869477;1.658932724524220248e-08;
967064.47096475586295;1.5334098435459964094e-08;
967397.82652179303113;1.6625445908857727773e-08;
967731.18207883019932;1.6048357309728089604e-08;
968064.5376358673675;1.6748508357977698324e-08;
968397.89319290453568;1.610393596251924464e-08;
968731.24874994170386;1.6553695303400672856e-08;
969064.60430697887205;1.7076594360787566984e-08;
969397.95986401604023;1.6108153033655980835e-08;
969731.31542105320841;1.6479502207289442595e-08;
970064.67097809037659;1.7394752305222027644e-08;
970398.02653512754478;1.5649977314069474232e-08;
970731.38209216471296;1.6724662543765589362e-08;
971064.73764920188114;1.6691817705805078731e-08;
971398.09320623904932;1.6699122085128692561e-08;
971731.44876327621751;1.6282898585018301674e-08;
972064.80432031338569;1.58235042846399665e-08;
972398.15987735055387;1.731174137376001454e-08;
972731.51543438772205;1.5843809819671150763e-08;
973064.87099142489024;1.5607749759283251478e-08;
973398.22654846205842;1.6211828324230737053e-08;
973731.5821054992266;1.675939742540322186e-08;
974064.93766253639478;1.6880425945942079125e-08;
974398.29321957356296;1.6061303398373638629e-08;
974731.64877661073115;1.6786358969511638861e-08;
975065.00433364789933;1.7538013707962818444e-08;
975398.35989068506751;1.6472528230337957211e-08;
975731.71544772223569;1.6554480453123687766e-08;
976065.07100475940388;1.6723811668839516642e-08;
976398.42656179657206;1.6209122932764330471e-08;
976731.78211883374024;1.5772327444096845284e-08;
977065.13767587090842;1.6473020281182471081e-08;
977398.49323290807661;1.6686598769410920795e-08;
977731.84878994524479;1.6537068603383886511e-08;
978065.20434698241297;1.7322815182296835701e-08;
978398.55990401958115;1.6113501644099414989e-08;
978731.91546105674934;1.7374686578364162415e-08;
979065.27101809391752;1.6172458927599109302e-08;
979398.6265751310857;1.7721482947763433913e-08;
979731.98213216825388;1.7051922540645136905e-08;
980065.33768920542207;1.7486758707718763617e-08;
980398.69324624259025;1.627975265705572383e-08;
980732.04880327975843;1.5725957425161141146e-08;
981065.40436031692661;1.6403568281475600088e-08;
981398.7599173540948;1.6238992373018845683e-08;
981732.11547439126298;1.7009977426596378791e-08;
982065.47103142843116;1.5908710793155478314e-08;
982398.82658846559934;1.5810138975780319015e-08;
982732.18214550276753;1.5858484303521436232e-08;
983065.53770253993571;1.6200695895918215683e-08;
983398.89325957710389;1.6015659909385249193e-08;
983732.24881661427207;1.6666033886281184095e-08;
984065.60437365144026;1.68469203032373116e-08;
984398.95993068860844;1.6317661888365364575e-08;
984732.31548772577662;1.6959461390797514468e-08;
985065.6710447629448;1.6983999984176989528e-08;
985399.02660180011299;1.7115757700025824306e-08;
985732.38215883728117;1.6608952435603896447e-08;
986065.73771587444935;1.7060552082170943322e-08;
986399.09327291161753;1.6345806486128822144e-08;
986732.44882994878571;1.581244468695786054e-08;
987065.8043869859539;1.5851465917648965842e-08;
987399.15994402312208;1.6700266058933266322e-08;
987732.51550106029026;1.7163420906740611827e-08;
988065.87105809745844;1.7157240961296338355e-08;
988399.22661513462663;1.7105026728359007393e-08;
988732.58217217179481;1.5995189173168000707e-08;
989065.93772920896299;1.6915810974182932114e-08;
989399.29328624613117;1.7075754144002530666e-08;
989732.64884328329936;1.6163058447205003176e-08;
990066.00440032046754;1.6961159587935981108e-08;
990399.35995735763572;1.6562072602255284437e-08;
990732.7155143948039;1.7570270571809487592e-08;
991066.07107143197209;1.5774322292827491765e-08;
991399.42662846914027;1.6457660123592177115e-08;
991732.78218550630845;1.6938024316459632246e-08;
992066.13774254347663;1.6885053355508716777e-08;
992399.49329958064482;1.6377452283222737606e-08;
992732.848856617813;1.6546920278415200301e-08;
993066.20441365498118;1.5624566529481853649e-08;
993399.55997069214936;1.6189884988193625759e-08;
993732.91552772931755;1.6731128482661006274e-08;
994066.27108476648573;1.6367588173693548015e-08;
994399.62664180365391;1.5774849870808793639e-08;
994732.98219884082209;1.6791432244644965976e-08;
995066.33775587799028;1.6448410633529420011e-08;
995399.69331291515846;1.691245365975646564e-08;
995733.04886995232664;1.6422367465906972939e-08;
996066.40442698949482;1.6405152791776345111e-08;
996399.75998402666301;1.5164259181688066747e-08;
996733.11554106383119;1.7024236242946244602e-08;
997066.47109810099937;1.5996313607047341065e-08;
997399.82665513816755;1.7047970146677471348e-08;
997733.18221217533574;1.624521139831358596e-08;
998066.53776921250392;1.593967802193674288e-08;
998399.8933262496721;1.609053335016596975e-08;
998733.24888328684028;1.7049975653549154231e-08;
999066.60444032400846;1.6221058274368260754e-08;
999399.95999736117665;1.6778399114514286339e-08;
999733.31555439834483;1.6942815150855494721e-08;
1000066.671111435513;1.7370322069609755999e-08;
1000400.0266684726812;1.6262401203448462184e-08;
1000733.3822255098494;1.7925000150853520609e-08;
1001066.7377825470176;1.7636478943927613727e-08;
1001400.0933395841857;1.6756629861447436269e-08;
1001733.4488966213539;1.6092256416300187993e-08;
1002066.8044536585221;1.6889295295641204575e-08;
1002400.1600106956903;1.5591499646916417987e-08;
1002733.5155677328585;1.6291567206394574896e-08;
1003066.8711247700267;1.7208860114692470233e-08;
1003400.2266818071948;1.6152187143347873644e-08;
1003733.582238844363;1.6836535721154177736e-08;
1004066.9377958815312;1.6490798060431188787e-08;
1004400.2933529186994;1.6163172134042724792e-08;
1004733.6489099558676;1.6216384679523798695e-08;
1005067.0044669930357;1.757486955966669484e-08;
1005400.3600240302039;1.6218722365124449425e-08;
1005733.7155810673721;1.638251667657186772e-08;
1006067.0711381045403;1.7118283679451451462e-08;
1006400.4266951417085;1.6600376184783272038e-08;
1006733.7822521788767;1.6716203532496365369e-08;
1007067.1378092160448;1.6660530732792722119e-08;
1007400.493366253213;1.7030517440730363887e-08;
1007733.8489232903812;1.6507289757328180713e-08;
1008067.2044803275494;1.7090730608515514177e-08;
1008400.5600373647176;1.6361923371732700616e-08;
1008733.9155944018858;1.7614741665283872862e-08;
1009067.2711514390539;1.6806305680461264274e-08;
1009400.6267084762221;1.6665595126141852234e-08;
1009733.9822655133903;1.7908632798935286701e-08;
1010067.3378225505585;1.684712813698752143e-08;
1010400.6933795877267;1.7017658393569945474e-08;
1010734.0489366248948;1.673571325966349832e-08;
1011067.404493662063;1.6924728285516721371e-08;
1011400.7600506992312;1.6231490818086058425e-08;
1011734.1156077363994;1.6739095443085716397e-08;
1012067.4711647735676;1.6714940542783551791e-08;
1012400.8267218107358;1.6349655851399802486e-08;
1012734.1822788479039;1.67823781538345429e-08;
1013067.5378358850721;1.6467927466123910563e-08;
1013400.8933929222403;1.7188767742482014e-08;
1013734.2489499594085;1.7171322141962264141e-08;
1014067.6045069965767;1.6907907962604440399e-08;
1014400.9600640337449;1.5739860970143126906e-08;
1014734.315621070913;1.7132574470224426477e-08;
1015067.6711781080812;1.7265181284642494575e-08;
1015401.0267351452494;1.6408613134899496799e-08;
1015734.3822921824176;1.6370492517125967424e-08;
1016067.7378492195858;1.6497404331516918319e-08;
1016401.093406256754;1.6744360564757698739e-08;
1016734.4489632939221;1.6435990346508333459e-08;
1017067.8045203310903;1.755160639049790916e-08;
1017401.1600773682585;1.7343460001484345412e-08;
1017734.5156344054267;1.7426529552722058725e-08;
1018067.8711914425949;1.7357480786017731589e-08;
1018401.226748479763;1.6631229726726814988e-08;
1018734.5823055169312;1.6164648286576266401e-08;
1019067.9378625540994;1.6935436164544626081e-08;
1019401.2934195912676;1.8308877969275272335e-08;
1019734.6489766284358;1.7194746959603435243e-08;
1020068.004533665604;1.6742360386956534057e-08;
1020401.3600907027721;1.7103825911135572824e-08;
1020734.7156477399403;1.7149707431940441893e-08;
1021068.0712047771085;1.6553752146819533664e-08;
1021401.4267618142767;1.6880544961850318941e-08;
1021734.7823188514449;1.7441170285792395589e-08;
1022068.1378758886131;1.6692698778797421255e-08;
1022401.4934329257812;1.6811059211363499344e-08;
1022734.8489899629494;1.6372274203035885876e-08;
1023068.2045470001176;1.6767584654076017614e-08;
1023401.5601040372858;1.6878143327403449803e-08;
1023734.915661074454;1.6628600718604502617e-08;
1024068.2712181116221;1.7021873688349842269e-08;
1024401.6267751487903;1.7049975653549154231e-08;
1024734.9823321859585;1.7731229817741223087e-08;
1025068.3378892231267;1.7008721542310922814e-08;
1025401.6934462602949;1.6994684770565982035e-08;
1025735.0490032974631;1.7604101287815865362e-08;
1026068.4045603346312;1.5870719849431225157e-08;
1026401.7601173717994;1.7376578398398123682e-08;
1026735.1156744089676;1.6981999806375824846e-08;
1027068.4712314461358;1.7212366643093446328e-08;
1027401.826788483304;1.7183573675083607668e-08;
1027735.1823455204722;1.6617065057289437391e-08;
1028068.5379025576403;1.6689648774104171025e-08;
1028401.8934595948085;1.7774610228116216604e-08;
1028735.2490166319767;1.6972546035276536713e-08;
1029068.6045736691449;1.7066367874463139742e-08;
1029401.9601307063131;1.7961690801371332782e-08;
1029735.3156877434812;1.7115878492290903523e-08;
1030068.6712447806494;1.7204143887283862568e-08;
1030402.0268018178176;1.7277864472475812363e-08;
1030735.3823588549858;1.7191545964578835992e-08;
1031068.737915892154;1.6423147286559469649e-08;
1031402.0934729293222;1.712550279364677408e-08;
1031735.4490299664903;1.7073293889779961319e-08;
1032068.8045870036585;1.6920774115192216414e-08;
1032402.1601440408267;1.6758484377987770131e-08;
1032735.5157010779949;1.7388000372875467292e-08;
1033068.8712581151631;1.6528385771152898087e-08;
1033402.2268151523313;1.7314873090867877181e-08;
1033735.5823721894994;1.7523877460234871251e-08;
1034068.9379292266676;1.7451712963634236075e-08;
1034402.2934862638358;1.7082925296563189477e-08;
1034735.649043301004;1.8213087926710613829e-08;
1035069.0046003381722;1.7631428761433198815e-08;
1035402.3601573753403;1.6418645998328429414e-08;
1035735.7157144125085;1.7168096277941913286e-08;
1036069.0712714496767;1.7347725034255745413e-08;
1036402.4268284868449;1.7362268067699915264e-08;
1036735.7823855240131;1.7163541699005691044e-08;
1037069.1379425611813;1.7270581409434271336e-08;
1037402.4934995983494;1.6518283629807228863e-08;
1037735.8490566355176;1.6088554488646877871e-08;
1038069.2046136726858;1.767571511379628646e-08;
1038402.560170709854;1.6680708370131469565e-08;
1038735.9157277470222;1.7355102244209774653e-08;
1039069.2712847841904;1.754174228096871957e-08;
1039402.6268418213585;1.6833105576097295852e-08;
1039735.9823988585267;1.6191478380278567784e-08;
1040069.3379558956949;1.6878528796837599657e-08;
1040402.6935129328631;1.7578141608964870102e-08;
1040736.0490699700313;1.8558939274271324393e-08;
1041069.4046270071995;1.6309494199617802224e-08;
1041402.7601840443676;1.7314112810140613874e-08;
1041736.1157410815358;1.7572276078681170475e-08;
1042069.471298118704;1.8198823781290229817e-08;
1042402.8268551558722;1.6981076100819336716e-08;
1042736.1824121930404;1.719365982921772229e-08;
1043069.5379692302085;1.6812919056974351406e-08;
1043402.8935262673767;1.6824767357093151077e-08;
1043736.2490833045449;1.6918486167583068891e-08;
1044069.6046403417131;1.8019020942006136465e-08;
1044402.9601973788813;1.7068886748461409297e-08;
1044736.3157544160495;1.7353578130041569239e-08;
1045069.6713114532176;1.7733814416942550451e-08;
1045403.0268684903858;1.6843014094547470449e-08;
1045736.382425527554;1.7436267540915650898e-08;
1046069.7379825647222;1.7326831525110719667e-08;
1046403.0935396018904;1.757252299228184711e-08;
1046736.4490966390586;1.8408307767003861954e-08;
1047069.8046536762267;1.7579500521947011293e-08;
1047403.1602107133949;1.6826867010877322173e-08;
1047736.5157677505631;1.7578019040342951484e-08;
1048069.8713247877313;1.5984628731757766218e-08;
1048403.2268818248995;1.7082145475910692767e-08;
1048736.5824388619512;1.7788668316143230186e-08;
1049069.937995899003;1.7381402983573934762e-08;
1049403.2935529360548;1.735373089672975766e-08;
1049736.6491099731065;1.6861369189768993238e-08;
1050070.0046670101583;1.6094602983685035724e-08;
1050403.3602240472101;1.8001587775984262407e-08;
1050736.7157810842618;1.8951265445821263711e-08;
1051070.0713381213136;1.7011769770647333644e-08;
1051403.4268951583654;1.6664774449282049318e-08;
1051736.7824521954171;1.7628703830041558831e-08;
1052070.1380092324689;1.7052911971404682845e-08;
1052403.4935662695207;1.7787355588438913401e-08;
1052736.8491233065724;1.8006932833714017761e-08;
1053070.2046803436242;1.8299166626434271166e-08;
1053403.560237380676;1.7467785440317129542e-08;
1053736.9157944177277;1.8376450583446057863e-08;
1054070.2713514547795;1.7480063618791064073e-08;
1054403.6269084918313;1.6592796470149551169e-08;
1054736.982465528883;1.7446746269911272975e-08;
1055070.3380225659348;1.7471345259423287644e-08;
1055403.6935796029866;1.7227037574230052996e-08;
1055737.0491366400383;1.7516521566562914813e-08;
1056070.4046936770901;1.8982087013341697457e-08;
1056403.7602507141419;1.792714066084499791e-08;
1056737.1158077511936;1.8710572646796208574e-08;
1057070.4713647882454;1.6910492561805767764e-08;
1057403.8269218252972;1.7832345378110403544e-08;
1057737.1824788623489;1.7068316537915961817e-08;
1058070.5380358994007;1.754806078224646626e-08;
1058403.8935929364525;1.7085566739183377649e-08;
1058737.2491499735042;1.7622696191210707184e-08;
1059070.604707010556;1.7119637263363074453e-08;
1059403.9602640476078;1.8517058109068784688e-08;
1059737.3158210846595;1.7728302381669891474e-08;
1060070.6713781217113;1.6864538210370483284e-08;
1060404.0269351587631;1.7794919315861079667e-08;
1060737.3824921958148;1.8014684854961160454e-08;
1061070.7380492328666;1.7100941107628386817e-08;
1061404.0936062699184;1.7905801286133282701e-08;
1061737.4491633069701;1.7598845047928080021e-08;
1062070.8047203440219;1.6683902259728711215e-08;
1062404.1602773810737;1.7764778093010136217e-08;
1062737.5158344181255;1.758784229366483487e-08;
1063070.8713914551772;1.6366120902944203408e-08;
1063404.226948492229;1.7802673113465061761e-08;
1063737.5825055292808;1.5898708127792815503e-08;
1064070.9380625663325;1.7466833313051211007e-08;
1064404.2936196033843;1.7565177756750927074e-08;
1064737.6491766404361;1.7057615764315414708e-08;
1065071.0047336774878;1.7432041587994717702e-08;
1065404.3602907145396;1.6526294999152923992e-08;
1065737.7158477515914;1.7436176946716841485e-08;
1066071.0714047886431;1.7489984571739114472e-08;
1066404.4269618256949;1.7368888549640359997e-08;
1066737.7825188627467;1.8696509229698676791e-08;
1067071.1380758997984;1.8048451622121319815e-08;
1067404.4936329368502;1.716529141049250029e-08;
1067737.849189973902;1.7375082705939348671e-08;
1068071.2047470109537;1.7471560198600855074e-08;
1068404.5603040480055;1.7328476431544004299e-08;
1068737.9158610850573;1.6662550450519120204e-08;
1069071.271418122109;1.7874812741069945332e-08;
1069404.6269751591608;1.7649774974870524602e-08;
1069737.9825321962126;1.736287913445266895e-08;
1070071.3380892332643;1.7861063739132987394e-08;
1070404.6936462703161;1.7974191024450192344e-08;
1070738.0492033073679;1.7769647087106932304e-08;
1071071.4047603444196;1.7736587309968854242e-08;
1071404.7603173814714;1.803742222250548366e-08;
1071738.1158744185232;1.768798441048602399e-08;
1072071.4714314555749;1.7849490774324294762e-08;
1072404.8269884926267;1.7922731743169606489e-08;
1072738.1825455296785;1.7595597867625656363e-08;
1073071.5381025667302;1.7316455824811782804e-08;
1073404.893659603782;1.7916750749691345845e-08;
1073738.2492166408338;1.663017812347789004e-08;
1074071.6047736778855;1.7852782363547703426e-08;
1074404.9603307149373;1.7349554681800327671e-08;
1074738.3158877519891;1.8404460178089721012e-08;
1075071.6714447890408;1.7394414797422541596e-08;
1075405.0270018260926;1.7478896552347578108e-08;
1075738.3825588631444;1.753607214993735397e-08;
1076071.7381159001961;1.8001587775984262407e-08;
1076405.0936729372479;1.7459102608086141117e-08;
1076738.4492299742997;1.7950618769191351021e-08;
1077071.8047870113514;1.8579360272497069673e-08;
1077405.1603440484032;1.6999013752183600445e-08;
1077738.515901085455;1.9001237916427271557e-08;
1078071.8714581225067;1.7887220593593156082e-08;
1078405.2270151595585;1.7738612356765770528e-08;
1078738.5825721966103;1.7664913087855893536e-08;
1079071.938129233662;1.8796658451947223512e-08;
1079405.2936862707138;1.836373542118963087e-08;
1079738.6492433077656;1.7008332520163094159e-08;
1080072.0048003448173;1.7941475860538957932e-08;
1080405.3603573818691;1.7333103841110641952e-08;
1080738.7159144189209;1.7472050473088529543e-08;
1081072.0714714559726;1.836692931078687252e-08;
1081405.4270284930244;1.7771988325421261834e-08;
1081738.7825855300762;1.7566319954198661435e-08;
1082072.1381425671279;1.6717672579602549376e-08;
1082405.4936996041797;1.7369680804790732509e-08;
1082738.8492566412315;1.7803047924758175213e-08;
1083072.2048136782832;1.8374706201029766817e-08;
1083405.560370715335;1.7362328463832454872e-08;
1083738.9159277523868;1.8001429680225555785e-08;
1084072.2714847894385;1.7885838587972102687e-08;
1084405.6270418264903;1.8590787576044931484e-08;
1084738.9825988635421;1.7782012307065997447e-08;
1085072.3381559005938;1.713742037168231036e-08;
1085405.6937129376456;1.8314507244099331729e-08;
1085739.0492699746974;1.7411412756018762593e-08;
1086072.4048270117491;1.7883042602306886693e-08;
1086405.7603840488009;1.7637129090530834219e-08;
1086739.1159410858527;1.7237937299796612933e-08;
1087072.4714981229044;1.806139238169635064e-08;
1087405.8270551599562;1.7935771978727643727e-08;
1087739.182612197008;1.7512705952071883075e-08;
1088072.5381692340598;1.7898694082418842299e-08;
1088405.8937262711115;1.8801644685595420015e-08;
1088739.2492833081633;1.7833505339126531908e-08;
1089072.6048403452151;1.8367186882528585556e-08;
1089405.9603973822668;1.7773455596170606441e-08;
1089739.3159544193186;1.6714206907408879488e-08;
1090072.6715114563704;1.860061971115101187e-08;
1090406.0270684934221;1.7632141080525798316e-08;
1090739.3826255304739;1.827699946943539544e-08;
1091072.7381825675257;1.8513448551971123379e-08;
1091406.0937396045774;1.7266547303051993367e-08;
1091739.4492966416292;1.7765463766750144714e-08;
1092072.804853678681;1.7238239280459310976e-08;
1092406.1604107157327;1.7877200164662099269e-08;
1092739.5159677527845;1.7282873798762921069e-08;
1093072.8715247898363;1.8993727479710287298e-08;
1093406.227081826888;1.8477317453857722285e-08;
1093739.5826388639398;1.8052542571922458592e-08;
1094072.9381959009916;1.869076271532321698e-08;
1094406.2937529380433;1.7586977207884046948e-08;
1094739.6493099750951;1.7117892880946783407e-08;
1095073.0048670121469;1.8398706558286903601e-08;
1095406.3604240491986;1.7924243422839936102e-08;
1095739.7159810862504;1.8258097256307337375e-08;
1096073.0715381233022;1.7104005323176352249e-08;
1096406.4270951603539;1.8847016391987381212e-08;
1096739.7826521974057;1.7817690434185351478e-08;
1097073.1382092344575;1.7840743993247087928e-08;
1097406.4937662715092;1.8479006769211991923e-08;
1097739.849323308561;1.7595320755958709924e-08;
1098073.2048803456128;1.6745918429705852759e-08;
1098406.5604373826645;1.8416427494116760499e-08;
1098739.9159944197163;1.8266407053602051747e-08;
1099073.2715514567681;1.7384486739047133597e-08;
1099406.6271084938198;1.8319880723538517486e-08;
1099739.9826655308716;1.9391158900816662936e-08;
1100073.3382225679234;1.8237869880977086723e-08;
1100406.6937796049751;1.753089762246418104e-08;
1100740.0493366420269;1.7480370928524280316e-08;
1101073.4048936790787;1.8390434064485816634e-08;
1101406.7604507161304;1.8775173415974677482e-08;
1101740.1160077531822;1.8094262088652612874e-08;
1102073.471564790234;1.8509870969296571275e-08;
1102406.8271218272857;1.8077168206787064264e-08;
1102740.1826788643375;1.8121841804941141163e-08;
1103073.5382359013893;1.8051908412530792702e-08;
1103406.893792938441;1.7734874901975672401e-08;
1103740.2493499754928;1.9393405992218504252e-08;
1104073.6049070125446;1.7674349095386787667e-08;
1104406.9604640495963;1.7830654286399294506e-08;
1104740.3160210866481;1.8628055542535548739e-08;
1105073.6715781236999;1.7959861153826750524e-08;
1105407.0271351607516;1.8912686527983169071e-08;
1105740.3826921978034;1.8206881335913749353e-08;
1106073.7382492348552;1.8426069559041025059e-08;
1106407.0938062719069;1.7592352463680072105e-08;
1106740.4493633089587;1.7718120304266449239e-08;
1107073.8049203460105;1.8507888555063800595e-08;
1107407.1604773830622;1.7625142234578561329e-08;
1107740.516034420114;1.8855660144367902831e-08;
1108073.8715914571658;1.7310920696900211624e-08;
1108407.2271484942175;1.9376821924765863514e-08;
1108740.5827055312693;1.6844730055254331091e-08;
1109073.9382625683211;1.9386389382702873263e-08;
1109407.2938196053728;1.9389011285397828033e-08;
1109740.6493766424246;1.8103419208159721165e-08;
1110074.0049336794764;1.8317434680170663341e-08;
1110407.3604907165281;1.8339942897682703915e-08;
1110740.7160477535799;1.8419985536866079201e-08;
1111074.0716047906317;1.8288048408976464998e-08;
1111407.4271618276834;1.9129110739868337987e-08;
1111740.7827188647352;1.7975390065316787513e-08;
1112074.138275901787;1.8451304484301545017e-08;
1112407.4938329388388;1.8317242833632008114e-08;
1112740.8493899758905;1.8185305705742393911e-08;
1113074.2049470129423;1.7474475200174310885e-08;
1113407.5605040499941;1.8500216469874430913e-08;
1113740.9160610870458;1.7008931152417972044e-08;
1114074.2716181240976;1.8602612783524818951e-08;
1114407.6271751611494;1.8553853564640121476e-08;
1114740.9827321982011;1.8837647886016384291e-08;
1115074.3382892352529;1.7933157181460046559e-08;
1115407.6938462723047;1.8793125278193656413e-08;
1115741.0494033093564;1.8590885275671098498e-08;
1116074.4049603464082;1.8655827105362732254e-08;
1116407.76051738346;1.8067961349288452766e-08;
1116741.1160744205117;1.7941223617867763096e-08;
1117074.4716314575635;1.7582188149845023872e-08;
1117407.8271884946153;1.7819163034005214286e-08;
1117741.182745531667;1.8115285271846914839e-08;
1118074.5383025687188;1.7562893361855458352e-08;
1118407.8938596057706;1.819153538917817059e-08;
1118741.2494166428223;1.8283325076140499732e-08;
1119074.6049736798741;1.8810531798862939468e-08;
1119407.9605307169259;1.8383358835194485437e-08;
1119741.3160877539776;1.7860404710745569901e-08;
1120074.6716447910294;1.8679930491316554253e-08;
1120408.0272018280812;1.7351688086364447372e-08;
1120741.3827588651329;1.793678094941242307e-08;
1121074.7383159021847;1.8833677728480324731e-08;
1121408.0938729392365;1.8664284340275116847e-08;
1121741.4494299762882;1.8867620354967584717e-08;
1122074.80498701334;1.7582372890956321498e-08;
1122408.1605440503918;1.7530835449974802032e-08;
1122741.5161010874435;1.8244598720684734872e-08;
1123074.8716581244953;1.7427755238941244897e-08;
1123408.2272151615471;1.8389432199228394893e-08;
1123741.5827721985988;1.8159159509423261625e-08;
1124074.9383292356506;1.8817042146679341386e-08;
1124408.2938862727024;1.8241362198523347615e-08;
1124741.6494433097541;1.8657564382351665699e-08;
1125075.0050003468059;1.6959671000904563698e-08;
1125408.3605573838577;1.7197104185129319376e-08;
1125741.7161144209094;1.7178503952663959353e-08;
1126075.0716714579612;1.9059742228932918806e-08;
1126408.427228495013;1.8100271503840303922e-08;
1126741.7827855320647;1.8724053418850417074e-08;
1127075.1383425691165;1.7874310032084395061e-08;
1127408.4938996061683;1.7552592268543776299e-08;
1127741.84945664322;1.8765645037888134539e-08;
1128075.2050136802718;1.9164158260309704929e-08;
1128408.5605707173236;1.8553201641680061584e-08;
1128741.9161277543753;1.9228535208526409406e-08;
1129075.2716847914271;1.7505170646359147213e-08;
1129408.6272418284789;1.862962584198157856e-08;
1129741.9827988655306;1.8412901425790551002e-08;
1130075.3383559025824;1.9192729183714618557e-08;
1130408.6939129396342;1.8423804704070789739e-08;
1130742.0494699766859;1.7941413688049578923e-08;
1131075.4050270137377;1.8074342023055578466e-08;
1131408.7605840507895;1.8731917350578441983e-08;
1131742.1161410878412;1.852678721547817986e-08;
1132075.471698124893;1.8198855755713339022e-08;
1132408.8272551619448;1.8894885656095539161e-08;
1132742.1828121989965;1.8278829116979977698e-08;
1133075.5383692360483;1.7870480206738648121e-08;
1133408.8939262731001;1.7305508137610559061e-08;
1133742.2494833101518;1.9301230835822025256e-08;
1134075.6050403472036;1.8184154626510462549e-08;
1134408.9605973842554;1.8150229763591596566e-08;
1134742.3161544213071;1.8056063311178149888e-08;
1135075.6717114583589;1.8148762492842251959e-08;
1135409.0272684954107;1.819281436610253877e-08;
1135742.3828255324624;1.9305062437524611596e-08;
1136075.7383825695142;1.8748345098629215499e-08;
1136409.093939606566;1.8188787365147618402e-08;
1136742.4494966436177;1.9459545086419893778e-08;
1137075.8050536806695;1.8400127643758423801e-08;
1137409.1606107177213;1.8322552364224975463e-08;
1137742.5161677547731;1.8386396405389859865e-08;
1138075.8717247918248;1.8204547203026777424e-08;
1138409.2272818288766;1.9120140137829366722e-08;
1138742.5828388659284;1.9500678405393045978e-08;
1139075.9383959029801;1.8159575176923681283e-08;
1139409.2939529400319;1.8160276837875244382e-08;
1139742.6495099770837;1.865146792567884404e-08;
1140076.0050670141354;1.8794116485310041753e-08;
1140409.3606240511872;1.7685747977225219074e-08;
1140742.716181088239;1.8514880295583679981e-08;
1141076.0717381252907;1.8594347395151089586e-08;
1141409.4272951623425;1.89845206222116758e-08;
1141742.7828521993943;1.8791409317486795771e-08;
1142076.138409236446;1.8393018663687143999e-08;
1142409.4939662734978;1.9306961362985930464e-08;
1142742.8495233105496;1.885324074635263969e-08;
1143076.2050803476013;1.7646829775230798987e-08;
1143409.5606373846531;1.9011419993830713793e-08;
1143742.9161944217049;1.977240060568874469e-08;
1144076.2717514587566;1.7857770373552739329e-08;
1144409.6273084958084;1.9052578181799617596e-08;
1144742.9828655328602;1.8111308008883497678e-08;
1145076.3384225699119;1.8961456405008902948e-08;
1145409.6939796069637;1.7899008497579416144e-08;
1145743.0495366440155;1.7350743064525886439e-08;
1146076.4050936810672;1.8125758671772018715e-08;
1146409.760650718119;1.7696532239597217995e-08;
1146743.1162077551708;1.949324612837699533e-08;
1147076.4717647922225;1.8839667603742782376e-08;
1147409.8273218292743;1.8122479517046485853e-08;
1147743.1828788663261;1.9208380663826574164e-08;
1148076.5384359033778;1.9048728816528637253e-08;
1148409.8939929404296;1.8621413744313031202e-08;
1148743.2495499774814;1.7985781752827278979e-08;
1149076.6051070145331;1.8628940168241570063e-08;
1149409.9606640515849;1.8874715124184149317e-08;
1149743.3162210886367;1.8305565063769790868e-08;
1150076.6717781256884;1.8954462888132184162e-08;
1150410.0273351627402;1.9525737471326465311e-08;
1150743.382892199792;1.8356542952346899256e-08;
1151076.7384492368437;1.8097727760846282763e-08;
1151410.0940062738955;1.8686625580244253797e-08;
1151743.4495633109473;1.8398932155605507432e-08;
1152076.805120347999;1.9383664451311233279e-08;
1152410.1606773850508;1.8802570167508747545e-08;
1152743.5162344221026;1.8244215027607424418e-08;
1153076.8717914591543;1.8331954620975920989e-08;
1153410.2273484962061;1.9377401017095507996e-08;
1153743.5829055332579;1.9238401094412438397e-08;
1154076.9384625703096;1.9055892863661938463e-08;
1154410.2940196073614;2.0201662565000333416e-08;
1154743.6495766444132;1.9317546673391916556e-08;
1155077.0051336814649;1.819962314186795993e-08;
1155410.3606907185167;1.845593899929554027e-08;
1155743.7162477555685;1.8908533405692651286e-08;
1156077.0718047926202;1.9246549243234767346e-08;
1156410.427361829672;1.8203268226102409244e-08;
1156743.7829188667238;1.9466691369984800986e-08;
1157077.1384759037755;1.9207840651347396488e-08;
1157410.4940329408273;1.8419985536866079201e-08;
1157743.8495899778791;1.8072437768523741397e-08;
1158077.2051470149308;1.8773491206047765445e-08;
1158410.5607040519826;1.8264771028952964116e-08;
1158743.9162610890344;1.8124199030467025295e-08;
1159077.2718181260861;1.8343390806307979801e-08;
1159410.6273751631379;1.7240026295439747628e-08;
1159743.9829322001897;1.8196169904172165843e-08;
1160077.3384892372414;1.9263833195282131783e-08;
1160410.6940462742932;1.918827940983192093e-08;
1160744.049603311345;1.984941810917462135e-08;
1161077.4051603483967;1.8594249695524922572e-08;
1161410.7607173854485;1.8808483659427110979e-08;
1161744.1162744225003;1.9044982479954342125e-08;
1162077.471831459552;1.869572230361882248e-08;
1162410.8273884966038;1.8893592468316455779e-08;
1162744.1829455336556;1.7981422573143390764e-08;
1163077.5385025707074;1.9344001955801104486e-08;
1163410.8940596077591;1.9159749342634313507e-08;
1163744.2496166448109;1.7884957514979760163e-08;
1164077.6051736818627;1.8402261048322543502e-08;
1164410.9607307189144;1.853316788924530556e-08;
1164744.3162877559662;1.9621673175151954638e-08;
1165077.671844793018;1.8303410342923598364e-08;
1165411.0274018300697;1.8800390577666803438e-08;
1165744.3829588671215;1.9315272936637484236e-08;
1166077.7385159041733;1.8870638385237725743e-08;
1166411.094072941225;1.8693095071853349509e-08;
1166744.4496299782768;1.9016697550000571937e-08;
1167077.8051870153286;1.8911723742576214136e-08;
1167411.1607440523803;1.8335754248255398124e-08;
1167744.5163010894321;1.8921493705192915513e-08;
1168077.8718581264839;1.9593084488178647007e-08;
1168411.2274151635356;1.8208353935733612161e-08;
1168744.5829722005874;2.0510876552748413815e-08;
1169077.9385292376392;1.9681881013866586727e-08;
1169411.2940862746909;1.9036486165191490727e-08;
1169744.6496433117427;1.8630871068125998136e-08;
1170078.0052003487945;1.972133745198334509e-08;
1170411.3607573858462;1.7664540052919619484e-08;
1170744.716314422898;1.9241005233538999164e-08;
1171078.0718714599498;1.8171860460824973416e-08;
1171411.4274284970015;1.7455269230026715377e-08;
1171744.7829855340533;1.9022946773361582018e-08;
1172078.1385425711051;1.8227364506628873642e-08;
1172411.4940996081568;1.8651991950946467114e-08;
1172744.8496566452086;1.9186053634712152416e-08;
1173078.2052136822604;1.9913892757017492841e-08;
1173411.5607707193121;1.8257360068218986271e-08;
1173744.9163277563639;2.014715327902649733e-08;
1174078.2718847934157;1.8445632576913340017e-08;
1174411.6274418304674;1.8941481272349847131e-08;
1174744.9829988675192;1.8808979262985303649e-08;
1175078.338555904571;1.9290011366024373274e-08;
1175411.6941129416227;1.7477299607548957283e-08;
1175745.0496699786745;1.9201126022494463541e-08;
1176078.4052270157263;1.8731785900172326365e-08;
1176411.760784052778;1.8796889378336345544e-08;
1176745.1163410898298;1.9849732524335195194e-08;
1177078.4718981268816;1.9446456889227192733e-08;
1177411.8274551639333;1.8982220240104652476e-08;
1177745.1830122009851;1.8232167775522611919e-08;
1178078.5385692380369;1.906409607954628882e-08;
1178411.8941262750886;1.995339360405523621e-08;
1178745.2496833121404;1.9215130819816295116e-08;
1179078.6052403491922;1.9077697643865576538e-08;
1179411.9607973862439;1.912104785617430025e-08;
1179745.3163544232957;1.9390272498753802211e-08;
1180078.6719114603475;1.8912254873271194811e-08;
1180412.0274684973992;1.8750188957028512959e-08;
1180745.383025534451;1.9014526841942824831e-08;
1181078.7385825715028;1.8851453731372203038e-08;
1181412.0941396085545;1.9003007167839314207e-08;
1181745.4496966456063;1.870728638664331811e-08;
1182078.8052536826581;1.8679504165675098193e-08;
1182412.1608107197098;1.8391725475908060616e-08;
1182745.5163677567616;1.9103723047919629607e-08;
1183078.8719247938134;1.9333842971036574454e-08;
1183412.2274818308651;1.903963031679722917e-08;
1183745.5830388679169;1.933778293050636421e-08;
1184078.9385959049687;1.8502230858530310798e-08;
1184412.2941529420204;1.9777194992798285966e-08;
1184745.6497099790722;1.9293128872277520713e-08;
1185079.005267016124;1.9806888573725700553e-08;
1185412.3608240531757;1.9141749518780670769e-08;
1185745.7163810902275;1.985353392797151173e-08;
1186079.0719381272793;1.9777369075768547191e-08;
1186412.427495164331;1.8912786003966175485e-08;
1186745.7830522013828;2.0212347351389325922e-08;
1187079.1386092384346;1.8841719295892289665e-08;
1187412.4941662754864;1.9385435479080115329e-08;
1187745.8497233125381;1.9423683994546081522e-08;
1188079.2052803495899;1.8273755841846650583e-08;
1188412.5608373866417;1.7970718246829164855e-08;
1188745.9163944236934;1.951253558729604265e-08;
1189079.2719514607452;1.7923268202935105364e-08;
1189412.627508497797;1.8859800832160544815e-08;
1189745.9830655348487;1.8366025145155617793e-08;
1190079.3386225719005;1.8292803716235539468e-08;
1190412.6941796089523;1.9775562520862877136e-08;
1190746.049736646004;1.976594177222068538e-08;
1191079.4052936830558;1.9493759495503582002e-08;
1191412.7608507201076;1.8717969396675471216e-08;
1191746.1164077571593;1.867756793672015192e-08;
1192079.4719647942111;1.9497459646800052724e-08;
1192412.8275218312629;1.869480215077601315e-08;
1192746.1830788683146;1.9242222037973988336e-08;
1193079.5386359053664;1.8557896552806596446e-08;
1193412.8941929424182;1.9802120831968750281e-08;
1193746.2497499794699;2.1916205739103133965e-08;
1194079.6053070165217;2.2206132044289006444e-08;
1194412.9608640535735;2.040715152418215439e-08;
1194746.3164210906252;1.9214759561236860463e-08;
1195079.671978127677;1.9781886351211142028e-08;
1195413.0275351647288;1.9435663745070996811e-08;
1195746.3830922017805;1.804040117292515788e-08;
1196079.7386492388323;2.0056116767364073894e-08;
1196413.0942062758841;1.9711292154056536674e-08;
1196746.4497633129358;2.0841257608594787598e-08;
1197079.8053203499876;1.8031053983236233762e-08;
1197413.1608773870394;1.9229380754381963925e-08;
1197746.5164344240911;1.9042104781874513719e-08;
1198079.8719914611429;1.9576672727339428093e-08;
1198413.2275484981947;1.9178202137482003309e-08;
1198746.5831055352464;1.8966753501103994495e-08;
1199079.9386625722982;1.9260788519659399753e-08;
1199413.29421960935;1.8534079160303917888e-08;
1199746.6497766464017;1.8622689168523720582e-08;
1200080.0053336834535;1.9174496657115014386e-08;
1200413.3608907205053;1.9290451902520544536e-08;
1200746.716447757557;1.816614769722946221e-08;
1201080.0720047946088;1.8752265518173771852e-08;
1201413.4275618316606;1.8490274200644307712e-08;
1201746.7831188687123;1.9437440101910397061e-08;
1202080.1386759057641;2.0317973081773743615e-08;
1202413.4942329428159;1.9066172640691547713e-08;
1202746.8497899798676;1.9575949750105792191e-08;
1203080.2053470169194;1.8410215574249377823e-08;
1203413.5609040539712;1.9202779810711945174e-08;
1203746.9164610910229;1.9683229268707691517e-08;
1204080.2720181280747;1.9932617334461610881e-08;
1204413.6275751651265;2.0374375964138380368e-08;
1204746.9831322021782;1.9082825986060925061e-08;
1205080.33868923923;1.9612816259950704989e-08;
1205413.6942462762818;1.9803270134843842243e-08;
1205747.0498033133335;1.9383630700531284674e-08;
1206080.4053603503853;2.0365536812505524722e-08;
1206413.7609173874371;1.9002271756107802503e-08;
1206747.1164744244888;2.0230642050478309102e-08;
1207080.4720314615406;1.9271144680033103214e-08;
1207413.8275884985924;1.9249895899520197418e-08;
1207747.1831455356441;2.0641184761416297988e-08;
1208080.5387025726959;1.9839518472508643754e-08;
1208413.8942596097477;1.8835265791494748555e-08;
1208747.2498166467994;1.9521312566439519287e-08;
1209080.6053736838512;1.8647209998334801639e-08;
1209413.960930720903;2.0179529158781406295e-08;
1209747.3164877579547;2.2081611206203888287e-08;
1210080.6720447950065;2.1290956553343676205e-08;
1210414.0276018320583;2.0237431286318496859e-08;
1210747.38315886911;1.9448915367092922679e-08;
1211080.7387159061618;1.9818756413769733626e-08;
1211414.0942729432136;1.9321179323128490068e-08;
1211747.4498299802653;1.936161275750691857e-08;
1212080.8053870173171;1.978119001933009713e-08;
1212414.1609440543689;1.8902056808656197973e-08;
1212747.5165010914207;1.8999902096084042569e-08;
1213080.8720581284724;1.9646197557676714496e-08;
1213414.2276151655242;1.9036384912851644913e-08;
1213747.583172202576;1.9601140266445327143e-08;
1214080.9387292396277;1.9630086001143354224e-08;
1214414.2942862766795;1.8464792361783111119e-08;
1214747.6498433137313;1.8807558177513783448e-08;
1215081.005400350783;1.9281033658558044408e-08;
1215414.3609573878348;1.9251721994351100875e-08;
1215747.7165144248866;1.9029430475825392932e-08;
1216081.0720714619383;1.8794743539274350042e-08;
1216414.4276284989901;1.9242492044213577174e-08;
1216747.7831855360419;1.9873354517585539725e-08;
1217081.1387425730936;1.885522848965592857e-08;
1217414.4942996101454;1.9103723047919629607e-08;
1217747.8498566471972;1.93313294261088231e-08;
1218081.2054136842489;1.89086328816756577e-08;
1218414.5609707213007;1.8382454669563230709e-08;
1218747.9165277583525;2.0433914116324558563e-08;
1219081.2720847954042;1.9352940583416966547e-08;
1219414.627641832456;1.9849627719281670579e-08;
1219747.9831988695078;1.9977349552391387988e-08;
1220081.3387559065595;1.9710737930722643796e-08;
1220414.6943129436113;1.9479690749335532018e-08;
1220748.0498699806631;1.8808748336596181616e-08;
1221081.4054270177148;1.9743453094633878209e-08;
1221414.7609840547666;1.9781712268240880803e-08;
1221748.1165410918184;1.9945824547562551743e-08;
1222081.4720981288701;1.9575125520532310475e-08;
1222414.8276551659219;2.07703507726364478e-08;
1222748.1832122029737;1.9577326426656327385e-08;
1223081.5387692400254;1.8307462212874270335e-08;
1223414.8943262770772;1.9431976028272401891e-08;
1223748.249883314129;1.8949036117987816397e-08;
1224081.6054403511807;2.0151791346734171384e-08;
1224414.9609973882325;1.9923726668480412627e-08;
1224748.3165544252843;1.9635121972783053934e-08;
1225081.672111462336;1.9674656570600745908e-08;
1225415.0276684993878;2.0804568734433814825e-08;
1225748.3832255364396;1.942481020478226128e-08;
1226081.7387825734913;1.9111745075406361138e-08;
1226415.0943396105431;2.0027210112516513618e-08;
1226748.4498966475949;1.8956594516339464462e-08;
1227081.8054536846466;2.0229469654964304937e-08;
1227415.1610107216984;2.0125716204688615107e-08;
1227748.5165677587502;1.8990858663414655894e-08;
1228081.8721247958019;2.0600106509505167196e-08;
1228415.2276818328537;1.8984653848974630819e-08;
1228748.5832388699055;2.0287549418185335526e-08;
1229081.9387959069572;2.0118964272342054755e-08;
1229415.294352944009;1.9214386526300586411e-08;
1229748.6499099810608;2.0752551677105657291e-08;
1230082.0054670181125;1.9355626434958139725e-08;
1230415.3610240551643;2.049971037365594384e-08;
1230748.7165810922161;1.9593979772025704733e-08;
1231082.0721381292678;1.943757688138703088e-08;
1231415.4276951663196;2.0050972437957170769e-08;
1231748.7832522033714;2.0010224588418168423e-08;
1232082.1388092404231;1.9420612673570758488e-08;
1232415.4943662774749;2.094034634581021237e-08;
1232748.8499233145267;2.0854919569046614924e-08;
1233082.2054803515784;1.9832478770354100561e-08;
1233415.5610373886302;1.9289029040692184935e-08;
1233748.916594425682;1.9608819457062054425e-08;
1234082.2721514627337;1.8677207336281753669e-08;
1234415.6277084997855;1.8479168417684377346e-08;
1234748.9832655368373;1.88249451582578331e-08;
1235082.338822573889;1.872040300554544956e-08;
1235415.6943796109408;2.1026936636303616979e-08;
1235749.0499366479926;1.9766357439721105038e-08;
1236082.4054936850443;2.0254004695630101196e-08;
1236415.7610507220961;2.006020416445153387e-08;
1236749.1166077591479;2.0348764451227907557e-08;
1237082.4721647961996;1.9592498290421644924e-08;
1237415.8277218332514;2.0383790655387201696e-08;
1237749.1832788703032;1.9447822907636691525e-08;
1238082.538835907355;2.0655477328546112403e-08;
1238415.8943929444067;1.8373221166712028207e-08;
1238749.2499499814585;1.9997996147935737099e-08;
1239082.6055070185103;2.017545241983498272e-08;
1239415.961064055562;2.0102607578564857249e-08;
1239749.3166210926138;2.0501655484395087115e-08;
1240082.6721781296656;1.8772700727254232334e-08;
1240416.0277351667173;1.9872096856943244347e-08;
1240749.3832922037691;2.1083307544245144527e-08;
1241082.7388492408209;1.87377100502317262e-08;
1241416.0944062778726;2.0241021303490924765e-08;
1241749.4499633149244;1.9216615854134033725e-08;
1242082.8055203519762;1.9692533825832470029e-08;
1242416.1610773890279;1.973672603128306946e-08;
1242749.5166344260797;2.0956059998411546985e-08;
1243082.8721914631315;2.0975839731818268774e-08;
1243416.2277485001832;1.9535756123900682724e-08;
1243749.583305537235;1.8887053698790623457e-08;
1244082.9388625742868;2.0292326041726482799e-08;
1244416.2944196113385;1.8805311086111942132e-08;
1244749.6499766483903;2.0480092288721607474e-08;
1245083.0055336854421;2.0587263449556303385e-08;
1245416.3610907224938;1.9955042063202199643e-08;
1245749.7166477595456;2.0127661315427758382e-08;
1246083.0722047965974;1.9439966081336024217e-08;
1246416.4277618336491;1.9640330251036175468e-08;
1246749.7833188707009;2.0132929989813419525e-08;
1247083.1388759077527;2.0248135612632722768e-08;
1247416.4944329448044;2.0659323141103413946e-08;
1247749.8499899818562;1.9862742561826962628e-08;
1248083.205547018908;2.0196125660731922835e-08;
1248416.5611040559597;1.966878215853284928e-08;
1248749.9166610930115;2.0064856443013923126e-08;
1249083.2722181300633;1.9936610584636582644e-08;
1249416.627775167115;2.0083158247530263907e-08;
1249749.9833322041668;2.0066195816070830915e-08;
1250083.3388892412186;2.0213482443409702682e-08;
1250416.6944462782703;1.9490883573780592997e-08;
1250750.0500033153221;1.9341248602700034098e-08;
1251083.4055603523739;1.9416928509485842369e-08;
1251416.7611173894256;1.9870805445521000365e-08;
1251750.1166744264774;2.0008396717230425566e-08;
1252083.4722314635292;2.0416690560409733735e-08;
1252416.8277885005809;1.9001504369953181595e-08;
1252750.1833455376327;2.0158164915073939483e-08;
1253083.5389025746845;2.017460154490891e-08;
1253416.8944596117362;2.0040655357433934114e-08;
1253750.250016648788;2.0612485940318947542e-08;
1254083.6055736858398;2.0120731747397258005e-08;
1254416.9611307228915;1.9306826359866136045e-08;
1254750.3166877599433;2.0369794739849567122e-08;
1255083.6722447969951;1.9934194739334998303e-08;
1255417.0278018340468;2.0316830884326009254e-08;
1255750.3833588710986;1.9813812812685682729e-08;
1256083.7389159081504;2.0914722398401863757e-08;
1256417.0944729452021;1.932253645975379186e-08;
1256750.4500299822539;2.0291327729182739859e-08;
1257083.8055870193057;1.995977427782236191e-08;
1257417.1611440563574;1.963998563780933182e-08;
1257750.5167010934092;1.9336662049340702652e-08;
1258083.872258130461;2.059623405159527465e-08;
1258417.2278151675127;1.9959317754114636045e-08;
1258750.5833722045645;2.0407833645208484086e-08;
1259083.9389292416163;2.1014860962509374076e-08;
1259417.294486278668;2.085184114264393429e-08;
1259750.6500433157198;1.8848274052629676589e-08;
1260084.0056003527716;1.9667295347858271271e-08;
1260417.3611573898233;2.0745627438145675114e-08;
1260750.7167144268751;2.0913951459533564048e-08;
1261084.0722714639269;2.109864638555336569e-08;
1261417.4278285009786;2.0012580037587213155e-08;
1261750.7833855380304;2.085283057340348023e-08;
1262084.1389425750822;1.9762156355795923446e-08;
1262417.4944996121339;2.0488297280962797231e-08;
1262750.8500566491857;2.0653155630157016276e-08;
1263084.2056136862375;2.1179676679139447515e-08;
1263417.5611707232893;2.051091385624204122e-08;
1263750.916727760341;2.1059838317682988418e-08;
1264084.2722847973928;2.2011199973803741159e-08;
1264417.6278418344446;2.0784293397468900366e-08;
1264750.9833988714963;2.006651378394508356e-08;
1265084.3389559085481;2.1185444509796980128e-08;
1265417.6945129455999;2.046531122346095799e-08;
1265751.0500699826516;2.0598983851982666238e-08;
1266084.4056270197034;2.0421891733235497668e-08;
1266417.7611840567552;2.0291755831181035319e-08;
1266751.1167410938069;2.0794301391902081377e-08;
1267084.4722981308587;2.067573490194263286e-08;
1267417.8278551679105;2.0123490429568846594e-08;
1267751.1834122049622;2.035587876036970556e-08;
1268084.538969242014;2.0302987735476563103e-08;
1268417.8945262790658;1.984303743540749565e-08;
1268751.2500833161175;1.9496704695143307617e-08;
1269084.6056403531693;2.076268934558811452e-08;
1269417.9611973902211;2.1649071868523606099e-08;
1269751.3167544272728;2.0476459638985033962e-08;
1270084.6723114643246;1.964367690732160554e-08;
1270418.0278685013764;2.067297444341420487e-08;
1270751.3834255384281;2.0933285327373596374e-08;
1271084.7389825754799;2.1036839825683273375e-08;
1271418.0945396125317;2.0106034170908060332e-08;
1271751.4500966495834;1.9669403883426639368e-08;
1272084.8056536866352;2.0524465682569825731e-08;
1272418.161210723687;1.9737141698783489119e-08;
1272751.5167677607387;2.0399660627390403533e-08;
1273084.8723247977905;2.0458337246509472607e-08;
1273418.2278818348423;1.9714478938226420723e-08;
1273751.583438871894;2.1465138999587907165e-08;
1274084.9389959089458;1.9248645344305259641e-08;
1274418.2945529459976;1.9958898533900537586e-08;
1274751.6501099830493;2.0794374222532496788e-08;
1275085.0056670201011;2.0643216913640571875e-08;
1275418.3612240571529;2.0408693401918753807e-08;
1275751.7167810942046;2.0786776744330381916e-08;
1276085.0723381312564;2.1034843200595787494e-08;
1276418.4278951683082;2.0194848460164394055e-08;
1276751.7834522053599;1.9985632704333511356e-08;
1277085.1390092424117;2.0585961379993023002e-08;
1277418.4945662794635;2.0963939917351126496e-08;
1277751.8501233165152;2.1281197248868011229e-08;
1278085.205680353567;2.003935328787065373e-08;
1278418.5612373906188;2.0947153345218794129e-08;
1278751.9167944276705;2.0063588124230591347e-08;
1279085.2723514647223;2.1055768684163922444e-08;
1279418.6279085017741;2.0153384738819113409e-08;
1279751.9834655388258;2.1087048551748921454e-08;
1280085.3390225758776;2.1604620314974454232e-08;
1280418.6945796129294;2.086268757750531222e-08;
1280752.0501366499811;2.0955766899533045944e-08;
1281085.4056936870329;2.0596921501692122547e-08;
1281418.7612507240847;2.0425371616283882759e-08;
1281752.1168077611364;2.0453917670693044784e-08;
1282085.4723647981882;2.1219824120066732576e-08;
1282418.82792183524;2.0764623798186221393e-08;
1282752.1834788722917;2.0010189061281380418e-08;
1283085.5390359093435;2.0772029429849681037e-08;
1283418.8945929463953;2.0591386373780551367e-08;
1283752.250149983447;2.0783490484177491453e-08;
1284085.6057070204988;2.1614187772911463981e-08;
1284418.9612640575506;2.0737537909099046374e-08;
1284752.3168210946023;2.049276126570021006e-08;
1285085.6723781316541;2.0486101703909298521e-08;
1285419.0279351687059;2.0373766673742466082e-08;
1285752.3834922057576;2.0699758351838681847e-08;
1286085.7390492428094;2.1066313138362602331e-08;
1286419.0946062798612;2.1018776052983412228e-08;
1286752.4501633169129;1.8973285165202469216e-08;
1287085.8057203539647;2.0500898756381502608e-08;
1287419.1612773910165;2.1001575589707499603e-08;
1287752.5168344280683;2.05873718073235068e-08;
1288085.87239146512;2.041672608754652174e-08;
1288419.2279485021718;2.1213077516790690424e-08;
1288752.5835055392236;2.0948036194567976054e-08;
1289085.9390625762753;1.9948872775898962573e-08;
1289419.2946196133271;2.0931519628675232525e-08;
1289752.6501766503789;1.9643021431647866848e-08;
1290086.0057336874306;2.0158482882948192128e-08;
1290419.3612907244824;1.9852068433579006523e-08;
1290752.7168477615342;2.1140980521749952459e-08;
1291086.0724047985859;1.9930691763647701009e-08;
1291419.4279618356377;2.0569332903619397257e-08;
1291752.7835188726895;2.1403309347078902647e-08;
1292086.1390759097412;2.0636399256090953713e-08;
1292419.494632946793;2.04519050583940043e-08;
1292752.8501899838448;2.1125089233464677818e-08;
1293086.2057470208965;2.0897276797882113897e-08;
1293419.5613040579483;1.9868187095539724396e-08;
1293752.9168610950001;1.9833873210473029758e-08;
1294086.2724181320518;1.978438746164101758e-08;
1294419.6279751691036;2.0811221190797368763e-08;
1294752.9835322061554;2.0222184815565924509e-08;
1295086.3390892432071;2.0685870794068250689e-08;
1295419.6946462802589;2.0898195174368083826e-08;
1295753.0502033173107;2.0840159820068038243e-08;
1296086.4057603543624;2.0842467307602419169e-08;
1296419.7613173914142;2.1301245212157482456e-08;
1296753.116874428466;2.0409732570669802953e-08;
1297086.4724314655177;2.1027823038366477704e-08;
1297419.8279885025695;1.9467545797624552506e-08;
1297753.1835455396213;2.0402707079369974963e-08;
1298086.539102576673;2.0645247289508006361e-08;
1298419.8946596137248;2.1706004105226384127e-08;
1298753.2502166507766;2.0721078186625163653e-08;
1299086.6057736878283;1.9947014706644949911e-08;
1299419.9613307248801;2.0396328181959688663e-08;
1299753.3168877619319;2.0072365103374067985e-08;
1300086.6724447989836;2.143872102067234664e-08;
1300420.0280018360354;2.07703507726364478e-08;
1300753.3835588730872;2.1886117806957372522e-08;
1301086.7391159101389;2.0461753180711639288e-08;
1301420.0946729471907;1.9632292236337889335e-08;
1301753.4502299842425;2.0627989982813232928e-08;
1302086.8057870212942;2.044353664132358972e-08;
1302420.161344058346;2.0976724357524290099e-08;
1302753.5169010953978;2.1213413248233337072e-08;
1303086.8724581324495;2.0225488839287208975e-08;
1303420.2280151695013;2.0402348255288416112e-08;
1303753.5835722065531;1.8373157217865809798e-08;
1304086.9391292436048;2.1009656236969931342e-08;
1304420.2946862806566;2.0682019652440430946e-08;
1304753.6502433177084;2.0649599363764536974e-08;
1305087.0058003547601;2.1383165460520103807e-08;
1305420.3613573918119;1.9334963852202236012e-08;
1305753.7169144288637;2.0517976651035496616e-08;
1306087.0724714659154;2.0784694854114604823e-08;
1306420.4280285029672;2.1472644107234373223e-08;
1306753.783585540019;2.0075539453046076233e-08;
1307087.1391425770707;2.0339006923109081981e-08;
1307420.4946996141225;2.1585728759987432568e-08;
1307753.8502566511743;2.0412674217595849768e-08;
1308087.205813688226;2.1573368869098885625e-08;
1308420.5613707252778;2.1694644303238419525e-08;
1308753.9169277623296;2.0181444071454279765e-08;
1309087.2724847993813;2.148233946286381979e-08;
1309420.6280418364331;2.0734695738156005973e-08;
1309753.9835988734849;2.3442023433517533704e-08;
1310087.3391559105366;2.1350997414515404671e-08;
1310420.6947129475884;2.1234852098928058695e-08;
1310754.0502699846402;2.0540698031368265219e-08;
1311087.4058270216919;2.204901150548721489e-08;
1311420.7613840587437;1.9953008134621086356e-08;
1311754.1169410957955;2.1462536636818185798e-08;
1312087.4724981328472;2.1741801248253977974e-08;
1312420.828055169899;2.1795990789996722015e-08;
1312754.1836122069508;2.0245289888976003567e-08;
1313087.5391692440026;2.1416060036472117645e-08;
1313420.8947262810543;1.9945508356045138498e-08;
1313754.2502833181061;2.1460273558204789879e-08;
1314087.6058403551579;2.0621287788458175783e-08;
1314420.9613973922096;1.8762973397201676562e-08;
1314754.3169544292614;2.1219115353687811876e-08;
1315087.6725114663132;2.1183844012284680502e-08;
1315421.0280685033649;2.0432011638149560895e-08;
1315754.3836255404167;2.1410530237631064665e-08;
1316087.7391825774685;1.9809531792702728126e-08;
1316421.0947396145202;2.1641390901550039416e-08;
1316754.450296651572;2.3085455325144721428e-08;
1317087.8058536886238;1.9357326408453445765e-08;
1317421.1614107256755;2.1213040213297063019e-08;
1317754.5169677627273;1.967026719285058789e-08;
1318087.8725247997791;2.2033871616145006556e-08;
1318421.2280818368308;2.1304687791712240141e-08;
1318754.5836388738826;2.1972180519469475257e-08;
1319087.9391959109344;2.0699685521208266437e-08;
1319421.2947529479861;2.0464160144229026628e-08;
1319754.6503099850379;2.0920051468920064508e-08;
1320088.0058670220897;2.2185661308071757958e-08;
1320421.3614240591414;1.9749663238144421484e-08;
1320754.7169810961932;2.1455297982697629777e-08;
1321088.072538133245;2.1301319819144737266e-08;
1321421.4280951702967;2.1228846236454046448e-08;
1321754.7836522073485;2.0729379102135681023e-08;
1322088.1392092444003;2.0370940490010980284e-08;
1322421.494766281452;2.0945607914768515911e-08;
1322754.8503233185038;2.0395898303604553803e-08;
1323088.2058803555556;2.0335006567506752617e-08;
1323421.5614373926073;2.1037356745523538848e-08;
1323754.9169944296591;2.1523364424069768575e-08;
1324088.2725514667109;2.0765389407984002901e-08;
1324421.6281085037626;2.0691468094469200878e-08;
1324754.9836655408144;2.023928047378831252e-08;
1325088.3392225778662;2.0440591441683864105e-08;
1325421.6947796149179;2.2220023154773116403e-08;
1325755.0503366519697;2.2306576141772893607e-08;
1326088.4058936890215;2.018055766939141904e-08;
1326421.7614507260732;2.029396561908924923e-08;
1326755.117007763125;2.018438571838032658e-08;
1327088.4725648001768;2.01909120534082831e-08;
1327421.8281218372285;2.0520102950172258716e-08;
1327755.1836788742803;2.0410988454955258931e-08;
1328088.5392359113321;2.1225901036814320832e-08;
1328421.8947929483838;1.9551858798649845994e-08;
1328755.2503499854356;2.0449858695315015211e-08;
1329088.6059070224874;2.086056127836855012e-08;
1329421.9614640595391;1.9693537467446731171e-08;
1329755.3170210965909;2.1123309323911598767e-08;
1330088.6725781336427;2.1563556273918038642e-08;
1330422.0281351706944;2.0115749066462740302e-08;
1330755.3836922077462;2.1083788936948621995e-08;
1331088.739249244798;2.0354555374524352374e-08;
1331422.0948062818497;2.0171057713014306501e-08;
1331755.4503633189015;2.0741362405374275113e-08;
1332088.8059203559533;2.1860950383256749774e-08;
1332422.161477393005;1.9623637825816331315e-08;
1332755.5170344300568;2.2010775424519124499e-08;
1333088.8725914671086;2.1861870536099559104e-08;
1333422.2281485041603;1.9791965399917899049e-08;
1333755.5837055412121;2.0650180232451020856e-08;
1334088.9392625782639;2.1238880876239818463e-08;
1334422.2948196153156;2.0506158548982966749e-08;
1334755.6503766523674;2.2542662847513383895e-08;
1335089.0059336894192;2.0304272041471449484e-08;
1335422.3614907264709;2.0102536524291281239e-08;
1335755.7170477635227;2.1483321788196008129e-08;
1336089.0726048005745;2.1384405357594005181e-08;
1336422.4281618376262;2.0456935700963185809e-08;
1336755.783718874678;2.0931372191057562304e-08;
1337089.1392759117298;2.1516218140504861367e-08;
1337422.4948329487815;2.0881351758816890651e-08;
1337755.8503899858333;1.902388291341594595e-08;
1338089.2059470228851;2.0218454466203183983e-08;
1338422.5615040599369;2.0960367663747092593e-08;
1338755.9170610969886;2.0431293989986443194e-08;
1339089.2726181340404;2.0532905153913816321e-08;
1339422.6281751710922;2.0853343940530066902e-08;
1339755.9837322081439;1.9817850471781639499e-08;
1340089.3392892451957;2.069786653180472058e-08;
1340422.6948462822475;2.1969247754327625444e-08;
1340756.0504033192992;2.0641730102965993865e-08;
1341089.405960356351;1.9732945943928825727e-08;
1341422.7615173934028;2.1036285602349380497e-08;
1341756.1170744304545;2.1463140598143581883e-08;
1342089.4726314675063;2.0368183584196231095e-08;
1342422.8281885045581;2.0652937138265770045e-08;
1342756.1837455416098;2.1378696146712172776e-08;
1343089.5393025786616;2.1400452965281147044e-08;
1343422.8948596157134;1.942402505505924637e-08;
1343756.2504166527651;2.205362115148545854e-08;
1344089.6059736898169;2.2573573232875787653e-08;
1344422.9615307268687;2.0614406182062339212e-08;
1344756.3170877639204;2.1249070059070618299e-08;
1345089.6726448009722;2.0481747853295928508e-08;
1345423.028201838024;2.1353436352455901215e-08;
1345756.3837588750757;2.11774437985923214e-08;
1346089.7393159121275;2.0473942541343603807e-08;
1346423.0948729491793;2.0725192229065214633e-08;
1346756.450429986231;2.200056847811993066e-08;
1347089.8059870232828;2.066055770910679712e-08;
1347423.1615440603346;2.0221225582872648374e-08;
1347756.5171010973863;2.204440185948897124e-08;
1348089.8726581344381;2.0489594021455559414e-08;
1348423.2282151714899;2.0822630730776836572e-08;
1348756.5837722085416;1.9757957048227581254e-08;
1349089.9393292455934;2.1165877939210986369e-08;
1349423.2948862826452;2.0718383453299793473e-08;
1349756.6504433196969;2.2349409434241351846e-08;
1350090.0060003567487;2.0960147395499006961e-08;
1350423.3615573938005;2.0955287283186407876e-08;
1350756.7171144308522;2.1854766885098797502e-08;
1351090.072671467904;2.0921300247778162884e-08;
1351423.4282285049558;2.0204110384725026961e-08;
1351756.7837855420075;2.0114724108566406358e-08;
1352090.1393425790593;2.2013868061776520335e-08;
1352423.4948996161111;2.2725487269781297073e-08;
1352756.8504566531628;2.0705867243009379308e-08;
1353090.2060136902146;2.0280173984588145686e-08;
1353423.5615707272664;1.938346017027470225e-08;
1353756.9171277643181;1.9706341447545128176e-08;
1354090.2726848013699;2.208475358145278733e-08;
1354423.6282418384217;2.1023687679644353921e-08;
1354756.9837988754734;2.1422946971938472416e-08;
1355090.3393559125252;1.9968156905747491692e-08;
1355423.694912949577;2.0811805612197531445e-08;
1355757.0504699866287;2.0794665545054158429e-08;
1356090.4060270236805;2.12632595975037475e-08;
1356423.7615840607323;2.1680889972230943386e-08;
1356757.117141097784;2.1730079069470775721e-08;
1357090.4726981348358;2.0197544969846603635e-08;
1357423.8282551718876;2.2018664225242901011e-08;
1357757.1838122089393;2.0966554714618723665e-08;
1358090.5393692459911;2.1660218507690842671e-08;
1358423.8949262830429;2.1114813009148747369e-08;
1358757.2504833200946;2.0053684934850934951e-08;
1359090.6060403571464;2.1154056284444777702e-08;
1359423.9615973941982;2.0536981892860239896e-08;
1359757.3171544312499;2.1628657975725218421e-08;
1360090.6727114683017;2.202915005966588069e-08;
1360424.0282685053535;2.1133962135877482069e-08;
1360757.3838255424052;2.0937552136501835776e-08;
1361090.739382579457;2.1028636609798923018e-08;
1361424.0949396165088;2.0867672034796669323e-08;
1361757.4504966535605;2.0349872897895693313e-08;
1362090.8060536906123;2.0851878446137561696e-08;
1362424.1616107276641;2.0922293231251387624e-08;
1362757.5171677647159;1.9870281420253377291e-08;
1363090.8727248017676;2.2433312096836743876e-08;
1363424.2282818388194;2.1034695762978117273e-08;
1363757.5838388758712;2.0770714925788524852e-08;
1364090.9393959129229;2.0483438945007037546e-08;
1364424.2949529499747;2.2322648618455787073e-08;
1364757.6505099870265;2.0170348946635385801e-08;
1365091.0060670240782;2.2855285664036273374e-08;
1365424.36162406113;2.0619838281277225178e-08;
1365757.7171810981818;2.0388840837881616608e-08;
1366091.0727381352335;2.0622302088213473326e-08;
1366424.4282951722853;2.0544668188904324779e-08;
1366757.7838522093371;2.0911526732447782706e-08;
1367091.1394092463888;2.1967279550949569966e-08;
1367424.4949662834406;2.0564094427300005918e-08;
1367757.8505233204924;2.1677347916693179286e-08;
1368091.2060803575441;2.0332649341980868485e-08;
1368424.5616373945959;2.1991333198911888758e-08;
1368757.9171944316477;2.0558170277240606083e-08;
1369091.2727514686994;2.2045409053816911182e-08;
1369424.6283085057512;2.1079937795320802252e-08;
1369757.983865542803;2.1912509140520342044e-08;
1370091.3394225798547;2.1318877330145369342e-08;
1370424.6949796169065;2.000495236131882848e-08;
1370758.0505366539583;2.1105911685026512714e-08;
1371091.40609369101;1.9968718234508742171e-08;
1371424.7616507280618;2.0066124761797254905e-08;
1371758.1172077651136;1.9983245280741357419e-08;
1372091.4727648021653;2.1357037027769365523e-08;
1372424.8283218392171;2.1141833173032864579e-08;
1372758.1838788762689;2.2003352029287270852e-08;
1373091.5394359133206;2.0973738301677258278e-08;
1373424.8949929503724;2.1163089058973127976e-08;
1373758.2505499874242;2.0215933815848075028e-08;
1374091.6061070244759;2.1034585628854074457e-08;
1374424.9616640615277;2.0526918831365037477e-08;
1374758.3172210985795;2.144000177395355422e-08;
1375091.6727781356312;2.111013941430428531e-08;
1375425.028335172683;2.2083627371216607571e-08;
1375758.3838922097348;2.0684598922571240109e-08;
1376091.7394492467865;2.1873203692734932702e-08;
1376425.0950062838383;2.0300170433529274305e-08;
1376758.4505633208901;2.225780271203348093e-08;
1377091.8061203579418;2.1645725212238176027e-08;
1377425.1616773949936;2.0466426775556101347e-08;
1377758.5172344320454;2.2162950585880025756e-08;
1378091.8727914690971;2.1395040405991494481e-08;
1378425.2283485061489;2.101013762967340881e-08;
1378758.5839055432007;2.1379861436798819341e-08;
1379091.9394625802524;2.0859609151102631586e-08;
1379425.2950196173042;2.0484483442828604893e-08;
1379758.650576654356;2.1095644342494779266e-08;
1380092.0061336914077;2.1003568662081306684e-08;
1380425.3616907284595;2.0673374123703069927e-08;
1380758.7172477655113;2.1057138255287100037e-08;
1381092.072804802563;2.1351072021502659481e-08;
1381425.4283618396148;2.1728780552621174138e-08;
1381758.7839188766666;2.1020474250121878868e-08;
1382092.1394759137183;1.9229245751262169506e-08;
1382425.4950329507701;2.0743913253795653873e-08;
1382758.8505899878219;2.0577211046202137368e-08;
1383092.2061470248736;2.1003788930329392315e-08;
1383425.5617040619254;2.130240517317361082e-08;
1383758.9172610989772;2.1214196621599512582e-08;
1384092.2728181360289;2.1263035776541983068e-08;
1384425.6283751730807;2.1283963036466957419e-08;
1384758.9839322101325;2.1748830292267484765e-08;
1385092.3394892471842;2.0378420728661694739e-08;
1385425.695046284236;2.1626151536224824667e-08;
1385759.0506033212878;2.0237893139096740924e-08;
1386092.4061603583395;2.0699721048345054442e-08;
1386425.7617173953913;2.1597903909764681885e-08;
1386759.1172744324431;2.1433335106735285081e-08;
1387092.4728314694948;2.1556056495342090784e-08;
1387425.8283885065466;1.9904764059219814953e-08;
1387759.1839455435984;2.5522123081600511796e-08;
1388092.5395025806502;2.233170803833672835e-08;
1388425.8950596177019;2.1230412983186397469e-08;
1388759.2506166547537;2.093354289911530941e-08;
1389092.6061736918055;2.13072333110631007e-08;
1389425.9617307288572;2.061020509813715762e-08;
1389759.317287765909;1.9777194992798285966e-08;
1390092.6728448029608;2.0263080102722597076e-08;
1390426.0284018400125;1.9212766488863053382e-08;
1390759.3839588770643;2.0797624955548599246e-08;
1391092.7395159141161;2.0028970482144359266e-08;
1391426.0950729511678;1.9919141891477920581e-08;
1391759.4506299882196;2.1016781204252765747e-08;
1392092.8061870252714;2.1016079543301202648e-08;
1392426.1617440623231;1.9626051894761076255e-08;
1392759.5173010993749;2.0381069276709240512e-08;
1393092.8728581364267;2.1097831037764080975e-08;
1393426.2284151734784;2.0488549523633992067e-08;
1393759.5839722105302;2.0219129481802156079e-08;
1394092.939529247582;2.1227206659091280017e-08;
1394426.2950862846337;2.1321012511066328443e-08;
1394759.6506433216855;2.1228697022479536827e-08;
1395093.0062003587373;2.0508679199338075705e-08;
1395426.361757395789;2.0463369665435493516e-08;
1395759.7173144328408;2.1296305163787110359e-08;
1396093.0728714698926;2.101021046030382422e-08;
1396426.4284285069443;2.0163476222023746232e-08;
1396759.7839855439961;2.1283028672769432887e-08;
1397093.1395425810479;2.145198152447846951e-08;
1397426.4950996180996;2.0514445253638768918e-08;
1397759.8506566551514;1.8928874467860623554e-08;
1398093.2062136922032;2.1323110388493660139e-08;
1398426.5617707292549;2.0048684490348023246e-08;
1398759.9173277663067;2.0974475489765609382e-08;
1399093.2728848033585;2.0214050877598310763e-08;
1399426.6284418404102;2.1095607039001151861e-08;
1399759.983998877462;2.0270521261522844725e-08;
1400093.3395559145138;2.2168363145169678319e-08;
1400426.6951129515655;2.0229292019280364912e-08;
1400760.0506699886173;2.162964740648476436e-08;
1401093.4062270256691;2.1821467299787400407e-08;
1401426.7617840627208;2.0486497831484484777e-08;
1401760.1173410997726;2.0701975245174253359e-08;
1402093.4728981368244;2.11497841462460201e-08;
1402426.8284551738761;2.2530507237661367981e-08;
1402760.1840122109279;2.0592580085576628335e-08;
1403093.5395692479797;2.1200969868573338317e-08;
1403426.8951262850314;2.0427417979362871847e-08;
1403760.2506833220832;2.0904730391180237348e-08;
1404093.606240359135;2.3013502215007974883e-08;
1404426.9617973961867;2.0924975530078882002e-08;
1404760.3173544332385;2.1609137590417049068e-08;
1405093.6729114702903;2.2345954420188718359e-08;
1405427.028468507342;2.1180122544706136978e-08;
1405760.3840255443938;2.2938104748959631252e-08;
1406093.7395825814456;2.1930802063252485823e-08;
1406427.0951396184973;2.1476981970636188635e-08;
1406760.4506966555491;2.3070658272672517342e-08;
1407093.8062536926009;2.2876696093021564593e-08;
1407427.1618107296526;2.2911686770044070727e-08;
1407760.5173677667044;2.1151604912006405357e-08;
1408093.8729248037562;2.9423393499428129871e-08;
1408427.2284818408079;2.2576585934075410478e-08;
1408760.5840388778597;2.2119891696092963684e-08;
1409093.9395959149115;2.1638197011952797766e-08;
1409427.2951529519632;2.1136189687354089983e-08;
1409760.650709989015;2.2148821443579436163e-08;
1410094.0062670260668;2.1395452520778235339e-08;
1410427.3618240631185;2.2673487976021533541e-08;
1410760.7173811001703;2.0292077351768966764e-08;
1411094.0729381372221;2.1990135934402132989e-08;
1411427.4284951742738;2.3106554891683117603e-08;
1411760.7840522113256;2.0923947019468869257e-08;
1412094.1396092483774;2.4341021642726445862e-08;
1412427.4951662854291;2.1019328499960465706e-08;
1412760.8507233224809;2.0060451078052210505e-08;
1413094.2062803595327;2.1190469823295643437e-08;
1413427.5618373965845;2.1452169818303445936e-08;
1413760.9173944336362;2.1958173945790804282e-08;
1414094.272951470688;2.076517091609275667e-08;
1414427.6285085077398;2.0463225780531502096e-08;
1414760.9840655447915;2.1612516221125588345e-08;
1415094.3396225818433;2.1360788693414178852e-08;
1415427.6951796188951;2.2807956412407293101e-08;
1415761.0507366559468;2.1749402279169771646e-08;
1416094.4062936929986;2.2479625272353587206e-08;
1416427.7618507300504;2.2341321681551562506e-08;
1416761.1174077671021;2.1591683108113102207e-08;
1417094.4729648041539;2.158652456785148388e-08;
1417427.8285218412057;2.2136218191803891386e-08;
1417761.1840788782574;2.1276150619087275118e-08;
1418094.5396359153092;2.1634434688166948035e-08;
1418427.895192952361;2.002984977877986239e-08;
1418761.2507499894127;2.2252056197658021119e-08;
1419094.6063070264645;2.0595800620526460989e-08;
1419427.9618640635163;2.0073670725651027169e-08;
1419761.317421100568;2.0641294895540340804e-08;
1420094.6729781376198;2.066992443872095464e-08;
1420428.0285351746716;2.1502993163835526502e-08;
1420761.3840922117233;2.0715836157592093514e-08;
1421094.7396492487751;2.1881236378362700634e-08;
1421428.0952062858269;2.0860708715986220341e-08;
1421761.4507633228786;2.0786741217193593911e-08;
1422094.8063203599304;2.0880507989318175532e-08;
1422428.1618773969822;2.0366252684311803023e-08;
1422761.5174344340339;2.1108768066824268317e-08;
1423094.8729914710857;2.139368682207987149e-08;
1423428.2285485081375;2.5089095245789394539e-08;
1423761.5841055451892;2.1611377576391532784e-08;
1424094.939662582241;2.2310141289949569909e-08;
1424428.2952196192928;2.1088714774464278889e-08;
1424761.6507766563445;2.2188661574773504981e-08;
1425095.0063336933963;2.1030039931702049216e-08;
1425428.3618907304481;2.3367151769093652547e-08;
1425761.7174477674998;2.1377156045332412759e-08;
1426095.0730048045516;2.0394429256498369796e-08;
1426428.4285618416034;2.1650821580010415346e-08;
1426761.7841188786551;2.0863639704771230754e-08;
1427095.1396759157069;2.0799488353873130109e-08;
1427428.4952329527587;2.0106421416699049587e-08;
1427761.8507899898104;2.1285647022750708857e-08;
1428095.2063470268622;2.0534637101832231565e-08;
1428428.561904063914;2.0396937472355602949e-08;
1428761.9174611009657;2.1106394854086829582e-08;
1429095.2730181380175;2.1448627762765681837e-08;
1429428.6285751750693;2.0221900598471620469e-08;
1429761.984132212121;2.1038317754573654383e-08;
1430095.3396892491728;2.0803618383524735691e-08;
1430428.6952462862246;2.1223813817528025538e-08;
1430762.0508033232763;2.0933248023879968969e-08;
1431095.4063603603281;2.0234551811881829053e-08;
1431428.7619173973799;2.0944652234788918577e-08;
1431762.1174744344316;2.0931739896923318156e-08;
1432095.4730314714834;2.1091160817832133034e-08;
1432428.8285885085352;2.0310942261403397424e-08;
1432762.1841455455869;2.0439657077986339573e-08;
1433095.5397025826387;2.0130173083998670336e-08;
1433428.8952596196905;2.0953889290353799879e-08;
1433762.2508166567422;1.9698692454994670697e-08;
1434095.606373693794;2.0558061919473402668e-08;
1434428.9619307308458;2.0495317443192107021e-08;
1434762.3174877678975;1.9901582604120449105e-08;
1435095.6730448049493;2.1139605621556256665e-08;
1435429.0286018420011;2.0636436559584581119e-08;
1435762.3841588790528;2.0166311287539429031e-08;
1436095.7397159161046;1.9669368356289851363e-08;
1436429.0952729531564;2.0573018844061152777e-08;
1436762.4508299902081;1.970800411754680681e-08;
1437095.8063870272599;2.0515923182529149926e-08;
1437429.1619440643117;2.0824387547691003419e-08;
1437762.5175011013635;2.1635688796095564612e-08;
1438095.8730581384152;2.0965044811305233452e-08;
1438429.228615175467;1.9587199417969713977e-08;
1438762.5841722125188;2.0245218834702427557e-08;
1439095.9397292495705;2.0295249925084135612e-08;
1439429.2952862866223;2.0899516783856597613e-08;
1439762.6508433236741;2.0464485217530636874e-08;
1440096.0064003607258;2.1404551020509643422e-08;
1440429.3619573977776;2.039041646639816463e-08;
1440762.7175144348294;2.1364241931109972938e-08;
1441096.0730714718811;2.3281025107735331403e-08;
1441429.4286285089329;2.6715584411363124673e-08;
1441762.7841855459847;2.0574427495034797175e-08;
1442096.1397425830364;2.1045082121418090537e-08;
1442429.4952996200882;2.0534239197900205909e-08;
1442762.85085665714;2.191666759188137803e-08;
1443096.2064136941917;2.036800594851229107e-08;
1443429.5619707312435;1.9558624941851121548e-08;
1443762.9175277682953;2.0465275696324169985e-08;
1444096.273084805347;2.0488728935674771492e-08;
1444429.6286418423988;1.9834047293443290982e-08;
1444762.9841988794506;2.1151159046439715894e-08;
1445096.3397559165023;2.0922218624264132814e-08;
1445429.6953129535541;2.0234018904830008978e-08;
1445763.0508699906059;2.0667382472083772882e-08;
1446096.4064270276576;1.9945087359474200639e-08;
1446429.7619840647094;2.0716782955787493847e-08;
1446763.1175411017612;2.1293537599831324769e-08;
1447096.4730981388129;2.0203081874115014216e-08;
1447429.8286551758647;2.0800255740027751017e-08;
1447763.1842122129165;2.0502556097312663042e-08;
1448096.5397692499682;2.0359347985277054249e-08;
1448429.89532628702;2.0038120496224109957e-08;
1448763.2508833240718;1.9774727633148359018e-08;
1449096.6064403611235;2.0736663941534061451e-08;
1449429.9619973981753;2.1211400635934296588e-08;
1449763.3175544352271;2.1054955112731477129e-08;
1450096.6731114722788;2.0395718891563774378e-08;
1450430.0286685093306;2.1286394868980096362e-08;
1450763.3842255463824;2.1153201856805026182e-08;
1451096.7397825834341;2.0275079393172745768e-08;
1451430.0953396204859;1.9534349249283877725e-08;
1451763.4508966575377;2.0788492705037242558e-08;
1452096.8064536945894;2.0736299788381984399e-08;
1452430.1620107316412;2.0673809331128722988e-08;
1452763.517567768693;2.0583104998195267399e-08;
1453096.8731248057447;2.0715399173809601052e-08;
1453430.2286818427965;2.1695290897127961216e-08;
1453763.5842388798483;1.9209798196584415564e-08;
1454096.9397959169;1.9140506068993090594e-08;
1454430.2953529539518;2.057048931192184682e-08;
1454763.6509099910036;2.0372944220525823766e-08;
1455097.0064670280553;2.1671446859272691654e-08;
1455430.3620240651071;2.0410126921888149809e-08;
1455763.7175811021589;2.0221012420051920344e-08;
1456097.0731381392106;1.9944071283362063696e-08;
1456430.4286951762624;1.9640227222339490254e-08;
1456763.7842522133142;2.0519959065268267295e-08;
1457097.1398092503659;2.0091627916940524301e-08;
1457430.4953662874177;2.0204181438998602971e-08;
1457763.8509233244695;2.0047838944492468727e-08;
1458097.2064803615212;2.0214939056018010888e-08;
1458430.562037398573;2.0211352591559261782e-08;
1458763.9175944356248;2.0429318681181030115e-08;
1459097.2731514726765;2.2235136398762733734e-08;
1459430.6287085097283;2.0431329517123231199e-08;
1459763.9842655467801;1.962601636762428825e-08;
1460097.3398225838318;2.014587963117264735e-08;
1460430.6953796208836;2.1419108264808528475e-08;
1460764.0509366579354;2.003027255170763965e-08;
1461097.4064936949871;2.0572151981923525454e-08;
1461430.7620507320389;1.9957740349241248623e-08;
1461764.1176077690907;2.0104302222989645088e-08;
1462097.4731648061424;2.0942884759733715327e-08;
1462430.8287218431942;1.9741822399055308779e-08;
1462764.184278880246;2.0381643039968366793e-08;
1463097.5398359172978;2.0698957214904112334e-08;
1463430.8953929543495;1.9984790711191635637e-08;
1463764.2509499914013;2.0802923828000530193e-08;
1464097.6065070284531;2.0309409265450995008e-08;
1464430.9620640655048;2.1469777067295581219e-08;
1464764.3176211025566;2.0767467745486101194e-08;
1465097.6731781396084;2.1010727380144089693e-08;
1465431.0287351766601;1.9959072616870798811e-08;
1465764.3842922137119;2.10235384656698443e-08;
1466097.7398492507637;1.9117655014611045772e-08;
1466431.0954062878154;2.028630241568407655e-08;
1466764.4509633248672;1.9942110185411365819e-08;
1467097.806520361919;1.9714132548642737675e-08;
1467431.1620773989707;2.0461213168232461612e-08;
1467764.5176344360225;1.9200788514694977493e-08;
1468097.8731914730743;2.0614368878568711807e-08;
1468431.228748510126;1.9670405748684061109e-08;
1468764.5843055471778;1.9253853622558381176e-08;
1469097.9398625842296;2.0577102688434933953e-08;
1469431.2954196212813;2.0047803417355680722e-08;
1469764.6509766583331;1.9921136740208567062e-08;
1470098.0065336953849;2.0335399142368260073e-08;
1470431.3620907324366;1.9348963320453549386e-08;
1470764.7176477694884;1.99597049999056253e-08;
1471098.0732048065402;1.9794851979781924456e-08;
1471431.4287618435919;1.9953112939674610971e-08;
1471764.7843188806437;2.014757782831111399e-08;
1472098.1398759176955;2.0092651098480018845e-08;
1472431.4954329547472;1.967431018101706286e-08;
1472764.850989991799;2.1263931060389040795e-08;
1473098.2065470288508;2.0276432977084368758e-08;
1473431.5621040659025;2.0982914961109599972e-08;
1473764.9176611029543;2.0860305482983676484e-08;
1474098.2732181400061;1.9909101922621630365e-08;
1474431.6287751770578;1.9934685013822672772e-08;
1474764.9843322141096;2.0442817216803632618e-08;
1475098.3398892511614;1.9712366849944373826e-08;
1475431.6954462882131;1.9112718518954352476e-08;
1475765.0510033252649;1.9178235888261951914e-08;
1476098.4065603623167;2.0000173961420841806e-08;
1476431.7621173993684;1.9699834652442405059e-08;
1476765.1176744364202;1.9781468907353882969e-08;
1477098.473231473472;1.9934473627358784142e-08;
1477431.8287885105237;1.9388160410471755313e-08;
1477765.1843455475755;2.0305984449464631325e-08;
1478098.5399025846273;2.0171164294424670516e-08;
1478431.895459621679;2.0000806344455668295e-08;
1478765.2510166587308;1.866189158761244471e-08;
1479098.6065736957826;1.8712938754106289707e-08;
1479431.9621307328343;1.9835892928199427843e-08;
1479765.3176877698861;2.0026330815881010494e-08;
1480098.6732448069379;2.6062885183364414843e-08;
1480432.0288018439896;1.9259266181848033739e-08;
1480765.3843588810414;2.108964203273444582e-08;
1481098.7399159180932;2.039389102037603152e-08;
1481432.0954729551449;2.1495665691873000469e-08;
1481765.4510299921967;1.9973382947569007229e-08;
1482098.8065870292485;2.098254725524384412e-08;
1482432.1621440663002;1.9678907392517430708e-08;
1482765.517701103352;2.0243795972874067957e-08;
1483098.8732581404038;1.9578667576070074574e-08;
1483432.2288151774555;1.9912388182774520828e-08;
1483765.5843722145073;2.0084392815533647081e-08;
1484098.9399292515591;2.0450791282655700343e-08;
1484432.2954862886108;1.9764796022059272218e-08;
1484765.6510433256626;2.0243120957275095861e-08;
1485099.0066003627144;1.9869967005092803447e-08;
1485432.3621573997661;1.9935910700041858945e-08;
1485765.7177144368179;1.9518980209909386758e-08;
1486099.0732714738697;1.9880442181374746724e-08;
1486432.4288285109214;2.018211731069641246e-08;
1486765.7843855479732;1.9133278073013570975e-08;
1487099.139942585025;1.9452777166861778824e-08;
1487432.4954996220767;2.1245897485755449452e-08;
1487765.8510566591285;1.9827984587550417928e-08;
1488099.2066136961803;1.8678520063986070454e-08;
1488432.5621707332321;2.1201975286544438859e-08;
1488765.9177277702838;1.9218472147031206987e-08;
1489099.2732848073356;2.0746865558862737089e-08;
1489432.6288418443874;2.0003266598678237642e-08;
1489765.9843988814391;1.8984186667125868553e-08;
1490099.3399559184909;1.9932793193788711505e-08;
1490432.6955129555427;1.9801252193474283558e-08;
1490766.0510699925944;1.9993288802311326435e-08;
1491099.4066270296462;2.0201094130811725336e-08;
1491432.762184066698;2.0392674215941042348e-08;
1491766.1177411037497;1.8777614130272013426e-08;
1492099.4732981408015;2.1103428338165031164e-08;
1492432.8288551778533;1.8780452748501375027e-08;
1492766.184412214905;1.982892605667530006e-08;
1493099.5399692519568;1.9709423426661487611e-08;
1493432.8955262890086;1.830643370226425759e-08;
1493766.2510833260603;1.7858742040743891266e-08;
1494099.6066403631121;2.1161564944804922561e-08;
1494432.9621974001639;2.1489888979431270855e-08;
1494766.3177544372156;2.2395314047685133119e-08;
1495099.6733114742674;1.9427744746280950494e-08;
1495433.0288685113192;1.9296992448403216258e-08;
1495766.3844255483709;1.9321518607284815516e-08;
1496099.7399825854227;1.9682884655480847869e-08;
1496433.0955396224745;2.0070002548777665652e-08;
1496766.4510966595262;2.0069508721576312382e-08;
1497099.806653696578;2.0385330756766961713e-08;
1497433.1622107336298;1.9531569250830216333e-08;
1497766.5177677706815;2.0381033749572452507e-08;
1498099.8733248077333;2.1752345702452657861e-08;
1498433.2288818447851;1.8243957455865711381e-08;
1498766.5844388818368;2.0587515692227498221e-08;
1499099.9399959188886;2.0607961559448995104e-08;
1499433.2955529559404;1.9027023512308005593e-08;
1499766.6511099929921;2.1784543946523626801e-08;
1500100.0066670300439;1.9716141608228099358e-08;
1500433.3622240670957;2.0141738943380005367e-08;
1500766.7177811041474;1.8870007778559738654e-08;
1501100.0733381411992;1.938856897254481737e-08;
1501433.428895178251;2.0856495197563162947e-08;
1501766.7844522153027;1.993580411863149493e-08;
1502100.1400092523545;2.0646407250524134724e-08;
1502433.4955662894063;1.9432693676435519592e-08;
1502766.851123326458;1.9103723047919629607e-08;
1503100.2066803635098;2.0088945618113029923e-08;
1503433.5622374005616;2.025283052375925763e-08;
1503766.9177944376133;2.0211601281516777817e-08;
1504100.2733514746651;2.051970682259707246e-08;
1504433.6289085117169;1.9679081475487691932e-08;
1504766.9844655487686;2.0194423910879777395e-08;
1505100.3400225858204;1.9920365801340267353e-08;
1505433.6955796228722;2.0010013201954279793e-08;
1505767.0511366599239;1.9126186856510685175e-08;
1506100.4066936969757;1.8536782775413485069e-08;
1506433.7622507340275;1.9867455236521891493e-08;
1506767.1178077710792;1.8507204657680631499e-08;
1507100.473364808131;1.8902854392877088685e-08;
1507433.8289218451828;1.9028929543196682062e-08;
1507767.1844788822345;2.0122570276726037264e-08;
1508100.5400359192863;1.913714342549610592e-08;
1508433.8955929563381;1.8913549837407117593e-08;
1508767.2511499933898;1.9538948237141084974e-08;
1509100.6067070304416;1.9687828256564898766e-08;
1509433.9622640674934;2.0261584410263822065e-08;
1509767.3178211045451;2.0599092209749869653e-08;
1510100.6733781415969;1.9747893986732378835e-08;
1510434.0289351786487;1.9263630690602440154e-08;
1510767.3844922157004;1.8869080520289571723e-08;
1511100.7400492527522;1.9048997046411386691e-08;
1511434.095606289804;1.8884865227164482349e-08;
1511767.4511633268557;1.960658124744441011e-08;
1512100.8067203639075;2.0458912786125438288e-08;
1512434.1622774009593;1.9133009843130821537e-08;
1512767.5178344380111;2.0885973839313010103e-08;
1513100.8733914750628;2.3317001662803704676e-08;
1513434.2289485121146;3.7426403309837041888e-08;
1513767.5845055491664;2.1908622471755734296e-08;
1514100.9400625862181;2.0247068022172243218e-08;
1514434.2956196232699;1.934508908618681744e-08;
1514767.6511766603217;1.9535001172243937617e-08;
1515101.0067336973734;1.980048658367650205e-08;
1515434.3622907344252;1.866920307236341614e-08;
1515767.717847771477;1.9773199966266474803e-08;
1516101.0734048085287;1.8366510090572774061e-08;
1516434.4289618455805;1.9547565344169015589e-08;
1516767.7845188826323;1.9450727251069110935e-08;
1517101.140075919684;1.9785048266385274474e-08;
1517434.4956329567358;1.9632155456861255516e-08;
1517767.8511899937876;2.1480415668406749319e-08;
1518101.2067470308393;1.9397187855929587386e-08;
1518434.5623040678911;1.9339447376864882244e-08;
1518767.9178611049429;1.9410448359735710255e-08;
1519101.2734181419946;1.9647094617880611622e-08;
1519434.6289751790464;2.0632448638480127556e-08;
1519767.9845322160982;1.9423547215069447702e-08;
1520101.3400892531499;2.0273867917808274797e-08;
1520434.6956462902017;2.0243760445737279952e-08;
1520768.0512033272535;1.991686637836664886e-08;
1521101.4067603643052;1.9747304236261697952e-08;
1521434.762317401357;1.9225664615873938601e-08;
1521768.1178744384088;1.9173217680190646206e-08;
1522101.4734314754605;2.0497873620684003981e-08;
1522434.8289885125123;2.0226270436296545085e-08;
1522768.1845455495641;2.0800584366043040063e-08;
1523101.5401025866158;2.0204678818913635041e-08;
1523434.8956596236676;2.0899920016859141469e-08;
1523768.2512166607194;1.9686929420004162239e-08;
1524101.6067736977711;1.9711466237026797899e-08;
1524434.9623307348229;2.0106810438846878242e-08;
1524768.3178877718747;1.9850221022466030263e-08;
1525101.6734448089264;2.02710559449315042e-08;
1525435.0290018459782;1.9282794028185890056e-08;
1525768.38455888303;1.9646989812827087007e-08;
1526101.7401159200817;1.827735296444643609e-08;
1526435.0956729571335;1.9631086090043936565e-08;
1526768.4512299941853;1.9377843329948518658e-08;
1527101.806787031237;1.9725563404904278286e-08;
1527435.1623440682888;1.91653715120310153e-08;
1527768.5179011053406;2.0233128950053469453e-08;
1528101.8734581423923;2.1385044846056189272e-08;
1528435.2290151794441;2.0626107044563468662e-08;
1528768.5845722164959;1.9384005511824398127e-08;
1529101.9401292535476;2.1802193828079907689e-08;
1529435.2956862905994;1.9818372720692423172e-08;
1529768.6512433276512;2.1134704653036351374e-08;
1530102.0068003647029;3.2183042009137352579e-08;
1530435.3623574017547;2.155836753559015051e-08;
1530768.7179144388065;1.9607167445201412193e-08;
1531102.0734714758582;1.9897422376402573718e-08;
1531435.42902851291;2.0669451927801674174e-08;
1531768.7845855499618;1.9277273111129034078e-08;
1532102.1401425870135;1.9299738696076929045e-08;
1532435.4956996240653;1.9270027351581120456e-08;
1532768.8512566611171;1.8861888051446840109e-08;
1533102.2068136981688;1.993055320781422779e-08;
1533435.5623707352206;1.9527657713069856982e-08;
1533768.9179277722724;1.8728297135339744273e-08;
1534102.2734848093241;1.9234988712923950516e-08;
1534435.6290418463759;2.0046641679982712958e-08;
1534768.9845988834277;2.0767286557088482368e-08;
1535102.3401559204794;2.0537919809271443228e-08;
1535435.6957129575312;1.9999085054678289453e-08;
1535769.051269994583;1.9178505894501540752e-08;
1536102.4068270316347;1.9281202412457787432e-08;
1536435.7623840686865;1.9348554758380487328e-08;
1536769.1179411057383;1.9253278082942415494e-08;
1537102.47349814279;1.9533455741793659399e-08;
1537435.8290551798418;1.8609510377132210124e-08;
1537769.1846122168936;1.8784939825877700059e-08;
1538102.5401692539454;1.9083026714383777289e-08;
1538435.8957262909971;1.9788176430779458315e-08;
1538769.2512833280489;1.879437938612227299e-08;
1539102.6068403651007;1.93632452294423274e-08;
1539435.9623974021524;2.0181726512191744405e-08;
1539769.3179544392042;1.8711952876060422568e-08;
1540102.673511476256;2.0070427098062282312e-08;
1540436.0290685133077;1.9617193203202987206e-08;
1540769.3846255503595;1.9332144773898107815e-08;
1541102.7401825874113;1.9716003052394626138e-08;
1541436.095739624463;2.0573741821294788679e-08;
1541769.4512966615148;2.0458697846947870858e-08;
1542102.8068536985666;1.9744147650158083707e-08;
1542436.1624107356183;1.9486707358851163008e-08;
1542769.5179677726701;1.9421397823293773399e-08;
1543102.8735248097219;1.9980332055524741008e-08;
1543436.2290818467736;1.8880287555589347903e-08;
1543769.5846388838254;2.0349872897895693313e-08;
1544102.9401959208772;2.1161861596397102403e-08;
1544436.2957529579289;1.8607776652856955479e-08;
1544769.6513099949807;1.9442664367375073198e-08;
1545103.0068670320325;1.9745915125213286956e-08;
1545436.3624240690842;1.9628810576932664844e-08;
1545769.717981106136;1.8860298212075576885e-08;
1546103.0735381431878;1.9502769177393020072e-08;
1546436.4290951802395;2.0450073634492582642e-08;
1546769.7846522172913;2.2387249387634255982e-08;
1547103.1402092543431;2.1699332108937596786e-08;
1547436.4957662913948;2.1454507503904096666e-08;
1547769.8513233284466;1.8474688445735409914e-08;
1548103.2068803654984;2.0081747820199780108e-08;
1548436.5624374025501;2.0314832482881683973e-08;
1548769.9179944396019;1.9379749360837195127e-08;
1549103.2735514766537;1.9949784046957574901e-08;
1549436.6291085137054;1.9601104739308539138e-08;
1549769.9846655507572;2.0086899255034040834e-08;
1550103.340222587809;1.9646231308456663101e-08;
1550436.6957796248607;2.1354034984710779099e-08;
1550770.0513366619125;2.443909785654341249e-08;
1551103.4068936989643;2.57937831094068315e-08;
1551436.762450736016;2.1937584193665315979e-08;
1551770.1180077730678;1.9298688869184843497e-08;
1552103.4735648101196;2.1541406880487556919e-08;
1552436.8291218471713;1.9083429947386321146e-08;
1552770.1846788842231;2.0911048892457984039e-08;
1553103.5402359212749;1.9723069399901760335e-08;
1553436.8957929583266;1.8831725512313823856e-08;
1553770.2513499953784;2.0172086223624319246e-08;
1554103.6069070324302;1.9036953347040252993e-08;
1554436.9624640694819;1.9165439013590912509e-08;
1554770.3180211065337;2.0073986917168440414e-08;
1555103.6735781435855;1.8896180620231461944e-08;
1555437.0291351806372;1.9852068433579006523e-08;
1555770.384692217689;1.8523891753829957452e-08;
1556103.7402492547408;1.9799408335074986098e-08;
1556437.0958062917925;1.9390135719277168391e-08;
1556770.4513633288443;1.8755789810143141949e-08;
1557103.8069203658961;1.9659315952935685345e-08;
1557437.1624774029478;1.9593427325048651255e-08;
1557770.5180344399996;1.9644298632215395628e-08;
1558103.8735914770514;1.962474094341359887e-08;
1558437.2291485141031;2.0064961248067447741e-08;
1558770.5847055511549;1.9074715140732223517e-08;
1559103.9402625882067;1.9748622293036532938e-08;
1559437.2958196252584;2.0429856917303368391e-08;
1559770.6513766623102;2.4735616221960299299e-08;
1560104.006933699362;2.1921712445305274741e-08;
1560437.3624907364137;1.8769501508586472482e-08;
1560770.7180477734655;1.836905916263731342e-08;
1561104.0736048105173;1.9935630035661233705e-08;
1561437.429161847569;2.070921389929480938e-08;
1561770.7847188846208;1.8911988419745284773e-08;
1562104.1402759216726;1.8500216469874430913e-08;
1562437.4958329587243;2.1325432086882756266e-08;
1562770.8513899957761;1.910587066333846451e-08;
1563104.2069470328279;1.8697331682915319107e-08;
1563437.5625040698797;1.9737454337587223563e-08;
1563770.9180611069314;1.9765419523309901706e-08;
1564104.2736181439832;1.9039260834574633918e-08;
1564437.629175181035;1.9292722086561298056e-08;
1564770.9847322180867;1.8175340343873358506e-08;
1565104.3402892551385;1.9112450289071603038e-08;
1565437.6958462921903;2.1828062912732093537e-08;
1565771.051403329242;4.1294118346968389233e-08;
1566104.4069603662938;2.0952379387040309666e-08;
1566437.7625174033456;2.077524108301531669e-08;
1566771.1180744403973;1.9300959053225597017e-08;
1567104.4736314774491;2.1251384652032356826e-08;
1567437.8291885145009;2.0554017154950088297e-08;
1567771.1847455515526;2.0295143343673771597e-08;
1568104.5403025886044;1.9461870337522668706e-08;
1568437.8958596256562;1.957722339795964217e-08;
1568771.2514166627079;2.098822449170256732e-08;
1569104.6069736997597;1.983509179126485833e-08;
1569437.9625307368115;1.8783619992746025673e-08;
1569771.3180877738632;1.9553162644569965778e-08;
1570104.673644810915;1.8299585846648369625e-08;
1570438.0292018479668;2.017509892482394207e-08;
1570771.3847588850185;2.1213786283169611124e-08;
1571104.7403159220703;1.9522204297572898213e-08;
1571438.0958729591221;1.9692947716976050287e-08;
1571771.4514299961738;1.9750530100282048807e-08;
1572104.8069870332256;1.9440616227939244709e-08;
1572438.1625440702774;1.967417162518358964e-08;
1572771.5181011073291;1.9152009755885046616e-08;
1573104.8736581443809;1.9264104977878560021e-08;
1573438.2292151814327;2.0127201239006353717e-08;
1573771.5847722184844;2.0424044677724850771e-08;
1574104.9403292555362;1.9784769378361488634e-08;
1574438.295886292588;1.9847849586085430929e-08;
1574771.6514433296397;2.007920762991943775e-08;
1575105.0070003666915;1.8907869048234715592e-08;
1575438.3625574037433;1.9442698118155021803e-08;
1575771.718114440795;1.91008364680556042e-08;
1576105.0736714778468;2.0584442594895335787e-08;
1576438.4292285148986;1.9990794797308808484e-08;
1576771.7847855519503;1.8804319878995556792e-08;
1577105.1403425890021;2.0421138557935591962e-08;
1577438.4958996260539;1.9506948945036128862e-08;
1577771.8514566631056;2.0259912858477946429e-08;
1578105.2070137001574;2.2273175304121650697e-08;
1578438.5625707372092;2.0077056461786924046e-08;
1578771.9181277742609;2.0215081164565162908e-08;
1579105.2736848113127;2.0156358360168269428e-08;
1579438.6292418483645;1.9524605932019767351e-08;
1579771.9847988854162;1.9641468895770231029e-08;
1580105.340355922468;1.9412357943338065525e-08;
1580438.6959129595198;2.0037557391106020077e-08;
1580772.0514699965715;1.8843042681737642852e-08;
1581105.4070270336233;2.0136290856953564798e-08;
1581438.7625840706751;1.833572227383228892e-08;
1581772.1181411077268;1.9765350245393165096e-08;
1582105.4736981447786;1.949622507879666955e-08;
1582438.8292551818304;2.0003476208785286872e-08;
1582772.1848122188821;2.0215969342984863033e-08;
1583105.5403692559339;2.0151862401007747394e-08;
1583438.8959262929857;2.1599346311518274888e-08;
1583772.2514833300374;1.9887044899746797455e-08;
1584105.6070403670892;1.9981596821594393987e-08;
1584438.962597404141;1.9977980159069375077e-08;
1584772.3181544411927;2.0793240906868959428e-08;
1585105.6737114782445;2.4188205216546521115e-08;
1585439.0292685152963;4.3809620819956762716e-08;
1585772.384825552348;3.0155959507283114363e-08;
1586105.7403825893998;2.1211475242921551398e-08;
1586439.0959396264516;2.0304200987197873474e-08;
1586772.4514966635033;1.9232318848594331939e-08;
1587105.8070537005551;2.018318134844321321e-08;
1587439.1626107376069;2.0180804582992095675e-08;
1587772.5181677746587;1.9458894939816673286e-08;
1588105.8737248117104;2.3502019885768277163e-08;
1588439.2292818487622;1.9364094328011560719e-08;
1588772.584838885814;1.9148577834471325332e-08;
1589105.9403959228657;2.0879479478708162787e-08;
1589439.2959529599175;1.9234718706684361678e-08;
1589772.6515099969693;1.974296814921672194e-08;
1590106.007067034021;1.9262717643186988425e-08;
1590439.3626240710728;1.9305367970900988439e-08;
1590772.7181811081246;1.9359537972718499077e-08;
1591106.0737381451763;2.0405037659543268092e-08;
1591439.4292951822281;1.9691496433438260283e-08;
1591772.7848522192799;1.9988933175341117021e-08;
1592106.1404092563316;2.2672093535902604344e-08;
1592439.4959662933834;1.9505646875472848478e-08;
1592772.8515233304352;1.9072000867481619935e-08;
1593106.2070803674869;2.1054104237805404409e-08;
1593439.5626374045387;2.0597717309556173859e-08;
1593772.9181944415905;2.0244684151293768082e-08;
1594106.2737514786422;2.076907357206891902e-08;
1594439.629308515694;1.9657692362784473517e-08;
1594772.9848655527458;1.9528103578636546445e-08;
1595106.3404225897975;1.9433240794342054869e-08;
1595439.6959796268493;2.0460960925561266777e-08;
1595773.0515366639011;1.9285064212226643576e-08;
1596106.4070937009528;1.9977770548962325847e-08;
1596439.7626507380046;1.9685547414383108844e-08;
1596773.1182077750564;2.0045936466317471059e-08;
1597106.4737648121081;1.9849174748287623515e-08;
1597439.8293218491599;1.9818999774656731461e-08;
1597773.1848788862117;1.9302689224787172861e-08;
1598106.5404359232634;2.0285838786548993085e-08;
1598439.8959929603152;1.8540754709306384029e-08;
1598773.251549997367;1.8919431354902371822e-08;
1599106.6071070344187;2.0871375738806818845e-08;
1599439.9626640714705;1.8738532503448368516e-08;
1599773.3182211085223;2.2498035434637131402e-08;
1600106.673778145574;2.4038842028062390455e-08;
1600440.0293351826258;1.8855196515232819365e-08;
1600773.3848922196776;1.9716834387395465455e-08;
1601106.7404492567293;2.2708526614678703481e-08;
1601440.0960062937811;4.6821572396993360599e-08;
1601773.4515633308329;2.1636221703147384687e-08;
1602106.8071203678846;1.9739083256808953593e-08;
1602440.1626774049364;2.037197788240519003e-08;
1602773.5182344419882;1.9023849162635997345e-08;
1603106.8737914790399;1.9278628471397496469e-08;
1603440.2293485160917;1.8694013448339319439e-08;
1603773.5849055531435;2.0063199102082762693e-08;
1604106.9404625901952;2.0066407202534719545e-08;
1604440.296019627247;2.0788164079021953512e-08;
1604773.6515766642988;2.1730231836158964143e-08;
1605107.0071337013505;2.0033297687405138277e-08;
1605440.3626907384023;1.8370252874433390389e-08;
1605773.7182477754541;1.9298891373864535126e-08;
1606107.0738048125058;1.8837615911593275086e-08;
1606440.4293618495576;1.8913549837407117593e-08;
1606773.7849188866094;1.8995329753579426324e-08;
1607107.1404759236611;1.8885527808265578642e-08;
1607440.4960329607129;1.8884533048435514502e-08;
1607773.8515899977647;1.7720516609642800177e-08;
1608107.2071470348164;2.152971667612746387e-08;
1608440.5627040718682;1.7613567493413029297e-08;
1608773.91826110892;1.8962955650181356759e-08;
1609107.2738181459717;1.8347385832839790964e-08;
1609440.6293751830235;1.9154128949594451115e-08;
1609773.9849322200753;1.9667986350668797968e-08;
1610107.340489257127;1.7741792035508296976e-08;
1610440.6960462941788;1.8212992003441286215e-08;
1610774.0516033312306;1.8453151895414521277e-08;
1611107.4071603682823;1.9096743741897626023e-08;
1611440.7627174053341;1.7954214115434297128e-08;
1611774.1182744423859;1.8411219215863638965e-08;
1612107.4738314794376;1.7973558641415365855e-08;
1612440.8293885164894;1.8092228160071499588e-08;
1612774.1849455535412;1.8212800156902630988e-08;
1613107.540502590593;1.8906474608115786396e-08;
1613440.8960596276447;1.8682063895880673954e-08;
1613774.2516166646965;1.8809540591746554128e-08;
1614107.6071737017483;1.8805080159722820099e-08;
1614440.9627307388;1.879388378256408032e-08;
1614774.3182877758518;1.9641538173686967639e-08;
1615107.6738448129036;1.8370348797702718002e-08;
1615441.0294018499553;1.957495321391888865e-08;
1615774.3849588870071;1.9816807750316911552e-08;
1616107.7405159240589;2.1156768781338541885e-08;
1616441.0960729611106;1.8323486727922499995e-08;
1616774.4516299981624;1.8891865849468558736e-08;
1617107.8071870352142;2.2528292120682635868e-08;
1617441.1627440722659;2.0920051468920064508e-08;
1617774.5183011093177;1.9251181981871923199e-08;
1618107.8738581463695;1.8693160797056407318e-08;
1618441.2294151834212;1.8728593786931924114e-08;
1618774.584972220473;1.9278120433341427997e-08;
1619107.9405292575248;1.9152345487327693263e-08;
1619441.2960862945765;1.9321518607284815516e-08;
1619774.6516433316283;1.8990025552056977176e-08;
1620108.0072003686801;1.754075640292285243e-08;
1620441.3627574057318;1.8217855668467564101e-08;
1620774.7183144427836;2.0026190483690697874e-08;
1621108.0738714798354;1.8222209519080934115e-08;
1621441.4294285168871;1.7686058839672114118e-08;
1621774.7849855539389;1.8756811215325797093e-08;
1622108.1405425909907;1.8149751923601797898e-08;
1622441.4960996280424;1.845522668020294077e-08;
1622774.8516566650942;1.806799332371156197e-08;
1623108.207213702146;1.901686452754347556e-08;
1623441.5627707391977;1.8837715387576281501e-08;
1623774.9183277762495;1.9013425500702396675e-08;
1624108.2738848133013;2.0919168619570882584e-08;
1624441.629441850353;1.8447382288400149264e-08;
1624774.9849988874048;1.8690631264917101362e-08;
1625108.3405559244566;1.7798388540768428356e-08;
1625441.6961129615083;1.847770825236239034e-08;
1625775.0516699985601;1.8076914187759030028e-08;
1626108.4072270356119;1.7475764835239715467e-08;
1626441.7627840726636;1.7613473346500541084e-08;
1626775.1183411097154;1.8083044395211800293e-08;
1627108.4738981467672;1.8271574475647867075e-08;
1627441.8294551838189;1.8776427523903294059e-08;
1627775.1850122208707;1.7735622748205059906e-08;
1628108.5405692579225;1.8852412964065479173e-08;
1628441.8961262949742;1.8358992548428432201e-08;
1628775.251683332026;1.8232423570907485555e-08;
1629108.6072403690778;1.9303502796219618176e-08;
1629441.9627974061295;1.8681834745848391321e-08;
1629775.3183544431813;1.8586019834287981212e-08;
1630108.6739114802331;1.8149592051486251876e-08;
1630442.0294685172848;1.8649798150249807804e-08;
1630775.3850255543366;1.8003927237941752537e-08;
1631108.7405825913884;2.2052303094710623554e-08;
1631442.0961396284401;1.8027886738991583115e-08;
1631775.4516966654919;1.8836258774967973295e-08;
1632108.8072537025437;2.1837765373788897705e-08;
1632442.1628107395954;1.8633096843245766649e-08;
1632775.5183677766472;1.6901850585782085545e-08;
1633108.873924813699;1.8345870600455782551e-08;
1633442.2294818507507;1.8149496128216924262e-08;
1633775.5850388878025;2.0335470196641836083e-08;
1634108.9405959248543;1.8661726386426380486e-08;
1634442.296152961906;1.8208577756695376593e-08;
1634775.6517099989578;1.805416083300315222e-08;
1635109.0072670360096;1.8696740156087798823e-08;
1635442.3628240730613;1.951764438956615777e-08;
1635775.7183811101131;1.7951753861211727781e-08;
1636109.0739381471649;1.7957368925181071972e-08;
1636442.4294951842166;1.8214816321915350272e-08;
1636775.7850522212684;2.7711774208682982135e-08;
1637109.1406092583202;3.6118848356636590324e-08;
1637442.4961662953719;1.9069721801656669413e-08;
1637775.8517233324237;1.9647059090743823617e-08;
1638109.2072803694755;1.7769520965771334886e-08;
1638442.5628374065273;1.8267080292844184441e-08;
1638775.918394443579;1.8284930902723317558e-08;
1639109.2739514806308;1.818635908534815826e-08;
1639442.6295085176826;1.8729053863353328779e-08;
1639775.9850655547343;1.8173361482354266627e-08;
1640109.3406225917861;2.1514669157340904349e-08;
1640442.6961796288379;1.7884895342490381154e-08;
1640776.0517366658896;1.7725966472426080145e-08;
1641109.4072937029414;1.750713884973720269e-08;
1641442.7628507399932;1.8093182063694257522e-08;
1641776.1184077770449;1.8588794503671124403e-08;
1642109.4739648140967;1.9986545751748963085e-08;
1642442.8295218511485;1.834274598877527751e-08;
1642776.1850788882002;1.8848737681764760055e-08;
1643109.540635925252;1.7803454710474397871e-08;
1643442.8961929623038;1.8465149409507830569e-08;
1643776.2517499993555;1.8108604393773930497e-08;
1644109.6073070364073;1.8814002800127127557e-08;
1644442.9628640734591;1.7182186340392036072e-08;
1644776.3184211105108;1.8885096153553604381e-08;
1645109.6739781475626;1.8231270715318714792e-08;
1645443.0295351846144;1.7476716962505634001e-08;
1645776.3850922216661;1.8410766244869591901e-08;
1646109.7406492587179;1.9506263271296120365e-08;
1646443.0962062957697;2.434093637759815465e-08;
1646776.4517633328214;3.4288810013549664291e-08;
1647109.8073203698732;2.705535528946256818e-08;
1647443.162877406925;2.0990547966448502848e-08;
1647776.5184344439767;1.9036251686088689894e-08;
1648109.8739914810285;2.0668725397854359471e-08;
1648443.2295485180803;1.7617434622252403642e-08;
1648776.585105555132;1.7720267919685284141e-08;
1649109.9406625921838;1.7622603820655058371e-08;
1649443.2962196292356;1.712273522969098849e-08;
1649776.6517766662873;1.8633389942124267691e-08;
1650110.0073337033391;1.8177480853864835808e-08;
1650443.3628907403909;1.7613350777878622466e-08;
1650776.7184477774426;1.7824422826606678427e-08;
1651110.0740048144944;1.8925382150314362661e-08;
1651443.4295618515462;1.7510675576204448589e-08;
1651776.7851188885979;1.6955052473122123047e-08;
1652110.1406759256497;1.8317049210736513487e-08;
1652443.4962329627015;1.750806077893685142e-08;
1652776.8517899997532;1.8152940484128521348e-08;
1653110.207347036805;1.7985403388820486725e-08;
1653443.5629040738568;1.8337203755436348729e-08;
1653776.9184611109085;1.7530620510797234601e-08;
1654110.2740181479603;1.8007090929472724383e-08;
1654443.6295751850121;1.7427725040874975093e-08;
1654776.9851322220638;1.8453443217936182918e-08;
1655110.3406892591156;1.8353510711222043028e-08;
1655443.6962462961674;1.6840559169395419303e-08;
1655777.0518033332191;1.7966835130778235907e-08;
1656110.4073603702709;2.0440483083916660689e-08;
1656443.7629174073227;1.7197255175460668397e-08;
1656777.1184744443744;1.846359332091651595e-08;
1657110.4740314814262;2.0263756894678408571e-08;
1657443.829588518478;4.0763069364402326755e-08;
1657777.1851455555297;3.5913537033138709376e-08;
1658110.5407025925815;1.9342982326975288743e-08;
1658443.8962596296333;1.8197257034557878796e-08;
1658777.251816666685;1.8817901903389611107e-08;
1659110.6073737037368;1.7843126087768723664e-08;
1659443.9629307407886;1.6743859632128987869e-08;
1659777.3184877778403;1.7944218555498991918e-08;
1660110.6740448148921;2.0773343933910837222e-08;
1660444.0296018519439;1.883821099113447417e-08;
1660777.3851588889956;1.8275843061132945877e-08;
1661110.7407159260474;1.7768147841934478492e-08;
1661444.0962729630992;1.7764309134804534551e-08;
1661777.4518300001509;1.8136587343065002642e-08;
1662110.8073870372027;1.7722852518886611506e-08;
1662444.1629440742545;1.8840495386029942892e-08;
1662777.5185011113063;1.8287277470108165289e-08;
1663110.874058148358;2.3092960432791187486e-08;
1663444.2296151854098;1.8613532049016612291e-08;
1663777.5851722224616;1.8493002684749626496e-08;
1664110.9407292595133;2.0969096681255905423e-08;
1664444.2962862965651;2.1440717645759832521e-08;
1664777.6518433336169;1.9448334498406438797e-08;
1665111.0074003706686;1.8065518858634277422e-08;
1665444.3629574077204;1.8476960406133002834e-08;
1665777.7185144447722;1.7672547869551635813e-08;
1666111.0740714818239;1.8349545882756501669e-08;
1666444.4296285188757;1.8387687816812103847e-08;
1666777.7851855559275;1.7882193503737653373e-08;
1667111.1407425929792;1.8287982683773407189e-08;
1667444.496299630031;1.7683822406411309203e-08;
1667777.8518566670828;1.8431412840413941012e-08;
1668111.2074137041345;1.8381228983344044536e-08;
1668444.5629707411863;1.9059140043964362121e-08;
1668777.9185277782381;2.0350908513933063659e-08;
1669111.2740848152898;1.8354221253957803128e-08;
1669444.6296418523416;1.7697029619512250065e-08;
1669777.9851988893934;1.8940216506280194153e-08;
1670111.3407559264451;1.7023609188981936313e-08;
1670444.6963129634969;1.819054595841862465e-08;
1670778.0518700005487;1.8404783475034491858e-08;
1671111.4074270376004;1.8532809065163746709e-08;
1671444.7629840746522;1.8641019394749491767e-08;
1671778.118541111704;1.8581676641815647599e-08;
1672111.4740981487557;2.0895772223639141885e-08;
1672444.8296551858075;2.9318034222569622216e-08;
1672778.1852122228593;2.4667574649583912105e-08;
1673111.540769259911;1.9446490640007141337e-08;
1673444.8963262969628;1.8002094037683491479e-08;
1673778.2518833340146;2.054701297993233311e-08;
1674111.6074403710663;2.576371294082946406e-08;
1674444.9629974081181;3.4521324465686120675e-08;
1674778.3185544451699;2.4396630493583870702e-08;
1675111.6741114822216;2.1534861005534366996e-08;
1675445.0296685192734;1.9206591872489298112e-08;
1675778.3852255563252;1.9587130140052977367e-08;
1676111.7407825933769;2.1844172692908614408e-08;
1676445.0963396304287;2.0653626364719457342e-08;
1676778.4518966674805;1.9091073610866260424e-08;
1677111.8074537045322;1.8271574475647867075e-08;
1677445.163010741584;1.7644598671040512272e-08;
1677778.5185677786358;1.9787794514058987261e-08;
1678111.8741248156875;1.824706785669150122e-08;
1678445.2296818527393;1.8509091148644074565e-08;
1678778.5852388897911;1.9502802928172968677e-08;
1679111.9407959268428;1.9979525589519653295e-08;
1679445.2963529638946;1.8362573683816663106e-08;
1679778.6519100009464;2.0937772404749921407e-08;
1680112.0074670379981;2.6925533802568679675e-08;
1680445.3630240750499;2.4956253952268525609e-08;
1680778.7185811121017;1.9898157788134085422e-08;
1681112.0741381491534;1.9189020150633950834e-08;
1681445.4296951862052;1.9043843835220286564e-08;
1681778.785252223257;1.93724645214388147e-08;
1682112.1408092603087;1.7554349085457943147e-08;
1682445.4963662973605;1.6372217359617025068e-08;
1682778.8519233344123;1.7757226800085845753e-08;
1683112.207480371464;1.8355025943606051442e-08;
1683445.5630374085158;1.8184922012665083457e-08;
1683778.9185944455676;1.727294751674435247e-08;
1684112.2741514826193;1.6627314636252776836e-08;
1684445.6297085196711;1.6822728099441519589e-08;
1684778.9852655567229;1.8047089156425499823e-08;
1685112.3408225937746;1.7429254484113698709e-08;
1685445.6963796308264;1.740911947933909687e-08;
1685779.0519366678782;1.7886655712118226802e-08;
1686112.4074937049299;1.8062376483385378378e-08;
1686445.7630507419817;1.8882310826029424788e-08;
1686779.1186077790335;1.7744097746685838501e-08;
1687112.4741648160852;2.6225931648582445632e-08;
1687445.829721853137;3.7862864843418719829e-08;
1687779.1852788901888;2.75966360874235761e-08;
1688112.5408359272406;2.2459929027718317229e-08;
1688445.8963929642923;1.8954128933046376915e-08;
1688779.2519500013441;1.7432867593925038818e-08;
1689112.6075070383959;1.8058537776255434437e-08;
1689445.9630640754476;1.7699019139172378345e-08;
1689779.3186211124994;2.0560625202392657229e-08;
1690112.6741781495512;1.7467815638383399346e-08;
1690446.0297351866029;1.9248476590405516617e-08;
1690779.3852922236547;1.7514398820139831514e-08;
1691112.7408492607065;1.8461873807495976507e-08;
1691446.0964062977582;1.8363444098667969229e-08;
1691779.45196333481;2.3130068527166258718e-08;
1692112.8075203718618;1.8253864197959046578e-08;
1692446.1630774089135;1.832763985021301778e-08;
1692779.5186344459653;1.8363348175398641615e-08;
1693112.8741914830171;1.91639575319868527e-08;
1693446.2297485200688;1.8123497369515462196e-08;
1693779.5853055571206;1.9697827369213882776e-08;
1694112.9408625941724;1.8408339741426971159e-08;
1694446.2964196312241;1.8980818694558365678e-08;
1694779.6519766682759;1.9143634233387274435e-08;
1695113.0075337053277;2.2919978803770391096e-08;
1695446.3630907423794;2.0782140452979547263e-08;
1695779.7186477794312;1.8541570057095668744e-08;
1696113.074204816483;2.1728284949062981468e-08;
1696446.4297618535347;1.8755164532535673061e-08;
1696779.7853188905865;1.9713612076088793401e-08;
1697113.1408759276383;1.933289262012749532e-08;
1697446.49643296469;1.935494609028864943e-08;
1697779.8519900017418;1.8807458701530777034e-08;
1698113.2075470387936;1.849352315730357077e-08;
1698446.5631040758453;1.8817175373442296404e-08;
1698779.9186611128971;1.9867908207515938557e-08;
1699113.2742181499489;2.1163312879934892408e-08;
1699446.6297751870006;2.0529405730940197827e-08;
1699779.9853322240524;2.2581742697980189405e-08;
1700113.3408892611042;2.0813999412894190755e-08;
1700446.6964462981559;1.9934018880007897678e-08;
1700780.0520033352077;1.9777472104465232405e-08;
1701113.4075603722595;1.9786508431707261479e-08;
1701446.7631174093112;1.9053716826533673157e-08;
1701780.118674446363;1.9742135037859043223e-08;
1702113.4742314834148;1.9639053050468646688e-08;
1702446.8297885204665;1.9967139053278515348e-08;
1702780.1853455575183;1.9515345783815973846e-08;
1703113.5409025945701;1.932963300532719586e-08;
1703446.8964596316218;2.0526989885638613487e-08;
1703780.2520166686736;1.9516306792866089381e-08;
1704113.6075737057254;2.0872768402568908641e-08;
1704446.9631307427771;1.9676729579032326001e-08;
1704780.3186877798289;1.9198596490355157584e-08;
1705113.6742448168807;1.8843440585669668508e-08;
1705447.0298018539324;1.784281167260814982e-08;
1705780.3853588909842;1.9000935935764573514e-08;
1706113.740915928036;2.0047274063017539447e-08;
1706447.0964729650877;1.9734368805757185328e-08;
1706780.4520300021395;2.0484339557924613473e-08;
1707113.8075870391913;2.0716273141374585975e-08;
1707447.163144076243;2.5730557240422058385e-08;
1707780.5187011132948;2.3025835460543930822e-08;
1708113.8742581503466;4.5468063092357624555e-08;
1708447.2298151873983;2.99207663090328424e-08;
1708780.5853722244501;2.0538749367915443145e-08;
1709113.9409292615019;2.0437360248592995049e-08;
1709447.2964862985536;2.0707394909891263524e-08;
1709780.6520433356054;1.9660248540276370477e-08;
1710114.0076003726572;1.9302349940630847414e-08;
1710447.3631574097089;2.1898348023796643247e-08;
1710780.7187144467607;1.9669540662903273187e-08;
1711114.0742714838125;1.9116848548605958058e-08;
1711447.4298285208642;1.9443756826831304352e-08;
1711780.785385557916;1.9811585261209074815e-08;
1712114.1409425949678;2.2657003384551899217e-08;
1712447.4964996320195;1.8175500215988904529e-08;
1712780.8520566690713;1.9907247406081296504e-08;
1713114.2076137061231;1.9810507012607558863e-08;
1713447.5631707431749;1.9116445315603414201e-08;
1713780.9187277802266;1.9253413086062209914e-08;
1714114.2742848172784;1.8597875239834138483e-08;
1714447.6298418543302;1.8907869048234715592e-08;
1714780.9853988913819;2.009261557134323084e-08;
1715114.3409559284337;2.1341435285648913123e-08;
1715447.6965129654855;2.4685348876118951011e-08;
1715781.0520700025372;2.0477035178600999643e-08;
1716114.407627039589;1.8853043570743466262e-08;
1716447.7631840766408;1.7348151359897201473e-08;
1716781.1187411136925;1.7223316106651509472e-08;
1717114.4742981507443;1.6333922658873234468e-08;
1717447.8298551877961;1.7468858359848127293e-08;
1717781.1854122248478;1.7528094531371607445e-08;
1718114.5409692618996;1.7804424601308710407e-08;
1718447.8965262989514;1.7032583343734586379e-08;
1718781.2520833360031;1.6566378491233990644e-08;
1719114.6076403730549;1.715486064313154202e-08;
1719447.9631974101067;1.6839582173133749166e-08;
1719781.3187544471584;1.6885142173350686789e-08;
1720114.6743114842102;1.9869792922122542222e-08;
1720448.029868521262;1.7686618392076525197e-08;
1720781.3854255583137;1.7568387633559723326e-08;
1721114.7409825953655;1.6698768590117651911e-08;
1721448.0965396324173;1.7393009699162575998e-08;
1721781.452096669469;1.6269344982333677763e-08;
1722114.8076537065208;1.792572312808715651e-08;
1722448.1632107435726;1.7325675116808270104e-08;
1722781.5187677806243;1.7268336094389269419e-08;
1723114.8743248176761;2.0737683570359877194e-08;
1723448.2298818547279;1.6646312772650162515e-08;
1723781.5854388917796;1.8233544452073147113e-08;
1724114.9409959288314;1.8398608858660736587e-08;
1724448.2965529658832;1.6491144450014871836e-08;
1724781.6521100029349;1.7410741293133469298e-08;
1725115.0076670399867;1.6765316246392103494e-08;
1725448.3632240770385;1.7179891287355530949e-08;
1725781.7187811140902;1.8020001490981485404e-08;
1726115.074338151142;1.7906241822629453964e-08;
1726448.4298951881938;1.8242964472392486641e-08;
1726781.7854522252455;1.8178406335778163339e-08;
1727115.1410092622973;2.9925498523653004668e-08;
1727448.4965662993491;1.9398074257992448111e-08;
1727781.8521233364008;1.8658646183666860452e-08;
1728115.2076803734526;2.1075493350508622825e-08;
1728448.5632374105044;1.876735922223815578e-08;
1728781.9187944475561;1.8654843003673704516e-08;
1729115.2743514846079;1.9385606009336697753e-08;
1729448.6299085216597;2.6654454643448843854e-08;
1729781.9854655587114;2.6265398744840240397e-08;
1730115.3410225957632;1.912934521897113882e-08;
1730448.696579632815;1.7155072029595430649e-08;
1730782.0521366698667;1.947353212017333135e-08;
1731115.4076937069185;1.9386559912959455687e-08;
1731448.7632507439703;2.0133921196929804864e-08;
1731782.118807781022;1.8887917008214571979e-08;
1732115.4743648180738;1.8561319592436120729e-08;
1732448.8299218551256;1.9495507430633551849e-08;
1732782.1854788921773;1.8420083236492246215e-08;
1733115.5410359292291;1.9719708532761615061e-08;
1733448.8965929662809;1.861274689929359738e-08;
1733782.2521500033326;1.9198258982555671537e-08;
1734115.6077070403844;1.9173150178630748997e-08;
1734448.9632640774362;1.9125346639725648856e-08;
1734782.3188211144879;1.9958722674573436962e-08;
1735115.6743781515397;2.0832253255775867729e-08;
1735449.0299351885915;2.089694639550998545e-08;
1735782.3854922256432;2.019531031294263812e-08;
1736115.741049262695;2.2246348763133028115e-08;
1736449.0966062997468;2.0609626005807513138e-08;
1736782.4521633367985;2.0920859711281991622e-08;
1737115.8077203738503;2.1430889063367430936e-08;
1737449.1632774109021;2.3917149150065597496e-08;
1737782.5188344479539;2.4720238300801611331e-08;
1738115.8743914850056;2.1339936040476459311e-08;
1738449.2299485220574;2.249199049231265235e-08;
1738782.5855055591092;2.4619174254780773481e-08;
1739115.9410625961609;2.2383042974638556188e-08;
1739449.2966196332127;2.4987224733763468976e-08;
1739782.6521766702645;2.4092702943789845449e-08;
1740116.0077337073162;2.2923442699607221584e-08;
1740449.363290744368;2.1844595465836391668e-08;
1740782.7188477814198;2.5094076150367072842e-08;
1741116.0744048184715;2.5260778357960589346e-08;
1741449.4299618555233;2.268022036844286049e-08;
1741782.7855188925751;2.2302423019482375821e-08;
1742116.1410759296268;2.4390974573407220305e-08;
1742449.4966329666786;2.223943340595724294e-08;
1742782.8521900037304;2.2256747556070877181e-08;
1743116.2077470407821;2.4785769880963925971e-08;
1743449.5633040778339;3.1349475904107748647e-08;
1743782.9188611148857;8.8008142995477101067e-08;
1744116.2744181519374;4.1109188941845786758e-08;
1744449.6299751889892;2.9531051382036821451e-08;
1744782.985532226041;2.8142368435624121048e-08;
1745116.3410892630927;2.3074063548733647622e-08;
1745449.6966463001445;2.299511514536334289e-08;
1745783.0522033371963;2.0741143913483028882e-08;
1746116.407760374248;2.0260694455487282539e-08;
1746449.7633174112998;2.1865828259137742862e-08;
1746783.1188744483516;3.4412156679763938882e-08;
1747116.4744314854033;2.0699539859947435616e-08;
1747449.8299885224551;2.0710123393996582308e-08;
1747783.1855455595069;1.9928066308239067439e-08;
1748116.5411025965586;2.3019243400312916492e-08;
1748449.8966596336104;2.0022566715738321363e-08;
1748783.2522166706622;2.0691286906071582052e-08;
1749116.6077737077139;1.9551205099332946702e-08;
1749449.9633307447657;1.8996697548345764517e-08;
1749783.3188877818175;2.0252510779528165585e-08;
1750116.6744448188692;2.0196125660731922835e-08;
1750450.030001855921;1.9420204111497696431e-08;
1750783.3855588929728;2.2743019911786177545e-08;
1751116.7411159300245;1.9993498412418375665e-08;
1751450.0966729670763;2.0287229673954243481e-08;
1751783.4522300041281;2.2006714672784255526e-08;
1752116.8077870411798;2.4037193568915427022e-08;
1752450.1633440782316;2.0424439028943197627e-08;
1752783.5189011152834;1.9681881013866586727e-08;
1753116.8744581523351;2.0263543731857680541e-08;
1753450.2300151893869;2.0555713575731715537e-08;
1753783.5855722264387;2.1493249846571416128e-08;
1754116.9411292634904;2.1409213957213069079e-08;
1754450.2966863005422;2.132857979120217351e-08;
1754783.652243337594;2.1235560865306979395e-08;
1755117.0078003746457;2.2923080322811983933e-08;
1755450.3633574116975;2.147467981217232591e-08;
1755783.7189144487493;2.2635481045085725782e-08;
1756117.074471485801;4.1909689940666794428e-08;
1756450.4300285228528;2.368022400389691029e-08;
1756783.7855855599046;2.4126034503524351749e-08;
1757117.1411425969563;2.5267080872026781435e-08;
1757450.4966996340081;2.8417096231692084984e-08;
1757783.8522566710599;3.5625614458467680379e-08;
1758117.2078137081116;3.1528035293604261824e-08;
1758450.5633707451634;2.5443558371307517518e-08;
1758783.9189277822152;3.2542690320269684889e-08;
1759117.2744848192669;3.0389742278202902526e-08;
1759450.6300418563187;3.0996154976037360029e-08;
1759783.9855988933705;3.0615712631743008387e-08;
1760117.3411559304222;6.8309851997128134826e-08;
1760450.696712967474;3.2921910531058529159e-08;
1760784.0522700045258;3.1563388347422005609e-08;
1761117.4078270415775;3.0011314322564430768e-08;
1761450.7633840786293;3.3514435671122555505e-08;
1761784.1189411156811;3.1910619924246930168e-08;
1762117.4744981527328;3.0813247064997995039e-08;
1762450.8300551897846;3.334284315315017011e-08;
1762784.1856122268364;3.5597899739059357671e-08;
1763117.5411692638882;3.3707515001424326329e-08;
1763450.8967263009399;3.2343610456564420019e-08;
1763784.2522833379917;3.35966703346457507e-08;
1764117.6078403750435;7.5779226449412817601e-08;
1764450.9633974120952;3.3942228583327960223e-08;
1764784.318954449147;3.2928678450616644113e-08;
1765117.6745114861988;3.3213467531822971068e-08;
1765451.0300685232505;3.5148747912217004341e-08;
1765784.3856255603023;2.959274780778287095e-08;
1766117.7411825973541;3.2143717021426709834e-08;
1766451.0967396344058;3.2854661213832514477e-08;
1766784.4522966714576;3.5360681494012169424e-08;
1767117.8078537085094;3.324014485883708403e-08;
1767451.1634107455611;3.2702640595516641042e-08;
1767784.5189677826129;3.4709835006196954055e-08;
1768117.8745248196647;4.7657064072836874402e-08;
1768451.2300818567164;3.2572774699701767531e-08;
1768784.5856388937682;3.3031053447984959348e-08;
1769117.94119593082;3.1584633575221232604e-08;
1769451.2967529678717;3.7726621826550399419e-08;
1769784.6523100049235;3.3688333900272482424e-08;
1770118.0078670419753;2.9945010027176977019e-08;
1770451.363424079027;3.2613311162776881247e-08;
1770784.7189811160788;3.5006156196004667436e-08;
1771118.0745381531306;3.1727498850386837148e-08;
1771451.4300951901823;3.2397860394439703668e-08;
1771784.7856522272341;3.106991641743661603e-08;
1772118.1412092642859;3.5038642209883619216e-08;
1772451.4967663013376;3.1877394945922787883e-08;
1772784.8523233383894;3.1085367169225719408e-08;
1773118.2078803754412;3.1971726599522298784e-08;
1773451.5634374124929;3.7110901018877484603e-08;
1773784.9189944495447;3.0525058036801056005e-08;
1774118.2745514865965;3.1943148570690027555e-08;
1774451.6301085236482;2.997743209220971039e-08;
1774784.9856655607;2.9413936175615162938e-08;
1775118.3412225977518;3.2528628679528992507e-08;
1775451.6967796348035;3.2044262354702368611e-08;
1775785.0523366718553;3.0748953605552742374e-08;
1776118.4078937089071;5.0425260411657291115e-08;
1776451.7634507459588;3.3373783736578843673e-08;
1776785.1190077830106;3.0915071391746096197e-08;
1777118.4745648200624;3.0867315814475659863e-08;
1777451.8301218571141;5.9382326611512326053e-08;
1777785.1856788941659;3.1883836015822453192e-08;
1778118.5412359312177;2.9556119329754437786e-08;
1778451.8967929682694;3.2889655443568699411e-08;
1778785.2523500053212;3.3104306851328146877e-08;
1779118.607907042373;5.6759756006385941873e-08;
1779451.9634640794247;1.2544536787117976928e-07;
1779785.3190211164765;3.8158944448696274776e-08;
1780118.6745781535283;3.1370742448189048446e-08;
1780452.03013519058;2.9335859963453003729e-08;
1780785.3856922276318;2.9153376601698255399e-08;
1781118.7412492646836;2.6613045989165584615e-08;
1781452.0968063017353;2.6333545122270152206e-08;
1781785.4523633387871;2.5477774556748045143e-08;
1782118.8079203758389;2.5060110431240900652e-08;
1782452.1634774128906;2.6386381080101273255e-08;
1782785.5190344499424;2.6666725716495420784e-08;
1783118.8745914869942;2.431952239589918463e-08;
1783452.2301485240459;2.6735490266105443879e-08;
1783785.5857055610977;3.3438983138012190466e-08;
1784118.9412625981495;5.1506425791103538359e-08;
1784452.2968196352012;2.9359936704054234724e-08;
1784785.652376672253;2.6559195731579166022e-08;
1785119.0079337093048;2.5369779166339867515e-08;
1785452.3634907463565;3.2572430086474923883e-08;
1785785.7190477834083;2.5278268367401324213e-08;
1786119.0746048204601;2.5299504713416354207e-08;
1786452.4301618575118;2.5188194641145855712e-08;
1786785.7857188945636;2.717386671235999529e-08;
1787119.1412759316154;2.4280163657408593281e-08;
1787452.4968329686671;2.4394015696316273534e-08;
1787785.8523900057189;2.531697695928869507e-08;
1788119.2079470427707;2.5429704564317034965e-08;
1788452.5635040798225;2.4575316004415981297e-08;
1788785.9190611168742;2.5343810605704675254e-08;
1789119.274618153926;2.4528345576868559874e-08;
1789452.6301751909778;2.5078476184603459842e-08;
1789785.9857322280295;2.572463664307633735e-08;
1790119.3412892650813;2.640775953466345527e-08;
1790452.6968463021331;2.8265441542885128001e-08;
1790786.0524033391848;8.0683228986799804261e-08;
1791119.4079603762366;5.2827022756218866562e-08;
1791452.7635174132884;3.2888326728652828024e-08;
1791786.1190744503401;2.7299417837411965593e-08;
1792119.4746314873919;3.7961036980505014071e-08;
1792452.8301885244437;2.6101188765892402444e-08;
1792786.1857455614954;2.6066638625366067572e-08;
1793119.5413025985472;2.7295726567899691872e-08;
1793452.896859635599;2.7836435378958412912e-08;
1793786.2524166726507;2.7579238448538490047e-08;
1794119.6079737097025;2.622201478175156808e-08;
1794452.9635307467543;2.6206818048990498937e-08;
1794786.319087783806;4.4631335072153888177e-08;
1795119.6746448208578;2.6295129629261282389e-08;
1795453.0302018579096;2.5399970127182314172e-08;
1795786.3857588949613;2.647669461453006079e-08;
1796119.7413159320131;2.5115333812664175639e-08;
1796453.0968729690649;2.6469857417055209226e-08;
1796786.4524300061166;2.5900078526319703087e-08;
1797119.8079870431684;2.5862114227948040934e-08;
1797453.1635440802202;2.4710990587095693627e-08;
1797786.5191011172719;2.5531315728244408092e-08;
1798119.8746581543237;2.7297405225112925109e-08;
1798453.2302151913755;2.6081984572101646336e-08;
1798786.5857722284272;2.6446384637779374316e-08;
1799119.941329265479;2.6056749646841126378e-08;
1799453.2968863025308;2.4626224615076353075e-08;
1799786.6524433395825;2.5820076743343634007e-08;
1800120.0080003766343;3.3512492336740251631e-08;
1800453.3635574136861;2.5989411511773141683e-08;
1800786.7191144507378;2.6322952706436808512e-08;
1801120.0746714877896;2.6493443883168765751e-08;
1801453.4302285248414;3.1227180841142399004e-08;
1801786.7857855618931;3.8315928208021432511e-08;
1802120.1413425989449;2.7364526644646502973e-08;
1802453.4968996359967;2.6415925447054178221e-08;
1802786.8524566730484;2.8482068259449988545e-08;
1803120.2080137101002;2.6172081390996027039e-08;
1803453.563570747152;2.5899623778968816623e-08;
1803786.9191277842037;2.6735113678455491026e-08;
1804120.2746848212555;2.7962101967204944231e-08;
1804453.6302418583073;2.5255543434354876808e-08;
1804786.985798895359;2.6770926808694639476e-08;
1805120.3413559324108;2.6093349703160129138e-08;
1805453.6969129694626;2.5801034198025263322e-08;
1805787.0524700065143;2.6773324890427829814e-08;
1806120.4080270435661;2.6767729366383719025e-08;
1806453.7635840806179;2.6390971186174283503e-08;
1806787.1191411176696;2.6214554083026087028e-08;
1807120.4746981547214;2.7122645462895889068e-08;
1807453.8302551917732;2.4773754603302222677e-08;
1807787.1858122288249;2.4980071344771204167e-08;
1808120.5413692658767;3.5241118467865817365e-08;
1808453.8969263029285;2.6244366679861741432e-08;
1808787.2524833399802;2.8937439111587082152e-08;
1809120.608040377032;3.8279800662621710217e-08;
1809453.9635974140838;4.8574829492054050206e-08;
1809787.3191544511355;3.9900477588616922731e-08;
1810120.6747114881873;2.7110736766644549789e-08;
1810454.0302685252391;2.929203546386816015e-08;
1810787.3858255622908;2.9681412883064695052e-08;
1811120.7413825993426;2.5697808325730875367e-08;
1811454.0969396363944;2.3554884265308828617e-08;
1811787.4524966734461;2.5544910187136338209e-08;
1812120.8080537104979;2.6477344761133281281e-08;
1812454.1636107475497;2.6289587395922353608e-08;
1812787.5191677846014;2.5413941173724197142e-08;
1813120.8747248216532;2.7406429126131115481e-08;
1813454.230281858705;3.1020231716638591024e-08;
1813787.5858388957568;4.6073761694742643158e-08;
1814120.9413959328085;4.3466261701041730703e-08;
1814454.2969529698603;4.4258126052909574355e-08;
1814787.6525100069121;1.3347553817766311113e-07;
1815121.0080670439638;1.1042095593438716605e-07;
1815454.3636240810156;3.8941312396900684689e-08;
1815787.7191811180674;3.0399622374943646719e-08;
1816121.0747381551191;3.3922436415423362632e-08;
1816454.4302951921709;3.0688728003269716282e-08;
1816787.7858522292227;2.775947471889139706e-08;
1817121.1414092662744;2.6103894157358809025e-08;
1817454.4969663033262;2.62980410781210594e-08;
1817787.852523340378;2.6756023174812071375e-08;
1818121.2080803774297;2.592775594223439839e-08;
1818454.5636374144815;2.5763485567154020828e-08;
1818787.9191944515333;2.620074113224291068e-08;
1819121.274751488585;2.572364365960311261e-08;
1819454.6303085256368;2.6965201627149326669e-08;
1819787.9858655626886;2.626839723518514802e-08;
1820121.3414225997403;2.6869541258633944381e-08;
1820454.6969796367921;2.7430754556689862511e-08;
1820788.0525366738439;2.9271511436945729656e-08;
1821121.4080937108956;2.8678027064188427175e-08;
1821454.7636507479474;3.0270285833466914482e-08;
1821788.1192077849992;2.8107832505952501378e-08;
1822121.4747648220509;2.7306709782237703621e-08;
1822454.8303218591027;2.8846841360063990578e-08;
1822788.1858788961545;2.9694973591176676564e-08;
1823121.5414359332062;4.3407201388845351175e-08;
1823454.896992970258;3.1924692223128658952e-08;
1823788.2525500073098;3.2806788397010677727e-08;
1824121.6081070443615;3.8988819284213604988e-08;
1824454.9636640814133;3.1234421271619794425e-08;
1824788.3192211184651;3.0569385245371449855e-08;
1825121.6747781555168;3.246007196366917924e-08;
1825455.0303351925686;3.2043924846902882564e-08;
1825788.3858922296204;3.3003850319346383912e-08;
1826121.7414492666721;3.308099394416785799e-08;
1826455.0970063037239;3.2064026100897535798e-08;
1826788.4525633407757;3.3298238832912829821e-08;
1827121.8081203778274;3.522483993378955347e-08;
1827455.1636774148792;3.5200592662931740051e-08;
1827788.519234451931;4.839017719859839417e-08;
1828121.8747914889827;5.4054272169423711603e-08;
1828455.2303485260345;4.0981849025456540403e-08;
1828788.5859055630863;3.3935073417978856014e-08;
1829121.941462600138;3.5731542169514796115e-08;
1829455.2970196371898;3.4138551541218475904e-08;
1829788.6525766742416;3.4054750130962929688e-08;
1830122.0081337112933;3.379128798997044214e-08;
1830455.3636907483451;3.3298590551567031071e-08;
1830788.7192477853969;3.2930529414443299174e-08;
1831122.0748048224486;3.1814845868893826264e-08;
1831455.4303618595004;3.1063528638242132729e-08;
1831788.7859188965522;3.3854806957833716297e-08;
1832122.1414759336039;4.1429778718793386361e-08;
1832455.4970329706557;3.3314737635237179347e-08;
1832788.8525900077075;3.018055139136777143e-08;
1833122.2081470447592;3.1386012011580532999e-08;
1833455.563704081811;3.3359832229962194106e-08;
1833788.9192611188628;3.1195707350661905366e-08;
1834122.2748181559145;3.1888820473113810294e-08;
1834455.6303751929663;2.9578142601849322091e-08;
1834788.9859322300181;3.1653900833816805971e-08;
1835122.3414892670698;3.0327186095746583305e-08;
1835455.6970463041216;3.0594527800076321e-08;
1835789.0526033411734;2.9783997490540059516e-08;
1836122.4081603782251;3.0668463324445838225e-08;
1836455.7637174152769;2.9527472023005429946e-08;
1836789.1192744523287;2.82108256755009279e-08;
1837122.4748314893804;2.8581812472339152009e-08;
1837455.8303885264322;2.8933982321177609265e-08;
1837789.185945563484;2.9817449842539645033e-08;
1838122.5415026005358;3.2077718259415632929e-08;
1838455.8970596375875;3.0450770793777337531e-08;
1838789.2526166746393;2.8251939454548846697e-08;
1839122.6081737116911;2.9594151129685997148e-08;
1839455.9637307487428;2.9234973553116105904e-08;
1839789.3192877857946;2.6585150081359643082e-08;
1840122.6748448228464;4.0565687697835528525e-08;
1840456.0304018598981;2.8573529320397028641e-08;
1840789.3859588969499;2.9203199858329753624e-08;
1841122.7415159340017;2.9529132916650269181e-08;
1841456.0970729710534;3.1111916598547395552e-08;
1841789.4526300081052;3.1273788891894582775e-08;
1842122.808187045157;3.1301325975618965458e-08;
1842456.1637440822087;3.3254629272505553672e-08;
1842789.5193011192605;2.9823684855045939912e-08;
1843122.8748581563123;2.8812147334633664286e-08;
1843456.230415193364;2.7654921908037977119e-08;
1843789.5859722304158;2.7953898751320593874e-08;
1844122.9415292674676;2.9033932591460143158e-08;
1844456.2970863045193;2.8769965965125265939e-08;
1844789.6526433415711;2.8711044208762359631e-08;
1845123.0082003786229;2.9163672365939419251e-08;
1845456.3637574156746;2.9677085677803916042e-08;
1845789.7193144527264;2.9163365056206203008e-08;
1846123.0748714897782;3.1848173875914653763e-08;
1846456.4304285268299;3.2284006579175184015e-08;
1846789.7859855638817;3.0422807384411498788e-08;
1847123.1415426009335;3.0839728992759773973e-08;
1847456.4970996379852;3.1820828638728926308e-08;
1847789.852656675037;3.1511255826899287058e-08;
1848123.2082137120888;4.2108577957833404071e-08;
1848456.5637707491405;3.0907525427892323933e-08;
1848789.9193277861923;3.0517981031152885407e-08;
1849123.2748848232441;3.2878677558301205863e-08;
1849456.6304418602958;3.3700942481118545402e-08;
1849789.9859988973476;3.8255663525887939613e-08;
1850123.3415559343994;5.4049621667218161747e-08;
1850456.6971129714511;1.5485817073113139486e-07;
1850790.0526700085029;8.2015255031819833675e-08;
1851123.4082270455547;4.9544635061238295748e-08;
1851456.7637840826064;3.8795466394958566525e-08;
1851790.1193411196582;3.648477431283936312e-08;
1852123.47489815671;3.8482209419044011156e-08;
1852456.8304551937617;5.0820109009919178789e-08;
1852790.1860122308135;5.4659679449287068564e-08;
1853123.5415692678653;3.9510911875595411402e-08;
1853456.897126304917;3.6243299916804971872e-08;
1853790.2526833419688;3.4735698761778621702e-08;
1854123.6082403790206;3.5619795113461805158e-08;
1854456.9637974160723;3.7240535988303236081e-08;
1854790.3193544531241;3.6968920369417901384e-08;
1855123.6749114901759;6.6680058807833120227e-08;
1855457.0304685272276;3.8869824692255861009e-08;
1855790.3860255642794;3.6525879210103084915e-08;
1856123.7415826013312;4.7528974533861401142e-08;
1856457.0971396383829;3.9364451254186860751e-08;
1856790.4526966754347;3.8807460356338197016e-08;
1857123.8082537124865;3.6060395558479285683e-08;
1857457.1638107495382;4.2732384741839268827e-08;
1857790.51936778659;3.9405133378522805288e-08;
1858123.8749248236418;3.8517580236430148943e-08;
1858457.2304818606935;3.7885886428057347075e-08;
1858790.5860388977453;3.829230976748476678e-08;
1859123.9415959347971;4.0323904215711081633e-08;
1859457.2971529718488;3.6503301714674307732e-08;
1859790.6527100089006;4.0807275780707641388e-08;
1860124.0082670459524;4.2447773296316881897e-08;
1860457.3638240830041;4.0832730974216246977e-08;
1860790.7193811200559;4.029529776516938e-08;
1861124.0749381571077;4.1319808019579795655e-08;
1861457.4304951941594;4.1015123741772185895e-08;
1861790.7860522312112;3.9889190617259373539e-08;
1862124.141609268263;4.1749203205654339399e-08;
1862457.4971663053147;4.1276713602655945579e-08;
1862790.8527233423665;4.2433903502114844741e-08;
1863124.2082803794183;4.6694008659642349812e-08;
1863457.5638374164701;4.8198948832123278407e-08;
1863790.9193944535218;4.189658753261937818e-08;
1864124.2749514905736;4.7448803996985589038e-08;
1864457.6305085276254;4.3081296752234266023e-08;
1864790.9860655646771;4.1889006041628817911e-08;
1865124.3416226017289;4.2003001965440489585e-08;
1865457.6971796387807;4.3488640244504495058e-08;
1865791.0527366758324;4.1492782543173234444e-08;
1866124.4082937128842;3.9171091259504464688e-08;
1866457.763850749936;4.0713757698540575802e-08;
1866791.1194077869877;4.2734409788636185112e-08;
1867124.4749648240395;3.9607929380736095482e-08;
1867457.8305218610913;4.1908730707973518292e-08;
1867791.186078898143;4.0878379792275154614e-08;
1868124.5416359351948;4.2775269548656069674e-08;
1868457.8971929722466;4.3307572639150748728e-08;
1868791.2527500092983;4.0820253843776299618e-08;
1869124.6083070463501;4.0487019958845849033e-08;
1869457.9638640834019;4.1933699179708128213e-08;
1869791.3194211204536;4.0818459723368505365e-08;
1870124.6749781575054;4.4031832402424697648e-08;
1870458.0305351945572;4.3768775270791593357e-08;
1870791.3860922316089;4.0103987686279651825e-08;
1871124.7416492686607;4.2483506490498257335e-08;
1871458.0972063057125;4.3946212002765605575e-08;
1871791.4527633427642;4.1447613341460964875e-08;
1872124.808320379816;5.0063107437381404452e-08;
1872458.1638774168678;4.1834514519223375828e-08;
1872791.5194344539195;4.3298445717709910241e-08;
1873124.8749914909713;4.9896723197662140592e-08;
1873458.2305485280231;6.8770042105370521313e-08;
1873791.5861055650748;1.5542616438324330375e-07;
1874124.9416626021266;8.9776357015125540784e-08;
1874458.2972196391784;5.0980258237132147769e-08;
1874791.6527766762301;4.6239499340572365327e-08;
1875125.0083337132819;4.2710695424830191769e-08;
1875458.3638907503337;3.9116972772035296657e-08;
1875791.7194477873854;3.8103010524537239689e-08;
1876125.0750048244372;4.1295933783658256289e-08;
1876458.430561861489;4.3335123933729846613e-08;
1876791.7861188985407;4.5288459205039544031e-08;
1877125.1416759355925;4.6600096226256937371e-08;
1877458.4972329726443;4.0136690415693010436e-08;
1877791.852790009696;4.2499404884210889577e-08;
1878125.2083470467478;3.8031657823012210429e-08;
1878458.5639040837996;3.9535976270599348936e-08;
1878791.9194611208513;4.8950287379057044745e-08;
1879125.2750181579031;4.7232990851853173808e-08;
1879458.6305751949549;4.2410878364762538695e-08;
1879791.9861322320066;4.0094406017487926874e-08;
1880125.3416892690584;5.3651540099508565618e-08;
1880458.6972463061102;4.2703643288177772774e-08;
1880792.0528033431619;3.8919907296985911671e-08;
1881125.4083603802137;3.8632581578212921158e-08;
1881458.7639174172655;3.8228659349215377006e-08;
1881792.1194744543172;4.3501479751739680069e-08;
1882125.475031491369;4.0041967963588831481e-08;
1882458.8305885284208;3.9544730157103913371e-08;
1882792.1861455654725;3.9980953658869111678e-08;
1883125.5417026025243;4.0417731383968202863e-08;
1883458.8972596395761;6.057961599026384647e-08;
1883792.2528166766278;7.5636783947174990317e-08;
1884125.6083737136796;4.9477225871896735043e-08;
1884458.9639307507314;4.1687272300805489067e-08;
1884792.3194877877831;4.3483751710482465569e-08;
1885125.6750448248349;4.1922945115402399097e-08;
1885459.0306018618867;4.8991839918244295404e-08;
1885792.3861588989384;7.8956738036595197627e-08;
1886125.7417159359902;1.5475401937692367937e-07;
1886459.097272973042;8.289259767479961738e-08;
1886792.4528300100937;5.7410890264009140083e-08;
1887125.8083870471455;7.3613172446584940189e-08;
1887459.1639440841973;4.1323943378301919438e-08;
1887792.519501121249;4.4182542069393093698e-08;
1888125.8750581583008;5.1297202929845298058e-08;
1888459.2306151953526;4.4736363946640267386e-08;
1888792.5861722324044;4.5824737782140800846e-08;
1889125.9417292694561;4.3154997797500982415e-08;
1889459.2972863065079;4.1538946504715568153e-08;
1889792.6528433435597;4.1624048208177555352e-08;
1890126.0084003806114;4.3644391212183109019e-08;
1890459.3639574176632;4.5653990810023969971e-08;
1890792.719514454715;4.4921591779711889103e-08;
1891126.0750714917667;4.5852196706164249917e-08;
1891459.4306285288185;4.5200948761703330092e-08;
1891792.7861855658703;4.9852651784476620378e-08;
1892126.141742602922;4.8042473110854189144e-08;
1892459.4972996399738;4.8699487109615802183e-08;
1892792.8528566770256;4.7377337608622838161e-08;
1893126.2084137140773;4.5383391267250772216e-08;
1893459.5639707511291;4.9311058347711878014e-08;
1893792.9195277881809;4.8237996708166974713e-08;
1894126.2750848252326;4.9237307564453658415e-08;
1894459.6306418622844;6.5467354204429284437e-08;
1894792.9861988993362;5.2785182447223633062e-08;
1895126.3417559363879;4.9575454852401890093e-08;
1895459.6973129734397;5.0194763900890393415e-08;
1895793.0528700104915;4.6296882771912351018e-08;
1896126.4084270475432;4.990145896499598166e-08;
1896459.763984084595;5.0161442999296923517e-08;
1896793.1195411216468;4.7409059789060847834e-08;
1897126.4750981586985;4.9645439759160581161e-08;
1897459.8306551957503;4.8476540115416355547e-08;
1897793.1862122328021;5.6329245268216254772e-08;
1898126.5417692698538;7.3044823523105151253e-08;
1898459.8973263069056;8.4346403639301570365e-08;
1898793.2528833439574;6.167707056192739401e-08;
1899126.6084403810091;5.1831467118290674989e-08;
1899459.9639974180609;4.6813102727583100204e-08;
1899793.3195544551127;4.8489315673805322149e-08;
1900126.6751114921644;4.9925397149763739435e-08;
1900460.0306685292162;4.9987352923608341371e-08;
1900793.386225566268;4.9690374481770049897e-08;
1901126.7417826033197;5.3720860648809320992e-08;
1901460.0973396403715;5.0942119855790224392e-08;
1901793.4528966774233;5.2946781181617552647e-08;
1902126.808453714475;5.183501627925579669e-08;
1902460.1640107515268;5.1209323004286488867e-08;
1902793.5195677885786;4.9544286895297773299e-08;
1903126.8751248256303;5.4070987687282467959e-08;
1903460.2306818626821;5.4020382833641633624e-08;
1903793.5862388997339;5.2311342813027295051e-08;
1904126.9417959367856;5.8417580106606692425e-08;
1904460.2973529738374;5.0503007997804161278e-08;
1904793.6529100108892;5.0865214262785229948e-08;
1905127.0084670479409;5.0298833542683496489e-08;
1905460.3640240849927;5.1711321447100999649e-08;
1905793.7195811220445;4.8524082529866063851e-08;
1906127.0751381590962;4.4332828963433712488e-08;
1906460.430695196148;4.9389690559564769501e-08;
1906793.7862522331998;4.9443080740729783429e-08;
1907127.1418092702515;4.7042696849075582577e-08;
1907460.4973663073033;4.6520103325065065292e-08;
1907793.8529233443551;5.0067768597727990709e-08;
1908127.2084803814068;4.742322090578454663e-08;
1908460.5640374184586;4.6518305651943592238e-08;
1908793.9195944555104;4.6574808010291235405e-08;
1909127.2751514925621;4.7773745848189719254e-08;
1909460.6307085296139;5.2132907768509539892e-08;
1909793.9862655666657;5.7868266623017916572e-08;
1910127.3418226037174;7.0804773599775217008e-08;
1910460.6973796407692;5.4004726024459159817e-08;
1910794.052936677821;5.1760945751766485046e-08;
1911127.4084937148727;5.4066145338538262877e-08;
1911460.7640507519245;1.3265632503589586122e-07;
1911794.1196077889763;7.7759580108249792829e-08;
1912127.475164826028;6.1871318735029490199e-08;
1912460.8307218630798;5.6323109731692966307e-08;
1912794.1862789001316;5.2267250083559702034e-08;
1913127.5418359371834;5.676434255974527332e-08;
1913460.8973929742351;5.5413515553937031655e-08;
1913794.2529500112869;5.5901708151395723689e-08;
1914127.6085070483387;5.6469936282610433409e-08;
1914460.9640640853904;5.9785207895401981659e-08;
1914794.3196211224422;5.8227112020858839969e-08;
1915127.675178159494;6.0561205827980302274e-08;
1915461.0307351965457;5.8406396163945828448e-08;
1915794.3862922335975;5.5573590174162745825e-08;
1916127.7418492706493;5.3326608906445471803e-08;
1916461.097406307701;5.017536608420414268e-08;
1916794.4529633447528;5.4157116124997628503e-08;
1917127.8085203818046;5.6977043527695059311e-08;
1917461.1640774188563;5.5126214704159792745e-08;
1917794.5196344559081;4.8901121374456124613e-08;
1918127.8751914929599;4.8928534113201749278e-08;
1918461.2307485300116;5.4476487321153399535e-08;
1918794.5863055670634;5.3249657128162652953e-08;
1919127.9418626041152;8.5705622154819138814e-08;
1919461.2974196411669;5.1928711997106802301e-08;
1919794.6529766782187;5.1806978262902703136e-08;
1920128.0085337152705;5.6889827959594185813e-08;
1920461.3640907523222;5.5231872408967319643e-08;
1920794.719647789374;6.36167243328600307e-08;
1921128.0752048264258;9.2969294485101272585e-08;
1921461.4307618634775;1.4794555625030625379e-07;
1921794.7863189005293;2.3642607516194402706e-07;
1922128.1418759375811;8.7299966367027082015e-08;
1922461.4974329746328;6.3253544624330970692e-08;
1922794.8529900116846;6.7178461904404684901e-08;
1923128.2085470487364;5.1257206479249362019e-08;
1923461.5641040857881;5.4261967363800067687e-08;
1923794.9196611228399;5.2674025141641322989e-08;
1924128.2752181598917;5.464355012918531429e-08;
1924461.6307751969434;5.0450513100486205076e-08;
1924794.9863322339952;5.5036998958257754566e-08;
1925128.341889271047;5.5699576506640369189e-08;
1925461.6974463080987;5.3737849725621344987e-08;
1925795.0530033451505;5.6551641591795487329e-08;
1926128.4085603822023;5.5204033344580238918e-08;
1926461.764117419254;5.2475453315992126591e-08;
1926795.1196744563058;5.0480302604682947276e-08;
1927128.4752314933576;5.1979181847627842217e-08;
1927461.8307885304093;5.1046125548737109057e-08;
1927795.1863455674611;5.3008204048410334508e-08;
1928128.5419026045129;5.4271975358233248699e-08;
1928461.8974596415646;6.2253569410586351296e-08;
1928795.2530166786164;5.1555943514358659741e-08;
1929128.6085737156682;5.3688783197003431269e-08;
1929461.9641307527199;5.4628095824682532111e-08;
1929795.3196877897717;5.1924789801205406548e-08;
1930128.6752448268235;5.4185761655389796942e-08;
1930462.0308018638752;5.1190525596211955417e-08;
1930795.386358900927;5.2626578650460942299e-08;
1931128.7419159379788;5.0373110127566178562e-08;
1931462.0974729750305;5.0245756000322217005e-08;
1931795.4530300120823;5.0226518055751512293e-08;
1932128.8085870491341;6.0435262128066824516e-08;
1932462.1641440861858;5.2025775687525310786e-08;
1932795.5197011232376;5.1710685511352494359e-08;
1933128.8752581602894;5.664589863840774342e-08;
1933462.2308151973411;5.4256343418046526494e-08;
1933795.5863722343929;5.4432863549891408184e-08;
1934128.9419292714447;5.5353584826889346004e-08;
1934462.2974863084964;5.4398356041929218918e-08;
1934795.6530433455482;5.7476281511981142103e-08;
1935129.0086003826;5.7822539645258075325e-08;
1935462.3641574196517;5.2851248710794607177e-08;
1935795.7197144567035;5.8464806329538987484e-08;
1936129.0752714937553;6.9993987494854081888e-08;
1936462.430828530807;5.4503480839684925741e-08;
1936795.7863855678588;5.5902098949900391744e-08;
1937129.1419426049106;5.8842029915240345872e-08;
1937462.4974996419623;5.7838487776962210773e-08;
1937795.8530566790141;5.8671201230708902585e-08;
1938129.2086137160659;6.2134262179824872874e-08;
1938462.5641707531177;8.2186886629642685875e-08;
1938795.9197277901694;9.6777377223133953521e-08;
1939129.2752848272212;7.2261173045262694359e-08;
1939462.630841864273;6.1491526537338359049e-08;
1939795.9863989013247;6.078706604739636532e-08;
1940129.3419559383765;9.3534218592594697839e-08;
1940462.6975129754283;5.9685937969788938062e-08;
1940796.05307001248;5.6076292054285659106e-08;
1941129.4086270495318;5.9692332854410778964e-08;
1941462.7641840865836;6.1226899106259224936e-08;
1941796.1197411236353;5.6605014009392107255e-08;
1942129.4752981606871;5.7853121404605190037e-08;
1942462.8308551977389;5.2782215931301834644e-08;
1942796.1864122347906;5.6514299018317615264e-08;
1943129.5419692718424;5.3898101981530999183e-08;
1943462.8975263088942;5.6494744882229497307e-08;
1943796.2530833459459;5.6793567182467086241e-08;
1944129.6086403829977;6.7386487501153169433e-08;
1944462.9641974200495;5.6511122892288767616e-08;
1944796.3197544571012;5.8183452722460060613e-08;
1945129.675311494153;5.8725852625229890691e-08;
1945463.0308685312048;9.1776264810050633969e-08;
1945796.3864255682565;1.9449718990927067352e-07;
1946129.7419826053083;1.7917994910021661781e-07;
1946463.0975396423601;6.8247835827150993282e-08;
1946796.4530966794118;5.8577583672558830585e-08;
1947129.8086537164636;5.7511531537102200673e-08;
1947463.1642107535154;5.7199081027192733018e-08;
1947796.5197677905671;6.2278949997107702075e-08;
1948129.8753248276189;6.1160569941876019584e-08;
1948463.2308818646707;5.0285581920661570621e-08;
1948796.5864389017224;5.5570271939586746157e-08;
1949129.9419959387742;5.7137015119224088266e-08;
1949463.297552975826;5.6643909118747615139e-08;
1949796.6531100128777;5.9986568601289036451e-08;
1950130.0086670499295;5.3952952328018000117e-08;
1950463.3642240869813;5.3514487063921478693e-08;
1950796.719781124033;5.1966217995413899189e-08;
1951130.0753381610848;5.9769249105556809809e-08;
1951463.4308951981366;5.0838952603271536645e-08;
1951796.7864522351883;5.3617998929667010088e-08;
1952130.1420092722401;6.654022399743553251e-08;
1952463.4975663092919;5.4834526252989235218e-08;
1952796.8531233463436;5.6645500734475717763e-08;
1953130.2086803833954;6.4654386733309365809e-08;
1953463.5642374204472;8.1554063058320025448e-08;
1953796.9197944574989;6.0127419487798761111e-08;
1954130.2753514945507;5.1651309007638701587e-08;
1954463.6309085316025;5.3112508169306238415e-08;
1954796.9864655686542;4.8533031815622962313e-08;
1955130.342022605706;5.0543302876349116559e-08;
1955463.6975796427578;4.6062673675351106795e-08;
1955797.0531366798095;5.1454513538828905439e-08;
1956130.4086937168613;5.417928861106702243e-08;
1956463.7642507539131;5.6908820766921053291e-08;
1956797.1198077909648;6.8695179322730837157e-08;
1957130.4753648280166;2.1534501115638704505e-07;
1957463.8309218650684;2.7316903583596285898e-07;
1957797.1864789021201;8.1008039387597818859e-08;
1958130.5420359391719;5.7923799090531247202e-08;
1958463.8975929762237;5.0967273068636131939e-08;
1958797.2531500132754;4.9967248116900009336e-08;
1959130.6087070503272;4.8920369977167865727e-08;
1959463.964264087379;4.5289890948652100633e-08;
1959797.3198211244307;4.6361261496485894895e-08;
1960130.6753781614825;5.4545147065709898015e-08;
1960464.0309351985343;4.4341319949126045685e-08;
1960797.386492235586;4.2736740368809478241e-08;
1961130.7420492726378;4.2938570032902134699e-08;
1961464.0976063096896;4.1314216048249363666e-08;
1961797.4531633467413;4.3509732705615533632e-08;
1962130.8087203837931;4.0795807620952473371e-08;
1962464.1642774208449;3.9073842827974658576e-08;
1962797.5198344578966;3.9622332081989952712e-08;
1963130.8753914949484;3.8660076029373158235e-08;
1963464.2309485320002;3.8730842533141185413e-08;
1963797.586505569052;3.7687211573711465462e-08;
1964130.9420626061037;3.8759903731033773511e-08;
1964464.2976196431555;3.8697855586633522762e-08;
1964797.6531766802073;3.9805890139632538194e-08;
1965131.008733717259;3.8442951932893265621e-08;
1965464.3642907543108;3.7815205189417611109e-08;
1965797.7198477913626;3.7253688134342155536e-08;
1966131.0754048284143;4.101757156149687944e-08;
1966464.4309618654661;3.9780584160098442226e-08;
1966797.7865189025179;3.7627671645168447867e-08;
1967131.1420759395696;3.7475153646937542362e-08;
1967464.4976329766214;3.8931396773023152491e-08;
1967797.8531900136732;3.8694796700156075531e-08;
1968131.2087470507249;4.9602896012856945163e-08;
1968464.5643040877767;4.9774421029269433348e-08;
1968797.9198611248285;5.7728755109565099701e-08;
1969131.2754181618802;4.3982510078421910293e-08;
1969464.630975198932;3.9333343693215283565e-08;
1969797.9865322359838;3.7155256649157308857e-08;
1970131.3420892730355;3.6859972851743805222e-08;
1970464.6976463100873;3.6508559730918932473e-08;
1970798.0532033471391;4.0698456160725982045e-08;
1971131.4087603841908;3.6974505235320975771e-08;
1971464.7643174212426;3.4479747057503118413e-08;
1971798.1198744582944;3.3916240482767534559e-08;
1972131.4754314953461;3.3457432380146201467e-08;
1972464.8309885323979;3.7412007714010542259e-08;
1972798.1865455694497;3.4902136292203067569e-08;
1973131.5421026065014;3.3814092859074662556e-08;
1973464.8976596435532;3.5569645007171857287e-08;
1973798.253216680605;3.6237505440794848255e-08;
1974131.6087737176567;3.4548929050970400567e-08;
1974464.9643307547085;3.5555590471858522505e-08;
1974798.3198877917603;3.4146285798897224595e-08;
1975131.675444828812;3.2660441462439848692e-08;
1975465.0310018658638;3.643449275614329963e-08;
1975798.3865589029156;3.6160813010610581841e-08;
1976131.7421159399673;4.2514116671554802451e-08;
1976465.0976729770191;3.4306705032349782414e-08;
1976798.4532300140709;3.6851425022632611217e-08;
1977131.8087870511226;4.912145357138797408e-08;
1977465.1643440881744;5.3896588525503830169e-08;
1977798.5199011252262;3.5595899561258192989e-08;
1978131.8754581622779;3.4647758440087272902e-08;
1978465.2310151993297;3.6742825670899037505e-08;
1978798.5865722363815;3.3326209347706026165e-08;
1979131.9421292734332;3.4231934620265747071e-08;
1979465.297686310485;3.2635892210919337231e-08;
1979798.6532433475368;3.2757665024973903201e-08;
1980132.0088003845885;3.1944214384793667705e-08;
1980465.3643574216403;3.2384146919639533735e-08;
1980798.7199144586921;3.3636649021673292737e-08;
1981132.0754714957438;3.3642383101550876745e-08;
1981465.4310285327956;3.3431170720632508164e-08;
1981798.7865855698474;3.6199967468064642162e-08;
1982132.1421426068991;3.5770039374938278343e-08;
1982465.4976996439509;3.2098800062385635101e-08;
1982798.8532566810027;3.4924831027183245169e-08;
1983132.2088137180544;5.3426752799623500323e-08;
1983465.5643707551062;3.0692447694491420407e-08;
1983798.919927792158;3.1934845878822670784e-08;
1984132.2754848292097;3.9454246092418543412e-08;
1984465.6310418662615;3.0746740264930849662e-08;
1984798.9865989033133;3.2694710938585558324e-08;
1985132.342155940365;3.3832513679499243153e-08;
1985465.6977129774168;3.2347532652465815772e-08;
1985799.0532700144686;3.1977567260810246808e-08;
1986132.4088270515203;3.1199487438016149099e-08;
1986465.7643840885721;3.2925207449352456024e-08;
1986799.1199411256239;3.1706214542737143347e-08;
1987132.4754981626756;3.1741883788072300376e-08;
1987465.8310551997274;3.2194236609939252958e-08;
1987799.1866122367792;3.0350211233098889352e-08;
1988132.542169273831;3.2911732006368765724e-08;
1988465.8977263108827;3.0164702735646642395e-08;
1988799.2532833479345;3.1034513625627369038e-08;
1989132.6088403849863;3.3450735514861662523e-08;
1989465.964397422038;3.6532682656797987875e-08;
1989799.3199544590898;4.8209361835915842676e-08;
1990132.6755114961416;4.6870045622426914633e-08;
1990466.0310685331933;3.4536551396513459622e-08;
1990799.3866255702451;3.4573396590076299617e-08;
1991132.7421826072969;3.3047072633962670807e-08;
1991466.0977396443486;3.2533773008935895632e-08;
1991799.4532966814004;3.6163100958219729364e-08;
1992132.8088537184522;4.8012353204285318498e-08;
1992466.1644107555039;6.021663523370079929e-08;
1992799.5199677925557;2.7001581770491611678e-07;
1993132.8755248296075;1.147078592111938633e-07;
1993466.2310818666592;5.4189950304817102733e-08;
1993799.586638903711;3.6961903759902270394e-08;
1994132.9421959407628;3.5780598039991673431e-08;
1994466.2977529778145;3.301121154208885855e-08;
1994799.6533100148663;3.0762244307425135048e-08;
1995133.0088670519181;3.0441093201716284966e-08;
1995466.3644240889698;3.3951231159790040692e-08;
1995799.7199811260216;3.0056686028956391965e-08;
1996133.0755381630734;3.0312698129364434863e-08;
1996466.4310952001251;2.8275971786229092686e-08;
1996799.7866522371769;3.0565892927825188963e-08;
1997133.1422092742287;3.0070523848735319916e-08;
1997466.4977663112804;3.0547322893426098744e-08;
1997799.8533233483322;2.8570868337851607066e-08;
1998133.208880385384;3.1256046639782653074e-08;
1998466.5644374224357;3.1277853196343130548e-08;
1998799.9199944594875;2.9686628266745174187e-08;
1999133.2755514965393;2.9378252719425290707e-08;
1999466.631108533591;2.9392344558232252894e-08;
1999799.9866655706428;2.9303153681325966318e-08;
2000133.3422226076946;3.2510062197843581089e-08;
2000466.6977796447463;2.964217671319602232e-08;
2000800.0533366817981;2.88562169714623451e-08;
2001133.4088937188499;3.0905134451586491195e-08;
2001466.7644507559016;2.9356739261743314273e-08;
2001800.1200077929534;2.8216623704224730318e-08;
2002133.4755648300052;2.8716947042539686663e-08;
2002466.8311218670569;2.8806985241658367158e-08;
2002800.1866789041087;2.9851779714817894273e-08;
2003133.5422359411605;3.4030353646130606649e-08;
2003466.8977929782122;4.0737869966278594802e-08;
2003800.253350015264;3.1110442222370693344e-08;
2004133.6089070523158;2.8377236560572782764e-08;
2004466.9644640893675;2.8850843492023159342e-08;
2004800.3200211264193;2.7661627655106713064e-08;
2005133.6755781634711;2.6005304576415255724e-08;
2005467.0311352005228;2.7121883405811786361e-08;
2005800.3866922375746;2.6096557803612085991e-08;
2006133.7422492746264;2.7590916218400707294e-08;
2006467.0978063116781;2.6978325351478815719e-08;
2006800.4533633487299;2.9874652085482011898e-08;
2007133.8089203857817;2.7457078388692934823e-08;
2007467.1644774228334;2.8740515745084849186e-08;
2007800.5200344598852;2.7410377967385102238e-08;
2008133.875591496937;3.1244411502484581433e-08;
2008467.2311485339887;2.7259547508151626971e-08;
2008800.5867055710405;2.830961953748101223e-08;
2009133.9422626080923;2.7349004838583823584e-08;
2009467.297819645144;2.6552198661988768436e-08;
2009800.6533766821958;2.7421503290270266007e-08;
2010134.0089337192476;2.7494099441582875443e-08;
2010467.3644907562993;2.7734273544410825707e-08;
2010800.7200477933511;2.6180497769701105426e-08;
2011134.0756048304029;2.765628259737695771e-08;
2011467.4311618674546;2.6429896493596061191e-08;
2011800.7867189045064;2.7557348403206560761e-08;
2012134.1422759415582;2.8527486151119774149e-08;
2012467.4978329786099;2.7465327789855109586e-08;
2012800.8533900156617;2.6868029578963614767e-08;
2013134.2089470527135;2.7384002621033687319e-08;
2013467.5645040897653;2.8390600093075590848e-08;
2013800.920061126817;2.7357462073496208177e-08;
2014134.2756181638688;2.5665144676167983562e-08;
2014467.6311752009206;2.768826945498403802e-08;
2014800.9867322379723;2.7760352239170060784e-08;
2015134.3422892750241;2.9630722764295569505e-08;
2015467.6978463120759;2.7031886062900412071e-08;
2015801.0534033491276;2.8624574710534034239e-08;
2016134.4089603861794;3.2181571185674329172e-08;
2016467.7645174232312;2.9229067166625100072e-08;
2016801.1200744602829;2.9617400088000067626e-08;
2017134.4756314973347;3.0287733210343503742e-08;
2017467.8311885343865;3.8499518240087127197e-08;
2017801.1867455714382;8.9170740125155134592e-08;
2018134.54230260849;9.8580279939142201329e-08;
2018467.8978596455418;4.061310576730647881e-08;
2018801.2534166825935;3.2655737669529116829e-08;
2019134.6089737196453;2.9727909023335996608e-08;
2019467.9645307566971;3.2324582122100764536e-08;
2019801.3200877937488;2.8020274100981623633e-08;
2020134.6756448308006;3.0674499384986120276e-08;
2020468.0312018678524;2.7364670529550494393e-08;
2020801.3867589049041;2.8067814739074492536e-08;
2021134.7423159419559;2.8040757271696747921e-08;
2021468.0978729790077;2.6935468966371445276e-08;
2021801.4534300160594;2.7942116176404852013e-08;
2022134.8089870531112;2.8688306841218036425e-08;
2022468.164544090163;2.8704489452024972707e-08;
2022801.5201011272147;3.0360290281805646373e-08;
2023134.8756581642665;3.6960283722464737366e-08;
2023468.2312152013183;3.5516322327566740569e-08;
2023801.58677223837;3.1275217082793460577e-08;
2024134.9423292754218;3.1537283007310179528e-08;
2024468.2978863124736;2.6720980983441222634e-08;
2024801.6534433495253;2.6585103896081818675e-08;
2025135.0090003865771;2.7998426688213839952e-08;
2025468.3645574236289;2.5344387921677480335e-08;
2025801.7201144606806;2.6279705522824770014e-08;
2026135.0756714977324;2.6427576571563804464e-08;
2026468.4312285347842;2.6272873654420436651e-08;
2026801.7867855718359;2.6061007574185168778e-08;
2027135.1423426088877;2.8631916393351275474e-08;
2027468.4978996459395;2.9998346917636808939e-08;
2027801.8534566829912;3.5183344238021163619e-08;
2028135.209013720043;6.174168021289005992e-08;
2028468.5645707570948;1.9136605544645135524e-07;
2028801.9201277941465;6.474474645301597775e-08;
2029135.2756848311983;3.4173112339885847177e-08;
2029468.6312418682501;2.8754808312214663601e-08;
2029801.9867989053018;2.8155522358019879903e-08;
2030135.3423559423536;2.6918723250446419115e-08;
2030468.6979129794054;2.6121464102857316902e-08;
2030802.0534700164571;2.5088301214282182627e-08;
2031135.4090270535089;2.3740161836371953541e-08;
2031468.7645840905607;2.3946618910031247651e-08;
2031802.1201411276124;2.4636177542447512678e-08;
2032135.4756981646642;2.8000590290844229457e-08;
2032468.831255201716;2.4657133224081917433e-08;
2032802.1868122387677;2.5434218287045951001e-08;
2033135.5423692758195;2.391710651750145189e-08;
2033468.8979263128713;2.4040952339987597952e-08;
2033802.253483349923;2.4050203606407194457e-08;
2034135.6090403869748;2.2482943506929586874e-08;
2034468.9645974240266;2.3566473217329075851e-08;
2034802.3201544610783;2.2453065184890874662e-08;
2035135.6757114981301;2.3754262556963112729e-08;
2035469.0312685351819;2.3656774317259987583e-08;
2035802.3868255722336;2.2286442913355131168e-08;
2036135.7423826092854;2.127992537737100065e-08;
2036469.0979396463372;2.1840413921836443478e-08;
2036802.4534966833889;2.2119309051049640402e-08;
2037135.8090537204407;2.3317207720197075105e-08;
2037469.1646107574925;2.2538543476002814714e-08;
2037802.5201677945442;2.3840550866793819296e-08;
2038135.875724831596;2.3063039478188329667e-08;
2038469.2312818686478;2.5676328618828847539e-08;
2038802.5868389056996;3.1144509193836711347e-08;
2039135.9423959427513;3.1877895878551498754e-08;
2039469.2979529798031;2.6098163630194903817e-08;
2039802.6535100168549;2.2527341769773556734e-08;
2040136.0090670539066;2.5448027685115448548e-08;
2040469.3646240909584;2.1819282380874938099e-08;
2040802.7201811280102;2.3001659243959693413e-08;
2041136.0757381650619;2.0926115951169776963e-08;
2041469.4312952021137;2.2520140419146628119e-08;
2041802.7868522391655;2.3004286475725166383e-08;
2042136.1424092762172;2.2637189900365228823e-08;
2042469.497966313269;2.3186007780395812006e-08;
2042802.8535233503208;2.2404837096701157861e-08;
2043136.2090803873725;2.1524913407233725593e-08;
2043469.5646374244243;2.2852635339631888201e-08;
2043802.9201944614761;2.2614177197510798578e-08;
2044136.2757514985278;2.1752345702452657861e-08;
2044469.6313085355796;2.1163943486612879497e-08;
2044802.9868655726314;2.1201900679557184048e-08;
2045136.3424226096831;2.12065192073396247e-08;
2045469.6979796467349;2.0869835637427058828e-08;
2045803.0535366837867;2.1620262913302212837e-08;
2046136.4090937208384;2.1866442878604175348e-08;
2046469.7646507578902;2.2148860523429902969e-08;
2046803.120207794942;2.341979588038611837e-08;
2047136.4757648319937;3.1359942198605494923e-08;
2047469.8313218690455;2.1774290814846608555e-08;
2047803.1868789060973;2.1797751159624567663e-08;
2048136.542435943149;2.5080503007757215528e-08;
2048469.8979929802008;2.2444467617788177449e-08;
2048803.2535500172526;2.202744653345689585e-08;
2049136.6091070543043;2.0504392850284602901e-08;
2049469.9646640913561;2.1761366042483132333e-08;
2049803.3202211284079;2.0352160845504840836e-08;
2050136.6757781654596;2.0216679885720623133e-08;
2050470.0313352025114;2.0554306701114910538e-08;
2050803.3868922395632;2.0416223378560971469e-08;
2051136.7424492766149;2.1335138100653239235e-08;
2051470.0980063136667;2.0207519213499836042e-08;
2051803.4535633507185;2.0806469436251973093e-08;
2052136.8091203877702;2.0276861079082664219e-08;
2052470.164677424822;2.0236933906403464789e-08;
2052803.5202344618738;2.1614566136918256234e-08;
2053136.8757914989255;2.0098017472491847002e-08;
2053470.2313485359773;2.0356809571353551291e-08;
2053803.5869055730291;2.1278056649975951586e-08;
2054136.9424626100808;2.0771116382434229308e-08;
2054470.2980196471326;2.0698230684956797631e-08;
2054803.6535766841844;2.0811514289675869804e-08;
2055137.0091337212361;2.0688778690214348899e-08;
2055470.3646907582879;2.1107915415541356197e-08;
2055803.7202477953397;2.1021545393296037219e-08;
2056137.0758048323914;2.3233264201394376869e-08;
2056470.4313618694432;2.0256816668506871792e-08;
2056803.786918906495;2.1368895986029201595e-08;
2057137.1424759435467;2.1444671816084337479e-08;
2057470.4980329805985;2.0672393574727720988e-08;
2057803.8535900176503;2.1636298086491478898e-08;
2058137.209147054702;2.2492622875347478839e-08;
2058470.5647040917538;2.8720275935256722732e-08;
2058803.9202611288056;2.7943098501737040351e-08;
2059137.2758181658573;2.029296730654550629e-08;
2059470.6313752029091;2.0404714362598497246e-08;
2059803.9869322399609;2.0471675910016529087e-08;
2060137.3424892770126;2.0645428477905625186e-08;
2060470.6980463140644;2.0132576494802378875e-08;
2060804.0536033511162;2.0190237037809311005e-08;
2061137.4091603881679;2.0054143234915500216e-08;
2061470.7647174252197;2.0707686232412925165e-08;
2061804.1202744622715;1.8516766786547123047e-08;
2062137.4758314993232;2.0514624665679548343e-08;
2062470.831388536375;2.0919793897178351472e-08;
2062804.1869455734268;2.037970858737025992e-08;
2063137.5425026104786;2.3975958995947621588e-08;
2063470.8980596475303;2.7991491791112821375e-08;
2063804.2536166845821;6.1341992818597645964e-08;
2064137.6091737216339;9.8491391042898612795e-08;
2064470.9647307586856;3.8023173942747234832e-08;
2064804.3202877957374;2.5417154603246672195e-08;
2065137.6758448327892;2.161680789924957935e-08;
2065471.0314018698409;2.1208867551081311831e-08;
2065804.3869589068927;2.0851219417750144203e-08;
2066137.7425159439445;2.1572876818254371756e-08;
2066471.0980729809962;2.0583213355962470814e-08;
2066804.453630018048;1.9854475397096393863e-08;
2067137.8091870550998;2.0503383879599823558e-08;
2067471.1647440921515;1.9903716008684568806e-08;
2067804.5203011292033;2.5853619689542028937e-08;
2068137.8758581662551;2.9883576502243158757e-08;
2068471.2314152033068;2.1436122210616304073e-08;
2068804.5869722403586;1.9818338969912474568e-08;
2069137.9425292774104;1.9400596684704396466e-08;
2069471.2980863144621;2.0381785148515518813e-08;
2069804.6536433515139;2.0261655464537398075e-08;
2070138.0092003885657;1.8819191538455015689e-08;
2070471.3647574256174;1.9540218332281256153e-08;
2070804.7203144626692;1.953537775989389047e-08;
2071138.075871499721;1.8522557709843567864e-08;
2071471.4314285367727;2.0382859844403355964e-08;
2071804.7869855738245;1.88816802193514377e-08;
2072138.1425426108763;2.1984883247228026448e-08;
2072471.498099647928;1.9885646906914189458e-08;
2072804.8536566849798;1.8693981473916210234e-08;
2073138.2092137220316;1.9972295817183294275e-08;
2073471.5647707590833;1.8568591997336625354e-08;
2073804.9203277961351;1.9222051506062598492e-08;
2074138.2758848331869;1.891594259006978973e-08;
2074471.6314418702386;1.8857150507756159641e-08;
2074804.9869989072904;1.7433327670346443483e-08;
2075138.3425559443422;1.8405689417022585985e-08;
2075471.6981129813939;1.8547856583950306231e-08;
2075805.0536700184457;1.8888513864112610463e-08;
2076138.4092270554975;1.9598006772980625101e-08;
2076471.7647840925492;1.9135462991926033283e-08;
2076805.120341129601;1.8333144780058319157e-08;
2077138.4758981666528;2.4371486162522160157e-08;
2077471.8314552037045;3.6970412509162997594e-08;
2077805.1870122407563;1.9584067700861851336e-08;
2078138.5425692778081;2.0970718495050277852e-08;
2078471.8981263148598;1.8814828806057448674e-08;
2078805.2536833519116;1.9106810356106507243e-08;
2079138.6092403889634;2.420172151573751762e-08;
2079471.9647974260151;2.026140677457988204e-08;
2079805.3203544630669;1.9543891838225135871e-08;
2080138.6759115001187;2.1082714241060784843e-08;
2080472.0314685371704;1.8908368204506587062e-08;
2080805.3870255742222;1.9512192750426038401e-08;
2081138.742582611274;1.9482564894701681624e-08;
2081472.0981396483257;2.1705927721882289916e-08;
2081805.4536966853775;2.1466835420369534404e-08;
2082138.8092537224293;1.8282875657860131469e-08;
2082472.164810759481;1.8695065051588244387e-08;
2082805.5203677965328;1.7645682248712546425e-08;
2083138.8759248335846;1.8993461026184377261e-08;
2083472.2314818706363;1.796841253565162333e-08;
2083805.5870389076881;1.6986028583687584614e-08;
2084138.9425959447399;1.7891400361236264871e-08;
2084472.2981529817916;1.7473432478709582938e-08;
2084805.6537100188434;1.7941065522109056474e-08;
2085139.0092670558952;1.7788886808034476417e-08;
2085472.3648240929469;1.762579238118178182e-08;
2085805.7203811299987;1.7815468211779261765e-08;
2086139.0759381670505;1.8353865982589923078e-08;
2086472.4314952041022;1.7429744758601373178e-08;
2086805.787052241154;1.7924401518598642724e-08;
2087139.1426092782058;1.7972169530366954859e-08;
2087472.4981663152575;1.7644287808593617228e-08;
2087805.8537233523093;1.7851402134283489431e-08;
2088139.2092803893611;1.9669265327593166148e-08;
2088472.5648374264129;1.8173297533508048218e-08;
2088805.9203944634646;1.834168195102847676e-08;
2089139.2759515005164;2.0018381619024694373e-08;
2089472.6315085375682;2.0462255889697189559e-08;
2089805.9870655746199;3.1802887434650983778e-08;
2090139.3426226116717;4.5178641272514141747e-08;
2090472.6981796487235;2.1870745214869202755e-08;
2090806.0537366857752;1.9541591456118112546e-08;
2091139.409293722827;1.8899932285876275273e-08;
2091472.7648507598788;1.9562886421908842749e-08;
2091806.1204077969305;1.8251650857337153866e-08;
2092139.4759648339823;1.8241106403138473979e-08;
2092472.8315218710341;1.8644556121216737665e-08;
2092806.1870789080858;2.0754521656840552168e-08;
2093139.5426359451376;2.2512585573508658854e-08;
2093472.8981929821894;2.0292148406042542774e-08;
2093806.2537500192411;1.9180090404802285775e-08;
2094139.6093070562929;1.8511691735056956531e-08;
2094472.9648640933447;1.8199431295329304703e-08;
2094806.3204211303964;1.8889144470790597552e-08;
2095139.6759781674482;1.8195914108787292207e-08;
2095473.0315352045;1.707635455261424795e-08;
2095806.3870922415517;1.6928593637999256316e-08;
2096139.7426492786035;1.949317862681709812e-08;
2096473.0982063156553;1.9461014133526077785e-08;
2096806.453763352707;1.9250403937576265889e-08;
2097139.8093203897588;2.8648319272406297387e-08;
2097473.1648774268106;2.6392129370833572466e-08;
2097806.5204344638623;1.8502426257782644825e-08;
2098139.8759915009141;1.9418838093088197638e-08;
2098473.2315485379659;1.824940731864899135e-08;
2098806.5871055750176;2.1468343547326185217e-08;
2099139.9426626120694;2.4244190655053898809e-08;
2099473.2982196491212;5.3352096074377186596e-08;
2099806.6537766861729;5.0705875054291027482e-08;
2100140.0093337232247;2.7250880663132193149e-08;
2100473.3648907602765;1.9821088770299866155e-08;
2100806.7204477973282;1.7996022450006421423e-08;
2101140.07600483438;1.774933622300522984e-08;
2101473.4315618714318;1.7308000366256237612e-08;
2101806.7871189084835;1.8071167673383570218e-08;
2102140.1426759455353;1.6621619636225659633e-08;
2102473.4982329825871;1.7420898501541159931e-08;
2102806.8537900196388;1.802345295232044009e-08;
2103140.2093470566906;1.685769746018195292e-08;
2103473.5649040937424;1.6436423777577147121e-08;
2103806.9204611307941;1.7516983419341158879e-08;
2104140.2760181678459;1.7790574347031906655e-08;
2104473.6315752048977;1.6980777672870317474e-08;
2104806.9871322419494;1.6909988076463378093e-08;
2105140.3426892790012;1.7410618724511550681e-08;
2105473.698246316053;1.6599676300188548339e-08;
2105807.0538033531047;1.6790753676332315081e-08;
2106140.4093603901565;1.6640640865261957515e-08;
2106473.7649174272083;1.699620710837734805e-08;
2106807.12047446426;1.553258499598086928e-08;
2107140.4760315013118;1.7177688604874674638e-08;
2107473.8315885383636;1.690897732942175935e-08;
2107807.1871455754153;1.598201748720384785e-08;
2108140.5427026124671;1.7067897317701863358e-08;
2108473.8982596495189;1.7099619498139873031e-08;
2108807.2538166865706;1.703925711638021312e-08;
2109140.6093737236224;1.8883902441757527413e-08;
2109473.9649307606742;2.0661538258082146058e-08;
2109807.3204877977259;1.7838518218127319415e-08;
2110140.6760448347777;1.607123856217640423e-08;
2110474.0316018718295;1.6549421388845075853e-08;
2110807.3871589088812;1.7296875043371073843e-08;
2111140.742715945933;2.4489079208933617338e-08;
2111474.0982729829848;1.7201243096565121959e-08;
2111807.4538300200365;1.6728600726878539717e-08;
2112140.8093870570883;1.8307719784615983372e-08;
2112474.1649440941401;1.6316972661911677278e-08;
2112807.5205011311918;1.7451222689146561606e-08;
2113140.8760581682436;1.6771974031826175633e-08;
2113474.2316152052954;1.6875414843298131018e-08;
2113807.5871722423472;1.7034018640060821781e-08;
2114140.9427292793989;1.6263715707509618369e-08;
2114474.2982863164507;1.6331540564351598732e-08;
2114807.6538433535025;1.5559757926553174912e-08;
2115141.0094003905542;1.6090561771875400154e-08;
2115474.364957427606;1.6327868834764558414e-08;
2115807.7205144646578;1.6018388393490567978e-08;
2116141.0760715017095;2.0402886491410754388e-08;
2116474.4316285387613;1.6639090105741161096e-08;
2116807.7871855758131;1.7519106165764242178e-08;
2117141.1427426128648;1.7362024706812917429e-08;
2117474.4982996499166;1.4918315471845744469e-08;
2117807.8538566869684;1.7218747316860572028e-08;
2118141.2094137240201;1.6440523609162482899e-08;
2118474.5649707610719;1.674003691221059853e-08;
2118807.9205277981237;1.6404058555963274557e-08;
2119141.2760848351754;1.6740507646773039596e-08;
2119474.6316418722272;1.6500997901403025026e-08;
2119807.987198909279;1.7327288048818445532e-08;
2120141.3427559463307;1.5493396787746860355e-08;
2120474.6983129833825;1.712550279364677408e-08;
2120808.0538700204343;1.5780752704586120672e-08;
2121141.409427057486;1.6365833133136220567e-08;
2121474.7649840945378;1.5718251589191822859e-08;
2121808.1205411315896;1.5962038801831113233e-08;
2122141.4760981686413;1.5644946671500292723e-08;
2122474.8316552056931;1.523030945804748626e-08;
2122808.1872122427449;1.6253233425800317491e-08;
2123141.5427692797966;1.5095155347921718203e-08;
2123474.8983263168484;1.4589113916940732452e-08;
2123808.2538833539002;1.450037512285007324e-08;
2124141.6094403909519;1.6115002665628708201e-08;
2124474.9649974280037;1.5593471403008152265e-08;
2124808.3205544650555;1.6406739078433929535e-08;
2125141.6761115021072;1.66419553693231137e-08;
2125475.031668539159;1.6551688020172150573e-08;
2125808.3872255762108;1.6101672883905848721e-08;
2126141.7427826132625;1.6318434603590503684e-08;
2126475.0983396503143;1.6301044070132775232e-08;
2126808.4538966873661;1.789033099441894592e-08;
2127141.8094537244178;2.220461148283447983e-08;
2127475.1650107614696;1.935991100765477313e-08;
2127808.5205677985214;1.7141214669891269295e-08;
2128141.8761248355731;1.7859527190466906177e-08;
2128475.2316818726249;1.7208558134029772191e-08;
2128808.5872389096767;1.5803058417418469617e-08;
2129141.9427959467284;1.6569435601354598475e-08;
2129475.2983529837802;1.7648380534751595405e-08;
2129808.653910020832;1.6846417594251761329e-08;
2130142.0094670578837;1.5889465743157416e-08;
2130475.3650240949355;1.6389599011290556518e-08;
2130808.7205811319873;1.7118464867849070288e-08;
2131142.076138169039;1.5693750299305975204e-08;
2131475.4316952060908;1.646627723062010773e-08;
2131808.7872522431426;1.625017809203654906e-08;
2132142.1428092801943;1.6364396060453145765e-08;
2132475.4983663172461;1.8136907087296094687e-08;
2132808.8539233542979;1.8949901203768604319e-08;
2133142.2094803913496;1.7662648232885658217e-08;
2133475.5650374284014;1.6582655248953415139e-08;
2133808.9205944654532;1.7192904877560977184e-08;
2134142.2761515025049;1.7716345723783888388e-08;
2134475.6317085395567;2.0489773433496338839e-08;
2134808.9872655766085;2.2800865195904407301e-08;
2135142.3428226136602;6.6156054856492119143e-08;
2135475.698379650712;4.204552439546205278e-08;
2135809.0539366877638;2.3172040286567607836e-08;
2136142.4094937248155;1.932409787741562468e-08;
2136475.7650507618673;1.7344708780342443788e-08;
2136809.1206077989191;1.7828742926440099836e-08;
2137142.4761648359708;1.8133656354279992229e-08;
2137475.8317218730226;1.7623532855282064702e-08;
2137809.1872789100744;1.7956454101408780843e-08;
2138142.5428359471262;1.7756041970073965786e-08;
2138475.8983929841779;1.7295205267942037608e-08;
2138809.2539500212297;1.7803580831809995288e-08;
2139142.6095070582815;1.6674233549451855652e-08;
2139475.9650640953332;1.6960742144078722049e-08;
2139809.320621132385;1.7520152439942648925e-08;
2140142.6761781694368;1.6508449718344309076e-08;
2140476.0317352064885;1.6986028583687584614e-08;
2140809.3872922435403;1.7212064662430748285e-08;
2141142.7428492805921;1.6824708737317450868e-08;
2141476.0984063176438;1.5777066764144365152e-08;
2141809.4539633546956;1.5654514129437302472e-08;
2142142.8095203917474;1.7417379538642308034e-08;
2142476.1650774287991;1.6580120387743590982e-08;
2142809.5206344658509;2.049268843506979465e-08;
2143142.8761915029027;1.7653217554425282287e-08;
2143476.2317485399544;1.6366380251042755845e-08;
2143809.5873055770062;1.6752833786881637934e-08;
2144142.942862614058;1.6357038390424349927e-08;
2144476.2984196511097;1.6686481529859520379e-08;
2144809.6539766881615;1.5779450635022840288e-08;
2145143.0095337252133;1.6106058708942327939e-08;
2145476.365090762265;1.5625664318008603004e-08;
2145809.7206477993168;1.5447032097881674417e-08;
2146143.0762048363686;1.5045806378566339845e-08;
2146476.4317618734203;1.5726234536828087585e-08;
2146809.7873189104721;1.6174533712387528794e-08;
2147143.1428759475239;1.4477314458360979188e-08;
2147476.4984329845756;1.5234377315209712833e-08;
2147809.8539900216274;1.5304333800258973497e-08;
2148143.2095470586792;1.5343772474807337858e-08;
2148476.5651040957309;1.4591344132952599466e-08;
2148809.9206611327827;1.5082802562460528861e-08;
2149143.2762181698345;1.593315523962246516e-08;
2149476.6317752068862;1.4899667277745720639e-08;
2149809.987332243938;1.4099517109400494519e-08;
2150143.3428892809898;1.5353236904047662392e-08;
2150476.6984463180415;1.5223621474547144317e-08;
2150810.0540033550933;1.5807668063416713267e-08;
2151143.4095603921451;1.5601937519704733859e-08;
2151476.7651174291968;1.5684104681668031844e-08;
2151810.1206744662486;1.5459031388331823109e-08;
2152143.4762315033004;1.5501781192028829537e-08;
2152476.8317885403521;1.6466074725940416101e-08;
2152810.1873455774039;1.3821560784776920627e-08;
2153143.5429026144557;1.4658631641850661254e-08;
2153476.8984596515074;1.5090328986389067722e-08;
2153810.2540166885592;1.4987927343668161484e-08;
2154143.609573725611;1.4752304267062754661e-08;
2154476.9651307626627;1.5444019396682051593e-08;
2154810.3206877997145;1.4096322331624833168e-08;
2155143.6762448367663;1.4920489732617170375e-08;
2155477.031801873818;1.4884336430043276778e-08;
2155810.3873589108698;1.3656905828440812911e-08;
2156143.7429159479216;1.4316865026842151565e-08;
2156477.0984729849733;1.5155285026935416681e-08;
2156810.4540300220251;1.4623806166014219343e-08;
2157143.8095870590769;1.4974663287148359814e-08;
2157477.1651440961286;1.4423978456079566968e-08;
2157810.5207011331804;1.4878219545266802015e-08;
2158143.8762581702322;1.5135755759843050328e-08;
2158477.2318152072839;1.4237483192403033172e-08;
2158810.5873722443357;1.4719324425982449611e-08;
2159143.9429292813875;1.4381926760620444838e-08;
2159477.2984863184392;1.5434988398510540719e-08;
2159810.654043355491;1.5338706305101368343e-08;
2160144.0096003925428;1.5472071623889860348e-08;
2160477.3651574295945;1.4759147681786544126e-08;
2160810.7207144666463;1.397930837754302047e-08;
2161144.0762715036981;1.4999068653764879855e-08;
2161477.4318285407498;1.4876310849842866446e-08;
2161810.7873855778016;1.6377740053030720446e-08;
2162144.1429426148534;1.8999434914235280303e-08;
2162477.4984996519051;1.8097949805451207794e-08;
2162810.8540566889569;1.7798232221366561134e-08;
2163144.2096137260087;1.5855782464768708451e-08;
2163477.5651707630605;1.5193938551760766131e-08;
2163810.9207278001122;1.5381177220774588932e-08;
2164144.276284837164;1.4121827263124941965e-08;
2164477.6318418742158;1.5120022567316482309e-08;
2164810.9873989112675;1.4012303317656460422e-08;
2165144.3429559483193;1.4843549500653807627e-08;
2165477.6985129853711;1.5011167420198034961e-08;
2165811.0540700224228;1.4334405662452809338e-08;
2166144.4096270594746;1.4986925478410739743e-08;
2166477.7651840965264;1.5220841476093482925e-08;
2166811.1207411335781;1.4989005592269677436e-08;
2167144.4762981706299;1.5531220753928209888e-08;
2167477.8318552076817;1.5010931164738394727e-08;
2167811.1874122447334;1.5224932425894621701e-08;
2168144.5429692817852;1.5973062872376431187e-08;
2168477.898526318837;1.5678704556876255083e-08;
2168811.2540833558887;1.5573240474964222813e-08;
2169144.6096403929405;1.5534249442339387315e-08;
2169477.9651974299923;1.4753211097229268489e-08;
2169811.320754467044;1.635393509502591769e-08;
2170144.6763115040958;1.7018644271615812613e-08;
2170478.0318685411476;2.5726263785941227979e-08;
2170811.3874255781993;7.9292846066891797818e-08;
2171144.7429826152511;3.0400368444816194824e-08;
2171478.0985396523029;1.9287028862891020253e-08;
2171811.4540966893546;1.6117521539626977756e-08;
2172144.8096537264064;1.499108748248545453e-08;
2172478.1652107634582;1.4355119759557055659e-08;
2172811.5207678005099;1.3916092278520864056e-08;
2173144.8763248375617;1.3284732425233869435e-08;
2173478.2318818746135;1.505910596222292952e-08;
2173811.5874389116652;1.3893594719149859884e-08;
2174144.942995948717;1.3968187495549955202e-08;
2174478.2985529857688;1.3870500303880817228e-08;
2174811.6541100228205;1.8686954206259542843e-08;
2175145.0096670598723;1.5165511513259843923e-08;
2175478.3652240969241;1.4109676094165024551e-08;
2175811.7207811339758;1.3954036148788873106e-08;
2176145.0763381710276;1.5313370127501002571e-08;
2176478.4318952080794;1.532243842916614085e-08;
2176811.7874522451311;1.4072742082760214544e-08;
2177145.1430092821829;1.5159065114289660414e-08;
2177478.4985663192347;1.4022818461967290204e-08;
2177811.8541233562864;1.3991813929692398233e-08;
2178145.2096803933382;1.4337150133769682725e-08;
2178478.56523743039;1.3718125302375483443e-08;
2178811.9207944674417;1.3427857936676446116e-08;
2179145.2763515044935;1.5091469407479962683e-08;
2179478.6319085415453;1.7571689880924168392e-08;
2179811.987465578597;1.7387572270877171832e-08;
2180145.3430226156488;1.4625244126875713846e-08;
2180478.6985796527006;1.4302334427895857516e-08;
2180812.0541366897523;1.3928565856247132615e-08;
2181145.4096937268041;1.3916873875530200166e-08;
2181478.7652507638559;1.3804962506469564687e-08;
2181812.1208078009076;1.4037483175854958972e-08;
2182145.4763648379594;1.4032157658050437021e-08;
2182478.8319218750112;1.3483998806407271331e-08;
2182812.1874789120629;1.3517131414175764803e-08;
2183145.5430359491147;1.3797083475708404876e-08;
2183478.8985929861665;1.4810912496443506825e-08;
2183812.2541500232182;1.3643573382182694331e-08;
2184145.60970706027;1.4795230818265281414e-08;
2184478.9652640973218;1.3601693105158574326e-08;
2184812.3208211343735;1.3296149070640694845e-08;
2185145.6763781714253;1.2838841101370235265e-08;
2185479.0319352084771;1.4042416118797973468e-08;
2185812.3874922455288;1.3834459799966225546e-08;
2186145.7430492825806;1.2698781581832463417e-08;
2186479.0986063196324;1.3732012860145914601e-08;
2186812.4541633566841;1.3904338125314552599e-08;
2187145.8097203937359;1.3734087644934334094e-08;
2187479.1652774307877;1.3528177689181575261e-08;
2187812.5208344678394;1.3166172152523358818e-08;
2188145.8763915048912;1.3090042827457182284e-08;
2188479.231948541943;1.3570808476970341871e-08;
2188812.5875055789948;1.2756355083354264934e-08;
2189145.9430626160465;1.2588258435641819233e-08;
2189479.2986196530983;1.3849755120531881403e-08;
2189812.6541766901501;1.3551820998713992594e-08;
2190146.0097337272018;1.2958687456432471663e-08;
2190479.3652907642536;1.3565445655672192515e-08;
2190812.7208478013054;1.3852212710219191649e-08;
2191146.0764048383571;1.3925800956826606125e-08;
2191479.4319618754089;1.3823163058646059653e-08;
2191812.7875189124607;1.417676021020497501e-08;
2192146.1430759495124;1.4005536286276765168e-08;
2192479.4986329865642;1.4420177940621670132e-08;
2192812.854190023616;1.4254826652404517517e-08;
2193146.2097470606677;1.3254241260085564136e-08;
2193479.5653040977195;1.3835747658674790728e-08;
2193812.9208611347713;1.4305073570142212702e-08;
2194146.276418171823;1.364781621049360183e-08;
2194479.6319752088748;1.3258223852119499497e-08;
2194812.9875322459266;1.2782691349855213048e-08;
2195146.3430892829783;1.4883186238989765116e-08;
2195479.6986463200301;1.5060376057363100699e-08;
2195813.0542033570819;1.53788271006760624e-08;
2196146.4097603941336;1.3418048006030858232e-08;
2196479.7653174311854;1.4533910963621110568e-08;
2196813.1208744682372;1.4455052266271195549e-08;
2197146.4764315052889;1.4178503704442846356e-08;
2197479.8319885423407;1.4311382301457342692e-08;
2197813.1875455793925;1.3623909111970533559e-08;
2198146.5431026164442;1.4432748329795686004e-08;
2198479.898659653496;1.4089093447466893849e-08;
2198813.2542166905478;1.3195022852130477986e-08;
2199146.6097737275995;1.3655394148770483298e-08;
2199479.9653307646513;1.4577201667975714372e-08;
2199813.3208878017031;1.3961956035757339123e-08;
2200146.6764448387548;1.5459493241110067174e-08;
2200480.0320018758066;1.3682048383145684056e-08;
2200813.3875589128584;1.3694744893655297346e-08;
2201146.7431159499101;1.3257664299715088418e-08;
2201480.0986729869619;1.391753468027445706e-08;
2201813.4542300240137;1.3774100970920244436e-08;
2202146.8097870610654;1.4890848554216518096e-08;
2202480.1653440981172;1.4765086042700659164e-08;
2202813.520901135169;1.4118155533537901647e-08;
2203146.8764581722207;1.3698185696853215632e-08;
2203480.2320152092725;1.5383852414174725709e-08;
2203813.5875722463243;1.4860796149207544659e-08;
2204146.943129283376;1.4005831161512105609e-08;
2204480.2986863204278;1.4271564374723766377e-08;
2204813.6542433574796;1.3310849311665151617e-08;
2205147.0098003945313;1.4305475914966336859e-08;
2205480.3653574315831;1.4555348037958992791e-08;
2205813.7209144686349;1.6793318735608409042e-08;
2206147.0764715056866;2.7810139968664771004e-08;
2206480.4320285427384;7.1942110935196978971e-08;
2206813.7875855797902;2.2969436130892972869e-08;
2207147.1431426168419;1.6496592536441312404e-08;
2207480.4986996538937;1.4203158649195302132e-08;
2207813.8542566909455;1.2616374611695846397e-08;
2208147.2098137279972;1.3169965562553898053e-08;
2208480.565370765049;1.2544482785870059161e-08;
2208813.9209278021008;1.2537124227662843623e-08;
2209147.2764848391525;1.2542124672165755328e-08;
2209480.6320418762043;1.283313633138050136e-08;
2209813.9875989132561;1.2892338752124032908e-08;
2210147.3431559503078;1.3301966639289730665e-08;
2210480.6987129873596;1.2607357824379050726e-08;
2210814.0542700244114;1.2371155655443999422e-08;
2211147.4098270614631;1.2209164346188572381e-08;
2211480.7653840985149;1.2100054291863671097e-08;
2211814.1209411355667;1.2229384616091465432e-08;
2212147.4764981726184;1.216185552266324521e-08;
2212480.8320552096702;1.2155489947929254413e-08;
2212814.187612246722;1.217752565452201452e-08;
2213147.5431692837738;1.1628434215538163699e-08;
2213480.8987263208255;1.2676804495015403518e-08;
2213814.2542833578773;1.273859684403078063e-08;
2214147.6098403949291;1.1817442135964029148e-08;
2214480.9653974319808;1.2418711392570003227e-08;
2214814.3209544690326;1.2264885107526879438e-08;
2215147.6765115060844;1.2725109854727634229e-08;
2215481.0320685431361;1.2516130354356391763e-08;
2215814.3876255801879;1.3005645449482017284e-08;
2216147.7431826172397;1.2291134332542696939e-08;
2216481.0987396542914;1.2522332504261157737e-08;
2216814.4542966913432;1.3083444549977230054e-08;
2217147.809853728395;1.5086751403714515618e-08;
2217481.1654107654467;1.2459377529694393161e-08;
2217814.5209678024985;1.2464084875318803824e-08;
2218147.8765248395503;1.2070056065738299367e-08;
2218481.232081876602;1.2051347475505735929e-08;
2218814.5876389136538;1.185866072006547256e-08;
2219147.9431959507056;1.2195465970421537349e-08;
2219481.2987529877573;1.1453992421195380302e-08;
2219814.6543100248091;1.216057388120361793e-08;
2220148.0098670618609;1.1686512202402354887e-08;
2220481.3654240989126;1.1740239891366854863e-08;
2220814.7209811359644;1.1694172741272268468e-08;
2221148.0765381730162;1.2115432213022359065e-08;
2221481.4320952100679;1.2038206875786272576e-08;
2221814.7876522471197;1.2354519185464596376e-08;
2222148.1432092841715;1.2063230414582903904e-08;
2222481.4987663212232;1.197554055920591054e-08;
2222814.854323358275;1.2264711912735037913e-08;
2223148.2098803953268;1.2262407089735916088e-08;
2223481.5654374323785;1.1846854164332398796e-08;
2223814.9209944694303;1.211277211865535719e-08;
2224148.2765515064821;1.2768349932912315126e-08;
2224481.6321085435338;1.2091256884616541356e-08;
2224814.9876655805856;1.2864036946780288417e-08;
2225148.3432226176374;1.2127079784818306507e-08;
2225481.6987796546891;1.1917930642368901317e-08;
2225815.0543366917409;1.2247293845746298757e-08;
2226148.4098937287927;1.2019357953363396518e-08;
2226481.7654507658444;1.2087009615413535357e-08;
2226815.1210078028962;1.2628992074326106376e-08;
2227148.476564839948;1.1904141672403056873e-08;
2227481.8321218769997;1.1946102773663369589e-08;
2227815.1876789140515;1.1626207552239975485e-08;
2228148.5432359511033;1.1044355652245485544e-08;
2228481.898792988155;1.2248886349652821082e-08;
2228815.2543500252068;1.218178358186605692e-08;
2229148.6099070622586;1.1574059044505702332e-08;
2229481.9654640993103;1.2348508882098485628e-08;
2229815.3210211363621;1.1926936771544660587e-08;
2230148.6765781734139;1.1899332186260380695e-08;
2230482.0321352104656;1.1962566937029350811e-08;
2230815.3876922475174;1.2820675188152108603e-08;
2231148.7432492845692;1.2725646314493133104e-08;
2231482.0988063216209;1.3027253942254901631e-08;
2231815.4543633586727;1.234078883527445214e-08;
2232148.8099203957245;1.3079399785453915683e-08;
2232482.1654774327762;1.3275657018141373555e-08;
2232815.521034469828;1.2096355916924039775e-08;
2233148.8765915068798;1.1509541764098685235e-08;
2233482.2321485439315;1.1987158821114007878e-08;
2233815.5877055809833;1.2953361938627949712e-08;
2234148.9432626180351;1.1885773254505238583e-08;
2234482.2988196550868;1.2249467218339304964e-08;
2234815.6543766921386;1.1973520841479512455e-08;
2235149.0099337291904;1.2284507633353314304e-08;
2235482.3654907662421;1.1490228324362306012e-08;
2235815.7210478032939;1.194887300215441428e-08;
2236149.0766048403457;1.192752385748008237e-08;
2236482.4321618773974;1.1764911711509284942e-08;
2236815.7877189144492;1.1442468306199771177e-08;
2237149.143275951501;1.1738507055270019919e-08;
2237482.4988329885527;1.2319777198399606277e-08;
2237815.8543900256045;1.1360688390027462447e-08;
2238149.2099470626563;1.1271787059285998112e-08;
2238482.5655040997081;1.1559144752482097829e-08;
2238815.9210611367598;1.3499950490825085581e-08;
2239149.2766181738116;1.1712943503994210914e-08;
2239482.6321752108634;1.2350548139750117116e-08;
2239815.9877322479151;1.1543296096760968794e-08;
2240149.3432892849669;1.1761419393963024049e-08;
2240482.6988463220187;1.128418958273869066e-08;
2240816.0544033590704;1.2170682239798225055e-08;
2241149.4099603961222;1.2921520742281700223e-08;
2241482.765517433174;1.5452243928848474752e-08;
2241816.1210744702257;3.5229977157769098994e-08;
2242149.4766315072775;5.0715584620775189251e-08;
2242482.8321885443293;1.684961326020584238e-08;
2242816.187745581381;1.3391814768226595334e-08;
2243149.5433026184328;1.1734033300569990388e-08;
2243482.8988596554846;1.2458939657733480999e-08;
2243816.2544166925363;1.2283191352935318719e-08;
2244149.6099737295881;1.1858993786972860107e-08;
2244482.9655307666399;1.1988843695576179016e-08;
2244816.3210878036916;1.1005310440737048339e-08;
2245149.6766448407434;1.1514840636550616182e-08;
2245483.0322018777952;1.1319570170087445149e-08;
2245816.3877589148469;1.1827182788692880422e-08;
2246149.7433159518987;1.1611348327278392389e-08;
2246483.0988729889505;1.1202458516379465436e-08;
2246816.4544300260022;1.2273721594624475983e-08;
2247149.809987063054;1.1999631510661856737e-08;
2247483.1655441001058;1.2262191262379928958e-08;
2247816.5211011371575;1.1933853016898865462e-08;
2248149.8766581742093;1.1589848192272711458e-08;
2248483.2322152112611;1.1885940232048142207e-08;
2248816.5877722483128;1.1158972412772527605e-08;
2249149.9433292853646;1.2234950830247726117e-08;
2249483.2988863224164;1.2011252437105213176e-08;
2249816.6544433594681;1.2697397799854570621e-08;
2250150.0100003965199;1.248461778402543132e-08;
2250483.3655574335717;1.0837855946022045828e-08;
2250816.7211144706234;1.1583701109429966891e-08;
2251150.0766715076752;1.1701303037625621073e-08;
2251483.432228544727;1.2128613668949128623e-08;
2251816.7877855817787;1.1730385551800281974e-08;
2252150.1433426188305;1.1792825382883620478e-08;
2252483.4988996558823;1.1563755286658761179e-08;
2252816.854456692934;1.1383303188949867035e-08;
2253150.2100137299858;1.1743746419767830957e-08;
2253483.5655707670376;1.1255997023340569285e-08;
2253816.9211278040893;1.155177642431226559e-08;
2254150.2766848411411;1.137546679075285283e-08;
2254483.6322418781929;1.1428707757943357137e-08;
2254816.9877989152446;1.163724139274791014e-08;
2255150.3433559522964;1.1275590239279154048e-08;
2255483.6989129893482;1.2655176462317285768e-08;
2255817.0544700263999;1.2160850992870564369e-08;
2256150.4100270634517;1.1976298175397914747e-08;
2256483.7655841005035;1.1634073260324839794e-08;
2256817.1211411375552;1.2106134761324938154e-08;
2257150.476698174607;1.1700337587683407037e-08;
2257483.8322552116588;1.255107306974423409e-08;
2257817.1878122487105;1.173504315943318943e-08;
2258150.5433692857623;1.196851595608450225e-08;
2258483.8989263228141;1.1920213260907530639e-08;
2258817.2544833598658;1.1992782766867549071e-08;
2259150.6100403969176;1.1669730959340540721e-08;
2259483.9655974339694;1.2257819648198164941e-08;
2259817.3211544710211;1.185972298145543391e-08;
2260150.6767115080729;1.1263058041777185281e-08;
2260484.0322685451247;1.1821429168890063011e-08;
2260817.3878255821764;1.160092910623689022e-08;
2261150.7433826192282;1.1872501204379659612e-08;
2261484.09893965628;1.2925561065912916092e-08;
2261817.4544966933317;1.3436093126983905677e-08;
2262150.8100537303835;1.343540834142231688e-08;
2262484.1656107674353;1.1481269268642790848e-08;
2262817.521167804487;1.1554434742322428065e-08;
2263150.8767248415388;1.1327825788498557813e-08;
2263484.2322818785906;1.1923501297417260503e-08;
2263817.5878389156424;1.1644583075565151375e-08;
2264150.9433959526941;1.5111206508322538866e-08;
2264484.2989529897459;1.5230764205398372724e-08;
2264817.6545100267977;1.2694587603334639425e-08;
2265151.0100670638494;1.1831338575518657308e-08;
2265484.3656241009012;1.1894274898338608182e-08;
2265817.721181137953;1.0996034305321700231e-08;
2266151.0767381750047;1.2099267365783816786e-08;
2266484.4322952120565;1.1270876676405805483e-08;
2266817.7878522491083;1.2144178107575953618e-08;
2267151.14340928616;1.1818936940244384459e-08;
2267484.4989663232118;1.124496851190315283e-08;
2267817.8545233602636;1.1330432592160377681e-08;
2268151.2100803973153;1.1574059044505702332e-08;
2268484.5656374343671;1.164894136707061989e-08;
2268817.9211944714189;1.2316596631478660129e-08;
2269151.2767515084706;1.157355100644963386e-08;
2269484.6323085455224;1.1307506042612658348e-08;
2269817.9878655825742;1.2353347678129011911e-08;
2270151.3434226196259;1.1677339095683691994e-08;
2270484.6989796566777;1.0971992203678837541e-08;
2270818.0545366937295;1.1675246547326878499e-08;
2271151.4100937307812;1.149113693088565924e-08;
2271484.765650767833;1.1330731908287816623e-08;
2271818.1212078048848;1.1628107365879714052e-08;
2272151.4767648419365;1.1924527143492014147e-08;
2272484.8323218789883;1.1462326199307426577e-08;
2272818.1878789160401;1.1111612963077277527e-08;
2273151.5434359530918;1.084063594447570722e-08;
2273484.8989929901436;1.1451316339616823825e-08;
2273818.2545500271954;1.1036210167958415695e-08;
2274151.6101070642471;1.1733827243176619959e-08;
2274484.9656641012989;1.0868132171992783697e-08;
2274818.3212211383507;1.2866771648134545103e-08;
2275151.6767781754024;1.1603110472435673728e-08;
2275485.0323352124542;1.2089961032302198873e-08;
2275818.387892249506;1.1142947897724297945e-08;
2276151.7434492865577;1.1838677593800639443e-08;
2276485.0990063236095;1.2546862215856435796e-08;
2276818.4545633606613;1.2342089128480893123e-08;
2277151.810120397713;1.5694329391635619686e-08;
2277485.1656774347648;3.3084074146927378024e-08;
2277818.5212344718166;2.6595753155334023177e-08;
2278151.8767915088683;1.5077610271418961929e-08;
2278485.2323485459201;1.3171284507507152739e-08;
2278818.5879055829719;1.183021680617457605e-08;
2279151.9434626200236;1.1615163053591004427e-08;
2279485.2990196570754;1.1617693473908730084e-08;
2279818.6545766941272;1.225213619449050384e-08;
2280152.0101337311789;1.1734321958556392929e-08;
2280485.3656907682307;1.1504670105466630048e-08;
2280818.7212478052825;1.1746655204092348868e-08;
2281152.0768048423342;1.1800617372159649676e-08;
2281485.432361879386;1.1750390882525607594e-08;
2281818.7879189164378;1.1169936087185305951e-08;
2282152.1434759534895;1.1911546415888096817e-08;
2282485.4990329905413;1.1648142894671309477e-08;
2282818.8545900275931;1.130121063397382386e-08;
2283152.2101470646448;1.1193153959254686924e-08;
2283485.5657041016966;1.1440699942966148228e-08;
2283818.9212611387484;1.1390404175415369536e-08;
2284152.2768181758001;1.3237138496435818524e-08;
2284485.6323752128519;1.1811900790803520067e-08;
2284818.9879322499037;1.1377065511908313056e-08;
2285152.3434892869554;1.1281890976988506736e-08;
2285485.6990463240072;1.1615612471871372691e-08;
2285819.054603361059;1.1386303455651614058e-08;
2286152.4101603981107;1.1164226876303473546e-08;
2286485.7657174351625;1.151886674932711685e-08;
2286819.1212744722143;1.285341966195119312e-08;
2287152.476831509266;1.253774062348611551e-08;
2287485.8323885463178;1.1826309709306315199e-08;
2287819.1879455833696;1.2577184627104998071e-08;
2288152.5435026204214;1.3078985894310335425e-08;
2288485.8990596574731;1.1614102568557882478e-08;
2288819.2546166945249;1.2281055283835939917e-08;
2289152.6101737315767;1.2212102440400940395e-08;
2289485.9657307686284;1.2359859802302253229e-08;
2289819.3212878056802;1.2570049889859546965e-08;
2290152.676844842732;1.098688251488511014e-08;
2290486.0324018797837;1.3102604334847001155e-08;
2290819.3879589168355;1.1748491957064288727e-08;
2291152.7435159538873;1.2370634294711635448e-08;
2291486.099072990939;1.2600516186012100661e-08;
2291819.4546300279908;1.255958714807547949e-08;
2292152.8101870650426;1.8257487965911423089e-08;
2292486.1657441020943;1.2013468442262364988e-08;
2292819.5213011391461;1.1673011002244493284e-08;
2293152.8768581761979;1.2012919547998990311e-08;
2293486.2324152132496;1.2811624650055364327e-08;
2293819.5879722503014;2.6465533764508109016e-08;
2294152.9435292873532;1.267618099376477403e-08;
2294486.2990863244049;1.182865805304800233e-08;
2294819.6546433614567;1.1897012264228123968e-08;
2295153.0102003985085;1.1853869885669610085e-08;
2295486.3657574355602;1.1961579282626644272e-08;
2295819.721314472612;1.1723875203983880056e-08;
2296153.0768715096638;1.2780760449970784975e-08;
2296486.4324285467155;1.1479696304661501927e-08;
2296819.7879855837673;1.2787363168342835706e-08;
2297153.1435426208191;1.1744303307636982936e-08;
2297486.4990996578708;1.1919877529464883992e-08;
2297819.8546566949226;1.2058653631186189159e-08;
2298153.2102137319744;1.1965046731177153561e-08;
2298486.5657707690261;1.1995859416913390305e-08;
2298819.9213278060779;1.1534194932494301611e-08;
2299153.2768848431297;1.1798337418156279455e-08;
2299486.6324418801814;1.2074043098664333229e-08;
2299819.9879989172332;1.2499540957833232824e-08;
2300153.343555954285;1.323327936120222148e-08;
2300486.6991129913367;1.1641065000844719179e-08;
2300820.0546700283885;1.2292861839569013682e-08;
2301153.4102270654403;1.1503518138056278985e-08;
2301486.765784102492;1.2986194342090584541e-08;
2301820.1213411395438;1.4376015933237340505e-08;
2302153.4768981765956;1.6947607761608196597e-08;
2302486.8324552136473;1.6111746603542087541e-08;
2302820.1880122506991;1.4020971050854313944e-08;
2303153.5435692877509;1.3082961380916913186e-08;
2303486.8991263248026;1.164284491039779823e-08;
2303820.2546833618544;1.2362877832572394254e-08;
2304153.6102403989062;1.3494449113693463005e-08;
2304486.9657974359579;1.2689237216534365871e-08;
2304820.3213544730097;1.2208285049553069257e-08;
2305153.6769115100615;1.2102115753975795087e-08;
2305487.0324685471132;1.339633204366919017e-08;
2305820.388025584165;1.3346064697827841883e-08;
2306153.7435826212168;1.7655388262483029393e-08;
2306487.0991396582685;1.983509179126485833e-08;
2306820.4546966953203;1.1715763470476758812e-08;
2307153.8102537323721;1.2218819733789132442e-08;
2307487.1658107694238;1.205475630428054501e-08;
2307820.5213678064756;1.1746098316223196889e-08;
2308153.8769248435274;1.2418143846559814847e-08;
2308487.2324818805791;1.2461566889498953969e-08;
2308820.5880389176309;1.1798980459332142345e-08;
2309153.9435959546827;1.1524249998728919309e-08;
2309487.2991529917344;1.1604659455599630746e-08;
2309820.6547100287862;1.1960991308512802789e-08;
2310154.010267065838;1.1364560847937354993e-08;
2310487.3658241028897;1.1039817060520817904e-08;
2310820.7213811399415;1.1989475190432585805e-08;
2311154.0769381769933;1.0825773166800445324e-08;
2311487.432495214045;1.1898893426121048833e-08;
2311820.7880522510968;1.1354123863327458821e-08;
2312154.1436092881486;1.2844616925633545179e-08;
2312487.4991663252003;1.2822161998826686613e-08;
2312820.8547233622521;1.5490021709751999879e-08;
2313154.2102803993039;2.9283288682790953317e-08;
2313487.5658374363557;1.9070862222747564374e-08;
2313820.9213944734074;1.4458353625457220915e-08;
2314154.2769515104592;1.269050731167453705e-08;
2314487.632508547511;1.2109985014774338197e-08;
2314820.9880655845627;1.1765944663011396187e-08;
2315154.3436226216145;1.1633603413940818427e-08;
2315487.6991796586663;1.1398711308174824808e-08;
2315821.054736695718;1.1338038952146689553e-08;
2316154.4102937327698;1.1721095205530218664e-08;
2316487.7658507698216;1.1101935371016224963e-08;
2316821.1214078068733;1.0960606644516701635e-08;
2317154.4769648439251;1.1599849081278534868e-08;
2317487.8325218809769;1.1234147834215946204e-08;
2317821.1880789180286;1.1602723226644684473e-08;
2318154.5436359550804;1.1390985044101853418e-08;
2318487.8991929921322;1.1666143606703371916e-08;
2318821.2547500291839;1.1605699512529099593e-08;
2319154.6103070662357;1.1523379583877613186e-08;
2319487.9658641032875;1.1859243365108795842e-08;
2319821.3214211403392;1.3498479667362062173e-08;
2320154.676978177391;1.8892729158892507257e-08;
2320488.0325352144428;1.7080644454381399555e-08;
2320821.3880922514945;1.2241228475318166602e-08;
2321154.7436492885463;1.1698507940138824779e-08;
2321488.0992063255981;1.1717368408881156938e-08;
2321821.4547633626498;1.1050935277978624072e-08;
2322154.8103203997016;1.1599910365589494177e-08;
2322488.1658774367534;1.1127181842596201022e-08;
2322821.5214344738051;1.1784996978292383574e-08;
2323154.8769915108569;1.1623246365388695267e-08;
2323488.2325485479087;1.1265610666555403441e-08;
2323821.5881055849604;1.1375506758781739336e-08;
2324154.9436626220122;1.1288195267411538225e-08;
2324488.299219659064;1.0929265492620743316e-08;
2324821.6547766961157;1.12745404123870685e-08;
2325155.0103337331675;1.0681427298209200671e-08;
2325488.3658907702193;1.1433286317696911283e-08;
2325821.721447807271;1.1533040300548691448e-08;
2326155.0770048443228;1.3522332587001528736e-08;
2326488.4325618813746;1.5926579166603005433e-08;
2326821.7881189184263;1.3862777592521524639e-08;
2327155.1436759554781;1.1139014155503446091e-08;
2327488.4992329925299;1.107908165209892104e-08;
2327821.8547900295816;1.0915086612328650517e-08;
2328155.2103470666334;1.1748285899670918297e-08;
2328488.5659041036852;1.0847532649904678692e-08;
2328821.9214611407369;1.0867807986869593151e-08;
2329155.2770181777887;9.9212584814267756883e-09;
2329488.6325752148405;1.0565125663219987473e-08;
2329821.9881322518922;1.0570248676344817795e-08;
2330155.343689288944;1.1769707874975665618e-08;
2330488.6992463259958;1.1072038397230699047e-08;
2330822.0548033630475;1.0434753505705884891e-08;
2331155.4103604000993;1.0334509248366430256e-08;
2331488.7659174371511;1.0462874122652010556e-08;
2331822.1214744742028;1.0900216729226031021e-08;
2332155.4770315112546;1.1466192439968381223e-08;
2332488.8325885483064;1.1063308491543466516e-08;
2332822.1881455853581;1.2541419458500513429e-08;
2333155.5437026224099;1.2559498330233509478e-08;
2333488.8992596594617;1.1324742033025358978e-08;
2333822.2548166965134;1.1554434742322428065e-08;
2334155.6103737335652;1.0759698021445274208e-08;
2334488.965930770617;1.0983447040757710056e-08;
2334822.3214878076687;1.1792763210394241469e-08;
2335155.6770448447205;9.7925854092295594455e-09;
2335489.0326018817723;1.0550195383984828368e-08;
2335822.388158918824;1.1323448845246275596e-08;
2336155.7437159558758;1.1273233013753269915e-08;
2336489.0992729929276;1.0236774095062628476e-08;
2336822.4548300299793;1.2265962467949975689e-08;
2337155.8103870670311;1.2280688466148603766e-08;
2337489.1659441040829;1.1526234189318529388e-08;
2337822.5215011411346;1.027042184631454802e-08;
2338155.8770581781864;1.1276144462613046926e-08;
2338489.2326152152382;1.0150424500920962601e-08;
2338822.58817225229;1.0633423919159668003e-08;
2339155.9437292893417;1.0662510874226427404e-08;
2339489.2992863263935;1.0524075833018287085e-08;
2339822.6548433634453;1.093744828040144057e-08;
2340156.010400400497;1.1098991059554919048e-08;
2340489.3659574375488;1.0810227379920434032e-08;
2340822.7215144746006;1.0575524456157836539e-08;
2341156.0770715116523;1.0719474197173894936e-08;
2341489.4326285487041;1.0819365847680728621e-08;
2341822.7881855857559;1.0492509083803724934e-08;
2342156.1437426228076;1.1034949842780861218e-08;
2342489.4992996598594;1.052446396698769604e-08;
2342822.8548566969112;1.155319662160536609e-08;
2343156.2104137339629;1.1080950379493970104e-08;
2343489.5659707710147;1.0574706443833292724e-08;
2343822.9215278080665;1.0326542287941720133e-08;
2344156.2770848451182;1.096305179970613608e-08;
2344489.63264188217;1.0361813629344851506e-08;
2344822.9881989192218;1.0546581385995068558e-08;
2345156.3437559562735;1.0518697024508583127e-08;
2345489.6993129933253;1.0941849204471054691e-08;
2345823.0548700303771;1.0964361862875193765e-08;
2346156.4104270674288;1.0904698477531837852e-08;
2346489.7659841044806;1.0285118534625325992e-08;
2346823.1215411415324;1.0663878668992765597e-08;
2347156.4770981785841;1.1209702499570539658e-08;
2347489.8326552156359;1.1038149061448621069e-08;
2347823.1882122526877;1.108503955293826948e-08;
2348156.5437692897394;1.258071957721540457e-08;
2348489.8993263267912;1.8454480610330392665e-08;
2348823.254883363843;3.7984051459716283716e-08;
2349156.6104404008947;1.6644733591419935692e-08;
2349489.9659974379465;1.2756378175993177138e-08;
2349823.3215544749983;1.0998488342295331677e-08;
2350156.67711151205;1.1145101730392070749e-08;
2350490.0326685491018;1.1298789459601721319e-08;
2350823.3882255861536;1.1345052008948641742e-08;
2351156.7437826232053;1.0294590957471427828e-08;
2351490.0993396602571;1.0790437876551095542e-08;
2351823.4548966973089;1.1296209301292492455e-08;
2352156.8104537343606;1.0943963957288360689e-08;
2352490.1660107714124;1.0638692593545329146e-08;
2352823.5215678084642;1.1257420773347348586e-08;
2353156.8771248455159;1.0445115883328526252e-08;
2353490.2326818825677;1.0808403949624789675e-08;
2353823.5882389196195;1.1270480548830619227e-08;
2354156.9437959566712;1.0896139102101187746e-08;
2354490.299352993723;1.08036202206562848e-08;
2354823.6549100307748;1.0245085668714182248e-08;
2355157.0104670678265;1.0176849585263880726e-08;
2355490.3660241048783;1.0342009915120797814e-08;
2355823.7215811419301;1.1017265322266212024e-08;
2356157.0771381789818;1.1365599128509984439e-08;
2356490.4326952160336;1.0204257883117406891e-08;
2356823.7882522530854;1.1136489952434658335e-08;
2357157.1438092901371;1.2040449526296015392e-08;
2357490.4993663271889;1.0524205507067563303e-08;
2357823.8549233642407;1.0181785192742154322e-08;
2358157.2104804012924;1.0396548510982484004e-08;
2358490.5660374383442;1.0953542073366406839e-08;
2358823.921594475396;1.0503297787067822355e-08;
2359157.2771515124477;1.0959894325424102135e-08;
2359490.6327085494995;1.072964739279314017e-08;
2359823.9882655865513;1.0284938234406126867e-08;
2360157.343822623603;1.0628045110649964045e-08;
2360490.6993796606548;1.0333274680363047082e-08;
2360824.0549366977066;1.0628829372194559255e-08;
2361157.4104937347583;1.0417737783541269891e-08;
2361490.7660507718101;1.0499183744627771375e-08;
2361824.1216078088619;1.0250234439013183874e-08;
2362157.4771648459136;1.0698516739182650781e-08;
2362490.8327218829654;1.0684241935621230368e-08;
2362824.1882789200172;1.0862005517253692233e-08;
2363157.5438359570689;1.0981247910990532546e-08;
2363490.8993929941207;1.075077982193306525e-08;
2363824.2549500311725;1.0662791538607052644e-08;
2364157.6105070682243;1.0416017381942310749e-08;
2364490.966064105276;1.0469732636408934923e-08;
2364824.3216211423278;1.0033433639478062105e-08;
2365157.6771781793796;1.0145041251519160141e-08;
2365491.0327352164313;1.0209277867545551999e-08;
2365824.3882922534831;1.0396858485250959347e-08;
2366157.7438492905349;1.0160415619964169309e-08;
2366491.0994063275866;1.0297557473393226246e-08;
2366824.4549633646384;1.319590392512282051e-08;
2367157.8105204016902;1.0836542330139309342e-08;
2367491.1660774387419;1.0609297440566933801e-08;
2367824.5216344757937;1.0066465883085129462e-08;
2368157.8771915128455;1.0315862830623245827e-08;
2368491.2327485498972;1.0415285522924477846e-08;
2368824.588305586949;1.0648378179212159012e-08;
2369157.9438626240008;9.7116714670164583367e-09;
2369491.2994196610525;1.1118427956091636588e-08;
2369824.6549766981043;1.0504829006663385371e-08;
2370158.0105337351561;1.0972415864785034501e-08;
2370491.3660907722078;1.0232063196724539011e-08;
2370824.7216478092596;1.0858113519418566284e-08;
2371158.0772048463114;1.0680413886632322829e-08;
2371491.4327618833631;1.0891220370012888452e-08;
2371824.7883189204149;1.4347883769971758738e-08;
2372158.1438759574667;1.6735832275571738137e-08;
2372491.4994329945184;1.2825113415715350129e-08;
2372824.8549900315702;1.2085756395663338481e-08;
2373158.210547068622;1.1233950658606772777e-08;
2373491.5661041056737;1.118468162530916743e-08;
2373824.9216611427255;1.0548193429826824286e-08;
2374158.2772181797773;1.083475265062361359e-08;
2374491.632775216829;1.1250619991187704727e-08;
2374824.9883322538808;1.1478929806685300719e-08;
2375158.3438892909326;1.0837894137694092933e-08;
2375491.6994463279843;1.1417971457206022023e-08;
2375825.0550033650361;1.172191854692528068e-08;
2376158.4105604020879;1.1924318421563384618e-08;
2376491.7661174391396;1.1728880977557309961e-08;
2376825.1216744761914;1.13412061963913402e-08;
2377158.4772315132432;1.1851683190400308376e-08;
2377491.8327885502949;1.2186835540717311233e-08;
2377825.1883455873467;1.2713021746435515524e-08;
2378158.5439026243985;2.1811962014339769667e-08;
2378491.8994596614502;2.8035536558945750585e-08;
2378825.255016698502;1.4670740178246433061e-08;
2379158.6105737355538;1.1856951864785969519e-08;
2379491.9661307726055;1.24731309725234496e-08;
2379825.3216878096573;1.1173153957599879504e-08;
2380158.6772448467091;1.1645094666334898648e-08;
2380492.0328018837608;1.0830223828861562652e-08;
2380825.3883589208126;1.1092168961113202386e-08;
2381158.7439159578644;1.1549827760859443515e-08;
2381492.0994729949161;1.0467341660103102186e-08;
2381825.4550300319679;1.0796031624238366931e-08;
2382158.8105870690197;1.0939792183251029201e-08;
2382492.1661441060714;1.1062570415276695712e-08;
2382825.5217011431232;1.117723780197366068e-08;
2383158.877258180175;1.047609821114292572e-08;
2383492.2328152172267;1.2174702135325787822e-08;
2383825.5883722542785;1.4785332069777723518e-08;
2384158.9439292913303;2.8455911404989819857e-08;
2384492.299486328382;4.5853969510289971367e-08;
2384825.6550433654338;1.5183585944100741472e-08;
2385159.0106004024856;1.2277991956466394186e-08;
2385492.3661574395373;1.2847099384316607029e-08;
2385825.7217144765891;1.0793376858941883256e-08;
2386159.0772715136409;1.1206513050865396508e-08;
2386492.4328285506926;1.0282824369767240569e-08;
2386825.7883855877444;1.1315792747268460516e-08;
2387159.1439426247962;1.2097163271107547189e-08;
2387492.4994996618479;1.2879548982880351105e-08;
2387825.8550566988997;2.860280901018086297e-08;
2388159.2106137359515;2.7217629039455459861e-08;
2388492.5661707730033;1.385072856407987274e-08;
2388825.921727810055;1.2064798049493674625e-08;
2389159.2772848471068;1.192107124126096096e-08;
2389492.6328418841586;1.1396068089197797235e-08;
2389825.9883989212103;1.1322971005256476928e-08;
2390159.3439559582621;1.2982749986178987456e-08;
2390492.6995129953139;1.8931933354338070785e-08;
2390826.0550700323656;1.8617194896819455607e-08;
2391159.4106270694174;2.1478491873949678848e-08;
2391492.7661841064692;1.4869701026043458114e-08;
2391826.1217411435209;1.2072600696910740226e-08;
2392159.4772981805727;1.1875838978880892682e-08;
2392492.8328552176245;1.0548693474277115456e-08;
2392826.1884122546762;1.0423925722591320664e-08;
2393159.543969291728;9.6969081653242028551e-09;
2393492.8995263287798;1.0460723842697916552e-08;
2393826.2550833658315;1.0524482618734509742e-08;
2394159.6106404028833;1.0159915575513878139e-08;
2394492.9661974399351;1.0429493713104420749e-08;
2394826.3217544769868;9.982114690387788869e-09;
2395159.6773115140386;1.0643216086236861884e-08;
2395493.0328685510904;1.002800598115527464e-08;
2395826.3884255881421;1.0505733172294640099e-08;
2396159.7439826251939;1.0138484718424933817e-08;
2396493.0995396622457;1.0617967838300046424e-08;
2396826.4550966992974;1.1180635084429013659e-08;
2397159.8106537363492;1.0335234890135325259e-08;
2397493.166210773401;1.0500087910259026103e-08;
2397826.5217678104527;1.0461790544979976403e-08;
2398159.8773248475045;1.051262010776099487e-08;
2398493.2328818845563;9.977731529886568751e-09;
2398826.588438921608;1.0255763349675817153e-08;
2399159.9439959586598;1.0190696286827005679e-08;
2399493.2995529957116;1.0651016069118668383e-08;
2399826.6551100327633;1.0583069531833189103e-08;
2400160.0106670698151;1.0652681403655606118e-08;
2400493.3662241068669;1.0626066249130872166e-08;
2400826.7217811439186;1.0208543343992459995e-08;
2401160.0773381809704;1.2173526187098104856e-08;
2401493.4328952180222;1.6826009030523891852e-08;
2401826.7884522550739;1.7683573716453793168e-08;
2402160.1440092921257;1.402498650548977821e-08;
2402493.4995663291775;1.0994335220004813891e-08;
2402826.8551233662292;1.1342441652573143074e-08;
2403160.210680403281;1.0386891347025084542e-08;
2403493.5662374403328;1.0569803698956548033e-08;
2403826.9217944773845;9.8249453017729138082e-09;
2404160.2773515144363;1.0938735250931586052e-08;
2404493.6329085514881;1.0376568937431329687e-08;
2404826.9884655885398;1.0770704328422198159e-08;
2405160.3440226255916;1.0639066516660022899e-08;
2405493.6995796626434;1.0045867249175444158e-08;
2405827.0551366996951;1.0150477791626144608e-08;
2406160.4106937367469;1.042921926597273341e-08;
2406493.7662507737987;1.0207466871747783443e-08;
2406827.1218078108504;1.0362505520333797904e-08;
2407160.4773648479022;1.0209062928367984568e-08;
2407493.832921884954;1.0169129538439847238e-08;
2407827.1884789220057;1.0043661902159328747e-08;
2408160.5440359590575;1.0345335255124155083e-08;
2408493.8995929961093;1.033950258744198436e-08;
2408827.255150033161;9.9277785992057943076e-09;
2409160.6107070702128;1.0383351956022579543e-08;
2409493.9662641072646;1.0219201485028861498e-08;
2409827.3218211443163;1.0183877741098967817e-08;
2410160.6773781813681;1.0824289908839546115e-08;
2410494.0329352184199;1.0338703226864254248e-08;
2410827.3884922554716;1.0383351956022579543e-08;
2411160.7440492925234;1.0655338833487348893e-08;
2411494.0996063295752;1.0339629596956001478e-08;
2411827.4551633666269;9.7100514295789253083e-09;
2412160.8107204036787;1.0451337573158525629e-08;
2412494.1662774407305;1.0463591770815128257e-08;
2412827.5218344777822;1.0360557745059395529e-08;
2413160.877391514834;9.9899386540869272721e-09;
2413494.2329485518858;1.0429548780166442157e-08;
2413827.5885055889376;1.0348988332964381698e-08;
2414160.9440626259893;1.0751969092837043718e-08;
2414494.2996196630411;1.076709121861085805e-08;
2414827.6551767000929;1.0078728962525929091e-08;
2415161.0107337371446;1.0229259217453545716e-08;
2415494.3662907741964;1.0644599868214754679e-08;
2415827.7218478112482;1.0492159141506363085e-08;
2416161.0774048482999;1.0940292227701320371e-08;
2416494.4329618853517;1.0401024042039352935e-08;
2416827.7885189224035;1.0411572048951711622e-08;
2417161.1440759594552;1.0091024016389837925e-08;
2417494.499632996507;1.0516775894586771756e-08;
2417827.8551900335588;1.0730760280353024427e-08;
2418161.2107470706105;9.9913251006000791676e-09;
2418494.5663041076623;1.0209618928058716847e-08;
2418827.9218611447141;1.1417048639827953593e-08;
2419161.2774181817658;1.272455119050164285e-08;
2419494.6329752188176;1.4872574283231188019e-08;
2419827.9885322558694;4.5389530356487739482e-08;
2420161.3440892929211;3.3668218435423113988e-08;
2420494.6996463299729;1.4707227435906133906e-08;
2420828.0552033670247;1.2417227246430684318e-08;
2421161.4107604040764;1.0706789232983737747e-08;
2421494.7663174411282;1.047758946270960223e-08;
2421828.12187447818;1.1196123139711744443e-08;
2422161.4774315152317;1.0402138705956076592e-08;
2422494.8329885522835;1.0239435965786469751e-08;
2422828.1885455893353;9.8023438255268047214e-09;
2423161.544102626387;1.0119302729094670212e-08;
2423494.8996596634388;1.0184343146590890683e-08;
2423828.2552167004906;1.033701479968840431e-08;
2424161.6107737375423;1.0542284378800559352e-08;
2424494.9663307745941;9.8682937377247981203e-09;
2424828.3218878116459;1.0113153869895086245e-08;
2425161.6774448486976;1.0146787410292290588e-08;
2425495.0330018857494;1.0399306304975652893e-08;
2425828.3885589228012;1.0093204494410201733e-08;
2426161.7441159598529;1.0366183467169776122e-08;
2426495.0996729969047;1.0389080706829645351e-08;
2426828.4552300339565;1.087787371290005467e-08;
2427161.8107870710082;1.0224031399275190779e-08;
2427495.16634410806;1.0491513435795241094e-08;
2427828.5219011451118;1.0901288760578609072e-08;
2428161.8774581821635;1.0268527361745327653e-08;
2428495.2330152192153;1.0394192173635019572e-08;
2428828.5885722562671;1.0149051377084106207e-08;
2429161.9441292933188;9.5357162166465059272e-09;
2429495.2996863303706;1.034807972644102847e-08;
2429828.6552433674224;1.0556257201699281723e-08;
2430162.0108004044741;1.0037276787500104547e-08;
2430495.3663574415259;1.0409011430567716161e-08;
2430828.7219144785777;1.1498284990807405848e-08;
2431162.0774715156294;1.0047526366463443992e-08;
2431495.4330285526812;9.5170733516170002986e-09;
2431828.788585589733;1.0768188118959187705e-08;
2432162.1441426267847;1.0337251055148044543e-08;
2432495.4996996638365;9.6969081653242028551e-09;
2432828.8552567008883;1.0563974583988056111e-08;
2433162.21081373794;1.0157452656756049691e-08;
2433495.5663707749918;1.0558130369986429287e-08;
2433828.9219278120436;9.9392609698156775266e-09;
2434162.2774848490953;1.0542006378955193213e-08;
2434495.6330418861471;1.1026578761175187537e-08;
2434828.9885989231989;1.0244995074515372835e-08;
2435162.3441559602506;9.9700399047719656664e-09;
2435495.6997129973024;1.0667438488098923699e-08;
2435829.0552700343542;1.0596501454074314097e-08;
2436162.4108270714059;1.0289474161595535406e-08;
2436495.7663841084577;9.9774863926427315164e-09;
2436829.1219411455095;9.4133660866191348759e-09;
2437162.4774981825612;1.0475049272429259872e-08;
2437495.833055219613;1.0117862991876336309e-08;
2437829.1886122566648;1.0246507642364122148e-08;
2438162.5441692937165;1.0900446767436733353e-08;
2438495.8997263307683;1.025084639394435726e-08;
2438829.2552833678201;9.5844203684691819944e-09;
2439162.6108404048719;1.0051887322504171607e-08;
2439495.9663974419236;1.0713299580800139665e-08;
2439829.3219544789754;1.0721150189851869072e-08;
2440162.6775115160272;1.1107339048521680525e-08;
2440496.0330685530789;1.0709178432932731084e-08;
2440829.3886255901307;1.0773315572976116528e-08;
2441162.7441826271825;1.0870767397364033968e-08;
2441496.0997396642342;1.3951928501398924709e-08;
2441829.455296701286;2.1868132193958444986e-08;
2442162.8108537383378;1.8843474336449617113e-08;
2442496.1664107753895;1.2726048659317257261e-08;
2442829.5219678124413;1.0316568932466907427e-08;
2443162.8775248494931;1.0666089345079399209e-08;
2443496.2330818865448;1.0527293703432860639e-08;
2443829.5886389235966;1.1024738455489568878e-08;
2444162.9441959606484;1.1094156704416491266e-08;
2444496.2997529977001;1.0556219898205654317e-08;
2444829.6553100347519;1.0502430036751775333e-08;
2445163.0108670718037;1.0908357772621002368e-08;
2445496.3664241088554;1.0820962792479349446e-08;
2445829.7219811459072;1.0460595945005479734e-08;
2446163.077538182959;1.1177335501599827694e-08;
2446496.4330952200107;1.062028065490494555e-08;
2446829.7886522570625;1.1639736285928847792e-08;
2447163.1442092941143;1.028056662022436285e-08;
2447496.499766331166;1.0687564611089328537e-08;
2447829.8553233682178;1.1174175362782534648e-08;
2448163.2108804052696;1.1965656909751487547e-08;
2448496.5664374423213;1.1111183972900562367e-08;
2448829.9219944793731;1.1759188289772737335e-08;
2449163.2775515164249;1.1314003955931184464e-08;
2449496.6331085534766;1.1710413083676485257e-08;
2449829.9886655905284;1.3789692943078080134e-08;
2450163.3442226275802;2.095510431843194965e-08;
2450496.6997796646319;3.5950083798752530129e-08;
2450830.0553367016837;1.7025373111323460762e-08;
2451163.4108937387355;1.2174018237942618725e-08;
2451496.7664507757872;1.1754066164826326713e-08;
2451830.122007812839;1.049461051394473543e-08;
2452163.4775648498908;1.2048997355407209398e-08;
2452496.8331218869425;1.1244059905379799602e-08;
2452830.1886789239943;1.029730345436519201e-08;
2453163.5442359610461;1.1091798590712187433e-08;
2453496.8997929980978;1.0314431087010689225e-08;
2453830.2553500351496;1.1014865464176182286e-08;
2454163.6109070722014;1.0908319580948955263e-08;
2454496.9664641092531;1.1539282418482343928e-08;
2454830.3220211463049;1.3536498144617326034e-08;
2455163.6775781833567;1.7514613759317398944e-08;
2455497.0331352204084;4.709967171834250621e-08;
2455830.3886922574602;2.8064265578109370836e-08;
2456163.744249294512;1.8342905860890823533e-08;
2456497.0998063315637;1.407044347701003062e-08;
2456830.4553633686155;1.447655151309845678e-08;
2457163.8109204056673;1.1550254086500899575e-08;
2457497.166477442719;1.1817774314692996995e-08;
2457830.5220344797708;1.0633012692551346845e-08;
2458163.8775915168226;1.1235727015446173027e-08;
2458497.2331485538743;1.0984836151806121052e-08;
2458830.5887055909261;1.1145512957000391907e-08;
2459163.9442626279779;1.1387683684915828053e-08;
2459497.2998196650296;1.1104003050377286854e-08;
2459830.6553767020814;1.1125500520847708685e-08;
2460164.0109337391332;1.2482205491437525779e-08;
2460497.3664907761849;1.4288120908645396412e-08;
2460830.7220478132367;2.1682147632873238763e-08;
2461164.0776048502885;2.0924387555965040519e-08;
2461497.4331618873402;1.3595935932642078114e-08;
2461830.788718924392;1.1404379662849351007e-08;
2462164.1442759614438;1.0890225610182824312e-08;
2462497.4998329984955;1.1679308187240167172e-08;
2462830.8553900355473;1.0267625860649332026e-08;
2463164.2109470725991;1.119376324965060121e-08;
2463497.5665041096509;1.105241054233374598e-08;
2463830.9220611467026;1.0842426512169822672e-08;
2464164.2776181837544;1.3168183876643979602e-08;
2464497.6331752208062;1.0580113674052427086e-08;
2464830.9887322578579;1.0420172280589667935e-08;
2465164.3442892949097;1.1099965391281330085e-08;
2465497.6998463319615;1.0657922544510256557e-08;
2465831.0554033690132;1.1342720540596928913e-08;
2466164.410960406065;1.087858070292213597e-08;
2466497.7665174431168;1.0360994728841887991e-08;
2466831.1220744801685;1.121149484362149451e-08;
2467164.4776315172203;1.1031732860544707364e-08;
2467497.8331885542721;1.0411041806435150647e-08;
2467831.1887455913238;1.1222530460486268566e-08;
2468164.5443026283756;1.4859307562176127249e-08;
2468497.8998596654274;1.1201336747035384178e-08;
2468831.2554167024791;1.1024700263817521773e-08;
2469164.6109737395309;1.1039913871968565218e-08;
2469497.9665307765827;1.1575055580692605872e-08;
2469831.3220878136344;1.4379324397850723471e-08;
2470164.6776448506862;2.1769968938656347746e-08;
2470498.033201887738;2.0931299360427146894e-08;
2470831.3887589247897;1.3405278664890829532e-08;
2471164.7443159618415;1.208369759808647359e-08;
2471498.0998729988933;1.1456588566716163768e-08;
2471831.455430035945;1.1137585964604568289e-08;
2472164.8109870729968;1.2099161672551872471e-08;
2472498.1665441100486;1.0353352841718788113e-08;
2472831.5221011471003;1.0502282599134105112e-08;
2473164.8776581841521;1.0831403329802924418e-08;
2473498.2332152212039;1.0676643569240695797e-08;
2473831.5887722582556;1.0248127679801655177e-08;
2474164.9443292953074;1.0700697217203014588e-08;
2474498.2998863323592;1.0237762637643754715e-08;
2474831.6554433694109;1.0540690986715617328e-08;
2475165.0110004064627;1.0357755542145241634e-08;
2475498.3665574435145;1.0171040898399041907e-08;
2475831.7221144805662;1.0096485425492573995e-08;
2476165.077671517618;1.0162396257840100589e-08;
2476498.4332285546698;1.0353788937322860875e-08;
2476831.7887855917215;9.9665369290846683725e-09;
2477165.1443426287733;1.0399580752107340231e-08;
2477498.4998996658251;1.1225685270233043411e-08;
2477831.8554567028768;1.0642543735173148889e-08;
2478165.2110137399286;1.0060825950120033667e-08;
2478498.5665707769804;1.1021834112057149468e-08;
2478831.9221278140321;1.0156506746739069058e-08;
2479165.2776848510839;9.8430330552901068586e-09;
2479498.6332418881357;9.4415204543452091457e-09;
2479831.9887989251874;1.0362778191108645842e-08;
2480165.3443559622392;1.0473853784276343504e-08;
2480498.699912999291;1.0489136670344123559e-08;
2480832.0554700363427;9.7796224451940361178e-09;
2481165.4110270733945;1.0629912061688173708e-08;
2481498.7665841104463;1.0285136298193719995e-08;
2481832.122141147498;1.0314122889099053282e-08;
2482165.4776981845498;9.8175263474331586622e-09;
2482498.8332552216016;1.0097974900702411105e-08;
2482832.1888122586533;1.0383625514975847182e-08;
2483165.5443692957051;9.8897965372657381522e-09;
2483498.8999263327569;1.001545335554965277e-08;
2483832.2554833698086;1.015595429976201558e-08;
2484165.6110404068604;1.0319595844521245454e-08;
2484498.9665974439122;9.9261043828846595716e-09;
2484832.3221544809639;1.1234029706486126088e-08;
2485165.6777115180157;1.0011090623152085755e-08;
2485499.0332685550675;1.0440529329969194805e-08;
2485832.3888255921192;1.016346740101425894e-08;
2486165.744382629171;1.0665995198166910995e-08;
2486499.0999396662228;1.0802386540831321327e-08;
2486832.4554967032745;9.7667633980336177046e-09;
2487165.8110537403263;1.0534841443643472303e-08;
2487499.1666107773781;1.0326034249885651661e-08;
2487832.5221678144298;9.9096926220454406575e-09;
2488165.8777248514816;1.037935781766918808e-08;
2488499.2332818885334;1.055666487559392408e-08;
2488832.5888389255852;1.0309014086828938161e-08;
2489165.9443959626369;1.0356317581283747131e-08;
2489499.2999529996887;1.0362177782496928558e-08;
2489832.6555100367405;1.0466348676629877446e-08;
2490166.0110670737922;1.0393352845028402953e-08;
2490499.366624110844;1.2634118640164615499e-08;
2490832.7221811478958;2.1414555462229145633e-08;
2491166.0777381849475;3.2917977677016097005e-08;
2491499.4332952219993;1.8312899641159674502e-08;
2491832.7888522590511;1.4260837843949047965e-08;
2492166.1444092961028;1.1178789449672876799e-08;
2492499.4999663331546;1.0789888094109301164e-08;
2492832.8555233702064;1.0013342155446025572e-08;
2493166.2110804072581;9.8941415060949111648e-09;
2493499.5666374443099;1.0908435044143516279e-08;
2493832.9221944813617;1.0407037009940722783e-08;
2494166.2777515184134;9.6561105777936973027e-09;
2494499.6333085554652;9.9659418495434692886e-09;
2494832.988865592517;1.1357276008538974565e-08;
2495166.3444226295687;9.5860706039729848271e-09;
2495499.6999796666205;1.042240604931521375e-08;
2495833.0555367036723;1.018949724596041051e-08;
2496166.411093740724;1.0680732742684995173e-08;
2496499.7666507777758;9.6865564458425978955e-09;
2496833.1222078148276;1.0087266133496086695e-08;
2497166.4777648518793;9.5366212704561803548e-09;
2497499.8333218889311;1.0007486395124942646e-08;
2497833.1888789259829;9.6810444105699389183e-09;
2498166.5444359630346;9.9096926220454406575e-09;
2498499.8999930000864;9.7695771472672277014e-09;
2498833.2555500371382;1.0136169237284775591e-08;
2499166.6111070741899;9.7639496488000077079e-09;
2499499.9666641112417;9.9748920234787874506e-09;
2499833.3222211482935;9.8418748706308178953e-09;
2500166.6777781853452;9.8311092600056326773e-09;
2500500.033335222397;9.6456496123664692277e-09;
2500833.3888922594488;9.4160457209113701538e-09;
2501166.7444492965005;9.8380548152476876567e-09;
2501500.1000063335523;9.7383745512047426018e-09;
2501833.4555633706041;9.5315124681860652345e-09;
2502166.8111204076558;9.393444244665261067e-09;
2502500.1666774447076;9.8310577456572900701e-09;
2502833.5222344817594;1.0443024223150132457e-08;
2503166.8777915188111;9.7067598403555166442e-09;
2503500.2333485558629;1.0350806434189507854e-08;
2503833.5889055929147;9.5608267969282678678e-09;
2504166.9444626299664;1.0707334574533433624e-08;
2504500.3000196670182;1.0329063826475248788e-08;
2504833.65557670407;9.4473611156331571692e-09;
2505167.0111337411217;9.7770120888185374497e-09;
2505500.3666907781735;9.7870298532143351622e-09;
2505833.7222478152253;1.0215629231424827594e-08;
2506167.077804852277;9.4997849586775373609e-09;
2506500.4333618893288;9.8709991291912047018e-09;
2506833.7889189263806;9.6635774937681162555e-09;
2507167.1444759634323;9.6333048205110571871e-09;
2507500.5000330004841;1.0324401777950242831e-08;
2507833.8555900375359;9.9482049265020577877e-09;
2508167.2111470745876;1.0044455933666540659e-08;
2508500.5667041116394;1.0105908110347172624e-08;
2508833.9222611486912;1.0619907619968671497e-08;
2509167.2778181857429;9.7123713516111820354e-09;
2509500.6333752227947;1.039800956448289071e-08;
2509833.9889322598465;1.0113953230472816358e-08;
2510167.3444892968982;1.0023426533223300794e-08;
2510500.70004633395;1.0038687214830588346e-08;
2510834.0556033710018;1.2246068159527112584e-08;
2511167.4111604080535;1.4130115744137583533e-08;
2511500.7667174451053;2.2434139879123904393e-08;
2511834.1222744821571;2.4309313673143151391e-08;
2512167.4778315192088;1.721472564497616986e-08;
2512500.8333885562606;1.1475522754267331038e-08;
2512834.1889455933124;1.0509979553319226397e-08;
2513167.5445026303641;1.0787216453422843188e-08;
2513500.9000596674159;9.8640473567002118216e-09;
2513834.2556167044677;1.0384629156590108323e-08;
2514167.6111737415195;1.0335180711251723551e-08;
2514500.9667307785712;9.8558547989568978664e-09;
2514834.322287815623;1.0194743715885579149e-08;
2515167.6778448526748;9.8479970844778108585e-09;
2515501.0334018897265;9.0984055844955946668e-09;
2515834.3889589267783;1.0630304636549681163e-08;
2516167.7445159638301;1.0539246808605184924e-08;
2516501.1000730008818;1.0259584293237367092e-08;
2516834.4556300379336;1.0183144993902715214e-08;
2517167.8111870749854;9.9513686180330296338e-09;
2517501.1667441120371;9.7958023914657132991e-09;
2517834.5223011490889;9.8245145352393592475e-09;
2518167.8778581861407;1.1427763624283215904e-08;
2518501.2334152231924;1.091673595965403365e-08;
2518834.5889722602442;1.0514540349504386541e-08;
2519167.944529297296;1.0351606682945657667e-08;
2519501.3000863343477;1.0875981892866093403e-08;
2519834.6556433713995;1.3124558329025148851e-08;
2520168.0112004084513;2.3031580198562551232e-08;
2520501.366757445503;3.1224764995840814663e-08;
2520834.7223144825548;1.9176855658997737919e-08;
2521168.0778715196066;1.2867924503723315865e-08;
2521501.4334285566583;1.1396088517301450338e-08;
2521834.7889855937101;1.1757370188547611178e-08;
2522168.1445426307619;1.6216670672974942136e-08;
2522501.5000996678136;2.9431303616433979187e-08;
2522834.8556567048654;2.5448652962722917437e-08;
2523168.2112137419172;1.2298996487913882447e-08;
2523501.5667707789689;1.1238174835170866572e-08;
2523834.9223278160207;1.076879296846300349e-08;
2524168.2778848530725;1.0108410997133887577e-08;
2524501.6334418901242;1.0612485112915237551e-08;
2524834.988998927176;9.9893071592305204831e-09;
2525168.3445559642278;1.0597767108322386775e-08;
2525501.7001130012795;1.1029309909815765423e-08;
2525835.0556700383313;1.1358633145164276357e-08;
2526168.4112270753831;1.3114740404773783666e-08;
2526501.7667841124348;2.4529768438696919475e-08;
2526835.1223411494866;2.8231994519956060685e-08;
2527168.4778981865384;1.7100489912991179153e-08;
2527501.8334552235901;1.2462333387475155178e-08;
2527835.1890122606419;1.1663868981770519895e-08;
2528168.5445692976937;1.0957275975442826166e-08;
2528501.9001263347454;1.0823300478080000175e-08;
2528835.2556833717972;1.0217962476133379823e-08;
2529168.611240408849;9.9729646763080381788e-09;
2529501.9667974459007;1.0456461474461775651e-08;
2529835.3223544829525;1.114723602313461015e-08;
2530168.6779115200043;1.0515445403314060968e-08;
2530502.033468557056;1.1520080889226846921e-08;
2530835.3890255941078;1.7158416909524021321e-08;
2531168.7445826311596;2.5277246962218669069e-08;
2531502.1001396682113;2.4416053179265873041e-08;
2531835.4556967052631;1.5661086649743083399e-08;
2532168.8112537423149;1.1810863398409310321e-08;
2532502.1668107793666;1.0449024756553626503e-08;
2532835.5223678164184;1.0137896744311092334e-08;
2533168.8779248534702;9.916745646876279352e-09;
2533502.2334818905219;1.0391874027959602245e-08;
2533835.5890389275737;9.3481569152231713815e-09;
2534168.9445959646255;1.0326941080052165489e-08;
2534502.3001530016772;9.572254100476129679e-09;
2534835.655710038729;9.479530049816276005e-09;
2535169.0112670757808;9.5403409616778844793e-09;
2535502.3668241128325;1.0160647434531711042e-08;
2535835.7223811498843;9.2868086554176443315e-09;
2536169.0779381869361;1.0631686642170734558e-08;
2536502.4334952239878;9.6003613947459598421e-09;
2536835.7890522610396;1.0189300070351237082e-08;
2537169.1446092980914;9.8119228297832705721e-09;
2537502.5001663351431;9.9400123687587438326e-09;
2537835.8557233721949;1.0535138095235652145e-08;
2538169.2112804092467;1.1567554913938238315e-08;
2538502.5668374462985;1.6254089629796908412e-08;
2538835.9223944833502;3.0823589014516983298e-08;
2539169.277951520402;2.644336483115239389e-08;
2539502.6335085574538;1.4253699553989918059e-08;
2539835.9890655945055;1.0482891887875211978e-08;
2540169.3446226315573;1.0797720051414216869e-08;
2540502.7001796686091;9.8242383117508325086e-09;
2540836.0557367056608;9.7957508771173706918e-09;
2541169.4112937427126;9.2332079759671614738e-09;
2541502.7668507797644;9.4701251285300713789e-09;
2541836.1224078168161;1.0502061442707599781e-08;
2542169.4779648538679;9.7907104645855724812e-09;
2542502.8335218909197;9.9016874699486834288e-09;
2542836.1890789279714;9.6424983553333731834e-09;
2543169.5446359650232;9.6147747541408534744e-09;
2543502.900193002075;9.7438501711621938739e-09;
2543836.2557500391267;9.8346850663233453815e-09;
2544169.6113070761785;1.0355135415807126265e-08;
2544502.9668641132303;9.7216403815991725423e-09;
2544836.322421150282;9.6815719885512407927e-09;
2545169.6779781873338;9.6125800652657744649e-09;
2545503.0335352243856;9.6220240664024458965e-09;
2545836.3890922614373;9.1549541281210622401e-09;
2546169.7446492984891;9.9884642779102250643e-09;
2546503.1002063355409;9.8759249667068615963e-09;
2546836.4557633725926;9.5963148538658060716e-09;
2547169.8113204096444;9.6174614938604463532e-09;
2547503.1668774466962;9.8587813468498097791e-09;
2547836.5224344837479;9.2637852944221776852e-09;
2548169.8779915207997;9.3456611338638140296e-09;
2548503.2335485578515;9.339621520609853178e-09;
2548836.5891055949032;9.5618508666461821122e-09;
2549169.944662631955;9.7809111920810209995e-09;
2549503.3002196690068;9.4445731235737184761e-09;
2549836.6557767060585;9.9849559731524095696e-09;
2550170.0113337431103;1.0164717956229196716e-08;
2550503.3668907801621;9.4639052150569114019e-09;
2550836.7224478172138;9.8399386416758716223e-09;
2551170.0780048542656;9.9844994494446837052e-09;
2551503.4335618913174;9.4520258286934222269e-09;
2551836.7891189283691;9.3820480273620887601e-09;
2552170.1446759654209;9.6115497782989223197e-09;
2552503.5002330024727;9.7660937115051638102e-09;
2552836.8557900395244;1.0082925605559012183e-08;
2553170.2113470765762;9.1104173094436191604e-09;
2553503.566904113628;9.39984889924971867e-09;
2553836.9224611506797;9.5068966032840762637e-09;
2554170.2780181877315;8.9869534036779441522e-09;
2554503.6335752247833;9.6707610808266508684e-09;
2554836.989132261835;1.0117259030550940224e-08;
2555170.3446892988868;9.3505381215663874173e-09;
2555503.7002463359386;9.7794163878006656887e-09;
2555837.0558033729903;9.7498089601799620141e-09;
2556170.4113604100421;9.4059107169641720247e-09;
2556503.7669174470939;9.3152721092337742448e-09;
2556837.1224744841456;1.0061055988330736e-08;
2557170.4780315211974;1.0080340118179265119e-08;
2557503.8335885582492;1.0378318648918138933e-08;
2557837.1891455953009;9.8116474944731635333e-09;
2558170.5447026323527;9.4283105767090091831e-09;
2558503.9002596694045;9.8849852747662225738e-09;
2558837.2558167064562;1.2011062366923397349e-08;
2559170.611373743508;9.7876489135728661495e-09;
2559503.9669307805598;9.2509377935812153737e-09;
2559837.3224878176115;9.7742987037463535671e-09;
2560170.6780448546633;1.0518142801174690248e-08;
2560504.0336018917151;9.4071008760465701926e-09;
2560837.3891589287668;9.6925996118102375476e-09;
2561170.7447159658186;1.0516702175777936645e-08;
2561504.1002730028704;1.1038983060984719486e-08;
2561837.4558300399221;1.3744635651846692781e-08;
2562170.8113870769739;3.2808632255409975187e-08;
2562504.1669441140257;3.3871465632273611845e-08;
2562837.5225011510774;1.5436858902262429183e-08;
2563170.8780581881292;1.2612762390062925988e-08;
2563504.233615225181;1.0828930641082479269e-08;
2563837.5891722622328;1.0404423100851545314e-08;
2564170.9447292992845;9.3462197980898054084e-09;
2564504.3002863363363;1.0189729948706371943e-08;
2564837.6558433733881;9.5884447048888432619e-09;
2565171.0114004104398;9.7354497796686700894e-09;
2565504.3669574474916;9.1876124486134358449e-09;
2565837.7225144845434;1.0310626130660693889e-08;
2566171.0780715215951;9.4622931712251556746e-09;
2566504.4336285586469;9.7426697820424124075e-09;
2566837.7891855956987;9.5282475243152475741e-09;
2567171.1447426327504;9.4393977079221258464e-09;
2567504.5002996698022;9.6405852190173391136e-09;
2567837.855856706854;9.8891534960898752615e-09;
2568171.2114137439057;9.6756043177492756513e-09;
2568504.5669707809575;9.2201437595917923318e-09;
2568837.9225278180093;9.9059498381848243298e-09;
2569171.278084855061;9.7684447197821100417e-09;
2569504.6336418921128;9.6064516341698436008e-09;
2569837.9891989291646;9.4822611984568538901e-09;
2570171.3447559662163;9.8781107737977436045e-09;
2570504.7003130032681;9.8402672676911606686e-09;
2570838.0558700403199;9.7537151688698031649e-09;
2571171.4114270773716;9.7668833021202772215e-09;
2571504.7669841144234;9.2226706271958391881e-09;
2571838.1225411514752;9.308614323799702106e-09;
2572171.4780981885269;9.8940198256514122477e-09;
2572504.8336552255787;9.3653174104701975011e-09;
2572838.1892122626305;9.4578718190518884512e-09;
2573171.5447692996822;9.517892252119963814e-09;
2573504.900326336734;9.6807895033634849824e-09;
2573838.2558833737858;9.6401953086910907587e-09;
2574171.6114404108375;9.4076293422062917671e-09;
2574504.9669974478893;9.4354355439918435877e-09;
2574838.3225544849411;9.2414031982457345293e-09;
2575171.6781115219928;9.4565102415344881592e-09;
2575505.0336685590446;9.8893968569768730958e-09;
2575838.3892255960964;1.0171863351615684223e-08;
2576171.7447826331481;1.0358665036847014562e-08;
2576505.1003396701999;1.1700871382913646812e-08;
2576838.4558967072517;1.1849684788955983095e-08;
2577171.8114537443034;9.680687362845219468e-09;
2577505.1670107813552;9.0852765310955874156e-09;
2577838.522567818407;9.8285539706921554171e-09;
2578171.8781248554587;9.630445774178042484e-09;
2578505.2336818925105;9.4204297695910099719e-09;
2578838.5892389295623;9.5946628420051638386e-09;
2579171.944795966614;9.2968637233070694492e-09;
2579505.3003530036658;9.3608596429817225726e-09;
2579838.6559100407176;9.1899847731724548794e-09;
2580172.0114670777693;1.0109974191152559797e-08;
2580505.3670241148211;1.0473375056108125136e-08;
2580838.7225811518729;1.3459220404854477238e-08;
2581172.0781381889246;2.1110436065896465152e-08;
2581505.4336952259764;2.5211436494032568589e-08;
2581838.7892522630282;1.8079646224578027613e-08;
2582172.1448093000799;1.3268196319415892503e-08;
2582505.5003663371317;1.0236162140131455089e-08;
2582838.8559233741835;9.935490652424050495e-09;
2583172.2114804112352;9.908142750703063939e-09;
2583505.567037448287;1.0251728355115119484e-08;
2583838.9225944853388;9.6533971927215134201e-09;
2584172.2781515223905;1.0245427617405766796e-08;
2584505.6337085594423;9.6574677144189990941e-09;
2584838.9892655964941;1.3075585947319723346e-08;
2585172.3448226335458;1.4386197122462363041e-08;
2585505.7003796705976;1.0965440111476709717e-08;
2585839.0559367076494;9.7465724380185747577e-09;
2586172.4114937447011;1.0274590067638200708e-08;
2586505.7670507817529;9.6213481626250541012e-09;
2586839.1226078188047;9.3644620946520262805e-09;
2587172.4781648558564;9.8287777916539198486e-09;
2587505.8337218929082;9.9190975433316452836e-09;
2587839.18927892996;9.4907441905434097862e-09;
2588172.5448359670117;9.6398053983648424037e-09;
2588505.9003930040635;9.4290895091830861929e-09;
2588839.2559500411153;9.239081499856638402e-09;
2589172.6115070781671;9.8673575976704341883e-09;
2589505.9670641152188;9.2435463727724709315e-09;
2589839.3226211522706;9.1768370680256339256e-09;
2590172.6781781893224;9.5529353316692322551e-09;
2590506.0337352263741;9.9450421231495056418e-09;
2590839.3892922634259;1.008538763613842093e-08;
2591172.7448493004777;9.7176959812372842862e-09;
2591506.1004063375294;9.5484731232886588259e-09;
2591839.4559633745812;9.8982617657839000458e-09;
2592172.811520411633;9.6738874688639953092e-09;
2592506.1670774486847;9.0988852008422327344e-09;
2592839.5226344857365;9.1850784755820313876e-09;
2593172.8781915227883;9.4001295636303439096e-09;
2593506.23374855984;9.4010212947637228353e-09;
2593839.5893055968918;9.5028722668644149962e-09;
2594172.9448626339436;1.0961858087910059112e-08;
2594506.3004196709953;1.5231513827984599629e-08;
2594839.6559767080471;1.4961830885340532404e-08;
2595173.0115337450989;1.0057592092493905511e-08;
2595506.3670907821506;9.3401624212674505543e-09;
2595839.7226478192024;9.7381693819897918729e-09;
2596173.0782048562542;1.019716133754400289e-08;
2596506.4337618933059;1.0504829006663385371e-08;
2596839.7893189303577;1.1139914768421022018e-08;
2597173.1448759674095;1.2276546890177542082e-08;
2597506.5004330044612;1.5085849014440100291e-08;
2597839.855990041513;4.6439186718316705083e-08;
2598173.2115470785648;2.9338540485923658707e-08;
2598506.5671041156165;1.4408757742501165922e-08;
2598839.9226611526683;1.1283495915392904863e-08;
2599173.2782181897201;1.0486206569737532845e-08;
2599506.6337752267718;1.0046008469544176478e-08;
2599839.9893322638236;8.9543013004345084482e-09;
2600173.3448893008754;1.0319849863549279689e-08;
2600506.7004463379271;1.0653374182822972216e-08;
2600840.0560033749789;1.2052152165153984242e-08;
2601173.4115604120307;1.5976402423234503658e-08;
2601506.7671174490824;2.4300346623817858926e-08;
2601840.1226744861342;2.0162378433496996877e-08;
2602173.478231523186;1.4996434316572049283e-08;
2602506.8337885602377;1.0438677477964120044e-08;
2602840.1893455972895;9.8054444563899778586e-09;
2603173.5449026343413;9.7589420988697384018e-09;
2603506.900459671393;9.7533208176514563092e-09;
2603840.2560167084448;9.239925269355353521e-09;
2604173.6115737454966;9.2088283665248127363e-09;
2604506.9671307825483;9.165059822180410265e-09;
2604840.3226878196001;9.3538243817192778806e-09;
2605173.6782448566519;9.562069358537428343e-09;
2605507.0338018937036;8.7881453225691075204e-09;
2605840.3893589307554;9.4448546761327634158e-09;
2606173.7449159678072;9.9189056967929900566e-09;
2606507.1004730048589;9.8838217610364154098e-09;
2606840.4560300419107;9.7497574458316194068e-09;
2607173.8115870789625;1.0585431198251171736e-08;
2607507.1671441160142;1.3316299174448431586e-08;
2607840.522701153066;1.0664439997754016076e-08;
2608173.8782581901178;1.009205163882143097e-08;
2608507.2338152271695;9.9787831331354936992e-09;
2608840.5893722642213;9.3116723220987296372e-09;
2609173.9449293012731;9.6014574069158697966e-09;
2609507.3004863383248;1.0196552047148088604e-08;
2609840.6560433753766;9.0549860942701343447e-09;
2610174.0116004124284;9.294904401713210973e-09;
2610507.3671574494801;9.2261061013232392725e-09;
2610840.7227144865319;9.2750864766344420786e-09;
2611174.0782715235837;9.8918295776684317389e-09;
2611507.4338285606354;9.3219840735514480912e-09;
2611840.7893855976872;9.3301757431163423462e-09;
2612174.144942634739;9.7814956134811836819e-09;
2612507.5004996717907;9.0464320479100024386e-09;
2612840.8560567088425;9.6092875878639461007e-09;
2613174.2116137458943;9.4748511259012957453e-09;
2613507.5671707829461;9.7636405627099520643e-09;
2613840.9227278199978;1.0038387898703149403e-08;
2614174.2782848570496;9.6336263410989886324e-09;
2614507.6338418941014;9.1177980721113272011e-09;
2614840.9893989311531;9.9023829136513086269e-09;
2615174.3449559682049;9.8637187306849227753e-09;
2615507.7005130052567;9.8832142469973405241e-09;
2615841.0560700423084;9.3158778469160097302e-09;
2616174.4116270793602;9.7461789749786476023e-09;
2616507.767184116412;9.9948715970299417677e-09;
2616841.1227411534637;9.4572412123739013623e-09;
2617174.4782981905155;9.4752339308001864993e-09;
2617507.8338552275673;1.021290163549792851e-08;
2617841.189412264619;9.5167722591327219561e-09;
2618174.5449693016708;9.7863077641591189604e-09;
2618507.9005263387226;9.6959373863114706182e-09;
2618841.2560833757743;9.7429087020373117412e-09;
2619174.6116404128261;9.3194456596279451333e-09;
2619507.9671974498779;9.4714396325912275643e-09;
2619841.3227544869296;1.0037188857836554234e-08;
2620174.6783115239814;1.0173954123615658318e-08;
2620508.0338685610332;9.51573575491693191e-09;
2620841.3894255980849;9.1277660985156217066e-09;
2621174.7449826351367;9.3381116172963629651e-09;
2621508.1005396721885;9.0702538813047794974e-09;
2621841.4560967092402;9.0579135303414659575e-09;
2622174.811653746292;9.740085182841085043e-09;
2622508.1672107833438;9.3134886469670163933e-09;
2622841.5227678203955;1.1750597828097397723e-08;
2623174.8783248574473;9.2873637669299569097e-09;
2623508.2338818944991;9.0089891102707042592e-09;
2623841.5894389315508;9.3193639472133327217e-09;
2624174.9449959686026;1.0068517575234636752e-08;
2624508.3005530056544;9.6843617569675188861e-09;
2624841.6561100427061;9.7952517208454992215e-09;
2625175.0116670797579;9.2498160242371341155e-09;
2625508.3672241168097;9.406472933903842204e-09;
2625841.7227811538614;9.6728678400381795655e-09;
2626175.0783381909132;9.3390140065707782924e-09;
2626508.433895227965;9.8973744755426196207e-09;
2626841.7894522650167;1.1529595944637094362e-08;
2627175.1450093020685;9.181932547619453544e-09;
2627508.5005663391203;9.8907868562037037918e-09;
2627841.856123376172;9.7128829423809293075e-09;
2628175.2116804132238;9.8527559444505641295e-09;
2628508.5672374502756;9.5041414738261664752e-09;
2628841.9227944873273;9.7836956314267808921e-09;
2629175.2783515243791;9.4315737442229874432e-09;
2629508.6339085614309;9.4078940193753624044e-09;
2629841.9894655984826;9.5772163533069942787e-09;
2630175.3450226355344;9.5438279501536271709e-09;
2630508.7005796725862;9.652006305316263024e-09;
2630842.0561367096379;9.7808250387743100873e-09;
2631175.4116937466897;9.3025489533715699508e-09;
2631508.7672507837415;9.6665146998020645697e-09;
2631842.1228078207932;9.7603312099181493977e-09;
2632175.478364857845;1.1229471574836225045e-08;
2632508.8339218948968;1.0580467169063467736e-08;
2632842.1894789319485;1.2636626856021848653e-08;
2633175.5450359690003;2.0014443435911744018e-08;
2633508.9005930060521;4.6133290965144624352e-08;
2633842.2561500431038;2.1523817395063815638e-08;
2634175.6117070801556;1.2571948815320865833e-08;
2634508.9672641172074;1.0696768804052680935e-08;
2634842.3228211542591;1.0722751575542588398e-08;
2635175.6783781913109;9.9910968387462162354e-09;
2635509.0339352283627;9.94956828037629748e-09;
2635842.3894922654144;9.8972181561407523986e-09;
2636175.7450493024662;1.1465709270908064354e-08;
2636509.100606339518;9.2433021237070533971e-09;
2636842.4561633765697;9.6850589770269834844e-09;
2637175.8117204136215;9.8926467018145558541e-09;
2637509.1672774506733;9.4554133411861585046e-09;
2637842.522834487725;1.0095900115913991613e-08;
2638175.8783915247768;9.2972394227786026022e-09;
2638509.2339485618286;9.9228616434743344143e-09;
2638842.5895055988804;1.0339811673532040004e-08;
2639175.9450626359321;9.6214156641849513107e-09;
2639509.3006196729839;9.7970929147095375811e-09;
2639842.6561767100357;1.0480571077664535551e-08;
2640176.0117337470874;1.4000369752409369539e-08;
2640509.3672907841392;1.0216957058162279282e-08;
2640842.722847821191;1.0081897983127419138e-08;
2641176.0784048582427;9.6030436935734542203e-09;
2641509.4339618952945;1.0287521945429034531e-08;
2641842.7895189323463;1.045460695792144179e-08;
2642176.145075969398;9.8774517454103261116e-09;
2642509.5006330064498;1.0519344506576544518e-08;
2642842.8561900435016;1.0716122211817946663e-08;
2643176.2117470805533;1.0705341502159626543e-08;
2643509.5673041176051;1.1066690674965684593e-08;
2643842.9228611546569;1.041056663098061108e-08;
2644176.2784181917086;2.3890608602528118354e-08;
2644509.6339752287604;1.0247893200698854343e-08;
2644842.9895322658122;1.0570713193658320961e-08;
2645176.3450893028639;1.0451576493153424963e-08;
2645509.7006463399157;1.0485322832209931221e-08;
2645843.0562033769675;1.0779014125716912531e-08;
2646176.4117604140192;1.0416914442146207875e-08;
2646509.767317451071;1.0907993619468925317e-08;
2646843.1228744881228;1.0333782718419115554e-08;
2647176.4784315251745;1.0498556690663463087e-08;
2647509.8339885622263;1.0184503906884856406e-08;
2647843.1895455992781;1.120893511341591875e-08;
2648176.5451026363298;1.7110496131067520764e-08;
2648509.9006596733816;1.160596418969817023e-08;
2648843.2562167104334;1.0664458649500829779e-08;
2649176.6117737474851;1.2320751530126017315e-08;
2649509.9673307845369;1.9174295928792162158e-08;
2649843.3228878215887;2.1304501274244103115e-08;
2650176.6784448586404;1.3829818179544872692e-08;
2650510.0340018956922;1.1049304582400054642e-08;
2650843.389558932744;1.1610328698452576646e-08;
2651176.7451159697957;1.2667833004798012553e-08;
2651510.1006730068475;1.1784996978292383574e-08;
2651843.4562300438993;1.0768831160135050595e-08;
2652176.811787080951;1.4358297661942742707e-08;
2652510.1673441180028;1.0629464419764644845e-08;
2652843.5229011550546;1.0586044929539184523e-08;
2653176.8784581921063;1.0184378673727678688e-08;
2653510.2340152291581;1.3873278525977639219e-08;
2653843.5895722662099;1.0326433041996097018e-08;
2654176.9451293032616;1.0800698113655471388e-08;
2654510.3006863403134;1.0697013053118098469e-08;
2654843.6562433773652;1.0769190872395029146e-08;
2655177.0118004144169;1.0698347097104488057e-08;
2655510.3673574514687;1.0509738856967487663e-08;
2655843.7229144885205;1.0383661930291054887e-08;
2656177.0784715255722;1.5247282547647955653e-08;
2656510.434028562624;1.0509960901572412695e-08;
2656843.7895855996758;1.0374034964399925229e-08;
2657177.1451426367275;1.046524555903260989e-08;
2657510.5006996737793;1.242043445870422147e-08;
2657843.8562567108311;1.0692541962953328039e-08;
2658177.2118137478828;9.8756993693882577645e-09;
2658510.5673707849346;1.0624815693915934389e-08;
2658843.9229278219864;1.121624304545321138e-08;
2659177.2784848590381;1.003034899582644357e-08;
2659510.6340418960899;1.0623527835207369208e-08;
2659843.9895989331417;1.0691865170997516543e-08;
2660177.3451559701934;1.083347811459134391e-08;
2660510.7007130072452;1.0035848596601226745e-08;
2660844.056270044297;1.0336923317311175197e-08;
2661177.4118270813487;1.014587880376893736e-08;
2661510.7673841184005;1.2518615477574712713e-08;
2661844.1229411554523;1.0263639715901717864e-08;
2662177.478498192504;9.7535437504348010407e-09;
2662510.8340552295558;9.4062579947262747737e-09;
2662844.1896122666076;1.0000245964647547225e-08;
2663177.5451693036593;1.0035583919432156108e-08;
2663510.9007263407111;9.8547641158575061127e-09;
2663844.2562833777629;9.5266079469524811429e-09;
2664177.6118404148147;1.0481105761073195026e-08;
2664510.9673974518664;1.0312220410924055614e-08;
2664844.3229544889182;9.9026786770650687686e-09;
2665177.67851152597;1.0275095441159010079e-08;
2665511.0340685630217;1.0030966279828135157e-08;
2665844.3896256000735;9.121499111586217623e-09;
2666177.7451826371253;9.8247729951594919839e-09;
2666511.100739674177;9.4809955442087812116e-09;
2666844.4562967112288;9.6431929108575786813e-09;
2667177.8118537482806;9.0898746307743749639e-09;
2667511.1674107853323;9.3962828628946226672e-09;
2667844.5229678223841;1.0190607468985035666e-08;
2668177.8785248594359;1.0981595188752635295e-08;
2668511.2340818964876;1.2429842044525685196e-08;
2668844.5896389335394;2.277844579623433674e-08;
2669177.9451959705912;3.4927346348467835924e-08;
2669511.3007530076429;1.6898109578278308618e-08;
2669844.6563100446947;1.2682261463226041087e-08;
2670178.0118670817465;1.0197913624665488896e-08;
2670511.3674241187982;1.0033204489445779473e-08;
2670844.72298115585;9.856893967707947013e-09;
2671178.0785381929018;9.6705914387484881445e-09;
2671511.4340952299535;1.0941099581884827785e-08;
2671844.7896522670053;1.1849746961445362103e-08;
2672178.1452093040571;1.0668525618484636652e-08;
2672511.5007663411088;9.9215373694505615276e-09;
2672844.8563233781606;9.1475111929639751907e-09;
2673178.2118804152124;8.8738270065391589014e-09;
2673511.5674374522641;9.8150607641400711145e-09;
2673844.9229944893159;8.9629885735575953731e-09;
2674178.2785515263677;9.6693337781061927672e-09;
2674511.6341085634194;9.4077119427993238787e-09;
2674844.9896656004712;1.0669987560163463058e-08;
2675178.345222637523;9.9469295022913684079e-09;
2675511.7007796745747;1.106404745598865702e-08;
2675845.0563367116265;1.8112325861352474021e-08;
2676178.4118937486783;2.8657076711624540621e-08;
2676511.76745078573;2.0745773099406505935e-08;
2676845.1230078227818;1.1831296831132931402e-08;
2677178.4785648598336;1.0177600984206947032e-08;
2677511.8341218968853;9.5450678472275285458e-09;
2677845.1896789339371;9.2126315465179686726e-09;
2678178.5452359709889;9.6093044632539204031e-09;
2678511.9007930080406;8.9226919186558006913e-09;
2678845.2563500450924;8.8729228409079041739e-09;
2679178.6119070821442;9.2531804440909581899e-09;
2679511.9674641191959;9.289500724207755411e-09;
2679845.3230211562477;9.3981809001775218348e-09;
2680178.6785781932995;9.3272261025845182303e-09;
2680512.0341352303512;9.1306375793465122115e-09;
2680845.389692267403;8.674915008555217355e-09;
2681178.7452493044548;8.9792839830238335708e-09;
2681512.1008063415065;9.0199785418576539087e-09;
2681845.4563633785583;9.1613898689502093475e-09;
2682178.8119204156101;9.0803622398993866227e-09;
2682512.1674774526618;9.1273015812021185411e-09;
2682845.5230344897136;9.6127488191655174887e-09;
2683178.8785915267654;8.9927496560449071694e-09;
2683512.2341485638171;8.9917389090032884269e-09;
2683845.5897056008689;9.1231493470900204557e-09;
2684178.9452626379207;9.3551228985688794637e-09;
2684512.3008196749724;9.2698249076761385368e-09;
2684845.6563767120242;8.835405296281351184e-09;
2685179.011933749076;9.1695531168056731985e-09;
2685512.3674907861277;8.9787794976814438996e-09;
2685845.7230478231795;9.1747249797435870278e-09;
2686179.0786048602313;9.1751441999576854869e-09;
2686512.434161897283;9.0931964180640534323e-09;
2686845.7897189343348;9.3631626896240049973e-09;
2687179.1452759713866;9.0136271779783783131e-09;
2687512.5008330084383;9.4359657865084045625e-09;
2687845.8563900454901;7.65976615468844102e-09;
2688179.2119470825419;9.576913484465876536e-09;
2688512.5675041195937;8.8872438297471489932e-09;
2688845.9230611566454;9.0199474556129644043e-09;
2689179.2786181936972;9.2456735600876527315e-09;
2689512.634175230749;8.5076639066983261728e-09;
2689845.9897322678007;9.4340428802297537914e-09;
2690179.3452893048525;9.1258423040585512354e-09;
2690512.7008463419043;9.0050491508009145036e-09;
2690846.056403378956;8.9849487849846809695e-09;
2691179.4119604160078;8.9118827872880501673e-09;
2691512.7675174530596;9.2388541261811951699e-09;
2691846.1230744901113;8.7815710259064871934e-09;
2692179.4786315271631;1.0342209755265230342e-08;
2692512.8341885642149;8.7333251741483763908e-09;
2692846.1897456012666;8.5792395410067001649e-09;
2693179.5453026383184;9.0919343165296595544e-09;
2693512.9008596753702;8.7780547275428943976e-09;
2693846.2564167124219;8.5557001483493877458e-09;
2694179.6119737494737;9.1454861461670589051e-09;
2694512.9675307865255;8.8933660435941419564e-09;
2694846.3230878235772;8.4724947058134603139e-09;
2695179.678644860629;8.968044085122528486e-09;
2695513.0342018976808;9.0019485199377413664e-09;
2695846.3897589347325;9.3080094742958863208e-09;
2696179.7453159717843;1.021021134306465683e-08;
2696513.1008730088361;1.1187629489484152145e-08;
2696846.4564300458878;9.6769472435198622406e-09;
2697179.8119870829396;8.2638882403784919006e-09;
2697513.1675441199914;8.3974862619129453378e-09;
2697846.5231011570431;8.4404661038206540979e-09;
2698179.8786581940949;9.0584393319659284316e-09;
2698513.2342152311467;8.3294313668602626421e-09;
2698846.5897722681984;8.8654594776471640216e-09;
2699179.9453293052502;8.3152214003234803386e-09;
2699513.300886342302;8.8098630612876149826e-09;
2699846.6564433793537;9.5982706227459857473e-09;
2700180.0120004164055;8.7057685504987603053e-09;
2700513.3675574534573;8.8448475210611832154e-09;
2700846.723114490509;8.8730160996419726871e-09;
2701180.0786715275608;8.5899616308893200767e-09;
2701513.4342285646126;9.0027869603659382847e-09;
2701846.7897856016643;8.9352880650039878674e-09;
2702180.1453426387161;8.80041195472358595e-09;
2702513.5008996757679;8.6239824170775136736e-09;
2702846.8564567128196;8.6245428576603444526e-09;
2703180.2120137498714;9.1651406464166029764e-09;
2703513.5675707869232;9.4836272168663526827e-09;
2703846.9231278239749;1.005020955346935807e-08;
2704180.2786848610267;1.1175588454648277548e-08;
2704513.6342418980785;2.1675862882375440677e-08;
2704846.9897989351302;2.0585419591157005925e-08;
2705180.345355972182;1.2669902460515913845e-08;
2705513.7009130092338;1.0169951103478069854e-08;
2705847.0564700462855;9.669843592519100639e-09;
2706180.4120270833373;9.2376044591446770937e-09;
2706513.7675841203891;9.1613898689502093475e-09;
2706847.1231411574408;9.2059817546896738349e-09;
2707180.4786981944926;9.3206899975939450087e-09;
2707513.8342552315444;8.7295060069436658523e-09;
2707847.1898122685961;9.2005008056617043621e-09;
2708180.5453693056479;8.915547411447732884e-09;
2708513.9009263426997;8.647283777918346459e-09;
2708847.2564833797514;8.499835502107089269e-09;
2709180.6120404168032;8.7832372486218446284e-09;
2709513.967597453855;8.6665679077668755781e-09;
2709847.3231544909067;8.5076186095989214664e-09;
2710180.6787115279585;8.7712566099185096391e-09;
2710514.0342685650103;8.969824882854027237e-09;
2710847.389825602062;8.8705851553072534443e-09;
2711180.7453826391138;9.1303320459701353684e-09;
2711514.1009396761656;8.8192004810139223991e-09;
2711847.4564967132173;9.0849736622544696729e-09;
2712180.8120537502691;8.9091907184979390877e-09;
2712514.1676107873209;8.5235960511909070192e-09;
2712847.5231678243726;8.6811802191277820384e-09;
2713180.8787248614244;9.3173504467358725378e-09;
2713514.2342818984762;9.1653493683452325058e-09;
2713847.589838935528;1.1406643629641166626e-08;
2714180.9453959725797;1.7578358324499276932e-08;
2714514.3009530096315;1.6732185414980449423e-08;
2714847.6565100466833;1.1251726661498651083e-08;
2715181.012067083735;9.6776435754009071388e-09;
2715514.3676241207868;8.6869320625737600494e-09;
2715847.7231811578386;9.2883913893615499546e-09;
2716181.0787381948903;8.8600877745648176642e-09;
2716514.4342952319421;9.2865475309622524946e-09;
2716847.7898522689939;8.7285556560345867183e-09;
2717181.1454093060456;8.2877162910222068604e-09;
2717514.5009663430974;8.9052472063144705317e-09;
2717847.8565233801492;8.9914387046974297846e-09;
2718181.2120804172009;9.3669632050819018332e-09;
2718514.5676374542527;8.8298817146892361052e-09;
2718847.9231944913045;9.286075020042972028e-09;
2719181.2787515283562;8.5348936806894926121e-09;
2719514.634308565408;8.5244646896853737417e-09;
2719847.9898656024598;9.1829646109431450895e-09;
2720181.3454226395115;1.0160522201374533324e-08;
2720514.7009796765633;1.3210005533892399399e-08;
2720848.0565367136151;1.9373894488694531901e-08;
2721181.4120937506668;2.0159403035791001457e-08;
2721514.7676507877186;1.292313189793503625e-08;
2721848.1232078247704;1.0355189594690727972e-08;
2722181.4787648618221;9.3666665534897219914e-09;
2722514.8343218988739;9.3470404749496083241e-09;
2722848.1898789359257;8.7108471547026056214e-09;
2723181.5454359729774;9.0016802900549919286e-09;
2723514.9009930100292;8.6997911097341784625e-09;
2723848.256550047081;8.8558556043949465675e-09;
2724181.6121070841327;9.0532683572064343025e-09;
2724514.9676641211845;8.7514173685576679418e-09;
2724848.3232211582363;9.1197840390577766811e-09;
2725181.678778195288;9.3550731605773762567e-09;
2725515.0343352323398;8.7744309595905178867e-09;
2725848.3898922693916;8.8656459951153010479e-09;
2726181.7454493064433;8.8625320415758324089e-09;
2726515.1010063434951;7.8765145516968004813e-09;
2726848.4565633805469;9.0461780288819682028e-09;
2727181.8121204175986;8.4581293080532304884e-09;
2727515.1676774546504;8.5644664693518279819e-09;
2727848.5232344917022;8.4787776799544189998e-09;
2728181.8787915287539;9.7376728902531795029e-09;
2728515.2343485658057;8.9817291382132680155e-09;
2728848.5899056028575;8.3663431738045801467e-09;
2729181.9454626399092;8.7070226584273768822e-09;
2729515.301019676961;8.6150784284200199181e-09;
2729848.6565767140128;8.8924281271829386242e-09;
2730182.0121337510645;8.6462659254493701155e-09;
2730515.3676907881163;8.9720151308370077459e-09;
2730848.7232478251681;8.8850731216894018871e-09;
2731182.0788048622198;8.2667046541473609977e-09;
2731515.4343618992716;9.1722913708736086846e-09;
2731848.7899189363234;8.4055749027811543783e-09;
2732182.1454759733751;8.8213232274370056984e-09;
2732515.5010330104269;8.8541129983354949218e-09;
2732848.8565900474787;8.568183496038273006e-09;
2733182.2121470845304;8.7247684632529853843e-09;
2733515.5677041215822;9.0781453465638151101e-09;
2733848.923261158634;8.5302014340982168505e-09;
2734182.2788181956857;8.7173379625937741366e-09;
2734515.6343752327375;8.5684401796015663422e-09;
2734848.9899322697893;8.5465812205143265601e-09;
2735182.345489306841;8.7859532982292876113e-09;
2735515.7010463438928;8.2882989360655301425e-09;
2735849.0566033809446;9.4539682748973064008e-09;
2736182.4121604179963;9.2803995599410882278e-09;
2736515.7677174550481;8.7964702188969567942e-09;
2736849.1232744920999;8.93090934539486625e-09;
2737182.4788315291516;9.0037355349181780184e-09;
2737515.8343885662034;9.2029903697721238132e-09;
2737849.1899456032552;9.0587253254170718719e-09;
2738182.5455026403069;9.1629992482467059745e-09;
2738515.9010596773587;9.3434122661051333125e-09;
2738849.2566167144105;1.1662906196363564959e-08;
2739182.6121737514623;9.3165155590213544201e-09;
2739515.967730788514;1.0283673468336473888e-08;
2739849.3232878255658;1.2284399275586110889e-08;
2740182.6788448626176;2.1239365821656974731e-08;
2740516.0344018996693;1.6850531636691812309e-08;
2740849.3899589367211;1.0551529427971217956e-08;
2741182.7455159737729;9.8788222047119234048e-09;
2741516.1010730108246;1.0630659019739141513e-08;
2741849.4566300478764;1.2968320639572539221e-08;
2742182.8121870849282;2.1787950998941596481e-08;
2742516.1677441219799;1.8050862138352385955e-08;
2742849.5233011590317;1.134106675237944728e-08;
2743182.8788581960835;9.5577865621976343391e-09;
2743516.2344152331352;8.9117575541308724496e-09;
2743849.589972270187;9.342394413636156969e-09;
2744182.9455293072388;1.1255542275989682821e-08;
2744516.3010863442905;1.6547094361385461525e-08;
2744849.6566433813423;2.2499261120856317575e-08;
2745183.0122004183941;1.4556499117190924153e-08;
2745516.3677574554458;9.7430969958622881677e-09;
2745849.7233144924976;9.6310373010055627674e-09;
2746183.0788715295494;8.6906410956544277724e-09;
2746516.4344285666011;9.0582004119710290979e-09;
2746849.7899856036529;9.1067846597070456482e-09;
2747183.1455426407047;8.9514857748440590512e-09;
2747516.5010996777564;8.9097849098607184715e-09;
2747849.8566567148082;8.4416669210440886673e-09;
2748183.21221375186;8.681028340618013317e-09;
2748516.5677707889117;9.0719591838706037379e-09;
2748849.9233278259635;8.4608631212290674739e-09;
2749183.2788848630153;8.3395050864965014625e-09;
2749516.634441900067;8.3798168404314310465e-09;
2749849.9899989371188;8.7156841743762925034e-09;
2750183.3455559741706;8.7899829637194670795e-09;
2750516.7011130112223;8.8115195140403557161e-09;
2750850.0566700482741;8.6630205231585932779e-09;
2751183.4122270853259;9.0826270948696219421e-09;
2751516.7677841223776;8.6647098385128629161e-09;
2751850.1233411594294;8.4897626706492701487e-09;
2752183.4788981964812;9.8162509232224692823e-09;
2752516.8344552335329;8.5382225734065286815e-09;
2752850.1900122705847;8.9474134767897339771e-09;
2753183.5455693076365;8.5034201902089989744e-09;
2753516.9011263446882;8.2784623600673512556e-09;
2753850.25668338174;8.7678673210689339612e-09;
2754183.6122404187918;8.9754674803543821326e-09;
2754516.9677974558435;8.7295060069436658523e-09;
2754850.3233544928953;8.3803914918689770275e-09;
2755183.6789115299471;8.8422220656525496452e-09;
2755517.0344685669988;8.448906463343064388e-09;
2755850.3900256040506;8.5382678705059333879e-09;
2756183.7455826411024;7.9726403257041056349e-09;
2756517.1011396781541;8.9612255393944906245e-09;
2756850.4566967152059;8.3290805363844810927e-09;
2757183.8122537522577;8.7112610458461858798e-09;
2757517.1678107893094;8.6801890120113966987e-09;
2757850.5233678263612;8.4140845402203012782e-09;
2758183.878924863413;8.3258617777914878388e-09;
2758517.2344819004647;8.055137890039532067e-09;
2758850.5900389375165;8.7859222119845981069e-09;
2759183.9455959745683;8.6345179894919965591e-09;
2759517.30115301162;8.8205798220997166936e-09;
2759850.6567100486718;8.7330800369045391562e-09;
2760184.0122670857236;9.7283034961037628818e-09;
2760517.3678241227753;8.777206517152080778e-09;
2760850.7233811598271;8.6252702757860788552e-09;
2761184.0789381968789;8.4725098048465952161e-09;
2761517.4344952339306;8.70934790953015181e-09;
2761850.7900522709824;8.414749785856656672e-09;
2762184.1456093080342;8.7948173188578948611e-09;
2762517.5011663450859;8.4436244662811077433e-09;
2762850.8567233821377;8.6864435644429249805e-09;
2763184.2122804191895;8.2490796415868317126e-09;
2763517.5678374562413;8.4410887168928638857e-09;
2763850.923394493293;8.546686913746270875e-09;
2764184.2789515303448;8.5228020196836951072e-09;
2764517.6345085673966;8.5343083711109102296e-09;
2764850.9900656044483;8.2104776311098248698e-09;
2765184.3456226415001;8.8105283069239703764e-09;
2765517.7011796785519;8.6516598329922089761e-09;
2765851.0567367156036;8.1236057880573753209e-09;
2766184.4122937526554;8.696872555447043851e-09;
2766517.7678507897072;8.7492955103130043426e-09;
2766851.1234078267589;8.2731990147522083134e-09;
2767184.4789648638107;8.2125986011760687688e-09;
2767517.8345219008625;8.6828126910631908686e-09;
2767851.1900789379142;7.9870927649494660727e-09;
2768184.545635974966;9.5840162472882184375e-09;
2768517.9011930120178;8.3590272481615102151e-09;
2768851.2567500490695;8.9230365318826443399e-09;
2769184.6123070861213;8.8695255584525511949e-09;
2769517.9678641231731;8.4671825106852338649e-09;
2769851.3234211602248;8.5247489067796777817e-09;
2770184.6789781972766;8.5106837133253065986e-09;
2770518.0345352343284;8.7494802514243019687e-09;
2770851.3900922713801;8.9072811348955838184e-09;
2771184.7456493084319;9.0408081021564612456e-09;
2771518.1012063454837;8.9484988308186075301e-09;
2771851.4567633825354;8.9352401033693240606e-09;
2772184.8123204195872;8.7488345457131799776e-09;
2772518.167877456639;9.1726137796399598301e-09;
2772851.5234344936907;8.4174249792567934492e-09;
2773184.8789915307425;8.4103453090733637509e-09;
2773518.2345485677943;8.5496596469170071941e-09;
2773851.590105604846;9.0295069199441968522e-09;
2774184.9456626418978;8.9244158729684386344e-09;
2774518.3012196789496;9.2472651758157553559e-09;
2774851.6567767160013;8.7584304253596201306e-09;
2775185.0123337530531;9.9107886342153506121e-09;
2775518.3678907901049;1.2316553110736094823e-08;
2775851.7234478271566;2.6483160553425477701e-08;
2776185.0790048642084;1.4293719097224766301e-08;
2776518.4345619012602;1.0872429179187292902e-08;
2776851.7901189383119;8.8811251686138348305e-09;
2777185.1456759753637;8.7736609089006378781e-09;
2777518.5012330124155;9.4190566457541535783e-09;
2777851.8567900494672;9.4655181470670868293e-09;
2778185.212347086519;1.0041773634839046281e-08;
2778518.5679041235708;1.1933035892752741347e-08;
2778851.9234611606225;1.9954830676738311013e-08;
2779185.2790181976743;1.7384701678224701027e-08;
2779518.6345752347261;1.1181126247095107828e-08;
2779851.9901322717778;9.7324912573526489723e-09;
2780185.3456893088296;8.8969596134802486631e-09;
2780518.7012463458814;8.7508480461906401615e-09;
2780852.0568033829331;8.7663583059338634484e-09;
2781185.4123604199849;8.4319440318836313963e-09;
2781518.7679174570367;8.651857896779802104e-09;
2781852.1234744940884;8.5669196181470397278e-09;
2782185.4790315311402;8.3852365051484412106e-09;
2782518.834588568192;8.5034201902089989744e-09;
2782852.1901456052437;8.400437678801608854e-09;
2783185.5457026422955;8.6706641866385325557e-09;
2783518.9012596793473;8.6857721015576316859e-09;
2783852.256816716399;8.897100833848980983e-09;
2784185.6123737534508;9.021214886217876483e-09;
2784518.9679307905026;8.4610274342367119971e-09;
2784852.3234878275543;8.79920669660805288e-09;
2785185.6790448646061;8.798263451126331347e-09;
2785519.0346019016579;7.9668858177228685236e-09;
2785852.3901589387096;8.3293292263419971277e-09;
2786185.7457159757614;8.4348625861707660079e-09;
2786519.1012730128132;9.1152836390051561466e-09;
2786852.4568300498649;8.8117673158194520511e-09;
2787185.8123870869167;8.5337088506776126451e-09;
2787519.1679441239685;8.6241636054751324991e-09;
2787852.5235011610202;9.0057765689266489062e-09;
2788185.879058198072;8.4041715808780281805e-09;
2788519.2346152351238;8.4199545113960994058e-09;
2788852.5901722721756;8.8841680678797274595e-09;
2789185.9457293092273;9.2399741191684370278e-09;
2789519.3012863462791;8.986448918335554481e-09;
2789852.6568433833309;9.5820800183332721645e-09;
2790186.0124004203826;1.1383723297342385194e-08;
2790519.3679574574344;1.7305628929875638278e-08;
2790852.7235144944862;2.2649880193625904212e-08;
2791186.0790715315379;1.5154592247768050584e-08;
2791519.4346285685897;1.0593951493831355037e-08;
2791852.7901856056415;9.5240642039584599843e-09;
2792186.1457426426932;9.5365706442862574477e-09;
2792519.501299679745;9.1018907966144979582e-09;
2792852.8568567167968;8.3950526530429669947e-09;
2793186.2124137538485;8.3533020500681232079e-09;
2793519.5679707909003;9.2803826845511139254e-09;
2793852.9235278279521;8.9054505991725818603e-09;
2794186.2790848650038;8.3109270576642302331e-09;
2794519.6346419020556;8.5430684748644125648e-09;
2794852.9901989391074;8.6023899115161839291e-09;
2795186.3457559761591;8.7184872654688660987e-09;
2795519.7013130132109;8.6021181289197556907e-09;
2795853.0568700502627;8.6843376934098159836e-09;
2796186.4124270873144;8.6184233083486105897e-09;
2796519.7679841243662;8.1843696264627396886e-09;
2796853.123541161418;8.3077305035317294823e-09;
2797186.4790981984697;8.1446112076832832827e-09;
2797519.8346552355215;8.4741920147735072533e-09;
2797853.1902122725733;8.4116305032466698322e-09;
2798186.545769309625;8.8828260302875605703e-09;
2798519.9013263466768;8.4715123804812719754e-09;
2798853.2568833837286;9.3230649866882231436e-09;
2799186.6124404207803;9.0605238867169646255e-09;
2799519.9679974578321;8.5680031958190738806e-09;
2799853.3235544948839;8.3363556058202448185e-09;
2800186.6791115319356;9.0877669833844265668e-09;
2800520.0346685689874;8.8170937218023937021e-09;
2800853.3902256060392;8.2865518891139799962e-09;
2801186.7457826430909;8.4436093672479728411e-09;
2801520.1013396801427;8.3058777633482350211e-09;
2801853.4568967171945;9.0041947231611629832e-09;
2802186.8124537542462;8.533438844438023807e-09;
2802520.168010791298;8.3800673067457864818e-09;
2802853.5235678283498;9.7911572183306816441e-09;
2803186.8791248654015;8.6895877160486634239e-09;
2803520.2346819024533;8.9380502998892552569e-09;
2803853.5902389395051;8.9632248290172356064e-09;
2804186.9457959765568;9.0189491430692214635e-09;
2804520.3013530136086;8.9072971221071384207e-09;
2804853.6569100506604;9.0001774921688593167e-09;
2805187.0124670877121;8.7692537675820858567e-09;
2805520.3680241247639;8.5864009236047422746e-09;
2805853.7235811618157;8.5636546742762220674e-09;
2806187.0791381988674;8.4535241029470853391e-09;
2806520.4346952359192;8.6762561579689645441e-09;
2806853.790252272971;9.0956886467097319837e-09;
2807187.1458093100227;9.4756167356990772532e-09;
2807520.5013663470745;8.192266420792293502e-09;
2807853.8569233841263;8.2033269066528191615e-09;
2808187.212480421178;1.000425164932039479e-08;
2808520.5680374582298;8.6526483755733352154e-09;
2808853.9235944952816;9.1336529450813941367e-09;
2809187.2791515323333;8.9456060337056442222e-09;
2809520.6347085693851;8.9758147581164848816e-09;
2809853.9902656064369;9.2919494321108686563e-09;
2810187.3458226434886;9.2742391544220481592e-09;
2810520.7013796805404;1.0483389267790244048e-08;
2810854.0569367175922;1.2134538707186948159e-08;
2811187.4124937546439;1.7242298255837340548e-08;
2811520.7680507916957;2.698889645103008661e-08;
2811854.1236078287475;1.3521240127545297582e-08;
2812187.4791648657992;1.7630437554316813475e-08;
2812520.834721902851;2.3701325346792145865e-08;
2812854.1902789399028;1.7529327323018151219e-08;
2813187.5458359769545;1.3746422666827129433e-08;
2813520.9013930140063;1.358767409698202755e-08;
2813854.2569500510581;1.1435053792752114532e-08;
2814187.6125070881099;9.5583576609215015196e-09;
2814520.9680641251616;9.199967898609884287e-09;
2814854.3236211622134;9.1394474210915177537e-09;
2815187.6791781992652;8.6326670256653414981e-09;
2815521.0347352363169;9.4878265244346948748e-09;
2815854.3902922733687;8.9766816202541122038e-09;
2816187.7458493104205;1.2807101157363831589e-08;
2816521.1014063474722;9.7307815138947262312e-09;
2816854.456963384524;9.3756389318855326565e-09;
2817187.8125204215758;8.944710749858586496e-09;
2817521.1680774586275;9.3253085253763856599e-09;
2817854.5236344956793;8.9484037957276996167e-09;
2818187.8791915327311;8.4043785264498183096e-09;
2818521.2347485697828;9.4667491623567912029e-09;
2818854.5903056068346;9.4641050552013439301e-09;
2819187.9458626438864;9.2028447085112929926e-09;
2819521.3014196809381;8.9848537498937730561e-09;
2819854.6569767179899;8.9470209019282265217e-09;
2820188.0125337550417;2.0011524881624609407e-08;
2820521.3680907920934;9.5749621564777953608e-09;
2820854.7236478291452;8.8514848783916022512e-09;
2821188.079204866197;9.1810612445897277212e-09;
2821521.4347619032487;9.3200842599117095233e-09;
2821854.7903189403005;9.3072403117844260123e-09;
2822188.1458759773523;9.2192200540353042015e-09;
2822521.501433014404;9.2826981656912721519e-09;
2822854.8569900514558;9.3255705380101971969e-09;
2823188.2125470885076;9.1895815401699110225e-09;
2823521.5681041255593;9.2176497545892743801e-09;
2823854.9236611626111;9.3202645601309086487e-09;
2824188.2792181996629;1.4473322096364427125e-08;
2824521.6347752367146;9.3588043981185364828e-09;
2824854.9903322737664;9.3675227574863129121e-09;
2825188.3458893108182;9.4825773899742671347e-09;
2825521.7014463478699;9.4478753709381635417e-09;
2825855.0570033849217;9.6958014950132564991e-09;
2826188.4125604219735;9.3301917303278969484e-09;
2826521.7681174590252;9.6676862071376490348e-09;
2826855.123674496077;9.4181791254754898546e-09;
2827188.4792315331288;9.4441912068532474223e-09;
2827521.8347885701805;9.6120897907780999958e-09;
2827855.1903456072323;9.5536067945545255498e-09;
2828188.5459026442841;1.2142534977499508386e-08;
2828521.9014596813358;9.0494527427154025645e-09;
2828855.2570167183876;9.5030898705772415269e-09;
2829188.6125737554394;9.1715186556484695757e-09;
2829521.9681307924911;1.1204446259682754317e-08;
2829855.3236878295429;8.9215950183074710367e-09;
2830188.6792448665947;9.5666568000751794898e-09;
2830522.0348019036464;9.9178425472246090067e-09;
2830855.3903589406982;9.2497352000009414041e-09;
2831188.74591597775;9.5254861776083998848e-09;
2831522.1014730148017;8.5573832464547194832e-09;
2831855.4570300518535;9.6997707643708963587e-09;
2832188.8125870889053;1.3197572812373437046e-08;
2832522.168144125957;9.6459888965227946755e-09;
2832855.5237011630088;9.264110367723787931e-09;
2833188.8792582000606;8.8215248439382776269e-09;
2833522.2348152371123;1.0091449453852874285e-08;
2833855.5903722741641;9.6532444260333249986e-09;
2834188.9459293112159;9.0162721733122452861e-09;
2834522.3014863482676;8.9103959766134721576e-09;
2834855.6570433853194;9.272528522785705718e-09;
2835189.0126004223712;9.3487972918637751718e-09;
2835522.3681574594229;9.107393061924540234e-09;
2835855.7237144964747;9.1827878634376247646e-09;
2836189.0792715335265;9.553019708619103767e-09;
2836522.4348285705782;9.5475840566905390006e-09;
2836855.79038560763;9.7645846963700932974e-09;
2837189.1459426446818;8.9649887513587600552e-09;
2837522.5014996817335;1.0743888445574611978e-08;
2837855.8570567187853;9.1649310363095537468e-09;
2838189.2126137558371;8.9012592852100169694e-09;
2838522.5681707928888;8.9330276509258510487e-09;
2838855.9237278299406;9.2979091093070564966e-09;
2839189.2792848669924;9.3334540096634555084e-09;
2839522.6348419040442;8.9427940608288736257e-09;
2839855.9903989410959;8.9940295211476950499e-09;
2840189.3459559781477;1.0227732438750081201e-08;
2840522.7015130151995;8.7293985373548821372e-09;
2840856.0570700522512;8.9867171482183039188e-09;
2841189.412627089303;8.4524547361297663883e-09;
2841522.7681841263548;9.3209360230162019434e-09;
2841856.1237411634065;8.6068343563283633557e-09;
2842189.4792982004583;8.3467748268617469876e-09;
2842522.8348552375101;8.8263609754335448088e-09;
2842856.1904122745618;8.9940295211476950499e-09;
2843189.5459693116136;9.4265883987532106403e-09;
2843522.9015263486654;1.0860593313566369034e-08;
2843856.2570833857171;1.0153492269182606833e-08;
2844189.6126404227689;9.4504315484300605021e-09;
2844522.9681974598207;8.5640152747146203183e-09;
2844856.3237544968724;8.3653004523398521997e-09;
2845189.6793115339242;8.7162659312411960855e-09;
2845523.034868570976;8.8225320382662175689e-09;
2845856.3904256080277;9.5773513564267886977e-09;
2846189.7459826450795;9.4934282657277435646e-09;
2846523.1015396821313;1.0229564750829922559e-08;
2846856.457096719183;1.8611210350627516164e-08;
2847189.8126537562348;2.20022702279720761e-08;
2847523.1682107932866;1.1117178289055118512e-08;
2847856.5237678303383;9.3309457938062223548e-09;
2848189.8793248673901;9.6351326916988000448e-09;
2848523.2348819044419;8.7284020011679785966e-09;
2848856.5904389414936;8.8966940481327583257e-09;
2849189.9459959785454;8.380111715666771488e-09;
2849523.3015530155972;8.7560456663027252944e-09;
2849856.6571100526489;8.5297076068968635809e-09;
2850190.0126670897007;9.3597583017412944173e-09;
2850523.3682241267525;8.6695974843564727053e-09;
2850856.7237811638042;9.2430427756085009605e-09;
2851190.079338200856;8.8602440939666848863e-09;
2851523.4348952379078;8.6817752986689811223e-09;
2851856.7904522749595;8.5003737382294275449e-09;
2852190.1460093120113;8.5698550478241486417e-09;
2852523.5015663490631;9.1224121590016693517e-09;
2852856.8571233861148;8.6807840915525957826e-09;
2853190.2126804231666;8.5141227401663854835e-09;
2853523.5682374602184;8.9927025825886630628e-09;
2853856.9237944972701;8.6066069826529201237e-09;
2854190.2793515343219;8.4312477000025864982e-09;
2854523.6349085713737;8.556481745358723856e-09;
2854856.9904656084254;8.3331492817251273664e-09;
2855190.3460226454772;8.6969489387911380618e-09;
2855523.701579682529;8.723113786857084051e-09;
2855857.0571367195807;8.6812113053724715428e-09;
2856190.4126937566325;8.7532008308244257933e-09;
2856523.7682507936843;8.5899616308893200767e-09;
2856857.123807830736;8.4384490506295151135e-09;
2857190.4793648677878;8.584184030269170762e-09;
2857523.8349219048396;8.4144833323307466344e-09;
2857857.1904789418913;8.6675573385264215176e-09;
2858190.5460359789431;8.6038713931202437379e-09;
2858523.9015930159949;8.3516740190248128783e-09;
2858857.2571500530466;8.423948649749490869e-09;
2859190.6127070900984;8.407331719695321226e-09;
2859523.9682641271502;8.5793292470270898775e-09;
2859857.3238211642019;8.5930862425698251172e-09;
2860190.6793782012537;9.5342418404698037193e-09;
2860524.0349352383055;1.1358553209106503346e-08;
2860857.3904922753572;1.106120972593771512e-08;
2861190.746049312409;9.1676035651744314237e-09;
2861524.1016063494608;8.4812805667411339527e-09;
2861857.4571633865125;8.5160527518723938556e-09;
2862190.8127204235643;8.3504412273782691045e-09;
2862524.1682774606161;8.4046734016851587512e-09;
2862857.5238344976678;8.4646991638237523148e-09;
2863190.8793915347196;8.4246591924852509692e-09;
2863524.2349485717714;8.3747107026965750265e-09;
2863857.5905056088232;8.7581231156264038873e-09;
2864190.9460626458749;8.7190841213669045828e-09;
2864524.3016196829267;8.4819360424148726452e-09;
2864857.6571767199785;7.7843367307650623843e-09;
2865191.0127337570302;8.9172234041257070203e-09;
2865524.368290794082;8.3929148075867487933e-09;
2865857.7238478311338;7.9091400095876451815e-09;
2866191.0794048681855;8.405707241365689697e-09;
2866524.4349619052373;8.5153644135971262585e-09;
2866857.7905189422891;8.4387012933007099491e-09;
2867191.1460759793408;7.9095148208807586343e-09;
2867524.5016330163926;8.0570767835297374404e-09;
2867857.8571900534444;8.1683824149081374344e-09;
2868191.2127470904961;8.7142453253363783006e-09;
2868524.5683041275479;8.4324183191597512632e-09;
2868857.9238611645997;8.5487741330325661693e-09;
2869191.2794182016514;8.3104456649607527652e-09;
2869524.6349752387032;8.4579951931118557695e-09;
2869857.990532275755;9.0740313041237641301e-09;
2870191.3460893128067;8.7945082327678392176e-09;
2870524.7016463498585;8.2622335639825905673e-09;
2870858.0572033869103;8.1543749530510467594e-09;
2871191.412760423962;9.2444070176611603529e-09;
2871524.7683174610138;8.8347844595659807965e-09;
2871858.1238744980656;8.3594535738029662753e-09;
2872191.4794315351173;8.4865572347325723968e-09;
2872524.8349885721691;8.6337141880221679457e-09;
2872858.1905456092209;8.1076088065401563654e-09;
2873191.5461026462726;7.9787767504058138002e-09;
2873524.9016596833244;8.121336492195041501e-09;
2873858.2572167203762;8.1323729972382352571e-09;
2874191.6127737574279;8.4140250322661813698e-09;
2874524.9683307944797;8.0909057231792758103e-09;
2874858.3238878315315;8.4204279104937995726e-09;
2875191.6794448685832;8.1853324118696946243e-09;
2875525.035001905635;8.0613951070063194493e-09;
2875858.3905589426868;8.7206624144187117054e-09;
2876191.7461159797385;8.5360927215560877812e-09;
2876525.1016730167903;8.2756415054063836578e-09;
2876858.4572300538421;8.4315594506279012421e-09;
2877191.8127870908938;8.5630373902745304804e-09;
2877525.1683441279456;8.4736706540411432798e-09;
2877858.5239011649974;7.8748678689066764491e-09;
2878191.8794582020491;8.4232683050800005731e-09;
2878525.2350152391009;8.0933784118997209589e-09;
2878858.5905722761527;8.7456841768585036334e-09;
2879191.9461293132044;8.2294953074324439513e-09;
2879525.3016863502562;8.8044789237073928234e-09;
2879858.657243387308;8.3071034495674211939e-09;
2880192.0128004243597;8.8083771387914566731e-09;
2880525.3683574614115;8.4620381812783307396e-09;
2880858.7239144984633;8.4548608114687340276e-09;
2881192.079471535515;8.875214341230730497e-09;
2881525.4350285725668;1.0510015968634434103e-08;
2881858.7905856096186;1.3602839743498407188e-08;
2882192.1461426466703;1.6026776350486215961e-08;
2882525.5016996837221;1.9802294914939011505e-08;
2882858.8572567207739;1.6192529983527492732e-08;
2883192.2128137578256;1.1881180483896969236e-08;
2883525.5683707948774;9.1227807530458449037e-09;
2883858.9239278319292;9.3017318292254458356e-09;
2884192.2794848689809;8.9217042642530941521e-09;
2884525.6350419060327;8.9724876417562882125e-09;
2884858.9905989430845;8.3176026066666963743e-09;
2885192.3461559801362;8.3205691225884947926e-09;
2885525.701713017188;8.3356530566902620194e-09;
2885859.0572700542398;8.8312930301981396042e-09;
2886192.4128270912915;8.3573974407613604853e-09;
2886525.7683841283433;8.5437745767080741643e-09;
2886859.1239411653951;8.370430570892040123e-09;
2887192.4794982024468;8.3849123200252506649e-09;
2887525.8350552394986;8.2767170894726405095e-09;
2887859.1906122765504;8.2781417276578395104e-09;
2888192.5461693136021;8.5818321338138048304e-09;
2888525.9017263506539;8.5421838491583912401e-09;
2888859.2572833877057;8.3381719306885315746e-09;
2889192.6128404247575;8.5876683542096543533e-09;
2889525.9683974618092;8.2278335256091850169e-09;
2889859.323954498861;8.4207831818616796227e-09;
2890192.6795115359128;8.264018802606187819e-09;
2890526.0350685729645;8.4056486215899894887e-09;
2890859.3906256100163;7.9935222885296752793e-09;
2891192.7461826470681;8.1277304886384627025e-09;
2891526.1017396841198;8.1424511577665725781e-09;
2891859.4572967211716;8.6568592294611335092e-09;
2892192.8128537582234;8.4012192758109449642e-09;
2892526.1684107952751;8.3807885076225829835e-09;
2892859.5239678323269;8.4746236694854815141e-09;
2893192.8795248693787;8.4420817003660886257e-09;
2893526.2350819064304;8.3486808577504234563e-09;
2893859.5906389434822;8.5466114185805963643e-09;
2894192.946195980534;8.2504705289920821087e-09;
2894526.3017530175857;8.0617494901957797993e-09;
2894859.6573100546375;8.5226528057091854862e-09;
2895193.0128670916893;8.2880369234317186056e-09;
2895526.368424128741;8.4281088774673662556e-09;
2895859.7239811657928;7.8157702532166695164e-09;
2896193.0795382028446;8.3428757235992634378e-09;
2896526.4350952398963;8.0124733514708168514e-09;
2896859.7906522769481;8.15338641046992052e-09;
2897193.1462093139999;8.3475075740579995909e-09;
2897526.5017663510516;8.1287447883937602455e-09;
2897859.8573233881034;8.5038687203109475377e-09;
2898193.2128804251552;8.4926421450859379547e-09;
2898526.5684374622069;8.3345987889060779708e-09;
2898859.9239944992587;8.430033560102856427e-09;
2899193.2795515363105;8.638659565463058243e-09;
2899526.6351085733622;7.6534982795806172362e-09;
2899859.990665610414;8.348387758871922415e-09;
2900193.3462226474658;7.8207973430721722252e-09;
2900526.7017796845175;8.4046298809425934451e-09;
2900860.0573367215693;8.9492377952637980343e-09;
2901193.4128937586211;8.1593753975539584644e-09;
2901526.7684507956728;8.3644033921359550732e-09;
2901860.1240078327246;8.5977669428416447772e-09;
2902193.4795648697764;8.247528882066035294e-09;
2902526.8351219068281;8.2521953714831397519e-09;
2902860.1906789438799;8.4156068780316672928e-09;
2903193.5462359809317;7.6639663504352029122e-09;
2903526.9017930179834;8.5576692399058629235e-09;
2903860.2573500550352;8.26310397883389669e-09;
2904193.612907092087;8.1573841015369907836e-09;
2904526.9684641291387;8.9250278278996120207e-09;
2904860.3240211661905;8.3705042897008752334e-09;
2905193.6795782032423;8.156996855746001529e-09;
2905527.035135240294;8.0832052162804757245e-09;
2905860.3906922773458;8.4677331813054479426e-09;
2906193.7462493143976;8.6583957781272147258e-09;
2906527.1018063514493;8.451296551470477425e-09;
2906860.4573633885011;8.1707796084629080724e-09;
2907193.8129204255529;8.3938287431806202221e-09;
2907527.1684774626046;9.3492902308867087413e-09;
2907860.5240344996564;1.1644664787979763787e-08;
2908193.8795915367082;1.5541864684109896189e-08;
2908527.2351485737599;1.1900001872788834589e-08;
2908860.5907056108117;9.161598590878838877e-09;
2909193.9462626478635;8.580354204923423822e-09;
2909527.3018196849152;8.8383549368131752999e-09;
2909860.657376721967;8.4189046845040138578e-09;
2910194.0129337590188;8.4182385506892387639e-09;
2910527.3684907960705;8.5470919231056541321e-09;
2910860.7240478331223;8.1619564440416070283e-09;
2911194.0796048701741;8.2707432014217374672e-09;
2911527.4351619072258;8.685482555392809445e-09;
2911860.7907189442776;8.6353217909618251724e-09;
2912194.1462759813294;8.3117743798766241525e-09;
2912527.5018330183811;8.2686515412433436722e-09;
2912860.8573900554329;8.4511633247075224062e-09;
2913194.2129470924847;8.490523839554953156e-09;
2913527.5685041295364;8.4382270060245900822e-09;
2913860.9240611665882;8.7820186678300160565e-09;
2914194.27961820364;7.9513373663075981312e-09;
2914527.6351752406918;8.9992449048281741852e-09;
2914860.9907322777435;8.4512370435163575166e-09;
2915194.3462893147953;8.5783202763423105353e-09;
2915527.7018463518471;8.0987838657620159211e-09;
2915861.0574033888988;8.5458609078159497585e-09;
2916194.4129604259506;8.2913285126551272697e-09;
2916527.7685174630024;8.1116837691297405399e-09;
2916861.1240745000541;8.4384934595505001198e-09;
2917194.4796315371059;8.4445295200907821709e-09;
2917527.8351885741577;8.9943297254535536922e-09;
2917861.1907456112094;9.9957144783502371865e-09;
2918194.5463026482612;1.464818044638604988e-08;
2918527.901859685313;1.0806392225504168891e-08;
2918861.2574167223647;8.885214342058134207e-09;
2919194.6129737594165;8.6230880214088756475e-09;
2919527.9685307964683;8.4366851282879906648e-09;
2919861.32408783352;8.8108071949477562157e-09;
2920194.6796448705718;8.474608570452346612e-09;
2920528.0352019076236;8.5982199138356918411e-09;
2920861.3907589446753;8.1681381658427199e-09;
2921194.7463159817271;8.5062437094052256725e-09;
2921528.1018730187789;8.4982385573084684438e-09;
2921861.4574300558306;8.4567473024321770936e-09;
2922194.8129870928824;8.2737514617292617913e-09;
2922528.1685441299342;7.9623525550687190844e-09;
2922861.5241011669859;7.9004749409250507597e-09;
2923194.8796582040377;7.9903346161813715298e-09;
2923528.2352152410895;8.4788229770538237062e-09;
2923861.5907722781412;8.4995672722243398312e-09;
2924194.946329315193;8.2246973676092238748e-09;
2924528.3018863522448;8.3013844687229720876e-09;
2924861.6574433892965;8.243777216421221965e-09;
2925195.0130004263483;8.5504261448932084022e-09;
2925528.3685574634001;9.0955767362288497679e-09;
2925861.7241145004518;8.6674356580829226004e-09;
2926195.0796715375036;8.4257543164767412236e-09;
2926528.4352285745554;8.324004596715894877e-09;
2926861.7907856116071;8.280614416378284659e-09;
2927195.1463426486589;7.8665163272262361716e-09;
2927528.5018996857107;8.4039353254183879471e-09;
2927861.8574567227624;8.1205806523598766944e-09;
2928195.2130137598142;8.1437958598939985677e-09;
2928528.568570796866;8.0132478430527953606e-09;
2928861.9241278339177;8.3446192178371347836e-09;
2929195.2796848709695;8.5489393342186303926e-09;
2929528.6352419080213;9.0589162837773073989e-09;
2929861.990798945073;9.7379295738164728391e-09;
2930195.3463559821248;1.3832710088479416299e-08;
2930528.7019130191766;1.4174892370988345647e-08;
2930862.0574700562283;1.0348824908135156875e-08;
2931195.4130270932801;8.7341689436470915098e-09;
2931528.7685841303319;8.5497804391820864112e-09;
2931862.1241411673836;8.7506482060462076333e-09;
2932195.4796982044354;8.6804785581762189395e-09;
2932528.8352552414872;8.0989401851638831431e-09;
2932862.1908122785389;8.2243936105896864319e-09;
2933195.5463693155907;8.3417024399068395724e-09;
2933528.9019263526425;8.4410141099056090752e-09;
2933862.2574833896942;8.1623579006873114849e-09;
2934195.613040426746;8.2686080205007783661e-09;
2934528.9685974637978;8.2449647109683610324e-09;
2934862.3241545008495;8.4822344703638918872e-09;
2935195.6797115379013;8.1965847442688755109e-09;
2935529.0352685749531;8.6675573385264215176e-09;
2935862.3908256120048;8.1061708456786618626e-09;
2936195.7463826490566;9.1970751014969209791e-09;
2936529.1019396861084;8.5180875686319268425e-09;
2936862.4574967231601;8.2761504316408718296e-09;
2937195.8130537602119;7.8742452558344666613e-09;
2937529.1686107972637;8.7683753591250024328e-09;
2937862.5241678343154;8.1420932218634334276e-09;
2938195.8797248713672;8.3002325013126210251e-09;
2938529.235281908419;8.4510292097661476873e-09;
2938862.5908389454708;8.414423824376626726e-09;
2939195.9463959825225;8.5493745416442834539e-09;
2939529.3019530195743;8.3257747363063572266e-09;
2939862.6575100566261;8.0332345220313072787e-09;
2940196.0130670936778;8.0319786377458513016e-09;
2940529.3686241307296;8.1821989184049925825e-09;
2940862.7241811677814;8.7355198630234554003e-09;
2941196.0797382048331;8.0939051017026031332e-09;
2941529.4352952418849;8.0015158943069764064e-09;
2941862.7908522789367;7.9474835601445192879e-09;
2942196.1464093159884;8.4518312348791369004e-09;
2942529.5019663530402;9.0688523357584926998e-09;
2942862.857523390092;8.6468734394884450012e-09;
2943196.2130804271437;8.0956397141562774777e-09;
2943529.5686374641955;8.0725053308583483158e-09;
2943862.9241945012473;7.9000024300057702931e-09;
2944196.279751538299;9.1334930729658481141e-09;
2944529.6353085753508;8.2357720643244647363e-09;
2944862.9908656124026;8.0616358033580581832e-09;
2945196.3464226494543;8.0543598457438747573e-09;
2945529.7019796865061;8.5020461781937228807e-09;
2945863.0575367235579;8.1762356884951259417e-09;
2946196.4130937606096;8.4971034652880916838e-09;
2946529.7686507976614;8.3778592951944119704e-09;
2946863.1242078347132;8.5775360147977153247e-09;
2947196.4797648717649;8.2634672438075540413e-09;
2947529.8353219088167;8.48026804334267581e-09;
2947863.1908789458685;7.7358466299415340472e-09;
2948196.5464359829202;8.2985120997136618826e-09;
2948529.901993019972;8.430714792950766423e-09;
2948863.2575500570238;8.621694469468366151e-09;
2949196.6131070940755;8.5496294488507373899e-09;
2949529.9686641311273;8.6706792856716674578e-09;
2949863.3242211681791;8.784255989269240672e-09;
2950196.6797782052308;9.7634007545366330305e-09;
2950530.0353352422826;1.3381867169925953931e-08;
2950863.3908922793344;1.2226377243962360808e-08;
2951196.7464493163861;9.180690874188712769e-09;
2951530.1020063534379;8.5604208166500939114e-09;
2951863.4575633904897;8.2226891962022818916e-09;
2952196.8131204275414;9.4747845125198182359e-09;
2952530.1686774645932;8.7245082269760132476e-09;
2952863.524234501645;1.2504987267902833992e-08;
2953196.8797915386967;1.5017155519103653205e-08;
2953530.2353485757485;1.3057085190837369737e-08;
2953863.5909056128003;1.3564277701050286851e-08;
2954196.946462649852;9.9394537045327524538e-09;
2954530.3020196869038;8.7662961334444844397e-09;
2954863.6575767239556;8.8252294361268468492e-09;
2955197.0131337610073;8.8733589365119769354e-09;
2955530.3686907980591;8.4920595000426146726e-09;
2955863.7242478351109;8.4321074567128562194e-09;
2956197.0798048721626;8.2007760582314404019e-09;
2956530.4353619092144;7.750482922119772411e-09;
2956863.7909189462662;7.9732140889632319158e-09;
2957197.1464759833179;8.7450704455704908469e-09;
2957530.5020330203697;8.3745188561579197994e-09;
2957863.8575900574215;8.2238447163263117545e-09;
2958197.2131470944732;8.4447071557747221959e-09;
2958530.568704131525;8.0740658603417614358e-09;
2958863.9242611685768;7.9822122245332138846e-09;
2959197.2798182056285;8.1164586163140484132e-09;
2959530.6353752426803;8.003428142444590776e-09;
2959863.9909322797321;8.221634928418097843e-09;
2960197.3464893167838;8.7020373129576000792e-09;
2960530.7020463538356;8.3857081278893019771e-09;
2960864.0576033908874;8.4331590599617811677e-09;
2961197.4131604279391;7.6890627198622496508e-09;
2961530.7687174649909;8.2733153661251890298e-09;
2961864.1242745020427;8.6383105113441160938e-09;
2962197.4798315390944;7.688468528499470267e-09;
2962530.8353885761462;8.238536075566571526e-09;
2962864.190945613198;8.5922104986480007938e-09;
2963197.5465026502497;8.766404491211687855e-09;
2963530.9020596873015;7.9640454231366675231e-09;
2963864.2576167243533;8.3362383662688444019e-09;
2964197.6131737614051;8.147273078407124558e-09;
2964530.9687307984568;8.2129014700171865115e-09;
2964864.3242878355086;8.3478450818574856385e-09;
2965197.6798448725604;7.9730044788561826863e-09;
2965531.0354019096121;8.4403026789914292749e-09;
2965864.3909589466639;8.555339547910989495e-09;
2966197.7465159837157;8.2342390683720623201e-09;
2966531.1020730207674;8.2518329946879021008e-09;
2966864.4576300578192;8.5044211672880010155e-09;
2967197.813187094871;8.7253821945409981709e-09;
2967531.1687441319227;8.1509092808573768707e-09;
2967864.5243011689745;8.0945588010195024253e-09;
2968197.8798582060263;8.9541440928542215261e-09;
2968531.235415243078;8.3374542825254138734e-09;
2968864.5909722801298;8.4026217095356514619e-09;
2969197.9465293171816;8.4736111460870233714e-09;
2969531.3020863542333;8.6907938623426161939e-09;
2969864.6576433912851;8.0245312616966657515e-09;
2970198.0132004283369;8.0228685916949871171e-09;
2970531.3687574653886;8.3949638352009969822e-09;
2970864.7243145024404;8.191273437319068762e-09;
2971198.0798715394922;8.049903854612239229e-09;
2971531.4354285765439;8.2937026135709857044e-09;
2971864.7909856135957;8.2853439664631878259e-09;
2972198.1465426506475;8.900242320919460326e-09;
2972531.5020996876992;9.887624941029571346e-09;
2972864.857656724751;1.1647570019590602897e-08;
2973198.2132137618028;9.8810959414663557254e-09;
2973531.5687707988545;8.3600992795140882663e-09;
2973864.9243278359063;8.862937050935215666e-09;
2974198.2798848729581;8.5920595083166517725e-09;
2974531.6354419100098;8.3473024048430488619e-09;
2974864.9909989470616;8.8599323433413701423e-09;
2975198.3465559841134;8.0439663818765438918e-09;
2975531.7021130211651;8.1640214588674098195e-09;
2975865.0576700582169;8.4006144263071291789e-09;
2976198.4132270952687;9.2426368780706980033e-09;
2976531.7687841323204;8.1462996348591332207e-09;
2976865.1243411693722;8.2808035983816807857e-09;
2977198.479898206424;8.1906694759936726769e-09;
2977531.8354552434757;8.4392199894978148222e-09;
2977865.1910122805275;8.663858075408370496e-09;
2978198.5465693175793;8.5254674431212151831e-09;
2978531.902126354631;8.1405628904462901119e-09;
2978865.2576833916828;8.9895273447382351151e-09;
2979198.6132404287346;8.4802973532305259141e-09;
2979531.9687974657863;8.2215043661904019245e-09;
2979865.3243545028381;8.030130338454455341e-09;
2980198.6799115398899;8.8598079983626121248e-09;
2980532.0354685769416;8.5592324339245351439e-09;
2980865.3910256139934;8.5920293102503819682e-09;
2981198.7465826510452;8.2662259259791426302e-09;
2981532.1021396880969;8.2861877359619029448e-09;
2981865.4576967251487;7.9130453300990666321e-09;
2982198.8132537622005;8.152670538663642219e-09;
2982532.1688107992522;8.1318294320453787805e-09;
2982865.524367836304;8.4215523443731399311e-09;
2983198.8799248733558;7.8957569371596036945e-09;
2983532.2354819104075;8.7131430959175304451e-09;
2983865.5910389474593;8.7421820893496260396e-09;
2984198.9465959845111;9.1850784755820313876e-09;
2984532.3021530215628;8.3559879016092963866e-09;
2984865.6577100586146;1.0690269114377315418e-08;
2985199.0132670956664;9.3097263231811666628e-09;
2985532.3688241327181;8.6544877930805341748e-09;
2985865.7243811697699;8.5304714403378056886e-09;
2986199.0799382068217;8.079513946768202004e-09;
2986532.4354952438734;7.8894899502301996108e-09;
2986865.7910522809252;8.3697981878572136338e-09;
2987199.146609317977;8.7621083721955983492e-09;
2987532.5021663550287;8.4907769704045676917e-09;
2987865.8577233920805;8.2957427594010368921e-09;
2988199.2132804291323;9.4199172906428429997e-09;
2988532.568837466184;9.1399936508196333307e-09;
2988865.9243945032358;9.2347818281268700957e-09;
2989199.2799515402876;1.2933874415921309264e-08;
2989532.6355085773394;1.4914437684865333722e-08;
2989865.9910656143911;1.0019536311745014245e-08;
2990199.3466226514429;8.6239664298659590713e-09;
2990532.7021796884947;9.0993328427657615975e-09;
2990866.0577367255464;8.7526936809467770217e-09;
2991199.4132937625982;8.4943279077265287924e-09;
2991532.76885079965;8.1427655729271464224e-09;
2991866.1244078367017;8.5084108647492939781e-09;
2992199.4799648737535;9.9781871654158749152e-09;
2992532.8355219108053;8.8644469542487058789e-09;
2992866.191078947857;8.7593994280155129672e-09;
2993199.5466359849088;8.9466123398551644641e-09;
2993532.9021930219606;7.8846129625276262232e-09;
2993866.2577500590123;8.7742924037570446671e-09;
2994199.6133070960641;8.7235276780006643094e-09;
2994532.9688641331159;8.7725045005981883151e-09;
2994866.3244211701676;8.4469329308944907098e-09;
2995199.6799782072194;9.0552090270534790761e-09;
2995533.0355352442712;8.6256939368922758149e-09;
2995866.3910922813229;8.8844807066834619036e-09;
2996199.7466493183747;1.3348034677562736761e-08;
2996533.1022063554265;8.721305455594574596e-09;
2996866.4577633924782;8.9626581711854669265e-09;
2997199.81332042953;8.3296951558509135793e-09;
2997533.1688774665818;8.8055154279231828696e-09;
2997866.5244345036335;8.3283193674787980854e-09;
2998199.8799915406853;8.514197347153640294e-09;
2998533.2355485777371;8.6171221269637499063e-09;
2998866.5911056147888;8.3585280918896387448e-09;
2999199.9466626518406;9.2907743720616053906e-09;
2999533.3022196888924;9.6342871458432455256e-09;
2999866.6577767259441;1.1421060541749739059e-08;
3000200.0133337629959;1.3588413949605637754e-08;
3000533.3688908000477;9.1349692254993897222e-09;
3000866.7244478370994;8.8757134975026019674e-09;
3001200.0800048741512;8.8434495282285752182e-09;
3001533.435561911203;9.01218655258162471e-09;
3001866.7911189482547;8.8186427049663507205e-09;
3002200.1466759853065;9.3969756420619887649e-09;
3002533.5022330223583;8.6411944266728824005e-09;
3002866.85779005941;8.7088123379430726345e-09;
3003200.2133470964618;8.7561229378252392053e-09;
3003533.5689041335136;8.7316225361178112507e-09;
3003866.9244611705653;8.528268757856949378e-09;
3004200.2800182076171;9.6413135253214932163e-09;
3004533.6355752446689;8.6018614453564623545e-09;
3004866.9911322817206;9.2622070013703705627e-09;
3005200.3466893187724;8.6335321114461294201e-09;
3005533.7022463558242;8.5431590690632219776e-09;
3005867.0578033928759;1.0308471409814501385e-08;
3006200.4133604299277;8.6207254668124733143e-09;
3006533.7689174669795;9.0423171172915317584e-09;
3006867.1244745040312;8.6039166902196484443e-09;
3007200.480031541083;9.1814484903807169758e-09;
3007533.8355885781348;8.9554337279196261079e-09;
3007867.1911456151865;8.4192741667266091099e-09;
3008200.5467026522383;1.2338295718450353888e-08;
3008533.9022596892901;8.8498213202115039167e-09;
3008867.2578167263418;8.406253471093805274e-09;
3009200.6133737633936;8.237089232920880022e-09;
3009533.9689308004454;9.2564480524970349506e-09;
3009867.3244878374971;8.8382927643237962911e-09;
3010200.6800448745489;8.1451831945855701633e-09;
3010534.0356019116007;8.3526421335022860148e-09;
3010867.3911589486524;8.436877863005065592e-09;
3011200.7467159857042;8.9737177688675728859e-09;
3011534.102273022756;8.542828666691093531e-09;
3011867.4578300598077;8.9492528942969329364e-09;
3012200.8133870968595;8.7030009865429747151e-09;
3012534.1689441339113;8.1859798939376560156e-09;
3012867.524501170963;9.0348386549976567039e-09;
3013200.8800582080148;8.5249736159198619134e-09;
3013534.2356152450666;8.8508631534978121636e-09;
3013867.5911722821184;1.0212650281005153374e-08;
3014200.9467293191701;9.1472855956453713588e-09;
3014534.3022863562219;9.1351939346395738539e-09;
3014867.6578433932737;8.291692665807204321e-09;
3015201.0134004303254;8.2245961152693780605e-09;
3015534.3689574673772;8.8256326691293907061e-09;
3015867.724514504429;8.4016766876970905287e-09;
3016201.0800715414807;1.0630472502271004487e-08;
3016534.4356285785325;9.0074374625714881404e-09;
3016867.7911856155843;8.2045952254361509404e-09;
3017201.146742652636;8.6251636943757148401e-09;
3017534.5022996896878;8.6419689182548609097e-09;
3017867.8578567267396;8.4746236694854815141e-09;
3018201.2134137637913;7.9575004363618973002e-09;
3018534.5689708008431;8.6205282912032998865e-09;
3018867.9245278378949;9.2624015124442848901e-09;
3019201.2800848749466;1.0203038414147158619e-08;
3019534.6356419119984;9.1394314338799631514e-09;
3019867.9911989490502;8.7704243867392506218e-09;
3020201.3467559861019;8.4974765002243657364e-09;
3020534.7023130231537;8.6899083484581751691e-09;
3020868.0578700602055;8.4758298157794342842e-09;
3021201.4134270972572;8.5311011588373730774e-09;
3021534.768984134309;8.5223081924823418376e-09;
3021868.1245411713608;8.1082784930686102598e-09;
3022201.4800982084125;8.3988433985382471292e-09;
3022534.8356552454643;8.0516722178458621784e-09;
3022868.1912122825161;9.0177447731321080937e-09;
3023201.5467693195678;1.0138412775972938107e-08;
3023534.9023263566196;1.056666576459974749e-08;
3023868.2578833936714;8.8012468424381040677e-09;
3024201.6134404307231;1.0416420614944854606e-08;
3024534.9689974677749;9.6860803822096386284e-09;
3024868.3245545048267;1.4068219478247101506e-08;
3025201.6801115418784;1.2415111605434958619e-08;
3025535.0356685789302;9.8284154148586821975e-09;
3025868.391225615982;9.018775060098960239e-09;
3026201.7467826530337;8.5608418132210317708e-09;
3026535.1023396900855;8.1196533940897097636e-09;
3026868.4578967271373;8.6082554417998835561e-09;
3027201.813453764189;8.4121776211532051093e-09;
3027535.1690108012408;8.4166709157784680428e-09;
3027868.5245678382926;8.3432860620291648956e-09;
3028201.8801248753443;8.3768441072606947273e-09;
3028535.2356819123961;8.3278806073394662235e-09;
3028868.5912389494479;8.2443269988630163425e-09;
3029201.9467959864996;8.5838074426192179089e-09;
3029535.3023530235514;8.3754017055071017239e-09;
3029868.6579100606032;8.8888825189314957242e-09;
3030202.0134670976549;8.5217841672147187637e-09;
3030535.3690241347067;8.3838367359589938133e-09;
3030868.7245811717585;8.0576434413615061203e-09;
3031202.0801382088102;7.8565172145772521617e-09;
3031535.435695245862;8.0304118910135002807e-09;
3031868.7912522829138;8.3955979945926628716e-09;
3032202.1468093199655;9.4641876557943760417e-09;
3032535.5023663570173;8.3646236603840407042e-09;
3032868.8579233940691;8.790121519552940299e-09;
3033202.2134804311208;8.2195121819950145436e-09;
3033535.5690374681726;8.2243500898471211258e-09;
3033868.9245945052244;8.2625959407778282184e-09;
3034202.2801515422761;8.1926980755042677629e-09;
3034535.6357085793279;7.8628552557802322553e-09;
3034868.9912656163797;8.2850961646840914909e-09;
3035202.3468226534314;8.1591755574095259362e-09;
3035535.7023796904832;8.5572029462355203577e-09;
3035869.057936727535;8.1126954043497789826e-09;
3036202.4134937645867;8.5715115005768893752e-09;
3036535.7690508016385;8.4884650419780882658e-09;
3036869.1246078386903;8.2220532604537766019e-09;
3037202.480164875742;1.0214355583570977615e-08;
3037535.8357219127938;1.073319211286616337e-08;
3037869.1912789498456;8.8964435818184028903e-09;
3038202.5468359868973;8.0638313804115568928e-09;
3038535.9023930239491;8.2719635585704054392e-09;
3038869.2579500610009;8.1487900871479723719e-09;
3039202.6135070980527;8.1202813362324377522e-09;
3039535.9690641351044;8.0218258702302591701e-09;
3039869.3246211721562;9.0383789341785814031e-09;
3040202.680178209208;8.7951885774373295135e-09;
3040536.0357352462597;7.9855917434201728611e-09;
3040869.3912922833115;8.0285644799005240202e-09;
3041202.7468493203633;7.9406037301055221178e-09;
3041536.102406357415;8.2898283793042537582e-09;
3041869.4579633944668;8.3088398383779349388e-09;
3042202.8135204315186;8.3550926177622386604e-09;
3042536.1690774685703;8.2198727824334127945e-09;
3042869.5246345056221;8.0639868116350044147e-09;
3043202.8801915426739;8.3993159094575275958e-09;
3043536.2357485797256;8.2888087504784380144e-09;
3043869.5913056167774;8.1659576878223560925e-09;
3044202.9468626538292;8.7106792889812822978e-09;
3044536.3024196908809;8.3383477900156321994e-09;
3044869.6579767279327;8.1873317014924396062e-09;
3045203.0135337649845;8.2401427903278090525e-09;
3045536.3690908020362;8.1195246082188532455e-09;
3045869.724647839088;8.2064692819017182046e-09;
3046203.0802048761398;8.0444895189657472656e-09;
3046536.4357619131915;8.1605229240722110262e-09;
3046869.7913189502433;8.4342550721316911222e-09;
3047203.1468759872951;8.6046725300548132509e-09;
3047536.5024330243468;8.0896258580764879298e-09;
3047869.8579900613986;8.0936777280271599011e-09;
3048203.2135470984504;8.9291996019369435089e-09;
3048536.5691041355021;8.2772118048524134792e-09;
3048869.9246611725539;8.1416215991225726611e-09;
3049203.2802182096057;8.013796737316170038e-09;
3049536.6357752466574;8.2214466345931214164e-09;
3049869.9913322837092;8.0005744251820942736e-09;
3050203.346889320761;8.2855766692091492587e-09;
3050536.7024463578127;8.4367890451630955795e-09;
3050870.0580033948645;8.3076141521587487659e-09;
3051203.4135604319163;7.8660056246349085995e-09;
3051536.769117468968;8.1566238208097274764e-09;
3051870.1246745060198;8.2810656110154923226e-09;
3052203.4802315430716;8.6422415890297088481e-09;
3052536.8357885801233;8.188712818935073301e-09;
3052870.1913456171751;8.2805131640384388447e-09;
3053203.5469026542269;7.8306676698502997169e-09;
3053536.9024596912786;8.2974045412242958264e-09;
3053870.2580167283304;7.7213320182067946007e-09;
3054203.6135737653822;8.4627957974703349464e-09;
3054536.9691308024339;8.1017148545470263343e-09;
3054870.3246878394857;7.3032122571703439462e-09;
3055203.6802448765375;8.1971753829179760942e-09;
3055537.0358019135892;8.1514102134860877413e-09;
3055870.391358950641;7.8620958632313886483e-09;
3056203.7469159876928;8.9832443705972764292e-09;
3056537.1024730247445;7.9471620395565878425e-09;
3056870.4580300617963;8.6861993153775074461e-09;
3057203.8135870988481;8.113279825749941665e-09;
3057537.1691441358998;8.1032522913915272511e-09;
3057870.5247011729516;8.0283673042913505924e-09;
3058203.8802582100034;8.5746734157510218211e-09;
3058537.2358152470551;8.3740481215954787331e-09;
3058870.5913722841069;7.8108426393441732216e-09;
3059203.9469293211587;7.7712876134228281444e-09;
3059537.3024863582104;8.0938908908478879312e-09;
3059870.6580433952622;8.1614830449439068616e-09;
3060204.013600432314;9.7303374246848761686e-09;
3060537.3691574693657;1.4456651875605075475e-08;
3060870.7247145064175;1.0941656469753979763e-08;
3061204.0802715434693;8.6288771683484810637e-09;
3061537.435828580521;8.3816429352623345039e-09;
3061870.7913856175728;8.6611038341288804077e-09;
3062204.1469426546246;8.1990334521719887562e-09;
3062537.5024996916763;7.8138482351164384454e-09;
3062870.8580567287281;8.2255349198590010928e-09;
3063204.2136137657799;8.0609563468669875874e-09;
3063537.5691708028316;8.537368145766777161e-09;
3063870.9247278398834;8.562857090055331355e-09;
3064204.2802848769352;9.4438759035142538778e-09;
3064537.635841913987;8.0622308828992572671e-09;
3064870.9913989510387;8.3232007952460662636e-09;
3065204.3469559880905;8.0212050335148887825e-09;
3065537.7025130251423;8.2041191618031916732e-09;
3065871.058070062194;8.594716049969974847e-09;
3066204.4136270992458;8.070293766593295004e-09;
3066537.7691841362976;8.1921083250335868797e-09;
3066871.1247411733493;8.1073245894458523253e-09;
3067204.4802982104011;8.5971025853837090835e-09;
3067537.8358552474529;8.0874524854834817233e-09;
3067871.1914122845046;7.944789714997568808e-09;
3068204.5469693215564;8.1926696537948373589e-09;
3068537.9025263586082;7.920221811730243644e-09;
3068871.2580833956599;7.9908826222663265071e-09;
3069204.6136404327117;8.7354887767787658959e-09;
3069537.9691974697635;9.3373904164195664634e-09;
3069871.3247545068152;1.0390796667536505993e-08;
3070204.680311543867;8.7474365528805719805e-09;
3070538.0358685809188;9.0269223207428694877e-09;
3070871.3914256179705;8.4759186336214042967e-09;
3071204.7469826550223;7.7322326319517742377e-09;
3071538.1025396920741;8.256777483950372698e-09;
3071871.4580967291258;8.6517060182700333826e-09;
3072204.8136537661776;8.5212006339929757814e-09;
3072538.1692108032294;8.0617210684863493952e-09;
3072871.5247678402811;7.8716038132142784889e-09;
3073204.8803248773329;7.6003869864393891476e-09;
3073538.2358819143847;7.8328277197670104215e-09;
3073871.5914389514364;8.1256894546299918147e-09;
3074204.9469959884882;8.5401881122493250587e-09;
3074538.30255302554;8.1257320871941374207e-09;
3074871.6581100625917;8.1387900863205686619e-09;
3075205.0136670996435;7.8230648625776666449e-09;
3075538.3692241366953;8.1878210878016943752e-09;
3075871.724781173747;8.1752009606361752958e-09;
3076205.0803382107988;7.5453767678368421912e-09;
3076538.4358952478506;7.6995378961441929277e-09;
3076871.7914522849023;7.8828268357256092713e-09;
3077205.1470093219541;8.069457102521937486e-09;
3077538.5025663590059;8.1930151552001007076e-09;
3077871.8581233960576;8.4805060751591554435e-09;
3078205.2136804331094;7.7405362119975507085e-09;
3078538.5692374701612;8.1173432420200697379e-09;
3078871.9247945072129;8.0394455537202702544e-09;
3079205.2803515442647;8.4317663961996913713e-09;
3079538.6359085813165;8.2360909203771370812e-09;
3079871.9914656183682;8.0394881862844158604e-09;
3080205.34702265542;8.5076790057314610749e-09;
3080538.7025796924718;8.2266335965641701478e-09;
3080872.0581367295235;8.6090414797013181669e-09;
3081205.4136937665753;8.3528179928293866396e-09;
3081538.7692508036271;8.0588744566512104939e-09;
3081872.1248078406788;7.7249007190971497039e-09;
3082205.4803648777306;8.2348172725232871016e-09;
3082538.8359219147824;8.2443420978961512446e-09;
3082872.1914789518341;7.9999278312925525825e-09;
3083205.5470359888859;7.8518125334881005983e-09;
3083538.9025930259377;8.3664755123891154653e-09;
3083872.2581500629894;8.6066673787854597322e-09;
3084205.6137071000412;7.9285182863486625138e-09;
3084538.969264137093;8.2199447248854085046e-09;
3084872.3248211741447;8.5743723232667434786e-09;
3085205.6803782111965;8.4548013035146141192e-09;
3085539.0359352482483;8.4406144296167440189e-09;
3085872.3914922853;8.1181417144193801505e-09;
3086205.7470493223518;8.2014679492203867994e-09;
3086539.1026063594036;8.59948912079744332e-09;
3086872.4581633964553;8.7158067429982111207e-09;
3087205.8137204335071;8.8098168760097905761e-09;
3087539.1692774705589;1.0457839927369150246e-08;
3087872.5248345076106;1.1643376041092778905e-08;
3088205.8803915446624;1.0075931200503873697e-08;
3088539.2359485817142;8.5884828138205193682e-09;
3088872.591505618766;8.3173539167091803392e-09;
3089205.9470626558177;8.2047675320495727647e-09;
3089539.3026196928695;7.9489632653917396965e-09;
3089872.6581767299213;8.7417220129282213748e-09;
3090206.013733766973;7.9779081119113470777e-09;
3090539.3692908040248;8.490388836435158737e-09;
3090872.7248478410766;8.6444131852658756543e-09;
3091206.0804048781283;8.0683939529535564361e-09;
3091539.4359619151801;8.199897649774356978e-09;
3091872.7915189522319;8.4326252647315413924e-09;
3092206.1470759892836;8.3220452751220364007e-09;
3092539.5026330263354;8.1840241250574763399e-09;
3092872.8581900633872;8.252862393476334546e-09;
3093206.2137471004389;9.3228029740544116066e-09;
3093539.5693041374907;1.0315917009506847535e-08;
3093872.9248611745425;1.0864448007907867577e-08;
3094206.2804182115942;8.274231078075899859e-09;
3094539.635975248646;8.2177216143008990912e-09;
3094872.9915322856978;8.2138678081378202478e-09;
3095206.3470893227495;8.4066380523495354282e-09;
3095539.7026463598013;8.5436990815423996537e-09;
3095873.0582033968531;9.5679171252527339675e-09;
3096206.4137604339048;1.2420216854991394939e-08;
3096539.7693174709566;9.3746015394913229102e-09;
3096873.1248745080084;8.6613924921152829484e-09;
3097206.4804315450601;7.9399340435770682234e-09;
3097539.8359885821119;8.1606232882336371404e-09;
3097873.1915456191637;8.496566117344173108e-09;
3098206.5471026562154;7.8562827354744513286e-09;
3098539.9026596932672;7.6533908099918335211e-09;
3098873.258216730319;8.23274870498380551e-09;
3099206.6137737673707;8.166258780306634435e-09;
3099539.9693308044225;7.7312813928642754036e-09;
3099873.3248878414743;8.4763209784455284534e-09;
3100206.680444878526;8.0927389234375368687e-09;
3100540.0360019155778;8.1296587239876316744e-09;
3100873.3915589526296;8.0952844427883974276e-09;
3101206.7471159896813;8.2564008963004198449e-09;
3101540.1026730267331;9.1040330829628146603e-09;
3101873.4582300637849;9.6804155802487912297e-09;
3102206.8137871008366;9.7508712215699233639e-09;
3102540.1693441378884;8.9258120894442072313e-09;
3102873.5249011749402;8.0031465898855458363e-09;
3103206.8804582119919;7.6938997395359365328e-09;
3103540.2360152490437;8.2439219895036330854e-09;
3103873.5915722860955;8.3688425078776162991e-09;
3104206.9471293231472;8.6019671385884066694e-09;
3104540.302686360199;7.9129343077966041164e-09;
3104873.6582433972508;7.9007662634467124008e-09;
3105207.0138004343025;7.957137171388239949e-09;
3105540.3693574713543;8.4485503037967646378e-09;
3105873.7249145084061;7.5062436266648546734e-09;
3106207.0804715454578;8.2971851611546298955e-09;
3106540.4360285825096;7.874356278136929177e-09;
3106873.7915856195614;8.4253697352210110694e-09;
3107207.1471426566131;7.7050588132010489062e-09;
3107540.5026996936649;8.3910567383327361313e-09;
3107873.8582567307167;7.5362365237197082024e-09;
3108207.2138137677684;8.5402325211703100649e-09;
3108540.5693708048202;7.7761903582995728357e-09;
3108873.924927841872;8.3341156198457611026e-09;
3109207.2804848789237;8.5568272467639872048e-09;
3109540.6360419159755;8.035577536702476209e-09;
3109873.9915989530273;7.9499828942175554403e-09;
3110207.347155990079;7.8779534007367146842e-09;
3110540.7027130271308;8.2182705085642737686e-09;
3110874.0582700641826;8.2436031334509607404e-09;
3111207.4138271012343;8.1951307961958264059e-09;
3111540.7693841382861;8.2853288674300529237e-09;
3111874.1249411753379;8.6240881103094579885e-09;
3112207.4804982123896;8.6089659845356436563e-09;
3112540.8360552494414;8.2916047361436540086e-09;
3112874.1916122864932;8.3353164370691956719e-09;
3113207.5471693235449;8.0657862611133168684e-09;
3113540.9027263605967;8.0806215052575680602e-09;
3113874.2582833976485;9.0019485199377413664e-09;
3114207.6138404347003;7.4926083115656183509e-09;
3114540.969397471752;7.9599891122938970511e-09;
3114874.3249545088038;8.3177340570728119928e-09;
3115207.6805115458556;7.8355668620133656077e-09;
3115541.0360685829073;7.9597235469464067137e-09;
3115874.3916256199591;8.3881088741577514156e-09;
3116207.7471826570109;8.0144308967078359274e-09;
3116541.1027396940626;8.3625231184214499081e-09;
3116874.4582967311144;8.3513365112253268308e-09;
3117207.8138537681662;8.5467162236341209791e-09;
3117541.1694108052179;8.0317246187178170658e-09;
3117874.5249678422697;8.5190148269020937732e-09;
3118207.8805248793215;8.19324519341080304e-09;
3118541.2360819163732;8.7222860045699235343e-09;
3118874.591638953425;7.7720798685732006561e-09;
3119207.9471959904768;7.7733632863896673371e-09;
3119541.3027530275285;8.265209849867005687e-09;
3119874.6583100645803;8.4272642197902314365e-09;
3120208.0138671016321;8.8269347386926710897e-09;
3120541.3694241386838;8.1612965274757698353e-09;
3120874.7249811757356;7.9247026718576307758e-09;
3121208.0805382127874;8.6534841514662730333e-09;
3121541.4360952498391;7.9626039095614942198e-09;
3121874.7916522868909;7.7930799591285904171e-09;
3122208.1472093239427;7.7760402561466435145e-09;
3122541.5027663609944;7.7245481122645287542e-09;
3122874.8583233980462;7.7537238851732581679e-09;
3123208.213880435098;7.896548304131556506e-09;
3123541.5694374721497;8.2332407558283193794e-09;
3123874.9249945092015;8.0480653252834599698e-09;
3124208.2805515462533;8.1138216145859587414e-09;
3124541.636108583305;8.2329947304060624447e-09;
3124874.9916656203568;8.0075484021335796569e-09;
3125208.3472226574086;8.0847106787018674368e-09;
3125541.7027796944603;8.6685014721865627507e-09;
3125875.0583367315121;8.0578272942943840462e-09;
3126208.4138937685639;8.6353519890280949767e-09;
3126541.7694508056156;8.0719946282670207438e-09;
3126875.1250078426674;7.7186204094914501184e-09;
3127208.4805648797192;7.7359958439160436683e-09;
3127541.8361219167709;7.574368687812693679e-09;
3127875.1916789538227;8.2498470277414526208e-09;
3128208.5472359908745;8.4236386754810155253e-09;
3128541.9027930279262;8.0994375650789152132e-09;
3128875.258350064978;8.1203523905060137622e-09;
3129208.6139071020298;8.6014226852171304927e-09;
3129541.9694641390815;8.318742139579171635e-09;
3129875.3250211761333;8.124932726616407308e-09;
3130208.6805782131851;8.0738953300851790118e-09;
3130542.0361352502368;8.324253286673410912e-09;
3130875.3916922872886;8.6158804535330091312e-09;
3131208.7472493243404;8.6110532038219389506e-09;
3131542.1028063613921;9.5531538235604784859e-09;
3131875.4583633984439;9.8697503503331063257e-09;
3132208.8139204354957;9.2069845081255152763e-09;
3132542.1694774725474;8.1838944510082001216e-09;
3132875.5250345095992;8.1894748760191760084e-09;
3133208.880591546651;8.3491942248770101287e-09;
3133542.2361485837027;8.1708364518817688804e-09;
3133875.5917056207545;8.2134059553595761827e-09;
3134208.9472626578063;8.3639921655276339152e-09;
3134542.302819694858;7.9534050456686600228e-09;
3134875.6583767319098;7.9473156944231959642e-09;
3135209.0139337689616;7.7742923210166736681e-09;
3135542.3694908060133;8.0618480780003665132e-09;
3135875.7250478430651;7.6155695083457430883e-09;
3136209.0806048801169;8.1654416561605103198e-09;
3136542.4361619171686;8.2860278638463569223e-09;
3136875.7917189542204;7.9283655196604740922e-09;
3137209.1472759912722;8.3356237468024119153e-09;
3137542.5028330283239;7.9121420526462316047e-09;
3137875.8583900653757;8.1900788373445720936e-09;
3138209.2139471024275;8.1672490992446000746e-09;
3138542.5695041394792;8.3959079688611382153e-09;
3138875.925061176531;8.3536253470128940535e-09;
3139209.2806182135828;9.1351131104033811425e-09;
3139542.6361752506346;1.0114272974703908403e-08;
3139875.9917322876863;9.1256175949183671037e-09;
3140209.3472893247381;8.4656210930234010448e-09;
3140542.7028463617899;8.6182723180172615685e-09;
3140876.0584033988416;8.478346025242444739e-09;
3141209.4139604358934;7.6372606017116595467e-09;
3141542.7695174729452;7.7301809398022669484e-09;
3141876.1250745099969;8.7937976900320791174e-09;
3142209.4806315470487;8.5416429485007938638e-09;
3142542.8361885841005;8.090279557393387222e-09;
3142876.1917456211522;8.5349531886436125205e-09;
3143209.547302658204;7.9486701665132386552e-09;
3143542.9028596952558;8.4049398552110687888e-09;
3143876.2584167323075;8.2246254251572281646e-09;
3144209.6139737693593;8.0891426890161710617e-09;
3144542.9695308064111;7.8698061400928054354e-09;
3144876.3250878434628;7.8683131121692895249e-09;
3145209.6806448805146;8.5116997894374435418e-09;
3145543.0362019175664;8.0765198973153928819e-09;
3145876.3917589546181;8.4863929217249278736e-09;
3146209.7473159916699;8.414231977837971499e-09;
3146543.1028730287217;8.4347293594078109891e-09;
3146876.4584300657734;8.667297990427869081e-09;
3147209.8139871028252;8.6398284082633836078e-09;
3147543.169544139877;8.2398674550177020137e-09;
3147876.5251011769287;7.995038409092103393e-09;
3148209.8806582139805;8.2390139155563701934e-09;
3148543.2362152510323;8.4745641615313616057e-09;
3148876.591772288084;8.4954914214563359565e-09;
3149209.9473293251358;7.9901809613147634082e-09;
3149543.3028863621876;7.8906960965241523809e-09;
3149876.6584433992393;8.3494882119339308701e-09;
3150210.0140004362911;7.8219102306320564821e-09;
3150543.3695574733429;7.8262401004280945926e-09;
3150876.7251145103946;8.2206090823433441983e-09;
3151210.0806715474464;8.27686275073347133e-09;
3151543.4362285844982;8.6542746302598061447e-09;
3151876.7917856215499;8.5310860598042381753e-09;
3152210.1473426586017;8.271571871887317684e-09;
3152543.5028996956535;8.3755198332369218406e-09;
3152876.8584567327052;8.3316118448806264496e-09;
3153210.214013769757;8.1523836570340790786e-09;
3153543.5695708068088;8.5596383314623381011e-09;
3153876.9251278438605;8.1043483035614372056e-09;
3154210.2806848809123;8.3766380498673242982e-09;
3154543.6362419179641;8.1693150022488225659e-09;
3154876.9917989550158;9.0600620339387205604e-09;
3155210.3473559920676;8.8718783430863368267e-09;
3155543.7029130291194;8.7287084227227751398e-09;
3155877.0584700661711;9.0767739990837981168e-09;
3156210.4140271032229;1.2944967764383363829e-08;
3156543.7695841402747;1.4550924909428886167e-08;
3156877.1251411773264;1.0699606534103622835e-08;
3157210.4806982143782;8.963838560305248393e-09;
3157543.83625525143;8.3843962883634048922e-09;
3157877.1918122884817;8.3221189939308715111e-09;
3158210.5473693255335;8.6014679823165351991e-09;
3158543.9029263625853;8.2029378845049905067e-09;
3158877.258483399637;8.4832176838744999259e-09;
3159210.6140404366888;8.4026661184566364682e-09;
3159543.9695974737406;8.5844860109318688046e-09;
3159877.3251545107923;8.4221589702337951167e-09;
3160210.6807115478441;8.6179392511098740215e-09;
3160544.0362685848959;8.4419333745699987048e-09;
3160877.3918256219476;7.9833473165535906446e-09;
3161210.7473826589994;8.9215319576396723278e-09;
3161544.1029396960512;8.3558706620578959701e-09;
3161877.4584967331029;8.5459506138363394712e-09;
3162210.8140537701547;7.9253714702076649701e-09;
3162544.1696108072065;8.418076014038433641e-09;
3162877.5251678442582;8.597978329305533407e-09;
3163210.88072488131;8.241705984346481273e-09;
3163544.2362819183618;8.7601073062160139671e-09;
3163877.5918389554136;9.2611331936609531112e-09;
3164210.9473959924653;1.0881256784500692447e-08;
3164544.3029530295171;8.4251778886823558423e-09;
3164877.6585100665689;8.600304468586728035e-09;
3165211.0140671036206;9.4721883669990347698e-09;
3165544.3696241406724;8.832518716417325777e-09;
3165877.7251811777242;8.864618372683708003e-09;
3166211.0807382147759;9.6485646139399250387e-09;
3166544.4362952518277;1.1930310961361101363e-08;
3166877.7918522888795;1.2301978102868815768e-08;
3167211.1474093259312;1.1088778784085207008e-08;
3167544.502966362983;1.0549453755004378763e-08;
3167877.8585234000348;9.0743181857533272705e-09;
3168211.2140804370865;9.8033430262489673623e-09;
3168544.5696374741383;9.0836804744753862906e-09;
3168877.9251945111901;9.7131565013341969461e-09;
3169211.2807515482418;8.7669898007902702375e-09;
3169544.6363085852936;8.5074391975581420411e-09;
3169877.9918656223454;8.6717149017090378038e-09;
3170211.3474226593971;8.7390041869639389915e-09;
3170544.7029796964489;8.4580102921449906717e-09;
3170878.0585367335007;9.1200567098326246196e-09;
3171211.4140937705524;9.5816758971523086075e-09;
3171544.7696508076042;9.0598080149106863246e-09;
3171878.125207844656;8.4360038954400806688e-09;
3172211.4807648817077;1.6930556512306793593e-08;
3172544.8363219187595;1.0042796816378540825e-08;
3172878.1918789558113;9.1408924873803698574e-09;
3173211.547435992863;8.8492457805955382355e-09;
3173544.9029930299148;8.5154985285385009774e-09;
3173878.2585500669666;9.4678132001035919529e-09;
3174211.6141071040183;8.8949754228906385833e-09;
3174544.9696641410701;9.1184384487519309914e-09;
3174878.3252211781219;9.0727247936683852458e-09;
3175211.6807782151736;9.5057774984752541059e-09;
3175545.0363352522254;8.7127762782301942934e-09;
3175878.3918922892772;1.0101506298099138803e-08;
3176211.7474493263289;1.2312962205385247216e-08;
3176545.1030063633807;9.9407282405650221335e-09;
3176878.4585634004325;9.5484224971187359188e-09;
3177211.8141204374842;9.4991170485059228668e-09;
3177545.169677474536;9.5335721539413498249e-09;
3177878.5252345115878;9.3076328866459334677e-09;
3178211.8807915486395;9.2963414743962857756e-09;
3178545.2363485856913;9.2321865707845063298e-09;
3178878.5919056227431;9.3283070157212932827e-09;
3179211.9474626597948;9.6784766867585858563e-09;
3179545.3030196968466;9.9343386850136994326e-09;
3179878.6585767338984;9.121931654476611584e-09;
3180212.0141337709501;1.1856160497814016708e-08;
3180545.3696908080019;1.0081154577790130134e-08;
3180878.7252478450537;9.0675138508800046111e-09;
3181212.0808048821054;9.0933083285449356481e-09;
3181545.4363619191572;9.8030676909388603235e-09;
3181878.791918956209;1.1669751387444193824e-08;
3182212.1474759932607;9.7227506046237976989e-09;
3182545.5030330303125;9.2387404393434735539e-09;
3182878.8585900673643;9.4725045585164480144e-09;
3183212.214147104416;9.6384509262747997127e-09;
3183545.5697041414678;9.1860306028479499219e-09;
3183878.9252611785196;9.3560919012247723003e-09;
3184212.2808182155713;1.2883282884956770431e-08;
3184545.6363752526231;9.5236796227027298301e-09;
3184878.9919322896749;8.5472571242917183554e-09;
3185212.3474893267266;9.5670262822977747419e-09;
3185545.7030463637784;9.521856192407085473e-09;
3185879.0586034008302;8.6971017054793264833e-09;
3186212.4141604378819;9.0112841633072093828e-09;
3186545.7697174749337;9.0552090270534790761e-09;
3186879.1252745119855;9.647361132181231369e-09;
3187212.4808315490372;9.2079712743498021155e-09;
3187545.836388586089;9.3225569486321546719e-09;
3187879.1919456231408;9.2532292939040416968e-09;
3188212.5475026601925;9.3324539207628731674e-09;
3188545.9030596972443;8.8249967333808854164e-09;
3188879.2586167342961;8.9162206506898655789e-09;
3189212.6141737713479;8.7964240336191323877e-09;
3189545.9697308083996;8.7309173224525693513e-09;
3189879.3252878454514;1.2922542147464355367e-08;
3190212.6808448825032;9.5290015877935729804e-09;
3190546.0364019195549;8.7080627153568457288e-09;
3190879.3919589566067;8.8826386246410038439e-09;
3191212.7475159936585;8.9389926571925570897e-09;
3191546.1030730307102;9.1664604795482773625e-09;
3191879.458630067762;8.703581855229458597e-09;
3192212.8141871048138;1.048843589757098016e-08;
3192546.1697441418655;8.8283460542015745887e-09;
3192879.5253011789173;9.1025622594997912529e-09;
3193212.8808582159691;9.2945446894532324222e-09;
3193546.2364152530208;9.5390166876541115926e-09;
3193879.5919722900726;8.6043696612136955082e-09;
3194212.9475293271244;8.2745073015644265979e-09;
3194546.3030863641761;8.4324183191597512632e-09;
3194879.6586434012279;9.0355207760239864001e-09;
3195213.0142004382797;8.3186249000277712184e-09;
3195546.3697574753314;8.2233970744027828914e-09;
3195879.7253145123832;8.7356575306785089197e-09;
3196213.080871549435;8.7427354245050992176e-09;
3196546.4364285864867;8.7156388772768877971e-09;
3196879.7919856235385;8.8801890285594708985e-09;
3197213.1475426605903;8.4720630511014860531e-09;
3197546.503099697642;8.5544975547691137763e-09;
3197879.8586567346938;8.3196773914551158668e-09;
3198213.2142137717456;8.3231128655825159512e-09;
3198546.5697708087973;8.4993283522294404975e-09;
3198879.9253278458491;8.4693398960666854691e-09;
3199213.2808848829009;8.1822850717117034947e-09;
3199546.6364419199526;8.2058635442194827192e-09;
3199879.9919989570044;8.5374427527540319716e-09;
3200213.3475559940562;9.6270289517974561022e-09;
3200546.7031130311079;8.9945819681247485278e-09;
3200880.0586700681597;8.0633641985627946269e-09;
3201213.4142271052115;8.3032514197611817508e-09;
3201546.7697841422632;8.9870955122250961722e-09;
3201880.125341179315;8.6272553545541086351e-09;
3202213.4808982163668;8.3557090135855105473e-09;
3202546.8364552534185;9.0994607404581984156e-09;
3202880.1920122904703;1.1029194446621204406e-08;
3203213.5475693275221;1.0565589292355070938e-08;
3203546.9031263645738;8.945952423289327271e-09;
3203880.2586834016256;8.1164444054593332112e-09;
3204213.6142404386774;9.1835783422311578761e-09;
3204546.9697974757291;7.8379622792112968455e-09;
3204880.3253545127809;8.2873965467911148153e-09;
3205213.6809115498327;8.7546920823911023035e-09;
3205547.0364685868844;8.7596765396824594063e-09;
3205880.3920256239362;8.6078921768262262049e-09;
3206213.747582660988;7.8033819406186921697e-09;
3206547.1031396980397;8.3734015277059370419e-09;
3206880.4586967350915;8.3082412061230570544e-09;
3207213.8142537721433;8.3478743917453357426e-09;
3207547.169810809195;8.3306170850505623093e-09;
3207880.5253678462468;8.2486151242733285471e-09;
3208213.8809248832986;8.9821243776100345713e-09;
3208547.2364819203503;9.0243057471184329188e-09;
3208880.5920389574021;9.8392991532136875321e-09;
3209213.9475959944539;1.3098047091375519813e-08;
3209547.3031530315056;1.3482246430385202984e-08;
3209880.6587100685574;9.7358938688785201521e-09;
3210214.0142671056092;8.2880076135438685014e-09;
3210547.3698241426609;8.4969391522804471606e-09;
3210880.7253811797127;8.685283603426796617e-09;
3211214.0809382167645;7.6266690740567355533e-09;
3211547.4364952538162;8.4108480180589140218e-09;
3211880.792052290868;8.3363849157080949226e-09;
3212214.1476093279198;7.8010788939764097449e-09;
3212547.5031663649715;8.180876420738059096e-09;
3212880.8587234020233;8.4904492325676983455e-09;
3213214.2142804390751;8.1382891536918577913e-09;
3213547.5698374761268;8.6072269311898708111e-09;
3213880.9253945131786;8.1563662490680144401e-09;
3214214.2809515502304;8.1852604694176989142e-09;
3214547.6365085872822;8.2518472055426173029e-09;
3214880.9920656243339;8.0771584975991572719e-09;
3215214.3476226613857;8.3900983938178796961e-09;
3215547.7031796984375;7.9706374833676818525e-09;
3215881.0587367354892;7.9143793740854562202e-09;
3216214.414293772541;8.548368235494763212e-09;
3216547.7698508095928;7.8721704710460471688e-09;
3216881.1254078466445;8.211833879556706961e-09;
3217214.4809648836963;8.2721234306859514618e-09;
3217547.8365219207481;8.2812405821641732473e-09;
3217881.1920789577998;8.0604181107446493115e-09;
3218214.5476359948516;7.8280821824705526524e-09;
3218547.9031930319034;8.2097999509755936742e-09;
3218881.2587500689551;7.9376603068226359028e-09;
3219214.6143071060069;7.9914439510275769862e-09;
3219547.9698641430587;8.2081843544301591464e-09;
3219881.3254211801104;8.2172881832320854301e-09;
3220214.6809782171622;8.5315656761508762429e-09;
3220548.036535254214;8.4537763456182801747e-09;
3220881.3920922912657;8.1365456594539864454e-09;
3221214.7476493283175;8.4984623782702328754e-09;
3221548.1032063653693;8.211415547521028202e-09;
3221881.458763402421;7.9071806879937867052e-09;
3222214.8143204394728;7.597837026196430088e-09;
3222548.1698774765246;8.1785049843574597617e-09;
3222881.5254345135763;8.2686657520980588743e-09;
3223214.8809915506281;8.2467899176208447898e-09;
3223548.2365485876799;8.3557827323943456577e-09;
3223881.5921056247316;8.2200175555158239149e-09;
3224214.9476626617834;8.7515399371795865591e-09;
3224548.3032196988352;8.3458804311931089615e-09;
3224881.6587767358869;7.9471762504113030445e-09;
3225215.0143337729387;8.5045703812625106366e-09;
3225548.3698908099905;8.2103621679152638535e-09;
3225881.7254478470422;7.9599891122938970511e-09;
3226215.081004884094;8.4571034619784768438e-09;
3226548.4365619211458;8.5733482535488292342e-09;
3226881.7921189581975;8.4602991279325578944e-09;
3227215.1476759952493;7.7915327523214727989e-09;
3227548.5032330323011;8.4202209649220094434e-09;
3227881.8587900693528;8.1275448593487453763e-09;
3228215.2143471064046;8.0892847975633230817e-09;
3228548.5699041434564;8.3931501748679693264e-09;
3228881.9254611805081;8.161727294009324396e-09;
3229215.2810182175599;7.6722237452031549765e-09;
3229548.6365752546117;8.0407316360719960358e-09;
3229881.9921322916634;7.835057935778877436e-09;
3230215.3476893287152;8.2250002364503416175e-09;
3230548.703246365767;8.399714701567972952e-09;
3230882.0588034028187;8.4303151126619013667e-09;
3231215.4143604398705;9.3093825981327427144e-09;
3231548.7699174769223;8.8290130761947693827e-09;
3231882.125474513974;8.1025257614442125487e-09;
3232215.4810315510258;7.9959381338312596199e-09;
3232548.8365885880776;7.8951609694399849104e-09;
3232882.1921456251293;8.2022744152254745131e-09;
3233215.5477026621811;8.0611828323640111194e-09;
3233548.9032596992329;8.5896143531272173277e-09;
3233882.2588167362846;8.9737968167469261971e-09;
3234215.6143737733364;1.273242222765702536e-08;
3234548.9699308103882;1.5302505929071230639e-08;
3234882.3254878474399;1.0775170089516450389e-08;
3235215.6810448844917;8.324004596715894877e-09;
3235549.0366019215435;8.450643740331997833e-09;
3235882.3921589585952;8.3960705055119433382e-09;
3236215.747715995647;8.3166815656454673444e-09;
3236549.1032730326988;8.4615621176453714725e-09;
3236882.4588300697505;8.4849469672576560697e-09;
3237215.8143871068023;8.1604794033296457201e-09;
3237549.1699441438541;8.8269196396595361875e-09;
3237882.5255011809058;8.3463786992865607317e-09;
3238215.8810582179576;8.9106775291725170973e-09;
3238549.2366152550094;1.1574669223080036318e-08;
3238882.5921722920612;8.6564035939318273449e-09;
3239215.9477293291129;8.2424884695342370833e-09;
3239549.3032863661647;8.1046476196888761478e-09;
3239882.6588434032165;8.1279738495254605368e-09;
3240216.0144004402682;8.1799997886378150724e-09;
3240549.36995747732;7.8325808061663337867e-09;
3240882.7255145143718;8.1359310399875539588e-09;
3241216.0810715514235;8.3098177228180247766e-09;
3241549.4366285884753;7.8485715704346148414e-09;
3241882.7921856255271;7.6889143940661597298e-09;
3242216.1477426625788;7.5800929977276609861e-09;
3242549.5032996996306;8.161110010007632809e-09;
3242882.8588567366824;8.5737399402319169894e-09;
3243216.2144137737341;7.8912227863270345551e-09;
3243549.5699708107859;8.5351636869290814502e-09;
3243882.9255278478377;7.7158546218925039284e-09;
3244216.2810848848894;8.1349877945058324258e-09;
3244549.6366419219412;8.2485867025638981431e-09;
3244882.992198958993;7.9847222167472864385e-09;
3245216.3477559960447;7.9507787020816067525e-09;
3245549.7033130330965;8.1272171215118760301e-09;
3245883.0588700701483;7.9838526900744000159e-09;
3246216.4144271072;7.7906436857233529736e-09;
3246549.7699841442518;8.5456806075967506331e-09;
3246883.1255411813036;8.2641644638670186396e-09;
3247216.4810982183553;8.4856770499186495726e-09;
3247549.8366552554071;7.6827575412607984617e-09;
3247883.1922122924589;7.9839086453148411238e-09;
3248216.5477693295106;8.1584872191342583392e-09;
3248549.9033263665624;7.8044646301123066223e-09;
3248883.2588834036142;8.108535176631903596e-09;
3249216.6144404406659;7.9772348726692143828e-09;
3249549.9699974777177;8.4519351517542418151e-09;
3249883.3255545147695;7.5720807402035461564e-09;
3250216.6811115518212;8.2112707744386170816e-09;
3250550.036668588873;8.2648314858602134336e-09;
3250883.3922256259248;8.141578078380007355e-09;
3251216.7477826629765;7.8965758376625672099e-09;
3251550.1033397000283;8.122563954771067074e-09;
3251883.4588967370801;8.3852365051484412106e-09;
3252216.8144537741318;8.0493665066683206533e-09;
3252550.1700108111836;7.7247515051226400828e-09;
3252883.5255678482354;8.6291045420239242958e-09;
3253216.8811248852871;7.6820283467782246589e-09;
3253550.2366819223389;8.4932381128055567387e-09;
3253883.5922389593907;7.6539823368193538045e-09;
3254216.9477959964424;8.338713719524548651e-09;
3254550.3033530334942;8.1502360416152441758e-09;
3254883.658910070546;8.2923188315930929093e-09;
3255217.0144671075977;8.0629387610997582669e-09;
3255550.3700241446495;8.3760935964960481215e-09;
3255883.7255811817013;7.9705957389819559467e-09;
3256217.081138218753;8.4485805018630344421e-09;
3256550.4366952558048;7.969895854387232248e-09;
3256883.7922522928566;7.6774142598878825083e-09;
3257217.1478093299083;8.4014999401915702038e-09;
3257550.5033663669601;7.9652622275716566946e-09;
3257883.8589234040119;7.9982136469425313408e-09;
3258217.2144804410636;7.580425176456628833e-09;
3258550.5700374781154;7.9324191659679854638e-09;
3258883.9255945151672;8.3773299408562706958e-09;
3259217.2811515522189;7.9491728754987889261e-09;
3259550.6367085892707;8.176996857400808949e-09;
3259883.9922656263225;7.9468129854376456933e-09;
3260217.3478226633742;8.140748519736007438e-09;
3260550.703379700426;8.728433087412668101e-09;
3260884.0589367374778;7.9429050003909651423e-09;
3261217.4144937745295;8.4310105563645265647e-09;
3261550.7700508115813;8.304841259132444975e-09;
3261884.1256078486331;7.6136839055607197224e-09;
3262217.4811648856848;8.0990112394374591531e-09;
3262550.8367219227366;8.273940643732657918e-09;
3262884.1922789597884;8.1796978079751170299e-09;
3263217.5478359968401;8.1105291371841303771e-09;
3263550.9033930338919;7.9172721711984195281e-09;
3263884.2589500709437;8.2798434775099849503e-09;
3264217.6145071079955;8.2214759444809715205e-09;
3264550.9700641450472;8.2605211559894087259e-09;
3264884.325621182099;8.3164186648332361074e-09;
3265217.6811782191508;7.9832913613131495367e-09;
3265551.0367352562025;7.8258963753796706442e-09;
3265884.3922922932543;8.2687092728406241804e-09;
3266217.7478493303061;8.0674444902228970022e-09;
3266551.1034063673578;8.436210841011870798e-09;
3266884.4589634044096;8.2011224478151234507e-09;
3267217.8145204414614;7.8999056185580229794e-09;
3267551.1700774785131;7.2950956386819143518e-09;
3267884.5256345155649;8.4192883775813243119e-09;
3268217.8811915526167;8.4754718798762951337e-09;
3268551.2367485896684;8.3308657750080783444e-09;
3268884.5923056267202;7.5983841441029653652e-09;
3269217.947862663772;7.8485991039656255452e-09;
3269551.3034197008237;8.1406055230104357179e-09;
3269884.6589767378755;7.8628410449255170533e-09;
3270218.0145337749273;8.1855340283709665528e-09;
3270551.370090811979;8.1392901307708598324e-09;
3270884.7256478490308;8.1519830885667943221e-09;
3271218.0812048860826;8.027633668916678289e-09;
3271551.4367619231343;7.8894073496371674992e-09;
3271884.7923189601861;8.1652835604018036975e-09;
3272218.1478759972379;8.0507103206173269427e-09;
3272551.5034330342896;8.2228046593968429079e-09;
3272884.8589900713414;8.1291586795373405039e-09;
3273218.2145471083932;8.7417983962723155855e-09;
3273551.5701041454449;8.9633980238090771309e-09;
3273884.9256611824967;9.1769170040834069368e-09;
3274218.2812182195485;1.0746361134295057127e-08;
3274551.6367752566002;8.6175910851693515724e-09;
3274884.992332293652;7.9785387185893341666e-09;
3275218.3478893307038;8.0873103769363297033e-09;
3275551.7034463677555;8.4425861857084782969e-09;
3275885.0590034048073;8.9396996472146383894e-09;
3276218.4145604418591;8.3358138169842277421e-09;
3276551.7701174789108;8.5665279314639519725e-09;
3276885.1256745159626;8.7955900340830339701e-09;
3277218.4812315530144;8.2833935266535263509e-09;
3277551.8367885900661;8.0688762338354536041e-09;
3277885.1923456271179;8.5914706460243905894e-09;
3278218.5479026641697;8.5644522584971127799e-09;
3278551.9034597012214;7.7900823569621024944e-09;
3278885.2590167382732;7.6063706444529088913e-09;
3279218.614573775325;8.5717823949948979134e-09;
3279551.9701308123767;8.4836351277317589847e-09;
3279885.3256878494285;8.2248421406916349952e-09;
3280218.6812448864803;8.5527540605312424304e-09;
3280552.036801923532;8.7149034655453760934e-09;
3280885.3923589605838;8.0443767203064453497e-09;
3281218.7479159976356;8.1831901255213779223e-09;
3281552.1034730346873;7.8164710259898129152e-09;
3281885.4590300717391;7.7959008137895580148e-09;
3282218.8145871087909;8.8498675054893283232e-09;
3282552.1701441458426;8.1236484206215209269e-09;
3282885.5257011828944;8.114790617241851578e-09;
3283218.8812582199462;8.2464133299708919367e-09;
3283552.2368152569979;8.0608852925934115774e-09;
3283885.5923722940497;8.4192004479177739995e-09;
3284218.9479293311015;8.7300122686428949237e-09;
3284552.3034863681532;8.2688833558108854049e-09;
3284885.659043405205;7.9277526765508810058e-09;
3285219.0146004422568;8.2732425354947736196e-09;
3285552.3701574793085;8.1965705334141603089e-09;
3285885.7257145163603;8.144053431635711604e-09;
3286219.0812715534121;8.2013817959136758873e-09;
3286552.4368285904638;8.4258875432396962424e-09;
3286885.7923856275156;7.9338828840036512702e-09;
3287219.1479426645674;8.5821181272649482707e-09;
3287552.5034997016191;8.4515638931748071627e-09;
3287885.8590567386709;8.4203541916849644622e-09;
3288219.2146137757227;8.7601073062160139671e-09;
3288552.5701708127744;8.5445996944599755807e-09;
3288885.9257278498262;8.2133198020528652705e-09;
3289219.281284886878;8.3004509932038672559e-09;
3289552.6368419239298;8.4112761200572094822e-09;
3289885.9923989609815;8.4238456210528056545e-09;
3290219.3479559980333;7.9433100097503483994e-09;
3290552.7035130350851;7.8495094868458181736e-09;
3290886.0590700721368;8.2360331887798565731e-09;
3291219.4146271091886;7.805150303852315119e-09;
3291552.7701841462404;8.2351645502853898506e-09;
3291886.1257411832921;8.5486240308796368481e-09;
3292219.4812982203439;8.1759772285749932053e-09;
3292552.8368552573957;8.0848101546848738508e-09;
3292886.1924122944474;8.4284339507689765014e-09;
3293219.5479693314992;8.5838678387517575175e-09;
3293552.903526368551;9.4613783474528645456e-09;
3293886.2590834056027;1.0603316447088673158e-08;
3294219.6146404426545;9.1054888073927031655e-09;
3294552.9701974797063;8.8193550240589502209e-09;
3294886.325754516758;8.3146662888111677603e-09;
3295219.6813115538098;8.4620079832120609353e-09;
3295553.0368685908616;8.5017326512115687365e-09;
3295886.3924256279133;1.0230769120767035929e-08;
3296219.7479826649651;1.0038687214830588346e-08;
3296553.1035397020169;9.0804261887456050317e-09;
3296886.4590967390686;7.963499193408551946e-09;
3297219.8146537761204;8.128187900524608267e-09;
3297553.1702108131722;7.8032176276110476465e-09;
3297886.5257678502239;8.1377322658227058128e-09;
3298219.8813248872757;8.220103708822534827e-09;
3298553.2368819243275;8.5778228964272784651e-09;
3298886.5924389613792;7.6689357086934251129e-09;
3299219.947995998431;8.1866264878271977068e-09;
3299553.3035530354828;7.9783282203038652369e-09;
3299886.6591100725345;8.2288158509413733555e-09;
3300220.0146671095863;8.4958795554257449112e-09;
3300553.3702241466381;8.2977829052310880797e-09;
3300886.7257811836898;8.4421563073533434363e-09;
3301220.0813382207416;7.8835604711002815748e-09;
3301553.4368952577934;7.9690556376021959295e-09;
3301886.7924522948451;8.0388948831000561768e-09;
3302220.1480093318969;8.328217226960532571e-09;
3302553.5035663689487;7.9274462549960844626e-09;
3302886.8591234060004;8.3622149205098139646e-09;
3303220.2146804430522;7.8478965548356427462e-09;
3303553.570237480104;7.9997590773928095587e-09;
3303886.9257945171557;8.0520816680973439361e-09;
3304220.2813515542075;8.025081044138460129e-09;
3304553.6369085912593;7.7740320847397015314e-09;
3304886.992465628311;8.0141768776798016916e-09;
3305220.3480226653628;8.2816473678803959046e-09;
3305553.7035797024146;8.0863724605251263711e-09;
3305887.0591367394663;8.0424262804967838747e-09;
3306220.4146937765181;8.1780164862266246928e-09;
3306553.7702508135699;8.06998201596798026e-09;
3306887.1258078506216;8.5349380896104776184e-09;
3307220.4813648876734;8.174110277536783542e-09;
3307553.8369219247252;7.5196266990928961604e-09;
3307887.1924789617769;8.3647559989685760229e-09;
3308220.5480359988287;8.3597910816024523228e-09;
3308553.9035930358805;7.9691533372283629433e-09;
3308887.2591500729322;8.2394189249157534505e-09;
3309220.614707109984;8.5067517474612941442e-09;
3309553.9702641470358;9.4976817521796874644e-09;
3309887.3258211840875;8.8562757127874647267e-09;
3310220.6813782211393;8.3117308591340588464e-09;
3310554.0369352581911;8.2641644638670186396e-09;
3310887.3924922952428;8.1851165845137074939e-09;
3311220.7480493322946;8.1056299450210644864e-09;
3311554.1036063693464;8.3608782119881652761e-09;
3311887.4591634063981;8.4322850923967962444e-09;
3312220.8147204434499;8.6517060182700333826e-09;
3312554.1702774805017;8.2498035069988873147e-09;
3312887.5258345175534;8.3967188757583244296e-09;
3313220.8813915546052;7.5752604189460726047e-09;
3313554.236948591657;7.9970892130631909822e-09;
3313887.5925056287088;8.0400814894687755441e-09;
3314220.9480626657605;8.6158502554667393269e-09;
3314554.3036197028123;8.0173450101028720383e-09;
3314887.6591767398641;7.9239370620598492678e-09;
3315221.0147337769158;8.3518640892066287051e-09;
3315554.3702908139676;8.0776549893357696419e-09;
3315887.7258478510194;8.6160625301090476569e-09;
3316221.0814048880711;8.2560376313267624937e-09;
3316554.4369619251229;8.2188185146492287458e-09;
3316887.7925189621747;8.4876452532967050502e-09;
3317221.1480759992264;8.2124973488362229546e-09;
3317554.5036330362782;7.812434255072275846e-09;
3317887.85919007333;7.8423969540608595707e-09;
3318221.2147471103817;8.171784138255588914e-09;
3318554.5703041474335;8.124833250633400894e-09;
3318887.9258611844853;7.9743767145146193798e-09;
3319221.281418221537;7.6826491834935950465e-09;
3319554.6369752585888;7.9958955012671140139e-09;
3319887.9925322956406;8.5203026856106589548e-09;
3320221.3480893326923;7.9586888190874560678e-09;
3320554.7036463697441;7.6751218713866364851e-09;
3320888.0592034067959;8.0973183713695107144e-09;
3321221.4147604438476;8.0293256488062070275e-09;
3321554.7703174808994;8.385104166563905892e-09;
3321888.1258745179512;8.3227620351067344018e-09;
3322221.4814315550029;8.232358794657557155e-09;
3322554.8369885920547;7.9941679942407972703e-09;
3322888.1925456291065;7.6040329588522581616e-09;
3323221.5481026661582;7.761532749839261669e-09;
3323554.90365970321;8.5399030069766013185e-09;
3323888.2592167402618;7.4577952702270522423e-09;
3324221.6147737773135;8.5171301122954901075e-09;
3324554.9703308143653;7.9552355813916619809e-09;
3324888.3258878514171;8.1378743743698578328e-09;
3325221.6814448884688;7.9659203677806544874e-09;
3325555.0370019255206;7.9038064981773459294e-09;
3325888.3925589625724;8.2836120185447725817e-09;
3326221.7481159996241;7.4176043085572018754e-09;
3326555.1036730366759;8.1502928850341049838e-09;
3326888.4592300737277;7.783256705806707032e-09;
3327221.8147871107794;7.8096897837554024591e-09;
3327555.1703441478312;7.744426433475837257e-09;
3327888.525901184883;7.8168005401835216617e-09;
3328221.8814582219347;8.402090578840670787e-09;
3328555.2370152589865;7.7593380609641826595e-09;
3328888.5925722960383;8.3861646515970278415e-09;
3329221.94812933309;8.4023561441881611245e-09;
3329555.3036863701418;8.4814892886697634822e-09;
3329888.6592434071936;8.0389659373736321868e-09;
3330222.0148004442453;7.8079613885506660154e-09;
3330555.3703574812971;8.358586711665338953e-09;
3330888.7259145183489;7.942626112367179303e-09;
3331222.0814715554006;7.9012245635112776654e-09;
3331555.4370285924524;7.7161521616631034703e-09;
3331888.7925856295042;8.3524218652542003838e-09;
3332222.1481426665559;8.4781079934259651054e-09;
3332555.5036997036077;8.5220390744211726997e-09;
3332888.8592567406595;8.4691764712374606461e-09;
3333222.2148137777112;8.4990441351351364574e-09;
3333555.570370814763;8.1327300449629547074e-09;
3333888.9259278518148;7.8456352525790862273e-09;
3334222.2814848888665;8.4101676733894237259e-09;
3334555.6370419259183;8.0875235397570577334e-09;
3334888.9925989629701;8.4251476906160860381e-09;
3335222.3481560000218;8.3562081698573820177e-09;
3335555.7037130370736;8.3500015790605175425e-09;
3335889.0592700741254;7.9649122852742948453e-09;
3336222.4148271111771;8.4510887177202675957e-09;
3336555.7703841482289;8.0423276926921971608e-09;
3336889.1259411852807;8.1050028910567561979e-09;
3337222.4814982223324;7.8466690922596171731e-09;
3337555.8370552593842;8.3384064097913324076e-09;
3337889.192612296436;8.2020150671269220766e-09;
3338222.5481693334877;8.0132060986670694547e-09;
3338555.9037263705395;8.249876337629302725e-09;
3338889.2592834075913;8.1814652830303202791e-09;
3339222.6148404446431;8.4893301277588761877e-09;
3339555.9703974816948;7.6844717256108197034e-09;
3339889.3259545187466;7.9290751742178144923e-09;
3340222.6815115557984;8.3022015928690962028e-09;
3340556.0370685928501;8.3874605039113703242e-09;
3340889.3926256299019;8.4001863243088337185e-09;
3341222.7481826669537;7.9302591160512747592e-09;
3341556.1037397040054;8.2390281264110853954e-09;
3341889.4592967410572;8.1830897613599518081e-09;
3342222.814853778109;7.8508053391601606563e-09;
3342556.1704108151607;8.2466451445384336694e-09;
3342889.5259678522125;8.4867357585949321219e-09;
3343222.8815248892643;8.7161744488639669726e-09;
3343556.237081926316;8.3601143785472231684e-09;
3343889.5926389633678;8.211415547521028202e-09;
3344222.9481960004196;8.7265163983829552308e-09;
3344556.3037530374713;8.41615399593820257e-09;
3344889.6593100745231;8.8080058802120220207e-09;
3345223.0148671115749;9.3766434616782134981e-09;
3345556.3704241486266;8.983859878242128616e-09;
3345889.7259811856784;8.65714877562595575e-09;
3346223.0815382227302;8.5110869463278504554e-09;
3346556.4370952597819;8.1823419151305643027e-09;
3346889.7926522968337;8.9984073525783969671e-09;
3347223.1482093338855;8.6184082093154756876e-09;
3347556.5037663709372;8.5213800460337552067e-09;
3347889.859323407989;8.442437859912388376e-09;
3348223.2148804450408;1.2159611983975082694e-08;
3348556.5704374820925;9.3723784289068134967e-09;
3348889.9259945191443;1.0060861477256821672e-08;
3349223.2815515561961;1.0199401323518486606e-08;
3349556.6371085932478;8.957526276276439603e-09;
3349889.9926656302996;8.8062268588373626699e-09;
3350223.3482226673514;9.013072954644485435e-09;
3350556.7037797044031;8.9326199770312086912e-09;
3350890.0593367414549;8.5134645999573876907e-09;
3351223.4148937785067;8.6867792958855716279e-09;
3351556.7704508155584;9.1456309192494700255e-09;
3351890.1260078526102;8.87402951121885053e-09;
3352223.481564889662;1.0106245618146658671e-08;
3352556.8371219267137;9.0328544644080466242e-09;
3352890.1926789637655;8.7124547576422628481e-09;
3353223.5482360008173;8.6660039144703659986e-09;
3353556.903793037869;8.8534291009523258253e-09;
3353890.2593500749208;9.0679757036582486762e-09;
3354223.6149071119726;8.310649945997283794e-09;
3354556.9704641490243;8.6081799466342090454e-09;
3354890.3260211860761;9.0871603575237713812e-09;
3355223.6815782231279;8.7035969542625934992e-09;
3355557.0371352601796;8.6495930418095667847e-09;
3355890.3926922972314;8.9984384388230864715e-09;
3356223.7482493342832;1.0366365543745814648e-08;
3356557.1038063713349;8.522367700436461746e-09;
3356890.4593634083867;8.4171301040214530076e-09;
3357223.8149204454385;8.7921909752708415908e-09;
3357557.1704774824902;9.1061131968217523536e-09;
3357890.526034519542;1.0503297787067822355e-08;
3358223.8815915565938;8.4391169608011296077e-09;
3358557.2371485936455;8.6521616537993395468e-09;
3358890.5927056306973;8.6440792301800684072e-09;
3359223.9482626677491;9.0840002187064783357e-09;
3359557.3038197048008;8.8429832345582326525e-09;
3359890.6593767418526;9.0632941152080093161e-09;
3360224.0149337789044;1.2174060870506764331e-08;
3360557.3704908159561;1.1121670695501961745e-08;
3360890.7260478530079;1.0598213862067495938e-08;
3361224.0816048900597;9.2617185032395354938e-09;
3361557.4371619271114;9.5799927990469768702e-09;
3361890.7927189641632;9.5576693226462339226e-09;
3362224.148276001215;9.6038190733338524296e-09;
3362557.5038330382667;9.4537027095498160634e-09;
3362890.8593900753185;9.4682119922140373092e-09;
3363224.2149471123703;9.1529921419919446635e-09;
3363557.570504149422;8.6775058250054826203e-09;
3363890.9260611864738;8.5480076350563649612e-09;
3364224.2816182235256;8.3829387875766769866e-09;
3364557.6371752605774;8.8542222442811180372e-09;
3364890.9927322976291;8.8425018418547551846e-09;
3365224.3482893346809;8.9924494517390485271e-09;
3365557.7038463717327;8.352671443390136119e-09;
3365891.0594034087844;1.1494972973480344081e-08;
3366224.4149604458362;8.2702058534778188914e-09;
3366557.770517482888;8.6791374087624717504e-09;
3366891.1260745199397;8.3505584669296695211e-09;
3367224.4816315569915;9.1990628448002098594e-09;
3367557.8371885940433;8.1144628794049822318e-09;
3367891.192745631095;8.4876896622176900564e-09;
3368224.5483026681468;1.1195513849315830157e-08;
3368557.9038597051986;8.2559656888747667836e-09;
3368891.2594167422503;8.7690690264707882307e-09;
3369224.6149737793021;8.8418339316831406904e-09;
3369557.9705308163539;8.5611873146262951195e-09;
3369891.3260878534056;8.6350642192201121361e-09;
3370224.6816448904574;8.4360038954400806688e-09;
3370558.0372019275092;8.2873530260485495091e-09;
3370891.3927589645609;8.5926634696420478576e-09;
3371224.7483160016127;7.8703727979245741153e-09;
3371558.1038730386645;8.3412485807343728084e-09;
3371891.4594300757162;8.1896187609231674287e-09;
3372224.814987112768;8.4457605353804865445e-09;
3372558.1705441498198;8.9665475044853337749e-09;
3372891.5261011868715;8.7172313811834101216e-09;
3373224.8816582239233;8.2218658548072198755e-09;
3373558.2372152609751;8.8773504103301092982e-09;
3373891.5927722980268;8.4334992322965263156e-09;
3374224.9483293350786;8.4221589702337951167e-09;
3374558.3038863721304;8.4289526469660813746e-09;
3374891.6594434091821;9.4585201892982695426e-09;
3375225.0150004462339;1.0881314516097972955e-08;
3375558.3705574832857;9.6997361254125280539e-09;
3375891.7261145203374;8.5481426381761593802e-09;
3376225.0816715573892;1.0516369108870549098e-08;
3376558.437228594441;8.4921945031624090916e-09;
3376891.7927856314927;8.1048607825096041779e-09;
3377225.1483426685445;8.2514848287473796518e-09;
3377558.5038997055963;8.2379134624943617382e-09;
3377891.859456742648;7.9255659812815792975e-09;
3378225.2150137796998;7.953768310642317374e-09;
3378558.5705708167516;8.8672038600634550676e-09;
3378891.9261278538033;8.7121332370543314028e-09;
3379225.2816848908551;8.3133953054925768811e-09;
3379558.6372419279069;8.1143776142766910198e-09;
3379891.9927989649586;8.3635223191436125489e-09;
3380225.3483560020104;8.818270558208496368e-09;
3380558.7039130390622;8.7724743025319185108e-09;
3380892.0594700761139;9.0328864388311558287e-09;
3381225.4150271131657;8.2361921727169828955e-09;
3381558.7705841502175;8.2142719293187838048e-09;
3381892.1261411872692;8.2309847826422810613e-09;
3382225.481698224321;7.7101907081100762298e-09;
3382558.8372552613728;7.7170740908627522003e-09;
3382892.1928122984245;8.3261690875247040822e-09;
3383225.5483693354763;8.8881959570130675274e-09;
3383558.9039263725281;8.4138624956153762469e-09;
3383892.2594834095798;8.3739450928987935185e-09;
3384225.6150404466316;9.5581231818187006866e-09;
3384558.9705974836834;8.0571052052391678444e-09;
3384892.3261545207351;8.6833003010156062373e-09;
3385225.6817115577869;8.1901658788297027058e-09;
3385559.0372685948387;8.3468041367495970917e-09;
3385892.3928256318904;8.0220505793704433017e-09;
3386225.7483826689422;7.8796000835268387164e-09;
3386559.103939705994;7.7668387277185502171e-09;
3386892.4594967430457;8.1159168274780313368e-09;
3387225.8150537800975;8.3180990984033087443e-09;
3387559.1706108171493;8.2756557162610988598e-09;
3387892.526167854201;8.0199935581504178117e-09;
3388225.8817248912528;8.5934335203319278662e-09;
3388559.2372819283046;8.0276896241571193968e-09;
3388892.5928389653563;8.0700806037725669739e-09;
3389225.9483960024081;8.3647417881138608209e-09;
3389559.3039530394599;8.3470093059645478206e-09;
3389892.6595100765117;8.1354158965041278861e-09;
3390226.0150671135634;7.9475528380612558976e-09;
3390559.3706241506152;8.0740942820511918399e-09;
3390892.726181187667;7.5138695265763999487e-09;
3391226.0817382247187;7.8732904640332890267e-09;
3391559.4372952617705;8.4929254740018222947e-09;
3391892.7928522988223;8.2294953074324439513e-09;
3392226.148409335874;8.9991027962810221652e-09;
3392559.5039663729258;8.0724200657300571038e-09;
3392892.8595234099776;7.9138375852494391438e-09;
3393226.2150804470293;7.8614190712755771528e-09;
3393559.5706374840811;7.9807112030039206729e-09;
3393892.9261945211329;8.0955260273185558617e-09;
3394226.2817515581846;7.9195121571729032439e-09;
3394559.6373085952364;8.0294393356439286435e-09;
3394892.9928656322882;7.88203724511049586e-09;
3395226.3484226693399;8.2988185212684584258e-09;
3395559.7039797063917;7.8195885322429603548e-09;
3395893.0595367434435;8.2659061817480505852e-09;
3396226.4150937804952;8.2801641099194966955e-09;
3396559.770650817547;8.1852320477082685102e-09;
3396893.1262078545988;7.8367365929921106726e-09;
3397226.4817648916505;8.418785668595774041e-09;
3397559.8373219287023;7.9954318721320305485e-09;
3397893.1928789657541;8.0966495730194765201e-09;
3398226.5484360028058;7.8753661370001282194e-09;
3398559.9039930398576;8.2782873889186703309e-09;
3398893.2595500769094;7.5473263194680839661e-09;
3399226.6151071139611;8.0179090033993816178e-09;
3399559.9706641510129;7.9657800355903418676e-09;
3399893.3262211880647;8.203556944863521494e-09;
3400226.6817782251164;9.185627369845406065e-09;
3400560.0373352621682;7.7415149846160602465e-09;
3400893.39289229922;8.257720729432094231e-09;
3401226.7484493362717;7.8622059973554314638e-09;
3401560.1040063733235;8.5465066135270717496e-09;
3401893.4595634103753;7.80742670514200654e-09;
3402226.815120447427;8.274812834940803441e-09;
3402560.1706774844788;8.200819578974005708e-09;
3402893.5262345215306;8.1212370162120350869e-09;
3403226.8817915585823;8.233862480722109467e-09;
3403560.2373485956341;7.7855810687310622598e-09;
3403893.5929056326859;8.0226572052310984873e-09;
3404226.9484626697376;8.2669666667811725347e-09;
3404560.3040197067894;7.9042088430014700862e-09;
3404893.6595767438412;8.3050313293142608018e-09;
3405227.0151337808929;8.2087758812576794298e-09;
3405560.3706908179447;8.132329476495669951e-09;
3405893.7262478549965;8.3387874383333837613e-09;
3406227.0818048920482;7.9245774387004530581e-09;
3406560.4373619291;7.9389437246391025838e-09;
3406893.7929189661518;7.7446031809813575819e-09;
3407227.1484760032035;7.8625372879059796105e-09;
3407560.5040330402553;7.6525843439867458073e-09;
3407893.8595900773071;7.8701383188217732823e-09;
3408227.2151471143588;9.1894847287221637089e-09;
3408560.5707041514106;8.5527842585975122347e-09;
3408893.9262611884624;8.1877056246071333589e-09;
3409227.2818182255141;7.8844886175488682056e-09;
3409560.6373752625659;8.7336013976369031298e-09;
3409893.9929322996177;7.8990591845240487601e-09;
3410227.3484893366694;8.1240196792009555793e-09;
3410560.7040463737212;7.6971309326268055884e-09;
3410894.059603410773;8.3610833812031160051e-09;
3411227.4151604478247;8.1599349499583695433e-09;
3411560.7707174848765;8.011052265999296651e-09;
3411894.1262745219283;7.8230097955156452372e-09;
3412227.48183155898;7.9794215679385160911e-09;
3412560.8373885960318;7.4124328897084978962e-09;
3412894.1929456330836;8.3534201777979433245e-09;
3413227.5485026701353;7.5942612198787173838e-09;
3413560.9040597071871;8.2474711504687547858e-09;
3413894.2596167442389;7.6594437459220898745e-09;
3414227.6151737812907;8.0103630395456093538e-09;
3414560.9707308183424;8.425296016412175959e-09;
3414894.3262878553942;8.4819360424148726452e-09;
3415227.681844892446;8.4827709301293907629e-09;
3415561.0374019294977;8.2595486006198370887e-09;
3415894.3929589665495;8.4725249038797301182e-09;
3416227.7485160036013;9.3837462245005553996e-09;
3416561.104073040653;9.6689261042115504097e-09;
3416894.4596300777048;8.6151539235856944288e-09;
3417227.8151871147566;8.0917015310433271225e-09;
3417561.1707441518083;8.2874107576458300173e-09;
3417894.5263011888601;8.3120514915435705916e-09;
3418227.8818582259119;8.2635107645501193474e-09;
3418561.2374152629636;8.1455553413434245158e-09;
3418894.5929723000154;8.16693290772718683e-09;
3419227.9485293370672;7.7458413016984195565e-09;
3419561.3040863741189;8.4495006547058437718e-09;
3419894.6596434111707;8.1359168291328387568e-09;
3420228.0152004482225;8.7046672092583321501e-09;
3420561.3707574852742;8.3550784069075234584e-09;
3420894.726314522326;7.8232433864400263701e-09;
3421228.0818715593778;7.6898194478758341575e-09;
3421561.4374285964295;7.8804447412039735354e-09;
3421894.7929856334813;7.8840036721317119373e-09;
3422228.1485426705331;8.2082998176247201627e-09;
3422561.5040997075848;7.954257696951572143e-09;
3422894.8596567446366;8.2380875454646229628e-09;
3423228.2152137816884;8.2222557651334682305e-09;
3423561.5707708187401;8.3489748448073441978e-09;
3423894.9263278557919;7.798448109497257974e-09;
3424228.2818848928437;9.1357392761892697308e-09;
3424561.6374419298954;8.4950144696449569892e-09;
3424894.9929989669472;8.6708160651483012771e-09;
3425228.348556003999;8.3885662860438969801e-09;
3425561.7041130410507;8.6261637832762971811e-09;
3425895.0596700781025;8.3685929297416805639e-09;
3426228.4152271151543;7.8763759958633272618e-09;
3426561.770784152206;7.8515363099995738594e-09;
3426895.1263411892578;7.7385511332295209286e-09;
3427228.4818982263096;8.2216198293849629408e-09;
3427561.8374552633613;8.3238296255672139523e-09;
3427895.1930123004131;8.1429654130715789506e-09;
3428228.5485693374649;7.9135178410183470987e-09;
3428561.9041263745166;7.7208301973996640299e-09;
3428895.2596834115684;8.5613978129117640492e-09;
3429228.6152404486202;8.3200717426734627225e-09;
3429561.9707974856719;7.8874942133211334294e-09;
3429895.3263545227237;8.227472036992367066e-09;
3430228.6819115597755;8.3863413991025481664e-09;
3430562.0374685968272;8.9743794617902494792e-09;
3430895.393025633879;1.0027970454018486635e-08;
3431228.7485826709308;9.2728864586888448684e-09;
3431562.1041397079825;8.635928416822480358e-09;
3431895.4596967450343;7.9592474833134474466e-09;
3432228.8152537820861;9.4609298173509159824e-09;
3432562.1708108191378;7.966676207615819294e-09;
3432895.5263678561896;8.3722984101086694864e-09;
3433228.8819248932414;7.9296746946511120768e-09;
3433562.2374819302931;8.1226492198993582861e-09;
3433895.5930389673449;8.0507387423267573467e-09;
3434228.9485960043967;8.614276403307030705e-09;
3434562.3041530414484;7.6412192129282630049e-09;
3434895.6597100785002;7.8515363099995738594e-09;
3435229.015267115552;8.2104492094003944658e-09;
3435562.3708241526037;8.1992634903826910886e-09;
3435895.7263811896555;7.871022944527794607e-09;
3436229.0819382267073;7.9609261405266806833e-09;
3436562.437495263759;8.2873672369032647111e-09;
3436895.7930523008108;8.2445446025758428732e-09;
3437229.1486093378626;8.1272455432213064341e-09;
3437562.5041663749143;7.9726820700898315408e-09;
3437895.8597234119661;8.0536377566886585555e-09;
3438229.2152804490179;8.2266335965641701478e-09;
3438562.5708374860696;8.3761673153048832319e-09;
3438895.9263945231214;8.0026545390410319669e-09;
3439229.2819515601732;8.3530675709653223748e-09;
3439562.637508597225;8.1997679757250807597e-09;
3439895.9930656342767;8.6199980486867389118e-09;
3440229.3486226713285;9.0112202144609909737e-09;
3440562.7041797083803;8.2826518976730767463e-09;
3440896.059736745432;8.2179383298353059217e-09;
3441229.4152937824838;8.1007893726336988038e-09;
3441562.7708508195356;7.917299704729430232e-09;
3441896.1264078565873;8.8972882394955377094e-09;
3442229.4819648936391;8.0656592515992997505e-09;
3442562.8375219306909;8.5121785176056619093e-09;
3442896.1930789677426;8.1393762840775707446e-09;
3443229.5486360047944;8.1459132772465636663e-09;
3443562.9041930418462;8.3213436141704733018e-09;
3443896.2597500788979;8.1149051922579928942e-09;
3444229.6153071159497;8.3207440937371757173e-09;
3444562.9708641530015;8.0159372473076473398e-09;
3444896.3264211900532;8.5963174356606941728e-09;
3445229.681978227105;8.4316775783577213588e-09;
3445563.0375352641568;8.6357614392795767344e-09;
3445896.3930923012085;8.5266060878552707436e-09;
3446229.7486493382603;8.4829796520580202923e-09;
3446563.1042063753121;8.2119919753154135833e-09;
3446896.4597634123638;7.8908763967433515063e-09;
3447229.8153204494156;8.2540658752350282157e-09;
3447563.1708774864674;8.1810913599156265263e-09;
3447896.5264345235191;8.1409918806230052724e-09;
3448229.8819915605709;9.4254453131270565791e-09;
3448563.2375485976227;8.1673059426634608826e-09;
3448896.5931056346744;8.4621563090081508562e-09;
3449229.9486626717262;8.1865838552630521008e-09;
3449563.304219708778;8.2623499153555712837e-09;
3449896.6597767458297;8.3059354949455155293e-09;
3450230.0153337828815;7.9235888961193268187e-09;
3450563.3708908199333;7.8725852503680471273e-09;
3450896.726447856985;8.218457914210830495e-09;
3451230.0820048940368;8.5085609669022232993e-09;
3451563.4375619310886;8.3881088741577514156e-09;
3451896.7931189681403;8.7421820893496260396e-09;
3452230.1486760051921;9.2895495740208389179e-09;
3452563.5042330422439;8.5863405274722026661e-09;
3452896.8597900792956;8.2501081521968444576e-09;
3453230.2153471163474;8.1563946707774448441e-09;
3453563.5709041533992;8.6559168721578316763e-09;
3453896.9264611904509;8.2237869847290312464e-09;
3454230.2820182275027;8.3279543261483013339e-09;
3454563.6375752645545;8.229032566475780186e-09;
3454896.9931323016062;7.8039299467036471469e-09;
3455230.348689338658;7.9492012972082193301e-09;
3455563.7042463757098;8.4214333284649001143e-09;
3455897.0598034127615;7.8869266673109450494e-09;
3456230.4153604498133;9.3134557843654874887e-09;
3456563.7709174868651;8.070648149782755354e-09;
3456897.1264745239168;8.9100984368428726157e-09;
3457230.4820315609686;8.2918818478106004477e-09;
3457563.8375885980204;8.5608569122541666729e-09;
3457897.1931456350721;8.3098470327058748808e-09;
3458230.5487026721239;7.9439654854240870918e-09;
3458563.9042597091757;8.2237150422770355362e-09;
3458897.2598167462274;8.2910220911003307265e-09;
3459230.6153737832792;8.0839006599831009225e-09;
3459563.970930820331;7.9710860134696304158e-09;
3459897.3264878573827;8.5082021428206644487e-09;
3460230.6820448944345;8.2421260927389994322e-09;
3460564.0376019314863;8.5190450249683635775e-09;
3460897.393158968538;8.193763001429488213e-09;
3461230.7487160055898;8.269465112675788987e-09;
3461564.1042730426416;7.8164017480730763054e-09;
3461897.4598300796933;7.9730462232419085922e-09;
3462230.8153871167451;8.1840099142027611379e-09;
3462564.1709441537969;8.1476301261318440083e-09;
3462897.5265011908486;7.9396826890842930879e-09;
3463230.8820582279004;8.5004927541376673616e-09;
3463564.2376152649522;8.0030204685499484185e-09;
3463897.5931723020039;8.2443856186387165508e-09;
3464230.9487293390557;9.0050491508009145036e-09;
3464564.3042863761075;7.9759603366369447031e-09;
3464897.6598434131593;7.9139903519376275653e-09;
3465231.015400450211;7.9749371550974501588e-09;
3465564.3709574872628;8.179223520698997163e-09;
3465897.7265145243146;7.6116108971291396301e-09;
3466231.0820715613663;7.7327895198209262162e-09;
3466564.4376285984181;8.1736644119700940792e-09;
3466897.7931856354699;7.9408266628888668492e-09;
3467231.1487426725216;8.0893416409821838897e-09;
3467564.5042997095734;8.2040614302059111651e-09;
3467897.8598567466252;7.8849042850492878642e-09;
3468231.2154137836769;8.1355731040844148083e-09;
3468564.5709708207287;7.7263253572823487048e-09;
3468897.9265278577805;7.8586017693282883556e-09;
3469231.2820848948322;7.9445801048905195785e-09;
3469564.637641931884;8.0641573418915868388e-09;
3469897.9931989689358;8.0659985357556251984e-09;
3470231.3487560059875;7.7835293765815549705e-09;
3470564.7043130430393;8.6064861903878409066e-09;
3470898.0598700800911;8.2358591058095953485e-09;
3471231.4154271171428;7.6121189351852081018e-09;
3471564.7709841541946;8.0530861978900247777e-09;
3471898.1265411912464;8.3274418472001343616e-09;
3472231.4820982282981;9.0490388515718223061e-09;
3472564.8376552653499;7.9509749895123604801e-09;
3472898.1932123024017;7.9169941713530533889e-09;
3473231.5487693394534;8.0038784489033787395e-09;
3473564.9043263765052;7.88912934979180136e-09;
3473898.259883413557;8.321884514828070678e-09;
3474231.6154404506087;8.3159221730966237374e-09;
3474564.9709974876605;8.4063129790479251824e-09;
3474898.3265545247123;7.9805149155731669453e-09;
3475231.682111561764;8.1591462475216758321e-09;
3475565.0376685988158;8.0325284201876456791e-09;
3475898.3932256358676;7.7462898318003681197e-09;
3476231.7487826729193;7.9244797390742860443e-09;
3476565.1043397099711;8.1341875457496826129e-09;
3476898.4598967470229;7.6856867536889694748e-09;
3477231.8154537840746;7.544794122793518909e-09;
3477565.1710108211264;8.0163031768165637914e-09;
3477898.5265678581782;8.1221500636274868157e-09;
3478231.8821248952299;8.2198443607239823905e-09;
3478565.2376819322817;8.1179845068390932283e-09;
3478898.5932389693335;7.5952613087792997248e-09;
3479231.9487960063852;7.9453199575141297828e-09;
3479565.304353043437;7.9969071364871524565e-09;
3479898.6599100804888;8.0568360871779987065e-09;
3480232.0154671175405;8.4575493275451663067e-09;
3480565.3710241545923;8.0968058924213437422e-09;
3480898.7265811916441;7.673234492244773719e-09;
3481232.0821382286958;7.4542061412330440362e-09;
3481565.4376952657476;7.9100983541025016166e-09;
3481898.7932523027994;8.8417717591937616817e-09;
3482232.1488093398511;7.814356273172506917e-09;
3482565.5043663769029;8.6351548134189215489e-09;
3482898.8599234139547;7.5723063375221499882e-09;
3483232.2154804510064;8.1373174865007058543e-09;
3483565.5710374880582;8.1740090251969377277e-09;
3483898.92659452511;7.9387625362414837582e-09;
3484232.2821515621617;7.9298976274344568083e-09;
3484565.6377085992135;8.2680555735237248882e-09;
3484898.9932656362653;7.9539361763636406977e-09;
3485232.348822673317;7.9268609454175020801e-09;
3485565.7043797103688;7.933129708703745564e-09;
3485899.0599367474206;8.1370457039042776159e-09;
3486232.4154937844723;7.7620239125053558382e-09;
3486565.7710508215241;7.7614785709556599613e-09;
3486899.1266078585759;8.7365634726666030474e-09;
3487232.4821648956276;8.4986417903110123007e-09;
3487565.8377219326794;8.8193088387811258144e-09;
3487899.1932789697312;9.1843199712116074807e-09;
3488232.5488360067829;9.6923100656454153068e-09;
3488565.9043930438347;8.9519573975849198177e-09;
3488899.2599500808865;8.3271052275790680142e-09;
3489232.6155071179383;8.263365991467708227e-09;
3489565.97106415499;8.2254345556975749787e-09;
3489899.3266211920418;8.1868138934737544332e-09;
3490232.6821782290936;7.9489916871011701005e-09;
3490566.0377352661453;8.0234183741367814946e-09;
3490899.3932923031971;7.9604642877484366181e-09;
3491232.7488493402489;8.5881808331578213256e-09;
3491566.1044063773006;8.1891586845017627638e-09;
3491899.4599634143524;8.0696134219238047081e-09;
3492232.8155204514042;8.0976878535921059665e-09;
3492566.1710774884559;8.0219662024205717898e-09;
3492899.5266345255077;8.5407281247285027348e-09;
3493232.8821915625595;7.5691808376632252475e-09;
3493566.2377485996112;8.0818560732609512343e-09;
3493899.593305636663;9.3219183483483902819e-09;
3494232.9488626737148;8.1492048664699723304e-09;
3494566.3044197107665;7.9604225433627107122e-09;
3494899.6599767478183;8.6464178039591388369e-09;
3495233.0155337848701;8.3027558162029890809e-09;
3495566.3710908219218;7.5154140688482584665e-09;
3495899.7266478589736;8.3707245579489608645e-09;
3496233.0822048960254;8.7497262768465589033e-09;
3496566.4377619330771;7.7452968483271433797e-09;
3496899.7933189701289;8.5724751741622640111e-09;
3497233.1488760071807;8.1588451550373974897e-09;
3497566.5044330442324;8.3239317660854794667e-09;
3497899.8599900812842;8.1734059520499613427e-09;
3498233.215547118336;8.0649220635109486466e-09;
3498566.5711041553877;8.3121687310949710081e-09;
3498899.9266611924395;8.2352222818826703588e-09;
3499233.2822182294913;8.4272056000145312282e-09;
3499566.637775266543;8.6576958935324910271e-09;
3499899.9933323035948;8.2001427870181942126e-09;
3500233.3488893406466;8.4606259775910075405e-09;
3500566.7044463776983;7.6347923538833128987e-09;
3500900.0600034147501;8.4700388924829894677e-09;
3501233.4155604518019;8.1811633023676222365e-09;
3501566.7711174888536;8.4647586717778722232e-09;
3501900.1266745259054;8.6673592747388283897e-09;
3502233.4822315629572;8.0411552971781929955e-09;
3502566.8377886000089;8.2740569951056386344e-09;
3502900.1933456370607;8.1059141621153685264e-09;
3503233.5489026741125;8.0109678890494251391e-09;
3503566.9044597111642;8.2023037251133246173e-09;
3503900.260016748216;7.8245490087169855542e-09;
3504233.6155737852678;8.9729610408539883792e-09;
3504566.9711308223195;8.6179694491761438258e-09;
3504900.3266878593713;7.9848208045518731524e-09;
3505233.6822448964231;8.0536519675433737575e-09;
3505567.0378019334748;8.594474465439816413e-09;
3505900.3933589705266;8.4340179284936311888e-09;
3506233.7489160075784;8.2062667772220265761e-09;
3506567.1044730446301;8.1943962726427344023e-09;
3506900.4600300816819;8.3355500279935768049e-09;
3507233.8155871187337;8.3114235494008426031e-09;
3507567.1711441557854;8.554978059294171544e-09;
3507900.5267011928372;8.4403026789914292749e-09;
3508233.882258229889;8.198486334265453479e-09;
3508567.2378152669407;8.2706703707913220569e-09;
3508900.5933723039925;8.3624200897247646935e-09;
3509233.9489293410443;8.4702032054906339908e-09;
3509567.304486378096;8.2899882514197997807e-09;
3509900.6600434151478;8.242387217194391269e-09;
3510234.0156004521996;8.4799696153936565679e-09;
3510567.3711574892513;8.8286098431922255259e-09;
3510900.7267145263031;8.7170013429727077892e-09;
3511234.0822715633549;9.2103977777924228576e-09;
3511567.4378286004066;8.9734815134079326526e-09;
3511900.7933856374584;8.3202769118884134514e-09;
3512234.1489426745102;9.3496019815120234853e-09;
3512567.5044997115619;8.9085174792558063928e-09;
3512900.8600567486137;8.9230365318826443399e-09;
3513234.2156137856655;8.274536611452276702e-09;
3513567.5711708227172;8.1346591684905433794e-09;
3513900.926727859769;8.2536883994066556625e-09;
3514234.2822848968208;8.3673432627051624877e-09;
3514567.6378419338726;8.3918525461967874435e-09;
3514900.9933989709243;9.1634984045185774448e-09;
3515234.3489560079761;9.1728553641701182642e-09;
3515567.7045130450279;9.2330294521048017486e-09;
3515901.0600700820796;8.7746778731911945215e-09;
3516234.4156271191314;9.2637035820075652737e-09;
3516567.7711841561832;8.5113409653558846912e-09;
3516901.1267411932349;8.99445584678915111e-09;
3517234.4822982302867;8.4672571176724886755e-09;
3517567.8378552673385;8.8891791705236755661e-09;
3517901.1934123043902;9.1325143003473385761e-09;
3518234.548969341442;8.9059195573781835265e-09;
3518567.9045263784938;9.1174774397018154559e-09;
3518901.2600834155455;9.345266782645467174e-09;
3519234.6156404525973;9.0108089878526698158e-09;
3519567.9711974896491;9.0950331710359932913e-09;
3519901.3267545267008;8.8700238265460029652e-09;
3520234.6823115637526;1.1058800097885068681e-08;
3520568.0378686008044;9.6734282806210103445e-09;
3520901.3934256378561;9.2105274518416990759e-09;
3521234.7489826749079;9.4718721754816215253e-09;
3521568.1045397119597;8.947335317088800366e-09;
3521901.4600967490114;9.7598338300031173276e-09;
3522234.8156537860632;1.0036059983065115375e-08;
3522568.171210823115;9.800312561480950535e-09;
3522901.5267678601667;1.0037735087564669811e-08;
3523234.8823248972185;1.0879441347810825391e-08;
3523568.2378819342703;1.0004901795923615282e-08;
3523901.593438971322;1.0703818276169840829e-08;
3524234.9489960083738;1.7949735919842169096e-08;
3524568.3045530454256;1.1132303967542611645e-08;
3524901.6601100824773;1.0860593313566369034e-08;
3525235.0156671195291;9.7840908708235474478e-09;
3525568.3712241565809;1.068283506100442537e-08;
3525901.7267811936326;1.0795481841796572553e-08;
3526235.0823382306844;1.1233378671704485896e-08;
3526568.4378952677362;1.0322442456356384355e-08;
3526901.7934523047879;1.0503150349450152135e-08;
3527235.1490093418397;1.1326632076702480845e-08;
3527568.5045663788915;1.0503722336352439015e-08;
3527901.8601234159432;1.1127611720951335883e-08;
3528235.215680452995;1.45234970716501266e-08;
3528568.5712374900468;1.1414842404633418482e-08;
3528901.9267945270985;1.0853250742570708098e-08;
3529235.2823515641503;1.1020168777520211734e-08;
3529568.6379086012021;1.0501102210014323646e-08;
3529901.9934656382538;1.0631499236524177832e-08;
3530235.3490226753056;1.0696975749624471064e-08;
3530568.7045797123574;1.0971799468961762614e-08;
3530902.0601367494091;1.0555774920817384555e-08;
3531235.4156937864609;1.1123859167128102854e-08;
3531568.7712508235127;1.0664233940360645647e-08;
3531902.1268078605644;1.0787216453422843188e-08;
3532235.4823648976162;1.3827461842197408259e-08;
3532568.837921934668;1.0954696705312017002e-08;
3532902.1934789717197;1.1706196900718168763e-08;
3533235.5490360087715;1.0843226760925972485e-08;
3533568.9045930458233;1.0381053350272395619e-08;
3533902.260150082875;1.3104031637567459256e-08;
3534235.6157071199268;1.0992403431941966119e-08;
3534568.9712641569786;1.0497321234481660213e-08;
3534902.3268211940303;1.0041086184742198384e-08;
3535235.6823782310821;1.0759981350361158547e-08;
3535569.0379352681339;1.0711398878981981397e-08;
3535902.3934923051856;1.055900256119457481e-08;
3536235.7490493422374;1.496995416516710975e-08;
3536569.1046063792892;1.093815882313720067e-08;
3536902.4601634163409;1.058219556426820418e-08;
3537235.8157204533927;1.0344934686656870326e-08;
3537569.1712774904445;1.0601975297674925969e-08;
3537902.5268345274962;1.0553123708234579681e-08;
3538235.882391564548;1.0723410603930005891e-08;
3538569.2379486015998;1.0828967944576106675e-08;
3538902.5935056386515;1.0203057065893972322e-08;
3539235.9490626757033;1.015340256316221712e-08;
3539569.3046197127551;1.0154169949316838029e-08;
3539902.6601767498069;1.0172898967653054569e-08;
3540236.0157337868586;1.0417719131794456189e-08;
3540569.3712908239104;9.8569286066663153179e-09;
3540902.7268478609622;9.8626617983654796262e-09;
3541236.0824048980139;9.8798640379982316517e-09;
3541569.4379619350657;1.0499238811689792783e-08;
3541902.7935189721175;1.9146357388422075019e-08;
3542236.1490760091692;9.8338732712477394671e-09;
3542569.504633046221;9.7889216732482964289e-09;
3542902.8601900832728;1.0530770921945986629e-08;
3543236.2157471203245;9.7222212502856564242e-09;
3543569.5713041573763;9.4079934953583688184e-09;
3543902.9268611944281;9.9685859566989165614e-09;
3544236.2824182314798;1.3048715885588535457e-08;
3544569.6379752685316;9.9902894845627088216e-09;
3544902.9935323055834;9.4621261936822520511e-09;
3545236.3490893426351;1.0107630288302971167e-08;
3545569.7046463796869;9.9324886093654640717e-09;
3545903.0602034167387;9.8314378860209217237e-09;
3546236.4157604537904;9.633914110906971473e-09;
3546569.7713174908422;9.3248173627102914907e-09;
3546903.126874527894;9.6698098417391520343e-09;
3547236.4824315649457;9.5877714656467105669e-09;
3547569.8379886019975;9.5728092119884422573e-09;
3547903.1935456390493;9.1403951074653377873e-09;
3548236.549102676101;8.7249070190864586039e-09;
3548569.9046597131528;9.3657126498669640569e-09;
3548903.2602167502046;9.1891783071673671657e-09;
3549236.6157737872563;9.065889372550373082e-09;
3549569.9713308243081;8.9667837599449740082e-09;
3549903.3268878613599;1.0022001006859682093e-08;
3550236.6824448984116;9.4340428802297537914e-09;
3550570.0380019354634;9.417997937077871029e-09;
3550903.3935589725152;8.5162170648800383788e-09;
3551236.7491160095669;9.4354524193818178901e-09;
3551570.1046730466187;8.7439024909485851822e-09;
3551903.4602300836705;8.7247533642198504822e-09;
3552236.8157871207222;1.1773760633104757289e-08;
3552570.171344157774;8.7447471486257200013e-09;
3552903.5269011948258;8.5299172170039128105e-09;
3553236.8824582318775;8.8237408490954294393e-09;
3553570.2380152689293;9.4566594555089977803e-09;
3553903.5935723059811;8.7449469887701525295e-09;
3554236.9491293430328;9.7797601128490896372e-09;
3554570.3046863800846;9.0219600679120048881e-09;
3554903.6602434171364;9.5159533586297584407e-09;
3555237.0158004541881;8.4073610295831713302e-09;
3555570.3713574912399;8.8784419816079207521e-09;
3555903.7269145282917;8.6672526933284643746e-09;
3556237.0824715653434;9.0065359614754925133e-09;
3556570.4380286023952;8.7753102562260210107e-09;
3556903.793585639447;8.8679046328365984664e-09;
3557237.1491426764987;8.5977669428416447772e-09;
3557570.5046997135505;9.130733502615839825e-09;
3557903.8602567506023;9.1466754170710373728e-09;
3558237.215813787654;8.9180689499812615395e-09;
3558570.5713708247058;9.0958645060368326085e-09;
3558903.9269278617576;8.6573610502682640799e-09;
3559237.2824848988093;9.6554826356509693142e-09;
3559570.6380419358611;8.4695779278831651027e-09;
3559903.9935989729129;7.9900681626554614922e-09;
3560237.3491560099646;1.0753593571166675247e-08;
3560570.7047130470164;8.6161229262415872654e-09;
3560904.0602700840682;8.1696311937662358105e-09;
3561237.4158271211199;8.1170723476020611997e-09;
3561570.7713841581717;8.3595121935786664835e-09;
3561904.1269411952235;8.624255087852361612e-09;
3562237.4824982322752;8.0977020644468211685e-09;
3562570.838055269327;8.2772695364496939874e-09;
3562904.1936123063788;8.4032709679604522535e-09;
3563237.5491693434305;8.321607403161124239e-09;
3563570.9047263804823;8.35033819868158389e-09;
3563904.2602834175341;8.3819520213523901475e-09;
3564237.6158404545859;7.7791284525119408499e-09;
3564570.9713974916376;8.5754265910509275272e-09;
3564904.3269545286894;8.4992537452421856869e-09;
3565237.6825115657412;8.1032096588273816451e-09;
3565571.0380686027929;8.0279294323304384307e-09;
3565904.3936256398447;8.623027625276336039e-09;
3566237.7491826768965;8.3512778914496266225e-09;
3566571.1047397139482;8.1851023736589922919e-09;
3566904.460296751;7.8151520810365582292e-09;
3567237.8158537880518;8.2900024622745149827e-09;
3567571.1714108251035;8.3253359761670253647e-09;
3567904.5269678621553;9.6510230918056549854e-09;
3568237.8825248992071;1.0980572895391560451e-08;
3568571.2380819362588;9.0744940450804278953e-09;
3568904.5936389733106;8.2159461456399185408e-09;
3569237.9491960103624;8.1384756711599948176e-09;
3569571.3047530474141;8.2070457096961035859e-09;
3569904.6603100844659;8.0382029921111097792e-09;
3570238.0158671215177;7.8102111444877664326e-09;
3570571.3714241585694;7.802902324272054102e-09;
3570904.7269811956212;8.3464959388379611482e-09;
3571238.082538232673;8.0457756013174730469e-09;
3571571.4380952697247;7.8440365314236260019e-09;
3571904.7936523067765;8.4532567612427556014e-09;
3572238.1492093438283;8.833419329334901704e-09;
3572571.50476638088;7.7383468521929898998e-09;
3572904.8603234179318;8.321153543988657475e-09;
3573238.2158804549836;8.0652196032815481885e-09;
3573571.5714374920353;8.0976594318826755625e-09;
3573904.9269945290871;7.8033819406186921697e-09;
3574238.2825515661389;8.4848874593035361613e-09;
3574571.6381086031906;8.090592196197121666e-09;
3574904.9936656402424;8.4865270366663025925e-09;
3575238.3492226772942;7.7728854463998686697e-09;
3575571.7047797143459;8.2679978419264443801e-09;
3575905.0603367513977;7.7604962456234716228e-09;
3576238.4158937884495;9.8992698482902596879e-09;
3576571.7714508255012;8.4687750145917561895e-09;
3576905.127007862553;7.8625648214369903144e-09;
3577238.4825648996048;7.756107756051733304e-09;
3577571.8381219366565;8.0493665066683206533e-09;
3577905.1936789737083;7.9734805424891419534e-09;
3578238.5492360107601;7.7581114865665767866e-09;
3578571.9047930478118;8.2154700820069592737e-09;
3578905.2603500848636;7.668639057101245271e-09;
3579238.6159071219154;8.3090734293023160717e-09;
3579571.9714641589671;7.8043411733119683049e-09;
3579905.3270211960189;8.1723152689505695889e-09;
3580238.6825782330707;8.0102218191768770339e-09;
3580572.0381352701224;8.4038909164974029409e-09;
3580905.3936923071742;8.4679117051678076677e-09;
3581238.749249344226;8.4026954283444865723e-09;
3581572.1048063812777;7.9344122383417925448e-09;
3581905.4603634183295;7.8955073590236679593e-09;
3582238.8159204553813;7.6873067911265025032e-09;
3582572.171477492433;7.5837558455305043026e-09;
3582905.5270345294848;7.8133952641223913815e-09;
3583238.8825915665366;8.0873530095004753093e-09;
3583572.2381486035883;7.7564346057101829501e-09;
3583905.5937056406401;8.4212263828931099852e-09;
3584238.9492626776919;1.0171469888575757068e-08;
3584572.3048197147436;8.5627069879024020338e-09;
3584905.6603767517954;8.4623650309367803857e-09;
3585239.0159337888472;7.4267183514109547104e-09;
3585572.3714908258989;7.8517299328950684867e-09;
3585905.7270478629507;8.3654763116669528245e-09;
3586239.0826049000025;8.3634192904469273344e-09;
3586572.4381619370542;8.1137079277482371253e-09;
3586905.793718974106;8.069854118275543442e-09;
3587239.1492760111578;8.4694438129417903838e-09;
3587572.5048330482095;7.9356947679798395257e-09;
3587905.8603900852613;7.797051004843069677e-09;
3588239.2159471223131;7.9493540638964077516e-09;
3588572.5715041593648;7.9643251993388730625e-09;
3588905.9270611964166;8.320437672182379174e-09;
3589239.2826182334684;8.3370590431286473176e-09;
3589572.6381752705202;8.9734495389848234481e-09;
3589905.9937323075719;7.6277810734382001101e-09;
3590239.3492893446237;8.0522237766444959561e-09;
3590572.7048463816755;8.0969053684043501562e-09;
3590906.0604034187272;7.9393203122890554368e-09;
3591239.415960455779;7.767398280122961296e-09;
3591572.7715174928308;8.4359745855522305646e-09;
3591906.1270745298825;8.0453235185018456832e-09;
3592239.4826315669343;9.3672261058941330703e-09;
3592572.8381886039861;8.3996107846928680374e-09;
3592906.1937456410378;7.7995991887291893363e-09;
3593239.5493026780896;8.2465874129411531612e-09;
3593572.9048597151414;7.9263040575483501016e-09;
3593906.2604167521931;8.1176567690022238821e-09;
3594239.6159737892449;8.6512947916617122246e-09;
3594572.9715308262967;8.5313560660438270133e-09;
3594906.3270878633484;8.6582589986505809065e-09;
3595239.6826449004002;8.2081266228328786383e-09;
3595573.038201937452;7.8975190831442887429e-09;
3595906.3937589745037;8.0081816733468258462e-09;
3596239.7493160115555;8.3706952480611107603e-09;
3596573.1048730486073;7.8679818216187413782e-09;
3596906.460430085659;7.6854300701256761386e-09;
3597239.8159871227108;8.1952604702451026242e-09;
3597573.1715441597626;8.2657898303750698688e-09;
3597906.5271011968143;7.9298558830487309024e-09;
3598239.8826582338661;8.1746840407959098229e-09;
3598573.2382152709179;7.4835053709421117674e-09;
3598906.5937723079696;8.0611828323640111194e-09;
3599239.9493293450214;7.9067508096386518446e-09;
3599573.3048863820732;7.8920683321825890744e-09;
3599906.6604434191249;8.0964364101987484901e-09;
3600240.0160004561767;9.7209404970044488437e-09;
3600573.3715574932285;7.9283788423367695941e-09;
3600906.7271145302802;8.1027966558622210869e-09;
3601240.082671567332;7.3306041237231056584e-09;
3601573.4382286043838;8.0432318583234518883e-09;
3601906.7937856414355;8.2998532491274090717e-09;
3602240.1493426784873;8.0013897729713789886e-09;
3602573.5048997155391;7.5042132507974201872e-09;
3602906.8604567525908;7.5143704592051108193e-09;
3603240.2160137896426;8.2287723301988080493e-09;
3603573.5715708266944;8.1267454987710152636e-09;
3603906.9271278637461;7.7043820212452374108e-09;
3604240.2826849007979;7.5738233462629978021e-09;
3604573.6382419378497;7.7082535909767102567e-09;
3604906.9937989749014;7.9710016365197589039e-09;
3605240.3493560119532;7.7229334038975139265e-09;
3605573.704913049005;8.0806925595311440702e-09;
3605907.0604700860567;7.731689066758917761e-09;
3606240.4160271231085;7.9263182684030653036e-09;
3606573.7715841601603;7.9033206645817699609e-09;
3606907.127141197212;8.5549185513400516356e-09;
3607240.4826982342638;7.6088166878207630361e-09;
3607573.8382552713156;7.9151032394975118223e-09;
3607907.1938123083673;7.9563822197314948426e-09;
3608240.5493693454191;9.7181231950571600464e-09;
3608573.9049263824709;7.8828543692566199752e-09;
3608907.2604834195226;7.9791275808815953496e-09;
3609240.6160404565744;7.7935862208278194885e-09;
3609573.9715974936262;7.842838378735450533e-09;
3609907.3271545306779;7.5944877053757409158e-09;
3610240.6827115677297;7.8265562919455078372e-09;
3610574.0382686047815;7.8860535879243798263e-09;
3610907.3938256418332;7.8149602344979030022e-09;
3611240.749382678885;7.9720656742665596539e-09;
3611574.1049397159368;7.7149735489001614042e-09;
3611907.4604967529885;7.7791550978645318537e-09;
3612240.8160537900403;7.8818018778292753268e-09;
3612574.1716108270921;7.9374791184250170772e-09;
3612907.5271678641438;7.5524457798792354879e-09;
3613240.8827249011956;8.0666788804251154943e-09;
3613574.2382819382474;8.085960345738385513e-09;
3613907.5938389752991;7.8967978822674922412e-09;
3614240.9493960123509;7.7967223788277806307e-09;
3614574.3049530494027;8.3527593730536864314e-09;
3614907.6605100864545;8.2595192907319869846e-09;
3615241.0160671235062;7.7644788376574069844e-09;
3615574.371624160558;8.305351961723772547e-09;
3615907.7271811976098;7.692007919501975266e-09;
3616241.0827382346615;1.019325690521100114e-08;
3616574.4382952717133;7.9012654197185838711e-09;
3616907.7938523087651;7.812859692535312206e-09;
3617241.1494093458168;7.8431829919622941816e-09;
3617574.5049663828686;8.1381461569662860711e-09;
3617907.8605234199204;7.8171158435225152061e-09;
3618241.2160804569721;7.7997226455295276537e-09;
3618574.5716374940239;8.040165866418647056e-09;
3618907.9271945310757;7.814781710635543277e-09;
3619241.2827515681274;8.1807325358340676758e-09;
3619574.6383086051792;7.7972837075890311098e-09;
3619907.993865642231;7.4869506150321285531e-09;
3620241.3494226792827;8.4561087021484127035e-09;
3620574.7049797163345;7.9437008082550164545e-09;
3620908.0605367533863;7.904930932056686288e-09;
3621241.416093790438;7.7569115575215619174e-09;
3621574.7716508274898;8.2946058910238207318e-09;
3621908.1272078645416;7.8795316937885218067e-09;
3622241.4827649015933;8.436210841011870798e-09;
3622574.8383219386451;7.9144495401806125301e-09;
3622908.1938789756969;8.0452240425188392692e-09;
3623241.5494360127486;7.9390964913272910053e-09;
3623574.9049930498004;8.1072393243175611133e-09;
3623908.2605500868522;8.3379960713614309498e-09;
3624241.6161071239039;9.9816936938168510096e-09;
3624574.9716641609557;7.7450659219380213472e-09;
3624908.3272211980075;7.6021500206024938961e-09;
3625241.6827782350592;7.771561172376095783e-09;
3625575.038335272111;7.8568209715967896045e-09;
3625908.3938923091628;8.0638598021209872968e-09;
3626241.7494493462145;7.8042177165116299875e-09;
3626575.1050063832663;7.9546911280203858041e-09;
3626908.4605634203181;7.5933535015337838558e-09;
3627241.8161204573698;8.1936191165254967927e-09;
3627575.1716774944216;8.6667650833760490059e-09;
3627908.5272345314734;8.3462765587682952173e-09;
3628241.8827915685251;8.711092291946442856e-09;
3628575.2383486055769;8.3214457546887388162e-09;
3628908.5939056426287;8.0687341252883015841e-09;
3629241.9494626796804;8.2658777600386201811e-09;
3629575.3050197167322;8.5713605102455403539e-09;
3629908.660576753784;8.6951610356322817097e-09;
3630242.0161337908357;8.2421838243362799403e-09;
3630575.3716908278875;7.8718249696407838201e-09;
3630908.7272478649393;8.2855624583544340567e-09;
3631242.082804901991;8.3059505939786504314e-09;
3631575.4383619390428;7.5635986362954099604e-09;
3631908.7939189760946;7.6492243650250202336e-09;
3632242.1494760131463;9.560793046148319263e-09;
3632575.5050330501981;8.3299145359205795103e-09;
3632908.8605900872499;7.9498292393509473186e-09;
3633242.2161471243016;7.856710837472746789e-09;
3633575.5717041613534;8.0454789497252932051e-09;
3633908.9272611984052;7.7100281714592711069e-09;
3634242.2828182354569;7.9074871095485832484e-09;
3634575.6383752725087;8.2976372439702572592e-09;
3634908.9939323095605;7.9249531381719862111e-09;
3635242.3494893466122;7.9914155293181465822e-09;
3635575.705046383664;8.0933215684808601509e-09;
3635909.0606034207158;8.1552915531801772886e-09;
3636242.4161604577675;8.4991489401886610722e-09;
3636575.7717174948193;7.8174871021019498585e-09;
3636909.1272745318711;8.2408808665945798566e-09;
3637242.4828315689228;8.3248385962519932946e-09;
3637575.8383886059746;7.8909456746600881161e-09;
3637909.1939456430264;7.84019338340158356e-09;
3638242.5495026800781;7.9569133504264755175e-09;
3638575.9050597171299;7.7411614896050195966e-09;
3638909.2606167541817;8.3310709442230290733e-09;
3639242.6161737912335;8.0196134177867861581e-09;
3639575.9717308282852;8.2085165331591269933e-09;
3639909.327287865337;8.1799278461858193623e-09;
3640242.6828449023888;9.7007246679936542932e-09;
3640576.0384019394405;8.0064372909305348003e-09;
3640909.3939589764923;8.1493487513739637507e-09;
3641242.7495160135441;7.9540205533135122096e-09;
3641576.1050730505958;8.1842399524134634703e-09;
3641909.4606300876476;7.5247008624046429759e-09;
3642242.8161871246994;7.8522406354863960587e-09;
3642576.1717441617511;7.7747834836827678373e-09;
3642909.5273011988029;7.8830062477663886966e-09;
3643242.8828582358547;8.1164870380234788172e-09;
3643576.2384152729064;7.7486452809694128518e-09;
3643909.5939723099582;7.8541582126945286291e-09;
3644242.94952934701;7.6230390888554211415e-09;
3644576.3050863840617;7.7005930521067966765e-09;
3644909.6606434211135;7.8732629305022783228e-09;
3645243.0162004581653;7.7637150042164648767e-09;
3645576.371757495217;7.731674855904202559e-09;
3645909.7273145322688;8.1901800896844179078e-09;
3646243.0828715693206;7.813285129998348566e-09;
3646576.4384286063723;8.2348465824111372058e-09;
3646909.7939856434241;7.9320292556417371088e-09;
3647243.1495426804759;8.4127247390597403864e-09;
3647576.5050997175276;7.4078765344154362538e-09;
3647909.8606567545794;7.5824901912824316241e-09;
3648243.2162137916312;9.5205008321386230818e-09;
3648576.5717708286829;7.7260953190716463723e-09;
3648909.9273278657347;8.0849806849414562748e-09;
3649243.2828849027865;8.0747035724471061258e-09;
3649576.6384419398382;8.299153364532685373e-09;
3649909.99399897689;8.0209234809558438428e-09;
3650243.3495560139418;8.6507787599998664518e-09;
3650576.7051130509935;7.7016757416004111292e-09;
3650910.0606700880453;8.0319644268911360996e-09;
3651243.4162271250971;8.0261530754910381802e-09;
3651576.7717841621488;8.3555624641462600266e-09;
3651910.1273411992006;7.9822397580642245885e-09;
3652243.4828982362524;8.2727051875508550438e-09;
3652576.8384552733041;8.0804225532915552321e-09;
3652910.1940123103559;8.0077739994521834888e-09;
3653243.5495693474077;8.0286914894145411381e-09;
3653576.9051263844594;8.2832771752805456345e-09;
3653910.2606834215112;8.5039726371860524523e-09;
3654243.616240458563;8.369019255383136624e-09;
3654576.9717974956147;7.424396208932648733e-09;
3654910.3273545326665;8.241344495729663322e-09;
3655243.6829115697183;8.113294036604656867e-09;
3655577.03846860677;8.0865145690722783911e-09;
3655910.3940256438218;8.8639646733668087109e-09;
3656243.7495826808736;1.0445501352762676106e-08;
3656577.1051397179253;8.2215620977876824327e-09;
3656910.4606967549771;8.1834343745867954567e-09;
3657243.8162537920289;7.7497608330645562091e-09;
3657577.1718108290806;8.2246103261240932625e-09;
3657910.5273678661324;7.89033549608575413e-09;
3658243.8829249031842;7.6178849894859013148e-09;
3658577.2384819402359;7.764696441370233515e-09;
3658910.5940389772877;8.1073672220099979313e-09;
3659243.9495960143395;8.276876961588186532e-09;
3659577.3051530513912;7.5541040089888156217e-09;
3659910.660710088443;7.9668716068681533216e-09;
3660244.0162671254948;8.0244184630373638356e-09;
3660577.3718241625465;8.2020301661600569787e-09;
3660910.7273811995983;7.8467792263836599886e-09;
3661244.0829382366501;8.257053707438899437e-09;
3661577.4384952737018;8.078946400758013624e-09;
3661910.7940523107536;8.0717112993511364039e-09;
3662244.1496093478054;8.1301010368406423368e-09;
3662577.5051663848571;8.0392341672563816246e-09;
3662910.8607234219089;7.473559548998309765e-09;
3663244.2162804589607;7.8265012248834864295e-09;
3663577.5718374960124;7.8493718191907646542e-09;
3663910.9273945330642;7.6526376346919278149e-09;
3664244.282951570116;9.504792508607806667e-09;
3664577.6385086071678;8.1082074387950342498e-09;
3664910.9940656442195;7.9632753724467875145e-09;
3665244.3496226812713;8.2774294085652400099e-09;
3665577.7051797183231;8.079286573092758772e-09;
3665911.0607367553748;7.9817210618671197153e-09;
3666244.4162937924266;7.5473129967917884642e-09;
3666577.7718508294784;7.6092714351716495003e-09;
3666911.1274078665301;8.2463120776310461224e-09;
3667244.4829649035819;8.0992386131129023852e-09;
3667577.8385219406337;8.437367249314320361e-09;
3667911.1940789776854;7.8129289704520488158e-09;
3668244.5496360147372;8.3888167523582524154e-09;
3668577.905193051789;8.1046476196888761478e-09;
3668911.2607500888407;8.0576008087973605143e-09;
3669244.6163071258925;7.7427797506857132248e-09;
3669577.9718641629443;7.9737745295460626949e-09;
3669911.327421199996;8.454459354823029571e-09;
3670244.6829782370478;8.012867702689163707e-09;
3670578.0385352740996;7.8845854289966155193e-09;
3670911.3940923111513;7.6682482585965772159e-09;
3671244.7496493482031;7.8751725141046335921e-09;
3671578.1052063852549;7.6083086497646945645e-09;
3671911.4607634223066;7.6058501718989646179e-09;
3672244.8163204593584;9.6681791461605826044e-09;
3672578.1718774964102;7.96664778590638889e-09;
3672911.5274345334619;7.8833526373500717455e-09;
3673244.8829915705137;7.8620123744599368365e-09;
3673578.2385486075655;7.9996045343477817369e-09;
3673911.5941056446172;8.124961148325837712e-09;
3674244.949662681669;7.8446156237532704836e-09;
3674578.3052197187208;7.5627877293982237461e-09;
3674911.6607767557725;7.8589748042645624082e-09;
3675245.0163337928243;7.5758856965535414929e-09;
3675578.3718908298761;8.0736821672644509817e-09;
3675911.7274478669278;8.6845357571974091115e-09;
3676245.0830049039796;7.5495405482683963783e-09;
3676578.4385619410314;7.7323134561879669491e-09;
3676911.7941189780831;7.992314365878883109e-09;
3677245.1496760151349;8.0107422917308213073e-09;
3677578.5052330521867;8.011038055144581449e-09;
3677911.8607900892384;8.1358306758261278446e-09;
3678245.2163471262902;7.796873369159129652e-09;
3678578.571904163342;7.632298348880794947e-09;
3678911.9274612003937;7.3600632255477194121e-09;
3679245.2830182374455;8.2414022273269438301e-09;
3679578.6385752744973;7.9647586304076867236e-09;
3679911.994132311549;7.9507369576958808466e-09;
3680245.3496893486008;9.7456132053252986225e-09;
3680578.7052463856526;8.3525684146934509045e-09;
3680912.0608034227043;8.0733704166391362378e-09;
3681245.4163604597561;7.7933677289365732577e-09;
3681578.7719174968079;7.2267902773148762208e-09;
3681912.1274745338596;8.078520963294977264e-09;
3682245.4830315709114;7.8283433069259444892e-09;
3682578.8385886079632;8.0855908635157902609e-09;
3682912.1941456450149;8.5694029650085212779e-09;
3683245.5497026820667;7.7883166582637386455e-09;
3683578.9052597191185;8.3420106378184755158e-09;
3683912.2608167561702;7.5000219368348552962e-09;
3684245.616373793222;8.2187607830519482377e-09;
3684578.9719308302738;8.0288744541689993639e-09;
3684912.3274878673255;8.0874098529193361173e-09;
3685245.6830449043773;7.9364896876654711377e-09;
3685579.0386019414291;8.1700042287025098631e-09;
3685912.3941589784808;7.3804429234769486357e-09;
3686245.7497160155326;7.8568209715967896045e-09;
3686579.1052730525844;8.1053874723124863522e-09;
3686912.4608300896361;8.3500450998030828487e-09;
3687245.8163871266879;8.4576239345324211172e-09;
3687579.1719441637397;8.1011881647441441601e-09;
3687912.5275012007914;8.0308355521196972404e-09;
3688245.8830582378432;9.488693386572322197e-09;
3688579.238615274895;7.9905877470309860655e-09;
3688912.5941723119467;8.2482678465112257982e-09;
3689245.9497293489985;8.0871966900986080873e-09;
3689579.3052863860503;7.8957711480143188965e-09;
3689912.6608434231021;7.9280724207819730509e-09;
3690246.0164004601538;7.7338899728829346714e-09;
3690579.3719574972056;7.7395165831717349647e-09;
3690912.7275145342574;7.6129351711529125168e-09;
3691246.0830715713091;7.7794428676725146943e-09;
3691579.4386286083609;8.2068440931948316575e-09;
3691912.7941856454127;8.2897111397528533416e-09;
3692246.1497426824644;7.777611443771093036e-09;
3692579.5052997195162;8.2436759640813761507e-09;
3692912.860856756568;8.2455731131858556182e-09;
3693246.2164137936197;7.8363235900269501144e-09;
3693579.5719708306715;8.6783593644668144407e-09;
3693912.9275278677233;7.9411890396841045003e-09;
3694246.283084904775;7.8739130771054988145e-09;
3694579.6386419418268;7.9208337666614170303e-09;
3694912.9941989788786;7.4781034697934956057e-09;
3695246.3497560159303;8.0705060412356033339e-09;
3695579.7053130529821;7.5503230334561521886e-09;
3695913.0608700900339;8.1787066008587316901e-09;
3696246.4164271270856;1.0338558453781843127e-08;
3696579.7719841641374;8.2542106483174393361e-09;
3696913.1275412011892;8.3939175610225902346e-09;
3697246.4830982382409;8.0368192101332169841e-09;
3697579.8386552752927;8.2710487347981143103e-09;
3697913.1942123123445;8.268302487124401523e-09;
3698246.5497693493962;8.1435667098617159354e-09;
3698579.905326386448;7.9515469764146473608e-09;
3698913.2608834234998;8.2198008399814170843e-09;
3699246.6164404605515;8.6261939813425669854e-09;
3699579.9719974976033;8.1816091679343116994e-09;
3699913.3275545346551;8.5451699050054230611e-09;
3700246.6831115717068;9.0180138911932772317e-09;
3700580.0386686087586;8.176393784253832564e-09;
3700913.3942256458104;8.9459364360777726688e-09;
3701246.7497826828621;8.4926714549737880589e-09;
3701580.1053397199139;7.9921740336885704892e-09;
3701913.4608967569657;8.1539308638411966967e-09;
3702246.8164537940174;8.5782598802097709267e-09;
3702580.1720108310692;8.4143207956799415115e-09;
3702913.527567868121;8.8306260082049448101e-09;
3703246.8831249051727;8.7811082849498234282e-09;
3703580.2386819422245;8.3461886291047449049e-09;
3703913.5942389792763;8.6871452253944880795e-09;
3704246.949796016328;1.0244347592447411444e-08;
3704580.3053530533798;8.4589313331662197015e-09;
3704913.6609100904316;8.6812415034387413471e-09;
3705247.0164671274833;8.5662570370459434344e-09;
3705580.3720241645351;8.6127327492135918874e-09;
3705913.7275812015869;8.6068796534277680621e-09;
3706247.0831382386386;8.2524858058263816929e-09;
3706580.4386952756904;8.1703195320415034075e-09;
3706913.7942523127422;8.6265128373952393304e-09;
3707247.1498093497939;8.3681364060339546995e-09;
3707580.5053663868457;8.8462925873500353191e-09;
3707913.8609234238975;8.2536164569546599523e-09;
3708247.2164804609492;8.7666656156670796918e-09;
3708580.572037498001;9.1286969094994674379e-09;
3708913.9275945350528;7.9164799160480470164e-09;
3709247.2831515721045;8.5564364482593191497e-09;
3709580.6387086091563;8.3680777862582544913e-09;
3709913.9942656462081;8.8901321859680138004e-09;
3710247.3498226832598;8.5531004501149254793e-09;
3710580.7053797203116;7.8040676143587006663e-09;
3710914.0609367573634;8.4328330984817512217e-09;
3711247.4164937944151;8.0539637181686885015e-09;
3711580.7720508314669;8.0482633890710530977e-09;
3711914.1276078685187;8.6048839165187018807e-09;
3712247.4831649055704;9.2472332013926461514e-09;
3712580.8387219426222;8.0393895984798291465e-09;
3712914.194278979674;8.6325311343671273789e-09;
3713247.5498360167257;8.5212299438808258856e-09;
3713580.9053930537775;8.1367170778889885696e-09;
3713914.2609500908293;8.6208915561769572378e-09;
3714247.6165071278811;8.4049096571447989845e-09;
3714580.9720641649328;8.4723010829179656866e-09;
3714914.3276212019846;8.0641573418915868388e-09;
3715247.6831782390364;8.3013551588351219834e-09;
3715581.0387352760881;8.6165163892815144209e-09;
3715914.3942923131399;8.1525985962116465089e-09;
3716247.7498493501917;8.2855038385787338484e-09;
3716581.1054063872434;8.2873814477579799131e-09;
3716914.4609634242952;7.9775439587592700263e-09;
3717247.816520461347;8.7577074481259842287e-09;
3717581.1720774983987;8.2666762324379305937e-09;
3717914.5276345354505;1.1529089682937865291e-08;
3718247.8831915725023;8.3349647184149944223e-09;
3718581.238748609554;8.0792306178523176641e-09;
3718914.5943056466058;8.2244513421869669401e-09;
3719247.9498626836576;8.677780272137169959e-09;
3719581.3054197207093;8.0300317506498686271e-09;
3719914.6609767577611;8.0266184809829610458e-09;
3720248.0165337948129;7.9769408856122936413e-09;
3720581.3720908318646;8.3057170030542692984e-09;
3720914.7276478689164;8.1523978678887942806e-09;
3721248.0832049059682;8.0656867851303104544e-09;
3721581.4387619430199;7.9592474833134474466e-09;
3721914.7943189800717;7.9751476533829190885e-09;
3722248.1498760171235;8.4195255212193842453e-09;
3722581.5054330541752;7.9560464882888481952e-09;
3722914.860990091227;8.5408631278482971538e-09;
3723248.2165471282788;8.1136217744415262132e-09;
3723581.5721041653305;7.9563822197314948426e-09;
3723914.9276612023823;8.2477749074882922287e-09;
3724248.2832182394341;8.2667197531804958999e-09;
3724581.6387752764858;8.5723694809303196962e-09;
3724914.9943323135376;7.8532744751669270045e-09;
3725248.3498893505894;8.4918809761802549474e-09;
3725581.7054463876411;8.0631794574514970009e-09;
3725915.0610034246929;8.0654318779238565185e-09;
3726248.4165604617447;8.1592901324256672524e-09;
3726581.7721174987964;7.9704411959369281249e-09;
3726915.1276745358482;7.9238811068194081599e-09;
3727248.4832315729;7.8592918839603953529e-09;
3727581.8387886099517;8.2290911862514803943e-09;
3727915.1943456470035;7.8186950247527420288e-09;
3728248.5499026840553;7.8711472895065526245e-09;
3728581.905459721107;7.6303274809674803691e-09;
3728915.2610167581588;7.6113302327485143906e-09;
3729248.6165737952106;8.069542367650228698e-09;
3729581.9721308322623;7.710000637928260403e-09;
3729915.3276878693141;8.2588664795935073926e-09;
3730248.6832449063659;8.2854461069814533403e-09;
3730582.0388019434176;7.8718942475575204298e-09;
3730915.3943589804694;8.2796836053944389278e-09;
3731248.7499160175212;7.8242878842615937174e-09;
3731582.1054730545729;8.271571871887317684e-09;
3731915.4610300916247;8.0971194194034978864e-09;
3732248.8165871286765;7.9453759127545708907e-09;
3732582.1721441657282;8.1063413759352442867e-09;
3732915.52770120278;8.069939383403834654e-09;
3733248.8832582398318;7.824356273999910627e-09;
3733582.2388152768835;7.8010513604453990411e-09;
3733915.5943723139353;7.8734565533977729501e-09;
3734248.9499293509871;7.8294579708426681464e-09;
3734582.3054863880388;8.0590307760530777159e-09;
3734915.6610434250906;8.261798356556937506e-09;
3735249.0166004621424;8.4491595941926789237e-09;
3735582.3721574991941;8.2262578970926369948e-09;
3735915.7277145362459;8.2245241728173823503e-09;
3736249.0832715732977;7.9778939010566318757e-09;
3736582.4388286103494;8.0638313804115568928e-09;
3736915.7943856474012;8.2859115124733762059e-09;
3737249.149942684453;8.2209705709601621493e-09;
3737582.5054997215047;8.4797608934650270385e-09;
3737915.8610567585565;8.1769533366582436429e-09;
3738249.2166137956083;7.7317565683188149706e-09;
3738582.57217083266;7.6487269851099881635e-09;
3738915.9277278697118;8.0701516580461429839e-09;
3739249.2832849067636;7.8484889698415827297e-09;
3739582.6388419438154;7.6970900764194993826e-09;
3739915.9943989808671;7.7601827186413174786e-09;
3740249.3499560179189;8.2413880164722286281e-09;
3740582.7055130549707;7.9560464882888481952e-09;
3740916.0610700920224;7.7898496542161410616e-09;
3741249.4166271290742;7.6908861501578940079e-09;
3741582.772184166126;8.0822113446288312844e-09;
3741916.1277412031777;7.8184347884757698921e-09;
3742249.4832982402295;7.6680333194190097856e-09;
3742582.8388552772813;7.613389918503798981e-09;
3742916.194412314333;7.8995867625053506345e-09;
3743249.5499693513848;7.7848287816095762537e-09;
3743582.9055263884366;8.0479667374788732559e-09;
3743916.2610834254883;7.3555908031153194315e-09;
3744249.6166404625401;8.3623321600612143811e-09;
3744582.9721974995919;8.0345330388809088618e-09;
3744916.3277545366436;7.8443402884431634448e-09;
3745249.6833115736954;7.86111531425603971e-09;
3745583.0388686107472;7.901015841582648136e-09;
3745916.3944256477989;8.0159372473076473398e-09;
3746249.7499826848507;7.4172263886396194721e-09;
3746583.1055397219025;7.8683957127623216365e-09;
3746916.4610967589542;8.0482216446853271918e-09;
3747249.816653796006;7.9562143540101715189e-09;
3747583.1722108330578;8.0995095075309109234e-09;
3747916.5277678701095;8.3525391048056008003e-09;
3748249.8833249071613;8.3805682393744973524e-09;
3748583.2388819442131;7.8166078054664467345e-09;
3748916.5944389812648;7.6949673299964160833e-09;
3749249.9499960183166;7.7832149614209811261e-09;
3749583.3055530553684;7.7881390225797986204e-09;
3749916.6611100924201;7.8251263246897906356e-09;
3750250.0166671294719;7.8503781253402848961e-09;
3750583.3722241665237;7.8519226676121434139e-09;
3750916.7277812035754;7.8117068369465414435e-09;
3751250.0833382406272;7.9449851142499028356e-09;
3751583.438895277679;7.8790609592260807403e-09;
3751916.7944523147307;7.8130382163976719312e-09;
3752250.1500093517825;7.7370829743017566216e-09;
3752583.5055663888343;7.9443847056381855509e-09;
3752916.861123425886;7.6316544195265123562e-09;
3753250.2166804629378;8.2167250781139955507e-09;
3753583.5722374999896;7.6558785977454135718e-09;
3753916.9277945370413;8.0968201032760589442e-09;
3754250.2833515740931;8.1379036842577079369e-09;
3754583.6389086111449;8.1837514542826284014e-09;
3754916.9944656481966;7.9602546776413873886e-09;
3755250.3500226852484;7.7678210530507385556e-09;
3755583.7055797223002;8.3223961055978179502e-09;
3755917.0611367593519;7.9947160003257522476e-09;
3756250.4166937964037;7.9060145097287204408e-09;
3756583.7722508334555;7.5654060793794997153e-09;
3756917.1278078705072;7.7877420068261926644e-09;
3757250.483364907559;8.0222903875437623356e-09;
3757583.8389219446108;8.1017432762564567383e-09;
3757917.1944789816625;7.5818373801439520321e-09;
3758250.5500360187143;7.6763218004316513543e-09;
3758583.9055930557661;7.9012938414280142752e-09;
3758917.2611500928178;8.1651254646430970752e-09;
3759250.6167071298696;8.5345037703632442572e-09;
3759583.9722641669214;8.0470199392834729224e-09;
3759917.3278212039731;7.860576189955281734e-09;
3760250.6833782410249;8.1054727374407775642e-09;
3760584.0389352780767;8.1410780339297161845e-09;
3760917.3944923151284;8.5101001801035636163e-09;
3761250.7500493521802;8.133272721977391484e-09;
3761584.105606389232;8.1568538590204298089e-09;
3761917.4611634262837;7.832263726470500842e-09;
3762250.8167204633355;8.1829742981653907918e-09;
3762584.1722775003873;8.1300726151312119327e-09;
3762917.527834537439;8.0157960269389150199e-09;
3763250.8833915744908;8.3835276498689381697e-09;
3763584.2389486115426;8.2862898764801684592e-09;
3763917.5945056485943;7.9238260397573867522e-09;
3764250.9500626856461;8.5902636115520181193e-09;
3764584.3056197226979;7.7966673117657592229e-09;
3764917.6611767597497;7.9645490203006374941e-09;
3765251.0167337968014;8.1703346310746383097e-09;
3765584.3722908338532;7.9740969383124138403e-09;
3765917.727847870905;8.0491684428807275253e-09;
3766251.0834049079567;8.5064835175785447063e-09;
3766584.4389619450085;8.0996374052233477414e-09;
3766917.7945189820603;7.6498691825577225245e-09;
3767251.150076019112;8.0305815330916630046e-09;
3767584.5056330561638;7.7107049634150826023e-09;
3767917.8611900932156;8.4993727611504255037e-09;
3768251.2167471302673;8.2635978060352499597e-09;
3768584.5723041673191;8.7966558481866741204e-09;
3768917.9278612043709;8.3535809380919090472e-09;
3769251.2834182414226;8.1730044954042568861e-09;
3769584.6389752784744;8.5550082573604413483e-09;
3769917.9945323155262;8.7104341517374450632e-09;
3770251.3500893525779;8.1068689539165461611e-09;
3770584.7056463896297;7.7608781623439426767e-09;
3770918.0612034266815;8.2857516403578301833e-09;
3771251.4167604637332;8.5876230571102496469e-09;
3771584.772317500785;9.0509626460288927774e-09;
3771918.1278745378368;8.6829494705398246879e-09;
3772251.4834315748885;8.539722706757402193e-09;
3772584.8389886119403;8.5925577764101035427e-09;
3772918.1945456489921;8.4811020428787742276e-09;
3773251.5501026860438;7.881455488245592278e-09;
3773584.9056597230956;8.0392910106752424326e-09;
3773918.2612167601474;8.0811179969941804302e-09;
3774251.6167737971991;8.2924493938207888277e-09;
3774584.9723308342509;8.1364879278567059373e-09;
3774918.3278878713027;8.4483131601587047044e-09;
3775251.6834449083544;8.6881373206892931194e-09;
3775585.0390019454062;8.6556433132045640377e-09;
3775918.394558982458;8.5556246531837132352e-09;
3776251.7501160195097;8.5352986900488758693e-09;
3776585.1056730565615;7.918760758229836938e-09;
3776918.4612300936133;8.3642861525845546566e-09;
3777251.816787130665;8.2102609155754180392e-09;
3777585.1723441677168;8.6999278892108122818e-09;
3777918.5279012047686;8.4134779143596460926e-09;
3778251.8834582418203;7.9581150558283297869e-09;
3778585.2390152788721;8.1972189036605414003e-09;
3778918.5945723159239;8.6646796404465931118e-09;
3779251.9501293529756;8.0713995487258216599e-09;
3779585.3056863900274;8.3499278602516824321e-09;
3779918.6612434270792;8.3430364838932291605e-09;
3780252.0168004641309;8.1658715345156451804e-09;
3780585.3723575011827;8.3493407743162606494e-09;
3780918.7279145382345;8.0410700320499017835e-09;
3781252.0834715752862;8.1725017864187066152e-09;
3781585.439028612338;8.646205529316830507e-09;
3781918.7945856493898;8.3746662937755900202e-09;
3782252.1501426864415;8.1070252733184133831e-09;
3782585.5056997234933;8.3254816374278561852e-09;
3782918.8612567605451;7.9715194445384440769e-09;
3783252.2168137975968;8.0295521343032305595e-09;
3783585.5723708346486;7.9745872128000883095e-09;
3783918.9279278717004;8.7238953838664201612e-09;
3784252.2834849087521;8.0055650997223892773e-09;
3784585.6390419458039;8.4299891511818714207e-09;
3784918.9945989828557;8.2032975967649690574e-09;
3785252.3501560199074;8.1726883038868436415e-09;
3785585.7057130569592;7.9001134523082328087e-09;
3785919.061270094011;7.9693069920949710649e-09;
3786252.4168271310627;8.30253643613332315e-09;
3786585.7723841681145;8.0634201538032357348e-09;
3786919.1279412051663;8.3019093821690148616e-09;
3787252.483498242218;7.9168271938101497653e-09;
3787585.8390552792698;8.5190299259352286754e-09;
3787919.1946123163216;7.880597507892161957e-09;
3788252.5501693533733;8.7701783613169936871e-09;
3788585.9057263904251;8.0149096248760542949e-09;
3788919.2612834274769;7.9294375510130521434e-09;
3789252.6168404645287;7.6519661718066345202e-09;
3789585.9723975015804;8.1061708456786618626e-09;
3789919.3279545386322;7.7519670682590913202e-09;
3790252.683511575684;7.9873876401848065143e-09;
3790586.0390686127357;8.2659497024906158913e-09;
3790919.3946256497875;8.049946487176384835e-09;
3791252.7501826868393;8.2026927472611532721e-09;
3791586.105739723891;8.476112256516898924e-09;
3791919.4612967609428;7.9558093446507882618e-09;
3792252.8168537979946;8.3457045718660083367e-09;
3792586.1724108350463;8.0385982315078763349e-09;
3792919.5279678720981;7.6325123998799426772e-09;
3793252.8835249091499;8.10111711047056815e-09;
3793586.2390819462016;8.3041999943134214845e-09;
3793919.5946389832534;7.9151032394975118223e-09;
3794252.9501960203052;8.2150224400834304106e-09;
3794586.3057530573569;8.298089326785884623e-09;
3794919.6613100944087;7.9297723942772790906e-09;
3795253.0168671314605;8.1308870747420769476e-09;
3795586.3724241685122;7.771370214015860256e-09;
3795919.727981205564;7.7018240673965010501e-09;
3796253.0835382426158;8.0172464222982853244e-09;
3796586.4390952796675;7.6174293539565951505e-09;
3796919.7946523167193;8.111783245112746954e-09;
3797253.1502093537711;7.928030676396247145e-09;
3797586.5057663908228;7.5352568629227789643e-09;
3797919.8613234278746;7.7823951727395979105e-09;
3798253.2168804649264;8.221273439801279892e-09;
3798586.5724375019781;8.0731297202873975039e-09;
3798919.9279945390299;8.4034335046112573764e-09;
3799253.2835515760817;8.1480315827775484649e-09;
3799586.6391086131334;7.7482908977799525019e-09;
3799919.9946656501852;7.7258102137989226321e-09;
3800253.350222687237;7.7008506238485097128e-09;
3800586.7057797242887;7.8633108913095384196e-09;
3800920.0613367613405;8.2410549495648410812e-09;
3801253.4168937983923;7.7910131679459482257e-09;
3801586.772450835444;7.4773423008878125984e-09;
3801920.1280078724958;7.8076878295973983768e-09;
3802253.4835649095476;7.6827575412607984617e-09;
3802586.8391219465993;8.5508462532857265614e-09;
3802920.1946789836511;8.1761921677525606356e-09;
3803253.5502360207029;7.5720407721746596508e-09;
3803586.9057930577546;7.8096080713407900475e-09;
3803920.2613500948064;7.8342594633795670234e-09;
3804253.6169071318582;7.6852408881222800119e-09;
3804586.9724641689099;7.5285484513187839184e-09;
3804920.3280212059617;7.6048340957868276746e-09;
3805253.6835782430135;7.8764728073110745754e-09;
3805587.0391352800652;8.1793096740057080751e-09;
3805920.394692317117;7.7091746319979392865e-09;
3806253.7502493541688;8.1461424272788462986e-09;
3806587.1058063912205;7.9466317970400268678e-09;
3806920.4613634282723;7.9480697579015213705e-09;
3807253.8169204653241;7.1736527829102669784e-09;
3807587.1724775023758;8.1289019959740471677e-09;
3807920.5280345394276;7.9982696021829724486e-09;
3808253.8835915764794;7.8419706284194035106e-09;
3808587.2391486135311;7.8015176541157416068e-09;
3808920.5947056505829;7.7982287294275920431e-09;
3809253.9502626876347;8.204436241499024618e-09;
3809587.3058197246864;7.1352057595674978074e-09;
3809920.6613767617382;8.0917441636074727285e-09;
3810254.01693379879;7.5001667099172664166e-09;
3810587.3724908358417;8.1829600873106755898e-09;
3810920.7280478728935;7.991626915782035212e-09;
3811254.0836049099453;7.98629340437173596e-09;
3811587.439161946997;7.899725318338823854e-09;
3811920.7947189840488;8.1742683732954901643e-09;
3812254.1502760211006;7.3707768777353521727e-09;
3812587.5058330581523;7.6937514137398466119e-09;
3812920.8613900952041;8.0079427533519265126e-09;
3813254.2169471322559;7.7429023193076318421e-09;
3813587.5725041693076;8.1923667849537196162e-09;
3813920.9280612063594;7.9087509874398165266e-09;
3814254.2836182434112;7.5946342548149914364e-09;
3814587.639175280463;7.7257693575916164264e-09;
3814920.9947323175147;7.5459469783822896716e-09;
3815254.3502893545665;8.079003244176874432e-09;
3815587.7058463916183;7.9892261695135857735e-09;
3815921.06140342867;7.4235355640439593117e-09;
3816254.4169604657218;7.949158664644073724e-09;
3816587.7725175027736;8.179812382991258346e-09;
3816921.1280745398253;7.4316646170302647079e-09;
3817254.4836315768771;7.9603665881222696044e-09;
3817587.8391886139289;7.7473520931903294695e-09;
3817921.1947456509806;8.2134352652474262868e-09;
3818254.5503026880324;8.3020994523508306884e-09;
3818587.9058597250842;7.7275341681115605752e-09;
3818921.2614167621359;7.8531234848355779832e-09;
3819254.6169737991877;7.9286719412152706354e-09;
3819587.9725308362395;7.9134068187158845831e-09;
3819921.3280878732912;8.1214936997753284231e-09;
3820254.683644910343;7.9293123178558744257e-09;
3820588.0392019473948;7.6549371286205314391e-09;
3820921.3947589844465;7.9974693534268226358e-09;
3821254.7503160214983;7.9363076110894326121e-09;
3821588.1058730585501;7.5979711411378048069e-09;
3821921.4614300956018;7.7733224301823611313e-09;
3822254.8169871326536;8.24409607247389431e-09;
3822588.1725441697054;7.4924368931306162267e-09;
3822921.5281012067571;8.0143180980485340115e-09;
3823254.8836582438089;7.5896728901625465369e-09;
3823588.2392152808607;7.5844086566689838946e-09;
3823921.5947723179124;8.2435018811111149262e-09;
3824254.9503293549642;8.274812834940803441e-09;
3824588.305886392016;7.8007360571064054966e-09;
3824921.6614434290677;8.1487616654385419679e-09;
3825255.0170004661195;7.8345205878349588602e-09;
3825588.3725575031713;7.956144187915015209e-09;
3825921.728114540223;7.4034791630595009337e-09;
3826255.0836715772748;8.0172188887672746205e-09;
3826588.4392286143266;8.1751867497814600938e-09;
3826921.7947856513783;7.9551378817654949671e-09;
3827255.1503426884301;7.5895929541047735256e-09;
3827588.5058997254819;7.7982837964896134508e-09;
3827921.8614567625336;7.8582704787777402089e-09;
3828255.2170137995854;7.2727668332106532034e-09;
3828588.5725708366372;7.5426340728768082045e-09;
3828921.9281278736889;7.5133153032425070705e-09;
3829255.2836849107407;7.7547319676796178101e-09;
3829588.6392419477925;7.5581656489021042944e-09;
3829921.9947989848442;8.4218623186416152748e-09;
3830255.350356021896;8.2100592990741461108e-09;
3830588.7059130589478;8.1748137148451860412e-09;
3830922.0614700959995;7.7244388663189056388e-09;
3831255.4170271330513;8.0203879093687646673e-09;
3831588.7725841701031;7.7707689172257232713e-09;
3831922.1281412071548;7.9066531100124848308e-09;
3832255.4836982442066;8.0475288655179610942e-09;
3832588.8392552812584;8.1263458184821502073e-09;
3832922.1948123183101;7.4586603560078401642e-09;
3833255.5503693553619;8.2105495735618205799e-09;
3833588.9059263924137;8.2058058126222022111e-09;
3833922.2614834294654;8.0668494106816979183e-09;
3834255.6170404665172;7.6534982795806172362e-09;
3834588.972597503569;7.310182237318940679e-09;
3834922.3281545406207;7.7405903908811524161e-09;
3835255.6837115776725;7.6271513549386327213e-09;
3835589.0392686147243;7.7375448270800006867e-09;
3835922.394825651776;8.2428215364416246302e-09;
3836255.7503826888278;7.9660882335019778111e-09;
3836589.1059397258796;8.0053261797274899436e-09;
3836922.4614967629313;7.8639601497343392111e-09;
3837255.8170537999831;7.9589961288206723111e-09;
3837589.1726108370349;7.5251236353324202355e-09;
3837922.5281678740866;7.7982980073443286528e-09;
3838255.8837249111384;7.6070794108318295912e-09;
3838589.2392819481902;7.6774417934188932122e-09;
3838922.5948389852419;7.4179040687738506676e-09;
3839255.9503960222937;7.6557844508329253586e-09;
3839589.3059530593455;7.7567481326923370943e-09;
3839922.6615100963973;8.1220070669019150955e-09;
3840256.017067133449;7.8552337967607854807e-09;
3840589.3726241705008;7.6833783779761688493e-09;
3840922.7281812075526;8.0670190527598606423e-09;
3841256.0837382446043;7.6634680823417511419e-09;
3841589.4392952816561;7.5331527682465093676e-09;
3841922.7948523187079;7.9883983872264252568e-09;
3842256.1504093557596;7.970371029841771815e-09;
3842589.5059663928114;7.9323774215822595579e-09;
3842922.8615234298632;8.2494411302036496636e-09;
3843256.2170804669149;8.0058049078957083111e-09;
3843589.5726375039667;8.1222069070463476237e-09;
3843922.9281945410185;8.0576851857472320262e-09;
3844256.2837515780702;7.8260198321800089616e-09;
3844589.639308615122;7.7736910242265366833e-09;
3844922.9948656521738;7.7037727308493231249e-09;
3845256.3504226892255;7.8481585674694542831e-09;
3845589.7059797262773;7.7808230969367286889e-09;
3845923.0615367633291;7.7986808122432194068e-09;
3846256.4170938003808;7.7673707465919505921e-09;
3846589.7726508374326;7.9751751869139297924e-09;
3846923.1282078744844;7.738320206840398896e-09;
3847256.4837649115361;8.025264897071338055e-09;
3847589.8393219485879;7.6519528491303390183e-09;
3847923.1948789856397;7.7456645541928992316e-09;
3848256.5504360226914;7.7601969294960326806e-09;
3848589.9059930597432;7.6961841344314052549e-09;
3848923.261550096795;8.079442892494625994e-09;
3849256.6171071338467;8.0053688122916355496e-09;
3849589.9726641708985;7.1874022289364347671e-09;
3849923.3282212079503;7.3950174872550178407e-09;
3850256.683778245002;7.8633659583715598274e-09;
3850590.0393352820538;7.4948331985069671646e-09;
3850923.3948923191056;8.188755451499218907e-09;
3851256.7504493561573;7.3895889407538106752e-09;
3851590.1060063932091;7.6756077049822124536e-09;
3851923.4615634302609;7.3129569067020838702e-09;
3852256.8171204673126;7.7800299536079364771e-09;
3852590.1726775043644;7.5092767559681306011e-09;
3852923.5282345414162;7.4642176883799038478e-09;
3853256.8837915784679;7.9184125922893144889e-09;
3853590.2393486155197;7.6722637132320414821e-09;
3853923.5949056525715;7.6279684790847568365e-09;
3854256.9504626896232;7.5503097107798566867e-09;
3854590.306019726675;7.6073467525361593289e-09;
3854923.6615767637268;7.9418445153578431928e-09;
3855257.0171338007785;8.1568387599872949068e-09;
3855590.3726908378303;8.2055322536689345725e-09;
3855923.7282478748821;8.0464115370659783366e-09;
3856257.0838049119338;7.8113364665455264912e-09;
3856590.4393619489856;7.4434369778941800178e-09;
3856923.7949189860374;7.4420247742068568186e-09;
3857257.1504760230891;7.6843367224910252844e-09;
3857590.5060330601409;7.5454700265709107043e-09;
3857923.8615900971927;8.0245596834060961555e-09;
3858257.2171471342444;8.1126811934950637806e-09;
3858590.5727041712962;8.1346733793452585815e-09;
3858923.928261208348;8.2198443607239823905e-09;
3859257.2838182453997;7.8551103399604471633e-09;
3859590.6393752824515;7.4321215848272004223e-09;
3859923.9949323195033;7.9736626190651804791e-09;
3860257.350489356555;8.2099873566221504007e-09;
3860590.7060463936068;7.5244761532644588442e-09;
3860924.0616034306586;7.7307928947334403347e-09;
3861257.4171604677103;8.1100592908001090109e-09;
3861590.7727175047621;7.3159762692398544459e-09;
3861924.1282745418139;7.8409918558008939726e-09;
3862257.4838315788656;7.5195867310640096548e-09;
3862590.8393886159174;7.6336119647635314323e-09;
3862924.1949456529692;7.318161632241526604e-09;
3863257.5505026900209;8.1402768969951466715e-09;
3863590.9060597270727;7.6949948635274267872e-09;
3863924.2616167641245;8.226749059758731164e-09;
3864257.6171738011762;7.4774995084680995205e-09;
3864590.972730838228;7.8745223675014131004e-09;
3864924.3282878752798;7.7843225199103471823e-09;
3865257.6838449123316;7.719745731549210177e-09;
3865591.0394019493833;7.5451254133440670557e-09;
3865924.3949589864351;7.0954317976656966493e-09;
3866257.7505160234869;7.9212369996639608871e-09;
3866591.1060730605386;7.413643920983759017e-09;
3866924.4616300975904;7.2653221216967267537e-09;
3867257.8171871346422;7.4591453014249964326e-09;
3867591.1727441716939;8.0824813508684201224e-09;
3867924.5283012087457;7.8309847495461326616e-09;
3868257.8838582457975;7.4852932741009681195e-09;
3868591.2394152828492;7.4633259572465249221e-09;
3868924.594972319901;7.7116260044363116322e-09;
3869257.9505293569528;8.1064133183872399968e-09;
3869591.3060863940045;7.8818294113602860307e-09;
3869924.6616434310563;7.8320709917534259148e-09;
3870258.0172004681081;8.244124494183324714e-09;
3870591.3727575051598;7.7264346032279718202e-09;
3870924.7283145422116;7.5930870480078738183e-09;
3871258.0838715792634;8.0545721203861830872e-09;
3871591.4394286163151;7.7779116480769516784e-09;
3871924.7949856533669;7.4525301485550698999e-09;
3872258.1505426904187;7.8179400730959969223e-09;
3872591.5060997274704;7.9075279657558894542e-09;
3872924.8616567645222;7.4000334748802742979e-09;
3873258.217213801574;7.6795725334477538127e-09;
3873591.5727708386257;7.529275869444518321e-09;
3873924.9283278756775;8.239593007886014675e-09;
3874258.2838849127293;7.3092194519119857432e-09;
3874591.639441949781;8.197564405065804749e-09;
3874924.9949989868328;7.6462951525968492206e-09;
3875258.3505560238846;7.8055482077843407751e-09;
3875591.7061130609363;7.2579231513714148605e-09;
3875925.0616700979881;7.49359507778990519e-09;
3876258.4172271350399;8.1192679246555599093e-09;
3876591.7727841720916;7.7999278147444783826e-09;
3876925.1283412091434;7.5336155092031731328e-09;
3877258.4838982461952;7.9738446956412190048e-09;
3877591.8394552832469;7.7026633960031176684e-09;
3877925.1950123202987;7.8191071395394828869e-09;
3878258.5505693573505;7.7495023731444234727e-09;
3878591.9061263944022;7.8111312973305757623e-09;
3878925.261683431454;8.1111561911484386656e-09;
3879258.6172404685058;7.7789641395042963268e-09;
3879591.9727975055575;8.0188247153500924469e-09;
3879925.3283545426093;7.7706738821348153579e-09;
3880258.6839115796611;7.7749744420430033642e-09;
3880592.0394686167128;7.9676274467033181281e-09;
3880925.3950256537646;8.1837798759920588054e-09;
3881258.7505826908164;7.1531403023072925862e-09;
3881592.1061397278681;8.1478592761641266407e-09;
3881925.4616967649199;7.6654202985082520172e-09;
3882258.8172538019717;7.9557667120866426558e-09;
3882592.1728108390234;7.7046395929869504471e-09;
3882925.5283678760752;8.0884321462804109615e-09;
3883258.883924913127;7.9471620395565878425e-09;
3883592.2394819501787;7.9187740809061324398e-09;
3883925.5950389872305;7.2862968991671550611e-09;
3884258.9505960242823;7.6599686593681326485e-09;
3884592.306153061334;7.6885759980882539821e-09;
3884925.6617100983858;8.1301729792926380469e-09;
3885259.0172671354376;7.6818125194222375285e-09;
3885592.3728241724893;7.9567454847051521938e-09;
3885925.7283812095411;7.8398487701747399115e-09;
3886259.0839382465929;7.9061530655621936603e-09;
3886592.4394952836446;7.8104855916194537713e-09;
3886925.7950523206964;7.7190946967675699852e-09;
3887259.1506093577482;7.8404687187116905989e-09;
3887592.5061663947999;8.0902085031198112119e-09;
3887925.8617234318517;7.551503422575933655e-09;
3888259.2172804689035;8.0760660381429261179e-09;
3888592.5728375059552;8.1025115505894973467e-09;
3888925.928394543007;7.8878965581452575861e-09;
3889259.2839515800588;7.7433375267332849035e-09;
3889592.6395086171106;7.9170776601245052007e-09;
3889925.9950656541623;7.6131625448283557489e-09;
3890259.3506226912141;7.7448749635777858202e-09;
3890592.7061797282659;7.6776300872438696388e-09;
3890926.0617367653176;7.7431883127587752824e-09;
3891259.4172938023694;8.1611393198954829131e-09;
3891592.7728508394212;7.6614217192627620534e-09;
3891926.1284078764729;7.6098860546380819869e-09;
3892259.4839649135247;8.6588212155902510858e-09;
3892592.8395219505765;7.8101569656041647249e-09;
3892926.1950789876282;8.0560154103181957908e-09;
3893259.55063602468;7.8659088131871612859e-09;
3893592.9061930617318;8.1274595942204541643e-09;
3893926.2617500987835;8.1380893135474252631e-09;
3894259.6173071358353;7.5856743109170565731e-09;
3894592.9728641728871;7.8583530793707723205e-09;
3894926.3284212099388;8.434048126559900993e-09;
3895259.6839782469906;7.8757667054674129758e-09;
3895593.0395352840424;7.9309421252560241555e-09;
3895926.3950923210941;7.9696436117160374124e-09;
3896259.7506493581459;7.967151383070358861e-09;
3896593.1062063951977;8.2468041284755599918e-09;
3896926.4617634322494;7.5169452884438214824e-09;
3897259.8173204693012;7.2462023048558421578e-09;
3897593.172877506353;7.4608488276339812728e-09;
3897926.5284345434047;8.1399047502372923191e-09;
3898259.8839915804565;8.4518463339122718025e-09;
3898593.2395486175083;7.314267413960351405e-09;
3898926.59510565456;7.6903461376787163317e-09;
3899259.9506626916118;7.9002528963201257284e-09;
3899593.3062197286636;7.7377899643238379213e-09;
3899926.6617767657153;7.6070394428029430856e-09;
3900260.0173338027671;7.2977619502978541277e-09;
3900593.3728908398189;8.1252897743411267584e-09;
3900926.7284478768706;7.7138349041661058436e-09;
3901260.0840049139224;7.5572899049802799709e-09;
3901593.4395619509742;8.3370590431286473176e-09;
3901926.7951189880259;7.9758759596870731912e-09;
3902260.1506760250777;7.5842487845534378721e-09;
3902593.5062330621295;7.962002612771357235e-09;
3902926.8617900991812;7.7985848889738917933e-09;
3903260.217347136233;8.0914883682225990924e-09;
3903593.5729041732848;7.59111351555930014e-09;
3903926.9284612103365;7.6807999960237793857e-09;
3904260.2840182473883;7.5467694315989319875e-09;
3904593.6395752844401;8.1444966326671419665e-09;
3904926.9951323214918;7.6204145216252072714e-09;
3905260.3506893585436;8.1832478571186584304e-09;
3905593.7062463955954;7.8942035131035481754e-09;
3905927.0618034326471;7.9501507599388787639e-09;
3906260.4173604696989;7.7640285311986190209e-09;
3906593.7729175067507;8.1218649583547630755e-09;
3906927.1284745438024;8.0330790908078597568e-09;
3907260.4840315808542;8.0151769665803840326e-09;
3907593.839588617906;7.9342727943298996252e-09;
3907927.1951456549577;7.8839343942149753275e-09;
3908260.5507026920095;7.7682438259785158152e-09;
3908593.9062597290613;7.9295769950249450631e-09;
3908927.261816766113;7.75785213846802435e-09;
3909260.6173738031648;7.2313621757302826154e-09;
3909593.9729308402166;7.9334920854989832151e-09;
3909927.3284878772683;7.582170447051339579e-09;
3910260.6840449143201;7.5790271836240208359e-09;
3910594.0396019513719;7.8749229359686978569e-09;
3910927.3951589884236;7.7176576240844951826e-09;
3911260.7507160254754;7.7776931561857054476e-09;
3911594.1062730625272;8.5452152021048277675e-09;
3911927.4618300995789;8.3678575180101688602e-09;
3912260.8173871366307;8.2509057364177351701e-09;
3912594.1729441736825;7.4011645700977624074e-09;
3912927.5285012107342;7.9085982207516281051e-09;
3913260.884058247786;7.7986541668906284031e-09;
3913594.2396152848378;7.9488513549108574807e-09;
3913927.5951723218895;7.5172490454633589252e-09;
3914260.9507293589413;8.1745836766344837088e-09;
3914594.3062863959931;8.1333588752841023961e-09;
3914927.6618434330449;7.95756971427863391e-09;
3915261.0174004700966;7.894980669220785785e-09;
3915594.3729575071484;7.8281923165945954679e-09;
3915927.7285145442002;7.9559487886626811814e-09;
3916261.0840715812519;7.6477189026036285213e-09;
3916594.4396286183037;7.6525035197505530959e-09;
3916927.7951856553555;7.972570159608949325e-09;
3917261.1507426924072;7.9434494537622413191e-09;
3917594.506299729459;7.7514359375641106453e-09;
3917927.8618567665108;7.7031909739844195428e-09;
3918261.2174138035625;8.062712275602734735e-09;
3918594.5729708406143;8.3239459769401946687e-09;
3918927.9285278776661;7.5646751085400865122e-09;
3919261.2840849147178;7.8761956956441281363e-09;
3919594.6396419517696;7.9645907646863634e-09;
3919927.9951989888214;7.7529609399107357603e-09;
3920261.3507560258731;8.2809350487877964042e-09;
3920594.7063130629249;7.7169932666265594889e-09;
3920928.0618700999767;7.4842150254994521674e-09;
3921261.4174271370284;7.5475377059319725959e-09;
3921594.7729841740802;7.839022764244418795e-09;
3921928.128541211132;7.5891266604344309599e-09;
3922261.4840982481837;8.0064941343493956083e-09;
3922594.8396552852355;8.0661548551574924204e-09;
3922928.1952123222873;7.88912934979180136e-09;
3923261.550769359339;7.8750064247401496687e-09;
3923594.9063263963908;7.6447506103249907028e-09;
3923928.2618834334426;8.0705486737997489399e-09;
3924261.6174404704943;7.8376869439011898066e-09;
3924594.9729975075461;8.0350410769369773334e-09;
3924928.3285545445979;8.4101090536137235176e-09;
3925261.6841115816496;8.4255624699380859965e-09;
3925595.0396686187014;8.1901943005391331099e-09;
3925928.3952256557532;8.0269986213465926994e-09;
3926261.7507826928049;7.8152488924843055429e-09;
3926595.1063397298567;8.1391613449000033143e-09;
3926928.4618967669085;8.0656450407445845485e-09;
3927261.8174538039602;8.2860713845889222284e-09;
3927595.173010841012;7.965597959014303342e-09;
3927928.5285678780638;8.3364435354837951309e-09;
3928261.8841249151155;8.4526776689131111198e-09;
3928595.2396819521673;8.3336617606732943386e-09;
3928928.5952389892191;8.0996658269327781454e-09;
3929261.9507960262708;8.0572606364626153663e-09;
3929595.3063530633226;8.1079365443770257116e-09;
3929928.6619101003744;8.0352382525461507612e-09;
3930262.0174671374261;7.9079871539988744189e-09;
3930595.3730241744779;8.0392341672563816246e-09;
3930928.7285812115297;8.3277056361907852988e-09;
3931262.0841382485814;7.9138651187804498477e-09;
3931595.4396952856332;7.9297022281821227807e-09;
3931928.795252322685;8.4146609680146866594e-09;
3932262.1508093597367;8.0664666057828071644e-09;
3932595.5063663967885;8.0228117482761263091e-09;
3932928.8619234338403;8.2117761479594264529e-09;
3933262.217480470892;8.3792137672844546614e-09;
3933595.5730375079438;8.3808187056888527877e-09;
3933928.9285945449956;8.4139069045363612531e-09;
3934262.2841515820473;8.2265465550790395355e-09;
3934595.6397086190991;8.4173512604479583388e-09;
3934928.9952656561509;7.8164159589277915074e-09;
3935262.3508226932026;8.4095326258193381364e-09;
3935595.7063797302544;7.8298700856294090045e-09;
3935929.0619367673062;8.1641786664476967417e-09;
3936262.4174938043579;8.3515852011828428658e-09;
3936595.7730508414097;8.5622859913314641744e-09;
3936929.1286078784615;8.7228375633685573121e-09;
3937262.4841649155132;8.5070359645555981842e-09;
3937595.839721952565;8.1488469305668331799e-09;
3937929.1952789896168;8.0112352307537548768e-09;
3938262.5508360266685;8.0226989496168243932e-09;
3938595.9063930637203;8.7512637136910598201e-09;
3938929.2619501007721;8.1440241217478614999e-09;
3939262.6175071378238;8.0774986699339024199e-09;
3939595.9730641748756;7.898449005949714774e-09;
3939929.3286212119274;8.5202573885112542484e-09;
3940262.6841782489792;8.1905398019443964586e-09;
3940596.0397352860309;8.1546041030833293917e-09;
3940929.3952923230827;8.2274427271045169618e-09;
3941262.7508493601345;8.3892590652112630778e-09;
3941596.1064063971862;8.8314635604547220282e-09;
3941929.461963434238;7.8105681922124858829e-09;
3942262.8175204712898;8.4554701018646483135e-09;
3942596.1730775083415;8.0330790908078597568e-09;
3942929.5286345453933;8.5961211482299404452e-09;
3943262.8841915824451;7.9970892130631909822e-09;
3943596.2397486194968;8.6096623164166885545e-09;
3943929.5953056565486;8.0560722537370565988e-09;
3944262.9508626936004;8.3030178288368006179e-09;
3944596.3064197306521;7.9007103082062712929e-09;
3944929.6619767677039;8.5044664643874057219e-09;
3945263.0175338047557;8.6301961133017357497e-09;
3945596.3730908418074;8.9535303615662087395e-09;
3945929.7286478788592;8.1136359852962414152e-09;
3946263.084204915911;8.5691018725242429355e-09;
3946596.4397619529627;8.2595050798772717826e-09;
3946929.7953189900145;8.0495787813106289832e-09;
3947263.1508760270663;8.2432416448341427895e-09;
3947596.506433064118;7.9614013159812202503e-09;
3947929.8619901011698;8.6698870305212949461e-09;
3948263.2175471382216;8.1840099142027611379e-09;
3948596.5731041752733;7.473205165808849415e-09;
3948929.9286612123251;7.9517565865216965904e-09;
3949263.2842182493769;7.8010380377691035392e-09;
3949596.6397752864286;8.0615505382297669712e-09;
3949929.9953323234804;7.6645312319101321918e-09;
3950263.3508893605322;7.7950517152203246951e-09;
3950596.7064463975839;8.0614093178610346513e-09;
3950930.0620034346357;8.1634334847535683366e-09;
3951263.4175604716875;8.0321473916455943254e-09;
3951596.7731175087392;7.8587403251617615751e-09;
3951930.128674545791;7.9124751195536191517e-09;
3952263.4842315828428;8.1074240654288587393e-09;
3952596.8397886198945;8.2284259406151250005e-09;
3952930.1953456569463;7.7548820698325471312e-09;
3953263.5509026939981;7.536885782144508994e-09;
3953596.9064597310498;7.9682855869123159209e-09;
3953930.2620167681016;7.7555766253567526292e-09;
3954263.6175738051534;7.5432566859490179922e-09;
3954596.9731308422051;7.9187190138441110321e-09;
3954930.3286878792569;7.843044436128820962e-09;
3955263.6842449163087;7.59692930785149656e-09;
3955597.0398019533604;8.1666611251307585917e-09;
3955930.3953589904122;7.6882118449361769308e-09;
3956263.750916027464;8.2064977036111486086e-09;
3956597.1064730645157;7.8543376247353080544e-09;
3956930.4620301015675;7.5517556652471284906e-09;
3957263.8175871386193;7.8649966539501292573e-09;
3957597.173144175671;7.9701054644942814775e-09;
3957930.5287012127228;7.7271939957768154272e-09;
3958263.8842582497746;7.8535373759791582415e-09;
3958597.2398152868263;7.4372286107404761424e-09;
3958930.5953723238781;7.9281559095534248627e-09;
3959263.9509293609299;7.9059585544882793329e-09;
3959597.3064863979816;8.1207662816495940206e-09;
3959930.6620434350334;7.9333810631965206994e-09;
3960264.0176004720852;7.5516233266625931719e-09;
3960597.3731575091369;7.8876052356235959451e-09;
3960930.7287145461887;8.1881514901738228218e-09;
3961264.0842715832405;7.9921180784481293813e-09;
3961597.4398286202922;7.9433659649907895073e-09;
3961930.795385657344;8.2170146242788177915e-09;
3962264.1509426943958;8.2621030017548946489e-09;
3962597.5064997314475;8.5603453214844194008e-09;
3962930.8620567684993;7.6065713727757611196e-09;
3963264.2176138055511;8.163060449817294284e-09;
3963597.5731708426028;8.2470510420762366266e-09;
3963930.9287278796546;7.7807138509911055735e-09;
3964264.2842849167064;8.4185645121692687098e-09;
3964597.6398419537582;7.8499642341967046377e-09;
3964930.9953989908099;7.4837416264017520007e-09;
3965264.3509560278617;7.7339850079738425848e-09;
3965597.7065130649135;7.9733126767678186297e-09;
3965931.0620701019652;7.6143527039107539167e-09;
3966264.417627139017;7.7319874947079370031e-09;
3966597.7731841760688;7.1956138825157722749e-09;
3966931.1287412131205;7.8115016677315907145e-09;
3967264.4842982501723;7.8955348925546786631e-09;
3967597.8398552872241;8.2698718983920116443e-09;
3967931.1954123242758;7.7926829433749844611e-09;
3968264.5509693613276;7.934328749570340733e-09;
3968597.9065263983794;7.1666619305688072927e-09;
3968931.2620834354311;7.661865808472612116e-09;
3969264.6176404724829;7.6197856913040595828e-09;
3969597.9731975095347;7.6329822462639640435e-09;
3969931.3287545465864;8.0127691148845769931e-09;
3970264.6843115836382;7.6469532928058470134e-09;
3970598.03986862069;8.264018802606187819e-09;
3970931.3954256577417;7.4346679923564806813e-09;
3971264.7509826947935;7.6559327766290152795e-09;
3971598.1065397318453;7.6297910212019814935e-09;
3971931.462096768897;7.9066806435434955347e-09;
3972264.8176538059488;7.925023304267142521e-09;
3972598.1732108430006;7.5003914190574505483e-09;
3972931.5287678800523;7.9522592955072468612e-09;
3973264.8843249171041;8.1475874935676984023e-09;
3973598.2398819541559;7.9223223536928344402e-09;
3973931.5954389912076;8.1596480683288064029e-09;
3974264.9509960282594;8.0306099548010934086e-09;
3974598.3065530653112;8.2016411440122283238e-09;
3974931.6621101023629;7.8369017941781748959e-09;
3975265.0176671394147;7.7533020004239006084e-09;
3975598.3732241764665;8.1635196380602792487e-09;
3975931.7287812135182;7.7355064576067888993e-09;
3976265.08433825057;7.7534512143984102295e-09;
3976598.4398952876218;7.5802795151957980124e-09;
3976931.7954523246735;7.9788469165009701101e-09;
3977265.1510093617253;8.2713684790292063553e-09;
3977598.5065663987771;7.6379178537422376394e-09;
3977931.8621234358288;7.6399313542196978233e-09;
3978265.2176804728806;7.9835018595986184664e-09;
3978598.5732375099324;7.867746454337520845e-09;
3978931.9287945469841;7.9936341990105574951e-09;
3979265.2843515840359;7.6394206516283702513e-09;
3979598.6399086210877;7.827944514815499133e-09;
3979931.9954656581394;7.7322868108353759453e-09;
3980265.3510226951912;7.7488628846822393825e-09;
3980598.706579732243;7.7713968593684512598e-09;
3980932.0621367692947;7.9515469764146473608e-09;
3981265.4176938063465;7.5401827004384358588e-09;
3981598.7732508433983;7.7390271968624801957e-09;
3981932.12880788045;7.404481028316922675e-09;
3982265.4843649175018;7.8038748796416257392e-09;
3982598.8399219545536;7.6589454778286381043e-09;
3982932.1954789916053;7.5235115915006645082e-09;
3983265.5510360286571;7.882619001975399442e-09;
3983598.9065930657089;8.0571478378033134504e-09;
3983932.2621501027606;7.6846200514069096243e-09;
3984265.6177071398124;8.0417770220719830832e-09;
3984598.9732641768642;7.8994473184934577148e-09;
3984932.3288212139159;7.7566255640704184771e-09;
3985265.6843782509677;7.3962125313187243592e-09;
3985599.0399352880195;8.0316677752989562578e-09;
3985932.3954923250712;7.724086259486284689e-09;
3986265.751049362123;7.9229769411881534324e-09;
3986599.1066063991748;8.3174560572274458536e-09;
3986932.4621634362265;7.5647683672741550254e-09;
3987265.8177204732783;7.9868547331329864392e-09;
3987599.1732775103301;7.9288939858201956667e-09;
3987932.5288345473818;7.7902191364387363137e-09;
3988265.8843915844336;7.6257045122929412173e-09;
3988599.2399486214854;7.759419773378795071e-09;
3988932.5955056585371;7.7399784359499790298e-09;
3989265.9510626955889;7.8068094211403149529e-09;
3989599.3066197326407;7.6766726309074329038e-09;
3989932.6621767696925;7.8408133319385342475e-09;
3990266.0177338067442;8.002584372945875657e-09;
3990599.373290843796;7.3152697233069829963e-09;
3990932.7288478808478;7.9132815855587068654e-09;
3991266.0844049178995;7.8228579170058765158e-09;
3991599.4399619549513;8.1820257236131510581e-09;
3991932.7955189920031;7.8704287531650152232e-09;
3992266.1510760290548;8.1625159964460181072e-09;
3992599.5066330661066;8.123762107459242543e-09;
3992932.8621901031584;8.086130875994967937e-09;
3993266.2177471402101;7.4656343329593255476e-09;
3993599.5733041772619;8.0498194776623677171e-09;
3993932.9288612143137;7.981888927588443039e-09;
3994266.2844182513654;7.8578841211651706544e-09;
3994599.6399752884172;7.2191137512334080384e-09;
3994932.995532325469;8.0039486149985350494e-09;
3995266.3510893625207;7.6952648697670156253e-09;
3995599.7066463995725;8.1636768456405661709e-09;
3995933.0622034366243;8.4757694196468946757e-09;
3996266.417760473676;7.5287731604589680501e-09;
3996599.7733175107278;7.7421269395472336328e-09;
3996933.1288745477796;8.1322442113673787389e-09;
3997266.4844315848313;7.7365394091089001449e-09;
3997599.8399886218831;7.8412263349036948057e-09;
3997933.1955456589349;7.8527095936919977248e-09;
3998266.5511026959866;7.2289489949639573751e-09;
3998599.9066597330384;8.0001667512874519161e-09;
3998933.2622167700902;7.7971336054361017887e-09;
3999266.6177738071419;7.6074533339465233439e-09;
3999599.9733308441937;7.5429253953984698455e-09;
3999933.3288878812455;7.6378912083896466356e-09;
4000266.6844449182972;8.1116837691297405399e-09;
4000600.040001955349;7.9155890730930877908e-09;
4000933.3955589924008;7.7115585028764144226e-09;
4001266.7511160294525;7.4854904497101415473e-09;
4001600.1066730665043;7.8123800761886741384e-09;
4001933.4622301035561;7.7779116480769516784e-09;
4002266.8177871406078;7.8309980722224281635e-09;
4002600.1733441776596;7.8451396490208935575e-09;
4002933.5289012147114;7.921654443521219946e-09;
4003266.8844582517631;7.6892785472182367812e-09;
4003600.2400152888149;7.7599651149284909479e-09;
4003933.5955723258667;7.5693673551313622738e-09;
4004266.9511293629184;7.8055064633986148692e-09;
4004600.3066863999702;7.9232131966477936658e-09;
4004933.662243437022;7.7332513725991702813e-09;
4005267.0178004740737;7.7419910482490195136e-09;
4005600.3733575111255;8.2730249317819470889e-09;
4005933.7289145481773;8.0408728564407283557e-09;
4006267.084471585229;7.6254629277627827832e-09;
4006600.4400286222808;7.7144717280930308334e-09;
4006933.7955856593326;7.7445214685667451704e-09;
4007267.1511426963843;7.8681061665974993957e-09;
4007600.5066997334361;7.4099721913967186993e-09;
4007933.8622567704879;7.7196506964583022636e-09;
4008267.2178138075396;8.2389997047016549914e-09;
4008600.5733708445914;7.937562607196468889e-09;
4008933.9289278816432;7.7533286457764916122e-09;
4009267.2844849186949;7.6840525053967212443e-09;
4009600.6400419557467;8.2710922555406796164e-09;
4009933.9955989927985;8.003428142444590776e-09;
4010267.3511560298502;7.6300059603795489238e-09;
4010600.706713066902;7.398473833575280878e-09;
4010934.0622701039538;7.958101733152034285e-09;
4011267.4178271410055;7.8752409038429505017e-09;
4011600.7733841780573;7.7601827186413174786e-09;
4011934.1289412151091;7.9206667891185134067e-09;
4012267.4844982521608;7.7593380609641826595e-09;
4012600.8400552892126;8.1941236018678864639e-09;
4012934.1956123262644;8.0269284552514363895e-09;
4013267.5511693633161;7.8503781253402848961e-09;
4013600.9067264003679;7.4861352672428438382e-09;
4013934.2622834374197;7.7137398690751979302e-09;
4014267.6178404744714;7.312828120831227352e-09;
4014600.9733975115232;7.6888735378588535241e-09;
4014934.328954548575;7.7504012097051599994e-09;
4015267.6845115856268;7.5328880910774387303e-09;
4015601.0400686226785;7.7629103145682165632e-09;
4015934.3956256597303;8.0201907337595912395e-09;
4016267.7511826967821;8.352671443390136119e-09;
4016601.1067397338338;7.9078059656012555934e-09;
4016934.4622967708856;7.5171300295551191084e-09;
4017267.8178538079374;7.4209016709403385903e-09;
4017601.1734108449891;7.7243713647590084292e-09;
4017934.5289678820409;7.8759612165413273033e-09;
4018267.8845249190927;7.8470963060794929333e-09;
4018601.2400819561444;7.6797075365675482317e-09;
4018934.5956389931962;7.4617139134147691948e-09;
4019267.951196030248;7.3079222673300137103e-09;
4019601.3067530672997;7.4222836765613919852e-09;
4019934.6623101043515;8.0546422864813393971e-09;
4020268.0178671414033;7.9809776565298307105e-09;
4020601.373424178455;7.3349193385752187169e-09;
4020934.7289812155068;7.7142283672060329991e-09;
4021268.0845382525586;7.9760162918773858109e-09;
4021601.4400952896103;7.90558374319516588e-09;
4021934.7956523266621;7.9554594023534264124e-09;
4022268.1512093637139;7.7877837512119185703e-09;
4022601.5067664007656;7.1703643023113272648e-09;
4022934.8623234378174;7.6406827531627641292e-09;
4023268.2178804748692;7.7372321882762662426e-09;
4023601.5734375119209;7.9796738106097109267e-09;
4023934.9289945489727;7.5870998372806752741e-09;
4024268.2845515860245;8.1237914173470926471e-09;
4024601.6401086230762;7.7607555937220240594e-09;
4024934.995665660128;7.8309980722224281635e-09;
4025268.3512226971798;7.7466850711971346755e-09;
4025601.7067797342315;7.2841594978001467098e-09;
4025935.0623367712833;7.5372295071929329424e-09;
4026268.4178938083351;7.8818986892770226405e-09;
4026601.7734508453868;7.9883424319859841489e-09;
4026935.1290078824386;7.7032860090753274562e-09;
4027268.4845649194904;7.5696862111840346188e-09;
4027601.8401219565421;7.366168564004738073e-09;
4027935.1956789935939;7.9812583209104559501e-09;
4028268.5512360306457;7.7249007190971497039e-09;
4028601.9067930676974;7.4676149708352568268e-09;
4028935.2623501047492;8.0012352299263511668e-09;
4029268.617907141801;8.1022699660593389126e-09;
4029601.9734641788527;7.9928339502544076822e-09;
4029935.3290212159045;7.9325861435108890873e-09;
4030268.6845782529563;8.0535107471746414376e-09;
4030602.040135290008;7.8198629793746476935e-09;
4030935.3956923270598;7.7215496219196211314e-09;
4031268.7512493641116;7.593340178857488354e-09;
4031602.1068064011633;7.9684818743430696486e-09;
4031935.4623634382151;7.5212911454514141951e-09;
4032268.8179204752669;8.2922024802201121929e-09;
4032602.1734775123186;7.6103940926941504586e-09;
4032935.5290345493704;7.4284014495162864478e-09;
4033268.8845915864222;8.0813027381054780562e-09;
4033602.2401486234739;7.7544592969047698716e-09;
4033935.5957056605257;7.5074044758594027371e-09;
4034268.9512626975775;7.7893025363096057845e-09;
4034602.3068197346292;8.116116667622463865e-09;
4034935.662376771681;7.5167738700088193582e-09;
4035269.0179338087328;7.8809714310068557097e-09;
4035602.3734908457845;7.5644228658688916767e-09;
4035935.7290478828363;7.4119901327662773838e-09;
4036269.0846049198881;7.9865882796070764016e-09;
4036602.4401619569398;7.9314155243537243223e-09;
4036935.7957189939916;7.7224715511192698614e-09;
4037269.1512760310434;8.0681390457471025002e-09;
4037602.5068330680951;8.1386177797071468376e-09;
4037935.8623901051469;8.0181346007179854496e-09;
4038269.2179471421987;7.2362928982272478606e-09;
4038602.5735041792504;7.3721624360700843681e-09;
4038935.9290612163022;7.7776389773021037399e-09;
4039269.284618253354;7.7499109352174855303e-09;
4039602.6401752904058;7.4515487114013012615e-09;
4039935.9957323274575;8.1051885203464735241e-09;
4040269.3512893645093;7.7325035263697827759e-09;
4040602.7068464015611;7.8472757181202723586e-09;
4040936.0624034386128;7.7194064473928847292e-09;
4041269.4179604756646;7.4465891231056957622e-09;
4041602.7735175127164;7.4703567776168711134e-09;
4041936.1290745497681;7.3747661311074352852e-09;
4042269.4846315868199;7.7164639122884182143e-09;
4042602.8401886238717;7.683270020208965434e-09;
4042936.1957456609234;7.6385084923913382227e-09;
4043269.5513026979752;7.5938206833825461217e-09;
4043602.906859735027;7.8312458740015244985e-09;
4043936.2624167720787;7.7680937238255864941e-09;
4044269.6179738091305;7.7930115693902735075e-09;
4044602.9735308461823;7.5969159851752010582e-09;
4044936.329087883234;7.7716970636743099021e-09;
4045269.6846449202858;7.604567642260917637e-09;
4045603.0402019573376;7.6247532732054423832e-09;
4045936.3957589943893;7.3456996041443289869e-09;
4046269.7513160314411;7.9545650066847883863e-09;
4046603.1068730684929;7.6102475432548999379e-09;
4046936.4624301055446;7.813916624854755355e-09;
4047269.8179871425964;7.8936768233006660012e-09;
4047603.1735441796482;7.8621642529697055579e-09;
4047936.5291012166999;8.1569391241487210209e-09;
4048269.8846582537517;8.5468663257870503003e-09;
4048603.2402152908035;7.6848625241154877585e-09;
4048936.5957723278552;7.868576012981520762e-09;
4049269.951329364907;7.8890192156677585444e-09;
4049603.3068864019588;8.0735977903145794699e-09;
4049936.6624434390105;7.6088033651444675343e-09;
4050270.0180004760623;7.7529884734417464642e-09;
4050603.3735575131141;7.672412039028131403e-09;
4050936.7291145501658;7.6620949585048947483e-09;
4051270.0846715872176;7.4252963777610148099e-09;
4051603.4402286242694;7.6000929993824684061e-09;
4051936.7957856613211;7.6809625326745845086e-09;
4052270.1513426983729;7.9121971197082530125e-09;
4052603.5068997354247;7.8657151902916666586e-09;
4052936.8624567724764;7.4050010567816570983e-09;
4053270.2180138095282;7.441580240907796906e-09;
4053603.57357084658;7.7666744147109056939e-09;
4053936.9291278836317;7.8189703600628490676e-09;
4054270.2846849206835;8.0604323215993645135e-09;
4054603.6402419577353;7.8514954537922676536e-09;
4054936.995798994787;7.85189513408113271e-09;
4055270.3513560318388;7.1696208969740382599e-09;
4055603.7069130688906;7.5308763669568179466e-09;
4055937.0624701059423;8.100946580213985726e-09;
4056270.4180271429941;8.0221633780297452176e-09;
4056603.7735841800459;7.4952932749283718294e-09;
4056937.1291412170976;8.1370314930495624139e-09;
4057270.4846982541494;7.9479018921801980468e-09;
4057603.8402552912012;7.5034485291780583793e-09;
4057937.1958123282529;7.8769017974877897359e-09;
4058270.5513693653047;7.6743802424061868805e-09;
4058603.9069264023565;7.8022717175940670131e-09;
4058937.2624834394082;7.8530266733878306695e-09;
4059270.61804047646;8.4235791675268956169e-09;
4059603.9735975135118;7.8283433069259444892e-09;
4059937.3291545505635;7.7837896128585271072e-09;
4060270.6847115876153;8.1593611866992432624e-09;
4060604.0402686246671;7.8608799469748191768e-09;
4060937.3958256617188;7.7687625221756206884e-09;
4061270.7513826987706;7.5783619379876654421e-09;
4061604.1069397358224;8.2603612838738627033e-09;
4061937.4624967728741;7.9828712529206313775e-09;
4062270.8180538099259;7.8587811813690677809e-09;
4062604.1736108469777;7.7807138509911055735e-09;
4062937.5291678840294;7.7237336526536637393e-09;
4063270.8847249210812;8.16693290772718683e-09;
4063604.240281958133;7.5369381846712713013e-09;
4063937.5958389951847;7.8787980584138495033e-09;
4064270.9513960322365;7.8696125171973108081e-09;
4064604.3069530692883;7.7993247415975019976e-09;
4064937.6625101063401;7.4460655419272825384e-09;
4065271.0180671433918;7.3093606722807180631e-09;
4065604.3736241804436;7.7688442345902330999e-09;
4065937.7291812174954;7.6938322379760393233e-09;
4066271.0847382545471;8.1823570141636992048e-09;
4066604.4402952915989;7.6995654296752036316e-09;
4066937.7958523286507;7.7299642242678601178e-09;
4067271.1514093657024;7.6248332092632153945e-09;
4067604.5069664027542;7.7176576240844951826e-09;
4067937.862523439806;8.3979285747659560002e-09;
4068271.2180804768577;7.6113968461299918999e-09;
4068604.5736375139095;7.3897838959169348527e-09;
4068937.9291945509613;7.7407129595030710334e-09;
4069271.284751588013;7.5286674672270237352e-09;
4069604.6403086250648;7.6802875170756124135e-09;
4069937.9958656621166;8.26310397883389669e-09;
4070271.3514226991683;7.6352622002673342649e-09;
4070604.7069797362201;7.8554407423325756099e-09;
4070938.0625367732719;7.5396924259507613897e-09;
4071271.4180938103236;7.6356503342367432197e-09;
4071604.7736508473754;7.9161877053479656752e-09;
4071938.1292078844272;8.1410345131871508784e-09;
4072271.4847649214789;8.4060767235882849491e-09;
4072604.8403219585307;7.675270197182726406e-09;
4072938.1958789955825;7.9349700143893642235e-09;
4073271.5514360326342;7.320501538288226584e-09;
4073604.906993069686;7.4780119874162664928e-09;
4073938.2625501067378;8.0514883649129842524e-09;
4074271.6181071437895;7.6580173313800514734e-09;
4074604.9736641808413;7.8844886175488682056e-09;
4074938.3292212178931;8.0855340200969294528e-09;
4075271.6847782549448;7.5511321639964990027e-09;
4075605.0403352919966;7.6750676925030347775e-09;
4075938.3958923290484;7.9758342153013472853e-09;
4076271.7514493661001;7.70685915085778106e-09;
4076605.1070064031519;7.5632664575664421136e-09;
4076938.4625634402037;7.9691817589377933473e-09;
4077271.8181204772554;7.8919022428181051509e-09;
4077605.1736775143072;7.9530844132591482776e-09;
4077938.529234551359;8.0321056472598684195e-09;
4078271.8847915884107;7.9383015716416593932e-09;
4078605.2403486254625;8.1619129232990417222e-09;
4078938.5959056625143;7.6264408122028726211e-09;
4079271.951462699566;7.8665305380809513736e-09;
4079605.3070197366178;7.915909705502599536e-09;
4079938.6625767736696;7.4141648376269131404e-09;
4080272.0181338107213;8.0248421241435607953e-09;
4080605.3736908477731;7.6658919212491127837e-09;
4080938.7292478848249;7.5991186676560573687e-09;
4081272.0848049218766;7.9418027709721172869e-09;
4081605.4403619589284;7.6564976581039445591e-09;
4081938.7959189959802;7.650312383589152887e-09;
4082272.1514760330319;7.5380377495548600564e-09;
4082605.5070330700837;7.8659772029254781955e-09;
4082938.8625901071355;8.2016837765763739299e-09;
4083272.2181471441872;8.1094464476905159245e-09;
4083605.573704181239;7.7966264555584530171e-09;
4083938.9292612182908;7.8000788050758274039e-09;
4084272.2848182553425;7.5536261689990169543e-09;
4084605.6403752923943;7.0761254633566750272e-09;
4084938.9959323294461;7.5542629929259419441e-09;
4085272.3514893664978;7.7879613868958585954e-09;
4085605.7070464035496;7.5795867360284319147e-09;
4085939.0626034406014;7.1457426642496102431e-09;
4086272.4181604776531;7.038918337087807231e-09;
4086605.7737175147049;7.7439361589881627879e-09;
4086939.1292745517567;7.0448442635040464666e-09;
4087272.4848315888084;8.1740525459395030339e-09;
4087605.8403886258602;7.9977917621931737813e-09;
4087939.195945662912;7.544595170827506081e-09;
4088272.5515026999637;7.4529360460928728571e-09;
4088605.9070597370155;7.788234945849126234e-09;
4088939.2626167740673;7.9100566097167757107e-09;
4089272.618173811119;7.9405335640103658079e-09;
4089605.9737308481708;7.7637283268927603785e-09;
4089939.3292878852226;7.629362031025266333e-09;
4090272.6848449222744;7.7124937547523586545e-09;
4090606.0404019593261;8.0977589078656819765e-09;
4090939.3959589963779;7.8452222496139256691e-09;
4091272.7515160334297;7.6500974444115854567e-09;
4091606.1070730704814;7.6148607419668223883e-09;
4091939.4626301075332;7.7557400501859774522e-09;
4092272.818187144585;8.0484756637133614277e-09;
4092606.1737441816367;7.7266379960860831488e-09;
4092939.5293012186885;8.326593636809320742e-09;
4093272.8848582557403;7.5859407644429666107e-09;
4093606.240415292792;7.98629340437173596e-09;
4093939.5959723298438;7.811816971070584259e-09;
4094272.9515293668956;7.8281923165945954679e-09;
4094606.3070864039473;7.5942745425550128857e-09;
4094939.6626434409991;7.8982127504900745407e-09;
4095273.0182004780509;7.6398771753360961156e-09;
4095606.3737575151026;7.6711588192779345263e-09;
4095939.7293145521544;7.5931936294182378333e-09;
4096273.0848715892062;7.8889907939583281404e-09;
4096606.4404286262579;8.2048545735347033769e-09;
4096939.7959856633097;8.1193114453981252154e-09;
4097273.1515427003615;7.6528401393716194434e-09;
4097606.5070997374132;7.7222548355848630308e-09;
4097939.862656774465;7.8970057160177020705e-09;
4098273.2182138115168;7.9385253926034238248e-09;
4098606.5737708485685;7.4771842051291059761e-09;
4098939.9293278856203;7.9651787388002048829e-09;
4099273.2848849226721;7.5517423425708329887e-09;
4099606.6404419597238;7.7048962765502437833e-09;
4099939.9959989967756;7.8554549531872908119e-09;
4100273.3515560338274;7.9066948543982107367e-09;
4100606.7071130708791;7.8899056177306192694e-09;
4100940.0626701079309;8.0730586660138214938e-09;
4101273.4182271449827;7.5063359972205034865e-09;
4101606.7737841820344;7.8957569371596036945e-09;
4101940.1293412190862;8.1339583957173999806e-09;
4102273.484898256138;7.8608524134438084729e-09;
4102606.8404552931897;7.9010433751136588398e-09;
4102940.1960123302415;8.0546005420956134913e-09;
4103273.5515693672933;7.8824111682251896127e-09;
4103606.907126404345;7.7898905104234472674e-09;
4103940.2626834413968;7.7019599586947151693e-09;
4104273.6182404784486;7.799051182644234359e-09;
4104606.9737975155003;8.3258182570489225327e-09;
4104940.3293545525521;7.8706907657988267601e-09;
4105273.6849115896039;7.9274045106103585567e-09;
4105607.0404686266556;7.7604420667398699152e-09;
4105940.3960256637074;7.7920532248754170723e-09;
4106273.7515827007592;8.3315834231711960456e-09;
4106607.1071397378109;7.6825816819336978369e-09;
4106940.4626967748627;7.5699659873862401582e-09;
4107273.8182538119145;7.4731136834316203021e-09;
4107607.1738108489662;7.6859834052811493166e-09;
4107940.529367886018;7.6812183280594581447e-09;
4108273.8849249230698;7.9786648399249315844e-09;
4108607.2404819601215;9.5597183502604821115e-09;
4108940.5960389971733;7.8112272205999033758e-09;
4109273.9515960342251;7.7424946454129894846e-09;
4109607.3071530712768;7.6723587483229493955e-09;
4109940.6627101083286;7.5307182711981113243e-09;
4110274.0182671453804;7.6620274569449975388e-09;
4110607.3738241824321;7.6487269851099881635e-09;
4110940.7293812194839;7.7916011420597897086e-09;
4111274.0849382565357;7.6974417950737006322e-09;
4111607.4404952935874;7.5374684271878322761e-09;
4111940.7960523306392;7.6967925366488998407e-09;
4112274.151609367691;7.9035427091866949922e-09;
4112607.5071664047427;8.1793674056029885833e-09;
4112940.8627234417945;7.7782669194448317285e-09;
4113274.2182804788463;7.6119581748912423791e-09;
4113607.573837515898;7.875448737593160331e-09;
4113940.9293945529498;7.442665594936670459e-09;
4114274.2849515900016;7.4259878246607513574e-09;
4114607.6405086270534;8.0224600296219250595e-09;
4114940.9960656641051;7.8473032516512830625e-09;
4115274.3516227011569;7.4688877305106871063e-09;
4115607.7071797382087;8.0145570180434333452e-09;
4115941.0627367752604;7.5753270323275501141e-09;
4116274.4182938123122;7.498282883489082451e-09;
4116607.773850849364;7.9731306001917801041e-09;
4116941.1294078864157;7.7299642242678601178e-09;
4117274.4849649234675;7.0786119188426255278e-09;
4117607.8405219605193;7.6868476028835175384e-09;
4117941.196078997571;7.3703754210896477161e-09;
4118274.5516360346228;8.0105175825906371756e-09;
4118607.9071930716746;7.2939423390039337391e-09;
4118941.2627501087263;8.090236924829241616e-09;
4119274.6183071457781;7.6716437646950907947e-09;
4119607.9738641828299;7.5150570211235390161e-09;
4119941.3294212198816;7.6401587278951410553e-09;
4120274.6849782569334;7.8263910907594436139e-09;
4120608.0405352939852;7.9228650307072712167e-09;
4120941.3960923310369;7.3486163820746241981e-09;
4121274.7516493680887;7.697050108390612877e-09;
4121608.1072064051405;7.6383068758900662942e-09;
4121941.4627634421922;7.5181212366715044482e-09;
4122274.818320479244;7.4894366264288692037e-09;
4122608.1738775162958;7.9304687261583239888e-09;
4122941.5294345533475;7.5417325717808125773e-09;
4123274.8849915903993;7.1752785935075280577e-09;
4123608.2405486274511;7.3756987184481204167e-09;
4123941.5961056645028;7.5718675773828181264e-09;
4124274.9516627015546;7.9200823677183507243e-09;
4124608.3072197386064;7.7167081613538357487e-09;
4124941.6627767756581;7.8184889673593715997e-09;
4125275.0183338127099;8.1582580691019757069e-09;
4125608.3738908497617;7.212458630334595e-09;
4125941.7294478868134;7.71898633900036657e-09;
4126275.0850049238652;7.6569275364590794197e-09;
4126608.440561960917;7.8893238608657156874e-09;
4126941.7961189979687;7.6777109114800623502e-09;
4127275.1516760350205;7.4456996124183660868e-09;
4127608.5072330720723;7.8937318903626874089e-09;
4127941.862790109124;7.8023258964776687208e-09;
4128275.2183471461758;7.6607218346680383547e-09;
4128608.5739041832276;7.8579667217582027661e-09;
4128941.9294612202793;8.1520115102762247261e-09;
4129275.2850182573311;8.0170075023033859907e-09;
4129608.6405752943829;7.732639417667996895e-09;
4129941.9961323314346;7.2873080902979836537e-09;
4130275.3516893684864;7.6763084777553558524e-09;
4130608.7072464055382;7.7289188382678730704e-09;
4130942.0628034425899;7.7497066541809545015e-09;
4131275.4183604796417;7.7502644302285261801e-09;
4131608.7739175166935;7.3707377978848853672e-09;
4131942.1294745537452;7.9947861664209085575e-09;
4132275.485031590797;7.868271367783563619e-09;
4132608.8405886278488;7.541268942645729112e-09;
4132942.1961456649005;7.6981319097058076295e-09;
4133275.5517027019523;7.0256502837651169102e-09;
4133608.9072597390041;7.8440640649546367058e-09;
4133942.2628167760558;7.4398420757404437609e-09;
4134275.6183738131076;7.3423449542531216139e-09;
4134608.9739308501594;7.4239268066378372168e-09;
4134942.3294878872111;7.8979907058851495094e-09;
4135275.6850449242629;7.8844610840178575017e-09;
4135609.0406019613147;8.0319786377458513016e-09;
4135942.3961589983664;7.7880573101651862089e-09;
4136275.7517160354182;8.1683246833108569263e-09;
4136609.10727307247;7.7201525172654328344e-09;
4136942.4628301095217;7.316657502087764442e-09;
4137275.8183871465735;7.6643296154088602634e-09;
4137609.1739441836253;7.741447483056163037e-09;
4137942.529501220677;7.7660606834228929074e-09;
4138275.8850582577288;7.4546253614471424953e-09;
4138609.2406152947806;7.7208301973996640299e-09;
4138942.5961723318323;7.2481629587173301843e-09;
4139275.9517293688841;7.184826955608514254e-09;
4139609.3072864059359;7.1009433888491457765e-09;
4139942.6628434429877;7.6663226877826673444e-09;
4140276.0184004800394;7.8111170864758605603e-09;
4140609.3739575170912;7.5076806993479294761e-09;
4140942.729514554143;8.0692448278796291561e-09;
4141276.0850715911947;7.4909367597797427152e-09;
4141609.4406286282465;7.7490938110713614151e-09;
4141942.7961856652983;8.2395636979981645709e-09;
4142276.15174270235;7.6807467053185973782e-09;
4142609.5072997394018;7.6901702783516157069e-09;
4142942.8628567764536;7.8258137747866385325e-09;
4143276.2184138135053;7.517169997584005614e-09;
4143609.5739708505571;7.529964207719785918e-09;
4143942.9295278876089;7.9256912144387570152e-09;
4144276.2850849246606;7.5605433025316415296e-09;
4144609.6406419617124;7.3016344082077466737e-09;
4144942.9961989987642;7.8986150953141986975e-09;
4145276.3517560358159;7.6445765273547294782e-09;
4145609.7073130728677;7.5940747024105803575e-09;
4145943.0628701099195;7.865342155355392606e-09;
4146276.4184271469712;7.6259851766735664569e-09;
4146609.773984184023;8.246181515403350204e-09;
4146943.1295412210748;7.4729031851461513725e-09;
4147276.4850982581265;8.1921225358883020817e-09;
4147609.8406552951783;7.2800530048766631808e-09;
4147943.1962123322301;7.8599962094472175522e-09;
4148276.5517693692818;7.4434107766307988641e-09;
4148609.9073264063336;7.5775634655883550295e-09;
4148943.2628834433854;7.3106187770122232905e-09;
4149276.6184404804371;7.6667667769925174071e-09;
4149609.9739975174889;7.7786772578747331863e-09;
4149943.3295545545407;7.6397430603947213967e-09;
4150276.6851115915924;7.6036057450323824014e-09;
4150610.0406686286442;7.5075092809129273519e-09;
4150943.396225665696;7.8570563388780101377e-09;
4151276.7517827027477;7.3671393430174703099e-09;
4151610.1073397397995;7.657021683371567633e-09;
4151943.4628967768513;7.6124937464783215546e-09;
4152276.818453813903;7.9037505429369048215e-09;
4152610.1740108509548;7.875448737593160331e-09;
4152943.5295678880066;7.4962942520073738706e-09;
4153276.8851249250583;7.8405655301594379125e-09;
4153610.2406819621101;7.9685937848239518644e-09;
4153943.5962389991619;8.0194446638870431343e-09;
4154276.9517960362136;7.5131296739527897444e-09;
4154610.3073530732654;7.597837026196430088e-09;
4154943.6629101103172;8.1965847442688755109e-09;
4155277.0184671473689;8.005045515346864704e-09;
4155610.3740241844207;7.6406960758390596311e-09;
4155943.7295812214725;8.038711918345597951e-09;
4156277.0851382585242;7.2165904363430399826e-09;
4156610.440695295576;7.4985857523302001937e-09;
4156943.7962523326278;7.6063573217766133894e-09;
4157277.1518093696795;7.8176380924332988798e-09;
4157610.5073664067313;7.368459620238354546e-09;
4157943.8629234437831;8.0506961097626117407e-09;
4158277.2184804808348;7.8576221085313591175e-09;
4158610.5740375178866;7.492963582933498401e-09;
4158943.9295945549384;7.8154682725539714738e-09;
4159277.2851515919901;8.0298478977169907012e-09;
4159610.6407086290419;7.7691177935435007385e-09;
4159943.9962656660937;7.92168286523065035e-09;
4160277.3518227031454;7.7396791198225400876e-09;
4160610.7073797401972;7.7503869988504447974e-09;
4160944.062936777249;7.7493798045225048554e-09;
4161277.4184938143007;8.0580537797914075782e-09;
4161610.7740508513525;7.5144761524370551342e-09;
4161944.1296078884043;7.3372521391945610958e-09;
4162277.485164925456;7.8195059316499282431e-09;
4162610.8407219625078;7.7408488508012851526e-09;
4162944.1962789995596;7.418034186912336736e-09;
4163277.5518360366113;8.0428641524576960364e-09;
4163610.9073930736631;7.8453048502069577808e-09;
4163944.2629501107149;7.8985316065427468857e-09;
4164277.6185071477666;7.5733979087999614421e-09;
4164610.9740641848184;7.4608612621318570746e-09;
4164944.3296212218702;7.5025656798288764548e-09;
4165277.685178258922;8.0855766526610750589e-09;
4165611.0407352959737;7.6359327749742078595e-09;
4165944.3962923330255;8.0434157112563298142e-09;
4166277.7518493700773;7.5243971053851055331e-09;
4166611.107406407129;7.6037522944716329221e-09;
4166944.4629634441808;7.3785240140011865151e-09;
4167277.8185204812326;7.9667321628562604019e-09;
4167611.1740775182843;7.218238451400793565e-09;
4167944.5296345553361;8.1733775303405309387e-09;
4168277.8851915923879;8.1128099793659202987e-09;
4168611.2407486294396;7.3506951636659323412e-09;
4168944.5963056664914;7.3678898537821169157e-09;
4169277.9518627035432;7.8400690384228255425e-09;
4169611.3074197405949;7.9864337365620485798e-09;
4169944.6629767776467;7.905569532340450678e-09;
4170278.0185338146985;7.4171220276753047074e-09;
4170611.3740908517502;8.1730044954042568861e-09;
4170944.729647888802;7.9669000285775837256e-09;
4171278.0852049258538;8.07998201679538397e-09;
4171611.4407619629055;7.7413524479652551236e-09;
4171944.7963189999573;7.6906427892708961735e-09;
4172278.1518760370091;7.8177198048479112913e-09;
4172611.5074330740608;7.4329835619835193938e-09;
4172944.8629901111126;7.6708897012167653884e-09;
4173278.2185471481644;7.8692528049373322574e-09;
4173611.5741041852161;7.393445411452148619e-09;
4173944.9296612222679;7.8114874568768755125e-09;
4174278.2852182593197;7.8852222529235405091e-09;
4174611.6407752963714;7.3641244213717982348e-09;
4174944.9963323334232;7.7161521616631034703e-09;
4175278.351889370475;7.6100601376083432115e-09;
4175611.7074464075267;7.6156503325819357997e-09;
4175945.0630034445785;7.8384578827694895153e-09;
4176278.4185604816303;7.8330479880150960525e-09;
4176611.774117518682;7.4813497619174995634e-09;
4176945.1296745557338;7.7677393406361261441e-09;
4177278.4852315927856;7.3142030210249231459e-09;
4177611.8407886298373;7.941342694550712622e-09;
4177945.1963456668891;7.5217538864080779604e-09;
4178278.5519027039409;7.279643554625181423e-09;
4178611.9074597409926;7.8059185781853557273e-09;
4178945.2630167780444;7.3726287297404269339e-09;
4179278.6185738150962;7.4865820209879530012e-09;
4179611.9741308521479;8.1238056282018078491e-09;
4179945.3296878891997;7.6616775146476356895e-09;
4180278.6852449262515;7.9586888190874560678e-09;
4180612.0408019633032;1.0640505365699937101e-08;
4180945.396359000355;8.4179285764207634202e-09;
4181278.7519160374068;7.8213195919829558989e-09;
4181612.1074730744585;7.6406561078101731255e-09;
4181945.4630301115103;7.527609646729160886e-09;
4182278.8185871485621;7.5047408287787220615e-09;
4182612.1741441856138;8.3711952925114019308e-09;
4182945.5297012226656;7.5955020051310384588e-09;
4183278.8852582597174;7.582396932548363111e-09;
4183612.2408152967691;7.5361574758403548913e-09;
4183945.5963723338209;8.0176274508403366781e-09;
4184278.9519293708727;7.5865802529051507008e-09;
4184612.3074864079244;8.1655420203219364339e-09;
4184945.6630434449762;7.7879205306885523896e-09;
4185279.018600482028;7.4911206127126206411e-09;
4185612.3741575190797;7.9009740971969222301e-09;
4185945.7297145561315;7.6190627140704236808e-09;
4186279.0852715931833;7.4766717261809390038e-09;
4186612.440828630235;7.2825727670533524361e-09;
4186945.7963856672868;7.64763896654585551e-09;
4187279.1519427043386;7.8750472809474558744e-09;
4187612.5074997413903;8.0028934590359313006e-09;
4187945.8630567784421;7.702865900682809297e-09;
4188279.2186138154939;7.5526846998741348216e-09;
4188612.5741708525456;7.8971309491748797882e-09;
4188945.9297278895974;7.6232264945019778679e-09;
4189279.2852849266492;7.8086479504690942122e-09;
4189612.640841963701;7.7658564023863618786e-09;
4189945.9963990007527;7.6926838232793670613e-09;
4190279.3519560378045;7.4623427437359168835e-09;
4190612.7075130748563;7.7129271858211723156e-09;
4190946.063070111908;7.4642834135829616571e-09;
4191279.4186271489598;7.832937853891053237e-09;
4191612.7741841860116;7.2067969369982165517e-09;
4191946.1297412230633;7.6453412489740912861e-09;
4192279.4852982601151;7.3062920158406541304e-09;
4192612.8408552971669;7.5800929977276609861e-09;
4192946.1964123342186;7.6111161817493666604e-09;
4193279.5519693712704;7.748766961412911769e-09;
4193612.9075264083222;7.8100876876874281152e-09;
4193946.2630834453739;7.738809593149653665e-09;
4194279.6186404824257;7.8437611961135189631e-09;
4194612.9741975199431;7.3161690039569293731e-09;
4194946.3297545574605;7.3841905923188733141e-09;
4195279.685311594978;7.9818756049121475371e-09;
4195613.0408686324954;7.635007293060880329e-09;
4195946.3964256700128;7.5263271170911139052e-09;
4196279.7519827075303;7.4689658902116207173e-09;
4196613.1075397450477;8.0251805201214665431e-09;
4196946.4630967825651;7.5213835160070630081e-09;
4197279.8186538200825;7.6734369969244653475e-09;
4197613.1742108576;7.8659221358634567878e-09;
4197946.5297678951174;7.5836226187675492838e-09;
4198279.8853249326348;8.0472029040379311482e-09;
4198613.2408819701523;8.0320345929862924095e-09;
4198946.5964390076697;7.2781474180771965621e-09;
4199279.9519960451871;7.8882154141979299311e-09;
4199613.3075530827045;7.4172001873762383184e-09;
4199946.663110120222;7.8040809370349961682e-09;
4200280.0186671577394;7.6435551221720743342e-09;
4200613.3742241952568;8.3500015790605175425e-09;
4200946.7297812327743;7.6466850629230975755e-09;
4201280.0853382702917;7.524013412307795079e-09;
4201613.4408953078091;7.3435963976464790903e-09;
4201946.7964523453265;7.5653661113506132097e-09;
4202280.152009382844;7.4028032592821091384e-09;
4202613.5075664203614;7.317338734935674438e-09;
4202946.8631234578788;8.1494775372448202688e-09;
4203280.2186804953963;7.5078920858118181059e-09;
4203613.5742375329137;7.9705815281272407447e-09;
4203946.9297945704311;7.4832158247772895265e-09;
4204280.2853516079485;7.5362631690722992062e-09;
4204613.640908645466;7.6277135718783029006e-09;
4204946.9964656829834;7.5430843793355961679e-09;
4205280.3520227205008;7.6708621676857546845e-09;
4205613.7075797580183;7.3848132053910831019e-09;
4205947.0631367955357;7.7302217960095731542e-09;
4206280.4186938330531;7.3755046514634159394e-09;
4206613.7742508705705;7.400800416945685356e-09;
4206947.129807908088;7.5129982235466741258e-09;
4207280.4853649456054;7.9040143319275557587e-09;
4207613.8409219831228;7.388459621893161966e-09;
4207947.1964790206403;7.6000530313535819005e-09;
4208280.5520360581577;7.8057951213850174099e-09;
4208613.9075930956751;7.7870039305594218604e-09;
4208947.2631501331925;7.8038748796416257392e-09;
4209280.61870717071;7.537666490975425404e-09;
4209613.9742642082274;7.6011215099924811511e-09;
4209947.3298212457448;7.5860473458533306257e-09;
4210280.6853782832623;7.6816641936261476076e-09;
4210614.0409353207797;8.043655519429648848e-09;
4210947.3964923582971;7.8327042629666721041e-09;
4211280.7520493958145;7.9859709956053848146e-09;
4211614.107606433332;7.2587900135090421827e-09;
4211947.4631634708494;7.456275596950945328e-09;
4212280.8187205083668;8.0329947138579882449e-09;
4212614.1742775458843;7.3825043855890726263e-09;
4212947.5298345834017;8.027464026838515565e-09;
4213280.8853916209191;7.7498425454791686207e-09;
4213614.2409486584365;7.6633464018982522248e-09;
4213947.596505695954;7.9103763539478677558e-09;
4214280.9520627334714;7.2756165536702610552e-09;
4214614.3076197709888;7.5445818481512105791e-09;
4214947.6631768085063;7.9442585843025881331e-09;
4215281.0187338460237;7.7207760185160623223e-09;
4215614.3742908835411;7.986882266663997143e-09;
4215947.7298479210585;7.5694339685128397832e-09;
4216281.085404958576;8.3582936127868379117e-09;
4216614.4409619960934;7.6308364072019685409e-09;
4216947.7965190336108;7.6193167330984579166e-09;
4217281.1520760711282;7.620347908243729762e-09;
4217614.5076331086457;7.4307902053760699346e-09;
4217947.8631901461631;7.4233401647916252841e-09;
4218281.2187471836805;7.6335853194109404285e-09;
4218614.574304221198;7.8436785955204868515e-09;
4218947.9298612587154;7.6553678951540859998e-09;
4219281.2854182962328;7.7747150939444509277e-09;
4219614.6409753337502;7.6006410054674233834e-09;
4219947.9965323712677;7.8938571235198651266e-09;
4220281.3520894087851;7.4421557805237625871e-09;
4220614.7076464463025;7.5561477075325456099e-09;
4220948.06320348382;7.564382897840005171e-09;
4221281.4187605213374;7.5197323923248404753e-09;
4221614.7743175588548;7.7045712032486335374e-09;
4221948.1298745963722;8.2355695596447731077e-09;
4222281.4854316338897;7.5861672499399901426e-09;
4222614.8409886714071;7.8913062750984863669e-09;
4222948.1965457089245;7.4146466744196004584e-09;
4223281.552102746442;7.4904891178562138521e-09;
4223614.9076597839594;7.4367449975909494242e-09;
4223948.2632168214768;7.5451387360203625576e-09;
4224281.6187738589942;8.5582252395965952019e-09;
4224614.9743308965117;8.0054531892415070615e-09;
4224948.3298879340291;7.8233801659166601894e-09;
4225281.6854449715465;7.9582127554544968007e-09;
4225615.041002009064;7.5021704404321098991e-09;
4225948.3965590465814;7.763483189648923144e-09;
4226281.7521160840988;8.0337141383779453463e-09;
4226615.1076731216162;7.3819728108048821014e-09;
4226948.4632301591337;7.642213084579907445e-09;
4227281.8187871966511;7.8440365314236260019e-09;
4227615.1743442341685;7.5112165376367556746e-09;
4227948.529901271686;7.6629698142482993717e-09;
4228281.8854583092034;7.7916011420597897086e-09;
4228615.2410153467208;8.050172972673408367e-09;
4228948.5965723842382;8.0473867569708090741e-09;
4229281.9521294217557;7.3659744970200335956e-09;
4229615.3076864592731;7.7029342904211262066e-09;
4229948.6632434967905;7.7589836777747223096e-09;
4230282.018800534308;7.7510682316983547935e-09;
4230615.3743575718254;7.6684374405999733426e-09;
4230948.7299146093428;7.9406454744912480237e-09;
4231282.0854716468602;7.5893531459314544918e-09;
4231615.4410286843777;7.8985600282521772897e-09;
4231948.7965857218951;7.5195734083877141529e-09;
4232282.1521427594125;8.6068494553614982578e-09;
4232615.50769979693;7.9721917956021570717e-09;
4232948.8632568344474;7.9320008339323067048e-09;
4233282.2188138719648;7.9760722471178269188e-09;
4233615.5743709094822;7.1653150079953320528e-09;
4233948.9299279469997;8.1166158238943353354e-09;
4234282.2854849845171;7.6360260337082763726e-09;
4234615.6410420220345;7.8732353969712676189e-09;
4234948.996599059552;7.9959798782169855258e-09;
4235282.3521560970694;7.837824611556243326e-09;
4235615.7077131345868;7.9506676797791442368e-09;
4235949.0632701721042;7.8266246816838247469e-09;
4236282.4188272096217;7.6227975043252627074e-09;
4236615.7743842471391;8.1118693984194578661e-09;
4236949.1299412846565;8.294387399132574501e-09;
4237282.485498322174;8.0114741507486542105e-09;
4237615.8410553596914;7.8639050826723178034e-09;
4237949.1966123972088;8.3134539252682770893e-09;
4238282.5521694347262;8.0994091433694848092e-09;
4238615.9077264722437;8.0674587010776122042e-09;
4238949.2632835097611;7.5969426305277920619e-09;
4239282.6188405472785;7.9482935788632858021e-09;
4239615.974397584796;7.7231234740793297533e-09;
4239949.3299546223134;7.4408745831533451565e-09;
4240282.6855116598308;8.6112201813648425741e-09;
4240616.0410686973482;8.2037736603979283245e-09;
4240949.3966257348657;8.1123960882223400404e-09;
4241282.7521827723831;7.7742097204236415564e-09;
4241616.1077398099005;7.8262125668970838888e-09;
4241949.463296847418;7.8463795460947949323e-09;
4242282.8188538849354;8.1650970429336666712e-09;
4242616.1744109224528;7.795462053650226153e-09;
4242949.5299679599702;7.7144308718857246276e-09;
4243282.8855249974877;7.7818889110403688392e-09;
4243616.2410820350051;7.6715229724300115777e-09;
4243949.5966390725225;7.9906996575118682813e-09;
4244282.9521961100399;7.9137816300089980359e-09;
4244616.3077531475574;7.7140249743479216704e-09;
4244949.6633101850748;7.1623826869426920894e-09;
4245283.0188672225922;7.2767027958775543084e-09;
4245616.3744242601097;7.7553856669965171022e-09;
4245949.7299812976271;8.7507556756349913485e-09;
4246283.0855383351445;7.4155455109803369851e-09;
4246616.4410953726619;7.8822859350680118951e-09;
4246949.7966524101794;7.8817459225888342189e-09;
4247283.1522094476968;7.6331163612053387624e-09;
4247616.5077664852142;7.8344930543039481563e-09;
4247949.8633235227317;7.3047394799630183115e-09;
4248283.2188805602491;8.1822992825664186967e-09;
4248616.5744375977665;7.8442026207881099253e-09;
4248949.9299946352839;7.5210664363112300634e-09;
4249283.2855516728014;7.6168271689880384656e-09;
4249616.6411087103188;8.2096702769263174559e-09;
4249949.9966657478362;7.5380244268785645545e-09;
4250283.3522227853537;7.9402688868412951706e-09;
4250616.7077798228711;7.7532469333618792007e-09;
4250950.0633368603885;7.8023951743944053305e-09;
4251283.4188938979059;7.7978867807360074949e-09;
4251616.7744509354234;7.8335160580422780185e-09;
4251950.1300079729408;8.2654709743223975238e-09;
4252283.4855650104582;8.0764630538965320738e-09;
4252616.8411220479757;1.0229457281241138844e-08;
4252950.1966790854931;7.2169323850346245308e-09;
4253283.5522361230105;7.5483868045012059156e-09;
4253616.9077931605279;7.4597341637172576156e-09;
4253950.2633501980454;8.1992057587854105805e-09;
4254283.6189072355628;7.8665163272262361716e-09;
4254616.9744642730802;7.8269684067322486953e-09;
4254950.3300213105977;8.132301054786239547e-09;
4255283.6855783481151;8.1130799856055091368e-09;
4255617.0411353856325;7.3743775530488164804e-09;
4255950.3966924231499;7.9247310935670611798e-09;
4256283.7522494606674;8.0346174158307803737e-09;
4256617.1078064981848;7.8756290378123594564e-09;
4256950.4633635357022;7.7574844326022684982e-09;
4257283.8189205732197;7.8864550445700842829e-09;
4257617.1744776107371;7.9067641323149473465e-09;
4257950.5300346482545;8.0770732324708660599e-09;
4258283.8855916857719;7.881150843047635135e-09;
4258617.2411487232894;7.6984152386216919695e-09;
4258950.5967057608068;7.6501107670878809586e-09;
4259283.9522627983242;7.837604343308157695e-09;
4259617.3078198358417;7.8479240883666534501e-09;
4259950.6633768733591;7.389303391391877085e-09;
4260284.0189339108765;7.6528126058406087395e-09;
4260617.3744909483939;7.5548207689735136228e-09;
4260950.7300479859114;7.8715070017665311752e-09;
4261284.0856050234288;7.991584283217889606e-09;
4261617.4411620609462;7.9038198208536414313e-09;
4261950.7967190984637;7.6751627275939426909e-09;
4262284.1522761359811;7.0980124000641353632e-09;
4262617.5078331734985;8.0344619846073328517e-09;
4262950.8633902110159;7.6107147251036622038e-09;
4263284.2189472485334;7.7881665561108093243e-09;
4263617.5745042860508;8.0289312975878601719e-09;
4263950.9300613235682;7.9876967262748621579e-09;
4264284.2856183610857;7.7126287578721530735e-09;
4264617.6411753986031;8.0261957080551837862e-09;
4264950.9967324361205;7.8438437967065510747e-09;
4265284.3522894736379;7.5219785955482620921e-09;
4265617.7078465111554;7.8079613885506660154e-09;
4265951.0634035486728;7.507588328792280663e-09;
4266284.4189605861902;7.4753456758003267169e-09;
4266617.7745176237077;8.0622308828992572671e-09;
4266951.1300746612251;7.746915997586256708e-09;
4267284.4856316987425;7.2503536507895205432e-09;
4267617.8411887362599;7.6172828045173446299e-09;
4267951.1967457737774;8.0678699276859333622e-09;
4268284.5523028112948;7.7858954838916361041e-09;
4268617.9078598488122;7.9420123810791665164e-09;
4268951.2634168863297;8.0166273619397543371e-09;
4269284.6189739238471;7.5604900118264595221e-09;
4269617.9745309613645;7.7586426172615574615e-09;
4269951.3300879988819;7.6538881899068655912e-09;
4270284.6856450363994;7.5954220690732654475e-09;
4270618.0412020739168;7.7799073849860178598e-09;
4270951.3967591114342;7.4657915405396124697e-09;
4271284.7523161489516;7.5034618518543538812e-09;
4271618.1078731864691;7.9559487886626811814e-09;
4271951.4634302239865;7.3390826749175630539e-09;
4272284.8189872615039;7.9552355813916619809e-09;
4272618.1745442990214;6.9794579005133527971e-09;
4272951.5301013365388;7.6371264867702848278e-09;
4273284.8856583740562;7.548241143240375095e-09;
4273618.2412154115736;8.0066628882491386321e-09;
4273951.5967724490911;7.3111068310538485093e-09;
4274284.9523294866085;7.9743491809836086759e-09;
4274618.3078865241259;7.5860739912059216294e-09;
4274951.6634435616434;7.3944197431785596564e-09;
4275285.0190005991608;7.3085386631532855972e-09;
4275618.3745576366782;7.5276229694054563879e-09;
4275951.7301146741956;7.4814678896473196801e-09;
4276285.0856717117131;7.5461326076720069977e-09;
4276618.4412287492305;8.0446733718986251915e-09;
4276951.7967857867479;8.1920505934363063716e-09;
4277285.1523428242654;7.5209873884318767523e-09;
4277618.5078998617828;7.7872224224506680912e-09;
4277951.8634568993002;8.0353235176744419732e-09;
4278285.2190139368176;7.4280754880362565018e-09;
4278618.5745709743351;7.7754256366802110279e-09;
4278951.9301280118525;7.7177659818516985979e-09;
4279285.2856850493699;7.4829396012887627876e-09;
4279618.6412420868874;7.6988753150430966343e-09;
4279951.9967991244048;7.539560087366226071e-09;
4280285.3523561619222;7.9885102977073074726e-09;
4280618.7079131994396;7.406601554293956724e-09;
4280952.0634702369571;7.5981976266348283389e-09;
4281285.4190272744745;7.804533019850623532e-09;
4281618.7745843119919;7.5761388274031560286e-09;
4281952.1301413495094;7.6374346846819207713e-09;
4282285.4856983870268;7.7818071986257564276e-09;
4282618.8412554245442;7.8172259776465580217e-09;
4282952.1968124620616;7.9160065169503468496e-09;
4283285.5523694995791;7.6516970537454653822e-09;
4283618.9079265370965;7.8906960965241523809e-09;
4283952.2634835746139;7.641837385108374292e-09;
4284285.6190406121314;7.4256485405044259096e-09;
4284618.9745976496488;7.630595710850229807e-09;
4284952.3301546871662;7.7359008088251357549e-09;
4285285.6857117246836;7.3620158858034301375e-09;
4285619.0412687622011;7.1947039437247894966e-09;
4285952.3968257997185;7.8643607182016239676e-09;
4286285.7523828372359;7.4764621160738897743e-09;
4286619.1079398747534;7.9273760889009281527e-09;
4286952.4634969122708;7.778745647613050096e-09;
4287285.8190539497882;7.7538739873261874891e-09;
4287619.1746109873056;7.9010433751136588398e-09;
4287952.5301680248231;7.4291324203556996508e-09;
4288285.8857250623405;7.7638233619836682919e-09;
4288619.2412820998579;7.1685883895611368644e-09;
4288952.5968391373754;8.0091240306501276791e-09;
4289285.9523961748928;8.1222353287557780277e-09;
4289619.3079532124102;7.7192030545347734005e-09;
4289952.6635102499276;8.5090086088257521624e-09;
4290286.0190672874451;7.4928845350541450898e-09;
4290619.3746243249625;7.4970056829215536709e-09;
4290952.7301813624799;7.6868751364145282423e-09;
4291286.0857383999974;7.6577082452899958298e-09;
4291619.4412954375148;7.535588153473327111e-09;
4291952.7968524750322;7.4824004769880048116e-09;
4292286.1524095125496;7.746263186447777116e-09;
4292619.5079665500671;7.3033024072799435089e-09;
4292952.8635235875845;7.7969959377810482692e-09;
4293286.2190806251019;7.3490036278656134527e-09;
4293619.5746376626194;7.977726035335308552e-09;
4293952.9301947001368;7.5649140285349858459e-09;
4294286.2857517376542;7.3923027699152044079e-09;
4294619.6413087751716;7.3947314938038744003e-09;
4294952.9968658126891;7.9397386443247341958e-09;
4295286.3524228502065;7.6587172159747751721e-09;
4295619.7079798877239;8.0579543038084011641e-09;
4295953.0635369252414;7.7684898514007727499e-09;
4296286.4190939627588;7.8622752752721680736e-09;
4296619.7746510002762;7.3808834599731198978e-09;
4296953.1302080377936;7.7992288183281743841e-09;
4297286.4857650753111;7.8503505918092741922e-09;
4297619.8413221128285;7.4641786085294370423e-09;
4297953.1968791503459;7.4750436951376286743e-09;
4298286.5524361878633;7.6940347426557309518e-09;
4298619.9079932253808;7.8085511390213468985e-09;
4298953.2635502628982;7.8783823909134298447e-09;
4299286.6191073004156;7.7454469504800727009e-09;
4299619.9746643379331;7.3037256242969306186e-09;
4299953.3302213754505;7.6321367004084095242e-09;
4300286.6857784129679;7.5107546848585116095e-09;
4300620.0413354504853;7.5521002784739721392e-09;
4300953.3968924880028;8.2038456028499240347e-09;
4301286.7524495255202;7.4940693650660250569e-09;
4301620.1080065630376;7.3688606327948491526e-09;
4301953.4635636005551;7.6607893362279355642e-09;
4302286.8191206380725;7.7562445355283671233e-09;
4302620.1746776755899;7.8771096312379995652e-09;
4302953.5302347131073;8.0977304861562515725e-09;
4303286.8857917506248;7.5403150390229711775e-09;
4303620.2413487881422;7.7255108976714836899e-09;
4303953.5969058256596;7.5749539973912760615e-09;
4304286.9524628631771;7.0696768439404422679e-09;
4304620.3080199006945;7.2774062331859568076e-09;
4304953.6635769382119;7.4537478411684787716e-09;
4305287.0191339757293;7.2608052903433417669e-09;
4305620.3746910132468;7.7908213214072929986e-09;
4305953.7302480507642;7.7845010437727069075e-09;
4306287.0858050882816;7.6660668923977937084e-09;
4306620.4413621257991;7.7821491473173409759e-09;
4306953.7969191633165;7.4177344266956879437e-09;
4307287.1524762008339;7.615128083671152126e-09;
4307620.5080332383513;7.031812021551786529e-09;
4307953.8635902758688;7.6626731626561195299e-09;
4308287.2191473133862;7.8166761952047636441e-09;
4308620.5747043509036;7.54146789461174194e-09;
4308953.9302613884211;7.5546884303889783041e-09;
4309287.2858184259385;7.2965566921823210578e-09;
4309620.6413754634559;7.9459754331878684752e-09;
4309953.9969325009733;7.7060064995748689398e-09;
4310287.3524895384908;7.3839832026578733348e-09;
4310620.7080465760082;7.693008008402557607e-09;
4310954.0636036135256;7.7562445355283671233e-09;
4311287.4191606510431;7.5686230616156535689e-09;
4311620.7747176885605;7.6086967837341035192e-09;
4311954.1302747260779;7.435112081566330744e-09;
4312287.4858317635953;7.0232810678305668262e-09;
4312620.8413888011128;7.7736226344882197736e-09;
4312954.1969458386302;7.472509722106224217e-09;
4313287.5525028761476;7.0675905128325666738e-09;
4313620.9080599136651;7.6255028957916692889e-09;
4313954.2636169511825;7.6745552135548678052e-09;
4314287.6191739886999;7.6178174879260041052e-09;
4314620.9747310262173;7.5749939654201625672e-09;
4314954.3302880637348;7.6074933019754098495e-09;
4315287.6858451012522;7.9295077171082084533e-09;
4315621.0414021387696;7.9392368235176036251e-09;
4315954.3969591762871;7.3183801241327728349e-09;
4316287.7525162138045;8.0907058830348432821e-09;
4316621.1080732513219;7.5445418801223240735e-09;
4316954.4636302888393;7.225571696523047649e-09;
4317287.8191873263568;7.394523660053664571e-09;
4317621.1747443638742;7.7956814337198920839e-09;
4317954.5303014013916;7.8282607063329123775e-09;
4318287.8858584389091;7.7595556646770091902e-09;
4318621.2414154764265;7.5431243473644826736e-09;
4318954.5969725139439;7.6565509488091265666e-09;
4319287.9525295514613;7.7999962044827952923e-09;
4319621.3080865889788;7.2860917299522043322e-09;
4319954.6636436264962;7.9740551939266879344e-09;
4320288.0192006640136;7.2897790026615894021e-09;
4320621.3747577015311;7.5380768294053268619e-09;
4320954.7303147390485;7.3082175866545640019e-09;
4321288.0858717765659;7.8346307219590016757e-09;
4321621.4414288140833;7.5968360491174280469e-09;
4321954.7969858516008;7.3917183485150417255e-09;
4322288.1525428891182;7.0924657258331080811e-09;
4322621.5080999266356;7.2087851243907152821e-09;
4322954.8636569641531;7.7287696242933634494e-09;
4323288.2192140016705;7.5849948544259859773e-09;
4323621.5747710391879;7.8941342351868115657e-09;
4323954.9303280767053;8.2092084241480733908e-09;
4324288.2858851142228;7.8744113451989505847e-09;
4324621.6414421517402;9.0307921141175029334e-09;
4324954.9969991892576;7.7246431473554366676e-09;
4325288.3525562267751;7.7060873238110616512e-09;
4325621.7081132642925;7.8509572176699293777e-09;
4325955.0636703018099;7.5846351421660074266e-09;
4326288.4192273393273;7.4938188987516696216e-09;
4326621.7747843768448;7.7952435617589799222e-09;
4326955.1303414143622;7.1305694682166631537e-09;
4327288.4858984518796;7.4522947812738493667e-09;
4327621.841455489397;7.0278849406690824253e-09;
4327955.1970125269145;7.6517778779816580936e-09;
4328288.5525695644319;7.8615434162543351704e-09;
4328621.9081266019493;7.0122347928247563686e-09;
4328955.2636836394668;7.4663422111598265474e-09;
4329288.6192406769842;7.4982171582860246417e-09;
4329621.9747977145016;7.1456547345860599307e-09;
4329955.330354752019;7.7852391200394777115e-09;
4330288.6859117895365;7.5949548872245031816e-09;
4330622.0414688270539;7.3884858231565431197e-09;
4330955.3970258645713;7.2127246397712951875e-09;
4331288.7525829020888;7.8150561577672306157e-09;
4331622.1081399396062;7.3141515066765805386e-09;
4331955.4636969771236;8.0573174798814761743e-09;
4332288.819254014641;7.7423036870527539577e-09;
4332622.1748110521585;7.7145934085365297506e-09;
4332955.5303680896759;7.637730448095680913e-09;
4333288.8859251271933;7.8475244080777883937e-09;
4333622.2414821647108;8.1174285071483609499e-09;
4333955.5970392022282;7.5963422219160747773e-09;
4334288.9525962397456;7.2897408109895422967e-09;
4334622.308153277263;7.7077126903191128804e-09;
4334955.6637103147805;7.4081238921053227386e-09;
4335289.0192673522979;7.6449522268262626312e-09;
4335622.3748243898153;7.7809865217659535119e-09;
4335955.7303814273328;8.3495175218217809743e-09;
4336289.0859384648502;7.4267183514109547104e-09;
4336622.4414955023676;7.1906098852991817694e-09;
4336955.797052539885;7.6318285024967735808e-09;
4337289.1526095774025;7.3776686981830152945e-09;
4337622.5081666149199;7.3789130361490151699e-09;
4337955.8637236524373;7.6845925178758989205e-09;
4338289.2192806899548;7.7000521514491993003e-09;
4338622.5748377274722;7.3989285809261673421e-09;
4338955.9303947649896;7.6848492014391922567e-09;
4339289.285951802507;7.9890014603734016418e-09;
4339622.6415088400245;7.3697798974592387822e-09;
4339955.9970658775419;7.3778112508193771646e-09;
4340289.3526229150593;7.7314448176935002266e-09;
4340622.7081799525768;7.9781043993421008054e-09;
4340956.0637369900942;7.5777490948780723556e-09;
4341289.4192940276116;7.6131083659447540413e-09;
4341622.774851065129;7.800256440759767429e-09;
4341956.1304081026465;7.5521535691791541467e-09;
4342289.4859651401639;7.2628210112668512011e-09;
4342622.8415221776813;7.970959892134032998e-09;
4342956.1970792151988;7.658326417470107117e-09;
4343289.5526362527162;7.7228383688066060131e-09;
4343622.9081932902336;7.7649282559377752477e-09;
4343956.263750327751;7.4720238885106482485e-09;
4344289.6193073652685;7.8844744066941530036e-09;
4344622.9748644027859;7.4933321769776739529e-09;
4344956.3304214403033;7.6137238735896062281e-09;
4345289.6859784778208;7.4027508567553468311e-09;
4345623.0415355153382;7.4021659912659742986e-09;
4345956.3970925528556;7.6556636585678461415e-09;
4346289.752649590373;7.959527259515652986e-09;
4346623.1082066278905;7.5982642400163058483e-09;
4346956.4637636654079;7.5442638802769579343e-09;
4347289.8193207029253;7.7736910242265366833e-09;
4347623.1748777404428;8.2593309969070105581e-09;
4347956.5304347779602;7.7796338260327502212e-09;
4348289.8859918154776;7.5728783244244368689e-09;
4348623.241548852995;7.8325808061663337867e-09;
4348956.5971058905125;7.6910353641324036289e-09;
4349289.9526629280299;7.371204091555227933e-09;
4349623.3082199655473;7.3574262238196297403e-09;
4349956.6637770030648;7.4618053957919983077e-09;
4350290.0193340405822;7.4387047632740177505e-09;
4350623.3748910780996;7.4758705892463694909e-09;
4350956.730448115617;7.4639032732193300035e-09;
4351290.0860051531345;7.3927441945897953701e-09;
4351623.4415621906519;7.7988868696365898359e-09;
4351956.7971192281693;7.6796808912149572279e-09;
4352290.1526762656868;7.7366069106687973544e-09;
4352623.5082333032042;7.9865039026572048897e-09;
4352956.8637903407216;7.7309278978532347537e-09;
4353290.219347378239;7.4950303741161405924e-09;
4353623.5749044157565;7.9244939499290012463e-09;
4353956.9304614532739;7.322983996971288434e-09;
4354290.2860184907913;7.7203150539162379573e-09;
4354623.6415755283087;7.845470051393022004e-09;
4354956.9971325658262;7.4832815499803473358e-09;
4355290.3526896033436;7.5412955879983201157e-09;
4355623.708246640861;8.0206277175420837011e-09;
4355957.0638036783785;7.3148327395244905347e-09;
4356290.4193607158959;7.2800530048766631808e-09;
4356623.7749177534133;7.28309723641018536e-09;
4356957.1304747909307;7.3295480795820822095e-09;
4357290.4860318284482;7.5487180950517540623e-09;
4357623.8415888659656;7.2619914526228512841e-09;
4357957.197145903483;7.3040462567064423638e-09;
4358290.5527029410005;7.1713972538134385104e-09;
4358623.9082599785179;7.445176475329162713e-09;
4358957.2638170160353;7.3268315858854293765e-09;
4359290.6193740535527;7.7479507254452073539e-09;
4359623.9749310910702;7.6711188512490480207e-09;
4359957.3304881285876;7.7208168747233685281e-09;
4360290.686045166105;7.4294717045120250987e-09;
4360624.0416022036225;7.9795476892741135089e-09;
4360957.3971592411399;7.5947816924326616572e-09;
4361290.7527162786573;8.1516251526636551716e-09;
4361624.1082733161747;7.2502515102712550288e-09;
4361957.4638303536922;7.3327419691793238599e-09;
4362290.8193873912096;7.6011215099924811511e-09;
4362624.174944428727;7.7304802559297058906e-09;
4362957.5305014662445;8.079243940528613166e-09;
4363290.8860585037619;7.2856183308545041655e-09;
4363624.2416155412793;7.8429485128594933485e-09;
4363957.5971725787967;7.2039996190653710073e-09;
4364290.9527296163142;7.2575279119746483047e-09;
4364624.3082866538316;7.5984782910154535784e-09;
4364957.663843691349;7.428218928851038072e-09;
4365291.0194007288665;7.7926554098439737572e-09;
4365624.3749577663839;7.4938846239547274308e-09;
4365957.7305148039013;7.542475088939681882e-09;
4366291.0860718414187;7.5419581690994164092e-09;
4366624.4416288789362;7.6543589244693066576e-09;
4366957.7971859164536;7.6172019802811519185e-09;
4367291.152742953971;7.8767490307996013144e-09;
4367624.5082999914885;7.262693113574414383e-09;
4367957.8638570290059;7.5498318707900580193e-09;
4368291.2194140665233;7.4862267496200729511e-09;
4368624.5749711040407;7.6019892603085281735e-09;
4368957.9305281415582;7.635007293060880329e-09;
4369291.2860851790756;7.6250206149097721209e-09;
4369624.641642216593;7.5669612797923946346e-09;
4369957.9971992541105;7.6163724216371520015e-09;
4370291.3527562916279;7.4849122455589167657e-09;
4370624.7083133291453;7.5007076105748637929e-09;
4370958.0638703666627;7.7074551185773998441e-09;
4371291.4194274041802;7.6833108764162716398e-09;
4371624.7749844416976;7.3810002554353104642e-09;
4371958.130541479215;7.4179169473609363195e-09;
4372291.4860985167325;7.7314714630460912304e-09;
4372624.8416555542499;7.6926562897483563574e-09;
4372958.1972125917673;7.3351769103169317532e-09;
4373291.5527696292847;7.5203132610113243572e-09;
4373624.9083266668022;7.243962318881358442e-09;
4373958.2638837043196;6.8130323604975728813e-09;
4374291.619440741837;7.8829511807043672889e-09;
4374624.9749977793545;7.3954198320791419974e-09;
4374958.3305548168719;7.6298452000855832011e-09;
4375291.6861118543893;7.7349495697376369208e-09;
4375625.0416688919067;7.7632922312886876171e-09;
4375958.3972259294242;7.3747918882816065889e-09;
4376291.7527829669416;7.3490036278656134527e-09;
4376625.108340004459;7.6260793235860546702e-09;
4376958.4638970419765;7.5907529151209018892e-09;
4377291.8194540794939;7.8175554918402667681e-09;
4377625.1750111170113;7.1698353920623958402e-09;
4377958.5305681545287;7.9402546759865799686e-09;
4378291.8861251920462;7.2685644170178420609e-09;
4378625.2416822295636;7.5487580630806405679e-09;
4378958.597239267081;7.2247718918561076862e-09;
4379291.9527963045985;7.9506676797791442368e-09;
4379625.3083533421159;7.93636356632987372e-09;
4379958.6639103796333;7.2968258102434901957e-09;
4380292.0194674171507;7.7294206590750036412e-09;
4380625.3750244546682;7.3630248564882094797e-09;
4380958.7305814921856;7.7163830880522255029e-09;
4381292.086138529703;7.5375208297145945835e-09;
4381625.4416955672204;7.2735333311868544115e-09;
4381958.7972526047379;7.4664212590391798585e-09;
4382292.1528096422553;7.8688939808557734068e-09;
4382625.5083666797727;7.6492643330539067392e-09;
4382958.8639237172902;7.4580439601845682773e-09;
4383292.2194807548076;7.7248465402135479962e-09;
4383625.575037792325;7.7719839453038730426e-09;
4383958.9305948298424;7.4898176549709205574e-09;
4384292.2861518673599;7.6728570164164011658e-09;
4384625.6417089048773;7.4563146768014121335e-09;
4384958.9972659423947;7.311941718768366627e-09;
4385292.3528229799122;7.8211677134731871774e-09;
4385625.7083800174296;7.5468884475071718043e-09;
4385959.063937054947;7.9503736927222234954e-09;
4386292.4194940924644;7.5333375093578069936e-09;
4386625.7750511299819;7.304572502420114688e-09;
4386959.1306081674993;7.8576078976766439155e-09;
4387292.4861652050167;7.1130914491845942393e-09;
4387625.8417222425342;7.957598135988064314e-09;
4387959.1972792800516;7.1594890016513090814e-09;
4388292.552836317569;7.3605548323030234315e-09;
4388625.9083933550864;7.5078396832850557985e-09;
4388959.2639503926039;7.4017756368505160935e-09;
4389292.6195074301213;7.8903221734094586282e-09;
4389625.9750644676387;7.4877393174688222643e-09;
4389959.3306215051562;7.264032930720532022e-09;
4390292.6861785426736;7.3375483466975310876e-09;
4390626.041735580191;6.9357501963906997844e-09;
4390959.3972926177084;7.923533829057305411e-09;
4391292.7528496552259;8.019669373027227266e-09;
4391626.1084066927433;7.8334476683039611089e-09;
4391959.4639637302607;7.6767943113509318209e-09;
4392292.8195207677782;7.5071664440429231036e-09;
4392626.1750778052956;7.472417351550575404e-09;
4392959.530634842813;7.4928578897015540861e-09;
4393292.8861918803304;7.5462391890823710128e-09;
4393626.2417489178479;6.9288450532667411608e-09;
4393959.5973059553653;8.0062969587402221805e-09;
4394292.9528629928827;7.480389641045803728e-09;
4394626.3084200304002;8.0380759825970926613e-09;
4394959.6639770679176;8.0980724348478361208e-09;
4395293.019534105435;7.4427570773138995719e-09;
4395626.3750911429524;7.7623232286327947804e-09;
4395959.7306481804699;8.0037656502440768236e-09;
4396293.0862052179873;7.8502813138925375824e-09;
4396626.4417622555047;7.8536332992484858551e-09;
4396959.7973192930222;7.9147550735569893732e-09;
4397293.1528763305396;7.4590404963714718178e-09;
4397626.508433368057;7.5409376520951809653e-09;
4397959.8639904055744;8.0452950967924152792e-09;
4398293.2195474430919;6.9485919240719340451e-09;
4398626.5751044806093;7.9033064537270547589e-09;
4398959.9306615181267;7.373211374783750216e-09;
4399293.2862185556442;7.2590964350638387259e-09;
4399626.6417755931616;7.1669137291507922782e-09;
4399959.997332630679;7.5684232214712210407e-09;
4400293.3528896681964;7.0108798766455038276e-09;
4400626.7084467057139;7.6590938036247280252e-09;
4400960.0640037432313;7.357516373929229303e-09;
4401293.4195607807487;7.6772117552081908798e-09;
4401626.7751178182662;7.3306298808972769621e-09;
4401960.1306748557836;7.5387260878301276534e-09;
4402293.486231893301;7.7273440979297447484e-09;
4402626.8417889308184;7.4261703453259997332e-09;
4402960.1973459683359;7.0152537112733170943e-09;
4403293.5529030058533;7.6155028949642655789e-09;
4403626.9084600433707;7.1092314257725774951e-09;
4403960.2640170808882;7.4577695130528809386e-09;
4404293.6195741184056;7.2547488016994066129e-09;
4404626.975131155923;7.6262001158511338872e-09;
4404960.3306881934404;7.2807946338571127853e-09;
4405293.6862452309579;7.5221899820121507219e-09;
4405627.0418022684753;7.7079693738824062166e-09;
4405960.3973593059927;7.3977068915098698199e-09;
4406293.7529163435102;7.6460668907429862884e-09;
4406627.1084733810276;7.4923978132801494212e-09;
4406960.464030418545;7.6642354684963720501e-09;
4407293.8195874560624;7.695305725974321831e-09;
4407627.1751444935799;7.710461602528084768e-09;
4407960.5307015310973;7.3479968776268833608e-09;
4408293.8862585686147;7.4834920482658162655e-09;
4408627.2418156061321;7.5405139909889840055e-09;
4408960.5973726436496;7.4939379146599094383e-09;
4409293.952929681167;7.4353865286980180827e-09;
4409627.3084867186844;7.4170438679743710964e-09;
4409960.6640437562019;7.3094503783011077758e-09;
4410294.0196007937193;7.4301897967643526499e-09;
4410627.3751578312367;7.6743802424061868805e-09;
4410960.7307148687541;7.5916464226111202152e-09;
4411294.0862719062716;7.5301223034784925403e-09;
4411627.441828943789;7.3446670967314275913e-09;
4411960.7973859813064;7.2528121286552504898e-09;
4412294.1529430188239;7.5381301201105088694e-09;
4412627.5085000563413;7.3561206015426705562e-09;
4412960.8640570938587;7.1895613906747257715e-09;
4413294.2196141313761;7.6492376877013157355e-09;
4413627.5751711688936;7.6172153029574474203e-09;
4413960.930728206411;7.5090662576826616714e-09;
4414294.2862852439284;8.0218258702302591701e-09;
4414627.6418422814459;8.1265314477718675334e-09;
4414960.9973993189633;7.269330914994043269e-09;
4415294.3529563564807;7.3735484384940264135e-09;
4415627.7085133939981;7.5900201679246492859e-09;
4415961.0640704315156;7.5668946664109171252e-09;
4416294.419627469033;7.8118995716636163706e-09;
4416627.7751845065504;7.4564985297342900594e-09;
4416961.1307415440679;7.4278014849937790132e-09;
4417294.4862985815853;7.7570891932055019424e-09;
4417627.8418556191027;7.9710718026149152138e-09;
4417961.1974126566201;7.5911934516170731513e-09;
4418294.5529696941376;7.3930430666280244623e-09;
4418627.908526731655;7.5075758942944048613e-09;
4418961.2640837691724;7.2101653536549292767e-09;
4419294.6196408066899;7.3629857766377426742e-09;
4419627.9751978442073;7.8719910590052677435e-09;
4419961.3307548817247;7.4041817121894837328e-09;
4420294.6863119192421;7.597623863375702058e-09;
4420628.0418689567596;7.497453324845082534e-09;
4420961.397425994277;7.8799047287247958593e-09;
4421294.7529830317944;7.3456609683830720314e-09;
4421628.1085400693119;7.8000104153375104943e-09;
4421961.4640971068293;7.5217538864080779604e-09;
4422294.8196541443467;7.7524981989540719951e-09;
4422628.1752111818641;8.006704632634864538e-09;
4422961.5307682193816;7.4374111314057245181e-09;
4423294.886325256899;7.6789516967323834251e-09;
4423628.2418822944164;7.2258381500489576865e-09;
4423961.5974393319339;7.7027442202393103798e-09;
4424294.9529963694513;7.4898709456761025649e-09;
4424628.3085534069687;7.5865536075525596971e-09;
4424961.6641104444861;7.320707595681597013e-09;
4425295.0196674820036;7.5015638145714547136e-09;
4425628.375224519521;7.5451120906677715539e-09;
4425961.7307815570384;7.4159887120117673476e-09;
4426295.0863385945559;7.461949280695989728e-09;
4426628.4418956320733;8.0639299682161436067e-09;
4426961.7974526695907;7.524502798617049848e-09;
4427295.1530097071081;7.7708781631713463867e-09;
4427628.5085667446256;7.9591782053967108368e-09;
4427961.864123782143;7.8172117667918428197e-09;
4428295.2196808196604;7.2777255333278390026e-09;
4428628.5752378571779;7.0275021357701916713e-09;
4428961.9307948946953;7.5653661113506132097e-09;
4429295.2863519322127;7.7153661237616688595e-09;
4429628.6419089697301;7.5552586409344257845e-09;
4429961.9974660072476;7.4116384141120761342e-09;
4430295.353023044765;7.5261157306272252754e-09;
4430628.7085800822824;7.5183717029858598835e-09;
4430962.0641371197999;7.8812059101096565428e-09;
4431295.4196941573173;7.2256352012800562079e-09;
4431628.7752511948347;7.6111827951308441698e-09;
4431962.1308082323521;7.5963955126212567848e-09;
4432295.4863652698696;6.9761849630367578357e-09;
4432628.841922307387;7.4698061069966570358e-09;
4432962.1974793449044;7.3633996677813229326e-09;
4433295.5530363824219;7.7245880802934152598e-09;
4433628.9085934199393;7.5785617781320979702e-09;
4433962.2641504574567;7.1386661026906494953e-09;
4434295.6197074949741;7.4293935448110914876e-09;
4434628.9752645324916;7.192189066529408592e-09;
4434962.330821570009;7.5761921181083380361e-09;
4435295.6863786075264;7.513644817436215817e-09;
4435629.0419356450438;7.4353732060217225808e-09;
4435962.3974926825613;7.8478130660641909344e-09;
4436295.7530497200787;7.4990476051084442588e-09;
4436629.1086067575961;7.5612600625163395307e-09;
4436962.4641637951136;7.1873138551836746046e-09;
4437295.819720832631;7.2680923501877714443e-09;
4437629.1752778701484;7.8058084440613129118e-09;
4437962.5308349076658;7.9535871222446985485e-09;
4438295.8863919451833;7.5869399651651292515e-09;
4438629.2419489827007;7.4947141825987273478e-09;
4438962.5975060202181;7.6252089087347485474e-09;
4439295.9530630577356;7.4640080782728546183e-09;
4439629.308620095253;7.2533983264122525725e-09;
4439962.6641771327704;7.5069559457574541739e-09;
4440296.0197341702878;8.0329094487296970328e-09;
4440629.3752912078053;7.7357649175269216357e-09;
4440962.7308482453227;7.5171300295551191084e-09;
4441296.0864052828401;7.3035972825152839505e-09;
4441629.4419623203576;7.6372472790353640448e-09;
4441962.797519357875;7.6899810963482195802e-09;
4442296.1530763953924;7.500694287898568291e-09;
4442629.5086334329098;7.5094357399052569235e-09;
4442962.8641904704273;7.9169799604983381869e-09;
4443296.2197475079447;7.7263937470206656144e-09;
4443629.5753045454621;7.247437316948435182e-09;
4443962.9308615829796;7.1014176761252656433e-09;
4444296.286418620497;7.2721282329268888134e-09;
4444629.6419756580144;7.2285804009197818232e-09;
4444962.9975326955318;7.5384214426321705105e-09;
4445296.3530897330493;7.9679773890006799775e-09;
4445629.7086467705667;7.1737660256587787444e-09;
4445963.0642038080841;7.5082082773292313504e-09;
4446296.4197608456016;7.8209758669345319504e-09;
4446629.775317883119;7.9364195215703148278e-09;
4446963.1308749206364;7.8421766858127739397e-09;
4447296.4864319581538;7.5091843854124817881e-09;
4447629.8419889956713;7.2557559960273465549e-09;
4447963.1975460331887;7.3423840341035884194e-09;
4448296.5531030707061;7.9356947679798395257e-09;
4448629.9086601082236;7.6836341733610424853e-09;
4448963.264217145741;7.6521269321006002428e-09;
4449296.6197741832584;7.2210415424933671602e-09;
4449629.9753312207758;7.5515966813100021682e-09;
4449963.3308882582933;7.4925816662130273471e-09;
4450296.6864452958107;7.6256236880567485059e-09;
4450630.0420023333281;7.4910282421569718281e-09;
4450963.3975593708456;7.2383268268083611474e-09;
4451296.753116408363;7.7432424916423769901e-09;
4451630.1086734458804;7.8813036097358235565e-09;
4451963.4642304833978;7.5426340728768082045e-09;
4452296.8197875209153;8.349252844652710337e-09;
4452630.1753445584327;8.0289597192972905759e-09;
4452963.5309015959501;7.2564572128896998038e-09;
4453296.8864586334676;7.214841168945440586e-09;
4453630.242015670985;7.4096075941554317978e-09;
4453963.5975727085024;7.7729396252834703773e-09;
4454296.9531297460198;7.179287830894054423e-09;
4454630.3086867835373;7.5854744707726240449e-09;
4454963.6642438210547;7.4994295218289153127e-09;
4455297.0198008585721;7.5931270160367603239e-09;
4455630.3753578960896;7.202202834122317654e-09;
4455963.730914933607;7.3789907517607389309e-09;
4456297.0864719711244;7.9587305634731819737e-09;
4456630.4420290086418;7.8237381018197993399e-09;
4456963.7975860461593;7.8451947160829149652e-09;
4457297.1531430836767;7.5877268912449835625e-09;
4457630.5087001211941;7.6000929993824684061e-09;
4457963.8642571587116;7.4091519586261256336e-09;
4458297.219814196229;7.6704180784759046219e-09;
4458630.5753712337464;7.592793949129372777e-09;
4458963.9309282712638;7.1794898914845362015e-09;
4459297.2864853087813;7.5765118623394300812e-09;
4459630.6420423462987;8.017669195226062584e-09;
4459963.9975993838161;7.4495458690648774791e-09;
4460297.3531564213336;7.5513977293439893401e-09;
4460630.708713458851;7.5527504250771926309e-09;
4460964.0642704963684;7.501708587653865834e-09;
4461297.4198275338858;7.541070878858135984e-09;
4461630.7753845714033;7.7628143912988889497e-09;
4461964.1309416089207;7.548241143240375095e-09;
4462297.4864986464381;7.3779018450181865774e-09;
4462630.8420556839556;7.5234849461480735044e-09;
4462964.197612721473;7.7132655817990780633e-09;
4463297.5531697589904;7.8764861299873700773e-09;
4463630.9087267965078;7.491594899988740508e-09;
4463964.2642838340253;7.8047941443060153688e-09;
4464297.6198408715427;7.5265917942601845425e-09;
4464630.9753979090601;7.7505779572106803244e-09;
4464964.3309549465775;7.5965695955915180093e-09;
4465297.686511984095;7.950527347588831617e-09;
4465631.0420690216124;7.4437771502289251657e-09;
4465964.3976260591298;7.3809873768482248124e-09;
4466297.7531830966473;7.3075114848109024024e-09;
4466631.1087401341647;7.6297643758493904897e-09;
4466964.4642971716821;7.6163590989608564996e-09;
4467297.8198542091995;7.5205912608566904964e-09;
4467631.175411246717;7.3924972809891187353e-09;
4467964.5309682842344;7.7915602858524835028e-09;
4468297.8865253217518;7.6259318859683844494e-09;
4468631.2420823592693;7.4617263479126449965e-09;
4468964.5976393967867;8.4030649105670818244e-09;
4469297.9531964343041;7.1267498569227427652e-09;
4469631.3087534718215;7.8539921233300447057e-09;
4469964.664310509339;7.6766992762600239075e-09;
4470298.0198675468564;7.6914137281391958822e-09;
4470631.3754245843738;7.5489170470177668903e-09;
4470964.7309816218913;6.8869416836037089524e-09;
4471298.0865386594087;7.4528312410393482423e-09;
4471631.4420956969261;7.3219550422720658389e-09;
4471964.7976527344435;7.5202342131319710461e-09;
4472298.153209771961;7.5371504593135796313e-09;
4472631.5087668094784;7.6677908467104316514e-09;
4472964.8643238469958;7.8883122256456772448e-09;
4473298.2198808845133;7.6158643835810835299e-09;
4473631.5754379220307;7.7681754362401989056e-09;
4473964.9309949595481;7.8403861181186584872e-09;
4474298.2865519970655;7.6500441537064034492e-09;
4474631.642109034583;7.4514048264973098412e-09;
4474964.9976660721004;7.8183379770280225785e-09;
4475298.3532231096178;7.2746453305683189683e-09;
4475631.7087801471353;7.8334476683039611089e-09;
4475965.0643371846527;7.4938588667805561272e-09;
4476298.4198942221701;7.0059797963040182367e-09;
4476631.7754512596875;7.4195067867321995436e-09;
4476965.131008297205;7.8999473629437488853e-09;
4477298.4865653347224;7.6481763144897740858e-09;
4477631.8421223722398;7.5349264605506505177e-09;
4477965.1976794097573;7.8579533990819072642e-09;
4478298.5532364472747;7.3157835345227795187e-09;
4478631.9087934847921;7.8904323075335014437e-09;
4478965.2643505223095;7.7861832536996189447e-09;
4479298.619907559827;7.4965580409980248078e-09;
4479631.9754645973444;7.6313861896437629184e-09;
4479965.3310216348618;7.3960566560060669872e-09;
4480298.6865786723793;7.2881785051492897765e-09;
4480632.0421357098967;7.3166703806748500938e-09;
4480965.3976927474141;7.7652968499819507997e-09;
4481298.7532497849315;7.278543989741592668e-09;
4481632.108806822449;7.4033881247714816709e-09;
4481965.4643638599664;7.3991497373526726733e-09;
4482298.8199208974838;7.5897528262203195482e-09;
4482632.1754779350013;7.0869732304856825067e-09;
4482965.5310349725187;8.0120514667214592919e-09;
4483298.8865920100361;7.3556170043787005852e-09;
4483632.2421490475535;7.3628307895035050024e-09;
4483965.597706085071;7.3501915665019623702e-09;
4484298.9532631225884;8.0308071304102668364e-09;
4484632.3088201601058;7.3775909825712915335e-09;
4484965.6643771976233;7.6634272261344449362e-09;
4485299.0199342351407;8.0569071414515747165e-09;
4485632.3754912726581;7.6386559300090084434e-09;
4485965.7310483101755;7.9023623200669135258e-09;
4486299.086605347693;7.5935941978855225898e-09;
4486632.4421623852104;7.3661170496563954657e-09;
4486965.7977194227278;7.3683557033632496314e-09;
4487299.1532764602453;7.1991417271988211724e-09;
4487632.5088334977627;7.284927328043977468e-09;
4487965.8643905352801;7.2179595633770077256e-09;
4488299.2199475727975;7.2863990396854205756e-09;
4488632.575504610315;7.6837691764808369044e-09;
4488965.9310616478324;7.0054628764637527638e-09;
4489299.2866186853498;7.024428594348819388e-09;
4489632.6421757228673;7.127025636322059654e-09;
4489965.9977327603847;7.2507226889229059452e-09;
4490299.3532897979021;7.8412956128204314155e-09;
4490632.7088468354195;7.701986604047306173e-09;
4490966.064403872937;7.7418009780672036868e-09;
4491299.4199609104544;8.0567934546138531005e-09;
4491632.7755179479718;7.3954460333425231511e-09;
4491966.1310749854892;7.3370327591248951649e-09;
4492299.4866320230067;7.0206289670693422522e-09;
4492632.8421890605241;7.6590129793885353138e-09;
4492966.1977460980415;7.725022399540648621e-09;
4493299.553303135559;7.2132189110618583072e-09;
4493632.9088601730764;7.2925714356131265959e-09;
4493966.2644172105938;7.5413888467323886289e-09;
4494299.6199742481112;7.5075758942944048613e-09;
4494632.9755312856287;7.3105934639272618369e-09;
4494966.3310883231461;7.9253297258219390642e-09;
4495299.6866453606635;7.5844619473741659021e-09;
4495633.042202398181;7.3494299535070695129e-09;
4495966.3977594356984;7.755944331222508481e-09;
4496299.7533164732158;7.4889632273311690369e-09;
4496633.1088735107332;7.3051884541541767248e-09;
4496966.4644305482507;7.3871357919585989293e-09;
4497299.8199875857681;8.0359017218256667547e-09;
4497633.1755446232855;7.4986648002095535048e-09;
4497966.531101660803;7.8398629810294551135e-09;
4498299.8866586983204;7.7406996368267755315e-09;
4498633.2422157358378;7.6964550288494137931e-09;
4498966.5977727733552;7.5122850162756549253e-09;
4499299.9533298108727;7.9043340761586478038e-09;
4499633.3088868483901;8.3319928734226778033e-09;
4499966.6644438859075;7.697766868375310878e-09;
4500300.020000923425;7.9142550291066982027e-09;
4500633.3755579609424;7.4659096682694325864e-09;
4500966.7311149984598;7.424396208932648733e-09;
4501300.0866720359772;7.3585635362860557507e-09;
4501633.4422290734947;7.5641031216377996316e-09;
4501966.7977861110121;7.8362960564959394105e-09;
4502300.1533431485295;7.4996666654669752461e-09;
4502633.508900186047;7.4868848898290707439e-09;
4502966.8644572235644;7.1419150593499125534e-09;
4503300.2200142610818;7.1014798486146446521e-09;
4503633.5755712985992;7.4032713293092911044e-09;
4503966.9311283361167;7.7840764944880902476e-09;
4504300.2866853736341;7.7014590260660042986e-09;
4504633.6422424111515;7.0331709345339277206e-09;
4504966.997799448669;7.3121988464208698133e-09;
4505300.3533564861864;7.8777047107791986491e-09;
4505633.7089135237038;7.737178009392664535e-09;
4505967.0644705612212;7.2881145563030713674e-09;
4506300.4200275987387;7.935122781077552645e-09;
4506633.7755846362561;7.3253003662898663606e-09;
4506967.1311416737735;7.5675723465451483207e-09;
4507300.486698711291;7.1631123255144757422e-09;
4507633.8422557488084;7.195727569353493891e-09;
4507967.1978127863258;7.1858115013867518428e-09;
4508300.5533698238432;7.6842550100764128729e-09;
4508633.9089268613607;7.3766708297284822038e-09;
4508967.2644838988781;7.4761725699090675334e-09;
4509300.6200409363955;7.4758705892463694909e-09;
4509633.975597973913;7.5382224906661576824e-09;
4509967.3311550114304;7.0411201313902438415e-09;
4510300.6867120489478;7.4518755610597509076e-09;
4510634.0422690864652;7.1528640788187658472e-09;
4510967.3978261239827;7.3823875901268820598e-09;
4511300.7533831615001;7.1741821372484082531e-09;
4511634.1089401990175;7.0130234952614500799e-09;
4511967.464497236535;7.7727078107159286446e-09;
4512300.8200542740524;7.698050197291195218e-09;
4512634.1756113115698;7.2995183231228111254e-09;
4512967.5311683490872;7.7429707090459487517e-09;
4513300.8867253866047;7.1868337947478266869e-09;
4513634.2422824241221;8.0414519487703728373e-09;
4513967.5978394616395;7.3080892448729173339e-09;
4514300.953396499157;7.4748465195284552465e-09;
4514634.3089535366744;7.5887260919671462034e-09;
4514967.6645105741918;7.8129831493356505234e-09;
4515301.0200676117092;7.4899366708791603742e-09;
4515634.3756246492267;7.4134614003185106412e-09;
4515967.7311816867441;7.7984889657045641798e-09;
4516301.0867387242615;7.0149823727660987061e-09;
4516634.442295761779;7.7218338390139251715e-09;
4516967.7978527992964;7.3148456181115761865e-09;
4517301.1534098368138;7.5226784801429857907e-09;
4517634.5089668743312;7.7125204001049496583e-09;
4517967.8645239118487;7.2603714151853182557e-09;
4518301.2200809493661;8.1020568032386108825e-09;
4518634.5756379868835;7.8146715765115004615e-09;
4518967.9311950244009;7.5032771107430562552e-09;
4519301.2867520619184;7.8750472809474558744e-09;
4519634.6423090994358;7.3239103670630356646e-09;
4519967.9978661369532;7.1699357562238219543e-09;
4520301.3534231744707;7.3509922593473220331e-09;
4520634.7089802119881;8.0695565785049439e-09;
4520968.0645372495055;7.3295609581691678613e-09;
4521301.4200942870229;7.225571696523047649e-09;
4521634.7756513245404;7.2555521590800253762e-09;
4521968.1312083620578;7.5199038107598425995e-09;
4522301.4867653995752;7.3189072580248648592e-09;
4522634.8423224370927;7.1289036895905155689e-09;
4522968.1978794746101;7.3865908944981129025e-09;
4523301.5534365121275;7.1758456954285065876e-09;
4523634.9089935496449;7.4303199149028387183e-09;
4523968.2645505871624;7.4076291767255497689e-09;
4524301.6201076246798;7.43692796234540765e-09;
4524634.9756646621972;7.600453599820866657e-09;
4524968.3312216997147;7.472062968361115054e-09;
4525301.6867787372321;7.152436864998890087e-09;
4525635.0423357747495;7.4843597985818632878e-09;
4525968.3978928122669;7.9401845098914236587e-09;
4526301.7534498497844;7.5592154757941898424e-09;
4526635.1090068873018;8.0015443160164068104e-09;
4526968.4645639248192;7.5976505087282930617e-09;
4527301.8201209623367;7.5054522596929018619e-09;
4527635.1756779998541;7.9331163860274500621e-09;
4527968.5312350373715;7.5377988295599607227e-09;
4528301.8867920748889;7.5788673115084748133e-09;
4528635.2423491124064;7.8441058093403626117e-09;
4528968.5979061499238;7.845249783144936373e-09;
4529301.9534631874412;7.590886141883856908e-09;
4529635.3090202249587;7.6872659349191962974e-09;
4529968.6645772624761;7.3732246974600457179e-09;
4530302.0201342999935;7.4242136882674003573e-09;
4530635.3756913375109;7.5664692289478807652e-09;
4530968.7312483750284;7.3411974277348690521e-09;
4531302.0868054125458;7.8060278241309788427e-09;
4531635.4423624500632;7.6809625326745845086e-09;
4531968.7979194875807;7.4950694539666073979e-09;
4532302.1534765250981;7.6542381322042274405e-09;
4532635.5090335626155;7.7112742857821103826e-09;
4532968.8645906001329;7.5241857189212169033e-09;
4533302.2201476376504;7.5442772029532534361e-09;
4533635.5757046751678;7.6462685072442582168e-09;
4533968.9312617126852;7.2574133369585069886e-09;
4534302.2868187502027;7.2599122269423332909e-09;
4534635.6423757877201;7.0578258792863834969e-09;
4534968.9979328252375;7.5120478726375949918e-09;
4535302.3534898627549;7.646375976833041932e-09;
4535635.7090469002724;7.6840933616040274501e-09;
4535969.0646039377898;7.2823298502555644518e-09;
4536302.4201609753072;7.3313124460128165083e-09;
4536635.7757180128247;6.9538428348892011854e-09;
4536969.1312750503421;7.5826234180453866429e-09;
4537302.4868320878595;7.5879134087131205888e-09;
4537635.8423891253769;7.4682571238327000174e-09;
4537969.1979461628944;7.3403074729583295266e-09;
4538302.5535032004118;7.4268227123752694752e-09;
4538635.9090602379292;7.6679249616518063704e-09;
4538969.2646172754467;7.6644637303502349823e-09;
4539302.6201743129641;7.2968258102434901957e-09;
4539635.9757313504815;7.4516011139280635689e-09;
4539969.3312883879989;7.5445285574460285716e-09;
4540302.6868454255164;7.8986843732309353072e-09;
4540636.0424024630338;7.8643473955253284657e-09;
4540969.3979595005512;1.1225901985767450242e-08;
4541302.7535165380687;7.4620283285753430391e-09;
4541636.1090735755861;7.2285804009197818232e-09;
4541969.4646306131035;7.41515471247566893e-09;
4542302.8201876506209;7.314742589414890972e-09;
4542636.1757446881384;7.4391359738967821613e-09;
4542969.5313017256558;7.7695405664712779981e-09;
4543302.8868587631732;7.8289073002224540687e-09;
4543636.2424158006907;7.6443615881771620479e-09;
4543969.5979728382081;7.5041075575654758723e-09;
4544302.9535298757255;7.4166659480567886931e-09;
4544636.3090869132429;8.0434441329657602182e-09;
4544969.6646439507604;7.533893509048539272e-09;
4545303.0202009882778;7.6057027342812943971e-09;
4545636.3757580257952;7.4305552821840592514e-09;
4545969.7313150633126;7.7564488165648981521e-09;
4546303.0868721008301;7.5472064153814244492e-09;
4546636.4424291383475;7.4661983262558351271e-09;
4546969.7979861758649;7.875739171936402272e-09;
4547303.1535432133824;8.0303133032089135668e-09;
4547636.5091002508998;6.6870797787998981221e-09;
4547969.8646572884172;7.1138037682771937398e-09;
4548303.2202143259346;7.2624763980400075525e-09;
4548636.5757713634521;7.3837496117334922019e-09;
4548969.9313284009695;7.4135395600194442522e-09;
4549303.2868854384869;7.6697572737316477287e-09;
4549636.6424424760044;7.4779462622132086835e-09;
4549969.9979995135218;7.2343482315773144364e-09;
4550303.3535565510392;7.3161561253698437213e-09;
4550636.7091135885566;7.907278387619953719e-09;
4550970.0646706260741;7.4002675098938652809e-09;
4551303.4202276635915;7.1696968362289226206e-09;
4551636.7757847011089;7.573836668939293304e-09;
4551970.1313417386264;7.3917703069525941828e-09;
4552303.4868987761438;7.3302048875234504521e-09;
4552636.8424558136612;7.6056361208998168877e-09;
4552970.1980128511786;7.4417765283385506336e-09;
4553303.5535698886961;7.3694690350123437383e-09;
4553636.9091269262135;7.2204833223565856315e-09;
4553970.2646839637309;7.6681541116840890027e-09;
4554303.6202410012484;7.5762587314898155455e-09;
4554636.9757980387658;7.4873707234246467124e-09;
4554970.3313550762832;7.4694517238071966858e-09;
4555303.6869121138006;7.4853856446566169325e-09;
4555637.0424691513181;7.4525958737581277092e-09;
4555970.3980261888355;7.6812591842667643505e-09;
4556303.7535832263529;7.6505548562977310212e-09;
4556637.1091402638704;7.3306427594843626139e-09;
4556970.4646973013878;7.3227268693187852477e-09;
4557303.8202543389052;7.411339097984637192e-09;
4557637.1758113764226;7.3807409073367580277e-09;
4557970.5313684139401;7.3961867741445530555e-09;
4558303.8869254514575;7.7785271557218038652e-09;
4558637.2424824889749;8.0077038333570271789e-09;
4558970.5980395264924;7.7794153341415039904e-09;
4559303.9535965640098;7.9314856904488806322e-09;
4559637.3091536015272;7.5946875455201734439e-09;
4559970.6647106390446;7.660815981580526568e-09;
4560304.0202676765621;7.4826633778002360486e-09;
4560637.3758247140795;7.5357471374104534334e-09;
4560970.7313817515969;7.4837549490780475026e-09;
4561304.0869387891144;7.9409661069007597689e-09;
4561637.4424958266318;7.3536656763906194101e-09;
4561970.7980528641492;7.5400370391776050383e-09;
4562304.1536099016666;7.3270247646917141537e-09;
4562637.5091669391841;7.4522947812738493667e-09;
4562970.8647239767015;7.5604233984449820127e-09;
4563304.2202810142189;7.7661566066922205209e-09;
4563637.5758380517364;7.408175850542875196e-09;
4563970.9313950892538;7.4043899900289034122e-09;
4564304.2869521267712;7.3584471849130750343e-09;
4564637.6425091642886;7.3120576260521374934e-09;
4564970.9980662018061;7.5167339019799328526e-09;
4565304.3536232393235;7.4924502158069117286e-09;
4565637.7091802768409;7.0454380107776160003e-09;
4565971.0647373143584;7.1578289961848895473e-09;
4566304.4202943518758;7.5718276093539316207e-09;
4566637.7758513893932;7.3497528063626305084e-09;
4566971.1314084269106;7.860866624298523675e-09;
4567304.4869654644281;8.0574169558644825884e-09;
4567637.8425225019455;7.2623360658496949327e-09;
4567971.1980795394629;7.4810335704000863188e-09;
4568304.5536365769804;7.6229182965903419245e-09;
4568637.9091936144978;7.2665220507417416229e-09;
4568971.2647506520152;7.5453900905131376931e-09;
4569304.6203076895326;7.5836359414438447857e-09;
4569637.9758647270501;7.5822770284617035941e-09;
4569971.3314217645675;7.5139752198083442636e-09;
4570304.6869788020849;7.5965962409441090131e-09;
4570638.0425358396024;7.2495893732593685854e-09;
4570971.3980928771198;7.4331922839121489233e-09;
4571304.7536499146372;7.165642301742991549e-09;
4571638.1092069521546;7.3585635362860557507e-09;
4571971.4647639896721;7.466460338889646664e-09;
4572304.8203210271895;7.9192057356181067007e-09;
4572638.1758780647069;7.0771943860847841279e-09;
4572971.5314351022243;7.9718418533047952224e-09;
4573304.8869921397418;7.7272623855151323369e-09;
4573638.2425491772592;7.1474124396786464786e-09;
4573971.5981062147766;7.2630634839754293353e-09;
4574304.9536632522941;7.5490893536311887146e-09;
4574638.3092202898115;7.4895680768349848222e-09;
4574971.6647773273289;7.4037136421623017668e-09;
4575305.0203343648463;7.0266503726656992512e-09;
4575638.3758914023638;7.5588300063600399881e-09;
4575971.7314484398812;7.3567023584075741383e-09;
4576305.0870054773986;7.8198496566983521916e-09;
4576638.4425625149161;7.4658963455931370845e-09;
4576971.7981195524335;7.587886763360529585e-09;
4577305.1536765899509;7.3941079925532449124e-09;
4577638.5092336274683;7.4145294348682000418e-09;
4577971.8647906649858;7.7362676265124719066e-09;
4578305.2203477025032;7.4827166685054180562e-09;
4578638.5759047400206;7.2226273850617417338e-09;
4578971.9314617775381;7.7684081389861603384e-09;
4579305.2870188150555;7.1282775238046269806e-09;
4579638.6425758525729;7.1757448871778706234e-09;
4579971.9981328900903;7.7393664810188056435e-09;
4580305.3536899276078;7.3795480837191007595e-09;
4580638.7092469651252;7.3324843974376108235e-09;
4580972.0648040026426;7.7316348878753160534e-09;
4581305.4203610401601;7.4783139680789645354e-09;
4581638.7759180776775;7.2147900986863078288e-09;
4581972.1314751151949;7.8412680792894207116e-09;
4582305.4870321527123;7.0789352157873963733e-09;
4582638.8425891902298;7.5682109468289127108e-09;
4582972.1981462277472;7.9659479013116651913e-09;
4583305.5537032652646;7.595929218950914219e-09;
4583638.9092603027821;7.0037402544187443709e-09;
4583972.2648173402995;7.2422445818176583998e-09;
4584305.6203743778169;7.5580866010227509832e-09;
4584638.9759314153343;7.1590990913250607264e-09;
4584972.3314884528518;7.5215291772678938287e-09;
4585305.6870454903692;7.310991367859287493e-09;
4585639.0426025278866;7.0710428623499410605e-09;
4585972.3981595654041;7.1918604405141195457e-09;
4586305.7537166029215;7.4448887055211798724e-09;
4586639.1092736404389;7.333785578822471507e-09;
4586972.4648306779563;7.3876811335082948062e-09;
4587305.8203877154738;7.1602688223038057913e-09;
4587639.1759447529912;7.4295631868892542116e-09;
4587972.5315017905086;7.4618320411445893114e-09;
4588305.8870588280261;7.1554908664950289676e-09;
4588639.2426158655435;7.176450989021532223e-09;
4588972.5981729030609;7.7488353511512286786e-09;
4589305.9537299405783;7.2105201809335994767e-09;
4589639.3092869780958;7.5107413621822161076e-09;
4589972.6648440156132;7.5093566920259036124e-09;
4590306.0204010531306;7.3184831528294580494e-09;
4590639.3759580906481;7.0984613742552937765e-09;
4590972.7315151281655;7.2546599838574366004e-09;
4591306.0870721656829;7.7851707303011608019e-09;
4591639.4426292032003;7.764369591711783869e-09;
4591972.7981862407178;7.2303967257880685793e-09;
4592306.1537432782352;7.4802581906396881095e-09;
4592639.5093003157526;6.9773373745363187481e-09;
4592972.8648573532701;7.2931864991687689326e-09;
4593306.2204143907875;7.7066557579996697314e-09;
4593639.5759714283049;7.3060482108644464461e-09;
4593972.9315284658223;7.195550821847973566e-09;
4594306.2870855033398;7.3529942135053261154e-09;
4594639.6426425408572;7.8133677305913806777e-09;
4594972.9981995783746;7.5139086064268667542e-09;
4595306.3537566158921;7.6062640630425448762e-09;
4595639.7093136534095;7.4396457883096900332e-09;
4595973.0648706909269;7.4066535127315091813e-09;
4596306.4204277284443;7.9124475860226084478e-09;
4596639.7759847659618;7.6975634755171995494e-09;
4596973.1315418034792;7.5357471374104534334e-09;
4597306.4870988409966;7.7448341073704796145e-09;
4597639.8426558785141;7.6404411686326056952e-09;
4597973.1982129160315;7.5623498574373115844e-09;
4598306.5537699535489;7.0777042004976919998e-09;
4598639.9093269910663;7.3763337660182060063e-09;
4598973.2648840285838;7.6754993472150090383e-09;
4599306.6204410661012;7.516985256472707988e-09;
4599639.9759981036186;7.2674919415760541597e-09;
4599973.3315551411361;7.1368608800526089908e-09;
4600306.6871121786535;7.4341719447090781614e-09;
4600640.0426692161709;7.2520731642100599856e-09;
4600973.3982262536883;7.5984383229865670728e-09;
4601306.7537832912058;7.6512396418593198177e-09;
4601640.1093403287232;7.8782438350799566251e-09;
4601973.4648973662406;8.0041031580435628712e-09;
4602306.820454403758;7.214181696468813243e-09;
4602640.1760114412755;7.2986594545909611043e-09;
4602973.5315684787929;7.4727060095369779447e-09;
4603306.8871255163103;7.5636652496768874698e-09;
4603640.2426825538278;7.3442025794179244258e-09;
4603973.5982395913452;7.5305059965558029944e-09;
4604306.9537966288626;7.5787216502476439928e-09;
4604640.30935366638;7.400800416945685356e-09;
4604973.6649107038975;7.4954256135129071481e-09;
4605307.0204677414149;7.5208026473205791262e-09;
4605640.3760247789323;7.2073667034544541821e-09;
4605973.7315818164498;7.5086834527837709174e-09;
4606307.0871388539672;7.946966640304253815e-09;
4606640.4426958914846;7.3363368713330601167e-09;
4606973.798252929002;7.6810842131180834258e-09;
4607307.1538099665195;7.465070339662815968e-09;
4607640.5093670040369;7.4540889016816436197e-09;
4607973.8649240415543;7.3072290440734377626e-09;
4608307.2204810790718;7.3319692539541847509e-09;
4608640.5760381165892;8.0393043333515379345e-09;
4608973.9315951541066;7.1602439533080541878e-09;
4609307.287152191624;7.4334405297804551083e-09;
4609640.6427092291415;7.4715247322387767781e-09;
4609973.9982662666589;7.6231723156183761603e-09;
4610307.3538233041763;7.6218871214450700791e-09;
4610640.7093803416938;7.3333730199465207988e-09;
4610974.0649373792112;7.4767898539107591205e-09;
4611307.4204944167286;7.4269008720762030862e-09;
4611640.776051454246;7.4983619313684357621e-09;
4611974.1316084917635;7.7208444082543792319e-09;
4612307.4871655292809;7.3488100049701188254e-09;
4612640.8427225667983;8.3264328765153550194e-09;
4612974.1982796043158;1.3273627530452358769e-08;
4613307.5538366418332;8.2576194770922484167e-09;
4613640.9093936793506;7.4910548875095628318e-09;
4613974.264950716868;7.7952702071115709259e-09;
4614307.6205077543855;7.1860006833901479695e-09;
4614640.9760647919029;7.7233535122900320857e-09;
4614974.3316218294203;7.4489965307122929516e-09;
4615307.6871788669378;7.1587975547515725339e-09;
4615641.0427359044552;7.4162489482887394843e-09;
4615974.3982929419726;7.5310886415991262766e-09;
4616307.75384997949;8.0324156215283437632e-09;
4616641.1094070170075;7.6024297968046994356e-09;
4616974.4649640545249;7.2618000501734059071e-09;
4617307.8205210920423;7.7359274541777267586e-09;
4617641.1760781295598;7.4543242689628641529e-09;
4617974.5316351670772;7.4506845137989330397e-09;
4618307.8871922045946;7.6948865057602233719e-09;
4618641.242749242112;7.6877659793694874679e-09;
4618974.5983062796295;7.4537744865210697753e-09;
4619307.9538633171469;7.0377437211277538154e-09;
4619641.3094203546643;7.7700725853446783731e-09;
4619974.6649773921818;7.5730115511873918877e-09;
4620308.0205344296992;7.5202342131319710461e-09;
4620641.3760914672166;7.6960624539879063377e-09;
4620974.731648504734;7.5341448635413144075e-09;
4621308.0872055422515;7.7663067088451498421e-09;
4621641.4427625797689;7.4909625169539140188e-09;
4621974.7983196172863;7.2590196076305346651e-09;
4622308.1538766548038;7.3684853774125258496e-09;
4622641.5094336923212;7.9906437022714271734e-09;
4622974.8649907298386;7.8710504780588053109e-09;
4623308.220547767356;7.2494108493970088603e-09;
4623641.5761048048735;7.4910682101858583337e-09;
4623974.9316618423909;7.9015709530949607142e-09;
4624308.2872188799083;7.6899002721120268689e-09;
4624641.6427759174258;7.4367321190038637724e-09;
4624974.9983329549432;7.2734822609277216543e-09;
4625308.3538899924606;7.3006467538050401345e-09;
4625641.709447029978;7.3485519891391959391e-09;
4625975.0650040674955;7.349558739377926031e-09;
4626308.4205611050129;7.7848287816095762537e-09;
4626641.7761181425303;7.2594148470273012208e-09;
4626975.1316751800478;7.5260624399220432679e-09;
4627308.4872322175652;7.2681047846856472461e-09;
4627641.8427892550826;7.2052146471435207786e-09;
4627975.1983462926;7.548545788438332238e-09;
4628308.5539033301175;7.3027504043920998811e-09;
4628641.9094603676349;7.1962209524656373105e-09;
4628975.2650174051523;7.5828765488950011786e-09;
4629308.6205744426697;7.5562809342955006287e-09;
4629641.9761314801872;7.1824293179645337659e-09;
4629975.3316885177046;7.4471513400453659415e-09;
4630308.687245555222;7.4925816662130273471e-09;
4630642.0428025927395;6.8585568335777225002e-09;
4630975.3983596302569;7.5845019154030524078e-09;
4631308.7539166677743;6.9560788240607962507e-09;
4631642.1094737052917;7.7945312426663804217e-09;
4631975.4650307428092;7.5199961813154914125e-09;
4632308.8205877803266;7.1117423061650697491e-09;
4632642.176144817844;7.5955419731599249644e-09;
4632975.5317018553615;7.7642736684424562554e-09;
4633308.8872588928789;7.6610717769654002041e-09;
4633642.2428159303963;7.062960882819879771e-09;
4633975.5983729679137;7.1901933296203424106e-09;
4634308.9539300054312;7.9672775044059562788e-09;
4634642.3094870429486;6.8610996883933239587e-09;
4634975.665044080466;7.8259647651179875538e-09;
4635309.0206011179835;7.4840569297407455451e-09;
4635642.3761581555009;7.4625656765192616149e-09;
4635975.7317151930183;7.3519736965010906715e-09;
4636309.0872722305357;7.3146400048074156075e-09;
4636642.4428292680532;7.6370056945052056108e-09;
4636975.7983863055706;7.1414132385427819827e-09;
4637309.153943343088;7.2741594969727429998e-09;
4637642.5095003806055;7.4481980583129825391e-09;
4637975.8650574181229;7.7112067842222131731e-09;
4638309.2206144556403;7.1593633244049215136e-09;
4638642.5761714931577;7.444927785371646678e-09;
4638975.9317285306752;7.1415260372020838986e-09;
4639309.2872855681926;7.4470336564047556749e-09;
4639642.64284260571;7.0964913945203988987e-09;
4639975.9983996432275;7.5858341830326025956e-09;
4640309.3539566807449;7.5214501293885405175e-09;
4640642.7095137182623;7.5385804265692968329e-09;
4640976.0650707557797;7.8883539700314031506e-09;
4641309.4206277932972;7.3299988301300800231e-09;
4641642.7761848308146;7.4579267206331678608e-09;
4641976.131741868332;7.383062161636644305e-09;
4642309.4872989058495;7.4068484678946333588e-09;
4642642.8428559433669;7.5881398942101441207e-09;
4642976.1984129808843;7.2971335640659162891e-09;
4643309.5539700184017;7.5130248688992651296e-09;
4643642.9095270559192;7.2050121424638291501e-09;
4643976.2650840934366;7.3771633246622059232e-09;
4644309.620641130954;7.5739698957022483228e-09;
4644642.9761981684715;7.3024555291567594395e-09;
4644976.3317552059889;7.3963293267809149256e-09;
4645309.6873122435063;7.7516268959243461723e-09;
4645643.0428692810237;7.7987225566289453127e-09;
4645976.3984263185412;7.4166011110321505839e-09;
4646309.7539833560586;7.2749264390381540579e-09;
4646643.109540393576;7.5407529109838833392e-09;
4646976.4650974310935;7.6262400838800203928e-09;
4647309.8206544686109;7.1290164882498174848e-09;
4647643.1762115061283;7.8398905145604658173e-09;
4647976.5317685436457;7.2490418112636234582e-09;
4648309.8873255811632;7.0523107353892555693e-09;
4648643.2428826186806;7.670794666125857475e-09;
4648976.598439656198;7.3832180369493016769e-09;
4649309.9539966937155;7.2302062115170429024e-09;
4649643.3095537312329;7.2669559258997651341e-09;
4649976.6651107687503;7.375906108109120396e-09;
4650310.0206678062677;7.4366406366266346595e-09;
4650643.3762248437852;7.5414412492591509363e-09;
4650976.7317818813026;7.1718884164795326797e-09;
4651310.08733891882;7.5197323923248404753e-09;
4651643.4428959563375;7.0752426140074931027e-09;
4651976.7984529938549;7.8908621858886363043e-09;
4652310.1540100313723;7.1412249447178055561e-09;
4652643.5095670688897;7.5471664473525379435e-09;
4652976.8651241064072;7.8620123744599368365e-09;
4653310.2206811439246;7.8299393635461456142e-09;
4653643.576238181442;7.5631598761560780986e-09;
4653976.9317952189595;7.0093655324399151141e-09;
4654310.2873522564769;7.6610984223179912078e-09;
4654643.6429092939943;7.6544939275891010766e-09;
4654976.9984663315117;7.9072508540889430151e-09;
4655310.3540233690292;7.4692412255217277561e-09;
4655643.7095804065466;7.0748202851689256931e-09;
4655977.065137444064;7.0174968058722697606e-09;
4656310.4206944815814;7.5277153399611052009e-09;
4656643.7762515190989;7.6435417994957788324e-09;
4656977.1318085566163;7.633411236440679204e-09;
4657310.4873655941337;7.5176060931880783755e-09;
4657643.8429226316512;7.5645019137482449878e-09;
4657977.1984796691686;6.9314625150695974298e-09;
4658310.554036706686;7.5005885946666239761e-09;
4658643.9095937442034;7.582170447051339579e-09;
4658977.2651507817209;7.149145719864691273e-09;
4659310.6207078192383;7.285912762000634757e-09;
4659643.9762648567557;7.1895236430918885162e-09;
4659977.3318218942732;7.2673516093857415399e-09;
4660310.6873789317906;7.3722272730947224773e-09;
4660644.042935969308;7.3764763186545678764e-09;
4660977.3984930068254;7.5612467398400440288e-09;
4661310.7540500443429;7.4435675401218759362e-09;
4661644.1096070818603;7.4798514049234654522e-09;
4661977.4651641193777;7.4075643397009116597e-09;
4662310.8207211568952;7.4653065951224562014e-09;
4662644.1762781944126;7.6381327929198050697e-09;
4662977.53183523193;6.9291248294689467002e-09;
4663310.8873922694474;7.4008914552337046189e-09;
4663644.2429493069649;7.6428570139341900358e-09;
4663977.5985063444823;7.4127584070993179921e-09;
4664310.9540633819997;7.761696174668486492e-09;
4664644.3096204195172;7.5526314091689528141e-09;
4664977.6651774570346;7.3694432778381724347e-09;
4665311.020734494552;7.1536683243778043106e-09;
4665644.3762915320694;7.4310642084185474232e-09;
4665977.7318485695869;7.57728368938614949e-09;
4666311.0874056071043;7.6231865264730913623e-09;
4666644.4429626446217;7.305111626720872664e-09;
4666977.7985196821392;7.5276229694054563879e-09;
4667311.1540767196566;7.2865398159649430454e-09;
4667644.509633757174;6.990010348317809985e-09;
4667977.8651907946914;7.6923862835087675194e-09;
4668311.2207478322089;7.5402892818487998738e-09;
4668644.5763048697263;7.1807257917555489257e-09;
4668977.9318619072437;7.1838299753324008634e-09;
4669311.2874189447612;7.4927664073243249732e-09;
4669644.6429759822786;7.8121873414715992112e-09;
4669977.998533019796;7.3652497434295582934e-09;
4670311.3540900573134;7.4662507287825974345e-09;
4670644.7096470948309;7.8668893621625102242e-09;
4670978.0652041323483;8.0285218473363784142e-09;
4671311.4207611698657;7.3864869776230079879e-09;
4671644.7763182073832;7.2159309638664126396e-09;
4671978.1318752449006;7.3685630930242496106e-09;
4672311.487432282418;7.2090005076574925624e-09;
4672644.8429893199354;7.546808511449398793e-09;
4672978.1985463574529;7.5955153278073339607e-09;
4673311.5541033949703;6.9760992538192567736e-09;
4673644.9096604324877;7.3925883192771379981e-09;
4673978.2652174700052;7.3228041408412991586e-09;
4674311.6207745075226;7.9629538518588560692e-09;
4674644.97633154504;7.5631199081271915929e-09;
4674978.3318885825574;7.6556094796842444339e-09;
4675311.6874456200749;7.1666996781516445481e-09;
4675645.0430026575923;7.1365975351511679037e-09;
4675978.3985596951097;7.43182138052134178e-09;
4676311.7541167326272;7.7126154351958575717e-09;
4676645.1096737701446;7.0987109523912295117e-09;
4676978.465230807662;7.7020541056072033825e-09;
4677311.8207878451794;7.4341324207694015058e-09;
4677645.1763448826969;7.4910948555384493375e-09;
4677978.5319019202143;7.1339902874001381861e-09;
4678311.8874589577317;7.4031931696083574934e-09;
4678645.2430159952492;7.4883441669726380496e-09;
4678978.5985730327666;7.5959825096560962265e-09;
4679311.954130070284;7.4302026753514383017e-09;
4679645.3096871078014;7.2316415078432783048e-09;
4679978.6652441453189;7.5578610037041471514e-09;
4680312.0208011828363;7.94742760490407818e-09;
4680645.3763582203537;7.1927073186373036151e-09;
4680978.7319152578712;7.427736203879931054e-09;
4681312.0874722953886;7.6261192916149411758e-09;
4681645.443029332906;7.2846200183107612247e-09;
4681978.7985863704234;7.3413519707798968739e-09;
4682312.1541434079409;7.2613919321895536996e-09;
4682645.5097004454583;7.3862405081115412031e-09;
4682978.8652574829757;7.5245552011438121554e-09;
4683312.2208145204931;7.6471957655144251476e-09;
4683645.5763715580106;7.0457724099526330974e-09;
4683978.931928595528;7.1727326300674576487e-09;
4684312.2874856330454;7.8596791297513846075e-09;
4684645.6430426705629;8.0881052966219613154e-09;
4684978.9985997080803;1.1810447730908890662e-08;
4685312.3541567455977;1.2905232438242819626e-08;
4685645.7097137831151;7.2210286639062815084e-09;
4685979.0652708206326;7.924647604795609368e-09;
4686312.42082785815;7.1479022700771110976e-09;
4686645.7763848956674;7.4453723186707065906e-09;
4686979.1319419331849;7.4812707140381462523e-09;
4687312.4874989707023;7.4162489482887394843e-09;
4687645.8430560082197;7.3032895286928578571e-09;
4687979.1986130457371;7.3086030560887138563e-09;
4688312.5541700832546;7.4465233979026379529e-09;
4688645.909727120772;7.5908461738549704023e-09;
4688979.2652841582894;7.4537744865210697753e-09;
4689312.6208411958069;7.1939330048564897879e-09;
4689645.9763982333243;7.7246431473554366676e-09;
4689979.3319552708417;7.5801862564617294993e-09;
4690312.6875123083591;7.5585910863651406544e-09;
4690646.0430693458766;7.7736093118119242718e-09;
4690979.398626383394;7.2781349835793207603e-09;
4691312.7541834209114;7.1193673178981953242e-09;
4691646.1097404584289;7.2283010688067861338e-09;
4691979.4652974959463;7.3226882335575282923e-09;
4692312.8208545334637;7.5145294431422371417e-09;
4692646.1764115709811;7.5777757402306633594e-09;
4692979.5319686084986;7.1738166518287016515e-09;
4693312.887525646016;7.5702848434389125032e-09;
4693646.2430826835334;7.4101675906490527268e-09;
4693979.5986397210509;7.3894201868540676514e-09;
4694312.9541967585683;7.1950703173229157983e-09;
4694646.3097537960857;7.6381061475672140659e-09;
4694979.6653108336031;7.5289978695991521818e-09;
4695313.0208678711206;7.3046750870275900525e-09;
4695646.376424908638;7.1187042927078891807e-09;
4695979.7319819461554;7.5004962241109751631e-09;
4696313.0875389836729;7.8206188192098125e-09;
4696646.4430960211903;7.6128676695930153073e-09;
4696979.7986530587077;7.4177344266956879437e-09;
4697313.1542100962251;7.4746102640688150132e-09;
4697646.5097671337426;7.4976114206037891563e-09;
4697979.86532417126;7.7748110172137785412e-09;
4698313.2208812087774;8.0006730129866809875e-09;
4698646.5764382462949;7.6162525175504924846e-09;
4698979.9319952838123;7.0561645415523344127e-09;
4699313.2875523213297;7.8491098065569531173e-09;
4699646.6431093588471;7.5434023472098488128e-09;
4699979.9986663963646;7.4767116942098255095e-09;
4700313.354223433882;7.1279271374180552812e-09;
4700646.7097804713994;7.6306490015554118145e-09;
4700980.0653375089169;7.225571696523047649e-09;
4701313.4208945464343;7.3726287297404269339e-09;
4701646.7764515839517;7.9894082460896242992e-09;
4701980.1320086214691;7.4466672828066293732e-09;
4702313.4875656589866;7.6655686243043419381e-09;
4702646.843122696504;7.2745045542887964984e-09;
4702980.1986797340214;7.2301045150879872381e-09;
4703313.5542367715389;7.8976301054467512586e-09;
4703646.9097938090563;7.5684498668238120445e-09;
4703980.2653508465737;7.3194086347427855799e-09;
4704313.6209078840911;7.4080719336677702813e-09;
4704646.9764649216086;7.5772703667098539881e-09;
4704980.332021959126;7.2218151458969259693e-09;
4705313.6875789966434;7.1817605196144995716e-09;
4705647.0431360341609;7.6089641254384332569e-09;
4705980.3986930716783;7.7889463767633060343e-09;
4706313.7542501091957;7.458594630804782355e-09;
4706647.1098071467131;7.2600019329627230036e-09;
4706980.4653641842306;7.1143411162211123155e-09;
4707313.820921221748;7.4866743915436018142e-09;
4707647.1764782592654;7.5072330574244006129e-09;
4707980.5320352967829;7.6827300077297877579e-09;
4708313.8875923343003;7.3542341105792274902e-09;
4708647.2431493718177;7.6729378406525938772e-09;
4708980.5987064093351;7.5206170180308618001e-09;
4709313.9542634468526;7.6032318219176886487e-09;
4709647.30982048437;7.4240702474526187871e-09;
4709980.6653775218874;7.6635622292542393552e-09;
4710314.0209345594049;7.3852546300656740641e-09;
4710647.3764915969223;7.4080066525539223221e-09;
4710980.7320486344397;7.3439836434374683449e-09;
4711314.0876056719571;7.2880887991289000638e-09;
4711647.4431627094746;7.458332618170970818e-09;
4711980.798719746992;7.636106857944469084e-09;
4712314.1542767845094;7.4354127299613992363e-09;
4712647.5098338220268;6.9349335163337855192e-09;
4712980.8653908595443;7.3337984574095571588e-09;
4713314.2209478970617;7.5938206833825461217e-09;
4713647.5765049345791;7.4541670613825772307e-09;
4713980.9320619720966;7.7197865877565163828e-09;
4714314.287619009614;7.8104589462668627675e-09;
4714647.6431760471314;7.2582930776832199626e-09;
4714980.9987330846488;7.6153021666414133506e-09;
4715314.3542901221663;7.6978201590804928856e-09;
4715647.7098471596837;7.3280288503951851453e-09;
4715981.0654041972011;7.0383743278057409043e-09;
4716314.4209612347186;7.4790369453126004373e-09;
4716647.776518272236;7.5680510747133666882e-09;
4716981.1320753097534;7.1264998346975971799e-09;
4717314.4876323472708;7.4904233926531560428e-09;
4717647.8431893847883;7.5194019899527120288e-09;
4717981.1987464223057;7.511361310719166795e-09;
4718314.5543034598231;7.0840981969411132013e-09;
4718647.9098604973406;7.3853714255278646306e-09;
4718981.265417534858;7.1699739478958690597e-09;
4719314.6209745723754;7.1857231276339916803e-09;
4719647.9765316098928;7.2573493881122885796e-09;
4719981.3320886474103;7.3557200330753857997e-09;
4720314.6876456849277;7.5386337172744788404e-09;
4720648.0432027224451;7.6258919179394979437e-09;
4720981.3987597599626;7.2056955957577883964e-09;
4721314.75431679748;7.1598917905646430881e-09;
4721648.1098738349974;7.6328614539988848264e-09;
4721981.4654308725148;7.7399242570663773222e-09;
4722314.8209879100323;7.4097248337068322144e-09;
4722648.1765449475497;7.4447186193538072985e-09;
4722981.5321019850671;7.4360917423632599821e-09;
4723314.8876590225846;7.1935031265013549273e-09;
4723648.243216060102;7.1224444120332464081e-09;
4723981.5987730976194;6.9634880084379346954e-09;
4724314.9543301351368;7.5230888185728872486e-09;
4724648.3098871726543;7.3164390101965182112e-09;
4724981.6654442101717;7.9539219655089254957e-09;
4725315.0210012476891;6.927250773003379436e-09;
4725648.3765582852066;7.4028290164562804421e-09;
4725981.732115322724;7.2855033117491529993e-09;
4726315.0876723602414;7.1354815389668146963e-09;
4726648.4432293977588;7.460651652024807845e-09;
4726981.7987864352763;7.3989285809261673421e-09;
4727315.1543434727937;7.6002937277053206344e-09;
4727648.5099005103111;7.5164967583418729191e-09;
4727981.8654575478286;7.4075905409642928134e-09;
4728315.221014585346;7.2939809747651906946e-09;
4728648.5765716228634;7.2983130650072780554e-09;
4728981.9321286603808;7.554382897012601461e-09;
4729315.2876856978983;7.3459704985623375251e-09;
4729648.6432427354157;7.0471712909636607947e-09;
4729981.9987997729331;7.1457302297517344414e-09;
4730315.3543568104506;7.4894366264288692037e-09;
4730648.709913847968;7.1636536702612829686e-09;
4730982.0654708854854;7.405105417745971863e-09;
4731315.4210279230028;7.2468897549526900548e-09;
4731648.7765849605203;6.9146182113399845548e-09;
4731982.1321419980377;7.4206929490117090609e-09;
4732315.4876990355551;7.1997487971486862079e-09;
4732648.8432560730726;7.3785368925882721669e-09;
4732982.19881311059;7.6857542552488666843e-09;
4733315.5543701481074;7.5797332854676824354e-09;
4733648.9099271856248;7.4571664399059045536e-09;
4733982.2654842231423;7.5709367663989723951e-09;
4734315.6210412606597;7.3861237126493506366e-09;
4734648.9765982981771;7.0944596863853348623e-09;
4734982.3321553356946;7.4686248296984558692e-09;
4735315.687712373212;7.7493664818462093535e-09;
4735649.0432694107294;7.4037003194860062649e-09;
4735982.3988264482468;7.2875767642699429416e-09;
4736315.7543834857643;7.1639427723368953593e-09;
4736649.1099405232817;7.2503278936153492396e-09;
4736982.4654975607991;7.2915211646318311978e-09;
4737315.8210545983166;7.2313368626453211618e-09;
4737649.176611635834;7.4149335560491635988e-09;
4737982.5321686733514;6.8339134351447228255e-09;
4738315.8877257108688;7.3733024130717694788e-09;
4738649.2432827483863;7.5845019154030524078e-09;
4738982.5988397859037;7.4122246118690782168e-09;
4739315.9543968234211;7.3908221764895642991e-09;
4739649.3099538609385;7.0611494429329013656e-09;
4739982.665510898456;7.4780510672667332983e-09;
4740316.0210679359734;7.4582278131174462033e-09;
4740649.3766249734908;7.1069337082008132711e-09;
4740982.7321820110083;7.0196795043386828183e-09;
4741316.0877390485257;7.2577956977681878925e-09;
4741649.4432960860431;7.4003456695947988919e-09;
4741982.7988531235605;6.9676118208406023768e-09;
4742316.154410161078;7.5025790025051719567e-09;
4742649.5099671985954;6.9941745728385740222e-09;
4742982.8655242361128;7.3926531563017761073e-09;
4743316.2210812736303;7.2751307200746850867e-09;
4743649.5766383111477;7.6083219724409900664e-09;
4743982.9321953486651;7.8668342951004888164e-09;
4744316.2877523861825;7.7199757697599125095e-09;
4744649.6433094237;7.4881336686871691199e-09;
4744982.9988664612174;7.5272392763281459338e-09;
4745316.3544234987348;7.2655264027332577825e-09;
4745649.7099805362523;7.5016295397745125229e-09;
4745983.0655375737697;7.5603701077398000052e-09;
4746316.4210946112871;7.1725816397361086274e-09;
4746649.7766516488045;7.3741444062136451976e-09;
4746983.132208686322;7.1487185060448155127e-09;
4747316.4877657238394;7.3289685431632278778e-09;
4747649.8433227613568;7.11274150688723239e-09;
4747983.1988797988743;7.4104149483389392117e-09;
4748316.5544368363917;7.6216997157985133526e-09;
4748649.9099938739091;7.1722037198185262241e-09;
4748983.2655509114265;7.3291102076211700478e-09;
4749316.621107948944;7.2833277187100975425e-09;
4749649.9766649864614;7.4158843510474525829e-09;
4749983.3322220239788;7.1854833194606726465e-09;
4750316.6877790614963;7.5703248114677990088e-09;
4750650.0433360990137;7.3114154730546943028e-09;
4750983.3988931365311;7.0504277971394913038e-09;
4751316.7544501740485;7.5571833235699159559e-09;
4751650.110007211566;7.3365815644876875012e-09;
4751983.4655642490834;7.346551367248821407e-09;
4752316.8211212866008;7.3520900478740713879e-09;
4752650.1766783241183;7.2421171282144314318e-09;
4752983.5322353616357;7.3218648921624662762e-09;
4753316.8877923991531;7.4490094092993786035e-09;
4753650.2433494366705;7.2782113669234149711e-09;
4753983.598906474188;7.5798665122306374542e-09;
4754316.9544635117054;7.2945574025595760759e-09;
4754650.3100205492228;6.9225549736984248739e-09;
4754983.6655775867403;7.6216464250933313451e-09;
4755317.0211346242577;7.6726545117367095372e-09;
4755650.3766916617751;7.032194826450677283e-09;
4755983.7322486992925;7.5450454772862940445e-09;
4756317.08780573681;7.646617561363200366e-09;
4756650.4433627743274;8.2546458557430923975e-09;
4756983.7989198118448;8.6951459365991468076e-09;
4757317.1544768493623;1.2970872376172337681e-08;
4757650.5100338868797;7.6170421081656058959e-09;
4757983.8655909243971;7.5254149578540818766e-09;
4758317.2211479619145;7.4793122806227074761e-09;
4758650.576704999432;7.468126561605004099e-09;
4758983.9322620369494;7.4617529932652360003e-09;
4759317.2878190744668;7.5768573637446934299e-09;
4759650.6433761119843;7.4679817885225929786e-09;
4759983.9989331495017;7.3977068915098698199e-09;
4760317.3544901870191;7.6411792448993764992e-09;
4760650.7100472245365;7.3448220838656652631e-09;
4760984.065604262054;7.4164185903669022082e-09;
4761317.4211612995714;8.0153883530442726624e-09;
4761650.7767183370888;7.8349060572691087145e-09;
4761984.1322753746063;7.6419981454023400147e-09;
4762317.4878324121237;7.6007342642014918965e-09;
4762650.8433894496411;7.5672668131687714776e-09;
4762984.1989464871585;7.2055059696651824197e-09;
4763317.554503524676;7.5602510918315601884e-09;
4763650.9100605621934;7.612453778449435049e-09;
4763984.2656175997108;7.8104722689431582694e-09;
4764317.6211746372283;7.713333971537394973e-09;
4764650.9767316747457;8.0305957439463782066e-09;
4764984.3322887122631;7.2872823331238123501e-09;
4765317.6878457497805;7.6396622361585286853e-09;
4765651.043402787298;7.6106214663695936906e-09;
4765984.3989598248154;7.8861228658411164361e-09;
4766317.7545168623328;7.6113435554248098924e-09;
4766651.1100738998502;7.4450325904251712927e-09;
4766984.4656309373677;7.5273183242074992449e-09;
4767317.8211879748851;7.8484889698415827297e-09;
4767651.1767450124025;7.5313266734156059101e-09;
4767984.53230204992;7.5847950142815534491e-09;
4768317.8878590874374;7.4907520186684450891e-09;
4768651.2434161249548;7.4747417144749306317e-09;
4768984.5989731624722;7.1775727583656134811e-09;
4769317.9545301999897;7.2578978382864534069e-09;
4769651.3100872375071;7.5187811532373416412e-09;
4769984.6656442750245;7.1858492489695890981e-09;
4770318.021201312542;8.0849380523773106688e-09;
4770651.3767583500594;7.5725061776665825164e-09;
4770984.7323153875768;7.156961689958052375e-09;
4771318.0878724250942;7.4660668758497195086e-09;
4771651.4434294626117;7.0471837254615365964e-09;
4771984.7989865001291;7.6671975435260719678e-09;
4772318.1545435376465;7.8072481812796468148e-09;
4772651.510100575164;7.1975101434418320423e-09;
4772984.8656576126814;7.7230959405483190494e-09;
4773318.2212146501988;7.6390582748331326002e-09;
4773651.5767716877162;7.5014323641653390951e-09;
4773984.9323287252337;7.441828930865312941e-09;
4774318.2878857627511;7.6301667206735146465e-09;
4774651.6434428002685;7.6059301079567376291e-09;
4774984.998999837786;7.4926740367686761601e-09;
4775318.3545568753034;7.4335839705952366785e-09;
4775651.7101139128208;7.6568875684301929141e-09;
4775985.0656709503382;7.4611108402677928098e-09;
4776318.4212279878557;7.4276447215027019411e-09;
4776651.7767850253731;7.4572454877852578647e-09;
4776985.1323420628905;7.5127477572323186905e-09;
4777318.487899100408;7.6020967298973118886e-09;
4777651.8434561379254;7.1737029649909800355e-09;
4777985.1990131754428;7.063904128301601304e-09;
4778318.5545702129602;7.6393273928943017381e-09;
4778651.9101272504777;7.2988646238059118332e-09;
4778985.2656842879951;7.2616344048981318338e-09;
4779318.6212413255125;7.2147900986863078288e-09;
4779651.97679836303;7.2767796233108583692e-09;
4779985.3323554005474;7.6084161193534782797e-09;
4780318.6879124380648;7.2270696094278719102e-09;
4780652.0434694755822;7.7125337227812451601e-09;
4780985.3990265130997;7.3399206712565501221e-09;
4781318.7545835506171;8.1054016831672015542e-09;
4781652.1101405881345;7.6588380082398543891e-09;
4781985.465697625652;7.6099935242268657021e-09;
4782318.8212546631694;7.835263993172247865e-09;
4782652.1768117006868;7.8658946023324460839e-09;
4782985.5323687382042;7.8751725141046335921e-09;
4783318.8879257757217;7.3806241118745674612e-09;
4783652.2434828132391;7.6375554769469999883e-09;
4783985.5990398507565;7.5426864754035705118e-09;
4784318.954596888274;7.500601917342919478e-09;
4784652.3101539257914;7.1735519746596310142e-09;
4784985.6657109633088;7.2555521590800253762e-09;
4785319.0212680008262;7.1150410008158360142e-09;
4785652.3768250383437;7.3607355766114324069e-09;
4785985.7323820758611;7.2919310589725228056e-09;
4786319.0879391133785;7.3930950250655769196e-09;
4786652.443496150896;7.7258777153588198416e-09;
4786985.7990531884134;7.4709864961164385022e-09;
4787319.1546102259308;7.4194286270312659326e-09;
4787652.5101672634482;7.4152461948528980429e-09;
4787985.8657243009657;7.5409909428003629728e-09;
4788319.2212813384831;7.6006276827911278815e-09;
4788652.5768383760005;7.6959274508681119187e-09;
4788985.932395413518;7.3755952456622253521e-09;
4789319.2879524510354;7.5102137842009142332e-09;
4789652.6435094885528;7.1673920132298007957e-09;
4789985.9990665260702;7.1276766711036998458e-09;
4790319.3546235635877;7.4938713012784319289e-09;
4790652.7101806011051;7.7780075713462792919e-09;
4790986.0657376386225;7.5518356013049015019e-09;
4791319.42129467614;7.1820251967835702089e-09;
4791652.7768517136574;7.6769017809397155361e-09;
4791986.1324087511748;7.6546413652067712974e-09;
4792319.4879657886922;8.0225728282812269754e-09;
4792652.8435228262097;7.8147266435735218693e-09;
4792986.1990798637271;7.5054522596929018619e-09;
4793319.5546369012445;7.4493105017836569459e-09;
4793652.9101939387619;7.3877850503833997209e-09;
4793986.2657509762794;7.8218000965080136666e-09;
4794319.6213080137968;7.4112218584332367755e-09;
4794652.9768650513142;7.0783507943872336909e-09;
4794986.3324220888317;6.8362311367309303023e-09;
4795319.6879791263491;7.3033534775390762661e-09;
4795653.0435361638665;7.3387860233253832121e-09;
4795986.3990932013839;7.2782881943567190319e-09;
4796319.7546502389014;7.5278343558693450177e-09;
4796653.1102072764188;7.1782793042984849308e-09;
4796986.4657643139362;7.0262551332689326955e-09;
4797319.8213213514537;7.6059567533093286329e-09;
4797653.1768783889711;7.1472872065214687609e-09;
4797986.5324354264885;7.3014292389927959448e-09;
4798319.8879924640059;7.1809655999288679595e-09;
4798653.2435495015234;7.3559398572342615807e-09;
4798986.5991065390408;7.4769479496694657428e-09;
4799319.9546635765582;7.287026537738938714e-09;
4799653.3102206140757;7.0826171594262632425e-09;
4799986.6657776515931;7.9098620986428613833e-09;
4800320.0213346891105;7.0418249009662758908e-09;
4800653.3768917266279;7.2539205753230362461e-09;
4800986.7324487641454;7.7052888514117512386e-09;
4801320.0880058016628;7.1410117818970775261e-09;
4801653.4435628391802;7.5493415963023835502e-09;
4801986.7991198766977;7.1470984686072824843e-09;
4802320.1546769142151;8.0544868552578918752e-09;
4802653.5102339517325;7.3364270214426596795e-09;
4802986.8657909892499;7.1830346115575594013e-09;
4803320.2213480267674;7.4868449218001842382e-09;
4803653.5769050642848;7.5335764293527063273e-09;
4803986.9324621018022;7.9338962066799467721e-09;
4804320.2880191393197;8.2159603564946337428e-09;
4804653.6435761768371;7.3140102863078482187e-09;
4804986.9991332143545;7.1393309042377950391e-09;
4805320.3546902518719;7.3269217359950289392e-09;
4805653.7102472893894;7.3788739562985483644e-09;
4805987.0658043269068;6.9723258278031607915e-09;
4806320.4213613644242;7.8780084677987360919e-09;
4806653.7769184019417;6.9340324593269997422e-09;
4806987.1324754394591;7.5770172358602394524e-09;
4807320.4880324769765;7.4753980783270890242e-09;
4807653.8435895144939;7.8873974018733861158e-09;
4807987.1991465520114;7.6161850159905952751e-09;
4808320.5547035895288;7.5073645078305162315e-09;
4808653.9102606270462;7.5165491608686352265e-09;
4808987.2658176645637;7.2090635683252912713e-09;
4809320.6213747020811;7.801476797908435401e-09;
4809653.9769317395985;7.1901551379482953053e-09;
4809987.3324887771159;7.3628179109164193505e-09;
4810320.6880458146334;7.1370487297883755673e-09;
4810654.0436028521508;7.2433006259586818487e-09;
4810987.3991598896682;7.3955241930434567621e-09;
4811320.7547169271857;7.7044770563361453242e-09;
4811654.1102739647031;7.4718133902251793188e-09;
4811987.4658310022205;7.6340009869113600871e-09;
4812320.8213880397379;7.4365620328364911984e-09;
4812654.1769450772554;7.385189793041035955e-09;
4812987.5325021147728;7.270160917727253036e-09;
4813320.8880591522902;7.46472927914965112e-09;
4813654.2436161898077;6.8537149289227272675e-09;
4813987.5991732273251;7.7551538524289753695e-09;
4814320.9547302648425;7.7684081389861603384e-09;
4814654.3102873023599;7.4937664962249073142e-09;
4814987.6658443398774;7.3001209521805776603e-09;
4815321.0214013773948;7.7164914458194289182e-09;
4815654.3769584149122;7.4975980979274936544e-09;
4815987.7325154524297;7.0068661983668789617e-09;
4816321.0880724899471;7.3844761416808069043e-09;
4816654.4436295274645;6.8004526454501501576e-09;
4816987.7991865649819;7.5350454764588903345e-09;
4817321.1547436024994;7.5904864615949918516e-09;
4817654.5103006400168;7.3212862439220316446e-09;
4817987.8658576775342;7.5190982329331745859e-09;
4818321.2214147150517;7.238479593496549569e-09;
4818654.5769717525691;7.066982110615072088e-09;
4818987.9325287900865;7.3673849243505173945e-09;
4819321.2880858276039;7.4390968940463153558e-09;
4819654.6436428651214;6.9480914355324330245e-09;
4819987.9991999026388;7.059797635378117775e-09;
4820321.3547569401562;7.4252963777610148099e-09;
4820654.7103139776736;7.1094810039085132303e-09;
4820988.0658710151911;7.236203636296067998e-09;
4821321.4214280527085;6.982180611458943531e-09;
4821654.7769850902259;7.3672814515646223299e-09;
4821988.1325421277434;7.3013906032315389893e-09;
4822321.4880991652608;7.4285320117439823662e-09;
4822654.8436562027782;7.250799072267000156e-09;
4822988.1992132402956;7.4186856657831867778e-09;
4823321.5547702778131;7.553361491829946317e-09;
4823654.9103273153305;7.3364785357910022867e-09;
4823988.2658843528479;7.2769075210032951873e-09;
4824321.6214413903654;7.7915469631761880009e-09;
4824654.9769984278828;7.5536128463227214525e-09;
4824988.3325554654002;7.6145267868810151413e-09;
4825321.6881125029176;7.126174317306777084e-09;
4825655.0436695404351;7.4248660553166700993e-09;
4825988.3992265779525;7.5236963326119621343e-09;
4826321.7547836154699;7.3328965122243516817e-09;
4826655.1103406529874;7.5526980225504303235e-09;
4826988.4658976905048;7.4326047538875172904e-09;
4827321.8214547280222;7.384268307930597075e-09;
4827655.1770117655396;7.4799562099769900669e-09;
4827988.5325688030571;7.5245818464964031591e-09;
4828321.8881258405745;7.2416721508261616691e-09;
4828655.2436828780919;6.9255108314791868906e-09;
4828988.5992399156094;7.8448501028560713166e-09;
4829321.9547969531268;8.208415280819281179e-09;
4829655.3103539906442;7.2644796844656411849e-09;
4829988.6659110281616;6.9723871121141201002e-09;
4830322.0214680656791;7.2653221216967267537e-09;
4830655.3770251031965;7.5723729509036274976e-09;
4830988.7325821407139;7.3454158311392347969e-09;
4831322.0881391782314;6.8576895273508853279e-09;
4831655.4436962157488;8.2536448786640903563e-09;
4831988.7992532532662;7.2603461021003568021e-09;
4832322.1548102907836;7.4138655214994741982e-09;
4832655.5103673283011;7.4550055018107741489e-09;
4832988.8659243658185;7.1595898099019450456e-09;
4833322.2214814033359;6.9500933896904371068e-09;
4833655.5770384408534;7.8630071342900009768e-09;
4833988.9325954783708;7.3147168322407196683e-09;
4834322.2881525158882;7.1789725275550608785e-09;
4834655.6437095534056;6.976442534778470872e-09;
4834988.9992665909231;7.6378103841534539242e-09;
4835322.3548236284405;7.0430372645091665618e-09;
4835655.7103806659579;7.6325665787635443849e-09;
4835989.0659377034754;7.2744277268554924376e-09;
4836322.4214947409928;7.2230585956845061446e-09;
4836655.7770517785102;7.3466672745325922733e-09;
4836989.1326088160276;7.4907395841705692874e-09;
4837322.4881658535451;7.5154398260224297701e-09;
4837655.8437228910625;7.1853318850401137752e-09;
4837989.1992799285799;7.4996266974380887405e-09;
4838322.5548369660974;7.4616348655354158836e-09;
4838655.9103940036148;7.0944969898789622675e-09;
4838989.2659510411322;7.4480541734089911188e-09;
4839322.6215080786496;7.5506019214799380279e-09;
4839655.9770651161671;7.6071460242133071006e-09;
4839989.3326221536845;7.3328836336372660298e-09;
4840322.6881791912019;7.3893295926552582387e-09;
4840656.0437362287194;7.0358154857785848435e-09;
4840989.3992932662368;7.4657124926602591586e-09;
4841322.7548503037542;7.3446670967314275913e-09;
4841656.1104073412716;7.3571935210736683075e-09;
4841989.4659643787891;7.5898460849543880613e-09;
4842322.8215214163065;7.2492198910367733333e-09;
4842656.1770784538239;7.088181153136474677e-09;
4842989.5326354913414;7.7298283329696459987e-09;
4843322.8881925288588;7.7474471282812373829e-09;
4843656.2437495663762;7.3481518647611210326e-09;
4843989.5993066038936;7.5493815643312700558e-09;
4844322.9548636414111;7.6234938362063076056e-09;
4844656.3104206789285;7.1113421817869948427e-09;
4844989.6659777164459;7.7680528676182802883e-09;
4845323.0215347539634;7.2309300769290985045e-09;
4845656.3770917914808;7.7459905156729291775e-09;
4845989.7326488289982;7.2182513299878792168e-09;
4846323.0882058665156;7.6000130633246953948e-09;
4846656.4437629040331;7.3369168518411242985e-09;
4846989.7993199415505;7.1509793642121621815e-09;
4847323.1548769790679;7.4338974975773908227e-09;
4847656.5104340165854;7.2682579954630455177e-09;
4847989.8659910541028;7.1373120746898166544e-09;
4848323.2215480916202;7.1720900329808046081e-09;
4848656.5771051291376;7.9640729566676782269e-09;
4848989.9326621666551;7.1169536930426602339e-09;
4849323.2882192041725;7.1710317683937319089e-09;
4849656.6437762416899;7.6360260337082763726e-09;
4849989.9993332792073;7.2612773571734123834e-09;
4850323.3548903167248;7.5257977627529726306e-09;
4850656.7104473542422;7.6699731010876348591e-09;
4850990.0660043917596;7.4779986647399709909e-09;
4851323.4215614292771;7.4165358299183026247e-09;
4851656.7771184667945;7.6771984325318953779e-09;
4851990.1326755043119;7.4940951222401963605e-09;
4852323.4882325418293;7.9334361302585421072e-09;
4852656.8437895793468;7.9536990327255807642e-09;
4852990.1993466168642;7.692291248417859606e-09;
4853323.5549036543816;7.7779391816079623823e-09;
4853656.9104606918991;7.5207102767649303132e-09;
4853990.2660177294165;7.6356503342367432197e-09;
4854323.6215747669339;7.1480781294042117224e-09;
4854656.9771318044513;7.5498585161426490231e-09;
4854990.3326888419688;7.0444232669331086072e-09;
4855323.6882458794862;7.5044770397880711243e-09;
4855657.0438029170036;7.8121873414715992112e-09;
4855990.3993599545211;7.3478676476668169926e-09;
4856323.7549169920385;7.0314536415594375285e-09;
4856657.1104740295559;7.4557906515337890596e-09;
4856990.4660310670733;7.4514829861982434522e-09;
4857323.8215881045908;7.2738015610696038493e-09;
4857657.1771451421082;7.2384924720836352208e-09;
4857990.5327021796256;7.453538231061429542e-09;
4858323.8882592171431;7.3625461283199911122e-09;
4858657.2438162546605;7.338579521842802933e-09;
4858990.5993732921779;7.4072130651359202602e-09;
4859323.9549303296953;7.5446484615326880885e-09;
4859657.3104873672128;7.4697004137647127209e-09;
4859990.6660444047302;7.2948265206207452138e-09;
4860324.0216014422476;7.350643649317589734e-09;
4860657.3771584797651;7.2167805065248558094e-09;
4860990.7327155172825;7.5313923986186637194e-09;
4861324.0882725547999;7.8841555506414806587e-09;
4861657.4438295923173;7.0146497499479210092e-09;
4861990.7993866298348;7.4738091271342455002e-09;
4862324.1549436673522;7.4869106470032420475e-09;
4862657.5105007048696;7.7146342647438359563e-09;
4862990.8660577423871;7.4043899900289034122e-09;
4863324.2216147799045;7.3367236730348395213e-09;
4863657.5771718174219;7.5322663661836486426e-09;
4863990.9327288549393;7.3720070048466368462e-09;
4864324.2882858924568;7.252926703671391806e-09;
4864657.6438429299742;7.4715904574418345874e-09;
4864990.9993999674916;7.3171460002185995108e-09;
4865324.3549570050091;7.2761534575249697809e-09;
4865657.7105140425265;7.1527508360702540813e-09;
4865991.0660710800439;7.4478316847148562374e-09;
4866324.4216281175613;7.1868972995048352459e-09;
4866657.7771851550788;6.5848095864851075021e-09;
4866991.1327421925962;7.4591453014249964326e-09;
4867324.4882992301136;7.4284538520430487551e-09;
4867657.8438562676311;7.4614119327520711522e-09;
4867991.1994133051485;7.179287830894054423e-09;
4868324.5549703426659;7.5560686596531922987e-09;
4868657.9105273801833;7.0983618982722873625e-09;
4868991.2660844177008;7.2470935919000112335e-09;
4869324.6216414552182;7.1210308760782936588e-09;
4869657.9771984927356;7.4352164425306455087e-09;
4869991.3327555302531;7.6388708691865758738e-09;
4870324.6883125677705;7.4109616221562646388e-09;
4870658.0438696052879;7.3030839153886972781e-09;
4870991.3994266428053;7.4121722093423159095e-09;
4871324.7549836803228;7.420523751022756187e-09;
4871658.1105407178402;7.3530714850278400263e-09;
4871991.4660977553576;7.7010264831756103376e-09;
4872324.8216547928751;7.945626379068926326e-09;
4872658.1772118303925;7.416757430434017806e-09;
4872991.5327688679099;7.1773964549493030063e-09;
4873324.8883259054273;7.0410455244029890309e-09;
4873658.2438829429448;7.1017169922527045856e-09;
4873991.5994399804622;7.290317238783927678e-09;
4874324.9549970179796;6.9708439021098911326e-09;
4874658.3105540554971;7.2625785385582730669e-09;
4874991.6661110930145;7.1556289782392923371e-09;
4875325.0216681305319;7.4025559015922226536e-09;
4875658.3772251680493;7.3999686378556361888e-09;
4875991.7327822055668;7.2347674517914128955e-09;
4876325.0883392430842;7.4684409767655779433e-09;
4876658.4438962806016;7.7455961644545823219e-09;
4876991.799453318119;6.899208315758187382e-09;
4877325.1550103556365;7.5763253448712930549e-09;
4877658.5105673931539;7.5669479571160991327e-09;
4877991.8661244306713;7.4076553779889309226e-09;
4878325.2216814681888;7.0784129668766126997e-09;
4878658.5772385057062;7.2448531618363176676e-09;
4878991.9327955432236;7.1267249879269911617e-09;
4879325.288352580741;7.8697510730307840277e-09;
4879658.6439096182585;7.7033401879589291639e-09;
4879991.9994666557759;7.2897150538153709931e-09;
4880325.3550236932933;7.3460868499353182415e-09;
4880658.7105807308108;6.9852843509465856187e-09;
4880992.0661377683282;7.6963333484059148759e-09;
4881325.4216948058456;7.1491079722818540176e-09;
4881658.777251843363;7.3206947170945113612e-09;
4881992.1328088808805;7.4791683957187160559e-09;
4882325.4883659183979;7.1234453891122484492e-09;
4882658.8439229559153;7.4314558951016351784e-09;
4882992.1994799934328;7.5776558361440038425e-09;
4883325.5550370309502;7.2558323793714407657e-09;
4883658.9105940684676;6.9972960758946101123e-09;
4883992.266151105985;7.5217929662585447659e-09;
4884325.6217081435025;7.8157151861546481086e-09;
4884658.9772651810199;7.6199997423032073129e-09;
4884992.3328222185373;7.740781349241387943e-09;
4885325.6883792560548;7.2461388000988335989e-09;
4885659.0439362935722;6.7969412320678657125e-09;
4885992.3994933310896;7.4903576674500982335e-09;
4886325.755050368607;7.3533685807092297182e-09;
4886659.1106074061245;7.3490813434773372137e-09;
4886992.4661644436419;7.5755535178245736461e-09;
4887325.8217214811593;7.2619914526228512841e-09;
4887659.1772785186768;7.1742700669119585655e-09;
4887992.5328355561942;7.5512254227305675158e-09;
4888325.8883925937116;6.9910544020501674822e-09;
4888659.243949631229;7.3700259228814957169e-09;
4888992.5995066687465;7.2998003197710659151e-09;
4889325.9550637062639;7.420927872203719744e-09;
4889659.3106207437813;7.0316268363512790529e-09;
4889992.6661777812988;7.1581687244304248452e-09;
4890326.0217348188162;7.6066379861572386289e-09;
4890659.3772918563336;7.284863379197759059e-09;
4890992.732848893851;7.0361489967751822405e-09;
4891326.0884059313685;7.8361450661645903892e-09;
4891659.4439629688859;7.0116805694908634905e-09;
4891992.7995200064033;7.0635564064502887049e-09;
4892326.1550770439208;7.4732184884851449169e-09;
4892659.5106340814382;7.3722921101193605864e-09;
4892992.8661911189556;7.2613155488454594888e-09;
4893326.221748156473;7.5378654429414382321e-09;
4893659.5773051939905;7.3475323603133801953e-09;
4893992.9328622315079;6.8128285235502517025e-09;
4894326.2884192690253;7.4702910524138133042e-09;
4894659.6439763065428;7.2425119235219881375e-09;
4894992.9995333440602;7.4896737700669291371e-09;
4895326.3550903815776;7.3889268037419242319e-09;
4895659.710647419095;7.1841075310885571525e-09;
4895993.0662044566125;7.4856085774399616639e-09;
4896326.4217614941299;7.4640604807996169257e-09;
4896659.7773185316473;7.0500685289687226032e-09;
4896993.1328755691648;7.7128596842612751061e-09;
4897326.4884326066822;6.8212955284252529964e-09;
4897659.8439896441996;6.7047238871964509599e-09;
4897993.199546681717;7.2758719049659248412e-09;
4898326.5551037192345;7.689021863654943445e-09;
4898659.9106607567519;7.8024218197469963343e-09;
4898993.2662177942693;7.1073706919833057327e-09;
4899326.6217748317868;7.0996710732629253471e-09;
4899659.9773318693042;7.1976113957816778566e-09;
4899993.3328889068216;7.3910042530656028248e-09;
4900326.688445944339;7.5540373956073381123e-09;
4900660.0440029818565;7.6692989736670824641e-09;
4900993.3995600193739;7.5202342131319710461e-09;
4901326.7551170568913;9.8299173245663951093e-09;
4901660.1106740944088;8.1069968516089829791e-09;
4901993.4662311319262;7.5886061878804866865e-09;
4902326.8217881694436;7.2144352714076376287e-09;
4902660.177345206961;7.4193113874798655161e-09;
4902993.5329022444785;7.1431198733762357733e-09;
4903326.8884592819959;7.0884427216810763639e-09;
4903660.2440163195133;7.1074954810512736003e-09;
4903993.5995733570307;7.4764754387501852761e-09;
4904326.9551303945482;7.0196546353429312148e-09;
4904660.3106874320656;7.4139174799370266555e-09;
4904993.666244469583;7.1717751737310209137e-09;
4905327.0218015071005;7.0895760373446137237e-09;
4905660.3773585446179;6.7908425549489948025e-09;
4905993.7329155821353;7.6733286391572619323e-09;
4906327.0884726196527;7.1020163083801435278e-09;
4906660.4440296571702;7.2449295451804118784e-09;
4906993.7995866946876;7.0151302544729787769e-09;
4907327.155143732205;7.5247408304335294815e-09;
4907660.5107007697225;7.286373726600459122e-09;
4907993.8662578072399;7.3705956893377333472e-09;
4908327.2218148447573;7.5431900725675404829e-09;
4908660.5773718822747;7.229444154432940195e-09;
4908993.9329289197922;7.7484134664018711192e-09;
4909327.2884859573096;7.1451906613617666153e-09;
4909660.644042994827;6.8961063526273846946e-09;
4909993.9996000323445;7.3566766012334028346e-09;
4910327.3551570698619;7.1768542220240760798e-09;
4910660.7107141073793;6.8725234392275069695e-09;
4910994.0662711448967;7.2627570624206327921e-09;
4911327.4218281824142;7.8252222479591182491e-09;
4911660.7773852199316;7.4403647687404372846e-09;
4911994.132942257449;7.1543468926904552063e-09;
4912327.4884992949665;7.4615957856849490781e-09;
4912660.8440563324839;7.3433770175768131594e-09;
4912994.1996133700013;7.0666219542658836872e-09;
4913327.5551704075187;7.3666215349987851368e-09;
4913660.9107274450362;7.3347905527043621987e-09;
4913994.2662844825536;7.5174737546035430569e-09;
4914327.621841520071;7.3758545937607777887e-09;
4914660.9773985575885;7.2810251161570249678e-09;
4914994.3329555951059;7.0346288794098654762e-09;
4915327.6885126326233;7.314331362806569814e-09;
4915661.0440696701407;6.9343975006574964937e-09;
4915994.3996267076582;6.9816654679755174584e-09;
4916327.7551837451756;7.8044237739050004166e-09;
4916661.110740782693;7.2647985405183135299e-09;
4916994.4662978202105;7.606184126984771865e-09;
4917327.8218548577279;7.5276753719322186953e-09;
4917661.1774118952453;7.1402590506863816699e-09;
4917994.5329689327627;7.2470807133129255817e-09;
4918327.8885259702802;7.337380925065417614e-09;
4918661.2440830077976;8.0454647388705780031e-09;
4918994.599640045315;7.0634449400586163392e-09;
4919327.9551970828325;6.9868306695752835367e-09;
4919661.3107541203499;7.3868502425966653391e-09;
4919994.6663111578673;7.5127735144064899941e-09;
4920328.0218681953847;6.894349979802427697e-09;
4920661.3774252329022;7.2527610583961177326e-09;
4920994.7329822704196;7.8268724834629210818e-09;
4921328.088539307937;7.7265696063477662392e-09;
4921661.4440963454545;7.4923844906038539193e-09;
4921994.7996533829719;7.5596933157839885098e-09;
4922328.1552104204893;7.7085386962494339969e-09;
4922661.5107674580067;7.7051671709682523215e-09;
4922994.8663244955242;7.5490893536311887146e-09;
4923328.2218815330416;7.6980102292623087124e-09;
4923661.577438570559;6.8636070160721374123e-09;
4923994.9329956080765;7.6059034626041466254e-09;
4924328.2885526455939;7.3219550422720658389e-09;
4924661.6441096831113;7.2126864480992480821e-09;
4924994.9996667206287;7.0789227812895205716e-09;
4925328.3552237581462;6.996988766161393869e-09;
4925661.7107807956636;7.1213812624648653582e-09;
4925995.066337833181;7.298210480399802691e-09;
4926328.4218948706985;7.473913932187770115e-09;
4926661.7774519082159;7.206607310905610575e-09;
4926995.1330089457333;7.7120869690361359972e-09;
4927328.4885659832507;7.4795618587586432113e-09;
4927661.8441230207682;7.0528187734453240409e-09;
4927995.1996800582856;7.2173764742444745934e-09;
4928328.555237095803;7.6277268945545984025e-09;
4928661.9107941333205;7.6582322705576189037e-09;
4928995.2663511708379;7.1152537195473541942e-09;
4929328.6219082083553;7.2041768106601011823e-09;
4929661.9774652458727;6.8163243938101913955e-09;
4929995.3330222833902;7.7593513836404781614e-09;
4930328.6885793209076;7.7194606262764864368e-09;
4930662.044136358425;7.5162454038490977837e-09;
4930995.3996933959424;7.0890902037490377552e-09;
4931328.7552504334599;7.572865001748141367e-09;
4931662.1108074709773;7.3727584037897031521e-09;
4931995.4663645084947;7.4520327686400378298e-09;
4932328.8219215460122;7.0867121060302906699e-09;
4932662.1774785835296;7.9524413720832853869e-09;
4932995.533035621047;7.0647105943066890177e-09;
4933328.8885926585644;7.1504264731458988535e-09;
4933662.2441496960819;7.4823089946107756987e-09;
4933995.5997067335993;7.4765011959243565798e-09;
4934328.9552637711167;7.2115464710975629714e-09;
4934662.3108208086342;7.2966335196156251186e-09;
4934995.6663778461516;7.2247594573582318844e-09;
4935329.021934883669;7.3232415687130014703e-09;
4935662.3774919211864;7.427487958011624869e-09;
4935995.7330489587039;7.3972130643085165502e-09;
4936329.0886059962213;6.9699379601217970048e-09;
4936662.4441630337387;7.6602644227818927902e-09;
4936995.7997200712562;7.3111197096409341611e-09;
4937329.1552771087736;7.2292789532468759717e-09;
4937662.510834146291;7.1475634300099954999e-09;
4937995.8663911838084;7.1049237604370318877e-09;
4938329.2219482213259;7.4306201192086973606e-09;
4938662.5775052588433;7.5775501429120595276e-09;
4938995.9330622963607;7.4112871395470847347e-09;
4939329.2886193338782;7.0045031996812667785e-09;
4939662.6441763713956;7.4295893881526353653e-09;
4939995.999733408913;7.4624999513162038056e-09;
4940329.3552904464304;7.1552896940829668893e-09;
4940662.7108474839479;7.3779147236052722292e-09;
4940996.0664045214653;7.3543895418026750121e-09;
4941329.4219615589827;7.3806889488992055703e-09;
4941662.7775185965002;7.3030839153886972781e-09;
4941996.1330756340176;7.347764618970131778e-09;
4942329.488632671535;7.1565091630532151612e-09;
4942662.8441897090524;7.0530665752244203759e-09;
4942996.1997467465699;7.5357471374104534334e-09;
4943329.5553037840873;7.6495600964676668809e-09;
4943662.9108608216047;7.1852053196153065073e-09;
4943996.2664178591222;7.5181079139952089463e-09;
4944329.6219748966396;7.0361121373707646853e-09;
4944662.977531934157;7.4264572269555628736e-09;
4944996.3330889716744;7.3935755295906346873e-09;
4945329.6886460091919;7.3814283574336059246e-09;
4945663.0442030467093;7.5011952205272791616e-09;
4945996.3997600842267;7.0622414582999226695e-09;
4946329.7553171217442;7.3882260309687808331e-09;
4946663.1108741592616;7.5344228633866805467e-09;
4946996.466431196779;7.1707799698117469234e-09;
4947329.8219882342964;7.4332446864389112307e-09;
4947663.1775452718139;7.9016819753974232299e-09;
4947996.5331023093313;7.4003456695947988919e-09;
4948329.8886593468487;7.1039378823911647487e-09;
4948663.2442163843662;7.3553714230456535006e-09;
4948996.5997734218836;7.7289730171514747781e-09;
4949329.955330459401;7.4993371512732664996e-09;
4949663.3108874969184;8.0081958842015410482e-09;
4949996.6664445344359;7.752171349295622349e-09;
4950330.0220015719533;7.5738766369681798096e-09;
4950663.3775586094707;7.6109420987791054358e-09;
4950996.7331156469882;7.5988788594827383349e-09;
4951330.0886726845056;7.0640404636890252732e-09;
4951663.444229722023;7.1469603568630191148e-09;
4951996.7997867595404;7.4085275691970764456e-09;
4952330.1553437970579;7.4477402023376271245e-09;
4952663.5109008345753;7.373509358643559608e-09;
4952996.8664578720927;7.7231234740793297533e-09;
4953330.2220149096102;7.6074000432413413364e-09;
4953663.5775719471276;7.4090609203381063708e-09;
4953996.933128984645;7.3290071789244848333e-09;
4954330.2886860221624;7.3202315320486377459e-09;
4954663.6442430596799;7.5918462627555527433e-09;
4954996.9998000971973;7.5856609882407610712e-09;
4955330.3553571347147;7.7268138554131837736e-09;
4955663.7109141722322;7.2673898010577886453e-09;
4955997.0664712097496;7.314061800656190826e-09;
4956330.422028247267;7.4342629829970974242e-09;
4956663.7775852847844;7.7849380275551993691e-09;
4956997.1331423223019;7.5656050313455125433e-09;
4957330.4886993598193;7.5323720594155929575e-09;
4957663.8442563973367;7.2048731425411460805e-09;
4957997.1998134348541;7.3236918751717894338e-09;
4958330.5553704723716;7.6436768026155732514e-09;
4958663.910927509889;7.1244219412847087369e-09;
4958997.2664845474064;7.2804877682131063921e-09;
4959330.6220415849239;7.5456556558606280305e-09;
4959663.9775986224413;7.63934071557059724e-09;
4959997.3331556599587;7.0532397700162619003e-09;
4960330.6887126974761;7.6824067107850169123e-09;
4960664.0442697349936;7.0213319602885349013e-09;
4960997.399826772511;7.4406782957225914288e-09;
4961330.7553838100284;7.1471615292750811932e-09;
4961664.1109408475459;7.5468218341256942949e-09;
4961997.4664978850633;6.6912981822042638669e-09;
4962330.8220549225807;7.4645845060672399995e-09;
4962664.1776119600981;7.5459469783822896716e-09;
4962997.5331689976156;7.8168005401835216617e-09;
4963330.888726035133;7.1681980351456786593e-09;
4963664.2442830726504;7.5112165376367556746e-09;
4963997.5998401101679;7.3914976361777462444e-09;
4964330.9553971476853;7.1175039195736644615e-09;
4964664.3109541852027;7.1145414004547546938e-09;
4964997.6665112227201;7.277700220242877549e-09;
4965331.0220682602376;7.4132793237424721156e-09;
4965664.377625297755;7.3824657498278156709e-09;
4965997.7331823352724;7.3358985552829381049e-09;
4966331.0887393727899;7.8102386780187771365e-09;
4966664.4442964103073;7.4178259090729170566e-09;
4966997.7998534478247;7.6255162184679647908e-09;
4967331.1554104853421;7.2183401478298492293e-09;
4967664.5109675228596;7.3749863993555209163e-09;
4967997.866524560377;7.3078583184837953013e-09;
4968331.2220815978944;7.3457124827314146387e-09;
4968664.5776386354119;7.7769142237116284377e-09;
4968997.9331956729293;6.9864625196203178348e-09;
4969331.2887527104467;7.4864505705818373826e-09;
4969664.6443097479641;7.4919368486803250562e-09;
4969997.9998667854816;7.1102430609926159377e-09;
4970331.355423822999;7.6543997806766128633e-09;
4970664.7109808605164;7.1963723868861961819e-09;
4970998.0665378980339;7.3291230862082556996e-09;
4971331.4220949355513;7.7904651618609932484e-09;
4971664.7776519730687;7.5231145757470585522e-09;
4971998.1332090105861;7.5028419033174031938e-09;
4972331.4887660481036;7.5710033797804499045e-09;
4972664.844323085621;7.8294029037806467386e-09;
4972998.1998801231384;8.0506108446343205287e-09;
4973331.5554371606559;1.576989028251318814e-08;
4973664.9109941981733;1.2413541305988928798e-08;
4973998.2665512356907;7.6461477149791789998e-09;
4974331.6221082732081;7.1653150079953320528e-09;
4974664.9776653107256;7.5454167358657286968e-09;
4974998.333222348243;7.4550579043375364563e-09;
4975331.6887793857604;7.2527868155702890363e-09;
4975665.0443364232779;7.1092065567768258916e-09;
4975998.3998934607953;7.2237948955944375484e-09;
4976331.7554504983127;6.9677583702798528975e-09;
4976665.1110075358301;7.4525043913808985963e-09;
4976998.4665645733476;7.6239228263830227661e-09;
4977331.822121610865;7.1621562014456685574e-09;
4977665.1776786483824;7.5430710566593006661e-09;
4977998.5332356858999;7.5421171530365427316e-09;
4978331.8887927234173;7.3102595088414545899e-09;
4978665.2443497609347;7.4366406366266346595e-09;
4978998.5999067984521;7.5343704608599182393e-09;
4979331.9554638359696;7.5025790025051719567e-09;
4979665.311020873487;7.9147968179427152791e-09;
4979998.6665779110044;7.5307839964011691336e-09;
4980332.0221349485219;7.9216269099902092421e-09;
4980665.3776919860393;7.2322006161584795336e-09;
4980998.7332490235567;7.2140680096310916269e-09;
4981332.0888060610741;7.4096595525929842552e-09;
4981665.4443630985916;6.6614371796447358065e-09;
4981998.799920136109;7.107096244851618394e-09;
4982332.1554771736264;7.1490826591968925641e-09;
4982665.5110342111439;7.0810495245154925215e-09;
4982998.8665912486613;7.4792074755691828614e-09;
4983332.2221482861787;7.2962618169469806162e-09;
4983665.5777053236961;7.1718253558117339708e-09;
4983998.9332623612136;7.8146857873662156635e-09;
4984332.288819398731;7.4282056061747425701e-09;
4984665.6443764362484;7.7838713252731395187e-09;
4984998.9999334737659;7.5326500592609590967e-09;
4985332.3554905112833;7.0428765042152008391e-09;
4985665.7110475488007;6.9411618675019326474e-09;
4985999.0666045863181;6.9407106728647249838e-09;
4986332.4221616238356;7.6753110533900326118e-09;
4986665.777718661353;7.2875385725978958362e-09;
4986999.1332756988704;6.5781269320552837598e-09;
4987332.4888327363878;6.8595689128869707929e-09;
4987665.8443897739053;7.2888317603769792186e-09;
4987999.1999468114227;7.220572140198555644e-09;
4988332.5555038489401;7.314806982350319231e-09;
4988665.9110608864576;7.1545356306046414829e-09;
4988999.266617923975;6.9566286065025906282e-09;
4989332.6221749614924;7.4861876697696061456e-09;
4989665.9777319990098;7.1213310803841523011e-09;
4989999.3332890365273;7.5591355397364168311e-09;
4990332.6888460740447;7.05600378125836869e-09;
4990666.0444031115621;7.2048478294561846269e-09;
4990999.3999601490796;7.2345387458483401133e-09;
4991332.755517186597;7.3471837502836478961e-09;
4991666.1110742241144;7.4397763505373859516e-09;
4991999.4666312616318;7.4786292714179580798e-09;
4992332.8221882991493;7.6262800519089068985e-09;
4992666.1777453366667;7.488949904654873535e-09;
4992999.5333023741841;7.6033384033280526637e-09;
4993332.8888594117016;7.2634076531130631338e-09;
4993666.244416449219;7.0665104878742113215e-09;
4993999.5999734867364;7.4294979057754062524e-09;
4994332.9555305242538;6.9585963657914362557e-09;
4994666.3110875617713;7.6570492169025783369e-09;
4994999.6666445992887;7.7290547295660871896e-09;
4995333.0222016368061;7.5800397070224789786e-09;
4995666.3777586743236;7.0368288973554626864e-09;
4995999.733315711841;7.4724573195794619096e-09;
4996333.0888727493584;7.2803088002615368168e-09;
4996666.4444297868758;7.8498132438653556164e-09;
4996999.7999868243933;7.3463448657662411279e-09;
4997333.1555438619107;7.2664709804826088657e-09;
4997666.5111008994281;6.8707852740601538244e-09;
4997999.8666579369456;7.224238984804287611e-09;
4998333.222214974463;7.3983827952872616152e-09;
4998666.5777720119804;7.1666113043988843856e-09;
4998999.9333290494978;7.6355703981789702084e-09;
4999333.2888860870153;6.7789711621912829287e-09;
4999666.6444431245327;7.3423063184918646584e-09;
5000000.0000001620501;6.8622809656915251253e-09;
