Type;FSVA3030;
Version;2.20SP2;
Date;07.Apr 2026;
Mode;ANALYZER;
Preamplifier;ON;
Transducer;OFF;
Center Freq;2500000.000000;Hz
Freq Offset;0.000000;Hz
Start;0.000000;Hz
Stop;5000000.000000;Hz
Span;5000000.000000;Hz
Ref Level;0.000078;V
Level Offset;0.000000;dB
Rf Att;0.000000;dB
El Att;0.000000;dB
RBW;1.000000;Hz
VBW;50000.000000;Hz
SWT;58.600000;s
Sweep Count;0;
Window;1;Frequency Sweep
Ref Position;93.000000;%
Level Range;120.000000;dB
x-Axis;LIN;
y-Axis;LOG;
x-Unit;Hz;
y-Unit;V;
Trace;1;
Trace Mode;CLR/WRITE;
Detector;RMS;
Values;15000;
0;1.0558779877101187594e-06;
333.35555703713578168;1.5950041287737803941e-08;
666.71111407427156337;9.6744656730152200907e-09;
1000.0666711114073451;1.4620081145721997018e-08;
1333.4222281485431267;2.3054088416074591805e-08;
1666.7777851856790221;3.3840656499251053901e-08;
2000.1333422228149175;4.5997740727443670039e-08;
2333.4888992599508128;5.5219746997181573533e-08;
2666.8444562970867082;6.3064923949696094496e-08;
3000.2000133342226036;6.8351262427768233465e-08;
3333.555570371358499;6.1901545223008724861e-08;
3666.9111274084943943;6.3369441249960800633e-08;
4000.2666844456302897;6.0610375385294901207e-08;
4333.6222414827661851;5.9492066384336794727e-08;
4666.9777985199016257;5.6024301642310092575e-08;
5000.3333555570370663;5.9263314255986188073e-08;
5333.6889125941725069;5.5723063496770919301e-08;
5667.0444696313079476;5.6533362879918058752e-08;
6000.4000266684433882;5.5079944161207095021e-08;
6333.7555837055788288;5.017968618403756409e-08;
6667.1111407427142694;5.4007383454290902591e-08;
7000.4666977798497101;5.3349562989524201839e-08;
7333.8222548169851507;5.0542059426561536384e-08;
7667.1778118541205913;4.4672358257002997561e-08;
8000.5333688912560319;4.9767077570095352712e-08;
8333.8889259283914726;4.9013703318223633687e-08;
8667.2444829655269132;4.8061465918181056622e-08;
9000.6000400026623538;4.6257454755505023059e-08;
9333.9555970397977944;4.7975674988265382126e-08;
9667.311154076933235;4.4981053548553973087e-08;
10000.666711114068676;4.9793484890869876835e-08;
10334.022268151204116;4.8063071744763874449e-08;
10667.377825188339557;4.5681588289880892262e-08;
11000.733382225474998;5.0684679564483303693e-08;
11334.088939262610438;4.5557609240631791181e-08;
11667.444496299745879;4.7122181712211386184e-08;
12000.800053336881319;4.6386350760485584033e-08;
12334.15561037401676;4.412397913711174624e-08;
12667.511167411152201;4.549426790845245705e-08;
13000.866724448287641;4.5413301563712593634e-08;
13334.222281485423082;4.2903359087631542934e-08;
13667.577838522558523;4.2610270867271538009e-08;
14000.933395559693963;4.2207890516010593274e-08;
14334.288952596829404;4.2061259364345460199e-08;
14667.644509633964844;4.4602021631590105244e-08;
15001.000066671100285;4.2259010513134853682e-08;
15334.355623708235726;4.0749966956354910508e-08;
15667.711180745371166;4.4158408485373001895e-08;
16001.066737782506607;3.9789249228761036647e-08;
16334.422294819642048;4.1396965855255984934e-08;
16667.777851856779307;4.0345021545817871811e-08;
17001.133408893914748;4.2581984160960928421e-08;
17334.488965931050188;4.0931123379550626851e-08;
17667.844522968185629;4.0206202811532421038e-08;
18001.20008000532107;4.3425050222367644892e-08;
18334.55563704245651;4.0258928635239499272e-08;
18667.911194079591951;4.1195434619112347718e-08;
19001.266751116727391;3.7518166351446780027e-08;
19334.622308153862832;3.882996679749339819e-08;
19667.977865190998273;3.7965506294312945101e-08;
20001.333422228133713;4.1586627474998749676e-08;
20334.688979265269154;3.9393228234985144809e-08;
20668.044536302404595;4.1482504542500464595e-08;
21001.400093339540035;3.8604017760235365131e-08;
21334.755650376675476;3.9803232709800795419e-08;
21668.111207413810916;3.8109170930056279758e-08;
22001.466764450946357;3.8374668775986719993e-08;
22334.822321488081798;3.7490231363790371688e-08;
22668.177878525217238;3.693392969239539525e-08;
23001.533435562352679;3.6874155284749576822e-08;
23334.88899259948812;3.7827962984238183708e-08;
23668.24454963662356;3.5565211220500714262e-08;
24001.600106673759001;4.1363310998576707789e-08;
24334.955663710894441;3.6111234891222920851e-08;
24668.311220748029882;3.612272081454648287e-08;
25001.666777785165323;3.4314361130327597493e-08;
25335.022334822300763;3.664690595428510278e-08;
25668.377891859436204;3.6702378025665893801e-08;
26001.733448896571645;3.7316631562589464011e-08;
26335.089005933707085;3.7290288190661158296e-08;
26668.444562970842526;3.5979841328526163124e-08;
27001.800120007977966;3.4199896248310324154e-08;
27335.155677045113407;3.342242038684162253e-08;
27668.511234082248848;3.4659322523111768533e-08;
28001.866791119384288;3.5970678879948536633e-08;
28335.222348156519729;3.4879455768077605171e-08;
28668.57790519365517;3.5363228789719869383e-08;
29001.93346223079061;3.3890330541908042505e-08;
29335.289019267926051;3.3555025424902851228e-08;
29668.644576305061491;3.9069107060640817508e-08;
30002.000133342196932;3.8407851121746716672e-08;
30335.355690379332373;3.359064848496018385e-08;
30668.711247416467813;3.5127762032516329782e-08;
31002.066804453603254;3.2770675062465670635e-08;
31335.422361490738695;3.5106108242644040729e-08;
31668.777918527874135;3.3466662330283725169e-08;
32002.133475565009576;3.4386712144396369695e-08;
32335.489032602145016;3.4695325723532732809e-08;
32668.844589639280457;3.2712236475163081195e-08;
33002.200146676419536;3.0164120090603319113e-08;
33335.555703713558614;3.2814511996548390016e-08;
33668.911260750697693;3.5894551331239199499e-08;
34002.266817787836771;3.7062818591948598623e-08;
34335.62237482497585;3.4605722731839705375e-08;
34668.977931862114929;3.9897390280430045095e-08;
35002.333488899254007;3.9540491769685104373e-08;
35335.689045936393086;6.1545783580641000299e-08;
35669.044602973532164;7.9780058115375140915e-08;
36002.400160010671243;7.8575666861979698297e-08;
36335.755717047810322;8.4643126285754988203e-08;
36669.1112740849494;8.5082021428206644487e-08;
37002.466831122088479;8.8427967170900956262e-08;
37335.822388159227557;8.2794223033033631509e-08;
37669.177945196366636;7.7761086458849604242e-08;
38002.533502233505715;5.6629481548498006305e-08;
38335.889059270644793;4.8224187310097477166e-08;
38669.244616307783872;5.0676131735372109688e-08;
39002.60017334492295;5.32897104221774498e-08;
39335.955730382062029;6.4964062573835690273e-08;
39669.311287419201108;8.2675761348127707606e-08;
40002.666844456340186;8.351409519491426181e-08;
40336.022401493479265;9.9175203160939418012e-08;
40669.377958530618344;7.7207900517350935843e-08;
41002.733515567757422;8.8930534047904075123e-08;
41336.089072604896501;7.395679801902588224e-08;
41669.444629642035579;7.6792623815435945289e-08;
42002.800186679174658;6.3191237131832167506e-08;
42336.155743716313737;4.4185025416254575248e-08;
42669.511300753452815;3.652960245403846784e-08;
43002.866857790591894;3.2413858264135342324e-08;
43336.222414827730972;3.1531246946769897477e-08;
43669.577971864870051;3.1496977470624187845e-08;
44002.93352890200913;3.2070108346715642256e-08;
44336.289085939148208;3.1895485363975240034e-08;
44669.644642976287287;3.1116126564256774145e-08;
45003.000200013426365;3.132630155278093298e-08;
45336.355757050565444;2.8118599004756106297e-08;
45669.711314087704523;2.9174485050020848576e-08;
46003.066871124843601;2.9311390647990265279e-08;
46336.42242816198268;2.7429598148387412948e-08;
46669.777985199121758;2.8087692172107381339e-08;
47003.133542236260837;2.9761821451756986789e-08;
47336.489099273399916;2.8051006850660087366e-08;
47669.844656310538994;2.7587475415202789009e-08;
48003.200213347678073;2.9524567679573010537e-08;
48336.555770384817151;2.8797675355463070446e-08;
48669.91132742195623;2.7065338414899997588e-08;
49003.266884459095309;2.7509704736417006643e-08;
49336.622441496234387;2.744024918399645685e-08;
49669.977998533373466;2.7950266101584020362e-08;
50003.333555570512544;2.7086695553180106799e-08;
50336.689112607651623;2.6090003046874699066e-08;
50670.044669644790702;2.6093120553127846506e-08;
51003.40022668192978;2.7002460711855746922e-08;
51336.755783719068859;2.7345160802383361442e-08;
51670.111340756207937;2.7621712916925389436e-08;
52003.466897793347016;2.4779717833212089317e-08;
52336.822454830486095;2.6217223947355705604e-08;
52670.178011867625173;2.5588521523900453758e-08;
53003.533568904764252;2.5805746872720192187e-08;
53336.88912594190333;2.5426935224004409974e-08;
53670.244682979042409;2.7253035383978385653e-08;
54003.600240016181488;2.6841139089128773776e-08;
54336.955797053320566;2.705939650127220375e-08;
54670.311354090459645;2.689244382736433181e-08;
55003.666911127598723;2.7544619030095418566e-08;
55337.022468164737802;2.7856051687535909878e-08;
55670.378025201876881;2.8383119854424876394e-08;
56003.733582239015959;2.6244366679861741432e-08;
56337.089139276155038;2.7061821228357985092e-08;
56670.444696313294116;2.645414554081071401e-08;
57003.800253350433195;2.6227542804235781659e-08;
57337.155810387572274;2.8111090344395961438e-08;
57670.511367424711352;2.5954324911481307936e-08;
58003.866924461850431;2.506385321510151698e-08;
58337.222481498989509;2.4925803643327526515e-08;
58670.578038536128588;2.5723553065404303197e-08;
59003.933595573267667;2.5741680786950382753e-08;
59337.289152610406745;2.3698577322761593678e-08;
59670.644709647545824;2.5323604546656497405e-08;
60004.000266684684902;2.4789034824834743631e-08;
60337.355823721823981;2.5563270611428379198e-08;
60670.71138075896306;2.5834596684148891654e-08;
61004.066937796102138;2.6393056629103739397e-08;
61337.422494833241217;2.6052539681131747784e-08;
61670.778051870380295;2.5568166250877766288e-08;
62004.133608907519374;2.7523480383706555585e-08;
62337.489165944658453;2.64448516418269719e-08;
62670.844722981797531;2.8976202770536474418e-08;
63004.20028001893661;2.6081755422069363703e-08;
63337.555837056075688;2.5893708510693613789e-08;
63670.911394093214767;2.5339803144674988289e-08;
64004.266951130353846;2.651514030560520041e-08;
64337.622508167492924;2.9504191090268250264e-08;
64670.978065204632003;2.8796259599062068446e-08;
65004.333622241771081;2.5408359860534801555e-08;
65337.68917927891016;2.4122813968574519095e-08;
65671.044736316049239;2.5519613089386439242e-08;
66004.400293353188317;2.4596175762781058438e-08;
66337.755850390327396;2.4081234784034677432e-08;
66671.111407427466474;2.6593324875534563034e-08;
67004.466964464605553;2.7957877790640850435e-08;
67337.822521501744632;2.6778499417901002744e-08;
67671.17807853888371;2.7432923488390770217e-08;
68004.533635576022789;2.7445937078596216452e-08;
68337.889192613161867;3.1248909238001942867e-08;
68671.244749650300946;3.1405591016664402559e-08;
69004.600306687440025;2.5361625688447020366e-08;
69337.955863724579103;3.967798889448204136e-08;
69671.311420761718182;3.0027660358200591872e-08;
70004.66697779885726;3.8203616270493512275e-08;
70338.022534835996339;3.1213030382559736609e-08;
70671.378091873135418;4.8224187310097477166e-08;
71004.733648910274496;4.3706155139489055728e-08;
71338.089205947413575;5.6273659509997742134e-08;
71671.444762984552654;5.4223278311837930232e-08;
72004.800320021691732;5.6787982316564011853e-08;
72338.155877058830811;5.5482676231122241006e-08;
72671.511434095969889;4.923947116708404792e-08;
73004.866991133108968;5.7103299866412271513e-08;
73338.222548170248047;5.0984109378759967512e-08;
73671.578105207387125;6.2092574637517827796e-08;
74004.933662244526204;5.8658525148302942398e-08;
74338.289219281665282;5.469886943387791689e-08;
74671.644776318804361;5.332567099003426847e-08;
75005.00033335594344;5.7616702520135731902e-08;
75338.355890393082518;5.5767721107713441597e-08;
75671.711447430221597;4.3613962219524182728e-08;
76005.067004467360675;3.8811005964589639916e-08;
76338.422561504499754;3.2435448105161412968e-08;
76671.778118541638833;3.309418872277092305e-08;
77005.133675578777911;3.206999821259159944e-08;
77338.48923261591699;3.0012682117330768961e-08;
77671.844789653056068;3.0504153869514993858e-08;
78005.200346690195147;3.2754556400504952762e-08;
78338.555903727334226;3.424228012249841413e-08;
78671.911460764473304;3.6837704442405083682e-08;
79005.267017801612383;4.1583923859889182495e-08;
79338.622574838751461;4.4097941298559817369e-08;
79671.97813187589054;5.1986489779665134847e-08;
80005.333688913029619;4.9544112812327512074e-08;
80338.689245950168697;5.1746763318760713446e-08;
80672.044802987307776;5.4134762450530615752e-08;
81005.400360024446854;5.5997045222966335132e-08;
81338.755917061585933;4.8680842468229457154e-08;
81672.111474098725012;4.7587541018856427399e-08;
82005.46703113586409;5.007586167948829825e-08;
82338.822588173003169;5.2518981163984790328e-08;
82672.178145210142247;4.7686793180901076994e-08;
83005.533702247281326;4.6704755618520721328e-08;
83338.889259284420405;4.4975521973356080707e-08;
83672.244816321559483;4.1838848829911512439e-08;
84005.600373358698562;3.848741414458345389e-08;
84338.95593039583764;3.4581354668716812739e-08;
84672.311487432976719;2.9439318538493353117e-08;
85005.667044470115798;2.7664396995419338054e-08;
85339.022601507254876;2.4148931743184220977e-08;
85672.378158544393955;2.3519119096704343974e-08;
86005.733715581533033;2.2015493428284571564e-08;
86339.089272618672112;2.2539415667210960237e-08;
86672.444829655811191;2.2392756093836396758e-08;
87005.800386692950269;2.0945975620634271763e-08;
87339.155943730089348;2.3297266338317967893e-08;
87672.511500767228426;2.1057285692904770258e-08;
88005.867057804367505;2.0482936236021487275e-08;
88339.222614841506584;2.1207934963740626699e-08;
88672.578171878645662;2.1906082281475391937e-08;
89005.933728915784741;2.2324334381096377911e-08;
89339.289285952923819;2.231206330804980098e-08;
89672.644842990062898;2.2537989252668921836e-08;
90006.000400027201977;1.9622742541969273589e-08;
90339.355957064341055;2.0603291517318211845e-08;
90672.711514101480134;2.1514857451165880775e-08;
91006.067071138619212;2.0333292383156731375e-08;
91339.422628175758291;2.0786814047824009322e-08;
91672.77818521289737;2.1556132878686184995e-08;
92006.133742250036448;2.1721223930626365473e-08;
92339.489299287175527;2.1493589130727741576e-08;
92672.844856324314605;2.0912738207812253677e-08;
93006.200413361453684;2.0845469350661005592e-08;
93339.555970398592763;2.1020399643134624057e-08;
93672.911527435731841;2.1283552698037055961e-08;
94006.26708447287092;2.0257420629832267878e-08;
94339.622641510009998;2.0878196949070115807e-08;
94672.978198547149077;2.0834486136322993843e-08;
95006.333755584288156;2.0104584663727109728e-08;
95339.689312621427234;1.9948906526678911177e-08;
95673.044869658566313;1.9842794074520497816e-08;
96006.400426695705391;2.0088769758785929298e-08;
96339.75598373284447;1.942487770634215849e-08;
96673.111540769983549;1.9808210183214214339e-08;
97006.467097807122627;2.0352375784682408266e-08;
97339.822654844261706;1.9779626825311424909e-08;
97673.178211881400784;2.0375914289161300985e-08;
98006.533768918539863;2.039360502692488808e-08;
98339.889325955678942;1.9472061296710307943e-08;
98673.24488299281802;2.0509832054926846467e-08;
99006.600440029957099;2.1343234735127225576e-08;
99339.955997067096177;1.9910045168103351898e-08;
99673.311554104235256;1.9644195603518710413e-08;
100006.66711114137433;1.9458553879303508438e-08;
100340.02266817851341;2.0265250810780344182e-08;
100673.37822521565249;1.9808036100243953115e-08;
101006.73378225279157;1.9540870255241316045e-08;
101340.08933928993065;2.0191585292650415795e-08;
101673.44489632706973;1.9254462912954295462e-08;
102006.80045336420881;2.0631253150327211188e-08;
102340.15601040134788;2.0137953526955243433e-08;
102673.51156743848696;2.0414860912865151477e-08;
103006.86712447562604;1.9310522958448927966e-08;
103340.22268151276512;1.9513427318429421575e-08;
103673.5782385499042;1.9910045168103351898e-08;
104006.93379558704328;2.1061614674522388668e-08;
104340.28935262418236;2.1420650142545127892e-08;
104673.64490966132144;1.8763568476742875646e-08;
105007.00046669846051;1.9309235099740362784e-08;
105340.35602373559959;1.9966192255083115015e-08;
105673.71158077273867;1.9767018244465361931e-08;
106007.06713780987775;2.2783849473739792302e-08;
106340.42269484701683;2.2494992535371238773e-08;
106673.77825188415591;2.5287862470690924965e-08;
107007.13380892129499;2.6663164121032423282e-08;
107340.48936595843406;2.742025095869848883e-08;
107673.84492299557314;2.5596119002102568629e-08;
108007.20048003271222;2.7998524387840006966e-08;
108340.5560370698513;2.7220785625559074106e-08;
108673.91159410699038;2.6319439072608474817e-08;
109007.26715114412946;2.3917694491615293373e-08;
109340.62270818126854;2.7900423305027288734e-08;
109673.97826521840761;2.4105361262627411634e-08;
110007.33382225554669;2.5897666233731797547e-08;
110340.68937929268577;2.5607002740457573964e-08;
110674.04493632982485;2.9895339537233667215e-08;
111007.40049336696393;2.8450463318563379289e-08;
111340.75605040410301;2.4242911678129530628e-08;
111674.11160744124209;2.4897531147871632129e-08;
112007.46716447838116;2.5710903628350934014e-08;
112340.82272151552024;2.6729479074560913432e-08;
112674.17827855265932;2.635825957497672789e-08;
113007.5338355897984;2.5984526530464790994e-08;
113340.88939262693748;2.427760392720301752e-08;
113674.24494966407656;2.3233100776565152046e-08;
114007.60050670121564;2.1891425561193500471e-08;
114340.95606373835471;2.0404463896284141811e-08;
114674.31162077549379;2.1641314518205945205e-08;
115007.66717781263287;1.9576191334635950625e-08;
115341.02273484977195;1.9682227403450269776e-08;
115674.37829188691103;1.8592517747606507328e-08;
116007.73384892405011;1.8976484383870229067e-08;
116341.08940596118919;1.9468332723704406817e-08;
116674.44496299832826;1.8537205548341262329e-08;
117007.80052003546734;2.0522662680377834477e-08;
117341.15607707260642;1.9938221740289918671e-08;
117674.5116341097455;1.9347059065921712318e-08;
118007.86719114688458;2.3520522418607470172e-08;
118341.22274818402366;3.2415055528645098093e-08;
118674.57830522116274;4.4116383435266470769e-08;
119007.93386225830182;3.7374299211023753742e-08;
119341.28941929544089;3.6468303932224443997e-08;
119674.64497633257997;3.9577184196559755947e-08;
120008.00053336971905;3.6363836386499315267e-08;
120341.35609040685813;3.5837278034023256623e-08;
120674.71164744399721;3.5306246815025588148e-08;
121008.06720448113629;3.691946304229531961e-08;
121341.42276151827537;3.7690586651706325938e-08;
121674.77831855541444;3.7829757104645977961e-08;
122008.13387559255352;4.5409070281721142237e-08;
122341.4894326296926;3.4557366745957551757e-08;
122674.84498966683168;2.3799666237778183131e-08;
123008.20054670397076;2.4710338664135633735e-08;
123341.55610374110984;2.3506148139063043345e-08;
123674.91166077824892;2.3768873091967179789e-08;
124008.26721781538799;2.1811962014339769667e-08;
124341.62277485252707;2.120432185392928659e-08;
124674.97833188966615;2.3266306214964060928e-08;
125008.33388892680523;2.2537079757967148907e-08;
125341.68944596394431;2.1340722966556313622e-08;
125675.04500300108339;2.2969880220102822932e-08;
126008.40056003822247;2.1508130387815072027e-08;
126341.75611707536154;1.986431286127299245e-08;
126675.11167411250062;1.9923831473533937242e-08;
127008.4672311496397;1.9698104480880829215e-08;
127341.82278818677878;1.8003422752599362866e-08;
127675.17834522391786;1.874416355462926731e-08;
128008.53390226105694;1.9262007100451228325e-08;
128341.88945929819602;1.9925231242723384639e-08;
128675.24501633533509;1.8263518697381186939e-08;
129008.60057337247417;2.4208185678276095132e-08;
129341.95613040961325;2.2417868450474998099e-08;
129675.31168744675233;1.9079440249925028183e-08;
130008.66724448389141;1.7571226251789084927e-08;
130342.02280152103049;1.8266534951294488565e-08;
130675.37835855816957;1.847196351434376993e-08;
131008.73391559530864;1.8047595418124728894e-08;
131342.08947263244772;1.8061804496483091498e-08;
131675.4450296695868;1.7034887278555288503e-08;
132008.80058670672588;1.875849164889586973e-08;
132342.15614374386496;1.8864572126631173887e-08;
132675.51170078100404;1.7002598440285510151e-08;
133008.86725781814312;1.6672270675144318375e-08;
133342.22281485528219;1.7854883793688713922e-08;
133675.57837189242127;1.8295342130159042426e-08;
134008.93392892956035;1.904913027317434171e-08;
134342.28948596669943;1.7929377094105802826e-08;
134675.64504300383851;1.7295235466008307412e-08;
135009.00060004097759;1.7367515425803503604e-08;
135342.35615707811667;1.7011380748499504989e-08;
135675.71171411525575;1.6388360890573494544e-08;
136009.06727115239482;1.7384426342914593988e-08;
136342.4228281895339;1.8113057720370306924e-08;
136675.77838522667298;1.8144076463499914098e-08;
137009.13394226381206;2.3967199780372538953e-08;
137342.48949930095114;1.9996379663211882871e-08;
137675.84505633809022;1.6960772342144991853e-08;
138009.2006133752293;1.7859150602816953324e-08;
138342.55617041236837;1.7266819085648421606e-08;
138675.91172744950745;1.7934668861130376172e-08;
139009.26728448664653;1.7942138441640054225e-08;
139342.62284152378561;2.0800877464921541105e-08;
139675.97839856092469;2.0539435041655451641e-08;
140009.33395559806377;1.9096205505775287747e-08;
140342.68951263520285;2.2957577172633136797e-08;
140676.04506967234192;2.0582309190331216087e-08;
141009.400626709481;1.7430847876198640733e-08;
141342.75618374662008;1.8347096286674968724e-08;
141676.11174078375916;2.7558412440953361511e-08;
142009.46729782089824;1.7351505121609989146e-08;
142342.82285485803732;1.8537628321269039589e-08;
142676.1784118951764;1.7780857675120387285e-08;
143009.53396893231547;1.8845890181751201453e-08;
143342.88952596945455;1.7955064990360369848e-08;
143676.24508300659363;1.7209494274084136123e-08;
144009.60064004373271;2.8087891124073394167e-08;
144342.95619708087179;1.7718338796157695469e-08;
144676.31175411801087;1.7660848783407345763e-08;
145009.66731115514995;1.8177033211941306945e-08;
145343.02286819228902;1.7332190793695190223e-08;
145676.3784252294281;1.6969654126341993106e-08;
146009.73398226656718;1.7763278847837682406e-08;
146343.08953930370626;1.8532972489992971532e-08;
146676.44509634084534;1.7098328086717629049e-08;
147009.80065337798442;1.8293413006631453754e-08;
147343.1562104151235;1.8030387849421458668e-08;
147676.51176745226257;1.8063106566046371881e-08;
148009.86732448940165;1.8661365785987982235e-08;
148343.22288152654073;1.8244087129914987599e-08;
148676.57843856367981;1.778295022347720078e-08;
149009.93399560081889;1.6570716354635806056e-08;
149343.28955263795797;1.7593311696373348241e-08;
149676.64510967509705;1.892657941482411843e-08;
150010.00066671223613;1.7168487076446581341e-08;
150343.3562237493752;1.8649043198593062698e-08;
150676.71178078651428;2.3733949916504570865e-08;
151010.06733782365336;1.8159607151346790488e-08;
151343.42289486079244;1.6788158418989951315e-08;
151676.77845189793152;1.7193720225350261899e-08;
152010.1340089350706;1.634350965673547762e-08;
152343.48956597220968;1.6916464673499831406e-08;
152676.84512300934875;1.6821960713286898681e-08;
153010.20068004648783;1.7276558850198853179e-08;
153343.55623708362691;1.635847546310742473e-08;
153676.91179412076599;1.6954606607555433584e-08;
154010.26735115790507;1.5813194309544087446e-08;
154343.62290819504415;1.6297894589456518588e-08;
154676.97846523218323;1.6555352644331833289e-08;
155010.3340222693223;1.6559511095692869276e-08;
155343.68957930646138;1.9441230847405677196e-08;
155677.04513634360046;1.7510060956738016102e-08;
156010.40069338073954;1.5437183975564039429e-08;
156343.75625041787862;1.60100324109180292e-08;
156677.1118074550177;1.6101108002430919441e-08;
157010.46736449215678;1.7020946430079675338e-08;
157343.82292152929585;1.6704227334685128881e-08;
157677.17847856643493;1.5804779707195848459e-08;
158010.53403560357401;1.7327957735346899426e-08;
158343.88959264071309;1.7981138356049086724e-08;
158677.24514967785217;1.6624335685833102616e-08;
159010.60070671499125;1.7085266534877519007e-08;
159343.95626375213033;1.6579829065221929341e-08;
159677.3118207892694;1.818635908534815826e-08;
160010.66737782640848;1.7819163034005214286e-08;
160344.02293486354756;1.8038720739355085243e-08;
160677.37849190068664;1.6946387404459528625e-08;
161010.73404893782572;1.7546396335887948226e-08;
161344.0896059749648;1.8205922103220473218e-08;
161677.44516301210388;1.8144268310038569325e-08;
162010.80072004924295;1.8195498441286872549e-08;
162344.15627708638203;1.6851272377493842214e-08;
162677.51183412352111;1.6172034378314492642e-08;
163010.86739116066019;1.7130076912508229725e-08;
163344.22294819779927;1.6567165417313844955e-08;
163677.57850523493835;1.7037251609508530237e-08;
164010.93406227207743;1.5953348864172767207e-08;
164344.2896193092165;1.6461013885304964788e-08;
164677.64517634635558;1.6544303704790763732e-08;
165011.00073338349466;1.7220896708636246331e-08;
165344.35629042063374;1.7027495857746544061e-08;
165677.71184745777282;1.6186046281063681818e-08;
166011.0674044949119;1.6008993242166980053e-08;
166344.42296153205098;1.6214732667663156462e-08;
166677.77851856919006;1.6738507468971874914e-08;
167011.13407560632913;1.6680914427524839994e-08;
167344.48963264346821;1.6600989027892865124e-08;
167677.84518968060729;1.615797629028747906e-08;
168011.20074671774637;1.5877718695378462144e-08;
168344.55630375488545;1.5591636426393051806e-08;
168677.91186079202453;1.6012705827961326577e-08;
169011.26741782916361;1.5888572235667197674e-08;
169344.62297486630268;1.564038498713671288e-08;
169677.97853190344176;1.5986705292903025111e-08;
170011.33408894058084;1.6375928169054532191e-08;
170344.68964597771992;1.4583528162859238364e-08;
170678.045203014859;1.6012648984542465769e-08;
171011.40076005199808;1.6644090550244072801e-08;
171344.75631708913716;1.5642198647469740536e-08;
171678.11187412627623;1.5733723657262999041e-08;
172011.46743116341531;1.532009719085181132e-08;
172344.82298820055439;1.5298017075338066206e-08;
172678.17854523769347;1.5402997988189781609e-08;
173011.53410227483255;1.6638272981595036981e-08;
173344.88965931197163;1.5680109655136220681e-08;
173678.24521634911071;1.5432304323326206941e-08;
174011.60077338624978;1.5236945927199485595e-08;
174344.95633042338886;1.6247780010303358722e-08;
174678.31188746052794;1.5790293517170539417e-08;
175011.66744449766702;1.6607756947450980078e-08;
175345.0230015348061;1.4944861348453741812e-08;
175678.37855857194518;1.5286760302046786819e-08;
176011.73411560908426;1.5798644170672559994e-08;
176345.08967264622333;1.564428586675603583e-08;
176678.44522968336241;1.5203736936086897913e-08;
177011.80078672050149;1.5838772071674611652e-08;
177345.15634375764057;1.5475524861585654435e-08;
177678.51190079477965;1.6105380140629677044e-08;
178011.86745783191873;1.5514995510557128e-08;
178345.22301486905781;1.5917599682779837167e-08;
178678.57857190619688;1.5639999517702563026e-08;
179011.93412894333596;1.6123214763297255558e-08;
179345.28968598047504;1.6069458652623325179e-08;
179678.64524301761412;1.49447814123959688e-08;
180012.0008000547532;1.8317081185159622692e-08;
180345.35635709189228;1.5733530034367504413e-08;
180678.71191412903136;1.5695405863880296238e-08;
181012.06747116617044;1.5366619976475703879e-08;
181345.42302820330951;1.6094519494913583912e-08;
181678.77858524044859;1.5786104867743233626e-08;
182012.13414227758767;1.6302074357099627377e-08;
182345.48969931472675;1.5109083761899455567e-08;
182678.84525635186583;1.5249264961880726332e-08;
183012.20081338900491;1.5766925542948229122e-08;
183345.55637042614399;1.5380772211415205675e-08;
183678.91192746328306;1.6437462946328196267e-08;
184012.26748450042214;1.4825776162297188421e-08;
184345.62304153756122;1.5863472313526472135e-08;
184678.9785985747003;1.4997699082641702262e-08;
185012.33415561183938;1.5231700345452736656e-08;
185345.68971264897846;1.5086644822304151603e-08;
185679.04526968611754;1.4896840205835815141e-08;
186012.40082672325661;1.5826923771555811982e-08;
186345.75638376039569;1.5530238428596021549e-08;
186679.11194079753477;1.5990863744264061097e-08;
187012.46749783467385;1.5562683586267667124e-08;
187345.82305487181293;1.5399805874949379358e-08;
187679.17861190895201;1.4694934158399064472e-08;
188012.53416894609109;1.5844031864276075794e-08;
188345.88972598323016;1.6407804892537569685e-08;
188679.24528302036924;1.5781280282567422546e-08;
189012.60084005750832;1.5534739716827061784e-08;
189345.9563970946474;1.6237708067023959302e-08;
189679.31195413178648;1.4803706704924479709e-08;
190012.66751116892556;1.4713532614507585095e-08;
190346.02306820606464;1.4026711347980835853e-08;
190679.37862524320371;1.5683884413419946213e-08;
191012.73418228034279;1.4438277240458319284e-08;
191346.08973931748187;1.4461758013339931495e-08;
191679.44529635462095;1.4643600998454076034e-08;
192012.80085339176003;1.5255373853051423794e-08;
192346.15641042889911;1.4624524702355756745e-08;
192679.51196746603819;1.543208760779180011e-08;
193012.86752450317726;1.4258933589417210896e-08;
193346.22308154031634;1.4871059050847179606e-08;
193679.57863857745542;1.3838227452822593477e-08;
194012.9341956145945;1.5109932860468688887e-08;
194346.28975265173358;1.4977583617792333825e-08;
194679.64530968887266;1.5111604412254564522e-08;
195013.00086672601174;1.3812604393592664564e-08;
195346.35642376315081;1.5176972567587654339e-08;
195679.71198080028989;1.4544484727707640559e-08;
196013.06753783742897;1.4474949239229317755e-08;
196346.42309487456805;1.4233106249150750955e-08;
196679.77865191170713;1.4721781127491340158e-08;
197013.13420894884621;1.4813670290436675714e-08;
197346.48976598598529;1.4314374574553312414e-08;
197679.84532302312437;1.5607612979806617659e-08;
198013.20088006026344;1.4544152548978672712e-08;
198346.55643709740252;1.5166204292427210021e-08;
198679.9119941345416;1.5819084708823538676e-08;
199013.26755117168068;1.4333549458456218417e-08;
199346.62310820881976;1.5168788891628537385e-08;
199679.97866524595884;1.5082802562460528861e-08;
200013.33422228309792;1.5338812886511732358e-08;
200346.68977932023699;1.5785355245157006721e-08;
200680.04533635737607;1.5113862161797442241e-08;
201013.40089339451515;1.5932426933318311058e-08;
201346.75645043165423;1.5098336803021084052e-08;
201680.11200746879331;1.4274021076232656924e-08;
202013.46756450593239;1.5497969130251476599e-08;
202346.82312154307147;1.546620254089248192e-08;
202680.17867858021054;1.4894197875037207268e-08;
203013.53423561734962;1.5164632216624340799e-08;
203346.8897926544887;1.4772324696821215184e-08;
203680.24534969162778;1.4281144267158651928e-08;
204013.60090672876686;1.5733666813844138233e-08;
204346.95646376590594;1.4924895097578882996e-08;
204680.31202080304502;1.4684457205760281795e-08;
205013.66757784018409;1.4658786184895689075e-08;
205347.02313487732317;1.4040640650136992917e-08;
205680.37869191446225;1.5173773348919894488e-08;
206013.73424895160133;1.4617923760340545414e-08;
206347.08980598874041;1.4698523287393072678e-08;
206680.44536302587949;1.4263192404939672997e-08;
207013.80092006301857;1.4912629353602824267e-08;
207347.15647710015764;1.4463053865654273977e-08;
207680.51203413729672;1.5012091125754523091e-08;
208013.8675911744358;1.5022141752751849708e-08;
208347.22314821157488;1.4777930879006362375e-08;
208680.57870524871396;1.5037667111528207897e-08;
209013.93426228585304;1.5071412562406294455e-08;
209347.28981932299212;1.4410049153923409904e-08;
209680.64537636013119;1.4978160933765138907e-08;
210014.00093339727027;1.4648926516258597985e-08;
210347.35649043440935;1.420328299417406015e-08;
210680.71204747154843;1.4536412962229405821e-08;
211014.06760450868751;1.4373540579981636256e-08;
211347.42316154582659;1.4555808114380397456e-08;
211680.77871858296567;1.4213716426070277521e-08;
212014.13427562010475;1.4380688639903382864e-08;
212347.48983265724382;3.1160436009258773993e-08;
212680.8453896943829;1.4766590616943631176e-08;
213014.20094673152198;1.4000369752409369539e-08;
213347.55650376866106;1.613514299947382824e-08;
213680.91206080580014;1.4440915130364828656e-08;
214014.26761784293922;1.432682772417592787e-08;
214347.6231748800783;1.4468440667769755237e-08;
214680.97873191721737;1.4245388868516783987e-08;
215014.33428895435645;1.4260762348783373454e-08;
215347.68984599149553;1.4476093213033891516e-08;
215681.04540302863461;1.4681567961360997288e-08;
216014.40096006577369;3.2965257190653574071e-08;
216347.75651710291277;1.516761649611453322e-08;
216681.11207414005185;1.4570621154064156144e-08;
217014.46763117719092;1.4426766448139005661e-08;
217347.82318821433;1.408612337883141663e-08;
217681.17874525146908;1.4320034047443641612e-08;
218014.53430228860816;1.4270937320759458089e-08;
218347.88985932574724;1.522017178956502903e-08;
218681.24541636288632;1.5119358209858546616e-08;
219014.6009734000254;1.4231756217952806765e-08;
219347.95653043716447;1.4397068426319492573e-08;
219681.31208747430355;1.4505954659682629426e-08;
220014.66764451144263;1.4146010585136536974e-08;
220348.02320154858171;1.4177606644238949229e-08;
220681.37875858572079;1.428342777387570095e-08;
221014.73431562285987;1.3188556913235061074e-08;
221348.08987265999895;1.4197670594739975058e-08;
221681.44542969713802;1.5069904435449643643e-08;
222014.8009867342771;1.4958439820134117326e-08;
222348.15654377141618;1.4826817995583496668e-08;
222681.51210080855526;1.3835601997413959907e-08;
223014.86765784569434;1.4327205200004300423e-08;
223348.22321488283342;1.3997910386365219892e-08;
223681.5787719199725;1.4789280022853290575e-08;
224014.93432895711157;1.4653199542635775288e-08;
224348.28988599425065;1.4369829770544129133e-08;
224681.64544303138973;1.4122422342666141049e-08;
225015.00100006852881;1.3866602088796753378e-08;
225348.35655710566789;1.4595240571679823915e-08;
225681.71211414280697;1.3601406223529011186e-08;
226015.06767117994605;1.4197296671625281306e-08;
226348.42322821708512;1.4824526495260670345e-08;
226681.7787852542242;1.3662952547122131364e-08;
227015.13434229136328;1.4029545525318098953e-08;
227348.48989932850236;1.3062912529449022259e-08;
227681.84545636564144;1.4788864355352870916e-08;
228015.20101340278052;1.4461199349113940116e-08;
228348.5565704399196;1.4108362478282288066e-08;
228681.91212747705868;1.3301756141004261735e-08;
229015.26768451419775;1.3910934626437665429e-08;
229348.62324155133683;1.3543372645585805003e-08;
229681.97879858847591;1.3952345057077764068e-08;
230015.33435562561499;1.3400733855917223991e-08;
230348.68991266275407;1.4449238250335838529e-08;
230682.04546969989315;1.2920067682387070818e-08;
231015.40102673703223;1.3372161156155470962e-08;
231348.7565837741713;1.4090355549001287727e-08;
231682.11214081131038;1.3859247083303216641e-08;
232015.46769784844946;1.4455864949525221164e-08;
232348.82325488558854;1.3694961609189704177e-08;
232682.17881192272762;1.4089885702617266361e-08;
233015.5343689598667;1.3416233457519410877e-08;
233348.88992599700578;1.3901846784847293748e-08;
233682.24548303414485;1.4084466037900256197e-08;
234015.60104007128393;1.30624995264838617e-08;
234348.95659710842301;1.2761846690523270809e-08;
234682.31215414556209;1.3867162529379584157e-08;
235015.66771118270117;1.3632575956989967381e-08;
235349.02326821984025;1.3692459610581408924e-08;
235682.37882525697933;1.3902335282978128816e-08;
236015.7343822941184;1.3800525167084742861e-08;
236349.08993933125748;1.309284858308501498e-08;
236682.44549636839656;1.4600446185397686349e-08;
237015.80105340553564;1.4758265720615781902e-08;
237349.15661044267472;1.5657098728638629836e-08;
237682.5121674798138;1.5859988877764408244e-08;
238015.86772451695288;1.4422711913653074589e-08;
238349.22328155409195;1.4855001673197421042e-08;
238682.57883859123103;1.4489629052150121424e-08;
239015.93439562837011;1.4838152928575709666e-08;
239349.28995266550919;1.4038914031289095874e-08;
239682.64550970264827;1.396193205494000722e-08;
240016.00106673978735;1.4275877369129830186e-08;
240349.35662377692643;1.5110330764400714543e-08;
240682.7121808140655;1.5109666406942778849e-08;
241016.06773785120458;1.4287719451999691955e-08;
241349.42329488834366;1.4337805609443421417e-08;
241682.77885192548274;1.4507024914678368077e-08;
242016.13440896262182;1.4875553233650862239e-08;
242349.4899659997609;1.4954524729660079174e-08;
242682.84552303689998;1.5334798320054687792e-08;
243016.20108007403906;1.4635190836997935548e-08;
243349.55663711117813;1.4633391387519623095e-08;
243682.91219414831721;1.4956496485751813452e-08;
244016.26775118545629;1.4115229873823409434e-08;
244349.62330822259537;1.6324312568372079113e-08;
244682.97886525973445;1.5160850352913257666e-08;
245016.33442229687353;1.4165158823686851974e-08;
245349.68997933401261;1.3638659979164913238e-08;
245683.04553637115168;1.3877300197862041387e-08;
246016.40109340829076;1.3256476805167949351e-08;
246349.75665044542984;1.4409618387389855343e-08;
246683.11220748256892;1.4942498793857339479e-08;
247016.467764519708;1.4267352632657548384e-08;
247349.82332155684708;1.3790709907368636777e-08;
247683.17887859398616;1.4459014430201477808e-08;
248016.53443563112523;1.4497522293765996437e-08;
248349.88999266826431;1.3580276458924345206e-08;
248683.24554970540339;1.3664393172518884967e-08;
249016.60110674254247;1.4029791550740355888e-08;
249349.95666377968155;1.4328514374994938407e-08;
249683.31222081682063;1.7741200508680776693e-08;
250016.66777785395971;1.3410955013171133032e-08;
250350.02333489109878;1.4090949740364067111e-08;
250683.37889192823786;1.4127832237420534511e-08;
251016.73444896537694;1.3391415087937730277e-08;
251350.09000600251602;1.3577222901517416176e-08;
251683.4455630396551;1.3729721359823088278e-08;
252016.80112007679418;1.5575647438481610152e-08;
252350.15667711393326;1.3699894552132718673e-08;
252683.51223415107233;1.3066975057540730631e-08;
253016.86779118821141;1.3693445488627276063e-08;
253350.22334822535049;1.4137414794390679162e-08;
253683.57890526248957;1.3509582785786733439e-08;
254016.93446229962865;1.329909249392358106e-08;
254350.29001933676773;1.3750238281318161171e-08;
254683.64557637390681;1.3654099184634560515e-08;
255017.00113341104588;1.3686567434945118293e-08;
255350.35669044818496;1.3135561083288394002e-08;
255683.71224748532404;1.3499713347187025647e-08;
256017.06780452246312;1.3642805996028073423e-08;
256350.4233615596022;1.4041281914956016408e-08;
256683.77891859674128;1.3198894421861950832e-08;
257017.13447563388036;1.2997560361327487044e-08;
257350.49003267101943;1.3380409669139226025e-08;
257683.84558970815851;1.3761499495501539059e-08;
258017.20114674529759;1.3327579040378623176e-08;
258350.55670378243667;1.3363894879603321897e-08;
258683.91226081957575;1.3905022022697721695e-08;
259017.26781785671483;1.391477155721076997e-08;
259350.62337489385391;1.3322101644064332504e-08;
259683.97893193099299;1.4181118501710443525e-08;
260017.33448896813206;1.3150522448768242612e-08;
260350.69004600527114;1.340944688621448222e-08;
260684.04560304241022;1.3250563313249585917e-08;
261017.4011600795493;1.3705141910236307012e-08;
261350.75671711668838;1.2903259793972665648e-08;
261684.11227415382746;1.4385539870431784948e-08;
262017.46783119096654;1.4485608268444138957e-08;
262350.82338822807651;1.2928445869420102099e-08;
262684.17894526518648;1.3474314108918861166e-08;
263017.53450230229646;1.3402476461976675637e-08;
263350.89005933940643;1.3218618200028231513e-08;
263684.24561637651641;1.2972308560676992784e-08;
264017.60117341362638;1.3644411822610891249e-08;
264350.95673045073636;1.3784412722372962889e-08;
264684.31228748784633;1.3966519496477758366e-08;
265017.66784452495631;1.4120115743310179823e-08;
265351.02340156206628;1.2617195288555649313e-08;
265684.37895859917626;1.3771559892461482377e-08;
266017.73451563628623;1.3824863032141365693e-08;
266351.09007267339621;1.334320476331640748e-08;
266684.44562971050618;1.3652972086219961056e-08;
267017.80118674761616;1.2829124429458715895e-08;
267351.15674378472613;1.3437438717289751366e-08;
267684.51230082183611;1.3015953648221056937e-08;
268017.86785785894608;1.3720896419044947834e-08;
268351.22341489605606;1.3540779164600280637e-08;
268684.57897193316603;1.3392756237351477466e-08;
269017.93452897027601;1.3894375427980776294e-08;
269351.29008600738598;1.3656642039450161974e-08;
269684.64564304449596;1.3319761293928422674e-08;
270018.00120008160593;1.3096805417944779037e-08;
270351.3567571187159;1.3400074827529806498e-08;
270684.71231415582588;1.3384359398571632482e-08;
271018.06787119293585;1.3491747274940735224e-08;
271351.42342823004583;1.3644531726697550766e-08;
271684.7789852671558;1.4051497743139407248e-08;
272018.13454230426578;1.3927684783254790091e-08;
272351.49009934137575;1.424448736742078836e-08;
272684.84565637848573;1.3743042259761750756e-08;
273018.2012134155957;1.2904665780411050946e-08;
273351.55677045270568;1.3044842539500223211e-08;
273684.91232748981565;1.3224703110381597071e-08;
274018.26788452692563;1.3637103002395178919e-08;
274351.6234415640356;1.4161426697967272048e-08;
274684.97899860114558;1.3128847342613880755e-08;
275018.33455563825555;1.3778940655129190418e-08;
275351.69011267536553;1.3562419631796274189e-08;
275685.0456697124755;1.363406099130770599e-08;
276018.40122674958548;1.2932102499974007515e-08;
276351.75678378669545;1.3895742334568694787e-08;
276685.11234082380543;1.3762103456826935144e-08;
277018.4678978609154;1.3047087854545225127e-08;
277351.82345489802537;1.3688923772292582726e-08;
277685.17901193513535;1.2760658307797712041e-08;
278018.53456897224532;1.3226283179790243594e-08;
278351.8901260093553;1.3737731840990363708e-08;
278685.24568304646527;1.3824085876024128083e-08;
279018.60124008357525;1.3350426542046989198e-08;
279351.95679712068522;1.3794562825353295921e-08;
279685.3123541577952;1.4667621783814865921e-08;
280018.66791119490517;1.3771802365170060511e-08;
280352.02346823201515;1.3817506250290989556e-08;
280685.37902526912512;1.2828583528801118518e-08;
281018.7345823062351;1.3935051335067782929e-08;
281352.09013934334507;1.3185638358947926463e-08;
281685.44569638045505;1.3390497599630180048e-08;
282018.80125341756502;1.3831373379957767611e-08;
282352.156810454675;1.4522528068994233763e-08;
282685.51236749178497;1.400661808759195992e-08;
283018.86792452889495;1.8468231388624190004e-08;
283352.22348156600492;2.9235435405894349969e-08;
283685.5790386031149;1.4012057292234203487e-08;
284018.93459564022487;1.3843795443335693562e-08;
284352.29015267733485;1.3509867002881037479e-08;
284685.64570971444482;1.3946023003086338576e-08;
285019.00126675155479;1.4086469768415099679e-08;
285352.35682378866477;1.334597055091535367e-08;
285685.71238082577474;1.4109651225169272948e-08;
286019.06793786288472;1.3494307005146310985e-08;
286352.42349489999469;1.5106587980540098215e-08;
286685.77905193710467;1.4059176933756134531e-08;
287019.13460897421464;1.3314894964366885688e-08;
287352.49016601132462;1.3497270856532850303e-08;
287685.84572304843459;1.36497337877017344e-08;
288019.20128008554457;3.3539055976916642976e-08;
288352.55683712265454;1.3781385810318624863e-08;
288685.91239415976452;1.3834823953118302597e-08;
289019.26795119687449;1.407108651818589351e-08;
289352.62350823398447;1.4218836774659848743e-08;
289685.97906527109444;1.4045993701472525572e-08;
290019.33462230820442;1.4197346409616784513e-08;
290352.69017934531439;1.2931443471586590022e-08;
290686.04573638242437;1.4011319215967432683e-08;
291019.40129341953434;1.4630512801261374989e-08;
291352.75685045664432;1.3193886871931681526e-08;
291686.11240749375429;1.328363552488553978e-08;
292019.46796453086426;1.409711458677520568e-08;
292352.82352156797424;1.4110841384251671116e-08;
292686.17907860508421;1.4038914031289095874e-08;
293019.53463564219419;1.3691376921087794472e-08;
293352.89019267930416;1.4006102055930114147e-08;
293686.24574971641414;1.426434526052844376e-08;
294019.60130675352411;1.4354716526554511802e-08;
294352.95686379063409;1.3704997137153895892e-08;
294686.31242082774406;1.301675389697720675e-08;
295019.66797786485404;1.3773544083051092457e-08;
295353.02353490196401;1.4111064317035015847e-08;
295686.37909193907399;1.4101152245871162449e-08;
296019.73464897618396;1.3714655189289715054e-08;
296353.09020601329394;1.3689957611973113671e-08;
296686.44576305040391;1.4392137259733317478e-08;
297019.80132008751389;1.417491723998409725e-08;
297353.15687712462386;1.4458709785003520665e-08;
297686.51243416173384;1.414881900529962877e-08;
298019.86799119884381;1.5250925855525565566e-08;
298353.22354823595379;1.4171232187720761431e-08;
298686.57910527306376;1.3346205030018154503e-08;
299019.93466231017374;1.4139327930706713232e-08;
299353.29021934728371;1.3645179208765512158e-08;
299686.64577638439368;1.4048979757319557393e-08;
300020.00133342150366;1.3848708846353474655e-08;
300353.35689045861363;1.3318965486064371362e-08;
300686.71244749572361;1.4924815161521109985e-08;
301020.06800453283358;1.3584189773041543958e-08;
301353.42356156994356;1.4083327393166200636e-08;
301686.77911860705353;1.6734949426222556212e-08;
302020.13467564416351;1.441144092950708e-08;
302353.49023268127348;1.4219636135237578856e-08;
302686.84578971838346;1.4306682061260289629e-08;
303020.20134675549343;1.3471615822879812185e-08;
303353.55690379260341;1.4515259216807407938e-08;
303686.91246082971338;1.4223333621998790477e-08;
304020.26801786682336;1.4249618374151395983e-08;
304353.62357490393333;1.4945017667855609034e-08;
304686.97913194104331;1.4286614558045584999e-08;
305020.33468897815328;1.4050534957732452312e-08;
305353.69024601526326;1.4267879322460430558e-08;
305687.04580305237323;1.4218661803511167818e-08;
306020.40136008948321;1.4483037880097526795e-08;
306353.75691712659318;1.4450939112009564269e-08;
306687.11247416370315;1.4537357984067966754e-08;
307020.46803120081313;1.4238608514460793231e-08;
307353.8235882379231;1.347838640697318624e-08;
307687.17914527503308;1.429846552269964377e-08;
308020.53470231214305;1.4683992688446778629e-08;
308353.89025934925303;1.3675175658534044487e-08;
308687.245816386363;1.4474644594031360612e-08;
309020.60137342347298;1.4131555481355917436e-08;
309353.95693046058295;1.4508936274637562747e-08;
309687.31248749769293;1.4756140309657439502e-08;
310020.6680445348029;1.5087943339153753186e-08;
310354.02360157191288;1.4571415185571368056e-08;
310687.37915860902285;1.391555404239852578e-08;
311020.73471564613283;1.4597958397644106299e-08;
311354.0902726832428;1.4507381962403087527e-08;
311687.44582972035278;1.4424029082249489875e-08;
312020.80138675746275;1.4720642482757284597e-08;
312354.15694379457273;1.4588473540300128661e-08;
312687.5125008316827;1.4587089758322235866e-08;
313020.86805786879268;1.4971426764986972557e-08;
313354.22361490590265;1.4581709173455692508e-08;
313687.57917194301262;1.4967719508263144235e-08;
314020.9347289801226;1.5170787293072862667e-08;
314354.29028601723257;1.5118429175231540285e-08;
314687.64584305434255;1.5417915832927064912e-08;
315021.00140009145252;1.4572950846059029573e-08;
315354.3569571285625;1.4393907399323779828e-08;
315687.71251416567247;1.5042607159898579994e-08;
316021.06807120278245;1.5475253078989226196e-08;
316354.42362823989242;1.5575894352082286787e-08;
316687.7791852770024;1.4497954836656390398e-08;
317021.13474231411237;1.5456233626309767715e-08;
317354.49029935122235;1.558385953615015751e-08;
317687.84585638833232;1.5990554658174005453e-08;
318021.2014134254423;1.5381015572302203509e-08;
318354.55697046255227;1.4981925033907828038e-08;
318687.91252749966225;1.5603774272676673718e-08;
319021.26808453677222;1.5854807244863877713e-08;
319354.6236415738822;1.6027001947804819793e-08;
319687.97919861099217;1.5121058183353852655e-08;
320021.33475564810215;1.6068414154801757832e-08;
320354.69031268521212;1.5561015587195470289e-08;
320688.0458697223221;1.484960066022722458e-08;
321021.40142675943207;1.4607142162503805594e-08;
321354.75698379654204;1.5371398376373690553e-08;
321688.11254083365202;1.542655780895074713e-08;
322021.46809787076199;1.5064768987826937519e-08;
322354.82365490787197;1.5455718482826341642e-08;
322688.17921194498194;1.4897992173246166203e-08;
323021.53476898209192;1.5185692703312270169e-08;
323354.89032601920189;1.5287701771171668952e-08;
323688.24588305631187;1.5466392611074297747e-08;
324021.60144009342184;1.4540653126005054219e-08;
324354.95699713053182;1.5726593360909646435e-08;
324688.31255416764179;1.4759588218282715388e-08;
325021.66811120475177;1.6037393635315311258e-08;
325355.02366824186174;1.5678759623938276491e-08;
325688.37922527897172;1.6521910950473284174e-08;
326021.73478231608169;1.7114885508817678783e-08;
326355.09033935319167;1.6702465188700443832e-08;
326688.44589639030164;1.5247522355821274687e-08;
327021.80145342741162;1.5604239678168596583e-08;
327355.15701046452159;1.5458216040542538394e-08;
327688.51256750163157;1.6104813482797908364e-08;
328021.86812453874154;2.0084428342670435086e-08;
328355.22368157585151;1.6185049744876778277e-08;
328688.57923861296149;1.6071718178523042297e-08;
329021.93479565007146;1.5945923692584074161e-08;
329355.29035268718144;1.5861688851259714284e-08;
329688.64590972429141;1.6375265587953435897e-08;
330022.00146676140139;1.5964282340519275749e-08;
330355.35702379851136;1.6378603362454668968e-08;
330688.71258083562134;1.6837097049915428215e-08;
331022.06813787273131;1.645592639931692247e-08;
331355.42369490984129;1.5939118469532331801e-08;
331688.77925194695126;1.6359710031110807904e-08;
332022.13480898406124;1.6542822223186703923e-08;
332355.49036602117121;1.7577956867853572476e-08;
332688.84592305828119;1.7412300934438462718e-08;
333022.20148009539116;1.6838191285728498769e-08;
333355.55703713250114;1.6858347606785173411e-08;
333688.91259416961111;1.6026016069758952654e-08;
334022.26815120672109;1.6789130086181103252e-08;
334355.62370824383106;1.8070659635327501746e-08;
334688.97926528094104;1.6948739300914894557e-08;
335022.33482231805101;1.6696510840574774193e-08;
335355.69037935516099;1.6796004587149582221e-08;
335689.04593639227096;1.7868879709226348496e-08;
336022.40149342938093;1.7209313085686517297e-08;
336355.75705046649091;1.7205081803695065901e-08;
336689.11260750360088;1.6829853066724353994e-08;
337022.46816454071086;1.7021514864268283418e-08;
337355.82372157782083;1.7056207113341770309e-08;
337689.17927861493081;1.6260772284226732154e-08;
338022.53483565204078;1.7283024789094270091e-08;
338355.89039268915076;1.6632281329975739936e-08;
338689.24594972626073;1.6891936738261392748e-08;
339022.60150676337071;1.8459505923829055973e-08;
339355.95706380048068;1.7208254377010234748e-08;
339689.31262083759066;1.7231972293529906892e-08;
340022.66817787470063;1.6973082495042035589e-08;
340356.02373491181061;1.7550403796917635191e-08;
340689.37929194892058;1.7535917606892326148e-08;
341022.73484898603056;1.737401511547886912e-08;
341356.09040602314053;1.8546879587688636093e-08;
341689.44596306025051;1.827089946004889498e-08;
342022.80152009736048;1.7560550347184289421e-08;
342356.15707713447046;1.8070183571694542479e-08;
342689.51263417158043;1.6997192986423215189e-08;
343022.8681912086904;1.7011860364846143057e-08;
343356.22374824580038;1.9074548163189319894e-08;
343689.57930528291035;1.7874121738259418635e-08;
344022.93486232002033;1.8320106320857121318e-08;
344356.2904193571303;1.820026263033014402e-08;
344689.64597639424028;1.8411929758599399065e-08;
345023.00153343135025;1.8505417642700194847e-08;
345356.35709046846023;1.7957841436100352439e-08;
345689.7126475055702;1.7359949922024497937e-08;
346023.06820454268018;1.9050871102876953955e-08;
346356.42376157979015;1.848494690648294636e-08;
346689.77931861690013;1.8282715785744585446e-08;
347023.1348756540101;1.8896512798960429791e-08;
347356.49043269112008;1.8828748338250989036e-08;
347689.84598972823005;1.8976951565718991333e-08;
348023.20154676534003;1.7553764664057780465e-08;
348356.55710380245;1.8539354940116936632e-08;
348689.91266083955998;1.821302397786439542e-08;
349023.26821787666995;1.9117821992153949395e-08;
349356.62377491377993;1.9703779940982713015e-08;
349689.9793319508899;1.8161264492277950922e-08;
350023.33488898799988;1.9075921287026176287e-08;
350356.69044602510985;1.9193437950093539257e-08;
350690.04600306221982;1.9169680953723400307e-08;
351023.4015600993298;1.9252839322803083633e-08;
351356.75711713643977;1.9243776350208463555e-08;
351690.11267417354975;1.9729757383402102278e-08;
352023.46823121065972;2.0343653872600953036e-08;
352356.8237882477697;1.9773199966266474803e-08;
352690.17934528487967;1.9549213803315979021e-08;
353023.53490232198965;1.9946138962723125587e-08;
353356.89045935909962;2.0490169561071525095e-08;
353690.2460163962096;1.9753514379772241227e-08;
354023.60157343331957;2.0574500325665212586e-08;
354356.95713047042955;1.9843771070782167953e-08;
354690.31268750753952;2.0309766313175714458e-08;
355023.6682445446495;2.0302273640027124202e-08;
355357.02380158175947;1.9976997833737186738e-08;
355690.37935861886945;2.0932770183890170301e-08;
356023.73491565597942;2.0837413572394325456e-08;
356357.0904726930894;2.0701866887407049944e-08;
356690.44602973019937;2.005985066944049322e-08;
357023.80158676730935;2.1491022295094808214e-08;
357357.15714380441932;2.1041126174736746179e-08;
357690.51270084152929;2.0838403003153871396e-08;
358023.86825787863927;2.1411509010249574203e-08;
358357.22381491574924;2.0718093907134971232e-08;
358690.57937195285922;2.1134333394456916722e-08;
359023.93492898996919;2.1301319819144737266e-08;
359357.29048602707917;2.1450512477372285502e-08;
359690.64604306418914;2.1619388945737227914e-08;
360024.00160010129912;2.0574066894596398924e-08;
360357.35715713840909;2.2009924549593051779e-08;
360690.71271417551907;2.1816676465391537931e-08;
361024.06827121262904;2.0964272096080094343e-08;
361357.42382824973902;2.1172720465756356134e-08;
361690.77938528684899;2.1604620314974454232e-08;
362024.13494232395897;2.1844366315804109036e-08;
362357.49049936106894;2.1552610363073654298e-08;
362690.84605639817892;2.0695793523373140488e-08;
363024.20161343528889;2.2182932823966439173e-08;
363357.55717047239887;2.2259053267248418706e-08;
363690.91272750950884;2.2261087195829531993e-08;
364024.26828454661882;2.2221547268941321818e-08;
364357.62384158372879;2.1560943253007280873e-08;
364690.97939862083877;2.2638422692011772597e-08;
365024.33495565794874;2.247780983566372015e-08;
365357.69051269505871;2.3516557590141928813e-08;
365691.04606973216869;2.2202426563922017522e-08;
366024.40162676927866;2.2198721083555028599e-08;
366357.75718380638864;2.2087469631060230313e-08;
366691.11274084349861;2.2205547622888843762e-08;
367024.46829788060859;2.1265874394771344669e-08;
367357.82385491771856;2.2760726636761319241e-08;
367691.17941195482854;2.2197395921352836012e-08;
368024.53496899193851;2.3597999998514751496e-08;
368357.89052602904849;2.310411950645629986e-08;
368691.24608306615846;2.1454582110891351476e-08;
369024.60164010326844;2.3113090108495271124e-08;
369357.95719714037841;2.3035951812744315248e-08;
369691.31275417748839;2.297149492846983776e-08;
370024.66831121459836;2.3645764457569384831e-08;
370358.02386825170834;2.2600952220841463713e-08;
370691.37942528881831;2.3951374217290322122e-08;
371024.73498232592829;2.4227372108498457237e-08;
371358.09053936303826;2.3232733070699396194e-08;
371691.44609640014824;2.3679268323917312955e-08;
372024.80165343725821;2.5419343074872813304e-08;
372358.15721047436818;2.3134782978218026983e-08;
372691.51276751147816;2.4279609434074700403e-08;
373024.86832454858813;2.4384632979490561411e-08;
373358.22388158569811;2.3184826503097610839e-08;
373691.57943862280808;2.4126245889988240378e-08;
374024.93499565991806;2.3572642504632312921e-08;
374358.29055269702803;2.4544855037333945802e-08;
374691.64610973413801;2.4561375155940368131e-08;
375025.00166677124798;2.589471037595103553e-08;
375358.35722380835796;2.2426652535045832337e-08;
375691.71278084546793;2.5040572282364337298e-08;
376025.06833788257791;2.4959673439184371091e-08;
376358.42389491968788;2.474604698932125757e-08;
376691.77945195679786;2.4953886068601605075e-08;
377025.13500899390783;2.5649503854197064356e-08;
377358.49056603101781;2.3705281293473490223e-08;
377691.84612306812778;2.3393438297603097453e-08;
378025.20168010523776;2.479186633763674763e-08;
378358.55723714234773;2.3509493018991634017e-08;
378691.91279417945771;2.5741544007473748934e-08;
379025.26835121656768;2.5462471242576611985e-08;
379358.62390825367766;2.6146897980083849689e-08;
379691.97946529078763;2.461952064436445653e-08;
380025.3350223278976;2.3695454487437928037e-08;
380358.69057936500758;2.6517238183032532106e-08;
380692.04613640211755;2.4126245889988240378e-08;
381025.40169343922753;2.5420325400205001642e-08;
381358.7572504763375;2.5104306189405178884e-08;
381692.11280751344748;2.4243806961976588354e-08;
382025.46836455055745;4.6906698969451099401e-08;
382358.82392158766743;2.4473726156770680973e-08;
382692.1794786247774;2.5379408796766256273e-08;
383025.53503566188738;2.619485073296345945e-08;
383358.89059269899735;2.4084238603450103255e-08;
383692.24614973610733;2.4469512638347623579e-08;
384025.6017067732173;2.6197151115070482774e-08;
384358.95726381032728;2.5571264217205680325e-08;
384692.31282084743725;2.6244595829894024064e-08;
385025.66837788454723;2.5275250337131183187e-08;
385359.0239349216572;2.533811205296387925e-08;
385692.37949195876718;2.5380389345741605212e-08;
386025.73504899587715;2.4762050188087414426e-08;
386359.09060603298713;2.4096385331517922168e-08;
386692.4461630700971;2.6672113406789321743e-08;
387025.80172010720707;2.5265970649002156279e-08;
387359.15727714431705;2.5607857168097325484e-08;
387692.51283418142702;2.5392564495518854528e-08;
388025.868391218537;2.5359309319128442439e-08;
388359.22394825564697;2.5550743742996928631e-08;
388692.57950529275695;2.6318652146528620506e-08;
389025.93506232986692;2.4529121844807377784e-08;
389359.2906193669769;2.5087949495627981378e-08;
389692.64617640408687;2.6568995892262137204e-08;
390026.00173344119685;2.5607587161857736646e-08;
390359.35729047830682;2.6160407173847488593e-08;
390692.7128475154168;2.605272264588620601e-08;
391026.06840455252677;2.5608487774775312573e-08;
391359.42396158963675;2.6029299604601874307e-08;
391692.77951862674672;2.578775593065074645e-08;
392026.1350756638567;2.7017929227213244303e-08;
392359.49063270096667;2.6585803780676542374e-08;
392692.84618973807665;2.7476282582483690931e-08;
393026.20174677518662;2.4343416171745957399e-08;
393359.5573038122966;2.5589059760022792034e-08;
393692.91286084940657;2.5374861323257391632e-08;
394026.26841788651654;2.5897074706904277264e-08;
394359.62397492362652;2.552718925130648131e-08;
394692.97953196073649;2.6500751815206058382e-08;
395026.33508899784647;2.4781980911825485236e-08;
395359.69064603495644;2.6206771863712674531e-08;
395693.04620307206642;2.7524883705609681783e-08;
396026.40176010917639;2.5167272710291399562e-08;
396359.75731714628637;2.6713424361446413968e-08;
396693.11287418339634;2.6519705542682459054e-08;
397026.46843122050632;2.3863805154178407975e-08;
397359.82398825761629;2.5352939303502353141e-08;
397693.17954529472627;2.6717460244185531337e-08;
398026.53510233183624;2.6799771291052820743e-08;
398359.89065936894622;2.554648048658236803e-08;
398693.24621640605619;2.4890054461934596475e-08;
399026.60177344316617;2.6497911420619857381e-08;
399359.95733048027614;2.6507130712616344681e-08;
399693.31288751738612;2.675733945523006696e-08;
400026.66844455449609;2.7179739348071052518e-08;
400360.02400159160607;2.5528086311510378437e-08;
400693.37955862871604;2.5214093923864311364e-08;
401026.73511566582602;2.6347102277668454917e-08;
401360.09067270293599;2.6098071259639255004e-08;
401693.44622974004596;2.5779874235354327539e-08;
402026.80178677715594;2.6685329501674459607e-08;
402360.15734381426591;2.5408539272575580981e-08;
402693.51290085137589;2.6915556006201768469e-08;
403026.86845788848586;2.5691894833812511934e-08;
403360.22401492559584;2.5878520659716741648e-08;
403693.57957196270581;2.6520778462213456805e-08;
404026.93512899981579;2.6752497106485861877e-08;
404360.29068603692576;2.5288928284794565116e-08;
404693.64624307403574;2.6325681190542127297e-08;
405027.00180011114571;2.5823116089895847836e-08;
405360.35735714825569;2.6791580509666346188e-08;
405693.71291418536566;2.4436907608560431981e-08;
406027.06847122247564;2.5303815931465578615e-08;
406360.42402825958561;2.4744482018945745949e-08;
406693.77958529669559;2.6661853169684945897e-08;
407027.13514233380556;2.6449916035176102014e-08;
407360.49069937091554;2.8115584527199644072e-08;
407693.84625640802551;2.5866384589789959136e-08;
408027.20181344513549;2.6189697521772359323e-08;
408360.55737048224546;2.5177135043463749753e-08;
408693.91292751935543;2.5865611874564820027e-08;
409027.26848455646541;2.7037918570727015322e-08;
409360.62404159357538;2.495739437335942057e-08;
409693.97959863068536;2.5882838983193323656e-08;
410027.33515566779533;2.6635262884155963548e-08;
410360.69071270490531;2.5225833866215907619e-08;
410694.04626974201528;2.4931233966185573081e-08;
411027.40182677912526;2.3672196647339660558e-08;
411360.75738381623523;2.7167041949383019528e-08;
411694.11294085334521;2.538605237134561321e-08;
412027.46849789045518;2.6422190657626742905e-08;
412360.82405492756516;2.4158691047659885953e-08;
412694.17961196467513;2.5299016215285519138e-08;
413027.53516900178511;2.6706855393854311842e-08;
413360.89072603889508;2.5021487104481821007e-08;
413694.24628307600506;2.6397369623509803205e-08;
414027.60184011311503;2.540144272700217698e-08;
414360.95739715022501;2.5876110143485675508e-08;
414694.31295418733498;2.6252942930682365841e-08;
415027.66851122444496;2.6863169466651015682e-08;
415361.02406826155493;2.4125355935211700853e-08;
415694.37962529866491;2.4325503389377445274e-08;
416027.73518233577488;2.5424165883691784984e-08;
416361.09073937288485;2.6355666093991203525e-08;
416694.44629640999483;2.5706430761829324183e-08;
417027.8018534471048;2.5232836264876823407e-08;
417361.15741048421478;2.5170722395273514849e-08;
417694.51296752132475;2.4067025705676314828e-08;
418027.86852455843473;2.460909875878769526e-08;
418361.2240815955447;2.4764922557096724631e-08;
418694.57963863265468;2.6473392367165615724e-08;
419027.93519566976465;2.5391180713540961733e-08;
419361.29075270687463;2.5940741110730414221e-08;
419694.6463097439846;2.5155648231134364323e-08;
420028.00186678109458;2.5217813615086015488e-08;
420361.35742381820455;2.4545371957174211275e-08;
420694.71298085531453;2.4311320956371673674e-08;
421028.0685378924245;2.3877266386307383073e-08;
421361.42409492953448;2.4578985957646182214e-08;
421694.77965196664445;2.6141112385857923073e-08;
422028.13520900375443;2.4427636802215602074e-08;
422361.4907660408644;2.4641112261747366574e-08;
422694.84632307797438;2.517023567349951918e-08;
423028.20188011508435;2.5192310459942746093e-08;
423361.55743715219432;2.4562410771977738477e-08;
423694.9129941893043;2.5757648458579751605e-08;
424028.26855122641427;2.3957223760362467146e-08;
424361.62410826352425;2.4651113150753189984e-08;
424694.97966530063422;2.4327427183834515745e-08;
425028.3352223377442;2.6101831807068265334e-08;
425361.69077937485417;2.5268235503972391598e-08;
425695.04633641196415;2.4009889187937005772e-08;
426028.40189344907412;2.484051897511108109e-08;
426361.7574504861841;2.3456854236769686395e-08;
426695.11300752329407;2.3685924332994545694e-08;
427028.46856456040405;2.4695888001247112697e-08;
427361.82412159751402;2.4528215902819283656e-08;
427695.179678634624;2.3958065753504342865e-08;
428028.53523567173397;2.3163819307114863477e-08;
428361.89079270884395;2.4281783694846126309e-08;
428695.24634974595392;2.4523865604919592442e-08;
429028.6019067830639;2.419058553471131745e-08;
429361.95746382017387;2.3114674618796016148e-08;
429695.31302085728385;2.3528416548401764885e-08;
430028.66857789439382;2.286653000282967696e-08;
430362.0241349315038;2.4072479121173273597e-08;
430695.37969196861377;2.3358573741916188737e-08;
431028.73524900572374;2.3611560706626733008e-08;
431362.09080604283372;2.3878818922185018891e-08;
431695.44636307994369;2.3259277170950554137e-08;
432028.80192011705367;2.4351370697672791721e-08;
432362.15747715416364;2.3479529431824630592e-08;
432695.51303419127362;2.3079698152628225216e-08;
433028.86859122838359;2.2622083761802969093e-08;
433362.22414826549357;2.348348893121965375e-08;
433695.57970530260354;2.4005039733765443088e-08;
434028.93526233971352;2.3188899689330355613e-08;
434362.29081937682349;2.390320297251946613e-08;
434695.64637641393347;2.2182932823966439173e-08;
435029.00193345104344;2.2347366623876041558e-08;
435362.35749048815342;2.322085990158484492e-08;
435695.71304752526339;2.2759966356034055934e-08;
436029.06860456237337;2.4680621990569306945e-08;
436362.42416159948334;2.3589171505022932251e-08;
436695.77971863659332;2.3208338362223912554e-08;
437029.13527567370329;2.2095656859733026067e-08;
437362.49083271081327;2.2821383893756319594e-08;
437695.84638974792324;2.2280806533103714173e-08;
438029.20194678503321;2.2748414707507436106e-08;
438362.55750382214319;2.3390727577066172671e-08;
438695.91306085925316;2.2705654245669393276e-08;
439029.26861789636314;2.2792736587007311755e-08;
439362.62417493347311;2.2965764401305932552e-08;
439695.97973197058309;2.260567733003426838e-08;
440029.33528900769306;2.1901925606471195351e-08;
440362.69084604480304;2.3945357696675273473e-08;
440696.04640308191301;2.1947567319102745387e-08;
441029.40196011902299;2.2914584008049132535e-08;
441362.75751715613296;2.3380826164043355675e-08;
441696.11307419324294;2.3595720932689800975e-08;
442029.46863123035291;2.322412306909882318e-08;
442362.82418826746289;2.286263445228087221e-08;
442696.17974530457286;2.3223632794611148711e-08;
443029.53530234168284;2.2574523583784866787e-08;
443362.89085937879281;2.2601547300382662797e-08;
443696.24641641590279;2.1260010640844484442e-08;
444029.60197345301276;2.1339410238851996837e-08;
444362.95753049012274;2.2774644392598020204e-08;
444696.31308752723271;2.2054008397276447795e-08;
445029.66864456434269;2.3424240325198297796e-08;
445363.02420160145266;2.256865627714432776e-08;
445696.37975863856263;2.1446970421834521403e-08;
446029.73531567567261;2.2390672427263780264e-08;
446363.09087271278258;2.1513157477670574735e-08;
446696.44642974989256;2.3105133806211597403e-08;
447029.80198678700253;2.0883332396692821931e-08;
447363.15754382411251;2.1624250834406666399e-08;
447696.51310086122248;2.1451265652672191209e-08;
448029.86865789833246;2.179269742441647395e-08;
448363.22421493544243;2.2633173557551344857e-08;
448696.57977197255241;2.2544167421756355907e-08;
449029.93532900966238;2.2485235007252413197e-08;
449363.29088604677236;2.2528054088866156235e-08;
449696.64644308388233;2.2023771251156176731e-08;
450030.00200012099231;2.1017410034573913435e-08;
450363.35755715810228;2.169212898195382877e-08;
450696.71311419521226;2.1724430254721482925e-08;
451030.06867123232223;2.1785080406289125676e-08;
451363.42422826943221;2.2020831380586969317e-08;
451696.77978530654218;2.1555109697146690451e-08;
452030.13534234365216;2.1508130387815072027e-08;
452363.49089938076213;2.1442600584009596787e-08;
452696.8464564178721;2.0728723626461942331e-08;
453030.20201345498208;2.1936388705512399611e-08;
453363.55757049209205;2.1574582120820195996e-08;
453696.91312752920203;2.100928853110417549e-08;
454030.268684566312;2.1477925216117910168e-08;
454363.62424160342198;2.2687752121441917552e-08;
454696.97979864053195;2.1765647062466086936e-08;
455030.33535567764193;2.216369132668205566e-08;
455363.6909127147519;2.1017704909809253877e-08;
455697.04646975186188;2.0371226483462123724e-08;
456030.40202678897185;2.1401692862355048419e-08;
456363.75758382608183;2.1230599500654534495e-08;
456697.1131408631918;2.1741685785059416958e-08;
457030.46869790030178;2.1162419372444674082e-08;
457363.82425493741175;2.1176141729029041016e-08;
457697.17981197452173;2.1187826604318615864e-08;
458030.5353690116317;2.0866059102786493895e-08;
458363.89092604874168;2.0452157301065199135e-08;
458697.24648308585165;2.1791471738197287777e-08;
459030.60204012296163;2.0415328094713913742e-08;
459363.9575971600716;2.0366179853681387613e-08;
459697.31315419718158;2.0848764492598093057e-08;
460030.66871123429155;2.0817546797502473055e-08;
460364.02426827140152;2.0997333649575011805e-08;
460697.3798253085115;2.0215969342984863033e-08;
461030.73538234562147;1.9873947820769899408e-08;
461364.09093938273145;2.1630899738056541537e-08;
461697.44649641984142;2.0727302540990422131e-08;
462030.8020534569514;1.9538157758347551862e-08;
462364.15761049406137;2.0849132198463848908e-08;
462697.51316753117135;2.0216893048541351163e-08;
463030.86872456828132;2.0365931163723871578e-08;
463364.2242816053913;2.1445613285209219612e-08;
463697.57983864250127;2.0114441667828941718e-08;
464030.93539567961125;1.9954971008928623633e-08;
464364.29095271672122;2.1422946971938472416e-08;
464697.6465097538312;2.1209128675536703668e-08;
465031.00206679094117;2.0328540628611335706e-08;
465364.35762382805115;2.1334574995535149355e-08;
465697.71318086516112;2.0616434781572934298e-08;
466031.0687379022711;1.9796104311353701632e-08;
466364.42429493938107;2.1342785316846857313e-08;
466697.77985197649105;1.9974471854311559582e-08;
467031.13540901360102;2.0866682604037123383e-08;
467364.49096605071099;1.9460776101709598152e-08;
467697.84652308782097;2.0152498336756252684e-08;
468031.20208012493094;2.0325755301087156113e-08;
468364.55763716204092;2.056474457390322641e-08;
468697.91319419915089;2.0844590054025502468e-08;
469031.26875123626087;2.0419774315882932569e-08;
469364.62430827337084;1.9532151895873539615e-08;
469697.97986531048082;2.0880140283452419681e-08;
470031.33542234759079;1.9538193285484339867e-08;
470364.69097938470077;2.0533553524160197412e-08;
470698.04653642181074;2.0466282890652109927e-08;
471031.40209345892072;2.0194352856606201385e-08;
471364.75765049603069;1.9949679241904050286e-08;
471698.11320753314067;1.9759379910055940854e-08;
472031.46876457025064;2.0491681240741854708e-08;
472364.82432160736062;1.9790540761732700048e-08;
472698.17987864447059;2.0281849089087700122e-08;
473031.53543568158057;1.8888746566858571896e-08;
473364.89099271869054;2.0336006656407334958e-08;
473698.24654975580052;2.1601357147460475971e-08;
474031.60210679291049;1.9652031113537304918e-08;
474364.95766383002046;1.9561444020155249746e-08;
474698.31322086713044;2.0118470445140701486e-08;
475031.66877790424041;1.93121856284506066e-08;
475365.02433494135039;2.0331398786765930708e-08;
475698.37989197846036;2.0213128948398662033e-08;
476031.73544901557034;1.996601639575601439e-08;
476365.09100605268031;2.01107663855282226e-08;
476698.44656308979029;2.0596669259020927711e-08;
477031.80212012690026;2.0849132198463848908e-08;
477365.15767716401024;1.9326678923903273244e-08;
477698.51323420112021;1.9591983146938218852e-08;
478031.86879123823019;2.0381570209337951383e-08;
478365.22434827534016;1.9081854318869773124e-08;
478698.57990531245014;1.9973068532408433384e-08;
479031.93546234956011;1.9186964905770764744e-08;
479365.29101938667009;2.0435278358377217955e-08;
479698.64657642378006;1.9445225873937488359e-08;
480032.00213346089004;1.9148476582131479518e-08;
480365.35769049800001;1.9940427975484453782e-08;
480698.71324753510999;1.892608025855224696e-08;
481032.06880457221996;1.9027758924039517296e-08;
481365.42436160932994;1.9504618364862835733e-08;
481698.77991864643991;2.0209222739708820882e-08;
482032.13547568354988;1.9428767927820445038e-08;
482365.49103272065986;1.8635059717553303926e-08;
482698.84658975776983;1.9333299405843717977e-08;
483032.20214679487981;1.9833699127502768533e-08;
483365.55770383198978;1.8760799136430250655e-08;
483698.91326086909976;1.9088794545041309902e-08;
484032.26881790620973;1.9137447182515643362e-08;
484365.62437494331971;1.9185414146249968326e-08;
484698.97993198042968;1.8026682369054469746e-08;
485032.33548901753966;1.9249117855224540108e-08;
485365.69104605464963;1.913324432223362237e-08;
485699.04660309175961;1.8946671787034574663e-08;
486032.40216012886958;1.9892949509880963888e-08;
486365.75771716597956;1.9528481942643338698e-08;
486699.11327420308953;1.8271125057367498812e-08;
487032.46883124019951;1.9668608075562588056e-08;
487365.82438827730948;1.9191885414215903438e-08;
487699.17994531441946;1.9212125224044029892e-08;
488032.53550235152943;1.8440060145508141431e-08;
488365.89105938863941;1.8596830742012571136e-08;
488699.24661642574938;1.8520507794050899975e-08;
489032.60217346285935;1.8832752246566997201e-08;
489365.95773049996933;1.9101172199498250848e-08;
489699.3132875370793;2.0357632024570193607e-08;
490032.66884457418928;1.9306249043893330963e-08;
490366.02440161129925;1.826685647188242001e-08;
490699.37995864840923;1.8814597879668326641e-08;
491032.7355156855192;1.9555670860427198932e-08;
491366.09107272262918;1.9349847946159570711e-08;
491699.44662975973915;1.7789355766240078083e-08;
492032.80218679684913;1.9526286365589839988e-08;
492366.1577438339591;1.9312118126890709391e-08;
492699.51330087106908;1.9733986889036714274e-08;
493032.86885790817905;1.8670613499693899939e-08;
493366.22441494528903;1.8481278729609584843e-08;
493699.579971982399;1.8562330339477739471e-08;
494032.93552901950898;1.8739388707444959437e-08;
494366.29108605661895;1.7530497942175315984e-08;
494699.64664309372893;1.8786590061381502892e-08;
495033.0022001308389;1.8858839823110429279e-08;
495366.35775716794888;1.8357477316044423787e-08;
495699.71331420505885;1.9793983341287457733e-08;
496033.06887124216883;1.8624259467969750403e-08;
496366.4244282792788;1.8222241493504043319e-08;
496699.77998531638877;1.9307369925058992521e-08;
497033.13554235349875;1.8560145420565277163e-08;
497366.49109939060872;1.8269391333092244167e-08;
497699.8466564277187;1.7766526028140106064e-08;
498033.20221346482867;1.8128369916325937083e-08;
498366.55777050193865;1.8289879832877886656e-08;
498699.91332753904862;1.8273306423566282319e-08;
499033.2688845761586;1.8845062399464040936e-08;
499366.62444161326857;2.0514336895871565503e-08;
499699.97999865037855;1.9194313694015363581e-08;
500033.33555568748852;1.8036059756809663668e-08;
500366.6911127245985;1.9019537944586772937e-08;
500700.04666976170847;1.973686458711654268e-08;
501033.40222679881845;1.8321072658977755054e-08;
501366.75778383592842;1.9011221041864700965e-08;
501700.1133408730384;1.7812871178080058598e-08;
502033.46889791014837;1.9283403318581804342e-08;
502366.82445494725835;1.7863793999595145578e-08;
502700.18001198436832;2.0072576489837956615e-08;
503033.5355690214783;1.9669714745873534412e-08;
503366.89112605858827;1.886331268963203911e-08;
503700.24668309569824;1.8775503818346805929e-08;
504033.60224013280822;1.9400085093934649194e-08;
504366.95779716991819;1.7135945995505608153e-08;
504700.31335420702817;1.8898072440265423211e-08;
505033.66891124413814;1.7778827299252952798e-08;
505367.02446828124812;1.7871862212359701516e-08;
505700.38002531835809;1.8233929921507296967e-08;
506033.73558235546807;1.8453993888556396996e-08;
506367.09113939257804;1.7861157886045475607e-08;
506700.44669642968802;1.7898285520345780242e-08;
507033.80225346679799;1.9056427547070597939e-08;
507367.15781050390797;1.8176521621171559673e-08;
507700.51336754101794;1.7693702503152053396e-08;
508033.86892457812792;1.9426755315521404555e-08;
508367.22448161523789;1.8593237172126464429e-08;
508700.58003865234787;1.7423101184022016241e-08;
509033.93559568945784;1.8791409317486795771e-08;
509367.29115272656782;1.8256333333965812926e-08;
509700.64670976367779;1.7491828430138411932e-08;
510034.00226680078777;1.8853638650284665346e-08;
510367.35782383789774;1.7969423282693242072e-08;
510700.71338087500772;1.7833912124842754565e-08;
511034.06893791211769;1.7617743708342459286e-08;
511367.42449494922766;1.8958825620529751177e-08;
511700.78005198633764;1.7972611843219965522e-08;
512034.13560902344761;1.8348545793855919328e-08;
512367.49116606055759;1.774777658170023642e-08;
512700.84672309766756;1.7232485660656493565e-08;
513034.20228013477754;1.7829590248652493756e-08;
513367.55783717188751;1.8199719065137287544e-08;
513700.91339420899749;1.7629881554626081197e-08;
514034.26895124610746;1.7291650777906397707e-08;
514367.62450828321744;1.8921559430395973322e-08;
514700.98006532032741;1.8225122744297550526e-08;
515034.33562235743739;1.7459532486441275978e-08;
515367.69117939454736;1.7616104130979692854e-08;
515701.04673643165734;1.8307430238451161131e-08;
516034.40229346876731;1.7234848215252895898e-08;
516367.75785050587729;1.8082442210243243608e-08;
516701.11340754298726;1.7782230798957243678e-08;
517034.46896458009724;1.8503889975818310631e-08;
517367.82452161720721;1.7519321104941809608e-08;
517701.18007865431719;1.7678479125038393249e-08;
518034.53563569142716;1.7118374273650260875e-08;
518367.89119272853713;1.7972643817643074726e-08;
518701.24674976564711;1.7668078555743704783e-08;
519034.60230680275708;1.7443099409319984261e-08;
519367.95786383986706;1.7717685096840796177e-08;
519701.31342087697703;1.7426224019345681882e-08;
520034.66897791408701;1.8327831696751673007e-08;
520368.02453495119698;1.7377434602394714602e-08;
520701.38009198830696;1.8631066467378332163e-08;
521034.73564902541693;1.7228884985343029257e-08;
521368.09120606252691;1.7906273797052563168e-08;
521701.44676309963688;1.7225676884891072405e-08;
522034.80232013674686;1.6886536613469615986e-08;
522368.15787717385683;1.8271638424494085484e-08;
522701.51343421096681;1.8013102121017254831e-08;
523034.86899124807678;1.7059953449916065438e-08;
523368.22454828518676;1.9326881428582964872e-08;
523701.58010532229673;1.7329936596865991305e-08;
524034.93566235940671;1.7464685697632376105e-08;
524368.29121939651668;1.7973748711597181682e-08;
524701.64677643368486;1.8613466323813554482e-08;
525035.00233347085305;1.7670345187070779502e-08;
525368.35789050802123;1.773110547276246507e-08;
525701.71344754518941;1.6420118598148292222e-08;
526035.06900458235759;1.6984834871891507646e-08;
526368.42456161952578;1.6834524885211976652e-08;
526701.78011865669396;1.8040591243106973707e-08;
527035.13567569386214;1.7376487804199314269e-08;
527368.49123273103032;1.7051652534405548067e-08;
527701.84678976819851;1.6894725618499251141e-08;
528035.20234680536669;1.7702129539998168184e-08;
528368.55790384253487;1.6620072429418542015e-08;
528701.91346087970305;1.7828806875286318245e-08;
529035.26901791687123;1.7781982108999727643e-08;
529368.62457495403942;1.7229671911422883568e-08;
529701.9801319912076;1.7567060695000691339e-08;
530035.33568902837578;1.6983760176003670495e-08;
530368.69124606554396;1.7331368340478547907e-08;
530702.04680310271215;1.8389657796546998725e-08;
531035.40236013988033;1.7717342259970791929e-08;
531368.75791717704851;1.742181687802712986e-08;
531702.11347421421669;1.6988236595238959126e-08;
532035.46903125138488;1.7143321429102797993e-08;
532368.82458828855306;1.7146273734169881209e-08;
532702.18014532572124;1.7451345257768480224e-08;
533035.53570236288942;1.6806481539788364898e-08;
533368.89125940005761;1.7713762900939400424e-08;
533702.24681643722579;1.7104426319747290108e-08;
534035.60237347439397;1.72710361567851578e-08;
534368.95793051156215;1.7363884552423769492e-08;
534702.31348754873034;1.7199278445900745282e-08;
535035.66904458589852;1.7499390381203738798e-08;
535369.0246016230667;1.7220049386423852411e-08;
535702.38015866023488;1.7873242441623915511e-08;
536035.73571569740307;1.6968789040561205184e-08;
536369.09127273457125;1.7691652587359385507e-08;
536702.44682977173943;1.7312165923044631199e-08;
537035.80238680890761;1.6945792324918329541e-08;
537369.1579438460758;1.6941893221655845991e-08;
537702.51350088324398;1.6647657474777588504e-08;
538035.86905792041216;1.7129233143009514606e-08;
538369.22461495758034;1.7538690499918629939e-08;
538702.58017199474853;1.6371785704905050807e-08;
539035.93572903191671;1.8091402154141178471e-08;
539369.29128606908489;1.7130076912508229725e-08;
539702.64684310625307;1.7045604039367390214e-08;
540036.00240014342126;1.6501402910762408283e-08;
540369.35795718058944;1.6595331331359375326e-08;
540702.71351421775762;1.6626760412918883958e-08;
541036.0690712549258;1.7549201203337361221e-08;
541369.42462829209398;1.7298486199024409871e-08;
541702.78018532926217;1.7275892716384078085e-08;
542036.13574236643035;1.7711865751834920957e-08;
542369.49129940359853;1.8049847838597088412e-08;
542702.84685644076671;1.676634830971579504e-08;
543036.2024134779349;1.7026360765726167301e-08;
543369.55797051510308;1.6755393517087213695e-08;
543702.91352755227126;1.7036711597029352561e-08;
544036.26908458943944;1.6611432229751699197e-08;
544369.62464162660763;1.6602010433075520268e-08;
544702.98019866377581;1.7541371022389284917e-08;
545036.33575570094399;1.7903253990425582742e-08;
545369.69131273811217;1.6672476732537688804e-08;
545703.04686977528036;1.7814061337162456766e-08;
546036.40242681244854;1.6838013650044558744e-08;
546369.75798384961672;1.6677807579412728956e-08;
546703.1135408867849;1.639060620561849646e-08;
547036.46909792395309;1.5711819401076354552e-08;
547369.82465496112127;1.6641077849044449977e-08;
547703.18021199828945;1.6533409308294721995e-08;
548036.53576903545763;1.6121315837835936691e-08;
548369.89132607262582;1.6615313569445788744e-08;
548703.246883109794;1.8125598799656472693e-08;
549036.60244014696218;1.6445204309434302559e-08;
549369.95799718413036;1.6772505162521156308e-08;
549703.31355422129855;1.6526294999152923992e-08;
550036.66911125846673;1.5925907703717712138e-08;
550370.02466829563491;1.6894428966907071299e-08;
550703.38022533280309;1.7143895192361924273e-08;
551036.73578236997128;1.5872196001964766765e-08;
551370.09133940713946;1.6766641408594296081e-08;
551703.44689644430764;1.5501917971505463356e-08;
552036.80245348147582;1.7265969987079188286e-08;
552370.15801051864401;1.6534105640175766894e-08;
552703.51356755581219;1.6450577788873488316e-08;
553036.86912459298037;1.6451416229301685235e-08;
553370.22468163014855;1.7497052695603088068e-08;
553703.58023866731673;1.6942934166763734538e-08;
554036.93579570448492;1.6964378346528974362e-08;
554370.2913527416531;1.6125536461686351686e-08;
554703.64690977882128;1.7802047835857592872e-08;
555037.00246681598946;1.6813421765959901677e-08;
555370.35802385315765;1.6717818240863380197e-08;
555703.71358089032583;1.6286330506432022958e-08;
556037.06913792749401;1.5986115542432344228e-08;
556370.42469496466219;1.5452975787866307655e-08;
556703.78025200183038;1.8030325676932079659e-08;
557037.13580903899856;1.7120660444902568997e-08;
557370.49136607616674;1.6182491791028041916e-08;
557703.84692311333492;1.6953414672116196016e-08;
558037.20248015050311;1.6789513779258413706e-08;
558370.55803718767129;1.6504737132549962553e-08;
558703.91359422483947;1.7034347266076110827e-08;
559037.26915126200765;1.5206088832542263845e-08;
559370.62470829917584;1.58809552175398494e-08;
559703.98026533634402;1.6720051121410506312e-08;
560037.3358223735122;1.5770998729180973896e-08;
560370.69137941068038;1.5691600907530300901e-08;
560704.04693644784857;1.5291972133013587154e-08;
561037.40249348501675;1.6525046220294825616e-08;
561370.75805052218493;1.6597372365367846214e-08;
561704.11360755935311;1.630422197251846228e-08;
562037.4691645965213;1.5809721531923059956e-08;
562370.82472163368948;1.5242488160538414377e-08;
562704.18027867085766;1.7313595890300348401e-08;
563037.53583570802584;1.6495288690521192621e-08;
563370.89139274519403;1.6556951365487293515e-08;
563704.24694978236221;1.5702742217627019272e-08;
564037.60250681953039;1.6848044737116651959e-08;
564370.95806385669857;1.6573247663131951413e-08;
564704.31362089386676;1.7278168229495349806e-08;
565037.66917793103494;1.689713080565979908e-08;
565371.02473496820312;1.673571325966349832e-08;
565704.3802920053713;1.616308686891443358e-08;
566037.73584904253948;1.6997431018239694822e-08;
566371.09140607970767;1.5496580019203065604e-08;
566704.44696311687585;1.7954024045252481301e-08;
567037.80252015404403;1.5931084007547724468e-08;
567371.15807719121221;1.6266087143890217703e-08;
567704.5136342283804;1.6411235037594451569e-08;
568037.86919126554858;1.6781905642915262433e-08;
568371.22474830271676;1.5766151051366250613e-08;
568704.58030533988494;1.5276505394012929173e-08;
569037.93586237705313;1.6651723555582975678e-08;
569371.29141941422131;1.6757779164322528231e-08;
569704.64697645138949;1.6994803786474221852e-08;
570038.00253348855767;1.6146030290542512375e-08;
570371.35809052572586;1.5585913004656504199e-08;
570704.71364756289404;1.5777814610373752657e-08;
571038.06920460006222;1.6126188384646411578e-08;
571371.4247616372304;1.6766907862120206119e-08;
571704.78031867439859;1.6141408210046392924e-08;
572038.13587571156677;1.5636565819932002341e-08;
572371.49143274873495;1.6763696208954570466e-08;
572704.84698978590313;1.5772439354577727499e-08;
573038.20254682307132;1.7149286435369504034e-08;
573371.5581038602395;1.6178995920768102224e-08;
573704.91366089740768;1.5062996183701216069e-08;
574038.26921793457586;1.6597285323882715602e-08;
574371.62477497174405;1.6193126839425531216e-08;
574704.98033200891223;1.6936031244085825165e-08;
575038.33588904608041;1.6380933942627962097e-08;
575371.69144608324859;1.5314149948153499281e-08;
575705.04700312041678;1.5477482406822673511e-08;
576038.40256015758496;1.4611376997208935791e-08;
576371.75811719475314;1.9413722185390724917e-08;
576705.11367423192132;1.5989346735523213283e-08;
577038.46923126908951;1.5964591426609331393e-08;
577371.82478830625769;1.6432526450671502971e-08;
577705.18034534342587;1.6239162903275428107e-08;
578038.53590238059405;1.6159338755983299052e-08;
578371.89145941776223;1.5569765920986355923e-08;
578705.24701645493042;1.6176750605723100307e-08;
579038.6025734920986;1.5871416181312270055e-08;
579371.95813052926678;1.7520367379120216356e-08;
579705.31368756643496;1.7674100405429271632e-08;
580038.66924460360315;1.591329379380113096e-08;
580372.02480164077133;1.6481616071928328893e-08;
580705.38035867793951;1.5555002619294100441e-08;
581038.73591571510769;1.5087440630168202915e-08;
581372.09147275227588;1.6038042005561692349e-08;
581705.44702978944406;1.5870496028469460725e-08;
582038.80258682661224;1.5540608799824440212e-08;
582372.15814386378042;1.6167346572615315381e-08;
582705.51370090094861;1.5103378103731301962e-08;
583038.86925793811679;1.555123319008089311e-08;
583372.22481497528497;1.6186927354056024342e-08;
583705.58037201245315;1.568840346521938045e-08;
584038.93592904962134;1.6385509837846257142e-08;
584372.29148608678952;1.6688241899487366027e-08;
584705.6470431239577;1.6074372055641106272e-08;
585039.00260016112588;1.644826674862542859e-08;
585372.35815719829407;1.5511124829004074854e-08;
585705.71371423546225;1.572584729103709833e-08;
586039.06927127263043;1.6642745848116646812e-08;
586372.42482830979861;1.6149066084381047403e-08;
586705.7803853469668;1.5787325224891901598e-08;
587039.13594238413498;1.5708479850218282081e-08;
587372.49149942130316;1.5729051838775376382e-08;
587705.84705645847134;1.678202465882350225e-08;
588039.20261349563953;1.6632982990927303035e-08;
588372.55817053280771;1.6634970734230591916e-08;
588705.91372756997589;1.6856096962669653294e-08;
589039.26928460714407;1.5573705880456145678e-08;
589372.62484164431226;1.604308685898558906e-08;
589705.98039868148044;1.6669577718175787595e-08;
590039.33595571864862;1.6038775640936364653e-08;
590372.6915127558168;1.6018866233480366645e-08;
590706.04706979298498;1.6542328395985350653e-08;
591039.40262683015317;1.6017207116192366811e-08;
591372.75818386732135;1.6480024456200226268e-08;
591706.11374090448953;1.6311041406424919842e-08;
592039.46929794165771;1.5727559699030280171e-08;
592372.8248549788259;1.6072057462679367745e-08;
592706.18041201599408;1.5646595130647256155e-08;
593039.53596905316226;1.5758397253762268519e-08;
593372.89152609033044;1.5325104740782080626e-08;
593706.24708312749863;1.6483063802752440097e-08;
594039.60264016466681;1.6198020702518078906e-08;
594372.95819720183499;1.5262825669992707844e-08;
594706.31375423900317;1.574528063486013707e-08;
595039.66931127617136;1.5400482666905190854e-08;
595373.02486831333954;1.6298981719842231541e-08;
595706.38042535050772;1.605464561293956649e-08;
596039.7359823876759;1.5684269882854096068e-08;
596373.09153942484409;1.618641576328627707e-08;
596706.44709646201227;1.6325948593021166744e-08;
597039.80265349918045;2.8116030392766333534e-08;
597373.15821053634863;1.7789668405043812527e-08;
597706.51376757351682;1.5619077586848106876e-08;
598039.869324610685;1.5065934277913584083e-08;
598373.22488164785318;1.638939650661086489e-08;
598706.58043868502136;1.5580162937567365589e-08;
599039.93599572218955;1.5229131733462963894e-08;
599373.29155275935773;1.564684204424793279e-08;
599706.64710979652591;1.6147250647691180347e-08;
600040.00266683369409;1.5599088243334335857e-08;
600373.35822387086228;1.5766509875447809463e-08;
600706.71378090803046;1.637549651434255793e-08;
601040.06933794519864;1.647904035451119853e-08;
601373.42489498236682;1.6153094861692807171e-08;
601706.78045201953501;1.6667351943056019081e-08;
602040.13600905670319;1.6040353045809752075e-08;
602373.49156609387137;1.5617157345104715205e-08;
602706.84712313103955;1.6247323486595632858e-08;
603040.20268016820773;1.6788069601147981302e-08;
603373.55823720537592;1.5601774094875509036e-08;
603706.9137942425441;1.6474119846066059836e-08;
604040.26935127971228;1.6499576815931504825e-08;
604373.62490831688046;1.5793565566468714678e-08;
604706.98046535404865;1.7151936759773889207e-08;
605040.33602239121683;1.7129956120243150508e-08;
605373.69157942838501;1.809295824273249309e-08;
605707.04713646555319;1.920679437716898974e-08;
606040.40269350272138;1.8389949119068660366e-08;
606373.75825053988956;1.8583929062288007117e-08;
606707.11380757705774;1.9326813927023067663e-08;
607040.46936461422592;1.7997729528929085063e-08;
607373.82492165139411;1.7722914691375990515e-08;
607707.18047868856229;1.7328870782762351155e-08;
608040.53603572573047;1.7484209635654224257e-08;
608373.89159276289865;1.6786447787353608874e-08;
608707.24714980006684;1.7379784722493241134e-08;
609040.60270683723502;1.7047369738065754063e-08;
609373.9582638744032;1.702486507326739229e-08;
609707.31382091157138;1.9603962897463134141e-08;
610040.66937794873957;1.684585448913367145e-08;
610374.02493498590775;1.7574992128288613458e-08;
610707.38049202307593;1.7095803883648841293e-08;
611040.73604906024411;1.6874762920338071126e-08;
611374.0916060974123;1.599485344172535406e-08;
611707.44716313458048;1.5408925690962860244e-08;
612040.80272017174866;1.5956151955265340803e-08;
612374.15827720891684;1.6658452395290623826e-08;
612707.51383424608503;1.7386961204124418146e-08;
613040.86939128325321;1.6737153885060251923e-08;
613374.22494832042139;1.6830709270720944915e-08;
613707.58050535758957;1.6100344168989977334e-08;
614040.93606239475776;1.6256231916145225114e-08;
614374.29161943192594;1.7233121596404998854e-08;
614707.64717646909412;1.5959066956838796614e-08;
615041.0027335062623;1.5813666820463367912e-08;
615374.35829054343048;1.6077507325462647714e-08;
615707.71384758059867;1.6233286714850692078e-08;
616041.06940461776685;1.4622957955623405724e-08;
616374.42496165493503;1.6224049659285810776e-08;
616707.78051869210321;1.6476116471153545717e-08;
617041.1360757292714;1.530414550643399707e-08;
617374.49163276643958;1.5621136384424971766e-08;
617707.84718980360776;1.6144698022912962188e-08;
618041.20274684077594;1.5421870003251569869e-08;
618374.55830387794413;1.5789682450417785731e-08;
618707.91386091511231;1.6036127092888818879e-08;
619041.26941795228049;1.5347303872204065556e-08;
619374.62497498944867;1.6254174894925199624e-08;
619707.98053202661686;1.5922074325658286398e-08;
620041.33608906378504;1.6243957290384969383e-08;
620374.69164610095322;1.6744095887588628102e-08;
620708.0472031381214;1.6588540319162348169e-08;
621041.40276017528959;1.5896334915055376769e-08;
621374.75831721245777;1.5349703730294095294e-08;
621708.11387424962595;1.5884051407510924037e-08;
622041.46943128679413;1.4636913903132153791e-08;
622374.82498832396232;1.4681774906932787417e-08;
622708.1805453611305;1.5899658478701894637e-08;
623041.53610239829868;1.4404126780220849469e-08;
623374.89165943546686;1.608762190130619274e-08;
623708.24721647263505;1.5500310368565806129e-08;
624041.60277350980323;1.72788361396669643e-08;
624374.95833054697141;1.588620079928659834e-08;
624708.31388758413959;1.565456919649932388e-08;
625041.66944462130778;1.5454686419502650097e-08;
625375.02500165847596;1.5153394983258294815e-08;
625708.38055869564414;1.4894668609599648335e-08;
626041.73611573281232;1.59752797657120027e-08;
626375.09167276998051;1.5789293428269957076e-08;
626708.44722980714869;1.5986621804131573299e-08;
627041.80278684431687;1.49454901787748895e-08;
627375.15834388148505;1.6190680796057677071e-08;
627708.51390091865323;1.5300731348588669789e-08;
628041.86945795582142;1.5461829150353878504e-08;
628375.2250149929896;1.6258145052461259183e-08;
628708.58057203015778;1.4990691354910268274e-08;
629041.93612906732596;1.5753801818618740072e-08;
629375.29168610449415;1.586776399165046314e-08;
629708.64724314166233;1.6684664316812813922e-08;
630042.00280017883051;1.6110982770101145434e-08;
630375.35835721599869;1.5628739191697604838e-08;
630708.71391425316688;1.524875514746781846e-08;
631042.06947129033506;1.4865078057368918962e-08;
631375.42502832750324;1.4776009749084551004e-08;
631708.78058536467142;1.5763657046363732661e-08;
632042.13614240183961;1.6386056955752792419e-08;
632375.49169943900779;1.52816603815608687e-08;
632708.84725647617597;1.6054251261721219635e-08;
633042.20281351334415;1.4839090844986912998e-08;
633375.55837055051234;1.5776373984976999054e-08;
633708.91392758768052;1.5410684284233866492e-08;
634042.2694846248487;1.5215920967648344231e-08;
634375.62504166201688;1.5534549646645245957e-08;
634708.98059869918507;1.5515457363335372065e-08;
635042.33615573635325;1.523073756004578172e-08;
635375.69171277352143;1.6081997955552651547e-08;
635709.04726981068961;1.6081010301149945008e-08;
636042.4028268478578;1.5610327253057221242e-08;
636375.75838388502598;1.5064451019952684874e-08;
636709.11394092219416;1.4914594004267200944e-08;
637042.46949795936234;1.5665269970099870989e-08;
637375.82505499653053;1.7503262839113631344e-08;
637709.18061203369871;1.8489656028464196424e-08;
638042.53616907086689;1.5694441302116501902e-08;
638375.89172610803507;1.5507556128113719751e-08;
638709.24728314520326;1.4946646587077339063e-08;
639042.60284018237144;1.4775828560686932178e-08;
639375.95839721953962;1.5650471141270827502e-08;
639709.3139542567078;1.5299280065050879784e-08;
640042.66951129387598;1.510563230056050088e-08;
640376.02506833104417;1.5474245884661286254e-08;
640709.38062536821235;1.499946300498322671e-08;
641042.73618240538053;1.5500310368565806129e-08;
641376.09173944254871;1.5447628953779712901e-08;
641709.4472964797169;1.5642527273485029582e-08;
642042.80285351688508;1.5679091802667244337e-08;
642376.15841055405326;1.5577372280972667795e-08;
642709.51396759122144;1.6458642448924365453e-08;
643042.86952462838963;1.5690746479890549381e-08;
643376.22508166555781;1.4742795428901445121e-08;
643709.58063870272599;1.4447309126808249857e-08;
644042.93619573989417;1.5502408245993137825e-08;
644376.29175277706236;1.5922998031214774528e-08;
644709.64730981423054;1.4937537429204894579e-08;
645043.00286685139872;1.6458093554660990776e-08;
645376.3584238885669;1.6006742598051459936e-08;
645709.71398092573509;1.441506203292419741e-08;
646043.06953796290327;1.5126346397664747201e-08;
646376.42509500007145;1.5140463105467460991e-08;
646709.78065203723963;1.4585705976344343071e-08;
647043.13620907440782;1.6244612766058708075e-08;
647376.491766111576;1.6180758066752787272e-08;
647709.84732314874418;1.5758674365429214959e-08;
648043.20288018591236;1.485364453657211925e-08;
648376.55843722308055;2.0246961440761879203e-08;
648709.91399426024873;1.564513851803894795e-08;
649043.26955129741691;1.6331828334159581573e-08;
649376.62510833458509;1.5836574718264273542e-08;
649709.98066537175328;1.5348490478572784923e-08;
650043.33622240892146;1.4369602396868685901e-08;
650376.69177944608964;1.5157894495132495649e-08;
650710.04733648325782;1.4950584770190289419e-08;
651043.40289352042601;1.5446570245103430352e-08;
651376.75845055759419;1.5259582042403962987e-08;
651710.11400759476237;1.5039013590012473287e-08;
652043.46956463193055;1.5211645276735907828e-08;
652376.82512166909873;1.4734794717696786392e-08;
652710.18067870626692;1.4931817560182025773e-08;
653043.5362357434351;1.6235912170259325649e-08;
653376.89179278060328;1.4620440857981975569e-08;
653710.24734981777146;1.5969247257885399449e-08;
654043.60290685493965;1.585592102060218167e-08;
654376.95846389210783;1.5160210864451073576e-08;
654710.31402092927601;1.5205527503781013365e-08;
655043.66957796644419;1.5253657892344563152e-08;
655377.02513500361238;1.5666453023754911555e-08;
655710.38069204078056;1.4766824207868012309e-08;
656043.73624907794874;1.5285793963926153083e-08;
656377.09180611511692;1.4811171844542059262e-08;
656710.44736315228511;1.5210362747097860847e-08;
657043.80292018945329;1.5545850828857510351e-08;
657377.15847722662147;1.5431409039479149214e-08;
657710.51403426378965;1.5735242442360686255e-08;
658043.86959130095784;1.579237363102947711e-08;
658377.22514833812602;1.6195830454535098397e-08;
658710.5807053752942;1.5690773125243140385e-08;
659043.93626241246238;1.5392421559567992517e-08;
659377.29181944963057;1.5025836574977802229e-08;
659710.64737648679875;1.5212206605497158307e-08;
660044.00293352396693;1.5530838837207738834e-08;
660377.35849056113511;1.5307909606576686201e-08;
660710.7140475983033;1.4794607317014651926e-08;
661044.06960463547148;1.5558720534158965165e-08;
661377.42516167263966;1.5770886818700091681e-08;
661710.78071870980784;1.526598936152367969e-08;
662044.13627574697603;1.4743391396621063905e-08;
662377.49183278414421;1.5474654446734348312e-08;
662710.84738982131239;1.4351035027004854783e-08;
663044.20294685848057;1.5061752733913635893e-08;
663377.55850389564876;1.4381395629925464164e-08;
663710.91406093281694;1.4790345836956930725e-08;
664044.26961796998512;1.6647394573965357267e-08;
664377.6251750071533;1.5645523987473097804e-08;
664710.98073204432148;1.5464680203081115906e-08;
665044.33628908148967;1.5869158431769392337e-08;
665377.69184611865785;1.5445811740733006445e-08;
665711.04740315582603;1.5079782755833548435e-08;
666044.40296019299421;1.5982914547407744976e-08;
666377.7585172301624;1.5822003263110673288e-08;
666711.11407426733058;1.4536234438367046096e-08;
667044.46963130449876;1.4297511619076885836e-08;
667377.82518834166694;1.5060535929478646722e-08;
667711.18074537883513;1.5754991977701138239e-08;
668044.53630241600331;1.4797778113972981373e-08;
668377.89185945317149;1.5371398376373690553e-08;
668711.24741649033967;1.5500011940616786887e-08;
669044.60297352750786;1.5230710914693190716e-08;
669377.95853056467604;1.6000079483546869596e-08;
669711.31408760184422;1.5014517629197143833e-08;
670044.6696446390124;1.5798617525319968991e-08;
670378.02520167618059;1.5536759434553459869e-08;
670711.38075871334877;1.5054292035188154841e-08;
671044.73631575051695;1.4633211087300423969e-08;
671378.09187278768513;1.586556130916960683e-08;
671711.44742982485332;1.4944362192181870341e-08;
672044.8029868620215;1.5217258564348412619e-08;
672378.15854389918968;1.6002722702523897169e-08;
672711.51410093635786;1.5839578537679699366e-08;
673044.86965797352605;1.5063445601981584332e-08;
673378.22521501069423;1.4257806491002611438e-08;
673711.58077204786241;1.4997777242342635873e-08;
674044.93632908503059;1.4729566899518431455e-08;
674378.29188612219878;1.4846652796052239864e-08;
674711.64744315936696;1.5641099082586151781e-08;
675045.00300019653514;1.5534112662862753496e-08;
675378.35855723370332;1.5526392616038720007e-08;
675711.71411427087151;1.4633520173390479613e-08;
676045.06967130803969;1.4838883011236703169e-08;
676378.42522834520787;1.5538015318838915846e-08;
676711.78078538237605;1.5124804519928147784e-08;
677045.13634241954423;1.5357956684169948858e-08;
677378.49189945671242;1.5327392688391228148e-08;
677711.8474564938806;1.5466746106085338397e-08;
678045.20301353104878;1.5808055309207702521e-08;
678378.55857056821696;1.4477365084530902095e-08;
678711.91412760538515;1.5679862741535544046e-08;
679045.26968464255333;1.5632116046049304714e-08;
679378.62524167972151;1.5087413984815611911e-08;
679711.98079871688969;1.4933863923261014861e-08;
680045.33635575405788;1.6000473834765216452e-08;
680378.69191279122606;1.6168455019283101137e-08;
680712.04746982839424;1.6190197626997360203e-08;
681045.40302686556242;1.4524339064792002318e-08;
681378.75858390273061;1.6223737020482076332e-08;
681712.11414093989879;1.4156501748630034854e-08;
682045.46969797706697;1.5639999517702563026e-08;
682378.82525501423515;1.4318272789637376263e-08;
682712.18081205140334;1.521116388403243036e-08;
683045.53636908857152;1.5049929302790587826e-08;
683378.8919261257397;1.5412959797345138213e-08;
683712.24748316290788;1.490144718729879969e-08;
684045.60304020007607;1.4946174076158058597e-08;
684378.95859723724425;1.4866958331083424127e-08;
684712.31415427441243;1.4358777278289380774e-08;
685045.66971131158061;1.4449187624165915622e-08;
685379.0252683487488;1.4391504876698490989e-08;
685712.38082538591698;1.5364758354508012417e-08;
686045.73638242308516;1.4926415659033409611e-08;
686379.09193946025334;1.5878500292387798254e-08;
686712.44749649742153;1.6564952076691952243e-08;
687045.80305353458971;1.564428586675603583e-08;
687379.15861057175789;1.4726358799066474603e-08;
687712.51416760892607;1.5159278277110388444e-08;
688045.86972464609426;1.5302585865129003651e-08;
688379.22528168326244;1.5394963526205174276e-08;
688712.58083872043062;1.535463844959394919e-08;
689045.9363957575988;1.5482212845085996378e-08;
689379.29195279476698;1.5602896752398009994e-08;
689712.64750983193517;1.4698703587612271804e-08;
690046.00306686910335;1.4636682088564612059e-08;
690379.35862390627153;1.4780112245205145882e-08;
690712.71418094343971;1.5595908564591809409e-08;
691046.0697379806079;1.4965905847930116579e-08;
691379.42529501777608;1.5513496265384674189e-08;
691712.78085205494426;1.5305060330206288199e-08;
692046.13640909211244;1.5801919772684414056e-08;
692379.49196612928063;1.5747797732501567225e-08;
692712.84752316644881;1.4886898824784111639e-08;
693046.20308020361699;1.3901602535781876213e-08;
693379.55863724078517;1.5149055343499640003e-08;
693712.91419427795336;1.4520334268297574454e-08;
694046.26975131512154;1.5289446153587959998e-08;
694379.62530835228972;1.4722711938475185889e-08;
694712.9808653894579;1.5013698728694180318e-08;
695046.33642242662609;1.5076524917390088376e-08;
695379.69197946379427;1.5945195386279920058e-08;
695713.04753650096245;1.5084843596468999749e-08;
696046.40309353813063;1.5280075871260123677e-08;
696379.75865057529882;1.4646585277944268455e-08;
696713.114207612467;1.4949586457646546478e-08;
697046.46976464963518;1.6134773517251232988e-08;
697379.82532168680336;1.4835780604016690631e-08;
697713.18087872397155;1.4939059767016260594e-08;
698046.53643576113973;1.5069479886165026983e-08;
698379.89199279830791;1.5009927523124133586e-08;
698713.24754983547609;1.593315523962246516e-08;
699046.60310687264428;1.5744976877840599627e-08;
699379.95866390981246;1.6044495509959233459e-08;
699713.31422094698064;1.3998574743823155586e-08;
700046.66977798414882;1.503151381143652543e-08;
700380.02533502131701;1.4655387126083496696e-08;
700713.38089205848519;1.4576637674679204792e-08;
701046.73644909565337;1.4777749690608743549e-08;
701380.09200613282155;1.6221997967136303487e-08;
701713.44756316998973;1.5457754187764294329e-08;
702046.80312020715792;1.5658722318789841665e-08;
702380.1586772443261;1.541463845455837145e-08;
702713.51423428149428;1.5238285300256393384e-08;
703046.86979131866246;1.5800393882159369241e-08;
703380.22534835583065;1.5338383008156597498e-08;
703713.58090539299883;1.5323031732350500533e-08;
704046.93646243016701;1.9082557756178175623e-08;
704380.29201946733519;1.4995459096667218546e-08;
704713.64757650450338;1.506662172801043198e-08;
705047.00313354167156;1.5275647413659498852e-08;
705380.35869057883974;1.5663783159425292979e-08;
705713.71424761600792;1.5677988685069976782e-08;
706047.06980465317611;1.6114492851215800329e-08;
706380.42536169034429;1.4975819695450809377e-08;
706713.78091872751247;1.5107145756587669894e-08;
707047.13647576468065;1.5277525022838744917e-08;
707380.49203280184884;1.5735741598632557725e-08;
707713.84758983901702;1.4863380748408872023e-08;
708047.2031468761852;1.5231352179512214207e-08;
708380.55870391335338;1.5688597088114875078e-08;
708713.91426095052157;1.5616992143918650982e-08;
709047.26981798768975;1.5551725240925406979e-08;
709380.62537502485793;1.5195540825629905157e-08;
709713.98093206202611;1.4737771891759621212e-08;
710047.3364890991943;1.4549110360917438811e-08;
710380.69204613636248;1.5535587039039455703e-08;
710714.04760317353066;1.5230067873517327826e-08;
711047.40316021069884;1.5582326540197755094e-08;
711380.75871724786703;1.4809169002205635479e-08;
711714.11427428503521;1.5121511154347899719e-08;
712047.46983132220339;1.6049316542421365739e-08;
712380.82538835937157;1.5112693318997116876e-08;
712714.18094539653976;1.5199491443240731314e-08;
713047.53650243370794;1.5279216114549853955e-08;
713380.89205947087612;1.5155791288634645753e-08;
713714.2476165080443;1.5173347023278438428e-08;
714047.60317354521248;1.5022985522250564827e-08;
714380.95873058238067;1.514612968378514779e-08;
714714.31428761954885;1.4900320977062619932e-08;
715047.66984465671703;1.5116969009909553279e-08;
715381.02540169388521;1.539818228479816753e-08;
715714.3809587310534;1.5187266555471978791e-08;
716047.73651576822158;1.5509272088820580393e-08;
716381.09207280538976;1.512244018897490605e-08;
716714.44762984255794;1.5023962518512234965e-08;
717047.80318687972613;1.5325104740782080626e-08;
717381.15874391689431;1.5963300015187087411e-08;
717714.51430095406249;1.5067573855276350514e-08;
718047.86985799123067;1.5037086242841724015e-08;
718381.22541502839886;1.5161463196022850752e-08;
718714.58097206556704;1.5601198555259543355e-08;
719047.93652910273522;1.5107623596577468561e-08;
719381.2920861399034;1.5694523014531114313e-08;
719714.64764317707159;1.4694236938339599874e-08;
720048.00320021423977;1.5059265834338475543e-08;
720381.35875725140795;1.6852069961714732926e-08;
720714.71431428857613;1.7021276832451803784e-08;
721048.06987132574432;1.5839244582593892119e-08;
721381.4254283629125;1.5668131680968144792e-08;
721714.78098540008068;1.5394611807550973026e-08;
722048.13654243724886;1.5317835888595254801e-08;
722381.49209947441705;1.5307909606576686201e-08;
722714.84765651158523;1.5087280758052656893e-08;
723048.20321354875341;1.5667360742099845083e-08;
723381.55877058592159;1.5058603253237379249e-08;
723714.91432762308978;1.4883708487900548789e-08;
724048.26988466025796;1.5159651312046662497e-08;
724381.62544169742614;1.6215958353882342635e-08;
724714.98099873459432;1.5475823289534673677e-08;
725048.33655577176251;1.5460253521837330482e-08;
725381.69211280893069;1.5427154664848785615e-08;
725715.04766984609887;1.6508797884284831525e-08;
726048.40322688326705;1.4636682088564612059e-08;
726381.75878392043523;1.4882401977445169905e-08;
726715.11434095760342;1.5682065424016400357e-08;
727048.4698979947716;1.5663013996913832671e-08;
727381.82545503193978;1.4749738319608241e-08;
727715.18101206910796;1.5030826361339677533e-08;
728048.53656910627615;1.5257034746696263028e-08;
728381.89212614344433;1.5278947884667104518e-08;
728715.24768318061251;1.4806359693864123983e-08;
729048.60324021778069;1.6050302420467232878e-08;
729381.95879725494888;1.535407179176218051e-08;
729715.31435429211706;1.4739972797883638123e-08;
730048.66991132928524;1.4634831124737956998e-08;
730382.02546836645342;1.4900557232522260165e-08;
730715.38102540362161;1.4586986729625550652e-08;
731048.73658244078979;1.5591828272931707033e-08;
731382.09213947795797;1.430200846641582757e-08;
731715.44769651512615;1.5911533424173285312e-08;
732048.80325355229434;1.5875347258997862809e-08;
732382.15881058946252;1.5163113431526653585e-08;
732715.5143676266307;1.4828615668704969721e-08;
733048.86992466379888;1.4723100072444594844e-08;
733382.22548170096707;1.4435106443499989837e-08;
733715.58103873813525;1.4317643959316228575e-08;
734048.93659577530343;1.5375881901036336785e-08;
734382.29215281247161;1.4626452049526506016e-08;
734715.6477098496398;1.5142138209967015428e-08;
735049.00326688680798;1.5085479532217505039e-08;
735382.35882392397616;1.5799088259882410057e-08;
735715.71438096114434;2.6780428541428591416e-08;
736049.06993799831253;1.4819240057306615199e-08;
736382.42549503548071;1.6319008366849629965e-08;
736715.78105207264889;1.4643651624623998941e-08;
737049.13660910981707;1.5638571326803685224e-08;
737382.49216614698526;1.5237453965255554067e-08;
737715.84772318415344;1.5266740760466745996e-08;
738049.20328022132162;1.5833375499596513691e-08;
738382.5588372584898;1.4354665900384588895e-08;
738715.91439429565798;1.5289527866002572409e-08;
739049.26995133282617;1.4424941241486521903e-08;
739382.62550836999435;1.564953677757330297e-08;
739715.98106540716253;1.5707984246660089411e-08;
740049.33662244433071;1.4690133554040585295e-08;
740382.6921794814989;1.5596375746440571675e-08;
740716.04773651866708;1.4927017844001966296e-08;
741049.40329355583526;1.4661902802970416815e-08;
741382.75885059300344;1.5342235926141256641e-08;
741716.11440763017163;1.5276881981662882026e-08;
742049.46996466733981;1.4364655243070956203e-08;
742382.82552170450799;1.5083040594277008495e-08;
742716.18107874167617;1.5697557032012809941e-08;
743049.53663577884436;1.607109645362925221e-08;
743382.89219281601254;1.5119384855211137619e-08;
743716.24774985318072;1.5746470793942535238e-08;
744049.6033068903489;1.5169268507975175453e-08;
744382.95886392751709;1.5634011418796944781e-08;
744716.31442096468527;1.4369930134705555247e-08;
745049.66997800185345;1.5769030525802918419e-08;
745383.02553503902163;3.4583479191496735439e-08;
745716.38109207618982;2.2043201042265536671e-08;
746049.736649113358;1.4663190661678981996e-08;
746383.09220615052618;1.4542543169682176085e-08;
746716.44776318769436;1.5106587980540098215e-08;
747049.80332022486255;1.4942759918312731315e-08;
747383.15887726203073;1.5070195757971305284e-08;
747716.51443429919891;1.4985161556069215294e-08;
748049.86999133636709;1.5566293143365328433e-08;
748383.22554837353528;1.4883081433936240501e-08;
748716.58110541070346;1.4945543469480071508e-08;
749049.93666244787164;1.5807167130788002396e-08;
749383.29221948503982;1.5199972835944208782e-08;
749716.64777652220801;1.5305758438444172498e-08;
750050.00333355937619;1.4986214935674979642e-08;
750383.35889059654437;1.6088893772803203319e-08;
750716.71444763371255;1.5042052936564687116e-08;
751050.07000467088073;1.522223058714189392e-08;
751383.42556170804892;1.5264729924524544913e-08;
751716.7811187452171;1.5353803561879431072e-08;
752050.13667578238528;1.4917528545765890158e-08;
752383.49223281955346;1.4196772646357658232e-08;
752716.84778985672165;1.5817473553170202649e-08;
753050.20334689388983;1.4509726753431095858e-08;
753383.55890393105801;1.5191856661544989038e-08;
753716.91446096822619;1.4964591343868960394e-08;
754050.27001800539438;1.5219931981391709996e-08;
754383.62557504256256;1.4559056182861240814e-08;
754716.98113207973074;1.5443911038914848177e-08;
755050.33668911689892;1.6487842202650426771e-08;
755383.69224615406711;1.5552188870060490444e-08;
755717.04780319123529;1.5962907440325579955e-08;
756050.40336022840347;1.4663525504943208944e-08;
756383.75891726557165;1.4841907258755782095e-08;
756717.11447430273984;1.575435604195263295e-08;
757050.47003133990802;1.4867794106976361945e-08;
757383.8255883770762;1.5146500942364582443e-08;
757717.18114541424438;1.4640642476138054917e-08;
758050.53670245141257;1.5327607627568795579e-08;
758383.89225948858075;1.5240212647427142656e-08;
758717.24781652574893;1.489066558946205987e-08;
759050.60337356291711;1.4641465817533116933e-08;
759383.9589306000853;1.3922988095771415828e-08;
759717.31448763725348;1.4673007697751927481e-08;
760050.67004467442166;1.5054610003062407486e-08;
760384.02560171158984;1.4523574343172640511e-08;
760717.38115874875803;1.5694054056325512647e-08;
761050.73671578592621;1.5406516951088633505e-08;
761384.09227282309439;1.5296700794920070621e-08;
761717.44782986026257;1.5790654117608937668e-08;
762050.80338689743076;1.5276077292014633713e-08;
762384.15894393459894;1.4973478457136479847e-08;
762717.51450097176712;1.5478923032219427114e-08;
763050.8700580089353;1.5296002686682186322e-08;
763384.22561504610348;1.5133760911112403846e-08;
763717.58117208327167;1.4575357809576416912e-08;
764050.93672912043985;1.5593306201822088042e-08;
764384.29228615760803;2.1391958426875135046e-08;
764717.64784319477621;1.5759422211658602464e-08;
765051.0034002319444;1.5262745733934934833e-08;
765384.35895726911258;1.5384825857722717046e-08;
765717.71451430628076;1.468265153903303144e-08;
766051.07007134344894;1.5510552842101787974e-08;
766384.42562838061713;1.5762106286842936242e-08;
766717.78118541778531;1.4874063758441025129e-08;
767051.13674245495349;1.5250067875172135246e-08;
767384.49229949212167;1.5803752972942675115e-08;
767717.84785652928986;1.4904484757494174119e-08;
768051.20341356645804;1.5784690887699071027e-08;
768384.55897060362622;1.4896474276326898689e-08;
768717.9145276407944;1.4895165989514680405e-08;
769051.27008467796259;1.4687992155870688293e-08;
769384.62564171513077;1.584038678004162648e-08;
769717.98119875229895;1.5388177843078665319e-08;
770051.33675578946713;1.5406760311975631339e-08;
770384.69231282663532;1.5437700895404304902e-08;
770718.0478698638035;1.447349973204836715e-08;
771051.40342690097168;1.4386499991303480783e-08;
771384.75898393813986;1.4288522365291100868e-08;
771718.11454097530805;1.45539926776905304e-08;
772051.47009801247623;1.5405245079591622925e-08;
772384.82565504964441;1.5432304323326206941e-08;
772718.18121208681259;1.4930794378642531228e-08;
773051.53676912398078;1.5783609086383876274e-08;
773384.89232616114896;1.5275888998189657286e-08;
773718.24788319831714;1.5600676306348759681e-08;
774051.60344023548532;1.5299011835168130347e-08;
774384.95899727265351;1.5940377906531466579e-08;
774718.31455430982169;1.5812416265248430136e-08;
775051.67011134698987;1.4993958075137925334e-08;
775385.02566838415805;1.5375611894796747947e-08;
775718.38122542132623;1.5174999035139080661e-08;
776051.73678245849442;1.5095048766511354188e-08;
776385.0923394956626;1.4686727389801035315e-08;
776718.44789653283078;1.5872615222178865224e-08;
777051.80345356999896;1.5660894803204428172e-08;
777385.15901060716715;1.5463838209939240187e-08;
777718.51456764433533;1.5871137293288484216e-08;
778051.87012468150351;1.5016521359711987316e-08;
778385.22568171867169;1.4043526341822598624e-08;
778718.58123875583988;1.4509905277293455583e-08;
779051.93679579300806;1.5067204373053755262e-08;
779385.29235283017624;1.4936828662825973879e-08;
779718.64790986734442;1.533428672928494052e-08;
780052.00346690451261;1.50532883935738937e-08;
780385.35902394168079;1.3810493193489037367e-08;
780718.71458097884897;1.5463349711808405118e-08;
781052.07013801601715;1.5585584378641215153e-08;
781385.42569505318534;1.5094226313294711872e-08;
781718.78125209035352;1.5008662757054480608e-08;
782052.1368091275217;1.4988243535185574729e-08;
782385.49236616468988;1.4911737622469445341e-08;
782718.84792320185807;1.5819029641761517269e-08;
783052.20348023902625;1.4218062283077870234e-08;
783385.55903727619443;1.5062916247643443057e-08;
783718.91459431336261;1.5766316252552314836e-08;
784052.2701513505308;1.4872391318476729793e-08;
784385.62570838769898;1.4732206565781780228e-08;
784718.98126542486716;1.4754817811990506016e-08;
785052.33682246203534;1.6070448083382871118e-08;
785385.69237949920353;1.4979134377313130244e-08;
785719.04793653637171;1.4756140309657439502e-08;
786052.40349357353989;1.5182065382646214857e-08;
786385.75905061070807;1.5756210558492966811e-08;
786719.11460764787626;1.6007783543159348483e-08;
787052.47016468504444;1.5437239042626060836e-08;
787385.82572172221262;1.4823588578849467012e-08;
787719.1812787593808;1.592585086029885133e-08;
788052.53683579654898;1.5160050992335527553e-08;
788385.89239283371717;1.5205072756430126901e-08;
788719.24794987088535;1.4049670760130084091e-08;
789052.60350690805353;1.5514913798142515589e-08;
789385.95906394522171;1.5365190009219986678e-08;
789719.3146209823899;1.4826297523029552394e-08;
790052.67017801955808;1.5314231660568111693e-08;
790386.02573505672626;1.5418457621763081988e-08;
790719.38129209389444;1.5334180147874576505e-08;
791052.73684913106263;1.4806515125087571505e-08;
791386.09240616823081;1.5390826391126211092e-08;
791719.44796320539899;1.497392609906000871e-08;
792052.80352024256717;1.5217016979818254185e-08;
792386.15907727973536;1.4617564048080566863e-08;
792719.51463431690354;1.6078777420602818893e-08;
793052.87019135407172;1.5744312520382663934e-08;
793386.2257483912399;1.5071492498464067467e-08;
793719.58130542840809;1.5383122331513732206e-08;
794052.93686246557627;1.4265773451427321561e-08;
794386.29241950274445;1.517470593626057962e-08;
794719.64797653991263;1.5622040550056226493e-08;
795053.00353357708082;1.423285667101481522e-08;
795386.359090614249;1.4370789003237405268e-08;
795719.71464765141718;1.5434634903499500069e-08;
796053.07020468858536;1.5379097106915651239e-08;
796386.42576172575355;1.5059873348377550428e-08;
796719.78131876292173;1.4640719747660568828e-08;
797053.13687580008991;1.4404556658575984329e-08;
797386.49243283725809;1.4428641392782992625e-08;
797719.84798987442628;1.6097997601605129603e-08;
798053.20354691159446;1.5370913430956534285e-08;
798386.55910394876264;1.4500859180088809808e-08;
798719.91466098593082;1.443959618541157397e-08;
799053.27021802309901;1.5674464393100606685e-08;
799386.62577506026719;1.4519160984605150588e-08;
799719.98133209743537;1.4799805825305156759e-08;
800053.33688913460355;1.5171480072240228765e-08;
800386.69244617177173;1.4473219955846161611e-08;
800720.04800320893992;1.446803477023195228e-08;
801053.4035602461081;1.615797629028747906e-08;
801386.75911728327628;1.462534715557239906e-08;
801720.11467432044446;1.4626682975915628049e-08;
802053.47023135761265;1.5759200167053677433e-08;
802386.82578839478083;1.5142191500672197435e-08;
802720.18134543194901;1.4570570527894233237e-08;
803053.53690246911719;1.4924108171499028686e-08;
803386.89245950628538;1.5416560472658602521e-08;
803720.24801654345356;1.4562381522864598082e-08;
804053.60357358062174;1.4890613186935297563e-08;
804386.95913061778992;1.5030245492653193651e-08;
804720.31468765495811;1.4885435106748445833e-08;
805053.67024469212629;1.5377016993056713545e-08;
805387.02580172929447;1.4837605810669174389e-08;
805720.38135876646265;1.432378304855319584e-08;
806053.73691580363084;1.5591279378668332356e-08;
806387.09247284079902;1.4374525569849083695e-08;
806720.4480298779672;1.5957748900063961628e-08;
807053.80358691513538;1.5207637815706220863e-08;
807387.15914395230357;1.46107357323899123e-08;
807720.51470098947175;1.525336301710922271e-08;
808053.87025802663993;1.5347518811381632986e-08;
808387.22581506380811;1.5842612555161394994e-08;
808720.5813721009763;1.4633159572952081362e-08;
809053.93692913814448;1.5273876385890616802e-08;
809387.29248617531266;1.5075437787004375423e-08;
809720.64804321248084;1.5218621030044232612e-08;
810054.00360024964903;1.5074114401159022236e-08;
810387.35915728681721;1.5751975723787836614e-08;
810720.71471432398539;1.4220410626819557365e-08;
811054.07027136115357;1.4980056306512778974e-08;
811387.42582839832176;1.566549023834795662e-08;
811720.78138543548994;1.5159731248104435508e-08;
812054.13694247265812;1.4698910533184061933e-08;
812387.4924995098263;1.5958393717596663919e-08;
812720.84805654699448;1.6080331732837294112e-08;
813054.20361358416267;1.4993377206451441452e-08;
813387.55917062133085;1.5441552037032124645e-08;
813720.91472765849903;1.4092806033261240373e-08;
814054.27028469566721;1.4866853526029899513e-08;
814387.6258417328354;1.495066470624806243e-08;
814720.98139877000358;1.5468295089249295415e-08;
815054.33695580717176;1.4587269170363015292e-08;
815387.69251284433994;1.548158756747852749e-08;
815721.04806988150813;1.6476434439027798362e-08;
816054.40362691867631;1.4497088862697182776e-08;
816387.75918395584449;1.4866722963802203594e-08;
816721.11474099301267;1.4986794028004624124e-08;
817054.47029803018086;1.5041630163636909856e-08;
817387.82585506734904;1.5244415507709163649e-08;
817721.18141210451722;1.5945614606494018517e-08;
818054.5369691416854;1.5496471661435862188e-08;
818387.89252617885359;1.5981651557694931398e-08;
818721.24808321602177;1.4023433969612142391e-08;
819054.60364025318995;1.536932003887159226e-08;
819387.95919729035813;1.4098006317908584606e-08;
819721.31475432752632;1.5098125416557195422e-08;
820054.6703113646945;1.5202536118863463344e-08;
820388.02586840186268;1.4842845175166985427e-08;
820721.38142543903086;1.4895610078724530467e-08;
821054.73698247619905;1.4857271857238174562e-08;
821388.09253951336723;1.4249568636159892776e-08;
821721.44809655053541;1.5670169162262936879e-08;
822054.80365358770359;1.4548982463225001993e-08;
822388.15921062487178;1.5061832669971408905e-08;
822721.51476766203996;1.5945307296760802274e-08;
823054.87032469920814;1.5133123199007059156e-08;
823388.22588173637632;1.5208920345344267844e-08;
823721.58143877354451;1.5008582820996707596e-08;
824054.93699581071269;1.4933444703046916402e-08;
824388.29255284788087;1.521137882320999779e-08;
824721.64810988504905;1.5993419921755958057e-08;
825055.00366692221723;1.5502379824283707421e-08;
825388.35922395938542;1.5749707316103922494e-08;
825721.7147809965536;1.6245582656893020612e-08;
826055.07033803372178;1.5737537495397191378e-08;
826388.42589507088996;1.5778008233269247285e-08;
826721.78145210805815;1.531740601024011994e-08;
827055.13700914522633;1.5966975297487806529e-08;
827388.49256618239451;1.5089348437413718784e-08;
827721.84812321956269;1.3927856201689792215e-08;
828055.20368025673088;1.4537792303315200115e-08;
828388.55923729389906;1.5322923374583297118e-08;
828721.91479433106724;1.5280317455790282111e-08;
829055.27035136823542;1.6357095233843210735e-08;
829388.62590840540361;1.5831567168334004236e-08;
829721.98146544257179;1.5461937508121081919e-08;
830055.33702247973997;1.5128472696801509301e-08;
830388.69257951690815;1.5692704025127568457e-08;
830722.04813655407634;1.4789305780027461878e-08;
831055.40369359124452;1.6436365157801446912e-08;
831388.7592506284127;1.5511261608480708674e-08;
831722.11480766558088;1.4788838598178699613e-08;
832055.47036470274907;1.5085479532217505039e-08;
832388.82592173991725;1.4996617281326507509e-08;
832722.18147877708543;1.4746914800412014301e-08;
833055.53703581425361;1.5633242256285484473e-08;
833388.8925928514218;1.5258589058930738247e-08;
833722.24814988858998;1.6150258019820284972e-08;
834055.60370692575816;1.5106190076608072559e-08;
834388.95926396292634;1.5272641817887233628e-08;
834722.31482100009453;1.6295546245714831457e-08;
835055.67037803726271;1.4867950426378229167e-08;
835389.02593507443089;1.5525191798815285438e-08;
835722.38149211159907;1.4457921970745246654e-08;
836055.73704914876726;1.4939322667828491831e-08;
836389.09260618593544;1.6075558662009825639e-08;
836722.44816322310362;1.5263253771991003305e-08;
837055.8037202602718;1.4722582264425909671e-08;
837389.15927729743998;1.5767756877949068439e-08;
837722.51483433460817;1.4800508374435139558e-08;
838055.87039137177635;1.4998356334672280354e-08;
838389.22594840894453;1.4834816930431315996e-08;
838722.58150544611271;1.522017178956502903e-08;
839055.9370624832809;1.5449773016484869004e-08;
839389.29261952044908;1.4415720173133195203e-08;
839722.64817655761726;1.5288668109292302688e-08;
840056.00373359478544;1.5698851996148732724e-08;
840389.35929063195363;1.5385960949743093806e-08;
840722.71484766912181;1.4847409524065824371e-08;
841056.07040470628999;1.5434961753157949715e-08;
841389.42596174345817;1.4227981459669081232e-08;
841722.78151878062636;1.5119518081974092638e-08;
842056.13707581779454;1.4840472850607966393e-08;
842389.49263285496272;1.5343529113920340023e-08;
842722.8481898921309;1.4762881583862963453e-08;
843056.20374692929909;1.5221830906853028864e-08;
843389.55930396646727;1.4621673649628519343e-08;
843722.91486100363545;1.4683992688446778629e-08;
844056.27041804080363;1.5228811989231871848e-08;
844389.62597507797182;1.5543994535960337089e-08;
844722.98153211514;1.5438622824603953632e-08;
845056.33708915230818;1.4722840724346042407e-08;
845389.69264618947636;1.6045030193367892934e-08;
845723.04820322664455;1.5239516315546097758e-08;
846056.40376026381273;1.5846008949438328273e-08;
846389.75931730098091;1.5952059229107362626e-08;
846723.11487433814909;1.5696810962140261836e-08;
847056.47043137531728;1.5692316779336579202e-08;
847389.82598841248546;1.53972639083121976e-08;
847723.18154544965364;1.5633352390409527288e-08;
848056.53710248682182;1.6009948922146577388e-08;
848389.89265952399001;1.6334841035359204398e-08;
848723.24821656115819;1.4948273729942229693e-08;
849056.60377359832637;1.5122042285042880394e-08;
849389.95933063549455;1.5396748764828771527e-08;
849723.31488767266273;1.6509289935129345395e-08;
850056.67044470983092;1.597123855390236713e-08;
850390.0260017469991;1.5277070275487858453e-08;
850723.38155878416728;1.5705417411027156049e-08;
851056.73711582133546;1.4636630574216269451e-08;
851390.09267285850365;1.4466306375027215836e-08;
851723.44822989567183;1.5620942761529477139e-08;
852056.80378693284001;1.4994984809391098679e-08;
852390.15934397000819;1.4938482451043455512e-08;
852723.51490100717638;1.4730835218301763234e-08;
853056.87045804434456;1.595301313273012056e-08;
853390.22601508151274;1.4775257461963064998e-08;
853723.58157211868092;1.57979780368577849e-08;
854056.93712915584911;1.4614739640705920465e-08;
854390.29268619301729;1.5094862249043217162e-08;
854723.64824323018547;1.5632775074436722207e-08;
855057.00380026735365;1.5548719645153141755e-08;
855390.35935730452184;1.5618995874433494464e-08;
855723.71491434169002;1.5073558401468289958e-08;
856057.0704713788582;1.5074325787622910866e-08;
856390.42602841602638;1.5962235977440286661e-08;
856723.78158545319457;1.5645220230453560362e-08;
857057.13714249036275;1.5245648299355707422e-08;
857390.49269952753093;1.5797922969795763493e-08;
857723.84825656469911;1.6459885898711945629e-08;
858057.2038136018673;1.5551067988894828886e-08;
858390.55937063903548;1.5501699479614217125e-08;
858723.91492767620366;1.4659378599901629059e-08;
859057.27048471337184;1.6087593479596762336e-08;
859390.62604175054003;1.5181266022068484745e-08;
859723.98159878770821;1.5719411550207951223e-08;
860057.33715582487639;1.5736818070877234277e-08;
860390.69271286204457;1.5196233604797271255e-08;
860724.04826989921276;1.5584761925424572837e-08;
861057.40382693638094;1.5311702128428805736e-08;
861390.75938397354912;1.5652560136913962197e-08;
861724.1149410107173;1.5705142075717049011e-08;
862057.47049804788548;1.5130677155639205012e-08;
862390.82605508505367;1.571187446813837596e-08;
862724.18161212222185;1.5760889482407947071e-08;
863057.53716915939003;1.4421875249581717071e-08;
863390.89272619655821;1.4998567721136168984e-08;
863724.2482832337264;1.6019852111526233784e-08;
864057.60384027089458;1.5101282002660809667e-08;
864390.95939730806276;1.4426943195644525986e-08;
864724.31495434523094;1.5371453443435711961e-08;
865057.67051138239913;1.5679448850391963788e-08;
865391.02606841956731;1.5731373537164472509e-08;
865724.38162545673549;1.5577043654957378749e-08;
866057.73718249390367;1.5996089786085576634e-08;
866391.09273953107186;1.5513768047981102427e-08;
866724.44829656824004;1.6138146818889254064e-08;
867057.80385360540822;1.5263040609170275275e-08;
867391.1594106425764;1.4987820762257797469e-08;
867724.51496767974459;1.5076365045274542354e-08;
868057.87052471691277;1.5775265538309213298e-08;
868391.22608175408095;1.5336253156306156598e-08;
868724.58163879124913;1.4872104436847166653e-08;
869057.93719582841732;1.4764307998405001854e-08;
869391.2927528655855;1.5521047558308964653e-08;
869724.64830990275368;1.5250336105054884683e-08;
870058.00386693992186;1.6058397278584379819e-08;
870391.35942397709005;1.5403539777025798685e-08;
870724.71498101425823;1.5163672983931064664e-08;
871058.07053805142641;1.5030376943059309269e-08;
871391.42609508859459;1.6328501217799384904e-08;
871724.78165212576278;1.5381015572302203509e-08;
872058.13720916293096;1.5567140465577722352e-08;
872391.49276620009914;1.5202161307570349891e-08;
872724.84832323726732;1.559527973427066172e-08;
873058.20388027443551;1.6127518875919122365e-08;
873391.55943731160369;1.5991284740834998956e-08;
873724.91499434877187;1.5664307184692916053e-08;
874058.27055138594005;1.5955507137732638512e-08;
874391.62610842310824;1.6200752739337076491e-08;
874724.98166546027642;1.5704037181762942055e-08;
875058.3372224974446;1.537917881933026365e-08;
875391.69277953461278;1.498647961284405028e-08;
875725.04833657178096;1.5499574956834294426e-08;
876058.40389360894915;1.5735436065256180882e-08;
876391.75945064611733;1.6944483149927691557e-08;
876725.11500768328551;1.5757068538846397132e-08;
877058.47056472045369;1.5425744237518301816e-08;
877391.82612175762188;1.4868812847623757989e-08;
877725.18167879479006;1.4864503405931372981e-08;
878058.53723583195824;1.5644973316852883727e-08;
878391.89279286912642;1.6697596194603647746e-08;
878725.24834990629461;1.4763866573730410892e-08;
879058.60390694346279;1.5961617805260175373e-08;
879391.95946398063097;1.4786708746328258712e-08;
879725.31502101779915;1.5875905035045434488e-08;
880058.67057805496734;1.6535006253093342821e-08;
880392.02613509213552;1.5249852935994567815e-08;
880725.3816921293037;1.5091336180717007664e-08;
881058.73724916647188;1.533776305961964681e-08;
881392.09280620364007;1.5091098148900528031e-08;
881725.44836324080825;1.5165698030727980949e-08;
882058.80392027797643;1.4874900422512382647e-08;
882392.15947731514461;1.5371371731021099549e-08;
882725.5150343523128;1.6194777074929334049e-08;
883058.87059138948098;1.6317345696847951331e-08;
883392.22614842664916;1.5145303677854826674e-08;
883725.58170546381734;1.566400342767337861e-08;
884058.93726250098553;1.5186493840246839682e-08;
884392.29281953815371;1.5729384017504344229e-08;
884725.64837657532189;1.5040177103742280451e-08;
885059.00393361249007;1.5864559443912185088e-08;
885392.35949064965826;1.5868488745240938442e-08;
885725.71504768682644;1.4794944824814137974e-08;
886059.07060472399462;1.6111151524000888458e-08;
886392.4261617611628;1.6205905950528176618e-08;
886725.78171879833099;1.5674299191914542462e-08;
887059.13727583549917;1.5158905242174114392e-08;
887392.49283287266735;1.6399189561866478471e-08;
887725.84838990983553;1.5674435971391176281e-08;
888059.20394694700371;1.5241228723539279599e-08;
888392.5595039841719;1.584556308387163881e-08;
888725.91506102134008;1.5746719483900051273e-08;
889059.27061805850826;1.5806362441139754083e-08;
889392.62617509567644;1.5187000101946068753e-08;
889725.98173213284463;1.4732284725482713839e-08;
890059.33728917001281;1.538690597158165474e-08;
890392.69284620718099;1.5446326884216432518e-08;
890726.04840324434917;1.5961703070388466585e-08;
891059.40396028151736;1.5309174372646339179e-08;
891392.75951731868554;1.5161036870381394692e-08;
891726.11507435585372;1.5540964071192320262e-08;
892059.4706313930219;1.6562538007747207303e-08;
892392.82618843019009;1.6218152154579001945e-08;
892726.18174546735827;1.6025735405378327414e-08;
893059.53730250452645;1.6265772728729643859e-08;
893392.89285954169463;1.5885893489553382096e-08;
893726.24841657886282;1.6139367176037922036e-08;
894059.603973616031;1.5823614418764009315e-08;
894392.95953065319918;1.6017713377891595883e-08;
894726.31508769036736;1.5742902093052180135e-08;
895059.67064472753555;1.5184411950031062588e-08;
895393.02620176470373;1.5443992751329460589e-08;
895726.38175880187191;1.5834988431606689119e-08;
896059.73731583904009;1.5514068252286961069e-08;
896393.09287287620828;1.4968508210699837946e-08;
896726.44842991337646;1.6499200228281551972e-08;
897059.80398695054464;1.5670581277049677738e-08;
897393.15954398771282;1.5877859027568774763e-08;
897726.51510102488101;1.4780189516727659793e-08;
898059.87065806204919;1.6467435415279396693e-08;
898393.22621509921737;1.5333586844690216822e-08;
898726.58177213638555;1.5897423821797929122e-08;
899059.93732917355374;1.6012508652352153149e-08;
899393.29288621072192;1.6194862340057625261e-08;
899726.6484432478901;2.8163684717696924054e-08;
900060.00400028505828;1.688493433960047696e-08;
900393.35955732222646;1.5393286645348780439e-08;
900726.71511435939465;1.6159281912564438244e-08;
901060.07067139656283;1.5719550106041424442e-08;
901393.42622843373101;1.5634752159598974686e-08;
901726.78178547089919;1.5335229974766662053e-08;
902060.13734250806738;1.5681624887520229095e-08;
902393.49289954523556;1.5668105035615553788e-08;
902726.84845658240374;1.5010535037163208472e-08;
903060.20401361957192;1.530371562807886221e-08;
903393.55957065674011;1.5843893308442602574e-08;
903726.91512769390829;1.523137882486480521e-08;
904060.27068473107647;1.6141550318593544944e-08;
904393.62624176824465;1.6325287788276909851e-08;
904726.98179880541284;1.6053714801955720759e-08;
905060.33735584258102;1.5093139182908998919e-08;
905393.6929128797492;1.5859264124173932942e-08;
905727.04846991691738;1.7118313877517721266e-08;
906060.40402695408557;1.6091295407250072458e-08;
906393.75958399125375;1.5503850647746730829e-08;
906727.11514102842193;1.6088412380099725851e-08;
907060.47069806559011;1.5471773195940841106e-08;
907393.8262551027583;1.6771325661579794541e-08;
907727.18181213992648;1.5264916441992681939e-08;
908060.53736917709466;1.6099354738230431394e-08;
908393.89292621426284;1.533294025080067513e-08;
908727.24848325143103;1.5476095072131101915e-08;
909060.60404028859921;1.5981651557694931398e-08;
909393.95959732576739;1.6506303879282313574e-08;
909727.31515436293557;1.5113569062918941199e-08;
910060.67071140010376;1.5365055006100192259e-08;
910394.02626843727194;1.5756874915950902505e-08;
910727.38182547444012;1.6153805404428567272e-08;
911060.7373825116083;1.5509435513649805216e-08;
911394.09293954877649;1.5985301970999898913e-08;
911727.44849658594467;1.5714689993728825357e-08;
912060.80405362311285;1.5863165003793255892e-08;
912394.15961066028103;1.5329709057709806075e-08;
912727.51516769744921;1.5735299285779547063e-08;
913060.8707247346174;1.5624154414695112791e-08;
913394.22628177178558;1.6025790472440348822e-08;
913727.58183880895376;1.660343862397439807e-08;
914060.93739584612194;1.5911281181502090476e-08;
914394.29295288329013;1.6600697705371203483e-08;
914727.64850992045831;1.4883552168498681567e-08;
915061.00406695762649;1.5367078276540269144e-08;
915394.35962399479467;1.6792581547520057939e-08;
915727.71518103196286;1.5768781835845402384e-08;
916061.07073806913104;1.5536024022821948165e-08;
916394.42629510629922;1.4888311028471434838e-08;
916727.7818521434674;1.4472051113045836246e-08;
917061.13740918063559;1.626280088373732724e-08;
917394.49296621780377;1.6115398793203894456e-08;
917727.84852325497195;1.5469952430180455849e-08;
918061.20408029214013;1.5578111245417858299e-08;
918394.55963732930832;1.6164733551704557613e-08;
918727.9151943664765;1.6813068270948861027e-08;
919061.27075140364468;1.6464310803598891653e-08;
919394.62630844081286;1.6029648719495526166e-08;
919727.98186547798105;1.5521210983138189476e-08;
920061.33742251514923;1.51724410812903443e-08;
920394.69297955231741;1.5252881624405745242e-08;
920728.04853658948559;1.5080788173804648977e-08;
921061.40409362665378;1.608776223349650536e-08;
921394.75965066382196;1.5174199674561350548e-08;
921728.11520770099014;1.5943767195381042256e-08;
922061.47076473815832;1.6517326173470792128e-08;
922394.82632177532651;1.546052530443375872e-08;
922728.18187881249469;1.5822642751572857378e-08;
923061.53743584966287;1.5394341801311384188e-08;
923394.89299288683105;1.6486596976506007195e-08;
923728.24854992399924;1.5853386159392357513e-08;
924061.60410696116742;1.5428806676709427848e-08;
924394.9596639983356;1.5466717684375907993e-08;
924728.31522103550378;1.5286733656694195815e-08;
925061.67077807267196;1.6595535612395906355e-08;
925395.02633510984015;1.5787103180286976567e-08;
925728.38189214700833;1.505577351679221465e-08;
926061.73744918417651;1.6063250285469621303e-08;
926395.09300622134469;1.6432929683674046828e-08;
926728.44856325851288;1.575812014209532208e-08;
927061.80412029568106;1.5925934349070303142e-08;
927395.15967733284924;1.595769383300194022e-08;
927728.51523437001742;1.6374460898305187584e-08;
928061.87079140718561;1.5643188078229286475e-08;
928395.22634844435379;1.6230606192380037101e-08;
928728.58190548152197;1.6170357497458098806e-08;
929061.93746251869015;1.4943154269531078171e-08;
929395.29301955585834;1.5804724640133827052e-08;
929728.64857659302652;1.6313190798200594145e-08;
930062.0041336301947;1.6498388433205946058e-08;
930395.35969066736288;1.5872977598974102875e-08;
930728.71524770453107;1.6222596599391181371e-08;
931062.07080474169925;1.6359107846142251219e-08;
931395.42636177886743;1.5852496204615817987e-08;
931728.78191881603561;1.5498404337677129661e-08;
932062.1374758532038;1.6601660490778158419e-08;
932395.49303289037198;1.6127463808857100958e-08;
932728.84858992754016;1.6610499642411014065e-08;
933062.20414696470834;1.617138067899759335e-08;
933395.55970400187653;1.5495601246584556065e-08;
933728.91526103904471;1.5508726747270884516e-08;
934062.27081807621289;1.6012592141123604961e-08;
934395.62637511338107;1.5886284288058050151e-08;
934728.98193215054926;1.6358159271590011485e-08;
935062.33748918771744;1.5849431989067852555e-08;
935395.69304622488562;1.4670043846365388163e-08;
935729.0486032620538;1.6313762785102881026e-08;
936062.40416029922199;1.6054137574883498019e-08;
936395.75971733639017;1.5843809819671150763e-08;
936729.11527437355835;1.6046723061435841373e-08;
937062.47083141072653;1.6240361944142023276e-08;
937395.82638844789471;1.5799809460759206559e-08;
937729.1819454850629;1.5262127561754823546e-08;
938062.53750252223108;1.5895134097831942199e-08;
938395.89305955939926;1.7630283011271785654e-08;
938729.24861659656744;1.5684324949916117475e-08;
939062.60417363373563;1.5946483244988485239e-08;
939395.95973067090381;1.6685749670841687475e-08;
939729.31528770807199;1.7151696951600570173e-08;
940062.67084474524017;1.7728394752225540287e-08;
940396.02640178240836;1.586308151502180408e-08;
940729.38195881957654;1.6445291350919433171e-08;
941062.73751585674472;1.6778162859054646106e-08;
941396.0930728939129;1.5745584391879674513e-08;
941729.44862993108109;1.5584378232347262383e-08;
942062.80418696824927;1.5498295979909926245e-08;
942396.15974400541745;1.5528300423284235876e-08;
942729.51530104258563;1.4844618867471126578e-08;
943062.87085807975382;1.6115199841237881628e-08;
943396.226415116922;1.7127879559097891615e-08;
943729.58197215409018;1.5792679164405853953e-08;
944062.93752919125836;1.6432526450671502971e-08;
944396.29308622842655;1.6936089863861525373e-08;
944729.64864326559473;1.6244042555513260595e-08;
945063.00420030276291;1.5860017299473838648e-08;
945396.35975733993109;1.5630606142735814501e-08;
945729.71531437709928;1.5330220648479553347e-08;
946063.07087141426746;1.5653853324693045579e-08;
946396.42642845143564;1.5208412307288199372e-08;
946729.78198548860382;1.5607229286729307205e-08;
947063.13754252577201;1.5582955370518902782e-08;
947396.49309956294019;1.5196741642853339727e-08;
947729.84865660010837;1.5764682004260066606e-08;
948063.20421363727655;1.6022919879787878017e-08;
948396.55977067444474;1.5870774916493246565e-08;
948729.91532771161292;1.61171254120517915e-08;
949063.2708847487811;1.5975617273511488747e-08;
949396.62644178594928;1.6628863619416733854e-08;
949729.98199882311746;1.6221086696077691158e-08;
950063.33755586028565;1.6238422162473398203e-08;
950396.69311289745383;1.5347033865964476718e-08;
950730.04866993462201;1.6417349257835667231e-08;
951063.40422697179019;1.6261401114547879843e-08;
951396.75978400895838;1.6083383513887383742e-08;
951730.11534104612656;1.6697596194603647746e-08;
952063.47089808329474;1.6003172120804265433e-08;
952396.82645512046292;1.5980360146272687416e-08;
952730.18201215763111;1.6177461148458860407e-08;
953063.53756919479929;1.5960440080675653007e-08;
953396.89312623196747;1.7086016157463745913e-08;
953730.24868326913565;1.6785032030952606874e-08;
954063.60424030630384;1.5504477701711039117e-08;
954396.95979734347202;1.6371872746390181419e-08;
954730.3153543806402;1.6249007472879384295e-08;
955063.67091141780838;1.5692785737542180868e-08;
955397.02646845497657;1.5870691427721794753e-08;
955730.38202549214475;1.684351680353302072e-08;
956063.73758252931293;1.6413167713835719042e-08;
956397.09313956648111;1.6268058899981951981e-08;
956730.4486966036493;1.6232004185212645098e-08;
957063.80425364081748;1.6286016091271449113e-08;
957397.15981067798566;1.6528153068406936654e-08;
957730.51536771515384;1.6302676542068184062e-08;
958063.87092475232203;1.6365287791586524691e-08;
958397.22648178949021;1.6176636918885378691e-08;
958730.58203882665839;1.6801523727849598799e-08;
959063.93759586382657;1.6312931450102041708e-08;
959397.29315290099476;1.6546920278415200301e-08;
959730.64870993816294;1.5998702806996334402e-08;
960064.00426697533112;1.6469865471435696236e-08;
960397.3598240124993;1.6029986227295012213e-08;
960730.71538104966749;1.6337796893139966414e-08;
961064.07093808683567;1.550733763622247352e-08;
961397.42649512400385;1.5657098728638629836e-08;
961730.78205216117203;1.5638130790307513962e-08;
962064.13760919834021;1.7206865265961823752e-08;
962397.4931662355084;1.5955478716023208108e-08;
962730.84872327267658;1.5833876432225224562e-08;
963064.20428030984476;1.5546808285193947086e-08;
963397.55983734701294;1.5579479040184196492e-08;
963730.91539438418113;1.5998871560896077426e-08;
964064.27095142134931;1.6608339592494303361e-08;
964397.62650845851749;1.5549593612718126678e-08;
964730.98206549568567;1.6347557973972470791e-08;
965064.33762253285386;1.5635082561971103132e-08;
965397.69317957002204;1.6332602825741560082e-08;
965731.04873660719022;1.6019543025436178141e-08;
966064.4042936443584;1.5710853062955720816e-08;
966397.75985068152659;1.566265517283227382e-08;
966731.11540771869477;1.5869938252421889047e-08;
967064.47096475586295;1.715082298403558525e-08;
967397.82652179303113;1.6668669999830854067e-08;
967731.18207883019932;1.665549653750986181e-08;
968064.5376358673675;1.6752569109712567297e-08;
968397.89319290453568;1.660769832767527987e-08;
968731.24874994170386;1.6388504775477485964e-08;
969064.60430697887205;1.5591828272931707033e-08;
969397.95986401604023;1.6936297697611735202e-08;
969731.31542105320841;1.6289908089106575062e-08;
970064.67097809037659;1.6021004967115004547e-08;
970398.02653512754478;1.6857045537221893028e-08;
970731.38209216471296;1.6545961045721924165e-08;
971064.73764920188114;1.6071886932422785321e-08;
971398.09320623904932;1.6283728143662301591e-08;
971731.44876327621751;1.6534484004182559147e-08;
972064.80432031338569;1.6773093136634997791e-08;
972398.15987735055387;1.6715469897121693066e-08;
972731.51543438772205;1.7188556356018125371e-08;
973064.87099142489024;1.5732258162870493834e-08;
973398.22654846205842;1.664464477357796568e-08;
973731.5821054992266;1.6726572127367944631e-08;
974064.93766253639478;1.5942815068115123722e-08;
974398.29321957356296;1.6259145141361841524e-08;
974731.64877661073115;1.576861485830249876e-08;
975065.00433364789933;1.6354796628093026811e-08;
975398.35989068506751;1.5974915612559925648e-08;
975731.71544772223569;1.6337137864752548921e-08;
976065.07100475940388;1.5486403270870141569e-08;
976398.42656179657206;1.5272185294179507764e-08;
976731.78211883374024;1.6398180591181699128e-08;
977065.13767587090842;1.6373713052075800078e-08;
977398.49323290807661;1.5378340378902066732e-08;
977731.84878994524479;1.6350142573173798155e-08;
978065.20434698241297;1.6147335912819471559e-08;
978398.55990401958115;1.5861298052755046228e-08;
978731.91546105674934;1.6421386916931624e-08;
979065.27101809391752;1.577180164247238281e-08;
979398.6265751310857;1.6361635601924717776e-08;
979731.98213216825388;1.6090758947484573582e-08;
980065.33768920542207;1.6057860818818880944e-08;
980398.69324624259025;1.6074823250278313935e-08;
980732.04880327975843;1.7420347830920945853e-08;
981065.40436031692661;1.6026438842686729913e-08;
981398.7599173540948;1.6030943683631448948e-08;
981732.11547439126298;1.6616802156477206154e-08;
982065.47103142843116;1.5638487838032233412e-08;
982398.82658846559934;1.6049456874611678359e-08;
982732.18214550276753;1.66164237924704139e-08;
983065.53770253993571;1.6602417218791742926e-08;
983398.89325957710389;1.6025396121222001966e-08;
983732.24881661427207;1.6157096993651975936e-08;
984065.60437365144026;1.5802196884351360495e-08;
984398.95993068860844;1.645592639931692247e-08;
984732.31548772577662;1.7517075789896807692e-08;
985065.6710447629448;1.6343594921863768832e-08;
985399.02660180011299;1.5726952184991205286e-08;
985732.38215883728117;1.5869716207816964015e-08;
986065.73771587444935;1.6356807464035227895e-08;
986399.09327291161753;1.7074585301202205301e-08;
986732.44882994878571;1.696351326074818644e-08;
987065.8043869859539;1.6411696890372695634e-08;
987399.15994402312208;1.6873784147719561588e-08;
987732.51550106029026;1.5243639239770345739e-08;
988065.87105809745844;1.6831419813456705015e-08;
988399.22661513462663;1.5892760885094503465e-08;
988732.58217217179481;1.6647277334413956851e-08;
989065.93772920896299;1.6892707677129692456e-08;
989399.29328624613117;1.5819223264657011896e-08;
989732.64884328329936;1.6371986433227903035e-08;
990066.00440032046754;1.6207669872869701067e-08;
990399.35995735763572;1.6574063010921236128e-08;
990732.7155143948039;1.6448931106083364284e-08;
991066.07107143197209;1.6411322079079582181e-08;
991399.42662846914027;1.584528419584785297e-08;
991732.78218550630845;1.5557654720055325015e-08;
992066.13774254347663;1.6191563645406858996e-08;
992399.49329958064482;1.7020708398263195704e-08;
992732.848856617813;1.6009668257765952148e-08;
993066.20441365498118;1.7119035078394517768e-08;
993399.55997069214936;1.7011620556672824023e-08;
993732.91552772931755;1.6654590595521767682e-08;
994066.27108476648573;1.66192553052724179e-08;
994399.62664180365391;1.6908353828171129862e-08;
994732.98219884082209;1.6496910504315565049e-08;
995066.33775587799028;1.6147788883813518623e-08;
995399.69331291515846;1.634350965673547762e-08;
995733.04886995232664;1.5857537505326035898e-08;
996066.40442698949482;1.6167545524581328209e-08;
996399.75998402666301;1.7128149565337480453e-08;
996733.11554106383119;1.6530881552512255439e-08;
997066.47109810099937;1.7444447664161089051e-08;
997399.82665513816755;1.6271060943040538405e-08;
997733.18221217533574;1.6377567746417298622e-08;
998066.53776921250392;1.7035306498769386963e-08;
998399.8933262496721;1.7024923693043092499e-08;
998733.24888328684028;1.743302213697006664e-08;
999066.60444032400846;1.6843072714323170658e-08;
999399.95999736117665;1.6419020809621542867e-08;
999733.31555439834483;1.6639033262322300288e-08;
1000066.671111435513;1.6744976960580970626e-08;
1000400.0266684726812;1.6177290618202277983e-08;
1000733.3822255098494;1.5780475592919174233e-08;
1001066.7377825470176;1.6734272634266744717e-08;
1001400.0933395841857;1.6220402798694522062e-08;
1001733.4488966213539;1.6616247933143313276e-08;
1002066.8044536585221;1.6065254015984464786e-08;
1002400.1600106956903;1.6417580184224789264e-08;
1002733.5155677328585;1.6807042868549615378e-08;
1003066.8711247700267;1.7008602526402682997e-08;
1003400.2266818071948;1.7620807923890424718e-08;
1003733.582238844363;1.6797775614918464271e-08;
1004066.9377958815312;1.6552792914126257529e-08;
1004400.2933529186994;1.6434171357104787603e-08;
1004733.6489099558676;1.5974297440379814361e-08;
1005067.0044669930357;1.6571997107917013636e-08;
1005400.3600240302039;1.5760280192012032785e-08;
1005733.7155810673721;1.7110286520960471535e-08;
1006067.0711381045403;1.6054674034648996894e-08;
1006400.4266951417085;1.7035604926718406205e-08;
1006733.7822521788767;1.7709158584011674975e-08;
1007067.1378092160448;1.5540500442057236796e-08;
1007400.493366253213;1.7375144878428727679e-08;
1007733.8489232903812;1.6407401659535025829e-08;
1008067.2044803275494;1.6928950685723975766e-08;
1008400.5600373647176;1.5883967918739472225e-08;
1008733.9155944018858;1.6299525285035088018e-08;
1009067.2711514390539;1.6084682030736985325e-08;
1009400.6267084762221;1.6821163129066007969e-08;
1009733.9822655133903;1.6343969733156882285e-08;
1010067.3378225505585;1.5697777300260895572e-08;
1010400.6933795877267;1.7957621167852266808e-08;
1010734.0489366248948;1.7060282075931354484e-08;
1011067.404493662063;1.8264321610672595853e-08;
1011400.7600506992312;1.5482349624562630197e-08;
1011734.1156077363994;1.6995489460214230348e-08;
1012067.4711647735676;1.6618116660538362339e-08;
1012400.8267218107358;1.6526932711258268682e-08;
1012734.1822788479039;1.6208041131449135719e-08;
1013067.5378358850721;1.6879033282179989328e-08;
1013400.8933929222403;1.6512741396468300081e-08;
1013734.2489499594085;1.7836919496971859189e-08;
1014067.6045069965767;1.7211307934417163779e-08;
1014400.9600640337449;1.6428803206736120046e-08;
1014734.315621070913;1.7329572443713914254e-08;
1015067.6711781080812;1.5366889982715292717e-08;
1015401.0267351452494;1.7459502288375006174e-08;
1015734.3822921824176;1.6106001865523467131e-08;
1016067.7378492195858;1.6965243432309762284e-08;
1016401.093406256754;1.7529449891640069836e-08;
1016734.4489632939221;1.6536198188532580389e-08;
1017067.8045203310903;1.680379568824719172e-08;
1017401.1600773682585;1.7029172738602937898e-08;
1017734.5156344054267;1.7251993611466787115e-08;
1018067.8711914425949;1.6868094476762962586e-08;
1018401.226748479763;1.591116927102120826e-08;
1018734.5823055169312;1.6834258431686066615e-08;
1019067.9378625540994;1.6426550786263760529e-08;
1019401.2934195912676;1.7141967845191175002e-08;
1019734.6489766284358;1.6057748908337998728e-08;
1020068.004533665604;1.7100941107628386817e-08;
1020401.3600907027721;1.6597430985143546422e-08;
1020734.7156477399403;1.6567193839023275359e-08;
1021068.0712047771085;1.7105747929235803895e-08;
1021401.4267618142767;1.6930409074689123372e-08;
1021734.7823188514449;1.7056537515713898756e-08;
1022068.1378758886131;1.7361658777304000978e-08;
1022401.4934329257812;1.7352816072957466531e-08;
1022734.8489899629494;1.6506767508417397039e-08;
1023068.2045470001176;1.7605183089131060115e-08;
1023401.5601040372858;1.6422051274389559694e-08;
1023734.915661074454;1.6886417597561376169e-08;
1024068.2712181116221;1.6940703062573447824e-08;
1024401.6267751487903;1.6348822740042123769e-08;
1024734.9823321859585;1.7381585948328392988e-08;
1025068.3378892231267;1.7311711175693744735e-08;
1025401.6934462602949;1.6806128044777324249e-08;
1025735.0490032974631;1.7173071853449073387e-08;
1026068.4045603346312;1.6936864355443503882e-08;
1026401.7601173717994;1.738280808183390036e-08;
1026735.1156744089676;1.719124398391613795e-08;
1027068.4712314461358;1.647791059156133997e-08;
1027401.826788483304;1.7214212277849583188e-08;
1027735.1823455204722;1.6739448938096757047e-08;
1028068.5379025576403;1.7230458837502737879e-08;
1028401.8934595948085;1.6642131228650214325e-08;
1028735.2490166319767;1.6354567478060744179e-08;
1029068.6045736691449;1.6116247891773127776e-08;
1029401.9601307063131;1.7591766265923070023e-08;
1029735.3156877434812;1.7009917030463839183e-08;
1030068.6712447806494;1.7093221060804353328e-08;
1030402.0268018178176;1.6516020551193832944e-08;
1030735.3823588549858;1.6892441223603782419e-08;
1031068.737915892154;1.731748966449231375e-08;
1031402.0934729293222;1.6485293130585887411e-08;
1031735.4490299664903;1.6416340287150887889e-08;
1032068.8045870036585;1.7263573681702837348e-08;
1032402.1601440408267;1.796380466601021908e-08;
1032735.5157010779949;1.7405326957486977335e-08;
1033068.8712581151631;1.6452052165050190524e-08;
1033402.2268151523313;1.683337025326636649e-08;
1033735.5823721894994;1.6361033416956161091e-08;
1034068.9379292266676;1.6991041462688372121e-08;
1034402.2934862638358;1.8610981200595233531e-08;
1034735.649043301004;1.8986856531455487129e-08;
1035069.0046003381722;1.6230293553576302656e-08;
1035402.3601573753403;1.7677486141565168509e-08;
1035735.7157144125085;1.7377281835706526181e-08;
1036069.0712714496767;1.8376514532292276272e-08;
1036402.4268284868449;1.707443431087085628e-08;
1036735.7823855240131;1.7672579843974745017e-08;
1037069.1379425611813;1.7510675576204448589e-08;
1037402.4934995983494;1.7121681850085224141e-08;
1037735.8490566355176;1.6486596976506007195e-08;
1038069.2046136726858;1.675557115277115372e-08;
1038402.560170709854;1.7486483372408656578e-08;
1038735.9157277470222;1.6655526735576131614e-08;
1039069.2712847841904;1.620684564329621935e-08;
1039402.6268418213585;1.7380974881575639301e-08;
1039735.9823988585267;1.7461740497992650489e-08;
1040069.3379558956949;1.7403676721983174502e-08;
1040402.6935129328631;1.7806677021781069925e-08;
1040736.0490699700313;1.6536953140189325495e-08;
1041069.4046270071995;1.6890808751668373588e-08;
1041402.7601840443676;1.7236786220564681571e-08;
1041736.1157410815358;1.7664136819917075627e-08;
1042069.471298118704;1.7371053928627588903e-08;
1042402.8268551558722;1.7975548161075494136e-08;
1042736.1824121930404;1.7356290626935333421e-08;
1043069.5379692302085;1.6500910859917894413e-08;
1043402.8935262673767;1.7104095917375161662e-08;
1043736.2490833045449;1.7246598815745528555e-08;
1044069.6046403417131;1.7199218049768205674e-08;
1044402.9601973788813;1.6814277969956492598e-08;
1044736.3157544160495;1.627975265705572383e-08;
1045069.6713114532176;1.7011112518616755551e-08;
1045403.0268684903858;1.7851622402531575062e-08;
1045736.382425527554;1.7823763798219260934e-08;
1046069.7379825647222;1.6232631239176953386e-08;
1046403.0935396018904;1.6927225843232918123e-08;
1046736.4490966390586;1.7878926783509996312e-08;
1047069.8046536762267;1.6206673336682797526e-08;
1047403.1602107133949;1.8245657429361017421e-08;
1047736.5157677505631;1.7587316492040372395e-08;
1048069.8713247877313;1.7602337365474340913e-08;
1048403.2268818248995;1.743458355463189946e-08;
1048736.5824388619512;1.6879655007073779416e-08;
1049069.937995899003;1.7116118300464222557e-08;
1049403.2935529360548;1.7655883866041222063e-08;
1049736.6491099731065;1.7612142855227830296e-08;
1050070.0046670101583;1.738280808183390036e-08;
1050403.3602240472101;1.7656256900977496116e-08;
1050736.7157810842618;1.8821010527858561545e-08;
1051070.0713381213136;1.755422651683602453e-08;
1051403.4268951583654;1.6431487281920453825e-08;
1051736.7824521954171;1.7682827646581245062e-08;
1052070.1380092324689;1.8168508475469025143e-08;
1052403.4935662695207;1.683479133873788669e-08;
1052736.8491233065724;1.8604280782597015786e-08;
1053070.2046803436242;1.715585540296160616e-08;
1053403.560237380676;1.7499083071470522555e-08;
1053736.9157944177277;1.7721077938404050656e-08;
1054070.2713514547795;1.7115606709694475285e-08;
1054403.6269084918313;1.6840026262343599228e-08;
1054736.982465528883;1.6613096676110217231e-08;
1055070.3380225659348;1.8011203195555935963e-08;
1055403.6935796029866;1.8608888652238420036e-08;
1055737.0491366400383;1.6828995086370923673e-08;
1056070.4046936770901;1.8344325170005504333e-08;
1056403.7602507141419;1.7758038595161451667e-08;
1056737.1158077511936;1.6970638228031020844e-08;
1057070.4713647882454;1.7147810282835962425e-08;
1057403.8269218252972;1.7624152803819015389e-08;
1057737.1824788623489;1.7752048719898994023e-08;
1058070.5380358994007;1.7318402711907765479e-08;
1058403.8935929364525;1.6399305025061039487e-08;
1058737.2491499735042;1.7485438874587089231e-08;
1059070.604707010556;1.7631149873409412976e-08;
1059403.9602640476078;1.7224042636598824174e-08;
1059737.3158210846595;1.760564671826614358e-08;
1060070.6713781217113;1.6442864847476812429e-08;
1060404.0269351587631;1.7647108663254584826e-08;
1060737.3824921958148;1.7789261619327589869e-08;
1061070.7380492328666;1.7635704452345635218e-08;
1061404.0936062699184;1.7568542176604751148e-08;
1061737.4491633069701;1.722522213754018594e-08;
1062070.8047203440219;1.7766119242423883406e-08;
1062404.1602773810737;1.7238663829743927636e-08;
1062737.5158344181255;1.6902385269190745021e-08;
1063070.8713914551772;1.8345613028714069515e-08;
1063404.226948492229;1.81291976986130976e-08;
1063737.5825055292808;1.8133848200818647456e-08;
1064070.9380625663325;1.738039578924599482e-08;
1064404.2936196033843;1.7590993550697930914e-08;
1064737.6491766404361;1.8268460522108398436e-08;
1065071.0047336774878;1.8109208355099326582e-08;
1065404.3602907145396;1.7229641713356613764e-08;
1065737.7158477515914;1.7042490085827921575e-08;
1066071.0714047886431;1.700053608999496646e-08;
1066404.4269618256949;1.675627636643639562e-08;
1066737.7825188627467;1.7713576383471263398e-08;
1067071.1380758997984;1.7299397470083022199e-08;
1067404.4936329368502;1.6969773142250232922e-08;
1067737.849189973902;1.7293503518089892168e-08;
1068071.2047470109537;1.7039676336594311579e-08;
1068404.5603040480055;1.7061092094650120998e-08;
1068737.9158610850573;1.6905413957601922448e-08;
1069071.271418122109;1.6907938160670710204e-08;
1069404.6269751591608;1.7828586607038232614e-08;
1069737.9825321962126;1.7503079874359173118e-08;
1070071.3380892332643;1.7351169390167342499e-08;
1070404.6936462703161;1.8129993506477148912e-08;
1070738.0492033073679;1.7416246222978770675e-08;
1071071.4047603444196;1.7797733065094689664e-08;
1071404.7603173814714;1.722380105206866574e-08;
1071738.1158744185232;1.7571597510368519579e-08;
1072071.4714314555749;1.8318432992714406282e-08;
1072404.8269884926267;1.7784042682933431934e-08;
1072738.1825455296785;1.7911244043489205069e-08;
1073071.5381025667302;1.8010728908279816096e-08;
1073404.893659603782;1.7651325734391321021e-08;
1073738.2492166408338;1.7461465162682543451e-08;
1074071.6047736778855;1.7960934073357748275e-08;
1074404.9603307149373;1.7415024089473263302e-08;
1074738.3158877519891;1.8117226829872379312e-08;
1075071.6714447890408;1.7283754871755263594e-08;
1075405.0270018260926;1.6769146071737850434e-08;
1075738.3825588631444;1.6921845258366374765e-08;
1076071.7381159001961;1.7637191263020213228e-08;
1076405.0936729372479;1.7719489875389626832e-08;
1076738.4492299742997;1.7453643863518664148e-08;
1077071.8047870113514;1.8655597955330449622e-08;
1077405.1603440484032;1.7429744758601373178e-08;
1077738.515901085455;1.6827161886112662614e-08;
1078071.8714581225067;1.6682173864523974771e-08;
1078405.2270151595585;1.6793290313898978638e-08;
1078738.5825721966103;1.7379356620494945673e-08;
1079071.938129233662;1.8707417837049433729e-08;
1079405.2936862707138;1.759046774907346844e-08;
1079738.6492433077656;1.7929062678945228981e-08;
1080072.0048003448173;1.7513198002916396945e-08;
1080405.3603573818691;1.7894448589572675701e-08;
1080738.7159144189209;1.8610393226481392048e-08;
1081072.0714714559726;1.876551181112517952e-08;
1081405.4270284930244;1.7609513847105517925e-08;
1081738.7825855300762;1.6684840176139914547e-08;
1082072.1381425671279;1.7793137629951161216e-08;
1082405.4936996041797;1.9108489013319740479e-08;
1082738.8492566412315;1.8635027743130194722e-08;
1083072.2048136782832;1.7882916480971289275e-08;
1083405.560370715335;1.7539523611276308657e-08;
1083738.9159277523868;1.775579150375961035e-08;
1084072.2714847894385;1.7352540737647359492e-08;
1084405.6270418264903;1.73256449187420003e-08;
1084738.9825988635421;1.8138054613814347249e-08;
1085072.3381559005938;1.845820918333629379e-08;
1085405.6937129376456;1.7299003118864675344e-08;
1085739.0492699746974;1.7840461552509623289e-08;
1086072.4048270117491;1.8681440394630044466e-08;
1086405.7603840488009;1.7893915682520855626e-08;
1086739.1159410858527;1.6826275484049801889e-08;
1087072.4714981229044;1.9075049095818030764e-08;
1087405.8270551599562;1.7203328539494577853e-08;
1087739.182612197008;1.8646357347051889519e-08;
1088072.5381692340598;1.8743470775461901212e-08;
1088405.8937262711115;1.8601927109784810455e-08;
1088739.2492833081633;1.712890274063738616e-08;
1089072.6048403452151;1.7473032798420717882e-08;
1089405.9603973822668;1.8417138036852520599e-08;
1089739.3159544193186;1.83979942391943041e-08;
1090072.6715114563704;1.7733317037027518381e-08;
1090406.0270684934221;1.7072755653657623043e-08;
1090739.3826255304739;1.8121141920346417464e-08;
1091072.7381825675257;1.8282266367464217183e-08;
1091406.0937396045774;1.7414809150295695872e-08;
1091739.4492966416292;1.738940547113543289e-08;
1092072.804853678681;1.7755915848738368368e-08;
1092406.1604107157327;1.8266021584167901892e-08;
1092739.5159677527845;1.852089859255556803e-08;
1093072.8715247898363;1.7622573622588788567e-08;
1093406.227081826888;1.7316303058123594383e-08;
1093739.5826388639398;1.8446376870429048722e-08;
1094072.9381959009916;1.7900674720294773579e-08;
1094406.2937529380433;1.7193810819549071311e-08;
1094739.6493099750951;1.9107247339888999704e-08;
1095073.0048670121469;1.8258834444395688479e-08;
1095406.3604240491986;1.9222827774001416401e-08;
1095739.7159810862504;1.8968552950582306948e-08;
1096073.0715381233022;1.8691551417759910692e-08;
1096406.4270951603539;1.7831281340363602794e-08;
1096739.7826521974057;1.8375772015133406967e-08;
1097073.1382092344575;1.8085714259541418869e-08;
1097406.4937662715092;1.7513260175405775954e-08;
1097739.849323308561;1.783876868444167485e-08;
1098073.2048803456128;1.7165231014359960682e-08;
1098406.5604373826645;1.7822605613559971971e-08;
1098739.9159944197163;1.7245206151983438758e-08;
1099073.2715514567681;1.8005255952857623925e-08;
1099406.6271084938198;1.7416796893598984752e-08;
1099739.9826655308716;1.8859138251059448521e-08;
1100073.3382225679234;1.7339225166779215215e-08;
1100406.6937796049751;1.8501905785228700552e-08;
1100740.0493366420269;1.7283936060152882419e-08;
1101073.4048936790787;1.6738301411578504485e-08;
1101406.7604507161304;1.8569473070328967879e-08;
1101740.1160077531822;1.7075125313681382977e-08;
1102073.471564790234;1.8424580972009607649e-08;
1102406.8271218272857;1.8663136813756864285e-08;
1102740.1826788643375;1.7609204761015462282e-08;
1103073.5382359013893;1.864246002014624537e-08;
1103406.893792938441;1.7522152617743813607e-08;
1103740.2493499754928;1.7565733756441659352e-08;
1104073.6049070125446;1.9381316107569546148e-08;
1104406.9604640495963;1.9112215809968802205e-08;
1104740.3160210866481;1.7677329822163301287e-08;
1105073.6715781236999;1.8658809608496085275e-08;
1105407.0271351607516;1.8594869644061873259e-08;
1105740.3826921978034;1.9536544826337376435e-08;
1106073.7382492348552;1.7420102693677108618e-08;
1106407.0938062719069;1.7617466596675512847e-08;
1106740.4493633089587;1.7629446347200428136e-08;
1107073.8049203460105;1.7327836943081820209e-08;
1107407.1604773830622;1.8088510245206634863e-08;
1107740.516034420114;1.7658987161439654301e-08;
1108073.8715914571658;1.7201122304300042742e-08;
1108407.2271484942175;1.7903001747754387907e-08;
1108740.5827055312693;1.9169075216041164822e-08;
1109073.9382625683211;1.9631327674574094999e-08;
1109407.2938196053728;1.8607122953540056187e-08;
1109740.6493766424246;1.6748979092540139391e-08;
1110074.0049336794764;1.7158175324993862887e-08;
1110407.3604907165281;1.7873682978120086773e-08;
1110740.7160477535799;1.7638244642625977576e-08;
1111074.0716047906317;1.7731167645251844078e-08;
1111407.4271618276834;1.8972585280607745517e-08;
1111740.7827188647352;1.8484753283587451733e-08;
1112074.138275901787;1.8835894621815896244e-08;
1112407.4938329388388;1.8412091407071784488e-08;
1112740.8493899758905;1.8753615549371716043e-08;
1113074.2049470129423;1.817700123751819774e-08;
1113407.5605040499941;1.8434196391581281205e-08;
1113740.9160610870458;1.8519237698910728795e-08;
1114074.2716181240976;1.8636827192608507175e-08;
1114407.6271751611494;1.8283165204024953709e-08;
1114740.9827321982011;1.8724350070442596916e-08;
1115074.3382892352529;1.7724751444347930374e-08;
1115407.6938462723047;1.8820282221554407442e-08;
1115741.0494033093564;1.8731983075781499792e-08;
1116074.4049603464082;1.8043062155470579455e-08;
1116407.76051738346;1.815727834753033676e-08;
1116741.1160744205117;1.7277955066674621776e-08;
1117074.4716314575635;1.7919425943091482623e-08;
1117407.8271884946153;1.7782481265271599113e-08;
1117741.182745531667;1.7683760233921930194e-08;
1118074.5383025687188;1.8629691567184636369e-08;
1118407.8938596057706;1.889402412302843004e-08;
1118741.2494166428223;1.8593988571069530735e-08;
1119074.6049736798741;1.8084348241131920076e-08;
1119407.9605307169259;1.7968538656987220747e-08;
1119741.3160877539776;1.8471379092943607247e-08;
1120074.6716447910294;1.7668668306214385666e-08;
1120408.0272018280812;1.7865803059180507262e-08;
1120741.3827588651329;1.8684689351289307524e-08;
1121074.7383159021847;1.8183962779971807322e-08;
1121408.0938729392365;1.9440820508975775738e-08;
1121741.4494299762882;1.8311643756874218525e-08;
1122074.80498701334;1.7991787615301291225e-08;
1122408.1605440503918;1.7549785624737523904e-08;
1122741.5161010874435;1.7215269210169026337e-08;
1123074.8716581244953;1.9552889085616698139e-08;
1123408.2272151615471;1.8755196506958782265e-08;
1123741.5827721985988;1.8957859282409117441e-08;
1124074.9383292356506;1.8298813131423230516e-08;
1124408.2938862727024;1.8205666307835599582e-08;
1124741.6494433097541;1.7900863014119750005e-08;
1125075.0050003468059;1.8925947031789291941e-08;
1125408.3605573838577;1.798515114614929189e-08;
1125741.7161144209094;1.8018546654730016598e-08;
1126075.0716714579612;1.8651402200475786231e-08;
1126408.427228495013;1.814898631380401639e-08;
1126741.7827855320647;1.8938619561481573328e-08;
1127075.1383425691165;1.7768584825716970954e-08;
1127408.4938996061683;1.7867936463744626963e-08;
1127741.84945664322;1.8153928138531227887e-08;
1128075.2050136802718;1.9692084407552101766e-08;
1128408.5605707173236;1.7148442665870788915e-08;
1128741.9161277543753;1.9110032667413179297e-08;
1129075.2716847914271;1.8266085533014120301e-08;
1129408.6272418284789;1.8183325067866462632e-08;
1129741.9827988655306;1.8222049646965388092e-08;
1130075.3383559025824;1.8602058560190926073e-08;
1130408.6939129396342;1.8591341799378824362e-08;
1130742.0494699766859;1.771578617137947731e-08;
1131075.4050270137377;1.8693258496682574332e-08;
1131408.7605840507895;1.8278797142556868494e-08;
1131742.1161410878412;1.9323758593259299232e-08;
1132075.471698124893;1.8737512874622552772e-08;
1132408.8272551619448;1.8426911552182900778e-08;
1132742.1828121989965;1.8468035989371855976e-08;
1133075.5383692360483;1.7816971009665394376e-08;
1133408.8939262731001;1.8232071852253284305e-08;
1133742.2494833101518;1.867714161107869586e-08;
1134075.6050403472036;1.9174800414134551829e-08;
1134408.9605973842554;1.6525161683489386633e-08;
1134742.3161544213071;1.8144778124451477197e-08;
1135075.6717114583589;1.8555777359097191948e-08;
1135409.0272684954107;1.8158745618279681366e-08;
1135742.3828255324624;1.7894826953579467954e-08;
1136075.7383825695142;1.7097576687774562743e-08;
1136409.093939606566;1.7825017906147877511e-08;
1136742.4494966436177;1.8963421055673279625e-08;
1137075.8050536806695;1.8295214232466605608e-08;
1137409.1606107177213;1.7898944548733197735e-08;
1137742.5161677547731;1.7637315607998971245e-08;
1138075.8717247918248;1.8256654854553744372e-08;
1138409.2272818288766;1.8556200132024969207e-08;
1138742.5828388659284;1.8493327758051236742e-08;
1139075.9383959029801;1.9039429588474376942e-08;
1139409.2939529400319;1.9443826104748040962e-08;
1139742.6495099770837;1.8291004266757227015e-08;
1140076.0050670141354;1.8779529042944886896e-08;
1140409.3606240511872;1.9321042543651856249e-08;
1140742.716181088239;1.8831030956789618358e-08;
1141076.0717381252907;1.9006511919883450901e-08;
1141409.4272951623425;1.8993928208033139526e-08;
1141742.7828521993943;1.7787199269037046179e-08;
1142076.138409236446;1.8652681177400154411e-08;
1142409.4939662734978;1.8936955115123055293e-08;
1142742.8495233105496;1.8706300508597450971e-08;
1143076.2050803476013;1.8349288311014788633e-08;
1143409.5606373846531;1.8573256710396890412e-08;
1143742.9161944217049;1.878913025166184525e-08;
1144076.2717514587566;1.9109865689870275673e-08;
1144409.6273084958084;1.8869444673441648774e-08;
1144742.9828655328602;1.9012789564953891386e-08;
1145076.3384225699119;1.8682458247099020809e-08;
1145409.6939796069637;1.8944110280472159502e-08;
1145743.0495366440155;1.9077663893085627933e-08;
1146076.4050936810672;1.8091688147592321911e-08;
1146409.760650718119;1.8238447196949891804e-08;
1146743.1162077551708;2.0918838217198754137e-08;
1147076.4717647922225;1.8199367346483086294e-08;
1147409.8273218292743;1.9073040036232669081e-08;
1147743.1828788663261;1.8920362165886217554e-08;
1148076.5384359033778;1.8726783679312575259e-08;
1148409.8939929404296;1.8896280096214468358e-08;
1148743.2495499774814;1.822480300006645848e-08;
1149076.6051070145331;1.8646391097831838124e-08;
1149409.9606640515849;1.8355704511918702337e-08;
1149743.3162210886367;1.9719951893648612895e-08;
1150076.6717781256884;1.7962195286713722453e-08;
1150410.0273351627402;1.8220640995991743694e-08;
1150743.382892199792;1.7851528255619086849e-08;
1151076.7384492368437;1.7089018200522332336e-08;
1151410.0940062738955;1.8057205508625884249e-08;
1151743.4495633109473;1.8121363964951342496e-08;
1152076.805120347999;1.91377154123983928e-08;
1152410.1606773850508;1.8525973644045734545e-08;
1152743.5162344221026;1.9437473852690345666e-08;
1153076.8717914591543;1.9238774129348712449e-08;
1153410.2273484962061;1.8634372267456456029e-08;
1153743.5829055332579;1.9086849434302166628e-08;
1154076.9384625703096;1.975438124190986855e-08;
1154410.2940196073614;1.899629786805689946e-08;
1154743.6495766444132;1.9985106902709048882e-08;
1155077.0051336814649;1.869608290405722073e-08;
1155410.3606907185167;1.8185753347665922774e-08;
1155743.7162477555685;1.9562852671128894144e-08;
1156077.0718047926202;1.8034569393421406858e-08;
1156410.427361829672;1.8957093672611335933e-08;
1156743.7829188667238;1.8834340309581421025e-08;
1157077.1384759037755;1.9227725189807642892e-08;
1157410.4940329408273;1.8164552528787680785e-08;
1157743.8495899778791;1.8759150677283287223e-08;
1158077.2051470149308;1.8189586725725348515e-08;
1158410.5607040519826;1.8855427441621941398e-08;
1158743.9162610890344;1.7008483510494443181e-08;
1159077.2718181260861;1.8656416855833413138e-08;
1159410.6273751631379;1.9227252678888362425e-08;
1159743.9829322001897;1.9777472104465232405e-08;
1160077.3384892372414;2.0121509791692915314e-08;
1160410.6940462742932;1.9397665695919386053e-08;
1160744.049603311345;1.8749366503811870643e-08;
1161077.4051603483967;1.9162644804282535915e-08;
1161410.7607173854485;1.8424742620481993072e-08;
1161744.1162744225003;1.8487968489466766187e-08;
1162077.471831459552;1.9183291399826885026e-08;
1162410.8273884966038;1.9057800670907454332e-08;
1162744.1829455336556;1.96029645849193912e-08;
1163077.5385025707074;1.8861092243582788797e-08;
1163410.8940596077591;1.9210910195965880121e-08;
1163744.2496166448109;1.9133613804456217622e-08;
1164077.6051736818627;1.909275049172265426e-08;
1164410.9607307189144;1.8132192636244326422e-08;
1164744.3162877559662;1.8689581438025015814e-08;
1165077.671844793018;1.9163586273407418048e-08;
1165411.0274018300697;2.0882085394191562955e-08;
1165744.3829588671215;1.8637679843891419296e-08;
1166077.7385159041733;1.8930469636302404979e-08;
1166411.094072941225;1.8450267091907335271e-08;
1166744.4496299782768;1.7061900337012048112e-08;
1167077.8051870153286;1.7488725134739979694e-08;
1167411.1607440523803;1.9222591518541776168e-08;
1167744.5163010894321;1.9900044279097528488e-08;
1168077.8718581264839;1.8281559377442135883e-08;
1168411.2274151635356;1.8452826822112911032e-08;
1168744.5829722005874;1.9337376144790141552e-08;
1169077.9385292376392;1.9937766992939032207e-08;
1169411.2940862746909;2.00050926935091411e-08;
1169744.6496433117427;1.8111562027911531914e-08;
1170078.0052003487945;1.8613858898675061937e-08;
1170411.3607573858462;1.8694144898745435057e-08;
1170744.716314422898;1.921239523028361873e-08;
1171078.0718714599498;1.9585959520895812602e-08;
1171411.4274284970015;1.8453086170211463468e-08;
1171744.7829855340533;1.8349707531228887092e-08;
1172078.1385425711051;1.8109590271819797636e-08;
1172411.4940996081568;1.8638662169223607634e-08;
1172744.8496566452086;1.7564312670970139152e-08;
1173078.2052136822604;1.8607188678743113996e-08;
1173411.5607707193121;1.7730014789663073316e-08;
1173744.9163277563639;1.7878424074524446041e-08;
1174078.2718847934157;1.9076825452657431015e-08;
1174411.6274418304674;1.8704557902537999325e-08;
1174744.9829988675192;1.9734368805757185328e-08;
1175078.338555904571;1.9283911356637872814e-08;
1175411.6941129416227;1.9671096751494587807e-08;
1175745.0496699786745;2.0454169913364239619e-08;
1176078.4052270157263;1.9108252757860100246e-08;
1176411.760784052778;1.9414130747463786975e-08;
1176745.1163410898298;1.9422659036649747577e-08;
1177078.4718981268816;1.8634830567521021294e-08;
1177411.8274551639333;1.8367865450841236452e-08;
1177745.1830122009851;1.7394537366044460214e-08;
1178078.5385692380369;1.8387590117185936833e-08;
1178411.8941262750886;1.821692841019739717e-08;
1178745.2496833121404;1.9111141114080965053e-08;
1179078.6052403491922;1.8043696314862245345e-08;
1179411.9607973862439;1.9690318708853737917e-08;
1179745.3163544232957;1.9096743741897626023e-08;
1180078.6719114603475;1.8853572925081607536e-08;
1180412.0274684973992;1.9385742788813331572e-08;
1180745.383025534451;1.9101070947158405033e-08;
1181078.7385825715028;1.9249727145620454394e-08;
1181412.0941396085545;1.8955994107727747178e-08;
1181745.4496966456063;1.8694638725946788327e-08;
1182078.8052536826581;1.8982419192070665304e-08;
1182412.1608107197098;1.9346243718132427603e-08;
1182745.5163677567616;1.8161872006317025807e-08;
1183078.8719247938134;1.9125312888945700251e-08;
1183412.2274818308651;1.7954340236769894545e-08;
1183745.5830388679169;1.8457624761936131108e-08;
1184078.9385959049687;1.9557182540097528545e-08;
1184412.2941529420204;1.9040866661157451745e-08;
1184745.6497099790722;1.9848267029942689987e-08;
1185079.005267016124;1.8069929552666508243e-08;
1185412.3608240531757;1.8985222283163238899e-08;
1185745.7163810902275;1.9126053629747730156e-08;
1186079.0719381272793;1.8412610103268889361e-08;
1186412.427495164331;1.8924717792856426968e-08;
1186745.7830522013828;1.9188009403592332092e-08;
1187079.1386092384346;1.7761719206532688986e-08;
1187412.4941662754864;1.8308009330780805612e-08;
1187745.8497233125381;1.8576487903487759468e-08;
1188079.2052803495899;1.9119333671824279008e-08;
1188412.5608373866417;1.8224417530632308626e-08;
1188745.9163944236934;1.9252365035526963766e-08;
1189079.2719514607452;1.9395484329720602545e-08;
1189412.627508497797;1.8507595456185299554e-08;
1189745.9830655348487;1.7866053525494862697e-08;
1190079.3386225719005;1.9303028508943498309e-08;
1190412.6941796089523;1.8968819404108216986e-08;
1190746.049736646004;1.9903225734196894336e-08;
1191079.4052936830558;1.8679175539659809147e-08;
1191412.7608507201076;1.8239376231576898135e-08;
1191746.1164077571593;1.9131597639443498338e-08;
1192079.4719647942111;2.0244542042746616062e-08;
1192412.8275218312629;2.0587625826351541036e-08;
1192746.1830788683146;1.9296551911907044996e-08;
1193079.5386359053664;1.9849906607305456419e-08;
1193412.8941929424182;2.050205161197027337e-08;
1193746.2497499794699;2.1315356590889678046e-08;
1194079.6053070165217;2.1229293878377575311e-08;
1194412.9608640535735;1.8950899516312347259e-08;
1194746.3164210906252;1.891919865215641039e-08;
1195079.671978127677;1.7675560570751258638e-08;
1195413.0275351647288;2.0545281032013917866e-08;
1195746.3830922017805;1.9447345067646892858e-08;
1196079.7386492388323;1.9280559371281924541e-08;
1196413.0942062758841;2.1083677026467739779e-08;
1196746.4497633129358;1.885870659634747426e-08;
1197079.8053203499876;1.881423372651624959e-08;
1197413.1608773870394;1.833253371330556547e-08;
1197746.5164344240911;1.9728336297930582077e-08;
1198079.8719914611429;1.9620811642084845516e-08;
1198413.2275484981947;1.9316834354299317056e-08;
1198746.5831055352464;1.8968719928125210572e-08;
1199079.9386625722982;1.8591570949411106994e-08;
1199413.29421960935;1.7651666794904485869e-08;
1199746.6497766464017;1.8447186889147815236e-08;
1200080.0053336834535;1.7778514660449218354e-08;
1200413.3608907205053;1.8785005551080757868e-08;
1200746.716447757557;1.9533421991013710795e-08;
1201080.0720047946088;1.8903783427504095016e-08;
1201413.4275618316606;1.8864538375851225283e-08;
1201746.7831188687123;1.9515141502779442817e-08;
1202080.1386759057641;1.8660349709875845292e-08;
1202413.4942329428159;1.9339006840368710982e-08;
1202746.8497899798676;1.994750498113262438e-08;
1203080.2053470169194;1.9819314189817305305e-08;
1203413.5609040539712;1.9106911608446353057e-08;
1203746.9164610910229;1.8886922248384507839e-08;
1204080.2720181280747;2.0272265643939135771e-08;
1204413.6275751651265;1.9626982705744921986e-08;
1204746.9831322021782;1.9707622200826335757e-08;
1205080.33868923923;1.8302221960198039596e-08;
1205413.6942462762818;1.9029899434030994598e-08;
1205747.0498033133335;1.8829245718166021106e-08;
1206080.4053603503853;1.9608579648888735392e-08;
1206413.7609173874371;1.953338824023376219e-08;
1206747.1164744244888;1.9011554996950508212e-08;
1207080.4720314615406;1.8921292976870063285e-08;
1207413.8275884985924;1.9339482904001670249e-08;
1207747.1831455356441;1.774961688738585508e-08;
1208080.5387025726959;1.952601103027973295e-08;
1208413.8942596097477;1.8700418991102196742e-08;
1208747.2498166467994;1.9506675386082861223e-08;
1209080.6053736838512;1.8812647439858665166e-08;
1209413.960930720903;2.0196267769279074855e-08;
1209747.3164877579547;2.1382151160764806264e-08;
1210080.6720447950065;2.1137859462783126219e-08;
1210414.0276018320583;1.8550855074295213853e-08;
1210747.38315886911;1.9269080553385720123e-08;
1211080.7387159061618;1.953445227798056294e-08;
1211414.0942729432136;1.8553071967630785366e-08;
1211747.4498299802653;1.8854269256962652435e-08;
1212080.8053870173171;2.0147046697616133315e-08;
1212414.1609440543689;1.9355217872885077668e-08;
1212747.5165010914207;1.9965526121268339921e-08;
1213080.8720581284724;1.9223874048179823149e-08;
1213414.2276151655242;2.0318223548088099051e-08;
1213747.583172202576;1.987097952849126159e-08;
1214080.9387292396277;1.8802635892711805354e-08;
1214414.2942862766795;1.861905829514398647e-08;
1214747.6498433137313;1.9620950197918318736e-08;
1215081.005400350783;2.0271910372571255721e-08;
1215414.3609573878348;1.9485645097461201658e-08;
1215747.7165144248866;1.9176990662117532338e-08;
1216081.0720714619383;1.883523204071479995e-08;
1216414.4276284989901;1.9333130651943974954e-08;
1216747.7831855360419;2.0499349773217545589e-08;
1217081.1387425730936;1.9696962283433094854e-08;
1217414.4942996101454;1.9253548089182004333e-08;
1217747.8498566471972;1.9829169417562297895e-08;
1218081.2054136842489;1.940693650226421596e-08;
1218414.5609707213007;1.894544077174487029e-08;
1218747.9165277583525;2.0074587325780157698e-08;
1219081.2720847954042;1.8876439966675206961e-08;
1219414.627641832456;2.0464629102434628294e-08;
1219747.9831988695078;1.9067110557102751045e-08;
1220081.3387559065595;1.9628258129955611366e-08;
1220414.6943129436113;1.9579493582000395691e-08;
1220748.0498699806631;1.977438124356467597e-08;
1221081.4054270177148;1.9753063185135033564e-08;
1221414.7609840547666;1.9208650670066163002e-08;
1221748.1165410918184;1.9188009403592332092e-08;
1222081.4720981288701;1.9875693979543029855e-08;
1222414.8276551659219;1.9214319024740689201e-08;
1222748.1832122029737;1.7824046238956725574e-08;
1223081.5387692400254;2.0364428365837738966e-08;
1223414.8943262770772;1.8665334167167202395e-08;
1223748.249883314129;1.9679045948350903927e-08;
1224081.6054403511807;1.9529236894300083804e-08;
1224414.9609973882325;1.9022913022581633413e-08;
1224748.3165544252843;2.028623136141050054e-08;
1225081.672111462336;2.0128828381871244346e-08;
1225415.0276684993878;1.9575365328705629508e-08;
1225748.3832255364396;2.0445188653184231953e-08;
1226081.7387825734913;1.9423991304279297765e-08;
1226415.0943396105431;1.8290553072120019351e-08;
1226748.4498966475949;2.0089157004576918553e-08;
1227081.8054536846466;1.9869654366289069003e-08;
1227415.1610107216984;1.9836695841490836756e-08;
1227748.5165677587502;1.868061971777024155e-08;
1228081.8721247958019;1.931537596533416945e-08;
1228415.2276818328537;1.8617816621713245695e-08;
1228748.5832388699055;1.9544131646398454905e-08;
1229081.9387959069572;2.0806760758773634734e-08;
1229415.294352944009;1.9283065810782318295e-08;
1229748.6499099810608;1.9784041072057334532e-08;
1230082.0054670181125;2.0470128703209411469e-08;
1230415.3610240551643;1.920679437716898974e-08;
1230748.7165810922161;1.9644712523358975886e-08;
1231082.0721381292678;1.8350286623558531574e-08;
1231415.4276951663196;2.0225630947834360995e-08;
1231748.7832522033714;2.0631324204600787198e-08;
1232082.1388092404231;1.9675105988881114172e-08;
1232415.4943662774749;1.944778915685674292e-08;
1232748.8499233145267;1.944416716526120581e-08;
1233082.2054803515784;1.962729356819181703e-08;
1233415.5610373886302;2.0959227242656197632e-08;
1233748.916594425682;1.8202596763217115949e-08;
1234082.2721514627337;1.8985755190215058974e-08;
1234415.6277084997855;1.9411642071531787224e-08;
1234748.9832655368373;1.9492835789947093872e-08;
1235082.338822573889;2.0310158888037221914e-08;
1235415.6943796109408;2.0457475713442363485e-08;
1235749.0499366479926;1.9837113285348095815e-08;
1236082.4054936850443;2.0085629159893869655e-08;
1236415.7610507220961;2.0787835453006664466e-08;
1236749.1166077591479;1.9776187798470346024e-08;
1237082.4721647961996;1.8463072848362571676e-08;
1237415.8277218332514;1.9402914830379813793e-08;
1237749.1832788703032;2.0523673427419453219e-08;
1238082.538835907355;2.0380603871217317646e-08;
1238415.8943929444067;1.9745186818909132853e-08;
1238749.2499499814585;1.9187032407330661954e-08;
1239082.6055070185103;1.9922431704344489845e-08;
1239415.961064055562;2.04490682165214821e-08;
1239749.3166210926138;1.8884930952367540158e-08;
1240082.6721781296656;2.0555786406362130947e-08;
1240416.0277351667173;1.9513048954422629322e-08;
1240749.3832922037691;2.0902490405205753632e-08;
1241082.7388492408209;1.9406424911494468688e-08;
1241416.0944062778726;1.8907371668319683522e-08;
1241749.4499633149244;1.9038525422843122215e-08;
1242082.8055203519762;2.0486282892306917347e-08;
1242416.1610773890279;1.9922605787314751069e-08;
1242749.5166344260797;1.964630058637339971e-08;
1243082.8721914631315;2.0133001044086995535e-08;
1243416.2277485001832;1.95440978956185063e-08;
1243749.583305537235;1.9733812806066453049e-08;
1244082.9388625742868;2.0635820163761309232e-08;
1244416.2944196113385;2.0439012260453637282e-08;
1244749.6499766483903;2.0250945809152653965e-08;
1245083.0055336854421;2.0486929486196459038e-08;
1245416.3610907224938;2.0817035206732725783e-08;
1245749.7166477595456;2.0505041220530983992e-08;
1246083.0722047965974;1.9435322684557831963e-08;
1246416.4277618336491;1.8875081053693065769e-08;
1246749.7833188707009;2.0106385889562261582e-08;
1247083.1388759077527;1.9701529296867192897e-08;
1247416.4944329448044;1.9423136876639546244e-08;
1247749.8499899818562;2.0281955670498064137e-08;
1248083.205547018908;2.0596342409362478065e-08;
1248416.5611040559597;2.121020870049505902e-08;
1248749.9166610930115;2.0660230859448347474e-08;
1249083.2722181300633;2.0276610612768308783e-08;
1249416.627775167115;2.0821753210498172848e-08;
1249749.9833322041668;1.9792626204662155942e-08;
1250083.3388892412186;1.8526266742924235587e-08;
1250416.6944462782703;1.9930167738380077935e-08;
1250750.0500033153221;2.0404785416872073256e-08;
1251083.4055603523739;1.8743767427054081054e-08;
1251416.7611173894256;1.950026806696314452e-08;
1251750.1166744264774;2.0033121828078037652e-08;
1252083.4722314635292;2.0080900497987386188e-08;
1252416.8277885005809;2.0148533508290711325e-08;
1252750.1833455376327;1.9643090709564603458e-08;
1253083.5389025746845;1.9459578837199842383e-08;
1253416.8944596117362;1.991949183377528243e-08;
1253750.250016648788;2.0439621550849551568e-08;
1254083.6055736858398;2.0163369640613382217e-08;
1254416.9611307228915;2.0163795966254838277e-08;
1254750.3166877599433;2.0853160975775608676e-08;
1255083.6722447969951;2.0826398383633204503e-08;
1255417.0278018340468;1.9363653791515389457e-08;
1255750.3833588710986;2.0413210677361348644e-08;
1256083.7389159081504;1.9308929566363985941e-08;
1256417.0944729452021;1.9748725321733218152e-08;
1256750.4500299822539;1.8947238444866343343e-08;
1257083.8055870193057;1.8454025862979506201e-08;
1257417.1611440563574;2.0589434157614050491e-08;
1257750.5167010934092;2.0167480130339754396e-08;
1258083.872258130461;2.0757219942879601149e-08;
1258417.2278151675127;2.0044915061134815915e-08;
1258750.5833722045645;1.9932723915871974896e-08;
1259083.9389292416163;1.9686376973027108761e-08;
1259417.294486278668;1.9712331322807585821e-08;
1259750.6500433157198;1.8560992742777671083e-08;
1260084.0056003527716;2.0593232008536688227e-08;
1260417.3611573898233;2.0397258992943534395e-08;
1260750.7167144268751;1.9105769410998618696e-08;
1261084.0722714639269;1.9664392780782691261e-08;
1261417.4278285009786;2.0004391032557578001e-08;
1261750.7833855380304;1.9574127207988567534e-08;
1262084.1389425750822;1.967558915794143104e-08;
1262417.4944996121339;2.0390524824165368045e-08;
1262750.8500566491857;2.052630421189860499e-08;
1263084.2056136862375;2.0561492064530284551e-08;
1263417.5611707232893;2.029353751709095377e-08;
1263750.916727760341;2.0169959924487557146e-08;
1264084.2722847973928;2.1867402111297451484e-08;
1264417.6278418344446;2.0919278753694925399e-08;
1264750.9833988714963;2.0518841736816284538e-08;
1265084.3389559085481;1.9622293123688905325e-08;
1265417.6945129455999;2.0561673252927903377e-08;
1265751.0500699826516;2.0156464941578633443e-08;
1266084.4056270197034;2.0128297251176263671e-08;
1266417.7611840567552;1.9799895056848981767e-08;
1266751.1167410938069;2.0139262701945881417e-08;
1267084.4722981308587;2.090197703807916696e-08;
1267417.8278551679105;2.0425838798132645024e-08;
1267751.1834122049622;1.9895955105653229111e-08;
1268084.538969242014;1.8620138320102341822e-08;
1268417.8945262790658;2.0208618778383424797e-08;
1268751.2500833161175;2.0203932749041086936e-08;
1269084.6056403531693;1.9499822201396455057e-08;
1269417.9611973902211;2.0275898293675709283e-08;
1269751.3167544272728;2.1454130916254143813e-08;
1270084.6723114643246;2.039715241153317038e-08;
1270418.0278685013764;1.9219585922769510944e-08;
1270751.3834255384281;2.0064574002276458486e-08;
1271084.7389825754799;1.9424980735038843704e-08;
1271418.0945396125317;2.074318494749149977e-08;
1271751.4500966495834;1.9956619468075587065e-08;
1272084.8056536866352;2.1546023631913158169e-08;
1272418.161210723687;1.8968020043530486873e-08;
1272751.5167677607387;2.0640387177195407276e-08;
1273084.8723247977905;1.9652445004680885177e-08;
1273418.2278818348423;1.9957285601890362159e-08;
1273751.583438871894;1.9588576094520249171e-08;
1274084.9389959089458;2.0795322797084736521e-08;
1274418.2945529459976;2.0125575872498302488e-08;
1274751.6501099830493;1.9737765200034118607e-08;
1275085.0056670201011;1.9706272169628391566e-08;
1275418.3612240571529;2.006644272967150755e-08;
1275751.7167810942046;2.0274972811762381752e-08;
1276085.0723381312564;2.0212773677030781982e-08;
1276418.4278951683082;2.0182081783559624455e-08;
1276751.7834522053599;2.0310121584543594508e-08;
1277085.1390092424117;2.0420706903223617701e-08;
1277418.4945662794635;2.0006183376608532853e-08;
1277751.8501233165152;2.1078307099742232822e-08;
1278085.205680353567;2.0211281537285685772e-08;
1278418.5612373906188;1.8762776221592503134e-08;
1278751.9167944276705;2.1312436260245704034e-08;
1279085.2723514647223;1.9609922574659321981e-08;
1279418.6279085017741;2.0152109314608424029e-08;
1279751.9834655388258;2.0656058197232596285e-08;
1280085.3390225758776;2.1186338017287198454e-08;
1280418.6945796129294;2.1057617871633738105e-08;
1280752.0501366499811;2.0713763149160513422e-08;
1281085.4056936870329;2.0978419001949077938e-08;
1281418.7612507240847;1.9456741995327320183e-08;
1281752.1168077611364;2.0479948403817616054e-08;
1282085.4723647981882;1.9844851095740523306e-08;
1282418.82792183524;1.9808663154208261403e-08;
1282752.1834788722917;2.0117798982255408191e-08;
1283085.5390359093435;1.8595425643752605538e-08;
1283418.8945929463953;2.1257283933096005057e-08;
1283752.250149983447;2.0974217918023896345e-08;
1284085.6057070204988;2.0331826888764226169e-08;
1284418.9612640575506;1.9562026665198573028e-08;
1284752.3168210946023;2.0404964828912852681e-08;
1285085.6723781316541;2.0914795229032279167e-08;
1285419.0279351687059;1.9940287643294141162e-08;
1285752.3834922057576;2.1131139504859675071e-08;
1286085.7390492428094;2.0899920016859141469e-08;
1286419.0946062798612;2.0262012512262117525e-08;
1286752.4501633169129;2.0704121084236248862e-08;
1287085.8057203539647;2.2286325673803730751e-08;
1287419.1612773910165;2.0717692450489266776e-08;
1287752.5168344280683;2.0832143121651824913e-08;
1288085.87239146512;2.1530018656790161913e-08;
1288419.2279485021718;1.9715205468173735426e-08;
1288752.5835055392236;2.0349443019540558453e-08;
1289085.9390625762753;1.9731283273927147093e-08;
1289419.2946196133271;2.1698836505379404116e-08;
1289752.6501766503789;2.1918593162695287901e-08;
1290086.0057336874306;2.088417616619153705e-08;
1290419.3612907244824;1.9738667589308533934e-08;
1290752.7168477615342;1.9331839240521730972e-08;
1291086.0724047985859;2.0396972999492390954e-08;
1291419.4279618356377;1.981544883733477036e-08;
1291752.7835188726895;2.1458427923448653019e-08;
1292086.1390759097412;2.0804970191079519282e-08;
1292419.494632946793;2.0708123216195417626e-08;
1292752.8501899838448;2.0335862771503343538e-08;
1293086.2057470208965;1.9631224645877409785e-08;
1293419.5613040579483;2.010977873112551606e-08;
1293752.9168610950001;2.1611604950066976016e-08;
1294086.2724181320518;2.0311334836264904879e-08;
1294419.6279751691036;2.1055805987657549849e-08;
1294752.9835322061554;2.0422824320576182799e-08;
1295086.3390892432071;2.0656747423686283582e-08;
1295419.6946462802589;2.0984758819508897432e-08;
1295753.0502033173107;2.0642019649130816106e-08;
1296086.4057603543624;2.0509039799776473956e-08;
1296419.7613173914142;1.987757869414963352e-08;
1296753.116874428466;2.0140005219104750722e-08;
1297086.4724314655177;2.1391882043531040836e-08;
1297419.8279885025695;2.0588021953926727292e-08;
1297753.1835455396213;2.0285161994593181589e-08;
1298086.539102576673;1.9734507361590658547e-08;
1298419.8946596137248;2.0804057143664067553e-08;
1298753.2502166507766;1.9842584464413448586e-08;
1299086.6057736878283;2.0686051982465869514e-08;
1299419.9613307248801;2.056282966123035294e-08;
1299753.3168877619319;2.0616107931914484652e-08;
1300086.6724447989836;1.9679736951161430625e-08;
1300420.0280018360354;2.046034985880851309e-08;
1300753.3835588730872;2.0359276931003478239e-08;
1301086.7391159101389;2.1340122557944596338e-08;
1301420.0946729471907;2.0213517970546490687e-08;
1301753.4502299842425;2.0153489543872638023e-08;
1302086.8057870212942;2.0282703516727451643e-08;
1302420.161344058346;2.1155804219574747549e-08;
1302753.5169010953978;2.0263756894678408571e-08;
1303086.8724581324495;2.0667490829850976297e-08;
1303420.2280151695013;2.0199852457380984561e-08;
1303753.5835722065531;2.1116779436169963446e-08;
1304086.9391292436048;2.3436752982775033161e-08;
1304420.2946862806566;2.0700994696198904421e-08;
1304753.6502433177084;2.2035923308294513845e-08;
1305087.0058003547601;2.0382215026870653674e-08;
1305420.3613573918119;1.9805009188189615088e-08;
1305753.7169144288637;2.0310086057406806503e-08;
1306087.0724714659154;2.1894848600823024753e-08;
1306420.4280285029672;2.0500827702107926598e-08;
1306753.783585540019;2.0880618123442218348e-08;
1307087.1391425770707;2.0678495360471060849e-08;
1307420.4946996141225;2.1301019614838878624e-08;
1307753.8502566511743;2.0564780101040014415e-08;
1308087.205813688226;1.98823979502549264e-08;
1308420.5613707252778;2.1995738563873601379e-08;
1308753.9169277623296;2.0767979336255848466e-08;
1309087.2724847993813;1.9491636749080498703e-08;
1309420.6280418364331;2.0287584945322123531e-08;
1309753.9835988734849;2.2315825631835650711e-08;
1310087.3391559105366;2.0542140433121858223e-08;
1310420.6947129475884;2.0524717925241020566e-08;
1310754.0502699846402;2.0685108736984147981e-08;
1311087.4058270216919;2.1084492374257024494e-08;
1311420.7613840587437;2.1378770753699427587e-08;
1311754.1169410957955;2.0553583723881274636e-08;
1312087.4724981328472;2.3014148808897516574e-08;
1312420.828055169899;2.1415081263853608107e-08;
1312754.1836122069508;2.0720932525364332832e-08;
1313087.5391692440026;2.1718781439972190128e-08;
1313420.8947262810543;2.1584098064408863138e-08;
1313754.2502833181061;2.1063723210090756766e-08;
1314087.6058403551579;2.1385982762467392604e-08;
1314420.9613973922096;2.2384929465601999254e-08;
1314754.3169544292614;2.1301657326944223314e-08;
1315087.6725114663132;2.0902307440451295406e-08;
1315421.0280685033649;2.0961214985959486512e-08;
1315754.3836255404167;2.011991995232165209e-08;
1316087.7391825774685;2.1472077449402604543e-08;
1316421.0947396145202;2.1805028893595590489e-08;
1316754.450296651572;2.261695719596445997e-08;
1317087.8058536886238;2.0742675133078591898e-08;
1317421.1614107256755;2.1631432645108361612e-08;
1317754.5169677627273;2.0655912535971765465e-08;
1318087.8725247997791;2.0378992715563981619e-08;
1318421.2280818368308;2.129290166408281948e-08;
1318754.5836388738826;2.0494129060466548253e-08;
1319087.9391959109344;2.0988851545666875609e-08;
1319421.2947529479861;2.1929762894501436676e-08;
1319754.6503099850379;2.0904254327547278081e-08;
1320088.0058670220897;2.1144657580407510977e-08;
1320421.3614240591414;2.0500827702107926598e-08;
1320754.7169810961932;2.1620756740503566107e-08;
1321088.072538133245;2.0555786406362130947e-08;
1321421.4280951702967;1.9468846090830993489e-08;
1321754.7836522073485;2.1090789559252698382e-08;
1322088.1392092444003;2.0727267013853634126e-08;
1322421.494766281452;2.0356880625627127301e-08;
1322754.8503233185038;2.1114850312642374774e-08;
1323088.2058803555556;2.0527206601173020317e-08;
1323421.5614373926073;2.1119857862572644081e-08;
1323754.9169944296591;2.1520905946204038628e-08;
1324088.2725514667109;2.086928496680684475e-08;
1324421.6281085037626;1.995949361344173667e-08;
1324754.9836655408144;2.1677614370219089324e-08;
1325088.3392225778662;2.0930158939336251933e-08;
1325421.6947796149179;2.032289891928940051e-08;
1325755.0503366519697;2.1076049350199355104e-08;
1326088.4058936890215;2.0298992708944751939e-08;
1326421.7614507260732;2.0882085394191562955e-08;
1326755.117007763125;2.0991320681673641957e-08;
1327088.4725648001768;2.1827602836310688872e-08;
1327421.8281218372285;2.0644050024998250592e-08;
1327755.1836788742803;2.1346272305322600005e-08;
1328088.5392359113321;1.9686307695110372151e-08;
1328421.8947929483838;1.9799372807938198093e-08;
1328755.2503499854356;2.2923321907342142367e-08;
1329088.6059070224874;1.9825442620913236169e-08;
1329421.9614640595391;2.0825813962233041821e-08;
1329755.3170210965909;2.0950466250724275596e-08;
1330088.6725781336427;2.0857447324829081481e-08;
1330422.0281351706944;2.0953299539883118996e-08;
1330755.3836922077462;2.0754155727331635717e-08;
1331088.739249244798;2.049268843506979465e-08;
1331422.0948062818497;2.1790171444990846794e-08;
1331755.4503633189015;1.9795930228383440408e-08;
1332088.8059203559533;2.0658852406540972879e-08;
1332422.161477393005;2.0952011681174553814e-08;
1332755.5170344300568;2.012006028451196471e-08;
1333088.8725914671086;1.9480921764625236392e-08;
1333422.2281485041603;2.0671558687013202871e-08;
1333755.5837055412121;2.1087974033662248985e-08;
1334088.9392625782639;2.1701048069644457428e-08;
1334422.2948196153156;2.1090679425128655566e-08;
1334755.6503766523674;2.0274759648941653722e-08;
1335089.0059336894192;2.0454960392157772731e-08;
1335422.3614907264709;2.0036887704577566183e-08;
1335755.7170477635227;2.2869423688121059968e-08;
1336089.0726048005745;2.018055766939141904e-08;
1336422.4281618376262;2.0248419829727026809e-08;
1336755.783718874678;2.0051501792295312043e-08;
1337089.1392759117298;1.9454896360571183322e-08;
1337422.4948329487815;2.17767386345713021e-08;
1337755.8503899858333;2.1569050545622303616e-08;
1338089.2059470228851;1.988218834014787717e-08;
1338422.5615040599369;2.0879333817447331967e-08;
1338755.9170610969886;1.9915852078611351317e-08;
1339089.2726181340404;1.9973278142515482614e-08;
1339422.6281751710922;2.0428135627525989548e-08;
1339755.9837322081439;2.1614148693060997175e-08;
1340089.3392892451957;2.0858253790834169195e-08;
1340422.6948462822475;2.145914379525493132e-08;
1340756.0504033192992;2.0432908698353458021e-08;
1341089.405960356351;2.0082065788074032753e-08;
1341422.7615173934028;2.1573709929612050473e-08;
1341756.1170744304545;2.1824879681275888288e-08;
1342089.4726314675063;2.1293313778869560338e-08;
1342422.8281885045581;2.1283739215505192988e-08;
1342756.1837455416098;2.1374226832904241746e-08;
1343089.5393025786616;2.0063904315748004592e-08;
1343422.8948596157134;2.1428666840961341222e-08;
1343756.2504166527651;2.0839683756435078976e-08;
1344089.6059736898169;2.1800891758516627306e-08;
1344422.9615307268687;1.9920470606393791968e-08;
1344756.3170877639204;2.0740197115287628549e-08;
1345089.6726448009722;2.1253550031019585731e-08;
1345423.028201838024;2.0983799586815621296e-08;
1345756.3837588750757;2.0531462752160223317e-08;
1346089.7393159121275;2.0784732157608232228e-08;
1346423.0948729491793;2.0680056778132893669e-08;
1346756.450429986231;2.0528144517584223649e-08;
1347089.8059870232828;2.0274937284625593747e-08;
1347423.1615440603346;2.07575840960316782e-08;
1347756.5171010973863;2.0121616373103279329e-08;
1348089.8726581344381;2.0726355742795021797e-08;
1348423.2282151714899;2.1320975207572701038e-08;
1348756.5837722085416;2.1667601046715390112e-08;
1349089.9393292455934;2.013289623903347092e-08;
1349423.2948862826452;1.9772331327772008081e-08;
1349756.6504433196969;2.1151715046130448172e-08;
1350090.0060003567487;2.2761884821420608205e-08;
1350423.3615573938005;2.0666837130534077005e-08;
1350756.7171144308522;1.9067377010628661083e-08;
1351090.072671467904;2.1585575993299244146e-08;
1351423.4282285049558;1.9619536217874156137e-08;
1351756.7837855420075;2.023963574515619257e-08;
1352090.1393425790593;2.1573445252442979836e-08;
1352423.4948996161111;2.4968489498178314534e-08;
1352756.8504566531628;2.1095829083606076892e-08;
1353090.2060136902146;2.0750801965618848044e-08;
1353423.5615707272664;2.0328577932104963111e-08;
1353756.9171277643181;2.0962172442295923247e-08;
1354090.2726848013699;2.0772503717125800904e-08;
1354423.6282418384217;2.117141839619307575e-08;
1354756.9837988754734;2.1433411490079379291e-08;
1355090.3393559125252;2.0171908587940379221e-08;
1355423.694912949577;2.0764696628816636803e-08;
1355757.0504699866287;2.0619259188947580697e-08;
1356090.4060270236805;2.1799705152147907938e-08;
1356423.7615840607323;2.126886400333205529e-08;
1356757.117141097784;2.164439472096546524e-08;
1357090.4726981348358;2.0747814133414976823e-08;
1357423.8282551718876;2.1301918451399615151e-08;
1357757.1838122089393;2.0411238921269614366e-08;
1358090.5393692459911;2.1025091001547480118e-08;
1358423.8949262830429;2.0102325137827392609e-08;
1358757.2504833200946;1.9031803688562831667e-08;
1359090.6060403571464;2.2310809200121184404e-08;
1359423.9615973941982;2.0811148360166953353e-08;
1359757.3171544312499;2.1354560786335241573e-08;
1360090.6727114683017;2.072715687972959131e-08;
1360424.0282685053535;2.0314725901471319958e-08;
1360757.3838255424052;2.0794264088408453972e-08;
1361090.739382579457;2.0805371647725223738e-08;
1361424.0949396165088;2.0772576547756216314e-08;
1361757.4504966535605;2.079141481203805597e-08;
1362090.8060536906123;2.133581133989537193e-08;
1362424.1616107276641;2.081879024729005323e-08;
1362757.5171677647159;2.0681728329918769305e-08;
1363090.8727248017676;2.0304057102293882053e-08;
1363424.2282818388194;1.9767087522382098541e-08;
1363757.5838388758712;1.9719259114481246797e-08;
1364090.9393959129229;2.0408585044151550392e-08;
1364424.2949529499747;2.1715653275578006287e-08;
1364757.6505099870265;2.0541671474916256557e-08;
1365091.0060670240782;2.0888615281933198276e-08;
1365424.36162406113;2.0581369497563173354e-08;
1365757.7171810981818;2.1943018069237041345e-08;
1366091.0727381352335;1.980991548578003858e-08;
1366424.4282951722853;2.0842209735860706132e-08;
1366757.7838522093371;2.1012757756011524179e-08;
1367091.1394092463888;2.0787982890624334686e-08;
1367424.4949662834406;2.1165766028730104154e-08;
1367757.8505233204924;2.1263035776541983068e-08;
1368091.2060803575441;2.0611581774687692814e-08;
1368424.5616373945959;1.9788767957606978598e-08;
1368757.9171944316477;2.0957054758241611125e-08;
1369091.2727514686994;2.2300580937439917761e-08;
1369424.6283085057512;2.1711610287411531317e-08;
1369757.983865542803;2.1239253911176092515e-08;
1370091.3394225798547;2.0259697919300378999e-08;
1370424.6949796169065;2.0479516749105641793e-08;
1370758.0505366539583;2.1208345302170528157e-08;
1371091.40609369101;2.0346405449345184024e-08;
1371424.7616507280618;2.1260719407223405142e-08;
1371758.1172077651136;2.1376706627052044496e-08;
1372091.4727648021653;2.1429157115449015691e-08;
1372424.8283218392171;2.087779371606757195e-08;
1372758.1838788762689;2.0530452005118604575e-08;
1373091.5394359133206;1.9271924500685599924e-08;
1373424.8949929503724;2.1143282680213815183e-08;
1373758.2505499874242;1.9548011209735705052e-08;
1374091.6061070244759;2.0704085557099460857e-08;
1374424.9616640615277;2.0236115005900501274e-08;
1374758.3172210985795;2.0290222835228632903e-08;
1375091.6727781356312;2.0924240118347370299e-08;
1375425.028335172683;2.0010119783364643808e-08;
1375758.3838922097348;2.0149595769680672674e-08;
1376091.7394492467865;2.0099783171190210851e-08;
1376425.0950062838383;2.1300383679090373334e-08;
1376758.4505633208901;2.0970496450445352821e-08;
1377091.8061203579418;2.120212450051894848e-08;
1377425.1616773949936;2.1311763021003571339e-08;
1377758.5172344320454;2.1736340727329661604e-08;
1378091.8727914690971;2.1623035806328516628e-08;
1378425.2283485061489;2.1721566767496369721e-08;
1378758.5839055432007;1.979502606275218568e-08;
1379091.9394625802524;2.1180719400604175462e-08;
1379425.2950196173042;2.2305204794292876613e-08;
1379758.650576654356;2.0537125777764231316e-08;
1380092.0061336914077;2.2070054228606750257e-08;
1380425.3616907284595;2.065126913919357321e-08;
1380758.7172477655113;2.0493589047987370577e-08;
1381092.072804802563;2.0965119418292488263e-08;
1381425.4283618396148;2.0822593427283209166e-08;
1381758.7839188766666;2.1892885726515487477e-08;
1382092.1394759137183;2.1098202296343515627e-08;
1382425.4950329507701;2.0103279041450150544e-08;
1382758.8505899878219;2.1452358112128422363e-08;
1383092.2061470248736;1.9712643961611320265e-08;
1383425.5617040619254;1.9669473161343375978e-08;
1383758.9172610989772;2.1939934313763842511e-08;
1384092.2728181360289;2.0981588022550567985e-08;
1384425.6283751730807;2.0878232476206903812e-08;
1384758.9839322101325;2.0605499528869586356e-08;
1385092.3394892471842;2.0213695606230430712e-08;
1385425.695046284236;2.1281309159348893445e-08;
1385759.0506033212878;2.0418017498968765722e-08;
1386092.4061603583395;2.2417987466383237916e-08;
1386425.7617173953913;2.2558111822945647873e-08;
1386759.1172744324431;2.1688432383371036849e-08;
1387092.4728314694948;2.1364391145084482559e-08;
1387425.8283885065466;2.1907890612737901392e-08;
1387759.1839455435984;2.5583396734418784035e-08;
1388092.5395025806502;2.3498840207025750715e-08;
1388425.8950596177019;2.1497630342537377146e-08;
1388759.2506166547537;2.1441470821059738228e-08;
1389092.6061736918055;2.0803106792754988419e-08;
1389425.9617307288572;2.0584298709991344367e-08;
1389759.317287765909;2.1253885762462232378e-08;
1390092.6728448029608;2.0852940707527523045e-08;
1390426.0284018400125;2.0512318954502006818e-08;
1390759.3839588770643;2.0370189091067913978e-08;
1391092.7395159141161;2.0172723935729663935e-08;
1391426.0950729511678;1.9910745052698075597e-08;
1391759.4506299882196;2.0283344781546475133e-08;
1392092.8061870252714;2.104120078172400099e-08;
1392426.1617440623231;1.9907142601027771889e-08;
1392759.5173010993749;2.0518228893706691451e-08;
1393092.8728581364267;2.0815681622821102792e-08;
1393426.2284151734784;2.1380687442729140457e-08;
1393759.5839722105302;2.224595796462836006e-08;
1394092.939529247582;2.0715690496331262693e-08;
1394426.2950862846337;2.202404125739576557e-08;
1394759.6506433216855;2.0116738497222286242e-08;
1395093.0062003587373;2.0536258915626603994e-08;
1395426.361757395789;2.2040220315489023051e-08;
1395759.7173144328408;1.9826591923788328131e-08;
1396093.0728714698926;2.05816945708647836e-08;
1396426.4284285069443;2.1289237039923136763e-08;
1396759.7839855439961;2.1229592306326594553e-08;
1397093.1395425810479;2.0449570925507032371e-08;
1397426.4950996180996;2.178829561216844013e-08;
1397759.8506566551514;2.0914612264277820941e-08;
1398093.2062136922032;2.0588492688489168359e-08;
1398426.5617707292549;2.0147117751889709325e-08;
1398759.9173277663067;2.1224446200562852027e-08;
1399093.2728848033585;2.0648910137310849677e-08;
1399426.6284418404102;2.0944430190183993545e-08;
1399759.983998877462;2.089367967528232839e-08;
1400093.3395559145138;2.0432441516504695755e-08;
1400426.6951129515655;2.1058211174818097788e-08;
1400760.0506699886173;2.110361307927632879e-08;
1401093.4062270256691;2.090836659363048966e-08;
1401426.7617840627208;2.0881277151829635841e-08;
1401760.1173410997726;2.1129247684825713804e-08;
1402093.4728981368244;2.2224748263965921069e-08;
1402426.8284551738761;2.0199994565928136581e-08;
1402760.1840122109279;2.135864995977954095e-08;
1403093.5395692479797;1.9836416953467050917e-08;
1403426.8951262850314;2.0720603899349043786e-08;
1403760.2506833220832;2.131722887099840591e-08;
1404093.606240359135;2.067595339383387909e-08;
1404426.9617973961867;2.090105866159319703e-08;
1404760.3173544332385;2.0664296940253734647e-08;
1405093.6729114702903;2.061035075939798844e-08;
1405427.028468507342;2.0944282752566323325e-08;
1405760.3840255443938;1.9432318865142406139e-08;
1406093.7395825814456;2.0212453932799689937e-08;
1406427.0951396184973;2.1332102306814704207e-08;
1406760.4506966555491;2.2627052231882771594e-08;
1407093.8062536926009;2.0576596426735704881e-08;
1407427.1618107296526;2.2750333172893988376e-08;
1407760.5173677667044;2.1690109264227430685e-08;
1408093.8729248037562;2.0878269779700531217e-08;
1408427.2284818408079;2.0237040487813828804e-08;
1408760.5840388778597;2.1659722904132650001e-08;
1409093.9395959149115;2.0671050648957134399e-08;
1409427.2951529519632;2.0298493552672880469e-08;
1409760.650709989015;1.9540870255241316045e-08;
1410094.0062670260668;2.1307831943317978585e-08;
1410427.3618240631185;2.0265250810780344182e-08;
1410760.7173811001703;2.0030237024570851645e-08;
1411094.0729381372221;2.0135583866931483499e-08;
1411427.4284951742738;2.0114370613555365708e-08;
1411760.7840522113256;2.0469338224415878358e-08;
1412094.1396092483774;2.0147259860436861345e-08;
1412427.4951662854291;2.0395432898112630937e-08;
1412760.8507233224809;2.0896433028383398778e-08;
1413094.2062803595327;2.0628244001841267163e-08;
1413427.5618373965845;1.9887952618091730983e-08;
1413760.9173944336362;1.9670336470767324499e-08;
1414094.272951470688;1.9762364189546133275e-08;
1414427.6285085077398;2.0616905516135375365e-08;
1414760.9840655447915;2.1123494065022896393e-08;
1415094.3396225818433;1.9908052095729544817e-08;
1415427.6951796188951;1.9356681590920743474e-08;
1415761.0507366559468;2.0259877331341158424e-08;
1416094.4062936929986;2.0565394720506446902e-08;
1416427.7618507300504;1.9412086160741637286e-08;
1416761.1174077671021;2.174141933153350692e-08;
1417094.4729648041539;1.9274597917728897301e-08;
1417427.8285218412057;2.0645609666303244012e-08;
1417761.1840788782574;1.9863231059957797697e-08;
1418094.5396359153092;1.9804696549385880644e-08;
1418427.895192952361;2.0467073369445643038e-08;
1418761.2507499894127;2.0348585039187128132e-08;
1419094.6063070264645;2.0428386093840344984e-08;
1419427.9618640635163;2.0666220734710805118e-08;
1419761.317421100568;2.0973295988824247615e-08;
1420094.6729781376198;2.0341937911894092395e-08;
1420428.0285351746716;1.9991603039670735598e-08;
1420761.3840922117233;2.0789954646716068964e-08;
1421094.7396492487751;2.0208227979878756742e-08;
1421428.0952062858269;1.9408096463280344324e-08;
1421761.4507633228786;2.1408160577607304731e-08;
1422094.8063203599304;2.1142799511153498315e-08;
1422428.1618773969822;2.1421440621338661003e-08;
1422761.5174344340339;2.122914466440306569e-08;
1423094.8729914710857;2.0978491832579493348e-08;
1423428.2285485081375;2.4701572343133193499e-08;
1423761.5841055451892;2.2207691685593999864e-08;
1424094.939662582241;2.1256761684185221384e-08;
1424428.2952196192928;2.0941596901025150146e-08;
1424761.6507766563445;2.044899538589106669e-08;
1425095.0063336933963;2.0747449980262899771e-08;
1425428.3618907304481;2.0539614453696231067e-08;
1425761.7174477674998;2.0140854317673984042e-08;
1426095.0730048045516;1.9785673543992743362e-08;
1426428.4285618416034;2.018161993078138039e-08;
1426761.7841188786551;2.0751386387019010726e-08;
1427095.1396759157069;2.0398370992324998952e-08;
1427428.4952329527587;2.0581586213097580185e-08;
1427761.8507899898104;2.1056102639249729691e-08;
1428095.2063470268622;2.0334720574055609177e-08;
1428428.561904063914;2.0858070826079710969e-08;
1428761.9174611009657;2.0370832132243776869e-08;
1429095.2730181380175;2.1082270151850934781e-08;
1429428.6285751750693;2.0203650308303622296e-08;
1429761.984132212121;1.9957109742563261534e-08;
1430095.3396892491728;2.0509183684680465376e-08;
1430428.6952462862246;2.0334470107741253742e-08;
1430762.0508033232763;2.0306197612285359355e-08;
1431095.4063603603281;1.9465117517825092364e-08;
1431428.7619173973799;2.0639516762344101153e-08;
1431762.1174744344316;2.0904804998167492158e-08;
1432095.4730314714834;2.0821643076374130032e-08;
1432428.8285885085352;2.0938875522347188962e-08;
1432762.1841455455869;2.0302701742025419662e-08;
1433095.5397025826387;2.0949951107240849524e-08;
1433428.8952596196905;1.9985913368714136595e-08;
1433762.2508166567422;2.0697356717391812708e-08;
1434095.606373693794;2.0015463064737559762e-08;
1434428.9619307308458;2.12611297456533066e-08;
1434762.3174877678975;2.0927071631149374298e-08;
1435095.6730448049493;2.0620056773168471409e-08;
1435429.0286018420011;1.9771880133134800417e-08;
1435762.3841588790528;2.0481532914118361077e-08;
1436095.7397159161046;2.0590482208149296639e-08;
1436429.0952729531564;2.0831814495636535867e-08;
1436762.4508299902081;2.0832400693393537949e-08;
1437095.8063870272599;2.0001966305471796659e-08;
1437429.1619440643117;2.1731567656502193131e-08;
1437762.5175011013635;1.8808979262985303649e-08;
1438095.8730581384152;2.0051853510949513293e-08;
1438429.228615175467;2.0587986426789939287e-08;
1438762.5841722125188;2.1932882177111423516e-08;
1439095.9397292495705;1.9173857168652830296e-08;
1439429.2952862866223;1.949920580557318317e-08;
1439762.6508433236741;2.0697175528994193883e-08;
1440096.0064003607258;2.066389725996486959e-08;
1440429.3619573977776;2.007913657564586174e-08;
1440762.7175144348294;2.099921481146793667e-08;
1441096.0730714718811;2.3753553790584192029e-08;
1441429.4286285089329;2.6462139146588015137e-08;
1441762.7841855459847;2.0909027398374746554e-08;
1442096.1397425830364;2.0847410908686470066e-08;
1442429.4952996200882;2.0803362588139862055e-08;
1442762.85085665714;1.9675105988881114172e-08;
1443096.2064136941917;2.0981367754302482354e-08;
1443429.5619707312435;1.9930762817921277019e-08;
1443762.9175277682953;2.1059690880065318197e-08;
1444096.273084805347;2.0046076798507783678e-08;
1444429.6286418423988;1.9077697643865576538e-08;
1444762.9841988794506;2.0360314323397687986e-08;
1445096.3397559165023;1.9700387099419458536e-08;
1445429.6953129535541;2.0304520731428965519e-08;
1445763.0508699906059;2.0706558245819906006e-08;
1446096.4064270276576;1.9173688414753087272e-08;
1446429.7619840647094;2.0518985621720275958e-08;
1446763.1175411017612;2.0624511876121687237e-08;
1447096.4730981388129;1.9820218355448560033e-08;
1447429.8286551758647;1.9027693198836459487e-08;
1447763.1842122129165;1.9917182569884062104e-08;
1448096.5397692499682;1.9882676838278712239e-08;
1448429.89532628702;1.9808243933994162944e-08;
1448763.2508833240718;2.057992354309590155e-08;
1449096.6064403611235;2.1895848689723607094e-08;
1449429.9619973981753;1.9413825214087410131e-08;
1449763.3175544352271;1.8846950666784323403e-08;
1450096.6731114722788;1.9830109110330340627e-08;
1450430.0286685093306;2.0073423812050350534e-08;
1450763.3842255463824;1.9765698411333687545e-08;
1451096.7397825834341;1.9587544031196557626e-08;
1451430.0953396204859;1.9918196869639359647e-08;
1451763.4508966575377;2.0230180197700065037e-08;
1452096.8064536945894;2.1048631282383212238e-08;
1452430.1620107316412;2.0335292560957896058e-08;
1452763.517567768693;1.935729265767349716e-08;
1453096.8731248057447;2.0695720692742725078e-08;
1453430.2286818427965;2.0422644908535403374e-08;
1453763.5842388798483;2.0746574236341075448e-08;
1454096.9397959169;1.9754729407850390999e-08;
1454430.2953529539518;1.9592533817558432929e-08;
1454763.6509099910036;1.9197180733954155585e-08;
1455097.0064670280553;1.9436141585060795478e-08;
1455430.3620240651071;1.9087151414964864671e-08;
1455763.7175811021589;2.044084190799821954e-08;
1456097.0731381392106;2.0139015788345204783e-08;
1456430.4286951762624;2.0143119172644219361e-08;
1456763.7842522133142;1.9628291880735559971e-08;
1457097.1398092503659;1.9099829273727664258e-08;
1457430.4953662874177;2.1687061035891019856e-08;
1457763.8509233244695;1.9493725744723633397e-08;
1458097.2064803615212;2.0023446012373824487e-08;
1458430.562037398573;2.1138825800903759955e-08;
1458763.9175944356248;2.0893864416393626016e-08;
1459097.2731514726765;2.4248492991318926215e-08;
1459430.6287085097283;2.0800401401288581837e-08;
1459763.9842655467801;1.9631636760664150643e-08;
1460097.3398225838318;2.123268849629766919e-08;
1460430.6953796208836;2.0401810019166077836e-08;
1460764.0509366579354;1.962615492345776147e-08;
1461097.4064936949871;2.049488578848013276e-08;
1461430.7620507320389;1.8535381229867198272e-08;
1461764.1176077690907;2.0677079604070058849e-08;
1462097.4731648061424;1.9109194226984982379e-08;
1462430.8287218431942;1.9498896719483127526e-08;
1462764.184278880246;1.9836486231383787526e-08;
1463097.5398359172978;1.9849522914228145964e-08;
1463430.8953929543495;1.970651375415855e-08;
1463764.2509499914013;2.0546796264397926279e-08;
1464097.6065070284531;1.9487357505454383499e-08;
1464430.9620640655048;2.0704666425785944739e-08;
1464764.3176211025566;2.0427417979362871847e-08;
1465097.6731781396084;2.047311475905644329e-08;
1465431.0287351766601;1.9327629274812352378e-08;
1465764.3842922137119;1.9555464803033828503e-08;
1466097.7398492507637;1.9841923659669191693e-08;
1466431.0954062878154;2.0514011822569955257e-08;
1466764.4509633248672;2.103957363885911036e-08;
1467097.806520361919;1.984303743540749565e-08;
1467431.1620773989707;2.0197120420561986975e-08;
1467764.5176344360225;2.0123772870306311233e-08;
1468097.8731914730743;2.0605824602171196602e-08;
1468431.228748510126;1.9272363260824931785e-08;
1468764.5843055471778;2.0379243181878337055e-08;
1469097.9398625842296;1.913381630913590925e-08;
1469431.2954196212813;2.0704085557099460857e-08;
1469764.6509766583331;1.9228433956186563591e-08;
1470098.0065336953849;1.9545883134242103552e-08;
1470431.3620907324366;1.9964367936609050957e-08;
1470764.7176477694884;2.0358525532060411933e-08;
1471098.0732048065402;1.8915311983391802642e-08;
1471431.4287618435919;2.0479122397887294937e-08;
1471764.7843188806437;1.9482120805491831561e-08;
1472098.1398759176955;1.9803408690677315462e-08;
1472431.4954329547472;2.1581671560966242396e-08;
1472764.850989991799;2.0205140671691879106e-08;
1473098.2065470288508;2.117283237623723835e-08;
1473431.5621040659025;1.9435425713254517177e-08;
1473764.9176611029543;2.0234054431966796983e-08;
1474098.2732181400061;2.0948883516780369973e-08;
1474431.6287751770578;1.9441742438175424468e-08;
1474764.9843322141096;2.0232880260095953417e-08;
1475098.3398892511614;2.1778843617425991397e-08;
1475431.6954462882131;2.0449247628562261525e-08;
1475765.0510033252649;1.9868153344759775791e-08;
1476098.4065603623167;2.0549720147755579092e-08;
1476431.7621173993684;2.004424715096320142e-08;
1476765.1176744364202;2.0655804178204562049e-08;
1477098.473231473472;2.0738594841418489523e-08;
1477431.8287885105237;1.9870455503223638516e-08;
1477765.1843455475755;1.9488897606834143517e-08;
1478098.5399025846273;1.9407993434583659109e-08;
1478431.895459621679;1.9560138397878290561e-08;
1478765.2510166587308;2.0374303133507964958e-08;
1479098.6065736957826;2.1525140780909168825e-08;
1479431.9621307328343;1.9614470048168186622e-08;
1479765.3176877698861;2.0017854041043392499e-08;
1480098.6732448069379;2.4321401781435270095e-08;
1480432.0288018439896;1.943388916458843596e-08;
1480765.3843588810414;1.9389318595131044276e-08;
1481098.7399159180932;2.0488728935674771492e-08;
1481432.0954729551449;2.1015120310607926513e-08;
1481765.4510299921967;1.9660076233662948653e-08;
1482098.8065870292485;2.0887183538320641674e-08;
1482432.1621440663002;1.9647783844334298919e-08;
1482765.517701103352;1.9436141585060795478e-08;
1483098.8732581404038;1.8369252785532808048e-08;
1483432.2288151774555;1.9247462290650219074e-08;
1483765.5843722145073;2.0352839413817491732e-08;
1484098.9399292515591;2.0054461202789752861e-08;
1484432.2954862886108;2.0589832061546076147e-08;
1484765.6510433256626;2.0009240486729140684e-08;
1485099.0066003627144;1.9973910525550309103e-08;
1485432.3621573997661;1.9167458731317310594e-08;
1485765.7177144368179;1.913189962010619638e-08;
1486099.0732714738697;1.9095166337024238601e-08;
1486432.4288285109214;2.0572512582361923705e-08;
1486765.7843855479732;2.0719950200032144494e-08;
1487099.139942585025;1.9328680878061277326e-08;
1487432.4954996220767;1.9381078075753066514e-08;
1487765.8510566591285;2.1344996881111910625e-08;
1488099.2066136961803;1.9682019569700059947e-08;
1488432.5621707332321;1.9237116788417552016e-08;
1488765.9177277702838;1.9356477309884212445e-08;
1489099.2732848073356;1.8861324946328750229e-08;
1489432.6288418443874;1.9365897330203551974e-08;
1489765.9843988814391;2.108304819614659209e-08;
1490099.3399559184909;1.9497527148359949933e-08;
1490432.6955129555427;2.0623533103503177699e-08;
1490766.0510699925944;1.9831887243526580278e-08;
1491099.4066270296462;1.9878696022601616278e-08;
1491432.762184066698;2.0136893041922121483e-08;
1491766.1177411037497;2.0096569741667735798e-08;
1492099.4732981408015;1.9831503550449269824e-08;
1492432.8288551778533;2.0582742621400029748e-08;
1492766.184412214905;1.8760765385650302051e-08;
1493099.5399692519568;1.9583449528681740048e-08;
1493432.8955262890086;1.9371954707025906828e-08;
1493766.2510833260603;1.8444724858568406489e-08;
1494099.6066403631121;1.9733882083983189659e-08;
1494432.9621974001639;1.9907666626295394963e-08;
1494766.3177544372156;2.2520694642480520997e-08;
1495099.6733114742674;1.9299671194517031836e-08;
1495433.0288685113192;1.9804208051255045575e-08;
1495766.3844255483709;1.9043778110017228755e-08;
1496099.7399825854227;2.0229540709237880947e-08;
1496433.0955396224745;2.0138624989840536728e-08;
1496766.4510966595262;2.0820728252601838904e-08;
1497099.806653696578;1.9282150987010027166e-08;
1497433.1622107336298;1.9686687835474003805e-08;
1497766.5177677706815;1.9579079690856815432e-08;
1498099.8733248077333;2.1161266516855903319e-08;
1498433.2288818447851;2.0057244753957093053e-08;
1498766.5844388818368;1.952388473114297085e-08;
1499099.9399959188886;1.8752924546561189345e-08;
1499433.2955529559404;1.9826522645871591521e-08;
1499766.6511099929921;2.0245041199018487532e-08;
1500100.0066670300439;1.8981019422881217906e-08;
1500433.3622240670957;1.9267590189997463312e-08;
1500766.7177811041474;2.0169464320929364476e-08;
1501100.0733381411992;1.8670515800067732926e-08;
1501433.428895178251;1.9737385059670486953e-08;
1501766.7844522153027;1.8956926695068432309e-08;
1502100.1400092523545;1.8434617388152219064e-08;
1502433.4955662894063;1.9031435982697075815e-08;
1502766.851123326458;1.9194313694015363581e-08;
1503100.2066803635098;1.9446558141567038547e-08;
1503433.5622374005616;1.9572304665871342877e-08;
1503766.9177944376133;1.9985071375572260877e-08;
1504100.2733514746651;2.0253791532809373166e-08;
1504433.6289085117169;1.8743504526241849817e-08;
1504766.9844655487686;1.866615306767016591e-08;
1505100.3400225858204;1.8963755010759086872e-08;
1505433.6955796228722;1.983098130153848615e-08;
1505767.0511366599239;2.0413857271250890335e-08;
1506100.4066936969757;2.0914429299523362715e-08;
1506433.7622507340275;2.2147382594539521961e-08;
1506767.1178077710792;2.1457559284954186296e-08;
1507100.473364808131;1.8399578749495049124e-08;
1507433.8289218451828;1.9357768721306456428e-08;
1507767.1844788822345;2.017474365345606202e-08;
1508100.5400359192863;1.9972787868027808145e-08;
1508433.8955929563381;1.9775283632839091297e-08;
1508767.2511499933898;1.9257269556760547857e-08;
1509100.6067070304416;1.956374617861911247e-08;
1509433.9622640674934;2.0354805840838707809e-08;
1509767.3178211045451;2.0679586043570452603e-08;
1510100.6733781415969;1.9918021010312259023e-08;
1510434.0289351786487;1.8775734744735927961e-08;
1510767.3844922157004;1.9950975982396812469e-08;
1511100.7400492527522;1.9453255006851577491e-08;
1511434.095606289804;1.9090034442115211277e-08;
1511767.4511633268557;1.9654446958838889259e-08;
1512100.8067203639075;2.0151295743175978714e-08;
1512434.1622774009593;1.8965886638966367173e-08;
1512767.5178344380111;1.9766254411024419824e-08;
1513100.8733914750628;2.4468610249073208252e-08;
1513434.2289485121146;3.6462090236000221921e-08;
1513767.5845055491664;2.3970272877704701386e-08;
1514100.9400625862181;1.9493725744723633397e-08;
1514434.2956196232699;1.9799790251795457152e-08;
1514767.6511766603217;1.9046453303417365532e-08;
1515101.0067336973734;1.9898227066050822032e-08;
1515434.3622907344252;1.9368382453421872924e-08;
1515767.717847771477;1.893948464726236125e-08;
1516101.0734048085287;1.893835310795566329e-08;
1516434.4289618455805;1.8981786809035838814e-08;
1516767.7845188826323;1.8795073941646478488e-08;
1517101.140075919684;1.8468783835601243482e-08;
1517434.4956329567358;2.0171164294424670516e-08;
1517767.8511899937876;2.0733457617438943998e-08;
1518101.2067470308393;2.0964639801945850195e-08;
1518434.5623040678911;1.8852016836490292917e-08;
1518767.9178611049429;1.9737662171337433392e-08;
1519101.2734181419946;2.0736299788381984399e-08;
1519434.6289751790464;1.8943111967928416561e-08;
1519767.9845322160982;2.0000419098664679041e-08;
1520101.3400892531499;2.0451546234312445449e-08;
1520434.6956462902017;1.9130926176558205043e-08;
1520768.0512033272535;1.9754867963683864218e-08;
1521101.4067603643052;2.10164490255237979e-08;
1521434.762317401357;1.9468092915531087783e-08;
1521768.1178744384088;2.0153773760966942064e-08;
1522101.4734314754605;1.9552304664216535457e-08;
1522434.8289885125123;1.9464776457311927516e-08;
1522768.1845455495641;2.014842870323718671e-08;
1523101.5401025866158;2.164545875871226599e-08;
1523434.8956596236676;1.8983820737616952101e-08;
1523768.2512166607194;1.8664676915136624302e-08;
1524101.6067736977711;2.0614333351431923802e-08;
1524434.9623307348229;2.022502698650896491e-08;
1524768.3178877718747;1.8946773039374420478e-08;
1525101.6734448089264;1.9051741517728260078e-08;
1525435.0290018459782;2.0468727157663124672e-08;
1525768.38455888303;1.9635258752259687753e-08;
1526101.7401159200817;1.8391661527061842207e-08;
1526435.0956729571335;1.9244925653083555517e-08;
1526768.4512299941853;2.0019507829260874132e-08;
1527101.806787031237;1.9175338650256890105e-08;
1527435.1623440682888;1.9603723089289815107e-08;
1527768.5179011053406;2.0008011247796275711e-08;
1528101.8734581423923;1.9371103832099834108e-08;
1528435.2290151794441;2.1125497795537739876e-08;
1528768.5845722164959;1.9219788427449202572e-08;
1529101.9401292535476;2.287709754966726905e-08;
1529435.2956862905994;2.0138413603376648098e-08;
1529768.6512433276512;1.9049499755396936962e-08;
1530102.0068003647029;2.3638371260403800989e-08;
1530435.3623574017547;2.8340620517042225401e-08;
1530768.7179144388065;1.8937587498157881782e-08;
1531102.0734714758582;1.9359468694801762467e-08;
1531435.42902851291;2.0937662270625878591e-08;
1531768.7845855499618;1.938516369648368709e-08;
1532102.1401425870135;1.9290519404080441745e-08;
1532435.4956996240653;2.0847007675683926209e-08;
1532768.8512566611171;1.8819191538455015689e-08;
1533102.2068136981688;1.9112148308408904995e-08;
1533435.5623707352206;1.962112250453174056e-08;
1533768.9179277722724;1.920473557959212485e-08;
1534102.2734848093241;2.0258523747429535433e-08;
1534435.6290418463759;2.0023904312438389752e-08;
1534768.9845988834277;2.1403986139034714142e-08;
1535102.3401559204794;1.9793635175346935284e-08;
1535435.6957129575312;1.973360497231624322e-08;
1535769.051269994583;1.9802261164159062901e-08;
1536102.4068270316347;2.0870752237556189357e-08;
1536435.7623840686865;2.0259165012248558924e-08;
1536769.1179411057383;1.9988792843150804401e-08;
1537102.47349814279;1.9381008797836329904e-08;
1537435.8290551798418;1.9315036681177844002e-08;
1537769.1846122168936;2.0203152928388590226e-08;
1538102.5401692539454;2.0106138975961584947e-08;
1538435.8957262909971;1.9791270844393693551e-08;
1538769.2512833280489;1.8879623198131412209e-08;
1539102.6068403651007;1.9134690276700894174e-08;
1539435.9623974021524;1.8117162881026160903e-08;
1539769.3179544392042;2.0138731571250900743e-08;
1540102.673511476256;1.9851755794775272079e-08;
1540436.0290685133077;1.9042808219182916218e-08;
1540769.3846255503595;1.9880511459291483334e-08;
1541102.7401825874113;1.9553025865093331959e-08;
1541436.095739624463;1.8920529143429121177e-08;
1541769.4512966615148;1.8091528275476775889e-08;
1542102.8068536985666;1.9884005553194583626e-08;
1542436.1624107356183;1.915338820879242121e-08;
1542769.5179677726701;2.0789041599300617236e-08;
1543102.8735248097219;1.9054386513062127051e-08;
1543436.2290818467736;1.9442152776605325926e-08;
1543769.5846388838254;2.0067957962055515964e-08;
1544102.9401959208772;1.9914942583909578389e-08;
1544436.2957529579289;1.9956198471504649206e-08;
1544769.6513099949807;1.9516237514949352772e-08;
1545103.0068670320325;1.974935059934068704e-08;
1545436.3624240690842;1.9347162094618397532e-08;
1545769.717981106136;1.8882907681927463273e-08;
1546103.0735381431878;1.8551441272052215936e-08;
1546436.4290951802395;2.0566117697740082804e-08;
1546769.7846522172913;2.2600316285092958424e-08;
1547103.1402092543431;2.0429677505262588966e-08;
1547436.4957662913948;1.9862079980725866335e-08;
1547769.8513233284466;1.9592636846255118144e-08;
1548103.2068803654984;1.9253684868658638152e-08;
1548436.5624374025501;1.9406323659154622874e-08;
1548769.9179944396019;2.0254288912724405236e-08;
1549103.2735514766537;1.9490096647700738686e-08;
1549436.6291085137054;1.9856114974459160294e-08;
1549769.9846655507572;2.0445080295417028537e-08;
1550103.340222587809;1.9880721069398532563e-08;
1550436.6957796248607;2.0414717027961160056e-08;
1550770.0513366619125;2.5117804725027781387e-08;
1551103.4068936989643;2.8217565173349612451e-08;
1551436.762450736016;2.327525905343463819e-08;
1551770.1180077730678;2.0635166464444409939e-08;
1552103.4735648101196;2.0141598611189692747e-08;
1552436.8291218471713;1.9143733709370280849e-08;
1552770.1846788842231;1.8876241014709194133e-08;
1553103.5402359212749;1.9693329633696521341e-08;
1553436.8957929583266;1.9403834983222623123e-08;
1553770.2513499953784;2.0737136452453341917e-08;
1554103.6069070324302;1.8840328408487039269e-08;
1554436.9624640694819;1.9705199250097393815e-08;
1554770.3180211065337;1.9038358445300218591e-08;
1555103.6735781435855;1.9258758143791965267e-08;
1555437.0291351806372;1.9888545921276090667e-08;
1555770.384692217689;1.9004007256739896548e-08;
1556103.7402492547408;1.7468950730403776106e-08;
1556437.0958062917925;1.9170826703884813469e-08;
1556770.4513633288443;1.8932199807863980823e-08;
1557103.8069203658961;1.8020287484432628844e-08;
1557437.1624774029478;1.8951633151687019563e-08;
1557770.5180344399996;1.9524639682799715956e-08;
1558103.8735914770514;1.9291841013568955532e-08;
1558437.2291485141031;2.0389700594591886329e-08;
1558770.5847055511549;2.0042204340597891132e-08;
1559103.9402625882067;1.9421328545377036789e-08;
1559437.2958196252584;1.8654024103170741e-08;
1559770.6513766623102;2.0369007813769712811e-08;
1560104.006933699362;2.0311050619170600839e-08;
1560437.3624907364137;1.9120744099154762807e-08;
1560770.7180477734655;1.8653468103480008722e-08;
1561104.0736048105173;2.0554306701114910538e-08;
1561437.429161847569;1.869437582513455709e-08;
1561770.7847188846208;1.9141548790457818541e-08;
1562104.1402759216726;1.9134084539018658688e-08;
1562437.4958329587243;1.8743373075835734198e-08;
1562770.8513899957761;1.8874251495049065852e-08;
1563104.2069470328279;1.8582428040758713905e-08;
1563437.5625040698797;1.9105030446553428192e-08;
1563770.9180611069314;1.9838681808437286236e-08;
1564104.2736181439832;1.8229989962037507212e-08;
1564437.629175181035;1.9155576680418562319e-08;
1564770.9847322180867;1.9416042107422981644e-08;
1565104.3402892551385;1.9629258218856193707e-08;
1565437.6958462921903;1.9665533201873586222e-08;
1565771.051403329242;3.8421212877892685356e-08;
1566104.4069603662938;2.3226693457445435342e-08;
1566437.7625174033456;2.0049316873382849735e-08;
1566771.1180744403973;1.8615263996935027535e-08;
1567104.4736314774491;2.1460689225705209537e-08;
1567437.8291885145009;2.0252581833801741595e-08;
1567771.1847455515526;2.029991996721491887e-08;
1568104.5403025886044;2.0197687078393755655e-08;
1568437.8958596256562;2.0523565069652249804e-08;
1568771.2514166627079;1.8298138115824258421e-08;
1569104.6069736997597;2.001679888508078875e-08;
1569437.9625307368115;1.9440616227939244709e-08;
1569771.3180877738632;1.8963788761539035477e-08;
1570104.673644810915;1.9801600359414806007e-08;
1570438.0292018479668;1.9065534928586203023e-08;
1570771.3847588850185;1.9503213266602870135e-08;
1571104.7403159220703;1.9398893158495411626e-08;
1571438.0958729591221;1.9388023630995121493e-08;
1571771.4514299961738;1.9219754676669253968e-08;
1572104.8069870332256;1.9257676342476770515e-08;
1572438.1625440702774;1.8633128817668875854e-08;
1572771.5181011073291;1.8900164988622236706e-08;
1573104.8736581443809;2.0002211442715633893e-08;
1573438.2292151814327;1.8102369381267635617e-08;
1573771.5847722184844;1.9315137933517689817e-08;
1574104.9403292555362;1.9562817143992106139e-08;
1574438.295886292588;1.8416329794490593486e-08;
1574771.6514433296397;1.8739751084240197088e-08;
1575105.0070003666915;1.7947149544284002332e-08;
1575438.3625574037433;1.9161904063480506011e-08;
1575771.718114440795;2.0068346984203344618e-08;
1576105.0736714778468;2.0737282113714172738e-08;
1576438.4292285148986;1.905097235521679977e-08;
1576771.7847855519503;1.9485714375377938268e-08;
1577105.1403425890021;1.9565188580372705474e-08;
1577438.4958996260539;1.9679150753404428542e-08;
1577771.8514566631056;2.0200101147338500596e-08;
1578105.2070137001574;2.0931262056933519489e-08;
1578438.5625707372092;2.0008888768074939435e-08;
1578771.9181277742609;1.9906233106325998961e-08;
1579105.2736848113127;1.9301738873878093727e-08;
1579438.6292418483645;1.9123431727052775386e-08;
1579771.9847988854162;1.907685920343737962e-08;
1580105.340355922468;2.0024009117491914367e-08;
1580438.6959129595198;1.9609922574659321981e-08;
1580772.0514699965715;1.9545058904668621835e-08;
1581105.4070270336233;1.9362360603736306075e-08;
1581438.7625840706751;1.8407952495635981904e-08;
1581772.1181411077268;1.8877866381217245362e-08;
1582105.4736981447786;1.9183156396707090607e-08;
1582438.8292551818304;1.8969219084397082042e-08;
1582772.1848122188821;1.915083203130052425e-08;
1583105.5403692559339;1.9557525376967532793e-08;
1583438.8959262929857;2.0740452910672502185e-08;
1583772.2514833300374;1.9258081351836153772e-08;
1584105.6070403670892;1.9848545917966475827e-08;
1584438.962597404141;1.9212631485743258963e-08;
1584772.3181544411927;2.0425515501187874179e-08;
1585105.6737114782445;2.4222392980277618335e-08;
1585439.0292685152963;4.5791903602321326616e-08;
1585772.384825552348;3.1286703006117022596e-08;
1586105.7403825893998;2.0627664909511622682e-08;
1586439.0959396264516;1.9611128720953274751e-08;
1586772.4514966635033;1.8642262844537071942e-08;
1587105.8070537005551;1.9307233145582358702e-08;
1587439.1626107376069;1.9896933878271738649e-08;
1587772.5181677746587;1.9923971805724249862e-08;
1588105.8737248117104;2.065148585472798004e-08;
1588439.2292818487622;1.9425833386321755825e-08;
1588772.584838885814;1.9908821258241005125e-08;
1589105.9403959228657;1.8404298529617335589e-08;
1589439.2959529599175;1.8300646331681491574e-08;
1589772.6515099969693;1.9910990189941912831e-08;
1590106.007067034021;1.9688590313649001473e-08;
1590439.3626240710728;1.8723133266007607745e-08;
1590772.7181811081246;2.077148231194314576e-08;
1591106.0737381451763;2.0822154667143877305e-08;
1591439.4292951822281;1.9831746911336267658e-08;
1591772.7848522192799;1.940431104685558239e-08;
1592106.1404092563316;2.1419259255139877496e-08;
1592439.4959662933834;2.0816925072608682967e-08;
1592772.8515233304352;1.9339719159461310483e-08;
1593106.2070803674869;1.8446701943730658968e-08;
1593439.5626374045387;2.0949361356770168641e-08;
1593772.9181944415905;2.2352667272684811905e-08;
1594106.2737514786422;2.2336024585456470959e-08;
1594439.629308515694;1.9047490695811575279e-08;
1594772.9848655527458;1.8525096123767070821e-08;
1595106.3404225897975;2.0116880605769438262e-08;
1595439.6959796268493;1.9766705605661627487e-08;
1595773.0515366639011;2.0461142113958885602e-08;
1596106.4070937009528;1.9841086995597834175e-08;
1596439.7626507380046;1.9988723565234067792e-08;
1596773.1182077750564;1.8753219421796529787e-08;
1597106.4737648121081;1.9111778826186309743e-08;
1597439.8293218491599;1.894430923243817233e-08;
1597773.1848788862117;1.9423513464289499098e-08;
1598106.5404359232634;1.8643410371055324504e-08;
1598439.8959929603152;1.8694244374728441471e-08;
1598773.251549997367;1.9260788519659399753e-08;
1599106.6071070344187;2.0933725863869767636e-08;
1599439.9626640714705;1.9943160012303451367e-08;
1599773.3182211085223;2.0897276797882113897e-08;
1600106.673778145574;2.2199190041760630265e-08;
1600440.0293351826258;1.9630050474006566219e-08;
1600773.3848922196776;1.9241747750697868469e-08;
1601106.7404492567293;2.1544851236399154004e-08;
1601440.0960062937811;4.3738644706081686309e-08;
1601773.4515633308329;2.0988887072803663614e-08;
1602106.8071203678846;1.8809441115763547714e-08;
1602440.1626774049364;1.9325081979104652419e-08;
1602773.5182344419882;1.8266598900140706974e-08;
1603106.8737914790399;1.8247868993626070733e-08;
1603440.2293485160917;1.8569570769955134892e-08;
1603773.5849055531435;1.8399934020862929174e-08;
1604106.9404625901952;2.0324613103639421752e-08;
1604440.296019627247;2.1624630974770298053e-08;
1604773.6515766642988;2.1671523242616785865e-08;
1605107.0071337013505;1.9566908093793244916e-08;
1605440.3626907384023;1.8941348045586892113e-08;
1605773.7182477754541;1.9272262008485085971e-08;
1606107.0738048125058;1.8475857288535735279e-08;
1606440.4293618495576;1.9203184820071328431e-08;
1606773.7849188866094;1.8584550787181797205e-08;
1607107.1404759236611;1.7544053321216779295e-08;
1607440.4960329607129;1.8633128817668875854e-08;
1607773.8515899977647;1.8474072049912138027e-08;
1608107.2071470348164;2.1864559940354411083e-08;
1608440.5627040718682;1.9419760022287846368e-08;
1608773.91826110892;1.8750782260212872643e-08;
1609107.2738181459717;1.8411865809753180656e-08;
1609440.6293751830235;1.9938887874104693765e-08;
1609773.9849322200753;1.8795931921999908809e-08;
1610107.340489257127;1.8582918315246388374e-08;
1610440.6960462941788;1.7837233912132433034e-08;
1610774.0516033312306;1.901352497668540309e-08;
1611107.4071603682823;1.842933983198236092e-08;
1611440.7627174053341;1.8082060293522772554e-08;
1611774.1182744423859;1.8721850736369560764e-08;
1612107.4738314794376;1.8661628686800213472e-08;
1612440.8293885164894;1.863515741717947094e-08;
1612774.1849455535412;1.9037555532008809678e-08;
1613107.540502590593;1.8604639606678574637e-08;
1613440.8960596276447;1.8632375642368970148e-08;
1613774.2516166646965;1.8141049551445576071e-08;
1614107.6071737017483;1.8603463658450891671e-08;
1614440.9627307388;1.845104513620299258e-08;
1614774.3182877758518;1.8187382266887652804e-08;
1615107.6738448129036;1.8536455925755035423e-08;
1615441.0294018499553;2.0420491964046050271e-08;
1615774.3849588870071;2.0618461604726689984e-08;
1616107.7405159240589;2.0731745209445762157e-08;
1616441.0960729611106;1.8688924185994437721e-08;
1616774.4516299981624;1.9503625381389610993e-08;
1617107.8071870352142;2.3033400964322936488e-08;
1617441.1627440722659;2.1937314187425727141e-08;
1617774.5183011093177;2.0702158209928711585e-08;
1618107.8738581463695;1.8891368469553526666e-08;
1618441.2294151834212;1.7509783845071069663e-08;
1618774.584972220473;1.6904314392718333693e-08;
1619107.9405292575248;1.8876704643844277598e-08;
1619441.2960862945765;1.7979495225972641492e-08;
1619774.6516433316283;1.9013224772379544447e-08;
1620108.0072003686801;1.8333757623167912243e-08;
1620441.3627574057318;1.7231002402695594355e-08;
1620774.7183144427836;1.9110737881078421196e-08;
1621108.0738714798354;1.7566319954198661435e-08;
1621441.4294285168871;1.8399804346813652955e-08;
1621774.7849855539389;1.8282394265156654001e-08;
1622108.1405425909907;1.7991407474937659572e-08;
1622441.4960996280424;1.7758225112629588693e-08;
1622774.8516566650942;1.8104787002926059358e-08;
1623108.207213702146;1.8090352327249092923e-08;
1623441.5627707391977;1.8620989195028414542e-08;
1623774.9183277762495;1.9477910839782452967e-08;
1624108.2738848133013;2.0806286471497514867e-08;
1624441.629441850353;1.8480207586435426492e-08;
1624774.9849988874048;1.8148540448237326927e-08;
1625108.3405559244566;1.7639235849742362916e-08;
1625441.6961129615083;1.7333134039176911756e-08;
1625775.0516699985601;1.7962447529384917289e-08;
1626108.4072270356119;1.6731775076550547965e-08;
1626441.7627840726636;1.8964355419370804157e-08;
1626775.1183411097154;1.7662058482414977334e-08;
1627108.4738981467672;1.8262941381408381858e-08;
1627441.8294551838189;1.7517383099630023935e-08;
1627775.1850122208707;1.8514196398200510885e-08;
1628108.5405692579225;1.8173233584661829809e-08;
1628441.8961262949742;1.7136336794010276208e-08;
1628775.251683332026;1.7916278238772065379e-08;
1629108.6072403690778;1.798458271196068381e-08;
1629441.9627974061295;1.9235157466823693539e-08;
1629775.3183544431813;1.7499665716513845837e-08;
1630108.6739114802331;1.900998469750447839e-08;
1630442.0294685172848;1.8012153546465015097e-08;
1630775.3850255543366;1.9687172780891160073e-08;
1631108.7405825913884;2.3599326937073783483e-08;
1631442.0961396284401;1.8203012430717535608e-08;
1631775.4516966654919;1.8182269911903858883e-08;
1632108.8072537025437;2.1627823088010700303e-08;
1632442.1628107395954;1.8379710198246357322e-08;
1632775.5183677766472;1.9333096901164026349e-08;
1633108.873924813699;1.7642831195985309023e-08;
1633442.2294818507507;1.828146345417280827e-08;
1633775.5850388878025;1.8387751765658322256e-08;
1634108.9405959248543;1.8528414358343070489e-08;
1634442.296152961906;1.7948632802244901541e-08;
1634775.6517099989578;1.9133782558355960646e-08;
1635109.0072670360096;1.8524412226383901725e-08;
1635442.3628240730613;1.7489984571739114472e-08;
1635775.7183811101131;1.7618177139411272947e-08;
1636109.0739381471649;1.836225038687189226e-08;
1636442.4294951842166;1.8914779076339982566e-08;
1636775.7850522212684;2.2584242032053225557e-08;
1637109.1406092583202;3.5478844750969074084e-08;
1637442.4961662953719;1.9549935004192775523e-08;
1637775.8517233324237;1.903963031679722917e-08;
1638109.2072803694755;1.7641623273334516853e-08;
1638442.5628374065273;1.8452503525168140186e-08;
1638775.918394443579;1.8442554150510659383e-08;
1639109.2739514806308;1.8494626274900838325e-08;
1639442.6295085176826;1.7775265703789955296e-08;
1639775.9850655547343;1.8592942296891123988e-08;
1640109.3406225917861;2.0211565754379989812e-08;
1640442.6961796288379;1.7444847344449954107e-08;
1640776.0517366658896;1.6693167737003022921e-08;
1641109.4072937029414;1.8680093916145779076e-08;
1641442.7628507399932;1.8055841266573224857e-08;
1641776.1184077770449;1.7797669116248471255e-08;
1642109.4739648140967;1.7806739194270448934e-08;
1642442.8295218511485;1.8708501414721467881e-08;
1642776.1850788882002;1.7589819378827087348e-08;
1643109.540635925252;1.8996498596379751689e-08;
1643442.8961929623038;1.8205378538027616742e-08;
1643776.2517499993555;1.8379775923449415131e-08;
1644109.6073070364073;1.8345678753917127324e-08;
1644442.9628640734591;1.8904913190453953575e-08;
1644776.3184211105108;1.8147678915170217806e-08;
1645109.6739781475626;1.8309940230665233685e-08;
1645443.0295351846144;1.8556624681309585867e-08;
1645776.3850922216661;1.8387364519867333001e-08;
1646109.7406492587179;1.8960291114922256384e-08;
1646443.0962062957697;2.4449962054973184422e-08;
1646776.4517633328214;3.3721907044537147158e-08;
1647109.8073203698732;2.6917163609141425695e-08;
1647443.162877406925;1.9298315834248569445e-08;
1647776.5184344439767;1.9516100735472718952e-08;
1648109.8739914810285;2.1810622641282861878e-08;
1648443.2295485180803;1.7528773099684258341e-08;
1648776.585105555132;1.7587934664220483683e-08;
1649109.9406625921838;1.9725078459487122018e-08;
1649443.2962196292356;1.9164765774348779814e-08;
1649776.6517766662873;1.8206241847451565263e-08;
1650110.0073337033391;1.8524607625636235753e-08;
1650443.3628907403909;1.6984746054049537634e-08;
1650776.7184477774426;1.7208254377010234748e-08;
1651110.0740048144944;1.7979779443066945532e-08;
1651443.4295618515462;1.7671865748525306117e-08;
1651776.7851188885979;1.7614587122238845041e-08;
1652110.1406759256497;1.7685033881775780173e-08;
1652443.4962329627015;1.6766671606660565885e-08;
1652776.8517899997532;1.7861598422541646869e-08;
1653110.207347036805;1.6977198313838925969e-08;
1653443.5629040738568;1.8452826822112911032e-08;
1653776.9184611109085;1.8108666566263309505e-08;
1654110.2740181479603;1.754522394037394406e-08;
1654443.6295751850121;1.688294659629718808e-08;
1654776.9851322220638;1.703039842482212407e-08;
1655110.3406892591156;1.7315542777396331076e-08;
1655443.6962462961674;1.7002477648020430934e-08;
1655777.0518033332191;1.7935267493385254056e-08;
1656110.4073603702709;2.1340159861438223743e-08;
1656443.7629174073227;1.8461808082292918698e-08;
1656777.1184744443744;1.9212226476383875706e-08;
1657110.4740314814262;2.2737467020306212362e-08;
1657443.829588518478;4.0034510817577029229e-08;
1657777.1851455555297;3.5662182540363573935e-08;
1658110.5407025925815;2.066226301167262136e-08;
1658443.8962596296333;1.86419679693017315e-08;
1658777.251816666685;1.982324882021657686e-08;
1659110.6073737037368;1.7437155719335351023e-08;
1659443.9629307407886;1.9754347491129919945e-08;
1659777.3184877778403;1.8625273767725047946e-08;
1660110.6740448148921;1.808565031069520046e-08;
1660444.0296018519439;1.7409059083206557261e-08;
1660777.3851588889956;1.7570547683476434031e-08;
1661110.7407159260474;1.8633782516985775146e-08;
1661444.0962729630992;2.0092651098480018845e-08;
1661777.4518300001509;1.7850807054742290347e-08;
1662110.8073870372027;1.835515561765532766e-08;
1662444.1629440742545;1.9163048037285079772e-08;
1662777.5185011113063;1.8856852079807140399e-08;
1663110.874058148358;2.4209503735050930118e-08;
1663444.2296151854098;1.9441058540792255371e-08;
1663777.5851722224616;1.7886371495023922762e-08;
1664110.9407292595133;2.2212647721175926563e-08;
1664444.2962862965651;1.986403397324920661e-08;
1664777.6518433336169;2.2577935965273354668e-08;
1665111.0074003706686;1.9659868399912738823e-08;
1665444.3629574077204;1.9778202187126225908e-08;
1665777.7185144447722;1.8826135317340231268e-08;
1666111.0740714818239;1.8991226369280411745e-08;
1666444.4296285188757;1.8149687974755579489e-08;
1666777.7851855559275;1.8832619019804042182e-08;
1667111.1407425929792;1.842862751288976142e-08;
1667444.496299630031;1.9261600314735005668e-08;
1667777.8518566670828;1.8820184521928240429e-08;
1668111.2074137041345;1.7843470700995567313e-08;
1668444.5629707411863;1.8791672218299027008e-08;
1668777.9185277782381;2.004970589553067839e-08;
1669111.2740848152898;1.9304588150248491729e-08;
1669444.6296418523416;1.8835960347018954053e-08;
1669777.9851988893934;1.9341657164773096156e-08;
1670111.3407559264451;1.8437402715676398657e-08;
1670444.6963129634969;1.8983753236057054892e-08;
1670778.0518700005487;1.9530883577090207837e-08;
1671111.4074270376004;1.9549110774619293807e-08;
1671444.7629840746522;1.9875832535376503074e-08;
1671778.118541111704;1.7953457387420712621e-08;
1672111.4740981487557;2.1610846445696552109e-08;
1672444.8296551858075;2.4743830095985686057e-08;
1672778.1852122228593;2.7155065751571783039e-08;
1673111.540769259911;1.9338701306992334139e-08;
1673444.8963262969628;1.8106598886902247614e-08;
1673778.2518833340146;2.046247082887475699e-08;
1674111.6074403710663;2.4987357960526423994e-08;
1674444.9629974081181;3.5405996356985269813e-08;
1674778.3185544451699;2.5591308627781472751e-08;
1675111.6741114822216;2.0814475476527150022e-08;
1675445.0296685192734;2.0234267594787525013e-08;
1675778.3852255563252;1.9185211641570276697e-08;
1676111.7407825933769;1.880402322740337695e-08;
1676445.0963396304287;1.8923852707075639046e-08;
1676778.4518966674805;2.2491041917760412616e-08;
1677111.8074537045322;2.2386345222003001254e-08;
1677445.163010741584;1.9590467914554210438e-08;
1677778.5185677786358;1.9483078261828268296e-08;
1678111.8741248156875;1.8879358520962341572e-08;
1678445.2296818527393;1.8066533158389574965e-08;
1678778.5852388897911;1.913714342549610592e-08;
1679111.9407959268428;1.9809393236869254906e-08;
1679445.2963529638946;1.8194349138411780586e-08;
1679778.6519100009464;2.0078678275581296475e-08;
1680112.0074670379981;2.7976449601396780054e-08;
1680445.3630240750499;2.4190967451431788504e-08;
1680778.7185811121017;1.902558643962493079e-08;
1681112.0741381491534;1.8666547418888512766e-08;
1681445.4296951862052;1.8608234952921520744e-08;
1681778.785252223257;1.9558248354201168695e-08;
1682112.1408092603087;1.8764918507940819836e-08;
1682445.4963662973605;1.7831562004744228034e-08;
1682778.8519233344123;1.8260919887325144373e-08;
1683112.207480371464;1.8576519877910868672e-08;
1683445.5630374085158;1.7628549286996531009e-08;
1683778.9185944455676;1.8274109336857691233e-08;
1684112.2741514826193;1.697472207240480202e-08;
1684445.6297085196711;1.7682857844647514867e-08;
1684778.9852655567229;1.7511197825115232263e-08;
1685112.3408225937746;1.7240843419585871743e-08;
1685445.6963796308264;1.8112357835775583226e-08;
1685779.0519366678782;1.6363390642482045223e-08;
1686112.4074937049299;1.8055777317727006448e-08;
1686445.7630507419817;1.8930801815031372826e-08;
1686779.1186077790335;1.8871665119490899087e-08;
1687112.4741648160852;2.6532614327834380674e-08;
1687445.829721853137;3.5559150290964680607e-08;
1687779.1852788901888;3.0452806498715290218e-08;
1688112.5408359272406;2.2646378994295446319e-08;
1688445.8963929642923;1.9153926444914759486e-08;
1688779.2519500013441;1.8628840692258563649e-08;
1689112.6075070383959;1.6779695855007048522e-08;
1689445.9630640754476;1.7652070027907029726e-08;
1689779.3186211124994;1.7391023732216126518e-08;
1690112.6741781495512;1.7987394684837454406e-08;
1690446.0297351866029;1.816203187843257183e-08;
1690779.3852922236547;1.8249535216341428168e-08;
1691112.7408492607065;1.8874683149761040113e-08;
1691446.0964062977582;1.8232167775522611919e-08;
1691779.45196333481;1.8174574734075576998e-08;
1692112.8075203718618;1.8997432960077276221e-08;
1692446.1630774089135;2.2386581477462641487e-08;
1692779.5186344459653;2.018942169002002629e-08;
1693112.8741914830171;1.8459830997130666219e-08;
1693446.2297485200688;1.9926561733996095427e-08;
1693779.5853055571206;1.7596741841430230124e-08;
1694112.9408625941724;1.8529814127532517887e-08;
1694446.2964196312241;1.9875622925269453845e-08;
1694779.6519766682759;1.916728997741756757e-08;
1695113.0075337053277;2.4006093113371207437e-08;
1695446.3630907423794;1.8801380008426349377e-08;
1695779.7186477794312;1.8950800040329340845e-08;
1696113.074204816483;2.0519383525652301614e-08;
1696446.4297618535347;1.914814085068883287e-08;
1696779.7853188905865;1.8744557905847614165e-08;
1697113.1408759276383;1.9761115410688034899e-08;
1697446.49643296469;1.83823907207170123e-08;
1697779.8519900017418;1.880303202028699161e-08;
1698113.2075470387936;1.8983486782531144854e-08;
1698446.5631040758453;1.9190469657814901439e-08;
1698779.9186611128971;1.8795436318441716139e-08;
1699113.2742181499489;2.1619351642243600509e-08;
1699446.6297751870006;1.8427430248380005651e-08;
1699779.9853322240524;2.0042168813461103127e-08;
1700113.3408892611042;2.049034897311230452e-08;
1700446.6964462981559;1.956481199272275262e-08;
1700780.0520033352077;1.9103252313357188541e-08;
1701113.4075603722595;1.9630086001143354224e-08;
1701446.7631174093112;1.9009718243978568353e-08;
1701780.118674446363;1.9247664795329910703e-08;
1702113.4742314834148;1.7879711933233011223e-08;
1702446.8297885204665;1.9370457238210292417e-08;
1702780.1853455575183;2.0197900241214483685e-08;
1703113.5409025945701;1.7907437310782370332e-08;
1703446.8964596316218;1.990644271643304819e-08;
1703780.2520166686736;1.9802643080879533954e-08;
1704113.6075737057254;2.1515802473004441708e-08;
1704446.9631307427771;2.0096534214530947793e-08;
1704780.3186877798289;2.0469194339511886938e-08;
1705113.6742448168807;1.8830931480806611944e-08;
1705447.0298018539324;2.037226387585633347e-08;
1705780.3853588909842;1.8764193754350344534e-08;
1706113.740915928036;1.945821104243350419e-08;
1706447.0964729650877;1.8912388100034149829e-08;
1706780.4520300021395;2.075481297936221381e-08;
1707113.8075870391913;2.019296907462830859e-08;
1707447.163144076243;1.9378694204874591378e-08;
1707780.5187011132948;2.20384386295791046e-08;
1708113.8742581503466;4.4043204638910538051e-08;
1708447.2298151873983;2.9501288523192670255e-08;
1708780.5853722244501;2.271674581777460844e-08;
1709113.9409292615019;2.0950613688341945817e-08;
1709447.2964862985536;1.9930027406189765316e-08;
1709780.6520433356054;1.9883271917819911323e-08;
1710114.0076003726572;2.0349443019540558453e-08;
1710447.3631574097089;2.0053967375588399591e-08;
1710780.7187144467607;2.0126211808246807777e-08;
1711114.0742714838125;1.9283133312342215504e-08;
1711447.4298285208642;1.9670336470767324499e-08;
1711780.785385557916;1.9898157788134085422e-08;
1712114.1409425949678;2.1942865302548852924e-08;
1712447.4964996320195;1.8877534202488277515e-08;
1712780.8520566690713;1.7975800403746688971e-08;
1713114.2076137061231;1.8814763080854390864e-08;
1713447.5631707431749;1.9757157687649851141e-08;
1713780.9187277802266;1.9238942883248455473e-08;
1714114.2742848172784;1.8596699291606455517e-08;
1714447.6298418543302;1.9699626818692195229e-08;
1714780.9853988913819;1.9354674307692221191e-08;
1715114.3409559284337;2.1067682709485779924e-08;
1715447.6965129654855;2.5310395557198717142e-08;
1715781.0520700025372;2.065743665013997088e-08;
1716114.407627039589;1.92852329661263866e-08;
1716447.7631840766408;1.7091359438836661866e-08;
1716781.1187411136925;1.8051844463684574293e-08;
1717114.4742981507443;1.6991997142667969456e-08;
1717447.8298551877961;1.6152329251895025664e-08;
1717781.1854122248478;1.6893567433839962177e-08;
1718114.5409692618996;1.7306875932376897254e-08;
1718447.8965262989514;1.7206895464028093556e-08;
1718781.2520833360031;1.7523847262168601446e-08;
1719114.6076403730549;1.6338486119593653711e-08;
1719447.9631974101067;1.8328282891388880671e-08;
1719781.3187544471584;1.7622449277610030549e-08;
1720114.6743114842102;2.0004355505420789996e-08;
1720448.029868521262;1.7428213539005810162e-08;
1720781.3854255583137;1.7075963754109579895e-08;
1721114.7409825953655;1.6331856755869011977e-08;
1721448.0965396324173;1.7864202561668207636e-08;
1721781.452096669469;1.8128210044210391061e-08;
1722114.8076537065208;1.891388201613608544e-08;
1722448.1632107435726;1.7607069580094503181e-08;
1722781.5187677806243;1.7393345430605222646e-08;
1723114.8743248176761;1.7359065296318476612e-08;
1723448.2298818547279;1.7636882176930157584e-08;
1723781.5854388917796;2.3247512359603206278e-08;
1724114.9409959288314;1.9539324824791037827e-08;
1724448.2965529658832;1.826047046904477611e-08;
1724781.6521100029349;1.6939839753149499302e-08;
1725115.0076670399867;1.7229368154403346125e-08;
1725448.3632240770385;1.7597514556655369233e-08;
1725781.7187811140902;1.804784943715276313e-08;
1726115.074338151142;1.7626938131343194982e-08;
1726448.4298951881938;1.7790698692010664672e-08;
1726781.7854522252455;1.8125248857359110843e-08;
1727115.1410092622973;3.0845257015243987553e-08;
1727448.4965662993491;1.8555516234641800111e-08;
1727781.8521233364008;1.8115635214144276688e-08;
1728115.2076803734526;2.086701300640925183e-08;
1728448.5632374105044;1.8668021795065214974e-08;
1728781.9187944475561;1.8611961749570582469e-08;
1729115.2743514846079;2.0291363256319527864e-08;
1729448.6299085216597;2.8902231719030169188e-08;
1729781.9854655587114;2.5620547461358000874e-08;
1730115.3410225957632;2.05469419256587571e-08;
1730448.696579632815;2.000474097485493985e-08;
1730782.0521366698667;1.987076991838421236e-08;
1731115.4076937069185;1.7423683829065339523e-08;
1731448.7632507439703;2.0209329321119184897e-08;
1731782.118807781022;1.9118830962838728738e-08;
1732115.4743648180738;1.9785709071129531367e-08;
1732448.8299218551256;1.9546362750588741619e-08;
1732782.1854788921773;1.8227042986040942196e-08;
1733115.5410359292291;1.9671130502274536411e-08;
1733448.8965929662809;2.0146126544773323985e-08;
1733782.2521500033326;2.0754265861455678532e-08;
1734115.6077070403844;2.1018443874254444381e-08;
1734448.9632640774362;2.0710341885887828539e-08;
1734782.3188211144879;2.0570091407989821164e-08;
1735115.6743781515397;2.1479586109762749402e-08;
1735449.0299351885915;2.2429370361010114721e-08;
1735782.3854922256432;2.2153997747409448493e-08;
1736115.741049262695;2.4371784590471179399e-08;
1736449.0966062997468;2.218780537077691406e-08;
1736782.4521633367985;2.1383879555969542707e-08;
1737115.8077203738503;2.1875740330301596259e-08;
1737449.1632774109021;2.5288661831268655078e-08;
1737782.5188344479539;2.4399758657978054543e-08;
1738115.8743914850056;2.2526906562347903673e-08;
1738449.2299485220574;2.3217962663579783111e-08;
1738782.5855055591092;2.3950910588155238656e-08;
1739115.9410625961609;2.4229075634707442077e-08;
1739449.2966196332127;2.2777005170837583137e-08;
1739782.6521766702645;2.5445300977366969164e-08;
1740116.0077337073162;2.3277017646705644438e-08;
1740449.363290744368;2.400242493649784592e-08;
1740782.7188477814198;2.4059795933339955809e-08;
1741116.0744048184715;2.4513742147291850415e-08;
1741449.4299618555233;2.2522119280665719998e-08;
1741782.7855188925751;2.3653283776070566091e-08;
1742116.1410759296268;2.3796907555606594542e-08;
1742449.4966329666786;2.3609320720652249292e-08;
1742782.8521900037304;2.420661182611638651e-08;
1743116.2077470407821;2.2247911957151700335e-08;
1743449.5633040778339;2.748762817361694033e-08;
1743782.9188611148857;7.8521026125599746592e-08;
1744116.2744181519374;3.993174857441772474e-08;
1744449.6299751889892;3.1782839471361512551e-08;
1744782.985532226041;2.7975023186854741652e-08;
1745116.3410892630927;2.6464649138802087691e-08;
1745449.6966463001445;2.2149873046828361112e-08;
1745783.0522033371963;2.2935768839715819922e-08;
1746116.407760374248;2.1864867250087627326e-08;
1746449.7633174112998;2.1031517860592430225e-08;
1746783.1188744483516;3.5844454515654433635e-08;
1747116.4744314854033;2.2883206440837966511e-08;
1747449.8299885224551;2.0909652675982215442e-08;
1747783.1855455595069;1.9943335871630551992e-08;
1748116.5411025965586;2.3143806870962180255e-08;
1748449.8966596336104;2.042616031872057647e-08;
1748783.2522166706622;2.1916166659252667159e-08;
1749116.6077737077139;2.1327080546029719699e-08;
1749449.9633307447657;1.995672427312911168e-08;
1749783.3188877818175;2.1579586118036786502e-08;
1750116.6744448188692;2.22760316859194063e-08;
1750450.030001855921;2.0940053246931711328e-08;
1750783.3855588929728;2.2665442855895889807e-08;
1751116.7411159300245;2.2453656711718394945e-08;
1751450.0966729670763;2.0317902027500167605e-08;
1751783.4522300041281;2.0997591221316724841e-08;
1752116.8077870411798;2.5180364460197779408e-08;
1752450.1633440782316;2.1252503756841178983e-08;
1752783.5189011152834;2.2756287521019658016e-08;
1753116.8744581523351;2.128687981439725263e-08;
1753450.2300151893869;2.1451077358847214782e-08;
1753783.5855722264387;2.1971677810483924986e-08;
1754116.9411292634904;2.1144508366433001356e-08;
1754450.2966863005422;2.2787611797525642032e-08;
1754783.652243337594;2.3653075942320356262e-08;
1755117.0078003746457;2.3341550914324216137e-08;
1755450.3633574116975;2.3505156931946658005e-08;
1755783.7189144487493;2.4639206230858690105e-08;
1756117.074471485801;4.2936683541938691633e-08;
1756450.4300285228528;2.5270232129059877479e-08;
1756783.7855855599046;2.5059978980834785034e-08;
1757117.1411425969563;2.4535887988008653338e-08;
1757450.4966996340081;3.0857449928589630872e-08;
1757783.8522566710599;3.6766198974191866e-08;
1758117.2078137081116;3.242758594979022746e-08;
1758450.5633707451634;2.7693621618141150975e-08;
1758783.9189277822152;3.28051754650005023e-08;
1759117.2744848192669;3.2899826862831105245e-08;
1759450.6300418563187;3.1246166543041908881e-08;
1759783.9855988933705;3.1410007039767151582e-08;
1760117.3411559304222;6.8815722897852538154e-08;
1760450.696712967474;3.3584218073201554944e-08;
1760784.0522700045258;3.2484713585745339515e-08;
1761117.4078270415775;3.2321516130195959704e-08;
1761450.7633840786293;3.4682102523220237345e-08;
1761784.1189411156811;3.4188122555178779294e-08;
1762117.4744981527328;3.2863258780935211689e-08;
1762450.8300551897846;3.5406493736900301883e-08;
1762784.1856122268364;3.5506527495954287588e-08;
1763117.5411692638882;3.5067028392177235219e-08;
1763450.8967263009399;3.5274876353241779725e-08;
1763784.2522833379917;3.5095748529556658468e-08;
1764117.6078403750435;7.5242517993956425926e-08;
1764450.9633974120952;3.6169772954508516705e-08;
1764784.318954449147;3.3431582835419249022e-08;
1765117.6745114861988;3.5160358180519324378e-08;
1765451.0300685232505;4.0221106445414989139e-08;
1765784.3856255603023;3.1648173859366579563e-08;
1766117.7411825973541;3.4683992566897359211e-08;
1766451.0967396344058;3.3140437949441547971e-08;
1766784.4522966714576;3.6305941364389582304e-08;
1767117.8078537085094;3.5615290272517086123e-08;
1767451.1634107455611;3.767145528854598524e-08;
1767784.5189677826129;3.5930828090613431414e-08;
1768117.8745248196647;5.6985850704904805752e-08;
1768451.2300818567164;3.5008184795515262522e-08;
1768784.5856388937682;3.2288941298475037911e-08;
1769117.94119593082;3.6161893035568937194e-08;
1769451.2967529678717;3.7314599410365190124e-08;
1769784.6523100049235;3.4155405614910705481e-08;
1770118.0078670419753;3.380043267497967463e-08;
1770451.363424079027;3.4589312747357325861e-08;
1770784.7189811160788;3.7320827317444127402e-08;
1771118.0745381531306;3.766464118371004588e-08;
1771451.4300951901823;3.3692121093054083758e-08;
1771784.7856522272341;3.276347726455242082e-08;
1772118.1412092642859;3.3755512163224921096e-08;
1772451.4967663013376;3.3059265547308314126e-08;
1772784.8523233383894;3.198694997763595893e-08;
1773118.2078803754412;3.0854522492518299259e-08;
1773451.5634374124929;4.1975560804985434515e-08;
1773784.9189944495447;3.2875213662464375375e-08;
1774118.2745514865965;3.3862598058931325795e-08;
1774451.6301085236482;3.2370099489753556554e-08;
1774784.9856655607;3.5326163327908943756e-08;
1775118.3412225977518;3.4109177704522153363e-08;
1775451.6967796348035;3.6300839667546824785e-08;
1775785.0523366718553;3.1374764120073450613e-08;
1776118.4078937089071;5.4471222199481417192e-08;
1776451.7634507459588;3.1887473994629544904e-08;
1776785.1190077830106;3.2206571631832048297e-08;
1777118.4745648200624;3.2689602136315443204e-08;
1777451.8301218571141;6.5503932944466214394e-08;
1777785.1856788941659;3.2655506743139994796e-08;
1778118.5412359312177;3.2243196557146802661e-08;
1778451.8967929682694;3.3363875218128669076e-08;
1778785.2523500053212;3.5240873330621980131e-08;
1779118.607907042373;4.1200863165613554884e-08;
1779451.9634640794247;1.1412917899633612251e-07;
1779785.3190211164765;4.1237065318000531988e-08;
1780118.6745781535283;3.2414142481229646364e-08;
1780452.03013519058;2.8574181243357088533e-08;
1780785.3856922276318;2.8892586101392225828e-08;
1781118.7412492646836;2.7273628688817552757e-08;
1781452.0968063017353;2.8808756269427249208e-08;
1781785.4523633387871;2.8912490179777705634e-08;
1782118.8079203758389;2.7094166910046624253e-08;
1782452.1634774128906;2.695748158032529318e-08;
1782785.5190344499424;2.6190939195203100098e-08;
1783118.8745914869942;2.7580691508433119452e-08;
1783452.2301485240459;2.8784524985780990392e-08;
1783785.5857055610977;3.3861827120063026086e-08;
1784118.9412625981495;5.3486100881627862691e-08;
1784452.2968196352012;3.0741606593664982938e-08;
1784785.652376672253;2.7214138498266038368e-08;
1785119.0079337093048;2.5079003762584761716e-08;
1785452.3634907463565;3.3075298944140740787e-08;
1785785.7190477834083;2.468469695315889112e-08;
1786119.0746048204601;2.5761901056853275804e-08;
1786452.4301618575118;2.5478311016513544018e-08;
1786785.7857188945636;2.6740798020341571828e-08;
1787119.1412759316154;2.4009340293673631095e-08;
1787452.4968329686671;2.3673319304862161516e-08;
1787785.8523900057189;2.300036605618061003e-08;
1788119.2079470427707;2.5081646981561789289e-08;
1788452.5635040798225;2.6063480262905613927e-08;
1788785.9190611168742;2.5305283202214923222e-08;
1789119.274618153926;2.4720369751207726949e-08;
1789452.6301751909778;2.4846803725608879176e-08;
1789785.9857322280295;2.5933815095413592644e-08;
1790119.3412892650813;2.6740375247413794568e-08;
1790452.6968463021331;2.7130413471354586363e-08;
1790786.0524033391848;5.8479802333977204398e-08;
1791119.4079603762366;8.0959807746694423258e-08;
1791452.7635174132884;3.3243882313627182157e-08;
1791786.1190744503401;2.7849790029677023995e-08;
1792119.4746314873919;3.8738189545028944849e-08;
1792452.8301885244437;2.8159874432276410516e-08;
1792786.1857455614954;2.425292322527639044e-08;
1793119.5413025985472;2.5819078430799891066e-08;
1793452.896859635599;2.6808294251168263145e-08;
1793786.2524166726507;2.6357565019452522392e-08;
1794119.6079737097025;2.4649944307952864619e-08;
1794452.9635307467543;2.4084155114678651444e-08;
1794786.319087783806;4.4464020021450778586e-08;
1795119.6746448208578;2.4151351141199484118e-08;
1795453.0302018579096;2.5697220351617033884e-08;
1795786.3857588949613;2.5205812548279027396e-08;
1796119.7413159320131;2.6425439614286005963e-08;
1796453.0968729690649;2.5741137221757526277e-08;
1796786.4524300061166;2.5467214115337810654e-08;
1797119.8079870431684;2.5208379383911960758e-08;
1797453.1635440802202;2.578875246683764999e-08;
1797786.5191011172719;2.709116841970171663e-08;
1798119.8746581543237;2.7976154726161439612e-08;
1798453.2302151913755;2.6432125821429508505e-08;
1798786.5857722284272;2.845841073906285601e-08;
1799119.941329265479;2.9132692702660278883e-08;
1799453.2968863025308;2.7321295448246019077e-08;
1799786.6524433395825;2.8220640047038614284e-08;
1800120.0080003766343;3.5794869290839415044e-08;
1800453.3635574136861;2.7598867191613862815e-08;
1800786.7191144507378;2.7623750398220181523e-08;
1801120.0746714877896;3.0141499962610396324e-08;
1801453.4302285248414;3.4171190321785616106e-08;
1801786.7857855618931;3.9113537297907896573e-08;
1802120.1413425989449;3.0092085268051960156e-08;
1802453.4968996359967;3.0961540886664806749e-08;
1802786.8524566730484;2.8420940267892547126e-08;
1803120.2080137101002;3.1426122149014190654e-08;
1803453.563570747152;2.8654358885660258238e-08;
1803786.9191277842037;2.939373899835118209e-08;
1804120.2746848212555;3.1075046535988803953e-08;
1804453.6302418583073;3.0536483563992078416e-08;
1804786.985798895359;2.8051548639496104443e-08;
1805120.3413559324108;2.9323391714797253371e-08;
1805453.6969129694626;2.7269365432402992155e-08;
1805787.0524700065143;2.8103290361514154938e-08;
1806120.4080270435661;2.9940434131958681974e-08;
1806453.7635840806179;2.9189864747536375944e-08;
1806787.1191411176696;3.0468964240526474896e-08;
1807120.4746981547214;2.9286118419236117916e-08;
1807453.8302551917732;2.7843576333452801919e-08;
1807787.1858122288249;2.9253262923134570883e-08;
1808120.5413692658767;3.7756922921516888891e-08;
1808453.8969263029285;2.963452239157504664e-08;
1808787.2524833399802;3.0240414616855559871e-08;
1809120.608040377032;3.3322113068834369187e-08;
1809453.9635974140838;4.8815291364689983311e-08;
1809787.3191544511355;4.6629907046735752374e-08;
1810120.6747114881873;3.0002876627577279578e-08;
1810454.0302685252391;3.14065857764944667e-08;
1810787.3858255622908;3.0848831045204860857e-08;
1811120.7413825993426;2.7912140154739972786e-08;
1811454.0969396363944;2.7389631895857746713e-08;
1811787.4524966734461;2.7103594035793321382e-08;
1812120.8080537104979;2.8600698698255655472e-08;
1812454.1636107475497;2.7991591267095827789e-08;
1812787.5191677846014;2.6668551811326324241e-08;
1813120.8747248216532;2.839209756189120526e-08;
1813454.230281858705;3.0269596607013227185e-08;
1813787.5858388957568;3.945798709992232034e-08;
1814120.9413959328085;4.5935724557466528495e-08;
1814454.2969529698603;3.7882827541579899844e-08;
1814787.6525100069121;6.9770429433901881566e-08;
1815121.0080670439638;1.3463677817071584286e-07;
1815454.3636240810156;4.034700396005064249e-08;
1815787.7191811180674;3.2508921776752686128e-08;
1816121.0747381551191;3.6088088961605535587e-08;
1816454.4302951921709;2.8025688436628115596e-08;
1816787.7858522292227;2.4838467282961573801e-08;
1817121.1414092662744;2.6458002011509051954e-08;
1817454.4969663033262;2.9196838724487861327e-08;
1817787.852523340378;2.5154013982842116093e-08;
1818121.2080803774297;2.4450477198456610495e-08;
1818454.5636374144815;2.7515406841871481447e-08;
1818787.9191944515333;2.6731356683740159497e-08;
1819121.274751488585;2.7360922416619359865e-08;
1819454.6303085256368;2.6427807497952926497e-08;
1819787.9858655626886;2.6663633079238024948e-08;
1820121.3414225997403;2.6127889185545427608e-08;
1820454.6969796367921;2.6598836910807222011e-08;
1820788.0525366738439;2.7180359296608003206e-08;
1821121.4080937108956;2.7321584994410841318e-08;
1821454.7636507479474;2.5405682890777825378e-08;
1821788.1192077849992;2.7848223282944672974e-08;
1822121.4747648220509;2.6886160853223373124e-08;
1822454.8303218591027;2.8711347965781897074e-08;
1822788.1858788961545;2.7522466083951258042e-08;
1823121.5414359332062;4.4771745422167441575e-08;
1823454.896992970258;2.9882105678780135349e-08;
1823788.2525500073098;2.9034545434569736244e-08;
1824121.6081070443615;3.6757739962922642007e-08;
1824454.9636640814133;3.0363860759052840876e-08;
1824788.3192211184651;3.0999530054032220505e-08;
1825121.6747781555168;3.1590960958283176296e-08;
1825455.0303351925686;2.7984953021586989053e-08;
1825788.3858922296204;2.9132028345202343189e-08;
1826121.7414492666721;2.9549422464469898841e-08;
1826455.0970063037239;3.1920656340389541583e-08;
1826788.4525633407757;3.2364923185923544224e-08;
1827121.8081203778274;3.1662633404039297602e-08;
1827455.1636774148792;3.2964216245545685524e-08;
1827788.519234451931;4.0583579163921967847e-08;
1828121.8747914889827;5.1981373871967662126e-08;
1828455.2303485260345;4.2162465518913450069e-08;
1828788.5859055630863;3.6439359973883256316e-08;
1829121.941462600138;3.5686749555452479399e-08;
1829455.2970196371898;3.0520233451625244925e-08;
1829788.6525766742416;3.2593725052265654085e-08;
1830122.0081337112933;3.3025944645714844228e-08;
1830455.3636907483451;3.1152715962434740504e-08;
1830788.7192477853969;3.2030190055820639827e-08;
1831122.0748048224486;3.3970920298997953068e-08;
1831455.4303618595004;3.4480656552204891341e-08;
1831788.7859188965522;3.2991039233820629306e-08;
1832122.1414759336039;4.3820012507467254181e-08;
1832455.4970329706557;3.4626033595941407839e-08;
1832788.8525900077075;3.4755291977717206464e-08;
1833122.2081470447592;3.6384157908742054133e-08;
1833455.563704081811;3.4324489917025857721e-08;
1833788.9192611188628;3.2810536509941812255e-08;
1834122.2748181559145;3.4282123806406161748e-08;
1834455.6303751929663;3.5024179112497222377e-08;
1834788.9859322300181;3.3350985972901980858e-08;
1835122.3414892670698;3.3292330670064984588e-08;
1835455.6970463041216;3.3042542924022200168e-08;
1835789.0526033411734;3.3091570372789647081e-08;
1836122.4081603782251;3.2856160459004968288e-08;
1836455.7637174152769;3.1673536682319536339e-08;
1836789.1192744523287;3.2479238853966307943e-08;
1837122.4748314893804;3.4167769058512931224e-08;
1837455.8303885264322;3.3218253037148315343e-08;
1837789.185945563484;3.6079466525507086772e-08;
1838122.5415026005358;3.5739198267492611194e-08;
1838455.8970596375875;3.4236624202321763732e-08;
1838789.2526166746393;3.0966113229169422993e-08;
1839122.6081737116911;3.1593511806704555056e-08;
1839455.9637307487428;3.2631593427367988625e-08;
1839789.3192877857946;3.2131577398786248523e-08;
1840122.6748448228464;4.4981685931588799576e-08;
1840456.0304018598981;3.1847449122324178461e-08;
1840789.3859588969499;3.0841896148103842279e-08;
1841122.7415159340017;3.0735993306052478147e-08;
1841456.0970729710534;3.2889595047436159803e-08;
1841789.4526300081052;3.5645772555881194421e-08;
1842122.808187045157;3.3623475559352300479e-08;
1842456.1637440822087;3.6825412053076433949e-08;
1842789.5193011192605;3.0949198759344653809e-08;
1843122.8748581563123;3.2943663796913824626e-08;
1843456.230415193364;3.2457904808325110935e-08;
1843789.5859722304158;3.1962684943209751509e-08;
1844122.9415292674676;3.2359920965063793119e-08;
1844456.2970863045193;3.2348612677424171125e-08;
1844789.6526433415711;3.4281583793926984072e-08;
1845123.0082003786229;3.3535638266357636894e-08;
1845456.3637574156746;3.3585163095040115877e-08;
1845789.7193144527264;3.2661876758766084095e-08;
1846123.0748714897782;3.4846937779775544186e-08;
1846456.4304285268299;3.6335546127475026879e-08;
1846789.7859855638817;3.5375844475993289961e-08;
1847123.1415426009335;3.2713671771489316598e-08;
1847456.4970996379852;3.2060590626770135714e-08;
1847789.852656675037;3.2440347297324478859e-08;
1848123.2082137120888;4.3291525031463606865e-08;
1848456.5637707491405;3.3653019926305205445e-08;
1848789.9193277861923;3.4171971918794952217e-08;
1849123.2748848232441;3.3587699732606779435e-08;
1849456.6304418602958;3.2924283743795967894e-08;
1849789.9859988973476;3.5970550982256099815e-08;
1850123.3415559343994;4.459121072386551532e-08;
1850456.6971129714511;1.3242534180335496785e-07;
1850790.0526700085029;1.0050942478301294614e-07;
1851123.4082270455547;4.7757382048985164147e-08;
1851456.7637840826064;3.7615311754279900924e-08;
1851790.1193411196582;3.6494451904900415684e-08;
1852123.47489815671;3.756301225621427875e-08;
1852456.8304551937617;4.6172530687726975884e-08;
1852790.1860122308135;5.7273890519127235166e-08;
1853123.5415692678653;4.37165965649910504e-08;
1853456.897126304917;3.5606344539473866462e-08;
1853790.2526833419688;3.4742107857255177805e-08;
1854123.6082403790206;3.7194180180222247145e-08;
1854456.9637974160723;3.8066882979137517395e-08;
1854790.3193544531241;3.3483011918633565074e-08;
1855123.6749114901759;6.7664664982203248655e-08;
1855457.0304685272276;3.6220512811269145459e-08;
1855790.3860255642794;3.5179201773871682235e-08;
1856123.7415826013312;4.7350212639685196336e-08;
1856457.0971396383829;3.4616970623346787761e-08;
1856790.4526966754347;3.672520776376586582e-08;
1857123.8082537124865;3.9450434030641190475e-08;
1857457.1638107495382;4.4451130776224090368e-08;
1857790.51936778659;4.1730796596084474004e-08;
1858123.8749248236418;3.9044817157218858483e-08;
1858457.2304818606935;3.6172252748656319454e-08;
1858790.5860388977453;3.9371091276052538888e-08;
1859123.9415959347971;4.0318521854487698874e-08;
1859457.2971529718488;3.9648167415862189955e-08;
1859790.6527100089006;4.2357861218533798819e-08;
1860124.0082670459524;4.1876056400269590085e-08;
1860457.3638240830041;4.0135631707016727887e-08;
1860790.7193811200559;3.9157949771606581635e-08;
1861124.0749381571077;4.0344737328723567771e-08;
1861457.4304951941594;4.0651151778092753375e-08;
1861790.7860522312112;4.3119989356910082279e-08;
1862124.141609268263;4.3457404785840481054e-08;
1862457.4971663053147;4.2152837664843900711e-08;
1862790.8527233423665;4.2266805166946141981e-08;
1863124.2082803794183;4.2735688765560553293e-08;
1863457.5638374164701;4.3454885911842211499e-08;
1863790.9193944535218;4.2978491876510815928e-08;
1864124.2749514905736;5.6964331918152311118e-08;
1864457.6305085276254;4.8639808625239311368e-08;
1864790.9860655646771;4.4715545044482496451e-08;
1865124.3416226017289;4.4106464258675259771e-08;
1865457.6971796387807;4.7098346556140313623e-08;
1865791.0527366758324;4.6078373117097726208e-08;
1866124.4082937128842;4.3698168639139112202e-08;
1866457.763850749936;4.4668357901400668197e-08;
1866791.1194077869877;4.2302314540165752987e-08;
1867124.4749648240395;4.2744396466787293321e-08;
1867457.8305218610913;4.3008249406284448924e-08;
1867791.186078898143;4.2144765899365665973e-08;
1868124.5416359351948;4.4449024017012561671e-08;
1868457.8971929722466;4.4076024607875297079e-08;
1868791.2527500092983;4.1554422125500423135e-08;
1869124.6083070463501;4.1272361528399414965e-08;
1869457.9638640834019;4.67627181421903515e-08;
1869791.3194211204536;4.4238614549385602004e-08;
1870124.6749781575054;4.3795616022634931142e-08;
1870458.0305351945572;4.2912706277320467052e-08;
1870791.3860922316089;4.2349455497969756834e-08;
1871124.7416492686607;4.2633406138747886871e-08;
1871458.0972063057125;4.3840110208748228615e-08;
1871791.4527633427642;4.1111498205737007083e-08;
1872124.808320379816;5.4636156932019730448e-08;
1872458.1638774168678;4.554008725676794711e-08;
1872791.5194344539195;4.6440980838724499336e-08;
1873124.8749914909713;5.1571252157600611099e-08;
1873458.2305485280231;8.3309096510220115306e-08;
1873791.5861055650748;1.456633498264636728e-07;
1874124.9416626021266;1.021326028194380342e-07;
1874458.2972196391784;5.8882772435708830017e-08;
1874791.6527766762301;4.8305498268064184231e-08;
1875125.0083337132819;4.3691720463812089292e-08;
1875458.3638907503337;4.4041659208460259833e-08;
1875791.7194477873854;4.4269324206425153534e-08;
1876125.0750048244372;4.3287723627827290329e-08;
1876458.430561861489;3.8983614558674162254e-08;
1876791.7861188985407;4.34768772095139866e-08;
1877125.1416759355925;5.0974527709968242561e-08;
1877458.4972329726443;4.7317534779267589329e-08;
1877791.852790009696;4.1850096721418594825e-08;
1878125.2083470467478;4.308546053266582021e-08;
1878458.5639040837996;4.5066791187764465576e-08;
1878791.9194611208513;4.1964501207303328556e-08;
1879125.2750181579031;4.1317047561051367666e-08;
1879458.6305751949549;4.3195576893140241737e-08;
1879791.9861322320066;5.2607074252364327549e-08;
1880125.3416892690584;5.7883109860767945065e-08;
1880458.6972463061102;4.6685478594099549809e-08;
1880792.0528033431619;4.2263614830062579131e-08;
1881125.4083603802137;3.843464568831223005e-08;
1881458.7639174172655;3.9778836224968472379e-08;
1881792.1194744543172;4.2862378535346579156e-08;
1882125.475031491369;4.4742968441369157517e-08;
1882458.8305885284208;4.03470750143242185e-08;
1882792.1861455654725;4.1473615652876105742e-08;
1883125.5417026025243;4.4627572748368038447e-08;
1883458.8972596395761;5.6776809032044184278e-08;
1883792.2528166766278;8.0618910658358799992e-08;
1884125.6083737136796;5.682150927555085218e-08;
1884458.9639307507314;4.5290526884400605923e-08;
1884792.3194877877831;4.3895365564594612806e-08;
1885125.6750448248349;4.4602412430094773299e-08;
1885459.0306018618867;5.0288672781562127057e-08;
1885792.3861588989384;6.8460735747066792101e-08;
1886125.7417159359902;1.432789815680735046e-07;
1886459.097272973042;1.086779803927129251e-07;
1886792.4528300100937;5.7092769623068306828e-08;
1887125.8083870471455;7.8639324385676445672e-08;
1887459.1639440841973;4.5485158750580012565e-08;
1887792.519501121249;4.5706872953132915427e-08;
1888125.8750581583008;5.4031012552968604723e-08;
1888459.2306151953526;4.448362744824407855e-08;
1888792.5861722324044;4.2913910647257580422e-08;
1889125.9417292694561;4.6620566962474185857e-08;
1889459.2972863065079;4.6841648781992262229e-08;
1889792.6528433435597;4.7188454033175730729e-08;
1890126.0084003806114;4.7036497363706075703e-08;
1890459.3639574176632;4.7957389170960595948e-08;
1890792.719514454715;4.565150391044880962e-08;
1891126.0750714917667;4.8111136408124366426e-08;
1891459.4306285288185;4.437092826492516906e-08;
1891792.7861855658703;4.5936932480117320665e-08;
1892126.141742602922;4.8562711185695661698e-08;
1892459.4972996399738;4.8113758310819321196e-08;
1892792.8528566770256;4.7786503643010291853e-08;
1893126.2084137140773;4.7350297904813487548e-08;
1893459.5639707511291;4.724477520312575507e-08;
1893792.9195277881809;4.801690778322154074e-08;
1894126.2750848252326;4.9191484663424489554e-08;
1894459.6306418622844;4.9490353148939902894e-08;
1894792.9861988993362;4.820606136490823701e-08;
1895126.3417559363879;5.3352565032582788263e-08;
1895459.6973129734397;7.2849658749873924535e-08;
1895793.0528700104915;5.2771000014217861462e-08;
1896126.4084270475432;5.5789769248804077506e-08;
1896459.763984084595;4.8625626192233539768e-08;
1896793.1195411216468;5.1858972227591948467e-08;
1897126.4750981586985;5.1106063381212152308e-08;
1897459.8306551957503;5.0375589921713981312e-08;
1897793.1862122328021;5.4399023952100833412e-08;
1898126.5417692698538;6.9046038220221817028e-08;
1898459.8973263069056;9.4196188626938237576e-08;
1898793.2528833439574;7.5420373946144536603e-08;
1899126.6084403810091;5.2108095616176797193e-08;
1899459.9639974180609;5.2797425098560779588e-08;
1899793.3195544551127;5.5322573189187096432e-08;
1900126.6751114921644;5.4610538313681900036e-08;
1900460.0306685292162;5.4343530564437969588e-08;
1900793.386225566268;5.1636522613307533902e-08;
1901126.7417826033197;5.3925663934251133469e-08;
1901460.0973396403715;5.3651824316602869658e-08;
1901793.4528966774233;5.4678022110010715551e-08;
1902126.808453714475;5.628058019624404551e-08;
1902460.1640107515268;5.3307687153392180335e-08;
1902793.5195677885786;5.0705608600765117444e-08;
1903126.8751248256303;5.103061440081546607e-08;
1903460.2306818626821;5.1870362227646182873e-08;
1903793.5862388997339;5.3151804735307450755e-08;
1904126.9417959367856;5.7574709444452309981e-08;
1904460.2973529738374;5.3304127334286022233e-08;
1904793.6529100108892;4.9834614657129350235e-08;
1905127.0084670479409;5.3123148546774245915e-08;
1905460.3640240849927;5.7216066551291078213e-08;
1905793.7195811220445;5.0622656289078804548e-08;
1906127.0751381590962;4.7835889915859297616e-08;
1906460.430695196148;5.2323198218573452323e-08;
1906793.7862522331998;4.9300144411290602875e-08;
1907127.1418092702515;4.9827963977122635697e-08;
1907460.4973663073033;4.6657930852234130725e-08;
1907793.8529233443551;4.8724732693017358542e-08;
1908127.2084803814068;4.8589935630616309936e-08;
1908460.5640374184586;5.2297835395620495547e-08;
1908793.9195944555104;5.0518004002242378192e-08;
1909127.2751514925621;4.9861149875596311176e-08;
1909460.6307085296139;5.107402145654305059e-08;
1909793.9862655666657;5.6234721768078088644e-08;
1910127.3418226037174;5.1992973482128945761e-08;
1910460.6973796407692;5.5784084906917996705e-08;
1910794.052936677821;6.2334329697932844283e-08;
1911127.4084937148727;7.1498114095902565168e-08;
1911460.7640507519245;1.3878043603199330391e-07;
1911794.1196077889763;6.1169814102868258487e-08;
1912127.475164826028;5.9713414657380781136e-08;
1912460.8307218630798;6.1198186074307159288e-08;
1912794.1862789001316;5.5699185708135701134e-08;
1913127.5418359371834;6.2641703379995306022e-08;
1913460.8973929742351;6.4344824579620762961e-08;
1913794.2529500112869;6.0931931500363134546e-08;
1914127.6085070483387;5.9788675343952490948e-08;
1914460.9640640853904;6.1545456730982550653e-08;
1914794.3196211224422;6.6407679355506843422e-08;
1915127.675178159494;6.0259495171521848533e-08;
1915461.0307351965457;6.1789314997895417036e-08;
1915794.3862922335975;6.1247448002177407034e-08;
1916127.7418492706493;6.2153802105058275629e-08;
1916461.097406307701;5.5503146967339489493e-08;
1916794.4529633447528;5.4885124001202711952e-08;
1917127.8085203818046;5.3359872964620080893e-08;
1917461.1640774188563;5.4861022391605729354e-08;
1917794.5196344559081;5.3887212914105475647e-08;
1918127.8751914929599;5.325162177882702963e-08;
1918461.2307485300116;5.5605035242933809059e-08;
1918794.5863055670634;5.7003273212785643409e-08;
1919127.9418626041152;1.0084909973784306203e-07;
1919461.2974196411669;5.417538773144769948e-08;
1919794.6529766782187;5.6298084416539495578e-08;
1920128.0085337152705;5.6744898557781198178e-08;
1920461.3640907523222;5.9066874058544271975e-08;
1920794.719647789374;6.3558637464211642509e-08;
1921128.0752048264258;8.9375092215959739406e-08;
1921461.4307618634775;1.2829856643747916678e-07;
1921794.7863189005293;2.7543384817363403272e-07;
1922128.1418759375811;1.1364530649871085188e-07;
1922461.4974329746328;7.1138536839043808868e-08;
1922794.8529900116846;7.089563780482421862e-08;
1923128.2085470487364;5.6319549912586808205e-08;
1923461.5641040857881;5.0812790419740849757e-08;
1923794.9196611228399;5.345857800875819521e-08;
1924128.2752181598917;5.4805443738814574317e-08;
1924461.6307751969434;5.193664875946524262e-08;
1924794.9863322339952;5.4859000897522491869e-08;
1925128.341889271047;5.2661626170902309241e-08;
1925461.6974463080987;5.5967543488577575772e-08;
1925795.0530033451505;5.4293813889216835378e-08;
1926128.4085603822023;5.6994863939507922623e-08;
1926461.764117419254;5.6618937094299326418e-08;
1926795.1196744563058;5.9871183566428953782e-08;
1927128.4752314933576;5.4428181073262749123e-08;
1927461.8307885304093;5.6177849927507850225e-08;
1927795.1863455674611;5.5252545649864259758e-08;
1928128.5419026045129;5.6397762904225601233e-08;
1928461.8974596415646;6.5572550056458567269e-08;
1928795.2530166786164;5.4949953920413463493e-08;
1929128.6085737156682;5.0402853446485096356e-08;
1929461.9641307527199;5.3619597650822470314e-08;
1929795.3196877897717;5.6451685992442435236e-08;
1930128.6752448268235;5.5265747533894682419e-08;
1930462.0308018638752;4.932145358793604828e-08;
1930795.386358900927;5.548277215439156862e-08;
1931128.7419159379788;5.4192710763345530722e-08;
1931462.0974729750305;5.7204104564334556926e-08;
1931795.4530300120823;5.699406102621651371e-08;
1932128.8085870491341;7.1219439234937453875e-08;
1932462.1641440861858;5.735605057566317555e-08;
1932795.5197011232376;6.021081588869492407e-08;
1933128.8752581602894;5.7181701151876040967e-08;
1933462.2308151973411;6.2077091911305615213e-08;
1933795.5863722343929;5.9338113089779653819e-08;
1934128.9419292714447;6.4053850223899644334e-08;
1934462.2974863084964;5.6994363006879211753e-08;
1934795.6530433455482;6.0757919584375486011e-08;
1935129.0086003826;5.8678004677403805545e-08;
1935462.3641574196517;5.7183108026492845966e-08;
1935795.7197144567035;5.8259036705976541271e-08;
1936129.0752714937553;7.9068335878673678963e-08;
1936462.430828530807;5.6370822676399257034e-08;
1936795.7863855678588;5.8542916292481095297e-08;
1937129.1419426049106;6.0461495365871087415e-08;
1937462.4974996419623;6.6347858762583200587e-08;
1937795.8530566790141;6.1784106719642295502e-08;
1938129.2086137160659;6.9718723239020619076e-08;
1938462.5641707531177;7.962995596244581975e-08;
1938795.9197277901694;1.0905359459911778686e-07;
1939129.2752848272212;9.1549459568796009989e-08;
1939462.630841864273;6.3349851586735894671e-08;
1939795.9863989013247;6.3639078007327043451e-08;
1940129.3419559383765;1.0833496588702473673e-07;
1940462.6975129754283;6.1408947260588320205e-08;
1940796.05307001248;6.0693913894738216186e-08;
1941129.4086270495318;5.8308899042458506301e-08;
1941462.7641840865836;5.98386904471226444e-08;
1941796.1197411236353;5.8849369821700747707e-08;
1942129.4752981606871;6.1853825172875076532e-08;
1942462.8308551977389;6.0849671967844187748e-08;
1942796.1864122347906;6.0275581859059457202e-08;
1943129.5419692718424;5.9186948675460371305e-08;
1943462.8975263088942;5.801066293997791945e-08;
1943796.2530833459459;6.3316250020761799533e-08;
1944129.6086403829977;7.7539283438454731368e-08;
1944462.9641974200495;5.88869077944309538e-08;
1944796.3197544571012;6.3850279730104375631e-08;
1945129.675311494153;7.075180974425165914e-08;
1945463.0308685312048;1.0576638942438876256e-07;
1945796.3864255682565;2.0514985976660682354e-07;
1946129.7419826053083;1.8666989376470155548e-07;
1946463.0975396423601;7.8908207967742782785e-08;
1946796.4530966794118;6.794207507709870697e-08;
1947129.8086537164636;6.186175482980615925e-08;
1947463.1642107535154;5.8500045696519009653e-08;
1947796.5197677905671;6.5521888359398872126e-08;
1948129.8753248276189;6.8098614747214014642e-08;
1948463.2308818646707;6.2017797120006434852e-08;
1948796.5864389017224;5.9354064774197468068e-08;
1949129.9419959387742;5.865038232855113165e-08;
1949463.297552975826;6.1433333087279606843e-08;
1949796.6531100128777;6.4562676982404809678e-08;
1950130.0086670499295;5.6168769191344836145e-08;
1950463.3642240869813;5.7353027216322516324e-08;
1950796.719781124033;5.8401059988000270096e-08;
1951130.0753381610848;6.6530283504562248709e-08;
1951463.4308951981366;5.6554224414639975294e-08;
1951796.7864522351883;5.7996295765860850224e-08;
1952130.1420092722401;7.6659993908378964989e-08;
1952463.4975663092919;5.6783591162457014434e-08;
1952796.8531233463436;6.1408080398450692883e-08;
1953130.2086803833954;6.5982881380932667525e-08;
1953463.5642374204472;8.7000813664417364635e-08;
1953796.9197944574989;7.3525676214103441453e-08;
1954130.2753514945507;5.852995954569450987e-08;
1954463.6309085316025;5.2863690314097766532e-08;
1954796.9864655686542;5.3664173549350380199e-08;
1955130.342022605706;5.4276362959626567317e-08;
1955463.6975796427578;5.001344405286545225e-08;
1955797.0531366798095;4.897755445654183859e-08;
1956130.4086937168613;5.683448733861951041e-08;
1956463.7642507539131;6.091224236115522217e-08;
1956797.1198077909648;7.1684873148569749901e-08;
1957130.4753648280166;1.5825894195131695597e-07;
1957463.8309218650684;3.4874585708166705444e-07;
1957797.1864789021201;1.0032992747710522963e-07;
1958130.5420359391719;6.5496337242620938923e-08;
1958463.8975929762237;5.5029264700579005876e-08;
1958797.2531500132754;5.1836291703466486069e-08;
1959130.6087070503272;4.7886000942298778682e-08;
1959463.964264087379;4.9901544230124272872e-08;
1959797.3198211244307;4.7620407173099010834e-08;
1960130.6753781614825;6.2804666356441885e-08;
1960464.0309351985343;4.7921176360432582442e-08;
1960797.386492235586;4.7270841463387114345e-08;
1961130.7420492726378;4.9718316574853815837e-08;
1961464.0976063096896;4.9423107384427567013e-08;
1961797.4531633467413;4.7131454294913055492e-08;
1962130.8087203837931;4.5473893095504536177e-08;
1962464.1642774208449;4.7322274099315109197e-08;
1962797.5198344578966;4.6471910764012136497e-08;
1963130.8753914949484;4.6819433663358722697e-08;
1963464.2309485320002;4.7995907692666150979e-08;
1963797.586505569052;4.9991481176903107553e-08;
1964130.9420626061037;4.8280302422654131078e-08;
1964464.2976196431555;4.8681698672226048075e-08;
1964797.6531766802073;5.0825377684304839931e-08;
1965131.008733717259;5.0301217413561971625e-08;
1965464.3642907543108;4.9493831255631448585e-08;
1965797.7198477913626;4.9881123231898527592e-08;
1966131.0754048284143;5.489312471240737068e-08;
1966464.4309618654661;4.8867629942606072291e-08;
1966797.7865189025179;4.9914696376163192326e-08;
1967131.1420759395696;5.1313605808900319971e-08;
1967464.4976329766214;5.1345345752906723646e-08;
1967797.8531900136732;5.2467708400172341499e-08;
1968131.2087470507249;6.967024290815970744e-08;
1968464.5643040877767;6.4383385733890463598e-08;
1968797.9198611248285;7.4517053860745363636e-08;
1969131.2754181618802;5.8030540373010808253e-08;
1969464.630975198932;5.8208705411288974574e-08;
1969797.9865322359838;6.3510306347325240495e-08;
1970131.3420892730355;5.9496667148550841375e-08;
1970464.6976463100873;5.58060406774529838e-08;
1970798.0532033471391;5.4294673645927105099e-08;
1971131.4087603841908;5.6437706064116355265e-08;
1971464.7643174212426;6.4156218115840601968e-08;
1971798.1198744582944;5.7384674789773271186e-08;
1972131.4754314953461;5.786328571844023827e-08;
1972464.8309885323979;5.8265893443376626237e-08;
1972798.1865455694497;5.5496126805110179703e-08;
1973131.5421026065014;5.5000175080976987374e-08;
1973464.8976596435532;5.5337444848646555329e-08;
1973798.253216680605;5.5307896928979971563e-08;
1974131.6087737176567;6.0917273003724403679e-08;
1974464.9643307547085;5.973471672859886894e-08;
1974798.3198877917603;5.3894787299668678315e-08;
1975131.675444828812;5.4814879746345468448e-08;
1975465.0310018658638;5.2082103962902692729e-08;
1975798.3865589029156;5.2627040503239186364e-08;
1976131.7421159399673;5.3300382774068566505e-08;
1976465.0976729770191;4.8970928645530875656e-08;
1976798.4532300140709;5.4208136646138882497e-08;
1977131.8087870511226;6.3767551239379827166e-08;
1977465.1643440881744;6.7977055095980176702e-08;
1977798.5199011252262;5.6868845632607190055e-08;
1978131.8754581622779;4.5158405015399694094e-08;
1978465.2310151993297;4.6051425783844024409e-08;
1978798.5865722363815;4.5675328408378845779e-08;
1979131.9421292734332;4.5704304341143142665e-08;
1979465.297686310485;5.5845070789928286104e-08;
1979798.6532433475368;4.352517635197727941e-08;
1980132.0088003845885;4.2548261802721754066e-08;
1980465.3643574216403;4.4367265417122325744e-08;
1980798.7199144586921;4.3348066469661716837e-08;
1981132.0754714957438;4.0307828186314509367e-08;
1981465.4310285327956;4.2281957490786226117e-08;
1981798.7865855698474;4.5427423600585825625e-08;
1982132.1421426068991;4.5363226064409900573e-08;
1982465.4976996439509;4.3817088624109601369e-08;
1982798.8532566810027;4.209467263649457891e-08;
1983132.2088137180544;5.951684300953274942e-08;
1983465.5643707551062;4.1135265860248182435e-08;
1983798.919927792158;4.3251993986359593691e-08;
1984132.2754848292097;4.3594351240017203963e-08;
1984465.6310418662615;3.9762280579225262045e-08;
1984798.9865989033133;3.830408346061631164e-08;
1985132.342155940365;3.7749163794842388597e-08;
1985465.6977129774168;3.7945035558095696615e-08;
1985799.0532700144686;3.8933858803602561238e-08;
1986132.4088270515203;3.7557601473281465587e-08;
1986465.7643840885721;3.7451265200161287794e-08;
1986799.1199411256239;3.8152041526018365403e-08;
1987132.4754981626756;4.0767364595239996561e-08;
1987465.8310551997274;3.7422523746499791741e-08;
1987799.1866122367792;3.7277647635391986114e-08;
1988132.542169273831;3.6892686239298200235e-08;
1988465.8977263108827;3.7018310194980585948e-08;
1988799.2532833479345;3.442739071601863543e-08;
1989132.6088403849863;3.6867227493075915845e-08;
1989465.964397422038;4.1881648371600022074e-08;
1989799.3199544590898;5.1346429330578757799e-08;
1990132.6755114961416;5.2722445076369695016e-08;
1990466.0310685331933;3.9245275473831497948e-08;
1990799.3866255702451;3.9238241100747472956e-08;
1991132.7421826072969;3.8795466394958566525e-08;
1991466.0977396443486;3.8106961142148065846e-08;
1991799.4532966814004;3.9982712252140117926e-08;
1992132.8088537184522;4.8651347839268055395e-08;
1992466.1644107555039;6.3929178395483177155e-08;
1992799.5199677925557;1.9592636135712382384e-07;
1993132.8755248296075;2.6785698992171091959e-07;
1993466.2310818666592;7.8700686856336687924e-08;
1993799.586638903711;4.9960402037640960771e-08;
1994132.9421959407628;4.029430655805299466e-08;
1994466.2977529778145;3.6839839623326042783e-08;
1994799.6533100148663;3.5660555397498683305e-08;
1995133.0088670519181;3.863393871483822295e-08;
1995466.3644240889698;3.5547845556038737413e-08;
1995799.7199811260216;3.5308850954152148915e-08;
1996133.0755381630734;3.4274897586783481529e-08;
1996466.4310952001251;3.4215162258988129906e-08;
1996799.7866522371769;3.3377830277458997443e-08;
1997133.1422092742287;3.5965939559901016764e-08;
1997466.4977663112804;3.399085812816338148e-08;
1997799.8533233483322;3.3335286531155361445e-08;
1998133.208880385384;3.6997374053271414596e-08;
1998466.5644374224357;3.4991462172229148564e-08;
1998799.9199944594875;3.4616423505440252484e-08;
1999133.2755514965393;3.6476183851164023508e-08;
1999466.631108533591;3.3869323345925295143e-08;
1999799.9866655706428;3.4463820242081055767e-08;
2000133.3422226076946;3.8136697355639626039e-08;
2000466.6977796447463;3.165651563108440314e-08;
2000800.0533366817981;3.2232378543994855136e-08;
2001133.4088937188499;3.3522798759122451884e-08;
2001466.7644507559016;3.4690451400365418522e-08;
2001800.1200077929534;3.0706740261621234822e-08;
2002133.4755648300052;3.2544633654651988763e-08;
2002466.8311218670569;3.3681292421761099831e-08;
2002800.1866789041087;3.5934991871044985601e-08;
2003133.5422359411605;3.8046024997129279654e-08;
2003466.8977929782122;4.5679421134536823956e-08;
2003800.253350015264;3.3665912724245572463e-08;
2004133.6089070523158;3.2024338736391655402e-08;
2004466.9644640893675;3.3738203342181805056e-08;
2004800.3200211264193;3.2204361843923834385e-08;
2005133.6755781634711;3.1764695762603878393e-08;
2005467.0311352005228;3.2303351105156252743e-08;
2005800.3866922375746;3.0280496332579787122e-08;
2006133.7422492746264;2.9251360444959573215e-08;
2006467.0978063116781;3.0716666543639803422e-08;
2006800.4533633487299;3.2274307670832058648e-08;
2007133.8089203857817;3.1517956244897504803e-08;
2007467.1644774228334;3.0697357544795522699e-08;
2007800.5200344598852;2.9484088059916757629e-08;
2008133.875591496937;3.2311294972942050663e-08;
2008467.2311485339887;3.2466115129636818892e-08;
2008800.5867055710405;3.0844390153106360231e-08;
2009133.9422626080923;3.0337684364667438786e-08;
2009467.297819645144;3.0543940710003880668e-08;
2009800.6533766821958;3.0100281378508952912e-08;
2010134.0089337192476;3.0371811732265996397e-08;
2010467.3644907562993;3.0070790302261229954e-08;
2010800.7200477933511;2.9217773089840193279e-08;
2011134.0756048304029;2.8869298063227688544e-08;
2011467.4311618674546;2.9868093776030946174e-08;
2011800.7867189045064;2.9716421323655595188e-08;
2012134.1422759415582;3.0063976197425290593e-08;
2012467.4978329786099;3.0853925636620260775e-08;
2012800.8533900156617;3.043317775563991745e-08;
2013134.2089470527135;2.9408925072971214831e-08;
2013467.5645040897653;2.9706816562224958034e-08;
2013800.920061126817;3.030955753047237522e-08;
2014134.2756181638688;3.0257528038646341884e-08;
2014467.6311752009206;2.9129724410381641064e-08;
2014800.9867322379723;3.1408184497649926925e-08;
2015134.3422892750241;3.3559743428668298293e-08;
2015467.6978463120759;3.0321537280997290509e-08;
2015801.0534033491276;3.1939837441541385488e-08;
2016134.4089603861794;3.6298096972586790798e-08;
2016467.7645174232312;3.2946093853070124169e-08;
2016801.1200744602829;3.4509380242297993391e-08;
2017134.4756314973347;3.7671057384613959584e-08;
2017467.8311885343865;4.8832273336074649706e-08;
2017801.1867455714382;9.5904162833448935999e-08;
2018134.54230260849;1.0598027699870726792e-07;
2018467.8978596455418;4.4497539875010261312e-08;
2018801.2534166825935;3.7394464413864625385e-08;
2019134.6089737196453;3.5140104159836482722e-08;
2019467.9645307566971;3.2106299840961582959e-08;
2019801.3200877937488;3.4232897405672702007e-08;
2020134.6756448308006;3.2294440899249821086e-08;
2020468.0312018678524;3.1870001748757204041e-08;
2020801.3867589049041;3.0192854438837457565e-08;
2021134.7423159419559;3.0450504340251427493e-08;
2021468.0978729790077;3.0389582406087356503e-08;
2021801.4534300160594;2.9883210572734242305e-08;
2022134.8089870531112;3.0873554379695633543e-08;
2022468.164544090163;3.33647562911210116e-08;
2022801.5201011272147;3.2950030259826235124e-08;
2023134.8756581642665;4.2922128073996645981e-08;
2023468.2312152013183;3.921529412309610052e-08;
2023801.58677223837;3.3230861617994378321e-08;
2024134.9423292754218;3.8029320137411559699e-08;
2024468.2978863124736;3.0678219076207824401e-08;
2024801.6534433495253;3.028842598951086984e-08;
2025135.0090003865771;3.056884878560595098e-08;
2025468.3645574236289;2.8349035119390464388e-08;
2025801.7201144606806;2.9802787793187235366e-08;
2026135.0756714977324;2.9220030839383070997e-08;
2026468.4312285347842;2.7477053521351990639e-08;
2026801.7867855718359;3.0622917535083615803e-08;
2027135.1423426088877;3.0792737248930279748e-08;
2027468.4978996459395;3.0883860802077833796e-08;
2027801.8534566829912;3.8631494447827208205e-08;
2028135.209013720043;5.6611380472304517752e-08;
2028468.5645707570948;2.0726193383779900614e-07;
2028801.9201277941465;1.0309530296126467874e-07;
2029135.2756848311983;4.9518966704908962129e-08;
2029468.6312418682501;3.2136263428128586384e-08;
2029801.9867989053018;2.9706921367278482649e-08;
2030135.3423559423536;2.9051586025730102847e-08;
2030468.6979129794054;2.7550184356073259551e-08;
2030802.0534700164571;2.6903832051061726816e-08;
2031135.4090270535089;2.6463021995937197062e-08;
2031468.7645840905607;2.5834914652023144299e-08;
2031802.1201411276124;2.7021108905955770751e-08;
2032135.4756981646642;3.0590442179345700424e-08;
2032468.831255201716;2.5764753885937352607e-08;
2032802.1868122387677;2.489888828449693392e-08;
2033135.5423692758195;2.7466196428349576308e-08;
2033468.8979263128713;2.5986032881064602407e-08;
2033802.253483349923;2.4788644026330075576e-08;
2034135.6090403869748;2.3623094591584958835e-08;
2034468.9645974240266;2.4559778211141747306e-08;
2034802.3201544610783;2.4980597146395666641e-08;
2035135.6757114981301;2.3525522863110381877e-08;
2035469.0312685351819;2.5424835570220238878e-08;
2035802.3868255722336;2.4894688976928591728e-08;
2036135.7423826092854;2.4010057941836748796e-08;
2036469.0979396463372;2.3233875268147130555e-08;
2036802.4534966833889;2.468413384804080124e-08;
2037135.8090537204407;2.4545716570401054923e-08;
2037469.1646107574925;2.5803117864597879816e-08;
2037802.5201677945442;2.5029137873389117885e-08;
2038135.875724831596;2.5577374884733217186e-08;
2038469.2312818686478;2.4998641379170294385e-08;
2038802.5868389056996;3.3508609220689322683e-08;
2039135.9423959427513;3.6827287885898840614e-08;
2039469.2979529798031;2.803287735275716841e-08;
2039802.6535100168549;2.5071251741337619023e-08;
2040136.0090670539066;2.8210875413492431107e-08;
2040469.3646240909584;2.4704783996298829152e-08;
2040802.7201811280102;2.4609963844568483182e-08;
2041136.0757381650619;2.4096003414797451114e-08;
2041469.4312952021137;2.4117136732115795894e-08;
2041802.7868522391655;2.2912692188015171268e-08;
2042136.1424092762172;2.3731031362217436254e-08;
2042469.497966313269;2.2486853268333106826e-08;
2042802.8535233503208;2.3332122012220679608e-08;
2043136.2090803873725;2.3461675269231818675e-08;
2043469.5646374244243;2.4056710401509917574e-08;
2043802.9201944614761;2.2789693687741419126e-08;
2044136.2757514985278;2.359128536966181855e-08;
2044469.6313085355796;2.2819900635795420385e-08;
2044802.9868655726314;2.2318491943451590487e-08;
2045136.3424226096831;2.3010429117675812449e-08;
2045469.6979796467349;2.2775925145879227784e-08;
2045803.0535366837867;2.339454852062772261e-08;
2046136.4090937208384;2.3617534594677636051e-08;
2046469.7646507578902;2.3675232441178195586e-08;
2046803.120207794942;2.4458424618956087215e-08;
2047136.4757648319937;3.7165310828868314275e-08;
2047469.8313218690455;2.3434447271597491635e-08;
2047803.1868789060973;2.3605712939911427384e-08;
2048136.542435943149;2.6665976093909193878e-08;
2048469.8979929802008;2.314490465948892961e-08;
2048803.2535500172526;2.3061742737695567484e-08;
2049136.6091070543043;2.2647492770033750276e-08;
2049469.9646640913561;2.1794573257238880615e-08;
2049803.3202211284079;2.1377832837288224255e-08;
2050136.6757781654596;2.3054330000604750239e-08;
2050470.0313352025114;2.2525878051737890928e-08;
2050803.3868922395632;2.1857109899769966432e-08;
2051136.7424492766149;2.2673289024055520713e-08;
2051470.0980063136667;2.1768553182255345746e-08;
2051803.4535633507185;2.0849826753988054406e-08;
2052136.8091203877702;2.1710580000444679172e-08;
2052470.164677424822;2.2602977267638379999e-08;
2052803.5202344618738;2.219248251833505492e-08;
2053136.8757914989255;2.1704250841025896079e-08;
2053470.2313485359773;2.2980737313105237263e-08;
2053803.5869055730291;2.2183595405067535467e-08;
2054136.9424626100808;2.4171724177790565591e-08;
2054470.2980196471326;2.3995637477014497563e-08;
2054803.6535766841844;2.3226938594689272577e-08;
2055137.0091337212361;2.3242815672119832016e-08;
2055470.3646907582879;2.2611436278907603992e-08;
2055803.7202477953397;2.2392402598825356108e-08;
2056137.0758048323914;2.6798877783562602417e-08;
2056470.4313618694432;2.3121009107285317441e-08;
2056803.786918906495;2.3283764249981686589e-08;
2057137.1424759435467;2.3572436447238942492e-08;
2057470.4980329805985;2.2556724488254076277e-08;
2057803.8535900176503;2.3989146669123329048e-08;
2058137.209147054702;2.5367640432705229614e-08;
2058470.5647040917538;3.198155695827153977e-08;
2058803.9202611288056;2.9911728205433973926e-08;
2059137.2758181658573;2.4257865050003601937e-08;
2059470.6313752029091;2.2306222646761852957e-08;
2059803.9869322399609;2.2055907322737766663e-08;
2060137.3424892770126;2.1589368515151363681e-08;
2060470.6980463140644;2.13980086982701323e-08;
2060804.0536033511162;2.1129283211962501809e-08;
2061137.4091603881679;2.1117113391255770694e-08;
2061470.7647174252197;2.1536147087886092777e-08;
2061804.1202744622715;2.0992354521354172903e-08;
2062137.4758314993232;2.1571663566533061385e-08;
2062470.831388536375;2.1907275993271468906e-08;
2062804.1869455734268;2.1840797614913753932e-08;
2063137.5425026104786;2.4420257815904733434e-08;
2063470.8980596475303;3.056530317735450808e-08;
2063804.2536166845821;4.7050711771134956507e-08;
2064137.6091737216339;1.1939788180370669579e-07;
2064470.9647307586856;5.3369344499287763028e-08;
2064804.3202877957374;3.2933538562929243199e-08;
2065137.6758448327892;2.7305079086659134191e-08;
2065471.0314018698409;2.404150123425097263e-08;
2065804.3869589068927;2.0900690955727441178e-08;
2066137.7425159439445;2.0484698382006172324e-08;
2066471.0980729809962;1.9399097439531942655e-08;
2066804.453630018048;2.130914289466545597e-08;
2067137.8091870550998;2.3368137647139519686e-08;
2067471.1647440921515;2.0512390008775582828e-08;
2067804.5203011292033;2.8345699121246070717e-08;
2068137.8758581662551;3.1882994022680577473e-08;
2068471.2314152033068;2.2748933403704540979e-08;
2068804.5869722403586;2.0990473359461248037e-08;
2069137.9425292774104;1.9647611537720877095e-08;
2069471.2980863144621;2.0526520927433011821e-08;
2069804.6536433515139;2.0218276830519243958e-08;
2070138.0092003885657;1.9912318904857784219e-08;
2070471.3647574256174;2.1180346365667901409e-08;
2070804.7203144626692;2.0385616750218105153e-08;
2071138.075871499721;2.0709432391186055611e-08;
2071471.4314285367727;2.0019752966504711367e-08;
2071804.7869855738245;2.1108768066824268317e-08;
2072138.1425426108763;2.2105984598397299123e-08;
2072471.498099647928;1.9944701890040050785e-08;
2072804.8536566849798;2.0914097120794394868e-08;
2073138.2092137220316;2.0029533587262449146e-08;
2073471.5647707590833;2.0557628488404589007e-08;
2073804.9203277961351;1.8990592209888745856e-08;
2074138.2758848331869;1.9904589976249553729e-08;
2074471.6314418702386;1.9440991039232358162e-08;
2074804.9869989072904;2.1104540337546495721e-08;
2075138.3425559443422;1.9978015686206163082e-08;
2075471.6981129813939;2.0233734687735704938e-08;
2075805.0536700184457;1.8510034394125796098e-08;
2076138.4092270554975;1.9896338798730539565e-08;
2076471.7647840925492;1.9135933726488474349e-08;
2076805.120341129601;1.9118393979056236276e-08;
2077138.4758981666528;1.9565911557606341376e-08;
2077471.8314552037045;3.8731251095214247471e-08;
2077805.1870122407563;2.0795287269947948516e-08;
2078138.5425692778081;1.9630155279060090834e-08;
2078471.8981263148598;2.1175733166955978959e-08;
2078805.2536833519116;2.0732985106519663532e-08;
2079138.6092403889634;2.6036433453668905713e-08;
2079471.9647974260151;2.0610640305562810681e-08;
2079805.3203544630669;2.0786412591178304865e-08;
2080138.6759115001187;2.1594983579120707873e-08;
2080472.0314685371704;2.0304057102293882053e-08;
2080805.3870255742222;1.979325325862646423e-08;
2081138.742582611274;2.1516974868518445874e-08;
2081472.0981396483257;2.1376218128921209427e-08;
2081805.4536966853775;1.9675693962994955655e-08;
2082138.8092537224293;1.9621984037598849682e-08;
2082472.164810759481;2.0266639921828755178e-08;
2082805.5203677965328;2.0446085713388129079e-08;
2083138.8759248335846;1.9730729050593254215e-08;
2083472.2314818706363;1.9990338273601082619e-08;
2083805.5870389076881;1.9285911534439037496e-08;
2084138.9425959447399;1.903494784016857011e-08;
2084472.2981529817916;1.8585431860174139729e-08;
2084805.6537100188434;1.8340232443847526156e-08;
2085139.0092670558952;1.872125920954204048e-08;
2085472.3648240929469;1.9598866529690894822e-08;
2085805.7203811299987;1.8549975777659710729e-08;
2086139.0759381670505;1.907990920813062985e-08;
2086472.4314952041022;1.892608025855224696e-08;
2086805.787052241154;2.0336649697583197849e-08;
2087139.1426092782058;2.018892608646183362e-08;
2087472.4981663152575;2.0109743203988728055e-08;
2087805.8537233523093;1.9496328107493354764e-08;
2088139.2092803893611;2.0360529262575255416e-08;
2088472.5648374264129;1.7978612376623459568e-08;
2088805.9203944634646;1.927097592613336019e-08;
2089139.2759515005164;2.0820545287847380678e-08;
2089472.6315085375682;2.4001581166999130801e-08;
2089805.9870655746199;4.0822691005359956762e-08;
2090139.3426226116717;4.7778193845715577481e-08;
2090472.6981796487235;2.3664213699703395832e-08;
2090806.0537366857752;2.1601964661499550857e-08;
2091139.409293722827;1.9027526221293555864e-08;
2091472.7648507598788;1.8686133529399739928e-08;
2091806.1204077969305;1.9443586296574721928e-08;
2092139.4759648339823;2.0133814615519440849e-08;
2092472.8315218710341;2.0694740143767376139e-08;
2092806.1870789080858;2.4482627480892915628e-08;
2093139.5426359451376;2.6135602126942103496e-08;
2093472.8981929821894;2.0927696908756843186e-08;
2093806.2537500192411;2.092651918417232082e-08;
2094139.6093070562929;1.9869583312015492993e-08;
2094472.9648640933447;1.8631983067507462692e-08;
2094806.3204211303964;1.9139127616085715999e-08;
2095139.6759781674482;1.9387343286325631198e-08;
2095473.0315352045;1.9249828397960300208e-08;
2095806.3870922415517;1.8870007778559738654e-08;
2096139.7426492786035;2.076779637150139024e-08;
2096473.0982063156553;1.9598488165684102569e-08;
2096806.453763352707;2.3612596322664103354e-08;
2097139.8093203897588;3.0196247280400712043e-08;
2097473.1648774268106;3.0070840040252733161e-08;
2097806.5204344638623;1.9615676194462139392e-08;
2098139.8759915009141;2.2227284901532584627e-08;
2098473.2315485379659;2.1499065638863612548e-08;
2098806.5871055750176;2.064822091085716238e-08;
2099139.9426626120694;2.6031173661067441572e-08;
2099473.2982196491212;4.8513427941543341149e-08;
2099806.6537766861729;6.8113330087271606317e-08;
2100140.0093337232247;3.6555022120410285424e-08;
2100473.3648907602765;2.3610731147982733091e-08;
2100806.7204477973282;2.0930858823930975632e-08;
2101140.07600483438;1.8347611430158394796e-08;
2101473.4315618714318;1.9872516077157342806e-08;
2101806.7871189084835;1.7673169594445425901e-08;
2102140.1426759455353;1.7866650381392901181e-08;
2102473.4982329825871;1.7911590433072888118e-08;
2102806.8537900196388;1.78320327393066691e-08;
2103140.2093470566906;1.8379935795564961154e-08;
2103473.5649040937424;1.7677981745123361179e-08;
2103806.9204611307941;1.8270000623488158453e-08;
2104140.2760181678459;1.9308183496491437836e-08;
2104473.6315752048977;1.8399546775071939919e-08;
2104806.9871322419494;1.7268853014229534892e-08;
2105140.3426892790012;1.8180035254999893368e-08;
2105473.698246316053;1.7675001018346847559e-08;
2105807.0538033531047;1.7229307758270806517e-08;
2106140.4093603901565;1.7112149919285002397e-08;
2106473.7649174272083;1.5676887343829548627e-08;
2106807.12047446426;1.6671803493295556109e-08;
2107140.4760315013118;1.8020539727103823679e-08;
2107473.8315885383636;1.6178569595126646163e-08;
2107807.1871455754153;1.6865220331396812981e-08;
2108140.5427026124671;1.8479914487556925451e-08;
2108473.8982596495189;1.7001820395989852841e-08;
2108807.2538166865706;1.7651821337949513691e-08;
2109140.6093737236224;2.0645355647275209776e-08;
2109473.9649307606742;2.2758806395017927571e-08;
2109807.3204877977259;1.9527108818806482304e-08;
2110140.6760448347777;1.8522101186135841999e-08;
2110474.0316018718295;1.7771832006019394612e-08;
2110807.3871589088812;1.9285774754962403676e-08;
2111140.742715945933;2.6281137266437326616e-08;
2111474.0982729829848;1.8481149055560308625e-08;
2111807.4538300200365;1.6896832377710779838e-08;
2112140.8093870570883;1.8955528702235824312e-08;
2112474.1649440941401;1.7622635795078167575e-08;
2112807.5205011311918;1.7299853993790748063e-08;
2113140.8760581682436;1.7175727506923976762e-08;
2113474.2316152052954;1.7476102343039201514e-08;
2113807.5871722423472;1.846132313687576243e-08;
2114140.9427292793989;1.6758397336502639519e-08;
2114474.2982863164507;1.6776747102653644106e-08;
2114807.6538433535025;1.6932460766838630661e-08;
2115141.0094003905542;1.7482213010566738376e-08;
2115474.364957427606;1.6925204349149680638e-08;
2115807.7205144646578;1.5873116154807576095e-08;
2116141.0760715017095;1.7134951235675544012e-08;
2116474.4316285387613;1.716067821178057784e-08;
2116807.7871855758131;1.7258177109624739387e-08;
2117141.1427426128648;1.82284853877945352e-08;
2117474.4982996499166;1.7774672400605595612e-08;
2117807.8538566869684;1.6776571243326543481e-08;
2118141.2094137240201;1.6742360386956534057e-08;
2118474.5649707610719;1.7694418374958331697e-08;
2118807.9205277981237;1.7072034452780826541e-08;
2119141.2760848351754;1.7254357942420028849e-08;
2119474.6316418722272;1.774777658170023642e-08;
2119807.987198909279;1.7149135445038155012e-08;
2120141.3427559463307;1.9286385821715157363e-08;
2120474.6983129833825;1.7225918469421230839e-08;
2120808.0538700204343;1.7128300555668829475e-08;
2121141.409427057486;1.7455453971138013003e-08;
2121474.7649840945378;1.7622944881168223219e-08;
2121808.1205411315896;1.6823497261952979898e-08;
2122141.4760981686413;1.6979912587089529552e-08;
2122474.8316552056931;1.6669547520109517791e-08;
2122808.1872122427449;1.651230618904264702e-08;
2123141.5427692797966;1.6498736599146468507e-08;
2123474.8983263168484;1.7383539940851733263e-08;
2123808.2538833539002;1.647053160525047133e-08;
2124141.6094403909519;1.7720081402217147115e-08;
2124474.9649974280037;1.7668574159301897453e-08;
2124808.3205544650555;1.6619955189867141598e-08;
2125141.6761115021072;1.6835411287274837377e-08;
2125475.031668539159;1.6870613350761232141e-08;
2125808.3872255762108;1.8218337061171041569e-08;
2126141.7427826132625;1.7124119011668881285e-08;
2126475.0983396503143;1.8394148426637002558e-08;
2126808.4538966873661;1.9722307342817657627e-08;
2127141.8094537244178;2.3982952512824340374e-08;
2127475.1650107614696;2.0612558770949362952e-08;
2127808.5205677985214;1.8134739931952026382e-08;
2128141.8761248355731;2.0994271210383885773e-08;
2128475.2316818726249;1.7416583730778256722e-08;
2128808.5872389096767;1.7502063798247036175e-08;
2129141.9427959467284;1.7415635156226016989e-08;
2129475.2983529837802;1.8561449266485396947e-08;
2129808.653910020832;1.8540593060833998607e-08;
2130142.0094670578837;1.8657891232010115345e-08;
2130475.3650240949355;1.7151274178672792914e-08;
2130808.7205811319873;1.8010412716762402852e-08;
2131142.076138169039;1.7808460484047827777e-08;
2131475.4316952060908;1.8142578994684299687e-08;
2131808.7872522431426;1.6713736172846438421e-08;
2132142.1428092801943;1.8425811987299312023e-08;
2132475.4983663172461;2.08767296783207712e-08;
2132808.8539233542979;2.1806291883308404067e-08;
2133142.2094803913496;1.9654377680922152649e-08;
2133475.5650374284014;1.8415455826925608562e-08;
2133808.9205944654532;1.8900729870097165985e-08;
2134142.2761515025049;2.0525186883446622232e-08;
2134475.6317085395567;2.1290432528076053131e-08;
2134808.9872655766085;2.5916190082853063359e-08;
2135142.3428226136602;5.5453931224747066153e-08;
2135475.698379650712;7.2679391394103731727e-08;
2135809.0539366877638;3.1344079332029650686e-08;
2136142.4094937248155;2.2913699382343111211e-08;
2136475.7650507618673;2.0487613383579628135e-08;
2136809.1206077989191;1.8750750285789763439e-08;
2137142.4761648359708;1.8827492453965533059e-08;
2137475.8317218730226;1.85079205294869098e-08;
2137809.1872789100744;2.1018591311872114602e-08;
2138142.5428359471262;2.0458948313262226293e-08;
2138475.8983929841779;1.9857614219631614105e-08;
2138809.2539500212297;1.9921415628232352901e-08;
2139142.6095070582815;1.9387275784765733988e-08;
2139475.9650640953332;1.9075049095818030764e-08;
2139809.320621132385;1.8948270508190034889e-08;
2140142.6761781694368;1.8379259003609149659e-08;
2140476.0317352064885;1.9054285260722281237e-08;
2140809.3872922435403;1.8029501447358597943e-08;
2141142.7428492805921;1.8654713329624428297e-08;
2141476.0984063176438;1.7407622010523482459e-08;
2141809.4539633546956;1.7953961872763102292e-08;
2142142.8095203917474;1.8194381112834889791e-08;
2142476.1650774287991;1.7815311892377394543e-08;
2142809.5206344658509;2.0625744667768231011e-08;
2143142.8761915029027;1.9991531985397159588e-08;
2143476.2317485399544;1.7137722352345008403e-08;
2143809.5873055770062;1.6815933534530813631e-08;
2144142.942862614058;1.754146339294493373e-08;
2144476.2984196511097;1.7085206138744979398e-08;
2144809.6539766881615;1.7214604852711090643e-08;
2145143.0095337252133;1.6627023313731115195e-08;
2145476.365090762265;1.7191153389717328537e-08;
2145809.7206477993168;1.6439917871480247413e-08;
2146143.0762048363686;1.7090069803771257284e-08;
2146476.4317618734203;1.5916453932618424005e-08;
2146809.7873189104721;1.6536313651727141405e-08;
2147143.1428759475239;1.6601513053160488198e-08;
2147476.4984329845756;1.6530766089317694423e-08;
2147809.8539900216274;1.5689231247506540967e-08;
2148143.2095470586792;1.6006461933670834696e-08;
2148476.5651040957309;1.6633100230478703452e-08;
2148809.9206611327827;1.5552544141428370494e-08;
2149143.2762181698345;1.5249987939114362234e-08;
2149476.6317752068862;1.6057494889309964492e-08;
2149809.987332243938;1.5432547684213204775e-08;
2150143.3428892809898;1.6142259084972465644e-08;
2150476.6984463180415;1.5870774916493246565e-08;
2150810.0540033550933;1.6822285786588508927e-08;
2151143.4095603921451;1.6239647848692584375e-08;
2151476.7651174291968;1.7247689498844920308e-08;
2151810.1206744662486;1.5686833165773350629e-08;
2152143.4762315033004;1.6771531718973164971e-08;
2152476.8317885403521;1.6186643136961720302e-08;
2152810.1873455774039;1.4523548585998469207e-08;
2153143.5429026144557;1.5203925229911874339e-08;
2153476.8984596515074;1.635847546310742473e-08;
2153810.2540166885592;1.5708783607237819524e-08;
2154143.609573725611;1.6010764269935862103e-08;
2154476.9651307626627;1.5223140081843666849e-08;
2154810.3206877997145;1.5730323710272386961e-08;
2155143.6762448367663;1.5746387305171083426e-08;
2155477.031801873818;1.5667142250208598853e-08;
2155810.3873589108698;1.5460225100127900077e-08;
2156143.7429159479216;1.6516890966045139066e-08;
2156477.0984729849733;1.5315468004928334267e-08;
2156810.4540300220251;1.5118375884526358277e-08;
2157143.8095870590769;1.6626614751658053137e-08;
2157477.1651440961286;1.5683855991710515809e-08;
2157810.5207011331804;1.7000985508275334723e-08;
2158143.8762581702322;1.568705343402143626e-08;
2158477.2318152072839;1.5139558939836206264e-08;
2158810.5873722443357;1.6068387509449166828e-08;
2159143.9429292813875;1.5401754538402201433e-08;
2159477.2984863184392;1.6363131294383492786e-08;
2159810.654043355491;1.5543283993224576989e-08;
2160144.0096003925428;1.6323223661629526759e-08;
2160477.3651574295945;1.6528240109892067267e-08;
2160810.7207144666463;1.5906000072618553531e-08;
2161144.0762715036981;1.6075247799562930595e-08;
2161477.4318285407498;1.5546561371593270451e-08;
2161810.7873855778016;1.7554565800992349978e-08;
2162144.1429426148534;2.1283664608517938177e-08;
2162477.4984996519051;1.8958891345732808986e-08;
2162810.8540566889569;2.0992059646118832461e-08;
2163144.2096137260087;1.7630098270160488028e-08;
2163477.5651707630605;1.7321140077797281265e-08;
2163810.9207278001122;1.6230123023319720232e-08;
2164144.276284837164;1.5253737828402336163e-08;
2164477.6318418742158;1.559201834311352286e-08;
2164810.9873989112675;1.6209691366952938552e-08;
2165144.3429559483193;1.561038232011924265e-08;
2165477.6985129853711;1.5908039330270185019e-08;
2165811.0540700224228;1.5952984711020690156e-08;
2166144.4096270594746;1.6202175601165436092e-08;
2166477.7651840965264;1.67235167936041762e-08;
2166811.1207411335781;1.577521047124719189e-08;
2167144.4762981706299;1.6811354086598839785e-08;
2167477.8318552076817;1.5284962628925313766e-08;
2167811.1874122447334;1.4979214313370903255e-08;
2168144.5429692817852;1.5651076878953062987e-08;
2168477.898526318837;1.5759754390387570311e-08;
2168811.2540833558887;1.4871790909865012509e-08;
2169144.6096403929405;1.5178278189864613523e-08;
2169477.9651974299923;1.5464653557728524902e-08;
2169811.320754467044;1.6869606156433292199e-08;
2170144.6763115040958;1.8989123162782561849e-08;
2170478.0318685411476;2.372398633099237486e-08;
2170811.3874255781993;8.583580779486510437e-08;
2171144.7429826152511;5.0419238561971724266e-08;
2171478.0985396523029;2.2624309536922737607e-08;
2171811.4540966893546;1.7809210106634054682e-08;
2172144.8096537264064;1.6642539790723276383e-08;
2172478.1652107634582;1.5295141153615077201e-08;
2172811.5207678005099;1.5084154370015312452e-08;
2173144.8763248375617;1.5334880032469300204e-08;
2173478.2318818746135;1.489286294287239798e-08;
2173811.5874389116652;1.4580043838918754773e-08;
2174144.942995948717;1.4968140504834082094e-08;
2174478.2985529857688;1.456307252567512478e-08;
2174811.6541100228205;2.0334292472057313717e-08;
2175145.0096670598723;1.5362489946824098297e-08;
2175478.3652240969241;1.5040599876670057711e-08;
2175811.7207811339758;1.4252397484426637675e-08;
2176145.0763381710276;1.5995498259258056351e-08;
2176478.4318952080794;1.4528882097408768459e-08;
2176811.7874522451311;1.5161756294901351794e-08;
2177145.1430092821829;1.4947355353456259763e-08;
2177478.4985663192347;1.4300249873144821322e-08;
2177811.8541233562864;1.4364907485742151039e-08;
2178145.2096803933382;1.4286388960726981168e-08;
2178478.56523743039;1.42206602049554931e-08;
2178811.9207944674417;1.46327225891695889e-08;
2179145.2763515044935;1.4718858132312107045e-08;
2179478.6319085415453;1.7970180010706826579e-08;
2179811.987465578597;1.9375494986206831527e-08;
2180145.3430226156488;1.5630057248472439824e-08;
2180478.6985796527006;1.398810223207647141e-08;
2180812.0541366897523;1.3970887557945843582e-08;
2181145.4096937268041;1.4703791961778733821e-08;
2181478.7652507638559;1.3830401712766615674e-08;
2181812.1208078009076;1.4529469183344190242e-08;
2182145.4763648379594;1.4271765103046618606e-08;
2182478.8319218750112;1.4002411674596260127e-08;
2182812.1874789120629;1.3663672859820508165e-08;
2183145.5430359491147;1.3977711432744399644e-08;
2183478.8985929861665;1.4525462610492922977e-08;
2183812.2541500232182;1.3862242020934445463e-08;
2184145.60970706027;1.4730110464711287932e-08;
2184478.9652640973218;1.3639259499598210823e-08;
2184812.3208211343735;1.3947615506992860901e-08;
2185145.6763781714253;1.4735778819385814131e-08;
2185479.0319352084771;1.4147178539758442639e-08;
2185812.3874922455288;1.334533816788052718e-08;
2186145.7430492825806;1.3707309065580375318e-08;
2186479.0986063196324;1.3650621077943014825e-08;
2186812.4541633566841;1.3635857776250759343e-08;
2187145.8097203937359;1.4378717771990068286e-08;
2187479.1652774307877;1.421534001622148935e-08;
2187812.5208344678394;1.3661536790721129364e-08;
2188145.8763915048912;1.3919319030719634611e-08;
2188479.231948541943;1.4461046582425751694e-08;
2188812.5875055789948;1.4277431681364305405e-08;
2189145.9430626160465;1.3685990118972313212e-08;
2189479.2986196530983;1.3919123631467300584e-08;
2189812.6541766901501;1.4912393098143184034e-08;
2190146.0097337272018;1.3946928945074432704e-08;
2190479.3652907642536;1.4712654206050501671e-08;
2190812.7208478013054;1.3808382881563829869e-08;
2191146.0764048383571;1.3595076175931808393e-08;
2191479.4319618754089;1.3780127261497909785e-08;
2191812.7875189124607;1.3864239534200351045e-08;
2192146.1430759495124;1.4411213555831636768e-08;
2192479.4986329865642;1.3867625270336247922e-08;
2192812.854190023616;1.4446674967416583968e-08;
2193146.2097470606677;1.3452909009004088148e-08;
2193479.5653040977195;1.3288466327310288762e-08;
2193812.9208611347713;1.3643165708288051974e-08;
2194146.276418171823;1.4827469030365136859e-08;
2194479.6319752088748;1.4452132823805641237e-08;
2194812.9875322459266;1.3662089237698182842e-08;
2195146.3430892829783;1.407434968569987177e-08;
2195479.6986463200301;1.5770250882951586391e-08;
2195813.0542033570819;1.7655853667974952259e-08;
2196146.4097603941336;1.495775769910778763e-08;
2196479.7653174311854;1.4310327145494738943e-08;
2196813.1208744682372;1.3660576669849433529e-08;
2197146.4764315052889;1.4209023291300582059e-08;
2197479.8319885423407;1.4096643852212764614e-08;
2197813.1875455793925;1.4155109084867945057e-08;
2198146.5431026164442;1.4787228330703783286e-08;
2198479.898659653496;1.3913892260575266846e-08;
2198813.2542166905478;1.4237582668386039586e-08;
2199146.6097737275995;1.5059423930097182165e-08;
2199479.9653307646513;1.4006840132196884952e-08;
2199813.3208878017031;1.3602242887600368704e-08;
2200146.6764448387548;1.3835432355335797183e-08;
2200480.0320018758066;1.3640169882478403451e-08;
2200813.3875589128584;1.4711930340638446069e-08;
2201146.7431159499101;1.4087014221786375856e-08;
2201480.0986729869619;1.4757072896998124634e-08;
2201813.4542300240137;1.3886347183245106862e-08;
2202146.8097870610654;1.3750311111948576581e-08;
2202480.1653440981172;1.3986554137090934091e-08;
2202813.520901135169;1.3732278425493404939e-08;
2203146.8764581722207;1.4372202983281567867e-08;
2203480.2320152092725;1.4654641056210948591e-08;
2203813.5875722463243;1.4743987364340682689e-08;
2204146.943129283376;1.4316939633829406375e-08;
2204480.2986863204278;1.5017102228398471198e-08;
2204813.6542433574796;1.4207775400620903383e-08;
2205147.0098003945313;1.4263618730581129057e-08;
2205480.3653574315831;1.5261189645343620214e-08;
2205813.7209144686349;1.7082864900430649868e-08;
2206147.0764715056866;2.5659915081632789224e-08;
2206480.4320285427384;8.2124685718554246705e-08;
2206813.7875855797902;3.3987216596642610966e-08;
2207147.1431426168419;1.9892949509880963888e-08;
2207480.4986996538937;1.6662403012901449983e-08;
2207813.8542566909455;1.4456778885119092593e-08;
2208147.2098137279972;1.3979037483125011931e-08;
2208480.565370765049;1.3420664579655294801e-08;
2208813.9209278021008;1.3170289747677088599e-08;
2209147.2764848391525;1.3007268151454809413e-08;
2209480.6320418762043;1.3029795020713663689e-08;
2209813.9875989132561;1.3282188682239848276e-08;
2210147.3431559503078;1.285100381664960878e-08;
2210480.6987129873596;1.2603128318744438729e-08;
2210814.0542700244114;1.2497345380779734114e-08;
2211147.4098270614631;1.2123522630247407506e-08;
2211480.7653840985149;1.2350612976774755225e-08;
2211814.1209411355667;1.2201809340695035644e-08;
2212147.4764981726184;1.2161876838945318013e-08;
2212480.8320552096702;1.3190781800176409888e-08;
2212814.187612246722;1.3145625921140435821e-08;
2213147.5431692837738;1.2901741008874978434e-08;
2213480.8987263208255;1.2238626112548445235e-08;
2213814.2542833578773;1.2581736541505961213e-08;
2214147.6098403949291;1.2633918800020182971e-08;
2214480.9653974319808;1.3230140538667001238e-08;
2214814.3209544690326;1.2574731478309786326e-08;
2215147.6765115060844;1.2345580557848734315e-08;
2215481.0320685431361;1.2807866767161613097e-08;
2215814.3876255801879;1.2569961072017576953e-08;
2216147.7431826172397;1.3629414929994254635e-08;
2216481.0987396542914;1.3578344670861497434e-08;
2216814.4542966913432;1.3304022772331336455e-08;
2217147.809853728395;1.7271855057288121316e-08;
2217481.1654107654467;1.3140869725702941651e-08;
2217814.5209678024985;1.2570402496692167915e-08;
2218147.8765248395503;1.2240110258687764144e-08;
2218481.232081876602;1.2146183614447636501e-08;
2218814.5876389136538;1.2609616462100348144e-08;
2219147.9431959507056;1.3295004208657701383e-08;
2219481.2987529877573;1.2733965881750464177e-08;
2219814.6543100248091;1.1559733614774359012e-08;
2220148.0098670618609;1.18717089492292871e-08;
2220481.3654240989126;1.3139599630562770471e-08;
2220814.7209811359644;1.213426159552000172e-08;
2221148.0765381730162;1.2666074411527006305e-08;
2221481.4320952100679;1.2991533182571401994e-08;
2221814.7876522471197;1.3512691410255683877e-08;
2222148.1432092841715;1.2530848358949242538e-08;
2222481.4987663212232;1.3015450939235506667e-08;
2222814.854323358275;1.2599276288938199286e-08;
2223148.2098803953268;1.2740096089203234442e-08;
2223481.5654374323785;1.239689240151164995e-08;
2223814.9209944694303;1.2549794092819865909e-08;
2224148.2765515064821;1.3220684991210873704e-08;
2224481.6321085435338;1.2904959767467971687e-08;
2224814.9876655805856;1.2639623570009916875e-08;
2225148.3432226176374;1.3348948613156608189e-08;
2225481.6987796546891;1.225525725345733008e-08;
2225815.0543366917409;1.2707395136146715231e-08;
2226148.4098937287927;1.1934817578662659798e-08;
2226481.7654507658444;1.1972827174133726658e-08;
2226815.1210078028962;1.2205389587904846849e-08;
2227148.476564839948;1.2762586543146881013e-08;
2227481.8321218769997;1.1839988545148116827e-08;
2227815.1876789140515;1.222674317347127726e-08;
2228148.5432359511033;1.2257927117786948656e-08;
2228481.898792988155;1.2569143947871452838e-08;
2228815.2543500252068;1.2468420962363779836e-08;
2229148.6099070622586;1.1883352080133136042e-08;
2229481.9654640993103;1.1904162100506709976e-08;
2229815.3210211363621;1.1662762311459573539e-08;
2230148.6765781734139;1.2686428796371274075e-08;
2230482.0321352104656;1.2086351475204537564e-08;
2230815.3876922475174;1.2042669972345265705e-08;
2231148.7432492845692;1.2268268179127517215e-08;
2231482.0988063216209;1.2210794153588722111e-08;
2231815.4543633586727;1.2396151660709620046e-08;
2232148.8099203957245;1.3218826921956861042e-08;
2232482.1654774327762;1.4491971178642870655e-08;
2232815.521034469828;1.3058874870353065489e-08;
2233148.8765915068798;1.2589496556358881207e-08;
2233482.2321485439315;1.2672240146116564574e-08;
2233815.5877055809833;1.2279393502012680983e-08;
2234148.9432626180351;1.3932652365156172891e-08;
2234482.2988196550868;1.3228862449921052757e-08;
2234815.6543766921386;1.1913953379405484156e-08;
2235149.0099337291904;1.1358633145164276357e-08;
2235482.3654907662421;1.2868195398141324404e-08;
2235815.7210478032939;1.2219077305530845479e-08;
2236149.0766048403457;1.1520424614275270869e-08;
2236482.4321618773974;1.2186920805845602445e-08;
2236815.7877189144492;1.261823712184195756e-08;
2237149.143275951501;1.1925575194027260295e-08;
2237482.4988329885527;1.213185285564577498e-08;
2237815.8543900256045;1.2316098363385208359e-08;
2238149.2099470626563;1.2671438121003575361e-08;
2238482.5655040997081;1.2458108322732641682e-08;
2238815.9210611367598;1.5416940613022234174e-08;
2239149.2766181738116;1.1719489378947400837e-08;
2239482.6321752108634;1.2174060870506764331e-08;
2239815.9877322479151;1.2174680819043715019e-08;
2240149.3432892849669;1.2368830404341224494e-08;
2240482.6988463220187;1.2290357176425459329e-08;
2240816.0544033590704;1.3180913249755121797e-08;
2241149.4099603961222;1.3551059829808309587e-08;
2241482.765517433174;1.6422310622488112131e-08;
2241816.1210744702257;2.8245141336924461939e-08;
2242149.4766315072775;6.21734557171294e-08;
2242482.8321885443293;2.219014305637756479e-08;
2242816.187745581381;1.5634093131211557193e-08;
2243149.5433026184328;1.383285574974024712e-08;
2243482.8988596554846;1.2939102234099664201e-08;
2243816.2544166925363;1.2542102467705262825e-08;
2244149.6099737295881;1.2701480756049932097e-08;
2244482.9655307666399;1.2006252880780721171e-08;
2244816.3210878036916;1.1885522788190883148e-08;
2245149.6766448407434;1.1824357493139814324e-08;
2245483.0322018777952;1.2297851625930888986e-08;
2245816.3877589148469;1.2436525587133928639e-08;
2246149.7433159518987;1.2666897752922068321e-08;
2246483.0988729889505;1.2476703226127483504e-08;
2246816.4544300260022;1.2185529918440352048e-08;
2247149.809987063054;1.1985306080930513417e-08;
2247483.1655441001058;1.1895152418617271906e-08;
2247816.5211011371575;1.2918910385906201554e-08;
2248149.8766581742093;1.2187006959152313357e-08;
2248483.2322152112611;1.2208841937422221235e-08;
2248816.5877722483128;1.2009649275057654449e-08;
2249149.9433292853646;1.2853239361731993995e-08;
2249483.2988863224164;1.2302107776918091986e-08;
2249816.6544433594681;1.3548798527551753068e-08;
2250150.0100003965199;1.3148581778921197838e-08;
2250483.3655574335717;1.2184480979726686201e-08;
2250816.7211144706234;1.2118114511849853443e-08;
2251150.0766715076752;1.2408571059552286897e-08;
2251483.432228544727;1.1428045176842260844e-08;
2251816.7877855817787;1.1912572261962850462e-08;
2252150.1433426188305;1.1438689995202366845e-08;
2252483.4988996558823;1.2185208397852420603e-08;
2252816.854456692934;1.1817608225328513072e-08;
2253150.2100137299858;1.2481657485352570802e-08;
2253483.5655707670376;1.2157411966029485484e-08;
2253816.9211278040893;1.2180714215048737969e-08;
2254150.2766848411411;1.1361805718479445204e-08;
2254483.6322418781929;1.2650441583161864401e-08;
2254816.9877989152446;1.211490019414895869e-08;
2255150.3433559522964;1.1597017568476530869e-08;
2255483.6989129893482;1.2060539233971212525e-08;
2255817.0544700263999;1.1491237295047085354e-08;
2256150.4100270634517;1.2124864667839574395e-08;
2256483.7655841005035;1.2059627962912600196e-08;
2256817.1211411375552;1.2116943892692688678e-08;
2257150.476698174607;1.1570298497076692001e-08;
2257483.8322552116588;1.103617108810794889e-08;
2257817.1878122487105;1.2338100319198019861e-08;
2258150.5433692857623;1.1912990593998529221e-08;
2258483.8989263228141;1.1707760094736840983e-08;
2258817.2544833598658;1.2308679409045453212e-08;
2259150.6100403969176;1.2412625594038217969e-08;
2259483.9655974339694;1.2185293662980711815e-08;
2259817.3211544710211;1.1611348327278392389e-08;
2260150.6767115080729;1.2142364447242925962e-08;
2260484.0322685451247;1.1854536019484385179e-08;
2260817.3878255821764;1.2157048701055828133e-08;
2261150.7433826192282;1.1583436432260896254e-08;
2261484.09893965628;1.134297988869548135e-08;
2261817.4544966933317;1.357541101754122792e-08;
2262150.8100537303835;1.3458676839661620761e-08;
2262484.1656107674353;1.1834061730553457892e-08;
2262817.521167804487;1.1525809640033912729e-08;
2263150.8767248415388;1.1698651825042816199e-08;
2263484.2322818785906;1.2279739003417944332e-08;
2263817.5878389156424;1.2144519168089118466e-08;
2264150.9433959526941;1.4314425200723235321e-08;
2264484.2989529897459;1.7779607119905449508e-08;
2264817.6545100267977;1.4166278816674093832e-08;
2265151.0100670638494;1.3059264780679313844e-08;
2265484.3656241009012;1.217440281919834888e-08;
2265817.721181137953;1.1737414595813788765e-08;
2266151.0767381750047;1.1946354128156144725e-08;
2266484.4322952120565;1.2196966103772410861e-08;
2266817.7878522491083;1.1205686156756655691e-08;
2267151.14340928616;1.1884583095422840415e-08;
2267484.4989663232118;1.127355009344910286e-08;
2267817.8545233602636;1.1792142373678871081e-08;
2268151.2100803973153;1.2032836949060765619e-08;
2268484.5656374343671;1.2222082901303110702e-08;
2268817.9211944714189;1.1536140043233444885e-08;
2269151.2767515084706;1.1663356502822352923e-08;
2269484.6323085455224;1.137574656695505837e-08;
2269817.9878655825742;1.2417271655351669324e-08;
2270151.3434226196259;1.1392605969717806147e-08;
2270484.6989796566777;1.1407064626212104486e-08;
2270818.0545366937295;1.2661736548125190893e-08;
2271151.4100937307812;1.1742322669761051657e-08;
2271484.765650767833;1.1898475094085370074e-08;
2271818.1212078048848;1.1888697137862891395e-08;
2272151.4767648419365;1.191504139796961681e-08;
2272484.8323218789883;1.1585735926189499878e-08;
2272818.1878789160401;1.1681257738871408947e-08;
2273151.5434359530918;1.1877236971713500679e-08;
2273484.8989929901436;1.1171780833763023111e-08;
2273818.2545500271954;1.1410532074762613775e-08;
2274151.6101070642471;1.183447739805387755e-08;
2274484.9656641012989;1.1981537539895725786e-08;
2274818.3212211383507;1.3426725509191328456e-08;
2275151.6767781754024;1.2875092103570295876e-08;
2275485.0323352124542;1.1526700482988871954e-08;
2275818.387892249506;1.2077988387204641185e-08;
2276151.7434492865577;1.2322396436559301947e-08;
2276485.0990063236095;1.2806516735963668907e-08;
2276818.4545633606613;1.3143709232110722951e-08;
2277151.810120397713;1.4568318107421873719e-08;
2277485.1656774347648;3.1007047596176562365e-08;
2277818.5212344718166;3.5340498527602903778e-08;
2278151.8767915088683;1.6887218734495945682e-08;
2278485.2323485459201;1.4574641049591718911e-08;
2278818.5879055829719;1.2543667438080774446e-08;
2279151.9434626200236;1.2435434015856117185e-08;
2279485.2990196570754;1.2503582169642868394e-08;
2279818.6545766941272;1.1082351925040256901e-08;
2280152.0101337311789;1.2121520676089403423e-08;
2280485.3656907682307;1.1794980103729812981e-08;
2280818.7212478052825;1.228455026591745991e-08;
2281152.0768048423342;1.1921595266528584034e-08;
2281485.432361879386;1.1132715194150932803e-08;
2281818.7879189164378;1.1261415799879159749e-08;
2282152.1434759534895;1.2013384065312493476e-08;
2282485.4990329905413;1.1803769517371165421e-08;
2282818.8545900275931;1.1585939319047611207e-08;
2283152.2101470646448;1.2075273225775617902e-08;
2283485.5657041016966;1.1343577632771939534e-08;
2283818.9212611387484;1.179050546085136375e-08;
2284152.2768181758001;1.3355469619114046509e-08;
2284485.6323752128519;1.1948768197100889665e-08;
2284818.9879322499037;1.1651786202548919391e-08;
2285152.3434892869554;1.2098268165061654145e-08;
2285485.6990463240072;1.2508612812212049903e-08;
2285819.054603361059;1.263078974744757943e-08;
2286152.4101603981107;1.252880199587025345e-08;
2286485.7657174351625;1.211362299358142991e-08;
2286819.1212744722143;1.2799274529129434086e-08;
2287152.476831509266;1.2529109305603469693e-08;
2287485.8323885463178;1.235369495589111466e-08;
2287819.1879455833696;1.171234753627459213e-08;
2288152.5435026204214;1.2945058358582173241e-08;
2288485.8990596574731;1.2143559047217422631e-08;
2288819.2546166945249;1.1741146721533368691e-08;
2289152.6101737315767;1.2114921510431031493e-08;
2289485.9657307686284;1.1945074263053356844e-08;
2289819.3212878056802;1.2189104836579645053e-08;
2290152.676844842732;1.2466055743232118402e-08;
2290486.0324018797837;1.3108267360451009154e-08;
2290819.3879589168355;1.2478741595600695291e-08;
2291152.7435159538873;1.2482118449952395167e-08;
2291486.099072990939;1.2274433025538655784e-08;
2291819.4546300279908;1.2298607465766053792e-08;
2292152.8101870650426;1.9740921786137732852e-08;
2292486.1657441020943;1.2389707038096275937e-08;
2292819.5213011391461;1.267575733265857707e-08;
2293152.8768581761979;1.2036811547488923679e-08;
2293486.2324152132496;1.3513166585710223444e-08;
2293819.5879722503014;2.7271713776144679287e-08;
2294152.9435292873532;1.259270465681083806e-08;
2294486.2990863244049;1.2417096684202988399e-08;
2294819.6546433614567;1.1999505389326259319e-08;
2295153.0102003985085;1.1952105971602122736e-08;
2295486.3657574355602;1.272866523294169383e-08;
2295819.721314472612;1.3247188235254725441e-08;
2296153.0768715096638;1.3842919699413869239e-08;
2296486.4324285467155;1.1853557246865875641e-08;
2296819.7879855837673;1.2570270158107632597e-08;
2297153.1435426208191;1.3599494863569816516e-08;
2297486.4990996578708;1.3088892636403670622e-08;
2297819.8546566949226;1.2970713392235211359e-08;
2298153.2102137319744;1.1981348357892329659e-08;
2298486.5657707690261;1.2389402392898318794e-08;
2298819.9213278060779;1.2497126000710068183e-08;
2299153.2768848431297;1.2276201388772278733e-08;
2299486.6324418801814;1.1536768873554592574e-08;
2299819.9879989172332;1.1528118015746713354e-08;
2300153.343555954285;1.2737097598858326819e-08;
2300486.6991129913367;1.2363812196269918786e-08;
2300820.0546700283885;1.2108538172128646693e-08;
2301153.4102270654403;1.214533007498630468e-08;
2301486.765784102492;1.342448463503842504e-08;
2301820.1213411395438;1.3087329442384998401e-08;
2302153.4768981765956;1.5841360223589617817e-08;
2302486.8324552136473;1.8261497203297949454e-08;
2302820.1880122506991;1.5843614420418816735e-08;
2303153.5435692877509;1.2504416169178966811e-08;
2303486.8991263248026;1.1951035716606384085e-08;
2303820.2546833618544;1.1983137149229605711e-08;
2304153.6102403989062;1.3723813196975243045e-08;
2304486.9657974359579;1.2535957161219357658e-08;
2304820.3213544730097;1.2558968975895368203e-08;
2305153.6769115100615;1.1663828125563213689e-08;
2305487.0324685471132;1.4305777007450615201e-08;
2305820.388025584165;1.3666265452627612831e-08;
2306153.7435826212168;1.9330888889612651838e-08;
2306487.0991396582685;2.0756527163712235051e-08;
2306820.4546966953203;1.2848656361086341349e-08;
2307153.8102537323721;1.1954037759664970508e-08;
2307487.1658107694238;1.1616918094148331875e-08;
2307820.5213678064756;1.26738424199857036e-08;
2308153.8769248435274;1.2082338685104332399e-08;
2308487.2324818805791;1.1732837812417074019e-08;
2308820.5880389176309;1.1956537093738006661e-08;
2309153.9435959546827;1.1628761065196613345e-08;
2309487.2991529917344;1.21355405724443699e-08;
2309820.6547100287862;1.1981222236556732241e-08;
2310154.010267065838;1.1653567000280418142e-08;
2310487.3658241028897;1.195093091155285947e-08;
2310820.7213811399415;1.1949713218939450599e-08;
2311154.0769381769933;1.2058992027164094907e-08;
2311487.432495214045;1.2033027019242581446e-08;
2311820.7880522510968;1.1213484363281622791e-08;
2312154.1436092881486;1.2498201584776325035e-08;
2312487.4991663252003;1.3216295613460715686e-08;
2312820.8547233622521;1.4803212877723126439e-08;
2313154.2102803993039;2.9157524394918254984e-08;
2313487.5658374363557;2.5929805858027066279e-08;
2313820.9213944734074;1.5736100422714116576e-08;
2314154.2769515104592;1.3101706386464684329e-08;
2314487.632508547511;1.1625635565337688604e-08;
2314820.9880655845627;1.2149128814087362116e-08;
2315154.3436226216145;1.1699124335962096666e-08;
2315487.6991796586663;1.1801633448271786619e-08;
2315821.054736695718;1.1174783765000029234e-08;
2316154.4102937327698;1.1253169063252244086e-08;
2316487.7658507698216;1.1764084817400544125e-08;
2316821.1214078068733;1.1522711673705998692e-08;
2317154.4769648439251;1.1533951571607303777e-08;
2317487.8325218809769;1.15284422008699039e-08;
2317821.1880789180286;1.19475931370516264e-08;
2318154.5436359550804;1.1319729154024571471e-08;
2318487.8991929921322;1.1557114376614663342e-08;
2318821.2547500291839;1.1234779329072352994e-08;
2319154.6103070662357;1.1753735762454198266e-08;
2319487.9658641032875;1.1827910206818614824e-08;
2319821.3214211403392;1.2726652620642653346e-08;
2320154.676978177391;1.7747902703035833838e-08;
2320488.0325352144428;1.8432803727819191408e-08;
2320821.3880922514945;1.2533864612862544163e-08;
2321154.7436492885463;1.1431337654244089208e-08;
2321488.0992063255981;1.1624593732051380357e-08;
2321821.4547633626498;1.1491217755121851951e-08;
2322154.8103203997016;1.1052721404780641024e-08;
2322488.1658774367534;1.1115381504112065159e-08;
2322821.5214344738051;1.2368960966568920412e-08;
2323154.8769915108569;1.1988570136622911377e-08;
2323488.2325485479087;1.1067254668262194173e-08;
2323821.5881055849604;1.1448138437231136777e-08;
2324154.9436626220122;1.1401855459780563251e-08;
2324488.299219659064;1.1107982977875963115e-08;
2324821.6547766961157;1.1644766928498029301e-08;
2325155.0103337331675;1.1236990005158986605e-08;
2325488.3658907702193;1.0886552992417364294e-08;
2325821.721447807271;1.1783651387986537884e-08;
2326155.0770048443228;1.3734690718081310479e-08;
2326488.4325618813746;1.6252263534966004954e-08;
2326821.7881189184263;1.4493752864552789106e-08;
2327155.1436759554781;1.2056704967733367084e-08;
2327488.4992329925299;1.1503275665347700851e-08;
2327821.8547900295816;1.1549625256179751887e-08;
2328155.2103470666334;1.1892081097641948872e-08;
2328488.5659041036852;1.0971875852305856824e-08;
2328821.9214611407369;1.0199149969025711471e-08;
2329155.2770181777887;1.0373652159501034475e-08;
2329488.6325752148405;1.046226838496977507e-08;
2329821.9881322518922;1.0954985363298419543e-08;
2330155.343689288944;1.1392385701469720516e-08;
2330488.6992463259958;1.0546989059889710916e-08;
2330822.0548033630475;1.0825468521602488181e-08;
2331155.4103604000993;1.0965209185087587684e-08;
2331488.7659174371511;1.0426068008939637366e-08;
2331822.1214744742028;1.0826248342254984891e-08;
2332155.4770315112546;1.1438127778262696665e-08;
2332488.8325885483064;1.0330787780787886732e-08;
2332822.1881455853581;1.1482359063563762902e-08;
2333155.5437026224099;1.279916173047013217e-08;
2333488.8992596594617;1.1364660323920361407e-08;
2333822.2548166965134;1.0991708876417760621e-08;
2334155.6103737335652;1.0784487969317524403e-08;
2334488.965930770617;1.0929918303759222908e-08;
2334822.3214878076687;1.1547069078687854926e-08;
2335155.6770448447205;1.063120080857515859e-08;
2335489.0326018817723;1.0792713389662367263e-08;
2335822.388158918824;1.1452685022561581718e-08;
2336155.7437159558758;1.1377345288110518595e-08;
2336489.0992729929276;1.1343657568829712545e-08;
2336822.4548300299793;1.3051099756467010593e-08;
2337155.8103870670311;1.2700477114435670956e-08;
2337489.1659441040829;1.166333607471869982e-08;
2337822.5215011411346;1.0580317955088958115e-08;
2338155.8770581781864;1.1372748964788570447e-08;
2338489.2326152152382;1.0401334904486247979e-08;
2338822.58817225229;1.0140639439271126321e-08;
2339155.9437292893417;1.0593076638087950414e-08;
2339489.2992863263935;1.0174383113792373479e-08;
2339822.6548433634453;1.0438457209716034413e-08;
2340156.010400400497;1.0827484686615207465e-08;
2340489.3659574375488;1.0657959848003883963e-08;
2340822.7215144746006;1.1226217289106443786e-08;
2341156.0770715116523;1.1333956884129747777e-08;
2341489.4326285487041;1.0968002506217544578e-08;
2341822.7881855857559;1.0167807040772913751e-08;
2342156.1437426228076;1.0436770558897023875e-08;
2342489.4992996598594;1.1185507631239488546e-08;
2342822.8548566969112;1.006659022806388748e-08;
2343156.2104137339629;1.0469897837594999146e-08;
2343489.5659707710147;1.0857598375935140211e-08;
2343822.9215278080665;1.1004247291168667289e-08;
2344156.2770848451182;1.0556813201390014001e-08;
2344489.63264188217;1.046780173652450685e-08;
2344822.9881989192218;1.06170912061998024e-08;
2345156.3437559562735;1.1096534358046028501e-08;
2345489.6993129933253;1.0316496990014911717e-08;
2345823.0548700303771;1.0310753140174711007e-08;
2346156.4104270674288;1.0382458448532361217e-08;
2346489.7659841044806;1.0307474873627597844e-08;
2346823.1215411415324;1.0559280561039940949e-08;
2347156.4770981785841;1.0361048907725489698e-08;
2347489.8326552156359;1.1708788605346853728e-08;
2347823.1882122526877;1.2074848676491001243e-08;
2348156.5437692897394;1.1617387940532353241e-08;
2348489.8993263267912;1.6887188536429675878e-08;
2348823.254883363843;4.0000767143055782071e-08;
2349156.6104404008947;2.1990560483686749649e-08;
2349489.9659974379465;1.388271275715169395e-08;
2349823.3215544749983;1.215433709234048365e-08;
2350156.67711151205;1.0976541453544541582e-08;
2350490.0326685491018;1.1218686424285806424e-08;
2350823.3882255861536;1.0827884366904072522e-08;
2351156.7437826232053;1.1151721324154095782e-08;
2351490.0993396602571;1.1134142496871390904e-08;
2351823.4548966973089;1.1128119759007404355e-08;
2352156.8104537343606;1.1147039735703856422e-08;
2352490.1660107714124;1.109922465047930018e-08;
2352823.5215678084642;1.0526812310729383171e-08;
2353156.8771248455159;1.1217365702975712338e-08;
2353490.2326818825677;1.0919497306360881339e-08;
2353823.5882389196195;1.0614200185443678492e-08;
2354156.9437959566712;1.1062531335426228907e-08;
2354490.299352993723;9.92680249112254387e-09;
2354823.6549100307748;1.084787548677468294e-08;
2355157.0104670678265;1.1151525036723342055e-08;
2355490.3660241048783;1.104092195447492486e-08;
2355823.7215811419301;1.1038711278388291248e-08;
2356157.0771381789818;1.1249986719974458538e-08;
2356490.4326952160336;1.0722563281717611972e-08;
2356823.7882522530854;1.0842883924055968237e-08;
2357157.1438092901371;1.15383702592453119e-08;
2357490.4993663271889;1.0196014699204170029e-08;
2357823.8549233642407;1.091318857504575135e-08;
2358157.2104804012924;1.0609353395807374909e-08;
2358490.5660374383442;9.9355608185192068049e-09;
2358823.921594475396;1.0714786391474717675e-08;
2359157.2771515124477;1.0758960833356923104e-08;
2359490.6327085494995;1.0321935306478735583e-08;
2359823.9882655865513;1.0544506601206649066e-08;
2360157.343822623603;1.0102269243361661211e-08;
2360490.6993796606548;1.0588610876993698184e-08;
2360824.0549366977066;9.931738986779237166e-09;
2361157.4104937347583;9.9698471700548907393e-09;
2361490.7660507718101;1.0592090760042083275e-08;
2361824.1216078088619;1.0777877257339696371e-08;
2362157.4771648459136;1.0045073217668232246e-08;
2362490.8327218829654;9.9387200691580801504e-09;
2362824.1882789200172;1.0588090404439753911e-08;
2363157.5438359570689;1.0009473250249811827e-08;
2363490.8993929941207;1.0228972335823982576e-08;
2363824.2549500311725;1.0179549647659769107e-08;
2364157.6105070682243;1.072808331059604825e-08;
2364490.966064105276;1.0265623906491327944e-08;
2364824.3216211423278;1.0292836805092520081e-08;
2365157.6771781793796;9.8930286185350269079e-09;
2365491.0327352164313;9.8734611597706134489e-09;
2365824.3882922534831;1.07490043532720847e-08;
2366157.7438492905349;1.0310735376606317004e-08;
2366491.0994063275866;1.062567456244778441e-08;
2366824.4549633646384;1.2658956549671529501e-08;
2367157.8105204016902;1.0729383603802489233e-08;
2367491.1660774387419;1.0846408216025338334e-08;
2367824.5216344757937;1.1062045501830652938e-08;
2368157.8771915128455;1.10561000354891803e-08;
2368491.2327485498972;1.0705924147202949825e-08;
2368824.588305586949;1.0157541474598019704e-08;
2369157.9438626240008;1.1251944265211477614e-08;
2369491.2994196610525;1.0408188977351073845e-08;
2369824.6549766981043;1.0623248059005163668e-08;
2370158.0105337351561;1.0708406605886011675e-08;
2370491.3660907722078;1.0373797820761865296e-08;
2370824.7216478092596;9.8675831949890380201e-09;
2371158.0772048463114;1.0892713397936404363e-08;
2371491.4327618833631;1.1140051547897655837e-08;
2371824.7883189204149;1.3881396476733698364e-08;
2372158.1438759574667;1.5482784831988283258e-08;
2372491.4994329945184;1.2938328630696105392e-08;
2372824.8549900315702;1.1273787237087162794e-08;
2373158.210547068622;1.0722657428630100185e-08;
2373491.5661041056737;1.1200726568461050192e-08;
2373824.9216611427255;1.1217543338659652363e-08;
2374158.2772181797773;1.1118916454222471657e-08;
2374491.632775216829;1.0781627146627670299e-08;
2374824.9883322538808;1.1814266009935181501e-08;
2375158.3438892909326;1.0981691112021962908e-08;
2375491.6994463279843;1.1802691268769649469e-08;
2375825.0550033650361;1.198958088366453012e-08;
2376158.4105604020879;1.1677093070261435059e-08;
2376491.7661174391396;1.2053400944012082618e-08;
2376825.1216744761914;1.1742178784857060236e-08;
2377158.4772315132432;1.1798068300095110317e-08;
2377491.8327885502949;1.2808744287440276821e-08;
2377825.1883455873467;1.4410099780093332811e-08;
2378158.5439026243985;2.1526654236936337838e-08;
2378491.8994596614502;2.9185761363237361365e-08;
2378825.255016698502;1.4700046513382858393e-08;
2379158.6105737355538;1.2682462191548893315e-08;
2379491.9661307726055;1.1253683318557250459e-08;
2379825.3216878096573;1.0852945209194331255e-08;
2380158.6772448467091;1.1771982499908517639e-08;
2380492.0328018837608;1.084318856925392538e-08;
2380825.3883589208126;1.0693199214983906131e-08;
2381158.7439159578644;1.0646320269813713821e-08;
2381492.0994729949161;1.0879441347810825391e-08;
2381825.4550300319679;1.0554124685313581722e-08;
2382158.8105870690197;1.1197638372095752857e-08;
2382492.1661441060714;1.1392385701469720516e-08;
2382825.5217011431232;1.0947712958397914917e-08;
2383158.877258180175;1.1562577562074238813e-08;
2383492.2328152172267;1.1915125774919488322e-08;
2383825.5883722542785;1.433385143911891646e-08;
2384158.9439292913303;2.1693729479466128396e-08;
2384492.299486328382;4.995039759592145856e-08;
2384825.6550433654338;1.9309743137796431256e-08;
2385159.0106004024856;1.3415596633592485887e-08;
2385492.3661574395373;1.2070904276129112986e-08;
2385825.7217144765891;1.1144318357025895239e-08;
2386159.0772715136409;1.1327188964571632823e-08;
2386492.4328285506926;1.0791480598015823489e-08;
2386825.7883855877444;1.0949309903196535743e-08;
2387159.1439426247962;1.0849342757524027547e-08;
2387492.4994996618479;1.1715063585882035113e-08;
2387825.8550566988997;1.6002609015686175553e-08;
2388159.2106137359515;2.9186018934979074402e-08;
2388492.5661707730033;1.4162347738988501078e-08;
2388825.921727810055;1.2031230234299528092e-08;
2389159.2772848471068;1.0822654772368878184e-08;
2389492.6328418841586;1.0379868520260515652e-08;
2389825.9883989212103;1.0815337070368968853e-08;
2390159.3439559582621;1.2439366869898549339e-08;
2390492.6995129953139;1.7824140385869213787e-08;
2390826.0550700323656;1.961629614299909008e-08;
2391159.4106270694174;2.0945497780644473096e-08;
2391492.7661841064692;1.6596469976093430887e-08;
2391826.1217411435209;1.1457776061263302836e-08;
2392159.4772981805727;1.1704942792789552186e-08;
2392492.8328552176245;1.1065990790370960895e-08;
2392826.1884122546762;1.114702019577862302e-08;
2393159.543969291728;1.0413584661250752106e-08;
2393492.8995263287798;1.0942772021849123121e-08;
2393826.2550833658315;1.036567365275686825e-08;
2394159.6106404028833;9.6326955301151429012e-09;
2394492.9661974399351;1.0040168696434648155e-08;
2394826.3217544769868;1.0502799518974370585e-08;
2395159.6773115140386;1.0319868515296093392e-08;
2395493.0328685510904;9.9850261392475658795e-09;
2395826.3884255881421;1.0351024926080754085e-08;
2396159.7439826251939;1.0539265460351998627e-08;
2396493.0995396622457;1.0079967971421410766e-08;
2396826.4550966992974;1.0208793810306815431e-08;
2397159.8106537363492;1.0316387744069288601e-08;
2397493.166210773401;1.0256069771230613696e-08;
2397826.5217678104527;1.0319487486754042038e-08;
2398159.8773248475045;1.0523077520474544144e-08;
2398493.2328818845563;1.0076143475146182027e-08;
2398826.588438921608;1.0464418664923869073e-08;
2399159.9439959586598;1.004325600462152579e-08;
2399493.2995529957116;9.8618473387546146114e-09;
2399826.6551100327633;9.706793591135465249e-09;
2400160.0106670698151;1.1145199430018237763e-08;
2400493.3662241068669;1.0276756334803849313e-08;
2400826.7217811439186;1.0443207187904590683e-08;
2401160.0773381809704;1.1929262910825855215e-08;
2401493.4328952180222;1.7668327245701220818e-08;
2401826.7884522550739;1.8223202502554158855e-08;
2402160.1440092921257;1.217418965637762085e-08;
2402493.4995663291775;1.0153367036025429115e-08;
2402826.8551233662292;1.0758411939093548426e-08;
2403160.210680403281;1.0397480210144749435e-08;
2403493.5662374403328;9.9397849950833006005e-09;
2403826.9217944773845;9.7997787662507107598e-09;
2404160.2773515144363;1.0377024572960635851e-08;
2404493.6329085514881;9.7607602000948645582e-09;
2404826.9884655885398;1.0428302665843602881e-08;
2405160.3440226255916;9.9237862372092422447e-09;
2405493.6995796626434;1.0138449191288145812e-08;
2405827.0551366996951;1.0044543863330090971e-08;
2406160.4106937367469;9.4887102619622964994e-09;
2406493.7662507737987;9.8165777728809189284e-09;
2406827.1218078108504;1.0073454070891330048e-08;
2407160.4773648479022;9.7609484939198409847e-09;
2407493.832921884954;9.9234025441319317906e-09;
2407827.1884789220057;9.4759995405979680072e-09;
2408160.5440359590575;1.1005426792110029055e-08;
2408493.8995929961093;9.9542711851086096431e-09;
2408827.255150033161;1.0462874122652010556e-08;
2409160.6107070702128;1.0139464379221863055e-08;
2409493.9662641072646;1.0143311968136003998e-08;
2409827.3218211443163;1.0636505898276027438e-08;
2410160.6773781813681;1.0177975795500060485e-08;
2410494.0329352184199;1.0188601962113352783e-08;
2410827.3884922554716;9.9374632966942044732e-09;
2411160.7440492925234;1.0699776176181785559e-08;
2411494.0996063295752;1.0136899319945769093e-08;
2411827.4551633666269;1.0001159012062998954e-08;
2412160.8107204036787;1.0077914502915064077e-08;
2412494.1662774407305;1.0685556439682386554e-08;
2412827.5218344777822;1.0431674191124784556e-08;
2413160.877391514834;1.0139464379221863055e-08;
2413494.2329485518858;9.8266719206208108517e-09;
2413827.5885055889376;9.9729122737812758714e-09;
2414160.9440626259893;1.0571920228130693431e-08;
2414494.2996196630411;1.0131291361403782503e-08;
2414827.6551767000929;1.0622874135890469915e-08;
2415161.0107337371446;9.3918268717629871389e-09;
2415494.3662907741964;9.9577341927670204313e-09;
2415827.7218478112482;1.0512120951489123399e-08;
2416161.0774048482999;1.1294780222215194954e-08;
2416494.4329618853517;1.0082287893453667493e-08;
2416827.7885189224035;9.7891454942100608605e-09;
2417161.1440759594552;1.0210013279277063702e-08;
2417494.499632996507;1.0241522296894345345e-08;
2417827.8551900335588;1.0645890391458578961e-08;
2418161.2107470706105;1.0348442991414685821e-08;
2418494.5663041076623;1.0553012685932117165e-08;
2418827.9218611447141;1.1116279452494381985e-08;
2419161.2774181817658;1.1740012517691411631e-08;
2419494.6329752188176;1.4187921948405346484e-08;
2419827.9885322558694;2.9098831788587631308e-08;
2420161.3440892929211;4.7210839682065852685e-08;
2420494.6996463299729;1.6578169947933929507e-08;
2420828.0552033670247;1.2361227597068591422e-08;
2421161.4107604040764;1.0662061455946059141e-08;
2421494.7663174411282;1.0657716487116886128e-08;
2421828.12187447818;1.0250036375225590746e-08;
2422161.4774315152317;1.0241252290654756507e-08;
2422494.8329885522835;1.0654870763460166927e-08;
2422828.1885455893353;1.0611460155018903606e-08;
2423161.544102626387;1.0111679493718384037e-08;
2423494.8996596634388;9.7499119888766472286e-09;
2423828.2552167004906;9.9008348186657713086e-09;
2424161.6107737375423;1.1092110341337502177e-08;
2424494.9663307745941;9.6149106454390675935e-09;
2424828.3218878116459;1.0069136635593167739e-08;
2425161.6774448486976;9.9824655208635704184e-09;
2425495.0330018857494;1.0024008290088204376e-08;
2425828.3885589228012;1.0443721443209597055e-08;
2426161.7441159598529;1.028808238601186531e-08;
2426495.0996729969047;9.9867101255313173169e-09;
2426828.4552300339565;9.9933439301480575523e-09;
2427161.8107870710082;1.0438896858033785975e-08;
2427495.16634410806;9.4779641912623446842e-09;
2427828.5219011451118;9.4760164159879423096e-09;
2428161.8774581821635;9.8082351129846756521e-09;
2428495.2330152192153;9.6208747635273539345e-09;
2428828.5885722562671;9.6131538285249007458e-09;
2429161.9441292933188;9.3752108298872371961e-09;
2429495.2996863303706;1.0031881991778845986e-08;
2429828.6552433674224;1.0002090711225264386e-08;
2430162.0108004044741;1.0171023134830647905e-08;
2430495.3663574415259;1.0539302763845626032e-08;
2430828.7219144785777;1.1717821379875204002e-08;
2431162.0774715156294;1.0326052013454045664e-08;
2431495.4330285526812;9.9922727869738992013e-09;
2431828.788585589733;1.0063742728050328878e-08;
2432162.1441426267847;1.1531925636631967791e-08;
2432495.4996996638365;1.0177064524441448157e-08;
2432828.8552567008883;9.7985566327452033875e-09;
2433162.21081373794;1.051539033625203956e-08;
2433495.5663707749918;9.5627754603810899425e-09;
2433828.9219278120436;9.5377270525887070107e-09;
2434162.2774848490953;9.6417700490292190807e-09;
2434495.6330418861471;1.0215629231424827594e-08;
2434828.9885989231989;1.0179459941639379394e-08;
2435162.3441559602506;1.0535285532853322366e-08;
2435495.6997129973024;9.9617061266599193914e-09;
2435829.0552700343542;9.9391392893721786095e-09;
2436162.4108270714059;9.6655803361045400379e-09;
2436495.7663841084577;1.0304125552806908672e-08;
2436829.1219411455095;9.7516075214798547677e-09;
2437162.4774981825612;9.7820107569646097545e-09;
2437495.833055219613;9.8268966297609949834e-09;
2437829.1886122566648;1.0065776656631442165e-08;
2438162.5441692937165;1.0021437013563172513e-08;
2438495.8997263307683;9.7443297875088319415e-09;
2438829.2552833678201;9.9957846444453934964e-09;
2439162.6108404048719;1.0360412083798564709e-08;
2439495.9663974419236;1.0311441478449978604e-08;
2439829.3219544789754;9.9091872485246312863e-09;
2440162.6775115160272;1.2191760490054548427e-08;
2440496.0330685530789;1.0179371123797409382e-08;
2440829.3886255901307;1.054928677746147514e-08;
2441162.7441826271825;1.0499829450338893366e-08;
2441496.0997396642342;1.3608480564641922683e-08;
2441829.455296701286;1.995644360874848644e-08;
2442162.8108537383378;1.7453276157652908296e-08;
2442496.1664107753895;1.1358572749031736748e-08;
2442829.5219678124413;1.1239952080188686523e-08;
2443162.8775248494931;1.1633685126355430839e-08;
2443496.2330818865448;1.0361577373885211273e-08;
2443829.5886389235966;1.0380871273696357093e-08;
2444162.9441959606484;1.1015310441564452049e-08;
2444496.2997529977001;1.0530678551390337816e-08;
2444829.6553100347519;1.1125871779427143338e-08;
2445163.0108670718037;1.0527256399939233233e-08;
2445496.3664241088554;1.0949039896956946905e-08;
2445829.7219811459072;1.1304567060221870634e-08;
2446163.077538182959;1.064652632720708425e-08;
2446496.4330952200107;1.0291914875892871351e-08;
2446829.7886522570625;1.0630341940043308568e-08;
2447163.1442092941143;1.0810170536501573224e-08;
2447496.499766331166;1.0458904853294370696e-08;
2447829.8553233682178;1.1111183972900562367e-08;
2448163.2108804052696;1.2253104308967976976e-08;
2448496.5664374423213;1.0232045433156145009e-08;
2448829.9219944793731;1.0902974523219199909e-08;
2449163.2775515164249;1.1677851574631858966e-08;
2449496.6331085534766;1.2268031035489457281e-08;
2449829.9886655905284;1.3617544425414962461e-08;
2450163.3442226275802;2.1638387082134613593e-08;
2450496.6997796646319;3.360085898407305649e-08;
2450830.0553367016837;1.7473462676775852742e-08;
2451163.4108937387355;1.1413418654626639182e-08;
2451496.7664507757872;1.1326791060639607167e-08;
2451830.122007812839;1.1017458945161706652e-08;
2452163.4775648498908;1.112106495781972626e-08;
2452496.8331218869425;1.0317566356832230667e-08;
2452830.1886789239943;1.0439227260405914421e-08;
2453163.5442359610461;1.0523650395555250725e-08;
2453496.8997929980978;9.9991739332949691743e-09;
2453830.2553500351496;1.0897862168235405989e-08;
2454163.6109070722014;1.0494094482282889658e-08;
2454496.9664641092531;1.1422324419640972337e-08;
2454830.3220211463049;1.2018999129281837668e-08;
2455163.6775781833567;1.5573569100979511859e-08;
2455497.0331352204084;4.0012292146229810896e-08;
2455830.3886922574602;3.4107440427533219918e-08;
2456163.744249294512;1.8801710410798477824e-08;
2456497.0998063315637;1.412157857316742593e-08;
2456830.4553633686155;1.3828215017497313966e-08;
2457163.8109204056673;1.1472720551353177143e-08;
2457497.166477442719;1.0828606455959288724e-08;
2457830.5220344797708;1.1057848858797569847e-08;
2458163.8775915168226;1.0233662806058418937e-08;
2458497.2331485538743;1.0471020495117500104e-08;
2458830.5887055909261;9.2583674060620069213e-09;
2459163.9442626279779;1.0307765307970839785e-08;
2459497.2998196650296;1.0458942156787998101e-08;
2459830.6553767020814;1.0434918706891949114e-08;
2460164.0109337391332;1.1783796161068949004e-08;
2460497.3664907761849;1.3271413301652046357e-08;
2460830.7220478132367;2.0663243560647970298e-08;
2461164.0776048502885;1.9859115241160907317e-08;
2461497.4331618873402;1.296674856376967e-08;
2461830.788718924392;1.0681108442156528326e-08;
2462164.1442759614438;1.0568317776460389723e-08;
2462497.4998329984955;1.1138877376026812271e-08;
2462830.8553900355473;1.118865178284522699e-08;
2463164.2109470725991;9.8323527097932128527e-09;
2463497.5665041096509;1.0180407628013199428e-08;
2463830.9220611467026;1.0149836526807121118e-08;
2464164.2776181837544;1.2903690560506220208e-08;
2464497.6331752208062;9.6826777706837674486e-09;
2464830.9887322578579;1.0502799518974370585e-08;
2465164.3442892949097;1.0447354981124590267e-08;
2465497.6998463319615;1.0823908880297494761e-08;
2465831.0554033690132;1.0764670044238755509e-08;
2466164.410960406065;1.0294210817107796174e-08;
2466497.7665174431168;1.0128693439526159636e-08;
2466831.1220744801685;1.0308525588698103093e-08;
2467164.4776315172203;1.0055489774174475315e-08;
2467497.8331885542721;1.0420831308977085428e-08;
2467831.1887455913238;1.0333746303103907849e-08;
2468164.5443026283756;1.4317643959316228575e-08;
2468497.8998596654274;1.0787253756916470593e-08;
2468831.2554167024791;1.0430153629670257942e-08;
2469164.6109737395309;1.0034032271732939989e-08;
2469497.9665307765827;1.0881238132753878745e-08;
2469831.3220878136344;1.3016068223237198254e-08;
2470164.6776448506862;2.019261380326042854e-08;
2470498.033201887738;1.9581110066724249918e-08;
2470831.3887589247897;1.2882807709502230864e-08;
2471164.7443159618415;1.117886760937381041e-08;
2471498.0998729988933;1.0238212055924122978e-08;
2471831.455430035945;1.0290341911911582429e-08;
2472164.8109870729968;1.2035711982605334924e-08;
2472498.1665441100486;1.0782650328167164844e-08;
2472831.5221011471003;1.0043661902159328747e-08;
2473164.8776581841521;9.767312292296992382e-09;
2473498.2332152212039;1.0651802107020102994e-08;
2473831.5887722582556;9.9575423462283652043e-09;
2474164.9443292953074;1.0284757046008508041e-08;
2474498.2998863323592;9.6775423230610613246e-09;
2474831.6554433694109;1.0864486199579914683e-08;
2475165.0110004064627;9.9128607544685110042e-09;
2475498.3665574435145;1.0374289871606379165e-08;
2475831.7221144805662;9.9194634728405617352e-09;
2476165.077671517618;1.0179316944913807674e-08;
2476498.4332285546698;1.0070799305594846373e-08;
2476831.7887855917215;1.0187689802876320755e-08;
2477165.1443426287733;1.0313652154536612215e-08;
2477498.4998996658251;1.0737077005273931718e-08;
2477831.8554567028768;1.0589094934232434753e-08;
2478165.2110137399286;9.6553813833111234999e-09;
2478498.5665707769804;1.0284992413289728574e-08;
2478831.9221278140321;9.796404576434269984e-09;
2479165.2776848510839;1.0267174666012124362e-08;
2479498.6332418881357;9.7873220639144165034e-09;
2479831.9887989251874;1.0143526019135151728e-08;
2480165.3443559622392;1.0270295724978950602e-08;
2480498.699912999291;9.7158867617963551311e-09;
2480832.0554700363427;9.9671497721942614589e-09;
2481165.4110270733945;1.0175276621282591805e-08;
2481498.7665841104463;1.0836923358681360696e-08;
2481832.122141147498;9.4126058058918715687e-09;
2482165.4776981845498;1.0924716242755039275e-08;
2482498.8332552216016;9.8497618949977550074e-09;
2482832.1888122586533;1.0989855248055846459e-08;
2483165.5443692957051;1.0335961420082639961e-08;
2483498.8999263327569;1.0076073309051025717e-08;
2483832.2554833698086;1.067936317156181758e-08;
2484165.6110404068604;1.0110666970319925895e-08;
2484498.9665974439122;1.036765873152489803e-08;
2484832.3221544809639;1.0117916282581518317e-08;
2485165.6777115180157;1.012588235482780874e-08;
2485499.0332685550675;1.0748135714777617977e-08;
2485832.3888255921192;1.063687982139072119e-08;
2486165.744382629171;9.9745065540446375962e-09;
2486499.0999396662228;1.0108198722491579247e-08;
2486832.4554967032745;9.4132008854330706527e-09;
2487165.8110537403263;9.7185326453086418041e-09;
2487499.1666107773781;9.4431795716332089796e-09;
2487832.5221678144298;1.0290486684993993549e-08;
2488165.8777248514816;1.0193812016723313718e-08;
2488499.2332818885334;9.6474970234794454882e-09;
2488832.5888389255852;9.731311756411287206e-09;
2489165.9443959626369;9.8900398981527359865e-09;
2489499.2999529996887;1.0086061763558973325e-08;
2489832.6555100367405;9.8806101078707797569e-09;
2490166.0110670737922;1.0713129938721976941e-08;
2490499.366624110844;1.1762184115582385857e-08;
2490832.7221811478958;1.556875339758789778e-08;
2491166.0777381849475;2.9917771371401613578e-08;
2491499.4332952219993;2.076134109074700973e-08;
2491832.7888522590511;1.3411355581638417789e-08;
2492166.1444092961028;1.1114482667551328632e-08;
2492499.4999663331546;1.0178852427600304509e-08;
2492832.8555233702064;1.0045479115206035203e-08;
2493166.2110804072581;9.4519263527104158129e-09;
2493499.5666374443099;1.1031073832157289871e-08;
2493832.9221944813617;9.0884695325144093658e-09;
2494166.2777515184134;1.0174222353498407756e-08;
2494499.6333085554652;9.584487870029079204e-09;
2494832.988865592517;1.1776450037359609269e-08;
2495166.3444226295687;9.7660253217668469006e-09;
2495499.6999796666205;9.7028891588024634984e-09;
2495833.0555367036723;1.0144274753542958933e-08;
2496166.411093740724;1.08837614476442468e-08;
2496499.7666507777758;9.9362233996203030983e-09;
2496833.1222078148276;9.3491259178790642181e-09;
2497166.4777648518793;9.6267074312095246569e-09;
2497499.8333218889311;9.7451859915054228622e-09;
2497833.1888789259829;9.7119103870113576704e-09;
2498166.5444359630346;1.0047050302830484725e-08;
2498499.8999930000864;9.0564977739404639578e-09;
2498833.2555500371382;9.7880965554963950126e-09;
2499166.6111070741899;9.6642907010391354561e-09;
2499499.9666641112417;9.8142329818529105978e-09;
2499833.3222211482935;9.2406233775932378194e-09;
2500166.6777781853452;9.9100052608491751016e-09;
2500500.033335222397;1.0006818484953328152e-08;
2500833.3888922594488;9.4041592291205233778e-09;
2501166.7444492965005;9.762028518878196337e-09;
2501500.1000063335523;9.734354655677179835e-09;
2501833.4555633706041;9.4719219134731247323e-09;
2502166.8111204076558;9.9223038674267627357e-09;
2502500.1666774447076;9.8438981410708947806e-09;
2502833.5222344817594;9.5508383424203202594e-09;
2503166.8777915188111;9.4343413081787730334e-09;
2503500.2333485558629;9.8672536807953292737e-09;
2503833.5889055929147;1.0126202987237320485e-08;
2504166.9444626299664;1.0689348961534506088e-08;
2504500.3000196670182;9.4426484409382283047e-09;
2504833.65557670407;9.4033829611817054683e-09;
2505167.0111337411217;9.3520009514236335235e-09;
2505500.3666907781735;9.5872660921259011957e-09;
2505833.7222478152253;9.345103357816242351e-09;
2506167.077804852277;9.8008463567111903103e-09;
2506500.4333618893288;9.2302077092654144508e-09;
2506833.7889189263806;9.5973771152557674213e-09;
2507167.1444759634323;9.9704253742061155208e-09;
2507500.5000330004841;9.8186134778188716155e-09;
2507833.8555900375359;9.6148600192691446864e-09;
2508167.2111470745876;9.3945828893993166275e-09;
2508500.5667041116394;1.0136009365169229568e-08;
2508833.9222611486912;9.6924805959019977308e-09;
2509167.2778181857429;9.9676400466819359281e-09;
2509500.6333752227947;9.4668655137297719193e-09;
2509833.9889322598465;9.7038954649519837403e-09;
2510167.3444892968982;9.8106474055725811922e-09;
2510500.70004633395;9.8653991642549954122e-09;
2510834.0556033710018;1.0811119999232232658e-08;
2511167.4111604080535;1.2543623029159789439e-08;
2511500.7667174451053;2.1523666404732466617e-08;
2511834.1222744821571;2.1503597125160922587e-08;
2512167.4778315192088;1.3888348249224691244e-08;
2512500.8333885562606;1.0253655702285868756e-08;
2512834.1889455933124;1.0464124677866948332e-08;
2513167.5445026303641;9.7564401002614431491e-09;
2513500.9000596674159;9.6618286704597267089e-09;
2513834.2556167044677;9.909901343974070187e-09;
2514167.6111737415195;9.4999847988219698891e-09;
2514500.9667307785712;9.517090227006974601e-09;
2514834.322287815623;9.9374632966942044732e-09;
2515167.6778448526748;9.8371382151185571274e-09;
2515501.0334018897265;9.8039114604375754425e-09;
2515834.3889589267783;9.4125391925103940594e-09;
2516167.7445159638301;9.8261541126021256787e-09;
2516501.1000730008818;1.041517627697885473e-08;
2516834.4556300379336;9.7056682690777051903e-09;
2517167.8111870749854;1.0028252894755951274e-08;
2517501.1667441120371;9.9615835580380007741e-09;
2517834.5223011490889;9.9810621989604442206e-09;
2518167.8778581861407;1.0094286295725396485e-08;
2518501.2334152231924;1.0265893912730916782e-08;
2518834.5889722602442;9.538899448102711176e-09;
2519167.944529297296;1.046383069081002759e-08;
2519501.3000863343477;1.1320723913854635612e-08;
2519834.6556433713995;1.1945725297834997036e-08;
2520168.0112004084513;2.2014564393657565233e-08;
2520501.366757445503;2.82760694858552597e-08;
2520834.7223144825548;1.7674070207363001828e-08;
2521168.0778715196066;1.3107116281219077791e-08;
2521501.4334285566583;1.1057266213754246564e-08;
2521834.7889855937101;1.2637625168565591594e-08;
2522168.1445426307619;1.8005762214556852996e-08;
2522501.5000996678136;2.3778227387083461508e-08;
2522834.8556567048654;2.4654577046590020473e-08;
2523168.2112137419172;1.0676606265747068392e-08;
2523501.5667707789689;1.1158188151227932394e-08;
2523834.9223278160207;1.0565422314812167315e-08;
2524168.2778848530725;1.0590974319768520218e-08;
2524501.6334418901242;1.0063884836597480898e-08;
2524834.988998927176;9.8086827549082045152e-09;
2525168.3445559642278;1.0001932615466557763e-08;
2525501.7001130012795;1.0298425223709273268e-08;
2525835.0556700383313;1.085496670327756874e-08;
2526168.4112270753831;1.2634029822322645487e-08;
2526501.7667841124348;1.6190169205287929799e-08;
2526835.1223411494866;2.9295689429886806465e-08;
2527168.4778981865384;1.8893127062824532914e-08;
2527501.8334552235901;1.3312486224492658948e-08;
2527835.1890122606419;1.1029852586830202199e-08;
2528168.5445692976937;1.0262305671915328276e-08;
2528501.9001263347454;1.01312735978353885e-08;
2528835.2556833717972;9.9625108163081677048e-09;
2529168.611240408849;9.5102370423205684347e-09;
2529501.9667974459007;9.2938270412901147211e-09;
2529835.3223544829525;9.9022097188594671024e-09;
2530168.6779115200043;1.0217387824695833842e-08;
2530502.033468557056;1.0906461511694942601e-08;
2530835.3890255941078;1.6661905632986417913e-08;
2531168.7445826311596;2.4657479613665600482e-08;
2531502.1001396682113;2.12575823610450243e-08;
2531835.4556967052631;1.2611721444955037441e-08;
2532168.8112537423149;1.0238140113472127268e-08;
2532502.1668107793666;1.0118591298180490412e-08;
2532835.5223678164184;9.7360306483551539714e-09;
2533168.8779248534702;9.9042098966606317845e-09;
2533502.2334818905219;9.9583994384033758251e-09;
2533835.5890389275737;9.5375760622573579894e-09;
2534168.9445959646255;9.1563538973105096375e-09;
2534502.3001530016772;9.7571257740014516457e-09;
2534835.655710038729;9.4094643188213922258e-09;
2535169.0112670757808;9.5731289562195343024e-09;
2535502.3668241128325;9.8873993437109675142e-09;
2535835.7223811498843;9.7238261886900545505e-09;
2536169.0779381869361;1.1196398475021851482e-08;
2536502.4334952239878;1.015559725203729613e-08;
2536835.7890522610396;1.0354571422510616685e-08;
2537169.1446092980914;9.7674153209936775966e-09;
2537502.5001663351431;9.9032009259758524422e-09;
2537835.8557233721949;9.7769943252501434472e-09;
2538169.2112804092467;1.1218705964211039827e-08;
2538502.5668374462985;1.7036112964774474676e-08;
2538835.9223944833502;2.6867747138226150128e-08;
2539169.277951520402;2.3208460930845831172e-08;
2539502.6335085574538;1.2180970898612031306e-08;
2539835.9890655945055;1.0193167199190611427e-08;
2540169.3446226315573;9.8963832684262342809e-09;
2540502.7001796686091;9.487926888596120989e-09;
2540836.0557367056608;9.9975929757079029514e-09;
2541169.4112937427126;9.4945127315781974175e-09;
2541502.7668507797644;9.4945624695697006246e-09;
2541836.1224078168161;9.3101837350673122273e-09;
2542169.4779648538679;9.2633456461044261232e-09;
2542502.8335218909197;9.6376044922408254934e-09;
2542836.1890789279714;9.3140934964708321786e-09;
2543169.5446359650232;9.1561922488381242147e-09;
2543502.900193002075;8.9836227346040686825e-09;
2543836.2557500391267;9.5918819553730827465e-09;
2544169.6113070761785;1.0589150889472875861e-08;
2544502.9668641132303;9.8291748074075258046e-09;
2544836.322421150282;9.5275947131767679821e-09;
2545169.6779781873338;9.0685174924942657526e-09;
2545503.0335352243856;9.417401969358252245e-09;
2545836.3890922614373;9.2598311240976727277e-09;
2546169.7446492984891;9.7286960709652703372e-09;
2546503.1002063355409;9.1591365602994301298e-09;
2546836.4557633725926;9.4861434263293631375e-09;
2547169.8113204096444;9.639162357188979513e-09;
2547503.1668774466962;9.6115329029089480173e-09;
2547836.5224344837479;9.3432150904959598847e-09;
2548169.8779915207997;9.6161096863056627626e-09;
2548503.2335485578515;9.0646317119080777047e-09;
2548836.5891055949032;9.3824601421488296182e-09;
2549169.944662631955;9.7154257971965307661e-09;
2549503.3002196690068;9.7147259126018070674e-09;
2549836.6557767060585;9.3316341320814899518e-09;
2550170.0113337431103;8.7188238850899324461e-09;
2550503.3668907801621;8.7826510508648425457e-09;
2550836.7224478172138;9.3554186619826396054e-09;
2551170.0780048542656;9.7180032909705005295e-09;
2551503.4335618913174;9.7591996706114514382e-09;
2551836.7891189283691;9.7889900629866133386e-09;
2552170.1446759654209;1.0493909741171592032e-08;
2552503.5002330024727;9.1652854194990140968e-09;
2552836.8557900395244;8.7812166427170268435e-09;
2553170.2113470765762;9.0802823038416136114e-09;
2553503.566904113628;9.6042072073032613844e-09;
2553836.9224611506797;9.2371505999722103297e-09;
2554170.2780181877315;9.4293044483606536232e-09;
2554503.6335752247833;9.6051353537518480152e-09;
2554836.989132261835;9.2705576548723911401e-09;
2555170.3446892988868;9.3932950306907514459e-09;
2555503.7002463359386;9.212712370754161384e-09;
2555837.0558033729903;9.1524618994753836887e-09;
2556170.4113604100421;9.2390006756204456906e-09;
2556503.7669174470939;8.7522478153800875589e-09;
2556837.1224744841456;9.7145891331251732481e-09;
2557170.4780315211974;9.5673122757489181822e-09;
2557503.8335885582492;9.6372492208729454433e-09;
2557837.1891455953009;9.3107566101480188081e-09;
2558170.5447026323527;9.5570147351509149303e-09;
2558503.9002596694045;9.4207939227430870233e-09;
2558837.2558167064562;1.26830634883390303e-08;
2559170.611373743508;9.2336946977411571424e-09;
2559503.9669307805598;9.4165910624610660307e-09;
2559837.3224878176115;9.2781169414024589059e-09;
2560170.6780448546633;1.0236486325254645635e-08;
2560504.0336018917151;9.4493364244385702477e-09;
2560837.3891589287668;1.0003601502717174299e-08;
2561170.7447159658186;1.0076993461893835047e-08;
2561504.1002730028704;1.0449721976613091101e-08;
2561837.4558300399221;1.1747006034568130417e-08;
2562170.8113870769739;2.0874896478062510141e-08;
2562504.1669441140257;3.6683619697441827157e-08;
2562837.5225011510774;1.647840264240585384e-08;
2563170.8780581881292;1.1670981514555478498e-08;
2563504.233615225181;1.0323476296036915301e-08;
2563837.5891722622328;1.0222128032921773411e-08;
2564170.9447292992845;9.0434930655192147242e-09;
2564504.3002863363363;9.124960342887789011e-09;
2564837.6558433733881;9.6685184303169080522e-09;
2565171.0114004104398;9.4809786688188069093e-09;
2565504.3669574474916;9.8259809178102841543e-09;
2565837.7225144845434;9.6160590601357398555e-09;
2566171.0780715215951;9.7714654145875101676e-09;
2566504.4336285586469;9.5990460025063839566e-09;
2566837.7891855956987;9.0130409802213762305e-09;
2567171.1447426327504;9.3587226857039240713e-09;
2567504.5002996698022;9.2468752654895070009e-09;
2567837.855856706854;9.4385690374565456295e-09;
2568171.2114137439057;1.065056665083830012e-08;
2568504.5669707809575;9.2955900754532194696e-09;
2568837.9225278180093;9.8058405839651641145e-09;
2569171.278084855061;9.8955661442801101657e-09;
2569504.6336418921128;9.9239603201795034693e-09;
2569837.9891989291646;8.9350677967559022363e-09;
2570171.3447559662163;9.4589189814087148989e-09;
2570504.7003130032681;9.0913117034574497666e-09;
2570838.0558700403199;9.6691472606380557409e-09;
2571171.4114270773716;9.278394053069405345e-09;
2571504.7669841144234;9.6555341499993119214e-09;
2571838.1225411514752;1.0173650366596120875e-08;
2572171.4780981885269;9.328585903745079122e-09;
2572504.8336552255787;8.9810665571121717221e-09;
2572838.1892122626305;9.6765901957951427903e-09;
2573171.5447692996822;9.2015515207322096103e-09;
2573504.900326336734;9.3738927731124022102e-09;
2573838.2558833737858;9.3464000983090045338e-09;
2574171.6114404108375;9.4399119632271322189e-09;
2574504.9669974478893;8.9798204427893324464e-09;
2574838.3225544849411;9.4219192448008470819e-09;
2575171.6781115219928;9.2114014194066839991e-09;
2575505.0336685590446;9.0919982653758779634e-09;
2575838.3892255960964;1.0043379461421864107e-08;
2576171.7447826331481;1.1275490763296147634e-08;
2576505.1003396701999;1.1523501264321112103e-08;
2576838.4558967072517;1.1001831445867082948e-08;
2577171.8114537443034;9.1868539442430119379e-09;
2577505.1670107813552;9.6065866372896380199e-09;
2577838.522567818407;9.3843066650833861786e-09;
2578171.8781248554587;9.1714378314122768643e-09;
2578505.2336818925105;9.6300567520302138291e-09;
2578838.5892389295623;9.2565946019362854713e-09;
2579171.944795966614;9.1754985831471458368e-09;
2579505.3003530036658;9.2792742378833281691e-09;
2579838.6559100407176;9.0776506311840421404e-09;
2580172.0114670777693;9.640212184081065061e-09;
2580505.3670241148211;1.0574837006060988642e-08;
2580838.7225811518729;1.1286291012879701157e-08;
2581172.0781381889246;1.9119804406386720075e-08;
2581505.4336952259764;2.3290883888194002793e-08;
2581838.7892522630282;1.5827952282165824727e-08;
2582172.1448093000799;1.0685124784970412293e-08;
2582505.5003663371317;9.4161611841059311701e-09;
2582838.8559233741835;1.0279537221435930405e-08;
2583172.2114804112352;9.1781586775141477119e-09;
2583505.567037448287;9.9153689703257441579e-09;
2583838.9225944853388;9.2773353443931227957e-09;
2584172.2781515223905;1.1025512947071547387e-08;
2584505.6337085594423;1.0094977298535923182e-08;
2584838.9892655964941;1.2937351634434435255e-08;
2585172.3448226335458;1.3001122844968904246e-08;
2585505.7003796705976;1.0686701301665380015e-08;
2585839.0559367076494;8.6965359358259775036e-09;
2586172.4114937447011;9.1735650187274586642e-09;
2586505.7670507817529;9.944937318095981027e-09;
2586839.1226078188047;9.1497929233241848124e-09;
2587172.4781648558564;8.9304226236208705814e-09;
2587505.8337218929082;9.0152578735569477431e-09;
2587839.18927892996;9.0678007325095677515e-09;
2588172.5448359670117;9.0397280771981058933e-09;
2588505.9003930040635;9.4460999022771829914e-09;
2588839.2559500411153;9.427118641269771615e-09;
2589172.6115070781671;9.6387902104311251605e-09;
2589505.9670641152188;9.4011207707467292494e-09;
2589839.3226211522706;8.9246672274612137699e-09;
2590172.6781781893224;8.6655775888289099385e-09;
2590506.0337352263741;9.7310550728479938698e-09;
2590839.3892922634259;9.7302006452082423493e-09;
2591172.7448493004777;9.5338235084341249603e-09;
2591506.1004063375294;8.897022674148047372e-09;
2591839.4559633745812;9.5669250299579289276e-09;
2592172.811520411633;1.1212065942345361691e-08;
2592506.1670774486847;9.5241645681198860984e-09;
2592839.5226344857365;9.5897592089499994472e-09;
2593172.8781915227883;9.839333792172055837e-09;
2593506.23374855984;9.4826777541356932488e-09;
2593839.5893055968918;9.5652445963878562907e-09;
2594172.9448626339436;1.0742548184339284489e-08;
2594506.3004196709953;1.2837308105417832849e-08;
2594839.6559767080471;1.5673197850674114306e-08;
2595173.0115337450989;1.0081473433842802478e-08;
2595506.3670907821506;9.8395238623538716638e-09;
2595839.7226478192024;9.7620631578365646419e-09;
2596173.0782048562542;9.8235650725086998136e-09;
2596506.4337618933059;9.3750296414896183705e-09;
2596839.7893189303577;1.0445298848082984478e-08;
2597173.1448759674095;1.0721866061658147373e-08;
2597506.5004330044612;1.3071452364954438963e-08;
2597839.855990041513;2.8862555012665325194e-08;
2598173.2115470785648;3.8537006474825830082e-08;
2598506.5671041156165;1.4977318940623263188e-08;
2598839.9226611526683;1.1389244214399241173e-08;
2599173.2782181897201;1.085269740741523492e-08;
2599506.6337752267718;9.4375574022365071869e-09;
2599839.9893322638236;1.0080144718926931091e-08;
2600173.3448893008754;1.0946790141019846487e-08;
2600506.7004463379271;9.7242711660783243133e-09;
2600840.0560033749789;1.0987924348171418387e-08;
2601173.4115604120307;1.6083834708524591406e-08;
2601506.7671174490824;2.258440190416877158e-08;
2601840.1226744861342;1.8271061108521280403e-08;
2602173.478231523186;1.1773305885753870825e-08;
2602506.8337885602377;9.3766931996697167051e-09;
2602840.1893455972895;9.2409644381064026675e-09;
2603173.5449026343413;9.5831236279764198116e-09;
2603506.900459671393;8.7411686777727481967e-09;
2603840.2560167084448;8.7406775151066540275e-09;
2604173.6115737454966;8.9074534415090056427e-09;
2604506.9671307825483;9.0948581998873123666e-09;
2604840.3226878196001;9.5582066705901524983e-09;
2605173.6782448566519;9.437955306168532843e-09;
2605507.0338018937036;9.7098125095840259746e-09;
2605840.3893589307554;9.5140810785210305767e-09;
2606173.7449159678072;8.6048537184524320764e-09;
2606507.1004730048589;9.2976151222501357552e-09;
2606840.4560300419107;9.555856550491625967e-09;
2607173.8115870789625;1.060581311662645021e-08;
2607507.1671441160142;1.1076902062256976933e-08;
2607840.522701153066;1.0242637848989488703e-08;
2608173.8782581901178;1.0756938451095265918e-08;
2608507.2338152271695;9.3452339200439382694e-09;
2608840.5893722642213;8.8687466259784741851e-09;
2609173.9449293012731;9.1394953827261815604e-09;
2609507.3004863383248;9.334635286961656675e-09;
2609840.6560433753766;9.575012782647718268e-09;
2610174.0116004124284;9.3482066532146745885e-09;
2610507.3671574494801;9.2230436621321132407e-09;
2610840.7227144865319;8.9268938907594019838e-09;
2611174.0782715235837;8.7119342850883185747e-09;
2611507.4338285606354;9.4365955050079719513e-09;
2611840.7893855976872;9.0605398739285192278e-09;
2612174.144942634739;9.0097165283964386617e-09;
2612507.5004996717907;9.9200558878465017187e-09;
2612840.8560567088425;9.6530579085651879723e-09;
2613174.2116137458943;8.9508729317344659648e-09;
2613507.5671707829461;9.4503818104385572951e-09;
2613840.9227278199978;9.5202334904342933442e-09;
2614174.2782848570496;9.3335366102564876201e-09;
2614507.6338418941014;9.1061611584564161603e-09;
2614840.9893989311531;9.8766710365794097015e-09;
2615174.3449559682049;9.5596677240905592043e-09;
2615507.7005130052567;9.8911518975342005433e-09;
2615841.0560700423084;9.7177297320172328909e-09;
2616174.4116270793602;1.0601453936942561995e-08;
2616507.767184116412;8.7819564953406370478e-09;
2616841.1227411534637;9.4824779139912607206e-09;
2617174.4782981905155;9.1428518089742283337e-09;
2617507.8338552275673;9.5931289578743417223e-09;
2617841.189412264619;9.7096419793274435506e-09;
2618174.5449693016708;9.744056228555564303e-09;
2618507.9005263387226;9.8100620959939988097e-09;
2618841.2560833757743;9.3816527879653222044e-09;
2619174.6116404128261;9.8768095924128829211e-09;
2619507.9671974498779;1.0419531903949064144e-08;
2619841.3227544869296;9.7888355199415855168e-09;
2620174.6783115239814;9.6579766406534872658e-09;
2620508.0338685610332;9.4784642357126358547e-09;
2620841.3894255980849;1.0004146844266870175e-08;
2621174.7449826351367;9.8579846508073387668e-09;
2621508.1005396721885;9.6436680863121182483e-09;
2621841.4560967092402;9.7523100706098375667e-09;
2622174.811653746292;9.6342356314949029183e-09;
2622508.1672107833438;9.3859879868318785157e-09;
2622841.5227678203955;1.156198781160355793e-08;
2623174.8783248574473;1.0735511146720000397e-08;
2623508.2338818944991;1.0256808735675804201e-08;
2623841.5894389315508;1.0131611993813294248e-08;
2624174.9449959686026;1.0478490963805597858e-08;
2624508.3005530056544;1.029460872103982183e-08;
2624841.6561100427061;9.8601322662261736696e-09;
2625175.0116670797579;1.0067562783433459117e-08;
2625508.3672241168097;1.0695734964372149989e-08;
2625841.7227811538614;9.8749879384740779642e-09;
2626175.0783381909132;9.4020125018801081751e-09;
2626508.433895227965;1.0186973931070042454e-08;
2626841.7894522650167;1.0641533876309949846e-08;
2627175.1450093020685;1.0578868447908007511e-08;
2627508.5005663391203;1.1494790896904305555e-08;
2627841.856123376172;1.0788997251154341939e-08;
2628175.2116804132238;1.0489615398512341926e-08;
2628508.5672374502756;1.0369333836024452467e-08;
2628841.9227944873273;9.9940287157096463488e-09;
2629175.2783515243791;9.3904901632413384505e-09;
2629508.6339085614309;9.9721768620497641678e-09;
2629841.9894655984826;1.0090952962116261915e-08;
2630175.3450226355344;9.8802974690670453128e-09;
2630508.7005796725862;9.7488497274866858788e-09;
2630842.0561367096379;1.0022282559418727033e-08;
2631175.4116937466897;1.0533231176168555976e-08;
2631508.7672507837415;1.0261223870600133523e-08;
2631842.1228078207932;1.033176744158481597e-08;
2632175.478364857845;1.0091378399579298275e-08;
2632508.8339218948968;1.0647816850450908532e-08;
2632842.1894789319485;1.1389203358191934967e-08;
2633175.5450359690003;1.3971844126103860617e-08;
2633508.9005930060521;3.7098711658245520084e-08;
2633842.2561500431038;2.5800716230151010677e-08;
2634175.6117070801556;1.3552726052523667022e-08;
2634508.9672641172074;1.15383702592453119e-08;
2634842.3228211542591;1.0035002162567252526e-08;
2635175.6783781913109;1.0165967623265714792e-08;
2635509.0339352283627;1.036496311002110815e-08;
2635842.3894922654144;9.6539398697359501966e-09;
2636175.7450493024662;9.6909644753395696171e-09;
2636509.100606339518;9.3885113017222465714e-09;
2636842.4561633765697;9.1839655880221471307e-09;
2637175.8117204136215;9.8090104927450738614e-09;
2637509.1672774506733;9.1840623994698944443e-09;
2637842.522834487725;9.0624023840746303904e-09;
2638175.8783915247768;9.3642320564413239481e-09;
2638509.2339485618286;9.3876044715557327436e-09;
2638842.5895055988804;9.9687262888892291812e-09;
2639175.9450626359321;9.5697325619426010235e-09;
2639509.3006196729839;8.8505984763287415262e-09;
2639842.6561767100357;8.8450500257408748439e-09;
2640176.0117337470874;1.0047490839326655987e-08;
2640509.3672907841392;9.1139069624546209525e-09;
2640842.722847821191;8.9215159704281177255e-09;
2641176.0784048582427;9.5556718093803283409e-09;
2641509.4339618952945;8.7668352577452424157e-09;
2641842.7895189323463;9.1992244932725952822e-09;
2642176.145075969398;9.7989865111003382481e-09;
2642509.5006330064498;9.0810798880625043239e-09;
2642842.8561900435016;9.4743519696294242749e-09;
2643176.2117470805533;9.2657703731902074651e-09;
2643509.5673041176051;9.3965466518852736044e-09;
2643842.9228611546569;9.2605958457170345355e-09;
2644176.2784181917086;9.8058752229235324194e-09;
2644509.6339752287604;9.0599350244247034425e-09;
2644842.9895322658122;8.7356735178900635219e-09;
2645176.3450893028639;9.0257641360835805244e-09;
2645509.7006463399157;9.2086827052639819158e-09;
2645843.0562033769675;9.5416821110916316684e-09;
2646176.4117604140192;8.852760302602291631e-09;
2646509.767317451071;8.8057472424907246022e-09;
2646843.1228744881228;9.0471319325047261373e-09;
2647176.4784315251745;8.563488584911738144e-09;
2647509.8339885622263;8.8648368645749542338e-09;
2647843.1895455992781;9.170293857607703103e-09;
2648176.5451026363298;9.7562855572164153273e-09;
2648509.9006596733816;9.1176381999957811786e-09;
2648843.2562167104334;9.4325187660615483765e-09;
2649176.6117737474851;1.1020536483385967585e-08;
2649509.9673307845369;1.637230440110215568e-08;
2649843.3228878215887;1.7541680108479340561e-08;
2650176.6784448586404;1.1790401543976258836e-08;
2650510.0340018956922;9.4446894749466991925e-09;
2650843.389558932744;9.5032897107216740551e-09;
2651176.7451159697957;1.0795841554056551104e-08;
2651510.1006730068475;9.785844135024035495e-09;
2651843.4562300438993;9.4907601777549643884e-09;
2652176.811787080951;9.1237906119090439461e-09;
2652510.1673441180028;9.267805189949740452e-09;
2652843.5229011550546;8.9659959456866999972e-09;
2653176.8784581921063;8.9072971221071384207e-09;
2653510.2340152291581;9.248613430656860146e-09;
2653843.5895722662099;9.1762082377044862369e-09;
2654176.9451293032616;9.5788657006323774112e-09;
2654510.3006863403134;9.5121084342508765985e-09;
2654843.6562433773652;8.7987270802614148124e-09;
2655177.0118004144169;8.9971745609318531933e-09;
2655510.3673574514687;9.0644558525809770799e-09;
2655843.7229144885205;9.1906304788835768704e-09;
2656177.0784715255722;1.0215144286007671326e-08;
2656510.434028562624;8.8672038600634550676e-09;
2656843.7895855996758;9.1289695802743153763e-09;
2657177.1451426367275;8.8307654522168377298e-09;
2657510.5006996737793;8.6630818074695525866e-09;
2657843.8562567108311;8.4671976097183687671e-09;
2658177.2118137478828;8.9648466428116080351e-09;
2658510.5673707849346;8.5885130118867891724e-09;
2658843.9229278219864;8.5856317610932819662e-09;
2659177.2784848590381;8.5252427339810310514e-09;
2659510.6340418960899;9.6600976107197311649e-09;
2659843.9895989331417;8.625148595342579938e-09;
2660177.3451559701934;8.8111633544940559659e-09;
2660510.7007130072452;9.1518028710879661958e-09;
2660844.056270044297;8.436537690670320444e-09;
2661177.4118270813487;8.9704235151089051215e-09;
2661510.7673841184005;8.9947560510950097523e-09;
2661844.1229411554523;9.0118694728857917653e-09;
2662177.478498192504;8.9387413026997819543e-09;
2662510.8340552295558;8.8225009520215280645e-09;
2662844.1896122666076;8.6296951806730248791e-09;
2663177.5451693036593;8.9118827872880501673e-09;
2663510.9007263407111;8.5435791774557401368e-09;
2663844.2562833777629;8.3990503441100372584e-09;
2664177.6118404148147;9.2568388510017030057e-09;
2664510.9673974518664;8.7206926124849815096e-09;
2664844.3229544889182;8.7997005238094061497e-09;
2665177.67851152597;8.8812033283147684415e-09;
2665511.0340685630217;8.6397982101971138036e-09;
2665844.3896256000735;8.8341947090952999133e-09;
2666177.7451826371253;8.7347062915910100855e-09;
2666511.100739674177;8.5323152987371031486e-09;
2666844.4562967112288;9.2840846122044240474e-09;
2667177.8118537482806;8.8618783422589331167e-09;
2667511.1674107853323;9.243578347195580136e-09;
2667844.5229678223841;9.2919654193224232586e-09;
2668177.8785248594359;9.8382963997778460907e-09;
2668511.2340818964876;1.0230876590355819644e-08;
2668844.5896389335394;1.3164322076875123457e-08;
2669177.9451959705912;3.114013225058442913e-08;
2669511.3007530076429;1.7072334657086685183e-08;
2669844.6563100446947;1.1173782787921027193e-08;
2670178.0118670817465;9.7982635338667023461e-09;
2670511.3674241187982;9.1689731362976090168e-09;
2670844.72298115585;8.7763121214834427519e-09;
2671178.0785381929018;8.9254195145826997759e-09;
2671511.4340952299535;9.5273939848539157538e-09;
2671844.7896522670053;1.0944520845157512667e-08;
2672178.1452093040571;1.0026631969139998546e-08;
2672511.5007663411088;8.9119920332336732827e-09;
2672844.8563233781606;9.0886445036630902905e-09;
2673178.2118804152124;8.7150260341672947106e-09;
2673511.5674374522641;8.6744575966690717905e-09;
2673844.9229944893159;8.9175680173525506689e-09;
2674178.2785515263677;8.6832088186383771244e-09;
2674511.6341085634194;9.0414911113612106419e-09;
2674844.9896656004712;9.0867287028117971204e-09;
2675178.345222637523;9.3225409614206000697e-09;
2675511.7007796745747;1.0925560900432174094e-08;
2675845.0563367116265;1.7841903954263216292e-08;
2676178.4118937486783;2.3891448819313154672e-08;
2676511.76745078573;1.6882502507087338017e-08;
2676845.1230078227818;1.0936890504353868891e-08;
2677178.4785648598336;9.5414467438104111352e-09;
2677511.8341218968853;8.8789411378797922225e-09;
2677845.1896789339371;8.8216332017054810422e-09;
2678178.5452359709889;8.3993310084906624979e-09;
2678511.9007930080406;9.0571816713236330543e-09;
2678845.2563500450924;8.6912823604734512628e-09;
2679178.6119070821442;8.5746290068300368148e-09;
2679511.9674641191959;8.6923819253570400178e-09;
2679845.3230211562477;8.3767561775971444149e-09;
2680178.6785781932995;8.6919085262593398511e-09;
2680512.0341352303512;8.5942781780090626853e-09;
2680845.389692267403;8.7391116565527227067e-09;
2681178.7452493044548;8.9829441662914177869e-09;
2681512.1008063415065;8.8165519329663766257e-09;
2681845.4563633785583;8.7033980022965806711e-09;
2682178.8119204156101;8.9521465795883159444e-09;
2682512.1674774526618;8.8362748229542376066e-09;
2682845.5230344897136;8.9522718127454936621e-09;
2683178.8785915267654;8.7878362364790518768e-09;
2683512.2341485638171;8.6566620538519600814e-09;
2683845.5897056008689;8.622134117786117713e-09;
2684178.9452626379207;8.7020985972685593879e-09;
2684512.3008196749724;8.6266185306271836453e-09;
2684845.6563767120242;8.9819343074282187445e-09;
2685179.011933749076;9.3079108864912996069e-09;
2685512.3674907861277;8.9198710639948330936e-09;
2685845.7230478231795;8.784780902715283446e-09;
2686179.0786048602313;8.7682829885693536198e-09;
2686512.434161897283;8.7789180369668429194e-09;
2686845.7897189343348;9.1646734645678407105e-09;
2687179.1452759713866;9.1273495428367823479e-09;
2687512.5008330084383;8.5117894954578332545e-09;
2687845.8563900454901;8.5341884670242507127e-09;
2688179.2119470825419;8.511580773529203725e-09;
2688512.5675041195937;8.4711997416775375314e-09;
2688845.9230611566454;8.7750482435922094737e-09;
2689179.2786181936972;8.5353581980029957776e-09;
2689512.634175230749;8.9724565555115987081e-09;
2689845.9897322678007;8.4980289472014192143e-09;
2690179.3452893048525;8.7630471767852213816e-09;
2690512.7008463419043;9.1021625792109261965e-09;
2690846.056403378956;8.3678575180101688602e-09;
2691179.4119604160078;8.3017344110203339369e-09;
2691512.7675174530596;8.9875218378665522323e-09;
2691846.1230744901113;8.8795806263419763127e-09;
2692179.4786315271631;9.4199004152528686973e-09;
2692512.8341885642149;8.7556921712916846445e-09;
2692846.1897456012666;8.5686959749864399782e-09;
2693179.5453026383184;8.2500353215664290474e-09;
2693512.9008596753702;8.7144291782692562265e-09;
2693846.2564167124219;8.6940916688149627589e-09;
2694179.6119737494737;7.887342334811364708e-09;
2694512.9675307865255;9.0922380735491969972e-09;
2694846.3230878235772;8.6337594851215726521e-09;
2695179.678644860629;8.8282998689237501821e-09;
2695513.0342018976808;8.4371301056762604276e-09;
2695846.3897589347325;8.7570919404811320419e-09;
2696179.7453159717843;9.0953848896901945409e-09;
2696513.1008730088361;9.6125631898758001626e-09;
2696846.4564300458878;9.0906890903852399788e-09;
2697179.8119870829396;8.2380582355767728586e-09;
2697513.1675441199914;8.6800673315678977815e-09;
2697846.5231011570431;8.4298559244189164019e-09;
2698179.8786581940949;8.486601643653557403e-09;
2698513.2342152311467;8.3037470233193744207e-09;
2698846.5897722681984;8.8545490939395676833e-09;
2699179.9453293052502;8.2905708964631230629e-09;
2699513.300886342302;8.4840676706221529457e-09;
2699846.6564433793537;8.8242684270767313137e-09;
2700180.0120004164055;8.6208462590775525314e-09;
2700513.3675574534573;8.0615221165203365672e-09;
2700846.723114490509;8.6213312044947087998e-09;
2701180.0786715275608;8.8773814965747988026e-09;
2701513.4342285646126;8.3424351871030921757e-09;
2701846.7897856016643;8.5531901561353151919e-09;
2702180.1453426387161;8.5961362472630753473e-09;
2702513.5008996757679;8.5917122305545490235e-09;
2702846.8564567128196;8.6446414471197385865e-09;
2703180.2120137498714;8.9419929238943041128e-09;
2703513.5675707869232;8.9852489892905396118e-09;
2703846.9231278239749;9.9261745489798158815e-09;
2704180.2786848610267;9.9907984107971969934e-09;
2704513.6342418980785;1.5370183348295540782e-08;
2704846.9897989351302;2.0206027073754739831e-08;
2705180.345355972182;1.3052543934577442997e-08;
2705513.7009130092338;1.0284034956953291839e-08;
2705847.0564700462855;9.5440118030865050969e-09;
2706180.4120270833373;8.3105184955911681755e-09;
2706513.7675841203891;8.6846281277530579246e-09;
2706847.1231411574408;9.3673087064871651819e-09;
2707180.4786981944926;8.4185050042151488014e-09;
2707513.8342552315444;8.6290743439576544915e-09;
2707847.1898122685961;8.5387776849188412598e-09;
2708180.5453693056479;8.6481195538112842769e-09;
2708513.9009263426997;8.272486695659608813e-09;
2708847.2564833797514;8.7412148630505726032e-09;
2709180.6120404168032;8.5170102082088305906e-09;
2709513.967597453855;8.5152294104773318395e-09;
2709847.3231544909067;8.7719191910196059325e-09;
2710180.6787115279585;8.6559772682903712848e-09;
2710514.0342685650103;8.4340774364477510971e-09;
2710847.389825602062;8.6567837342954589985e-09;
2711180.7453826391138;8.6322424763807248382e-09;
2711514.1009396761656;8.3110585080703458516e-09;
2711847.4564967132173;8.4791649257454082544e-09;
2712180.8120537502691;9.1601339846647533705e-09;
2712514.1676107873209;8.2638305087812113925e-09;
2712847.5231678243726;9.2560741293823411979e-09;
2713180.8787248614244;8.5089641999047671561e-09;
2713514.2342818984762;9.1263396839735833055e-09;
2713847.589838935528;1.0508927061891881749e-08;
2714180.9453959725797;1.4862049368957741535e-08;
2714514.3009530096315;1.4407163462237804197e-08;
2714847.6565100466833;1.0292655616694901255e-08;
2715181.012067083735;8.8126341779570793733e-09;
2715514.3676241207868;8.7345686239359565661e-09;
2715847.7231811578386;8.9128375790892278019e-09;
2716181.0787381948903;8.7984801666607381776e-09;
2716514.4342952319421;8.6413010080832464155e-09;
2716847.7898522689939;8.5407432237616376369e-09;
2717181.1454093060456;8.757369052148078481e-09;
2717514.5009663430974;8.6150482303537501139e-09;
2717847.8565233801492;8.6309688285268748587e-09;
2718181.2120804172009;8.406431106777745299e-09;
2718514.5676374542527;8.4611162520786820096e-09;
2718847.9231944913045;9.0412850539678402129e-09;
2719181.2787515283562;8.5856770581926866726e-09;
2719514.634308565408;8.4911055964198567381e-09;
2719847.9898656024598;9.1226688425649626879e-09;
2720181.3454226395115;9.9764871919205688755e-09;
2720514.7009796765633;1.1187256454547878093e-08;
2720848.0565367136151;1.7242479444234959374e-08;
2721181.4120937506668;1.6896061438842480129e-08;
2721514.7676507877186;1.0739378275559374742e-08;
2721848.1232078247704;9.1818677105948154349e-09;
2722181.4787648618221;8.9846015072225782205e-09;
2722514.8343218988739;8.4005558065314289706e-09;
2722848.1898789359257;8.5693283580212664674e-09;
2723181.5454359729774;8.631879211407067487e-09;
2723514.9009930100292;8.4467846050984007888e-09;
2723848.256550047081;8.6326368275990716938e-09;
2724181.6121070841327;8.8027007905111531727e-09;
2724514.9676641211845;8.8090894578840561735e-09;
2724848.3232211582363;8.5510718506043303933e-09;
2725181.678778195288;8.3916615878365519166e-09;
2725515.0343352323398;8.4946414347086829366e-09;
2725848.3898922693916;8.8295868394538956636e-09;
2726181.7454493064433;8.37579960943912738e-09;
2726515.1010063434951;8.6144575917046495306e-09;
2726848.4565633805469;8.9439566863802610897e-09;
2727181.8121204175986;8.4321074567128562194e-09;
2727515.1676774546504;8.5932825300005788449e-09;
2727848.5232344917022;8.7795504200016694085e-09;
2728181.8787915287539;9.0536982355615691631e-09;
2728515.2343485658057;8.3929583283293140994e-09;
2728848.5899056028575;8.5825853091137105366e-09;
2729181.9454626399092;8.6082705408330184582e-09;
2729515.301019676961;8.692900621554144891e-09;
2729848.6565767140128;8.3021571839481111965e-09;
2730182.0121337510645;8.4584117487906951283e-09;
2730515.3676907881163;8.2363369457993940159e-09;
2730848.7232478251681;8.57111981389380162e-09;
2731182.0788048622198;8.5159026497194645344e-09;
2731515.4343618992716;9.2597174372599511116e-09;
2731848.7899189363234;8.9083451726423845685e-09;
2732182.1454759733751;9.3257188638062871178e-09;
2732515.5010330104269;8.1486470904224006517e-09;
2732848.8565900474787;8.4101534625347085239e-09;
2733182.2121470845304;8.5437896757412090665e-09;
2733515.5677041215822;8.3015452290169378102e-09;
2733848.923261158634;8.4551130541399288632e-09;
2734182.2788181956857;8.3024636055029077397e-09;
2734515.6343752327375;8.3217388535672398575e-09;
2734848.9899322697893;8.5735587518342981639e-09;
2735182.345489306841;8.5805353933210426476e-09;
2735515.7010463438928;8.5404732175220487989e-09;
2735849.0566033809446;8.7783629254545303411e-09;
2736182.4121604179963;9.3558458758025153656e-09;
2736515.7677174550481;8.2892892550034957821e-09;
2736849.1232744920999;7.8953688031901947397e-09;
2737182.4788315291516;8.4292191004919914121e-09;
2737515.8343885662034;8.3672544448631924752e-09;
2737849.1899456032552;8.2300593007289535308e-09;
2738182.5455026403069;8.8705229828178744356e-09;
2738515.9010596773587;9.1814165159576077713e-09;
2738849.2566167144105;9.0104608219121473667e-09;
2739182.6121737514623;9.1995309148273918254e-09;
2739515.967730788514;8.852760302602291631e-09;
2739849.3232878255658;9.8798986769565999566e-09;
2740182.6788448626176;1.6477013531357442844e-08;
2740516.0344018996693;1.6167801319966201845e-08;
2740849.3899589367211;1.1337580652082124288e-08;
2741182.7455159737729;9.6450234465805806394e-09;
2741516.1010730108246;9.9353156812753695704e-09;
2741849.4566300478764;1.377441538608081828e-08;
2742182.8121870849282;1.7912944016984511109e-08;
2742516.1677441219799;1.3243837138077196869e-08;
2742849.5233011590317;1.030609908525548235e-08;
2743182.8788581960835;9.2151566377651761286e-09;
2743516.2344152331352;8.4195699301403692516e-09;
2743849.589972270187;8.9281799731111277652e-09;
2744182.9455293072388;1.1007940337037780409e-08;
2744516.3010863442905;1.6093359533897455549e-08;
2744849.6566433813423;1.8094707954219302337e-08;
2745183.0122004183941;1.2648174951834789681e-08;
2745516.3677574554458;8.9287759408307465492e-09;
2745849.7233144924976;9.0082448167549955542e-09;
2746183.0788715295494;9.2490521907961920078e-09;
2746516.4344285666011;8.1032096588273816451e-09;
2746849.7899856036529;8.8075262638653839531e-09;
2747183.1455426407047;8.3224698244066530606e-09;
2747516.5010996777564;8.9005238734785052657e-09;
2747849.8566567148082;8.3677695883466185478e-09;
2748183.21221375186;8.1530000528573509655e-09;
2748516.5677707889117;8.7282794325460599794e-09;
2748849.9233278259635;8.7937825909989442152e-09;
2749183.2788848630153;8.6873130911158114031e-09;
2749516.634441900067;8.2028659420529947965e-09;
2749849.9899989371188;8.7961149475290767441e-09;
2750183.3455559741706;8.1164728271687636152e-09;
2750516.7011130112223;8.4466211802691759658e-09;
2750850.0566700482741;8.8536928899429767625e-09;
2751183.4122270853259;8.1516962069372311817e-09;
2751516.7677841223776;8.1544033747604771634e-09;
2751850.1233411594294;8.0796844770247844281e-09;
2752183.4788981964812;9.3340117857110271871e-09;
2752516.8344552335329;7.8512059076274454128e-09;
2752850.1900122705847;8.3931945837889543327e-09;
2753183.5455693076365;7.8276700676838117943e-09;
2753516.9011263446882;8.328451706063333404e-09;
2753850.25668338174;8.1565243448267210624e-09;
2754183.6122404187918;8.2282527458232834761e-09;
2754516.9677974558435;7.7995858660528938344e-09;
2754850.3233544928953;8.5207965128120122245e-09;
2755183.6789115299471;8.3664462025012653612e-09;
2755517.0344685669988;7.8365989253370571532e-09;
2755850.3900256040506;8.63133298167895191e-09;
2756183.7455826411024;8.6738634053062924067e-09;
2756517.1011396781541;8.3053954824663378531e-09;
2756850.4566967152059;8.7801517167918063933e-09;
2757183.8122537522577;8.5846210140516632237e-09;
2757517.1678107893094;8.3240339066037449811e-09;
2757850.5233678263612;8.019683583881942468e-09;
2758183.878924863413;8.4801632382891511952e-09;
2758517.2344819004647;8.2801054901437964872e-09;
2758850.5900389375165;8.4392501875640846265e-09;
2759183.9455959745683;8.7806455439931596629e-09;
2759517.30115301162;8.6700548962426182698e-09;
2759850.6567100486718;8.2939646262047972414e-09;
2760184.0122670857236;8.5335143396036983177e-09;
2760517.3678241227753;8.3895388414134686172e-09;
2760850.7233811598271;7.9849611367421857722e-09;
2761184.0789381968789;8.8668459241603159171e-09;
2761517.4344952339306;8.7909715063005933189e-09;
2761850.7900522709824;8.5407432237616376369e-09;
2762184.1456093080342;8.7416145433394376596e-09;
2762517.5011663450859;8.8561664668418416113e-09;
2762850.8567233821377;8.5462357191090632114e-09;
2763184.2122804191895;8.1316011701915158483e-09;
2763517.5678374562413;8.4734770311456486525e-09;
2763850.923394493293;7.7585067259633433423e-09;
2764184.2789515303448;8.3391240579544501088e-09;
2764517.6345085673966;8.0945730118742176273e-09;
2764850.9900656044483;8.3148261609267137828e-09;
2765184.3456226415001;8.5688460771393692994e-09;
2765517.7011796785519;8.3980022935747911106e-09;
2765851.0567367156036;8.1280022712348909408e-09;
2766184.4122937526554;8.3515265814071426576e-09;
2766517.7678507897072;8.487034186543951364e-09;
2766851.1234078267589;8.4248519272023258964e-09;
2767184.4789648638107;8.3160394126480241539e-09;
2767517.8345219008625;8.7242781887653109152e-09;
2767851.1900789379142;8.544374985319791449e-09;
2768184.545635974966;8.3708862064213462872e-09;
2768517.9011930120178;8.443580057360122737e-09;
2768851.2567500490695;8.1309012855967921496e-09;
2769184.6123070861213;8.5482936285075084015e-09;
2769517.9678641231731;8.2432993764314232976e-09;
2769851.3234211602248;8.6699483148322542547e-09;
2770184.6789781972766;8.5244344916191039374e-09;
2770518.0345352343284;8.0598514529128806316e-09;
2770851.3900922713801;8.1507227633892398444e-09;
2771184.7456493084319;8.2660225331210313016e-09;
2771518.1012063454837;8.063024026228049479e-09;
2771851.4567633825354;8.5012548112217700691e-09;
2772184.8123204195872;8.5246742997924229712e-09;
2772518.167877456639;8.7578921892372818547e-09;
2772851.5234344936907;8.2068583040495468595e-09;
2773184.8789915307425;8.1550908248573250603e-09;
2773518.2345485677943;8.2539646228951824014e-09;
2773851.590105604846;8.8433713685276416072e-09;
2774184.9456626418978;8.5308915487303238478e-09;
2774518.3012196789496;8.8047729107643135649e-09;
2774851.6567767160013;8.6739397886503866175e-09;
2775185.0123337530531;9.1449878780736071349e-09;
2775518.3678907901049;1.0667663197239107831e-08;
2775851.7234478271566;1.8948803415241854964e-08;
2776185.0790048642084;1.642109914712364116e-08;
2776518.4345619012602;1.0692109420062934078e-08;
2776851.7901189383119;9.0537772834409224743e-09;
2777185.1456759753637;8.7272216120481971302e-09;
2777518.5012330124155;8.3509545945048557769e-09;
2777851.8567900494672;8.5984313002995804709e-09;
2778185.212347086519;9.0819254339180588431e-09;
2778518.5679041235708;1.1652318221422319766e-08;
2778851.9234611606225;1.6162916338657851156e-08;
2779185.2790181976743;1.4033686213110740937e-08;
2779518.6345752347261;1.0061532940142114967e-08;
2779851.9901322717778;9.112385512821674638e-09;
2780185.3456893088296;8.5087847878639877308e-09;
2780518.7012463458814;8.0387394518766086549e-09;
2780852.0568033829331;8.216003877237199049e-09;
2781185.4123604199849;8.45175751607030179e-09;
2781518.7679174570367;8.5188958109938539565e-09;
2781852.1234744940884;8.8712859280803968431e-09;
2782185.4790315311402;8.2731554940096430073e-09;
2782518.834588568192;8.4163014335558727907e-09;
2782852.1901456052437;8.4146751788694018614e-09;
2783185.5457026422955;8.6463272097603294242e-09;
2783518.9012596793473;8.2455438032980055141e-09;
2783852.256816716399;8.5459657128694743733e-09;
2784185.6123737534508;9.3036609527530345076e-09;
2784518.9679307905026;7.8871069675301441748e-09;
2784852.3234878275543;8.6291498391233290022e-09;
2785185.6790448646061;8.8349860760672527249e-09;
2785519.0346019016579;8.7048972474690344825e-09;
2785852.3901589387096;9.2073726420949242311e-09;
2786185.7457159757614;7.9977073852433022694e-09;
2786519.1012730128132;8.411601193358819728e-09;
2786852.4568300498649;8.2909492604699153162e-09;
2787185.8123870869167;8.4142470768711064011e-09;
2787519.1679441239685;8.5127469517942699895e-09;
2787852.5235011610202;8.3125630823133178637e-09;
2788185.879058198072;8.0258848456082887424e-09;
2788519.2346152351238;8.6616509520354156848e-09;
2788852.5901722721756;8.2473547990957740694e-09;
2789185.9457293092273;8.4561238011815476057e-09;
2789519.3012863462791;8.5430542640096973628e-09;
2789852.6568433833309;9.4243359782808511227e-09;
2790186.0124004203826;1.1048993719953159598e-08;
2790519.3679574574344;1.5642774187085706217e-08;
2790852.7235144944862;1.7536965657427572296e-08;
2791186.0790715315379;1.234313007358878167e-08;
2791519.4346285685897;9.465501271677112527e-09;
2791852.7901856056415;8.6040676805509974656e-09;
2792186.1457426426932;8.9541911663104656327e-09;
2792519.501299679745;8.5198834653965604957e-09;
2792852.8568567167968;8.3643154624724047608e-09;
2793186.2124137538485;8.3176461274092616804e-09;
2793519.5679707909003;9.3795264888285601046e-09;
2793852.9235278279521;8.5717068998292234028e-09;
2794186.2790848650038;8.0384294776081333112e-09;
2794519.6346419020556;8.4356184260059308144e-09;
2794852.9901989391074;8.1222930603530585358e-09;
2795186.3457559761591;8.2876585594249263522e-09;
2795519.7013130132109;8.5246290026930182648e-09;
2795853.0568700502627;8.2272837431673906394e-09;
2796186.4124270873144;8.7931022463294539193e-09;
2796519.7679841243662;8.1685262998121288547e-09;
2796853.123541161418;8.5264266758144913183e-09;
2797186.4790981984697;8.5595788235082181927e-09;
2797519.8346552355215;8.6485751893405904411e-09;
2797853.1902122725733;8.4392945964850696328e-09;
2798186.545769309625;8.9985805473702384916e-09;
2798519.9013263466768;8.1754309988468776282e-09;
2798853.2568833837286;9.0012530762351161684e-09;
2799186.6124404207803;8.2986577609744927031e-09;
2799519.9679974578321;7.6076007715641935647e-09;
2799853.3235544948839;8.6583495928493903193e-09;
2800186.6791115319356;9.91956827789408635e-09;
2800520.0346685689874;8.5880156319717571023e-09;
2800853.3902256060392;8.475963042542389303e-09;
2801186.7457826430909;8.3749016610568105534e-09;
2801520.1013396801427;8.1605939783457870362e-09;
2801853.4568967171945;8.5494349377768230624e-09;
2802186.8124537542462;8.5007467731657015975e-09;
2802520.168010791298;8.883497493172853865e-09;
2802853.5235678283498;8.6639335705740450067e-09;
2803186.8791248654015;7.9817352727218349173e-09;
2803520.2346819024533;8.669049478271517728e-09;
2803853.5902389395051;8.3184499288790902938e-09;
2804186.9457959765568;8.4384046417085301073e-09;
2804520.3013530136086;7.9959097121218292159e-09;
2804853.6569100506604;8.2990512240144198586e-09;
2805187.0124670877121;8.7100824330832438136e-09;
2805520.3680241247639;8.9079854603824060177e-09;
2805853.7235811618157;8.2233100329176522791e-09;
2806187.0791381988674;8.5607361199890874559e-09;
2806520.4346952359192;8.5580298403442611743e-09;
2806853.790252272971;8.6413312061495162197e-09;
2807187.1458093100227;9.142016921259710216e-09;
2807520.5013663470745;8.5519431536340562161e-09;
2807853.8569233841263;8.7005700422082554724e-09;
2808187.212480421178;8.9952614246158191236e-09;
2808520.5680374582298;8.3549309692898532376e-09;
2808853.9235944952816;8.7545233284913592797e-09;
2809187.2791515323333;8.2682012347845557088e-09;
2809520.6347085693851;8.7425355843606666895e-09;
2809853.9902656064369;8.2121074385099745996e-09;
2810187.3458226434886;8.9235543399013295129e-09;
2810520.7013796805404;9.4648200388292025309e-09;
2810854.0569367175922;1.0219291191049251211e-08;
2811187.4124937546439;1.1304308600301737897e-08;
2811520.7680507916957;2.175666402592923987e-08;
2811854.1236078287475;1.3906096718585558847e-08;
2812187.4791648657992;1.5983252055207231024e-08;
2812520.834721902851;1.8873024032473040279e-08;
2812854.1902789399028;1.5400265951370784023e-08;
2813187.5458359769545;1.2100415780480489047e-08;
2813520.9013930140063;1.1706093872021483548e-08;
2813854.2569500510581;1.022992446308990111e-08;
2814187.6125070881099;8.729858613776286802e-09;
2814520.9680641251616;8.7229752310236108315e-09;
2814854.3236211622134;8.7625089406628831057e-09;
2815187.6791781992652;8.4890920959423965542e-09;
2815521.0347352363169;8.5856468601264168683e-09;
2815854.3902922733687;9.0100487071254065086e-09;
2816187.7458493104205;1.0834352970334748534e-08;
2816521.1014063474722;9.2477367985566161224e-09;
2816854.456963384524;8.6891907002950574679e-09;
2817187.8125204215758;8.7658342806662403746e-09;
2817521.1680774586275;8.1794393480549842934e-09;
2817854.5236344956793;8.5805353933210426476e-09;
2818187.8791915327311;9.0472109803840794484e-09;
2818521.2347485697828;8.921469785150293319e-09;
2818854.5903056068346;8.7959914907287384267e-09;
2819187.9458626438864;8.9759719656967718038e-09;
2819521.3014196809381;8.2322859640271417447e-09;
2819854.6569767179899;8.7342462151696054207e-09;
2820188.0125337550417;1.7100729721164498187e-08;
2820521.3680907920934;8.4374711661894252757e-09;
2820854.7236478291452;8.7677136662023258395e-09;
2821188.079204866197;8.8475360371376154944e-09;
2821521.4347619032487;8.6106153318610267888e-09;
2821854.7903189403005;8.237117654630310426e-09;
2822188.1458759773523;8.3002618112004711293e-09;
2822521.501433014404;8.3675928408410982229e-09;
2822854.8569900514558;8.7974747486896376358e-09;
2823188.2125470885076;9.3624059616104204906e-09;
2823521.5681041255593;8.4794038457403075881e-09;
2823854.9236611626111;8.9397627078824370983e-09;
2824188.2792181996629;1.3122575914792378171e-08;
2824521.6347752367146;8.4197617766790244787e-09;
2824854.9903322737664;8.5388824899723658746e-09;
2825188.3458893108182;8.939370133020929643e-09;
2825521.7014463478699;9.1276861624578486953e-09;
2825855.0570033849217;8.5823446127619718027e-09;
2826188.4125604219735;8.2912841037341422634e-09;
2826521.7681174590252;8.9795522129065830086e-09;
2826855.123674496077;8.0253776957306399709e-09;
2827188.4792315331288;8.9046370277401365456e-09;
2827521.8347885701805;8.7970732920439331792e-09;
2827855.1903456072323;8.3819964302733751538e-09;
2828188.5459026442841;9.8686756544452691742e-09;
2828521.9014596813358;8.8480955895420265733e-09;
2828855.2570167183876;8.335125478708960145e-09;
2829188.6125737554394;8.607332624421815126e-09;
2829521.9681307924911;1.0400092342877087503e-08;
2829855.3236878295429;8.7653111435770370008e-09;
2830188.6792448665947;8.741752210994491179e-09;
2830522.0348019036464;9.0623384352284119814e-09;
2830855.3903589406982;9.0886604908746448928e-09;
2831188.74591597775;8.5076488076651912706e-09;
2831522.1014730148017;8.7458378317251117551e-09;
2831855.4570300518535;8.9090805843738962722e-09;
2832188.8125870889053;1.1425837165290886333e-08;
2832522.168144125957;8.9676346348710467282e-09;
2832855.5237011630088;8.7779001844978665758e-09;
2833188.8792582000606;8.7620470878846390406e-09;
2833522.2348152371123;9.335635375862239016e-09;
2833855.5903722741641;9.1896943388292129384e-09;
2834188.9459293112159;8.9207636833066317195e-09;
2834522.3014863482676;8.444069443669377506e-09;
2834855.6570433853194;8.8181932866859824571e-09;
2835189.0126004223712;8.807263363053152716e-09;
2835522.3681574594229;8.5225178025893910672e-09;
2835855.7237144964747;8.954207153522020235e-09;
2836189.0792715335265;8.531310768944422307e-09;
2836522.4348285705782;8.5364826318823361362e-09;
2836855.79038560763;8.7591995878710804391e-09;
2837189.1459426446818;8.8224858529883931624e-09;
2837522.5014996817335;1.0033944342069389677e-08;
2837855.8570567187853;8.9745686437936456059e-09;
2838189.2126137558371;9.334798711790881498e-09;
2838522.5681707928888;8.4941484956857493671e-09;
2838855.9237278299406;7.9890858373232731537e-09;
2839189.2792848669924;8.5028526441988105944e-09;
2839522.6348419040442;8.471289447697927244e-09;
2839855.9903989410959;9.0011900155673174595e-09;
2840189.3459559781477;9.1844656324724383012e-09;
2840522.7015130151995;8.4529743205052909616e-09;
2840856.0570700522512;8.6766522855441508e-09;
2841189.412627089303;8.661985795299642632e-09;
2841522.7681841263548;8.9443021877855244384e-09;
2841856.1237411634065;8.1334015078482480021e-09;
2842189.4792982004583;8.3908648917940809042e-09;
2842522.8348552375101;8.5130462679217089317e-09;
2842856.1904122745618;8.1176283472927934781e-09;
2843189.5459693116136;9.0035463529147818917e-09;
2843522.9015263486654;9.5291179391665536969e-09;
2843856.2570833857171;8.9205443032369657885e-09;
2844189.6126404227689;9.256854838213257608e-09;
2844522.9681974598207;8.1724014222572805011e-09;
2844856.3237544968724;8.4197919747452942829e-09;
2845189.6793115339242;8.2620443819791944406e-09;
2845523.034868570976;8.4138624956153762469e-09;
2845856.3904256080277;8.5859035436897102045e-09;
2846189.7459826450795;8.4217441909117951582e-09;
2846523.1015396821313;9.1691338965915747394e-09;
2846856.457096719183;1.1820453060806812573e-08;
2847189.8126537562348;1.9527554684373171767e-08;
2847523.1682107932866;1.1173390213059519738e-08;
2847856.5237678303383;9.2161762665909918724e-09;
2848189.8793248673901;8.9842382422489208693e-09;
2848523.2348819044419;8.7412148630505726032e-09;
2848856.5904389414936;8.2498186060320222168e-09;
2849189.9459959785454;8.1968156706579975435e-09;
2849523.3015530155972;9.0536982355615691631e-09;
2849856.6571100526489;8.3955100649291125592e-09;
2850190.0126670897007;8.4532718602758905035e-09;
2850523.3682241267525;8.7115363811562929186e-09;
2850856.7237811638042;8.8739673387294715212e-09;
2851190.079338200856;8.3764026825861037651e-09;
2851523.4348952379078;8.5300815300115573336e-09;
2851856.7904522749595;8.2698425885041615402e-09;
2852190.1460093120113;8.2873530260485495091e-09;
2852523.5015663490631;8.1925977113428416487e-09;
2852856.8571233861148;7.8414466031517804367e-09;
2853190.2126804231666;8.7098683820840960834e-09;
2853523.5682374602184;8.2190352301836355764e-09;
2853856.9237944972701;8.2976958637459574675e-09;
2854190.2793515343219;8.2904687559448575485e-09;
2854523.6349085713737;8.5345632783173641656e-09;
2854856.9904656084254;7.9765349880744906841e-09;
2855190.3460226454772;8.4570892511237616418e-09;
2855523.701579682529;8.6068041582620935515e-09;
2855857.0571367195807;8.4885103390774929721e-09;
2856190.4126937566325;8.2450082317109263386e-09;
2856523.7682507936843;8.2243936105896864319e-09;
2856857.123807830736;8.3870927980456144724e-09;
2857190.4793648677878;8.3944771134270013135e-09;
2857523.8349219048396;8.3421127783367410302e-09;
2857857.1904789418913;8.4017210966180755349e-09;
2858190.5460359789431;8.062740697312165139e-09;
2858523.9015930159949;8.1443962685057158524e-09;
2858857.2571500530466;8.4994322691045454121e-09;
2859190.6127070900984;8.3254816374278561852e-09;
2859523.9682641271502;8.1755029412988733384e-09;
2859857.3238211642019;8.6363991513849214243e-09;
2860190.6793782012537;8.895490566374064656e-09;
2860524.0349352383055;9.6309866748356398602e-09;
2860857.3904922753572;9.8439150164608690829e-09;
2861190.746049312409;8.2132620704555847624e-09;
2861524.1016063494608;8.6631883888799166016e-09;
2861857.4571633865125;8.400451889656324056e-09;
2862190.8127204235643;8.2741289375576343446e-09;
2862524.1682774606161;8.0004483038464968558e-09;
2862857.5238344976678;8.4070368444599807844e-09;
2863190.8793915347196;8.2337034967849831446e-09;
2863524.2349485717714;8.4874960393221954291e-09;
2863857.5905056088232;7.9936626207199878991e-09;
2864190.9460626458749;7.8762649735608647461e-09;
2864524.3016196829267;8.375813820293842582e-09;
2864857.6571767199785;8.2377544785572354158e-09;
2865191.0127337570302;8.4982234582753335417e-09;
2865524.368290794082;7.9779924888612185896e-09;
2865857.7238478311338;8.1955198183436550607e-09;
2866191.0794048681855;8.2621900432400252612e-09;
2866524.4349619052373;8.1464710532941353449e-09;
2866857.7905189422891;8.2523401445655508724e-09;
2867191.1460759793408;8.1806179608179263596e-09;
2867524.5016330163926;8.3546378704113521962e-09;
2867857.8571900534444;7.749284769431596942e-09;
2868191.2127470904961;8.4819360424148726452e-09;
2868524.5683041275479;8.2134059553595761827e-09;
2868857.9238611645997;7.8385680168935323309e-09;
2869191.2794182016514;8.069726220583106624e-09;
2869524.6349752387032;8.1923960948415697203e-09;
2869857.990532275755;7.8804447412039735354e-09;
2870191.3460893128067;8.0357605014569344348e-09;
2870524.7016463498585;8.2925808442269044463e-09;
2870858.0572033869103;7.7162614076087265857e-09;
2871191.412760423962;8.2386231170517021383e-09;
2871524.7683174610138;7.7274524556969481637e-09;
2871858.1238744980656;7.6764568035514457733e-09;
2872191.4794315351173;9.0392680007767012285e-09;
2872524.8349885721691;8.0134023860978231824e-09;
2872858.1905456092209;8.3761380054170331277e-09;
2873191.5461026462726;8.1709510268979101966e-09;
2873524.9016596833244;8.2064257611591528985e-09;
2873858.2572167203762;8.2513835764075338375e-09;
2874191.6127737574279;8.1446822619568592927e-09;
2874524.9683307944797;8.0763919996229560638e-09;
2874858.3238878315315;8.0507103206173269427e-09;
2875191.6794448685832;7.8092927680017965031e-09;
2875525.035001905635;7.7613142579480154382e-09;
2875858.3905589426868;7.8293060923328994249e-09;
2876191.7461159797385;8.7136022841605154099e-09;
2876525.1016730167903;8.2175048987664922606e-09;
2876858.4572300538421;8.5225329016225259693e-09;
2877191.8127870908938;8.5121039106184070988e-09;
2877525.1683441279456;8.6421358957977645332e-09;
2877858.5239011649974;8.1723872114025652991e-09;
2878191.8794582020491;8.2846156601590337232e-09;
2878525.2350152391009;8.1048039390907433699e-09;
2878858.5905722761527;8.0266744362234021537e-09;
2879191.9461293132044;8.2165376724674388242e-09;
2879525.3016863502562;8.6774294416613884096e-09;
2879858.657243387308;8.0429920501501328545e-09;
2880192.0128004243597;8.648241234254783194e-09;
2880525.3683574614115;8.2905851073178382649e-09;
2880858.7239144984633;7.9839646005552822317e-09;
2881192.079471535515;8.2656157474048086442e-09;
2881525.4350285725668;9.2663237083456806431e-09;
2881858.7905856096186;1.1150408596449778997e-08;
2882192.1461426466703;1.3050503788747391809e-08;
2882525.5016996837221;1.3293696810023902799e-08;
2882858.8572567207739;1.5546916642961150501e-08;
2883192.2128137578256;1.1268204147540927806e-08;
2883525.5683707948774;9.362373099008891586e-09;
2883858.9239278319292;8.5879099387398127874e-09;
2884192.2794848689809;8.4093114693928328052e-09;
2884525.6350419060327;8.4414741863270137401e-09;
2884858.9905989430845;7.9685795739692366624e-09;
2885192.3461559801362;8.2623348163224363816e-09;
2885525.701713017188;8.7560918515805497009e-09;
2885859.0572700542398;7.8242328171995723096e-09;
2886192.4128270912915;7.876874263956779032e-09;
2886525.7683841283433;8.9693514837563270703e-09;
2886859.1239411653951;7.8546271709001302952e-09;
2887192.4794982024468;8.864136091801810835e-09;
2887525.8350552394986;8.1368742854692754918e-09;
2887859.1906122765504;8.3705335995887253375e-09;
2888192.5461693136021;8.6887483874420468055e-09;
2888525.9017263506539;7.8391604318994723144e-09;
2888859.2572833877057;8.0064097573995240964e-09;
2889192.6128404247575;8.3144033879989365232e-09;
2889525.9683974618092;7.7077935145553055918e-09;
2889859.323954498861;8.1755029412988733384e-09;
2890192.6795115359128;8.4675395584099533153e-09;
2890526.0350685729645;7.9127531193989852909e-09;
2890859.3906256100163;8.2745801321948420082e-09;
2891192.7461826470681;8.2546893764856577036e-09;
2891526.1017396841198;8.585963939822249813e-09;
2891859.4572967211716;8.385884875394822302e-09;
2892192.8128537582234;8.4397537847280545975e-09;
2892526.1684107952751;7.8355535393370701058e-09;
2892859.5239678323269;7.5932069520945333352e-09;
2893192.8795248693787;7.8566557704107253812e-09;
2893526.2350819064304;7.9742230596480112581e-09;
2893859.5906389434822;8.4116162923919546301e-09;
2894192.946195980534;8.0468636198816057004e-09;
2894526.3017530175857;8.4472295824866705516e-09;
2894859.6573100546375;8.1257320871941374207e-09;
2895193.0128670916893;7.8537301106962331687e-09;
2895526.368424128741;8.3597617717146022187e-09;
2895859.7239811657928;8.2968210080025528441e-09;
2896193.0795382028446;8.5446147934931104828e-09;
2896526.4350952398963;8.4276345901912463887e-09;
2896859.7906522769481;8.5056610643619023904e-09;
2897193.1462093139999;8.0564825921669580566e-09;
2897526.5017663510516;8.4912095132949616527e-09;
2897859.8573233881034;8.4922691101496639021e-09;
2898193.2128804251552;7.6891168987458513584e-09;
2898526.5684374622069;8.0609421360122723854e-09;
2898859.9239944992587;7.7328436987045279238e-09;
2899193.2795515363105;7.8760713506653701188e-09;
2899526.6351085733622;8.3625817381971501163e-09;
2899859.990665610414;7.9571789157739658549e-09;
2900193.3462226474658;7.8185440344213930075e-09;
2900526.7017796845175;8.2981186366737347271e-09;
2900860.0573367215693;7.7943944631897466024e-09;
2901193.4128937586211;7.723476080911950703e-09;
2901526.7684507956728;8.604914114584971685e-09;
2901860.1240078327246;8.0558457682400330668e-09;
2902193.4795648697764;7.9669275621085944294e-09;
2902526.8351219068281;8.1346875901999737835e-09;
2902860.1906789438799;8.4455828996965465194e-09;
2903193.5462359809317;7.8305584239046766015e-09;
2903526.9017930179834;7.9305522149297758006e-09;
2903860.2573500550352;8.0868129970212976332e-09;
2904193.612907092087;8.2241333743127142952e-09;
2904526.9684641291387;8.3721953814119842718e-09;
2904860.3240211661905;7.8063298047936768853e-09;
2905193.6795782032423;7.5598389770448193303e-09;
2905527.035135240294;7.9036812650201682118e-09;
2905860.3906922773458;8.079088509305165644e-09;
2906193.7462493143976;7.8600104203019327542e-09;
2906527.1018063514493;8.3661380045896294178e-09;
2906860.4573633885011;8.2658777600386201811e-09;
2907193.8129204255529;7.9820017262477449549e-09;
2907527.1684774626046;9.2257659289884941245e-09;
2907860.5240344996564;1.0543414141750417912e-08;
2908193.8795915367082;1.2297699747421120264e-08;
2908527.2351485737599;1.0519991100466086209e-08;
2908860.5907056108117;8.6320754988378212147e-09;
2909193.9462626478635;8.2459639116905236733e-09;
2909527.3018196849152;8.7215505928384118306e-09;
2909860.657376721967;8.1329156742526720336e-09;
2910194.0129337590188;8.1500495241471071495e-09;
2910527.3684907960705;7.8031350270180155348e-09;
2910860.7240478331223;8.0753990161497313238e-09;
2911194.0796048701741;8.1313009658856572059e-09;
2911527.4351619072258;8.3733278088971019315e-09;
2911860.7907189442776;8.3674311923687128001e-09;
2912194.1462759813294;8.3444877674310191651e-09;
2912527.5018330183811;7.7839947820734778361e-09;
2912860.8573900554329;8.8841058953903484507e-09;
2913194.2129470924847;8.9636023048456081597e-09;
2913527.5685041295364;7.9048056988995085703e-09;
2913860.9240611665882;8.1902085113938483119e-09;
2914194.27961820364;8.4354851992429757956e-09;
2914527.6351752406918;7.763646614478147967e-09;
2914860.9907322777435;8.2894056063764764986e-09;
2915194.3462893147953;7.8577597761864126369e-09;
2915527.7018463518471;8.2090645392440819705e-09;
2915861.0574033888988;7.7775981210947975342e-09;
2916194.4129604259506;8.4305664671546765021e-09;
2916527.7685174630024;7.9516313533645188727e-09;
2916861.1240745000541;8.1973912102739632246e-09;
2917194.4796315371059;8.4194962113315341412e-09;
2917527.8351885741577;8.7177669527704892971e-09;
2917861.1907456112094;8.5072153765963776095e-09;
2918194.5463026482612;1.1448279657599869097e-08;
2918527.901859685313;1.1036675573450338561e-08;
2918861.2574167223647;9.0640259742258422193e-09;
2919194.6129737594165;8.6031306523182138335e-09;
2919527.9685307964683;8.4003337619265039393e-09;
2919861.32408783352;7.9641431227628345368e-09;
2920194.6796448705718;8.490970593300062319e-09;
2920528.0352019076236;8.4025328916936814494e-09;
2920861.3907589446753;7.9098487759665658814e-09;
2921194.7463159817271;8.1198958667982878978e-09;
2921528.1018730187789;8.0642701405508887547e-09;
2921861.4574300558306;7.4071868638725391065e-09;
2922194.8129870928824;8.020768937910816021e-09;
2922528.1685441299342;8.5990814469028009626e-09;
2922861.5241011669859;7.789384248724218196e-09;
2923194.8796582040377;8.5011198081019756501e-09;
2923528.2352152410895;7.583049743686842703e-09;
2923861.5907722781412;7.8890884935844951542e-09;
2924194.946329315193;7.9704554067916433269e-09;
2924528.3018863522448;7.7916428864455156145e-09;
2924861.6574433892965;8.2497750852894569107e-09;
2925195.0130004263483;8.5732878574162896257e-09;
2925528.3685574634001;8.0682660552611196181e-09;
2925861.7241145004518;7.9836839361746569921e-09;
2926195.0796715375036;8.6591711578876129352e-09;
2926528.4352285745554;8.4994180582498302101e-09;
2926861.7907856116071;7.7470794224154815311e-09;
2927195.1463426486589;8.1725017864187066152e-09;
2927528.5018996857107;8.305862664315100119e-09;
2927861.8574567227624;8.0589313000700713019e-09;
2928195.2130137598142;8.8092129146843944909e-09;
2928528.568570796866;8.4737896699493830965e-09;
2928861.9241278339177;8.2267925805012964702e-09;
2929195.2796848709695;8.207578616747923661e-09;
2929528.6352419080213;8.2983078186771308538e-09;
2929861.990798945073;9.2409804253179572697e-09;
2930195.3463559821248;1.1001096922313990945e-08;
2930528.7019130191766;1.1387783160898834467e-08;
2930862.0574700562283;9.5479357753447402501e-09;
2931195.4130270932801;8.5181923736854514573e-09;
2931528.7685841303319;8.2399109757602673199e-09;
2931862.1241411673836;8.6157294632016601099e-09;
2932195.4796982044354;8.1620710190577483445e-09;
2932528.8352552414872;8.1444682109577115625e-09;
2932862.1908122785389;8.258678185768530966e-09;
2933195.5463693155907;7.9984241452280002704e-09;
2933528.9019263526425;7.9501782934698894678e-09;
2933862.2574833896942;7.9012938414280142752e-09;
2934195.613040426746;8.116102456767748663e-09;
2934528.9685974637978;8.1723436906599999929e-09;
2934862.3241545008495;8.2553270885910023935e-09;
2935195.6797115379013;8.521814365280988568e-09;
2935529.0352685749531;8.5676568062353908317e-09;
2935862.3908256120048;8.6166069834803238336e-09;
2936195.7463826490566;8.4975813052778903511e-09;
2936529.1019396861084;7.9722477508425981796e-09;
2936862.4574967231601;7.8945223691562205204e-09;
2937195.8130537602119;8.1795397122164104076e-09;
2937529.1686107972637;8.1911872840123578499e-09;
2937862.5241678343154;8.68920579932819237e-09;
2938195.8797248713672;7.9418729370672735968e-09;
2938529.235281908419;8.2713098592535061471e-09;
2938862.5908389454708;8.4054123661303492554e-09;
2939195.9463959825225;8.5103994962310025585e-09;
2939529.3019530195743;8.3853981536208266334e-09;
2939862.6575100566261;7.8573592077191278804e-09;
2940196.0130670936778;8.2313169613712489081e-09;
2940529.3686241307296;8.2467321860235642816e-09;
2940862.7241811677814;8.8960536714921545354e-09;
2941196.0797382048331;8.5311606667914929858e-09;
2941529.4352952418849;8.9211402709565845726e-09;
2941862.7908522789367;8.1048181499454585719e-09;
2942196.1464093159884;8.4257099075557562173e-09;
2942529.5019663530402;8.1116979799844557419e-09;
2942862.857523390092;8.2472970674984935613e-09;
2943196.2130804271437;8.8645562001943289943e-09;
2943529.5686374641955;8.1095752335613724426e-09;
2943862.9241945012473;8.6605558280439254304e-09;
2944196.279751538299;9.5453200898987233813e-09;
2944529.6353085753508;8.3648741266983961395e-09;
2944862.9908656124026;8.0171203009626879066e-09;
2945196.3464226494543;8.8310763146637327736e-09;
2945529.7019796865061;8.0710593763910765119e-09;
2945863.0575367235579;8.1487181446959766618e-09;
2946196.4130937606096;8.3953768381661575404e-09;
2946529.7686507976614;8.5643767633314382692e-09;
2946863.1242078347132;8.2943287793568742927e-09;
2947196.4797648717649;8.2140267920749465702e-09;
2947529.8353219088167;8.3501481284997680632e-09;
2947863.1908789458685;8.6325160353339924768e-09;
2948196.5464359829202;8.4493221308434840466e-09;
2948529.901993019972;8.5585414311140084465e-09;
2948863.2575500570238;8.4244078379924758337e-09;
2949196.6131070940755;8.5053031284587632399e-09;
2949529.9686641311273;9.0784162409818236483e-09;
2949863.3242211681791;8.6312725855464123015e-09;
2950196.6797782052308;9.556360147655595938e-09;
2950530.0353352422826;1.1288789458774317609e-08;
2950863.3908922793344;1.1711256853175200376e-08;
2951196.7464493163861;9.5035908032059523975e-09;
2951530.1020063534379;8.7588611918931746914e-09;
2951863.4575633904897;9.202925532747485704e-09;
2952196.8131204275414;1.087319301262823501e-08;
2952530.1686774645932;9.3689704883104241162e-09;
2952863.524234501645;1.0087549462411971035e-08;
2953196.8797915386967;1.2068062993364492286e-08;
2953530.2353485757485;1.1447293779554001958e-08;
2953863.5909056128003;1.288767403906376785e-08;
2954196.946462649852;1.1267015764815369039e-08;
2954530.3020196869038;9.1455509831916970143e-09;
2954863.6575767239556;9.3651362220725786756e-09;
2955197.0131337610073;9.572658221657093236e-09;
2955530.3686907980591;9.2183949362834027852e-09;
2955863.7242478351109;8.7707476836840214673e-09;
2956197.0798048721626;8.6571789736922255543e-09;
2956530.4353619092144;9.2102201421084828326e-09;
2956863.7909189462662;9.0821332676682686724e-09;
2957197.1464759833179;8.6269364985014362901e-09;
2957530.5020330203697;8.3832478736667326302e-09;
2957863.8575900574215;8.643198157187725883e-09;
2958197.2131470944732;9.0401730545863756561e-09;
2958530.568704131525;8.8375164963849783817e-09;
2958863.9242611685768;8.9503533473589413916e-09;
2959197.2798182056285;8.7527389780461817281e-09;
2959530.6353752426803;8.8080680527014010295e-09;
2959863.9909322797321;8.5653093506721234007e-09;
2960197.3464893167838;9.6687564621333876858e-09;
2960530.7020463538356;8.7683913463365570351e-09;
2960864.0576033908874;9.0222611603962832305e-09;
2961197.4131604279391;8.7649105751097522443e-09;
2961530.7687174649909;8.7531395465134664846e-09;
2961864.1242745020427;8.4188895854708789557e-09;
2962197.4798315390944;8.3259790173428882554e-09;
2962530.8353885761462;8.8310914136968676758e-09;
2962864.190945613198;8.4279454526381414325e-09;
2963197.5465026502497;8.1311579691600854858e-09;
2963530.9020596873015;8.6936644549950869987e-09;
2963864.2576167243533;8.8281906229781270667e-09;
2964197.6131737614051;8.4399323085904143227e-09;
2964530.9687307984568;8.3049727095385605935e-09;
2964864.3242878355086;8.6851006386723383912e-09;
2965197.6798448725604;8.5506215441455424298e-09;
2965531.0354019096121;8.2424733705011021812e-09;
2965864.3909589466639;8.7059977005310429377e-09;
2966197.7465159837157;8.2125408695787882607e-09;
2966531.1020730207674;8.4158582325244424283e-09;
2966864.4576300578192;8.4234903496849256044e-09;
2967197.813187094871;8.6483931127645519155e-09;
2967531.1687441319227;8.5281639528034247633e-09;
2967864.5243011689745;8.3450446553001711436e-09;
2968197.8798582060263;8.3018072416507493472e-09;
2968531.235415243078;8.4156219770648021949e-09;
2968864.5909722801298;8.325408806797440775e-09;
2969197.9465293171816;8.0917583744621879305e-09;
2969531.3020863542333;8.0457756013174730469e-09;
2969864.6576433912851;8.582269117596297292e-09;
2970198.0132004283369;7.9142132847209722968e-09;
2970531.3687574653886;8.26182677826636791e-09;
2970864.7243145024404;8.4564204527737274475e-09;
2971198.0798715394922;7.9870652314184553688e-09;
2971531.4354285765439;7.7073876170175026346e-09;
2971864.7909856135957;8.4605362715706178278e-09;
2972198.1465426506475;8.3128259831255491008e-09;
2972531.5020996876992;9.04176111760079948e-09;
2972864.857656724751;1.0121845583910271671e-08;
2973198.2132137618028;8.7987892527507938212e-09;
2973531.5687707988545;8.5343234701440451317e-09;
2973864.9243278359063;8.2004589785356074572e-09;
2974198.2798848729581;7.8042319273663451895e-09;
2974531.6354419100098;8.4978948322600444953e-09;
2974864.9909989470616;8.3502946779390185839e-09;
2975198.3465559841134;7.9423747578744041675e-09;
2975531.7021130211651;8.3501330294666331611e-09;
2975865.0576700582169;7.9932416241490500397e-09;
2976198.4132270952687;8.2769791021064520464e-09;
2976531.7687841323204;8.6515683506149798632e-09;
2976865.1243411693722;7.9879489689460569934e-09;
2977198.479898206424;7.8848483298088467564e-09;
2977531.8354552434757;7.8691284599585742399e-09;
2977865.1910122805275;8.1529138995506400533e-09;
2978198.5465693175793;7.9387483253867685562e-09;
2978531.902126354631;8.1127522477686397906e-09;
2978865.2576833916828;8.1752729030881710059e-09;
2979198.6132404287346;8.079003244176874432e-09;
2979531.9687974657863;8.2315780858266407449e-09;
2979865.3243545028381;8.0107280808761061053e-09;
2980198.6799115398899;8.2503257559096709883e-09;
2980532.0354685769416;7.8585609131209821498e-09;
2980865.3910256139934;8.1960234155076250318e-09;
2981198.7465826510452;8.042031041100017319e-09;
2981532.1021396880969;7.8884783150101611682e-09;
2981865.4576967251487;8.3069275902403205691e-09;
2982198.8132537622005;8.4048661364022336784e-09;
2982532.1688107992522;8.4732088012628992146e-09;
2982865.524367836304;7.6165997953125952336e-09;
2983198.8799248733558;8.1427087295082856144e-09;
2983532.2354819104075;8.1542887997443358472e-09;
2983865.5910389474593;7.9685511522598062584e-09;
2984198.9465959845111;8.3971762876444699941e-09;
2984532.3021530215628;7.9162152388789763791e-09;
2984865.6577100586146;9.2285050712348493107e-09;
2985199.0132670956664;9.3110505972049395496e-09;
2985532.3688241327181;7.8815247661623288877e-09;
2985865.7243811697699;8.5087998868971226329e-09;
2986199.0799382068217;8.4020168600318356766e-09;
2986532.4354952438734;7.9136155406445141125e-09;
2986865.7910522809252;7.9704696176463585289e-09;
2987199.146609317977;7.7865252023912034929e-09;
2987532.5021663550287;8.5340685629375911958e-09;
2987865.8577233920805;7.8921518209540408861e-09;
2988199.2132804291323;7.9416917486696547712e-09;
2988532.568837466184;7.9625905868851987179e-09;
2988865.9243945032358;8.5961211482299404452e-09;
2989199.2799515402876;9.3545802215544426872e-09;
2989532.6355085773394;1.2084440115245342895e-08;
2989865.9910656143911;8.865568723592787137e-09;
2990199.3466226514429;8.4548315015808839235e-09;
2990532.7021796884947;8.6143518984727052157e-09;
2990866.0577367255464;8.3504563264114040066e-09;
2991199.4132937625982;8.4075679751549614593e-09;
2991532.76885079965;7.7280901678022928536e-09;
2991866.1244078367017;8.0557462922570266528e-09;
2992199.4799648737535;8.2101170306714266189e-09;
2992532.8355219108053;8.350969693537990679e-09;
2992866.191078947857;8.4007618639247993997e-09;
2993199.5466359849088;7.7030959388935116294e-09;
2993532.9021930219606;7.6503798851490500965e-09;
2993866.2577500590123;8.0437967397983811679e-09;
2994199.6133070960641;8.3905113967830402544e-09;
2994532.9688641331159;7.9207920222756911244e-09;
2994866.3244211701676;8.7833917916668724502e-09;
2995199.6799782072194;8.4375750830645301903e-09;
2995533.0355352442712;8.0385564871221504291e-09;
2995866.3910922813229;7.8111170864758605603e-09;
2996199.7466493183747;8.4734619321125137503e-09;
2996533.1022063554265;7.9739850278315316245e-09;
2996866.4577633924782;7.9088202653565531364e-09;
2997199.81332042953;8.1677802299395807495e-09;
2997533.1688774665818;8.0764914756059624779e-09;
2997866.5244345036335;8.1923818839868545183e-09;
2998199.8799915406853;8.2258244660238233337e-09;
2998533.2355485777371;8.6594145187746107695e-09;
2998866.5911056147888;8.2540658752350282157e-09;
2999199.9466626518406;8.3221767255281520193e-09;
2999533.3022196888924;8.1384463612721447134e-09;
2999866.6577767259441;8.8422993371750635561e-09;
3000200.0133337629959;9.3836964865090521926e-09;
3000533.3688908000477;8.8409635168318345677e-09;
3000866.7244478370994;7.8933162228622677503e-09;
3001200.0800048741512;8.3210371926156767586e-09;
3001533.435561911203;8.0782083244912428199e-09;
3001866.7911189482547;7.7298150102933504968e-09;
3002200.1466759853065;7.9879773906554873975e-09;
3002533.5022330223583;8.3410727214072721836e-09;
3002866.85779005941;7.8531510183665886871e-09;
3003200.2133470964618;8.6456282133440254256e-09;
3003533.5689041335136;7.9240622952170269855e-09;
3003866.9244611705653;7.9664381757993396604e-09;
3004200.2800182076171;7.4261574667389140814e-09;
3004533.6355752446689;7.7672890341773381806e-09;
3004866.9911322817206;8.5292128915170906112e-09;
3005200.3466893187724;8.058733236282478174e-09;
3005533.7022463558242;7.9938731190054568287e-09;
3005867.0578033928759;7.9805149155731669453e-09;
3006200.4133604299277;8.0772579735821636859e-09;
3006533.7689174669795;8.0003914604276360478e-09;
3006867.1244745040312;8.0530719870353095757e-09;
3007200.480031541083;8.2736351103562810749e-09;
3007533.8355885781348;8.3206419532189102028e-09;
3007867.1911456151865;8.0118969236764314701e-09;
3008200.5467026522383;8.0948714398232368694e-09;
3008533.9022596892901;8.2047968419374228688e-09;
3008867.2578167263418;8.4956406354308455775e-09;
3009200.6133737633936;8.0020505777156358818e-09;
3009533.9689308004454;8.0364808141553112364e-09;
3009867.3244878374971;8.1258750839197091409e-09;
3010200.6800448745489;8.0214590525429230183e-09;
3010534.0356019116007;7.6120656444800260942e-09;
3010867.3911589486524;8.4203097827639794559e-09;
3011200.7467159857042;8.0094197940638878208e-09;
3011534.102273022756;8.4260065591479360592e-09;
3011867.4578300598077;8.0729023466119542718e-09;
3012200.8133870968595;7.5330204296619740489e-09;
3012534.1689441339113;7.9416775378149395692e-09;
3012867.524501170963;8.1928277495535439812e-09;
3013200.8800582080148;7.7885085048023938725e-09;
3013534.2356152450666;7.7769009010353329359e-09;
3013867.5911722821184;8.1923525740990044142e-09;
3014200.9467293191701;8.2853288674300529237e-09;
3014534.3022863562219;8.0619475539833729272e-09;
3014867.6578433932737;8.0371016508706816239e-09;
3015201.0134004303254;8.134230178313828219e-09;
3015534.3689574673772;7.96771182365318964e-09;
3015867.724514504429;8.4630045193989644758e-09;
3016201.0800715414807;8.322834865737149812e-09;
3016534.4356285785325;8.026407094519072416e-09;
3016867.7911856155843;8.1853324118696946243e-09;
3017201.146742652636;8.0958102444128599018e-09;
3017534.5022996896878;7.9219049098355753813e-09;
3017867.8578567267396;8.0828641557673108764e-09;
3018201.2134137637913;8.032698062265808403e-09;
3018534.5689708008431;8.211458180085173808e-09;
3018867.9245278378949;8.0865145690722783911e-09;
3019201.2800848749466;8.9141689585403582896e-09;
3019534.6356419119984;8.2961069125531139434e-09;
3019867.9911989490502;8.6025861989469376567e-09;
3020201.3467559861019;8.0393895984798291465e-09;
3020534.7023130231537;7.7455419855709806143e-09;
3020868.0578700602055;7.883186547985587822e-09;
3021201.4134270972572;8.1180848710005193425e-09;
3021534.768984134309;7.6792492365029829671e-09;
3021868.1245411713608;8.011938668062157376e-09;
3022201.4800982084125;7.8146449311589094577e-09;
3022534.8356552454643;7.971477700152718171e-09;
3022868.1912122825161;8.6186506820240538218e-09;
3023201.5467693195678;8.4573859027159414836e-09;
3023534.9023263566196;9.2397796080945227004e-09;
3023868.2578833936714;8.6785272301881377643e-09;
3024201.6134404307231;8.5307263475442596246e-09;
3024534.9689974677749;8.3884481583140768635e-09;
3024868.3245545048267;9.3089251862465971499e-09;
3025201.6801115418784;1.2181484265738617978e-08;
3025535.0356685789302;8.6413161071163813176e-09;
3025868.391225615982;8.4636431196827288659e-09;
3026201.7467826530337;8.5144664652148094319e-09;
3026535.1023396900855;8.5715559094978743815e-09;
3026868.4578967271373;7.780412758506827231e-09;
3027201.813453764189;7.9425426235957274912e-09;
3027535.1690108012408;8.2186746297452373256e-09;
3027868.5245678382926;8.0261104429268925742e-09;
3028201.8801248753443;8.0345463615572043636e-09;
3028535.2356819123961;7.6913186930482879688e-09;
3028868.5912389494479;8.1288877851193319657e-09;
3029201.9467959864996;7.7614918936319554632e-09;
3029535.3023530235514;7.4211623513065205771e-09;
3029868.6579100606032;7.6779542723670601845e-09;
3030202.0134670976549;8.6391906961580389179e-09;
3030535.3690241347067;7.9090982652019192756e-09;
3030868.7245811717585;8.2005602308754532714e-09;
3031202.0801382088102;7.8832691485786199337e-09;
3031535.435695245862;7.7998461023298659711e-09;
3031868.7912522829138;7.9139352848756061576e-09;
3032202.1468093199655;8.4397395738733393955e-09;
3032535.5023663570173;7.6664301573714510596e-09;
3032868.8579233940691;7.8856938756644012756e-09;
3033202.2134804311208;8.2704820769663456304e-09;
3033535.5690374681726;7.7775839102400823322e-09;
3033868.9245945052244;7.9423330134886782616e-09;
3034202.2801515422761;8.6035081281465863867e-09;
3034535.6357085793279;8.2347595409260065935e-09;
3034868.9912656163797;8.105045523620901804e-09;
3035202.3468226534314;7.9596391699965352018e-09;
3035535.7023796904832;7.9369355532321606006e-09;
3035869.057936727535;8.1873174906377244042e-09;
3036202.4134937645867;7.7701818312903014885e-09;
3036535.7690508016385;8.0476132424678326061e-09;
3036869.1246078386903;7.7044628454814301222e-09;
3037202.480164875742;8.9999883101654631901e-09;
3037535.8357219127938;9.3970751180449951789e-09;
3037869.1912789498456;8.6976363888879859587e-09;
3038202.5468359868973;8.0153883530442726624e-09;
3038535.9023930239491;8.1164444054593332112e-09;
3038869.2579500610009;7.9571647049192506529e-09;
3039202.6135070980527;7.7991328950588467706e-09;
3039535.9690641351044;7.8244388745929427387e-09;
3039869.3246211721562;7.5150836664761300199e-09;
3040202.680178209208;7.8482136345314756909e-09;
3040536.0357352462597;8.2568361037260729063e-09;
3040869.3912922833115;8.0451965089878285653e-09;
3041202.7468493203633;8.0129947122031808249e-09;
3041536.102406357415;8.1680520125360089878e-09;
3041869.4579633944668;8.3535960371250439493e-09;
3042202.8135204315186;8.0408444347312979517e-09;
3042536.1690774685703;7.6528934300768014509e-09;
3042869.5246345056221;7.8725719276917516254e-09;
3043202.8801915426739;8.4268796385345012823e-09;
3043536.2357485797256;7.7007831222886125033e-09;
3043869.5913056167774;8.1232913728968014766e-09;
3044202.9468626538292;8.5312654718450176006e-09;
3044536.3024196908809;7.9452355805642582709e-09;
3044869.6579767279327;8.4468290140193857951e-09;
3045203.0135337649845;7.6130950432684585394e-09;
3045536.3690908020362;7.6912378688120952575e-09;
3045869.724647839088;8.0082802611514125601e-09;
3046203.0802048761398;7.9448589929143054178e-09;
3046536.4357619131915;7.4757133816660825687e-09;
3046869.7913189502433;7.8145481197111621441e-09;
3047203.1468759872951;8.0755411246968833439e-09;
3047536.5024330243468;7.6228108270015582093e-09;
3047869.8579900613986;7.8698887406858375471e-09;
3048203.2135470984504;7.9660464891162519052e-09;
3048536.5691041355021;7.627673603849416395e-09;
3048869.9246611725539;8.212698965337494883e-09;
3049203.2802182096057;8.2289464131690692739e-09;
3049536.6357752466574;7.8451121154898828536e-09;
3049869.9913322837092;8.0946298552930784354e-09;
3050203.346889320761;7.6016819505753119302e-09;
3050536.7024463578127;7.7284436628133335034e-09;
3050870.0580033948645;7.7225532635338822729e-09;
3051203.4135604319163;8.0967490490024829342e-09;
3051536.769117468968;8.5075742006779364601e-09;
3051870.1246745060198;8.3288025365391149535e-09;
3052203.4802315430716;7.7877562176809078665e-09;
3052536.8357885801233;7.6685449101887570578e-09;
3052870.1913456171751;7.3003647571567853447e-09;
3053203.5469026542269;7.9126563079512379772e-09;
3053536.9024596912786;8.1651396754978122772e-09;
3053870.2580167283304;7.5560020462717147893e-09;
3054203.6135737653822;8.4683282608466470265e-09;
3054536.9691308024339;7.9240072281550055777e-09;
3054870.3246878394857;7.9855215773250165512e-09;
3055203.6802448765375;7.4182295861646707635e-09;
3055537.0358019135892;7.8132034175837361545e-09;
3055870.391358950641;8.0204163310781950713e-09;
3056203.7469159876928;8.3309679155263438588e-09;
3056537.1024730247445;7.9472322056517441524e-09;
3056870.4580300617963;8.283422836541376455e-09;
3057203.8135870988481;8.4168485514624080679e-09;
3057537.1691441358998;8.0685644832101388602e-09;
3057870.5247011729516;8.325876876824622741e-09;
3058203.8802582100034;8.271600293596748088e-09;
3058537.2358152470551;8.1359878834064147668e-09;
3058870.5913722841069;8.1060997914050858526e-09;
3059203.9469293211587;8.1207662816495940206e-09;
3059537.3024863582104;8.1066122703532528249e-09;
3059870.6580433952622;8.3361362257505788875e-09;
3060204.013600432314;8.261522133068410767e-09;
3060537.3691574693657;9.1425951254109349975e-09;
3060870.7247145064175;1.1439674985069814284e-08;
3061204.0802715434693;8.7112610458461858798e-09;
3061537.435828580521;8.3839104547678289237e-09;
3061870.7913856175728;8.3294464658933975443e-09;
3062204.1469426546246;7.9988033974132122239e-09;
3062537.5024996916763;7.7227699790682891035e-09;
3062870.8580567287281;7.7536288500823502545e-09;
3063204.2136137657799;7.9978903499977604952e-09;
3063537.5691708028316;7.9510584782838122919e-09;
3063870.9247278398834;7.4232224811510150175e-09;
3064204.2802848769352;8.0296924664935431792e-09;
3064537.635841913987;7.5923933806620880205e-09;
3064870.9913989510387;7.7476780546703594155e-09;
3065204.3469559880905;7.8030941708107093291e-09;
3065537.7025130251423;8.2383042609990297933e-09;
3065871.058070062194;7.7486586036457083537e-09;
3066204.4136270992458;8.0581665784507094941e-09;
3066537.7691841362976;7.9842870093216333771e-09;
3066871.1247411733493;7.7494890504681279708e-09;
3067204.4802982104011;8.4732088012628992146e-09;
3067537.8358552474529;7.9024733423693760415e-09;
3067871.1914122845046;7.8027238004096943769e-09;
3068204.5469693215564;7.8596098518346479977e-09;
3068537.9025263586082;8.3872402356632846931e-09;
3068871.2580833956599;8.2526590006182232173e-09;
3069204.6136404327117;8.1375315374998535844e-09;
3069537.9691974697635;8.3251014970642245316e-09;
3069871.3247545068152;8.6244513752831153397e-09;
3070204.680311543867;8.8084242122477007797e-09;
3070538.0358685809188;8.2218800656619350775e-09;
3070871.3914256179705;7.9119883977796234831e-09;
3071204.7469826550223;7.4979409347974979028e-09;
3071538.1025396920741;8.078364643893110042e-09;
3071871.4580967291258;8.1017290654017415363e-09;
3072204.8136537661776;8.1382607319824273873e-09;
3072538.1692108032294;7.8308328710363639402e-09;
3072871.5247678402811;8.0594411144829791738e-09;
3073204.8803248773329;8.4568814173735518125e-09;
3073538.2358819143847;8.0078441655473397986e-09;
3073871.5914389514364;7.8183797214137484843e-09;
3074204.9469959884882;8.3013986795776872896e-09;
3074538.30255302554;7.4752932732735644095e-09;
3074871.6581100625917;7.931150847184653685e-09;
3075205.0136670996435;7.8728756847112890682e-09;
3075538.3692241366953;8.1354158965041278861e-09;
3075871.724781173747;8.1491196013416811184e-09;
3076205.0803382107988;8.2329663086966320407e-09;
3076538.4358952478506;8.1915176863844862964e-09;
3076871.7914522849023;8.0422291048876104469e-09;
3077205.1470093219541;8.7577225471591191308e-09;
3077538.5025663590059;7.8360482547168430756e-09;
3077871.8581233960576;8.0448714356862183195e-09;
3078205.2136804331094;8.0803372881632640201e-09;
3078538.5692374701612;7.7951334276349371066e-09;
3078871.9247945072129;8.1204092339248745702e-09;
3079205.2803515442647;7.9816793174813938094e-09;
3079538.6359085813165;8.0509225952596352727e-09;
3079871.9914656183682;8.1137221386029523273e-09;
3080205.34702265542;8.487034186543951364e-09;
3080538.7025796924718;8.2139113288803855539e-09;
3080872.0581367295235;8.309409160744962719e-09;
3081205.4136937665753;7.8500885791754626553e-09;
3081538.7692508036271;8.148060004486978869e-09;
3081872.1248078406788;7.8717832252550579142e-09;
3082205.4803648777306;8.0753137510214401118e-09;
3082538.8359219147824;7.9447053380476972961e-09;
3082872.1914789518341;8.1522548711632225604e-09;
3083205.5470359888859;7.8376594103701791028e-09;
3083538.9025930259377;7.7388637720332553727e-09;
3083872.2581500629894;7.8415292037448125484e-09;
3084205.6137071000412;7.6216197797407403414e-09;
3084538.969264137093;8.0169932914486707887e-09;
3084872.3248211741447;7.9103905648025829578e-09;
3085205.6803782111965;7.8581878781847080973e-09;
3085539.0359352482483;8.2405193779777619056e-09;
3085872.3914922853;7.6916162328188875108e-09;
3086205.7470493223518;7.7101907081100762298e-09;
3086539.1026063594036;7.8803203962252155179e-09;
3086872.4581633964553;8.1556930098258817452e-09;
3087205.8137204335071;7.7740320847397015314e-09;
3087539.1692774705589;8.705539400466477673e-09;
3087872.5248345076106;9.0211988990063218807e-09;
3088205.8803915446624;9.5023215962442009186e-09;
3088539.2359485817142;8.1797262296845474339e-09;
3088872.591505618766;7.8474409193063365819e-09;
3089205.9470626558177;7.7680120114109740825e-09;
3089539.3026196928695;8.0060580387453228468e-09;
3089872.6581767299213;7.8924013990899766213e-09;
3090206.013733766973;8.7542160187581430364e-09;
3090539.3692908040248;8.0660269574650556024e-09;
3090872.7248478410766;8.3491062952134598163e-09;
3091206.0804048781283;7.8839761386007012334e-09;
3091539.4359619151801;7.828604431381336326e-09;
3091872.7915189522319;8.2950428748063131934e-09;
3092206.1470759892836;8.2186453198573872214e-09;
3092539.5026330263354;7.947441815758793382e-09;
3092872.8581900633872;8.3979880827200759086e-09;
3093206.2137471004389;8.615184121651964233e-09;
3093539.5693041374907;8.7042089091937668854e-09;
3093872.9248611745425;9.3233598619235635852e-09;
3094206.2804182115942;8.2933526712736238551e-09;
3094539.635975248646;8.0682660552611196181e-09;
3094872.9915322856978;8.1212796487761806929e-09;
3095206.3470893227495;8.3862969901815631601e-09;
3095539.7026463598013;7.8809847536831512116e-09;
3095873.0582033968531;7.8921242874230301823e-09;
3096206.4137604339048;1.0292529495359303837e-08;
3096539.7693174709566;9.1876124486134358449e-09;
3096873.1248745080084;8.4044966541796384263e-09;
3097206.4804315450601;8.1919786509843106614e-09;
3097539.8359885821119;8.2575324356071178045e-09;
3097873.1915456191637;8.0606730179511032475e-09;
3098206.5471026562154;7.9767730198909703176e-09;
3098539.9026596932672;7.960520242988877726e-09;
3098873.258216730319;8.1764657267058282741e-09;
3099206.6137737673707;7.758724329676169873e-09;
3099539.9693308044225;7.8017645677164182416e-09;
3099873.3248878414743;8.4171150049883181055e-09;
3100206.680444878526;8.1715114674807409756e-09;
3100540.0360019155778;7.9606046199387492379e-09;
3100873.3915589526296;8.045832444736333855e-09;
3101206.7471159896813;7.8649415868881078495e-09;
3101540.1026730267331;8.2773130571922592935e-09;
3101873.4582300637849;8.5362126256427472981e-09;
3102206.8137871008366;8.9598870545160025358e-09;
3102540.1693441378884;8.6713036751007166458e-09;
3102873.5249011749402;8.3787572435767287971e-09;
3103206.8804582119919;8.1460278522627049824e-09;
3103540.2360152490437;8.1983273503283271566e-09;
3103873.5915722860955;8.0043420780384622049e-09;
3104206.9471293231472;8.3726368060865752341e-09;
3104540.302686360199;8.1955198183436550607e-09;
3104873.6582433972508;8.2111846211319061695e-09;
3105207.0138004343025;7.6398238846309141081e-09;
3105540.3693574713543;8.024066744383162586e-09;
3105873.7249145084061;8.3535809380919090472e-09;
3106207.0804715454578;7.9229209859477123246e-09;
3106540.4360285825096;8.0728739249025238678e-09;
3106873.7915856195614;8.5777323022284690524e-09;
3107207.1471426566131;8.0151627557256688306e-09;
3107540.5026996936649;8.1124671424959160504e-09;
3107873.8582567307167;7.745079244614316849e-09;
3108207.2138137677684;7.6453821051813974918e-09;
3108540.5693708048202;7.9956565812722146802e-09;
3108873.924927841872;8.1094464476905159245e-09;
3109207.2804848789237;7.995825335171957704e-09;
3109540.6360419159755;8.5996552101619272435e-09;
3109873.9915989530273;8.6198168602891200862e-09;
3110207.347155990079;8.0502431387685646769e-09;
3110540.7027130271308;8.0858182371912334929e-09;
3110874.0582700641826;7.5182260417250290629e-09;
3111207.4138271012343;8.120081496088005224e-09;
3111540.7693841382861;8.4821447643435021746e-09;
3111874.1249411753379;8.2485867025638981431e-09;
3112207.4804982123896;8.5802644989030341094e-09;
3112540.8360552494414;8.4924183241241735232e-09;
3112874.1916122864932;8.537368145766777161e-09;
3113207.5471693235449;8.3616420454291073838e-09;
3113540.9027263605967;8.1152045083854318364e-09;
3113874.2582833976485;8.4432683067348079931e-09;
3114207.6138404347003;8.3277784668212007091e-09;
3114540.969397471752;8.0813027381054780562e-09;
3114874.3249545088038;7.7813693266648442659e-09;
3115207.6805115458556;8.3579259069210820599e-09;
3115541.0360685829073;8.6816687172586171073e-09;
3115874.3916256199591;7.812242408533620619e-09;
3116207.7471826570109;7.8593060948151105549e-09;
3116541.1027396940626;8.0513604672205474344e-09;
3116874.4582967311144;8.4638074326903733891e-09;
3117207.8138537681662;8.4068005890003405511e-09;
3117541.1694108052179;8.108762550307346828e-09;
3117874.5249678422697;7.8427966343497246271e-09;
3118207.8805248793215;8.5099056690296492889e-09;
3118541.2360819163732;8.778532567532693065e-09;
3118874.591638953425;8.725121070085606334e-09;
3119207.9471959904768;8.3268423267668367771e-09;
3119541.3027530275285;8.6100699903113309119e-09;
3119874.6583100645803;8.2135072076994219969e-09;
3120208.0138671016321;8.7174454321825578518e-09;
3120541.3694241386838;8.4843803094258873898e-09;
3120874.7249811757356;8.6933438225855752535e-09;
3121208.0805382127874;8.2563422765247196367e-09;
3121541.4360952498391;8.3286266772120143287e-09;
3121874.7916522868909;8.4140099332330464676e-09;
3122208.1472093239427;8.4973423852829910174e-09;
3122541.5027663609944;8.0873814312099057133e-09;
3122874.8583233980462;8.4079525564106916136e-09;
3123208.213880435098;8.1360447268252755748e-09;
3123541.5694374721497;8.6112352803979774762e-09;
3123874.9249945092015;7.8658946023324460839e-09;
3124208.2805515462533;8.1091338088867814804e-09;
3124541.636108583305;8.3612894385964864341e-09;
3124874.9916656203568;8.3614208890026020526e-09;
3125208.3472226574086;8.0710877981005069159e-09;
3125541.7027796944603;8.0303559357730591728e-09;
3125875.0583367315121;8.6687146350072907808e-09;
3126208.4138937685639;8.0039486149985350494e-09;
3126541.7694508056156;8.116230354460185481e-09;
3126875.1250078426674;8.418593822057118814e-09;
3127208.4805648797192;8.0116011602626713284e-09;
3127541.8361219167709;8.2404323364926312934e-09;
3127875.1916789538227;7.830654347174004215e-09;
3128208.5472359908745;7.9532513908020519011e-09;
3128541.9027930279262;8.4040827630360581679e-09;
3128875.258350064978;8.7354274924678065872e-09;
3129208.6139071020298;8.2225017905557251652e-09;
3129541.9694641390815;7.8601480879569862736e-09;
3129875.3250211761333;8.294912312578617275e-09;
3130208.6805782131851;8.3188886890184221556e-09;
3130542.0361352502368;7.9167996602791390615e-09;
3130875.3916922872886;7.7438278012209593726e-09;
3131208.7472493243404;8.4095184149646229343e-09;
3131542.1028063613921;8.8496658889880563947e-09;
3131875.4583633984439;9.891951258111930656e-09;
3132208.8139204354957;8.4760678475959139178e-09;
3132542.1694774725474;8.399905659928208479e-09;
3132875.5250345095992;7.6852408881222800119e-09;
3133208.880591546651;7.8272162085113450303e-09;
3133542.2361485837027;7.7316615332279070572e-09;
3133875.5917056207545;8.3687838881019160908e-09;
3134208.9472626578063;8.1396329676408640807e-09;
3134542.302819694858;8.3882127910328563303e-09;
3134875.6583767319098;8.0394881862844158604e-09;
3135209.0139337689616;8.3196338707125505607e-09;
3135542.3694908060133;8.0190494244902765786e-09;
3135875.7250478430651;8.1355020498108387983e-09;
3136209.0806048801169;8.1728037670814046578e-09;
3136542.4361619171686;8.1192252920914143033e-09;
3136875.7917189542204;7.5768706864209889318e-09;
3137209.1472759912722;8.1073530111552827293e-09;
3137542.5028330283239;8.2470359430431017245e-09;
3137875.8583900653757;8.3052205113176569284e-09;
3138209.2139471024275;8.3762117242258682381e-09;
3138542.5695041394792;7.9755819726301524497e-09;
3138875.925061176531;8.2331537143431887671e-09;
3139209.2806182135828;8.1708364518817688804e-09;
3139542.6361752506346;8.4389242260840546805e-09;
3139875.9917322876863;8.859263544991335948e-09;
3140209.3472893247381;8.2109101740002188308e-09;
3140542.7028463617899;8.2190929617809160845e-09;
3140876.0584033988416;7.9026953869743010728e-09;
3141209.4139604358934;7.8755597598956228467e-09;
3141542.7695174729452;7.8653696888864033099e-09;
3141876.1250745099969;8.2773716769679595018e-09;
3142209.4806315470487;7.6462685072442582168e-09;
3142542.8361885841005;7.624900710823112604e-09;
3142876.1917456211522;7.9321544887989148265e-09;
3143209.547302658204;8.0302431371137572569e-09;
3143542.9028596952558;7.9394730789772438584e-09;
3143876.2584167323075;8.1632469672854313103e-09;
3144209.6139737693593;7.7818755883640733373e-09;
3144542.9695308064111;7.7077126903191128804e-09;
3144876.3250878434628;7.6115842517765486264e-09;
3145209.6806448805146;8.253515204614814138e-09;
3145543.0362019175664;8.2940818657561976579e-09;
3145876.3917589546181;7.3480870277364829235e-09;
3146209.7473159916699;8.2041333726579068752e-09;
3146543.1028730287217;7.4338193378764572117e-09;
3146876.4584300657734;8.2676345769527870289e-09;
3147209.8139871028252;8.2522966238229855662e-09;
3147543.169544139877;8.2642079846095839457e-09;
3147876.5251011769287;7.7848154589332807518e-09;
3148209.8806582139805;7.8437203399062127573e-09;
3148543.2362152510323;7.7799890974006302713e-09;
3148876.591772288084;8.0526758594601233199e-09;
3149209.9473293251358;8.0624431575415655971e-09;
3149543.3028863621876;8.1466575707622723712e-09;
3149876.6584433992393;7.9413009501649867161e-09;
3150210.0140004362911;7.9681878872861489072e-09;
3150543.3695574733429;8.014627184138589655e-09;
3150876.7251145103946;7.8935107339361820777e-09;
3151210.0806715474464;7.9045285872325621312e-09;
3151543.4362285844982;8.0338411478919624642e-09;
3151876.7917856215499;8.3032514197611817508e-09;
3152210.1473426586017;8.0417628112172678811e-09;
3152543.5028996956535;7.7259860731260232569e-09;
3152876.8584567327052;7.9568716060407496116e-09;
3153210.214013769757;7.5739832183785438247e-09;
3153543.5695708068088;8.1528277462439291412e-09;
3153876.9251278438605;8.0067747987300208479e-09;
3154210.2806848809123;8.4638216435450885911e-09;
3154543.6362419179641;7.8321402696701625246e-09;
3154876.9917989550158;8.3997884203768080624e-09;
3155210.3473559920676;7.8994473184934577148e-09;
3155543.7029130291194;7.9967241717326942307e-09;
3155877.0584700661711;8.090393244231108838e-09;
3156210.4140271032229;8.9337968134373113571e-09;
3156543.7695841402747;1.0876345157839750755e-08;
3156877.1251411773264;1.0553345752839504712e-08;
3157210.4806982143782;9.0057445945035397017e-09;
3157543.83625525143;7.8046289431199511455e-09;
3157877.1918122884817;8.1988602573801472317e-09;
3158210.5473693255335;7.8879933695930048998e-09;
3158543.9029263625853;8.1263458184821502073e-09;
3158877.258483399637;7.9279054432390694274e-09;
3159210.6140404366888;7.5176060931880783755e-09;
3159543.9695974737406;8.3742541789888491621e-09;
3159877.3251545107923;7.8088673305387601431e-09;
3160210.6807115478441;8.4610567441245621012e-09;
3160544.0362685848959;7.4173307496039342368e-09;
3160877.3918256219476;8.3177047471849618887e-09;
3161210.7473826589994;7.8722255381080685765e-09;
3161544.1029396960512;8.0397422053124500962e-09;
3161877.4584967331029;8.1437958598939985677e-09;
3162210.8140537701547;8.1685689323762744607e-09;
3162544.1696108072065;7.9723880830329107994e-09;
3162877.5251678442582;7.7398016884444587049e-09;
3163210.88072488131;7.9262623131626241957e-09;
3163544.2362819183618;8.5754416900840624294e-09;
3163877.5918389554136;8.3219582336369057884e-09;
3164210.9473959924653;8.2089774977589513583e-09;
3164544.3029530295171;7.7584250135487309308e-09;
3164877.6585100665689;7.9562978427816233307e-09;
3165211.0140671036206;7.9530417806950026716e-09;
3165544.3696241406724;7.9991835377768438775e-09;
3165877.7251811777242;7.1685000158083767019e-09;
3166211.0807382147759;8.637127457689075527e-09;
3166544.4362952518277;8.5576994379721327277e-09;
3166877.7918522888795;1.0295748253952297091e-08;
3167211.1474093259312;9.3189873595633798686e-09;
3167544.502966362983;9.3250633881325484253e-09;
3167877.8585234000348;8.5414182393606097321e-09;
3168211.2140804370865;7.9383717377368157031e-09;
3168544.5696374741383;7.9254824925101274857e-09;
3168877.9251945111901;7.9785671402987645706e-09;
3169211.2807515482418;7.9503879035769386974e-09;
3169544.6363085852936;7.4761858925853630353e-09;
3169877.9918656223454;8.2639317611210572068e-09;
3170211.3474226593971;7.8719217810885311337e-09;
3170544.7029796964489;8.1151476649665710283e-09;
3170878.0585367335007;7.9002804298511364323e-09;
3171211.4140937705524;8.1101871884925458289e-09;
3171544.7696508076042;8.1227922166249300062e-09;
3171878.125207844656;8.0622024611898268631e-09;
3172211.4807648817077;8.5770386348826832545e-09;
3172544.8363219187595;8.1438669141675745777e-09;
3172878.1918789558113;8.2978850457493535941e-09;
3173211.547435992863;8.0154869408488593763e-09;
3173544.9029930299148;8.1874897972511462285e-09;
3173878.2585500669666;8.2334867812505763141e-09;
3174211.6141071040183;7.616319130931969994e-09;
3174544.9696641410701;7.9010851194993847457e-09;
3174878.3252211781219;7.8156876526236374048e-09;
3175211.6807782151736;7.3179173831761090696e-09;
3175545.0363352522254;8.3336173517523093324e-09;
3175878.3918922892772;8.2155278136042397819e-09;
3176211.7474493263289;8.4198505945209944912e-09;
3176545.1030063633807;8.030116127599740139e-09;
3176878.4585634004325;7.8675528314420262177e-09;
3177211.8141204374842;8.05870481457304777e-09;
3177545.169677474536;8.3520843574547143362e-09;
3177878.5252345115878;7.9158262167311477242e-09;
3178211.8807915486395;8.0107991351496821153e-09;
3178545.2363485856913;7.9369497640868758026e-09;
3178878.5919056227431;8.0484756637133614277e-09;
3179211.9474626597948;7.8975741502063101507e-09;
3179545.3030196968466;7.8895316946159255167e-09;
3179878.6585767338984;7.8976851725087726663e-09;
3180212.0141337709501;8.4804465672050355352e-09;
3180545.3696908080019;7.7074684412536953459e-09;
3180878.7252478450537;7.9927637841592513723e-09;
3181212.0808048821054;8.0913178379660166684e-09;
3181545.4363619191572;7.7993940195142386074e-09;
3181878.791918956209;7.990966999216198019e-09;
3182212.1474759932607;8.0677420299934965442e-09;
3182545.5030330303125;8.0382314138205401832e-09;
3182878.8585900673643;7.8743696008132246789e-09;
3183212.214147104416;7.9142266073972677987e-09;
3183545.5697041414678;7.311196981163448072e-09;
3183878.9252611785196;8.2563280656700044347e-09;
3184212.2808182155713;8.189762645827158849e-09;
3184545.6363752526231;8.3766380498673242982e-09;
3184878.9919322896749;7.6659318892779992893e-09;
3185212.3474893267266;7.4869106470032420475e-09;
3185545.7030463637784;8.2895805775251574232e-09;
3185879.0586034008302;7.8278485915461715194e-09;
3186212.4141604378819;8.443254095880092791e-09;
3186545.7697174749337;8.0088149445600720355e-09;
3186879.1252745119855;7.9310673584132018732e-09;
3187212.4808315490372;7.8539370562680232979e-09;
3187545.836388586089;7.8244255519166472368e-09;
3187879.1919456231408;7.9767028537958140078e-09;
3188212.5475026601925;8.1766087234313999943e-09;
3188545.9030596972443;7.9084037096777137776e-09;
3188879.2586167342961;7.8051778373833258229e-09;
3189212.6141737713479;7.9887767512332175102e-09;
3189545.9697308083996;8.0286630677051107341e-09;
3189879.3252878454514;7.5768173957158069243e-09;
3190212.6808448825032;7.5386994424775366497e-09;
3190546.0364019195549;7.9109740980243259401e-09;
3190879.3919589566067;7.7803443687685103214e-09;
3191212.7475159936585;7.7033401879589291639e-09;
3191546.1030730307102;7.6933730497330543585e-09;
3191879.458630067762;7.7417734445361929829e-09;
3192212.8141871048138;8.2111268895346256613e-09;
3192546.1697441418655;7.6337460797049061512e-09;
3192879.5253011789173;8.2506153020744932292e-09;
3193212.8808582159691;8.1474729185515570862e-09;
3193546.2364152530208;7.5811046329476994288e-09;
3193879.5919722900726;7.5088548712187730416e-09;
3194212.9475293271244;7.7586701507925681653e-09;
3194546.3030863641761;7.7543775844901574601e-09;
3194879.6586434012279;7.8101427547494495229e-09;
3195213.0142004382797;7.5993860093603871064e-09;
3195546.3697574753314;7.9438544631216245762e-09;
3195879.7253145123832;8.302522225278607948e-09;
3196213.080871549435;7.9434219202312306152e-09;
3196546.4364285864867;7.8727930841182569566e-09;
3196879.7919856235385;7.5784152286928474496e-09;
3197213.1475426605903;7.9019182308570634632e-09;
3197546.503099697642;7.6249406788519991096e-09;
3197879.8586567346938;8.0553217429724099929e-09;
3198213.2142137717456;8.1357738324072670366e-09;
3198546.5697708087973;8.1364168735831299273e-09;
3198879.9253278458491;7.5654194020557952172e-09;
3199213.2808848829009;7.8902386846380068164e-09;
3199546.6364419199526;8.3446050069824195816e-09;
3199879.9919989570044;8.0752995401667249098e-09;
3200213.3475559940562;7.5913799690852101776e-09;
3200546.7031130311079;7.2985568699834857398e-09;
3200880.0586700681597;7.5649406738875768497e-09;
3201213.4142271052115;7.8814137438598663721e-09;
3201546.7697841422632;7.9125168639393450576e-09;
3201880.125341179315;8.1289872611023383797e-09;
3202213.4808982163668;7.6817316951860448171e-09;
3202546.8364552534185;8.1028392884263666929e-09;
3202880.1920122904703;8.6636902096870471723e-09;
3203213.5475693275221;8.9596037256001181959e-09;
3203546.9031263645738;8.1657853812089342682e-09;
3203880.2586834016256;8.2354247865623619873e-09;
3204213.6142404386774;7.7847470691949638422e-09;
3204546.9697974757291;7.9458502000306907576e-09;
3204880.3253545127809;7.7165456247030306258e-09;
3205213.6809115498327;7.6905219970058169565e-09;
3205547.0364685868844;7.8569870609612735279e-09;
3205880.3920256239362;8.2698132786163114361e-09;
3206213.747582660988;8.0594695361924095778e-09;
3206547.1031396980397;7.8332957897941923875e-09;
3206880.4586967350915;7.5160606627378001576e-09;
3207213.8142537721433;8.1477162794385549205e-09;
3207547.169810809195;8.100932369359270524e-09;
3207880.5253678462468;8.0426101334296618006e-09;
3208213.8809248832986;8.0311037820024466782e-09;
3208547.2364819203503;7.6430186624065754586e-09;
3208880.5920389574021;8.0145712288981485472e-09;
3209213.9475959944539;9.103761300366386422e-09;
3209547.3031530315056;1.0881658241146396904e-08;
3209880.6587100685574;9.8146815119548591611e-09;
3210214.0142671056092;8.2799456180282504647e-09;
3210547.3698241426609;8.0115869494079561264e-09;
3210880.7253811797127;7.9606738978554858477e-09;
3211214.0809382167645;8.0205433405922121892e-09;
3211547.4364952538162;8.1936910589774925029e-09;
3211880.792052290868;7.5774835295305820182e-09;
3212214.1476093279198;7.8984072615639888681e-09;
3212547.5031663649715;8.0955544490279862657e-09;
3212880.8587234020233;7.7960375932661918341e-09;
3213214.2142804390751;7.96154164817153287e-09;
3213547.5698374761268;8.0075208686025689531e-09;
3213880.9253945131786;7.9610797953932888049e-09;
3214214.2809515502304;8.0577562400208080362e-09;
3214547.6365085872822;8.1553350739227425947e-09;
3214880.9920656243339;7.9381905493391968776e-09;
3215214.3476226613857;7.574475269223057694e-09;
3215547.7031796984375;7.6677499905031254457e-09;
3215881.0587367354892;7.672830371063810162e-09;
3216214.414293772541;7.967179804779789265e-09;
3216547.7698508095928;7.8238615586201376573e-09;
3216881.1254078466445;8.1606517099430675444e-09;
3217214.4809648836963;7.8525026481202075956e-09;
3217547.8365219207481;7.9162010280242611771e-09;
3217881.1920789577998;7.8660882252279407112e-09;
3218214.5476359948516;8.0017272807708650362e-09;
3218547.9031930319034;7.7034485457261325791e-09;
3218881.2587500689551;7.6884143496158685593e-09;
3219214.6143071060069;8.0724342765847723058e-09;
3219547.9698641430587;8.2014537383656715974e-09;
3219881.3254211801104;7.6663626558115538501e-09;
3220214.6809782171622;7.8671797965057521651e-09;
3220548.036535254214;7.9347746151370301959e-09;
3220881.3920922912657;7.7352071414793499571e-09;
3221214.7476493283175;7.8851947193925298052e-09;
3221548.1032063653693;7.194387752207376252e-09;
3221881.458763402421;7.8197803787816155818e-09;
3222214.8143204394728;7.752525732485082699e-09;
3222548.1698774765246;8.3775066883617910207e-09;
3222881.5254345135763;8.0222761766890471336e-09;
3223214.8809915506281;8.3714599696804725681e-09;
3223548.2365485876799;7.4899624280533316778e-09;
3223881.5921056247316;8.0284232595317917003e-09;
3224214.9476626617834;7.5712955904805312457e-09;
3224548.3032196988352;7.6977801910516063799e-09;
3224881.6587767358869;7.6162658402267879865e-09;
3225215.0143337729387;8.1573690025038558815e-09;
3225548.3698908099905;7.6798691850399336545e-09;
3225881.7254478470422;7.6502457702076753776e-09;
3226215.081004884094;7.7618187432904051093e-09;
3226548.4365619211458;7.8457738084125594469e-09;
3226881.7921189581975;7.9517983309074224962e-09;
3227215.1476759952493;7.6504607093852428079e-09;
3227548.5032330323011;8.496701120463967527e-09;
3227881.8587900693528;7.9797866092690128426e-09;
3228215.2143471064046;7.9815247744363659876e-09;
3228548.5699041434564;8.1242479410548185115e-09;
3228881.9254611805081;7.7623782956948161882e-09;
3229215.2810182175599;7.5440649283109451062e-09;
3229548.6365752546117;8.2108959631455036288e-09;
3229881.9921322916634;8.0427371429436789185e-09;
3230215.3476893287152;7.70657493376347702e-09;
3230548.703246365767;7.5175794478354873718e-09;
3230882.0588034028187;8.1934468099120749685e-09;
3231215.4143604398705;8.2308542204145851429e-09;
3231548.7699174769223;8.0605024876945208234e-09;
3231882.125474513974;7.7578246049370136461e-09;
3232215.4810315510258;8.2842088744428110658e-09;
3232548.8365885880776;7.4757924295454358798e-09;
3232882.1921456251293;8.1578708233109864523e-09;
3233215.5477026621811;8.3567366360171035922e-09;
3233548.9032596992329;8.1881230684643924178e-09;
3233882.2588167362846;8.592240696714270598e-09;
3234215.6143737733364;9.9076906678874365753e-09;
3234548.9699308103882;1.1155091073078438058e-08;
3234882.3254878474399;9.2279544006146352331e-09;
3235215.6810448844917;8.2681719248967056046e-09;
3235549.0366019215435;8.0652622358456937945e-09;
3235882.3921589585952;7.4733499388912605355e-09;
3236215.747715995647;8.1336155588473957323e-09;
3236549.1032730326988;8.1276878560743170965e-09;
3236882.4588300697505;8.0502005062044190709e-09;
3237215.8143871068023;8.0357462906022192328e-09;
3237549.1699441438541;8.1043056709972915996e-09;
3237882.5255011809058;7.7734174652732690447e-09;
3238215.8810582179576;8.0107280808761061053e-09;
3238549.2366152550094;9.4537693229312935728e-09;
3238882.5921722920612;8.5828872897764085792e-09;
3239215.9477293291129;8.0403355084968097799e-09;
3239549.3032863661647;8.1124813533506312524e-09;
3239882.6588434032165;7.9817494835765501193e-09;
3240216.0144004402682;7.7682580368332310172e-09;
3240549.36995747732;7.926888478948512784e-09;
3240882.7255145143718;7.797859247204996791e-09;
3241216.0810715514235;7.8752133703119397978e-09;
3241549.4366285884753;7.8627451216561894398e-09;
3241882.7921856255271;8.1482607328098310973e-09;
3242216.1477426625788;7.4520194459637423279e-09;
3242549.5032996996306;7.8615984833163565781e-09;
3242882.8588567366824;7.564595172482313501e-09;
3243216.2144137737341;8.0685502723554236582e-09;
3243549.5699708107859;7.8222672783567759325e-09;
3243882.9255278478377;7.9146857956402527634e-09;
3244216.2810848848894;7.8667516945074567047e-09;
3244549.6366419219412;7.4525434712313654018e-09;
3244882.992198958993;8.0613951070063194493e-09;
3245216.3477559960447;7.9298274613393004984e-09;
3245549.7033130330965;8.1123676665129096364e-09;
3245883.0588700701483;8.0290440962471620878e-09;
3246216.4144271072;7.8357045296684191271e-09;
3246549.7699841442518;8.1297732990037729905e-09;
3246883.1255411813036;7.901015841582648136e-09;
3247216.4810982183553;8.0398701030048869143e-09;
3247549.8366552554071;8.2111411003893408633e-09;
3247883.1922122924589;7.6409643057218090689e-09;
3248216.5477693295106;8.0730160334496758878e-09;
3248549.9033263665624;7.9480839687562365725e-09;
3248883.2588834036142;8.0655455647615781345e-09;
3249216.6144404406659;8.2094100406493453193e-09;
3249549.9699974777177;7.4644930236900108866e-09;
3249883.3255545147695;7.7022299649343040073e-09;
3250216.6811115518212;8.4374560671562903735e-09;
3250550.036668588873;7.9647728412624019256e-09;
3250883.3922256259248;7.9537549879660218721e-09;
3251216.7477826629765;7.9232966854192454775e-09;
3251550.1033397000283;7.5356672013526804221e-09;
3251883.4588967370801;8.1638349413992727932e-09;
3252216.8144537741318;8.3979587728322258044e-09;
3252550.1700108111836;8.0683797420988412341e-09;
3252883.5255678482354;7.2196844058680653688e-09;
3253216.8811248852871;7.7656245878188201459e-09;
3253550.2366819223389;7.7996951119985169498e-09;
3253883.5922389593907;8.2296693904027051758e-09;
3254216.9477959964424;8.1770830107075198612e-09;
3254550.3033530334942;7.7413657706415506254e-09;
3254883.658910070546;8.4021349877616557933e-09;
3255217.0144671075977;7.6672517224096736754e-09;
3255550.3700241446495;8.1946271990318564349e-09;
3255883.7255811817013;7.8533854974693895201e-09;
3256217.081138218753;7.8941484460415267677e-09;
3256550.4366952558048;7.6816508709498521057e-09;
3256883.7922522928566;7.8664887936952254677e-09;
3257217.1478093299083;8.286202834995037847e-09;
3257550.5033663669601;8.1302724552756444609e-09;
3257883.8589234040119;7.8855135754452021501e-09;
3258217.2144804410636;8.0331634677577312686e-09;
3258550.5700374781154;7.7614101812173430517e-09;
3258883.9255945151672;8.466424006314809958e-09;
3259217.2811515522189;8.183592470345502079e-09;
3259550.6367085892707;7.9574444811214561923e-09;
3259883.9922656263225;7.6928188263991614804e-09;
3260217.3478226633742;7.8771229539142950671e-09;
3260550.703379700426;7.6815158678300576867e-09;
3260884.0589367374778;7.7473929493976356753e-09;
3261217.4144937745295;7.8414190696207697329e-09;
3261550.7700508115813;7.7646014062793256016e-09;
3261884.1256078486331;7.831341797270852112e-09;
3262217.4811648856848;8.1031812371179512411e-09;
3262550.8367219227366;8.1559079490034491755e-09;
3262884.1922789597884;7.9685937848239518644e-09;
3263217.5478359968401;7.611517638395071117e-09;
3263550.9033930338919;7.8589330598788365023e-09;
3263884.2589500709437;8.0815016900714908843e-09;
3264217.6145071079955;7.7389996633314694918e-09;
3264550.9700641450472;8.069286572265355062e-09;
3264884.325621182099;7.8148501003738601867e-09;
3265217.6811782191508;7.5898061169255015557e-09;
3265551.0367352562025;8.1013586950007265841e-09;
3265884.3922922932543;8.1694304654433835822e-09;
3266217.7478493303061;7.3244121878701662354e-09;
3266551.1034063673578;7.922739797550093499e-09;
3266884.4589634044096;8.0205149188827817852e-09;
3267217.8145204414614;7.8889081933652960288e-09;
3267551.1700774785131;7.7254433961115864804e-09;
3267884.5256345155649;8.0654887213427173265e-09;
3268217.8811915526167;7.559666670431397506e-09;
3268551.2367485896684;7.5789472475662478246e-09;
3268884.5923056267202;7.7962836186884487688e-09;
3269217.947862663772;7.7509323404001406743e-09;
3269551.3034197008237;7.9914022066418510803e-09;
3269884.6589767378755;7.3919910192898896639e-09;
3270218.0145337749273;7.6606010424029591377e-09;
3270551.370090811979;7.765419418603869417e-09;
3270884.7256478490308;8.0100246435677036061e-09;
3271218.0812048860826;7.8403035175256263756e-09;
3271551.4367619231343;7.7931341380121921247e-09;
3271884.7923189601861;7.8061921371386233659e-09;
3272218.1478759972379;8.179223520698997163e-09;
3272551.5034330342896;7.9440773959049693076e-09;
3272884.8589900713414;7.5782820019298924308e-09;
3273218.2145471083932;8.2344264740186190465e-09;
3273551.5701041454449;7.8403035175256263756e-09;
3273884.9256611824967;8.2040614302059111651e-09;
3274218.2812182195485;9.0875431624226621352e-09;
3274551.6367752566002;8.0805504509839920502e-09;
3274884.992332293652;7.7879471760411433934e-09;
3275218.3478893307038;7.7493798045225048554e-09;
3275551.7034463677555;8.0736120011692946719e-09;
3275885.0590034048073;7.8432513817006110912e-09;
3276218.4145604418591;8.2190645400714856805e-09;
3276551.7701174789108;7.7242763296681005158e-09;
3276885.1256745159626;7.9640587458129630249e-09;
3277218.4812315530144;8.2416633517823356669e-09;
3277551.8367885900661;7.9942665820453839842e-09;
3277885.1923456271179;7.581957284230611549e-09;
3278218.5479026641697;7.7302768630715945619e-09;
3278551.9034597012214;8.6203320037725461589e-09;
3278885.2590167382732;7.6459061304490205657e-09;
3279218.614573775325;8.1287305775390450435e-09;
3279551.9701308123767;8.4441733605444824207e-09;
3279885.3256878494285;8.2843687465583570884e-09;
3280218.6812448864803;7.9177313594414044928e-09;
3280552.036801923532;8.2135791501514177071e-09;
3280885.3923589605838;8.1196818157991401677e-09;
3281218.7479159976356;7.793682144097147102e-09;
3281552.1034730346873;8.0968769466949197522e-09;
3281885.4590300717391;8.1203239687965833582e-09;
3282218.8145871087909;8.4217592899449300603e-09;
3282552.1701441458426;7.5269488419849039929e-09;
3282885.5257011828944;7.842341886998838163e-09;
3283218.8812582199462;8.1604225599107849121e-09;
3283552.2368152569979;7.9776558692401522421e-09;
3283885.5923722940497;8.0768032262312772218e-09;
3284218.9479293311015;7.8030666372796986252e-09;
3284552.3034863681532;8.0688336012713079981e-09;
3284885.659043405205;7.7177926272042896017e-09;
3285219.0146004422568;8.3621261026678439521e-09;
3285552.3701574793085;7.7951609611659478105e-09;
3285885.7257145163603;7.705099669408355112e-09;
3286219.0812715534121;8.1113276095834407897e-09;
3286552.4368285904638;8.2934983325344546756e-09;
3286885.7923856275156;7.9949549203206515813e-09;
3287219.1479426645674;7.6634814050180466438e-09;
3287552.5034997016191;7.9414128606458689319e-09;
3287885.8590567386709;7.8626340993537269242e-09;
3288219.2146137757227;8.4629894203658295737e-09;
3288552.5701708127744;7.9322939328108077461e-09;
3288885.9257278498262;8.0043980332789033127e-09;
3289219.281284886878;7.4099721913967186993e-09;
3289552.6368419239298;7.7417059429762957734e-09;
3289885.9923989609815;8.2910078802456155245e-09;
3290219.3479559980333;8.2020870095789177867e-09;
3290552.7035130350851;8.0728028706289478578e-09;
3290886.0590700721368;7.9410078512864856748e-09;
3291219.4146271091886;7.8497848221559252124e-09;
3291552.7701841462404;8.0892990084180382837e-09;
3291886.1257411832921;7.9375492845201733871e-09;
3292219.4812982203439;7.7240995821625801909e-09;
3292552.8368552573957;7.9269302233342386899e-09;
3292886.1924122944474;8.2335303019931416202e-09;
3293219.5479693314992;8.1617557157187548e-09;
3293552.903526368551;8.7984179941713591688e-09;
3293886.2590834056027;8.3935045580574296764e-09;
3294219.6146404426545;8.1382038885635665793e-09;
3294552.9701974797063;7.7954895871812368568e-09;
3294886.325754516758;7.7460997616185522929e-09;
3295219.6813115538098;7.7758626204627034895e-09;
3295553.0368685908616;7.961023840152847697e-09;
3295886.3924256279133;8.5062890065046303789e-09;
3296219.7479826649651;8.7187315145342836331e-09;
3296553.1035397020169;8.2786950628133126884e-09;
3296886.4590967390686;7.9239095285288385639e-09;
3297219.8146537761204;8.479091206936573144e-09;
3297553.1702108131722;7.5343571381836227374e-09;
3297886.5257678502239;8.120081496088005224e-09;
3298219.8813248872757;8.367416093335577898e-09;
3298553.2368819243275;7.7346777871412086824e-09;
3298886.5924389613792;7.9975670530529896496e-09;
3299219.947995998431;8.2068005724522663513e-09;
3299553.3035530354828;8.0535818014482174476e-09;
3299886.6591100725345;7.7237061191226530354e-09;
3300220.0146671095863;8.0055233553366633714e-09;
3300553.3702241466381;7.3007622169996011507e-09;
3300886.7257811836898;7.4151937923261357355e-09;
3301220.0813382207416;8.3945215223479863198e-09;
3301553.4368952577934;7.8799189395795110613e-09;
3301886.7924522948451;8.2853581773179030279e-09;
3302220.1480093318969;7.3738721795280071092e-09;
3302553.5035663689487;7.3990324978012722568e-09;
3302886.8591234060004;8.078804292210861604e-09;
3303220.2146804430522;7.9018622756166223553e-09;
3303553.570237480104;8.0445738959156187775e-09;
3303886.9257945171557;8.0305246896728021966e-09;
3304220.2813515542075;8.2760776010104564193e-09;
3304553.6369085912593;8.1599065282489391393e-09;
3304886.992465628311;8.1733055878885352286e-09;
3305220.3480226653628;7.7868396175517773372e-09;
3305553.7035797024146;8.1363165094217038131e-09;
3305887.0591367394663;7.886441721893788781e-09;
3306220.4146937765181;8.192741596246833069e-09;
3306553.7702508135699;8.1648101613041035307e-09;
3306887.1258078506216;7.6469266474532560096e-09;
3307220.4813648876734;7.5169186430912304786e-09;
3307553.8369219247252;7.9518969187120092101e-09;
3307887.1924789617769;8.0291711057611792057e-09;
3308220.5480359988287;7.7723258939954575908e-09;
3308553.9035930358805;8.5329592280913857394e-09;
3308887.2591500729322;7.9152693288619957457e-09;
3309220.614707109984;7.8003115078217888367e-09;
3309553.9702641470358;8.4241857933875508024e-09;
3309887.3258211840875;8.606410695222166396e-09;
3310220.6813782211393;7.9974409317173922318e-09;
3310554.0369352581911;7.6199997423032073129e-09;
3310887.3924922952428;8.3431244135567794729e-09;
3311220.7480493322946;8.1268458629324413778e-09;
3311554.1036063693464;8.2830302616798689996e-09;
3311887.4591634063981;7.971491911007433373e-09;
3312220.8147204434499;8.1790076933430100325e-09;
3312554.1702774805017;7.6856725428342542727e-09;
3312887.5258345175534;7.9992110713078545814e-09;
3313220.8813915546052;7.6991186759300944686e-09;
3313554.236948591657;7.6896435885487335327e-09;
3313887.5925056287088;8.1728899203881155699e-09;
3314220.9480626657605;7.728035988918691146e-09;
3314554.3036197028123;7.688738534739059105e-09;
3314887.6591767398641;7.9900264182697355864e-09;
3315221.0147337769158;7.8955633142641090672e-09;
3315554.3702908139676;7.9052364654330631311e-09;
3315887.7258478510194;8.2576043780591135146e-09;
3316221.0814048880711;7.9281559095534248627e-09;
3316554.4369619251229;7.9905175809358297556e-09;
3316887.7925189621747;7.7785955454601207748e-09;
3317221.1480759992264;8.4963271973492737743e-09;
3317554.5036330362782;7.8969089045699547569e-09;
3317887.85919007333;7.5702981661152080051e-09;
3318221.2147471103817;8.2473254892079239653e-09;
3318554.5703041474335;8.0272952729387725412e-09;
3318887.9258611844853;8.2170723558760982996e-09;
3319221.281418221537;8.579871924041526654e-09;
3319554.6369752585888;7.9633455385419438244e-09;
3319887.9925322956406;8.0261957080551837862e-09;
3320221.3480893326923;8.1432229848132919869e-09;
3320554.7036463697441;7.8773165768097896944e-09;
3320888.0592034067959;8.1394331274964315526e-09;
3321221.4147604438476;8.1268458629324413778e-09;
3321554.7703174808994;7.9122663976249896223e-09;
3321888.1258745179512;7.8040942597112916701e-09;
3322221.4814315550029;7.6840258600441302406e-09;
3322554.8369885920547;8.2502822351671056822e-09;
3322888.1925456291065;7.5874337923664825212e-09;
3323221.5481026661582;7.7048554203429375775e-09;
3323554.90365970321;7.809086710608426074e-09;
3323888.2592167402618;8.149677377389252797e-09;
3324221.6147737773135;7.9726545365588208369e-09;
3324554.9703308143653;7.9724156165639215033e-09;
3324888.3258878514171;7.955697434169906046e-09;
3325221.6814448884688;8.3186106891730560164e-09;
3325555.0370019255206;7.9179400813700340223e-09;
3325888.3925589625724;7.5295005785847024526e-09;
3326221.7481159996241;8.2546165458552422933e-09;
3326555.1036730366759;8.0659283696604688885e-09;
3326888.4592300737277;7.564276316429641156e-09;
3327221.8147871107794;7.8568351824515048065e-09;
3327555.1703441478312;7.8475101972230731917e-09;
3327888.525901184883;8.1586160050051148573e-09;
3328221.8814582219347;8.1119120309836034721e-09;
3328555.2370152589865;8.0485884623726633436e-09;
3328888.5925722960383;7.9177038259103937889e-09;
3329221.94812933309;7.8233668432403646875e-09;
3329555.3036863701418;8.2765136966145291808e-09;
3329888.6592434071936;7.6282233862912107725e-09;
3330222.0148004442453;7.895909703847792116e-09;
3330555.3703574812971;7.7009048027321114205e-09;
3330888.7259145183489;8.6020577327872160822e-09;
3331222.0814715554006;7.6984019159453964676e-09;
3331555.4370285924524;7.7833792744286256493e-09;
3331888.7925856295042;8.165010889626955759e-09;
3332222.1481426665559;7.9418729370672735968e-09;
3332555.5036997036077;8.2481514951382450818e-09;
3332888.8592567406595;8.1822850717117034947e-09;
3333222.2148137777112;7.870732510184552666e-09;
3333555.570370814763;7.7580564195045553788e-09;
3333888.9259278518148;8.3759026381358125946e-09;
3334222.2814848888665;7.5415345079932194494e-09;
3334555.6370419259183;8.133286932832106686e-09;
3334888.9925989629701;8.0833046922634821385e-09;
3335222.3481560000218;7.9181345924439483497e-09;
3335555.7037130370736;7.484346475905567786e-09;
3335889.0592700741254;7.765788012648044969e-09;
3336222.4148271111771;7.9835578148390595743e-09;
3336555.7703841482289;8.3379960713614309498e-09;
3336889.1259411852807;7.221777398314088714e-09;
3337222.4814982223324;8.0332061003218768747e-09;
3337555.8370552593842;7.9468129854376456933e-09;
3337889.192612296436;8.0279862757492992387e-09;
3338222.5481693334877;7.6051280828437484161e-09;
3338555.9037263705395;7.9460455992830247851e-09;
3338889.2592834075913;8.2907014586908189813e-09;
3339222.6148404446431;7.9797999319453083444e-09;
3339555.9703974816948;7.5923001219280195073e-09;
3339889.3259545187466;7.9402404651318647666e-09;
3340222.6815115557984;7.761696174668486492e-09;
3340556.0370685928501;7.8401241054848469503e-09;
3340889.3926256299019;7.9244797390742860443e-09;
3341222.7481826669537;8.1564666132294405543e-09;
3341556.1037397040054;7.7360633454759408778e-09;
3341889.4592967410572;7.6764026246678440657e-09;
3342222.814853778109;8.0480937469928903738e-09;
3342556.1704108151607;8.323771005791513744e-09;
3342889.5259678522125;8.0839148708378161245e-09;
3343222.8815248892643;8.21310308651845844e-09;
3343556.237081926316;7.7759718664083266049e-09;
3343889.5926389633678;8.5327949150837412162e-09;
3344222.9481960004196;8.1519972994215095241e-09;
3344556.3037530374713;8.3138189665987738408e-09;
3344889.6593100745231;8.0709599004080700979e-09;
3345223.0148671115749;7.9743065484194630699e-09;
3345556.3704241486266;8.5593976351105993672e-09;
3345889.7259811856784;8.1713675825767495553e-09;
3346223.0815382227302;7.7200983383818311268e-09;
3346556.4370952597819;7.9123916307821673399e-09;
3346889.7926522968337;8.2236857323891854321e-09;
3347223.1482093338855;8.0732425189466994198e-09;
3347556.5037663709372;7.9999837865329936903e-09;
3347889.859323407989;8.2101312415261418209e-09;
3348223.2148804450408;1.0293831564922584221e-08;
3348556.5704374820925;8.1754309988468776282e-09;
3348889.9259945191443;8.6040676805509974656e-09;
3349223.2815515561961;8.5011055972472604481e-09;
3349556.6371085932478;8.4409252920636390627e-09;
3349889.9926656302996;8.090364822521678434e-09;
3350223.3482226673514;8.2201330187103849312e-09;
3350556.7037797044031;8.2560811520693277998e-09;
3350890.0593367414549;8.340721002753070934e-09;
3351223.4148937785067;8.225174319420602842e-09;
3351556.7704508155584;8.2549505009410495404e-09;
3351890.1260078526102;8.2717459548575789086e-09;
3352223.481564889662;9.1242071675878833048e-09;
3352556.8371219267137;8.5388824899723658746e-09;
3352890.1926789637655;8.2638589304906417965e-09;
3353223.5482360008173;8.2742745988184651651e-09;
3353556.903793037869;8.8924441143944932264e-09;
3353890.2593500749208;8.5104145952641374606e-09;
3354223.6149071119726;8.5535356575405785406e-09;
3354556.9704641490243;7.9121003082605056989e-09;
3354890.3260211860761;8.3239459769401946687e-09;
3355223.6815782231279;8.5158129436990748218e-09;
3355557.0371352601796;8.0277606784306954069e-09;
3355890.3926922972314;8.1470581392295571277e-09;
3356223.7482493342832;8.9063734165506502904e-09;
3356557.1038063713349;8.3395930161600517749e-09;
3356890.4593634083867;8.2446751648035387916e-09;
3357223.8149204454385;8.6062899029570871789e-09;
3357557.1704774824902;8.4815487966238833906e-09;
3357890.526034519542;9.1671044089025599533e-09;
3358223.8815915565938;8.2101312415261418209e-09;
3358557.2371485936455;7.9271114117318575154e-09;
3358890.5927056306973;8.1618845015896113182e-09;
3359223.9482626677491;8.2903088838293115259e-09;
3359557.3038197048008;8.2773423670801093976e-09;
3359890.6593767418526;8.8710212509113262058e-09;
3360224.0149337789044;9.9821670929145511764e-09;
3360557.3704908159561;8.9671301495286570571e-09;
3360890.7260478530079;8.7374383284100076708e-09;
3361224.0816048900597;8.0952275993695366196e-09;
3361557.4371619271114;8.9520995061320718378e-09;
3361890.7927189641632;8.1973627885645328206e-09;
3362224.148276001215;8.4185201032482837036e-09;
3362557.5038330382667;8.4466211802691759658e-09;
3362890.8593900753185;8.66573035551709836e-09;
3363224.2149471123703;8.7240481505546085828e-09;
3363557.570504149422;8.3600113498505379539e-09;
3363890.9260611864738;7.9872615188492090965e-09;
3364224.2816182235256;8.8192466662917468057e-09;
3364557.6371752605774;8.5064835175785447063e-09;
3364890.9927322976291;8.3051627797203764203e-09;
3365224.3482893346809;8.5071105715428529948e-09;
3365557.7038463717327;7.9087651982945317286e-09;
3365891.0594034087844;1.0479467071888848295e-08;
3366224.4149604458362;7.3724990556911507156e-09;
3366557.770517482888;8.4372491215845002444e-09;
3366891.1260745199397;8.0144166858531207254e-09;
3367224.4816315569915;7.9305797484607865044e-09;
3367557.8371885940433;8.2177358251556142932e-09;
3367891.192745631095;7.7073467608101964288e-09;
3368224.5483026681468;9.7219992056807313929e-09;
3368557.9038597051986;8.1130089313319331268e-09;
3368891.2594167422503;8.3234201753157321946e-09;
3369224.6149737793021;8.1857498557269536832e-09;
3369557.9705308163539;7.8985182838664513838e-09;
3369891.3260878534056;7.5442638802769579343e-09;
3370224.6816448904574;8.252557748278377403e-09;
3370558.0372019275092;8.1298869858414946066e-09;
3370891.3927589645609;7.9656681251094596519e-09;
3371224.7483160016127;7.8062747377316554775e-09;
3371558.1038730386645;8.2451823146811875631e-09;
3371891.4594300757162;7.6668609239050056203e-09;
3372224.814987112768;7.6932780146421464451e-09;
3372558.1705441498198;7.7627193562079810363e-09;
3372891.5261011868715;7.6344432997643707495e-09;
3373224.8816582239233;8.1111704020031538676e-09;
3373558.2372152609751;8.2090210185015166644e-09;
3373891.5927722980268;7.6551662786528140714e-09;
3374224.9483293350786;8.3066504785733741301e-09;
3374558.3038863721304;7.8178850060339755146e-09;
3374891.6594434091821;8.8393798947095092444e-09;
3375225.0150004462339;8.6574525326454931928e-09;
3375558.3705574832857;7.8500193012587260455e-09;
3375891.7261145203374;7.7127779718466626946e-09;
3376225.0816715573892;8.919902150239522598e-09;
3376558.437228594441;8.4164195612856929074e-09;
3376891.7927856314927;7.3650299192706825124e-09;
3377225.1483426685445;7.8986701623762201052e-09;
3377558.5038997055963;8.1056867884399252944e-09;
3377891.859456742648;7.8935107339361820777e-09;
3378225.2150137796998;7.8246449319863131677e-09;
3378558.5705708167516;7.9703434963107611111e-09;
3378891.9261278538033;7.5973431989950768184e-09;
3379225.2816848908551;8.2703222048507996078e-09;
3379558.6372419279069;8.2340214646592357894e-09;
3379891.9927989649586;8.1685689323762744607e-09;
3380225.3483560020104;7.5593078463498386554e-09;
3380558.7039130390622;8.569162268656782544e-09;
3380892.0594700761139;8.2415763102972050547e-09;
3381225.4150271131657;8.3211828538765075791e-09;
3381558.7705841502175;7.7993389524522171996e-09;
3381892.1261411872692;7.7808639531440348946e-09;
3382225.481698224321;8.4210789452754397644e-09;
3382558.8372552613728;8.0500450749809715489e-09;
3382892.1928122984245;7.6613542177028648439e-09;
3383225.5483693354763;8.3669755568394066358e-09;
3383558.9039263725281;8.1742825841502053663e-09;
3383892.2594834095798;7.6266557513804400514e-09;
3384225.6150404466316;8.2125550804335034627e-09;
3384558.9705974836834;7.797654077990046062e-09;
3384892.3261545207351;8.5269507010821143922e-09;
3385225.6817115577869;8.0558599790947482688e-09;
3385559.0372685948387;7.7441812962320000224e-09;
3385892.3928256318904;8.2052000749399667257e-09;
3386225.7483826689422;7.8198905129056583974e-09;
3386559.103939705994;7.9200681568636355223e-09;
3386892.4594967430457;7.8408959325315663591e-09;
3387225.8150537800975;7.8258270974629340344e-09;
3387559.1706108171493;7.7233810458210427896e-09;
3387892.526167854201;7.6798425396873426507e-09;
3388225.8817248912528;7.7090254180234296655e-09;
3388559.2372819283046;7.8104447354121475655e-09;
3388892.5928389653563;7.6903328150024208298e-09;
3389225.9483960024081;7.7054513880625563615e-09;
3389559.3039530394599;7.6483646083147505124e-09;
3389892.6595100765117;7.9874720171346780262e-09;
3390226.0150671135634;8.0148527814571934869e-09;
3390559.3706241506152;7.9443704947834703489e-09;
3390892.726181187667;8.0300317506498686271e-09;
3391226.0817382247187;7.4960313511951426335e-09;
3391559.4372952617705;7.6278743321722686233e-09;
3391892.7928522988223;7.680355018635509623e-09;
3392226.148409335874;8.7848270879931078525e-09;
3392559.5039663729258;7.7385378105532254267e-09;
3392892.8595234099776;8.3217388535672398575e-09;
3393226.2150804470293;7.8902244737832916144e-09;
3393559.5706374840811;7.8482544907387818967e-09;
3393892.9261945211329;8.038669285781452345e-09;
3394226.2817515581846;8.0426101334296618006e-09;
3394559.6373085952364;7.7477331217323808232e-09;
3394892.9928656322882;7.9454594015260227025e-09;
3395226.3484226693399;7.8391328983684616105e-09;
3395559.7039797063917;7.6512804980666260235e-09;
3395893.0595367434435;7.6037922625005194277e-09;
3396226.4150937804952;7.6031785312125066412e-09;
3396559.770650817547;7.7265296383188797336e-09;
3396893.1262078545988;7.6576407437300986203e-09;
3397226.4817648916505;7.6732478149210692209e-09;
3397559.8373219287023;8.0463413709708220267e-09;
3397893.1928789657541;7.5994925907707511215e-09;
3398226.5484360028058;8.0755411246968833439e-09;
3398559.9039930398576;7.5754735817668006348e-09;
3398893.2595500769094;7.8285911087050408241e-09;
3399226.6151071139611;7.5749673200675715634e-09;
3399559.9706641510129;7.5045827330200154393e-09;
3399893.3262211880647;7.6453954278576929937e-09;
3400226.6817782251164;8.5333793364839038986e-09;
3400560.0373352621682;7.2618386859346628626e-09;
3400893.39289229922;7.9390414242652695975e-09;
3401226.7484493362717;7.6529200754293924547e-09;
3401560.1040063733235;8.2343687424213385384e-09;
3401893.4595634103753;7.7627735350915827439e-09;
3402226.815120447427;7.3636714503777511709e-09;
3402560.1706774844788;7.9058342095095213153e-09;
3402893.5262345215306;8.0927389234375368687e-09;
3403226.8817915585823;7.909306987130548805e-09;
3403560.2373485956341;7.7852666535704884154e-09;
3403893.5929056326859;8.0775981459169088339e-09;
3404226.9484626697376;8.0663387080903703463e-09;
3404560.3040197067894;7.7967081679730654287e-09;
3404893.6595767438412;8.1571975840688537573e-09;
3405227.0151337808929;7.8603417108524809009e-09;
3405560.3706908179447;7.8171300543772304081e-09;
3405893.7262478549965;7.5520345532709143299e-09;
3406227.0818048920482;8.1902085113938483119e-09;
3406560.4373619291;7.8144797299728452344e-09;
3406893.7929189661518;7.9222806093071085343e-09;
3407227.1484760032035;7.929243039939137816e-09;
3407560.5040330402553;8.2126128120307839708e-09;
3407893.8595900773071;7.3080510532008702285e-09;
3408227.2151471143588;8.5537008587266427639e-09;
3408560.5707041514106;7.5553785450210853014e-09;
3408893.9262611884624;8.2343980523091886425e-09;
3409227.2818182255141;7.8439814643616045942e-09;
3409560.6373752625659;7.7681079346803016961e-09;
3409893.9929322996177;8.3754017055071017239e-09;
3410227.3484893366694;8.2383628807747300016e-09;
3410560.7040463737212;7.6876984778095902584e-09;
3410894.059603410773;8.2391009570415008056e-09;
3411227.4151604478247;8.3297830855144638917e-09;
3411560.7707174848765;7.9573467814952891786e-09;
3411894.1262745219283;7.8446156237532704836e-09;
3412227.48183155898;7.7348545346467290074e-09;
3412560.8373885960318;8.0400113233736192342e-09;
3412894.1929456330836;7.5485058204094457324e-09;
3413227.5485026701353;7.5508665986490086652e-09;
3413560.9040597071871;7.6995245734678974259e-09;
3413894.2596167442389;7.813724778316100128e-09;
3414227.6151737812907;7.725497574995188188e-09;
3414560.9707308183424;8.2335880335904221283e-09;
3414894.3262878553942;7.7860464742229851254e-09;
3415227.681844892446;7.1667121126495203498e-09;
3415561.0374019294977;7.8721846819007623708e-09;
3415894.3929589665495;7.7948323351506587642e-09;
3416227.7485160036013;8.0732283080919842178e-09;
3416561.104073040653;8.6847036229187324352e-09;
3416894.4596300777048;8.1549336172770381381e-09;
3417227.8151871147566;8.1397617535117205989e-09;
3417561.1707441518083;7.707021687508586183e-09;
3417894.5263011888601;7.0810495245154925215e-09;
3418227.8818582259119;7.7319333158243352955e-09;
3418561.2374152629636;8.1513675809219421353e-09;
3418894.5929723000154;7.8917636869846319314e-09;
3419227.9485293370672;7.9594020263584752684e-09;
3419561.3040863741189;8.0683655312441260321e-09;
3419894.6596434111707;8.1528135353892139392e-09;
3420228.0152004482225;7.5674266852843175002e-09;
3420561.3707574852742;8.1960092046529098297e-09;
3420894.726314522326;7.5281514355651779624e-09;
3421228.0818715593778;7.8036697104266750102e-09;
3421561.4374285964295;8.3625080193883150059e-09;
3421894.7929856334813;8.1136217744415262132e-09;
3422228.1485426705331;7.8324431385112802673e-09;
3422561.5040997075848;7.4216970347151800524e-09;
3422894.8596567446366;8.062555956200867513e-09;
3423228.2152137816884;8.286231256704468251e-09;
3423561.5707708187401;8.1471149826484179357e-09;
3423894.9263278557919;8.2478326390855727368e-09;
3424228.2818848928437;8.9496774435815495963e-09;
3424561.6374419298954;8.0141209224393605837e-09;
3424894.9929989669472;8.2320408267833045102e-09;
3425228.348556003999;8.1588451550373974897e-09;
3425561.7041130410507;7.7540782683627185179e-09;
3425895.0596700781025;7.3794446109332056949e-09;
3426228.4152271151543;7.8608941578295343788e-09;
3426561.770784152206;7.4911996605919739523e-09;
3426895.1263411892578;7.6558519523928225681e-09;
3427228.4818982263096;8.0562987392340801307e-09;
3427561.8374552633613;8.0192892326635956124e-09;
3427895.1930123004131;8.1514102134860877413e-09;
3428228.5485693374649;7.7052080271755585272e-09;
3428561.9041263745166;7.5400903298827870458e-09;
3428895.2596834115684;7.9853812451347039314e-09;
3429228.6152404486202;7.6454220732102839975e-09;
3429561.9707974856719;8.3632425429414070095e-09;
3429895.3263545227237;7.9786230955392056785e-09;
3430228.6819115597755;7.7996267222602000402e-09;
3430562.0374685968272;8.0364808141553112364e-09;
3430895.393025633879;8.6356246598029429151e-09;
3431228.7485826709308;8.4384934595505001198e-09;
3431562.1041397079825;8.3623907798369145894e-09;
3431895.4596967450343;8.1919502292748802574e-09;
3432228.8152537820861;8.0004483038464968558e-09;
3432562.1708108191378;7.9241040396027528914e-09;
3432895.5263678561896;7.907945409613148513e-09;
3433228.8819248932414;7.8010931048311249469e-09;
3433562.2374819302931;7.8058635111233343196e-09;
3433895.5930389673449;7.5982509173400103464e-09;
3434228.9485960043967;8.0912325728377254563e-09;
3434562.3041530414484;8.0258004686584172305e-09;
3434895.6597100785002;7.6584214525610150304e-09;
3435229.015267115552;8.1450117761505680392e-09;
3435562.3708241526037;7.8150428350909351138e-09;
3435895.7263811896555;7.6091906109354567889e-09;
3436229.0819382267073;7.6518045233342490974e-09;
3436562.437495263759;7.6919128844110673526e-09;
3436895.7930523008108;7.6916970570550802222e-09;
3437229.1486093378626;8.016740160599056253e-09;
3437562.5041663749143;8.29196888929573106e-09;
3437895.8597234119661;7.573730087528929289e-09;
3438229.2152804490179;8.0437967397983811679e-09;
3438562.5708374860696;7.461176565470850619e-09;
3438895.9263945231214;7.7775430540327761264e-09;
3439229.2819515601732;7.8563102690054620325e-09;
3439562.637508597225;8.2389126632165243791e-09;
3439895.9930656342767;7.7647239749012442189e-09;
3440229.3486226713285;8.0393753876251139445e-09;
3440562.7041797083803;8.3011366669438757526e-09;
3440896.059736745432;7.584914918368212966e-09;
3441229.4152937824838;7.7801534104082747945e-09;
3441562.7708508195356;7.6440791474396974081e-09;
3441896.1264078565873;7.7212103377632956835e-09;
3442229.4819648936391;7.7504420659124662052e-09;
3442562.8375219306909;7.7621056249199682497e-09;
3442896.1930789677426;7.9174116152103124477e-09;
3443229.5486360047944;7.8056716645846790925e-09;
3443562.9041930418462;7.8251121138350754336e-09;
3443896.2597500788979;8.0494935161823377712e-09;
3444229.6153071159497;7.9598629909582996333e-09;
3444562.9708641530015;7.7569390910525726213e-09;
3444896.3264211900532;7.6071193788607160968e-09;
3445229.681978227105;8.3325053523708447756e-09;
3445563.0375352641568;8.0833331139729125425e-09;
3445896.3930923012085;7.952860592297383846e-09;
3446229.7486493382603;7.6250747937933738285e-09;
3446563.1042063753121;7.9603665881222696044e-09;
3446896.4597634123638;7.2780452775589310477e-09;
3447229.8153204494156;7.5469683835649448156e-09;
3447563.1708774864674;8.3742541789888491621e-09;
3447896.5264345235191;7.7303168311004810676e-09;
3448229.8819915605709;8.2880511342864338076e-09;
3448563.2375485976227;7.8290449678775075881e-09;
3448896.5931056346744;8.6746858585229347227e-09;
3449229.9486626717262;7.8863031660603155615e-09;
3449563.304219708778;8.0171904670578442165e-09;
3449896.6597767458297;7.832277937325216044e-09;
3450230.0153337828815;7.5413888467323886289e-09;
3450563.3708908199333;7.8140676151861043763e-09;
3450896.726447856985;8.0214590525429230183e-09;
3451230.0820048940368;7.449219019406427833e-09;
3451563.4375619310886;7.7404269660519275931e-09;
3451896.7931189681403;7.677050106735805457e-09;
3452230.1486760051921;8.2067144191455554392e-09;
3452563.5042330422439;7.9015576304186652123e-09;
3452896.8597900792956;7.8369160050328900979e-09;
3453230.2153471163474;7.7351938188030544552e-09;
3453563.5709041533992;8.1916047278696169087e-09;
3453896.9264611904509;7.1363590592454784201e-09;
3454230.2820182275027;7.5241990415975124051e-09;
3454563.6375752645545;7.594247897202421882e-09;
3454896.9931323016062;7.5792936371499308734e-09;
3455230.348689338658;8.0454505280158628011e-09;
3455563.7042463757098;7.7622690497491930728e-09;
3455897.0598034127615;8.111854299386322964e-09;
3456230.4153604498133;8.1598203749422282272e-09;
3456563.7709174868651;8.1320870037870918168e-09;
3456897.1264745239168;7.4993371512732664996e-09;
3457230.4820315609686;8.1596764900382368069e-09;
3457563.8375885980204;8.0249824563338734151e-09;
3457897.1931456350721;7.8271611414493236225e-09;
3458230.5487026721239;7.5746351413386037166e-09;
3458563.9042597091757;7.8588362484310891887e-09;
3458897.2598167462274;7.679936686599830864e-09;
3459230.6153737832792;8.3866655842257387121e-09;
3459563.970930820331;7.8650792545431613689e-09;
3459897.3264878573827;8.0114741507486542105e-09;
3460230.6820448944345;8.481906732527022541e-09;
3460564.0376019314863;7.9674595809819948045e-09;
3460897.393158968538;7.7439770151954689936e-09;
3461230.7487160055898;7.358615494723608208e-09;
3461564.1042730426416;7.8484339027795613219e-09;
3461897.4598300796933;7.6245925129114766605e-09;
3462230.8153871167451;7.7445081458904496685e-09;
3462564.1709441537969;7.6161450479617087694e-09;
3462897.5265011908486;7.9227815419358194049e-09;
3463230.8820582279004;7.3493136021340887964e-09;
3463564.2376152649522;7.7648056873158566304e-09;
3463897.5931723020039;7.9670678942989070492e-09;
3464230.9487293390557;8.3078477430831298989e-09;
3464564.3042863761075;7.4718267129014748207e-09;
3464897.6598434131593;7.8495228095221136755e-09;
3465231.015400450211;7.9280866316366882529e-09;
3465564.3709574872628;7.9494659743772899674e-09;
3465897.7265145243146;8.12707412478630431e-09;
3466231.0820715613663;7.7530701858563588758e-09;
3466564.4376285984181;7.3466930317067635769e-09;
3466897.7931856354699;7.5811179556239949306e-09;
3467231.1487426725216;7.8238757694748528593e-09;
3467564.5042997095734;7.5410309108292494784e-09;
3467897.8598567466252;7.2424990449349024857e-09;
3468231.2154137836769;8.2276310209294933884e-09;
3468564.5709708207287;8.1642648197544076538e-09;
3468897.9265278577805;8.1471149826484179357e-09;
3469231.2820848948322;7.637099841417693824e-09;
3469564.637641931884;7.977137173043047369e-09;
3469897.9931989689358;7.6138979565598674526e-09;
3470231.3487560059875;7.9018764864713375573e-09;
3470564.7043130430393;7.6539823368193538045e-09;
3470898.0598700800911;8.0527042811695537239e-09;
3471231.4154271171428;7.8541440018398134271e-09;
3471564.7709841541946;7.708199412093108549e-09;
3471898.1265411912464;7.4858848009284884029e-09;
3472231.4820982282981;8.120180972071011638e-09;
3472564.8376552653499;7.8039574802346578508e-09;
3472898.1932123024017;7.9513240436313026294e-09;
3473231.5487693394534;7.7228650141591970169e-09;
3473564.9043263765052;7.8242878842615937174e-09;
3473898.259883413557;7.4368755598186453426e-09;
3474231.6154404506087;7.9738029512554930989e-09;
3474564.9709974876605;7.6188486630712759506e-09;
3474898.3265545247123;7.9153394949571520556e-09;
3475231.682111561764;7.9598212465725737275e-09;
3475565.0376685988158;7.9972020117224928981e-09;
3475898.3932256358676;8.0564825921669580566e-09;
3476231.7487826729193;7.5633996843293971324e-09;
3476565.1043397099711;7.8853883422880244325e-09;
3476898.4598967470229;7.5079320538407046115e-09;
3477231.8154537840746;8.2071460738575297e-09;
3477565.1710108211264;7.4466672828066293732e-09;
3477898.5265678581782;7.6179915708962653298e-09;
3478231.8821248952299;8.0079987085923676204e-09;
3478565.2376819322817;8.1002209384450907237e-09;
3478898.5932389693335;7.632659837497612898e-09;
3479231.9487960063852;7.8325390617806078808e-09;
3479565.304353043437;7.4878183653481755755e-09;
3479898.6599100804888;7.7188637703784479527e-09;
3480232.0154671175405;8.2181834670791431563e-09;
3480565.3710241545923;7.8639601497343392111e-09;
3480898.7265811916441;7.5259167786612124473e-09;
3481232.0821382286958;7.9129893748586255242e-09;
3481565.4376952657476;8.2739113338448078139e-09;
3481898.7932523027994;8.1122966122393336263e-09;
3482232.1488093398511;7.4008785766466189671e-09;
3482565.5043663769029;7.6780350966032528959e-09;
3482898.8599234139547;7.8893789279277370952e-09;
3483232.2154804510064;7.8030524264249834232e-09;
3483565.5710374880582;7.65430563376412465e-09;
3483898.92659452511;7.9008772857491749164e-09;
3484232.2821515621617;7.9447053380476972961e-09;
3484565.6377085992135;7.928030676396247145e-09;
3484898.9932656362653;7.8361308553098751872e-09;
3485232.348822673317;7.8831172700688512123e-09;
3485565.7043797103688;7.7512725127348858223e-09;
3485899.0599367474206;8.0649362743656638486e-09;
3486232.4154937844723;7.800873724761459016e-09;
3486565.7710508215241;7.7805628606597565522e-09;
3486899.1266078585759;7.7692945410490210634e-09;
3487232.4821648956276;7.6966708562054009235e-09;
3487565.8377219326794;7.523325962210947182e-09;
3487899.1932789697312;8.1389330830461403821e-09;
3488232.5488360067829;8.3444877674310191651e-09;
3488565.9043930438347;7.9895352556036414171e-09;
3488899.2599500808865;7.9866158131380871055e-09;
3489232.6155071179383;7.3364785357910022867e-09;
3489565.97106415499;7.8324013941255543614e-09;
3489899.3266211920418;7.8869124564562298474e-09;
3490232.6821782290936;7.5112298603130511765e-09;
3490566.0377352661453;8.0921278566847831826e-09;
3490899.3932923031971;8.101088688761137746e-09;
3491232.7488493402489;7.6749735455905465642e-09;
3491566.1044063773006;7.9994224577717432112e-09;
3491899.4599634143524;7.7249548979807514115e-09;
3492232.8155204514042;7.8784099244444405485e-09;
3492566.1710774884559;7.8727095953468051448e-09;
3492899.5266345255077;8.2285556146644012188e-09;
3493232.8821915625595;7.8825630467349583341e-09;
3493566.2377485996112;7.4777881664545020612e-09;
3493899.593305636663;8.0200219798598482157e-09;
3494232.9488626737148;7.5788539888321793114e-09;
3494566.3044197107665;8.0087163567554853216e-09;
3494899.6599767478183;7.9428916777146696404e-09;
3495233.0155337848701;7.9301063493630863377e-09;
3495566.3710908219218;7.755589948033048131e-09;
3495899.7266478589736;7.7531385755946757854e-09;
3496233.0822048960254;8.1540170171479076089e-09;
3496566.4377619330771;7.7951884946969585144e-09;
3496899.7933189701289;7.4916863823659696209e-09;
3497233.1488760071807;7.8101152212184388191e-09;
3497566.5044330442324;8.0839432925472465286e-09;
3497899.8599900812842;7.5668413757057351177e-09;
3498233.215547118336;8.0458883999767749629e-09;
3498566.5711041553877;7.6931838677296582318e-09;
3498899.9266611924395;7.9660882335019778111e-09;
3499233.2822182294913;7.7096489192740591534e-09;
3499566.637775266543;7.6915886992878768069e-09;
3499899.9933323035948;8.1033091348103880591e-09;
3500233.3488893406466;7.7665793796199977805e-09;
3500566.7044463776983;7.7196915526656084694e-09;
3500900.0600034147501;7.5583121983413548151e-09;
3501233.4155604518019;7.5691017897838719364e-09;
3501566.7711174888536;8.0055650997223892773e-09;
3501900.1266745259054;8.0540063507328341075e-09;
3502233.4822315629572;7.7242896523443960177e-09;
3502566.8377886000089;7.8011197501837159507e-09;
3502900.1933456370607;7.6830675155292738054e-09;
3503233.5489026741125;8.3177926768485122011e-09;
3503566.9044597111642;8.1426936304751507123e-09;
3503900.260016748216;7.7595423420007136883e-09;
3504233.6155737852678;7.8970057160177020705e-09;
3504566.9711308223195;8.4110984843732694571e-09;
3504900.3266878593713;7.8307778039743425325e-09;
3505233.6822448964231;7.7822717159392595931e-09;
3505567.0378019334748;7.8442301543191206292e-09;
3505900.3933589705266;7.4637060976101565757e-09;
3506233.7489160075784;8.0557889248211722588e-09;
3506567.1044730446301;8.1823570141636992048e-09;
3506900.4600300816819;7.9119883977796234831e-09;
3507233.8155871187337;7.9924404872144805267e-09;
3507567.1711441557854;8.1067401680456896429e-09;
3507900.5267011928372;8.3548874485472879314e-09;
3508233.882258229889;8.0394455537202702544e-09;
3508567.2378152669407;8.2778655041693127714e-09;
3508900.5933723039925;7.8329929209530746448e-09;
3509233.9489293410443;7.9933251129205018515e-09;
3509567.304486378096;7.6285315842028467159e-09;
3509900.6600434151478;7.9310122913511804654e-09;
3510234.0156004521996;7.8756698940196656622e-09;
3510567.3711574892513;7.6558110961855163623e-09;
3510900.7267145263031;7.6437842722043569665e-09;
3511234.0822715633549;8.0611401997998655133e-09;
3511567.4378286004066;8.377579518992206431e-09;
3511900.7933856374584;8.0126003609848339693e-09;
3512234.1489426745102;8.816412488954483706e-09;
3512567.5044997115619;8.2438349480185024731e-09;
3512900.8600567486137;8.5527398496765272284e-09;
3513234.2156137856655;8.4383309228996949969e-09;
3513567.5711708227172;8.3726510169412904361e-09;
3513900.926727859769;7.9522317619762361574e-09;
3514234.2822848968208;8.0544166891627355653e-09;
3514567.6378419338726;7.8998638741722970735e-09;
3514900.9933989709243;8.1267597096257304656e-09;
3515234.3489560079761;7.7799340303386088635e-09;
3515567.7045130450279;8.1023836528970605286e-09;
3515901.0600700820796;8.2728064398907008581e-09;
3516234.4156271191314;8.3390512273240346985e-09;
3516567.7711841561832;8.1437807608608636656e-09;
3516901.1267411932349;8.0105593269763630815e-09;
3517234.4822982302867;7.741936869365417806e-09;
3517567.8378552673385;8.2384783439692910179e-09;
3517901.1934123043902;7.7966264555584530171e-09;
3518234.548969341442;7.691440373491786886e-09;
3518567.9045263784938;8.2285414038096860168e-09;
3518901.2600834155455;8.7096543310849483532e-09;
3519234.6156404525973;8.5748395051155057445e-09;
3519567.9711974896491;8.4452560500380968733e-09;
3519901.3267545267008;8.2174329563144965505e-09;
3520234.6823115637526;8.8045251089852172299e-09;
3520568.0378686008044;8.3004509932038672559e-09;
3520901.3934256378561;8.5030320562395900197e-09;
3521234.7489826749079;9.0450971157451931504e-09;
3521568.1045397119597;8.2381452770619034709e-09;
3521901.4600967490114;8.2369879805810342077e-09;
3522234.8156537860632;8.0993522999506240012e-09;
3522568.171210823115;9.0082128423318863497e-09;
3522901.5267678601667;8.2225017905557251652e-09;
3523234.8823248972185;9.2263006123971535999e-09;
3523568.2378819342703;8.9917069345801792224e-09;
3523901.593438971322;8.8623766103523848869e-09;
3524234.9489960083738;1.2213604350108653307e-08;
3524568.3045530454256;9.0433021071589791973e-09;
3524901.6601100824773;9.3718348637139570201e-09;
3525235.0156671195291;8.8420666344291021232e-09;
3525568.3712241565809;8.9763503297035640571e-09;
3525901.7267811936326;8.9248706203193250985e-09;
3526235.0823382306844;8.0649646960750942526e-09;
3526568.4378952677362;9.1392386991628882242e-09;
3526901.7934523047879;8.8945526499628613237e-09;
3527235.1490093418397;8.9505105549392283137e-09;
3527568.5045663788915;8.8599945158307491511e-09;
3527901.8601234159432;9.3718517391039313225e-09;
3528235.215680452995;1.1650639564209086529e-08;
3528568.5712374900468;8.9084393195548727817e-09;
3528901.9267945270985;8.8745437665238569025e-09;
3529235.2823515641503;9.0488638804231413815e-09;
3529568.6379086012021;9.5304741876134357881e-09;
3529901.9934656382538;9.151094992887465196e-09;
3530235.3490226753056;9.6158396800660739245e-09;
3530568.7045797123574;8.9248395340746355942e-09;
3530902.0601367494091;9.5646397468840405054e-09;
3531235.4156937864609;9.1873220142701939039e-09;
3531568.7712508235127;8.9499918587421234406e-09;
3531902.1268078605644;8.9354914578620991961e-09;
3532235.4823648976162;1.0787974069614847394e-08;
3532568.837921934668;9.1682803571302429191e-09;
3532902.1934789717197;8.696673603481031023e-09;
3533235.5490360087715;9.1874508001410504221e-09;
3533568.9045930458233;9.4533207928293450095e-09;
3533902.260150082875;9.127172795331262023e-09;
3534235.6157071199268;9.1591045858763209253e-09;
3534568.9712641569786;9.0364737914683246345e-09;
3534902.3268211940303;8.5049736142650544934e-09;
3535235.6823782310821;9.763297725839947816e-09;
3535569.0379352681339;8.8392244634860617225e-09;
3535902.3934923051856;8.7305336293752588972e-09;
3536235.7490493422374;1.0923737470136529737e-08;
3536569.1046063792892;9.2465830547894256597e-09;
3536902.4601634163409;8.9278344717058644164e-09;
3537235.8157204533927;8.3732398792335516191e-09;
3537569.1712774904445;8.9233189726201089798e-09;
3537902.5268345274962;9.0976222111294191564e-09;
3538235.882391564548;8.8221909777530527208e-09;
3538569.2379486015998;8.6109475105899946357e-09;
3538902.5935056386515;8.6158502554667393269e-09;
3539235.9490626757033;8.4293967361759314372e-09;
3539569.3046197127551;8.9626421839739123243e-09;
3539902.6601767498069;9.240656240194766724e-09;
3540236.0157337868586;9.2574730103933688952e-09;
3540569.3712908239104;8.8579250601128478593e-09;
3540902.7268478609622;9.2172607324414457253e-09;
3541236.0824048980139;9.1690699477453563304e-09;
3541569.4379619350657;8.605155699115130119e-09;
3541902.7935189721175;1.2357319612021910871e-08;
3542236.1490760091692;8.7528935210912095499e-09;
3542569.504633046221;8.6096321183504187502e-09;
3542902.8601900832728;9.229932373955307412e-09;
3543236.2157471203245;8.6239664298659590713e-09;
3543569.5713041573763;8.6941227550596522633e-09;
3543902.9268611944281;8.7493576828023833514e-09;
3544236.2824182314798;9.8752481747510501009e-09;
3544569.6379752685316;8.5051086173848489125e-09;
3544902.9935323055834;8.372238902154549578e-09;
3545236.3490893426351;9.0434291166729963152e-09;
3545569.7046463796869;8.1977082899697961693e-09;
3545903.0602034167387;8.0567792437591378985e-09;
3546236.4157604537904;8.2078672747343262017e-09;
3546569.7713174908422;8.4624245388909002941e-09;
3546903.126874527894;8.3528179928293866396e-09;
3547236.4824315649457;8.0171478344936986105e-09;
3547569.8379886019975;8.8020666311194872833e-09;
3547903.1935456390493;7.9315132239798913361e-09;
3548236.549102676101;8.3560767194512663991e-09;
3548569.9046597131528;8.5345783773504990677e-09;
3548903.2602167502046;8.0434157112563298142e-09;
3549236.6157737872563;8.1327158341082395054e-09;
3549569.9713308243081;8.078818503065576806e-09;
3549903.3268878613599;8.0173316874265765364e-09;
3550236.6824448984116;8.2782580790308202268e-09;
3550570.0380019354634;8.0987403450194506149e-09;
3550903.3935589725152;7.9848065936971579504e-09;
3551236.7491160095669;8.36700486672725674e-09;
3551570.1046730466187;8.2362063835716980975e-09;
3551903.4602300836705;8.1053448397483407462e-09;
3552236.8157871207222;9.3433465409020755033e-09;
3552570.171344157774;8.0676141323010597262e-09;
3552903.5269011948258;7.8738580100434774067e-09;
3553236.8824582318775;8.2857072314368451771e-09;
3553570.2380152689293;7.5664559062715852633e-09;
3553903.5935723059811;7.6896977674323352403e-09;
3554236.9491293430328;7.9921882445432856912e-09;
3554570.3046863800846;8.1027682341527906829e-09;
3554903.6602434171364;8.4956708334971153818e-09;
3555237.0158004541881;8.2813711443918691657e-09;
3555570.3713574912399;7.8036554995719598082e-09;
3555903.7269145282917;8.0436137750439229421e-09;
3556237.0824715653434;7.7057222824805648997e-09;
3556570.4380286023952;8.1139210905689651554e-09;
3556903.793585639447;8.5718872000484225282e-09;
3557237.1491426764987;8.1508515492600963626e-09;
3557570.5046997135505;8.2337034967849831446e-09;
3557903.8602567506023;8.1149194031127080962e-09;
3558237.215813787654;7.9776141248544263362e-09;
3558570.5713708247058;8.3125337724254677596e-09;
3558903.9269278617576;8.1943536400785887963e-09;
3559237.2824848988093;8.2594473482799912745e-09;
3559570.6380419358611;8.0634627863673813408e-09;
3559903.9935989729129;7.9098070315808399755e-09;
3560237.3491560099646;8.7322211683726891351e-09;
3560570.7047130470164;8.0447577488484967034e-09;
3560904.0602700840682;8.1343447533299695351e-09;
3561237.4158271211199;8.2962232639260946598e-09;
3561570.7713841581717;7.8536750436342117609e-09;
3561904.1269411952235;7.9446218492762454844e-09;
3562237.4824982322752;8.1119546635477490781e-09;
3562570.838055269327;7.9838802236054107198e-09;
3562904.1936123063788;8.2157729508480770164e-09;
3563237.5491693434305;7.7502377848759351764e-09;
3563570.9047263804823;8.1536875029541988624e-09;
3563904.2602834175341;7.9174249378866079496e-09;
3564237.6158404545859;7.9610513736838584009e-09;
3564570.9713974916376;8.0342505981434442219e-09;
3564904.3269545286894;8.1404056828660031897e-09;
3565237.6825115657412;7.9385253926034238248e-09;
3565571.0380686027929;8.2055890970877953805e-09;
3565904.3936256398447;7.9897173321796799428e-09;
3566237.7491826768965;7.8589330598788365023e-09;
3566571.1047397139482;7.4545862815966756898e-09;
3566904.460296751;7.9966397947828227188e-09;
3567237.8158537880518;7.7385102770222147228e-09;
3567571.1714108251035;8.1357303116647017305e-09;
3567904.5269678621553;7.8694881722185527906e-09;
3568237.8825248992071;8.6798541687471697514e-09;
3568571.2380819362588;8.0537656543810953735e-09;
3568904.5936389733106;7.7155970501507908921e-09;
3569237.9491960103624;7.8472481845892616548e-09;
3569571.3047530474141;7.8719635254742570396e-09;
3569904.6603100844659;7.5268822286034264835e-09;
3570238.0158671215177;7.9479578474206391547e-09;
3570571.3714241585694;7.9228517080309757148e-09;
3570904.7269811956212;7.7332646952754657832e-09;
3571238.082538232673;7.7630870620737368881e-09;
3571571.4380952697247;7.9115158868603430165e-09;
3571904.7936523067765;7.8242878842615937174e-09;
3572238.1492093438283;7.7837212231202101975e-09;
3572571.50476638088;7.4118990944782581209e-09;
3572904.8603234179318;7.5351378470145391475e-09;
3573238.2158804549836;7.489396658399982698e-09;
3573571.5714374920353;7.6168271689880384656e-09;
3573904.9269945290871;8.0024298299008478352e-09;
3574238.2825515661389;7.6939405957432427385e-09;
3574571.6381086031906;7.902001719628515275e-09;
3574904.9936656402424;7.8231465749922790565e-09;
3575238.3492226772942;8.02884692063798866e-09;
3575571.7047797143459;7.8455117957787479099e-09;
3575905.0603367513977;8.0212618769337495905e-09;
3576238.4158937884495;8.2258821976211038418e-09;
3576571.7714508255012;8.0768032262312772218e-09;
3576905.127007862553;7.7561486122590395098e-09;
3577238.4825648996048;7.8738722208981926087e-09;
3577571.8381219366565;7.4757657841928448761e-09;
3577905.1936789737083;7.8297599515053661889e-09;
3578238.5492360107601;8.0413249392563557194e-09;
3578571.9047930478118;7.8454975849240327079e-09;
3578905.2603500848636;7.9093487315162747109e-09;
3579238.6159071219154;8.1211801727931742789e-09;
3579571.9714641589671;7.8503230582782634883e-09;
3579905.3270211960189;7.4737833699600741966e-09;
3580238.6825782330707;7.1980288396389369154e-09;
3580572.0381352701224;7.7782127405612300208e-09;
3580905.3936923071742;7.8050819141139982094e-09;
3581238.749249344226;7.8633934919025705312e-09;
3581572.1048063812777;7.4628276891530731518e-09;
3581905.4603634183295;8.2164515191607279121e-09;
3582238.8159204553813;7.8825772575896735361e-09;
3582572.171477492433;7.8525985713895352092e-09;
3582905.5270345294848;7.689454406545337406e-09;
3583238.8825915665366;7.744766605810582405e-09;
3583572.2381486035883;7.6110628910441846529e-09;
3583905.5937056406401;7.7483726101945649134e-09;
3584238.9492626776919;8.3599083211538527394e-09;
3584572.3048197147436;7.5218062889348402678e-09;
3584905.6603767517954;8.0952844427883974276e-09;
3585239.0159337888472;8.0914457356584534864e-09;
3585572.3714908258989;8.0668067781175523123e-09;
3585905.7270478629507;7.6839450358079375292e-09;
3586239.0826049000025;7.5245161212933453498e-09;
3586572.4381619370542;8.0444051420158757537e-09;
3586905.793718974106;7.7222956917921692366e-09;
3587239.1492760111578;7.8460766772536771896e-09;
3587572.5048330482095;8.05870481457304777e-09;
3587905.8603900852613;8.0284374703865069023e-09;
3588239.2159471223131;7.584914918368212966e-09;
3588572.5715041593648;7.724263006991805014e-09;
3588905.9270611964166;7.7058572856003593188e-09;
3589239.2826182334684;8.5341138600369959022e-09;
3589572.6381752705202;8.3900397740421794879e-09;
3589905.9937323075719;8.1554922815030295169e-09;
3590239.3492893446237;7.5186354919765108207e-09;
3590572.7048463816755;8.1028250775716514909e-09;
3590906.0604034187272;7.7203692327998396649e-09;
3591239.415960455779;8.0537372326716649695e-09;
3591572.7715174928308;7.4443784470190621505e-09;
3591906.1270745298825;7.8282331728019016737e-09;
3592239.4826315669343;8.5123730286795762368e-09;
3592572.8381886039861;7.8404962522427013027e-09;
3592906.1937456410378;8.01196708977158778e-09;
3593239.5493026780896;7.9525808160951783066e-09;
3593572.9048597151414;8.411423557674879703e-09;
3593906.2604167521931;7.3032122571703439462e-09;
3594239.6159737892449;8.0977589078656819765e-09;
3594572.9715308262967;7.9838526900744000159e-09;
3594906.3270878633484;7.564794124448326329e-09;
3595239.6826449004002;7.6662685088990656368e-09;
3595573.038201937452;8.3750490986744807742e-09;
3595906.3937589745037;7.6729920195361955848e-09;
3596239.7493160115555;7.6590804809484325233e-09;
3596573.1048730486073;7.8465864916665850615e-09;
3596906.460430085659;7.8022033278557501035e-09;
3597239.8159871227108;7.6117716574231053528e-09;
3597573.1715441597626;8.2103337462058334495e-09;
3597906.5271011968143;7.8150428350909351138e-09;
3598239.8826582338661;7.7184170166333387897e-09;
3598573.2382152709179;7.911668653548531438e-09;
3598906.5937723079696;7.9583246659353790164e-09;
3599239.9493293450214;7.7945587761973911256e-09;
3599573.3048863820732;7.9588700074850748933e-09;
3599906.6604434191249;7.8781745571632200154e-09;
3600240.0160004561767;8.0512050359970999125e-09;
3600573.3715574932285;7.8948696469183232693e-09;
3600906.7271145302802;7.9161042165765138634e-09;
3601240.082671567332;8.0247293254842588794e-09;
3601573.4382286043838;7.6636021972831258608e-09;
3601906.7937856414355;8.0132762647622257646e-09;
3602240.1493426784873;7.9447053380476972961e-09;
3602573.5048997155391;8.0454363171611475991e-09;
3602906.8604567525908;7.9006410302895346831e-09;
3603240.2160137896426;7.7848563151405869576e-09;
3603573.5715708266944;7.8017645677164182416e-09;
3603906.9271278637461;8.1527566919703531312e-09;
3604240.2826849007979;8.7649416613544417487e-09;
3604573.6382419378497;8.1749718106038926635e-09;
3604906.9937989749014;8.0155428960893004842e-09;
3605240.3493560119532;7.8214430487832942163e-09;
3605573.704913049005;8.4925373400324133399e-09;
3605907.0604700860567;8.121293859630895895e-09;
3606240.4160271231085;8.0303133032089135668e-09;
3606573.7715841601603;8.1794819806191298994e-09;
3606907.127141197212;7.971995508171403344e-09;
3607240.4826982342638;8.215989666382483847e-09;
3607573.8382552713156;7.8794482050170699949e-09;
3607907.1938123083673;7.7973520973273480195e-09;
3608240.5493693454191;8.3391098470997349068e-09;
3608573.9049263824709;8.2929592082336966996e-09;
3608907.2604834195226;7.8210309339965533582e-09;
3609240.6160404565744;7.9595974256108092959e-09;
3609573.9715974936262;8.2972144710424799996e-09;
3609907.3271545306779;8.473254098362303921e-09;
3610240.6827115677297;8.2414164381816590321e-09;
3610574.0382686047815;8.240649940205457824e-09;
3610907.3938256418332;7.7541191245700247237e-09;
3611240.749382678885;8.069528156795513496e-09;
3611574.1049397159368;8.0136564051258574182e-09;
3611907.4604967529885;8.020726305346670415e-09;
3612240.8160537900403;8.0853066464214862208e-09;
3612574.1716108270921;8.0186133288862038171e-09;
3612907.5271678641438;7.9381905493391968776e-09;
3613240.8827249011956;8.4908515773918225022e-09;
3613574.2382819382474;8.1826874165358276514e-09;
3613907.5938389752991;8.0930799839507017168e-09;
3614240.9493960123509;7.8319883911603938031e-09;
3614574.3049530494027;8.5135241079115075991e-09;
3614907.6605100864545;8.4207831818616796227e-09;
3615241.0160671235062;8.8836999978525454935e-09;
3615574.371624160558;7.7298150102933504968e-09;
3615907.7271811976098;7.8848758633398574602e-09;
3616241.0827382346615;8.4040241432603579597e-09;
3616574.4382952717133;8.1226776416087886901e-09;
3616907.7938523087651;7.9187740809061324398e-09;
3617241.1494093458168;7.6847141983193978376e-09;
3617574.5049663828686;8.1551343455998903664e-09;
3617907.8605234199204;8.1984143918134577689e-09;
3618241.2160804569721;7.6899677736719240784e-09;
3618574.5716374940239;7.8767357081233058125e-09;
3618907.9271945310757;7.6716437646950907947e-09;
3619241.2827515681274;8.1238198390565230511e-09;
3619574.6383086051792;7.8273121317806726438e-09;
3619907.993865642231;7.4220101176081243466e-09;
3620241.3494226792827;7.7915469631761880009e-09;
3620574.7049797163345;8.2045952254361509404e-09;
3620908.0605367533863;7.9140045627923427674e-09;
3621241.416093790438;7.9645205985912070901e-09;
3621574.7716508274898;7.4864896504323041881e-09;
3621908.1272078645416;7.4049233411699333374e-09;
3622241.4827649015933;8.0549966696707997471e-09;
3622574.8383219386451;7.9701196753489966795e-09;
3622908.1938789756969;7.7652018148910428863e-09;
3623241.5494360127486;7.7390405195387756976e-09;
3623574.9049930498004;7.9763804450294628623e-09;
3623908.2605500868522;7.9350250814513856312e-09;
3624241.6161071239039;8.2445446025758428732e-09;
3624574.9716641609557;7.8845294737561744114e-09;
3624908.3272211980075;8.4685813916962615622e-09;
3625241.6827782350592;7.9689854715070396196e-09;
3625575.038335272111;7.8536608327794965589e-09;
3625908.3938923091628;8.2127140643706297851e-09;
3626241.7494493462145;7.640950983045513567e-09;
3626575.1050063832663;7.9754833848255657358e-09;
3626908.4605634203181;7.3889787621794766892e-09;
3627241.8161204573698;7.5936741339432956011e-09;
3627575.1716774944216;7.4517059189815881837e-09;
3627908.5272345314734;8.3061397759820465581e-09;
3628241.8827915685251;7.8813444659431297623e-09;
3628575.2383486055769;7.8068920217333470646e-09;
3628908.5939056426287;8.2702058534778188914e-09;
3629241.9494626796804;7.9828144095017705695e-09;
3629575.3050197167322;8.2239752785540076729e-09;
3629908.660576753784;7.635113874471244344e-09;
3630242.0161337908357;8.1261033457735720731e-09;
3630575.3716908278875;7.8291408911468352017e-09;
3630908.7272478649393;7.4679036288216593675e-09;
3631242.082804901991;7.7805495379834610503e-09;
3631575.4383619390428;7.8467241593216385809e-09;
3631908.7939189760946;7.6771984325318953779e-09;
3632242.1494760131463;8.2651370192365902767e-09;
3632575.5050330501981;7.5745418826045352034e-09;
3632908.8605900872499;7.3375741038717023912e-09;
3633242.2161471243016;7.3127899291591802466e-09;
3633575.5717041613534;7.9617370474238668976e-09;
3633908.9272611984052;7.6551254224455078656e-09;
3634242.2828182354569;7.7524981989540719951e-09;
3634575.6383752725087;7.0160299792121350038e-09;
3634908.9939323095605;7.7113151419894165883e-09;
3635242.3494893466122;7.5002857258255062334e-09;
3635575.705046383664;7.6757693534545978764e-09;
3635909.0606034207158;7.6323116715570904489e-09;
3636242.4161604577675;7.391757428365508531e-09;
3636575.7717174948193;7.781546962348784291e-09;
3636909.1272745318711;7.5344761540918625542e-09;
3637242.4828315689228;7.7848563151405869576e-09;
3637575.8383886059746;7.8736785980026979814e-09;
3637909.1939456430264;7.3569994540889638301e-09;
3638242.5495026800781;8.0290725179565924918e-09;
3638575.9050597171299;7.5440782509872406081e-09;
3638909.2606167541817;7.9886932624617656984e-09;
3639242.6161737912335;8.0668778323911283223e-09;
3639575.9717308282852;8.0264914714689439279e-09;
3639909.327287865337;7.4873316435741799069e-09;
3640242.6828449023888;8.0079001207877809065e-09;
3640576.0384019394405;8.0313853345614916179e-09;
3640909.3939589764923;7.4070567457340530382e-09;
3641242.7495160135441;7.8281923165945954679e-09;
3641576.1050730505958;7.8553030746775220905e-09;
3641909.4606300876476;7.826611359007529245e-09;
3642242.8161871246994;8.1523694461793638766e-09;
3642576.1717441617511;8.096137982249729248e-09;
3642909.5273011988029;7.9104047756572981598e-09;
3643242.8828582358547;7.63685825688753539e-09;
3643576.2384152729064;7.7251582908388627402e-09;
3643909.5939723099582;7.8392563551687999279e-09;
3644242.94952934701;7.7789774621805918287e-09;
3644576.3050863840617;8.0340951669199967e-09;
3644909.6606434211135;8.2988762528657389339e-09;
3645243.0162004581653;7.9444539835549221607e-09;
3645576.371757495217;7.7525932340449799085e-09;
3645909.7273145322688;7.9659061569259392854e-09;
3646243.0828715693206;7.724723971591629379e-09;
3646576.4384286063723;8.0212760877884647925e-09;
3646909.7939856434241;7.8197395225743093761e-09;
3647243.1495426804759;7.3320207683025273582e-09;
3647576.5050997175276;7.6975235074883130437e-09;
3647909.8606567545794;8.4856175419645296643e-09;
3648243.2162137916312;8.062555956200867513e-09;
3648576.5717708286829;8.0998221463346453675e-09;
3648909.9273278657347;7.589659567486251035e-09;
3649243.2828849027865;7.733618190286506433e-09;
3649576.6384419398382;7.4258181825825886335e-09;
3649909.99399897689;7.5767241369817384111e-09;
3650243.3495560139418;7.8692945493230581633e-09;
3650576.7051130509935;7.5503630014850386942e-09;
3650910.0606700880453;7.5689818856972124195e-09;
3651243.4162271250971;7.4693593532515478728e-09;
3651576.7717841621488;7.6916970570550802222e-09;
3651910.1273411992006;7.8806250414231726609e-09;
3652243.4828982362524;7.5984250003102715709e-09;
3652576.8384552733041;7.5132096100105627556e-09;
3652910.1940123103559;7.7179418411787992227e-09;
3653243.5495693474077;7.8611428477870504139e-09;
3653576.9051263844594;7.749284769431596942e-09;
3653910.2606834215112;7.7306161472279200098e-09;
3654243.616240458563;7.7234076911736337934e-09;
3654576.9717974956147;7.5897927942492060538e-09;
3654910.3273545326665;7.4684933792923402507e-09;
3655243.6829115697183;7.9162010280242611771e-09;
3655577.03846860677;7.8294855043736788502e-09;
3655910.3940256438218;7.8739130771054988145e-09;
3656243.7495826808736;8.0062685370307917765e-09;
3656577.1051397179253;7.7241946172534881043e-09;
3656910.4606967549771;7.7377215745855210116e-09;
3657243.8162537920289;7.4568520247453307093e-09;
3657577.1718108290806;7.6170820761944924016e-09;
3657910.5273678661324;7.4953856454840206425e-09;
3658243.8829249031842;7.4792074755691828614e-09;
3658577.2384819402359;7.5999064819143313798e-09;
3658910.5940389772877;7.7129138631448768137e-09;
3659243.9495960143395;7.3913808407155556779e-09;
3659577.3051530513912;7.4267183514109547104e-09;
3659910.660710088443;7.9834041599724514526e-09;
3660244.0162671254948;7.4291452989427853026e-09;
3660577.3718241625465;7.6359594203267988632e-09;
3660910.7273811995983;7.6898194478758341575e-09;
3661244.0829382366501;8.2320985583805850183e-09;
3661577.4384952737018;7.8010655713001142431e-09;
3661910.7940523107536;7.2271455486827562709e-09;
3662244.1496093478054;7.5920736364309959754e-09;
3662577.5051663848571;7.5554575929004386126e-09;
3662910.8607234219089;7.1987873440093608224e-09;
3663244.2162804589607;7.7791142416572256479e-09;
3663577.5718374960124;7.7299775469441556197e-09;
3663910.9273945330642;7.4543242689628641529e-09;
3664244.282951570116;8.0864577256534175831e-09;
3664577.6385086071678;7.9352346915584348608e-09;
3664910.9940656442195;7.5372028618403419387e-09;
3665244.3496226812713;7.6619732780613958312e-09;
3665577.7051797183231;7.6990245290176062554e-09;
3665911.0607367553748;7.8976576389777619625e-09;
3666244.4162937924266;7.8918329649013685412e-09;
3666577.7718508294784;7.8507644829528544506e-09;
3666911.1274078665301;7.9657382912046159618e-09;
3667244.4829649035819;7.4984543019240845751e-09;
3667577.8385219406337;7.6221686740041150188e-09;
3667911.1940789776854;7.3185213445015051548e-09;
3668244.5496360147372;7.6147275152038673696e-09;
3668577.905193051789;7.6835808826558604778e-09;
3668911.2607500888407;7.6092048217901719909e-09;
3669244.6163071258925;7.5638908469954913016e-09;
3669577.9718641629443;7.5827166767794551561e-09;
3669911.327421199996;7.4259096649598177464e-09;
3670244.6829782370478;7.33175031797372867e-09;
3670578.0385352740996;7.4447314979408929503e-09;
3670911.3940923111513;7.7903150597080639272e-09;
3671244.7496493482031;7.7720798685732006561e-09;
3671578.1052063852549;7.7489170635658410902e-09;
3671911.4607634223066;8.1864683920684910845e-09;
3672244.8163204593584;7.7192980896256813139e-09;
3672578.1718774964102;7.5908328511786749004e-09;
3672911.5274345334619;7.6880768418163825118e-09;
3673244.8829915705137;7.5526713771978393197e-09;
3673578.2385486075655;7.5611144012555087102e-09;
3673911.5941056446172;7.6567259199578074913e-09;
3674244.949662681669;8.0239681565785758721e-09;
3674578.3052197187208;7.7777757567787375592e-09;
3674911.6607767557725;8.038697707490882749e-09;
3675245.0163337928243;7.7315798208132946456e-09;
3675578.3718908298761;7.5900601359535357915e-09;
3675911.7274478669278;7.4394761462315273093e-09;
3676245.0830049039796;8.0219946241300021939e-09;
3676578.4385619410314;7.6723178921156431898e-09;
3676911.7941189780831;7.7720523350421899522e-09;
3677245.1496760151349;7.8303790118638971762e-09;
3677578.5052330521867;7.6401054371899590478e-09;
3677911.8607900892384;7.7319741720316415012e-09;
3678245.2163471262902;7.6325123998799426772e-09;
3678578.571904163342;7.6538348992016835837e-09;
3678911.9274612003937;7.7297199752024425834e-09;
3679245.2830182374455;7.7797430719783733366e-09;
3679578.6385752744973;7.5541040089888156217e-09;
3679911.994132311549;7.958101733152034285e-09;
3680245.3496893486008;7.9711695022410822276e-09;
3680578.7052463856526;7.2143846452377147216e-09;
3680912.0608034227043;7.8649273760333926475e-09;
3681245.4163604597561;8.1096889203990940587e-09;
3681578.7719174968079;7.6945756433133283281e-09;
3681912.1274745338596;7.6569142137827839178e-09;
3682245.4830315709114;7.8460349328679512837e-09;
3682578.8385886079632;7.7752480009962710028e-09;
3682912.1941456450149;8.0350970321774184413e-09;
3683245.5497026820667;7.6127211201537647867e-09;
3683578.9052597191185;7.2130794670499653876e-09;
3683912.2608167561702;7.6220345590627402999e-09;
3684245.616373793222;7.5797998988491599448e-09;
3684578.9719308302738;7.7714927826377788733e-09;
3684912.3274878673255;7.6659585346305902931e-09;
3685245.6830449043773;7.54387929902122778e-09;
3685579.0386019414291;7.9482651571538553981e-09;
3685912.3941589784808;7.5976771540808840655e-09;
3686245.7497160155326;7.5870598692517887685e-09;
3686579.1052730525844;7.3725252569545318693e-09;
3686912.4608300896361;7.0585945977086339553e-09;
3687245.8163871266879;7.5159949375347423484e-09;
3687579.1719441637397;7.3786408094633770816e-09;
3687912.5275012007914;7.7274933119042543694e-09;
3688245.8830582378432;8.2949700441758977831e-09;
3688579.238615274895;7.9520221518691869278e-09;
3688912.5941723119467;7.8764177402490531676e-09;
3689245.9497293489985;7.4771051572497526649e-09;
3689579.3052863860503;7.6209367705359909451e-09;
3689912.6608434231021;7.5812778277395409532e-09;
3690246.0164004601538;7.8621917865007162618e-09;
3690579.3719574972056;7.8315069984569163353e-09;
3690912.7275145342574;7.9229485194787230284e-09;
3691246.0830715713091;7.3564438984874414018e-09;
3691579.4386286083609;7.7744424231696029892e-09;
3691912.7941856454127;7.8151938254222841351e-09;
3692246.1497426824644;7.5669746024686901364e-09;
3692579.5052997195162;7.7163422318449192971e-09;
3692912.860856756568;8.0966922055836221261e-09;
3693246.2164137936197;7.9031812205698770413e-09;
3693579.5719708306715;7.4169785868605231371e-09;
3693912.9275278677233;7.6087500744392855268e-09;
3694246.283084904775;7.6279018657032793271e-09;
3694579.6386419418268;8.0496915799699308991e-09;
3694912.9941989788786;7.417473746329505957e-09;
3695246.3497560159303;7.7214679095050087199e-09;
3695579.7053130529821;7.7485227123474942346e-09;
3695913.0608700900339;7.338012419921824403e-09;
3696246.4164271270856;8.29941626534491661e-09;
3696579.7719841641374;7.6959141281918164168e-09;
3696913.1275412011892;7.6200130649795028148e-09;
3697246.4830982382409;7.9589819179659571091e-09;
3697579.8386552752927;7.4877659628214132681e-09;
3697913.1942123123445;7.8971025274654493842e-09;
3698246.5497693493962;8.0944735358912112133e-09;
3698579.905326386448;7.6838908569243358215e-09;
3698913.2608834234998;7.8848758633398574602e-09;
3699246.6164404605515;8.1350304270699780318e-09;
3699579.9719974976033;7.4867401167466596235e-09;
3699913.3275545346551;7.6821766725743145798e-09;
3700246.6831115717068;8.3798612493524160527e-09;
3700580.0386686087586;7.5330470750145650527e-09;
3700913.3942256458104;8.1093753934169399145e-09;
3701246.7497826828621;8.2009634638779971283e-09;
3701580.1053397199139;8.3694455810245926841e-09;
3701913.4608967569657;7.4885546652581069793e-09;
3702246.8164537940174;7.3378449982897109294e-09;
3702580.1720108310692;7.6525710213104503055e-09;
3702913.527567868121;8.2057338701702065009e-09;
3703246.8831249051727;7.8786035473399351758e-09;
3703580.2386819422245;7.4685857498479890637e-09;
3703913.5942389792763;7.8859150320909066068e-09;
3704246.949796016328;8.1199384993624335038e-09;
3704580.3053530533798;7.5135258015279760002e-09;
3704913.6609100904316;8.008322005537138466e-09;
3705247.0164671274833;7.696170811755109753e-09;
3705580.3720241645351;7.9001694075486739166e-09;
3705913.7275812015869;7.7385644559058164305e-09;
3706247.0831382386386;7.9176754042009633849e-09;
3706580.4386952756904;7.8664887936952254677e-09;
3706913.7942523127422;7.7127371156393564888e-09;
3707247.1498093497939;7.717277483720863529e-09;
3707580.5053663868457;8.0072393160435240134e-09;
3707913.8609234238975;7.0817711694814988732e-09;
3708247.2164804609492;8.3905113967830402544e-09;
3708580.572037498001;7.7619555227670389286e-09;
3708913.9275945350528;8.3590565580493603193e-09;
3709247.2831515721045;7.7434876288862142246e-09;
3709580.6387086091563;7.7447115387485609972e-09;
3709913.9942656462081;7.8539370562680232979e-09;
3710247.3498226832598;7.8323880714492588595e-09;
3710580.7053797203116;8.0433730786921842082e-09;
3710914.0609367573634;7.4493105017836569459e-09;
3711247.4164937944151;7.6204678123303892789e-09;
3711580.7720508314669;7.5434689605913263222e-09;
3711914.1276078685187;7.5370971686083976238e-09;
3712247.4831649055704;7.3466672745325922733e-09;
3712580.8387219426222;8.0766762167172601039e-09;
3712914.194278979674;7.9763102789343065524e-09;
3713247.5498360167257;7.9534476782328056288e-09;
3713580.9053930537775;7.7058031067167576111e-09;
3713914.2609500908293;7.887342334811364708e-09;
3714247.6165071278811;7.4148553963482299878e-09;
3714580.9720641649328;7.8161139782650934649e-09;
3714914.3276212019846;7.1658812217378908827e-09;
3715247.6831782390364;7.9616953030381409917e-09;
3715581.0387352760881;7.4957284823540248908e-09;
3715914.3942923131399;7.3451058568707594532e-09;
3716247.7498493501917;7.868576012981520762e-09;
3716581.1054063872434;7.7381976382184802787e-09;
3716914.4609634242952;7.3192545357869676081e-09;
3717247.816520461347;7.8035871098336428986e-09;
3717581.1720774983987;7.9313187129059770086e-09;
3717914.5276345354505;8.028733233800267044e-09;
3718247.8831915725023;7.8343971310346205428e-09;
3718581.238748609554;7.5528703291638521478e-09;
3718914.5943056466058;7.2661263672557652171e-09;
3719247.9498626836576;8.1140498764398216736e-09;
3719581.3054197207093;7.537177104666170635e-09;
3719914.6609767577611;7.3501529307407054148e-09;
3720248.0165337948129;7.8590716157123097219e-09;
3720581.3720908318646;7.8814137438598663721e-09;
3720914.7276478689164;8.1017574871111719403e-09;
3721248.0832049059682;7.6645445545864276937e-09;
3721581.4387619430199;7.4131882854544528527e-09;
3721914.7943189800717;8.0870545815514560672e-09;
3722248.1498760171235;7.5738499916155888059e-09;
3722581.5054330541752;7.2894463798434117052e-09;
3722914.860990091227;7.5233002050367758784e-09;
3723248.2165471282788;7.7864426017981713812e-09;
3723581.5721041653305;7.7771336037812943687e-09;
3723914.9276612023823;8.1098745496888113848e-09;
3724248.2832182394341;8.0590583095840884198e-09;
3724581.6387752764858;7.3040209436214809102e-09;
3724914.9943323135376;7.4035444441733488929e-09;
3725248.3498893505894;7.9927922058686817763e-09;
3725581.7054463876411;7.2618258073475772107e-09;
3725915.0610034246929;7.827710923891118e-09;
3726248.4165604617447;8.0731297202873975039e-09;
3726581.7721174987964;7.5760455686690875154e-09;
3726915.1276745358482;7.7117485730582302494e-09;
3727248.4832315729;7.7068724735340765619e-09;
3727581.8387886099517;7.7305477574896031001e-09;
3727915.1943456470035;7.4742159128504681576e-09;
3728248.5499026840553;7.4404691297047520493e-09;
3728581.905459721107;7.6534849569043217343e-09;
3728915.2610167581588;7.4711969944019074319e-09;
3729248.6165737952106;7.7868254066970621352e-09;
3729581.9721308322623;7.4382606740641676879e-09;
3729915.3276878693141;8.0913462596754470724e-09;
3730248.6832449063659;7.2799122285971407109e-09;
3730582.0388019434176;7.5161139534429821651e-09;
3730915.3943589804694;7.8714794682355204714e-09;
3731248.7499160175212;7.9848341272281686543e-09;
3731582.1054730545729;8.3343500989485619357e-09;
3731915.4610300916247;7.9479862691300695587e-09;
3732248.8165871286765;7.2890622426768914011e-09;
3732582.1721441657282;7.3066899197726797865e-09;
3732915.52770120278;7.5817041533809970133e-09;
3733248.8832582398318;7.6038730867367121391e-09;
3733582.2388152768835;7.1801582457453605457e-09;
3733915.5943723139353;7.6191826181570831977e-09;
3734248.9499293509871;7.9775714922902807302e-09;
3734582.3054863880388;7.8403585845876477833e-09;
3734915.6610434250906;7.5863937354370136745e-09;
3735249.0166004621424;8.0201347785191501316e-09;
3735582.3721574991941;7.3653017018671107508e-09;
3735915.7277145362459;7.5937274246484776086e-09;
3736249.0832715732977;7.6639388169041922083e-09;
3736582.4388286103494;7.3063177730148254341e-09;
3736915.7943856474012;7.9430169108718473581e-09;
3737249.149942684453;7.4425741125594413461e-09;
3737582.5054997215047;7.1695200887234022957e-09;
3737915.8610567585565;7.5349522177248218213e-09;
3738249.2166137956083;8.166876064308326022e-09;
3738582.57217083266;7.70331265442791846e-09;
3738915.9277278697118;7.6199322407433101034e-09;
3739249.2832849067636;7.582396932548363111e-09;
3739582.6388419438154;7.6659452119542947912e-09;
3739915.9943989808671;8.0353235176744419732e-09;
3740249.3499560179189;7.6229316192666374263e-09;
3740582.7055130549707;7.8490547394949317095e-09;
3740916.0610700920224;7.3552164359114158287e-09;
3741249.4166271290742;7.742100294194642629e-09;
3741582.772184166126;7.665986068161600997e-09;
3741916.1277412031777;7.8045605533816342358e-09;
3742249.4832982402295;7.9230044747191641363e-09;
3742582.8388552772813;7.6553137162704842922e-09;
3742916.194412314333;7.8098132405557407765e-09;
3743249.5499693513848;8.0133464308573820745e-09;
3743582.9055263884366;7.8043553841666835069e-09;
3743916.2610834254883;7.7768049777660053223e-09;
3744249.6166404625401;7.6104607060756279679e-09;
3744582.9721974995919;7.8264186242904543178e-09;
3744916.3277545366436;7.6059034626041466254e-09;
3745249.6833115736954;7.479772357044112141e-09;
3745583.0388686107472;7.7694313205256548827e-09;
3745916.3944256477989;7.5115860198593509267e-09;
3746249.7499826848507;7.9195396907039139478e-09;
3746583.1055397219025;7.7211153026723877701e-09;
3746916.4610967589542;7.1971308912566200888e-09;
3747249.816653796006;7.6746369259694802167e-09;
3747583.1722108330578;7.36373628740238928e-09;
3747916.5277678701095;7.5427930568139345269e-09;
3748249.8833249071613;7.6581656571761413943e-09;
3748583.2388819442131;7.5007733357779216021e-09;
3748916.5944389812648;7.4479626910317620059e-09;
3749249.9499960183166;7.3685759716113352624e-09;
3749583.3055530553684;7.4710921893483828171e-09;
3749916.6611100924201;7.4416717232850260189e-09;
3750250.0166671294719;7.7044628454814301222e-09;
3750583.3722241665237;7.9276132325389880862e-09;
3750916.7277812035754;7.6590396247411263175e-09;
3751250.0833382406272;7.7276691712313549942e-09;
3751583.438895277679;7.5318951076042139903e-09;
3751916.7944523147307;7.6136439375318332168e-09;
3752250.1500093517825;7.5590156356497573142e-09;
3752583.5055663888343;8.0128117474487225991e-09;
3752916.861123425886;7.6676691662669327343e-09;
3753250.2166804629378;7.5029085166988807032e-09;
3753583.5722374999896;7.8585884466519928537e-09;
3753916.9277945370413;7.5829964529816606955e-09;
3754250.2833515740931;7.8512467638347516186e-09;
3754583.6389086111449;7.5253359099747285654e-09;
3754916.9944656481966;7.4460397847531112347e-09;
3755250.3500226852484;7.1812684687699857022e-09;
3755583.7055797223002;7.5712556224516447401e-09;
3755917.0611367593519;7.8282882398639230814e-09;
3756250.4166937964037;7.7474471282812373829e-09;
3756583.7722508334555;7.4833472751834051451e-09;
3756917.1278078705072;7.3497399277755448566e-09;
3757250.483364907559;7.7364985529015939392e-09;
3757583.8389219446108;7.6771584645030088723e-09;
3757917.1944789816625;7.5516490838367644756e-09;
3758250.5500360187143;7.970945681279317796e-09;
3758583.9055930557661;7.8403861181186584872e-09;
3758917.2611500928178;7.3882131523816951812e-09;
3759250.6167071298696;7.2986847676759225578e-09;
3759583.9722641669214;7.9408826181293079571e-09;
3759917.3278212039731;7.9963591304021974793e-09;
3760250.6833782410249;7.7669746190167643363e-09;
3760584.0389352780767;7.7677393406361261441e-09;
3760917.3944923151284;7.5520079079183233262e-09;
3761250.7500493521802;7.8155784066780142894e-09;
3761584.105606389232;7.432069626389647965e-09;
3761917.4611634262837;7.764000997667608317e-09;
3762250.8167204633355;7.3169403869144389319e-09;
3762584.1722775003873;7.6139246019124584564e-09;
3762917.527834537439;7.482098496325306769e-09;
3763250.8833915744908;7.679653357683946524e-09;
3763584.2389486115426;7.5566131130244684755e-09;
3763917.5945056485943;7.7863884229145696736e-09;
3764250.9500626856461;7.7892199357165736728e-09;
3764584.3056197226979;7.9831794508322673209e-09;
3764917.6611767597497;7.6620274569449975388e-09;
3765251.0167337968014;7.4899366708791603742e-09;
3765584.3722908338532;7.7490529548640552093e-09;
3765917.727847870905;7.9761424132129832287e-09;
3766251.0834049079567;7.3065744565781187703e-09;
3766584.4389619450085;7.7983246526969196566e-09;
3766917.7945189820603;7.3529293764806880063e-09;
3767251.150076019112;7.2911880977244436508e-09;
3767584.5056330561638;7.5923001219280195073e-09;
3767917.8611900932156;7.8851671858615191013e-09;
3768251.2167471302673;8.1571114307621428452e-09;
3768584.5723041673191;7.9041395650847334764e-09;
3768917.9278612043709;7.9670119390584659413e-09;
3769251.2834182414226;7.6322574926734887413e-09;
3769584.6389752784744;7.7297057643477273814e-09;
3769917.9945323155262;7.0209620339767297992e-09;
3770251.3500893525779;7.7321775648897528299e-09;
3770584.7056463896297;7.9717015211144826026e-09;
3770918.0612034266815;7.5655117726114440302e-09;
3771251.4167604637332;7.4374897351958679792e-09;
3771584.772317500785;7.6342159260889275174e-09;
3771918.1278745378368;7.4237704872359699948e-09;
3772251.4834315748885;7.5506019214799380279e-09;
3772584.8389886119403;7.9373254635584089556e-09;
3772918.1945456489921;7.6147541605564583733e-09;
3773251.5501026860438;7.721142836203398474e-09;
3773584.9056597230956;7.5096995288959078607e-09;
3773918.2612167601474;7.843788729644529667e-09;
3774251.6167737971991;7.555311931639607792e-09;
3774584.9723308342509;7.4186465859327199723e-09;
3774918.3278878713027;7.9761006688272573228e-09;
3775251.6834449083544;7.9694757459947140887e-09;
3775585.0390019454062;7.5668680210583261214e-09;
3775918.394558982458;7.4093735591418408148e-09;
3776251.7501160195097;8.2934548117918893695e-09;
3776585.1056730565615;8.05842148565716343e-09;
3776918.4612300936133;7.6966850670601161255e-09;
3777251.816787130665;7.5543029609548284498e-09;
3777585.1723441677168;7.8574151629595689883e-09;
3777918.5279012047686;7.8374249312673782697e-09;
3778251.8834582418203;7.2095831527008158446e-09;
3778585.2390152788721;7.1715735572297489853e-09;
3778918.5945723159239;7.4692287910238519544e-09;
3779251.9501293529756;7.7814785726104673813e-09;
3779585.3056863900274;7.8110344858828284487e-09;
3779918.6612434270792;7.9963173860164715734e-09;
3780252.0168004641309;7.3932118205277674861e-09;
3780585.3723575011827;7.5082882133870043617e-09;
3780918.7279145382345;7.6318826813803752884e-09;
3781252.0834715752862;7.60331175797546166e-09;
3781585.439028612338;7.8004758208294333599e-09;
3781918.7945856493898;6.9976402450322439108e-09;
3782252.1501426864415;7.5859807324718531163e-09;
3782585.5056997234933;7.257451528630554094e-09;
3782918.8612567605451;7.9254407481244015798e-09;
3783252.2168137975968;7.6066246634809431271e-09;
3783585.5723708346486;7.8989339513668710424e-09;
3783918.9279278717004;7.6525710213104503055e-09;
3784252.2834849087521;7.7676167720142075268e-09;
3784585.6390419458039;7.8505708600573598233e-09;
3784918.9945989828557;7.6462551845679627149e-09;
3785252.3501560199074;7.3063564087760823895e-09;
3785585.7057130569592;8.159776854199662921e-09;
3785919.061270094011;7.9922299889290115971e-09;
3786252.4168271310627;7.8757667054674129758e-09;
3786585.7723841681145;7.7713835366921557579e-09;
3786919.1279412051663;7.4302808350523719128e-09;
3787252.483498242218;7.1030767934132654773e-09;
3787585.8390552792698;7.654695544090373005e-09;
3787919.1946123163216;7.89033549608575413e-09;
3788252.5501693533733;7.9667179520015451999e-09;
3788585.9057263904251;7.7798389952477009501e-09;
3788919.2612834274769;7.7928197228516182804e-09;
3789252.6168404645287;7.568503157528994052e-09;
3789585.9723975015804;7.6429511608466782491e-09;
3789919.3279545386322;7.6833241990925671416e-09;
3790252.683511575684;7.6504065305016411003e-09;
3790586.0390686127357;7.4818089501604845282e-09;
3790919.3946256497875;7.4706454356032736541e-09;
3791252.7501826868393;7.6001196447350594099e-09;
3791586.105739723891;8.0033295546400040621e-09;
3791919.4612967609428;7.6341883925579168135e-09;
3792252.8168537979946;8.079528157622917206e-09;
3792586.1724108350463;7.5701258595017861808e-09;
3792919.5279678720981;7.3683170676019926759e-09;
3793252.8835249091499;8.0796844770247844281e-09;
3793586.2390819462016;7.6473964938372773759e-09;
3793919.5946389832534;7.2227668290736346535e-09;
3794252.9501960203052;7.4227268775928223477e-09;
3794586.3057530573569;7.6580439767326424771e-09;
3794919.6613100944087;7.5143704592051108193e-09;
3795253.0168671314605;8.0225586174265117734e-09;
3795586.3724241685122;8.0658288936774624744e-09;
3795919.727981205564;7.9324751212084265717e-09;
3796253.0835382426158;7.6955490868613196653e-09;
3796586.4390952796675;7.2422063901456112944e-09;
3796919.7946523167193;7.8407307313455021358e-09;
3797253.1502093537711;7.4687038775778091804e-09;
3797586.5057663908228;7.7288504485295561608e-09;
3797919.8613234278746;7.2916748194984393194e-09;
3798253.2168804649264;8.0171060901079727046e-09;
3798586.5724375019781;8.1122255579657576163e-09;
3798919.9279945390299;7.5944210919942634064e-09;
3799253.2835515760817;7.6951973682071184157e-09;
3799586.6391086131334;8.1397191209475749929e-09;
3799919.9946656501852;7.0275389951746092265e-09;
3800253.350222687237;7.6269772719683714968e-09;
3800586.7057797242887;7.8053288277146748442e-09;
3800920.0613367613405;7.7850890178865483904e-09;
3801253.4168937983923;7.6470474397183352266e-09;
3801586.772450835444;7.9283228870963284862e-09;
3801920.1280078724958;8.0930799839507017168e-09;
3802253.4835649095476;8.0236155497459549224e-09;
3802586.8391219465993;8.0380901934518078633e-09;
3802920.1946789836511;7.549567193620987382e-09;
3803253.5502360207029;8.0205850849779380951e-09;
3803586.9057930577546;7.4194419497075614345e-09;
3803920.2613500948064;7.3193060501353102154e-09;
3804253.6169071318582;7.8054798180460238655e-09;
3804586.9724641689099;7.752511521630367497e-09;
3804920.3280212059617;7.067131324589581709e-09;
3805253.6835782430135;7.6533508419629470154e-09;
3805587.0391352800652;7.8455117957787479099e-09;
3805920.394692317117;7.379807431817653196e-09;
3806253.7502493541688;7.6537540749654908723e-09;
3806587.1058063912205;7.6539823368193538045e-09;
3806920.4613634282723;7.8081541232677409425e-09;
3807253.8169204653241;7.7731989733820228139e-09;
3807587.1724775023758;7.5905797203290603647e-09;
3807920.5280345394276;7.9498292393509473186e-09;
3808253.8835915764794;7.7545410093193822831e-09;
3808587.2391486135311;7.6008674909644469153e-09;
3808920.5947056505829;7.48451700616215021e-09;
3809253.9502626876347;7.8540196568610554095e-09;
3809587.3058197246864;7.6145134642047196394e-09;
3809920.6613767617382;7.6783859270790344453e-09;
3810254.01693379879;7.4395019034056986129e-09;
3810587.3724908358417;7.6121189351852081018e-09;
3810920.7280478728935;7.5755268724719826423e-09;
3811254.0836049099453;7.5709634117515633989e-09;
3811587.439161946997;7.1776988797012108989e-09;
3811920.7947189840488;7.8591959606910677394e-09;
3812254.1502760211006;7.995811124317242502e-09;
3812587.5058330581523;7.89033549608575413e-09;
3812920.8613900952041;7.603992990823371656e-09;
3813254.2169471322559;7.3522836707695660152e-09;
3813587.5725041693076;7.7699775502537704597e-09;
3813920.9280612063594;7.2580634835617274803e-09;
3814254.2836182434112;7.4430968055594348698e-09;
3814587.639175280463;7.616439923197049211e-09;
3814920.9947323175147;7.5791604103869758546e-09;
3815254.3502893545665;7.7162880529613175895e-09;
3815587.7058463916183;8.3010203155708950362e-09;
3815921.06140342867;7.7552906319056091888e-09;
3816254.4169604657218;7.3943420275668358954e-09;
3816587.7725175027736;7.6120789671563215961e-09;
3816921.1280745398253;7.0151182640643128252e-09;
3817254.4836315768771;7.6405486382213894103e-09;
3817587.8391886139289;7.4863582000261885696e-09;
3817921.1947456509806;7.4352950463207889698e-09;
3818254.5503026880324;7.4937398508723163104e-09;
3818587.9058597250842;7.534794121966115199e-09;
3818921.2614167621359;7.2758594704680490395e-09;
3819254.6169737991877;7.7623374394875099824e-09;
3819587.9725308362395;7.5521269238265631429e-09;
3819921.3280878732912;7.6206285726243550016e-09;
3820254.683644910343;7.9275430664438317763e-09;
3820588.0392019473948;7.5419448464231209073e-09;
3820921.3947589844465;7.9897173321796799428e-09;
3821254.7503160214983;7.8465314246045636537e-09;
3821588.1058730585501;8.0054389783867918595e-09;
3821921.4614300956018;7.9232549410335195716e-09;
3822254.8169871326536;7.2918155957779617893e-09;
3822588.1725441697054;7.7209394433452871453e-09;
3822921.5281012067571;7.8359381205928002601e-09;
3823254.8836582438089;7.8886444043746450916e-09;
3823588.2392152808607;7.7321100633298556204e-09;
3823921.5947723179124;7.1312462601724746492e-09;
3824254.9503293549642;7.8076052290043662651e-09;
3824588.305886392016;7.5955153278073339607e-09;
3824921.6614434290677;7.4740977851206480409e-09;
3825255.0170004661195;7.5944077693179679045e-09;
3825588.3725575031713;7.43182138052134178e-09;
3825921.728114540223;7.6530417558728913718e-09;
3826255.0836715772748;7.7664017439360577555e-09;
3826588.4392286143266;7.8479924781049703597e-09;
3826921.7947856513783;7.5197590376774314791e-09;
3827255.1503426884301;7.0816468245027408557e-09;
3827588.5058997254819;6.9479204611866407504e-09;
3827921.8614567625336;7.6466717402468020737e-09;
3828255.2170137995854;7.3399335498436357739e-09;
3828588.5725708366372;7.4715771347655390855e-09;
3828921.9281278736889;7.6673734028531725926e-09;
3829255.2836849107407;7.52217665933585522e-09;
3829588.6392419477925;8.1972615362246870063e-09;
3829921.9947989848442;7.3994614879779874173e-09;
3830255.350356021896;7.5933002108286018483e-09;
3830588.7059130589478;7.8753936705311389233e-09;
3830922.0614700959995;7.6320167963217500073e-09;
3831255.4170271330513;7.6369524038000236033e-09;
3831588.7725841701031;7.3262267363816135912e-09;
3831922.1281412071548;7.8307644812980470306e-09;
3832255.4836982442066;7.6127077974774692848e-09;
3832588.8392552812584;7.9350392923061008332e-09;
3832922.1948123183101;7.3937704847537588648e-09;
3833255.5503693553619;7.7032993317516229581e-09;
3833588.9059263924137;7.5436679125573391502e-09;
3833922.2614834294654;7.9294375510130521434e-09;
3834255.6170404665172;7.9314999013035958342e-09;
3834588.972597503569;8.234181336774781812e-09;
3834922.3281545406207;7.6868609255598130403e-09;
3835255.6837115776725;7.6104207380467414623e-09;
3835589.0392686147243;7.8624546873129474989e-09;
3835922.394825651776;7.7294073363987081393e-09;
3836255.7503826888278;7.9372561856416723458e-09;
3836589.1059397258796;7.602857898802994896e-09;
3836922.4614967629313;7.8892963273347049835e-09;
3837255.8170537999831;7.4994028764763243089e-09;
3837589.1726108370349;7.237678456561980056e-09;
3837922.5281678740866;7.9992954482577260933e-09;
3838255.8837249111384;7.2490036195915763528e-09;
3838589.2392819481902;7.9081674542180735443e-09;
3838922.5948389852419;7.7004171927796960517e-09;
3839255.9503960222937;7.5359185558454555576e-09;
3839589.3059530593455;7.8557444993521130527e-09;
3839922.6615100963973;7.6929946857262621052e-09;
3840256.017067133449;7.9519661966287458199e-09;
3840589.3726241705008;7.8288246996294219571e-09;
3840922.7281812075526;8.0339539465512643801e-09;
3841256.0837382446043;7.4260531057745993166e-09;
3841589.4392952816561;7.737830820531144127e-09;
3841922.7948523187079;7.6841342178113336558e-09;
3842256.1504093557596;7.448368144480355113e-09;
3842589.5059663928114;7.2294823461049873004e-09;
3842922.8615234298632;7.5342247995990874188e-09;
3843256.2170804669149;7.7242221507844988082e-09;
3843589.5726375039667;7.4797856797204076429e-09;
3843922.9281945410185;7.763646614478147967e-09;
3844256.2837515780702;7.4367974001177117316e-09;
3844589.639308615122;7.5174870772798385588e-09;
3844922.9948656521738;7.7750161864287292701e-09;
3845256.3504226892255;7.7178610169426065113e-09;
3845589.7059797262773;7.8839619277459860314e-09;
3845923.0615367633291;7.5411898947663758008e-09;
3846256.4170938003808;7.5375208297145945835e-09;
3846589.7726508374326;7.2251271632239877363e-09;
3846923.1282078744844;7.5143837818814063212e-09;
3847256.4837649115361;7.5605832705605280353e-09;
3847589.8393219485879;7.5799064802595239598e-09;
3847923.1948789856397;8.1774711446769288159e-09;
3848256.5504360226914;8.0958386661222903058e-09;
3848589.9059930597432;7.892775322204670374e-09;
3848923.261550096795;7.1286030411954470765e-09;
3849256.6171071338467;7.5936474885907045973e-09;
3849589.9726641708985;7.2763706171485864616e-09;
3849923.3282212079503;7.7684756405460575479e-09;
3850256.683778245002;7.4313382114610249118e-09;
3850590.0393352820538;7.7268413889441944775e-09;
3850923.3948923191056;7.1690418046443937783e-09;
3851256.7504493561573;7.8477171427948633209e-09;
3851590.1060063932091;7.1059598205636120838e-09;
3851923.4615634302609;7.3713466441915898031e-09;
3852256.8171204673126;7.5127477572323186905e-09;
3852590.1726775043644;7.5310220282176487672e-09;
3852923.5282345414162;8.1839237608960502257e-09;
3853256.8837915784679;7.3638397601882843446e-09;
3853590.2393486155197;7.5991053449797618669e-09;
3853923.5949056525715;7.5881532168864396226e-09;
3854256.9504626896232;7.4384698400820070674e-09;
3854590.306019726675;7.6956299110975123767e-09;
3854923.6615767637268;7.5725594683717645239e-09;
3855257.0171338007785;7.3002879297234812839e-09;
3855590.3726908378303;7.7978867807360074949e-09;
3855923.7282478748821;7.8592510277530891472e-09;
3856257.0838049119338;7.9775155370498396223e-09;
3856590.4393619489856;7.5089205964218308509e-09;
3856923.7949189860374;7.2034049836133817735e-09;
3857257.1504760230891;7.3789130361490151699e-09;
3857590.5060330601409;7.7404269660519275931e-09;
3857923.8615900971927;7.2801169537228815898e-09;
3858257.2171471342444;8.0709599004080700979e-09;
3858590.5727041712962;7.652113609424304741e-09;
3858923.928261208348;7.3080381746137845766e-09;
3859257.2838182453997;7.7871682435670663835e-09;
3859590.6393752824515;8.0803941315821248281e-09;
3859923.9949323195033;7.3335280070807584707e-09;
3860257.350489356555;7.4587775955592405808e-09;
3860590.7060463936068;7.6373947166530342656e-09;
3860924.0616034306586;7.8433615158246539067e-09;
3861257.4171604677103;7.4617529932652360003e-09;
3861590.7727175047621;7.6449522268262626312e-09;
3861924.1282745418139;7.7339166182355256751e-09;
3862257.4838315788656;7.3945107814665789192e-09;
3862590.8393886159174;7.8748261245209505432e-09;
3862924.1949456529692;7.5722139669665011752e-09;
3863257.5505026900209;7.6800175108360235754e-09;
3863590.9060597270727;7.7381434593348785711e-09;
3863924.2616167641245;7.3818822166060726886e-09;
3864257.6171738011762;7.6683965843926671369e-09;
3864590.972730838228;8.2353963648529315833e-09;
3864924.3282878752798;7.8707049766535419622e-09;
3865257.6838449123316;7.5672135224635894701e-09;
3865591.0394019493833;7.4787998016745405039e-09;
3865924.3949589864351;7.6395147985408584645e-09;
3866257.7505160234869;7.3024812863309307431e-09;
3866591.1060730605386;7.5539983157568713068e-09;
3866924.4616300975904;7.7122228603343501163e-09;
3867257.8171871346422;8.0631084031779209909e-09;
3867591.1727441716939;7.3521029264611570397e-09;
3867924.5283012087457;7.9409803177554749709e-09;
3868257.8838582457975;7.7129813647047740233e-09;
3868591.2394152828492;7.5378920882940292358e-09;
3868924.594972319901;7.7083761595986288739e-09;
3869257.9505293569528;7.4156627505317374016e-09;
3869591.3060863940045;7.4445747344498158782e-09;
3869924.6616434310563;8.1558795272940187715e-09;
3870258.0172004681081;7.5283770328837817942e-09;
3870591.3727575051598;7.4449406639587323298e-09;
3870924.7283145422116;7.3503465536362000421e-09;
3871258.0838715792634;7.6849442365301001701e-09;
3871591.4394286163151;7.6026838158327336714e-09;
3871924.7949856533669;6.9832846172346307867e-09;
3872258.1505426904187;7.8333375341799182934e-09;
3872591.5060997274704;7.6399979676011753327e-09;
3872924.8616567645222;8.0195432516916298482e-09;
3873258.217213801574;7.7237745088609699451e-09;
3873591.5727708386257;7.8400965719538362464e-09;
3873924.9283278756775;8.2629156850089202635e-09;
3874258.2838849127293;7.5141857180938131933e-09;
3874591.639441949781;7.5187154280342838319e-09;
3874924.9949989868328;8.315834243433073425e-09;
3875258.3505560238846;7.184082218003595699e-09;
3875591.7061130609363;7.8842248285582172684e-09;
3875925.0616700979881;7.6650028546509929583e-09;
3876258.4172271350399;8.0361699517084161926e-09;
3876591.7727841720916;8.0290583071018772898e-09;
3876925.1283412091434;7.6189285991290489619e-09;
3877258.4838982461952;7.6683699390400761331e-09;
3877591.8394552832469;7.3792629784463770193e-09;
3877925.1950123202987;7.7378441432074396289e-09;
3878258.5505693573505;7.9672775044059562788e-09;
3878591.9061263944022;8.0985413930534377869e-09;
3878925.261683431454;7.6743535970535958768e-09;
3879258.6172404685058;7.6243917845886244322e-09;
3879591.9727975055575;7.704937132757549989e-09;
3879925.3283545426093;7.5936075205618180917e-09;
3880258.6839115796611;8.2790725386416852416e-09;
3880592.0394686167128;7.5717476732961586094e-09;
3880925.3950256537646;8.0277322567212650029e-09;
3881258.7505826908164;7.7028392553302182932e-09;
3881592.1061397278681;7.6742994181699941691e-09;
3881925.4616967649199;7.9236590622144831286e-09;
3882258.8172538019717;7.6268165116744057741e-09;
3882592.1728108390234;8.0809616775923132082e-09;
3882925.5283678760752;7.3557977486871095607e-09;
3883258.883924913127;7.2361783232111065445e-09;
3883592.2394819501787;7.8023534300086794246e-09;
3883925.5950389872305;7.7216846250394155504e-09;
3884258.9505960242823;7.5801862564617294993e-09;
3884592.306153061334;7.8037789563722981256e-09;
3884925.6617100983858;7.3918742238276990975e-09;
3885259.0172671354376;7.8317823337670233741e-09;
3885592.3728241724893;7.8520745461219121353e-09;
3885925.7283812095411;7.8800574954129842808e-09;
3886259.0839382465929;8.5994438236980386137e-09;
3886592.4394952836446;7.5694739365417262889e-09;
3886925.7950523206964;7.7100548168118621106e-09;
3887259.1506093577482;7.4950303741161405924e-09;
3887592.5061663947999;7.8608390907675129711e-09;
3887925.8617234318517;7.9675439579318663164e-09;
3888259.2172804689035;8.0987261341647354129e-09;
3888592.5728375059552;7.6642887592015540577e-09;
3888925.928394543007;8.0532283064371767978e-09;
3889259.2839515800588;7.6921429226217696851e-09;
3889592.6395086171106;7.9415656273340573534e-09;
3889925.9950656541623;7.9848767597923142603e-09;
3890259.3506226912141;7.7325310599007934798e-09;
3890592.7061797282659;7.6672517224096736754e-09;
3890926.0617367653176;6.9821926018676094827e-09;
3891259.4172938023694;7.238479593496549569e-09;
3891592.7728508394212;7.663198964280582004e-09;
3891926.1284078764729;7.5901667173638998065e-09;
3892259.4839649135247;8.4036546610377627076e-09;
3892592.8395219505765;7.6392865366869955324e-09;
3892926.1950789876282;7.8280413262632464466e-09;
3893259.55063602468;7.7738961934414874122e-09;
3893592.9061930617318;7.4586861131820114679e-09;
3893926.2617500987835;8.7247533642198504822e-09;
3894259.6173071358353;7.5414545719354464381e-09;
3894592.9728641728871;7.7534920706057164352e-09;
3894926.3284212099388;7.8498683109273770242e-09;
3895259.6839782469906;7.9869666436138686549e-09;
3895593.0395352840424;7.1287784564333378512e-09;
3895926.3950923210941;7.3824009128031775617e-09;
3896259.7506493581459;7.7091613093216437846e-09;
3896593.1062063951977;7.7001063303328010079e-09;
3896926.4617634322494;7.7348270011157183035e-09;
3897259.8173204693012;7.4155979135070992925e-09;
3897593.172877506353;7.8899473621163451753e-09;
3897926.5284345434047;7.688468528499470267e-09;
3898259.8839915804565;7.7750836879886264796e-09;
3898593.2395486175083;7.104237642607813541e-09;
3898926.59510565456;7.5400370391776050383e-09;
3899259.9506626916118;7.8340800513387875981e-09;
3899593.3062197286636;7.5243571373562190274e-09;
3899926.6617767657153;7.992314365878883109e-09;
3900260.0173338027671;7.5450197201121227408e-09;
3900593.3728908398189;7.5923001219280195073e-09;
3900926.7284478768706;7.7955304433885430626e-09;
3901260.0840049139224;7.9587305634731819737e-09;
3901593.4395619509742;7.6497075340853371017e-09;
3901926.7951189880259;7.8054931407223193673e-09;
3902260.1506760250777;7.7538739873261874891e-09;
3902593.5062330621295;7.7233677231447472877e-09;
3902926.8617900991812;7.6920345648545662698e-09;
3903260.217347136233;7.858242945246729505e-09;
3903593.5729041732848;7.5336288318794686347e-09;
3903926.9284612103365;7.9256494700530311093e-09;
3904260.2840182473883;7.4619759260485807317e-09;
3904593.6395752844401;7.8174320350399284507e-09;
3904926.9951323214918;7.460744022580456658e-09;
3905260.3506893585436;7.3215047358132778754e-09;
3905593.7062463955954;7.33217531134755518e-09;
3905927.0618034326471;7.8378938894729799358e-09;
3906260.4173604696989;7.8883957144171290565e-09;
3906593.7729175067507;7.8202750941613885516e-09;
3906927.1284745438024;7.9717157319691978046e-09;
3907260.4840315808542;7.9008772857491749164e-09;
3907593.839588617906;7.5454833492472062062e-09;
3907927.1951456549577;7.6292012707313006104e-09;
3908260.5507026920095;7.4628019319789018482e-09;
3908593.9062597290613;7.5635453455902279529e-09;
3908927.261816766113;7.2785568683286783198e-09;
3909260.6173738031648;7.5652462072639536927e-09;
3909593.9729308402166;7.2317050126002868637e-09;
3909927.3284878772683;7.6276069904679388856e-09;
3910260.6840449143201;7.2813959306472497701e-09;
3910594.0396019513719;7.3404748945904430002e-09;
3910927.3951589884236;7.7887820637556615111e-09;
3911260.7507160254754;7.995151207751405309e-09;
3911594.1062730625272;7.7004038701034005499e-09;
3911927.4618300995789;8.0948145964043760614e-09;
3912260.8173871366307;7.790178280231430108e-09;
3912594.1729441736825;7.3827637336876250629e-09;
3912927.5285012107342;7.7936688214208516001e-09;
3913260.884058247786;7.5696462431551481131e-09;
3913594.2396152848378;7.870483820227036631e-09;
3913927.5951723218895;7.9230462191048900422e-09;
3914260.9507293589413;7.9763102789343065524e-09;
3914594.3062863959931;7.2956209962171669758e-09;
3914927.6618434330449;7.6039130547655986447e-09;
3915261.0174004700966;7.7848838486715976615e-09;
3915594.3729575071484;7.338579521842802933e-09;
3915927.7285145442002;7.9770252625621651532e-09;
3916261.0840715812519;7.9727104917992619448e-09;
3916594.4396286183037;7.4933845795044362603e-09;
3916927.7951856553555;7.7526207675759906124e-09;
3917261.1507426924072;7.6403603443964129838e-09;
3917594.506299729459;7.5635586682665234548e-09;
3917927.8618567665108;7.7371238305090628273e-09;
3918261.2174138035625;7.9024182753073546337e-09;
3918594.5729708406143;7.6425212824915433885e-09;
3918927.9285278776661;7.2894463798434117052e-09;
3919261.2840849147178;7.6178174879260041052e-09;
3919594.6396419517696;7.6866717435564169136e-09;
3919927.9951989888214;7.86586706880143538e-09;
3920261.3507560258731;7.9282678200343070785e-09;
3920594.7063130629249;7.5433890245335533109e-09;
3920928.0618700999767;7.8235871114884503186e-09;
3921261.4174271370284;7.2177313015231447935e-09;
3921594.7729841740802;7.9793380791670642793e-09;
3921928.128541211132;7.5492092577178482316e-09;
3922261.4840982481837;7.5776824814965948462e-09;
3922594.8396552852355;7.4230790403362334473e-09;
3922928.1952123222873;7.2427024377930138144e-09;
3923261.550769359339;7.7003496912197988422e-09;
3923594.9063263963908;7.9458502000306907576e-09;
3923928.2618834334426;7.7968183020971082442e-09;
3924261.6174404704943;7.9511979222957052116e-09;
3924594.9729975075461;7.5331527682465093676e-09;
3924928.3285545445979;7.5049646497404864931e-09;
3925261.6841115816496;7.6854975716855733481e-09;
3925595.0396686187014;7.7040436252673316631e-09;
3925928.3952256557532;7.4413843975662530283e-09;
3926261.7507826928049;7.309912675168561691e-09;
3926595.1063397298567;7.419885150738991797e-09;
3926928.4618967669085;7.4669328498089271307e-09;
3927261.8174538039602;7.342267682730607703e-09;
3927595.173010841012;7.361757425883297401e-09;
3927928.5285678780638;7.5268165034003686742e-09;
3928261.8841249151155;7.8987261176166612131e-09;
3928595.2396819521673;7.6225434852972284716e-09;
3928928.5952389892191;7.4564718843816990557e-09;
3929261.9507960262708;7.7934361186748901673e-09;
3929595.3063530633226;7.9017512533141598396e-09;
3929928.6619101003744;7.3298571656721378531e-09;
3930262.0174671374261;7.740114327248193149e-09;
3930595.3730241744779;7.2429187092382107949e-09;
3930928.7285812115297;7.6497350676163478056e-09;
3931262.0841382485814;7.7062090042545605684e-09;
3931595.4396952856332;7.346835140253915597e-09;
3931928.795252322685;7.8530675295951368753e-09;
3932262.1508093597367;7.4203803102079746168e-09;
3932595.5063663967885;7.7725168523556931177e-09;
3932928.8619234338403;7.977697613625878148e-09;
3933262.217480470892;7.5686497069682445726e-09;
3933595.5730375079438;7.7444530788284282607e-09;
3933928.9285945449956;7.7203425874472486612e-09;
3934262.2841515820473;7.6983752705928054638e-09;
3934595.6397086190991;7.3067414341210223938e-09;
3934928.9952656561509;7.7380208907129599538e-09;
3935262.3508226932026;7.7376949292329300079e-09;
3935595.7063797302544;7.3319177396058421436e-09;
3935929.0619367673062;7.8596515962203739036e-09;
3936262.4174938043579;7.3925754406900523463e-09;
3936595.7730508414097;7.5316970438166208623e-09;
3936929.1286078784615;7.544794122793518909e-09;
3937262.4841649155132;7.9353457138608973764e-09;
3937595.839721952565;7.9544673070586213726e-09;
3937929.1952789896168;7.8507094158908330428e-09;
3938262.5508360266685;7.826611359007529245e-09;
3938595.9063930637203;7.7497475103882607073e-09;
3938929.2619501007721;7.8478414877736213384e-09;
3939262.6175071378238;8.0912325728377254563e-09;
3939595.9730641748756;7.8679258663783002703e-09;
3939929.3286212119274;7.5354824602413827961e-09;
3940262.6841782489792;7.9132815855587068654e-09;
3940596.0397352860309;8.2282811675327138801e-09;
3940929.3952923230827;7.291572234890963955e-09;
3941262.7508493601345;7.6163857443134475034e-09;
3941596.1064063971862;7.5473396421443794679e-09;
3941929.461963434238;7.4357129342672578787e-09;
3942262.8175204712898;7.8867881114774718299e-09;
3942596.1730775083415;8.1274027508015933563e-09;
3942929.5286345453933;7.7255792874098005996e-09;
3943262.8841915824451;8.0908630906151302042e-09;
3943596.2397486194968;7.6987127783922915114e-09;
3943929.5953056565486;7.9181488032986635517e-09;
3944262.9508626936004;7.6701480722363157838e-09;
3944596.3064197306521;7.7895352390555672173e-09;
3944929.6619767677039;8.0890005804690190416e-09;
3945263.0175338047557;7.6746902166746622242e-09;
3945596.3730908418074;7.8639601497343392111e-09;
3945929.7286478788592;7.2079999746677003714e-09;
3946263.084204915911;7.4834920482658162655e-09;
3946596.4397619529627;7.58359597341495828e-09;
3946929.7953189900145;8.1398479068184315111e-09;
3947263.1508760270663;7.3106445341863945941e-09;
3947596.506433064118;7.5116259878882374323e-09;
3947929.8619901011698;7.4579791231599301682e-09;
3948263.2175471382216;7.2948393992078308656e-09;
3948596.5731041752733;7.6505273227667203173e-09;
3948929.9286612123251;7.785717848207696079e-09;
3949263.2842182493769;7.7564346057101829501e-09;
3949596.6397752864286;7.5439725577552962932e-09;
3949929.9953323234804;7.7663067088451498421e-09;
3950263.3508893605322;7.7074959747847060498e-09;
3950596.7064463975839;7.4032713293092911044e-09;
3950930.0620034346357;7.9838242683649696119e-09;
3951263.4175604716875;7.744915819785092026e-09;
3951596.7731175087392;7.7163964107285210048e-09;
3951930.128674545791;7.959023662351683015e-09;
3952263.4842315828428;7.62948282329034555e-09;
3952596.8397886198945;8.1290876252637644939e-09;
3952930.1953456569463;7.6396489134822331835e-09;
3953263.5509026939981;7.7204100890071458707e-09;
3953596.9064597310498;7.3409394119039461657e-09;
3953930.2620167681016;7.4436985464387817046e-09;
3954263.6175738051534;7.5394144261053952505e-09;
3954596.9731308422051;7.7147834787183455774e-09;
3954930.3286878792569;7.6719270936109751347e-09;
3955263.6842449163087;7.5305859326135760057e-09;
3955597.0398019533604;7.9738304847865038028e-09;
3955930.3953589904122;7.8107058598675394023e-09;
3956263.750916027464;7.894356279791736597e-09;
3956597.1064730645157;8.0667215129892611003e-09;
3956930.4620301015675;7.3038410874914916349e-09;
3957263.8175871386193;8.0682660552611196181e-09;
3957597.173144175671;7.6201329690661623317e-09;
3957930.5287012127228;7.4285058104806012125e-09;
3958263.8842582497746;7.6228383605325689132e-09;
3958597.2398152868263;7.6985777752724970924e-09;
3958930.5953723238781;7.5588433290363354899e-09;
3959263.9509293609299;7.4370714031601892202e-09;
3959597.3064863979816;7.6658110970129200723e-09;
3959930.6620434350334;7.2450694332815146481e-09;
3960264.0176004720852;8.245862659350677859e-09;
3960597.3731575091369;7.6197315124204578751e-09;
3960930.7287145461887;7.9860411617005411244e-09;
3961264.0842715832405;7.7983797197589410644e-09;
3961597.4398286202922;7.0767094406676278595e-09;
3961930.795385657344;8.0098558896679605823e-09;
3962264.1509426943958;7.4662374061063019326e-09;
3962597.5064997314475;7.6140720395301286771e-09;
3962930.8620567684993;6.9492633869572273397e-09;
3963264.2176138055511;7.4252310966471668507e-09;
3963597.5731708426028;7.7031909739844195428e-09;
3963930.9287278796546;7.7843642642960730882e-09;
3964264.2842849167064;7.7627051453532658343e-09;
3964597.6398419537582;7.9015016751782241045e-09;
3964930.9953989908099;7.5257853282550968288e-09;
3965264.3509560278617;7.6899135947883223707e-09;
3965597.7065130649135;7.4816126627297308005e-09;
3965931.0620701019652;7.6044335273195429181e-09;
3966264.417627139017;7.5478432393083494389e-09;
3966597.7731841760688;7.2118502281171004142e-09;
3966931.1287412131205;7.8197395225743093761e-09;
3967264.4842982501723;7.4177344266956879437e-09;
3967597.8398552872241;7.4406263372850389715e-09;
3967931.1954123242758;7.8164568151350977132e-09;
3968264.5509693613276;7.4343415867872408853e-09;
3968597.9065263983794;7.8207698095411615213e-09;
3968931.2620834354311;7.8854300866737503384e-09;
3969264.6176404724829;7.1159913517249151482e-09;
3969597.9731975095347;7.8195609987119496509e-09;
3969931.3287545465864;7.6774551160951887141e-09;
3970264.6843115836382;7.8615158827233244665e-09;
3970598.03986862069;7.8369568612401963037e-09;
3970931.3954256577417;7.2353900648636226833e-09;
3971264.7509826947935;7.4949513262367872812e-09;
3971598.1065397318453;7.1594765671534332796e-09;
3971931.462096768897;7.5737833782341112965e-09;
3972264.8176538059488;7.4042989517408841493e-09;
3972598.1732108430006;7.6796133896550600184e-09;
3972931.5287678800523;7.4383521564413968008e-09;
3973264.8843249171041;7.6419039984898518014e-09;
3973598.2398819541559;7.5644228658688916767e-09;
3973931.5954389912076;7.3764114816299297672e-09;
3974264.9509960282594;7.2378694149222155829e-09;
3974598.3065530653112;7.423431203079644547e-09;
3974931.6621101023629;7.8873698683423754119e-09;
3975265.0176671394147;7.4369541636087888037e-09;
3975598.3732241764665;7.7108817109206029272e-09;
3975931.7287812135182;7.3258923372065964941e-09;
3976265.08433825057;7.5246218145252896647e-09;
3976598.4398952876218;7.5461592530245980015e-09;
3976931.7954523246735;8.0294668691749393474e-09;
3977265.1510093617253;7.5266575194632423518e-09;
3977598.5065663987771;8.3531848105167227914e-09;
3977931.8621234358288;7.3175701054140063206e-09;
3978265.2176804728806;7.5752470962697771029e-09;
3978598.5732375099324;7.5337212024351174477e-09;
3978931.9287945469841;7.6363217971220365143e-09;
3979265.2843515840359;7.9829547416920831893e-09;
3979598.6399086210877;7.3975900960476792534e-09;
3979931.9954656581394;7.8216624288529601472e-09;
3980265.3510226951912;8.1251183559061246342e-09;
3980598.706579732243;7.5184640735415086965e-09;
3980932.0621367692947;7.373069266236598196e-09;
3981265.4176938063465;7.3904069530783544906e-09;
3981598.7732508433983;7.7253892172279847728e-09;
3981932.12880788045;7.4215926737508652877e-09;
3982265.4843649175018;7.5106099117761004891e-09;
3982598.8399219545536;7.6493185119375084469e-09;
3982932.1954789916053;7.5210930816638210672e-09;
3983265.5510360286571;7.790752931668976089e-09;
3983598.9065930657089;7.9477624481683051272e-09;
3983932.2621501027606;7.4590138510188808141e-09;
3984265.6177071398124;7.2236550074933347787e-09;
3984598.9732641768642;7.7426847155948053114e-09;
3984932.3288212139159;7.2897021752282853413e-09;
3985265.6843782509677;7.7354789240757781954e-09;
3985599.0399352880195;7.8645960854828445008e-09;
3985932.3954923250712;7.8580502105296545778e-09;
3986265.751049362123;7.8028605798863281962e-09;
3986599.1066063991748;7.76919950595811315e-09;
3986932.4621634362265;7.9389712581701132876e-09;
3987265.8177204732783;7.2599122269423332909e-09;
3987599.1732775103301;7.7590245339820285153e-09;
3987932.5288345473818;7.8694188943018161808e-09;
3988265.8843915844336;7.5819439615543160471e-09;
3988599.2399486214854;7.5882731209730991395e-09;
3988932.5955056585371;7.4343939893140031927e-09;
3989265.9510626955889;7.2480101920291417628e-09;
3989599.3066197326407;7.8185991014834144153e-09;
3989932.6621767696925;7.2589561028735261061e-09;
3990266.0177338067442;7.4267183514109547104e-09;
3990599.373290843796;7.3040977710547849711e-09;
3990932.7288478808478;7.21997617247893686e-09;
3991266.0844049178995;7.3919910192898896639e-09;
3991599.4399619549513;7.8683957127623216365e-09;
3991932.7955189920031;7.9003221742368623381e-09;
3992266.1510760290548;7.5972499402610083052e-09;
3992599.5066330661066;7.6276602811731208931e-09;
3992932.8621901031584;7.3770984876375678141e-09;
3993266.2177471402101;7.8391604318994723144e-09;
3993599.5733041772619;7.7075501536683077575e-09;
3993932.9288612143137;7.4081629719557895442e-09;
3994266.2844182513654;7.8832833594333351357e-09;
3994599.6399752884172;7.2731118905267067021e-09;
3994932.995532325469;7.5776691588202993444e-09;
3995266.3510893625207;7.1076828866978303267e-09;
3995599.7066463995725;7.462644724398614926e-09;
3995933.0622034366243;7.2234267456394718465e-09;
3996266.417760473676;7.2987620391984364687e-09;
3996599.7733175107278;7.4777490866040352557e-09;
3996933.1288745477796;7.6220878497679223074e-09;
3997266.4844315848313;7.3282993007239838334e-09;
3997599.8399886218831;7.6460935360955772921e-09;
3997933.1955456589349;7.2073795820415398339e-09;
3998266.5511026959866;7.9606605751791903458e-09;
3998599.9066597330384;7.7194197700691802311e-09;
3998933.2622167700902;6.8545578102430226863e-09;
3999266.6177738071419;7.6370456625340921164e-09;
3999599.9733308441937;7.919817690549280087e-09;
3999933.3288878812455;7.5674000399317264964e-09;
4000266.6844449182972;7.9435888977741342387e-09;
4000600.040001955349;7.6851467412097917986e-09;
4000933.3955589924008;7.3009034373683334707e-09;
4001266.7511160294525;7.6168271689880384656e-09;
4001600.1066730665043;7.4686115070221603673e-09;
4001933.4622301035561;7.4230008806352998363e-09;
4002266.8177871406078;7.4594854737597415806e-09;
4002600.1733441776596;7.6926971459556625632e-09;
4002933.5289012147114;7.2827006647457892541e-09;
4003266.8844582517631;7.5216481931761336455e-09;
4003600.2400152888149;7.6766459855548419e-09;
4003933.5955723258667;7.8249060564417050045e-09;
4004266.9511293629184;7.5168138380377058638e-09;
4004600.3066863999702;7.6726820452677202411e-09;
4004933.662243437022;7.7374089357817865675e-09;
4005267.0178004740737;7.6895085854289391136e-09;
4005600.3733575111255;7.7069133297413827677e-09;
4005933.7289145481773;7.5035009317048206867e-09;
4006267.084471585229;7.7932034159289287345e-09;
4006600.4400286222808;8.3362534653019793041e-09;
4006933.7955856593326;7.6084694100586602872e-09;
4007267.1511426963843;7.7198407666401180904e-09;
4007600.5066997334361;7.8986985840856505092e-09;
4007933.8622567704879;7.6701214268837247801e-09;
4008267.2178138075396;7.4882127165665224311e-09;
4008600.5733708445914;7.5415478306695149513e-09;
4008933.9289278816432;7.9721083068307052599e-09;
4009267.2844849186949;7.90693110985785097e-09;
4009600.6400419557467;7.5803860966061620275e-09;
4009933.9955989927985;7.2843002740796691796e-09;
4010267.3511560298502;7.4281145678867233073e-09;
4010600.706713066902;7.6284907279955405102e-09;
4010934.0622701039538;7.6827708639370939636e-09;
4011267.4178271410055;7.6847816998792950471e-09;
4011600.7733841780573;7.0747083746880434774e-09;
4011934.1289412151091;7.4594721510834460787e-09;
4012267.4844982521608;7.6664434800477465615e-09;
4012600.8400552892126;7.4736776767281298817e-09;
4012934.1956123262644;7.0848198419071195531e-09;
4013267.5511693633161;7.7735267112188921601e-09;
4013600.9067264003679;7.7498425454791686207e-09;
4013934.2622834374197;8.1817530528383031196e-09;
4014267.6178404744714;7.620106323713571328e-09;
4014600.9733975115232;7.6266015724968383438e-09;
4014934.328954548575;7.5980377545192823163e-09;
4015267.6845115856268;7.3898225316781918082e-09;
4015601.0400686226785;7.2949033480540492747e-09;
4015934.3956256597303;7.1134662604777076922e-09;
4016267.7511826967821;7.5769372998024664412e-09;
4016601.1067397338338;7.6111428271019576641e-09;
4016934.4622967708856;7.4011388129235911038e-09;
4017267.8178538079374;7.2502004400121222716e-09;
4017601.1734108449891;7.6865909193202242022e-09;
4017934.5289678820409;7.464467266515839583e-09;
4018267.8845249190927;7.752007924466397526e-09;
4018601.2400819561444;7.7747701610064723354e-09;
4018934.5956389931962;7.4130710459030524362e-09;
4019267.951196030248;7.6933321935257481528e-09;
4019601.3067530672997;8.041847188167139393e-09;
4019934.6623101043515;7.5409376520951809653e-09;
4020268.0178671414033;7.5321731074495801295e-09;
4020601.373424178455;7.6610717769654002041e-09;
4020934.7289812155068;7.4650179371360536607e-09;
4021268.0845382525586;7.1718635474837810762e-09;
4021601.4400952896103;7.8190112162701552734e-09;
4021934.7956523266621;7.3556685187270431925e-09;
4022268.1512093637139;7.229139509234983052e-09;
4022601.5067664007656;7.1623196262748933805e-09;
4022934.8623234378174;8.0814874792167756823e-09;
4023268.2178804748692;7.5347541539372286934e-09;
4023601.5734375119209;7.1014301106231414451e-09;
4023934.9289945489727;7.3219421636849801871e-09;
4024268.2845515860245;7.6816908389787386113e-09;
4024601.6401086230762;7.4975323727244358452e-09;
4024934.995665660128;7.1530021905630292167e-09;
4025268.3512226971798;7.2154748842478966253e-09;
4025601.7067797342315;7.3435448832981364831e-09;
4025935.0623367712833;7.3716961423997418024e-09;
4026268.4178938083351;7.5896195994573645294e-09;
4026601.7734508453868;7.6127477655063557904e-09;
4026935.1290078824386;7.6838908569243358215e-09;
4027268.4845649194904;7.3408230605309654493e-09;
4027601.8401219565421;7.9255100260411381896e-09;
4027935.1956789935939;8.069882539984973846e-09;
4028268.5512360306457;7.656375977660445642e-09;
4028601.9067930676974;7.0382135675117751816e-09;
4028935.2623501047492;7.7692403621654193557e-09;
4029268.617907141801;6.9702807969918012532e-09;
4029601.9734641788527;7.6856867536889694748e-09;
4029935.3290212159045;7.5060855309061480511e-09;
4030268.6845782529563;7.8414332804754849349e-09;
4030602.040135290008;7.3561468028060517099e-09;
4030935.3956923270598;7.5805584032195838518e-09;
4031268.7512493641116;7.5233925755924246914e-09;
4031602.1068064011633;7.346835140253915597e-09;
4031935.4623634382151;7.2504171555465291021e-09;
4032268.8179204752669;7.8295814276430064638e-09;
4032602.1734775123186;7.6492643330539067392e-09;
4032935.5290345493704;7.3759967023079298087e-09;
4033268.8845915864222;7.6544131033529083652e-09;
4033602.2401486234739;7.7682713595095265191e-09;
4033935.5957056605257;7.897463127903847635e-09;
4034268.9512626975775;7.2768306935699911264e-09;
4034602.3068197346292;7.5412955879983201157e-09;
4034935.662376771681;7.8194100083806006296e-09;
4035269.0179338087328;7.2977872633828155813e-09;
4035602.3734908457845;8.0684081638082716381e-09;
4035935.7290478828363;7.3087056406961892208e-09;
4036269.0846049198881;7.3213892726187168591e-09;
4036602.4401619569398;7.2969799091993081674e-09;
4036935.7957189939916;6.9365300170431964943e-09;
4037269.1512760310434;7.582836580866114673e-09;
4037602.5068330680951;7.3185857374369334138e-09;
4037935.8623901051469;7.2566610498370209825e-09;
4038269.2179471421987;7.4237962444101412984e-09;
4038602.5735041792504;7.9489916871011701005e-09;
4038935.9290612163022;8.071130430664652522e-09;
4039269.284618253354;7.7051804936445478234e-09;
4039602.6401752904058;7.5744086558415801846e-09;
4039935.9957323274575;7.6330488596454415529e-09;
4040269.3512893645093;8.0097573018633738684e-09;
4040602.7068464015611;7.9876825154201469559e-09;
4040936.0624034386128;7.5747284000726722297e-09;
4041269.4179604756646;7.57770912684918585e-09;
4041602.7735175127164;7.9532380681257563992e-09;
4041936.1290745497681;7.3667769662222326588e-09;
4042269.4846315868199;7.7457320557527964411e-09;
4042602.8401886238717;7.5187545078847506375e-09;
4042936.1957456609234;7.3744681472476258932e-09;
4043269.5513026979752;7.2431860509425405326e-09;
4043602.906859735027;7.6079613720025918155e-09;
4043936.2624167720787;7.7484134664018711192e-09;
4044269.6179738091305;7.5321597847732846276e-09;
4044602.9735308461823;8.1444246902151462564e-09;
4044936.329087883234;7.800667667368088587e-09;
4045269.6846449202858;7.7301809398022669484e-09;
4045603.0402019573376;7.8175146356329605624e-09;
4045936.3957589943893;7.3185599802627621102e-09;
4046269.7513160314411;7.3698318558967912395e-09;
4046603.1068730684929;7.8554824867183015158e-09;
4046936.4624301055446;8.3827913499590067659e-09;
4047269.8179871425964;8.0818418624062360323e-09;
4047603.1735441796482;7.3504757835962664103e-09;
4047936.5291012166999;7.2631909375786563032e-09;
4048269.8846582537517;7.6107280477799577056e-09;
4048603.2402152908035;7.6332229426157027774e-09;
4048936.5957723278552;7.8358421973234726465e-09;
4049269.951329364907;7.3237949038684746483e-09;
4049603.3068864019588;7.7660882169539036113e-09;
4049936.6624434390105;7.4115864556745236769e-09;
4050270.0180004760623;7.6481221356061723782e-09;
4050603.3735575131141;7.3945884970783026802e-09;
4050936.7291145501658;7.4219057566438095819e-09;
4051270.0846715872176;7.4592367838022255455e-09;
4051603.4402286242694;7.5220043527224333957e-09;
4051936.7957856613211;7.4565376095847568649e-09;
4052270.1513426983729;7.711057570247703552e-09;
4052603.5068997354247;7.3889658835923910374e-09;
4052936.8624567724764;7.5674391197821933019e-09;
4053270.2180138095282;7.4693335960773765692e-09;
4053603.57357084658;7.3956281099185616767e-09;
4053936.9291278836317;7.6381860836249870772e-09;
4054270.2846849206835;7.2657431182676646131e-09;
4054603.6402419577353;7.8973663164561003214e-09;
4054936.995798994787;7.5511854547016810102e-09;
4055270.3513560318388;7.5898993756595700688e-09;
4055603.7069130688906;7.1814953983562190842e-09;
4055937.0624701059423;7.4271748751186805748e-09;
4056270.4180271429941;7.7953385968498878356e-09;
4056603.7735841800459;7.708795379812727333e-09;
4056937.1291412170976;7.4918844461535627488e-09;
4057270.4846982541494;7.7948048016196480603e-09;
4057603.8402552912012;7.7380750695965616615e-09;
4057937.1958123282529;7.7607422710457285575e-09;
4058270.5513693653047;7.1734258533240335964e-09;
4058603.9069264023565;7.2376020732178858452e-09;
4058937.2624834394082;7.9137816300089980359e-09;
4059270.61804047646;7.1320100936134167569e-09;
4059603.9735975135118;7.2948780349690878211e-09;
4059937.3291545505635;7.2915464777167926513e-09;
4060270.6847115876153;7.6535657811405144457e-09;
4060604.0402686246671;7.3105548281660048815e-09;
4060937.3958256617188;7.7285386979042414168e-09;
4061270.7513826987706;7.6403470217201174819e-09;
4061604.1069397358224;7.1247097110926915775e-09;
4061937.4624967728741;7.2318830923734367389e-09;
4062270.8180538099259;7.3802741695772056119e-09;
4062604.1736108469777;7.7260136066570339608e-09;
4062937.5291678840294;7.2269044082418076869e-09;
4063270.8847249210812;7.3422290469693507475e-09;
4063604.240281958133;7.4412143113988804544e-09;
4063937.5958389951847;7.4238486469369036058e-09;
4064270.9513960322365;7.5430843793355961679e-09;
4064604.3069530692883;7.5744086558415801846e-09;
4064937.6625101063401;7.5460535597926536866e-09;
4065271.0180671433918;7.7040303025910361612e-09;
4065604.3736241804436;7.2981207743794129783e-09;
4065937.7291812174954;7.6668342785524146166e-09;
4066271.0847382545471;7.4677588557392482471e-09;
4066604.4402952915989;7.7685440302843744576e-09;
4066937.7958523286507;7.8200415032370074186e-09;
4067271.1514093657024;7.6031643203577914392e-09;
4067604.5069664027542;7.5903798801846278366e-09;
4067937.862523439806;7.4957808848807871982e-09;
4068271.2180804768577;7.3064461147964721022e-09;
4068604.5736375139095;7.707305904602890223e-09;
4068937.9291945509613;7.4931216786922050233e-09;
4069271.284751588013;7.2187713584526136401e-09;
4069604.6403086250648;7.0038264077254552831e-09;
4069937.9958656621166;7.3169017511531819764e-09;
4070271.3514226991683;7.4290671392418516916e-09;
4070604.7069797362201;7.5231945118048315635e-09;
4070938.0625367732719;7.8198354458436369896e-09;
4071271.4180938103236;7.4690182927383830247e-09;
4071604.7736508473754;7.5537860411145629769e-09;
4071938.1292078844272;7.6482029598423650896e-09;
4072271.4847649214789;7.4081238921053227386e-09;
4072604.8403219585307;7.6923729608324720175e-09;
4072938.1958789955825;7.397694012922784168e-09;
4073271.5514360326342;7.5877002458923925587e-09;
4073604.906993069686;7.7460455827349505853e-09;
4073938.2625501067378;7.7121278252434422029e-09;
4074271.6181071437895;7.3689383484065729135e-09;
4074604.9736641808413;7.401268486972867322e-09;
4074938.3292212178931;8.0823534531759833044e-09;
4075271.6847782549448;7.362636722518800525e-09;
4075605.0403352919966;7.4863057974994262622e-09;
4075938.3958923290484;7.7232993334064303781e-09;
4076271.7514493661001;7.1697470183096356777e-09;
4076605.1070064031519;7.9435471533884083328e-09;
4076938.4625634402037;7.1822396918719277892e-09;
4077271.8181204772554;7.607787289032330591e-09;
4077605.1736775143072;7.4829529239650582895e-09;
4077938.529234551359;7.8225426136668829713e-09;
4078271.8847915884107;7.4952275497253140202e-09;
4078605.2403486254625;7.7936688214208516001e-09;
4078938.5959056625143;7.660815981580526568e-09;
4079271.951462699566;7.5545152355971367797e-09;
4079605.3070197366178;7.5506543240067003353e-09;
4079938.6625767736696;7.2367378756155176234e-09;
4080272.0181338107213;7.5719741587931821414e-09;
4080605.3736908477731;7.4202239908061073947e-09;
4080938.7292478848249;7.5302288848888565553e-09;
4081272.0848049218766;7.99728638867236441e-09;
4081605.4403619589284;7.3026096281125774112e-09;
4081938.7959189959802;7.6480954902535813744e-09;
4082272.1514760330319;7.9162010280242611771e-09;
4082605.5070330700837;7.3043415760309926554e-09;
4082938.8625901071355;7.4274750794245392171e-09;
4083272.2181471441872;7.6973067919539062132e-09;
4083605.573704181239;7.9099038430285872892e-09;
4083938.9292612182908;7.7282935606604041823e-09;
4084272.2848182553425;7.3791723842475676065e-09;
4084605.6403752923943;7.6962658468460176664e-09;
4084938.9959323294461;7.7607964499293302651e-09;
4085272.3514893664978;7.6433677165255176078e-09;
4085605.7070464035496;7.4809420880228572059e-09;
4085939.0626034406014;7.4247483716760598327e-09;
4086272.4181604776531;7.8728623620349935663e-09;
4086605.7737175147049;7.0609882385497257928e-09;
4086939.1292745517567;7.410310587374624447e-09;
4087272.4848315888084;7.4358044166444869916e-09;
4087605.8403886258602;7.4088006840611342341e-09;
4087939.195945662912;7.5702981661152080051e-09;
4088272.5515026999637;8.0421580506140344369e-09;
4088605.9070597370155;7.4957542395281961944e-09;
4088939.2626167740673;6.629787829837141544e-09;
4089272.618173811119;7.7224715511192698614e-09;
4089605.9737308481708;7.4457386922688328923e-09;
4089939.3292878852226;7.5333908000629890012e-09;
4090272.6848449222744;7.1733627926562348875e-09;
4090606.0404019593261;7.3696635460862580658e-09;
4090939.3959589963779;7.9045419099088576331e-09;
4091272.7515160334297;7.6861459419319544395e-09;
4091606.1070730704814;7.5315380598794945399e-09;
4091939.4626301075332;7.523233591655298369e-09;
4092272.818187144585;7.3332055983144073252e-09;
4092606.1737441816367;7.6916837343787847203e-09;
4092939.5293012186885;7.8131483505217147467e-09;
4093272.8848582557403;7.5302812874156188627e-09;
4093606.240415292792;7.333437856971158908e-09;
4093939.5959723298438;7.6462685072442582168e-09;
4094272.9515293668956;7.2961721109265909035e-09;
4094606.3070864039473;7.3432868674672135967e-09;
4094939.6626434409991;7.6653661196246503096e-09;
4095273.0182004780509;7.1488064357083658251e-09;
4095606.3737575151026;7.9493966964605533576e-09;
4095939.7293145521544;7.244954858265373332e-09;
4096273.0848715892062;7.7121953268033394124e-09;
4096606.4404286262579;7.5953954237206744438e-09;
4096939.7959856633097;7.3021730884192947997e-09;
4097273.1515427003615;7.4128103655368704494e-09;
4097606.5070997374132;7.4245396497474303033e-09;
4097939.862656774465;8.117513772276652162e-09;
4098273.2182138115168;7.4950960993191984016e-09;
4098606.5737708485685;7.9282811427106025803e-09;
4098939.9293278856203;7.3649779608331300551e-09;
4099273.2848849226721;7.3571415626361158502e-09;
4099606.6404419597238;7.3534205391467821755e-09;
4099939.9959989967756;7.4577428677002899349e-09;
4100273.3515560338274;7.2363435243971707678e-09;
4100606.7071130708791;7.3290329360986561369e-09;
4100940.0626701079309;7.6654878000681492267e-09;
4101273.4182271449827;7.5286674672270237352e-09;
4101606.7737841820344;7.3726287297404269339e-09;
4101940.1293412190862;7.469608931387483608e-09;
4102273.484898256138;7.8137798453781215358e-09;
4102606.8404552931897;7.7613968585410475498e-09;
4102940.1960123302415;8.3715629983771577827e-09;
4103273.5515693672933;7.2578978382864534069e-09;
4103606.907126404345;7.9315967127513431478e-09;
4103940.2626834413968;7.3173129777615031344e-09;
4104273.6182404784486;7.64083019078043435e-09;
4104606.9737975155003;7.7457187330765009392e-09;
4104940.3293545525521;7.4225185997534026683e-09;
4105273.6849115896039;7.5549406730601731397e-09;
4105607.0404686266556;7.7389863406551739899e-09;
4105940.3960256637074;7.6153421346702998562e-09;
4106273.7515827007592;7.5025656798288764548e-09;
4106607.1071397378109;7.6000929993824684061e-09;
4106940.4626967748627;7.5553252543159032939e-09;
4107273.8182538119145;7.5219785955482620921e-09;
4107607.1738108489662;7.5952080180741177173e-09;
4107940.529367886018;7.7470936332701967331e-09;
4108273.8849249230698;7.4244614900464966922e-09;
4108607.2404819601215;8.4843803094258873898e-09;
4108940.5960389971733;7.4823880424901290098e-09;
4109273.9515960342251;7.7429165301623470441e-09;
4109607.3071530712768;7.4452679577063918259e-09;
4109940.6627101083286;7.7469843873245736177e-09;
4110274.0182671453804;7.6152222305836403393e-09;
4110607.3738241824321;8.1107716098927085113e-09;
4110940.7293812194839;7.7971193945813865867e-09;
4111274.0849382565357;7.818214520227684261e-09;
4111607.4404952935874;7.4133312821800245729e-09;
4111940.7960523306392;7.2470807133129255817e-09;
4112274.151609367691;7.2830590447381382546e-09;
4112607.5071664047427;7.8466833031143323751e-09;
4112940.8627234417945;7.1445001026404497679e-09;
4113274.2182804788463;7.2367631887004790769e-09;
4113607.573837515898;7.2677348583738421439e-09;
4113940.9293945529498;7.2645689463968210475e-09;
4114274.2849515900016;7.7408355281249896507e-09;
4114607.6405086270534;7.2356445279808667692e-09;
4114940.9960656641051;7.2555774721649868297e-09;
4115274.3516227011569;7.6400112902774708346e-09;
4115607.7071797382087;7.4950694539666073979e-09;
4115941.0627367752604;7.7490671657187704113e-09;
4116274.4182938123122;7.6320834097032275167e-09;
4116607.773850849364;7.3188943794377792074e-09;
4116941.1294078864157;7.9803470498518436216e-09;
4117274.4849649234675;7.6378912083896466356e-09;
4117607.8405219605193;7.7624058292258268921e-09;
4117941.196078997571;7.4887127610168136016e-09;
4118274.5516360346228;7.6023365380706309224e-09;
4118607.9071930716746;7.3242838460885195673e-09;
4118941.2627501087263;7.6830000139693765959e-09;
4119274.6183071457781;7.8474133857753258781e-09;
4119607.9738641828299;7.7409847420994992717e-09;
4119941.3294212198816;7.5624164708187890938e-09;
4120274.6849782569334;7.8550410620437105536e-09;
4120608.0405352939852;7.419076908377064683e-09;
4120941.3960923310369;7.3082948581770779128e-09;
4121274.7516493680887;7.8155641958232990874e-09;
4121608.1072064051405;7.2971850784142588964e-09;
4121941.4627634421922;7.3397914412964837538e-09;
4122274.818320479244;7.2476153967215850571e-09;
4122608.1738775162958;7.9042088430014700862e-09;
4122941.5294345533475;7.4837025465512851952e-09;
4123274.8849915903993;7.2314003674023297208e-09;
4123608.2405486274511;7.2443060439297823905e-09;
4123941.5961056645028;7.6520469960428272316e-09;
4124274.9516627015546;7.6509447666239793762e-09;
4124608.3072197386064;7.8596924524276801094e-09;
4124941.6627767756581;7.6752435518301354023e-09;
4125275.0183338127099;7.2469790168838699174e-09;
4125608.3738908497617;7.2602310829950056359e-09;
4125941.7294478868134;7.0403656238227085851e-09;
4126275.0850049238652;7.5769772678313529468e-09;
4126608.440561960917;7.4722468212939929799e-09;
4126941.7961189979687;7.264096879566750431e-09;
4127275.1516760350205;7.4539183714250611956e-09;
4127608.5072330720723;7.1448011951247281104e-09;
4127941.862790109124;7.5985582270732265897e-09;
4128275.2183471461758;7.5639174923480823054e-09;
4128608.5739041832276;7.397459977909193185e-09;
4128941.9294612202793;6.7105569989678315324e-09;
4129275.2850182573311;7.6621482492100767558e-09;
4129608.6405752943829;7.1176162741437565273e-09;
4129941.9961323314346;7.7570074807908895309e-09;
4130275.3516893684864;7.8018604909857458551e-09;
4130608.7072464055382;7.378381461364824645e-09;
4130942.0628034425899;7.0774182070465485594e-09;
4131275.4183604796417;7.4758972345989604946e-09;
4131608.7739175166935;7.5151236345050165255e-09;
4131942.1294745537452;7.2966335196156251186e-09;
4132275.485031590797;7.4744130884596415854e-09;
4132608.8405886278488;7.8212645249209344911e-09;
4132942.1961456649005;7.2408323781303352007e-09;
4133275.5517027019523;7.2730350630934026412e-09;
4133608.9072597390041;8.0252364753619076509e-09;
4133942.2628167760558;8.1530853179856421775e-09;
4134275.6183738131076;7.2520092153638415766e-09;
4134608.9739308501594;7.5617254680082623963e-09;
4134942.3294878872111;7.3665051836258044204e-09;
4135275.6850449242629;7.4604944444445209228e-09;
4135609.0406019613147;7.396303569606743622e-09;
4135942.3961589983664;7.6160251438750492525e-09;
4136275.7517160354182;7.6047808050816456671e-09;
4136609.10727307247;7.7490263095114642056e-09;
4136942.4628301095217;7.74558284177828682e-09;
4137275.8183871465735;7.5480688366269532708e-09;
4137609.1739441836253;6.9972592164901925571e-09;
4137942.529501220677;7.250302580530387786e-09;
4138275.8850582577288;7.3655344046130721836e-09;
4138609.2406152947806;7.5359718465506375651e-09;
4138942.5961723318323;7.7774062745561423071e-09;
4139275.9517293688841;7.2476411538957563607e-09;
4139609.3072864059359;7.0838241938986357127e-09;
4139942.6628434429877;8.0984987604892921809e-09;
4140276.0184004800394;7.4487345180784814147e-09;
4140609.3739575170912;7.0311942934608850919e-09;
4140942.729514554143;6.9169021621462434268e-09;
4141276.0850715911947;7.4936350458187916956e-09;
4141609.4406286282465;7.3658452670599672274e-09;
4141942.7961856652983;7.4588566434385938919e-09;
4142276.15174270235;7.7103665674371768546e-09;
4142609.5072997394018;7.4015416018369251105e-09;
4142942.8628567764536;7.3932375777019387897e-09;
4143276.2184138135053;7.50394946180676925e-09;
4143609.5739708505571;7.279387759240307787e-09;
4143942.9295278876089;7.4319257414856565447e-09;
4144276.2850849246606;7.6279418337321658328e-09;
4144609.6406419617124;7.8488335830684263783e-09;
4144942.9961989987642;7.3981878401241374377e-09;
4145276.3517560358159;7.7213861970903963083e-09;
4145609.7073130728677;7.5014581213395103987e-09;
4145943.0628701099195;7.5477499805742809258e-09;
4146276.4184271469712;7.379885147429376957e-09;
4146609.773984184023;7.9126980523369638831e-09;
4146943.1295412210748;7.7752888572035772086e-09;
4147276.4850982581265;7.7152710886707609461e-09;
4147609.8406552951783;7.8271193970635977166e-09;
4147943.1962123322301;7.7706738821348153579e-09;
4148276.5517693692818;7.8896285060636728304e-09;
4148609.9073264063336;7.4058208454630403139e-09;
4148943.2628834433854;7.4799961780058765726e-09;
4149276.6184404804371;7.5984649683391580766e-09;
4149609.9739975174889;7.1503012399887211359e-09;
4149943.3295545545407;7.2629737779550396226e-09;
4150276.6851115915924;8.0502431387685646769e-09;
4150610.0406686286442;7.7412298793433365063e-09;
4150943.396225665696;7.7788273600276625075e-09;
4151276.7517827027477;7.4636536950833942683e-09;
4151610.1073397397995;7.2540351503391775623e-09;
4151943.4628967768513;7.4957808848807871982e-09;
4152276.818453813903;7.5440382829583541024e-09;
4152610.1740108509548;7.3223924701437681506e-09;
4152943.5295678880066;7.2054553434952595126e-09;
4153276.8851249250583;7.2787229576931622432e-09;
4153610.2406819621101;7.3215691287487061345e-09;
4153943.5962389991619;7.247437316948435182e-09;
4154276.9517960362136;7.3685502144371639588e-09;
4154610.3073530732654;7.6067321330697268422e-09;
4154943.6629101103172;6.9912262645743794565e-09;
4155277.0184671473689;7.7092288108815409942e-09;
4155610.3740241844207;7.6648003499713013298e-09;
4155943.7295812214725;7.4694250784546056821e-09;
4156277.0851382585242;7.5451787040492490632e-09;
4156610.440695295576;7.3052399685025193321e-09;
4156943.7962523326278;7.1557924030685171601e-09;
4157277.1518093696795;7.4354518098118660419e-09;
4157610.5073664067313;7.570950089075267897e-09;
4157943.8629234437831;7.4636803404359852721e-09;
4158277.2184804808348;7.4613071276985465374e-09;
4158610.5740375178866;7.090273257404078322e-09;
4158943.9295945549384;7.4519022064123419113e-09;
4159277.2851515919901;7.3527228749981077272e-09;
4159610.6407086290419;7.2539076967359505943e-09;
4159943.9962656660937;7.6959274508681119187e-09;
4160277.3518227031454;7.4798380822471699503e-09;
4160610.7073797401972;7.3915624732023843535e-09;
4160944.062936777249;7.7782402740922407247e-09;
4161277.4184938143007;7.5452710746048978763e-09;
4161610.7740508513525;7.4628152546551973501e-09;
4161944.1296078884043;7.195323448172530334e-09;
4162277.485164925456;7.3775781039842058817e-09;
4162610.8407219625078;7.6215656008571386337e-09;
4162944.1962789995596;7.4077073364264833799e-09;
4163277.5518360366113;7.1386412336948978918e-09;
4163610.9073930736631;7.2750285795564195723e-09;
4163944.2629501107149;7.4736909994044253835e-09;
4164277.6185071477666;7.596155704447937751e-09;
4164610.9740641848184;7.4689658902116207173e-09;
4164944.3296212218702;7.6542248095279319386e-09;
4165277.685178258922;7.1968404569133781479e-09;
4165611.0407352959737;7.667440016234650102e-09;
4165944.3962923330255;7.2028862874162769003e-09;
4166277.7518493700773;7.2580887966466889338e-09;
4166611.107406407129;7.6733828180408636399e-09;
4166944.4629634441808;7.3358470409345954977e-09;
4167277.8185204812326;7.5209340977266947448e-09;
4167611.1740775182843;7.0981998057106920896e-09;
4167944.5296345553361;7.4369017610820264963e-09;
4168277.8851915923879;8.0416073799938203592e-09;
4168611.2407486294396;7.6786683678164990852e-09;
4168944.5963056664914;7.3686408086359733716e-09;
4169277.9518627035432;7.4476353972841025097e-09;
4169611.3074197405949;7.9792537022171927674e-09;
4169944.6629767776467;7.7703461442979460116e-09;
4170278.0185338146985;7.1960815084537443909e-09;
4170611.3740908517502;7.4851884690474435047e-09;
4170944.729647888802;7.3697541402850674785e-09;
4171278.0852049258538;7.2851960020159367559e-09;
4171611.4407619629055;7.5367001528547916678e-09;
4171944.7963189999573;7.3858772431378838519e-09;
4172278.1518760370091;7.4397372706869191461e-09;
4172611.5074330740608;7.4890289525342268462e-09;
4172944.8629901111126;7.5923534126332015148e-09;
4173278.2185471481644;7.8232984535020477779e-09;
4173611.5741041852161;7.8249753343584416143e-09;
4173944.9296612222679;7.5101738161720277276e-09;
4174278.2852182593197;7.9138651187804498477e-09;
4174611.6407752963714;7.2506463055788117344e-09;
4174944.9963323334232;7.1794645783995747479e-09;
4175278.351889370475;7.1914056931632330816e-09;
4175611.7074464075267;7.4439729935704690433e-09;
4175945.0630034445785;7.3704531367013714771e-09;
4176278.4185604816303;7.8865936004035575024e-09;
4176611.774117518682;7.8486133148203407472e-09;
4176945.1296745557338;7.4300197105969800759e-09;
4177278.4852315927856;7.4474133526791774784e-09;
4177611.8407886298373;7.5574755342699972971e-09;
4177945.1963456668891;7.6088033651444675343e-09;
4178278.5519027039409;7.3956800683561141341e-09;
4178611.9074597409926;7.6476256438695600082e-09;
4178945.2630167780444;7.9616668813287105877e-09;
4179278.6185738150962;7.5207626792916926206e-09;
4179611.9741308521479;7.576205440784633538e-09;
4179945.3296878891997;7.5217538864080779604e-09;
4180278.6852449262515;7.6713071450740244472e-09;
4180612.0408019633032;8.6919689223918794596e-09;
4180945.396359000355;7.1868089257520750834e-09;
4181278.7519160374068;7.7026092171195159608e-09;
4181612.1074730744585;7.5375607977434810891e-09;
4181945.4630301115103;7.5077339900531114836e-09;
4182278.8185871485621;7.1680594793122054398e-09;
4182612.1741441856138;7.634886500795801112e-09;
4182945.5297012226656;7.2935706363352892367e-09;
4183278.8852582597174;6.953818409982659432e-09;
4183612.2408152967691;7.427083836830661312e-09;
4183945.5963723338209;7.5294348533816446434e-09;
4184278.9519293708727;7.5100556884422076109e-09;
4184612.3074864079244;7.2616344048981318338e-09;
4184945.6630434449762;7.2415193841379732476e-09;
4185279.018600482028;7.5787482956002349965e-09;
4185612.3741575190797;7.4778805370101508743e-09;
4185945.7297145561315;6.8932237695662479382e-09;
4186279.0852715931833;7.8787696367044190993e-09;
4186612.440828630235;7.9978903499977604952e-09;
4186945.7963856672868;7.3897705732406393508e-09;
4187279.1519427043386;7.7731723280294318101e-09;
4187612.5074997413903;7.700093007656505506e-09;
4187945.8630567784421;7.9587163526184667717e-09;
4188279.2186138154939;7.6470882959256414324e-09;
4188612.5741708525456;7.708795379812727333e-09;
4188945.9297278895974;7.5660304688085489033e-09;
4189279.2852849266492;7.4198980293260774488e-09;
4189612.640841963701;7.320295924984066005e-09;
4189945.9963990007527;7.3294064151241400396e-09;
4190279.3519560378045;7.426509629482325181e-09;
4190612.7075130748563;7.6061175136032943556e-09;
4190946.063070111908;7.6078006117086260929e-09;
4191279.4186271489598;7.5893797912840454956e-09;
4191612.7741841860116;7.2021144603695574915e-09;
4191946.1297412230633;7.079556940681186461e-09;
4192279.4852982601151;7.663723877726624778e-09;
4192612.8408552971669;7.1942616308717788343e-09;
4192946.1964123342186;7.940910151660318661e-09;
4193279.5519693712704;7.2034680442811804824e-09;
4193612.9075264083222;6.91245638506643445e-09;
4193946.2630834453739;7.0442252031455154793e-09;
4194279.6186404824257;7.6800317216907387774e-09;
4194612.9741975199431;7.106159660708044612e-09;
4194946.3297545574605;7.1543344581925794046e-09;
4195279.685311594978;7.6055695075183393783e-09;
4195613.0408686324954;7.6734902876296473551e-09;
4195946.3964256700128;7.1873009765965889528e-09;
4196279.7519827075303;7.4231572000371670583e-09;
4196613.1075397450477;7.359856279975929283e-09;
4196946.4630967825651;7.025378945257898522e-09;
4197279.8186538200825;7.8884507814791504643e-09;
4197613.1742108576;6.9914967149031781446e-09;
4197946.5297678951174;7.3261237076849283767e-09;
4198279.8853249326348;7.4654638027027431235e-09;
4198613.2408819701523;7.362494613971648505e-09;
4198946.5964390076697;7.7881256999035031185e-09;
4199279.9519960451871;7.7635782247398310574e-09;
4199613.3075530827045;7.2436696640920672507e-09;
4199946.663110120222;7.520155165252617735e-09;
4200280.0186671577394;7.2824066776888685126e-09;
4200613.3742241952568;7.5991586356849438744e-09;
4200946.7297812327743;7.5657382581084675621e-09;
4201280.0853382702917;7.9614013159812202503e-09;
4201613.4408953078091;7.4985466724797333882e-09;
4201946.7964523453265;7.7371913320689600368e-09;
4202280.152009382844;7.193869944188691079e-09;
4202613.5075664203614;7.6295094686429365538e-09;
4202946.8631234578788;7.3166961378490213974e-09;
4203280.2186804953963;7.8555650873113336274e-09;
4203613.5742375329137;7.0266872320701168064e-09;
4203946.9297945704311;7.310657412773480246e-09;
4204280.2853516079485;7.769731524831513525e-09;
4204613.640908645466;7.4382997539146344934e-09;
4204946.9964656829834;7.3841905923188733141e-09;
4205280.3520227205008;7.6103008339600819454e-09;
4205613.7075797580183;7.7987500901599560166e-09;
4205947.0631367955357;8.1210371760676025588e-09;
4206280.4186938330531;8.2306375048801783123e-09;
4206613.7742508705705;7.7102990658772796451e-09;
4206947.129807908088;7.3537949063506857783e-09;
4207280.4853649456054;7.7787047914057438902e-09;
4207613.8409219831228;7.7215629445959166333e-09;
4207947.1964790206403;7.7749477966904123605e-09;
4208280.5520360581577;7.3847745696298261464e-09;
4208613.9075930956751;7.4927397619717339694e-09;
4208947.2631501331925;7.4941617356216738699e-09;
4209280.61870717071;7.4503443414641878917e-09;
4209613.9742642082274;7.5359718465506375651e-09;
4209947.3298212457448;7.3479582418656264053e-09;
4210280.6853782832623;7.2876154000311998971e-09;
4210614.0409353207797;7.096017995422698732e-09;
4210947.3964923582971;7.3998256411300644686e-09;
4211280.7520493958145;7.6559727446579017851e-09;
4211614.107606433332;7.5378121522362562246e-09;
4211947.4631634708494;7.4377903835909364716e-09;
4212280.8187205083668;7.2532961858939870581e-09;
4212614.1742775458843;7.7117210395272195456e-09;
4212947.5298345834017;7.2540862205983103195e-09;
4213280.8853916209191;7.0360131054769681214e-09;
4213614.2409486584365;7.4993637966258575034e-09;
4213947.596505695954;7.3541439604696279275e-09;
4214280.9520627334714;7.8282473836566168757e-09;
4214614.3076197709888;7.7235027262645417068e-09;
4214947.6631768085063;7.4979666919716692064e-09;
4215281.0187338460237;7.4662631632804732362e-09;
4215614.3742908835411;7.7723800728790592984e-09;
4215947.7298479210585;7.8353608046199951787e-09;
4216281.085404958576;7.7284836308422200091e-09;
4216614.4409619960934;7.5760455686690875154e-09;
4216947.7965190336108;7.3886412543799906416e-09;
4217281.1520760711282;7.2406036721872624184e-09;
4217614.5076331086457;7.5509198893541906727e-09;
4217947.8631901461631;7.0731798196277395618e-09;
4218281.2187471836805;7.3222894414470829361e-09;
4218614.574304221198;7.8181869866966735572e-09;
4218947.9298612587154;7.3681487577914595022e-09;
4219281.2854182962328;7.251614420056284871e-09;
4219614.6409753337502;7.3622099527881346148e-09;
4219947.9965323712677;7.7803443687685103214e-09;
4220281.3520894087851;7.9717574763549237105e-09;
4220614.7076464463025;7.2740062861953447282e-09;
4220948.06320348382;7.3979800063739276084e-09;
4221281.4187605213374;7.4658697002405460807e-09;
4221614.7743175588548;7.0181505051891690528e-09;
4221948.1298745963722;7.6635080503706376476e-09;
4222281.4854316338897;8.062754908166880341e-09;
4222614.8409886714071;7.7378849994147458347e-09;
4222948.1965457089245;7.6500166201753927453e-09;
4223281.552102746442;7.2159944686234211986e-09;
4223614.9076597839594;7.9735080760201526573e-09;
4223948.2632168214768;7.5347008632320466859e-09;
4224281.6187738589942;7.7079427285298152128e-09;
4224614.9743308965117;7.7204509452144520765e-09;
4224948.3298879340291;7.7512449792038751184e-09;
4225281.6854449715465;7.6284107919377674989e-09;
4225615.041002009064;6.9637082766860203265e-09;
4225948.3965590465814;7.2300663234159401327e-09;
4226281.7521160840988;7.5095281104609057365e-09;
4226615.1076731216162;7.7947088783503204468e-09;
4226948.4632301591337;7.7725026415009779157e-09;
4227281.8187871966511;7.6058102038700781122e-09;
4227615.1743442341685;7.5090396123300706677e-09;
4227948.529901271686;7.4326700350013652496e-09;
4228281.8854583092034;7.2659731564783669455e-09;
4228615.2410153467208;7.6324990772036471753e-09;
4228948.5965723842382;7.8038615569653302373e-09;
4229281.9521294217557;7.453800243695241079e-09;
4229615.3076864592731;7.309296279345289804e-09;
4229948.6632434967905;7.964604975541078602e-09;
4230282.018800534308;7.0313426192569750128e-09;
4230615.3743575718254;7.5595201209921469854e-09;
4230948.7299146093428;7.6589454778286381043e-09;
4231282.0854716468602;7.6941972793065360747e-09;
4231615.4410286843777;7.2326962197166722035e-09;
4231948.7965857218951;7.8724751162440043117e-09;
4232282.1521427594125;8.3771674042054655729e-09;
4232615.50769979693;7.4858057530491350917e-09;
4232948.8632568344474;7.3575683323667817604e-09;
4233282.2188138719648;7.8807635972566458804e-09;
4233615.5743709094822;7.6009882832295261323e-09;
4233948.9299279469997;7.5520869557976766373e-09;
4234282.2854849845171;7.2233761194695489394e-09;
4234615.6410420220345;7.4421686591108482389e-09;
4234948.996599059552;7.4070829469974341919e-09;
4235282.3521560970694;7.7806996401363903715e-09;
4235615.7077131345868;7.4508026415287531563e-09;
4235949.0632701721042;7.6108754853976279264e-09;
4236282.4188272096217;7.6789925529396896309e-09;
4236615.7743842471391;7.4064061550416226964e-09;
4236949.1299412846565;7.6385218150676337245e-09;
4237282.485498322174;7.3738330996775403037e-09;
4237615.8410553596914;7.6569142137827839178e-09;
4237949.1966123972088;7.4015549245132206124e-09;
4238282.5521694347262;7.6828650108495821769e-09;
4238615.9077264722437;7.7329112002644251334e-09;
4238949.2632835097611;7.2997234923377618543e-09;
4239282.6188405472785;7.2053918387382509536e-09;
4239615.974397584796;7.2876278345290756988e-09;
4239949.3299546223134;7.7168849088593560737e-09;
4240282.6855116598308;7.3744939044217971968e-09;
4240616.0410686973482;8.2707574122764526692e-09;
4240949.3966257348657;7.3733410488330264343e-09;
4241282.7521827723831;7.4172263886396194721e-09;
4241616.1077398099005;7.1649499666648353013e-09;
4241949.463296847418;7.6666051285201319843e-09;
4242282.8188538849354;7.3705179737260095862e-09;
4242616.1744109224528;7.5481745298588975857e-09;
4242949.5299679599702;6.9947150294069615484e-09;
4243282.8855249974877;7.6976585106081074628e-09;
4243616.2410820350051;7.5453767678368421912e-09;
4243949.5966390725225;7.4312467290837957989e-09;
4244282.9521961100399;7.5887527373197372071e-09;
4244616.3077531475574;7.4607173772278656543e-09;
4244949.6633101850748;7.5772703667098539881e-09;
4245283.0188672225922;7.7932984510198366479e-09;
4245616.3744242601097;7.3365815644876875012e-09;
4245949.7299812976271;8.2685351898703629558e-09;
4246283.0855383351445;7.4669195271326316288e-09;
4246616.4410953726619;7.0063612689352794405e-09;
4246949.7966524101794;7.7667161590966315998e-09;
4247283.1522094476968;7.553971670404280303e-09;
4247616.5077664852142;7.5077339900531114836e-09;
4247949.8633235227317;7.5981310132533508295e-09;
4248283.2188805602491;7.4895680768349848222e-09;
4248616.5744375977665;8.0153599313348422584e-09;
4248949.9299946352839;7.662794843099618447e-09;
4249283.2855516728014;7.3694303992510867829e-09;
4249616.6411087103188;7.4566814944887482852e-09;
4249949.9966657478362;7.7021757860507022997e-09;
4250283.3522227853537;7.2199632938918512082e-09;
4250616.7077798228711;8.0540205615875493095e-09;
4250950.0633368603885;7.8241093603992339922e-09;
4251283.4188938979059;7.2405526019281296612e-09;
4251616.7744509354234;7.3814412360206915764e-09;
4251950.1300079729408;7.5166148860716930358e-09;
4252283.4855650104582;7.5178698821787293127e-09;
4252616.8411220479757;8.4920595000426146726e-09;
4252950.1966790854931;7.9841750988407511613e-09;
4253283.5522361230105;7.8275732562360644806e-09;
4253616.9077931605279;7.7020949618145095883e-09;
4253950.2633501980454;7.8803203962252155179e-09;
4254283.6189072355628;8.0669195767768542282e-09;
4254616.9744642730802;7.7208168747233685281e-09;
4254950.3300213105977;7.550070790784957353e-09;
4255283.6855783481151;7.751667752131652378e-09;
4255617.0411353856325;7.345544617010091315e-09;
4255950.3966924231499;7.4520070114658665261e-09;
4256283.7522494606674;7.3611881035162696207e-09;
4256617.1078064981848;8.2117042055074307427e-09;
4256950.4633635357022;7.3921859744530138414e-09;
4257283.8189205732197;7.8358279864687574445e-09;
4257617.1744776107371;7.867732243482805643e-09;
4257950.5300346482545;6.9406498326429755252e-09;
4258283.8855916857719;7.9402822095175906725e-09;
4258617.2411487232894;7.3922508114776519506e-09;
4258950.5967057608068;7.307806804135452694e-09;
4259283.9522627983242;7.4864638932581328845e-09;
4259617.3078198358417;7.6955757322139106691e-09;
4259950.6633768733591;7.1201302631607177318e-09;
4260284.0189339108765;7.4421557805237625871e-09;
4260617.3744909483939;7.868576012981520762e-09;
4260950.7300479859114;7.2110015736370769446e-09;
4261284.0856050234288;7.1431323078741115751e-09;
4261617.4411620609462;7.6899411283193330746e-09;
4261950.7967190984637;7.1135790591370096081e-09;
4262284.1522761359811;7.0295023135713563533e-09;
4262617.5078331734985;7.8270918635325870127e-09;
4262950.8633902110159;7.649936684117619734e-09;
4263284.2189472485334;8.0408444347312979517e-09;
4263617.5745042860508;7.0827788078986486653e-09;
4263950.9300613235682;7.5437203150841014576e-09;
4264284.2856183610857;7.4957151596777293889e-09;
4264617.6411753986031;7.4266659488841924031e-09;
4264950.9967324361205;7.3399335498436357739e-09;
4265284.3522894736379;7.5819439615543160471e-09;
4265617.7078465111554;7.8123658653339589364e-09;
4265951.0634035486728;7.3498043207109731156e-09;
4266284.4189605861902;7.6851058850024855928e-09;
4266617.7745176237077;7.3237433895201320411e-09;
4266951.1300746612251;7.7835569101125656744e-09;
4267284.4856316987425;7.5078130379324647947e-09;
4267617.8411887362599;7.2860664168672428787e-09;
4267951.1967457737774;7.2232873016275789269e-09;
4268284.5523028112948;7.4488526458083015314e-09;
4268617.9078598488122;7.2049362032089447894e-09;
4268951.2634168863297;7.329303386427454825e-09;
4269284.6189739238471;7.7708373069640401809e-09;
4269617.9745309613645;7.5887260919671462034e-09;
4269951.3300879988819;7.4286496953845926328e-09;
4270284.6856450363994;7.0808630070473554952e-09;
4270618.0412020739168;7.5986514858072951029e-09;
4270951.3967591114342;7.4611241629440883116e-09;
4271284.7523161489516;7.1692682901414173102e-09;
4271618.1078731864691;7.7451334234979185567e-09;
4271951.4634302239865;7.3776558195959296427e-09;
4272284.8189872615039;7.3197172767436313734e-09;
4272618.1745442990214;7.861888029481178819e-09;
4272951.5301013365388;8.1339868174268303846e-09;
4273284.8856583740562;7.6657302727767273609e-09;
4273618.2412154115736;7.257132672577881749e-09;
4273951.5967724490911;7.8274631221120216651e-09;
4274284.9523294866085;7.6168946705479356751e-09;
4274618.3078865241259;7.2702377451605570968e-09;
4274951.6634435616434;7.3819337309544152959e-09;
4275285.0190005991608;7.826817416400899674e-09;
4275618.3745576366782;7.6600494836043253599e-09;
4275951.7301146741956;7.7916695317981066182e-09;
4276285.0856717117131;7.2390391459009606479e-09;
4276618.4412287492305;7.3360792995913470804e-09;
4276951.7967857867479;7.7161388389868079685e-09;
4277285.1523428242654;7.5543429289837149554e-09;
4277618.5078998617828;7.617269481841049128e-09;
4277951.8634568993002;7.3933548172533392062e-09;
4278285.2190139368176;7.3964723235064866458e-09;
4278618.5745709743351;7.2374368720318216219e-09;
4278951.9301280118525;7.5058084192392016121e-09;
4279285.2856850493699;7.3458541471893568087e-09;
4279618.6412420868874;7.6230790568843076471e-09;
4279951.9967991244048;7.5566264357007639774e-09;
4280285.3523561619222;7.6576807117589851259e-09;
4280618.7079131994396;7.1788717193044249143e-09;
4280952.0634702369571;7.7303035084241855657e-09;
4281285.4190272744745;7.2975181453216464433e-09;
4281618.7745843119919;7.4477402023376271245e-09;
4281952.1301413495094;7.4556343321319218376e-09;
4282285.4856983870268;7.1701502513121795346e-09;
4282618.8412554245442;7.5324644299712417705e-09;
4282952.1968124620616;7.1316721417247208592e-09;
4283285.5523694995791;7.8188602259388062521e-09;
4283618.9079265370965;7.7377215745855210116e-09;
4283952.2634835746139;7.0922041572885063943e-09;
4284285.6190406121314;7.0909957905485043739e-09;
4284618.9745976496488;7.2585097932176267932e-09;
4284952.3301546871662;7.8252364588138334511e-09;
4285285.6857117246836;7.5128268051116720017e-09;
4285619.0412687622011;7.8083592924826916715e-09;
4285952.3968257997185;7.4264834282189440273e-09;
4286285.7523828372359;7.6919128844110673526e-09;
4286619.1079398747534;7.5163377744047465967e-09;
4286952.4634969122708;7.8179951401580183301e-09;
4287285.8190539497882;7.4936084004662006919e-09;
4287619.1746109873056;7.3306170023101913102e-09;
4287952.5301680248231;7.4446924180904261448e-09;
4288285.8857250623405;7.6408701588093208557e-09;
4288619.2412820998579;7.6685715555413480615e-09;
4288952.5968391373754;7.4665917892957622826e-09;
4289285.9523961748928;7.4482242595763636928e-09;
4289619.3079532124102;7.1620931407778698485e-09;
4289952.6635102499276;7.5539849930805758049e-09;
4290286.0190672874451;7.4625656765192616149e-09;
4290619.3746243249625;7.2723707056354669476e-09;
4290952.7301813624799;7.3875252581956374343e-09;
4291286.0857383999974;7.4134747229948061431e-09;
4291619.4412954375148;7.4792207982454783632e-09;
4291952.7968524750322;7.4405739347582766641e-09;
4292286.1524095125496;7.4127455285122323403e-09;
4292619.5079665500671;7.1428813974705462897e-09;
4292952.8635235875845;7.337729091005940063e-09;
4293286.2190806251019;7.6142319116456746997e-09;
4293619.5746376626194;7.6524768743979620922e-09;
4293952.9301947001368;7.2416463936519903655e-09;
4294286.2857517376542;7.6003869864393891476e-09;
4294619.6413087751716;7.355849263035452168e-09;
4294952.9968658126891;7.3123400667896021332e-09;
4295286.3524228502065;7.4338060152001617098e-09;
4295619.7079798877239;7.1983197180713887064e-09;
4295953.0635369252414;7.5465571569566236576e-09;
4296286.4190939627588;6.8647647566422165255e-09;
4296619.7746510002762;7.334133300673784106e-09;
4296953.1302080377936;7.4473738287395008228e-09;
4297286.4857650753111;7.5799464482884104655e-09;
4297619.8413221128285;7.2411761031787591492e-09;
4297953.1968791503459;7.6861050857246482337e-09;
4298286.5524361878633;6.9208283548505278304e-09;
4298619.9079932253808;7.2591217481488001795e-09;
4298953.2635502628982;7.3394437194451711548e-09;
4299286.6191073004156;7.6255028957916692889e-09;
4299619.9746643379331;7.2673644879728271917e-09;
4299953.3302213754505;7.3583308335400943179e-09;
4300286.6857784129679;7.4969133123659048579e-09;
4300620.0413354504853;7.3051626969800054212e-09;
4300953.3968924880028;7.2757058156014409178e-09;
4301286.7524495255202;7.5567188062564127904e-09;
4301620.1080065630376;6.9258634383118078404e-09;
4301953.4635636005551;7.684674230290511332e-09;
4302286.8191206380725;7.3048291859834080242e-09;
4302620.1746776755899;7.6522885805729856656e-09;
4302953.5302347131073;7.3707377978848853672e-09;
4303286.8857917506248;7.6592012732135117403e-09;
4303620.2413487881422;7.30997706810398995e-09;
4303953.5969058256596;7.0732419921171185706e-09;
4304286.9524628631771;7.4167050279072554986e-09;
4304620.3080199006945;7.2408323781303352007e-09;
4304953.6635769382119;7.5353758788310187811e-09;
4305287.0191339757293;7.4276318429156162892e-09;
4305620.3746910132468;7.1361210274289987865e-09;
4305953.7302480507642;7.083911235383766325e-09;
4306287.0858050882816;7.442835681104043033e-09;
4306620.4413621257991;7.8050543805829875055e-09;
4306953.7969191633165;7.2949677409894775337e-09;
4307287.1524762008339;7.5272659216807369376e-09;
4307620.5080332383513;7.5390840237332668039e-09;
4307953.8635902758688;7.9497315397247803048e-09;
4308287.2191473133862;7.3027122127200527757e-09;
4308620.5747043509036;7.5461459303483024996e-09;
4308953.9302613884211;7.4894632717814602074e-09;
4309287.2858184259385;7.3578783066352571041e-09;
4309620.6413754634559;7.5057293713598483009e-09;
4309953.9969325009733;7.5941812838209443726e-09;
4310287.3524895384908;7.6826083272862888407e-09;
4310620.7080465760082;7.1523111877525025193e-09;
4310954.0636036135256;7.7358865979704205529e-09;
4311287.4191606510431;7.1148913427521165431e-09;
4311620.7747176885605;7.3258150656840825832e-09;
4311954.1302747260779;7.6463493314804509282e-09;
4312287.4858317635953;7.2245942561721676611e-09;
4312620.8413888011128;7.2927766048280773248e-09;
4312954.1969458386302;7.5191639581362323952e-09;
4313287.5525028761476;7.4879897837831776997e-09;
4313620.9080599136651;7.5844486246978704003e-09;
4313954.2636169511825;7.1080448194038581278e-09;
4314287.6191739886999;7.4965580409980248078e-09;
4314620.9747310262173;8.0650917055891113705e-09;
4314954.3302880637348;7.3736132755186645227e-09;
4315287.6858451012522;7.4705797104002158449e-09;
4315621.0414021387696;7.686213443491851649e-09;
4315954.3969591762871;6.9528778290361969994e-09;
4316287.7525162138045;7.6992678899046040897e-09;
4316621.1080732513219;7.9083894988229985756e-09;
4316954.4636302888393;7.0471957158702025481e-09;
4317287.8191873263568;7.4455162035746980109e-09;
4317621.1747443638742;7.4165620311816837784e-09;
4317954.5303014013916;8.0594269036282639718e-09;
4318287.8858584389091;7.4399464367047585256e-09;
4318621.2414154764265;7.1768542220240760798e-09;
4318954.5969725139439;7.3064461147964721022e-09;
4319287.9525295514613;6.9066419250418675801e-09;
4319621.3080865889788;7.3907835407283073437e-09;
4319954.6636436264962;7.2229062730855275731e-09;
4320288.0192006640136;7.9224760085594425618e-09;
4320621.3747577015311;6.9638672606231466489e-09;
4320954.7303147390485;7.3311321457936173829e-09;
4321288.0858717765659;7.5661636955715039221e-09;
4321621.4414288140833;7.1215437991156704811e-09;
4321954.7969858516008;7.0354322367904842395e-09;
4322288.1525428891182;7.2589179112014790007e-09;
4322621.5080999266356;7.0015260256184319587e-09;
4322954.8636569641531;7.3169017511531819764e-09;
4323288.2192140016705;7.2094561431867987267e-09;
4323621.5747710391879;7.9318756007751289872e-09;
4323954.9303280767053;7.7224315830903833557e-09;
4324288.2858851142228;7.5846218194897119247e-09;
4324621.6414421517402;7.8784241352991557505e-09;
4324954.9969991892576;7.6673591919984573906e-09;
4325288.3525562267751;7.2068475631681394589e-09;
4325621.7081132642925;7.9377864281582333206e-09;
4325955.0636703018099;7.6973609708375079208e-09;
4326288.4192273393273;7.448041294821905467e-09;
4326621.7747843768448;7.4469945765542888694e-09;
4326955.1303414143622;7.5113746333954622969e-09;
4327288.4858984518796;7.3012627055391021713e-09;
4327621.841455489397;7.8044370965812959184e-09;
4327955.1970125269145;7.3463448657662411279e-09;
4328288.5525695644319;7.6930888326387503184e-09;
4328621.9081266019493;7.3199100114607063006e-09;
4328955.2636836394668;7.6677499905031254457e-09;
4329288.6192406769842;7.6246591262929541699e-09;
4329621.9747977145016;7.1264869561105115281e-09;
4329955.330354752019;7.2139916262869974162e-09;
4330288.6859117895365;7.7097439543649670668e-09;
4330622.0414688270539;7.3901600394776778558e-09;
4330955.3970258645713;7.839505045126315963e-09;
4331288.7525829020888;7.2806285444926288619e-09;
4331622.1081399396062;7.3072419226605234144e-09;
4331955.4636969771236;7.5056894033309617953e-09;
4332288.819254014641;7.6737469711929406913e-09;
4332622.1748110521585;7.3787833620997389517e-09;
4332955.5303680896759;7.5874604377190735249e-09;
4333288.8859251271933;7.327217943497998931e-09;
4333622.2414821647108;7.4553589968218147987e-09;
4333955.5970392022282;7.329792772736709594e-09;
4334288.9525962397456;7.7714652491067681694e-09;
4334622.308153277263;7.377331634472739097e-09;
4334955.6637103147805;7.1335266582650547207e-09;
4335289.0192673522979;7.2329631173317920911e-09;
4335622.3748243898153;7.2066832501604949357e-09;
4335955.7303814273328;6.9920003120671481156e-09;
4336289.0859384648502;7.4497421564956312068e-09;
4336622.4414955023676;7.0226149340157917322e-09;
4336955.797052539885;7.7972837075890311098e-09;
4337289.1526095774025;7.3432095959446996858e-09;
4337622.5081666149199;7.9208755110471429361e-09;
4337955.8637236524373;7.4827291030032938579e-09;
4338289.2192806899548;7.7507138485088944435e-09;
4338622.5748377274722;7.8953412696591840358e-09;
4338955.9303947649896;7.0718382261247825227e-09;
4339289.285951802507;7.6723178921156431898e-09;
4339622.6415088400245;7.760660558631116146e-09;
4339955.9970658775419;7.4495067892144106736e-09;
4340289.3526229150593;7.1943500046245389967e-09;
4340622.7081799525768;6.9555410320276678249e-09;
4340956.0637369900942;7.1385661826184332313e-09;
4341289.4192940276116;7.5900601359535357915e-09;
4341622.774851065129;6.9041674599645830313e-09;
4341956.1304081026465;7.6315336272614331392e-09;
4342289.4859651401639;7.5797066401150914317e-09;
4342622.8415221776813;7.3438415348903163249e-09;
4342956.1970792151988;7.5342514449516784225e-09;
4343289.5526362527162;7.1701373727250938828e-09;
4343622.9081932902336;7.6970900764194993826e-09;
4343956.263750327751;7.704652915663245949e-09;
4344289.6193073652685;7.2345640589333015669e-09;
4344622.9748644027859;7.2619914526228512841e-09;
4344956.3304214403033;7.2598869138573718374e-09;
4345289.6859784778208;7.2668284722965381661e-09;
4345623.0415355153382;7.3767485453402059647e-09;
4345956.3970925528556;7.1593384554091699101e-09;
4346289.752649590373;7.3803909650393961783e-09;
4346623.1082066278905;7.8380448798043289571e-09;
4346956.4637636654079;7.3992274529643964343e-09;
4347289.8193207029253;7.6636696988430230704e-09;
4347623.1748777404428;7.5902466534216728178e-09;
4347956.5304347779602;7.6381461155961005716e-09;
4348289.8859918154776;7.0626753334579461807e-09;
4348623.241548852995;7.4131492056039860472e-09;
4348956.5971058905125;7.0237007321338751353e-09;
4349289.9526629280299;7.2665731210008743801e-09;
4349623.3082199655473;7.1859251882244734588e-09;
4349956.6637770030648;7.701851600927511754e-09;
4350290.0193340405822;7.36565120007526275e-09;
4350623.3748910780996;7.3502950392878574348e-09;
4350956.730448115617;7.0760508563694202167e-09;
4351290.0860051531345;7.3782908671660152322e-09;
4351623.4415621906519;7.2576424869907896209e-09;
4351956.7971192281693;7.5204855676247461815e-09;
4352290.1526762656868;7.1843975213425892434e-09;
4352623.5082333032042;7.2948393992078308656e-09;
4352956.8637903407216;7.6309705221433432598e-09;
4353290.219347378239;7.9752036086233601964e-09;
4353623.5749044157565;7.5871939841931634874e-09;
4353956.9304614532739;7.4369408409324933018e-09;
4354290.2860184907913;7.419885150738991797e-09;
4354623.6415755283087;7.8049309237826491881e-09;
4354956.9971325658262;6.9551502335229997698e-09;
4355290.3526896033436;7.5200885518711402256e-09;
4355623.708246640861;7.158067916179788881e-09;
4355957.0638036783785;7.6396355908059376816e-09;
4356290.4193607158959;7.0121610740159212583e-09;
4356623.7749177534133;7.6099793133721505001e-09;
4356957.1304747909307;7.5268555832508354797e-09;
4357290.4860318284482;7.7063448955527746875e-09;
4357623.8415888659656;7.4965713636743203097e-09;
4357957.197145903483;7.5804118537803333311e-09;
4358290.5527029410005;7.1866321782465547585e-09;
4358623.9082599785179;7.5872206295457544911e-09;
4358957.2638170160353;7.4053914111971153034e-09;
4359290.6193740535527;7.1722414674013634794e-09;
4359623.9749310910702;7.7459096914367364661e-09;
4359957.3304881285876;7.6071593468896026025e-09;
4360290.686045166105;7.0302434984625961079e-09;
4360624.0416022036225;7.6872659349191962974e-09;
4360957.3971592411399;7.2954930985247301578e-09;
4361290.7527162786573;7.3288783930536283151e-09;
4361624.1082733161747;7.3288011215311144042e-09;
4361957.4638303536922;7.4672739103220919787e-09;
4362290.8193873912096;7.4835053709421117674e-09;
4362624.174944428727;7.1902563902881411195e-09;
4362957.5305014662445;7.5102661867276765406e-09;
4363290.8860585037619;7.7014323807134132949e-09;
4363624.2416155412793;7.4460135834897300811e-09;
4363957.5971725787967;7.5227450935244633001e-09;
4364290.9527296163142;7.5522859077636894654e-09;
4364624.3082866538316;7.404481028316922675e-09;
4364957.663843691349;7.3660264554575860529e-09;
4365291.0194007288665;7.4815469375266729912e-09;
4365624.3749577663839;7.69373809106355111e-09;
4365957.7305148039013;7.2633565828539303766e-09;
4366291.0860718414187;7.6768618129108290304e-09;
4366624.4416288789362;7.4839130448367541248e-09;
4366957.7971859164536;7.7314581403697957285e-09;
4367291.152742953971;7.1631376385994371958e-09;
4367624.5082999914885;7.77246178529367171e-09;
4367957.8638570290059;7.0783756633829852944e-09;
4368291.2194140665233;7.4022961094044603669e-09;
4368624.5749711040407;7.3563404257015463372e-09;
4368957.9305281415582;7.7678752319343402633e-09;
4369291.2860851790756;6.9560543991542544973e-09;
4369624.641642216593;7.3514958565112920041e-09;
4369957.9971992541105;6.7682734972152047703e-09;
4370291.3527562916279;7.1100059173545560043e-09;
4370624.7083133291453;7.4339365774278576282e-09;
4370958.0638703666627;7.6479480526359111536e-09;
4371291.4194274041802;7.9422637355719416519e-09;
4371624.7749844416976;7.6311312824373089825e-09;
4371958.130541479215;7.2303714127031071257e-09;
4372291.4860985167325;7.3481132289998640772e-09;
4372624.8416555542499;7.5230355278677052411e-09;
4372958.1972125917673;7.2545707219262567378e-09;
4373291.5527696292847;7.347622510422979758e-09;
4373624.9083266668022;7.5601978011263781809e-09;
4373958.2638837043196;6.9541847835807857336e-09;
4374291.619440741837;7.3658967814083098347e-09;
4374624.9749977793545;6.9922334589023193985e-09;
4374958.3305548168719;7.1788086586366262054e-09;
4375291.6861118543893;7.761000730965861294e-09;
4375625.0416688919067;7.6308772634092747467e-09;
4375958.3972259294242;7.5779889030513913895e-09;
4376291.7527829669416;7.5561219503583743062e-09;
4376625.108340004459;7.4720238885106482485e-09;
4376958.4638970419765;7.8150703686219458177e-09;
4377291.8194540794939;7.3909780518022216711e-09;
4377625.1750111170113;7.2392425387590719765e-09;
4377958.5305681545287;7.3077810469612813904e-09;
4378291.8861251920462;7.330423823503906533e-09;
4378625.2416822295636;7.5929804665975098033e-09;
4378958.597239267081;7.4082278089804276533e-09;
4379291.9527963045985;7.0721113409888403112e-09;
4379625.3083533421159;7.4531723015525130904e-09;
4379958.6639103796333;7.649305189261212945e-09;
4380292.0194674171507;6.8767382899181939138e-09;
4380625.3750244546682;7.7326944847300183028e-09;
4380958.7305814921856;7.5075359262655183556e-09;
4381292.086138529703;7.7123036845705428277e-09;
4381625.4416955672204;7.1821895097912147321e-09;
4381958.7972526047379;7.1350054753338554292e-09;
4382292.1528096422553;7.1604828733029535215e-09;
4382625.5083666797727;7.4483028633665071538e-09;
4382958.8639237172902;7.4911206127126206411e-09;
4383292.2194807548076;7.3203603179194942641e-09;
4383625.575037792325;7.3822450374905201897e-09;
4383958.9305948298424;7.0732295576192427689e-09;
4384292.2861518673599;7.5413488787035021232e-09;
4384625.6417089048773;7.6970092521833066712e-09;
4384958.9972659423947;7.3839054870461495739e-09;
4385292.3528229799122;7.1922650057842929527e-09;
4385625.7083800174296;7.3342878437188119278e-09;
4385959.063937054947;7.7498016892718624149e-09;
4386292.4194940924644;7.1910393195651067799e-09;
4386625.7750511299819;7.0429506671132457996e-09;
4386959.1306081674993;7.2743895351834453322e-09;
4387292.4861652050167;7.3857866489390744391e-09;
4387625.8417222425342;7.7524706654230612912e-09;
4387959.1972792800516;7.4763830681945364631e-09;
4388292.552836317569;7.4959523033157893224e-09;
4388625.9083933550864;7.3133676892211951781e-09;
4388959.2639503926039;7.4900814439615714946e-09;
4389292.6195074301213;7.3553843016327391524e-09;
4389625.9750644676387;7.3965633617945059086e-09;
4389959.3306215051562;7.2506720627529830381e-09;
4390292.6861785426736;7.2968004971585287421e-09;
4390626.041735580191;7.2137256168502972287e-09;
4390959.3972926177084;7.2850934174084613915e-09;
4391292.7528496552259;6.9745551556366081059e-09;
4391626.1084066927433;7.8424111649155747727e-09;
4391959.4639637302607;7.7503736761741492955e-09;
4392292.8195207677782;7.6064381460128061008e-09;
4392626.1750778052956;7.3863573035737317696e-09;
4392959.530634842813;7.4418027296019317873e-09;
4393292.8861918803304;7.7637825057763620862e-09;
4393626.2417489178479;7.3345716167239061178e-09;
4393959.5973059553653;7.3421002610984942294e-09;
4394292.9528629928827;7.4041426323390169273e-09;
4394626.3084200304002;7.2072401380296469142e-09;
4394959.6639770679176;7.6796000669787645165e-09;
4395293.019534105435;7.5047932313054843689e-09;
4395626.3750911429524;6.9088263998651200382e-09;
4395959.7306481804699;7.0647105943066890177e-09;
4396293.0862052179873;7.7841315615501116554e-09;
4396626.4417622555047;7.8152764260153162468e-09;
4396959.7973192930222;7.507034993636807485e-09;
4397293.1528763305396;7.760809772605625767e-09;
4397626.508433368057;7.4767241287077013112e-09;
4397959.8639904055744;6.9059629126400068344e-09;
4398293.2195474430919;6.764540927406414994e-09;
4398626.5751044806093;6.943052355268264364e-09;
4398959.9306615181267;7.2853110211212879221e-09;
4399293.2862185556442;7.2503918424615676486e-09;
4399626.6417755931616;7.489396658399982698e-09;
4399959.997332630679;7.2683601359813110321e-09;
4400293.3528896681964;7.4002675098938652809e-09;
4400626.7084467057139;7.1655414934923555847e-09;
4400960.0640037432313;7.0942105523386089772e-09;
4401293.4195607807487;7.4567738650443970982e-09;
4401626.7751178182662;7.1596151229869064991e-09;
4401960.1306748557836;7.4094774760169457295e-09;
4402293.486231893301;7.4491270929399888701e-09;
4402626.8417889308184;7.3271020362142280646e-09;
4402960.1973459683359;7.7489987759804535017e-09;
4403293.5529030058533;7.3656121202247959445e-09;
4403626.9084600433707;7.7032185075154302467e-09;
4403960.2640170808882;7.5420905076839517278e-09;
4404293.6195741184056;7.5660837595137309108e-09;
4404626.975131155923;7.7925044195126247359e-09;
4404960.3306881934404;7.6017085959279029339e-09;
4405293.6862452309579;7.1042500771056893427e-09;
4405627.0418022684753;7.5183317349569733778e-09;
4405960.3973593059927;7.1685759550632610626e-09;
4406293.7529163435102;7.2778405524331901688e-09;
4406627.1084733810276;7.296941273438051212e-09;
4406960.464030418545;7.4906605362912159762e-09;
4407293.8195874560624;7.4029591345947665104e-09;
4407627.1751444935799;7.3503079178749430866e-09;
4407960.5307015310973;7.5508532759727131634e-09;
4408293.8862585686147;7.2815877771859049972e-09;
4408627.2418156061321;7.5004171762316218519e-09;
4408960.5973726436496;7.3622099527881346148e-09;
4409293.952929681167;7.3619252916046207247e-09;
4409627.3084867186844;7.5287998058115590538e-09;
4409960.6640437562019;7.4462618293580362661e-09;
4410294.0196007937193;7.6691915040782987489e-09;
4410627.3751578312367;7.2668537853814996197e-09;
4410960.7307148687541;7.4996400201143842423e-09;
4411294.0862719062716;7.5439592350790007913e-09;
4411627.441828943789;7.2959673858008500247e-09;
4411960.7973859813064;7.2925714356131265959e-09;
4412294.1529430188239;7.2635608638904614054e-09;
4412627.5085000563413;7.264543633311859594e-09;
4412960.8640570938587;7.3309904813356752129e-09;
4413294.2196141313761;7.1546861768467806542e-09;
4413627.5751711688936;7.4722867893228794856e-09;
4413960.930728206411;7.5434956059439173259e-09;
4414294.2862852439284;7.2136749906803743215e-09;
4414627.6418422814459;7.6190627140704236808e-09;
4414960.9973993189633;7.3185599802627621102e-09;
4415294.3529563564807;7.7260544628643401666e-09;
4415627.7085133939981;7.6947648253167244548e-09;
4415961.0640704315156;7.4218275969428759709e-09;
4416294.419627469033;7.5596533477551020042e-09;
4416627.7751845065504;7.7529884734417464642e-09;
4416961.1307415440679;7.39614769429408625e-09;
4417294.4862985815853;7.5610744332266222045e-09;
4417627.8418556191027;7.0791714712470366067e-09;
4417961.1974126566201;6.9697416726910432772e-09;
4418294.5529696941376;6.9723378182118267432e-09;
4418627.908526731655;6.9282362069600367249e-09;
4418961.2640837691724;7.9159514498883254419e-09;
4419294.6196408066899;7.4909625169539140188e-09;
4419627.9751978442073;6.9904526611708206474e-09;
4419961.3307548817247;7.4626838042490817315e-09;
4420294.6863119192421;7.4857400278460772824e-09;
4420628.0418689567596;7.4325918753004316386e-09;
4420961.397425994277;7.4917920755979139358e-09;
4421294.7529830317944;7.359636455817053502e-09;
4421628.1085400693119;7.3876678108319993044e-09;
4421961.4640971068293;7.360218212681957084e-09;
4422294.8196541443467;7.414438396580180779e-09;
4422628.1752111818641;7.5357862172609202389e-09;
4422961.5307682193816;8.0893558518368990917e-09;
4423294.886325256899;7.4621722134793344594e-09;
4423628.2418822944164;7.2577317489219694835e-09;
4423961.5974393319339;7.7060064995748689398e-09;
4424294.9529963694513;7.5041732827685336815e-09;
4424628.3085534069687;7.333643914364529337e-09;
4424961.6641104444861;7.3953678736415895401e-09;
4425295.0196674820036;7.5390307330280847964e-09;
4425628.375224519521;8.0918720612999095465e-09;
4425961.7307815570384;7.2382633220513525885e-09;
4426295.0863385945559;7.8871620345921655826e-09;
4426628.4418956320733;7.6066921650408403366e-09;
4426961.7974526695907;7.2043793153397928108e-09;
4427295.1530097071081;7.2287331676079702447e-09;
4427628.5085667446256;7.4397763505373859516e-09;
4427961.864123782143;7.1670900325671027531e-09;
4428295.2196808196604;7.1890817743280877039e-09;
4428628.5752378571779;7.4404691297047520493e-09;
4428961.9307948946953;7.1918733191012051975e-09;
4429295.2863519322127;7.3074990503130266006e-09;
4429628.6419089697301;7.4927921644984962768e-09;
4429961.9974660072476;7.8070288012099808839e-09;
4430295.353023044765;7.0923911188458532706e-09;
4430628.7085800822824;7.2308794507591755973e-09;
4430962.0641371197999;7.2697265984800196748e-09;
4431295.4196941573173;7.6735986453968507703e-09;
4431628.7752511948347;7.5189792170249347691e-09;
4431962.1308082323521;7.0002839080984813336e-09;
4432295.4863652698696;7.3469124117764295079e-09;
4432628.841922307387;7.2039365583975722984e-09;
4432962.1974793449044;7.2395986983053717267e-09;
4433295.5530363824219;7.1718253558117339708e-09;
4433628.9085934199393;7.3358727981087668013e-09;
4433962.2641504574567;7.3634129904576184344e-09;
4434295.6197074949741;7.530942980338295456e-09;
4434628.9752645324916;7.3166961378490213974e-09;
4434962.330821570009;7.9373538852678393596e-09;
4435295.6863786075264;7.369792776046324434e-09;
4435629.0419356450438;7.5927006903953042638e-09;
4435962.3974926825613;7.5322663661836486426e-09;
4436295.7530497200787;7.5244894759407543461e-09;
4436629.1086067575961;7.1699739478958690597e-09;
4436962.4641637951136;7.1103931631455452589e-09;
4437295.819720832631;7.3687700385960397398e-09;
4437629.1752778701484;7.3422419255564363993e-09;
4437962.5308349076658;7.4024910645675845444e-09;
4438295.8863919451833;7.276600655359288794e-09;
4438629.2419489827007;7.580212901814320503e-09;
4438962.5975060202181;7.3265615796458405384e-09;
4439295.9530630577356;7.1054233607981132081e-09;
4439629.308620095253;6.9738939068031413626e-09;
4439962.6641771327704;7.3420611812480274239e-09;
4440296.0197341702878;7.107096244851618394e-09;
4440629.3752912078053;6.9913612676941738755e-09;
4440962.7308482453227;8.3894500235714986047e-09;
4441296.0864052828401;6.7721268592890737636e-09;
4441629.4419623203576;7.4236008451578072709e-09;
4441962.797519357875;7.4669062044563361269e-09;
4442296.1530763953924;7.2204326961866627244e-09;
4442629.5086334329098;7.4636536950833942683e-09;
4442962.8641904704273;7.4045067854910939786e-09;
4443296.2197475079447;7.3839441228074065293e-09;
4443629.5753045454621;7.407225943723005912e-09;
4443962.9308615829796;7.1894352693391283537e-09;
4444296.286418620497;6.8439933720298995468e-09;
4444629.6419756580144;7.1145414004547546938e-09;
4444962.9975326955318;7.5457613490925723454e-09;
4445296.3530897330493;7.4883574896489335515e-09;
4445629.7086467705667;7.2669301687255938305e-09;
4445963.0642038080841;7.4380648307226238103e-09;
4446296.4197608456016;7.8747159903969077277e-09;
4446629.775317883119;7.1669514767336295336e-09;
4446963.1308749206364;6.9016570236613006273e-09;
4447296.4864319581538;7.3618475759928969637e-09;
4447629.8419889956713;7.6508364088567759609e-09;
4447963.1975460331887;7.5498984841715355287e-09;
4448296.5531030707061;7.3157067070894754579e-09;
4448629.9086601082236;7.67884422714359971e-09;
4448963.264217145741;7.0493628712142708537e-09;
4449296.6197741832584;7.5498451934663535212e-09;
4449629.9753312207758;6.7666565684021406923e-09;
4449963.3308882582933;7.355267950259758436e-09;
4450296.6864452958107;6.9845360606279882631e-09;
4450630.0420023333281;7.3068955330768403655e-09;
4450963.3975593708456;7.4376074188364782458e-09;
4451296.753116408363;7.3419195167900852539e-09;
4451630.1086734458804;7.6248598546158063982e-09;
4451963.4642304833978;6.8171628342383883137e-09;
4452296.8197875209153;7.859264350429384649e-09;
4452630.1753445584327;7.3642278941576932993e-09;
4452963.5309015959501;7.2828543196123973757e-09;
4453296.8864586334676;7.0129986262656984763e-09;
4453630.242015670985;7.1802088719152834528e-09;
4453963.5975727085024;7.1936674395089994505e-09;
4454296.9531297460198;7.4788655268775983131e-09;
4454630.3086867835373;7.6599278031608264428e-09;
4454963.6642438210547;7.0466636969968021731e-09;
4455297.0198008585721;7.604099572233735671e-09;
4455630.3753578960896;6.7121836977435123117e-09;
4455963.730914933607;7.3167605307844496565e-09;
4456297.0864719711244;7.967194015634504467e-09;
4456630.4420290086418;7.3749473195050541108e-09;
4456963.7975860461593;7.2733672418223704881e-09;
4457297.1531430836767;7.1460188877381369821e-09;
4457630.5087001211941;6.6043996937992233143e-09;
4457963.8642571587116;7.813107494314408541e-09;
4458297.219814196229;7.5269612764827797946e-09;
4458630.5753712337464;7.3269088574079432874e-09;
4458963.9309282712638;7.5608888039369048784e-09;
4459297.2864853087813;7.5647808017720308271e-09;
4459630.6420423462987;7.0762622428333088465e-09;
4459963.9975993838161;7.1174413029950756027e-09;
4460297.3531564213336;7.5523125531162804691e-09;
4460630.708713458851;7.0871726265409051848e-09;
4460964.0642704963684;7.7334272319262709061e-09;
4461297.4198275338858;7.4500432489799095492e-09;
4461630.7753845714033;7.327912943111414279e-09;
4461964.1309416089207;7.2751307200746850867e-09;
4462297.4864986464381;7.3967845182210112398e-09;
4462630.8420556839556;7.2273360629537819477e-09;
4462964.197612721473;7.5456956238895145361e-09;
4463297.5531697589904;7.5001009847142086073e-09;
4463630.9087267965078;7.2611370249830997636e-09;
4463964.2642838340253;7.0082202263677118026e-09;
4464297.6198408715427;7.1126042833213887207e-09;
4464630.9753979090601;7.4666575144988200918e-09;
4464964.3309549465775;7.1979782134690140083e-09;
4465297.686511984095;7.5274115829415677581e-09;
4465631.0420690216124;7.6961033101952125435e-09;
4465964.3976260591298;7.560077897039718664e-09;
4466297.7531830966473;7.173791338743740198e-09;
4466631.1087401341647;7.3804038436264818301e-09;
4466964.4642971716821;7.4870163402351863624e-09;
4467297.8198542091995;7.4544947992194465769e-09;
4467631.175411246717;7.7302901857478900638e-09;
4467964.5309682842344;7.4525177140571940981e-09;
4468297.8865253217518;7.6285715522317332216e-09;
4468631.2420823592693;7.5193096193970632157e-09;
4468964.5976393967867;7.9708053490890051762e-09;
4469297.9531964343041;7.1647106025807261176e-09;
4469631.3087534718215;7.2263586226029019599e-09;
4469964.664310509339;7.2675940820943196741e-09;
4470298.0198675468564;7.5159158896553890372e-09;
4470631.3754245843738;7.2584076526993612788e-09;
4470964.7309816218913;7.3399721856048927293e-09;
4471298.0865386594087;7.556971048927607626e-09;
4471631.4420956969261;7.4420380968831523205e-09;
4471964.7976527344435;7.5295139012609979545e-09;
4472298.153209771961;7.8939121905818865343e-09;
4472631.5087668094784;6.9955263803933576128e-09;
4472964.8643238469958;7.2760384384196186147e-09;
4473298.2198808845133;7.7278867749441815249e-09;
4473631.5754379220307;7.3761783347947584843e-09;
4473964.9309949595481;7.2476411538957563607e-09;
4474298.2865519970655;7.6583130947938116151e-09;
4474631.642109034583;7.6505006774141293135e-09;
4474964.9976660721004;7.2325057054456465266e-09;
4475298.3532231096178;7.1891572694937622146e-09;
4475631.7087801471353;7.6466717402468020737e-09;
4475965.0643371846527;7.3324972760246964754e-09;
4476298.4198942221701;7.2136367990083272161e-09;
4476631.7754512596875;7.3507337994271892967e-09;
4476965.131008297205;7.2376402648899329506e-09;
4477298.4865653347224;7.2561512354241131106e-09;
4477631.8421223722398;7.4302155539385239535e-09;
4477965.1976794097573;7.1069461426986890729e-09;
4478298.5532364472747;7.3804429234769486357e-09;
4478631.9087934847921;7.2281487462078075623e-09;
4478965.2643505223095;7.1938317525166439736e-09;
4479298.619907559827;7.3620158858034301375e-09;
4479631.9754645973444;7.2150942997950551216e-09;
4479965.3310216348618;6.9317058759565952641e-09;
4480298.6865786723793;7.4172654684900862776e-09;
4480632.0421357098967;7.3946537781921506394e-09;
4480965.3976927474141;7.5776958041728903481e-09;
4481298.7532497849315;7.3818950951931583404e-09;
4481632.108806822449;7.3639045972129224538e-09;
4481965.4643638599664;7.1436341286812421458e-09;
4482298.8199208974838;7.5450587999625895463e-09;
4482632.1754779350013;7.3114407861396557564e-09;
4482965.5310349725187;7.0565242538123129634e-09;
4483298.8865920100361;7.0998957824031094788e-09;
4483632.2421490475535;7.1685883895611368644e-09;
4483965.597706085071;7.6091239975539792795e-09;
4484298.9532631225884;7.6080013400314783212e-09;
4484632.3088201601058;7.6347790312070173968e-09;
4484965.6643771976233;7.4198327482122294896e-09;
4485299.0199342351407;7.5136847854651023226e-09;
4485632.3754912726581;7.3954979917800756084e-09;
4485965.7310483101755;7.2417103424982087745e-09;
4486299.086605347693;7.2876535917032470024e-09;
4486632.4421623852104;7.4014896433993726532e-09;
4486965.7977194227278;7.112166855449686409e-09;
4487299.1532764602453;7.0697510068384872284e-09;
4487632.5088334977627;7.7812467580429256486e-09;
4487965.8643905352801;7.420771552801852522e-09;
4488299.2199475727975;7.3339014861062423734e-09;
4488632.575504610315;6.9417960268935985368e-09;
4488965.9310616478324;7.3614985218739548145e-09;
4489299.2866186853498;7.3921078147520802304e-09;
4489632.6421757228673;7.467417795226083399e-09;
4489965.9977327603847;7.1304566695573612378e-09;
4490299.3532897979021;7.1631376385994371958e-09;
4490632.7088468354195;7.6487003397573971597e-09;
4490966.064403872937;6.9818493209083953843e-09;
4491299.4199609104544;7.0702479426643094484e-09;
4491632.7755179479718;7.5580866010227509832e-09;
4491966.1310749854892;7.11600378622279095e-09;
4492299.4866320230067;7.7812192245119149447e-09;
4492632.8421890605241;7.4988895093497376365e-09;
4492966.1977460980415;7.5339734451063122833e-09;
4493299.553303135559;7.6272046456438147288e-09;
4493632.9088601730764;7.3789387933231864736e-09;
4493966.2644172105938;7.0734160750873797951e-09;
4494299.6199742481112;7.3801835753783961991e-09;
4494632.9755312856287;7.441658844697940367e-09;
4494966.3310883231461;6.8697230126701924746e-09;
4495299.6866453606635;7.0030758969608086772e-09;
4495633.042202398181;7.3091164232153005287e-09;
4495966.3977594356984;7.3789130361490151699e-09;
4496299.7533164732158;7.109755895129410419e-09;
4496633.1088735107332;7.3462542715674317151e-09;
4496966.4644305482507;7.1552896940829668893e-09;
4497299.8199875857681;7.0445840272270743299e-09;
4497633.1755446232855;7.5993327186552050989e-09;
4497966.531101660803;6.7412182502835094056e-09;
4498299.8866586983204;7.4933454996539694548e-09;
4498633.2422157358378;7.3569608183277068747e-09;
4498966.5977727733552;7.1191168515838398889e-09;
4499299.9533298108727;7.4798380822471699503e-09;
4499633.3088868483901;7.4732842136882027262e-09;
4499966.6644438859075;7.6511055269179450988e-09;
4500300.020000923425;7.8636563927148017683e-09;
4500633.3755579609424;7.2519585891939186695e-09;
4500966.7311149984598;7.2953518781559978379e-09;
4501300.0866720359772;7.4863981680550750752e-09;
4501633.4422290734947;7.1433579051927154069e-09;
4501966.7977861110121;7.2713230991894306499e-09;
4502300.1533431485295;6.986045519852268626e-09;
4502633.508900186047;6.9092513932389465481e-09;
4502966.8644572235644;7.2124204386625478946e-09;
4503300.2200142610818;7.8557862437378389586e-09;
4503633.5755712985992;7.6155837192004582903e-09;
4503966.9311283361167;7.4271229166811281175e-09;
4504300.2866853736341;7.4229880020482141845e-09;
4504633.6422424111515;6.877825420303906867e-09;
4504966.997799448669;6.9180812189983953431e-09;
4505300.3533564861864;7.3731598604354076087e-09;
4505633.7089135237038;7.1513310828663634311e-09;
4505967.0644705612212;7.4885422307602311776e-09;
4506300.4200275987387;7.5084063411168244784e-09;
4506633.7755846362561;6.9363834676039459737e-09;
4506967.1311416737735;6.9182388706678921153e-09;
4507300.486698711291;7.1571375492851529998e-09;
4507633.8422557488084;7.1031145409961027326e-09;
4507967.1978127863258;7.6679524951828170742e-09;
4508300.5533698238432;7.3067800698822793493e-09;
4508633.9089268613607;7.4623169865617455798e-09;
4508967.2644838988781;7.277572322550440731e-09;
4509300.6200409363955;7.489594722187575826e-09;
4509633.975597973913;7.7338491166756284656e-09;
4509967.3311550114304;7.3391728250271626166e-09;
4510300.6867120489478;7.5648873831823948422e-09;
4510634.0422690864652;7.1699357562238219543e-09;
4510967.3978261239827;7.2373227411048901558e-09;
4511300.7533831615001;6.6221752526018917706e-09;
4511634.1089401990175;7.074024921394084231e-09;
4511967.464497236535;7.1399077761213902704e-09;
4512300.8200542740524;7.3069470474251829728e-09;
4512634.1756113115698;7.5964363688285629905e-09;
4512967.5311683490872;7.0371504179433941317e-09;
4513300.8867253866047;7.2227033243166260945e-09;
4513634.2422824241221;7.3773835929102915543e-09;
4513967.5978394616395;7.6249140334994081059e-09;
4514300.953396499157;7.3881354367699714203e-09;
4514634.3089535366744;7.2207497758824956691e-09;
4514967.6645105741918;7.2700205855369404162e-09;
4515301.0200676117092;7.430672521735459668e-09;
4515634.3756246492267;7.1543846402732924616e-09;
4515967.7311816867441;7.3164390101965182112e-09;
4516301.0867387242615;7.04749281155159224e-09;
4516634.442295761779;7.5342514449516784225e-09;
4516967.7978527992964;6.8713523759811323544e-09;
4517301.1534098368138;7.6843225116363100824e-09;
4517634.5089668743312;7.2720256483194134489e-09;
4517967.8645239118487;7.7507689155709158513e-09;
4518301.2200809493661;6.8441137202057689137e-09;
4518634.5756379868835;7.2775594439633550792e-09;
4518967.9311950244009;7.0944472518874590605e-09;
4519301.2867520619184;7.2107102511154153035e-09;
4519634.6423090994358;7.5731847459792334121e-09;
4519967.9978661369532;7.3629213837023144151e-09;
4520301.3534231744707;7.0002590391027297301e-09;
4520634.7089802119881;6.9477494868408484763e-09;
4520968.0645372495055;7.3989414595132529939e-09;
4521301.4200942870229;7.6491568634651230241e-09;
4521634.7756513245404;7.0957808517846387986e-09;
4521968.1312083620578;7.4886994383405180997e-09;
4522301.4867653995752;7.3753358975636729156e-09;
4522634.8423224370927;7.0037771138231619261e-09;
4522968.1978794746101;7.4989943144032622513e-09;
4523301.5534365121275;7.5751938055645950953e-09;
4523634.9089935496449;7.374481025834711545e-09;
4523968.2645505871624;7.483715869227580697e-09;
4524301.6201076246798;7.6826758288461860502e-09;
4524634.9756646621972;7.1433077231120023498e-09;
4524968.3312216997147;7.3399979427790640329e-09;
4525301.6867787372321;7.574475269223057694e-09;
4525635.0423357747495;7.6122264047739918169e-09;
4525968.3978928122669;7.3725252569545318693e-09;
4526301.7534498497844;7.4261965465893808869e-09;
4526635.1090068873018;7.3445125536863997695e-09;
4526968.4645639248192;7.3155135282831906807e-09;
4527301.8201209623367;7.5997865778276718629e-09;
4527635.1756779998541;7.2016841379252127808e-09;
4527968.5312350373715;7.3288912716407139669e-09;
4528301.8867920748889;7.2566228581649738771e-09;
4528635.2423491124064;7.132273438514857844e-09;
4528968.5979061499238;7.4659096682694325864e-09;
4529301.9534631874412;7.2342718482332202257e-09;
4529635.3090202249587;7.4691888229949654487e-09;
4529968.6645772624761;7.4073560618614919804e-09;
4530302.0201342999935;7.6192900877458669129e-09;
4530635.3756913375109;7.4418680107157797465e-09;
4530968.7312483750284;7.086400799494185776e-09;
4531302.0868054125458;7.1222818753824412852e-09;
4531635.4423624500632;6.8193664048976643244e-09;
4531968.7979194875807;7.0182490929937557667e-09;
4532302.1534765250981;7.3305912451360200066e-09;
4532635.5090335626155;7.35657312844750777e-09;
4532968.8645906001329;7.9138233743947239418e-09;
4533302.2201476376504;7.6118915615097648697e-09;
4533635.5757046751678;7.327912943111414279e-09;
4533968.9312617126852;6.8682992626634131739e-09;
4534302.2868187502027;7.2880887991289000638e-09;
4534635.6423757877201;7.3601924555077857804e-09;
4534968.9979328252375;7.3379351483993104921e-09;
4535302.3534898627549;7.3645254339282928413e-09;
4535635.7090469002724;7.3229329267121556768e-09;
4535969.0646039377898;7.9012103526565624634e-09;
4536302.4201609753072;7.3890049634428578429e-09;
4536635.7757180128247;7.6903727830313073355e-09;
4536969.1312750503421;7.2373351756027659576e-09;
4537302.4868320878595;7.4396848681601568387e-09;
4537635.8423891253769;7.2260668559920304688e-09;
4537969.1979461628944;7.2707484477518846688e-09;
4538302.5535032004118;7.5279800171301758382e-09;
4538635.9090602379292;7.0813981345452248206e-09;
4538969.2646172754467;7.5749539973912760615e-09;
4539302.6201743129641;7.0492638393204742897e-09;
4539635.9757313504815;7.7008905918773962185e-09;
4539969.3312883879989;7.2718724375420151773e-09;
4540302.6868454255164;7.5577544222937831364e-09;
4540636.0424024630338;7.854171535370824131e-09;
4540969.3979595005512;1.140177552372279024e-08;
4541302.7535165380687;7.6133090942676062696e-09;
4541636.1090735755861;7.339572505316027673e-09;
4541969.4646306131035;6.9818737458149371378e-09;
4542302.8201876506209;7.4481456557862202317e-09;
4542636.1757446881384;7.4582535702916175069e-09;
4542969.5313017256558;6.8992571655712708889e-09;
4543302.8868587631732;6.7779470924733686843e-09;
4543636.2424158006907;7.4790893478393627447e-09;
4543969.5979728382081;7.6333703802333729982e-09;
4544302.9535298757255;7.7617370308757926978e-09;
4544636.3090869132429;7.428297088551971683e-09;
4544969.6646439507604;7.7084436611585260835e-09;
4545303.0202009882778;7.0980874511406000238e-09;
4545636.3757580257952;7.4602848343374716933e-09;
4545969.7313150633126;7.7283619503987210919e-09;
4546303.0868721008301;7.55345386238559513e-09;
4546636.4424291383475;7.4360917423632599821e-09;
4546969.7979861758649;6.7913314971690397215e-09;
4547303.1535432133824;7.2329884304167535447e-09;
4547636.5091002508998;7.2786208171748967288e-09;
4547969.8646572884172;6.938881913498562426e-09;
4548303.2202143259346;7.1053483097216485476e-09;
4548636.5757713634521;7.347764618970131778e-09;
4548969.9313284009695;7.1075332286341108556e-09;
4549303.2868854384869;7.1265371381912245852e-09;
4549636.6424424760044;7.195259943415521775e-09;
4549969.9979995135218;7.7410255983068054775e-09;
4550303.3535565510392;7.6579906860274604696e-09;
4550636.7091135885566;7.3449122339752648259e-09;
4550970.0646706260741;7.4996400201143842423e-09;
4551303.4202276635915;7.1169288240469086304e-09;
4551636.7757847011089;6.7785896895600217249e-09;
4551970.1313417386264;7.0737389279429407907e-09;
4552303.4868987761438;7.3170687286960855999e-09;
4552636.8424558136612;7.4825852180993024376e-09;
4552970.1980128511786;7.7701276524066997808e-09;
4553303.5535698886961;7.2385306637556823262e-09;
4553636.9091269262135;7.3830492830495586531e-09;
4553970.2646839637309;7.0524839301810970937e-09;
4554303.6202410012484;6.8621845983329876617e-09;
4554636.9757980387658;7.094422382891707457e-09;
4554970.3313550762832;7.3588610760566552926e-09;
4555303.6869121138006;7.2092918301791542035e-09;
4555637.0424691513181;7.1563328596369046863e-09;
4555970.3980261888355;7.8150428350909351138e-09;
4556303.7535832263529;7.4418551321286940947e-09;
4556637.1091402638704;7.4950694539666073979e-09;
4556970.4646973013878;7.1265247036933487834e-09;
4557303.8202543389052;7.002067370365239185e-09;
4557637.1758113764226;7.3892905128047914332e-09;
4557970.5313684139401;7.1644716825858267839e-09;
4558303.8869254514575;7.8184205776210546901e-09;
4558637.2424824889749;6.8258145802246872336e-09;
4558970.5980395264924;7.1485679598026763415e-09;
4559303.9535965640098;7.1039880644718778058e-09;
4559637.3091536015272;7.1496728537567832973e-09;
4559970.6647106390446;7.4775652336711573298e-09;
4560304.0202676765621;7.0013044251027167775e-09;
4560637.3758247140795;7.2324928268585608748e-09;
4560970.7313817515969;7.3099384323427329946e-09;
4561304.0869387891144;7.9200130898016141145e-09;
4561637.4424958266318;7.1732113582356760162e-09;
4561970.7980528641492;7.1713719407284770568e-09;
4562304.1536099016666;6.7413128412852074689e-09;
4562637.5091669391841;7.3844113046561687952e-09;
4562970.8647239767015;7.197586082696716403e-09;
4563304.2202810142189;7.2931864991687689326e-09;
4563637.5758380517364;7.2880763646310242621e-09;
4563970.9313950892538;6.8136185582545749639e-09;
4564304.2869521267712;6.8764967053880354797e-09;
4564637.6425091642886;7.423105241599614601e-09;
4564970.9980662018061;7.3958879021063239634e-09;
4565304.3536232393235;7.2917130111704864248e-09;
4565637.7091802768409;7.1034511606171690801e-09;
4565971.0647373143584;6.9354819665079503466e-09;
4566304.4202943518758;7.2748624901919356489e-09;
4566637.7758513893932;7.3107728759680412622e-09;
4566971.1314084269106;7.0938614982196668279e-09;
4567304.4869654644281;7.3622485885493915703e-09;
4567637.8425225019455;6.9515708744916082651e-09;
4567971.1980795394629;7.165642301742991549e-09;
4568304.5536365769804;7.0384484907037858648e-09;
4568637.9091936144978;7.2094437086889229249e-09;
4568971.2647506520152;7.1718506688966954243e-09;
4569304.6203076895326;7.3246311238506223162e-09;
4569637.9758647270501;7.3366979158606682176e-09;
4569971.3314217645675;7.4946218120430785348e-09;
4570304.6869788020849;7.5710033797804499045e-09;
4570638.0425358396024;7.4673920380519120954e-09;
4570971.3980928771198;7.1923027533671302081e-09;
4571304.7536499146372;7.4468506916502974491e-09;
4571638.1092069521546;7.2803341133464982704e-09;
4571971.4647639896721;7.4176171871442875272e-09;
4572304.8203210271895;7.7038677659402310383e-09;
4572638.1758780647069;7.4238486469369036058e-09;
4572971.5314351022243;6.8927636931448432733e-09;
4573304.8869921397418;7.3278356715889003681e-09;
4573638.2425491772592;7.3760877405959490716e-09;
4573971.5981062147766;7.4307378028493076272e-09;
4574304.9536632522941;7.0602195201274753344e-09;
4574638.3092202898115;7.5564665635852179548e-09;
4574971.6647773273289;7.4687953599550382933e-09;
4575305.0203343648463;7.6173893859277086449e-09;
4575638.3758914023638;7.1107053578600698529e-09;
4575971.7314484398812;7.5091843854124817881e-09;
4576305.0870054773986;6.9064238772398311994e-09;
4576638.4425625149161;7.276536706513070385e-09;
4576971.7981195524335;7.4376464986869450513e-09;
4577305.1536765899509;7.5583521663702413207e-09;
4577638.5092336274683;7.3771113662246534659e-09;
4577971.8647906649858;7.0477281788328127732e-09;
4578305.2203477025032;6.9832846172346307867e-09;
4578638.5759047400206;7.311402594467608651e-09;
4578971.9314617775381;7.381544708806586641e-09;
4579305.2870188150555;7.1494343778510938137e-09;
4579638.6425758525729;7.1225318976075868704e-09;
4579971.9981328900903;7.740943885892193066e-09;
4580305.3536899276078;7.4692811935506142618e-09;
4580638.7092469651252;7.1780017485423286416e-09;
4580972.0648040026426;6.6412928489967271162e-09;
4581305.4203610401601;7.1517458621883633896e-09;
4581638.7759180776775;7.1018915193121756602e-09;
4581972.1314751151949;7.3282349077885555744e-09;
4582305.4870321527123;6.993769119389980915e-09;
4582638.8425891902298;7.2771246806269118679e-09;
4582972.1981462277472;7.0171890520498436672e-09;
4583305.5537032652646;7.4124200111214122444e-09;
4583638.9092603027821;7.4367711988543305779e-09;
4583972.2648173402995;7.5013790734601570875e-09;
4584305.6203743778169;7.3644219611423977767e-09;
4584638.9759314153343;7.7081860894168130471e-09;
4584972.3314884528518;7.4443784470190621505e-09;
4585305.6870454903692;6.9762711163434687478e-09;
4585639.0426025278866;7.1377259658333969128e-09;
4585972.3981595654041;7.1334764761843416636e-09;
4586305.7537166029215;7.9285600307343884197e-09;
4586639.1092736404389;7.3712560499927803903e-09;
4586972.4648306779563;7.2952879293097794289e-09;
4587305.8203877154738;6.8348979809229604143e-09;
4587639.1759447529912;7.4038695174749591388e-09;
4587972.5315017905086;7.0108923111433796294e-09;
4588305.8870588280261;7.6234272228248300962e-09;
4588639.2426158655435;7.404793223031447269e-09;
4588972.5981729030609;7.3702719483037526516e-09;
4589305.9537299405783;7.287026537738938714e-09;
4589639.3092869780958;7.2568013820273336023e-09;
4589972.6648440156132;6.9869656726950779557e-09;
4590306.0204010531306;6.9209864506092344527e-09;
4590639.3759580906481;7.3788219978609959071e-09;
4590972.7315151281655;7.3270891576271424128e-09;
4591306.0870721656829;7.4468768929136786028e-09;
4591639.4426292032003;7.3781354359425677103e-09;
4591972.7981862407178;6.9913244082897563203e-09;
4592306.1537432782352;7.003924995530041997e-09;
4592639.5093003157526;7.4278796446947126242e-09;
4592972.8648573532701;7.0768213511485100753e-09;
4593306.2204143907875;6.9515833089894840668e-09;
4593639.5759714283049;7.6307298257916045259e-09;
4593972.9315284658223;7.239217225674110523e-09;
4594306.2870855033398;7.2948393992078308656e-09;
4594639.6426425408572;7.6061041909269988537e-09;
4594972.9981995783746;7.1563706072197419417e-09;
4595306.3537566158921;7.6442265850573676289e-09;
4595639.7093136534095;7.3893424712423438905e-09;
4595973.0648706909269;7.1039254478932889469e-09;
4596306.4204277284443;7.0694778919744294399e-09;
4596639.7759847659618;7.1775980714505749347e-09;
4596973.1315418034792;7.5841821711719603627e-09;
4597306.4870988409966;7.1471615292750811932e-09;
4597639.8426558785141;7.2508248294411714596e-09;
4597973.1982129160315;7.2216632673871572479e-09;
4598306.5537699535489;7.4414625572671866394e-09;
4598639.9093269910663;7.2130794670499653876e-09;
4598973.2648840285838;7.1747994212500998401e-09;
4599306.6204410661012;7.4711046238462586189e-09;
4599639.9759981036186;7.4195853905223430047e-09;
4599973.3315551411361;7.0481367409058748308e-09;
4600306.6871121786535;7.0795196371875590557e-09;
4600640.0426692161709;7.4220358747822956502e-09;
4600973.3982262536883;7.2332806411168348859e-09;
4601306.7537832912058;7.3246826381989649235e-09;
4601640.1093403287232;7.3879404816068472428e-09;
4601973.4648973662406;6.881378578071917218e-09;
4602306.820454403758;7.7165456247030306258e-09;
4602640.1760114412755;7.4406130146087434696e-09;
4602973.5315684787929;7.4908710345766849059e-09;
4603306.8871255163103;7.4998638410761486739e-09;
4603640.2426825538278;7.4656210102830300457e-09;
4603973.5982395913452;7.2915593563038783032e-09;
4604306.9537966288626;7.1879200369551199401e-09;
4604640.30935366638;7.5567454516090037941e-09;
4604973.6649107038975;7.2805645956464104529e-09;
4605307.0204677414149;7.6730186648887865886e-09;
4605640.3760247789323;7.387927603019761591e-09;
4605973.7315818164498;7.4544290740163887676e-09;
4606307.0871388539672;7.6023765060995174281e-09;
4606640.4426958914846;7.6096586809626387549e-09;
4606973.798252929002;7.5152817302637231478e-09;
4607307.1538099665195;7.4206671918375377572e-09;
4607640.5093670040369;7.3263040079041275021e-09;
4607973.8649240415543;7.3684724988254401978e-09;
4608307.2204810790718;7.7019324251637044654e-09;
4608640.5760381165892;6.8785990237074656761e-09;
4608973.9315951541066;7.3763208874311203544e-09;
4609307.287152191624;7.490765341344740591e-09;
4609640.6427092291415;7.5470474314442981267e-09;
4609973.9982662666589;7.1576655713556647243e-09;
4610307.3538233041763;7.1770309695295964048e-09;
4610640.7093803416938;7.8150836912982413196e-09;
4610974.0649373792112;7.3372263820203897922e-09;
4611307.4204944167286;7.3598434013888436311e-09;
4611640.776051454246;7.472680252362806641e-09;
4611974.1316084917635;8.0151485448709536286e-09;
4612307.4871655292809;7.1977126481215236709e-09;
4612640.8427225667983;8.9218294974102718697e-09;
4612974.1982796043158;1.5541864684109896189e-08;
4613307.5538366418332;8.8431386657816801744e-09;
4613640.9093936793506;7.8337638598213743535e-09;
4613974.264950716868;7.4822956719344801968e-09;
4614307.6205077543855;7.9043198653039326018e-09;
4614640.9760647919029;7.4496639967946975958e-09;
4614974.3316218294203;7.3894721452916201088e-09;
4615307.6871788669378;7.6942923143974439881e-09;
4615641.0427359044552;7.6679524951828170742e-09;
4615974.3982929419726;7.080166675166310597e-09;
4616307.75384997949;7.5794135412365903903e-09;
4616641.1094070170075;7.6014154970494018926e-09;
4616974.4649640545249;7.4755295287332046428e-09;
4617307.8205210920423;7.1916965715956848726e-09;
4617641.1760781295598;7.7231092632246145513e-09;
4617974.5316351670772;7.3047776716350654169e-09;
4618307.8871922045946;7.6462818299205537187e-09;
4618641.242749242112;7.5575155022988838027e-09;
4618974.5983062796295;7.1123045231047399284e-09;
4619307.9538633171469;7.5625887774322109181e-09;
4619641.3094203546643;7.5867534476969922252e-09;
4619974.6649773921818;6.7456844554669714853e-09;
4620308.0205344296992;7.1126415868150161259e-09;
4620641.3760914672166;7.6483503974600353104e-09;
4620974.731648504734;7.4225967594543362793e-09;
4621308.0872055422515;8.1190547618348318792e-09;
4621641.4427625797689;7.2989925214983486512e-09;
4621974.7983196172863;7.511928856729355175e-09;
4622308.1538766548038;7.033825966118456563e-09;
4622641.5094336923212;7.0556192000026385358e-09;
4622974.8649907298386;7.8009971815617973334e-09;
4623308.220547767356;7.6337460797049061512e-09;
4623641.5761048048735;7.8015043314394461049e-09;
4623974.9316618423909;7.4477926048643894319e-09;
4624308.2872188799083;7.1439605342504819419e-09;
4624641.6427759174258;7.0685093334077464533e-09;
4624974.9983329549432;7.2990440358466912585e-09;
4625308.3538899924606;7.2090382552403298178e-09;
4625641.709447029978;6.9498002908119360654e-09;
4625975.0650040674955;7.1604704388050777197e-09;
4626308.4205611050129;7.2018737640178187576e-09;
4626641.7761181425303;7.7268955678277961852e-09;
4626975.1316751800478;7.3021730884192947997e-09;
4627308.4872322175652;7.1325865214078021381e-09;
4627641.8427892550826;7.8025452765473346517e-09;
4627975.1983462926;7.1459811401552997268e-09;
4628308.5539033301175;7.4269532746029653936e-09;
4628641.9094603676349;7.5875004057479600306e-09;
4628975.2650174051523;7.4845960540415035211e-09;
4629308.6205744426697;7.3522192778341377561e-09;
4629641.9761314801872;7.2895356417745915678e-09;
4629975.3316885177046;7.6181656538665265543e-09;
4630308.687245555222;7.0917929306801852363e-09;
4630642.0428025927395;7.1338019935751617595e-09;
4630975.3983596302569;7.0926402528925791557e-09;
4631308.7539166677743;7.2880506074568529584e-09;
4631642.1094737052917;7.3605415096267279296e-09;
4631975.4650307428092;7.280231972828232756e-09;
4632308.8205877803266;7.4508159642050486582e-09;
4632642.176144817844;7.2587136301649479719e-09;
4632975.5317018553615;7.7634005890558910323e-09;
4633308.8872588928789;7.3694041979877056292e-09;
4633642.2428159303963;7.0208634461721430853e-09;
4633975.5983729679137;7.3593002802851970046e-09;
4634308.9539300054312;7.3225598917758816242e-09;
4634642.3094870429486;7.1206178731131331006e-09;
4634975.665044080466;7.4895156743082225148e-09;
4635309.0206011179835;7.3257506727486543241e-09;
4635642.3761581555009;7.2043668808419170091e-09;
4635975.7317151930183;7.178153182962887513e-09;
4636309.0872722305357;7.2045693855216086376e-09;
4636642.4428292680532;7.3098229691481719783e-09;
4636975.7983863055706;7.1882859664640363917e-09;
4637309.153943343088;7.5271602284487926227e-09;
4637642.5095003806055;7.8081265897367302387e-09;
4637975.8650574181229;7.1056978079298005468e-09;
4638309.2206144556403;7.7214412641524177161e-09;
4638642.5761714931577;7.5260100373952809605e-09;
4638975.9317285306752;7.1689409963937578141e-09;
4639309.2872855681926;7.2737633693975567439e-09;
4639642.64284260571;7.4606916200536943506e-09;
4639975.9983996432275;6.9874692698590479267e-09;
4640309.3539566807449;7.1630621434337626852e-09;
4640642.7095137182623;7.5908328511786749004e-09;
4640976.0650707557797;7.3427579572182821721e-09;
4641309.4206277932972;7.038386762303616706e-09;
4641642.7761848308146;7.3494299535070695129e-09;
4641976.131741868332;7.0497714332873329113e-09;
4642309.4872989058495;7.5384480879847615142e-09;
4642642.8428559433669;7.1786954158881144394e-09;
4642976.1984129808843;7.3921340160154613841e-09;
4643309.5539700184017;7.3501786879148767184e-09;
4643642.9095270559192;7.2872312628646795929e-09;
4643976.2650840934366;7.3438028991290593694e-09;
4644309.620641130954;7.2797461392326567875e-09;
4644642.9761981684715;7.296877324591832803e-09;
4644976.3317552059889;7.4022827867281648651e-09;
4645309.6873122435063;7.2759487323992289021e-09;
4645643.0428692810237;6.7593259878151457087e-09;
4645976.3984263185412;7.3791981414217389101e-09;
4646309.7539833560586;7.3153336721532014053e-09;
4646643.109540393576;7.2969670306122225156e-09;
4646976.4650974310935;6.9294778803907775e-09;
4647309.8206544686109;7.2326709066317107499e-09;
4647643.1762115061283;6.7847016893551881367e-09;
4647976.5317685436457;7.2811912055215088913e-09;
4648309.8873255811632;7.4021140328284218413e-09;
4648643.2428826186806;7.0733290336022491829e-09;
4648976.598439656198;7.0104984040142426238e-09;
4649309.9539966937155;6.9686278969527393201e-09;
4649643.3095537312329;7.0916312822077998135e-09;
4649976.6651107687503;7.5018666834125724563e-09;
4650310.0206678062677;7.4816650652564931079e-09;
4650643.3762248437852;7.231146348374295485e-09;
4650976.7317818813026;7.2565078390596227109e-09;
4651310.08733891882;7.5334174454155800049e-09;
4651643.4428959563375;7.5575687930040658102e-09;
4651976.7984529938549;7.1464585360558885441e-09;
4652310.1540100313723;7.0322196954464288865e-09;
4652643.5095670688897;7.7704003231815477193e-09;
4652976.8651241064072;7.4199109079131631006e-09;
4653310.2206811439246;7.3546089218723409431e-09;
4653643.576238181442;7.1757573216757464252e-09;
4653976.9317952189595;6.8595089608436410344e-09;
4654310.2873522564769;7.3197945482661452843e-09;
4654643.6429092939943;6.9063630370180817408e-09;
4654976.9984663315117;7.5761255047268605267e-09;
4655310.3540233690292;6.9329360030678799376e-09;
4655643.7095804065466;7.3390955535046487057e-09;
4655977.065137444064;7.2112928961587385857e-09;
4656310.4206944815814;7.5629875695426562743e-09;
4656643.7762515190989;7.0510473015872321412e-09;
4656977.1318085566163;7.2889210223081590811e-09;
4657310.4873655941337;7.0285022246707740123e-09;
4657643.8429226316512;7.5198247628804892884e-09;
4657977.1984796691686;7.1492838316089546424e-09;
4658310.554036706686;7.250990474716445533e-09;
4658643.9095937442034;6.7080345722558831767e-09;
4658977.2651507817209;7.3673849243505173945e-09;
4659310.6207078192383;7.5385937492455923348e-09;
4659643.9762648567557;7.2547234886144451593e-09;
4659977.3318218942732;6.6315815061557259469e-09;
4660310.6873789317906;7.314061800656190826e-09;
4660644.042935969308;7.2197603451229497296e-09;
4660977.3984930068254;7.2571197939907960972e-09;
4661310.7540500443429;7.4634831648268118443e-09;
4661644.1096070818603;7.0276748864728233457e-09;
4661977.4651641193777;7.2651942240042899357e-09;
4662310.8207211568952;7.4505668301583227731e-09;
4662644.1762781944126;6.8990386736800246581e-09;
4662977.53183523193;6.9891510356967501139e-09;
4663310.8873922694474;7.4406001360216578178e-09;
4663644.2429493069649;7.632056764350636513e-09;
4663977.5985063444823;7.5660304688085489033e-09;
4664310.9540633819997;7.472155338916763867e-09;
4664644.3096204195172;7.3068311401414121065e-09;
4664977.6651774570346;7.7892607919238798786e-09;
4665311.020734494552;7.0748451541646772966e-09;
4665644.3762915320694;7.9098620986428613833e-09;
4665977.7318485695869;7.6834183460050553549e-09;
4666311.0874056071043;7.6197315124204578751e-09;
4666644.4429626446217;7.5080501815705247282e-09;
4666977.7985196821392;7.20678450250034075e-09;
4667311.1540767196566;7.1947545698947124038e-09;
4667644.509633757174;7.1719012950666183315e-09;
4667977.8651907946914;7.6930488646098638128e-09;
4668311.2207478322089;7.2358097291669309925e-09;
4668644.5763048697263;7.3576456038892956713e-09;
4668977.9318619072437;7.230600118646179908e-09;
4669311.2874189447612;7.7398558673280604125e-09;
4669644.6429759822786;7.4979542574737934046e-09;
4669977.998533019796;7.4478840872416185448e-09;
4670311.3540900573134;7.2537296169628007192e-09;
4670644.7096470948309;7.1843220261769147328e-09;
4670978.0652041323483;7.0162888832214775903e-09;
4671311.4207611698657;7.2672623474545616773e-09;
4671644.7763182073832;7.2262826833480175992e-09;
4671978.1318752449006;7.7133472942136904749e-09;
4672311.487432282418;7.4887527290457001072e-09;
4672644.8429893199354;7.5678254773947628564e-09;
4672978.1985463574529;7.2782242455105006229e-09;
4673311.5541033949703;7.4899366708791603742e-09;
4673644.9096604324877;7.6111161817493666604e-09;
4673978.2652174700052;7.5534405397092996282e-09;
4674311.6207745075226;7.5696338086572723114e-09;
4674644.97633154504;7.2715149457280858769e-09;
4674978.3318885825574;7.7247781504752310866e-09;
4675311.6874456200749;7.7679986887346785807e-09;
4675645.0430026575923;7.1576153892749516672e-09;
4675978.3985596951097;7.4168222674586559151e-09;
4676311.7541167326272;7.2907395676224950876e-09;
4676645.1096737701446;7.2337891232621132076e-09;
4676978.465230807662;7.422701120418651044e-09;
4677311.8207878451794;7.7777615459240223572e-09;
4677645.1763448826969;6.7692482730308256578e-09;
4677978.5319019202143;7.2088863767305610963e-09;
4678311.8874589577317;6.8821042198408122204e-09;
4678645.2430159952492;7.1546613078510290507e-09;
4678978.5985730327666;7.3518964249785767606e-09;
4679311.954130070284;7.5698460832995806413e-09;
4679645.3096871078014;7.3014678747540529002e-09;
4679978.6652441453189;7.1479275831620725512e-09;
4680312.0208011828363;7.2791577210296054545e-09;
4680645.3763582203537;7.3708288361729046301e-09;
4680978.7319152578712;7.122769929424066504e-09;
4681312.0874722953886;7.5111241670811068616e-09;
4681645.443029332906;7.2392043470870248711e-09;
4681978.7985863704234;7.5513444386388073326e-09;
4682312.1541434079409;7.3292905078403691732e-09;
4682645.5097004454583;7.6043003005565878993e-09;
4682978.8652574829757;7.3949655288174653833e-09;
4683312.2208145204931;7.6957116235121247882e-09;
4683645.5763715580106;7.6162791629030834883e-09;
4683978.931928595528;7.5599722038077743491e-09;
4684312.2874856330454;7.666510981607643771e-09;
4684645.6430426705629;8.378168381284467614e-09;
4684978.9985997080803;1.3831471079583934625e-08;
4685312.3541567455977;1.5953684595615413855e-08;
4685645.7097137831151;7.6789659075870986271e-09;
4685979.0652708206326;7.5802928378720935143e-09;
4686312.42082785815;7.6171220442233789072e-09;
4686645.7763848956674;7.0724093248486497032e-09;
4686979.1319419331849;7.6567525653103984951e-09;
4687312.4874989707023;7.4960180285188471316e-09;
4687645.8430560082197;7.6624715461548476014e-09;
4687979.1986130457371;7.3882651108192476386e-09;
4688312.5541700832546;7.0606160917918714404e-09;
4688645.909727120772;6.9953909331843533437e-09;
4688979.2652841582894;7.2647479143483906228e-09;
4689312.6208411958069;7.4201849109556405892e-09;
4689645.9763982333243;7.6196915443915713695e-09;
4689979.3319552708417;7.0654677664094833744e-09;
4690312.6875123083591;7.535191137719721155e-09;
4690646.0430693458766;7.4900681212852759927e-09;
4690979.398626383394;7.8582704787777402089e-09;
4691312.7541834209114;7.3099641895169042982e-09;
4691646.1097404584289;7.3393273680721904384e-09;
4691979.4652974959463;7.4575856601200030127e-09;
4692312.8208545334637;6.9678809389017715148e-09;
4692646.1764115709811;6.9870025320994955109e-09;
4692979.5319686084986;7.6693398298743886699e-09;
4693312.887525646016;7.6631048173680937907e-09;
4693646.2430826835334;7.205784413599758409e-09;
4693979.5986397210509;7.7662658526378436363e-09;
4694312.9541967585683;7.7327486636136200104e-09;
4694646.3097537960857;7.345763997079757246e-09;
4694979.6653108336031;7.5119954701108326844e-09;
4695313.0208678711206;7.2028480957442297949e-09;
4695646.376424908638;7.5015771372477502155e-09;
4695979.7319819461554;7.282444869360915618e-09;
4696313.0875389836729;7.3771371233988247695e-09;
4696646.4430960211903;7.2963390884694945271e-09;
4696979.7986530587077;7.4892128054671047721e-09;
4697313.1542100962251;7.3143828771549124212e-09;
4697646.5097671337426;6.9056960150248869468e-09;
4697979.86532417126;7.3518702237151956069e-09;
4698313.2208812087774;7.0115326877839834196e-09;
4698646.5764382462949;7.4159363094850050402e-09;
4698979.9319952838123;7.1967263259864466818e-09;
4699313.2875523213297;7.4888442114229292201e-09;
4699646.6431093588471;7.2119519245461560786e-09;
4699979.9986663963646;7.5598922677500013378e-09;
4700313.354223433882;7.2358350422518924461e-09;
4700646.7097804713994;6.988094991555726665e-09;
4700980.0653375089169;7.5476176419897456071e-09;
4701313.4208945464343;7.5662827114797437389e-09;
4701646.7764515839517;7.6688415617809368996e-09;
4701980.1320086214691;7.4501351754463485122e-09;
4702313.4875656589866;6.6039591573030520522e-09;
4702646.843122696504;7.6987269892470067134e-09;
4702980.1986797340214;7.4448753828448843706e-09;
4703313.5542367715389;7.2056325350899896875e-09;
4703646.9097938090563;7.3758412710844822868e-09;
4703980.2653508465737;7.2282504426368632267e-09;
4704313.6209078840911;7.1250600974792632769e-09;
4704646.9764649216086;7.0857533174262243847e-09;
4704980.332021959126;7.4470207778176700231e-09;
4705313.6875789966434;7.109443700414885825e-09;
4705647.0431360341609;7.3999424365922550351e-09;
4705980.3986930716783;7.2916619409113536676e-09;
4706313.7542501091957;7.4048061016185329208e-09;
4706647.1098071467131;7.6883877042632775556e-09;
4706980.4653641842306;7.6586896824437644682e-09;
4707313.820921221748;7.350282160700771783e-09;
4707647.1764782592654;6.8581713641435726458e-09;
4707980.5320352967829;7.1393184697399192373e-09;
4708313.8875923343003;7.0623280556958434317e-09;
4708647.2431493718177;7.3696373448228769121e-09;
4708980.5987064093351;7.1171410986892169603e-09;
4709313.9542634468526;7.634886500795801112e-09;
4709647.30982048437;7.0402292884352846158e-09;
4709980.6653775218874;7.0367422999595419242e-09;
4710314.0209345594049;7.4050010567816570983e-09;
4710647.3764915969223;7.2255970096080091025e-09;
4710980.7320486344397;7.2862711419929837575e-09;
4711314.0876056719571;6.9034640226561805321e-09;
4711647.4431627094746;7.5728783244244368689e-09;
4711980.798719746992;7.1183792194062789349e-09;
4712314.1542767845094;7.3877459705329329154e-09;
4712647.5098338220268;7.8337771824976698554e-09;
4712980.8653908595443;7.2025319042268165504e-09;
4713314.2209478970617;7.7070625437158923887e-09;
4713647.5765049345791;7.0537602425702061737e-09;
4713980.9320619720966;7.5161930013223354763e-09;
4714314.287619009614;7.9041395650847334764e-09;
4714647.6431760471314;7.2009251894655790238e-09;
4714980.9987330846488;7.1425803049862679472e-09;
4715314.3542901221663;7.346047770084851436e-09;
4715647.7098471596837;6.9812973180205517565e-09;
4715981.0654041972011;7.1686008240590126661e-09;
4716314.4209612347186;7.3037513814711019222e-09;
4716647.776518272236;7.1777872534539710614e-09;
4716981.1320753097534;7.1827317427164416586e-09;
4717314.4876323472708;7.3779666820428246865e-09;
4717647.8431893847883;7.1867329864971907227e-09;
4717981.1987464223057;7.1727073169824961951e-09;
4718314.5543034598231;7.2745685031350149075e-09;
4718647.9098604973406;7.156848447209540609e-09;
4718981.265417534858;7.0813857000473490189e-09;
4719314.6209745723754;7.1043246840929441532e-09;
4719647.9765316098928;7.2006467455310030346e-09;
4719981.3320886474103;6.8269061515024986875e-09;
4720314.6876456849277;6.7966428041188464704e-09;
4720648.0432027224451;7.0103873817117801082e-09;
4720981.3987597599626;7.067876062194500264e-09;
4721314.75431679748;7.3098740394073047355e-09;
4721648.1098738349974;7.4519546089391042187e-09;
4721981.4654308725148;7.1464332229709270905e-09;
4722314.8209879100323;6.9593175666682327574e-09;
4722648.1765449475497;7.340487773177528652e-09;
4722981.5321019850671;7.4026469398802419164e-09;
4723314.8876590225846;6.7399748004959292302e-09;
4723648.243216060102;6.9611640896027893177e-09;
4723981.5987730976194;7.4024910645675845444e-09;
4724314.9543301351368;7.4040644726380833163e-09;
4724648.3098871726543;7.3895369823162582179e-09;
4724981.6654442101717;7.0105228289207843773e-09;
4725315.0210012476891;7.5713888492145997589e-09;
4725648.3765582852066;7.4831634222505272191e-09;
4725981.732115322724;7.0653309869328495552e-09;
4726315.0876723602414;7.2243278026462576236e-09;
4726648.4432293977588;7.097663345945193214e-09;
4726981.7987864352763;7.4026078600297751109e-09;
4727315.1543434727937;6.7184835472744453e-09;
4727648.5099005103111;7.4759363144494273001e-09;
4727981.8654575478286;7.104961508019869143e-09;
4728315.221014585346;6.831824883590797981e-09;
4728648.5765716228634;7.482545250070415932e-09;
4728981.9321286603808;6.8251191365220620355e-09;
4729315.2876856978983;7.0008248087560787098e-09;
4729648.6432427354157;7.3259691646399005549e-09;
4729981.9987997729331;6.7925487456932387431e-09;
4730315.3543568104506;7.5050046177693729987e-09;
4730648.709913847968;7.25217486063911565e-09;
4730982.0654708854854;7.2588792754402220453e-09;
4731315.4210279230028;7.3401524858240918547e-09;
4731648.7765849605203;7.1979022742141296476e-09;
4731982.1321419980377;7.1047989713690640201e-09;
4732315.4876990355551;6.8046950296718478057e-09;
4732648.8432560730726;7.4516792736289971799e-09;
4732982.19881311059;7.4798380822471699503e-09;
4733315.5543701481074;7.1681980351456786593e-09;
4733648.9099271856248;7.472587881807157828e-09;
4733982.2654842231423;7.4216841561280944006e-09;
4734315.6210412606597;7.138365454295581003e-09;
4734648.9765982981771;7.0805770135962120548e-09;
4734982.3321553356946;7.9565216637433877622e-09;
4735315.687712373212;7.3904846686900782515e-09;
4735649.0432694107294;7.1698731396452330955e-09;
4735982.3988264482468;6.6702199319479404949e-09;
4736315.7543834857643;7.3664789823624232667e-09;
4736649.1099405232817;7.4142429973278467514e-09;
4736982.4654975607991;7.2206103318706027494e-09;
4737315.8210545983166;7.1100059173545560043e-09;
4737649.176611635834;6.9576064909426804661e-09;
4737982.5321686733514;7.0997461243393900077e-09;
4738315.8877257108688;7.154862036173881279e-09;
4738649.2432827483863;7.642588784051440598e-09;
4738982.5988397859037;7.6017361294589136378e-09;
4739315.9543968234211;6.8699885780176828121e-09;
4739649.3099538609385;7.4221926382733727223e-09;
4739982.665510898456;7.4476749212237791653e-09;
4740316.0210679359734;7.2001280493338981614e-09;
4740649.3766249734908;7.0373729066375290131e-09;
4740982.7321820110083;6.8108181316972604691e-09;
4741316.0877390485257;7.1535302126335409412e-09;
4741649.4432960860431;7.4669452843068029324e-09;
4741982.7988531235605;7.2922512472928247007e-09;
4742316.154410161078;7.4348771583743200608e-09;
4742649.5099671985954;7.2857977428952835908e-09;
4742982.8655242361128;7.0919177197481531039e-09;
4743316.2210812736303;7.5985582270732265897e-09;
4743649.5766383111477;7.2650538918139773159e-09;
4743982.9321953486651;7.6647870272950058279e-09;
4744316.2877523861825;7.7021757860507022997e-09;
4744649.6433094237;7.4470731803444323305e-09;
4744982.9988664612174;7.6361468259733555897e-09;
4745316.3544234987348;7.13614589642475039e-09;
4745649.7099805362523;7.1794898914845362015e-09;
4745983.0655375737697;7.0443118005414362415e-09;
4746316.4210946112871;7.3828028135380918684e-09;
4746649.7766516488045;7.4854904497101415473e-09;
4746983.132208686322;7.4629324942065977666e-09;
4747316.4877657238394;7.0069767765801316273e-09;
4747649.8433227613568;7.4177086695215166401e-09;
4747983.1988797988743;7.6980910534985014237e-09;
4748316.5544368363917;7.146897740284430256e-09;
4748649.9099938739091;7.1329000483899562823e-09;
4748983.2655509114265;7.8612396592347977275e-09;
4749316.621107948944;7.5425408141427396913e-09;
4749649.9766649864614;7.1935284395863163809e-09;
4749983.3322220239788;7.5307839964011691336e-09;
4750316.6877790614963;7.0566978926933643379e-09;
4750650.0433360990137;7.1527761491552155348e-09;
4750983.3988931365311;6.5641243551795014355e-09;
4751316.7544501740485;6.9124683754751004017e-09;
4751650.110007211566;7.6130817205921630375e-09;
4751983.4655642490834;7.24408977248458541e-09;
4752316.8211212866008;7.5277686306662872084e-09;
4752650.1766783241183;7.111954580807378079e-09;
4752983.5322353616357;7.2526975536391091737e-09;
4753316.8877923991531;7.4264052685180104163e-09;
4753650.2433494366705;7.303828208904405983e-09;
4753983.598906474188;7.0875834090600164927e-09;
4754316.9544635117054;7.6635489065779438533e-09;
4754650.3100205492228;7.1533667878043161181e-09;
4754983.6655775867403;7.2978387777311581885e-09;
4755317.0211346242577;7.6204278443015027733e-09;
4755650.3766916617751;7.2270567308407862583e-09;
4755983.7322486992925;7.5603567850635045033e-09;
4756317.08780573681;7.4924502158069117286e-09;
4756650.4433627743274;8.1800282103472454764e-09;
4756983.7989198118448;9.5377936659701845201e-09;
4757317.1544768493623;1.6862021112729053129e-08;
4757650.5100338868797;8.2638011988933612884e-09;
4757983.8655909243971;8.0232913646227643767e-09;
4758317.2211479619145;7.807207325072340609e-09;
4758650.576704999432;6.9824137582941148139e-09;
4758983.9322620369494;7.6375830104780106922e-09;
4759317.2878190744668;7.4563279994777076354e-09;
4759650.6433761119843;7.3689383484065729135e-09;
4759983.9989331495017;7.2934169814686811151e-09;
4760317.3544901870191;7.7127371156393564888e-09;
4760650.7100472245365;7.1004446766664841562e-09;
4760984.065604262054;7.3346617668335056806e-09;
4761317.4211612995714;7.7241137930172953929e-09;
4761650.7767183370888;7.0418004760597341374e-09;
4761984.1322753746063;7.0861143619538324856e-09;
4762317.4878324121237;7.1993184747043414973e-09;
4762650.8433894496411;7.4491666168796655256e-09;
4762984.1989464871585;7.2772525783193486859e-09;
4763317.554503524676;7.4135919625462065596e-09;
4763650.9100605621934;7.6056094755472258839e-09;
4763984.2656175997108;7.6092847578479450021e-09;
4764317.6211746372283;7.2276917784108718479e-09;
4764650.9767316747457;7.6908595048053030041e-09;
4764984.3322887122631;7.4236790048587408819e-09;
4765317.6878457497805;7.489594722187575826e-09;
4765651.043402787298;7.310516192404747926e-09;
4765984.3989598248154;6.9224941334766754153e-09;
4766317.7545168623328;7.8070705455957067898e-09;
4766651.1100738998502;7.5634387641798639379e-09;
4766984.4656309373677;6.8855867674244564114e-09;
4767317.8211879748851;7.4469030941770597565e-09;
4767651.1767450124025;7.5752071282408905972e-09;
4767984.53230204992;7.2626420433152816258e-09;
4768317.8878590874374;7.3732246974600457179e-09;
4768651.2434161249548;7.1982562133143801475e-09;
4768984.5989731624722;7.7696364897406056116e-09;
4769317.9545301999897;7.2876154000311998971e-09;
4769651.3100872375071;7.3891994745167721703e-09;
4769984.6656442750245;7.1913426324954343727e-09;
4770318.021201312542;7.3255703725294551987e-09;
4770651.3767583500594;7.2483286039926042577e-09;
4770984.7323153875768;7.4141257577764463349e-09;
4771318.0878724250942;7.8768467304257683281e-09;
4771651.4434294626117;7.7603328207942467998e-09;
4771984.7989865001291;7.5691284351364629401e-09;
4772318.1545435376465;7.3902119979152303131e-09;
4772651.510100575164;7.7760811123539497203e-09;
4772984.8656576126814;7.8129147595973336138e-09;
4773318.2212146501988;7.6182464781027192657e-09;
4773651.5767716877162;7.0119514639088720287e-09;
4773984.9323287252337;7.325480222419855636e-09;
4774318.2878857627511;7.1099806042695945507e-09;
4774651.6434428002685;7.5882731209730991395e-09;
4774984.998999837786;7.4526225191107187129e-09;
4775318.3545568753034;7.0433836540928496106e-09;
4775651.7101139128208;7.3580852522070472332e-09;
4775985.0656709503382;7.6079347266500008118e-09;
4776318.4212279878557;6.9571419736291773006e-09;
4776651.7767850253731;7.2401076245398598985e-09;
4776985.1323420628905;7.0876455815493955015e-09;
4777318.487899100408;7.2633441483560545748e-09;
4777651.8434561379254;6.9272263480968376825e-09;
4777985.1990131754428;7.5684365441475165426e-09;
4778318.5545702129602;7.1208430263425270823e-09;
4778651.9101272504777;6.7024745753485603927e-09;
4778985.2656842879951;7.2608052903433417669e-09;
4779318.6212413255125;7.4500303703928238974e-09;
4779651.97679836303;7.3967973968080968916e-09;
4779985.3323554005474;7.6012014460502541624e-09;
4780318.6879124380648;7.7616553184611802862e-09;
4780652.0434694755822;6.8848855505621031625e-09;
4780985.3990265130997;7.5501906948716168699e-09;
4781318.7545835506171;7.3580594950328759296e-09;
4781652.1101405881345;7.2331407530157321162e-09;
4781985.465697625652;7.1646351074150516069e-09;
4782318.8212546631694;7.8191622066015042947e-09;
4782652.1768117006868;7.0349503999977969215e-09;
4782985.5323687382042;7.7595290193244181864e-09;
4783318.8879257757217;7.1112924437954916357e-09;
4783652.2434828132391;7.3097972119740006747e-09;
4783985.5990398507565;7.5035408997337071924e-09;
4784318.954596888274;7.1715611227318731835e-09;
4784652.3101539257914;7.4232748836777773249e-09;
4784985.6657109633088;7.1920376321088497207e-09;
4785319.0212680008262;7.3557200330753857997e-09;
4785652.3768250383437;7.3596884142546059593e-09;
4785985.7323820758611;7.3317374393866430182e-09;
4786319.0879391133785;7.4323436294321254536e-09;
4786652.443496150896;6.9012813241897674743e-09;
4786985.7990531884134;7.1078951613401386567e-09;
4787319.1546102259308;7.4323698306955066073e-09;
4787652.5101672634482;6.7768755052100004832e-09;
4787985.8657243009657;7.1742576324140827637e-09;
4788319.2212813384831;7.1951209434928387054e-09;
4788652.5768383760005;7.1385031219506345224e-09;
4788985.932395413518;7.5440249602820586006e-09;
4789319.2879524510354;6.8821766063820177806e-09;
4789652.6435094885528;7.5890200790240669448e-09;
4789985.9990665260702;7.48416262297268986e-09;
4790319.3546235635877;7.4611889999687264208e-09;
4790652.7101806011051;7.3522192778341377561e-09;
4790986.0657376386225;7.3297798941496239422e-09;
4791319.42129467614;7.160344317469480302e-09;
4791652.7768517136574;7.2540990991853959713e-09;
4791986.1324087511748;7.693440551292951568e-09;
4792319.4879657886922;7.3465127314875644515e-09;
4792652.8435228262097;7.1719390426494555868e-09;
4792986.1990798637271;7.2252541727380048542e-09;
4793319.5546369012445;7.0611618774307771673e-09;
4793652.9101939387619;7.9325586099798783835e-09;
4793986.2657509762794;6.8169470068824011832e-09;
4794319.6213080137968;7.2492327696238589851e-09;
4794652.9768650513142;6.947761921338724278e-09;
4794986.3324220888317;6.9928107748751244799e-09;
4795319.6879791263491;7.3777464137947390554e-09;
4795653.0435361638665;7.1142038926552686462e-09;
4795986.3990932013839;7.2860535382801572268e-09;
4796319.7546502389014;7.0606409607876230439e-09;
4796653.1102072764188;7.3837367331464065501e-09;
4796986.4657643139362;7.2236043813234118716e-09;
4797319.8213213514537;7.4124328897084978962e-09;
4797653.1768783889711;7.2599379841165045946e-09;
4797986.5324354264885;7.1934906920034791256e-09;
4798319.8879924640059;6.6630643225096264359e-09;
4798653.2435495015234;6.9336181240942096338e-09;
4798986.5991065390408;7.1559935754805792385e-09;
4799319.9546635765582;7.1277392876822887047e-09;
4799653.3102206140757;7.3846186943171687744e-09;
4799986.6657776515931;7.4841883801468611637e-09;
4800320.0213346891105;7.6710646723654463131e-09;
4800653.3768917266279;6.5779190983050739305e-09;
4800986.7324487641454;7.062018081427368088e-09;
4801320.0880058016628;7.1786825373010287876e-09;
4801653.4435628391802;7.1066841300648775359e-09;
4801986.7991198766977;7.1431700554569488304e-09;
4802320.1546769142151;7.1285404246168582176e-09;
4802653.5102339517325;7.0604673219065716694e-09;
4802986.8657909892499;7.3094632568881934276e-09;
4803320.2213480267674;8.0060997831310487527e-09;
4803653.5769050642848;7.3101564801447693753e-09;
4803986.9324621018022;6.9654699785814955248e-09;
4804320.2880191393197;7.2534747097563467833e-09;
4804653.6435761768371;7.5123773868313037383e-09;
4804986.9991332143545;7.1768919696069133352e-09;
4805320.3546902518719;7.2261174821619533759e-09;
4805653.7102472893894;7.5224404483265061572e-09;
4805987.0658043269068;7.1072956409068410721e-09;
4806320.4213613644242;7.2318195876164281799e-09;
4806653.7769184019417;7.5108870234430469282e-09;
4806987.1324754394591;6.8149117460336583463e-09;
4807320.4880324769765;7.5631998441849646042e-09;
4807653.8435895144939;7.4767774194128833187e-09;
4807987.1991465520114;7.0098948867780563887e-09;
4808320.5547035895288;7.30565030693242079e-09;
4808653.9102606270462;7.011988767402499434e-09;
4808987.2658176645637;7.2980568255331945693e-09;
4809320.6213747020811;6.7387553315256809583e-09;
4809653.9769317395985;7.5260890852746342716e-09;
4809987.3324887771159;7.3038926018398342421e-09;
4810320.6880458146334;7.117528788569416065e-09;
4810654.0436028521508;7.1796413259050950728e-09;
4810987.3991598896682;7.1201675666543451371e-09;
4811320.7547169271857;6.8776442319062880415e-09;
4811654.1102739647031;7.0656787087841621542e-09;
4811987.4658310022205;7.2496657566034627962e-09;
4812320.8213880397379;7.5366468621496096603e-09;
4812654.1769450772554;7.2497803316196041123e-09;
4812987.5325021147728;6.9900227828156857868e-09;
4813320.8880591522902;7.6107280477799577056e-09;
4813654.2436161898077;7.214714159431423468e-09;
4813987.5991732273251;6.9208283548505278304e-09;
4814320.9547302648425;7.2892540892155466281e-09;
4814654.3102873023599;7.1085692887606910517e-09;
4814987.6658443398774;7.1599921547260692023e-09;
4815321.0214013773948;7.093039045003024512e-09;
4815654.3769584149122;7.2449166665933262266e-09;
4815987.7325154524297;7.1021659664438629989e-09;
4816321.0880724899471;7.1122041589433138142e-09;
4816654.4436295274645;7.0545533858989983855e-09;
4816987.7991865649819;6.9425643012266391452e-09;
4817321.1547436024994;7.0094023918443326693e-09;
4817654.5103006400168;7.1746102392467037134e-09;
4817987.8658576775342;7.4141390804527418368e-09;
4818321.2214147150517;7.4662764859567687381e-09;
4818654.5769717525691;7.574808336130445241e-09;
4818987.9325287900865;7.2047212640313773591e-09;
4819321.2880858276039;6.9718359974046961725e-09;
4819654.6436428651214;7.2101400405699678231e-09;
4819987.9991999026388;7.048372108187095364e-09;
4820321.3547569401562;7.349636454989649792e-09;
4820654.7103139776736;7.3300245873042513267e-09;
4820988.0658710151911;7.0791590367491608049e-09;
4821321.4214280527085;7.3078840756579666049e-09;
4821654.7769850902259;7.3844370618303400988e-09;
4821988.1325421277434;7.5132096100105627556e-09;
4822321.4880991652608;7.1961703262957144034e-09;
4822654.8436562027782;7.0648842331877403922e-09;
4822988.1992132402956;7.4701862473602886894e-09;
4823321.5547702778131;7.0264776219630675769e-09;
4823654.9103273153305;6.9983041584009697544e-09;
4823988.2658843528479;7.0616086311758863303e-09;
4824321.6214413903654;7.1049490735219933413e-09;
4824654.9769984278828;7.0630479243050103833e-09;
4824988.3325554654002;7.0953198871848144336e-09;
4825321.6881125029176;6.869867785752603595e-09;
4825655.0436695404351;7.0387575767938415083e-09;
4825988.3992265779525;7.252990652517610215e-09;
4826321.7547836154699;7.7668795839258564229e-09;
4826655.1103406529874;6.938577268300605283e-09;
4826988.4658976905048;6.9647727585220309265e-09;
4827321.8214547280222;7.0407364383129333874e-09;
4827655.1770117655396;7.3632189234729139571e-09;
4827988.5325688030571;7.3687052015714016306e-09;
4828321.8881258405745;6.8629320004731653171e-09;
4828655.2436828780919;6.8780430240167333977e-09;
4828988.5992399156094;7.4965971208484916133e-09;
4829321.9547969531268;8.6843838786876403901e-09;
4829655.3103539906442;7.251359512849830935e-09;
4829988.6659110281616;7.367501719812707961e-09;
4830322.0214680656791;7.4051182963330575149e-09;
4830655.3770251031965;7.2685772956049277127e-09;
4830988.7325821407139;7.1010433089213620406e-09;
4831322.0881391782314;6.7832237604648071283e-09;
4831655.4436962157488;6.8152585797065512452e-09;
4831988.7992532532662;7.2855033117491529993e-09;
4832322.1548102907836;7.3351253959685891459e-09;
4832655.5103673283011;7.1815962066068550484e-09;
4832988.8659243658185;6.9381265177526074694e-09;
4833322.2214814033359;6.9835790483807613782e-09;
4833655.5770384408534;7.1059851336485735374e-09;
4833988.9325954783708;7.3350094886848182796e-09;
4834322.2881525158882;7.0096239923600478505e-09;
4834655.6437095534056;7.7657604791170342651e-09;
4834988.9992665909231;7.1548873492588427325e-09;
4835322.3548236284405;7.3431447589200615766e-09;
4835655.7103806659579;7.2119008542870233214e-09;
4835989.0659377034754;7.4723649490238130966e-09;
4836322.4214947409928;7.0257986095612068311e-09;
4836655.7770517785102;7.2210921686632900673e-09;
4836989.1326088160276;7.2390138328159991943e-09;
4837322.4881658535451;7.0737140589471891872e-09;
4837655.8437228910625;7.1246217814291412651e-09;
4837989.1992799285799;7.2493344660529146495e-09;
4838322.5548369660974;7.0452030875856053171e-09;
4838655.9103940036148;6.9734893415329679556e-09;
4838989.2659510411322;7.5012209777014504652e-09;
4839322.6215080786496;6.9563843574371730938e-09;
4839655.9770651161671;7.8305717465809721034e-09;
4839989.3326221536845;7.7853758995161115308e-09;
4840322.6881791912019;6.8205165959511759866e-09;
4840656.0437362287194;7.6855375397144598537e-09;
4840989.3992932662368;7.3965114033569534513e-09;
4841322.7548503037542;7.1909638243994322693e-09;
4841656.1104073412716;7.1144161672975769761e-09;
4841989.4659643787891;7.415871472460366931e-09;
4842322.8215214163065;7.3821802004658820806e-09;
4842656.1770784538239;7.210976260552115491e-09;
4842989.5326354913414;7.6266148951731338457e-09;
4843322.8881925288588;7.6333845910880882002e-09;
4843656.2437495663762;6.9524626056249871908e-09;
4843989.5993066038936;6.7537473391610092222e-09;
4844322.9548636414111;7.3393917610076186975e-09;
4844656.3104206789285;7.3925363608395855408e-09;
4844989.6659777164459;7.3539498934849234502e-09;
4845323.0215347539634;7.1621562014456685574e-09;
4845656.3770917914808;7.0814603070346038294e-09;
4845989.7326488289982;7.4831367768979362154e-09;
4846323.0882058665156;7.1806627310877502168e-09;
4846656.4437629040331;7.5924067033383835224e-09;
4846989.7993199415505;7.7284569854896290053e-09;
4847323.1548769790679;7.366388388163613854e-09;
4847656.5104340165854;7.4320825049767336168e-09;
4847989.8659910541028;6.9574350725076783419e-09;
4848323.2215480916202;7.3828547719756443257e-09;
4848656.5771051291376;7.373289090395473977e-09;
4848989.9326621666551;7.3300889802396795858e-09;
4849323.2882192041725;6.9011720782441443589e-09;
4849656.6437762416899;7.3550094903396256996e-09;
4849989.9993332792073;7.080415365123826632e-09;
4850323.3548903167248;7.1999384232412921847e-09;
4850656.7104473542422;7.3454802240746630559e-09;
4850990.0660043917596;7.5585777636888451525e-09;
4851323.4215614292771;7.3930039867775576568e-09;
4851656.7771184667945;7.4802057881129258021e-09;
4851990.1326755043119;7.2327721589715565642e-09;
4852323.4882325418293;7.3415327150883058493e-09;
4852656.8437895793468;7.0682735220373160701e-09;
4852990.1993466168642;6.9524745960336531425e-09;
4853323.5549036543816;7.7208035520470730262e-09;
4853656.9104606918991;7.7124937547523586545e-09;
4853990.2660177294165;7.3102852660156258935e-09;
4854323.6215747669339;7.0459331702465988201e-09;
4854656.9771318044513;6.8446666112720322417e-09;
4854990.3326888419688;7.1485550812155906897e-09;
4855323.6882458794862;7.2215615709581015835e-09;
4855657.0438029170036;6.9401622226905601565e-09;
4855990.3993599545211;6.9758296916688777856e-09;
4856323.7549169920385;7.1608474705442404229e-09;
4856657.1104740295559;7.1877681584453512187e-09;
4856990.4660310670733;7.38480032680399745e-09;
4857323.8215881045908;7.2947883289486981084e-09;
4857657.1771451421082;6.9589143336656889005e-09;
4857990.5327021796256;7.4885946332869934849e-09;
4858323.8882592171431;7.2015957641724526184e-09;
4858657.2438162546605;7.4642043657036083459e-09;
4858990.5993732921779;7.6303940943489578785e-09;
4859323.9549303296953;7.0666965612531384977e-09;
4859657.3104873672128;7.7836528333818932879e-09;
4859990.6660444047302;6.8878853731746403355e-09;
4860324.0216014422476;7.0422085940435863449e-09;
4860657.3771584797651;6.903633664734343256e-09;
4860990.7327155172825;7.3396884125997985393e-09;
4861324.0882725547999;7.3651982290812156862e-09;
4861657.4438295923173;7.1942869439567402878e-09;
4861990.7993866298348;7.5540507182836336142e-09;
4862324.1549436673522;7.3291617219695126551e-09;
4862657.5105007048696;7.5201418425763222331e-09;
4862990.8660577423871;7.1181540661768849532e-09;
4863324.2216147799045;7.6683024374801789236e-09;
4863657.5771718174219;7.3523094279437373189e-09;
4863990.9327288549393;7.7778299356623392669e-09;
4864324.2882858924568;7.6332904441755999869e-09;
4864657.6438429299742;7.2155632580006567878e-09;
4864990.9993999674916;7.1116672550886050885e-09;
4865324.3549570050091;7.5623232120847205806e-09;
4865657.7105140425265;7.0001853202938946197e-09;
4865991.0660710800439;7.3628307895035050024e-09;
4866324.4216281175613;6.9636714172816027713e-09;
4866657.7771851550788;7.256125478249941807e-09;
4866991.1327421925962;7.4175390274433539162e-09;
4867324.4882992301136;7.4110264591809027479e-09;
4867657.8438562676311;7.1819621361157715e-09;
4867991.1994133051485;7.2655135241461721307e-09;
4868324.5549703426659;7.2366743708585090644e-09;
4868657.9105273801833;7.2385941685126908851e-09;
4868991.2660844177008;7.4433192942535697512e-09;
4869324.6216414552182;7.7518853558444789087e-09;
4869657.9771984927356;7.196600204650849264e-09;
4869991.3327555302531;7.0596364309949422022e-09;
4870324.6883125677705;7.4073951417119587859e-09;
4870658.0438696052879;7.3146786405686725629e-09;
4870991.3994266428053;7.3061636740590074623e-09;
4871324.7549836803228;7.2156520758426268003e-09;
4871658.1105407178402;7.633532028705758421e-09;
4871991.4660977553576;7.045450445275491802e-09;
4872324.8216547928751;7.5917263586688932264e-09;
4872658.1772118303925;7.3030457237166501727e-09;
4872991.5327688679099;7.204316254671994102e-09;
4873324.8883259054273;7.2916748194984393194e-09;
4873658.2438829429448;7.125160017551479541e-09;
4873991.5994399804622;7.2199504153047655564e-09;
4874324.9549970179796;7.4035315655862632411e-09;
4874658.3105540554971;7.7673432130609398882e-09;
4874991.6661110930145;7.8704287531650152232e-09;
4875325.0216681305319;7.60238982877581293e-09;
4875658.3772251680493;7.1362089570925490989e-09;
4875991.7327822055668;7.2844152931850203458e-09;
4876325.0883392430842;7.0447452316102499026e-09;
4876658.4438962806016;7.047542549543095447e-09;
4876991.799453318119;6.9248291545420670445e-09;
4877325.1550103556365;7.4281012452104278054e-09;
4877658.5105673931539;7.1182917338319384726e-09;
4877991.8661244306713;7.2960695263191155391e-09;
4878325.2216814681888;7.6287056671731079405e-09;
4878658.5772385057062;7.3159633906527687941e-09;
4878991.9327955432236;7.4215535939003984822e-09;
4879325.288352580741;7.0880314950727552059e-09;
4879658.6439096182585;7.2868471256981592887e-09;
4879991.9994666557759;7.4401427241355122533e-09;
4880325.3550236932933;6.9721788342747004208e-09;
4880658.7105807308108;7.3827250979263681074e-09;
4880992.0661377683282;7.3775647813079103798e-09;
4881325.4216948058456;7.2724475330687710084e-09;
4881658.777251843363;7.2218409030710972729e-09;
4881992.1328088808805;7.0844214938858840469e-09;
4882325.4883659183979;7.1245094268590491993e-09;
4882658.8439229559153;7.6521269321006002428e-09;
4882992.1994799934328;7.5915798092296427058e-09;
4883325.5550370309502;7.1988761618513308349e-09;
4883658.9105940684676;7.5121802112221303105e-09;
4883992.266151105985;7.3265358224716692348e-09;
4884325.6217081435025;7.1682859648092289717e-09;
4884658.9772651810199;7.3612271833667364263e-09;
4884992.3328222185373;6.8580749967850351823e-09;
4885325.6883792560548;7.133777124579410156e-09;
4885659.0439362935722;7.7796471487090457231e-09;
4885992.3994933310896;7.6019892603085281735e-09;
4886325.755050368607;6.8997660918057590607e-09;
4886659.1106074061245;7.246876876365604403e-09;
4886992.4661644436419;7.3336567929516149889e-09;
4887325.8217214811593;7.4216579548647132469e-09;
4887659.1772785186768;6.966754728665591756e-09;
4887992.5328355561942;7.5088815165713640454e-09;
4888325.8883925937116;7.5823702871957721072e-09;
4888659.243949631229;7.2131807193898112018e-09;
4888992.5995066687465;7.7679027654653509671e-09;
4889325.9550637062639;6.8896284233233018313e-09;
4889659.3106207437813;7.1544348223540055187e-09;
4889992.6661777812988;7.4979933373242602102e-09;
4890326.0217348188162;7.2596320066509179014e-09;
4890659.3772918563336;7.3269732503433715465e-09;
4890992.732848893851;7.0276500174770717422e-09;
4891326.0884059313685;7.40628935957943213e-09;
4891659.4439629688859;7.0139969388094414171e-09;
4891992.7995200064033;7.479864727599760954e-09;
4892326.1550770439208;7.0022392328894511593e-09;
4892659.5106340814382;7.015315439673486253e-09;
4892992.8661911189556;7.5112565056656421802e-09;
4893326.221748156473;6.6082646021925484092e-09;
4893659.5773051939905;6.8191750024482189474e-09;
4893992.9328622315079;7.2732908584782762773e-09;
4894326.2884192690253;7.5981176905770553276e-09;
4894659.6439763065428;7.4057164844987255492e-09;
4894992.9995333440602;7.5904331708898098441e-09;
4895326.3550903815776;7.4898842683523980668e-09;
4895659.710647419095;6.8675509723448158184e-09;
4895993.0662044566125;7.0438415100682050252e-09;
4896326.4217614941299;7.3408621403814322548e-09;
4896659.7773185316473;7.1961574477086287516e-09;
4896993.1328755691648;7.0674417429472669028e-09;
4897326.4884326066822;7.381246724946777249e-09;
4897659.8439896441996;7.4801667082624589966e-09;
4897993.199546681717;7.353743392002343171e-09;
4898326.5551037192345;7.5252035713901932468e-09;
4898659.9106607567519;7.57707052656542146e-09;
4898993.2662177942693;7.3640595843471601256e-09;
4899326.6217748317868;7.0334551516282317607e-09;
4899659.9773318693042;7.0873218405154148059e-09;
4899993.3328889068216;7.0099073212759321905e-09;
4900326.688445944339;7.3378836340509678848e-09;
4900660.0440029818565;7.7485360350237897364e-09;
4900993.3995600193739;7.5349788630774128251e-09;
4901326.7551170568913;1.160241680508988793e-08;
4901660.1106740944088;7.6457578046529306448e-09;
4901993.4662311319262;7.2415193841379732476e-09;
4902326.8217881694436;6.7862271357910231018e-09;
4902660.177345206961;7.0441883437410979241e-09;
4902993.5329022444785;7.7480732940671259712e-09;
4903326.8884592819959;7.485517095062732551e-09;
4903660.2440163195133;7.263267320922750514e-09;
4903993.5995733570307;7.0804029306259508303e-09;
4904326.9551303945482;7.4064971933296419593e-09;
4904660.3106874320656;7.3968364766585636971e-09;
4904993.666244469583;7.1879955321207944507e-09;
4905327.0218015071005;7.2046959509464159055e-09;
4905660.3773585446179;7.2577699405940165889e-09;
4905993.7329155821353;7.3423449542531216139e-09;
4906327.0884726196527;7.3070753892068296409e-09;
4906660.4440296571702;6.8103038763922540966e-09;
4906993.7995866946876;6.9703540717114265135e-09;
4907327.155143732205;7.4074080202990444377e-09;
4907660.5107007697225;7.2793624461553463334e-09;
4907993.8662578072399;6.7142358339822294511e-09;
4908327.2218148447573;7.1884374008845952631e-09;
4908660.5773718822747;7.2382126958814296813e-09;
4908993.9329289197922;6.9787100542839652917e-09;
4909327.2884859573096;7.3179817761115373287e-09;
4909660.644042994827;7.1734005402390721429e-09;
4909993.9996000323445;6.9898016263891804556e-09;
4910327.3551570698619;7.3609944806207749934e-09;
4910660.7107141073793;7.2142198881408603484e-09;
4910994.0662711448967;7.4947141825987273478e-09;
4911327.4218281824142;7.4095818369812604942e-09;
4911660.7773852199316;7.1636914178441202239e-09;
4911994.132942257449;7.3594557115086445265e-09;
4912327.4884992949665;7.6434343299069951172e-09;
4912660.8440563324839;7.187578976441955092e-09;
4912994.1996133700013;7.901307164104309777e-09;
4913327.5551704075187;7.010301228405069196e-09;
4913660.9107274450362;7.9403106312270210765e-09;
4913994.2662844825536;7.184422834427550697e-09;
4914327.621841520071;6.883675851554471592e-09;
4914660.9773985575885;7.8115425239388969203e-09;
4914994.3329555951059;7.0261689799622217834e-09;
4915327.6885126326233;7.345828390015185505e-09;
4915661.0440696701407;7.0712293798180780868e-09;
4915994.3996267076582;6.9744450215125652903e-09;
4916327.7551837451756;7.1422161518341908959e-09;
4916661.110740782693;7.501339993609690282e-09;
4916994.4662978202105;7.2336110434889633325e-09;
4917327.8218548577279;7.5771504626231944712e-09;
4917661.1774118952453;7.19416037853193302e-09;
4917994.5329689327627;7.3424226698648453748e-09;
4918327.8885259702802;6.9178622830179392622e-09;
4918661.2440830077976;7.4579391551310436625e-09;
4918994.599640045315;7.3545574075239983358e-09;
4919327.9551970828325;6.9770798027946057118e-09;
4919661.3107541203499;7.0739627489047052222e-09;
4919994.6663111578673;7.11600378622279095e-09;
4920328.0218681953847;7.2052399602284822322e-09;
4920661.3774252329022;7.4541013361795194214e-09;
4920994.7329822704196;7.5439592350790007913e-09;
4921328.088539307937;7.169281168728502962e-09;
4921661.4440963454545;7.3923027699152044079e-09;
4921994.7996533829719;7.2942500928263598325e-09;
4922328.1552104204893;7.4322521470548963407e-09;
4922661.5107674580067;7.5259967147189854586e-09;
4922994.8663244955242;7.3385151289073746739e-09;
4923328.2218815330416;7.2540990991853959713e-09;
4923661.577438570559;7.3012880186240636249e-09;
4923994.9329956080765;7.5125230480921345588e-09;
4924328.2885526455939;7.4549655337818876433e-09;
4924661.6441096831113;7.6899269174646178726e-09;
4924994.9996667206287;7.0254406736580676807e-09;
4925328.3552237581462;7.4016717199754111789e-09;
4925661.7107807956636;6.9920371714715656708e-09;
4925995.066337833181;7.5977437674623615749e-09;
4926328.4218948706985;7.7253075048133723612e-09;
4926661.7774519082159;7.3442283365920957294e-09;
4926995.1330089457333;7.7747293047991661297e-09;
4927328.4885659832507;7.4443655684319764987e-09;
4927661.8441230207682;7.1522987532546267175e-09;
4927995.1996800582856;7.1794521439016989461e-09;
4928328.555237095803;7.5485990791435142455e-09;
4928661.9107941333205;7.1665109402374582714e-09;
4928995.2663511708379;7.3833734681727491989e-09;
4929328.6219082083553;7.3501786879148767184e-09;
4929661.9774652458727;7.3995134464155398746e-09;
4929995.3330222833902;7.1206054386152572988e-09;
4930328.6885793209076;6.9220198462005555484e-09;
4930662.044136358425;7.4957284823540248908e-09;
4930995.3996933959424;7.5665491650056537765e-09;
4931328.7552504334599;7.2728179034697859606e-09;
4931662.1108074709773;7.2633055125947976194e-09;
4931995.4663645084947;7.1007439927939230984e-09;
4932328.8219215460122;6.7391461300303490134e-09;
4932662.1774785835296;7.3769168551507391385e-09;
4932995.533035621047;7.2996724220786290971e-09;
4933328.8885926585644;7.0071246582870116981e-09;
4933662.2441496960819;7.5119954701108326844e-09;
4933995.5997067335993;7.702284143817905715e-09;
4934328.9552637711167;7.3040209436214809102e-09;
4934662.3108208086342;7.5514243746965803439e-09;
4934995.6663778461516;7.2646071380688681529e-09;
4935329.021934883669;7.6464834464218256471e-09;
4935662.3774919211864;7.0627002024536977842e-09;
4935995.7330489587039;7.1665486878202955268e-09;
4936329.0886059962213;7.5626287454610974237e-09;
4936662.4441630337387;7.5374284591589457705e-09;
4936995.7997200712562;7.1058225969977684144e-09;
4937329.1552771087736;7.2712591503432122408e-09;
4937662.510834146291;7.2412902341056906153e-09;
4937995.8663911838084;7.3076527051796347223e-09;
4938329.2219482213259;7.2165140529989457718e-09;
4938662.5775052588433;7.4241484071535523981e-09;
4938995.9330622963607;7.0746088987050370633e-09;
4939329.2886193338782;7.1489698605375906482e-09;
4939662.6441763713956;7.5894197593129320012e-09;
4939995.999733408913;7.0133561180796277768e-09;
4940329.3552904464304;7.6462551845679627149e-09;
4940662.7108474839479;7.4438553099298587767e-09;
4940996.0664045214653;7.2726900057773491426e-09;
4941329.4219615589827;7.0473320512576265173e-09;
4941662.7775185965002;7.5992785397716033913e-09;
4941996.1330756340176;7.1313213112489393097e-09;
4942329.488632671535;6.9290275739319895365e-09;
4942662.8441897090524;7.4006054617825611786e-09;
4942996.1997467465699;7.641581589723500656e-09;
4943329.5553037840873;6.8638121852870881412e-09;
4943662.9108608216047;6.843789090993368518e-09;
4943996.2664178591222;7.2330137435017149983e-09;
4944329.6219748966396;7.0024483989072905388e-09;
4944662.977531934157;6.9003722735772043961e-09;
4944996.3330889716744;7.0046506372989369993e-09;
4945329.6886460091919;7.531829382401156181e-09;
4945663.0442030467093;7.4437376262892485101e-09;
4945996.3997600842267;7.3194987848523851426e-09;
4946329.7553171217442;6.9438574890057225275e-09;
4946663.1108741592616;7.5151893597080743348e-09;
4946996.466431196779;7.7765323069911573839e-09;
4947329.8219882342964;7.2585351063025882468e-09;
4947663.1775452718139;7.2189738631323052687e-09;
4947996.5331023093313;7.1584831395909986895e-09;
4948329.8886593468487;7.1424168801570431242e-09;
4948663.2442163843662;7.1182668648361868691e-09;
4948996.5997734218836;7.2157408936845968128e-09;
4949329.955330459401;7.2730479416804882931e-09;
4949663.3108874969184;7.1674550738975995046e-09;
4949996.6664445344359;6.8410845877053816366e-09;
4950330.0220015719533;6.8383330109611506487e-09;
4950663.3775586094707;7.5688486589342574007e-09;
4950996.7331156469882;7.2360131220250423212e-09;
4951330.0886726845056;7.4230923630125289492e-09;
4951663.444229722023;7.318572858849847762e-09;
4951996.7997867595404;7.5147532641040015733e-09;
4952330.1553437970579;7.6168547025190491695e-09;
4952663.5109008345753;7.384268307930597075e-09;
4952996.8664578720927;7.3639432329741794092e-09;
4953330.2220149096102;7.1585586347566732002e-09;
4953663.5775719471276;7.354466813325188923e-09;
4953996.933128984645;7.8328552532980211254e-09;
4954330.2886860221624;8.0939903668308943452e-09;
4954663.6442430596799;7.4525958737581277092e-09;
4954996.9998000971973;7.5735702154133832664e-09;
4955330.3553571347147;7.1030519244175138738e-09;
4955663.7109141722322;7.6811375038232654333e-09;
4955997.0664712097496;7.608148777649148542e-09;
4956330.422028247267;7.4080848122548559331e-09;
4956663.7775852847844;7.7100548168118621106e-09;
4956997.1331423223019;7.642213084579907445e-09;
4957330.4886993598193;7.5765909102187833923e-09;
4957663.8442563973367;7.3375998610458736948e-09;
4957997.1998134348541;7.8628685784565277572e-09;
4958330.5553704723716;7.9335755742704350268e-09;
4958663.910927509889;7.5455366399523882137e-09;
4958997.2664845474064;7.8459940766606450779e-09;
4959330.6220415849239;7.8204402953474527749e-09;
4959663.9775986224413;7.9548447828869939258e-09;
4959997.3331556599587;7.1570371851237268856e-09;
4960330.6887126974761;7.5776824814965948462e-09;
4960664.0442697349936;7.2728050248827003088e-09;
4960997.399826772511;7.3214789786391065718e-09;
4961330.7553838100284;7.8774000655812415062e-09;
4961664.1109408475459;8.0378930178426344355e-09;
4961997.4664978850633;7.4961761242775537539e-09;
4962330.8220549225807;7.7269364240351023909e-09;
4962664.1776119600981;7.7724484626173762081e-09;
4962997.5331689976156;7.6874551169225924241e-09;
4963330.888726035133;7.598744744541363616e-09;
4963664.2442830726504;7.1490702246990167623e-09;
4963997.5998401101679;7.4951094219954939035e-09;
4964330.9553971476853;7.4128627680636327568e-09;
4964664.3109541852027;7.8476345422018312092e-09;
4964997.6665112227201;7.5583921343991278263e-09;
4965331.0220682602376;7.3557462343387669534e-09;
4965664.377625297755;7.5985582270732265897e-09;
4965997.7331823352724;7.5389250397961404815e-09;
4966331.0887393727899;7.7389588071241632861e-09;
4966664.4442964103073;7.7999278147444783826e-09;
4966997.7998534478247;7.5438135738181699708e-09;
4967331.1554104853421;7.7401960396628055605e-09;
4967664.5109675228596;8.0753279618761553138e-09;
4967997.866524560377;7.5557897716294064594e-09;
4968331.2220815978944;7.4225967594543362793e-09;
4968664.5776386354119;7.2507484460970772489e-09;
4968997.9331956729293;7.4631820723425335018e-09;
4969331.2887527104467;7.836200133226611797e-09;
4969664.6443097479641;7.6893869049854401965e-09;
4969997.9998667854816;7.7727211333922241465e-09;
4970331.355423822999;7.7312538593332646997e-09;
4970664.7109808605164;7.2982873078331067518e-09;
4970998.0665378980339;7.3774613085220153152e-09;
4971331.4220949355513;7.2831229935843566636e-09;
4971664.7776519730687;7.5657915488136495696e-09;
4971998.1332090105861;7.4179298259480219713e-09;
4972331.4887660481036;7.9020434640142411808e-09;
4972664.844323085621;8.058520961640169844e-09;
4972998.1998801231384;1.0161289587529154232e-08;
4973331.5554371606559;2.4096385331517922168e-08;
4973664.9109941981733;1.7963142084909122786e-08;
4973998.2665512356907;8.2487172647915940615e-09;
4974331.6221082732081;7.4499517666026804363e-09;
4974664.9776653107256;7.4834396457390539581e-09;
4974998.333222348243;7.9378832396059806342e-09;
4975331.6887793857604;7.440417171267199592e-09;
4975665.0443364232779;6.8928724950012565387e-09;
4975998.3998934607953;7.2567756248531622987e-09;
4976331.7554504983127;7.0893393377957636403e-09;
4976665.1110075358301;7.3822712387539013434e-09;
4976998.4665645733476;7.6547355121192595107e-09;
4977331.822121610865;7.7034751910787235829e-09;
4977665.1776786483824;7.3628307895035050024e-09;
4977998.5332356858999;7.2110903914790469571e-09;
4978331.8887927234173;7.3094632568881934276e-09;
4978665.2443497609347;7.3205530526365691912e-09;
4978998.5999067984521;7.4165749097687694302e-09;
4979331.9554638359696;7.5097785767752611719e-09;
4979665.311020873487;7.3768005037777584221e-09;
4979998.6665779110044;7.5396400234239990823e-09;
4980332.0221349485219;7.6452337793853075709e-09;
4980665.3776919860393;7.832030135546119709e-09;
4980998.7332490235567;7.3096813046902298083e-09;
4981332.0888060610741;7.3611881035162696207e-09;
4981665.4443630985916;7.0667711682403933082e-09;
4981998.799920136109;6.8240884054660000402e-09;
4982332.1554771736264;7.486871567152775242e-09;
4982665.5110342111439;7.0928893869393050409e-09;
4982998.8665912486613;7.5248065556365872908e-09;
4983332.2221482861787;7.2983898924405821163e-09;
4983665.5777053236961;7.2744663626167493931e-09;
4983998.9332623612136;7.7367570128217266756e-09;
4984332.288819398731;7.0826544629198906478e-09;
4984665.6443764362484;7.2227668290736346535e-09;
4984998.9999334737659;7.1819621361157715e-09;
4985332.3554905112833;7.1495098730167683243e-09;
4985665.7110475488007;7.6830675155292738054e-09;
4985999.0666045863181;7.3149224455448802473e-09;
4986332.4221616238356;7.1323360550934467028e-09;
4986665.777718661353;7.1566472747974785307e-09;
4986999.1332756988704;6.9579852990386825695e-09;
4987332.4888327363878;7.0771197790975293174e-09;
4987665.8443897739053;7.0653931594222285639e-09;
4987999.1999468114227;7.5149122480411278957e-09;
4988332.5555038489401;7.0701609011791788362e-09;
4988665.9110608864576;7.2578978382864534069e-09;
4988999.266617923975;7.3175958625881776243e-09;
4989332.6221749614924;7.3710229031576091074e-09;
4989665.9777319990098;7.3369941233636382094e-09;
4989999.3332890365273;7.2971464426530019409e-09;
4990332.6888460740447;7.2648371762795704853e-09;
4990666.0444031115621;7.1096186715635667497e-09;
4990999.3999601490796;6.6712981805494564469e-09;
4991332.755517186597;7.3894201868540676514e-09;
4991666.1110742241144;7.2931225503225505236e-09;
4991999.4666312616318;7.3573485082079059794e-09;
4992332.8221882991493;7.4493233803707425977e-09;
4992666.1777453366667;7.3135475453511844535e-09;
4992999.5333023741841;7.2865269373778573936e-09;
4993332.8888594117016;7.3385280074944603257e-09;
4993666.244416449219;6.9870025320994955109e-09;
4993999.5999734867364;7.1218564379194049252e-09;
4994332.9555305242538;7.1021535319459871971e-09;
4994666.3110875617713;7.2709398502013300458e-09;
4994999.6666445992887;7.3799113486927581107e-09;
4995333.0222016368061;7.3779409248686533829e-09;
4995666.3777586743236;7.4818879980398378393e-09;
4995999.733315711841;7.3548029888570454204e-09;
4996333.0888727493584;7.313714522894088077e-09;
4996666.4444297868758;6.8902816785509912734e-09;
4996999.7999868243933;6.9943588698606617982e-09;
4997333.1555438619107;7.1394063994034695497e-09;
4997666.5111008994281;7.3177628401310812478e-09;
4997999.8666579369456;6.9994228191205820622e-09;
4998333.222214974463;7.0826047249283874407e-09;
4998666.5777720119804;6.8851999657226770069e-09;
4998999.9333290494978;7.1189170114394073607e-09;
4999333.2888860870153;7.628652376467925933e-09;
4999666.6444431245327;7.472509722106224217e-09;
5000000.0000001620501;7.0883054981152326945e-09;
