#######################################################################################
# log primitive debug message of FSDB dumping                                         #
# This is for R&D to analyze when there are issues happening when FSDB dump           #
#######################################################################################
ANF: vcsd_get_serial_mode_status('/home/linhaid/swashispin-mini/rtl/simulator2: undefined symbol: vcsd_get_serial_mode_status')
ANF: vcsd_enable_sva_success_callback('/home/linhaid/swashispin-mini/rtl/simulator2: undefined symbol: vcsd_enable_sva_success_callback')
ANF: vcsd_disable_sva_success_callback('/home/linhaid/swashispin-mini/rtl/simulator2: undefined symbol: vcsd_disable_sva_success_callback')
ANF: vcsd_get_power_scope_name('/home/linhaid/swashispin-mini/rtl/simulator2: undefined symbol: vcsd_get_power_scope_name')
ANF: vcsd_dump_var_vpdg('/home/linhaid/swashispin-mini/rtl/simulator2: undefined symbol: vcsd_dump_var_vpdg')
ANF: vcsd_begin_no_value_var_info('/home/linhaid/swashispin-mini/rtl/simulator2: undefined symbol: vcsd_begin_no_value_var_info')
ANF: vcsd_end_no_value_var_info('/home/linhaid/swashispin-mini/rtl/simulator2: undefined symbol: vcsd_end_no_value_var_info')
ANF: vcsd_remove_xprop_merge_mode_callback('/home/linhaid/swashispin-mini/rtl/simulator2: undefined symbol: vcsd_remove_xprop_merge_mode_callback')
ANF: vhpi_get_cb_info('/home/linhaid/swashispin-mini/rtl/simulator2: undefined symbol: vhpi_get_cb_info')
ANF: vhpi_free_handle('/home/linhaid/swashispin-mini/rtl/simulator2: undefined symbol: vhpi_free_handle')
ANF: vhpi_fetch_vcsd_handle('/home/linhaid/swashispin-mini/rtl/simulator2: undefined symbol: vhpi_fetch_vcsd_handle')
ANF: vhpi_fetch_vpi_handle('/home/linhaid/swashispin-mini/rtl/simulator2: undefined symbol: vhpi_fetch_vpi_handle')
ANF: vhpi_has_verilog_parent('/home/linhaid/swashispin-mini/rtl/simulator2: undefined symbol: vhpi_has_verilog_parent')
ANF: vhpi_is_verilog_scope('/home/linhaid/swashispin-mini/rtl/simulator2: undefined symbol: vhpi_is_verilog_scope')
ANF: scsd_xprop_is_enabled('/home/linhaid/swashispin-mini/rtl/simulator2: undefined symbol: scsd_xprop_is_enabled')
ANF: scsd_xprop_sig_is_promoted('/home/linhaid/swashispin-mini/rtl/simulator2: undefined symbol: scsd_xprop_sig_is_promoted')
ANF: scsd_xprop_int_xvalue('/home/linhaid/swashispin-mini/rtl/simulator2: undefined symbol: scsd_xprop_int_xvalue')
ANF: scsd_xprop_bool_xvalue('/home/linhaid/swashispin-mini/rtl/simulator2: undefined symbol: scsd_xprop_bool_xvalue')
ANF: scsd_xprop_enum_xvalue('/home/linhaid/swashispin-mini/rtl/simulator2: undefined symbol: scsd_xprop_enum_xvalue')
ANF: scsd_xprop_register_merge_mode_cb('/home/linhaid/swashispin-mini/rtl/simulator2: undefined symbol: scsd_xprop_register_merge_mode_cb')
ANF: scsd_xprop_delete_merge_mode_cb('/home/linhaid/swashispin-mini/rtl/simulator2: undefined symbol: scsd_xprop_delete_merge_mode_cb')
ANF: scsd_xprop_get_merge_mode('/home/linhaid/swashispin-mini/rtl/simulator2: undefined symbol: scsd_xprop_get_merge_mode')
ANF: scsd_thread_get_info('/home/linhaid/swashispin-mini/rtl/simulator2: undefined symbol: scsd_thread_get_info')
ANF: scsd_thread_vc_init('/home/linhaid/swashispin-mini/rtl/simulator2: undefined symbol: scsd_thread_vc_init')
ANF: scsd_master_set_delta_sync_cbk('/home/linhaid/swashispin-mini/rtl/simulator2: undefined symbol: scsd_master_set_delta_sync_cbk')
ANF: scsd_fgp_get_fsdb_cores('/home/linhaid/swashispin-mini/rtl/simulator2: undefined symbol: scsd_fgp_get_fsdb_cores')
ANF: scsd_fgp_get_is_cpu_affinity_disabled('/home/linhaid/swashispin-mini/rtl/simulator2: undefined symbol: scsd_fgp_get_is_cpu_affinity_disabled')
ANF: vdi_dt_get_vlog_variant_size_array_info('/home/linhaid/swashispin-mini/rtl/simulator2: undefined symbol: vdi_dt_get_vlog_variant_size_array_info')
ANF: vhdi_dt_get_type('/home/linhaid/swashispin-mini/rtl/simulator2: undefined symbol: vhdi_dt_get_type')
ANF: vhdi_dt_get_key('/home/linhaid/swashispin-mini/rtl/simulator2: undefined symbol: vhdi_dt_get_key')
ANF: vhdi_dt_get_vhdl_enum_info('/home/linhaid/swashispin-mini/rtl/simulator2: undefined symbol: vhdi_dt_get_vhdl_enum_info')
ANF: vhdi_dt_get_vhdl_physical_info('/home/linhaid/swashispin-mini/rtl/simulator2: undefined symbol: vhdi_dt_get_vhdl_physical_info')
ANF: vhdi_dt_get_vhdl_array_info('/home/linhaid/swashispin-mini/rtl/simulator2: undefined symbol: vhdi_dt_get_vhdl_array_info')
ANF: vhdi_dt_get_vhdl_record_info('/home/linhaid/swashispin-mini/rtl/simulator2: undefined symbol: vhdi_dt_get_vhdl_record_info')
ANF: vhdi_dt_get_vhdl_integer_range_info('/home/linhaid/swashispin-mini/rtl/simulator2: undefined symbol: vhdi_dt_get_vhdl_integer_range_info')
ANF: vhdi_def_traverse_module('/home/linhaid/swashispin-mini/rtl/simulator2: undefined symbol: vhdi_def_traverse_module')
ANF: vhdi_def_traverse_scope('/home/linhaid/swashispin-mini/rtl/simulator2: undefined symbol: vhdi_def_traverse_scope')
ANF: vhdi_def_traverse_variable('/home/linhaid/swashispin-mini/rtl/simulator2: undefined symbol: vhdi_def_traverse_variable')
ANF: vhdi_def_get_module_id_by_vhpi('/home/linhaid/swashispin-mini/rtl/simulator2: undefined symbol: vhdi_def_get_module_id_by_vhpi')
ANF: vhdi_def_get_handle_by_module_id('/home/linhaid/swashispin-mini/rtl/simulator2: undefined symbol: vhdi_def_get_handle_by_module_id')
ANF: vhdi_def_get_variable_info_by_vhpi('/home/linhaid/swashispin-mini/rtl/simulator2: undefined symbol: vhdi_def_get_variable_info_by_vhpi')
ANF: vhdi_def_free('/home/linhaid/swashispin-mini/rtl/simulator2: undefined symbol: vhdi_def_free')
ANF: vhdi_ist_traverse_scope('/home/linhaid/swashispin-mini/rtl/simulator2: undefined symbol: vhdi_ist_traverse_scope')
ANF: vhdi_ist_traverse_variable('/home/linhaid/swashispin-mini/rtl/simulator2: undefined symbol: vhdi_ist_traverse_variable')
ANF: vhdi_ist_convert_by_vhpi('/home/linhaid/swashispin-mini/rtl/simulator2: undefined symbol: vhdi_ist_convert_by_vhpi')
ANF: vhdi_ist_clone('/home/linhaid/swashispin-mini/rtl/simulator2: undefined symbol: vhdi_ist_clone')
ANF: vhdi_ist_free('/home/linhaid/swashispin-mini/rtl/simulator2: undefined symbol: vhdi_ist_free')
ANF: vhdi_ist_hash_key('/home/linhaid/swashispin-mini/rtl/simulator2: undefined symbol: vhdi_ist_hash_key')
ANF: vhdi_ist_compare('/home/linhaid/swashispin-mini/rtl/simulator2: undefined symbol: vhdi_ist_compare')
ANF: vhdi_ist_get_value_addr('/home/linhaid/swashispin-mini/rtl/simulator2: undefined symbol: vhdi_ist_get_value_addr')
ANF: vhdi_set_scsd_callback('/home/linhaid/swashispin-mini/rtl/simulator2: undefined symbol: vhdi_set_scsd_callback')
ANF: vhdi_cbk_set_force_callback('/home/linhaid/swashispin-mini/rtl/simulator2: undefined symbol: vhdi_cbk_set_force_callback')
ANF: vhdi_trigger_init_force('/home/linhaid/swashispin-mini/rtl/simulator2: undefined symbol: vhdi_trigger_init_force')
ANF: vhdi_ist_check_scsd_callback('/home/linhaid/swashispin-mini/rtl/simulator2: undefined symbol: vhdi_ist_check_scsd_callback')
ANF: vhdi_ist_add_scsd_callback('/home/linhaid/swashispin-mini/rtl/simulator2: undefined symbol: vhdi_ist_add_scsd_callback')
ANF: vhdi_ist_remove_scsd_callback('/home/linhaid/swashispin-mini/rtl/simulator2: undefined symbol: vhdi_ist_remove_scsd_callback')
ANF: vhdi_ist_get_scsd_user_data('/home/linhaid/swashispin-mini/rtl/simulator2: undefined symbol: vhdi_ist_get_scsd_user_data')
ANF: vhdi_add_time_change_callback('/home/linhaid/swashispin-mini/rtl/simulator2: undefined symbol: vhdi_add_time_change_callback')
ANF: vhdi_get_real_value_by_value_addr('/home/linhaid/swashispin-mini/rtl/simulator2: undefined symbol: vhdi_get_real_value_by_value_addr')
ANF: vhdi_get_64_value_by_value_addr('/home/linhaid/swashispin-mini/rtl/simulator2: undefined symbol: vhdi_get_64_value_by_value_addr')
ANF: vhdi_xprop_inst_is_promoted('/home/linhaid/swashispin-mini/rtl/simulator2: undefined symbol: vhdi_xprop_inst_is_promoted')
ANF: vdi_ist_convert_by_vhdi('/home/linhaid/swashispin-mini/rtl/simulator2: undefined symbol: vdi_ist_convert_by_vhdi')
ANF: vhdi_ist_get_module_id('/home/linhaid/swashispin-mini/rtl/simulator2: undefined symbol: vhdi_ist_get_module_id')
ANF: vhdi_refine_foreign_scope_type('/home/linhaid/swashispin-mini/rtl/simulator2: undefined symbol: vhdi_refine_foreign_scope_type')
ANF: vhdi_flush_callback('/home/linhaid/swashispin-mini/rtl/simulator2: undefined symbol: vhdi_flush_callback')
ANF: vhdi_set_orig_name('/home/linhaid/swashispin-mini/rtl/simulator2: undefined symbol: vhdi_set_orig_name')
ANF: vhdi_set_dump_pt('/home/linhaid/swashispin-mini/rtl/simulator2: undefined symbol: vhdi_set_dump_pt')
ANF: vhdi_set_int_subtype('/home/linhaid/swashispin-mini/rtl/simulator2: undefined symbol: vhdi_set_int_subtype')
ANF: vhdi_set_fixed_point('/home/linhaid/swashispin-mini/rtl/simulator2: undefined symbol: vhdi_set_fixed_point')
ANF: vhdi_get_fsdb_option('/home/linhaid/swashispin-mini/rtl/simulator2: undefined symbol: vhdi_get_fsdb_option')
ANF: vhdi_fgp_get_mode('/home/linhaid/swashispin-mini/rtl/simulator2: undefined symbol: vhdi_fgp_get_mode')
ANF: vhdi_node_register_composite_var('/home/linhaid/swashispin-mini/rtl/simulator2: undefined symbol: vhdi_node_register_composite_var')
ANF: vhdi_node_analysis('/home/linhaid/swashispin-mini/rtl/simulator2: undefined symbol: vhdi_node_analysis')
ANF: vhdi_node_id('/home/linhaid/swashispin-mini/rtl/simulator2: undefined symbol: vhdi_node_id')
ANF: vhdi_node_ist_check_scsd_callback('/home/linhaid/swashispin-mini/rtl/simulator2: undefined symbol: vhdi_node_ist_check_scsd_callback')
ANF: vhdi_node_ist_add_scsd_callback('/home/linhaid/swashispin-mini/rtl/simulator2: undefined symbol: vhdi_node_ist_add_scsd_callback')
ANF: vhdi_node_ist_get_value_addr('/home/linhaid/swashispin-mini/rtl/simulator2: undefined symbol: vhdi_node_ist_get_value_addr')
ANF: vhdi_enc_def_traverse_module('/home/linhaid/swashispin-mini/rtl/simulator2: undefined symbol: vhdi_enc_def_traverse_module')
ANF: vhdi_enc_def_traverse_scope('/home/linhaid/swashispin-mini/rtl/simulator2: undefined symbol: vhdi_enc_def_traverse_scope')
ANF: vhdi_enc_def_traverse_variable('/home/linhaid/swashispin-mini/rtl/simulator2: undefined symbol: vhdi_enc_def_traverse_variable')
ANF: vhdi_enc_ist_traverse_scope('/home/linhaid/swashispin-mini/rtl/simulator2: undefined symbol: vhdi_enc_ist_traverse_scope')
ANF: vhdi_enc_ist_traverse_variable('/home/linhaid/swashispin-mini/rtl/simulator2: undefined symbol: vhdi_enc_ist_traverse_variable')
ANF: vhdi_enc_ist_get_module_id('/home/linhaid/swashispin-mini/rtl/simulator2: undefined symbol: vhdi_enc_ist_get_module_id')
ANF: vhdi_enc_def_get_handle_by_module_id('/home/linhaid/swashispin-mini/rtl/simulator2: undefined symbol: vhdi_enc_def_get_handle_by_module_id')
VCS compile option:
 option[0]: /home/linhaid/swashispin-mini/rtl/simulator2
 option[1]: -sml=verdi
 option[2]: +UVM_VERDI_TRACE=UVM_AWARE
 option[3]: +fsdb+gate=off
 option[4]: -ucli2Proc
 option[5]: -ucli
 option[6]: -l
 option[7]: /home/linhaid/swashispin-mini/rtl/verdiLog/sim.log
 option[8]: /synopsys/tools/vcs/V-2023.12-1/linux64/bin/vcs1
 option[9]: -Mcc=gcc
 option[10]: -Mcplusplus=g++
 option[11]: -Masflags=
 option[12]: -Mcfl= -pipe -fPIC -O -I/synopsys/tools/vcs/V-2023.12-1/include 
 option[13]: -Mxllcflags=
 option[14]: -Mxcflags= -pipe -fPIC -I/synopsys/tools/vcs/V-2023.12-1/include
 option[15]: -Mldflags= -rdynamic 
 option[16]: -Mout=simulator2
 option[17]: -Mamsrun=
 option[18]: -Mvcsaceobjs=
 option[19]: -Mobjects= /synopsys/tools/vcs/V-2023.12-1/linux64/lib/libvirsim.so /synopsys/tools/vcs/V-2023.12-1/linux64/lib/liberrorinf.so /synopsys/tools/vcs/V-2023.12-1/linux64/lib/libsnpsmalloc.so /synopsys/tools/vcs/V-2023.12-1/linux64/lib/libvfs.so 
 option[20]: -Mexternalobj=
 option[21]: -Msaverestoreobj=/synopsys/tools/vcs/V-2023.12-1/linux64/lib/vcs_save_restore_new.o
 option[22]: -Mcrt0=
 option[23]: -Mcrtn=
 option[24]: -Mcsrc=sim/cmd_dpi.c 
 option[25]: -Msyslibs=/synopsys/tools/verdi/V-2023.12-1/share/PLI/VCS/LINUX64/pli.a -ldl 
 option[26]: -full64
 option[27]: -debug_acc+all+dmptf
 option[28]: +vpi
 option[29]: +vcsd1
 option[30]: +itf+/synopsys/tools/vcs/V-2023.12-1/linux64/lib/vcsdp_lite.tab
 option[31]: -debug_region+cell+encrypt
 option[32]: -kdb
 option[33]: -Xufe=2steps
 option[34]: +warn=all
 option[35]: -Xcmopt=0x2
 option[36]: -j2
 option[37]: +v2k
 option[38]: -o
 option[39]: simulator2
 option[40]: -picarchive
 option[41]: -P
 option[42]: /synopsys/tools/verdi/V-2023.12-1/share/PLI/VCS/LINUX64/verdi.tab
 option[43]: -fsdb
 option[44]: -sverilog
 option[45]: -gen_obj
 option[46]: +incdir+include
 option[47]: src/dc_spi_master.sv
 option[48]: src/dcli.sv
 option[49]: src/dc_decode.sv
 option[50]: src/dc.sv
 option[51]: src/dc_core.sv
 option[52]: src/dc_dispatcher.sv
 option[53]: src/dc_regs.v
 option[54]: src/launch_regs.v
 option[55]: src/launch.sv
 option[56]: src/sequencer.sv
 option[57]: lib/axil_slave_regs.sv
 option[58]: lib/ad5791.sv
 option[59]: sim/simulator2.sv
 option[60]: -load
 option[61]: /synopsys/tools/verdi/V-2023.12-1/share/PLI/VCS/LINUX64/libnovas.so:FSDBDumpCmd
Chronologic Simulation VCS Release V-2023.12-1_Full64
Linux 4.18.0-553.el8_10.x86_64 #1 SMP Fri May 10 15:19:13 EDT 2024 x86_64
CPU cores: 2
Limit information:
======================================
cputime		unlimited
filesize		unlimited
datasize		unlimited
stacksize		8192 kbytes
coredumpsize		0 kbytes
memoryuse		unlimited
vmemoryuse		unlimited
descriptors		262144
memorylocked		64 kbytes
maxproc		62770
======================================
(Special)Runtime environment variables:

Runtime environment variables:
VCS_TARGET_ARCH=amd64
LC_ALL=C
LD_LIBRARY_PATH=
LS_COLORS=rs=0:di=38;5;33:ln=38;5;51:mh=00:pi=40;38;5;11:so=38;5;13:do=38;5;5:bd=48;5;232;38;5;11:cd=48;5;232;38;5;3:or=48;5;232;38;5;9:mi=01;05;37;41:su=48;5;196;38;5;15:sg=48;5;11;38;5;16:ca=48;5;196;38;5;226:tw=48;5;10;38;5;16:ow=48;5;10;38;5;21:st=48;5;21;38;5;15:ex=38;5;40:*.tar=38;5;9:*.tgz=38;5;9:*.arc=38;5;9:*.arj=38;5;9:*.taz=38;5;9:*.lha=38;5;9:*.lz4=38;5;9:*.lzh=38;5;9:*.lzma=38;5;9:*.tlz=38;5;9:*.txz=38;5;9:*.tzo=38;5;9:*.t7z=38;5;9:*.zip=38;5;9:*.z=38;5;9:*.dz=38;5;9:*.gz=38;5;9:*.lrz=38;5;9:*.lz=38;5;9:*.lzo=38;5;9:*.xz=38;5;9:*.zst=38;5;9:*.tzst=38;5;9:*.bz2=38;5;9:*.bz=38;5;9:*.tbz=38;5;9:*.tbz2=38;5;9:*.tz=38;5;9:*.deb=38;5;9:*.rpm=38;5;9:*.jar=38;5;9:*.war=38;5;9:*.ear=38;5;9:*.sar=38;5;9:*.rar=38;5;9:*.alz=38;5;9:*.ace=38;5;9:*.zoo=38;5;9:*.cpio=38;5;9:*.7z=38;5;9:*.rz=38;5;9:*.cab=38;5;9:*.wim=38;5;9:*.swm=38;5;9:*.dwm=38;5;9:*.esd=38;5;9:*.jpg=38;5;13:*.jpeg=38;5;13:*.mjpg=38;5;13:*.mjpeg=38;5;13:*.gif=38;5;13:*.bmp=38;5;13:*.pbm=38;5;13:*.pgm=38;5;13:*.ppm=38;5;13:*.tga=38;5;13:*.xbm=38;5;13:*.xpm=38;5;13:*.tif=38;5;13:*.tiff=38;5;13:*.png=38;5;13:*.svg=38;5;13:*.svgz=38;5;13:*.mng=38;5;13:*.pcx=38;5;13:*.mov=38;5;13:*.mpg=38;5;13:*.mpeg=38;5;13:*.m2v=38;5;13:*.mkv=38;5;13:*.webm=38;5;13:*.ogm=38;5;13:*.mp4=38;5;13:*.m4v=38;5;13:*.mp4v=38;5;13:*.vob=38;5;13:*.qt=38;5;13:*.nuv=38;5;13:*.wmv=38;5;13:*.asf=38;5;13:*.rm=38;5;13:*.rmvb=38;5;13:*.flc=38;5;13:*.avi=38;5;13:*.fli=38;5;13:*.flv=38;5;13:*.gl=38;5;13:*.dl=38;5;13:*.xcf=38;5;13:*.xwd=38;5;13:*.yuv=38;5;13:*.cgm=38;5;13:*.emf=38;5;13:*.ogv=38;5;13:*.ogx=38;5;13:*.aac=38;5;45:*.au=38;5;45:*.flac=38;5;45:*.m4a=38;5;45:*.mid=38;5;45:*.midi=38;5;45:*.mka=38;5;45:*.mp3=38;5;45:*.mpc=38;5;45:*.ogg=38;5;45:*.ra=38;5;45:*.wav=38;5;45:*.oga=38;5;45:*.opus=38;5;45:*.spx=38;5;45:*.xspf=38;5;45:
SYS_INST_DIR=/synopsys/tools/verdi/V-2023.12-1
XDG_MENU_PREFIX=gnome-
MODULES_RUN_QUARANTINE=LD_LIBRARY_PATH LD_PRELOAD
LANG=C
GDM_LANG=en_US.UTF-8
HISTCONTROL=ignoredups
DISPLAY=:0
HOSTNAME=localhost.localdomain
VCS_STACK_EXEC=true
OLDPWD=/home/linhaid/swashispin-mini
COLORTERM=truecolor
USERNAME=linhaid
SNPSLMD_LICENSE_FILE=1709@license.seas.upenn.edu
XDG_VTNR=2
SSH_AUTH_SOCK=/run/user/1000/keyring/ssh
which_declare=declare -f
XDG_SESSION_ID=1
NOVAS_SYNC_MOTIF_DISP=
MODULES_CMD=/usr/share/Modules/libexec/modulecmd.tcl
USER=linhaid
DESKTOP_SESSION=gnome
VCS_EXEC_DONE=1
WAYLAND_DISPLAY=wayland-0
GNOME_TERMINAL_SCREEN=/org/gnome/Terminal/screen/4c153cae_340f_48cd_a229_327ad793f061
PWD=/home/linhaid/swashispin-mini/rtl
SSH_ASKPASS=/usr/libexec/openssh/gnome-ssh-askpass
HOME=/home/linhaid
VCS_PATHMAP_PRELOAD_DONE=1
XNLSPATH=/synopsys/tools/verdi/V-2023.12-1/etc/access/nls
XDG_SESSION_TYPE=wayland
XDG_DATA_DIRS=/home/linhaid/.local/share/flatpak/exports/share:/var/lib/flatpak/exports/share:/usr/local/share/:/usr/share/
XDG_SESSION_DESKTOP=gnome
GJS_DEBUG_OUTPUT=stderr
SPS_XFONT_PATH=/synopsys/tools/verdi/V-2023.12-1/XFont
LOADEDMODULES=
MAIL=/var/spool/mail/linhaid
LD_NOVERSION=1
QT_PLUGIN_PATH=/synopsys/tools/verdi/V-2023.12-1/platform/LINUXAMD64/lib/Qt/plugins
SHELL=/bin/bash
VTE_VERSION=5204
TERM=xterm-256color
QT_IM_MODULE=ibus
XMODIFIERS=@im=none
LM_LICENSE_FILE=1709@license.seas.upenn.edu
XDG_CURRENT_DESKTOP=GNOME
GNOME_TERMINAL_SERVICE=:1.73
VERDI_HOME=/synopsys/tools/verdi/V-2023.12-1
XDG_SEAT=seat0
SHLVL=2
VCS_ARCH=amd64
MANPATH=:
SPS_FONT_PATH=/synopsys/tools/verdi/V-2023.12-1/font
MODULEPATH=/etc/scl/modulefiles:/etc/scl/modulefiles:/usr/share/Modules/modulefiles:/etc/modulefiles:/usr/share/modulefiles
GDMSESSION=gnome
VERDI_ORIGNAL_LD_LIBRARY_PATH=
GNOME_DESKTOP_SESSION_ID=this-is-deprecated
LOGNAME=linhaid
DBUS_SESSION_BUS_ADDRESS=unix:path=/run/user/1000/bus
SPS_RGB_PATH=/synopsys/tools/verdi/V-2023.12-1/etc/rgb
XDG_RUNTIME_DIR=/run/user/1000
XAUTHORITY=/run/user/1000/.mutter-Xwaylandauth.1YEXI3
MODULEPATH_modshare=/usr/share/Modules/modulefiles:2:/etc/modulefiles:2:/usr/share/modulefiles:2
MALLOC_ARENA_MAX=1
PATH=/bin:/synopsys/tools/vcs/V-2023.12-1/bin:/synopsys/tools/verdi/V-2023.12-1/bin:/bin:/synopsys/tools/vcs/V-2023.12-1/bin:/synopsys/tools/verdi/V-2023.12-1/bin:/home/linhaid/.local/bin:/home/linhaid/bin:/usr/share/Modules/bin:/usr/local/bin:/usr/local/sbin:/usr/bin:/usr/sbin
VCS_HOME=/synopsys/tools/vcs/V-2023.12-1
MODULESHOME=/usr/share/Modules
HISTSIZE=1000
GJS_DEBUG_TOPICS=JS ERROR;JS LOG
SYS_PROG_NAME=verdi
NOVASHLPPATH=/synopsys/tools/verdi/V-2023.12-1/doc
LESSOPEN=||/usr/bin/lesspipe.sh %s
BASH_FUNC_which%%=() {  ( alias;
 eval ${which_declare} ) | /usr/bin/which --tty-only --read-alias --read-functions --show-tilde --show-dot $@
}
BASH_FUNC_module%%=() {  _module_raw "$@" 2>&1
}
BASH_FUNC__module_raw%%=() {  unset _mlshdbg;
 if [ "${MODULES_SILENT_SHELL_DEBUG:-0}" = '1' ]; then
 case "$-" in 
 *v*x*)
 set +vx;
 _mlshdbg='vx'
 ;;
 *v*)
 set +v;
 _mlshdbg='v'
 ;;
 *x*)
 set +x;
 _mlshdbg='x'
 ;;
 *)
 _mlshdbg=''
 ;;
 esac;
 fi;
 unset _mlre _mlIFS;
 if [ -n "${IFS+x}" ]; then
 _mlIFS=$IFS;
 fi;
 IFS=' ';
 for _mlv in ${MODULES_RUN_QUARANTINE:-};
 do
 if [ "${_mlv}" = "${_mlv##*[!A-Za-z0-9_]}" -a "${_mlv}" = "${_mlv#[0-9]}" ]; then
 if [ -n "`eval 'echo ${'$_mlv'+x}'`" ]; then
 _mlre="${_mlre:-}${_mlv}_modquar='`eval 'echo ${'$_mlv'}'`' ";
 fi;
 _mlrv="MODULES_RUNENV_${_mlv}";
 _mlre="${_mlre:-}${_mlv}='`eval 'echo ${'$_mlrv':-}'`' ";
 fi;
 done;
 if [ -n "${_mlre:-}" ]; then
 eval `eval ${_mlre} /usr/bin/tclsh /usr/share/Modules/libexec/modulecmd.tcl bash '"$@"'`;
 else
 eval `/usr/bin/tclsh /usr/share/Modules/libexec/modulecmd.tcl bash "$@"`;
 fi;
 _mlstatus=$?;
 if [ -n "${_mlIFS+x}" ]; then
 IFS=$_mlIFS;
 else
 unset IFS;
 fi;
 unset _mlre _mlv _mlrv _mlIFS;
 if [ -n "${_mlshdbg:-}" ]; then
 set -$_mlshdbg;
 fi;
 unset _mlshdbg;
 return $_mlstatus
}
BASH_FUNC_switchml%%=() {  typeset swfound=1;
 if [ "${MODULES_USE_COMPAT_VERSION:-0}" = '1' ]; then
 typeset swname='main';
 if [ -e /usr/share/Modules/libexec/modulecmd.tcl ]; then
 typeset swfound=0;
 unset MODULES_USE_COMPAT_VERSION;
 fi;
 else
 typeset swname='compatibility';
 if [ -e /usr/share/Modules/libexec/modulecmd-compat ]; then
 typeset swfound=0;
 MODULES_USE_COMPAT_VERSION=1;
 export MODULES_USE_COMPAT_VERSION;
 fi;
 fi;
 if [ $swfound -eq 0 ]; then
 echo "Switching to Modules $swname version";
 source /usr/share/Modules/init/bash;
 else
 echo "Cannot switch to Modules $swname version, command not found";
 return 1;
 fi
}
BASH_FUNC_scl%%=() {  if [ "$1" = "load" -o "$1" = "unload" ]; then
 eval "module $@";
 else
 /usr/bin/scl "$@";
 fi
}
BASH_FUNC_ml%%=() {  module ml "$@"
}
NOVAS_LC_ALL=C
SIMV_DAIDIR_PATH=/home/linhaid/swashispin-mini/rtl/./simulator2.daidir
NOVAS_SIGNAL_BASE_EXTRACTION=1
SIGNAL_BASE_EXTRACTION=1
NOVAS_VERDI_SVTB_BETA=1
VERDI_SVTB_BETA=1
NOVAS_VERDI_SVTB_ALPHA=1
VERDI_SVTB_ALPHA=1
NOVAS_VERDI_TB_HT=1
VERDI_TB_HT=1
NOVAS_WAVE_REDRAW_ALLVC=1
WAVE_REDRAW_ALLVC=1
NOVAS_TCL_LIBRARY=/synopsys/tools/verdi/V-2023.12-1/etc/access/tcl86_library
TCL_LIBRARY=/synopsys/tools/verdi/V-2023.12-1/etc/access/tcl86_library
XKEYSYMDB=/synopsys/tools/verdi/V-2023.12-1/etc/access/XKeysymDB2.1
XLOCALEDIR=/synopsys/tools/verdi/V-2023.12-1/etc/access/locale
NOVAS_SIGNAL_BASED_BA=0
SIGNAL_BASED_BA=0
SNPS_SIM_DEFAULT_GUI=verdi
FSDB_FILE=/home/linhaid/swashispin-mini/rtl/inter.fsdb
VCS_UCLI_STDIN_BLOCKING=1
FSDB_VHDL_PROTECTED=1
FSDB_RD_IR_ENABLE=1
FSDB_SVA_STATUS=1
VCS_STOP_SAFE=1
DVE_SIM_SELECT_LOOP=on
FLEXLM_BORROWFILE=/home/linhaid/.localhost.localdomain-borrow.txt
Runtime command line arguments:
argv[0]=/home/linhaid/swashispin-mini/rtl/simulator2
argv[1]=-sml=verdi
argv[2]=+UVM_VERDI_TRACE=UVM_AWARE
argv[3]=+fsdb+gate=off
argv[4]=-ucli2Proc
argv[5]=-ucli
argv[6]=-l
argv[7]=/home/linhaid/swashispin-mini/rtl/verdiLog/sim.log
**********Message Rewind**************
40286 argv[3]: +trace_process
40287 *Verdi* ERROR: The #2 argument "simulator.DCRFLI.RF_GEN[0].RF.CORE.o_sample_end[19:0]" is invalid
40288 *Verdi* ERROR: Failed to dump because the specified instance or option is not correct
40289 *Verdi* ERROR: Syntax - fsdbDumpvars [depth] [instance] [option]*
40290 sps_tcl_fsdbDumpflush_vd_main at 0 : N/A(0)
40291 *Verdi* : Flush all FSDB Files at 0 ps.
40292 sps_tcl_fsdbDumpvars_vd_main
40293 argv[0]: 0
40294 argv[1]: simulator.DCRFLI.RF_GEN[0].RF.CORE.o_QIx8[255:0]
40295 argv[2]: +all
40296 argv[3]: +trace_process
40297 *Verdi* ERROR: The #2 argument "simulator.DCRFLI.RF_GEN[0].RF.CORE.o_QIx8[255:0]" is invalid
40298 *Verdi* ERROR: Failed to dump because the specified instance or option is not correct
40299 *Verdi* ERROR: Syntax - fsdbDumpvars [depth] [instance] [option]*
40300 sps_tcl_fsdbDumpflush_vd_main at 0 : N/A(0)
40301 *Verdi* : Flush all FSDB Files at 0 ps.
40302 sps_tcl_fsdbDumpvars_vd_main
40303 argv[0]: 0
40304 argv[1]: simulator.RF_IO_GEN[0].DAC.i_clk
40305 argv[2]: +all
40306 argv[3]: +trace_process
40307 *Verdi* ERROR: The #2 argument "simulator.RF_IO_GEN[0].DAC.i_clk" is invalid
40308 *Verdi* ERROR: Failed to dump because the specified instance or option is not correct
40309 *Verdi* ERROR: Syntax - fsdbDumpvars [depth] [instance] [option]*
40310 sps_tcl_fsdbDumpflush_vd_main at 0 : N/A(0)
40311 *Verdi* : Flush all FSDB Files at 0 ps.
40312 sps_tcl_fsdbDumpvars_vd_main
40313 argv[0]: 0
40314 argv[1]: simulator.RF_IO_GEN[0].DAC.i_dac_clk
40315 argv[2]: +all
40316 argv[3]: +trace_process
40317 *Verdi* ERROR: The #2 argument "simulator.RF_IO_GEN[0].DAC.i_dac_clk" is invalid
40318 *Verdi* ERROR: Failed to dump because the specified instance or option is not correct
40319 *Verdi* ERROR: Syntax - fsdbDumpvars [depth] [instance] [option]*
40320 sps_tcl_fsdbDumpflush_vd_main at 0 : N/A(0)
40321 *Verdi* : Flush all FSDB Files at 0 ps.
40322 sps_tcl_fsdbDumpvars_vd_main
40323 argv[0]: 0
40324 argv[1]: simulator.RF_IO_GEN[0].DAC.dac_cycle
40325 argv[2]: +all
40326 argv[3]: +trace_process
40327 *Verdi* ERROR: The #2 argument "simulator.RF_IO_GEN[0].DAC.dac_cycle" is invalid
40328 *Verdi* ERROR: Failed to dump because the specified instance or option is not correct
40329 *Verdi* ERROR: Syntax - fsdbDumpvars [depth] [instance] [option]*
40330 sps_tcl_fsdbDumpflush_vd_main at 0 : N/A(0)
40331 *Verdi* : Flush all FSDB Files at 0 ps.
40332 sps_tcl_fsdbDumpvars_vd_main
40333 argv[0]: 0
40334 argv[1]: simulator.RF_IO_GEN[0].DAC.i_QIx8[255:0]
40335 argv[2]: +all
40336 argv[3]: +trace_process
40337 *Verdi* ERROR: The #2 argument "simulator.RF_IO_GEN[0].DAC.i_QIx8[255:0]" is invalid
40338 *Verdi* ERROR: Failed to dump because the specified instance or option is not correct
40339 *Verdi* ERROR: Syntax - fsdbDumpvars [depth] [instance] [option]*
40340 sps_tcl_fsdbDumpflush_vd_main at 0 : N/A(0)
40341 *Verdi* : Flush all FSDB Files at 0 ps.
40342 sps_tcl_fsdbDumpvars_vd_main
40343 argv[0]: 0
40344 argv[1]: simulator.RF_IO_GEN[0].DAC.w_Ix8[7:0][13:0]
40345 argv[2]: +all
40346 argv[3]: +trace_process
40347 *Verdi* ERROR: The #2 argument "simulator.RF_IO_GEN[0].DAC.w_Ix8[7:0][13:0]" is invalid
40348 *Verdi* ERROR: Failed to dump because the specified instance or option is not correct
40349 *Verdi* ERROR: Syntax - fsdbDumpvars [depth] [instance] [option]*
40350 sps_tcl_fsdbDumpflush_vd_main at 0 : N/A(0)
40351 *Verdi* : Flush all FSDB Files at 0 ps.
40352 sps_tcl_fsdbDumpvars_vd_main
40353 argv[0]: 0
40354 argv[1]: simulator.RF_IO_GEN[0].DAC.w_Qx8[7:0][13:0]
40355 argv[2]: +all
40356 argv[3]: +trace_process
40357 *Verdi* ERROR: The #2 argument "simulator.RF_IO_GEN[0].DAC.w_Qx8[7:0][13:0]" is invalid
40358 *Verdi* ERROR: Failed to dump because the specified instance or option is not correct
40359 *Verdi* ERROR: Syntax - fsdbDumpvars [depth] [instance] [option]*
40360 sps_tcl_fsdbDumpflush_vd_main at 0 : N/A(0)
40361 *Verdi* : Flush all FSDB Files at 0 ps.
40362 sps_tcl_fsdbDumpvars_vd_main
40363 argv[0]: 0
40364 argv[1]: simulator.RF_IO_GEN[0].DAC.o_I[13:0]
40365 argv[2]: +all
40366 argv[3]: +trace_process
40367 *Verdi* ERROR: The #2 argument "simulator.RF_IO_GEN[0].DAC.o_I[13:0]" is invalid
40368 *Verdi* ERROR: Failed to dump because the specified instance or option is not correct
40369 *Verdi* ERROR: Syntax - fsdbDumpvars [depth] [instance] [option]*
40370 sps_tcl_fsdbDumpflush_vd_main at 0 : N/A(0)
40371 *Verdi* : Flush all FSDB Files at 0 ps.
40372 sps_tcl_fsdbDumpvars_vd_main
40373 argv[0]: 0
40374 argv[1]: simulator.RF_IO_GEN[0].DAC.o_Q[13:0]
40375 argv[2]: +all
40376 argv[3]: +trace_process
40377 *Verdi* ERROR: The #2 argument "simulator.RF_IO_GEN[0].DAC.o_Q[13:0]" is invalid
40378 *Verdi* ERROR: Failed to dump because the specified instance or option is not correct
40379 *Verdi* ERROR: Syntax - fsdbDumpvars [depth] [instance] [option]*
40380 sps_tcl_fsdbDumpflush_vd_main at 0 : N/A(0)
40381 *Verdi* : Flush all FSDB Files at 0 ps.
40382 sps_tcl_fsdbDumpvars_vd_main
40383 argv[0]: 0
40384 argv[1]: simulator.RF_IO_GEN[0].DAC.I
40385 argv[2]: +all
40386 argv[3]: +trace_process
40387 *Verdi* ERROR: The #2 argument "simulator.RF_IO_GEN[0].DAC.I" is invalid
40388 *Verdi* ERROR: Failed to dump because the specified instance or option is not correct
40389 *Verdi* ERROR: Syntax - fsdbDumpvars [depth] [instance] [option]*
40390 sps_tcl_fsdbDumpflush_vd_main at 0 : N/A(0)
40391 *Verdi* : Flush all FSDB Files at 0 ps.
40392 sps_tcl_fsdbDumpvars_vd_main
40393 argv[0]: 0
40394 argv[1]: simulator.RF_IO_GEN[0].DAC.Q
40395 argv[2]: +all
40396 argv[3]: +trace_process
40397 *Verdi* ERROR: The #2 argument "simulator.RF_IO_GEN[0].DAC.Q" is invalid
40398 *Verdi* ERROR: Failed to dump because the specified instance or option is not correct
40399 *Verdi* ERROR: Syntax - fsdbDumpvars [depth] [instance] [option]*
40400 sps_tcl_fsdbDumpflush_vd_main at 0 : N/A(0)
40401 *Verdi* : Flush all FSDB Files at 0 ps.
40402 sps_tcl_fsdbDumpvars_vd_main
40403 argv[0]: 0
40404 argv[1]: simulator.RF_IO_GEN[0].DAC.deg
40405 argv[2]: +all
40406 argv[3]: +trace_process
40407 *Verdi* ERROR: The #2 argument "simulator.RF_IO_GEN[0].DAC.deg" is invalid
40408 *Verdi* ERROR: Failed to dump because the specified instance or option is not correct
40409 *Verdi* ERROR: Syntax - fsdbDumpvars [depth] [instance] [option]*
40410 sps_tcl_fsdbDumpflush_vd_main at 0 : N/A(0)
40411 *Verdi* : Flush all FSDB Files at 0 ps.
40412 sps_tcl_fsdbDumpvars_vd_main
40413 argv[0]: 0
40414 argv[1]: simulator.RF_IO_GEN[0].DAC.rad
40415 argv[2]: +all
40416 argv[3]: +trace_process
40417 *Verdi* ERROR: The #2 argument "simulator.RF_IO_GEN[0].DAC.rad" is invalid
40418 *Verdi* ERROR: Failed to dump because the specified instance or option is not correct
40419 *Verdi* ERROR: Syntax - fsdbDumpvars [depth] [instance] [option]*
40420 sps_tcl_fsdbDumpflush_vd_main at 0 : N/A(0)
40421 *Verdi* : Flush all FSDB Files at 0 ps.
40422 sps_tcl_fsdbDumpvars_vd_main
40423 argv[0]: 0
40424 argv[1]: simulator.RF_IO_GEN[0].DAC.nco_i
40425 argv[2]: +all
40426 argv[3]: +trace_process
40427 *Verdi* ERROR: The #2 argument "simulator.RF_IO_GEN[0].DAC.nco_i" is invalid
40428 *Verdi* ERROR: Failed to dump because the specified instance or option is not correct
40429 *Verdi* ERROR: Syntax - fsdbDumpvars [depth] [instance] [option]*
40430 sps_tcl_fsdbDumpflush_vd_main at 0 : N/A(0)
40431 *Verdi* : Flush all FSDB Files at 0 ps.
40432 sps_tcl_fsdbDumpvars_vd_main
40433 argv[0]: 0
40434 argv[1]: simulator.RF_IO_GEN[0].DAC.nco_q
40435 argv[2]: +all
40436 argv[3]: +trace_process
40437 *Verdi* ERROR: The #2 argument "simulator.RF_IO_GEN[0].DAC.nco_q" is invalid
40438 *Verdi* ERROR: Failed to dump because the specified instance or option is not correct
40439 *Verdi* ERROR: Syntax - fsdbDumpvars [depth] [instance] [option]*
40440 sps_tcl_fsdbDumpflush_vd_main at 0 : N/A(0)
40441 *Verdi* : Flush all FSDB Files at 0 ps.
40442 sps_tcl_fsdbDumpvars_vd_main
40443 argv[0]: 0
40444 argv[1]: simulator.RF_IO_GEN[0].DAC.o_vrf
40445 argv[2]: +all
40446 argv[3]: +trace_process
40447 *Verdi* ERROR: The #2 argument "simulator.RF_IO_GEN[0].DAC.o_vrf" is invalid
40448 *Verdi* ERROR: Failed to dump because the specified instance or option is not correct
40449 *Verdi* ERROR: Syntax - fsdbDumpvars [depth] [instance] [option]*
40450 sps_tcl_fsdbDumpflush_vd_main at 0 : N/A(0)
40451 *Verdi* : Flush all FSDB Files at 0 ps.
40452 sps_tcl_fsdbDumpvars_vd_main
40453 argv[0]: 0
40454 argv[1]: simulator.DCRFLI.BTN.i_clk
40455 argv[2]: +all
40456 argv[3]: +trace_process
40457 *Verdi* ERROR: The #2 argument "simulator.DCRFLI.BTN.i_clk" is invalid
40458 *Verdi* ERROR: Failed to dump because the specified instance or option is not correct
40459 *Verdi* ERROR: Syntax - fsdbDumpvars [depth] [instance] [option]*
40460 sps_tcl_fsdbDumpflush_vd_main at 0 : N/A(0)
40461 *Verdi* : Flush all FSDB Files at 0 ps.
40462 sps_tcl_fsdbDumpvars_vd_main
40463 argv[0]: 0
40464 argv[1]: simulator.DCRFLI.BTN.i_rst
40465 argv[2]: +all
40466 argv[3]: +trace_process
40467 *Verdi* ERROR: The #2 argument "simulator.DCRFLI.BTN.i_rst" is invalid
40468 *Verdi* ERROR: Failed to dump because the specified instance or option is not correct
40469 *Verdi* ERROR: Syntax - fsdbDumpvars [depth] [instance] [option]*
40470 sps_tcl_fsdbDumpflush_vd_main at 0 : N/A(0)
40471 *Verdi* : Flush all FSDB Files at 0 ps.
40472 sps_tcl_fsdbDumpvars_vd_main
40473 argv[0]: 0
40474 argv[1]: simulator.DCRFLI.BTN.i_btn[0]
40475 argv[2]: +all
40476 argv[3]: +trace_process
40477 *Verdi* ERROR: The #2 argument "simulator.DCRFLI.BTN.i_btn[0]" is invalid
40478 *Verdi* ERROR: Failed to dump because the specified instance or option is not correct
40479 *Verdi* ERROR: Syntax - fsdbDumpvars [depth] [instance] [option]*
40480 sps_tcl_fsdbDumpflush_vd_main at 0 : N/A(0)
40481 *Verdi* : Flush all FSDB Files at 0 ps.
40482 sps_tcl_fsdbDumpvars_vd_main
40483 argv[0]: 0
40484 argv[1]: simulator.DCRFLI.BTN.w_btn_steady[0]
40485 argv[2]: +all
40486 argv[3]: +trace_process
40487 *Verdi* ERROR: The #2 argument "simulator.DCRFLI.BTN.w_btn_steady[0]" is invalid
40488 *Verdi* ERROR: Failed to dump because the specified instance or option is not correct
40489 *Verdi* ERROR: Syntax - fsdbDumpvars [depth] [instance] [option]*
40490 sps_tcl_fsdbDumpflush_vd_main at 0 : N/A(0)
40491 *Verdi* : Flush all FSDB Files at 0 ps.
40492 sps_tcl_fsdbDumpvars_vd_main
40493 argv[0]: 0
40494 argv[1]: simulator.DCRFLI.BTN.r_ff1[0]
40495 argv[2]: +all
40496 argv[3]: +trace_process
40497 *Verdi* ERROR: The #2 argument "simulator.DCRFLI.BTN.r_ff1[0]" is invalid
40498 *Verdi* ERROR: Failed to dump because the specified instance or option is not correct
40499 *Verdi* ERROR: Syntax - fsdbDumpvars [depth] [instance] [option]*
40500 sps_tcl_fsdbDumpflush_vd_main at 0 : N/A(0)
40501 *Verdi* : Flush all FSDB Files at 0 ps.
40502 sps_tcl_fsdbDumpvars_vd_main
40503 argv[0]: 0
40504 argv[1]: simulator.DCRFLI.BTN.r_ff2[0]
40505 argv[2]: +all
40506 argv[3]: +trace_process
40507 *Verdi* ERROR: The #2 argument "simulator.DCRFLI.BTN.r_ff2[0]" is invalid
40508 *Verdi* ERROR: Failed to dump because the specified instance or option is not correct
40509 *Verdi* ERROR: Syntax - fsdbDumpvars [depth] [instance] [option]*
40510 sps_tcl_fsdbDumpflush_vd_main at 0 : N/A(0)
40511 *Verdi* : Flush all FSDB Files at 0 ps.
40512 sps_tcl_fsdbDumpvars_vd_main
40513 argv[0]: 0
40514 argv[1]: simulator.DCRFLI.BTN.o_pressed[0]
40515 argv[2]: +all
40516 argv[3]: +trace_process
40517 *Verdi* ERROR: The #2 argument "simulator.DCRFLI.BTN.o_pressed[0]" is invalid
40518 *Verdi* ERROR: Failed to dump because the specified instance or option is not correct
40519 *Verdi* ERROR: Syntax - fsdbDumpvars [depth] [instance] [option]*
40520 sps_tcl_fsdbDumpflush_vd_main at 0 : N/A(0)
40521 *Verdi* : Flush all FSDB Files at 0 ps.
40522 sps_tcl_fsdbDumpflush_vd_main at 2143180000 : N/A(0)
40523 *Verdi* : Flush all FSDB Files at 2,143,180,000 ps.
40524 sps_tcl_fsdbDumpflush_vd_main at 4286360000 : N/A(0)
40525 *Verdi* : Flush all FSDB Files at 4,286,360,000 ps.
40526 End of simulation at 4286360000
40527 Memory usage: 416.076 M
40528 Maximum resident set size: 126 MB
40529 Hard page faults: 2
40530 Soft page faults: 6401
40531 Elapsed time:    0:11:18    Sat Jan 17 15:23:58 2026
40532 User CPU time used: 1 seconds
40533 System CPU time used: 1 seconds
40534 Begin FSDB profile info:
40535 FSDB Writer : bc1(456) bcn(27024) mtf/stf(0/3692)
FSDB Writer elapsed time : flush(2.251649) io wait(0.000000) theadpool wait(0.000000)
FSDB Writer cpu time : MT Compression : 0
40536 End FSDB profile info
40537 FSDB closed. Name: /home/linhaid/swashispin-mini/rtl/inter.fsdb Size: 147970
40538 Parallel profile     - ProducerThread:1 ConsumerThread:1 Buffer:64MB
40539                      - BlockUsed:1 Acquire:0 BufferUsed:4930
40540                      - Flush:7382 Expand:0 ProducerWait:0 ConsumerWait:0
40541                      - MainProducerTime:3.097693848 TotalConsumerTime:0.000000000
40542                      - ElapsedTime:676.460787000
40543 Producer   0 profile - BlockUsed:3 Acquire:0 BufferUsed:4930
40544 Consumer   0 profile - Affinity:-1 CPUTime:0.000000000 LifeTime:0.000000000 (-nan%)
40545                      - BlockUsed:3 Acquire:0 BufferUsed:4930
40546 SimExit
40547 Elapsed time:    0:11:18    Sat Jan 17 15:23:58 2026
40548 User CPU time used: 1 seconds
40549 System CPU time used: 1 seconds
40550 Sim process exit
tion]*
30540 sps_tcl_fsdbDumpflush_vd_main at 0 : N/A(0)
30541 *Verdi* : Flush all FSDB Files at 0 ps.
30542 sps_tcl_fsdbDumpvars_vd_main
30543 argv[0]: 0
30544 argv[1]: simulator.DCRFLI.RF_GEN[4].RF.CORE.CORDIC_GEN[2].CORDIC.c[15]
30545 argv[2]: +all
30546 argv[3]: +trace_process
30547 *Verdi* ERROR: The #2 argument "simulator.DCRFLI.RF_GEN[4].RF.CORE.CORDIC_GEN[2].CORDIC.c[15]" is invalid
30548 *Verdi* ERROR: Failed to dump because the specified instance or option is not correct
30549 *Verdi* ERROR: Syntax - fsdbDumpvars [depth] [instance] [option]*
30550 sps_tcl_fsdbDumpflush_vd_main at 0 : N/A(0)
30551 *Verdi* : Flush all FSDB Files at 0 ps.
30552 sps_tcl_fsdbDumpvars_vd_main
30553 argv[0]: 0
30554 argv[1]: simulator.DCRFLI.RF_GEN[4].RF.CORE.CORDIC_GEN[3].CORDIC.c[15]
30555 argv[2]: +all
30556 argv[3]: +trace_process
30557 *Verdi* ERROR: The #2 argument "simulator.DCRFLI.RF_GEN[4].RF.CORE.CORDIC_GEN[3].CORDIC.c[15]" is invalid
30558 *Verdi* ERROR: Failed to dump because the specified instance or option is not correct
30559 *Verdi* ERROR: Syntax - fsdbDumpvars [depth] [instance] [option]*
30560 sps_tcl_fsdbDumpflush_vd_main at 0 : N/A(0)
30561 *Verdi* : Flush all FSDB Files at 0 ps.
30562 sps_tcl_fsdbDumpvars_vd_main
30563 argv[0]: 0
30564 argv[1]: simulator.DCRFLI.RF_GEN[4].RF.CORE.CORDIC_GEN[4].CORDIC.c[15]
30565 argv[2]: +all
30566 argv[3]: +trace_process
30567 *Verdi* ERROR: The #2 argument "simulator.DCRFLI.RF_GEN[4].RF.CORE.CORDIC_GEN[4].CORDIC.c[15]" is invalid
30568 *Verdi* ERROR: Failed to dump because the specified instance or option is not correct
30569 *Verdi* ERROR: Syntax - fsdbDumpvars [depth] [instance] [option]*
30570 sps_tcl_fsdbDumpflush_vd_main at 0 : N/A(0)
30571 *Verdi* : Flush all FSDB Files at 0 ps.
30572 sps_tcl_fsdbDumpvars_vd_main
30573 argv[0]: 0
30574 argv[1]: simulator.DCRFLI.RF_GEN[4].RF.CORE.CORDIC_GEN[5].CORDIC.c[15]
30575 argv[2]: +all
30576 argv[3]: +trace_process
30577 *Verdi* ERROR: The #2 argument "simulator.DCRFLI.RF_GEN[4].RF.CORE.CORDIC_GEN[5].CORDIC.c[15]" is invalid
30578 *Verdi* ERROR: Failed to dump because the specified instance or option is not correct
30579 *Verdi* ERROR: Syntax - fsdbDumpvars [depth] [instance] [option]*
30580 sps_tcl_fsdbDumpflush_vd_main at 0 : N/A(0)
30581 *Verdi* : Flush all FSDB Files at 0 ps.
30582 sps_tcl_fsdbDumpvars_vd_main
30583 argv[0]: 0
30584 argv[1]: simulator.DCRFLI.RF_GEN[4].RF.CORE.CORDIC_GEN[6].CORDIC.c[15]
30585 argv[2]: +all
30586 argv[3]: +trace_process
30587 *Verdi* ERROR: The #2 argument "simulator.DCRFLI.RF_GEN[4].RF.CORE.CORDIC_GEN[6].CORDIC.c[15]" is invalid
30588 *Verdi* ERROR: Failed to dump because the specified instance or option is not correct
30589 *Verdi* ERROR: Syntax - fsdbDumpvars [depth] [instance] [option]*
30590 sps_tcl_fsdbDumpflush_vd_main at 0 : N/A(0)
30591 *Verdi* : Flush all FSDB Files at 0 ps.
30592 sps_tcl_fsdbDumpvars_vd_main
30593 argv[0]: 0
30594 argv[1]: simulator.DCRFLI.RF_GEN[4].RF.CORE.CORDIC_GEN[7].CORDIC.c[15]
30595 argv[2]: +all
30596 argv[3]: +trace_process
30597 *Verdi* ERROR: The #2 argument "simulator.DCRFLI.RF_GEN[4].RF.CORE.CORDIC_GEN[7].CORDIC.c[15]" is invalid
30598 *Verdi* ERROR: Failed to dump because the specified instance or option is not correct
30599 *Verdi* ERROR: Syntax - fsdbDumpvars [depth] [instance] [option]*
30600 sps_tcl_fsdbDumpflush_vd_main at 0 : N/A(0)
30601 *Verdi* : Flush all FSDB Files at 0 ps.
30602 sps_tcl_fsdbDumpvars_vd_main
30603 argv[0]: 0
30604 argv[1]: simulator.DCRFLI.RF_GEN[4].RF.CORE.CORDIC_GEN[0].CORDIC.c[14]
30605 argv[2]: +all
30606 argv[3]: +trace_process
30607 *Verdi* ERROR: The #2 argument "simulator.DCRFLI.RF_GEN[4].RF.CORE.CORDIC_GEN[0].CORDIC.c[14]" is invalid
30608 *Verdi* ERROR: Failed to dump because the specified instance or option is not correct
30609 *Verdi* ERROR: Syntax - fsdbDumpvars [depth] [instance] [option]*
30610 sps_tcl_fsdbDumpflush_vd_main at 0 : N/A(0)
30611 *Verdi* : Flush all FSDB Files at 0 ps.
30612 sps_tcl_fsdbDumpvars_vd_main
30613 argv[0]: 0
30614 argv[1]: simulator.DCRFLI.RF_GEN[4].RF.CORE.CORDIC_GEN[1].CORDIC.c[14]
30615 argv[2]: +all
30616 argv[3]: +trace_process
30617 *Verdi* ERROR: The #2 argument "simulator.DCRFLI.RF_GEN[4].RF.CORE.CORDIC_GEN[1].CORDIC.c[14]" is invalid
30618 *Verdi* ERROR: Failed to dump because the specified instance or option is not correct
30619 *Verdi* ERROR: Syntax - fsdbDumpvars [depth] [instance] [option]*
30620 sps_tcl_fsdbDumpflush_vd_main at 0 : N/A(0)
30621 *Verdi* : Flush all FSDB Files at 0 ps.
30622 sps_tcl_fsdbDumpvars_vd_main
30623 argv[0]: 0
30624 argv[1]: simulator.DCRFLI.RF_GEN[4].RF.CORE.CORDIC_GEN[2].CORDIC.c[14]
30625 argv[2]: +all
30626 argv[3]: +trace_process
30627 *Verdi* ERROR: The #2 argument "simulator.DCRFLI.RF_GEN[4].RF.CORE.CORDIC_GEN[2].CORDIC.c[14]" is invalid
30628 *Verdi* ERROR: Failed to dump because the specified instance or option is not correct
30629 *Verdi* ERROR: Syntax - fsdbDumpvars [depth] [instance] [option]*
30630 sps_tcl_fsdbDumpflush_vd_main at 0 : N/A(0)
30631 *Verdi* : Flush all FSDB Files at 0 ps.
30632 sps_tcl_fsdbDumpvars_vd_main
30633 argv[0]: 0
30634 argv[1]: simulator.DCRFLI.RF_GEN[4].RF.CORE.CORDIC_GEN[3].CORDIC.c[14]
30635 argv[2]: +all
30636 argv[3]: +trace_process
30637 *Verdi* ERROR: The #2 argument "simulator.DCRFLI.RF_GEN[4].RF.CORE.CORDIC_GEN[3].CORDIC.c[14]" is invalid
30638 *Verdi* ERROR: Failed to dump because the specified instance or option is not correct
30639 *Verdi* ERROR: Syntax - fsdbDumpvars [depth] [instance] [option]*
30640 sps_tcl_fsdbDumpflush_vd_main at 0 : N/A(0)
30641 *Verdi* : Flush all FSDB Files at 0 ps.
30642 sps_tcl_fsdbDumpvars_vd_main
30643 argv[0]: 0
30644 argv[1]: simulator.DCRFLI.RF_GEN[4].RF.CORE.CORDIC_GEN[4].CORDIC.c[14]
30645 argv[2]: +all
30646 argv[3]: +trace_process
30647 *Verdi* ERROR: The #2 argument "simulator.DCRFLI.RF_GEN[4].RF.CORE.CORDIC_GEN[4].CORDIC.c[14]" is invalid
30648 *Verdi* ERROR: Failed to dump because the specified instance or option is not correct
30649 *Verdi* ERROR: Syntax - fsdbDumpvars [depth] [instance] [option]*
30650 sps_tcl_fsdbDumpflush_vd_main at 0 : N/A(0)
30651 *Verdi* : Flush all FSDB Files at 0 ps.
30652 sps_tcl_fsdbDumpvars_vd_main
30653 argv[0]: 0
30654 argv[1]: simulator.DCRFLI.RF_GEN[4].RF.CORE.CORDIC_GEN[5].CORDIC.c[14]
30655 argv[2]: +all
30656 argv[3]: +trace_process
30657 *Verdi* ERROR: The #2 argument "simulator.DCRFLI.RF_GEN[4].RF.CORE.CORDIC_GEN[5].CORDIC.c[14]" is invalid
30658 *Verdi* ERROR: Failed to dump because the specified instance or option is not correct
30659 *Verdi* ERROR: Syntax - fsdbDumpvars [depth] [instance] [option]*
30660 sps_tcl_fsdbDumpflush_vd_main at 0 : N/A(0)
30661 *Verdi* : Flush all FSDB Files at 0 ps.
30662 sps_tcl_fsdbDumpvars_vd_main
30663 argv[0]: 0
30664 argv[1]: simulator.DCRFLI.RF_GEN[4].RF.CORE.CORDIC_GEN[6].CORDIC.c[14]
30665 argv[2]: +all
30666 argv[3]: +trace_process
30667 *Verdi* ERROR: The #2 argument "simulator.DCRFLI.RF_GEN[4].RF.CORE.CORDIC_GEN[6].CORDIC.c[14]" is invalid
30668 *Verdi* ERROR: Failed to dump because the specified instance or option is not correct
30669 *Verdi* ERROR: Syntax - fsdbDumpvars [depth] [instance] [option]*
30670 sps_tcl_fsdbDumpflush_vd_main at 0 : N/A(0)
30671 *Verdi* : Flush all FSDB Files at 0 ps.
30672 sps_tcl_fsdbDumpvars_vd_main
30673 argv[0]: 0
30674 argv[1]: simulator.DCRFLI.RF_GEN[4].RF.CORE.CORDIC_GEN[7].CORDIC.c[14]
30675 argv[2]: +all
30676 argv[3]: +trace_process
30677 *Verdi* ERROR: The #2 argument "simulator.DCRFLI.RF_GEN[4].RF.CORE.CORDIC_GEN[7].CORDIC.c[14]" is invalid
30678 *Verdi* ERROR: Failed to dump because the specified instance or option is not correct
30679 *Verdi* ERROR: Syntax - fsdbDumpvars [depth] [instance] [option]*
30680 sps_tcl_fsdbDumpflush_vd_main at 0 : N/A(0)
30681 *Verdi* : Flush all FSDB Files at 0 ps.
30682 sps_tcl_fsdbDumpvars_vd_main
30683 argv[0]: 0
30684 argv[1]: simulator.DCRFLI.RF_GEN[4].RF.CORE.CORDIC_GEN[0].CORDIC.c[13]
30685 argv[2]: +all
30686 argv[3]: +trace_process
30687 *Verdi* ERROR: The #2 argument "simulator.DCRFLI.RF_GEN[4].RF.CORE.CORDIC_GEN[0].CORDIC.c[13]" is invalid
30688 *Verdi* ERROR: Failed to dump because the specified instance or option is not correct
30689 *Verdi* ERROR: Syntax - fsdbDumpvars [depth] [instance] [option]*
30690 sps_tcl_fsdbDumpflush_vd_main at 0 : N/A(0)
30691 *Verdi* : Flush all FSDB Files at 0 ps.
30692 sps_tcl_fsdbDumpvars_vd_main
30693 argv[0]: 0
30694 argv[1]: simulator.DCRFLI.RF_GEN[4].RF.CORE.CORDIC_GEN[1].CORDIC.c[13]
30695 argv[2]: +all
30696 argv[3]: +trace_process
30697 *Verdi* ERROR: The #2 argument "simulator.DCRFLI.RF_GEN[4].RF.CORE.CORDIC_GEN[1].CORDIC.c[13]" is invalid
30698 *Verdi* ERROR: Failed to dump because the specified instance or option is not correct
30699 *Verdi* ERROR: Syntax - fsdbDumpvars [depth] [instance] [option]*
30700 sps_tcl_fsdbDumpflush_vd_main at 0 : N/A(0)
30701 *Verdi* : Flush all FSDB Files at 0 ps.
30702 sps_tcl_fsdbDumpvars_vd_main
30703 argv[0]: 0
30704 argv[1]: simulator.DCRFLI.RF_GEN[4].RF.CORE.CORDIC_GEN[2].CORDIC.c[13]
30705 argv[2]: +all
30706 argv[3]: +trace_process
30707 *Verdi* ERROR: The #2 argument "simulator.DCRFLI.RF_GEN[4].RF.CORE.CORDIC_GEN[2].CORDIC.c[13]" is invalid
30708 *Verdi* ERROR: Failed to dump because the specified instance or option is not correct
30709 *Verdi* ERROR: Syntax - fsdbDumpvars [depth] [instance] [option]*
30710 sps_tcl_fsdbDumpflush_vd_main at 0 : N/A(0)
30711 *Verdi* : Flush all FSDB Files at 0 ps.
30712 sps_tcl_fsdbDumpvars_vd_main
30713 argv[0]: 0
30714 argv[1]: simulator.DCRFLI.RF_GEN[4].RF.CORE.CORDIC_GEN[3].CORDIC.c[13]
30715 argv[2]: +all
30716 argv[3]: +trace_process
30717 *Verdi* ERROR: The #2 argument "simulator.DCRFLI.RF_GEN[4].RF.CORE.CORDIC_GEN[3].CORDIC.c[13]" is invalid
30718 *Verdi* ERROR: Failed to dump because the specified instance or option is not correct
30719 *Verdi* ERROR: Syntax - fsdbDumpvars [depth] [instance] [option]*
30720 sps_tcl_fsdbDumpflush_vd_main at 0 : N/A(0)
30721 *Verdi* : Flush all FSDB Files at 0 ps.
30722 sps_tcl_fsdbDumpvars_vd_main
30723 argv[0]: 0
30724 argv[1]: simulator.DCRFLI.RF_GEN[4].RF.CORE.CORDIC_GEN[4].CORDIC.c[13]
30725 argv[2]: +all
30726 argv[3]: +trace_process
30727 *Verdi* ERROR: The #2 argument "simulator.DCRFLI.RF_GEN[4].RF.CORE.CORDIC_GEN[4].CORDIC.c[13]" is invalid
30728 *Verdi* ERROR: Failed to dump because the specified instance or option is not correct
30729 *Verdi* ERROR: Syntax - fsdbDumpvars [depth] [instance] [option]*
30730 sps_tcl_fsdbDumpflush_vd_main at 0 : N/A(0)
30731 *Verdi* : Flush all FSDB Files at 0 ps.
30732 sps_tcl_fsdbDumpvars_vd_main
30733 argv[0]: 0
30734 argv[1]: simulator.DCRFLI.RF_GEN[4].RF.CORE.CORDIC_GEN[5].CORDIC.c[13]
30735 argv[2]: +all
30736 argv[3]: +trace_process
30737 *Verdi* ERROR: The #2 argument "simulator.DCRFLI.RF_GEN[4].RF.CORE.CORDIC_GEN[5].CORDIC.c[13]" is invalid
30738 *Verdi* ERROR: Failed to dump because the specified instance or option is not correct
30739 *Verdi* ERROR: Syntax - fsdbDumpvars [depth] [instance] [option]*
30740 sps_tcl_fsdbDumpflush_vd_main at 0 : N/A(0)
30741 *Verdi* : Flush all FSDB Files at 0 ps.
30742 sps_tcl_fsdbDumpvars_vd_main
30743 argv[0]: 0
30744 argv[1]: simulator.DCRFLI.RF_GEN[4].RF.CORE.CORDIC_GEN[6].CORDIC.c[13]
30745 argv[2]: +all
30746 argv[3]: +trace_process
30747 *Verdi* ERROR: The #2 argument "simulator.DCRFLI.RF_GEN[4].RF.CORE.CORDIC_GEN[6].CORDIC.c[13]" is invalid
30748 *Verdi* ERROR: Failed to dump because the specified instance or option is not correct
30749 *Verdi* ERROR: Syntax - fsdbDumpvars [depth] [instance] [option]*
30750 sps_tcl_fsdbDumpflush_vd_main at 0 : N/A(0)
30751 *Verdi* : Flush all FSDB Files at 0 ps.
30752 sps_tcl_fsdbDumpvars_vd_main
30753 argv[0]: 0
30754 argv[1]: simulator.DCRFLI.RF_GEN[4].RF.CORE.CORDIC_GEN[7].CORDIC.c[13]
30755 argv[2]: +all
30756 argv[3]: +trace_process
30757 *Verdi* ERROR: The #2 argument "simulator.DCRFLI.RF_GEN[4].RF.CORE.CORDIC_GEN[7].CORDIC.c[13]" is invalid
30758 *Verdi* ERROR: Failed to dump because the specified instance or option is not correct
30759 *Verdi* ERROR: Syntax - fsdbDumpvars [depth] [instance] [option]*
30760 sps_tcl_fsdbDumpflush_vd_main at 0 : N/A(0)
30761 *Verdi* : Flush all FSDB Files at 0 ps.
30762 sps_tcl_fsdbDumpvars_vd_main
30763 argv[0]: 0
30764 argv[1]: simulator.DCRFLI.RF_GEN[4].RF.CORE.CORDIC_GEN[0].CORDIC.c[12]
30765 argv[2]: +all
30766 argv[3]: +trace_process
30767 *Verdi* ERROR: The #2 argument "simulator.DCRFLI.RF_GEN[4].RF.CORE.CORDIC_GEN[0].CORDIC.c[12]" is invalid
30768 *Verdi* ERROR: Failed to dump because the specified instance or option is not correct
30769 *Verdi* ERROR: Syntax - fsdbDumpvars [depth] [instance] [option]*
30770 sps_tcl_fsdbDumpflush_vd_main at 0 : N/A(0)
30771 *Verdi* : Flush all FSDB Files at 0 ps.
30772 sps_tcl_fsdbDumpvars_vd_main
30773 argv[0]: 0
30774 argv[1]: simulator.DCRFLI.RF_GEN[4].RF.CORE.CORDIC_GEN[1].CORDIC.c[12]
30775 argv[2]: +all
30776 argv[3]: +trace_process
30777 *Verdi* ERROR: The #2 argument "simulator.DCRFLI.RF_GEN[4].RF.CORE.CORDIC_GEN[1].CORDIC.c[12]" is invalid
30778 *Verdi* ERROR: Failed to dump because the specified instance or option is not correct
30779 *Verdi* ERROR: Syntax - fsdbDumpvars [depth] [instance] [option]*
30780 sps_tcl_fsdbDumpflush_vd_main at 0 : N/A(0)
30781 *Verdi* : Flush all FSDB Files at 0 ps.
30782 sps_tcl_fsdbDumpvars_vd_main
30783 argv[0]: 0
30784 argv[1]: simulator.DCRFLI.RF_GEN[4].RF.CORE.CORDIC_GEN[2].CORDIC.c[12]
30785 argv[2]: +all
30786 argv[3]: +trace_process
30787 *Verdi* ERROR: The #2 argument "simulator.DCRFLI.RF_GEN[4].RF.CORE.CORDIC_GEN[2].CORDIC.c[12]" is invalid
30788 *Verdi* ERROR: Failed to dump because the specified instance or option is not correct
30789 *Verdi* ERROR: Syntax - fsdbDumpvars [depth] [instance] [option]*
30790 sps_tcl_fsdbDumpflush_vd_main at 0 : N/A(0)
30791 *Verdi* : Flush all FSDB Files at 0 ps.
30792 sps_tcl_fsdbDumpvars_vd_main
30793 argv[0]: 0
30794 argv[1]: simulator.DCRFLI.RF_GEN[4].RF.CORE.CORDIC_GEN[3].CORDIC.c[12]
30795 argv[2]: +all
30796 argv[3]: +trace_process
30797 *Verdi* ERROR: The #2 argument "simulator.DCRFLI.RF_GEN[4].RF.CORE.CORDIC_GEN[3].CORDIC.c[12]" is invalid
30798 *Verdi* ERROR: Failed to dump because the specified instance or option is not correct
30799 *Verdi* ERROR: Syntax - fsdbDumpvars [depth] [instance] [option]*
30800 sps_tcl_fsdbDumpflush_vd_main at 0 : N/A(0)
30801 *Verdi* : Flush all FSDB Files at 0 ps.
30802 sps_tcl_fsdbDumpvars_vd_main
30803 argv[0]: 0
30804 argv[1]: simulator.DCRFLI.RF_GEN[4].RF.CORE.CORDIC_GEN[4].CORDIC.c[12]
30805 argv[2]: +all
30806 argv[3]: +trace_process
30807 *Verdi* ERROR: The #2 argument "simulator.DCRFLI.RF_GEN[4].RF.CORE.CORDIC_GEN[4].CORDIC.c[12]" is invalid
30808 *Verdi* ERROR: Failed to dump because the specified instance or option is not correct
30809 *Verdi* ERROR: Syntax - fsdbDumpvars [depth] [instance] [option]*
30810 sps_tcl_fsdbDumpflush_vd_main at 0 : N/A(0)
30811 *Verdi* : Flush all FSDB Files at 0 ps.
30812 sps_tcl_fsdbDumpvars_vd_main
30813 argv[0]: 0
30814 argv[1]: simulator.DCRFLI.RF_GEN[4].RF.CORE.CORDIC_GEN[5].CORDIC.c[12]
30815 argv[2]: +all
30816 argv[3]: +trace_process
30817 *Verdi* ERROR: The #2 argument "simulator.DCRFLI.RF_GEN[4].RF.CORE.CORDIC_GEN[5].CORDIC.c[12]" is invalid
30818 *Verdi* ERROR: Failed to dump because the specified instance or option is not correct
30819 *Verdi* ERROR: Syntax - fsdbDumpvars [depth] [instance] [option]*
30820 sps_tcl_fsdbDumpflush_vd_main at 0 : N/A(0)
30821 *Verdi* : Flush all FSDB Files at 0 ps.
30822 sps_tcl_fsdbDumpvars_vd_main
30823 argv[0]: 0
30824 argv[1]: simulator.DCRFLI.RF_GEN[4].RF.CORE.CORDIC_GEN[6].CORDIC.c[12]
30825 argv[2]: +all
30826 argv[3]: +trace_process
30827 *Verdi* ERROR: The #2 argument "simulator.DCRFLI.RF_GEN[4].RF.CORE.CORDIC_GEN[6].CORDIC.c[12]" is invalid
30828 *Verdi* ERROR: Failed to dump because the specified instance or option is not correct
30829 *Verdi* ERROR: Syntax - fsdbDumpvars [depth] [instance] [option]*
30830 sps_tcl_fsdbDumpflush_vd_main at 0 : N/A(0)
30831 *Verdi* : Flush all FSDB Files at 0 ps.
30832 sps_tcl_fsdbDumpvars_vd_main
30833 argv[0]: 0
30834 argv[1]: simulator.DCRFLI.RF_GEN[4].RF.CORE.CORDIC_GEN[7].CORDIC.c[12]
30835 argv[2]: +all
30836 argv[3]: +trace_process
30837 *Verdi* ERROR: The #2 argument "simulator.DCRFLI.RF_GEN[4].RF.CORE.CORDIC_GEN[7].CORDIC.c[12]" is invalid
30838 *Verdi* ERROR: Failed to dump because the specified instance or option is not correct
30839 *Verdi* ERROR: Syntax - fsdbDumpvars [depth] [instance] [option]*
30840 sps_tcl_fsdbDumpflush_vd_main at 0 : N/A(0)
30841 *Verdi* : Flush all FSDB Files at 0 ps.
30842 sps_tcl_fsdbDumpvars_vd_main
30843 argv[0]: 0
30844 argv[1]: simulator.DCRFLI.RF_GEN[4].RF.CORE.CORDIC_GEN[0].CORDIC.c[11]
30845 argv[2]: +all
30846 argv[3]: +trace_process
30847 *Verdi* ERROR: The #2 argument "simulator.DCRFLI.RF_GEN[4].RF.CORE.CORDIC_GEN[0].CORDIC.c[11]" is invalid
30848 *Verdi* ERROR: Failed to dump because the specified instance or option is not correct
30849 *Verdi* ERROR: Syntax - fsdbDumpvars [depth] [instance] [option]*
30850 sps_tcl_fsdbDumpflush_vd_main at 0 : N/A(0)
30851 *Verdi* : Flush all FSDB Files at 0 ps.
30852 sps_tcl_fsdbDumpvars_vd_main
30853 argv[0]: 0
30854 argv[1]: simulator.DCRFLI.RF_GEN[4].RF.CORE.CORDIC_GEN[1].CORDIC.c[11]
30855 argv[2]: +all
30856 argv[3]: +trace_process
30857 *Verdi* ERROR: The #2 argument "simulator.DCRFLI.RF_GEN[4].RF.CORE.CORDIC_GEN[1].CORDIC.c[11]" is invalid
30858 *Verdi* ERROR: Failed to dump because the specified instance or option is not correct
30859 *Verdi* ERROR: Syntax - fsdbDumpvars [depth] [instance] [option]*
30860 sps_tcl_fsdbDumpflush_vd_main at 0 : N/A(0)
30861 *Verdi* : Flush all FSDB Files at 0 ps.
30862 sps_tcl_fsdbDumpvars_vd_main
30863 argv[0]: 0
30864 argv[1]: simulator.DCRFLI.RF_GEN[4].RF.CORE.CORDIC_GEN[2].CORDIC.c[11]
30865 argv[2]: +all
30866 argv[3]: +trace_process
30867 *Verdi* ERROR: The #2 argument "simulator.DCRFLI.RF_GEN[4].RF.CORE.CORDIC_GEN[2].CORDIC.c[11]" is invalid
30868 *Verdi* ERROR: Failed to dump because the specified instance or option is not correct
30869 *Verdi* ERROR: Syntax - fsdbDumpvars [depth] [instance] [option]*
30870 sps_tcl_fsdbDumpflush_vd_main at 0 : N/A(0)
30871 *Verdi* : Flush all FSDB Files at 0 ps.
30872 sps_tcl_fsdbDumpvars_vd_main
30873 argv[0]: 0
30874 argv[1]: simulator.DCRFLI.RF_GEN[4].RF.CORE.CORDIC_GEN[3].CORDIC.c[11]
30875 argv[2]: +all
30876 argv[3]: +trace_process
30877 *Verdi* ERROR: The #2 argument "simulator.DCRFLI.RF_GEN[4].RF.CORE.CORDIC_GEN[3].CORDIC.c[11]" is invalid
30878 *Verdi* ERROR: Failed to dump because the specified instance or option is not correct
30879 *Verdi* ERROR: Syntax - fsdbDumpvars [depth] [instance] [option]*
30880 sps_tcl_fsdbDumpflush_vd_main at 0 : N/A(0)
30881 *Verdi* : Flush all FSDB Files at 0 ps.
30882 sps_tcl_fsdbDumpvars_vd_main
30883 argv[0]: 0
30884 argv[1]: simulator.DCRFLI.RF_GEN[4].RF.CORE.CORDIC_GEN[4].CORDIC.c[11]
30885 argv[2]: +all
30886 argv[3]: +trace_process
30887 *Verdi* ERROR: The #2 argument "simulator.DCRFLI.RF_GEN[4].RF.CORE.CORDIC_GEN[4].CORDIC.c[11]" is invalid
30888 *Verdi* ERROR: Failed to dump because the specified instance or option is not correct
30889 *Verdi* ERROR: Syntax - fsdbDumpvars [depth] [instance] [option]*
30890 sps_tcl_fsdbDumpflush_vd_main at 0 : N/A(0)
30891 *Verdi* : Flush all FSDB Files at 0 ps.
30892 sps_tcl_fsdbDumpvars_vd_main
30893 argv[0]: 0
30894 argv[1]: simulator.DCRFLI.RF_GEN[4].RF.CORE.CORDIC_GEN[5].CORDIC.c[11]
30895 argv[2]: +all
30896 argv[3]: +trace_process
30897 *Verdi* ERROR: The #2 argument "simulator.DCRFLI.RF_GEN[4].RF.CORE.CORDIC_GEN[5].CORDIC.c[11]" is invalid
30898 *Verdi* ERROR: Failed to dump because the specified instance or option is not correct
30899 *Verdi* ERROR: Syntax - fsdbDumpvars [depth] [instance] [option]*
30900 sps_tcl_fsdbDumpflush_vd_main at 0 : N/A(0)
30901 *Verdi* : Flush all FSDB Files at 0 ps.
30902 sps_tcl_fsdbDumpvars_vd_main
30903 argv[0]: 0
30904 argv[1]: simulator.DCRFLI.RF_GEN[4].RF.CORE.CORDIC_GEN[6].CORDIC.c[11]
30905 argv[2]: +all
30906 argv[3]: +trace_process
30907 *Verdi* ERROR: The #2 argument "simulator.DCRFLI.RF_GEN[4].RF.CORE.CORDIC_GEN[6].CORDIC.c[11]" is invalid
30908 *Verdi* ERROR: Failed to dump because the specified instance or option is not correct
30909 *Verdi* ERROR: Syntax - fsdbDumpvars [depth] [instance] [option]*
30910 sps_tcl_fsdbDumpflush_vd_main at 0 : N/A(0)
30911 *Verdi* : Flush all FSDB Files at 0 ps.
30912 sps_tcl_fsdbDumpvars_vd_main
30913 argv[0]: 0
30914 argv[1]: simulator.DCRFLI.RF_GEN[4].RF.CORE.CORDIC_GEN[7].CORDIC.c[11]
30915 argv[2]: +all
30916 argv[3]: +trace_process
30917 *Verdi* ERROR: The #2 argument "simulator.DCRFLI.RF_GEN[4].RF.CORE.CORDIC_GEN[7].CORDIC.c[11]" is invalid
30918 *Verdi* ERROR: Failed to dump because the specified instance or option is not correct
30919 *Verdi* ERROR: Syntax - fsdbDumpvars [depth] [instance] [option]*
30920 sps_tcl_fsdbDumpflush_vd_main at 0 : N/A(0)
30921 *Verdi* : Flush all FSDB Files at 0 ps.
30922 sps_tcl_fsdbDumpvars_vd_main
30923 argv[0]: 0
30924 argv[1]: simulator.DCRFLI.RF_GEN[4].RF.CORE.CORDIC_GEN[0].CORDIC.c[10]
30925 argv[2]: +all
30926 argv[3]: +trace_process
30927 *Verdi* ERROR: The #2 argument "simulator.DCRFLI.RF_GEN[4].RF.CORE.CORDIC_GEN[0].CORDIC.c[10]" is invalid
30928 *Verdi* ERROR: Failed to dump because the specified instance or option is not correct
30929 *Verdi* ERROR: Syntax - fsdbDumpvars [depth] [instance] [option]*
30930 sps_tcl_fsdbDumpflush_vd_main at 0 : N/A(0)
30931 *Verdi* : Flush all FSDB Files at 0 ps.
30932 sps_tcl_fsdbDumpvars_vd_main
30933 argv[0]: 0
30934 argv[1]: simulator.DCRFLI.RF_GEN[4].RF.CORE.CORDIC_GEN[1].CORDIC.c[10]
30935 argv[2]: +all
30936 argv[3]: +trace_process
30937 *Verdi* ERROR: The #2 argument "simulator.DCRFLI.RF_GEN[4].RF.CORE.CORDIC_GEN[1].CORDIC.c[10]" is invalid
30938 *Verdi* ERROR: Failed to dump because the specified instance or option is not correct
30939 *Verdi* ERROR: Syntax - fsdbDumpvars [depth] [instance] [option]*
30940 sps_tcl_fsdbDumpflush_vd_main at 0 : N/A(0)
30941 *Verdi* : Flush all FSDB Files at 0 ps.
30942 sps_tcl_fsdbDumpvars_vd_main
30943 argv[0]: 0
30944 argv[1]: simulator.DCRFLI.RF_GEN[4].RF.CORE.CORDIC_GEN[2].CORDIC.c[10]
30945 argv[2]: +all
30946 argv[3]: +trace_process
30947 *Verdi* ERROR: The #2 argument "simulator.DCRFLI.RF_GEN[4].RF.CORE.CORDIC_GEN[2].CORDIC.c[10]" is invalid
30948 *Verdi* ERROR: Failed to dump because the specified instance or option is not correct
30949 *Verdi* ERROR: Syntax - fsdbDumpvars [depth] [instance] [option]*
30950 sps_tcl_fsdbDumpflush_vd_main at 0 : N/A(0)
30951 *Verdi* : Flush all FSDB Files at 0 ps.
30952 sps_tcl_fsdbDumpvars_vd_main
30953 argv[0]: 0
30954 argv[1]: simulator.DCRFLI.RF_GEN[4].RF.CORE.CORDIC_GEN[3].CORDIC.c[10]
30955 argv[2]: +all
30956 argv[3]: +trace_process
30957 *Verdi* ERROR: The #2 argument "simulator.DCRFLI.RF_GEN[4].RF.CORE.CORDIC_GEN[3].CORDIC.c[10]" is invalid
30958 *Verdi* ERROR: Failed to dump because the specified instance or option is not correct
30959 *Verdi* ERROR: Syntax - fsdbDumpvars [depth] [instance] [option]*
30960 sps_tcl_fsdbDumpflush_vd_main at 0 : N/A(0)
30961 *Verdi* : Flush all FSDB Files at 0 ps.
30962 sps_tcl_fsdbDumpvars_vd_main
30963 argv[0]: 0
30964 argv[1]: simulator.DCRFLI.RF_GEN[4].RF.CORE.CORDIC_GEN[4].CORDIC.c[10]
30965 argv[2]: +all
30966 argv[3]: +trace_process
30967 *Verdi* ERROR: The #2 argument "simulator.DCRFLI.RF_GEN[4].RF.CORE.CORDIC_GEN[4].CORDIC.c[10]" is invalid
30968 *Verdi* ERROR: Failed to dump because the specified instance or option is not correct
30969 *Verdi* ERROR: Syntax - fsdbDumpvars [depth] [instance] [option]*
30970 sps_tcl_fsdbDumpflush_vd_main at 0 : N/A(0)
30971 *Verdi* : Flush all FSDB Files at 0 ps.
30972 sps_tcl_fsdbDumpvars_vd_main
30973 argv[0]: 0
30974 argv[1]: simulator.DCRFLI.RF_GEN[4].RF.CORE.CORDIC_GEN[5].CORDIC.c[10]
30975 argv[2]: +all
30976 argv[3]: +trace_process
30977 *Verdi* ERROR: The #2 argument "simulator.DCRFLI.RF_GEN[4].RF.CORE.CORDIC_GEN[5].CORDIC.c[10]" is invalid
30978 *Verdi* ERROR: Failed to dump because the specified instance or option is not correct
30979 *Verdi* ERROR: Syntax - fsdbDumpvars [depth] [instance] [option]*
30980 sps_tcl_fsdbDumpflush_vd_main at 0 : N/A(0)
30981 *Verdi* : Flush all FSDB Files at 0 ps.
30982 sps_tcl_fsdbDumpvars_vd_main
30983 argv[0]: 0
30984 argv[1]: simulator.DCRFLI.RF_GEN[4].RF.CORE.CORDIC_GEN[6].CORDIC.c[10]
30985 argv[2]: +all
30986 argv[3]: +trace_process
30987 *Verdi* ERROR: The #2 argument "simulator.DCRFLI.RF_GEN[4].RF.CORE.CORDIC_GEN[6].CORDIC.c[10]" is invalid
30988 *Verdi* ERROR: Failed to dump because the specified instance or option is not correct
30989 *Verdi* ERROR: Syntax - fsdbDumpvars [depth] [instance] [option]*
30990 sps_tcl_fsdbDumpflush_vd_main at 0 : N/A(0)
30991 *Verdi* : Flush all FSDB Files at 0 ps.
30992 sps_tcl_fsdbDumpvars_vd_main
30993 argv[0]: 0
30994 argv[1]: simulator.DCRFLI.RF_GEN[4].RF.CORE.CORDIC_GEN[7].CORDIC.c[10]
30995 argv[2]: +all
30996 argv[3]: +trace_process
30997 *Verdi* ERROR: The #2 argument "simulator.DCRFLI.RF_GEN[4].RF.CORE.CORDIC_GEN[7].CORDIC.c[10]" is invalid
30998 *Verdi* ERROR: Failed to dump because the specified instance or option is not correct
30999 *Verdi* ERROR: Syntax - fsdbDumpvars [depth] [instance] [option]*
31000 sps_tcl_fsdbDumpflush_vd_main at 0 : N/A(0)
31001 *Verdi* : Flush all FSDB Files at 0 ps.
31002 sps_tcl_fsdbDumpvars_vd_main
31003 argv[0]: 0
31004 argv[1]: simulator.DCRFLI.RF_GEN[4].RF.CORE.CORDIC_GEN[0].CORDIC.c[9]
31005 argv[2]: +all
31006 argv[3]: +trace_process
31007 *Verdi* ERROR: The #2 argument "simulator.DCRFLI.RF_GEN[4].RF.CORE.CORDIC_GEN[0].CORDIC.c[9]" is invalid
31008 *Verdi* ERROR: Failed to dump because the specified instance or option is not correct
31009 *Verdi* ERROR: Syntax - fsdbDumpvars [depth] [instance] [option]*
31010 sps_tcl_fsdbDumpflush_vd_main at 0 : N/A(0)
31011 *Verdi* : Flush all FSDB Files at 0 ps.
31012 sps_tcl_fsdbDumpvars_vd_main
31013 argv[0]: 0
31014 argv[1]: simulator.DCRFLI.RF_GEN[4].RF.CORE.CORDIC_GEN[1].CORDIC.c[9]
31015 argv[2]: +all
31016 argv[3]: +trace_process
31017 *Verdi* ERROR: The #2 argument "simulator.DCRFLI.RF_GEN[4].RF.CORE.CORDIC_GEN[1].CORDIC.c[9]" is invalid
31018 *Verdi* ERROR: Failed to dump because the specified instance or option is not correct
31019 *Verdi* ERROR: Syntax - fsdbDumpvars [depth] [instance] [option]*
31020 sps_tcl_fsdbDumpflush_vd_main at 0 : N/A(0)
31021 *Verdi* : Flush all FSDB Files at 0 ps.
31022 sps_tcl_fsdbDumpvars_vd_main
31023 argv[0]: 0
31024 argv[1]: simulator.DCRFLI.RF_GEN[4].RF.CORE.CORDIC_GEN[2].CORDIC.c[9]
31025 argv[2]: +all
31026 argv[3]: +trace_process
31027 *Verdi* ERROR: The #2 argument "simulator.DCRFLI.RF_GEN[4].RF.CORE.CORDIC_GEN[2].CORDIC.c[9]" is invalid
31028 *Verdi* ERROR: Failed to dump because the specified instance or option is not correct
31029 *Verdi* ERROR: Syntax - fsdbDumpvars [depth] [instance] [option]*
31030 sps_tcl_fsdbDumpflush_vd_main at 0 : N/A(0)
31031 *Verdi* : Flush all FSDB Files at 0 ps.
31032 sps_tcl_fsdbDumpvars_vd_main
31033 argv[0]: 0
31034 argv[1]: simulator.DCRFLI.RF_GEN[4].RF.CORE.CORDIC_GEN[3].CORDIC.c[9]
31035 argv[2]: +all
31036 argv[3]: +trace_process
31037 *Verdi* ERROR: The #2 argument "simulator.DCRFLI.RF_GEN[4].RF.CORE.CORDIC_GEN[3].CORDIC.c[9]" is invalid
31038 *Verdi* ERROR: Failed to dump because the specified instance or option is not correct
31039 *Verdi* ERROR: Syntax - fsdbDumpvars [depth] [instance] [option]*
31040 sps_tcl_fsdbDumpflush_vd_main at 0 : N/A(0)
31041 *Verdi* : Flush all FSDB Files at 0 ps.
31042 sps_tcl_fsdbDumpvars_vd_main
31043 argv[0]: 0
31044 argv[1]: simulator.DCRFLI.RF_GEN[4].RF.CORE.CORDIC_GEN[4].CORDIC.c[9]
31045 argv[2]: +all
31046 argv[3]: +trace_process
31047 *Verdi* ERROR: The #2 argument "simulator.DCRFLI.RF_GEN[4].RF.CORE.CORDIC_GEN[4].CORDIC.c[9]" is invalid
31048 *Verdi* ERROR: Failed to dump because the specified instance or option is not correct
31049 *Verdi* ERROR: Syntax - fsdbDumpvars [depth] [instance] [option]*
31050 sps_tcl_fsdbDumpflush_vd_main at 0 : N/A(0)
31051 *Verdi* : Flush all FSDB Files at 0 ps.
31052 sps_tcl_fsdbDumpvars_vd_main
31053 argv[0]: 0
31054 argv[1]: simulator.DCRFLI.RF_GEN[4].RF.CORE.CORDIC_GEN[5].CORDIC.c[9]
31055 argv[2]: +all
31056 argv[3]: +trace_process
31057 *Verdi* ERROR: The #2 argument "simulator.DCRFLI.RF_GEN[4].RF.CORE.CORDIC_GEN[5].CORDIC.c[9]" is invalid
31058 *Verdi* ERROR: Failed to dump because the specified instance or option is not correct
31059 *Verdi* ERROR: Syntax - fsdbDumpvars [depth] [instance] [option]*
31060 sps_tcl_fsdbDumpflush_vd_main at 0 : N/A(0)
31061 *Verdi* : Flush all FSDB Files at 0 ps.
31062 sps_tcl_fsdbDumpvars_vd_main
31063 argv[0]: 0
31064 argv[1]: simulator.DCRFLI.RF_GEN[4].RF.CORE.CORDIC_GEN[6].CORDIC.c[9]
31065 argv[2]: +all
31066 argv[3]: +trace_process
31067 *Verdi* ERROR: The #2 argument "simulator.DCRFLI.RF_GEN[4].RF.CORE.CORDIC_GEN[6].CORDIC.c[9]" is invalid
31068 *Verdi* ERROR: Failed to dump because the specified instance or option is not correct
31069 *Verdi* ERROR: Syntax - fsdbDumpvars [depth] [instance] [option]*
31070 sps_tcl_fsdbDumpflush_vd_main at 0 : N/A(0)
31071 *Verdi* : Flush all FSDB Files at 0 ps.
31072 sps_tcl_fsdbDumpvars_vd_main
31073 argv[0]: 0
31074 argv[1]: simulator.DCRFLI.RF_GEN[4].RF.CORE.CORDIC_GEN[7].CORDIC.c[9]
31075 argv[2]: +all
31076 argv[3]: +trace_process
31077 *Verdi* ERROR: The #2 argument "simulator.DCRFLI.RF_GEN[4].RF.CORE.CORDIC_GEN[7].CORDIC.c[9]" is invalid
31078 *Verdi* ERROR: Failed to dump because the specified instance or option is not correct
31079 *Verdi* ERROR: Syntax - fsdbDumpvars [depth] [instance] [option]*
31080 sps_tcl_fsdbDumpflush_vd_main at 0 : N/A(0)
31081 *Verdi* : Flush all FSDB Files at 0 ps.
31082 sps_tcl_fsdbDumpvars_vd_main
31083 argv[0]: 0
31084 argv[1]: simulator.DCRFLI.RF_GEN[4].RF.CORE.CORDIC_GEN[0].CORDIC.c[8]
31085 argv[2]: +all
31086 argv[3]: +trace_process
31087 *Verdi* ERROR: The #2 argument "simulator.DCRFLI.RF_GEN[4].RF.CORE.CORDIC_GEN[0].CORDIC.c[8]" is invalid
31088 *Verdi* ERROR: Failed to dump because the specified instance or option is not correct
31089 *Verdi* ERROR: Syntax - fsdbDumpvars [depth] [instance] [option]*
31090 sps_tcl_fsdbDumpflush_vd_main at 0 : N/A(0)
31091 *Verdi* : Flush all FSDB Files at 0 ps.
31092 sps_tcl_fsdbDumpvars_vd_main
31093 argv[0]: 0
31094 argv[1]: simulator.DCRFLI.RF_GEN[4].RF.CORE.CORDIC_GEN[1].CORDIC.c[8]
31095 argv[2]: +all
31096 argv[3]: +trace_process
31097 *Verdi* ERROR: The #2 argument "simulator.DCRFLI.RF_GEN[4].RF.CORE.CORDIC_GEN[1].CORDIC.c[8]" is invalid
31098 *Verdi* ERROR: Failed to dump because the specified instance or option is not correct
31099 *Verdi* ERROR: Syntax - fsdbDumpvars [depth] [instance] [option]*
31100 sps_tcl_fsdbDumpflush_vd_main at 0 : N/A(0)
31101 *Verdi* : Flush all FSDB Files at 0 ps.
31102 sps_tcl_fsdbDumpvars_vd_main
31103 argv[0]: 0
31104 argv[1]: simulator.DCRFLI.RF_GEN[4].RF.CORE.CORDIC_GEN[2].CORDIC.c[8]
31105 argv[2]: +all
31106 argv[3]: +trace_process
31107 *Verdi* ERROR: The #2 argument "simulator.DCRFLI.RF_GEN[4].RF.CORE.CORDIC_GEN[2].CORDIC.c[8]" is invalid
31108 *Verdi* ERROR: Failed to dump because the specified instance or option is not correct
31109 *Verdi* ERROR: Syntax - fsdbDumpvars [depth] [instance] [option]*
31110 sps_tcl_fsdbDumpflush_vd_main at 0 : N/A(0)
31111 *Verdi* : Flush all FSDB Files at 0 ps.
31112 sps_tcl_fsdbDumpvars_vd_main
31113 argv[0]: 0
31114 argv[1]: simulator.DCRFLI.RF_GEN[4].RF.CORE.CORDIC_GEN[3].CORDIC.c[8]
31115 argv[2]: +all
31116 argv[3]: +trace_process
31117 *Verdi* ERROR: The #2 argument "simulator.DCRFLI.RF_GEN[4].RF.CORE.CORDIC_GEN[3].CORDIC.c[8]" is invalid
31118 *Verdi* ERROR: Failed to dump because the specified instance or option is not correct
31119 *Verdi* ERROR: Syntax - fsdbDumpvars [depth] [instance] [option]*
31120 sps_tcl_fsdbDumpflush_vd_main at 0 : N/A(0)
31121 *Verdi* : Flush all FSDB Files at 0 ps.
31122 sps_tcl_fsdbDumpvars_vd_main
31123 argv[0]: 0
31124 argv[1]: simulator.DCRFLI.RF_GEN[4].RF.CORE.CORDIC_GEN[4].CORDIC.c[8]
31125 argv[2]: +all
31126 argv[3]: +trace_process
31127 *Verdi* ERROR: The #2 argument "simulator.DCRFLI.RF_GEN[4].RF.CORE.CORDIC_GEN[4].CORDIC.c[8]" is invalid
31128 *Verdi* ERROR: Failed to dump because the specified instance or option is not correct
31129 *Verdi* ERROR: Syntax - fsdbDumpvars [depth] [instance] [option]*
31130 sps_tcl_fsdbDumpflush_vd_main at 0 : N/A(0)
31131 *Verdi* : Flush all FSDB Files at 0 ps.
31132 sps_tcl_fsdbDumpvars_vd_main
31133 argv[0]: 0
31134 argv[1]: simulator.DCRFLI.RF_GEN[4].RF.CORE.CORDIC_GEN[5].CORDIC.c[8]
31135 argv[2]: +all
31136 argv[3]: +trace_process
31137 *Verdi* ERROR: The #2 argument "simulator.DCRFLI.RF_GEN[4].RF.CORE.CORDIC_GEN[5].CORDIC.c[8]" is invalid
31138 *Verdi* ERROR: Failed to dump because the specified instance or option is not correct
31139 *Verdi* ERROR: Syntax - fsdbDumpvars [depth] [instance] [option]*
31140 sps_tcl_fsdbDumpflush_vd_main at 0 : N/A(0)
31141 *Verdi* : Flush all FSDB Files at 0 ps.
31142 sps_tcl_fsdbDumpvars_vd_main
31143 argv[0]: 0
31144 argv[1]: simulator.DCRFLI.RF_GEN[4].RF.CORE.CORDIC_GEN[6].CORDIC.c[8]
31145 argv[2]: +all
31146 argv[3]: +trace_process
31147 *Verdi* ERROR: The #2 argument "simulator.DCRFLI.RF_GEN[4].RF.CORE.CORDIC_GEN[6].CORDIC.c[8]" is invalid
31148 *Verdi* ERROR: Failed to dump because the specified instance or option is not correct
31149 *Verdi* ERROR: Syntax - fsdbDumpvars [depth] [instance] [option]*
31150 sps_tcl_fsdbDumpflush_vd_main at 0 : N/A(0)
31151 *Verdi* : Flush all FSDB Files at 0 ps.
31152 sps_tcl_fsdbDumpvars_vd_main
31153 argv[0]: 0
31154 argv[1]: simulator.DCRFLI.RF_GEN[4].RF.CORE.CORDIC_GEN[7].CORDIC.c[8]
31155 argv[2]: +all
31156 argv[3]: +trace_process
31157 *Verdi* ERROR: The #2 argument "simulator.DCRFLI.RF_GEN[4].RF.CORE.CORDIC_GEN[7].CORDIC.c[8]" is invalid
31158 *Verdi* ERROR: Failed to dump because the specified instance or option is not correct
31159 *Verdi* ERROR: Syntax - fsdbDumpvars [depth] [instance] [option]*
31160 sps_tcl_fsdbDumpflush_vd_main at 0 : N/A(0)
31161 *Verdi* : Flush all FSDB Files at 0 ps.
31162 sps_tcl_fsdbDumpvars_vd_main
31163 argv[0]: 0
31164 argv[1]: simulator.DCRFLI.RF_GEN[4].RF.CORE.CORDIC_GEN[0].CORDIC.c[7]
31165 argv[2]: +all
31166 argv[3]: +trace_process
31167 *Verdi* ERROR: The #2 argument "simulator.DCRFLI.RF_GEN[4].RF.CORE.CORDIC_GEN[0].CORDIC.c[7]" is invalid
31168 *Verdi* ERROR: Failed to dump because the specified instance or option is not correct
31169 *Verdi* ERROR: Syntax - fsdbDumpvars [depth] [instance] [option]*
31170 sps_tcl_fsdbDumpflush_vd_main at 0 : N/A(0)
31171 *Verdi* : Flush all FSDB Files at 0 ps.
31172 sps_tcl_fsdbDumpvars_vd_main
31173 argv[0]: 0
31174 argv[1]: simulator.DCRFLI.RF_GEN[4].RF.CORE.CORDIC_GEN[1].CORDIC.c[7]
31175 argv[2]: +all
31176 argv[3]: +trace_process
31177 *Verdi* ERROR: The #2 argument "simulator.DCRFLI.RF_GEN[4].RF.CORE.CORDIC_GEN[1].CORDIC.c[7]" is invalid
31178 *Verdi* ERROR: Failed to dump because the specified instance or option is not correct
31179 *Verdi* ERROR: Syntax - fsdbDumpvars [depth] [instance] [option]*
31180 sps_tcl_fsdbDumpflush_vd_main at 0 : N/A(0)
31181 *Verdi* : Flush all FSDB Files at 0 ps.
31182 sps_tcl_fsdbDumpvars_vd_main
31183 argv[0]: 0
31184 argv[1]: simulator.DCRFLI.RF_GEN[4].RF.CORE.CORDIC_GEN[2].CORDIC.c[7]
31185 argv[2]: +all
31186 argv[3]: +trace_process
31187 *Verdi* ERROR: The #2 argument "simulator.DCRFLI.RF_GEN[4].RF.CORE.CORDIC_GEN[2].CORDIC.c[7]" is invalid
31188 *Verdi* ERROR: Failed to dump because the specified instance or option is not correct
31189 *Verdi* ERROR: Syntax - fsdbDumpvars [depth] [instance] [option]*
31190 sps_tcl_fsdbDumpflush_vd_main at 0 : N/A(0)
31191 *Verdi* : Flush all FSDB Files at 0 ps.
31192 sps_tcl_fsdbDumpvars_vd_main
31193 argv[0]: 0
31194 argv[1]: simulator.DCRFLI.RF_GEN[4].RF.CORE.CORDIC_GEN[3].CORDIC.c[7]
31195 argv[2]: +all
31196 argv[3]: +trace_process
31197 *Verdi* ERROR: The #2 argument "simulator.DCRFLI.RF_GEN[4].RF.CORE.CORDIC_GEN[3].CORDIC.c[7]" is invalid
31198 *Verdi* ERROR: Failed to dump because the specified instance or option is not correct
31199 *Verdi* ERROR: Syntax - fsdbDumpvars [depth] [instance] [option]*
31200 sps_tcl_fsdbDumpflush_vd_main at 0 : N/A(0)
31201 *Verdi* : Flush all FSDB Files at 0 ps.
31202 sps_tcl_fsdbDumpvars_vd_main
31203 argv[0]: 0
31204 argv[1]: simulator.DCRFLI.RF_GEN[4].RF.CORE.CORDIC_GEN[4].CORDIC.c[7]
31205 argv[2]: +all
31206 argv[3]: +trace_process
31207 *Verdi* ERROR: The #2 argument "simulator.DCRFLI.RF_GEN[4].RF.CORE.CORDIC_GEN[4].CORDIC.c[7]" is invalid
31208 *Verdi* ERROR: Failed to dump because the specified instance or option is not correct
31209 *Verdi* ERROR: Syntax - fsdbDumpvars [depth] [instance] [option]*
31210 sps_tcl_fsdbDumpflush_vd_main at 0 : N/A(0)
31211 *Verdi* : Flush all FSDB Files at 0 ps.
31212 sps_tcl_fsdbDumpvars_vd_main
31213 argv[0]: 0
31214 argv[1]: simulator.DCRFLI.RF_GEN[4].RF.CORE.CORDIC_GEN[5].CORDIC.c[7]
31215 argv[2]: +all
31216 argv[3]: +trace_process
31217 *Verdi* ERROR: The #2 argument "simulator.DCRFLI.RF_GEN[4].RF.CORE.CORDIC_GEN[5].CORDIC.c[7]" is invalid
31218 *Verdi* ERROR: Failed to dump because the specified instance or option is not correct
31219 *Verdi* ERROR: Syntax - fsdbDumpvars [depth] [instance] [option]*
31220 sps_tcl_fsdbDumpflush_vd_main at 0 : N/A(0)
31221 *Verdi* : Flush all FSDB Files at 0 ps.
31222 sps_tcl_fsdbDumpvars_vd_main
31223 argv[0]: 0
31224 argv[1]: simulator.DCRFLI.RF_GEN[4].RF.CORE.CORDIC_GEN[6].CORDIC.c[7]
31225 argv[2]: +all
31226 argv[3]: +trace_process
31227 *Verdi* ERROR: The #2 argument "simulator.DCRFLI.RF_GEN[4].RF.CORE.CORDIC_GEN[6].CORDIC.c[7]" is invalid
31228 *Verdi* ERROR: Failed to dump because the specified instance or option is not correct
31229 *Verdi* ERROR: Syntax - fsdbDumpvars [depth] [instance] [option]*
31230 sps_tcl_fsdbDumpflush_vd_main at 0 : N/A(0)
31231 *Verdi* : Flush all FSDB Files at 0 ps.
31232 sps_tcl_fsdbDumpvars_vd_main
31233 argv[0]: 0
31234 argv[1]: simulator.DCRFLI.RF_GEN[4].RF.CORE.CORDIC_GEN[7].CORDIC.c[7]
31235 argv[2]: +all
31236 argv[3]: +trace_process
31237 *Verdi* ERROR: The #2 argument "simulator.DCRFLI.RF_GEN[4].RF.CORE.CORDIC_GEN[7].CORDIC.c[7]" is invalid
31238 *Verdi* ERROR: Failed to dump because the specified instance or option is not correct
31239 *Verdi* ERROR: Syntax - fsdbDumpvars [depth] [instance] [option]*
31240 sps_tcl_fsdbDumpflush_vd_main at 0 : N/A(0)
31241 *Verdi* : Flush all FSDB Files at 0 ps.
31242 sps_tcl_fsdbDumpvars_vd_main
31243 argv[0]: 0
31244 argv[1]: simulator.DCRFLI.RF_GEN[4].RF.CORE.CORDIC_GEN[0].CORDIC.c[6]
31245 argv[2]: +all
31246 argv[3]: +trace_process
31247 *Verdi* ERROR: The #2 argument "simulator.DCRFLI.RF_GEN[4].RF.CORE.CORDIC_GEN[0].CORDIC.c[6]" is invalid
31248 *Verdi* ERROR: Failed to dump because the specified instance or option is not correct
31249 *Verdi* ERROR: Syntax - fsdbDumpvars [depth] [instance] [option]*
31250 sps_tcl_fsdbDumpflush_vd_main at 0 : N/A(0)
31251 *Verdi* : Flush all FSDB Files at 0 ps.
31252 sps_tcl_fsdbDumpvars_vd_main
31253 argv[0]: 0
31254 argv[1]: simulator.DCRFLI.RF_GEN[4].RF.CORE.CORDIC_GEN[1].CORDIC.c[6]
31255 argv[2]: +all
31256 argv[3]: +trace_process
31257 *Verdi* ERROR: The #2 argument "simulator.DCRFLI.RF_GEN[4].RF.CORE.CORDIC_GEN[1].CORDIC.c[6]" is invalid
31258 *Verdi* ERROR: Failed to dump because the specified instance or option is not correct
31259 *Verdi* ERROR: Syntax - fsdbDumpvars [depth] [instance] [option]*
31260 sps_tcl_fsdbDumpflush_vd_main at 0 : N/A(0)
31261 *Verdi* : Flush all FSDB Files at 0 ps.
31262 sps_tcl_fsdbDumpvars_vd_main
31263 argv[0]: 0
31264 argv[1]: simulator.DCRFLI.RF_GEN[4].RF.CORE.CORDIC_GEN[2].CORDIC.c[6]
31265 argv[2]: +all
31266 argv[3]: +trace_process
31267 *Verdi* ERROR: The #2 argument "simulator.DCRFLI.RF_GEN[4].RF.CORE.CORDIC_GEN[2].CORDIC.c[6]" is invalid
31268 *Verdi* ERROR: Failed to dump because the specified instance or option is not correct
31269 *Verdi* ERROR: Syntax - fsdbDumpvars [depth] [instance] [option]*
31270 sps_tcl_fsdbDumpflush_vd_main at 0 : N/A(0)
31271 *Verdi* : Flush all FSDB Files at 0 ps.
31272 sps_tcl_fsdbDumpvars_vd_main
31273 argv[0]: 0
31274 argv[1]: simulator.DCRFLI.RF_GEN[4].RF.CORE.CORDIC_GEN[3].CORDIC.c[6]
31275 argv[2]: +all
31276 argv[3]: +trace_process
31277 *Verdi* ERROR: The #2 argument "simulator.DCRFLI.RF_GEN[4].RF.CORE.CORDIC_GEN[3].CORDIC.c[6]" is invalid
31278 *Verdi* ERROR: Failed to dump because the specified instance or option is not correct
31279 *Verdi* ERROR: Syntax - fsdbDumpvars [depth] [instance] [option]*
31280 sps_tcl_fsdbDumpflush_vd_main at 0 : N/A(0)
31281 *Verdi* : Flush all FSDB Files at 0 ps.
31282 sps_tcl_fsdbDumpvars_vd_main
31283 argv[0]: 0
31284 argv[1]: simulator.DCRFLI.RF_GEN[4].RF.CORE.CORDIC_GEN[4].CORDIC.c[6]
31285 argv[2]: +all
31286 argv[3]: +trace_process
31287 *Verdi* ERROR: The #2 argument "simulator.DCRFLI.RF_GEN[4].RF.CORE.CORDIC_GEN[4].CORDIC.c[6]" is invalid
31288 *Verdi* ERROR: Failed to dump because the specified instance or option is not correct
31289 *Verdi* ERROR: Syntax - fsdbDumpvars [depth] [instance] [option]*
31290 sps_tcl_fsdbDumpflush_vd_main at 0 : N/A(0)
31291 *Verdi* : Flush all FSDB Files at 0 ps.
31292 sps_tcl_fsdbDumpvars_vd_main
31293 argv[0]: 0
31294 argv[1]: simulator.DCRFLI.RF_GEN[4].RF.CORE.CORDIC_GEN[5].CORDIC.c[6]
31295 argv[2]: +all
31296 argv[3]: +trace_process
31297 *Verdi* ERROR: The #2 argument "simulator.DCRFLI.RF_GEN[4].RF.CORE.CORDIC_GEN[5].CORDIC.c[6]" is invalid
31298 *Verdi* ERROR: Failed to dump because the specified instance or option is not correct
31299 *Verdi* ERROR: Syntax - fsdbDumpvars [depth] [instance] [option]*
31300 sps_tcl_fsdbDumpflush_vd_main at 0 : N/A(0)
31301 *Verdi* : Flush all FSDB Files at 0 ps.
31302 sps_tcl_fsdbDumpvars_vd_main
31303 argv[0]: 0
31304 argv[1]: simulator.DCRFLI.RF_GEN[4].RF.CORE.CORDIC_GEN[6].CORDIC.c[6]
31305 argv[2]: +all
31306 argv[3]: +trace_process
31307 *Verdi* ERROR: The #2 argument "simulator.DCRFLI.RF_GEN[4].RF.CORE.CORDIC_GEN[6].CORDIC.c[6]" is invalid
31308 *Verdi* ERROR: Failed to dump because the specified instance or option is not correct
31309 *Verdi* ERROR: Syntax - fsdbDumpvars [depth] [instance] [option]*
31310 sps_tcl_fsdbDumpflush_vd_main at 0 : N/A(0)
31311 *Verdi* : Flush all FSDB Files at 0 ps.
31312 sps_tcl_fsdbDumpvars_vd_main
31313 argv[0]: 0
31314 argv[1]: simulator.DCRFLI.RF_GEN[4].RF.CORE.CORDIC_GEN[7].CORDIC.c[6]
31315 argv[2]: +all
31316 argv[3]: +trace_process
31317 *Verdi* ERROR: The #2 argument "simulator.DCRFLI.RF_GEN[4].RF.CORE.CORDIC_GEN[7].CORDIC.c[6]" is invalid
31318 *Verdi* ERROR: Failed to dump because the specified instance or option is not correct
31319 *Verdi* ERROR: Syntax - fsdbDumpvars [depth] [instance] [option]*
31320 sps_tcl_fsdbDumpflush_vd_main at 0 : N/A(0)
31321 *Verdi* : Flush all FSDB Files at 0 ps.
31322 sps_tcl_fsdbDumpvars_vd_main
31323 argv[0]: 0
31324 argv[1]: simulator.DCRFLI.RF_GEN[4].RF.CORE.CORDIC_GEN[0].CORDIC.c[5]
31325 argv[2]: +all
31326 argv[3]: +trace_process
31327 *Verdi* ERROR: The #2 argument "simulator.DCRFLI.RF_GEN[4].RF.CORE.CORDIC_GEN[0].CORDIC.c[5]" is invalid
31328 *Verdi* ERROR: Failed to dump because the specified instance or option is not correct
31329 *Verdi* ERROR: Syntax - fsdbDumpvars [depth] [instance] [option]*
31330 sps_tcl_fsdbDumpflush_vd_main at 0 : N/A(0)
31331 *Verdi* : Flush all FSDB Files at 0 ps.
31332 sps_tcl_fsdbDumpvars_vd_main
31333 argv[0]: 0
31334 argv[1]: simulator.DCRFLI.RF_GEN[4].RF.CORE.CORDIC_GEN[1].CORDIC.c[5]
31335 argv[2]: +all
31336 argv[3]: +trace_process
31337 *Verdi* ERROR: The #2 argument "simulator.DCRFLI.RF_GEN[4].RF.CORE.CORDIC_GEN[1].CORDIC.c[5]" is invalid
31338 *Verdi* ERROR: Failed to dump because the specified instance or option is not correct
31339 *Verdi* ERROR: Syntax - fsdbDumpvars [depth] [instance] [option]*
31340 sps_tcl_fsdbDumpflush_vd_main at 0 : N/A(0)
31341 *Verdi* : Flush all FSDB Files at 0 ps.
31342 sps_tcl_fsdbDumpvars_vd_main
31343 argv[0]: 0
31344 argv[1]: simulator.DCRFLI.RF_GEN[4].RF.CORE.CORDIC_GEN[2].CORDIC.c[5]
31345 argv[2]: +all
31346 argv[3]: +trace_process
31347 *Verdi* ERROR: The #2 argument "simulator.DCRFLI.RF_GEN[4].RF.CORE.CORDIC_GEN[2].CORDIC.c[5]" is invalid
31348 *Verdi* ERROR: Failed to dump because the specified instance or option is not correct
31349 *Verdi* ERROR: Syntax - fsdbDumpvars [depth] [instance] [option]*
31350 sps_tcl_fsdbDumpflush_vd_main at 0 : N/A(0)
31351 *Verdi* : Flush all FSDB Files at 0 ps.
31352 sps_tcl_fsdbDumpvars_vd_main
31353 argv[0]: 0
31354 argv[1]: simulator.DCRFLI.RF_GEN[4].RF.CORE.CORDIC_GEN[3].CORDIC.c[5]
31355 argv[2]: +all
31356 argv[3]: +trace_process
31357 *Verdi* ERROR: The #2 argument "simulator.DCRFLI.RF_GEN[4].RF.CORE.CORDIC_GEN[3].CORDIC.c[5]" is invalid
31358 *Verdi* ERROR: Failed to dump because the specified instance or option is not correct
31359 *Verdi* ERROR: Syntax - fsdbDumpvars [depth] [instance] [option]*
31360 sps_tcl_fsdbDumpflush_vd_main at 0 : N/A(0)
31361 *Verdi* : Flush all FSDB Files at 0 ps.
31362 sps_tcl_fsdbDumpvars_vd_main
31363 argv[0]: 0
31364 argv[1]: simulator.DCRFLI.RF_GEN[4].RF.CORE.CORDIC_GEN[4].CORDIC.c[5]
31365 argv[2]: +all
31366 argv[3]: +trace_process
31367 *Verdi* ERROR: The #2 argument "simulator.DCRFLI.RF_GEN[4].RF.CORE.CORDIC_GEN[4].CORDIC.c[5]" is invalid
31368 *Verdi* ERROR: Failed to dump because the specified instance or option is not correct
31369 *Verdi* ERROR: Syntax - fsdbDumpvars [depth] [instance] [option]*
31370 sps_tcl_fsdbDumpflush_vd_main at 0 : N/A(0)
31371 *Verdi* : Flush all FSDB Files at 0 ps.
31372 sps_tcl_fsdbDumpvars_vd_main
31373 argv[0]: 0
31374 argv[1]: simulator.DCRFLI.RF_GEN[4].RF.CORE.CORDIC_GEN[5].CORDIC.c[5]
31375 argv[2]: +all
31376 argv[3]: +trace_process
31377 *Verdi* ERROR: The #2 argument "simulator.DCRFLI.RF_GEN[4].RF.CORE.CORDIC_GEN[5].CORDIC.c[5]" is invalid
31378 *Verdi* ERROR: Failed to dump because the specified instance or option is not correct
31379 *Verdi* ERROR: Syntax - fsdbDumpvars [depth] [instance] [option]*
31380 sps_tcl_fsdbDumpflush_vd_main at 0 : N/A(0)
31381 *Verdi* : Flush all FSDB Files at 0 ps.
31382 sps_tcl_fsdbDumpvars_vd_main
31383 argv[0]: 0
31384 argv[1]: simulator.DCRFLI.RF_GEN[4].RF.CORE.CORDIC_GEN[6].CORDIC.c[5]
31385 argv[2]: +all
31386 argv[3]: +trace_process
31387 *Verdi* ERROR: The #2 argument "simulator.DCRFLI.RF_GEN[4].RF.CORE.CORDIC_GEN[6].CORDIC.c[5]" is invalid
31388 *Verdi* ERROR: Failed to dump because the specified instance or option is not correct
31389 *Verdi* ERROR: Syntax - fsdbDumpvars [depth] [instance] [option]*
31390 sps_tcl_fsdbDumpflush_vd_main at 0 : N/A(0)
31391 *Verdi* : Flush all FSDB Files at 0 ps.
31392 sps_tcl_fsdbDumpvars_vd_main
31393 argv[0]: 0
31394 argv[1]: simulator.DCRFLI.RF_GEN[4].RF.CORE.CORDIC_GEN[7].CORDIC.c[5]
31395 argv[2]: +all
31396 argv[3]: +trace_process
31397 *Verdi* ERROR: The #2 argument "simulator.DCRFLI.RF_GEN[4].RF.CORE.CORDIC_GEN[7].CORDIC.c[5]" is invalid
31398 *Verdi* ERROR: Failed to dump because the specified instance or option is not correct
31399 *Verdi* ERROR: Syntax - fsdbDumpvars [depth] [instance] [option]*
31400 sps_tcl_fsdbDumpflush_vd_main at 0 : N/A(0)
31401 *Verdi* : Flush all FSDB Files at 0 ps.
31402 sps_tcl_fsdbDumpvars_vd_main
31403 argv[0]: 0
31404 argv[1]: simulator.DCRFLI.RF_GEN[4].RF.CORE.CORDIC_GEN[0].CORDIC.c[4]
31405 argv[2]: +all
31406 argv[3]: +trace_process
31407 *Verdi* ERROR: The #2 argument "simulator.DCRFLI.RF_GEN[4].RF.CORE.CORDIC_GEN[0].CORDIC.c[4]" is invalid
31408 *Verdi* ERROR: Failed to dump because the specified instance or option is not correct
31409 *Verdi* ERROR: Syntax - fsdbDumpvars [depth] [instance] [option]*
31410 sps_tcl_fsdbDumpflush_vd_main at 0 : N/A(0)
31411 *Verdi* : Flush all FSDB Files at 0 ps.
31412 sps_tcl_fsdbDumpvars_vd_main
31413 argv[0]: 0
31414 argv[1]: simulator.DCRFLI.RF_GEN[4].RF.CORE.CORDIC_GEN[1].CORDIC.c[4]
31415 argv[2]: +all
31416 argv[3]: +trace_process
31417 *Verdi* ERROR: The #2 argument "simulator.DCRFLI.RF_GEN[4].RF.CORE.CORDIC_GEN[1].CORDIC.c[4]" is invalid
31418 *Verdi* ERROR: Failed to dump because the specified instance or option is not correct
31419 *Verdi* ERROR: Syntax - fsdbDumpvars [depth] [instance] [option]*
31420 sps_tcl_fsdbDumpflush_vd_main at 0 : N/A(0)
31421 *Verdi* : Flush all FSDB Files at 0 ps.
31422 sps_tcl_fsdbDumpvars_vd_main
31423 argv[0]: 0
31424 argv[1]: simulator.DCRFLI.RF_GEN[4].RF.CORE.CORDIC_GEN[2].CORDIC.c[4]
31425 argv[2]: +all
31426 argv[3]: +trace_process
31427 *Verdi* ERROR: The #2 argument "simulator.DCRFLI.RF_GEN[4].RF.CORE.CORDIC_GEN[2].CORDIC.c[4]" is invalid
31428 *Verdi* ERROR: Failed to dump because the specified instance or option is not correct
31429 *Verdi* ERROR: Syntax - fsdbDumpvars [depth] [instance] [option]*
31430 sps_tcl_fsdbDumpflush_vd_main at 0 : N/A(0)
31431 *Verdi* : Flush all FSDB Files at 0 ps.
31432 sps_tcl_fsdbDumpvars_vd_main
31433 argv[0]: 0
31434 argv[1]: simulator.DCRFLI.RF_GEN[4].RF.CORE.CORDIC_GEN[3].CORDIC.c[4]
31435 argv[2]: +all
31436 argv[3]: +trace_process
31437 *Verdi* ERROR: The #2 argument "simulator.DCRFLI.RF_GEN[4].RF.CORE.CORDIC_GEN[3].CORDIC.c[4]" is invalid
31438 *Verdi* ERROR: Failed to dump because the specified instance or option is not correct
31439 *Verdi* ERROR: Syntax - fsdbDumpvars [depth] [instance] [option]*
31440 sps_tcl_fsdbDumpflush_vd_main at 0 : N/A(0)
31441 *Verdi* : Flush all FSDB Files at 0 ps.
31442 sps_tcl_fsdbDumpvars_vd_main
31443 argv[0]: 0
31444 argv[1]: simulator.DCRFLI.RF_GEN[4].RF.CORE.CORDIC_GEN[4].CORDIC.c[4]
31445 argv[2]: +all
31446 argv[3]: +trace_process
31447 *Verdi* ERROR: The #2 argument "simulator.DCRFLI.RF_GEN[4].RF.CORE.CORDIC_GEN[4].CORDIC.c[4]" is invalid
31448 *Verdi* ERROR: Failed to dump because the specified instance or option is not correct
31449 *Verdi* ERROR: Syntax - fsdbDumpvars [depth] [instance] [option]*
31450 sps_tcl_fsdbDumpflush_vd_main at 0 : N/A(0)
31451 *Verdi* : Flush all FSDB Files at 0 ps.
31452 sps_tcl_fsdbDumpvars_vd_main
31453 argv[0]: 0
31454 argv[1]: simulator.DCRFLI.RF_GEN[4].RF.CORE.CORDIC_GEN[5].CORDIC.c[4]
31455 argv[2]: +all
31456 argv[3]: +trace_process
31457 *Verdi* ERROR: The #2 argument "simulator.DCRFLI.RF_GEN[4].RF.CORE.CORDIC_GEN[5].CORDIC.c[4]" is invalid
31458 *Verdi* ERROR: Failed to dump because the specified instance or option is not correct
31459 *Verdi* ERROR: Syntax - fsdbDumpvars [depth] [instance] [option]*
31460 sps_tcl_fsdbDumpflush_vd_main at 0 : N/A(0)
31461 *Verdi* : Flush all FSDB Files at 0 ps.
31462 sps_tcl_fsdbDumpvars_vd_main
31463 argv[0]: 0
31464 argv[1]: simulator.DCRFLI.RF_GEN[4].RF.CORE.CORDIC_GEN[6].CORDIC.c[4]
31465 argv[2]: +all
31466 argv[3]: +trace_process
31467 *Verdi* ERROR: The #2 argument "simulator.DCRFLI.RF_GEN[4].RF.CORE.CORDIC_GEN[6].CORDIC.c[4]" is invalid
31468 *Verdi* ERROR: Failed to dump because the specified instance or option is not correct
31469 *Verdi* ERROR: Syntax - fsdbDumpvars [depth] [instance] [option]*
31470 sps_tcl_fsdbDumpflush_vd_main at 0 : N/A(0)
31471 *Verdi* : Flush all FSDB Files at 0 ps.
31472 sps_tcl_fsdbDumpvars_vd_main
31473 argv[0]: 0
31474 argv[1]: simulator.DCRFLI.RF_GEN[4].RF.CORE.CORDIC_GEN[7].CORDIC.c[4]
31475 argv[2]: +all
31476 argv[3]: +trace_process
31477 *Verdi* ERROR: The #2 argument "simulator.DCRFLI.RF_GEN[4].RF.CORE.CORDIC_GEN[7].CORDIC.c[4]" is invalid
31478 *Verdi* ERROR: Failed to dump because the specified instance or option is not correct
31479 *Verdi* ERROR: Syntax - fsdbDumpvars [depth] [instance] [option]*
31480 sps_tcl_fsdbDumpflush_vd_main at 0 : N/A(0)
31481 *Verdi* : Flush all FSDB Files at 0 ps.
31482 sps_tcl_fsdbDumpvars_vd_main
31483 argv[0]: 0
31484 argv[1]: simulator.DCRFLI.RF_GEN[4].RF.CORE.CORDIC_GEN[0].CORDIC.c[3]
31485 argv[2]: +all
31486 argv[3]: +trace_process
31487 *Verdi* ERROR: The #2 argument "simulator.DCRFLI.RF_GEN[4].RF.CORE.CORDIC_GEN[0].CORDIC.c[3]" is invalid
31488 *Verdi* ERROR: Failed to dump because the specified instance or option is not correct
31489 *Verdi* ERROR: Syntax - fsdbDumpvars [depth] [instance] [option]*
31490 sps_tcl_fsdbDumpflush_vd_main at 0 : N/A(0)
31491 *Verdi* : Flush all FSDB Files at 0 ps.
31492 sps_tcl_fsdbDumpvars_vd_main
31493 argv[0]: 0
31494 argv[1]: simulator.DCRFLI.RF_GEN[4].RF.CORE.CORDIC_GEN[1].CORDIC.c[3]
31495 argv[2]: +all
31496 argv[3]: +trace_process
31497 *Verdi* ERROR: The #2 argument "simulator.DCRFLI.RF_GEN[4].RF.CORE.CORDIC_GEN[1].CORDIC.c[3]" is invalid
31498 *Verdi* ERROR: Failed to dump because the specified instance or option is not correct
31499 *Verdi* ERROR: Syntax - fsdbDumpvars [depth] [instance] [option]*
31500 sps_tcl_fsdbDumpflush_vd_main at 0 : N/A(0)
31501 *Verdi* : Flush all FSDB Files at 0 ps.
31502 sps_tcl_fsdbDumpvars_vd_main
31503 argv[0]: 0
31504 argv[1]: simulator.DCRFLI.RF_GEN[4].RF.CORE.CORDIC_GEN[2].CORDIC.c[3]
31505 argv[2]: +all
31506 argv[3]: +trace_process
31507 *Verdi* ERROR: The #2 argument "simulator.DCRFLI.RF_GEN[4].RF.CORE.CORDIC_GEN[2].CORDIC.c[3]" is invalid
31508 *Verdi* ERROR: Failed to dump because the specified instance or option is not correct
31509 *Verdi* ERROR: Syntax - fsdbDumpvars [depth] [instance] [option]*
31510 sps_tcl_fsdbDumpflush_vd_main at 0 : N/A(0)
31511 *Verdi* : Flush all FSDB Files at 0 ps.
31512 sps_tcl_fsdbDumpvars_vd_main
31513 argv[0]: 0
31514 argv[1]: simulator.DCRFLI.RF_GEN[4].RF.CORE.CORDIC_GEN[3].CORDIC.c[3]
31515 argv[2]: +all
31516 argv[3]: +trace_process
31517 *Verdi* ERROR: The #2 argument "simulator.DCRFLI.RF_GEN[4].RF.CORE.CORDIC_GEN[3].CORDIC.c[3]" is invalid
31518 *Verdi* ERROR: Failed to dump because the specified instance or option is not correct
31519 *Verdi* ERROR: Syntax - fsdbDumpvars [depth] [instance] [option]*
31520 sps_tcl_fsdbDumpflush_vd_main at 0 : N/A(0)
31521 *Verdi* : Flush all FSDB Files at 0 ps.
31522 sps_tcl_fsdbDumpvars_vd_main
31523 argv[0]: 0
31524 argv[1]: simulator.DCRFLI.RF_GEN[4].RF.CORE.CORDIC_GEN[4].CORDIC.c[3]
31525 argv[2]: +all
31526 argv[3]: +trace_process
31527 *Verdi* ERROR: The #2 argument "simulator.DCRFLI.RF_GEN[4].RF.CORE.CORDIC_GEN[4].CORDIC.c[3]" is invalid
31528 *Verdi* ERROR: Failed to dump because the specified instance or option is not correct
31529 *Verdi* ERROR: Syntax - fsdbDumpvars [depth] [instance] [option]*
31530 sps_tcl_fsdbDumpflush_vd_main at 0 : N/A(0)
31531 *Verdi* : Flush all FSDB Files at 0 ps.
31532 sps_tcl_fsdbDumpvars_vd_main
31533 argv[0]: 0
31534 argv[1]: simulator.DCRFLI.RF_GEN[4].RF.CORE.CORDIC_GEN[5].CORDIC.c[3]
31535 argv[2]: +all
31536 argv[3]: +trace_process
31537 *Verdi* ERROR: The #2 argument "simulator.DCRFLI.RF_GEN[4].RF.CORE.CORDIC_GEN[5].CORDIC.c[3]" is invalid
31538 *Verdi* ERROR: Failed to dump because the specified instance or option is not correct
31539 *Verdi* ERROR: Syntax - fsdbDumpvars [depth] [instance] [option]*
31540 sps_tcl_fsdbDumpflush_vd_main at 0 : N/A(0)
31541 *Verdi* : Flush all FSDB Files at 0 ps.
31542 sps_tcl_fsdbDumpvars_vd_main
31543 argv[0]: 0
31544 argv[1]: simulator.DCRFLI.RF_GEN[4].RF.CORE.CORDIC_GEN[6].CORDIC.c[3]
31545 argv[2]: +all
31546 argv[3]: +trace_process
31547 *Verdi* ERROR: The #2 argument "simulator.DCRFLI.RF_GEN[4].RF.CORE.CORDIC_GEN[6].CORDIC.c[3]" is invalid
31548 *Verdi* ERROR: Failed to dump because the specified instance or option is not correct
31549 *Verdi* ERROR: Syntax - fsdbDumpvars [depth] [instance] [option]*
31550 sps_tcl_fsdbDumpflush_vd_main at 0 : N/A(0)
31551 *Verdi* : Flush all FSDB Files at 0 ps.
31552 sps_tcl_fsdbDumpvars_vd_main
31553 argv[0]: 0
31554 argv[1]: simulator.DCRFLI.RF_GEN[4].RF.CORE.CORDIC_GEN[7].CORDIC.c[3]
31555 argv[2]: +all
31556 argv[3]: +trace_process
31557 *Verdi* ERROR: The #2 argument "simulator.DCRFLI.RF_GEN[4].RF.CORE.CORDIC_GEN[7].CORDIC.c[3]" is invalid
31558 *Verdi* ERROR: Failed to dump because the specified instance or option is not correct
31559 *Verdi* ERROR: Syntax - fsdbDumpvars [depth] [instance] [option]*
31560 sps_tcl_fsdbDumpflush_vd_main at 0 : N/A(0)
31561 *Verdi* : Flush all FSDB Files at 0 ps.
31562 sps_tcl_fsdbDumpvars_vd_main
31563 argv[0]: 0
31564 argv[1]: simulator.DCRFLI.RF_GEN[4].RF.CORE.CORDIC_GEN[0].CORDIC.c[2]
31565 argv[2]: +all
31566 argv[3]: +trace_process
31567 *Verdi* ERROR: The #2 argument "simulator.DCRFLI.RF_GEN[4].RF.CORE.CORDIC_GEN[0].CORDIC.c[2]" is invalid
31568 *Verdi* ERROR: Failed to dump because the specified instance or option is not correct
31569 *Verdi* ERROR: Syntax - fsdbDumpvars [depth] [instance] [option]*
31570 sps_tcl_fsdbDumpflush_vd_main at 0 : N/A(0)
31571 *Verdi* : Flush all FSDB Files at 0 ps.
31572 sps_tcl_fsdbDumpvars_vd_main
31573 argv[0]: 0
31574 argv[1]: simulator.DCRFLI.RF_GEN[4].RF.CORE.CORDIC_GEN[1].CORDIC.c[2]
31575 argv[2]: +all
31576 argv[3]: +trace_process
31577 *Verdi* ERROR: The #2 argument "simulator.DCRFLI.RF_GEN[4].RF.CORE.CORDIC_GEN[1].CORDIC.c[2]" is invalid
31578 *Verdi* ERROR: Failed to dump because the specified instance or option is not correct
31579 *Verdi* ERROR: Syntax - fsdbDumpvars [depth] [instance] [option]*
31580 sps_tcl_fsdbDumpflush_vd_main at 0 : N/A(0)
31581 *Verdi* : Flush all FSDB Files at 0 ps.
31582 sps_tcl_fsdbDumpvars_vd_main
31583 argv[0]: 0
31584 argv[1]: simulator.DCRFLI.RF_GEN[4].RF.CORE.CORDIC_GEN[2].CORDIC.c[2]
31585 argv[2]: +all
31586 argv[3]: +trace_process
31587 *Verdi* ERROR: The #2 argument "simulator.DCRFLI.RF_GEN[4].RF.CORE.CORDIC_GEN[2].CORDIC.c[2]" is invalid
31588 *Verdi* ERROR: Failed to dump because the specified instance or option is not correct
31589 *Verdi* ERROR: Syntax - fsdbDumpvars [depth] [instance] [option]*
31590 sps_tcl_fsdbDumpflush_vd_main at 0 : N/A(0)
31591 *Verdi* : Flush all FSDB Files at 0 ps.
31592 sps_tcl_fsdbDumpvars_vd_main
31593 argv[0]: 0
31594 argv[1]: simulator.DCRFLI.RF_GEN[4].RF.CORE.CORDIC_GEN[3].CORDIC.c[2]
31595 argv[2]: +all
31596 argv[3]: +trace_process
31597 *Verdi* ERROR: The #2 argument "simulator.DCRFLI.RF_GEN[4].RF.CORE.CORDIC_GEN[3].CORDIC.c[2]" is invalid
31598 *Verdi* ERROR: Failed to dump because the specified instance or option is not correct
31599 *Verdi* ERROR: Syntax - fsdbDumpvars [depth] [instance] [option]*
31600 sps_tcl_fsdbDumpflush_vd_main at 0 : N/A(0)
31601 *Verdi* : Flush all FSDB Files at 0 ps.
31602 sps_tcl_fsdbDumpvars_vd_main
31603 argv[0]: 0
31604 argv[1]: simulator.DCRFLI.RF_GEN[4].RF.CORE.CORDIC_GEN[4].CORDIC.c[2]
31605 argv[2]: +all
31606 argv[3]: +trace_process
31607 *Verdi* ERROR: The #2 argument "simulator.DCRFLI.RF_GEN[4].RF.CORE.CORDIC_GEN[4].CORDIC.c[2]" is invalid
31608 *Verdi* ERROR: Failed to dump because the specified instance or option is not correct
31609 *Verdi* ERROR: Syntax - fsdbDumpvars [depth] [instance] [option]*
31610 sps_tcl_fsdbDumpflush_vd_main at 0 : N/A(0)
31611 *Verdi* : Flush all FSDB Files at 0 ps.
31612 sps_tcl_fsdbDumpvars_vd_main
31613 argv[0]: 0
31614 argv[1]: simulator.DCRFLI.RF_GEN[4].RF.CORE.CORDIC_GEN[5].CORDIC.c[2]
31615 argv[2]: +all
31616 argv[3]: +trace_process
31617 *Verdi* ERROR: The #2 argument "simulator.DCRFLI.RF_GEN[4].RF.CORE.CORDIC_GEN[5].CORDIC.c[2]" is invalid
31618 *Verdi* ERROR: Failed to dump because the specified instance or option is not correct
31619 *Verdi* ERROR: Syntax - fsdbDumpvars [depth] [instance] [option]*
31620 sps_tcl_fsdbDumpflush_vd_main at 0 : N/A(0)
31621 *Verdi* : Flush all FSDB Files at 0 ps.
31622 sps_tcl_fsdbDumpvars_vd_main
31623 argv[0]: 0
31624 argv[1]: simulator.DCRFLI.RF_GEN[4].RF.CORE.CORDIC_GEN[6].CORDIC.c[2]
31625 argv[2]: +all
31626 argv[3]: +trace_process
31627 *Verdi* ERROR: The #2 argument "simulator.DCRFLI.RF_GEN[4].RF.CORE.CORDIC_GEN[6].CORDIC.c[2]" is invalid
31628 *Verdi* ERROR: Failed to dump because the specified instance or option is not correct
31629 *Verdi* ERROR: Syntax - fsdbDumpvars [depth] [instance] [option]*
31630 sps_tcl_fsdbDumpflush_vd_main at 0 : N/A(0)
31631 *Verdi* : Flush all FSDB Files at 0 ps.
31632 sps_tcl_fsdbDumpvars_vd_main
31633 argv[0]: 0
31634 argv[1]: simulator.DCRFLI.RF_GEN[4].RF.CORE.CORDIC_GEN[7].CORDIC.c[2]
31635 argv[2]: +all
31636 argv[3]: +trace_process
31637 *Verdi* ERROR: The #2 argument "simulator.DCRFLI.RF_GEN[4].RF.CORE.CORDIC_GEN[7].CORDIC.c[2]" is invalid
31638 *Verdi* ERROR: Failed to dump because the specified instance or option is not correct
31639 *Verdi* ERROR: Syntax - fsdbDumpvars [depth] [instance] [option]*
31640 sps_tcl_fsdbDumpflush_vd_main at 0 : N/A(0)
31641 *Verdi* : Flush all FSDB Files at 0 ps.
31642 sps_tcl_fsdbDumpvars_vd_main
31643 argv[0]: 0
31644 argv[1]: simulator.DCRFLI.RF_GEN[4].RF.CORE.CORDIC_GEN[0].CORDIC.c[1]
31645 argv[2]: +all
31646 argv[3]: +trace_process
31647 *Verdi* ERROR: The #2 argument "simulator.DCRFLI.RF_GEN[4].RF.CORE.CORDIC_GEN[0].CORDIC.c[1]" is invalid
31648 *Verdi* ERROR: Failed to dump because the specified instance or option is not correct
31649 *Verdi* ERROR: Syntax - fsdbDumpvars [depth] [instance] [option]*
31650 sps_tcl_fsdbDumpflush_vd_main at 0 : N/A(0)
31651 *Verdi* : Flush all FSDB Files at 0 ps.
31652 sps_tcl_fsdbDumpvars_vd_main
31653 argv[0]: 0
31654 argv[1]: simulator.DCRFLI.RF_GEN[4].RF.CORE.CORDIC_GEN[1].CORDIC.c[1]
31655 argv[2]: +all
31656 argv[3]: +trace_process
31657 *Verdi* ERROR: The #2 argument "simulator.DCRFLI.RF_GEN[4].RF.CORE.CORDIC_GEN[1].CORDIC.c[1]" is invalid
31658 *Verdi* ERROR: Failed to dump because the specified instance or option is not correct
31659 *Verdi* ERROR: Syntax - fsdbDumpvars [depth] [instance] [option]*
31660 sps_tcl_fsdbDumpflush_vd_main at 0 : N/A(0)
31661 *Verdi* : Flush all FSDB Files at 0 ps.
31662 sps_tcl_fsdbDumpvars_vd_main
31663 argv[0]: 0
31664 argv[1]: simulator.DCRFLI.RF_GEN[4].RF.CORE.CORDIC_GEN[2].CORDIC.c[1]
31665 argv[2]: +all
31666 argv[3]: +trace_process
31667 *Verdi* ERROR: The #2 argument "simulator.DCRFLI.RF_GEN[4].RF.CORE.CORDIC_GEN[2].CORDIC.c[1]" is invalid
31668 *Verdi* ERROR: Failed to dump because the specified instance or option is not correct
31669 *Verdi* ERROR: Syntax - fsdbDumpvars [depth] [instance] [option]*
31670 sps_tcl_fsdbDumpflush_vd_main at 0 : N/A(0)
31671 *Verdi* : Flush all FSDB Files at 0 ps.
31672 sps_tcl_fsdbDumpvars_vd_main
31673 argv[0]: 0
31674 argv[1]: simulator.DCRFLI.RF_GEN[4].RF.CORE.CORDIC_GEN[3].CORDIC.c[1]
31675 argv[2]: +all
31676 argv[3]: +trace_process
31677 *Verdi* ERROR: The #2 argument "simulator.DCRFLI.RF_GEN[4].RF.CORE.CORDIC_GEN[3].CORDIC.c[1]" is invalid
31678 *Verdi* ERROR: Failed to dump because the specified instance or option is not correct
31679 *Verdi* ERROR: Syntax - fsdbDumpvars [depth] [instance] [option]*
31680 sps_tcl_fsdbDumpflush_vd_main at 0 : N/A(0)
31681 *Verdi* : Flush all FSDB Files at 0 ps.
31682 sps_tcl_fsdbDumpvars_vd_main
31683 argv[0]: 0
31684 argv[1]: simulator.DCRFLI.RF_GEN[4].RF.CORE.CORDIC_GEN[4].CORDIC.c[1]
31685 argv[2]: +all
31686 argv[3]: +trace_process
31687 *Verdi* ERROR: The #2 argument "simulator.DCRFLI.RF_GEN[4].RF.CORE.CORDIC_GEN[4].CORDIC.c[1]" is invalid
31688 *Verdi* ERROR: Failed to dump because the specified instance or option is not correct
31689 *Verdi* ERROR: Syntax - fsdbDumpvars [depth] [instance] [option]*
31690 sps_tcl_fsdbDumpflush_vd_main at 0 : N/A(0)
31691 *Verdi* : Flush all FSDB Files at 0 ps.
31692 sps_tcl_fsdbDumpvars_vd_main
31693 argv[0]: 0
31694 argv[1]: simulator.DCRFLI.RF_GEN[4].RF.CORE.CORDIC_GEN[5].CORDIC.c[1]
31695 argv[2]: +all
31696 argv[3]: +trace_process
31697 *Verdi* ERROR: The #2 argument "simulator.DCRFLI.RF_GEN[4].RF.CORE.CORDIC_GEN[5].CORDIC.c[1]" is invalid
31698 *Verdi* ERROR: Failed to dump because the specified instance or option is not correct
31699 *Verdi* ERROR: Syntax - fsdbDumpvars [depth] [instance] [option]*
31700 sps_tcl_fsdbDumpflush_vd_main at 0 : N/A(0)
31701 *Verdi* : Flush all FSDB Files at 0 ps.
31702 sps_tcl_fsdbDumpvars_vd_main
31703 argv[0]: 0
31704 argv[1]: simulator.DCRFLI.RF_GEN[4].RF.CORE.CORDIC_GEN[6].CORDIC.c[1]
31705 argv[2]: +all
31706 argv[3]: +trace_process
31707 *Verdi* ERROR: The #2 argument "simulator.DCRFLI.RF_GEN[4].RF.CORE.CORDIC_GEN[6].CORDIC.c[1]" is invalid
31708 *Verdi* ERROR: Failed to dump because the specified instance or option is not correct
31709 *Verdi* ERROR: Syntax - fsdbDumpvars [depth] [instance] [option]*
31710 sps_tcl_fsdbDumpflush_vd_main at 0 : N/A(0)
31711 *Verdi* : Flush all FSDB Files at 0 ps.
31712 sps_tcl_fsdbDumpvars_vd_main
31713 argv[0]: 0
31714 argv[1]: simulator.DCRFLI.RF_GEN[4].RF.CORE.CORDIC_GEN[7].CORDIC.c[1]
31715 argv[2]: +all
31716 argv[3]: +trace_process
31717 *Verdi* ERROR: The #2 argument "simulator.DCRFLI.RF_GEN[4].RF.CORE.CORDIC_GEN[7].CORDIC.c[1]" is invalid
31718 *Verdi* ERROR: Failed to dump because the specified instance or option is not correct
31719 *Verdi* ERROR: Syntax - fsdbDumpvars [depth] [instance] [option]*
31720 sps_tcl_fsdbDumpflush_vd_main at 0 : N/A(0)
31721 *Verdi* : Flush all FSDB Files at 0 ps.
31722 sps_tcl_fsdbDumpvars_vd_main
31723 argv[0]: 0
31724 argv[1]: simulator.DCRFLI.RF_GEN[4].RF.CORE.CORDIC_GEN[0].CORDIC.c[0]
31725 argv[2]: +all
31726 argv[3]: +trace_process
31727 *Verdi* ERROR: The #2 argument "simulator.DCRFLI.RF_GEN[4].RF.CORE.CORDIC_GEN[0].CORDIC.c[0]" is invalid
31728 *Verdi* ERROR: Failed to dump because the specified instance or option is not correct
31729 *Verdi* ERROR: Syntax - fsdbDumpvars [depth] [instance] [option]*
31730 sps_tcl_fsdbDumpflush_vd_main at 0 : N/A(0)
31731 *Verdi* : Flush all FSDB Files at 0 ps.
31732 sps_tcl_fsdbDumpvars_vd_main
31733 argv[0]: 0
31734 argv[1]: simulator.DCRFLI.RF_GEN[4].RF.CORE.CORDIC_GEN[1].CORDIC.c[0]
31735 argv[2]: +all
31736 argv[3]: +trace_process
31737 *Verdi* ERROR: The #2 argument "simulator.DCRFLI.RF_GEN[4].RF.CORE.CORDIC_GEN[1].CORDIC.c[0]" is invalid
31738 *Verdi* ERROR: Failed to dump because the specified instance or option is not correct
31739 *Verdi* ERROR: Syntax - fsdbDumpvars [depth] [instance] [option]*
31740 sps_tcl_fsdbDumpflush_vd_main at 0 : N/A(0)
31741 *Verdi* : Flush all FSDB Files at 0 ps.
31742 sps_tcl_fsdbDumpvars_vd_main
31743 argv[0]: 0
31744 argv[1]: simulator.DCRFLI.RF_GEN[4].RF.CORE.CORDIC_GEN[2].CORDIC.c[0]
31745 argv[2]: +all
31746 argv[3]: +trace_process
31747 *Verdi* ERROR: The #2 argument "simulator.DCRFLI.RF_GEN[4].RF.CORE.CORDIC_GEN[2].CORDIC.c[0]" is invalid
31748 *Verdi* ERROR: Failed to dump because the specified instance or option is not correct
31749 *Verdi* ERROR: Syntax - fsdbDumpvars [depth] [instance] [option]*
31750 sps_tcl_fsdbDumpflush_vd_main at 0 : N/A(0)
31751 *Verdi* : Flush all FSDB Files at 0 ps.
31752 sps_tcl_fsdbDumpvars_vd_main
31753 argv[0]: 0
31754 argv[1]: simulator.DCRFLI.RF_GEN[4].RF.CORE.CORDIC_GEN[3].CORDIC.c[0]
31755 argv[2]: +all
31756 argv[3]: +trace_process
31757 *Verdi* ERROR: The #2 argument "simulator.DCRFLI.RF_GEN[4].RF.CORE.CORDIC_GEN[3].CORDIC.c[0]" is invalid
31758 *Verdi* ERROR: Failed to dump because the specified instance or option is not correct
31759 *Verdi* ERROR: Syntax - fsdbDumpvars [depth] [instance] [option]*
31760 sps_tcl_fsdbDumpflush_vd_main at 0 : N/A(0)
31761 *Verdi* : Flush all FSDB Files at 0 ps.
31762 sps_tcl_fsdbDumpvars_vd_main
31763 argv[0]: 0
31764 argv[1]: simulator.DCRFLI.RF_GEN[4].RF.CORE.CORDIC_GEN[4].CORDIC.c[0]
31765 argv[2]: +all
31766 argv[3]: +trace_process
31767 *Verdi* ERROR: The #2 argument "simulator.DCRFLI.RF_GEN[4].RF.CORE.CORDIC_GEN[4].CORDIC.c[0]" is invalid
31768 *Verdi* ERROR: Failed to dump because the specified instance or option is not correct
31769 *Verdi* ERROR: Syntax - fsdbDumpvars [depth] [instance] [option]*
31770 sps_tcl_fsdbDumpflush_vd_main at 0 : N/A(0)
31771 *Verdi* : Flush all FSDB Files at 0 ps.
31772 sps_tcl_fsdbDumpvars_vd_main
31773 argv[0]: 0
31774 argv[1]: simulator.DCRFLI.RF_GEN[4].RF.CORE.CORDIC_GEN[5].CORDIC.c[0]
31775 argv[2]: +all
31776 argv[3]: +trace_process
31777 *Verdi* ERROR: The #2 argument "simulator.DCRFLI.RF_GEN[4].RF.CORE.CORDIC_GEN[5].CORDIC.c[0]" is invalid
31778 *Verdi* ERROR: Failed to dump because the specified instance or option is not correct
31779 *Verdi* ERROR: Syntax - fsdbDumpvars [depth] [instance] [option]*
31780 sps_tcl_fsdbDumpflush_vd_main at 0 : N/A(0)
31781 *Verdi* : Flush all FSDB Files at 0 ps.
31782 sps_tcl_fsdbDumpvars_vd_main
31783 argv[0]: 0
31784 argv[1]: simulator.DCRFLI.RF_GEN[4].RF.CORE.CORDIC_GEN[6].CORDIC.c[0]
31785 argv[2]: +all
31786 argv[3]: +trace_process
31787 *Verdi* ERROR: The #2 argument "simulator.DCRFLI.RF_GEN[4].RF.CORE.CORDIC_GEN[6].CORDIC.c[0]" is invalid
31788 *Verdi* ERROR: Failed to dump because the specified instance or option is not correct
31789 *Verdi* ERROR: Syntax - fsdbDumpvars [depth] [instance] [option]*
31790 sps_tcl_fsdbDumpflush_vd_main at 0 : N/A(0)
31791 *Verdi* : Flush all FSDB Files at 0 ps.
31792 sps_tcl_fsdbDumpvars_vd_main
31793 argv[0]: 0
31794 argv[1]: simulator.DCRFLI.RF_GEN[4].RF.CORE.CORDIC_GEN[7].CORDIC.c[0]
31795 argv[2]: +all
31796 argv[3]: +trace_process
31797 *Verdi* ERROR: The #2 argument "simulator.DCRFLI.RF_GEN[4].RF.CORE.CORDIC_GEN[7].CORDIC.c[0]" is invalid
31798 *Verdi* ERROR: Failed to dump because the specified instance or option is not correct
31799 *Verdi* ERROR: Syntax - fsdbDumpvars [depth] [instance] [option]*
31800 sps_tcl_fsdbDumpflush_vd_main at 0 : N/A(0)
31801 *Verdi* : Flush all FSDB Files at 0 ps.
31802 sps_tcl_fsdbDumpvars_vd_main
31803 argv[0]: 0
31804 argv[1]: simulator.DCRFLI.RF_GEN[4].RF.CORE.i_clk
31805 argv[2]: +all
31806 argv[3]: +trace_process
31807 *Verdi* ERROR: The #2 argument "simulator.DCRFLI.RF_GEN[4].RF.CORE.i_clk" is invalid
31808 *Verdi* ERROR: Failed to dump because the specified instance or option is not correct
31809 *Verdi* ERROR: Syntax - fsdbDumpvars [depth] [instance] [option]*
31810 sps_tcl_fsdbDumpflush_vd_main at 0 : N/A(0)
31811 *Verdi* : Flush all FSDB Files at 0 ps.
31812 sps_tcl_fsdbDumpvars_vd_main
31813 argv[0]: 0
31814 argv[1]: simulator.DCRFLI.RF_GEN[4].RF.CORE.i_rst
31815 argv[2]: +all
31816 argv[3]: +trace_process
31817 *Verdi* ERROR: The #2 argument "simulator.DCRFLI.RF_GEN[4].RF.CORE.i_rst" is invalid
31818 *Verdi* ERROR: Failed to dump because the specified instance or option is not correct
31819 *Verdi* ERROR: Syntax - fsdbDumpvars [depth] [instance] [option]*
31820 sps_tcl_fsdbDumpflush_vd_main at 0 : N/A(0)
31821 *Verdi* : Flush all FSDB Files at 0 ps.
31822 sps_tcl_fsdbDumpvars_vd_main
31823 argv[0]: 0
31824 argv[1]: simulator.DCRFLI.RF_GEN[4].RF.CORE.w_stall
31825 argv[2]: +all
31826 argv[3]: +trace_process
31827 *Verdi* ERROR: The #2 argument "simulator.DCRFLI.RF_GEN[4].RF.CORE.w_stall" is invalid
31828 *Verdi* ERROR: Failed to dump because the specified instance or option is not correct
31829 *Verdi* ERROR: Syntax - fsdbDumpvars [depth] [instance] [option]*
31830 sps_tcl_fsdbDumpflush_vd_main at 0 : N/A(0)
31831 *Verdi* : Flush all FSDB Files at 0 ps.
31832 sps_tcl_fsdbDumpvars_vd_main
31833 argv[0]: 0
31834 argv[1]: simulator.DCRFLI.RF_GEN[4].RF.CORE.d
31835 argv[2]: +all
31836 argv[3]: +trace_process
31837 *Verdi* ERROR: The #2 argument "simulator.DCRFLI.RF_GEN[4].RF.CORE.d" is invalid
31838 *Verdi* ERROR: Failed to dump because the specified instance or option is not correct
31839 *Verdi* ERROR: Syntax - fsdbDumpvars [depth] [instance] [option]*
31840 sps_tcl_fsdbDumpflush_vd_main at 0 : N/A(0)
31841 *Verdi* : Flush all FSDB Files at 0 ps.
31842 sps_tcl_fsdbDumpvars_vd_main
31843 argv[0]: 0
31844 argv[1]: simulator.DCRFLI.RF_GEN[4].RF.CORE.i_empty
31845 argv[2]: +all
31846 argv[3]: +trace_process
31847 *Verdi* ERROR: The #2 argument "simulator.DCRFLI.RF_GEN[4].RF.CORE.i_empty" is invalid
31848 *Verdi* ERROR: Failed to dump because the specified instance or option is not correct
31849 *Verdi* ERROR: Syntax - fsdbDumpvars [depth] [instance] [option]*
31850 sps_tcl_fsdbDumpflush_vd_main at 0 : N/A(0)
31851 *Verdi* : Flush all FSDB Files at 0 ps.
31852 sps_tcl_fsdbDumpvars_vd_main
31853 argv[0]: 0
31854 argv[1]: simulator.DCRFLI.RF_GEN[4].RF.CORE.o_next
31855 argv[2]: +all
31856 argv[3]: +trace_process
31857 *Verdi* ERROR: The #2 argument "simulator.DCRFLI.RF_GEN[4].RF.CORE.o_next" is invalid
31858 *Verdi* ERROR: Failed to dump because the specified instance or option is not correct
31859 *Verdi* ERROR: Syntax - fsdbDumpvars [depth] [instance] [option]*
31860 sps_tcl_fsdbDumpflush_vd_main at 0 : N/A(0)
31861 *Verdi* : Flush all FSDB Files at 0 ps.
31862 sps_tcl_fsdbDumpvars_vd_main
31863 argv[0]: 0
31864 argv[1]: simulator.DCRFLI.RF_GEN[4].RF.CORE.i_addr[3:0]
31865 argv[2]: +all
31866 argv[3]: +trace_process
31867 *Verdi* ERROR: The #2 argument "simulator.DCRFLI.RF_GEN[4].RF.CORE.i_addr[3:0]" is invalid
31868 *Verdi* ERROR: Failed to dump because the specified instance or option is not correct
31869 *Verdi* ERROR: Syntax - fsdbDumpvars [depth] [instance] [option]*
31870 sps_tcl_fsdbDumpflush_vd_main at 0 : N/A(0)
31871 *Verdi* : Flush all FSDB Files at 0 ps.
31872 sps_tcl_fsdbDumpvars_vd_main
31873 argv[0]: 0
31874 argv[1]: simulator.DCRFLI.RF_GEN[4].RF.CORE.i_insn
31875 argv[2]: +all
31876 argv[3]: +trace_process
31877 *Verdi* ERROR: The #2 argument "simulator.DCRFLI.RF_GEN[4].RF.CORE.i_insn" is invalid
31878 *Verdi* ERROR: Failed to dump because the specified instance or option is not correct
31879 *Verdi* ERROR: Syntax - fsdbDumpvars [depth] [instance] [option]*
31880 sps_tcl_fsdbDumpflush_vd_main at 0 : N/A(0)
31881 *Verdi* : Flush all FSDB Files at 0 ps.
31882 sps_tcl_fsdbDumpvars_vd_main
31883 argv[0]: 0
31884 argv[1]: simulator.DCRFLI.RF_GEN[4].RF.CORE.o_insn_modified
31885 argv[2]: +all
31886 argv[3]: +trace_process
31887 *Verdi* ERROR: The #2 argument "simulator.DCRFLI.RF_GEN[4].RF.CORE.o_insn_modified" is invalid
31888 *Verdi* ERROR: Failed to dump because the specified instance or option is not correct
31889 *Verdi* ERROR: Syntax - fsdbDumpvars [depth] [instance] [option]*
31890 sps_tcl_fsdbDumpflush_vd_main at 0 : N/A(0)
31891 *Verdi* : Flush all FSDB Files at 0 ps.
31892 sps_tcl_fsdbDumpvars_vd_main
31893 argv[0]: 0
31894 argv[1]: simulator.DCRFLI.RF_GEN[4].RF.CORE.p
31895 argv[2]: +all
31896 argv[3]: +trace_process
31897 *Verdi* ERROR: The #2 argument "simulator.DCRFLI.RF_GEN[4].RF.CORE.p" is invalid
31898 *Verdi* ERROR: Failed to dump because the specified instance or option is not correct
31899 *Verdi* ERROR: Syntax - fsdbDumpvars [depth] [instance] [option]*
31900 sps_tcl_fsdbDumpflush_vd_main at 0 : N/A(0)
31901 *Verdi* : Flush all FSDB Files at 0 ps.
31902 sps_tcl_fsdbDumpvars_vd_main
31903 argv[0]: 0
31904 argv[1]: simulator.DCRFLI.RF_GEN[4].RF.CORE.w_new_phase
31905 argv[2]: +all
31906 argv[3]: +trace_process
31907 *Verdi* ERROR: The #2 argument "simulator.DCRFLI.RF_GEN[4].RF.CORE.w_new_phase" is invalid
31908 *Verdi* ERROR: Failed to dump because the specified instance or option is not correct
31909 *Verdi* ERROR: Syntax - fsdbDumpvars [depth] [instance] [option]*
31910 sps_tcl_fsdbDumpflush_vd_main at 0 : N/A(0)
31911 *Verdi* : Flush all FSDB Files at 0 ps.
31912 sps_tcl_fsdbDumpvars_vd_main
31913 argv[0]: 0
31914 argv[1]: simulator.DCRFLI.RF_GEN[4].RF.CORE.r
31915 argv[2]: +all
31916 argv[3]: +trace_process
31917 *Verdi* ERROR: The #2 argument "simulator.DCRFLI.RF_GEN[4].RF.CORE.r" is invalid
31918 *Verdi* ERROR: Failed to dump because the specified instance or option is not correct
31919 *Verdi* ERROR: Syntax - fsdbDumpvars [depth] [instance] [option]*
31920 sps_tcl_fsdbDumpflush_vd_main at 0 : N/A(0)
31921 *Verdi* : Flush all FSDB Files at 0 ps.
31922 sps_tcl_fsdbDumpvars_vd_main
31923 argv[0]: 0
31924 argv[1]: simulator.DCRFLI.RF_GEN[4].RF.CORE.o_armed
31925 argv[2]: +all
31926 argv[3]: +trace_process
31927 *Verdi* ERROR: The #2 argument "simulator.DCRFLI.RF_GEN[4].RF.CORE.o_armed" is invalid
31928 *Verdi* ERROR: Failed to dump because the specified instance or option is not correct
31929 *Verdi* ERROR: Syntax - fsdbDumpvars [depth] [instance] [option]*
31930 sps_tcl_fsdbDumpflush_vd_main at 0 : N/A(0)
31931 *Verdi* : Flush all FSDB Files at 0 ps.
31932 sps_tcl_fsdbDumpvars_vd_main
31933 argv[0]: 0
31934 argv[1]: simulator.DCRFLI.RF_GEN[4].RF.CORE.i_start
31935 argv[2]: +all
31936 argv[3]: +trace_process
31937 *Verdi* ERROR: The #2 argument "simulator.DCRFLI.RF_GEN[4].RF.CORE.i_start" is invalid
31938 *Verdi* ERROR: Failed to dump because the specified instance or option is not correct
31939 *Verdi* ERROR: Syntax - fsdbDumpvars [depth] [instance] [option]*
31940 sps_tcl_fsdbDumpflush_vd_main at 0 : N/A(0)
31941 *Verdi* : Flush all FSDB Files at 0 ps.
31942 sps_tcl_fsdbDumpvars_vd_main
31943 argv[0]: 0
31944 argv[1]: simulator.DCRFLI.RF_GEN[4].RF.CORE.o_addr[3:0]
31945 argv[2]: +all
31946 argv[3]: +trace_process
31947 *Verdi* ERROR: The #2 argument "simulator.DCRFLI.RF_GEN[4].RF.CORE.o_addr[3:0]" is invalid
31948 *Verdi* ERROR: Failed to dump because the specified instance or option is not correct
31949 *Verdi* ERROR: Syntax - fsdbDumpvars [depth] [instance] [option]*
31950 sps_tcl_fsdbDumpflush_vd_main at 0 : N/A(0)
31951 *Verdi* : Flush all FSDB Files at 0 ps.
31952 sps_tcl_fsdbDumpvars_vd_main
31953 argv[0]: 0
31954 argv[1]: simulator.DCRFLI.RF_GEN[4].RF.CORE.o_sample_start[19:0]
31955 argv[2]: +all
31956 argv[3]: +trace_process
31957 *Verdi* ERROR: The #2 argument "simulator.DCRFLI.RF_GEN[4].RF.CORE.o_sample_start[19:0]" is invalid
31958 *Verdi* ERROR: Failed to dump because the specified instance or option is not correct
31959 *Verdi* ERROR: Syntax - fsdbDumpvars [depth] [instance] [option]*
31960 sps_tcl_fsdbDumpflush_vd_main at 0 : N/A(0)
31961 *Verdi* : Flush all FSDB Files at 0 ps.
31962 sps_tcl_fsdbDumpvars_vd_main
31963 argv[0]: 0
31964 argv[1]: simulator.DCRFLI.RF_GEN[4].RF.CORE.o_sample_end[19:0]
31965 argv[2]: +all
31966 argv[3]: +trace_process
31967 *Verdi* ERROR: The #2 argument "simulator.DCRFLI.RF_GEN[4].RF.CORE.o_sample_end[19:0]" is invalid
31968 *Verdi* ERROR: Failed to dump because the specified instance or option is not correct
31969 *Verdi* ERROR: Syntax - fsdbDumpvars [depth] [instance] [option]*
31970 sps_tcl_fsdbDumpflush_vd_main at 0 : N/A(0)
31971 *Verdi* : Flush all FSDB Files at 0 ps.
31972 sps_tcl_fsdbDumpvars_vd_main
31973 argv[0]: 0
31974 argv[1]: simulator.DCRFLI.RF_GEN[4].RF.CORE.o_QIx8[255:0]
31975 argv[2]: +all
31976 argv[3]: +trace_process
31977 *Verdi* ERROR: The #2 argument "simulator.DCRFLI.RF_GEN[4].RF.CORE.o_QIx8[255:0]" is invalid
31978 *Verdi* ERROR: Failed to dump because the specified instance or option is not correct
31979 *Verdi* ERROR: Syntax - fsdbDumpvars [depth] [instance] [option]*
31980 sps_tcl_fsdbDumpflush_vd_main at 0 : N/A(0)
31981 *Verdi* : Flush all FSDB Files at 0 ps.
31982 sps_tcl_fsdbDumpvars_vd_main
31983 argv[0]: 0
31984 argv[1]: simulator.RF_IO_GEN[4].DAC.i_clk
31985 argv[2]: +all
31986 argv[3]: +trace_process
31987 *Verdi* ERROR: The #2 argument "simulator.RF_IO_GEN[4].DAC.i_clk" is invalid
31988 *Verdi* ERROR: Failed to dump because the specified instance or option is not correct
31989 *Verdi* ERROR: Syntax - fsdbDumpvars [depth] [instance] [option]*
31990 sps_tcl_fsdbDumpflush_vd_main at 0 : N/A(0)
31991 *Verdi* : Flush all FSDB Files at 0 ps.
31992 sps_tcl_fsdbDumpvars_vd_main
31993 argv[0]: 0
31994 argv[1]: simulator.RF_IO_GEN[4].DAC.i_dac_clk
31995 argv[2]: +all
31996 argv[3]: +trace_process
31997 *Verdi* ERROR: The #2 argument "simulator.RF_IO_GEN[4].DAC.i_dac_clk" is invalid
31998 *Verdi* ERROR: Failed to dump because the specified instance or option is not correct
31999 *Verdi* ERROR: Syntax - fsdbDumpvars [depth] [instance] [option]*
32000 sps_tcl_fsdbDumpflush_vd_main at 0 : N/A(0)
32001 *Verdi* : Flush all FSDB Files at 0 ps.
32002 sps_tcl_fsdbDumpvars_vd_main
32003 argv[0]: 0
32004 argv[1]: simulator.RF_IO_GEN[4].DAC.dac_cycle
32005 argv[2]: +all
32006 argv[3]: +trace_process
32007 *Verdi* ERROR: The #2 argument "simulator.RF_IO_GEN[4].DAC.dac_cycle" is invalid
32008 *Verdi* ERROR: Failed to dump because the specified instance or option is not correct
32009 *Verdi* ERROR: Syntax - fsdbDumpvars [depth] [instance] [option]*
32010 sps_tcl_fsdbDumpflush_vd_main at 0 : N/A(0)
32011 *Verdi* : Flush all FSDB Files at 0 ps.
32012 sps_tcl_fsdbDumpvars_vd_main
32013 argv[0]: 0
32014 argv[1]: simulator.RF_IO_GEN[4].DAC.i_QIx8[255:0]
32015 argv[2]: +all
32016 argv[3]: +trace_process
32017 *Verdi* ERROR: The #2 argument "simulator.RF_IO_GEN[4].DAC.i_QIx8[255:0]" is invalid
32018 *Verdi* ERROR: Failed to dump because the specified instance or option is not correct
32019 *Verdi* ERROR: Syntax - fsdbDumpvars [depth] [instance] [option]*
32020 sps_tcl_fsdbDumpflush_vd_main at 0 : N/A(0)
32021 *Verdi* : Flush all FSDB Files at 0 ps.
32022 sps_tcl_fsdbDumpvars_vd_main
32023 argv[0]: 0
32024 argv[1]: simulator.RF_IO_GEN[4].DAC.w_Ix8[7:0][13:0]
32025 argv[2]: +all
32026 argv[3]: +trace_process
32027 *Verdi* ERROR: The #2 argument "simulator.RF_IO_GEN[4].DAC.w_Ix8[7:0][13:0]" is invalid
32028 *Verdi* ERROR: Failed to dump because the specified instance or option is not correct
32029 *Verdi* ERROR: Syntax - fsdbDumpvars [depth] [instance] [option]*
32030 sps_tcl_fsdbDumpflush_vd_main at 0 : N/A(0)
32031 *Verdi* : Flush all FSDB Files at 0 ps.
32032 sps_tcl_fsdbDumpvars_vd_main
32033 argv[0]: 0
32034 argv[1]: simulator.RF_IO_GEN[4].DAC.w_Qx8[7:0][13:0]
32035 argv[2]: +all
32036 argv[3]: +trace_process
32037 *Verdi* ERROR: The #2 argument "simulator.RF_IO_GEN[4].DAC.w_Qx8[7:0][13:0]" is invalid
32038 *Verdi* ERROR: Failed to dump because the specified instance or option is not correct
32039 *Verdi* ERROR: Syntax - fsdbDumpvars [depth] [instance] [option]*
32040 sps_tcl_fsdbDumpflush_vd_main at 0 : N/A(0)
32041 *Verdi* : Flush all FSDB Files at 0 ps.
32042 sps_tcl_fsdbDumpvars_vd_main
32043 argv[0]: 0
32044 argv[1]: simulator.RF_IO_GEN[4].DAC.o_I[13:0]
32045 argv[2]: +all
32046 argv[3]: +trace_process
32047 *Verdi* ERROR: The #2 argument "simulator.RF_IO_GEN[4].DAC.o_I[13:0]" is invalid
32048 *Verdi* ERROR: Failed to dump because the specified instance or option is not correct
32049 *Verdi* ERROR: Syntax - fsdbDumpvars [depth] [instance] [option]*
32050 sps_tcl_fsdbDumpflush_vd_main at 0 : N/A(0)
32051 *Verdi* : Flush all FSDB Files at 0 ps.
32052 sps_tcl_fsdbDumpvars_vd_main
32053 argv[0]: 0
32054 argv[1]: simulator.RF_IO_GEN[4].DAC.o_Q[13:0]
32055 argv[2]: +all
32056 argv[3]: +trace_process
32057 *Verdi* ERROR: The #2 argument "simulator.RF_IO_GEN[4].DAC.o_Q[13:0]" is invalid
32058 *Verdi* ERROR: Failed to dump because the specified instance or option is not correct
32059 *Verdi* ERROR: Syntax - fsdbDumpvars [depth] [instance] [option]*
32060 sps_tcl_fsdbDumpflush_vd_main at 0 : N/A(0)
32061 *Verdi* : Flush all FSDB Files at 0 ps.
32062 sps_tcl_fsdbDumpvars_vd_main
32063 argv[0]: 0
32064 argv[1]: simulator.RF_IO_GEN[4].DAC.I
32065 argv[2]: +all
32066 argv[3]: +trace_process
32067 *Verdi* ERROR: The #2 argument "simulator.RF_IO_GEN[4].DAC.I" is invalid
32068 *Verdi* ERROR: Failed to dump because the specified instance or option is not correct
32069 *Verdi* ERROR: Syntax - fsdbDumpvars [depth] [instance] [option]*
32070 sps_tcl_fsdbDumpflush_vd_main at 0 : N/A(0)
32071 *Verdi* : Flush all FSDB Files at 0 ps.
32072 sps_tcl_fsdbDumpvars_vd_main
32073 argv[0]: 0
32074 argv[1]: simulator.RF_IO_GEN[4].DAC.Q
32075 argv[2]: +all
32076 argv[3]: +trace_process
32077 *Verdi* ERROR: The #2 argument "simulator.RF_IO_GEN[4].DAC.Q" is invalid
32078 *Verdi* ERROR: Failed to dump because the specified instance or option is not correct
32079 *Verdi* ERROR: Syntax - fsdbDumpvars [depth] [instance] [option]*
32080 sps_tcl_fsdbDumpflush_vd_main at 0 : N/A(0)
32081 *Verdi* : Flush all FSDB Files at 0 ps.
32082 sps_tcl_fsdbDumpvars_vd_main
32083 argv[0]: 0
32084 argv[1]: simulator.RF_IO_GEN[4].DAC.deg
32085 argv[2]: +all
32086 argv[3]: +trace_process
32087 *Verdi* ERROR: The #2 argument "simulator.RF_IO_GEN[4].DAC.deg" is invalid
32088 *Verdi* ERROR: Failed to dump because the specified instance or option is not correct
32089 *Verdi* ERROR: Syntax - fsdbDumpvars [depth] [instance] [option]*
32090 sps_tcl_fsdbDumpflush_vd_main at 0 : N/A(0)
32091 *Verdi* : Flush all FSDB Files at 0 ps.
32092 sps_tcl_fsdbDumpvars_vd_main
32093 argv[0]: 0
32094 argv[1]: simulator.RF_IO_GEN[4].DAC.rad
32095 argv[2]: +all
32096 argv[3]: +trace_process
32097 *Verdi* ERROR: The #2 argument "simulator.RF_IO_GEN[4].DAC.rad" is invalid
32098 *Verdi* ERROR: Failed to dump because the specified instance or option is not correct
32099 *Verdi* ERROR: Syntax - fsdbDumpvars [depth] [instance] [option]*
32100 sps_tcl_fsdbDumpflush_vd_main at 0 : N/A(0)
32101 *Verdi* : Flush all FSDB Files at 0 ps.
32102 sps_tcl_fsdbDumpvars_vd_main
32103 argv[0]: 0
32104 argv[1]: simulator.RF_IO_GEN[4].DAC.nco_i
32105 argv[2]: +all
32106 argv[3]: +trace_process
32107 *Verdi* ERROR: The #2 argument "simulator.RF_IO_GEN[4].DAC.nco_i" is invalid
32108 *Verdi* ERROR: Failed to dump because the specified instance or option is not correct
32109 *Verdi* ERROR: Syntax - fsdbDumpvars [depth] [instance] [option]*
32110 sps_tcl_fsdbDumpflush_vd_main at 0 : N/A(0)
32111 *Verdi* : Flush all FSDB Files at 0 ps.
32112 sps_tcl_fsdbDumpvars_vd_main
32113 argv[0]: 0
32114 argv[1]: simulator.RF_IO_GEN[4].DAC.nco_q
32115 argv[2]: +all
32116 argv[3]: +trace_process
32117 *Verdi* ERROR: The #2 argument "simulator.RF_IO_GEN[4].DAC.nco_q" is invalid
32118 *Verdi* ERROR: Failed to dump because the specified instance or option is not correct
32119 *Verdi* ERROR: Syntax - fsdbDumpvars [depth] [instance] [option]*
32120 sps_tcl_fsdbDumpflush_vd_main at 0 : N/A(0)
32121 *Verdi* : Flush all FSDB Files at 0 ps.
32122 sps_tcl_fsdbDumpvars_vd_main
32123 argv[0]: 0
32124 argv[1]: simulator.RF_IO_GEN[4].DAC.o_vrf
32125 argv[2]: +all
32126 argv[3]: +trace_process
32127 *Verdi* ERROR: The #2 argument "simulator.RF_IO_GEN[4].DAC.o_vrf" is invalid
32128 *Verdi* ERROR: Failed to dump because the specified instance or option is not correct
32129 *Verdi* ERROR: Syntax - fsdbDumpvars [depth] [instance] [option]*
32130 sps_tcl_fsdbDumpflush_vd_main at 0 : N/A(0)
32131 *Verdi* : Flush all FSDB Files at 0 ps.
32132 sps_tcl_fsdbDumpvars_vd_main
32133 argv[0]: 0
32134 argv[1]: simulator.RF_IO_GEN[3].REGS.AXIL_REGS.i_aclk
32135 argv[2]: +all
32136 argv[3]: +trace_process
32137 *Verdi* ERROR: The #2 argument "simulator.RF_IO_GEN[3].REGS.AXIL_REGS.i_aclk" is invalid
32138 *Verdi* ERROR: Failed to dump because the specified instance or option is not correct
32139 *Verdi* ERROR: Syntax - fsdbDumpvars [depth] [instance] [option]*
32140 sps_tcl_fsdbDumpflush_vd_main at 0 : N/A(0)
32141 *Verdi* : Flush all FSDB Files at 0 ps.
32142 sps_tcl_fsdbDumpvars_vd_main
32143 argv[0]: 0
32144 argv[1]: simulator.RF_IO_GEN[3].REGS.AXIL_REGS.i_aresetn
32145 argv[2]: +all
32146 argv[3]: +trace_process
32147 *Verdi* ERROR: The #2 argument "simulator.RF_IO_GEN[3].REGS.AXIL_REGS.i_aresetn" is invalid
32148 *Verdi* ERROR: Failed to dump because the specified instance or option is not correct
32149 *Verdi* ERROR: Syntax - fsdbDumpvars [depth] [instance] [option]*
32150 sps_tcl_fsdbDumpflush_vd_main at 0 : N/A(0)
32151 *Verdi* : Flush all FSDB Files at 0 ps.
32152 sps_tcl_fsdbDumpvars_vd_main
32153 argv[0]: 0
32154 argv[1]: simulator.RF_IO_GEN[3].REGS.AXIL_REGS.r_regs[0:65][31:0]
32155 argv[2]: +all
32156 argv[3]: +trace_process
32157 *Verdi* ERROR: The #2 argument "simulator.RF_IO_GEN[3].REGS.AXIL_REGS.r_regs[0:65][31:0]" is invalid
32158 *Verdi* ERROR: Failed to dump because the specified instance or option is not correct
32159 *Verdi* ERROR: Syntax - fsdbDumpvars [depth] [instance] [option]*
32160 sps_tcl_fsdbDumpflush_vd_main at 0 : N/A(0)
32161 *Verdi* : Flush all FSDB Files at 0 ps.
32162 sps_tcl_fsdbDumpvars_vd_main
32163 argv[0]: 0
32164 argv[1]: simulator.RF_IO_GEN[3].REGS.AXIL_REGS.o_regs[0:65][31:0]
32165 argv[2]: +all
32166 argv[3]: +trace_process
32167 *Verdi* ERROR: The #2 argument "simulator.RF_IO_GEN[3].REGS.AXIL_REGS.o_regs[0:65][31:0]" is invalid
32168 *Verdi* ERROR: Failed to dump because the specified instance or option is not correct
32169 *Verdi* ERROR: Syntax - fsdbDumpvars [depth] [instance] [option]*
32170 sps_tcl_fsdbDumpflush_vd_main at 0 : N/A(0)
32171 *Verdi* : Flush all FSDB Files at 0 ps.
32172 sps_tcl_fsdbDumpvars_vd_main
32173 argv[0]: 0
32174 argv[1]: simulator.RF_IO_GEN[3].REGS.AXIL_REGS.o_awready
32175 argv[2]: +all
32176 argv[3]: +trace_process
32177 *Verdi* ERROR: The #2 argument "simulator.RF_IO_GEN[3].REGS.AXIL_REGS.o_awready" is invalid
32178 *Verdi* ERROR: Failed to dump because the specified instance or option is not correct
32179 *Verdi* ERROR: Syntax - fsdbDumpvars [depth] [instance] [option]*
32180 sps_tcl_fsdbDumpflush_vd_main at 0 : N/A(0)
32181 *Verdi* : Flush all FSDB Files at 0 ps.
32182 sps_tcl_fsdbDumpvars_vd_main
32183 argv[0]: 0
32184 argv[1]: simulator.RF_IO_GEN[3].REGS.AXIL_REGS.i_awvalid
32185 argv[2]: +all
32186 argv[3]: +trace_process
32187 *Verdi* ERROR: The #2 argument "simulator.RF_IO_GEN[3].REGS.AXIL_REGS.i_awvalid" is invalid
32188 *Verdi* ERROR: Failed to dump because the specified instance or option is not correct
32189 *Verdi* ERROR: Syntax - fsdbDumpvars [depth] [instance] [option]*
32190 sps_tcl_fsdbDumpflush_vd_main at 0 : N/A(0)
32191 *Verdi* : Flush all FSDB Files at 0 ps.
32192 sps_tcl_fsdbDumpvars_vd_main
32193 argv[0]: 0
32194 argv[1]: simulator.RF_IO_GEN[3].REGS.AXIL_REGS.i_awaddr[8:0]
32195 argv[2]: +all
32196 argv[3]: +trace_process
32197 *Verdi* ERROR: The #2 argument "simulator.RF_IO_GEN[3].REGS.AXIL_REGS.i_awaddr[8:0]" is invalid
32198 *Verdi* ERROR: Failed to dump because the specified instance or option is not correct
32199 *Verdi* ERROR: Syntax - fsdbDumpvars [depth] [instance] [option]*
32200 sps_tcl_fsdbDumpflush_vd_main at 0 : N/A(0)
32201 *Verdi* : Flush all FSDB Files at 0 ps.
32202 sps_tcl_fsdbDumpvars_vd_main
32203 argv[0]: 0
32204 argv[1]: simulator.RF_IO_GEN[3].REGS.AXIL_REGS.w_awireg[6:0]
32205 argv[2]: +all
32206 argv[3]: +trace_process
32207 *Verdi* ERROR: The #2 argument "simulator.RF_IO_GEN[3].REGS.AXIL_REGS.w_awireg[6:0]" is invalid
32208 *Verdi* ERROR: Failed to dump because the specified instance or option is not correct
32209 *Verdi* ERROR: Syntax - fsdbDumpvars [depth] [instance] [option]*
32210 sps_tcl_fsdbDumpflush_vd_main at 0 : N/A(0)
32211 *Verdi* : Flush all FSDB Files at 0 ps.
32212 sps_tcl_fsdbDumpvars_vd_main
32213 argv[0]: 0
32214 argv[1]: simulator.RF_IO_GEN[3].REGS.AXIL_REGS.w_awls2b[1:0]
32215 argv[2]: +all
32216 argv[3]: +trace_process
32217 *Verdi* ERROR: The #2 argument "simulator.RF_IO_GEN[3].REGS.AXIL_REGS.w_awls2b[1:0]" is invalid
32218 *Verdi* ERROR: Failed to dump because the specified instance or option is not correct
32219 *Verdi* ERROR: Syntax - fsdbDumpvars [depth] [instance] [option]*
32220 sps_tcl_fsdbDumpflush_vd_main at 0 : N/A(0)
32221 *Verdi* : Flush all FSDB Files at 0 ps.
32222 sps_tcl_fsdbDumpvars_vd_main
32223 argv[0]: 0
32224 argv[1]: simulator.RF_IO_GEN[3].REGS.AXIL_REGS.o_wready
32225 argv[2]: +all
32226 argv[3]: +trace_process
32227 *Verdi* ERROR: The #2 argument "simulator.RF_IO_GEN[3].REGS.AXIL_REGS.o_wready" is invalid
32228 *Verdi* ERROR: Failed to dump because the specified instance or option is not correct
32229 *Verdi* ERROR: Syntax - fsdbDumpvars [depth] [instance] [option]*
32230 sps_tcl_fsdbDumpflush_vd_main at 0 : N/A(0)
32231 *Verdi* : Flush all FSDB Files at 0 ps.
32232 sps_tcl_fsdbDumpvars_vd_main
32233 argv[0]: 0
32234 argv[1]: simulator.RF_IO_GEN[3].REGS.AXIL_REGS.i_wvalid
32235 argv[2]: +all
32236 argv[3]: +trace_process
32237 *Verdi* ERROR: The #2 argument "simulator.RF_IO_GEN[3].REGS.AXIL_REGS.i_wvalid" is invalid
32238 *Verdi* ERROR: Failed to dump because the specified instance or option is not correct
32239 *Verdi* ERROR: Syntax - fsdbDumpvars [depth] [instance] [option]*
32240 sps_tcl_fsdbDumpflush_vd_main at 0 : N/A(0)
32241 *Verdi* : Flush all FSDB Files at 0 ps.
32242 sps_tcl_fsdbDumpvars_vd_main
32243 argv[0]: 0
32244 argv[1]: simulator.RF_IO_GEN[3].REGS.AXIL_REGS.i_wdata[31:0]
32245 argv[2]: +all
32246 argv[3]: +trace_process
32247 *Verdi* ERROR: The #2 argument "simulator.RF_IO_GEN[3].REGS.AXIL_REGS.i_wdata[31:0]" is invalid
32248 *Verdi* ERROR: Failed to dump because the specified instance or option is not correct
32249 *Verdi* ERROR: Syntax - fsdbDumpvars [depth] [instance] [option]*
32250 sps_tcl_fsdbDumpflush_vd_main at 0 : N/A(0)
32251 *Verdi* : Flush all FSDB Files at 0 ps.
32252 sps_tcl_fsdbDumpvars_vd_main
32253 argv[0]: 0
32254 argv[1]: simulator.RF_IO_GEN[3].REGS.AXIL_REGS.i_wstrb[3:0]
32255 argv[2]: +all
32256 argv[3]: +trace_process
32257 *Verdi* ERROR: The #2 argument "simulator.RF_IO_GEN[3].REGS.AXIL_REGS.i_wstrb[3:0]" is invalid
32258 *Verdi* ERROR: Failed to dump because the specified instance or option is not correct
32259 *Verdi* ERROR: Syntax - fsdbDumpvars [depth] [instance] [option]*
32260 sps_tcl_fsdbDumpflush_vd_main at 0 : N/A(0)
32261 *Verdi* : Flush all FSDB Files at 0 ps.
32262 sps_tcl_fsdbDumpvars_vd_main
32263 argv[0]: 0
32264 argv[1]: simulator.RF_IO_GEN[3].REGS.AXIL_REGS.w_wdatastrb[31:0]
32265 argv[2]: +all
32266 argv[3]: +trace_process
32267 *Verdi* ERROR: The #2 argument "simulator.RF_IO_GEN[3].REGS.AXIL_REGS.w_wdatastrb[31:0]" is invalid
32268 *Verdi* ERROR: Failed to dump because the specified instance or option is not correct
32269 *Verdi* ERROR: Syntax - fsdbDumpvars [depth] [instance] [option]*
32270 sps_tcl_fsdbDumpflush_vd_main at 0 : N/A(0)
32271 *Verdi* : Flush all FSDB Files at 0 ps.
32272 sps_tcl_fsdbDumpvars_vd_main
32273 argv[0]: 0
32274 argv[1]: simulator.RF_IO_GEN[3].REGS.AXIL_REGS.i_bready
32275 argv[2]: +all
32276 argv[3]: +trace_process
32277 *Verdi* ERROR: The #2 argument "simulator.RF_IO_GEN[3].REGS.AXIL_REGS.i_bready" is invalid
32278 *Verdi* ERROR: Failed to dump because the specified instance or option is not correct
32279 *Verdi* ERROR: Syntax - fsdbDumpvars [depth] [instance] [option]*
32280 sps_tcl_fsdbDumpflush_vd_main at 0 : N/A(0)
32281 *Verdi* : Flush all FSDB Files at 0 ps.
32282 sps_tcl_fsdbDumpvars_vd_main
32283 argv[0]: 0
32284 argv[1]: simulator.RF_IO_GEN[3].REGS.AXIL_REGS.o_bvalid
32285 argv[2]: +all
32286 argv[3]: +trace_process
32287 *Verdi* ERROR: The #2 argument "simulator.RF_IO_GEN[3].REGS.AXIL_REGS.o_bvalid" is invalid
32288 *Verdi* ERROR: Failed to dump because the specified instance or option is not correct
32289 *Verdi* ERROR: Syntax - fsdbDumpvars [depth] [instance] [option]*
32290 sps_tcl_fsdbDumpflush_vd_main at 0 : N/A(0)
32291 *Verdi* : Flush all FSDB Files at 0 ps.
32292 sps_tcl_fsdbDumpvars_vd_main
32293 argv[0]: 0
32294 argv[1]: simulator.RF_IO_GEN[3].REGS.AXIL_REGS.o_bresp[1:0]
32295 argv[2]: +all
32296 argv[3]: +trace_process
32297 *Verdi* ERROR: The #2 argument "simulator.RF_IO_GEN[3].REGS.AXIL_REGS.o_bresp[1:0]" is invalid
32298 *Verdi* ERROR: Failed to dump because the specified instance or option is not correct
32299 *Verdi* ERROR: Syntax - fsdbDumpvars [depth] [instance] [option]*
32300 sps_tcl_fsdbDumpflush_vd_main at 0 : N/A(0)
32301 *Verdi* : Flush all FSDB Files at 0 ps.
32302 sps_tcl_fsdbDumpvars_vd_main
32303 argv[0]: 0
32304 argv[1]: simulator.RF_IO_GEN[3].REGS.AXIL_REGS.o_arready
32305 argv[2]: +all
32306 argv[3]: +trace_process
32307 *Verdi* ERROR: The #2 argument "simulator.RF_IO_GEN[3].REGS.AXIL_REGS.o_arready" is invalid
32308 *Verdi* ERROR: Failed to dump because the specified instance or option is not correct
32309 *Verdi* ERROR: Syntax - fsdbDumpvars [depth] [instance] [option]*
32310 sps_tcl_fsdbDumpflush_vd_main at 0 : N/A(0)
32311 *Verdi* : Flush all FSDB Files at 0 ps.
32312 sps_tcl_fsdbDumpvars_vd_main
32313 argv[0]: 0
32314 argv[1]: simulator.RF_IO_GEN[3].REGS.AXIL_REGS.i_arvalid
32315 argv[2]: +all
32316 argv[3]: +trace_process
32317 *Verdi* ERROR: The #2 argument "simulator.RF_IO_GEN[3].REGS.AXIL_REGS.i_arvalid" is invalid
32318 *Verdi* ERROR: Failed to dump because the specified instance or option is not correct
32319 *Verdi* ERROR: Syntax - fsdbDumpvars [depth] [instance] [option]*
32320 sps_tcl_fsdbDumpflush_vd_main at 0 : N/A(0)
32321 *Verdi* : Flush all FSDB Files at 0 ps.
32322 sps_tcl_fsdbDumpvars_vd_main
32323 argv[0]: 0
32324 argv[1]: simulator.RF_IO_GEN[3].REGS.AXIL_REGS.i_araddr[8:0]
32325 argv[2]: +all
32326 argv[3]: +trace_process
32327 *Verdi* ERROR: The #2 argument "simulator.RF_IO_GEN[3].REGS.AXIL_REGS.i_araddr[8:0]" is invalid
32328 *Verdi* ERROR: Failed to dump because the specified instance or option is not correct
32329 *Verdi* ERROR: Syntax - fsdbDumpvars [depth] [instance] [option]*
32330 sps_tcl_fsdbDumpflush_vd_main at 0 : N/A(0)
32331 *Verdi* : Flush all FSDB Files at 0 ps.
32332 sps_tcl_fsdbDumpvars_vd_main
32333 argv[0]: 0
32334 argv[1]: simulator.RF_IO_GEN[3].REGS.AXIL_REGS.w_arireg[6:0]
32335 argv[2]: +all
32336 argv[3]: +trace_process
32337 *Verdi* ERROR: The #2 argument "simulator.RF_IO_GEN[3].REGS.AXIL_REGS.w_arireg[6:0]" is invalid
32338 *Verdi* ERROR: Failed to dump because the specified instance or option is not correct
32339 *Verdi* ERROR: Syntax - fsdbDumpvars [depth] [instance] [option]*
32340 sps_tcl_fsdbDumpflush_vd_main at 0 : N/A(0)
32341 *Verdi* : Flush all FSDB Files at 0 ps.
32342 sps_tcl_fsdbDumpvars_vd_main
32343 argv[0]: 0
32344 argv[1]: simulator.RF_IO_GEN[3].REGS.AXIL_REGS.w_arls2b[1:0]
32345 argv[2]: +all
32346 argv[3]: +trace_process
32347 *Verdi* ERROR: The #2 argument "simulator.RF_IO_GEN[3].REGS.AXIL_REGS.w_arls2b[1:0]" is invalid
32348 *Verdi* ERROR: Failed to dump because the specified instance or option is not correct
32349 *Verdi* ERROR: Syntax - fsdbDumpvars [depth] [instance] [option]*
32350 sps_tcl_fsdbDumpflush_vd_main at 0 : N/A(0)
32351 *Verdi* : Flush all FSDB Files at 0 ps.
32352 sps_tcl_fsdbDumpvars_vd_main
32353 argv[0]: 0
32354 argv[1]: simulator.RF_IO_GEN[3].REGS.AXIL_REGS.i_rready
32355 argv[2]: +all
32356 argv[3]: +trace_process
32357 *Verdi* ERROR: The #2 argument "simulator.RF_IO_GEN[3].REGS.AXIL_REGS.i_rready" is invalid
32358 *Verdi* ERROR: Failed to dump because the specified instance or option is not correct
32359 *Verdi* ERROR: Syntax - fsdbDumpvars [depth] [instance] [option]*
32360 sps_tcl_fsdbDumpflush_vd_main at 0 : N/A(0)
32361 *Verdi* : Flush all FSDB Files at 0 ps.
32362 sps_tcl_fsdbDumpvars_vd_main
32363 argv[0]: 0
32364 argv[1]: simulator.RF_IO_GEN[3].REGS.AXIL_REGS.o_rvalid
32365 argv[2]: +all
32366 argv[3]: +trace_process
32367 *Verdi* ERROR: The #2 argument "simulator.RF_IO_GEN[3].REGS.AXIL_REGS.o_rvalid" is invalid
32368 *Verdi* ERROR: Failed to dump because the specified instance or option is not correct
32369 *Verdi* ERROR: Syntax - fsdbDumpvars [depth] [instance] [option]*
32370 sps_tcl_fsdbDumpflush_vd_main at 0 : N/A(0)
32371 *Verdi* : Flush all FSDB Files at 0 ps.
32372 sps_tcl_fsdbDumpvars_vd_main
32373 argv[0]: 0
32374 argv[1]: simulator.RF_IO_GEN[3].REGS.AXIL_REGS.o_rdata[31:0]
32375 argv[2]: +all
32376 argv[3]: +trace_process
32377 *Verdi* ERROR: The #2 argument "simulator.RF_IO_GEN[3].REGS.AXIL_REGS.o_rdata[31:0]" is invalid
32378 *Verdi* ERROR: Failed to dump because the specified instance or option is not correct
32379 *Verdi* ERROR: Syntax - fsdbDumpvars [depth] [instance] [option]*
32380 sps_tcl_fsdbDumpflush_vd_main at 0 : N/A(0)
32381 *Verdi* : Flush all FSDB Files at 0 ps.
32382 sps_tcl_fsdbDumpvars_vd_main
32383 argv[0]: 0
32384 argv[1]: simulator.RF_IO_GEN[3].REGS.AXIL_REGS.o_rresp[1:0]
32385 argv[2]: +all
32386 argv[3]: +trace_process
32387 *Verdi* ERROR: The #2 argument "simulator.RF_IO_GEN[3].REGS.AXIL_REGS.o_rresp[1:0]" is invalid
32388 *Verdi* ERROR: Failed to dump because the specified instance or option is not correct
32389 *Verdi* ERROR: Syntax - fsdbDumpvars [depth] [instance] [option]*
32390 sps_tcl_fsdbDumpflush_vd_main at 0 : N/A(0)
32391 *Verdi* : Flush all FSDB Files at 0 ps.
32392 sps_tcl_fsdbDumpvars_vd_main
32393 argv[0]: 0
32394 argv[1]: simulator.DCRFLI.RF_GEN[3].RF.SEQ.i_clk
32395 argv[2]: +all
32396 argv[3]: +trace_process
32397 *Verdi* ERROR: The #2 argument "simulator.DCRFLI.RF_GEN[3].RF.SEQ.i_clk" is invalid
32398 *Verdi* ERROR: Failed to dump because the specified instance or option is not correct
32399 *Verdi* ERROR: Syntax - fsdbDumpvars [depth] [instance] [option]*
32400 sps_tcl_fsdbDumpflush_vd_main at 0 : N/A(0)
32401 *Verdi* : Flush all FSDB Files at 0 ps.
32402 sps_tcl_fsdbDumpvars_vd_main
32403 argv[0]: 0
32404 argv[1]: simulator.DCRFLI.RF_GEN[3].RF.SEQ.i_rst
32405 argv[2]: +all
32406 argv[3]: +trace_process
32407 *Verdi* ERROR: The #2 argument "simulator.DCRFLI.RF_GEN[3].RF.SEQ.i_rst" is invalid
32408 *Verdi* ERROR: Failed to dump because the specified instance or option is not correct
32409 *Verdi* ERROR: Syntax - fsdbDumpvars [depth] [instance] [option]*
32410 sps_tcl_fsdbDumpflush_vd_main at 0 : N/A(0)
32411 *Verdi* : Flush all FSDB Files at 0 ps.
32412 sps_tcl_fsdbDumpvars_vd_main
32413 argv[0]: 0
32414 argv[1]: simulator.DCRFLI.RF_GEN[3].RF.SEQ.w_propagate
32415 argv[2]: +all
32416 argv[3]: +trace_process
32417 *Verdi* ERROR: The #2 argument "simulator.DCRFLI.RF_GEN[3].RF.SEQ.w_propagate" is invalid
32418 *Verdi* ERROR: Failed to dump because the specified instance or option is not correct
32419 *Verdi* ERROR: Syntax - fsdbDumpvars [depth] [instance] [option]*
32420 sps_tcl_fsdbDumpflush_vd_main at 0 : N/A(0)
32421 *Verdi* : Flush all FSDB Files at 0 ps.
32422 sps_tcl_fsdbDumpvars_vd_main
32423 argv[0]: 0
32424 argv[1]: simulator.DCRFLI.RF_GEN[3].RF.SEQ.i_regs[0:65][31:0]
32425 argv[2]: +all
32426 argv[3]: +trace_process
32427 *Verdi* ERROR: The #2 argument "simulator.DCRFLI.RF_GEN[3].RF.SEQ.i_regs[0:65][31:0]" is invalid
32428 *Verdi* ERROR: Failed to dump because the specified instance or option is not correct
32429 *Verdi* ERROR: Syntax - fsdbDumpvars [depth] [instance] [option]*
32430 sps_tcl_fsdbDumpflush_vd_main at 0 : N/A(0)
32431 *Verdi* : Flush all FSDB Files at 0 ps.
32432 sps_tcl_fsdbDumpvars_vd_main
32433 argv[0]: 0
32434 argv[1]: simulator.DCRFLI.RF_GEN[3].RF.SEQ.w_last0
32435 argv[2]: +all
32436 argv[3]: +trace_process
32437 *Verdi* ERROR: The #2 argument "simulator.DCRFLI.RF_GEN[3].RF.SEQ.w_last0" is invalid
32438 *Verdi* ERROR: Failed to dump because the specified instance or option is not correct
32439 *Verdi* ERROR: Syntax - fsdbDumpvars [depth] [instance] [option]*
32440 sps_tcl_fsdbDumpflush_vd_main at 0 : N/A(0)
32441 *Verdi* : Flush all FSDB Files at 0 ps.
32442 sps_tcl_fsdbDumpvars_vd_main
32443 argv[0]: 0
32444 argv[1]: simulator.DCRFLI.RF_GEN[3].RF.SEQ.w_last0_ff1
32445 argv[2]: +all
32446 argv[3]: +trace_process
32447 *Verdi* ERROR: The #2 argument "simulator.DCRFLI.RF_GEN[3].RF.SEQ.w_last0_ff1" is invalid
32448 *Verdi* ERROR: Failed to dump because the specified instance or option is not correct
32449 *Verdi* ERROR: Syntax - fsdbDumpvars [depth] [instance] [option]*
32450 sps_tcl_fsdbDumpflush_vd_main at 0 : N/A(0)
32451 *Verdi* : Flush all FSDB Files at 0 ps.
32452 sps_tcl_fsdbDumpvars_vd_main
32453 argv[0]: 0
32454 argv[1]: simulator.DCRFLI.RF_GEN[3].RF.SEQ.w_last0_ff2
32455 argv[2]: +all
32456 argv[3]: +trace_process
32457 *Verdi* ERROR: The #2 argument "simulator.DCRFLI.RF_GEN[3].RF.SEQ.w_last0_ff2" is invalid
32458 *Verdi* ERROR: Failed to dump because the specified instance or option is not correct
32459 *Verdi* ERROR: Syntax - fsdbDumpvars [depth] [instance] [option]*
32460 sps_tcl_fsdbDumpflush_vd_main at 0 : N/A(0)
32461 *Verdi* : Flush all FSDB Files at 0 ps.
32462 sps_tcl_fsdbDumpvars_vd_main
32463 argv[0]: 0
32464 argv[1]: simulator.DCRFLI.RF_GEN[3].RF.SEQ.w_new_sequence
32465 argv[2]: +all
32466 argv[3]: +trace_process
32467 *Verdi* ERROR: The #2 argument "simulator.DCRFLI.RF_GEN[3].RF.SEQ.w_new_sequence" is invalid
32468 *Verdi* ERROR: Failed to dump because the specified instance or option is not correct
32469 *Verdi* ERROR: Syntax - fsdbDumpvars [depth] [instance] [option]*
32470 sps_tcl_fsdbDumpflush_vd_main at 0 : N/A(0)
32471 *Verdi* : Flush all FSDB Files at 0 ps.
32472 sps_tcl_fsdbDumpvars_vd_main
32473 argv[0]: 0
32474 argv[1]: simulator.DCRFLI.RF_GEN[3].RF.SEQ.r_sequence[0:15][114:0]
32475 argv[2]: +all
32476 argv[3]: +trace_process
32477 *Verdi* ERROR: The #2 argument "simulator.DCRFLI.RF_GEN[3].RF.SEQ.r_sequence[0:15][114:0]" is invalid
32478 *Verdi* ERROR: Failed to dump because the specified instance or option is not correct
32479 *Verdi* ERROR: Syntax - fsdbDumpvars [depth] [instance] [option]*
32480 sps_tcl_fsdbDumpflush_vd_main at 0 : N/A(0)
32481 *Verdi* : Flush all FSDB Files at 0 ps.
32482 sps_tcl_fsdbDumpvars_vd_main
32483 argv[0]: 0
32484 argv[1]: simulator.DCRFLI.RF_GEN[3].RF.SEQ.r_iters[10:0]
32485 argv[2]: +all
32486 argv[3]: +trace_process
32487 *Verdi* ERROR: The #2 argument "simulator.DCRFLI.RF_GEN[3].RF.SEQ.r_iters[10:0]" is invalid
32488 *Verdi* ERROR: Failed to dump because the specified instance or option is not correct
32489 *Verdi* ERROR: Syntax - fsdbDumpvars [depth] [instance] [option]*
32490 sps_tcl_fsdbDumpflush_vd_main at 0 : N/A(0)
32491 *Verdi* : Flush all FSDB Files at 0 ps.
32492 sps_tcl_fsdbDumpvars_vd_main
32493 argv[0]: 0
32494 argv[1]: simulator.DCRFLI.RF_GEN[3].RF.SEQ.r_iptr[3:0]
32495 argv[2]: +all
32496 argv[3]: +trace_process
32497 *Verdi* ERROR: The #2 argument "simulator.DCRFLI.RF_GEN[3].RF.SEQ.r_iptr[3:0]" is invalid
32498 *Verdi* ERROR: Failed to dump because the specified instance or option is not correct
32499 *Verdi* ERROR: Syntax - fsdbDumpvars [depth] [instance] [option]*
32500 sps_tcl_fsdbDumpflush_vd_main at 0 : N/A(0)
32501 *Verdi* : Flush all FSDB Files at 0 ps.
32502 sps_tcl_fsdbDumpvars_vd_main
32503 argv[0]: 0
32504 argv[1]: simulator.DCRFLI.RF_GEN[3].RF.SEQ.w_insn_fetch[114:0]
32505 argv[2]: +all
32506 argv[3]: +trace_process
32507 *Verdi* ERROR: The #2 argument "simulator.DCRFLI.RF_GEN[3].RF.SEQ.w_insn_fetch[114:0]" is invalid
32508 *Verdi* ERROR: Failed to dump because the specified instance or option is not correct
32509 *Verdi* ERROR: Syntax - fsdbDumpvars [depth] [instance] [option]*
32510 sps_tcl_fsdbDumpflush_vd_main at 0 : N/A(0)
32511 *Verdi* : Flush all FSDB Files at 0 ps.
32512 sps_tcl_fsdbDumpvars_vd_main
32513 argv[0]: 0
32514 argv[1]: simulator.DCRFLI.RF_GEN[3].RF.SEQ.w_insn_bubble
32515 argv[2]: +all
32516 argv[3]: +trace_process
32517 *Verdi* ERROR: The #2 argument "simulator.DCRFLI.RF_GEN[3].RF.SEQ.w_insn_bubble" is invalid
32518 *Verdi* ERROR: Failed to dump because the specified instance or option is not correct
32519 *Verdi* ERROR: Syntax - fsdbDumpvars [depth] [instance] [option]*
32520 sps_tcl_fsdbDumpflush_vd_main at 0 : N/A(0)
32521 *Verdi* : Flush all FSDB Files at 0 ps.
32522 sps_tcl_fsdbDumpvars_vd_main
32523 argv[0]: 0
32524 argv[1]: simulator.DCRFLI.RF_GEN[3].RF.SEQ.w_iptr_plus1[3:0]
32525 argv[2]: +all
32526 argv[3]: +trace_process
32527 *Verdi* ERROR: The #2 argument "simulator.DCRFLI.RF_GEN[3].RF.SEQ.w_iptr_plus1[3:0]" is invalid
32528 *Verdi* ERROR: Failed to dump because the specified instance or option is not correct
32529 *Verdi* ERROR: Syntax - fsdbDumpvars [depth] [instance] [option]*
32530 sps_tcl_fsdbDumpflush_vd_main at 0 : N/A(0)
32531 *Verdi* : Flush all FSDB Files at 0 ps.
32532 sps_tcl_fsdbDumpvars_vd_main
32533 argv[0]: 0
32534 argv[1]: simulator.DCRFLI.RF_GEN[3].RF.SEQ.w_next_null
32535 argv[2]: +all
32536 argv[3]: +trace_process
32537 *Verdi* ERROR: The #2 argument "simulator.DCRFLI.RF_GEN[3].RF.SEQ.w_next_null" is invalid
32538 *Verdi* ERROR: Failed to dump because the specified instance or option is not correct
32539 *Verdi* ERROR: Syntax - fsdbDumpvars [depth] [instance] [option]*
32540 sps_tcl_fsdbDumpflush_vd_main at 0 : N/A(0)
32541 *Verdi* : Flush all FSDB Files at 0 ps.
32542 sps_tcl_fsdbDumpvars_vd_main
32543 argv[0]: 0
32544 argv[1]: simulator.DCRFLI.RF_GEN[3].RF.SEQ.o_empty
32545 argv[2]: +all
32546 argv[3]: +trace_process
32547 *Verdi* ERROR: The #2 argument "simulator.DCRFLI.RF_GEN[3].RF.SEQ.o_empty" is invalid
32548 *Verdi* ERROR: Failed to dump because the specified instance or option is not correct
32549 *Verdi* ERROR: Syntax - fsdbDumpvars [depth] [instance] [option]*
32550 sps_tcl_fsdbDumpflush_vd_main at 0 : N/A(0)
32551 *Verdi* : Flush all FSDB Files at 0 ps.
32552 sps_tcl_fsdbDumpvars_vd_main
32553 argv[0]: 0
32554 argv[1]: simulator.DCRFLI.RF_GEN[3].RF.SEQ.i_next
32555 argv[2]: +all
32556 argv[3]: +trace_process
32557 *Verdi* ERROR: The #2 argument "simulator.DCRFLI.RF_GEN[3].RF.SEQ.i_next" is invalid
32558 *Verdi* ERROR: Failed to dump because the specified instance or option is not correct
32559 *Verdi* ERROR: Syntax - fsdbDumpvars [depth] [instance] [option]*
32560 sps_tcl_fsdbDumpflush_vd_main at 0 : N/A(0)
32561 *Verdi* : Flush all FSDB Files at 0 ps.
32562 sps_tcl_fsdbDumpvars_vd_main
32563 argv[0]: 0
32564 argv[1]: simulator.DCRFLI.RF_GEN[3].RF.SEQ.o_addr[3:0]
32565 argv[2]: +all
32566 argv[3]: +trace_process
32567 *Verdi* ERROR: The #2 argument "simulator.DCRFLI.RF_GEN[3].RF.SEQ.o_addr[3:0]" is invalid
32568 *Verdi* ERROR: Failed to dump because the specified instance or option is not correct
32569 *Verdi* ERROR: Syntax - fsdbDumpvars [depth] [instance] [option]*
32570 sps_tcl_fsdbDumpflush_vd_main at 0 : N/A(0)
32571 *Verdi* : Flush all FSDB Files at 0 ps.
32572 sps_tcl_fsdbDumpvars_vd_main
32573 argv[0]: 0
32574 argv[1]: simulator.DCRFLI.RF_GEN[3].RF.SEQ.o_insn[114:0]
32575 argv[2]: +all
32576 argv[3]: +trace_process
32577 *Verdi* ERROR: The #2 argument "simulator.DCRFLI.RF_GEN[3].RF.SEQ.o_insn[114:0]" is invalid
32578 *Verdi* ERROR: Failed to dump because the specified instance or option is not correct
32579 *Verdi* ERROR: Syntax - fsdbDumpvars [depth] [instance] [option]*
32580 sps_tcl_fsdbDumpflush_vd_main at 0 : N/A(0)
32581 *Verdi* : Flush all FSDB Files at 0 ps.
32582 sps_tcl_fsdbDumpvars_vd_main
32583 argv[0]: 0
32584 argv[1]: simulator.DCRFLI.RF_GEN[3].RF.SEQ.r_iptr_modify[3:0]
32585 argv[2]: +all
32586 argv[3]: +trace_process
32587 *Verdi* ERROR: The #2 argument "simulator.DCRFLI.RF_GEN[3].RF.SEQ.r_iptr_modify[3:0]" is invalid
32588 *Verdi* ERROR: Failed to dump because the specified instance or option is not correct
32589 *Verdi* ERROR: Syntax - fsdbDumpvars [depth] [instance] [option]*
32590 sps_tcl_fsdbDumpflush_vd_main at 0 : N/A(0)
32591 *Verdi* : Flush all FSDB Files at 0 ps.
32592 sps_tcl_fsdbDumpvars_vd_main
32593 argv[0]: 0
32594 argv[1]: simulator.DCRFLI.RF_GEN[3].RF.SEQ.i_insn_modified[114:0]
32595 argv[2]: +all
32596 argv[3]: +trace_process
32597 *Verdi* ERROR: The #2 argument "simulator.DCRFLI.RF_GEN[3].RF.SEQ.i_insn_modified[114:0]" is invalid
32598 *Verdi* ERROR: Failed to dump because the specified instance or option is not correct
32599 *Verdi* ERROR: Syntax - fsdbDumpvars [depth] [instance] [option]*
32600 sps_tcl_fsdbDumpflush_vd_main at 0 : N/A(0)
32601 *Verdi* : Flush all FSDB Files at 0 ps.
32602 sps_tcl_fsdbDumpvars_vd_main
32603 argv[0]: 0
32604 argv[1]: simulator.DCRFLI.RF_GEN[3].RF.CORE.CORDIC_GEN[0].CORDIC.c[15]
32605 argv[2]: +all
32606 argv[3]: +trace_process
32607 *Verdi* ERROR: The #2 argument "simulator.DCRFLI.RF_GEN[3].RF.CORE.CORDIC_GEN[0].CORDIC.c[15]" is invalid
32608 *Verdi* ERROR: Failed to dump because the specified instance or option is not correct
32609 *Verdi* ERROR: Syntax - fsdbDumpvars [depth] [instance] [option]*
32610 sps_tcl_fsdbDumpflush_vd_main at 0 : N/A(0)
32611 *Verdi* : Flush all FSDB Files at 0 ps.
32612 sps_tcl_fsdbDumpvars_vd_main
32613 argv[0]: 0
32614 argv[1]: simulator.DCRFLI.RF_GEN[3].RF.CORE.CORDIC_GEN[1].CORDIC.c[15]
32615 argv[2]: +all
32616 argv[3]: +trace_process
32617 *Verdi* ERROR: The #2 argument "simulator.DCRFLI.RF_GEN[3].RF.CORE.CORDIC_GEN[1].CORDIC.c[15]" is invalid
32618 *Verdi* ERROR: Failed to dump because the specified instance or option is not correct
32619 *Verdi* ERROR: Syntax - fsdbDumpvars [depth] [instance] [option]*
32620 sps_tcl_fsdbDumpflush_vd_main at 0 : N/A(0)
32621 *Verdi* : Flush all FSDB Files at 0 ps.
32622 sps_tcl_fsdbDumpvars_vd_main
32623 argv[0]: 0
32624 argv[1]: simulator.DCRFLI.RF_GEN[3].RF.CORE.CORDIC_GEN[2].CORDIC.c[15]
32625 argv[2]: +all
32626 argv[3]: +trace_process
32627 *Verdi* ERROR: The #2 argument "simulator.DCRFLI.RF_GEN[3].RF.CORE.CORDIC_GEN[2].CORDIC.c[15]" is invalid
32628 *Verdi* ERROR: Failed to dump because the specified instance or option is not correct
32629 *Verdi* ERROR: Syntax - fsdbDumpvars [depth] [instance] [option]*
32630 sps_tcl_fsdbDumpflush_vd_main at 0 : N/A(0)
32631 *Verdi* : Flush all FSDB Files at 0 ps.
32632 sps_tcl_fsdbDumpvars_vd_main
32633 argv[0]: 0
32634 argv[1]: simulator.DCRFLI.RF_GEN[3].RF.CORE.CORDIC_GEN[3].CORDIC.c[15]
32635 argv[2]: +all
32636 argv[3]: +trace_process
32637 *Verdi* ERROR: The #2 argument "simulator.DCRFLI.RF_GEN[3].RF.CORE.CORDIC_GEN[3].CORDIC.c[15]" is invalid
32638 *Verdi* ERROR: Failed to dump because the specified instance or option is not correct
32639 *Verdi* ERROR: Syntax - fsdbDumpvars [depth] [instance] [option]*
32640 sps_tcl_fsdbDumpflush_vd_main at 0 : N/A(0)
32641 *Verdi* : Flush all FSDB Files at 0 ps.
32642 sps_tcl_fsdbDumpvars_vd_main
32643 argv[0]: 0
32644 argv[1]: simulator.DCRFLI.RF_GEN[3].RF.CORE.CORDIC_GEN[4].CORDIC.c[15]
32645 argv[2]: +all
32646 argv[3]: +trace_process
32647 *Verdi* ERROR: The #2 argument "simulator.DCRFLI.RF_GEN[3].RF.CORE.CORDIC_GEN[4].CORDIC.c[15]" is invalid
32648 *Verdi* ERROR: Failed to dump because the specified instance or option is not correct
32649 *Verdi* ERROR: Syntax - fsdbDumpvars [depth] [instance] [option]*
32650 sps_tcl_fsdbDumpflush_vd_main at 0 : N/A(0)
32651 *Verdi* : Flush all FSDB Files at 0 ps.
32652 sps_tcl_fsdbDumpvars_vd_main
32653 argv[0]: 0
32654 argv[1]: simulator.DCRFLI.RF_GEN[3].RF.CORE.CORDIC_GEN[5].CORDIC.c[15]
32655 argv[2]: +all
32656 argv[3]: +trace_process
32657 *Verdi* ERROR: The #2 argument "simulator.DCRFLI.RF_GEN[3].RF.CORE.CORDIC_GEN[5].CORDIC.c[15]" is invalid
32658 *Verdi* ERROR: Failed to dump because the specified instance or option is not correct
32659 *Verdi* ERROR: Syntax - fsdbDumpvars [depth] [instance] [option]*
32660 sps_tcl_fsdbDumpflush_vd_main at 0 : N/A(0)
32661 *Verdi* : Flush all FSDB Files at 0 ps.
32662 sps_tcl_fsdbDumpvars_vd_main
32663 argv[0]: 0
32664 argv[1]: simulator.DCRFLI.RF_GEN[3].RF.CORE.CORDIC_GEN[6].CORDIC.c[15]
32665 argv[2]: +all
32666 argv[3]: +trace_process
32667 *Verdi* ERROR: The #2 argument "simulator.DCRFLI.RF_GEN[3].RF.CORE.CORDIC_GEN[6].CORDIC.c[15]" is invalid
32668 *Verdi* ERROR: Failed to dump because the specified instance or option is not correct
32669 *Verdi* ERROR: Syntax - fsdbDumpvars [depth] [instance] [option]*
32670 sps_tcl_fsdbDumpflush_vd_main at 0 : N/A(0)
32671 *Verdi* : Flush all FSDB Files at 0 ps.
32672 sps_tcl_fsdbDumpvars_vd_main
32673 argv[0]: 0
32674 argv[1]: simulator.DCRFLI.RF_GEN[3].RF.CORE.CORDIC_GEN[7].CORDIC.c[15]
32675 argv[2]: +all
32676 argv[3]: +trace_process
32677 *Verdi* ERROR: The #2 argument "simulator.DCRFLI.RF_GEN[3].RF.CORE.CORDIC_GEN[7].CORDIC.c[15]" is invalid
32678 *Verdi* ERROR: Failed to dump because the specified instance or option is not correct
32679 *Verdi* ERROR: Syntax - fsdbDumpvars [depth] [instance] [option]*
32680 sps_tcl_fsdbDumpflush_vd_main at 0 : N/A(0)
32681 *Verdi* : Flush all FSDB Files at 0 ps.
32682 sps_tcl_fsdbDumpvars_vd_main
32683 argv[0]: 0
32684 argv[1]: simulator.DCRFLI.RF_GEN[3].RF.CORE.CORDIC_GEN[0].CORDIC.c[14]
32685 argv[2]: +all
32686 argv[3]: +trace_process
32687 *Verdi* ERROR: The #2 argument "simulator.DCRFLI.RF_GEN[3].RF.CORE.CORDIC_GEN[0].CORDIC.c[14]" is invalid
32688 *Verdi* ERROR: Failed to dump because the specified instance or option is not correct
32689 *Verdi* ERROR: Syntax - fsdbDumpvars [depth] [instance] [option]*
32690 sps_tcl_fsdbDumpflush_vd_main at 0 : N/A(0)
32691 *Verdi* : Flush all FSDB Files at 0 ps.
32692 sps_tcl_fsdbDumpvars_vd_main
32693 argv[0]: 0
32694 argv[1]: simulator.DCRFLI.RF_GEN[3].RF.CORE.CORDIC_GEN[1].CORDIC.c[14]
32695 argv[2]: +all
32696 argv[3]: +trace_process
32697 *Verdi* ERROR: The #2 argument "simulator.DCRFLI.RF_GEN[3].RF.CORE.CORDIC_GEN[1].CORDIC.c[14]" is invalid
32698 *Verdi* ERROR: Failed to dump because the specified instance or option is not correct
32699 *Verdi* ERROR: Syntax - fsdbDumpvars [depth] [instance] [option]*
32700 sps_tcl_fsdbDumpflush_vd_main at 0 : N/A(0)
32701 *Verdi* : Flush all FSDB Files at 0 ps.
32702 sps_tcl_fsdbDumpvars_vd_main
32703 argv[0]: 0
32704 argv[1]: simulator.DCRFLI.RF_GEN[3].RF.CORE.CORDIC_GEN[2].CORDIC.c[14]
32705 argv[2]: +all
32706 argv[3]: +trace_process
32707 *Verdi* ERROR: The #2 argument "simulator.DCRFLI.RF_GEN[3].RF.CORE.CORDIC_GEN[2].CORDIC.c[14]" is invalid
32708 *Verdi* ERROR: Failed to dump because the specified instance or option is not correct
32709 *Verdi* ERROR: Syntax - fsdbDumpvars [depth] [instance] [option]*
32710 sps_tcl_fsdbDumpflush_vd_main at 0 : N/A(0)
32711 *Verdi* : Flush all FSDB Files at 0 ps.
32712 sps_tcl_fsdbDumpvars_vd_main
32713 argv[0]: 0
32714 argv[1]: simulator.DCRFLI.RF_GEN[3].RF.CORE.CORDIC_GEN[3].CORDIC.c[14]
32715 argv[2]: +all
32716 argv[3]: +trace_process
32717 *Verdi* ERROR: The #2 argument "simulator.DCRFLI.RF_GEN[3].RF.CORE.CORDIC_GEN[3].CORDIC.c[14]" is invalid
32718 *Verdi* ERROR: Failed to dump because the specified instance or option is not correct
32719 *Verdi* ERROR: Syntax - fsdbDumpvars [depth] [instance] [option]*
32720 sps_tcl_fsdbDumpflush_vd_main at 0 : N/A(0)
32721 *Verdi* : Flush all FSDB Files at 0 ps.
32722 sps_tcl_fsdbDumpvars_vd_main
32723 argv[0]: 0
32724 argv[1]: simulator.DCRFLI.RF_GEN[3].RF.CORE.CORDIC_GEN[4].CORDIC.c[14]
32725 argv[2]: +all
32726 argv[3]: +trace_process
32727 *Verdi* ERROR: The #2 argument "simulator.DCRFLI.RF_GEN[3].RF.CORE.CORDIC_GEN[4].CORDIC.c[14]" is invalid
32728 *Verdi* ERROR: Failed to dump because the specified instance or option is not correct
32729 *Verdi* ERROR: Syntax - fsdbDumpvars [depth] [instance] [option]*
32730 sps_tcl_fsdbDumpflush_vd_main at 0 : N/A(0)
32731 *Verdi* : Flush all FSDB Files at 0 ps.
32732 sps_tcl_fsdbDumpvars_vd_main
32733 argv[0]: 0
32734 argv[1]: simulator.DCRFLI.RF_GEN[3].RF.CORE.CORDIC_GEN[5].CORDIC.c[14]
32735 argv[2]: +all
32736 argv[3]: +trace_process
32737 *Verdi* ERROR: The #2 argument "simulator.DCRFLI.RF_GEN[3].RF.CORE.CORDIC_GEN[5].CORDIC.c[14]" is invalid
32738 *Verdi* ERROR: Failed to dump because the specified instance or option is not correct
32739 *Verdi* ERROR: Syntax - fsdbDumpvars [depth] [instance] [option]*
32740 sps_tcl_fsdbDumpflush_vd_main at 0 : N/A(0)
32741 *Verdi* : Flush all FSDB Files at 0 ps.
32742 sps_tcl_fsdbDumpvars_vd_main
32743 argv[0]: 0
32744 argv[1]: simulator.DCRFLI.RF_GEN[3].RF.CORE.CORDIC_GEN[6].CORDIC.c[14]
32745 argv[2]: +all
32746 argv[3]: +trace_process
32747 *Verdi* ERROR: The #2 argument "simulator.DCRFLI.RF_GEN[3].RF.CORE.CORDIC_GEN[6].CORDIC.c[14]" is invalid
32748 *Verdi* ERROR: Failed to dump because the specified instance or option is not correct
32749 *Verdi* ERROR: Syntax - fsdbDumpvars [depth] [instance] [option]*
32750 sps_tcl_fsdbDumpflush_vd_main at 0 : N/A(0)
32751 *Verdi* : Flush all FSDB Files at 0 ps.
32752 sps_tcl_fsdbDumpvars_vd_main
32753 argv[0]: 0
32754 argv[1]: simulator.DCRFLI.RF_GEN[3].RF.CORE.CORDIC_GEN[7].CORDIC.c[14]
32755 argv[2]: +all
32756 argv[3]: +trace_process
32757 *Verdi* ERROR: The #2 argument "simulator.DCRFLI.RF_GEN[3].RF.CORE.CORDIC_GEN[7].CORDIC.c[14]" is invalid
32758 *Verdi* ERROR: Failed to dump because the specified instance or option is not correct
32759 *Verdi* ERROR: Syntax - fsdbDumpvars [depth] [instance] [option]*
32760 sps_tcl_fsdbDumpflush_vd_main at 0 : N/A(0)
32761 *Verdi* : Flush all FSDB Files at 0 ps.
32762 sps_tcl_fsdbDumpvars_vd_main
32763 argv[0]: 0
32764 argv[1]: simulator.DCRFLI.RF_GEN[3].RF.CORE.CORDIC_GEN[0].CORDIC.c[13]
32765 argv[2]: +all
32766 argv[3]: +trace_process
32767 *Verdi* ERROR: The #2 argument "simulator.DCRFLI.RF_GEN[3].RF.CORE.CORDIC_GEN[0].CORDIC.c[13]" is invalid
32768 *Verdi* ERROR: Failed to dump because the specified instance or option is not correct
32769 *Verdi* ERROR: Syntax - fsdbDumpvars [depth] [instance] [option]*
32770 sps_tcl_fsdbDumpflush_vd_main at 0 : N/A(0)
32771 *Verdi* : Flush all FSDB Files at 0 ps.
32772 sps_tcl_fsdbDumpvars_vd_main
32773 argv[0]: 0
32774 argv[1]: simulator.DCRFLI.RF_GEN[3].RF.CORE.CORDIC_GEN[1].CORDIC.c[13]
32775 argv[2]: +all
32776 argv[3]: +trace_process
32777 *Verdi* ERROR: The #2 argument "simulator.DCRFLI.RF_GEN[3].RF.CORE.CORDIC_GEN[1].CORDIC.c[13]" is invalid
32778 *Verdi* ERROR: Failed to dump because the specified instance or option is not correct
32779 *Verdi* ERROR: Syntax - fsdbDumpvars [depth] [instance] [option]*
32780 sps_tcl_fsdbDumpflush_vd_main at 0 : N/A(0)
32781 *Verdi* : Flush all FSDB Files at 0 ps.
32782 sps_tcl_fsdbDumpvars_vd_main
32783 argv[0]: 0
32784 argv[1]: simulator.DCRFLI.RF_GEN[3].RF.CORE.CORDIC_GEN[2].CORDIC.c[13]
32785 argv[2]: +all
32786 argv[3]: +trace_process
32787 *Verdi* ERROR: The #2 argument "simulator.DCRFLI.RF_GEN[3].RF.CORE.CORDIC_GEN[2].CORDIC.c[13]" is invalid
32788 *Verdi* ERROR: Failed to dump because the specified instance or option is not correct
32789 *Verdi* ERROR: Syntax - fsdbDumpvars [depth] [instance] [option]*
32790 sps_tcl_fsdbDumpflush_vd_main at 0 : N/A(0)
32791 *Verdi* : Flush all FSDB Files at 0 ps.
32792 sps_tcl_fsdbDumpvars_vd_main
32793 argv[0]: 0
32794 argv[1]: simulator.DCRFLI.RF_GEN[3].RF.CORE.CORDIC_GEN[3].CORDIC.c[13]
32795 argv[2]: +all
32796 argv[3]: +trace_process
32797 *Verdi* ERROR: The #2 argument "simulator.DCRFLI.RF_GEN[3].RF.CORE.CORDIC_GEN[3].CORDIC.c[13]" is invalid
32798 *Verdi* ERROR: Failed to dump because the specified instance or option is not correct
32799 *Verdi* ERROR: Syntax - fsdbDumpvars [depth] [instance] [option]*
32800 sps_tcl_fsdbDumpflush_vd_main at 0 : N/A(0)
32801 *Verdi* : Flush all FSDB Files at 0 ps.
32802 sps_tcl_fsdbDumpvars_vd_main
32803 argv[0]: 0
32804 argv[1]: simulator.DCRFLI.RF_GEN[3].RF.CORE.CORDIC_GEN[4].CORDIC.c[13]
32805 argv[2]: +all
32806 argv[3]: +trace_process
32807 *Verdi* ERROR: The #2 argument "simulator.DCRFLI.RF_GEN[3].RF.CORE.CORDIC_GEN[4].CORDIC.c[13]" is invalid
32808 *Verdi* ERROR: Failed to dump because the specified instance or option is not correct
32809 *Verdi* ERROR: Syntax - fsdbDumpvars [depth] [instance] [option]*
32810 sps_tcl_fsdbDumpflush_vd_main at 0 : N/A(0)
32811 *Verdi* : Flush all FSDB Files at 0 ps.
32812 sps_tcl_fsdbDumpvars_vd_main
32813 argv[0]: 0
32814 argv[1]: simulator.DCRFLI.RF_GEN[3].RF.CORE.CORDIC_GEN[5].CORDIC.c[13]
32815 argv[2]: +all
32816 argv[3]: +trace_process
32817 *Verdi* ERROR: The #2 argument "simulator.DCRFLI.RF_GEN[3].RF.CORE.CORDIC_GEN[5].CORDIC.c[13]" is invalid
32818 *Verdi* ERROR: Failed to dump because the specified instance or option is not correct
32819 *Verdi* ERROR: Syntax - fsdbDumpvars [depth] [instance] [option]*
32820 sps_tcl_fsdbDumpflush_vd_main at 0 : N/A(0)
32821 *Verdi* : Flush all FSDB Files at 0 ps.
32822 sps_tcl_fsdbDumpvars_vd_main
32823 argv[0]: 0
32824 argv[1]: simulator.DCRFLI.RF_GEN[3].RF.CORE.CORDIC_GEN[6].CORDIC.c[13]
32825 argv[2]: +all
32826 argv[3]: +trace_process
32827 *Verdi* ERROR: The #2 argument "simulator.DCRFLI.RF_GEN[3].RF.CORE.CORDIC_GEN[6].CORDIC.c[13]" is invalid
32828 *Verdi* ERROR: Failed to dump because the specified instance or option is not correct
32829 *Verdi* ERROR: Syntax - fsdbDumpvars [depth] [instance] [option]*
32830 sps_tcl_fsdbDumpflush_vd_main at 0 : N/A(0)
32831 *Verdi* : Flush all FSDB Files at 0 ps.
32832 sps_tcl_fsdbDumpvars_vd_main
32833 argv[0]: 0
32834 argv[1]: simulator.DCRFLI.RF_GEN[3].RF.CORE.CORDIC_GEN[7].CORDIC.c[13]
32835 argv[2]: +all
32836 argv[3]: +trace_process
32837 *Verdi* ERROR: The #2 argument "simulator.DCRFLI.RF_GEN[3].RF.CORE.CORDIC_GEN[7].CORDIC.c[13]" is invalid
32838 *Verdi* ERROR: Failed to dump because the specified instance or option is not correct
32839 *Verdi* ERROR: Syntax - fsdbDumpvars [depth] [instance] [option]*
32840 sps_tcl_fsdbDumpflush_vd_main at 0 : N/A(0)
32841 *Verdi* : Flush all FSDB Files at 0 ps.
32842 sps_tcl_fsdbDumpvars_vd_main
32843 argv[0]: 0
32844 argv[1]: simulator.DCRFLI.RF_GEN[3].RF.CORE.CORDIC_GEN[0].CORDIC.c[12]
32845 argv[2]: +all
32846 argv[3]: +trace_process
32847 *Verdi* ERROR: The #2 argument "simulator.DCRFLI.RF_GEN[3].RF.CORE.CORDIC_GEN[0].CORDIC.c[12]" is invalid
32848 *Verdi* ERROR: Failed to dump because the specified instance or option is not correct
32849 *Verdi* ERROR: Syntax - fsdbDumpvars [depth] [instance] [option]*
32850 sps_tcl_fsdbDumpflush_vd_main at 0 : N/A(0)
32851 *Verdi* : Flush all FSDB Files at 0 ps.
32852 sps_tcl_fsdbDumpvars_vd_main
32853 argv[0]: 0
32854 argv[1]: simulator.DCRFLI.RF_GEN[3].RF.CORE.CORDIC_GEN[1].CORDIC.c[12]
32855 argv[2]: +all
32856 argv[3]: +trace_process
32857 *Verdi* ERROR: The #2 argument "simulator.DCRFLI.RF_GEN[3].RF.CORE.CORDIC_GEN[1].CORDIC.c[12]" is invalid
32858 *Verdi* ERROR: Failed to dump because the specified instance or option is not correct
32859 *Verdi* ERROR: Syntax - fsdbDumpvars [depth] [instance] [option]*
32860 sps_tcl_fsdbDumpflush_vd_main at 0 : N/A(0)
32861 *Verdi* : Flush all FSDB Files at 0 ps.
32862 sps_tcl_fsdbDumpvars_vd_main
32863 argv[0]: 0
32864 argv[1]: simulator.DCRFLI.RF_GEN[3].RF.CORE.CORDIC_GEN[2].CORDIC.c[12]
32865 argv[2]: +all
32866 argv[3]: +trace_process
32867 *Verdi* ERROR: The #2 argument "simulator.DCRFLI.RF_GEN[3].RF.CORE.CORDIC_GEN[2].CORDIC.c[12]" is invalid
32868 *Verdi* ERROR: Failed to dump because the specified instance or option is not correct
32869 *Verdi* ERROR: Syntax - fsdbDumpvars [depth] [instance] [option]*
32870 sps_tcl_fsdbDumpflush_vd_main at 0 : N/A(0)
32871 *Verdi* : Flush all FSDB Files at 0 ps.
32872 sps_tcl_fsdbDumpvars_vd_main
32873 argv[0]: 0
32874 argv[1]: simulator.DCRFLI.RF_GEN[3].RF.CORE.CORDIC_GEN[3].CORDIC.c[12]
32875 argv[2]: +all
32876 argv[3]: +trace_process
32877 *Verdi* ERROR: The #2 argument "simulator.DCRFLI.RF_GEN[3].RF.CORE.CORDIC_GEN[3].CORDIC.c[12]" is invalid
32878 *Verdi* ERROR: Failed to dump because the specified instance or option is not correct
32879 *Verdi* ERROR: Syntax - fsdbDumpvars [depth] [instance] [option]*
32880 sps_tcl_fsdbDumpflush_vd_main at 0 : N/A(0)
32881 *Verdi* : Flush all FSDB Files at 0 ps.
32882 sps_tcl_fsdbDumpvars_vd_main
32883 argv[0]: 0
32884 argv[1]: simulator.DCRFLI.RF_GEN[3].RF.CORE.CORDIC_GEN[4].CORDIC.c[12]
32885 argv[2]: +all
32886 argv[3]: +trace_process
32887 *Verdi* ERROR: The #2 argument "simulator.DCRFLI.RF_GEN[3].RF.CORE.CORDIC_GEN[4].CORDIC.c[12]" is invalid
32888 *Verdi* ERROR: Failed to dump because the specified instance or option is not correct
32889 *Verdi* ERROR: Syntax - fsdbDumpvars [depth] [instance] [option]*
32890 sps_tcl_fsdbDumpflush_vd_main at 0 : N/A(0)
32891 *Verdi* : Flush all FSDB Files at 0 ps.
32892 sps_tcl_fsdbDumpvars_vd_main
32893 argv[0]: 0
32894 argv[1]: simulator.DCRFLI.RF_GEN[3].RF.CORE.CORDIC_GEN[5].CORDIC.c[12]
32895 argv[2]: +all
32896 argv[3]: +trace_process
32897 *Verdi* ERROR: The #2 argument "simulator.DCRFLI.RF_GEN[3].RF.CORE.CORDIC_GEN[5].CORDIC.c[12]" is invalid
32898 *Verdi* ERROR: Failed to dump because the specified instance or option is not correct
32899 *Verdi* ERROR: Syntax - fsdbDumpvars [depth] [instance] [option]*
32900 sps_tcl_fsdbDumpflush_vd_main at 0 : N/A(0)
32901 *Verdi* : Flush all FSDB Files at 0 ps.
32902 sps_tcl_fsdbDumpvars_vd_main
32903 argv[0]: 0
32904 argv[1]: simulator.DCRFLI.RF_GEN[3].RF.CORE.CORDIC_GEN[6].CORDIC.c[12]
32905 argv[2]: +all
32906 argv[3]: +trace_process
32907 *Verdi* ERROR: The #2 argument "simulator.DCRFLI.RF_GEN[3].RF.CORE.CORDIC_GEN[6].CORDIC.c[12]" is invalid
32908 *Verdi* ERROR: Failed to dump because the specified instance or option is not correct
32909 *Verdi* ERROR: Syntax - fsdbDumpvars [depth] [instance] [option]*
32910 sps_tcl_fsdbDumpflush_vd_main at 0 : N/A(0)
32911 *Verdi* : Flush all FSDB Files at 0 ps.
32912 sps_tcl_fsdbDumpvars_vd_main
32913 argv[0]: 0
32914 argv[1]: simulator.DCRFLI.RF_GEN[3].RF.CORE.CORDIC_GEN[7].CORDIC.c[12]
32915 argv[2]: +all
32916 argv[3]: +trace_process
32917 *Verdi* ERROR: The #2 argument "simulator.DCRFLI.RF_GEN[3].RF.CORE.CORDIC_GEN[7].CORDIC.c[12]" is invalid
32918 *Verdi* ERROR: Failed to dump because the specified instance or option is not correct
32919 *Verdi* ERROR: Syntax - fsdbDumpvars [depth] [instance] [option]*
32920 sps_tcl_fsdbDumpflush_vd_main at 0 : N/A(0)
32921 *Verdi* : Flush all FSDB Files at 0 ps.
32922 sps_tcl_fsdbDumpvars_vd_main
32923 argv[0]: 0
32924 argv[1]: simulator.DCRFLI.RF_GEN[3].RF.CORE.CORDIC_GEN[0].CORDIC.c[11]
32925 argv[2]: +all
32926 argv[3]: +trace_process
32927 *Verdi* ERROR: The #2 argument "simulator.DCRFLI.RF_GEN[3].RF.CORE.CORDIC_GEN[0].CORDIC.c[11]" is invalid
32928 *Verdi* ERROR: Failed to dump because the specified instance or option is not correct
32929 *Verdi* ERROR: Syntax - fsdbDumpvars [depth] [instance] [option]*
32930 sps_tcl_fsdbDumpflush_vd_main at 0 : N/A(0)
32931 *Verdi* : Flush all FSDB Files at 0 ps.
32932 sps_tcl_fsdbDumpvars_vd_main
32933 argv[0]: 0
32934 argv[1]: simulator.DCRFLI.RF_GEN[3].RF.CORE.CORDIC_GEN[1].CORDIC.c[11]
32935 argv[2]: +all
32936 argv[3]: +trace_process
32937 *Verdi* ERROR: The #2 argument "simulator.DCRFLI.RF_GEN[3].RF.CORE.CORDIC_GEN[1].CORDIC.c[11]" is invalid
32938 *Verdi* ERROR: Failed to dump because the specified instance or option is not correct
32939 *Verdi* ERROR: Syntax - fsdbDumpvars [depth] [instance] [option]*
32940 sps_tcl_fsdbDumpflush_vd_main at 0 : N/A(0)
32941 *Verdi* : Flush all FSDB Files at 0 ps.
32942 sps_tcl_fsdbDumpvars_vd_main
32943 argv[0]: 0
32944 argv[1]: simulator.DCRFLI.RF_GEN[3].RF.CORE.CORDIC_GEN[2].CORDIC.c[11]
32945 argv[2]: +all
32946 argv[3]: +trace_process
32947 *Verdi* ERROR: The #2 argument "simulator.DCRFLI.RF_GEN[3].RF.CORE.CORDIC_GEN[2].CORDIC.c[11]" is invalid
32948 *Verdi* ERROR: Failed to dump because the specified instance or option is not correct
32949 *Verdi* ERROR: Syntax - fsdbDumpvars [depth] [instance] [option]*
32950 sps_tcl_fsdbDumpflush_vd_main at 0 : N/A(0)
32951 *Verdi* : Flush all FSDB Files at 0 ps.
32952 sps_tcl_fsdbDumpvars_vd_main
32953 argv[0]: 0
32954 argv[1]: simulator.DCRFLI.RF_GEN[3].RF.CORE.CORDIC_GEN[3].CORDIC.c[11]
32955 argv[2]: +all
32956 argv[3]: +trace_process
32957 *Verdi* ERROR: The #2 argument "simulator.DCRFLI.RF_GEN[3].RF.CORE.CORDIC_GEN[3].CORDIC.c[11]" is invalid
32958 *Verdi* ERROR: Failed to dump because the specified instance or option is not correct
32959 *Verdi* ERROR: Syntax - fsdbDumpvars [depth] [instance] [option]*
32960 sps_tcl_fsdbDumpflush_vd_main at 0 : N/A(0)
32961 *Verdi* : Flush all FSDB Files at 0 ps.
32962 sps_tcl_fsdbDumpvars_vd_main
32963 argv[0]: 0
32964 argv[1]: simulator.DCRFLI.RF_GEN[3].RF.CORE.CORDIC_GEN[4].CORDIC.c[11]
32965 argv[2]: +all
32966 argv[3]: +trace_process
32967 *Verdi* ERROR: The #2 argument "simulator.DCRFLI.RF_GEN[3].RF.CORE.CORDIC_GEN[4].CORDIC.c[11]" is invalid
32968 *Verdi* ERROR: Failed to dump because the specified instance or option is not correct
32969 *Verdi* ERROR: Syntax - fsdbDumpvars [depth] [instance] [option]*
32970 sps_tcl_fsdbDumpflush_vd_main at 0 : N/A(0)
32971 *Verdi* : Flush all FSDB Files at 0 ps.
32972 sps_tcl_fsdbDumpvars_vd_main
32973 argv[0]: 0
32974 argv[1]: simulator.DCRFLI.RF_GEN[3].RF.CORE.CORDIC_GEN[5].CORDIC.c[11]
32975 argv[2]: +all
32976 argv[3]: +trace_process
32977 *Verdi* ERROR: The #2 argument "simulator.DCRFLI.RF_GEN[3].RF.CORE.CORDIC_GEN[5].CORDIC.c[11]" is invalid
32978 *Verdi* ERROR: Failed to dump because the specified instance or option is not correct
32979 *Verdi* ERROR: Syntax - fsdbDumpvars [depth] [instance] [option]*
32980 sps_tcl_fsdbDumpflush_vd_main at 0 : N/A(0)
32981 *Verdi* : Flush all FSDB Files at 0 ps.
32982 sps_tcl_fsdbDumpvars_vd_main
32983 argv[0]: 0
32984 argv[1]: simulator.DCRFLI.RF_GEN[3].RF.CORE.CORDIC_GEN[6].CORDIC.c[11]
32985 argv[2]: +all
32986 argv[3]: +trace_process
32987 *Verdi* ERROR: The #2 argument "simulator.DCRFLI.RF_GEN[3].RF.CORE.CORDIC_GEN[6].CORDIC.c[11]" is invalid
32988 *Verdi* ERROR: Failed to dump because the specified instance or option is not correct
32989 *Verdi* ERROR: Syntax - fsdbDumpvars [depth] [instance] [option]*
32990 sps_tcl_fsdbDumpflush_vd_main at 0 : N/A(0)
32991 *Verdi* : Flush all FSDB Files at 0 ps.
32992 sps_tcl_fsdbDumpvars_vd_main
32993 argv[0]: 0
32994 argv[1]: simulator.DCRFLI.RF_GEN[3].RF.CORE.CORDIC_GEN[7].CORDIC.c[11]
32995 argv[2]: +all
32996 argv[3]: +trace_process
32997 *Verdi* ERROR: The #2 argument "simulator.DCRFLI.RF_GEN[3].RF.CORE.CORDIC_GEN[7].CORDIC.c[11]" is invalid
32998 *Verdi* ERROR: Failed to dump because the specified instance or option is not correct
32999 *Verdi* ERROR: Syntax - fsdbDumpvars [depth] [instance] [option]*
33000 sps_tcl_fsdbDumpflush_vd_main at 0 : N/A(0)
33001 *Verdi* : Flush all FSDB Files at 0 ps.
33002 sps_tcl_fsdbDumpvars_vd_main
33003 argv[0]: 0
33004 argv[1]: simulator.DCRFLI.RF_GEN[3].RF.CORE.CORDIC_GEN[0].CORDIC.c[10]
33005 argv[2]: +all
33006 argv[3]: +trace_process
33007 *Verdi* ERROR: The #2 argument "simulator.DCRFLI.RF_GEN[3].RF.CORE.CORDIC_GEN[0].CORDIC.c[10]" is invalid
33008 *Verdi* ERROR: Failed to dump because the specified instance or option is not correct
33009 *Verdi* ERROR: Syntax - fsdbDumpvars [depth] [instance] [option]*
33010 sps_tcl_fsdbDumpflush_vd_main at 0 : N/A(0)
33011 *Verdi* : Flush all FSDB Files at 0 ps.
33012 sps_tcl_fsdbDumpvars_vd_main
33013 argv[0]: 0
33014 argv[1]: simulator.DCRFLI.RF_GEN[3].RF.CORE.CORDIC_GEN[1].CORDIC.c[10]
33015 argv[2]: +all
33016 argv[3]: +trace_process
33017 *Verdi* ERROR: The #2 argument "simulator.DCRFLI.RF_GEN[3].RF.CORE.CORDIC_GEN[1].CORDIC.c[10]" is invalid
33018 *Verdi* ERROR: Failed to dump because the specified instance or option is not correct
33019 *Verdi* ERROR: Syntax - fsdbDumpvars [depth] [instance] [option]*
33020 sps_tcl_fsdbDumpflush_vd_main at 0 : N/A(0)
33021 *Verdi* : Flush all FSDB Files at 0 ps.
33022 sps_tcl_fsdbDumpvars_vd_main
33023 argv[0]: 0
33024 argv[1]: simulator.DCRFLI.RF_GEN[3].RF.CORE.CORDIC_GEN[2].CORDIC.c[10]
33025 argv[2]: +all
33026 argv[3]: +trace_process
33027 *Verdi* ERROR: The #2 argument "simulator.DCRFLI.RF_GEN[3].RF.CORE.CORDIC_GEN[2].CORDIC.c[10]" is invalid
33028 *Verdi* ERROR: Failed to dump because the specified instance or option is not correct
33029 *Verdi* ERROR: Syntax - fsdbDumpvars [depth] [instance] [option]*
33030 sps_tcl_fsdbDumpflush_vd_main at 0 : N/A(0)
33031 *Verdi* : Flush all FSDB Files at 0 ps.
33032 sps_tcl_fsdbDumpvars_vd_main
33033 argv[0]: 0
33034 argv[1]: simulator.DCRFLI.RF_GEN[3].RF.CORE.CORDIC_GEN[3].CORDIC.c[10]
33035 argv[2]: +all
33036 argv[3]: +trace_process
33037 *Verdi* ERROR: The #2 argument "simulator.DCRFLI.RF_GEN[3].RF.CORE.CORDIC_GEN[3].CORDIC.c[10]" is invalid
33038 *Verdi* ERROR: Failed to dump because the specified instance or option is not correct
33039 *Verdi* ERROR: Syntax - fsdbDumpvars [depth] [instance] [option]*
33040 sps_tcl_fsdbDumpflush_vd_main at 0 : N/A(0)
33041 *Verdi* : Flush all FSDB Files at 0 ps.
33042 sps_tcl_fsdbDumpvars_vd_main
33043 argv[0]: 0
33044 argv[1]: simulator.DCRFLI.RF_GEN[3].RF.CORE.CORDIC_GEN[4].CORDIC.c[10]
33045 argv[2]: +all
33046 argv[3]: +trace_process
33047 *Verdi* ERROR: The #2 argument "simulator.DCRFLI.RF_GEN[3].RF.CORE.CORDIC_GEN[4].CORDIC.c[10]" is invalid
33048 *Verdi* ERROR: Failed to dump because the specified instance or option is not correct
33049 *Verdi* ERROR: Syntax - fsdbDumpvars [depth] [instance] [option]*
33050 sps_tcl_fsdbDumpflush_vd_main at 0 : N/A(0)
33051 *Verdi* : Flush all FSDB Files at 0 ps.
33052 sps_tcl_fsdbDumpvars_vd_main
33053 argv[0]: 0
33054 argv[1]: simulator.DCRFLI.RF_GEN[3].RF.CORE.CORDIC_GEN[5].CORDIC.c[10]
33055 argv[2]: +all
33056 argv[3]: +trace_process
33057 *Verdi* ERROR: The #2 argument "simulator.DCRFLI.RF_GEN[3].RF.CORE.CORDIC_GEN[5].CORDIC.c[10]" is invalid
33058 *Verdi* ERROR: Failed to dump because the specified instance or option is not correct
33059 *Verdi* ERROR: Syntax - fsdbDumpvars [depth] [instance] [option]*
33060 sps_tcl_fsdbDumpflush_vd_main at 0 : N/A(0)
33061 *Verdi* : Flush all FSDB Files at 0 ps.
33062 sps_tcl_fsdbDumpvars_vd_main
33063 argv[0]: 0
33064 argv[1]: simulator.DCRFLI.RF_GEN[3].RF.CORE.CORDIC_GEN[6].CORDIC.c[10]
33065 argv[2]: +all
33066 argv[3]: +trace_process
33067 *Verdi* ERROR: The #2 argument "simulator.DCRFLI.RF_GEN[3].RF.CORE.CORDIC_GEN[6].CORDIC.c[10]" is invalid
33068 *Verdi* ERROR: Failed to dump because the specified instance or option is not correct
33069 *Verdi* ERROR: Syntax - fsdbDumpvars [depth] [instance] [option]*
33070 sps_tcl_fsdbDumpflush_vd_main at 0 : N/A(0)
33071 *Verdi* : Flush all FSDB Files at 0 ps.
33072 sps_tcl_fsdbDumpvars_vd_main
33073 argv[0]: 0
33074 argv[1]: simulator.DCRFLI.RF_GEN[3].RF.CORE.CORDIC_GEN[7].CORDIC.c[10]
33075 argv[2]: +all
33076 argv[3]: +trace_process
33077 *Verdi* ERROR: The #2 argument "simulator.DCRFLI.RF_GEN[3].RF.CORE.CORDIC_GEN[7].CORDIC.c[10]" is invalid
33078 *Verdi* ERROR: Failed to dump because the specified instance or option is not correct
33079 *Verdi* ERROR: Syntax - fsdbDumpvars [depth] [instance] [option]*
33080 sps_tcl_fsdbDumpflush_vd_main at 0 : N/A(0)
33081 *Verdi* : Flush all FSDB Files at 0 ps.
33082 sps_tcl_fsdbDumpvars_vd_main
33083 argv[0]: 0
33084 argv[1]: simulator.DCRFLI.RF_GEN[3].RF.CORE.CORDIC_GEN[0].CORDIC.c[9]
33085 argv[2]: +all
33086 argv[3]: +trace_process
33087 *Verdi* ERROR: The #2 argument "simulator.DCRFLI.RF_GEN[3].RF.CORE.CORDIC_GEN[0].CORDIC.c[9]" is invalid
33088 *Verdi* ERROR: Failed to dump because the specified instance or option is not correct
33089 *Verdi* ERROR: Syntax - fsdbDumpvars [depth] [instance] [option]*
33090 sps_tcl_fsdbDumpflush_vd_main at 0 : N/A(0)
33091 *Verdi* : Flush all FSDB Files at 0 ps.
33092 sps_tcl_fsdbDumpvars_vd_main
33093 argv[0]: 0
33094 argv[1]: simulator.DCRFLI.RF_GEN[3].RF.CORE.CORDIC_GEN[1].CORDIC.c[9]
33095 argv[2]: +all
33096 argv[3]: +trace_process
33097 *Verdi* ERROR: The #2 argument "simulator.DCRFLI.RF_GEN[3].RF.CORE.CORDIC_GEN[1].CORDIC.c[9]" is invalid
33098 *Verdi* ERROR: Failed to dump because the specified instance or option is not correct
33099 *Verdi* ERROR: Syntax - fsdbDumpvars [depth] [instance] [option]*
33100 sps_tcl_fsdbDumpflush_vd_main at 0 : N/A(0)
33101 *Verdi* : Flush all FSDB Files at 0 ps.
33102 sps_tcl_fsdbDumpvars_vd_main
33103 argv[0]: 0
33104 argv[1]: simulator.DCRFLI.RF_GEN[3].RF.CORE.CORDIC_GEN[2].CORDIC.c[9]
33105 argv[2]: +all
33106 argv[3]: +trace_process
33107 *Verdi* ERROR: The #2 argument "simulator.DCRFLI.RF_GEN[3].RF.CORE.CORDIC_GEN[2].CORDIC.c[9]" is invalid
33108 *Verdi* ERROR: Failed to dump because the specified instance or option is not correct
33109 *Verdi* ERROR: Syntax - fsdbDumpvars [depth] [instance] [option]*
33110 sps_tcl_fsdbDumpflush_vd_main at 0 : N/A(0)
33111 *Verdi* : Flush all FSDB Files at 0 ps.
33112 sps_tcl_fsdbDumpvars_vd_main
33113 argv[0]: 0
33114 argv[1]: simulator.DCRFLI.RF_GEN[3].RF.CORE.CORDIC_GEN[3].CORDIC.c[9]
33115 argv[2]: +all
33116 argv[3]: +trace_process
33117 *Verdi* ERROR: The #2 argument "simulator.DCRFLI.RF_GEN[3].RF.CORE.CORDIC_GEN[3].CORDIC.c[9]" is invalid
33118 *Verdi* ERROR: Failed to dump because the specified instance or option is not correct
33119 *Verdi* ERROR: Syntax - fsdbDumpvars [depth] [instance] [option]*
33120 sps_tcl_fsdbDumpflush_vd_main at 0 : N/A(0)
33121 *Verdi* : Flush all FSDB Files at 0 ps.
33122 sps_tcl_fsdbDumpvars_vd_main
33123 argv[0]: 0
33124 argv[1]: simulator.DCRFLI.RF_GEN[3].RF.CORE.CORDIC_GEN[4].CORDIC.c[9]
33125 argv[2]: +all
33126 argv[3]: +trace_process
33127 *Verdi* ERROR: The #2 argument "simulator.DCRFLI.RF_GEN[3].RF.CORE.CORDIC_GEN[4].CORDIC.c[9]" is invalid
33128 *Verdi* ERROR: Failed to dump because the specified instance or option is not correct
33129 *Verdi* ERROR: Syntax - fsdbDumpvars [depth] [instance] [option]*
33130 sps_tcl_fsdbDumpflush_vd_main at 0 : N/A(0)
33131 *Verdi* : Flush all FSDB Files at 0 ps.
33132 sps_tcl_fsdbDumpvars_vd_main
33133 argv[0]: 0
33134 argv[1]: simulator.DCRFLI.RF_GEN[3].RF.CORE.CORDIC_GEN[5].CORDIC.c[9]
33135 argv[2]: +all
33136 argv[3]: +trace_process
33137 *Verdi* ERROR: The #2 argument "simulator.DCRFLI.RF_GEN[3].RF.CORE.CORDIC_GEN[5].CORDIC.c[9]" is invalid
33138 *Verdi* ERROR: Failed to dump because the specified instance or option is not correct
33139 *Verdi* ERROR: Syntax - fsdbDumpvars [depth] [instance] [option]*
33140 sps_tcl_fsdbDumpflush_vd_main at 0 : N/A(0)
33141 *Verdi* : Flush all FSDB Files at 0 ps.
33142 sps_tcl_fsdbDumpvars_vd_main
33143 argv[0]: 0
33144 argv[1]: simulator.DCRFLI.RF_GEN[3].RF.CORE.CORDIC_GEN[6].CORDIC.c[9]
33145 argv[2]: +all
33146 argv[3]: +trace_process
33147 *Verdi* ERROR: The #2 argument "simulator.DCRFLI.RF_GEN[3].RF.CORE.CORDIC_GEN[6].CORDIC.c[9]" is invalid
33148 *Verdi* ERROR: Failed to dump because the specified instance or option is not correct
33149 *Verdi* ERROR: Syntax - fsdbDumpvars [depth] [instance] [option]*
33150 sps_tcl_fsdbDumpflush_vd_main at 0 : N/A(0)
33151 *Verdi* : Flush all FSDB Files at 0 ps.
33152 sps_tcl_fsdbDumpvars_vd_main
33153 argv[0]: 0
33154 argv[1]: simulator.DCRFLI.RF_GEN[3].RF.CORE.CORDIC_GEN[7].CORDIC.c[9]
33155 argv[2]: +all
33156 argv[3]: +trace_process
33157 *Verdi* ERROR: The #2 argument "simulator.DCRFLI.RF_GEN[3].RF.CORE.CORDIC_GEN[7].CORDIC.c[9]" is invalid
33158 *Verdi* ERROR: Failed to dump because the specified instance or option is not correct
33159 *Verdi* ERROR: Syntax - fsdbDumpvars [depth] [instance] [option]*
33160 sps_tcl_fsdbDumpflush_vd_main at 0 : N/A(0)
33161 *Verdi* : Flush all FSDB Files at 0 ps.
33162 sps_tcl_fsdbDumpvars_vd_main
33163 argv[0]: 0
33164 argv[1]: simulator.DCRFLI.RF_GEN[3].RF.CORE.CORDIC_GEN[0].CORDIC.c[8]
33165 argv[2]: +all
33166 argv[3]: +trace_process
33167 *Verdi* ERROR: The #2 argument "simulator.DCRFLI.RF_GEN[3].RF.CORE.CORDIC_GEN[0].CORDIC.c[8]" is invalid
33168 *Verdi* ERROR: Failed to dump because the specified instance or option is not correct
33169 *Verdi* ERROR: Syntax - fsdbDumpvars [depth] [instance] [option]*
33170 sps_tcl_fsdbDumpflush_vd_main at 0 : N/A(0)
33171 *Verdi* : Flush all FSDB Files at 0 ps.
33172 sps_tcl_fsdbDumpvars_vd_main
33173 argv[0]: 0
33174 argv[1]: simulator.DCRFLI.RF_GEN[3].RF.CORE.CORDIC_GEN[1].CORDIC.c[8]
33175 argv[2]: +all
33176 argv[3]: +trace_process
33177 *Verdi* ERROR: The #2 argument "simulator.DCRFLI.RF_GEN[3].RF.CORE.CORDIC_GEN[1].CORDIC.c[8]" is invalid
33178 *Verdi* ERROR: Failed to dump because the specified instance or option is not correct
33179 *Verdi* ERROR: Syntax - fsdbDumpvars [depth] [instance] [option]*
33180 sps_tcl_fsdbDumpflush_vd_main at 0 : N/A(0)
33181 *Verdi* : Flush all FSDB Files at 0 ps.
33182 sps_tcl_fsdbDumpvars_vd_main
33183 argv[0]: 0
33184 argv[1]: simulator.DCRFLI.RF_GEN[3].RF.CORE.CORDIC_GEN[2].CORDIC.c[8]
33185 argv[2]: +all
33186 argv[3]: +trace_process
33187 *Verdi* ERROR: The #2 argument "simulator.DCRFLI.RF_GEN[3].RF.CORE.CORDIC_GEN[2].CORDIC.c[8]" is invalid
33188 *Verdi* ERROR: Failed to dump because the specified instance or option is not correct
33189 *Verdi* ERROR: Syntax - fsdbDumpvars [depth] [instance] [option]*
33190 sps_tcl_fsdbDumpflush_vd_main at 0 : N/A(0)
33191 *Verdi* : Flush all FSDB Files at 0 ps.
33192 sps_tcl_fsdbDumpvars_vd_main
33193 argv[0]: 0
33194 argv[1]: simulator.DCRFLI.RF_GEN[3].RF.CORE.CORDIC_GEN[3].CORDIC.c[8]
33195 argv[2]: +all
33196 argv[3]: +trace_process
33197 *Verdi* ERROR: The #2 argument "simulator.DCRFLI.RF_GEN[3].RF.CORE.CORDIC_GEN[3].CORDIC.c[8]" is invalid
33198 *Verdi* ERROR: Failed to dump because the specified instance or option is not correct
33199 *Verdi* ERROR: Syntax - fsdbDumpvars [depth] [instance] [option]*
33200 sps_tcl_fsdbDumpflush_vd_main at 0 : N/A(0)
33201 *Verdi* : Flush all FSDB Files at 0 ps.
33202 sps_tcl_fsdbDumpvars_vd_main
33203 argv[0]: 0
33204 argv[1]: simulator.DCRFLI.RF_GEN[3].RF.CORE.CORDIC_GEN[4].CORDIC.c[8]
33205 argv[2]: +all
33206 argv[3]: +trace_process
33207 *Verdi* ERROR: The #2 argument "simulator.DCRFLI.RF_GEN[3].RF.CORE.CORDIC_GEN[4].CORDIC.c[8]" is invalid
33208 *Verdi* ERROR: Failed to dump because the specified instance or option is not correct
33209 *Verdi* ERROR: Syntax - fsdbDumpvars [depth] [instance] [option]*
33210 sps_tcl_fsdbDumpflush_vd_main at 0 : N/A(0)
33211 *Verdi* : Flush all FSDB Files at 0 ps.
33212 sps_tcl_fsdbDumpvars_vd_main
33213 argv[0]: 0
33214 argv[1]: simulator.DCRFLI.RF_GEN[3].RF.CORE.CORDIC_GEN[5].CORDIC.c[8]
33215 argv[2]: +all
33216 argv[3]: +trace_process
33217 *Verdi* ERROR: The #2 argument "simulator.DCRFLI.RF_GEN[3].RF.CORE.CORDIC_GEN[5].CORDIC.c[8]" is invalid
33218 *Verdi* ERROR: Failed to dump because the specified instance or option is not correct
33219 *Verdi* ERROR: Syntax - fsdbDumpvars [depth] [instance] [option]*
33220 sps_tcl_fsdbDumpflush_vd_main at 0 : N/A(0)
33221 *Verdi* : Flush all FSDB Files at 0 ps.
33222 sps_tcl_fsdbDumpvars_vd_main
33223 argv[0]: 0
33224 argv[1]: simulator.DCRFLI.RF_GEN[3].RF.CORE.CORDIC_GEN[6].CORDIC.c[8]
33225 argv[2]: +all
33226 argv[3]: +trace_process
33227 *Verdi* ERROR: The #2 argument "simulator.DCRFLI.RF_GEN[3].RF.CORE.CORDIC_GEN[6].CORDIC.c[8]" is invalid
33228 *Verdi* ERROR: Failed to dump because the specified instance or option is not correct
33229 *Verdi* ERROR: Syntax - fsdbDumpvars [depth] [instance] [option]*
33230 sps_tcl_fsdbDumpflush_vd_main at 0 : N/A(0)
33231 *Verdi* : Flush all FSDB Files at 0 ps.
33232 sps_tcl_fsdbDumpvars_vd_main
33233 argv[0]: 0
33234 argv[1]: simulator.DCRFLI.RF_GEN[3].RF.CORE.CORDIC_GEN[7].CORDIC.c[8]
33235 argv[2]: +all
33236 argv[3]: +trace_process
33237 *Verdi* ERROR: The #2 argument "simulator.DCRFLI.RF_GEN[3].RF.CORE.CORDIC_GEN[7].CORDIC.c[8]" is invalid
33238 *Verdi* ERROR: Failed to dump because the specified instance or option is not correct
33239 *Verdi* ERROR: Syntax - fsdbDumpvars [depth] [instance] [option]*
33240 sps_tcl_fsdbDumpflush_vd_main at 0 : N/A(0)
33241 *Verdi* : Flush all FSDB Files at 0 ps.
33242 sps_tcl_fsdbDumpvars_vd_main
33243 argv[0]: 0
33244 argv[1]: simulator.DCRFLI.RF_GEN[3].RF.CORE.CORDIC_GEN[0].CORDIC.c[7]
33245 argv[2]: +all
33246 argv[3]: +trace_process
33247 *Verdi* ERROR: The #2 argument "simulator.DCRFLI.RF_GEN[3].RF.CORE.CORDIC_GEN[0].CORDIC.c[7]" is invalid
33248 *Verdi* ERROR: Failed to dump because the specified instance or option is not correct
33249 *Verdi* ERROR: Syntax - fsdbDumpvars [depth] [instance] [option]*
33250 sps_tcl_fsdbDumpflush_vd_main at 0 : N/A(0)
33251 *Verdi* : Flush all FSDB Files at 0 ps.
33252 sps_tcl_fsdbDumpvars_vd_main
33253 argv[0]: 0
33254 argv[1]: simulator.DCRFLI.RF_GEN[3].RF.CORE.CORDIC_GEN[1].CORDIC.c[7]
33255 argv[2]: +all
33256 argv[3]: +trace_process
33257 *Verdi* ERROR: The #2 argument "simulator.DCRFLI.RF_GEN[3].RF.CORE.CORDIC_GEN[1].CORDIC.c[7]" is invalid
33258 *Verdi* ERROR: Failed to dump because the specified instance or option is not correct
33259 *Verdi* ERROR: Syntax - fsdbDumpvars [depth] [instance] [option]*
33260 sps_tcl_fsdbDumpflush_vd_main at 0 : N/A(0)
33261 *Verdi* : Flush all FSDB Files at 0 ps.
33262 sps_tcl_fsdbDumpvars_vd_main
33263 argv[0]: 0
33264 argv[1]: simulator.DCRFLI.RF_GEN[3].RF.CORE.CORDIC_GEN[2].CORDIC.c[7]
33265 argv[2]: +all
33266 argv[3]: +trace_process
33267 *Verdi* ERROR: The #2 argument "simulator.DCRFLI.RF_GEN[3].RF.CORE.CORDIC_GEN[2].CORDIC.c[7]" is invalid
33268 *Verdi* ERROR: Failed to dump because the specified instance or option is not correct
33269 *Verdi* ERROR: Syntax - fsdbDumpvars [depth] [instance] [option]*
33270 sps_tcl_fsdbDumpflush_vd_main at 0 : N/A(0)
33271 *Verdi* : Flush all FSDB Files at 0 ps.
33272 sps_tcl_fsdbDumpvars_vd_main
33273 argv[0]: 0
33274 argv[1]: simulator.DCRFLI.RF_GEN[3].RF.CORE.CORDIC_GEN[3].CORDIC.c[7]
33275 argv[2]: +all
33276 argv[3]: +trace_process
33277 *Verdi* ERROR: The #2 argument "simulator.DCRFLI.RF_GEN[3].RF.CORE.CORDIC_GEN[3].CORDIC.c[7]" is invalid
33278 *Verdi* ERROR: Failed to dump because the specified instance or option is not correct
33279 *Verdi* ERROR: Syntax - fsdbDumpvars [depth] [instance] [option]*
33280 sps_tcl_fsdbDumpflush_vd_main at 0 : N/A(0)
33281 *Verdi* : Flush all FSDB Files at 0 ps.
33282 sps_tcl_fsdbDumpvars_vd_main
33283 argv[0]: 0
33284 argv[1]: simulator.DCRFLI.RF_GEN[3].RF.CORE.CORDIC_GEN[4].CORDIC.c[7]
33285 argv[2]: +all
33286 argv[3]: +trace_process
33287 *Verdi* ERROR: The #2 argument "simulator.DCRFLI.RF_GEN[3].RF.CORE.CORDIC_GEN[4].CORDIC.c[7]" is invalid
33288 *Verdi* ERROR: Failed to dump because the specified instance or option is not correct
33289 *Verdi* ERROR: Syntax - fsdbDumpvars [depth] [instance] [option]*
33290 sps_tcl_fsdbDumpflush_vd_main at 0 : N/A(0)
33291 *Verdi* : Flush all FSDB Files at 0 ps.
33292 sps_tcl_fsdbDumpvars_vd_main
33293 argv[0]: 0
33294 argv[1]: simulator.DCRFLI.RF_GEN[3].RF.CORE.CORDIC_GEN[5].CORDIC.c[7]
33295 argv[2]: +all
33296 argv[3]: +trace_process
33297 *Verdi* ERROR: The #2 argument "simulator.DCRFLI.RF_GEN[3].RF.CORE.CORDIC_GEN[5].CORDIC.c[7]" is invalid
33298 *Verdi* ERROR: Failed to dump because the specified instance or option is not correct
33299 *Verdi* ERROR: Syntax - fsdbDumpvars [depth] [instance] [option]*
33300 sps_tcl_fsdbDumpflush_vd_main at 0 : N/A(0)
33301 *Verdi* : Flush all FSDB Files at 0 ps.
33302 sps_tcl_fsdbDumpvars_vd_main
33303 argv[0]: 0
33304 argv[1]: simulator.DCRFLI.RF_GEN[3].RF.CORE.CORDIC_GEN[6].CORDIC.c[7]
33305 argv[2]: +all
33306 argv[3]: +trace_process
33307 *Verdi* ERROR: The #2 argument "simulator.DCRFLI.RF_GEN[3].RF.CORE.CORDIC_GEN[6].CORDIC.c[7]" is invalid
33308 *Verdi* ERROR: Failed to dump because the specified instance or option is not correct
33309 *Verdi* ERROR: Syntax - fsdbDumpvars [depth] [instance] [option]*
33310 sps_tcl_fsdbDumpflush_vd_main at 0 : N/A(0)
33311 *Verdi* : Flush all FSDB Files at 0 ps.
33312 sps_tcl_fsdbDumpvars_vd_main
33313 argv[0]: 0
33314 argv[1]: simulator.DCRFLI.RF_GEN[3].RF.CORE.CORDIC_GEN[7].CORDIC.c[7]
33315 argv[2]: +all
33316 argv[3]: +trace_process
33317 *Verdi* ERROR: The #2 argument "simulator.DCRFLI.RF_GEN[3].RF.CORE.CORDIC_GEN[7].CORDIC.c[7]" is invalid
33318 *Verdi* ERROR: Failed to dump because the specified instance or option is not correct
33319 *Verdi* ERROR: Syntax - fsdbDumpvars [depth] [instance] [option]*
33320 sps_tcl_fsdbDumpflush_vd_main at 0 : N/A(0)
33321 *Verdi* : Flush all FSDB Files at 0 ps.
33322 sps_tcl_fsdbDumpvars_vd_main
33323 argv[0]: 0
33324 argv[1]: simulator.DCRFLI.RF_GEN[3].RF.CORE.CORDIC_GEN[0].CORDIC.c[6]
33325 argv[2]: +all
33326 argv[3]: +trace_process
33327 *Verdi* ERROR: The #2 argument "simulator.DCRFLI.RF_GEN[3].RF.CORE.CORDIC_GEN[0].CORDIC.c[6]" is invalid
33328 *Verdi* ERROR: Failed to dump because the specified instance or option is not correct
33329 *Verdi* ERROR: Syntax - fsdbDumpvars [depth] [instance] [option]*
33330 sps_tcl_fsdbDumpflush_vd_main at 0 : N/A(0)
33331 *Verdi* : Flush all FSDB Files at 0 ps.
33332 sps_tcl_fsdbDumpvars_vd_main
33333 argv[0]: 0
33334 argv[1]: simulator.DCRFLI.RF_GEN[3].RF.CORE.CORDIC_GEN[1].CORDIC.c[6]
33335 argv[2]: +all
33336 argv[3]: +trace_process
33337 *Verdi* ERROR: The #2 argument "simulator.DCRFLI.RF_GEN[3].RF.CORE.CORDIC_GEN[1].CORDIC.c[6]" is invalid
33338 *Verdi* ERROR: Failed to dump because the specified instance or option is not correct
33339 *Verdi* ERROR: Syntax - fsdbDumpvars [depth] [instance] [option]*
33340 sps_tcl_fsdbDumpflush_vd_main at 0 : N/A(0)
33341 *Verdi* : Flush all FSDB Files at 0 ps.
33342 sps_tcl_fsdbDumpvars_vd_main
33343 argv[0]: 0
33344 argv[1]: simulator.DCRFLI.RF_GEN[3].RF.CORE.CORDIC_GEN[2].CORDIC.c[6]
33345 argv[2]: +all
33346 argv[3]: +trace_process
33347 *Verdi* ERROR: The #2 argument "simulator.DCRFLI.RF_GEN[3].RF.CORE.CORDIC_GEN[2].CORDIC.c[6]" is invalid
33348 *Verdi* ERROR: Failed to dump because the specified instance or option is not correct
33349 *Verdi* ERROR: Syntax - fsdbDumpvars [depth] [instance] [option]*
33350 sps_tcl_fsdbDumpflush_vd_main at 0 : N/A(0)
33351 *Verdi* : Flush all FSDB Files at 0 ps.
33352 sps_tcl_fsdbDumpvars_vd_main
33353 argv[0]: 0
33354 argv[1]: simulator.DCRFLI.RF_GEN[3].RF.CORE.CORDIC_GEN[3].CORDIC.c[6]
33355 argv[2]: +all
33356 argv[3]: +trace_process
33357 *Verdi* ERROR: The #2 argument "simulator.DCRFLI.RF_GEN[3].RF.CORE.CORDIC_GEN[3].CORDIC.c[6]" is invalid
33358 *Verdi* ERROR: Failed to dump because the specified instance or option is not correct
33359 *Verdi* ERROR: Syntax - fsdbDumpvars [depth] [instance] [option]*
33360 sps_tcl_fsdbDumpflush_vd_main at 0 : N/A(0)
33361 *Verdi* : Flush all FSDB Files at 0 ps.
33362 sps_tcl_fsdbDumpvars_vd_main
33363 argv[0]: 0
33364 argv[1]: simulator.DCRFLI.RF_GEN[3].RF.CORE.CORDIC_GEN[4].CORDIC.c[6]
33365 argv[2]: +all
33366 argv[3]: +trace_process
33367 *Verdi* ERROR: The #2 argument "simulator.DCRFLI.RF_GEN[3].RF.CORE.CORDIC_GEN[4].CORDIC.c[6]" is invalid
33368 *Verdi* ERROR: Failed to dump because the specified instance or option is not correct
33369 *Verdi* ERROR: Syntax - fsdbDumpvars [depth] [instance] [option]*
33370 sps_tcl_fsdbDumpflush_vd_main at 0 : N/A(0)
33371 *Verdi* : Flush all FSDB Files at 0 ps.
33372 sps_tcl_fsdbDumpvars_vd_main
33373 argv[0]: 0
33374 argv[1]: simulator.DCRFLI.RF_GEN[3].RF.CORE.CORDIC_GEN[5].CORDIC.c[6]
33375 argv[2]: +all
33376 argv[3]: +trace_process
33377 *Verdi* ERROR: The #2 argument "simulator.DCRFLI.RF_GEN[3].RF.CORE.CORDIC_GEN[5].CORDIC.c[6]" is invalid
33378 *Verdi* ERROR: Failed to dump because the specified instance or option is not correct
33379 *Verdi* ERROR: Syntax - fsdbDumpvars [depth] [instance] [option]*
33380 sps_tcl_fsdbDumpflush_vd_main at 0 : N/A(0)
33381 *Verdi* : Flush all FSDB Files at 0 ps.
33382 sps_tcl_fsdbDumpvars_vd_main
33383 argv[0]: 0
33384 argv[1]: simulator.DCRFLI.RF_GEN[3].RF.CORE.CORDIC_GEN[6].CORDIC.c[6]
33385 argv[2]: +all
33386 argv[3]: +trace_process
33387 *Verdi* ERROR: The #2 argument "simulator.DCRFLI.RF_GEN[3].RF.CORE.CORDIC_GEN[6].CORDIC.c[6]" is invalid
33388 *Verdi* ERROR: Failed to dump because the specified instance or option is not correct
33389 *Verdi* ERROR: Syntax - fsdbDumpvars [depth] [instance] [option]*
33390 sps_tcl_fsdbDumpflush_vd_main at 0 : N/A(0)
33391 *Verdi* : Flush all FSDB Files at 0 ps.
33392 sps_tcl_fsdbDumpvars_vd_main
33393 argv[0]: 0
33394 argv[1]: simulator.DCRFLI.RF_GEN[3].RF.CORE.CORDIC_GEN[7].CORDIC.c[6]
33395 argv[2]: +all
33396 argv[3]: +trace_process
33397 *Verdi* ERROR: The #2 argument "simulator.DCRFLI.RF_GEN[3].RF.CORE.CORDIC_GEN[7].CORDIC.c[6]" is invalid
33398 *Verdi* ERROR: Failed to dump because the specified instance or option is not correct
33399 *Verdi* ERROR: Syntax - fsdbDumpvars [depth] [instance] [option]*
33400 sps_tcl_fsdbDumpflush_vd_main at 0 : N/A(0)
33401 *Verdi* : Flush all FSDB Files at 0 ps.
33402 sps_tcl_fsdbDumpvars_vd_main
33403 argv[0]: 0
33404 argv[1]: simulator.DCRFLI.RF_GEN[3].RF.CORE.CORDIC_GEN[0].CORDIC.c[5]
33405 argv[2]: +all
33406 argv[3]: +trace_process
33407 *Verdi* ERROR: The #2 argument "simulator.DCRFLI.RF_GEN[3].RF.CORE.CORDIC_GEN[0].CORDIC.c[5]" is invalid
33408 *Verdi* ERROR: Failed to dump because the specified instance or option is not correct
33409 *Verdi* ERROR: Syntax - fsdbDumpvars [depth] [instance] [option]*
33410 sps_tcl_fsdbDumpflush_vd_main at 0 : N/A(0)
33411 *Verdi* : Flush all FSDB Files at 0 ps.
33412 sps_tcl_fsdbDumpvars_vd_main
33413 argv[0]: 0
33414 argv[1]: simulator.DCRFLI.RF_GEN[3].RF.CORE.CORDIC_GEN[1].CORDIC.c[5]
33415 argv[2]: +all
33416 argv[3]: +trace_process
33417 *Verdi* ERROR: The #2 argument "simulator.DCRFLI.RF_GEN[3].RF.CORE.CORDIC_GEN[1].CORDIC.c[5]" is invalid
33418 *Verdi* ERROR: Failed to dump because the specified instance or option is not correct
33419 *Verdi* ERROR: Syntax - fsdbDumpvars [depth] [instance] [option]*
33420 sps_tcl_fsdbDumpflush_vd_main at 0 : N/A(0)
33421 *Verdi* : Flush all FSDB Files at 0 ps.
33422 sps_tcl_fsdbDumpvars_vd_main
33423 argv[0]: 0
33424 argv[1]: simulator.DCRFLI.RF_GEN[3].RF.CORE.CORDIC_GEN[2].CORDIC.c[5]
33425 argv[2]: +all
33426 argv[3]: +trace_process
33427 *Verdi* ERROR: The #2 argument "simulator.DCRFLI.RF_GEN[3].RF.CORE.CORDIC_GEN[2].CORDIC.c[5]" is invalid
33428 *Verdi* ERROR: Failed to dump because the specified instance or option is not correct
33429 *Verdi* ERROR: Syntax - fsdbDumpvars [depth] [instance] [option]*
33430 sps_tcl_fsdbDumpflush_vd_main at 0 : N/A(0)
33431 *Verdi* : Flush all FSDB Files at 0 ps.
33432 sps_tcl_fsdbDumpvars_vd_main
33433 argv[0]: 0
33434 argv[1]: simulator.DCRFLI.RF_GEN[3].RF.CORE.CORDIC_GEN[3].CORDIC.c[5]
33435 argv[2]: +all
33436 argv[3]: +trace_process
33437 *Verdi* ERROR: The #2 argument "simulator.DCRFLI.RF_GEN[3].RF.CORE.CORDIC_GEN[3].CORDIC.c[5]" is invalid
33438 *Verdi* ERROR: Failed to dump because the specified instance or option is not correct
33439 *Verdi* ERROR: Syntax - fsdbDumpvars [depth] [instance] [option]*
33440 sps_tcl_fsdbDumpflush_vd_main at 0 : N/A(0)
33441 *Verdi* : Flush all FSDB Files at 0 ps.
33442 sps_tcl_fsdbDumpvars_vd_main
33443 argv[0]: 0
33444 argv[1]: simulator.DCRFLI.RF_GEN[3].RF.CORE.CORDIC_GEN[4].CORDIC.c[5]
33445 argv[2]: +all
33446 argv[3]: +trace_process
33447 *Verdi* ERROR: The #2 argument "simulator.DCRFLI.RF_GEN[3].RF.CORE.CORDIC_GEN[4].CORDIC.c[5]" is invalid
33448 *Verdi* ERROR: Failed to dump because the specified instance or option is not correct
33449 *Verdi* ERROR: Syntax - fsdbDumpvars [depth] [instance] [option]*
33450 sps_tcl_fsdbDumpflush_vd_main at 0 : N/A(0)
33451 *Verdi* : Flush all FSDB Files at 0 ps.
33452 sps_tcl_fsdbDumpvars_vd_main
33453 argv[0]: 0
33454 argv[1]: simulator.DCRFLI.RF_GEN[3].RF.CORE.CORDIC_GEN[5].CORDIC.c[5]
33455 argv[2]: +all
33456 argv[3]: +trace_process
33457 *Verdi* ERROR: The #2 argument "simulator.DCRFLI.RF_GEN[3].RF.CORE.CORDIC_GEN[5].CORDIC.c[5]" is invalid
33458 *Verdi* ERROR: Failed to dump because the specified instance or option is not correct
33459 *Verdi* ERROR: Syntax - fsdbDumpvars [depth] [instance] [option]*
33460 sps_tcl_fsdbDumpflush_vd_main at 0 : N/A(0)
33461 *Verdi* : Flush all FSDB Files at 0 ps.
33462 sps_tcl_fsdbDumpvars_vd_main
33463 argv[0]: 0
33464 argv[1]: simulator.DCRFLI.RF_GEN[3].RF.CORE.CORDIC_GEN[6].CORDIC.c[5]
33465 argv[2]: +all
33466 argv[3]: +trace_process
33467 *Verdi* ERROR: The #2 argument "simulator.DCRFLI.RF_GEN[3].RF.CORE.CORDIC_GEN[6].CORDIC.c[5]" is invalid
33468 *Verdi* ERROR: Failed to dump because the specified instance or option is not correct
33469 *Verdi* ERROR: Syntax - fsdbDumpvars [depth] [instance] [option]*
33470 sps_tcl_fsdbDumpflush_vd_main at 0 : N/A(0)
33471 *Verdi* : Flush all FSDB Files at 0 ps.
33472 sps_tcl_fsdbDumpvars_vd_main
33473 argv[0]: 0
33474 argv[1]: simulator.DCRFLI.RF_GEN[3].RF.CORE.CORDIC_GEN[7].CORDIC.c[5]
33475 argv[2]: +all
33476 argv[3]: +trace_process
33477 *Verdi* ERROR: The #2 argument "simulator.DCRFLI.RF_GEN[3].RF.CORE.CORDIC_GEN[7].CORDIC.c[5]" is invalid
33478 *Verdi* ERROR: Failed to dump because the specified instance or option is not correct
33479 *Verdi* ERROR: Syntax - fsdbDumpvars [depth] [instance] [option]*
33480 sps_tcl_fsdbDumpflush_vd_main at 0 : N/A(0)
33481 *Verdi* : Flush all FSDB Files at 0 ps.
33482 sps_tcl_fsdbDumpvars_vd_main
33483 argv[0]: 0
33484 argv[1]: simulator.DCRFLI.RF_GEN[3].RF.CORE.CORDIC_GEN[0].CORDIC.c[4]
33485 argv[2]: +all
33486 argv[3]: +trace_process
33487 *Verdi* ERROR: The #2 argument "simulator.DCRFLI.RF_GEN[3].RF.CORE.CORDIC_GEN[0].CORDIC.c[4]" is invalid
33488 *Verdi* ERROR: Failed to dump because the specified instance or option is not correct
33489 *Verdi* ERROR: Syntax - fsdbDumpvars [depth] [instance] [option]*
33490 sps_tcl_fsdbDumpflush_vd_main at 0 : N/A(0)
33491 *Verdi* : Flush all FSDB Files at 0 ps.
33492 sps_tcl_fsdbDumpvars_vd_main
33493 argv[0]: 0
33494 argv[1]: simulator.DCRFLI.RF_GEN[3].RF.CORE.CORDIC_GEN[1].CORDIC.c[4]
33495 argv[2]: +all
33496 argv[3]: +trace_process
33497 *Verdi* ERROR: The #2 argument "simulator.DCRFLI.RF_GEN[3].RF.CORE.CORDIC_GEN[1].CORDIC.c[4]" is invalid
33498 *Verdi* ERROR: Failed to dump because the specified instance or option is not correct
33499 *Verdi* ERROR: Syntax - fsdbDumpvars [depth] [instance] [option]*
33500 sps_tcl_fsdbDumpflush_vd_main at 0 : N/A(0)
33501 *Verdi* : Flush all FSDB Files at 0 ps.
33502 sps_tcl_fsdbDumpvars_vd_main
33503 argv[0]: 0
33504 argv[1]: simulator.DCRFLI.RF_GEN[3].RF.CORE.CORDIC_GEN[2].CORDIC.c[4]
33505 argv[2]: +all
33506 argv[3]: +trace_process
33507 *Verdi* ERROR: The #2 argument "simulator.DCRFLI.RF_GEN[3].RF.CORE.CORDIC_GEN[2].CORDIC.c[4]" is invalid
33508 *Verdi* ERROR: Failed to dump because the specified instance or option is not correct
33509 *Verdi* ERROR: Syntax - fsdbDumpvars [depth] [instance] [option]*
33510 sps_tcl_fsdbDumpflush_vd_main at 0 : N/A(0)
33511 *Verdi* : Flush all FSDB Files at 0 ps.
33512 sps_tcl_fsdbDumpvars_vd_main
33513 argv[0]: 0
33514 argv[1]: simulator.DCRFLI.RF_GEN[3].RF.CORE.CORDIC_GEN[3].CORDIC.c[4]
33515 argv[2]: +all
33516 argv[3]: +trace_process
33517 *Verdi* ERROR: The #2 argument "simulator.DCRFLI.RF_GEN[3].RF.CORE.CORDIC_GEN[3].CORDIC.c[4]" is invalid
33518 *Verdi* ERROR: Failed to dump because the specified instance or option is not correct
33519 *Verdi* ERROR: Syntax - fsdbDumpvars [depth] [instance] [option]*
33520 sps_tcl_fsdbDumpflush_vd_main at 0 : N/A(0)
33521 *Verdi* : Flush all FSDB Files at 0 ps.
33522 sps_tcl_fsdbDumpvars_vd_main
33523 argv[0]: 0
33524 argv[1]: simulator.DCRFLI.RF_GEN[3].RF.CORE.CORDIC_GEN[4].CORDIC.c[4]
33525 argv[2]: +all
33526 argv[3]: +trace_process
33527 *Verdi* ERROR: The #2 argument "simulator.DCRFLI.RF_GEN[3].RF.CORE.CORDIC_GEN[4].CORDIC.c[4]" is invalid
33528 *Verdi* ERROR: Failed to dump because the specified instance or option is not correct
33529 *Verdi* ERROR: Syntax - fsdbDumpvars [depth] [instance] [option]*
33530 sps_tcl_fsdbDumpflush_vd_main at 0 : N/A(0)
33531 *Verdi* : Flush all FSDB Files at 0 ps.
33532 sps_tcl_fsdbDumpvars_vd_main
33533 argv[0]: 0
33534 argv[1]: simulator.DCRFLI.RF_GEN[3].RF.CORE.CORDIC_GEN[5].CORDIC.c[4]
33535 argv[2]: +all
33536 argv[3]: +trace_process
33537 *Verdi* ERROR: The #2 argument "simulator.DCRFLI.RF_GEN[3].RF.CORE.CORDIC_GEN[5].CORDIC.c[4]" is invalid
33538 *Verdi* ERROR: Failed to dump because the specified instance or option is not correct
33539 *Verdi* ERROR: Syntax - fsdbDumpvars [depth] [instance] [option]*
33540 sps_tcl_fsdbDumpflush_vd_main at 0 : N/A(0)
33541 *Verdi* : Flush all FSDB Files at 0 ps.
33542 sps_tcl_fsdbDumpvars_vd_main
33543 argv[0]: 0
33544 argv[1]: simulator.DCRFLI.RF_GEN[3].RF.CORE.CORDIC_GEN[6].CORDIC.c[4]
33545 argv[2]: +all
33546 argv[3]: +trace_process
33547 *Verdi* ERROR: The #2 argument "simulator.DCRFLI.RF_GEN[3].RF.CORE.CORDIC_GEN[6].CORDIC.c[4]" is invalid
33548 *Verdi* ERROR: Failed to dump because the specified instance or option is not correct
33549 *Verdi* ERROR: Syntax - fsdbDumpvars [depth] [instance] [option]*
33550 sps_tcl_fsdbDumpflush_vd_main at 0 : N/A(0)
33551 *Verdi* : Flush all FSDB Files at 0 ps.
33552 sps_tcl_fsdbDumpvars_vd_main
33553 argv[0]: 0
33554 argv[1]: simulator.DCRFLI.RF_GEN[3].RF.CORE.CORDIC_GEN[7].CORDIC.c[4]
33555 argv[2]: +all
33556 argv[3]: +trace_process
33557 *Verdi* ERROR: The #2 argument "simulator.DCRFLI.RF_GEN[3].RF.CORE.CORDIC_GEN[7].CORDIC.c[4]" is invalid
33558 *Verdi* ERROR: Failed to dump because the specified instance or option is not correct
33559 *Verdi* ERROR: Syntax - fsdbDumpvars [depth] [instance] [option]*
33560 sps_tcl_fsdbDumpflush_vd_main at 0 : N/A(0)
33561 *Verdi* : Flush all FSDB Files at 0 ps.
33562 sps_tcl_fsdbDumpvars_vd_main
33563 argv[0]: 0
33564 argv[1]: simulator.DCRFLI.RF_GEN[3].RF.CORE.CORDIC_GEN[0].CORDIC.c[3]
33565 argv[2]: +all
33566 argv[3]: +trace_process
33567 *Verdi* ERROR: The #2 argument "simulator.DCRFLI.RF_GEN[3].RF.CORE.CORDIC_GEN[0].CORDIC.c[3]" is invalid
33568 *Verdi* ERROR: Failed to dump because the specified instance or option is not correct
33569 *Verdi* ERROR: Syntax - fsdbDumpvars [depth] [instance] [option]*
33570 sps_tcl_fsdbDumpflush_vd_main at 0 : N/A(0)
33571 *Verdi* : Flush all FSDB Files at 0 ps.
33572 sps_tcl_fsdbDumpvars_vd_main
33573 argv[0]: 0
33574 argv[1]: simulator.DCRFLI.RF_GEN[3].RF.CORE.CORDIC_GEN[1].CORDIC.c[3]
33575 argv[2]: +all
33576 argv[3]: +trace_process
33577 *Verdi* ERROR: The #2 argument "simulator.DCRFLI.RF_GEN[3].RF.CORE.CORDIC_GEN[1].CORDIC.c[3]" is invalid
33578 *Verdi* ERROR: Failed to dump because the specified instance or option is not correct
33579 *Verdi* ERROR: Syntax - fsdbDumpvars [depth] [instance] [option]*
33580 sps_tcl_fsdbDumpflush_vd_main at 0 : N/A(0)
33581 *Verdi* : Flush all FSDB Files at 0 ps.
33582 sps_tcl_fsdbDumpvars_vd_main
33583 argv[0]: 0
33584 argv[1]: simulator.DCRFLI.RF_GEN[3].RF.CORE.CORDIC_GEN[2].CORDIC.c[3]
33585 argv[2]: +all
33586 argv[3]: +trace_process
33587 *Verdi* ERROR: The #2 argument "simulator.DCRFLI.RF_GEN[3].RF.CORE.CORDIC_GEN[2].CORDIC.c[3]" is invalid
33588 *Verdi* ERROR: Failed to dump because the specified instance or option is not correct
33589 *Verdi* ERROR: Syntax - fsdbDumpvars [depth] [instance] [option]*
33590 sps_tcl_fsdbDumpflush_vd_main at 0 : N/A(0)
33591 *Verdi* : Flush all FSDB Files at 0 ps.
33592 sps_tcl_fsdbDumpvars_vd_main
33593 argv[0]: 0
33594 argv[1]: simulator.DCRFLI.RF_GEN[3].RF.CORE.CORDIC_GEN[3].CORDIC.c[3]
33595 argv[2]: +all
33596 argv[3]: +trace_process
33597 *Verdi* ERROR: The #2 argument "simulator.DCRFLI.RF_GEN[3].RF.CORE.CORDIC_GEN[3].CORDIC.c[3]" is invalid
33598 *Verdi* ERROR: Failed to dump because the specified instance or option is not correct
33599 *Verdi* ERROR: Syntax - fsdbDumpvars [depth] [instance] [option]*
33600 sps_tcl_fsdbDumpflush_vd_main at 0 : N/A(0)
33601 *Verdi* : Flush all FSDB Files at 0 ps.
33602 sps_tcl_fsdbDumpvars_vd_main
33603 argv[0]: 0
33604 argv[1]: simulator.DCRFLI.RF_GEN[3].RF.CORE.CORDIC_GEN[4].CORDIC.c[3]
33605 argv[2]: +all
33606 argv[3]: +trace_process
33607 *Verdi* ERROR: The #2 argument "simulator.DCRFLI.RF_GEN[3].RF.CORE.CORDIC_GEN[4].CORDIC.c[3]" is invalid
33608 *Verdi* ERROR: Failed to dump because the specified instance or option is not correct
33609 *Verdi* ERROR: Syntax - fsdbDumpvars [depth] [instance] [option]*
33610 sps_tcl_fsdbDumpflush_vd_main at 0 : N/A(0)
33611 *Verdi* : Flush all FSDB Files at 0 ps.
33612 sps_tcl_fsdbDumpvars_vd_main
33613 argv[0]: 0
33614 argv[1]: simulator.DCRFLI.RF_GEN[3].RF.CORE.CORDIC_GEN[5].CORDIC.c[3]
33615 argv[2]: +all
33616 argv[3]: +trace_process
33617 *Verdi* ERROR: The #2 argument "simulator.DCRFLI.RF_GEN[3].RF.CORE.CORDIC_GEN[5].CORDIC.c[3]" is invalid
33618 *Verdi* ERROR: Failed to dump because the specified instance or option is not correct
33619 *Verdi* ERROR: Syntax - fsdbDumpvars [depth] [instance] [option]*
33620 sps_tcl_fsdbDumpflush_vd_main at 0 : N/A(0)
33621 *Verdi* : Flush all FSDB Files at 0 ps.
33622 sps_tcl_fsdbDumpvars_vd_main
33623 argv[0]: 0
33624 argv[1]: simulator.DCRFLI.RF_GEN[3].RF.CORE.CORDIC_GEN[6].CORDIC.c[3]
33625 argv[2]: +all
33626 argv[3]: +trace_process
33627 *Verdi* ERROR: The #2 argument "simulator.DCRFLI.RF_GEN[3].RF.CORE.CORDIC_GEN[6].CORDIC.c[3]" is invalid
33628 *Verdi* ERROR: Failed to dump because the specified instance or option is not correct
33629 *Verdi* ERROR: Syntax - fsdbDumpvars [depth] [instance] [option]*
33630 sps_tcl_fsdbDumpflush_vd_main at 0 : N/A(0)
33631 *Verdi* : Flush all FSDB Files at 0 ps.
33632 sps_tcl_fsdbDumpvars_vd_main
33633 argv[0]: 0
33634 argv[1]: simulator.DCRFLI.RF_GEN[3].RF.CORE.CORDIC_GEN[7].CORDIC.c[3]
33635 argv[2]: +all
33636 argv[3]: +trace_process
33637 *Verdi* ERROR: The #2 argument "simulator.DCRFLI.RF_GEN[3].RF.CORE.CORDIC_GEN[7].CORDIC.c[3]" is invalid
33638 *Verdi* ERROR: Failed to dump because the specified instance or option is not correct
33639 *Verdi* ERROR: Syntax - fsdbDumpvars [depth] [instance] [option]*
33640 sps_tcl_fsdbDumpflush_vd_main at 0 : N/A(0)
33641 *Verdi* : Flush all FSDB Files at 0 ps.
33642 sps_tcl_fsdbDumpvars_vd_main
33643 argv[0]: 0
33644 argv[1]: simulator.DCRFLI.RF_GEN[3].RF.CORE.CORDIC_GEN[0].CORDIC.c[2]
33645 argv[2]: +all
33646 argv[3]: +trace_process
33647 *Verdi* ERROR: The #2 argument "simulator.DCRFLI.RF_GEN[3].RF.CORE.CORDIC_GEN[0].CORDIC.c[2]" is invalid
33648 *Verdi* ERROR: Failed to dump because the specified instance or option is not correct
33649 *Verdi* ERROR: Syntax - fsdbDumpvars [depth] [instance] [option]*
33650 sps_tcl_fsdbDumpflush_vd_main at 0 : N/A(0)
33651 *Verdi* : Flush all FSDB Files at 0 ps.
33652 sps_tcl_fsdbDumpvars_vd_main
33653 argv[0]: 0
33654 argv[1]: simulator.DCRFLI.RF_GEN[3].RF.CORE.CORDIC_GEN[1].CORDIC.c[2]
33655 argv[2]: +all
33656 argv[3]: +trace_process
33657 *Verdi* ERROR: The #2 argument "simulator.DCRFLI.RF_GEN[3].RF.CORE.CORDIC_GEN[1].CORDIC.c[2]" is invalid
33658 *Verdi* ERROR: Failed to dump because the specified instance or option is not correct
33659 *Verdi* ERROR: Syntax - fsdbDumpvars [depth] [instance] [option]*
33660 sps_tcl_fsdbDumpflush_vd_main at 0 : N/A(0)
33661 *Verdi* : Flush all FSDB Files at 0 ps.
33662 sps_tcl_fsdbDumpvars_vd_main
33663 argv[0]: 0
33664 argv[1]: simulator.DCRFLI.RF_GEN[3].RF.CORE.CORDIC_GEN[2].CORDIC.c[2]
33665 argv[2]: +all
33666 argv[3]: +trace_process
33667 *Verdi* ERROR: The #2 argument "simulator.DCRFLI.RF_GEN[3].RF.CORE.CORDIC_GEN[2].CORDIC.c[2]" is invalid
33668 *Verdi* ERROR: Failed to dump because the specified instance or option is not correct
33669 *Verdi* ERROR: Syntax - fsdbDumpvars [depth] [instance] [option]*
33670 sps_tcl_fsdbDumpflush_vd_main at 0 : N/A(0)
33671 *Verdi* : Flush all FSDB Files at 0 ps.
33672 sps_tcl_fsdbDumpvars_vd_main
33673 argv[0]: 0
33674 argv[1]: simulator.DCRFLI.RF_GEN[3].RF.CORE.CORDIC_GEN[3].CORDIC.c[2]
33675 argv[2]: +all
33676 argv[3]: +trace_process
33677 *Verdi* ERROR: The #2 argument "simulator.DCRFLI.RF_GEN[3].RF.CORE.CORDIC_GEN[3].CORDIC.c[2]" is invalid
33678 *Verdi* ERROR: Failed to dump because the specified instance or option is not correct
33679 *Verdi* ERROR: Syntax - fsdbDumpvars [depth] [instance] [option]*
33680 sps_tcl_fsdbDumpflush_vd_main at 0 : N/A(0)
33681 *Verdi* : Flush all FSDB Files at 0 ps.
33682 sps_tcl_fsdbDumpvars_vd_main
33683 argv[0]: 0
33684 argv[1]: simulator.DCRFLI.RF_GEN[3].RF.CORE.CORDIC_GEN[4].CORDIC.c[2]
33685 argv[2]: +all
33686 argv[3]: +trace_process
33687 *Verdi* ERROR: The #2 argument "simulator.DCRFLI.RF_GEN[3].RF.CORE.CORDIC_GEN[4].CORDIC.c[2]" is invalid
33688 *Verdi* ERROR: Failed to dump because the specified instance or option is not correct
33689 *Verdi* ERROR: Syntax - fsdbDumpvars [depth] [instance] [option]*
33690 sps_tcl_fsdbDumpflush_vd_main at 0 : N/A(0)
33691 *Verdi* : Flush all FSDB Files at 0 ps.
33692 sps_tcl_fsdbDumpvars_vd_main
33693 argv[0]: 0
33694 argv[1]: simulator.DCRFLI.RF_GEN[3].RF.CORE.CORDIC_GEN[5].CORDIC.c[2]
33695 argv[2]: +all
33696 argv[3]: +trace_process
33697 *Verdi* ERROR: The #2 argument "simulator.DCRFLI.RF_GEN[3].RF.CORE.CORDIC_GEN[5].CORDIC.c[2]" is invalid
33698 *Verdi* ERROR: Failed to dump because the specified instance or option is not correct
33699 *Verdi* ERROR: Syntax - fsdbDumpvars [depth] [instance] [option]*
33700 sps_tcl_fsdbDumpflush_vd_main at 0 : N/A(0)
33701 *Verdi* : Flush all FSDB Files at 0 ps.
33702 sps_tcl_fsdbDumpvars_vd_main
33703 argv[0]: 0
33704 argv[1]: simulator.DCRFLI.RF_GEN[3].RF.CORE.CORDIC_GEN[6].CORDIC.c[2]
33705 argv[2]: +all
33706 argv[3]: +trace_process
33707 *Verdi* ERROR: The #2 argument "simulator.DCRFLI.RF_GEN[3].RF.CORE.CORDIC_GEN[6].CORDIC.c[2]" is invalid
33708 *Verdi* ERROR: Failed to dump because the specified instance or option is not correct
33709 *Verdi* ERROR: Syntax - fsdbDumpvars [depth] [instance] [option]*
33710 sps_tcl_fsdbDumpflush_vd_main at 0 : N/A(0)
33711 *Verdi* : Flush all FSDB Files at 0 ps.
33712 sps_tcl_fsdbDumpvars_vd_main
33713 argv[0]: 0
33714 argv[1]: simulator.DCRFLI.RF_GEN[3].RF.CORE.CORDIC_GEN[7].CORDIC.c[2]
33715 argv[2]: +all
33716 argv[3]: +trace_process
33717 *Verdi* ERROR: The #2 argument "simulator.DCRFLI.RF_GEN[3].RF.CORE.CORDIC_GEN[7].CORDIC.c[2]" is invalid
33718 *Verdi* ERROR: Failed to dump because the specified instance or option is not correct
33719 *Verdi* ERROR: Syntax - fsdbDumpvars [depth] [instance] [option]*
33720 sps_tcl_fsdbDumpflush_vd_main at 0 : N/A(0)
33721 *Verdi* : Flush all FSDB Files at 0 ps.
33722 sps_tcl_fsdbDumpvars_vd_main
33723 argv[0]: 0
33724 argv[1]: simulator.DCRFLI.RF_GEN[3].RF.CORE.CORDIC_GEN[0].CORDIC.c[1]
33725 argv[2]: +all
33726 argv[3]: +trace_process
33727 *Verdi* ERROR: The #2 argument "simulator.DCRFLI.RF_GEN[3].RF.CORE.CORDIC_GEN[0].CORDIC.c[1]" is invalid
33728 *Verdi* ERROR: Failed to dump because the specified instance or option is not correct
33729 *Verdi* ERROR: Syntax - fsdbDumpvars [depth] [instance] [option]*
33730 sps_tcl_fsdbDumpflush_vd_main at 0 : N/A(0)
33731 *Verdi* : Flush all FSDB Files at 0 ps.
33732 sps_tcl_fsdbDumpvars_vd_main
33733 argv[0]: 0
33734 argv[1]: simulator.DCRFLI.RF_GEN[3].RF.CORE.CORDIC_GEN[1].CORDIC.c[1]
33735 argv[2]: +all
33736 argv[3]: +trace_process
33737 *Verdi* ERROR: The #2 argument "simulator.DCRFLI.RF_GEN[3].RF.CORE.CORDIC_GEN[1].CORDIC.c[1]" is invalid
33738 *Verdi* ERROR: Failed to dump because the specified instance or option is not correct
33739 *Verdi* ERROR: Syntax - fsdbDumpvars [depth] [instance] [option]*
33740 sps_tcl_fsdbDumpflush_vd_main at 0 : N/A(0)
33741 *Verdi* : Flush all FSDB Files at 0 ps.
33742 sps_tcl_fsdbDumpvars_vd_main
33743 argv[0]: 0
33744 argv[1]: simulator.DCRFLI.RF_GEN[3].RF.CORE.CORDIC_GEN[2].CORDIC.c[1]
33745 argv[2]: +all
33746 argv[3]: +trace_process
33747 *Verdi* ERROR: The #2 argument "simulator.DCRFLI.RF_GEN[3].RF.CORE.CORDIC_GEN[2].CORDIC.c[1]" is invalid
33748 *Verdi* ERROR: Failed to dump because the specified instance or option is not correct
33749 *Verdi* ERROR: Syntax - fsdbDumpvars [depth] [instance] [option]*
33750 sps_tcl_fsdbDumpflush_vd_main at 0 : N/A(0)
33751 *Verdi* : Flush all FSDB Files at 0 ps.
33752 sps_tcl_fsdbDumpvars_vd_main
33753 argv[0]: 0
33754 argv[1]: simulator.DCRFLI.RF_GEN[3].RF.CORE.CORDIC_GEN[3].CORDIC.c[1]
33755 argv[2]: +all
33756 argv[3]: +trace_process
33757 *Verdi* ERROR: The #2 argument "simulator.DCRFLI.RF_GEN[3].RF.CORE.CORDIC_GEN[3].CORDIC.c[1]" is invalid
33758 *Verdi* ERROR: Failed to dump because the specified instance or option is not correct
33759 *Verdi* ERROR: Syntax - fsdbDumpvars [depth] [instance] [option]*
33760 sps_tcl_fsdbDumpflush_vd_main at 0 : N/A(0)
33761 *Verdi* : Flush all FSDB Files at 0 ps.
33762 sps_tcl_fsdbDumpvars_vd_main
33763 argv[0]: 0
33764 argv[1]: simulator.DCRFLI.RF_GEN[3].RF.CORE.CORDIC_GEN[4].CORDIC.c[1]
33765 argv[2]: +all
33766 argv[3]: +trace_process
33767 *Verdi* ERROR: The #2 argument "simulator.DCRFLI.RF_GEN[3].RF.CORE.CORDIC_GEN[4].CORDIC.c[1]" is invalid
33768 *Verdi* ERROR: Failed to dump because the specified instance or option is not correct
33769 *Verdi* ERROR: Syntax - fsdbDumpvars [depth] [instance] [option]*
33770 sps_tcl_fsdbDumpflush_vd_main at 0 : N/A(0)
33771 *Verdi* : Flush all FSDB Files at 0 ps.
33772 sps_tcl_fsdbDumpvars_vd_main
33773 argv[0]: 0
33774 argv[1]: simulator.DCRFLI.RF_GEN[3].RF.CORE.CORDIC_GEN[5].CORDIC.c[1]
33775 argv[2]: +all
33776 argv[3]: +trace_process
33777 *Verdi* ERROR: The #2 argument "simulator.DCRFLI.RF_GEN[3].RF.CORE.CORDIC_GEN[5].CORDIC.c[1]" is invalid
33778 *Verdi* ERROR: Failed to dump because the specified instance or option is not correct
33779 *Verdi* ERROR: Syntax - fsdbDumpvars [depth] [instance] [option]*
33780 sps_tcl_fsdbDumpflush_vd_main at 0 : N/A(0)
33781 *Verdi* : Flush all FSDB Files at 0 ps.
33782 sps_tcl_fsdbDumpvars_vd_main
33783 argv[0]: 0
33784 argv[1]: simulator.DCRFLI.RF_GEN[3].RF.CORE.CORDIC_GEN[6].CORDIC.c[1]
33785 argv[2]: +all
33786 argv[3]: +trace_process
33787 *Verdi* ERROR: The #2 argument "simulator.DCRFLI.RF_GEN[3].RF.CORE.CORDIC_GEN[6].CORDIC.c[1]" is invalid
33788 *Verdi* ERROR: Failed to dump because the specified instance or option is not correct
33789 *Verdi* ERROR: Syntax - fsdbDumpvars [depth] [instance] [option]*
33790 sps_tcl_fsdbDumpflush_vd_main at 0 : N/A(0)
33791 *Verdi* : Flush all FSDB Files at 0 ps.
33792 sps_tcl_fsdbDumpvars_vd_main
33793 argv[0]: 0
33794 argv[1]: simulator.DCRFLI.RF_GEN[3].RF.CORE.CORDIC_GEN[7].CORDIC.c[1]
33795 argv[2]: +all
33796 argv[3]: +trace_process
33797 *Verdi* ERROR: The #2 argument "simulator.DCRFLI.RF_GEN[3].RF.CORE.CORDIC_GEN[7].CORDIC.c[1]" is invalid
33798 *Verdi* ERROR: Failed to dump because the specified instance or option is not correct
33799 *Verdi* ERROR: Syntax - fsdbDumpvars [depth] [instance] [option]*
33800 sps_tcl_fsdbDumpflush_vd_main at 0 : N/A(0)
33801 *Verdi* : Flush all FSDB Files at 0 ps.
33802 sps_tcl_fsdbDumpvars_vd_main
33803 argv[0]: 0
33804 argv[1]: simulator.DCRFLI.RF_GEN[3].RF.CORE.CORDIC_GEN[0].CORDIC.c[0]
33805 argv[2]: +all
33806 argv[3]: +trace_process
33807 *Verdi* ERROR: The #2 argument "simulator.DCRFLI.RF_GEN[3].RF.CORE.CORDIC_GEN[0].CORDIC.c[0]" is invalid
33808 *Verdi* ERROR: Failed to dump because the specified instance or option is not correct
33809 *Verdi* ERROR: Syntax - fsdbDumpvars [depth] [instance] [option]*
33810 sps_tcl_fsdbDumpflush_vd_main at 0 : N/A(0)
33811 *Verdi* : Flush all FSDB Files at 0 ps.
33812 sps_tcl_fsdbDumpvars_vd_main
33813 argv[0]: 0
33814 argv[1]: simulator.DCRFLI.RF_GEN[3].RF.CORE.CORDIC_GEN[1].CORDIC.c[0]
33815 argv[2]: +all
33816 argv[3]: +trace_process
33817 *Verdi* ERROR: The #2 argument "simulator.DCRFLI.RF_GEN[3].RF.CORE.CORDIC_GEN[1].CORDIC.c[0]" is invalid
33818 *Verdi* ERROR: Failed to dump because the specified instance or option is not correct
33819 *Verdi* ERROR: Syntax - fsdbDumpvars [depth] [instance] [option]*
33820 sps_tcl_fsdbDumpflush_vd_main at 0 : N/A(0)
33821 *Verdi* : Flush all FSDB Files at 0 ps.
33822 sps_tcl_fsdbDumpvars_vd_main
33823 argv[0]: 0
33824 argv[1]: simulator.DCRFLI.RF_GEN[3].RF.CORE.CORDIC_GEN[2].CORDIC.c[0]
33825 argv[2]: +all
33826 argv[3]: +trace_process
33827 *Verdi* ERROR: The #2 argument "simulator.DCRFLI.RF_GEN[3].RF.CORE.CORDIC_GEN[2].CORDIC.c[0]" is invalid
33828 *Verdi* ERROR: Failed to dump because the specified instance or option is not correct
33829 *Verdi* ERROR: Syntax - fsdbDumpvars [depth] [instance] [option]*
33830 sps_tcl_fsdbDumpflush_vd_main at 0 : N/A(0)
33831 *Verdi* : Flush all FSDB Files at 0 ps.
33832 sps_tcl_fsdbDumpvars_vd_main
33833 argv[0]: 0
33834 argv[1]: simulator.DCRFLI.RF_GEN[3].RF.CORE.CORDIC_GEN[3].CORDIC.c[0]
33835 argv[2]: +all
33836 argv[3]: +trace_process
33837 *Verdi* ERROR: The #2 argument "simulator.DCRFLI.RF_GEN[3].RF.CORE.CORDIC_GEN[3].CORDIC.c[0]" is invalid
33838 *Verdi* ERROR: Failed to dump because the specified instance or option is not correct
33839 *Verdi* ERROR: Syntax - fsdbDumpvars [depth] [instance] [option]*
33840 sps_tcl_fsdbDumpflush_vd_main at 0 : N/A(0)
33841 *Verdi* : Flush all FSDB Files at 0 ps.
33842 sps_tcl_fsdbDumpvars_vd_main
33843 argv[0]: 0
33844 argv[1]: simulator.DCRFLI.RF_GEN[3].RF.CORE.CORDIC_GEN[4].CORDIC.c[0]
33845 argv[2]: +all
33846 argv[3]: +trace_process
33847 *Verdi* ERROR: The #2 argument "simulator.DCRFLI.RF_GEN[3].RF.CORE.CORDIC_GEN[4].CORDIC.c[0]" is invalid
33848 *Verdi* ERROR: Failed to dump because the specified instance or option is not correct
33849 *Verdi* ERROR: Syntax - fsdbDumpvars [depth] [instance] [option]*
33850 sps_tcl_fsdbDumpflush_vd_main at 0 : N/A(0)
33851 *Verdi* : Flush all FSDB Files at 0 ps.
33852 sps_tcl_fsdbDumpvars_vd_main
33853 argv[0]: 0
33854 argv[1]: simulator.DCRFLI.RF_GEN[3].RF.CORE.CORDIC_GEN[5].CORDIC.c[0]
33855 argv[2]: +all
33856 argv[3]: +trace_process
33857 *Verdi* ERROR: The #2 argument "simulator.DCRFLI.RF_GEN[3].RF.CORE.CORDIC_GEN[5].CORDIC.c[0]" is invalid
33858 *Verdi* ERROR: Failed to dump because the specified instance or option is not correct
33859 *Verdi* ERROR: Syntax - fsdbDumpvars [depth] [instance] [option]*
33860 sps_tcl_fsdbDumpflush_vd_main at 0 : N/A(0)
33861 *Verdi* : Flush all FSDB Files at 0 ps.
33862 sps_tcl_fsdbDumpvars_vd_main
33863 argv[0]: 0
33864 argv[1]: simulator.DCRFLI.RF_GEN[3].RF.CORE.CORDIC_GEN[6].CORDIC.c[0]
33865 argv[2]: +all
33866 argv[3]: +trace_process
33867 *Verdi* ERROR: The #2 argument "simulator.DCRFLI.RF_GEN[3].RF.CORE.CORDIC_GEN[6].CORDIC.c[0]" is invalid
33868 *Verdi* ERROR: Failed to dump because the specified instance or option is not correct
33869 *Verdi* ERROR: Syntax - fsdbDumpvars [depth] [instance] [option]*
33870 sps_tcl_fsdbDumpflush_vd_main at 0 : N/A(0)
33871 *Verdi* : Flush all FSDB Files at 0 ps.
33872 sps_tcl_fsdbDumpvars_vd_main
33873 argv[0]: 0
33874 argv[1]: simulator.DCRFLI.RF_GEN[3].RF.CORE.CORDIC_GEN[7].CORDIC.c[0]
33875 argv[2]: +all
33876 argv[3]: +trace_process
33877 *Verdi* ERROR: The #2 argument "simulator.DCRFLI.RF_GEN[3].RF.CORE.CORDIC_GEN[7].CORDIC.c[0]" is invalid
33878 *Verdi* ERROR: Failed to dump because the specified instance or option is not correct
33879 *Verdi* ERROR: Syntax - fsdbDumpvars [depth] [instance] [option]*
33880 sps_tcl_fsdbDumpflush_vd_main at 0 : N/A(0)
33881 *Verdi* : Flush all FSDB Files at 0 ps.
33882 sps_tcl_fsdbDumpvars_vd_main
33883 argv[0]: 0
33884 argv[1]: simulator.DCRFLI.RF_GEN[3].RF.CORE.i_clk
33885 argv[2]: +all
33886 argv[3]: +trace_process
33887 *Verdi* ERROR: The #2 argument "simulator.DCRFLI.RF_GEN[3].RF.CORE.i_clk" is invalid
33888 *Verdi* ERROR: Failed to dump because the specified instance or option is not correct
33889 *Verdi* ERROR: Syntax - fsdbDumpvars [depth] [instance] [option]*
33890 sps_tcl_fsdbDumpflush_vd_main at 0 : N/A(0)
33891 *Verdi* : Flush all FSDB Files at 0 ps.
33892 sps_tcl_fsdbDumpvars_vd_main
33893 argv[0]: 0
33894 argv[1]: simulator.DCRFLI.RF_GEN[3].RF.CORE.i_rst
33895 argv[2]: +all
33896 argv[3]: +trace_process
33897 *Verdi* ERROR: The #2 argument "simulator.DCRFLI.RF_GEN[3].RF.CORE.i_rst" is invalid
33898 *Verdi* ERROR: Failed to dump because the specified instance or option is not correct
33899 *Verdi* ERROR: Syntax - fsdbDumpvars [depth] [instance] [option]*
33900 sps_tcl_fsdbDumpflush_vd_main at 0 : N/A(0)
33901 *Verdi* : Flush all FSDB Files at 0 ps.
33902 sps_tcl_fsdbDumpvars_vd_main
33903 argv[0]: 0
33904 argv[1]: simulator.DCRFLI.RF_GEN[3].RF.CORE.w_stall
33905 argv[2]: +all
33906 argv[3]: +trace_process
33907 *Verdi* ERROR: The #2 argument "simulator.DCRFLI.RF_GEN[3].RF.CORE.w_stall" is invalid
33908 *Verdi* ERROR: Failed to dump because the specified instance or option is not correct
33909 *Verdi* ERROR: Syntax - fsdbDumpvars [depth] [instance] [option]*
33910 sps_tcl_fsdbDumpflush_vd_main at 0 : N/A(0)
33911 *Verdi* : Flush all FSDB Files at 0 ps.
33912 sps_tcl_fsdbDumpvars_vd_main
33913 argv[0]: 0
33914 argv[1]: simulator.DCRFLI.RF_GEN[3].RF.CORE.d
33915 argv[2]: +all
33916 argv[3]: +trace_process
33917 *Verdi* ERROR: The #2 argument "simulator.DCRFLI.RF_GEN[3].RF.CORE.d" is invalid
33918 *Verdi* ERROR: Failed to dump because the specified instance or option is not correct
33919 *Verdi* ERROR: Syntax - fsdbDumpvars [depth] [instance] [option]*
33920 sps_tcl_fsdbDumpflush_vd_main at 0 : N/A(0)
33921 *Verdi* : Flush all FSDB Files at 0 ps.
33922 sps_tcl_fsdbDumpvars_vd_main
33923 argv[0]: 0
33924 argv[1]: simulator.DCRFLI.RF_GEN[3].RF.CORE.i_empty
33925 argv[2]: +all
33926 argv[3]: +trace_process
33927 *Verdi* ERROR: The #2 argument "simulator.DCRFLI.RF_GEN[3].RF.CORE.i_empty" is invalid
33928 *Verdi* ERROR: Failed to dump because the specified instance or option is not correct
33929 *Verdi* ERROR: Syntax - fsdbDumpvars [depth] [instance] [option]*
33930 sps_tcl_fsdbDumpflush_vd_main at 0 : N/A(0)
33931 *Verdi* : Flush all FSDB Files at 0 ps.
33932 sps_tcl_fsdbDumpvars_vd_main
33933 argv[0]: 0
33934 argv[1]: simulator.DCRFLI.RF_GEN[3].RF.CORE.o_next
33935 argv[2]: +all
33936 argv[3]: +trace_process
33937 *Verdi* ERROR: The #2 argument "simulator.DCRFLI.RF_GEN[3].RF.CORE.o_next" is invalid
33938 *Verdi* ERROR: Failed to dump because the specified instance or option is not correct
33939 *Verdi* ERROR: Syntax - fsdbDumpvars [depth] [instance] [option]*
33940 sps_tcl_fsdbDumpflush_vd_main at 0 : N/A(0)
33941 *Verdi* : Flush all FSDB Files at 0 ps.
33942 sps_tcl_fsdbDumpvars_vd_main
33943 argv[0]: 0
33944 argv[1]: simulator.DCRFLI.RF_GEN[3].RF.CORE.i_addr[3:0]
33945 argv[2]: +all
33946 argv[3]: +trace_process
33947 *Verdi* ERROR: The #2 argument "simulator.DCRFLI.RF_GEN[3].RF.CORE.i_addr[3:0]" is invalid
33948 *Verdi* ERROR: Failed to dump because the specified instance or option is not correct
33949 *Verdi* ERROR: Syntax - fsdbDumpvars [depth] [instance] [option]*
33950 sps_tcl_fsdbDumpflush_vd_main at 0 : N/A(0)
33951 *Verdi* : Flush all FSDB Files at 0 ps.
33952 sps_tcl_fsdbDumpvars_vd_main
33953 argv[0]: 0
33954 argv[1]: simulator.DCRFLI.RF_GEN[3].RF.CORE.i_insn
33955 argv[2]: +all
33956 argv[3]: +trace_process
33957 *Verdi* ERROR: The #2 argument "simulator.DCRFLI.RF_GEN[3].RF.CORE.i_insn" is invalid
33958 *Verdi* ERROR: Failed to dump because the specified instance or option is not correct
33959 *Verdi* ERROR: Syntax - fsdbDumpvars [depth] [instance] [option]*
33960 sps_tcl_fsdbDumpflush_vd_main at 0 : N/A(0)
33961 *Verdi* : Flush all FSDB Files at 0 ps.
33962 sps_tcl_fsdbDumpvars_vd_main
33963 argv[0]: 0
33964 argv[1]: simulator.DCRFLI.RF_GEN[3].RF.CORE.o_insn_modified
33965 argv[2]: +all
33966 argv[3]: +trace_process
33967 *Verdi* ERROR: The #2 argument "simulator.DCRFLI.RF_GEN[3].RF.CORE.o_insn_modified" is invalid
33968 *Verdi* ERROR: Failed to dump because the specified instance or option is not correct
33969 *Verdi* ERROR: Syntax - fsdbDumpvars [depth] [instance] [option]*
33970 sps_tcl_fsdbDumpflush_vd_main at 0 : N/A(0)
33971 *Verdi* : Flush all FSDB Files at 0 ps.
33972 sps_tcl_fsdbDumpvars_vd_main
33973 argv[0]: 0
33974 argv[1]: simulator.DCRFLI.RF_GEN[3].RF.CORE.p
33975 argv[2]: +all
33976 argv[3]: +trace_process
33977 *Verdi* ERROR: The #2 argument "simulator.DCRFLI.RF_GEN[3].RF.CORE.p" is invalid
33978 *Verdi* ERROR: Failed to dump because the specified instance or option is not correct
33979 *Verdi* ERROR: Syntax - fsdbDumpvars [depth] [instance] [option]*
33980 sps_tcl_fsdbDumpflush_vd_main at 0 : N/A(0)
33981 *Verdi* : Flush all FSDB Files at 0 ps.
33982 sps_tcl_fsdbDumpvars_vd_main
33983 argv[0]: 0
33984 argv[1]: simulator.DCRFLI.RF_GEN[3].RF.CORE.w_new_phase
33985 argv[2]: +all
33986 argv[3]: +trace_process
33987 *Verdi* ERROR: The #2 argument "simulator.DCRFLI.RF_GEN[3].RF.CORE.w_new_phase" is invalid
33988 *Verdi* ERROR: Failed to dump because the specified instance or option is not correct
33989 *Verdi* ERROR: Syntax - fsdbDumpvars [depth] [instance] [option]*
33990 sps_tcl_fsdbDumpflush_vd_main at 0 : N/A(0)
33991 *Verdi* : Flush all FSDB Files at 0 ps.
33992 sps_tcl_fsdbDumpvars_vd_main
33993 argv[0]: 0
33994 argv[1]: simulator.DCRFLI.RF_GEN[3].RF.CORE.r
33995 argv[2]: +all
33996 argv[3]: +trace_process
33997 *Verdi* ERROR: The #2 argument "simulator.DCRFLI.RF_GEN[3].RF.CORE.r" is invalid
33998 *Verdi* ERROR: Failed to dump because the specified instance or option is not correct
33999 *Verdi* ERROR: Syntax - fsdbDumpvars [depth] [instance] [option]*
34000 sps_tcl_fsdbDumpflush_vd_main at 0 : N/A(0)
34001 *Verdi* : Flush all FSDB Files at 0 ps.
34002 sps_tcl_fsdbDumpvars_vd_main
34003 argv[0]: 0
34004 argv[1]: simulator.DCRFLI.RF_GEN[3].RF.CORE.o_armed
34005 argv[2]: +all
34006 argv[3]: +trace_process
34007 *Verdi* ERROR: The #2 argument "simulator.DCRFLI.RF_GEN[3].RF.CORE.o_armed" is invalid
34008 *Verdi* ERROR: Failed to dump because the specified instance or option is not correct
34009 *Verdi* ERROR: Syntax - fsdbDumpvars [depth] [instance] [option]*
34010 sps_tcl_fsdbDumpflush_vd_main at 0 : N/A(0)
34011 *Verdi* : Flush all FSDB Files at 0 ps.
34012 sps_tcl_fsdbDumpvars_vd_main
34013 argv[0]: 0
34014 argv[1]: simulator.DCRFLI.RF_GEN[3].RF.CORE.i_start
34015 argv[2]: +all
34016 argv[3]: +trace_process
34017 *Verdi* ERROR: The #2 argument "simulator.DCRFLI.RF_GEN[3].RF.CORE.i_start" is invalid
34018 *Verdi* ERROR: Failed to dump because the specified instance or option is not correct
34019 *Verdi* ERROR: Syntax - fsdbDumpvars [depth] [instance] [option]*
34020 sps_tcl_fsdbDumpflush_vd_main at 0 : N/A(0)
34021 *Verdi* : Flush all FSDB Files at 0 ps.
34022 sps_tcl_fsdbDumpvars_vd_main
34023 argv[0]: 0
34024 argv[1]: simulator.DCRFLI.RF_GEN[3].RF.CORE.o_addr[3:0]
34025 argv[2]: +all
34026 argv[3]: +trace_process
34027 *Verdi* ERROR: The #2 argument "simulator.DCRFLI.RF_GEN[3].RF.CORE.o_addr[3:0]" is invalid
34028 *Verdi* ERROR: Failed to dump because the specified instance or option is not correct
34029 *Verdi* ERROR: Syntax - fsdbDumpvars [depth] [instance] [option]*
34030 sps_tcl_fsdbDumpflush_vd_main at 0 : N/A(0)
34031 *Verdi* : Flush all FSDB Files at 0 ps.
34032 sps_tcl_fsdbDumpvars_vd_main
34033 argv[0]: 0
34034 argv[1]: simulator.DCRFLI.RF_GEN[3].RF.CORE.o_sample_start[19:0]
34035 argv[2]: +all
34036 argv[3]: +trace_process
34037 *Verdi* ERROR: The #2 argument "simulator.DCRFLI.RF_GEN[3].RF.CORE.o_sample_start[19:0]" is invalid
34038 *Verdi* ERROR: Failed to dump because the specified instance or option is not correct
34039 *Verdi* ERROR: Syntax - fsdbDumpvars [depth] [instance] [option]*
34040 sps_tcl_fsdbDumpflush_vd_main at 0 : N/A(0)
34041 *Verdi* : Flush all FSDB Files at 0 ps.
34042 sps_tcl_fsdbDumpvars_vd_main
34043 argv[0]: 0
34044 argv[1]: simulator.DCRFLI.RF_GEN[3].RF.CORE.o_sample_end[19:0]
34045 argv[2]: +all
34046 argv[3]: +trace_process
34047 *Verdi* ERROR: The #2 argument "simulator.DCRFLI.RF_GEN[3].RF.CORE.o_sample_end[19:0]" is invalid
34048 *Verdi* ERROR: Failed to dump because the specified instance or option is not correct
34049 *Verdi* ERROR: Syntax - fsdbDumpvars [depth] [instance] [option]*
34050 sps_tcl_fsdbDumpflush_vd_main at 0 : N/A(0)
34051 *Verdi* : Flush all FSDB Files at 0 ps.
34052 sps_tcl_fsdbDumpvars_vd_main
34053 argv[0]: 0
34054 argv[1]: simulator.DCRFLI.RF_GEN[3].RF.CORE.o_QIx8[255:0]
34055 argv[2]: +all
34056 argv[3]: +trace_process
34057 *Verdi* ERROR: The #2 argument "simulator.DCRFLI.RF_GEN[3].RF.CORE.o_QIx8[255:0]" is invalid
34058 *Verdi* ERROR: Failed to dump because the specified instance or option is not correct
34059 *Verdi* ERROR: Syntax - fsdbDumpvars [depth] [instance] [option]*
34060 sps_tcl_fsdbDumpflush_vd_main at 0 : N/A(0)
34061 *Verdi* : Flush all FSDB Files at 0 ps.
34062 sps_tcl_fsdbDumpvars_vd_main
34063 argv[0]: 0
34064 argv[1]: simulator.RF_IO_GEN[3].DAC.i_clk
34065 argv[2]: +all
34066 argv[3]: +trace_process
34067 *Verdi* ERROR: The #2 argument "simulator.RF_IO_GEN[3].DAC.i_clk" is invalid
34068 *Verdi* ERROR: Failed to dump because the specified instance or option is not correct
34069 *Verdi* ERROR: Syntax - fsdbDumpvars [depth] [instance] [option]*
34070 sps_tcl_fsdbDumpflush_vd_main at 0 : N/A(0)
34071 *Verdi* : Flush all FSDB Files at 0 ps.
34072 sps_tcl_fsdbDumpvars_vd_main
34073 argv[0]: 0
34074 argv[1]: simulator.RF_IO_GEN[3].DAC.i_dac_clk
34075 argv[2]: +all
34076 argv[3]: +trace_process
34077 *Verdi* ERROR: The #2 argument "simulator.RF_IO_GEN[3].DAC.i_dac_clk" is invalid
34078 *Verdi* ERROR: Failed to dump because the specified instance or option is not correct
34079 *Verdi* ERROR: Syntax - fsdbDumpvars [depth] [instance] [option]*
34080 sps_tcl_fsdbDumpflush_vd_main at 0 : N/A(0)
34081 *Verdi* : Flush all FSDB Files at 0 ps.
34082 sps_tcl_fsdbDumpvars_vd_main
34083 argv[0]: 0
34084 argv[1]: simulator.RF_IO_GEN[3].DAC.dac_cycle
34085 argv[2]: +all
34086 argv[3]: +trace_process
34087 *Verdi* ERROR: The #2 argument "simulator.RF_IO_GEN[3].DAC.dac_cycle" is invalid
34088 *Verdi* ERROR: Failed to dump because the specified instance or option is not correct
34089 *Verdi* ERROR: Syntax - fsdbDumpvars [depth] [instance] [option]*
34090 sps_tcl_fsdbDumpflush_vd_main at 0 : N/A(0)
34091 *Verdi* : Flush all FSDB Files at 0 ps.
34092 sps_tcl_fsdbDumpvars_vd_main
34093 argv[0]: 0
34094 argv[1]: simulator.RF_IO_GEN[3].DAC.i_QIx8[255:0]
34095 argv[2]: +all
34096 argv[3]: +trace_process
34097 *Verdi* ERROR: The #2 argument "simulator.RF_IO_GEN[3].DAC.i_QIx8[255:0]" is invalid
34098 *Verdi* ERROR: Failed to dump because the specified instance or option is not correct
34099 *Verdi* ERROR: Syntax - fsdbDumpvars [depth] [instance] [option]*
34100 sps_tcl_fsdbDumpflush_vd_main at 0 : N/A(0)
34101 *Verdi* : Flush all FSDB Files at 0 ps.
34102 sps_tcl_fsdbDumpvars_vd_main
34103 argv[0]: 0
34104 argv[1]: simulator.RF_IO_GEN[3].DAC.w_Ix8[7:0][13:0]
34105 argv[2]: +all
34106 argv[3]: +trace_process
34107 *Verdi* ERROR: The #2 argument "simulator.RF_IO_GEN[3].DAC.w_Ix8[7:0][13:0]" is invalid
34108 *Verdi* ERROR: Failed to dump because the specified instance or option is not correct
34109 *Verdi* ERROR: Syntax - fsdbDumpvars [depth] [instance] [option]*
34110 sps_tcl_fsdbDumpflush_vd_main at 0 : N/A(0)
34111 *Verdi* : Flush all FSDB Files at 0 ps.
34112 sps_tcl_fsdbDumpvars_vd_main
34113 argv[0]: 0
34114 argv[1]: simulator.RF_IO_GEN[3].DAC.w_Qx8[7:0][13:0]
34115 argv[2]: +all
34116 argv[3]: +trace_process
34117 *Verdi* ERROR: The #2 argument "simulator.RF_IO_GEN[3].DAC.w_Qx8[7:0][13:0]" is invalid
34118 *Verdi* ERROR: Failed to dump because the specified instance or option is not correct
34119 *Verdi* ERROR: Syntax - fsdbDumpvars [depth] [instance] [option]*
34120 sps_tcl_fsdbDumpflush_vd_main at 0 : N/A(0)
34121 *Verdi* : Flush all FSDB Files at 0 ps.
34122 sps_tcl_fsdbDumpvars_vd_main
34123 argv[0]: 0
34124 argv[1]: simulator.RF_IO_GEN[3].DAC.o_I[13:0]
34125 argv[2]: +all
34126 argv[3]: +trace_process
34127 *Verdi* ERROR: The #2 argument "simulator.RF_IO_GEN[3].DAC.o_I[13:0]" is invalid
34128 *Verdi* ERROR: Failed to dump because the specified instance or option is not correct
34129 *Verdi* ERROR: Syntax - fsdbDumpvars [depth] [instance] [option]*
34130 sps_tcl_fsdbDumpflush_vd_main at 0 : N/A(0)
34131 *Verdi* : Flush all FSDB Files at 0 ps.
34132 sps_tcl_fsdbDumpvars_vd_main
34133 argv[0]: 0
34134 argv[1]: simulator.RF_IO_GEN[3].DAC.o_Q[13:0]
34135 argv[2]: +all
34136 argv[3]: +trace_process
34137 *Verdi* ERROR: The #2 argument "simulator.RF_IO_GEN[3].DAC.o_Q[13:0]" is invalid
34138 *Verdi* ERROR: Failed to dump because the specified instance or option is not correct
34139 *Verdi* ERROR: Syntax - fsdbDumpvars [depth] [instance] [option]*
34140 sps_tcl_fsdbDumpflush_vd_main at 0 : N/A(0)
34141 *Verdi* : Flush all FSDB Files at 0 ps.
34142 sps_tcl_fsdbDumpvars_vd_main
34143 argv[0]: 0
34144 argv[1]: simulator.RF_IO_GEN[3].DAC.I
34145 argv[2]: +all
34146 argv[3]: +trace_process
34147 *Verdi* ERROR: The #2 argument "simulator.RF_IO_GEN[3].DAC.I" is invalid
34148 *Verdi* ERROR: Failed to dump because the specified instance or option is not correct
34149 *Verdi* ERROR: Syntax - fsdbDumpvars [depth] [instance] [option]*
34150 sps_tcl_fsdbDumpflush_vd_main at 0 : N/A(0)
34151 *Verdi* : Flush all FSDB Files at 0 ps.
34152 sps_tcl_fsdbDumpvars_vd_main
34153 argv[0]: 0
34154 argv[1]: simulator.RF_IO_GEN[3].DAC.Q
34155 argv[2]: +all
34156 argv[3]: +trace_process
34157 *Verdi* ERROR: The #2 argument "simulator.RF_IO_GEN[3].DAC.Q" is invalid
34158 *Verdi* ERROR: Failed to dump because the specified instance or option is not correct
34159 *Verdi* ERROR: Syntax - fsdbDumpvars [depth] [instance] [option]*
34160 sps_tcl_fsdbDumpflush_vd_main at 0 : N/A(0)
34161 *Verdi* : Flush all FSDB Files at 0 ps.
34162 sps_tcl_fsdbDumpvars_vd_main
34163 argv[0]: 0
34164 argv[1]: simulator.RF_IO_GEN[3].DAC.deg
34165 argv[2]: +all
34166 argv[3]: +trace_process
34167 *Verdi* ERROR: The #2 argument "simulator.RF_IO_GEN[3].DAC.deg" is invalid
34168 *Verdi* ERROR: Failed to dump because the specified instance or option is not correct
34169 *Verdi* ERROR: Syntax - fsdbDumpvars [depth] [instance] [option]*
34170 sps_tcl_fsdbDumpflush_vd_main at 0 : N/A(0)
34171 *Verdi* : Flush all FSDB Files at 0 ps.
34172 sps_tcl_fsdbDumpvars_vd_main
34173 argv[0]: 0
34174 argv[1]: simulator.RF_IO_GEN[3].DAC.rad
34175 argv[2]: +all
34176 argv[3]: +trace_process
34177 *Verdi* ERROR: The #2 argument "simulator.RF_IO_GEN[3].DAC.rad" is invalid
34178 *Verdi* ERROR: Failed to dump because the specified instance or option is not correct
34179 *Verdi* ERROR: Syntax - fsdbDumpvars [depth] [instance] [option]*
34180 sps_tcl_fsdbDumpflush_vd_main at 0 : N/A(0)
34181 *Verdi* : Flush all FSDB Files at 0 ps.
34182 sps_tcl_fsdbDumpvars_vd_main
34183 argv[0]: 0
34184 argv[1]: simulator.RF_IO_GEN[3].DAC.nco_i
34185 argv[2]: +all
34186 argv[3]: +trace_process
34187 *Verdi* ERROR: The #2 argument "simulator.RF_IO_GEN[3].DAC.nco_i" is invalid
34188 *Verdi* ERROR: Failed to dump because the specified instance or option is not correct
34189 *Verdi* ERROR: Syntax - fsdbDumpvars [depth] [instance] [option]*
34190 sps_tcl_fsdbDumpflush_vd_main at 0 : N/A(0)
34191 *Verdi* : Flush all FSDB Files at 0 ps.
34192 sps_tcl_fsdbDumpvars_vd_main
34193 argv[0]: 0
34194 argv[1]: simulator.RF_IO_GEN[3].DAC.nco_q
34195 argv[2]: +all
34196 argv[3]: +trace_process
34197 *Verdi* ERROR: The #2 argument "simulator.RF_IO_GEN[3].DAC.nco_q" is invalid
34198 *Verdi* ERROR: Failed to dump because the specified instance or option is not correct
34199 *Verdi* ERROR: Syntax - fsdbDumpvars [depth] [instance] [option]*
34200 sps_tcl_fsdbDumpflush_vd_main at 0 : N/A(0)
34201 *Verdi* : Flush all FSDB Files at 0 ps.
34202 sps_tcl_fsdbDumpvars_vd_main
34203 argv[0]: 0
34204 argv[1]: simulator.RF_IO_GEN[3].DAC.o_vrf
34205 argv[2]: +all
34206 argv[3]: +trace_process
34207 *Verdi* ERROR: The #2 argument "simulator.RF_IO_GEN[3].DAC.o_vrf" is invalid
34208 *Verdi* ERROR: Failed to dump because the specified instance or option is not correct
34209 *Verdi* ERROR: Syntax - fsdbDumpvars [depth] [instance] [option]*
34210 sps_tcl_fsdbDumpflush_vd_main at 0 : N/A(0)
34211 *Verdi* : Flush all FSDB Files at 0 ps.
34212 sps_tcl_fsdbDumpvars_vd_main
34213 argv[0]: 0
34214 argv[1]: simulator.RF_IO_GEN[2].REGS.AXIL_REGS.i_aclk
34215 argv[2]: +all
34216 argv[3]: +trace_process
34217 *Verdi* ERROR: The #2 argument "simulator.RF_IO_GEN[2].REGS.AXIL_REGS.i_aclk" is invalid
34218 *Verdi* ERROR: Failed to dump because the specified instance or option is not correct
34219 *Verdi* ERROR: Syntax - fsdbDumpvars [depth] [instance] [option]*
34220 sps_tcl_fsdbDumpflush_vd_main at 0 : N/A(0)
34221 *Verdi* : Flush all FSDB Files at 0 ps.
34222 sps_tcl_fsdbDumpvars_vd_main
34223 argv[0]: 0
34224 argv[1]: simulator.RF_IO_GEN[2].REGS.AXIL_REGS.i_aresetn
34225 argv[2]: +all
34226 argv[3]: +trace_process
34227 *Verdi* ERROR: The #2 argument "simulator.RF_IO_GEN[2].REGS.AXIL_REGS.i_aresetn" is invalid
34228 *Verdi* ERROR: Failed to dump because the specified instance or option is not correct
34229 *Verdi* ERROR: Syntax - fsdbDumpvars [depth] [instance] [option]*
34230 sps_tcl_fsdbDumpflush_vd_main at 0 : N/A(0)
34231 *Verdi* : Flush all FSDB Files at 0 ps.
34232 sps_tcl_fsdbDumpvars_vd_main
34233 argv[0]: 0
34234 argv[1]: simulator.RF_IO_GEN[2].REGS.AXIL_REGS.r_regs[0:65][31:0]
34235 argv[2]: +all
34236 argv[3]: +trace_process
34237 *Verdi* ERROR: The #2 argument "simulator.RF_IO_GEN[2].REGS.AXIL_REGS.r_regs[0:65][31:0]" is invalid
34238 *Verdi* ERROR: Failed to dump because the specified instance or option is not correct
34239 *Verdi* ERROR: Syntax - fsdbDumpvars [depth] [instance] [option]*
34240 sps_tcl_fsdbDumpflush_vd_main at 0 : N/A(0)
34241 *Verdi* : Flush all FSDB Files at 0 ps.
34242 sps_tcl_fsdbDumpvars_vd_main
34243 argv[0]: 0
34244 argv[1]: simulator.RF_IO_GEN[2].REGS.AXIL_REGS.o_regs[0:65][31:0]
34245 argv[2]: +all
34246 argv[3]: +trace_process
34247 *Verdi* ERROR: The #2 argument "simulator.RF_IO_GEN[2].REGS.AXIL_REGS.o_regs[0:65][31:0]" is invalid
34248 *Verdi* ERROR: Failed to dump because the specified instance or option is not correct
34249 *Verdi* ERROR: Syntax - fsdbDumpvars [depth] [instance] [option]*
34250 sps_tcl_fsdbDumpflush_vd_main at 0 : N/A(0)
34251 *Verdi* : Flush all FSDB Files at 0 ps.
34252 sps_tcl_fsdbDumpvars_vd_main
34253 argv[0]: 0
34254 argv[1]: simulator.RF_IO_GEN[2].REGS.AXIL_REGS.o_awready
34255 argv[2]: +all
34256 argv[3]: +trace_process
34257 *Verdi* ERROR: The #2 argument "simulator.RF_IO_GEN[2].REGS.AXIL_REGS.o_awready" is invalid
34258 *Verdi* ERROR: Failed to dump because the specified instance or option is not correct
34259 *Verdi* ERROR: Syntax - fsdbDumpvars [depth] [instance] [option]*
34260 sps_tcl_fsdbDumpflush_vd_main at 0 : N/A(0)
34261 *Verdi* : Flush all FSDB Files at 0 ps.
34262 sps_tcl_fsdbDumpvars_vd_main
34263 argv[0]: 0
34264 argv[1]: simulator.RF_IO_GEN[2].REGS.AXIL_REGS.i_awvalid
34265 argv[2]: +all
34266 argv[3]: +trace_process
34267 *Verdi* ERROR: The #2 argument "simulator.RF_IO_GEN[2].REGS.AXIL_REGS.i_awvalid" is invalid
34268 *Verdi* ERROR: Failed to dump because the specified instance or option is not correct
34269 *Verdi* ERROR: Syntax - fsdbDumpvars [depth] [instance] [option]*
34270 sps_tcl_fsdbDumpflush_vd_main at 0 : N/A(0)
34271 *Verdi* : Flush all FSDB Files at 0 ps.
34272 sps_tcl_fsdbDumpvars_vd_main
34273 argv[0]: 0
34274 argv[1]: simulator.RF_IO_GEN[2].REGS.AXIL_REGS.i_awaddr[8:0]
34275 argv[2]: +all
34276 argv[3]: +trace_process
34277 *Verdi* ERROR: The #2 argument "simulator.RF_IO_GEN[2].REGS.AXIL_REGS.i_awaddr[8:0]" is invalid
34278 *Verdi* ERROR: Failed to dump because the specified instance or option is not correct
34279 *Verdi* ERROR: Syntax - fsdbDumpvars [depth] [instance] [option]*
34280 sps_tcl_fsdbDumpflush_vd_main at 0 : N/A(0)
34281 *Verdi* : Flush all FSDB Files at 0 ps.
34282 sps_tcl_fsdbDumpvars_vd_main
34283 argv[0]: 0
34284 argv[1]: simulator.RF_IO_GEN[2].REGS.AXIL_REGS.w_awireg[6:0]
34285 argv[2]: +all
34286 argv[3]: +trace_process
34287 *Verdi* ERROR: The #2 argument "simulator.RF_IO_GEN[2].REGS.AXIL_REGS.w_awireg[6:0]" is invalid
34288 *Verdi* ERROR: Failed to dump because the specified instance or option is not correct
34289 *Verdi* ERROR: Syntax - fsdbDumpvars [depth] [instance] [option]*
34290 sps_tcl_fsdbDumpflush_vd_main at 0 : N/A(0)
34291 *Verdi* : Flush all FSDB Files at 0 ps.
34292 sps_tcl_fsdbDumpvars_vd_main
34293 argv[0]: 0
34294 argv[1]: simulator.RF_IO_GEN[2].REGS.AXIL_REGS.w_awls2b[1:0]
34295 argv[2]: +all
34296 argv[3]: +trace_process
34297 *Verdi* ERROR: The #2 argument "simulator.RF_IO_GEN[2].REGS.AXIL_REGS.w_awls2b[1:0]" is invalid
34298 *Verdi* ERROR: Failed to dump because the specified instance or option is not correct
34299 *Verdi* ERROR: Syntax - fsdbDumpvars [depth] [instance] [option]*
34300 sps_tcl_fsdbDumpflush_vd_main at 0 : N/A(0)
34301 *Verdi* : Flush all FSDB Files at 0 ps.
34302 sps_tcl_fsdbDumpvars_vd_main
34303 argv[0]: 0
34304 argv[1]: simulator.RF_IO_GEN[2].REGS.AXIL_REGS.o_wready
34305 argv[2]: +all
34306 argv[3]: +trace_process
34307 *Verdi* ERROR: The #2 argument "simulator.RF_IO_GEN[2].REGS.AXIL_REGS.o_wready" is invalid
34308 *Verdi* ERROR: Failed to dump because the specified instance or option is not correct
34309 *Verdi* ERROR: Syntax - fsdbDumpvars [depth] [instance] [option]*
34310 sps_tcl_fsdbDumpflush_vd_main at 0 : N/A(0)
34311 *Verdi* : Flush all FSDB Files at 0 ps.
34312 sps_tcl_fsdbDumpvars_vd_main
34313 argv[0]: 0
34314 argv[1]: simulator.RF_IO_GEN[2].REGS.AXIL_REGS.i_wvalid
34315 argv[2]: +all
34316 argv[3]: +trace_process
34317 *Verdi* ERROR: The #2 argument "simulator.RF_IO_GEN[2].REGS.AXIL_REGS.i_wvalid" is invalid
34318 *Verdi* ERROR: Failed to dump because the specified instance or option is not correct
34319 *Verdi* ERROR: Syntax - fsdbDumpvars [depth] [instance] [option]*
34320 sps_tcl_fsdbDumpflush_vd_main at 0 : N/A(0)
34321 *Verdi* : Flush all FSDB Files at 0 ps.
34322 sps_tcl_fsdbDumpvars_vd_main
34323 argv[0]: 0
34324 argv[1]: simulator.RF_IO_GEN[2].REGS.AXIL_REGS.i_wdata[31:0]
34325 argv[2]: +all
34326 argv[3]: +trace_process
34327 *Verdi* ERROR: The #2 argument "simulator.RF_IO_GEN[2].REGS.AXIL_REGS.i_wdata[31:0]" is invalid
34328 *Verdi* ERROR: Failed to dump because the specified instance or option is not correct
34329 *Verdi* ERROR: Syntax - fsdbDumpvars [depth] [instance] [option]*
34330 sps_tcl_fsdbDumpflush_vd_main at 0 : N/A(0)
34331 *Verdi* : Flush all FSDB Files at 0 ps.
34332 sps_tcl_fsdbDumpvars_vd_main
34333 argv[0]: 0
34334 argv[1]: simulator.RF_IO_GEN[2].REGS.AXIL_REGS.i_wstrb[3:0]
34335 argv[2]: +all
34336 argv[3]: +trace_process
34337 *Verdi* ERROR: The #2 argument "simulator.RF_IO_GEN[2].REGS.AXIL_REGS.i_wstrb[3:0]" is invalid
34338 *Verdi* ERROR: Failed to dump because the specified instance or option is not correct
34339 *Verdi* ERROR: Syntax - fsdbDumpvars [depth] [instance] [option]*
34340 sps_tcl_fsdbDumpflush_vd_main at 0 : N/A(0)
34341 *Verdi* : Flush all FSDB Files at 0 ps.
34342 sps_tcl_fsdbDumpvars_vd_main
34343 argv[0]: 0
34344 argv[1]: simulator.RF_IO_GEN[2].REGS.AXIL_REGS.w_wdatastrb[31:0]
34345 argv[2]: +all
34346 argv[3]: +trace_process
34347 *Verdi* ERROR: The #2 argument "simulator.RF_IO_GEN[2].REGS.AXIL_REGS.w_wdatastrb[31:0]" is invalid
34348 *Verdi* ERROR: Failed to dump because the specified instance or option is not correct
34349 *Verdi* ERROR: Syntax - fsdbDumpvars [depth] [instance] [option]*
34350 sps_tcl_fsdbDumpflush_vd_main at 0 : N/A(0)
34351 *Verdi* : Flush all FSDB Files at 0 ps.
34352 sps_tcl_fsdbDumpvars_vd_main
34353 argv[0]: 0
34354 argv[1]: simulator.RF_IO_GEN[2].REGS.AXIL_REGS.i_bready
34355 argv[2]: +all
34356 argv[3]: +trace_process
34357 *Verdi* ERROR: The #2 argument "simulator.RF_IO_GEN[2].REGS.AXIL_REGS.i_bready" is invalid
34358 *Verdi* ERROR: Failed to dump because the specified instance or option is not correct
34359 *Verdi* ERROR: Syntax - fsdbDumpvars [depth] [instance] [option]*
34360 sps_tcl_fsdbDumpflush_vd_main at 0 : N/A(0)
34361 *Verdi* : Flush all FSDB Files at 0 ps.
34362 sps_tcl_fsdbDumpvars_vd_main
34363 argv[0]: 0
34364 argv[1]: simulator.RF_IO_GEN[2].REGS.AXIL_REGS.o_bvalid
34365 argv[2]: +all
34366 argv[3]: +trace_process
34367 *Verdi* ERROR: The #2 argument "simulator.RF_IO_GEN[2].REGS.AXIL_REGS.o_bvalid" is invalid
34368 *Verdi* ERROR: Failed to dump because the specified instance or option is not correct
34369 *Verdi* ERROR: Syntax - fsdbDumpvars [depth] [instance] [option]*
34370 sps_tcl_fsdbDumpflush_vd_main at 0 : N/A(0)
34371 *Verdi* : Flush all FSDB Files at 0 ps.
34372 sps_tcl_fsdbDumpvars_vd_main
34373 argv[0]: 0
34374 argv[1]: simulator.RF_IO_GEN[2].REGS.AXIL_REGS.o_bresp[1:0]
34375 argv[2]: +all
34376 argv[3]: +trace_process
34377 *Verdi* ERROR: The #2 argument "simulator.RF_IO_GEN[2].REGS.AXIL_REGS.o_bresp[1:0]" is invalid
34378 *Verdi* ERROR: Failed to dump because the specified instance or option is not correct
34379 *Verdi* ERROR: Syntax - fsdbDumpvars [depth] [instance] [option]*
34380 sps_tcl_fsdbDumpflush_vd_main at 0 : N/A(0)
34381 *Verdi* : Flush all FSDB Files at 0 ps.
34382 sps_tcl_fsdbDumpvars_vd_main
34383 argv[0]: 0
34384 argv[1]: simulator.RF_IO_GEN[2].REGS.AXIL_REGS.o_arready
34385 argv[2]: +all
34386 argv[3]: +trace_process
34387 *Verdi* ERROR: The #2 argument "simulator.RF_IO_GEN[2].REGS.AXIL_REGS.o_arready" is invalid
34388 *Verdi* ERROR: Failed to dump because the specified instance or option is not correct
34389 *Verdi* ERROR: Syntax - fsdbDumpvars [depth] [instance] [option]*
34390 sps_tcl_fsdbDumpflush_vd_main at 0 : N/A(0)
34391 *Verdi* : Flush all FSDB Files at 0 ps.
34392 sps_tcl_fsdbDumpvars_vd_main
34393 argv[0]: 0
34394 argv[1]: simulator.RF_IO_GEN[2].REGS.AXIL_REGS.i_arvalid
34395 argv[2]: +all
34396 argv[3]: +trace_process
34397 *Verdi* ERROR: The #2 argument "simulator.RF_IO_GEN[2].REGS.AXIL_REGS.i_arvalid" is invalid
34398 *Verdi* ERROR: Failed to dump because the specified instance or option is not correct
34399 *Verdi* ERROR: Syntax - fsdbDumpvars [depth] [instance] [option]*
34400 sps_tcl_fsdbDumpflush_vd_main at 0 : N/A(0)
34401 *Verdi* : Flush all FSDB Files at 0 ps.
34402 sps_tcl_fsdbDumpvars_vd_main
34403 argv[0]: 0
34404 argv[1]: simulator.RF_IO_GEN[2].REGS.AXIL_REGS.i_araddr[8:0]
34405 argv[2]: +all
34406 argv[3]: +trace_process
34407 *Verdi* ERROR: The #2 argument "simulator.RF_IO_GEN[2].REGS.AXIL_REGS.i_araddr[8:0]" is invalid
34408 *Verdi* ERROR: Failed to dump because the specified instance or option is not correct
34409 *Verdi* ERROR: Syntax - fsdbDumpvars [depth] [instance] [option]*
34410 sps_tcl_fsdbDumpflush_vd_main at 0 : N/A(0)
34411 *Verdi* : Flush all FSDB Files at 0 ps.
34412 sps_tcl_fsdbDumpvars_vd_main
34413 argv[0]: 0
34414 argv[1]: simulator.RF_IO_GEN[2].REGS.AXIL_REGS.w_arireg[6:0]
34415 argv[2]: +all
34416 argv[3]: +trace_process
34417 *Verdi* ERROR: The #2 argument "simulator.RF_IO_GEN[2].REGS.AXIL_REGS.w_arireg[6:0]" is invalid
34418 *Verdi* ERROR: Failed to dump because the specified instance or option is not correct
34419 *Verdi* ERROR: Syntax - fsdbDumpvars [depth] [instance] [option]*
34420 sps_tcl_fsdbDumpflush_vd_main at 0 : N/A(0)
34421 *Verdi* : Flush all FSDB Files at 0 ps.
34422 sps_tcl_fsdbDumpvars_vd_main
34423 argv[0]: 0
34424 argv[1]: simulator.RF_IO_GEN[2].REGS.AXIL_REGS.w_arls2b[1:0]
34425 argv[2]: +all
34426 argv[3]: +trace_process
34427 *Verdi* ERROR: The #2 argument "simulator.RF_IO_GEN[2].REGS.AXIL_REGS.w_arls2b[1:0]" is invalid
34428 *Verdi* ERROR: Failed to dump because the specified instance or option is not correct
34429 *Verdi* ERROR: Syntax - fsdbDumpvars [depth] [instance] [option]*
34430 sps_tcl_fsdbDumpflush_vd_main at 0 : N/A(0)
34431 *Verdi* : Flush all FSDB Files at 0 ps.
34432 sps_tcl_fsdbDumpvars_vd_main
34433 argv[0]: 0
34434 argv[1]: simulator.RF_IO_GEN[2].REGS.AXIL_REGS.i_rready
34435 argv[2]: +all
34436 argv[3]: +trace_process
34437 *Verdi* ERROR: The #2 argument "simulator.RF_IO_GEN[2].REGS.AXIL_REGS.i_rready" is invalid
34438 *Verdi* ERROR: Failed to dump because the specified instance or option is not correct
34439 *Verdi* ERROR: Syntax - fsdbDumpvars [depth] [instance] [option]*
34440 sps_tcl_fsdbDumpflush_vd_main at 0 : N/A(0)
34441 *Verdi* : Flush all FSDB Files at 0 ps.
34442 sps_tcl_fsdbDumpvars_vd_main
34443 argv[0]: 0
34444 argv[1]: simulator.RF_IO_GEN[2].REGS.AXIL_REGS.o_rvalid
34445 argv[2]: +all
34446 argv[3]: +trace_process
34447 *Verdi* ERROR: The #2 argument "simulator.RF_IO_GEN[2].REGS.AXIL_REGS.o_rvalid" is invalid
34448 *Verdi* ERROR: Failed to dump because the specified instance or option is not correct
34449 *Verdi* ERROR: Syntax - fsdbDumpvars [depth] [instance] [option]*
34450 sps_tcl_fsdbDumpflush_vd_main at 0 : N/A(0)
34451 *Verdi* : Flush all FSDB Files at 0 ps.
34452 sps_tcl_fsdbDumpvars_vd_main
34453 argv[0]: 0
34454 argv[1]: simulator.RF_IO_GEN[2].REGS.AXIL_REGS.o_rdata[31:0]
34455 argv[2]: +all
34456 argv[3]: +trace_process
34457 *Verdi* ERROR: The #2 argument "simulator.RF_IO_GEN[2].REGS.AXIL_REGS.o_rdata[31:0]" is invalid
34458 *Verdi* ERROR: Failed to dump because the specified instance or option is not correct
34459 *Verdi* ERROR: Syntax - fsdbDumpvars [depth] [instance] [option]*
34460 sps_tcl_fsdbDumpflush_vd_main at 0 : N/A(0)
34461 *Verdi* : Flush all FSDB Files at 0 ps.
34462 sps_tcl_fsdbDumpvars_vd_main
34463 argv[0]: 0
34464 argv[1]: simulator.RF_IO_GEN[2].REGS.AXIL_REGS.o_rresp[1:0]
34465 argv[2]: +all
34466 argv[3]: +trace_process
34467 *Verdi* ERROR: The #2 argument "simulator.RF_IO_GEN[2].REGS.AXIL_REGS.o_rresp[1:0]" is invalid
34468 *Verdi* ERROR: Failed to dump because the specified instance or option is not correct
34469 *Verdi* ERROR: Syntax - fsdbDumpvars [depth] [instance] [option]*
34470 sps_tcl_fsdbDumpflush_vd_main at 0 : N/A(0)
34471 *Verdi* : Flush all FSDB Files at 0 ps.
34472 sps_tcl_fsdbDumpvars_vd_main
34473 argv[0]: 0
34474 argv[1]: simulator.DCRFLI.RF_GEN[2].RF.SEQ.i_clk
34475 argv[2]: +all
34476 argv[3]: +trace_process
34477 *Verdi* ERROR: The #2 argument "simulator.DCRFLI.RF_GEN[2].RF.SEQ.i_clk" is invalid
34478 *Verdi* ERROR: Failed to dump because the specified instance or option is not correct
34479 *Verdi* ERROR: Syntax - fsdbDumpvars [depth] [instance] [option]*
34480 sps_tcl_fsdbDumpflush_vd_main at 0 : N/A(0)
34481 *Verdi* : Flush all FSDB Files at 0 ps.
34482 sps_tcl_fsdbDumpvars_vd_main
34483 argv[0]: 0
34484 argv[1]: simulator.DCRFLI.RF_GEN[2].RF.SEQ.i_rst
34485 argv[2]: +all
34486 argv[3]: +trace_process
34487 *Verdi* ERROR: The #2 argument "simulator.DCRFLI.RF_GEN[2].RF.SEQ.i_rst" is invalid
34488 *Verdi* ERROR: Failed to dump because the specified instance or option is not correct
34489 *Verdi* ERROR: Syntax - fsdbDumpvars [depth] [instance] [option]*
34490 sps_tcl_fsdbDumpflush_vd_main at 0 : N/A(0)
34491 *Verdi* : Flush all FSDB Files at 0 ps.
34492 sps_tcl_fsdbDumpvars_vd_main
34493 argv[0]: 0
34494 argv[1]: simulator.DCRFLI.RF_GEN[2].RF.SEQ.w_propagate
34495 argv[2]: +all
34496 argv[3]: +trace_process
34497 *Verdi* ERROR: The #2 argument "simulator.DCRFLI.RF_GEN[2].RF.SEQ.w_propagate" is invalid
34498 *Verdi* ERROR: Failed to dump because the specified instance or option is not correct
34499 *Verdi* ERROR: Syntax - fsdbDumpvars [depth] [instance] [option]*
34500 sps_tcl_fsdbDumpflush_vd_main at 0 : N/A(0)
34501 *Verdi* : Flush all FSDB Files at 0 ps.
34502 sps_tcl_fsdbDumpvars_vd_main
34503 argv[0]: 0
34504 argv[1]: simulator.DCRFLI.RF_GEN[2].RF.SEQ.i_regs[0:65][31:0]
34505 argv[2]: +all
34506 argv[3]: +trace_process
34507 *Verdi* ERROR: The #2 argument "simulator.DCRFLI.RF_GEN[2].RF.SEQ.i_regs[0:65][31:0]" is invalid
34508 *Verdi* ERROR: Failed to dump because the specified instance or option is not correct
34509 *Verdi* ERROR: Syntax - fsdbDumpvars [depth] [instance] [option]*
34510 sps_tcl_fsdbDumpflush_vd_main at 0 : N/A(0)
34511 *Verdi* : Flush all FSDB Files at 0 ps.
34512 sps_tcl_fsdbDumpvars_vd_main
34513 argv[0]: 0
34514 argv[1]: simulator.DCRFLI.RF_GEN[2].RF.SEQ.w_last0
34515 argv[2]: +all
34516 argv[3]: +trace_process
34517 *Verdi* ERROR: The #2 argument "simulator.DCRFLI.RF_GEN[2].RF.SEQ.w_last0" is invalid
34518 *Verdi* ERROR: Failed to dump because the specified instance or option is not correct
34519 *Verdi* ERROR: Syntax - fsdbDumpvars [depth] [instance] [option]*
34520 sps_tcl_fsdbDumpflush_vd_main at 0 : N/A(0)
34521 *Verdi* : Flush all FSDB Files at 0 ps.
34522 sps_tcl_fsdbDumpvars_vd_main
34523 argv[0]: 0
34524 argv[1]: simulator.DCRFLI.RF_GEN[2].RF.SEQ.w_last0_ff1
34525 argv[2]: +all
34526 argv[3]: +trace_process
34527 *Verdi* ERROR: The #2 argument "simulator.DCRFLI.RF_GEN[2].RF.SEQ.w_last0_ff1" is invalid
34528 *Verdi* ERROR: Failed to dump because the specified instance or option is not correct
34529 *Verdi* ERROR: Syntax - fsdbDumpvars [depth] [instance] [option]*
34530 sps_tcl_fsdbDumpflush_vd_main at 0 : N/A(0)
34531 *Verdi* : Flush all FSDB Files at 0 ps.
34532 sps_tcl_fsdbDumpvars_vd_main
34533 argv[0]: 0
34534 argv[1]: simulator.DCRFLI.RF_GEN[2].RF.SEQ.w_last0_ff2
34535 argv[2]: +all
34536 argv[3]: +trace_process
34537 *Verdi* ERROR: The #2 argument "simulator.DCRFLI.RF_GEN[2].RF.SEQ.w_last0_ff2" is invalid
34538 *Verdi* ERROR: Failed to dump because the specified instance or option is not correct
34539 *Verdi* ERROR: Syntax - fsdbDumpvars [depth] [instance] [option]*
34540 sps_tcl_fsdbDumpflush_vd_main at 0 : N/A(0)
34541 *Verdi* : Flush all FSDB Files at 0 ps.
34542 sps_tcl_fsdbDumpvars_vd_main
34543 argv[0]: 0
34544 argv[1]: simulator.DCRFLI.RF_GEN[2].RF.SEQ.w_new_sequence
34545 argv[2]: +all
34546 argv[3]: +trace_process
34547 *Verdi* ERROR: The #2 argument "simulator.DCRFLI.RF_GEN[2].RF.SEQ.w_new_sequence" is invalid
34548 *Verdi* ERROR: Failed to dump because the specified instance or option is not correct
34549 *Verdi* ERROR: Syntax - fsdbDumpvars [depth] [instance] [option]*
34550 sps_tcl_fsdbDumpflush_vd_main at 0 : N/A(0)
34551 *Verdi* : Flush all FSDB Files at 0 ps.
34552 sps_tcl_fsdbDumpvars_vd_main
34553 argv[0]: 0
34554 argv[1]: simulator.DCRFLI.RF_GEN[2].RF.SEQ.r_sequence[0:15][114:0]
34555 argv[2]: +all
34556 argv[3]: +trace_process
34557 *Verdi* ERROR: The #2 argument "simulator.DCRFLI.RF_GEN[2].RF.SEQ.r_sequence[0:15][114:0]" is invalid
34558 *Verdi* ERROR: Failed to dump because the specified instance or option is not correct
34559 *Verdi* ERROR: Syntax - fsdbDumpvars [depth] [instance] [option]*
34560 sps_tcl_fsdbDumpflush_vd_main at 0 : N/A(0)
34561 *Verdi* : Flush all FSDB Files at 0 ps.
34562 sps_tcl_fsdbDumpvars_vd_main
34563 argv[0]: 0
34564 argv[1]: simulator.DCRFLI.RF_GEN[2].RF.SEQ.r_iters[10:0]
34565 argv[2]: +all
34566 argv[3]: +trace_process
34567 *Verdi* ERROR: The #2 argument "simulator.DCRFLI.RF_GEN[2].RF.SEQ.r_iters[10:0]" is invalid
34568 *Verdi* ERROR: Failed to dump because the specified instance or option is not correct
34569 *Verdi* ERROR: Syntax - fsdbDumpvars [depth] [instance] [option]*
34570 sps_tcl_fsdbDumpflush_vd_main at 0 : N/A(0)
34571 *Verdi* : Flush all FSDB Files at 0 ps.
34572 sps_tcl_fsdbDumpvars_vd_main
34573 argv[0]: 0
34574 argv[1]: simulator.DCRFLI.RF_GEN[2].RF.SEQ.r_iptr[3:0]
34575 argv[2]: +all
34576 argv[3]: +trace_process
34577 *Verdi* ERROR: The #2 argument "simulator.DCRFLI.RF_GEN[2].RF.SEQ.r_iptr[3:0]" is invalid
34578 *Verdi* ERROR: Failed to dump because the specified instance or option is not correct
34579 *Verdi* ERROR: Syntax - fsdbDumpvars [depth] [instance] [option]*
34580 sps_tcl_fsdbDumpflush_vd_main at 0 : N/A(0)
34581 *Verdi* : Flush all FSDB Files at 0 ps.
34582 sps_tcl_fsdbDumpvars_vd_main
34583 argv[0]: 0
34584 argv[1]: simulator.DCRFLI.RF_GEN[2].RF.SEQ.w_insn_fetch[114:0]
34585 argv[2]: +all
34586 argv[3]: +trace_process
34587 *Verdi* ERROR: The #2 argument "simulator.DCRFLI.RF_GEN[2].RF.SEQ.w_insn_fetch[114:0]" is invalid
34588 *Verdi* ERROR: Failed to dump because the specified instance or option is not correct
34589 *Verdi* ERROR: Syntax - fsdbDumpvars [depth] [instance] [option]*
34590 sps_tcl_fsdbDumpflush_vd_main at 0 : N/A(0)
34591 *Verdi* : Flush all FSDB Files at 0 ps.
34592 sps_tcl_fsdbDumpvars_vd_main
34593 argv[0]: 0
34594 argv[1]: simulator.DCRFLI.RF_GEN[2].RF.SEQ.w_insn_bubble
34595 argv[2]: +all
34596 argv[3]: +trace_process
34597 *Verdi* ERROR: The #2 argument "simulator.DCRFLI.RF_GEN[2].RF.SEQ.w_insn_bubble" is invalid
34598 *Verdi* ERROR: Failed to dump because the specified instance or option is not correct
34599 *Verdi* ERROR: Syntax - fsdbDumpvars [depth] [instance] [option]*
34600 sps_tcl_fsdbDumpflush_vd_main at 0 : N/A(0)
34601 *Verdi* : Flush all FSDB Files at 0 ps.
34602 sps_tcl_fsdbDumpvars_vd_main
34603 argv[0]: 0
34604 argv[1]: simulator.DCRFLI.RF_GEN[2].RF.SEQ.w_iptr_plus1[3:0]
34605 argv[2]: +all
34606 argv[3]: +trace_process
34607 *Verdi* ERROR: The #2 argument "simulator.DCRFLI.RF_GEN[2].RF.SEQ.w_iptr_plus1[3:0]" is invalid
34608 *Verdi* ERROR: Failed to dump because the specified instance or option is not correct
34609 *Verdi* ERROR: Syntax - fsdbDumpvars [depth] [instance] [option]*
34610 sps_tcl_fsdbDumpflush_vd_main at 0 : N/A(0)
34611 *Verdi* : Flush all FSDB Files at 0 ps.
34612 sps_tcl_fsdbDumpvars_vd_main
34613 argv[0]: 0
34614 argv[1]: simulator.DCRFLI.RF_GEN[2].RF.SEQ.w_next_null
34615 argv[2]: +all
34616 argv[3]: +trace_process
34617 *Verdi* ERROR: The #2 argument "simulator.DCRFLI.RF_GEN[2].RF.SEQ.w_next_null" is invalid
34618 *Verdi* ERROR: Failed to dump because the specified instance or option is not correct
34619 *Verdi* ERROR: Syntax - fsdbDumpvars [depth] [instance] [option]*
34620 sps_tcl_fsdbDumpflush_vd_main at 0 : N/A(0)
34621 *Verdi* : Flush all FSDB Files at 0 ps.
34622 sps_tcl_fsdbDumpvars_vd_main
34623 argv[0]: 0
34624 argv[1]: simulator.DCRFLI.RF_GEN[2].RF.SEQ.o_empty
34625 argv[2]: +all
34626 argv[3]: +trace_process
34627 *Verdi* ERROR: The #2 argument "simulator.DCRFLI.RF_GEN[2].RF.SEQ.o_empty" is invalid
34628 *Verdi* ERROR: Failed to dump because the specified instance or option is not correct
34629 *Verdi* ERROR: Syntax - fsdbDumpvars [depth] [instance] [option]*
34630 sps_tcl_fsdbDumpflush_vd_main at 0 : N/A(0)
34631 *Verdi* : Flush all FSDB Files at 0 ps.
34632 sps_tcl_fsdbDumpvars_vd_main
34633 argv[0]: 0
34634 argv[1]: simulator.DCRFLI.RF_GEN[2].RF.SEQ.i_next
34635 argv[2]: +all
34636 argv[3]: +trace_process
34637 *Verdi* ERROR: The #2 argument "simulator.DCRFLI.RF_GEN[2].RF.SEQ.i_next" is invalid
34638 *Verdi* ERROR: Failed to dump because the specified instance or option is not correct
34639 *Verdi* ERROR: Syntax - fsdbDumpvars [depth] [instance] [option]*
34640 sps_tcl_fsdbDumpflush_vd_main at 0 : N/A(0)
34641 *Verdi* : Flush all FSDB Files at 0 ps.
34642 sps_tcl_fsdbDumpvars_vd_main
34643 argv[0]: 0
34644 argv[1]: simulator.DCRFLI.RF_GEN[2].RF.SEQ.o_addr[3:0]
34645 argv[2]: +all
34646 argv[3]: +trace_process
34647 *Verdi* ERROR: The #2 argument "simulator.DCRFLI.RF_GEN[2].RF.SEQ.o_addr[3:0]" is invalid
34648 *Verdi* ERROR: Failed to dump because the specified instance or option is not correct
34649 *Verdi* ERROR: Syntax - fsdbDumpvars [depth] [instance] [option]*
34650 sps_tcl_fsdbDumpflush_vd_main at 0 : N/A(0)
34651 *Verdi* : Flush all FSDB Files at 0 ps.
34652 sps_tcl_fsdbDumpvars_vd_main
34653 argv[0]: 0
34654 argv[1]: simulator.DCRFLI.RF_GEN[2].RF.SEQ.o_insn[114:0]
34655 argv[2]: +all
34656 argv[3]: +trace_process
34657 *Verdi* ERROR: The #2 argument "simulator.DCRFLI.RF_GEN[2].RF.SEQ.o_insn[114:0]" is invalid
34658 *Verdi* ERROR: Failed to dump because the specified instance or option is not correct
34659 *Verdi* ERROR: Syntax - fsdbDumpvars [depth] [instance] [option]*
34660 sps_tcl_fsdbDumpflush_vd_main at 0 : N/A(0)
34661 *Verdi* : Flush all FSDB Files at 0 ps.
34662 sps_tcl_fsdbDumpvars_vd_main
34663 argv[0]: 0
34664 argv[1]: simulator.DCRFLI.RF_GEN[2].RF.SEQ.r_iptr_modify[3:0]
34665 argv[2]: +all
34666 argv[3]: +trace_process
34667 *Verdi* ERROR: The #2 argument "simulator.DCRFLI.RF_GEN[2].RF.SEQ.r_iptr_modify[3:0]" is invalid
34668 *Verdi* ERROR: Failed to dump because the specified instance or option is not correct
34669 *Verdi* ERROR: Syntax - fsdbDumpvars [depth] [instance] [option]*
34670 sps_tcl_fsdbDumpflush_vd_main at 0 : N/A(0)
34671 *Verdi* : Flush all FSDB Files at 0 ps.
34672 sps_tcl_fsdbDumpvars_vd_main
34673 argv[0]: 0
34674 argv[1]: simulator.DCRFLI.RF_GEN[2].RF.SEQ.i_insn_modified[114:0]
34675 argv[2]: +all
34676 argv[3]: +trace_process
34677 *Verdi* ERROR: The #2 argument "simulator.DCRFLI.RF_GEN[2].RF.SEQ.i_insn_modified[114:0]" is invalid
34678 *Verdi* ERROR: Failed to dump because the specified instance or option is not correct
34679 *Verdi* ERROR: Syntax - fsdbDumpvars [depth] [instance] [option]*
34680 sps_tcl_fsdbDumpflush_vd_main at 0 : N/A(0)
34681 *Verdi* : Flush all FSDB Files at 0 ps.
34682 sps_tcl_fsdbDumpvars_vd_main
34683 argv[0]: 0
34684 argv[1]: simulator.DCRFLI.RF_GEN[2].RF.CORE.CORDIC_GEN[0].CORDIC.c[15]
34685 argv[2]: +all
34686 argv[3]: +trace_process
34687 *Verdi* ERROR: The #2 argument "simulator.DCRFLI.RF_GEN[2].RF.CORE.CORDIC_GEN[0].CORDIC.c[15]" is invalid
34688 *Verdi* ERROR: Failed to dump because the specified instance or option is not correct
34689 *Verdi* ERROR: Syntax - fsdbDumpvars [depth] [instance] [option]*
34690 sps_tcl_fsdbDumpflush_vd_main at 0 : N/A(0)
34691 *Verdi* : Flush all FSDB Files at 0 ps.
34692 sps_tcl_fsdbDumpvars_vd_main
34693 argv[0]: 0
34694 argv[1]: simulator.DCRFLI.RF_GEN[2].RF.CORE.CORDIC_GEN[1].CORDIC.c[15]
34695 argv[2]: +all
34696 argv[3]: +trace_process
34697 *Verdi* ERROR: The #2 argument "simulator.DCRFLI.RF_GEN[2].RF.CORE.CORDIC_GEN[1].CORDIC.c[15]" is invalid
34698 *Verdi* ERROR: Failed to dump because the specified instance or option is not correct
34699 *Verdi* ERROR: Syntax - fsdbDumpvars [depth] [instance] [option]*
34700 sps_tcl_fsdbDumpflush_vd_main at 0 : N/A(0)
34701 *Verdi* : Flush all FSDB Files at 0 ps.
34702 sps_tcl_fsdbDumpvars_vd_main
34703 argv[0]: 0
34704 argv[1]: simulator.DCRFLI.RF_GEN[2].RF.CORE.CORDIC_GEN[2].CORDIC.c[15]
34705 argv[2]: +all
34706 argv[3]: +trace_process
34707 *Verdi* ERROR: The #2 argument "simulator.DCRFLI.RF_GEN[2].RF.CORE.CORDIC_GEN[2].CORDIC.c[15]" is invalid
34708 *Verdi* ERROR: Failed to dump because the specified instance or option is not correct
34709 *Verdi* ERROR: Syntax - fsdbDumpvars [depth] [instance] [option]*
34710 sps_tcl_fsdbDumpflush_vd_main at 0 : N/A(0)
34711 *Verdi* : Flush all FSDB Files at 0 ps.
34712 sps_tcl_fsdbDumpvars_vd_main
34713 argv[0]: 0
34714 argv[1]: simulator.DCRFLI.RF_GEN[2].RF.CORE.CORDIC_GEN[3].CORDIC.c[15]
34715 argv[2]: +all
34716 argv[3]: +trace_process
34717 *Verdi* ERROR: The #2 argument "simulator.DCRFLI.RF_GEN[2].RF.CORE.CORDIC_GEN[3].CORDIC.c[15]" is invalid
34718 *Verdi* ERROR: Failed to dump because the specified instance or option is not correct
34719 *Verdi* ERROR: Syntax - fsdbDumpvars [depth] [instance] [option]*
34720 sps_tcl_fsdbDumpflush_vd_main at 0 : N/A(0)
34721 *Verdi* : Flush all FSDB Files at 0 ps.
34722 sps_tcl_fsdbDumpvars_vd_main
34723 argv[0]: 0
34724 argv[1]: simulator.DCRFLI.RF_GEN[2].RF.CORE.CORDIC_GEN[4].CORDIC.c[15]
34725 argv[2]: +all
34726 argv[3]: +trace_process
34727 *Verdi* ERROR: The #2 argument "simulator.DCRFLI.RF_GEN[2].RF.CORE.CORDIC_GEN[4].CORDIC.c[15]" is invalid
34728 *Verdi* ERROR: Failed to dump because the specified instance or option is not correct
34729 *Verdi* ERROR: Syntax - fsdbDumpvars [depth] [instance] [option]*
34730 sps_tcl_fsdbDumpflush_vd_main at 0 : N/A(0)
34731 *Verdi* : Flush all FSDB Files at 0 ps.
34732 sps_tcl_fsdbDumpvars_vd_main
34733 argv[0]: 0
34734 argv[1]: simulator.DCRFLI.RF_GEN[2].RF.CORE.CORDIC_GEN[5].CORDIC.c[15]
34735 argv[2]: +all
34736 argv[3]: +trace_process
34737 *Verdi* ERROR: The #2 argument "simulator.DCRFLI.RF_GEN[2].RF.CORE.CORDIC_GEN[5].CORDIC.c[15]" is invalid
34738 *Verdi* ERROR: Failed to dump because the specified instance or option is not correct
34739 *Verdi* ERROR: Syntax - fsdbDumpvars [depth] [instance] [option]*
34740 sps_tcl_fsdbDumpflush_vd_main at 0 : N/A(0)
34741 *Verdi* : Flush all FSDB Files at 0 ps.
34742 sps_tcl_fsdbDumpvars_vd_main
34743 argv[0]: 0
34744 argv[1]: simulator.DCRFLI.RF_GEN[2].RF.CORE.CORDIC_GEN[6].CORDIC.c[15]
34745 argv[2]: +all
34746 argv[3]: +trace_process
34747 *Verdi* ERROR: The #2 argument "simulator.DCRFLI.RF_GEN[2].RF.CORE.CORDIC_GEN[6].CORDIC.c[15]" is invalid
34748 *Verdi* ERROR: Failed to dump because the specified instance or option is not correct
34749 *Verdi* ERROR: Syntax - fsdbDumpvars [depth] [instance] [option]*
34750 sps_tcl_fsdbDumpflush_vd_main at 0 : N/A(0)
34751 *Verdi* : Flush all FSDB Files at 0 ps.
34752 sps_tcl_fsdbDumpvars_vd_main
34753 argv[0]: 0
34754 argv[1]: simulator.DCRFLI.RF_GEN[2].RF.CORE.CORDIC_GEN[7].CORDIC.c[15]
34755 argv[2]: +all
34756 argv[3]: +trace_process
34757 *Verdi* ERROR: The #2 argument "simulator.DCRFLI.RF_GEN[2].RF.CORE.CORDIC_GEN[7].CORDIC.c[15]" is invalid
34758 *Verdi* ERROR: Failed to dump because the specified instance or option is not correct
34759 *Verdi* ERROR: Syntax - fsdbDumpvars [depth] [instance] [option]*
34760 sps_tcl_fsdbDumpflush_vd_main at 0 : N/A(0)
34761 *Verdi* : Flush all FSDB Files at 0 ps.
34762 sps_tcl_fsdbDumpvars_vd_main
34763 argv[0]: 0
34764 argv[1]: simulator.DCRFLI.RF_GEN[2].RF.CORE.CORDIC_GEN[0].CORDIC.c[14]
34765 argv[2]: +all
34766 argv[3]: +trace_process
34767 *Verdi* ERROR: The #2 argument "simulator.DCRFLI.RF_GEN[2].RF.CORE.CORDIC_GEN[0].CORDIC.c[14]" is invalid
34768 *Verdi* ERROR: Failed to dump because the specified instance or option is not correct
34769 *Verdi* ERROR: Syntax - fsdbDumpvars [depth] [instance] [option]*
34770 sps_tcl_fsdbDumpflush_vd_main at 0 : N/A(0)
34771 *Verdi* : Flush all FSDB Files at 0 ps.
34772 sps_tcl_fsdbDumpvars_vd_main
34773 argv[0]: 0
34774 argv[1]: simulator.DCRFLI.RF_GEN[2].RF.CORE.CORDIC_GEN[1].CORDIC.c[14]
34775 argv[2]: +all
34776 argv[3]: +trace_process
34777 *Verdi* ERROR: The #2 argument "simulator.DCRFLI.RF_GEN[2].RF.CORE.CORDIC_GEN[1].CORDIC.c[14]" is invalid
34778 *Verdi* ERROR: Failed to dump because the specified instance or option is not correct
34779 *Verdi* ERROR: Syntax - fsdbDumpvars [depth] [instance] [option]*
34780 sps_tcl_fsdbDumpflush_vd_main at 0 : N/A(0)
34781 *Verdi* : Flush all FSDB Files at 0 ps.
34782 sps_tcl_fsdbDumpvars_vd_main
34783 argv[0]: 0
34784 argv[1]: simulator.DCRFLI.RF_GEN[2].RF.CORE.CORDIC_GEN[2].CORDIC.c[14]
34785 argv[2]: +all
34786 argv[3]: +trace_process
34787 *Verdi* ERROR: The #2 argument "simulator.DCRFLI.RF_GEN[2].RF.CORE.CORDIC_GEN[2].CORDIC.c[14]" is invalid
34788 *Verdi* ERROR: Failed to dump because the specified instance or option is not correct
34789 *Verdi* ERROR: Syntax - fsdbDumpvars [depth] [instance] [option]*
34790 sps_tcl_fsdbDumpflush_vd_main at 0 : N/A(0)
34791 *Verdi* : Flush all FSDB Files at 0 ps.
34792 sps_tcl_fsdbDumpvars_vd_main
34793 argv[0]: 0
34794 argv[1]: simulator.DCRFLI.RF_GEN[2].RF.CORE.CORDIC_GEN[3].CORDIC.c[14]
34795 argv[2]: +all
34796 argv[3]: +trace_process
34797 *Verdi* ERROR: The #2 argument "simulator.DCRFLI.RF_GEN[2].RF.CORE.CORDIC_GEN[3].CORDIC.c[14]" is invalid
34798 *Verdi* ERROR: Failed to dump because the specified instance or option is not correct
34799 *Verdi* ERROR: Syntax - fsdbDumpvars [depth] [instance] [option]*
34800 sps_tcl_fsdbDumpflush_vd_main at 0 : N/A(0)
34801 *Verdi* : Flush all FSDB Files at 0 ps.
34802 sps_tcl_fsdbDumpvars_vd_main
34803 argv[0]: 0
34804 argv[1]: simulator.DCRFLI.RF_GEN[2].RF.CORE.CORDIC_GEN[4].CORDIC.c[14]
34805 argv[2]: +all
34806 argv[3]: +trace_process
34807 *Verdi* ERROR: The #2 argument "simulator.DCRFLI.RF_GEN[2].RF.CORE.CORDIC_GEN[4].CORDIC.c[14]" is invalid
34808 *Verdi* ERROR: Failed to dump because the specified instance or option is not correct
34809 *Verdi* ERROR: Syntax - fsdbDumpvars [depth] [instance] [option]*
34810 sps_tcl_fsdbDumpflush_vd_main at 0 : N/A(0)
34811 *Verdi* : Flush all FSDB Files at 0 ps.
34812 sps_tcl_fsdbDumpvars_vd_main
34813 argv[0]: 0
34814 argv[1]: simulator.DCRFLI.RF_GEN[2].RF.CORE.CORDIC_GEN[5].CORDIC.c[14]
34815 argv[2]: +all
34816 argv[3]: +trace_process
34817 *Verdi* ERROR: The #2 argument "simulator.DCRFLI.RF_GEN[2].RF.CORE.CORDIC_GEN[5].CORDIC.c[14]" is invalid
34818 *Verdi* ERROR: Failed to dump because the specified instance or option is not correct
34819 *Verdi* ERROR: Syntax - fsdbDumpvars [depth] [instance] [option]*
34820 sps_tcl_fsdbDumpflush_vd_main at 0 : N/A(0)
34821 *Verdi* : Flush all FSDB Files at 0 ps.
34822 sps_tcl_fsdbDumpvars_vd_main
34823 argv[0]: 0
34824 argv[1]: simulator.DCRFLI.RF_GEN[2].RF.CORE.CORDIC_GEN[6].CORDIC.c[14]
34825 argv[2]: +all
34826 argv[3]: +trace_process
34827 *Verdi* ERROR: The #2 argument "simulator.DCRFLI.RF_GEN[2].RF.CORE.CORDIC_GEN[6].CORDIC.c[14]" is invalid
34828 *Verdi* ERROR: Failed to dump because the specified instance or option is not correct
34829 *Verdi* ERROR: Syntax - fsdbDumpvars [depth] [instance] [option]*
34830 sps_tcl_fsdbDumpflush_vd_main at 0 : N/A(0)
34831 *Verdi* : Flush all FSDB Files at 0 ps.
34832 sps_tcl_fsdbDumpvars_vd_main
34833 argv[0]: 0
34834 argv[1]: simulator.DCRFLI.RF_GEN[2].RF.CORE.CORDIC_GEN[7].CORDIC.c[14]
34835 argv[2]: +all
34836 argv[3]: +trace_process
34837 *Verdi* ERROR: The #2 argument "simulator.DCRFLI.RF_GEN[2].RF.CORE.CORDIC_GEN[7].CORDIC.c[14]" is invalid
34838 *Verdi* ERROR: Failed to dump because the specified instance or option is not correct
34839 *Verdi* ERROR: Syntax - fsdbDumpvars [depth] [instance] [option]*
34840 sps_tcl_fsdbDumpflush_vd_main at 0 : N/A(0)
34841 *Verdi* : Flush all FSDB Files at 0 ps.
34842 sps_tcl_fsdbDumpvars_vd_main
34843 argv[0]: 0
34844 argv[1]: simulator.DCRFLI.RF_GEN[2].RF.CORE.CORDIC_GEN[0].CORDIC.c[13]
34845 argv[2]: +all
34846 argv[3]: +trace_process
34847 *Verdi* ERROR: The #2 argument "simulator.DCRFLI.RF_GEN[2].RF.CORE.CORDIC_GEN[0].CORDIC.c[13]" is invalid
34848 *Verdi* ERROR: Failed to dump because the specified instance or option is not correct
34849 *Verdi* ERROR: Syntax - fsdbDumpvars [depth] [instance] [option]*
34850 sps_tcl_fsdbDumpflush_vd_main at 0 : N/A(0)
34851 *Verdi* : Flush all FSDB Files at 0 ps.
34852 sps_tcl_fsdbDumpvars_vd_main
34853 argv[0]: 0
34854 argv[1]: simulator.DCRFLI.RF_GEN[2].RF.CORE.CORDIC_GEN[1].CORDIC.c[13]
34855 argv[2]: +all
34856 argv[3]: +trace_process
34857 *Verdi* ERROR: The #2 argument "simulator.DCRFLI.RF_GEN[2].RF.CORE.CORDIC_GEN[1].CORDIC.c[13]" is invalid
34858 *Verdi* ERROR: Failed to dump because the specified instance or option is not correct
34859 *Verdi* ERROR: Syntax - fsdbDumpvars [depth] [instance] [option]*
34860 sps_tcl_fsdbDumpflush_vd_main at 0 : N/A(0)
34861 *Verdi* : Flush all FSDB Files at 0 ps.
34862 sps_tcl_fsdbDumpvars_vd_main
34863 argv[0]: 0
34864 argv[1]: simulator.DCRFLI.RF_GEN[2].RF.CORE.CORDIC_GEN[2].CORDIC.c[13]
34865 argv[2]: +all
34866 argv[3]: +trace_process
34867 *Verdi* ERROR: The #2 argument "simulator.DCRFLI.RF_GEN[2].RF.CORE.CORDIC_GEN[2].CORDIC.c[13]" is invalid
34868 *Verdi* ERROR: Failed to dump because the specified instance or option is not correct
34869 *Verdi* ERROR: Syntax - fsdbDumpvars [depth] [instance] [option]*
34870 sps_tcl_fsdbDumpflush_vd_main at 0 : N/A(0)
34871 *Verdi* : Flush all FSDB Files at 0 ps.
34872 sps_tcl_fsdbDumpvars_vd_main
34873 argv[0]: 0
34874 argv[1]: simulator.DCRFLI.RF_GEN[2].RF.CORE.CORDIC_GEN[3].CORDIC.c[13]
34875 argv[2]: +all
34876 argv[3]: +trace_process
34877 *Verdi* ERROR: The #2 argument "simulator.DCRFLI.RF_GEN[2].RF.CORE.CORDIC_GEN[3].CORDIC.c[13]" is invalid
34878 *Verdi* ERROR: Failed to dump because the specified instance or option is not correct
34879 *Verdi* ERROR: Syntax - fsdbDumpvars [depth] [instance] [option]*
34880 sps_tcl_fsdbDumpflush_vd_main at 0 : N/A(0)
34881 *Verdi* : Flush all FSDB Files at 0 ps.
34882 sps_tcl_fsdbDumpvars_vd_main
34883 argv[0]: 0
34884 argv[1]: simulator.DCRFLI.RF_GEN[2].RF.CORE.CORDIC_GEN[4].CORDIC.c[13]
34885 argv[2]: +all
34886 argv[3]: +trace_process
34887 *Verdi* ERROR: The #2 argument "simulator.DCRFLI.RF_GEN[2].RF.CORE.CORDIC_GEN[4].CORDIC.c[13]" is invalid
34888 *Verdi* ERROR: Failed to dump because the specified instance or option is not correct
34889 *Verdi* ERROR: Syntax - fsdbDumpvars [depth] [instance] [option]*
34890 sps_tcl_fsdbDumpflush_vd_main at 0 : N/A(0)
34891 *Verdi* : Flush all FSDB Files at 0 ps.
34892 sps_tcl_fsdbDumpvars_vd_main
34893 argv[0]: 0
34894 argv[1]: simulator.DCRFLI.RF_GEN[2].RF.CORE.CORDIC_GEN[5].CORDIC.c[13]
34895 argv[2]: +all
34896 argv[3]: +trace_process
34897 *Verdi* ERROR: The #2 argument "simulator.DCRFLI.RF_GEN[2].RF.CORE.CORDIC_GEN[5].CORDIC.c[13]" is invalid
34898 *Verdi* ERROR: Failed to dump because the specified instance or option is not correct
34899 *Verdi* ERROR: Syntax - fsdbDumpvars [depth] [instance] [option]*
34900 sps_tcl_fsdbDumpflush_vd_main at 0 : N/A(0)
34901 *Verdi* : Flush all FSDB Files at 0 ps.
34902 sps_tcl_fsdbDumpvars_vd_main
34903 argv[0]: 0
34904 argv[1]: simulator.DCRFLI.RF_GEN[2].RF.CORE.CORDIC_GEN[6].CORDIC.c[13]
34905 argv[2]: +all
34906 argv[3]: +trace_process
34907 *Verdi* ERROR: The #2 argument "simulator.DCRFLI.RF_GEN[2].RF.CORE.CORDIC_GEN[6].CORDIC.c[13]" is invalid
34908 *Verdi* ERROR: Failed to dump because the specified instance or option is not correct
34909 *Verdi* ERROR: Syntax - fsdbDumpvars [depth] [instance] [option]*
34910 sps_tcl_fsdbDumpflush_vd_main at 0 : N/A(0)
34911 *Verdi* : Flush all FSDB Files at 0 ps.
34912 sps_tcl_fsdbDumpvars_vd_main
34913 argv[0]: 0
34914 argv[1]: simulator.DCRFLI.RF_GEN[2].RF.CORE.CORDIC_GEN[7].CORDIC.c[13]
34915 argv[2]: +all
34916 argv[3]: +trace_process
34917 *Verdi* ERROR: The #2 argument "simulator.DCRFLI.RF_GEN[2].RF.CORE.CORDIC_GEN[7].CORDIC.c[13]" is invalid
34918 *Verdi* ERROR: Failed to dump because the specified instance or option is not correct
34919 *Verdi* ERROR: Syntax - fsdbDumpvars [depth] [instance] [option]*
34920 sps_tcl_fsdbDumpflush_vd_main at 0 : N/A(0)
34921 *Verdi* : Flush all FSDB Files at 0 ps.
34922 sps_tcl_fsdbDumpvars_vd_main
34923 argv[0]: 0
34924 argv[1]: simulator.DCRFLI.RF_GEN[2].RF.CORE.CORDIC_GEN[0].CORDIC.c[12]
34925 argv[2]: +all
34926 argv[3]: +trace_process
34927 *Verdi* ERROR: The #2 argument "simulator.DCRFLI.RF_GEN[2].RF.CORE.CORDIC_GEN[0].CORDIC.c[12]" is invalid
34928 *Verdi* ERROR: Failed to dump because the specified instance or option is not correct
34929 *Verdi* ERROR: Syntax - fsdbDumpvars [depth] [instance] [option]*
34930 sps_tcl_fsdbDumpflush_vd_main at 0 : N/A(0)
34931 *Verdi* : Flush all FSDB Files at 0 ps.
34932 sps_tcl_fsdbDumpvars_vd_main
34933 argv[0]: 0
34934 argv[1]: simulator.DCRFLI.RF_GEN[2].RF.CORE.CORDIC_GEN[1].CORDIC.c[12]
34935 argv[2]: +all
34936 argv[3]: +trace_process
34937 *Verdi* ERROR: The #2 argument "simulator.DCRFLI.RF_GEN[2].RF.CORE.CORDIC_GEN[1].CORDIC.c[12]" is invalid
34938 *Verdi* ERROR: Failed to dump because the specified instance or option is not correct
34939 *Verdi* ERROR: Syntax - fsdbDumpvars [depth] [instance] [option]*
34940 sps_tcl_fsdbDumpflush_vd_main at 0 : N/A(0)
34941 *Verdi* : Flush all FSDB Files at 0 ps.
34942 sps_tcl_fsdbDumpvars_vd_main
34943 argv[0]: 0
34944 argv[1]: simulator.DCRFLI.RF_GEN[2].RF.CORE.CORDIC_GEN[2].CORDIC.c[12]
34945 argv[2]: +all
34946 argv[3]: +trace_process
34947 *Verdi* ERROR: The #2 argument "simulator.DCRFLI.RF_GEN[2].RF.CORE.CORDIC_GEN[2].CORDIC.c[12]" is invalid
34948 *Verdi* ERROR: Failed to dump because the specified instance or option is not correct
34949 *Verdi* ERROR: Syntax - fsdbDumpvars [depth] [instance] [option]*
34950 sps_tcl_fsdbDumpflush_vd_main at 0 : N/A(0)
34951 *Verdi* : Flush all FSDB Files at 0 ps.
34952 sps_tcl_fsdbDumpvars_vd_main
34953 argv[0]: 0
34954 argv[1]: simulator.DCRFLI.RF_GEN[2].RF.CORE.CORDIC_GEN[3].CORDIC.c[12]
34955 argv[2]: +all
34956 argv[3]: +trace_process
34957 *Verdi* ERROR: The #2 argument "simulator.DCRFLI.RF_GEN[2].RF.CORE.CORDIC_GEN[3].CORDIC.c[12]" is invalid
34958 *Verdi* ERROR: Failed to dump because the specified instance or option is not correct
34959 *Verdi* ERROR: Syntax - fsdbDumpvars [depth] [instance] [option]*
34960 sps_tcl_fsdbDumpflush_vd_main at 0 : N/A(0)
34961 *Verdi* : Flush all FSDB Files at 0 ps.
34962 sps_tcl_fsdbDumpvars_vd_main
34963 argv[0]: 0
34964 argv[1]: simulator.DCRFLI.RF_GEN[2].RF.CORE.CORDIC_GEN[4].CORDIC.c[12]
34965 argv[2]: +all
34966 argv[3]: +trace_process
34967 *Verdi* ERROR: The #2 argument "simulator.DCRFLI.RF_GEN[2].RF.CORE.CORDIC_GEN[4].CORDIC.c[12]" is invalid
34968 *Verdi* ERROR: Failed to dump because the specified instance or option is not correct
34969 *Verdi* ERROR: Syntax - fsdbDumpvars [depth] [instance] [option]*
34970 sps_tcl_fsdbDumpflush_vd_main at 0 : N/A(0)
34971 *Verdi* : Flush all FSDB Files at 0 ps.
34972 sps_tcl_fsdbDumpvars_vd_main
34973 argv[0]: 0
34974 argv[1]: simulator.DCRFLI.RF_GEN[2].RF.CORE.CORDIC_GEN[5].CORDIC.c[12]
34975 argv[2]: +all
34976 argv[3]: +trace_process
34977 *Verdi* ERROR: The #2 argument "simulator.DCRFLI.RF_GEN[2].RF.CORE.CORDIC_GEN[5].CORDIC.c[12]" is invalid
34978 *Verdi* ERROR: Failed to dump because the specified instance or option is not correct
34979 *Verdi* ERROR: Syntax - fsdbDumpvars [depth] [instance] [option]*
34980 sps_tcl_fsdbDumpflush_vd_main at 0 : N/A(0)
34981 *Verdi* : Flush all FSDB Files at 0 ps.
34982 sps_tcl_fsdbDumpvars_vd_main
34983 argv[0]: 0
34984 argv[1]: simulator.DCRFLI.RF_GEN[2].RF.CORE.CORDIC_GEN[6].CORDIC.c[12]
34985 argv[2]: +all
34986 argv[3]: +trace_process
34987 *Verdi* ERROR: The #2 argument "simulator.DCRFLI.RF_GEN[2].RF.CORE.CORDIC_GEN[6].CORDIC.c[12]" is invalid
34988 *Verdi* ERROR: Failed to dump because the specified instance or option is not correct
34989 *Verdi* ERROR: Syntax - fsdbDumpvars [depth] [instance] [option]*
34990 sps_tcl_fsdbDumpflush_vd_main at 0 : N/A(0)
34991 *Verdi* : Flush all FSDB Files at 0 ps.
34992 sps_tcl_fsdbDumpvars_vd_main
34993 argv[0]: 0
34994 argv[1]: simulator.DCRFLI.RF_GEN[2].RF.CORE.CORDIC_GEN[7].CORDIC.c[12]
34995 argv[2]: +all
34996 argv[3]: +trace_process
34997 *Verdi* ERROR: The #2 argument "simulator.DCRFLI.RF_GEN[2].RF.CORE.CORDIC_GEN[7].CORDIC.c[12]" is invalid
34998 *Verdi* ERROR: Failed to dump because the specified instance or option is not correct
34999 *Verdi* ERROR: Syntax - fsdbDumpvars [depth] [instance] [option]*
35000 sps_tcl_fsdbDumpflush_vd_main at 0 : N/A(0)
35001 *Verdi* : Flush all FSDB Files at 0 ps.
35002 sps_tcl_fsdbDumpvars_vd_main
35003 argv[0]: 0
35004 argv[1]: simulator.DCRFLI.RF_GEN[2].RF.CORE.CORDIC_GEN[0].CORDIC.c[11]
35005 argv[2]: +all
35006 argv[3]: +trace_process
35007 *Verdi* ERROR: The #2 argument "simulator.DCRFLI.RF_GEN[2].RF.CORE.CORDIC_GEN[0].CORDIC.c[11]" is invalid
35008 *Verdi* ERROR: Failed to dump because the specified instance or option is not correct
35009 *Verdi* ERROR: Syntax - fsdbDumpvars [depth] [instance] [option]*
35010 sps_tcl_fsdbDumpflush_vd_main at 0 : N/A(0)
35011 *Verdi* : Flush all FSDB Files at 0 ps.
35012 sps_tcl_fsdbDumpvars_vd_main
35013 argv[0]: 0
35014 argv[1]: simulator.DCRFLI.RF_GEN[2].RF.CORE.CORDIC_GEN[1].CORDIC.c[11]
35015 argv[2]: +all
35016 argv[3]: +trace_process
35017 *Verdi* ERROR: The #2 argument "simulator.DCRFLI.RF_GEN[2].RF.CORE.CORDIC_GEN[1].CORDIC.c[11]" is invalid
35018 *Verdi* ERROR: Failed to dump because the specified instance or option is not correct
35019 *Verdi* ERROR: Syntax - fsdbDumpvars [depth] [instance] [option]*
35020 sps_tcl_fsdbDumpflush_vd_main at 0 : N/A(0)
35021 *Verdi* : Flush all FSDB Files at 0 ps.
35022 sps_tcl_fsdbDumpvars_vd_main
35023 argv[0]: 0
35024 argv[1]: simulator.DCRFLI.RF_GEN[2].RF.CORE.CORDIC_GEN[2].CORDIC.c[11]
35025 argv[2]: +all
35026 argv[3]: +trace_process
35027 *Verdi* ERROR: The #2 argument "simulator.DCRFLI.RF_GEN[2].RF.CORE.CORDIC_GEN[2].CORDIC.c[11]" is invalid
35028 *Verdi* ERROR: Failed to dump because the specified instance or option is not correct
35029 *Verdi* ERROR: Syntax - fsdbDumpvars [depth] [instance] [option]*
35030 sps_tcl_fsdbDumpflush_vd_main at 0 : N/A(0)
35031 *Verdi* : Flush all FSDB Files at 0 ps.
35032 sps_tcl_fsdbDumpvars_vd_main
35033 argv[0]: 0
35034 argv[1]: simulator.DCRFLI.RF_GEN[2].RF.CORE.CORDIC_GEN[3].CORDIC.c[11]
35035 argv[2]: +all
35036 argv[3]: +trace_process
35037 *Verdi* ERROR: The #2 argument "simulator.DCRFLI.RF_GEN[2].RF.CORE.CORDIC_GEN[3].CORDIC.c[11]" is invalid
35038 *Verdi* ERROR: Failed to dump because the specified instance or option is not correct
35039 *Verdi* ERROR: Syntax - fsdbDumpvars [depth] [instance] [option]*
35040 sps_tcl_fsdbDumpflush_vd_main at 0 : N/A(0)
35041 *Verdi* : Flush all FSDB Files at 0 ps.
35042 sps_tcl_fsdbDumpvars_vd_main
35043 argv[0]: 0
35044 argv[1]: simulator.DCRFLI.RF_GEN[2].RF.CORE.CORDIC_GEN[4].CORDIC.c[11]
35045 argv[2]: +all
35046 argv[3]: +trace_process
35047 *Verdi* ERROR: The #2 argument "simulator.DCRFLI.RF_GEN[2].RF.CORE.CORDIC_GEN[4].CORDIC.c[11]" is invalid
35048 *Verdi* ERROR: Failed to dump because the specified instance or option is not correct
35049 *Verdi* ERROR: Syntax - fsdbDumpvars [depth] [instance] [option]*
35050 sps_tcl_fsdbDumpflush_vd_main at 0 : N/A(0)
35051 *Verdi* : Flush all FSDB Files at 0 ps.
35052 sps_tcl_fsdbDumpvars_vd_main
35053 argv[0]: 0
35054 argv[1]: simulator.DCRFLI.RF_GEN[2].RF.CORE.CORDIC_GEN[5].CORDIC.c[11]
35055 argv[2]: +all
35056 argv[3]: +trace_process
35057 *Verdi* ERROR: The #2 argument "simulator.DCRFLI.RF_GEN[2].RF.CORE.CORDIC_GEN[5].CORDIC.c[11]" is invalid
35058 *Verdi* ERROR: Failed to dump because the specified instance or option is not correct
35059 *Verdi* ERROR: Syntax - fsdbDumpvars [depth] [instance] [option]*
35060 sps_tcl_fsdbDumpflush_vd_main at 0 : N/A(0)
35061 *Verdi* : Flush all FSDB Files at 0 ps.
35062 sps_tcl_fsdbDumpvars_vd_main
35063 argv[0]: 0
35064 argv[1]: simulator.DCRFLI.RF_GEN[2].RF.CORE.CORDIC_GEN[6].CORDIC.c[11]
35065 argv[2]: +all
35066 argv[3]: +trace_process
35067 *Verdi* ERROR: The #2 argument "simulator.DCRFLI.RF_GEN[2].RF.CORE.CORDIC_GEN[6].CORDIC.c[11]" is invalid
35068 *Verdi* ERROR: Failed to dump because the specified instance or option is not correct
35069 *Verdi* ERROR: Syntax - fsdbDumpvars [depth] [instance] [option]*
35070 sps_tcl_fsdbDumpflush_vd_main at 0 : N/A(0)
35071 *Verdi* : Flush all FSDB Files at 0 ps.
35072 sps_tcl_fsdbDumpvars_vd_main
35073 argv[0]: 0
35074 argv[1]: simulator.DCRFLI.RF_GEN[2].RF.CORE.CORDIC_GEN[7].CORDIC.c[11]
35075 argv[2]: +all
35076 argv[3]: +trace_process
35077 *Verdi* ERROR: The #2 argument "simulator.DCRFLI.RF_GEN[2].RF.CORE.CORDIC_GEN[7].CORDIC.c[11]" is invalid
35078 *Verdi* ERROR: Failed to dump because the specified instance or option is not correct
35079 *Verdi* ERROR: Syntax - fsdbDumpvars [depth] [instance] [option]*
35080 sps_tcl_fsdbDumpflush_vd_main at 0 : N/A(0)
35081 *Verdi* : Flush all FSDB Files at 0 ps.
35082 sps_tcl_fsdbDumpvars_vd_main
35083 argv[0]: 0
35084 argv[1]: simulator.DCRFLI.RF_GEN[2].RF.CORE.CORDIC_GEN[0].CORDIC.c[10]
35085 argv[2]: +all
35086 argv[3]: +trace_process
35087 *Verdi* ERROR: The #2 argument "simulator.DCRFLI.RF_GEN[2].RF.CORE.CORDIC_GEN[0].CORDIC.c[10]" is invalid
35088 *Verdi* ERROR: Failed to dump because the specified instance or option is not correct
35089 *Verdi* ERROR: Syntax - fsdbDumpvars [depth] [instance] [option]*
35090 sps_tcl_fsdbDumpflush_vd_main at 0 : N/A(0)
35091 *Verdi* : Flush all FSDB Files at 0 ps.
35092 sps_tcl_fsdbDumpvars_vd_main
35093 argv[0]: 0
35094 argv[1]: simulator.DCRFLI.RF_GEN[2].RF.CORE.CORDIC_GEN[1].CORDIC.c[10]
35095 argv[2]: +all
35096 argv[3]: +trace_process
35097 *Verdi* ERROR: The #2 argument "simulator.DCRFLI.RF_GEN[2].RF.CORE.CORDIC_GEN[1].CORDIC.c[10]" is invalid
35098 *Verdi* ERROR: Failed to dump because the specified instance or option is not correct
35099 *Verdi* ERROR: Syntax - fsdbDumpvars [depth] [instance] [option]*
35100 sps_tcl_fsdbDumpflush_vd_main at 0 : N/A(0)
35101 *Verdi* : Flush all FSDB Files at 0 ps.
35102 sps_tcl_fsdbDumpvars_vd_main
35103 argv[0]: 0
35104 argv[1]: simulator.DCRFLI.RF_GEN[2].RF.CORE.CORDIC_GEN[2].CORDIC.c[10]
35105 argv[2]: +all
35106 argv[3]: +trace_process
35107 *Verdi* ERROR: The #2 argument "simulator.DCRFLI.RF_GEN[2].RF.CORE.CORDIC_GEN[2].CORDIC.c[10]" is invalid
35108 *Verdi* ERROR: Failed to dump because the specified instance or option is not correct
35109 *Verdi* ERROR: Syntax - fsdbDumpvars [depth] [instance] [option]*
35110 sps_tcl_fsdbDumpflush_vd_main at 0 : N/A(0)
35111 *Verdi* : Flush all FSDB Files at 0 ps.
35112 sps_tcl_fsdbDumpvars_vd_main
35113 argv[0]: 0
35114 argv[1]: simulator.DCRFLI.RF_GEN[2].RF.CORE.CORDIC_GEN[3].CORDIC.c[10]
35115 argv[2]: +all
35116 argv[3]: +trace_process
35117 *Verdi* ERROR: The #2 argument "simulator.DCRFLI.RF_GEN[2].RF.CORE.CORDIC_GEN[3].CORDIC.c[10]" is invalid
35118 *Verdi* ERROR: Failed to dump because the specified instance or option is not correct
35119 *Verdi* ERROR: Syntax - fsdbDumpvars [depth] [instance] [option]*
35120 sps_tcl_fsdbDumpflush_vd_main at 0 : N/A(0)
35121 *Verdi* : Flush all FSDB Files at 0 ps.
35122 sps_tcl_fsdbDumpvars_vd_main
35123 argv[0]: 0
35124 argv[1]: simulator.DCRFLI.RF_GEN[2].RF.CORE.CORDIC_GEN[4].CORDIC.c[10]
35125 argv[2]: +all
35126 argv[3]: +trace_process
35127 *Verdi* ERROR: The #2 argument "simulator.DCRFLI.RF_GEN[2].RF.CORE.CORDIC_GEN[4].CORDIC.c[10]" is invalid
35128 *Verdi* ERROR: Failed to dump because the specified instance or option is not correct
35129 *Verdi* ERROR: Syntax - fsdbDumpvars [depth] [instance] [option]*
35130 sps_tcl_fsdbDumpflush_vd_main at 0 : N/A(0)
35131 *Verdi* : Flush all FSDB Files at 0 ps.
35132 sps_tcl_fsdbDumpvars_vd_main
35133 argv[0]: 0
35134 argv[1]: simulator.DCRFLI.RF_GEN[2].RF.CORE.CORDIC_GEN[5].CORDIC.c[10]
35135 argv[2]: +all
35136 argv[3]: +trace_process
35137 *Verdi* ERROR: The #2 argument "simulator.DCRFLI.RF_GEN[2].RF.CORE.CORDIC_GEN[5].CORDIC.c[10]" is invalid
35138 *Verdi* ERROR: Failed to dump because the specified instance or option is not correct
35139 *Verdi* ERROR: Syntax - fsdbDumpvars [depth] [instance] [option]*
35140 sps_tcl_fsdbDumpflush_vd_main at 0 : N/A(0)
35141 *Verdi* : Flush all FSDB Files at 0 ps.
35142 sps_tcl_fsdbDumpvars_vd_main
35143 argv[0]: 0
35144 argv[1]: simulator.DCRFLI.RF_GEN[2].RF.CORE.CORDIC_GEN[6].CORDIC.c[10]
35145 argv[2]: +all
35146 argv[3]: +trace_process
35147 *Verdi* ERROR: The #2 argument "simulator.DCRFLI.RF_GEN[2].RF.CORE.CORDIC_GEN[6].CORDIC.c[10]" is invalid
35148 *Verdi* ERROR: Failed to dump because the specified instance or option is not correct
35149 *Verdi* ERROR: Syntax - fsdbDumpvars [depth] [instance] [option]*
35150 sps_tcl_fsdbDumpflush_vd_main at 0 : N/A(0)
35151 *Verdi* : Flush all FSDB Files at 0 ps.
35152 sps_tcl_fsdbDumpvars_vd_main
35153 argv[0]: 0
35154 argv[1]: simulator.DCRFLI.RF_GEN[2].RF.CORE.CORDIC_GEN[7].CORDIC.c[10]
35155 argv[2]: +all
35156 argv[3]: +trace_process
35157 *Verdi* ERROR: The #2 argument "simulator.DCRFLI.RF_GEN[2].RF.CORE.CORDIC_GEN[7].CORDIC.c[10]" is invalid
35158 *Verdi* ERROR: Failed to dump because the specified instance or option is not correct
35159 *Verdi* ERROR: Syntax - fsdbDumpvars [depth] [instance] [option]*
35160 sps_tcl_fsdbDumpflush_vd_main at 0 : N/A(0)
35161 *Verdi* : Flush all FSDB Files at 0 ps.
35162 sps_tcl_fsdbDumpvars_vd_main
35163 argv[0]: 0
35164 argv[1]: simulator.DCRFLI.RF_GEN[2].RF.CORE.CORDIC_GEN[0].CORDIC.c[9]
35165 argv[2]: +all
35166 argv[3]: +trace_process
35167 *Verdi* ERROR: The #2 argument "simulator.DCRFLI.RF_GEN[2].RF.CORE.CORDIC_GEN[0].CORDIC.c[9]" is invalid
35168 *Verdi* ERROR: Failed to dump because the specified instance or option is not correct
35169 *Verdi* ERROR: Syntax - fsdbDumpvars [depth] [instance] [option]*
35170 sps_tcl_fsdbDumpflush_vd_main at 0 : N/A(0)
35171 *Verdi* : Flush all FSDB Files at 0 ps.
35172 sps_tcl_fsdbDumpvars_vd_main
35173 argv[0]: 0
35174 argv[1]: simulator.DCRFLI.RF_GEN[2].RF.CORE.CORDIC_GEN[1].CORDIC.c[9]
35175 argv[2]: +all
35176 argv[3]: +trace_process
35177 *Verdi* ERROR: The #2 argument "simulator.DCRFLI.RF_GEN[2].RF.CORE.CORDIC_GEN[1].CORDIC.c[9]" is invalid
35178 *Verdi* ERROR: Failed to dump because the specified instance or option is not correct
35179 *Verdi* ERROR: Syntax - fsdbDumpvars [depth] [instance] [option]*
35180 sps_tcl_fsdbDumpflush_vd_main at 0 : N/A(0)
35181 *Verdi* : Flush all FSDB Files at 0 ps.
35182 sps_tcl_fsdbDumpvars_vd_main
35183 argv[0]: 0
35184 argv[1]: simulator.DCRFLI.RF_GEN[2].RF.CORE.CORDIC_GEN[2].CORDIC.c[9]
35185 argv[2]: +all
35186 argv[3]: +trace_process
35187 *Verdi* ERROR: The #2 argument "simulator.DCRFLI.RF_GEN[2].RF.CORE.CORDIC_GEN[2].CORDIC.c[9]" is invalid
35188 *Verdi* ERROR: Failed to dump because the specified instance or option is not correct
35189 *Verdi* ERROR: Syntax - fsdbDumpvars [depth] [instance] [option]*
35190 sps_tcl_fsdbDumpflush_vd_main at 0 : N/A(0)
35191 *Verdi* : Flush all FSDB Files at 0 ps.
35192 sps_tcl_fsdbDumpvars_vd_main
35193 argv[0]: 0
35194 argv[1]: simulator.DCRFLI.RF_GEN[2].RF.CORE.CORDIC_GEN[3].CORDIC.c[9]
35195 argv[2]: +all
35196 argv[3]: +trace_process
35197 *Verdi* ERROR: The #2 argument "simulator.DCRFLI.RF_GEN[2].RF.CORE.CORDIC_GEN[3].CORDIC.c[9]" is invalid
35198 *Verdi* ERROR: Failed to dump because the specified instance or option is not correct
35199 *Verdi* ERROR: Syntax - fsdbDumpvars [depth] [instance] [option]*
35200 sps_tcl_fsdbDumpflush_vd_main at 0 : N/A(0)
35201 *Verdi* : Flush all FSDB Files at 0 ps.
35202 sps_tcl_fsdbDumpvars_vd_main
35203 argv[0]: 0
35204 argv[1]: simulator.DCRFLI.RF_GEN[2].RF.CORE.CORDIC_GEN[4].CORDIC.c[9]
35205 argv[2]: +all
35206 argv[3]: +trace_process
35207 *Verdi* ERROR: The #2 argument "simulator.DCRFLI.RF_GEN[2].RF.CORE.CORDIC_GEN[4].CORDIC.c[9]" is invalid
35208 *Verdi* ERROR: Failed to dump because the specified instance or option is not correct
35209 *Verdi* ERROR: Syntax - fsdbDumpvars [depth] [instance] [option]*
35210 sps_tcl_fsdbDumpflush_vd_main at 0 : N/A(0)
35211 *Verdi* : Flush all FSDB Files at 0 ps.
35212 sps_tcl_fsdbDumpvars_vd_main
35213 argv[0]: 0
35214 argv[1]: simulator.DCRFLI.RF_GEN[2].RF.CORE.CORDIC_GEN[5].CORDIC.c[9]
35215 argv[2]: +all
35216 argv[3]: +trace_process
35217 *Verdi* ERROR: The #2 argument "simulator.DCRFLI.RF_GEN[2].RF.CORE.CORDIC_GEN[5].CORDIC.c[9]" is invalid
35218 *Verdi* ERROR: Failed to dump because the specified instance or option is not correct
35219 *Verdi* ERROR: Syntax - fsdbDumpvars [depth] [instance] [option]*
35220 sps_tcl_fsdbDumpflush_vd_main at 0 : N/A(0)
35221 *Verdi* : Flush all FSDB Files at 0 ps.
35222 sps_tcl_fsdbDumpvars_vd_main
35223 argv[0]: 0
35224 argv[1]: simulator.DCRFLI.RF_GEN[2].RF.CORE.CORDIC_GEN[6].CORDIC.c[9]
35225 argv[2]: +all
35226 argv[3]: +trace_process
35227 *Verdi* ERROR: The #2 argument "simulator.DCRFLI.RF_GEN[2].RF.CORE.CORDIC_GEN[6].CORDIC.c[9]" is invalid
35228 *Verdi* ERROR: Failed to dump because the specified instance or option is not correct
35229 *Verdi* ERROR: Syntax - fsdbDumpvars [depth] [instance] [option]*
35230 sps_tcl_fsdbDumpflush_vd_main at 0 : N/A(0)
35231 *Verdi* : Flush all FSDB Files at 0 ps.
35232 sps_tcl_fsdbDumpvars_vd_main
35233 argv[0]: 0
35234 argv[1]: simulator.DCRFLI.RF_GEN[2].RF.CORE.CORDIC_GEN[7].CORDIC.c[9]
35235 argv[2]: +all
35236 argv[3]: +trace_process
35237 *Verdi* ERROR: The #2 argument "simulator.DCRFLI.RF_GEN[2].RF.CORE.CORDIC_GEN[7].CORDIC.c[9]" is invalid
35238 *Verdi* ERROR: Failed to dump because the specified instance or option is not correct
35239 *Verdi* ERROR: Syntax - fsdbDumpvars [depth] [instance] [option]*
35240 sps_tcl_fsdbDumpflush_vd_main at 0 : N/A(0)
35241 *Verdi* : Flush all FSDB Files at 0 ps.
35242 sps_tcl_fsdbDumpvars_vd_main
35243 argv[0]: 0
35244 argv[1]: simulator.DCRFLI.RF_GEN[2].RF.CORE.CORDIC_GEN[0].CORDIC.c[8]
35245 argv[2]: +all
35246 argv[3]: +trace_process
35247 *Verdi* ERROR: The #2 argument "simulator.DCRFLI.RF_GEN[2].RF.CORE.CORDIC_GEN[0].CORDIC.c[8]" is invalid
35248 *Verdi* ERROR: Failed to dump because the specified instance or option is not correct
35249 *Verdi* ERROR: Syntax - fsdbDumpvars [depth] [instance] [option]*
35250 sps_tcl_fsdbDumpflush_vd_main at 0 : N/A(0)
35251 *Verdi* : Flush all FSDB Files at 0 ps.
35252 sps_tcl_fsdbDumpvars_vd_main
35253 argv[0]: 0
35254 argv[1]: simulator.DCRFLI.RF_GEN[2].RF.CORE.CORDIC_GEN[1].CORDIC.c[8]
35255 argv[2]: +all
35256 argv[3]: +trace_process
35257 *Verdi* ERROR: The #2 argument "simulator.DCRFLI.RF_GEN[2].RF.CORE.CORDIC_GEN[1].CORDIC.c[8]" is invalid
35258 *Verdi* ERROR: Failed to dump because the specified instance or option is not correct
35259 *Verdi* ERROR: Syntax - fsdbDumpvars [depth] [instance] [option]*
35260 sps_tcl_fsdbDumpflush_vd_main at 0 : N/A(0)
35261 *Verdi* : Flush all FSDB Files at 0 ps.
35262 sps_tcl_fsdbDumpvars_vd_main
35263 argv[0]: 0
35264 argv[1]: simulator.DCRFLI.RF_GEN[2].RF.CORE.CORDIC_GEN[2].CORDIC.c[8]
35265 argv[2]: +all
35266 argv[3]: +trace_process
35267 *Verdi* ERROR: The #2 argument "simulator.DCRFLI.RF_GEN[2].RF.CORE.CORDIC_GEN[2].CORDIC.c[8]" is invalid
35268 *Verdi* ERROR: Failed to dump because the specified instance or option is not correct
35269 *Verdi* ERROR: Syntax - fsdbDumpvars [depth] [instance] [option]*
35270 sps_tcl_fsdbDumpflush_vd_main at 0 : N/A(0)
35271 *Verdi* : Flush all FSDB Files at 0 ps.
35272 sps_tcl_fsdbDumpvars_vd_main
35273 argv[0]: 0
35274 argv[1]: simulator.DCRFLI.RF_GEN[2].RF.CORE.CORDIC_GEN[3].CORDIC.c[8]
35275 argv[2]: +all
35276 argv[3]: +trace_process
35277 *Verdi* ERROR: The #2 argument "simulator.DCRFLI.RF_GEN[2].RF.CORE.CORDIC_GEN[3].CORDIC.c[8]" is invalid
35278 *Verdi* ERROR: Failed to dump because the specified instance or option is not correct
35279 *Verdi* ERROR: Syntax - fsdbDumpvars [depth] [instance] [option]*
35280 sps_tcl_fsdbDumpflush_vd_main at 0 : N/A(0)
35281 *Verdi* : Flush all FSDB Files at 0 ps.
35282 sps_tcl_fsdbDumpvars_vd_main
35283 argv[0]: 0
35284 argv[1]: simulator.DCRFLI.RF_GEN[2].RF.CORE.CORDIC_GEN[4].CORDIC.c[8]
35285 argv[2]: +all
35286 argv[3]: +trace_process
35287 *Verdi* ERROR: The #2 argument "simulator.DCRFLI.RF_GEN[2].RF.CORE.CORDIC_GEN[4].CORDIC.c[8]" is invalid
35288 *Verdi* ERROR: Failed to dump because the specified instance or option is not correct
35289 *Verdi* ERROR: Syntax - fsdbDumpvars [depth] [instance] [option]*
35290 sps_tcl_fsdbDumpflush_vd_main at 0 : N/A(0)
35291 *Verdi* : Flush all FSDB Files at 0 ps.
35292 sps_tcl_fsdbDumpvars_vd_main
35293 argv[0]: 0
35294 argv[1]: simulator.DCRFLI.RF_GEN[2].RF.CORE.CORDIC_GEN[5].CORDIC.c[8]
35295 argv[2]: +all
35296 argv[3]: +trace_process
35297 *Verdi* ERROR: The #2 argument "simulator.DCRFLI.RF_GEN[2].RF.CORE.CORDIC_GEN[5].CORDIC.c[8]" is invalid
35298 *Verdi* ERROR: Failed to dump because the specified instance or option is not correct
35299 *Verdi* ERROR: Syntax - fsdbDumpvars [depth] [instance] [option]*
35300 sps_tcl_fsdbDumpflush_vd_main at 0 : N/A(0)
35301 *Verdi* : Flush all FSDB Files at 0 ps.
35302 sps_tcl_fsdbDumpvars_vd_main
35303 argv[0]: 0
35304 argv[1]: simulator.DCRFLI.RF_GEN[2].RF.CORE.CORDIC_GEN[6].CORDIC.c[8]
35305 argv[2]: +all
35306 argv[3]: +trace_process
35307 *Verdi* ERROR: The #2 argument "simulator.DCRFLI.RF_GEN[2].RF.CORE.CORDIC_GEN[6].CORDIC.c[8]" is invalid
35308 *Verdi* ERROR: Failed to dump because the specified instance or option is not correct
35309 *Verdi* ERROR: Syntax - fsdbDumpvars [depth] [instance] [option]*
35310 sps_tcl_fsdbDumpflush_vd_main at 0 : N/A(0)
35311 *Verdi* : Flush all FSDB Files at 0 ps.
35312 sps_tcl_fsdbDumpvars_vd_main
35313 argv[0]: 0
35314 argv[1]: simulator.DCRFLI.RF_GEN[2].RF.CORE.CORDIC_GEN[7].CORDIC.c[8]
35315 argv[2]: +all
35316 argv[3]: +trace_process
35317 *Verdi* ERROR: The #2 argument "simulator.DCRFLI.RF_GEN[2].RF.CORE.CORDIC_GEN[7].CORDIC.c[8]" is invalid
35318 *Verdi* ERROR: Failed to dump because the specified instance or option is not correct
35319 *Verdi* ERROR: Syntax - fsdbDumpvars [depth] [instance] [option]*
35320 sps_tcl_fsdbDumpflush_vd_main at 0 : N/A(0)
35321 *Verdi* : Flush all FSDB Files at 0 ps.
35322 sps_tcl_fsdbDumpvars_vd_main
35323 argv[0]: 0
35324 argv[1]: simulator.DCRFLI.RF_GEN[2].RF.CORE.CORDIC_GEN[0].CORDIC.c[7]
35325 argv[2]: +all
35326 argv[3]: +trace_process
35327 *Verdi* ERROR: The #2 argument "simulator.DCRFLI.RF_GEN[2].RF.CORE.CORDIC_GEN[0].CORDIC.c[7]" is invalid
35328 *Verdi* ERROR: Failed to dump because the specified instance or option is not correct
35329 *Verdi* ERROR: Syntax - fsdbDumpvars [depth] [instance] [option]*
35330 sps_tcl_fsdbDumpflush_vd_main at 0 : N/A(0)
35331 *Verdi* : Flush all FSDB Files at 0 ps.
35332 sps_tcl_fsdbDumpvars_vd_main
35333 argv[0]: 0
35334 argv[1]: simulator.DCRFLI.RF_GEN[2].RF.CORE.CORDIC_GEN[1].CORDIC.c[7]
35335 argv[2]: +all
35336 argv[3]: +trace_process
35337 *Verdi* ERROR: The #2 argument "simulator.DCRFLI.RF_GEN[2].RF.CORE.CORDIC_GEN[1].CORDIC.c[7]" is invalid
35338 *Verdi* ERROR: Failed to dump because the specified instance or option is not correct
35339 *Verdi* ERROR: Syntax - fsdbDumpvars [depth] [instance] [option]*
35340 sps_tcl_fsdbDumpflush_vd_main at 0 : N/A(0)
35341 *Verdi* : Flush all FSDB Files at 0 ps.
35342 sps_tcl_fsdbDumpvars_vd_main
35343 argv[0]: 0
35344 argv[1]: simulator.DCRFLI.RF_GEN[2].RF.CORE.CORDIC_GEN[2].CORDIC.c[7]
35345 argv[2]: +all
35346 argv[3]: +trace_process
35347 *Verdi* ERROR: The #2 argument "simulator.DCRFLI.RF_GEN[2].RF.CORE.CORDIC_GEN[2].CORDIC.c[7]" is invalid
35348 *Verdi* ERROR: Failed to dump because the specified instance or option is not correct
35349 *Verdi* ERROR: Syntax - fsdbDumpvars [depth] [instance] [option]*
35350 sps_tcl_fsdbDumpflush_vd_main at 0 : N/A(0)
35351 *Verdi* : Flush all FSDB Files at 0 ps.
35352 sps_tcl_fsdbDumpvars_vd_main
35353 argv[0]: 0
35354 argv[1]: simulator.DCRFLI.RF_GEN[2].RF.CORE.CORDIC_GEN[3].CORDIC.c[7]
35355 argv[2]: +all
35356 argv[3]: +trace_process
35357 *Verdi* ERROR: The #2 argument "simulator.DCRFLI.RF_GEN[2].RF.CORE.CORDIC_GEN[3].CORDIC.c[7]" is invalid
35358 *Verdi* ERROR: Failed to dump because the specified instance or option is not correct
35359 *Verdi* ERROR: Syntax - fsdbDumpvars [depth] [instance] [option]*
35360 sps_tcl_fsdbDumpflush_vd_main at 0 : N/A(0)
35361 *Verdi* : Flush all FSDB Files at 0 ps.
35362 sps_tcl_fsdbDumpvars_vd_main
35363 argv[0]: 0
35364 argv[1]: simulator.DCRFLI.RF_GEN[2].RF.CORE.CORDIC_GEN[4].CORDIC.c[7]
35365 argv[2]: +all
35366 argv[3]: +trace_process
35367 *Verdi* ERROR: The #2 argument "simulator.DCRFLI.RF_GEN[2].RF.CORE.CORDIC_GEN[4].CORDIC.c[7]" is invalid
35368 *Verdi* ERROR: Failed to dump because the specified instance or option is not correct
35369 *Verdi* ERROR: Syntax - fsdbDumpvars [depth] [instance] [option]*
35370 sps_tcl_fsdbDumpflush_vd_main at 0 : N/A(0)
35371 *Verdi* : Flush all FSDB Files at 0 ps.
35372 sps_tcl_fsdbDumpvars_vd_main
35373 argv[0]: 0
35374 argv[1]: simulator.DCRFLI.RF_GEN[2].RF.CORE.CORDIC_GEN[5].CORDIC.c[7]
35375 argv[2]: +all
35376 argv[3]: +trace_process
35377 *Verdi* ERROR: The #2 argument "simulator.DCRFLI.RF_GEN[2].RF.CORE.CORDIC_GEN[5].CORDIC.c[7]" is invalid
35378 *Verdi* ERROR: Failed to dump because the specified instance or option is not correct
35379 *Verdi* ERROR: Syntax - fsdbDumpvars [depth] [instance] [option]*
35380 sps_tcl_fsdbDumpflush_vd_main at 0 : N/A(0)
35381 *Verdi* : Flush all FSDB Files at 0 ps.
35382 sps_tcl_fsdbDumpvars_vd_main
35383 argv[0]: 0
35384 argv[1]: simulator.DCRFLI.RF_GEN[2].RF.CORE.CORDIC_GEN[6].CORDIC.c[7]
35385 argv[2]: +all
35386 argv[3]: +trace_process
35387 *Verdi* ERROR: The #2 argument "simulator.DCRFLI.RF_GEN[2].RF.CORE.CORDIC_GEN[6].CORDIC.c[7]" is invalid
35388 *Verdi* ERROR: Failed to dump because the specified instance or option is not correct
35389 *Verdi* ERROR: Syntax - fsdbDumpvars [depth] [instance] [option]*
35390 sps_tcl_fsdbDumpflush_vd_main at 0 : N/A(0)
35391 *Verdi* : Flush all FSDB Files at 0 ps.
35392 sps_tcl_fsdbDumpvars_vd_main
35393 argv[0]: 0
35394 argv[1]: simulator.DCRFLI.RF_GEN[2].RF.CORE.CORDIC_GEN[7].CORDIC.c[7]
35395 argv[2]: +all
35396 argv[3]: +trace_process
35397 *Verdi* ERROR: The #2 argument "simulator.DCRFLI.RF_GEN[2].RF.CORE.CORDIC_GEN[7].CORDIC.c[7]" is invalid
35398 *Verdi* ERROR: Failed to dump because the specified instance or option is not correct
35399 *Verdi* ERROR: Syntax - fsdbDumpvars [depth] [instance] [option]*
35400 sps_tcl_fsdbDumpflush_vd_main at 0 : N/A(0)
35401 *Verdi* : Flush all FSDB Files at 0 ps.
35402 sps_tcl_fsdbDumpvars_vd_main
35403 argv[0]: 0
35404 argv[1]: simulator.DCRFLI.RF_GEN[2].RF.CORE.CORDIC_GEN[0].CORDIC.c[6]
35405 argv[2]: +all
35406 argv[3]: +trace_process
35407 *Verdi* ERROR: The #2 argument "simulator.DCRFLI.RF_GEN[2].RF.CORE.CORDIC_GEN[0].CORDIC.c[6]" is invalid
35408 *Verdi* ERROR: Failed to dump because the specified instance or option is not correct
35409 *Verdi* ERROR: Syntax - fsdbDumpvars [depth] [instance] [option]*
35410 sps_tcl_fsdbDumpflush_vd_main at 0 : N/A(0)
35411 *Verdi* : Flush all FSDB Files at 0 ps.
35412 sps_tcl_fsdbDumpvars_vd_main
35413 argv[0]: 0
35414 argv[1]: simulator.DCRFLI.RF_GEN[2].RF.CORE.CORDIC_GEN[1].CORDIC.c[6]
35415 argv[2]: +all
35416 argv[3]: +trace_process
35417 *Verdi* ERROR: The #2 argument "simulator.DCRFLI.RF_GEN[2].RF.CORE.CORDIC_GEN[1].CORDIC.c[6]" is invalid
35418 *Verdi* ERROR: Failed to dump because the specified instance or option is not correct
35419 *Verdi* ERROR: Syntax - fsdbDumpvars [depth] [instance] [option]*
35420 sps_tcl_fsdbDumpflush_vd_main at 0 : N/A(0)
35421 *Verdi* : Flush all FSDB Files at 0 ps.
35422 sps_tcl_fsdbDumpvars_vd_main
35423 argv[0]: 0
35424 argv[1]: simulator.DCRFLI.RF_GEN[2].RF.CORE.CORDIC_GEN[2].CORDIC.c[6]
35425 argv[2]: +all
35426 argv[3]: +trace_process
35427 *Verdi* ERROR: The #2 argument "simulator.DCRFLI.RF_GEN[2].RF.CORE.CORDIC_GEN[2].CORDIC.c[6]" is invalid
35428 *Verdi* ERROR: Failed to dump because the specified instance or option is not correct
35429 *Verdi* ERROR: Syntax - fsdbDumpvars [depth] [instance] [option]*
35430 sps_tcl_fsdbDumpflush_vd_main at 0 : N/A(0)
35431 *Verdi* : Flush all FSDB Files at 0 ps.
35432 sps_tcl_fsdbDumpvars_vd_main
35433 argv[0]: 0
35434 argv[1]: simulator.DCRFLI.RF_GEN[2].RF.CORE.CORDIC_GEN[3].CORDIC.c[6]
35435 argv[2]: +all
35436 argv[3]: +trace_process
35437 *Verdi* ERROR: The #2 argument "simulator.DCRFLI.RF_GEN[2].RF.CORE.CORDIC_GEN[3].CORDIC.c[6]" is invalid
35438 *Verdi* ERROR: Failed to dump because the specified instance or option is not correct
35439 *Verdi* ERROR: Syntax - fsdbDumpvars [depth] [instance] [option]*
35440 sps_tcl_fsdbDumpflush_vd_main at 0 : N/A(0)
35441 *Verdi* : Flush all FSDB Files at 0 ps.
35442 sps_tcl_fsdbDumpvars_vd_main
35443 argv[0]: 0
35444 argv[1]: simulator.DCRFLI.RF_GEN[2].RF.CORE.CORDIC_GEN[4].CORDIC.c[6]
35445 argv[2]: +all
35446 argv[3]: +trace_process
35447 *Verdi* ERROR: The #2 argument "simulator.DCRFLI.RF_GEN[2].RF.CORE.CORDIC_GEN[4].CORDIC.c[6]" is invalid
35448 *Verdi* ERROR: Failed to dump because the specified instance or option is not correct
35449 *Verdi* ERROR: Syntax - fsdbDumpvars [depth] [instance] [option]*
35450 sps_tcl_fsdbDumpflush_vd_main at 0 : N/A(0)
35451 *Verdi* : Flush all FSDB Files at 0 ps.
35452 sps_tcl_fsdbDumpvars_vd_main
35453 argv[0]: 0
35454 argv[1]: simulator.DCRFLI.RF_GEN[2].RF.CORE.CORDIC_GEN[5].CORDIC.c[6]
35455 argv[2]: +all
35456 argv[3]: +trace_process
35457 *Verdi* ERROR: The #2 argument "simulator.DCRFLI.RF_GEN[2].RF.CORE.CORDIC_GEN[5].CORDIC.c[6]" is invalid
35458 *Verdi* ERROR: Failed to dump because the specified instance or option is not correct
35459 *Verdi* ERROR: Syntax - fsdbDumpvars [depth] [instance] [option]*
35460 sps_tcl_fsdbDumpflush_vd_main at 0 : N/A(0)
35461 *Verdi* : Flush all FSDB Files at 0 ps.
35462 sps_tcl_fsdbDumpvars_vd_main
35463 argv[0]: 0
35464 argv[1]: simulator.DCRFLI.RF_GEN[2].RF.CORE.CORDIC_GEN[6].CORDIC.c[6]
35465 argv[2]: +all
35466 argv[3]: +trace_process
35467 *Verdi* ERROR: The #2 argument "simulator.DCRFLI.RF_GEN[2].RF.CORE.CORDIC_GEN[6].CORDIC.c[6]" is invalid
35468 *Verdi* ERROR: Failed to dump because the specified instance or option is not correct
35469 *Verdi* ERROR: Syntax - fsdbDumpvars [depth] [instance] [option]*
35470 sps_tcl_fsdbDumpflush_vd_main at 0 : N/A(0)
35471 *Verdi* : Flush all FSDB Files at 0 ps.
35472 sps_tcl_fsdbDumpvars_vd_main
35473 argv[0]: 0
35474 argv[1]: simulator.DCRFLI.RF_GEN[2].RF.CORE.CORDIC_GEN[7].CORDIC.c[6]
35475 argv[2]: +all
35476 argv[3]: +trace_process
35477 *Verdi* ERROR: The #2 argument "simulator.DCRFLI.RF_GEN[2].RF.CORE.CORDIC_GEN[7].CORDIC.c[6]" is invalid
35478 *Verdi* ERROR: Failed to dump because the specified instance or option is not correct
35479 *Verdi* ERROR: Syntax - fsdbDumpvars [depth] [instance] [option]*
35480 sps_tcl_fsdbDumpflush_vd_main at 0 : N/A(0)
35481 *Verdi* : Flush all FSDB Files at 0 ps.
35482 sps_tcl_fsdbDumpvars_vd_main
35483 argv[0]: 0
35484 argv[1]: simulator.DCRFLI.RF_GEN[2].RF.CORE.CORDIC_GEN[0].CORDIC.c[5]
35485 argv[2]: +all
35486 argv[3]: +trace_process
35487 *Verdi* ERROR: The #2 argument "simulator.DCRFLI.RF_GEN[2].RF.CORE.CORDIC_GEN[0].CORDIC.c[5]" is invalid
35488 *Verdi* ERROR: Failed to dump because the specified instance or option is not correct
35489 *Verdi* ERROR: Syntax - fsdbDumpvars [depth] [instance] [option]*
35490 sps_tcl_fsdbDumpflush_vd_main at 0 : N/A(0)
35491 *Verdi* : Flush all FSDB Files at 0 ps.
35492 sps_tcl_fsdbDumpvars_vd_main
35493 argv[0]: 0
35494 argv[1]: simulator.DCRFLI.RF_GEN[2].RF.CORE.CORDIC_GEN[1].CORDIC.c[5]
35495 argv[2]: +all
35496 argv[3]: +trace_process
35497 *Verdi* ERROR: The #2 argument "simulator.DCRFLI.RF_GEN[2].RF.CORE.CORDIC_GEN[1].CORDIC.c[5]" is invalid
35498 *Verdi* ERROR: Failed to dump because the specified instance or option is not correct
35499 *Verdi* ERROR: Syntax - fsdbDumpvars [depth] [instance] [option]*
35500 sps_tcl_fsdbDumpflush_vd_main at 0 : N/A(0)
35501 *Verdi* : Flush all FSDB Files at 0 ps.
35502 sps_tcl_fsdbDumpvars_vd_main
35503 argv[0]: 0
35504 argv[1]: simulator.DCRFLI.RF_GEN[2].RF.CORE.CORDIC_GEN[2].CORDIC.c[5]
35505 argv[2]: +all
35506 argv[3]: +trace_process
35507 *Verdi* ERROR: The #2 argument "simulator.DCRFLI.RF_GEN[2].RF.CORE.CORDIC_GEN[2].CORDIC.c[5]" is invalid
35508 *Verdi* ERROR: Failed to dump because the specified instance or option is not correct
35509 *Verdi* ERROR: Syntax - fsdbDumpvars [depth] [instance] [option]*
35510 sps_tcl_fsdbDumpflush_vd_main at 0 : N/A(0)
35511 *Verdi* : Flush all FSDB Files at 0 ps.
35512 sps_tcl_fsdbDumpvars_vd_main
35513 argv[0]: 0
35514 argv[1]: simulator.DCRFLI.RF_GEN[2].RF.CORE.CORDIC_GEN[3].CORDIC.c[5]
35515 argv[2]: +all
35516 argv[3]: +trace_process
35517 *Verdi* ERROR: The #2 argument "simulator.DCRFLI.RF_GEN[2].RF.CORE.CORDIC_GEN[3].CORDIC.c[5]" is invalid
35518 *Verdi* ERROR: Failed to dump because the specified instance or option is not correct
35519 *Verdi* ERROR: Syntax - fsdbDumpvars [depth] [instance] [option]*
35520 sps_tcl_fsdbDumpflush_vd_main at 0 : N/A(0)
35521 *Verdi* : Flush all FSDB Files at 0 ps.
35522 sps_tcl_fsdbDumpvars_vd_main
35523 argv[0]: 0
35524 argv[1]: simulator.DCRFLI.RF_GEN[2].RF.CORE.CORDIC_GEN[4].CORDIC.c[5]
35525 argv[2]: +all
35526 argv[3]: +trace_process
35527 *Verdi* ERROR: The #2 argument "simulator.DCRFLI.RF_GEN[2].RF.CORE.CORDIC_GEN[4].CORDIC.c[5]" is invalid
35528 *Verdi* ERROR: Failed to dump because the specified instance or option is not correct
35529 *Verdi* ERROR: Syntax - fsdbDumpvars [depth] [instance] [option]*
35530 sps_tcl_fsdbDumpflush_vd_main at 0 : N/A(0)
35531 *Verdi* : Flush all FSDB Files at 0 ps.
35532 sps_tcl_fsdbDumpvars_vd_main
35533 argv[0]: 0
35534 argv[1]: simulator.DCRFLI.RF_GEN[2].RF.CORE.CORDIC_GEN[5].CORDIC.c[5]
35535 argv[2]: +all
35536 argv[3]: +trace_process
35537 *Verdi* ERROR: The #2 argument "simulator.DCRFLI.RF_GEN[2].RF.CORE.CORDIC_GEN[5].CORDIC.c[5]" is invalid
35538 *Verdi* ERROR: Failed to dump because the specified instance or option is not correct
35539 *Verdi* ERROR: Syntax - fsdbDumpvars [depth] [instance] [option]*
35540 sps_tcl_fsdbDumpflush_vd_main at 0 : N/A(0)
35541 *Verdi* : Flush all FSDB Files at 0 ps.
35542 sps_tcl_fsdbDumpvars_vd_main
35543 argv[0]: 0
35544 argv[1]: simulator.DCRFLI.RF_GEN[2].RF.CORE.CORDIC_GEN[6].CORDIC.c[5]
35545 argv[2]: +all
35546 argv[3]: +trace_process
35547 *Verdi* ERROR: The #2 argument "simulator.DCRFLI.RF_GEN[2].RF.CORE.CORDIC_GEN[6].CORDIC.c[5]" is invalid
35548 *Verdi* ERROR: Failed to dump because the specified instance or option is not correct
35549 *Verdi* ERROR: Syntax - fsdbDumpvars [depth] [instance] [option]*
35550 sps_tcl_fsdbDumpflush_vd_main at 0 : N/A(0)
35551 *Verdi* : Flush all FSDB Files at 0 ps.
35552 sps_tcl_fsdbDumpvars_vd_main
35553 argv[0]: 0
35554 argv[1]: simulator.DCRFLI.RF_GEN[2].RF.CORE.CORDIC_GEN[7].CORDIC.c[5]
35555 argv[2]: +all
35556 argv[3]: +trace_process
35557 *Verdi* ERROR: The #2 argument "simulator.DCRFLI.RF_GEN[2].RF.CORE.CORDIC_GEN[7].CORDIC.c[5]" is invalid
35558 *Verdi* ERROR: Failed to dump because the specified instance or option is not correct
35559 *Verdi* ERROR: Syntax - fsdbDumpvars [depth] [instance] [option]*
35560 sps_tcl_fsdbDumpflush_vd_main at 0 : N/A(0)
35561 *Verdi* : Flush all FSDB Files at 0 ps.
35562 sps_tcl_fsdbDumpvars_vd_main
35563 argv[0]: 0
35564 argv[1]: simulator.DCRFLI.RF_GEN[2].RF.CORE.CORDIC_GEN[0].CORDIC.c[4]
35565 argv[2]: +all
35566 argv[3]: +trace_process
35567 *Verdi* ERROR: The #2 argument "simulator.DCRFLI.RF_GEN[2].RF.CORE.CORDIC_GEN[0].CORDIC.c[4]" is invalid
35568 *Verdi* ERROR: Failed to dump because the specified instance or option is not correct
35569 *Verdi* ERROR: Syntax - fsdbDumpvars [depth] [instance] [option]*
35570 sps_tcl_fsdbDumpflush_vd_main at 0 : N/A(0)
35571 *Verdi* : Flush all FSDB Files at 0 ps.
35572 sps_tcl_fsdbDumpvars_vd_main
35573 argv[0]: 0
35574 argv[1]: simulator.DCRFLI.RF_GEN[2].RF.CORE.CORDIC_GEN[1].CORDIC.c[4]
35575 argv[2]: +all
35576 argv[3]: +trace_process
35577 *Verdi* ERROR: The #2 argument "simulator.DCRFLI.RF_GEN[2].RF.CORE.CORDIC_GEN[1].CORDIC.c[4]" is invalid
35578 *Verdi* ERROR: Failed to dump because the specified instance or option is not correct
35579 *Verdi* ERROR: Syntax - fsdbDumpvars [depth] [instance] [option]*
35580 sps_tcl_fsdbDumpflush_vd_main at 0 : N/A(0)
35581 *Verdi* : Flush all FSDB Files at 0 ps.
35582 sps_tcl_fsdbDumpvars_vd_main
35583 argv[0]: 0
35584 argv[1]: simulator.DCRFLI.RF_GEN[2].RF.CORE.CORDIC_GEN[2].CORDIC.c[4]
35585 argv[2]: +all
35586 argv[3]: +trace_process
35587 *Verdi* ERROR: The #2 argument "simulator.DCRFLI.RF_GEN[2].RF.CORE.CORDIC_GEN[2].CORDIC.c[4]" is invalid
35588 *Verdi* ERROR: Failed to dump because the specified instance or option is not correct
35589 *Verdi* ERROR: Syntax - fsdbDumpvars [depth] [instance] [option]*
35590 sps_tcl_fsdbDumpflush_vd_main at 0 : N/A(0)
35591 *Verdi* : Flush all FSDB Files at 0 ps.
35592 sps_tcl_fsdbDumpvars_vd_main
35593 argv[0]: 0
35594 argv[1]: simulator.DCRFLI.RF_GEN[2].RF.CORE.CORDIC_GEN[3].CORDIC.c[4]
35595 argv[2]: +all
35596 argv[3]: +trace_process
35597 *Verdi* ERROR: The #2 argument "simulator.DCRFLI.RF_GEN[2].RF.CORE.CORDIC_GEN[3].CORDIC.c[4]" is invalid
35598 *Verdi* ERROR: Failed to dump because the specified instance or option is not correct
35599 *Verdi* ERROR: Syntax - fsdbDumpvars [depth] [instance] [option]*
35600 sps_tcl_fsdbDumpflush_vd_main at 0 : N/A(0)
35601 *Verdi* : Flush all FSDB Files at 0 ps.
35602 sps_tcl_fsdbDumpvars_vd_main
35603 argv[0]: 0
35604 argv[1]: simulator.DCRFLI.RF_GEN[2].RF.CORE.CORDIC_GEN[4].CORDIC.c[4]
35605 argv[2]: +all
35606 argv[3]: +trace_process
35607 *Verdi* ERROR: The #2 argument "simulator.DCRFLI.RF_GEN[2].RF.CORE.CORDIC_GEN[4].CORDIC.c[4]" is invalid
35608 *Verdi* ERROR: Failed to dump because the specified instance or option is not correct
35609 *Verdi* ERROR: Syntax - fsdbDumpvars [depth] [instance] [option]*
35610 sps_tcl_fsdbDumpflush_vd_main at 0 : N/A(0)
35611 *Verdi* : Flush all FSDB Files at 0 ps.
35612 sps_tcl_fsdbDumpvars_vd_main
35613 argv[0]: 0
35614 argv[1]: simulator.DCRFLI.RF_GEN[2].RF.CORE.CORDIC_GEN[5].CORDIC.c[4]
35615 argv[2]: +all
35616 argv[3]: +trace_process
35617 *Verdi* ERROR: The #2 argument "simulator.DCRFLI.RF_GEN[2].RF.CORE.CORDIC_GEN[5].CORDIC.c[4]" is invalid
35618 *Verdi* ERROR: Failed to dump because the specified instance or option is not correct
35619 *Verdi* ERROR: Syntax - fsdbDumpvars [depth] [instance] [option]*
35620 sps_tcl_fsdbDumpflush_vd_main at 0 : N/A(0)
35621 *Verdi* : Flush all FSDB Files at 0 ps.
35622 sps_tcl_fsdbDumpvars_vd_main
35623 argv[0]: 0
35624 argv[1]: simulator.DCRFLI.RF_GEN[2].RF.CORE.CORDIC_GEN[6].CORDIC.c[4]
35625 argv[2]: +all
35626 argv[3]: +trace_process
35627 *Verdi* ERROR: The #2 argument "simulator.DCRFLI.RF_GEN[2].RF.CORE.CORDIC_GEN[6].CORDIC.c[4]" is invalid
35628 *Verdi* ERROR: Failed to dump because the specified instance or option is not correct
35629 *Verdi* ERROR: Syntax - fsdbDumpvars [depth] [instance] [option]*
35630 sps_tcl_fsdbDumpflush_vd_main at 0 : N/A(0)
35631 *Verdi* : Flush all FSDB Files at 0 ps.
35632 sps_tcl_fsdbDumpvars_vd_main
35633 argv[0]: 0
35634 argv[1]: simulator.DCRFLI.RF_GEN[2].RF.CORE.CORDIC_GEN[7].CORDIC.c[4]
35635 argv[2]: +all
35636 argv[3]: +trace_process
35637 *Verdi* ERROR: The #2 argument "simulator.DCRFLI.RF_GEN[2].RF.CORE.CORDIC_GEN[7].CORDIC.c[4]" is invalid
35638 *Verdi* ERROR: Failed to dump because the specified instance or option is not correct
35639 *Verdi* ERROR: Syntax - fsdbDumpvars [depth] [instance] [option]*
35640 sps_tcl_fsdbDumpflush_vd_main at 0 : N/A(0)
35641 *Verdi* : Flush all FSDB Files at 0 ps.
35642 sps_tcl_fsdbDumpvars_vd_main
35643 argv[0]: 0
35644 argv[1]: simulator.DCRFLI.RF_GEN[2].RF.CORE.CORDIC_GEN[0].CORDIC.c[3]
35645 argv[2]: +all
35646 argv[3]: +trace_process
35647 *Verdi* ERROR: The #2 argument "simulator.DCRFLI.RF_GEN[2].RF.CORE.CORDIC_GEN[0].CORDIC.c[3]" is invalid
35648 *Verdi* ERROR: Failed to dump because the specified instance or option is not correct
35649 *Verdi* ERROR: Syntax - fsdbDumpvars [depth] [instance] [option]*
35650 sps_tcl_fsdbDumpflush_vd_main at 0 : N/A(0)
35651 *Verdi* : Flush all FSDB Files at 0 ps.
35652 sps_tcl_fsdbDumpvars_vd_main
35653 argv[0]: 0
35654 argv[1]: simulator.DCRFLI.RF_GEN[2].RF.CORE.CORDIC_GEN[1].CORDIC.c[3]
35655 argv[2]: +all
35656 argv[3]: +trace_process
35657 *Verdi* ERROR: The #2 argument "simulator.DCRFLI.RF_GEN[2].RF.CORE.CORDIC_GEN[1].CORDIC.c[3]" is invalid
35658 *Verdi* ERROR: Failed to dump because the specified instance or option is not correct
35659 *Verdi* ERROR: Syntax - fsdbDumpvars [depth] [instance] [option]*
35660 sps_tcl_fsdbDumpflush_vd_main at 0 : N/A(0)
35661 *Verdi* : Flush all FSDB Files at 0 ps.
35662 sps_tcl_fsdbDumpvars_vd_main
35663 argv[0]: 0
35664 argv[1]: simulator.DCRFLI.RF_GEN[2].RF.CORE.CORDIC_GEN[2].CORDIC.c[3]
35665 argv[2]: +all
35666 argv[3]: +trace_process
35667 *Verdi* ERROR: The #2 argument "simulator.DCRFLI.RF_GEN[2].RF.CORE.CORDIC_GEN[2].CORDIC.c[3]" is invalid
35668 *Verdi* ERROR: Failed to dump because the specified instance or option is not correct
35669 *Verdi* ERROR: Syntax - fsdbDumpvars [depth] [instance] [option]*
35670 sps_tcl_fsdbDumpflush_vd_main at 0 : N/A(0)
35671 *Verdi* : Flush all FSDB Files at 0 ps.
35672 sps_tcl_fsdbDumpvars_vd_main
35673 argv[0]: 0
35674 argv[1]: simulator.DCRFLI.RF_GEN[2].RF.CORE.CORDIC_GEN[3].CORDIC.c[3]
35675 argv[2]: +all
35676 argv[3]: +trace_process
35677 *Verdi* ERROR: The #2 argument "simulator.DCRFLI.RF_GEN[2].RF.CORE.CORDIC_GEN[3].CORDIC.c[3]" is invalid
35678 *Verdi* ERROR: Failed to dump because the specified instance or option is not correct
35679 *Verdi* ERROR: Syntax - fsdbDumpvars [depth] [instance] [option]*
35680 sps_tcl_fsdbDumpflush_vd_main at 0 : N/A(0)
35681 *Verdi* : Flush all FSDB Files at 0 ps.
35682 sps_tcl_fsdbDumpvars_vd_main
35683 argv[0]: 0
35684 argv[1]: simulator.DCRFLI.RF_GEN[2].RF.CORE.CORDIC_GEN[4].CORDIC.c[3]
35685 argv[2]: +all
35686 argv[3]: +trace_process
35687 *Verdi* ERROR: The #2 argument "simulator.DCRFLI.RF_GEN[2].RF.CORE.CORDIC_GEN[4].CORDIC.c[3]" is invalid
35688 *Verdi* ERROR: Failed to dump because the specified instance or option is not correct
35689 *Verdi* ERROR: Syntax - fsdbDumpvars [depth] [instance] [option]*
35690 sps_tcl_fsdbDumpflush_vd_main at 0 : N/A(0)
35691 *Verdi* : Flush all FSDB Files at 0 ps.
35692 sps_tcl_fsdbDumpvars_vd_main
35693 argv[0]: 0
35694 argv[1]: simulator.DCRFLI.RF_GEN[2].RF.CORE.CORDIC_GEN[5].CORDIC.c[3]
35695 argv[2]: +all
35696 argv[3]: +trace_process
35697 *Verdi* ERROR: The #2 argument "simulator.DCRFLI.RF_GEN[2].RF.CORE.CORDIC_GEN[5].CORDIC.c[3]" is invalid
35698 *Verdi* ERROR: Failed to dump because the specified instance or option is not correct
35699 *Verdi* ERROR: Syntax - fsdbDumpvars [depth] [instance] [option]*
35700 sps_tcl_fsdbDumpflush_vd_main at 0 : N/A(0)
35701 *Verdi* : Flush all FSDB Files at 0 ps.
35702 sps_tcl_fsdbDumpvars_vd_main
35703 argv[0]: 0
35704 argv[1]: simulator.DCRFLI.RF_GEN[2].RF.CORE.CORDIC_GEN[6].CORDIC.c[3]
35705 argv[2]: +all
35706 argv[3]: +trace_process
35707 *Verdi* ERROR: The #2 argument "simulator.DCRFLI.RF_GEN[2].RF.CORE.CORDIC_GEN[6].CORDIC.c[3]" is invalid
35708 *Verdi* ERROR: Failed to dump because the specified instance or option is not correct
35709 *Verdi* ERROR: Syntax - fsdbDumpvars [depth] [instance] [option]*
35710 sps_tcl_fsdbDumpflush_vd_main at 0 : N/A(0)
35711 *Verdi* : Flush all FSDB Files at 0 ps.
35712 sps_tcl_fsdbDumpvars_vd_main
35713 argv[0]: 0
35714 argv[1]: simulator.DCRFLI.RF_GEN[2].RF.CORE.CORDIC_GEN[7].CORDIC.c[3]
35715 argv[2]: +all
35716 argv[3]: +trace_process
35717 *Verdi* ERROR: The #2 argument "simulator.DCRFLI.RF_GEN[2].RF.CORE.CORDIC_GEN[7].CORDIC.c[3]" is invalid
35718 *Verdi* ERROR: Failed to dump because the specified instance or option is not correct
35719 *Verdi* ERROR: Syntax - fsdbDumpvars [depth] [instance] [option]*
35720 sps_tcl_fsdbDumpflush_vd_main at 0 : N/A(0)
35721 *Verdi* : Flush all FSDB Files at 0 ps.
35722 sps_tcl_fsdbDumpvars_vd_main
35723 argv[0]: 0
35724 argv[1]: simulator.DCRFLI.RF_GEN[2].RF.CORE.CORDIC_GEN[0].CORDIC.c[2]
35725 argv[2]: +all
35726 argv[3]: +trace_process
35727 *Verdi* ERROR: The #2 argument "simulator.DCRFLI.RF_GEN[2].RF.CORE.CORDIC_GEN[0].CORDIC.c[2]" is invalid
35728 *Verdi* ERROR: Failed to dump because the specified instance or option is not correct
35729 *Verdi* ERROR: Syntax - fsdbDumpvars [depth] [instance] [option]*
35730 sps_tcl_fsdbDumpflush_vd_main at 0 : N/A(0)
35731 *Verdi* : Flush all FSDB Files at 0 ps.
35732 sps_tcl_fsdbDumpvars_vd_main
35733 argv[0]: 0
35734 argv[1]: simulator.DCRFLI.RF_GEN[2].RF.CORE.CORDIC_GEN[1].CORDIC.c[2]
35735 argv[2]: +all
35736 argv[3]: +trace_process
35737 *Verdi* ERROR: The #2 argument "simulator.DCRFLI.RF_GEN[2].RF.CORE.CORDIC_GEN[1].CORDIC.c[2]" is invalid
35738 *Verdi* ERROR: Failed to dump because the specified instance or option is not correct
35739 *Verdi* ERROR: Syntax - fsdbDumpvars [depth] [instance] [option]*
35740 sps_tcl_fsdbDumpflush_vd_main at 0 : N/A(0)
35741 *Verdi* : Flush all FSDB Files at 0 ps.
35742 sps_tcl_fsdbDumpvars_vd_main
35743 argv[0]: 0
35744 argv[1]: simulator.DCRFLI.RF_GEN[2].RF.CORE.CORDIC_GEN[2].CORDIC.c[2]
35745 argv[2]: +all
35746 argv[3]: +trace_process
35747 *Verdi* ERROR: The #2 argument "simulator.DCRFLI.RF_GEN[2].RF.CORE.CORDIC_GEN[2].CORDIC.c[2]" is invalid
35748 *Verdi* ERROR: Failed to dump because the specified instance or option is not correct
35749 *Verdi* ERROR: Syntax - fsdbDumpvars [depth] [instance] [option]*
35750 sps_tcl_fsdbDumpflush_vd_main at 0 : N/A(0)
35751 *Verdi* : Flush all FSDB Files at 0 ps.
35752 sps_tcl_fsdbDumpvars_vd_main
35753 argv[0]: 0
35754 argv[1]: simulator.DCRFLI.RF_GEN[2].RF.CORE.CORDIC_GEN[3].CORDIC.c[2]
35755 argv[2]: +all
35756 argv[3]: +trace_process
35757 *Verdi* ERROR: The #2 argument "simulator.DCRFLI.RF_GEN[2].RF.CORE.CORDIC_GEN[3].CORDIC.c[2]" is invalid
35758 *Verdi* ERROR: Failed to dump because the specified instance or option is not correct
35759 *Verdi* ERROR: Syntax - fsdbDumpvars [depth] [instance] [option]*
35760 sps_tcl_fsdbDumpflush_vd_main at 0 : N/A(0)
35761 *Verdi* : Flush all FSDB Files at 0 ps.
35762 sps_tcl_fsdbDumpvars_vd_main
35763 argv[0]: 0
35764 argv[1]: simulator.DCRFLI.RF_GEN[2].RF.CORE.CORDIC_GEN[4].CORDIC.c[2]
35765 argv[2]: +all
35766 argv[3]: +trace_process
35767 *Verdi* ERROR: The #2 argument "simulator.DCRFLI.RF_GEN[2].RF.CORE.CORDIC_GEN[4].CORDIC.c[2]" is invalid
35768 *Verdi* ERROR: Failed to dump because the specified instance or option is not correct
35769 *Verdi* ERROR: Syntax - fsdbDumpvars [depth] [instance] [option]*
35770 sps_tcl_fsdbDumpflush_vd_main at 0 : N/A(0)
35771 *Verdi* : Flush all FSDB Files at 0 ps.
35772 sps_tcl_fsdbDumpvars_vd_main
35773 argv[0]: 0
35774 argv[1]: simulator.DCRFLI.RF_GEN[2].RF.CORE.CORDIC_GEN[5].CORDIC.c[2]
35775 argv[2]: +all
35776 argv[3]: +trace_process
35777 *Verdi* ERROR: The #2 argument "simulator.DCRFLI.RF_GEN[2].RF.CORE.CORDIC_GEN[5].CORDIC.c[2]" is invalid
35778 *Verdi* ERROR: Failed to dump because the specified instance or option is not correct
35779 *Verdi* ERROR: Syntax - fsdbDumpvars [depth] [instance] [option]*
35780 sps_tcl_fsdbDumpflush_vd_main at 0 : N/A(0)
35781 *Verdi* : Flush all FSDB Files at 0 ps.
35782 sps_tcl_fsdbDumpvars_vd_main
35783 argv[0]: 0
35784 argv[1]: simulator.DCRFLI.RF_GEN[2].RF.CORE.CORDIC_GEN[6].CORDIC.c[2]
35785 argv[2]: +all
35786 argv[3]: +trace_process
35787 *Verdi* ERROR: The #2 argument "simulator.DCRFLI.RF_GEN[2].RF.CORE.CORDIC_GEN[6].CORDIC.c[2]" is invalid
35788 *Verdi* ERROR: Failed to dump because the specified instance or option is not correct
35789 *Verdi* ERROR: Syntax - fsdbDumpvars [depth] [instance] [option]*
35790 sps_tcl_fsdbDumpflush_vd_main at 0 : N/A(0)
35791 *Verdi* : Flush all FSDB Files at 0 ps.
35792 sps_tcl_fsdbDumpvars_vd_main
35793 argv[0]: 0
35794 argv[1]: simulator.DCRFLI.RF_GEN[2].RF.CORE.CORDIC_GEN[7].CORDIC.c[2]
35795 argv[2]: +all
35796 argv[3]: +trace_process
35797 *Verdi* ERROR: The #2 argument "simulator.DCRFLI.RF_GEN[2].RF.CORE.CORDIC_GEN[7].CORDIC.c[2]" is invalid
35798 *Verdi* ERROR: Failed to dump because the specified instance or option is not correct
35799 *Verdi* ERROR: Syntax - fsdbDumpvars [depth] [instance] [option]*
35800 sps_tcl_fsdbDumpflush_vd_main at 0 : N/A(0)
35801 *Verdi* : Flush all FSDB Files at 0 ps.
35802 sps_tcl_fsdbDumpvars_vd_main
35803 argv[0]: 0
35804 argv[1]: simulator.DCRFLI.RF_GEN[2].RF.CORE.CORDIC_GEN[0].CORDIC.c[1]
35805 argv[2]: +all
35806 argv[3]: +trace_process
35807 *Verdi* ERROR: The #2 argument "simulator.DCRFLI.RF_GEN[2].RF.CORE.CORDIC_GEN[0].CORDIC.c[1]" is invalid
35808 *Verdi* ERROR: Failed to dump because the specified instance or option is not correct
35809 *Verdi* ERROR: Syntax - fsdbDumpvars [depth] [instance] [option]*
35810 sps_tcl_fsdbDumpflush_vd_main at 0 : N/A(0)
35811 *Verdi* : Flush all FSDB Files at 0 ps.
35812 sps_tcl_fsdbDumpvars_vd_main
35813 argv[0]: 0
35814 argv[1]: simulator.DCRFLI.RF_GEN[2].RF.CORE.CORDIC_GEN[1].CORDIC.c[1]
35815 argv[2]: +all
35816 argv[3]: +trace_process
35817 *Verdi* ERROR: The #2 argument "simulator.DCRFLI.RF_GEN[2].RF.CORE.CORDIC_GEN[1].CORDIC.c[1]" is invalid
35818 *Verdi* ERROR: Failed to dump because the specified instance or option is not correct
35819 *Verdi* ERROR: Syntax - fsdbDumpvars [depth] [instance] [option]*
35820 sps_tcl_fsdbDumpflush_vd_main at 0 : N/A(0)
35821 *Verdi* : Flush all FSDB Files at 0 ps.
35822 sps_tcl_fsdbDumpvars_vd_main
35823 argv[0]: 0
35824 argv[1]: simulator.DCRFLI.RF_GEN[2].RF.CORE.CORDIC_GEN[2].CORDIC.c[1]
35825 argv[2]: +all
35826 argv[3]: +trace_process
35827 *Verdi* ERROR: The #2 argument "simulator.DCRFLI.RF_GEN[2].RF.CORE.CORDIC_GEN[2].CORDIC.c[1]" is invalid
35828 *Verdi* ERROR: Failed to dump because the specified instance or option is not correct
35829 *Verdi* ERROR: Syntax - fsdbDumpvars [depth] [instance] [option]*
35830 sps_tcl_fsdbDumpflush_vd_main at 0 : N/A(0)
35831 *Verdi* : Flush all FSDB Files at 0 ps.
35832 sps_tcl_fsdbDumpvars_vd_main
35833 argv[0]: 0
35834 argv[1]: simulator.DCRFLI.RF_GEN[2].RF.CORE.CORDIC_GEN[3].CORDIC.c[1]
35835 argv[2]: +all
35836 argv[3]: +trace_process
35837 *Verdi* ERROR: The #2 argument "simulator.DCRFLI.RF_GEN[2].RF.CORE.CORDIC_GEN[3].CORDIC.c[1]" is invalid
35838 *Verdi* ERROR: Failed to dump because the specified instance or option is not correct
35839 *Verdi* ERROR: Syntax - fsdbDumpvars [depth] [instance] [option]*
35840 sps_tcl_fsdbDumpflush_vd_main at 0 : N/A(0)
35841 *Verdi* : Flush all FSDB Files at 0 ps.
35842 sps_tcl_fsdbDumpvars_vd_main
35843 argv[0]: 0
35844 argv[1]: simulator.DCRFLI.RF_GEN[2].RF.CORE.CORDIC_GEN[4].CORDIC.c[1]
35845 argv[2]: +all
35846 argv[3]: +trace_process
35847 *Verdi* ERROR: The #2 argument "simulator.DCRFLI.RF_GEN[2].RF.CORE.CORDIC_GEN[4].CORDIC.c[1]" is invalid
35848 *Verdi* ERROR: Failed to dump because the specified instance or option is not correct
35849 *Verdi* ERROR: Syntax - fsdbDumpvars [depth] [instance] [option]*
35850 sps_tcl_fsdbDumpflush_vd_main at 0 : N/A(0)
35851 *Verdi* : Flush all FSDB Files at 0 ps.
35852 sps_tcl_fsdbDumpvars_vd_main
35853 argv[0]: 0
35854 argv[1]: simulator.DCRFLI.RF_GEN[2].RF.CORE.CORDIC_GEN[5].CORDIC.c[1]
35855 argv[2]: +all
35856 argv[3]: +trace_process
35857 *Verdi* ERROR: The #2 argument "simulator.DCRFLI.RF_GEN[2].RF.CORE.CORDIC_GEN[5].CORDIC.c[1]" is invalid
35858 *Verdi* ERROR: Failed to dump because the specified instance or option is not correct
35859 *Verdi* ERROR: Syntax - fsdbDumpvars [depth] [instance] [option]*
35860 sps_tcl_fsdbDumpflush_vd_main at 0 : N/A(0)
35861 *Verdi* : Flush all FSDB Files at 0 ps.
35862 sps_tcl_fsdbDumpvars_vd_main
35863 argv[0]: 0
35864 argv[1]: simulator.DCRFLI.RF_GEN[2].RF.CORE.CORDIC_GEN[6].CORDIC.c[1]
35865 argv[2]: +all
35866 argv[3]: +trace_process
35867 *Verdi* ERROR: The #2 argument "simulator.DCRFLI.RF_GEN[2].RF.CORE.CORDIC_GEN[6].CORDIC.c[1]" is invalid
35868 *Verdi* ERROR: Failed to dump because the specified instance or option is not correct
35869 *Verdi* ERROR: Syntax - fsdbDumpvars [depth] [instance] [option]*
35870 sps_tcl_fsdbDumpflush_vd_main at 0 : N/A(0)
35871 *Verdi* : Flush all FSDB Files at 0 ps.
35872 sps_tcl_fsdbDumpvars_vd_main
35873 argv[0]: 0
35874 argv[1]: simulator.DCRFLI.RF_GEN[2].RF.CORE.CORDIC_GEN[7].CORDIC.c[1]
35875 argv[2]: +all
35876 argv[3]: +trace_process
35877 *Verdi* ERROR: The #2 argument "simulator.DCRFLI.RF_GEN[2].RF.CORE.CORDIC_GEN[7].CORDIC.c[1]" is invalid
35878 *Verdi* ERROR: Failed to dump because the specified instance or option is not correct
35879 *Verdi* ERROR: Syntax - fsdbDumpvars [depth] [instance] [option]*
35880 sps_tcl_fsdbDumpflush_vd_main at 0 : N/A(0)
35881 *Verdi* : Flush all FSDB Files at 0 ps.
35882 sps_tcl_fsdbDumpvars_vd_main
35883 argv[0]: 0
35884 argv[1]: simulator.DCRFLI.RF_GEN[2].RF.CORE.CORDIC_GEN[0].CORDIC.c[0]
35885 argv[2]: +all
35886 argv[3]: +trace_process
35887 *Verdi* ERROR: The #2 argument "simulator.DCRFLI.RF_GEN[2].RF.CORE.CORDIC_GEN[0].CORDIC.c[0]" is invalid
35888 *Verdi* ERROR: Failed to dump because the specified instance or option is not correct
35889 *Verdi* ERROR: Syntax - fsdbDumpvars [depth] [instance] [option]*
35890 sps_tcl_fsdbDumpflush_vd_main at 0 : N/A(0)
35891 *Verdi* : Flush all FSDB Files at 0 ps.
35892 sps_tcl_fsdbDumpvars_vd_main
35893 argv[0]: 0
35894 argv[1]: simulator.DCRFLI.RF_GEN[2].RF.CORE.CORDIC_GEN[1].CORDIC.c[0]
35895 argv[2]: +all
35896 argv[3]: +trace_process
35897 *Verdi* ERROR: The #2 argument "simulator.DCRFLI.RF_GEN[2].RF.CORE.CORDIC_GEN[1].CORDIC.c[0]" is invalid
35898 *Verdi* ERROR: Failed to dump because the specified instance or option is not correct
35899 *Verdi* ERROR: Syntax - fsdbDumpvars [depth] [instance] [option]*
35900 sps_tcl_fsdbDumpflush_vd_main at 0 : N/A(0)
35901 *Verdi* : Flush all FSDB Files at 0 ps.
35902 sps_tcl_fsdbDumpvars_vd_main
35903 argv[0]: 0
35904 argv[1]: simulator.DCRFLI.RF_GEN[2].RF.CORE.CORDIC_GEN[2].CORDIC.c[0]
35905 argv[2]: +all
35906 argv[3]: +trace_process
35907 *Verdi* ERROR: The #2 argument "simulator.DCRFLI.RF_GEN[2].RF.CORE.CORDIC_GEN[2].CORDIC.c[0]" is invalid
35908 *Verdi* ERROR: Failed to dump because the specified instance or option is not correct
35909 *Verdi* ERROR: Syntax - fsdbDumpvars [depth] [instance] [option]*
35910 sps_tcl_fsdbDumpflush_vd_main at 0 : N/A(0)
35911 *Verdi* : Flush all FSDB Files at 0 ps.
35912 sps_tcl_fsdbDumpvars_vd_main
35913 argv[0]: 0
35914 argv[1]: simulator.DCRFLI.RF_GEN[2].RF.CORE.CORDIC_GEN[3].CORDIC.c[0]
35915 argv[2]: +all
35916 argv[3]: +trace_process
35917 *Verdi* ERROR: The #2 argument "simulator.DCRFLI.RF_GEN[2].RF.CORE.CORDIC_GEN[3].CORDIC.c[0]" is invalid
35918 *Verdi* ERROR: Failed to dump because the specified instance or option is not correct
35919 *Verdi* ERROR: Syntax - fsdbDumpvars [depth] [instance] [option]*
35920 sps_tcl_fsdbDumpflush_vd_main at 0 : N/A(0)
35921 *Verdi* : Flush all FSDB Files at 0 ps.
35922 sps_tcl_fsdbDumpvars_vd_main
35923 argv[0]: 0
35924 argv[1]: simulator.DCRFLI.RF_GEN[2].RF.CORE.CORDIC_GEN[4].CORDIC.c[0]
35925 argv[2]: +all
35926 argv[3]: +trace_process
35927 *Verdi* ERROR: The #2 argument "simulator.DCRFLI.RF_GEN[2].RF.CORE.CORDIC_GEN[4].CORDIC.c[0]" is invalid
35928 *Verdi* ERROR: Failed to dump because the specified instance or option is not correct
35929 *Verdi* ERROR: Syntax - fsdbDumpvars [depth] [instance] [option]*
35930 sps_tcl_fsdbDumpflush_vd_main at 0 : N/A(0)
35931 *Verdi* : Flush all FSDB Files at 0 ps.
35932 sps_tcl_fsdbDumpvars_vd_main
35933 argv[0]: 0
35934 argv[1]: simulator.DCRFLI.RF_GEN[2].RF.CORE.CORDIC_GEN[5].CORDIC.c[0]
35935 argv[2]: +all
35936 argv[3]: +trace_process
35937 *Verdi* ERROR: The #2 argument "simulator.DCRFLI.RF_GEN[2].RF.CORE.CORDIC_GEN[5].CORDIC.c[0]" is invalid
35938 *Verdi* ERROR: Failed to dump because the specified instance or option is not correct
35939 *Verdi* ERROR: Syntax - fsdbDumpvars [depth] [instance] [option]*
35940 sps_tcl_fsdbDumpflush_vd_main at 0 : N/A(0)
35941 *Verdi* : Flush all FSDB Files at 0 ps.
35942 sps_tcl_fsdbDumpvars_vd_main
35943 argv[0]: 0
35944 argv[1]: simulator.DCRFLI.RF_GEN[2].RF.CORE.CORDIC_GEN[6].CORDIC.c[0]
35945 argv[2]: +all
35946 argv[3]: +trace_process
35947 *Verdi* ERROR: The #2 argument "simulator.DCRFLI.RF_GEN[2].RF.CORE.CORDIC_GEN[6].CORDIC.c[0]" is invalid
35948 *Verdi* ERROR: Failed to dump because the specified instance or option is not correct
35949 *Verdi* ERROR: Syntax - fsdbDumpvars [depth] [instance] [option]*
35950 sps_tcl_fsdbDumpflush_vd_main at 0 : N/A(0)
35951 *Verdi* : Flush all FSDB Files at 0 ps.
35952 sps_tcl_fsdbDumpvars_vd_main
35953 argv[0]: 0
35954 argv[1]: simulator.DCRFLI.RF_GEN[2].RF.CORE.CORDIC_GEN[7].CORDIC.c[0]
35955 argv[2]: +all
35956 argv[3]: +trace_process
35957 *Verdi* ERROR: The #2 argument "simulator.DCRFLI.RF_GEN[2].RF.CORE.CORDIC_GEN[7].CORDIC.c[0]" is invalid
35958 *Verdi* ERROR: Failed to dump because the specified instance or option is not correct
35959 *Verdi* ERROR: Syntax - fsdbDumpvars [depth] [instance] [option]*
35960 sps_tcl_fsdbDumpflush_vd_main at 0 : N/A(0)
35961 *Verdi* : Flush all FSDB Files at 0 ps.
35962 sps_tcl_fsdbDumpvars_vd_main
35963 argv[0]: 0
35964 argv[1]: simulator.DCRFLI.RF_GEN[2].RF.CORE.i_clk
35965 argv[2]: +all
35966 argv[3]: +trace_process
35967 *Verdi* ERROR: The #2 argument "simulator.DCRFLI.RF_GEN[2].RF.CORE.i_clk" is invalid
35968 *Verdi* ERROR: Failed to dump because the specified instance or option is not correct
35969 *Verdi* ERROR: Syntax - fsdbDumpvars [depth] [instance] [option]*
35970 sps_tcl_fsdbDumpflush_vd_main at 0 : N/A(0)
35971 *Verdi* : Flush all FSDB Files at 0 ps.
35972 sps_tcl_fsdbDumpvars_vd_main
35973 argv[0]: 0
35974 argv[1]: simulator.DCRFLI.RF_GEN[2].RF.CORE.i_rst
35975 argv[2]: +all
35976 argv[3]: +trace_process
35977 *Verdi* ERROR: The #2 argument "simulator.DCRFLI.RF_GEN[2].RF.CORE.i_rst" is invalid
35978 *Verdi* ERROR: Failed to dump because the specified instance or option is not correct
35979 *Verdi* ERROR: Syntax - fsdbDumpvars [depth] [instance] [option]*
35980 sps_tcl_fsdbDumpflush_vd_main at 0 : N/A(0)
35981 *Verdi* : Flush all FSDB Files at 0 ps.
35982 sps_tcl_fsdbDumpvars_vd_main
35983 argv[0]: 0
35984 argv[1]: simulator.DCRFLI.RF_GEN[2].RF.CORE.w_stall
35985 argv[2]: +all
35986 argv[3]: +trace_process
35987 *Verdi* ERROR: The #2 argument "simulator.DCRFLI.RF_GEN[2].RF.CORE.w_stall" is invalid
35988 *Verdi* ERROR: Failed to dump because the specified instance or option is not correct
35989 *Verdi* ERROR: Syntax - fsdbDumpvars [depth] [instance] [option]*
35990 sps_tcl_fsdbDumpflush_vd_main at 0 : N/A(0)
35991 *Verdi* : Flush all FSDB Files at 0 ps.
35992 sps_tcl_fsdbDumpvars_vd_main
35993 argv[0]: 0
35994 argv[1]: simulator.DCRFLI.RF_GEN[2].RF.CORE.d
35995 argv[2]: +all
35996 argv[3]: +trace_process
35997 *Verdi* ERROR: The #2 argument "simulator.DCRFLI.RF_GEN[2].RF.CORE.d" is invalid
35998 *Verdi* ERROR: Failed to dump because the specified instance or option is not correct
35999 *Verdi* ERROR: Syntax - fsdbDumpvars [depth] [instance] [option]*
36000 sps_tcl_fsdbDumpflush_vd_main at 0 : N/A(0)
36001 *Verdi* : Flush all FSDB Files at 0 ps.
36002 sps_tcl_fsdbDumpvars_vd_main
36003 argv[0]: 0
36004 argv[1]: simulator.DCRFLI.RF_GEN[2].RF.CORE.i_empty
36005 argv[2]: +all
36006 argv[3]: +trace_process
36007 *Verdi* ERROR: The #2 argument "simulator.DCRFLI.RF_GEN[2].RF.CORE.i_empty" is invalid
36008 *Verdi* ERROR: Failed to dump because the specified instance or option is not correct
36009 *Verdi* ERROR: Syntax - fsdbDumpvars [depth] [instance] [option]*
36010 sps_tcl_fsdbDumpflush_vd_main at 0 : N/A(0)
36011 *Verdi* : Flush all FSDB Files at 0 ps.
36012 sps_tcl_fsdbDumpvars_vd_main
36013 argv[0]: 0
36014 argv[1]: simulator.DCRFLI.RF_GEN[2].RF.CORE.o_next
36015 argv[2]: +all
36016 argv[3]: +trace_process
36017 *Verdi* ERROR: The #2 argument "simulator.DCRFLI.RF_GEN[2].RF.CORE.o_next" is invalid
36018 *Verdi* ERROR: Failed to dump because the specified instance or option is not correct
36019 *Verdi* ERROR: Syntax - fsdbDumpvars [depth] [instance] [option]*
36020 sps_tcl_fsdbDumpflush_vd_main at 0 : N/A(0)
36021 *Verdi* : Flush all FSDB Files at 0 ps.
36022 sps_tcl_fsdbDumpvars_vd_main
36023 argv[0]: 0
36024 argv[1]: simulator.DCRFLI.RF_GEN[2].RF.CORE.i_addr[3:0]
36025 argv[2]: +all
36026 argv[3]: +trace_process
36027 *Verdi* ERROR: The #2 argument "simulator.DCRFLI.RF_GEN[2].RF.CORE.i_addr[3:0]" is invalid
36028 *Verdi* ERROR: Failed to dump because the specified instance or option is not correct
36029 *Verdi* ERROR: Syntax - fsdbDumpvars [depth] [instance] [option]*
36030 sps_tcl_fsdbDumpflush_vd_main at 0 : N/A(0)
36031 *Verdi* : Flush all FSDB Files at 0 ps.
36032 sps_tcl_fsdbDumpvars_vd_main
36033 argv[0]: 0
36034 argv[1]: simulator.DCRFLI.RF_GEN[2].RF.CORE.i_insn
36035 argv[2]: +all
36036 argv[3]: +trace_process
36037 *Verdi* ERROR: The #2 argument "simulator.DCRFLI.RF_GEN[2].RF.CORE.i_insn" is invalid
36038 *Verdi* ERROR: Failed to dump because the specified instance or option is not correct
36039 *Verdi* ERROR: Syntax - fsdbDumpvars [depth] [instance] [option]*
36040 sps_tcl_fsdbDumpflush_vd_main at 0 : N/A(0)
36041 *Verdi* : Flush all FSDB Files at 0 ps.
36042 sps_tcl_fsdbDumpvars_vd_main
36043 argv[0]: 0
36044 argv[1]: simulator.DCRFLI.RF_GEN[2].RF.CORE.o_insn_modified
36045 argv[2]: +all
36046 argv[3]: +trace_process
36047 *Verdi* ERROR: The #2 argument "simulator.DCRFLI.RF_GEN[2].RF.CORE.o_insn_modified" is invalid
36048 *Verdi* ERROR: Failed to dump because the specified instance or option is not correct
36049 *Verdi* ERROR: Syntax - fsdbDumpvars [depth] [instance] [option]*
36050 sps_tcl_fsdbDumpflush_vd_main at 0 : N/A(0)
36051 *Verdi* : Flush all FSDB Files at 0 ps.
36052 sps_tcl_fsdbDumpvars_vd_main
36053 argv[0]: 0
36054 argv[1]: simulator.DCRFLI.RF_GEN[2].RF.CORE.p
36055 argv[2]: +all
36056 argv[3]: +trace_process
36057 *Verdi* ERROR: The #2 argument "simulator.DCRFLI.RF_GEN[2].RF.CORE.p" is invalid
36058 *Verdi* ERROR: Failed to dump because the specified instance or option is not correct
36059 *Verdi* ERROR: Syntax - fsdbDumpvars [depth] [instance] [option]*
36060 sps_tcl_fsdbDumpflush_vd_main at 0 : N/A(0)
36061 *Verdi* : Flush all FSDB Files at 0 ps.
36062 sps_tcl_fsdbDumpvars_vd_main
36063 argv[0]: 0
36064 argv[1]: simulator.DCRFLI.RF_GEN[2].RF.CORE.w_new_phase
36065 argv[2]: +all
36066 argv[3]: +trace_process
36067 *Verdi* ERROR: The #2 argument "simulator.DCRFLI.RF_GEN[2].RF.CORE.w_new_phase" is invalid
36068 *Verdi* ERROR: Failed to dump because the specified instance or option is not correct
36069 *Verdi* ERROR: Syntax - fsdbDumpvars [depth] [instance] [option]*
36070 sps_tcl_fsdbDumpflush_vd_main at 0 : N/A(0)
36071 *Verdi* : Flush all FSDB Files at 0 ps.
36072 sps_tcl_fsdbDumpvars_vd_main
36073 argv[0]: 0
36074 argv[1]: simulator.DCRFLI.RF_GEN[2].RF.CORE.r
36075 argv[2]: +all
36076 argv[3]: +trace_process
36077 *Verdi* ERROR: The #2 argument "simulator.DCRFLI.RF_GEN[2].RF.CORE.r" is invalid
36078 *Verdi* ERROR: Failed to dump because the specified instance or option is not correct
36079 *Verdi* ERROR: Syntax - fsdbDumpvars [depth] [instance] [option]*
36080 sps_tcl_fsdbDumpflush_vd_main at 0 : N/A(0)
36081 *Verdi* : Flush all FSDB Files at 0 ps.
36082 sps_tcl_fsdbDumpvars_vd_main
36083 argv[0]: 0
36084 argv[1]: simulator.DCRFLI.RF_GEN[2].RF.CORE.o_armed
36085 argv[2]: +all
36086 argv[3]: +trace_process
36087 *Verdi* ERROR: The #2 argument "simulator.DCRFLI.RF_GEN[2].RF.CORE.o_armed" is invalid
36088 *Verdi* ERROR: Failed to dump because the specified instance or option is not correct
36089 *Verdi* ERROR: Syntax - fsdbDumpvars [depth] [instance] [option]*
36090 sps_tcl_fsdbDumpflush_vd_main at 0 : N/A(0)
36091 *Verdi* : Flush all FSDB Files at 0 ps.
36092 sps_tcl_fsdbDumpvars_vd_main
36093 argv[0]: 0
36094 argv[1]: simulator.DCRFLI.RF_GEN[2].RF.CORE.i_start
36095 argv[2]: +all
36096 argv[3]: +trace_process
36097 *Verdi* ERROR: The #2 argument "simulator.DCRFLI.RF_GEN[2].RF.CORE.i_start" is invalid
36098 *Verdi* ERROR: Failed to dump because the specified instance or option is not correct
36099 *Verdi* ERROR: Syntax - fsdbDumpvars [depth] [instance] [option]*
36100 sps_tcl_fsdbDumpflush_vd_main at 0 : N/A(0)
36101 *Verdi* : Flush all FSDB Files at 0 ps.
36102 sps_tcl_fsdbDumpvars_vd_main
36103 argv[0]: 0
36104 argv[1]: simulator.DCRFLI.RF_GEN[2].RF.CORE.o_addr[3:0]
36105 argv[2]: +all
36106 argv[3]: +trace_process
36107 *Verdi* ERROR: The #2 argument "simulator.DCRFLI.RF_GEN[2].RF.CORE.o_addr[3:0]" is invalid
36108 *Verdi* ERROR: Failed to dump because the specified instance or option is not correct
36109 *Verdi* ERROR: Syntax - fsdbDumpvars [depth] [instance] [option]*
36110 sps_tcl_fsdbDumpflush_vd_main at 0 : N/A(0)
36111 *Verdi* : Flush all FSDB Files at 0 ps.
36112 sps_tcl_fsdbDumpvars_vd_main
36113 argv[0]: 0
36114 argv[1]: simulator.DCRFLI.RF_GEN[2].RF.CORE.o_sample_start[19:0]
36115 argv[2]: +all
36116 argv[3]: +trace_process
36117 *Verdi* ERROR: The #2 argument "simulator.DCRFLI.RF_GEN[2].RF.CORE.o_sample_start[19:0]" is invalid
36118 *Verdi* ERROR: Failed to dump because the specified instance or option is not correct
36119 *Verdi* ERROR: Syntax - fsdbDumpvars [depth] [instance] [option]*
36120 sps_tcl_fsdbDumpflush_vd_main at 0 : N/A(0)
36121 *Verdi* : Flush all FSDB Files at 0 ps.
36122 sps_tcl_fsdbDumpvars_vd_main
36123 argv[0]: 0
36124 argv[1]: simulator.DCRFLI.RF_GEN[2].RF.CORE.o_sample_end[19:0]
36125 argv[2]: +all
36126 argv[3]: +trace_process
36127 *Verdi* ERROR: The #2 argument "simulator.DCRFLI.RF_GEN[2].RF.CORE.o_sample_end[19:0]" is invalid
36128 *Verdi* ERROR: Failed to dump because the specified instance or option is not correct
36129 *Verdi* ERROR: Syntax - fsdbDumpvars [depth] [instance] [option]*
36130 sps_tcl_fsdbDumpflush_vd_main at 0 : N/A(0)
36131 *Verdi* : Flush all FSDB Files at 0 ps.
36132 sps_tcl_fsdbDumpvars_vd_main
36133 argv[0]: 0
36134 argv[1]: simulator.DCRFLI.RF_GEN[2].RF.CORE.o_QIx8[255:0]
36135 argv[2]: +all
36136 argv[3]: +trace_process
36137 *Verdi* ERROR: The #2 argument "simulator.DCRFLI.RF_GEN[2].RF.CORE.o_QIx8[255:0]" is invalid
36138 *Verdi* ERROR: Failed to dump because the specified instance or option is not correct
36139 *Verdi* ERROR: Syntax - fsdbDumpvars [depth] [instance] [option]*
36140 sps_tcl_fsdbDumpflush_vd_main at 0 : N/A(0)
36141 *Verdi* : Flush all FSDB Files at 0 ps.
36142 sps_tcl_fsdbDumpvars_vd_main
36143 argv[0]: 0
36144 argv[1]: simulator.RF_IO_GEN[2].DAC.i_clk
36145 argv[2]: +all
36146 argv[3]: +trace_process
36147 *Verdi* ERROR: The #2 argument "simulator.RF_IO_GEN[2].DAC.i_clk" is invalid
36148 *Verdi* ERROR: Failed to dump because the specified instance or option is not correct
36149 *Verdi* ERROR: Syntax - fsdbDumpvars [depth] [instance] [option]*
36150 sps_tcl_fsdbDumpflush_vd_main at 0 : N/A(0)
36151 *Verdi* : Flush all FSDB Files at 0 ps.
36152 sps_tcl_fsdbDumpvars_vd_main
36153 argv[0]: 0
36154 argv[1]: simulator.RF_IO_GEN[2].DAC.i_dac_clk
36155 argv[2]: +all
36156 argv[3]: +trace_process
36157 *Verdi* ERROR: The #2 argument "simulator.RF_IO_GEN[2].DAC.i_dac_clk" is invalid
36158 *Verdi* ERROR: Failed to dump because the specified instance or option is not correct
36159 *Verdi* ERROR: Syntax - fsdbDumpvars [depth] [instance] [option]*
36160 sps_tcl_fsdbDumpflush_vd_main at 0 : N/A(0)
36161 *Verdi* : Flush all FSDB Files at 0 ps.
36162 sps_tcl_fsdbDumpvars_vd_main
36163 argv[0]: 0
36164 argv[1]: simulator.RF_IO_GEN[2].DAC.dac_cycle
36165 argv[2]: +all
36166 argv[3]: +trace_process
36167 *Verdi* ERROR: The #2 argument "simulator.RF_IO_GEN[2].DAC.dac_cycle" is invalid
36168 *Verdi* ERROR: Failed to dump because the specified instance or option is not correct
36169 *Verdi* ERROR: Syntax - fsdbDumpvars [depth] [instance] [option]*
36170 sps_tcl_fsdbDumpflush_vd_main at 0 : N/A(0)
36171 *Verdi* : Flush all FSDB Files at 0 ps.
36172 sps_tcl_fsdbDumpvars_vd_main
36173 argv[0]: 0
36174 argv[1]: simulator.RF_IO_GEN[2].DAC.i_QIx8[255:0]
36175 argv[2]: +all
36176 argv[3]: +trace_process
36177 *Verdi* ERROR: The #2 argument "simulator.RF_IO_GEN[2].DAC.i_QIx8[255:0]" is invalid
36178 *Verdi* ERROR: Failed to dump because the specified instance or option is not correct
36179 *Verdi* ERROR: Syntax - fsdbDumpvars [depth] [instance] [option]*
36180 sps_tcl_fsdbDumpflush_vd_main at 0 : N/A(0)
36181 *Verdi* : Flush all FSDB Files at 0 ps.
36182 sps_tcl_fsdbDumpvars_vd_main
36183 argv[0]: 0
36184 argv[1]: simulator.RF_IO_GEN[2].DAC.w_Ix8[7:0][13:0]
36185 argv[2]: +all
36186 argv[3]: +trace_process
36187 *Verdi* ERROR: The #2 argument "simulator.RF_IO_GEN[2].DAC.w_Ix8[7:0][13:0]" is invalid
36188 *Verdi* ERROR: Failed to dump because the specified instance or option is not correct
36189 *Verdi* ERROR: Syntax - fsdbDumpvars [depth] [instance] [option]*
36190 sps_tcl_fsdbDumpflush_vd_main at 0 : N/A(0)
36191 *Verdi* : Flush all FSDB Files at 0 ps.
36192 sps_tcl_fsdbDumpvars_vd_main
36193 argv[0]: 0
36194 argv[1]: simulator.RF_IO_GEN[2].DAC.w_Qx8[7:0][13:0]
36195 argv[2]: +all
36196 argv[3]: +trace_process
36197 *Verdi* ERROR: The #2 argument "simulator.RF_IO_GEN[2].DAC.w_Qx8[7:0][13:0]" is invalid
36198 *Verdi* ERROR: Failed to dump because the specified instance or option is not correct
36199 *Verdi* ERROR: Syntax - fsdbDumpvars [depth] [instance] [option]*
36200 sps_tcl_fsdbDumpflush_vd_main at 0 : N/A(0)
36201 *Verdi* : Flush all FSDB Files at 0 ps.
36202 sps_tcl_fsdbDumpvars_vd_main
36203 argv[0]: 0
36204 argv[1]: simulator.RF_IO_GEN[2].DAC.o_I[13:0]
36205 argv[2]: +all
36206 argv[3]: +trace_process
36207 *Verdi* ERROR: The #2 argument "simulator.RF_IO_GEN[2].DAC.o_I[13:0]" is invalid
36208 *Verdi* ERROR: Failed to dump because the specified instance or option is not correct
36209 *Verdi* ERROR: Syntax - fsdbDumpvars [depth] [instance] [option]*
36210 sps_tcl_fsdbDumpflush_vd_main at 0 : N/A(0)
36211 *Verdi* : Flush all FSDB Files at 0 ps.
36212 sps_tcl_fsdbDumpvars_vd_main
36213 argv[0]: 0
36214 argv[1]: simulator.RF_IO_GEN[2].DAC.o_Q[13:0]
36215 argv[2]: +all
36216 argv[3]: +trace_process
36217 *Verdi* ERROR: The #2 argument "simulator.RF_IO_GEN[2].DAC.o_Q[13:0]" is invalid
36218 *Verdi* ERROR: Failed to dump because the specified instance or option is not correct
36219 *Verdi* ERROR: Syntax - fsdbDumpvars [depth] [instance] [option]*
36220 sps_tcl_fsdbDumpflush_vd_main at 0 : N/A(0)
36221 *Verdi* : Flush all FSDB Files at 0 ps.
36222 sps_tcl_fsdbDumpvars_vd_main
36223 argv[0]: 0
36224 argv[1]: simulator.RF_IO_GEN[2].DAC.I
36225 argv[2]: +all
36226 argv[3]: +trace_process
36227 *Verdi* ERROR: The #2 argument "simulator.RF_IO_GEN[2].DAC.I" is invalid
36228 *Verdi* ERROR: Failed to dump because the specified instance or option is not correct
36229 *Verdi* ERROR: Syntax - fsdbDumpvars [depth] [instance] [option]*
36230 sps_tcl_fsdbDumpflush_vd_main at 0 : N/A(0)
36231 *Verdi* : Flush all FSDB Files at 0 ps.
36232 sps_tcl_fsdbDumpvars_vd_main
36233 argv[0]: 0
36234 argv[1]: simulator.RF_IO_GEN[2].DAC.Q
36235 argv[2]: +all
36236 argv[3]: +trace_process
36237 *Verdi* ERROR: The #2 argument "simulator.RF_IO_GEN[2].DAC.Q" is invalid
36238 *Verdi* ERROR: Failed to dump because the specified instance or option is not correct
36239 *Verdi* ERROR: Syntax - fsdbDumpvars [depth] [instance] [option]*
36240 sps_tcl_fsdbDumpflush_vd_main at 0 : N/A(0)
36241 *Verdi* : Flush all FSDB Files at 0 ps.
36242 sps_tcl_fsdbDumpvars_vd_main
36243 argv[0]: 0
36244 argv[1]: simulator.RF_IO_GEN[2].DAC.deg
36245 argv[2]: +all
36246 argv[3]: +trace_process
36247 *Verdi* ERROR: The #2 argument "simulator.RF_IO_GEN[2].DAC.deg" is invalid
36248 *Verdi* ERROR: Failed to dump because the specified instance or option is not correct
36249 *Verdi* ERROR: Syntax - fsdbDumpvars [depth] [instance] [option]*
36250 sps_tcl_fsdbDumpflush_vd_main at 0 : N/A(0)
36251 *Verdi* : Flush all FSDB Files at 0 ps.
36252 sps_tcl_fsdbDumpvars_vd_main
36253 argv[0]: 0
36254 argv[1]: simulator.RF_IO_GEN[2].DAC.rad
36255 argv[2]: +all
36256 argv[3]: +trace_process
36257 *Verdi* ERROR: The #2 argument "simulator.RF_IO_GEN[2].DAC.rad" is invalid
36258 *Verdi* ERROR: Failed to dump because the specified instance or option is not correct
36259 *Verdi* ERROR: Syntax - fsdbDumpvars [depth] [instance] [option]*
36260 sps_tcl_fsdbDumpflush_vd_main at 0 : N/A(0)
36261 *Verdi* : Flush all FSDB Files at 0 ps.
36262 sps_tcl_fsdbDumpvars_vd_main
36263 argv[0]: 0
36264 argv[1]: simulator.RF_IO_GEN[2].DAC.nco_i
36265 argv[2]: +all
36266 argv[3]: +trace_process
36267 *Verdi* ERROR: The #2 argument "simulator.RF_IO_GEN[2].DAC.nco_i" is invalid
36268 *Verdi* ERROR: Failed to dump because the specified instance or option is not correct
36269 *Verdi* ERROR: Syntax - fsdbDumpvars [depth] [instance] [option]*
36270 sps_tcl_fsdbDumpflush_vd_main at 0 : N/A(0)
36271 *Verdi* : Flush all FSDB Files at 0 ps.
36272 sps_tcl_fsdbDumpvars_vd_main
36273 argv[0]: 0
36274 argv[1]: simulator.RF_IO_GEN[2].DAC.nco_q
36275 argv[2]: +all
36276 argv[3]: +trace_process
36277 *Verdi* ERROR: The #2 argument "simulator.RF_IO_GEN[2].DAC.nco_q" is invalid
36278 *Verdi* ERROR: Failed to dump because the specified instance or option is not correct
36279 *Verdi* ERROR: Syntax - fsdbDumpvars [depth] [instance] [option]*
36280 sps_tcl_fsdbDumpflush_vd_main at 0 : N/A(0)
36281 *Verdi* : Flush all FSDB Files at 0 ps.
36282 sps_tcl_fsdbDumpvars_vd_main
36283 argv[0]: 0
36284 argv[1]: simulator.RF_IO_GEN[2].DAC.o_vrf
36285 argv[2]: +all
36286 argv[3]: +trace_process
36287 *Verdi* ERROR: The #2 argument "simulator.RF_IO_GEN[2].DAC.o_vrf" is invalid
36288 *Verdi* ERROR: Failed to dump because the specified instance or option is not correct
36289 *Verdi* ERROR: Syntax - fsdbDumpvars [depth] [instance] [option]*
36290 sps_tcl_fsdbDumpflush_vd_main at 0 : N/A(0)
36291 *Verdi* : Flush all FSDB Files at 0 ps.
36292 sps_tcl_fsdbDumpvars_vd_main
36293 argv[0]: 0
36294 argv[1]: simulator.RF_IO_GEN[1].REGS.AXIL_REGS.i_aclk
36295 argv[2]: +all
36296 argv[3]: +trace_process
36297 *Verdi* ERROR: The #2 argument "simulator.RF_IO_GEN[1].REGS.AXIL_REGS.i_aclk" is invalid
36298 *Verdi* ERROR: Failed to dump because the specified instance or option is not correct
36299 *Verdi* ERROR: Syntax - fsdbDumpvars [depth] [instance] [option]*
36300 sps_tcl_fsdbDumpflush_vd_main at 0 : N/A(0)
36301 *Verdi* : Flush all FSDB Files at 0 ps.
36302 sps_tcl_fsdbDumpvars_vd_main
36303 argv[0]: 0
36304 argv[1]: simulator.RF_IO_GEN[1].REGS.AXIL_REGS.i_aresetn
36305 argv[2]: +all
36306 argv[3]: +trace_process
36307 *Verdi* ERROR: The #2 argument "simulator.RF_IO_GEN[1].REGS.AXIL_REGS.i_aresetn" is invalid
36308 *Verdi* ERROR: Failed to dump because the specified instance or option is not correct
36309 *Verdi* ERROR: Syntax - fsdbDumpvars [depth] [instance] [option]*
36310 sps_tcl_fsdbDumpflush_vd_main at 0 : N/A(0)
36311 *Verdi* : Flush all FSDB Files at 0 ps.
36312 sps_tcl_fsdbDumpvars_vd_main
36313 argv[0]: 0
36314 argv[1]: simulator.RF_IO_GEN[1].REGS.AXIL_REGS.r_regs[0:65][31:0]
36315 argv[2]: +all
36316 argv[3]: +trace_process
36317 *Verdi* ERROR: The #2 argument "simulator.RF_IO_GEN[1].REGS.AXIL_REGS.r_regs[0:65][31:0]" is invalid
36318 *Verdi* ERROR: Failed to dump because the specified instance or option is not correct
36319 *Verdi* ERROR: Syntax - fsdbDumpvars [depth] [instance] [option]*
36320 sps_tcl_fsdbDumpflush_vd_main at 0 : N/A(0)
36321 *Verdi* : Flush all FSDB Files at 0 ps.
36322 sps_tcl_fsdbDumpvars_vd_main
36323 argv[0]: 0
36324 argv[1]: simulator.RF_IO_GEN[1].REGS.AXIL_REGS.o_regs[0:65][31:0]
36325 argv[2]: +all
36326 argv[3]: +trace_process
36327 *Verdi* ERROR: The #2 argument "simulator.RF_IO_GEN[1].REGS.AXIL_REGS.o_regs[0:65][31:0]" is invalid
36328 *Verdi* ERROR: Failed to dump because the specified instance or option is not correct
36329 *Verdi* ERROR: Syntax - fsdbDumpvars [depth] [instance] [option]*
36330 sps_tcl_fsdbDumpflush_vd_main at 0 : N/A(0)
36331 *Verdi* : Flush all FSDB Files at 0 ps.
36332 sps_tcl_fsdbDumpvars_vd_main
36333 argv[0]: 0
36334 argv[1]: simulator.RF_IO_GEN[1].REGS.AXIL_REGS.o_awready
36335 argv[2]: +all
36336 argv[3]: +trace_process
36337 *Verdi* ERROR: The #2 argument "simulator.RF_IO_GEN[1].REGS.AXIL_REGS.o_awready" is invalid
36338 *Verdi* ERROR: Failed to dump because the specified instance or option is not correct
36339 *Verdi* ERROR: Syntax - fsdbDumpvars [depth] [instance] [option]*
36340 sps_tcl_fsdbDumpflush_vd_main at 0 : N/A(0)
36341 *Verdi* : Flush all FSDB Files at 0 ps.
36342 sps_tcl_fsdbDumpvars_vd_main
36343 argv[0]: 0
36344 argv[1]: simulator.RF_IO_GEN[1].REGS.AXIL_REGS.i_awvalid
36345 argv[2]: +all
36346 argv[3]: +trace_process
36347 *Verdi* ERROR: The #2 argument "simulator.RF_IO_GEN[1].REGS.AXIL_REGS.i_awvalid" is invalid
36348 *Verdi* ERROR: Failed to dump because the specified instance or option is not correct
36349 *Verdi* ERROR: Syntax - fsdbDumpvars [depth] [instance] [option]*
36350 sps_tcl_fsdbDumpflush_vd_main at 0 : N/A(0)
36351 *Verdi* : Flush all FSDB Files at 0 ps.
36352 sps_tcl_fsdbDumpvars_vd_main
36353 argv[0]: 0
36354 argv[1]: simulator.RF_IO_GEN[1].REGS.AXIL_REGS.i_awaddr[8:0]
36355 argv[2]: +all
36356 argv[3]: +trace_process
36357 *Verdi* ERROR: The #2 argument "simulator.RF_IO_GEN[1].REGS.AXIL_REGS.i_awaddr[8:0]" is invalid
36358 *Verdi* ERROR: Failed to dump because the specified instance or option is not correct
36359 *Verdi* ERROR: Syntax - fsdbDumpvars [depth] [instance] [option]*
36360 sps_tcl_fsdbDumpflush_vd_main at 0 : N/A(0)
36361 *Verdi* : Flush all FSDB Files at 0 ps.
36362 sps_tcl_fsdbDumpvars_vd_main
36363 argv[0]: 0
36364 argv[1]: simulator.RF_IO_GEN[1].REGS.AXIL_REGS.w_awireg[6:0]
36365 argv[2]: +all
36366 argv[3]: +trace_process
36367 *Verdi* ERROR: The #2 argument "simulator.RF_IO_GEN[1].REGS.AXIL_REGS.w_awireg[6:0]" is invalid
36368 *Verdi* ERROR: Failed to dump because the specified instance or option is not correct
36369 *Verdi* ERROR: Syntax - fsdbDumpvars [depth] [instance] [option]*
36370 sps_tcl_fsdbDumpflush_vd_main at 0 : N/A(0)
36371 *Verdi* : Flush all FSDB Files at 0 ps.
36372 sps_tcl_fsdbDumpvars_vd_main
36373 argv[0]: 0
36374 argv[1]: simulator.RF_IO_GEN[1].REGS.AXIL_REGS.w_awls2b[1:0]
36375 argv[2]: +all
36376 argv[3]: +trace_process
36377 *Verdi* ERROR: The #2 argument "simulator.RF_IO_GEN[1].REGS.AXIL_REGS.w_awls2b[1:0]" is invalid
36378 *Verdi* ERROR: Failed to dump because the specified instance or option is not correct
36379 *Verdi* ERROR: Syntax - fsdbDumpvars [depth] [instance] [option]*
36380 sps_tcl_fsdbDumpflush_vd_main at 0 : N/A(0)
36381 *Verdi* : Flush all FSDB Files at 0 ps.
36382 sps_tcl_fsdbDumpvars_vd_main
36383 argv[0]: 0
36384 argv[1]: simulator.RF_IO_GEN[1].REGS.AXIL_REGS.o_wready
36385 argv[2]: +all
36386 argv[3]: +trace_process
36387 *Verdi* ERROR: The #2 argument "simulator.RF_IO_GEN[1].REGS.AXIL_REGS.o_wready" is invalid
36388 *Verdi* ERROR: Failed to dump because the specified instance or option is not correct
36389 *Verdi* ERROR: Syntax - fsdbDumpvars [depth] [instance] [option]*
36390 sps_tcl_fsdbDumpflush_vd_main at 0 : N/A(0)
36391 *Verdi* : Flush all FSDB Files at 0 ps.
36392 sps_tcl_fsdbDumpvars_vd_main
36393 argv[0]: 0
36394 argv[1]: simulator.RF_IO_GEN[1].REGS.AXIL_REGS.i_wvalid
36395 argv[2]: +all
36396 argv[3]: +trace_process
36397 *Verdi* ERROR: The #2 argument "simulator.RF_IO_GEN[1].REGS.AXIL_REGS.i_wvalid" is invalid
36398 *Verdi* ERROR: Failed to dump because the specified instance or option is not correct
36399 *Verdi* ERROR: Syntax - fsdbDumpvars [depth] [instance] [option]*
36400 sps_tcl_fsdbDumpflush_vd_main at 0 : N/A(0)
36401 *Verdi* : Flush all FSDB Files at 0 ps.
36402 sps_tcl_fsdbDumpvars_vd_main
36403 argv[0]: 0
36404 argv[1]: simulator.RF_IO_GEN[1].REGS.AXIL_REGS.i_wdata[31:0]
36405 argv[2]: +all
36406 argv[3]: +trace_process
36407 *Verdi* ERROR: The #2 argument "simulator.RF_IO_GEN[1].REGS.AXIL_REGS.i_wdata[31:0]" is invalid
36408 *Verdi* ERROR: Failed to dump because the specified instance or option is not correct
36409 *Verdi* ERROR: Syntax - fsdbDumpvars [depth] [instance] [option]*
36410 sps_tcl_fsdbDumpflush_vd_main at 0 : N/A(0)
36411 *Verdi* : Flush all FSDB Files at 0 ps.
36412 sps_tcl_fsdbDumpvars_vd_main
36413 argv[0]: 0
36414 argv[1]: simulator.RF_IO_GEN[1].REGS.AXIL_REGS.i_wstrb[3:0]
36415 argv[2]: +all
36416 argv[3]: +trace_process
36417 *Verdi* ERROR: The #2 argument "simulator.RF_IO_GEN[1].REGS.AXIL_REGS.i_wstrb[3:0]" is invalid
36418 *Verdi* ERROR: Failed to dump because the specified instance or option is not correct
36419 *Verdi* ERROR: Syntax - fsdbDumpvars [depth] [instance] [option]*
36420 sps_tcl_fsdbDumpflush_vd_main at 0 : N/A(0)
36421 *Verdi* : Flush all FSDB Files at 0 ps.
36422 sps_tcl_fsdbDumpvars_vd_main
36423 argv[0]: 0
36424 argv[1]: simulator.RF_IO_GEN[1].REGS.AXIL_REGS.w_wdatastrb[31:0]
36425 argv[2]: +all
36426 argv[3]: +trace_process
36427 *Verdi* ERROR: The #2 argument "simulator.RF_IO_GEN[1].REGS.AXIL_REGS.w_wdatastrb[31:0]" is invalid
36428 *Verdi* ERROR: Failed to dump because the specified instance or option is not correct
36429 *Verdi* ERROR: Syntax - fsdbDumpvars [depth] [instance] [option]*
36430 sps_tcl_fsdbDumpflush_vd_main at 0 : N/A(0)
36431 *Verdi* : Flush all FSDB Files at 0 ps.
36432 sps_tcl_fsdbDumpvars_vd_main
36433 argv[0]: 0
36434 argv[1]: simulator.RF_IO_GEN[1].REGS.AXIL_REGS.i_bready
36435 argv[2]: +all
36436 argv[3]: +trace_process
36437 *Verdi* ERROR: The #2 argument "simulator.RF_IO_GEN[1].REGS.AXIL_REGS.i_bready" is invalid
36438 *Verdi* ERROR: Failed to dump because the specified instance or option is not correct
36439 *Verdi* ERROR: Syntax - fsdbDumpvars [depth] [instance] [option]*
36440 sps_tcl_fsdbDumpflush_vd_main at 0 : N/A(0)
36441 *Verdi* : Flush all FSDB Files at 0 ps.
36442 sps_tcl_fsdbDumpvars_vd_main
36443 argv[0]: 0
36444 argv[1]: simulator.RF_IO_GEN[1].REGS.AXIL_REGS.o_bvalid
36445 argv[2]: +all
36446 argv[3]: +trace_process
36447 *Verdi* ERROR: The #2 argument "simulator.RF_IO_GEN[1].REGS.AXIL_REGS.o_bvalid" is invalid
36448 *Verdi* ERROR: Failed to dump because the specified instance or option is not correct
36449 *Verdi* ERROR: Syntax - fsdbDumpvars [depth] [instance] [option]*
36450 sps_tcl_fsdbDumpflush_vd_main at 0 : N/A(0)
36451 *Verdi* : Flush all FSDB Files at 0 ps.
36452 sps_tcl_fsdbDumpvars_vd_main
36453 argv[0]: 0
36454 argv[1]: simulator.RF_IO_GEN[1].REGS.AXIL_REGS.o_bresp[1:0]
36455 argv[2]: +all
36456 argv[3]: +trace_process
36457 *Verdi* ERROR: The #2 argument "simulator.RF_IO_GEN[1].REGS.AXIL_REGS.o_bresp[1:0]" is invalid
36458 *Verdi* ERROR: Failed to dump because the specified instance or option is not correct
36459 *Verdi* ERROR: Syntax - fsdbDumpvars [depth] [instance] [option]*
36460 sps_tcl_fsdbDumpflush_vd_main at 0 : N/A(0)
36461 *Verdi* : Flush all FSDB Files at 0 ps.
36462 sps_tcl_fsdbDumpvars_vd_main
36463 argv[0]: 0
36464 argv[1]: simulator.RF_IO_GEN[1].REGS.AXIL_REGS.o_arready
36465 argv[2]: +all
36466 argv[3]: +trace_process
36467 *Verdi* ERROR: The #2 argument "simulator.RF_IO_GEN[1].REGS.AXIL_REGS.o_arready" is invalid
36468 *Verdi* ERROR: Failed to dump because the specified instance or option is not correct
36469 *Verdi* ERROR: Syntax - fsdbDumpvars [depth] [instance] [option]*
36470 sps_tcl_fsdbDumpflush_vd_main at 0 : N/A(0)
36471 *Verdi* : Flush all FSDB Files at 0 ps.
36472 sps_tcl_fsdbDumpvars_vd_main
36473 argv[0]: 0
36474 argv[1]: simulator.RF_IO_GEN[1].REGS.AXIL_REGS.i_arvalid
36475 argv[2]: +all
36476 argv[3]: +trace_process
36477 *Verdi* ERROR: The #2 argument "simulator.RF_IO_GEN[1].REGS.AXIL_REGS.i_arvalid" is invalid
36478 *Verdi* ERROR: Failed to dump because the specified instance or option is not correct
36479 *Verdi* ERROR: Syntax - fsdbDumpvars [depth] [instance] [option]*
36480 sps_tcl_fsdbDumpflush_vd_main at 0 : N/A(0)
36481 *Verdi* : Flush all FSDB Files at 0 ps.
36482 sps_tcl_fsdbDumpvars_vd_main
36483 argv[0]: 0
36484 argv[1]: simulator.RF_IO_GEN[1].REGS.AXIL_REGS.i_araddr[8:0]
36485 argv[2]: +all
36486 argv[3]: +trace_process
36487 *Verdi* ERROR: The #2 argument "simulator.RF_IO_GEN[1].REGS.AXIL_REGS.i_araddr[8:0]" is invalid
36488 *Verdi* ERROR: Failed to dump because the specified instance or option is not correct
36489 *Verdi* ERROR: Syntax - fsdbDumpvars [depth] [instance] [option]*
36490 sps_tcl_fsdbDumpflush_vd_main at 0 : N/A(0)
36491 *Verdi* : Flush all FSDB Files at 0 ps.
36492 sps_tcl_fsdbDumpvars_vd_main
36493 argv[0]: 0
36494 argv[1]: simulator.RF_IO_GEN[1].REGS.AXIL_REGS.w_arireg[6:0]
36495 argv[2]: +all
36496 argv[3]: +trace_process
36497 *Verdi* ERROR: The #2 argument "simulator.RF_IO_GEN[1].REGS.AXIL_REGS.w_arireg[6:0]" is invalid
36498 *Verdi* ERROR: Failed to dump because the specified instance or option is not correct
36499 *Verdi* ERROR: Syntax - fsdbDumpvars [depth] [instance] [option]*
36500 sps_tcl_fsdbDumpflush_vd_main at 0 : N/A(0)
36501 *Verdi* : Flush all FSDB Files at 0 ps.
36502 sps_tcl_fsdbDumpvars_vd_main
36503 argv[0]: 0
36504 argv[1]: simulator.RF_IO_GEN[1].REGS.AXIL_REGS.w_arls2b[1:0]
36505 argv[2]: +all
36506 argv[3]: +trace_process
36507 *Verdi* ERROR: The #2 argument "simulator.RF_IO_GEN[1].REGS.AXIL_REGS.w_arls2b[1:0]" is invalid
36508 *Verdi* ERROR: Failed to dump because the specified instance or option is not correct
36509 *Verdi* ERROR: Syntax - fsdbDumpvars [depth] [instance] [option]*
36510 sps_tcl_fsdbDumpflush_vd_main at 0 : N/A(0)
36511 *Verdi* : Flush all FSDB Files at 0 ps.
36512 sps_tcl_fsdbDumpvars_vd_main
36513 argv[0]: 0
36514 argv[1]: simulator.RF_IO_GEN[1].REGS.AXIL_REGS.i_rready
36515 argv[2]: +all
36516 argv[3]: +trace_process
36517 *Verdi* ERROR: The #2 argument "simulator.RF_IO_GEN[1].REGS.AXIL_REGS.i_rready" is invalid
36518 *Verdi* ERROR: Failed to dump because the specified instance or option is not correct
36519 *Verdi* ERROR: Syntax - fsdbDumpvars [depth] [instance] [option]*
36520 sps_tcl_fsdbDumpflush_vd_main at 0 : N/A(0)
36521 *Verdi* : Flush all FSDB Files at 0 ps.
36522 sps_tcl_fsdbDumpvars_vd_main
36523 argv[0]: 0
36524 argv[1]: simulator.RF_IO_GEN[1].REGS.AXIL_REGS.o_rvalid
36525 argv[2]: +all
36526 argv[3]: +trace_process
36527 *Verdi* ERROR: The #2 argument "simulator.RF_IO_GEN[1].REGS.AXIL_REGS.o_rvalid" is invalid
36528 *Verdi* ERROR: Failed to dump because the specified instance or option is not correct
36529 *Verdi* ERROR: Syntax - fsdbDumpvars [depth] [instance] [option]*
36530 sps_tcl_fsdbDumpflush_vd_main at 0 : N/A(0)
36531 *Verdi* : Flush all FSDB Files at 0 ps.
36532 sps_tcl_fsdbDumpvars_vd_main
36533 argv[0]: 0
36534 argv[1]: simulator.RF_IO_GEN[1].REGS.AXIL_REGS.o_rdata[31:0]
36535 argv[2]: +all
36536 argv[3]: +trace_process
36537 *Verdi* ERROR: The #2 argument "simulator.RF_IO_GEN[1].REGS.AXIL_REGS.o_rdata[31:0]" is invalid
36538 *Verdi* ERROR: Failed to dump because the specified instance or option is not correct
36539 *Verdi* ERROR: Syntax - fsdbDumpvars [depth] [instance] [option]*
36540 sps_tcl_fsdbDumpflush_vd_main at 0 : N/A(0)
36541 *Verdi* : Flush all FSDB Files at 0 ps.
36542 sps_tcl_fsdbDumpvars_vd_main
36543 argv[0]: 0
36544 argv[1]: simulator.RF_IO_GEN[1].REGS.AXIL_REGS.o_rresp[1:0]
36545 argv[2]: +all
36546 argv[3]: +trace_process
36547 *Verdi* ERROR: The #2 argument "simulator.RF_IO_GEN[1].REGS.AXIL_REGS.o_rresp[1:0]" is invalid
36548 *Verdi* ERROR: Failed to dump because the specified instance or option is not correct
36549 *Verdi* ERROR: Syntax - fsdbDumpvars [depth] [instance] [option]*
36550 sps_tcl_fsdbDumpflush_vd_main at 0 : N/A(0)
36551 *Verdi* : Flush all FSDB Files at 0 ps.
36552 sps_tcl_fsdbDumpvars_vd_main
36553 argv[0]: 0
36554 argv[1]: simulator.DCRFLI.RF_GEN[1].RF.SEQ.i_clk
36555 argv[2]: +all
36556 argv[3]: +trace_process
36557 *Verdi* ERROR: The #2 argument "simulator.DCRFLI.RF_GEN[1].RF.SEQ.i_clk" is invalid
36558 *Verdi* ERROR: Failed to dump because the specified instance or option is not correct
36559 *Verdi* ERROR: Syntax - fsdbDumpvars [depth] [instance] [option]*
36560 sps_tcl_fsdbDumpflush_vd_main at 0 : N/A(0)
36561 *Verdi* : Flush all FSDB Files at 0 ps.
36562 sps_tcl_fsdbDumpvars_vd_main
36563 argv[0]: 0
36564 argv[1]: simulator.DCRFLI.RF_GEN[1].RF.SEQ.i_rst
36565 argv[2]: +all
36566 argv[3]: +trace_process
36567 *Verdi* ERROR: The #2 argument "simulator.DCRFLI.RF_GEN[1].RF.SEQ.i_rst" is invalid
36568 *Verdi* ERROR: Failed to dump because the specified instance or option is not correct
36569 *Verdi* ERROR: Syntax - fsdbDumpvars [depth] [instance] [option]*
36570 sps_tcl_fsdbDumpflush_vd_main at 0 : N/A(0)
36571 *Verdi* : Flush all FSDB Files at 0 ps.
36572 sps_tcl_fsdbDumpvars_vd_main
36573 argv[0]: 0
36574 argv[1]: simulator.DCRFLI.RF_GEN[1].RF.SEQ.w_propagate
36575 argv[2]: +all
36576 argv[3]: +trace_process
36577 *Verdi* ERROR: The #2 argument "simulator.DCRFLI.RF_GEN[1].RF.SEQ.w_propagate" is invalid
36578 *Verdi* ERROR: Failed to dump because the specified instance or option is not correct
36579 *Verdi* ERROR: Syntax - fsdbDumpvars [depth] [instance] [option]*
36580 sps_tcl_fsdbDumpflush_vd_main at 0 : N/A(0)
36581 *Verdi* : Flush all FSDB Files at 0 ps.
36582 sps_tcl_fsdbDumpvars_vd_main
36583 argv[0]: 0
36584 argv[1]: simulator.DCRFLI.RF_GEN[1].RF.SEQ.i_regs[0:65][31:0]
36585 argv[2]: +all
36586 argv[3]: +trace_process
36587 *Verdi* ERROR: The #2 argument "simulator.DCRFLI.RF_GEN[1].RF.SEQ.i_regs[0:65][31:0]" is invalid
36588 *Verdi* ERROR: Failed to dump because the specified instance or option is not correct
36589 *Verdi* ERROR: Syntax - fsdbDumpvars [depth] [instance] [option]*
36590 sps_tcl_fsdbDumpflush_vd_main at 0 : N/A(0)
36591 *Verdi* : Flush all FSDB Files at 0 ps.
36592 sps_tcl_fsdbDumpvars_vd_main
36593 argv[0]: 0
36594 argv[1]: simulator.DCRFLI.RF_GEN[1].RF.SEQ.w_last0
36595 argv[2]: +all
36596 argv[3]: +trace_process
36597 *Verdi* ERROR: The #2 argument "simulator.DCRFLI.RF_GEN[1].RF.SEQ.w_last0" is invalid
36598 *Verdi* ERROR: Failed to dump because the specified instance or option is not correct
36599 *Verdi* ERROR: Syntax - fsdbDumpvars [depth] [instance] [option]*
36600 sps_tcl_fsdbDumpflush_vd_main at 0 : N/A(0)
36601 *Verdi* : Flush all FSDB Files at 0 ps.
36602 sps_tcl_fsdbDumpvars_vd_main
36603 argv[0]: 0
36604 argv[1]: simulator.DCRFLI.RF_GEN[1].RF.SEQ.w_last0_ff1
36605 argv[2]: +all
36606 argv[3]: +trace_process
36607 *Verdi* ERROR: The #2 argument "simulator.DCRFLI.RF_GEN[1].RF.SEQ.w_last0_ff1" is invalid
36608 *Verdi* ERROR: Failed to dump because the specified instance or option is not correct
36609 *Verdi* ERROR: Syntax - fsdbDumpvars [depth] [instance] [option]*
36610 sps_tcl_fsdbDumpflush_vd_main at 0 : N/A(0)
36611 *Verdi* : Flush all FSDB Files at 0 ps.
36612 sps_tcl_fsdbDumpvars_vd_main
36613 argv[0]: 0
36614 argv[1]: simulator.DCRFLI.RF_GEN[1].RF.SEQ.w_last0_ff2
36615 argv[2]: +all
36616 argv[3]: +trace_process
36617 *Verdi* ERROR: The #2 argument "simulator.DCRFLI.RF_GEN[1].RF.SEQ.w_last0_ff2" is invalid
36618 *Verdi* ERROR: Failed to dump because the specified instance or option is not correct
36619 *Verdi* ERROR: Syntax - fsdbDumpvars [depth] [instance] [option]*
36620 sps_tcl_fsdbDumpflush_vd_main at 0 : N/A(0)
36621 *Verdi* : Flush all FSDB Files at 0 ps.
36622 sps_tcl_fsdbDumpvars_vd_main
36623 argv[0]: 0
36624 argv[1]: simulator.DCRFLI.RF_GEN[1].RF.SEQ.w_new_sequence
36625 argv[2]: +all
36626 argv[3]: +trace_process
36627 *Verdi* ERROR: The #2 argument "simulator.DCRFLI.RF_GEN[1].RF.SEQ.w_new_sequence" is invalid
36628 *Verdi* ERROR: Failed to dump because the specified instance or option is not correct
36629 *Verdi* ERROR: Syntax - fsdbDumpvars [depth] [instance] [option]*
36630 sps_tcl_fsdbDumpflush_vd_main at 0 : N/A(0)
36631 *Verdi* : Flush all FSDB Files at 0 ps.
36632 sps_tcl_fsdbDumpvars_vd_main
36633 argv[0]: 0
36634 argv[1]: simulator.DCRFLI.RF_GEN[1].RF.SEQ.r_sequence[0:15][114:0]
36635 argv[2]: +all
36636 argv[3]: +trace_process
36637 *Verdi* ERROR: The #2 argument "simulator.DCRFLI.RF_GEN[1].RF.SEQ.r_sequence[0:15][114:0]" is invalid
36638 *Verdi* ERROR: Failed to dump because the specified instance or option is not correct
36639 *Verdi* ERROR: Syntax - fsdbDumpvars [depth] [instance] [option]*
36640 sps_tcl_fsdbDumpflush_vd_main at 0 : N/A(0)
36641 *Verdi* : Flush all FSDB Files at 0 ps.
36642 sps_tcl_fsdbDumpvars_vd_main
36643 argv[0]: 0
36644 argv[1]: simulator.DCRFLI.RF_GEN[1].RF.SEQ.r_iters[10:0]
36645 argv[2]: +all
36646 argv[3]: +trace_process
36647 *Verdi* ERROR: The #2 argument "simulator.DCRFLI.RF_GEN[1].RF.SEQ.r_iters[10:0]" is invalid
36648 *Verdi* ERROR: Failed to dump because the specified instance or option is not correct
36649 *Verdi* ERROR: Syntax - fsdbDumpvars [depth] [instance] [option]*
36650 sps_tcl_fsdbDumpflush_vd_main at 0 : N/A(0)
36651 *Verdi* : Flush all FSDB Files at 0 ps.
36652 sps_tcl_fsdbDumpvars_vd_main
36653 argv[0]: 0
36654 argv[1]: simulator.DCRFLI.RF_GEN[1].RF.SEQ.r_iptr[3:0]
36655 argv[2]: +all
36656 argv[3]: +trace_process
36657 *Verdi* ERROR: The #2 argument "simulator.DCRFLI.RF_GEN[1].RF.SEQ.r_iptr[3:0]" is invalid
36658 *Verdi* ERROR: Failed to dump because the specified instance or option is not correct
36659 *Verdi* ERROR: Syntax - fsdbDumpvars [depth] [instance] [option]*
36660 sps_tcl_fsdbDumpflush_vd_main at 0 : N/A(0)
36661 *Verdi* : Flush all FSDB Files at 0 ps.
36662 sps_tcl_fsdbDumpvars_vd_main
36663 argv[0]: 0
36664 argv[1]: simulator.DCRFLI.RF_GEN[1].RF.SEQ.w_insn_fetch[114:0]
36665 argv[2]: +all
36666 argv[3]: +trace_process
36667 *Verdi* ERROR: The #2 argument "simulator.DCRFLI.RF_GEN[1].RF.SEQ.w_insn_fetch[114:0]" is invalid
36668 *Verdi* ERROR: Failed to dump because the specified instance or option is not correct
36669 *Verdi* ERROR: Syntax - fsdbDumpvars [depth] [instance] [option]*
36670 sps_tcl_fsdbDumpflush_vd_main at 0 : N/A(0)
36671 *Verdi* : Flush all FSDB Files at 0 ps.
36672 sps_tcl_fsdbDumpvars_vd_main
36673 argv[0]: 0
36674 argv[1]: simulator.DCRFLI.RF_GEN[1].RF.SEQ.w_insn_bubble
36675 argv[2]: +all
36676 argv[3]: +trace_process
36677 *Verdi* ERROR: The #2 argument "simulator.DCRFLI.RF_GEN[1].RF.SEQ.w_insn_bubble" is invalid
36678 *Verdi* ERROR: Failed to dump because the specified instance or option is not correct
36679 *Verdi* ERROR: Syntax - fsdbDumpvars [depth] [instance] [option]*
36680 sps_tcl_fsdbDumpflush_vd_main at 0 : N/A(0)
36681 *Verdi* : Flush all FSDB Files at 0 ps.
36682 sps_tcl_fsdbDumpvars_vd_main
36683 argv[0]: 0
36684 argv[1]: simulator.DCRFLI.RF_GEN[1].RF.SEQ.w_iptr_plus1[3:0]
36685 argv[2]: +all
36686 argv[3]: +trace_process
36687 *Verdi* ERROR: The #2 argument "simulator.DCRFLI.RF_GEN[1].RF.SEQ.w_iptr_plus1[3:0]" is invalid
36688 *Verdi* ERROR: Failed to dump because the specified instance or option is not correct
36689 *Verdi* ERROR: Syntax - fsdbDumpvars [depth] [instance] [option]*
36690 sps_tcl_fsdbDumpflush_vd_main at 0 : N/A(0)
36691 *Verdi* : Flush all FSDB Files at 0 ps.
36692 sps_tcl_fsdbDumpvars_vd_main
36693 argv[0]: 0
36694 argv[1]: simulator.DCRFLI.RF_GEN[1].RF.SEQ.w_next_null
36695 argv[2]: +all
36696 argv[3]: +trace_process
36697 *Verdi* ERROR: The #2 argument "simulator.DCRFLI.RF_GEN[1].RF.SEQ.w_next_null" is invalid
36698 *Verdi* ERROR: Failed to dump because the specified instance or option is not correct
36699 *Verdi* ERROR: Syntax - fsdbDumpvars [depth] [instance] [option]*
36700 sps_tcl_fsdbDumpflush_vd_main at 0 : N/A(0)
36701 *Verdi* : Flush all FSDB Files at 0 ps.
36702 sps_tcl_fsdbDumpvars_vd_main
36703 argv[0]: 0
36704 argv[1]: simulator.DCRFLI.RF_GEN[1].RF.SEQ.o_empty
36705 argv[2]: +all
36706 argv[3]: +trace_process
36707 *Verdi* ERROR: The #2 argument "simulator.DCRFLI.RF_GEN[1].RF.SEQ.o_empty" is invalid
36708 *Verdi* ERROR: Failed to dump because the specified instance or option is not correct
36709 *Verdi* ERROR: Syntax - fsdbDumpvars [depth] [instance] [option]*
36710 sps_tcl_fsdbDumpflush_vd_main at 0 : N/A(0)
36711 *Verdi* : Flush all FSDB Files at 0 ps.
36712 sps_tcl_fsdbDumpvars_vd_main
36713 argv[0]: 0
36714 argv[1]: simulator.DCRFLI.RF_GEN[1].RF.SEQ.i_next
36715 argv[2]: +all
36716 argv[3]: +trace_process
36717 *Verdi* ERROR: The #2 argument "simulator.DCRFLI.RF_GEN[1].RF.SEQ.i_next" is invalid
36718 *Verdi* ERROR: Failed to dump because the specified instance or option is not correct
36719 *Verdi* ERROR: Syntax - fsdbDumpvars [depth] [instance] [option]*
36720 sps_tcl_fsdbDumpflush_vd_main at 0 : N/A(0)
36721 *Verdi* : Flush all FSDB Files at 0 ps.
36722 sps_tcl_fsdbDumpvars_vd_main
36723 argv[0]: 0
36724 argv[1]: simulator.DCRFLI.RF_GEN[1].RF.SEQ.o_addr[3:0]
36725 argv[2]: +all
36726 argv[3]: +trace_process
36727 *Verdi* ERROR: The #2 argument "simulator.DCRFLI.RF_GEN[1].RF.SEQ.o_addr[3:0]" is invalid
36728 *Verdi* ERROR: Failed to dump because the specified instance or option is not correct
36729 *Verdi* ERROR: Syntax - fsdbDumpvars [depth] [instance] [option]*
36730 sps_tcl_fsdbDumpflush_vd_main at 0 : N/A(0)
36731 *Verdi* : Flush all FSDB Files at 0 ps.
36732 sps_tcl_fsdbDumpvars_vd_main
36733 argv[0]: 0
36734 argv[1]: simulator.DCRFLI.RF_GEN[1].RF.SEQ.o_insn[114:0]
36735 argv[2]: +all
36736 argv[3]: +trace_process
36737 *Verdi* ERROR: The #2 argument "simulator.DCRFLI.RF_GEN[1].RF.SEQ.o_insn[114:0]" is invalid
36738 *Verdi* ERROR: Failed to dump because the specified instance or option is not correct
36739 *Verdi* ERROR: Syntax - fsdbDumpvars [depth] [instance] [option]*
36740 sps_tcl_fsdbDumpflush_vd_main at 0 : N/A(0)
36741 *Verdi* : Flush all FSDB Files at 0 ps.
36742 sps_tcl_fsdbDumpvars_vd_main
36743 argv[0]: 0
36744 argv[1]: simulator.DCRFLI.RF_GEN[1].RF.SEQ.r_iptr_modify[3:0]
36745 argv[2]: +all
36746 argv[3]: +trace_process
36747 *Verdi* ERROR: The #2 argument "simulator.DCRFLI.RF_GEN[1].RF.SEQ.r_iptr_modify[3:0]" is invalid
36748 *Verdi* ERROR: Failed to dump because the specified instance or option is not correct
36749 *Verdi* ERROR: Syntax - fsdbDumpvars [depth] [instance] [option]*
36750 sps_tcl_fsdbDumpflush_vd_main at 0 : N/A(0)
36751 *Verdi* : Flush all FSDB Files at 0 ps.
36752 sps_tcl_fsdbDumpvars_vd_main
36753 argv[0]: 0
36754 argv[1]: simulator.DCRFLI.RF_GEN[1].RF.SEQ.i_insn_modified[114:0]
36755 argv[2]: +all
36756 argv[3]: +trace_process
36757 *Verdi* ERROR: The #2 argument "simulator.DCRFLI.RF_GEN[1].RF.SEQ.i_insn_modified[114:0]" is invalid
36758 *Verdi* ERROR: Failed to dump because the specified instance or option is not correct
36759 *Verdi* ERROR: Syntax - fsdbDumpvars [depth] [instance] [option]*
36760 sps_tcl_fsdbDumpflush_vd_main at 0 : N/A(0)
36761 *Verdi* : Flush all FSDB Files at 0 ps.
36762 sps_tcl_fsdbDumpvars_vd_main
36763 argv[0]: 0
36764 argv[1]: simulator.DCRFLI.RF_GEN[1].RF.CORE.CORDIC_GEN[0].CORDIC.c[15]
36765 argv[2]: +all
36766 argv[3]: +trace_process
36767 *Verdi* ERROR: The #2 argument "simulator.DCRFLI.RF_GEN[1].RF.CORE.CORDIC_GEN[0].CORDIC.c[15]" is invalid
36768 *Verdi* ERROR: Failed to dump because the specified instance or option is not correct
36769 *Verdi* ERROR: Syntax - fsdbDumpvars [depth] [instance] [option]*
36770 sps_tcl_fsdbDumpflush_vd_main at 0 : N/A(0)
36771 *Verdi* : Flush all FSDB Files at 0 ps.
36772 sps_tcl_fsdbDumpvars_vd_main
36773 argv[0]: 0
36774 argv[1]: simulator.DCRFLI.RF_GEN[1].RF.CORE.CORDIC_GEN[1].CORDIC.c[15]
36775 argv[2]: +all
36776 argv[3]: +trace_process
36777 *Verdi* ERROR: The #2 argument "simulator.DCRFLI.RF_GEN[1].RF.CORE.CORDIC_GEN[1].CORDIC.c[15]" is invalid
36778 *Verdi* ERROR: Failed to dump because the specified instance or option is not correct
36779 *Verdi* ERROR: Syntax - fsdbDumpvars [depth] [instance] [option]*
36780 sps_tcl_fsdbDumpflush_vd_main at 0 : N/A(0)
36781 *Verdi* : Flush all FSDB Files at 0 ps.
36782 sps_tcl_fsdbDumpvars_vd_main
36783 argv[0]: 0
36784 argv[1]: simulator.DCRFLI.RF_GEN[1].RF.CORE.CORDIC_GEN[2].CORDIC.c[15]
36785 argv[2]: +all
36786 argv[3]: +trace_process
36787 *Verdi* ERROR: The #2 argument "simulator.DCRFLI.RF_GEN[1].RF.CORE.CORDIC_GEN[2].CORDIC.c[15]" is invalid
36788 *Verdi* ERROR: Failed to dump because the specified instance or option is not correct
36789 *Verdi* ERROR: Syntax - fsdbDumpvars [depth] [instance] [option]*
36790 sps_tcl_fsdbDumpflush_vd_main at 0 : N/A(0)
36791 *Verdi* : Flush all FSDB Files at 0 ps.
36792 sps_tcl_fsdbDumpvars_vd_main
36793 argv[0]: 0
36794 argv[1]: simulator.DCRFLI.RF_GEN[1].RF.CORE.CORDIC_GEN[3].CORDIC.c[15]
36795 argv[2]: +all
36796 argv[3]: +trace_process
36797 *Verdi* ERROR: The #2 argument "simulator.DCRFLI.RF_GEN[1].RF.CORE.CORDIC_GEN[3].CORDIC.c[15]" is invalid
36798 *Verdi* ERROR: Failed to dump because the specified instance or option is not correct
36799 *Verdi* ERROR: Syntax - fsdbDumpvars [depth] [instance] [option]*
36800 sps_tcl_fsdbDumpflush_vd_main at 0 : N/A(0)
36801 *Verdi* : Flush all FSDB Files at 0 ps.
36802 sps_tcl_fsdbDumpvars_vd_main
36803 argv[0]: 0
36804 argv[1]: simulator.DCRFLI.RF_GEN[1].RF.CORE.CORDIC_GEN[4].CORDIC.c[15]
36805 argv[2]: +all
36806 argv[3]: +trace_process
36807 *Verdi* ERROR: The #2 argument "simulator.DCRFLI.RF_GEN[1].RF.CORE.CORDIC_GEN[4].CORDIC.c[15]" is invalid
36808 *Verdi* ERROR: Failed to dump because the specified instance or option is not correct
36809 *Verdi* ERROR: Syntax - fsdbDumpvars [depth] [instance] [option]*
36810 sps_tcl_fsdbDumpflush_vd_main at 0 : N/A(0)
36811 *Verdi* : Flush all FSDB Files at 0 ps.
36812 sps_tcl_fsdbDumpvars_vd_main
36813 argv[0]: 0
36814 argv[1]: simulator.DCRFLI.RF_GEN[1].RF.CORE.CORDIC_GEN[5].CORDIC.c[15]
36815 argv[2]: +all
36816 argv[3]: +trace_process
36817 *Verdi* ERROR: The #2 argument "simulator.DCRFLI.RF_GEN[1].RF.CORE.CORDIC_GEN[5].CORDIC.c[15]" is invalid
36818 *Verdi* ERROR: Failed to dump because the specified instance or option is not correct
36819 *Verdi* ERROR: Syntax - fsdbDumpvars [depth] [instance] [option]*
36820 sps_tcl_fsdbDumpflush_vd_main at 0 : N/A(0)
36821 *Verdi* : Flush all FSDB Files at 0 ps.
36822 sps_tcl_fsdbDumpvars_vd_main
36823 argv[0]: 0
36824 argv[1]: simulator.DCRFLI.RF_GEN[1].RF.CORE.CORDIC_GEN[6].CORDIC.c[15]
36825 argv[2]: +all
36826 argv[3]: +trace_process
36827 *Verdi* ERROR: The #2 argument "simulator.DCRFLI.RF_GEN[1].RF.CORE.CORDIC_GEN[6].CORDIC.c[15]" is invalid
36828 *Verdi* ERROR: Failed to dump because the specified instance or option is not correct
36829 *Verdi* ERROR: Syntax - fsdbDumpvars [depth] [instance] [option]*
36830 sps_tcl_fsdbDumpflush_vd_main at 0 : N/A(0)
36831 *Verdi* : Flush all FSDB Files at 0 ps.
36832 sps_tcl_fsdbDumpvars_vd_main
36833 argv[0]: 0
36834 argv[1]: simulator.DCRFLI.RF_GEN[1].RF.CORE.CORDIC_GEN[7].CORDIC.c[15]
36835 argv[2]: +all
36836 argv[3]: +trace_process
36837 *Verdi* ERROR: The #2 argument "simulator.DCRFLI.RF_GEN[1].RF.CORE.CORDIC_GEN[7].CORDIC.c[15]" is invalid
36838 *Verdi* ERROR: Failed to dump because the specified instance or option is not correct
36839 *Verdi* ERROR: Syntax - fsdbDumpvars [depth] [instance] [option]*
36840 sps_tcl_fsdbDumpflush_vd_main at 0 : N/A(0)
36841 *Verdi* : Flush all FSDB Files at 0 ps.
36842 sps_tcl_fsdbDumpvars_vd_main
36843 argv[0]: 0
36844 argv[1]: simulator.DCRFLI.RF_GEN[1].RF.CORE.CORDIC_GEN[0].CORDIC.c[14]
36845 argv[2]: +all
36846 argv[3]: +trace_process
36847 *Verdi* ERROR: The #2 argument "simulator.DCRFLI.RF_GEN[1].RF.CORE.CORDIC_GEN[0].CORDIC.c[14]" is invalid
36848 *Verdi* ERROR: Failed to dump because the specified instance or option is not correct
36849 *Verdi* ERROR: Syntax - fsdbDumpvars [depth] [instance] [option]*
36850 sps_tcl_fsdbDumpflush_vd_main at 0 : N/A(0)
36851 *Verdi* : Flush all FSDB Files at 0 ps.
36852 sps_tcl_fsdbDumpvars_vd_main
36853 argv[0]: 0
36854 argv[1]: simulator.DCRFLI.RF_GEN[1].RF.CORE.CORDIC_GEN[1].CORDIC.c[14]
36855 argv[2]: +all
36856 argv[3]: +trace_process
36857 *Verdi* ERROR: The #2 argument "simulator.DCRFLI.RF_GEN[1].RF.CORE.CORDIC_GEN[1].CORDIC.c[14]" is invalid
36858 *Verdi* ERROR: Failed to dump because the specified instance or option is not correct
36859 *Verdi* ERROR: Syntax - fsdbDumpvars [depth] [instance] [option]*
36860 sps_tcl_fsdbDumpflush_vd_main at 0 : N/A(0)
36861 *Verdi* : Flush all FSDB Files at 0 ps.
36862 sps_tcl_fsdbDumpvars_vd_main
36863 argv[0]: 0
36864 argv[1]: simulator.DCRFLI.RF_GEN[1].RF.CORE.CORDIC_GEN[2].CORDIC.c[14]
36865 argv[2]: +all
36866 argv[3]: +trace_process
36867 *Verdi* ERROR: The #2 argument "simulator.DCRFLI.RF_GEN[1].RF.CORE.CORDIC_GEN[2].CORDIC.c[14]" is invalid
36868 *Verdi* ERROR: Failed to dump because the specified instance or option is not correct
36869 *Verdi* ERROR: Syntax - fsdbDumpvars [depth] [instance] [option]*
36870 sps_tcl_fsdbDumpflush_vd_main at 0 : N/A(0)
36871 *Verdi* : Flush all FSDB Files at 0 ps.
36872 sps_tcl_fsdbDumpvars_vd_main
36873 argv[0]: 0
36874 argv[1]: simulator.DCRFLI.RF_GEN[1].RF.CORE.CORDIC_GEN[3].CORDIC.c[14]
36875 argv[2]: +all
36876 argv[3]: +trace_process
36877 *Verdi* ERROR: The #2 argument "simulator.DCRFLI.RF_GEN[1].RF.CORE.CORDIC_GEN[3].CORDIC.c[14]" is invalid
36878 *Verdi* ERROR: Failed to dump because the specified instance or option is not correct
36879 *Verdi* ERROR: Syntax - fsdbDumpvars [depth] [instance] [option]*
36880 sps_tcl_fsdbDumpflush_vd_main at 0 : N/A(0)
36881 *Verdi* : Flush all FSDB Files at 0 ps.
36882 sps_tcl_fsdbDumpvars_vd_main
36883 argv[0]: 0
36884 argv[1]: simulator.DCRFLI.RF_GEN[1].RF.CORE.CORDIC_GEN[4].CORDIC.c[14]
36885 argv[2]: +all
36886 argv[3]: +trace_process
36887 *Verdi* ERROR: The #2 argument "simulator.DCRFLI.RF_GEN[1].RF.CORE.CORDIC_GEN[4].CORDIC.c[14]" is invalid
36888 *Verdi* ERROR: Failed to dump because the specified instance or option is not correct
36889 *Verdi* ERROR: Syntax - fsdbDumpvars [depth] [instance] [option]*
36890 sps_tcl_fsdbDumpflush_vd_main at 0 : N/A(0)
36891 *Verdi* : Flush all FSDB Files at 0 ps.
36892 sps_tcl_fsdbDumpvars_vd_main
36893 argv[0]: 0
36894 argv[1]: simulator.DCRFLI.RF_GEN[1].RF.CORE.CORDIC_GEN[5].CORDIC.c[14]
36895 argv[2]: +all
36896 argv[3]: +trace_process
36897 *Verdi* ERROR: The #2 argument "simulator.DCRFLI.RF_GEN[1].RF.CORE.CORDIC_GEN[5].CORDIC.c[14]" is invalid
36898 *Verdi* ERROR: Failed to dump because the specified instance or option is not correct
36899 *Verdi* ERROR: Syntax - fsdbDumpvars [depth] [instance] [option]*
36900 sps_tcl_fsdbDumpflush_vd_main at 0 : N/A(0)
36901 *Verdi* : Flush all FSDB Files at 0 ps.
36902 sps_tcl_fsdbDumpvars_vd_main
36903 argv[0]: 0
36904 argv[1]: simulator.DCRFLI.RF_GEN[1].RF.CORE.CORDIC_GEN[6].CORDIC.c[14]
36905 argv[2]: +all
36906 argv[3]: +trace_process
36907 *Verdi* ERROR: The #2 argument "simulator.DCRFLI.RF_GEN[1].RF.CORE.CORDIC_GEN[6].CORDIC.c[14]" is invalid
36908 *Verdi* ERROR: Failed to dump because the specified instance or option is not correct
36909 *Verdi* ERROR: Syntax - fsdbDumpvars [depth] [instance] [option]*
36910 sps_tcl_fsdbDumpflush_vd_main at 0 : N/A(0)
36911 *Verdi* : Flush all FSDB Files at 0 ps.
36912 sps_tcl_fsdbDumpvars_vd_main
36913 argv[0]: 0
36914 argv[1]: simulator.DCRFLI.RF_GEN[1].RF.CORE.CORDIC_GEN[7].CORDIC.c[14]
36915 argv[2]: +all
36916 argv[3]: +trace_process
36917 *Verdi* ERROR: The #2 argument "simulator.DCRFLI.RF_GEN[1].RF.CORE.CORDIC_GEN[7].CORDIC.c[14]" is invalid
36918 *Verdi* ERROR: Failed to dump because the specified instance or option is not correct
36919 *Verdi* ERROR: Syntax - fsdbDumpvars [depth] [instance] [option]*
36920 sps_tcl_fsdbDumpflush_vd_main at 0 : N/A(0)
36921 *Verdi* : Flush all FSDB Files at 0 ps.
36922 sps_tcl_fsdbDumpvars_vd_main
36923 argv[0]: 0
36924 argv[1]: simulator.DCRFLI.RF_GEN[1].RF.CORE.CORDIC_GEN[0].CORDIC.c[13]
36925 argv[2]: +all
36926 argv[3]: +trace_process
36927 *Verdi* ERROR: The #2 argument "simulator.DCRFLI.RF_GEN[1].RF.CORE.CORDIC_GEN[0].CORDIC.c[13]" is invalid
36928 *Verdi* ERROR: Failed to dump because the specified instance or option is not correct
36929 *Verdi* ERROR: Syntax - fsdbDumpvars [depth] [instance] [option]*
36930 sps_tcl_fsdbDumpflush_vd_main at 0 : N/A(0)
36931 *Verdi* : Flush all FSDB Files at 0 ps.
36932 sps_tcl_fsdbDumpvars_vd_main
36933 argv[0]: 0
36934 argv[1]: simulator.DCRFLI.RF_GEN[1].RF.CORE.CORDIC_GEN[1].CORDIC.c[13]
36935 argv[2]: +all
36936 argv[3]: +trace_process
36937 *Verdi* ERROR: The #2 argument "simulator.DCRFLI.RF_GEN[1].RF.CORE.CORDIC_GEN[1].CORDIC.c[13]" is invalid
36938 *Verdi* ERROR: Failed to dump because the specified instance or option is not correct
36939 *Verdi* ERROR: Syntax - fsdbDumpvars [depth] [instance] [option]*
36940 sps_tcl_fsdbDumpflush_vd_main at 0 : N/A(0)
36941 *Verdi* : Flush all FSDB Files at 0 ps.
36942 sps_tcl_fsdbDumpvars_vd_main
36943 argv[0]: 0
36944 argv[1]: simulator.DCRFLI.RF_GEN[1].RF.CORE.CORDIC_GEN[2].CORDIC.c[13]
36945 argv[2]: +all
36946 argv[3]: +trace_process
36947 *Verdi* ERROR: The #2 argument "simulator.DCRFLI.RF_GEN[1].RF.CORE.CORDIC_GEN[2].CORDIC.c[13]" is invalid
36948 *Verdi* ERROR: Failed to dump because the specified instance or option is not correct
36949 *Verdi* ERROR: Syntax - fsdbDumpvars [depth] [instance] [option]*
36950 sps_tcl_fsdbDumpflush_vd_main at 0 : N/A(0)
36951 *Verdi* : Flush all FSDB Files at 0 ps.
36952 sps_tcl_fsdbDumpvars_vd_main
36953 argv[0]: 0
36954 argv[1]: simulator.DCRFLI.RF_GEN[1].RF.CORE.CORDIC_GEN[3].CORDIC.c[13]
36955 argv[2]: +all
36956 argv[3]: +trace_process
36957 *Verdi* ERROR: The #2 argument "simulator.DCRFLI.RF_GEN[1].RF.CORE.CORDIC_GEN[3].CORDIC.c[13]" is invalid
36958 *Verdi* ERROR: Failed to dump because the specified instance or option is not correct
36959 *Verdi* ERROR: Syntax - fsdbDumpvars [depth] [instance] [option]*
36960 sps_tcl_fsdbDumpflush_vd_main at 0 : N/A(0)
36961 *Verdi* : Flush all FSDB Files at 0 ps.
36962 sps_tcl_fsdbDumpvars_vd_main
36963 argv[0]: 0
36964 argv[1]: simulator.DCRFLI.RF_GEN[1].RF.CORE.CORDIC_GEN[4].CORDIC.c[13]
36965 argv[2]: +all
36966 argv[3]: +trace_process
36967 *Verdi* ERROR: The #2 argument "simulator.DCRFLI.RF_GEN[1].RF.CORE.CORDIC_GEN[4].CORDIC.c[13]" is invalid
36968 *Verdi* ERROR: Failed to dump because the specified instance or option is not correct
36969 *Verdi* ERROR: Syntax - fsdbDumpvars [depth] [instance] [option]*
36970 sps_tcl_fsdbDumpflush_vd_main at 0 : N/A(0)
36971 *Verdi* : Flush all FSDB Files at 0 ps.
36972 sps_tcl_fsdbDumpvars_vd_main
36973 argv[0]: 0
36974 argv[1]: simulator.DCRFLI.RF_GEN[1].RF.CORE.CORDIC_GEN[5].CORDIC.c[13]
36975 argv[2]: +all
36976 argv[3]: +trace_process
36977 *Verdi* ERROR: The #2 argument "simulator.DCRFLI.RF_GEN[1].RF.CORE.CORDIC_GEN[5].CORDIC.c[13]" is invalid
36978 *Verdi* ERROR: Failed to dump because the specified instance or option is not correct
36979 *Verdi* ERROR: Syntax - fsdbDumpvars [depth] [instance] [option]*
36980 sps_tcl_fsdbDumpflush_vd_main at 0 : N/A(0)
36981 *Verdi* : Flush all FSDB Files at 0 ps.
36982 sps_tcl_fsdbDumpvars_vd_main
36983 argv[0]: 0
36984 argv[1]: simulator.DCRFLI.RF_GEN[1].RF.CORE.CORDIC_GEN[6].CORDIC.c[13]
36985 argv[2]: +all
36986 argv[3]: +trace_process
36987 *Verdi* ERROR: The #2 argument "simulator.DCRFLI.RF_GEN[1].RF.CORE.CORDIC_GEN[6].CORDIC.c[13]" is invalid
36988 *Verdi* ERROR: Failed to dump because the specified instance or option is not correct
36989 *Verdi* ERROR: Syntax - fsdbDumpvars [depth] [instance] [option]*
36990 sps_tcl_fsdbDumpflush_vd_main at 0 : N/A(0)
36991 *Verdi* : Flush all FSDB Files at 0 ps.
36992 sps_tcl_fsdbDumpvars_vd_main
36993 argv[0]: 0
36994 argv[1]: simulator.DCRFLI.RF_GEN[1].RF.CORE.CORDIC_GEN[7].CORDIC.c[13]
36995 argv[2]: +all
36996 argv[3]: +trace_process
36997 *Verdi* ERROR: The #2 argument "simulator.DCRFLI.RF_GEN[1].RF.CORE.CORDIC_GEN[7].CORDIC.c[13]" is invalid
36998 *Verdi* ERROR: Failed to dump because the specified instance or option is not correct
36999 *Verdi* ERROR: Syntax - fsdbDumpvars [depth] [instance] [option]*
37000 sps_tcl_fsdbDumpflush_vd_main at 0 : N/A(0)
37001 *Verdi* : Flush all FSDB Files at 0 ps.
37002 sps_tcl_fsdbDumpvars_vd_main
37003 argv[0]: 0
37004 argv[1]: simulator.DCRFLI.RF_GEN[1].RF.CORE.CORDIC_GEN[0].CORDIC.c[12]
37005 argv[2]: +all
37006 argv[3]: +trace_process
37007 *Verdi* ERROR: The #2 argument "simulator.DCRFLI.RF_GEN[1].RF.CORE.CORDIC_GEN[0].CORDIC.c[12]" is invalid
37008 *Verdi* ERROR: Failed to dump because the specified instance or option is not correct
37009 *Verdi* ERROR: Syntax - fsdbDumpvars [depth] [instance] [option]*
37010 sps_tcl_fsdbDumpflush_vd_main at 0 : N/A(0)
37011 *Verdi* : Flush all FSDB Files at 0 ps.
37012 sps_tcl_fsdbDumpvars_vd_main
37013 argv[0]: 0
37014 argv[1]: simulator.DCRFLI.RF_GEN[1].RF.CORE.CORDIC_GEN[1].CORDIC.c[12]
37015 argv[2]: +all
37016 argv[3]: +trace_process
37017 *Verdi* ERROR: The #2 argument "simulator.DCRFLI.RF_GEN[1].RF.CORE.CORDIC_GEN[1].CORDIC.c[12]" is invalid
37018 *Verdi* ERROR: Failed to dump because the specified instance or option is not correct
37019 *Verdi* ERROR: Syntax - fsdbDumpvars [depth] [instance] [option]*
37020 sps_tcl_fsdbDumpflush_vd_main at 0 : N/A(0)
37021 *Verdi* : Flush all FSDB Files at 0 ps.
37022 sps_tcl_fsdbDumpvars_vd_main
37023 argv[0]: 0
37024 argv[1]: simulator.DCRFLI.RF_GEN[1].RF.CORE.CORDIC_GEN[2].CORDIC.c[12]
37025 argv[2]: +all
37026 argv[3]: +trace_process
37027 *Verdi* ERROR: The #2 argument "simulator.DCRFLI.RF_GEN[1].RF.CORE.CORDIC_GEN[2].CORDIC.c[12]" is invalid
37028 *Verdi* ERROR: Failed to dump because the specified instance or option is not correct
37029 *Verdi* ERROR: Syntax - fsdbDumpvars [depth] [instance] [option]*
37030 sps_tcl_fsdbDumpflush_vd_main at 0 : N/A(0)
37031 *Verdi* : Flush all FSDB Files at 0 ps.
37032 sps_tcl_fsdbDumpvars_vd_main
37033 argv[0]: 0
37034 argv[1]: simulator.DCRFLI.RF_GEN[1].RF.CORE.CORDIC_GEN[3].CORDIC.c[12]
37035 argv[2]: +all
37036 argv[3]: +trace_process
37037 *Verdi* ERROR: The #2 argument "simulator.DCRFLI.RF_GEN[1].RF.CORE.CORDIC_GEN[3].CORDIC.c[12]" is invalid
37038 *Verdi* ERROR: Failed to dump because the specified instance or option is not correct
37039 *Verdi* ERROR: Syntax - fsdbDumpvars [depth] [instance] [option]*
37040 sps_tcl_fsdbDumpflush_vd_main at 0 : N/A(0)
37041 *Verdi* : Flush all FSDB Files at 0 ps.
37042 sps_tcl_fsdbDumpvars_vd_main
37043 argv[0]: 0
37044 argv[1]: simulator.DCRFLI.RF_GEN[1].RF.CORE.CORDIC_GEN[4].CORDIC.c[12]
37045 argv[2]: +all
37046 argv[3]: +trace_process
37047 *Verdi* ERROR: The #2 argument "simulator.DCRFLI.RF_GEN[1].RF.CORE.CORDIC_GEN[4].CORDIC.c[12]" is invalid
37048 *Verdi* ERROR: Failed to dump because the specified instance or option is not correct
37049 *Verdi* ERROR: Syntax - fsdbDumpvars [depth] [instance] [option]*
37050 sps_tcl_fsdbDumpflush_vd_main at 0 : N/A(0)
37051 *Verdi* : Flush all FSDB Files at 0 ps.
37052 sps_tcl_fsdbDumpvars_vd_main
37053 argv[0]: 0
37054 argv[1]: simulator.DCRFLI.RF_GEN[1].RF.CORE.CORDIC_GEN[5].CORDIC.c[12]
37055 argv[2]: +all
37056 argv[3]: +trace_process
37057 *Verdi* ERROR: The #2 argument "simulator.DCRFLI.RF_GEN[1].RF.CORE.CORDIC_GEN[5].CORDIC.c[12]" is invalid
37058 *Verdi* ERROR: Failed to dump because the specified instance or option is not correct
37059 *Verdi* ERROR: Syntax - fsdbDumpvars [depth] [instance] [option]*
37060 sps_tcl_fsdbDumpflush_vd_main at 0 : N/A(0)
37061 *Verdi* : Flush all FSDB Files at 0 ps.
37062 sps_tcl_fsdbDumpvars_vd_main
37063 argv[0]: 0
37064 argv[1]: simulator.DCRFLI.RF_GEN[1].RF.CORE.CORDIC_GEN[6].CORDIC.c[12]
37065 argv[2]: +all
37066 argv[3]: +trace_process
37067 *Verdi* ERROR: The #2 argument "simulator.DCRFLI.RF_GEN[1].RF.CORE.CORDIC_GEN[6].CORDIC.c[12]" is invalid
37068 *Verdi* ERROR: Failed to dump because the specified instance or option is not correct
37069 *Verdi* ERROR: Syntax - fsdbDumpvars [depth] [instance] [option]*
37070 sps_tcl_fsdbDumpflush_vd_main at 0 : N/A(0)
37071 *Verdi* : Flush all FSDB Files at 0 ps.
37072 sps_tcl_fsdbDumpvars_vd_main
37073 argv[0]: 0
37074 argv[1]: simulator.DCRFLI.RF_GEN[1].RF.CORE.CORDIC_GEN[7].CORDIC.c[12]
37075 argv[2]: +all
37076 argv[3]: +trace_process
37077 *Verdi* ERROR: The #2 argument "simulator.DCRFLI.RF_GEN[1].RF.CORE.CORDIC_GEN[7].CORDIC.c[12]" is invalid
37078 *Verdi* ERROR: Failed to dump because the specified instance or option is not correct
37079 *Verdi* ERROR: Syntax - fsdbDumpvars [depth] [instance] [option]*
37080 sps_tcl_fsdbDumpflush_vd_main at 0 : N/A(0)
37081 *Verdi* : Flush all FSDB Files at 0 ps.
37082 sps_tcl_fsdbDumpvars_vd_main
37083 argv[0]: 0
37084 argv[1]: simulator.DCRFLI.RF_GEN[1].RF.CORE.CORDIC_GEN[0].CORDIC.c[11]
37085 argv[2]: +all
37086 argv[3]: +trace_process
37087 *Verdi* ERROR: The #2 argument "simulator.DCRFLI.RF_GEN[1].RF.CORE.CORDIC_GEN[0].CORDIC.c[11]" is invalid
37088 *Verdi* ERROR: Failed to dump because the specified instance or option is not correct
37089 *Verdi* ERROR: Syntax - fsdbDumpvars [depth] [instance] [option]*
37090 sps_tcl_fsdbDumpflush_vd_main at 0 : N/A(0)
37091 *Verdi* : Flush all FSDB Files at 0 ps.
37092 sps_tcl_fsdbDumpvars_vd_main
37093 argv[0]: 0
37094 argv[1]: simulator.DCRFLI.RF_GEN[1].RF.CORE.CORDIC_GEN[1].CORDIC.c[11]
37095 argv[2]: +all
37096 argv[3]: +trace_process
37097 *Verdi* ERROR: The #2 argument "simulator.DCRFLI.RF_GEN[1].RF.CORE.CORDIC_GEN[1].CORDIC.c[11]" is invalid
37098 *Verdi* ERROR: Failed to dump because the specified instance or option is not correct
37099 *Verdi* ERROR: Syntax - fsdbDumpvars [depth] [instance] [option]*
37100 sps_tcl_fsdbDumpflush_vd_main at 0 : N/A(0)
37101 *Verdi* : Flush all FSDB Files at 0 ps.
37102 sps_tcl_fsdbDumpvars_vd_main
37103 argv[0]: 0
37104 argv[1]: simulator.DCRFLI.RF_GEN[1].RF.CORE.CORDIC_GEN[2].CORDIC.c[11]
37105 argv[2]: +all
37106 argv[3]: +trace_process
37107 *Verdi* ERROR: The #2 argument "simulator.DCRFLI.RF_GEN[1].RF.CORE.CORDIC_GEN[2].CORDIC.c[11]" is invalid
37108 *Verdi* ERROR: Failed to dump because the specified instance or option is not correct
37109 *Verdi* ERROR: Syntax - fsdbDumpvars [depth] [instance] [option]*
37110 sps_tcl_fsdbDumpflush_vd_main at 0 : N/A(0)
37111 *Verdi* : Flush all FSDB Files at 0 ps.
37112 sps_tcl_fsdbDumpvars_vd_main
37113 argv[0]: 0
37114 argv[1]: simulator.DCRFLI.RF_GEN[1].RF.CORE.CORDIC_GEN[3].CORDIC.c[11]
37115 argv[2]: +all
37116 argv[3]: +trace_process
37117 *Verdi* ERROR: The #2 argument "simulator.DCRFLI.RF_GEN[1].RF.CORE.CORDIC_GEN[3].CORDIC.c[11]" is invalid
37118 *Verdi* ERROR: Failed to dump because the specified instance or option is not correct
37119 *Verdi* ERROR: Syntax - fsdbDumpvars [depth] [instance] [option]*
37120 sps_tcl_fsdbDumpflush_vd_main at 0 : N/A(0)
37121 *Verdi* : Flush all FSDB Files at 0 ps.
37122 sps_tcl_fsdbDumpvars_vd_main
37123 argv[0]: 0
37124 argv[1]: simulator.DCRFLI.RF_GEN[1].RF.CORE.CORDIC_GEN[4].CORDIC.c[11]
37125 argv[2]: +all
37126 argv[3]: +trace_process
37127 *Verdi* ERROR: The #2 argument "simulator.DCRFLI.RF_GEN[1].RF.CORE.CORDIC_GEN[4].CORDIC.c[11]" is invalid
37128 *Verdi* ERROR: Failed to dump because the specified instance or option is not correct
37129 *Verdi* ERROR: Syntax - fsdbDumpvars [depth] [instance] [option]*
37130 sps_tcl_fsdbDumpflush_vd_main at 0 : N/A(0)
37131 *Verdi* : Flush all FSDB Files at 0 ps.
37132 sps_tcl_fsdbDumpvars_vd_main
37133 argv[0]: 0
37134 argv[1]: simulator.DCRFLI.RF_GEN[1].RF.CORE.CORDIC_GEN[5].CORDIC.c[11]
37135 argv[2]: +all
37136 argv[3]: +trace_process
37137 *Verdi* ERROR: The #2 argument "simulator.DCRFLI.RF_GEN[1].RF.CORE.CORDIC_GEN[5].CORDIC.c[11]" is invalid
37138 *Verdi* ERROR: Failed to dump because the specified instance or option is not correct
37139 *Verdi* ERROR: Syntax - fsdbDumpvars [depth] [instance] [option]*
37140 sps_tcl_fsdbDumpflush_vd_main at 0 : N/A(0)
37141 *Verdi* : Flush all FSDB Files at 0 ps.
37142 sps_tcl_fsdbDumpvars_vd_main
37143 argv[0]: 0
37144 argv[1]: simulator.DCRFLI.RF_GEN[1].RF.CORE.CORDIC_GEN[6].CORDIC.c[11]
37145 argv[2]: +all
37146 argv[3]: +trace_process
37147 *Verdi* ERROR: The #2 argument "simulator.DCRFLI.RF_GEN[1].RF.CORE.CORDIC_GEN[6].CORDIC.c[11]" is invalid
37148 *Verdi* ERROR: Failed to dump because the specified instance or option is not correct
37149 *Verdi* ERROR: Syntax - fsdbDumpvars [depth] [instance] [option]*
37150 sps_tcl_fsdbDumpflush_vd_main at 0 : N/A(0)
37151 *Verdi* : Flush all FSDB Files at 0 ps.
37152 sps_tcl_fsdbDumpvars_vd_main
37153 argv[0]: 0
37154 argv[1]: simulator.DCRFLI.RF_GEN[1].RF.CORE.CORDIC_GEN[7].CORDIC.c[11]
37155 argv[2]: +all
37156 argv[3]: +trace_process
37157 *Verdi* ERROR: The #2 argument "simulator.DCRFLI.RF_GEN[1].RF.CORE.CORDIC_GEN[7].CORDIC.c[11]" is invalid
37158 *Verdi* ERROR: Failed to dump because the specified instance or option is not correct
37159 *Verdi* ERROR: Syntax - fsdbDumpvars [depth] [instance] [option]*
37160 sps_tcl_fsdbDumpflush_vd_main at 0 : N/A(0)
37161 *Verdi* : Flush all FSDB Files at 0 ps.
37162 sps_tcl_fsdbDumpvars_vd_main
37163 argv[0]: 0
37164 argv[1]: simulator.DCRFLI.RF_GEN[1].RF.CORE.CORDIC_GEN[0].CORDIC.c[10]
37165 argv[2]: +all
37166 argv[3]: +trace_process
37167 *Verdi* ERROR: The #2 argument "simulator.DCRFLI.RF_GEN[1].RF.CORE.CORDIC_GEN[0].CORDIC.c[10]" is invalid
37168 *Verdi* ERROR: Failed to dump because the specified instance or option is not correct
37169 *Verdi* ERROR: Syntax - fsdbDumpvars [depth] [instance] [option]*
37170 sps_tcl_fsdbDumpflush_vd_main at 0 : N/A(0)
37171 *Verdi* : Flush all FSDB Files at 0 ps.
37172 sps_tcl_fsdbDumpvars_vd_main
37173 argv[0]: 0
37174 argv[1]: simulator.DCRFLI.RF_GEN[1].RF.CORE.CORDIC_GEN[1].CORDIC.c[10]
37175 argv[2]: +all
37176 argv[3]: +trace_process
37177 *Verdi* ERROR: The #2 argument "simulator.DCRFLI.RF_GEN[1].RF.CORE.CORDIC_GEN[1].CORDIC.c[10]" is invalid
37178 *Verdi* ERROR: Failed to dump because the specified instance or option is not correct
37179 *Verdi* ERROR: Syntax - fsdbDumpvars [depth] [instance] [option]*
37180 sps_tcl_fsdbDumpflush_vd_main at 0 : N/A(0)
37181 *Verdi* : Flush all FSDB Files at 0 ps.
37182 sps_tcl_fsdbDumpvars_vd_main
37183 argv[0]: 0
37184 argv[1]: simulator.DCRFLI.RF_GEN[1].RF.CORE.CORDIC_GEN[2].CORDIC.c[10]
37185 argv[2]: +all
37186 argv[3]: +trace_process
37187 *Verdi* ERROR: The #2 argument "simulator.DCRFLI.RF_GEN[1].RF.CORE.CORDIC_GEN[2].CORDIC.c[10]" is invalid
37188 *Verdi* ERROR: Failed to dump because the specified instance or option is not correct
37189 *Verdi* ERROR: Syntax - fsdbDumpvars [depth] [instance] [option]*
37190 sps_tcl_fsdbDumpflush_vd_main at 0 : N/A(0)
37191 *Verdi* : Flush all FSDB Files at 0 ps.
37192 sps_tcl_fsdbDumpvars_vd_main
37193 argv[0]: 0
37194 argv[1]: simulator.DCRFLI.RF_GEN[1].RF.CORE.CORDIC_GEN[3].CORDIC.c[10]
37195 argv[2]: +all
37196 argv[3]: +trace_process
37197 *Verdi* ERROR: The #2 argument "simulator.DCRFLI.RF_GEN[1].RF.CORE.CORDIC_GEN[3].CORDIC.c[10]" is invalid
37198 *Verdi* ERROR: Failed to dump because the specified instance or option is not correct
37199 *Verdi* ERROR: Syntax - fsdbDumpvars [depth] [instance] [option]*
37200 sps_tcl_fsdbDumpflush_vd_main at 0 : N/A(0)
37201 *Verdi* : Flush all FSDB Files at 0 ps.
37202 sps_tcl_fsdbDumpvars_vd_main
37203 argv[0]: 0
37204 argv[1]: simulator.DCRFLI.RF_GEN[1].RF.CORE.CORDIC_GEN[4].CORDIC.c[10]
37205 argv[2]: +all
37206 argv[3]: +trace_process
37207 *Verdi* ERROR: The #2 argument "simulator.DCRFLI.RF_GEN[1].RF.CORE.CORDIC_GEN[4].CORDIC.c[10]" is invalid
37208 *Verdi* ERROR: Failed to dump because the specified instance or option is not correct
37209 *Verdi* ERROR: Syntax - fsdbDumpvars [depth] [instance] [option]*
37210 sps_tcl_fsdbDumpflush_vd_main at 0 : N/A(0)
37211 *Verdi* : Flush all FSDB Files at 0 ps.
37212 sps_tcl_fsdbDumpvars_vd_main
37213 argv[0]: 0
37214 argv[1]: simulator.DCRFLI.RF_GEN[1].RF.CORE.CORDIC_GEN[5].CORDIC.c[10]
37215 argv[2]: +all
37216 argv[3]: +trace_process
37217 *Verdi* ERROR: The #2 argument "simulator.DCRFLI.RF_GEN[1].RF.CORE.CORDIC_GEN[5].CORDIC.c[10]" is invalid
37218 *Verdi* ERROR: Failed to dump because the specified instance or option is not correct
37219 *Verdi* ERROR: Syntax - fsdbDumpvars [depth] [instance] [option]*
37220 sps_tcl_fsdbDumpflush_vd_main at 0 : N/A(0)
37221 *Verdi* : Flush all FSDB Files at 0 ps.
37222 sps_tcl_fsdbDumpvars_vd_main
37223 argv[0]: 0
37224 argv[1]: simulator.DCRFLI.RF_GEN[1].RF.CORE.CORDIC_GEN[6].CORDIC.c[10]
37225 argv[2]: +all
37226 argv[3]: +trace_process
37227 *Verdi* ERROR: The #2 argument "simulator.DCRFLI.RF_GEN[1].RF.CORE.CORDIC_GEN[6].CORDIC.c[10]" is invalid
37228 *Verdi* ERROR: Failed to dump because the specified instance or option is not correct
37229 *Verdi* ERROR: Syntax - fsdbDumpvars [depth] [instance] [option]*
37230 sps_tcl_fsdbDumpflush_vd_main at 0 : N/A(0)
37231 *Verdi* : Flush all FSDB Files at 0 ps.
37232 sps_tcl_fsdbDumpvars_vd_main
37233 argv[0]: 0
37234 argv[1]: simulator.DCRFLI.RF_GEN[1].RF.CORE.CORDIC_GEN[7].CORDIC.c[10]
37235 argv[2]: +all
37236 argv[3]: +trace_process
37237 *Verdi* ERROR: The #2 argument "simulator.DCRFLI.RF_GEN[1].RF.CORE.CORDIC_GEN[7].CORDIC.c[10]" is invalid
37238 *Verdi* ERROR: Failed to dump because the specified instance or option is not correct
37239 *Verdi* ERROR: Syntax - fsdbDumpvars [depth] [instance] [option]*
37240 sps_tcl_fsdbDumpflush_vd_main at 0 : N/A(0)
37241 *Verdi* : Flush all FSDB Files at 0 ps.
37242 sps_tcl_fsdbDumpvars_vd_main
37243 argv[0]: 0
37244 argv[1]: simulator.DCRFLI.RF_GEN[1].RF.CORE.CORDIC_GEN[0].CORDIC.c[9]
37245 argv[2]: +all
37246 argv[3]: +trace_process
37247 *Verdi* ERROR: The #2 argument "simulator.DCRFLI.RF_GEN[1].RF.CORE.CORDIC_GEN[0].CORDIC.c[9]" is invalid
37248 *Verdi* ERROR: Failed to dump because the specified instance or option is not correct
37249 *Verdi* ERROR: Syntax - fsdbDumpvars [depth] [instance] [option]*
37250 sps_tcl_fsdbDumpflush_vd_main at 0 : N/A(0)
37251 *Verdi* : Flush all FSDB Files at 0 ps.
37252 sps_tcl_fsdbDumpvars_vd_main
37253 argv[0]: 0
37254 argv[1]: simulator.DCRFLI.RF_GEN[1].RF.CORE.CORDIC_GEN[1].CORDIC.c[9]
37255 argv[2]: +all
37256 argv[3]: +trace_process
37257 *Verdi* ERROR: The #2 argument "simulator.DCRFLI.RF_GEN[1].RF.CORE.CORDIC_GEN[1].CORDIC.c[9]" is invalid
37258 *Verdi* ERROR: Failed to dump because the specified instance or option is not correct
37259 *Verdi* ERROR: Syntax - fsdbDumpvars [depth] [instance] [option]*
37260 sps_tcl_fsdbDumpflush_vd_main at 0 : N/A(0)
37261 *Verdi* : Flush all FSDB Files at 0 ps.
37262 sps_tcl_fsdbDumpvars_vd_main
37263 argv[0]: 0
37264 argv[1]: simulator.DCRFLI.RF_GEN[1].RF.CORE.CORDIC_GEN[2].CORDIC.c[9]
37265 argv[2]: +all
37266 argv[3]: +trace_process
37267 *Verdi* ERROR: The #2 argument "simulator.DCRFLI.RF_GEN[1].RF.CORE.CORDIC_GEN[2].CORDIC.c[9]" is invalid
37268 *Verdi* ERROR: Failed to dump because the specified instance or option is not correct
37269 *Verdi* ERROR: Syntax - fsdbDumpvars [depth] [instance] [option]*
37270 sps_tcl_fsdbDumpflush_vd_main at 0 : N/A(0)
37271 *Verdi* : Flush all FSDB Files at 0 ps.
37272 sps_tcl_fsdbDumpvars_vd_main
37273 argv[0]: 0
37274 argv[1]: simulator.DCRFLI.RF_GEN[1].RF.CORE.CORDIC_GEN[3].CORDIC.c[9]
37275 argv[2]: +all
37276 argv[3]: +trace_process
37277 *Verdi* ERROR: The #2 argument "simulator.DCRFLI.RF_GEN[1].RF.CORE.CORDIC_GEN[3].CORDIC.c[9]" is invalid
37278 *Verdi* ERROR: Failed to dump because the specified instance or option is not correct
37279 *Verdi* ERROR: Syntax - fsdbDumpvars [depth] [instance] [option]*
37280 sps_tcl_fsdbDumpflush_vd_main at 0 : N/A(0)
37281 *Verdi* : Flush all FSDB Files at 0 ps.
37282 sps_tcl_fsdbDumpvars_vd_main
37283 argv[0]: 0
37284 argv[1]: simulator.DCRFLI.RF_GEN[1].RF.CORE.CORDIC_GEN[4].CORDIC.c[9]
37285 argv[2]: +all
37286 argv[3]: +trace_process
37287 *Verdi* ERROR: The #2 argument "simulator.DCRFLI.RF_GEN[1].RF.CORE.CORDIC_GEN[4].CORDIC.c[9]" is invalid
37288 *Verdi* ERROR: Failed to dump because the specified instance or option is not correct
37289 *Verdi* ERROR: Syntax - fsdbDumpvars [depth] [instance] [option]*
37290 sps_tcl_fsdbDumpflush_vd_main at 0 : N/A(0)
37291 *Verdi* : Flush all FSDB Files at 0 ps.
37292 sps_tcl_fsdbDumpvars_vd_main
37293 argv[0]: 0
37294 argv[1]: simulator.DCRFLI.RF_GEN[1].RF.CORE.CORDIC_GEN[5].CORDIC.c[9]
37295 argv[2]: +all
37296 argv[3]: +trace_process
37297 *Verdi* ERROR: The #2 argument "simulator.DCRFLI.RF_GEN[1].RF.CORE.CORDIC_GEN[5].CORDIC.c[9]" is invalid
37298 *Verdi* ERROR: Failed to dump because the specified instance or option is not correct
37299 *Verdi* ERROR: Syntax - fsdbDumpvars [depth] [instance] [option]*
37300 sps_tcl_fsdbDumpflush_vd_main at 0 : N/A(0)
37301 *Verdi* : Flush all FSDB Files at 0 ps.
37302 sps_tcl_fsdbDumpvars_vd_main
37303 argv[0]: 0
37304 argv[1]: simulator.DCRFLI.RF_GEN[1].RF.CORE.CORDIC_GEN[6].CORDIC.c[9]
37305 argv[2]: +all
37306 argv[3]: +trace_process
37307 *Verdi* ERROR: The #2 argument "simulator.DCRFLI.RF_GEN[1].RF.CORE.CORDIC_GEN[6].CORDIC.c[9]" is invalid
37308 *Verdi* ERROR: Failed to dump because the specified instance or option is not correct
37309 *Verdi* ERROR: Syntax - fsdbDumpvars [depth] [instance] [option]*
37310 sps_tcl_fsdbDumpflush_vd_main at 0 : N/A(0)
37311 *Verdi* : Flush all FSDB Files at 0 ps.
37312 sps_tcl_fsdbDumpvars_vd_main
37313 argv[0]: 0
37314 argv[1]: simulator.DCRFLI.RF_GEN[1].RF.CORE.CORDIC_GEN[7].CORDIC.c[9]
37315 argv[2]: +all
37316 argv[3]: +trace_process
37317 *Verdi* ERROR: The #2 argument "simulator.DCRFLI.RF_GEN[1].RF.CORE.CORDIC_GEN[7].CORDIC.c[9]" is invalid
37318 *Verdi* ERROR: Failed to dump because the specified instance or option is not correct
37319 *Verdi* ERROR: Syntax - fsdbDumpvars [depth] [instance] [option]*
37320 sps_tcl_fsdbDumpflush_vd_main at 0 : N/A(0)
37321 *Verdi* : Flush all FSDB Files at 0 ps.
37322 sps_tcl_fsdbDumpvars_vd_main
37323 argv[0]: 0
37324 argv[1]: simulator.DCRFLI.RF_GEN[1].RF.CORE.CORDIC_GEN[0].CORDIC.c[8]
37325 argv[2]: +all
37326 argv[3]: +trace_process
37327 *Verdi* ERROR: The #2 argument "simulator.DCRFLI.RF_GEN[1].RF.CORE.CORDIC_GEN[0].CORDIC.c[8]" is invalid
37328 *Verdi* ERROR: Failed to dump because the specified instance or option is not correct
37329 *Verdi* ERROR: Syntax - fsdbDumpvars [depth] [instance] [option]*
37330 sps_tcl_fsdbDumpflush_vd_main at 0 : N/A(0)
37331 *Verdi* : Flush all FSDB Files at 0 ps.
37332 sps_tcl_fsdbDumpvars_vd_main
37333 argv[0]: 0
37334 argv[1]: simulator.DCRFLI.RF_GEN[1].RF.CORE.CORDIC_GEN[1].CORDIC.c[8]
37335 argv[2]: +all
37336 argv[3]: +trace_process
37337 *Verdi* ERROR: The #2 argument "simulator.DCRFLI.RF_GEN[1].RF.CORE.CORDIC_GEN[1].CORDIC.c[8]" is invalid
37338 *Verdi* ERROR: Failed to dump because the specified instance or option is not correct
37339 *Verdi* ERROR: Syntax - fsdbDumpvars [depth] [instance] [option]*
37340 sps_tcl_fsdbDumpflush_vd_main at 0 : N/A(0)
37341 *Verdi* : Flush all FSDB Files at 0 ps.
37342 sps_tcl_fsdbDumpvars_vd_main
37343 argv[0]: 0
37344 argv[1]: simulator.DCRFLI.RF_GEN[1].RF.CORE.CORDIC_GEN[2].CORDIC.c[8]
37345 argv[2]: +all
37346 argv[3]: +trace_process
37347 *Verdi* ERROR: The #2 argument "simulator.DCRFLI.RF_GEN[1].RF.CORE.CORDIC_GEN[2].CORDIC.c[8]" is invalid
37348 *Verdi* ERROR: Failed to dump because the specified instance or option is not correct
37349 *Verdi* ERROR: Syntax - fsdbDumpvars [depth] [instance] [option]*
37350 sps_tcl_fsdbDumpflush_vd_main at 0 : N/A(0)
37351 *Verdi* : Flush all FSDB Files at 0 ps.
37352 sps_tcl_fsdbDumpvars_vd_main
37353 argv[0]: 0
37354 argv[1]: simulator.DCRFLI.RF_GEN[1].RF.CORE.CORDIC_GEN[3].CORDIC.c[8]
37355 argv[2]: +all
37356 argv[3]: +trace_process
37357 *Verdi* ERROR: The #2 argument "simulator.DCRFLI.RF_GEN[1].RF.CORE.CORDIC_GEN[3].CORDIC.c[8]" is invalid
37358 *Verdi* ERROR: Failed to dump because the specified instance or option is not correct
37359 *Verdi* ERROR: Syntax - fsdbDumpvars [depth] [instance] [option]*
37360 sps_tcl_fsdbDumpflush_vd_main at 0 : N/A(0)
37361 *Verdi* : Flush all FSDB Files at 0 ps.
37362 sps_tcl_fsdbDumpvars_vd_main
37363 argv[0]: 0
37364 argv[1]: simulator.DCRFLI.RF_GEN[1].RF.CORE.CORDIC_GEN[4].CORDIC.c[8]
37365 argv[2]: +all
37366 argv[3]: +trace_process
37367 *Verdi* ERROR: The #2 argument "simulator.DCRFLI.RF_GEN[1].RF.CORE.CORDIC_GEN[4].CORDIC.c[8]" is invalid
37368 *Verdi* ERROR: Failed to dump because the specified instance or option is not correct
37369 *Verdi* ERROR: Syntax - fsdbDumpvars [depth] [instance] [option]*
37370 sps_tcl_fsdbDumpflush_vd_main at 0 : N/A(0)
37371 *Verdi* : Flush all FSDB Files at 0 ps.
37372 sps_tcl_fsdbDumpvars_vd_main
37373 argv[0]: 0
37374 argv[1]: simulator.DCRFLI.RF_GEN[1].RF.CORE.CORDIC_GEN[5].CORDIC.c[8]
37375 argv[2]: +all
37376 argv[3]: +trace_process
37377 *Verdi* ERROR: The #2 argument "simulator.DCRFLI.RF_GEN[1].RF.CORE.CORDIC_GEN[5].CORDIC.c[8]" is invalid
37378 *Verdi* ERROR: Failed to dump because the specified instance or option is not correct
37379 *Verdi* ERROR: Syntax - fsdbDumpvars [depth] [instance] [option]*
37380 sps_tcl_fsdbDumpflush_vd_main at 0 : N/A(0)
37381 *Verdi* : Flush all FSDB Files at 0 ps.
37382 sps_tcl_fsdbDumpvars_vd_main
37383 argv[0]: 0
37384 argv[1]: simulator.DCRFLI.RF_GEN[1].RF.CORE.CORDIC_GEN[6].CORDIC.c[8]
37385 argv[2]: +all
37386 argv[3]: +trace_process
37387 *Verdi* ERROR: The #2 argument "simulator.DCRFLI.RF_GEN[1].RF.CORE.CORDIC_GEN[6].CORDIC.c[8]" is invalid
37388 *Verdi* ERROR: Failed to dump because the specified instance or option is not correct
37389 *Verdi* ERROR: Syntax - fsdbDumpvars [depth] [instance] [option]*
37390 sps_tcl_fsdbDumpflush_vd_main at 0 : N/A(0)
37391 *Verdi* : Flush all FSDB Files at 0 ps.
37392 sps_tcl_fsdbDumpvars_vd_main
37393 argv[0]: 0
37394 argv[1]: simulator.DCRFLI.RF_GEN[1].RF.CORE.CORDIC_GEN[7].CORDIC.c[8]
37395 argv[2]: +all
37396 argv[3]: +trace_process
37397 *Verdi* ERROR: The #2 argument "simulator.DCRFLI.RF_GEN[1].RF.CORE.CORDIC_GEN[7].CORDIC.c[8]" is invalid
37398 *Verdi* ERROR: Failed to dump because the specified instance or option is not correct
37399 *Verdi* ERROR: Syntax - fsdbDumpvars [depth] [instance] [option]*
37400 sps_tcl_fsdbDumpflush_vd_main at 0 : N/A(0)
37401 *Verdi* : Flush all FSDB Files at 0 ps.
37402 sps_tcl_fsdbDumpvars_vd_main
37403 argv[0]: 0
37404 argv[1]: simulator.DCRFLI.RF_GEN[1].RF.CORE.CORDIC_GEN[0].CORDIC.c[7]
37405 argv[2]: +all
37406 argv[3]: +trace_process
37407 *Verdi* ERROR: The #2 argument "simulator.DCRFLI.RF_GEN[1].RF.CORE.CORDIC_GEN[0].CORDIC.c[7]" is invalid
37408 *Verdi* ERROR: Failed to dump because the specified instance or option is not correct
37409 *Verdi* ERROR: Syntax - fsdbDumpvars [depth] [instance] [option]*
37410 sps_tcl_fsdbDumpflush_vd_main at 0 : N/A(0)
37411 *Verdi* : Flush all FSDB Files at 0 ps.
37412 sps_tcl_fsdbDumpvars_vd_main
37413 argv[0]: 0
37414 argv[1]: simulator.DCRFLI.RF_GEN[1].RF.CORE.CORDIC_GEN[1].CORDIC.c[7]
37415 argv[2]: +all
37416 argv[3]: +trace_process
37417 *Verdi* ERROR: The #2 argument "simulator.DCRFLI.RF_GEN[1].RF.CORE.CORDIC_GEN[1].CORDIC.c[7]" is invalid
37418 *Verdi* ERROR: Failed to dump because the specified instance or option is not correct
37419 *Verdi* ERROR: Syntax - fsdbDumpvars [depth] [instance] [option]*
37420 sps_tcl_fsdbDumpflush_vd_main at 0 : N/A(0)
37421 *Verdi* : Flush all FSDB Files at 0 ps.
37422 sps_tcl_fsdbDumpvars_vd_main
37423 argv[0]: 0
37424 argv[1]: simulator.DCRFLI.RF_GEN[1].RF.CORE.CORDIC_GEN[2].CORDIC.c[7]
37425 argv[2]: +all
37426 argv[3]: +trace_process
37427 *Verdi* ERROR: The #2 argument "simulator.DCRFLI.RF_GEN[1].RF.CORE.CORDIC_GEN[2].CORDIC.c[7]" is invalid
37428 *Verdi* ERROR: Failed to dump because the specified instance or option is not correct
37429 *Verdi* ERROR: Syntax - fsdbDumpvars [depth] [instance] [option]*
37430 sps_tcl_fsdbDumpflush_vd_main at 0 : N/A(0)
37431 *Verdi* : Flush all FSDB Files at 0 ps.
37432 sps_tcl_fsdbDumpvars_vd_main
37433 argv[0]: 0
37434 argv[1]: simulator.DCRFLI.RF_GEN[1].RF.CORE.CORDIC_GEN[3].CORDIC.c[7]
37435 argv[2]: +all
37436 argv[3]: +trace_process
37437 *Verdi* ERROR: The #2 argument "simulator.DCRFLI.RF_GEN[1].RF.CORE.CORDIC_GEN[3].CORDIC.c[7]" is invalid
37438 *Verdi* ERROR: Failed to dump because the specified instance or option is not correct
37439 *Verdi* ERROR: Syntax - fsdbDumpvars [depth] [instance] [option]*
37440 sps_tcl_fsdbDumpflush_vd_main at 0 : N/A(0)
37441 *Verdi* : Flush all FSDB Files at 0 ps.
37442 sps_tcl_fsdbDumpvars_vd_main
37443 argv[0]: 0
37444 argv[1]: simulator.DCRFLI.RF_GEN[1].RF.CORE.CORDIC_GEN[4].CORDIC.c[7]
37445 argv[2]: +all
37446 argv[3]: +trace_process
37447 *Verdi* ERROR: The #2 argument "simulator.DCRFLI.RF_GEN[1].RF.CORE.CORDIC_GEN[4].CORDIC.c[7]" is invalid
37448 *Verdi* ERROR: Failed to dump because the specified instance or option is not correct
37449 *Verdi* ERROR: Syntax - fsdbDumpvars [depth] [instance] [option]*
37450 sps_tcl_fsdbDumpflush_vd_main at 0 : N/A(0)
37451 *Verdi* : Flush all FSDB Files at 0 ps.
37452 sps_tcl_fsdbDumpvars_vd_main
37453 argv[0]: 0
37454 argv[1]: simulator.DCRFLI.RF_GEN[1].RF.CORE.CORDIC_GEN[5].CORDIC.c[7]
37455 argv[2]: +all
37456 argv[3]: +trace_process
37457 *Verdi* ERROR: The #2 argument "simulator.DCRFLI.RF_GEN[1].RF.CORE.CORDIC_GEN[5].CORDIC.c[7]" is invalid
37458 *Verdi* ERROR: Failed to dump because the specified instance or option is not correct
37459 *Verdi* ERROR: Syntax - fsdbDumpvars [depth] [instance] [option]*
37460 sps_tcl_fsdbDumpflush_vd_main at 0 : N/A(0)
37461 *Verdi* : Flush all FSDB Files at 0 ps.
37462 sps_tcl_fsdbDumpvars_vd_main
37463 argv[0]: 0
37464 argv[1]: simulator.DCRFLI.RF_GEN[1].RF.CORE.CORDIC_GEN[6].CORDIC.c[7]
37465 argv[2]: +all
37466 argv[3]: +trace_process
37467 *Verdi* ERROR: The #2 argument "simulator.DCRFLI.RF_GEN[1].RF.CORE.CORDIC_GEN[6].CORDIC.c[7]" is invalid
37468 *Verdi* ERROR: Failed to dump because the specified instance or option is not correct
37469 *Verdi* ERROR: Syntax - fsdbDumpvars [depth] [instance] [option]*
37470 sps_tcl_fsdbDumpflush_vd_main at 0 : N/A(0)
37471 *Verdi* : Flush all FSDB Files at 0 ps.
37472 sps_tcl_fsdbDumpvars_vd_main
37473 argv[0]: 0
37474 argv[1]: simulator.DCRFLI.RF_GEN[1].RF.CORE.CORDIC_GEN[7].CORDIC.c[7]
37475 argv[2]: +all
37476 argv[3]: +trace_process
37477 *Verdi* ERROR: The #2 argument "simulator.DCRFLI.RF_GEN[1].RF.CORE.CORDIC_GEN[7].CORDIC.c[7]" is invalid
37478 *Verdi* ERROR: Failed to dump because the specified instance or option is not correct
37479 *Verdi* ERROR: Syntax - fsdbDumpvars [depth] [instance] [option]*
37480 sps_tcl_fsdbDumpflush_vd_main at 0 : N/A(0)
37481 *Verdi* : Flush all FSDB Files at 0 ps.
37482 sps_tcl_fsdbDumpvars_vd_main
37483 argv[0]: 0
37484 argv[1]: simulator.DCRFLI.RF_GEN[1].RF.CORE.CORDIC_GEN[0].CORDIC.c[6]
37485 argv[2]: +all
37486 argv[3]: +trace_process
37487 *Verdi* ERROR: The #2 argument "simulator.DCRFLI.RF_GEN[1].RF.CORE.CORDIC_GEN[0].CORDIC.c[6]" is invalid
37488 *Verdi* ERROR: Failed to dump because the specified instance or option is not correct
37489 *Verdi* ERROR: Syntax - fsdbDumpvars [depth] [instance] [option]*
37490 sps_tcl_fsdbDumpflush_vd_main at 0 : N/A(0)
37491 *Verdi* : Flush all FSDB Files at 0 ps.
37492 sps_tcl_fsdbDumpvars_vd_main
37493 argv[0]: 0
37494 argv[1]: simulator.DCRFLI.RF_GEN[1].RF.CORE.CORDIC_GEN[1].CORDIC.c[6]
37495 argv[2]: +all
37496 argv[3]: +trace_process
37497 *Verdi* ERROR: The #2 argument "simulator.DCRFLI.RF_GEN[1].RF.CORE.CORDIC_GEN[1].CORDIC.c[6]" is invalid
37498 *Verdi* ERROR: Failed to dump because the specified instance or option is not correct
37499 *Verdi* ERROR: Syntax - fsdbDumpvars [depth] [instance] [option]*
37500 sps_tcl_fsdbDumpflush_vd_main at 0 : N/A(0)
37501 *Verdi* : Flush all FSDB Files at 0 ps.
37502 sps_tcl_fsdbDumpvars_vd_main
37503 argv[0]: 0
37504 argv[1]: simulator.DCRFLI.RF_GEN[1].RF.CORE.CORDIC_GEN[2].CORDIC.c[6]
37505 argv[2]: +all
37506 argv[3]: +trace_process
37507 *Verdi* ERROR: The #2 argument "simulator.DCRFLI.RF_GEN[1].RF.CORE.CORDIC_GEN[2].CORDIC.c[6]" is invalid
37508 *Verdi* ERROR: Failed to dump because the specified instance or option is not correct
37509 *Verdi* ERROR: Syntax - fsdbDumpvars [depth] [instance] [option]*
37510 sps_tcl_fsdbDumpflush_vd_main at 0 : N/A(0)
37511 *Verdi* : Flush all FSDB Files at 0 ps.
37512 sps_tcl_fsdbDumpvars_vd_main
37513 argv[0]: 0
37514 argv[1]: simulator.DCRFLI.RF_GEN[1].RF.CORE.CORDIC_GEN[3].CORDIC.c[6]
37515 argv[2]: +all
37516 argv[3]: +trace_process
37517 *Verdi* ERROR: The #2 argument "simulator.DCRFLI.RF_GEN[1].RF.CORE.CORDIC_GEN[3].CORDIC.c[6]" is invalid
37518 *Verdi* ERROR: Failed to dump because the specified instance or option is not correct
37519 *Verdi* ERROR: Syntax - fsdbDumpvars [depth] [instance] [option]*
37520 sps_tcl_fsdbDumpflush_vd_main at 0 : N/A(0)
37521 *Verdi* : Flush all FSDB Files at 0 ps.
37522 sps_tcl_fsdbDumpvars_vd_main
37523 argv[0]: 0
37524 argv[1]: simulator.DCRFLI.RF_GEN[1].RF.CORE.CORDIC_GEN[4].CORDIC.c[6]
37525 argv[2]: +all
37526 argv[3]: +trace_process
37527 *Verdi* ERROR: The #2 argument "simulator.DCRFLI.RF_GEN[1].RF.CORE.CORDIC_GEN[4].CORDIC.c[6]" is invalid
37528 *Verdi* ERROR: Failed to dump because the specified instance or option is not correct
37529 *Verdi* ERROR: Syntax - fsdbDumpvars [depth] [instance] [option]*
37530 sps_tcl_fsdbDumpflush_vd_main at 0 : N/A(0)
37531 *Verdi* : Flush all FSDB Files at 0 ps.
37532 sps_tcl_fsdbDumpvars_vd_main
37533 argv[0]: 0
37534 argv[1]: simulator.DCRFLI.RF_GEN[1].RF.CORE.CORDIC_GEN[5].CORDIC.c[6]
37535 argv[2]: +all
37536 argv[3]: +trace_process
37537 *Verdi* ERROR: The #2 argument "simulator.DCRFLI.RF_GEN[1].RF.CORE.CORDIC_GEN[5].CORDIC.c[6]" is invalid
37538 *Verdi* ERROR: Failed to dump because the specified instance or option is not correct
37539 *Verdi* ERROR: Syntax - fsdbDumpvars [depth] [instance] [option]*
37540 sps_tcl_fsdbDumpflush_vd_main at 0 : N/A(0)
37541 *Verdi* : Flush all FSDB Files at 0 ps.
37542 sps_tcl_fsdbDumpvars_vd_main
37543 argv[0]: 0
37544 argv[1]: simulator.DCRFLI.RF_GEN[1].RF.CORE.CORDIC_GEN[6].CORDIC.c[6]
37545 argv[2]: +all
37546 argv[3]: +trace_process
37547 *Verdi* ERROR: The #2 argument "simulator.DCRFLI.RF_GEN[1].RF.CORE.CORDIC_GEN[6].CORDIC.c[6]" is invalid
37548 *Verdi* ERROR: Failed to dump because the specified instance or option is not correct
37549 *Verdi* ERROR: Syntax - fsdbDumpvars [depth] [instance] [option]*
37550 sps_tcl_fsdbDumpflush_vd_main at 0 : N/A(0)
37551 *Verdi* : Flush all FSDB Files at 0 ps.
37552 sps_tcl_fsdbDumpvars_vd_main
37553 argv[0]: 0
37554 argv[1]: simulator.DCRFLI.RF_GEN[1].RF.CORE.CORDIC_GEN[7].CORDIC.c[6]
37555 argv[2]: +all
37556 argv[3]: +trace_process
37557 *Verdi* ERROR: The #2 argument "simulator.DCRFLI.RF_GEN[1].RF.CORE.CORDIC_GEN[7].CORDIC.c[6]" is invalid
37558 *Verdi* ERROR: Failed to dump because the specified instance or option is not correct
37559 *Verdi* ERROR: Syntax - fsdbDumpvars [depth] [instance] [option]*
37560 sps_tcl_fsdbDumpflush_vd_main at 0 : N/A(0)
37561 *Verdi* : Flush all FSDB Files at 0 ps.
37562 sps_tcl_fsdbDumpvars_vd_main
37563 argv[0]: 0
37564 argv[1]: simulator.DCRFLI.RF_GEN[1].RF.CORE.CORDIC_GEN[0].CORDIC.c[5]
37565 argv[2]: +all
37566 argv[3]: +trace_process
37567 *Verdi* ERROR: The #2 argument "simulator.DCRFLI.RF_GEN[1].RF.CORE.CORDIC_GEN[0].CORDIC.c[5]" is invalid
37568 *Verdi* ERROR: Failed to dump because the specified instance or option is not correct
37569 *Verdi* ERROR: Syntax - fsdbDumpvars [depth] [instance] [option]*
37570 sps_tcl_fsdbDumpflush_vd_main at 0 : N/A(0)
37571 *Verdi* : Flush all FSDB Files at 0 ps.
37572 sps_tcl_fsdbDumpvars_vd_main
37573 argv[0]: 0
37574 argv[1]: simulator.DCRFLI.RF_GEN[1].RF.CORE.CORDIC_GEN[1].CORDIC.c[5]
37575 argv[2]: +all
37576 argv[3]: +trace_process
37577 *Verdi* ERROR: The #2 argument "simulator.DCRFLI.RF_GEN[1].RF.CORE.CORDIC_GEN[1].CORDIC.c[5]" is invalid
37578 *Verdi* ERROR: Failed to dump because the specified instance or option is not correct
37579 *Verdi* ERROR: Syntax - fsdbDumpvars [depth] [instance] [option]*
37580 sps_tcl_fsdbDumpflush_vd_main at 0 : N/A(0)
37581 *Verdi* : Flush all FSDB Files at 0 ps.
37582 sps_tcl_fsdbDumpvars_vd_main
37583 argv[0]: 0
37584 argv[1]: simulator.DCRFLI.RF_GEN[1].RF.CORE.CORDIC_GEN[2].CORDIC.c[5]
37585 argv[2]: +all
37586 argv[3]: +trace_process
37587 *Verdi* ERROR: The #2 argument "simulator.DCRFLI.RF_GEN[1].RF.CORE.CORDIC_GEN[2].CORDIC.c[5]" is invalid
37588 *Verdi* ERROR: Failed to dump because the specified instance or option is not correct
37589 *Verdi* ERROR: Syntax - fsdbDumpvars [depth] [instance] [option]*
37590 sps_tcl_fsdbDumpflush_vd_main at 0 : N/A(0)
37591 *Verdi* : Flush all FSDB Files at 0 ps.
37592 sps_tcl_fsdbDumpvars_vd_main
37593 argv[0]: 0
37594 argv[1]: simulator.DCRFLI.RF_GEN[1].RF.CORE.CORDIC_GEN[3].CORDIC.c[5]
37595 argv[2]: +all
37596 argv[3]: +trace_process
37597 *Verdi* ERROR: The #2 argument "simulator.DCRFLI.RF_GEN[1].RF.CORE.CORDIC_GEN[3].CORDIC.c[5]" is invalid
37598 *Verdi* ERROR: Failed to dump because the specified instance or option is not correct
37599 *Verdi* ERROR: Syntax - fsdbDumpvars [depth] [instance] [option]*
37600 sps_tcl_fsdbDumpflush_vd_main at 0 : N/A(0)
37601 *Verdi* : Flush all FSDB Files at 0 ps.
37602 sps_tcl_fsdbDumpvars_vd_main
37603 argv[0]: 0
37604 argv[1]: simulator.DCRFLI.RF_GEN[1].RF.CORE.CORDIC_GEN[4].CORDIC.c[5]
37605 argv[2]: +all
37606 argv[3]: +trace_process
37607 *Verdi* ERROR: The #2 argument "simulator.DCRFLI.RF_GEN[1].RF.CORE.CORDIC_GEN[4].CORDIC.c[5]" is invalid
37608 *Verdi* ERROR: Failed to dump because the specified instance or option is not correct
37609 *Verdi* ERROR: Syntax - fsdbDumpvars [depth] [instance] [option]*
37610 sps_tcl_fsdbDumpflush_vd_main at 0 : N/A(0)
37611 *Verdi* : Flush all FSDB Files at 0 ps.
37612 sps_tcl_fsdbDumpvars_vd_main
37613 argv[0]: 0
37614 argv[1]: simulator.DCRFLI.RF_GEN[1].RF.CORE.CORDIC_GEN[5].CORDIC.c[5]
37615 argv[2]: +all
37616 argv[3]: +trace_process
37617 *Verdi* ERROR: The #2 argument "simulator.DCRFLI.RF_GEN[1].RF.CORE.CORDIC_GEN[5].CORDIC.c[5]" is invalid
37618 *Verdi* ERROR: Failed to dump because the specified instance or option is not correct
37619 *Verdi* ERROR: Syntax - fsdbDumpvars [depth] [instance] [option]*
37620 sps_tcl_fsdbDumpflush_vd_main at 0 : N/A(0)
37621 *Verdi* : Flush all FSDB Files at 0 ps.
37622 sps_tcl_fsdbDumpvars_vd_main
37623 argv[0]: 0
37624 argv[1]: simulator.DCRFLI.RF_GEN[1].RF.CORE.CORDIC_GEN[6].CORDIC.c[5]
37625 argv[2]: +all
37626 argv[3]: +trace_process
37627 *Verdi* ERROR: The #2 argument "simulator.DCRFLI.RF_GEN[1].RF.CORE.CORDIC_GEN[6].CORDIC.c[5]" is invalid
37628 *Verdi* ERROR: Failed to dump because the specified instance or option is not correct
37629 *Verdi* ERROR: Syntax - fsdbDumpvars [depth] [instance] [option]*
37630 sps_tcl_fsdbDumpflush_vd_main at 0 : N/A(0)
37631 *Verdi* : Flush all FSDB Files at 0 ps.
37632 sps_tcl_fsdbDumpvars_vd_main
37633 argv[0]: 0
37634 argv[1]: simulator.DCRFLI.RF_GEN[1].RF.CORE.CORDIC_GEN[7].CORDIC.c[5]
37635 argv[2]: +all
37636 argv[3]: +trace_process
37637 *Verdi* ERROR: The #2 argument "simulator.DCRFLI.RF_GEN[1].RF.CORE.CORDIC_GEN[7].CORDIC.c[5]" is invalid
37638 *Verdi* ERROR: Failed to dump because the specified instance or option is not correct
37639 *Verdi* ERROR: Syntax - fsdbDumpvars [depth] [instance] [option]*
37640 sps_tcl_fsdbDumpflush_vd_main at 0 : N/A(0)
37641 *Verdi* : Flush all FSDB Files at 0 ps.
37642 sps_tcl_fsdbDumpvars_vd_main
37643 argv[0]: 0
37644 argv[1]: simulator.DCRFLI.RF_GEN[1].RF.CORE.CORDIC_GEN[0].CORDIC.c[4]
37645 argv[2]: +all
37646 argv[3]: +trace_process
37647 *Verdi* ERROR: The #2 argument "simulator.DCRFLI.RF_GEN[1].RF.CORE.CORDIC_GEN[0].CORDIC.c[4]" is invalid
37648 *Verdi* ERROR: Failed to dump because the specified instance or option is not correct
37649 *Verdi* ERROR: Syntax - fsdbDumpvars [depth] [instance] [option]*
37650 sps_tcl_fsdbDumpflush_vd_main at 0 : N/A(0)
37651 *Verdi* : Flush all FSDB Files at 0 ps.
37652 sps_tcl_fsdbDumpvars_vd_main
37653 argv[0]: 0
37654 argv[1]: simulator.DCRFLI.RF_GEN[1].RF.CORE.CORDIC_GEN[1].CORDIC.c[4]
37655 argv[2]: +all
37656 argv[3]: +trace_process
37657 *Verdi* ERROR: The #2 argument "simulator.DCRFLI.RF_GEN[1].RF.CORE.CORDIC_GEN[1].CORDIC.c[4]" is invalid
37658 *Verdi* ERROR: Failed to dump because the specified instance or option is not correct
37659 *Verdi* ERROR: Syntax - fsdbDumpvars [depth] [instance] [option]*
37660 sps_tcl_fsdbDumpflush_vd_main at 0 : N/A(0)
37661 *Verdi* : Flush all FSDB Files at 0 ps.
37662 sps_tcl_fsdbDumpvars_vd_main
37663 argv[0]: 0
37664 argv[1]: simulator.DCRFLI.RF_GEN[1].RF.CORE.CORDIC_GEN[2].CORDIC.c[4]
37665 argv[2]: +all
37666 argv[3]: +trace_process
37667 *Verdi* ERROR: The #2 argument "simulator.DCRFLI.RF_GEN[1].RF.CORE.CORDIC_GEN[2].CORDIC.c[4]" is invalid
37668 *Verdi* ERROR: Failed to dump because the specified instance or option is not correct
37669 *Verdi* ERROR: Syntax - fsdbDumpvars [depth] [instance] [option]*
37670 sps_tcl_fsdbDumpflush_vd_main at 0 : N/A(0)
37671 *Verdi* : Flush all FSDB Files at 0 ps.
37672 sps_tcl_fsdbDumpvars_vd_main
37673 argv[0]: 0
37674 argv[1]: simulator.DCRFLI.RF_GEN[1].RF.CORE.CORDIC_GEN[3].CORDIC.c[4]
37675 argv[2]: +all
37676 argv[3]: +trace_process
37677 *Verdi* ERROR: The #2 argument "simulator.DCRFLI.RF_GEN[1].RF.CORE.CORDIC_GEN[3].CORDIC.c[4]" is invalid
37678 *Verdi* ERROR: Failed to dump because the specified instance or option is not correct
37679 *Verdi* ERROR: Syntax - fsdbDumpvars [depth] [instance] [option]*
37680 sps_tcl_fsdbDumpflush_vd_main at 0 : N/A(0)
37681 *Verdi* : Flush all FSDB Files at 0 ps.
37682 sps_tcl_fsdbDumpvars_vd_main
37683 argv[0]: 0
37684 argv[1]: simulator.DCRFLI.RF_GEN[1].RF.CORE.CORDIC_GEN[4].CORDIC.c[4]
37685 argv[2]: +all
37686 argv[3]: +trace_process
37687 *Verdi* ERROR: The #2 argument "simulator.DCRFLI.RF_GEN[1].RF.CORE.CORDIC_GEN[4].CORDIC.c[4]" is invalid
37688 *Verdi* ERROR: Failed to dump because the specified instance or option is not correct
37689 *Verdi* ERROR: Syntax - fsdbDumpvars [depth] [instance] [option]*
37690 sps_tcl_fsdbDumpflush_vd_main at 0 : N/A(0)
37691 *Verdi* : Flush all FSDB Files at 0 ps.
37692 sps_tcl_fsdbDumpvars_vd_main
37693 argv[0]: 0
37694 argv[1]: simulator.DCRFLI.RF_GEN[1].RF.CORE.CORDIC_GEN[5].CORDIC.c[4]
37695 argv[2]: +all
37696 argv[3]: +trace_process
37697 *Verdi* ERROR: The #2 argument "simulator.DCRFLI.RF_GEN[1].RF.CORE.CORDIC_GEN[5].CORDIC.c[4]" is invalid
37698 *Verdi* ERROR: Failed to dump because the specified instance or option is not correct
37699 *Verdi* ERROR: Syntax - fsdbDumpvars [depth] [instance] [option]*
37700 sps_tcl_fsdbDumpflush_vd_main at 0 : N/A(0)
37701 *Verdi* : Flush all FSDB Files at 0 ps.
37702 sps_tcl_fsdbDumpvars_vd_main
37703 argv[0]: 0
37704 argv[1]: simulator.DCRFLI.RF_GEN[1].RF.CORE.CORDIC_GEN[6].CORDIC.c[4]
37705 argv[2]: +all
37706 argv[3]: +trace_process
37707 *Verdi* ERROR: The #2 argument "simulator.DCRFLI.RF_GEN[1].RF.CORE.CORDIC_GEN[6].CORDIC.c[4]" is invalid
37708 *Verdi* ERROR: Failed to dump because the specified instance or option is not correct
37709 *Verdi* ERROR: Syntax - fsdbDumpvars [depth] [instance] [option]*
37710 sps_tcl_fsdbDumpflush_vd_main at 0 : N/A(0)
37711 *Verdi* : Flush all FSDB Files at 0 ps.
37712 sps_tcl_fsdbDumpvars_vd_main
37713 argv[0]: 0
37714 argv[1]: simulator.DCRFLI.RF_GEN[1].RF.CORE.CORDIC_GEN[7].CORDIC.c[4]
37715 argv[2]: +all
37716 argv[3]: +trace_process
37717 *Verdi* ERROR: The #2 argument "simulator.DCRFLI.RF_GEN[1].RF.CORE.CORDIC_GEN[7].CORDIC.c[4]" is invalid
37718 *Verdi* ERROR: Failed to dump because the specified instance or option is not correct
37719 *Verdi* ERROR: Syntax - fsdbDumpvars [depth] [instance] [option]*
37720 sps_tcl_fsdbDumpflush_vd_main at 0 : N/A(0)
37721 *Verdi* : Flush all FSDB Files at 0 ps.
37722 sps_tcl_fsdbDumpvars_vd_main
37723 argv[0]: 0
37724 argv[1]: simulator.DCRFLI.RF_GEN[1].RF.CORE.CORDIC_GEN[0].CORDIC.c[3]
37725 argv[2]: +all
37726 argv[3]: +trace_process
37727 *Verdi* ERROR: The #2 argument "simulator.DCRFLI.RF_GEN[1].RF.CORE.CORDIC_GEN[0].CORDIC.c[3]" is invalid
37728 *Verdi* ERROR: Failed to dump because the specified instance or option is not correct
37729 *Verdi* ERROR: Syntax - fsdbDumpvars [depth] [instance] [option]*
37730 sps_tcl_fsdbDumpflush_vd_main at 0 : N/A(0)
37731 *Verdi* : Flush all FSDB Files at 0 ps.
37732 sps_tcl_fsdbDumpvars_vd_main
37733 argv[0]: 0
37734 argv[1]: simulator.DCRFLI.RF_GEN[1].RF.CORE.CORDIC_GEN[1].CORDIC.c[3]
37735 argv[2]: +all
37736 argv[3]: +trace_process
37737 *Verdi* ERROR: The #2 argument "simulator.DCRFLI.RF_GEN[1].RF.CORE.CORDIC_GEN[1].CORDIC.c[3]" is invalid
37738 *Verdi* ERROR: Failed to dump because the specified instance or option is not correct
37739 *Verdi* ERROR: Syntax - fsdbDumpvars [depth] [instance] [option]*
37740 sps_tcl_fsdbDumpflush_vd_main at 0 : N/A(0)
37741 *Verdi* : Flush all FSDB Files at 0 ps.
37742 sps_tcl_fsdbDumpvars_vd_main
37743 argv[0]: 0
37744 argv[1]: simulator.DCRFLI.RF_GEN[1].RF.CORE.CORDIC_GEN[2].CORDIC.c[3]
37745 argv[2]: +all
37746 argv[3]: +trace_process
37747 *Verdi* ERROR: The #2 argument "simulator.DCRFLI.RF_GEN[1].RF.CORE.CORDIC_GEN[2].CORDIC.c[3]" is invalid
37748 *Verdi* ERROR: Failed to dump because the specified instance or option is not correct
37749 *Verdi* ERROR: Syntax - fsdbDumpvars [depth] [instance] [option]*
37750 sps_tcl_fsdbDumpflush_vd_main at 0 : N/A(0)
37751 *Verdi* : Flush all FSDB Files at 0 ps.
37752 sps_tcl_fsdbDumpvars_vd_main
37753 argv[0]: 0
37754 argv[1]: simulator.DCRFLI.RF_GEN[1].RF.CORE.CORDIC_GEN[3].CORDIC.c[3]
37755 argv[2]: +all
37756 argv[3]: +trace_process
37757 *Verdi* ERROR: The #2 argument "simulator.DCRFLI.RF_GEN[1].RF.CORE.CORDIC_GEN[3].CORDIC.c[3]" is invalid
37758 *Verdi* ERROR: Failed to dump because the specified instance or option is not correct
37759 *Verdi* ERROR: Syntax - fsdbDumpvars [depth] [instance] [option]*
37760 sps_tcl_fsdbDumpflush_vd_main at 0 : N/A(0)
37761 *Verdi* : Flush all FSDB Files at 0 ps.
37762 sps_tcl_fsdbDumpvars_vd_main
37763 argv[0]: 0
37764 argv[1]: simulator.DCRFLI.RF_GEN[1].RF.CORE.CORDIC_GEN[4].CORDIC.c[3]
37765 argv[2]: +all
37766 argv[3]: +trace_process
37767 *Verdi* ERROR: The #2 argument "simulator.DCRFLI.RF_GEN[1].RF.CORE.CORDIC_GEN[4].CORDIC.c[3]" is invalid
37768 *Verdi* ERROR: Failed to dump because the specified instance or option is not correct
37769 *Verdi* ERROR: Syntax - fsdbDumpvars [depth] [instance] [option]*
37770 sps_tcl_fsdbDumpflush_vd_main at 0 : N/A(0)
37771 *Verdi* : Flush all FSDB Files at 0 ps.
37772 sps_tcl_fsdbDumpvars_vd_main
37773 argv[0]: 0
37774 argv[1]: simulator.DCRFLI.RF_GEN[1].RF.CORE.CORDIC_GEN[5].CORDIC.c[3]
37775 argv[2]: +all
37776 argv[3]: +trace_process
37777 *Verdi* ERROR: The #2 argument "simulator.DCRFLI.RF_GEN[1].RF.CORE.CORDIC_GEN[5].CORDIC.c[3]" is invalid
37778 *Verdi* ERROR: Failed to dump because the specified instance or option is not correct
37779 *Verdi* ERROR: Syntax - fsdbDumpvars [depth] [instance] [option]*
37780 sps_tcl_fsdbDumpflush_vd_main at 0 : N/A(0)
37781 *Verdi* : Flush all FSDB Files at 0 ps.
37782 sps_tcl_fsdbDumpvars_vd_main
37783 argv[0]: 0
37784 argv[1]: simulator.DCRFLI.RF_GEN[1].RF.CORE.CORDIC_GEN[6].CORDIC.c[3]
37785 argv[2]: +all
37786 argv[3]: +trace_process
37787 *Verdi* ERROR: The #2 argument "simulator.DCRFLI.RF_GEN[1].RF.CORE.CORDIC_GEN[6].CORDIC.c[3]" is invalid
37788 *Verdi* ERROR: Failed to dump because the specified instance or option is not correct
37789 *Verdi* ERROR: Syntax - fsdbDumpvars [depth] [instance] [option]*
37790 sps_tcl_fsdbDumpflush_vd_main at 0 : N/A(0)
37791 *Verdi* : Flush all FSDB Files at 0 ps.
37792 sps_tcl_fsdbDumpvars_vd_main
37793 argv[0]: 0
37794 argv[1]: simulator.DCRFLI.RF_GEN[1].RF.CORE.CORDIC_GEN[7].CORDIC.c[3]
37795 argv[2]: +all
37796 argv[3]: +trace_process
37797 *Verdi* ERROR: The #2 argument "simulator.DCRFLI.RF_GEN[1].RF.CORE.CORDIC_GEN[7].CORDIC.c[3]" is invalid
37798 *Verdi* ERROR: Failed to dump because the specified instance or option is not correct
37799 *Verdi* ERROR: Syntax - fsdbDumpvars [depth] [instance] [option]*
37800 sps_tcl_fsdbDumpflush_vd_main at 0 : N/A(0)
37801 *Verdi* : Flush all FSDB Files at 0 ps.
37802 sps_tcl_fsdbDumpvars_vd_main
37803 argv[0]: 0
37804 argv[1]: simulator.DCRFLI.RF_GEN[1].RF.CORE.CORDIC_GEN[0].CORDIC.c[2]
37805 argv[2]: +all
37806 argv[3]: +trace_process
37807 *Verdi* ERROR: The #2 argument "simulator.DCRFLI.RF_GEN[1].RF.CORE.CORDIC_GEN[0].CORDIC.c[2]" is invalid
37808 *Verdi* ERROR: Failed to dump because the specified instance or option is not correct
37809 *Verdi* ERROR: Syntax - fsdbDumpvars [depth] [instance] [option]*
37810 sps_tcl_fsdbDumpflush_vd_main at 0 : N/A(0)
37811 *Verdi* : Flush all FSDB Files at 0 ps.
37812 sps_tcl_fsdbDumpvars_vd_main
37813 argv[0]: 0
37814 argv[1]: simulator.DCRFLI.RF_GEN[1].RF.CORE.CORDIC_GEN[1].CORDIC.c[2]
37815 argv[2]: +all
37816 argv[3]: +trace_process
37817 *Verdi* ERROR: The #2 argument "simulator.DCRFLI.RF_GEN[1].RF.CORE.CORDIC_GEN[1].CORDIC.c[2]" is invalid
37818 *Verdi* ERROR: Failed to dump because the specified instance or option is not correct
37819 *Verdi* ERROR: Syntax - fsdbDumpvars [depth] [instance] [option]*
37820 sps_tcl_fsdbDumpflush_vd_main at 0 : N/A(0)
37821 *Verdi* : Flush all FSDB Files at 0 ps.
37822 sps_tcl_fsdbDumpvars_vd_main
37823 argv[0]: 0
37824 argv[1]: simulator.DCRFLI.RF_GEN[1].RF.CORE.CORDIC_GEN[2].CORDIC.c[2]
37825 argv[2]: +all
37826 argv[3]: +trace_process
37827 *Verdi* ERROR: The #2 argument "simulator.DCRFLI.RF_GEN[1].RF.CORE.CORDIC_GEN[2].CORDIC.c[2]" is invalid
37828 *Verdi* ERROR: Failed to dump because the specified instance or option is not correct
37829 *Verdi* ERROR: Syntax - fsdbDumpvars [depth] [instance] [option]*
37830 sps_tcl_fsdbDumpflush_vd_main at 0 : N/A(0)
37831 *Verdi* : Flush all FSDB Files at 0 ps.
37832 sps_tcl_fsdbDumpvars_vd_main
37833 argv[0]: 0
37834 argv[1]: simulator.DCRFLI.RF_GEN[1].RF.CORE.CORDIC_GEN[3].CORDIC.c[2]
37835 argv[2]: +all
37836 argv[3]: +trace_process
37837 *Verdi* ERROR: The #2 argument "simulator.DCRFLI.RF_GEN[1].RF.CORE.CORDIC_GEN[3].CORDIC.c[2]" is invalid
37838 *Verdi* ERROR: Failed to dump because the specified instance or option is not correct
37839 *Verdi* ERROR: Syntax - fsdbDumpvars [depth] [instance] [option]*
37840 sps_tcl_fsdbDumpflush_vd_main at 0 : N/A(0)
37841 *Verdi* : Flush all FSDB Files at 0 ps.
37842 sps_tcl_fsdbDumpvars_vd_main
37843 argv[0]: 0
37844 argv[1]: simulator.DCRFLI.RF_GEN[1].RF.CORE.CORDIC_GEN[4].CORDIC.c[2]
37845 argv[2]: +all
37846 argv[3]: +trace_process
37847 *Verdi* ERROR: The #2 argument "simulator.DCRFLI.RF_GEN[1].RF.CORE.CORDIC_GEN[4].CORDIC.c[2]" is invalid
37848 *Verdi* ERROR: Failed to dump because the specified instance or option is not correct
37849 *Verdi* ERROR: Syntax - fsdbDumpvars [depth] [instance] [option]*
37850 sps_tcl_fsdbDumpflush_vd_main at 0 : N/A(0)
37851 *Verdi* : Flush all FSDB Files at 0 ps.
37852 sps_tcl_fsdbDumpvars_vd_main
37853 argv[0]: 0
37854 argv[1]: simulator.DCRFLI.RF_GEN[1].RF.CORE.CORDIC_GEN[5].CORDIC.c[2]
37855 argv[2]: +all
37856 argv[3]: +trace_process
37857 *Verdi* ERROR: The #2 argument "simulator.DCRFLI.RF_GEN[1].RF.CORE.CORDIC_GEN[5].CORDIC.c[2]" is invalid
37858 *Verdi* ERROR: Failed to dump because the specified instance or option is not correct
37859 *Verdi* ERROR: Syntax - fsdbDumpvars [depth] [instance] [option]*
37860 sps_tcl_fsdbDumpflush_vd_main at 0 : N/A(0)
37861 *Verdi* : Flush all FSDB Files at 0 ps.
37862 sps_tcl_fsdbDumpvars_vd_main
37863 argv[0]: 0
37864 argv[1]: simulator.DCRFLI.RF_GEN[1].RF.CORE.CORDIC_GEN[6].CORDIC.c[2]
37865 argv[2]: +all
37866 argv[3]: +trace_process
37867 *Verdi* ERROR: The #2 argument "simulator.DCRFLI.RF_GEN[1].RF.CORE.CORDIC_GEN[6].CORDIC.c[2]" is invalid
37868 *Verdi* ERROR: Failed to dump because the specified instance or option is not correct
37869 *Verdi* ERROR: Syntax - fsdbDumpvars [depth] [instance] [option]*
37870 sps_tcl_fsdbDumpflush_vd_main at 0 : N/A(0)
37871 *Verdi* : Flush all FSDB Files at 0 ps.
37872 sps_tcl_fsdbDumpvars_vd_main
37873 argv[0]: 0
37874 argv[1]: simulator.DCRFLI.RF_GEN[1].RF.CORE.CORDIC_GEN[7].CORDIC.c[2]
37875 argv[2]: +all
37876 argv[3]: +trace_process
37877 *Verdi* ERROR: The #2 argument "simulator.DCRFLI.RF_GEN[1].RF.CORE.CORDIC_GEN[7].CORDIC.c[2]" is invalid
37878 *Verdi* ERROR: Failed to dump because the specified instance or option is not correct
37879 *Verdi* ERROR: Syntax - fsdbDumpvars [depth] [instance] [option]*
37880 sps_tcl_fsdbDumpflush_vd_main at 0 : N/A(0)
37881 *Verdi* : Flush all FSDB Files at 0 ps.
37882 sps_tcl_fsdbDumpvars_vd_main
37883 argv[0]: 0
37884 argv[1]: simulator.DCRFLI.RF_GEN[1].RF.CORE.CORDIC_GEN[0].CORDIC.c[1]
37885 argv[2]: +all
37886 argv[3]: +trace_process
37887 *Verdi* ERROR: The #2 argument "simulator.DCRFLI.RF_GEN[1].RF.CORE.CORDIC_GEN[0].CORDIC.c[1]" is invalid
37888 *Verdi* ERROR: Failed to dump because the specified instance or option is not correct
37889 *Verdi* ERROR: Syntax - fsdbDumpvars [depth] [instance] [option]*
37890 sps_tcl_fsdbDumpflush_vd_main at 0 : N/A(0)
37891 *Verdi* : Flush all FSDB Files at 0 ps.
37892 sps_tcl_fsdbDumpvars_vd_main
37893 argv[0]: 0
37894 argv[1]: simulator.DCRFLI.RF_GEN[1].RF.CORE.CORDIC_GEN[1].CORDIC.c[1]
37895 argv[2]: +all
37896 argv[3]: +trace_process
37897 *Verdi* ERROR: The #2 argument "simulator.DCRFLI.RF_GEN[1].RF.CORE.CORDIC_GEN[1].CORDIC.c[1]" is invalid
37898 *Verdi* ERROR: Failed to dump because the specified instance or option is not correct
37899 *Verdi* ERROR: Syntax - fsdbDumpvars [depth] [instance] [option]*
37900 sps_tcl_fsdbDumpflush_vd_main at 0 : N/A(0)
37901 *Verdi* : Flush all FSDB Files at 0 ps.
37902 sps_tcl_fsdbDumpvars_vd_main
37903 argv[0]: 0
37904 argv[1]: simulator.DCRFLI.RF_GEN[1].RF.CORE.CORDIC_GEN[2].CORDIC.c[1]
37905 argv[2]: +all
37906 argv[3]: +trace_process
37907 *Verdi* ERROR: The #2 argument "simulator.DCRFLI.RF_GEN[1].RF.CORE.CORDIC_GEN[2].CORDIC.c[1]" is invalid
37908 *Verdi* ERROR: Failed to dump because the specified instance or option is not correct
37909 *Verdi* ERROR: Syntax - fsdbDumpvars [depth] [instance] [option]*
37910 sps_tcl_fsdbDumpflush_vd_main at 0 : N/A(0)
37911 *Verdi* : Flush all FSDB Files at 0 ps.
37912 sps_tcl_fsdbDumpvars_vd_main
37913 argv[0]: 0
37914 argv[1]: simulator.DCRFLI.RF_GEN[1].RF.CORE.CORDIC_GEN[3].CORDIC.c[1]
37915 argv[2]: +all
37916 argv[3]: +trace_process
37917 *Verdi* ERROR: The #2 argument "simulator.DCRFLI.RF_GEN[1].RF.CORE.CORDIC_GEN[3].CORDIC.c[1]" is invalid
37918 *Verdi* ERROR: Failed to dump because the specified instance or option is not correct
37919 *Verdi* ERROR: Syntax - fsdbDumpvars [depth] [instance] [option]*
37920 sps_tcl_fsdbDumpflush_vd_main at 0 : N/A(0)
37921 *Verdi* : Flush all FSDB Files at 0 ps.
37922 sps_tcl_fsdbDumpvars_vd_main
37923 argv[0]: 0
37924 argv[1]: simulator.DCRFLI.RF_GEN[1].RF.CORE.CORDIC_GEN[4].CORDIC.c[1]
37925 argv[2]: +all
37926 argv[3]: +trace_process
37927 *Verdi* ERROR: The #2 argument "simulator.DCRFLI.RF_GEN[1].RF.CORE.CORDIC_GEN[4].CORDIC.c[1]" is invalid
37928 *Verdi* ERROR: Failed to dump because the specified instance or option is not correct
37929 *Verdi* ERROR: Syntax - fsdbDumpvars [depth] [instance] [option]*
37930 sps_tcl_fsdbDumpflush_vd_main at 0 : N/A(0)
37931 *Verdi* : Flush all FSDB Files at 0 ps.
37932 sps_tcl_fsdbDumpvars_vd_main
37933 argv[0]: 0
37934 argv[1]: simulator.DCRFLI.RF_GEN[1].RF.CORE.CORDIC_GEN[5].CORDIC.c[1]
37935 argv[2]: +all
37936 argv[3]: +trace_process
37937 *Verdi* ERROR: The #2 argument "simulator.DCRFLI.RF_GEN[1].RF.CORE.CORDIC_GEN[5].CORDIC.c[1]" is invalid
37938 *Verdi* ERROR: Failed to dump because the specified instance or option is not correct
37939 *Verdi* ERROR: Syntax - fsdbDumpvars [depth] [instance] [option]*
37940 sps_tcl_fsdbDumpflush_vd_main at 0 : N/A(0)
37941 *Verdi* : Flush all FSDB Files at 0 ps.
37942 sps_tcl_fsdbDumpvars_vd_main
37943 argv[0]: 0
37944 argv[1]: simulator.DCRFLI.RF_GEN[1].RF.CORE.CORDIC_GEN[6].CORDIC.c[1]
37945 argv[2]: +all
37946 argv[3]: +trace_process
37947 *Verdi* ERROR: The #2 argument "simulator.DCRFLI.RF_GEN[1].RF.CORE.CORDIC_GEN[6].CORDIC.c[1]" is invalid
37948 *Verdi* ERROR: Failed to dump because the specified instance or option is not correct
37949 *Verdi* ERROR: Syntax - fsdbDumpvars [depth] [instance] [option]*
37950 sps_tcl_fsdbDumpflush_vd_main at 0 : N/A(0)
37951 *Verdi* : Flush all FSDB Files at 0 ps.
37952 sps_tcl_fsdbDumpvars_vd_main
37953 argv[0]: 0
37954 argv[1]: simulator.DCRFLI.RF_GEN[1].RF.CORE.CORDIC_GEN[7].CORDIC.c[1]
37955 argv[2]: +all
37956 argv[3]: +trace_process
37957 *Verdi* ERROR: The #2 argument "simulator.DCRFLI.RF_GEN[1].RF.CORE.CORDIC_GEN[7].CORDIC.c[1]" is invalid
37958 *Verdi* ERROR: Failed to dump because the specified instance or option is not correct
37959 *Verdi* ERROR: Syntax - fsdbDumpvars [depth] [instance] [option]*
37960 sps_tcl_fsdbDumpflush_vd_main at 0 : N/A(0)
37961 *Verdi* : Flush all FSDB Files at 0 ps.
37962 sps_tcl_fsdbDumpvars_vd_main
37963 argv[0]: 0
37964 argv[1]: simulator.DCRFLI.RF_GEN[1].RF.CORE.CORDIC_GEN[0].CORDIC.c[0]
37965 argv[2]: +all
37966 argv[3]: +trace_process
37967 *Verdi* ERROR: The #2 argument "simulator.DCRFLI.RF_GEN[1].RF.CORE.CORDIC_GEN[0].CORDIC.c[0]" is invalid
37968 *Verdi* ERROR: Failed to dump because the specified instance or option is not correct
37969 *Verdi* ERROR: Syntax - fsdbDumpvars [depth] [instance] [option]*
37970 sps_tcl_fsdbDumpflush_vd_main at 0 : N/A(0)
37971 *Verdi* : Flush all FSDB Files at 0 ps.
37972 sps_tcl_fsdbDumpvars_vd_main
37973 argv[0]: 0
37974 argv[1]: simulator.DCRFLI.RF_GEN[1].RF.CORE.CORDIC_GEN[1].CORDIC.c[0]
37975 argv[2]: +all
37976 argv[3]: +trace_process
37977 *Verdi* ERROR: The #2 argument "simulator.DCRFLI.RF_GEN[1].RF.CORE.CORDIC_GEN[1].CORDIC.c[0]" is invalid
37978 *Verdi* ERROR: Failed to dump because the specified instance or option is not correct
37979 *Verdi* ERROR: Syntax - fsdbDumpvars [depth] [instance] [option]*
37980 sps_tcl_fsdbDumpflush_vd_main at 0 : N/A(0)
37981 *Verdi* : Flush all FSDB Files at 0 ps.
37982 sps_tcl_fsdbDumpvars_vd_main
37983 argv[0]: 0
37984 argv[1]: simulator.DCRFLI.RF_GEN[1].RF.CORE.CORDIC_GEN[2].CORDIC.c[0]
37985 argv[2]: +all
37986 argv[3]: +trace_process
37987 *Verdi* ERROR: The #2 argument "simulator.DCRFLI.RF_GEN[1].RF.CORE.CORDIC_GEN[2].CORDIC.c[0]" is invalid
37988 *Verdi* ERROR: Failed to dump because the specified instance or option is not correct
37989 *Verdi* ERROR: Syntax - fsdbDumpvars [depth] [instance] [option]*
37990 sps_tcl_fsdbDumpflush_vd_main at 0 : N/A(0)
37991 *Verdi* : Flush all FSDB Files at 0 ps.
37992 sps_tcl_fsdbDumpvars_vd_main
37993 argv[0]: 0
37994 argv[1]: simulator.DCRFLI.RF_GEN[1].RF.CORE.CORDIC_GEN[3].CORDIC.c[0]
37995 argv[2]: +all
37996 argv[3]: +trace_process
37997 *Verdi* ERROR: The #2 argument "simulator.DCRFLI.RF_GEN[1].RF.CORE.CORDIC_GEN[3].CORDIC.c[0]" is invalid
37998 *Verdi* ERROR: Failed to dump because the specified instance or option is not correct
37999 *Verdi* ERROR: Syntax - fsdbDumpvars [depth] [instance] [option]*
38000 sps_tcl_fsdbDumpflush_vd_main at 0 : N/A(0)
38001 *Verdi* : Flush all FSDB Files at 0 ps.
38002 sps_tcl_fsdbDumpvars_vd_main
38003 argv[0]: 0
38004 argv[1]: simulator.DCRFLI.RF_GEN[1].RF.CORE.CORDIC_GEN[4].CORDIC.c[0]
38005 argv[2]: +all
38006 argv[3]: +trace_process
38007 *Verdi* ERROR: The #2 argument "simulator.DCRFLI.RF_GEN[1].RF.CORE.CORDIC_GEN[4].CORDIC.c[0]" is invalid
38008 *Verdi* ERROR: Failed to dump because the specified instance or option is not correct
38009 *Verdi* ERROR: Syntax - fsdbDumpvars [depth] [instance] [option]*
38010 sps_tcl_fsdbDumpflush_vd_main at 0 : N/A(0)
38011 *Verdi* : Flush all FSDB Files at 0 ps.
38012 sps_tcl_fsdbDumpvars_vd_main
38013 argv[0]: 0
38014 argv[1]: simulator.DCRFLI.RF_GEN[1].RF.CORE.CORDIC_GEN[5].CORDIC.c[0]
38015 argv[2]: +all
38016 argv[3]: +trace_process
38017 *Verdi* ERROR: The #2 argument "simulator.DCRFLI.RF_GEN[1].RF.CORE.CORDIC_GEN[5].CORDIC.c[0]" is invalid
38018 *Verdi* ERROR: Failed to dump because the specified instance or option is not correct
38019 *Verdi* ERROR: Syntax - fsdbDumpvars [depth] [instance] [option]*
38020 sps_tcl_fsdbDumpflush_vd_main at 0 : N/A(0)
38021 *Verdi* : Flush all FSDB Files at 0 ps.
38022 sps_tcl_fsdbDumpvars_vd_main
38023 argv[0]: 0
38024 argv[1]: simulator.DCRFLI.RF_GEN[1].RF.CORE.CORDIC_GEN[6].CORDIC.c[0]
38025 argv[2]: +all
38026 argv[3]: +trace_process
38027 *Verdi* ERROR: The #2 argument "simulator.DCRFLI.RF_GEN[1].RF.CORE.CORDIC_GEN[6].CORDIC.c[0]" is invalid
38028 *Verdi* ERROR: Failed to dump because the specified instance or option is not correct
38029 *Verdi* ERROR: Syntax - fsdbDumpvars [depth] [instance] [option]*
38030 sps_tcl_fsdbDumpflush_vd_main at 0 : N/A(0)
38031 *Verdi* : Flush all FSDB Files at 0 ps.
38032 sps_tcl_fsdbDumpvars_vd_main
38033 argv[0]: 0
38034 argv[1]: simulator.DCRFLI.RF_GEN[1].RF.CORE.CORDIC_GEN[7].CORDIC.c[0]
38035 argv[2]: +all
38036 argv[3]: +trace_process
38037 *Verdi* ERROR: The #2 argument "simulator.DCRFLI.RF_GEN[1].RF.CORE.CORDIC_GEN[7].CORDIC.c[0]" is invalid
38038 *Verdi* ERROR: Failed to dump because the specified instance or option is not correct
38039 *Verdi* ERROR: Syntax - fsdbDumpvars [depth] [instance] [option]*
38040 sps_tcl_fsdbDumpflush_vd_main at 0 : N/A(0)
38041 *Verdi* : Flush all FSDB Files at 0 ps.
38042 sps_tcl_fsdbDumpvars_vd_main
38043 argv[0]: 0
38044 argv[1]: simulator.DCRFLI.RF_GEN[1].RF.CORE.i_clk
38045 argv[2]: +all
38046 argv[3]: +trace_process
38047 *Verdi* ERROR: The #2 argument "simulator.DCRFLI.RF_GEN[1].RF.CORE.i_clk" is invalid
38048 *Verdi* ERROR: Failed to dump because the specified instance or option is not correct
38049 *Verdi* ERROR: Syntax - fsdbDumpvars [depth] [instance] [option]*
38050 sps_tcl_fsdbDumpflush_vd_main at 0 : N/A(0)
38051 *Verdi* : Flush all FSDB Files at 0 ps.
38052 sps_tcl_fsdbDumpvars_vd_main
38053 argv[0]: 0
38054 argv[1]: simulator.DCRFLI.RF_GEN[1].RF.CORE.i_rst
38055 argv[2]: +all
38056 argv[3]: +trace_process
38057 *Verdi* ERROR: The #2 argument "simulator.DCRFLI.RF_GEN[1].RF.CORE.i_rst" is invalid
38058 *Verdi* ERROR: Failed to dump because the specified instance or option is not correct
38059 *Verdi* ERROR: Syntax - fsdbDumpvars [depth] [instance] [option]*
38060 sps_tcl_fsdbDumpflush_vd_main at 0 : N/A(0)
38061 *Verdi* : Flush all FSDB Files at 0 ps.
38062 sps_tcl_fsdbDumpvars_vd_main
38063 argv[0]: 0
38064 argv[1]: simulator.DCRFLI.RF_GEN[1].RF.CORE.w_stall
38065 argv[2]: +all
38066 argv[3]: +trace_process
38067 *Verdi* ERROR: The #2 argument "simulator.DCRFLI.RF_GEN[1].RF.CORE.w_stall" is invalid
38068 *Verdi* ERROR: Failed to dump because the specified instance or option is not correct
38069 *Verdi* ERROR: Syntax - fsdbDumpvars [depth] [instance] [option]*
38070 sps_tcl_fsdbDumpflush_vd_main at 0 : N/A(0)
38071 *Verdi* : Flush all FSDB Files at 0 ps.
38072 sps_tcl_fsdbDumpvars_vd_main
38073 argv[0]: 0
38074 argv[1]: simulator.DCRFLI.RF_GEN[1].RF.CORE.d
38075 argv[2]: +all
38076 argv[3]: +trace_process
38077 *Verdi* ERROR: The #2 argument "simulator.DCRFLI.RF_GEN[1].RF.CORE.d" is invalid
38078 *Verdi* ERROR: Failed to dump because the specified instance or option is not correct
38079 *Verdi* ERROR: Syntax - fsdbDumpvars [depth] [instance] [option]*
38080 sps_tcl_fsdbDumpflush_vd_main at 0 : N/A(0)
38081 *Verdi* : Flush all FSDB Files at 0 ps.
38082 sps_tcl_fsdbDumpvars_vd_main
38083 argv[0]: 0
38084 argv[1]: simulator.DCRFLI.RF_GEN[1].RF.CORE.i_empty
38085 argv[2]: +all
38086 argv[3]: +trace_process
38087 *Verdi* ERROR: The #2 argument "simulator.DCRFLI.RF_GEN[1].RF.CORE.i_empty" is invalid
38088 *Verdi* ERROR: Failed to dump because the specified instance or option is not correct
38089 *Verdi* ERROR: Syntax - fsdbDumpvars [depth] [instance] [option]*
38090 sps_tcl_fsdbDumpflush_vd_main at 0 : N/A(0)
38091 *Verdi* : Flush all FSDB Files at 0 ps.
38092 sps_tcl_fsdbDumpvars_vd_main
38093 argv[0]: 0
38094 argv[1]: simulator.DCRFLI.RF_GEN[1].RF.CORE.o_next
38095 argv[2]: +all
38096 argv[3]: +trace_process
38097 *Verdi* ERROR: The #2 argument "simulator.DCRFLI.RF_GEN[1].RF.CORE.o_next" is invalid
38098 *Verdi* ERROR: Failed to dump because the specified instance or option is not correct
38099 *Verdi* ERROR: Syntax - fsdbDumpvars [depth] [instance] [option]*
38100 sps_tcl_fsdbDumpflush_vd_main at 0 : N/A(0)
38101 *Verdi* : Flush all FSDB Files at 0 ps.
38102 sps_tcl_fsdbDumpvars_vd_main
38103 argv[0]: 0
38104 argv[1]: simulator.DCRFLI.RF_GEN[1].RF.CORE.i_addr[3:0]
38105 argv[2]: +all
38106 argv[3]: +trace_process
38107 *Verdi* ERROR: The #2 argument "simulator.DCRFLI.RF_GEN[1].RF.CORE.i_addr[3:0]" is invalid
38108 *Verdi* ERROR: Failed to dump because the specified instance or option is not correct
38109 *Verdi* ERROR: Syntax - fsdbDumpvars [depth] [instance] [option]*
38110 sps_tcl_fsdbDumpflush_vd_main at 0 : N/A(0)
38111 *Verdi* : Flush all FSDB Files at 0 ps.
38112 sps_tcl_fsdbDumpvars_vd_main
38113 argv[0]: 0
38114 argv[1]: simulator.DCRFLI.RF_GEN[1].RF.CORE.i_insn
38115 argv[2]: +all
38116 argv[3]: +trace_process
38117 *Verdi* ERROR: The #2 argument "simulator.DCRFLI.RF_GEN[1].RF.CORE.i_insn" is invalid
38118 *Verdi* ERROR: Failed to dump because the specified instance or option is not correct
38119 *Verdi* ERROR: Syntax - fsdbDumpvars [depth] [instance] [option]*
38120 sps_tcl_fsdbDumpflush_vd_main at 0 : N/A(0)
38121 *Verdi* : Flush all FSDB Files at 0 ps.
38122 sps_tcl_fsdbDumpvars_vd_main
38123 argv[0]: 0
38124 argv[1]: simulator.DCRFLI.RF_GEN[1].RF.CORE.o_insn_modified
38125 argv[2]: +all
38126 argv[3]: +trace_process
38127 *Verdi* ERROR: The #2 argument "simulator.DCRFLI.RF_GEN[1].RF.CORE.o_insn_modified" is invalid
38128 *Verdi* ERROR: Failed to dump because the specified instance or option is not correct
38129 *Verdi* ERROR: Syntax - fsdbDumpvars [depth] [instance] [option]*
38130 sps_tcl_fsdbDumpflush_vd_main at 0 : N/A(0)
38131 *Verdi* : Flush all FSDB Files at 0 ps.
38132 sps_tcl_fsdbDumpvars_vd_main
38133 argv[0]: 0
38134 argv[1]: simulator.DCRFLI.RF_GEN[1].RF.CORE.p
38135 argv[2]: +all
38136 argv[3]: +trace_process
38137 *Verdi* ERROR: The #2 argument "simulator.DCRFLI.RF_GEN[1].RF.CORE.p" is invalid
38138 *Verdi* ERROR: Failed to dump because the specified instance or option is not correct
38139 *Verdi* ERROR: Syntax - fsdbDumpvars [depth] [instance] [option]*
38140 sps_tcl_fsdbDumpflush_vd_main at 0 : N/A(0)
38141 *Verdi* : Flush all FSDB Files at 0 ps.
38142 sps_tcl_fsdbDumpvars_vd_main
38143 argv[0]: 0
38144 argv[1]: simulator.DCRFLI.RF_GEN[1].RF.CORE.w_new_phase
38145 argv[2]: +all
38146 argv[3]: +trace_process
38147 *Verdi* ERROR: The #2 argument "simulator.DCRFLI.RF_GEN[1].RF.CORE.w_new_phase" is invalid
38148 *Verdi* ERROR: Failed to dump because the specified instance or option is not correct
38149 *Verdi* ERROR: Syntax - fsdbDumpvars [depth] [instance] [option]*
38150 sps_tcl_fsdbDumpflush_vd_main at 0 : N/A(0)
38151 *Verdi* : Flush all FSDB Files at 0 ps.
38152 sps_tcl_fsdbDumpvars_vd_main
38153 argv[0]: 0
38154 argv[1]: simulator.DCRFLI.RF_GEN[1].RF.CORE.r
38155 argv[2]: +all
38156 argv[3]: +trace_process
38157 *Verdi* ERROR: The #2 argument "simulator.DCRFLI.RF_GEN[1].RF.CORE.r" is invalid
38158 *Verdi* ERROR: Failed to dump because the specified instance or option is not correct
38159 *Verdi* ERROR: Syntax - fsdbDumpvars [depth] [instance] [option]*
38160 sps_tcl_fsdbDumpflush_vd_main at 0 : N/A(0)
38161 *Verdi* : Flush all FSDB Files at 0 ps.
38162 sps_tcl_fsdbDumpvars_vd_main
38163 argv[0]: 0
38164 argv[1]: simulator.DCRFLI.RF_GEN[1].RF.CORE.o_armed
38165 argv[2]: +all
38166 argv[3]: +trace_process
38167 *Verdi* ERROR: The #2 argument "simulator.DCRFLI.RF_GEN[1].RF.CORE.o_armed" is invalid
38168 *Verdi* ERROR: Failed to dump because the specified instance or option is not correct
38169 *Verdi* ERROR: Syntax - fsdbDumpvars [depth] [instance] [option]*
38170 sps_tcl_fsdbDumpflush_vd_main at 0 : N/A(0)
38171 *Verdi* : Flush all FSDB Files at 0 ps.
38172 sps_tcl_fsdbDumpvars_vd_main
38173 argv[0]: 0
38174 argv[1]: simulator.DCRFLI.RF_GEN[1].RF.CORE.i_start
38175 argv[2]: +all
38176 argv[3]: +trace_process
38177 *Verdi* ERROR: The #2 argument "simulator.DCRFLI.RF_GEN[1].RF.CORE.i_start" is invalid
38178 *Verdi* ERROR: Failed to dump because the specified instance or option is not correct
38179 *Verdi* ERROR: Syntax - fsdbDumpvars [depth] [instance] [option]*
38180 sps_tcl_fsdbDumpflush_vd_main at 0 : N/A(0)
38181 *Verdi* : Flush all FSDB Files at 0 ps.
38182 sps_tcl_fsdbDumpvars_vd_main
38183 argv[0]: 0
38184 argv[1]: simulator.DCRFLI.RF_GEN[1].RF.CORE.o_addr[3:0]
38185 argv[2]: +all
38186 argv[3]: +trace_process
38187 *Verdi* ERROR: The #2 argument "simulator.DCRFLI.RF_GEN[1].RF.CORE.o_addr[3:0]" is invalid
38188 *Verdi* ERROR: Failed to dump because the specified instance or option is not correct
38189 *Verdi* ERROR: Syntax - fsdbDumpvars [depth] [instance] [option]*
38190 sps_tcl_fsdbDumpflush_vd_main at 0 : N/A(0)
38191 *Verdi* : Flush all FSDB Files at 0 ps.
38192 sps_tcl_fsdbDumpvars_vd_main
38193 argv[0]: 0
38194 argv[1]: simulator.DCRFLI.RF_GEN[1].RF.CORE.o_sample_start[19:0]
38195 argv[2]: +all
38196 argv[3]: +trace_process
38197 *Verdi* ERROR: The #2 argument "simulator.DCRFLI.RF_GEN[1].RF.CORE.o_sample_start[19:0]" is invalid
38198 *Verdi* ERROR: Failed to dump because the specified instance or option is not correct
38199 *Verdi* ERROR: Syntax - fsdbDumpvars [depth] [instance] [option]*
38200 sps_tcl_fsdbDumpflush_vd_main at 0 : N/A(0)
38201 *Verdi* : Flush all FSDB Files at 0 ps.
38202 sps_tcl_fsdbDumpvars_vd_main
38203 argv[0]: 0
38204 argv[1]: simulator.DCRFLI.RF_GEN[1].RF.CORE.o_sample_end[19:0]
38205 argv[2]: +all
38206 argv[3]: +trace_process
38207 *Verdi* ERROR: The #2 argument "simulator.DCRFLI.RF_GEN[1].RF.CORE.o_sample_end[19:0]" is invalid
38208 *Verdi* ERROR: Failed to dump because the specified instance or option is not correct
38209 *Verdi* ERROR: Syntax - fsdbDumpvars [depth] [instance] [option]*
38210 sps_tcl_fsdbDumpflush_vd_main at 0 : N/A(0)
38211 *Verdi* : Flush all FSDB Files at 0 ps.
38212 sps_tcl_fsdbDumpvars_vd_main
38213 argv[0]: 0
38214 argv[1]: simulator.DCRFLI.RF_GEN[1].RF.CORE.o_QIx8[255:0]
38215 argv[2]: +all
38216 argv[3]: +trace_process
38217 *Verdi* ERROR: The #2 argument "simulator.DCRFLI.RF_GEN[1].RF.CORE.o_QIx8[255:0]" is invalid
38218 *Verdi* ERROR: Failed to dump because the specified instance or option is not correct
38219 *Verdi* ERROR: Syntax - fsdbDumpvars [depth] [instance] [option]*
38220 sps_tcl_fsdbDumpflush_vd_main at 0 : N/A(0)
38221 *Verdi* : Flush all FSDB Files at 0 ps.
38222 sps_tcl_fsdbDumpvars_vd_main
38223 argv[0]: 0
38224 argv[1]: simulator.RF_IO_GEN[1].DAC.i_clk
38225 argv[2]: +all
38226 argv[3]: +trace_process
38227 *Verdi* ERROR: The #2 argument "simulator.RF_IO_GEN[1].DAC.i_clk" is invalid
38228 *Verdi* ERROR: Failed to dump because the specified instance or option is not correct
38229 *Verdi* ERROR: Syntax - fsdbDumpvars [depth] [instance] [option]*
38230 sps_tcl_fsdbDumpflush_vd_main at 0 : N/A(0)
38231 *Verdi* : Flush all FSDB Files at 0 ps.
38232 sps_tcl_fsdbDumpvars_vd_main
38233 argv[0]: 0
38234 argv[1]: simulator.RF_IO_GEN[1].DAC.i_dac_clk
38235 argv[2]: +all
38236 argv[3]: +trace_process
38237 *Verdi* ERROR: The #2 argument "simulator.RF_IO_GEN[1].DAC.i_dac_clk" is invalid
38238 *Verdi* ERROR: Failed to dump because the specified instance or option is not correct
38239 *Verdi* ERROR: Syntax - fsdbDumpvars [depth] [instance] [option]*
38240 sps_tcl_fsdbDumpflush_vd_main at 0 : N/A(0)
38241 *Verdi* : Flush all FSDB Files at 0 ps.
38242 sps_tcl_fsdbDumpvars_vd_main
38243 argv[0]: 0
38244 argv[1]: simulator.RF_IO_GEN[1].DAC.dac_cycle
38245 argv[2]: +all
38246 argv[3]: +trace_process
38247 *Verdi* ERROR: The #2 argument "simulator.RF_IO_GEN[1].DAC.dac_cycle" is invalid
38248 *Verdi* ERROR: Failed to dump because the specified instance or option is not correct
38249 *Verdi* ERROR: Syntax - fsdbDumpvars [depth] [instance] [option]*
38250 sps_tcl_fsdbDumpflush_vd_main at 0 : N/A(0)
38251 *Verdi* : Flush all FSDB Files at 0 ps.
38252 sps_tcl_fsdbDumpvars_vd_main
38253 argv[0]: 0
38254 argv[1]: simulator.RF_IO_GEN[1].DAC.i_QIx8[255:0]
38255 argv[2]: +all
38256 argv[3]: +trace_process
38257 *Verdi* ERROR: The #2 argument "simulator.RF_IO_GEN[1].DAC.i_QIx8[255:0]" is invalid
38258 *Verdi* ERROR: Failed to dump because the specified instance or option is not correct
38259 *Verdi* ERROR: Syntax - fsdbDumpvars [depth] [instance] [option]*
38260 sps_tcl_fsdbDumpflush_vd_main at 0 : N/A(0)
38261 *Verdi* : Flush all FSDB Files at 0 ps.
38262 sps_tcl_fsdbDumpvars_vd_main
38263 argv[0]: 0
38264 argv[1]: simulator.RF_IO_GEN[1].DAC.w_Ix8[7:0][13:0]
38265 argv[2]: +all
38266 argv[3]: +trace_process
38267 *Verdi* ERROR: The #2 argument "simulator.RF_IO_GEN[1].DAC.w_Ix8[7:0][13:0]" is invalid
38268 *Verdi* ERROR: Failed to dump because the specified instance or option is not correct
38269 *Verdi* ERROR: Syntax - fsdbDumpvars [depth] [instance] [option]*
38270 sps_tcl_fsdbDumpflush_vd_main at 0 : N/A(0)
38271 *Verdi* : Flush all FSDB Files at 0 ps.
38272 sps_tcl_fsdbDumpvars_vd_main
38273 argv[0]: 0
38274 argv[1]: simulator.RF_IO_GEN[1].DAC.w_Qx8[7:0][13:0]
38275 argv[2]: +all
38276 argv[3]: +trace_process
38277 *Verdi* ERROR: The #2 argument "simulator.RF_IO_GEN[1].DAC.w_Qx8[7:0][13:0]" is invalid
38278 *Verdi* ERROR: Failed to dump because the specified instance or option is not correct
38279 *Verdi* ERROR: Syntax - fsdbDumpvars [depth] [instance] [option]*
38280 sps_tcl_fsdbDumpflush_vd_main at 0 : N/A(0)
38281 *Verdi* : Flush all FSDB Files at 0 ps.
38282 sps_tcl_fsdbDumpvars_vd_main
38283 argv[0]: 0
38284 argv[1]: simulator.RF_IO_GEN[1].DAC.o_I[13:0]
38285 argv[2]: +all
38286 argv[3]: +trace_process
38287 *Verdi* ERROR: The #2 argument "simulator.RF_IO_GEN[1].DAC.o_I[13:0]" is invalid
38288 *Verdi* ERROR: Failed to dump because the specified instance or option is not correct
38289 *Verdi* ERROR: Syntax - fsdbDumpvars [depth] [instance] [option]*
38290 sps_tcl_fsdbDumpflush_vd_main at 0 : N/A(0)
38291 *Verdi* : Flush all FSDB Files at 0 ps.
38292 sps_tcl_fsdbDumpvars_vd_main
38293 argv[0]: 0
38294 argv[1]: simulator.RF_IO_GEN[1].DAC.o_Q[13:0]
38295 argv[2]: +all
38296 argv[3]: +trace_process
38297 *Verdi* ERROR: The #2 argument "simulator.RF_IO_GEN[1].DAC.o_Q[13:0]" is invalid
38298 *Verdi* ERROR: Failed to dump because the specified instance or option is not correct
38299 *Verdi* ERROR: Syntax - fsdbDumpvars [depth] [instance] [option]*
38300 sps_tcl_fsdbDumpflush_vd_main at 0 : N/A(0)
38301 *Verdi* : Flush all FSDB Files at 0 ps.
38302 sps_tcl_fsdbDumpvars_vd_main
38303 argv[0]: 0
38304 argv[1]: simulator.RF_IO_GEN[1].DAC.I
38305 argv[2]: +all
38306 argv[3]: +trace_process
38307 *Verdi* ERROR: The #2 argument "simulator.RF_IO_GEN[1].DAC.I" is invalid
38308 *Verdi* ERROR: Failed to dump because the specified instance or option is not correct
38309 *Verdi* ERROR: Syntax - fsdbDumpvars [depth] [instance] [option]*
38310 sps_tcl_fsdbDumpflush_vd_main at 0 : N/A(0)
38311 *Verdi* : Flush all FSDB Files at 0 ps.
38312 sps_tcl_fsdbDumpvars_vd_main
38313 argv[0]: 0
38314 argv[1]: simulator.RF_IO_GEN[1].DAC.Q
38315 argv[2]: +all
38316 argv[3]: +trace_process
38317 *Verdi* ERROR: The #2 argument "simulator.RF_IO_GEN[1].DAC.Q" is invalid
38318 *Verdi* ERROR: Failed to dump because the specified instance or option is not correct
38319 *Verdi* ERROR: Syntax - fsdbDumpvars [depth] [instance] [option]*
38320 sps_tcl_fsdbDumpflush_vd_main at 0 : N/A(0)
38321 *Verdi* : Flush all FSDB Files at 0 ps.
38322 sps_tcl_fsdbDumpvars_vd_main
38323 argv[0]: 0
38324 argv[1]: simulator.RF_IO_GEN[1].DAC.deg
38325 argv[2]: +all
38326 argv[3]: +trace_process
38327 *Verdi* ERROR: The #2 argument "simulator.RF_IO_GEN[1].DAC.deg" is invalid
38328 *Verdi* ERROR: Failed to dump because the specified instance or option is not correct
38329 *Verdi* ERROR: Syntax - fsdbDumpvars [depth] [instance] [option]*
38330 sps_tcl_fsdbDumpflush_vd_main at 0 : N/A(0)
38331 *Verdi* : Flush all FSDB Files at 0 ps.
38332 sps_tcl_fsdbDumpvars_vd_main
38333 argv[0]: 0
38334 argv[1]: simulator.RF_IO_GEN[1].DAC.rad
38335 argv[2]: +all
38336 argv[3]: +trace_process
38337 *Verdi* ERROR: The #2 argument "simulator.RF_IO_GEN[1].DAC.rad" is invalid
38338 *Verdi* ERROR: Failed to dump because the specified instance or option is not correct
38339 *Verdi* ERROR: Syntax - fsdbDumpvars [depth] [instance] [option]*
38340 sps_tcl_fsdbDumpflush_vd_main at 0 : N/A(0)
38341 *Verdi* : Flush all FSDB Files at 0 ps.
38342 sps_tcl_fsdbDumpvars_vd_main
38343 argv[0]: 0
38344 argv[1]: simulator.RF_IO_GEN[1].DAC.nco_i
38345 argv[2]: +all
38346 argv[3]: +trace_process
38347 *Verdi* ERROR: The #2 argument "simulator.RF_IO_GEN[1].DAC.nco_i" is invalid
38348 *Verdi* ERROR: Failed to dump because the specified instance or option is not correct
38349 *Verdi* ERROR: Syntax - fsdbDumpvars [depth] [instance] [option]*
38350 sps_tcl_fsdbDumpflush_vd_main at 0 : N/A(0)
38351 *Verdi* : Flush all FSDB Files at 0 ps.
38352 sps_tcl_fsdbDumpvars_vd_main
38353 argv[0]: 0
38354 argv[1]: simulator.RF_IO_GEN[1].DAC.nco_q
38355 argv[2]: +all
38356 argv[3]: +trace_process
38357 *Verdi* ERROR: The #2 argument "simulator.RF_IO_GEN[1].DAC.nco_q" is invalid
38358 *Verdi* ERROR: Failed to dump because the specified instance or option is not correct
38359 *Verdi* ERROR: Syntax - fsdbDumpvars [depth] [instance] [option]*
38360 sps_tcl_fsdbDumpflush_vd_main at 0 : N/A(0)
38361 *Verdi* : Flush all FSDB Files at 0 ps.
38362 sps_tcl_fsdbDumpvars_vd_main
38363 argv[0]: 0
38364 argv[1]: simulator.RF_IO_GEN[1].DAC.o_vrf
38365 argv[2]: +all
38366 argv[3]: +trace_process
38367 *Verdi* ERROR: The #2 argument "simulator.RF_IO_GEN[1].DAC.o_vrf" is invalid
38368 *Verdi* ERROR: Failed to dump because the specified instance or option is not correct
38369 *Verdi* ERROR: Syntax - fsdbDumpvars [depth] [instance] [option]*
38370 sps_tcl_fsdbDumpflush_vd_main at 0 : N/A(0)
38371 *Verdi* : Flush all FSDB Files at 0 ps.
38372 sps_tcl_fsdbDumpvars_vd_main
38373 argv[0]: 0
38374 argv[1]: simulator.RF_IO_GEN[0].REGS.AXIL_REGS.i_aclk
38375 argv[2]: +all
38376 argv[3]: +trace_process
38377 *Verdi* ERROR: The #2 argument "simulator.RF_IO_GEN[0].REGS.AXIL_REGS.i_aclk" is invalid
38378 *Verdi* ERROR: Failed to dump because the specified instance or option is not correct
38379 *Verdi* ERROR: Syntax - fsdbDumpvars [depth] [instance] [option]*
38380 sps_tcl_fsdbDumpflush_vd_main at 0 : N/A(0)
38381 *Verdi* : Flush all FSDB Files at 0 ps.
38382 sps_tcl_fsdbDumpvars_vd_main
38383 argv[0]: 0
38384 argv[1]: simulator.RF_IO_GEN[0].REGS.AXIL_REGS.i_aresetn
38385 argv[2]: +all
38386 argv[3]: +trace_process
38387 *Verdi* ERROR: The #2 argument "simulator.RF_IO_GEN[0].REGS.AXIL_REGS.i_aresetn" is invalid
38388 *Verdi* ERROR: Failed to dump because the specified instance or option is not correct
38389 *Verdi* ERROR: Syntax - fsdbDumpvars [depth] [instance] [option]*
38390 sps_tcl_fsdbDumpflush_vd_main at 0 : N/A(0)
38391 *Verdi* : Flush all FSDB Files at 0 ps.
38392 sps_tcl_fsdbDumpvars_vd_main
38393 argv[0]: 0
38394 argv[1]: simulator.RF_IO_GEN[0].REGS.AXIL_REGS.r_regs[0:65][31:0]
38395 argv[2]: +all
38396 argv[3]: +trace_process
38397 *Verdi* ERROR: The #2 argument "simulator.RF_IO_GEN[0].REGS.AXIL_REGS.r_regs[0:65][31:0]" is invalid
38398 *Verdi* ERROR: Failed to dump because the specified instance or option is not correct
38399 *Verdi* ERROR: Syntax - fsdbDumpvars [depth] [instance] [option]*
38400 sps_tcl_fsdbDumpflush_vd_main at 0 : N/A(0)
38401 *Verdi* : Flush all FSDB Files at 0 ps.
38402 sps_tcl_fsdbDumpvars_vd_main
38403 argv[0]: 0
38404 argv[1]: simulator.RF_IO_GEN[0].REGS.AXIL_REGS.o_regs[0:65][31:0]
38405 argv[2]: +all
38406 argv[3]: +trace_process
38407 *Verdi* ERROR: The #2 argument "simulator.RF_IO_GEN[0].REGS.AXIL_REGS.o_regs[0:65][31:0]" is invalid
38408 *Verdi* ERROR: Failed to dump because the specified instance or option is not correct
38409 *Verdi* ERROR: Syntax - fsdbDumpvars [depth] [instance] [option]*
38410 sps_tcl_fsdbDumpflush_vd_main at 0 : N/A(0)
38411 *Verdi* : Flush all FSDB Files at 0 ps.
38412 sps_tcl_fsdbDumpvars_vd_main
38413 argv[0]: 0
38414 argv[1]: simulator.RF_IO_GEN[0].REGS.AXIL_REGS.o_awready
38415 argv[2]: +all
38416 argv[3]: +trace_process
38417 *Verdi* ERROR: The #2 argument "simulator.RF_IO_GEN[0].REGS.AXIL_REGS.o_awready" is invalid
38418 *Verdi* ERROR: Failed to dump because the specified instance or option is not correct
38419 *Verdi* ERROR: Syntax - fsdbDumpvars [depth] [instance] [option]*
38420 sps_tcl_fsdbDumpflush_vd_main at 0 : N/A(0)
38421 *Verdi* : Flush all FSDB Files at 0 ps.
38422 sps_tcl_fsdbDumpvars_vd_main
38423 argv[0]: 0
38424 argv[1]: simulator.RF_IO_GEN[0].REGS.AXIL_REGS.i_awvalid
38425 argv[2]: +all
38426 argv[3]: +trace_process
38427 *Verdi* ERROR: The #2 argument "simulator.RF_IO_GEN[0].REGS.AXIL_REGS.i_awvalid" is invalid
38428 *Verdi* ERROR: Failed to dump because the specified instance or option is not correct
38429 *Verdi* ERROR: Syntax - fsdbDumpvars [depth] [instance] [option]*
38430 sps_tcl_fsdbDumpflush_vd_main at 0 : N/A(0)
38431 *Verdi* : Flush all FSDB Files at 0 ps.
38432 sps_tcl_fsdbDumpvars_vd_main
38433 argv[0]: 0
38434 argv[1]: simulator.RF_IO_GEN[0].REGS.AXIL_REGS.i_awaddr[8:0]
38435 argv[2]: +all
38436 argv[3]: +trace_process
38437 *Verdi* ERROR: The #2 argument "simulator.RF_IO_GEN[0].REGS.AXIL_REGS.i_awaddr[8:0]" is invalid
38438 *Verdi* ERROR: Failed to dump because the specified instance or option is not correct
38439 *Verdi* ERROR: Syntax - fsdbDumpvars [depth] [instance] [option]*
38440 sps_tcl_fsdbDumpflush_vd_main at 0 : N/A(0)
38441 *Verdi* : Flush all FSDB Files at 0 ps.
38442 sps_tcl_fsdbDumpvars_vd_main
38443 argv[0]: 0
38444 argv[1]: simulator.RF_IO_GEN[0].REGS.AXIL_REGS.w_awireg[6:0]
38445 argv[2]: +all
38446 argv[3]: +trace_process
38447 *Verdi* ERROR: The #2 argument "simulator.RF_IO_GEN[0].REGS.AXIL_REGS.w_awireg[6:0]" is invalid
38448 *Verdi* ERROR: Failed to dump because the specified instance or option is not correct
38449 *Verdi* ERROR: Syntax - fsdbDumpvars [depth] [instance] [option]*
38450 sps_tcl_fsdbDumpflush_vd_main at 0 : N/A(0)
38451 *Verdi* : Flush all FSDB Files at 0 ps.
38452 sps_tcl_fsdbDumpvars_vd_main
38453 argv[0]: 0
38454 argv[1]: simulator.RF_IO_GEN[0].REGS.AXIL_REGS.w_awls2b[1:0]
38455 argv[2]: +all
38456 argv[3]: +trace_process
38457 *Verdi* ERROR: The #2 argument "simulator.RF_IO_GEN[0].REGS.AXIL_REGS.w_awls2b[1:0]" is invalid
38458 *Verdi* ERROR: Failed to dump because the specified instance or option is not correct
38459 *Verdi* ERROR: Syntax - fsdbDumpvars [depth] [instance] [option]*
38460 sps_tcl_fsdbDumpflush_vd_main at 0 : N/A(0)
38461 *Verdi* : Flush all FSDB Files at 0 ps.
38462 sps_tcl_fsdbDumpvars_vd_main
38463 argv[0]: 0
38464 argv[1]: simulator.RF_IO_GEN[0].REGS.AXIL_REGS.o_wready
38465 argv[2]: +all
38466 argv[3]: +trace_process
38467 *Verdi* ERROR: The #2 argument "simulator.RF_IO_GEN[0].REGS.AXIL_REGS.o_wready" is invalid
38468 *Verdi* ERROR: Failed to dump because the specified instance or option is not correct
38469 *Verdi* ERROR: Syntax - fsdbDumpvars [depth] [instance] [option]*
38470 sps_tcl_fsdbDumpflush_vd_main at 0 : N/A(0)
38471 *Verdi* : Flush all FSDB Files at 0 ps.
38472 sps_tcl_fsdbDumpvars_vd_main
38473 argv[0]: 0
38474 argv[1]: simulator.RF_IO_GEN[0].REGS.AXIL_REGS.i_wvalid
38475 argv[2]: +all
38476 argv[3]: +trace_process
38477 *Verdi* ERROR: The #2 argument "simulator.RF_IO_GEN[0].REGS.AXIL_REGS.i_wvalid" is invalid
38478 *Verdi* ERROR: Failed to dump because the specified instance or option is not correct
38479 *Verdi* ERROR: Syntax - fsdbDumpvars [depth] [instance] [option]*
38480 sps_tcl_fsdbDumpflush_vd_main at 0 : N/A(0)
38481 *Verdi* : Flush all FSDB Files at 0 ps.
38482 sps_tcl_fsdbDumpvars_vd_main
38483 argv[0]: 0
38484 argv[1]: simulator.RF_IO_GEN[0].REGS.AXIL_REGS.i_wdata[31:0]
38485 argv[2]: +all
38486 argv[3]: +trace_process
38487 *Verdi* ERROR: The #2 argument "simulator.RF_IO_GEN[0].REGS.AXIL_REGS.i_wdata[31:0]" is invalid
38488 *Verdi* ERROR: Failed to dump because the specified instance or option is not correct
38489 *Verdi* ERROR: Syntax - fsdbDumpvars [depth] [instance] [option]*
38490 sps_tcl_fsdbDumpflush_vd_main at 0 : N/A(0)
38491 *Verdi* : Flush all FSDB Files at 0 ps.
38492 sps_tcl_fsdbDumpvars_vd_main
38493 argv[0]: 0
38494 argv[1]: simulator.RF_IO_GEN[0].REGS.AXIL_REGS.i_wstrb[3:0]
38495 argv[2]: +all
38496 argv[3]: +trace_process
38497 *Verdi* ERROR: The #2 argument "simulator.RF_IO_GEN[0].REGS.AXIL_REGS.i_wstrb[3:0]" is invalid
38498 *Verdi* ERROR: Failed to dump because the specified instance or option is not correct
38499 *Verdi* ERROR: Syntax - fsdbDumpvars [depth] [instance] [option]*
38500 sps_tcl_fsdbDumpflush_vd_main at 0 : N/A(0)
38501 *Verdi* : Flush all FSDB Files at 0 ps.
38502 sps_tcl_fsdbDumpvars_vd_main
38503 argv[0]: 0
38504 argv[1]: simulator.RF_IO_GEN[0].REGS.AXIL_REGS.w_wdatastrb[31:0]
38505 argv[2]: +all
38506 argv[3]: +trace_process
38507 *Verdi* ERROR: The #2 argument "simulator.RF_IO_GEN[0].REGS.AXIL_REGS.w_wdatastrb[31:0]" is invalid
38508 *Verdi* ERROR: Failed to dump because the specified instance or option is not correct
38509 *Verdi* ERROR: Syntax - fsdbDumpvars [depth] [instance] [option]*
38510 sps_tcl_fsdbDumpflush_vd_main at 0 : N/A(0)
38511 *Verdi* : Flush all FSDB Files at 0 ps.
38512 sps_tcl_fsdbDumpvars_vd_main
38513 argv[0]: 0
38514 argv[1]: simulator.RF_IO_GEN[0].REGS.AXIL_REGS.i_bready
38515 argv[2]: +all
38516 argv[3]: +trace_process
38517 *Verdi* ERROR: The #2 argument "simulator.RF_IO_GEN[0].REGS.AXIL_REGS.i_bready" is invalid
38518 *Verdi* ERROR: Failed to dump because the specified instance or option is not correct
38519 *Verdi* ERROR: Syntax - fsdbDumpvars [depth] [instance] [option]*
38520 sps_tcl_fsdbDumpflush_vd_main at 0 : N/A(0)
38521 *Verdi* : Flush all FSDB Files at 0 ps.
38522 sps_tcl_fsdbDumpvars_vd_main
38523 argv[0]: 0
38524 argv[1]: simulator.RF_IO_GEN[0].REGS.AXIL_REGS.o_bvalid
38525 argv[2]: +all
38526 argv[3]: +trace_process
38527 *Verdi* ERROR: The #2 argument "simulator.RF_IO_GEN[0].REGS.AXIL_REGS.o_bvalid" is invalid
38528 *Verdi* ERROR: Failed to dump because the specified instance or option is not correct
38529 *Verdi* ERROR: Syntax - fsdbDumpvars [depth] [instance] [option]*
38530 sps_tcl_fsdbDumpflush_vd_main at 0 : N/A(0)
38531 *Verdi* : Flush all FSDB Files at 0 ps.
38532 sps_tcl_fsdbDumpvars_vd_main
38533 argv[0]: 0
38534 argv[1]: simulator.RF_IO_GEN[0].REGS.AXIL_REGS.o_bresp[1:0]
38535 argv[2]: +all
38536 argv[3]: +trace_process
38537 *Verdi* ERROR: The #2 argument "simulator.RF_IO_GEN[0].REGS.AXIL_REGS.o_bresp[1:0]" is invalid
38538 *Verdi* ERROR: Failed to dump because the specified instance or option is not correct
38539 *Verdi* ERROR: Syntax - fsdbDumpvars [depth] [instance] [option]*
38540 sps_tcl_fsdbDumpflush_vd_main at 0 : N/A(0)
38541 *Verdi* : Flush all FSDB Files at 0 ps.
38542 sps_tcl_fsdbDumpvars_vd_main
38543 argv[0]: 0
38544 argv[1]: simulator.RF_IO_GEN[0].REGS.AXIL_REGS.o_arready
38545 argv[2]: +all
38546 argv[3]: +trace_process
38547 *Verdi* ERROR: The #2 argument "simulator.RF_IO_GEN[0].REGS.AXIL_REGS.o_arready" is invalid
38548 *Verdi* ERROR: Failed to dump because the specified instance or option is not correct
38549 *Verdi* ERROR: Syntax - fsdbDumpvars [depth] [instance] [option]*
38550 sps_tcl_fsdbDumpflush_vd_main at 0 : N/A(0)
38551 *Verdi* : Flush all FSDB Files at 0 ps.
38552 sps_tcl_fsdbDumpvars_vd_main
38553 argv[0]: 0
38554 argv[1]: simulator.RF_IO_GEN[0].REGS.AXIL_REGS.i_arvalid
38555 argv[2]: +all
38556 argv[3]: +trace_process
38557 *Verdi* ERROR: The #2 argument "simulator.RF_IO_GEN[0].REGS.AXIL_REGS.i_arvalid" is invalid
38558 *Verdi* ERROR: Failed to dump because the specified instance or option is not correct
38559 *Verdi* ERROR: Syntax - fsdbDumpvars [depth] [instance] [option]*
38560 sps_tcl_fsdbDumpflush_vd_main at 0 : N/A(0)
38561 *Verdi* : Flush all FSDB Files at 0 ps.
38562 sps_tcl_fsdbDumpvars_vd_main
38563 argv[0]: 0
38564 argv[1]: simulator.RF_IO_GEN[0].REGS.AXIL_REGS.i_araddr[8:0]
38565 argv[2]: +all
38566 argv[3]: +trace_process
38567 *Verdi* ERROR: The #2 argument "simulator.RF_IO_GEN[0].REGS.AXIL_REGS.i_araddr[8:0]" is invalid
38568 *Verdi* ERROR: Failed to dump because the specified instance or option is not correct
38569 *Verdi* ERROR: Syntax - fsdbDumpvars [depth] [instance] [option]*
38570 sps_tcl_fsdbDumpflush_vd_main at 0 : N/A(0)
38571 *Verdi* : Flush all FSDB Files at 0 ps.
38572 sps_tcl_fsdbDumpvars_vd_main
38573 argv[0]: 0
38574 argv[1]: simulator.RF_IO_GEN[0].REGS.AXIL_REGS.w_arireg[6:0]
38575 argv[2]: +all
38576 argv[3]: +trace_process
38577 *Verdi* ERROR: The #2 argument "simulator.RF_IO_GEN[0].REGS.AXIL_REGS.w_arireg[6:0]" is invalid
38578 *Verdi* ERROR: Failed to dump because the specified instance or option is not correct
38579 *Verdi* ERROR: Syntax - fsdbDumpvars [depth] [instance] [option]*
38580 sps_tcl_fsdbDumpflush_vd_main at 0 : N/A(0)
38581 *Verdi* : Flush all FSDB Files at 0 ps.
38582 sps_tcl_fsdbDumpvars_vd_main
38583 argv[0]: 0
38584 argv[1]: simulator.RF_IO_GEN[0].REGS.AXIL_REGS.w_arls2b[1:0]
38585 argv[2]: +all
38586 argv[3]: +trace_process
38587 *Verdi* ERROR: The #2 argument "simulator.RF_IO_GEN[0].REGS.AXIL_REGS.w_arls2b[1:0]" is invalid
38588 *Verdi* ERROR: Failed to dump because the specified instance or option is not correct
38589 *Verdi* ERROR: Syntax - fsdbDumpvars [depth] [instance] [option]*
38590 sps_tcl_fsdbDumpflush_vd_main at 0 : N/A(0)
38591 *Verdi* : Flush all FSDB Files at 0 ps.
38592 sps_tcl_fsdbDumpvars_vd_main
38593 argv[0]: 0
38594 argv[1]: simulator.RF_IO_GEN[0].REGS.AXIL_REGS.i_rready
38595 argv[2]: +all
38596 argv[3]: +trace_process
38597 *Verdi* ERROR: The #2 argument "simulator.RF_IO_GEN[0].REGS.AXIL_REGS.i_rready" is invalid
38598 *Verdi* ERROR: Failed to dump because the specified instance or option is not correct
38599 *Verdi* ERROR: Syntax - fsdbDumpvars [depth] [instance] [option]*
38600 sps_tcl_fsdbDumpflush_vd_main at 0 : N/A(0)
38601 *Verdi* : Flush all FSDB Files at 0 ps.
38602 sps_tcl_fsdbDumpvars_vd_main
38603 argv[0]: 0
38604 argv[1]: simulator.RF_IO_GEN[0].REGS.AXIL_REGS.o_rvalid
38605 argv[2]: +all
38606 argv[3]: +trace_process
38607 *Verdi* ERROR: The #2 argument "simulator.RF_IO_GEN[0].REGS.AXIL_REGS.o_rvalid" is invalid
38608 *Verdi* ERROR: Failed to dump because the specified instance or option is not correct
38609 *Verdi* ERROR: Syntax - fsdbDumpvars [depth] [instance] [option]*
38610 sps_tcl_fsdbDumpflush_vd_main at 0 : N/A(0)
38611 *Verdi* : Flush all FSDB Files at 0 ps.
38612 sps_tcl_fsdbDumpvars_vd_main
38613 argv[0]: 0
38614 argv[1]: simulator.RF_IO_GEN[0].REGS.AXIL_REGS.o_rdata[31:0]
38615 argv[2]: +all
38616 argv[3]: +trace_process
38617 *Verdi* ERROR: The #2 argument "simulator.RF_IO_GEN[0].REGS.AXIL_REGS.o_rdata[31:0]" is invalid
38618 *Verdi* ERROR: Failed to dump because the specified instance or option is not correct
38619 *Verdi* ERROR: Syntax - fsdbDumpvars [depth] [instance] [option]*
38620 sps_tcl_fsdbDumpflush_vd_main at 0 : N/A(0)
38621 *Verdi* : Flush all FSDB Files at 0 ps.
38622 sps_tcl_fsdbDumpvars_vd_main
38623 argv[0]: 0
38624 argv[1]: simulator.RF_IO_GEN[0].REGS.AXIL_REGS.o_rresp[1:0]
38625 argv[2]: +all
38626 argv[3]: +trace_process
38627 *Verdi* ERROR: The #2 argument "simulator.RF_IO_GEN[0].REGS.AXIL_REGS.o_rresp[1:0]" is invalid
38628 *Verdi* ERROR: Failed to dump because the specified instance or option is not correct
38629 *Verdi* ERROR: Syntax - fsdbDumpvars [depth] [instance] [option]*
38630 sps_tcl_fsdbDumpflush_vd_main at 0 : N/A(0)
38631 *Verdi* : Flush all FSDB Files at 0 ps.
38632 sps_tcl_fsdbDumpvars_vd_main
38633 argv[0]: 0
38634 argv[1]: simulator.DCRFLI.RF_GEN[0].RF.SEQ.i_clk
38635 argv[2]: +all
38636 argv[3]: +trace_process
38637 *Verdi* ERROR: The #2 argument "simulator.DCRFLI.RF_GEN[0].RF.SEQ.i_clk" is invalid
38638 *Verdi* ERROR: Failed to dump because the specified instance or option is not correct
38639 *Verdi* ERROR: Syntax - fsdbDumpvars [depth] [instance] [option]*
38640 sps_tcl_fsdbDumpflush_vd_main at 0 : N/A(0)
38641 *Verdi* : Flush all FSDB Files at 0 ps.
38642 sps_tcl_fsdbDumpvars_vd_main
38643 argv[0]: 0
38644 argv[1]: simulator.DCRFLI.RF_GEN[0].RF.SEQ.i_rst
38645 argv[2]: +all
38646 argv[3]: +trace_process
38647 *Verdi* ERROR: The #2 argument "simulator.DCRFLI.RF_GEN[0].RF.SEQ.i_rst" is invalid
38648 *Verdi* ERROR: Failed to dump because the specified instance or option is not correct
38649 *Verdi* ERROR: Syntax - fsdbDumpvars [depth] [instance] [option]*
38650 sps_tcl_fsdbDumpflush_vd_main at 0 : N/A(0)
38651 *Verdi* : Flush all FSDB Files at 0 ps.
38652 sps_tcl_fsdbDumpvars_vd_main
38653 argv[0]: 0
38654 argv[1]: simulator.DCRFLI.RF_GEN[0].RF.SEQ.w_propagate
38655 argv[2]: +all
38656 argv[3]: +trace_process
38657 *Verdi* ERROR: The #2 argument "simulator.DCRFLI.RF_GEN[0].RF.SEQ.w_propagate" is invalid
38658 *Verdi* ERROR: Failed to dump because the specified instance or option is not correct
38659 *Verdi* ERROR: Syntax - fsdbDumpvars [depth] [instance] [option]*
38660 sps_tcl_fsdbDumpflush_vd_main at 0 : N/A(0)
38661 *Verdi* : Flush all FSDB Files at 0 ps.
38662 sps_tcl_fsdbDumpvars_vd_main
38663 argv[0]: 0
38664 argv[1]: simulator.DCRFLI.RF_GEN[0].RF.SEQ.i_regs[0:65][31:0]
38665 argv[2]: +all
38666 argv[3]: +trace_process
38667 *Verdi* ERROR: The #2 argument "simulator.DCRFLI.RF_GEN[0].RF.SEQ.i_regs[0:65][31:0]" is invalid
38668 *Verdi* ERROR: Failed to dump because the specified instance or option is not correct
38669 *Verdi* ERROR: Syntax - fsdbDumpvars [depth] [instance] [option]*
38670 sps_tcl_fsdbDumpflush_vd_main at 0 : N/A(0)
38671 *Verdi* : Flush all FSDB Files at 0 ps.
38672 sps_tcl_fsdbDumpvars_vd_main
38673 argv[0]: 0
38674 argv[1]: simulator.DCRFLI.RF_GEN[0].RF.SEQ.w_last0
38675 argv[2]: +all
38676 argv[3]: +trace_process
38677 *Verdi* ERROR: The #2 argument "simulator.DCRFLI.RF_GEN[0].RF.SEQ.w_last0" is invalid
38678 *Verdi* ERROR: Failed to dump because the specified instance or option is not correct
38679 *Verdi* ERROR: Syntax - fsdbDumpvars [depth] [instance] [option]*
38680 sps_tcl_fsdbDumpflush_vd_main at 0 : N/A(0)
38681 *Verdi* : Flush all FSDB Files at 0 ps.
38682 sps_tcl_fsdbDumpvars_vd_main
38683 argv[0]: 0
38684 argv[1]: simulator.DCRFLI.RF_GEN[0].RF.SEQ.w_last0_ff1
38685 argv[2]: +all
38686 argv[3]: +trace_process
38687 *Verdi* ERROR: The #2 argument "simulator.DCRFLI.RF_GEN[0].RF.SEQ.w_last0_ff1" is invalid
38688 *Verdi* ERROR: Failed to dump because the specified instance or option is not correct
38689 *Verdi* ERROR: Syntax - fsdbDumpvars [depth] [instance] [option]*
38690 sps_tcl_fsdbDumpflush_vd_main at 0 : N/A(0)
38691 *Verdi* : Flush all FSDB Files at 0 ps.
38692 sps_tcl_fsdbDumpvars_vd_main
38693 argv[0]: 0
38694 argv[1]: simulator.DCRFLI.RF_GEN[0].RF.SEQ.w_last0_ff2
38695 argv[2]: +all
38696 argv[3]: +trace_process
38697 *Verdi* ERROR: The #2 argument "simulator.DCRFLI.RF_GEN[0].RF.SEQ.w_last0_ff2" is invalid
38698 *Verdi* ERROR: Failed to dump because the specified instance or option is not correct
38699 *Verdi* ERROR: Syntax - fsdbDumpvars [depth] [instance] [option]*
38700 sps_tcl_fsdbDumpflush_vd_main at 0 : N/A(0)
38701 *Verdi* : Flush all FSDB Files at 0 ps.
38702 sps_tcl_fsdbDumpvars_vd_main
38703 argv[0]: 0
38704 argv[1]: simulator.DCRFLI.RF_GEN[0].RF.SEQ.w_new_sequence
38705 argv[2]: +all
38706 argv[3]: +trace_process
38707 *Verdi* ERROR: The #2 argument "simulator.DCRFLI.RF_GEN[0].RF.SEQ.w_new_sequence" is invalid
38708 *Verdi* ERROR: Failed to dump because the specified instance or option is not correct
38709 *Verdi* ERROR: Syntax - fsdbDumpvars [depth] [instance] [option]*
38710 sps_tcl_fsdbDumpflush_vd_main at 0 : N/A(0)
38711 *Verdi* : Flush all FSDB Files at 0 ps.
38712 sps_tcl_fsdbDumpvars_vd_main
38713 argv[0]: 0
38714 argv[1]: simulator.DCRFLI.RF_GEN[0].RF.SEQ.r_sequence[0:15][114:0]
38715 argv[2]: +all
38716 argv[3]: +trace_process
38717 *Verdi* ERROR: The #2 argument "simulator.DCRFLI.RF_GEN[0].RF.SEQ.r_sequence[0:15][114:0]" is invalid
38718 *Verdi* ERROR: Failed to dump because the specified instance or option is not correct
38719 *Verdi* ERROR: Syntax - fsdbDumpvars [depth] [instance] [option]*
38720 sps_tcl_fsdbDumpflush_vd_main at 0 : N/A(0)
38721 *Verdi* : Flush all FSDB Files at 0 ps.
38722 sps_tcl_fsdbDumpvars_vd_main
38723 argv[0]: 0
38724 argv[1]: simulator.DCRFLI.RF_GEN[0].RF.SEQ.r_iters[10:0]
38725 argv[2]: +all
38726 argv[3]: +trace_process
38727 *Verdi* ERROR: The #2 argument "simulator.DCRFLI.RF_GEN[0].RF.SEQ.r_iters[10:0]" is invalid
38728 *Verdi* ERROR: Failed to dump because the specified instance or option is not correct
38729 *Verdi* ERROR: Syntax - fsdbDumpvars [depth] [instance] [option]*
38730 sps_tcl_fsdbDumpflush_vd_main at 0 : N/A(0)
38731 *Verdi* : Flush all FSDB Files at 0 ps.
38732 sps_tcl_fsdbDumpvars_vd_main
38733 argv[0]: 0
38734 argv[1]: simulator.DCRFLI.RF_GEN[0].RF.SEQ.r_iptr[3:0]
38735 argv[2]: +all
38736 argv[3]: +trace_process
38737 *Verdi* ERROR: The #2 argument "simulator.DCRFLI.RF_GEN[0].RF.SEQ.r_iptr[3:0]" is invalid
38738 *Verdi* ERROR: Failed to dump because the specified instance or option is not correct
38739 *Verdi* ERROR: Syntax - fsdbDumpvars [depth] [instance] [option]*
38740 sps_tcl_fsdbDumpflush_vd_main at 0 : N/A(0)
38741 *Verdi* : Flush all FSDB Files at 0 ps.
38742 sps_tcl_fsdbDumpvars_vd_main
38743 argv[0]: 0
38744 argv[1]: simulator.DCRFLI.RF_GEN[0].RF.SEQ.w_insn_fetch[114:0]
38745 argv[2]: +all
38746 argv[3]: +trace_process
38747 *Verdi* ERROR: The #2 argument "simulator.DCRFLI.RF_GEN[0].RF.SEQ.w_insn_fetch[114:0]" is invalid
38748 *Verdi* ERROR: Failed to dump because the specified instance or option is not correct
38749 *Verdi* ERROR: Syntax - fsdbDumpvars [depth] [instance] [option]*
38750 sps_tcl_fsdbDumpflush_vd_main at 0 : N/A(0)
38751 *Verdi* : Flush all FSDB Files at 0 ps.
38752 sps_tcl_fsdbDumpvars_vd_main
38753 argv[0]: 0
38754 argv[1]: simulator.DCRFLI.RF_GEN[0].RF.SEQ.w_insn_bubble
38755 argv[2]: +all
38756 argv[3]: +trace_process
38757 *Verdi* ERROR: The #2 argument "simulator.DCRFLI.RF_GEN[0].RF.SEQ.w_insn_bubble" is invalid
38758 *Verdi* ERROR: Failed to dump because the specified instance or option is not correct
38759 *Verdi* ERROR: Syntax - fsdbDumpvars [depth] [instance] [option]*
38760 sps_tcl_fsdbDumpflush_vd_main at 0 : N/A(0)
38761 *Verdi* : Flush all FSDB Files at 0 ps.
38762 sps_tcl_fsdbDumpvars_vd_main
38763 argv[0]: 0
38764 argv[1]: simulator.DCRFLI.RF_GEN[0].RF.SEQ.w_iptr_plus1[3:0]
38765 argv[2]: +all
38766 argv[3]: +trace_process
38767 *Verdi* ERROR: The #2 argument "simulator.DCRFLI.RF_GEN[0].RF.SEQ.w_iptr_plus1[3:0]" is invalid
38768 *Verdi* ERROR: Failed to dump because the specified instance or option is not correct
38769 *Verdi* ERROR: Syntax - fsdbDumpvars [depth] [instance] [option]*
38770 sps_tcl_fsdbDumpflush_vd_main at 0 : N/A(0)
38771 *Verdi* : Flush all FSDB Files at 0 ps.
38772 sps_tcl_fsdbDumpvars_vd_main
38773 argv[0]: 0
38774 argv[1]: simulator.DCRFLI.RF_GEN[0].RF.SEQ.w_next_null
38775 argv[2]: +all
38776 argv[3]: +trace_process
38777 *Verdi* ERROR: The #2 argument "simulator.DCRFLI.RF_GEN[0].RF.SEQ.w_next_null" is invalid
38778 *Verdi* ERROR: Failed to dump because the specified instance or option is not correct
38779 *Verdi* ERROR: Syntax - fsdbDumpvars [depth] [instance] [option]*
38780 sps_tcl_fsdbDumpflush_vd_main at 0 : N/A(0)
38781 *Verdi* : Flush all FSDB Files at 0 ps.
38782 sps_tcl_fsdbDumpvars_vd_main
38783 argv[0]: 0
38784 argv[1]: simulator.DCRFLI.RF_GEN[0].RF.SEQ.o_empty
38785 argv[2]: +all
38786 argv[3]: +trace_process
38787 *Verdi* ERROR: The #2 argument "simulator.DCRFLI.RF_GEN[0].RF.SEQ.o_empty" is invalid
38788 *Verdi* ERROR: Failed to dump because the specified instance or option is not correct
38789 *Verdi* ERROR: Syntax - fsdbDumpvars [depth] [instance] [option]*
38790 sps_tcl_fsdbDumpflush_vd_main at 0 : N/A(0)
38791 *Verdi* : Flush all FSDB Files at 0 ps.
38792 sps_tcl_fsdbDumpvars_vd_main
38793 argv[0]: 0
38794 argv[1]: simulator.DCRFLI.RF_GEN[0].RF.SEQ.i_next
38795 argv[2]: +all
38796 argv[3]: +trace_process
38797 *Verdi* ERROR: The #2 argument "simulator.DCRFLI.RF_GEN[0].RF.SEQ.i_next" is invalid
38798 *Verdi* ERROR: Failed to dump because the specified instance or option is not correct
38799 *Verdi* ERROR: Syntax - fsdbDumpvars [depth] [instance] [option]*
38800 sps_tcl_fsdbDumpflush_vd_main at 0 : N/A(0)
38801 *Verdi* : Flush all FSDB Files at 0 ps.
38802 sps_tcl_fsdbDumpvars_vd_main
38803 argv[0]: 0
38804 argv[1]: simulator.DCRFLI.RF_GEN[0].RF.SEQ.o_addr[3:0]
38805 argv[2]: +all
38806 argv[3]: +trace_process
38807 *Verdi* ERROR: The #2 argument "simulator.DCRFLI.RF_GEN[0].RF.SEQ.o_addr[3:0]" is invalid
38808 *Verdi* ERROR: Failed to dump because the specified instance or option is not correct
38809 *Verdi* ERROR: Syntax - fsdbDumpvars [depth] [instance] [option]*
38810 sps_tcl_fsdbDumpflush_vd_main at 0 : N/A(0)
38811 *Verdi* : Flush all FSDB Files at 0 ps.
38812 sps_tcl_fsdbDumpvars_vd_main
38813 argv[0]: 0
38814 argv[1]: simulator.DCRFLI.RF_GEN[0].RF.SEQ.o_insn[114:0]
38815 argv[2]: +all
38816 argv[3]: +trace_process
38817 *Verdi* ERROR: The #2 argument "simulator.DCRFLI.RF_GEN[0].RF.SEQ.o_insn[114:0]" is invalid
38818 *Verdi* ERROR: Failed to dump because the specified instance or option is not correct
38819 *Verdi* ERROR: Syntax - fsdbDumpvars [depth] [instance] [option]*
38820 sps_tcl_fsdbDumpflush_vd_main at 0 : N/A(0)
38821 *Verdi* : Flush all FSDB Files at 0 ps.
38822 sps_tcl_fsdbDumpvars_vd_main
38823 argv[0]: 0
38824 argv[1]: simulator.DCRFLI.RF_GEN[0].RF.SEQ.r_iptr_modify[3:0]
38825 argv[2]: +all
38826 argv[3]: +trace_process
38827 *Verdi* ERROR: The #2 argument "simulator.DCRFLI.RF_GEN[0].RF.SEQ.r_iptr_modify[3:0]" is invalid
38828 *Verdi* ERROR: Failed to dump because the specified instance or option is not correct
38829 *Verdi* ERROR: Syntax - fsdbDumpvars [depth] [instance] [option]*
38830 sps_tcl_fsdbDumpflush_vd_main at 0 : N/A(0)
38831 *Verdi* : Flush all FSDB Files at 0 ps.
38832 sps_tcl_fsdbDumpvars_vd_main
38833 argv[0]: 0
38834 argv[1]: simulator.DCRFLI.RF_GEN[0].RF.SEQ.i_insn_modified[114:0]
38835 argv[2]: +all
38836 argv[3]: +trace_process
38837 *Verdi* ERROR: The #2 argument "simulator.DCRFLI.RF_GEN[0].RF.SEQ.i_insn_modified[114:0]" is invalid
38838 *Verdi* ERROR: Failed to dump because the specified instance or option is not correct
38839 *Verdi* ERROR: Syntax - fsdbDumpvars [depth] [instance] [option]*
38840 sps_tcl_fsdbDumpflush_vd_main at 0 : N/A(0)
38841 *Verdi* : Flush all FSDB Files at 0 ps.
38842 sps_tcl_fsdbDumpvars_vd_main
38843 argv[0]: 0
38844 argv[1]: simulator.DCRFLI.RF_GEN[0].RF.CORE.CORDIC_GEN[0].CORDIC.c[15]
38845 argv[2]: +all
38846 argv[3]: +trace_process
38847 *Verdi* ERROR: The #2 argument "simulator.DCRFLI.RF_GEN[0].RF.CORE.CORDIC_GEN[0].CORDIC.c[15]" is invalid
38848 *Verdi* ERROR: Failed to dump because the specified instance or option is not correct
38849 *Verdi* ERROR: Syntax - fsdbDumpvars [depth] [instance] [option]*
38850 sps_tcl_fsdbDumpflush_vd_main at 0 : N/A(0)
38851 *Verdi* : Flush all FSDB Files at 0 ps.
38852 sps_tcl_fsdbDumpvars_vd_main
38853 argv[0]: 0
38854 argv[1]: simulator.DCRFLI.RF_GEN[0].RF.CORE.CORDIC_GEN[1].CORDIC.c[15]
38855 argv[2]: +all
38856 argv[3]: +trace_process
38857 *Verdi* ERROR: The #2 argument "simulator.DCRFLI.RF_GEN[0].RF.CORE.CORDIC_GEN[1].CORDIC.c[15]" is invalid
38858 *Verdi* ERROR: Failed to dump because the specified instance or option is not correct
38859 *Verdi* ERROR: Syntax - fsdbDumpvars [depth] [instance] [option]*
38860 sps_tcl_fsdbDumpflush_vd_main at 0 : N/A(0)
38861 *Verdi* : Flush all FSDB Files at 0 ps.
38862 sps_tcl_fsdbDumpvars_vd_main
38863 argv[0]: 0
38864 argv[1]: simulator.DCRFLI.RF_GEN[0].RF.CORE.CORDIC_GEN[2].CORDIC.c[15]
38865 argv[2]: +all
38866 argv[3]: +trace_process
38867 *Verdi* ERROR: The #2 argument "simulator.DCRFLI.RF_GEN[0].RF.CORE.CORDIC_GEN[2].CORDIC.c[15]" is invalid
38868 *Verdi* ERROR: Failed to dump because the specified instance or option is not correct
38869 *Verdi* ERROR: Syntax - fsdbDumpvars [depth] [instance] [option]*
38870 sps_tcl_fsdbDumpflush_vd_main at 0 : N/A(0)
38871 *Verdi* : Flush all FSDB Files at 0 ps.
38872 sps_tcl_fsdbDumpvars_vd_main
38873 argv[0]: 0
38874 argv[1]: simulator.DCRFLI.RF_GEN[0].RF.CORE.CORDIC_GEN[3].CORDIC.c[15]
38875 argv[2]: +all
38876 argv[3]: +trace_process
38877 *Verdi* ERROR: The #2 argument "simulator.DCRFLI.RF_GEN[0].RF.CORE.CORDIC_GEN[3].CORDIC.c[15]" is invalid
38878 *Verdi* ERROR: Failed to dump because the specified instance or option is not correct
38879 *Verdi* ERROR: Syntax - fsdbDumpvars [depth] [instance] [option]*
38880 sps_tcl_fsdbDumpflush_vd_main at 0 : N/A(0)
38881 *Verdi* : Flush all FSDB Files at 0 ps.
38882 sps_tcl_fsdbDumpvars_vd_main
38883 argv[0]: 0
38884 argv[1]: simulator.DCRFLI.RF_GEN[0].RF.CORE.CORDIC_GEN[4].CORDIC.c[15]
38885 argv[2]: +all
38886 argv[3]: +trace_process
38887 *Verdi* ERROR: The #2 argument "simulator.DCRFLI.RF_GEN[0].RF.CORE.CORDIC_GEN[4].CORDIC.c[15]" is invalid
38888 *Verdi* ERROR: Failed to dump because the specified instance or option is not correct
38889 *Verdi* ERROR: Syntax - fsdbDumpvars [depth] [instance] [option]*
38890 sps_tcl_fsdbDumpflush_vd_main at 0 : N/A(0)
38891 *Verdi* : Flush all FSDB Files at 0 ps.
38892 sps_tcl_fsdbDumpvars_vd_main
38893 argv[0]: 0
38894 argv[1]: simulator.DCRFLI.RF_GEN[0].RF.CORE.CORDIC_GEN[5].CORDIC.c[15]
38895 argv[2]: +all
38896 argv[3]: +trace_process
38897 *Verdi* ERROR: The #2 argument "simulator.DCRFLI.RF_GEN[0].RF.CORE.CORDIC_GEN[5].CORDIC.c[15]" is invalid
38898 *Verdi* ERROR: Failed to dump because the specified instance or option is not correct
38899 *Verdi* ERROR: Syntax - fsdbDumpvars [depth] [instance] [option]*
38900 sps_tcl_fsdbDumpflush_vd_main at 0 : N/A(0)
38901 *Verdi* : Flush all FSDB Files at 0 ps.
38902 sps_tcl_fsdbDumpvars_vd_main
38903 argv[0]: 0
38904 argv[1]: simulator.DCRFLI.RF_GEN[0].RF.CORE.CORDIC_GEN[6].CORDIC.c[15]
38905 argv[2]: +all
38906 argv[3]: +trace_process
38907 *Verdi* ERROR: The #2 argument "simulator.DCRFLI.RF_GEN[0].RF.CORE.CORDIC_GEN[6].CORDIC.c[15]" is invalid
38908 *Verdi* ERROR: Failed to dump because the specified instance or option is not correct
38909 *Verdi* ERROR: Syntax - fsdbDumpvars [depth] [instance] [option]*
38910 sps_tcl_fsdbDumpflush_vd_main at 0 : N/A(0)
38911 *Verdi* : Flush all FSDB Files at 0 ps.
38912 sps_tcl_fsdbDumpvars_vd_main
38913 argv[0]: 0
38914 argv[1]: simulator.DCRFLI.RF_GEN[0].RF.CORE.CORDIC_GEN[7].CORDIC.c[15]
38915 argv[2]: +all
38916 argv[3]: +trace_process
38917 *Verdi* ERROR: The #2 argument "simulator.DCRFLI.RF_GEN[0].RF.CORE.CORDIC_GEN[7].CORDIC.c[15]" is invalid
38918 *Verdi* ERROR: Failed to dump because the specified instance or option is not correct
38919 *Verdi* ERROR: Syntax - fsdbDumpvars [depth] [instance] [option]*
38920 sps_tcl_fsdbDumpflush_vd_main at 0 : N/A(0)
38921 *Verdi* : Flush all FSDB Files at 0 ps.
38922 sps_tcl_fsdbDumpvars_vd_main
38923 argv[0]: 0
38924 argv[1]: simulator.DCRFLI.RF_GEN[0].RF.CORE.CORDIC_GEN[0].CORDIC.c[14]
38925 argv[2]: +all
38926 argv[3]: +trace_process
38927 *Verdi* ERROR: The #2 argument "simulator.DCRFLI.RF_GEN[0].RF.CORE.CORDIC_GEN[0].CORDIC.c[14]" is invalid
38928 *Verdi* ERROR: Failed to dump because the specified instance or option is not correct
38929 *Verdi* ERROR: Syntax - fsdbDumpvars [depth] [instance] [option]*
38930 sps_tcl_fsdbDumpflush_vd_main at 0 : N/A(0)
38931 *Verdi* : Flush all FSDB Files at 0 ps.
38932 sps_tcl_fsdbDumpvars_vd_main
38933 argv[0]: 0
38934 argv[1]: simulator.DCRFLI.RF_GEN[0].RF.CORE.CORDIC_GEN[1].CORDIC.c[14]
38935 argv[2]: +all
38936 argv[3]: +trace_process
38937 *Verdi* ERROR: The #2 argument "simulator.DCRFLI.RF_GEN[0].RF.CORE.CORDIC_GEN[1].CORDIC.c[14]" is invalid
38938 *Verdi* ERROR: Failed to dump because the specified instance or option is not correct
38939 *Verdi* ERROR: Syntax - fsdbDumpvars [depth] [instance] [option]*
38940 sps_tcl_fsdbDumpflush_vd_main at 0 : N/A(0)
38941 *Verdi* : Flush all FSDB Files at 0 ps.
38942 sps_tcl_fsdbDumpvars_vd_main
38943 argv[0]: 0
38944 argv[1]: simulator.DCRFLI.RF_GEN[0].RF.CORE.CORDIC_GEN[2].CORDIC.c[14]
38945 argv[2]: +all
38946 argv[3]: +trace_process
38947 *Verdi* ERROR: The #2 argument "simulator.DCRFLI.RF_GEN[0].RF.CORE.CORDIC_GEN[2].CORDIC.c[14]" is invalid
38948 *Verdi* ERROR: Failed to dump because the specified instance or option is not correct
38949 *Verdi* ERROR: Syntax - fsdbDumpvars [depth] [instance] [option]*
38950 sps_tcl_fsdbDumpflush_vd_main at 0 : N/A(0)
38951 *Verdi* : Flush all FSDB Files at 0 ps.
38952 sps_tcl_fsdbDumpvars_vd_main
38953 argv[0]: 0
38954 argv[1]: simulator.DCRFLI.RF_GEN[0].RF.CORE.CORDIC_GEN[3].CORDIC.c[14]
38955 argv[2]: +all
38956 argv[3]: +trace_process
38957 *Verdi* ERROR: The #2 argument "simulator.DCRFLI.RF_GEN[0].RF.CORE.CORDIC_GEN[3].CORDIC.c[14]" is invalid
38958 *Verdi* ERROR: Failed to dump because the specified instance or option is not correct
38959 *Verdi* ERROR: Syntax - fsdbDumpvars [depth] [instance] [option]*
38960 sps_tcl_fsdbDumpflush_vd_main at 0 : N/A(0)
38961 *Verdi* : Flush all FSDB Files at 0 ps.
38962 sps_tcl_fsdbDumpvars_vd_main
38963 argv[0]: 0
38964 argv[1]: simulator.DCRFLI.RF_GEN[0].RF.CORE.CORDIC_GEN[4].CORDIC.c[14]
38965 argv[2]: +all
38966 argv[3]: +trace_process
38967 *Verdi* ERROR: The #2 argument "simulator.DCRFLI.RF_GEN[0].RF.CORE.CORDIC_GEN[4].CORDIC.c[14]" is invalid
38968 *Verdi* ERROR: Failed to dump because the specified instance or option is not correct
38969 *Verdi* ERROR: Syntax - fsdbDumpvars [depth] [instance] [option]*
38970 sps_tcl_fsdbDumpflush_vd_main at 0 : N/A(0)
38971 *Verdi* : Flush all FSDB Files at 0 ps.
38972 sps_tcl_fsdbDumpvars_vd_main
38973 argv[0]: 0
38974 argv[1]: simulator.DCRFLI.RF_GEN[0].RF.CORE.CORDIC_GEN[5].CORDIC.c[14]
38975 argv[2]: +all
38976 argv[3]: +trace_process
38977 *Verdi* ERROR: The #2 argument "simulator.DCRFLI.RF_GEN[0].RF.CORE.CORDIC_GEN[5].CORDIC.c[14]" is invalid
38978 *Verdi* ERROR: Failed to dump because the specified instance or option is not correct
38979 *Verdi* ERROR: Syntax - fsdbDumpvars [depth] [instance] [option]*
38980 sps_tcl_fsdbDumpflush_vd_main at 0 : N/A(0)
38981 *Verdi* : Flush all FSDB Files at 0 ps.
38982 sps_tcl_fsdbDumpvars_vd_main
38983 argv[0]: 0
38984 argv[1]: simulator.DCRFLI.RF_GEN[0].RF.CORE.CORDIC_GEN[6].CORDIC.c[14]
38985 argv[2]: +all
38986 argv[3]: +trace_process
38987 *Verdi* ERROR: The #2 argument "simulator.DCRFLI.RF_GEN[0].RF.CORE.CORDIC_GEN[6].CORDIC.c[14]" is invalid
38988 *Verdi* ERROR: Failed to dump because the specified instance or option is not correct
38989 *Verdi* ERROR: Syntax - fsdbDumpvars [depth] [instance] [option]*
38990 sps_tcl_fsdbDumpflush_vd_main at 0 : N/A(0)
38991 *Verdi* : Flush all FSDB Files at 0 ps.
38992 sps_tcl_fsdbDumpvars_vd_main
38993 argv[0]: 0
38994 argv[1]: simulator.DCRFLI.RF_GEN[0].RF.CORE.CORDIC_GEN[7].CORDIC.c[14]
38995 argv[2]: +all
38996 argv[3]: +trace_process
38997 *Verdi* ERROR: The #2 argument "simulator.DCRFLI.RF_GEN[0].RF.CORE.CORDIC_GEN[7].CORDIC.c[14]" is invalid
38998 *Verdi* ERROR: Failed to dump because the specified instance or option is not correct
38999 *Verdi* ERROR: Syntax - fsdbDumpvars [depth] [instance] [option]*
39000 sps_tcl_fsdbDumpflush_vd_main at 0 : N/A(0)
39001 *Verdi* : Flush all FSDB Files at 0 ps.
39002 sps_tcl_fsdbDumpvars_vd_main
39003 argv[0]: 0
39004 argv[1]: simulator.DCRFLI.RF_GEN[0].RF.CORE.CORDIC_GEN[0].CORDIC.c[13]
39005 argv[2]: +all
39006 argv[3]: +trace_process
39007 *Verdi* ERROR: The #2 argument "simulator.DCRFLI.RF_GEN[0].RF.CORE.CORDIC_GEN[0].CORDIC.c[13]" is invalid
39008 *Verdi* ERROR: Failed to dump because the specified instance or option is not correct
39009 *Verdi* ERROR: Syntax - fsdbDumpvars [depth] [instance] [option]*
39010 sps_tcl_fsdbDumpflush_vd_main at 0 : N/A(0)
39011 *Verdi* : Flush all FSDB Files at 0 ps.
39012 sps_tcl_fsdbDumpvars_vd_main
39013 argv[0]: 0
39014 argv[1]: simulator.DCRFLI.RF_GEN[0].RF.CORE.CORDIC_GEN[1].CORDIC.c[13]
39015 argv[2]: +all
39016 argv[3]: +trace_process
39017 *Verdi* ERROR: The #2 argument "simulator.DCRFLI.RF_GEN[0].RF.CORE.CORDIC_GEN[1].CORDIC.c[13]" is invalid
39018 *Verdi* ERROR: Failed to dump because the specified instance or option is not correct
39019 *Verdi* ERROR: Syntax - fsdbDumpvars [depth] [instance] [option]*
39020 sps_tcl_fsdbDumpflush_vd_main at 0 : N/A(0)
39021 *Verdi* : Flush all FSDB Files at 0 ps.
39022 sps_tcl_fsdbDumpvars_vd_main
39023 argv[0]: 0
39024 argv[1]: simulator.DCRFLI.RF_GEN[0].RF.CORE.CORDIC_GEN[2].CORDIC.c[13]
39025 argv[2]: +all
39026 argv[3]: +trace_process
39027 *Verdi* ERROR: The #2 argument "simulator.DCRFLI.RF_GEN[0].RF.CORE.CORDIC_GEN[2].CORDIC.c[13]" is invalid
39028 *Verdi* ERROR: Failed to dump because the specified instance or option is not correct
39029 *Verdi* ERROR: Syntax - fsdbDumpvars [depth] [instance] [option]*
39030 sps_tcl_fsdbDumpflush_vd_main at 0 : N/A(0)
39031 *Verdi* : Flush all FSDB Files at 0 ps.
39032 sps_tcl_fsdbDumpvars_vd_main
39033 argv[0]: 0
39034 argv[1]: simulator.DCRFLI.RF_GEN[0].RF.CORE.CORDIC_GEN[3].CORDIC.c[13]
39035 argv[2]: +all
39036 argv[3]: +trace_process
39037 *Verdi* ERROR: The #2 argument "simulator.DCRFLI.RF_GEN[0].RF.CORE.CORDIC_GEN[3].CORDIC.c[13]" is invalid
39038 *Verdi* ERROR: Failed to dump because the specified instance or option is not correct
39039 *Verdi* ERROR: Syntax - fsdbDumpvars [depth] [instance] [option]*
39040 sps_tcl_fsdbDumpflush_vd_main at 0 : N/A(0)
39041 *Verdi* : Flush all FSDB Files at 0 ps.
39042 sps_tcl_fsdbDumpvars_vd_main
39043 argv[0]: 0
39044 argv[1]: simulator.DCRFLI.RF_GEN[0].RF.CORE.CORDIC_GEN[4].CORDIC.c[13]
39045 argv[2]: +all
39046 argv[3]: +trace_process
39047 *Verdi* ERROR: The #2 argument "simulator.DCRFLI.RF_GEN[0].RF.CORE.CORDIC_GEN[4].CORDIC.c[13]" is invalid
39048 *Verdi* ERROR: Failed to dump because the specified instance or option is not correct
39049 *Verdi* ERROR: Syntax - fsdbDumpvars [depth] [instance] [option]*
39050 sps_tcl_fsdbDumpflush_vd_main at 0 : N/A(0)
39051 *Verdi* : Flush all FSDB Files at 0 ps.
39052 sps_tcl_fsdbDumpvars_vd_main
39053 argv[0]: 0
39054 argv[1]: simulator.DCRFLI.RF_GEN[0].RF.CORE.CORDIC_GEN[5].CORDIC.c[13]
39055 argv[2]: +all
39056 argv[3]: +trace_process
39057 *Verdi* ERROR: The #2 argument "simulator.DCRFLI.RF_GEN[0].RF.CORE.CORDIC_GEN[5].CORDIC.c[13]" is invalid
39058 *Verdi* ERROR: Failed to dump because the specified instance or option is not correct
39059 *Verdi* ERROR: Syntax - fsdbDumpvars [depth] [instance] [option]*
39060 sps_tcl_fsdbDumpflush_vd_main at 0 : N/A(0)
39061 *Verdi* : Flush all FSDB Files at 0 ps.
39062 sps_tcl_fsdbDumpvars_vd_main
39063 argv[0]: 0
39064 argv[1]: simulator.DCRFLI.RF_GEN[0].RF.CORE.CORDIC_GEN[6].CORDIC.c[13]
39065 argv[2]: +all
39066 argv[3]: +trace_process
39067 *Verdi* ERROR: The #2 argument "simulator.DCRFLI.RF_GEN[0].RF.CORE.CORDIC_GEN[6].CORDIC.c[13]" is invalid
39068 *Verdi* ERROR: Failed to dump because the specified instance or option is not correct
39069 *Verdi* ERROR: Syntax - fsdbDumpvars [depth] [instance] [option]*
39070 sps_tcl_fsdbDumpflush_vd_main at 0 : N/A(0)
39071 *Verdi* : Flush all FSDB Files at 0 ps.
39072 sps_tcl_fsdbDumpvars_vd_main
39073 argv[0]: 0
39074 argv[1]: simulator.DCRFLI.RF_GEN[0].RF.CORE.CORDIC_GEN[7].CORDIC.c[13]
39075 argv[2]: +all
39076 argv[3]: +trace_process
39077 *Verdi* ERROR: The #2 argument "simulator.DCRFLI.RF_GEN[0].RF.CORE.CORDIC_GEN[7].CORDIC.c[13]" is invalid
39078 *Verdi* ERROR: Failed to dump because the specified instance or option is not correct
39079 *Verdi* ERROR: Syntax - fsdbDumpvars [depth] [instance] [option]*
39080 sps_tcl_fsdbDumpflush_vd_main at 0 : N/A(0)
39081 *Verdi* : Flush all FSDB Files at 0 ps.
39082 sps_tcl_fsdbDumpvars_vd_main
39083 argv[0]: 0
39084 argv[1]: simulator.DCRFLI.RF_GEN[0].RF.CORE.CORDIC_GEN[0].CORDIC.c[12]
39085 argv[2]: +all
39086 argv[3]: +trace_process
39087 *Verdi* ERROR: The #2 argument "simulator.DCRFLI.RF_GEN[0].RF.CORE.CORDIC_GEN[0].CORDIC.c[12]" is invalid
39088 *Verdi* ERROR: Failed to dump because the specified instance or option is not correct
39089 *Verdi* ERROR: Syntax - fsdbDumpvars [depth] [instance] [option]*
39090 sps_tcl_fsdbDumpflush_vd_main at 0 : N/A(0)
39091 *Verdi* : Flush all FSDB Files at 0 ps.
39092 sps_tcl_fsdbDumpvars_vd_main
39093 argv[0]: 0
39094 argv[1]: simulator.DCRFLI.RF_GEN[0].RF.CORE.CORDIC_GEN[1].CORDIC.c[12]
39095 argv[2]: +all
39096 argv[3]: +trace_process
39097 *Verdi* ERROR: The #2 argument "simulator.DCRFLI.RF_GEN[0].RF.CORE.CORDIC_GEN[1].CORDIC.c[12]" is invalid
39098 *Verdi* ERROR: Failed to dump because the specified instance or option is not correct
39099 *Verdi* ERROR: Syntax - fsdbDumpvars [depth] [instance] [option]*
39100 sps_tcl_fsdbDumpflush_vd_main at 0 : N/A(0)
39101 *Verdi* : Flush all FSDB Files at 0 ps.
39102 sps_tcl_fsdbDumpvars_vd_main
39103 argv[0]: 0
39104 argv[1]: simulator.DCRFLI.RF_GEN[0].RF.CORE.CORDIC_GEN[2].CORDIC.c[12]
39105 argv[2]: +all
39106 argv[3]: +trace_process
39107 *Verdi* ERROR: The #2 argument "simulator.DCRFLI.RF_GEN[0].RF.CORE.CORDIC_GEN[2].CORDIC.c[12]" is invalid
39108 *Verdi* ERROR: Failed to dump because the specified instance or option is not correct
39109 *Verdi* ERROR: Syntax - fsdbDumpvars [depth] [instance] [option]*
39110 sps_tcl_fsdbDumpflush_vd_main at 0 : N/A(0)
39111 *Verdi* : Flush all FSDB Files at 0 ps.
39112 sps_tcl_fsdbDumpvars_vd_main
39113 argv[0]: 0
39114 argv[1]: simulator.DCRFLI.RF_GEN[0].RF.CORE.CORDIC_GEN[3].CORDIC.c[12]
39115 argv[2]: +all
39116 argv[3]: +trace_process
39117 *Verdi* ERROR: The #2 argument "simulator.DCRFLI.RF_GEN[0].RF.CORE.CORDIC_GEN[3].CORDIC.c[12]" is invalid
39118 *Verdi* ERROR: Failed to dump because the specified instance or option is not correct
39119 *Verdi* ERROR: Syntax - fsdbDumpvars [depth] [instance] [option]*
39120 sps_tcl_fsdbDumpflush_vd_main at 0 : N/A(0)
39121 *Verdi* : Flush all FSDB Files at 0 ps.
39122 sps_tcl_fsdbDumpvars_vd_main
39123 argv[0]: 0
39124 argv[1]: simulator.DCRFLI.RF_GEN[0].RF.CORE.CORDIC_GEN[4].CORDIC.c[12]
39125 argv[2]: +all
39126 argv[3]: +trace_process
39127 *Verdi* ERROR: The #2 argument "simulator.DCRFLI.RF_GEN[0].RF.CORE.CORDIC_GEN[4].CORDIC.c[12]" is invalid
39128 *Verdi* ERROR: Failed to dump because the specified instance or option is not correct
39129 *Verdi* ERROR: Syntax - fsdbDumpvars [depth] [instance] [option]*
39130 sps_tcl_fsdbDumpflush_vd_main at 0 : N/A(0)
39131 *Verdi* : Flush all FSDB Files at 0 ps.
39132 sps_tcl_fsdbDumpvars_vd_main
39133 argv[0]: 0
39134 argv[1]: simulator.DCRFLI.RF_GEN[0].RF.CORE.CORDIC_GEN[5].CORDIC.c[12]
39135 argv[2]: +all
39136 argv[3]: +trace_process
39137 *Verdi* ERROR: The #2 argument "simulator.DCRFLI.RF_GEN[0].RF.CORE.CORDIC_GEN[5].CORDIC.c[12]" is invalid
39138 *Verdi* ERROR: Failed to dump because the specified instance or option is not correct
39139 *Verdi* ERROR: Syntax - fsdbDumpvars [depth] [instance] [option]*
39140 sps_tcl_fsdbDumpflush_vd_main at 0 : N/A(0)
39141 *Verdi* : Flush all FSDB Files at 0 ps.
39142 sps_tcl_fsdbDumpvars_vd_main
39143 argv[0]: 0
39144 argv[1]: simulator.DCRFLI.RF_GEN[0].RF.CORE.CORDIC_GEN[6].CORDIC.c[12]
39145 argv[2]: +all
39146 argv[3]: +trace_process
39147 *Verdi* ERROR: The #2 argument "simulator.DCRFLI.RF_GEN[0].RF.CORE.CORDIC_GEN[6].CORDIC.c[12]" is invalid
39148 *Verdi* ERROR: Failed to dump because the specified instance or option is not correct
39149 *Verdi* ERROR: Syntax - fsdbDumpvars [depth] [instance] [option]*
39150 sps_tcl_fsdbDumpflush_vd_main at 0 : N/A(0)
39151 *Verdi* : Flush all FSDB Files at 0 ps.
39152 sps_tcl_fsdbDumpvars_vd_main
39153 argv[0]: 0
39154 argv[1]: simulator.DCRFLI.RF_GEN[0].RF.CORE.CORDIC_GEN[7].CORDIC.c[12]
39155 argv[2]: +all
39156 argv[3]: +trace_process
39157 *Verdi* ERROR: The #2 argument "simulator.DCRFLI.RF_GEN[0].RF.CORE.CORDIC_GEN[7].CORDIC.c[12]" is invalid
39158 *Verdi* ERROR: Failed to dump because the specified instance or option is not correct
39159 *Verdi* ERROR: Syntax - fsdbDumpvars [depth] [instance] [option]*
39160 sps_tcl_fsdbDumpflush_vd_main at 0 : N/A(0)
39161 *Verdi* : Flush all FSDB Files at 0 ps.
39162 sps_tcl_fsdbDumpvars_vd_main
39163 argv[0]: 0
39164 argv[1]: simulator.DCRFLI.RF_GEN[0].RF.CORE.CORDIC_GEN[0].CORDIC.c[11]
39165 argv[2]: +all
39166 argv[3]: +trace_process
39167 *Verdi* ERROR: The #2 argument "simulator.DCRFLI.RF_GEN[0].RF.CORE.CORDIC_GEN[0].CORDIC.c[11]" is invalid
39168 *Verdi* ERROR: Failed to dump because the specified instance or option is not correct
39169 *Verdi* ERROR: Syntax - fsdbDumpvars [depth] [instance] [option]*
39170 sps_tcl_fsdbDumpflush_vd_main at 0 : N/A(0)
39171 *Verdi* : Flush all FSDB Files at 0 ps.
39172 sps_tcl_fsdbDumpvars_vd_main
39173 argv[0]: 0
39174 argv[1]: simulator.DCRFLI.RF_GEN[0].RF.CORE.CORDIC_GEN[1].CORDIC.c[11]
39175 argv[2]: +all
39176 argv[3]: +trace_process
39177 *Verdi* ERROR: The #2 argument "simulator.DCRFLI.RF_GEN[0].RF.CORE.CORDIC_GEN[1].CORDIC.c[11]" is invalid
39178 *Verdi* ERROR: Failed to dump because the specified instance or option is not correct
39179 *Verdi* ERROR: Syntax - fsdbDumpvars [depth] [instance] [option]*
39180 sps_tcl_fsdbDumpflush_vd_main at 0 : N/A(0)
39181 *Verdi* : Flush all FSDB Files at 0 ps.
39182 sps_tcl_fsdbDumpvars_vd_main
39183 argv[0]: 0
39184 argv[1]: simulator.DCRFLI.RF_GEN[0].RF.CORE.CORDIC_GEN[2].CORDIC.c[11]
39185 argv[2]: +all
39186 argv[3]: +trace_process
39187 *Verdi* ERROR: The #2 argument "simulator.DCRFLI.RF_GEN[0].RF.CORE.CORDIC_GEN[2].CORDIC.c[11]" is invalid
39188 *Verdi* ERROR: Failed to dump because the specified instance or option is not correct
39189 *Verdi* ERROR: Syntax - fsdbDumpvars [depth] [instance] [option]*
39190 sps_tcl_fsdbDumpflush_vd_main at 0 : N/A(0)
39191 *Verdi* : Flush all FSDB Files at 0 ps.
39192 sps_tcl_fsdbDumpvars_vd_main
39193 argv[0]: 0
39194 argv[1]: simulator.DCRFLI.RF_GEN[0].RF.CORE.CORDIC_GEN[3].CORDIC.c[11]
39195 argv[2]: +all
39196 argv[3]: +trace_process
39197 *Verdi* ERROR: The #2 argument "simulator.DCRFLI.RF_GEN[0].RF.CORE.CORDIC_GEN[3].CORDIC.c[11]" is invalid
39198 *Verdi* ERROR: Failed to dump because the specified instance or option is not correct
39199 *Verdi* ERROR: Syntax - fsdbDumpvars [depth] [instance] [option]*
39200 sps_tcl_fsdbDumpflush_vd_main at 0 : N/A(0)
39201 *Verdi* : Flush all FSDB Files at 0 ps.
39202 sps_tcl_fsdbDumpvars_vd_main
39203 argv[0]: 0
39204 argv[1]: simulator.DCRFLI.RF_GEN[0].RF.CORE.CORDIC_GEN[4].CORDIC.c[11]
39205 argv[2]: +all
39206 argv[3]: +trace_process
39207 *Verdi* ERROR: The #2 argument "simulator.DCRFLI.RF_GEN[0].RF.CORE.CORDIC_GEN[4].CORDIC.c[11]" is invalid
39208 *Verdi* ERROR: Failed to dump because the specified instance or option is not correct
39209 *Verdi* ERROR: Syntax - fsdbDumpvars [depth] [instance] [option]*
39210 sps_tcl_fsdbDumpflush_vd_main at 0 : N/A(0)
39211 *Verdi* : Flush all FSDB Files at 0 ps.
39212 sps_tcl_fsdbDumpvars_vd_main
39213 argv[0]: 0
39214 argv[1]: simulator.DCRFLI.RF_GEN[0].RF.CORE.CORDIC_GEN[5].CORDIC.c[11]
39215 argv[2]: +all
39216 argv[3]: +trace_process
39217 *Verdi* ERROR: The #2 argument "simulator.DCRFLI.RF_GEN[0].RF.CORE.CORDIC_GEN[5].CORDIC.c[11]" is invalid
39218 *Verdi* ERROR: Failed to dump because the specified instance or option is not correct
39219 *Verdi* ERROR: Syntax - fsdbDumpvars [depth] [instance] [option]*
39220 sps_tcl_fsdbDumpflush_vd_main at 0 : N/A(0)
39221 *Verdi* : Flush all FSDB Files at 0 ps.
39222 sps_tcl_fsdbDumpvars_vd_main
39223 argv[0]: 0
39224 argv[1]: simulator.DCRFLI.RF_GEN[0].RF.CORE.CORDIC_GEN[6].CORDIC.c[11]
39225 argv[2]: +all
39226 argv[3]: +trace_process
39227 *Verdi* ERROR: The #2 argument "simulator.DCRFLI.RF_GEN[0].RF.CORE.CORDIC_GEN[6].CORDIC.c[11]" is invalid
39228 *Verdi* ERROR: Failed to dump because the specified instance or option is not correct
39229 *Verdi* ERROR: Syntax - fsdbDumpvars [depth] [instance] [option]*
39230 sps_tcl_fsdbDumpflush_vd_main at 0 : N/A(0)
39231 *Verdi* : Flush all FSDB Files at 0 ps.
39232 sps_tcl_fsdbDumpvars_vd_main
39233 argv[0]: 0
39234 argv[1]: simulator.DCRFLI.RF_GEN[0].RF.CORE.CORDIC_GEN[7].CORDIC.c[11]
39235 argv[2]: +all
39236 argv[3]: +trace_process
39237 *Verdi* ERROR: The #2 argument "simulator.DCRFLI.RF_GEN[0].RF.CORE.CORDIC_GEN[7].CORDIC.c[11]" is invalid
39238 *Verdi* ERROR: Failed to dump because the specified instance or option is not correct
39239 *Verdi* ERROR: Syntax - fsdbDumpvars [depth] [instance] [option]*
39240 sps_tcl_fsdbDumpflush_vd_main at 0 : N/A(0)
39241 *Verdi* : Flush all FSDB Files at 0 ps.
39242 sps_tcl_fsdbDumpvars_vd_main
39243 argv[0]: 0
39244 argv[1]: simulator.DCRFLI.RF_GEN[0].RF.CORE.CORDIC_GEN[0].CORDIC.c[10]
39245 argv[2]: +all
39246 argv[3]: +trace_process
39247 *Verdi* ERROR: The #2 argument "simulator.DCRFLI.RF_GEN[0].RF.CORE.CORDIC_GEN[0].CORDIC.c[10]" is invalid
39248 *Verdi* ERROR: Failed to dump because the specified instance or option is not correct
39249 *Verdi* ERROR: Syntax - fsdbDumpvars [depth] [instance] [option]*
39250 sps_tcl_fsdbDumpflush_vd_main at 0 : N/A(0)
39251 *Verdi* : Flush all FSDB Files at 0 ps.
39252 sps_tcl_fsdbDumpvars_vd_main
39253 argv[0]: 0
39254 argv[1]: simulator.DCRFLI.RF_GEN[0].RF.CORE.CORDIC_GEN[1].CORDIC.c[10]
39255 argv[2]: +all
39256 argv[3]: +trace_process
39257 *Verdi* ERROR: The #2 argument "simulator.DCRFLI.RF_GEN[0].RF.CORE.CORDIC_GEN[1].CORDIC.c[10]" is invalid
39258 *Verdi* ERROR: Failed to dump because the specified instance or option is not correct
39259 *Verdi* ERROR: Syntax - fsdbDumpvars [depth] [instance] [option]*
39260 sps_tcl_fsdbDumpflush_vd_main at 0 : N/A(0)
39261 *Verdi* : Flush all FSDB Files at 0 ps.
39262 sps_tcl_fsdbDumpvars_vd_main
39263 argv[0]: 0
39264 argv[1]: simulator.DCRFLI.RF_GEN[0].RF.CORE.CORDIC_GEN[2].CORDIC.c[10]
39265 argv[2]: +all
39266 argv[3]: +trace_process
39267 *Verdi* ERROR: The #2 argument "simulator.DCRFLI.RF_GEN[0].RF.CORE.CORDIC_GEN[2].CORDIC.c[10]" is invalid
39268 *Verdi* ERROR: Failed to dump because the specified instance or option is not correct
39269 *Verdi* ERROR: Syntax - fsdbDumpvars [depth] [instance] [option]*
39270 sps_tcl_fsdbDumpflush_vd_main at 0 : N/A(0)
39271 *Verdi* : Flush all FSDB Files at 0 ps.
39272 sps_tcl_fsdbDumpvars_vd_main
39273 argv[0]: 0
39274 argv[1]: simulator.DCRFLI.RF_GEN[0].RF.CORE.CORDIC_GEN[3].CORDIC.c[10]
39275 argv[2]: +all
39276 argv[3]: +trace_process
39277 *Verdi* ERROR: The #2 argument "simulator.DCRFLI.RF_GEN[0].RF.CORE.CORDIC_GEN[3].CORDIC.c[10]" is invalid
39278 *Verdi* ERROR: Failed to dump because the specified instance or option is not correct
39279 *Verdi* ERROR: Syntax - fsdbDumpvars [depth] [instance] [option]*
39280 sps_tcl_fsdbDumpflush_vd_main at 0 : N/A(0)
39281 *Verdi* : Flush all FSDB Files at 0 ps.
39282 sps_tcl_fsdbDumpvars_vd_main
39283 argv[0]: 0
39284 argv[1]: simulator.DCRFLI.RF_GEN[0].RF.CORE.CORDIC_GEN[4].CORDIC.c[10]
39285 argv[2]: +all
39286 argv[3]: +trace_process
39287 *Verdi* ERROR: The #2 argument "simulator.DCRFLI.RF_GEN[0].RF.CORE.CORDIC_GEN[4].CORDIC.c[10]" is invalid
39288 *Verdi* ERROR: Failed to dump because the specified instance or option is not correct
39289 *Verdi* ERROR: Syntax - fsdbDumpvars [depth] [instance] [option]*
39290 sps_tcl_fsdbDumpflush_vd_main at 0 : N/A(0)
39291 *Verdi* : Flush all FSDB Files at 0 ps.
39292 sps_tcl_fsdbDumpvars_vd_main
39293 argv[0]: 0
39294 argv[1]: simulator.DCRFLI.RF_GEN[0].RF.CORE.CORDIC_GEN[5].CORDIC.c[10]
39295 argv[2]: +all
39296 argv[3]: +trace_process
39297 *Verdi* ERROR: The #2 argument "simulator.DCRFLI.RF_GEN[0].RF.CORE.CORDIC_GEN[5].CORDIC.c[10]" is invalid
39298 *Verdi* ERROR: Failed to dump because the specified instance or option is not correct
39299 *Verdi* ERROR: Syntax - fsdbDumpvars [depth] [instance] [option]*
39300 sps_tcl_fsdbDumpflush_vd_main at 0 : N/A(0)
39301 *Verdi* : Flush all FSDB Files at 0 ps.
39302 sps_tcl_fsdbDumpvars_vd_main
39303 argv[0]: 0
39304 argv[1]: simulator.DCRFLI.RF_GEN[0].RF.CORE.CORDIC_GEN[6].CORDIC.c[10]
39305 argv[2]: +all
39306 argv[3]: +trace_process
39307 *Verdi* ERROR: The #2 argument "simulator.DCRFLI.RF_GEN[0].RF.CORE.CORDIC_GEN[6].CORDIC.c[10]" is invalid
39308 *Verdi* ERROR: Failed to dump because the specified instance or option is not correct
39309 *Verdi* ERROR: Syntax - fsdbDumpvars [depth] [instance] [option]*
39310 sps_tcl_fsdbDumpflush_vd_main at 0 : N/A(0)
39311 *Verdi* : Flush all FSDB Files at 0 ps.
39312 sps_tcl_fsdbDumpvars_vd_main
39313 argv[0]: 0
39314 argv[1]: simulator.DCRFLI.RF_GEN[0].RF.CORE.CORDIC_GEN[7].CORDIC.c[10]
39315 argv[2]: +all
39316 argv[3]: +trace_process
39317 *Verdi* ERROR: The #2 argument "simulator.DCRFLI.RF_GEN[0].RF.CORE.CORDIC_GEN[7].CORDIC.c[10]" is invalid
39318 *Verdi* ERROR: Failed to dump because the specified instance or option is not correct
39319 *Verdi* ERROR: Syntax - fsdbDumpvars [depth] [instance] [option]*
39320 sps_tcl_fsdbDumpflush_vd_main at 0 : N/A(0)
39321 *Verdi* : Flush all FSDB Files at 0 ps.
39322 sps_tcl_fsdbDumpvars_vd_main
39323 argv[0]: 0
39324 argv[1]: simulator.DCRFLI.RF_GEN[0].RF.CORE.CORDIC_GEN[0].CORDIC.c[9]
39325 argv[2]: +all
39326 argv[3]: +trace_process
39327 *Verdi* ERROR: The #2 argument "simulator.DCRFLI.RF_GEN[0].RF.CORE.CORDIC_GEN[0].CORDIC.c[9]" is invalid
39328 *Verdi* ERROR: Failed to dump because the specified instance or option is not correct
39329 *Verdi* ERROR: Syntax - fsdbDumpvars [depth] [instance] [option]*
39330 sps_tcl_fsdbDumpflush_vd_main at 0 : N/A(0)
39331 *Verdi* : Flush all FSDB Files at 0 ps.
39332 sps_tcl_fsdbDumpvars_vd_main
39333 argv[0]: 0
39334 argv[1]: simulator.DCRFLI.RF_GEN[0].RF.CORE.CORDIC_GEN[1].CORDIC.c[9]
39335 argv[2]: +all
39336 argv[3]: +trace_process
39337 *Verdi* ERROR: The #2 argument "simulator.DCRFLI.RF_GEN[0].RF.CORE.CORDIC_GEN[1].CORDIC.c[9]" is invalid
39338 *Verdi* ERROR: Failed to dump because the specified instance or option is not correct
39339 *Verdi* ERROR: Syntax - fsdbDumpvars [depth] [instance] [option]*
39340 sps_tcl_fsdbDumpflush_vd_main at 0 : N/A(0)
39341 *Verdi* : Flush all FSDB Files at 0 ps.
39342 sps_tcl_fsdbDumpvars_vd_main
39343 argv[0]: 0
39344 argv[1]: simulator.DCRFLI.RF_GEN[0].RF.CORE.CORDIC_GEN[2].CORDIC.c[9]
39345 argv[2]: +all
39346 argv[3]: +trace_process
39347 *Verdi* ERROR: The #2 argument "simulator.DCRFLI.RF_GEN[0].RF.CORE.CORDIC_GEN[2].CORDIC.c[9]" is invalid
39348 *Verdi* ERROR: Failed to dump because the specified instance or option is not correct
39349 *Verdi* ERROR: Syntax - fsdbDumpvars [depth] [instance] [option]*
39350 sps_tcl_fsdbDumpflush_vd_main at 0 : N/A(0)
39351 *Verdi* : Flush all FSDB Files at 0 ps.
39352 sps_tcl_fsdbDumpvars_vd_main
39353 argv[0]: 0
39354 argv[1]: simulator.DCRFLI.RF_GEN[0].RF.CORE.CORDIC_GEN[3].CORDIC.c[9]
39355 argv[2]: +all
39356 argv[3]: +trace_process
39357 *Verdi* ERROR: The #2 argument "simulator.DCRFLI.RF_GEN[0].RF.CORE.CORDIC_GEN[3].CORDIC.c[9]" is invalid
39358 *Verdi* ERROR: Failed to dump because the specified instance or option is not correct
39359 *Verdi* ERROR: Syntax - fsdbDumpvars [depth] [instance] [option]*
39360 sps_tcl_fsdbDumpflush_vd_main at 0 : N/A(0)
39361 *Verdi* : Flush all FSDB Files at 0 ps.
39362 sps_tcl_fsdbDumpvars_vd_main
39363 argv[0]: 0
39364 argv[1]: simulator.DCRFLI.RF_GEN[0].RF.CORE.CORDIC_GEN[4].CORDIC.c[9]
39365 argv[2]: +all
39366 argv[3]: +trace_process
39367 *Verdi* ERROR: The #2 argument "simulator.DCRFLI.RF_GEN[0].RF.CORE.CORDIC_GEN[4].CORDIC.c[9]" is invalid
39368 *Verdi* ERROR: Failed to dump because the specified instance or option is not correct
39369 *Verdi* ERROR: Syntax - fsdbDumpvars [depth] [instance] [option]*
39370 sps_tcl_fsdbDumpflush_vd_main at 0 : N/A(0)
39371 *Verdi* : Flush all FSDB Files at 0 ps.
39372 sps_tcl_fsdbDumpvars_vd_main
39373 argv[0]: 0
39374 argv[1]: simulator.DCRFLI.RF_GEN[0].RF.CORE.CORDIC_GEN[5].CORDIC.c[9]
39375 argv[2]: +all
39376 argv[3]: +trace_process
39377 *Verdi* ERROR: The #2 argument "simulator.DCRFLI.RF_GEN[0].RF.CORE.CORDIC_GEN[5].CORDIC.c[9]" is invalid
39378 *Verdi* ERROR: Failed to dump because the specified instance or option is not correct
39379 *Verdi* ERROR: Syntax - fsdbDumpvars [depth] [instance] [option]*
39380 sps_tcl_fsdbDumpflush_vd_main at 0 : N/A(0)
39381 *Verdi* : Flush all FSDB Files at 0 ps.
39382 sps_tcl_fsdbDumpvars_vd_main
39383 argv[0]: 0
39384 argv[1]: simulator.DCRFLI.RF_GEN[0].RF.CORE.CORDIC_GEN[6].CORDIC.c[9]
39385 argv[2]: +all
39386 argv[3]: +trace_process
39387 *Verdi* ERROR: The #2 argument "simulator.DCRFLI.RF_GEN[0].RF.CORE.CORDIC_GEN[6].CORDIC.c[9]" is invalid
39388 *Verdi* ERROR: Failed to dump because the specified instance or option is not correct
39389 *Verdi* ERROR: Syntax - fsdbDumpvars [depth] [instance] [option]*
39390 sps_tcl_fsdbDumpflush_vd_main at 0 : N/A(0)
39391 *Verdi* : Flush all FSDB Files at 0 ps.
39392 sps_tcl_fsdbDumpvars_vd_main
39393 argv[0]: 0
39394 argv[1]: simulator.DCRFLI.RF_GEN[0].RF.CORE.CORDIC_GEN[7].CORDIC.c[9]
39395 argv[2]: +all
39396 argv[3]: +trace_process
39397 *Verdi* ERROR: The #2 argument "simulator.DCRFLI.RF_GEN[0].RF.CORE.CORDIC_GEN[7].CORDIC.c[9]" is invalid
39398 *Verdi* ERROR: Failed to dump because the specified instance or option is not correct
39399 *Verdi* ERROR: Syntax - fsdbDumpvars [depth] [instance] [option]*
39400 sps_tcl_fsdbDumpflush_vd_main at 0 : N/A(0)
39401 *Verdi* : Flush all FSDB Files at 0 ps.
39402 sps_tcl_fsdbDumpvars_vd_main
39403 argv[0]: 0
39404 argv[1]: simulator.DCRFLI.RF_GEN[0].RF.CORE.CORDIC_GEN[0].CORDIC.c[8]
39405 argv[2]: +all
39406 argv[3]: +trace_process
39407 *Verdi* ERROR: The #2 argument "simulator.DCRFLI.RF_GEN[0].RF.CORE.CORDIC_GEN[0].CORDIC.c[8]" is invalid
39408 *Verdi* ERROR: Failed to dump because the specified instance or option is not correct
39409 *Verdi* ERROR: Syntax - fsdbDumpvars [depth] [instance] [option]*
39410 sps_tcl_fsdbDumpflush_vd_main at 0 : N/A(0)
39411 *Verdi* : Flush all FSDB Files at 0 ps.
39412 sps_tcl_fsdbDumpvars_vd_main
39413 argv[0]: 0
39414 argv[1]: simulator.DCRFLI.RF_GEN[0].RF.CORE.CORDIC_GEN[1].CORDIC.c[8]
39415 argv[2]: +all
39416 argv[3]: +trace_process
39417 *Verdi* ERROR: The #2 argument "simulator.DCRFLI.RF_GEN[0].RF.CORE.CORDIC_GEN[1].CORDIC.c[8]" is invalid
39418 *Verdi* ERROR: Failed to dump because the specified instance or option is not correct
39419 *Verdi* ERROR: Syntax - fsdbDumpvars [depth] [instance] [option]*
39420 sps_tcl_fsdbDumpflush_vd_main at 0 : N/A(0)
39421 *Verdi* : Flush all FSDB Files at 0 ps.
39422 sps_tcl_fsdbDumpvars_vd_main
39423 argv[0]: 0
39424 argv[1]: simulator.DCRFLI.RF_GEN[0].RF.CORE.CORDIC_GEN[2].CORDIC.c[8]
39425 argv[2]: +all
39426 argv[3]: +trace_process
39427 *Verdi* ERROR: The #2 argument "simulator.DCRFLI.RF_GEN[0].RF.CORE.CORDIC_GEN[2].CORDIC.c[8]" is invalid
39428 *Verdi* ERROR: Failed to dump because the specified instance or option is not correct
39429 *Verdi* ERROR: Syntax - fsdbDumpvars [depth] [instance] [option]*
39430 sps_tcl_fsdbDumpflush_vd_main at 0 : N/A(0)
39431 *Verdi* : Flush all FSDB Files at 0 ps.
39432 sps_tcl_fsdbDumpvars_vd_main
39433 argv[0]: 0
39434 argv[1]: simulator.DCRFLI.RF_GEN[0].RF.CORE.CORDIC_GEN[3].CORDIC.c[8]
39435 argv[2]: +all
39436 argv[3]: +trace_process
39437 *Verdi* ERROR: The #2 argument "simulator.DCRFLI.RF_GEN[0].RF.CORE.CORDIC_GEN[3].CORDIC.c[8]" is invalid
39438 *Verdi* ERROR: Failed to dump because the specified instance or option is not correct
39439 *Verdi* ERROR: Syntax - fsdbDumpvars [depth] [instance] [option]*
39440 sps_tcl_fsdbDumpflush_vd_main at 0 : N/A(0)
39441 *Verdi* : Flush all FSDB Files at 0 ps.
39442 sps_tcl_fsdbDumpvars_vd_main
39443 argv[0]: 0
39444 argv[1]: simulator.DCRFLI.RF_GEN[0].RF.CORE.CORDIC_GEN[4].CORDIC.c[8]
39445 argv[2]: +all
39446 argv[3]: +trace_process
39447 *Verdi* ERROR: The #2 argument "simulator.DCRFLI.RF_GEN[0].RF.CORE.CORDIC_GEN[4].CORDIC.c[8]" is invalid
39448 *Verdi* ERROR: Failed to dump because the specified instance or option is not correct
39449 *Verdi* ERROR: Syntax - fsdbDumpvars [depth] [instance] [option]*
39450 sps_tcl_fsdbDumpflush_vd_main at 0 : N/A(0)
39451 *Verdi* : Flush all FSDB Files at 0 ps.
39452 sps_tcl_fsdbDumpvars_vd_main
39453 argv[0]: 0
39454 argv[1]: simulator.DCRFLI.RF_GEN[0].RF.CORE.CORDIC_GEN[5].CORDIC.c[8]
39455 argv[2]: +all
39456 argv[3]: +trace_process
39457 *Verdi* ERROR: The #2 argument "simulator.DCRFLI.RF_GEN[0].RF.CORE.CORDIC_GEN[5].CORDIC.c[8]" is invalid
39458 *Verdi* ERROR: Failed to dump because the specified instance or option is not correct
39459 *Verdi* ERROR: Syntax - fsdbDumpvars [depth] [instance] [option]*
39460 sps_tcl_fsdbDumpflush_vd_main at 0 : N/A(0)
39461 *Verdi* : Flush all FSDB Files at 0 ps.
39462 sps_tcl_fsdbDumpvars_vd_main
39463 argv[0]: 0
39464 argv[1]: simulator.DCRFLI.RF_GEN[0].RF.CORE.CORDIC_GEN[6].CORDIC.c[8]
39465 argv[2]: +all
39466 argv[3]: +trace_process
39467 *Verdi* ERROR: The #2 argument "simulator.DCRFLI.RF_GEN[0].RF.CORE.CORDIC_GEN[6].CORDIC.c[8]" is invalid
39468 *Verdi* ERROR: Failed to dump because the specified instance or option is not correct
39469 *Verdi* ERROR: Syntax - fsdbDumpvars [depth] [instance] [option]*
39470 sps_tcl_fsdbDumpflush_vd_main at 0 : N/A(0)
39471 *Verdi* : Flush all FSDB Files at 0 ps.
39472 sps_tcl_fsdbDumpvars_vd_main
39473 argv[0]: 0
39474 argv[1]: simulator.DCRFLI.RF_GEN[0].RF.CORE.CORDIC_GEN[7].CORDIC.c[8]
39475 argv[2]: +all
39476 argv[3]: +trace_process
39477 *Verdi* ERROR: The #2 argument "simulator.DCRFLI.RF_GEN[0].RF.CORE.CORDIC_GEN[7].CORDIC.c[8]" is invalid
39478 *Verdi* ERROR: Failed to dump because the specified instance or option is not correct
39479 *Verdi* ERROR: Syntax - fsdbDumpvars [depth] [instance] [option]*
39480 sps_tcl_fsdbDumpflush_vd_main at 0 : N/A(0)
39481 *Verdi* : Flush all FSDB Files at 0 ps.
39482 sps_tcl_fsdbDumpvars_vd_main
39483 argv[0]: 0
39484 argv[1]: simulator.DCRFLI.RF_GEN[0].RF.CORE.CORDIC_GEN[0].CORDIC.c[7]
39485 argv[2]: +all
39486 argv[3]: +trace_process
39487 *Verdi* ERROR: The #2 argument "simulator.DCRFLI.RF_GEN[0].RF.CORE.CORDIC_GEN[0].CORDIC.c[7]" is invalid
39488 *Verdi* ERROR: Failed to dump because the specified instance or option is not correct
39489 *Verdi* ERROR: Syntax - fsdbDumpvars [depth] [instance] [option]*
39490 sps_tcl_fsdbDumpflush_vd_main at 0 : N/A(0)
39491 *Verdi* : Flush all FSDB Files at 0 ps.
39492 sps_tcl_fsdbDumpvars_vd_main
39493 argv[0]: 0
39494 argv[1]: simulator.DCRFLI.RF_GEN[0].RF.CORE.CORDIC_GEN[1].CORDIC.c[7]
39495 argv[2]: +all
39496 argv[3]: +trace_process
39497 *Verdi* ERROR: The #2 argument "simulator.DCRFLI.RF_GEN[0].RF.CORE.CORDIC_GEN[1].CORDIC.c[7]" is invalid
39498 *Verdi* ERROR: Failed to dump because the specified instance or option is not correct
39499 *Verdi* ERROR: Syntax - fsdbDumpvars [depth] [instance] [option]*
39500 sps_tcl_fsdbDumpflush_vd_main at 0 : N/A(0)
39501 *Verdi* : Flush all FSDB Files at 0 ps.
39502 sps_tcl_fsdbDumpvars_vd_main
39503 argv[0]: 0
39504 argv[1]: simulator.DCRFLI.RF_GEN[0].RF.CORE.CORDIC_GEN[2].CORDIC.c[7]
39505 argv[2]: +all
39506 argv[3]: +trace_process
39507 *Verdi* ERROR: The #2 argument "simulator.DCRFLI.RF_GEN[0].RF.CORE.CORDIC_GEN[2].CORDIC.c[7]" is invalid
39508 *Verdi* ERROR: Failed to dump because the specified instance or option is not correct
39509 *Verdi* ERROR: Syntax - fsdbDumpvars [depth] [instance] [option]*
39510 sps_tcl_fsdbDumpflush_vd_main at 0 : N/A(0)
39511 *Verdi* : Flush all FSDB Files at 0 ps.
39512 sps_tcl_fsdbDumpvars_vd_main
39513 argv[0]: 0
39514 argv[1]: simulator.DCRFLI.RF_GEN[0].RF.CORE.CORDIC_GEN[3].CORDIC.c[7]
39515 argv[2]: +all
39516 argv[3]: +trace_process
39517 *Verdi* ERROR: The #2 argument "simulator.DCRFLI.RF_GEN[0].RF.CORE.CORDIC_GEN[3].CORDIC.c[7]" is invalid
39518 *Verdi* ERROR: Failed to dump because the specified instance or option is not correct
39519 *Verdi* ERROR: Syntax - fsdbDumpvars [depth] [instance] [option]*
39520 sps_tcl_fsdbDumpflush_vd_main at 0 : N/A(0)
39521 *Verdi* : Flush all FSDB Files at 0 ps.
39522 sps_tcl_fsdbDumpvars_vd_main
39523 argv[0]: 0
39524 argv[1]: simulator.DCRFLI.RF_GEN[0].RF.CORE.CORDIC_GEN[4].CORDIC.c[7]
39525 argv[2]: +all
39526 argv[3]: +trace_process
39527 *Verdi* ERROR: The #2 argument "simulator.DCRFLI.RF_GEN[0].RF.CORE.CORDIC_GEN[4].CORDIC.c[7]" is invalid
39528 *Verdi* ERROR: Failed to dump because the specified instance or option is not correct
39529 *Verdi* ERROR: Syntax - fsdbDumpvars [depth] [instance] [option]*
39530 sps_tcl_fsdbDumpflush_vd_main at 0 : N/A(0)
39531 *Verdi* : Flush all FSDB Files at 0 ps.
39532 sps_tcl_fsdbDumpvars_vd_main
39533 argv[0]: 0
39534 argv[1]: simulator.DCRFLI.RF_GEN[0].RF.CORE.CORDIC_GEN[5].CORDIC.c[7]
39535 argv[2]: +all
39536 argv[3]: +trace_process
39537 *Verdi* ERROR: The #2 argument "simulator.DCRFLI.RF_GEN[0].RF.CORE.CORDIC_GEN[5].CORDIC.c[7]" is invalid
39538 *Verdi* ERROR: Failed to dump because the specified instance or option is not correct
39539 *Verdi* ERROR: Syntax - fsdbDumpvars [depth] [instance] [option]*
39540 sps_tcl_fsdbDumpflush_vd_main at 0 : N/A(0)
39541 *Verdi* : Flush all FSDB Files at 0 ps.
39542 sps_tcl_fsdbDumpvars_vd_main
39543 argv[0]: 0
39544 argv[1]: simulator.DCRFLI.RF_GEN[0].RF.CORE.CORDIC_GEN[6].CORDIC.c[7]
39545 argv[2]: +all
39546 argv[3]: +trace_process
39547 *Verdi* ERROR: The #2 argument "simulator.DCRFLI.RF_GEN[0].RF.CORE.CORDIC_GEN[6].CORDIC.c[7]" is invalid
39548 *Verdi* ERROR: Failed to dump because the specified instance or option is not correct
39549 *Verdi* ERROR: Syntax - fsdbDumpvars [depth] [instance] [option]*
39550 sps_tcl_fsdbDumpflush_vd_main at 0 : N/A(0)
39551 *Verdi* : Flush all FSDB Files at 0 ps.
39552 sps_tcl_fsdbDumpvars_vd_main
39553 argv[0]: 0
39554 argv[1]: simulator.DCRFLI.RF_GEN[0].RF.CORE.CORDIC_GEN[7].CORDIC.c[7]
39555 argv[2]: +all
39556 argv[3]: +trace_process
39557 *Verdi* ERROR: The #2 argument "simulator.DCRFLI.RF_GEN[0].RF.CORE.CORDIC_GEN[7].CORDIC.c[7]" is invalid
39558 *Verdi* ERROR: Failed to dump because the specified instance or option is not correct
39559 *Verdi* ERROR: Syntax - fsdbDumpvars [depth] [instance] [option]*
39560 sps_tcl_fsdbDumpflush_vd_main at 0 : N/A(0)
39561 *Verdi* : Flush all FSDB Files at 0 ps.
39562 sps_tcl_fsdbDumpvars_vd_main
39563 argv[0]: 0
39564 argv[1]: simulator.DCRFLI.RF_GEN[0].RF.CORE.CORDIC_GEN[0].CORDIC.c[6]
39565 argv[2]: +all
39566 argv[3]: +trace_process
39567 *Verdi* ERROR: The #2 argument "simulator.DCRFLI.RF_GEN[0].RF.CORE.CORDIC_GEN[0].CORDIC.c[6]" is invalid
39568 *Verdi* ERROR: Failed to dump because the specified instance or option is not correct
39569 *Verdi* ERROR: Syntax - fsdbDumpvars [depth] [instance] [option]*
39570 sps_tcl_fsdbDumpflush_vd_main at 0 : N/A(0)
39571 *Verdi* : Flush all FSDB Files at 0 ps.
39572 sps_tcl_fsdbDumpvars_vd_main
39573 argv[0]: 0
39574 argv[1]: simulator.DCRFLI.RF_GEN[0].RF.CORE.CORDIC_GEN[1].CORDIC.c[6]
39575 argv[2]: +all
39576 argv[3]: +trace_process
39577 *Verdi* ERROR: The #2 argument "simulator.DCRFLI.RF_GEN[0].RF.CORE.CORDIC_GEN[1].CORDIC.c[6]" is invalid
39578 *Verdi* ERROR: Failed to dump because the specified instance or option is not correct
39579 *Verdi* ERROR: Syntax - fsdbDumpvars [depth] [instance] [option]*
39580 sps_tcl_fsdbDumpflush_vd_main at 0 : N/A(0)
39581 *Verdi* : Flush all FSDB Files at 0 ps.
39582 sps_tcl_fsdbDumpvars_vd_main
39583 argv[0]: 0
39584 argv[1]: simulator.DCRFLI.RF_GEN[0].RF.CORE.CORDIC_GEN[2].CORDIC.c[6]
39585 argv[2]: +all
39586 argv[3]: +trace_process
39587 *Verdi* ERROR: The #2 argument "simulator.DCRFLI.RF_GEN[0].RF.CORE.CORDIC_GEN[2].CORDIC.c[6]" is invalid
39588 *Verdi* ERROR: Failed to dump because the specified instance or option is not correct
39589 *Verdi* ERROR: Syntax - fsdbDumpvars [depth] [instance] [option]*
39590 sps_tcl_fsdbDumpflush_vd_main at 0 : N/A(0)
39591 *Verdi* : Flush all FSDB Files at 0 ps.
39592 sps_tcl_fsdbDumpvars_vd_main
39593 argv[0]: 0
39594 argv[1]: simulator.DCRFLI.RF_GEN[0].RF.CORE.CORDIC_GEN[3].CORDIC.c[6]
39595 argv[2]: +all
39596 argv[3]: +trace_process
39597 *Verdi* ERROR: The #2 argument "simulator.DCRFLI.RF_GEN[0].RF.CORE.CORDIC_GEN[3].CORDIC.c[6]" is invalid
39598 *Verdi* ERROR: Failed to dump because the specified instance or option is not correct
39599 *Verdi* ERROR: Syntax - fsdbDumpvars [depth] [instance] [option]*
39600 sps_tcl_fsdbDumpflush_vd_main at 0 : N/A(0)
39601 *Verdi* : Flush all FSDB Files at 0 ps.
39602 sps_tcl_fsdbDumpvars_vd_main
39603 argv[0]: 0
39604 argv[1]: simulator.DCRFLI.RF_GEN[0].RF.CORE.CORDIC_GEN[4].CORDIC.c[6]
39605 argv[2]: +all
39606 argv[3]: +trace_process
39607 *Verdi* ERROR: The #2 argument "simulator.DCRFLI.RF_GEN[0].RF.CORE.CORDIC_GEN[4].CORDIC.c[6]" is invalid
39608 *Verdi* ERROR: Failed to dump because the specified instance or option is not correct
39609 *Verdi* ERROR: Syntax - fsdbDumpvars [depth] [instance] [option]*
39610 sps_tcl_fsdbDumpflush_vd_main at 0 : N/A(0)
39611 *Verdi* : Flush all FSDB Files at 0 ps.
39612 sps_tcl_fsdbDumpvars_vd_main
39613 argv[0]: 0
39614 argv[1]: simulator.DCRFLI.RF_GEN[0].RF.CORE.CORDIC_GEN[5].CORDIC.c[6]
39615 argv[2]: +all
39616 argv[3]: +trace_process
39617 *Verdi* ERROR: The #2 argument "simulator.DCRFLI.RF_GEN[0].RF.CORE.CORDIC_GEN[5].CORDIC.c[6]" is invalid
39618 *Verdi* ERROR: Failed to dump because the specified instance or option is not correct
39619 *Verdi* ERROR: Syntax - fsdbDumpvars [depth] [instance] [option]*
39620 sps_tcl_fsdbDumpflush_vd_main at 0 : N/A(0)
39621 *Verdi* : Flush all FSDB Files at 0 ps.
39622 sps_tcl_fsdbDumpvars_vd_main
39623 argv[0]: 0
39624 argv[1]: simulator.DCRFLI.RF_GEN[0].RF.CORE.CORDIC_GEN[6].CORDIC.c[6]
39625 argv[2]: +all
39626 argv[3]: +trace_process
39627 *Verdi* ERROR: The #2 argument "simulator.DCRFLI.RF_GEN[0].RF.CORE.CORDIC_GEN[6].CORDIC.c[6]" is invalid
39628 *Verdi* ERROR: Failed to dump because the specified instance or option is not correct
39629 *Verdi* ERROR: Syntax - fsdbDumpvars [depth] [instance] [option]*
39630 sps_tcl_fsdbDumpflush_vd_main at 0 : N/A(0)
39631 *Verdi* : Flush all FSDB Files at 0 ps.
39632 sps_tcl_fsdbDumpvars_vd_main
39633 argv[0]: 0
39634 argv[1]: simulator.DCRFLI.RF_GEN[0].RF.CORE.CORDIC_GEN[7].CORDIC.c[6]
39635 argv[2]: +all
39636 argv[3]: +trace_process
39637 *Verdi* ERROR: The #2 argument "simulator.DCRFLI.RF_GEN[0].RF.CORE.CORDIC_GEN[7].CORDIC.c[6]" is invalid
39638 *Verdi* ERROR: Failed to dump because the specified instance or option is not correct
39639 *Verdi* ERROR: Syntax - fsdbDumpvars [depth] [instance] [option]*
39640 sps_tcl_fsdbDumpflush_vd_main at 0 : N/A(0)
39641 *Verdi* : Flush all FSDB Files at 0 ps.
39642 sps_tcl_fsdbDumpvars_vd_main
39643 argv[0]: 0
39644 argv[1]: simulator.DCRFLI.RF_GEN[0].RF.CORE.CORDIC_GEN[0].CORDIC.c[5]
39645 argv[2]: +all
39646 argv[3]: +trace_process
39647 *Verdi* ERROR: The #2 argument "simulator.DCRFLI.RF_GEN[0].RF.CORE.CORDIC_GEN[0].CORDIC.c[5]" is invalid
39648 *Verdi* ERROR: Failed to dump because the specified instance or option is not correct
39649 *Verdi* ERROR: Syntax - fsdbDumpvars [depth] [instance] [option]*
39650 sps_tcl_fsdbDumpflush_vd_main at 0 : N/A(0)
39651 *Verdi* : Flush all FSDB Files at 0 ps.
39652 sps_tcl_fsdbDumpvars_vd_main
39653 argv[0]: 0
39654 argv[1]: simulator.DCRFLI.RF_GEN[0].RF.CORE.CORDIC_GEN[1].CORDIC.c[5]
39655 argv[2]: +all
39656 argv[3]: +trace_process
39657 *Verdi* ERROR: The #2 argument "simulator.DCRFLI.RF_GEN[0].RF.CORE.CORDIC_GEN[1].CORDIC.c[5]" is invalid
39658 *Verdi* ERROR: Failed to dump because the specified instance or option is not correct
39659 *Verdi* ERROR: Syntax - fsdbDumpvars [depth] [instance] [option]*
39660 sps_tcl_fsdbDumpflush_vd_main at 0 : N/A(0)
39661 *Verdi* : Flush all FSDB Files at 0 ps.
39662 sps_tcl_fsdbDumpvars_vd_main
39663 argv[0]: 0
39664 argv[1]: simulator.DCRFLI.RF_GEN[0].RF.CORE.CORDIC_GEN[2].CORDIC.c[5]
39665 argv[2]: +all
39666 argv[3]: +trace_process
39667 *Verdi* ERROR: The #2 argument "simulator.DCRFLI.RF_GEN[0].RF.CORE.CORDIC_GEN[2].CORDIC.c[5]" is invalid
39668 *Verdi* ERROR: Failed to dump because the specified instance or option is not correct
39669 *Verdi* ERROR: Syntax - fsdbDumpvars [depth] [instance] [option]*
39670 sps_tcl_fsdbDumpflush_vd_main at 0 : N/A(0)
39671 *Verdi* : Flush all FSDB Files at 0 ps.
39672 sps_tcl_fsdbDumpvars_vd_main
39673 argv[0]: 0
39674 argv[1]: simulator.DCRFLI.RF_GEN[0].RF.CORE.CORDIC_GEN[3].CORDIC.c[5]
39675 argv[2]: +all
39676 argv[3]: +trace_process
39677 *Verdi* ERROR: The #2 argument "simulator.DCRFLI.RF_GEN[0].RF.CORE.CORDIC_GEN[3].CORDIC.c[5]" is invalid
39678 *Verdi* ERROR: Failed to dump because the specified instance or option is not correct
39679 *Verdi* ERROR: Syntax - fsdbDumpvars [depth] [instance] [option]*
39680 sps_tcl_fsdbDumpflush_vd_main at 0 : N/A(0)
39681 *Verdi* : Flush all FSDB Files at 0 ps.
39682 sps_tcl_fsdbDumpvars_vd_main
39683 argv[0]: 0
39684 argv[1]: simulator.DCRFLI.RF_GEN[0].RF.CORE.CORDIC_GEN[4].CORDIC.c[5]
39685 argv[2]: +all
39686 argv[3]: +trace_process
39687 *Verdi* ERROR: The #2 argument "simulator.DCRFLI.RF_GEN[0].RF.CORE.CORDIC_GEN[4].CORDIC.c[5]" is invalid
39688 *Verdi* ERROR: Failed to dump because the specified instance or option is not correct
39689 *Verdi* ERROR: Syntax - fsdbDumpvars [depth] [instance] [option]*
39690 sps_tcl_fsdbDumpflush_vd_main at 0 : N/A(0)
39691 *Verdi* : Flush all FSDB Files at 0 ps.
39692 sps_tcl_fsdbDumpvars_vd_main
39693 argv[0]: 0
39694 argv[1]: simulator.DCRFLI.RF_GEN[0].RF.CORE.CORDIC_GEN[5].CORDIC.c[5]
39695 argv[2]: +all
39696 argv[3]: +trace_process
39697 *Verdi* ERROR: The #2 argument "simulator.DCRFLI.RF_GEN[0].RF.CORE.CORDIC_GEN[5].CORDIC.c[5]" is invalid
39698 *Verdi* ERROR: Failed to dump because the specified instance or option is not correct
39699 *Verdi* ERROR: Syntax - fsdbDumpvars [depth] [instance] [option]*
39700 sps_tcl_fsdbDumpflush_vd_main at 0 : N/A(0)
39701 *Verdi* : Flush all FSDB Files at 0 ps.
39702 sps_tcl_fsdbDumpvars_vd_main
39703 argv[0]: 0
39704 argv[1]: simulator.DCRFLI.RF_GEN[0].RF.CORE.CORDIC_GEN[6].CORDIC.c[5]
39705 argv[2]: +all
39706 argv[3]: +trace_process
39707 *Verdi* ERROR: The #2 argument "simulator.DCRFLI.RF_GEN[0].RF.CORE.CORDIC_GEN[6].CORDIC.c[5]" is invalid
39708 *Verdi* ERROR: Failed to dump because the specified instance or option is not correct
39709 *Verdi* ERROR: Syntax - fsdbDumpvars [depth] [instance] [option]*
39710 sps_tcl_fsdbDumpflush_vd_main at 0 : N/A(0)
39711 *Verdi* : Flush all FSDB Files at 0 ps.
39712 sps_tcl_fsdbDumpvars_vd_main
39713 argv[0]: 0
39714 argv[1]: simulator.DCRFLI.RF_GEN[0].RF.CORE.CORDIC_GEN[7].CORDIC.c[5]
39715 argv[2]: +all
39716 argv[3]: +trace_process
39717 *Verdi* ERROR: The #2 argument "simulator.DCRFLI.RF_GEN[0].RF.CORE.CORDIC_GEN[7].CORDIC.c[5]" is invalid
39718 *Verdi* ERROR: Failed to dump because the specified instance or option is not correct
39719 *Verdi* ERROR: Syntax - fsdbDumpvars [depth] [instance] [option]*
39720 sps_tcl_fsdbDumpflush_vd_main at 0 : N/A(0)
39721 *Verdi* : Flush all FSDB Files at 0 ps.
39722 sps_tcl_fsdbDumpvars_vd_main
39723 argv[0]: 0
39724 argv[1]: simulator.DCRFLI.RF_GEN[0].RF.CORE.CORDIC_GEN[0].CORDIC.c[4]
39725 argv[2]: +all
39726 argv[3]: +trace_process
39727 *Verdi* ERROR: The #2 argument "simulator.DCRFLI.RF_GEN[0].RF.CORE.CORDIC_GEN[0].CORDIC.c[4]" is invalid
39728 *Verdi* ERROR: Failed to dump because the specified instance or option is not correct
39729 *Verdi* ERROR: Syntax - fsdbDumpvars [depth] [instance] [option]*
39730 sps_tcl_fsdbDumpflush_vd_main at 0 : N/A(0)
39731 *Verdi* : Flush all FSDB Files at 0 ps.
39732 sps_tcl_fsdbDumpvars_vd_main
39733 argv[0]: 0
39734 argv[1]: simulator.DCRFLI.RF_GEN[0].RF.CORE.CORDIC_GEN[1].CORDIC.c[4]
39735 argv[2]: +all
39736 argv[3]: +trace_process
39737 *Verdi* ERROR: The #2 argument "simulator.DCRFLI.RF_GEN[0].RF.CORE.CORDIC_GEN[1].CORDIC.c[4]" is invalid
39738 *Verdi* ERROR: Failed to dump because the specified instance or option is not correct
39739 *Verdi* ERROR: Syntax - fsdbDumpvars [depth] [instance] [option]*
39740 sps_tcl_fsdbDumpflush_vd_main at 0 : N/A(0)
39741 *Verdi* : Flush all FSDB Files at 0 ps.
39742 sps_tcl_fsdbDumpvars_vd_main
39743 argv[0]: 0
39744 argv[1]: simulator.DCRFLI.RF_GEN[0].RF.CORE.CORDIC_GEN[2].CORDIC.c[4]
39745 argv[2]: +all
39746 argv[3]: +trace_process
39747 *Verdi* ERROR: The #2 argument "simulator.DCRFLI.RF_GEN[0].RF.CORE.CORDIC_GEN[2].CORDIC.c[4]" is invalid
39748 *Verdi* ERROR: Failed to dump because the specified instance or option is not correct
39749 *Verdi* ERROR: Syntax - fsdbDumpvars [depth] [instance] [option]*
39750 sps_tcl_fsdbDumpflush_vd_main at 0 : N/A(0)
39751 *Verdi* : Flush all FSDB Files at 0 ps.
39752 sps_tcl_fsdbDumpvars_vd_main
39753 argv[0]: 0
39754 argv[1]: simulator.DCRFLI.RF_GEN[0].RF.CORE.CORDIC_GEN[3].CORDIC.c[4]
39755 argv[2]: +all
39756 argv[3]: +trace_process
39757 *Verdi* ERROR: The #2 argument "simulator.DCRFLI.RF_GEN[0].RF.CORE.CORDIC_GEN[3].CORDIC.c[4]" is invalid
39758 *Verdi* ERROR: Failed to dump because the specified instance or option is not correct
39759 *Verdi* ERROR: Syntax - fsdbDumpvars [depth] [instance] [option]*
39760 sps_tcl_fsdbDumpflush_vd_main at 0 : N/A(0)
39761 *Verdi* : Flush all FSDB Files at 0 ps.
39762 sps_tcl_fsdbDumpvars_vd_main
39763 argv[0]: 0
39764 argv[1]: simulator.DCRFLI.RF_GEN[0].RF.CORE.CORDIC_GEN[4].CORDIC.c[4]
39765 argv[2]: +all
39766 argv[3]: +trace_process
39767 *Verdi* ERROR: The #2 argument "simulator.DCRFLI.RF_GEN[0].RF.CORE.CORDIC_GEN[4].CORDIC.c[4]" is invalid
39768 *Verdi* ERROR: Failed to dump because the specified instance or option is not correct
39769 *Verdi* ERROR: Syntax - fsdbDumpvars [depth] [instance] [option]*
39770 sps_tcl_fsdbDumpflush_vd_main at 0 : N/A(0)
39771 *Verdi* : Flush all FSDB Files at 0 ps.
39772 sps_tcl_fsdbDumpvars_vd_main
39773 argv[0]: 0
39774 argv[1]: simulator.DCRFLI.RF_GEN[0].RF.CORE.CORDIC_GEN[5].CORDIC.c[4]
39775 argv[2]: +all
39776 argv[3]: +trace_process
39777 *Verdi* ERROR: The #2 argument "simulator.DCRFLI.RF_GEN[0].RF.CORE.CORDIC_GEN[5].CORDIC.c[4]" is invalid
39778 *Verdi* ERROR: Failed to dump because the specified instance or option is not correct
39779 *Verdi* ERROR: Syntax - fsdbDumpvars [depth] [instance] [option]*
39780 sps_tcl_fsdbDumpflush_vd_main at 0 : N/A(0)
39781 *Verdi* : Flush all FSDB Files at 0 ps.
39782 sps_tcl_fsdbDumpvars_vd_main
39783 argv[0]: 0
39784 argv[1]: simulator.DCRFLI.RF_GEN[0].RF.CORE.CORDIC_GEN[6].CORDIC.c[4]
39785 argv[2]: +all
39786 argv[3]: +trace_process
39787 *Verdi* ERROR: The #2 argument "simulator.DCRFLI.RF_GEN[0].RF.CORE.CORDIC_GEN[6].CORDIC.c[4]" is invalid
39788 *Verdi* ERROR: Failed to dump because the specified instance or option is not correct
39789 *Verdi* ERROR: Syntax - fsdbDumpvars [depth] [instance] [option]*
39790 sps_tcl_fsdbDumpflush_vd_main at 0 : N/A(0)
39791 *Verdi* : Flush all FSDB Files at 0 ps.
39792 sps_tcl_fsdbDumpvars_vd_main
39793 argv[0]: 0
39794 argv[1]: simulator.DCRFLI.RF_GEN[0].RF.CORE.CORDIC_GEN[7].CORDIC.c[4]
39795 argv[2]: +all
39796 argv[3]: +trace_process
39797 *Verdi* ERROR: The #2 argument "simulator.DCRFLI.RF_GEN[0].RF.CORE.CORDIC_GEN[7].CORDIC.c[4]" is invalid
39798 *Verdi* ERROR: Failed to dump because the specified instance or option is not correct
39799 *Verdi* ERROR: Syntax - fsdbDumpvars [depth] [instance] [option]*
39800 sps_tcl_fsdbDumpflush_vd_main at 0 : N/A(0)
39801 *Verdi* : Flush all FSDB Files at 0 ps.
39802 sps_tcl_fsdbDumpvars_vd_main
39803 argv[0]: 0
39804 argv[1]: simulator.DCRFLI.RF_GEN[0].RF.CORE.CORDIC_GEN[0].CORDIC.c[3]
39805 argv[2]: +all
39806 argv[3]: +trace_process
39807 *Verdi* ERROR: The #2 argument "simulator.DCRFLI.RF_GEN[0].RF.CORE.CORDIC_GEN[0].CORDIC.c[3]" is invalid
39808 *Verdi* ERROR: Failed to dump because the specified instance or option is not correct
39809 *Verdi* ERROR: Syntax - fsdbDumpvars [depth] [instance] [option]*
39810 sps_tcl_fsdbDumpflush_vd_main at 0 : N/A(0)
39811 *Verdi* : Flush all FSDB Files at 0 ps.
39812 sps_tcl_fsdbDumpvars_vd_main
39813 argv[0]: 0
39814 argv[1]: simulator.DCRFLI.RF_GEN[0].RF.CORE.CORDIC_GEN[1].CORDIC.c[3]
39815 argv[2]: +all
39816 argv[3]: +trace_process
39817 *Verdi* ERROR: The #2 argument "simulator.DCRFLI.RF_GEN[0].RF.CORE.CORDIC_GEN[1].CORDIC.c[3]" is invalid
39818 *Verdi* ERROR: Failed to dump because the specified instance or option is not correct
39819 *Verdi* ERROR: Syntax - fsdbDumpvars [depth] [instance] [option]*
39820 sps_tcl_fsdbDumpflush_vd_main at 0 : N/A(0)
39821 *Verdi* : Flush all FSDB Files at 0 ps.
39822 sps_tcl_fsdbDumpvars_vd_main
39823 argv[0]: 0
39824 argv[1]: simulator.DCRFLI.RF_GEN[0].RF.CORE.CORDIC_GEN[2].CORDIC.c[3]
39825 argv[2]: +all
39826 argv[3]: +trace_process
39827 *Verdi* ERROR: The #2 argument "simulator.DCRFLI.RF_GEN[0].RF.CORE.CORDIC_GEN[2].CORDIC.c[3]" is invalid
39828 *Verdi* ERROR: Failed to dump because the specified instance or option is not correct
39829 *Verdi* ERROR: Syntax - fsdbDumpvars [depth] [instance] [option]*
39830 sps_tcl_fsdbDumpflush_vd_main at 0 : N/A(0)
39831 *Verdi* : Flush all FSDB Files at 0 ps.
39832 sps_tcl_fsdbDumpvars_vd_main
39833 argv[0]: 0
39834 argv[1]: simulator.DCRFLI.RF_GEN[0].RF.CORE.CORDIC_GEN[3].CORDIC.c[3]
39835 argv[2]: +all
39836 argv[3]: +trace_process
39837 *Verdi* ERROR: The #2 argument "simulator.DCRFLI.RF_GEN[0].RF.CORE.CORDIC_GEN[3].CORDIC.c[3]" is invalid
39838 *Verdi* ERROR: Failed to dump because the specified instance or option is not correct
39839 *Verdi* ERROR: Syntax - fsdbDumpvars [depth] [instance] [option]*
39840 sps_tcl_fsdbDumpflush_vd_main at 0 : N/A(0)
39841 *Verdi* : Flush all FSDB Files at 0 ps.
39842 sps_tcl_fsdbDumpvars_vd_main
39843 argv[0]: 0
39844 argv[1]: simulator.DCRFLI.RF_GEN[0].RF.CORE.CORDIC_GEN[4].CORDIC.c[3]
39845 argv[2]: +all
39846 argv[3]: +trace_process
39847 *Verdi* ERROR: The #2 argument "simulator.DCRFLI.RF_GEN[0].RF.CORE.CORDIC_GEN[4].CORDIC.c[3]" is invalid
39848 *Verdi* ERROR: Failed to dump because the specified instance or option is not correct
39849 *Verdi* ERROR: Syntax - fsdbDumpvars [depth] [instance] [option]*
39850 sps_tcl_fsdbDumpflush_vd_main at 0 : N/A(0)
39851 *Verdi* : Flush all FSDB Files at 0 ps.
39852 sps_tcl_fsdbDumpvars_vd_main
39853 argv[0]: 0
39854 argv[1]: simulator.DCRFLI.RF_GEN[0].RF.CORE.CORDIC_GEN[5].CORDIC.c[3]
39855 argv[2]: +all
39856 argv[3]: +trace_process
39857 *Verdi* ERROR: The #2 argument "simulator.DCRFLI.RF_GEN[0].RF.CORE.CORDIC_GEN[5].CORDIC.c[3]" is invalid
39858 *Verdi* ERROR: Failed to dump because the specified instance or option is not correct
39859 *Verdi* ERROR: Syntax - fsdbDumpvars [depth] [instance] [option]*
39860 sps_tcl_fsdbDumpflush_vd_main at 0 : N/A(0)
39861 *Verdi* : Flush all FSDB Files at 0 ps.
39862 sps_tcl_fsdbDumpvars_vd_main
39863 argv[0]: 0
39864 argv[1]: simulator.DCRFLI.RF_GEN[0].RF.CORE.CORDIC_GEN[6].CORDIC.c[3]
39865 argv[2]: +all
39866 argv[3]: +trace_process
39867 *Verdi* ERROR: The #2 argument "simulator.DCRFLI.RF_GEN[0].RF.CORE.CORDIC_GEN[6].CORDIC.c[3]" is invalid
39868 *Verdi* ERROR: Failed to dump because the specified instance or option is not correct
39869 *Verdi* ERROR: Syntax - fsdbDumpvars [depth] [instance] [option]*
39870 sps_tcl_fsdbDumpflush_vd_main at 0 : N/A(0)
39871 *Verdi* : Flush all FSDB Files at 0 ps.
39872 sps_tcl_fsdbDumpvars_vd_main
39873 argv[0]: 0
39874 argv[1]: simulator.DCRFLI.RF_GEN[0].RF.CORE.CORDIC_GEN[7].CORDIC.c[3]
39875 argv[2]: +all
39876 argv[3]: +trace_process
39877 *Verdi* ERROR: The #2 argument "simulator.DCRFLI.RF_GEN[0].RF.CORE.CORDIC_GEN[7].CORDIC.c[3]" is invalid
39878 *Verdi* ERROR: Failed to dump because the specified instance or option is not correct
39879 *Verdi* ERROR: Syntax - fsdbDumpvars [depth] [instance] [option]*
39880 sps_tcl_fsdbDumpflush_vd_main at 0 : N/A(0)
39881 *Verdi* : Flush all FSDB Files at 0 ps.
39882 sps_tcl_fsdbDumpvars_vd_main
39883 argv[0]: 0
39884 argv[1]: simulator.DCRFLI.RF_GEN[0].RF.CORE.CORDIC_GEN[0].CORDIC.c[2]
39885 argv[2]: +all
39886 argv[3]: +trace_process
39887 *Verdi* ERROR: The #2 argument "simulator.DCRFLI.RF_GEN[0].RF.CORE.CORDIC_GEN[0].CORDIC.c[2]" is invalid
39888 *Verdi* ERROR: Failed to dump because the specified instance or option is not correct
39889 *Verdi* ERROR: Syntax - fsdbDumpvars [depth] [instance] [option]*
39890 sps_tcl_fsdbDumpflush_vd_main at 0 : N/A(0)
39891 *Verdi* : Flush all FSDB Files at 0 ps.
39892 sps_tcl_fsdbDumpvars_vd_main
39893 argv[0]: 0
39894 argv[1]: simulator.DCRFLI.RF_GEN[0].RF.CORE.CORDIC_GEN[1].CORDIC.c[2]
39895 argv[2]: +all
39896 argv[3]: +trace_process
39897 *Verdi* ERROR: The #2 argument "simulator.DCRFLI.RF_GEN[0].RF.CORE.CORDIC_GEN[1].CORDIC.c[2]" is invalid
39898 *Verdi* ERROR: Failed to dump because the specified instance or option is not correct
39899 *Verdi* ERROR: Syntax - fsdbDumpvars [depth] [instance] [option]*
39900 sps_tcl_fsdbDumpflush_vd_main at 0 : N/A(0)
39901 *Verdi* : Flush all FSDB Files at 0 ps.
39902 sps_tcl_fsdbDumpvars_vd_main
39903 argv[0]: 0
39904 argv[1]: simulator.DCRFLI.RF_GEN[0].RF.CORE.CORDIC_GEN[2].CORDIC.c[2]
39905 argv[2]: +all
39906 argv[3]: +trace_process
39907 *Verdi* ERROR: The #2 argument "simulator.DCRFLI.RF_GEN[0].RF.CORE.CORDIC_GEN[2].CORDIC.c[2]" is invalid
39908 *Verdi* ERROR: Failed to dump because the specified instance or option is not correct
39909 *Verdi* ERROR: Syntax - fsdbDumpvars [depth] [instance] [option]*
39910 sps_tcl_fsdbDumpflush_vd_main at 0 : N/A(0)
39911 *Verdi* : Flush all FSDB Files at 0 ps.
39912 sps_tcl_fsdbDumpvars_vd_main
39913 argv[0]: 0
39914 argv[1]: simulator.DCRFLI.RF_GEN[0].RF.CORE.CORDIC_GEN[3].CORDIC.c[2]
39915 argv[2]: +all
39916 argv[3]: +trace_process
39917 *Verdi* ERROR: The #2 argument "simulator.DCRFLI.RF_GEN[0].RF.CORE.CORDIC_GEN[3].CORDIC.c[2]" is invalid
39918 *Verdi* ERROR: Failed to dump because the specified instance or option is not correct
39919 *Verdi* ERROR: Syntax - fsdbDumpvars [depth] [instance] [option]*
39920 sps_tcl_fsdbDumpflush_vd_main at 0 : N/A(0)
39921 *Verdi* : Flush all FSDB Files at 0 ps.
39922 sps_tcl_fsdbDumpvars_vd_main
39923 argv[0]: 0
39924 argv[1]: simulator.DCRFLI.RF_GEN[0].RF.CORE.CORDIC_GEN[4].CORDIC.c[2]
39925 argv[2]: +all
39926 argv[3]: +trace_process
39927 *Verdi* ERROR: The #2 argument "simulator.DCRFLI.RF_GEN[0].RF.CORE.CORDIC_GEN[4].CORDIC.c[2]" is invalid
39928 *Verdi* ERROR: Failed to dump because the specified instance or option is not correct
39929 *Verdi* ERROR: Syntax - fsdbDumpvars [depth] [instance] [option]*
39930 sps_tcl_fsdbDumpflush_vd_main at 0 : N/A(0)
39931 *Verdi* : Flush all FSDB Files at 0 ps.
39932 sps_tcl_fsdbDumpvars_vd_main
39933 argv[0]: 0
39934 argv[1]: simulator.DCRFLI.RF_GEN[0].RF.CORE.CORDIC_GEN[5].CORDIC.c[2]
39935 argv[2]: +all
39936 argv[3]: +trace_process
39937 *Verdi* ERROR: The #2 argument "simulator.DCRFLI.RF_GEN[0].RF.CORE.CORDIC_GEN[5].CORDIC.c[2]" is invalid
39938 *Verdi* ERROR: Failed to dump because the specified instance or option is not correct
39939 *Verdi* ERROR: Syntax - fsdbDumpvars [depth] [instance] [option]*
39940 sps_tcl_fsdbDumpflush_vd_main at 0 : N/A(0)
39941 *Verdi* : Flush all FSDB Files at 0 ps.
39942 sps_tcl_fsdbDumpvars_vd_main
39943 argv[0]: 0
39944 argv[1]: simulator.DCRFLI.RF_GEN[0].RF.CORE.CORDIC_GEN[6].CORDIC.c[2]
39945 argv[2]: +all
39946 argv[3]: +trace_process
39947 *Verdi* ERROR: The #2 argument "simulator.DCRFLI.RF_GEN[0].RF.CORE.CORDIC_GEN[6].CORDIC.c[2]" is invalid
39948 *Verdi* ERROR: Failed to dump because the specified instance or option is not correct
39949 *Verdi* ERROR: Syntax - fsdbDumpvars [depth] [instance] [option]*
39950 sps_tcl_fsdbDumpflush_vd_main at 0 : N/A(0)
39951 *Verdi* : Flush all FSDB Files at 0 ps.
39952 sps_tcl_fsdbDumpvars_vd_main
39953 argv[0]: 0
39954 argv[1]: simulator.DCRFLI.RF_GEN[0].RF.CORE.CORDIC_GEN[7].CORDIC.c[2]
39955 argv[2]: +all
39956 argv[3]: +trace_process
39957 *Verdi* ERROR: The #2 argument "simulator.DCRFLI.RF_GEN[0].RF.CORE.CORDIC_GEN[7].CORDIC.c[2]" is invalid
39958 *Verdi* ERROR: Failed to dump because the specified instance or option is not correct
39959 *Verdi* ERROR: Syntax - fsdbDumpvars [depth] [instance] [option]*
39960 sps_tcl_fsdbDumpflush_vd_main at 0 : N/A(0)
39961 *Verdi* : Flush all FSDB Files at 0 ps.
39962 sps_tcl_fsdbDumpvars_vd_main
39963 argv[0]: 0
39964 argv[1]: simulator.DCRFLI.RF_GEN[0].RF.CORE.CORDIC_GEN[0].CORDIC.c[1]
39965 argv[2]: +all
39966 argv[3]: +trace_process
39967 *Verdi* ERROR: The #2 argument "simulator.DCRFLI.RF_GEN[0].RF.CORE.CORDIC_GEN[0].CORDIC.c[1]" is invalid
39968 *Verdi* ERROR: Failed to dump because the specified instance or option is not correct
39969 *Verdi* ERROR: Syntax - fsdbDumpvars [depth] [instance] [option]*
39970 sps_tcl_fsdbDumpflush_vd_main at 0 : N/A(0)
39971 *Verdi* : Flush all FSDB Files at 0 ps.
39972 sps_tcl_fsdbDumpvars_vd_main
39973 argv[0]: 0
39974 argv[1]: simulator.DCRFLI.RF_GEN[0].RF.CORE.CORDIC_GEN[1].CORDIC.c[1]
39975 argv[2]: +all
39976 argv[3]: +trace_process
39977 *Verdi* ERROR: The #2 argument "simulator.DCRFLI.RF_GEN[0].RF.CORE.CORDIC_GEN[1].CORDIC.c[1]" is invalid
39978 *Verdi* ERROR: Failed to dump because the specified instance or option is not correct
39979 *Verdi* ERROR: Syntax - fsdbDumpvars [depth] [instance] [option]*
39980 sps_tcl_fsdbDumpflush_vd_main at 0 : N/A(0)
39981 *Verdi* : Flush all FSDB Files at 0 ps.
39982 sps_tcl_fsdbDumpvars_vd_main
39983 argv[0]: 0
39984 argv[1]: simulator.DCRFLI.RF_GEN[0].RF.CORE.CORDIC_GEN[2].CORDIC.c[1]
39985 argv[2]: +all
39986 argv[3]: +trace_process
39987 *Verdi* ERROR: The #2 argument "simulator.DCRFLI.RF_GEN[0].RF.CORE.CORDIC_GEN[2].CORDIC.c[1]" is invalid
39988 *Verdi* ERROR: Failed to dump because the specified instance or option is not correct
39989 *Verdi* ERROR: Syntax - fsdbDumpvars [depth] [instance] [option]*
39990 sps_tcl_fsdbDumpflush_vd_main at 0 : N/A(0)
39991 *Verdi* : Flush all FSDB Files at 0 ps.
39992 sps_tcl_fsdbDumpvars_vd_main
39993 argv[0]: 0
39994 argv[1]: simulator.DCRFLI.RF_GEN[0].RF.CORE.CORDIC_GEN[3].CORDIC.c[1]
39995 argv[2]: +all
39996 argv[3]: +trace_process
39997 *Verdi* ERROR: The #2 argument "simulator.DCRFLI.RF_GEN[0].RF.CORE.CORDIC_GEN[3].CORDIC.c[1]" is invalid
39998 *Verdi* ERROR: Failed to dump because the specified instance or option is not correct
39999 *Verdi* ERROR: Syntax - fsdbDumpvars [depth] [instance] [option]*
40000 sps_tcl_fsdbDumpflush_vd_main at 0 : N/A(0)
40001 *Verdi* : Flush all FSDB Files at 0 ps.
40002 sps_tcl_fsdbDumpvars_vd_main
40003 argv[0]: 0
40004 argv[1]: simulator.DCRFLI.RF_GEN[0].RF.CORE.CORDIC_GEN[4].CORDIC.c[1]
40005 argv[2]: +all
40006 argv[3]: +trace_process
40007 *Verdi* ERROR: The #2 argument "simulator.DCRFLI.RF_GEN[0].RF.CORE.CORDIC_GEN[4].CORDIC.c[1]" is invalid
40008 *Verdi* ERROR: Failed to dump because the specified instance or option is not correct
40009 *Verdi* ERROR: Syntax - fsdbDumpvars [depth] [instance] [option]*
40010 sps_tcl_fsdbDumpflush_vd_main at 0 : N/A(0)
40011 *Verdi* : Flush all FSDB Files at 0 ps.
40012 sps_tcl_fsdbDumpvars_vd_main
40013 argv[0]: 0
40014 argv[1]: simulator.DCRFLI.RF_GEN[0].RF.CORE.CORDIC_GEN[5].CORDIC.c[1]
40015 argv[2]: +all
40016 argv[3]: +trace_process
40017 *Verdi* ERROR: The #2 argument "simulator.DCRFLI.RF_GEN[0].RF.CORE.CORDIC_GEN[5].CORDIC.c[1]" is invalid
40018 *Verdi* ERROR: Failed to dump because the specified instance or option is not correct
40019 *Verdi* ERROR: Syntax - fsdbDumpvars [depth] [instance] [option]*
40020 sps_tcl_fsdbDumpflush_vd_main at 0 : N/A(0)
40021 *Verdi* : Flush all FSDB Files at 0 ps.
40022 sps_tcl_fsdbDumpvars_vd_main
40023 argv[0]: 0
40024 argv[1]: simulator.DCRFLI.RF_GEN[0].RF.CORE.CORDIC_GEN[6].CORDIC.c[1]
40025 argv[2]: +all
40026 argv[3]: +trace_process
40027 *Verdi* ERROR: The #2 argument "simulator.DCRFLI.RF_GEN[0].RF.CORE.CORDIC_GEN[6].CORDIC.c[1]" is invalid
40028 *Verdi* ERROR: Failed to dump because the specified instance or option is not correct
40029 *Verdi* ERROR: Syntax - fsdbDumpvars [depth] [instance] [option]*
40030 sps_tcl_fsdbDumpflush_vd_main at 0 : N/A(0)
40031 *Verdi* : Flush all FSDB Files at 0 ps.
40032 sps_tcl_fsdbDumpvars_vd_main
40033 argv[0]: 0
40034 argv[1]: simulator.DCRFLI.RF_GEN[0].RF.CORE.CORDIC_GEN[7].CORDIC.c[1]
40035 argv[2]: +all
40036 argv[3]: +trace_process
40037 *Verdi* ERROR: The #2 argument "simulator.DCRFLI.RF_GEN[0].RF.CORE.CORDIC_GEN[7].CORDIC.c[1]" is invalid
40038 *Verdi* ERROR: Failed to dump because the specified instance or option is not correct
40039 *Verdi* ERROR: Syntax - fsdbDumpvars [depth] [instance] [option]*
40040 sps_tcl_fsdbDumpflush_vd_main at 0 : N/A(0)
40041 *Verdi* : Flush all FSDB Files at 0 ps.
40042 sps_tcl_fsdbDumpvars_vd_main
40043 argv[0]: 0
40044 argv[1]: simulator.DCRFLI.RF_GEN[0].RF.CORE.CORDIC_GEN[0].CORDIC.c[0]
40045 argv[2]: +all
40046 argv[3]: +trace_process
40047 *Verdi* ERROR: The #2 argument "simulator.DCRFLI.RF_GEN[0].RF.CORE.CORDIC_GEN[0].CORDIC.c[0]" is invalid
40048 *Verdi* ERROR: Failed to dump because the specified instance or option is not correct
40049 *Verdi* ERROR: Syntax - fsdbDumpvars [depth] [instance] [option]*
40050 sps_tcl_fsdbDumpflush_vd_main at 0 : N/A(0)
40051 *Verdi* : Flush all FSDB Files at 0 ps.
40052 sps_tcl_fsdbDumpvars_vd_main
40053 argv[0]: 0
40054 argv[1]: simulator.DCRFLI.RF_GEN[0].RF.CORE.CORDIC_GEN[1].CORDIC.c[0]
40055 argv[2]: +all
40056 argv[3]: +trace_process
40057 *Verdi* ERROR: The #2 argument "simulator.DCRFLI.RF_GEN[0].RF.CORE.CORDIC_GEN[1].CORDIC.c[0]" is invalid
40058 *Verdi* ERROR: Failed to dump because the specified instance or option is not correct
40059 *Verdi* ERROR: Syntax - fsdbDumpvars [depth] [instance] [option]*
40060 sps_tcl_fsdbDumpflush_vd_main at 0 : N/A(0)
40061 *Verdi* : Flush all FSDB Files at 0 ps.
40062 sps_tcl_fsdbDumpvars_vd_main
40063 argv[0]: 0
40064 argv[1]: simulator.DCRFLI.RF_GEN[0].RF.CORE.CORDIC_GEN[2].CORDIC.c[0]
40065 argv[2]: +all
40066 argv[3]: +trace_process
40067 *Verdi* ERROR: The #2 argument "simulator.DCRFLI.RF_GEN[0].RF.CORE.CORDIC_GEN[2].CORDIC.c[0]" is invalid
40068 *Verdi* ERROR: Failed to dump because the specified instance or option is not correct
40069 *Verdi* ERROR: Syntax - fsdbDumpvars [depth] [instance] [option]*
40070 sps_tcl_fsdbDumpflush_vd_main at 0 : N/A(0)
40071 *Verdi* : Flush all FSDB Files at 0 ps.
40072 sps_tcl_fsdbDumpvars_vd_main
40073 argv[0]: 0
40074 argv[1]: simulator.DCRFLI.RF_GEN[0].RF.CORE.CORDIC_GEN[3].CORDIC.c[0]
40075 argv[2]: +all
40076 argv[3]: +trace_process
40077 *Verdi* ERROR: The #2 argument "simulator.DCRFLI.RF_GEN[0].RF.CORE.CORDIC_GEN[3].CORDIC.c[0]" is invalid
40078 *Verdi* ERROR: Failed to dump because the specified instance or option is not correct
40079 *Verdi* ERROR: Syntax - fsdbDumpvars [depth] [instance] [option]*
40080 sps_tcl_fsdbDumpflush_vd_main at 0 : N/A(0)
40081 *Verdi* : Flush all FSDB Files at 0 ps.
40082 sps_tcl_fsdbDumpvars_vd_main
40083 argv[0]: 0
40084 argv[1]: simulator.DCRFLI.RF_GEN[0].RF.CORE.CORDIC_GEN[4].CORDIC.c[0]
40085 argv[2]: +all
40086 argv[3]: +trace_process
40087 *Verdi* ERROR: The #2 argument "simulator.DCRFLI.RF_GEN[0].RF.CORE.CORDIC_GEN[4].CORDIC.c[0]" is invalid
40088 *Verdi* ERROR: Failed to dump because the specified instance or option is not correct
40089 *Verdi* ERROR: Syntax - fsdbDumpvars [depth] [instance] [option]*
40090 sps_tcl_fsdbDumpflush_vd_main at 0 : N/A(0)
40091 *Verdi* : Flush all FSDB Files at 0 ps.
40092 sps_tcl_fsdbDumpvars_vd_main
40093 argv[0]: 0
40094 argv[1]: simulator.DCRFLI.RF_GEN[0].RF.CORE.CORDIC_GEN[5].CORDIC.c[0]
40095 argv[2]: +all
40096 argv[3]: +trace_process
40097 *Verdi* ERROR: The #2 argument "simulator.DCRFLI.RF_GEN[0].RF.CORE.CORDIC_GEN[5].CORDIC.c[0]" is invalid
40098 *Verdi* ERROR: Failed to dump because the specified instance or option is not correct
40099 *Verdi* ERROR: Syntax - fsdbDumpvars [depth] [instance] [option]*
40100 sps_tcl_fsdbDumpflush_vd_main at 0 : N/A(0)
40101 *Verdi* : Flush all FSDB Files at 0 ps.
40102 sps_tcl_fsdbDumpvars_vd_main
40103 argv[0]: 0
40104 argv[1]: simulator.DCRFLI.RF_GEN[0].RF.CORE.CORDIC_GEN[6].CORDIC.c[0]
40105 argv[2]: +all
40106 argv[3]: +trace_process
40107 *Verdi* ERROR: The #2 argument "simulator.DCRFLI.RF_GEN[0].RF.CORE.CORDIC_GEN[6].CORDIC.c[0]" is invalid
40108 *Verdi* ERROR: Failed to dump because the specified instance or option is not correct
40109 *Verdi* ERROR: Syntax - fsdbDumpvars [depth] [instance] [option]*
40110 sps_tcl_fsdbDumpflush_vd_main at 0 : N/A(0)
40111 *Verdi* : Flush all FSDB Files at 0 ps.
40112 sps_tcl_fsdbDumpvars_vd_main
40113 argv[0]: 0
40114 argv[1]: simulator.DCRFLI.RF_GEN[0].RF.CORE.CORDIC_GEN[7].CORDIC.c[0]
40115 argv[2]: +all
40116 argv[3]: +trace_process
40117 *Verdi* ERROR: The #2 argument "simulator.DCRFLI.RF_GEN[0].RF.CORE.CORDIC_GEN[7].CORDIC.c[0]" is invalid
40118 *Verdi* ERROR: Failed to dump because the specified instance or option is not correct
40119 *Verdi* ERROR: Syntax - fsdbDumpvars [depth] [instance] [option]*
40120 sps_tcl_fsdbDumpflush_vd_main at 0 : N/A(0)
40121 *Verdi* : Flush all FSDB Files at 0 ps.
40122 sps_tcl_fsdbDumpvars_vd_main
40123 argv[0]: 0
40124 argv[1]: simulator.DCRFLI.RF_GEN[0].RF.CORE.i_clk
40125 argv[2]: +all
40126 argv[3]: +trace_process
40127 *Verdi* ERROR: The #2 argument "simulator.DCRFLI.RF_GEN[0].RF.CORE.i_clk" is invalid
40128 *Verdi* ERROR: Failed to dump because the specified instance or option is not correct
40129 *Verdi* ERROR: Syntax - fsdbDumpvars [depth] [instance] [option]*
40130 sps_tcl_fsdbDumpflush_vd_main at 0 : N/A(0)
40131 *Verdi* : Flush all FSDB Files at 0 ps.
40132 sps_tcl_fsdbDumpvars_vd_main
40133 argv[0]: 0
40134 argv[1]: simulator.DCRFLI.RF_GEN[0].RF.CORE.i_rst
40135 argv[2]: +all
40136 argv[3]: +trace_process
40137 *Verdi* ERROR: The #2 argument "simulator.DCRFLI.RF_GEN[0].RF.CORE.i_rst" is invalid
40138 *Verdi* ERROR: Failed to dump because the specified instance or option is not correct
40139 *Verdi* ERROR: Syntax - fsdbDumpvars [depth] [instance] [option]*
40140 sps_tcl_fsdbDumpflush_vd_main at 0 : N/A(0)
40141 *Verdi* : Flush all FSDB Files at 0 ps.
40142 sps_tcl_fsdbDumpvars_vd_main
40143 argv[0]: 0
40144 argv[1]: simulator.DCRFLI.RF_GEN[0].RF.CORE.w_stall
40145 argv[2]: +all
40146 argv[3]: +trace_process
40147 *Verdi* ERROR: The #2 argument "simulator.DCRFLI.RF_GEN[0].RF.CORE.w_stall" is invalid
40148 *Verdi* ERROR: Failed to dump because the specified instance or option is not correct
40149 *Verdi* ERROR: Syntax - fsdbDumpvars [depth] [instance] [option]*
40150 sps_tcl_fsdbDumpflush_vd_main at 0 : N/A(0)
40151 *Verdi* : Flush all FSDB Files at 0 ps.
40152 sps_tcl_fsdbDumpvars_vd_main
40153 argv[0]: 0
40154 argv[1]: simulator.DCRFLI.RF_GEN[0].RF.CORE.d
40155 argv[2]: +all
40156 argv[3]: +trace_process
40157 *Verdi* ERROR: The #2 argument "simulator.DCRFLI.RF_GEN[0].RF.CORE.d" is invalid
40158 *Verdi* ERROR: Failed to dump because the specified instance or option is not correct
40159 *Verdi* ERROR: Syntax - fsdbDumpvars [depth] [instance] [option]*
40160 sps_tcl_fsdbDumpflush_vd_main at 0 : N/A(0)
40161 *Verdi* : Flush all FSDB Files at 0 ps.
40162 sps_tcl_fsdbDumpvars_vd_main
40163 argv[0]: 0
40164 argv[1]: simulator.DCRFLI.RF_GEN[0].RF.CORE.i_empty
40165 argv[2]: +all
40166 argv[3]: +trace_process
40167 *Verdi* ERROR: The #2 argument "simulator.DCRFLI.RF_GEN[0].RF.CORE.i_empty" is invalid
40168 *Verdi* ERROR: Failed to dump because the specified instance or option is not correct
40169 *Verdi* ERROR: Syntax - fsdbDumpvars [depth] [instance] [option]*
40170 sps_tcl_fsdbDumpflush_vd_main at 0 : N/A(0)
40171 *Verdi* : Flush all FSDB Files at 0 ps.
40172 sps_tcl_fsdbDumpvars_vd_main
40173 argv[0]: 0
40174 argv[1]: simulator.DCRFLI.RF_GEN[0].RF.CORE.o_next
40175 argv[2]: +all
40176 argv[3]: +trace_process
40177 *Verdi* ERROR: The #2 argument "simulator.DCRFLI.RF_GEN[0].RF.CORE.o_next" is invalid
40178 *Verdi* ERROR: Failed to dump because the specified instance or option is not correct
40179 *Verdi* ERROR: Syntax - fsdbDumpvars [depth] [instance] [option]*
40180 sps_tcl_fsdbDumpflush_vd_main at 0 : N/A(0)
40181 *Verdi* : Flush all FSDB Files at 0 ps.
40182 sps_tcl_fsdbDumpvars_vd_main
40183 argv[0]: 0
40184 argv[1]: simulator.DCRFLI.RF_GEN[0].RF.CORE.i_addr[3:0]
40185 argv[2]: +all
40186 argv[3]: +trace_process
40187 *Verdi* ERROR: The #2 argument "simulator.DCRFLI.RF_GEN[0].RF.CORE.i_addr[3:0]" is invalid
40188 *Verdi* ERROR: Failed to dump because the specified instance or option is not correct
40189 *Verdi* ERROR: Syntax - fsdbDumpvars [depth] [instance] [option]*
40190 sps_tcl_fsdbDumpflush_vd_main at 0 : N/A(0)
40191 *Verdi* : Flush all FSDB Files at 0 ps.
40192 sps_tcl_fsdbDumpvars_vd_main
40193 argv[0]: 0
40194 argv[1]: simulator.DCRFLI.RF_GEN[0].RF.CORE.i_insn
40195 argv[2]: +all
40196 argv[3]: +trace_process
40197 *Verdi* ERROR: The #2 argument "simulator.DCRFLI.RF_GEN[0].RF.CORE.i_insn" is invalid
40198 *Verdi* ERROR: Failed to dump because the specified instance or option is not correct
40199 *Verdi* ERROR: Syntax - fsdbDumpvars [depth] [instance] [option]*
40200 sps_tcl_fsdbDumpflush_vd_main at 0 : N/A(0)
40201 *Verdi* : Flush all FSDB Files at 0 ps.
40202 sps_tcl_fsdbDumpvars_vd_main
40203 argv[0]: 0
40204 argv[1]: simulator.DCRFLI.RF_GEN[0].RF.CORE.o_insn_modified
40205 argv[2]: +all
40206 argv[3]: +trace_process
40207 *Verdi* ERROR: The #2 argument "simulator.DCRFLI.RF_GEN[0].RF.CORE.o_insn_modified" is invalid
40208 *Verdi* ERROR: Failed to dump because the specified instance or option is not correct
40209 *Verdi* ERROR: Syntax - fsdbDumpvars [depth] [instance] [option]*
40210 sps_tcl_fsdbDumpflush_vd_main at 0 : N/A(0)
40211 *Verdi* : Flush all FSDB Files at 0 ps.
40212 sps_tcl_fsdbDumpvars_vd_main
40213 argv[0]: 0
40214 argv[1]: simulator.DCRFLI.RF_GEN[0].RF.CORE.p
40215 argv[2]: +all
40216 argv[3]: +trace_process
40217 *Verdi* ERROR: The #2 argument "simulator.DCRFLI.RF_GEN[0].RF.CORE.p" is invalid
40218 *Verdi* ERROR: Failed to dump because the specified instance or option is not correct
40219 *Verdi* ERROR: Syntax - fsdbDumpvars [depth] [instance] [option]*
40220 sps_tcl_fsdbDumpflush_vd_main at 0 : N/A(0)
40221 *Verdi* : Flush all FSDB Files at 0 ps.
40222 sps_tcl_fsdbDumpvars_vd_main
40223 argv[0]: 0
40224 argv[1]: simulator.DCRFLI.RF_GEN[0].RF.CORE.w_new_phase
40225 argv[2]: +all
40226 argv[3]: +trace_process
40227 *Verdi* ERROR: The #2 argument "simulator.DCRFLI.RF_GEN[0].RF.CORE.w_new_phase" is invalid
40228 *Verdi* ERROR: Failed to dump because the specified instance or option is not correct
40229 *Verdi* ERROR: Syntax - fsdbDumpvars [depth] [instance] [option]*
40230 sps_tcl_fsdbDumpflush_vd_main at 0 : N/A(0)
40231 *Verdi* : Flush all FSDB Files at 0 ps.
40232 sps_tcl_fsdbDumpvars_vd_main
40233 argv[0]: 0
40234 argv[1]: simulator.DCRFLI.RF_GEN[0].RF.CORE.r
40235 argv[2]: +all
40236 argv[3]: +trace_process
40237 *Verdi* ERROR: The #2 argument "simulator.DCRFLI.RF_GEN[0].RF.CORE.r" is invalid
40238 *Verdi* ERROR: Failed to dump because the specified instance or option is not correct
40239 *Verdi* ERROR: Syntax - fsdbDumpvars [depth] [instance] [option]*
40240 sps_tcl_fsdbDumpflush_vd_main at 0 : N/A(0)
40241 *Verdi* : Flush all FSDB Files at 0 ps.
40242 sps_tcl_fsdbDumpvars_vd_main
40243 argv[0]: 0
40244 argv[1]: simulator.DCRFLI.RF_GEN[0].RF.CORE.o_armed
40245 argv[2]: +all
40246 argv[3]: +trace_process
40247 *Verdi* ERROR: The #2 argument "simulator.DCRFLI.RF_GEN[0].RF.CORE.o_armed" is invalid
40248 *Verdi* ERROR: Failed to dump because the specified instance or option is not correct
40249 *Verdi* ERROR: Syntax - fsdbDumpvars [depth] [instance] [option]*
40250 sps_tcl_fsdbDumpflush_vd_main at 0 : N/A(0)
40251 *Verdi* : Flush all FSDB Files at 0 ps.
40252 sps_tcl_fsdbDumpvars_vd_main
40253 argv[0]: 0
40254 argv[1]: simulator.DCRFLI.RF_GEN[0].RF.CORE.i_start
40255 argv[2]: +all
40256 argv[3]: +trace_process
40257 *Verdi* ERROR: The #2 argument "simulator.DCRFLI.RF_GEN[0].RF.CORE.i_start" is invalid
40258 *Verdi* ERROR: Failed to dump because the specified instance or option is not correct
40259 *Verdi* ERROR: Syntax - fsdbDumpvars [depth] [instance] [option]*
40260 sps_tcl_fsdbDumpflush_vd_main at 0 : N/A(0)
40261 *Verdi* : Flush all FSDB Files at 0 ps.
40262 sps_tcl_fsdbDumpvars_vd_main
40263 argv[0]: 0
40264 argv[1]: simulator.DCRFLI.RF_GEN[0].RF.CORE.o_addr[3:0]
40265 argv[2]: +all
40266 argv[3]: +trace_process
40267 *Verdi* ERROR: The #2 argument "simulator.DCRFLI.RF_GEN[0].RF.CORE.o_addr[3:0]" is invalid
40268 *Verdi* ERROR: Failed to dump because the specified instance or option is not correct
40269 *Verdi* ERROR: Syntax - fsdbDumpvars [depth] [instance] [option]*
40270 sps_tcl_fsdbDumpflush_vd_main at 0 : N/A(0)
40271 *Verdi* : Flush all FSDB Files at 0 ps.
40272 sps_tcl_fsdbDumpvars_vd_main
40273 argv[0]: 0
40274 argv[1]: simulator.DCRFLI.RF_GEN[0].RF.CORE.o_sample_start[19:0]
40275 argv[2]: +all
40276 argv[3]: +trace_process
40277 *Verdi* ERROR: The #2 argument "simulator.DCRFLI.RF_GEN[0].RF.CORE.o_sample_start[19:0]" is invalid
40278 *Verdi* ERROR: Failed to dump because the specified instance or option is not correct
40279 *Verdi* ERROR: Syntax - fsdbDumpvars [depth] [instance] [option]*
40280 sps_tcl_fsdbDumpflush_vd_main at 0 : N/A(0)
40281 *Verdi* : Flush all FSDB Files at 0 ps.
40282 sps_tcl_fsdbDumpvars_vd_main
40283 argv[0]: 0
40284 argv[1]: simulator.DCRFLI.RF_GEN[0].RF.CORE.o_sample_end[19:0]
40285 argv[2]: +all
 is invalid
28228 *Verdi* ERROR: Failed to dump because the specified instance or option is not correct
28229 *Verdi* ERROR: Syntax - fsdbDumpvars [depth] [instance] [option]*
28230 sps_tcl_fsdbDumpflush_vd_main at 0 : N/A(0)
28231 *Verdi* : Flush all FSDB Files at 0 ps.
28232 sps_tcl_fsdbDumpvars_vd_main
28233 argv[0]: 0
28234 argv[1]: simulator.DCRFLI.RF_GEN[5].RF.SEQ.i_clk
28235 argv[2]: +all
28236 argv[3]: +trace_process
28237 *Verdi* ERROR: The #2 argument "simulator.DCRFLI.RF_GEN[5].RF.SEQ.i_clk" is invalid
28238 *Verdi* ERROR: Failed to dump because the specified instance or option is not correct
28239 *Verdi* ERROR: Syntax - fsdbDumpvars [depth] [instance] [option]*
28240 sps_tcl_fsdbDumpflush_vd_main at 0 : N/A(0)
28241 *Verdi* : Flush all FSDB Files at 0 ps.
28242 sps_tcl_fsdbDumpvars_vd_main
28243 argv[0]: 0
28244 argv[1]: simulator.DCRFLI.RF_GEN[5].RF.SEQ.i_rst
28245 argv[2]: +all
28246 argv[3]: +trace_process
28247 *Verdi* ERROR: The #2 argument "simulator.DCRFLI.RF_GEN[5].RF.SEQ.i_rst" is invalid
28248 *Verdi* ERROR: Failed to dump because the specified instance or option is not correct
28249 *Verdi* ERROR: Syntax - fsdbDumpvars [depth] [instance] [option]*
28250 sps_tcl_fsdbDumpflush_vd_main at 0 : N/A(0)
28251 *Verdi* : Flush all FSDB Files at 0 ps.
28252 sps_tcl_fsdbDumpvars_vd_main
28253 argv[0]: 0
28254 argv[1]: simulator.DCRFLI.RF_GEN[5].RF.SEQ.w_propagate
28255 argv[2]: +all
28256 argv[3]: +trace_process
28257 *Verdi* ERROR: The #2 argument "simulator.DCRFLI.RF_GEN[5].RF.SEQ.w_propagate" is invalid
28258 *Verdi* ERROR: Failed to dump because the specified instance or option is not correct
28259 *Verdi* ERROR: Syntax - fsdbDumpvars [depth] [instance] [option]*
28260 sps_tcl_fsdbDumpflush_vd_main at 0 : N/A(0)
28261 *Verdi* : Flush all FSDB Files at 0 ps.
28262 sps_tcl_fsdbDumpvars_vd_main
28263 argv[0]: 0
28264 argv[1]: simulator.DCRFLI.RF_GEN[5].RF.SEQ.i_regs[0:65][31:0]
28265 argv[2]: +all
28266 argv[3]: +trace_process
28267 *Verdi* ERROR: The #2 argument "simulator.DCRFLI.RF_GEN[5].RF.SEQ.i_regs[0:65][31:0]" is invalid
28268 *Verdi* ERROR: Failed to dump because the specified instance or option is not correct
28269 *Verdi* ERROR: Syntax - fsdbDumpvars [depth] [instance] [option]*
28270 sps_tcl_fsdbDumpflush_vd_main at 0 : N/A(0)
28271 *Verdi* : Flush all FSDB Files at 0 ps.
28272 sps_tcl_fsdbDumpvars_vd_main
28273 argv[0]: 0
28274 argv[1]: simulator.DCRFLI.RF_GEN[5].RF.SEQ.w_last0
28275 argv[2]: +all
28276 argv[3]: +trace_process
28277 *Verdi* ERROR: The #2 argument "simulator.DCRFLI.RF_GEN[5].RF.SEQ.w_last0" is invalid
28278 *Verdi* ERROR: Failed to dump because the specified instance or option is not correct
28279 *Verdi* ERROR: Syntax - fsdbDumpvars [depth] [instance] [option]*
28280 sps_tcl_fsdbDumpflush_vd_main at 0 : N/A(0)
28281 *Verdi* : Flush all FSDB Files at 0 ps.
28282 sps_tcl_fsdbDumpvars_vd_main
28283 argv[0]: 0
28284 argv[1]: simulator.DCRFLI.RF_GEN[5].RF.SEQ.w_last0_ff1
28285 argv[2]: +all
28286 argv[3]: +trace_process
28287 *Verdi* ERROR: The #2 argument "simulator.DCRFLI.RF_GEN[5].RF.SEQ.w_last0_ff1" is invalid
28288 *Verdi* ERROR: Failed to dump because the specified instance or option is not correct
28289 *Verdi* ERROR: Syntax - fsdbDumpvars [depth] [instance] [option]*
28290 sps_tcl_fsdbDumpflush_vd_main at 0 : N/A(0)
28291 *Verdi* : Flush all FSDB Files at 0 ps.
28292 sps_tcl_fsdbDumpvars_vd_main
28293 argv[0]: 0
28294 argv[1]: simulator.DCRFLI.RF_GEN[5].RF.SEQ.w_last0_ff2
28295 argv[2]: +all
28296 argv[3]: +trace_process
28297 *Verdi* ERROR: The #2 argument "simulator.DCRFLI.RF_GEN[5].RF.SEQ.w_last0_ff2" is invalid
28298 *Verdi* ERROR: Failed to dump because the specified instance or option is not correct
28299 *Verdi* ERROR: Syntax - fsdbDumpvars [depth] [instance] [option]*
28300 sps_tcl_fsdbDumpflush_vd_main at 0 : N/A(0)
28301 *Verdi* : Flush all FSDB Files at 0 ps.
28302 sps_tcl_fsdbDumpvars_vd_main
28303 argv[0]: 0
28304 argv[1]: simulator.DCRFLI.RF_GEN[5].RF.SEQ.w_new_sequence
28305 argv[2]: +all
28306 argv[3]: +trace_process
28307 *Verdi* ERROR: The #2 argument "simulator.DCRFLI.RF_GEN[5].RF.SEQ.w_new_sequence" is invalid
28308 *Verdi* ERROR: Failed to dump because the specified instance or option is not correct
28309 *Verdi* ERROR: Syntax - fsdbDumpvars [depth] [instance] [option]*
28310 sps_tcl_fsdbDumpflush_vd_main at 0 : N/A(0)
28311 *Verdi* : Flush all FSDB Files at 0 ps.
28312 sps_tcl_fsdbDumpvars_vd_main
28313 argv[0]: 0
28314 argv[1]: simulator.DCRFLI.RF_GEN[5].RF.SEQ.r_sequence[0:15][114:0]
28315 argv[2]: +all
28316 argv[3]: +trace_process
28317 *Verdi* ERROR: The #2 argument "simulator.DCRFLI.RF_GEN[5].RF.SEQ.r_sequence[0:15][114:0]" is invalid
28318 *Verdi* ERROR: Failed to dump because the specified instance or option is not correct
28319 *Verdi* ERROR: Syntax - fsdbDumpvars [depth] [instance] [option]*
28320 sps_tcl_fsdbDumpflush_vd_main at 0 : N/A(0)
28321 *Verdi* : Flush all FSDB Files at 0 ps.
28322 sps_tcl_fsdbDumpvars_vd_main
28323 argv[0]: 0
28324 argv[1]: simulator.DCRFLI.RF_GEN[5].RF.SEQ.r_iters[10:0]
28325 argv[2]: +all
28326 argv[3]: +trace_process
28327 *Verdi* ERROR: The #2 argument "simulator.DCRFLI.RF_GEN[5].RF.SEQ.r_iters[10:0]" is invalid
28328 *Verdi* ERROR: Failed to dump because the specified instance or option is not correct
28329 *Verdi* ERROR: Syntax - fsdbDumpvars [depth] [instance] [option]*
28330 sps_tcl_fsdbDumpflush_vd_main at 0 : N/A(0)
28331 *Verdi* : Flush all FSDB Files at 0 ps.
28332 sps_tcl_fsdbDumpvars_vd_main
28333 argv[0]: 0
28334 argv[1]: simulator.DCRFLI.RF_GEN[5].RF.SEQ.r_iptr[3:0]
28335 argv[2]: +all
28336 argv[3]: +trace_process
28337 *Verdi* ERROR: The #2 argument "simulator.DCRFLI.RF_GEN[5].RF.SEQ.r_iptr[3:0]" is invalid
28338 *Verdi* ERROR: Failed to dump because the specified instance or option is not correct
28339 *Verdi* ERROR: Syntax - fsdbDumpvars [depth] [instance] [option]*
28340 sps_tcl_fsdbDumpflush_vd_main at 0 : N/A(0)
28341 *Verdi* : Flush all FSDB Files at 0 ps.
28342 sps_tcl_fsdbDumpvars_vd_main
28343 argv[0]: 0
28344 argv[1]: simulator.DCRFLI.RF_GEN[5].RF.SEQ.w_insn_fetch[114:0]
28345 argv[2]: +all
28346 argv[3]: +trace_process
28347 *Verdi* ERROR: The #2 argument "simulator.DCRFLI.RF_GEN[5].RF.SEQ.w_insn_fetch[114:0]" is invalid
28348 *Verdi* ERROR: Failed to dump because the specified instance or option is not correct
28349 *Verdi* ERROR: Syntax - fsdbDumpvars [depth] [instance] [option]*
28350 sps_tcl_fsdbDumpflush_vd_main at 0 : N/A(0)
28351 *Verdi* : Flush all FSDB Files at 0 ps.
28352 sps_tcl_fsdbDumpvars_vd_main
28353 argv[0]: 0
28354 argv[1]: simulator.DCRFLI.RF_GEN[5].RF.SEQ.w_insn_bubble
28355 argv[2]: +all
28356 argv[3]: +trace_process
28357 *Verdi* ERROR: The #2 argument "simulator.DCRFLI.RF_GEN[5].RF.SEQ.w_insn_bubble" is invalid
28358 *Verdi* ERROR: Failed to dump because the specified instance or option is not correct
28359 *Verdi* ERROR: Syntax - fsdbDumpvars [depth] [instance] [option]*
28360 sps_tcl_fsdbDumpflush_vd_main at 0 : N/A(0)
28361 *Verdi* : Flush all FSDB Files at 0 ps.
28362 sps_tcl_fsdbDumpvars_vd_main
28363 argv[0]: 0
28364 argv[1]: simulator.DCRFLI.RF_GEN[5].RF.SEQ.w_iptr_plus1[3:0]
28365 argv[2]: +all
28366 argv[3]: +trace_process
28367 *Verdi* ERROR: The #2 argument "simulator.DCRFLI.RF_GEN[5].RF.SEQ.w_iptr_plus1[3:0]" is invalid
28368 *Verdi* ERROR: Failed to dump because the specified instance or option is not correct
28369 *Verdi* ERROR: Syntax - fsdbDumpvars [depth] [instance] [option]*
28370 sps_tcl_fsdbDumpflush_vd_main at 0 : N/A(0)
28371 *Verdi* : Flush all FSDB Files at 0 ps.
28372 sps_tcl_fsdbDumpvars_vd_main
28373 argv[0]: 0
28374 argv[1]: simulator.DCRFLI.RF_GEN[5].RF.SEQ.w_next_null
28375 argv[2]: +all
28376 argv[3]: +trace_process
28377 *Verdi* ERROR: The #2 argument "simulator.DCRFLI.RF_GEN[5].RF.SEQ.w_next_null" is invalid
28378 *Verdi* ERROR: Failed to dump because the specified instance or option is not correct
28379 *Verdi* ERROR: Syntax - fsdbDumpvars [depth] [instance] [option]*
28380 sps_tcl_fsdbDumpflush_vd_main at 0 : N/A(0)
28381 *Verdi* : Flush all FSDB Files at 0 ps.
28382 sps_tcl_fsdbDumpvars_vd_main
28383 argv[0]: 0
28384 argv[1]: simulator.DCRFLI.RF_GEN[5].RF.SEQ.o_empty
28385 argv[2]: +all
28386 argv[3]: +trace_process
28387 *Verdi* ERROR: The #2 argument "simulator.DCRFLI.RF_GEN[5].RF.SEQ.o_empty" is invalid
28388 *Verdi* ERROR: Failed to dump because the specified instance or option is not correct
28389 *Verdi* ERROR: Syntax - fsdbDumpvars [depth] [instance] [option]*
28390 sps_tcl_fsdbDumpflush_vd_main at 0 : N/A(0)
28391 *Verdi* : Flush all FSDB Files at 0 ps.
28392 sps_tcl_fsdbDumpvars_vd_main
28393 argv[0]: 0
28394 argv[1]: simulator.DCRFLI.RF_GEN[5].RF.SEQ.i_next
28395 argv[2]: +all
28396 argv[3]: +trace_process
28397 *Verdi* ERROR: The #2 argument "simulator.DCRFLI.RF_GEN[5].RF.SEQ.i_next" is invalid
28398 *Verdi* ERROR: Failed to dump because the specified instance or option is not correct
28399 *Verdi* ERROR: Syntax - fsdbDumpvars [depth] [instance] [option]*
28400 sps_tcl_fsdbDumpflush_vd_main at 0 : N/A(0)
28401 *Verdi* : Flush all FSDB Files at 0 ps.
28402 sps_tcl_fsdbDumpvars_vd_main
28403 argv[0]: 0
28404 argv[1]: simulator.DCRFLI.RF_GEN[5].RF.SEQ.o_addr[3:0]
28405 argv[2]: +all
28406 argv[3]: +trace_process
28407 *Verdi* ERROR: The #2 argument "simulator.DCRFLI.RF_GEN[5].RF.SEQ.o_addr[3:0]" is invalid
28408 *Verdi* ERROR: Failed to dump because the specified instance or option is not correct
28409 *Verdi* ERROR: Syntax - fsdbDumpvars [depth] [instance] [option]*
28410 sps_tcl_fsdbDumpflush_vd_main at 0 : N/A(0)
28411 *Verdi* : Flush all FSDB Files at 0 ps.
28412 sps_tcl_fsdbDumpvars_vd_main
28413 argv[0]: 0
28414 argv[1]: simulator.DCRFLI.RF_GEN[5].RF.SEQ.o_insn[114:0]
28415 argv[2]: +all
28416 argv[3]: +trace_process
28417 *Verdi* ERROR: The #2 argument "simulator.DCRFLI.RF_GEN[5].RF.SEQ.o_insn[114:0]" is invalid
28418 *Verdi* ERROR: Failed to dump because the specified instance or option is not correct
28419 *Verdi* ERROR: Syntax - fsdbDumpvars [depth] [instance] [option]*
28420 sps_tcl_fsdbDumpflush_vd_main at 0 : N/A(0)
28421 *Verdi* : Flush all FSDB Files at 0 ps.
28422 sps_tcl_fsdbDumpvars_vd_main
28423 argv[0]: 0
28424 argv[1]: simulator.DCRFLI.RF_GEN[5].RF.SEQ.r_iptr_modify[3:0]
28425 argv[2]: +all
28426 argv[3]: +trace_process
28427 *Verdi* ERROR: The #2 argument "simulator.DCRFLI.RF_GEN[5].RF.SEQ.r_iptr_modify[3:0]" is invalid
28428 *Verdi* ERROR: Failed to dump because the specified instance or option is not correct
28429 *Verdi* ERROR: Syntax - fsdbDumpvars [depth] [instance] [option]*
28430 sps_tcl_fsdbDumpflush_vd_main at 0 : N/A(0)
28431 *Verdi* : Flush all FSDB Files at 0 ps.
28432 sps_tcl_fsdbDumpvars_vd_main
28433 argv[0]: 0
28434 argv[1]: simulator.DCRFLI.RF_GEN[5].RF.SEQ.i_insn_modified[114:0]
28435 argv[2]: +all
28436 argv[3]: +trace_process
28437 *Verdi* ERROR: The #2 argument "simulator.DCRFLI.RF_GEN[5].RF.SEQ.i_insn_modified[114:0]" is invalid
28438 *Verdi* ERROR: Failed to dump because the specified instance or option is not correct
28439 *Verdi* ERROR: Syntax - fsdbDumpvars [depth] [instance] [option]*
28440 sps_tcl_fsdbDumpflush_vd_main at 0 : N/A(0)
28441 *Verdi* : Flush all FSDB Files at 0 ps.
28442 sps_tcl_fsdbDumpvars_vd_main
28443 argv[0]: 0
28444 argv[1]: simulator.DCRFLI.RF_GEN[5].RF.CORE.CORDIC_GEN[0].CORDIC.c[15]
28445 argv[2]: +all
28446 argv[3]: +trace_process
28447 *Verdi* ERROR: The #2 argument "simulator.DCRFLI.RF_GEN[5].RF.CORE.CORDIC_GEN[0].CORDIC.c[15]" is invalid
28448 *Verdi* ERROR: Failed to dump because the specified instance or option is not correct
28449 *Verdi* ERROR: Syntax - fsdbDumpvars [depth] [instance] [option]*
28450 sps_tcl_fsdbDumpflush_vd_main at 0 : N/A(0)
28451 *Verdi* : Flush all FSDB Files at 0 ps.
28452 sps_tcl_fsdbDumpvars_vd_main
28453 argv[0]: 0
28454 argv[1]: simulator.DCRFLI.RF_GEN[5].RF.CORE.CORDIC_GEN[1].CORDIC.c[15]
28455 argv[2]: +all
28456 argv[3]: +trace_process
28457 *Verdi* ERROR: The #2 argument "simulator.DCRFLI.RF_GEN[5].RF.CORE.CORDIC_GEN[1].CORDIC.c[15]" is invalid
28458 *Verdi* ERROR: Failed to dump because the specified instance or option is not correct
28459 *Verdi* ERROR: Syntax - fsdbDumpvars [depth] [instance] [option]*
28460 sps_tcl_fsdbDumpflush_vd_main at 0 : N/A(0)
28461 *Verdi* : Flush all FSDB Files at 0 ps.
28462 sps_tcl_fsdbDumpvars_vd_main
28463 argv[0]: 0
28464 argv[1]: simulator.DCRFLI.RF_GEN[5].RF.CORE.CORDIC_GEN[2].CORDIC.c[15]
28465 argv[2]: +all
28466 argv[3]: +trace_process
28467 *Verdi* ERROR: The #2 argument "simulator.DCRFLI.RF_GEN[5].RF.CORE.CORDIC_GEN[2].CORDIC.c[15]" is invalid
28468 *Verdi* ERROR: Failed to dump because the specified instance or option is not correct
28469 *Verdi* ERROR: Syntax - fsdbDumpvars [depth] [instance] [option]*
28470 sps_tcl_fsdbDumpflush_vd_main at 0 : N/A(0)
28471 *Verdi* : Flush all FSDB Files at 0 ps.
28472 sps_tcl_fsdbDumpvars_vd_main
28473 argv[0]: 0
28474 argv[1]: simulator.DCRFLI.RF_GEN[5].RF.CORE.CORDIC_GEN[3].CORDIC.c[15]
28475 argv[2]: +all
28476 argv[3]: +trace_process
28477 *Verdi* ERROR: The #2 argument "simulator.DCRFLI.RF_GEN[5].RF.CORE.CORDIC_GEN[3].CORDIC.c[15]" is invalid
28478 *Verdi* ERROR: Failed to dump because the specified instance or option is not correct
28479 *Verdi* ERROR: Syntax - fsdbDumpvars [depth] [instance] [option]*
28480 sps_tcl_fsdbDumpflush_vd_main at 0 : N/A(0)
28481 *Verdi* : Flush all FSDB Files at 0 ps.
28482 sps_tcl_fsdbDumpvars_vd_main
28483 argv[0]: 0
28484 argv[1]: simulator.DCRFLI.RF_GEN[5].RF.CORE.CORDIC_GEN[4].CORDIC.c[15]
28485 argv[2]: +all
28486 argv[3]: +trace_process
28487 *Verdi* ERROR: The #2 argument "simulator.DCRFLI.RF_GEN[5].RF.CORE.CORDIC_GEN[4].CORDIC.c[15]" is invalid
28488 *Verdi* ERROR: Failed to dump because the specified instance or option is not correct
28489 *Verdi* ERROR: Syntax - fsdbDumpvars [depth] [instance] [option]*
28490 sps_tcl_fsdbDumpflush_vd_main at 0 : N/A(0)
28491 *Verdi* : Flush all FSDB Files at 0 ps.
28492 sps_tcl_fsdbDumpvars_vd_main
28493 argv[0]: 0
28494 argv[1]: simulator.DCRFLI.RF_GEN[5].RF.CORE.CORDIC_GEN[5].CORDIC.c[15]
28495 argv[2]: +all
28496 argv[3]: +trace_process
28497 *Verdi* ERROR: The #2 argument "simulator.DCRFLI.RF_GEN[5].RF.CORE.CORDIC_GEN[5].CORDIC.c[15]" is invalid
28498 *Verdi* ERROR: Failed to dump because the specified instance or option is not correct
28499 *Verdi* ERROR: Syntax - fsdbDumpvars [depth] [instance] [option]*
28500 sps_tcl_fsdbDumpflush_vd_main at 0 : N/A(0)
28501 *Verdi* : Flush all FSDB Files at 0 ps.
28502 sps_tcl_fsdbDumpvars_vd_main
28503 argv[0]: 0
28504 argv[1]: simulator.DCRFLI.RF_GEN[5].RF.CORE.CORDIC_GEN[6].CORDIC.c[15]
28505 argv[2]: +all
28506 argv[3]: +trace_process
28507 *Verdi* ERROR: The #2 argument "simulator.DCRFLI.RF_GEN[5].RF.CORE.CORDIC_GEN[6].CORDIC.c[15]" is invalid
28508 *Verdi* ERROR: Failed to dump because the specified instance or option is not correct
28509 *Verdi* ERROR: Syntax - fsdbDumpvars [depth] [instance] [option]*
28510 sps_tcl_fsdbDumpflush_vd_main at 0 : N/A(0)
28511 *Verdi* : Flush all FSDB Files at 0 ps.
28512 sps_tcl_fsdbDumpvars_vd_main
28513 argv[0]: 0
28514 argv[1]: simulator.DCRFLI.RF_GEN[5].RF.CORE.CORDIC_GEN[7].CORDIC.c[15]
28515 argv[2]: +all
28516 argv[3]: +trace_process
28517 *Verdi* ERROR: The #2 argument "simulator.DCRFLI.RF_GEN[5].RF.CORE.CORDIC_GEN[7].CORDIC.c[15]" is invalid
28518 *Verdi* ERROR: Failed to dump because the specified instance or option is not correct
28519 *Verdi* ERROR: Syntax - fsdbDumpvars [depth] [instance] [option]*
28520 sps_tcl_fsdbDumpflush_vd_main at 0 : N/A(0)
28521 *Verdi* : Flush all FSDB Files at 0 ps.
28522 sps_tcl_fsdbDumpvars_vd_main
28523 argv[0]: 0
28524 argv[1]: simulator.DCRFLI.RF_GEN[5].RF.CORE.CORDIC_GEN[0].CORDIC.c[14]
28525 argv[2]: +all
28526 argv[3]: +trace_process
28527 *Verdi* ERROR: The #2 argument "simulator.DCRFLI.RF_GEN[5].RF.CORE.CORDIC_GEN[0].CORDIC.c[14]" is invalid
28528 *Verdi* ERROR: Failed to dump because the specified instance or option is not correct
28529 *Verdi* ERROR: Syntax - fsdbDumpvars [depth] [instance] [option]*
28530 sps_tcl_fsdbDumpflush_vd_main at 0 : N/A(0)
28531 *Verdi* : Flush all FSDB Files at 0 ps.
28532 sps_tcl_fsdbDumpvars_vd_main
28533 argv[0]: 0
28534 argv[1]: simulator.DCRFLI.RF_GEN[5].RF.CORE.CORDIC_GEN[1].CORDIC.c[14]
28535 argv[2]: +all
28536 argv[3]: +trace_process
28537 *Verdi* ERROR: The #2 argument "simulator.DCRFLI.RF_GEN[5].RF.CORE.CORDIC_GEN[1].CORDIC.c[14]" is invalid
28538 *Verdi* ERROR: Failed to dump because the specified instance or option is not correct
28539 *Verdi* ERROR: Syntax - fsdbDumpvars [depth] [instance] [option]*
28540 sps_tcl_fsdbDumpflush_vd_main at 0 : N/A(0)
28541 *Verdi* : Flush all FSDB Files at 0 ps.
28542 sps_tcl_fsdbDumpvars_vd_main
28543 argv[0]: 0
28544 argv[1]: simulator.DCRFLI.RF_GEN[5].RF.CORE.CORDIC_GEN[2].CORDIC.c[14]
28545 argv[2]: +all
28546 argv[3]: +trace_process
28547 *Verdi* ERROR: The #2 argument "simulator.DCRFLI.RF_GEN[5].RF.CORE.CORDIC_GEN[2].CORDIC.c[14]" is invalid
28548 *Verdi* ERROR: Failed to dump because the specified instance or option is not correct
28549 *Verdi* ERROR: Syntax - fsdbDumpvars [depth] [instance] [option]*
28550 sps_tcl_fsdbDumpflush_vd_main at 0 : N/A(0)
28551 *Verdi* : Flush all FSDB Files at 0 ps.
28552 sps_tcl_fsdbDumpvars_vd_main
28553 argv[0]: 0
28554 argv[1]: simulator.DCRFLI.RF_GEN[5].RF.CORE.CORDIC_GEN[3].CORDIC.c[14]
28555 argv[2]: +all
28556 argv[3]: +trace_process
28557 *Verdi* ERROR: The #2 argument "simulator.DCRFLI.RF_GEN[5].RF.CORE.CORDIC_GEN[3].CORDIC.c[14]" is invalid
28558 *Verdi* ERROR: Failed to dump because the specified instance or option is not correct
28559 *Verdi* ERROR: Syntax - fsdbDumpvars [depth] [instance] [option]*
28560 sps_tcl_fsdbDumpflush_vd_main at 0 : N/A(0)
28561 *Verdi* : Flush all FSDB Files at 0 ps.
28562 sps_tcl_fsdbDumpvars_vd_main
28563 argv[0]: 0
28564 argv[1]: simulator.DCRFLI.RF_GEN[5].RF.CORE.CORDIC_GEN[4].CORDIC.c[14]
28565 argv[2]: +all
28566 argv[3]: +trace_process
28567 *Verdi* ERROR: The #2 argument "simulator.DCRFLI.RF_GEN[5].RF.CORE.CORDIC_GEN[4].CORDIC.c[14]" is invalid
28568 *Verdi* ERROR: Failed to dump because the specified instance or option is not correct
28569 *Verdi* ERROR: Syntax - fsdbDumpvars [depth] [instance] [option]*
28570 sps_tcl_fsdbDumpflush_vd_main at 0 : N/A(0)
28571 *Verdi* : Flush all FSDB Files at 0 ps.
28572 sps_tcl_fsdbDumpvars_vd_main
28573 argv[0]: 0
28574 argv[1]: simulator.DCRFLI.RF_GEN[5].RF.CORE.CORDIC_GEN[5].CORDIC.c[14]
28575 argv[2]: +all
28576 argv[3]: +trace_process
28577 *Verdi* ERROR: The #2 argument "simulator.DCRFLI.RF_GEN[5].RF.CORE.CORDIC_GEN[5].CORDIC.c[14]" is invalid
28578 *Verdi* ERROR: Failed to dump because the specified instance or option is not correct
28579 *Verdi* ERROR: Syntax - fsdbDumpvars [depth] [instance] [option]*
28580 sps_tcl_fsdbDumpflush_vd_main at 0 : N/A(0)
28581 *Verdi* : Flush all FSDB Files at 0 ps.
28582 sps_tcl_fsdbDumpvars_vd_main
28583 argv[0]: 0
28584 argv[1]: simulator.DCRFLI.RF_GEN[5].RF.CORE.CORDIC_GEN[6].CORDIC.c[14]
28585 argv[2]: +all
28586 argv[3]: +trace_process
28587 *Verdi* ERROR: The #2 argument "simulator.DCRFLI.RF_GEN[5].RF.CORE.CORDIC_GEN[6].CORDIC.c[14]" is invalid
28588 *Verdi* ERROR: Failed to dump because the specified instance or option is not correct
28589 *Verdi* ERROR: Syntax - fsdbDumpvars [depth] [instance] [option]*
28590 sps_tcl_fsdbDumpflush_vd_main at 0 : N/A(0)
28591 *Verdi* : Flush all FSDB Files at 0 ps.
28592 sps_tcl_fsdbDumpvars_vd_main
28593 argv[0]: 0
28594 argv[1]: simulator.DCRFLI.RF_GEN[5].RF.CORE.CORDIC_GEN[7].CORDIC.c[14]
28595 argv[2]: +all
28596 argv[3]: +trace_process
28597 *Verdi* ERROR: The #2 argument "simulator.DCRFLI.RF_GEN[5].RF.CORE.CORDIC_GEN[7].CORDIC.c[14]" is invalid
28598 *Verdi* ERROR: Failed to dump because the specified instance or option is not correct
28599 *Verdi* ERROR: Syntax - fsdbDumpvars [depth] [instance] [option]*
28600 sps_tcl_fsdbDumpflush_vd_main at 0 : N/A(0)
28601 *Verdi* : Flush all FSDB Files at 0 ps.
28602 sps_tcl_fsdbDumpvars_vd_main
28603 argv[0]: 0
28604 argv[1]: simulator.DCRFLI.RF_GEN[5].RF.CORE.CORDIC_GEN[0].CORDIC.c[13]
28605 argv[2]: +all
28606 argv[3]: +trace_process
28607 *Verdi* ERROR: The #2 argument "simulator.DCRFLI.RF_GEN[5].RF.CORE.CORDIC_GEN[0].CORDIC.c[13]" is invalid
28608 *Verdi* ERROR: Failed to dump because the specified instance or option is not correct
28609 *Verdi* ERROR: Syntax - fsdbDumpvars [depth] [instance] [option]*
28610 sps_tcl_fsdbDumpflush_vd_main at 0 : N/A(0)
28611 *Verdi* : Flush all FSDB Files at 0 ps.
28612 sps_tcl_fsdbDumpvars_vd_main
28613 argv[0]: 0
28614 argv[1]: simulator.DCRFLI.RF_GEN[5].RF.CORE.CORDIC_GEN[1].CORDIC.c[13]
28615 argv[2]: +all
28616 argv[3]: +trace_process
28617 *Verdi* ERROR: The #2 argument "simulator.DCRFLI.RF_GEN[5].RF.CORE.CORDIC_GEN[1].CORDIC.c[13]" is invalid
28618 *Verdi* ERROR: Failed to dump because the specified instance or option is not correct
28619 *Verdi* ERROR: Syntax - fsdbDumpvars [depth] [instance] [option]*
28620 sps_tcl_fsdbDumpflush_vd_main at 0 : N/A(0)
28621 *Verdi* : Flush all FSDB Files at 0 ps.
28622 sps_tcl_fsdbDumpvars_vd_main
28623 argv[0]: 0
28624 argv[1]: simulator.DCRFLI.RF_GEN[5].RF.CORE.CORDIC_GEN[2].CORDIC.c[13]
28625 argv[2]: +all
28626 argv[3]: +trace_process
28627 *Verdi* ERROR: The #2 argument "simulator.DCRFLI.RF_GEN[5].RF.CORE.CORDIC_GEN[2].CORDIC.c[13]" is invalid
28628 *Verdi* ERROR: Failed to dump because the specified instance or option is not correct
28629 *Verdi* ERROR: Syntax - fsdbDumpvars [depth] [instance] [option]*
28630 sps_tcl_fsdbDumpflush_vd_main at 0 : N/A(0)
28631 *Verdi* : Flush all FSDB Files at 0 ps.
28632 sps_tcl_fsdbDumpvars_vd_main
28633 argv[0]: 0
28634 argv[1]: simulator.DCRFLI.RF_GEN[5].RF.CORE.CORDIC_GEN[3].CORDIC.c[13]
28635 argv[2]: +all
28636 argv[3]: +trace_process
28637 *Verdi* ERROR: The #2 argument "simulator.DCRFLI.RF_GEN[5].RF.CORE.CORDIC_GEN[3].CORDIC.c[13]" is invalid
28638 *Verdi* ERROR: Failed to dump because the specified instance or option is not correct
28639 *Verdi* ERROR: Syntax - fsdbDumpvars [depth] [instance] [option]*
28640 sps_tcl_fsdbDumpflush_vd_main at 0 : N/A(0)
28641 *Verdi* : Flush all FSDB Files at 0 ps.
28642 sps_tcl_fsdbDumpvars_vd_main
28643 argv[0]: 0
28644 argv[1]: simulator.DCRFLI.RF_GEN[5].RF.CORE.CORDIC_GEN[4].CORDIC.c[13]
28645 argv[2]: +all
28646 argv[3]: +trace_process
28647 *Verdi* ERROR: The #2 argument "simulator.DCRFLI.RF_GEN[5].RF.CORE.CORDIC_GEN[4].CORDIC.c[13]" is invalid
28648 *Verdi* ERROR: Failed to dump because the specified instance or option is not correct
28649 *Verdi* ERROR: Syntax - fsdbDumpvars [depth] [instance] [option]*
28650 sps_tcl_fsdbDumpflush_vd_main at 0 : N/A(0)
28651 *Verdi* : Flush all FSDB Files at 0 ps.
28652 sps_tcl_fsdbDumpvars_vd_main
28653 argv[0]: 0
28654 argv[1]: simulator.DCRFLI.RF_GEN[5].RF.CORE.CORDIC_GEN[5].CORDIC.c[13]
28655 argv[2]: +all
28656 argv[3]: +trace_process
28657 *Verdi* ERROR: The #2 argument "simulator.DCRFLI.RF_GEN[5].RF.CORE.CORDIC_GEN[5].CORDIC.c[13]" is invalid
28658 *Verdi* ERROR: Failed to dump because the specified instance or option is not correct
28659 *Verdi* ERROR: Syntax - fsdbDumpvars [depth] [instance] [option]*
28660 sps_tcl_fsdbDumpflush_vd_main at 0 : N/A(0)
28661 *Verdi* : Flush all FSDB Files at 0 ps.
28662 sps_tcl_fsdbDumpvars_vd_main
28663 argv[0]: 0
28664 argv[1]: simulator.DCRFLI.RF_GEN[5].RF.CORE.CORDIC_GEN[6].CORDIC.c[13]
28665 argv[2]: +all
28666 argv[3]: +trace_process
28667 *Verdi* ERROR: The #2 argument "simulator.DCRFLI.RF_GEN[5].RF.CORE.CORDIC_GEN[6].CORDIC.c[13]" is invalid
28668 *Verdi* ERROR: Failed to dump because the specified instance or option is not correct
28669 *Verdi* ERROR: Syntax - fsdbDumpvars [depth] [instance] [option]*
28670 sps_tcl_fsdbDumpflush_vd_main at 0 : N/A(0)
28671 *Verdi* : Flush all FSDB Files at 0 ps.
28672 sps_tcl_fsdbDumpvars_vd_main
28673 argv[0]: 0
28674 argv[1]: simulator.DCRFLI.RF_GEN[5].RF.CORE.CORDIC_GEN[7].CORDIC.c[13]
28675 argv[2]: +all
28676 argv[3]: +trace_process
28677 *Verdi* ERROR: The #2 argument "simulator.DCRFLI.RF_GEN[5].RF.CORE.CORDIC_GEN[7].CORDIC.c[13]" is invalid
28678 *Verdi* ERROR: Failed to dump because the specified instance or option is not correct
28679 *Verdi* ERROR: Syntax - fsdbDumpvars [depth] [instance] [option]*
28680 sps_tcl_fsdbDumpflush_vd_main at 0 : N/A(0)
28681 *Verdi* : Flush all FSDB Files at 0 ps.
28682 sps_tcl_fsdbDumpvars_vd_main
28683 argv[0]: 0
28684 argv[1]: simulator.DCRFLI.RF_GEN[5].RF.CORE.CORDIC_GEN[0].CORDIC.c[12]
28685 argv[2]: +all
28686 argv[3]: +trace_process
28687 *Verdi* ERROR: The #2 argument "simulator.DCRFLI.RF_GEN[5].RF.CORE.CORDIC_GEN[0].CORDIC.c[12]" is invalid
28688 *Verdi* ERROR: Failed to dump because the specified instance or option is not correct
28689 *Verdi* ERROR: Syntax - fsdbDumpvars [depth] [instance] [option]*
28690 sps_tcl_fsdbDumpflush_vd_main at 0 : N/A(0)
28691 *Verdi* : Flush all FSDB Files at 0 ps.
28692 sps_tcl_fsdbDumpvars_vd_main
28693 argv[0]: 0
28694 argv[1]: simulator.DCRFLI.RF_GEN[5].RF.CORE.CORDIC_GEN[1].CORDIC.c[12]
28695 argv[2]: +all
28696 argv[3]: +trace_process
28697 *Verdi* ERROR: The #2 argument "simulator.DCRFLI.RF_GEN[5].RF.CORE.CORDIC_GEN[1].CORDIC.c[12]" is invalid
28698 *Verdi* ERROR: Failed to dump because the specified instance or option is not correct
28699 *Verdi* ERROR: Syntax - fsdbDumpvars [depth] [instance] [option]*
28700 sps_tcl_fsdbDumpflush_vd_main at 0 : N/A(0)
28701 *Verdi* : Flush all FSDB Files at 0 ps.
28702 sps_tcl_fsdbDumpvars_vd_main
28703 argv[0]: 0
28704 argv[1]: simulator.DCRFLI.RF_GEN[5].RF.CORE.CORDIC_GEN[2].CORDIC.c[12]
28705 argv[2]: +all
28706 argv[3]: +trace_process
28707 *Verdi* ERROR: The #2 argument "simulator.DCRFLI.RF_GEN[5].RF.CORE.CORDIC_GEN[2].CORDIC.c[12]" is invalid
28708 *Verdi* ERROR: Failed to dump because the specified instance or option is not correct
28709 *Verdi* ERROR: Syntax - fsdbDumpvars [depth] [instance] [option]*
28710 sps_tcl_fsdbDumpflush_vd_main at 0 : N/A(0)
28711 *Verdi* : Flush all FSDB Files at 0 ps.
28712 sps_tcl_fsdbDumpvars_vd_main
28713 argv[0]: 0
28714 argv[1]: simulator.DCRFLI.RF_GEN[5].RF.CORE.CORDIC_GEN[3].CORDIC.c[12]
28715 argv[2]: +all
28716 argv[3]: +trace_process
28717 *Verdi* ERROR: The #2 argument "simulator.DCRFLI.RF_GEN[5].RF.CORE.CORDIC_GEN[3].CORDIC.c[12]" is invalid
28718 *Verdi* ERROR: Failed to dump because the specified instance or option is not correct
28719 *Verdi* ERROR: Syntax - fsdbDumpvars [depth] [instance] [option]*
28720 sps_tcl_fsdbDumpflush_vd_main at 0 : N/A(0)
28721 *Verdi* : Flush all FSDB Files at 0 ps.
28722 sps_tcl_fsdbDumpvars_vd_main
28723 argv[0]: 0
28724 argv[1]: simulator.DCRFLI.RF_GEN[5].RF.CORE.CORDIC_GEN[4].CORDIC.c[12]
28725 argv[2]: +all
28726 argv[3]: +trace_process
28727 *Verdi* ERROR: The #2 argument "simulator.DCRFLI.RF_GEN[5].RF.CORE.CORDIC_GEN[4].CORDIC.c[12]" is invalid
28728 *Verdi* ERROR: Failed to dump because the specified instance or option is not correct
28729 *Verdi* ERROR: Syntax - fsdbDumpvars [depth] [instance] [option]*
28730 sps_tcl_fsdbDumpflush_vd_main at 0 : N/A(0)
28731 *Verdi* : Flush all FSDB Files at 0 ps.
28732 sps_tcl_fsdbDumpvars_vd_main
28733 argv[0]: 0
28734 argv[1]: simulator.DCRFLI.RF_GEN[5].RF.CORE.CORDIC_GEN[5].CORDIC.c[12]
28735 argv[2]: +all
28736 argv[3]: +trace_process
28737 *Verdi* ERROR: The #2 argument "simulator.DCRFLI.RF_GEN[5].RF.CORE.CORDIC_GEN[5].CORDIC.c[12]" is invalid
28738 *Verdi* ERROR: Failed to dump because the specified instance or option is not correct
28739 *Verdi* ERROR: Syntax - fsdbDumpvars [depth] [instance] [option]*
28740 sps_tcl_fsdbDumpflush_vd_main at 0 : N/A(0)
28741 *Verdi* : Flush all FSDB Files at 0 ps.
28742 sps_tcl_fsdbDumpvars_vd_main
28743 argv[0]: 0
28744 argv[1]: simulator.DCRFLI.RF_GEN[5].RF.CORE.CORDIC_GEN[6].CORDIC.c[12]
28745 argv[2]: +all
28746 argv[3]: +trace_process
28747 *Verdi* ERROR: The #2 argument "simulator.DCRFLI.RF_GEN[5].RF.CORE.CORDIC_GEN[6].CORDIC.c[12]" is invalid
28748 *Verdi* ERROR: Failed to dump because the specified instance or option is not correct
28749 *Verdi* ERROR: Syntax - fsdbDumpvars [depth] [instance] [option]*
28750 sps_tcl_fsdbDumpflush_vd_main at 0 : N/A(0)
28751 *Verdi* : Flush all FSDB Files at 0 ps.
28752 sps_tcl_fsdbDumpvars_vd_main
28753 argv[0]: 0
28754 argv[1]: simulator.DCRFLI.RF_GEN[5].RF.CORE.CORDIC_GEN[7].CORDIC.c[12]
28755 argv[2]: +all
28756 argv[3]: +trace_process
28757 *Verdi* ERROR: The #2 argument "simulator.DCRFLI.RF_GEN[5].RF.CORE.CORDIC_GEN[7].CORDIC.c[12]" is invalid
28758 *Verdi* ERROR: Failed to dump because the specified instance or option is not correct
28759 *Verdi* ERROR: Syntax - fsdbDumpvars [depth] [instance] [option]*
28760 sps_tcl_fsdbDumpflush_vd_main at 0 : N/A(0)
28761 *Verdi* : Flush all FSDB Files at 0 ps.
28762 sps_tcl_fsdbDumpvars_vd_main
28763 argv[0]: 0
28764 argv[1]: simulator.DCRFLI.RF_GEN[5].RF.CORE.CORDIC_GEN[0].CORDIC.c[11]
28765 argv[2]: +all
28766 argv[3]: +trace_process
28767 *Verdi* ERROR: The #2 argument "simulator.DCRFLI.RF_GEN[5].RF.CORE.CORDIC_GEN[0].CORDIC.c[11]" is invalid
28768 *Verdi* ERROR: Failed to dump because the specified instance or option is not correct
28769 *Verdi* ERROR: Syntax - fsdbDumpvars [depth] [instance] [option]*
28770 sps_tcl_fsdbDumpflush_vd_main at 0 : N/A(0)
28771 *Verdi* : Flush all FSDB Files at 0 ps.
28772 sps_tcl_fsdbDumpvars_vd_main
28773 argv[0]: 0
28774 argv[1]: simulator.DCRFLI.RF_GEN[5].RF.CORE.CORDIC_GEN[1].CORDIC.c[11]
28775 argv[2]: +all
28776 argv[3]: +trace_process
28777 *Verdi* ERROR: The #2 argument "simulator.DCRFLI.RF_GEN[5].RF.CORE.CORDIC_GEN[1].CORDIC.c[11]" is invalid
28778 *Verdi* ERROR: Failed to dump because the specified instance or option is not correct
28779 *Verdi* ERROR: Syntax - fsdbDumpvars [depth] [instance] [option]*
28780 sps_tcl_fsdbDumpflush_vd_main at 0 : N/A(0)
28781 *Verdi* : Flush all FSDB Files at 0 ps.
28782 sps_tcl_fsdbDumpvars_vd_main
28783 argv[0]: 0
28784 argv[1]: simulator.DCRFLI.RF_GEN[5].RF.CORE.CORDIC_GEN[2].CORDIC.c[11]
28785 argv[2]: +all
28786 argv[3]: +trace_process
28787 *Verdi* ERROR: The #2 argument "simulator.DCRFLI.RF_GEN[5].RF.CORE.CORDIC_GEN[2].CORDIC.c[11]" is invalid
28788 *Verdi* ERROR: Failed to dump because the specified instance or option is not correct
28789 *Verdi* ERROR: Syntax - fsdbDumpvars [depth] [instance] [option]*
28790 sps_tcl_fsdbDumpflush_vd_main at 0 : N/A(0)
28791 *Verdi* : Flush all FSDB Files at 0 ps.
28792 sps_tcl_fsdbDumpvars_vd_main
28793 argv[0]: 0
28794 argv[1]: simulator.DCRFLI.RF_GEN[5].RF.CORE.CORDIC_GEN[3].CORDIC.c[11]
28795 argv[2]: +all
28796 argv[3]: +trace_process
28797 *Verdi* ERROR: The #2 argument "simulator.DCRFLI.RF_GEN[5].RF.CORE.CORDIC_GEN[3].CORDIC.c[11]" is invalid
28798 *Verdi* ERROR: Failed to dump because the specified instance or option is not correct
28799 *Verdi* ERROR: Syntax - fsdbDumpvars [depth] [instance] [option]*
28800 sps_tcl_fsdbDumpflush_vd_main at 0 : N/A(0)
28801 *Verdi* : Flush all FSDB Files at 0 ps.
28802 sps_tcl_fsdbDumpvars_vd_main
28803 argv[0]: 0
28804 argv[1]: simulator.DCRFLI.RF_GEN[5].RF.CORE.CORDIC_GEN[4].CORDIC.c[11]
28805 argv[2]: +all
28806 argv[3]: +trace_process
28807 *Verdi* ERROR: The #2 argument "simulator.DCRFLI.RF_GEN[5].RF.CORE.CORDIC_GEN[4].CORDIC.c[11]" is invalid
28808 *Verdi* ERROR: Failed to dump because the specified instance or option is not correct
28809 *Verdi* ERROR: Syntax - fsdbDumpvars [depth] [instance] [option]*
28810 sps_tcl_fsdbDumpflush_vd_main at 0 : N/A(0)
28811 *Verdi* : Flush all FSDB Files at 0 ps.
28812 sps_tcl_fsdbDumpvars_vd_main
28813 argv[0]: 0
28814 argv[1]: simulator.DCRFLI.RF_GEN[5].RF.CORE.CORDIC_GEN[5].CORDIC.c[11]
28815 argv[2]: +all
28816 argv[3]: +trace_process
28817 *Verdi* ERROR: The #2 argument "simulator.DCRFLI.RF_GEN[5].RF.CORE.CORDIC_GEN[5].CORDIC.c[11]" is invalid
28818 *Verdi* ERROR: Failed to dump because the specified instance or option is not correct
28819 *Verdi* ERROR: Syntax - fsdbDumpvars [depth] [instance] [option]*
28820 sps_tcl_fsdbDumpflush_vd_main at 0 : N/A(0)
28821 *Verdi* : Flush all FSDB Files at 0 ps.
28822 sps_tcl_fsdbDumpvars_vd_main
28823 argv[0]: 0
28824 argv[1]: simulator.DCRFLI.RF_GEN[5].RF.CORE.CORDIC_GEN[6].CORDIC.c[11]
28825 argv[2]: +all
28826 argv[3]: +trace_process
28827 *Verdi* ERROR: The #2 argument "simulator.DCRFLI.RF_GEN[5].RF.CORE.CORDIC_GEN[6].CORDIC.c[11]" is invalid
28828 *Verdi* ERROR: Failed to dump because the specified instance or option is not correct
28829 *Verdi* ERROR: Syntax - fsdbDumpvars [depth] [instance] [option]*
28830 sps_tcl_fsdbDumpflush_vd_main at 0 : N/A(0)
28831 *Verdi* : Flush all FSDB Files at 0 ps.
28832 sps_tcl_fsdbDumpvars_vd_main
28833 argv[0]: 0
28834 argv[1]: simulator.DCRFLI.RF_GEN[5].RF.CORE.CORDIC_GEN[7].CORDIC.c[11]
28835 argv[2]: +all
28836 argv[3]: +trace_process
28837 *Verdi* ERROR: The #2 argument "simulator.DCRFLI.RF_GEN[5].RF.CORE.CORDIC_GEN[7].CORDIC.c[11]" is invalid
28838 *Verdi* ERROR: Failed to dump because the specified instance or option is not correct
28839 *Verdi* ERROR: Syntax - fsdbDumpvars [depth] [instance] [option]*
28840 sps_tcl_fsdbDumpflush_vd_main at 0 : N/A(0)
28841 *Verdi* : Flush all FSDB Files at 0 ps.
28842 sps_tcl_fsdbDumpvars_vd_main
28843 argv[0]: 0
28844 argv[1]: simulator.DCRFLI.RF_GEN[5].RF.CORE.CORDIC_GEN[0].CORDIC.c[10]
28845 argv[2]: +all
28846 argv[3]: +trace_process
28847 *Verdi* ERROR: The #2 argument "simulator.DCRFLI.RF_GEN[5].RF.CORE.CORDIC_GEN[0].CORDIC.c[10]" is invalid
28848 *Verdi* ERROR: Failed to dump because the specified instance or option is not correct
28849 *Verdi* ERROR: Syntax - fsdbDumpvars [depth] [instance] [option]*
28850 sps_tcl_fsdbDumpflush_vd_main at 0 : N/A(0)
28851 *Verdi* : Flush all FSDB Files at 0 ps.
28852 sps_tcl_fsdbDumpvars_vd_main
28853 argv[0]: 0
28854 argv[1]: simulator.DCRFLI.RF_GEN[5].RF.CORE.CORDIC_GEN[1].CORDIC.c[10]
28855 argv[2]: +all
28856 argv[3]: +trace_process
28857 *Verdi* ERROR: The #2 argument "simulator.DCRFLI.RF_GEN[5].RF.CORE.CORDIC_GEN[1].CORDIC.c[10]" is invalid
28858 *Verdi* ERROR: Failed to dump because the specified instance or option is not correct
28859 *Verdi* ERROR: Syntax - fsdbDumpvars [depth] [instance] [option]*
28860 sps_tcl_fsdbDumpflush_vd_main at 0 : N/A(0)
28861 *Verdi* : Flush all FSDB Files at 0 ps.
28862 sps_tcl_fsdbDumpvars_vd_main
28863 argv[0]: 0
28864 argv[1]: simulator.DCRFLI.RF_GEN[5].RF.CORE.CORDIC_GEN[2].CORDIC.c[10]
28865 argv[2]: +all
28866 argv[3]: +trace_process
28867 *Verdi* ERROR: The #2 argument "simulator.DCRFLI.RF_GEN[5].RF.CORE.CORDIC_GEN[2].CORDIC.c[10]" is invalid
28868 *Verdi* ERROR: Failed to dump because the specified instance or option is not correct
28869 *Verdi* ERROR: Syntax - fsdbDumpvars [depth] [instance] [option]*
28870 sps_tcl_fsdbDumpflush_vd_main at 0 : N/A(0)
28871 *Verdi* : Flush all FSDB Files at 0 ps.
28872 sps_tcl_fsdbDumpvars_vd_main
28873 argv[0]: 0
28874 argv[1]: simulator.DCRFLI.RF_GEN[5].RF.CORE.CORDIC_GEN[3].CORDIC.c[10]
28875 argv[2]: +all
28876 argv[3]: +trace_process
28877 *Verdi* ERROR: The #2 argument "simulator.DCRFLI.RF_GEN[5].RF.CORE.CORDIC_GEN[3].CORDIC.c[10]" is invalid
28878 *Verdi* ERROR: Failed to dump because the specified instance or option is not correct
28879 *Verdi* ERROR: Syntax - fsdbDumpvars [depth] [instance] [option]*
28880 sps_tcl_fsdbDumpflush_vd_main at 0 : N/A(0)
28881 *Verdi* : Flush all FSDB Files at 0 ps.
28882 sps_tcl_fsdbDumpvars_vd_main
28883 argv[0]: 0
28884 argv[1]: simulator.DCRFLI.RF_GEN[5].RF.CORE.CORDIC_GEN[4].CORDIC.c[10]
28885 argv[2]: +all
28886 argv[3]: +trace_process
28887 *Verdi* ERROR: The #2 argument "simulator.DCRFLI.RF_GEN[5].RF.CORE.CORDIC_GEN[4].CORDIC.c[10]" is invalid
28888 *Verdi* ERROR: Failed to dump because the specified instance or option is not correct
28889 *Verdi* ERROR: Syntax - fsdbDumpvars [depth] [instance] [option]*
28890 sps_tcl_fsdbDumpflush_vd_main at 0 : N/A(0)
28891 *Verdi* : Flush all FSDB Files at 0 ps.
28892 sps_tcl_fsdbDumpvars_vd_main
28893 argv[0]: 0
28894 argv[1]: simulator.DCRFLI.RF_GEN[5].RF.CORE.CORDIC_GEN[5].CORDIC.c[10]
28895 argv[2]: +all
28896 argv[3]: +trace_process
28897 *Verdi* ERROR: The #2 argument "simulator.DCRFLI.RF_GEN[5].RF.CORE.CORDIC_GEN[5].CORDIC.c[10]" is invalid
28898 *Verdi* ERROR: Failed to dump because the specified instance or option is not correct
28899 *Verdi* ERROR: Syntax - fsdbDumpvars [depth] [instance] [option]*
28900 sps_tcl_fsdbDumpflush_vd_main at 0 : N/A(0)
28901 *Verdi* : Flush all FSDB Files at 0 ps.
28902 sps_tcl_fsdbDumpvars_vd_main
28903 argv[0]: 0
28904 argv[1]: simulator.DCRFLI.RF_GEN[5].RF.CORE.CORDIC_GEN[6].CORDIC.c[10]
28905 argv[2]: +all
28906 argv[3]: +trace_process
28907 *Verdi* ERROR: The #2 argument "simulator.DCRFLI.RF_GEN[5].RF.CORE.CORDIC_GEN[6].CORDIC.c[10]" is invalid
28908 *Verdi* ERROR: Failed to dump because the specified instance or option is not correct
28909 *Verdi* ERROR: Syntax - fsdbDumpvars [depth] [instance] [option]*
28910 sps_tcl_fsdbDumpflush_vd_main at 0 : N/A(0)
28911 *Verdi* : Flush all FSDB Files at 0 ps.
28912 sps_tcl_fsdbDumpvars_vd_main
28913 argv[0]: 0
28914 argv[1]: simulator.DCRFLI.RF_GEN[5].RF.CORE.CORDIC_GEN[7].CORDIC.c[10]
28915 argv[2]: +all
28916 argv[3]: +trace_process
28917 *Verdi* ERROR: The #2 argument "simulator.DCRFLI.RF_GEN[5].RF.CORE.CORDIC_GEN[7].CORDIC.c[10]" is invalid
28918 *Verdi* ERROR: Failed to dump because the specified instance or option is not correct
28919 *Verdi* ERROR: Syntax - fsdbDumpvars [depth] [instance] [option]*
28920 sps_tcl_fsdbDumpflush_vd_main at 0 : N/A(0)
28921 *Verdi* : Flush all FSDB Files at 0 ps.
28922 sps_tcl_fsdbDumpvars_vd_main
28923 argv[0]: 0
28924 argv[1]: simulator.DCRFLI.RF_GEN[5].RF.CORE.CORDIC_GEN[0].CORDIC.c[9]
28925 argv[2]: +all
28926 argv[3]: +trace_process
28927 *Verdi* ERROR: The #2 argument "simulator.DCRFLI.RF_GEN[5].RF.CORE.CORDIC_GEN[0].CORDIC.c[9]" is invalid
28928 *Verdi* ERROR: Failed to dump because the specified instance or option is not correct
28929 *Verdi* ERROR: Syntax - fsdbDumpvars [depth] [instance] [option]*
28930 sps_tcl_fsdbDumpflush_vd_main at 0 : N/A(0)
28931 *Verdi* : Flush all FSDB Files at 0 ps.
28932 sps_tcl_fsdbDumpvars_vd_main
28933 argv[0]: 0
28934 argv[1]: simulator.DCRFLI.RF_GEN[5].RF.CORE.CORDIC_GEN[1].CORDIC.c[9]
28935 argv[2]: +all
28936 argv[3]: +trace_process
28937 *Verdi* ERROR: The #2 argument "simulator.DCRFLI.RF_GEN[5].RF.CORE.CORDIC_GEN[1].CORDIC.c[9]" is invalid
28938 *Verdi* ERROR: Failed to dump because the specified instance or option is not correct
28939 *Verdi* ERROR: Syntax - fsdbDumpvars [depth] [instance] [option]*
28940 sps_tcl_fsdbDumpflush_vd_main at 0 : N/A(0)
28941 *Verdi* : Flush all FSDB Files at 0 ps.
28942 sps_tcl_fsdbDumpvars_vd_main
28943 argv[0]: 0
28944 argv[1]: simulator.DCRFLI.RF_GEN[5].RF.CORE.CORDIC_GEN[2].CORDIC.c[9]
28945 argv[2]: +all
28946 argv[3]: +trace_process
28947 *Verdi* ERROR: The #2 argument "simulator.DCRFLI.RF_GEN[5].RF.CORE.CORDIC_GEN[2].CORDIC.c[9]" is invalid
28948 *Verdi* ERROR: Failed to dump because the specified instance or option is not correct
28949 *Verdi* ERROR: Syntax - fsdbDumpvars [depth] [instance] [option]*
28950 sps_tcl_fsdbDumpflush_vd_main at 0 : N/A(0)
28951 *Verdi* : Flush all FSDB Files at 0 ps.
28952 sps_tcl_fsdbDumpvars_vd_main
28953 argv[0]: 0
28954 argv[1]: simulator.DCRFLI.RF_GEN[5].RF.CORE.CORDIC_GEN[3].CORDIC.c[9]
28955 argv[2]: +all
28956 argv[3]: +trace_process
28957 *Verdi* ERROR: The #2 argument "simulator.DCRFLI.RF_GEN[5].RF.CORE.CORDIC_GEN[3].CORDIC.c[9]" is invalid
28958 *Verdi* ERROR: Failed to dump because the specified instance or option is not correct
28959 *Verdi* ERROR: Syntax - fsdbDumpvars [depth] [instance] [option]*
28960 sps_tcl_fsdbDumpflush_vd_main at 0 : N/A(0)
28961 *Verdi* : Flush all FSDB Files at 0 ps.
28962 sps_tcl_fsdbDumpvars_vd_main
28963 argv[0]: 0
28964 argv[1]: simulator.DCRFLI.RF_GEN[5].RF.CORE.CORDIC_GEN[4].CORDIC.c[9]
28965 argv[2]: +all
28966 argv[3]: +trace_process
28967 *Verdi* ERROR: The #2 argument "simulator.DCRFLI.RF_GEN[5].RF.CORE.CORDIC_GEN[4].CORDIC.c[9]" is invalid
28968 *Verdi* ERROR: Failed to dump because the specified instance or option is not correct
28969 *Verdi* ERROR: Syntax - fsdbDumpvars [depth] [instance] [option]*
28970 sps_tcl_fsdbDumpflush_vd_main at 0 : N/A(0)
28971 *Verdi* : Flush all FSDB Files at 0 ps.
28972 sps_tcl_fsdbDumpvars_vd_main
28973 argv[0]: 0
28974 argv[1]: simulator.DCRFLI.RF_GEN[5].RF.CORE.CORDIC_GEN[5].CORDIC.c[9]
28975 argv[2]: +all
28976 argv[3]: +trace_process
28977 *Verdi* ERROR: The #2 argument "simulator.DCRFLI.RF_GEN[5].RF.CORE.CORDIC_GEN[5].CORDIC.c[9]" is invalid
28978 *Verdi* ERROR: Failed to dump because the specified instance or option is not correct
28979 *Verdi* ERROR: Syntax - fsdbDumpvars [depth] [instance] [option]*
28980 sps_tcl_fsdbDumpflush_vd_main at 0 : N/A(0)
28981 *Verdi* : Flush all FSDB Files at 0 ps.
28982 sps_tcl_fsdbDumpvars_vd_main
28983 argv[0]: 0
28984 argv[1]: simulator.DCRFLI.RF_GEN[5].RF.CORE.CORDIC_GEN[6].CORDIC.c[9]
28985 argv[2]: +all
28986 argv[3]: +trace_process
28987 *Verdi* ERROR: The #2 argument "simulator.DCRFLI.RF_GEN[5].RF.CORE.CORDIC_GEN[6].CORDIC.c[9]" is invalid
28988 *Verdi* ERROR: Failed to dump because the specified instance or option is not correct
28989 *Verdi* ERROR: Syntax - fsdbDumpvars [depth] [instance] [option]*
28990 sps_tcl_fsdbDumpflush_vd_main at 0 : N/A(0)
28991 *Verdi* : Flush all FSDB Files at 0 ps.
28992 sps_tcl_fsdbDumpvars_vd_main
28993 argv[0]: 0
28994 argv[1]: simulator.DCRFLI.RF_GEN[5].RF.CORE.CORDIC_GEN[7].CORDIC.c[9]
28995 argv[2]: +all
28996 argv[3]: +trace_process
28997 *Verdi* ERROR: The #2 argument "simulator.DCRFLI.RF_GEN[5].RF.CORE.CORDIC_GEN[7].CORDIC.c[9]" is invalid
28998 *Verdi* ERROR: Failed to dump because the specified instance or option is not correct
28999 *Verdi* ERROR: Syntax - fsdbDumpvars [depth] [instance] [option]*
29000 sps_tcl_fsdbDumpflush_vd_main at 0 : N/A(0)
29001 *Verdi* : Flush all FSDB Files at 0 ps.
29002 sps_tcl_fsdbDumpvars_vd_main
29003 argv[0]: 0
29004 argv[1]: simulator.DCRFLI.RF_GEN[5].RF.CORE.CORDIC_GEN[0].CORDIC.c[8]
29005 argv[2]: +all
29006 argv[3]: +trace_process
29007 *Verdi* ERROR: The #2 argument "simulator.DCRFLI.RF_GEN[5].RF.CORE.CORDIC_GEN[0].CORDIC.c[8]" is invalid
29008 *Verdi* ERROR: Failed to dump because the specified instance or option is not correct
29009 *Verdi* ERROR: Syntax - fsdbDumpvars [depth] [instance] [option]*
29010 sps_tcl_fsdbDumpflush_vd_main at 0 : N/A(0)
29011 *Verdi* : Flush all FSDB Files at 0 ps.
29012 sps_tcl_fsdbDumpvars_vd_main
29013 argv[0]: 0
29014 argv[1]: simulator.DCRFLI.RF_GEN[5].RF.CORE.CORDIC_GEN[1].CORDIC.c[8]
29015 argv[2]: +all
29016 argv[3]: +trace_process
29017 *Verdi* ERROR: The #2 argument "simulator.DCRFLI.RF_GEN[5].RF.CORE.CORDIC_GEN[1].CORDIC.c[8]" is invalid
29018 *Verdi* ERROR: Failed to dump because the specified instance or option is not correct
29019 *Verdi* ERROR: Syntax - fsdbDumpvars [depth] [instance] [option]*
29020 sps_tcl_fsdbDumpflush_vd_main at 0 : N/A(0)
29021 *Verdi* : Flush all FSDB Files at 0 ps.
29022 sps_tcl_fsdbDumpvars_vd_main
29023 argv[0]: 0
29024 argv[1]: simulator.DCRFLI.RF_GEN[5].RF.CORE.CORDIC_GEN[2].CORDIC.c[8]
29025 argv[2]: +all
29026 argv[3]: +trace_process
29027 *Verdi* ERROR: The #2 argument "simulator.DCRFLI.RF_GEN[5].RF.CORE.CORDIC_GEN[2].CORDIC.c[8]" is invalid
29028 *Verdi* ERROR: Failed to dump because the specified instance or option is not correct
29029 *Verdi* ERROR: Syntax - fsdbDumpvars [depth] [instance] [option]*
29030 sps_tcl_fsdbDumpflush_vd_main at 0 : N/A(0)
29031 *Verdi* : Flush all FSDB Files at 0 ps.
29032 sps_tcl_fsdbDumpvars_vd_main
29033 argv[0]: 0
29034 argv[1]: simulator.DCRFLI.RF_GEN[5].RF.CORE.CORDIC_GEN[3].CORDIC.c[8]
29035 argv[2]: +all
29036 argv[3]: +trace_process
29037 *Verdi* ERROR: The #2 argument "simulator.DCRFLI.RF_GEN[5].RF.CORE.CORDIC_GEN[3].CORDIC.c[8]" is invalid
29038 *Verdi* ERROR: Failed to dump because the specified instance or option is not correct
29039 *Verdi* ERROR: Syntax - fsdbDumpvars [depth] [instance] [option]*
29040 sps_tcl_fsdbDumpflush_vd_main at 0 : N/A(0)
29041 *Verdi* : Flush all FSDB Files at 0 ps.
29042 sps_tcl_fsdbDumpvars_vd_main
29043 argv[0]: 0
29044 argv[1]: simulator.DCRFLI.RF_GEN[5].RF.CORE.CORDIC_GEN[4].CORDIC.c[8]
29045 argv[2]: +all
29046 argv[3]: +trace_process
29047 *Verdi* ERROR: The #2 argument "simulator.DCRFLI.RF_GEN[5].RF.CORE.CORDIC_GEN[4].CORDIC.c[8]" is invalid
29048 *Verdi* ERROR: Failed to dump because the specified instance or option is not correct
29049 *Verdi* ERROR: Syntax - fsdbDumpvars [depth] [instance] [option]*
29050 sps_tcl_fsdbDumpflush_vd_main at 0 : N/A(0)
29051 *Verdi* : Flush all FSDB Files at 0 ps.
29052 sps_tcl_fsdbDumpvars_vd_main
29053 argv[0]: 0
29054 argv[1]: simulator.DCRFLI.RF_GEN[5].RF.CORE.CORDIC_GEN[5].CORDIC.c[8]
29055 argv[2]: +all
29056 argv[3]: +trace_process
29057 *Verdi* ERROR: The #2 argument "simulator.DCRFLI.RF_GEN[5].RF.CORE.CORDIC_GEN[5].CORDIC.c[8]" is invalid
29058 *Verdi* ERROR: Failed to dump because the specified instance or option is not correct
29059 *Verdi* ERROR: Syntax - fsdbDumpvars [depth] [instance] [option]*
29060 sps_tcl_fsdbDumpflush_vd_main at 0 : N/A(0)
29061 *Verdi* : Flush all FSDB Files at 0 ps.
29062 sps_tcl_fsdbDumpvars_vd_main
29063 argv[0]: 0
29064 argv[1]: simulator.DCRFLI.RF_GEN[5].RF.CORE.CORDIC_GEN[6].CORDIC.c[8]
29065 argv[2]: +all
29066 argv[3]: +trace_process
29067 *Verdi* ERROR: The #2 argument "simulator.DCRFLI.RF_GEN[5].RF.CORE.CORDIC_GEN[6].CORDIC.c[8]" is invalid
29068 *Verdi* ERROR: Failed to dump because the specified instance or option is not correct
29069 *Verdi* ERROR: Syntax - fsdbDumpvars [depth] [instance] [option]*
29070 sps_tcl_fsdbDumpflush_vd_main at 0 : N/A(0)
29071 *Verdi* : Flush all FSDB Files at 0 ps.
29072 sps_tcl_fsdbDumpvars_vd_main
29073 argv[0]: 0
29074 argv[1]: simulator.DCRFLI.RF_GEN[5].RF.CORE.CORDIC_GEN[7].CORDIC.c[8]
29075 argv[2]: +all
29076 argv[3]: +trace_process
29077 *Verdi* ERROR: The #2 argument "simulator.DCRFLI.RF_GEN[5].RF.CORE.CORDIC_GEN[7].CORDIC.c[8]" is invalid
29078 *Verdi* ERROR: Failed to dump because the specified instance or option is not correct
29079 *Verdi* ERROR: Syntax - fsdbDumpvars [depth] [instance] [option]*
29080 sps_tcl_fsdbDumpflush_vd_main at 0 : N/A(0)
29081 *Verdi* : Flush all FSDB Files at 0 ps.
29082 sps_tcl_fsdbDumpvars_vd_main
29083 argv[0]: 0
29084 argv[1]: simulator.DCRFLI.RF_GEN[5].RF.CORE.CORDIC_GEN[0].CORDIC.c[7]
29085 argv[2]: +all
29086 argv[3]: +trace_process
29087 *Verdi* ERROR: The #2 argument "simulator.DCRFLI.RF_GEN[5].RF.CORE.CORDIC_GEN[0].CORDIC.c[7]" is invalid
29088 *Verdi* ERROR: Failed to dump because the specified instance or option is not correct
29089 *Verdi* ERROR: Syntax - fsdbDumpvars [depth] [instance] [option]*
29090 sps_tcl_fsdbDumpflush_vd_main at 0 : N/A(0)
29091 *Verdi* : Flush all FSDB Files at 0 ps.
29092 sps_tcl_fsdbDumpvars_vd_main
29093 argv[0]: 0
29094 argv[1]: simulator.DCRFLI.RF_GEN[5].RF.CORE.CORDIC_GEN[1].CORDIC.c[7]
29095 argv[2]: +all
29096 argv[3]: +trace_process
29097 *Verdi* ERROR: The #2 argument "simulator.DCRFLI.RF_GEN[5].RF.CORE.CORDIC_GEN[1].CORDIC.c[7]" is invalid
29098 *Verdi* ERROR: Failed to dump because the specified instance or option is not correct
29099 *Verdi* ERROR: Syntax - fsdbDumpvars [depth] [instance] [option]*
29100 sps_tcl_fsdbDumpflush_vd_main at 0 : N/A(0)
29101 *Verdi* : Flush all FSDB Files at 0 ps.
29102 sps_tcl_fsdbDumpvars_vd_main
29103 argv[0]: 0
29104 argv[1]: simulator.DCRFLI.RF_GEN[5].RF.CORE.CORDIC_GEN[2].CORDIC.c[7]
29105 argv[2]: +all
29106 argv[3]: +trace_process
29107 *Verdi* ERROR: The #2 argument "simulator.DCRFLI.RF_GEN[5].RF.CORE.CORDIC_GEN[2].CORDIC.c[7]" is invalid
29108 *Verdi* ERROR: Failed to dump because the specified instance or option is not correct
29109 *Verdi* ERROR: Syntax - fsdbDumpvars [depth] [instance] [option]*
29110 sps_tcl_fsdbDumpflush_vd_main at 0 : N/A(0)
29111 *Verdi* : Flush all FSDB Files at 0 ps.
29112 sps_tcl_fsdbDumpvars_vd_main
29113 argv[0]: 0
29114 argv[1]: simulator.DCRFLI.RF_GEN[5].RF.CORE.CORDIC_GEN[3].CORDIC.c[7]
29115 argv[2]: +all
29116 argv[3]: +trace_process
29117 *Verdi* ERROR: The #2 argument "simulator.DCRFLI.RF_GEN[5].RF.CORE.CORDIC_GEN[3].CORDIC.c[7]" is invalid
29118 *Verdi* ERROR: Failed to dump because the specified instance or option is not correct
29119 *Verdi* ERROR: Syntax - fsdbDumpvars [depth] [instance] [option]*
29120 sps_tcl_fsdbDumpflush_vd_main at 0 : N/A(0)
29121 *Verdi* : Flush all FSDB Files at 0 ps.
29122 sps_tcl_fsdbDumpvars_vd_main
29123 argv[0]: 0
29124 argv[1]: simulator.DCRFLI.RF_GEN[5].RF.CORE.CORDIC_GEN[4].CORDIC.c[7]
29125 argv[2]: +all
29126 argv[3]: +trace_process
29127 *Verdi* ERROR: The #2 argument "simulator.DCRFLI.RF_GEN[5].RF.CORE.CORDIC_GEN[4].CORDIC.c[7]" is invalid
29128 *Verdi* ERROR: Failed to dump because the specified instance or option is not correct
29129 *Verdi* ERROR: Syntax - fsdbDumpvars [depth] [instance] [option]*
29130 sps_tcl_fsdbDumpflush_vd_main at 0 : N/A(0)
29131 *Verdi* : Flush all FSDB Files at 0 ps.
29132 sps_tcl_fsdbDumpvars_vd_main
29133 argv[0]: 0
29134 argv[1]: simulator.DCRFLI.RF_GEN[5].RF.CORE.CORDIC_GEN[5].CORDIC.c[7]
29135 argv[2]: +all
29136 argv[3]: +trace_process
29137 *Verdi* ERROR: The #2 argument "simulator.DCRFLI.RF_GEN[5].RF.CORE.CORDIC_GEN[5].CORDIC.c[7]" is invalid
29138 *Verdi* ERROR: Failed to dump because the specified instance or option is not correct
29139 *Verdi* ERROR: Syntax - fsdbDumpvars [depth] [instance] [option]*
29140 sps_tcl_fsdbDumpflush_vd_main at 0 : N/A(0)
29141 *Verdi* : Flush all FSDB Files at 0 ps.
29142 sps_tcl_fsdbDumpvars_vd_main
29143 argv[0]: 0
29144 argv[1]: simulator.DCRFLI.RF_GEN[5].RF.CORE.CORDIC_GEN[6].CORDIC.c[7]
29145 argv[2]: +all
29146 argv[3]: +trace_process
29147 *Verdi* ERROR: The #2 argument "simulator.DCRFLI.RF_GEN[5].RF.CORE.CORDIC_GEN[6].CORDIC.c[7]" is invalid
29148 *Verdi* ERROR: Failed to dump because the specified instance or option is not correct
29149 *Verdi* ERROR: Syntax - fsdbDumpvars [depth] [instance] [option]*
29150 sps_tcl_fsdbDumpflush_vd_main at 0 : N/A(0)
29151 *Verdi* : Flush all FSDB Files at 0 ps.
29152 sps_tcl_fsdbDumpvars_vd_main
29153 argv[0]: 0
29154 argv[1]: simulator.DCRFLI.RF_GEN[5].RF.CORE.CORDIC_GEN[7].CORDIC.c[7]
29155 argv[2]: +all
29156 argv[3]: +trace_process
29157 *Verdi* ERROR: The #2 argument "simulator.DCRFLI.RF_GEN[5].RF.CORE.CORDIC_GEN[7].CORDIC.c[7]" is invalid
29158 *Verdi* ERROR: Failed to dump because the specified instance or option is not correct
29159 *Verdi* ERROR: Syntax - fsdbDumpvars [depth] [instance] [option]*
29160 sps_tcl_fsdbDumpflush_vd_main at 0 : N/A(0)
29161 *Verdi* : Flush all FSDB Files at 0 ps.
29162 sps_tcl_fsdbDumpvars_vd_main
29163 argv[0]: 0
29164 argv[1]: simulator.DCRFLI.RF_GEN[5].RF.CORE.CORDIC_GEN[0].CORDIC.c[6]
29165 argv[2]: +all
29166 argv[3]: +trace_process
29167 *Verdi* ERROR: The #2 argument "simulator.DCRFLI.RF_GEN[5].RF.CORE.CORDIC_GEN[0].CORDIC.c[6]" is invalid
29168 *Verdi* ERROR: Failed to dump because the specified instance or option is not correct
29169 *Verdi* ERROR: Syntax - fsdbDumpvars [depth] [instance] [option]*
29170 sps_tcl_fsdbDumpflush_vd_main at 0 : N/A(0)
29171 *Verdi* : Flush all FSDB Files at 0 ps.
29172 sps_tcl_fsdbDumpvars_vd_main
29173 argv[0]: 0
29174 argv[1]: simulator.DCRFLI.RF_GEN[5].RF.CORE.CORDIC_GEN[1].CORDIC.c[6]
29175 argv[2]: +all
29176 argv[3]: +trace_process
29177 *Verdi* ERROR: The #2 argument "simulator.DCRFLI.RF_GEN[5].RF.CORE.CORDIC_GEN[1].CORDIC.c[6]" is invalid
29178 *Verdi* ERROR: Failed to dump because the specified instance or option is not correct
29179 *Verdi* ERROR: Syntax - fsdbDumpvars [depth] [instance] [option]*
29180 sps_tcl_fsdbDumpflush_vd_main at 0 : N/A(0)
29181 *Verdi* : Flush all FSDB Files at 0 ps.
29182 sps_tcl_fsdbDumpvars_vd_main
29183 argv[0]: 0
29184 argv[1]: simulator.DCRFLI.RF_GEN[5].RF.CORE.CORDIC_GEN[2].CORDIC.c[6]
29185 argv[2]: +all
29186 argv[3]: +trace_process
29187 *Verdi* ERROR: The #2 argument "simulator.DCRFLI.RF_GEN[5].RF.CORE.CORDIC_GEN[2].CORDIC.c[6]" is invalid
29188 *Verdi* ERROR: Failed to dump because the specified instance or option is not correct
29189 *Verdi* ERROR: Syntax - fsdbDumpvars [depth] [instance] [option]*
29190 sps_tcl_fsdbDumpflush_vd_main at 0 : N/A(0)
29191 *Verdi* : Flush all FSDB Files at 0 ps.
29192 sps_tcl_fsdbDumpvars_vd_main
29193 argv[0]: 0
29194 argv[1]: simulator.DCRFLI.RF_GEN[5].RF.CORE.CORDIC_GEN[3].CORDIC.c[6]
29195 argv[2]: +all
29196 argv[3]: +trace_process
29197 *Verdi* ERROR: The #2 argument "simulator.DCRFLI.RF_GEN[5].RF.CORE.CORDIC_GEN[3].CORDIC.c[6]" is invalid
29198 *Verdi* ERROR: Failed to dump because the specified instance or option is not correct
29199 *Verdi* ERROR: Syntax - fsdbDumpvars [depth] [instance] [option]*
29200 sps_tcl_fsdbDumpflush_vd_main at 0 : N/A(0)
29201 *Verdi* : Flush all FSDB Files at 0 ps.
29202 sps_tcl_fsdbDumpvars_vd_main
29203 argv[0]: 0
29204 argv[1]: simulator.DCRFLI.RF_GEN[5].RF.CORE.CORDIC_GEN[4].CORDIC.c[6]
29205 argv[2]: +all
29206 argv[3]: +trace_process
29207 *Verdi* ERROR: The #2 argument "simulator.DCRFLI.RF_GEN[5].RF.CORE.CORDIC_GEN[4].CORDIC.c[6]" is invalid
29208 *Verdi* ERROR: Failed to dump because the specified instance or option is not correct
29209 *Verdi* ERROR: Syntax - fsdbDumpvars [depth] [instance] [option]*
29210 sps_tcl_fsdbDumpflush_vd_main at 0 : N/A(0)
29211 *Verdi* : Flush all FSDB Files at 0 ps.
29212 sps_tcl_fsdbDumpvars_vd_main
29213 argv[0]: 0
29214 argv[1]: simulator.DCRFLI.RF_GEN[5].RF.CORE.CORDIC_GEN[5].CORDIC.c[6]
29215 argv[2]: +all
29216 argv[3]: +trace_process
29217 *Verdi* ERROR: The #2 argument "simulator.DCRFLI.RF_GEN[5].RF.CORE.CORDIC_GEN[5].CORDIC.c[6]" is invalid
29218 *Verdi* ERROR: Failed to dump because the specified instance or option is not correct
29219 *Verdi* ERROR: Syntax - fsdbDumpvars [depth] [instance] [option]*
29220 sps_tcl_fsdbDumpflush_vd_main at 0 : N/A(0)
29221 *Verdi* : Flush all FSDB Files at 0 ps.
29222 sps_tcl_fsdbDumpvars_vd_main
29223 argv[0]: 0
29224 argv[1]: simulator.DCRFLI.RF_GEN[5].RF.CORE.CORDIC_GEN[6].CORDIC.c[6]
29225 argv[2]: +all
29226 argv[3]: +trace_process
29227 *Verdi* ERROR: The #2 argument "simulator.DCRFLI.RF_GEN[5].RF.CORE.CORDIC_GEN[6].CORDIC.c[6]" is invalid
29228 *Verdi* ERROR: Failed to dump because the specified instance or option is not correct
29229 *Verdi* ERROR: Syntax - fsdbDumpvars [depth] [instance] [option]*
29230 sps_tcl_fsdbDumpflush_vd_main at 0 : N/A(0)
29231 *Verdi* : Flush all FSDB Files at 0 ps.
29232 sps_tcl_fsdbDumpvars_vd_main
29233 argv[0]: 0
29234 argv[1]: simulator.DCRFLI.RF_GEN[5].RF.CORE.CORDIC_GEN[7].CORDIC.c[6]
29235 argv[2]: +all
29236 argv[3]: +trace_process
29237 *Verdi* ERROR: The #2 argument "simulator.DCRFLI.RF_GEN[5].RF.CORE.CORDIC_GEN[7].CORDIC.c[6]" is invalid
29238 *Verdi* ERROR: Failed to dump because the specified instance or option is not correct
29239 *Verdi* ERROR: Syntax - fsdbDumpvars [depth] [instance] [option]*
29240 sps_tcl_fsdbDumpflush_vd_main at 0 : N/A(0)
29241 *Verdi* : Flush all FSDB Files at 0 ps.
29242 sps_tcl_fsdbDumpvars_vd_main
29243 argv[0]: 0
29244 argv[1]: simulator.DCRFLI.RF_GEN[5].RF.CORE.CORDIC_GEN[0].CORDIC.c[5]
29245 argv[2]: +all
29246 argv[3]: +trace_process
29247 *Verdi* ERROR: The #2 argument "simulator.DCRFLI.RF_GEN[5].RF.CORE.CORDIC_GEN[0].CORDIC.c[5]" is invalid
29248 *Verdi* ERROR: Failed to dump because the specified instance or option is not correct
29249 *Verdi* ERROR: Syntax - fsdbDumpvars [depth] [instance] [option]*
29250 sps_tcl_fsdbDumpflush_vd_main at 0 : N/A(0)
29251 *Verdi* : Flush all FSDB Files at 0 ps.
29252 sps_tcl_fsdbDumpvars_vd_main
29253 argv[0]: 0
29254 argv[1]: simulator.DCRFLI.RF_GEN[5].RF.CORE.CORDIC_GEN[1].CORDIC.c[5]
29255 argv[2]: +all
29256 argv[3]: +trace_process
29257 *Verdi* ERROR: The #2 argument "simulator.DCRFLI.RF_GEN[5].RF.CORE.CORDIC_GEN[1].CORDIC.c[5]" is invalid
29258 *Verdi* ERROR: Failed to dump because the specified instance or option is not correct
29259 *Verdi* ERROR: Syntax - fsdbDumpvars [depth] [instance] [option]*
29260 sps_tcl_fsdbDumpflush_vd_main at 0 : N/A(0)
29261 *Verdi* : Flush all FSDB Files at 0 ps.
29262 sps_tcl_fsdbDumpvars_vd_main
29263 argv[0]: 0
29264 argv[1]: simulator.DCRFLI.RF_GEN[5].RF.CORE.CORDIC_GEN[2].CORDIC.c[5]
29265 argv[2]: +all
29266 argv[3]: +trace_process
29267 *Verdi* ERROR: The #2 argument "simulator.DCRFLI.RF_GEN[5].RF.CORE.CORDIC_GEN[2].CORDIC.c[5]" is invalid
29268 *Verdi* ERROR: Failed to dump because the specified instance or option is not correct
29269 *Verdi* ERROR: Syntax - fsdbDumpvars [depth] [instance] [option]*
29270 sps_tcl_fsdbDumpflush_vd_main at 0 : N/A(0)
29271 *Verdi* : Flush all FSDB Files at 0 ps.
29272 sps_tcl_fsdbDumpvars_vd_main
29273 argv[0]: 0
29274 argv[1]: simulator.DCRFLI.RF_GEN[5].RF.CORE.CORDIC_GEN[3].CORDIC.c[5]
29275 argv[2]: +all
29276 argv[3]: +trace_process
29277 *Verdi* ERROR: The #2 argument "simulator.DCRFLI.RF_GEN[5].RF.CORE.CORDIC_GEN[3].CORDIC.c[5]" is invalid
29278 *Verdi* ERROR: Failed to dump because the specified instance or option is not correct
29279 *Verdi* ERROR: Syntax - fsdbDumpvars [depth] [instance] [option]*
29280 sps_tcl_fsdbDumpflush_vd_main at 0 : N/A(0)
29281 *Verdi* : Flush all FSDB Files at 0 ps.
29282 sps_tcl_fsdbDumpvars_vd_main
29283 argv[0]: 0
29284 argv[1]: simulator.DCRFLI.RF_GEN[5].RF.CORE.CORDIC_GEN[4].CORDIC.c[5]
29285 argv[2]: +all
29286 argv[3]: +trace_process
29287 *Verdi* ERROR: The #2 argument "simulator.DCRFLI.RF_GEN[5].RF.CORE.CORDIC_GEN[4].CORDIC.c[5]" is invalid
29288 *Verdi* ERROR: Failed to dump because the specified instance or option is not correct
29289 *Verdi* ERROR: Syntax - fsdbDumpvars [depth] [instance] [option]*
29290 sps_tcl_fsdbDumpflush_vd_main at 0 : N/A(0)
29291 *Verdi* : Flush all FSDB Files at 0 ps.
29292 sps_tcl_fsdbDumpvars_vd_main
29293 argv[0]: 0
29294 argv[1]: simulator.DCRFLI.RF_GEN[5].RF.CORE.CORDIC_GEN[5].CORDIC.c[5]
29295 argv[2]: +all
29296 argv[3]: +trace_process
29297 *Verdi* ERROR: The #2 argument "simulator.DCRFLI.RF_GEN[5].RF.CORE.CORDIC_GEN[5].CORDIC.c[5]" is invalid
29298 *Verdi* ERROR: Failed to dump because the specified instance or option is not correct
29299 *Verdi* ERROR: Syntax - fsdbDumpvars [depth] [instance] [option]*
29300 sps_tcl_fsdbDumpflush_vd_main at 0 : N/A(0)
29301 *Verdi* : Flush all FSDB Files at 0 ps.
29302 sps_tcl_fsdbDumpvars_vd_main
29303 argv[0]: 0
29304 argv[1]: simulator.DCRFLI.RF_GEN[5].RF.CORE.CORDIC_GEN[6].CORDIC.c[5]
29305 argv[2]: +all
29306 argv[3]: +trace_process
29307 *Verdi* ERROR: The #2 argument "simulator.DCRFLI.RF_GEN[5].RF.CORE.CORDIC_GEN[6].CORDIC.c[5]" is invalid
29308 *Verdi* ERROR: Failed to dump because the specified instance or option is not correct
29309 *Verdi* ERROR: Syntax - fsdbDumpvars [depth] [instance] [option]*
29310 sps_tcl_fsdbDumpflush_vd_main at 0 : N/A(0)
29311 *Verdi* : Flush all FSDB Files at 0 ps.
29312 sps_tcl_fsdbDumpvars_vd_main
29313 argv[0]: 0
29314 argv[1]: simulator.DCRFLI.RF_GEN[5].RF.CORE.CORDIC_GEN[7].CORDIC.c[5]
29315 argv[2]: +all
29316 argv[3]: +trace_process
29317 *Verdi* ERROR: The #2 argument "simulator.DCRFLI.RF_GEN[5].RF.CORE.CORDIC_GEN[7].CORDIC.c[5]" is invalid
29318 *Verdi* ERROR: Failed to dump because the specified instance or option is not correct
29319 *Verdi* ERROR: Syntax - fsdbDumpvars [depth] [instance] [option]*
29320 sps_tcl_fsdbDumpflush_vd_main at 0 : N/A(0)
29321 *Verdi* : Flush all FSDB Files at 0 ps.
29322 sps_tcl_fsdbDumpvars_vd_main
29323 argv[0]: 0
29324 argv[1]: simulator.DCRFLI.RF_GEN[5].RF.CORE.CORDIC_GEN[0].CORDIC.c[4]
29325 argv[2]: +all
29326 argv[3]: +trace_process
29327 *Verdi* ERROR: The #2 argument "simulator.DCRFLI.RF_GEN[5].RF.CORE.CORDIC_GEN[0].CORDIC.c[4]" is invalid
29328 *Verdi* ERROR: Failed to dump because the specified instance or option is not correct
29329 *Verdi* ERROR: Syntax - fsdbDumpvars [depth] [instance] [option]*
29330 sps_tcl_fsdbDumpflush_vd_main at 0 : N/A(0)
29331 *Verdi* : Flush all FSDB Files at 0 ps.
29332 sps_tcl_fsdbDumpvars_vd_main
29333 argv[0]: 0
29334 argv[1]: simulator.DCRFLI.RF_GEN[5].RF.CORE.CORDIC_GEN[1].CORDIC.c[4]
29335 argv[2]: +all
29336 argv[3]: +trace_process
29337 *Verdi* ERROR: The #2 argument "simulator.DCRFLI.RF_GEN[5].RF.CORE.CORDIC_GEN[1].CORDIC.c[4]" is invalid
29338 *Verdi* ERROR: Failed to dump because the specified instance or option is not correct
29339 *Verdi* ERROR: Syntax - fsdbDumpvars [depth] [instance] [option]*
29340 sps_tcl_fsdbDumpflush_vd_main at 0 : N/A(0)
29341 *Verdi* : Flush all FSDB Files at 0 ps.
29342 sps_tcl_fsdbDumpvars_vd_main
29343 argv[0]: 0
29344 argv[1]: simulator.DCRFLI.RF_GEN[5].RF.CORE.CORDIC_GEN[2].CORDIC.c[4]
29345 argv[2]: +all
29346 argv[3]: +trace_process
29347 *Verdi* ERROR: The #2 argument "simulator.DCRFLI.RF_GEN[5].RF.CORE.CORDIC_GEN[2].CORDIC.c[4]" is invalid
29348 *Verdi* ERROR: Failed to dump because the specified instance or option is not correct
29349 *Verdi* ERROR: Syntax - fsdbDumpvars [depth] [instance] [option]*
29350 sps_tcl_fsdbDumpflush_vd_main at 0 : N/A(0)
29351 *Verdi* : Flush all FSDB Files at 0 ps.
29352 sps_tcl_fsdbDumpvars_vd_main
29353 argv[0]: 0
29354 argv[1]: simulator.DCRFLI.RF_GEN[5].RF.CORE.CORDIC_GEN[3].CORDIC.c[4]
29355 argv[2]: +all
29356 argv[3]: +trace_process
29357 *Verdi* ERROR: The #2 argument "simulator.DCRFLI.RF_GEN[5].RF.CORE.CORDIC_GEN[3].CORDIC.c[4]" is invalid
29358 *Verdi* ERROR: Failed to dump because the specified instance or option is not correct
29359 *Verdi* ERROR: Syntax - fsdbDumpvars [depth] [instance] [option]*
29360 sps_tcl_fsdbDumpflush_vd_main at 0 : N/A(0)
29361 *Verdi* : Flush all FSDB Files at 0 ps.
29362 sps_tcl_fsdbDumpvars_vd_main
29363 argv[0]: 0
29364 argv[1]: simulator.DCRFLI.RF_GEN[5].RF.CORE.CORDIC_GEN[4].CORDIC.c[4]
29365 argv[2]: +all
29366 argv[3]: +trace_process
29367 *Verdi* ERROR: The #2 argument "simulator.DCRFLI.RF_GEN[5].RF.CORE.CORDIC_GEN[4].CORDIC.c[4]" is invalid
29368 *Verdi* ERROR: Failed to dump because the specified instance or option is not correct
29369 *Verdi* ERROR: Syntax - fsdbDumpvars [depth] [instance] [option]*
29370 sps_tcl_fsdbDumpflush_vd_main at 0 : N/A(0)
29371 *Verdi* : Flush all FSDB Files at 0 ps.
29372 sps_tcl_fsdbDumpvars_vd_main
29373 argv[0]: 0
29374 argv[1]: simulator.DCRFLI.RF_GEN[5].RF.CORE.CORDIC_GEN[5].CORDIC.c[4]
29375 argv[2]: +all
29376 argv[3]: +trace_process
29377 *Verdi* ERROR: The #2 argument "simulator.DCRFLI.RF_GEN[5].RF.CORE.CORDIC_GEN[5].CORDIC.c[4]" is invalid
29378 *Verdi* ERROR: Failed to dump because the specified instance or option is not correct
29379 *Verdi* ERROR: Syntax - fsdbDumpvars [depth] [instance] [option]*
29380 sps_tcl_fsdbDumpflush_vd_main at 0 : N/A(0)
29381 *Verdi* : Flush all FSDB Files at 0 ps.
29382 sps_tcl_fsdbDumpvars_vd_main
29383 argv[0]: 0
29384 argv[1]: simulator.DCRFLI.RF_GEN[5].RF.CORE.CORDIC_GEN[6].CORDIC.c[4]
29385 argv[2]: +all
29386 argv[3]: +trace_process
29387 *Verdi* ERROR: The #2 argument "simulator.DCRFLI.RF_GEN[5].RF.CORE.CORDIC_GEN[6].CORDIC.c[4]" is invalid
29388 *Verdi* ERROR: Failed to dump because the specified instance or option is not correct
29389 *Verdi* ERROR: Syntax - fsdbDumpvars [depth] [instance] [option]*
29390 sps_tcl_fsdbDumpflush_vd_main at 0 : N/A(0)
29391 *Verdi* : Flush all FSDB Files at 0 ps.
29392 sps_tcl_fsdbDumpvars_vd_main
29393 argv[0]: 0
29394 argv[1]: simulator.DCRFLI.RF_GEN[5].RF.CORE.CORDIC_GEN[7].CORDIC.c[4]
29395 argv[2]: +all
29396 argv[3]: +trace_process
29397 *Verdi* ERROR: The #2 argument "simulator.DCRFLI.RF_GEN[5].RF.CORE.CORDIC_GEN[7].CORDIC.c[4]" is invalid
29398 *Verdi* ERROR: Failed to dump because the specified instance or option is not correct
29399 *Verdi* ERROR: Syntax - fsdbDumpvars [depth] [instance] [option]*
29400 sps_tcl_fsdbDumpflush_vd_main at 0 : N/A(0)
29401 *Verdi* : Flush all FSDB Files at 0 ps.
29402 sps_tcl_fsdbDumpvars_vd_main
29403 argv[0]: 0
29404 argv[1]: simulator.DCRFLI.RF_GEN[5].RF.CORE.CORDIC_GEN[0].CORDIC.c[3]
29405 argv[2]: +all
29406 argv[3]: +trace_process
29407 *Verdi* ERROR: The #2 argument "simulator.DCRFLI.RF_GEN[5].RF.CORE.CORDIC_GEN[0].CORDIC.c[3]" is invalid
29408 *Verdi* ERROR: Failed to dump because the specified instance or option is not correct
29409 *Verdi* ERROR: Syntax - fsdbDumpvars [depth] [instance] [option]*
29410 sps_tcl_fsdbDumpflush_vd_main at 0 : N/A(0)
29411 *Verdi* : Flush all FSDB Files at 0 ps.
29412 sps_tcl_fsdbDumpvars_vd_main
29413 argv[0]: 0
29414 argv[1]: simulator.DCRFLI.RF_GEN[5].RF.CORE.CORDIC_GEN[1].CORDIC.c[3]
29415 argv[2]: +all
29416 argv[3]: +trace_process
29417 *Verdi* ERROR: The #2 argument "simulator.DCRFLI.RF_GEN[5].RF.CORE.CORDIC_GEN[1].CORDIC.c[3]" is invalid
29418 *Verdi* ERROR: Failed to dump because the specified instance or option is not correct
29419 *Verdi* ERROR: Syntax - fsdbDumpvars [depth] [instance] [option]*
29420 sps_tcl_fsdbDumpflush_vd_main at 0 : N/A(0)
29421 *Verdi* : Flush all FSDB Files at 0 ps.
29422 sps_tcl_fsdbDumpvars_vd_main
29423 argv[0]: 0
29424 argv[1]: simulator.DCRFLI.RF_GEN[5].RF.CORE.CORDIC_GEN[2].CORDIC.c[3]
29425 argv[2]: +all
29426 argv[3]: +trace_process
29427 *Verdi* ERROR: The #2 argument "simulator.DCRFLI.RF_GEN[5].RF.CORE.CORDIC_GEN[2].CORDIC.c[3]" is invalid
29428 *Verdi* ERROR: Failed to dump because the specified instance or option is not correct
29429 *Verdi* ERROR: Syntax - fsdbDumpvars [depth] [instance] [option]*
29430 sps_tcl_fsdbDumpflush_vd_main at 0 : N/A(0)
29431 *Verdi* : Flush all FSDB Files at 0 ps.
29432 sps_tcl_fsdbDumpvars_vd_main
29433 argv[0]: 0
29434 argv[1]: simulator.DCRFLI.RF_GEN[5].RF.CORE.CORDIC_GEN[3].CORDIC.c[3]
29435 argv[2]: +all
29436 argv[3]: +trace_process
29437 *Verdi* ERROR: The #2 argument "simulator.DCRFLI.RF_GEN[5].RF.CORE.CORDIC_GEN[3].CORDIC.c[3]" is invalid
29438 *Verdi* ERROR: Failed to dump because the specified instance or option is not correct
29439 *Verdi* ERROR: Syntax - fsdbDumpvars [depth] [instance] [option]*
29440 sps_tcl_fsdbDumpflush_vd_main at 0 : N/A(0)
29441 *Verdi* : Flush all FSDB Files at 0 ps.
29442 sps_tcl_fsdbDumpvars_vd_main
29443 argv[0]: 0
29444 argv[1]: simulator.DCRFLI.RF_GEN[5].RF.CORE.CORDIC_GEN[4].CORDIC.c[3]
29445 argv[2]: +all
29446 argv[3]: +trace_process
29447 *Verdi* ERROR: The #2 argument "simulator.DCRFLI.RF_GEN[5].RF.CORE.CORDIC_GEN[4].CORDIC.c[3]" is invalid
29448 *Verdi* ERROR: Failed to dump because the specified instance or option is not correct
29449 *Verdi* ERROR: Syntax - fsdbDumpvars [depth] [instance] [option]*
29450 sps_tcl_fsdbDumpflush_vd_main at 0 : N/A(0)
29451 *Verdi* : Flush all FSDB Files at 0 ps.
29452 sps_tcl_fsdbDumpvars_vd_main
29453 argv[0]: 0
29454 argv[1]: simulator.DCRFLI.RF_GEN[5].RF.CORE.CORDIC_GEN[5].CORDIC.c[3]
29455 argv[2]: +all
29456 argv[3]: +trace_process
29457 *Verdi* ERROR: The #2 argument "simulator.DCRFLI.RF_GEN[5].RF.CORE.CORDIC_GEN[5].CORDIC.c[3]" is invalid
29458 *Verdi* ERROR: Failed to dump because the specified instance or option is not correct
29459 *Verdi* ERROR: Syntax - fsdbDumpvars [depth] [instance] [option]*
29460 sps_tcl_fsdbDumpflush_vd_main at 0 : N/A(0)
29461 *Verdi* : Flush all FSDB Files at 0 ps.
29462 sps_tcl_fsdbDumpvars_vd_main
29463 argv[0]: 0
29464 argv[1]: simulator.DCRFLI.RF_GEN[5].RF.CORE.CORDIC_GEN[6].CORDIC.c[3]
29465 argv[2]: +all
29466 argv[3]: +trace_process
29467 *Verdi* ERROR: The #2 argument "simulator.DCRFLI.RF_GEN[5].RF.CORE.CORDIC_GEN[6].CORDIC.c[3]" is invalid
29468 *Verdi* ERROR: Failed to dump because the specified instance or option is not correct
29469 *Verdi* ERROR: Syntax - fsdbDumpvars [depth] [instance] [option]*
29470 sps_tcl_fsdbDumpflush_vd_main at 0 : N/A(0)
29471 *Verdi* : Flush all FSDB Files at 0 ps.
29472 sps_tcl_fsdbDumpvars_vd_main
29473 argv[0]: 0
29474 argv[1]: simulator.DCRFLI.RF_GEN[5].RF.CORE.CORDIC_GEN[7].CORDIC.c[3]
29475 argv[2]: +all
29476 argv[3]: +trace_process
29477 *Verdi* ERROR: The #2 argument "simulator.DCRFLI.RF_GEN[5].RF.CORE.CORDIC_GEN[7].CORDIC.c[3]" is invalid
29478 *Verdi* ERROR: Failed to dump because the specified instance or option is not correct
29479 *Verdi* ERROR: Syntax - fsdbDumpvars [depth] [instance] [option]*
29480 sps_tcl_fsdbDumpflush_vd_main at 0 : N/A(0)
29481 *Verdi* : Flush all FSDB Files at 0 ps.
29482 sps_tcl_fsdbDumpvars_vd_main
29483 argv[0]: 0
29484 argv[1]: simulator.DCRFLI.RF_GEN[5].RF.CORE.CORDIC_GEN[0].CORDIC.c[2]
29485 argv[2]: +all
29486 argv[3]: +trace_process
29487 *Verdi* ERROR: The #2 argument "simulator.DCRFLI.RF_GEN[5].RF.CORE.CORDIC_GEN[0].CORDIC.c[2]" is invalid
29488 *Verdi* ERROR: Failed to dump because the specified instance or option is not correct
29489 *Verdi* ERROR: Syntax - fsdbDumpvars [depth] [instance] [option]*
29490 sps_tcl_fsdbDumpflush_vd_main at 0 : N/A(0)
29491 *Verdi* : Flush all FSDB Files at 0 ps.
29492 sps_tcl_fsdbDumpvars_vd_main
29493 argv[0]: 0
29494 argv[1]: simulator.DCRFLI.RF_GEN[5].RF.CORE.CORDIC_GEN[1].CORDIC.c[2]
29495 argv[2]: +all
29496 argv[3]: +trace_process
29497 *Verdi* ERROR: The #2 argument "simulator.DCRFLI.RF_GEN[5].RF.CORE.CORDIC_GEN[1].CORDIC.c[2]" is invalid
29498 *Verdi* ERROR: Failed to dump because the specified instance or option is not correct
29499 *Verdi* ERROR: Syntax - fsdbDumpvars [depth] [instance] [option]*
29500 sps_tcl_fsdbDumpflush_vd_main at 0 : N/A(0)
29501 *Verdi* : Flush all FSDB Files at 0 ps.
29502 sps_tcl_fsdbDumpvars_vd_main
29503 argv[0]: 0
29504 argv[1]: simulator.DCRFLI.RF_GEN[5].RF.CORE.CORDIC_GEN[2].CORDIC.c[2]
29505 argv[2]: +all
29506 argv[3]: +trace_process
29507 *Verdi* ERROR: The #2 argument "simulator.DCRFLI.RF_GEN[5].RF.CORE.CORDIC_GEN[2].CORDIC.c[2]" is invalid
29508 *Verdi* ERROR: Failed to dump because the specified instance or option is not correct
29509 *Verdi* ERROR: Syntax - fsdbDumpvars [depth] [instance] [option]*
29510 sps_tcl_fsdbDumpflush_vd_main at 0 : N/A(0)
29511 *Verdi* : Flush all FSDB Files at 0 ps.
29512 sps_tcl_fsdbDumpvars_vd_main
29513 argv[0]: 0
29514 argv[1]: simulator.DCRFLI.RF_GEN[5].RF.CORE.CORDIC_GEN[3].CORDIC.c[2]
29515 argv[2]: +all
29516 argv[3]: +trace_process
29517 *Verdi* ERROR: The #2 argument "simulator.DCRFLI.RF_GEN[5].RF.CORE.CORDIC_GEN[3].CORDIC.c[2]" is invalid
29518 *Verdi* ERROR: Failed to dump because the specified instance or option is not correct
29519 *Verdi* ERROR: Syntax - fsdbDumpvars [depth] [instance] [option]*
29520 sps_tcl_fsdbDumpflush_vd_main at 0 : N/A(0)
29521 *Verdi* : Flush all FSDB Files at 0 ps.
29522 sps_tcl_fsdbDumpvars_vd_main
29523 argv[0]: 0
29524 argv[1]: simulator.DCRFLI.RF_GEN[5].RF.CORE.CORDIC_GEN[4].CORDIC.c[2]
29525 argv[2]: +all
29526 argv[3]: +trace_process
29527 *Verdi* ERROR: The #2 argument "simulator.DCRFLI.RF_GEN[5].RF.CORE.CORDIC_GEN[4].CORDIC.c[2]" is invalid
29528 *Verdi* ERROR: Failed to dump because the specified instance or option is not correct
29529 *Verdi* ERROR: Syntax - fsdbDumpvars [depth] [instance] [option]*
29530 sps_tcl_fsdbDumpflush_vd_main at 0 : N/A(0)
29531 *Verdi* : Flush all FSDB Files at 0 ps.
29532 sps_tcl_fsdbDumpvars_vd_main
29533 argv[0]: 0
29534 argv[1]: simulator.DCRFLI.RF_GEN[5].RF.CORE.CORDIC_GEN[5].CORDIC.c[2]
29535 argv[2]: +all
29536 argv[3]: +trace_process
29537 *Verdi* ERROR: The #2 argument "simulator.DCRFLI.RF_GEN[5].RF.CORE.CORDIC_GEN[5].CORDIC.c[2]" is invalid
29538 *Verdi* ERROR: Failed to dump because the specified instance or option is not correct
29539 *Verdi* ERROR: Syntax - fsdbDumpvars [depth] [instance] [option]*
29540 sps_tcl_fsdbDumpflush_vd_main at 0 : N/A(0)
29541 *Verdi* : Flush all FSDB Files at 0 ps.
29542 sps_tcl_fsdbDumpvars_vd_main
29543 argv[0]: 0
29544 argv[1]: simulator.DCRFLI.RF_GEN[5].RF.CORE.CORDIC_GEN[6].CORDIC.c[2]
29545 argv[2]: +all
29546 argv[3]: +trace_process
29547 *Verdi* ERROR: The #2 argument "simulator.DCRFLI.RF_GEN[5].RF.CORE.CORDIC_GEN[6].CORDIC.c[2]" is invalid
29548 *Verdi* ERROR: Failed to dump because the specified instance or option is not correct
29549 *Verdi* ERROR: Syntax - fsdbDumpvars [depth] [instance] [option]*
29550 sps_tcl_fsdbDumpflush_vd_main at 0 : N/A(0)
29551 *Verdi* : Flush all FSDB Files at 0 ps.
29552 sps_tcl_fsdbDumpvars_vd_main
29553 argv[0]: 0
29554 argv[1]: simulator.DCRFLI.RF_GEN[5].RF.CORE.CORDIC_GEN[7].CORDIC.c[2]
29555 argv[2]: +all
29556 argv[3]: +trace_process
29557 *Verdi* ERROR: The #2 argument "simulator.DCRFLI.RF_GEN[5].RF.CORE.CORDIC_GEN[7].CORDIC.c[2]" is invalid
29558 *Verdi* ERROR: Failed to dump because the specified instance or option is not correct
29559 *Verdi* ERROR: Syntax - fsdbDumpvars [depth] [instance] [option]*
29560 sps_tcl_fsdbDumpflush_vd_main at 0 : N/A(0)
29561 *Verdi* : Flush all FSDB Files at 0 ps.
29562 sps_tcl_fsdbDumpvars_vd_main
29563 argv[0]: 0
29564 argv[1]: simulator.DCRFLI.RF_GEN[5].RF.CORE.CORDIC_GEN[0].CORDIC.c[1]
29565 argv[2]: +all
29566 argv[3]: +trace_process
29567 *Verdi* ERROR: The #2 argument "simulator.DCRFLI.RF_GEN[5].RF.CORE.CORDIC_GEN[0].CORDIC.c[1]" is invalid
29568 *Verdi* ERROR: Failed to dump because the specified instance or option is not correct
29569 *Verdi* ERROR: Syntax - fsdbDumpvars [depth] [instance] [option]*
29570 sps_tcl_fsdbDumpflush_vd_main at 0 : N/A(0)
29571 *Verdi* : Flush all FSDB Files at 0 ps.
29572 sps_tcl_fsdbDumpvars_vd_main
29573 argv[0]: 0
29574 argv[1]: simulator.DCRFLI.RF_GEN[5].RF.CORE.CORDIC_GEN[1].CORDIC.c[1]
29575 argv[2]: +all
29576 argv[3]: +trace_process
29577 *Verdi* ERROR: The #2 argument "simulator.DCRFLI.RF_GEN[5].RF.CORE.CORDIC_GEN[1].CORDIC.c[1]" is invalid
29578 *Verdi* ERROR: Failed to dump because the specified instance or option is not correct
29579 *Verdi* ERROR: Syntax - fsdbDumpvars [depth] [instance] [option]*
29580 sps_tcl_fsdbDumpflush_vd_main at 0 : N/A(0)
29581 *Verdi* : Flush all FSDB Files at 0 ps.
29582 sps_tcl_fsdbDumpvars_vd_main
29583 argv[0]: 0
29584 argv[1]: simulator.DCRFLI.RF_GEN[5].RF.CORE.CORDIC_GEN[2].CORDIC.c[1]
29585 argv[2]: +all
29586 argv[3]: +trace_process
29587 *Verdi* ERROR: The #2 argument "simulator.DCRFLI.RF_GEN[5].RF.CORE.CORDIC_GEN[2].CORDIC.c[1]" is invalid
29588 *Verdi* ERROR: Failed to dump because the specified instance or option is not correct
29589 *Verdi* ERROR: Syntax - fsdbDumpvars [depth] [instance] [option]*
29590 sps_tcl_fsdbDumpflush_vd_main at 0 : N/A(0)
29591 *Verdi* : Flush all FSDB Files at 0 ps.
29592 sps_tcl_fsdbDumpvars_vd_main
29593 argv[0]: 0
29594 argv[1]: simulator.DCRFLI.RF_GEN[5].RF.CORE.CORDIC_GEN[3].CORDIC.c[1]
29595 argv[2]: +all
29596 argv[3]: +trace_process
29597 *Verdi* ERROR: The #2 argument "simulator.DCRFLI.RF_GEN[5].RF.CORE.CORDIC_GEN[3].CORDIC.c[1]" is invalid
29598 *Verdi* ERROR: Failed to dump because the specified instance or option is not correct
29599 *Verdi* ERROR: Syntax - fsdbDumpvars [depth] [instance] [option]*
29600 sps_tcl_fsdbDumpflush_vd_main at 0 : N/A(0)
29601 *Verdi* : Flush all FSDB Files at 0 ps.
29602 sps_tcl_fsdbDumpvars_vd_main
29603 argv[0]: 0
29604 argv[1]: simulator.DCRFLI.RF_GEN[5].RF.CORE.CORDIC_GEN[4].CORDIC.c[1]
29605 argv[2]: +all
29606 argv[3]: +trace_process
29607 *Verdi* ERROR: The #2 argument "simulator.DCRFLI.RF_GEN[5].RF.CORE.CORDIC_GEN[4].CORDIC.c[1]" is invalid
29608 *Verdi* ERROR: Failed to dump because the specified instance or option is not correct
29609 *Verdi* ERROR: Syntax - fsdbDumpvars [depth] [instance] [option]*
29610 sps_tcl_fsdbDumpflush_vd_main at 0 : N/A(0)
29611 *Verdi* : Flush all FSDB Files at 0 ps.
29612 sps_tcl_fsdbDumpvars_vd_main
29613 argv[0]: 0
29614 argv[1]: simulator.DCRFLI.RF_GEN[5].RF.CORE.CORDIC_GEN[5].CORDIC.c[1]
29615 argv[2]: +all
29616 argv[3]: +trace_process
29617 *Verdi* ERROR: The #2 argument "simulator.DCRFLI.RF_GEN[5].RF.CORE.CORDIC_GEN[5].CORDIC.c[1]" is invalid
29618 *Verdi* ERROR: Failed to dump because the specified instance or option is not correct
29619 *Verdi* ERROR: Syntax - fsdbDumpvars [depth] [instance] [option]*
29620 sps_tcl_fsdbDumpflush_vd_main at 0 : N/A(0)
29621 *Verdi* : Flush all FSDB Files at 0 ps.
29622 sps_tcl_fsdbDumpvars_vd_main
29623 argv[0]: 0
29624 argv[1]: simulator.DCRFLI.RF_GEN[5].RF.CORE.CORDIC_GEN[6].CORDIC.c[1]
29625 argv[2]: +all
29626 argv[3]: +trace_process
29627 *Verdi* ERROR: The #2 argument "simulator.DCRFLI.RF_GEN[5].RF.CORE.CORDIC_GEN[6].CORDIC.c[1]" is invalid
29628 *Verdi* ERROR: Failed to dump because the specified instance or option is not correct
29629 *Verdi* ERROR: Syntax - fsdbDumpvars [depth] [instance] [option]*
29630 sps_tcl_fsdbDumpflush_vd_main at 0 : N/A(0)
29631 *Verdi* : Flush all FSDB Files at 0 ps.
29632 sps_tcl_fsdbDumpvars_vd_main
29633 argv[0]: 0
29634 argv[1]: simulator.DCRFLI.RF_GEN[5].RF.CORE.CORDIC_GEN[7].CORDIC.c[1]
29635 argv[2]: +all
29636 argv[3]: +trace_process
29637 *Verdi* ERROR: The #2 argument "simulator.DCRFLI.RF_GEN[5].RF.CORE.CORDIC_GEN[7].CORDIC.c[1]" is invalid
29638 *Verdi* ERROR: Failed to dump because the specified instance or option is not correct
29639 *Verdi* ERROR: Syntax - fsdbDumpvars [depth] [instance] [option]*
29640 sps_tcl_fsdbDumpflush_vd_main at 0 : N/A(0)
29641 *Verdi* : Flush all FSDB Files at 0 ps.
29642 sps_tcl_fsdbDumpvars_vd_main
29643 argv[0]: 0
29644 argv[1]: simulator.DCRFLI.RF_GEN[5].RF.CORE.CORDIC_GEN[0].CORDIC.c[0]
29645 argv[2]: +all
29646 argv[3]: +trace_process
29647 *Verdi* ERROR: The #2 argument "simulator.DCRFLI.RF_GEN[5].RF.CORE.CORDIC_GEN[0].CORDIC.c[0]" is invalid
29648 *Verdi* ERROR: Failed to dump because the specified instance or option is not correct
29649 *Verdi* ERROR: Syntax - fsdbDumpvars [depth] [instance] [option]*
29650 sps_tcl_fsdbDumpflush_vd_main at 0 : N/A(0)
29651 *Verdi* : Flush all FSDB Files at 0 ps.
29652 sps_tcl_fsdbDumpvars_vd_main
29653 argv[0]: 0
29654 argv[1]: simulator.DCRFLI.RF_GEN[5].RF.CORE.CORDIC_GEN[1].CORDIC.c[0]
29655 argv[2]: +all
29656 argv[3]: +trace_process
29657 *Verdi* ERROR: The #2 argument "simulator.DCRFLI.RF_GEN[5].RF.CORE.CORDIC_GEN[1].CORDIC.c[0]" is invalid
29658 *Verdi* ERROR: Failed to dump because the specified instance or option is not correct
29659 *Verdi* ERROR: Syntax - fsdbDumpvars [depth] [instance] [option]*
29660 sps_tcl_fsdbDumpflush_vd_main at 0 : N/A(0)
29661 *Verdi* : Flush all FSDB Files at 0 ps.
29662 sps_tcl_fsdbDumpvars_vd_main
29663 argv[0]: 0
29664 argv[1]: simulator.DCRFLI.RF_GEN[5].RF.CORE.CORDIC_GEN[2].CORDIC.c[0]
29665 argv[2]: +all
29666 argv[3]: +trace_process
29667 *Verdi* ERROR: The #2 argument "simulator.DCRFLI.RF_GEN[5].RF.CORE.CORDIC_GEN[2].CORDIC.c[0]" is invalid
29668 *Verdi* ERROR: Failed to dump because the specified instance or option is not correct
29669 *Verdi* ERROR: Syntax - fsdbDumpvars [depth] [instance] [option]*
29670 sps_tcl_fsdbDumpflush_vd_main at 0 : N/A(0)
29671 *Verdi* : Flush all FSDB Files at 0 ps.
29672 sps_tcl_fsdbDumpvars_vd_main
29673 argv[0]: 0
29674 argv[1]: simulator.DCRFLI.RF_GEN[5].RF.CORE.CORDIC_GEN[3].CORDIC.c[0]
29675 argv[2]: +all
29676 argv[3]: +trace_process
29677 *Verdi* ERROR: The #2 argument "simulator.DCRFLI.RF_GEN[5].RF.CORE.CORDIC_GEN[3].CORDIC.c[0]" is invalid
29678 *Verdi* ERROR: Failed to dump because the specified instance or option is not correct
29679 *Verdi* ERROR: Syntax - fsdbDumpvars [depth] [instance] [option]*
29680 sps_tcl_fsdbDumpflush_vd_main at 0 : N/A(0)
29681 *Verdi* : Flush all FSDB Files at 0 ps.
29682 sps_tcl_fsdbDumpvars_vd_main
29683 argv[0]: 0
29684 argv[1]: simulator.DCRFLI.RF_GEN[5].RF.CORE.CORDIC_GEN[4].CORDIC.c[0]
29685 argv[2]: +all
29686 argv[3]: +trace_process
29687 *Verdi* ERROR: The #2 argument "simulator.DCRFLI.RF_GEN[5].RF.CORE.CORDIC_GEN[4].CORDIC.c[0]" is invalid
29688 *Verdi* ERROR: Failed to dump because the specified instance or option is not correct
29689 *Verdi* ERROR: Syntax - fsdbDumpvars [depth] [instance] [option]*
29690 sps_tcl_fsdbDumpflush_vd_main at 0 : N/A(0)
29691 *Verdi* : Flush all FSDB Files at 0 ps.
29692 sps_tcl_fsdbDumpvars_vd_main
29693 argv[0]: 0
29694 argv[1]: simulator.DCRFLI.RF_GEN[5].RF.CORE.CORDIC_GEN[5].CORDIC.c[0]
29695 argv[2]: +all
29696 argv[3]: +trace_process
29697 *Verdi* ERROR: The #2 argument "simulator.DCRFLI.RF_GEN[5].RF.CORE.CORDIC_GEN[5].CORDIC.c[0]" is invalid
29698 *Verdi* ERROR: Failed to dump because the specified instance or option is not correct
29699 *Verdi* ERROR: Syntax - fsdbDumpvars [depth] [instance] [option]*
29700 sps_tcl_fsdbDumpflush_vd_main at 0 : N/A(0)
29701 *Verdi* : Flush all FSDB Files at 0 ps.
29702 sps_tcl_fsdbDumpvars_vd_main
29703 argv[0]: 0
29704 argv[1]: simulator.DCRFLI.RF_GEN[5].RF.CORE.CORDIC_GEN[6].CORDIC.c[0]
29705 argv[2]: +all
29706 argv[3]: +trace_process
29707 *Verdi* ERROR: The #2 argument "simulator.DCRFLI.RF_GEN[5].RF.CORE.CORDIC_GEN[6].CORDIC.c[0]" is invalid
29708 *Verdi* ERROR: Failed to dump because the specified instance or option is not correct
29709 *Verdi* ERROR: Syntax - fsdbDumpvars [depth] [instance] [option]*
29710 sps_tcl_fsdbDumpflush_vd_main at 0 : N/A(0)
29711 *Verdi* : Flush all FSDB Files at 0 ps.
29712 sps_tcl_fsdbDumpvars_vd_main
29713 argv[0]: 0
29714 argv[1]: simulator.DCRFLI.RF_GEN[5].RF.CORE.CORDIC_GEN[7].CORDIC.c[0]
29715 argv[2]: +all
29716 argv[3]: +trace_process
29717 *Verdi* ERROR: The #2 argument "simulator.DCRFLI.RF_GEN[5].RF.CORE.CORDIC_GEN[7].CORDIC.c[0]" is invalid
29718 *Verdi* ERROR: Failed to dump because the specified instance or option is not correct
29719 *Verdi* ERROR: Syntax - fsdbDumpvars [depth] [instance] [option]*
29720 sps_tcl_fsdbDumpflush_vd_main at 0 : N/A(0)
29721 *Verdi* : Flush all FSDB Files at 0 ps.
29722 sps_tcl_fsdbDumpvars_vd_main
29723 argv[0]: 0
29724 argv[1]: simulator.DCRFLI.RF_GEN[5].RF.CORE.i_clk
29725 argv[2]: +all
29726 argv[3]: +trace_process
29727 *Verdi* ERROR: The #2 argument "simulator.DCRFLI.RF_GEN[5].RF.CORE.i_clk" is invalid
29728 *Verdi* ERROR: Failed to dump because the specified instance or option is not correct
29729 *Verdi* ERROR: Syntax - fsdbDumpvars [depth] [instance] [option]*
29730 sps_tcl_fsdbDumpflush_vd_main at 0 : N/A(0)
29731 *Verdi* : Flush all FSDB Files at 0 ps.
29732 sps_tcl_fsdbDumpvars_vd_main
29733 argv[0]: 0
29734 argv[1]: simulator.DCRFLI.RF_GEN[5].RF.CORE.i_rst
29735 argv[2]: +all
29736 argv[3]: +trace_process
29737 *Verdi* ERROR: The #2 argument "simulator.DCRFLI.RF_GEN[5].RF.CORE.i_rst" is invalid
29738 *Verdi* ERROR: Failed to dump because the specified instance or option is not correct
29739 *Verdi* ERROR: Syntax - fsdbDumpvars [depth] [instance] [option]*
29740 sps_tcl_fsdbDumpflush_vd_main at 0 : N/A(0)
29741 *Verdi* : Flush all FSDB Files at 0 ps.
29742 sps_tcl_fsdbDumpvars_vd_main
29743 argv[0]: 0
29744 argv[1]: simulator.DCRFLI.RF_GEN[5].RF.CORE.w_stall
29745 argv[2]: +all
29746 argv[3]: +trace_process
29747 *Verdi* ERROR: The #2 argument "simulator.DCRFLI.RF_GEN[5].RF.CORE.w_stall" is invalid
29748 *Verdi* ERROR: Failed to dump because the specified instance or option is not correct
29749 *Verdi* ERROR: Syntax - fsdbDumpvars [depth] [instance] [option]*
29750 sps_tcl_fsdbDumpflush_vd_main at 0 : N/A(0)
29751 *Verdi* : Flush all FSDB Files at 0 ps.
29752 sps_tcl_fsdbDumpvars_vd_main
29753 argv[0]: 0
29754 argv[1]: simulator.DCRFLI.RF_GEN[5].RF.CORE.d
29755 argv[2]: +all
29756 argv[3]: +trace_process
29757 *Verdi* ERROR: The #2 argument "simulator.DCRFLI.RF_GEN[5].RF.CORE.d" is invalid
29758 *Verdi* ERROR: Failed to dump because the specified instance or option is not correct
29759 *Verdi* ERROR: Syntax - fsdbDumpvars [depth] [instance] [option]*
29760 sps_tcl_fsdbDumpflush_vd_main at 0 : N/A(0)
29761 *Verdi* : Flush all FSDB Files at 0 ps.
29762 sps_tcl_fsdbDumpvars_vd_main
29763 argv[0]: 0
29764 argv[1]: simulator.DCRFLI.RF_GEN[5].RF.CORE.i_empty
29765 argv[2]: +all
29766 argv[3]: +trace_process
29767 *Verdi* ERROR: The #2 argument "simulator.DCRFLI.RF_GEN[5].RF.CORE.i_empty" is invalid
29768 *Verdi* ERROR: Failed to dump because the specified instance or option is not correct
29769 *Verdi* ERROR: Syntax - fsdbDumpvars [depth] [instance] [option]*
29770 sps_tcl_fsdbDumpflush_vd_main at 0 : N/A(0)
29771 *Verdi* : Flush all FSDB Files at 0 ps.
29772 sps_tcl_fsdbDumpvars_vd_main
29773 argv[0]: 0
29774 argv[1]: simulator.DCRFLI.RF_GEN[5].RF.CORE.o_next
29775 argv[2]: +all
29776 argv[3]: +trace_process
29777 *Verdi* ERROR: The #2 argument "simulator.DCRFLI.RF_GEN[5].RF.CORE.o_next" is invalid
29778 *Verdi* ERROR: Failed to dump because the specified instance or option is not correct
29779 *Verdi* ERROR: Syntax - fsdbDumpvars [depth] [instance] [option]*
29780 sps_tcl_fsdbDumpflush_vd_main at 0 : N/A(0)
29781 *Verdi* : Flush all FSDB Files at 0 ps.
29782 sps_tcl_fsdbDumpvars_vd_main
29783 argv[0]: 0
29784 argv[1]: simulator.DCRFLI.RF_GEN[5].RF.CORE.i_addr[3:0]
29785 argv[2]: +all
29786 argv[3]: +trace_process
29787 *Verdi* ERROR: The #2 argument "simulator.DCRFLI.RF_GEN[5].RF.CORE.i_addr[3:0]" is invalid
29788 *Verdi* ERROR: Failed to dump because the specified instance or option is not correct
29789 *Verdi* ERROR: Syntax - fsdbDumpvars [depth] [instance] [option]*
29790 sps_tcl_fsdbDumpflush_vd_main at 0 : N/A(0)
29791 *Verdi* : Flush all FSDB Files at 0 ps.
29792 sps_tcl_fsdbDumpvars_vd_main
29793 argv[0]: 0
29794 argv[1]: simulator.DCRFLI.RF_GEN[5].RF.CORE.i_insn
29795 argv[2]: +all
29796 argv[3]: +trace_process
29797 *Verdi* ERROR: The #2 argument "simulator.DCRFLI.RF_GEN[5].RF.CORE.i_insn" is invalid
29798 *Verdi* ERROR: Failed to dump because the specified instance or option is not correct
29799 *Verdi* ERROR: Syntax - fsdbDumpvars [depth] [instance] [option]*
29800 sps_tcl_fsdbDumpflush_vd_main at 0 : N/A(0)
29801 *Verdi* : Flush all FSDB Files at 0 ps.
29802 sps_tcl_fsdbDumpvars_vd_main
29803 argv[0]: 0
29804 argv[1]: simulator.DCRFLI.RF_GEN[5].RF.CORE.o_insn_modified
29805 argv[2]: +all
29806 argv[3]: +trace_process
29807 *Verdi* ERROR: The #2 argument "simulator.DCRFLI.RF_GEN[5].RF.CORE.o_insn_modified" is invalid
29808 *Verdi* ERROR: Failed to dump because the specified instance or option is not correct
29809 *Verdi* ERROR: Syntax - fsdbDumpvars [depth] [instance] [option]*
29810 sps_tcl_fsdbDumpflush_vd_main at 0 : N/A(0)
29811 *Verdi* : Flush all FSDB Files at 0 ps.
29812 sps_tcl_fsdbDumpvars_vd_main
29813 argv[0]: 0
29814 argv[1]: simulator.DCRFLI.RF_GEN[5].RF.CORE.p
29815 argv[2]: +all
29816 argv[3]: +trace_process
29817 *Verdi* ERROR: The #2 argument "simulator.DCRFLI.RF_GEN[5].RF.CORE.p" is invalid
29818 *Verdi* ERROR: Failed to dump because the specified instance or option is not correct
29819 *Verdi* ERROR: Syntax - fsdbDumpvars [depth] [instance] [option]*
29820 sps_tcl_fsdbDumpflush_vd_main at 0 : N/A(0)
29821 *Verdi* : Flush all FSDB Files at 0 ps.
29822 sps_tcl_fsdbDumpvars_vd_main
29823 argv[0]: 0
29824 argv[1]: simulator.DCRFLI.RF_GEN[5].RF.CORE.w_new_phase
29825 argv[2]: +all
29826 argv[3]: +trace_process
29827 *Verdi* ERROR: The #2 argument "simulator.DCRFLI.RF_GEN[5].RF.CORE.w_new_phase" is invalid
29828 *Verdi* ERROR: Failed to dump because the specified instance or option is not correct
29829 *Verdi* ERROR: Syntax - fsdbDumpvars [depth] [instance] [option]*
29830 sps_tcl_fsdbDumpflush_vd_main at 0 : N/A(0)
29831 *Verdi* : Flush all FSDB Files at 0 ps.
29832 sps_tcl_fsdbDumpvars_vd_main
29833 argv[0]: 0
29834 argv[1]: simulator.DCRFLI.RF_GEN[5].RF.CORE.r
29835 argv[2]: +all
29836 argv[3]: +trace_process
29837 *Verdi* ERROR: The #2 argument "simulator.DCRFLI.RF_GEN[5].RF.CORE.r" is invalid
29838 *Verdi* ERROR: Failed to dump because the specified instance or option is not correct
29839 *Verdi* ERROR: Syntax - fsdbDumpvars [depth] [instance] [option]*
29840 sps_tcl_fsdbDumpflush_vd_main at 0 : N/A(0)
29841 *Verdi* : Flush all FSDB Files at 0 ps.
29842 sps_tcl_fsdbDumpvars_vd_main
29843 argv[0]: 0
29844 argv[1]: simulator.DCRFLI.RF_GEN[5].RF.CORE.o_armed
29845 argv[2]: +all
29846 argv[3]: +trace_process
29847 *Verdi* ERROR: The #2 argument "simulator.DCRFLI.RF_GEN[5].RF.CORE.o_armed" is invalid
29848 *Verdi* ERROR: Failed to dump because the specified instance or option is not correct
29849 *Verdi* ERROR: Syntax - fsdbDumpvars [depth] [instance] [option]*
29850 sps_tcl_fsdbDumpflush_vd_main at 0 : N/A(0)
29851 *Verdi* : Flush all FSDB Files at 0 ps.
29852 sps_tcl_fsdbDumpvars_vd_main
29853 argv[0]: 0
29854 argv[1]: simulator.DCRFLI.RF_GEN[5].RF.CORE.i_start
29855 argv[2]: +all
29856 argv[3]: +trace_process
29857 *Verdi* ERROR: The #2 argument "simulator.DCRFLI.RF_GEN[5].RF.CORE.i_start" is invalid
29858 *Verdi* ERROR: Failed to dump because the specified instance or option is not correct
29859 *Verdi* ERROR: Syntax - fsdbDumpvars [depth] [instance] [option]*
29860 sps_tcl_fsdbDumpflush_vd_main at 0 : N/A(0)
29861 *Verdi* : Flush all FSDB Files at 0 ps.
29862 sps_tcl_fsdbDumpvars_vd_main
29863 argv[0]: 0
29864 argv[1]: simulator.DCRFLI.RF_GEN[5].RF.CORE.o_addr[3:0]
29865 argv[2]: +all
29866 argv[3]: +trace_process
29867 *Verdi* ERROR: The #2 argument "simulator.DCRFLI.RF_GEN[5].RF.CORE.o_addr[3:0]" is invalid
29868 *Verdi* ERROR: Failed to dump because the specified instance or option is not correct
29869 *Verdi* ERROR: Syntax - fsdbDumpvars [depth] [instance] [option]*
29870 sps_tcl_fsdbDumpflush_vd_main at 0 : N/A(0)
29871 *Verdi* : Flush all FSDB Files at 0 ps.
29872 sps_tcl_fsdbDumpvars_vd_main
29873 argv[0]: 0
29874 argv[1]: simulator.DCRFLI.RF_GEN[5].RF.CORE.o_sample_start[19:0]
29875 argv[2]: +all
29876 argv[3]: +trace_process
29877 *Verdi* ERROR: The #2 argument "simulator.DCRFLI.RF_GEN[5].RF.CORE.o_sample_start[19:0]" is invalid
29878 *Verdi* ERROR: Failed to dump because the specified instance or option is not correct
29879 *Verdi* ERROR: Syntax - fsdbDumpvars [depth] [instance] [option]*
29880 sps_tcl_fsdbDumpflush_vd_main at 0 : N/A(0)
29881 *Verdi* : Flush all FSDB Files at 0 ps.
29882 sps_tcl_fsdbDumpvars_vd_main
29883 argv[0]: 0
29884 argv[1]: simulator.DCRFLI.RF_GEN[5].RF.CORE.o_sample_end[19:0]
29885 argv[2]: +all
29886 argv[3]: +trace_process
29887 *Verdi* ERROR: The #2 argument "simulator.DCRFLI.RF_GEN[5].RF.CORE.o_sample_end[19:0]" is invalid
29888 *Verdi* ERROR: Failed to dump because the specified instance or option is not correct
29889 *Verdi* ERROR: Syntax - fsdbDumpvars [depth] [instance] [option]*
29890 sps_tcl_fsdbDumpflush_vd_main at 0 : N/A(0)
29891 *Verdi* : Flush all FSDB Files at 0 ps.
29892 sps_tcl_fsdbDumpvars_vd_main
29893 argv[0]: 0
29894 argv[1]: simulator.DCRFLI.RF_GEN[5].RF.CORE.o_QIx8[255:0]
29895 argv[2]: +all
29896 argv[3]: +trace_process
29897 *Verdi* ERROR: The #2 argument "simulator.DCRFLI.RF_GEN[5].RF.CORE.o_QIx8[255:0]" is invalid
29898 *Verdi* ERROR: Failed to dump because the specified instance or option is not correct
29899 *Verdi* ERROR: Syntax - fsdbDumpvars [depth] [instance] [option]*
29900 sps_tcl_fsdbDumpflush_vd_main at 0 : N/A(0)
29901 *Verdi* : Flush all FSDB Files at 0 ps.
29902 sps_tcl_fsdbDumpvars_vd_main
29903 argv[0]: 0
29904 argv[1]: simulator.RF_IO_GEN[5].DAC.i_clk
29905 argv[2]: +all
29906 argv[3]: +trace_process
29907 *Verdi* ERROR: The #2 argument "simulator.RF_IO_GEN[5].DAC.i_clk" is invalid
29908 *Verdi* ERROR: Failed to dump because the specified instance or option is not correct
29909 *Verdi* ERROR: Syntax - fsdbDumpvars [depth] [instance] [option]*
29910 sps_tcl_fsdbDumpflush_vd_main at 0 : N/A(0)
29911 *Verdi* : Flush all FSDB Files at 0 ps.
29912 sps_tcl_fsdbDumpvars_vd_main
29913 argv[0]: 0
29914 argv[1]: simulator.RF_IO_GEN[5].DAC.i_dac_clk
29915 argv[2]: +all
29916 argv[3]: +trace_process
29917 *Verdi* ERROR: The #2 argument "simulator.RF_IO_GEN[5].DAC.i_dac_clk" is invalid
29918 *Verdi* ERROR: Failed to dump because the specified instance or option is not correct
29919 *Verdi* ERROR: Syntax - fsdbDumpvars [depth] [instance] [option]*
29920 sps_tcl_fsdbDumpflush_vd_main at 0 : N/A(0)
29921 *Verdi* : Flush all FSDB Files at 0 ps.
29922 sps_tcl_fsdbDumpvars_vd_main
29923 argv[0]: 0
29924 argv[1]: simulator.RF_IO_GEN[5].DAC.dac_cycle
29925 argv[2]: +all
29926 argv[3]: +trace_process
29927 *Verdi* ERROR: The #2 argument "simulator.RF_IO_GEN[5].DAC.dac_cycle" is invalid
29928 *Verdi* ERROR: Failed to dump because the specified instance or option is not correct
29929 *Verdi* ERROR: Syntax - fsdbDumpvars [depth] [instance] [option]*
29930 sps_tcl_fsdbDumpflush_vd_main at 0 : N/A(0)
29931 *Verdi* : Flush all FSDB Files at 0 ps.
29932 sps_tcl_fsdbDumpvars_vd_main
29933 argv[0]: 0
29934 argv[1]: simulator.RF_IO_GEN[5].DAC.i_QIx8[255:0]
29935 argv[2]: +all
29936 argv[3]: +trace_process
29937 *Verdi* ERROR: The #2 argument "simulator.RF_IO_GEN[5].DAC.i_QIx8[255:0]" is invalid
29938 *Verdi* ERROR: Failed to dump because the specified instance or option is not correct
29939 *Verdi* ERROR: Syntax - fsdbDumpvars [depth] [instance] [option]*
29940 sps_tcl_fsdbDumpflush_vd_main at 0 : N/A(0)
29941 *Verdi* : Flush all FSDB Files at 0 ps.
29942 sps_tcl_fsdbDumpvars_vd_main
29943 argv[0]: 0
29944 argv[1]: simulator.RF_IO_GEN[5].DAC.w_Ix8[7:0][13:0]
29945 argv[2]: +all
29946 argv[3]: +trace_process
29947 *Verdi* ERROR: The #2 argument "simulator.RF_IO_GEN[5].DAC.w_Ix8[7:0][13:0]" is invalid
29948 *Verdi* ERROR: Failed to dump because the specified instance or option is not correct
29949 *Verdi* ERROR: Syntax - fsdbDumpvars [depth] [instance] [option]*
29950 sps_tcl_fsdbDumpflush_vd_main at 0 : N/A(0)
29951 *Verdi* : Flush all FSDB Files at 0 ps.
29952 sps_tcl_fsdbDumpvars_vd_main
29953 argv[0]: 0
29954 argv[1]: simulator.RF_IO_GEN[5].DAC.w_Qx8[7:0][13:0]
29955 argv[2]: +all
29956 argv[3]: +trace_process
29957 *Verdi* ERROR: The #2 argument "simulator.RF_IO_GEN[5].DAC.w_Qx8[7:0][13:0]" is invalid
29958 *Verdi* ERROR: Failed to dump because the specified instance or option is not correct
29959 *Verdi* ERROR: Syntax - fsdbDumpvars [depth] [instance] [option]*
29960 sps_tcl_fsdbDumpflush_vd_main at 0 : N/A(0)
29961 *Verdi* : Flush all FSDB Files at 0 ps.
29962 sps_tcl_fsdbDumpvars_vd_main
29963 argv[0]: 0
29964 argv[1]: simulator.RF_IO_GEN[5].DAC.o_I[13:0]
29965 argv[2]: +all
29966 argv[3]: +trace_process
29967 *Verdi* ERROR: The #2 argument "simulator.RF_IO_GEN[5].DAC.o_I[13:0]" is invalid
29968 *Verdi* ERROR: Failed to dump because the specified instance or option is not correct
29969 *Verdi* ERROR: Syntax - fsdbDumpvars [depth] [instance] [option]*
29970 sps_tcl_fsdbDumpflush_vd_main at 0 : N/A(0)
29971 *Verdi* : Flush all FSDB Files at 0 ps.
29972 sps_tcl_fsdbDumpvars_vd_main
29973 argv[0]: 0
29974 argv[1]: simulator.RF_IO_GEN[5].DAC.o_Q[13:0]
29975 argv[2]: +all
29976 argv[3]: +trace_process
29977 *Verdi* ERROR: The #2 argument "simulator.RF_IO_GEN[5].DAC.o_Q[13:0]" is invalid
29978 *Verdi* ERROR: Failed to dump because the specified instance or option is not correct
29979 *Verdi* ERROR: Syntax - fsdbDumpvars [depth] [instance] [option]*
29980 sps_tcl_fsdbDumpflush_vd_main at 0 : N/A(0)
29981 *Verdi* : Flush all FSDB Files at 0 ps.
29982 sps_tcl_fsdbDumpvars_vd_main
29983 argv[0]: 0
29984 argv[1]: simulator.RF_IO_GEN[5].DAC.I
29985 argv[2]: +all
29986 argv[3]: +trace_process
29987 *Verdi* ERROR: The #2 argument "simulator.RF_IO_GEN[5].DAC.I" is invalid
29988 *Verdi* ERROR: Failed to dump because the specified instance or option is not correct
29989 *Verdi* ERROR: Syntax - fsdbDumpvars [depth] [instance] [option]*
29990 sps_tcl_fsdbDumpflush_vd_main at 0 : N/A(0)
29991 *Verdi* : Flush all FSDB Files at 0 ps.
29992 sps_tcl_fsdbDumpvars_vd_main
29993 argv[0]: 0
29994 argv[1]: simulator.RF_IO_GEN[5].DAC.Q
29995 argv[2]: +all
29996 argv[3]: +trace_process
29997 *Verdi* ERROR: The #2 argument "simulator.RF_IO_GEN[5].DAC.Q" is invalid
29998 *Verdi* ERROR: Failed to dump because the specified instance or option is not correct
29999 *Verdi* ERROR: Syntax - fsdbDumpvars [depth] [instance] [option]*
30000 sps_tcl_fsdbDumpflush_vd_main at 0 : N/A(0)
30001 *Verdi* : Flush all FSDB Files at 0 ps.
30002 sps_tcl_fsdbDumpvars_vd_main
30003 argv[0]: 0
30004 argv[1]: simulator.RF_IO_GEN[5].DAC.deg
30005 argv[2]: +all
30006 argv[3]: +trace_process
30007 *Verdi* ERROR: The #2 argument "simulator.RF_IO_GEN[5].DAC.deg" is invalid
30008 *Verdi* ERROR: Failed to dump because the specified instance or option is not correct
30009 *Verdi* ERROR: Syntax - fsdbDumpvars [depth] [instance] [option]*
30010 sps_tcl_fsdbDumpflush_vd_main at 0 : N/A(0)
30011 *Verdi* : Flush all FSDB Files at 0 ps.
30012 sps_tcl_fsdbDumpvars_vd_main
30013 argv[0]: 0
30014 argv[1]: simulator.RF_IO_GEN[5].DAC.rad
30015 argv[2]: +all
30016 argv[3]: +trace_process
30017 *Verdi* ERROR: The #2 argument "simulator.RF_IO_GEN[5].DAC.rad" is invalid
30018 *Verdi* ERROR: Failed to dump because the specified instance or option is not correct
30019 *Verdi* ERROR: Syntax - fsdbDumpvars [depth] [instance] [option]*
30020 sps_tcl_fsdbDumpflush_vd_main at 0 : N/A(0)
30021 *Verdi* : Flush all FSDB Files at 0 ps.
30022 sps_tcl_fsdbDumpvars_vd_main
30023 argv[0]: 0
30024 argv[1]: simulator.RF_IO_GEN[5].DAC.nco_i
30025 argv[2]: +all
30026 argv[3]: +trace_process
30027 *Verdi* ERROR: The #2 argument "simulator.RF_IO_GEN[5].DAC.nco_i" is invalid
30028 *Verdi* ERROR: Failed to dump because the specified instance or option is not correct
30029 *Verdi* ERROR: Syntax - fsdbDumpvars [depth] [instance] [option]*
30030 sps_tcl_fsdbDumpflush_vd_main at 0 : N/A(0)
30031 *Verdi* : Flush all FSDB Files at 0 ps.
30032 sps_tcl_fsdbDumpvars_vd_main
30033 argv[0]: 0
30034 argv[1]: simulator.RF_IO_GEN[5].DAC.nco_q
30035 argv[2]: +all
30036 argv[3]: +trace_process
30037 *Verdi* ERROR: The #2 argument "simulator.RF_IO_GEN[5].DAC.nco_q" is invalid
30038 *Verdi* ERROR: Failed to dump because the specified instance or option is not correct
30039 *Verdi* ERROR: Syntax - fsdbDumpvars [depth] [instance] [option]*
30040 sps_tcl_fsdbDumpflush_vd_main at 0 : N/A(0)
30041 *Verdi* : Flush all FSDB Files at 0 ps.
30042 sps_tcl_fsdbDumpvars_vd_main
30043 argv[0]: 0
30044 argv[1]: simulator.RF_IO_GEN[5].DAC.o_vrf
30045 argv[2]: +all
30046 argv[3]: +trace_process
30047 *Verdi* ERROR: The #2 argument "simulator.RF_IO_GEN[5].DAC.o_vrf" is invalid
30048 *Verdi* ERROR: Failed to dump because the specified instance or option is not correct
30049 *Verdi* ERROR: Syntax - fsdbDumpvars [depth] [instance] [option]*
30050 sps_tcl_fsdbDumpflush_vd_main at 0 : N/A(0)
30051 *Verdi* : Flush all FSDB Files at 0 ps.
30052 sps_tcl_fsdbDumpvars_vd_main
30053 argv[0]: 0
30054 argv[1]: simulator.RF_IO_GEN[4].REGS.AXIL_REGS.i_aclk
30055 argv[2]: +all
30056 argv[3]: +trace_process
30057 *Verdi* ERROR: The #2 argument "simulator.RF_IO_GEN[4].REGS.AXIL_REGS.i_aclk" is invalid
30058 *Verdi* ERROR: Failed to dump because the specified instance or option is not correct
30059 *Verdi* ERROR: Syntax - fsdbDumpvars [depth] [instance] [option]*
30060 sps_tcl_fsdbDumpflush_vd_main at 0 : N/A(0)
30061 *Verdi* : Flush all FSDB Files at 0 ps.
30062 sps_tcl_fsdbDumpvars_vd_main
30063 argv[0]: 0
30064 argv[1]: simulator.RF_IO_GEN[4].REGS.AXIL_REGS.i_aresetn
30065 argv[2]: +all
30066 argv[3]: +trace_process
30067 *Verdi* ERROR: The #2 argument "simulator.RF_IO_GEN[4].REGS.AXIL_REGS.i_aresetn" is invalid
30068 *Verdi* ERROR: Failed to dump because the specified instance or option is not correct
30069 *Verdi* ERROR: Syntax - fsdbDumpvars [depth] [instance] [option]*
30070 sps_tcl_fsdbDumpflush_vd_main at 0 : N/A(0)
30071 *Verdi* : Flush all FSDB Files at 0 ps.
30072 sps_tcl_fsdbDumpvars_vd_main
30073 argv[0]: 0
30074 argv[1]: simulator.RF_IO_GEN[4].REGS.AXIL_REGS.r_regs[0:65][31:0]
30075 argv[2]: +all
30076 argv[3]: +trace_process
30077 *Verdi* ERROR: The #2 argument "simulator.RF_IO_GEN[4].REGS.AXIL_REGS.r_regs[0:65][31:0]" is invalid
30078 *Verdi* ERROR: Failed to dump because the specified instance or option is not correct
30079 *Verdi* ERROR: Syntax - fsdbDumpvars [depth] [instance] [option]*
30080 sps_tcl_fsdbDumpflush_vd_main at 0 : N/A(0)
30081 *Verdi* : Flush all FSDB Files at 0 ps.
30082 sps_tcl_fsdbDumpvars_vd_main
30083 argv[0]: 0
30084 argv[1]: simulator.RF_IO_GEN[4].REGS.AXIL_REGS.o_regs[0:65][31:0]
30085 argv[2]: +all
30086 argv[3]: +trace_process
30087 *Verdi* ERROR: The #2 argument "simulator.RF_IO_GEN[4].REGS.AXIL_REGS.o_regs[0:65][31:0]" is invalid
30088 *Verdi* ERROR: Failed to dump because the specified instance or option is not correct
30089 *Verdi* ERROR: Syntax - fsdbDumpvars [depth] [instance] [option]*
30090 sps_tcl_fsdbDumpflush_vd_main at 0 : N/A(0)
30091 *Verdi* : Flush all FSDB Files at 0 ps.
30092 sps_tcl_fsdbDumpvars_vd_main
30093 argv[0]: 0
30094 argv[1]: simulator.RF_IO_GEN[4].REGS.AXIL_REGS.o_awready
30095 argv[2]: +all
30096 argv[3]: +trace_process
30097 *Verdi* ERROR: The #2 argument "simulator.RF_IO_GEN[4].REGS.AXIL_REGS.o_awready" is invalid
30098 *Verdi* ERROR: Failed to dump because the specified instance or option is not correct
30099 *Verdi* ERROR: Syntax - fsdbDumpvars [depth] [instance] [option]*
30100 sps_tcl_fsdbDumpflush_vd_main at 0 : N/A(0)
30101 *Verdi* : Flush all FSDB Files at 0 ps.
30102 sps_tcl_fsdbDumpvars_vd_main
30103 argv[0]: 0
30104 argv[1]: simulator.RF_IO_GEN[4].REGS.AXIL_REGS.i_awvalid
30105 argv[2]: +all
30106 argv[3]: +trace_process
30107 *Verdi* ERROR: The #2 argument "simulator.RF_IO_GEN[4].REGS.AXIL_REGS.i_awvalid" is invalid
30108 *Verdi* ERROR: Failed to dump because the specified instance or option is not correct
30109 *Verdi* ERROR: Syntax - fsdbDumpvars [depth] [instance] [option]*
30110 sps_tcl_fsdbDumpflush_vd_main at 0 : N/A(0)
30111 *Verdi* : Flush all FSDB Files at 0 ps.
30112 sps_tcl_fsdbDumpvars_vd_main
30113 argv[0]: 0
30114 argv[1]: simulator.RF_IO_GEN[4].REGS.AXIL_REGS.i_awaddr[8:0]
30115 argv[2]: +all
30116 argv[3]: +trace_process
30117 *Verdi* ERROR: The #2 argument "simulator.RF_IO_GEN[4].REGS.AXIL_REGS.i_awaddr[8:0]" is invalid
30118 *Verdi* ERROR: Failed to dump because the specified instance or option is not correct
30119 *Verdi* ERROR: Syntax - fsdbDumpvars [depth] [instance] [option]*
30120 sps_tcl_fsdbDumpflush_vd_main at 0 : N/A(0)
30121 *Verdi* : Flush all FSDB Files at 0 ps.
30122 sps_tcl_fsdbDumpvars_vd_main
30123 argv[0]: 0
30124 argv[1]: simulator.RF_IO_GEN[4].REGS.AXIL_REGS.w_awireg[6:0]
30125 argv[2]: +all
30126 argv[3]: +trace_process
30127 *Verdi* ERROR: The #2 argument "simulator.RF_IO_GEN[4].REGS.AXIL_REGS.w_awireg[6:0]" is invalid
30128 *Verdi* ERROR: Failed to dump because the specified instance or option is not correct
30129 *Verdi* ERROR: Syntax - fsdbDumpvars [depth] [instance] [option]*
30130 sps_tcl_fsdbDumpflush_vd_main at 0 : N/A(0)
30131 *Verdi* : Flush all FSDB Files at 0 ps.
30132 sps_tcl_fsdbDumpvars_vd_main
30133 argv[0]: 0
30134 argv[1]: simulator.RF_IO_GEN[4].REGS.AXIL_REGS.w_awls2b[1:0]
30135 argv[2]: +all
30136 argv[3]: +trace_process
30137 *Verdi* ERROR: The #2 argument "simulator.RF_IO_GEN[4].REGS.AXIL_REGS.w_awls2b[1:0]" is invalid
30138 *Verdi* ERROR: Failed to dump because the specified instance or option is not correct
30139 *Verdi* ERROR: Syntax - fsdbDumpvars [depth] [instance] [option]*
30140 sps_tcl_fsdbDumpflush_vd_main at 0 : N/A(0)
30141 *Verdi* : Flush all FSDB Files at 0 ps.
30142 sps_tcl_fsdbDumpvars_vd_main
30143 argv[0]: 0
30144 argv[1]: simulator.RF_IO_GEN[4].REGS.AXIL_REGS.o_wready
30145 argv[2]: +all
30146 argv[3]: +trace_process
30147 *Verdi* ERROR: The #2 argument "simulator.RF_IO_GEN[4].REGS.AXIL_REGS.o_wready" is invalid
30148 *Verdi* ERROR: Failed to dump because the specified instance or option is not correct
30149 *Verdi* ERROR: Syntax - fsdbDumpvars [depth] [instance] [option]*
30150 sps_tcl_fsdbDumpflush_vd_main at 0 : N/A(0)
30151 *Verdi* : Flush all FSDB Files at 0 ps.
30152 sps_tcl_fsdbDumpvars_vd_main
30153 argv[0]: 0
30154 argv[1]: simulator.RF_IO_GEN[4].REGS.AXIL_REGS.i_wvalid
30155 argv[2]: +all
30156 argv[3]: +trace_process
30157 *Verdi* ERROR: The #2 argument "simulator.RF_IO_GEN[4].REGS.AXIL_REGS.i_wvalid" is invalid
30158 *Verdi* ERROR: Failed to dump because the specified instance or option is not correct
30159 *Verdi* ERROR: Syntax - fsdbDumpvars [depth] [instance] [option]*
30160 sps_tcl_fsdbDumpflush_vd_main at 0 : N/A(0)
30161 *Verdi* : Flush all FSDB Files at 0 ps.
30162 sps_tcl_fsdbDumpvars_vd_main
30163 argv[0]: 0
30164 argv[1]: simulator.RF_IO_GEN[4].REGS.AXIL_REGS.i_wdata[31:0]
30165 argv[2]: +all
30166 argv[3]: +trace_process
30167 *Verdi* ERROR: The #2 argument "simulator.RF_IO_GEN[4].REGS.AXIL_REGS.i_wdata[31:0]" is invalid
30168 *Verdi* ERROR: Failed to dump because the specified instance or option is not correct
30169 *Verdi* ERROR: Syntax - fsdbDumpvars [depth] [instance] [option]*
30170 sps_tcl_fsdbDumpflush_vd_main at 0 : N/A(0)
30171 *Verdi* : Flush all FSDB Files at 0 ps.
30172 sps_tcl_fsdbDumpvars_vd_main
30173 argv[0]: 0
30174 argv[1]: simulator.RF_IO_GEN[4].REGS.AXIL_REGS.i_wstrb[3:0]
30175 argv[2]: +all
30176 argv[3]: +trace_process
30177 *Verdi* ERROR: The #2 argument "simulator.RF_IO_GEN[4].REGS.AXIL_REGS.i_wstrb[3:0]" is invalid
30178 *Verdi* ERROR: Failed to dump because the specified instance or option is not correct
30179 *Verdi* ERROR: Syntax - fsdbDumpvars [depth] [instance] [option]*
30180 sps_tcl_fsdbDumpflush_vd_main at 0 : N/A(0)
30181 *Verdi* : Flush all FSDB Files at 0 ps.
30182 sps_tcl_fsdbDumpvars_vd_main
30183 argv[0]: 0
30184 argv[1]: simulator.RF_IO_GEN[4].REGS.AXIL_REGS.w_wdatastrb[31:0]
30185 argv[2]: +all
30186 argv[3]: +trace_process
30187 *Verdi* ERROR: The #2 argument "simulator.RF_IO_GEN[4].REGS.AXIL_REGS.w_wdatastrb[31:0]" is invalid
30188 *Verdi* ERROR: Failed to dump because the specified instance or option is not correct
30189 *Verdi* ERROR: Syntax - fsdbDumpvars [depth] [instance] [option]*
30190 sps_tcl_fsdbDumpflush_vd_main at 0 : N/A(0)
30191 *Verdi* : Flush all FSDB Files at 0 ps.
30192 sps_tcl_fsdbDumpvars_vd_main
30193 argv[0]: 0
30194 argv[1]: simulator.RF_IO_GEN[4].REGS.AXIL_REGS.i_bready
30195 argv[2]: +all
30196 argv[3]: +trace_process
30197 *Verdi* ERROR: The #2 argument "simulator.RF_IO_GEN[4].REGS.AXIL_REGS.i_bready" is invalid
30198 *Verdi* ERROR: Failed to dump because the specified instance or option is not correct
30199 *Verdi* ERROR: Syntax - fsdbDumpvars [depth] [instance] [option]*
30200 sps_tcl_fsdbDumpflush_vd_main at 0 : N/A(0)
30201 *Verdi* : Flush all FSDB Files at 0 ps.
30202 sps_tcl_fsdbDumpvars_vd_main
30203 argv[0]: 0
30204 argv[1]: simulator.RF_IO_GEN[4].REGS.AXIL_REGS.o_bvalid
30205 argv[2]: +all
30206 argv[3]: +trace_process
30207 *Verdi* ERROR: The #2 argument "simulator.RF_IO_GEN[4].REGS.AXIL_REGS.o_bvalid" is invalid
30208 *Verdi* ERROR: Failed to dump because the specified instance or option is not correct
30209 *Verdi* ERROR: Syntax - fsdbDumpvars [depth] [instance] [option]*
30210 sps_tcl_fsdbDumpflush_vd_main at 0 : N/A(0)
30211 *Verdi* : Flush all FSDB Files at 0 ps.
30212 sps_tcl_fsdbDumpvars_vd_main
30213 argv[0]: 0
30214 argv[1]: simulator.RF_IO_GEN[4].REGS.AXIL_REGS.o_bresp[1:0]
30215 argv[2]: +all
30216 argv[3]: +trace_process
30217 *Verdi* ERROR: The #2 argument "simulator.RF_IO_GEN[4].REGS.AXIL_REGS.o_bresp[1:0]" is invalid
30218 *Verdi* ERROR: Failed to dump because the specified instance or option is not correct
30219 *Verdi* ERROR: Syntax - fsdbDumpvars [depth] [instance] [option]*
30220 sps_tcl_fsdbDumpflush_vd_main at 0 : N/A(0)
30221 *Verdi* : Flush all FSDB Files at 0 ps.
30222 sps_tcl_fsdbDumpvars_vd_main
30223 argv[0]: 0
30224 argv[1]: simulator.RF_IO_GEN[4].REGS.AXIL_REGS.o_arready
30225 argv[2]: +all
30226 argv[3]: +trace_process
30227 *Verdi* ERROR: The #2 argument "simulator.RF_IO_GEN[4].REGS.AXIL_REGS.o_arready" is invalid
30228 *Verdi* ERROR: Failed to dump because the specified instance or option is not correct
30229 *Verdi* ERROR: Syntax - fsdbDumpvars [depth] [instance] [option]*
30230 sps_tcl_fsdbDumpflush_vd_main at 0 : N/A(0)
30231 *Verdi* : Flush all FSDB Files at 0 ps.
30232 sps_tcl_fsdbDumpvars_vd_main
30233 argv[0]: 0
30234 argv[1]: simulator.RF_IO_GEN[4].REGS.AXIL_REGS.i_arvalid
30235 argv[2]: +all
30236 argv[3]: +trace_process
30237 *Verdi* ERROR: The #2 argument "simulator.RF_IO_GEN[4].REGS.AXIL_REGS.i_arvalid" is invalid
30238 *Verdi* ERROR: Failed to dump because the specified instance or option is not correct
30239 *Verdi* ERROR: Syntax - fsdbDumpvars [depth] [instance] [option]*
30240 sps_tcl_fsdbDumpflush_vd_main at 0 : N/A(0)
30241 *Verdi* : Flush all FSDB Files at 0 ps.
30242 sps_tcl_fsdbDumpvars_vd_main
30243 argv[0]: 0
30244 argv[1]: simulator.RF_IO_GEN[4].REGS.AXIL_REGS.i_araddr[8:0]
30245 argv[2]: +all
30246 argv[3]: +trace_process
30247 *Verdi* ERROR: The #2 argument "simulator.RF_IO_GEN[4].REGS.AXIL_REGS.i_araddr[8:0]" is invalid
30248 *Verdi* ERROR: Failed to dump because the specified instance or option is not correct
30249 *Verdi* ERROR: Syntax - fsdbDumpvars [depth] [instance] [option]*
30250 sps_tcl_fsdbDumpflush_vd_main at 0 : N/A(0)
30251 *Verdi* : Flush all FSDB Files at 0 ps.
30252 sps_tcl_fsdbDumpvars_vd_main
30253 argv[0]: 0
30254 argv[1]: simulator.RF_IO_GEN[4].REGS.AXIL_REGS.w_arireg[6:0]
30255 argv[2]: +all
30256 argv[3]: +trace_process
30257 *Verdi* ERROR: The #2 argument "simulator.RF_IO_GEN[4].REGS.AXIL_REGS.w_arireg[6:0]" is invalid
30258 *Verdi* ERROR: Failed to dump because the specified instance or option is not correct
30259 *Verdi* ERROR: Syntax - fsdbDumpvars [depth] [instance] [option]*
30260 sps_tcl_fsdbDumpflush_vd_main at 0 : N/A(0)
30261 *Verdi* : Flush all FSDB Files at 0 ps.
30262 sps_tcl_fsdbDumpvars_vd_main
30263 argv[0]: 0
30264 argv[1]: simulator.RF_IO_GEN[4].REGS.AXIL_REGS.w_arls2b[1:0]
30265 argv[2]: +all
30266 argv[3]: +trace_process
30267 *Verdi* ERROR: The #2 argument "simulator.RF_IO_GEN[4].REGS.AXIL_REGS.w_arls2b[1:0]" is invalid
30268 *Verdi* ERROR: Failed to dump because the specified instance or option is not correct
30269 *Verdi* ERROR: Syntax - fsdbDumpvars [depth] [instance] [option]*
30270 sps_tcl_fsdbDumpflush_vd_main at 0 : N/A(0)
30271 *Verdi* : Flush all FSDB Files at 0 ps.
30272 sps_tcl_fsdbDumpvars_vd_main
30273 argv[0]: 0
30274 argv[1]: simulator.RF_IO_GEN[4].REGS.AXIL_REGS.i_rready
30275 argv[2]: +all
30276 argv[3]: +trace_process
30277 *Verdi* ERROR: The #2 argument "simulator.RF_IO_GEN[4].REGS.AXIL_REGS.i_rready" is invalid
30278 *Verdi* ERROR: Failed to dump because the specified instance or option is not correct
30279 *Verdi* ERROR: Syntax - fsdbDumpvars [depth] [instance] [option]*
30280 sps_tcl_fsdbDumpflush_vd_main at 0 : N/A(0)
30281 *Verdi* : Flush all FSDB Files at 0 ps.
30282 sps_tcl_fsdbDumpvars_vd_main
30283 argv[0]: 0
30284 argv[1]: simulator.RF_IO_GEN[4].REGS.AXIL_REGS.o_rvalid
30285 argv[2]: +all
mulator.DC_IO_GEN[7].DAC.SDO).
19858 pliAppHDL_DumpVarComplete traverse var: profile - 
          CPU/Mem usage: 0.670 sys,  0.860 user,  412.61M mem
                   incr: 0.000 sys,  0.000 user,  0.00M mem
                   accu: 0.000 sys,  0.000 user,  0.00M mem
              accu incr: 0.000 sys,  0.000 user,  0.00M mem

          Count usage: 0 var,  426 idcode,  380 callback
                 incr: 0 var,  1 idcode,  1 callback
                 accu: 0 var,  1 idcode,  1 callback
            accu incr: 0 var,  1 idcode,  1 callback
19859 Elapsed time:    0:01:26    Sat Jan 17 15:14:06 2026
19860 User CPU time used: 0 seconds
19861 System CPU time used: 0 seconds
19862 pliAppHDL_DumpVarComplete: profile - 
          CPU/Mem usage: 0.670 sys,  0.860 user,  412.61M mem
                   incr: 0.000 sys,  0.000 user,  0.00M mem
                   accu: 0.000 sys,  0.000 user,  0.00M mem
              accu incr: 0.000 sys,  0.000 user,  0.00M mem

          Count usage: 0 var,  426 idcode,  380 callback
                 incr: 0 var,  0 idcode,  0 callback
                 accu: 0 var,  1 idcode,  1 callback
            accu incr: 0 var,  0 idcode,  0 callback
19863 Elapsed time:    0:01:26    Sat Jan 17 15:14:06 2026
19864 User CPU time used: 0 seconds
19865 System CPU time used: 0 seconds
19866 sps_tcl_fsdbDumpflush_vd_main at 0 : N/A(0)
19867 *Verdi* : Flush all FSDB Files at 0 ps.
19868 sps_tcl_fsdbDumpvars_vd_main
19869 argv[0]: 0
19870 argv[1]: simulator.DC_IO_GEN[7].DAC.LDAC_N
19871 argv[2]: +all
19872 argv[3]: +trace_process
19873 *Verdi* : Dumping the signal (simulator.DC_IO_GEN[7].DAC.LDAC_N).
19874 pliAppHDL_DumpVarComplete traverse var: profile - 
          CPU/Mem usage: 0.670 sys,  0.860 user,  412.61M mem
                   incr: 0.000 sys,  0.000 user,  0.00M mem
                   accu: 0.000 sys,  0.000 user,  0.00M mem
              accu incr: 0.000 sys,  0.000 user,  0.00M mem

          Count usage: 0 var,  427 idcode,  381 callback
                 incr: 0 var,  1 idcode,  1 callback
                 accu: 0 var,  1 idcode,  1 callback
            accu incr: 0 var,  1 idcode,  1 callback
19875 Elapsed time:    0:01:26    Sat Jan 17 15:14:06 2026
19876 User CPU time used: 0 seconds
19877 System CPU time used: 0 seconds
19878 pliAppHDL_DumpVarComplete: profile - 
          CPU/Mem usage: 0.670 sys,  0.860 user,  412.61M mem
                   incr: 0.000 sys,  0.000 user,  0.00M mem
                   accu: 0.000 sys,  0.000 user,  0.00M mem
              accu incr: 0.000 sys,  0.000 user,  0.00M mem

          Count usage: 0 var,  427 idcode,  381 callback
                 incr: 0 var,  0 idcode,  0 callback
                 accu: 0 var,  1 idcode,  1 callback
            accu incr: 0 var,  0 idcode,  0 callback
19879 Elapsed time:    0:01:26    Sat Jan 17 15:14:06 2026
19880 User CPU time used: 0 seconds
19881 System CPU time used: 0 seconds
19882 sps_tcl_fsdbDumpflush_vd_main at 0 : N/A(0)
19883 *Verdi* : Flush all FSDB Files at 0 ps.
19884 sps_tcl_fsdbDumpvars_vd_main
19885 argv[0]: 0
19886 argv[1]: simulator.DC_IO_GEN[7].DAC.CLR_N
19887 argv[2]: +all
19888 argv[3]: +trace_process
19889 *Verdi* : Dumping the signal (simulator.DC_IO_GEN[7].DAC.CLR_N).
19890 pliAppHDL_DumpVarComplete traverse var: profile - 
          CPU/Mem usage: 0.670 sys,  0.860 user,  412.61M mem
                   incr: 0.000 sys,  0.000 user,  0.00M mem
                   accu: 0.000 sys,  0.000 user,  0.00M mem
              accu incr: 0.000 sys,  0.000 user,  0.00M mem

          Count usage: 0 var,  428 idcode,  382 callback
                 incr: 0 var,  1 idcode,  1 callback
                 accu: 0 var,  1 idcode,  1 callback
            accu incr: 0 var,  1 idcode,  1 callback
19891 Elapsed time:    0:01:26    Sat Jan 17 15:14:06 2026
19892 User CPU time used: 0 seconds
19893 System CPU time used: 0 seconds
19894 pliAppHDL_DumpVarComplete: profile - 
          CPU/Mem usage: 0.670 sys,  0.860 user,  412.61M mem
                   incr: 0.000 sys,  0.000 user,  0.00M mem
                   accu: 0.000 sys,  0.000 user,  0.00M mem
              accu incr: 0.000 sys,  0.000 user,  0.00M mem

          Count usage: 0 var,  428 idcode,  382 callback
                 incr: 0 var,  0 idcode,  0 callback
                 accu: 0 var,  1 idcode,  1 callback
            accu incr: 0 var,  0 idcode,  0 callback
19895 Elapsed time:    0:01:26    Sat Jan 17 15:14:06 2026
19896 User CPU time used: 0 seconds
19897 System CPU time used: 0 seconds
19898 sps_tcl_fsdbDumpflush_vd_main at 0 : N/A(0)
19899 *Verdi* : Flush all FSDB Files at 0 ps.
19900 sps_tcl_fsdbDumpvars_vd_main
19901 argv[0]: 0
19902 argv[1]: simulator.DC_IO_GEN[7].DAC.RESET_N
19903 argv[2]: +all
19904 argv[3]: +trace_process
19905 *Verdi* : Dumping the signal (simulator.DC_IO_GEN[7].DAC.RESET_N).
19906 pliAppHDL_DumpVarComplete traverse var: profile - 
          CPU/Mem usage: 0.670 sys,  0.860 user,  412.61M mem
                   incr: 0.000 sys,  0.000 user,  0.00M mem
                   accu: 0.000 sys,  0.000 user,  0.00M mem
              accu incr: 0.000 sys,  0.000 user,  0.00M mem

          Count usage: 0 var,  429 idcode,  383 callback
                 incr: 0 var,  1 idcode,  1 callback
                 accu: 0 var,  1 idcode,  1 callback
            accu incr: 0 var,  1 idcode,  1 callback
19907 Elapsed time:    0:01:26    Sat Jan 17 15:14:06 2026
19908 User CPU time used: 0 seconds
19909 System CPU time used: 0 seconds
19910 pliAppHDL_DumpVarComplete: profile - 
          CPU/Mem usage: 0.670 sys,  0.860 user,  412.61M mem
                   incr: 0.000 sys,  0.000 user,  0.00M mem
                   accu: 0.000 sys,  0.000 user,  0.00M mem
              accu incr: 0.000 sys,  0.000 user,  0.00M mem

          Count usage: 0 var,  429 idcode,  383 callback
                 incr: 0 var,  0 idcode,  0 callback
                 accu: 0 var,  1 idcode,  1 callback
            accu incr: 0 var,  0 idcode,  0 callback
19911 Elapsed time:    0:01:26    Sat Jan 17 15:14:06 2026
19912 User CPU time used: 0 seconds
19913 System CPU time used: 0 seconds
19914 sps_tcl_fsdbDumpflush_vd_main at 0 : N/A(0)
19915 *Verdi* : Flush all FSDB Files at 0 ps.
19916 sps_tcl_fsdbDumpvars_vd_main
19917 argv[0]: 0
19918 argv[1]: simulator.DC_IO_GEN[7].DAC.dac_reg
19919 argv[2]: +all
19920 argv[3]: +trace_process
19921 *Verdi* : Dumping the signal (simulator.DC_IO_GEN[7].DAC.dac_reg).
19922 pliAppHDL_DumpVarComplete traverse var: profile - 
          CPU/Mem usage: 0.670 sys,  0.860 user,  412.61M mem
                   incr: 0.000 sys,  0.000 user,  0.00M mem
                   accu: 0.000 sys,  0.000 user,  0.00M mem
              accu incr: 0.000 sys,  0.000 user,  0.00M mem

          Count usage: 0 var,  430 idcode,  384 callback
                 incr: 0 var,  1 idcode,  1 callback
                 accu: 0 var,  1 idcode,  1 callback
            accu incr: 0 var,  1 idcode,  1 callback
19923 Elapsed time:    0:01:26    Sat Jan 17 15:14:06 2026
19924 User CPU time used: 0 seconds
19925 System CPU time used: 0 seconds
19926 pliAppHDL_DumpVarComplete: profile - 
          CPU/Mem usage: 0.670 sys,  0.860 user,  412.61M mem
                   incr: 0.000 sys,  0.000 user,  0.00M mem
                   accu: 0.000 sys,  0.000 user,  0.00M mem
              accu incr: 0.000 sys,  0.000 user,  0.00M mem

          Count usage: 0 var,  430 idcode,  384 callback
                 incr: 0 var,  0 idcode,  0 callback
                 accu: 0 var,  1 idcode,  1 callback
            accu incr: 0 var,  0 idcode,  0 callback
19927 Elapsed time:    0:01:26    Sat Jan 17 15:14:06 2026
19928 User CPU time used: 0 seconds
19929 System CPU time used: 0 seconds
19930 sps_tcl_fsdbDumpflush_vd_main at 0 : N/A(0)
19931 *Verdi* : Flush all FSDB Files at 0 ps.
19932 sps_tcl_fsdbDumpvars_vd_main
19933 argv[0]: 0
19934 argv[1]: simulator.DC_IO_GEN[7].DAC.ctrl_reg
19935 argv[2]: +all
19936 argv[3]: +trace_process
19937 *Verdi* : Dumping the signal (simulator.DC_IO_GEN[7].DAC.ctrl_reg).
19938 pliAppHDL_DumpVarComplete traverse var: profile - 
          CPU/Mem usage: 0.670 sys,  0.870 user,  412.61M mem
                   incr: 0.000 sys,  0.000 user,  0.00M mem
                   accu: 0.000 sys,  0.000 user,  0.00M mem
              accu incr: 0.000 sys,  0.000 user,  0.00M mem

          Count usage: 0 var,  431 idcode,  385 callback
                 incr: 0 var,  1 idcode,  1 callback
                 accu: 0 var,  1 idcode,  1 callback
            accu incr: 0 var,  1 idcode,  1 callback
19939 Elapsed time:    0:01:26    Sat Jan 17 15:14:06 2026
19940 User CPU time used: 0 seconds
19941 System CPU time used: 0 seconds
19942 pliAppHDL_DumpVarComplete: profile - 
          CPU/Mem usage: 0.670 sys,  0.870 user,  412.61M mem
                   incr: 0.000 sys,  0.000 user,  0.00M mem
                   accu: 0.000 sys,  0.000 user,  0.00M mem
              accu incr: 0.000 sys,  0.000 user,  0.00M mem

          Count usage: 0 var,  431 idcode,  385 callback
                 incr: 0 var,  0 idcode,  0 callback
                 accu: 0 var,  1 idcode,  1 callback
            accu incr: 0 var,  0 idcode,  0 callback
19943 Elapsed time:    0:01:26    Sat Jan 17 15:14:06 2026
19944 User CPU time used: 0 seconds
19945 System CPU time used: 0 seconds
19946 sps_tcl_fsdbDumpflush_vd_main at 0 : N/A(0)
19947 *Verdi* : Flush all FSDB Files at 0 ps.
19948 sps_tcl_fsdbDumpvars_vd_main
19949 argv[0]: 0
19950 argv[1]: simulator.DC_IO_GEN[7].DAC.clrcode_reg
19951 argv[2]: +all
19952 argv[3]: +trace_process
19953 *Verdi* : Dumping the signal (simulator.DC_IO_GEN[7].DAC.clrcode_reg).
19954 pliAppHDL_DumpVarComplete traverse var: profile - 
          CPU/Mem usage: 0.670 sys,  0.870 user,  412.61M mem
                   incr: 0.000 sys,  0.000 user,  0.00M mem
                   accu: 0.000 sys,  0.000 user,  0.00M mem
              accu incr: 0.000 sys,  0.000 user,  0.00M mem

          Count usage: 0 var,  432 idcode,  386 callback
                 incr: 0 var,  1 idcode,  1 callback
                 accu: 0 var,  1 idcode,  1 callback
            accu incr: 0 var,  1 idcode,  1 callback
19955 Elapsed time:    0:01:26    Sat Jan 17 15:14:06 2026
19956 User CPU time used: 0 seconds
19957 System CPU time used: 0 seconds
19958 pliAppHDL_DumpVarComplete: profile - 
          CPU/Mem usage: 0.670 sys,  0.870 user,  412.61M mem
                   incr: 0.000 sys,  0.000 user,  0.00M mem
                   accu: 0.000 sys,  0.000 user,  0.00M mem
              accu incr: 0.000 sys,  0.000 user,  0.00M mem

          Count usage: 0 var,  432 idcode,  386 callback
                 incr: 0 var,  0 idcode,  0 callback
                 accu: 0 var,  1 idcode,  1 callback
            accu incr: 0 var,  0 idcode,  0 callback
19959 Elapsed time:    0:01:26    Sat Jan 17 15:14:06 2026
19960 User CPU time used: 0 seconds
19961 System CPU time used: 0 seconds
19962 sps_tcl_fsdbDumpflush_vd_main at 0 : N/A(0)
19963 *Verdi* : Flush all FSDB Files at 0 ps.
19964 sps_tcl_fsdbDumpvars_vd_main
19965 argv[0]: 0
19966 argv[1]: simulator.DC_IO_GEN[7].DAC.sw_ctrl_reg
19967 argv[2]: +all
19968 argv[3]: +trace_process
19969 *Verdi* : Dumping the signal (simulator.DC_IO_GEN[7].DAC.sw_ctrl_reg).
19970 pliAppHDL_DumpVarComplete traverse var: profile - 
          CPU/Mem usage: 0.670 sys,  0.870 user,  412.61M mem
                   incr: 0.000 sys,  0.000 user,  0.00M mem
                   accu: 0.000 sys,  0.000 user,  0.00M mem
              accu incr: 0.000 sys,  0.000 user,  0.00M mem

          Count usage: 0 var,  433 idcode,  387 callback
                 incr: 0 var,  1 idcode,  1 callback
                 accu: 0 var,  1 idcode,  1 callback
            accu incr: 0 var,  1 idcode,  1 callback
19971 Elapsed time:    0:01:26    Sat Jan 17 15:14:06 2026
19972 User CPU time used: 0 seconds
19973 System CPU time used: 0 seconds
19974 pliAppHDL_DumpVarComplete: profile - 
          CPU/Mem usage: 0.670 sys,  0.870 user,  412.61M mem
                   incr: 0.000 sys,  0.000 user,  0.00M mem
                   accu: 0.000 sys,  0.000 user,  0.00M mem
              accu incr: 0.000 sys,  0.000 user,  0.00M mem

          Count usage: 0 var,  433 idcode,  387 callback
                 incr: 0 var,  0 idcode,  0 callback
                 accu: 0 var,  1 idcode,  1 callback
            accu incr: 0 var,  0 idcode,  0 callback
19975 Elapsed time:    0:01:26    Sat Jan 17 15:14:06 2026
19976 User CPU time used: 0 seconds
19977 System CPU time used: 0 seconds
19978 sps_tcl_fsdbDumpflush_vd_main at 0 : N/A(0)
19979 *Verdi* : Flush all FSDB Files at 0 ps.
19980 sps_tcl_fsdbDumpvars_vd_main
19981 argv[0]: 0
19982 argv[1]: simulator.DC_IO_GEN[7].DAC.dac_input_reg
19983 argv[2]: +all
19984 argv[3]: +trace_process
19985 *Verdi* : Dumping the signal (simulator.DC_IO_GEN[7].DAC.dac_input_reg).
19986 pliAppHDL_DumpVarComplete traverse var: profile - 
          CPU/Mem usage: 0.670 sys,  0.870 user,  412.61M mem
                   incr: 0.000 sys,  0.000 user,  0.00M mem
                   accu: 0.000 sys,  0.000 user,  0.00M mem
              accu incr: 0.000 sys,  0.000 user,  0.00M mem

          Count usage: 0 var,  434 idcode,  388 callback
                 incr: 0 var,  1 idcode,  1 callback
                 accu: 0 var,  1 idcode,  1 callback
            accu incr: 0 var,  1 idcode,  1 callback
19987 Elapsed time:    0:01:26    Sat Jan 17 15:14:06 2026
19988 User CPU time used: 0 seconds
19989 System CPU time used: 0 seconds
19990 pliAppHDL_DumpVarComplete: profile - 
          CPU/Mem usage: 0.670 sys,  0.870 user,  412.61M mem
                   incr: 0.000 sys,  0.000 user,  0.00M mem
                   accu: 0.000 sys,  0.000 user,  0.00M mem
              accu incr: 0.000 sys,  0.000 user,  0.00M mem

          Count usage: 0 var,  434 idcode,  388 callback
                 incr: 0 var,  0 idcode,  0 callback
                 accu: 0 var,  1 idcode,  1 callback
            accu incr: 0 var,  0 idcode,  0 callback
19991 Elapsed time:    0:01:26    Sat Jan 17 15:14:06 2026
19992 User CPU time used: 0 seconds
19993 System CPU time used: 0 seconds
19994 sps_tcl_fsdbDumpflush_vd_main at 0 : N/A(0)
19995 *Verdi* : Flush all FSDB Files at 0 ps.
19996 sps_tcl_fsdbDumpvars_vd_main
19997 argv[0]: 0
19998 argv[1]: simulator.DC_IO_GEN[7].DAC.SDODIS
19999 argv[2]: +all
20000 argv[3]: +trace_process
20001 *Verdi* : Dumping the signal (simulator.DC_IO_GEN[7].DAC.SDODIS).
20002 pliAppHDL_DumpVarComplete traverse var: profile - 
          CPU/Mem usage: 0.670 sys,  0.870 user,  412.61M mem
                   incr: 0.000 sys,  0.000 user,  0.00M mem
                   accu: 0.000 sys,  0.000 user,  0.00M mem
              accu incr: 0.000 sys,  0.000 user,  0.00M mem

          Count usage: 0 var,  435 idcode,  389 callback
                 incr: 0 var,  1 idcode,  1 callback
                 accu: 0 var,  1 idcode,  1 callback
            accu incr: 0 var,  1 idcode,  1 callback
20003 Elapsed time:    0:01:26    Sat Jan 17 15:14:06 2026
20004 User CPU time used: 0 seconds
20005 System CPU time used: 0 seconds
20006 pliAppHDL_DumpVarComplete: profile - 
          CPU/Mem usage: 0.670 sys,  0.870 user,  412.61M mem
                   incr: 0.000 sys,  0.000 user,  0.00M mem
                   accu: 0.000 sys,  0.000 user,  0.00M mem
              accu incr: 0.000 sys,  0.000 user,  0.00M mem

          Count usage: 0 var,  435 idcode,  389 callback
                 incr: 0 var,  0 idcode,  0 callback
                 accu: 0 var,  1 idcode,  1 callback
            accu incr: 0 var,  0 idcode,  0 callback
20007 Elapsed time:    0:01:26    Sat Jan 17 15:14:06 2026
20008 User CPU time used: 0 seconds
20009 System CPU time used: 0 seconds
20010 sps_tcl_fsdbDumpflush_vd_main at 0 : N/A(0)
20011 *Verdi* : Flush all FSDB Files at 0 ps.
20012 sps_tcl_fsdbDumpvars_vd_main
20013 argv[0]: 0
20014 argv[1]: simulator.DC_IO_GEN[7].DAC.DACTRI
20015 argv[2]: +all
20016 argv[3]: +trace_process
20017 *Verdi* : Dumping the signal (simulator.DC_IO_GEN[7].DAC.DACTRI).
20018 pliAppHDL_DumpVarComplete traverse var: profile - 
          CPU/Mem usage: 0.670 sys,  0.870 user,  412.61M mem
                   incr: 0.000 sys,  0.000 user,  0.00M mem
                   accu: 0.000 sys,  0.000 user,  0.00M mem
              accu incr: 0.000 sys,  0.000 user,  0.00M mem

          Count usage: 0 var,  436 idcode,  390 callback
                 incr: 0 var,  1 idcode,  1 callback
                 accu: 0 var,  1 idcode,  1 callback
            accu incr: 0 var,  1 idcode,  1 callback
20019 Elapsed time:    0:01:26    Sat Jan 17 15:14:06 2026
20020 User CPU time used: 0 seconds
20021 System CPU time used: 0 seconds
20022 pliAppHDL_DumpVarComplete: profile - 
          CPU/Mem usage: 0.670 sys,  0.870 user,  412.61M mem
                   incr: 0.000 sys,  0.000 user,  0.00M mem
                   accu: 0.000 sys,  0.000 user,  0.00M mem
              accu incr: 0.000 sys,  0.000 user,  0.00M mem

          Count usage: 0 var,  436 idcode,  390 callback
                 incr: 0 var,  0 idcode,  0 callback
                 accu: 0 var,  1 idcode,  1 callback
            accu incr: 0 var,  0 idcode,  0 callback
20023 Elapsed time:    0:01:26    Sat Jan 17 15:14:06 2026
20024 User CPU time used: 0 seconds
20025 System CPU time used: 0 seconds
20026 sps_tcl_fsdbDumpflush_vd_main at 0 : N/A(0)
20027 *Verdi* : Flush all FSDB Files at 0 ps.
20028 sps_tcl_fsdbDumpvars_vd_main
20029 argv[0]: 0
20030 argv[1]: simulator.DC_IO_GEN[7].DAC.OPGND
20031 argv[2]: +all
20032 argv[3]: +trace_process
20033 *Verdi* : Dumping the signal (simulator.DC_IO_GEN[7].DAC.OPGND).
20034 pliAppHDL_DumpVarComplete traverse var: profile - 
          CPU/Mem usage: 0.670 sys,  0.870 user,  412.61M mem
                   incr: 0.000 sys,  0.000 user,  0.00M mem
                   accu: 0.000 sys,  0.000 user,  0.00M mem
              accu incr: 0.000 sys,  0.000 user,  0.00M mem

          Count usage: 0 var,  437 idcode,  391 callback
                 incr: 0 var,  1 idcode,  1 callback
                 accu: 0 var,  1 idcode,  1 callback
            accu incr: 0 var,  1 idcode,  1 callback
20035 Elapsed time:    0:01:26    Sat Jan 17 15:14:06 2026
20036 User CPU time used: 0 seconds
20037 System CPU time used: 0 seconds
20038 pliAppHDL_DumpVarComplete: profile - 
          CPU/Mem usage: 0.670 sys,  0.870 user,  412.61M mem
                   incr: 0.000 sys,  0.000 user,  0.00M mem
                   accu: 0.000 sys,  0.000 user,  0.00M mem
              accu incr: 0.000 sys,  0.000 user,  0.00M mem

          Count usage: 0 var,  437 idcode,  391 callback
                 incr: 0 var,  0 idcode,  0 callback
                 accu: 0 var,  1 idcode,  1 callback
            accu incr: 0 var,  0 idcode,  0 callback
20039 Elapsed time:    0:01:26    Sat Jan 17 15:14:06 2026
20040 User CPU time used: 0 seconds
20041 System CPU time used: 0 seconds
20042 sps_tcl_fsdbDumpflush_vd_main at 0 : N/A(0)
20043 *Verdi* : Flush all FSDB Files at 0 ps.
20044 sps_tcl_fsdbDumpvars_vd_main
20045 argv[0]: 0
20046 argv[1]: simulator.DC_IO_GEN[7].DAC.VOUT
20047 argv[2]: +all
20048 argv[3]: +trace_process
20049 *Verdi* : Dumping the signal (simulator.DC_IO_GEN[7].DAC.VOUT).
20050 pliAppHDL_DumpVarComplete traverse var: profile - 
          CPU/Mem usage: 0.680 sys,  0.880 user,  412.61M mem
                   incr: 0.010 sys,  0.000 user,  0.00M mem
                   accu: 0.010 sys,  0.000 user,  0.00M mem
              accu incr: 0.010 sys,  0.000 user,  0.00M mem

          Count usage: 0 var,  438 idcode,  392 callback
                 incr: 0 var,  1 idcode,  1 callback
                 accu: 0 var,  1 idcode,  1 callback
            accu incr: 0 var,  1 idcode,  1 callback
20051 Elapsed time:    0:01:26    Sat Jan 17 15:14:06 2026
20052 User CPU time used: 0 seconds
20053 System CPU time used: 0 seconds
20054 pliAppHDL_DumpVarComplete: profile - 
          CPU/Mem usage: 0.680 sys,  0.880 user,  412.61M mem
                   incr: 0.000 sys,  0.000 user,  0.00M mem
                   accu: 0.010 sys,  0.000 user,  0.00M mem
              accu incr: 0.000 sys,  0.000 user,  0.00M mem

          Count usage: 0 var,  438 idcode,  392 callback
                 incr: 0 var,  0 idcode,  0 callback
                 accu: 0 var,  1 idcode,  1 callback
            accu incr: 0 var,  0 idcode,  0 callback
20055 Elapsed time:    0:01:26    Sat Jan 17 15:14:06 2026
20056 User CPU time used: 0 seconds
20057 System CPU time used: 0 seconds
20058 sps_tcl_fsdbDumpflush_vd_main at 0 : N/A(0)
20059 *Verdi* : Flush all FSDB Files at 0 ps.
20060 sps_tcl_fsdbDumpvars_vd_main
20061 argv[0]: 0
20062 argv[1]: simulator.DC_IO_GEN[7].DAC.VDIGITAL
20063 argv[2]: +all
20064 argv[3]: +trace_process
20065 *Verdi* : Dumping the signal (simulator.DC_IO_GEN[7].DAC.VDIGITAL).
20066 pliAppHDL_DumpVarComplete traverse var: profile - 
          CPU/Mem usage: 0.680 sys,  0.880 user,  412.78M mem
                   incr: 0.000 sys,  0.000 user,  0.00M mem
                   accu: 0.000 sys,  0.000 user,  0.00M mem
              accu incr: 0.000 sys,  0.000 user,  0.00M mem

          Count usage: 0 var,  439 idcode,  393 callback
                 incr: 0 var,  1 idcode,  1 callback
                 accu: 0 var,  1 idcode,  1 callback
            accu incr: 0 var,  1 idcode,  1 callback
20067 Elapsed time:    0:01:26    Sat Jan 17 15:14:06 2026
20068 User CPU time used: 0 seconds
20069 System CPU time used: 0 seconds
20070 pliAppHDL_DumpVarComplete: profile - 
          CPU/Mem usage: 0.680 sys,  0.880 user,  412.78M mem
                   incr: 0.000 sys,  0.000 user,  0.00M mem
                   accu: 0.000 sys,  0.000 user,  0.00M mem
              accu incr: 0.000 sys,  0.000 user,  0.00M mem

          Count usage: 0 var,  439 idcode,  393 callback
                 incr: 0 var,  0 idcode,  0 callback
                 accu: 0 var,  1 idcode,  1 callback
            accu incr: 0 var,  0 idcode,  0 callback
20071 Elapsed time:    0:01:26    Sat Jan 17 15:14:06 2026
20072 User CPU time used: 0 seconds
20073 System CPU time used: 0 seconds
20074 sps_tcl_fsdbDumpflush_vd_main at 0 : N/A(0)
20075 *Verdi* : Flush all FSDB Files at 0 ps.
20076 sps_tcl_fsdbDumpvars_vd_main
20077 argv[0]: 0
20078 argv[1]: simulator.DC_IO_GEN[6].REGS.AXIL_REGS.i_aclk
20079 argv[2]: +all
20080 argv[3]: +trace_process
20081 *Verdi* ERROR: The #2 argument "simulator.DC_IO_GEN[6].REGS.AXIL_REGS.i_aclk" is invalid
20082 *Verdi* ERROR: Failed to dump because the specified instance or option is not correct
20083 *Verdi* ERROR: Syntax - fsdbDumpvars [depth] [instance] [option]*
20084 sps_tcl_fsdbDumpflush_vd_main at 0 : N/A(0)
20085 *Verdi* : Flush all FSDB Files at 0 ps.
20086 sps_tcl_fsdbDumpvars_vd_main
20087 argv[0]: 0
20088 argv[1]: simulator.DC_IO_GEN[6].REGS.AXIL_REGS.i_aresetn
20089 argv[2]: +all
20090 argv[3]: +trace_process
20091 *Verdi* ERROR: The #2 argument "simulator.DC_IO_GEN[6].REGS.AXIL_REGS.i_aresetn" is invalid
20092 *Verdi* ERROR: Failed to dump because the specified instance or option is not correct
20093 *Verdi* ERROR: Syntax - fsdbDumpvars [depth] [instance] [option]*
20094 sps_tcl_fsdbDumpflush_vd_main at 0 : N/A(0)
20095 *Verdi* : Flush all FSDB Files at 0 ps.
20096 sps_tcl_fsdbDumpvars_vd_main
20097 argv[0]: 0
20098 argv[1]: simulator.DC_IO_GEN[6].REGS.AXIL_REGS.r_regs[0:31][31:0]
20099 argv[2]: +all
20100 argv[3]: +trace_process
20101 *Verdi* ERROR: The #2 argument "simulator.DC_IO_GEN[6].REGS.AXIL_REGS.r_regs[0:31][31:0]" is invalid
20102 *Verdi* ERROR: Failed to dump because the specified instance or option is not correct
20103 *Verdi* ERROR: Syntax - fsdbDumpvars [depth] [instance] [option]*
20104 sps_tcl_fsdbDumpflush_vd_main at 0 : N/A(0)
20105 *Verdi* : Flush all FSDB Files at 0 ps.
20106 sps_tcl_fsdbDumpvars_vd_main
20107 argv[0]: 0
20108 argv[1]: simulator.DC_IO_GEN[6].REGS.AXIL_REGS.o_regs[0:31][31:0]
20109 argv[2]: +all
20110 argv[3]: +trace_process
20111 *Verdi* ERROR: The #2 argument "simulator.DC_IO_GEN[6].REGS.AXIL_REGS.o_regs[0:31][31:0]" is invalid
20112 *Verdi* ERROR: Failed to dump because the specified instance or option is not correct
20113 *Verdi* ERROR: Syntax - fsdbDumpvars [depth] [instance] [option]*
20114 sps_tcl_fsdbDumpflush_vd_main at 0 : N/A(0)
20115 *Verdi* : Flush all FSDB Files at 0 ps.
20116 sps_tcl_fsdbDumpvars_vd_main
20117 argv[0]: 0
20118 argv[1]: simulator.DC_IO_GEN[6].REGS.AXIL_REGS.o_awready
20119 argv[2]: +all
20120 argv[3]: +trace_process
20121 *Verdi* ERROR: The #2 argument "simulator.DC_IO_GEN[6].REGS.AXIL_REGS.o_awready" is invalid
20122 *Verdi* ERROR: Failed to dump because the specified instance or option is not correct
20123 *Verdi* ERROR: Syntax - fsdbDumpvars [depth] [instance] [option]*
20124 sps_tcl_fsdbDumpflush_vd_main at 0 : N/A(0)
20125 *Verdi* : Flush all FSDB Files at 0 ps.
20126 sps_tcl_fsdbDumpvars_vd_main
20127 argv[0]: 0
20128 argv[1]: simulator.DC_IO_GEN[6].REGS.AXIL_REGS.i_awvalid
20129 argv[2]: +all
20130 argv[3]: +trace_process
20131 *Verdi* ERROR: The #2 argument "simulator.DC_IO_GEN[6].REGS.AXIL_REGS.i_awvalid" is invalid
20132 *Verdi* ERROR: Failed to dump because the specified instance or option is not correct
20133 *Verdi* ERROR: Syntax - fsdbDumpvars [depth] [instance] [option]*
20134 sps_tcl_fsdbDumpflush_vd_main at 0 : N/A(0)
20135 *Verdi* : Flush all FSDB Files at 0 ps.
20136 sps_tcl_fsdbDumpvars_vd_main
20137 argv[0]: 0
20138 argv[1]: simulator.DC_IO_GEN[6].REGS.AXIL_REGS.i_awaddr[6:0]
20139 argv[2]: +all
20140 argv[3]: +trace_process
20141 *Verdi* ERROR: The #2 argument "simulator.DC_IO_GEN[6].REGS.AXIL_REGS.i_awaddr[6:0]" is invalid
20142 *Verdi* ERROR: Failed to dump because the specified instance or option is not correct
20143 *Verdi* ERROR: Syntax - fsdbDumpvars [depth] [instance] [option]*
20144 sps_tcl_fsdbDumpflush_vd_main at 0 : N/A(0)
20145 *Verdi* : Flush all FSDB Files at 0 ps.
20146 sps_tcl_fsdbDumpvars_vd_main
20147 argv[0]: 0
20148 argv[1]: simulator.DC_IO_GEN[6].REGS.AXIL_REGS.w_awireg[4:0]
20149 argv[2]: +all
20150 argv[3]: +trace_process
20151 *Verdi* ERROR: The #2 argument "simulator.DC_IO_GEN[6].REGS.AXIL_REGS.w_awireg[4:0]" is invalid
20152 *Verdi* ERROR: Failed to dump because the specified instance or option is not correct
20153 *Verdi* ERROR: Syntax - fsdbDumpvars [depth] [instance] [option]*
20154 sps_tcl_fsdbDumpflush_vd_main at 0 : N/A(0)
20155 *Verdi* : Flush all FSDB Files at 0 ps.
20156 sps_tcl_fsdbDumpvars_vd_main
20157 argv[0]: 0
20158 argv[1]: simulator.DC_IO_GEN[6].REGS.AXIL_REGS.w_awls2b[1:0]
20159 argv[2]: +all
20160 argv[3]: +trace_process
20161 *Verdi* ERROR: The #2 argument "simulator.DC_IO_GEN[6].REGS.AXIL_REGS.w_awls2b[1:0]" is invalid
20162 *Verdi* ERROR: Failed to dump because the specified instance or option is not correct
20163 *Verdi* ERROR: Syntax - fsdbDumpvars [depth] [instance] [option]*
20164 sps_tcl_fsdbDumpflush_vd_main at 0 : N/A(0)
20165 *Verdi* : Flush all FSDB Files at 0 ps.
20166 sps_tcl_fsdbDumpvars_vd_main
20167 argv[0]: 0
20168 argv[1]: simulator.DC_IO_GEN[6].REGS.AXIL_REGS.o_wready
20169 argv[2]: +all
20170 argv[3]: +trace_process
20171 *Verdi* ERROR: The #2 argument "simulator.DC_IO_GEN[6].REGS.AXIL_REGS.o_wready" is invalid
20172 *Verdi* ERROR: Failed to dump because the specified instance or option is not correct
20173 *Verdi* ERROR: Syntax - fsdbDumpvars [depth] [instance] [option]*
20174 sps_tcl_fsdbDumpflush_vd_main at 0 : N/A(0)
20175 *Verdi* : Flush all FSDB Files at 0 ps.
20176 sps_tcl_fsdbDumpvars_vd_main
20177 argv[0]: 0
20178 argv[1]: simulator.DC_IO_GEN[6].REGS.AXIL_REGS.i_wvalid
20179 argv[2]: +all
20180 argv[3]: +trace_process
20181 *Verdi* ERROR: The #2 argument "simulator.DC_IO_GEN[6].REGS.AXIL_REGS.i_wvalid" is invalid
20182 *Verdi* ERROR: Failed to dump because the specified instance or option is not correct
20183 *Verdi* ERROR: Syntax - fsdbDumpvars [depth] [instance] [option]*
20184 sps_tcl_fsdbDumpflush_vd_main at 0 : N/A(0)
20185 *Verdi* : Flush all FSDB Files at 0 ps.
20186 sps_tcl_fsdbDumpvars_vd_main
20187 argv[0]: 0
20188 argv[1]: simulator.DC_IO_GEN[6].REGS.AXIL_REGS.i_wdata[31:0]
20189 argv[2]: +all
20190 argv[3]: +trace_process
20191 *Verdi* ERROR: The #2 argument "simulator.DC_IO_GEN[6].REGS.AXIL_REGS.i_wdata[31:0]" is invalid
20192 *Verdi* ERROR: Failed to dump because the specified instance or option is not correct
20193 *Verdi* ERROR: Syntax - fsdbDumpvars [depth] [instance] [option]*
20194 sps_tcl_fsdbDumpflush_vd_main at 0 : N/A(0)
20195 *Verdi* : Flush all FSDB Files at 0 ps.
20196 sps_tcl_fsdbDumpvars_vd_main
20197 argv[0]: 0
20198 argv[1]: simulator.DC_IO_GEN[6].REGS.AXIL_REGS.i_wstrb[3:0]
20199 argv[2]: +all
20200 argv[3]: +trace_process
20201 *Verdi* ERROR: The #2 argument "simulator.DC_IO_GEN[6].REGS.AXIL_REGS.i_wstrb[3:0]" is invalid
20202 *Verdi* ERROR: Failed to dump because the specified instance or option is not correct
20203 *Verdi* ERROR: Syntax - fsdbDumpvars [depth] [instance] [option]*
20204 sps_tcl_fsdbDumpflush_vd_main at 0 : N/A(0)
20205 *Verdi* : Flush all FSDB Files at 0 ps.
20206 sps_tcl_fsdbDumpvars_vd_main
20207 argv[0]: 0
20208 argv[1]: simulator.DC_IO_GEN[6].REGS.AXIL_REGS.w_wdatastrb[31:0]
20209 argv[2]: +all
20210 argv[3]: +trace_process
20211 *Verdi* ERROR: The #2 argument "simulator.DC_IO_GEN[6].REGS.AXIL_REGS.w_wdatastrb[31:0]" is invalid
20212 *Verdi* ERROR: Failed to dump because the specified instance or option is not correct
20213 *Verdi* ERROR: Syntax - fsdbDumpvars [depth] [instance] [option]*
20214 sps_tcl_fsdbDumpflush_vd_main at 0 : N/A(0)
20215 *Verdi* : Flush all FSDB Files at 0 ps.
20216 sps_tcl_fsdbDumpvars_vd_main
20217 argv[0]: 0
20218 argv[1]: simulator.DC_IO_GEN[6].REGS.AXIL_REGS.i_bready
20219 argv[2]: +all
20220 argv[3]: +trace_process
20221 *Verdi* ERROR: The #2 argument "simulator.DC_IO_GEN[6].REGS.AXIL_REGS.i_bready" is invalid
20222 *Verdi* ERROR: Failed to dump because the specified instance or option is not correct
20223 *Verdi* ERROR: Syntax - fsdbDumpvars [depth] [instance] [option]*
20224 sps_tcl_fsdbDumpflush_vd_main at 0 : N/A(0)
20225 *Verdi* : Flush all FSDB Files at 0 ps.
20226 sps_tcl_fsdbDumpvars_vd_main
20227 argv[0]: 0
20228 argv[1]: simulator.DC_IO_GEN[6].REGS.AXIL_REGS.o_bvalid
20229 argv[2]: +all
20230 argv[3]: +trace_process
20231 *Verdi* ERROR: The #2 argument "simulator.DC_IO_GEN[6].REGS.AXIL_REGS.o_bvalid" is invalid
20232 *Verdi* ERROR: Failed to dump because the specified instance or option is not correct
20233 *Verdi* ERROR: Syntax - fsdbDumpvars [depth] [instance] [option]*
20234 sps_tcl_fsdbDumpflush_vd_main at 0 : N/A(0)
20235 *Verdi* : Flush all FSDB Files at 0 ps.
20236 sps_tcl_fsdbDumpvars_vd_main
20237 argv[0]: 0
20238 argv[1]: simulator.DC_IO_GEN[6].REGS.AXIL_REGS.o_bresp[1:0]
20239 argv[2]: +all
20240 argv[3]: +trace_process
20241 *Verdi* ERROR: The #2 argument "simulator.DC_IO_GEN[6].REGS.AXIL_REGS.o_bresp[1:0]" is invalid
20242 *Verdi* ERROR: Failed to dump because the specified instance or option is not correct
20243 *Verdi* ERROR: Syntax - fsdbDumpvars [depth] [instance] [option]*
20244 sps_tcl_fsdbDumpflush_vd_main at 0 : N/A(0)
20245 *Verdi* : Flush all FSDB Files at 0 ps.
20246 sps_tcl_fsdbDumpvars_vd_main
20247 argv[0]: 0
20248 argv[1]: simulator.DC_IO_GEN[6].REGS.AXIL_REGS.o_arready
20249 argv[2]: +all
20250 argv[3]: +trace_process
20251 *Verdi* ERROR: The #2 argument "simulator.DC_IO_GEN[6].REGS.AXIL_REGS.o_arready" is invalid
20252 *Verdi* ERROR: Failed to dump because the specified instance or option is not correct
20253 *Verdi* ERROR: Syntax - fsdbDumpvars [depth] [instance] [option]*
20254 sps_tcl_fsdbDumpflush_vd_main at 0 : N/A(0)
20255 *Verdi* : Flush all FSDB Files at 0 ps.
20256 sps_tcl_fsdbDumpvars_vd_main
20257 argv[0]: 0
20258 argv[1]: simulator.DC_IO_GEN[6].REGS.AXIL_REGS.i_arvalid
20259 argv[2]: +all
20260 argv[3]: +trace_process
20261 *Verdi* ERROR: The #2 argument "simulator.DC_IO_GEN[6].REGS.AXIL_REGS.i_arvalid" is invalid
20262 *Verdi* ERROR: Failed to dump because the specified instance or option is not correct
20263 *Verdi* ERROR: Syntax - fsdbDumpvars [depth] [instance] [option]*
20264 sps_tcl_fsdbDumpflush_vd_main at 0 : N/A(0)
20265 *Verdi* : Flush all FSDB Files at 0 ps.
20266 sps_tcl_fsdbDumpvars_vd_main
20267 argv[0]: 0
20268 argv[1]: simulator.DC_IO_GEN[6].REGS.AXIL_REGS.i_araddr[6:0]
20269 argv[2]: +all
20270 argv[3]: +trace_process
20271 *Verdi* ERROR: The #2 argument "simulator.DC_IO_GEN[6].REGS.AXIL_REGS.i_araddr[6:0]" is invalid
20272 *Verdi* ERROR: Failed to dump because the specified instance or option is not correct
20273 *Verdi* ERROR: Syntax - fsdbDumpvars [depth] [instance] [option]*
20274 sps_tcl_fsdbDumpflush_vd_main at 0 : N/A(0)
20275 *Verdi* : Flush all FSDB Files at 0 ps.
20276 sps_tcl_fsdbDumpvars_vd_main
20277 argv[0]: 0
20278 argv[1]: simulator.DC_IO_GEN[6].REGS.AXIL_REGS.w_arireg[4:0]
20279 argv[2]: +all
20280 argv[3]: +trace_process
20281 *Verdi* ERROR: The #2 argument "simulator.DC_IO_GEN[6].REGS.AXIL_REGS.w_arireg[4:0]" is invalid
20282 *Verdi* ERROR: Failed to dump because the specified instance or option is not correct
20283 *Verdi* ERROR: Syntax - fsdbDumpvars [depth] [instance] [option]*
20284 sps_tcl_fsdbDumpflush_vd_main at 0 : N/A(0)
20285 *Verdi* : Flush all FSDB Files at 0 ps.
