Invoking simulator...

./simulator2 -do sim/wv2.tcl -sml=verdi +UVM_VERDI_TRACE=UVM_AWARE +fsdb+gate=off -ucli2Proc -ucli
debImport "-i" "-simflow" "-dbdir" "./simulator2.daidir"
Chronologic VCS simulator copyright 1991-2023
Contains Synopsys proprietary information.
Compiler version V-2023.12-1_Full64; Runtime version V-2023.12-1_Full64;  Jan 17 15:12 2026

*Verdi* Loading libsscore_vcs202312.so
FSDB Dumper for VCS, Release Verdi_V-2023.12-1, Linux x86_64/64bit, 01/10/2024
(C) 1996 - 2024 by Synopsys, Inc.
*Verdi* : Create FSDB file '/home/linhaid/swashispin-mini/rtl/inter.fsdb'

*Verdi* : Flush all FSDB Files at 0 ps.

*Verdi* : Enable RPC Server(6026)

srcTBInvokeSim
Error: Message for 'CLE-10' has occurred (ERR-3)
Verdi>wvRenameGroup -win 2141eb90 G1 dc
1
Verdi>wvAddGroup -win 2141eb90 rf
1
Verdi>wvAddGroup -win 2141eb90 launch
1
Verdi>wvAddGroup -win 2141eb90 v
1
Verdi>wvSetPosition -win 2141eb90 ("v" 0)
1
Verdi>fsdbDumpvars 0 "simulator.vdc"  +all +trace_process
*Verdi* : Dumping the signal (simulator.vdc).
Verdi>fsdbDumpvars 0 "simulator.vdc_digital"  +all +trace_process
*Verdi* : Dumping the signal (simulator.vdc_digital).
Verdi>fsdbDumpvars 0 "simulator.vrf\[0:5\]"  +all +trace_process
*Verdi* ERROR: The #2 argument "simulator.vrf[0:5]" is invalid
*Verdi* ERROR: Failed to dump because the specified instance or option is not correct
*Verdi* ERROR: Syntax - fsdbDumpvars [depth] [instance] [option]*
Verdi>fsdbDumpvars 0 "simulator.vrf_I\[0:5\]\[13:0\]"  +all +trace_process
*Verdi* ERROR: The #2 argument "simulator.vrf_I[0:5][13:0]" is invalid
*Verdi* ERROR: Failed to dump because the specified instance or option is not correct
*Verdi* ERROR: Syntax - fsdbDumpvars [depth] [instance] [option]*
Verdi>fsdbDumpvars 0 "simulator.vrf_Q\[0:5\]\[13:0\]"  +all +trace_process
*Verdi* ERROR: The #2 argument "simulator.vrf_Q[0:5][13:0]" is invalid
*Verdi* ERROR: Failed to dump because the specified instance or option is not correct
*Verdi* ERROR: Syntax - fsdbDumpvars [depth] [instance] [option]*
Verdi>wvCollapseGroup -win 2141eb90 v
1
Verdi>wvSelectGroup -win 2141eb90 launch
1
Verdi>wvAddSubGroup -win 2141eb90 LCH
1
Verdi>wvAddSubGroup -win 2141eb90 AXIL_REGS
1
Verdi>wvSelectGroup -win 2141eb90 launch/AXIL_REGS
1
Verdi>wvAddSubGroup -win 2141eb90 r
1
Verdi>wvAddSubGroup -win 2141eb90 ar
1
Verdi>wvAddSubGroup -win 2141eb90 b
1
Verdi>wvAddSubGroup -win 2141eb90 w
1
Verdi>wvAddSubGroup -win 2141eb90 aw
1
Verdi>wvSetPosition -win 2141eb90 ("launch/AXIL_REGS" 0)
1
Verdi>fsdbDumpvars 0 "simulator.LCH_REGS.AXIL_REGS.i_aclk"  +all +trace_process
*Verdi* ERROR: The #2 argument "simulator.LCH_REGS.AXIL_REGS.i_aclk" is invalid
*Verdi* ERROR: Failed to dump because the specified instance or option is not correct
*Verdi* ERROR: Syntax - fsdbDumpvars [depth] [instance] [option]*
Verdi>fsdbDumpvars 0 "simulator.LCH_REGS.AXIL_REGS.i_aresetn"  +all +trace_process
*Verdi* ERROR: The #2 argument "simulator.LCH_REGS.AXIL_REGS.i_aresetn" is invalid
*Verdi* ERROR: Failed to dump because the specified instance or option is not correct
*Verdi* ERROR: Syntax - fsdbDumpvars [depth] [instance] [option]*
Verdi>fsdbDumpvars 0 "simulator.LCH_REGS.AXIL_REGS.r_regs\[0:3\]\[31:0\]"  +all +trace_process
*Verdi* ERROR: The #2 argument "simulator.LCH_REGS.AXIL_REGS.r_regs[0:3][31:0]" is invalid
*Verdi* ERROR: Failed to dump because the specified instance or option is not correct
*Verdi* ERROR: Syntax - fsdbDumpvars [depth] [instance] [option]*
Verdi>fsdbDumpvars 0 "simulator.LCH_REGS.AXIL_REGS.o_regs\[0:3\]\[31:0\]"  +all +trace_process
*Verdi* ERROR: The #2 argument "simulator.LCH_REGS.AXIL_REGS.o_regs[0:3][31:0]" is invalid
*Verdi* ERROR: Failed to dump because the specified instance or option is not correct
*Verdi* ERROR: Syntax - fsdbDumpvars [depth] [instance] [option]*
Verdi>wvSetPosition -win 2141eb90 ("launch/AXIL_REGS/aw" 0)
1
Verdi>fsdbDumpvars 0 "simulator.LCH_REGS.AXIL_REGS.o_awready"  +all +trace_process
*Verdi* ERROR: The #2 argument "simulator.LCH_REGS.AXIL_REGS.o_awready" is invalid
*Verdi* ERROR: Failed to dump because the specified instance or option is not correct
*Verdi* ERROR: Syntax - fsdbDumpvars [depth] [instance] [option]*
Verdi>fsdbDumpvars 0 "simulator.LCH_REGS.AXIL_REGS.i_awvalid"  +all +trace_process
*Verdi* ERROR: The #2 argument "simulator.LCH_REGS.AXIL_REGS.i_awvalid" is invalid
*Verdi* ERROR: Failed to dump because the specified instance or option is not correct
*Verdi* ERROR: Syntax - fsdbDumpvars [depth] [instance] [option]*
Verdi>fsdbDumpvars 0 "simulator.LCH_REGS.AXIL_REGS.i_awaddr\[3:0\]"  +all +trace_process
*Verdi* ERROR: The #2 argument "simulator.LCH_REGS.AXIL_REGS.i_awaddr[3:0]" is invalid
*Verdi* ERROR: Failed to dump because the specified instance or option is not correct
*Verdi* ERROR: Syntax - fsdbDumpvars [depth] [instance] [option]*
Verdi>fsdbDumpvars 0 "simulator.LCH_REGS.AXIL_REGS.w_awireg\[1:0\]"  +all +trace_process
*Verdi* ERROR: The #2 argument "simulator.LCH_REGS.AXIL_REGS.w_awireg[1:0]" is invalid
*Verdi* ERROR: Failed to dump because the specified instance or option is not correct
*Verdi* ERROR: Syntax - fsdbDumpvars [depth] [instance] [option]*
Verdi>fsdbDumpvars 0 "simulator.LCH_REGS.AXIL_REGS.w_awls2b\[1:0\]"  +all +trace_process
*Verdi* ERROR: The #2 argument "simulator.LCH_REGS.AXIL_REGS.w_awls2b[1:0]" is invalid
*Verdi* ERROR: Failed to dump because the specified instance or option is not correct
*Verdi* ERROR: Syntax - fsdbDumpvars [depth] [instance] [option]*
Verdi>wvSetPosition -win 2141eb90 ("launch/AXIL_REGS/w" 0)
1
Verdi>fsdbDumpvars 0 "simulator.LCH_REGS.AXIL_REGS.o_wready"  +all +trace_process
*Verdi* ERROR: The #2 argument "simulator.LCH_REGS.AXIL_REGS.o_wready" is invalid
*Verdi* ERROR: Failed to dump because the specified instance or option is not correct
*Verdi* ERROR: Syntax - fsdbDumpvars [depth] [instance] [option]*
Verdi>fsdbDumpvars 0 "simulator.LCH_REGS.AXIL_REGS.i_wvalid"  +all +trace_process
*Verdi* ERROR: The #2 argument "simulator.LCH_REGS.AXIL_REGS.i_wvalid" is invalid
*Verdi* ERROR: Failed to dump because the specified instance or option is not correct
*Verdi* ERROR: Syntax - fsdbDumpvars [depth] [instance] [option]*
Verdi>fsdbDumpvars 0 "simulator.LCH_REGS.AXIL_REGS.i_wdata\[31:0\]"  +all +trace_process
*Verdi* ERROR: The #2 argument "simulator.LCH_REGS.AXIL_REGS.i_wdata[31:0]" is invalid
*Verdi* ERROR: Failed to dump because the specified instance or option is not correct
*Verdi* ERROR: Syntax - fsdbDumpvars [depth] [instance] [option]*
Verdi>fsdbDumpvars 0 "simulator.LCH_REGS.AXIL_REGS.i_wstrb\[3:0\]"  +all +trace_process
*Verdi* ERROR: The #2 argument "simulator.LCH_REGS.AXIL_REGS.i_wstrb[3:0]" is invalid
*Verdi* ERROR: Failed to dump because the specified instance or option is not correct
*Verdi* ERROR: Syntax - fsdbDumpvars [depth] [instance] [option]*
Verdi>fsdbDumpvars 0 "simulator.LCH_REGS.AXIL_REGS.w_wdatastrb\[31:0\]"  +all +trace_process
*Verdi* ERROR: The #2 argument "simulator.LCH_REGS.AXIL_REGS.w_wdatastrb[31:0]" is invalid
*Verdi* ERROR: Failed to dump because the specified instance or option is not correct
*Verdi* ERROR: The above messages are printed 50 times. No more similar message will be printed out.
*Verdi* ERROR: Syntax - fsdbDumpvars [depth] [instance] [option]*
Verdi>wvSetPosition -win 2141eb90 ("launch/AXIL_REGS/b" 0)
1
Verdi>fsdbDumpvars 0 "simulator.LCH_REGS.AXIL_REGS.i_bready"  +all +trace_process
Verdi>fsdbDumpvars 0 "simulator.LCH_REGS.AXIL_REGS.o_bvalid"  +all +trace_process
Verdi>fsdbDumpvars 0 "simulator.LCH_REGS.AXIL_REGS.o_bresp\[1:0\]"  +all +trace_process
Verdi>wvSetPosition -win 2141eb90 ("launch/AXIL_REGS/ar" 0)
1
Verdi>fsdbDumpvars 0 "simulator.LCH_REGS.AXIL_REGS.o_arready"  +all +trace_process
Verdi>fsdbDumpvars 0 "simulator.LCH_REGS.AXIL_REGS.i_arvalid"  +all +trace_process
Verdi>fsdbDumpvars 0 "simulator.LCH_REGS.AXIL_REGS.i_araddr\[3:0\]"  +all +trace_process
Verdi>fsdbDumpvars 0 "simulator.LCH_REGS.AXIL_REGS.w_arireg\[1:0\]"  +all +trace_process
Verdi>fsdbDumpvars 0 "simulator.LCH_REGS.AXIL_REGS.w_arls2b\[1:0\]"  +all +trace_process
Verdi>wvSetPosition -win 2141eb90 ("launch/AXIL_REGS/r" 0)
1
Verdi>fsdbDumpvars 0 "simulator.LCH_REGS.AXIL_REGS.i_rready"  +all +trace_process
Verdi>fsdbDumpvars 0 "simulator.LCH_REGS.AXIL_REGS.o_rvalid"  +all +trace_process
Verdi>fsdbDumpvars 0 "simulator.LCH_REGS.AXIL_REGS.o_rdata\[31:0\]"  +all +trace_process
Verdi>fsdbDumpvars 0 "simulator.LCH_REGS.AXIL_REGS.o_rresp\[1:0\]"  +all +trace_process
Verdi>wvSelectGroup -win 2141eb90 launch/LCH
1
Verdi>wvAddSubGroup -win 2141eb90 start
1
Verdi>wvAddSubGroup -win 2141eb90 armed
1
Verdi>wvAddSubGroup -win 2141eb90 new
1
Verdi>wvSetPosition -win 2141eb90 ("launch/LCH" 0)
1
Verdi>fsdbDumpvars 0 "simulator.DCRFLI.LCH.i_clk"  +all +trace_process
Verdi>fsdbDumpvars 0 "simulator.DCRFLI.LCH.i_rst"  +all +trace_process
Verdi>fsdbDumpvars 0 "simulator.DCRFLI.LCH.r_state"  +all +trace_process
Verdi>fsdbDumpvars 0 "simulator.DCRFLI.LCH.w_next_state"  +all +trace_process
Verdi>fsdbDumpvars 0 "simulator.DCRFLI.LCH.r_dc_active_mask\[23:0\]"  +all +trace_process
Verdi>fsdbDumpvars 0 "simulator.DCRFLI.LCH.r_rf_active_mask\[5:0\]"  +all +trace_process
Verdi>fsdbDumpvars 0 "simulator.DCRFLI.LCH.r_li_active_mask\[0:0\]"  +all +trace_process
Verdi>wvSetPosition -win 2141eb90 ("launch/LCH/new" 0)
1
Verdi>fsdbDumpvars 0 "simulator.DCRFLI.LCH.i_regs\[0:3\]\[31:0\]"  +all +trace_process
Verdi>fsdbDumpvars 0 "simulator.DCRFLI.LCH.w_last0"  +all +trace_process
Verdi>fsdbDumpvars 0 "simulator.DCRFLI.LCH.w_last0_ff1"  +all +trace_process
Verdi>fsdbDumpvars 0 "simulator.DCRFLI.LCH.w_last0_ff2"  +all +trace_process
Verdi>fsdbDumpvars 0 "simulator.DCRFLI.LCH.w_new_stream"  +all +trace_process
Verdi>wvSetPosition -win 2141eb90 ("launch/LCH/armed" 0)
1
Verdi>fsdbDumpvars 0 "simulator.DCRFLI.LCH.i_trigger"  +all +trace_process
Verdi>fsdbDumpvars 0 "simulator.DCRFLI.LCH.i_dc_armed\[23:0\]"  +all +trace_process
Verdi>fsdbDumpvars 0 "simulator.DCRFLI.LCH.i_rf_armed\[5:0\]"  +all +trace_process
Verdi>fsdbDumpvars 0 "simulator.DCRFLI.LCH.i_li_armed\[0:0\]"  +all +trace_process
Verdi>fsdbDumpvars 0 "simulator.DCRFLI.LCH.r_dc_armed\[23:0\]"  +all +trace_process
Verdi>fsdbDumpvars 0 "simulator.DCRFLI.LCH.r_rf_armed\[5:0\]"  +all +trace_process
Verdi>fsdbDumpvars 0 "simulator.DCRFLI.LCH.r_li_armed\[0:0\]"  +all +trace_process
Verdi>fsdbDumpvars 0 "simulator.DCRFLI.LCH.w_dc_ready"  +all +trace_process
Verdi>fsdbDumpvars 0 "simulator.DCRFLI.LCH.w_rf_ready"  +all +trace_process
Verdi>fsdbDumpvars 0 "simulator.DCRFLI.LCH.w_li_ready"  +all +trace_process
Verdi>fsdbDumpvars 0 "simulator.DCRFLI.LCH.w_all_ready"  +all +trace_process
Verdi>wvSetPosition -win 2141eb90 ("launch/LCH/start" 0)
1
Verdi>fsdbDumpvars 0 "simulator.DCRFLI.LCH.o_dc_start\[23:0\]"  +all +trace_process
Verdi>fsdbDumpvars 0 "simulator.DCRFLI.LCH.o_rf_start\[5:0\]"  +all +trace_process
Verdi>fsdbDumpvars 0 "simulator.DCRFLI.LCH.o_li_start\[0:0\]"  +all +trace_process
Verdi>wvCollapseGroup -win 2141eb90 launch/AXIL_REGS/aw
1
Verdi>wvCollapseGroup -win 2141eb90 launch/AXIL_REGS/w
1
Verdi>wvCollapseGroup -win 2141eb90 launch/AXIL_REGS/b
1
Verdi>wvCollapseGroup -win 2141eb90 launch/AXIL_REGS/ar
1
Verdi>wvCollapseGroup -win 2141eb90 launch/AXIL_REGS/r
1
Verdi>wvCollapseGroup -win 2141eb90 launch/AXIL_REGS
1
Verdi>wvCollapseGroup -win 2141eb90 launch/LCH/new
1
Verdi>wvCollapseGroup -win 2141eb90 launch/LCH/armed
1
Verdi>wvCollapseGroup -win 2141eb90 launch/LCH/start
1
Verdi>wvCollapseGroup -win 2141eb90 launch/LCH
1
Verdi>wvCollapseGroup -win 2141eb90 launch
1
Verdi>fsdbDumpvars 0 "simulator.DC_IO_GEN\[23\].REGS.AXIL_REGS.i_aclk"  +all +trace_process
Verdi>fsdbDumpvars 0 "simulator.DC_IO_GEN\[23\].REGS.AXIL_REGS.i_aresetn"  +all +trace_process
Verdi>fsdbDumpvars 0 "simulator.DC_IO_GEN\[23\].REGS.AXIL_REGS.r_regs\[0:31\]\[31:0\]"  +all +trace_process
Verdi>fsdbDumpvars 0 "simulator.DC_IO_GEN\[23\].REGS.AXIL_REGS.o_regs\[0:31\]\[31:0\]"  +all +trace_process
Verdi>fsdbDumpvars 0 "simulator.DC_IO_GEN\[23\].REGS.AXIL_REGS.o_awready"  +all +trace_process
Verdi>fsdbDumpvars 0 "simulator.DC_IO_GEN\[23\].REGS.AXIL_REGS.i_awvalid"  +all +trace_process
Verdi>fsdbDumpvars 0 "simulator.DC_IO_GEN\[23\].REGS.AXIL_REGS.i_awaddr\[6:0\]"  +all +trace_process
Verdi>fsdbDumpvars 0 "simulator.DC_IO_GEN\[23\].REGS.AXIL_REGS.w_awireg\[4:0\]"  +all +trace_process
Verdi>fsdbDumpvars 0 "simulator.DC_IO_GEN\[23\].REGS.AXIL_REGS.w_awls2b\[1:0\]"  +all +trace_process
Verdi>fsdbDumpvars 0 "simulator.DC_IO_GEN\[23\].REGS.AXIL_REGS.o_wready"  +all +trace_process
Verdi>fsdbDumpvars 0 "simulator.DC_IO_GEN\[23\].REGS.AXIL_REGS.i_wvalid"  +all +trace_process
Verdi>fsdbDumpvars 0 "simulator.DC_IO_GEN\[23\].REGS.AXIL_REGS.i_wdata\[31:0\]"  +all +trace_process
Verdi>fsdbDumpvars 0 "simulator.DC_IO_GEN\[23\].REGS.AXIL_REGS.i_wstrb\[3:0\]"  +all +trace_process
Verdi>fsdbDumpvars 0 "simulator.DC_IO_GEN\[23\].REGS.AXIL_REGS.w_wdatastrb\[31:0\]"  +all +trace_process
Verdi>fsdbDumpvars 0 "simulator.DC_IO_GEN\[23\].REGS.AXIL_REGS.i_bready"  +all +trace_process
Verdi>fsdbDumpvars 0 "simulator.DC_IO_GEN\[23\].REGS.AXIL_REGS.o_bvalid"  +all +trace_process
Verdi>fsdbDumpvars 0 "simulator.DC_IO_GEN\[23\].REGS.AXIL_REGS.o_bresp\[1:0\]"  +all +trace_process
Verdi>fsdbDumpvars 0 "simulator.DC_IO_GEN\[23\].REGS.AXIL_REGS.o_arready"  +all +trace_process
Verdi>fsdbDumpvars 0 "simulator.DC_IO_GEN\[23\].REGS.AXIL_REGS.i_arvalid"  +all +trace_process
Verdi>fsdbDumpvars 0 "simulator.DC_IO_GEN\[23\].REGS.AXIL_REGS.i_araddr\[6:0\]"  +all +trace_process
Verdi>fsdbDumpvars 0 "simulator.DC_IO_GEN\[23\].REGS.AXIL_REGS.w_arireg\[4:0\]"  +all +trace_process
Verdi>fsdbDumpvars 0 "simulator.DC_IO_GEN\[23\].REGS.AXIL_REGS.w_arls2b\[1:0\]"  +all +trace_process
Verdi>fsdbDumpvars 0 "simulator.DC_IO_GEN\[23\].REGS.AXIL_REGS.i_rready"  +all +trace_process
Verdi>fsdbDumpvars 0 "simulator.DC_IO_GEN\[23\].REGS.AXIL_REGS.o_rvalid"  +all +trace_process
Verdi>fsdbDumpvars 0 "simulator.DC_IO_GEN\[23\].REGS.AXIL_REGS.o_rdata\[31:0\]"  +all +trace_process
Verdi>fsdbDumpvars 0 "simulator.DC_IO_GEN\[23\].REGS.AXIL_REGS.o_rresp\[1:0\]"  +all +trace_process
Verdi>fsdbDumpvars 0 "simulator.DCRFLI.DC_GEN\[23\].DC.SEQ.i_clk"  +all +trace_process
Verdi>fsdbDumpvars 0 "simulator.DCRFLI.DC_GEN\[23\].DC.SEQ.i_rst"  +all +trace_process
Verdi>fsdbDumpvars 0 "simulator.DCRFLI.DC_GEN\[23\].DC.SEQ.w_propagate"  +all +trace_process
Verdi>fsdbDumpvars 0 "simulator.DCRFLI.DC_GEN\[23\].DC.SEQ.i_regs\[0:31\]\[31:0\]"  +all +trace_process
Verdi>fsdbDumpvars 0 "simulator.DCRFLI.DC_GEN\[23\].DC.SEQ.w_last0"  +all +trace_process
Verdi>fsdbDumpvars 0 "simulator.DCRFLI.DC_GEN\[23\].DC.SEQ.w_last0_ff1"  +all +trace_process
Verdi>fsdbDumpvars 0 "simulator.DCRFLI.DC_GEN\[23\].DC.SEQ.w_last0_ff2"  +all +trace_process
Verdi>fsdbDumpvars 0 "simulator.DCRFLI.DC_GEN\[23\].DC.SEQ.w_new_sequence"  +all +trace_process
Verdi>fsdbDumpvars 0 "simulator.DCRFLI.DC_GEN\[23\].DC.SEQ.r_sequence\[0:9\]\[91:0\]"  +all +trace_process
Verdi>fsdbDumpvars 0 "simulator.DCRFLI.DC_GEN\[23\].DC.SEQ.r_iters\[10:0\]"  +all +trace_process
Verdi>fsdbDumpvars 0 "simulator.DCRFLI.DC_GEN\[23\].DC.SEQ.r_iptr\[3:0\]"  +all +trace_process
Verdi>fsdbDumpvars 0 "simulator.DCRFLI.DC_GEN\[23\].DC.SEQ.w_insn_fetch\[91:0\]"  +all +trace_process
Verdi>fsdbDumpvars 0 "simulator.DCRFLI.DC_GEN\[23\].DC.SEQ.w_insn_bubble"  +all +trace_process
Verdi>fsdbDumpvars 0 "simulator.DCRFLI.DC_GEN\[23\].DC.SEQ.w_iptr_plus1\[3:0\]"  +all +trace_process
Verdi>fsdbDumpvars 0 "simulator.DCRFLI.DC_GEN\[23\].DC.SEQ.w_next_null"  +all +trace_process
Verdi>fsdbDumpvars 0 "simulator.DCRFLI.DC_GEN\[23\].DC.SEQ.o_empty"  +all +trace_process
Verdi>fsdbDumpvars 0 "simulator.DCRFLI.DC_GEN\[23\].DC.SEQ.i_next"  +all +trace_process
Verdi>fsdbDumpvars 0 "simulator.DCRFLI.DC_GEN\[23\].DC.SEQ.o_addr\[3:0\]"  +all +trace_process
Verdi>fsdbDumpvars 0 "simulator.DCRFLI.DC_GEN\[23\].DC.SEQ.o_insn\[91:0\]"  +all +trace_process
Verdi>fsdbDumpvars 0 "simulator.DCRFLI.DC_GEN\[23\].DC.SEQ.r_iptr_modify\[3:0\]"  +all +trace_process
Verdi>fsdbDumpvars 0 "simulator.DCRFLI.DC_GEN\[23\].DC.SEQ.i_insn_modified\[91:0\]"  +all +trace_process
Verdi>fsdbDumpvars 0 "simulator.DCRFLI.DC_GEN\[23\].DC.CORE.i_clk"  +all +trace_process
Verdi>fsdbDumpvars 0 "simulator.DCRFLI.DC_GEN\[23\].DC.CORE.i_rst"  +all +trace_process
Verdi>fsdbDumpvars 0 "simulator.DCRFLI.DC_GEN\[23\].DC.CORE.w_stall"  +all +trace_process
Verdi>fsdbDumpvars 0 "simulator.DCRFLI.DC_GEN\[23\].DC.CORE.d"  +all +trace_process
Verdi>fsdbDumpvars 0 "simulator.DCRFLI.DC_GEN\[23\].DC.CORE.i_empty"  +all +trace_process
Verdi>fsdbDumpvars 0 "simulator.DCRFLI.DC_GEN\[23\].DC.CORE.o_next"  +all +trace_process
Verdi>fsdbDumpvars 0 "simulator.DCRFLI.DC_GEN\[23\].DC.CORE.i_addr\[3:0\]"  +all +trace_process
Verdi>fsdbDumpvars 0 "simulator.DCRFLI.DC_GEN\[23\].DC.CORE.i_insn\[91:0\]"  +all +trace_process
Verdi>fsdbDumpvars 0 "simulator.DCRFLI.DC_GEN\[23\].DC.CORE.o_insn_modified"  +all +trace_process
Verdi>fsdbDumpvars 0 "simulator.DCRFLI.DC_GEN\[23\].DC.CORE.i"  +all +trace_process
Verdi>fsdbDumpvars 0 "simulator.DCRFLI.DC_GEN\[23\].DC.CORE.s"  +all +trace_process
Verdi>fsdbDumpvars 0 "simulator.DCRFLI.DC_GEN\[23\].DC.CORE.w_dvsr\[15:0\]"  +all +trace_process
Verdi>fsdbDumpvars 0 "simulator.DCRFLI.DC_GEN\[23\].DC.CORE.w_spi_dout\[23:0\]"  +all +trace_process
Verdi>fsdbDumpvars 0 "simulator.DCRFLI.DC_GEN\[23\].DC.CORE.w_spi_done"  +all +trace_process
Verdi>fsdbDumpvars 0 "simulator.DCRFLI.DC_GEN\[23\].DC.CORE.o_armed"  +all +trace_process
Verdi>fsdbDumpvars 0 "simulator.DCRFLI.DC_GEN\[23\].DC.CORE.i_start"  +all +trace_process
Verdi>fsdbDumpvars 0 "simulator.DCRFLI.DC_GEN\[23\].DC.CORE.o_sclk"  +all +trace_process
Verdi>fsdbDumpvars 0 "simulator.DCRFLI.DC_GEN\[23\].DC.CORE.o_mosi"  +all +trace_process
Verdi>fsdbDumpvars 0 "simulator.DCRFLI.DC_GEN\[23\].DC.CORE.i_miso"  +all +trace_process
Verdi>fsdbDumpvars 0 "simulator.DCRFLI.DC_GEN\[23\].DC.CORE.o_cs_n"  +all +trace_process
Verdi>fsdbDumpvars 0 "simulator.DCRFLI.DC_GEN\[23\].DC.CORE.o_ldac_n"  +all +trace_process
Verdi>fsdbDumpvars 0 "simulator.DCRFLI.DC_GEN\[23\].DC.CORE.h"  +all +trace_process
Verdi>fsdbDumpvars 0 "simulator.DCRFLI.DC_GEN\[23\].DC.CORE.o_next"  +all +trace_process
Verdi>fsdbDumpvars 0 "simulator.DCRFLI.DC_GEN\[23\].DC.CORE.o_addr\[3:0\]"  +all +trace_process
Verdi>fsdbDumpvars 0 "simulator.DCRFLI.DC_GEN\[23\].DC.CORE.o_iter\[9:0\]"  +all +trace_process
Verdi>fsdbDumpvars 0 "simulator.DCRFLI.DC_GEN\[23\].DC.CORE.o_spi_din\[23:0\]"  +all +trace_process
Verdi>fsdbDumpvars 0 "simulator.DCRFLI.DC_GEN\[23\].DC.CORE.o_spi_rd"  +all +trace_process
Verdi>fsdbDumpvars 0 "simulator.DCRFLI.DC_GEN\[23\].DC.CORE.o_spi_dout\[23:0\]"  +all +trace_process
Verdi>fsdbDumpvars 0 "simulator.DCRFLI.DC_GEN\[23\].DC.CORE.o_cycles_left\[29:0\]"  +all +trace_process
Verdi>fsdbDumpvars 0 "simulator.DC_IO_GEN\[23\].DAC.valid_transaction"  +all +trace_process
*Verdi* : Dumping the signal (simulator.DC_IO_GEN[23].DAC.valid_transaction).
Verdi>fsdbDumpvars 0 "simulator.DC_IO_GEN\[23\].DAC.input_shift_reg"  +all +trace_process
*Verdi* : Dumping the signal (simulator.DC_IO_GEN[23].DAC.input_shift_reg).
Verdi>fsdbDumpvars 0 "simulator.DC_IO_GEN\[23\].DAC.rw"  +all +trace_process
*Verdi* : Dumping the signal (simulator.DC_IO_GEN[23].DAC.rw).
Verdi>fsdbDumpvars 0 "simulator.DC_IO_GEN\[23\].DAC.addr"  +all +trace_process
*Verdi* : Dumping the signal (simulator.DC_IO_GEN[23].DAC.addr).
Verdi>fsdbDumpvars 0 "simulator.DC_IO_GEN\[23\].DAC.data"  +all +trace_process
*Verdi* : Dumping the signal (simulator.DC_IO_GEN[23].DAC.data).
Verdi>fsdbDumpvars 0 "simulator.DC_IO_GEN\[23\].DAC.rd_data"  +all +trace_process
*Verdi* : Dumping the signal (simulator.DC_IO_GEN[23].DAC.rd_data).
Verdi>fsdbDumpvars 0 "simulator.DC_IO_GEN\[23\].DAC.SCLK"  +all +trace_process
*Verdi* : Dumping the signal (simulator.DC_IO_GEN[23].DAC.SCLK).
Verdi>fsdbDumpvars 0 "simulator.DC_IO_GEN\[23\].DAC.SDIN"  +all +trace_process
*Verdi* : Dumping the signal (simulator.DC_IO_GEN[23].DAC.SDIN).
Verdi>fsdbDumpvars 0 "simulator.DC_IO_GEN\[23\].DAC.SYNC_N"  +all +trace_process
*Verdi* : Dumping the signal (simulator.DC_IO_GEN[23].DAC.SYNC_N).
Verdi>fsdbDumpvars 0 "simulator.DC_IO_GEN\[23\].DAC.SDO"  +all +trace_process
*Verdi* : Dumping the signal (simulator.DC_IO_GEN[23].DAC.SDO).
Verdi>fsdbDumpvars 0 "simulator.DC_IO_GEN\[23\].DAC.LDAC_N"  +all +trace_process
*Verdi* : Dumping the signal (simulator.DC_IO_GEN[23].DAC.LDAC_N).
Verdi>fsdbDumpvars 0 "simulator.DC_IO_GEN\[23\].DAC.CLR_N"  +all +trace_process
*Verdi* : Dumping the signal (simulator.DC_IO_GEN[23].DAC.CLR_N).
Verdi>fsdbDumpvars 0 "simulator.DC_IO_GEN\[23\].DAC.RESET_N"  +all +trace_process
*Verdi* : Dumping the signal (simulator.DC_IO_GEN[23].DAC.RESET_N).
Verdi>fsdbDumpvars 0 "simulator.DC_IO_GEN\[23\].DAC.dac_reg"  +all +trace_process
*Verdi* : Dumping the signal (simulator.DC_IO_GEN[23].DAC.dac_reg).
Verdi>fsdbDumpvars 0 "simulator.DC_IO_GEN\[23\].DAC.ctrl_reg"  +all +trace_process
*Verdi* : Dumping the signal (simulator.DC_IO_GEN[23].DAC.ctrl_reg).
Verdi>fsdbDumpvars 0 "simulator.DC_IO_GEN\[23\].DAC.clrcode_reg"  +all +trace_process
*Verdi* : Dumping the signal (simulator.DC_IO_GEN[23].DAC.clrcode_reg).
Verdi>fsdbDumpvars 0 "simulator.DC_IO_GEN\[23\].DAC.sw_ctrl_reg"  +all +trace_process
*Verdi* : Dumping the signal (simulator.DC_IO_GEN[23].DAC.sw_ctrl_reg).
Verdi>fsdbDumpvars 0 "simulator.DC_IO_GEN\[23\].DAC.dac_input_reg"  +all +trace_process
*Verdi* : Dumping the signal (simulator.DC_IO_GEN[23].DAC.dac_input_reg).
Verdi>fsdbDumpvars 0 "simulator.DC_IO_GEN\[23\].DAC.SDODIS"  +all +trace_process
*Verdi* : Dumping the signal (simulator.DC_IO_GEN[23].DAC.SDODIS).
Verdi>fsdbDumpvars 0 "simulator.DC_IO_GEN\[23\].DAC.DACTRI"  +all +trace_process
*Verdi* : Dumping the signal (simulator.DC_IO_GEN[23].DAC.DACTRI).
Verdi>fsdbDumpvars 0 "simulator.DC_IO_GEN\[23\].DAC.OPGND"  +all +trace_process
*Verdi* : Dumping the signal (simulator.DC_IO_GEN[23].DAC.OPGND).
Verdi>fsdbDumpvars 0 "simulator.DC_IO_GEN\[23\].DAC.VOUT"  +all +trace_process
*Verdi* : Dumping the signal (simulator.DC_IO_GEN[23].DAC.VOUT).
Verdi>fsdbDumpvars 0 "simulator.DC_IO_GEN\[23\].DAC.VDIGITAL"  +all +trace_process
*Verdi* : Dumping the signal (simulator.DC_IO_GEN[23].DAC.VDIGITAL).
Verdi>fsdbDumpvars 0 "simulator.DC_IO_GEN\[22\].REGS.AXIL_REGS.i_aclk"  +all +trace_process
Verdi>fsdbDumpvars 0 "simulator.DC_IO_GEN\[22\].REGS.AXIL_REGS.i_aresetn"  +all +trace_process
Verdi>fsdbDumpvars 0 "simulator.DC_IO_GEN\[22\].REGS.AXIL_REGS.r_regs\[0:31\]\[31:0\]"  +all +trace_process
Verdi>fsdbDumpvars 0 "simulator.DC_IO_GEN\[22\].REGS.AXIL_REGS.o_regs\[0:31\]\[31:0\]"  +all +trace_process
Verdi>fsdbDumpvars 0 "simulator.DC_IO_GEN\[22\].REGS.AXIL_REGS.o_awready"  +all +trace_process
Verdi>fsdbDumpvars 0 "simulator.DC_IO_GEN\[22\].REGS.AXIL_REGS.i_awvalid"  +all +trace_process
Verdi>fsdbDumpvars 0 "simulator.DC_IO_GEN\[22\].REGS.AXIL_REGS.i_awaddr\[6:0\]"  +all +trace_process
Verdi>fsdbDumpvars 0 "simulator.DC_IO_GEN\[22\].REGS.AXIL_REGS.w_awireg\[4:0\]"  +all +trace_process
Verdi>fsdbDumpvars 0 "simulator.DC_IO_GEN\[22\].REGS.AXIL_REGS.w_awls2b\[1:0\]"  +all +trace_process
Verdi>fsdbDumpvars 0 "simulator.DC_IO_GEN\[22\].REGS.AXIL_REGS.o_wready"  +all +trace_process
Verdi>fsdbDumpvars 0 "simulator.DC_IO_GEN\[22\].REGS.AXIL_REGS.i_wvalid"  +all +trace_process
Verdi>fsdbDumpvars 0 "simulator.DC_IO_GEN\[22\].REGS.AXIL_REGS.i_wdata\[31:0\]"  +all +trace_process
Verdi>fsdbDumpvars 0 "simulator.DC_IO_GEN\[22\].REGS.AXIL_REGS.i_wstrb\[3:0\]"  +all +trace_process
Verdi>fsdbDumpvars 0 "simulator.DC_IO_GEN\[22\].REGS.AXIL_REGS.w_wdatastrb\[31:0\]"  +all +trace_process
Verdi>fsdbDumpvars 0 "simulator.DC_IO_GEN\[22\].REGS.AXIL_REGS.i_bready"  +all +trace_process
Verdi>fsdbDumpvars 0 "simulator.DC_IO_GEN\[22\].REGS.AXIL_REGS.o_bvalid"  +all +trace_process
Verdi>fsdbDumpvars 0 "simulator.DC_IO_GEN\[22\].REGS.AXIL_REGS.o_bresp\[1:0\]"  +all +trace_process
Verdi>fsdbDumpvars 0 "simulator.DC_IO_GEN\[22\].REGS.AXIL_REGS.o_arready"  +all +trace_process
Verdi>fsdbDumpvars 0 "simulator.DC_IO_GEN\[22\].REGS.AXIL_REGS.i_arvalid"  +all +trace_process
Verdi>fsdbDumpvars 0 "simulator.DC_IO_GEN\[22\].REGS.AXIL_REGS.i_araddr\[6:0\]"  +all +trace_process
Verdi>fsdbDumpvars 0 "simulator.DC_IO_GEN\[22\].REGS.AXIL_REGS.w_arireg\[4:0\]"  +all +trace_process
Verdi>fsdbDumpvars 0 "simulator.DC_IO_GEN\[22\].REGS.AXIL_REGS.w_arls2b\[1:0\]"  +all +trace_process
Verdi>fsdbDumpvars 0 "simulator.DC_IO_GEN\[22\].REGS.AXIL_REGS.i_rready"  +all +trace_process
Verdi>fsdbDumpvars 0 "simulator.DC_IO_GEN\[22\].REGS.AXIL_REGS.o_rvalid"  +all +trace_process
Verdi>fsdbDumpvars 0 "simulator.DC_IO_GEN\[22\].REGS.AXIL_REGS.o_rdata\[31:0\]"  +all +trace_process
Verdi>fsdbDumpvars 0 "simulator.DC_IO_GEN\[22\].REGS.AXIL_REGS.o_rresp\[1:0\]"  +all +trace_process
Verdi>fsdbDumpvars 0 "simulator.DCRFLI.DC_GEN\[22\].DC.SEQ.i_clk"  +all +trace_process
Verdi>fsdbDumpvars 0 "simulator.DCRFLI.DC_GEN\[22\].DC.SEQ.i_rst"  +all +trace_process
Verdi>fsdbDumpvars 0 "simulator.DCRFLI.DC_GEN\[22\].DC.SEQ.w_propagate"  +all +trace_process
Verdi>fsdbDumpvars 0 "simulator.DCRFLI.DC_GEN\[22\].DC.SEQ.i_regs\[0:31\]\[31:0\]"  +all +trace_process
Verdi>fsdbDumpvars 0 "simulator.DCRFLI.DC_GEN\[22\].DC.SEQ.w_last0"  +all +trace_process
Verdi>fsdbDumpvars 0 "simulator.DCRFLI.DC_GEN\[22\].DC.SEQ.w_last0_ff1"  +all +trace_process
Verdi>fsdbDumpvars 0 "simulator.DCRFLI.DC_GEN\[22\].DC.SEQ.w_last0_ff2"  +all +trace_process
Verdi>fsdbDumpvars 0 "simulator.DCRFLI.DC_GEN\[22\].DC.SEQ.w_new_sequence"  +all +trace_process
Verdi>fsdbDumpvars 0 "simulator.DCRFLI.DC_GEN\[22\].DC.SEQ.r_sequence\[0:9\]\[91:0\]"  +all +trace_process
Verdi>fsdbDumpvars 0 "simulator.DCRFLI.DC_GEN\[22\].DC.SEQ.r_iters\[10:0\]"  +all +trace_process
Verdi>fsdbDumpvars 0 "simulator.DCRFLI.DC_GEN\[22\].DC.SEQ.r_iptr\[3:0\]"  +all +trace_process
Verdi>fsdbDumpvars 0 "simulator.DCRFLI.DC_GEN\[22\].DC.SEQ.w_insn_fetch\[91:0\]"  +all +trace_process
Verdi>fsdbDumpvars 0 "simulator.DCRFLI.DC_GEN\[22\].DC.SEQ.w_insn_bubble"  +all +trace_process
Verdi>fsdbDumpvars 0 "simulator.DCRFLI.DC_GEN\[22\].DC.SEQ.w_iptr_plus1\[3:0\]"  +all +trace_process
Verdi>fsdbDumpvars 0 "simulator.DCRFLI.DC_GEN\[22\].DC.SEQ.w_next_null"  +all +trace_process
Verdi>fsdbDumpvars 0 "simulator.DCRFLI.DC_GEN\[22\].DC.SEQ.o_empty"  +all +trace_process
Verdi>fsdbDumpvars 0 "simulator.DCRFLI.DC_GEN\[22\].DC.SEQ.i_next"  +all +trace_process
Verdi>fsdbDumpvars 0 "simulator.DCRFLI.DC_GEN\[22\].DC.SEQ.o_addr\[3:0\]"  +all +trace_process
Verdi>fsdbDumpvars 0 "simulator.DCRFLI.DC_GEN\[22\].DC.SEQ.o_insn\[91:0\]"  +all +trace_process
Verdi>fsdbDumpvars 0 "simulator.DCRFLI.DC_GEN\[22\].DC.SEQ.r_iptr_modify\[3:0\]"  +all +trace_process
Verdi>fsdbDumpvars 0 "simulator.DCRFLI.DC_GEN\[22\].DC.SEQ.i_insn_modified\[91:0\]"  +all +trace_process
Verdi>fsdbDumpvars 0 "simulator.DCRFLI.DC_GEN\[22\].DC.CORE.i_clk"  +all +trace_process
Verdi>fsdbDumpvars 0 "simulator.DCRFLI.DC_GEN\[22\].DC.CORE.i_rst"  +all +trace_process
Verdi>fsdbDumpvars 0 "simulator.DCRFLI.DC_GEN\[22\].DC.CORE.w_stall"  +all +trace_process
Verdi>fsdbDumpvars 0 "simulator.DCRFLI.DC_GEN\[22\].DC.CORE.d"  +all +trace_process
Verdi>fsdbDumpvars 0 "simulator.DCRFLI.DC_GEN\[22\].DC.CORE.i_empty"  +all +trace_process
Verdi>fsdbDumpvars 0 "simulator.DCRFLI.DC_GEN\[22\].DC.CORE.o_next"  +all +trace_process
Verdi>fsdbDumpvars 0 "simulator.DCRFLI.DC_GEN\[22\].DC.CORE.i_addr\[3:0\]"  +all +trace_process
Verdi>fsdbDumpvars 0 "simulator.DCRFLI.DC_GEN\[22\].DC.CORE.i_insn\[91:0\]"  +all +trace_process
Verdi>fsdbDumpvars 0 "simulator.DCRFLI.DC_GEN\[22\].DC.CORE.o_insn_modified"  +all +trace_process
Verdi>fsdbDumpvars 0 "simulator.DCRFLI.DC_GEN\[22\].DC.CORE.i"  +all +trace_process
Verdi>fsdbDumpvars 0 "simulator.DCRFLI.DC_GEN\[22\].DC.CORE.s"  +all +trace_process
Verdi>fsdbDumpvars 0 "simulator.DCRFLI.DC_GEN\[22\].DC.CORE.w_dvsr\[15:0\]"  +all +trace_process
Verdi>fsdbDumpvars 0 "simulator.DCRFLI.DC_GEN\[22\].DC.CORE.w_spi_dout\[23:0\]"  +all +trace_process
Verdi>fsdbDumpvars 0 "simulator.DCRFLI.DC_GEN\[22\].DC.CORE.w_spi_done"  +all +trace_process
Verdi>fsdbDumpvars 0 "simulator.DCRFLI.DC_GEN\[22\].DC.CORE.o_armed"  +all +trace_process
Verdi>fsdbDumpvars 0 "simulator.DCRFLI.DC_GEN\[22\].DC.CORE.i_start"  +all +trace_process
Verdi>fsdbDumpvars 0 "simulator.DCRFLI.DC_GEN\[22\].DC.CORE.o_sclk"  +all +trace_process
Verdi>fsdbDumpvars 0 "simulator.DCRFLI.DC_GEN\[22\].DC.CORE.o_mosi"  +all +trace_process
Verdi>fsdbDumpvars 0 "simulator.DCRFLI.DC_GEN\[22\].DC.CORE.i_miso"  +all +trace_process
Verdi>fsdbDumpvars 0 "simulator.DCRFLI.DC_GEN\[22\].DC.CORE.o_cs_n"  +all +trace_process
Verdi>fsdbDumpvars 0 "simulator.DCRFLI.DC_GEN\[22\].DC.CORE.o_ldac_n"  +all +trace_process
Verdi>fsdbDumpvars 0 "simulator.DCRFLI.DC_GEN\[22\].DC.CORE.h"  +all +trace_process
Verdi>fsdbDumpvars 0 "simulator.DCRFLI.DC_GEN\[22\].DC.CORE.o_next"  +all +trace_process
Verdi>fsdbDumpvars 0 "simulator.DCRFLI.DC_GEN\[22\].DC.CORE.o_addr\[3:0\]"  +all +trace_process
Verdi>fsdbDumpvars 0 "simulator.DCRFLI.DC_GEN\[22\].DC.CORE.o_iter\[9:0\]"  +all +trace_process
Verdi>fsdbDumpvars 0 "simulator.DCRFLI.DC_GEN\[22\].DC.CORE.o_spi_din\[23:0\]"  +all +trace_process
Verdi>fsdbDumpvars 0 "simulator.DCRFLI.DC_GEN\[22\].DC.CORE.o_spi_rd"  +all +trace_process
Verdi>fsdbDumpvars 0 "simulator.DCRFLI.DC_GEN\[22\].DC.CORE.o_spi_dout\[23:0\]"  +all +trace_process
Verdi>fsdbDumpvars 0 "simulator.DCRFLI.DC_GEN\[22\].DC.CORE.o_cycles_left\[29:0\]"  +all +trace_process
Verdi>fsdbDumpvars 0 "simulator.DC_IO_GEN\[22\].DAC.valid_transaction"  +all +trace_process
*Verdi* : Dumping the signal (simulator.DC_IO_GEN[22].DAC.valid_transaction).
Verdi>fsdbDumpvars 0 "simulator.DC_IO_GEN\[22\].DAC.input_shift_reg"  +all +trace_process
*Verdi* : Dumping the signal (simulator.DC_IO_GEN[22].DAC.input_shift_reg).
Verdi>fsdbDumpvars 0 "simulator.DC_IO_GEN\[22\].DAC.rw"  +all +trace_process
*Verdi* : Dumping the signal (simulator.DC_IO_GEN[22].DAC.rw).
Verdi>fsdbDumpvars 0 "simulator.DC_IO_GEN\[22\].DAC.addr"  +all +trace_process
*Verdi* : Dumping the signal (simulator.DC_IO_GEN[22].DAC.addr).
Verdi>fsdbDumpvars 0 "simulator.DC_IO_GEN\[22\].DAC.data"  +all +trace_process
*Verdi* : Dumping the signal (simulator.DC_IO_GEN[22].DAC.data).
Verdi>fsdbDumpvars 0 "simulator.DC_IO_GEN\[22\].DAC.rd_data"  +all +trace_process
*Verdi* : Dumping the signal (simulator.DC_IO_GEN[22].DAC.rd_data).
Verdi>fsdbDumpvars 0 "simulator.DC_IO_GEN\[22\].DAC.SCLK"  +all +trace_process
*Verdi* : Dumping the signal (simulator.DC_IO_GEN[22].DAC.SCLK).
Verdi>fsdbDumpvars 0 "simulator.DC_IO_GEN\[22\].DAC.SDIN"  +all +trace_process
*Verdi* : Dumping the signal (simulator.DC_IO_GEN[22].DAC.SDIN).
Verdi>fsdbDumpvars 0 "simulator.DC_IO_GEN\[22\].DAC.SYNC_N"  +all +trace_process
*Verdi* : Dumping the signal (simulator.DC_IO_GEN[22].DAC.SYNC_N).
Verdi>fsdbDumpvars 0 "simulator.DC_IO_GEN\[22\].DAC.SDO"  +all +trace_process
*Verdi* : Dumping the signal (simulator.DC_IO_GEN[22].DAC.SDO).
Verdi>fsdbDumpvars 0 "simulator.DC_IO_GEN\[22\].DAC.LDAC_N"  +all +trace_process
*Verdi* : Dumping the signal (simulator.DC_IO_GEN[22].DAC.LDAC_N).
Verdi>fsdbDumpvars 0 "simulator.DC_IO_GEN\[22\].DAC.CLR_N"  +all +trace_process
*Verdi* : Dumping the signal (simulator.DC_IO_GEN[22].DAC.CLR_N).
Verdi>fsdbDumpvars 0 "simulator.DC_IO_GEN\[22\].DAC.RESET_N"  +all +trace_process
*Verdi* : Dumping the signal (simulator.DC_IO_GEN[22].DAC.RESET_N).
Verdi>fsdbDumpvars 0 "simulator.DC_IO_GEN\[22\].DAC.dac_reg"  +all +trace_process
*Verdi* : Dumping the signal (simulator.DC_IO_GEN[22].DAC.dac_reg).
Verdi>fsdbDumpvars 0 "simulator.DC_IO_GEN\[22\].DAC.ctrl_reg"  +all +trace_process
*Verdi* : Dumping the signal (simulator.DC_IO_GEN[22].DAC.ctrl_reg).
Verdi>fsdbDumpvars 0 "simulator.DC_IO_GEN\[22\].DAC.clrcode_reg"  +all +trace_process
*Verdi* : Dumping the signal (simulator.DC_IO_GEN[22].DAC.clrcode_reg).
Verdi>fsdbDumpvars 0 "simulator.DC_IO_GEN\[22\].DAC.sw_ctrl_reg"  +all +trace_process
*Verdi* : Dumping the signal (simulator.DC_IO_GEN[22].DAC.sw_ctrl_reg).
Verdi>fsdbDumpvars 0 "simulator.DC_IO_GEN\[22\].DAC.dac_input_reg"  +all +trace_process
*Verdi* : Dumping the signal (simulator.DC_IO_GEN[22].DAC.dac_input_reg).
Verdi>fsdbDumpvars 0 "simulator.DC_IO_GEN\[22\].DAC.SDODIS"  +all +trace_process
*Verdi* : Dumping the signal (simulator.DC_IO_GEN[22].DAC.SDODIS).
Verdi>fsdbDumpvars 0 "simulator.DC_IO_GEN\[22\].DAC.DACTRI"  +all +trace_process
*Verdi* : Dumping the signal (simulator.DC_IO_GEN[22].DAC.DACTRI).
Verdi>fsdbDumpvars 0 "simulator.DC_IO_GEN\[22\].DAC.OPGND"  +all +trace_process
*Verdi* : Dumping the signal (simulator.DC_IO_GEN[22].DAC.OPGND).
Verdi>fsdbDumpvars 0 "simulator.DC_IO_GEN\[22\].DAC.VOUT"  +all +trace_process
*Verdi* : Dumping the signal (simulator.DC_IO_GEN[22].DAC.VOUT).
Verdi>fsdbDumpvars 0 "simulator.DC_IO_GEN\[22\].DAC.VDIGITAL"  +all +trace_process
*Verdi* : Dumping the signal (simulator.DC_IO_GEN[22].DAC.VDIGITAL).
Verdi>fsdbDumpvars 0 "simulator.DC_IO_GEN\[21\].REGS.AXIL_REGS.i_aclk"  +all +trace_process
Verdi>fsdbDumpvars 0 "simulator.DC_IO_GEN\[21\].REGS.AXIL_REGS.i_aresetn"  +all +trace_process
Verdi>fsdbDumpvars 0 "simulator.DC_IO_GEN\[21\].REGS.AXIL_REGS.r_regs\[0:31\]\[31:0\]"  +all +trace_process
Verdi>fsdbDumpvars 0 "simulator.DC_IO_GEN\[21\].REGS.AXIL_REGS.o_regs\[0:31\]\[31:0\]"  +all +trace_process
Verdi>fsdbDumpvars 0 "simulator.DC_IO_GEN\[21\].REGS.AXIL_REGS.o_awready"  +all +trace_process
Verdi>fsdbDumpvars 0 "simulator.DC_IO_GEN\[21\].REGS.AXIL_REGS.i_awvalid"  +all +trace_process
Verdi>fsdbDumpvars 0 "simulator.DC_IO_GEN\[21\].REGS.AXIL_REGS.i_awaddr\[6:0\]"  +all +trace_process
Verdi>fsdbDumpvars 0 "simulator.DC_IO_GEN\[21\].REGS.AXIL_REGS.w_awireg\[4:0\]"  +all +trace_process
Verdi>fsdbDumpvars 0 "simulator.DC_IO_GEN\[21\].REGS.AXIL_REGS.w_awls2b\[1:0\]"  +all +trace_process
Verdi>fsdbDumpvars 0 "simulator.DC_IO_GEN\[21\].REGS.AXIL_REGS.o_wready"  +all +trace_process
Verdi>fsdbDumpvars 0 "simulator.DC_IO_GEN\[21\].REGS.AXIL_REGS.i_wvalid"  +all +trace_process
Verdi>fsdbDumpvars 0 "simulator.DC_IO_GEN\[21\].REGS.AXIL_REGS.i_wdata\[31:0\]"  +all +trace_process
Verdi>fsdbDumpvars 0 "simulator.DC_IO_GEN\[21\].REGS.AXIL_REGS.i_wstrb\[3:0\]"  +all +trace_process
Verdi>fsdbDumpvars 0 "simulator.DC_IO_GEN\[21\].REGS.AXIL_REGS.w_wdatastrb\[31:0\]"  +all +trace_process
Verdi>fsdbDumpvars 0 "simulator.DC_IO_GEN\[21\].REGS.AXIL_REGS.i_bready"  +all +trace_process
Verdi>fsdbDumpvars 0 "simulator.DC_IO_GEN\[21\].REGS.AXIL_REGS.o_bvalid"  +all +trace_process
Verdi>fsdbDumpvars 0 "simulator.DC_IO_GEN\[21\].REGS.AXIL_REGS.o_bresp\[1:0\]"  +all +trace_process
Verdi>fsdbDumpvars 0 "simulator.DC_IO_GEN\[21\].REGS.AXIL_REGS.o_arready"  +all +trace_process
Verdi>fsdbDumpvars 0 "simulator.DC_IO_GEN\[21\].REGS.AXIL_REGS.i_arvalid"  +all +trace_process
Verdi>fsdbDumpvars 0 "simulator.DC_IO_GEN\[21\].REGS.AXIL_REGS.i_araddr\[6:0\]"  +all +trace_process
Verdi>fsdbDumpvars 0 "simulator.DC_IO_GEN\[21\].REGS.AXIL_REGS.w_arireg\[4:0\]"  +all +trace_process
Verdi>fsdbDumpvars 0 "simulator.DC_IO_GEN\[21\].REGS.AXIL_REGS.w_arls2b\[1:0\]"  +all +trace_process
Verdi>fsdbDumpvars 0 "simulator.DC_IO_GEN\[21\].REGS.AXIL_REGS.i_rready"  +all +trace_process
Verdi>fsdbDumpvars 0 "simulator.DC_IO_GEN\[21\].REGS.AXIL_REGS.o_rvalid"  +all +trace_process
Verdi>fsdbDumpvars 0 "simulator.DC_IO_GEN\[21\].REGS.AXIL_REGS.o_rdata\[31:0\]"  +all +trace_process
Verdi>fsdbDumpvars 0 "simulator.DC_IO_GEN\[21\].REGS.AXIL_REGS.o_rresp\[1:0\]"  +all +trace_process
Verdi>fsdbDumpvars 0 "simulator.DCRFLI.DC_GEN\[21\].DC.SEQ.i_clk"  +all +trace_process
Verdi>fsdbDumpvars 0 "simulator.DCRFLI.DC_GEN\[21\].DC.SEQ.i_rst"  +all +trace_process
Verdi>fsdbDumpvars 0 "simulator.DCRFLI.DC_GEN\[21\].DC.SEQ.w_propagate"  +all +trace_process
Verdi>fsdbDumpvars 0 "simulator.DCRFLI.DC_GEN\[21\].DC.SEQ.i_regs\[0:31\]\[31:0\]"  +all +trace_process
Verdi>fsdbDumpvars 0 "simulator.DCRFLI.DC_GEN\[21\].DC.SEQ.w_last0"  +all +trace_process
Verdi>fsdbDumpvars 0 "simulator.DCRFLI.DC_GEN\[21\].DC.SEQ.w_last0_ff1"  +all +trace_process
Verdi>fsdbDumpvars 0 "simulator.DCRFLI.DC_GEN\[21\].DC.SEQ.w_last0_ff2"  +all +trace_process
Verdi>fsdbDumpvars 0 "simulator.DCRFLI.DC_GEN\[21\].DC.SEQ.w_new_sequence"  +all +trace_process
Verdi>fsdbDumpvars 0 "simulator.DCRFLI.DC_GEN\[21\].DC.SEQ.r_sequence\[0:9\]\[91:0\]"  +all +trace_process
Verdi>fsdbDumpvars 0 "simulator.DCRFLI.DC_GEN\[21\].DC.SEQ.r_iters\[10:0\]"  +all +trace_process
Verdi>fsdbDumpvars 0 "simulator.DCRFLI.DC_GEN\[21\].DC.SEQ.r_iptr\[3:0\]"  +all +trace_process
Verdi>fsdbDumpvars 0 "simulator.DCRFLI.DC_GEN\[21\].DC.SEQ.w_insn_fetch\[91:0\]"  +all +trace_process
Verdi>fsdbDumpvars 0 "simulator.DCRFLI.DC_GEN\[21\].DC.SEQ.w_insn_bubble"  +all +trace_process
Verdi>fsdbDumpvars 0 "simulator.DCRFLI.DC_GEN\[21\].DC.SEQ.w_iptr_plus1\[3:0\]"  +all +trace_process
Verdi>fsdbDumpvars 0 "simulator.DCRFLI.DC_GEN\[21\].DC.SEQ.w_next_null"  +all +trace_process
Verdi>fsdbDumpvars 0 "simulator.DCRFLI.DC_GEN\[21\].DC.SEQ.o_empty"  +all +trace_process
Verdi>fsdbDumpvars 0 "simulator.DCRFLI.DC_GEN\[21\].DC.SEQ.i_next"  +all +trace_process
Verdi>fsdbDumpvars 0 "simulator.DCRFLI.DC_GEN\[21\].DC.SEQ.o_addr\[3:0\]"  +all +trace_process
Verdi>fsdbDumpvars 0 "simulator.DCRFLI.DC_GEN\[21\].DC.SEQ.o_insn\[91:0\]"  +all +trace_process
Verdi>fsdbDumpvars 0 "simulator.DCRFLI.DC_GEN\[21\].DC.SEQ.r_iptr_modify\[3:0\]"  +all +trace_process
Verdi>fsdbDumpvars 0 "simulator.DCRFLI.DC_GEN\[21\].DC.SEQ.i_insn_modified\[91:0\]"  +all +trace_process
Verdi>fsdbDumpvars 0 "simulator.DCRFLI.DC_GEN\[21\].DC.CORE.i_clk"  +all +trace_process
Verdi>fsdbDumpvars 0 "simulator.DCRFLI.DC_GEN\[21\].DC.CORE.i_rst"  +all +trace_process
Verdi>fsdbDumpvars 0 "simulator.DCRFLI.DC_GEN\[21\].DC.CORE.w_stall"  +all +trace_process
Verdi>fsdbDumpvars 0 "simulator.DCRFLI.DC_GEN\[21\].DC.CORE.d"  +all +trace_process
Verdi>fsdbDumpvars 0 "simulator.DCRFLI.DC_GEN\[21\].DC.CORE.i_empty"  +all +trace_process
Verdi>fsdbDumpvars 0 "simulator.DCRFLI.DC_GEN\[21\].DC.CORE.o_next"  +all +trace_process
Verdi>fsdbDumpvars 0 "simulator.DCRFLI.DC_GEN\[21\].DC.CORE.i_addr\[3:0\]"  +all +trace_process
Verdi>fsdbDumpvars 0 "simulator.DCRFLI.DC_GEN\[21\].DC.CORE.i_insn\[91:0\]"  +all +trace_process
Verdi>fsdbDumpvars 0 "simulator.DCRFLI.DC_GEN\[21\].DC.CORE.o_insn_modified"  +all +trace_process
Verdi>fsdbDumpvars 0 "simulator.DCRFLI.DC_GEN\[21\].DC.CORE.i"  +all +trace_process
Verdi>fsdbDumpvars 0 "simulator.DCRFLI.DC_GEN\[21\].DC.CORE.s"  +all +trace_process
Verdi>fsdbDumpvars 0 "simulator.DCRFLI.DC_GEN\[21\].DC.CORE.w_dvsr\[15:0\]"  +all +trace_process
Verdi>fsdbDumpvars 0 "simulator.DCRFLI.DC_GEN\[21\].DC.CORE.w_spi_dout\[23:0\]"  +all +trace_process
Verdi>fsdbDumpvars 0 "simulator.DCRFLI.DC_GEN\[21\].DC.CORE.w_spi_done"  +all +trace_process
Verdi>fsdbDumpvars 0 "simulator.DCRFLI.DC_GEN\[21\].DC.CORE.o_armed"  +all +trace_process
Verdi>fsdbDumpvars 0 "simulator.DCRFLI.DC_GEN\[21\].DC.CORE.i_start"  +all +trace_process
Verdi>fsdbDumpvars 0 "simulator.DCRFLI.DC_GEN\[21\].DC.CORE.o_sclk"  +all +trace_process
Verdi>fsdbDumpvars 0 "simulator.DCRFLI.DC_GEN\[21\].DC.CORE.o_mosi"  +all +trace_process
Verdi>fsdbDumpvars 0 "simulator.DCRFLI.DC_GEN\[21\].DC.CORE.i_miso"  +all +trace_process
Verdi>fsdbDumpvars 0 "simulator.DCRFLI.DC_GEN\[21\].DC.CORE.o_cs_n"  +all +trace_process
Verdi>fsdbDumpvars 0 "simulator.DCRFLI.DC_GEN\[21\].DC.CORE.o_ldac_n"  +all +trace_process
Verdi>fsdbDumpvars 0 "simulator.DCRFLI.DC_GEN\[21\].DC.CORE.h"  +all +trace_process
Verdi>fsdbDumpvars 0 "simulator.DCRFLI.DC_GEN\[21\].DC.CORE.o_next"  +all +trace_process
Verdi>fsdbDumpvars 0 "simulator.DCRFLI.DC_GEN\[21\].DC.CORE.o_addr\[3:0\]"  +all +trace_process
Verdi>fsdbDumpvars 0 "simulator.DCRFLI.DC_GEN\[21\].DC.CORE.o_iter\[9:0\]"  +all +trace_process
Verdi>fsdbDumpvars 0 "simulator.DCRFLI.DC_GEN\[21\].DC.CORE.o_spi_din\[23:0\]"  +all +trace_process
Verdi>fsdbDumpvars 0 "simulator.DCRFLI.DC_GEN\[21\].DC.CORE.o_spi_rd"  +all +trace_process
Verdi>fsdbDumpvars 0 "simulator.DCRFLI.DC_GEN\[21\].DC.CORE.o_spi_dout\[23:0\]"  +all +trace_process
Verdi>fsdbDumpvars 0 "simulator.DCRFLI.DC_GEN\[21\].DC.CORE.o_cycles_left\[29:0\]"  +all +trace_process
Verdi>fsdbDumpvars 0 "simulator.DC_IO_GEN\[21\].DAC.valid_transaction"  +all +trace_process
*Verdi* : Dumping the signal (simulator.DC_IO_GEN[21].DAC.valid_transaction).
Verdi>fsdbDumpvars 0 "simulator.DC_IO_GEN\[21\].DAC.input_shift_reg"  +all +trace_process
*Verdi* : Dumping the signal (simulator.DC_IO_GEN[21].DAC.input_shift_reg).
Verdi>fsdbDumpvars 0 "simulator.DC_IO_GEN\[21\].DAC.rw"  +all +trace_process
*Verdi* : Dumping the signal (simulator.DC_IO_GEN[21].DAC.rw).
Verdi>fsdbDumpvars 0 "simulator.DC_IO_GEN\[21\].DAC.addr"  +all +trace_process
*Verdi* : Dumping the signal (simulator.DC_IO_GEN[21].DAC.addr).
Verdi>fsdbDumpvars 0 "simulator.DC_IO_GEN\[21\].DAC.data"  +all +trace_process
*Verdi* : Dumping the signal (simulator.DC_IO_GEN[21].DAC.data).
Verdi>fsdbDumpvars 0 "simulator.DC_IO_GEN\[21\].DAC.rd_data"  +all +trace_process
*Verdi* : Dumping the signal (simulator.DC_IO_GEN[21].DAC.rd_data).
Verdi>fsdbDumpvars 0 "simulator.DC_IO_GEN\[21\].DAC.SCLK"  +all +trace_process
*Verdi* : Dumping the signal (simulator.DC_IO_GEN[21].DAC.SCLK).
Verdi>fsdbDumpvars 0 "simulator.DC_IO_GEN\[21\].DAC.SDIN"  +all +trace_process
*Verdi* : Dumping the signal (simulator.DC_IO_GEN[21].DAC.SDIN).
Verdi>fsdbDumpvars 0 "simulator.DC_IO_GEN\[21\].DAC.SYNC_N"  +all +trace_process
*Verdi* : Dumping the signal (simulator.DC_IO_GEN[21].DAC.SYNC_N).
Verdi>fsdbDumpvars 0 "simulator.DC_IO_GEN\[21\].DAC.SDO"  +all +trace_process
*Verdi* : Dumping the signal (simulator.DC_IO_GEN[21].DAC.SDO).
Verdi>fsdbDumpvars 0 "simulator.DC_IO_GEN\[21\].DAC.LDAC_N"  +all +trace_process
*Verdi* : Dumping the signal (simulator.DC_IO_GEN[21].DAC.LDAC_N).
Verdi>fsdbDumpvars 0 "simulator.DC_IO_GEN\[21\].DAC.CLR_N"  +all +trace_process
*Verdi* : Dumping the signal (simulator.DC_IO_GEN[21].DAC.CLR_N).
Verdi>fsdbDumpvars 0 "simulator.DC_IO_GEN\[21\].DAC.RESET_N"  +all +trace_process
*Verdi* : Dumping the signal (simulator.DC_IO_GEN[21].DAC.RESET_N).
Verdi>fsdbDumpvars 0 "simulator.DC_IO_GEN\[21\].DAC.dac_reg"  +all +trace_process
*Verdi* : Dumping the signal (simulator.DC_IO_GEN[21].DAC.dac_reg).
Verdi>fsdbDumpvars 0 "simulator.DC_IO_GEN\[21\].DAC.ctrl_reg"  +all +trace_process
*Verdi* : Dumping the signal (simulator.DC_IO_GEN[21].DAC.ctrl_reg).
Verdi>fsdbDumpvars 0 "simulator.DC_IO_GEN\[21\].DAC.clrcode_reg"  +all +trace_process
*Verdi* : Dumping the signal (simulator.DC_IO_GEN[21].DAC.clrcode_reg).
Verdi>fsdbDumpvars 0 "simulator.DC_IO_GEN\[21\].DAC.sw_ctrl_reg"  +all +trace_process
*Verdi* : Dumping the signal (simulator.DC_IO_GEN[21].DAC.sw_ctrl_reg).
Verdi>fsdbDumpvars 0 "simulator.DC_IO_GEN\[21\].DAC.dac_input_reg"  +all +trace_process
*Verdi* : Dumping the signal (simulator.DC_IO_GEN[21].DAC.dac_input_reg).
Verdi>fsdbDumpvars 0 "simulator.DC_IO_GEN\[21\].DAC.SDODIS"  +all +trace_process
*Verdi* : Dumping the signal (simulator.DC_IO_GEN[21].DAC.SDODIS).
Verdi>fsdbDumpvars 0 "simulator.DC_IO_GEN\[21\].DAC.DACTRI"  +all +trace_process
*Verdi* : Dumping the signal (simulator.DC_IO_GEN[21].DAC.DACTRI).
Verdi>fsdbDumpvars 0 "simulator.DC_IO_GEN\[21\].DAC.OPGND"  +all +trace_process
*Verdi* : Dumping the signal (simulator.DC_IO_GEN[21].DAC.OPGND).
Verdi>fsdbDumpvars 0 "simulator.DC_IO_GEN\[21\].DAC.VOUT"  +all +trace_process
*Verdi* : Dumping the signal (simulator.DC_IO_GEN[21].DAC.VOUT).
Verdi>fsdbDumpvars 0 "simulator.DC_IO_GEN\[21\].DAC.VDIGITAL"  +all +trace_process
*Verdi* : Dumping the signal (simulator.DC_IO_GEN[21].DAC.VDIGITAL).
Verdi>fsdbDumpvars 0 "simulator.DC_IO_GEN\[20\].REGS.AXIL_REGS.i_aclk"  +all +trace_process
Verdi>fsdbDumpvars 0 "simulator.DC_IO_GEN\[20\].REGS.AXIL_REGS.i_aresetn"  +all +trace_process
Verdi>fsdbDumpvars 0 "simulator.DC_IO_GEN\[20\].REGS.AXIL_REGS.r_regs\[0:31\]\[31:0\]"  +all +trace_process
Verdi>fsdbDumpvars 0 "simulator.DC_IO_GEN\[20\].REGS.AXIL_REGS.o_regs\[0:31\]\[31:0\]"  +all +trace_process
Verdi>fsdbDumpvars 0 "simulator.DC_IO_GEN\[20\].REGS.AXIL_REGS.o_awready"  +all +trace_process
Verdi>fsdbDumpvars 0 "simulator.DC_IO_GEN\[20\].REGS.AXIL_REGS.i_awvalid"  +all +trace_process
Verdi>fsdbDumpvars 0 "simulator.DC_IO_GEN\[20\].REGS.AXIL_REGS.i_awaddr\[6:0\]"  +all +trace_process
Verdi>fsdbDumpvars 0 "simulator.DC_IO_GEN\[20\].REGS.AXIL_REGS.w_awireg\[4:0\]"  +all +trace_process
Verdi>fsdbDumpvars 0 "simulator.DC_IO_GEN\[20\].REGS.AXIL_REGS.w_awls2b\[1:0\]"  +all +trace_process
Verdi>fsdbDumpvars 0 "simulator.DC_IO_GEN\[20\].REGS.AXIL_REGS.o_wready"  +all +trace_process
Verdi>fsdbDumpvars 0 "simulator.DC_IO_GEN\[20\].REGS.AXIL_REGS.i_wvalid"  +all +trace_process
Verdi>fsdbDumpvars 0 "simulator.DC_IO_GEN\[20\].REGS.AXIL_REGS.i_wdata\[31:0\]"  +all +trace_process
Verdi>fsdbDumpvars 0 "simulator.DC_IO_GEN\[20\].REGS.AXIL_REGS.i_wstrb\[3:0\]"  +all +trace_process
Verdi>fsdbDumpvars 0 "simulator.DC_IO_GEN\[20\].REGS.AXIL_REGS.w_wdatastrb\[31:0\]"  +all +trace_process
Verdi>fsdbDumpvars 0 "simulator.DC_IO_GEN\[20\].REGS.AXIL_REGS.i_bready"  +all +trace_process
Verdi>fsdbDumpvars 0 "simulator.DC_IO_GEN\[20\].REGS.AXIL_REGS.o_bvalid"  +all +trace_process
Verdi>fsdbDumpvars 0 "simulator.DC_IO_GEN\[20\].REGS.AXIL_REGS.o_bresp\[1:0\]"  +all +trace_process
Verdi>fsdbDumpvars 0 "simulator.DC_IO_GEN\[20\].REGS.AXIL_REGS.o_arready"  +all +trace_process
Verdi>fsdbDumpvars 0 "simulator.DC_IO_GEN\[20\].REGS.AXIL_REGS.i_arvalid"  +all +trace_process
Verdi>fsdbDumpvars 0 "simulator.DC_IO_GEN\[20\].REGS.AXIL_REGS.i_araddr\[6:0\]"  +all +trace_process
Verdi>fsdbDumpvars 0 "simulator.DC_IO_GEN\[20\].REGS.AXIL_REGS.w_arireg\[4:0\]"  +all +trace_process
Verdi>fsdbDumpvars 0 "simulator.DC_IO_GEN\[20\].REGS.AXIL_REGS.w_arls2b\[1:0\]"  +all +trace_process
Verdi>fsdbDumpvars 0 "simulator.DC_IO_GEN\[20\].REGS.AXIL_REGS.i_rready"  +all +trace_process
Verdi>fsdbDumpvars 0 "simulator.DC_IO_GEN\[20\].REGS.AXIL_REGS.o_rvalid"  +all +trace_process
Verdi>fsdbDumpvars 0 "simulator.DC_IO_GEN\[20\].REGS.AXIL_REGS.o_rdata\[31:0\]"  +all +trace_process
Verdi>fsdbDumpvars 0 "simulator.DC_IO_GEN\[20\].REGS.AXIL_REGS.o_rresp\[1:0\]"  +all +trace_process
Verdi>fsdbDumpvars 0 "simulator.DCRFLI.DC_GEN\[20\].DC.SEQ.i_clk"  +all +trace_process
Verdi>fsdbDumpvars 0 "simulator.DCRFLI.DC_GEN\[20\].DC.SEQ.i_rst"  +all +trace_process
Verdi>fsdbDumpvars 0 "simulator.DCRFLI.DC_GEN\[20\].DC.SEQ.w_propagate"  +all +trace_process
Verdi>fsdbDumpvars 0 "simulator.DCRFLI.DC_GEN\[20\].DC.SEQ.i_regs\[0:31\]\[31:0\]"  +all +trace_process
Verdi>fsdbDumpvars 0 "simulator.DCRFLI.DC_GEN\[20\].DC.SEQ.w_last0"  +all +trace_process
Verdi>fsdbDumpvars 0 "simulator.DCRFLI.DC_GEN\[20\].DC.SEQ.w_last0_ff1"  +all +trace_process
Verdi>fsdbDumpvars 0 "simulator.DCRFLI.DC_GEN\[20\].DC.SEQ.w_last0_ff2"  +all +trace_process
Verdi>fsdbDumpvars 0 "simulator.DCRFLI.DC_GEN\[20\].DC.SEQ.w_new_sequence"  +all +trace_process
Verdi>fsdbDumpvars 0 "simulator.DCRFLI.DC_GEN\[20\].DC.SEQ.r_sequence\[0:9\]\[91:0\]"  +all +trace_process
Verdi>fsdbDumpvars 0 "simulator.DCRFLI.DC_GEN\[20\].DC.SEQ.r_iters\[10:0\]"  +all +trace_process
Verdi>fsdbDumpvars 0 "simulator.DCRFLI.DC_GEN\[20\].DC.SEQ.r_iptr\[3:0\]"  +all +trace_process
Verdi>fsdbDumpvars 0 "simulator.DCRFLI.DC_GEN\[20\].DC.SEQ.w_insn_fetch\[91:0\]"  +all +trace_process
Verdi>fsdbDumpvars 0 "simulator.DCRFLI.DC_GEN\[20\].DC.SEQ.w_insn_bubble"  +all +trace_process
Verdi>fsdbDumpvars 0 "simulator.DCRFLI.DC_GEN\[20\].DC.SEQ.w_iptr_plus1\[3:0\]"  +all +trace_process
Verdi>fsdbDumpvars 0 "simulator.DCRFLI.DC_GEN\[20\].DC.SEQ.w_next_null"  +all +trace_process
Verdi>fsdbDumpvars 0 "simulator.DCRFLI.DC_GEN\[20\].DC.SEQ.o_empty"  +all +trace_process
Verdi>fsdbDumpvars 0 "simulator.DCRFLI.DC_GEN\[20\].DC.SEQ.i_next"  +all +trace_process
Verdi>fsdbDumpvars 0 "simulator.DCRFLI.DC_GEN\[20\].DC.SEQ.o_addr\[3:0\]"  +all +trace_process
Verdi>fsdbDumpvars 0 "simulator.DCRFLI.DC_GEN\[20\].DC.SEQ.o_insn\[91:0\]"  +all +trace_process
Verdi>fsdbDumpvars 0 "simulator.DCRFLI.DC_GEN\[20\].DC.SEQ.r_iptr_modify\[3:0\]"  +all +trace_process
Verdi>fsdbDumpvars 0 "simulator.DCRFLI.DC_GEN\[20\].DC.SEQ.i_insn_modified\[91:0\]"  +all +trace_process
Verdi>fsdbDumpvars 0 "simulator.DCRFLI.DC_GEN\[20\].DC.CORE.i_clk"  +all +trace_process
Verdi>fsdbDumpvars 0 "simulator.DCRFLI.DC_GEN\[20\].DC.CORE.i_rst"  +all +trace_process
Verdi>fsdbDumpvars 0 "simulator.DCRFLI.DC_GEN\[20\].DC.CORE.w_stall"  +all +trace_process
Verdi>fsdbDumpvars 0 "simulator.DCRFLI.DC_GEN\[20\].DC.CORE.d"  +all +trace_process
Verdi>fsdbDumpvars 0 "simulator.DCRFLI.DC_GEN\[20\].DC.CORE.i_empty"  +all +trace_process
Verdi>fsdbDumpvars 0 "simulator.DCRFLI.DC_GEN\[20\].DC.CORE.o_next"  +all +trace_process
Verdi>fsdbDumpvars 0 "simulator.DCRFLI.DC_GEN\[20\].DC.CORE.i_addr\[3:0\]"  +all +trace_process
Verdi>fsdbDumpvars 0 "simulator.DCRFLI.DC_GEN\[20\].DC.CORE.i_insn\[91:0\]"  +all +trace_process
Verdi>fsdbDumpvars 0 "simulator.DCRFLI.DC_GEN\[20\].DC.CORE.o_insn_modified"  +all +trace_process
Verdi>fsdbDumpvars 0 "simulator.DCRFLI.DC_GEN\[20\].DC.CORE.i"  +all +trace_process
Verdi>fsdbDumpvars 0 "simulator.DCRFLI.DC_GEN\[20\].DC.CORE.s"  +all +trace_process
Verdi>fsdbDumpvars 0 "simulator.DCRFLI.DC_GEN\[20\].DC.CORE.w_dvsr\[15:0\]"  +all +trace_process
Verdi>fsdbDumpvars 0 "simulator.DCRFLI.DC_GEN\[20\].DC.CORE.w_spi_dout\[23:0\]"  +all +trace_process
Verdi>fsdbDumpvars 0 "simulator.DCRFLI.DC_GEN\[20\].DC.CORE.w_spi_done"  +all +trace_process
Verdi>fsdbDumpvars 0 "simulator.DCRFLI.DC_GEN\[20\].DC.CORE.o_armed"  +all +trace_process
Verdi>fsdbDumpvars 0 "simulator.DCRFLI.DC_GEN\[20\].DC.CORE.i_start"  +all +trace_process
Verdi>fsdbDumpvars 0 "simulator.DCRFLI.DC_GEN\[20\].DC.CORE.o_sclk"  +all +trace_process
Verdi>fsdbDumpvars 0 "simulator.DCRFLI.DC_GEN\[20\].DC.CORE.o_mosi"  +all +trace_process
Verdi>fsdbDumpvars 0 "simulator.DCRFLI.DC_GEN\[20\].DC.CORE.i_miso"  +all +trace_process
Verdi>fsdbDumpvars 0 "simulator.DCRFLI.DC_GEN\[20\].DC.CORE.o_cs_n"  +all +trace_process
Verdi>fsdbDumpvars 0 "simulator.DCRFLI.DC_GEN\[20\].DC.CORE.o_ldac_n"  +all +trace_process
Verdi>fsdbDumpvars 0 "simulator.DCRFLI.DC_GEN\[20\].DC.CORE.h"  +all +trace_process
Verdi>fsdbDumpvars 0 "simulator.DCRFLI.DC_GEN\[20\].DC.CORE.o_next"  +all +trace_process
Verdi>fsdbDumpvars 0 "simulator.DCRFLI.DC_GEN\[20\].DC.CORE.o_addr\[3:0\]"  +all +trace_process
Verdi>fsdbDumpvars 0 "simulator.DCRFLI.DC_GEN\[20\].DC.CORE.o_iter\[9:0\]"  +all +trace_process
Verdi>fsdbDumpvars 0 "simulator.DCRFLI.DC_GEN\[20\].DC.CORE.o_spi_din\[23:0\]"  +all +trace_process
Verdi>fsdbDumpvars 0 "simulator.DCRFLI.DC_GEN\[20\].DC.CORE.o_spi_rd"  +all +trace_process
Verdi>fsdbDumpvars 0 "simulator.DCRFLI.DC_GEN\[20\].DC.CORE.o_spi_dout\[23:0\]"  +all +trace_process
Verdi>fsdbDumpvars 0 "simulator.DCRFLI.DC_GEN\[20\].DC.CORE.o_cycles_left\[29:0\]"  +all +trace_process
Verdi>fsdbDumpvars 0 "simulator.DC_IO_GEN\[20\].DAC.valid_transaction"  +all +trace_process
*Verdi* : Dumping the signal (simulator.DC_IO_GEN[20].DAC.valid_transaction).
Verdi>fsdbDumpvars 0 "simulator.DC_IO_GEN\[20\].DAC.input_shift_reg"  +all +trace_process
*Verdi* : Dumping the signal (simulator.DC_IO_GEN[20].DAC.input_shift_reg).
Verdi>fsdbDumpvars 0 "simulator.DC_IO_GEN\[20\].DAC.rw"  +all +trace_process
*Verdi* : Dumping the signal (simulator.DC_IO_GEN[20].DAC.rw).
Verdi>fsdbDumpvars 0 "simulator.DC_IO_GEN\[20\].DAC.addr"  +all +trace_process
*Verdi* : Dumping the signal (simulator.DC_IO_GEN[20].DAC.addr).
Verdi>fsdbDumpvars 0 "simulator.DC_IO_GEN\[20\].DAC.data"  +all +trace_process
*Verdi* : Dumping the signal (simulator.DC_IO_GEN[20].DAC.data).
Verdi>fsdbDumpvars 0 "simulator.DC_IO_GEN\[20\].DAC.rd_data"  +all +trace_process
*Verdi* : Dumping the signal (simulator.DC_IO_GEN[20].DAC.rd_data).
Verdi>fsdbDumpvars 0 "simulator.DC_IO_GEN\[20\].DAC.SCLK"  +all +trace_process
*Verdi* : Dumping the signal (simulator.DC_IO_GEN[20].DAC.SCLK).
Verdi>fsdbDumpvars 0 "simulator.DC_IO_GEN\[20\].DAC.SDIN"  +all +trace_process
*Verdi* : Dumping the signal (simulator.DC_IO_GEN[20].DAC.SDIN).
Verdi>fsdbDumpvars 0 "simulator.DC_IO_GEN\[20\].DAC.SYNC_N"  +all +trace_process
*Verdi* : Dumping the signal (simulator.DC_IO_GEN[20].DAC.SYNC_N).
Verdi>fsdbDumpvars 0 "simulator.DC_IO_GEN\[20\].DAC.SDO"  +all +trace_process
*Verdi* : Dumping the signal (simulator.DC_IO_GEN[20].DAC.SDO).
Verdi>fsdbDumpvars 0 "simulator.DC_IO_GEN\[20\].DAC.LDAC_N"  +all +trace_process
*Verdi* : Dumping the signal (simulator.DC_IO_GEN[20].DAC.LDAC_N).
Verdi>fsdbDumpvars 0 "simulator.DC_IO_GEN\[20\].DAC.CLR_N"  +all +trace_process
*Verdi* : Dumping the signal (simulator.DC_IO_GEN[20].DAC.CLR_N).
Verdi>fsdbDumpvars 0 "simulator.DC_IO_GEN\[20\].DAC.RESET_N"  +all +trace_process
*Verdi* : Dumping the signal (simulator.DC_IO_GEN[20].DAC.RESET_N).
Verdi>fsdbDumpvars 0 "simulator.DC_IO_GEN\[20\].DAC.dac_reg"  +all +trace_process
*Verdi* : Dumping the signal (simulator.DC_IO_GEN[20].DAC.dac_reg).
Verdi>fsdbDumpvars 0 "simulator.DC_IO_GEN\[20\].DAC.ctrl_reg"  +all +trace_process
*Verdi* : Dumping the signal (simulator.DC_IO_GEN[20].DAC.ctrl_reg).
Verdi>fsdbDumpvars 0 "simulator.DC_IO_GEN\[20\].DAC.clrcode_reg"  +all +trace_process
*Verdi* : Dumping the signal (simulator.DC_IO_GEN[20].DAC.clrcode_reg).
Verdi>fsdbDumpvars 0 "simulator.DC_IO_GEN\[20\].DAC.sw_ctrl_reg"  +all +trace_process
*Verdi* : Dumping the signal (simulator.DC_IO_GEN[20].DAC.sw_ctrl_reg).
Verdi>fsdbDumpvars 0 "simulator.DC_IO_GEN\[20\].DAC.dac_input_reg"  +all +trace_process
*Verdi* : Dumping the signal (simulator.DC_IO_GEN[20].DAC.dac_input_reg).
Verdi>fsdbDumpvars 0 "simulator.DC_IO_GEN\[20\].DAC.SDODIS"  +all +trace_process
*Verdi* : Dumping the signal (simulator.DC_IO_GEN[20].DAC.SDODIS).
Verdi>fsdbDumpvars 0 "simulator.DC_IO_GEN\[20\].DAC.DACTRI"  +all +trace_process
*Verdi* : Dumping the signal (simulator.DC_IO_GEN[20].DAC.DACTRI).
Verdi>fsdbDumpvars 0 "simulator.DC_IO_GEN\[20\].DAC.OPGND"  +all +trace_process
*Verdi* : Dumping the signal (simulator.DC_IO_GEN[20].DAC.OPGND).
Verdi>fsdbDumpvars 0 "simulator.DC_IO_GEN\[20\].DAC.VOUT"  +all +trace_process
*Verdi* : Dumping the signal (simulator.DC_IO_GEN[20].DAC.VOUT).
Verdi>fsdbDumpvars 0 "simulator.DC_IO_GEN\[20\].DAC.VDIGITAL"  +all +trace_process
*Verdi* : Dumping the signal (simulator.DC_IO_GEN[20].DAC.VDIGITAL).
Verdi>fsdbDumpvars 0 "simulator.DC_IO_GEN\[19\].REGS.AXIL_REGS.i_aclk"  +all +trace_process
Verdi>fsdbDumpvars 0 "simulator.DC_IO_GEN\[19\].REGS.AXIL_REGS.i_aresetn"  +all +trace_process
Verdi>fsdbDumpvars 0 "simulator.DC_IO_GEN\[19\].REGS.AXIL_REGS.r_regs\[0:31\]\[31:0\]"  +all +trace_process
Verdi>fsdbDumpvars 0 "simulator.DC_IO_GEN\[19\].REGS.AXIL_REGS.o_regs\[0:31\]\[31:0\]"  +all +trace_process
Verdi>fsdbDumpvars 0 "simulator.DC_IO_GEN\[19\].REGS.AXIL_REGS.o_awready"  +all +trace_process
Verdi>fsdbDumpvars 0 "simulator.DC_IO_GEN\[19\].REGS.AXIL_REGS.i_awvalid"  +all +trace_process
Verdi>fsdbDumpvars 0 "simulator.DC_IO_GEN\[19\].REGS.AXIL_REGS.i_awaddr\[6:0\]"  +all +trace_process
Verdi>fsdbDumpvars 0 "simulator.DC_IO_GEN\[19\].REGS.AXIL_REGS.w_awireg\[4:0\]"  +all +trace_process
Verdi>fsdbDumpvars 0 "simulator.DC_IO_GEN\[19\].REGS.AXIL_REGS.w_awls2b\[1:0\]"  +all +trace_process
Verdi>fsdbDumpvars 0 "simulator.DC_IO_GEN\[19\].REGS.AXIL_REGS.o_wready"  +all +trace_process
Verdi>fsdbDumpvars 0 "simulator.DC_IO_GEN\[19\].REGS.AXIL_REGS.i_wvalid"  +all +trace_process
Verdi>fsdbDumpvars 0 "simulator.DC_IO_GEN\[19\].REGS.AXIL_REGS.i_wdata\[31:0\]"  +all +trace_process
Verdi>fsdbDumpvars 0 "simulator.DC_IO_GEN\[19\].REGS.AXIL_REGS.i_wstrb\[3:0\]"  +all +trace_process
Verdi>fsdbDumpvars 0 "simulator.DC_IO_GEN\[19\].REGS.AXIL_REGS.w_wdatastrb\[31:0\]"  +all +trace_process
Verdi>fsdbDumpvars 0 "simulator.DC_IO_GEN\[19\].REGS.AXIL_REGS.i_bready"  +all +trace_process
Verdi>fsdbDumpvars 0 "simulator.DC_IO_GEN\[19\].REGS.AXIL_REGS.o_bvalid"  +all +trace_process
Verdi>fsdbDumpvars 0 "simulator.DC_IO_GEN\[19\].REGS.AXIL_REGS.o_bresp\[1:0\]"  +all +trace_process
Verdi>fsdbDumpvars 0 "simulator.DC_IO_GEN\[19\].REGS.AXIL_REGS.o_arready"  +all +trace_process
Verdi>fsdbDumpvars 0 "simulator.DC_IO_GEN\[19\].REGS.AXIL_REGS.i_arvalid"  +all +trace_process
Verdi>fsdbDumpvars 0 "simulator.DC_IO_GEN\[19\].REGS.AXIL_REGS.i_araddr\[6:0\]"  +all +trace_process
Verdi>fsdbDumpvars 0 "simulator.DC_IO_GEN\[19\].REGS.AXIL_REGS.w_arireg\[4:0\]"  +all +trace_process
Verdi>fsdbDumpvars 0 "simulator.DC_IO_GEN\[19\].REGS.AXIL_REGS.w_arls2b\[1:0\]"  +all +trace_process
Verdi>fsdbDumpvars 0 "simulator.DC_IO_GEN\[19\].REGS.AXIL_REGS.i_rready"  +all +trace_process
Verdi>fsdbDumpvars 0 "simulator.DC_IO_GEN\[19\].REGS.AXIL_REGS.o_rvalid"  +all +trace_process
Verdi>fsdbDumpvars 0 "simulator.DC_IO_GEN\[19\].REGS.AXIL_REGS.o_rdata\[31:0\]"  +all +trace_process
Verdi>fsdbDumpvars 0 "simulator.DC_IO_GEN\[19\].REGS.AXIL_REGS.o_rresp\[1:0\]"  +all +trace_process
Verdi>fsdbDumpvars 0 "simulator.DCRFLI.DC_GEN\[19\].DC.SEQ.i_clk"  +all +trace_process
Verdi>fsdbDumpvars 0 "simulator.DCRFLI.DC_GEN\[19\].DC.SEQ.i_rst"  +all +trace_process
Verdi>fsdbDumpvars 0 "simulator.DCRFLI.DC_GEN\[19\].DC.SEQ.w_propagate"  +all +trace_process
Verdi>fsdbDumpvars 0 "simulator.DCRFLI.DC_GEN\[19\].DC.SEQ.i_regs\[0:31\]\[31:0\]"  +all +trace_process
Verdi>fsdbDumpvars 0 "simulator.DCRFLI.DC_GEN\[19\].DC.SEQ.w_last0"  +all +trace_process
Verdi>fsdbDumpvars 0 "simulator.DCRFLI.DC_GEN\[19\].DC.SEQ.w_last0_ff1"  +all +trace_process
Verdi>fsdbDumpvars 0 "simulator.DCRFLI.DC_GEN\[19\].DC.SEQ.w_last0_ff2"  +all +trace_process
Verdi>fsdbDumpvars 0 "simulator.DCRFLI.DC_GEN\[19\].DC.SEQ.w_new_sequence"  +all +trace_process
Verdi>fsdbDumpvars 0 "simulator.DCRFLI.DC_GEN\[19\].DC.SEQ.r_sequence\[0:9\]\[91:0\]"  +all +trace_process
Verdi>fsdbDumpvars 0 "simulator.DCRFLI.DC_GEN\[19\].DC.SEQ.r_iters\[10:0\]"  +all +trace_process
Verdi>fsdbDumpvars 0 "simulator.DCRFLI.DC_GEN\[19\].DC.SEQ.r_iptr\[3:0\]"  +all +trace_process
Verdi>fsdbDumpvars 0 "simulator.DCRFLI.DC_GEN\[19\].DC.SEQ.w_insn_fetch\[91:0\]"  +all +trace_process
Verdi>fsdbDumpvars 0 "simulator.DCRFLI.DC_GEN\[19\].DC.SEQ.w_insn_bubble"  +all +trace_process
Verdi>fsdbDumpvars 0 "simulator.DCRFLI.DC_GEN\[19\].DC.SEQ.w_iptr_plus1\[3:0\]"  +all +trace_process
Verdi>fsdbDumpvars 0 "simulator.DCRFLI.DC_GEN\[19\].DC.SEQ.w_next_null"  +all +trace_process
Verdi>fsdbDumpvars 0 "simulator.DCRFLI.DC_GEN\[19\].DC.SEQ.o_empty"  +all +trace_process
Verdi>fsdbDumpvars 0 "simulator.DCRFLI.DC_GEN\[19\].DC.SEQ.i_next"  +all +trace_process
Verdi>fsdbDumpvars 0 "simulator.DCRFLI.DC_GEN\[19\].DC.SEQ.o_addr\[3:0\]"  +all +trace_process
Verdi>fsdbDumpvars 0 "simulator.DCRFLI.DC_GEN\[19\].DC.SEQ.o_insn\[91:0\]"  +all +trace_process
Verdi>fsdbDumpvars 0 "simulator.DCRFLI.DC_GEN\[19\].DC.SEQ.r_iptr_modify\[3:0\]"  +all +trace_process
Verdi>fsdbDumpvars 0 "simulator.DCRFLI.DC_GEN\[19\].DC.SEQ.i_insn_modified\[91:0\]"  +all +trace_process
Verdi>fsdbDumpvars 0 "simulator.DCRFLI.DC_GEN\[19\].DC.CORE.i_clk"  +all +trace_process
Verdi>fsdbDumpvars 0 "simulator.DCRFLI.DC_GEN\[19\].DC.CORE.i_rst"  +all +trace_process
Verdi>fsdbDumpvars 0 "simulator.DCRFLI.DC_GEN\[19\].DC.CORE.w_stall"  +all +trace_process
Verdi>fsdbDumpvars 0 "simulator.DCRFLI.DC_GEN\[19\].DC.CORE.d"  +all +trace_process
Verdi>fsdbDumpvars 0 "simulator.DCRFLI.DC_GEN\[19\].DC.CORE.i_empty"  +all +trace_process
Verdi>fsdbDumpvars 0 "simulator.DCRFLI.DC_GEN\[19\].DC.CORE.o_next"  +all +trace_process
Verdi>fsdbDumpvars 0 "simulator.DCRFLI.DC_GEN\[19\].DC.CORE.i_addr\[3:0\]"  +all +trace_process
Verdi>fsdbDumpvars 0 "simulator.DCRFLI.DC_GEN\[19\].DC.CORE.i_insn\[91:0\]"  +all +trace_process
Verdi>fsdbDumpvars 0 "simulator.DCRFLI.DC_GEN\[19\].DC.CORE.o_insn_modified"  +all +trace_process
Verdi>fsdbDumpvars 0 "simulator.DCRFLI.DC_GEN\[19\].DC.CORE.i"  +all +trace_process
Verdi>fsdbDumpvars 0 "simulator.DCRFLI.DC_GEN\[19\].DC.CORE.s"  +all +trace_process
Verdi>fsdbDumpvars 0 "simulator.DCRFLI.DC_GEN\[19\].DC.CORE.w_dvsr\[15:0\]"  +all +trace_process
Verdi>fsdbDumpvars 0 "simulator.DCRFLI.DC_GEN\[19\].DC.CORE.w_spi_dout\[23:0\]"  +all +trace_process
Verdi>fsdbDumpvars 0 "simulator.DCRFLI.DC_GEN\[19\].DC.CORE.w_spi_done"  +all +trace_process
Verdi>fsdbDumpvars 0 "simulator.DCRFLI.DC_GEN\[19\].DC.CORE.o_armed"  +all +trace_process
Verdi>fsdbDumpvars 0 "simulator.DCRFLI.DC_GEN\[19\].DC.CORE.i_start"  +all +trace_process
Verdi>fsdbDumpvars 0 "simulator.DCRFLI.DC_GEN\[19\].DC.CORE.o_sclk"  +all +trace_process
Verdi>fsdbDumpvars 0 "simulator.DCRFLI.DC_GEN\[19\].DC.CORE.o_mosi"  +all +trace_process
Verdi>fsdbDumpvars 0 "simulator.DCRFLI.DC_GEN\[19\].DC.CORE.i_miso"  +all +trace_process
Verdi>fsdbDumpvars 0 "simulator.DCRFLI.DC_GEN\[19\].DC.CORE.o_cs_n"  +all +trace_process
Verdi>fsdbDumpvars 0 "simulator.DCRFLI.DC_GEN\[19\].DC.CORE.o_ldac_n"  +all +trace_process
Verdi>fsdbDumpvars 0 "simulator.DCRFLI.DC_GEN\[19\].DC.CORE.h"  +all +trace_process
Verdi>fsdbDumpvars 0 "simulator.DCRFLI.DC_GEN\[19\].DC.CORE.o_next"  +all +trace_process
Verdi>fsdbDumpvars 0 "simulator.DCRFLI.DC_GEN\[19\].DC.CORE.o_addr\[3:0\]"  +all +trace_process
Verdi>fsdbDumpvars 0 "simulator.DCRFLI.DC_GEN\[19\].DC.CORE.o_iter\[9:0\]"  +all +trace_process
Verdi>fsdbDumpvars 0 "simulator.DCRFLI.DC_GEN\[19\].DC.CORE.o_spi_din\[23:0\]"  +all +trace_process
Verdi>fsdbDumpvars 0 "simulator.DCRFLI.DC_GEN\[19\].DC.CORE.o_spi_rd"  +all +trace_process
Verdi>fsdbDumpvars 0 "simulator.DCRFLI.DC_GEN\[19\].DC.CORE.o_spi_dout\[23:0\]"  +all +trace_process
Verdi>fsdbDumpvars 0 "simulator.DCRFLI.DC_GEN\[19\].DC.CORE.o_cycles_left\[29:0\]"  +all +trace_process
Verdi>fsdbDumpvars 0 "simulator.DC_IO_GEN\[19\].DAC.valid_transaction"  +all +trace_process
*Verdi* : Dumping the signal (simulator.DC_IO_GEN[19].DAC.valid_transaction).
Verdi>fsdbDumpvars 0 "simulator.DC_IO_GEN\[19\].DAC.input_shift_reg"  +all +trace_process
*Verdi* : Dumping the signal (simulator.DC_IO_GEN[19].DAC.input_shift_reg).
Verdi>fsdbDumpvars 0 "simulator.DC_IO_GEN\[19\].DAC.rw"  +all +trace_process
*Verdi* : Dumping the signal (simulator.DC_IO_GEN[19].DAC.rw).
Verdi>fsdbDumpvars 0 "simulator.DC_IO_GEN\[19\].DAC.addr"  +all +trace_process
*Verdi* : Dumping the signal (simulator.DC_IO_GEN[19].DAC.addr).
Verdi>fsdbDumpvars 0 "simulator.DC_IO_GEN\[19\].DAC.data"  +all +trace_process
*Verdi* : Dumping the signal (simulator.DC_IO_GEN[19].DAC.data).
Verdi>fsdbDumpvars 0 "simulator.DC_IO_GEN\[19\].DAC.rd_data"  +all +trace_process
*Verdi* : Dumping the signal (simulator.DC_IO_GEN[19].DAC.rd_data).
Verdi>fsdbDumpvars 0 "simulator.DC_IO_GEN\[19\].DAC.SCLK"  +all +trace_process
*Verdi* : Dumping the signal (simulator.DC_IO_GEN[19].DAC.SCLK).
Verdi>fsdbDumpvars 0 "simulator.DC_IO_GEN\[19\].DAC.SDIN"  +all +trace_process
*Verdi* : Dumping the signal (simulator.DC_IO_GEN[19].DAC.SDIN).
Verdi>fsdbDumpvars 0 "simulator.DC_IO_GEN\[19\].DAC.SYNC_N"  +all +trace_process
*Verdi* : Dumping the signal (simulator.DC_IO_GEN[19].DAC.SYNC_N).
Verdi>fsdbDumpvars 0 "simulator.DC_IO_GEN\[19\].DAC.SDO"  +all +trace_process
*Verdi* : Dumping the signal (simulator.DC_IO_GEN[19].DAC.SDO).
Verdi>fsdbDumpvars 0 "simulator.DC_IO_GEN\[19\].DAC.LDAC_N"  +all +trace_process
*Verdi* : Dumping the signal (simulator.DC_IO_GEN[19].DAC.LDAC_N).
Verdi>fsdbDumpvars 0 "simulator.DC_IO_GEN\[19\].DAC.CLR_N"  +all +trace_process
*Verdi* : Dumping the signal (simulator.DC_IO_GEN[19].DAC.CLR_N).
Verdi>fsdbDumpvars 0 "simulator.DC_IO_GEN\[19\].DAC.RESET_N"  +all +trace_process
*Verdi* : Dumping the signal (simulator.DC_IO_GEN[19].DAC.RESET_N).
Verdi>fsdbDumpvars 0 "simulator.DC_IO_GEN\[19\].DAC.dac_reg"  +all +trace_process
*Verdi* : Dumping the signal (simulator.DC_IO_GEN[19].DAC.dac_reg).
Verdi>fsdbDumpvars 0 "simulator.DC_IO_GEN\[19\].DAC.ctrl_reg"  +all +trace_process
*Verdi* : Dumping the signal (simulator.DC_IO_GEN[19].DAC.ctrl_reg).
Verdi>fsdbDumpvars 0 "simulator.DC_IO_GEN\[19\].DAC.clrcode_reg"  +all +trace_process
*Verdi* : Dumping the signal (simulator.DC_IO_GEN[19].DAC.clrcode_reg).
Verdi>fsdbDumpvars 0 "simulator.DC_IO_GEN\[19\].DAC.sw_ctrl_reg"  +all +trace_process
*Verdi* : Dumping the signal (simulator.DC_IO_GEN[19].DAC.sw_ctrl_reg).
Verdi>fsdbDumpvars 0 "simulator.DC_IO_GEN\[19\].DAC.dac_input_reg"  +all +trace_process
*Verdi* : Dumping the signal (simulator.DC_IO_GEN[19].DAC.dac_input_reg).
Verdi>fsdbDumpvars 0 "simulator.DC_IO_GEN\[19\].DAC.SDODIS"  +all +trace_process
*Verdi* : Dumping the signal (simulator.DC_IO_GEN[19].DAC.SDODIS).
Verdi>fsdbDumpvars 0 "simulator.DC_IO_GEN\[19\].DAC.DACTRI"  +all +trace_process
*Verdi* : Dumping the signal (simulator.DC_IO_GEN[19].DAC.DACTRI).
Verdi>fsdbDumpvars 0 "simulator.DC_IO_GEN\[19\].DAC.OPGND"  +all +trace_process
*Verdi* : Dumping the signal (simulator.DC_IO_GEN[19].DAC.OPGND).
Verdi>fsdbDumpvars 0 "simulator.DC_IO_GEN\[19\].DAC.VOUT"  +all +trace_process
*Verdi* : Dumping the signal (simulator.DC_IO_GEN[19].DAC.VOUT).
Verdi>fsdbDumpvars 0 "simulator.DC_IO_GEN\[19\].DAC.VDIGITAL"  +all +trace_process
*Verdi* : Dumping the signal (simulator.DC_IO_GEN[19].DAC.VDIGITAL).
Verdi>fsdbDumpvars 0 "simulator.DC_IO_GEN\[18\].REGS.AXIL_REGS.i_aclk"  +all +trace_process
Verdi>fsdbDumpvars 0 "simulator.DC_IO_GEN\[18\].REGS.AXIL_REGS.i_aresetn"  +all +trace_process
Verdi>fsdbDumpvars 0 "simulator.DC_IO_GEN\[18\].REGS.AXIL_REGS.r_regs\[0:31\]\[31:0\]"  +all +trace_process
Verdi>fsdbDumpvars 0 "simulator.DC_IO_GEN\[18\].REGS.AXIL_REGS.o_regs\[0:31\]\[31:0\]"  +all +trace_process
Verdi>fsdbDumpvars 0 "simulator.DC_IO_GEN\[18\].REGS.AXIL_REGS.o_awready"  +all +trace_process
Verdi>fsdbDumpvars 0 "simulator.DC_IO_GEN\[18\].REGS.AXIL_REGS.i_awvalid"  +all +trace_process
Verdi>fsdbDumpvars 0 "simulator.DC_IO_GEN\[18\].REGS.AXIL_REGS.i_awaddr\[6:0\]"  +all +trace_process
Verdi>fsdbDumpvars 0 "simulator.DC_IO_GEN\[18\].REGS.AXIL_REGS.w_awireg\[4:0\]"  +all +trace_process
Verdi>fsdbDumpvars 0 "simulator.DC_IO_GEN\[18\].REGS.AXIL_REGS.w_awls2b\[1:0\]"  +all +trace_process
Verdi>fsdbDumpvars 0 "simulator.DC_IO_GEN\[18\].REGS.AXIL_REGS.o_wready"  +all +trace_process
Verdi>fsdbDumpvars 0 "simulator.DC_IO_GEN\[18\].REGS.AXIL_REGS.i_wvalid"  +all +trace_process
Verdi>fsdbDumpvars 0 "simulator.DC_IO_GEN\[18\].REGS.AXIL_REGS.i_wdata\[31:0\]"  +all +trace_process
Verdi>fsdbDumpvars 0 "simulator.DC_IO_GEN\[18\].REGS.AXIL_REGS.i_wstrb\[3:0\]"  +all +trace_process
Verdi>fsdbDumpvars 0 "simulator.DC_IO_GEN\[18\].REGS.AXIL_REGS.w_wdatastrb\[31:0\]"  +all +trace_process
Verdi>fsdbDumpvars 0 "simulator.DC_IO_GEN\[18\].REGS.AXIL_REGS.i_bready"  +all +trace_process
Verdi>fsdbDumpvars 0 "simulator.DC_IO_GEN\[18\].REGS.AXIL_REGS.o_bvalid"  +all +trace_process
Verdi>fsdbDumpvars 0 "simulator.DC_IO_GEN\[18\].REGS.AXIL_REGS.o_bresp\[1:0\]"  +all +trace_process
Verdi>fsdbDumpvars 0 "simulator.DC_IO_GEN\[18\].REGS.AXIL_REGS.o_arready"  +all +trace_process
Verdi>fsdbDumpvars 0 "simulator.DC_IO_GEN\[18\].REGS.AXIL_REGS.i_arvalid"  +all +trace_process
Verdi>fsdbDumpvars 0 "simulator.DC_IO_GEN\[18\].REGS.AXIL_REGS.i_araddr\[6:0\]"  +all +trace_process
Verdi>fsdbDumpvars 0 "simulator.DC_IO_GEN\[18\].REGS.AXIL_REGS.w_arireg\[4:0\]"  +all +trace_process
Verdi>fsdbDumpvars 0 "simulator.DC_IO_GEN\[18\].REGS.AXIL_REGS.w_arls2b\[1:0\]"  +all +trace_process
Verdi>fsdbDumpvars 0 "simulator.DC_IO_GEN\[18\].REGS.AXIL_REGS.i_rready"  +all +trace_process
Verdi>fsdbDumpvars 0 "simulator.DC_IO_GEN\[18\].REGS.AXIL_REGS.o_rvalid"  +all +trace_process
Verdi>fsdbDumpvars 0 "simulator.DC_IO_GEN\[18\].REGS.AXIL_REGS.o_rdata\[31:0\]"  +all +trace_process
Verdi>fsdbDumpvars 0 "simulator.DC_IO_GEN\[18\].REGS.AXIL_REGS.o_rresp\[1:0\]"  +all +trace_process
Verdi>fsdbDumpvars 0 "simulator.DCRFLI.DC_GEN\[18\].DC.SEQ.i_clk"  +all +trace_process
Verdi>fsdbDumpvars 0 "simulator.DCRFLI.DC_GEN\[18\].DC.SEQ.i_rst"  +all +trace_process
Verdi>fsdbDumpvars 0 "simulator.DCRFLI.DC_GEN\[18\].DC.SEQ.w_propagate"  +all +trace_process
Verdi>fsdbDumpvars 0 "simulator.DCRFLI.DC_GEN\[18\].DC.SEQ.i_regs\[0:31\]\[31:0\]"  +all +trace_process
Verdi>fsdbDumpvars 0 "simulator.DCRFLI.DC_GEN\[18\].DC.SEQ.w_last0"  +all +trace_process
Verdi>fsdbDumpvars 0 "simulator.DCRFLI.DC_GEN\[18\].DC.SEQ.w_last0_ff1"  +all +trace_process
Verdi>fsdbDumpvars 0 "simulator.DCRFLI.DC_GEN\[18\].DC.SEQ.w_last0_ff2"  +all +trace_process
Verdi>fsdbDumpvars 0 "simulator.DCRFLI.DC_GEN\[18\].DC.SEQ.w_new_sequence"  +all +trace_process
Verdi>fsdbDumpvars 0 "simulator.DCRFLI.DC_GEN\[18\].DC.SEQ.r_sequence\[0:9\]\[91:0\]"  +all +trace_process
Verdi>fsdbDumpvars 0 "simulator.DCRFLI.DC_GEN\[18\].DC.SEQ.r_iters\[10:0\]"  +all +trace_process
Verdi>fsdbDumpvars 0 "simulator.DCRFLI.DC_GEN\[18\].DC.SEQ.r_iptr\[3:0\]"  +all +trace_process
Verdi>fsdbDumpvars 0 "simulator.DCRFLI.DC_GEN\[18\].DC.SEQ.w_insn_fetch\[91:0\]"  +all +trace_process
Verdi>fsdbDumpvars 0 "simulator.DCRFLI.DC_GEN\[18\].DC.SEQ.w_insn_bubble"  +all +trace_process
Verdi>fsdbDumpvars 0 "simulator.DCRFLI.DC_GEN\[18\].DC.SEQ.w_iptr_plus1\[3:0\]"  +all +trace_process
Verdi>fsdbDumpvars 0 "simulator.DCRFLI.DC_GEN\[18\].DC.SEQ.w_next_null"  +all +trace_process
Verdi>fsdbDumpvars 0 "simulator.DCRFLI.DC_GEN\[18\].DC.SEQ.o_empty"  +all +trace_process
Verdi>fsdbDumpvars 0 "simulator.DCRFLI.DC_GEN\[18\].DC.SEQ.i_next"  +all +trace_process
Verdi>fsdbDumpvars 0 "simulator.DCRFLI.DC_GEN\[18\].DC.SEQ.o_addr\[3:0\]"  +all +trace_process
Verdi>fsdbDumpvars 0 "simulator.DCRFLI.DC_GEN\[18\].DC.SEQ.o_insn\[91:0\]"  +all +trace_process
Verdi>fsdbDumpvars 0 "simulator.DCRFLI.DC_GEN\[18\].DC.SEQ.r_iptr_modify\[3:0\]"  +all +trace_process
Verdi>fsdbDumpvars 0 "simulator.DCRFLI.DC_GEN\[18\].DC.SEQ.i_insn_modified\[91:0\]"  +all +trace_process
Verdi>fsdbDumpvars 0 "simulator.DCRFLI.DC_GEN\[18\].DC.CORE.i_clk"  +all +trace_process
Verdi>fsdbDumpvars 0 "simulator.DCRFLI.DC_GEN\[18\].DC.CORE.i_rst"  +all +trace_process
Verdi>fsdbDumpvars 0 "simulator.DCRFLI.DC_GEN\[18\].DC.CORE.w_stall"  +all +trace_process
Verdi>fsdbDumpvars 0 "simulator.DCRFLI.DC_GEN\[18\].DC.CORE.d"  +all +trace_process
Verdi>fsdbDumpvars 0 "simulator.DCRFLI.DC_GEN\[18\].DC.CORE.i_empty"  +all +trace_process
Verdi>fsdbDumpvars 0 "simulator.DCRFLI.DC_GEN\[18\].DC.CORE.o_next"  +all +trace_process
Verdi>fsdbDumpvars 0 "simulator.DCRFLI.DC_GEN\[18\].DC.CORE.i_addr\[3:0\]"  +all +trace_process
Verdi>fsdbDumpvars 0 "simulator.DCRFLI.DC_GEN\[18\].DC.CORE.i_insn\[91:0\]"  +all +trace_process
Verdi>fsdbDumpvars 0 "simulator.DCRFLI.DC_GEN\[18\].DC.CORE.o_insn_modified"  +all +trace_process
Verdi>fsdbDumpvars 0 "simulator.DCRFLI.DC_GEN\[18\].DC.CORE.i"  +all +trace_process
Verdi>fsdbDumpvars 0 "simulator.DCRFLI.DC_GEN\[18\].DC.CORE.s"  +all +trace_process
Verdi>fsdbDumpvars 0 "simulator.DCRFLI.DC_GEN\[18\].DC.CORE.w_dvsr\[15:0\]"  +all +trace_process
Verdi>fsdbDumpvars 0 "simulator.DCRFLI.DC_GEN\[18\].DC.CORE.w_spi_dout\[23:0\]"  +all +trace_process
Verdi>fsdbDumpvars 0 "simulator.DCRFLI.DC_GEN\[18\].DC.CORE.w_spi_done"  +all +trace_process
Verdi>fsdbDumpvars 0 "simulator.DCRFLI.DC_GEN\[18\].DC.CORE.o_armed"  +all +trace_process
Verdi>fsdbDumpvars 0 "simulator.DCRFLI.DC_GEN\[18\].DC.CORE.i_start"  +all +trace_process
Verdi>fsdbDumpvars 0 "simulator.DCRFLI.DC_GEN\[18\].DC.CORE.o_sclk"  +all +trace_process
Verdi>fsdbDumpvars 0 "simulator.DCRFLI.DC_GEN\[18\].DC.CORE.o_mosi"  +all +trace_process
Verdi>fsdbDumpvars 0 "simulator.DCRFLI.DC_GEN\[18\].DC.CORE.i_miso"  +all +trace_process
Verdi>fsdbDumpvars 0 "simulator.DCRFLI.DC_GEN\[18\].DC.CORE.o_cs_n"  +all +trace_process
Verdi>fsdbDumpvars 0 "simulator.DCRFLI.DC_GEN\[18\].DC.CORE.o_ldac_n"  +all +trace_process
Verdi>fsdbDumpvars 0 "simulator.DCRFLI.DC_GEN\[18\].DC.CORE.h"  +all +trace_process
Verdi>fsdbDumpvars 0 "simulator.DCRFLI.DC_GEN\[18\].DC.CORE.o_next"  +all +trace_process
Verdi>fsdbDumpvars 0 "simulator.DCRFLI.DC_GEN\[18\].DC.CORE.o_addr\[3:0\]"  +all +trace_process
Verdi>fsdbDumpvars 0 "simulator.DCRFLI.DC_GEN\[18\].DC.CORE.o_iter\[9:0\]"  +all +trace_process
Verdi>fsdbDumpvars 0 "simulator.DCRFLI.DC_GEN\[18\].DC.CORE.o_spi_din\[23:0\]"  +all +trace_process
Verdi>fsdbDumpvars 0 "simulator.DCRFLI.DC_GEN\[18\].DC.CORE.o_spi_rd"  +all +trace_process
Verdi>fsdbDumpvars 0 "simulator.DCRFLI.DC_GEN\[18\].DC.CORE.o_spi_dout\[23:0\]"  +all +trace_process
Verdi>fsdbDumpvars 0 "simulator.DCRFLI.DC_GEN\[18\].DC.CORE.o_cycles_left\[29:0\]"  +all +trace_process
Verdi>fsdbDumpvars 0 "simulator.DC_IO_GEN\[18\].DAC.valid_transaction"  +all +trace_process
*Verdi* : Dumping the signal (simulator.DC_IO_GEN[18].DAC.valid_transaction).
Verdi>fsdbDumpvars 0 "simulator.DC_IO_GEN\[18\].DAC.input_shift_reg"  +all +trace_process
*Verdi* : Dumping the signal (simulator.DC_IO_GEN[18].DAC.input_shift_reg).
Verdi>fsdbDumpvars 0 "simulator.DC_IO_GEN\[18\].DAC.rw"  +all +trace_process
*Verdi* : Dumping the signal (simulator.DC_IO_GEN[18].DAC.rw).
Verdi>fsdbDumpvars 0 "simulator.DC_IO_GEN\[18\].DAC.addr"  +all +trace_process
*Verdi* : Dumping the signal (simulator.DC_IO_GEN[18].DAC.addr).
Verdi>fsdbDumpvars 0 "simulator.DC_IO_GEN\[18\].DAC.data"  +all +trace_process
*Verdi* : Dumping the signal (simulator.DC_IO_GEN[18].DAC.data).
Verdi>fsdbDumpvars 0 "simulator.DC_IO_GEN\[18\].DAC.rd_data"  +all +trace_process
*Verdi* : Dumping the signal (simulator.DC_IO_GEN[18].DAC.rd_data).
Verdi>fsdbDumpvars 0 "simulator.DC_IO_GEN\[18\].DAC.SCLK"  +all +trace_process
*Verdi* : Dumping the signal (simulator.DC_IO_GEN[18].DAC.SCLK).
Verdi>fsdbDumpvars 0 "simulator.DC_IO_GEN\[18\].DAC.SDIN"  +all +trace_process
*Verdi* : Dumping the signal (simulator.DC_IO_GEN[18].DAC.SDIN).
Verdi>fsdbDumpvars 0 "simulator.DC_IO_GEN\[18\].DAC.SYNC_N"  +all +trace_process
*Verdi* : Dumping the signal (simulator.DC_IO_GEN[18].DAC.SYNC_N).
Verdi>fsdbDumpvars 0 "simulator.DC_IO_GEN\[18\].DAC.SDO"  +all +trace_process
*Verdi* : Dumping the signal (simulator.DC_IO_GEN[18].DAC.SDO).
Verdi>fsdbDumpvars 0 "simulator.DC_IO_GEN\[18\].DAC.LDAC_N"  +all +trace_process
*Verdi* : Dumping the signal (simulator.DC_IO_GEN[18].DAC.LDAC_N).
Verdi>fsdbDumpvars 0 "simulator.DC_IO_GEN\[18\].DAC.CLR_N"  +all +trace_process
*Verdi* : Dumping the signal (simulator.DC_IO_GEN[18].DAC.CLR_N).
Verdi>fsdbDumpvars 0 "simulator.DC_IO_GEN\[18\].DAC.RESET_N"  +all +trace_process
*Verdi* : Dumping the signal (simulator.DC_IO_GEN[18].DAC.RESET_N).
Verdi>fsdbDumpvars 0 "simulator.DC_IO_GEN\[18\].DAC.dac_reg"  +all +trace_process
*Verdi* : Dumping the signal (simulator.DC_IO_GEN[18].DAC.dac_reg).
Verdi>fsdbDumpvars 0 "simulator.DC_IO_GEN\[18\].DAC.ctrl_reg"  +all +trace_process
*Verdi* : Dumping the signal (simulator.DC_IO_GEN[18].DAC.ctrl_reg).
Verdi>fsdbDumpvars 0 "simulator.DC_IO_GEN\[18\].DAC.clrcode_reg"  +all +trace_process
*Verdi* : Dumping the signal (simulator.DC_IO_GEN[18].DAC.clrcode_reg).
Verdi>fsdbDumpvars 0 "simulator.DC_IO_GEN\[18\].DAC.sw_ctrl_reg"  +all +trace_process
*Verdi* : Dumping the signal (simulator.DC_IO_GEN[18].DAC.sw_ctrl_reg).
Verdi>fsdbDumpvars 0 "simulator.DC_IO_GEN\[18\].DAC.dac_input_reg"  +all +trace_process
*Verdi* : Dumping the signal (simulator.DC_IO_GEN[18].DAC.dac_input_reg).
Verdi>fsdbDumpvars 0 "simulator.DC_IO_GEN\[18\].DAC.SDODIS"  +all +trace_process
*Verdi* : Dumping the signal (simulator.DC_IO_GEN[18].DAC.SDODIS).
Verdi>fsdbDumpvars 0 "simulator.DC_IO_GEN\[18\].DAC.DACTRI"  +all +trace_process
*Verdi* : Dumping the signal (simulator.DC_IO_GEN[18].DAC.DACTRI).
Verdi>fsdbDumpvars 0 "simulator.DC_IO_GEN\[18\].DAC.OPGND"  +all +trace_process
*Verdi* : Dumping the signal (simulator.DC_IO_GEN[18].DAC.OPGND).
Verdi>fsdbDumpvars 0 "simulator.DC_IO_GEN\[18\].DAC.VOUT"  +all +trace_process
*Verdi* : Dumping the signal (simulator.DC_IO_GEN[18].DAC.VOUT).
Verdi>fsdbDumpvars 0 "simulator.DC_IO_GEN\[18\].DAC.VDIGITAL"  +all +trace_process
*Verdi* : Dumping the signal (simulator.DC_IO_GEN[18].DAC.VDIGITAL).
Verdi>fsdbDumpvars 0 "simulator.DC_IO_GEN\[17\].REGS.AXIL_REGS.i_aclk"  +all +trace_process
Verdi>fsdbDumpvars 0 "simulator.DC_IO_GEN\[17\].REGS.AXIL_REGS.i_aresetn"  +all +trace_process
Verdi>fsdbDumpvars 0 "simulator.DC_IO_GEN\[17\].REGS.AXIL_REGS.r_regs\[0:31\]\[31:0\]"  +all +trace_process
Verdi>fsdbDumpvars 0 "simulator.DC_IO_GEN\[17\].REGS.AXIL_REGS.o_regs\[0:31\]\[31:0\]"  +all +trace_process
Verdi>fsdbDumpvars 0 "simulator.DC_IO_GEN\[17\].REGS.AXIL_REGS.o_awready"  +all +trace_process
Verdi>fsdbDumpvars 0 "simulator.DC_IO_GEN\[17\].REGS.AXIL_REGS.i_awvalid"  +all +trace_process
Verdi>fsdbDumpvars 0 "simulator.DC_IO_GEN\[17\].REGS.AXIL_REGS.i_awaddr\[6:0\]"  +all +trace_process
Verdi>fsdbDumpvars 0 "simulator.DC_IO_GEN\[17\].REGS.AXIL_REGS.w_awireg\[4:0\]"  +all +trace_process
Verdi>fsdbDumpvars 0 "simulator.DC_IO_GEN\[17\].REGS.AXIL_REGS.w_awls2b\[1:0\]"  +all +trace_process
Verdi>fsdbDumpvars 0 "simulator.DC_IO_GEN\[17\].REGS.AXIL_REGS.o_wready"  +all +trace_process
Verdi>fsdbDumpvars 0 "simulator.DC_IO_GEN\[17\].REGS.AXIL_REGS.i_wvalid"  +all +trace_process
Verdi>fsdbDumpvars 0 "simulator.DC_IO_GEN\[17\].REGS.AXIL_REGS.i_wdata\[31:0\]"  +all +trace_process
Verdi>fsdbDumpvars 0 "simulator.DC_IO_GEN\[17\].REGS.AXIL_REGS.i_wstrb\[3:0\]"  +all +trace_process
Verdi>fsdbDumpvars 0 "simulator.DC_IO_GEN\[17\].REGS.AXIL_REGS.w_wdatastrb\[31:0\]"  +all +trace_process
Verdi>fsdbDumpvars 0 "simulator.DC_IO_GEN\[17\].REGS.AXIL_REGS.i_bready"  +all +trace_process
Verdi>fsdbDumpvars 0 "simulator.DC_IO_GEN\[17\].REGS.AXIL_REGS.o_bvalid"  +all +trace_process
Verdi>fsdbDumpvars 0 "simulator.DC_IO_GEN\[17\].REGS.AXIL_REGS.o_bresp\[1:0\]"  +all +trace_process
Verdi>fsdbDumpvars 0 "simulator.DC_IO_GEN\[17\].REGS.AXIL_REGS.o_arready"  +all +trace_process
Verdi>fsdbDumpvars 0 "simulator.DC_IO_GEN\[17\].REGS.AXIL_REGS.i_arvalid"  +all +trace_process
Verdi>fsdbDumpvars 0 "simulator.DC_IO_GEN\[17\].REGS.AXIL_REGS.i_araddr\[6:0\]"  +all +trace_process
Verdi>fsdbDumpvars 0 "simulator.DC_IO_GEN\[17\].REGS.AXIL_REGS.w_arireg\[4:0\]"  +all +trace_process
Verdi>fsdbDumpvars 0 "simulator.DC_IO_GEN\[17\].REGS.AXIL_REGS.w_arls2b\[1:0\]"  +all +trace_process
Verdi>fsdbDumpvars 0 "simulator.DC_IO_GEN\[17\].REGS.AXIL_REGS.i_rready"  +all +trace_process
Verdi>fsdbDumpvars 0 "simulator.DC_IO_GEN\[17\].REGS.AXIL_REGS.o_rvalid"  +all +trace_process
Verdi>fsdbDumpvars 0 "simulator.DC_IO_GEN\[17\].REGS.AXIL_REGS.o_rdata\[31:0\]"  +all +trace_process
Verdi>fsdbDumpvars 0 "simulator.DC_IO_GEN\[17\].REGS.AXIL_REGS.o_rresp\[1:0\]"  +all +trace_process
Verdi>fsdbDumpvars 0 "simulator.DCRFLI.DC_GEN\[17\].DC.SEQ.i_clk"  +all +trace_process
Verdi>fsdbDumpvars 0 "simulator.DCRFLI.DC_GEN\[17\].DC.SEQ.i_rst"  +all +trace_process
Verdi>fsdbDumpvars 0 "simulator.DCRFLI.DC_GEN\[17\].DC.SEQ.w_propagate"  +all +trace_process
Verdi>fsdbDumpvars 0 "simulator.DCRFLI.DC_GEN\[17\].DC.SEQ.i_regs\[0:31\]\[31:0\]"  +all +trace_process
Verdi>fsdbDumpvars 0 "simulator.DCRFLI.DC_GEN\[17\].DC.SEQ.w_last0"  +all +trace_process
Verdi>fsdbDumpvars 0 "simulator.DCRFLI.DC_GEN\[17\].DC.SEQ.w_last0_ff1"  +all +trace_process
Verdi>fsdbDumpvars 0 "simulator.DCRFLI.DC_GEN\[17\].DC.SEQ.w_last0_ff2"  +all +trace_process
Verdi>fsdbDumpvars 0 "simulator.DCRFLI.DC_GEN\[17\].DC.SEQ.w_new_sequence"  +all +trace_process
Verdi>fsdbDumpvars 0 "simulator.DCRFLI.DC_GEN\[17\].DC.SEQ.r_sequence\[0:9\]\[91:0\]"  +all +trace_process
Verdi>fsdbDumpvars 0 "simulator.DCRFLI.DC_GEN\[17\].DC.SEQ.r_iters\[10:0\]"  +all +trace_process
Verdi>fsdbDumpvars 0 "simulator.DCRFLI.DC_GEN\[17\].DC.SEQ.r_iptr\[3:0\]"  +all +trace_process
Verdi>fsdbDumpvars 0 "simulator.DCRFLI.DC_GEN\[17\].DC.SEQ.w_insn_fetch\[91:0\]"  +all +trace_process
Verdi>fsdbDumpvars 0 "simulator.DCRFLI.DC_GEN\[17\].DC.SEQ.w_insn_bubble"  +all +trace_process
Verdi>fsdbDumpvars 0 "simulator.DCRFLI.DC_GEN\[17\].DC.SEQ.w_iptr_plus1\[3:0\]"  +all +trace_process
Verdi>fsdbDumpvars 0 "simulator.DCRFLI.DC_GEN\[17\].DC.SEQ.w_next_null"  +all +trace_process
Verdi>fsdbDumpvars 0 "simulator.DCRFLI.DC_GEN\[17\].DC.SEQ.o_empty"  +all +trace_process
Verdi>fsdbDumpvars 0 "simulator.DCRFLI.DC_GEN\[17\].DC.SEQ.i_next"  +all +trace_process
Verdi>fsdbDumpvars 0 "simulator.DCRFLI.DC_GEN\[17\].DC.SEQ.o_addr\[3:0\]"  +all +trace_process
Verdi>fsdbDumpvars 0 "simulator.DCRFLI.DC_GEN\[17\].DC.SEQ.o_insn\[91:0\]"  +all +trace_process
Verdi>fsdbDumpvars 0 "simulator.DCRFLI.DC_GEN\[17\].DC.SEQ.r_iptr_modify\[3:0\]"  +all +trace_process
Verdi>fsdbDumpvars 0 "simulator.DCRFLI.DC_GEN\[17\].DC.SEQ.i_insn_modified\[91:0\]"  +all +trace_process
Verdi>fsdbDumpvars 0 "simulator.DCRFLI.DC_GEN\[17\].DC.CORE.i_clk"  +all +trace_process
Verdi>fsdbDumpvars 0 "simulator.DCRFLI.DC_GEN\[17\].DC.CORE.i_rst"  +all +trace_process
Verdi>fsdbDumpvars 0 "simulator.DCRFLI.DC_GEN\[17\].DC.CORE.w_stall"  +all +trace_process
Verdi>fsdbDumpvars 0 "simulator.DCRFLI.DC_GEN\[17\].DC.CORE.d"  +all +trace_process
Verdi>fsdbDumpvars 0 "simulator.DCRFLI.DC_GEN\[17\].DC.CORE.i_empty"  +all +trace_process
Verdi>fsdbDumpvars 0 "simulator.DCRFLI.DC_GEN\[17\].DC.CORE.o_next"  +all +trace_process
Verdi>fsdbDumpvars 0 "simulator.DCRFLI.DC_GEN\[17\].DC.CORE.i_addr\[3:0\]"  +all +trace_process
Verdi>fsdbDumpvars 0 "simulator.DCRFLI.DC_GEN\[17\].DC.CORE.i_insn\[91:0\]"  +all +trace_process
Verdi>fsdbDumpvars 0 "simulator.DCRFLI.DC_GEN\[17\].DC.CORE.o_insn_modified"  +all +trace_process
Verdi>fsdbDumpvars 0 "simulator.DCRFLI.DC_GEN\[17\].DC.CORE.i"  +all +trace_process
Verdi>fsdbDumpvars 0 "simulator.DCRFLI.DC_GEN\[17\].DC.CORE.s"  +all +trace_process
Verdi>fsdbDumpvars 0 "simulator.DCRFLI.DC_GEN\[17\].DC.CORE.w_dvsr\[15:0\]"  +all +trace_process
Verdi>fsdbDumpvars 0 "simulator.DCRFLI.DC_GEN\[17\].DC.CORE.w_spi_dout\[23:0\]"  +all +trace_process
Verdi>fsdbDumpvars 0 "simulator.DCRFLI.DC_GEN\[17\].DC.CORE.w_spi_done"  +all +trace_process
Verdi>fsdbDumpvars 0 "simulator.DCRFLI.DC_GEN\[17\].DC.CORE.o_armed"  +all +trace_process
Verdi>fsdbDumpvars 0 "simulator.DCRFLI.DC_GEN\[17\].DC.CORE.i_start"  +all +trace_process
Verdi>fsdbDumpvars 0 "simulator.DCRFLI.DC_GEN\[17\].DC.CORE.o_sclk"  +all +trace_process
Verdi>fsdbDumpvars 0 "simulator.DCRFLI.DC_GEN\[17\].DC.CORE.o_mosi"  +all +trace_process
Verdi>fsdbDumpvars 0 "simulator.DCRFLI.DC_GEN\[17\].DC.CORE.i_miso"  +all +trace_process
Verdi>fsdbDumpvars 0 "simulator.DCRFLI.DC_GEN\[17\].DC.CORE.o_cs_n"  +all +trace_process
Verdi>fsdbDumpvars 0 "simulator.DCRFLI.DC_GEN\[17\].DC.CORE.o_ldac_n"  +all +trace_process
Verdi>fsdbDumpvars 0 "simulator.DCRFLI.DC_GEN\[17\].DC.CORE.h"  +all +trace_process
Verdi>fsdbDumpvars 0 "simulator.DCRFLI.DC_GEN\[17\].DC.CORE.o_next"  +all +trace_process
Verdi>fsdbDumpvars 0 "simulator.DCRFLI.DC_GEN\[17\].DC.CORE.o_addr\[3:0\]"  +all +trace_process
Verdi>fsdbDumpvars 0 "simulator.DCRFLI.DC_GEN\[17\].DC.CORE.o_iter\[9:0\]"  +all +trace_process
Verdi>fsdbDumpvars 0 "simulator.DCRFLI.DC_GEN\[17\].DC.CORE.o_spi_din\[23:0\]"  +all +trace_process
Verdi>fsdbDumpvars 0 "simulator.DCRFLI.DC_GEN\[17\].DC.CORE.o_spi_rd"  +all +trace_process
Verdi>fsdbDumpvars 0 "simulator.DCRFLI.DC_GEN\[17\].DC.CORE.o_spi_dout\[23:0\]"  +all +trace_process
Verdi>fsdbDumpvars 0 "simulator.DCRFLI.DC_GEN\[17\].DC.CORE.o_cycles_left\[29:0\]"  +all +trace_process
Verdi>fsdbDumpvars 0 "simulator.DC_IO_GEN\[17\].DAC.valid_transaction"  +all +trace_process
*Verdi* : Dumping the signal (simulator.DC_IO_GEN[17].DAC.valid_transaction).
Verdi>fsdbDumpvars 0 "simulator.DC_IO_GEN\[17\].DAC.input_shift_reg"  +all +trace_process
*Verdi* : Dumping the signal (simulator.DC_IO_GEN[17].DAC.input_shift_reg).
Verdi>fsdbDumpvars 0 "simulator.DC_IO_GEN\[17\].DAC.rw"  +all +trace_process
*Verdi* : Dumping the signal (simulator.DC_IO_GEN[17].DAC.rw).
Verdi>fsdbDumpvars 0 "simulator.DC_IO_GEN\[17\].DAC.addr"  +all +trace_process
*Verdi* : Dumping the signal (simulator.DC_IO_GEN[17].DAC.addr).
Verdi>fsdbDumpvars 0 "simulator.DC_IO_GEN\[17\].DAC.data"  +all +trace_process
*Verdi* : Dumping the signal (simulator.DC_IO_GEN[17].DAC.data).
Verdi>fsdbDumpvars 0 "simulator.DC_IO_GEN\[17\].DAC.rd_data"  +all +trace_process
*Verdi* : Dumping the signal (simulator.DC_IO_GEN[17].DAC.rd_data).
Verdi>fsdbDumpvars 0 "simulator.DC_IO_GEN\[17\].DAC.SCLK"  +all +trace_process
*Verdi* : Dumping the signal (simulator.DC_IO_GEN[17].DAC.SCLK).
Verdi>fsdbDumpvars 0 "simulator.DC_IO_GEN\[17\].DAC.SDIN"  +all +trace_process
*Verdi* : Dumping the signal (simulator.DC_IO_GEN[17].DAC.SDIN).
Verdi>fsdbDumpvars 0 "simulator.DC_IO_GEN\[17\].DAC.SYNC_N"  +all +trace_process
*Verdi* : Dumping the signal (simulator.DC_IO_GEN[17].DAC.SYNC_N).
Verdi>fsdbDumpvars 0 "simulator.DC_IO_GEN\[17\].DAC.SDO"  +all +trace_process
*Verdi* : Dumping the signal (simulator.DC_IO_GEN[17].DAC.SDO).
Verdi>fsdbDumpvars 0 "simulator.DC_IO_GEN\[17\].DAC.LDAC_N"  +all +trace_process
*Verdi* : Dumping the signal (simulator.DC_IO_GEN[17].DAC.LDAC_N).
Verdi>fsdbDumpvars 0 "simulator.DC_IO_GEN\[17\].DAC.CLR_N"  +all +trace_process
*Verdi* : Dumping the signal (simulator.DC_IO_GEN[17].DAC.CLR_N).
Verdi>fsdbDumpvars 0 "simulator.DC_IO_GEN\[17\].DAC.RESET_N"  +all +trace_process
*Verdi* : Dumping the signal (simulator.DC_IO_GEN[17].DAC.RESET_N).
Verdi>fsdbDumpvars 0 "simulator.DC_IO_GEN\[17\].DAC.dac_reg"  +all +trace_process
*Verdi* : Dumping the signal (simulator.DC_IO_GEN[17].DAC.dac_reg).
Verdi>fsdbDumpvars 0 "simulator.DC_IO_GEN\[17\].DAC.ctrl_reg"  +all +trace_process
*Verdi* : Dumping the signal (simulator.DC_IO_GEN[17].DAC.ctrl_reg).
Verdi>fsdbDumpvars 0 "simulator.DC_IO_GEN\[17\].DAC.clrcode_reg"  +all +trace_process
*Verdi* : Dumping the signal (simulator.DC_IO_GEN[17].DAC.clrcode_reg).
Verdi>fsdbDumpvars 0 "simulator.DC_IO_GEN\[17\].DAC.sw_ctrl_reg"  +all +trace_process
*Verdi* : Dumping the signal (simulator.DC_IO_GEN[17].DAC.sw_ctrl_reg).
Verdi>fsdbDumpvars 0 "simulator.DC_IO_GEN\[17\].DAC.dac_input_reg"  +all +trace_process
*Verdi* : Dumping the signal (simulator.DC_IO_GEN[17].DAC.dac_input_reg).
Verdi>fsdbDumpvars 0 "simulator.DC_IO_GEN\[17\].DAC.SDODIS"  +all +trace_process
*Verdi* : Dumping the signal (simulator.DC_IO_GEN[17].DAC.SDODIS).
Verdi>fsdbDumpvars 0 "simulator.DC_IO_GEN\[17\].DAC.DACTRI"  +all +trace_process
*Verdi* : Dumping the signal (simulator.DC_IO_GEN[17].DAC.DACTRI).
Verdi>fsdbDumpvars 0 "simulator.DC_IO_GEN\[17\].DAC.OPGND"  +all +trace_process
*Verdi* : Dumping the signal (simulator.DC_IO_GEN[17].DAC.OPGND).
Verdi>fsdbDumpvars 0 "simulator.DC_IO_GEN\[17\].DAC.VOUT"  +all +trace_process
*Verdi* : Dumping the signal (simulator.DC_IO_GEN[17].DAC.VOUT).
Verdi>fsdbDumpvars 0 "simulator.DC_IO_GEN\[17\].DAC.VDIGITAL"  +all +trace_process
*Verdi* : Dumping the signal (simulator.DC_IO_GEN[17].DAC.VDIGITAL).
Verdi>fsdbDumpvars 0 "simulator.DC_IO_GEN\[16\].REGS.AXIL_REGS.i_aclk"  +all +trace_process
Verdi>fsdbDumpvars 0 "simulator.DC_IO_GEN\[16\].REGS.AXIL_REGS.i_aresetn"  +all +trace_process
Verdi>fsdbDumpvars 0 "simulator.DC_IO_GEN\[16\].REGS.AXIL_REGS.r_regs\[0:31\]\[31:0\]"  +all +trace_process
Verdi>fsdbDumpvars 0 "simulator.DC_IO_GEN\[16\].REGS.AXIL_REGS.o_regs\[0:31\]\[31:0\]"  +all +trace_process
Verdi>fsdbDumpvars 0 "simulator.DC_IO_GEN\[16\].REGS.AXIL_REGS.o_awready"  +all +trace_process
Verdi>fsdbDumpvars 0 "simulator.DC_IO_GEN\[16\].REGS.AXIL_REGS.i_awvalid"  +all +trace_process
Verdi>fsdbDumpvars 0 "simulator.DC_IO_GEN\[16\].REGS.AXIL_REGS.i_awaddr\[6:0\]"  +all +trace_process
Verdi>fsdbDumpvars 0 "simulator.DC_IO_GEN\[16\].REGS.AXIL_REGS.w_awireg\[4:0\]"  +all +trace_process
Verdi>fsdbDumpvars 0 "simulator.DC_IO_GEN\[16\].REGS.AXIL_REGS.w_awls2b\[1:0\]"  +all +trace_process
Verdi>fsdbDumpvars 0 "simulator.DC_IO_GEN\[16\].REGS.AXIL_REGS.o_wready"  +all +trace_process
Verdi>fsdbDumpvars 0 "simulator.DC_IO_GEN\[16\].REGS.AXIL_REGS.i_wvalid"  +all +trace_process
Verdi>fsdbDumpvars 0 "simulator.DC_IO_GEN\[16\].REGS.AXIL_REGS.i_wdata\[31:0\]"  +all +trace_process
Verdi>fsdbDumpvars 0 "simulator.DC_IO_GEN\[16\].REGS.AXIL_REGS.i_wstrb\[3:0\]"  +all +trace_process
Verdi>fsdbDumpvars 0 "simulator.DC_IO_GEN\[16\].REGS.AXIL_REGS.w_wdatastrb\[31:0\]"  +all +trace_process
Verdi>fsdbDumpvars 0 "simulator.DC_IO_GEN\[16\].REGS.AXIL_REGS.i_bready"  +all +trace_process
Verdi>fsdbDumpvars 0 "simulator.DC_IO_GEN\[16\].REGS.AXIL_REGS.o_bvalid"  +all +trace_process
Verdi>fsdbDumpvars 0 "simulator.DC_IO_GEN\[16\].REGS.AXIL_REGS.o_bresp\[1:0\]"  +all +trace_process
Verdi>fsdbDumpvars 0 "simulator.DC_IO_GEN\[16\].REGS.AXIL_REGS.o_arready"  +all +trace_process
Verdi>fsdbDumpvars 0 "simulator.DC_IO_GEN\[16\].REGS.AXIL_REGS.i_arvalid"  +all +trace_process
Verdi>fsdbDumpvars 0 "simulator.DC_IO_GEN\[16\].REGS.AXIL_REGS.i_araddr\[6:0\]"  +all +trace_process
Verdi>fsdbDumpvars 0 "simulator.DC_IO_GEN\[16\].REGS.AXIL_REGS.w_arireg\[4:0\]"  +all +trace_process
Verdi>fsdbDumpvars 0 "simulator.DC_IO_GEN\[16\].REGS.AXIL_REGS.w_arls2b\[1:0\]"  +all +trace_process
Verdi>fsdbDumpvars 0 "simulator.DC_IO_GEN\[16\].REGS.AXIL_REGS.i_rready"  +all +trace_process
Verdi>fsdbDumpvars 0 "simulator.DC_IO_GEN\[16\].REGS.AXIL_REGS.o_rvalid"  +all +trace_process
Verdi>fsdbDumpvars 0 "simulator.DC_IO_GEN\[16\].REGS.AXIL_REGS.o_rdata\[31:0\]"  +all +trace_process
Verdi>fsdbDumpvars 0 "simulator.DC_IO_GEN\[16\].REGS.AXIL_REGS.o_rresp\[1:0\]"  +all +trace_process
Verdi>fsdbDumpvars 0 "simulator.DCRFLI.DC_GEN\[16\].DC.SEQ.i_clk"  +all +trace_process
Verdi>fsdbDumpvars 0 "simulator.DCRFLI.DC_GEN\[16\].DC.SEQ.i_rst"  +all +trace_process
Verdi>fsdbDumpvars 0 "simulator.DCRFLI.DC_GEN\[16\].DC.SEQ.w_propagate"  +all +trace_process
Verdi>fsdbDumpvars 0 "simulator.DCRFLI.DC_GEN\[16\].DC.SEQ.i_regs\[0:31\]\[31:0\]"  +all +trace_process
Verdi>fsdbDumpvars 0 "simulator.DCRFLI.DC_GEN\[16\].DC.SEQ.w_last0"  +all +trace_process
Verdi>fsdbDumpvars 0 "simulator.DCRFLI.DC_GEN\[16\].DC.SEQ.w_last0_ff1"  +all +trace_process
Verdi>fsdbDumpvars 0 "simulator.DCRFLI.DC_GEN\[16\].DC.SEQ.w_last0_ff2"  +all +trace_process
Verdi>fsdbDumpvars 0 "simulator.DCRFLI.DC_GEN\[16\].DC.SEQ.w_new_sequence"  +all +trace_process
Verdi>fsdbDumpvars 0 "simulator.DCRFLI.DC_GEN\[16\].DC.SEQ.r_sequence\[0:9\]\[91:0\]"  +all +trace_process
Verdi>fsdbDumpvars 0 "simulator.DCRFLI.DC_GEN\[16\].DC.SEQ.r_iters\[10:0\]"  +all +trace_process
Verdi>fsdbDumpvars 0 "simulator.DCRFLI.DC_GEN\[16\].DC.SEQ.r_iptr\[3:0\]"  +all +trace_process
Verdi>fsdbDumpvars 0 "simulator.DCRFLI.DC_GEN\[16\].DC.SEQ.w_insn_fetch\[91:0\]"  +all +trace_process
Verdi>fsdbDumpvars 0 "simulator.DCRFLI.DC_GEN\[16\].DC.SEQ.w_insn_bubble"  +all +trace_process
Verdi>fsdbDumpvars 0 "simulator.DCRFLI.DC_GEN\[16\].DC.SEQ.w_iptr_plus1\[3:0\]"  +all +trace_process
Verdi>fsdbDumpvars 0 "simulator.DCRFLI.DC_GEN\[16\].DC.SEQ.w_next_null"  +all +trace_process
Verdi>fsdbDumpvars 0 "simulator.DCRFLI.DC_GEN\[16\].DC.SEQ.o_empty"  +all +trace_process
Verdi>fsdbDumpvars 0 "simulator.DCRFLI.DC_GEN\[16\].DC.SEQ.i_next"  +all +trace_process
Verdi>fsdbDumpvars 0 "simulator.DCRFLI.DC_GEN\[16\].DC.SEQ.o_addr\[3:0\]"  +all +trace_process
Verdi>fsdbDumpvars 0 "simulator.DCRFLI.DC_GEN\[16\].DC.SEQ.o_insn\[91:0\]"  +all +trace_process
Verdi>fsdbDumpvars 0 "simulator.DCRFLI.DC_GEN\[16\].DC.SEQ.r_iptr_modify\[3:0\]"  +all +trace_process
Verdi>fsdbDumpvars 0 "simulator.DCRFLI.DC_GEN\[16\].DC.SEQ.i_insn_modified\[91:0\]"  +all +trace_process
Verdi>fsdbDumpvars 0 "simulator.DCRFLI.DC_GEN\[16\].DC.CORE.i_clk"  +all +trace_process
Verdi>fsdbDumpvars 0 "simulator.DCRFLI.DC_GEN\[16\].DC.CORE.i_rst"  +all +trace_process
Verdi>fsdbDumpvars 0 "simulator.DCRFLI.DC_GEN\[16\].DC.CORE.w_stall"  +all +trace_process
Verdi>fsdbDumpvars 0 "simulator.DCRFLI.DC_GEN\[16\].DC.CORE.d"  +all +trace_process
Verdi>fsdbDumpvars 0 "simulator.DCRFLI.DC_GEN\[16\].DC.CORE.i_empty"  +all +trace_process
Verdi>fsdbDumpvars 0 "simulator.DCRFLI.DC_GEN\[16\].DC.CORE.o_next"  +all +trace_process
Verdi>fsdbDumpvars 0 "simulator.DCRFLI.DC_GEN\[16\].DC.CORE.i_addr\[3:0\]"  +all +trace_process
Verdi>fsdbDumpvars 0 "simulator.DCRFLI.DC_GEN\[16\].DC.CORE.i_insn\[91:0\]"  +all +trace_process
Verdi>fsdbDumpvars 0 "simulator.DCRFLI.DC_GEN\[16\].DC.CORE.o_insn_modified"  +all +trace_process
Verdi>fsdbDumpvars 0 "simulator.DCRFLI.DC_GEN\[16\].DC.CORE.i"  +all +trace_process
Verdi>fsdbDumpvars 0 "simulator.DCRFLI.DC_GEN\[16\].DC.CORE.s"  +all +trace_process
Verdi>fsdbDumpvars 0 "simulator.DCRFLI.DC_GEN\[16\].DC.CORE.w_dvsr\[15:0\]"  +all +trace_process
Verdi>fsdbDumpvars 0 "simulator.DCRFLI.DC_GEN\[16\].DC.CORE.w_spi_dout\[23:0\]"  +all +trace_process
Verdi>fsdbDumpvars 0 "simulator.DCRFLI.DC_GEN\[16\].DC.CORE.w_spi_done"  +all +trace_process
Verdi>fsdbDumpvars 0 "simulator.DCRFLI.DC_GEN\[16\].DC.CORE.o_armed"  +all +trace_process
Verdi>fsdbDumpvars 0 "simulator.DCRFLI.DC_GEN\[16\].DC.CORE.i_start"  +all +trace_process
Verdi>fsdbDumpvars 0 "simulator.DCRFLI.DC_GEN\[16\].DC.CORE.o_sclk"  +all +trace_process
Verdi>fsdbDumpvars 0 "simulator.DCRFLI.DC_GEN\[16\].DC.CORE.o_mosi"  +all +trace_process
Verdi>fsdbDumpvars 0 "simulator.DCRFLI.DC_GEN\[16\].DC.CORE.i_miso"  +all +trace_process
Verdi>fsdbDumpvars 0 "simulator.DCRFLI.DC_GEN\[16\].DC.CORE.o_cs_n"  +all +trace_process
Verdi>fsdbDumpvars 0 "simulator.DCRFLI.DC_GEN\[16\].DC.CORE.o_ldac_n"  +all +trace_process
Verdi>fsdbDumpvars 0 "simulator.DCRFLI.DC_GEN\[16\].DC.CORE.h"  +all +trace_process
Verdi>fsdbDumpvars 0 "simulator.DCRFLI.DC_GEN\[16\].DC.CORE.o_next"  +all +trace_process
Verdi>fsdbDumpvars 0 "simulator.DCRFLI.DC_GEN\[16\].DC.CORE.o_addr\[3:0\]"  +all +trace_process
Verdi>fsdbDumpvars 0 "simulator.DCRFLI.DC_GEN\[16\].DC.CORE.o_iter\[9:0\]"  +all +trace_process
Verdi>fsdbDumpvars 0 "simulator.DCRFLI.DC_GEN\[16\].DC.CORE.o_spi_din\[23:0\]"  +all +trace_process
Verdi>fsdbDumpvars 0 "simulator.DCRFLI.DC_GEN\[16\].DC.CORE.o_spi_rd"  +all +trace_process
Verdi>fsdbDumpvars 0 "simulator.DCRFLI.DC_GEN\[16\].DC.CORE.o_spi_dout\[23:0\]"  +all +trace_process
Verdi>fsdbDumpvars 0 "simulator.DCRFLI.DC_GEN\[16\].DC.CORE.o_cycles_left\[29:0\]"  +all +trace_process
Verdi>fsdbDumpvars 0 "simulator.DC_IO_GEN\[16\].DAC.valid_transaction"  +all +trace_process
*Verdi* : Dumping the signal (simulator.DC_IO_GEN[16].DAC.valid_transaction).
Verdi>fsdbDumpvars 0 "simulator.DC_IO_GEN\[16\].DAC.input_shift_reg"  +all +trace_process
*Verdi* : Dumping the signal (simulator.DC_IO_GEN[16].DAC.input_shift_reg).
Verdi>fsdbDumpvars 0 "simulator.DC_IO_GEN\[16\].DAC.rw"  +all +trace_process
*Verdi* : Dumping the signal (simulator.DC_IO_GEN[16].DAC.rw).
Verdi>fsdbDumpvars 0 "simulator.DC_IO_GEN\[16\].DAC.addr"  +all +trace_process
*Verdi* : Dumping the signal (simulator.DC_IO_GEN[16].DAC.addr).
Verdi>fsdbDumpvars 0 "simulator.DC_IO_GEN\[16\].DAC.data"  +all +trace_process
*Verdi* : Dumping the signal (simulator.DC_IO_GEN[16].DAC.data).
Verdi>fsdbDumpvars 0 "simulator.DC_IO_GEN\[16\].DAC.rd_data"  +all +trace_process
*Verdi* : Dumping the signal (simulator.DC_IO_GEN[16].DAC.rd_data).
Verdi>fsdbDumpvars 0 "simulator.DC_IO_GEN\[16\].DAC.SCLK"  +all +trace_process
*Verdi* : Dumping the signal (simulator.DC_IO_GEN[16].DAC.SCLK).
Verdi>fsdbDumpvars 0 "simulator.DC_IO_GEN\[16\].DAC.SDIN"  +all +trace_process
*Verdi* : Dumping the signal (simulator.DC_IO_GEN[16].DAC.SDIN).
Verdi>fsdbDumpvars 0 "simulator.DC_IO_GEN\[16\].DAC.SYNC_N"  +all +trace_process
*Verdi* : Dumping the signal (simulator.DC_IO_GEN[16].DAC.SYNC_N).
Verdi>fsdbDumpvars 0 "simulator.DC_IO_GEN\[16\].DAC.SDO"  +all +trace_process
*Verdi* : Dumping the signal (simulator.DC_IO_GEN[16].DAC.SDO).
Verdi>fsdbDumpvars 0 "simulator.DC_IO_GEN\[16\].DAC.LDAC_N"  +all +trace_process
*Verdi* : Dumping the signal (simulator.DC_IO_GEN[16].DAC.LDAC_N).
Verdi>fsdbDumpvars 0 "simulator.DC_IO_GEN\[16\].DAC.CLR_N"  +all +trace_process
*Verdi* : Dumping the signal (simulator.DC_IO_GEN[16].DAC.CLR_N).
Verdi>fsdbDumpvars 0 "simulator.DC_IO_GEN\[16\].DAC.RESET_N"  +all +trace_process
*Verdi* : Dumping the signal (simulator.DC_IO_GEN[16].DAC.RESET_N).
Verdi>fsdbDumpvars 0 "simulator.DC_IO_GEN\[16\].DAC.dac_reg"  +all +trace_process
*Verdi* : Dumping the signal (simulator.DC_IO_GEN[16].DAC.dac_reg).
Verdi>fsdbDumpvars 0 "simulator.DC_IO_GEN\[16\].DAC.ctrl_reg"  +all +trace_process
*Verdi* : Dumping the signal (simulator.DC_IO_GEN[16].DAC.ctrl_reg).
Verdi>fsdbDumpvars 0 "simulator.DC_IO_GEN\[16\].DAC.clrcode_reg"  +all +trace_process
*Verdi* : Dumping the signal (simulator.DC_IO_GEN[16].DAC.clrcode_reg).
Verdi>fsdbDumpvars 0 "simulator.DC_IO_GEN\[16\].DAC.sw_ctrl_reg"  +all +trace_process
*Verdi* : Dumping the signal (simulator.DC_IO_GEN[16].DAC.sw_ctrl_reg).
Verdi>fsdbDumpvars 0 "simulator.DC_IO_GEN\[16\].DAC.dac_input_reg"  +all +trace_process
*Verdi* : Dumping the signal (simulator.DC_IO_GEN[16].DAC.dac_input_reg).
Verdi>fsdbDumpvars 0 "simulator.DC_IO_GEN\[16\].DAC.SDODIS"  +all +trace_process
*Verdi* : Dumping the signal (simulator.DC_IO_GEN[16].DAC.SDODIS).
Verdi>fsdbDumpvars 0 "simulator.DC_IO_GEN\[16\].DAC.DACTRI"  +all +trace_process
*Verdi* : Dumping the signal (simulator.DC_IO_GEN[16].DAC.DACTRI).
Verdi>fsdbDumpvars 0 "simulator.DC_IO_GEN\[16\].DAC.OPGND"  +all +trace_process
*Verdi* : Dumping the signal (simulator.DC_IO_GEN[16].DAC.OPGND).
Verdi>fsdbDumpvars 0 "simulator.DC_IO_GEN\[16\].DAC.VOUT"  +all +trace_process
*Verdi* : Dumping the signal (simulator.DC_IO_GEN[16].DAC.VOUT).
Verdi>fsdbDumpvars 0 "simulator.DC_IO_GEN\[16\].DAC.VDIGITAL"  +all +trace_process
*Verdi* : Dumping the signal (simulator.DC_IO_GEN[16].DAC.VDIGITAL).
Verdi>fsdbDumpvars 0 "simulator.DC_IO_GEN\[15\].REGS.AXIL_REGS.i_aclk"  +all +trace_process
Verdi>fsdbDumpvars 0 "simulator.DC_IO_GEN\[15\].REGS.AXIL_REGS.i_aresetn"  +all +trace_process
Verdi>fsdbDumpvars 0 "simulator.DC_IO_GEN\[15\].REGS.AXIL_REGS.r_regs\[0:31\]\[31:0\]"  +all +trace_process
Verdi>fsdbDumpvars 0 "simulator.DC_IO_GEN\[15\].REGS.AXIL_REGS.o_regs\[0:31\]\[31:0\]"  +all +trace_process
Verdi>fsdbDumpvars 0 "simulator.DC_IO_GEN\[15\].REGS.AXIL_REGS.o_awready"  +all +trace_process
Verdi>fsdbDumpvars 0 "simulator.DC_IO_GEN\[15\].REGS.AXIL_REGS.i_awvalid"  +all +trace_process
Verdi>fsdbDumpvars 0 "simulator.DC_IO_GEN\[15\].REGS.AXIL_REGS.i_awaddr\[6:0\]"  +all +trace_process
Verdi>fsdbDumpvars 0 "simulator.DC_IO_GEN\[15\].REGS.AXIL_REGS.w_awireg\[4:0\]"  +all +trace_process
Verdi>fsdbDumpvars 0 "simulator.DC_IO_GEN\[15\].REGS.AXIL_REGS.w_awls2b\[1:0\]"  +all +trace_process
Verdi>fsdbDumpvars 0 "simulator.DC_IO_GEN\[15\].REGS.AXIL_REGS.o_wready"  +all +trace_process
Verdi>fsdbDumpvars 0 "simulator.DC_IO_GEN\[15\].REGS.AXIL_REGS.i_wvalid"  +all +trace_process
Verdi>fsdbDumpvars 0 "simulator.DC_IO_GEN\[15\].REGS.AXIL_REGS.i_wdata\[31:0\]"  +all +trace_process
Verdi>fsdbDumpvars 0 "simulator.DC_IO_GEN\[15\].REGS.AXIL_REGS.i_wstrb\[3:0\]"  +all +trace_process
Verdi>fsdbDumpvars 0 "simulator.DC_IO_GEN\[15\].REGS.AXIL_REGS.w_wdatastrb\[31:0\]"  +all +trace_process
Verdi>fsdbDumpvars 0 "simulator.DC_IO_GEN\[15\].REGS.AXIL_REGS.i_bready"  +all +trace_process
Verdi>fsdbDumpvars 0 "simulator.DC_IO_GEN\[15\].REGS.AXIL_REGS.o_bvalid"  +all +trace_process
Verdi>fsdbDumpvars 0 "simulator.DC_IO_GEN\[15\].REGS.AXIL_REGS.o_bresp\[1:0\]"  +all +trace_process
Verdi>fsdbDumpvars 0 "simulator.DC_IO_GEN\[15\].REGS.AXIL_REGS.o_arready"  +all +trace_process
Verdi>fsdbDumpvars 0 "simulator.DC_IO_GEN\[15\].REGS.AXIL_REGS.i_arvalid"  +all +trace_process
Verdi>fsdbDumpvars 0 "simulator.DC_IO_GEN\[15\].REGS.AXIL_REGS.i_araddr\[6:0\]"  +all +trace_process
Verdi>fsdbDumpvars 0 "simulator.DC_IO_GEN\[15\].REGS.AXIL_REGS.w_arireg\[4:0\]"  +all +trace_process
Verdi>fsdbDumpvars 0 "simulator.DC_IO_GEN\[15\].REGS.AXIL_REGS.w_arls2b\[1:0\]"  +all +trace_process
Verdi>fsdbDumpvars 0 "simulator.DC_IO_GEN\[15\].REGS.AXIL_REGS.i_rready"  +all +trace_process
Verdi>fsdbDumpvars 0 "simulator.DC_IO_GEN\[15\].REGS.AXIL_REGS.o_rvalid"  +all +trace_process
Verdi>fsdbDumpvars 0 "simulator.DC_IO_GEN\[15\].REGS.AXIL_REGS.o_rdata\[31:0\]"  +all +trace_process
Verdi>fsdbDumpvars 0 "simulator.DC_IO_GEN\[15\].REGS.AXIL_REGS.o_rresp\[1:0\]"  +all +trace_process
Verdi>fsdbDumpvars 0 "simulator.DCRFLI.DC_GEN\[15\].DC.SEQ.i_clk"  +all +trace_process
Verdi>fsdbDumpvars 0 "simulator.DCRFLI.DC_GEN\[15\].DC.SEQ.i_rst"  +all +trace_process
Verdi>fsdbDumpvars 0 "simulator.DCRFLI.DC_GEN\[15\].DC.SEQ.w_propagate"  +all +trace_process
Verdi>fsdbDumpvars 0 "simulator.DCRFLI.DC_GEN\[15\].DC.SEQ.i_regs\[0:31\]\[31:0\]"  +all +trace_process
Verdi>fsdbDumpvars 0 "simulator.DCRFLI.DC_GEN\[15\].DC.SEQ.w_last0"  +all +trace_process
Verdi>fsdbDumpvars 0 "simulator.DCRFLI.DC_GEN\[15\].DC.SEQ.w_last0_ff1"  +all +trace_process
Verdi>fsdbDumpvars 0 "simulator.DCRFLI.DC_GEN\[15\].DC.SEQ.w_last0_ff2"  +all +trace_process
Verdi>fsdbDumpvars 0 "simulator.DCRFLI.DC_GEN\[15\].DC.SEQ.w_new_sequence"  +all +trace_process
Verdi>fsdbDumpvars 0 "simulator.DCRFLI.DC_GEN\[15\].DC.SEQ.r_sequence\[0:9\]\[91:0\]"  +all +trace_process
Verdi>fsdbDumpvars 0 "simulator.DCRFLI.DC_GEN\[15\].DC.SEQ.r_iters\[10:0\]"  +all +trace_process
Verdi>fsdbDumpvars 0 "simulator.DCRFLI.DC_GEN\[15\].DC.SEQ.r_iptr\[3:0\]"  +all +trace_process
Verdi>fsdbDumpvars 0 "simulator.DCRFLI.DC_GEN\[15\].DC.SEQ.w_insn_fetch\[91:0\]"  +all +trace_process
Verdi>fsdbDumpvars 0 "simulator.DCRFLI.DC_GEN\[15\].DC.SEQ.w_insn_bubble"  +all +trace_process
Verdi>fsdbDumpvars 0 "simulator.DCRFLI.DC_GEN\[15\].DC.SEQ.w_iptr_plus1\[3:0\]"  +all +trace_process
Verdi>fsdbDumpvars 0 "simulator.DCRFLI.DC_GEN\[15\].DC.SEQ.w_next_null"  +all +trace_process
Verdi>fsdbDumpvars 0 "simulator.DCRFLI.DC_GEN\[15\].DC.SEQ.o_empty"  +all +trace_process
Verdi>fsdbDumpvars 0 "simulator.DCRFLI.DC_GEN\[15\].DC.SEQ.i_next"  +all +trace_process
Verdi>fsdbDumpvars 0 "simulator.DCRFLI.DC_GEN\[15\].DC.SEQ.o_addr\[3:0\]"  +all +trace_process
Verdi>fsdbDumpvars 0 "simulator.DCRFLI.DC_GEN\[15\].DC.SEQ.o_insn\[91:0\]"  +all +trace_process
Verdi>fsdbDumpvars 0 "simulator.DCRFLI.DC_GEN\[15\].DC.SEQ.r_iptr_modify\[3:0\]"  +all +trace_process
Verdi>fsdbDumpvars 0 "simulator.DCRFLI.DC_GEN\[15\].DC.SEQ.i_insn_modified\[91:0\]"  +all +trace_process
Verdi>fsdbDumpvars 0 "simulator.DCRFLI.DC_GEN\[15\].DC.CORE.i_clk"  +all +trace_process
Verdi>fsdbDumpvars 0 "simulator.DCRFLI.DC_GEN\[15\].DC.CORE.i_rst"  +all +trace_process
Verdi>fsdbDumpvars 0 "simulator.DCRFLI.DC_GEN\[15\].DC.CORE.w_stall"  +all +trace_process
Verdi>fsdbDumpvars 0 "simulator.DCRFLI.DC_GEN\[15\].DC.CORE.d"  +all +trace_process
Verdi>fsdbDumpvars 0 "simulator.DCRFLI.DC_GEN\[15\].DC.CORE.i_empty"  +all +trace_process
Verdi>fsdbDumpvars 0 "simulator.DCRFLI.DC_GEN\[15\].DC.CORE.o_next"  +all +trace_process
Verdi>fsdbDumpvars 0 "simulator.DCRFLI.DC_GEN\[15\].DC.CORE.i_addr\[3:0\]"  +all +trace_process
Verdi>fsdbDumpvars 0 "simulator.DCRFLI.DC_GEN\[15\].DC.CORE.i_insn\[91:0\]"  +all +trace_process
Verdi>fsdbDumpvars 0 "simulator.DCRFLI.DC_GEN\[15\].DC.CORE.o_insn_modified"  +all +trace_process
Verdi>fsdbDumpvars 0 "simulator.DCRFLI.DC_GEN\[15\].DC.CORE.i"  +all +trace_process
Verdi>fsdbDumpvars 0 "simulator.DCRFLI.DC_GEN\[15\].DC.CORE.s"  +all +trace_process
Verdi>fsdbDumpvars 0 "simulator.DCRFLI.DC_GEN\[15\].DC.CORE.w_dvsr\[15:0\]"  +all +trace_process
Verdi>fsdbDumpvars 0 "simulator.DCRFLI.DC_GEN\[15\].DC.CORE.w_spi_dout\[23:0\]"  +all +trace_process
Verdi>fsdbDumpvars 0 "simulator.DCRFLI.DC_GEN\[15\].DC.CORE.w_spi_done"  +all +trace_process
Verdi>fsdbDumpvars 0 "simulator.DCRFLI.DC_GEN\[15\].DC.CORE.o_armed"  +all +trace_process
Verdi>fsdbDumpvars 0 "simulator.DCRFLI.DC_GEN\[15\].DC.CORE.i_start"  +all +trace_process
Verdi>fsdbDumpvars 0 "simulator.DCRFLI.DC_GEN\[15\].DC.CORE.o_sclk"  +all +trace_process
Verdi>fsdbDumpvars 0 "simulator.DCRFLI.DC_GEN\[15\].DC.CORE.o_mosi"  +all +trace_process
Verdi>fsdbDumpvars 0 "simulator.DCRFLI.DC_GEN\[15\].DC.CORE.i_miso"  +all +trace_process
Verdi>fsdbDumpvars 0 "simulator.DCRFLI.DC_GEN\[15\].DC.CORE.o_cs_n"  +all +trace_process
Verdi>fsdbDumpvars 0 "simulator.DCRFLI.DC_GEN\[15\].DC.CORE.o_ldac_n"  +all +trace_process
Verdi>fsdbDumpvars 0 "simulator.DCRFLI.DC_GEN\[15\].DC.CORE.h"  +all +trace_process
Verdi>fsdbDumpvars 0 "simulator.DCRFLI.DC_GEN\[15\].DC.CORE.o_next"  +all +trace_process
Verdi>fsdbDumpvars 0 "simulator.DCRFLI.DC_GEN\[15\].DC.CORE.o_addr\[3:0\]"  +all +trace_process
Verdi>fsdbDumpvars 0 "simulator.DCRFLI.DC_GEN\[15\].DC.CORE.o_iter\[9:0\]"  +all +trace_process
Verdi>fsdbDumpvars 0 "simulator.DCRFLI.DC_GEN\[15\].DC.CORE.o_spi_din\[23:0\]"  +all +trace_process
Verdi>fsdbDumpvars 0 "simulator.DCRFLI.DC_GEN\[15\].DC.CORE.o_spi_rd"  +all +trace_process
Verdi>fsdbDumpvars 0 "simulator.DCRFLI.DC_GEN\[15\].DC.CORE.o_spi_dout\[23:0\]"  +all +trace_process
Verdi>fsdbDumpvars 0 "simulator.DCRFLI.DC_GEN\[15\].DC.CORE.o_cycles_left\[29:0\]"  +all +trace_process
Verdi>fsdbDumpvars 0 "simulator.DC_IO_GEN\[15\].DAC.valid_transaction"  +all +trace_process
*Verdi* : Dumping the signal (simulator.DC_IO_GEN[15].DAC.valid_transaction).
Verdi>fsdbDumpvars 0 "simulator.DC_IO_GEN\[15\].DAC.input_shift_reg"  +all +trace_process
*Verdi* : Dumping the signal (simulator.DC_IO_GEN[15].DAC.input_shift_reg).
Verdi>fsdbDumpvars 0 "simulator.DC_IO_GEN\[15\].DAC.rw"  +all +trace_process
*Verdi* : Dumping the signal (simulator.DC_IO_GEN[15].DAC.rw).
Verdi>fsdbDumpvars 0 "simulator.DC_IO_GEN\[15\].DAC.addr"  +all +trace_process
*Verdi* : Dumping the signal (simulator.DC_IO_GEN[15].DAC.addr).
Verdi>fsdbDumpvars 0 "simulator.DC_IO_GEN\[15\].DAC.data"  +all +trace_process
*Verdi* : Dumping the signal (simulator.DC_IO_GEN[15].DAC.data).
Verdi>fsdbDumpvars 0 "simulator.DC_IO_GEN\[15\].DAC.rd_data"  +all +trace_process
*Verdi* : Dumping the signal (simulator.DC_IO_GEN[15].DAC.rd_data).
Verdi>fsdbDumpvars 0 "simulator.DC_IO_GEN\[15\].DAC.SCLK"  +all +trace_process
*Verdi* : Dumping the signal (simulator.DC_IO_GEN[15].DAC.SCLK).
Verdi>fsdbDumpvars 0 "simulator.DC_IO_GEN\[15\].DAC.SDIN"  +all +trace_process
*Verdi* : Dumping the signal (simulator.DC_IO_GEN[15].DAC.SDIN).
Verdi>fsdbDumpvars 0 "simulator.DC_IO_GEN\[15\].DAC.SYNC_N"  +all +trace_process
*Verdi* : Dumping the signal (simulator.DC_IO_GEN[15].DAC.SYNC_N).
Verdi>fsdbDumpvars 0 "simulator.DC_IO_GEN\[15\].DAC.SDO"  +all +trace_process
*Verdi* : Dumping the signal (simulator.DC_IO_GEN[15].DAC.SDO).
Verdi>fsdbDumpvars 0 "simulator.DC_IO_GEN\[15\].DAC.LDAC_N"  +all +trace_process
*Verdi* : Dumping the signal (simulator.DC_IO_GEN[15].DAC.LDAC_N).
Verdi>fsdbDumpvars 0 "simulator.DC_IO_GEN\[15\].DAC.CLR_N"  +all +trace_process
*Verdi* : Dumping the signal (simulator.DC_IO_GEN[15].DAC.CLR_N).
Verdi>fsdbDumpvars 0 "simulator.DC_IO_GEN\[15\].DAC.RESET_N"  +all +trace_process
*Verdi* : Dumping the signal (simulator.DC_IO_GEN[15].DAC.RESET_N).
Verdi>fsdbDumpvars 0 "simulator.DC_IO_GEN\[15\].DAC.dac_reg"  +all +trace_process
*Verdi* : Dumping the signal (simulator.DC_IO_GEN[15].DAC.dac_reg).
Verdi>fsdbDumpvars 0 "simulator.DC_IO_GEN\[15\].DAC.ctrl_reg"  +all +trace_process
*Verdi* : Dumping the signal (simulator.DC_IO_GEN[15].DAC.ctrl_reg).
Verdi>fsdbDumpvars 0 "simulator.DC_IO_GEN\[15\].DAC.clrcode_reg"  +all +trace_process
*Verdi* : Dumping the signal (simulator.DC_IO_GEN[15].DAC.clrcode_reg).
Verdi>fsdbDumpvars 0 "simulator.DC_IO_GEN\[15\].DAC.sw_ctrl_reg"  +all +trace_process
*Verdi* : Dumping the signal (simulator.DC_IO_GEN[15].DAC.sw_ctrl_reg).
Verdi>fsdbDumpvars 0 "simulator.DC_IO_GEN\[15\].DAC.dac_input_reg"  +all +trace_process
*Verdi* : Dumping the signal (simulator.DC_IO_GEN[15].DAC.dac_input_reg).
Verdi>fsdbDumpvars 0 "simulator.DC_IO_GEN\[15\].DAC.SDODIS"  +all +trace_process
*Verdi* : Dumping the signal (simulator.DC_IO_GEN[15].DAC.SDODIS).
Verdi>fsdbDumpvars 0 "simulator.DC_IO_GEN\[15\].DAC.DACTRI"  +all +trace_process
*Verdi* : Dumping the signal (simulator.DC_IO_GEN[15].DAC.DACTRI).
Verdi>fsdbDumpvars 0 "simulator.DC_IO_GEN\[15\].DAC.OPGND"  +all +trace_process
*Verdi* : Dumping the signal (simulator.DC_IO_GEN[15].DAC.OPGND).
Verdi>fsdbDumpvars 0 "simulator.DC_IO_GEN\[15\].DAC.VOUT"  +all +trace_process
*Verdi* : Dumping the signal (simulator.DC_IO_GEN[15].DAC.VOUT).
Verdi>fsdbDumpvars 0 "simulator.DC_IO_GEN\[15\].DAC.VDIGITAL"  +all +trace_process
*Verdi* : Dumping the signal (simulator.DC_IO_GEN[15].DAC.VDIGITAL).
Verdi>fsdbDumpvars 0 "simulator.DC_IO_GEN\[14\].REGS.AXIL_REGS.i_aclk"  +all +trace_process
Verdi>fsdbDumpvars 0 "simulator.DC_IO_GEN\[14\].REGS.AXIL_REGS.i_aresetn"  +all +trace_process
Verdi>fsdbDumpvars 0 "simulator.DC_IO_GEN\[14\].REGS.AXIL_REGS.r_regs\[0:31\]\[31:0\]"  +all +trace_process
Verdi>fsdbDumpvars 0 "simulator.DC_IO_GEN\[14\].REGS.AXIL_REGS.o_regs\[0:31\]\[31:0\]"  +all +trace_process
Verdi>fsdbDumpvars 0 "simulator.DC_IO_GEN\[14\].REGS.AXIL_REGS.o_awready"  +all +trace_process
Verdi>fsdbDumpvars 0 "simulator.DC_IO_GEN\[14\].REGS.AXIL_REGS.i_awvalid"  +all +trace_process
Verdi>fsdbDumpvars 0 "simulator.DC_IO_GEN\[14\].REGS.AXIL_REGS.i_awaddr\[6:0\]"  +all +trace_process
Verdi>fsdbDumpvars 0 "simulator.DC_IO_GEN\[14\].REGS.AXIL_REGS.w_awireg\[4:0\]"  +all +trace_process
Verdi>fsdbDumpvars 0 "simulator.DC_IO_GEN\[14\].REGS.AXIL_REGS.w_awls2b\[1:0\]"  +all +trace_process
Verdi>fsdbDumpvars 0 "simulator.DC_IO_GEN\[14\].REGS.AXIL_REGS.o_wready"  +all +trace_process
Verdi>fsdbDumpvars 0 "simulator.DC_IO_GEN\[14\].REGS.AXIL_REGS.i_wvalid"  +all +trace_process
Verdi>fsdbDumpvars 0 "simulator.DC_IO_GEN\[14\].REGS.AXIL_REGS.i_wdata\[31:0\]"  +all +trace_process
Verdi>fsdbDumpvars 0 "simulator.DC_IO_GEN\[14\].REGS.AXIL_REGS.i_wstrb\[3:0\]"  +all +trace_process
Verdi>fsdbDumpvars 0 "simulator.DC_IO_GEN\[14\].REGS.AXIL_REGS.w_wdatastrb\[31:0\]"  +all +trace_process
Verdi>fsdbDumpvars 0 "simulator.DC_IO_GEN\[14\].REGS.AXIL_REGS.i_bready"  +all +trace_process
Verdi>fsdbDumpvars 0 "simulator.DC_IO_GEN\[14\].REGS.AXIL_REGS.o_bvalid"  +all +trace_process
Verdi>fsdbDumpvars 0 "simulator.DC_IO_GEN\[14\].REGS.AXIL_REGS.o_bresp\[1:0\]"  +all +trace_process
Verdi>fsdbDumpvars 0 "simulator.DC_IO_GEN\[14\].REGS.AXIL_REGS.o_arready"  +all +trace_process
Verdi>fsdbDumpvars 0 "simulator.DC_IO_GEN\[14\].REGS.AXIL_REGS.i_arvalid"  +all +trace_process
Verdi>fsdbDumpvars 0 "simulator.DC_IO_GEN\[14\].REGS.AXIL_REGS.i_araddr\[6:0\]"  +all +trace_process
Verdi>fsdbDumpvars 0 "simulator.DC_IO_GEN\[14\].REGS.AXIL_REGS.w_arireg\[4:0\]"  +all +trace_process
Verdi>fsdbDumpvars 0 "simulator.DC_IO_GEN\[14\].REGS.AXIL_REGS.w_arls2b\[1:0\]"  +all +trace_process
Verdi>fsdbDumpvars 0 "simulator.DC_IO_GEN\[14\].REGS.AXIL_REGS.i_rready"  +all +trace_process
Verdi>fsdbDumpvars 0 "simulator.DC_IO_GEN\[14\].REGS.AXIL_REGS.o_rvalid"  +all +trace_process
Verdi>fsdbDumpvars 0 "simulator.DC_IO_GEN\[14\].REGS.AXIL_REGS.o_rdata\[31:0\]"  +all +trace_process
Verdi>fsdbDumpvars 0 "simulator.DC_IO_GEN\[14\].REGS.AXIL_REGS.o_rresp\[1:0\]"  +all +trace_process
Verdi>fsdbDumpvars 0 "simulator.DCRFLI.DC_GEN\[14\].DC.SEQ.i_clk"  +all +trace_process
Verdi>fsdbDumpvars 0 "simulator.DCRFLI.DC_GEN\[14\].DC.SEQ.i_rst"  +all +trace_process
Verdi>fsdbDumpvars 0 "simulator.DCRFLI.DC_GEN\[14\].DC.SEQ.w_propagate"  +all +trace_process
Verdi>fsdbDumpvars 0 "simulator.DCRFLI.DC_GEN\[14\].DC.SEQ.i_regs\[0:31\]\[31:0\]"  +all +trace_process
Verdi>fsdbDumpvars 0 "simulator.DCRFLI.DC_GEN\[14\].DC.SEQ.w_last0"  +all +trace_process
Verdi>fsdbDumpvars 0 "simulator.DCRFLI.DC_GEN\[14\].DC.SEQ.w_last0_ff1"  +all +trace_process
Verdi>fsdbDumpvars 0 "simulator.DCRFLI.DC_GEN\[14\].DC.SEQ.w_last0_ff2"  +all +trace_process
Verdi>fsdbDumpvars 0 "simulator.DCRFLI.DC_GEN\[14\].DC.SEQ.w_new_sequence"  +all +trace_process
Verdi>fsdbDumpvars 0 "simulator.DCRFLI.DC_GEN\[14\].DC.SEQ.r_sequence\[0:9\]\[91:0\]"  +all +trace_process
Verdi>fsdbDumpvars 0 "simulator.DCRFLI.DC_GEN\[14\].DC.SEQ.r_iters\[10:0\]"  +all +trace_process
Verdi>fsdbDumpvars 0 "simulator.DCRFLI.DC_GEN\[14\].DC.SEQ.r_iptr\[3:0\]"  +all +trace_process
Verdi>fsdbDumpvars 0 "simulator.DCRFLI.DC_GEN\[14\].DC.SEQ.w_insn_fetch\[91:0\]"  +all +trace_process
Verdi>fsdbDumpvars 0 "simulator.DCRFLI.DC_GEN\[14\].DC.SEQ.w_insn_bubble"  +all +trace_process
Verdi>fsdbDumpvars 0 "simulator.DCRFLI.DC_GEN\[14\].DC.SEQ.w_iptr_plus1\[3:0\]"  +all +trace_process
Verdi>fsdbDumpvars 0 "simulator.DCRFLI.DC_GEN\[14\].DC.SEQ.w_next_null"  +all +trace_process
Verdi>fsdbDumpvars 0 "simulator.DCRFLI.DC_GEN\[14\].DC.SEQ.o_empty"  +all +trace_process
Verdi>fsdbDumpvars 0 "simulator.DCRFLI.DC_GEN\[14\].DC.SEQ.i_next"  +all +trace_process
Verdi>fsdbDumpvars 0 "simulator.DCRFLI.DC_GEN\[14\].DC.SEQ.o_addr\[3:0\]"  +all +trace_process
Verdi>fsdbDumpvars 0 "simulator.DCRFLI.DC_GEN\[14\].DC.SEQ.o_insn\[91:0\]"  +all +trace_process
Verdi>fsdbDumpvars 0 "simulator.DCRFLI.DC_GEN\[14\].DC.SEQ.r_iptr_modify\[3:0\]"  +all +trace_process
Verdi>fsdbDumpvars 0 "simulator.DCRFLI.DC_GEN\[14\].DC.SEQ.i_insn_modified\[91:0\]"  +all +trace_process
Verdi>fsdbDumpvars 0 "simulator.DCRFLI.DC_GEN\[14\].DC.CORE.i_clk"  +all +trace_process
Verdi>fsdbDumpvars 0 "simulator.DCRFLI.DC_GEN\[14\].DC.CORE.i_rst"  +all +trace_process
Verdi>fsdbDumpvars 0 "simulator.DCRFLI.DC_GEN\[14\].DC.CORE.w_stall"  +all +trace_process
Verdi>fsdbDumpvars 0 "simulator.DCRFLI.DC_GEN\[14\].DC.CORE.d"  +all +trace_process
Verdi>fsdbDumpvars 0 "simulator.DCRFLI.DC_GEN\[14\].DC.CORE.i_empty"  +all +trace_process
Verdi>fsdbDumpvars 0 "simulator.DCRFLI.DC_GEN\[14\].DC.CORE.o_next"  +all +trace_process
Verdi>fsdbDumpvars 0 "simulator.DCRFLI.DC_GEN\[14\].DC.CORE.i_addr\[3:0\]"  +all +trace_process
Verdi>fsdbDumpvars 0 "simulator.DCRFLI.DC_GEN\[14\].DC.CORE.i_insn\[91:0\]"  +all +trace_process
Verdi>fsdbDumpvars 0 "simulator.DCRFLI.DC_GEN\[14\].DC.CORE.o_insn_modified"  +all +trace_process
Verdi>fsdbDumpvars 0 "simulator.DCRFLI.DC_GEN\[14\].DC.CORE.i"  +all +trace_process
Verdi>fsdbDumpvars 0 "simulator.DCRFLI.DC_GEN\[14\].DC.CORE.s"  +all +trace_process
Verdi>fsdbDumpvars 0 "simulator.DCRFLI.DC_GEN\[14\].DC.CORE.w_dvsr\[15:0\]"  +all +trace_process
Verdi>fsdbDumpvars 0 "simulator.DCRFLI.DC_GEN\[14\].DC.CORE.w_spi_dout\[23:0\]"  +all +trace_process
Verdi>fsdbDumpvars 0 "simulator.DCRFLI.DC_GEN\[14\].DC.CORE.w_spi_done"  +all +trace_process
Verdi>fsdbDumpvars 0 "simulator.DCRFLI.DC_GEN\[14\].DC.CORE.o_armed"  +all +trace_process
Verdi>fsdbDumpvars 0 "simulator.DCRFLI.DC_GEN\[14\].DC.CORE.i_start"  +all +trace_process
Verdi>fsdbDumpvars 0 "simulator.DCRFLI.DC_GEN\[14\].DC.CORE.o_sclk"  +all +trace_process
Verdi>fsdbDumpvars 0 "simulator.DCRFLI.DC_GEN\[14\].DC.CORE.o_mosi"  +all +trace_process
Verdi>fsdbDumpvars 0 "simulator.DCRFLI.DC_GEN\[14\].DC.CORE.i_miso"  +all +trace_process
Verdi>fsdbDumpvars 0 "simulator.DCRFLI.DC_GEN\[14\].DC.CORE.o_cs_n"  +all +trace_process
Verdi>fsdbDumpvars 0 "simulator.DCRFLI.DC_GEN\[14\].DC.CORE.o_ldac_n"  +all +trace_process
Verdi>fsdbDumpvars 0 "simulator.DCRFLI.DC_GEN\[14\].DC.CORE.h"  +all +trace_process
Verdi>fsdbDumpvars 0 "simulator.DCRFLI.DC_GEN\[14\].DC.CORE.o_next"  +all +trace_process
Verdi>fsdbDumpvars 0 "simulator.DCRFLI.DC_GEN\[14\].DC.CORE.o_addr\[3:0\]"  +all +trace_process
Verdi>fsdbDumpvars 0 "simulator.DCRFLI.DC_GEN\[14\].DC.CORE.o_iter\[9:0\]"  +all +trace_process
Verdi>fsdbDumpvars 0 "simulator.DCRFLI.DC_GEN\[14\].DC.CORE.o_spi_din\[23:0\]"  +all +trace_process
Verdi>fsdbDumpvars 0 "simulator.DCRFLI.DC_GEN\[14\].DC.CORE.o_spi_rd"  +all +trace_process
Verdi>fsdbDumpvars 0 "simulator.DCRFLI.DC_GEN\[14\].DC.CORE.o_spi_dout\[23:0\]"  +all +trace_process
Verdi>fsdbDumpvars 0 "simulator.DCRFLI.DC_GEN\[14\].DC.CORE.o_cycles_left\[29:0\]"  +all +trace_process
Verdi>fsdbDumpvars 0 "simulator.DC_IO_GEN\[14\].DAC.valid_transaction"  +all +trace_process
*Verdi* : Dumping the signal (simulator.DC_IO_GEN[14].DAC.valid_transaction).
Verdi>fsdbDumpvars 0 "simulator.DC_IO_GEN\[14\].DAC.input_shift_reg"  +all +trace_process
*Verdi* : Dumping the signal (simulator.DC_IO_GEN[14].DAC.input_shift_reg).
Verdi>fsdbDumpvars 0 "simulator.DC_IO_GEN\[14\].DAC.rw"  +all +trace_process
*Verdi* : Dumping the signal (simulator.DC_IO_GEN[14].DAC.rw).
Verdi>fsdbDumpvars 0 "simulator.DC_IO_GEN\[14\].DAC.addr"  +all +trace_process
*Verdi* : Dumping the signal (simulator.DC_IO_GEN[14].DAC.addr).
Verdi>fsdbDumpvars 0 "simulator.DC_IO_GEN\[14\].DAC.data"  +all +trace_process
*Verdi* : Dumping the signal (simulator.DC_IO_GEN[14].DAC.data).
Verdi>fsdbDumpvars 0 "simulator.DC_IO_GEN\[14\].DAC.rd_data"  +all +trace_process
*Verdi* : Dumping the signal (simulator.DC_IO_GEN[14].DAC.rd_data).
Verdi>fsdbDumpvars 0 "simulator.DC_IO_GEN\[14\].DAC.SCLK"  +all +trace_process
*Verdi* : Dumping the signal (simulator.DC_IO_GEN[14].DAC.SCLK).
Verdi>fsdbDumpvars 0 "simulator.DC_IO_GEN\[14\].DAC.SDIN"  +all +trace_process
*Verdi* : Dumping the signal (simulator.DC_IO_GEN[14].DAC.SDIN).
Verdi>fsdbDumpvars 0 "simulator.DC_IO_GEN\[14\].DAC.SYNC_N"  +all +trace_process
*Verdi* : Dumping the signal (simulator.DC_IO_GEN[14].DAC.SYNC_N).
Verdi>fsdbDumpvars 0 "simulator.DC_IO_GEN\[14\].DAC.SDO"  +all +trace_process
*Verdi* : Dumping the signal (simulator.DC_IO_GEN[14].DAC.SDO).
Verdi>fsdbDumpvars 0 "simulator.DC_IO_GEN\[14\].DAC.LDAC_N"  +all +trace_process
*Verdi* : Dumping the signal (simulator.DC_IO_GEN[14].DAC.LDAC_N).
Verdi>fsdbDumpvars 0 "simulator.DC_IO_GEN\[14\].DAC.CLR_N"  +all +trace_process
*Verdi* : Dumping the signal (simulator.DC_IO_GEN[14].DAC.CLR_N).
Verdi>fsdbDumpvars 0 "simulator.DC_IO_GEN\[14\].DAC.RESET_N"  +all +trace_process
*Verdi* : Dumping the signal (simulator.DC_IO_GEN[14].DAC.RESET_N).
Verdi>fsdbDumpvars 0 "simulator.DC_IO_GEN\[14\].DAC.dac_reg"  +all +trace_process
*Verdi* : Dumping the signal (simulator.DC_IO_GEN[14].DAC.dac_reg).
Verdi>fsdbDumpvars 0 "simulator.DC_IO_GEN\[14\].DAC.ctrl_reg"  +all +trace_process
*Verdi* : Dumping the signal (simulator.DC_IO_GEN[14].DAC.ctrl_reg).
Verdi>fsdbDumpvars 0 "simulator.DC_IO_GEN\[14\].DAC.clrcode_reg"  +all +trace_process
*Verdi* : Dumping the signal (simulator.DC_IO_GEN[14].DAC.clrcode_reg).
Verdi>fsdbDumpvars 0 "simulator.DC_IO_GEN\[14\].DAC.sw_ctrl_reg"  +all +trace_process
*Verdi* : Dumping the signal (simulator.DC_IO_GEN[14].DAC.sw_ctrl_reg).
Verdi>fsdbDumpvars 0 "simulator.DC_IO_GEN\[14\].DAC.dac_input_reg"  +all +trace_process
*Verdi* : Dumping the signal (simulator.DC_IO_GEN[14].DAC.dac_input_reg).
Verdi>fsdbDumpvars 0 "simulator.DC_IO_GEN\[14\].DAC.SDODIS"  +all +trace_process
*Verdi* : Dumping the signal (simulator.DC_IO_GEN[14].DAC.SDODIS).
Verdi>fsdbDumpvars 0 "simulator.DC_IO_GEN\[14\].DAC.DACTRI"  +all +trace_process
*Verdi* : Dumping the signal (simulator.DC_IO_GEN[14].DAC.DACTRI).
Verdi>fsdbDumpvars 0 "simulator.DC_IO_GEN\[14\].DAC.OPGND"  +all +trace_process
*Verdi* : Dumping the signal (simulator.DC_IO_GEN[14].DAC.OPGND).
Verdi>fsdbDumpvars 0 "simulator.DC_IO_GEN\[14\].DAC.VOUT"  +all +trace_process
*Verdi* : Dumping the signal (simulator.DC_IO_GEN[14].DAC.VOUT).
Verdi>fsdbDumpvars 0 "simulator.DC_IO_GEN\[14\].DAC.VDIGITAL"  +all +trace_process
*Verdi* : Dumping the signal (simulator.DC_IO_GEN[14].DAC.VDIGITAL).
Verdi>fsdbDumpvars 0 "simulator.DC_IO_GEN\[13\].REGS.AXIL_REGS.i_aclk"  +all +trace_process
Verdi>fsdbDumpvars 0 "simulator.DC_IO_GEN\[13\].REGS.AXIL_REGS.i_aresetn"  +all +trace_process
Verdi>fsdbDumpvars 0 "simulator.DC_IO_GEN\[13\].REGS.AXIL_REGS.r_regs\[0:31\]\[31:0\]"  +all +trace_process
Verdi>fsdbDumpvars 0 "simulator.DC_IO_GEN\[13\].REGS.AXIL_REGS.o_regs\[0:31\]\[31:0\]"  +all +trace_process
Verdi>fsdbDumpvars 0 "simulator.DC_IO_GEN\[13\].REGS.AXIL_REGS.o_awready"  +all +trace_process
Verdi>fsdbDumpvars 0 "simulator.DC_IO_GEN\[13\].REGS.AXIL_REGS.i_awvalid"  +all +trace_process
Verdi>fsdbDumpvars 0 "simulator.DC_IO_GEN\[13\].REGS.AXIL_REGS.i_awaddr\[6:0\]"  +all +trace_process
Verdi>fsdbDumpvars 0 "simulator.DC_IO_GEN\[13\].REGS.AXIL_REGS.w_awireg\[4:0\]"  +all +trace_process
Verdi>fsdbDumpvars 0 "simulator.DC_IO_GEN\[13\].REGS.AXIL_REGS.w_awls2b\[1:0\]"  +all +trace_process
Verdi>fsdbDumpvars 0 "simulator.DC_IO_GEN\[13\].REGS.AXIL_REGS.o_wready"  +all +trace_process
Verdi>fsdbDumpvars 0 "simulator.DC_IO_GEN\[13\].REGS.AXIL_REGS.i_wvalid"  +all +trace_process
Verdi>fsdbDumpvars 0 "simulator.DC_IO_GEN\[13\].REGS.AXIL_REGS.i_wdata\[31:0\]"  +all +trace_process
Verdi>fsdbDumpvars 0 "simulator.DC_IO_GEN\[13\].REGS.AXIL_REGS.i_wstrb\[3:0\]"  +all +trace_process
Verdi>fsdbDumpvars 0 "simulator.DC_IO_GEN\[13\].REGS.AXIL_REGS.w_wdatastrb\[31:0\]"  +all +trace_process
Verdi>fsdbDumpvars 0 "simulator.DC_IO_GEN\[13\].REGS.AXIL_REGS.i_bready"  +all +trace_process
Verdi>fsdbDumpvars 0 "simulator.DC_IO_GEN\[13\].REGS.AXIL_REGS.o_bvalid"  +all +trace_process
Verdi>fsdbDumpvars 0 "simulator.DC_IO_GEN\[13\].REGS.AXIL_REGS.o_bresp\[1:0\]"  +all +trace_process
Verdi>fsdbDumpvars 0 "simulator.DC_IO_GEN\[13\].REGS.AXIL_REGS.o_arready"  +all +trace_process
Verdi>fsdbDumpvars 0 "simulator.DC_IO_GEN\[13\].REGS.AXIL_REGS.i_arvalid"  +all +trace_process
Verdi>fsdbDumpvars 0 "simulator.DC_IO_GEN\[13\].REGS.AXIL_REGS.i_araddr\[6:0\]"  +all +trace_process
Verdi>fsdbDumpvars 0 "simulator.DC_IO_GEN\[13\].REGS.AXIL_REGS.w_arireg\[4:0\]"  +all +trace_process
Verdi>fsdbDumpvars 0 "simulator.DC_IO_GEN\[13\].REGS.AXIL_REGS.w_arls2b\[1:0\]"  +all +trace_process
Verdi>fsdbDumpvars 0 "simulator.DC_IO_GEN\[13\].REGS.AXIL_REGS.i_rready"  +all +trace_process
Verdi>fsdbDumpvars 0 "simulator.DC_IO_GEN\[13\].REGS.AXIL_REGS.o_rvalid"  +all +trace_process
Verdi>fsdbDumpvars 0 "simulator.DC_IO_GEN\[13\].REGS.AXIL_REGS.o_rdata\[31:0\]"  +all +trace_process
Verdi>fsdbDumpvars 0 "simulator.DC_IO_GEN\[13\].REGS.AXIL_REGS.o_rresp\[1:0\]"  +all +trace_process
Verdi>fsdbDumpvars 0 "simulator.DCRFLI.DC_GEN\[13\].DC.SEQ.i_clk"  +all +trace_process
Verdi>fsdbDumpvars 0 "simulator.DCRFLI.DC_GEN\[13\].DC.SEQ.i_rst"  +all +trace_process
Verdi>fsdbDumpvars 0 "simulator.DCRFLI.DC_GEN\[13\].DC.SEQ.w_propagate"  +all +trace_process
Verdi>fsdbDumpvars 0 "simulator.DCRFLI.DC_GEN\[13\].DC.SEQ.i_regs\[0:31\]\[31:0\]"  +all +trace_process
Verdi>fsdbDumpvars 0 "simulator.DCRFLI.DC_GEN\[13\].DC.SEQ.w_last0"  +all +trace_process
Verdi>fsdbDumpvars 0 "simulator.DCRFLI.DC_GEN\[13\].DC.SEQ.w_last0_ff1"  +all +trace_process
Verdi>fsdbDumpvars 0 "simulator.DCRFLI.DC_GEN\[13\].DC.SEQ.w_last0_ff2"  +all +trace_process
Verdi>fsdbDumpvars 0 "simulator.DCRFLI.DC_GEN\[13\].DC.SEQ.w_new_sequence"  +all +trace_process
Verdi>fsdbDumpvars 0 "simulator.DCRFLI.DC_GEN\[13\].DC.SEQ.r_sequence\[0:9\]\[91:0\]"  +all +trace_process
Verdi>fsdbDumpvars 0 "simulator.DCRFLI.DC_GEN\[13\].DC.SEQ.r_iters\[10:0\]"  +all +trace_process
Verdi>fsdbDumpvars 0 "simulator.DCRFLI.DC_GEN\[13\].DC.SEQ.r_iptr\[3:0\]"  +all +trace_process
Verdi>fsdbDumpvars 0 "simulator.DCRFLI.DC_GEN\[13\].DC.SEQ.w_insn_fetch\[91:0\]"  +all +trace_process
Verdi>fsdbDumpvars 0 "simulator.DCRFLI.DC_GEN\[13\].DC.SEQ.w_insn_bubble"  +all +trace_process
Verdi>fsdbDumpvars 0 "simulator.DCRFLI.DC_GEN\[13\].DC.SEQ.w_iptr_plus1\[3:0\]"  +all +trace_process
Verdi>fsdbDumpvars 0 "simulator.DCRFLI.DC_GEN\[13\].DC.SEQ.w_next_null"  +all +trace_process
Verdi>fsdbDumpvars 0 "simulator.DCRFLI.DC_GEN\[13\].DC.SEQ.o_empty"  +all +trace_process
Verdi>fsdbDumpvars 0 "simulator.DCRFLI.DC_GEN\[13\].DC.SEQ.i_next"  +all +trace_process
Verdi>fsdbDumpvars 0 "simulator.DCRFLI.DC_GEN\[13\].DC.SEQ.o_addr\[3:0\]"  +all +trace_process
Verdi>fsdbDumpvars 0 "simulator.DCRFLI.DC_GEN\[13\].DC.SEQ.o_insn\[91:0\]"  +all +trace_process
Verdi>fsdbDumpvars 0 "simulator.DCRFLI.DC_GEN\[13\].DC.SEQ.r_iptr_modify\[3:0\]"  +all +trace_process
Verdi>fsdbDumpvars 0 "simulator.DCRFLI.DC_GEN\[13\].DC.SEQ.i_insn_modified\[91:0\]"  +all +trace_process
Verdi>fsdbDumpvars 0 "simulator.DCRFLI.DC_GEN\[13\].DC.CORE.i_clk"  +all +trace_process
Verdi>fsdbDumpvars 0 "simulator.DCRFLI.DC_GEN\[13\].DC.CORE.i_rst"  +all +trace_process
Verdi>fsdbDumpvars 0 "simulator.DCRFLI.DC_GEN\[13\].DC.CORE.w_stall"  +all +trace_process
Verdi>fsdbDumpvars 0 "simulator.DCRFLI.DC_GEN\[13\].DC.CORE.d"  +all +trace_process
Verdi>fsdbDumpvars 0 "simulator.DCRFLI.DC_GEN\[13\].DC.CORE.i_empty"  +all +trace_process
Verdi>fsdbDumpvars 0 "simulator.DCRFLI.DC_GEN\[13\].DC.CORE.o_next"  +all +trace_process
Verdi>fsdbDumpvars 0 "simulator.DCRFLI.DC_GEN\[13\].DC.CORE.i_addr\[3:0\]"  +all +trace_process
Verdi>fsdbDumpvars 0 "simulator.DCRFLI.DC_GEN\[13\].DC.CORE.i_insn\[91:0\]"  +all +trace_process
Verdi>fsdbDumpvars 0 "simulator.DCRFLI.DC_GEN\[13\].DC.CORE.o_insn_modified"  +all +trace_process
Verdi>fsdbDumpvars 0 "simulator.DCRFLI.DC_GEN\[13\].DC.CORE.i"  +all +trace_process
Verdi>fsdbDumpvars 0 "simulator.DCRFLI.DC_GEN\[13\].DC.CORE.s"  +all +trace_process
Verdi>fsdbDumpvars 0 "simulator.DCRFLI.DC_GEN\[13\].DC.CORE.w_dvsr\[15:0\]"  +all +trace_process
Verdi>fsdbDumpvars 0 "simulator.DCRFLI.DC_GEN\[13\].DC.CORE.w_spi_dout\[23:0\]"  +all +trace_process
Verdi>fsdbDumpvars 0 "simulator.DCRFLI.DC_GEN\[13\].DC.CORE.w_spi_done"  +all +trace_process
Verdi>fsdbDumpvars 0 "simulator.DCRFLI.DC_GEN\[13\].DC.CORE.o_armed"  +all +trace_process
Verdi>fsdbDumpvars 0 "simulator.DCRFLI.DC_GEN\[13\].DC.CORE.i_start"  +all +trace_process
Verdi>fsdbDumpvars 0 "simulator.DCRFLI.DC_GEN\[13\].DC.CORE.o_sclk"  +all +trace_process
Verdi>fsdbDumpvars 0 "simulator.DCRFLI.DC_GEN\[13\].DC.CORE.o_mosi"  +all +trace_process
Verdi>fsdbDumpvars 0 "simulator.DCRFLI.DC_GEN\[13\].DC.CORE.i_miso"  +all +trace_process
Verdi>fsdbDumpvars 0 "simulator.DCRFLI.DC_GEN\[13\].DC.CORE.o_cs_n"  +all +trace_process
Verdi>fsdbDumpvars 0 "simulator.DCRFLI.DC_GEN\[13\].DC.CORE.o_ldac_n"  +all +trace_process
Verdi>fsdbDumpvars 0 "simulator.DCRFLI.DC_GEN\[13\].DC.CORE.h"  +all +trace_process
Verdi>fsdbDumpvars 0 "simulator.DCRFLI.DC_GEN\[13\].DC.CORE.o_next"  +all +trace_process
Verdi>fsdbDumpvars 0 "simulator.DCRFLI.DC_GEN\[13\].DC.CORE.o_addr\[3:0\]"  +all +trace_process
Verdi>fsdbDumpvars 0 "simulator.DCRFLI.DC_GEN\[13\].DC.CORE.o_iter\[9:0\]"  +all +trace_process
Verdi>fsdbDumpvars 0 "simulator.DCRFLI.DC_GEN\[13\].DC.CORE.o_spi_din\[23:0\]"  +all +trace_process
Verdi>fsdbDumpvars 0 "simulator.DCRFLI.DC_GEN\[13\].DC.CORE.o_spi_rd"  +all +trace_process
Verdi>fsdbDumpvars 0 "simulator.DCRFLI.DC_GEN\[13\].DC.CORE.o_spi_dout\[23:0\]"  +all +trace_process
Verdi>fsdbDumpvars 0 "simulator.DCRFLI.DC_GEN\[13\].DC.CORE.o_cycles_left\[29:0\]"  +all +trace_process
Verdi>fsdbDumpvars 0 "simulator.DC_IO_GEN\[13\].DAC.valid_transaction"  +all +trace_process
*Verdi* : Dumping the signal (simulator.DC_IO_GEN[13].DAC.valid_transaction).
Verdi>fsdbDumpvars 0 "simulator.DC_IO_GEN\[13\].DAC.input_shift_reg"  +all +trace_process
*Verdi* : Dumping the signal (simulator.DC_IO_GEN[13].DAC.input_shift_reg).
Verdi>fsdbDumpvars 0 "simulator.DC_IO_GEN\[13\].DAC.rw"  +all +trace_process
*Verdi* : Dumping the signal (simulator.DC_IO_GEN[13].DAC.rw).
Verdi>fsdbDumpvars 0 "simulator.DC_IO_GEN\[13\].DAC.addr"  +all +trace_process
*Verdi* : Dumping the signal (simulator.DC_IO_GEN[13].DAC.addr).
Verdi>fsdbDumpvars 0 "simulator.DC_IO_GEN\[13\].DAC.data"  +all +trace_process
*Verdi* : Dumping the signal (simulator.DC_IO_GEN[13].DAC.data).
Verdi>fsdbDumpvars 0 "simulator.DC_IO_GEN\[13\].DAC.rd_data"  +all +trace_process
*Verdi* : Dumping the signal (simulator.DC_IO_GEN[13].DAC.rd_data).
Verdi>fsdbDumpvars 0 "simulator.DC_IO_GEN\[13\].DAC.SCLK"  +all +trace_process
*Verdi* : Dumping the signal (simulator.DC_IO_GEN[13].DAC.SCLK).
Verdi>fsdbDumpvars 0 "simulator.DC_IO_GEN\[13\].DAC.SDIN"  +all +trace_process
*Verdi* : Dumping the signal (simulator.DC_IO_GEN[13].DAC.SDIN).
Verdi>fsdbDumpvars 0 "simulator.DC_IO_GEN\[13\].DAC.SYNC_N"  +all +trace_process
*Verdi* : Dumping the signal (simulator.DC_IO_GEN[13].DAC.SYNC_N).
Verdi>fsdbDumpvars 0 "simulator.DC_IO_GEN\[13\].DAC.SDO"  +all +trace_process
*Verdi* : Dumping the signal (simulator.DC_IO_GEN[13].DAC.SDO).
Verdi>fsdbDumpvars 0 "simulator.DC_IO_GEN\[13\].DAC.LDAC_N"  +all +trace_process
*Verdi* : Dumping the signal (simulator.DC_IO_GEN[13].DAC.LDAC_N).
Verdi>fsdbDumpvars 0 "simulator.DC_IO_GEN\[13\].DAC.CLR_N"  +all +trace_process
*Verdi* : Dumping the signal (simulator.DC_IO_GEN[13].DAC.CLR_N).
Verdi>fsdbDumpvars 0 "simulator.DC_IO_GEN\[13\].DAC.RESET_N"  +all +trace_process
*Verdi* : Dumping the signal (simulator.DC_IO_GEN[13].DAC.RESET_N).
Verdi>fsdbDumpvars 0 "simulator.DC_IO_GEN\[13\].DAC.dac_reg"  +all +trace_process
*Verdi* : Dumping the signal (simulator.DC_IO_GEN[13].DAC.dac_reg).
Verdi>fsdbDumpvars 0 "simulator.DC_IO_GEN\[13\].DAC.ctrl_reg"  +all +trace_process
*Verdi* : Dumping the signal (simulator.DC_IO_GEN[13].DAC.ctrl_reg).
Verdi>fsdbDumpvars 0 "simulator.DC_IO_GEN\[13\].DAC.clrcode_reg"  +all +trace_process
*Verdi* : Dumping the signal (simulator.DC_IO_GEN[13].DAC.clrcode_reg).
Verdi>fsdbDumpvars 0 "simulator.DC_IO_GEN\[13\].DAC.sw_ctrl_reg"  +all +trace_process
*Verdi* : Dumping the signal (simulator.DC_IO_GEN[13].DAC.sw_ctrl_reg).
Verdi>fsdbDumpvars 0 "simulator.DC_IO_GEN\[13\].DAC.dac_input_reg"  +all +trace_process
*Verdi* : Dumping the signal (simulator.DC_IO_GEN[13].DAC.dac_input_reg).
Verdi>fsdbDumpvars 0 "simulator.DC_IO_GEN\[13\].DAC.SDODIS"  +all +trace_process
*Verdi* : Dumping the signal (simulator.DC_IO_GEN[13].DAC.SDODIS).
Verdi>fsdbDumpvars 0 "simulator.DC_IO_GEN\[13\].DAC.DACTRI"  +all +trace_process
*Verdi* : Dumping the signal (simulator.DC_IO_GEN[13].DAC.DACTRI).
Verdi>fsdbDumpvars 0 "simulator.DC_IO_GEN\[13\].DAC.OPGND"  +all +trace_process
*Verdi* : Dumping the signal (simulator.DC_IO_GEN[13].DAC.OPGND).
Verdi>fsdbDumpvars 0 "simulator.DC_IO_GEN\[13\].DAC.VOUT"  +all +trace_process
*Verdi* : Dumping the signal (simulator.DC_IO_GEN[13].DAC.VOUT).
Verdi>fsdbDumpvars 0 "simulator.DC_IO_GEN\[13\].DAC.VDIGITAL"  +all +trace_process
*Verdi* : Dumping the signal (simulator.DC_IO_GEN[13].DAC.VDIGITAL).
Verdi>fsdbDumpvars 0 "simulator.DC_IO_GEN\[12\].REGS.AXIL_REGS.i_aclk"  +all +trace_process
Verdi>fsdbDumpvars 0 "simulator.DC_IO_GEN\[12\].REGS.AXIL_REGS.i_aresetn"  +all +trace_process
Verdi>fsdbDumpvars 0 "simulator.DC_IO_GEN\[12\].REGS.AXIL_REGS.r_regs\[0:31\]\[31:0\]"  +all +trace_process
Verdi>fsdbDumpvars 0 "simulator.DC_IO_GEN\[12\].REGS.AXIL_REGS.o_regs\[0:31\]\[31:0\]"  +all +trace_process
Verdi>fsdbDumpvars 0 "simulator.DC_IO_GEN\[12\].REGS.AXIL_REGS.o_awready"  +all +trace_process
Verdi>fsdbDumpvars 0 "simulator.DC_IO_GEN\[12\].REGS.AXIL_REGS.i_awvalid"  +all +trace_process
Verdi>fsdbDumpvars 0 "simulator.DC_IO_GEN\[12\].REGS.AXIL_REGS.i_awaddr\[6:0\]"  +all +trace_process
Verdi>fsdbDumpvars 0 "simulator.DC_IO_GEN\[12\].REGS.AXIL_REGS.w_awireg\[4:0\]"  +all +trace_process
Verdi>fsdbDumpvars 0 "simulator.DC_IO_GEN\[12\].REGS.AXIL_REGS.w_awls2b\[1:0\]"  +all +trace_process
Verdi>fsdbDumpvars 0 "simulator.DC_IO_GEN\[12\].REGS.AXIL_REGS.o_wready"  +all +trace_process
Verdi>fsdbDumpvars 0 "simulator.DC_IO_GEN\[12\].REGS.AXIL_REGS.i_wvalid"  +all +trace_process
Verdi>fsdbDumpvars 0 "simulator.DC_IO_GEN\[12\].REGS.AXIL_REGS.i_wdata\[31:0\]"  +all +trace_process
Verdi>fsdbDumpvars 0 "simulator.DC_IO_GEN\[12\].REGS.AXIL_REGS.i_wstrb\[3:0\]"  +all +trace_process
Verdi>fsdbDumpvars 0 "simulator.DC_IO_GEN\[12\].REGS.AXIL_REGS.w_wdatastrb\[31:0\]"  +all +trace_process
Verdi>fsdbDumpvars 0 "simulator.DC_IO_GEN\[12\].REGS.AXIL_REGS.i_bready"  +all +trace_process
Verdi>fsdbDumpvars 0 "simulator.DC_IO_GEN\[12\].REGS.AXIL_REGS.o_bvalid"  +all +trace_process
Verdi>fsdbDumpvars 0 "simulator.DC_IO_GEN\[12\].REGS.AXIL_REGS.o_bresp\[1:0\]"  +all +trace_process
Verdi>fsdbDumpvars 0 "simulator.DC_IO_GEN\[12\].REGS.AXIL_REGS.o_arready"  +all +trace_process
Verdi>fsdbDumpvars 0 "simulator.DC_IO_GEN\[12\].REGS.AXIL_REGS.i_arvalid"  +all +trace_process
Verdi>fsdbDumpvars 0 "simulator.DC_IO_GEN\[12\].REGS.AXIL_REGS.i_araddr\[6:0\]"  +all +trace_process
Verdi>fsdbDumpvars 0 "simulator.DC_IO_GEN\[12\].REGS.AXIL_REGS.w_arireg\[4:0\]"  +all +trace_process
Verdi>fsdbDumpvars 0 "simulator.DC_IO_GEN\[12\].REGS.AXIL_REGS.w_arls2b\[1:0\]"  +all +trace_process
Verdi>fsdbDumpvars 0 "simulator.DC_IO_GEN\[12\].REGS.AXIL_REGS.i_rready"  +all +trace_process
Verdi>fsdbDumpvars 0 "simulator.DC_IO_GEN\[12\].REGS.AXIL_REGS.o_rvalid"  +all +trace_process
Verdi>fsdbDumpvars 0 "simulator.DC_IO_GEN\[12\].REGS.AXIL_REGS.o_rdata\[31:0\]"  +all +trace_process
Verdi>fsdbDumpvars 0 "simulator.DC_IO_GEN\[12\].REGS.AXIL_REGS.o_rresp\[1:0\]"  +all +trace_process
Verdi>fsdbDumpvars 0 "simulator.DCRFLI.DC_GEN\[12\].DC.SEQ.i_clk"  +all +trace_process
Verdi>fsdbDumpvars 0 "simulator.DCRFLI.DC_GEN\[12\].DC.SEQ.i_rst"  +all +trace_process
Verdi>fsdbDumpvars 0 "simulator.DCRFLI.DC_GEN\[12\].DC.SEQ.w_propagate"  +all +trace_process
Verdi>fsdbDumpvars 0 "simulator.DCRFLI.DC_GEN\[12\].DC.SEQ.i_regs\[0:31\]\[31:0\]"  +all +trace_process
Verdi>fsdbDumpvars 0 "simulator.DCRFLI.DC_GEN\[12\].DC.SEQ.w_last0"  +all +trace_process
Verdi>fsdbDumpvars 0 "simulator.DCRFLI.DC_GEN\[12\].DC.SEQ.w_last0_ff1"  +all +trace_process
Verdi>fsdbDumpvars 0 "simulator.DCRFLI.DC_GEN\[12\].DC.SEQ.w_last0_ff2"  +all +trace_process
Verdi>fsdbDumpvars 0 "simulator.DCRFLI.DC_GEN\[12\].DC.SEQ.w_new_sequence"  +all +trace_process
Verdi>fsdbDumpvars 0 "simulator.DCRFLI.DC_GEN\[12\].DC.SEQ.r_sequence\[0:9\]\[91:0\]"  +all +trace_process
Verdi>fsdbDumpvars 0 "simulator.DCRFLI.DC_GEN\[12\].DC.SEQ.r_iters\[10:0\]"  +all +trace_process
Verdi>fsdbDumpvars 0 "simulator.DCRFLI.DC_GEN\[12\].DC.SEQ.r_iptr\[3:0\]"  +all +trace_process
Verdi>fsdbDumpvars 0 "simulator.DCRFLI.DC_GEN\[12\].DC.SEQ.w_insn_fetch\[91:0\]"  +all +trace_process
Verdi>fsdbDumpvars 0 "simulator.DCRFLI.DC_GEN\[12\].DC.SEQ.w_insn_bubble"  +all +trace_process
Verdi>fsdbDumpvars 0 "simulator.DCRFLI.DC_GEN\[12\].DC.SEQ.w_iptr_plus1\[3:0\]"  +all +trace_process
Verdi>fsdbDumpvars 0 "simulator.DCRFLI.DC_GEN\[12\].DC.SEQ.w_next_null"  +all +trace_process
Verdi>fsdbDumpvars 0 "simulator.DCRFLI.DC_GEN\[12\].DC.SEQ.o_empty"  +all +trace_process
Verdi>fsdbDumpvars 0 "simulator.DCRFLI.DC_GEN\[12\].DC.SEQ.i_next"  +all +trace_process
Verdi>fsdbDumpvars 0 "simulator.DCRFLI.DC_GEN\[12\].DC.SEQ.o_addr\[3:0\]"  +all +trace_process
Verdi>fsdbDumpvars 0 "simulator.DCRFLI.DC_GEN\[12\].DC.SEQ.o_insn\[91:0\]"  +all +trace_process
Verdi>fsdbDumpvars 0 "simulator.DCRFLI.DC_GEN\[12\].DC.SEQ.r_iptr_modify\[3:0\]"  +all +trace_process
Verdi>fsdbDumpvars 0 "simulator.DCRFLI.DC_GEN\[12\].DC.SEQ.i_insn_modified\[91:0\]"  +all +trace_process
Verdi>fsdbDumpvars 0 "simulator.DCRFLI.DC_GEN\[12\].DC.CORE.i_clk"  +all +trace_process
Verdi>fsdbDumpvars 0 "simulator.DCRFLI.DC_GEN\[12\].DC.CORE.i_rst"  +all +trace_process
Verdi>fsdbDumpvars 0 "simulator.DCRFLI.DC_GEN\[12\].DC.CORE.w_stall"  +all +trace_process
Verdi>fsdbDumpvars 0 "simulator.DCRFLI.DC_GEN\[12\].DC.CORE.d"  +all +trace_process
Verdi>fsdbDumpvars 0 "simulator.DCRFLI.DC_GEN\[12\].DC.CORE.i_empty"  +all +trace_process
Verdi>fsdbDumpvars 0 "simulator.DCRFLI.DC_GEN\[12\].DC.CORE.o_next"  +all +trace_process
Verdi>fsdbDumpvars 0 "simulator.DCRFLI.DC_GEN\[12\].DC.CORE.i_addr\[3:0\]"  +all +trace_process
Verdi>fsdbDumpvars 0 "simulator.DCRFLI.DC_GEN\[12\].DC.CORE.i_insn\[91:0\]"  +all +trace_process
Verdi>fsdbDumpvars 0 "simulator.DCRFLI.DC_GEN\[12\].DC.CORE.o_insn_modified"  +all +trace_process
Verdi>fsdbDumpvars 0 "simulator.DCRFLI.DC_GEN\[12\].DC.CORE.i"  +all +trace_process
Verdi>fsdbDumpvars 0 "simulator.DCRFLI.DC_GEN\[12\].DC.CORE.s"  +all +trace_process
Verdi>fsdbDumpvars 0 "simulator.DCRFLI.DC_GEN\[12\].DC.CORE.w_dvsr\[15:0\]"  +all +trace_process
Verdi>fsdbDumpvars 0 "simulator.DCRFLI.DC_GEN\[12\].DC.CORE.w_spi_dout\[23:0\]"  +all +trace_process
Verdi>fsdbDumpvars 0 "simulator.DCRFLI.DC_GEN\[12\].DC.CORE.w_spi_done"  +all +trace_process
Verdi>fsdbDumpvars 0 "simulator.DCRFLI.DC_GEN\[12\].DC.CORE.o_armed"  +all +trace_process
Verdi>fsdbDumpvars 0 "simulator.DCRFLI.DC_GEN\[12\].DC.CORE.i_start"  +all +trace_process
Verdi>fsdbDumpvars 0 "simulator.DCRFLI.DC_GEN\[12\].DC.CORE.o_sclk"  +all +trace_process
Verdi>fsdbDumpvars 0 "simulator.DCRFLI.DC_GEN\[12\].DC.CORE.o_mosi"  +all +trace_process
Verdi>fsdbDumpvars 0 "simulator.DCRFLI.DC_GEN\[12\].DC.CORE.i_miso"  +all +trace_process
Verdi>fsdbDumpvars 0 "simulator.DCRFLI.DC_GEN\[12\].DC.CORE.o_cs_n"  +all +trace_process
Verdi>fsdbDumpvars 0 "simulator.DCRFLI.DC_GEN\[12\].DC.CORE.o_ldac_n"  +all +trace_process
Verdi>fsdbDumpvars 0 "simulator.DCRFLI.DC_GEN\[12\].DC.CORE.h"  +all +trace_process
Verdi>fsdbDumpvars 0 "simulator.DCRFLI.DC_GEN\[12\].DC.CORE.o_next"  +all +trace_process
Verdi>fsdbDumpvars 0 "simulator.DCRFLI.DC_GEN\[12\].DC.CORE.o_addr\[3:0\]"  +all +trace_process
Verdi>fsdbDumpvars 0 "simulator.DCRFLI.DC_GEN\[12\].DC.CORE.o_iter\[9:0\]"  +all +trace_process
Verdi>fsdbDumpvars 0 "simulator.DCRFLI.DC_GEN\[12\].DC.CORE.o_spi_din\[23:0\]"  +all +trace_process
Verdi>fsdbDumpvars 0 "simulator.DCRFLI.DC_GEN\[12\].DC.CORE.o_spi_rd"  +all +trace_process
Verdi>fsdbDumpvars 0 "simulator.DCRFLI.DC_GEN\[12\].DC.CORE.o_spi_dout\[23:0\]"  +all +trace_process
Verdi>fsdbDumpvars 0 "simulator.DCRFLI.DC_GEN\[12\].DC.CORE.o_cycles_left\[29:0\]"  +all +trace_process
Verdi>fsdbDumpvars 0 "simulator.DC_IO_GEN\[12\].DAC.valid_transaction"  +all +trace_process
*Verdi* : Dumping the signal (simulator.DC_IO_GEN[12].DAC.valid_transaction).
Verdi>fsdbDumpvars 0 "simulator.DC_IO_GEN\[12\].DAC.input_shift_reg"  +all +trace_process
*Verdi* : Dumping the signal (simulator.DC_IO_GEN[12].DAC.input_shift_reg).
Verdi>fsdbDumpvars 0 "simulator.DC_IO_GEN\[12\].DAC.rw"  +all +trace_process
*Verdi* : Dumping the signal (simulator.DC_IO_GEN[12].DAC.rw).
Verdi>fsdbDumpvars 0 "simulator.DC_IO_GEN\[12\].DAC.addr"  +all +trace_process
*Verdi* : Dumping the signal (simulator.DC_IO_GEN[12].DAC.addr).
Verdi>fsdbDumpvars 0 "simulator.DC_IO_GEN\[12\].DAC.data"  +all +trace_process
*Verdi* : Dumping the signal (simulator.DC_IO_GEN[12].DAC.data).
Verdi>fsdbDumpvars 0 "simulator.DC_IO_GEN\[12\].DAC.rd_data"  +all +trace_process
*Verdi* : Dumping the signal (simulator.DC_IO_GEN[12].DAC.rd_data).
Verdi>fsdbDumpvars 0 "simulator.DC_IO_GEN\[12\].DAC.SCLK"  +all +trace_process
*Verdi* : Dumping the signal (simulator.DC_IO_GEN[12].DAC.SCLK).
Verdi>fsdbDumpvars 0 "simulator.DC_IO_GEN\[12\].DAC.SDIN"  +all +trace_process
*Verdi* : Dumping the signal (simulator.DC_IO_GEN[12].DAC.SDIN).
Verdi>fsdbDumpvars 0 "simulator.DC_IO_GEN\[12\].DAC.SYNC_N"  +all +trace_process
*Verdi* : Dumping the signal (simulator.DC_IO_GEN[12].DAC.SYNC_N).
Verdi>fsdbDumpvars 0 "simulator.DC_IO_GEN\[12\].DAC.SDO"  +all +trace_process
*Verdi* : Dumping the signal (simulator.DC_IO_GEN[12].DAC.SDO).
Verdi>fsdbDumpvars 0 "simulator.DC_IO_GEN\[12\].DAC.LDAC_N"  +all +trace_process
*Verdi* : Dumping the signal (simulator.DC_IO_GEN[12].DAC.LDAC_N).
Verdi>fsdbDumpvars 0 "simulator.DC_IO_GEN\[12\].DAC.CLR_N"  +all +trace_process
*Verdi* : Dumping the signal (simulator.DC_IO_GEN[12].DAC.CLR_N).
Verdi>fsdbDumpvars 0 "simulator.DC_IO_GEN\[12\].DAC.RESET_N"  +all +trace_process
*Verdi* : Dumping the signal (simulator.DC_IO_GEN[12].DAC.RESET_N).
Verdi>fsdbDumpvars 0 "simulator.DC_IO_GEN\[12\].DAC.dac_reg"  +all +trace_process
*Verdi* : Dumping the signal (simulator.DC_IO_GEN[12].DAC.dac_reg).
Verdi>fsdbDumpvars 0 "simulator.DC_IO_GEN\[12\].DAC.ctrl_reg"  +all +trace_process
*Verdi* : Dumping the signal (simulator.DC_IO_GEN[12].DAC.ctrl_reg).
Verdi>fsdbDumpvars 0 "simulator.DC_IO_GEN\[12\].DAC.clrcode_reg"  +all +trace_process
*Verdi* : Dumping the signal (simulator.DC_IO_GEN[12].DAC.clrcode_reg).
Verdi>fsdbDumpvars 0 "simulator.DC_IO_GEN\[12\].DAC.sw_ctrl_reg"  +all +trace_process
*Verdi* : Dumping the signal (simulator.DC_IO_GEN[12].DAC.sw_ctrl_reg).
Verdi>fsdbDumpvars 0 "simulator.DC_IO_GEN\[12\].DAC.dac_input_reg"  +all +trace_process
*Verdi* : Dumping the signal (simulator.DC_IO_GEN[12].DAC.dac_input_reg).
Verdi>fsdbDumpvars 0 "simulator.DC_IO_GEN\[12\].DAC.SDODIS"  +all +trace_process
*Verdi* : Dumping the signal (simulator.DC_IO_GEN[12].DAC.SDODIS).
Verdi>fsdbDumpvars 0 "simulator.DC_IO_GEN\[12\].DAC.DACTRI"  +all +trace_process
*Verdi* : Dumping the signal (simulator.DC_IO_GEN[12].DAC.DACTRI).
Verdi>fsdbDumpvars 0 "simulator.DC_IO_GEN\[12\].DAC.OPGND"  +all +trace_process
*Verdi* : Dumping the signal (simulator.DC_IO_GEN[12].DAC.OPGND).
Verdi>fsdbDumpvars 0 "simulator.DC_IO_GEN\[12\].DAC.VOUT"  +all +trace_process
*Verdi* : Dumping the signal (simulator.DC_IO_GEN[12].DAC.VOUT).
Verdi>fsdbDumpvars 0 "simulator.DC_IO_GEN\[12\].DAC.VDIGITAL"  +all +trace_process
*Verdi* : Dumping the signal (simulator.DC_IO_GEN[12].DAC.VDIGITAL).
Verdi>fsdbDumpvars 0 "simulator.DC_IO_GEN\[11\].REGS.AXIL_REGS.i_aclk"  +all +trace_process
Verdi>fsdbDumpvars 0 "simulator.DC_IO_GEN\[11\].REGS.AXIL_REGS.i_aresetn"  +all +trace_process
Verdi>fsdbDumpvars 0 "simulator.DC_IO_GEN\[11\].REGS.AXIL_REGS.r_regs\[0:31\]\[31:0\]"  +all +trace_process
Verdi>fsdbDumpvars 0 "simulator.DC_IO_GEN\[11\].REGS.AXIL_REGS.o_regs\[0:31\]\[31:0\]"  +all +trace_process
Verdi>fsdbDumpvars 0 "simulator.DC_IO_GEN\[11\].REGS.AXIL_REGS.o_awready"  +all +trace_process
Verdi>fsdbDumpvars 0 "simulator.DC_IO_GEN\[11\].REGS.AXIL_REGS.i_awvalid"  +all +trace_process
Verdi>fsdbDumpvars 0 "simulator.DC_IO_GEN\[11\].REGS.AXIL_REGS.i_awaddr\[6:0\]"  +all +trace_process
Verdi>fsdbDumpvars 0 "simulator.DC_IO_GEN\[11\].REGS.AXIL_REGS.w_awireg\[4:0\]"  +all +trace_process
Verdi>fsdbDumpvars 0 "simulator.DC_IO_GEN\[11\].REGS.AXIL_REGS.w_awls2b\[1:0\]"  +all +trace_process
Verdi>fsdbDumpvars 0 "simulator.DC_IO_GEN\[11\].REGS.AXIL_REGS.o_wready"  +all +trace_process
Verdi>fsdbDumpvars 0 "simulator.DC_IO_GEN\[11\].REGS.AXIL_REGS.i_wvalid"  +all +trace_process
Verdi>fsdbDumpvars 0 "simulator.DC_IO_GEN\[11\].REGS.AXIL_REGS.i_wdata\[31:0\]"  +all +trace_process
Verdi>fsdbDumpvars 0 "simulator.DC_IO_GEN\[11\].REGS.AXIL_REGS.i_wstrb\[3:0\]"  +all +trace_process
Verdi>fsdbDumpvars 0 "simulator.DC_IO_GEN\[11\].REGS.AXIL_REGS.w_wdatastrb\[31:0\]"  +all +trace_process
Verdi>fsdbDumpvars 0 "simulator.DC_IO_GEN\[11\].REGS.AXIL_REGS.i_bready"  +all +trace_process
Verdi>fsdbDumpvars 0 "simulator.DC_IO_GEN\[11\].REGS.AXIL_REGS.o_bvalid"  +all +trace_process
Verdi>fsdbDumpvars 0 "simulator.DC_IO_GEN\[11\].REGS.AXIL_REGS.o_bresp\[1:0\]"  +all +trace_process
Verdi>fsdbDumpvars 0 "simulator.DC_IO_GEN\[11\].REGS.AXIL_REGS.o_arready"  +all +trace_process
Verdi>fsdbDumpvars 0 "simulator.DC_IO_GEN\[11\].REGS.AXIL_REGS.i_arvalid"  +all +trace_process
Verdi>fsdbDumpvars 0 "simulator.DC_IO_GEN\[11\].REGS.AXIL_REGS.i_araddr\[6:0\]"  +all +trace_process
Verdi>fsdbDumpvars 0 "simulator.DC_IO_GEN\[11\].REGS.AXIL_REGS.w_arireg\[4:0\]"  +all +trace_process
Verdi>fsdbDumpvars 0 "simulator.DC_IO_GEN\[11\].REGS.AXIL_REGS.w_arls2b\[1:0\]"  +all +trace_process
Verdi>fsdbDumpvars 0 "simulator.DC_IO_GEN\[11\].REGS.AXIL_REGS.i_rready"  +all +trace_process
Verdi>fsdbDumpvars 0 "simulator.DC_IO_GEN\[11\].REGS.AXIL_REGS.o_rvalid"  +all +trace_process
Verdi>fsdbDumpvars 0 "simulator.DC_IO_GEN\[11\].REGS.AXIL_REGS.o_rdata\[31:0\]"  +all +trace_process
Verdi>fsdbDumpvars 0 "simulator.DC_IO_GEN\[11\].REGS.AXIL_REGS.o_rresp\[1:0\]"  +all +trace_process
Verdi>fsdbDumpvars 0 "simulator.DCRFLI.DC_GEN\[11\].DC.SEQ.i_clk"  +all +trace_process
Verdi>fsdbDumpvars 0 "simulator.DCRFLI.DC_GEN\[11\].DC.SEQ.i_rst"  +all +trace_process
Verdi>fsdbDumpvars 0 "simulator.DCRFLI.DC_GEN\[11\].DC.SEQ.w_propagate"  +all +trace_process
Verdi>fsdbDumpvars 0 "simulator.DCRFLI.DC_GEN\[11\].DC.SEQ.i_regs\[0:31\]\[31:0\]"  +all +trace_process
Verdi>fsdbDumpvars 0 "simulator.DCRFLI.DC_GEN\[11\].DC.SEQ.w_last0"  +all +trace_process
Verdi>fsdbDumpvars 0 "simulator.DCRFLI.DC_GEN\[11\].DC.SEQ.w_last0_ff1"  +all +trace_process
Verdi>fsdbDumpvars 0 "simulator.DCRFLI.DC_GEN\[11\].DC.SEQ.w_last0_ff2"  +all +trace_process
Verdi>fsdbDumpvars 0 "simulator.DCRFLI.DC_GEN\[11\].DC.SEQ.w_new_sequence"  +all +trace_process
Verdi>fsdbDumpvars 0 "simulator.DCRFLI.DC_GEN\[11\].DC.SEQ.r_sequence\[0:9\]\[91:0\]"  +all +trace_process
Verdi>fsdbDumpvars 0 "simulator.DCRFLI.DC_GEN\[11\].DC.SEQ.r_iters\[10:0\]"  +all +trace_process
Verdi>fsdbDumpvars 0 "simulator.DCRFLI.DC_GEN\[11\].DC.SEQ.r_iptr\[3:0\]"  +all +trace_process
Verdi>fsdbDumpvars 0 "simulator.DCRFLI.DC_GEN\[11\].DC.SEQ.w_insn_fetch\[91:0\]"  +all +trace_process
Verdi>fsdbDumpvars 0 "simulator.DCRFLI.DC_GEN\[11\].DC.SEQ.w_insn_bubble"  +all +trace_process
Verdi>fsdbDumpvars 0 "simulator.DCRFLI.DC_GEN\[11\].DC.SEQ.w_iptr_plus1\[3:0\]"  +all +trace_process
Verdi>fsdbDumpvars 0 "simulator.DCRFLI.DC_GEN\[11\].DC.SEQ.w_next_null"  +all +trace_process
Verdi>fsdbDumpvars 0 "simulator.DCRFLI.DC_GEN\[11\].DC.SEQ.o_empty"  +all +trace_process
Verdi>fsdbDumpvars 0 "simulator.DCRFLI.DC_GEN\[11\].DC.SEQ.i_next"  +all +trace_process
Verdi>fsdbDumpvars 0 "simulator.DCRFLI.DC_GEN\[11\].DC.SEQ.o_addr\[3:0\]"  +all +trace_process
Verdi>fsdbDumpvars 0 "simulator.DCRFLI.DC_GEN\[11\].DC.SEQ.o_insn\[91:0\]"  +all +trace_process
Verdi>fsdbDumpvars 0 "simulator.DCRFLI.DC_GEN\[11\].DC.SEQ.r_iptr_modify\[3:0\]"  +all +trace_process
Verdi>fsdbDumpvars 0 "simulator.DCRFLI.DC_GEN\[11\].DC.SEQ.i_insn_modified\[91:0\]"  +all +trace_process
Verdi>fsdbDumpvars 0 "simulator.DCRFLI.DC_GEN\[11\].DC.CORE.i_clk"  +all +trace_process
Verdi>fsdbDumpvars 0 "simulator.DCRFLI.DC_GEN\[11\].DC.CORE.i_rst"  +all +trace_process
Verdi>fsdbDumpvars 0 "simulator.DCRFLI.DC_GEN\[11\].DC.CORE.w_stall"  +all +trace_process
Verdi>fsdbDumpvars 0 "simulator.DCRFLI.DC_GEN\[11\].DC.CORE.d"  +all +trace_process
Verdi>fsdbDumpvars 0 "simulator.DCRFLI.DC_GEN\[11\].DC.CORE.i_empty"  +all +trace_process
Verdi>fsdbDumpvars 0 "simulator.DCRFLI.DC_GEN\[11\].DC.CORE.o_next"  +all +trace_process
Verdi>fsdbDumpvars 0 "simulator.DCRFLI.DC_GEN\[11\].DC.CORE.i_addr\[3:0\]"  +all +trace_process
Verdi>fsdbDumpvars 0 "simulator.DCRFLI.DC_GEN\[11\].DC.CORE.i_insn\[91:0\]"  +all +trace_process
Verdi>fsdbDumpvars 0 "simulator.DCRFLI.DC_GEN\[11\].DC.CORE.o_insn_modified"  +all +trace_process
Verdi>fsdbDumpvars 0 "simulator.DCRFLI.DC_GEN\[11\].DC.CORE.i"  +all +trace_process
Verdi>fsdbDumpvars 0 "simulator.DCRFLI.DC_GEN\[11\].DC.CORE.s"  +all +trace_process
Verdi>fsdbDumpvars 0 "simulator.DCRFLI.DC_GEN\[11\].DC.CORE.w_dvsr\[15:0\]"  +all +trace_process
Verdi>fsdbDumpvars 0 "simulator.DCRFLI.DC_GEN\[11\].DC.CORE.w_spi_dout\[23:0\]"  +all +trace_process
Verdi>fsdbDumpvars 0 "simulator.DCRFLI.DC_GEN\[11\].DC.CORE.w_spi_done"  +all +trace_process
Verdi>fsdbDumpvars 0 "simulator.DCRFLI.DC_GEN\[11\].DC.CORE.o_armed"  +all +trace_process
Verdi>fsdbDumpvars 0 "simulator.DCRFLI.DC_GEN\[11\].DC.CORE.i_start"  +all +trace_process
Verdi>fsdbDumpvars 0 "simulator.DCRFLI.DC_GEN\[11\].DC.CORE.o_sclk"  +all +trace_process
Verdi>fsdbDumpvars 0 "simulator.DCRFLI.DC_GEN\[11\].DC.CORE.o_mosi"  +all +trace_process
Verdi>fsdbDumpvars 0 "simulator.DCRFLI.DC_GEN\[11\].DC.CORE.i_miso"  +all +trace_process
Verdi>fsdbDumpvars 0 "simulator.DCRFLI.DC_GEN\[11\].DC.CORE.o_cs_n"  +all +trace_process
Verdi>fsdbDumpvars 0 "simulator.DCRFLI.DC_GEN\[11\].DC.CORE.o_ldac_n"  +all +trace_process
Verdi>fsdbDumpvars 0 "simulator.DCRFLI.DC_GEN\[11\].DC.CORE.h"  +all +trace_process
Verdi>fsdbDumpvars 0 "simulator.DCRFLI.DC_GEN\[11\].DC.CORE.o_next"  +all +trace_process
Verdi>fsdbDumpvars 0 "simulator.DCRFLI.DC_GEN\[11\].DC.CORE.o_addr\[3:0\]"  +all +trace_process
Verdi>fsdbDumpvars 0 "simulator.DCRFLI.DC_GEN\[11\].DC.CORE.o_iter\[9:0\]"  +all +trace_process
Verdi>fsdbDumpvars 0 "simulator.DCRFLI.DC_GEN\[11\].DC.CORE.o_spi_din\[23:0\]"  +all +trace_process
Verdi>fsdbDumpvars 0 "simulator.DCRFLI.DC_GEN\[11\].DC.CORE.o_spi_rd"  +all +trace_process
Verdi>fsdbDumpvars 0 "simulator.DCRFLI.DC_GEN\[11\].DC.CORE.o_spi_dout\[23:0\]"  +all +trace_process
Verdi>fsdbDumpvars 0 "simulator.DCRFLI.DC_GEN\[11\].DC.CORE.o_cycles_left\[29:0\]"  +all +trace_process
Verdi>fsdbDumpvars 0 "simulator.DC_IO_GEN\[11\].DAC.valid_transaction"  +all +trace_process
*Verdi* : Dumping the signal (simulator.DC_IO_GEN[11].DAC.valid_transaction).
Verdi>fsdbDumpvars 0 "simulator.DC_IO_GEN\[11\].DAC.input_shift_reg"  +all +trace_process
*Verdi* : Dumping the signal (simulator.DC_IO_GEN[11].DAC.input_shift_reg).
Verdi>fsdbDumpvars 0 "simulator.DC_IO_GEN\[11\].DAC.rw"  +all +trace_process
*Verdi* : Dumping the signal (simulator.DC_IO_GEN[11].DAC.rw).
Verdi>fsdbDumpvars 0 "simulator.DC_IO_GEN\[11\].DAC.addr"  +all +trace_process
*Verdi* : Dumping the signal (simulator.DC_IO_GEN[11].DAC.addr).
Verdi>fsdbDumpvars 0 "simulator.DC_IO_GEN\[11\].DAC.data"  +all +trace_process
*Verdi* : Dumping the signal (simulator.DC_IO_GEN[11].DAC.data).
Verdi>fsdbDumpvars 0 "simulator.DC_IO_GEN\[11\].DAC.rd_data"  +all +trace_process
*Verdi* : Dumping the signal (simulator.DC_IO_GEN[11].DAC.rd_data).
Verdi>fsdbDumpvars 0 "simulator.DC_IO_GEN\[11\].DAC.SCLK"  +all +trace_process
*Verdi* : Dumping the signal (simulator.DC_IO_GEN[11].DAC.SCLK).
Verdi>fsdbDumpvars 0 "simulator.DC_IO_GEN\[11\].DAC.SDIN"  +all +trace_process
*Verdi* : Dumping the signal (simulator.DC_IO_GEN[11].DAC.SDIN).
Verdi>fsdbDumpvars 0 "simulator.DC_IO_GEN\[11\].DAC.SYNC_N"  +all +trace_process
*Verdi* : Dumping the signal (simulator.DC_IO_GEN[11].DAC.SYNC_N).
Verdi>fsdbDumpvars 0 "simulator.DC_IO_GEN\[11\].DAC.SDO"  +all +trace_process
*Verdi* : Dumping the signal (simulator.DC_IO_GEN[11].DAC.SDO).
Verdi>fsdbDumpvars 0 "simulator.DC_IO_GEN\[11\].DAC.LDAC_N"  +all +trace_process
*Verdi* : Dumping the signal (simulator.DC_IO_GEN[11].DAC.LDAC_N).
Verdi>fsdbDumpvars 0 "simulator.DC_IO_GEN\[11\].DAC.CLR_N"  +all +trace_process
*Verdi* : Dumping the signal (simulator.DC_IO_GEN[11].DAC.CLR_N).
Verdi>fsdbDumpvars 0 "simulator.DC_IO_GEN\[11\].DAC.RESET_N"  +all +trace_process
*Verdi* : Dumping the signal (simulator.DC_IO_GEN[11].DAC.RESET_N).
Verdi>fsdbDumpvars 0 "simulator.DC_IO_GEN\[11\].DAC.dac_reg"  +all +trace_process
*Verdi* : Dumping the signal (simulator.DC_IO_GEN[11].DAC.dac_reg).
Verdi>fsdbDumpvars 0 "simulator.DC_IO_GEN\[11\].DAC.ctrl_reg"  +all +trace_process
*Verdi* : Dumping the signal (simulator.DC_IO_GEN[11].DAC.ctrl_reg).
Verdi>fsdbDumpvars 0 "simulator.DC_IO_GEN\[11\].DAC.clrcode_reg"  +all +trace_process
*Verdi* : Dumping the signal (simulator.DC_IO_GEN[11].DAC.clrcode_reg).
Verdi>fsdbDumpvars 0 "simulator.DC_IO_GEN\[11\].DAC.sw_ctrl_reg"  +all +trace_process
*Verdi* : Dumping the signal (simulator.DC_IO_GEN[11].DAC.sw_ctrl_reg).
Verdi>fsdbDumpvars 0 "simulator.DC_IO_GEN\[11\].DAC.dac_input_reg"  +all +trace_process
*Verdi* : Dumping the signal (simulator.DC_IO_GEN[11].DAC.dac_input_reg).
Verdi>fsdbDumpvars 0 "simulator.DC_IO_GEN\[11\].DAC.SDODIS"  +all +trace_process
*Verdi* : Dumping the signal (simulator.DC_IO_GEN[11].DAC.SDODIS).
Verdi>fsdbDumpvars 0 "simulator.DC_IO_GEN\[11\].DAC.DACTRI"  +all +trace_process
*Verdi* : Dumping the signal (simulator.DC_IO_GEN[11].DAC.DACTRI).
Verdi>fsdbDumpvars 0 "simulator.DC_IO_GEN\[11\].DAC.OPGND"  +all +trace_process
*Verdi* : Dumping the signal (simulator.DC_IO_GEN[11].DAC.OPGND).
Verdi>fsdbDumpvars 0 "simulator.DC_IO_GEN\[11\].DAC.VOUT"  +all +trace_process
*Verdi* : Dumping the signal (simulator.DC_IO_GEN[11].DAC.VOUT).
Verdi>fsdbDumpvars 0 "simulator.DC_IO_GEN\[11\].DAC.VDIGITAL"  +all +trace_process
*Verdi* : Dumping the signal (simulator.DC_IO_GEN[11].DAC.VDIGITAL).
Verdi>fsdbDumpvars 0 "simulator.DC_IO_GEN\[10\].REGS.AXIL_REGS.i_aclk"  +all +trace_process
Verdi>fsdbDumpvars 0 "simulator.DC_IO_GEN\[10\].REGS.AXIL_REGS.i_aresetn"  +all +trace_process
Verdi>fsdbDumpvars 0 "simulator.DC_IO_GEN\[10\].REGS.AXIL_REGS.r_regs\[0:31\]\[31:0\]"  +all +trace_process
Verdi>fsdbDumpvars 0 "simulator.DC_IO_GEN\[10\].REGS.AXIL_REGS.o_regs\[0:31\]\[31:0\]"  +all +trace_process
Verdi>fsdbDumpvars 0 "simulator.DC_IO_GEN\[10\].REGS.AXIL_REGS.o_awready"  +all +trace_process
Verdi>fsdbDumpvars 0 "simulator.DC_IO_GEN\[10\].REGS.AXIL_REGS.i_awvalid"  +all +trace_process
Verdi>fsdbDumpvars 0 "simulator.DC_IO_GEN\[10\].REGS.AXIL_REGS.i_awaddr\[6:0\]"  +all +trace_process
Verdi>fsdbDumpvars 0 "simulator.DC_IO_GEN\[10\].REGS.AXIL_REGS.w_awireg\[4:0\]"  +all +trace_process
Verdi>fsdbDumpvars 0 "simulator.DC_IO_GEN\[10\].REGS.AXIL_REGS.w_awls2b\[1:0\]"  +all +trace_process
Verdi>fsdbDumpvars 0 "simulator.DC_IO_GEN\[10\].REGS.AXIL_REGS.o_wready"  +all +trace_process
Verdi>fsdbDumpvars 0 "simulator.DC_IO_GEN\[10\].REGS.AXIL_REGS.i_wvalid"  +all +trace_process
Verdi>fsdbDumpvars 0 "simulator.DC_IO_GEN\[10\].REGS.AXIL_REGS.i_wdata\[31:0\]"  +all +trace_process
Verdi>fsdbDumpvars 0 "simulator.DC_IO_GEN\[10\].REGS.AXIL_REGS.i_wstrb\[3:0\]"  +all +trace_process
Verdi>fsdbDumpvars 0 "simulator.DC_IO_GEN\[10\].REGS.AXIL_REGS.w_wdatastrb\[31:0\]"  +all +trace_process
Verdi>fsdbDumpvars 0 "simulator.DC_IO_GEN\[10\].REGS.AXIL_REGS.i_bready"  +all +trace_process
Verdi>fsdbDumpvars 0 "simulator.DC_IO_GEN\[10\].REGS.AXIL_REGS.o_bvalid"  +all +trace_process
Verdi>fsdbDumpvars 0 "simulator.DC_IO_GEN\[10\].REGS.AXIL_REGS.o_bresp\[1:0\]"  +all +trace_process
Verdi>fsdbDumpvars 0 "simulator.DC_IO_GEN\[10\].REGS.AXIL_REGS.o_arready"  +all +trace_process
Verdi>fsdbDumpvars 0 "simulator.DC_IO_GEN\[10\].REGS.AXIL_REGS.i_arvalid"  +all +trace_process
Verdi>fsdbDumpvars 0 "simulator.DC_IO_GEN\[10\].REGS.AXIL_REGS.i_araddr\[6:0\]"  +all +trace_process
Verdi>fsdbDumpvars 0 "simulator.DC_IO_GEN\[10\].REGS.AXIL_REGS.w_arireg\[4:0\]"  +all +trace_process
Verdi>fsdbDumpvars 0 "simulator.DC_IO_GEN\[10\].REGS.AXIL_REGS.w_arls2b\[1:0\]"  +all +trace_process
Verdi>fsdbDumpvars 0 "simulator.DC_IO_GEN\[10\].REGS.AXIL_REGS.i_rready"  +all +trace_process
Verdi>fsdbDumpvars 0 "simulator.DC_IO_GEN\[10\].REGS.AXIL_REGS.o_rvalid"  +all +trace_process
Verdi>fsdbDumpvars 0 "simulator.DC_IO_GEN\[10\].REGS.AXIL_REGS.o_rdata\[31:0\]"  +all +trace_process
Verdi>fsdbDumpvars 0 "simulator.DC_IO_GEN\[10\].REGS.AXIL_REGS.o_rresp\[1:0\]"  +all +trace_process
Verdi>fsdbDumpvars 0 "simulator.DCRFLI.DC_GEN\[10\].DC.SEQ.i_clk"  +all +trace_process
Verdi>fsdbDumpvars 0 "simulator.DCRFLI.DC_GEN\[10\].DC.SEQ.i_rst"  +all +trace_process
Verdi>fsdbDumpvars 0 "simulator.DCRFLI.DC_GEN\[10\].DC.SEQ.w_propagate"  +all +trace_process
Verdi>fsdbDumpvars 0 "simulator.DCRFLI.DC_GEN\[10\].DC.SEQ.i_regs\[0:31\]\[31:0\]"  +all +trace_process
Verdi>fsdbDumpvars 0 "simulator.DCRFLI.DC_GEN\[10\].DC.SEQ.w_last0"  +all +trace_process
Verdi>fsdbDumpvars 0 "simulator.DCRFLI.DC_GEN\[10\].DC.SEQ.w_last0_ff1"  +all +trace_process
Verdi>fsdbDumpvars 0 "simulator.DCRFLI.DC_GEN\[10\].DC.SEQ.w_last0_ff2"  +all +trace_process
Verdi>fsdbDumpvars 0 "simulator.DCRFLI.DC_GEN\[10\].DC.SEQ.w_new_sequence"  +all +trace_process
Verdi>fsdbDumpvars 0 "simulator.DCRFLI.DC_GEN\[10\].DC.SEQ.r_sequence\[0:9\]\[91:0\]"  +all +trace_process
Verdi>fsdbDumpvars 0 "simulator.DCRFLI.DC_GEN\[10\].DC.SEQ.r_iters\[10:0\]"  +all +trace_process
Verdi>fsdbDumpvars 0 "simulator.DCRFLI.DC_GEN\[10\].DC.SEQ.r_iptr\[3:0\]"  +all +trace_process
Verdi>fsdbDumpvars 0 "simulator.DCRFLI.DC_GEN\[10\].DC.SEQ.w_insn_fetch\[91:0\]"  +all +trace_process
Verdi>fsdbDumpvars 0 "simulator.DCRFLI.DC_GEN\[10\].DC.SEQ.w_insn_bubble"  +all +trace_process
Verdi>fsdbDumpvars 0 "simulator.DCRFLI.DC_GEN\[10\].DC.SEQ.w_iptr_plus1\[3:0\]"  +all +trace_process
Verdi>fsdbDumpvars 0 "simulator.DCRFLI.DC_GEN\[10\].DC.SEQ.w_next_null"  +all +trace_process
Verdi>fsdbDumpvars 0 "simulator.DCRFLI.DC_GEN\[10\].DC.SEQ.o_empty"  +all +trace_process
Verdi>fsdbDumpvars 0 "simulator.DCRFLI.DC_GEN\[10\].DC.SEQ.i_next"  +all +trace_process
Verdi>fsdbDumpvars 0 "simulator.DCRFLI.DC_GEN\[10\].DC.SEQ.o_addr\[3:0\]"  +all +trace_process
Verdi>fsdbDumpvars 0 "simulator.DCRFLI.DC_GEN\[10\].DC.SEQ.o_insn\[91:0\]"  +all +trace_process
Verdi>fsdbDumpvars 0 "simulator.DCRFLI.DC_GEN\[10\].DC.SEQ.r_iptr_modify\[3:0\]"  +all +trace_process
Verdi>fsdbDumpvars 0 "simulator.DCRFLI.DC_GEN\[10\].DC.SEQ.i_insn_modified\[91:0\]"  +all +trace_process
Verdi>fsdbDumpvars 0 "simulator.DCRFLI.DC_GEN\[10\].DC.CORE.i_clk"  +all +trace_process
Verdi>fsdbDumpvars 0 "simulator.DCRFLI.DC_GEN\[10\].DC.CORE.i_rst"  +all +trace_process
Verdi>fsdbDumpvars 0 "simulator.DCRFLI.DC_GEN\[10\].DC.CORE.w_stall"  +all +trace_process
Verdi>fsdbDumpvars 0 "simulator.DCRFLI.DC_GEN\[10\].DC.CORE.d"  +all +trace_process
Verdi>fsdbDumpvars 0 "simulator.DCRFLI.DC_GEN\[10\].DC.CORE.i_empty"  +all +trace_process
Verdi>fsdbDumpvars 0 "simulator.DCRFLI.DC_GEN\[10\].DC.CORE.o_next"  +all +trace_process
Verdi>fsdbDumpvars 0 "simulator.DCRFLI.DC_GEN\[10\].DC.CORE.i_addr\[3:0\]"  +all +trace_process
Verdi>fsdbDumpvars 0 "simulator.DCRFLI.DC_GEN\[10\].DC.CORE.i_insn\[91:0\]"  +all +trace_process
Verdi>fsdbDumpvars 0 "simulator.DCRFLI.DC_GEN\[10\].DC.CORE.o_insn_modified"  +all +trace_process
Verdi>fsdbDumpvars 0 "simulator.DCRFLI.DC_GEN\[10\].DC.CORE.i"  +all +trace_process
Verdi>fsdbDumpvars 0 "simulator.DCRFLI.DC_GEN\[10\].DC.CORE.s"  +all +trace_process
Verdi>fsdbDumpvars 0 "simulator.DCRFLI.DC_GEN\[10\].DC.CORE.w_dvsr\[15:0\]"  +all +trace_process
Verdi>fsdbDumpvars 0 "simulator.DCRFLI.DC_GEN\[10\].DC.CORE.w_spi_dout\[23:0\]"  +all +trace_process
Verdi>fsdbDumpvars 0 "simulator.DCRFLI.DC_GEN\[10\].DC.CORE.w_spi_done"  +all +trace_process
Verdi>fsdbDumpvars 0 "simulator.DCRFLI.DC_GEN\[10\].DC.CORE.o_armed"  +all +trace_process
Verdi>fsdbDumpvars 0 "simulator.DCRFLI.DC_GEN\[10\].DC.CORE.i_start"  +all +trace_process
Verdi>fsdbDumpvars 0 "simulator.DCRFLI.DC_GEN\[10\].DC.CORE.o_sclk"  +all +trace_process
Verdi>fsdbDumpvars 0 "simulator.DCRFLI.DC_GEN\[10\].DC.CORE.o_mosi"  +all +trace_process
Verdi>fsdbDumpvars 0 "simulator.DCRFLI.DC_GEN\[10\].DC.CORE.i_miso"  +all +trace_process
Verdi>fsdbDumpvars 0 "simulator.DCRFLI.DC_GEN\[10\].DC.CORE.o_cs_n"  +all +trace_process
Verdi>fsdbDumpvars 0 "simulator.DCRFLI.DC_GEN\[10\].DC.CORE.o_ldac_n"  +all +trace_process
Verdi>fsdbDumpvars 0 "simulator.DCRFLI.DC_GEN\[10\].DC.CORE.h"  +all +trace_process
Verdi>fsdbDumpvars 0 "simulator.DCRFLI.DC_GEN\[10\].DC.CORE.o_next"  +all +trace_process
Verdi>fsdbDumpvars 0 "simulator.DCRFLI.DC_GEN\[10\].DC.CORE.o_addr\[3:0\]"  +all +trace_process
Verdi>fsdbDumpvars 0 "simulator.DCRFLI.DC_GEN\[10\].DC.CORE.o_iter\[9:0\]"  +all +trace_process
Verdi>fsdbDumpvars 0 "simulator.DCRFLI.DC_GEN\[10\].DC.CORE.o_spi_din\[23:0\]"  +all +trace_process
Verdi>fsdbDumpvars 0 "simulator.DCRFLI.DC_GEN\[10\].DC.CORE.o_spi_rd"  +all +trace_process
Verdi>fsdbDumpvars 0 "simulator.DCRFLI.DC_GEN\[10\].DC.CORE.o_spi_dout\[23:0\]"  +all +trace_process
Verdi>fsdbDumpvars 0 "simulator.DCRFLI.DC_GEN\[10\].DC.CORE.o_cycles_left\[29:0\]"  +all +trace_process
Verdi>fsdbDumpvars 0 "simulator.DC_IO_GEN\[10\].DAC.valid_transaction"  +all +trace_process
*Verdi* : Dumping the signal (simulator.DC_IO_GEN[10].DAC.valid_transaction).
Verdi>fsdbDumpvars 0 "simulator.DC_IO_GEN\[10\].DAC.input_shift_reg"  +all +trace_process
*Verdi* : Dumping the signal (simulator.DC_IO_GEN[10].DAC.input_shift_reg).
Verdi>fsdbDumpvars 0 "simulator.DC_IO_GEN\[10\].DAC.rw"  +all +trace_process
*Verdi* : Dumping the signal (simulator.DC_IO_GEN[10].DAC.rw).
Verdi>fsdbDumpvars 0 "simulator.DC_IO_GEN\[10\].DAC.addr"  +all +trace_process
*Verdi* : Dumping the signal (simulator.DC_IO_GEN[10].DAC.addr).
Verdi>fsdbDumpvars 0 "simulator.DC_IO_GEN\[10\].DAC.data"  +all +trace_process
*Verdi* : Dumping the signal (simulator.DC_IO_GEN[10].DAC.data).
Verdi>fsdbDumpvars 0 "simulator.DC_IO_GEN\[10\].DAC.rd_data"  +all +trace_process
*Verdi* : Dumping the signal (simulator.DC_IO_GEN[10].DAC.rd_data).
Verdi>fsdbDumpvars 0 "simulator.DC_IO_GEN\[10\].DAC.SCLK"  +all +trace_process
*Verdi* : Dumping the signal (simulator.DC_IO_GEN[10].DAC.SCLK).
Verdi>fsdbDumpvars 0 "simulator.DC_IO_GEN\[10\].DAC.SDIN"  +all +trace_process
*Verdi* : Dumping the signal (simulator.DC_IO_GEN[10].DAC.SDIN).
Verdi>fsdbDumpvars 0 "simulator.DC_IO_GEN\[10\].DAC.SYNC_N"  +all +trace_process
*Verdi* : Dumping the signal (simulator.DC_IO_GEN[10].DAC.SYNC_N).
Verdi>fsdbDumpvars 0 "simulator.DC_IO_GEN\[10\].DAC.SDO"  +all +trace_process
*Verdi* : Dumping the signal (simulator.DC_IO_GEN[10].DAC.SDO).
Verdi>fsdbDumpvars 0 "simulator.DC_IO_GEN\[10\].DAC.LDAC_N"  +all +trace_process
*Verdi* : Dumping the signal (simulator.DC_IO_GEN[10].DAC.LDAC_N).
Verdi>fsdbDumpvars 0 "simulator.DC_IO_GEN\[10\].DAC.CLR_N"  +all +trace_process
*Verdi* : Dumping the signal (simulator.DC_IO_GEN[10].DAC.CLR_N).
Verdi>fsdbDumpvars 0 "simulator.DC_IO_GEN\[10\].DAC.RESET_N"  +all +trace_process
*Verdi* : Dumping the signal (simulator.DC_IO_GEN[10].DAC.RESET_N).
Verdi>fsdbDumpvars 0 "simulator.DC_IO_GEN\[10\].DAC.dac_reg"  +all +trace_process
*Verdi* : Dumping the signal (simulator.DC_IO_GEN[10].DAC.dac_reg).
Verdi>fsdbDumpvars 0 "simulator.DC_IO_GEN\[10\].DAC.ctrl_reg"  +all +trace_process
*Verdi* : Dumping the signal (simulator.DC_IO_GEN[10].DAC.ctrl_reg).
Verdi>fsdbDumpvars 0 "simulator.DC_IO_GEN\[10\].DAC.clrcode_reg"  +all +trace_process
*Verdi* : Dumping the signal (simulator.DC_IO_GEN[10].DAC.clrcode_reg).
Verdi>fsdbDumpvars 0 "simulator.DC_IO_GEN\[10\].DAC.sw_ctrl_reg"  +all +trace_process
*Verdi* : Dumping the signal (simulator.DC_IO_GEN[10].DAC.sw_ctrl_reg).
Verdi>fsdbDumpvars 0 "simulator.DC_IO_GEN\[10\].DAC.dac_input_reg"  +all +trace_process
*Verdi* : Dumping the signal (simulator.DC_IO_GEN[10].DAC.dac_input_reg).
Verdi>fsdbDumpvars 0 "simulator.DC_IO_GEN\[10\].DAC.SDODIS"  +all +trace_process
*Verdi* : Dumping the signal (simulator.DC_IO_GEN[10].DAC.SDODIS).
Verdi>fsdbDumpvars 0 "simulator.DC_IO_GEN\[10\].DAC.DACTRI"  +all +trace_process
*Verdi* : Dumping the signal (simulator.DC_IO_GEN[10].DAC.DACTRI).
Verdi>fsdbDumpvars 0 "simulator.DC_IO_GEN\[10\].DAC.OPGND"  +all +trace_process
*Verdi* : Dumping the signal (simulator.DC_IO_GEN[10].DAC.OPGND).
Verdi>fsdbDumpvars 0 "simulator.DC_IO_GEN\[10\].DAC.VOUT"  +all +trace_process
*Verdi* : Dumping the signal (simulator.DC_IO_GEN[10].DAC.VOUT).
Verdi>fsdbDumpvars 0 "simulator.DC_IO_GEN\[10\].DAC.VDIGITAL"  +all +trace_process
*Verdi* : Dumping the signal (simulator.DC_IO_GEN[10].DAC.VDIGITAL).
Verdi>fsdbDumpvars 0 "simulator.DC_IO_GEN\[9\].REGS.AXIL_REGS.i_aclk"  +all +trace_process
Verdi>fsdbDumpvars 0 "simulator.DC_IO_GEN\[9\].REGS.AXIL_REGS.i_aresetn"  +all +trace_process
Verdi>fsdbDumpvars 0 "simulator.DC_IO_GEN\[9\].REGS.AXIL_REGS.r_regs\[0:31\]\[31:0\]"  +all +trace_process
Verdi>fsdbDumpvars 0 "simulator.DC_IO_GEN\[9\].REGS.AXIL_REGS.o_regs\[0:31\]\[31:0\]"  +all +trace_process
Verdi>fsdbDumpvars 0 "simulator.DC_IO_GEN\[9\].REGS.AXIL_REGS.o_awready"  +all +trace_process
Verdi>fsdbDumpvars 0 "simulator.DC_IO_GEN\[9\].REGS.AXIL_REGS.i_awvalid"  +all +trace_process
Verdi>fsdbDumpvars 0 "simulator.DC_IO_GEN\[9\].REGS.AXIL_REGS.i_awaddr\[6:0\]"  +all +trace_process
Verdi>fsdbDumpvars 0 "simulator.DC_IO_GEN\[9\].REGS.AXIL_REGS.w_awireg\[4:0\]"  +all +trace_process
Verdi>fsdbDumpvars 0 "simulator.DC_IO_GEN\[9\].REGS.AXIL_REGS.w_awls2b\[1:0\]"  +all +trace_process
Verdi>fsdbDumpvars 0 "simulator.DC_IO_GEN\[9\].REGS.AXIL_REGS.o_wready"  +all +trace_process
Verdi>fsdbDumpvars 0 "simulator.DC_IO_GEN\[9\].REGS.AXIL_REGS.i_wvalid"  +all +trace_process
Verdi>fsdbDumpvars 0 "simulator.DC_IO_GEN\[9\].REGS.AXIL_REGS.i_wdata\[31:0\]"  +all +trace_process
Verdi>fsdbDumpvars 0 "simulator.DC_IO_GEN\[9\].REGS.AXIL_REGS.i_wstrb\[3:0\]"  +all +trace_process
Verdi>fsdbDumpvars 0 "simulator.DC_IO_GEN\[9\].REGS.AXIL_REGS.w_wdatastrb\[31:0\]"  +all +trace_process
Verdi>fsdbDumpvars 0 "simulator.DC_IO_GEN\[9\].REGS.AXIL_REGS.i_bready"  +all +trace_process
Verdi>fsdbDumpvars 0 "simulator.DC_IO_GEN\[9\].REGS.AXIL_REGS.o_bvalid"  +all +trace_process
Verdi>fsdbDumpvars 0 "simulator.DC_IO_GEN\[9\].REGS.AXIL_REGS.o_bresp\[1:0\]"  +all +trace_process
Verdi>fsdbDumpvars 0 "simulator.DC_IO_GEN\[9\].REGS.AXIL_REGS.o_arready"  +all +trace_process
Verdi>fsdbDumpvars 0 "simulator.DC_IO_GEN\[9\].REGS.AXIL_REGS.i_arvalid"  +all +trace_process
Verdi>fsdbDumpvars 0 "simulator.DC_IO_GEN\[9\].REGS.AXIL_REGS.i_araddr\[6:0\]"  +all +trace_process
Verdi>fsdbDumpvars 0 "simulator.DC_IO_GEN\[9\].REGS.AXIL_REGS.w_arireg\[4:0\]"  +all +trace_process
Verdi>fsdbDumpvars 0 "simulator.DC_IO_GEN\[9\].REGS.AXIL_REGS.w_arls2b\[1:0\]"  +all +trace_process
Verdi>fsdbDumpvars 0 "simulator.DC_IO_GEN\[9\].REGS.AXIL_REGS.i_rready"  +all +trace_process
Verdi>fsdbDumpvars 0 "simulator.DC_IO_GEN\[9\].REGS.AXIL_REGS.o_rvalid"  +all +trace_process
Verdi>fsdbDumpvars 0 "simulator.DC_IO_GEN\[9\].REGS.AXIL_REGS.o_rdata\[31:0\]"  +all +trace_process
Verdi>fsdbDumpvars 0 "simulator.DC_IO_GEN\[9\].REGS.AXIL_REGS.o_rresp\[1:0\]"  +all +trace_process
Verdi>fsdbDumpvars 0 "simulator.DCRFLI.DC_GEN\[9\].DC.SEQ.i_clk"  +all +trace_process
Verdi>fsdbDumpvars 0 "simulator.DCRFLI.DC_GEN\[9\].DC.SEQ.i_rst"  +all +trace_process
Verdi>fsdbDumpvars 0 "simulator.DCRFLI.DC_GEN\[9\].DC.SEQ.w_propagate"  +all +trace_process
Verdi>fsdbDumpvars 0 "simulator.DCRFLI.DC_GEN\[9\].DC.SEQ.i_regs\[0:31\]\[31:0\]"  +all +trace_process
Verdi>fsdbDumpvars 0 "simulator.DCRFLI.DC_GEN\[9\].DC.SEQ.w_last0"  +all +trace_process
Verdi>fsdbDumpvars 0 "simulator.DCRFLI.DC_GEN\[9\].DC.SEQ.w_last0_ff1"  +all +trace_process
Verdi>fsdbDumpvars 0 "simulator.DCRFLI.DC_GEN\[9\].DC.SEQ.w_last0_ff2"  +all +trace_process
Verdi>fsdbDumpvars 0 "simulator.DCRFLI.DC_GEN\[9\].DC.SEQ.w_new_sequence"  +all +trace_process
Verdi>fsdbDumpvars 0 "simulator.DCRFLI.DC_GEN\[9\].DC.SEQ.r_sequence\[0:9\]\[91:0\]"  +all +trace_process
Verdi>fsdbDumpvars 0 "simulator.DCRFLI.DC_GEN\[9\].DC.SEQ.r_iters\[10:0\]"  +all +trace_process
Verdi>fsdbDumpvars 0 "simulator.DCRFLI.DC_GEN\[9\].DC.SEQ.r_iptr\[3:0\]"  +all +trace_process
Verdi>fsdbDumpvars 0 "simulator.DCRFLI.DC_GEN\[9\].DC.SEQ.w_insn_fetch\[91:0\]"  +all +trace_process
Verdi>fsdbDumpvars 0 "simulator.DCRFLI.DC_GEN\[9\].DC.SEQ.w_insn_bubble"  +all +trace_process
Verdi>fsdbDumpvars 0 "simulator.DCRFLI.DC_GEN\[9\].DC.SEQ.w_iptr_plus1\[3:0\]"  +all +trace_process
Verdi>fsdbDumpvars 0 "simulator.DCRFLI.DC_GEN\[9\].DC.SEQ.w_next_null"  +all +trace_process
Verdi>fsdbDumpvars 0 "simulator.DCRFLI.DC_GEN\[9\].DC.SEQ.o_empty"  +all +trace_process
Verdi>fsdbDumpvars 0 "simulator.DCRFLI.DC_GEN\[9\].DC.SEQ.i_next"  +all +trace_process
Verdi>fsdbDumpvars 0 "simulator.DCRFLI.DC_GEN\[9\].DC.SEQ.o_addr\[3:0\]"  +all +trace_process
Verdi>fsdbDumpvars 0 "simulator.DCRFLI.DC_GEN\[9\].DC.SEQ.o_insn\[91:0\]"  +all +trace_process
Verdi>fsdbDumpvars 0 "simulator.DCRFLI.DC_GEN\[9\].DC.SEQ.r_iptr_modify\[3:0\]"  +all +trace_process
Verdi>fsdbDumpvars 0 "simulator.DCRFLI.DC_GEN\[9\].DC.SEQ.i_insn_modified\[91:0\]"  +all +trace_process
Verdi>fsdbDumpvars 0 "simulator.DCRFLI.DC_GEN\[9\].DC.CORE.i_clk"  +all +trace_process
Verdi>fsdbDumpvars 0 "simulator.DCRFLI.DC_GEN\[9\].DC.CORE.i_rst"  +all +trace_process
Verdi>fsdbDumpvars 0 "simulator.DCRFLI.DC_GEN\[9\].DC.CORE.w_stall"  +all +trace_process
Verdi>fsdbDumpvars 0 "simulator.DCRFLI.DC_GEN\[9\].DC.CORE.d"  +all +trace_process
Verdi>fsdbDumpvars 0 "simulator.DCRFLI.DC_GEN\[9\].DC.CORE.i_empty"  +all +trace_process
Verdi>fsdbDumpvars 0 "simulator.DCRFLI.DC_GEN\[9\].DC.CORE.o_next"  +all +trace_process
Verdi>fsdbDumpvars 0 "simulator.DCRFLI.DC_GEN\[9\].DC.CORE.i_addr\[3:0\]"  +all +trace_process
Verdi>fsdbDumpvars 0 "simulator.DCRFLI.DC_GEN\[9\].DC.CORE.i_insn\[91:0\]"  +all +trace_process
Verdi>fsdbDumpvars 0 "simulator.DCRFLI.DC_GEN\[9\].DC.CORE.o_insn_modified"  +all +trace_process
Verdi>fsdbDumpvars 0 "simulator.DCRFLI.DC_GEN\[9\].DC.CORE.i"  +all +trace_process
Verdi>fsdbDumpvars 0 "simulator.DCRFLI.DC_GEN\[9\].DC.CORE.s"  +all +trace_process
Verdi>fsdbDumpvars 0 "simulator.DCRFLI.DC_GEN\[9\].DC.CORE.w_dvsr\[15:0\]"  +all +trace_process
Verdi>fsdbDumpvars 0 "simulator.DCRFLI.DC_GEN\[9\].DC.CORE.w_spi_dout\[23:0\]"  +all +trace_process
Verdi>fsdbDumpvars 0 "simulator.DCRFLI.DC_GEN\[9\].DC.CORE.w_spi_done"  +all +trace_process
Verdi>fsdbDumpvars 0 "simulator.DCRFLI.DC_GEN\[9\].DC.CORE.o_armed"  +all +trace_process
Verdi>fsdbDumpvars 0 "simulator.DCRFLI.DC_GEN\[9\].DC.CORE.i_start"  +all +trace_process
Verdi>fsdbDumpvars 0 "simulator.DCRFLI.DC_GEN\[9\].DC.CORE.o_sclk"  +all +trace_process
Verdi>fsdbDumpvars 0 "simulator.DCRFLI.DC_GEN\[9\].DC.CORE.o_mosi"  +all +trace_process
Verdi>fsdbDumpvars 0 "simulator.DCRFLI.DC_GEN\[9\].DC.CORE.i_miso"  +all +trace_process
Verdi>fsdbDumpvars 0 "simulator.DCRFLI.DC_GEN\[9\].DC.CORE.o_cs_n"  +all +trace_process
Verdi>fsdbDumpvars 0 "simulator.DCRFLI.DC_GEN\[9\].DC.CORE.o_ldac_n"  +all +trace_process
Verdi>fsdbDumpvars 0 "simulator.DCRFLI.DC_GEN\[9\].DC.CORE.h"  +all +trace_process
Verdi>fsdbDumpvars 0 "simulator.DCRFLI.DC_GEN\[9\].DC.CORE.o_next"  +all +trace_process
Verdi>fsdbDumpvars 0 "simulator.DCRFLI.DC_GEN\[9\].DC.CORE.o_addr\[3:0\]"  +all +trace_process
Verdi>fsdbDumpvars 0 "simulator.DCRFLI.DC_GEN\[9\].DC.CORE.o_iter\[9:0\]"  +all +trace_process
Verdi>fsdbDumpvars 0 "simulator.DCRFLI.DC_GEN\[9\].DC.CORE.o_spi_din\[23:0\]"  +all +trace_process
Verdi>fsdbDumpvars 0 "simulator.DCRFLI.DC_GEN\[9\].DC.CORE.o_spi_rd"  +all +trace_process
Verdi>fsdbDumpvars 0 "simulator.DCRFLI.DC_GEN\[9\].DC.CORE.o_spi_dout\[23:0\]"  +all +trace_process
Verdi>fsdbDumpvars 0 "simulator.DCRFLI.DC_GEN\[9\].DC.CORE.o_cycles_left\[29:0\]"  +all +trace_process
Verdi>fsdbDumpvars 0 "simulator.DC_IO_GEN\[9\].DAC.valid_transaction"  +all +trace_process
*Verdi* : Dumping the signal (simulator.DC_IO_GEN[9].DAC.valid_transaction).
Verdi>fsdbDumpvars 0 "simulator.DC_IO_GEN\[9\].DAC.input_shift_reg"  +all +trace_process
*Verdi* : Dumping the signal (simulator.DC_IO_GEN[9].DAC.input_shift_reg).
Verdi>fsdbDumpvars 0 "simulator.DC_IO_GEN\[9\].DAC.rw"  +all +trace_process
*Verdi* : Dumping the signal (simulator.DC_IO_GEN[9].DAC.rw).
Verdi>fsdbDumpvars 0 "simulator.DC_IO_GEN\[9\].DAC.addr"  +all +trace_process
*Verdi* : Dumping the signal (simulator.DC_IO_GEN[9].DAC.addr).
Verdi>fsdbDumpvars 0 "simulator.DC_IO_GEN\[9\].DAC.data"  +all +trace_process
*Verdi* : Dumping the signal (simulator.DC_IO_GEN[9].DAC.data).
Verdi>fsdbDumpvars 0 "simulator.DC_IO_GEN\[9\].DAC.rd_data"  +all +trace_process
*Verdi* : Dumping the signal (simulator.DC_IO_GEN[9].DAC.rd_data).
Verdi>fsdbDumpvars 0 "simulator.DC_IO_GEN\[9\].DAC.SCLK"  +all +trace_process
*Verdi* : Dumping the signal (simulator.DC_IO_GEN[9].DAC.SCLK).
Verdi>fsdbDumpvars 0 "simulator.DC_IO_GEN\[9\].DAC.SDIN"  +all +trace_process
*Verdi* : Dumping the signal (simulator.DC_IO_GEN[9].DAC.SDIN).
Verdi>fsdbDumpvars 0 "simulator.DC_IO_GEN\[9\].DAC.SYNC_N"  +all +trace_process
*Verdi* : Dumping the signal (simulator.DC_IO_GEN[9].DAC.SYNC_N).
Verdi>fsdbDumpvars 0 "simulator.DC_IO_GEN\[9\].DAC.SDO"  +all +trace_process
*Verdi* : Dumping the signal (simulator.DC_IO_GEN[9].DAC.SDO).
Verdi>fsdbDumpvars 0 "simulator.DC_IO_GEN\[9\].DAC.LDAC_N"  +all +trace_process
*Verdi* : Dumping the signal (simulator.DC_IO_GEN[9].DAC.LDAC_N).
Verdi>fsdbDumpvars 0 "simulator.DC_IO_GEN\[9\].DAC.CLR_N"  +all +trace_process
*Verdi* : Dumping the signal (simulator.DC_IO_GEN[9].DAC.CLR_N).
Verdi>fsdbDumpvars 0 "simulator.DC_IO_GEN\[9\].DAC.RESET_N"  +all +trace_process
*Verdi* : Dumping the signal (simulator.DC_IO_GEN[9].DAC.RESET_N).
Verdi>fsdbDumpvars 0 "simulator.DC_IO_GEN\[9\].DAC.dac_reg"  +all +trace_process
*Verdi* : Dumping the signal (simulator.DC_IO_GEN[9].DAC.dac_reg).
Verdi>fsdbDumpvars 0 "simulator.DC_IO_GEN\[9\].DAC.ctrl_reg"  +all +trace_process
*Verdi* : Dumping the signal (simulator.DC_IO_GEN[9].DAC.ctrl_reg).
Verdi>fsdbDumpvars 0 "simulator.DC_IO_GEN\[9\].DAC.clrcode_reg"  +all +trace_process
*Verdi* : Dumping the signal (simulator.DC_IO_GEN[9].DAC.clrcode_reg).
Verdi>fsdbDumpvars 0 "simulator.DC_IO_GEN\[9\].DAC.sw_ctrl_reg"  +all +trace_process
*Verdi* : Dumping the signal (simulator.DC_IO_GEN[9].DAC.sw_ctrl_reg).
Verdi>fsdbDumpvars 0 "simulator.DC_IO_GEN\[9\].DAC.dac_input_reg"  +all +trace_process
*Verdi* : Dumping the signal (simulator.DC_IO_GEN[9].DAC.dac_input_reg).
Verdi>fsdbDumpvars 0 "simulator.DC_IO_GEN\[9\].DAC.SDODIS"  +all +trace_process
*Verdi* : Dumping the signal (simulator.DC_IO_GEN[9].DAC.SDODIS).
Verdi>fsdbDumpvars 0 "simulator.DC_IO_GEN\[9\].DAC.DACTRI"  +all +trace_process
*Verdi* : Dumping the signal (simulator.DC_IO_GEN[9].DAC.DACTRI).
Verdi>fsdbDumpvars 0 "simulator.DC_IO_GEN\[9\].DAC.OPGND"  +all +trace_process
*Verdi* : Dumping the signal (simulator.DC_IO_GEN[9].DAC.OPGND).
Verdi>fsdbDumpvars 0 "simulator.DC_IO_GEN\[9\].DAC.VOUT"  +all +trace_process
*Verdi* : Dumping the signal (simulator.DC_IO_GEN[9].DAC.VOUT).
Verdi>fsdbDumpvars 0 "simulator.DC_IO_GEN\[9\].DAC.VDIGITAL"  +all +trace_process
*Verdi* : Dumping the signal (simulator.DC_IO_GEN[9].DAC.VDIGITAL).
Verdi>fsdbDumpvars 0 "simulator.DC_IO_GEN\[8\].REGS.AXIL_REGS.i_aclk"  +all +trace_process
Verdi>fsdbDumpvars 0 "simulator.DC_IO_GEN\[8\].REGS.AXIL_REGS.i_aresetn"  +all +trace_process
Verdi>fsdbDumpvars 0 "simulator.DC_IO_GEN\[8\].REGS.AXIL_REGS.r_regs\[0:31\]\[31:0\]"  +all +trace_process
Verdi>fsdbDumpvars 0 "simulator.DC_IO_GEN\[8\].REGS.AXIL_REGS.o_regs\[0:31\]\[31:0\]"  +all +trace_process
Verdi>fsdbDumpvars 0 "simulator.DC_IO_GEN\[8\].REGS.AXIL_REGS.o_awready"  +all +trace_process
Verdi>fsdbDumpvars 0 "simulator.DC_IO_GEN\[8\].REGS.AXIL_REGS.i_awvalid"  +all +trace_process
Verdi>fsdbDumpvars 0 "simulator.DC_IO_GEN\[8\].REGS.AXIL_REGS.i_awaddr\[6:0\]"  +all +trace_process
Verdi>fsdbDumpvars 0 "simulator.DC_IO_GEN\[8\].REGS.AXIL_REGS.w_awireg\[4:0\]"  +all +trace_process
Verdi>fsdbDumpvars 0 "simulator.DC_IO_GEN\[8\].REGS.AXIL_REGS.w_awls2b\[1:0\]"  +all +trace_process
Verdi>fsdbDumpvars 0 "simulator.DC_IO_GEN\[8\].REGS.AXIL_REGS.o_wready"  +all +trace_process
Verdi>fsdbDumpvars 0 "simulator.DC_IO_GEN\[8\].REGS.AXIL_REGS.i_wvalid"  +all +trace_process
Verdi>fsdbDumpvars 0 "simulator.DC_IO_GEN\[8\].REGS.AXIL_REGS.i_wdata\[31:0\]"  +all +trace_process
Verdi>fsdbDumpvars 0 "simulator.DC_IO_GEN\[8\].REGS.AXIL_REGS.i_wstrb\[3:0\]"  +all +trace_process
Verdi>fsdbDumpvars 0 "simulator.DC_IO_GEN\[8\].REGS.AXIL_REGS.w_wdatastrb\[31:0\]"  +all +trace_process
Verdi>fsdbDumpvars 0 "simulator.DC_IO_GEN\[8\].REGS.AXIL_REGS.i_bready"  +all +trace_process
Verdi>fsdbDumpvars 0 "simulator.DC_IO_GEN\[8\].REGS.AXIL_REGS.o_bvalid"  +all +trace_process
Verdi>fsdbDumpvars 0 "simulator.DC_IO_GEN\[8\].REGS.AXIL_REGS.o_bresp\[1:0\]"  +all +trace_process
Verdi>fsdbDumpvars 0 "simulator.DC_IO_GEN\[8\].REGS.AXIL_REGS.o_arready"  +all +trace_process
Verdi>fsdbDumpvars 0 "simulator.DC_IO_GEN\[8\].REGS.AXIL_REGS.i_arvalid"  +all +trace_process
Verdi>fsdbDumpvars 0 "simulator.DC_IO_GEN\[8\].REGS.AXIL_REGS.i_araddr\[6:0\]"  +all +trace_process
Verdi>fsdbDumpvars 0 "simulator.DC_IO_GEN\[8\].REGS.AXIL_REGS.w_arireg\[4:0\]"  +all +trace_process
Verdi>fsdbDumpvars 0 "simulator.DC_IO_GEN\[8\].REGS.AXIL_REGS.w_arls2b\[1:0\]"  +all +trace_process
Verdi>fsdbDumpvars 0 "simulator.DC_IO_GEN\[8\].REGS.AXIL_REGS.i_rready"  +all +trace_process
Verdi>fsdbDumpvars 0 "simulator.DC_IO_GEN\[8\].REGS.AXIL_REGS.o_rvalid"  +all +trace_process
Verdi>fsdbDumpvars 0 "simulator.DC_IO_GEN\[8\].REGS.AXIL_REGS.o_rdata\[31:0\]"  +all +trace_process
Verdi>fsdbDumpvars 0 "simulator.DC_IO_GEN\[8\].REGS.AXIL_REGS.o_rresp\[1:0\]"  +all +trace_process
Verdi>fsdbDumpvars 0 "simulator.DCRFLI.DC_GEN\[8\].DC.SEQ.i_clk"  +all +trace_process
Verdi>fsdbDumpvars 0 "simulator.DCRFLI.DC_GEN\[8\].DC.SEQ.i_rst"  +all +trace_process
Verdi>fsdbDumpvars 0 "simulator.DCRFLI.DC_GEN\[8\].DC.SEQ.w_propagate"  +all +trace_process
Verdi>fsdbDumpvars 0 "simulator.DCRFLI.DC_GEN\[8\].DC.SEQ.i_regs\[0:31\]\[31:0\]"  +all +trace_process
Verdi>fsdbDumpvars 0 "simulator.DCRFLI.DC_GEN\[8\].DC.SEQ.w_last0"  +all +trace_process
Verdi>fsdbDumpvars 0 "simulator.DCRFLI.DC_GEN\[8\].DC.SEQ.w_last0_ff1"  +all +trace_process
Verdi>fsdbDumpvars 0 "simulator.DCRFLI.DC_GEN\[8\].DC.SEQ.w_last0_ff2"  +all +trace_process
Verdi>fsdbDumpvars 0 "simulator.DCRFLI.DC_GEN\[8\].DC.SEQ.w_new_sequence"  +all +trace_process
Verdi>fsdbDumpvars 0 "simulator.DCRFLI.DC_GEN\[8\].DC.SEQ.r_sequence\[0:9\]\[91:0\]"  +all +trace_process
Verdi>fsdbDumpvars 0 "simulator.DCRFLI.DC_GEN\[8\].DC.SEQ.r_iters\[10:0\]"  +all +trace_process
Verdi>fsdbDumpvars 0 "simulator.DCRFLI.DC_GEN\[8\].DC.SEQ.r_iptr\[3:0\]"  +all +trace_process
Verdi>fsdbDumpvars 0 "simulator.DCRFLI.DC_GEN\[8\].DC.SEQ.w_insn_fetch\[91:0\]"  +all +trace_process
Verdi>fsdbDumpvars 0 "simulator.DCRFLI.DC_GEN\[8\].DC.SEQ.w_insn_bubble"  +all +trace_process
Verdi>fsdbDumpvars 0 "simulator.DCRFLI.DC_GEN\[8\].DC.SEQ.w_iptr_plus1\[3:0\]"  +all +trace_process
Verdi>fsdbDumpvars 0 "simulator.DCRFLI.DC_GEN\[8\].DC.SEQ.w_next_null"  +all +trace_process
Verdi>fsdbDumpvars 0 "simulator.DCRFLI.DC_GEN\[8\].DC.SEQ.o_empty"  +all +trace_process
Verdi>fsdbDumpvars 0 "simulator.DCRFLI.DC_GEN\[8\].DC.SEQ.i_next"  +all +trace_process
Verdi>fsdbDumpvars 0 "simulator.DCRFLI.DC_GEN\[8\].DC.SEQ.o_addr\[3:0\]"  +all +trace_process
Verdi>fsdbDumpvars 0 "simulator.DCRFLI.DC_GEN\[8\].DC.SEQ.o_insn\[91:0\]"  +all +trace_process
Verdi>fsdbDumpvars 0 "simulator.DCRFLI.DC_GEN\[8\].DC.SEQ.r_iptr_modify\[3:0\]"  +all +trace_process
Verdi>fsdbDumpvars 0 "simulator.DCRFLI.DC_GEN\[8\].DC.SEQ.i_insn_modified\[91:0\]"  +all +trace_process
Verdi>fsdbDumpvars 0 "simulator.DCRFLI.DC_GEN\[8\].DC.CORE.i_clk"  +all +trace_process
Verdi>fsdbDumpvars 0 "simulator.DCRFLI.DC_GEN\[8\].DC.CORE.i_rst"  +all +trace_process
Verdi>fsdbDumpvars 0 "simulator.DCRFLI.DC_GEN\[8\].DC.CORE.w_stall"  +all +trace_process
Verdi>fsdbDumpvars 0 "simulator.DCRFLI.DC_GEN\[8\].DC.CORE.d"  +all +trace_process
Verdi>fsdbDumpvars 0 "simulator.DCRFLI.DC_GEN\[8\].DC.CORE.i_empty"  +all +trace_process
Verdi>fsdbDumpvars 0 "simulator.DCRFLI.DC_GEN\[8\].DC.CORE.o_next"  +all +trace_process
Verdi>fsdbDumpvars 0 "simulator.DCRFLI.DC_GEN\[8\].DC.CORE.i_addr\[3:0\]"  +all +trace_process
Verdi>fsdbDumpvars 0 "simulator.DCRFLI.DC_GEN\[8\].DC.CORE.i_insn\[91:0\]"  +all +trace_process
Verdi>fsdbDumpvars 0 "simulator.DCRFLI.DC_GEN\[8\].DC.CORE.o_insn_modified"  +all +trace_process
Verdi>fsdbDumpvars 0 "simulator.DCRFLI.DC_GEN\[8\].DC.CORE.i"  +all +trace_process
Verdi>fsdbDumpvars 0 "simulator.DCRFLI.DC_GEN\[8\].DC.CORE.s"  +all +trace_process
Verdi>fsdbDumpvars 0 "simulator.DCRFLI.DC_GEN\[8\].DC.CORE.w_dvsr\[15:0\]"  +all +trace_process
Verdi>fsdbDumpvars 0 "simulator.DCRFLI.DC_GEN\[8\].DC.CORE.w_spi_dout\[23:0\]"  +all +trace_process
Verdi>fsdbDumpvars 0 "simulator.DCRFLI.DC_GEN\[8\].DC.CORE.w_spi_done"  +all +trace_process
Verdi>fsdbDumpvars 0 "simulator.DCRFLI.DC_GEN\[8\].DC.CORE.o_armed"  +all +trace_process
Verdi>fsdbDumpvars 0 "simulator.DCRFLI.DC_GEN\[8\].DC.CORE.i_start"  +all +trace_process
Verdi>fsdbDumpvars 0 "simulator.DCRFLI.DC_GEN\[8\].DC.CORE.o_sclk"  +all +trace_process
Verdi>fsdbDumpvars 0 "simulator.DCRFLI.DC_GEN\[8\].DC.CORE.o_mosi"  +all +trace_process
Verdi>fsdbDumpvars 0 "simulator.DCRFLI.DC_GEN\[8\].DC.CORE.i_miso"  +all +trace_process
Verdi>fsdbDumpvars 0 "simulator.DCRFLI.DC_GEN\[8\].DC.CORE.o_cs_n"  +all +trace_process
Verdi>fsdbDumpvars 0 "simulator.DCRFLI.DC_GEN\[8\].DC.CORE.o_ldac_n"  +all +trace_process
Verdi>fsdbDumpvars 0 "simulator.DCRFLI.DC_GEN\[8\].DC.CORE.h"  +all +trace_process
Verdi>fsdbDumpvars 0 "simulator.DCRFLI.DC_GEN\[8\].DC.CORE.o_next"  +all +trace_process
Verdi>fsdbDumpvars 0 "simulator.DCRFLI.DC_GEN\[8\].DC.CORE.o_addr\[3:0\]"  +all +trace_process
Verdi>fsdbDumpvars 0 "simulator.DCRFLI.DC_GEN\[8\].DC.CORE.o_iter\[9:0\]"  +all +trace_process
Verdi>fsdbDumpvars 0 "simulator.DCRFLI.DC_GEN\[8\].DC.CORE.o_spi_din\[23:0\]"  +all +trace_process
Verdi>fsdbDumpvars 0 "simulator.DCRFLI.DC_GEN\[8\].DC.CORE.o_spi_rd"  +all +trace_process
Verdi>fsdbDumpvars 0 "simulator.DCRFLI.DC_GEN\[8\].DC.CORE.o_spi_dout\[23:0\]"  +all +trace_process
Verdi>fsdbDumpvars 0 "simulator.DCRFLI.DC_GEN\[8\].DC.CORE.o_cycles_left\[29:0\]"  +all +trace_process
Verdi>fsdbDumpvars 0 "simulator.DC_IO_GEN\[8\].DAC.valid_transaction"  +all +trace_process
*Verdi* : Dumping the signal (simulator.DC_IO_GEN[8].DAC.valid_transaction).
Verdi>fsdbDumpvars 0 "simulator.DC_IO_GEN\[8\].DAC.input_shift_reg"  +all +trace_process
*Verdi* : Dumping the signal (simulator.DC_IO_GEN[8].DAC.input_shift_reg).
Verdi>fsdbDumpvars 0 "simulator.DC_IO_GEN\[8\].DAC.rw"  +all +trace_process
*Verdi* : Dumping the signal (simulator.DC_IO_GEN[8].DAC.rw).
Verdi>fsdbDumpvars 0 "simulator.DC_IO_GEN\[8\].DAC.addr"  +all +trace_process
*Verdi* : Dumping the signal (simulator.DC_IO_GEN[8].DAC.addr).
Verdi>fsdbDumpvars 0 "simulator.DC_IO_GEN\[8\].DAC.data"  +all +trace_process
*Verdi* : Dumping the signal (simulator.DC_IO_GEN[8].DAC.data).
Verdi>fsdbDumpvars 0 "simulator.DC_IO_GEN\[8\].DAC.rd_data"  +all +trace_process
*Verdi* : Dumping the signal (simulator.DC_IO_GEN[8].DAC.rd_data).
Verdi>fsdbDumpvars 0 "simulator.DC_IO_GEN\[8\].DAC.SCLK"  +all +trace_process
*Verdi* : Dumping the signal (simulator.DC_IO_GEN[8].DAC.SCLK).
Verdi>fsdbDumpvars 0 "simulator.DC_IO_GEN\[8\].DAC.SDIN"  +all +trace_process
*Verdi* : Dumping the signal (simulator.DC_IO_GEN[8].DAC.SDIN).
Verdi>fsdbDumpvars 0 "simulator.DC_IO_GEN\[8\].DAC.SYNC_N"  +all +trace_process
*Verdi* : Dumping the signal (simulator.DC_IO_GEN[8].DAC.SYNC_N).
Verdi>fsdbDumpvars 0 "simulator.DC_IO_GEN\[8\].DAC.SDO"  +all +trace_process
*Verdi* : Dumping the signal (simulator.DC_IO_GEN[8].DAC.SDO).
Verdi>fsdbDumpvars 0 "simulator.DC_IO_GEN\[8\].DAC.LDAC_N"  +all +trace_process
*Verdi* : Dumping the signal (simulator.DC_IO_GEN[8].DAC.LDAC_N).
Verdi>fsdbDumpvars 0 "simulator.DC_IO_GEN\[8\].DAC.CLR_N"  +all +trace_process
*Verdi* : Dumping the signal (simulator.DC_IO_GEN[8].DAC.CLR_N).
Verdi>fsdbDumpvars 0 "simulator.DC_IO_GEN\[8\].DAC.RESET_N"  +all +trace_process
*Verdi* : Dumping the signal (simulator.DC_IO_GEN[8].DAC.RESET_N).
Verdi>fsdbDumpvars 0 "simulator.DC_IO_GEN\[8\].DAC.dac_reg"  +all +trace_process
*Verdi* : Dumping the signal (simulator.DC_IO_GEN[8].DAC.dac_reg).
Verdi>fsdbDumpvars 0 "simulator.DC_IO_GEN\[8\].DAC.ctrl_reg"  +all +trace_process
*Verdi* : Dumping the signal (simulator.DC_IO_GEN[8].DAC.ctrl_reg).
Verdi>fsdbDumpvars 0 "simulator.DC_IO_GEN\[8\].DAC.clrcode_reg"  +all +trace_process
*Verdi* : Dumping the signal (simulator.DC_IO_GEN[8].DAC.clrcode_reg).
Verdi>fsdbDumpvars 0 "simulator.DC_IO_GEN\[8\].DAC.sw_ctrl_reg"  +all +trace_process
*Verdi* : Dumping the signal (simulator.DC_IO_GEN[8].DAC.sw_ctrl_reg).
Verdi>fsdbDumpvars 0 "simulator.DC_IO_GEN\[8\].DAC.dac_input_reg"  +all +trace_process
*Verdi* : Dumping the signal (simulator.DC_IO_GEN[8].DAC.dac_input_reg).
Verdi>fsdbDumpvars 0 "simulator.DC_IO_GEN\[8\].DAC.SDODIS"  +all +trace_process
*Verdi* : Dumping the signal (simulator.DC_IO_GEN[8].DAC.SDODIS).
Verdi>fsdbDumpvars 0 "simulator.DC_IO_GEN\[8\].DAC.DACTRI"  +all +trace_process
*Verdi* : Dumping the signal (simulator.DC_IO_GEN[8].DAC.DACTRI).
Verdi>fsdbDumpvars 0 "simulator.DC_IO_GEN\[8\].DAC.OPGND"  +all +trace_process
*Verdi* : Dumping the signal (simulator.DC_IO_GEN[8].DAC.OPGND).
Verdi>fsdbDumpvars 0 "simulator.DC_IO_GEN\[8\].DAC.VOUT"  +all +trace_process
*Verdi* : Dumping the signal (simulator.DC_IO_GEN[8].DAC.VOUT).
Verdi>fsdbDumpvars 0 "simulator.DC_IO_GEN\[8\].DAC.VDIGITAL"  +all +trace_process
*Verdi* : Dumping the signal (simulator.DC_IO_GEN[8].DAC.VDIGITAL).
Verdi>fsdbDumpvars 0 "simulator.DC_IO_GEN\[7\].REGS.AXIL_REGS.i_aclk"  +all +trace_process
Verdi>fsdbDumpvars 0 "simulator.DC_IO_GEN\[7\].REGS.AXIL_REGS.i_aresetn"  +all +trace_process
Verdi>fsdbDumpvars 0 "simulator.DC_IO_GEN\[7\].REGS.AXIL_REGS.r_regs\[0:31\]\[31:0\]"  +all +trace_process
Verdi>fsdbDumpvars 0 "simulator.DC_IO_GEN\[7\].REGS.AXIL_REGS.o_regs\[0:31\]\[31:0\]"  +all +trace_process
Verdi>fsdbDumpvars 0 "simulator.DC_IO_GEN\[7\].REGS.AXIL_REGS.o_awready"  +all +trace_process
Verdi>fsdbDumpvars 0 "simulator.DC_IO_GEN\[7\].REGS.AXIL_REGS.i_awvalid"  +all +trace_process
Verdi>fsdbDumpvars 0 "simulator.DC_IO_GEN\[7\].REGS.AXIL_REGS.i_awaddr\[6:0\]"  +all +trace_process
Verdi>fsdbDumpvars 0 "simulator.DC_IO_GEN\[7\].REGS.AXIL_REGS.w_awireg\[4:0\]"  +all +trace_process
Verdi>fsdbDumpvars 0 "simulator.DC_IO_GEN\[7\].REGS.AXIL_REGS.w_awls2b\[1:0\]"  +all +trace_process
Verdi>fsdbDumpvars 0 "simulator.DC_IO_GEN\[7\].REGS.AXIL_REGS.o_wready"  +all +trace_process
Verdi>fsdbDumpvars 0 "simulator.DC_IO_GEN\[7\].REGS.AXIL_REGS.i_wvalid"  +all +trace_process
Verdi>fsdbDumpvars 0 "simulator.DC_IO_GEN\[7\].REGS.AXIL_REGS.i_wdata\[31:0\]"  +all +trace_process
Verdi>fsdbDumpvars 0 "simulator.DC_IO_GEN\[7\].REGS.AXIL_REGS.i_wstrb\[3:0\]"  +all +trace_process
Verdi>fsdbDumpvars 0 "simulator.DC_IO_GEN\[7\].REGS.AXIL_REGS.w_wdatastrb\[31:0\]"  +all +trace_process
Verdi>fsdbDumpvars 0 "simulator.DC_IO_GEN\[7\].REGS.AXIL_REGS.i_bready"  +all +trace_process
Verdi>fsdbDumpvars 0 "simulator.DC_IO_GEN\[7\].REGS.AXIL_REGS.o_bvalid"  +all +trace_process
Verdi>fsdbDumpvars 0 "simulator.DC_IO_GEN\[7\].REGS.AXIL_REGS.o_bresp\[1:0\]"  +all +trace_process
Verdi>fsdbDumpvars 0 "simulator.DC_IO_GEN\[7\].REGS.AXIL_REGS.o_arready"  +all +trace_process
Verdi>fsdbDumpvars 0 "simulator.DC_IO_GEN\[7\].REGS.AXIL_REGS.i_arvalid"  +all +trace_process
Verdi>fsdbDumpvars 0 "simulator.DC_IO_GEN\[7\].REGS.AXIL_REGS.i_araddr\[6:0\]"  +all +trace_process
Verdi>fsdbDumpvars 0 "simulator.DC_IO_GEN\[7\].REGS.AXIL_REGS.w_arireg\[4:0\]"  +all +trace_process
Verdi>fsdbDumpvars 0 "simulator.DC_IO_GEN\[7\].REGS.AXIL_REGS.w_arls2b\[1:0\]"  +all +trace_process
Verdi>fsdbDumpvars 0 "simulator.DC_IO_GEN\[7\].REGS.AXIL_REGS.i_rready"  +all +trace_process
Verdi>fsdbDumpvars 0 "simulator.DC_IO_GEN\[7\].REGS.AXIL_REGS.o_rvalid"  +all +trace_process
Verdi>fsdbDumpvars 0 "simulator.DC_IO_GEN\[7\].REGS.AXIL_REGS.o_rdata\[31:0\]"  +all +trace_process
Verdi>fsdbDumpvars 0 "simulator.DC_IO_GEN\[7\].REGS.AXIL_REGS.o_rresp\[1:0\]"  +all +trace_process
Verdi>fsdbDumpvars 0 "simulator.DCRFLI.DC_GEN\[7\].DC.SEQ.i_clk"  +all +trace_process
Verdi>fsdbDumpvars 0 "simulator.DCRFLI.DC_GEN\[7\].DC.SEQ.i_rst"  +all +trace_process
Verdi>fsdbDumpvars 0 "simulator.DCRFLI.DC_GEN\[7\].DC.SEQ.w_propagate"  +all +trace_process
Verdi>fsdbDumpvars 0 "simulator.DCRFLI.DC_GEN\[7\].DC.SEQ.i_regs\[0:31\]\[31:0\]"  +all +trace_process
Verdi>fsdbDumpvars 0 "simulator.DCRFLI.DC_GEN\[7\].DC.SEQ.w_last0"  +all +trace_process
Verdi>fsdbDumpvars 0 "simulator.DCRFLI.DC_GEN\[7\].DC.SEQ.w_last0_ff1"  +all +trace_process
Verdi>fsdbDumpvars 0 "simulator.DCRFLI.DC_GEN\[7\].DC.SEQ.w_last0_ff2"  +all +trace_process
Verdi>fsdbDumpvars 0 "simulator.DCRFLI.DC_GEN\[7\].DC.SEQ.w_new_sequence"  +all +trace_process
Verdi>fsdbDumpvars 0 "simulator.DCRFLI.DC_GEN\[7\].DC.SEQ.r_sequence\[0:9\]\[91:0\]"  +all +trace_process
Verdi>fsdbDumpvars 0 "simulator.DCRFLI.DC_GEN\[7\].DC.SEQ.r_iters\[10:0\]"  +all +trace_process
Verdi>fsdbDumpvars 0 "simulator.DCRFLI.DC_GEN\[7\].DC.SEQ.r_iptr\[3:0\]"  +all +trace_process
Verdi>fsdbDumpvars 0 "simulator.DCRFLI.DC_GEN\[7\].DC.SEQ.w_insn_fetch\[91:0\]"  +all +trace_process
Verdi>fsdbDumpvars 0 "simulator.DCRFLI.DC_GEN\[7\].DC.SEQ.w_insn_bubble"  +all +trace_process
Verdi>fsdbDumpvars 0 "simulator.DCRFLI.DC_GEN\[7\].DC.SEQ.w_iptr_plus1\[3:0\]"  +all +trace_process
Verdi>fsdbDumpvars 0 "simulator.DCRFLI.DC_GEN\[7\].DC.SEQ.w_next_null"  +all +trace_process
Verdi>fsdbDumpvars 0 "simulator.DCRFLI.DC_GEN\[7\].DC.SEQ.o_empty"  +all +trace_process
Verdi>fsdbDumpvars 0 "simulator.DCRFLI.DC_GEN\[7\].DC.SEQ.i_next"  +all +trace_process
Verdi>fsdbDumpvars 0 "simulator.DCRFLI.DC_GEN\[7\].DC.SEQ.o_addr\[3:0\]"  +all +trace_process
Verdi>fsdbDumpvars 0 "simulator.DCRFLI.DC_GEN\[7\].DC.SEQ.o_insn\[91:0\]"  +all +trace_process
Verdi>fsdbDumpvars 0 "simulator.DCRFLI.DC_GEN\[7\].DC.SEQ.r_iptr_modify\[3:0\]"  +all +trace_process
Verdi>fsdbDumpvars 0 "simulator.DCRFLI.DC_GEN\[7\].DC.SEQ.i_insn_modified\[91:0\]"  +all +trace_process
Verdi>fsdbDumpvars 0 "simulator.DCRFLI.DC_GEN\[7\].DC.CORE.i_clk"  +all +trace_process
Verdi>fsdbDumpvars 0 "simulator.DCRFLI.DC_GEN\[7\].DC.CORE.i_rst"  +all +trace_process
Verdi>fsdbDumpvars 0 "simulator.DCRFLI.DC_GEN\[7\].DC.CORE.w_stall"  +all +trace_process
Verdi>fsdbDumpvars 0 "simulator.DCRFLI.DC_GEN\[7\].DC.CORE.d"  +all +trace_process
Verdi>fsdbDumpvars 0 "simulator.DCRFLI.DC_GEN\[7\].DC.CORE.i_empty"  +all +trace_process
Verdi>fsdbDumpvars 0 "simulator.DCRFLI.DC_GEN\[7\].DC.CORE.o_next"  +all +trace_process
Verdi>fsdbDumpvars 0 "simulator.DCRFLI.DC_GEN\[7\].DC.CORE.i_addr\[3:0\]"  +all +trace_process
Verdi>fsdbDumpvars 0 "simulator.DCRFLI.DC_GEN\[7\].DC.CORE.i_insn\[91:0\]"  +all +trace_process
Verdi>fsdbDumpvars 0 "simulator.DCRFLI.DC_GEN\[7\].DC.CORE.o_insn_modified"  +all +trace_process
Verdi>fsdbDumpvars 0 "simulator.DCRFLI.DC_GEN\[7\].DC.CORE.i"  +all +trace_process
Verdi>fsdbDumpvars 0 "simulator.DCRFLI.DC_GEN\[7\].DC.CORE.s"  +all +trace_process
Verdi>fsdbDumpvars 0 "simulator.DCRFLI.DC_GEN\[7\].DC.CORE.w_dvsr\[15:0\]"  +all +trace_process
Verdi>fsdbDumpvars 0 "simulator.DCRFLI.DC_GEN\[7\].DC.CORE.w_spi_dout\[23:0\]"  +all +trace_process
Verdi>fsdbDumpvars 0 "simulator.DCRFLI.DC_GEN\[7\].DC.CORE.w_spi_done"  +all +trace_process
Verdi>fsdbDumpvars 0 "simulator.DCRFLI.DC_GEN\[7\].DC.CORE.o_armed"  +all +trace_process
Verdi>fsdbDumpvars 0 "simulator.DCRFLI.DC_GEN\[7\].DC.CORE.i_start"  +all +trace_process
Verdi>fsdbDumpvars 0 "simulator.DCRFLI.DC_GEN\[7\].DC.CORE.o_sclk"  +all +trace_process
Verdi>fsdbDumpvars 0 "simulator.DCRFLI.DC_GEN\[7\].DC.CORE.o_mosi"  +all +trace_process
Verdi>fsdbDumpvars 0 "simulator.DCRFLI.DC_GEN\[7\].DC.CORE.i_miso"  +all +trace_process
Verdi>fsdbDumpvars 0 "simulator.DCRFLI.DC_GEN\[7\].DC.CORE.o_cs_n"  +all +trace_process
Verdi>fsdbDumpvars 0 "simulator.DCRFLI.DC_GEN\[7\].DC.CORE.o_ldac_n"  +all +trace_process
Verdi>fsdbDumpvars 0 "simulator.DCRFLI.DC_GEN\[7\].DC.CORE.h"  +all +trace_process
Verdi>fsdbDumpvars 0 "simulator.DCRFLI.DC_GEN\[7\].DC.CORE.o_next"  +all +trace_process
Verdi>fsdbDumpvars 0 "simulator.DCRFLI.DC_GEN\[7\].DC.CORE.o_addr\[3:0\]"  +all +trace_process
Verdi>fsdbDumpvars 0 "simulator.DCRFLI.DC_GEN\[7\].DC.CORE.o_iter\[9:0\]"  +all +trace_process
Verdi>fsdbDumpvars 0 "simulator.DCRFLI.DC_GEN\[7\].DC.CORE.o_spi_din\[23:0\]"  +all +trace_process
Verdi>fsdbDumpvars 0 "simulator.DCRFLI.DC_GEN\[7\].DC.CORE.o_spi_rd"  +all +trace_process
Verdi>fsdbDumpvars 0 "simulator.DCRFLI.DC_GEN\[7\].DC.CORE.o_spi_dout\[23:0\]"  +all +trace_process
Verdi>fsdbDumpvars 0 "simulator.DCRFLI.DC_GEN\[7\].DC.CORE.o_cycles_left\[29:0\]"  +all +trace_process
Verdi>fsdbDumpvars 0 "simulator.DC_IO_GEN\[7\].DAC.valid_transaction"  +all +trace_process
*Verdi* : Dumping the signal (simulator.DC_IO_GEN[7].DAC.valid_transaction).
Verdi>fsdbDumpvars 0 "simulator.DC_IO_GEN\[7\].DAC.input_shift_reg"  +all +trace_process
*Verdi* : Dumping the signal (simulator.DC_IO_GEN[7].DAC.input_shift_reg).
Verdi>fsdbDumpvars 0 "simulator.DC_IO_GEN\[7\].DAC.rw"  +all +trace_process
*Verdi* : Dumping the signal (simulator.DC_IO_GEN[7].DAC.rw).
Verdi>fsdbDumpvars 0 "simulator.DC_IO_GEN\[7\].DAC.addr"  +all +trace_process
*Verdi* : Dumping the signal (simulator.DC_IO_GEN[7].DAC.addr).
Verdi>fsdbDumpvars 0 "simulator.DC_IO_GEN\[7\].DAC.data"  +all +trace_process
*Verdi* : Dumping the signal (simulator.DC_IO_GEN[7].DAC.data).
Verdi>fsdbDumpvars 0 "simulator.DC_IO_GEN\[7\].DAC.rd_data"  +all +trace_process
*Verdi* : Dumping the signal (simulator.DC_IO_GEN[7].DAC.rd_data).
Verdi>fsdbDumpvars 0 "simulator.DC_IO_GEN\[7\].DAC.SCLK"  +all +trace_process
*Verdi* : Dumping the signal (simulator.DC_IO_GEN[7].DAC.SCLK).
Verdi>fsdbDumpvars 0 "simulator.DC_IO_GEN\[7\].DAC.SDIN"  +all +trace_process
*Verdi* : Dumping the signal (simulator.DC_IO_GEN[7].DAC.SDIN).
Verdi>fsdbDumpvars 0 "simulator.DC_IO_GEN\[7\].DAC.SYNC_N"  +all +trace_process
*Verdi* : Dumping the signal (simulator.DC_IO_GEN[7].DAC.SYNC_N).
Verdi>fsdbDumpvars 0 "simulator.DC_IO_GEN\[7\].DAC.SDO"  +all +trace_process
*Verdi* : Dumping the signal (simulator.DC_IO_GEN[7].DAC.SDO).
Verdi>fsdbDumpvars 0 "simulator.DC_IO_GEN\[7\].DAC.LDAC_N"  +all +trace_process
*Verdi* : Dumping the signal (simulator.DC_IO_GEN[7].DAC.LDAC_N).
Verdi>fsdbDumpvars 0 "simulator.DC_IO_GEN\[7\].DAC.CLR_N"  +all +trace_process
*Verdi* : Dumping the signal (simulator.DC_IO_GEN[7].DAC.CLR_N).
Verdi>fsdbDumpvars 0 "simulator.DC_IO_GEN\[7\].DAC.RESET_N"  +all +trace_process
*Verdi* : Dumping the signal (simulator.DC_IO_GEN[7].DAC.RESET_N).
Verdi>fsdbDumpvars 0 "simulator.DC_IO_GEN\[7\].DAC.dac_reg"  +all +trace_process
*Verdi* : Dumping the signal (simulator.DC_IO_GEN[7].DAC.dac_reg).
Verdi>fsdbDumpvars 0 "simulator.DC_IO_GEN\[7\].DAC.ctrl_reg"  +all +trace_process
*Verdi* : Dumping the signal (simulator.DC_IO_GEN[7].DAC.ctrl_reg).
Verdi>fsdbDumpvars 0 "simulator.DC_IO_GEN\[7\].DAC.clrcode_reg"  +all +trace_process
*Verdi* : Dumping the signal (simulator.DC_IO_GEN[7].DAC.clrcode_reg).
Verdi>fsdbDumpvars 0 "simulator.DC_IO_GEN\[7\].DAC.sw_ctrl_reg"  +all +trace_process
*Verdi* : Dumping the signal (simulator.DC_IO_GEN[7].DAC.sw_ctrl_reg).
Verdi>fsdbDumpvars 0 "simulator.DC_IO_GEN\[7\].DAC.dac_input_reg"  +all +trace_process
*Verdi* : Dumping the signal (simulator.DC_IO_GEN[7].DAC.dac_input_reg).
Verdi>fsdbDumpvars 0 "simulator.DC_IO_GEN\[7\].DAC.SDODIS"  +all +trace_process
*Verdi* : Dumping the signal (simulator.DC_IO_GEN[7].DAC.SDODIS).
Verdi>fsdbDumpvars 0 "simulator.DC_IO_GEN\[7\].DAC.DACTRI"  +all +trace_process
*Verdi* : Dumping the signal (simulator.DC_IO_GEN[7].DAC.DACTRI).
Verdi>fsdbDumpvars 0 "simulator.DC_IO_GEN\[7\].DAC.OPGND"  +all +trace_process
*Verdi* : Dumping the signal (simulator.DC_IO_GEN[7].DAC.OPGND).
Verdi>fsdbDumpvars 0 "simulator.DC_IO_GEN\[7\].DAC.VOUT"  +all +trace_process
*Verdi* : Dumping the signal (simulator.DC_IO_GEN[7].DAC.VOUT).
Verdi>fsdbDumpvars 0 "simulator.DC_IO_GEN\[7\].DAC.VDIGITAL"  +all +trace_process
*Verdi* : Dumping the signal (simulator.DC_IO_GEN[7].DAC.VDIGITAL).
Verdi>fsdbDumpvars 0 "simulator.DC_IO_GEN\[6\].REGS.AXIL_REGS.i_aclk"  +all +trace_process
Verdi>fsdbDumpvars 0 "simulator.DC_IO_GEN\[6\].REGS.AXIL_REGS.i_aresetn"  +all +trace_process
Verdi>fsdbDumpvars 0 "simulator.DC_IO_GEN\[6\].REGS.AXIL_REGS.r_regs\[0:31\]\[31:0\]"  +all +trace_process
Verdi>fsdbDumpvars 0 "simulator.DC_IO_GEN\[6\].REGS.AXIL_REGS.o_regs\[0:31\]\[31:0\]"  +all +trace_process
Verdi>fsdbDumpvars 0 "simulator.DC_IO_GEN\[6\].REGS.AXIL_REGS.o_awready"  +all +trace_process
Verdi>fsdbDumpvars 0 "simulator.DC_IO_GEN\[6\].REGS.AXIL_REGS.i_awvalid"  +all +trace_process
Verdi>fsdbDumpvars 0 "simulator.DC_IO_GEN\[6\].REGS.AXIL_REGS.i_awaddr\[6:0\]"  +all +trace_process
Verdi>fsdbDumpvars 0 "simulator.DC_IO_GEN\[6\].REGS.AXIL_REGS.w_awireg\[4:0\]"  +all +trace_process
Verdi>fsdbDumpvars 0 "simulator.DC_IO_GEN\[6\].REGS.AXIL_REGS.w_awls2b\[1:0\]"  +all +trace_process
Verdi>fsdbDumpvars 0 "simulator.DC_IO_GEN\[6\].REGS.AXIL_REGS.o_wready"  +all +trace_process
Verdi>fsdbDumpvars 0 "simulator.DC_IO_GEN\[6\].REGS.AXIL_REGS.i_wvalid"  +all +trace_process
Verdi>fsdbDumpvars 0 "simulator.DC_IO_GEN\[6\].REGS.AXIL_REGS.i_wdata\[31:0\]"  +all +trace_process
Verdi>fsdbDumpvars 0 "simulator.DC_IO_GEN\[6\].REGS.AXIL_REGS.i_wstrb\[3:0\]"  +all +trace_process
Verdi>fsdbDumpvars 0 "simulator.DC_IO_GEN\[6\].REGS.AXIL_REGS.w_wdatastrb\[31:0\]"  +all +trace_process
Verdi>fsdbDumpvars 0 "simulator.DC_IO_GEN\[6\].REGS.AXIL_REGS.i_bready"  +all +trace_process
Verdi>fsdbDumpvars 0 "simulator.DC_IO_GEN\[6\].REGS.AXIL_REGS.o_bvalid"  +all +trace_process
Verdi>fsdbDumpvars 0 "simulator.DC_IO_GEN\[6\].REGS.AXIL_REGS.o_bresp\[1:0\]"  +all +trace_process
Verdi>fsdbDumpvars 0 "simulator.DC_IO_GEN\[6\].REGS.AXIL_REGS.o_arready"  +all +trace_process
Verdi>fsdbDumpvars 0 "simulator.DC_IO_GEN\[6\].REGS.AXIL_REGS.i_arvalid"  +all +trace_process
Verdi>fsdbDumpvars 0 "simulator.DC_IO_GEN\[6\].REGS.AXIL_REGS.i_araddr\[6:0\]"  +all +trace_process
Verdi>fsdbDumpvars 0 "simulator.DC_IO_GEN\[6\].REGS.AXIL_REGS.w_arireg\[4:0\]"  +all +trace_process
Verdi>fsdbDumpvars 0 "simulator.DC_IO_GEN\[6\].REGS.AXIL_REGS.w_arls2b\[1:0\]"  +all +trace_process
Verdi>fsdbDumpvars 0 "simulator.DC_IO_GEN\[6\].REGS.AXIL_REGS.i_rready"  +all +trace_process
Verdi>fsdbDumpvars 0 "simulator.DC_IO_GEN\[6\].REGS.AXIL_REGS.o_rvalid"  +all +trace_process
Verdi>fsdbDumpvars 0 "simulator.DC_IO_GEN\[6\].REGS.AXIL_REGS.o_rdata\[31:0\]"  +all +trace_process
Verdi>fsdbDumpvars 0 "simulator.DC_IO_GEN\[6\].REGS.AXIL_REGS.o_rresp\[1:0\]"  +all +trace_process
Verdi>fsdbDumpvars 0 "simulator.DCRFLI.DC_GEN\[6\].DC.SEQ.i_clk"  +all +trace_process
Verdi>fsdbDumpvars 0 "simulator.DCRFLI.DC_GEN\[6\].DC.SEQ.i_rst"  +all +trace_process
Verdi>fsdbDumpvars 0 "simulator.DCRFLI.DC_GEN\[6\].DC.SEQ.w_propagate"  +all +trace_process
Verdi>fsdbDumpvars 0 "simulator.DCRFLI.DC_GEN\[6\].DC.SEQ.i_regs\[0:31\]\[31:0\]"  +all +trace_process
Verdi>fsdbDumpvars 0 "simulator.DCRFLI.DC_GEN\[6\].DC.SEQ.w_last0"  +all +trace_process
Verdi>fsdbDumpvars 0 "simulator.DCRFLI.DC_GEN\[6\].DC.SEQ.w_last0_ff1"  +all +trace_process
Verdi>fsdbDumpvars 0 "simulator.DCRFLI.DC_GEN\[6\].DC.SEQ.w_last0_ff2"  +all +trace_process
Verdi>fsdbDumpvars 0 "simulator.DCRFLI.DC_GEN\[6\].DC.SEQ.w_new_sequence"  +all +trace_process
Verdi>fsdbDumpvars 0 "simulator.DCRFLI.DC_GEN\[6\].DC.SEQ.r_sequence\[0:9\]\[91:0\]"  +all +trace_process
Verdi>fsdbDumpvars 0 "simulator.DCRFLI.DC_GEN\[6\].DC.SEQ.r_iters\[10:0\]"  +all +trace_process
Verdi>fsdbDumpvars 0 "simulator.DCRFLI.DC_GEN\[6\].DC.SEQ.r_iptr\[3:0\]"  +all +trace_process
Verdi>fsdbDumpvars 0 "simulator.DCRFLI.DC_GEN\[6\].DC.SEQ.w_insn_fetch\[91:0\]"  +all +trace_process
Verdi>fsdbDumpvars 0 "simulator.DCRFLI.DC_GEN\[6\].DC.SEQ.w_insn_bubble"  +all +trace_process
Verdi>fsdbDumpvars 0 "simulator.DCRFLI.DC_GEN\[6\].DC.SEQ.w_iptr_plus1\[3:0\]"  +all +trace_process
Verdi>fsdbDumpvars 0 "simulator.DCRFLI.DC_GEN\[6\].DC.SEQ.w_next_null"  +all +trace_process
Verdi>fsdbDumpvars 0 "simulator.DCRFLI.DC_GEN\[6\].DC.SEQ.o_empty"  +all +trace_process
Verdi>fsdbDumpvars 0 "simulator.DCRFLI.DC_GEN\[6\].DC.SEQ.i_next"  +all +trace_process
Verdi>fsdbDumpvars 0 "simulator.DCRFLI.DC_GEN\[6\].DC.SEQ.o_addr\[3:0\]"  +all +trace_process
Verdi>fsdbDumpvars 0 "simulator.DCRFLI.DC_GEN\[6\].DC.SEQ.o_insn\[91:0\]"  +all +trace_process
Verdi>fsdbDumpvars 0 "simulator.DCRFLI.DC_GEN\[6\].DC.SEQ.r_iptr_modify\[3:0\]"  +all +trace_process
Verdi>fsdbDumpvars 0 "simulator.DCRFLI.DC_GEN\[6\].DC.SEQ.i_insn_modified\[91:0\]"  +all +trace_process
Verdi>fsdbDumpvars 0 "simulator.DCRFLI.DC_GEN\[6\].DC.CORE.i_clk"  +all +trace_process
Verdi>fsdbDumpvars 0 "simulator.DCRFLI.DC_GEN\[6\].DC.CORE.i_rst"  +all +trace_process
Verdi>fsdbDumpvars 0 "simulator.DCRFLI.DC_GEN\[6\].DC.CORE.w_stall"  +all +trace_process
Verdi>fsdbDumpvars 0 "simulator.DCRFLI.DC_GEN\[6\].DC.CORE.d"  +all +trace_process
Verdi>fsdbDumpvars 0 "simulator.DCRFLI.DC_GEN\[6\].DC.CORE.i_empty"  +all +trace_process
Verdi>fsdbDumpvars 0 "simulator.DCRFLI.DC_GEN\[6\].DC.CORE.o_next"  +all +trace_process
Verdi>fsdbDumpvars 0 "simulator.DCRFLI.DC_GEN\[6\].DC.CORE.i_addr\[3:0\]"  +all +trace_process
Verdi>fsdbDumpvars 0 "simulator.DCRFLI.DC_GEN\[6\].DC.CORE.i_insn\[91:0\]"  +all +trace_process
Verdi>fsdbDumpvars 0 "simulator.DCRFLI.DC_GEN\[6\].DC.CORE.o_insn_modified"  +all +trace_process
Verdi>fsdbDumpvars 0 "simulator.DCRFLI.DC_GEN\[6\].DC.CORE.i"  +all +trace_process
Verdi>fsdbDumpvars 0 "simulator.DCRFLI.DC_GEN\[6\].DC.CORE.s"  +all +trace_process
Verdi>fsdbDumpvars 0 "simulator.DCRFLI.DC_GEN\[6\].DC.CORE.w_dvsr\[15:0\]"  +all +trace_process
Verdi>fsdbDumpvars 0 "simulator.DCRFLI.DC_GEN\[6\].DC.CORE.w_spi_dout\[23:0\]"  +all +trace_process
Verdi>fsdbDumpvars 0 "simulator.DCRFLI.DC_GEN\[6\].DC.CORE.w_spi_done"  +all +trace_process
Verdi>fsdbDumpvars 0 "simulator.DCRFLI.DC_GEN\[6\].DC.CORE.o_armed"  +all +trace_process
Verdi>fsdbDumpvars 0 "simulator.DCRFLI.DC_GEN\[6\].DC.CORE.i_start"  +all +trace_process
Verdi>fsdbDumpvars 0 "simulator.DCRFLI.DC_GEN\[6\].DC.CORE.o_sclk"  +all +trace_process
Verdi>fsdbDumpvars 0 "simulator.DCRFLI.DC_GEN\[6\].DC.CORE.o_mosi"  +all +trace_process
Verdi>fsdbDumpvars 0 "simulator.DCRFLI.DC_GEN\[6\].DC.CORE.i_miso"  +all +trace_process
Verdi>fsdbDumpvars 0 "simulator.DCRFLI.DC_GEN\[6\].DC.CORE.o_cs_n"  +all +trace_process
Verdi>fsdbDumpvars 0 "simulator.DCRFLI.DC_GEN\[6\].DC.CORE.o_ldac_n"  +all +trace_process
Verdi>fsdbDumpvars 0 "simulator.DCRFLI.DC_GEN\[6\].DC.CORE.h"  +all +trace_process
Verdi>fsdbDumpvars 0 "simulator.DCRFLI.DC_GEN\[6\].DC.CORE.o_next"  +all +trace_process
Verdi>fsdbDumpvars 0 "simulator.DCRFLI.DC_GEN\[6\].DC.CORE.o_addr\[3:0\]"  +all +trace_process
Verdi>fsdbDumpvars 0 "simulator.DCRFLI.DC_GEN\[6\].DC.CORE.o_iter\[9:0\]"  +all +trace_process
Verdi>fsdbDumpvars 0 "simulator.DCRFLI.DC_GEN\[6\].DC.CORE.o_spi_din\[23:0\]"  +all +trace_process
Verdi>fsdbDumpvars 0 "simulator.DCRFLI.DC_GEN\[6\].DC.CORE.o_spi_rd"  +all +trace_process
Verdi>fsdbDumpvars 0 "simulator.DCRFLI.DC_GEN\[6\].DC.CORE.o_spi_dout\[23:0\]"  +all +trace_process
Verdi>fsdbDumpvars 0 "simulator.DCRFLI.DC_GEN\[6\].DC.CORE.o_cycles_left\[29:0\]"  +all +trace_process
Verdi>fsdbDumpvars 0 "simulator.DC_IO_GEN\[6\].DAC.valid_transaction"  +all +trace_process
*Verdi* : Dumping the signal (simulator.DC_IO_GEN[6].DAC.valid_transaction).
Verdi>fsdbDumpvars 0 "simulator.DC_IO_GEN\[6\].DAC.input_shift_reg"  +all +trace_process
*Verdi* : Dumping the signal (simulator.DC_IO_GEN[6].DAC.input_shift_reg).
Verdi>fsdbDumpvars 0 "simulator.DC_IO_GEN\[6\].DAC.rw"  +all +trace_process
*Verdi* : Dumping the signal (simulator.DC_IO_GEN[6].DAC.rw).
Verdi>fsdbDumpvars 0 "simulator.DC_IO_GEN\[6\].DAC.addr"  +all +trace_process
*Verdi* : Dumping the signal (simulator.DC_IO_GEN[6].DAC.addr).
Verdi>fsdbDumpvars 0 "simulator.DC_IO_GEN\[6\].DAC.data"  +all +trace_process
*Verdi* : Dumping the signal (simulator.DC_IO_GEN[6].DAC.data).
Verdi>fsdbDumpvars 0 "simulator.DC_IO_GEN\[6\].DAC.rd_data"  +all +trace_process
*Verdi* : Dumping the signal (simulator.DC_IO_GEN[6].DAC.rd_data).
Verdi>fsdbDumpvars 0 "simulator.DC_IO_GEN\[6\].DAC.SCLK"  +all +trace_process
*Verdi* : Dumping the signal (simulator.DC_IO_GEN[6].DAC.SCLK).
Verdi>fsdbDumpvars 0 "simulator.DC_IO_GEN\[6\].DAC.SDIN"  +all +trace_process
*Verdi* : Dumping the signal (simulator.DC_IO_GEN[6].DAC.SDIN).
Verdi>fsdbDumpvars 0 "simulator.DC_IO_GEN\[6\].DAC.SYNC_N"  +all +trace_process
*Verdi* : Dumping the signal (simulator.DC_IO_GEN[6].DAC.SYNC_N).
Verdi>fsdbDumpvars 0 "simulator.DC_IO_GEN\[6\].DAC.SDO"  +all +trace_process
*Verdi* : Dumping the signal (simulator.DC_IO_GEN[6].DAC.SDO).
Verdi>fsdbDumpvars 0 "simulator.DC_IO_GEN\[6\].DAC.LDAC_N"  +all +trace_process
*Verdi* : Dumping the signal (simulator.DC_IO_GEN[6].DAC.LDAC_N).
Verdi>fsdbDumpvars 0 "simulator.DC_IO_GEN\[6\].DAC.CLR_N"  +all +trace_process
*Verdi* : Dumping the signal (simulator.DC_IO_GEN[6].DAC.CLR_N).
Verdi>fsdbDumpvars 0 "simulator.DC_IO_GEN\[6\].DAC.RESET_N"  +all +trace_process
*Verdi* : Dumping the signal (simulator.DC_IO_GEN[6].DAC.RESET_N).
Verdi>fsdbDumpvars 0 "simulator.DC_IO_GEN\[6\].DAC.dac_reg"  +all +trace_process
*Verdi* : Dumping the signal (simulator.DC_IO_GEN[6].DAC.dac_reg).
Verdi>fsdbDumpvars 0 "simulator.DC_IO_GEN\[6\].DAC.ctrl_reg"  +all +trace_process
*Verdi* : Dumping the signal (simulator.DC_IO_GEN[6].DAC.ctrl_reg).
Verdi>fsdbDumpvars 0 "simulator.DC_IO_GEN\[6\].DAC.clrcode_reg"  +all +trace_process
*Verdi* : Dumping the signal (simulator.DC_IO_GEN[6].DAC.clrcode_reg).
Verdi>fsdbDumpvars 0 "simulator.DC_IO_GEN\[6\].DAC.sw_ctrl_reg"  +all +trace_process
*Verdi* : Dumping the signal (simulator.DC_IO_GEN[6].DAC.sw_ctrl_reg).
Verdi>fsdbDumpvars 0 "simulator.DC_IO_GEN\[6\].DAC.dac_input_reg"  +all +trace_process
*Verdi* : Dumping the signal (simulator.DC_IO_GEN[6].DAC.dac_input_reg).
Verdi>fsdbDumpvars 0 "simulator.DC_IO_GEN\[6\].DAC.SDODIS"  +all +trace_process
*Verdi* : Dumping the signal (simulator.DC_IO_GEN[6].DAC.SDODIS).
Verdi>fsdbDumpvars 0 "simulator.DC_IO_GEN\[6\].DAC.DACTRI"  +all +trace_process
*Verdi* : Dumping the signal (simulator.DC_IO_GEN[6].DAC.DACTRI).
Verdi>fsdbDumpvars 0 "simulator.DC_IO_GEN\[6\].DAC.OPGND"  +all +trace_process
*Verdi* : Dumping the signal (simulator.DC_IO_GEN[6].DAC.OPGND).
Verdi>fsdbDumpvars 0 "simulator.DC_IO_GEN\[6\].DAC.VOUT"  +all +trace_process
*Verdi* : Dumping the signal (simulator.DC_IO_GEN[6].DAC.VOUT).
Verdi>fsdbDumpvars 0 "simulator.DC_IO_GEN\[6\].DAC.VDIGITAL"  +all +trace_process
*Verdi* : Dumping the signal (simulator.DC_IO_GEN[6].DAC.VDIGITAL).
Verdi>fsdbDumpvars 0 "simulator.DC_IO_GEN\[5\].REGS.AXIL_REGS.i_aclk"  +all +trace_process
Verdi>fsdbDumpvars 0 "simulator.DC_IO_GEN\[5\].REGS.AXIL_REGS.i_aresetn"  +all +trace_process
Verdi>fsdbDumpvars 0 "simulator.DC_IO_GEN\[5\].REGS.AXIL_REGS.r_regs\[0:31\]\[31:0\]"  +all +trace_process
Verdi>fsdbDumpvars 0 "simulator.DC_IO_GEN\[5\].REGS.AXIL_REGS.o_regs\[0:31\]\[31:0\]"  +all +trace_process
Verdi>fsdbDumpvars 0 "simulator.DC_IO_GEN\[5\].REGS.AXIL_REGS.o_awready"  +all +trace_process
Verdi>fsdbDumpvars 0 "simulator.DC_IO_GEN\[5\].REGS.AXIL_REGS.i_awvalid"  +all +trace_process
Verdi>fsdbDumpvars 0 "simulator.DC_IO_GEN\[5\].REGS.AXIL_REGS.i_awaddr\[6:0\]"  +all +trace_process
Verdi>fsdbDumpvars 0 "simulator.DC_IO_GEN\[5\].REGS.AXIL_REGS.w_awireg\[4:0\]"  +all +trace_process
Verdi>fsdbDumpvars 0 "simulator.DC_IO_GEN\[5\].REGS.AXIL_REGS.w_awls2b\[1:0\]"  +all +trace_process
Verdi>fsdbDumpvars 0 "simulator.DC_IO_GEN\[5\].REGS.AXIL_REGS.o_wready"  +all +trace_process
Verdi>fsdbDumpvars 0 "simulator.DC_IO_GEN\[5\].REGS.AXIL_REGS.i_wvalid"  +all +trace_process
Verdi>fsdbDumpvars 0 "simulator.DC_IO_GEN\[5\].REGS.AXIL_REGS.i_wdata\[31:0\]"  +all +trace_process
Verdi>fsdbDumpvars 0 "simulator.DC_IO_GEN\[5\].REGS.AXIL_REGS.i_wstrb\[3:0\]"  +all +trace_process
Verdi>fsdbDumpvars 0 "simulator.DC_IO_GEN\[5\].REGS.AXIL_REGS.w_wdatastrb\[31:0\]"  +all +trace_process
Verdi>fsdbDumpvars 0 "simulator.DC_IO_GEN\[5\].REGS.AXIL_REGS.i_bready"  +all +trace_process
Verdi>fsdbDumpvars 0 "simulator.DC_IO_GEN\[5\].REGS.AXIL_REGS.o_bvalid"  +all +trace_process
Verdi>fsdbDumpvars 0 "simulator.DC_IO_GEN\[5\].REGS.AXIL_REGS.o_bresp\[1:0\]"  +all +trace_process
Verdi>fsdbDumpvars 0 "simulator.DC_IO_GEN\[5\].REGS.AXIL_REGS.o_arready"  +all +trace_process
Verdi>fsdbDumpvars 0 "simulator.DC_IO_GEN\[5\].REGS.AXIL_REGS.i_arvalid"  +all +trace_process
Verdi>fsdbDumpvars 0 "simulator.DC_IO_GEN\[5\].REGS.AXIL_REGS.i_araddr\[6:0\]"  +all +trace_process
Verdi>fsdbDumpvars 0 "simulator.DC_IO_GEN\[5\].REGS.AXIL_REGS.w_arireg\[4:0\]"  +all +trace_process
Verdi>fsdbDumpvars 0 "simulator.DC_IO_GEN\[5\].REGS.AXIL_REGS.w_arls2b\[1:0\]"  +all +trace_process
Verdi>fsdbDumpvars 0 "simulator.DC_IO_GEN\[5\].REGS.AXIL_REGS.i_rready"  +all +trace_process
Verdi>fsdbDumpvars 0 "simulator.DC_IO_GEN\[5\].REGS.AXIL_REGS.o_rvalid"  +all +trace_process
Verdi>fsdbDumpvars 0 "simulator.DC_IO_GEN\[5\].REGS.AXIL_REGS.o_rdata\[31:0\]"  +all +trace_process
Verdi>fsdbDumpvars 0 "simulator.DC_IO_GEN\[5\].REGS.AXIL_REGS.o_rresp\[1:0\]"  +all +trace_process
Verdi>fsdbDumpvars 0 "simulator.DCRFLI.DC_GEN\[5\].DC.SEQ.i_clk"  +all +trace_process
Verdi>fsdbDumpvars 0 "simulator.DCRFLI.DC_GEN\[5\].DC.SEQ.i_rst"  +all +trace_process
Verdi>fsdbDumpvars 0 "simulator.DCRFLI.DC_GEN\[5\].DC.SEQ.w_propagate"  +all +trace_process
Verdi>fsdbDumpvars 0 "simulator.DCRFLI.DC_GEN\[5\].DC.SEQ.i_regs\[0:31\]\[31:0\]"  +all +trace_process
Verdi>fsdbDumpvars 0 "simulator.DCRFLI.DC_GEN\[5\].DC.SEQ.w_last0"  +all +trace_process
Verdi>fsdbDumpvars 0 "simulator.DCRFLI.DC_GEN\[5\].DC.SEQ.w_last0_ff1"  +all +trace_process
Verdi>fsdbDumpvars 0 "simulator.DCRFLI.DC_GEN\[5\].DC.SEQ.w_last0_ff2"  +all +trace_process
Verdi>fsdbDumpvars 0 "simulator.DCRFLI.DC_GEN\[5\].DC.SEQ.w_new_sequence"  +all +trace_process
Verdi>fsdbDumpvars 0 "simulator.DCRFLI.DC_GEN\[5\].DC.SEQ.r_sequence\[0:9\]\[91:0\]"  +all +trace_process
Verdi>fsdbDumpvars 0 "simulator.DCRFLI.DC_GEN\[5\].DC.SEQ.r_iters\[10:0\]"  +all +trace_process
Verdi>fsdbDumpvars 0 "simulator.DCRFLI.DC_GEN\[5\].DC.SEQ.r_iptr\[3:0\]"  +all +trace_process
Verdi>fsdbDumpvars 0 "simulator.DCRFLI.DC_GEN\[5\].DC.SEQ.w_insn_fetch\[91:0\]"  +all +trace_process
Verdi>fsdbDumpvars 0 "simulator.DCRFLI.DC_GEN\[5\].DC.SEQ.w_insn_bubble"  +all +trace_process
Verdi>fsdbDumpvars 0 "simulator.DCRFLI.DC_GEN\[5\].DC.SEQ.w_iptr_plus1\[3:0\]"  +all +trace_process
Verdi>fsdbDumpvars 0 "simulator.DCRFLI.DC_GEN\[5\].DC.SEQ.w_next_null"  +all +trace_process
Verdi>fsdbDumpvars 0 "simulator.DCRFLI.DC_GEN\[5\].DC.SEQ.o_empty"  +all +trace_process
Verdi>fsdbDumpvars 0 "simulator.DCRFLI.DC_GEN\[5\].DC.SEQ.i_next"  +all +trace_process
Verdi>fsdbDumpvars 0 "simulator.DCRFLI.DC_GEN\[5\].DC.SEQ.o_addr\[3:0\]"  +all +trace_process
Verdi>fsdbDumpvars 0 "simulator.DCRFLI.DC_GEN\[5\].DC.SEQ.o_insn\[91:0\]"  +all +trace_process
Verdi>fsdbDumpvars 0 "simulator.DCRFLI.DC_GEN\[5\].DC.SEQ.r_iptr_modify\[3:0\]"  +all +trace_process
Verdi>fsdbDumpvars 0 "simulator.DCRFLI.DC_GEN\[5\].DC.SEQ.i_insn_modified\[91:0\]"  +all +trace_process
Verdi>fsdbDumpvars 0 "simulator.DCRFLI.DC_GEN\[5\].DC.CORE.i_clk"  +all +trace_process
Verdi>fsdbDumpvars 0 "simulator.DCRFLI.DC_GEN\[5\].DC.CORE.i_rst"  +all +trace_process
Verdi>fsdbDumpvars 0 "simulator.DCRFLI.DC_GEN\[5\].DC.CORE.w_stall"  +all +trace_process
Verdi>fsdbDumpvars 0 "simulator.DCRFLI.DC_GEN\[5\].DC.CORE.d"  +all +trace_process
Verdi>fsdbDumpvars 0 "simulator.DCRFLI.DC_GEN\[5\].DC.CORE.i_empty"  +all +trace_process
Verdi>fsdbDumpvars 0 "simulator.DCRFLI.DC_GEN\[5\].DC.CORE.o_next"  +all +trace_process
Verdi>fsdbDumpvars 0 "simulator.DCRFLI.DC_GEN\[5\].DC.CORE.i_addr\[3:0\]"  +all +trace_process
Verdi>fsdbDumpvars 0 "simulator.DCRFLI.DC_GEN\[5\].DC.CORE.i_insn\[91:0\]"  +all +trace_process
Verdi>fsdbDumpvars 0 "simulator.DCRFLI.DC_GEN\[5\].DC.CORE.o_insn_modified"  +all +trace_process
Verdi>fsdbDumpvars 0 "simulator.DCRFLI.DC_GEN\[5\].DC.CORE.i"  +all +trace_process
Verdi>fsdbDumpvars 0 "simulator.DCRFLI.DC_GEN\[5\].DC.CORE.s"  +all +trace_process
Verdi>fsdbDumpvars 0 "simulator.DCRFLI.DC_GEN\[5\].DC.CORE.w_dvsr\[15:0\]"  +all +trace_process
Verdi>fsdbDumpvars 0 "simulator.DCRFLI.DC_GEN\[5\].DC.CORE.w_spi_dout\[23:0\]"  +all +trace_process
Verdi>fsdbDumpvars 0 "simulator.DCRFLI.DC_GEN\[5\].DC.CORE.w_spi_done"  +all +trace_process
Verdi>fsdbDumpvars 0 "simulator.DCRFLI.DC_GEN\[5\].DC.CORE.o_armed"  +all +trace_process
Verdi>fsdbDumpvars 0 "simulator.DCRFLI.DC_GEN\[5\].DC.CORE.i_start"  +all +trace_process
Verdi>fsdbDumpvars 0 "simulator.DCRFLI.DC_GEN\[5\].DC.CORE.o_sclk"  +all +trace_process
Verdi>fsdbDumpvars 0 "simulator.DCRFLI.DC_GEN\[5\].DC.CORE.o_mosi"  +all +trace_process
Verdi>fsdbDumpvars 0 "simulator.DCRFLI.DC_GEN\[5\].DC.CORE.i_miso"  +all +trace_process
Verdi>fsdbDumpvars 0 "simulator.DCRFLI.DC_GEN\[5\].DC.CORE.o_cs_n"  +all +trace_process
Verdi>fsdbDumpvars 0 "simulator.DCRFLI.DC_GEN\[5\].DC.CORE.o_ldac_n"  +all +trace_process
Verdi>fsdbDumpvars 0 "simulator.DCRFLI.DC_GEN\[5\].DC.CORE.h"  +all +trace_process
Verdi>fsdbDumpvars 0 "simulator.DCRFLI.DC_GEN\[5\].DC.CORE.o_next"  +all +trace_process
Verdi>fsdbDumpvars 0 "simulator.DCRFLI.DC_GEN\[5\].DC.CORE.o_addr\[3:0\]"  +all +trace_process
Verdi>fsdbDumpvars 0 "simulator.DCRFLI.DC_GEN\[5\].DC.CORE.o_iter\[9:0\]"  +all +trace_process
Verdi>fsdbDumpvars 0 "simulator.DCRFLI.DC_GEN\[5\].DC.CORE.o_spi_din\[23:0\]"  +all +trace_process
Verdi>fsdbDumpvars 0 "simulator.DCRFLI.DC_GEN\[5\].DC.CORE.o_spi_rd"  +all +trace_process
Verdi>fsdbDumpvars 0 "simulator.DCRFLI.DC_GEN\[5\].DC.CORE.o_spi_dout\[23:0\]"  +all +trace_process
Verdi>fsdbDumpvars 0 "simulator.DCRFLI.DC_GEN\[5\].DC.CORE.o_cycles_left\[29:0\]"  +all +trace_process
Verdi>fsdbDumpvars 0 "simulator.DC_IO_GEN\[5\].DAC.valid_transaction"  +all +trace_process
*Verdi* : Dumping the signal (simulator.DC_IO_GEN[5].DAC.valid_transaction).
Verdi>fsdbDumpvars 0 "simulator.DC_IO_GEN\[5\].DAC.input_shift_reg"  +all +trace_process
*Verdi* : Dumping the signal (simulator.DC_IO_GEN[5].DAC.input_shift_reg).
Verdi>fsdbDumpvars 0 "simulator.DC_IO_GEN\[5\].DAC.rw"  +all +trace_process
*Verdi* : Dumping the signal (simulator.DC_IO_GEN[5].DAC.rw).
Verdi>fsdbDumpvars 0 "simulator.DC_IO_GEN\[5\].DAC.addr"  +all +trace_process
*Verdi* : Dumping the signal (simulator.DC_IO_GEN[5].DAC.addr).
Verdi>fsdbDumpvars 0 "simulator.DC_IO_GEN\[5\].DAC.data"  +all +trace_process
*Verdi* : Dumping the signal (simulator.DC_IO_GEN[5].DAC.data).
Verdi>fsdbDumpvars 0 "simulator.DC_IO_GEN\[5\].DAC.rd_data"  +all +trace_process
*Verdi* : Dumping the signal (simulator.DC_IO_GEN[5].DAC.rd_data).
Verdi>fsdbDumpvars 0 "simulator.DC_IO_GEN\[5\].DAC.SCLK"  +all +trace_process
*Verdi* : Dumping the signal (simulator.DC_IO_GEN[5].DAC.SCLK).
Verdi>fsdbDumpvars 0 "simulator.DC_IO_GEN\[5\].DAC.SDIN"  +all +trace_process
*Verdi* : Dumping the signal (simulator.DC_IO_GEN[5].DAC.SDIN).
Verdi>fsdbDumpvars 0 "simulator.DC_IO_GEN\[5\].DAC.SYNC_N"  +all +trace_process
*Verdi* : Dumping the signal (simulator.DC_IO_GEN[5].DAC.SYNC_N).
Verdi>fsdbDumpvars 0 "simulator.DC_IO_GEN\[5\].DAC.SDO"  +all +trace_process
*Verdi* : Dumping the signal (simulator.DC_IO_GEN[5].DAC.SDO).
Verdi>fsdbDumpvars 0 "simulator.DC_IO_GEN\[5\].DAC.LDAC_N"  +all +trace_process
*Verdi* : Dumping the signal (simulator.DC_IO_GEN[5].DAC.LDAC_N).
Verdi>fsdbDumpvars 0 "simulator.DC_IO_GEN\[5\].DAC.CLR_N"  +all +trace_process
*Verdi* : Dumping the signal (simulator.DC_IO_GEN[5].DAC.CLR_N).
Verdi>fsdbDumpvars 0 "simulator.DC_IO_GEN\[5\].DAC.RESET_N"  +all +trace_process
*Verdi* : Dumping the signal (simulator.DC_IO_GEN[5].DAC.RESET_N).
Verdi>fsdbDumpvars 0 "simulator.DC_IO_GEN\[5\].DAC.dac_reg"  +all +trace_process
*Verdi* : Dumping the signal (simulator.DC_IO_GEN[5].DAC.dac_reg).
Verdi>fsdbDumpvars 0 "simulator.DC_IO_GEN\[5\].DAC.ctrl_reg"  +all +trace_process
*Verdi* : Dumping the signal (simulator.DC_IO_GEN[5].DAC.ctrl_reg).
Verdi>fsdbDumpvars 0 "simulator.DC_IO_GEN\[5\].DAC.clrcode_reg"  +all +trace_process
*Verdi* : Dumping the signal (simulator.DC_IO_GEN[5].DAC.clrcode_reg).
Verdi>fsdbDumpvars 0 "simulator.DC_IO_GEN\[5\].DAC.sw_ctrl_reg"  +all +trace_process
*Verdi* : Dumping the signal (simulator.DC_IO_GEN[5].DAC.sw_ctrl_reg).
Verdi>fsdbDumpvars 0 "simulator.DC_IO_GEN\[5\].DAC.dac_input_reg"  +all +trace_process
*Verdi* : Dumping the signal (simulator.DC_IO_GEN[5].DAC.dac_input_reg).
Verdi>fsdbDumpvars 0 "simulator.DC_IO_GEN\[5\].DAC.SDODIS"  +all +trace_process
*Verdi* : Dumping the signal (simulator.DC_IO_GEN[5].DAC.SDODIS).
Verdi>fsdbDumpvars 0 "simulator.DC_IO_GEN\[5\].DAC.DACTRI"  +all +trace_process
*Verdi* : Dumping the signal (simulator.DC_IO_GEN[5].DAC.DACTRI).
Verdi>fsdbDumpvars 0 "simulator.DC_IO_GEN\[5\].DAC.OPGND"  +all +trace_process
*Verdi* : Dumping the signal (simulator.DC_IO_GEN[5].DAC.OPGND).
Verdi>fsdbDumpvars 0 "simulator.DC_IO_GEN\[5\].DAC.VOUT"  +all +trace_process
*Verdi* : Dumping the signal (simulator.DC_IO_GEN[5].DAC.VOUT).
Verdi>fsdbDumpvars 0 "simulator.DC_IO_GEN\[5\].DAC.VDIGITAL"  +all +trace_process
*Verdi* : Dumping the signal (simulator.DC_IO_GEN[5].DAC.VDIGITAL).
Verdi>fsdbDumpvars 0 "simulator.DC_IO_GEN\[4\].REGS.AXIL_REGS.i_aclk"  +all +trace_process
Verdi>fsdbDumpvars 0 "simulator.DC_IO_GEN\[4\].REGS.AXIL_REGS.i_aresetn"  +all +trace_process
Verdi>fsdbDumpvars 0 "simulator.DC_IO_GEN\[4\].REGS.AXIL_REGS.r_regs\[0:31\]\[31:0\]"  +all +trace_process
Verdi>fsdbDumpvars 0 "simulator.DC_IO_GEN\[4\].REGS.AXIL_REGS.o_regs\[0:31\]\[31:0\]"  +all +trace_process
Verdi>fsdbDumpvars 0 "simulator.DC_IO_GEN\[4\].REGS.AXIL_REGS.o_awready"  +all +trace_process
Verdi>fsdbDumpvars 0 "simulator.DC_IO_GEN\[4\].REGS.AXIL_REGS.i_awvalid"  +all +trace_process
Verdi>fsdbDumpvars 0 "simulator.DC_IO_GEN\[4\].REGS.AXIL_REGS.i_awaddr\[6:0\]"  +all +trace_process
Verdi>fsdbDumpvars 0 "simulator.DC_IO_GEN\[4\].REGS.AXIL_REGS.w_awireg\[4:0\]"  +all +trace_process
Verdi>fsdbDumpvars 0 "simulator.DC_IO_GEN\[4\].REGS.AXIL_REGS.w_awls2b\[1:0\]"  +all +trace_process
Verdi>fsdbDumpvars 0 "simulator.DC_IO_GEN\[4\].REGS.AXIL_REGS.o_wready"  +all +trace_process
Verdi>fsdbDumpvars 0 "simulator.DC_IO_GEN\[4\].REGS.AXIL_REGS.i_wvalid"  +all +trace_process
Verdi>fsdbDumpvars 0 "simulator.DC_IO_GEN\[4\].REGS.AXIL_REGS.i_wdata\[31:0\]"  +all +trace_process
Verdi>fsdbDumpvars 0 "simulator.DC_IO_GEN\[4\].REGS.AXIL_REGS.i_wstrb\[3:0\]"  +all +trace_process
Verdi>fsdbDumpvars 0 "simulator.DC_IO_GEN\[4\].REGS.AXIL_REGS.w_wdatastrb\[31:0\]"  +all +trace_process
Verdi>fsdbDumpvars 0 "simulator.DC_IO_GEN\[4\].REGS.AXIL_REGS.i_bready"  +all +trace_process
Verdi>fsdbDumpvars 0 "simulator.DC_IO_GEN\[4\].REGS.AXIL_REGS.o_bvalid"  +all +trace_process
Verdi>fsdbDumpvars 0 "simulator.DC_IO_GEN\[4\].REGS.AXIL_REGS.o_bresp\[1:0\]"  +all +trace_process
Verdi>fsdbDumpvars 0 "simulator.DC_IO_GEN\[4\].REGS.AXIL_REGS.o_arready"  +all +trace_process
Verdi>fsdbDumpvars 0 "simulator.DC_IO_GEN\[4\].REGS.AXIL_REGS.i_arvalid"  +all +trace_process
Verdi>fsdbDumpvars 0 "simulator.DC_IO_GEN\[4\].REGS.AXIL_REGS.i_araddr\[6:0\]"  +all +trace_process
Verdi>fsdbDumpvars 0 "simulator.DC_IO_GEN\[4\].REGS.AXIL_REGS.w_arireg\[4:0\]"  +all +trace_process
Verdi>fsdbDumpvars 0 "simulator.DC_IO_GEN\[4\].REGS.AXIL_REGS.w_arls2b\[1:0\]"  +all +trace_process
Verdi>fsdbDumpvars 0 "simulator.DC_IO_GEN\[4\].REGS.AXIL_REGS.i_rready"  +all +trace_process
Verdi>fsdbDumpvars 0 "simulator.DC_IO_GEN\[4\].REGS.AXIL_REGS.o_rvalid"  +all +trace_process
Verdi>fsdbDumpvars 0 "simulator.DC_IO_GEN\[4\].REGS.AXIL_REGS.o_rdata\[31:0\]"  +all +trace_process
Verdi>fsdbDumpvars 0 "simulator.DC_IO_GEN\[4\].REGS.AXIL_REGS.o_rresp\[1:0\]"  +all +trace_process
Verdi>fsdbDumpvars 0 "simulator.DCRFLI.DC_GEN\[4\].DC.SEQ.i_clk"  +all +trace_process
Verdi>fsdbDumpvars 0 "simulator.DCRFLI.DC_GEN\[4\].DC.SEQ.i_rst"  +all +trace_process
Verdi>fsdbDumpvars 0 "simulator.DCRFLI.DC_GEN\[4\].DC.SEQ.w_propagate"  +all +trace_process
Verdi>fsdbDumpvars 0 "simulator.DCRFLI.DC_GEN\[4\].DC.SEQ.i_regs\[0:31\]\[31:0\]"  +all +trace_process
Verdi>fsdbDumpvars 0 "simulator.DCRFLI.DC_GEN\[4\].DC.SEQ.w_last0"  +all +trace_process
Verdi>fsdbDumpvars 0 "simulator.DCRFLI.DC_GEN\[4\].DC.SEQ.w_last0_ff1"  +all +trace_process
Verdi>fsdbDumpvars 0 "simulator.DCRFLI.DC_GEN\[4\].DC.SEQ.w_last0_ff2"  +all +trace_process
Verdi>fsdbDumpvars 0 "simulator.DCRFLI.DC_GEN\[4\].DC.SEQ.w_new_sequence"  +all +trace_process
Verdi>fsdbDumpvars 0 "simulator.DCRFLI.DC_GEN\[4\].DC.SEQ.r_sequence\[0:9\]\[91:0\]"  +all +trace_process
Verdi>fsdbDumpvars 0 "simulator.DCRFLI.DC_GEN\[4\].DC.SEQ.r_iters\[10:0\]"  +all +trace_process
Verdi>fsdbDumpvars 0 "simulator.DCRFLI.DC_GEN\[4\].DC.SEQ.r_iptr\[3:0\]"  +all +trace_process
Verdi>fsdbDumpvars 0 "simulator.DCRFLI.DC_GEN\[4\].DC.SEQ.w_insn_fetch\[91:0\]"  +all +trace_process
Verdi>fsdbDumpvars 0 "simulator.DCRFLI.DC_GEN\[4\].DC.SEQ.w_insn_bubble"  +all +trace_process
Verdi>fsdbDumpvars 0 "simulator.DCRFLI.DC_GEN\[4\].DC.SEQ.w_iptr_plus1\[3:0\]"  +all +trace_process
Verdi>fsdbDumpvars 0 "simulator.DCRFLI.DC_GEN\[4\].DC.SEQ.w_next_null"  +all +trace_process
Verdi>fsdbDumpvars 0 "simulator.DCRFLI.DC_GEN\[4\].DC.SEQ.o_empty"  +all +trace_process
Verdi>fsdbDumpvars 0 "simulator.DCRFLI.DC_GEN\[4\].DC.SEQ.i_next"  +all +trace_process
Verdi>fsdbDumpvars 0 "simulator.DCRFLI.DC_GEN\[4\].DC.SEQ.o_addr\[3:0\]"  +all +trace_process
Verdi>fsdbDumpvars 0 "simulator.DCRFLI.DC_GEN\[4\].DC.SEQ.o_insn\[91:0\]"  +all +trace_process
Verdi>fsdbDumpvars 0 "simulator.DCRFLI.DC_GEN\[4\].DC.SEQ.r_iptr_modify\[3:0\]"  +all +trace_process
Verdi>fsdbDumpvars 0 "simulator.DCRFLI.DC_GEN\[4\].DC.SEQ.i_insn_modified\[91:0\]"  +all +trace_process
Verdi>fsdbDumpvars 0 "simulator.DCRFLI.DC_GEN\[4\].DC.CORE.i_clk"  +all +trace_process
Verdi>fsdbDumpvars 0 "simulator.DCRFLI.DC_GEN\[4\].DC.CORE.i_rst"  +all +trace_process
Verdi>fsdbDumpvars 0 "simulator.DCRFLI.DC_GEN\[4\].DC.CORE.w_stall"  +all +trace_process
Verdi>fsdbDumpvars 0 "simulator.DCRFLI.DC_GEN\[4\].DC.CORE.d"  +all +trace_process
Verdi>fsdbDumpvars 0 "simulator.DCRFLI.DC_GEN\[4\].DC.CORE.i_empty"  +all +trace_process
Verdi>fsdbDumpvars 0 "simulator.DCRFLI.DC_GEN\[4\].DC.CORE.o_next"  +all +trace_process
Verdi>fsdbDumpvars 0 "simulator.DCRFLI.DC_GEN\[4\].DC.CORE.i_addr\[3:0\]"  +all +trace_process
Verdi>fsdbDumpvars 0 "simulator.DCRFLI.DC_GEN\[4\].DC.CORE.i_insn\[91:0\]"  +all +trace_process
Verdi>fsdbDumpvars 0 "simulator.DCRFLI.DC_GEN\[4\].DC.CORE.o_insn_modified"  +all +trace_process
Verdi>fsdbDumpvars 0 "simulator.DCRFLI.DC_GEN\[4\].DC.CORE.i"  +all +trace_process
Verdi>fsdbDumpvars 0 "simulator.DCRFLI.DC_GEN\[4\].DC.CORE.s"  +all +trace_process
Verdi>fsdbDumpvars 0 "simulator.DCRFLI.DC_GEN\[4\].DC.CORE.w_dvsr\[15:0\]"  +all +trace_process
Verdi>fsdbDumpvars 0 "simulator.DCRFLI.DC_GEN\[4\].DC.CORE.w_spi_dout\[23:0\]"  +all +trace_process
Verdi>fsdbDumpvars 0 "simulator.DCRFLI.DC_GEN\[4\].DC.CORE.w_spi_done"  +all +trace_process
Verdi>fsdbDumpvars 0 "simulator.DCRFLI.DC_GEN\[4\].DC.CORE.o_armed"  +all +trace_process
Verdi>fsdbDumpvars 0 "simulator.DCRFLI.DC_GEN\[4\].DC.CORE.i_start"  +all +trace_process
Verdi>fsdbDumpvars 0 "simulator.DCRFLI.DC_GEN\[4\].DC.CORE.o_sclk"  +all +trace_process
Verdi>fsdbDumpvars 0 "simulator.DCRFLI.DC_GEN\[4\].DC.CORE.o_mosi"  +all +trace_process
Verdi>fsdbDumpvars 0 "simulator.DCRFLI.DC_GEN\[4\].DC.CORE.i_miso"  +all +trace_process
Verdi>fsdbDumpvars 0 "simulator.DCRFLI.DC_GEN\[4\].DC.CORE.o_cs_n"  +all +trace_process
Verdi>fsdbDumpvars 0 "simulator.DCRFLI.DC_GEN\[4\].DC.CORE.o_ldac_n"  +all +trace_process
Verdi>fsdbDumpvars 0 "simulator.DCRFLI.DC_GEN\[4\].DC.CORE.h"  +all +trace_process
Verdi>fsdbDumpvars 0 "simulator.DCRFLI.DC_GEN\[4\].DC.CORE.o_next"  +all +trace_process
Verdi>fsdbDumpvars 0 "simulator.DCRFLI.DC_GEN\[4\].DC.CORE.o_addr\[3:0\]"  +all +trace_process
Verdi>fsdbDumpvars 0 "simulator.DCRFLI.DC_GEN\[4\].DC.CORE.o_iter\[9:0\]"  +all +trace_process
Verdi>fsdbDumpvars 0 "simulator.DCRFLI.DC_GEN\[4\].DC.CORE.o_spi_din\[23:0\]"  +all +trace_process
Verdi>fsdbDumpvars 0 "simulator.DCRFLI.DC_GEN\[4\].DC.CORE.o_spi_rd"  +all +trace_process
Verdi>fsdbDumpvars 0 "simulator.DCRFLI.DC_GEN\[4\].DC.CORE.o_spi_dout\[23:0\]"  +all +trace_process
Verdi>fsdbDumpvars 0 "simulator.DCRFLI.DC_GEN\[4\].DC.CORE.o_cycles_left\[29:0\]"  +all +trace_process
Verdi>fsdbDumpvars 0 "simulator.DC_IO_GEN\[4\].DAC.valid_transaction"  +all +trace_process
*Verdi* : Dumping the signal (simulator.DC_IO_GEN[4].DAC.valid_transaction).
Verdi>fsdbDumpvars 0 "simulator.DC_IO_GEN\[4\].DAC.input_shift_reg"  +all +trace_process
*Verdi* : Dumping the signal (simulator.DC_IO_GEN[4].DAC.input_shift_reg).
Verdi>fsdbDumpvars 0 "simulator.DC_IO_GEN\[4\].DAC.rw"  +all +trace_process
*Verdi* : Dumping the signal (simulator.DC_IO_GEN[4].DAC.rw).
Verdi>fsdbDumpvars 0 "simulator.DC_IO_GEN\[4\].DAC.addr"  +all +trace_process
*Verdi* : Dumping the signal (simulator.DC_IO_GEN[4].DAC.addr).
Verdi>fsdbDumpvars 0 "simulator.DC_IO_GEN\[4\].DAC.data"  +all +trace_process
*Verdi* : Dumping the signal (simulator.DC_IO_GEN[4].DAC.data).
Verdi>fsdbDumpvars 0 "simulator.DC_IO_GEN\[4\].DAC.rd_data"  +all +trace_process
*Verdi* : Dumping the signal (simulator.DC_IO_GEN[4].DAC.rd_data).
Verdi>fsdbDumpvars 0 "simulator.DC_IO_GEN\[4\].DAC.SCLK"  +all +trace_process
*Verdi* : Dumping the signal (simulator.DC_IO_GEN[4].DAC.SCLK).
Verdi>fsdbDumpvars 0 "simulator.DC_IO_GEN\[4\].DAC.SDIN"  +all +trace_process
*Verdi* : Dumping the signal (simulator.DC_IO_GEN[4].DAC.SDIN).
Verdi>fsdbDumpvars 0 "simulator.DC_IO_GEN\[4\].DAC.SYNC_N"  +all +trace_process
*Verdi* : Dumping the signal (simulator.DC_IO_GEN[4].DAC.SYNC_N).
Verdi>fsdbDumpvars 0 "simulator.DC_IO_GEN\[4\].DAC.SDO"  +all +trace_process
*Verdi* : Dumping the signal (simulator.DC_IO_GEN[4].DAC.SDO).
Verdi>fsdbDumpvars 0 "simulator.DC_IO_GEN\[4\].DAC.LDAC_N"  +all +trace_process
*Verdi* : Dumping the signal (simulator.DC_IO_GEN[4].DAC.LDAC_N).
Verdi>fsdbDumpvars 0 "simulator.DC_IO_GEN\[4\].DAC.CLR_N"  +all +trace_process
*Verdi* : Dumping the signal (simulator.DC_IO_GEN[4].DAC.CLR_N).
Verdi>fsdbDumpvars 0 "simulator.DC_IO_GEN\[4\].DAC.RESET_N"  +all +trace_process
*Verdi* : Dumping the signal (simulator.DC_IO_GEN[4].DAC.RESET_N).
Verdi>fsdbDumpvars 0 "simulator.DC_IO_GEN\[4\].DAC.dac_reg"  +all +trace_process
*Verdi* : Dumping the signal (simulator.DC_IO_GEN[4].DAC.dac_reg).
Verdi>fsdbDumpvars 0 "simulator.DC_IO_GEN\[4\].DAC.ctrl_reg"  +all +trace_process
*Verdi* : Dumping the signal (simulator.DC_IO_GEN[4].DAC.ctrl_reg).
Verdi>fsdbDumpvars 0 "simulator.DC_IO_GEN\[4\].DAC.clrcode_reg"  +all +trace_process
*Verdi* : Dumping the signal (simulator.DC_IO_GEN[4].DAC.clrcode_reg).
Verdi>fsdbDumpvars 0 "simulator.DC_IO_GEN\[4\].DAC.sw_ctrl_reg"  +all +trace_process
*Verdi* : Dumping the signal (simulator.DC_IO_GEN[4].DAC.sw_ctrl_reg).
Verdi>fsdbDumpvars 0 "simulator.DC_IO_GEN\[4\].DAC.dac_input_reg"  +all +trace_process
*Verdi* : Dumping the signal (simulator.DC_IO_GEN[4].DAC.dac_input_reg).
Verdi>fsdbDumpvars 0 "simulator.DC_IO_GEN\[4\].DAC.SDODIS"  +all +trace_process
*Verdi* : Dumping the signal (simulator.DC_IO_GEN[4].DAC.SDODIS).
Verdi>fsdbDumpvars 0 "simulator.DC_IO_GEN\[4\].DAC.DACTRI"  +all +trace_process
*Verdi* : Dumping the signal (simulator.DC_IO_GEN[4].DAC.DACTRI).
Verdi>fsdbDumpvars 0 "simulator.DC_IO_GEN\[4\].DAC.OPGND"  +all +trace_process
*Verdi* : Dumping the signal (simulator.DC_IO_GEN[4].DAC.OPGND).
Verdi>fsdbDumpvars 0 "simulator.DC_IO_GEN\[4\].DAC.VOUT"  +all +trace_process
*Verdi* : Dumping the signal (simulator.DC_IO_GEN[4].DAC.VOUT).
Verdi>fsdbDumpvars 0 "simulator.DC_IO_GEN\[4\].DAC.VDIGITAL"  +all +trace_process
*Verdi* : Dumping the signal (simulator.DC_IO_GEN[4].DAC.VDIGITAL).
Verdi>fsdbDumpvars 0 "simulator.DC_IO_GEN\[3\].REGS.AXIL_REGS.i_aclk"  +all +trace_process
Verdi>fsdbDumpvars 0 "simulator.DC_IO_GEN\[3\].REGS.AXIL_REGS.i_aresetn"  +all +trace_process
Verdi>fsdbDumpvars 0 "simulator.DC_IO_GEN\[3\].REGS.AXIL_REGS.r_regs\[0:31\]\[31:0\]"  +all +trace_process
Verdi>fsdbDumpvars 0 "simulator.DC_IO_GEN\[3\].REGS.AXIL_REGS.o_regs\[0:31\]\[31:0\]"  +all +trace_process
Verdi>fsdbDumpvars 0 "simulator.DC_IO_GEN\[3\].REGS.AXIL_REGS.o_awready"  +all +trace_process
Verdi>fsdbDumpvars 0 "simulator.DC_IO_GEN\[3\].REGS.AXIL_REGS.i_awvalid"  +all +trace_process
Verdi>fsdbDumpvars 0 "simulator.DC_IO_GEN\[3\].REGS.AXIL_REGS.i_awaddr\[6:0\]"  +all +trace_process
Verdi>fsdbDumpvars 0 "simulator.DC_IO_GEN\[3\].REGS.AXIL_REGS.w_awireg\[4:0\]"  +all +trace_process
Verdi>fsdbDumpvars 0 "simulator.DC_IO_GEN\[3\].REGS.AXIL_REGS.w_awls2b\[1:0\]"  +all +trace_process
Verdi>fsdbDumpvars 0 "simulator.DC_IO_GEN\[3\].REGS.AXIL_REGS.o_wready"  +all +trace_process
Verdi>fsdbDumpvars 0 "simulator.DC_IO_GEN\[3\].REGS.AXIL_REGS.i_wvalid"  +all +trace_process
Verdi>fsdbDumpvars 0 "simulator.DC_IO_GEN\[3\].REGS.AXIL_REGS.i_wdata\[31:0\]"  +all +trace_process
Verdi>fsdbDumpvars 0 "simulator.DC_IO_GEN\[3\].REGS.AXIL_REGS.i_wstrb\[3:0\]"  +all +trace_process
Verdi>fsdbDumpvars 0 "simulator.DC_IO_GEN\[3\].REGS.AXIL_REGS.w_wdatastrb\[31:0\]"  +all +trace_process
Verdi>fsdbDumpvars 0 "simulator.DC_IO_GEN\[3\].REGS.AXIL_REGS.i_bready"  +all +trace_process
Verdi>fsdbDumpvars 0 "simulator.DC_IO_GEN\[3\].REGS.AXIL_REGS.o_bvalid"  +all +trace_process
Verdi>fsdbDumpvars 0 "simulator.DC_IO_GEN\[3\].REGS.AXIL_REGS.o_bresp\[1:0\]"  +all +trace_process
Verdi>fsdbDumpvars 0 "simulator.DC_IO_GEN\[3\].REGS.AXIL_REGS.o_arready"  +all +trace_process
Verdi>fsdbDumpvars 0 "simulator.DC_IO_GEN\[3\].REGS.AXIL_REGS.i_arvalid"  +all +trace_process
Verdi>fsdbDumpvars 0 "simulator.DC_IO_GEN\[3\].REGS.AXIL_REGS.i_araddr\[6:0\]"  +all +trace_process
Verdi>fsdbDumpvars 0 "simulator.DC_IO_GEN\[3\].REGS.AXIL_REGS.w_arireg\[4:0\]"  +all +trace_process
Verdi>fsdbDumpvars 0 "simulator.DC_IO_GEN\[3\].REGS.AXIL_REGS.w_arls2b\[1:0\]"  +all +trace_process
Verdi>fsdbDumpvars 0 "simulator.DC_IO_GEN\[3\].REGS.AXIL_REGS.i_rready"  +all +trace_process
Verdi>fsdbDumpvars 0 "simulator.DC_IO_GEN\[3\].REGS.AXIL_REGS.o_rvalid"  +all +trace_process
Verdi>fsdbDumpvars 0 "simulator.DC_IO_GEN\[3\].REGS.AXIL_REGS.o_rdata\[31:0\]"  +all +trace_process
Verdi>fsdbDumpvars 0 "simulator.DC_IO_GEN\[3\].REGS.AXIL_REGS.o_rresp\[1:0\]"  +all +trace_process
Verdi>fsdbDumpvars 0 "simulator.DCRFLI.DC_GEN\[3\].DC.SEQ.i_clk"  +all +trace_process
Verdi>fsdbDumpvars 0 "simulator.DCRFLI.DC_GEN\[3\].DC.SEQ.i_rst"  +all +trace_process
Verdi>fsdbDumpvars 0 "simulator.DCRFLI.DC_GEN\[3\].DC.SEQ.w_propagate"  +all +trace_process
Verdi>fsdbDumpvars 0 "simulator.DCRFLI.DC_GEN\[3\].DC.SEQ.i_regs\[0:31\]\[31:0\]"  +all +trace_process
Verdi>fsdbDumpvars 0 "simulator.DCRFLI.DC_GEN\[3\].DC.SEQ.w_last0"  +all +trace_process
Verdi>fsdbDumpvars 0 "simulator.DCRFLI.DC_GEN\[3\].DC.SEQ.w_last0_ff1"  +all +trace_process
Verdi>fsdbDumpvars 0 "simulator.DCRFLI.DC_GEN\[3\].DC.SEQ.w_last0_ff2"  +all +trace_process
Verdi>fsdbDumpvars 0 "simulator.DCRFLI.DC_GEN\[3\].DC.SEQ.w_new_sequence"  +all +trace_process
Verdi>fsdbDumpvars 0 "simulator.DCRFLI.DC_GEN\[3\].DC.SEQ.r_sequence\[0:9\]\[91:0\]"  +all +trace_process
Verdi>fsdbDumpvars 0 "simulator.DCRFLI.DC_GEN\[3\].DC.SEQ.r_iters\[10:0\]"  +all +trace_process
Verdi>fsdbDumpvars 0 "simulator.DCRFLI.DC_GEN\[3\].DC.SEQ.r_iptr\[3:0\]"  +all +trace_process
Verdi>fsdbDumpvars 0 "simulator.DCRFLI.DC_GEN\[3\].DC.SEQ.w_insn_fetch\[91:0\]"  +all +trace_process
Verdi>fsdbDumpvars 0 "simulator.DCRFLI.DC_GEN\[3\].DC.SEQ.w_insn_bubble"  +all +trace_process
Verdi>fsdbDumpvars 0 "simulator.DCRFLI.DC_GEN\[3\].DC.SEQ.w_iptr_plus1\[3:0\]"  +all +trace_process
Verdi>fsdbDumpvars 0 "simulator.DCRFLI.DC_GEN\[3\].DC.SEQ.w_next_null"  +all +trace_process
Verdi>fsdbDumpvars 0 "simulator.DCRFLI.DC_GEN\[3\].DC.SEQ.o_empty"  +all +trace_process
Verdi>fsdbDumpvars 0 "simulator.DCRFLI.DC_GEN\[3\].DC.SEQ.i_next"  +all +trace_process
Verdi>fsdbDumpvars 0 "simulator.DCRFLI.DC_GEN\[3\].DC.SEQ.o_addr\[3:0\]"  +all +trace_process
Verdi>fsdbDumpvars 0 "simulator.DCRFLI.DC_GEN\[3\].DC.SEQ.o_insn\[91:0\]"  +all +trace_process
Verdi>fsdbDumpvars 0 "simulator.DCRFLI.DC_GEN\[3\].DC.SEQ.r_iptr_modify\[3:0\]"  +all +trace_process
Verdi>fsdbDumpvars 0 "simulator.DCRFLI.DC_GEN\[3\].DC.SEQ.i_insn_modified\[91:0\]"  +all +trace_process
Verdi>fsdbDumpvars 0 "simulator.DCRFLI.DC_GEN\[3\].DC.CORE.i_clk"  +all +trace_process
Verdi>fsdbDumpvars 0 "simulator.DCRFLI.DC_GEN\[3\].DC.CORE.i_rst"  +all +trace_process
Verdi>fsdbDumpvars 0 "simulator.DCRFLI.DC_GEN\[3\].DC.CORE.w_stall"  +all +trace_process
Verdi>fsdbDumpvars 0 "simulator.DCRFLI.DC_GEN\[3\].DC.CORE.d"  +all +trace_process
Verdi>fsdbDumpvars 0 "simulator.DCRFLI.DC_GEN\[3\].DC.CORE.i_empty"  +all +trace_process
Verdi>fsdbDumpvars 0 "simulator.DCRFLI.DC_GEN\[3\].DC.CORE.o_next"  +all +trace_process
Verdi>fsdbDumpvars 0 "simulator.DCRFLI.DC_GEN\[3\].DC.CORE.i_addr\[3:0\]"  +all +trace_process
Verdi>fsdbDumpvars 0 "simulator.DCRFLI.DC_GEN\[3\].DC.CORE.i_insn\[91:0\]"  +all +trace_process
Verdi>fsdbDumpvars 0 "simulator.DCRFLI.DC_GEN\[3\].DC.CORE.o_insn_modified"  +all +trace_process
Verdi>fsdbDumpvars 0 "simulator.DCRFLI.DC_GEN\[3\].DC.CORE.i"  +all +trace_process
Verdi>fsdbDumpvars 0 "simulator.DCRFLI.DC_GEN\[3\].DC.CORE.s"  +all +trace_process
Verdi>fsdbDumpvars 0 "simulator.DCRFLI.DC_GEN\[3\].DC.CORE.w_dvsr\[15:0\]"  +all +trace_process
Verdi>fsdbDumpvars 0 "simulator.DCRFLI.DC_GEN\[3\].DC.CORE.w_spi_dout\[23:0\]"  +all +trace_process
Verdi>fsdbDumpvars 0 "simulator.DCRFLI.DC_GEN\[3\].DC.CORE.w_spi_done"  +all +trace_process
Verdi>fsdbDumpvars 0 "simulator.DCRFLI.DC_GEN\[3\].DC.CORE.o_armed"  +all +trace_process
Verdi>fsdbDumpvars 0 "simulator.DCRFLI.DC_GEN\[3\].DC.CORE.i_start"  +all +trace_process
Verdi>fsdbDumpvars 0 "simulator.DCRFLI.DC_GEN\[3\].DC.CORE.o_sclk"  +all +trace_process
Verdi>fsdbDumpvars 0 "simulator.DCRFLI.DC_GEN\[3\].DC.CORE.o_mosi"  +all +trace_process
Verdi>fsdbDumpvars 0 "simulator.DCRFLI.DC_GEN\[3\].DC.CORE.i_miso"  +all +trace_process
Verdi>fsdbDumpvars 0 "simulator.DCRFLI.DC_GEN\[3\].DC.CORE.o_cs_n"  +all +trace_process
Verdi>fsdbDumpvars 0 "simulator.DCRFLI.DC_GEN\[3\].DC.CORE.o_ldac_n"  +all +trace_process
Verdi>fsdbDumpvars 0 "simulator.DCRFLI.DC_GEN\[3\].DC.CORE.h"  +all +trace_process
Verdi>fsdbDumpvars 0 "simulator.DCRFLI.DC_GEN\[3\].DC.CORE.o_next"  +all +trace_process
Verdi>fsdbDumpvars 0 "simulator.DCRFLI.DC_GEN\[3\].DC.CORE.o_addr\[3:0\]"  +all +trace_process
Verdi>fsdbDumpvars 0 "simulator.DCRFLI.DC_GEN\[3\].DC.CORE.o_iter\[9:0\]"  +all +trace_process
Verdi>fsdbDumpvars 0 "simulator.DCRFLI.DC_GEN\[3\].DC.CORE.o_spi_din\[23:0\]"  +all +trace_process
Verdi>fsdbDumpvars 0 "simulator.DCRFLI.DC_GEN\[3\].DC.CORE.o_spi_rd"  +all +trace_process
Verdi>fsdbDumpvars 0 "simulator.DCRFLI.DC_GEN\[3\].DC.CORE.o_spi_dout\[23:0\]"  +all +trace_process
Verdi>fsdbDumpvars 0 "simulator.DCRFLI.DC_GEN\[3\].DC.CORE.o_cycles_left\[29:0\]"  +all +trace_process
Verdi>fsdbDumpvars 0 "simulator.DC_IO_GEN\[3\].DAC.valid_transaction"  +all +trace_process
*Verdi* : Dumping the signal (simulator.DC_IO_GEN[3].DAC.valid_transaction).
Verdi>fsdbDumpvars 0 "simulator.DC_IO_GEN\[3\].DAC.input_shift_reg"  +all +trace_process
*Verdi* : Dumping the signal (simulator.DC_IO_GEN[3].DAC.input_shift_reg).
Verdi>fsdbDumpvars 0 "simulator.DC_IO_GEN\[3\].DAC.rw"  +all +trace_process
*Verdi* : Dumping the signal (simulator.DC_IO_GEN[3].DAC.rw).
Verdi>fsdbDumpvars 0 "simulator.DC_IO_GEN\[3\].DAC.addr"  +all +trace_process
*Verdi* : Dumping the signal (simulator.DC_IO_GEN[3].DAC.addr).
Verdi>fsdbDumpvars 0 "simulator.DC_IO_GEN\[3\].DAC.data"  +all +trace_process
*Verdi* : Dumping the signal (simulator.DC_IO_GEN[3].DAC.data).
Verdi>fsdbDumpvars 0 "simulator.DC_IO_GEN\[3\].DAC.rd_data"  +all +trace_process
*Verdi* : Dumping the signal (simulator.DC_IO_GEN[3].DAC.rd_data).
Verdi>fsdbDumpvars 0 "simulator.DC_IO_GEN\[3\].DAC.SCLK"  +all +trace_process
*Verdi* : Dumping the signal (simulator.DC_IO_GEN[3].DAC.SCLK).
Verdi>fsdbDumpvars 0 "simulator.DC_IO_GEN\[3\].DAC.SDIN"  +all +trace_process
*Verdi* : Dumping the signal (simulator.DC_IO_GEN[3].DAC.SDIN).
Verdi>fsdbDumpvars 0 "simulator.DC_IO_GEN\[3\].DAC.SYNC_N"  +all +trace_process
*Verdi* : Dumping the signal (simulator.DC_IO_GEN[3].DAC.SYNC_N).
Verdi>fsdbDumpvars 0 "simulator.DC_IO_GEN\[3\].DAC.SDO"  +all +trace_process
*Verdi* : Dumping the signal (simulator.DC_IO_GEN[3].DAC.SDO).
Verdi>fsdbDumpvars 0 "simulator.DC_IO_GEN\[3\].DAC.LDAC_N"  +all +trace_process
*Verdi* : Dumping the signal (simulator.DC_IO_GEN[3].DAC.LDAC_N).
Verdi>fsdbDumpvars 0 "simulator.DC_IO_GEN\[3\].DAC.CLR_N"  +all +trace_process
*Verdi* : Dumping the signal (simulator.DC_IO_GEN[3].DAC.CLR_N).
Verdi>fsdbDumpvars 0 "simulator.DC_IO_GEN\[3\].DAC.RESET_N"  +all +trace_process
*Verdi* : Dumping the signal (simulator.DC_IO_GEN[3].DAC.RESET_N).
Verdi>fsdbDumpvars 0 "simulator.DC_IO_GEN\[3\].DAC.dac_reg"  +all +trace_process
*Verdi* : Dumping the signal (simulator.DC_IO_GEN[3].DAC.dac_reg).
Verdi>fsdbDumpvars 0 "simulator.DC_IO_GEN\[3\].DAC.ctrl_reg"  +all +trace_process
*Verdi* : Dumping the signal (simulator.DC_IO_GEN[3].DAC.ctrl_reg).
Verdi>fsdbDumpvars 0 "simulator.DC_IO_GEN\[3\].DAC.clrcode_reg"  +all +trace_process
*Verdi* : Dumping the signal (simulator.DC_IO_GEN[3].DAC.clrcode_reg).
Verdi>fsdbDumpvars 0 "simulator.DC_IO_GEN\[3\].DAC.sw_ctrl_reg"  +all +trace_process
*Verdi* : Dumping the signal (simulator.DC_IO_GEN[3].DAC.sw_ctrl_reg).
Verdi>fsdbDumpvars 0 "simulator.DC_IO_GEN\[3\].DAC.dac_input_reg"  +all +trace_process
*Verdi* : Dumping the signal (simulator.DC_IO_GEN[3].DAC.dac_input_reg).
Verdi>fsdbDumpvars 0 "simulator.DC_IO_GEN\[3\].DAC.SDODIS"  +all +trace_process
*Verdi* : Dumping the signal (simulator.DC_IO_GEN[3].DAC.SDODIS).
Verdi>fsdbDumpvars 0 "simulator.DC_IO_GEN\[3\].DAC.DACTRI"  +all +trace_process
*Verdi* : Dumping the signal (simulator.DC_IO_GEN[3].DAC.DACTRI).
Verdi>fsdbDumpvars 0 "simulator.DC_IO_GEN\[3\].DAC.OPGND"  +all +trace_process
*Verdi* : Dumping the signal (simulator.DC_IO_GEN[3].DAC.OPGND).
Verdi>fsdbDumpvars 0 "simulator.DC_IO_GEN\[3\].DAC.VOUT"  +all +trace_process
*Verdi* : Dumping the signal (simulator.DC_IO_GEN[3].DAC.VOUT).
Verdi>fsdbDumpvars 0 "simulator.DC_IO_GEN\[3\].DAC.VDIGITAL"  +all +trace_process
*Verdi* : Dumping the signal (simulator.DC_IO_GEN[3].DAC.VDIGITAL).
Verdi>fsdbDumpvars 0 "simulator.DC_IO_GEN\[2\].REGS.AXIL_REGS.i_aclk"  +all +trace_process
Verdi>fsdbDumpvars 0 "simulator.DC_IO_GEN\[2\].REGS.AXIL_REGS.i_aresetn"  +all +trace_process
Verdi>fsdbDumpvars 0 "simulator.DC_IO_GEN\[2\].REGS.AXIL_REGS.r_regs\[0:31\]\[31:0\]"  +all +trace_process
Verdi>fsdbDumpvars 0 "simulator.DC_IO_GEN\[2\].REGS.AXIL_REGS.o_regs\[0:31\]\[31:0\]"  +all +trace_process
Verdi>fsdbDumpvars 0 "simulator.DC_IO_GEN\[2\].REGS.AXIL_REGS.o_awready"  +all +trace_process
Verdi>fsdbDumpvars 0 "simulator.DC_IO_GEN\[2\].REGS.AXIL_REGS.i_awvalid"  +all +trace_process
Verdi>fsdbDumpvars 0 "simulator.DC_IO_GEN\[2\].REGS.AXIL_REGS.i_awaddr\[6:0\]"  +all +trace_process
Verdi>fsdbDumpvars 0 "simulator.DC_IO_GEN\[2\].REGS.AXIL_REGS.w_awireg\[4:0\]"  +all +trace_process
Verdi>fsdbDumpvars 0 "simulator.DC_IO_GEN\[2\].REGS.AXIL_REGS.w_awls2b\[1:0\]"  +all +trace_process
Verdi>fsdbDumpvars 0 "simulator.DC_IO_GEN\[2\].REGS.AXIL_REGS.o_wready"  +all +trace_process
Verdi>fsdbDumpvars 0 "simulator.DC_IO_GEN\[2\].REGS.AXIL_REGS.i_wvalid"  +all +trace_process
Verdi>fsdbDumpvars 0 "simulator.DC_IO_GEN\[2\].REGS.AXIL_REGS.i_wdata\[31:0\]"  +all +trace_process
Verdi>fsdbDumpvars 0 "simulator.DC_IO_GEN\[2\].REGS.AXIL_REGS.i_wstrb\[3:0\]"  +all +trace_process
Verdi>fsdbDumpvars 0 "simulator.DC_IO_GEN\[2\].REGS.AXIL_REGS.w_wdatastrb\[31:0\]"  +all +trace_process
Verdi>fsdbDumpvars 0 "simulator.DC_IO_GEN\[2\].REGS.AXIL_REGS.i_bready"  +all +trace_process
Verdi>fsdbDumpvars 0 "simulator.DC_IO_GEN\[2\].REGS.AXIL_REGS.o_bvalid"  +all +trace_process
Verdi>fsdbDumpvars 0 "simulator.DC_IO_GEN\[2\].REGS.AXIL_REGS.o_bresp\[1:0\]"  +all +trace_process
Verdi>fsdbDumpvars 0 "simulator.DC_IO_GEN\[2\].REGS.AXIL_REGS.o_arready"  +all +trace_process
Verdi>fsdbDumpvars 0 "simulator.DC_IO_GEN\[2\].REGS.AXIL_REGS.i_arvalid"  +all +trace_process
Verdi>fsdbDumpvars 0 "simulator.DC_IO_GEN\[2\].REGS.AXIL_REGS.i_araddr\[6:0\]"  +all +trace_process
Verdi>fsdbDumpvars 0 "simulator.DC_IO_GEN\[2\].REGS.AXIL_REGS.w_arireg\[4:0\]"  +all +trace_process
Verdi>fsdbDumpvars 0 "simulator.DC_IO_GEN\[2\].REGS.AXIL_REGS.w_arls2b\[1:0\]"  +all +trace_process
Verdi>fsdbDumpvars 0 "simulator.DC_IO_GEN\[2\].REGS.AXIL_REGS.i_rready"  +all +trace_process
Verdi>fsdbDumpvars 0 "simulator.DC_IO_GEN\[2\].REGS.AXIL_REGS.o_rvalid"  +all +trace_process
Verdi>fsdbDumpvars 0 "simulator.DC_IO_GEN\[2\].REGS.AXIL_REGS.o_rdata\[31:0\]"  +all +trace_process
Verdi>fsdbDumpvars 0 "simulator.DC_IO_GEN\[2\].REGS.AXIL_REGS.o_rresp\[1:0\]"  +all +trace_process
Verdi>fsdbDumpvars 0 "simulator.DCRFLI.DC_GEN\[2\].DC.SEQ.i_clk"  +all +trace_process
Verdi>fsdbDumpvars 0 "simulator.DCRFLI.DC_GEN\[2\].DC.SEQ.i_rst"  +all +trace_process
Verdi>fsdbDumpvars 0 "simulator.DCRFLI.DC_GEN\[2\].DC.SEQ.w_propagate"  +all +trace_process
Verdi>fsdbDumpvars 0 "simulator.DCRFLI.DC_GEN\[2\].DC.SEQ.i_regs\[0:31\]\[31:0\]"  +all +trace_process
Verdi>fsdbDumpvars 0 "simulator.DCRFLI.DC_GEN\[2\].DC.SEQ.w_last0"  +all +trace_process
Verdi>fsdbDumpvars 0 "simulator.DCRFLI.DC_GEN\[2\].DC.SEQ.w_last0_ff1"  +all +trace_process
Verdi>fsdbDumpvars 0 "simulator.DCRFLI.DC_GEN\[2\].DC.SEQ.w_last0_ff2"  +all +trace_process
Verdi>fsdbDumpvars 0 "simulator.DCRFLI.DC_GEN\[2\].DC.SEQ.w_new_sequence"  +all +trace_process
Verdi>fsdbDumpvars 0 "simulator.DCRFLI.DC_GEN\[2\].DC.SEQ.r_sequence\[0:9\]\[91:0\]"  +all +trace_process
Verdi>fsdbDumpvars 0 "simulator.DCRFLI.DC_GEN\[2\].DC.SEQ.r_iters\[10:0\]"  +all +trace_process
Verdi>fsdbDumpvars 0 "simulator.DCRFLI.DC_GEN\[2\].DC.SEQ.r_iptr\[3:0\]"  +all +trace_process
Verdi>fsdbDumpvars 0 "simulator.DCRFLI.DC_GEN\[2\].DC.SEQ.w_insn_fetch\[91:0\]"  +all +trace_process
Verdi>fsdbDumpvars 0 "simulator.DCRFLI.DC_GEN\[2\].DC.SEQ.w_insn_bubble"  +all +trace_process
Verdi>fsdbDumpvars 0 "simulator.DCRFLI.DC_GEN\[2\].DC.SEQ.w_iptr_plus1\[3:0\]"  +all +trace_process
Verdi>fsdbDumpvars 0 "simulator.DCRFLI.DC_GEN\[2\].DC.SEQ.w_next_null"  +all +trace_process
Verdi>fsdbDumpvars 0 "simulator.DCRFLI.DC_GEN\[2\].DC.SEQ.o_empty"  +all +trace_process
Verdi>fsdbDumpvars 0 "simulator.DCRFLI.DC_GEN\[2\].DC.SEQ.i_next"  +all +trace_process
Verdi>fsdbDumpvars 0 "simulator.DCRFLI.DC_GEN\[2\].DC.SEQ.o_addr\[3:0\]"  +all +trace_process
Verdi>fsdbDumpvars 0 "simulator.DCRFLI.DC_GEN\[2\].DC.SEQ.o_insn\[91:0\]"  +all +trace_process
Verdi>fsdbDumpvars 0 "simulator.DCRFLI.DC_GEN\[2\].DC.SEQ.r_iptr_modify\[3:0\]"  +all +trace_process
Verdi>fsdbDumpvars 0 "simulator.DCRFLI.DC_GEN\[2\].DC.SEQ.i_insn_modified\[91:0\]"  +all +trace_process
Verdi>fsdbDumpvars 0 "simulator.DCRFLI.DC_GEN\[2\].DC.CORE.i_clk"  +all +trace_process
Verdi>fsdbDumpvars 0 "simulator.DCRFLI.DC_GEN\[2\].DC.CORE.i_rst"  +all +trace_process
Verdi>fsdbDumpvars 0 "simulator.DCRFLI.DC_GEN\[2\].DC.CORE.w_stall"  +all +trace_process
Verdi>fsdbDumpvars 0 "simulator.DCRFLI.DC_GEN\[2\].DC.CORE.d"  +all +trace_process
Verdi>fsdbDumpvars 0 "simulator.DCRFLI.DC_GEN\[2\].DC.CORE.i_empty"  +all +trace_process
Verdi>fsdbDumpvars 0 "simulator.DCRFLI.DC_GEN\[2\].DC.CORE.o_next"  +all +trace_process
Verdi>fsdbDumpvars 0 "simulator.DCRFLI.DC_GEN\[2\].DC.CORE.i_addr\[3:0\]"  +all +trace_process
Verdi>fsdbDumpvars 0 "simulator.DCRFLI.DC_GEN\[2\].DC.CORE.i_insn\[91:0\]"  +all +trace_process
Verdi>fsdbDumpvars 0 "simulator.DCRFLI.DC_GEN\[2\].DC.CORE.o_insn_modified"  +all +trace_process
Verdi>fsdbDumpvars 0 "simulator.DCRFLI.DC_GEN\[2\].DC.CORE.i"  +all +trace_process
Verdi>fsdbDumpvars 0 "simulator.DCRFLI.DC_GEN\[2\].DC.CORE.s"  +all +trace_process
Verdi>fsdbDumpvars 0 "simulator.DCRFLI.DC_GEN\[2\].DC.CORE.w_dvsr\[15:0\]"  +all +trace_process
Verdi>fsdbDumpvars 0 "simulator.DCRFLI.DC_GEN\[2\].DC.CORE.w_spi_dout\[23:0\]"  +all +trace_process
Verdi>fsdbDumpvars 0 "simulator.DCRFLI.DC_GEN\[2\].DC.CORE.w_spi_done"  +all +trace_process
Verdi>fsdbDumpvars 0 "simulator.DCRFLI.DC_GEN\[2\].DC.CORE.o_armed"  +all +trace_process
Verdi>fsdbDumpvars 0 "simulator.DCRFLI.DC_GEN\[2\].DC.CORE.i_start"  +all +trace_process
Verdi>fsdbDumpvars 0 "simulator.DCRFLI.DC_GEN\[2\].DC.CORE.o_sclk"  +all +trace_process
Verdi>fsdbDumpvars 0 "simulator.DCRFLI.DC_GEN\[2\].DC.CORE.o_mosi"  +all +trace_process
Verdi>fsdbDumpvars 0 "simulator.DCRFLI.DC_GEN\[2\].DC.CORE.i_miso"  +all +trace_process
Verdi>fsdbDumpvars 0 "simulator.DCRFLI.DC_GEN\[2\].DC.CORE.o_cs_n"  +all +trace_process
Verdi>fsdbDumpvars 0 "simulator.DCRFLI.DC_GEN\[2\].DC.CORE.o_ldac_n"  +all +trace_process
Verdi>fsdbDumpvars 0 "simulator.DCRFLI.DC_GEN\[2\].DC.CORE.h"  +all +trace_process
Verdi>fsdbDumpvars 0 "simulator.DCRFLI.DC_GEN\[2\].DC.CORE.o_next"  +all +trace_process
Verdi>fsdbDumpvars 0 "simulator.DCRFLI.DC_GEN\[2\].DC.CORE.o_addr\[3:0\]"  +all +trace_process
Verdi>fsdbDumpvars 0 "simulator.DCRFLI.DC_GEN\[2\].DC.CORE.o_iter\[9:0\]"  +all +trace_process
Verdi>fsdbDumpvars 0 "simulator.DCRFLI.DC_GEN\[2\].DC.CORE.o_spi_din\[23:0\]"  +all +trace_process
Verdi>fsdbDumpvars 0 "simulator.DCRFLI.DC_GEN\[2\].DC.CORE.o_spi_rd"  +all +trace_process
Verdi>fsdbDumpvars 0 "simulator.DCRFLI.DC_GEN\[2\].DC.CORE.o_spi_dout\[23:0\]"  +all +trace_process
Verdi>fsdbDumpvars 0 "simulator.DCRFLI.DC_GEN\[2\].DC.CORE.o_cycles_left\[29:0\]"  +all +trace_process
Verdi>fsdbDumpvars 0 "simulator.DC_IO_GEN\[2\].DAC.valid_transaction"  +all +trace_process
*Verdi* : Dumping the signal (simulator.DC_IO_GEN[2].DAC.valid_transaction).
Verdi>fsdbDumpvars 0 "simulator.DC_IO_GEN\[2\].DAC.input_shift_reg"  +all +trace_process
*Verdi* : Dumping the signal (simulator.DC_IO_GEN[2].DAC.input_shift_reg).
Verdi>fsdbDumpvars 0 "simulator.DC_IO_GEN\[2\].DAC.rw"  +all +trace_process
*Verdi* : Dumping the signal (simulator.DC_IO_GEN[2].DAC.rw).
Verdi>fsdbDumpvars 0 "simulator.DC_IO_GEN\[2\].DAC.addr"  +all +trace_process
*Verdi* : Dumping the signal (simulator.DC_IO_GEN[2].DAC.addr).
Verdi>fsdbDumpvars 0 "simulator.DC_IO_GEN\[2\].DAC.data"  +all +trace_process
*Verdi* : Dumping the signal (simulator.DC_IO_GEN[2].DAC.data).
Verdi>fsdbDumpvars 0 "simulator.DC_IO_GEN\[2\].DAC.rd_data"  +all +trace_process
*Verdi* : Dumping the signal (simulator.DC_IO_GEN[2].DAC.rd_data).
Verdi>fsdbDumpvars 0 "simulator.DC_IO_GEN\[2\].DAC.SCLK"  +all +trace_process
*Verdi* : Dumping the signal (simulator.DC_IO_GEN[2].DAC.SCLK).
Verdi>fsdbDumpvars 0 "simulator.DC_IO_GEN\[2\].DAC.SDIN"  +all +trace_process
*Verdi* : Dumping the signal (simulator.DC_IO_GEN[2].DAC.SDIN).
Verdi>fsdbDumpvars 0 "simulator.DC_IO_GEN\[2\].DAC.SYNC_N"  +all +trace_process
*Verdi* : Dumping the signal (simulator.DC_IO_GEN[2].DAC.SYNC_N).
Verdi>fsdbDumpvars 0 "simulator.DC_IO_GEN\[2\].DAC.SDO"  +all +trace_process
*Verdi* : Dumping the signal (simulator.DC_IO_GEN[2].DAC.SDO).
Verdi>fsdbDumpvars 0 "simulator.DC_IO_GEN\[2\].DAC.LDAC_N"  +all +trace_process
*Verdi* : Dumping the signal (simulator.DC_IO_GEN[2].DAC.LDAC_N).
Verdi>fsdbDumpvars 0 "simulator.DC_IO_GEN\[2\].DAC.CLR_N"  +all +trace_process
*Verdi* : Dumping the signal (simulator.DC_IO_GEN[2].DAC.CLR_N).
Verdi>fsdbDumpvars 0 "simulator.DC_IO_GEN\[2\].DAC.RESET_N"  +all +trace_process
*Verdi* : Dumping the signal (simulator.DC_IO_GEN[2].DAC.RESET_N).
Verdi>fsdbDumpvars 0 "simulator.DC_IO_GEN\[2\].DAC.dac_reg"  +all +trace_process
*Verdi* : Dumping the signal (simulator.DC_IO_GEN[2].DAC.dac_reg).
Verdi>fsdbDumpvars 0 "simulator.DC_IO_GEN\[2\].DAC.ctrl_reg"  +all +trace_process
*Verdi* : Dumping the signal (simulator.DC_IO_GEN[2].DAC.ctrl_reg).
Verdi>fsdbDumpvars 0 "simulator.DC_IO_GEN\[2\].DAC.clrcode_reg"  +all +trace_process
*Verdi* : Dumping the signal (simulator.DC_IO_GEN[2].DAC.clrcode_reg).
Verdi>fsdbDumpvars 0 "simulator.DC_IO_GEN\[2\].DAC.sw_ctrl_reg"  +all +trace_process
*Verdi* : Dumping the signal (simulator.DC_IO_GEN[2].DAC.sw_ctrl_reg).
Verdi>fsdbDumpvars 0 "simulator.DC_IO_GEN\[2\].DAC.dac_input_reg"  +all +trace_process
*Verdi* : Dumping the signal (simulator.DC_IO_GEN[2].DAC.dac_input_reg).
Verdi>fsdbDumpvars 0 "simulator.DC_IO_GEN\[2\].DAC.SDODIS"  +all +trace_process
*Verdi* : Dumping the signal (simulator.DC_IO_GEN[2].DAC.SDODIS).
Verdi>fsdbDumpvars 0 "simulator.DC_IO_GEN\[2\].DAC.DACTRI"  +all +trace_process
*Verdi* : Dumping the signal (simulator.DC_IO_GEN[2].DAC.DACTRI).
Verdi>fsdbDumpvars 0 "simulator.DC_IO_GEN\[2\].DAC.OPGND"  +all +trace_process
*Verdi* : Dumping the signal (simulator.DC_IO_GEN[2].DAC.OPGND).
Verdi>fsdbDumpvars 0 "simulator.DC_IO_GEN\[2\].DAC.VOUT"  +all +trace_process
*Verdi* : Dumping the signal (simulator.DC_IO_GEN[2].DAC.VOUT).
Verdi>fsdbDumpvars 0 "simulator.DC_IO_GEN\[2\].DAC.VDIGITAL"  +all +trace_process
*Verdi* : Dumping the signal (simulator.DC_IO_GEN[2].DAC.VDIGITAL).
Verdi>fsdbDumpvars 0 "simulator.DC_IO_GEN\[1\].REGS.AXIL_REGS.i_aclk"  +all +trace_process
Verdi>fsdbDumpvars 0 "simulator.DC_IO_GEN\[1\].REGS.AXIL_REGS.i_aresetn"  +all +trace_process
Verdi>fsdbDumpvars 0 "simulator.DC_IO_GEN\[1\].REGS.AXIL_REGS.r_regs\[0:31\]\[31:0\]"  +all +trace_process
Verdi>fsdbDumpvars 0 "simulator.DC_IO_GEN\[1\].REGS.AXIL_REGS.o_regs\[0:31\]\[31:0\]"  +all +trace_process
Verdi>fsdbDumpvars 0 "simulator.DC_IO_GEN\[1\].REGS.AXIL_REGS.o_awready"  +all +trace_process
Verdi>fsdbDumpvars 0 "simulator.DC_IO_GEN\[1\].REGS.AXIL_REGS.i_awvalid"  +all +trace_process
Verdi>fsdbDumpvars 0 "simulator.DC_IO_GEN\[1\].REGS.AXIL_REGS.i_awaddr\[6:0\]"  +all +trace_process
Verdi>fsdbDumpvars 0 "simulator.DC_IO_GEN\[1\].REGS.AXIL_REGS.w_awireg\[4:0\]"  +all +trace_process
Verdi>fsdbDumpvars 0 "simulator.DC_IO_GEN\[1\].REGS.AXIL_REGS.w_awls2b\[1:0\]"  +all +trace_process
Verdi>fsdbDumpvars 0 "simulator.DC_IO_GEN\[1\].REGS.AXIL_REGS.o_wready"  +all +trace_process
Verdi>fsdbDumpvars 0 "simulator.DC_IO_GEN\[1\].REGS.AXIL_REGS.i_wvalid"  +all +trace_process
Verdi>fsdbDumpvars 0 "simulator.DC_IO_GEN\[1\].REGS.AXIL_REGS.i_wdata\[31:0\]"  +all +trace_process
Verdi>fsdbDumpvars 0 "simulator.DC_IO_GEN\[1\].REGS.AXIL_REGS.i_wstrb\[3:0\]"  +all +trace_process
Verdi>fsdbDumpvars 0 "simulator.DC_IO_GEN\[1\].REGS.AXIL_REGS.w_wdatastrb\[31:0\]"  +all +trace_process
Verdi>fsdbDumpvars 0 "simulator.DC_IO_GEN\[1\].REGS.AXIL_REGS.i_bready"  +all +trace_process
Verdi>fsdbDumpvars 0 "simulator.DC_IO_GEN\[1\].REGS.AXIL_REGS.o_bvalid"  +all +trace_process
Verdi>fsdbDumpvars 0 "simulator.DC_IO_GEN\[1\].REGS.AXIL_REGS.o_bresp\[1:0\]"  +all +trace_process
Verdi>fsdbDumpvars 0 "simulator.DC_IO_GEN\[1\].REGS.AXIL_REGS.o_arready"  +all +trace_process
Verdi>fsdbDumpvars 0 "simulator.DC_IO_GEN\[1\].REGS.AXIL_REGS.i_arvalid"  +all +trace_process
Verdi>fsdbDumpvars 0 "simulator.DC_IO_GEN\[1\].REGS.AXIL_REGS.i_araddr\[6:0\]"  +all +trace_process
Verdi>fsdbDumpvars 0 "simulator.DC_IO_GEN\[1\].REGS.AXIL_REGS.w_arireg\[4:0\]"  +all +trace_process
Verdi>fsdbDumpvars 0 "simulator.DC_IO_GEN\[1\].REGS.AXIL_REGS.w_arls2b\[1:0\]"  +all +trace_process
Verdi>fsdbDumpvars 0 "simulator.DC_IO_GEN\[1\].REGS.AXIL_REGS.i_rready"  +all +trace_process
Verdi>fsdbDumpvars 0 "simulator.DC_IO_GEN\[1\].REGS.AXIL_REGS.o_rvalid"  +all +trace_process
Verdi>fsdbDumpvars 0 "simulator.DC_IO_GEN\[1\].REGS.AXIL_REGS.o_rdata\[31:0\]"  +all +trace_process
Verdi>fsdbDumpvars 0 "simulator.DC_IO_GEN\[1\].REGS.AXIL_REGS.o_rresp\[1:0\]"  +all +trace_process
Verdi>fsdbDumpvars 0 "simulator.DCRFLI.DC_GEN\[1\].DC.SEQ.i_clk"  +all +trace_process
Verdi>fsdbDumpvars 0 "simulator.DCRFLI.DC_GEN\[1\].DC.SEQ.i_rst"  +all +trace_process
Verdi>fsdbDumpvars 0 "simulator.DCRFLI.DC_GEN\[1\].DC.SEQ.w_propagate"  +all +trace_process
Verdi>fsdbDumpvars 0 "simulator.DCRFLI.DC_GEN\[1\].DC.SEQ.i_regs\[0:31\]\[31:0\]"  +all +trace_process
Verdi>fsdbDumpvars 0 "simulator.DCRFLI.DC_GEN\[1\].DC.SEQ.w_last0"  +all +trace_process
Verdi>fsdbDumpvars 0 "simulator.DCRFLI.DC_GEN\[1\].DC.SEQ.w_last0_ff1"  +all +trace_process
Verdi>fsdbDumpvars 0 "simulator.DCRFLI.DC_GEN\[1\].DC.SEQ.w_last0_ff2"  +all +trace_process
Verdi>fsdbDumpvars 0 "simulator.DCRFLI.DC_GEN\[1\].DC.SEQ.w_new_sequence"  +all +trace_process
Verdi>fsdbDumpvars 0 "simulator.DCRFLI.DC_GEN\[1\].DC.SEQ.r_sequence\[0:9\]\[91:0\]"  +all +trace_process
Verdi>fsdbDumpvars 0 "simulator.DCRFLI.DC_GEN\[1\].DC.SEQ.r_iters\[10:0\]"  +all +trace_process
Verdi>fsdbDumpvars 0 "simulator.DCRFLI.DC_GEN\[1\].DC.SEQ.r_iptr\[3:0\]"  +all +trace_process
Verdi>fsdbDumpvars 0 "simulator.DCRFLI.DC_GEN\[1\].DC.SEQ.w_insn_fetch\[91:0\]"  +all +trace_process
Verdi>fsdbDumpvars 0 "simulator.DCRFLI.DC_GEN\[1\].DC.SEQ.w_insn_bubble"  +all +trace_process
Verdi>fsdbDumpvars 0 "simulator.DCRFLI.DC_GEN\[1\].DC.SEQ.w_iptr_plus1\[3:0\]"  +all +trace_process
Verdi>fsdbDumpvars 0 "simulator.DCRFLI.DC_GEN\[1\].DC.SEQ.w_next_null"  +all +trace_process
Verdi>fsdbDumpvars 0 "simulator.DCRFLI.DC_GEN\[1\].DC.SEQ.o_empty"  +all +trace_process
Verdi>fsdbDumpvars 0 "simulator.DCRFLI.DC_GEN\[1\].DC.SEQ.i_next"  +all +trace_process
Verdi>fsdbDumpvars 0 "simulator.DCRFLI.DC_GEN\[1\].DC.SEQ.o_addr\[3:0\]"  +all +trace_process
Verdi>fsdbDumpvars 0 "simulator.DCRFLI.DC_GEN\[1\].DC.SEQ.o_insn\[91:0\]"  +all +trace_process
Verdi>fsdbDumpvars 0 "simulator.DCRFLI.DC_GEN\[1\].DC.SEQ.r_iptr_modify\[3:0\]"  +all +trace_process
Verdi>fsdbDumpvars 0 "simulator.DCRFLI.DC_GEN\[1\].DC.SEQ.i_insn_modified\[91:0\]"  +all +trace_process
Verdi>fsdbDumpvars 0 "simulator.DCRFLI.DC_GEN\[1\].DC.CORE.i_clk"  +all +trace_process
Verdi>fsdbDumpvars 0 "simulator.DCRFLI.DC_GEN\[1\].DC.CORE.i_rst"  +all +trace_process
Verdi>fsdbDumpvars 0 "simulator.DCRFLI.DC_GEN\[1\].DC.CORE.w_stall"  +all +trace_process
Verdi>fsdbDumpvars 0 "simulator.DCRFLI.DC_GEN\[1\].DC.CORE.d"  +all +trace_process
Verdi>fsdbDumpvars 0 "simulator.DCRFLI.DC_GEN\[1\].DC.CORE.i_empty"  +all +trace_process
Verdi>fsdbDumpvars 0 "simulator.DCRFLI.DC_GEN\[1\].DC.CORE.o_next"  +all +trace_process
Verdi>fsdbDumpvars 0 "simulator.DCRFLI.DC_GEN\[1\].DC.CORE.i_addr\[3:0\]"  +all +trace_process
Verdi>fsdbDumpvars 0 "simulator.DCRFLI.DC_GEN\[1\].DC.CORE.i_insn\[91:0\]"  +all +trace_process
Verdi>fsdbDumpvars 0 "simulator.DCRFLI.DC_GEN\[1\].DC.CORE.o_insn_modified"  +all +trace_process
Verdi>fsdbDumpvars 0 "simulator.DCRFLI.DC_GEN\[1\].DC.CORE.i"  +all +trace_process
Verdi>fsdbDumpvars 0 "simulator.DCRFLI.DC_GEN\[1\].DC.CORE.s"  +all +trace_process
Verdi>fsdbDumpvars 0 "simulator.DCRFLI.DC_GEN\[1\].DC.CORE.w_dvsr\[15:0\]"  +all +trace_process
Verdi>fsdbDumpvars 0 "simulator.DCRFLI.DC_GEN\[1\].DC.CORE.w_spi_dout\[23:0\]"  +all +trace_process
Verdi>fsdbDumpvars 0 "simulator.DCRFLI.DC_GEN\[1\].DC.CORE.w_spi_done"  +all +trace_process
Verdi>fsdbDumpvars 0 "simulator.DCRFLI.DC_GEN\[1\].DC.CORE.o_armed"  +all +trace_process
Verdi>fsdbDumpvars 0 "simulator.DCRFLI.DC_GEN\[1\].DC.CORE.i_start"  +all +trace_process
Verdi>fsdbDumpvars 0 "simulator.DCRFLI.DC_GEN\[1\].DC.CORE.o_sclk"  +all +trace_process
Verdi>fsdbDumpvars 0 "simulator.DCRFLI.DC_GEN\[1\].DC.CORE.o_mosi"  +all +trace_process
Verdi>fsdbDumpvars 0 "simulator.DCRFLI.DC_GEN\[1\].DC.CORE.i_miso"  +all +trace_process
Verdi>fsdbDumpvars 0 "simulator.DCRFLI.DC_GEN\[1\].DC.CORE.o_cs_n"  +all +trace_process
Verdi>fsdbDumpvars 0 "simulator.DCRFLI.DC_GEN\[1\].DC.CORE.o_ldac_n"  +all +trace_process
Verdi>fsdbDumpvars 0 "simulator.DCRFLI.DC_GEN\[1\].DC.CORE.h"  +all +trace_process
Verdi>fsdbDumpvars 0 "simulator.DCRFLI.DC_GEN\[1\].DC.CORE.o_next"  +all +trace_process
Verdi>fsdbDumpvars 0 "simulator.DCRFLI.DC_GEN\[1\].DC.CORE.o_addr\[3:0\]"  +all +trace_process
Verdi>fsdbDumpvars 0 "simulator.DCRFLI.DC_GEN\[1\].DC.CORE.o_iter\[9:0\]"  +all +trace_process
Verdi>fsdbDumpvars 0 "simulator.DCRFLI.DC_GEN\[1\].DC.CORE.o_spi_din\[23:0\]"  +all +trace_process
Verdi>fsdbDumpvars 0 "simulator.DCRFLI.DC_GEN\[1\].DC.CORE.o_spi_rd"  +all +trace_process
Verdi>fsdbDumpvars 0 "simulator.DCRFLI.DC_GEN\[1\].DC.CORE.o_spi_dout\[23:0\]"  +all +trace_process
Verdi>fsdbDumpvars 0 "simulator.DCRFLI.DC_GEN\[1\].DC.CORE.o_cycles_left\[29:0\]"  +all +trace_process
Verdi>fsdbDumpvars 0 "simulator.DC_IO_GEN\[1\].DAC.valid_transaction"  +all +trace_process
*Verdi* : Dumping the signal (simulator.DC_IO_GEN[1].DAC.valid_transaction).
Verdi>fsdbDumpvars 0 "simulator.DC_IO_GEN\[1\].DAC.input_shift_reg"  +all +trace_process
*Verdi* : Dumping the signal (simulator.DC_IO_GEN[1].DAC.input_shift_reg).
Verdi>fsdbDumpvars 0 "simulator.DC_IO_GEN\[1\].DAC.rw"  +all +trace_process
*Verdi* : Dumping the signal (simulator.DC_IO_GEN[1].DAC.rw).
Verdi>fsdbDumpvars 0 "simulator.DC_IO_GEN\[1\].DAC.addr"  +all +trace_process
*Verdi* : Dumping the signal (simulator.DC_IO_GEN[1].DAC.addr).
Verdi>fsdbDumpvars 0 "simulator.DC_IO_GEN\[1\].DAC.data"  +all +trace_process
*Verdi* : Dumping the signal (simulator.DC_IO_GEN[1].DAC.data).
Verdi>fsdbDumpvars 0 "simulator.DC_IO_GEN\[1\].DAC.rd_data"  +all +trace_process
*Verdi* : Dumping the signal (simulator.DC_IO_GEN[1].DAC.rd_data).
Verdi>fsdbDumpvars 0 "simulator.DC_IO_GEN\[1\].DAC.SCLK"  +all +trace_process
*Verdi* : Dumping the signal (simulator.DC_IO_GEN[1].DAC.SCLK).
Verdi>fsdbDumpvars 0 "simulator.DC_IO_GEN\[1\].DAC.SDIN"  +all +trace_process
*Verdi* : Dumping the signal (simulator.DC_IO_GEN[1].DAC.SDIN).
Verdi>fsdbDumpvars 0 "simulator.DC_IO_GEN\[1\].DAC.SYNC_N"  +all +trace_process
*Verdi* : Dumping the signal (simulator.DC_IO_GEN[1].DAC.SYNC_N).
Verdi>fsdbDumpvars 0 "simulator.DC_IO_GEN\[1\].DAC.SDO"  +all +trace_process
*Verdi* : Dumping the signal (simulator.DC_IO_GEN[1].DAC.SDO).
Verdi>fsdbDumpvars 0 "simulator.DC_IO_GEN\[1\].DAC.LDAC_N"  +all +trace_process
*Verdi* : Dumping the signal (simulator.DC_IO_GEN[1].DAC.LDAC_N).
Verdi>fsdbDumpvars 0 "simulator.DC_IO_GEN\[1\].DAC.CLR_N"  +all +trace_process
*Verdi* : Dumping the signal (simulator.DC_IO_GEN[1].DAC.CLR_N).
Verdi>fsdbDumpvars 0 "simulator.DC_IO_GEN\[1\].DAC.RESET_N"  +all +trace_process
*Verdi* : Dumping the signal (simulator.DC_IO_GEN[1].DAC.RESET_N).
Verdi>fsdbDumpvars 0 "simulator.DC_IO_GEN\[1\].DAC.dac_reg"  +all +trace_process
*Verdi* : Dumping the signal (simulator.DC_IO_GEN[1].DAC.dac_reg).
Verdi>fsdbDumpvars 0 "simulator.DC_IO_GEN\[1\].DAC.ctrl_reg"  +all +trace_process
*Verdi* : Dumping the signal (simulator.DC_IO_GEN[1].DAC.ctrl_reg).
Verdi>fsdbDumpvars 0 "simulator.DC_IO_GEN\[1\].DAC.clrcode_reg"  +all +trace_process
*Verdi* : Dumping the signal (simulator.DC_IO_GEN[1].DAC.clrcode_reg).
Verdi>fsdbDumpvars 0 "simulator.DC_IO_GEN\[1\].DAC.sw_ctrl_reg"  +all +trace_process
*Verdi* : Dumping the signal (simulator.DC_IO_GEN[1].DAC.sw_ctrl_reg).
Verdi>fsdbDumpvars 0 "simulator.DC_IO_GEN\[1\].DAC.dac_input_reg"  +all +trace_process
*Verdi* : Dumping the signal (simulator.DC_IO_GEN[1].DAC.dac_input_reg).
Verdi>fsdbDumpvars 0 "simulator.DC_IO_GEN\[1\].DAC.SDODIS"  +all +trace_process
*Verdi* : Dumping the signal (simulator.DC_IO_GEN[1].DAC.SDODIS).
Verdi>fsdbDumpvars 0 "simulator.DC_IO_GEN\[1\].DAC.DACTRI"  +all +trace_process
*Verdi* : Dumping the signal (simulator.DC_IO_GEN[1].DAC.DACTRI).
Verdi>fsdbDumpvars 0 "simulator.DC_IO_GEN\[1\].DAC.OPGND"  +all +trace_process
*Verdi* : Dumping the signal (simulator.DC_IO_GEN[1].DAC.OPGND).
Verdi>fsdbDumpvars 0 "simulator.DC_IO_GEN\[1\].DAC.VOUT"  +all +trace_process
*Verdi* : Dumping the signal (simulator.DC_IO_GEN[1].DAC.VOUT).
Verdi>fsdbDumpvars 0 "simulator.DC_IO_GEN\[1\].DAC.VDIGITAL"  +all +trace_process
*Verdi* : Dumping the signal (simulator.DC_IO_GEN[1].DAC.VDIGITAL).
Verdi>fsdbDumpvars 0 "simulator.DC_IO_GEN\[0\].REGS.AXIL_REGS.i_aclk"  +all +trace_process
Verdi>fsdbDumpvars 0 "simulator.DC_IO_GEN\[0\].REGS.AXIL_REGS.i_aresetn"  +all +trace_process
Verdi>fsdbDumpvars 0 "simulator.DC_IO_GEN\[0\].REGS.AXIL_REGS.r_regs\[0:31\]\[31:0\]"  +all +trace_process
Verdi>fsdbDumpvars 0 "simulator.DC_IO_GEN\[0\].REGS.AXIL_REGS.o_regs\[0:31\]\[31:0\]"  +all +trace_process
Verdi>fsdbDumpvars 0 "simulator.DC_IO_GEN\[0\].REGS.AXIL_REGS.o_awready"  +all +trace_process
Verdi>fsdbDumpvars 0 "simulator.DC_IO_GEN\[0\].REGS.AXIL_REGS.i_awvalid"  +all +trace_process
Verdi>fsdbDumpvars 0 "simulator.DC_IO_GEN\[0\].REGS.AXIL_REGS.i_awaddr\[6:0\]"  +all +trace_process
Verdi>fsdbDumpvars 0 "simulator.DC_IO_GEN\[0\].REGS.AXIL_REGS.w_awireg\[4:0\]"  +all +trace_process
Verdi>fsdbDumpvars 0 "simulator.DC_IO_GEN\[0\].REGS.AXIL_REGS.w_awls2b\[1:0\]"  +all +trace_process
Verdi>fsdbDumpvars 0 "simulator.DC_IO_GEN\[0\].REGS.AXIL_REGS.o_wready"  +all +trace_process
Verdi>fsdbDumpvars 0 "simulator.DC_IO_GEN\[0\].REGS.AXIL_REGS.i_wvalid"  +all +trace_process
Verdi>fsdbDumpvars 0 "simulator.DC_IO_GEN\[0\].REGS.AXIL_REGS.i_wdata\[31:0\]"  +all +trace_process
Verdi>fsdbDumpvars 0 "simulator.DC_IO_GEN\[0\].REGS.AXIL_REGS.i_wstrb\[3:0\]"  +all +trace_process
Verdi>fsdbDumpvars 0 "simulator.DC_IO_GEN\[0\].REGS.AXIL_REGS.w_wdatastrb\[31:0\]"  +all +trace_process
Verdi>fsdbDumpvars 0 "simulator.DC_IO_GEN\[0\].REGS.AXIL_REGS.i_bready"  +all +trace_process
Verdi>fsdbDumpvars 0 "simulator.DC_IO_GEN\[0\].REGS.AXIL_REGS.o_bvalid"  +all +trace_process
Verdi>fsdbDumpvars 0 "simulator.DC_IO_GEN\[0\].REGS.AXIL_REGS.o_bresp\[1:0\]"  +all +trace_process
Verdi>fsdbDumpvars 0 "simulator.DC_IO_GEN\[0\].REGS.AXIL_REGS.o_arready"  +all +trace_process
Verdi>fsdbDumpvars 0 "simulator.DC_IO_GEN\[0\].REGS.AXIL_REGS.i_arvalid"  +all +trace_process
Verdi>fsdbDumpvars 0 "simulator.DC_IO_GEN\[0\].REGS.AXIL_REGS.i_araddr\[6:0\]"  +all +trace_process
Verdi>fsdbDumpvars 0 "simulator.DC_IO_GEN\[0\].REGS.AXIL_REGS.w_arireg\[4:0\]"  +all +trace_process
Verdi>fsdbDumpvars 0 "simulator.DC_IO_GEN\[0\].REGS.AXIL_REGS.w_arls2b\[1:0\]"  +all +trace_process
Verdi>fsdbDumpvars 0 "simulator.DC_IO_GEN\[0\].REGS.AXIL_REGS.i_rready"  +all +trace_process
Verdi>fsdbDumpvars 0 "simulator.DC_IO_GEN\[0\].REGS.AXIL_REGS.o_rvalid"  +all +trace_process
Verdi>fsdbDumpvars 0 "simulator.DC_IO_GEN\[0\].REGS.AXIL_REGS.o_rdata\[31:0\]"  +all +trace_process
Verdi>fsdbDumpvars 0 "simulator.DC_IO_GEN\[0\].REGS.AXIL_REGS.o_rresp\[1:0\]"  +all +trace_process
Verdi>fsdbDumpvars 0 "simulator.DCRFLI.DC_GEN\[0\].DC.SEQ.i_clk"  +all +trace_process
Verdi>fsdbDumpvars 0 "simulator.DCRFLI.DC_GEN\[0\].DC.SEQ.i_rst"  +all +trace_process
Verdi>fsdbDumpvars 0 "simulator.DCRFLI.DC_GEN\[0\].DC.SEQ.w_propagate"  +all +trace_process
Verdi>fsdbDumpvars 0 "simulator.DCRFLI.DC_GEN\[0\].DC.SEQ.i_regs\[0:31\]\[31:0\]"  +all +trace_process
Verdi>fsdbDumpvars 0 "simulator.DCRFLI.DC_GEN\[0\].DC.SEQ.w_last0"  +all +trace_process
Verdi>fsdbDumpvars 0 "simulator.DCRFLI.DC_GEN\[0\].DC.SEQ.w_last0_ff1"  +all +trace_process
Verdi>fsdbDumpvars 0 "simulator.DCRFLI.DC_GEN\[0\].DC.SEQ.w_last0_ff2"  +all +trace_process
Verdi>fsdbDumpvars 0 "simulator.DCRFLI.DC_GEN\[0\].DC.SEQ.w_new_sequence"  +all +trace_process
Verdi>fsdbDumpvars 0 "simulator.DCRFLI.DC_GEN\[0\].DC.SEQ.r_sequence\[0:9\]\[91:0\]"  +all +trace_process
Verdi>fsdbDumpvars 0 "simulator.DCRFLI.DC_GEN\[0\].DC.SEQ.r_iters\[10:0\]"  +all +trace_process
Verdi>fsdbDumpvars 0 "simulator.DCRFLI.DC_GEN\[0\].DC.SEQ.r_iptr\[3:0\]"  +all +trace_process
Verdi>fsdbDumpvars 0 "simulator.DCRFLI.DC_GEN\[0\].DC.SEQ.w_insn_fetch\[91:0\]"  +all +trace_process
Verdi>fsdbDumpvars 0 "simulator.DCRFLI.DC_GEN\[0\].DC.SEQ.w_insn_bubble"  +all +trace_process
Verdi>fsdbDumpvars 0 "simulator.DCRFLI.DC_GEN\[0\].DC.SEQ.w_iptr_plus1\[3:0\]"  +all +trace_process
Verdi>fsdbDumpvars 0 "simulator.DCRFLI.DC_GEN\[0\].DC.SEQ.w_next_null"  +all +trace_process
Verdi>fsdbDumpvars 0 "simulator.DCRFLI.DC_GEN\[0\].DC.SEQ.o_empty"  +all +trace_process
Verdi>fsdbDumpvars 0 "simulator.DCRFLI.DC_GEN\[0\].DC.SEQ.i_next"  +all +trace_process
Verdi>fsdbDumpvars 0 "simulator.DCRFLI.DC_GEN\[0\].DC.SEQ.o_addr\[3:0\]"  +all +trace_process
Verdi>fsdbDumpvars 0 "simulator.DCRFLI.DC_GEN\[0\].DC.SEQ.o_insn\[91:0\]"  +all +trace_process
Verdi>fsdbDumpvars 0 "simulator.DCRFLI.DC_GEN\[0\].DC.SEQ.r_iptr_modify\[3:0\]"  +all +trace_process
Verdi>fsdbDumpvars 0 "simulator.DCRFLI.DC_GEN\[0\].DC.SEQ.i_insn_modified\[91:0\]"  +all +trace_process
Verdi>fsdbDumpvars 0 "simulator.DCRFLI.DC_GEN\[0\].DC.CORE.i_clk"  +all +trace_process
Verdi>fsdbDumpvars 0 "simulator.DCRFLI.DC_GEN\[0\].DC.CORE.i_rst"  +all +trace_process
Verdi>fsdbDumpvars 0 "simulator.DCRFLI.DC_GEN\[0\].DC.CORE.w_stall"  +all +trace_process
Verdi>fsdbDumpvars 0 "simulator.DCRFLI.DC_GEN\[0\].DC.CORE.d"  +all +trace_process
Verdi>fsdbDumpvars 0 "simulator.DCRFLI.DC_GEN\[0\].DC.CORE.i_empty"  +all +trace_process
Verdi>fsdbDumpvars 0 "simulator.DCRFLI.DC_GEN\[0\].DC.CORE.o_next"  +all +trace_process
Verdi>fsdbDumpvars 0 "simulator.DCRFLI.DC_GEN\[0\].DC.CORE.i_addr\[3:0\]"  +all +trace_process
Verdi>fsdbDumpvars 0 "simulator.DCRFLI.DC_GEN\[0\].DC.CORE.i_insn\[91:0\]"  +all +trace_process
Verdi>fsdbDumpvars 0 "simulator.DCRFLI.DC_GEN\[0\].DC.CORE.o_insn_modified"  +all +trace_process
Verdi>fsdbDumpvars 0 "simulator.DCRFLI.DC_GEN\[0\].DC.CORE.i"  +all +trace_process
Verdi>fsdbDumpvars 0 "simulator.DCRFLI.DC_GEN\[0\].DC.CORE.s"  +all +trace_process
Verdi>fsdbDumpvars 0 "simulator.DCRFLI.DC_GEN\[0\].DC.CORE.w_dvsr\[15:0\]"  +all +trace_process
Verdi>fsdbDumpvars 0 "simulator.DCRFLI.DC_GEN\[0\].DC.CORE.w_spi_dout\[23:0\]"  +all +trace_process
Verdi>fsdbDumpvars 0 "simulator.DCRFLI.DC_GEN\[0\].DC.CORE.w_spi_done"  +all +trace_process
Verdi>fsdbDumpvars 0 "simulator.DCRFLI.DC_GEN\[0\].DC.CORE.o_armed"  +all +trace_process
Verdi>fsdbDumpvars 0 "simulator.DCRFLI.DC_GEN\[0\].DC.CORE.i_start"  +all +trace_process
Verdi>fsdbDumpvars 0 "simulator.DCRFLI.DC_GEN\[0\].DC.CORE.o_sclk"  +all +trace_process
Verdi>fsdbDumpvars 0 "simulator.DCRFLI.DC_GEN\[0\].DC.CORE.o_mosi"  +all +trace_process
Verdi>fsdbDumpvars 0 "simulator.DCRFLI.DC_GEN\[0\].DC.CORE.i_miso"  +all +trace_process
Verdi>fsdbDumpvars 0 "simulator.DCRFLI.DC_GEN\[0\].DC.CORE.o_cs_n"  +all +trace_process
Verdi>fsdbDumpvars 0 "simulator.DCRFLI.DC_GEN\[0\].DC.CORE.o_ldac_n"  +all +trace_process
Verdi>fsdbDumpvars 0 "simulator.DCRFLI.DC_GEN\[0\].DC.CORE.h"  +all +trace_process
Verdi>fsdbDumpvars 0 "simulator.DCRFLI.DC_GEN\[0\].DC.CORE.o_next"  +all +trace_process
Verdi>fsdbDumpvars 0 "simulator.DCRFLI.DC_GEN\[0\].DC.CORE.o_addr\[3:0\]"  +all +trace_process
Verdi>fsdbDumpvars 0 "simulator.DCRFLI.DC_GEN\[0\].DC.CORE.o_iter\[9:0\]"  +all +trace_process
Verdi>fsdbDumpvars 0 "simulator.DCRFLI.DC_GEN\[0\].DC.CORE.o_spi_din\[23:0\]"  +all +trace_process
Verdi>fsdbDumpvars 0 "simulator.DCRFLI.DC_GEN\[0\].DC.CORE.o_spi_rd"  +all +trace_process
Verdi>fsdbDumpvars 0 "simulator.DCRFLI.DC_GEN\[0\].DC.CORE.o_spi_dout\[23:0\]"  +all +trace_process
Verdi>fsdbDumpvars 0 "simulator.DCRFLI.DC_GEN\[0\].DC.CORE.o_cycles_left\[29:0\]"  +all +trace_process
Verdi>fsdbDumpvars 0 "simulator.DC_IO_GEN\[0\].DAC.valid_transaction"  +all +trace_process
*Verdi* : Dumping the signal (simulator.DC_IO_GEN[0].DAC.valid_transaction).
Verdi>fsdbDumpvars 0 "simulator.DC_IO_GEN\[0\].DAC.input_shift_reg"  +all +trace_process
*Verdi* : Dumping the signal (simulator.DC_IO_GEN[0].DAC.input_shift_reg).
Verdi>fsdbDumpvars 0 "simulator.DC_IO_GEN\[0\].DAC.rw"  +all +trace_process
*Verdi* : Dumping the signal (simulator.DC_IO_GEN[0].DAC.rw).
Verdi>fsdbDumpvars 0 "simulator.DC_IO_GEN\[0\].DAC.addr"  +all +trace_process
*Verdi* : Dumping the signal (simulator.DC_IO_GEN[0].DAC.addr).
Verdi>fsdbDumpvars 0 "simulator.DC_IO_GEN\[0\].DAC.data"  +all +trace_process
*Verdi* : Dumping the signal (simulator.DC_IO_GEN[0].DAC.data).
Verdi>fsdbDumpvars 0 "simulator.DC_IO_GEN\[0\].DAC.rd_data"  +all +trace_process
*Verdi* : Dumping the signal (simulator.DC_IO_GEN[0].DAC.rd_data).
Verdi>fsdbDumpvars 0 "simulator.DC_IO_GEN\[0\].DAC.SCLK"  +all +trace_process
*Verdi* : Dumping the signal (simulator.DC_IO_GEN[0].DAC.SCLK).
Verdi>fsdbDumpvars 0 "simulator.DC_IO_GEN\[0\].DAC.SDIN"  +all +trace_process
*Verdi* : Dumping the signal (simulator.DC_IO_GEN[0].DAC.SDIN).
Verdi>fsdbDumpvars 0 "simulator.DC_IO_GEN\[0\].DAC.SYNC_N"  +all +trace_process
*Verdi* : Dumping the signal (simulator.DC_IO_GEN[0].DAC.SYNC_N).
Verdi>fsdbDumpvars 0 "simulator.DC_IO_GEN\[0\].DAC.SDO"  +all +trace_process
*Verdi* : Dumping the signal (simulator.DC_IO_GEN[0].DAC.SDO).
Verdi>fsdbDumpvars 0 "simulator.DC_IO_GEN\[0\].DAC.LDAC_N"  +all +trace_process
*Verdi* : Dumping the signal (simulator.DC_IO_GEN[0].DAC.LDAC_N).
Verdi>fsdbDumpvars 0 "simulator.DC_IO_GEN\[0\].DAC.CLR_N"  +all +trace_process
*Verdi* : Dumping the signal (simulator.DC_IO_GEN[0].DAC.CLR_N).
Verdi>fsdbDumpvars 0 "simulator.DC_IO_GEN\[0\].DAC.RESET_N"  +all +trace_process
*Verdi* : Dumping the signal (simulator.DC_IO_GEN[0].DAC.RESET_N).
Verdi>fsdbDumpvars 0 "simulator.DC_IO_GEN\[0\].DAC.dac_reg"  +all +trace_process
*Verdi* : Dumping the signal (simulator.DC_IO_GEN[0].DAC.dac_reg).
Verdi>fsdbDumpvars 0 "simulator.DC_IO_GEN\[0\].DAC.ctrl_reg"  +all +trace_process
*Verdi* : Dumping the signal (simulator.DC_IO_GEN[0].DAC.ctrl_reg).
Verdi>fsdbDumpvars 0 "simulator.DC_IO_GEN\[0\].DAC.clrcode_reg"  +all +trace_process
*Verdi* : Dumping the signal (simulator.DC_IO_GEN[0].DAC.clrcode_reg).
Verdi>fsdbDumpvars 0 "simulator.DC_IO_GEN\[0\].DAC.sw_ctrl_reg"  +all +trace_process
*Verdi* : Dumping the signal (simulator.DC_IO_GEN[0].DAC.sw_ctrl_reg).
Verdi>fsdbDumpvars 0 "simulator.DC_IO_GEN\[0\].DAC.dac_input_reg"  +all +trace_process
*Verdi* : Dumping the signal (simulator.DC_IO_GEN[0].DAC.dac_input_reg).
Verdi>fsdbDumpvars 0 "simulator.DC_IO_GEN\[0\].DAC.SDODIS"  +all +trace_process
*Verdi* : Dumping the signal (simulator.DC_IO_GEN[0].DAC.SDODIS).
Verdi>fsdbDumpvars 0 "simulator.DC_IO_GEN\[0\].DAC.DACTRI"  +all +trace_process
*Verdi* : Dumping the signal (simulator.DC_IO_GEN[0].DAC.DACTRI).
Verdi>fsdbDumpvars 0 "simulator.DC_IO_GEN\[0\].DAC.OPGND"  +all +trace_process
*Verdi* : Dumping the signal (simulator.DC_IO_GEN[0].DAC.OPGND).
Verdi>fsdbDumpvars 0 "simulator.DC_IO_GEN\[0\].DAC.VOUT"  +all +trace_process
*Verdi* : Dumping the signal (simulator.DC_IO_GEN[0].DAC.VOUT).
Verdi>fsdbDumpvars 0 "simulator.DC_IO_GEN\[0\].DAC.VDIGITAL"  +all +trace_process
*Verdi* : Dumping the signal (simulator.DC_IO_GEN[0].DAC.VDIGITAL).
Verdi>for set ch 23 $ch >= 0 incr ch -1 

    wvCollapseGroup -win $nw "dc/ch$ch/AXIL_REGS/aw"
    wvCollapseGroup -win $nw "dc/ch$ch/AXIL_REGS/w"
    wvCollapseGroup -win $nw "dc/ch$ch/AXIL_REGS/b"
    wvCollapseGroup -win $nw "dc/ch$ch/AXIL_REGS/ar"
    wvCollapseGroup -win $nw "dc/ch$ch/AXIL_REGS/r"
    wvCollapseGroup -win $nw "dc/ch$ch/AXIL_REGS"

    wvCollapseGroup -win $nw "dc/ch$ch/SEQ/new"
    wvCollapseGroup -win $nw "dc/ch$ch/SEQ/fetch"
    wvCollapseGroup -win $nw "dc/ch$ch/SEQ/out"
    wvCollapseGroup -win $nw "dc/ch$ch/SEQ"

    wvCollapseGroup -win $nw "dc/ch$ch/CORE/decode"
    wvCollapseGroup -win $nw "dc/ch$ch/CORE/iterate"
    wvCollapseGroup -win $nw "dc/ch$ch/CORE/spi/wires"
    wvCollapseGroup -win $nw "dc/ch$ch/CORE/spi"
    wvCollapseGroup -win $nw "dc/ch$ch/CORE/hold"
    wvCollapseGroup -win $nw "dc/ch$ch/CORE"

    wvCollapseGroup -win $nw "dc/ch$ch/DAC/pins"
    wvCollapseGroup -win $nw "dc/ch$ch/DAC/regs"
    wvCollapseGroup -win $nw "dc/ch$ch/DAC/v"
    wvCollapseGroup -win $nw "dc/ch$ch/DAC"

    wvCollapseGroup -win $nw "dc/ch$ch"



Verdi>wvCollapseGroup -win 2141eb90 dc
1
Verdi>fsdbDumpvars 0 "simulator.RF_IO_GEN\[5\].REGS.AXIL_REGS.i_aclk"  +all +trace_process
Verdi>fsdbDumpvars 0 "simulator.RF_IO_GEN\[5\].REGS.AXIL_REGS.i_aresetn"  +all +trace_process
Verdi>fsdbDumpvars 0 "simulator.RF_IO_GEN\[5\].REGS.AXIL_REGS.r_regs\[0:65\]\[31:0\]"  +all +trace_process
Verdi>fsdbDumpvars 0 "simulator.RF_IO_GEN\[5\].REGS.AXIL_REGS.o_regs\[0:65\]\[31:0\]"  +all +trace_process
Verdi>fsdbDumpvars 0 "simulator.RF_IO_GEN\[5\].REGS.AXIL_REGS.o_awready"  +all +trace_process
Verdi>fsdbDumpvars 0 "simulator.RF_IO_GEN\[5\].REGS.AXIL_REGS.i_awvalid"  +all +trace_process
Verdi>fsdbDumpvars 0 "simulator.RF_IO_GEN\[5\].REGS.AXIL_REGS.i_awaddr\[8:0\]"  +all +trace_process
Verdi>fsdbDumpvars 0 "simulator.RF_IO_GEN\[5\].REGS.AXIL_REGS.w_awireg\[6:0\]"  +all +trace_process
Verdi>fsdbDumpvars 0 "simulator.RF_IO_GEN\[5\].REGS.AXIL_REGS.w_awls2b\[1:0\]"  +all +trace_process
Verdi>fsdbDumpvars 0 "simulator.RF_IO_GEN\[5\].REGS.AXIL_REGS.o_wready"  +all +trace_process
Verdi>fsdbDumpvars 0 "simulator.RF_IO_GEN\[5\].REGS.AXIL_REGS.i_wvalid"  +all +trace_process
Verdi>fsdbDumpvars 0 "simulator.RF_IO_GEN\[5\].REGS.AXIL_REGS.i_wdata\[31:0\]"  +all +trace_process
Verdi>fsdbDumpvars 0 "simulator.RF_IO_GEN\[5\].REGS.AXIL_REGS.i_wstrb\[3:0\]"  +all +trace_process
Verdi>fsdbDumpvars 0 "simulator.RF_IO_GEN\[5\].REGS.AXIL_REGS.w_wdatastrb\[31:0\]"  +all +trace_process
Verdi>fsdbDumpvars 0 "simulator.RF_IO_GEN\[5\].REGS.AXIL_REGS.i_bready"  +all +trace_process
Verdi>fsdbDumpvars 0 "simulator.RF_IO_GEN\[5\].REGS.AXIL_REGS.o_bvalid"  +all +trace_process
Verdi>fsdbDumpvars 0 "simulator.RF_IO_GEN\[5\].REGS.AXIL_REGS.o_bresp\[1:0\]"  +all +trace_process
Verdi>fsdbDumpvars 0 "simulator.RF_IO_GEN\[5\].REGS.AXIL_REGS.o_arready"  +all +trace_process
Verdi>fsdbDumpvars 0 "simulator.RF_IO_GEN\[5\].REGS.AXIL_REGS.i_arvalid"  +all +trace_process
Verdi>fsdbDumpvars 0 "simulator.RF_IO_GEN\[5\].REGS.AXIL_REGS.i_araddr\[8:0\]"  +all +trace_process
Verdi>fsdbDumpvars 0 "simulator.RF_IO_GEN\[5\].REGS.AXIL_REGS.w_arireg\[6:0\]"  +all +trace_process
Verdi>fsdbDumpvars 0 "simulator.RF_IO_GEN\[5\].REGS.AXIL_REGS.w_arls2b\[1:0\]"  +all +trace_process
Verdi>fsdbDumpvars 0 "simulator.RF_IO_GEN\[5\].REGS.AXIL_REGS.i_rready"  +all +trace_process
Verdi>fsdbDumpvars 0 "simulator.RF_IO_GEN\[5\].REGS.AXIL_REGS.o_rvalid"  +all +trace_process
Verdi>fsdbDumpvars 0 "simulator.RF_IO_GEN\[5\].REGS.AXIL_REGS.o_rdata\[31:0\]"  +all +trace_process
Verdi>fsdbDumpvars 0 "simulator.RF_IO_GEN\[5\].REGS.AXIL_REGS.o_rresp\[1:0\]"  +all +trace_process
Verdi>fsdbDumpvars 0 "simulator.DCRFLI.RF_GEN\[5\].RF.SEQ.i_clk"  +all +trace_process
Verdi>fsdbDumpvars 0 "simulator.DCRFLI.RF_GEN\[5\].RF.SEQ.i_rst"  +all +trace_process
Verdi>fsdbDumpvars 0 "simulator.DCRFLI.RF_GEN\[5\].RF.SEQ.w_propagate"  +all +trace_process
Verdi>fsdbDumpvars 0 "simulator.DCRFLI.RF_GEN\[5\].RF.SEQ.i_regs\[0:65\]\[31:0\]"  +all +trace_process
Verdi>fsdbDumpvars 0 "simulator.DCRFLI.RF_GEN\[5\].RF.SEQ.w_last0"  +all +trace_process
Verdi>fsdbDumpvars 0 "simulator.DCRFLI.RF_GEN\[5\].RF.SEQ.w_last0_ff1"  +all +trace_process
Verdi>fsdbDumpvars 0 "simulator.DCRFLI.RF_GEN\[5\].RF.SEQ.w_last0_ff2"  +all +trace_process
Verdi>fsdbDumpvars 0 "simulator.DCRFLI.RF_GEN\[5\].RF.SEQ.w_new_sequence"  +all +trace_process
Verdi>fsdbDumpvars 0 "simulator.DCRFLI.RF_GEN\[5\].RF.SEQ.r_sequence\[0:15\]\[114:0\]"  +all +trace_process
Verdi>fsdbDumpvars 0 "simulator.DCRFLI.RF_GEN\[5\].RF.SEQ.r_iters\[10:0\]"  +all +trace_process
Verdi>fsdbDumpvars 0 "simulator.DCRFLI.RF_GEN\[5\].RF.SEQ.r_iptr\[3:0\]"  +all +trace_process
Verdi>fsdbDumpvars 0 "simulator.DCRFLI.RF_GEN\[5\].RF.SEQ.w_insn_fetch\[114:0\]"  +all +trace_process
Verdi>fsdbDumpvars 0 "simulator.DCRFLI.RF_GEN\[5\].RF.SEQ.w_insn_bubble"  +all +trace_process
Verdi>fsdbDumpvars 0 "simulator.DCRFLI.RF_GEN\[5\].RF.SEQ.w_iptr_plus1\[3:0\]"  +all +trace_process
Verdi>fsdbDumpvars 0 "simulator.DCRFLI.RF_GEN\[5\].RF.SEQ.w_next_null"  +all +trace_process
Verdi>fsdbDumpvars 0 "simulator.DCRFLI.RF_GEN\[5\].RF.SEQ.o_empty"  +all +trace_process
Verdi>fsdbDumpvars 0 "simulator.DCRFLI.RF_GEN\[5\].RF.SEQ.i_next"  +all +trace_process
Verdi>fsdbDumpvars 0 "simulator.DCRFLI.RF_GEN\[5\].RF.SEQ.o_addr\[3:0\]"  +all +trace_process
Verdi>fsdbDumpvars 0 "simulator.DCRFLI.RF_GEN\[5\].RF.SEQ.o_insn\[114:0\]"  +all +trace_process
Verdi>fsdbDumpvars 0 "simulator.DCRFLI.RF_GEN\[5\].RF.SEQ.r_iptr_modify\[3:0\]"  +all +trace_process
Verdi>fsdbDumpvars 0 "simulator.DCRFLI.RF_GEN\[5\].RF.SEQ.i_insn_modified\[114:0\]"  +all +trace_process
Verdi>fsdbDumpvars 0 "simulator.DCRFLI.RF_GEN\[5\].RF.CORE.CORDIC_GEN\[0\].CORDIC.c\[15\]"  +all +trace_process
Verdi>fsdbDumpvars 0 "simulator.DCRFLI.RF_GEN\[5\].RF.CORE.CORDIC_GEN\[1\].CORDIC.c\[15\]"  +all +trace_process
Verdi>fsdbDumpvars 0 "simulator.DCRFLI.RF_GEN\[5\].RF.CORE.CORDIC_GEN\[2\].CORDIC.c\[15\]"  +all +trace_process
Verdi>fsdbDumpvars 0 "simulator.DCRFLI.RF_GEN\[5\].RF.CORE.CORDIC_GEN\[3\].CORDIC.c\[15\]"  +all +trace_process
Verdi>fsdbDumpvars 0 "simulator.DCRFLI.RF_GEN\[5\].RF.CORE.CORDIC_GEN\[4\].CORDIC.c\[15\]"  +all +trace_process
Verdi>fsdbDumpvars 0 "simulator.DCRFLI.RF_GEN\[5\].RF.CORE.CORDIC_GEN\[5\].CORDIC.c\[15\]"  +all +trace_process
Verdi>fsdbDumpvars 0 "simulator.DCRFLI.RF_GEN\[5\].RF.CORE.CORDIC_GEN\[6\].CORDIC.c\[15\]"  +all +trace_process
Verdi>fsdbDumpvars 0 "simulator.DCRFLI.RF_GEN\[5\].RF.CORE.CORDIC_GEN\[7\].CORDIC.c\[15\]"  +all +trace_process
Verdi>fsdbDumpvars 0 "simulator.DCRFLI.RF_GEN\[5\].RF.CORE.CORDIC_GEN\[0\].CORDIC.c\[14\]"  +all +trace_process
Verdi>fsdbDumpvars 0 "simulator.DCRFLI.RF_GEN\[5\].RF.CORE.CORDIC_GEN\[1\].CORDIC.c\[14\]"  +all +trace_process
Verdi>fsdbDumpvars 0 "simulator.DCRFLI.RF_GEN\[5\].RF.CORE.CORDIC_GEN\[2\].CORDIC.c\[14\]"  +all +trace_process
Verdi>fsdbDumpvars 0 "simulator.DCRFLI.RF_GEN\[5\].RF.CORE.CORDIC_GEN\[3\].CORDIC.c\[14\]"  +all +trace_process
Verdi>fsdbDumpvars 0 "simulator.DCRFLI.RF_GEN\[5\].RF.CORE.CORDIC_GEN\[4\].CORDIC.c\[14\]"  +all +trace_process
Verdi>fsdbDumpvars 0 "simulator.DCRFLI.RF_GEN\[5\].RF.CORE.CORDIC_GEN\[5\].CORDIC.c\[14\]"  +all +trace_process
Verdi>fsdbDumpvars 0 "simulator.DCRFLI.RF_GEN\[5\].RF.CORE.CORDIC_GEN\[6\].CORDIC.c\[14\]"  +all +trace_process
Verdi>fsdbDumpvars 0 "simulator.DCRFLI.RF_GEN\[5\].RF.CORE.CORDIC_GEN\[7\].CORDIC.c\[14\]"  +all +trace_process
Verdi>fsdbDumpvars 0 "simulator.DCRFLI.RF_GEN\[5\].RF.CORE.CORDIC_GEN\[0\].CORDIC.c\[13\]"  +all +trace_process
Verdi>fsdbDumpvars 0 "simulator.DCRFLI.RF_GEN\[5\].RF.CORE.CORDIC_GEN\[1\].CORDIC.c\[13\]"  +all +trace_process
Verdi>fsdbDumpvars 0 "simulator.DCRFLI.RF_GEN\[5\].RF.CORE.CORDIC_GEN\[2\].CORDIC.c\[13\]"  +all +trace_process
Verdi>fsdbDumpvars 0 "simulator.DCRFLI.RF_GEN\[5\].RF.CORE.CORDIC_GEN\[3\].CORDIC.c\[13\]"  +all +trace_process
Verdi>fsdbDumpvars 0 "simulator.DCRFLI.RF_GEN\[5\].RF.CORE.CORDIC_GEN\[4\].CORDIC.c\[13\]"  +all +trace_process
Verdi>fsdbDumpvars 0 "simulator.DCRFLI.RF_GEN\[5\].RF.CORE.CORDIC_GEN\[5\].CORDIC.c\[13\]"  +all +trace_process
Verdi>fsdbDumpvars 0 "simulator.DCRFLI.RF_GEN\[5\].RF.CORE.CORDIC_GEN\[6\].CORDIC.c\[13\]"  +all +trace_process
Verdi>fsdbDumpvars 0 "simulator.DCRFLI.RF_GEN\[5\].RF.CORE.CORDIC_GEN\[7\].CORDIC.c\[13\]"  +all +trace_process
Verdi>fsdbDumpvars 0 "simulator.DCRFLI.RF_GEN\[5\].RF.CORE.CORDIC_GEN\[0\].CORDIC.c\[12\]"  +all +trace_process
Verdi>fsdbDumpvars 0 "simulator.DCRFLI.RF_GEN\[5\].RF.CORE.CORDIC_GEN\[1\].CORDIC.c\[12\]"  +all +trace_process
Verdi>fsdbDumpvars 0 "simulator.DCRFLI.RF_GEN\[5\].RF.CORE.CORDIC_GEN\[2\].CORDIC.c\[12\]"  +all +trace_process
Verdi>fsdbDumpvars 0 "simulator.DCRFLI.RF_GEN\[5\].RF.CORE.CORDIC_GEN\[3\].CORDIC.c\[12\]"  +all +trace_process
Verdi>fsdbDumpvars 0 "simulator.DCRFLI.RF_GEN\[5\].RF.CORE.CORDIC_GEN\[4\].CORDIC.c\[12\]"  +all +trace_process
Verdi>fsdbDumpvars 0 "simulator.DCRFLI.RF_GEN\[5\].RF.CORE.CORDIC_GEN\[5\].CORDIC.c\[12\]"  +all +trace_process
Verdi>fsdbDumpvars 0 "simulator.DCRFLI.RF_GEN\[5\].RF.CORE.CORDIC_GEN\[6\].CORDIC.c\[12\]"  +all +trace_process
Verdi>fsdbDumpvars 0 "simulator.DCRFLI.RF_GEN\[5\].RF.CORE.CORDIC_GEN\[7\].CORDIC.c\[12\]"  +all +trace_process
Verdi>fsdbDumpvars 0 "simulator.DCRFLI.RF_GEN\[5\].RF.CORE.CORDIC_GEN\[0\].CORDIC.c\[11\]"  +all +trace_process
Verdi>fsdbDumpvars 0 "simulator.DCRFLI.RF_GEN\[5\].RF.CORE.CORDIC_GEN\[1\].CORDIC.c\[11\]"  +all +trace_process
Verdi>fsdbDumpvars 0 "simulator.DCRFLI.RF_GEN\[5\].RF.CORE.CORDIC_GEN\[2\].CORDIC.c\[11\]"  +all +trace_process
Verdi>fsdbDumpvars 0 "simulator.DCRFLI.RF_GEN\[5\].RF.CORE.CORDIC_GEN\[3\].CORDIC.c\[11\]"  +all +trace_process
Verdi>fsdbDumpvars 0 "simulator.DCRFLI.RF_GEN\[5\].RF.CORE.CORDIC_GEN\[4\].CORDIC.c\[11\]"  +all +trace_process
Verdi>fsdbDumpvars 0 "simulator.DCRFLI.RF_GEN\[5\].RF.CORE.CORDIC_GEN\[5\].CORDIC.c\[11\]"  +all +trace_process
Verdi>fsdbDumpvars 0 "simulator.DCRFLI.RF_GEN\[5\].RF.CORE.CORDIC_GEN\[6\].CORDIC.c\[11\]"  +all +trace_process
Verdi>fsdbDumpvars 0 "simulator.DCRFLI.RF_GEN\[5\].RF.CORE.CORDIC_GEN\[7\].CORDIC.c\[11\]"  +all +trace_process
Verdi>fsdbDumpvars 0 "simulator.DCRFLI.RF_GEN\[5\].RF.CORE.CORDIC_GEN\[0\].CORDIC.c\[10\]"  +all +trace_process
Verdi>fsdbDumpvars 0 "simulator.DCRFLI.RF_GEN\[5\].RF.CORE.CORDIC_GEN\[1\].CORDIC.c\[10\]"  +all +trace_process
Verdi>fsdbDumpvars 0 "simulator.DCRFLI.RF_GEN\[5\].RF.CORE.CORDIC_GEN\[2\].CORDIC.c\[10\]"  +all +trace_process
Verdi>fsdbDumpvars 0 "simulator.DCRFLI.RF_GEN\[5\].RF.CORE.CORDIC_GEN\[3\].CORDIC.c\[10\]"  +all +trace_process
Verdi>fsdbDumpvars 0 "simulator.DCRFLI.RF_GEN\[5\].RF.CORE.CORDIC_GEN\[4\].CORDIC.c\[10\]"  +all +trace_process
Verdi>fsdbDumpvars 0 "simulator.DCRFLI.RF_GEN\[5\].RF.CORE.CORDIC_GEN\[5\].CORDIC.c\[10\]"  +all +trace_process
Verdi>fsdbDumpvars 0 "simulator.DCRFLI.RF_GEN\[5\].RF.CORE.CORDIC_GEN\[6\].CORDIC.c\[10\]"  +all +trace_process
Verdi>fsdbDumpvars 0 "simulator.DCRFLI.RF_GEN\[5\].RF.CORE.CORDIC_GEN\[7\].CORDIC.c\[10\]"  +all +trace_process
Verdi>fsdbDumpvars 0 "simulator.DCRFLI.RF_GEN\[5\].RF.CORE.CORDIC_GEN\[0\].CORDIC.c\[9\]"  +all +trace_process
Verdi>fsdbDumpvars 0 "simulator.DCRFLI.RF_GEN\[5\].RF.CORE.CORDIC_GEN\[1\].CORDIC.c\[9\]"  +all +trace_process
Verdi>fsdbDumpvars 0 "simulator.DCRFLI.RF_GEN\[5\].RF.CORE.CORDIC_GEN\[2\].CORDIC.c\[9\]"  +all +trace_process
Verdi>fsdbDumpvars 0 "simulator.DCRFLI.RF_GEN\[5\].RF.CORE.CORDIC_GEN\[3\].CORDIC.c\[9\]"  +all +trace_process
Verdi>fsdbDumpvars 0 "simulator.DCRFLI.RF_GEN\[5\].RF.CORE.CORDIC_GEN\[4\].CORDIC.c\[9\]"  +all +trace_process
Verdi>fsdbDumpvars 0 "simulator.DCRFLI.RF_GEN\[5\].RF.CORE.CORDIC_GEN\[5\].CORDIC.c\[9\]"  +all +trace_process
Verdi>fsdbDumpvars 0 "simulator.DCRFLI.RF_GEN\[5\].RF.CORE.CORDIC_GEN\[6\].CORDIC.c\[9\]"  +all +trace_process
Verdi>fsdbDumpvars 0 "simulator.DCRFLI.RF_GEN\[5\].RF.CORE.CORDIC_GEN\[7\].CORDIC.c\[9\]"  +all +trace_process
Verdi>fsdbDumpvars 0 "simulator.DCRFLI.RF_GEN\[5\].RF.CORE.CORDIC_GEN\[0\].CORDIC.c\[8\]"  +all +trace_process
Verdi>fsdbDumpvars 0 "simulator.DCRFLI.RF_GEN\[5\].RF.CORE.CORDIC_GEN\[1\].CORDIC.c\[8\]"  +all +trace_process
Verdi>fsdbDumpvars 0 "simulator.DCRFLI.RF_GEN\[5\].RF.CORE.CORDIC_GEN\[2\].CORDIC.c\[8\]"  +all +trace_process
Verdi>fsdbDumpvars 0 "simulator.DCRFLI.RF_GEN\[5\].RF.CORE.CORDIC_GEN\[3\].CORDIC.c\[8\]"  +all +trace_process
Verdi>fsdbDumpvars 0 "simulator.DCRFLI.RF_GEN\[5\].RF.CORE.CORDIC_GEN\[4\].CORDIC.c\[8\]"  +all +trace_process
Verdi>fsdbDumpvars 0 "simulator.DCRFLI.RF_GEN\[5\].RF.CORE.CORDIC_GEN\[5\].CORDIC.c\[8\]"  +all +trace_process
Verdi>fsdbDumpvars 0 "simulator.DCRFLI.RF_GEN\[5\].RF.CORE.CORDIC_GEN\[6\].CORDIC.c\[8\]"  +all +trace_process
Verdi>fsdbDumpvars 0 "simulator.DCRFLI.RF_GEN\[5\].RF.CORE.CORDIC_GEN\[7\].CORDIC.c\[8\]"  +all +trace_process
Verdi>fsdbDumpvars 0 "simulator.DCRFLI.RF_GEN\[5\].RF.CORE.CORDIC_GEN\[0\].CORDIC.c\[7\]"  +all +trace_process
Verdi>fsdbDumpvars 0 "simulator.DCRFLI.RF_GEN\[5\].RF.CORE.CORDIC_GEN\[1\].CORDIC.c\[7\]"  +all +trace_process
Verdi>fsdbDumpvars 0 "simulator.DCRFLI.RF_GEN\[5\].RF.CORE.CORDIC_GEN\[2\].CORDIC.c\[7\]"  +all +trace_process
Verdi>fsdbDumpvars 0 "simulator.DCRFLI.RF_GEN\[5\].RF.CORE.CORDIC_GEN\[3\].CORDIC.c\[7\]"  +all +trace_process
Verdi>fsdbDumpvars 0 "simulator.DCRFLI.RF_GEN\[5\].RF.CORE.CORDIC_GEN\[4\].CORDIC.c\[7\]"  +all +trace_process
Verdi>fsdbDumpvars 0 "simulator.DCRFLI.RF_GEN\[5\].RF.CORE.CORDIC_GEN\[5\].CORDIC.c\[7\]"  +all +trace_process
Verdi>fsdbDumpvars 0 "simulator.DCRFLI.RF_GEN\[5\].RF.CORE.CORDIC_GEN\[6\].CORDIC.c\[7\]"  +all +trace_process
Verdi>fsdbDumpvars 0 "simulator.DCRFLI.RF_GEN\[5\].RF.CORE.CORDIC_GEN\[7\].CORDIC.c\[7\]"  +all +trace_process
Verdi>fsdbDumpvars 0 "simulator.DCRFLI.RF_GEN\[5\].RF.CORE.CORDIC_GEN\[0\].CORDIC.c\[6\]"  +all +trace_process
Verdi>fsdbDumpvars 0 "simulator.DCRFLI.RF_GEN\[5\].RF.CORE.CORDIC_GEN\[1\].CORDIC.c\[6\]"  +all +trace_process
Verdi>fsdbDumpvars 0 "simulator.DCRFLI.RF_GEN\[5\].RF.CORE.CORDIC_GEN\[2\].CORDIC.c\[6\]"  +all +trace_process
Verdi>fsdbDumpvars 0 "simulator.DCRFLI.RF_GEN\[5\].RF.CORE.CORDIC_GEN\[3\].CORDIC.c\[6\]"  +all +trace_process
Verdi>fsdbDumpvars 0 "simulator.DCRFLI.RF_GEN\[5\].RF.CORE.CORDIC_GEN\[4\].CORDIC.c\[6\]"  +all +trace_process
Verdi>fsdbDumpvars 0 "simulator.DCRFLI.RF_GEN\[5\].RF.CORE.CORDIC_GEN\[5\].CORDIC.c\[6\]"  +all +trace_process
Verdi>fsdbDumpvars 0 "simulator.DCRFLI.RF_GEN\[5\].RF.CORE.CORDIC_GEN\[6\].CORDIC.c\[6\]"  +all +trace_process
Verdi>fsdbDumpvars 0 "simulator.DCRFLI.RF_GEN\[5\].RF.CORE.CORDIC_GEN\[7\].CORDIC.c\[6\]"  +all +trace_process
Verdi>fsdbDumpvars 0 "simulator.DCRFLI.RF_GEN\[5\].RF.CORE.CORDIC_GEN\[0\].CORDIC.c\[5\]"  +all +trace_process
Verdi>fsdbDumpvars 0 "simulator.DCRFLI.RF_GEN\[5\].RF.CORE.CORDIC_GEN\[1\].CORDIC.c\[5\]"  +all +trace_process
Verdi>fsdbDumpvars 0 "simulator.DCRFLI.RF_GEN\[5\].RF.CORE.CORDIC_GEN\[2\].CORDIC.c\[5\]"  +all +trace_process
Verdi>fsdbDumpvars 0 "simulator.DCRFLI.RF_GEN\[5\].RF.CORE.CORDIC_GEN\[3\].CORDIC.c\[5\]"  +all +trace_process
Verdi>fsdbDumpvars 0 "simulator.DCRFLI.RF_GEN\[5\].RF.CORE.CORDIC_GEN\[4\].CORDIC.c\[5\]"  +all +trace_process
Verdi>fsdbDumpvars 0 "simulator.DCRFLI.RF_GEN\[5\].RF.CORE.CORDIC_GEN\[5\].CORDIC.c\[5\]"  +all +trace_process
Verdi>fsdbDumpvars 0 "simulator.DCRFLI.RF_GEN\[5\].RF.CORE.CORDIC_GEN\[6\].CORDIC.c\[5\]"  +all +trace_process
Verdi>fsdbDumpvars 0 "simulator.DCRFLI.RF_GEN\[5\].RF.CORE.CORDIC_GEN\[7\].CORDIC.c\[5\]"  +all +trace_process
Verdi>fsdbDumpvars 0 "simulator.DCRFLI.RF_GEN\[5\].RF.CORE.CORDIC_GEN\[0\].CORDIC.c\[4\]"  +all +trace_process
Verdi>fsdbDumpvars 0 "simulator.DCRFLI.RF_GEN\[5\].RF.CORE.CORDIC_GEN\[1\].CORDIC.c\[4\]"  +all +trace_process
Verdi>fsdbDumpvars 0 "simulator.DCRFLI.RF_GEN\[5\].RF.CORE.CORDIC_GEN\[2\].CORDIC.c\[4\]"  +all +trace_process
Verdi>fsdbDumpvars 0 "simulator.DCRFLI.RF_GEN\[5\].RF.CORE.CORDIC_GEN\[3\].CORDIC.c\[4\]"  +all +trace_process
Verdi>fsdbDumpvars 0 "simulator.DCRFLI.RF_GEN\[5\].RF.CORE.CORDIC_GEN\[4\].CORDIC.c\[4\]"  +all +trace_process
Verdi>fsdbDumpvars 0 "simulator.DCRFLI.RF_GEN\[5\].RF.CORE.CORDIC_GEN\[5\].CORDIC.c\[4\]"  +all +trace_process
Verdi>fsdbDumpvars 0 "simulator.DCRFLI.RF_GEN\[5\].RF.CORE.CORDIC_GEN\[6\].CORDIC.c\[4\]"  +all +trace_process
Verdi>fsdbDumpvars 0 "simulator.DCRFLI.RF_GEN\[5\].RF.CORE.CORDIC_GEN\[7\].CORDIC.c\[4\]"  +all +trace_process
Verdi>fsdbDumpvars 0 "simulator.DCRFLI.RF_GEN\[5\].RF.CORE.CORDIC_GEN\[0\].CORDIC.c\[3\]"  +all +trace_process
Verdi>fsdbDumpvars 0 "simulator.DCRFLI.RF_GEN\[5\].RF.CORE.CORDIC_GEN\[1\].CORDIC.c\[3\]"  +all +trace_process
Verdi>fsdbDumpvars 0 "simulator.DCRFLI.RF_GEN\[5\].RF.CORE.CORDIC_GEN\[2\].CORDIC.c\[3\]"  +all +trace_process
Verdi>fsdbDumpvars 0 "simulator.DCRFLI.RF_GEN\[5\].RF.CORE.CORDIC_GEN\[3\].CORDIC.c\[3\]"  +all +trace_process
Verdi>fsdbDumpvars 0 "simulator.DCRFLI.RF_GEN\[5\].RF.CORE.CORDIC_GEN\[4\].CORDIC.c\[3\]"  +all +trace_process
Verdi>fsdbDumpvars 0 "simulator.DCRFLI.RF_GEN\[5\].RF.CORE.CORDIC_GEN\[5\].CORDIC.c\[3\]"  +all +trace_process
Verdi>fsdbDumpvars 0 "simulator.DCRFLI.RF_GEN\[5\].RF.CORE.CORDIC_GEN\[6\].CORDIC.c\[3\]"  +all +trace_process
Verdi>fsdbDumpvars 0 "simulator.DCRFLI.RF_GEN\[5\].RF.CORE.CORDIC_GEN\[7\].CORDIC.c\[3\]"  +all +trace_process
Verdi>fsdbDumpvars 0 "simulator.DCRFLI.RF_GEN\[5\].RF.CORE.CORDIC_GEN\[0\].CORDIC.c\[2\]"  +all +trace_process
Verdi>fsdbDumpvars 0 "simulator.DCRFLI.RF_GEN\[5\].RF.CORE.CORDIC_GEN\[1\].CORDIC.c\[2\]"  +all +trace_process
Verdi>fsdbDumpvars 0 "simulator.DCRFLI.RF_GEN\[5\].RF.CORE.CORDIC_GEN\[2\].CORDIC.c\[2\]"  +all +trace_process
Verdi>fsdbDumpvars 0 "simulator.DCRFLI.RF_GEN\[5\].RF.CORE.CORDIC_GEN\[3\].CORDIC.c\[2\]"  +all +trace_process
Verdi>fsdbDumpvars 0 "simulator.DCRFLI.RF_GEN\[5\].RF.CORE.CORDIC_GEN\[4\].CORDIC.c\[2\]"  +all +trace_process
Verdi>fsdbDumpvars 0 "simulator.DCRFLI.RF_GEN\[5\].RF.CORE.CORDIC_GEN\[5\].CORDIC.c\[2\]"  +all +trace_process
Verdi>fsdbDumpvars 0 "simulator.DCRFLI.RF_GEN\[5\].RF.CORE.CORDIC_GEN\[6\].CORDIC.c\[2\]"  +all +trace_process
Verdi>fsdbDumpvars 0 "simulator.DCRFLI.RF_GEN\[5\].RF.CORE.CORDIC_GEN\[7\].CORDIC.c\[2\]"  +all +trace_process
Verdi>fsdbDumpvars 0 "simulator.DCRFLI.RF_GEN\[5\].RF.CORE.CORDIC_GEN\[0\].CORDIC.c\[1\]"  +all +trace_process
Verdi>fsdbDumpvars 0 "simulator.DCRFLI.RF_GEN\[5\].RF.CORE.CORDIC_GEN\[1\].CORDIC.c\[1\]"  +all +trace_process
Verdi>fsdbDumpvars 0 "simulator.DCRFLI.RF_GEN\[5\].RF.CORE.CORDIC_GEN\[2\].CORDIC.c\[1\]"  +all +trace_process
Verdi>fsdbDumpvars 0 "simulator.DCRFLI.RF_GEN\[5\].RF.CORE.CORDIC_GEN\[3\].CORDIC.c\[1\]"  +all +trace_process
Verdi>fsdbDumpvars 0 "simulator.DCRFLI.RF_GEN\[5\].RF.CORE.CORDIC_GEN\[4\].CORDIC.c\[1\]"  +all +trace_process
Verdi>fsdbDumpvars 0 "simulator.DCRFLI.RF_GEN\[5\].RF.CORE.CORDIC_GEN\[5\].CORDIC.c\[1\]"  +all +trace_process
Verdi>fsdbDumpvars 0 "simulator.DCRFLI.RF_GEN\[5\].RF.CORE.CORDIC_GEN\[6\].CORDIC.c\[1\]"  +all +trace_process
Verdi>fsdbDumpvars 0 "simulator.DCRFLI.RF_GEN\[5\].RF.CORE.CORDIC_GEN\[7\].CORDIC.c\[1\]"  +all +trace_process
Verdi>fsdbDumpvars 0 "simulator.DCRFLI.RF_GEN\[5\].RF.CORE.CORDIC_GEN\[0\].CORDIC.c\[0\]"  +all +trace_process
Verdi>fsdbDumpvars 0 "simulator.DCRFLI.RF_GEN\[5\].RF.CORE.CORDIC_GEN\[1\].CORDIC.c\[0\]"  +all +trace_process
Verdi>fsdbDumpvars 0 "simulator.DCRFLI.RF_GEN\[5\].RF.CORE.CORDIC_GEN\[2\].CORDIC.c\[0\]"  +all +trace_process
Verdi>fsdbDumpvars 0 "simulator.DCRFLI.RF_GEN\[5\].RF.CORE.CORDIC_GEN\[3\].CORDIC.c\[0\]"  +all +trace_process
Verdi>fsdbDumpvars 0 "simulator.DCRFLI.RF_GEN\[5\].RF.CORE.CORDIC_GEN\[4\].CORDIC.c\[0\]"  +all +trace_process
Verdi>fsdbDumpvars 0 "simulator.DCRFLI.RF_GEN\[5\].RF.CORE.CORDIC_GEN\[5\].CORDIC.c\[0\]"  +all +trace_process
Verdi>fsdbDumpvars 0 "simulator.DCRFLI.RF_GEN\[5\].RF.CORE.CORDIC_GEN\[6\].CORDIC.c\[0\]"  +all +trace_process
Verdi>fsdbDumpvars 0 "simulator.DCRFLI.RF_GEN\[5\].RF.CORE.CORDIC_GEN\[7\].CORDIC.c\[0\]"  +all +trace_process
Verdi>fsdbDumpvars 0 "simulator.DCRFLI.RF_GEN\[5\].RF.CORE.i_clk"  +all +trace_process
Verdi>fsdbDumpvars 0 "simulator.DCRFLI.RF_GEN\[5\].RF.CORE.i_rst"  +all +trace_process
Verdi>fsdbDumpvars 0 "simulator.DCRFLI.RF_GEN\[5\].RF.CORE.w_stall"  +all +trace_process
Verdi>fsdbDumpvars 0 "simulator.DCRFLI.RF_GEN\[5\].RF.CORE.d"  +all +trace_process
Verdi>fsdbDumpvars 0 "simulator.DCRFLI.RF_GEN\[5\].RF.CORE.i_empty"  +all +trace_process
Verdi>fsdbDumpvars 0 "simulator.DCRFLI.RF_GEN\[5\].RF.CORE.o_next"  +all +trace_process
Verdi>fsdbDumpvars 0 "simulator.DCRFLI.RF_GEN\[5\].RF.CORE.i_addr\[3:0\]"  +all +trace_process
Verdi>fsdbDumpvars 0 "simulator.DCRFLI.RF_GEN\[5\].RF.CORE.i_insn"  +all +trace_process
Verdi>fsdbDumpvars 0 "simulator.DCRFLI.RF_GEN\[5\].RF.CORE.o_insn_modified"  +all +trace_process
Verdi>fsdbDumpvars 0 "simulator.DCRFLI.RF_GEN\[5\].RF.CORE.p"  +all +trace_process
Verdi>fsdbDumpvars 0 "simulator.DCRFLI.RF_GEN\[5\].RF.CORE.w_new_phase"  +all +trace_process
Verdi>fsdbDumpvars 0 "simulator.DCRFLI.RF_GEN\[5\].RF.CORE.r"  +all +trace_process
Verdi>fsdbDumpvars 0 "simulator.DCRFLI.RF_GEN\[5\].RF.CORE.o_armed"  +all +trace_process
Verdi>fsdbDumpvars 0 "simulator.DCRFLI.RF_GEN\[5\].RF.CORE.i_start"  +all +trace_process
Verdi>fsdbDumpvars 0 "simulator.DCRFLI.RF_GEN\[5\].RF.CORE.o_addr\[3:0\]"  +all +trace_process
Verdi>fsdbDumpvars 0 "simulator.DCRFLI.RF_GEN\[5\].RF.CORE.o_sample_start\[19:0\]"  +all +trace_process
Verdi>fsdbDumpvars 0 "simulator.DCRFLI.RF_GEN\[5\].RF.CORE.o_sample_end\[19:0\]"  +all +trace_process
Verdi>fsdbDumpvars 0 "simulator.DCRFLI.RF_GEN\[5\].RF.CORE.o_QIx8\[255:0\]"  +all +trace_process
Verdi>fsdbDumpvars 0 "simulator.RF_IO_GEN\[5\].DAC.i_clk"  +all +trace_process
Verdi>fsdbDumpvars 0 "simulator.RF_IO_GEN\[5\].DAC.i_dac_clk"  +all +trace_process
Verdi>fsdbDumpvars 0 "simulator.RF_IO_GEN\[5\].DAC.dac_cycle"  +all +trace_process
Verdi>fsdbDumpvars 0 "simulator.RF_IO_GEN\[5\].DAC.i_QIx8\[255:0\]"  +all +trace_process
Verdi>fsdbDumpvars 0 "simulator.RF_IO_GEN\[5\].DAC.w_Ix8\[7:0\]\[13:0\]"  +all +trace_process
Verdi>fsdbDumpvars 0 "simulator.RF_IO_GEN\[5\].DAC.w_Qx8\[7:0\]\[13:0\]"  +all +trace_process
Verdi>fsdbDumpvars 0 "simulator.RF_IO_GEN\[5\].DAC.o_I\[13:0\]"  +all +trace_process
Verdi>fsdbDumpvars 0 "simulator.RF_IO_GEN\[5\].DAC.o_Q\[13:0\]"  +all +trace_process
Verdi>fsdbDumpvars 0 "simulator.RF_IO_GEN\[5\].DAC.I"  +all +trace_process
Verdi>fsdbDumpvars 0 "simulator.RF_IO_GEN\[5\].DAC.Q"  +all +trace_process
Verdi>fsdbDumpvars 0 "simulator.RF_IO_GEN\[5\].DAC.deg"  +all +trace_process
Verdi>fsdbDumpvars 0 "simulator.RF_IO_GEN\[5\].DAC.rad"  +all +trace_process
Verdi>fsdbDumpvars 0 "simulator.RF_IO_GEN\[5\].DAC.nco_i"  +all +trace_process
Verdi>fsdbDumpvars 0 "simulator.RF_IO_GEN\[5\].DAC.nco_q"  +all +trace_process
Verdi>fsdbDumpvars 0 "simulator.RF_IO_GEN\[5\].DAC.o_vrf"  +all +trace_process
Verdi>fsdbDumpvars 0 "simulator.RF_IO_GEN\[4\].REGS.AXIL_REGS.i_aclk"  +all +trace_process
Verdi>fsdbDumpvars 0 "simulator.RF_IO_GEN\[4\].REGS.AXIL_REGS.i_aresetn"  +all +trace_process
Verdi>fsdbDumpvars 0 "simulator.RF_IO_GEN\[4\].REGS.AXIL_REGS.r_regs\[0:65\]\[31:0\]"  +all +trace_process
Verdi>fsdbDumpvars 0 "simulator.RF_IO_GEN\[4\].REGS.AXIL_REGS.o_regs\[0:65\]\[31:0\]"  +all +trace_process
Verdi>fsdbDumpvars 0 "simulator.RF_IO_GEN\[4\].REGS.AXIL_REGS.o_awready"  +all +trace_process
Verdi>fsdbDumpvars 0 "simulator.RF_IO_GEN\[4\].REGS.AXIL_REGS.i_awvalid"  +all +trace_process
Verdi>fsdbDumpvars 0 "simulator.RF_IO_GEN\[4\].REGS.AXIL_REGS.i_awaddr\[8:0\]"  +all +trace_process
Verdi>fsdbDumpvars 0 "simulator.RF_IO_GEN\[4\].REGS.AXIL_REGS.w_awireg\[6:0\]"  +all +trace_process
Verdi>fsdbDumpvars 0 "simulator.RF_IO_GEN\[4\].REGS.AXIL_REGS.w_awls2b\[1:0\]"  +all +trace_process
Verdi>fsdbDumpvars 0 "simulator.RF_IO_GEN\[4\].REGS.AXIL_REGS.o_wready"  +all +trace_process
Verdi>fsdbDumpvars 0 "simulator.RF_IO_GEN\[4\].REGS.AXIL_REGS.i_wvalid"  +all +trace_process
Verdi>fsdbDumpvars 0 "simulator.RF_IO_GEN\[4\].REGS.AXIL_REGS.i_wdata\[31:0\]"  +all +trace_process
Verdi>fsdbDumpvars 0 "simulator.RF_IO_GEN\[4\].REGS.AXIL_REGS.i_wstrb\[3:0\]"  +all +trace_process
Verdi>fsdbDumpvars 0 "simulator.RF_IO_GEN\[4\].REGS.AXIL_REGS.w_wdatastrb\[31:0\]"  +all +trace_process
Verdi>fsdbDumpvars 0 "simulator.RF_IO_GEN\[4\].REGS.AXIL_REGS.i_bready"  +all +trace_process
Verdi>fsdbDumpvars 0 "simulator.RF_IO_GEN\[4\].REGS.AXIL_REGS.o_bvalid"  +all +trace_process
Verdi>fsdbDumpvars 0 "simulator.RF_IO_GEN\[4\].REGS.AXIL_REGS.o_bresp\[1:0\]"  +all +trace_process
Verdi>fsdbDumpvars 0 "simulator.RF_IO_GEN\[4\].REGS.AXIL_REGS.o_arready"  +all +trace_process
Verdi>fsdbDumpvars 0 "simulator.RF_IO_GEN\[4\].REGS.AXIL_REGS.i_arvalid"  +all +trace_process
Verdi>fsdbDumpvars 0 "simulator.RF_IO_GEN\[4\].REGS.AXIL_REGS.i_araddr\[8:0\]"  +all +trace_process
Verdi>fsdbDumpvars 0 "simulator.RF_IO_GEN\[4\].REGS.AXIL_REGS.w_arireg\[6:0\]"  +all +trace_process
Verdi>fsdbDumpvars 0 "simulator.RF_IO_GEN\[4\].REGS.AXIL_REGS.w_arls2b\[1:0\]"  +all +trace_process
Verdi>fsdbDumpvars 0 "simulator.RF_IO_GEN\[4\].REGS.AXIL_REGS.i_rready"  +all +trace_process
Verdi>fsdbDumpvars 0 "simulator.RF_IO_GEN\[4\].REGS.AXIL_REGS.o_rvalid"  +all +trace_process
Verdi>fsdbDumpvars 0 "simulator.RF_IO_GEN\[4\].REGS.AXIL_REGS.o_rdata\[31:0\]"  +all +trace_process
Verdi>fsdbDumpvars 0 "simulator.RF_IO_GEN\[4\].REGS.AXIL_REGS.o_rresp\[1:0\]"  +all +trace_process
Verdi>fsdbDumpvars 0 "simulator.DCRFLI.RF_GEN\[4\].RF.SEQ.i_clk"  +all +trace_process
Verdi>fsdbDumpvars 0 "simulator.DCRFLI.RF_GEN\[4\].RF.SEQ.i_rst"  +all +trace_process
Verdi>fsdbDumpvars 0 "simulator.DCRFLI.RF_GEN\[4\].RF.SEQ.w_propagate"  +all +trace_process
Verdi>fsdbDumpvars 0 "simulator.DCRFLI.RF_GEN\[4\].RF.SEQ.i_regs\[0:65\]\[31:0\]"  +all +trace_process
Verdi>fsdbDumpvars 0 "simulator.DCRFLI.RF_GEN\[4\].RF.SEQ.w_last0"  +all +trace_process
Verdi>fsdbDumpvars 0 "simulator.DCRFLI.RF_GEN\[4\].RF.SEQ.w_last0_ff1"  +all +trace_process
Verdi>fsdbDumpvars 0 "simulator.DCRFLI.RF_GEN\[4\].RF.SEQ.w_last0_ff2"  +all +trace_process
Verdi>fsdbDumpvars 0 "simulator.DCRFLI.RF_GEN\[4\].RF.SEQ.w_new_sequence"  +all +trace_process
Verdi>fsdbDumpvars 0 "simulator.DCRFLI.RF_GEN\[4\].RF.SEQ.r_sequence\[0:15\]\[114:0\]"  +all +trace_process
Verdi>fsdbDumpvars 0 "simulator.DCRFLI.RF_GEN\[4\].RF.SEQ.r_iters\[10:0\]"  +all +trace_process
Verdi>fsdbDumpvars 0 "simulator.DCRFLI.RF_GEN\[4\].RF.SEQ.r_iptr\[3:0\]"  +all +trace_process
Verdi>fsdbDumpvars 0 "simulator.DCRFLI.RF_GEN\[4\].RF.SEQ.w_insn_fetch\[114:0\]"  +all +trace_process
Verdi>fsdbDumpvars 0 "simulator.DCRFLI.RF_GEN\[4\].RF.SEQ.w_insn_bubble"  +all +trace_process
Verdi>fsdbDumpvars 0 "simulator.DCRFLI.RF_GEN\[4\].RF.SEQ.w_iptr_plus1\[3:0\]"  +all +trace_process
Verdi>fsdbDumpvars 0 "simulator.DCRFLI.RF_GEN\[4\].RF.SEQ.w_next_null"  +all +trace_process
Verdi>fsdbDumpvars 0 "simulator.DCRFLI.RF_GEN\[4\].RF.SEQ.o_empty"  +all +trace_process
Verdi>fsdbDumpvars 0 "simulator.DCRFLI.RF_GEN\[4\].RF.SEQ.i_next"  +all +trace_process
Verdi>fsdbDumpvars 0 "simulator.DCRFLI.RF_GEN\[4\].RF.SEQ.o_addr\[3:0\]"  +all +trace_process
Verdi>fsdbDumpvars 0 "simulator.DCRFLI.RF_GEN\[4\].RF.SEQ.o_insn\[114:0\]"  +all +trace_process
Verdi>fsdbDumpvars 0 "simulator.DCRFLI.RF_GEN\[4\].RF.SEQ.r_iptr_modify\[3:0\]"  +all +trace_process
Verdi>fsdbDumpvars 0 "simulator.DCRFLI.RF_GEN\[4\].RF.SEQ.i_insn_modified\[114:0\]"  +all +trace_process
Verdi>fsdbDumpvars 0 "simulator.DCRFLI.RF_GEN\[4\].RF.CORE.CORDIC_GEN\[0\].CORDIC.c\[15\]"  +all +trace_process
Verdi>fsdbDumpvars 0 "simulator.DCRFLI.RF_GEN\[4\].RF.CORE.CORDIC_GEN\[1\].CORDIC.c\[15\]"  +all +trace_process
Verdi>fsdbDumpvars 0 "simulator.DCRFLI.RF_GEN\[4\].RF.CORE.CORDIC_GEN\[2\].CORDIC.c\[15\]"  +all +trace_process
Verdi>fsdbDumpvars 0 "simulator.DCRFLI.RF_GEN\[4\].RF.CORE.CORDIC_GEN\[3\].CORDIC.c\[15\]"  +all +trace_process
Verdi>fsdbDumpvars 0 "simulator.DCRFLI.RF_GEN\[4\].RF.CORE.CORDIC_GEN\[4\].CORDIC.c\[15\]"  +all +trace_process
Verdi>fsdbDumpvars 0 "simulator.DCRFLI.RF_GEN\[4\].RF.CORE.CORDIC_GEN\[5\].CORDIC.c\[15\]"  +all +trace_process
Verdi>fsdbDumpvars 0 "simulator.DCRFLI.RF_GEN\[4\].RF.CORE.CORDIC_GEN\[6\].CORDIC.c\[15\]"  +all +trace_process
Verdi>fsdbDumpvars 0 "simulator.DCRFLI.RF_GEN\[4\].RF.CORE.CORDIC_GEN\[7\].CORDIC.c\[15\]"  +all +trace_process
Verdi>fsdbDumpvars 0 "simulator.DCRFLI.RF_GEN\[4\].RF.CORE.CORDIC_GEN\[0\].CORDIC.c\[14\]"  +all +trace_process
Verdi>fsdbDumpvars 0 "simulator.DCRFLI.RF_GEN\[4\].RF.CORE.CORDIC_GEN\[1\].CORDIC.c\[14\]"  +all +trace_process
Verdi>fsdbDumpvars 0 "simulator.DCRFLI.RF_GEN\[4\].RF.CORE.CORDIC_GEN\[2\].CORDIC.c\[14\]"  +all +trace_process
Verdi>fsdbDumpvars 0 "simulator.DCRFLI.RF_GEN\[4\].RF.CORE.CORDIC_GEN\[3\].CORDIC.c\[14\]"  +all +trace_process
Verdi>fsdbDumpvars 0 "simulator.DCRFLI.RF_GEN\[4\].RF.CORE.CORDIC_GEN\[4\].CORDIC.c\[14\]"  +all +trace_process
Verdi>fsdbDumpvars 0 "simulator.DCRFLI.RF_GEN\[4\].RF.CORE.CORDIC_GEN\[5\].CORDIC.c\[14\]"  +all +trace_process
Verdi>fsdbDumpvars 0 "simulator.DCRFLI.RF_GEN\[4\].RF.CORE.CORDIC_GEN\[6\].CORDIC.c\[14\]"  +all +trace_process
Verdi>fsdbDumpvars 0 "simulator.DCRFLI.RF_GEN\[4\].RF.CORE.CORDIC_GEN\[7\].CORDIC.c\[14\]"  +all +trace_process
Verdi>fsdbDumpvars 0 "simulator.DCRFLI.RF_GEN\[4\].RF.CORE.CORDIC_GEN\[0\].CORDIC.c\[13\]"  +all +trace_process
Verdi>fsdbDumpvars 0 "simulator.DCRFLI.RF_GEN\[4\].RF.CORE.CORDIC_GEN\[1\].CORDIC.c\[13\]"  +all +trace_process
Verdi>fsdbDumpvars 0 "simulator.DCRFLI.RF_GEN\[4\].RF.CORE.CORDIC_GEN\[2\].CORDIC.c\[13\]"  +all +trace_process
Verdi>fsdbDumpvars 0 "simulator.DCRFLI.RF_GEN\[4\].RF.CORE.CORDIC_GEN\[3\].CORDIC.c\[13\]"  +all +trace_process
Verdi>fsdbDumpvars 0 "simulator.DCRFLI.RF_GEN\[4\].RF.CORE.CORDIC_GEN\[4\].CORDIC.c\[13\]"  +all +trace_process
Verdi>fsdbDumpvars 0 "simulator.DCRFLI.RF_GEN\[4\].RF.CORE.CORDIC_GEN\[5\].CORDIC.c\[13\]"  +all +trace_process
Verdi>fsdbDumpvars 0 "simulator.DCRFLI.RF_GEN\[4\].RF.CORE.CORDIC_GEN\[6\].CORDIC.c\[13\]"  +all +trace_process
Verdi>fsdbDumpvars 0 "simulator.DCRFLI.RF_GEN\[4\].RF.CORE.CORDIC_GEN\[7\].CORDIC.c\[13\]"  +all +trace_process
Verdi>fsdbDumpvars 0 "simulator.DCRFLI.RF_GEN\[4\].RF.CORE.CORDIC_GEN\[0\].CORDIC.c\[12\]"  +all +trace_process
Verdi>fsdbDumpvars 0 "simulator.DCRFLI.RF_GEN\[4\].RF.CORE.CORDIC_GEN\[1\].CORDIC.c\[12\]"  +all +trace_process
Verdi>fsdbDumpvars 0 "simulator.DCRFLI.RF_GEN\[4\].RF.CORE.CORDIC_GEN\[2\].CORDIC.c\[12\]"  +all +trace_process
Verdi>fsdbDumpvars 0 "simulator.DCRFLI.RF_GEN\[4\].RF.CORE.CORDIC_GEN\[3\].CORDIC.c\[12\]"  +all +trace_process
Verdi>fsdbDumpvars 0 "simulator.DCRFLI.RF_GEN\[4\].RF.CORE.CORDIC_GEN\[4\].CORDIC.c\[12\]"  +all +trace_process
Verdi>fsdbDumpvars 0 "simulator.DCRFLI.RF_GEN\[4\].RF.CORE.CORDIC_GEN\[5\].CORDIC.c\[12\]"  +all +trace_process
Verdi>fsdbDumpvars 0 "simulator.DCRFLI.RF_GEN\[4\].RF.CORE.CORDIC_GEN\[6\].CORDIC.c\[12\]"  +all +trace_process
Verdi>fsdbDumpvars 0 "simulator.DCRFLI.RF_GEN\[4\].RF.CORE.CORDIC_GEN\[7\].CORDIC.c\[12\]"  +all +trace_process
Verdi>fsdbDumpvars 0 "simulator.DCRFLI.RF_GEN\[4\].RF.CORE.CORDIC_GEN\[0\].CORDIC.c\[11\]"  +all +trace_process
Verdi>fsdbDumpvars 0 "simulator.DCRFLI.RF_GEN\[4\].RF.CORE.CORDIC_GEN\[1\].CORDIC.c\[11\]"  +all +trace_process
Verdi>fsdbDumpvars 0 "simulator.DCRFLI.RF_GEN\[4\].RF.CORE.CORDIC_GEN\[2\].CORDIC.c\[11\]"  +all +trace_process
Verdi>fsdbDumpvars 0 "simulator.DCRFLI.RF_GEN\[4\].RF.CORE.CORDIC_GEN\[3\].CORDIC.c\[11\]"  +all +trace_process
Verdi>fsdbDumpvars 0 "simulator.DCRFLI.RF_GEN\[4\].RF.CORE.CORDIC_GEN\[4\].CORDIC.c\[11\]"  +all +trace_process
Verdi>fsdbDumpvars 0 "simulator.DCRFLI.RF_GEN\[4\].RF.CORE.CORDIC_GEN\[5\].CORDIC.c\[11\]"  +all +trace_process
Verdi>fsdbDumpvars 0 "simulator.DCRFLI.RF_GEN\[4\].RF.CORE.CORDIC_GEN\[6\].CORDIC.c\[11\]"  +all +trace_process
Verdi>fsdbDumpvars 0 "simulator.DCRFLI.RF_GEN\[4\].RF.CORE.CORDIC_GEN\[7\].CORDIC.c\[11\]"  +all +trace_process
Verdi>fsdbDumpvars 0 "simulator.DCRFLI.RF_GEN\[4\].RF.CORE.CORDIC_GEN\[0\].CORDIC.c\[10\]"  +all +trace_process
Verdi>fsdbDumpvars 0 "simulator.DCRFLI.RF_GEN\[4\].RF.CORE.CORDIC_GEN\[1\].CORDIC.c\[10\]"  +all +trace_process
Verdi>fsdbDumpvars 0 "simulator.DCRFLI.RF_GEN\[4\].RF.CORE.CORDIC_GEN\[2\].CORDIC.c\[10\]"  +all +trace_process
Verdi>fsdbDumpvars 0 "simulator.DCRFLI.RF_GEN\[4\].RF.CORE.CORDIC_GEN\[3\].CORDIC.c\[10\]"  +all +trace_process
Verdi>fsdbDumpvars 0 "simulator.DCRFLI.RF_GEN\[4\].RF.CORE.CORDIC_GEN\[4\].CORDIC.c\[10\]"  +all +trace_process
Verdi>fsdbDumpvars 0 "simulator.DCRFLI.RF_GEN\[4\].RF.CORE.CORDIC_GEN\[5\].CORDIC.c\[10\]"  +all +trace_process
Verdi>fsdbDumpvars 0 "simulator.DCRFLI.RF_GEN\[4\].RF.CORE.CORDIC_GEN\[6\].CORDIC.c\[10\]"  +all +trace_process
Verdi>fsdbDumpvars 0 "simulator.DCRFLI.RF_GEN\[4\].RF.CORE.CORDIC_GEN\[7\].CORDIC.c\[10\]"  +all +trace_process
Verdi>fsdbDumpvars 0 "simulator.DCRFLI.RF_GEN\[4\].RF.CORE.CORDIC_GEN\[0\].CORDIC.c\[9\]"  +all +trace_process
Verdi>fsdbDumpvars 0 "simulator.DCRFLI.RF_GEN\[4\].RF.CORE.CORDIC_GEN\[1\].CORDIC.c\[9\]"  +all +trace_process
Verdi>fsdbDumpvars 0 "simulator.DCRFLI.RF_GEN\[4\].RF.CORE.CORDIC_GEN\[2\].CORDIC.c\[9\]"  +all +trace_process
Verdi>fsdbDumpvars 0 "simulator.DCRFLI.RF_GEN\[4\].RF.CORE.CORDIC_GEN\[3\].CORDIC.c\[9\]"  +all +trace_process
Verdi>fsdbDumpvars 0 "simulator.DCRFLI.RF_GEN\[4\].RF.CORE.CORDIC_GEN\[4\].CORDIC.c\[9\]"  +all +trace_process
Verdi>fsdbDumpvars 0 "simulator.DCRFLI.RF_GEN\[4\].RF.CORE.CORDIC_GEN\[5\].CORDIC.c\[9\]"  +all +trace_process
Verdi>fsdbDumpvars 0 "simulator.DCRFLI.RF_GEN\[4\].RF.CORE.CORDIC_GEN\[6\].CORDIC.c\[9\]"  +all +trace_process
Verdi>fsdbDumpvars 0 "simulator.DCRFLI.RF_GEN\[4\].RF.CORE.CORDIC_GEN\[7\].CORDIC.c\[9\]"  +all +trace_process
Verdi>fsdbDumpvars 0 "simulator.DCRFLI.RF_GEN\[4\].RF.CORE.CORDIC_GEN\[0\].CORDIC.c\[8\]"  +all +trace_process
Verdi>fsdbDumpvars 0 "simulator.DCRFLI.RF_GEN\[4\].RF.CORE.CORDIC_GEN\[1\].CORDIC.c\[8\]"  +all +trace_process
Verdi>fsdbDumpvars 0 "simulator.DCRFLI.RF_GEN\[4\].RF.CORE.CORDIC_GEN\[2\].CORDIC.c\[8\]"  +all +trace_process
Verdi>fsdbDumpvars 0 "simulator.DCRFLI.RF_GEN\[4\].RF.CORE.CORDIC_GEN\[3\].CORDIC.c\[8\]"  +all +trace_process
Verdi>fsdbDumpvars 0 "simulator.DCRFLI.RF_GEN\[4\].RF.CORE.CORDIC_GEN\[4\].CORDIC.c\[8\]"  +all +trace_process
Verdi>fsdbDumpvars 0 "simulator.DCRFLI.RF_GEN\[4\].RF.CORE.CORDIC_GEN\[5\].CORDIC.c\[8\]"  +all +trace_process
Verdi>fsdbDumpvars 0 "simulator.DCRFLI.RF_GEN\[4\].RF.CORE.CORDIC_GEN\[6\].CORDIC.c\[8\]"  +all +trace_process
Verdi>fsdbDumpvars 0 "simulator.DCRFLI.RF_GEN\[4\].RF.CORE.CORDIC_GEN\[7\].CORDIC.c\[8\]"  +all +trace_process
Verdi>fsdbDumpvars 0 "simulator.DCRFLI.RF_GEN\[4\].RF.CORE.CORDIC_GEN\[0\].CORDIC.c\[7\]"  +all +trace_process
Verdi>fsdbDumpvars 0 "simulator.DCRFLI.RF_GEN\[4\].RF.CORE.CORDIC_GEN\[1\].CORDIC.c\[7\]"  +all +trace_process
Verdi>fsdbDumpvars 0 "simulator.DCRFLI.RF_GEN\[4\].RF.CORE.CORDIC_GEN\[2\].CORDIC.c\[7\]"  +all +trace_process
Verdi>fsdbDumpvars 0 "simulator.DCRFLI.RF_GEN\[4\].RF.CORE.CORDIC_GEN\[3\].CORDIC.c\[7\]"  +all +trace_process
Verdi>fsdbDumpvars 0 "simulator.DCRFLI.RF_GEN\[4\].RF.CORE.CORDIC_GEN\[4\].CORDIC.c\[7\]"  +all +trace_process
Verdi>fsdbDumpvars 0 "simulator.DCRFLI.RF_GEN\[4\].RF.CORE.CORDIC_GEN\[5\].CORDIC.c\[7\]"  +all +trace_process
Verdi>fsdbDumpvars 0 "simulator.DCRFLI.RF_GEN\[4\].RF.CORE.CORDIC_GEN\[6\].CORDIC.c\[7\]"  +all +trace_process
Verdi>fsdbDumpvars 0 "simulator.DCRFLI.RF_GEN\[4\].RF.CORE.CORDIC_GEN\[7\].CORDIC.c\[7\]"  +all +trace_process
Verdi>fsdbDumpvars 0 "simulator.DCRFLI.RF_GEN\[4\].RF.CORE.CORDIC_GEN\[0\].CORDIC.c\[6\]"  +all +trace_process
Verdi>fsdbDumpvars 0 "simulator.DCRFLI.RF_GEN\[4\].RF.CORE.CORDIC_GEN\[1\].CORDIC.c\[6\]"  +all +trace_process
Verdi>fsdbDumpvars 0 "simulator.DCRFLI.RF_GEN\[4\].RF.CORE.CORDIC_GEN\[2\].CORDIC.c\[6\]"  +all +trace_process
Verdi>fsdbDumpvars 0 "simulator.DCRFLI.RF_GEN\[4\].RF.CORE.CORDIC_GEN\[3\].CORDIC.c\[6\]"  +all +trace_process
Verdi>fsdbDumpvars 0 "simulator.DCRFLI.RF_GEN\[4\].RF.CORE.CORDIC_GEN\[4\].CORDIC.c\[6\]"  +all +trace_process
Verdi>fsdbDumpvars 0 "simulator.DCRFLI.RF_GEN\[4\].RF.CORE.CORDIC_GEN\[5\].CORDIC.c\[6\]"  +all +trace_process
Verdi>fsdbDumpvars 0 "simulator.DCRFLI.RF_GEN\[4\].RF.CORE.CORDIC_GEN\[6\].CORDIC.c\[6\]"  +all +trace_process
Verdi>fsdbDumpvars 0 "simulator.DCRFLI.RF_GEN\[4\].RF.CORE.CORDIC_GEN\[7\].CORDIC.c\[6\]"  +all +trace_process
Verdi>fsdbDumpvars 0 "simulator.DCRFLI.RF_GEN\[4\].RF.CORE.CORDIC_GEN\[0\].CORDIC.c\[5\]"  +all +trace_process
Verdi>fsdbDumpvars 0 "simulator.DCRFLI.RF_GEN\[4\].RF.CORE.CORDIC_GEN\[1\].CORDIC.c\[5\]"  +all +trace_process
Verdi>fsdbDumpvars 0 "simulator.DCRFLI.RF_GEN\[4\].RF.CORE.CORDIC_GEN\[2\].CORDIC.c\[5\]"  +all +trace_process
Verdi>fsdbDumpvars 0 "simulator.DCRFLI.RF_GEN\[4\].RF.CORE.CORDIC_GEN\[3\].CORDIC.c\[5\]"  +all +trace_process
Verdi>fsdbDumpvars 0 "simulator.DCRFLI.RF_GEN\[4\].RF.CORE.CORDIC_GEN\[4\].CORDIC.c\[5\]"  +all +trace_process
Verdi>fsdbDumpvars 0 "simulator.DCRFLI.RF_GEN\[4\].RF.CORE.CORDIC_GEN\[5\].CORDIC.c\[5\]"  +all +trace_process
Verdi>fsdbDumpvars 0 "simulator.DCRFLI.RF_GEN\[4\].RF.CORE.CORDIC_GEN\[6\].CORDIC.c\[5\]"  +all +trace_process
Verdi>fsdbDumpvars 0 "simulator.DCRFLI.RF_GEN\[4\].RF.CORE.CORDIC_GEN\[7\].CORDIC.c\[5\]"  +all +trace_process
Verdi>fsdbDumpvars 0 "simulator.DCRFLI.RF_GEN\[4\].RF.CORE.CORDIC_GEN\[0\].CORDIC.c\[4\]"  +all +trace_process
Verdi>fsdbDumpvars 0 "simulator.DCRFLI.RF_GEN\[4\].RF.CORE.CORDIC_GEN\[1\].CORDIC.c\[4\]"  +all +trace_process
Verdi>fsdbDumpvars 0 "simulator.DCRFLI.RF_GEN\[4\].RF.CORE.CORDIC_GEN\[2\].CORDIC.c\[4\]"  +all +trace_process
Verdi>fsdbDumpvars 0 "simulator.DCRFLI.RF_GEN\[4\].RF.CORE.CORDIC_GEN\[3\].CORDIC.c\[4\]"  +all +trace_process
Verdi>fsdbDumpvars 0 "simulator.DCRFLI.RF_GEN\[4\].RF.CORE.CORDIC_GEN\[4\].CORDIC.c\[4\]"  +all +trace_process
Verdi>fsdbDumpvars 0 "simulator.DCRFLI.RF_GEN\[4\].RF.CORE.CORDIC_GEN\[5\].CORDIC.c\[4\]"  +all +trace_process
Verdi>fsdbDumpvars 0 "simulator.DCRFLI.RF_GEN\[4\].RF.CORE.CORDIC_GEN\[6\].CORDIC.c\[4\]"  +all +trace_process
Verdi>fsdbDumpvars 0 "simulator.DCRFLI.RF_GEN\[4\].RF.CORE.CORDIC_GEN\[7\].CORDIC.c\[4\]"  +all +trace_process
Verdi>fsdbDumpvars 0 "simulator.DCRFLI.RF_GEN\[4\].RF.CORE.CORDIC_GEN\[0\].CORDIC.c\[3\]"  +all +trace_process
Verdi>fsdbDumpvars 0 "simulator.DCRFLI.RF_GEN\[4\].RF.CORE.CORDIC_GEN\[1\].CORDIC.c\[3\]"  +all +trace_process
Verdi>fsdbDumpvars 0 "simulator.DCRFLI.RF_GEN\[4\].RF.CORE.CORDIC_GEN\[2\].CORDIC.c\[3\]"  +all +trace_process
Verdi>fsdbDumpvars 0 "simulator.DCRFLI.RF_GEN\[4\].RF.CORE.CORDIC_GEN\[3\].CORDIC.c\[3\]"  +all +trace_process
Verdi>fsdbDumpvars 0 "simulator.DCRFLI.RF_GEN\[4\].RF.CORE.CORDIC_GEN\[4\].CORDIC.c\[3\]"  +all +trace_process
Verdi>fsdbDumpvars 0 "simulator.DCRFLI.RF_GEN\[4\].RF.CORE.CORDIC_GEN\[5\].CORDIC.c\[3\]"  +all +trace_process
Verdi>fsdbDumpvars 0 "simulator.DCRFLI.RF_GEN\[4\].RF.CORE.CORDIC_GEN\[6\].CORDIC.c\[3\]"  +all +trace_process
Verdi>fsdbDumpvars 0 "simulator.DCRFLI.RF_GEN\[4\].RF.CORE.CORDIC_GEN\[7\].CORDIC.c\[3\]"  +all +trace_process
Verdi>fsdbDumpvars 0 "simulator.DCRFLI.RF_GEN\[4\].RF.CORE.CORDIC_GEN\[0\].CORDIC.c\[2\]"  +all +trace_process
Verdi>fsdbDumpvars 0 "simulator.DCRFLI.RF_GEN\[4\].RF.CORE.CORDIC_GEN\[1\].CORDIC.c\[2\]"  +all +trace_process
Verdi>fsdbDumpvars 0 "simulator.DCRFLI.RF_GEN\[4\].RF.CORE.CORDIC_GEN\[2\].CORDIC.c\[2\]"  +all +trace_process
Verdi>fsdbDumpvars 0 "simulator.DCRFLI.RF_GEN\[4\].RF.CORE.CORDIC_GEN\[3\].CORDIC.c\[2\]"  +all +trace_process
Verdi>fsdbDumpvars 0 "simulator.DCRFLI.RF_GEN\[4\].RF.CORE.CORDIC_GEN\[4\].CORDIC.c\[2\]"  +all +trace_process
Verdi>fsdbDumpvars 0 "simulator.DCRFLI.RF_GEN\[4\].RF.CORE.CORDIC_GEN\[5\].CORDIC.c\[2\]"  +all +trace_process
Verdi>fsdbDumpvars 0 "simulator.DCRFLI.RF_GEN\[4\].RF.CORE.CORDIC_GEN\[6\].CORDIC.c\[2\]"  +all +trace_process
Verdi>fsdbDumpvars 0 "simulator.DCRFLI.RF_GEN\[4\].RF.CORE.CORDIC_GEN\[7\].CORDIC.c\[2\]"  +all +trace_process
Verdi>fsdbDumpvars 0 "simulator.DCRFLI.RF_GEN\[4\].RF.CORE.CORDIC_GEN\[0\].CORDIC.c\[1\]"  +all +trace_process
Verdi>fsdbDumpvars 0 "simulator.DCRFLI.RF_GEN\[4\].RF.CORE.CORDIC_GEN\[1\].CORDIC.c\[1\]"  +all +trace_process
Verdi>fsdbDumpvars 0 "simulator.DCRFLI.RF_GEN\[4\].RF.CORE.CORDIC_GEN\[2\].CORDIC.c\[1\]"  +all +trace_process
Verdi>fsdbDumpvars 0 "simulator.DCRFLI.RF_GEN\[4\].RF.CORE.CORDIC_GEN\[3\].CORDIC.c\[1\]"  +all +trace_process
Verdi>fsdbDumpvars 0 "simulator.DCRFLI.RF_GEN\[4\].RF.CORE.CORDIC_GEN\[4\].CORDIC.c\[1\]"  +all +trace_process
Verdi>fsdbDumpvars 0 "simulator.DCRFLI.RF_GEN\[4\].RF.CORE.CORDIC_GEN\[5\].CORDIC.c\[1\]"  +all +trace_process
Verdi>fsdbDumpvars 0 "simulator.DCRFLI.RF_GEN\[4\].RF.CORE.CORDIC_GEN\[6\].CORDIC.c\[1\]"  +all +trace_process
Verdi>fsdbDumpvars 0 "simulator.DCRFLI.RF_GEN\[4\].RF.CORE.CORDIC_GEN\[7\].CORDIC.c\[1\]"  +all +trace_process
Verdi>fsdbDumpvars 0 "simulator.DCRFLI.RF_GEN\[4\].RF.CORE.CORDIC_GEN\[0\].CORDIC.c\[0\]"  +all +trace_process
Verdi>fsdbDumpvars 0 "simulator.DCRFLI.RF_GEN\[4\].RF.CORE.CORDIC_GEN\[1\].CORDIC.c\[0\]"  +all +trace_process
Verdi>fsdbDumpvars 0 "simulator.DCRFLI.RF_GEN\[4\].RF.CORE.CORDIC_GEN\[2\].CORDIC.c\[0\]"  +all +trace_process
Verdi>fsdbDumpvars 0 "simulator.DCRFLI.RF_GEN\[4\].RF.CORE.CORDIC_GEN\[3\].CORDIC.c\[0\]"  +all +trace_process
Verdi>fsdbDumpvars 0 "simulator.DCRFLI.RF_GEN\[4\].RF.CORE.CORDIC_GEN\[4\].CORDIC.c\[0\]"  +all +trace_process
Verdi>fsdbDumpvars 0 "simulator.DCRFLI.RF_GEN\[4\].RF.CORE.CORDIC_GEN\[5\].CORDIC.c\[0\]"  +all +trace_process
Verdi>fsdbDumpvars 0 "simulator.DCRFLI.RF_GEN\[4\].RF.CORE.CORDIC_GEN\[6\].CORDIC.c\[0\]"  +all +trace_process
Verdi>fsdbDumpvars 0 "simulator.DCRFLI.RF_GEN\[4\].RF.CORE.CORDIC_GEN\[7\].CORDIC.c\[0\]"  +all +trace_process
Verdi>fsdbDumpvars 0 "simulator.DCRFLI.RF_GEN\[4\].RF.CORE.i_clk"  +all +trace_process
Verdi>fsdbDumpvars 0 "simulator.DCRFLI.RF_GEN\[4\].RF.CORE.i_rst"  +all +trace_process
Verdi>fsdbDumpvars 0 "simulator.DCRFLI.RF_GEN\[4\].RF.CORE.w_stall"  +all +trace_process
Verdi>fsdbDumpvars 0 "simulator.DCRFLI.RF_GEN\[4\].RF.CORE.d"  +all +trace_process
Verdi>fsdbDumpvars 0 "simulator.DCRFLI.RF_GEN\[4\].RF.CORE.i_empty"  +all +trace_process
Verdi>fsdbDumpvars 0 "simulator.DCRFLI.RF_GEN\[4\].RF.CORE.o_next"  +all +trace_process
Verdi>fsdbDumpvars 0 "simulator.DCRFLI.RF_GEN\[4\].RF.CORE.i_addr\[3:0\]"  +all +trace_process
Verdi>fsdbDumpvars 0 "simulator.DCRFLI.RF_GEN\[4\].RF.CORE.i_insn"  +all +trace_process
Verdi>fsdbDumpvars 0 "simulator.DCRFLI.RF_GEN\[4\].RF.CORE.o_insn_modified"  +all +trace_process
Verdi>fsdbDumpvars 0 "simulator.DCRFLI.RF_GEN\[4\].RF.CORE.p"  +all +trace_process
Verdi>fsdbDumpvars 0 "simulator.DCRFLI.RF_GEN\[4\].RF.CORE.w_new_phase"  +all +trace_process
Verdi>fsdbDumpvars 0 "simulator.DCRFLI.RF_GEN\[4\].RF.CORE.r"  +all +trace_process
Verdi>fsdbDumpvars 0 "simulator.DCRFLI.RF_GEN\[4\].RF.CORE.o_armed"  +all +trace_process
Verdi>fsdbDumpvars 0 "simulator.DCRFLI.RF_GEN\[4\].RF.CORE.i_start"  +all +trace_process
Verdi>fsdbDumpvars 0 "simulator.DCRFLI.RF_GEN\[4\].RF.CORE.o_addr\[3:0\]"  +all +trace_process
Verdi>fsdbDumpvars 0 "simulator.DCRFLI.RF_GEN\[4\].RF.CORE.o_sample_start\[19:0\]"  +all +trace_process
Verdi>fsdbDumpvars 0 "simulator.DCRFLI.RF_GEN\[4\].RF.CORE.o_sample_end\[19:0\]"  +all +trace_process
Verdi>fsdbDumpvars 0 "simulator.DCRFLI.RF_GEN\[4\].RF.CORE.o_QIx8\[255:0\]"  +all +trace_process
Verdi>fsdbDumpvars 0 "simulator.RF_IO_GEN\[4\].DAC.i_clk"  +all +trace_process
Verdi>fsdbDumpvars 0 "simulator.RF_IO_GEN\[4\].DAC.i_dac_clk"  +all +trace_process
Verdi>fsdbDumpvars 0 "simulator.RF_IO_GEN\[4\].DAC.dac_cycle"  +all +trace_process
Verdi>fsdbDumpvars 0 "simulator.RF_IO_GEN\[4\].DAC.i_QIx8\[255:0\]"  +all +trace_process
Verdi>fsdbDumpvars 0 "simulator.RF_IO_GEN\[4\].DAC.w_Ix8\[7:0\]\[13:0\]"  +all +trace_process
Verdi>fsdbDumpvars 0 "simulator.RF_IO_GEN\[4\].DAC.w_Qx8\[7:0\]\[13:0\]"  +all +trace_process
Verdi>fsdbDumpvars 0 "simulator.RF_IO_GEN\[4\].DAC.o_I\[13:0\]"  +all +trace_process
Verdi>fsdbDumpvars 0 "simulator.RF_IO_GEN\[4\].DAC.o_Q\[13:0\]"  +all +trace_process
Verdi>fsdbDumpvars 0 "simulator.RF_IO_GEN\[4\].DAC.I"  +all +trace_process
Verdi>fsdbDumpvars 0 "simulator.RF_IO_GEN\[4\].DAC.Q"  +all +trace_process
Verdi>fsdbDumpvars 0 "simulator.RF_IO_GEN\[4\].DAC.deg"  +all +trace_process
Verdi>fsdbDumpvars 0 "simulator.RF_IO_GEN\[4\].DAC.rad"  +all +trace_process
Verdi>fsdbDumpvars 0 "simulator.RF_IO_GEN\[4\].DAC.nco_i"  +all +trace_process
Verdi>fsdbDumpvars 0 "simulator.RF_IO_GEN\[4\].DAC.nco_q"  +all +trace_process
Verdi>fsdbDumpvars 0 "simulator.RF_IO_GEN\[4\].DAC.o_vrf"  +all +trace_process
Verdi>fsdbDumpvars 0 "simulator.RF_IO_GEN\[3\].REGS.AXIL_REGS.i_aclk"  +all +trace_process
Verdi>fsdbDumpvars 0 "simulator.RF_IO_GEN\[3\].REGS.AXIL_REGS.i_aresetn"  +all +trace_process
Verdi>fsdbDumpvars 0 "simulator.RF_IO_GEN\[3\].REGS.AXIL_REGS.r_regs\[0:65\]\[31:0\]"  +all +trace_process
Verdi>fsdbDumpvars 0 "simulator.RF_IO_GEN\[3\].REGS.AXIL_REGS.o_regs\[0:65\]\[31:0\]"  +all +trace_process
Verdi>fsdbDumpvars 0 "simulator.RF_IO_GEN\[3\].REGS.AXIL_REGS.o_awready"  +all +trace_process
Verdi>fsdbDumpvars 0 "simulator.RF_IO_GEN\[3\].REGS.AXIL_REGS.i_awvalid"  +all +trace_process
Verdi>fsdbDumpvars 0 "simulator.RF_IO_GEN\[3\].REGS.AXIL_REGS.i_awaddr\[8:0\]"  +all +trace_process
Verdi>fsdbDumpvars 0 "simulator.RF_IO_GEN\[3\].REGS.AXIL_REGS.w_awireg\[6:0\]"  +all +trace_process
Verdi>fsdbDumpvars 0 "simulator.RF_IO_GEN\[3\].REGS.AXIL_REGS.w_awls2b\[1:0\]"  +all +trace_process
Verdi>fsdbDumpvars 0 "simulator.RF_IO_GEN\[3\].REGS.AXIL_REGS.o_wready"  +all +trace_process
Verdi>fsdbDumpvars 0 "simulator.RF_IO_GEN\[3\].REGS.AXIL_REGS.i_wvalid"  +all +trace_process
Verdi>fsdbDumpvars 0 "simulator.RF_IO_GEN\[3\].REGS.AXIL_REGS.i_wdata\[31:0\]"  +all +trace_process
Verdi>fsdbDumpvars 0 "simulator.RF_IO_GEN\[3\].REGS.AXIL_REGS.i_wstrb\[3:0\]"  +all +trace_process
Verdi>fsdbDumpvars 0 "simulator.RF_IO_GEN\[3\].REGS.AXIL_REGS.w_wdatastrb\[31:0\]"  +all +trace_process
Verdi>fsdbDumpvars 0 "simulator.RF_IO_GEN\[3\].REGS.AXIL_REGS.i_bready"  +all +trace_process
Verdi>fsdbDumpvars 0 "simulator.RF_IO_GEN\[3\].REGS.AXIL_REGS.o_bvalid"  +all +trace_process
Verdi>fsdbDumpvars 0 "simulator.RF_IO_GEN\[3\].REGS.AXIL_REGS.o_bresp\[1:0\]"  +all +trace_process
Verdi>fsdbDumpvars 0 "simulator.RF_IO_GEN\[3\].REGS.AXIL_REGS.o_arready"  +all +trace_process
Verdi>fsdbDumpvars 0 "simulator.RF_IO_GEN\[3\].REGS.AXIL_REGS.i_arvalid"  +all +trace_process
Verdi>fsdbDumpvars 0 "simulator.RF_IO_GEN\[3\].REGS.AXIL_REGS.i_araddr\[8:0\]"  +all +trace_process
Verdi>fsdbDumpvars 0 "simulator.RF_IO_GEN\[3\].REGS.AXIL_REGS.w_arireg\[6:0\]"  +all +trace_process
Verdi>fsdbDumpvars 0 "simulator.RF_IO_GEN\[3\].REGS.AXIL_REGS.w_arls2b\[1:0\]"  +all +trace_process
Verdi>fsdbDumpvars 0 "simulator.RF_IO_GEN\[3\].REGS.AXIL_REGS.i_rready"  +all +trace_process
Verdi>fsdbDumpvars 0 "simulator.RF_IO_GEN\[3\].REGS.AXIL_REGS.o_rvalid"  +all +trace_process
Verdi>fsdbDumpvars 0 "simulator.RF_IO_GEN\[3\].REGS.AXIL_REGS.o_rdata\[31:0\]"  +all +trace_process
Verdi>fsdbDumpvars 0 "simulator.RF_IO_GEN\[3\].REGS.AXIL_REGS.o_rresp\[1:0\]"  +all +trace_process
Verdi>fsdbDumpvars 0 "simulator.DCRFLI.RF_GEN\[3\].RF.SEQ.i_clk"  +all +trace_process
Verdi>fsdbDumpvars 0 "simulator.DCRFLI.RF_GEN\[3\].RF.SEQ.i_rst"  +all +trace_process
Verdi>fsdbDumpvars 0 "simulator.DCRFLI.RF_GEN\[3\].RF.SEQ.w_propagate"  +all +trace_process
Verdi>fsdbDumpvars 0 "simulator.DCRFLI.RF_GEN\[3\].RF.SEQ.i_regs\[0:65\]\[31:0\]"  +all +trace_process
Verdi>fsdbDumpvars 0 "simulator.DCRFLI.RF_GEN\[3\].RF.SEQ.w_last0"  +all +trace_process
Verdi>fsdbDumpvars 0 "simulator.DCRFLI.RF_GEN\[3\].RF.SEQ.w_last0_ff1"  +all +trace_process
Verdi>fsdbDumpvars 0 "simulator.DCRFLI.RF_GEN\[3\].RF.SEQ.w_last0_ff2"  +all +trace_process
Verdi>fsdbDumpvars 0 "simulator.DCRFLI.RF_GEN\[3\].RF.SEQ.w_new_sequence"  +all +trace_process
Verdi>fsdbDumpvars 0 "simulator.DCRFLI.RF_GEN\[3\].RF.SEQ.r_sequence\[0:15\]\[114:0\]"  +all +trace_process
Verdi>fsdbDumpvars 0 "simulator.DCRFLI.RF_GEN\[3\].RF.SEQ.r_iters\[10:0\]"  +all +trace_process
Verdi>fsdbDumpvars 0 "simulator.DCRFLI.RF_GEN\[3\].RF.SEQ.r_iptr\[3:0\]"  +all +trace_process
Verdi>fsdbDumpvars 0 "simulator.DCRFLI.RF_GEN\[3\].RF.SEQ.w_insn_fetch\[114:0\]"  +all +trace_process
Verdi>fsdbDumpvars 0 "simulator.DCRFLI.RF_GEN\[3\].RF.SEQ.w_insn_bubble"  +all +trace_process
Verdi>fsdbDumpvars 0 "simulator.DCRFLI.RF_GEN\[3\].RF.SEQ.w_iptr_plus1\[3:0\]"  +all +trace_process
Verdi>fsdbDumpvars 0 "simulator.DCRFLI.RF_GEN\[3\].RF.SEQ.w_next_null"  +all +trace_process
Verdi>fsdbDumpvars 0 "simulator.DCRFLI.RF_GEN\[3\].RF.SEQ.o_empty"  +all +trace_process
Verdi>fsdbDumpvars 0 "simulator.DCRFLI.RF_GEN\[3\].RF.SEQ.i_next"  +all +trace_process
Verdi>fsdbDumpvars 0 "simulator.DCRFLI.RF_GEN\[3\].RF.SEQ.o_addr\[3:0\]"  +all +trace_process
Verdi>fsdbDumpvars 0 "simulator.DCRFLI.RF_GEN\[3\].RF.SEQ.o_insn\[114:0\]"  +all +trace_process
Verdi>fsdbDumpvars 0 "simulator.DCRFLI.RF_GEN\[3\].RF.SEQ.r_iptr_modify\[3:0\]"  +all +trace_process
Verdi>fsdbDumpvars 0 "simulator.DCRFLI.RF_GEN\[3\].RF.SEQ.i_insn_modified\[114:0\]"  +all +trace_process
Verdi>fsdbDumpvars 0 "simulator.DCRFLI.RF_GEN\[3\].RF.CORE.CORDIC_GEN\[0\].CORDIC.c\[15\]"  +all +trace_process
Verdi>fsdbDumpvars 0 "simulator.DCRFLI.RF_GEN\[3\].RF.CORE.CORDIC_GEN\[1\].CORDIC.c\[15\]"  +all +trace_process
Verdi>fsdbDumpvars 0 "simulator.DCRFLI.RF_GEN\[3\].RF.CORE.CORDIC_GEN\[2\].CORDIC.c\[15\]"  +all +trace_process
Verdi>fsdbDumpvars 0 "simulator.DCRFLI.RF_GEN\[3\].RF.CORE.CORDIC_GEN\[3\].CORDIC.c\[15\]"  +all +trace_process
Verdi>fsdbDumpvars 0 "simulator.DCRFLI.RF_GEN\[3\].RF.CORE.CORDIC_GEN\[4\].CORDIC.c\[15\]"  +all +trace_process
Verdi>fsdbDumpvars 0 "simulator.DCRFLI.RF_GEN\[3\].RF.CORE.CORDIC_GEN\[5\].CORDIC.c\[15\]"  +all +trace_process
Verdi>fsdbDumpvars 0 "simulator.DCRFLI.RF_GEN\[3\].RF.CORE.CORDIC_GEN\[6\].CORDIC.c\[15\]"  +all +trace_process
Verdi>fsdbDumpvars 0 "simulator.DCRFLI.RF_GEN\[3\].RF.CORE.CORDIC_GEN\[7\].CORDIC.c\[15\]"  +all +trace_process
Verdi>fsdbDumpvars 0 "simulator.DCRFLI.RF_GEN\[3\].RF.CORE.CORDIC_GEN\[0\].CORDIC.c\[14\]"  +all +trace_process
Verdi>fsdbDumpvars 0 "simulator.DCRFLI.RF_GEN\[3\].RF.CORE.CORDIC_GEN\[1\].CORDIC.c\[14\]"  +all +trace_process
Verdi>fsdbDumpvars 0 "simulator.DCRFLI.RF_GEN\[3\].RF.CORE.CORDIC_GEN\[2\].CORDIC.c\[14\]"  +all +trace_process
Verdi>fsdbDumpvars 0 "simulator.DCRFLI.RF_GEN\[3\].RF.CORE.CORDIC_GEN\[3\].CORDIC.c\[14\]"  +all +trace_process
Verdi>fsdbDumpvars 0 "simulator.DCRFLI.RF_GEN\[3\].RF.CORE.CORDIC_GEN\[4\].CORDIC.c\[14\]"  +all +trace_process
Verdi>fsdbDumpvars 0 "simulator.DCRFLI.RF_GEN\[3\].RF.CORE.CORDIC_GEN\[5\].CORDIC.c\[14\]"  +all +trace_process
Verdi>fsdbDumpvars 0 "simulator.DCRFLI.RF_GEN\[3\].RF.CORE.CORDIC_GEN\[6\].CORDIC.c\[14\]"  +all +trace_process
Verdi>fsdbDumpvars 0 "simulator.DCRFLI.RF_GEN\[3\].RF.CORE.CORDIC_GEN\[7\].CORDIC.c\[14\]"  +all +trace_process
Verdi>fsdbDumpvars 0 "simulator.DCRFLI.RF_GEN\[3\].RF.CORE.CORDIC_GEN\[0\].CORDIC.c\[13\]"  +all +trace_process
Verdi>fsdbDumpvars 0 "simulator.DCRFLI.RF_GEN\[3\].RF.CORE.CORDIC_GEN\[1\].CORDIC.c\[13\]"  +all +trace_process
Verdi>fsdbDumpvars 0 "simulator.DCRFLI.RF_GEN\[3\].RF.CORE.CORDIC_GEN\[2\].CORDIC.c\[13\]"  +all +trace_process
Verdi>fsdbDumpvars 0 "simulator.DCRFLI.RF_GEN\[3\].RF.CORE.CORDIC_GEN\[3\].CORDIC.c\[13\]"  +all +trace_process
Verdi>fsdbDumpvars 0 "simulator.DCRFLI.RF_GEN\[3\].RF.CORE.CORDIC_GEN\[4\].CORDIC.c\[13\]"  +all +trace_process
Verdi>fsdbDumpvars 0 "simulator.DCRFLI.RF_GEN\[3\].RF.CORE.CORDIC_GEN\[5\].CORDIC.c\[13\]"  +all +trace_process
Verdi>fsdbDumpvars 0 "simulator.DCRFLI.RF_GEN\[3\].RF.CORE.CORDIC_GEN\[6\].CORDIC.c\[13\]"  +all +trace_process
Verdi>fsdbDumpvars 0 "simulator.DCRFLI.RF_GEN\[3\].RF.CORE.CORDIC_GEN\[7\].CORDIC.c\[13\]"  +all +trace_process
Verdi>fsdbDumpvars 0 "simulator.DCRFLI.RF_GEN\[3\].RF.CORE.CORDIC_GEN\[0\].CORDIC.c\[12\]"  +all +trace_process
Verdi>fsdbDumpvars 0 "simulator.DCRFLI.RF_GEN\[3\].RF.CORE.CORDIC_GEN\[1\].CORDIC.c\[12\]"  +all +trace_process
Verdi>fsdbDumpvars 0 "simulator.DCRFLI.RF_GEN\[3\].RF.CORE.CORDIC_GEN\[2\].CORDIC.c\[12\]"  +all +trace_process
Verdi>fsdbDumpvars 0 "simulator.DCRFLI.RF_GEN\[3\].RF.CORE.CORDIC_GEN\[3\].CORDIC.c\[12\]"  +all +trace_process
Verdi>fsdbDumpvars 0 "simulator.DCRFLI.RF_GEN\[3\].RF.CORE.CORDIC_GEN\[4\].CORDIC.c\[12\]"  +all +trace_process
Verdi>fsdbDumpvars 0 "simulator.DCRFLI.RF_GEN\[3\].RF.CORE.CORDIC_GEN\[5\].CORDIC.c\[12\]"  +all +trace_process
Verdi>fsdbDumpvars 0 "simulator.DCRFLI.RF_GEN\[3\].RF.CORE.CORDIC_GEN\[6\].CORDIC.c\[12\]"  +all +trace_process
Verdi>fsdbDumpvars 0 "simulator.DCRFLI.RF_GEN\[3\].RF.CORE.CORDIC_GEN\[7\].CORDIC.c\[12\]"  +all +trace_process
Verdi>fsdbDumpvars 0 "simulator.DCRFLI.RF_GEN\[3\].RF.CORE.CORDIC_GEN\[0\].CORDIC.c\[11\]"  +all +trace_process
Verdi>fsdbDumpvars 0 "simulator.DCRFLI.RF_GEN\[3\].RF.CORE.CORDIC_GEN\[1\].CORDIC.c\[11\]"  +all +trace_process
Verdi>fsdbDumpvars 0 "simulator.DCRFLI.RF_GEN\[3\].RF.CORE.CORDIC_GEN\[2\].CORDIC.c\[11\]"  +all +trace_process
Verdi>fsdbDumpvars 0 "simulator.DCRFLI.RF_GEN\[3\].RF.CORE.CORDIC_GEN\[3\].CORDIC.c\[11\]"  +all +trace_process
Verdi>fsdbDumpvars 0 "simulator.DCRFLI.RF_GEN\[3\].RF.CORE.CORDIC_GEN\[4\].CORDIC.c\[11\]"  +all +trace_process
Verdi>fsdbDumpvars 0 "simulator.DCRFLI.RF_GEN\[3\].RF.CORE.CORDIC_GEN\[5\].CORDIC.c\[11\]"  +all +trace_process
Verdi>fsdbDumpvars 0 "simulator.DCRFLI.RF_GEN\[3\].RF.CORE.CORDIC_GEN\[6\].CORDIC.c\[11\]"  +all +trace_process
Verdi>fsdbDumpvars 0 "simulator.DCRFLI.RF_GEN\[3\].RF.CORE.CORDIC_GEN\[7\].CORDIC.c\[11\]"  +all +trace_process
Verdi>fsdbDumpvars 0 "simulator.DCRFLI.RF_GEN\[3\].RF.CORE.CORDIC_GEN\[0\].CORDIC.c\[10\]"  +all +trace_process
Verdi>fsdbDumpvars 0 "simulator.DCRFLI.RF_GEN\[3\].RF.CORE.CORDIC_GEN\[1\].CORDIC.c\[10\]"  +all +trace_process
Verdi>fsdbDumpvars 0 "simulator.DCRFLI.RF_GEN\[3\].RF.CORE.CORDIC_GEN\[2\].CORDIC.c\[10\]"  +all +trace_process
Verdi>fsdbDumpvars 0 "simulator.DCRFLI.RF_GEN\[3\].RF.CORE.CORDIC_GEN\[3\].CORDIC.c\[10\]"  +all +trace_process
Verdi>fsdbDumpvars 0 "simulator.DCRFLI.RF_GEN\[3\].RF.CORE.CORDIC_GEN\[4\].CORDIC.c\[10\]"  +all +trace_process
Verdi>fsdbDumpvars 0 "simulator.DCRFLI.RF_GEN\[3\].RF.CORE.CORDIC_GEN\[5\].CORDIC.c\[10\]"  +all +trace_process
Verdi>fsdbDumpvars 0 "simulator.DCRFLI.RF_GEN\[3\].RF.CORE.CORDIC_GEN\[6\].CORDIC.c\[10\]"  +all +trace_process
Verdi>fsdbDumpvars 0 "simulator.DCRFLI.RF_GEN\[3\].RF.CORE.CORDIC_GEN\[7\].CORDIC.c\[10\]"  +all +trace_process
Verdi>fsdbDumpvars 0 "simulator.DCRFLI.RF_GEN\[3\].RF.CORE.CORDIC_GEN\[0\].CORDIC.c\[9\]"  +all +trace_process
Verdi>fsdbDumpvars 0 "simulator.DCRFLI.RF_GEN\[3\].RF.CORE.CORDIC_GEN\[1\].CORDIC.c\[9\]"  +all +trace_process
Verdi>fsdbDumpvars 0 "simulator.DCRFLI.RF_GEN\[3\].RF.CORE.CORDIC_GEN\[2\].CORDIC.c\[9\]"  +all +trace_process
Verdi>fsdbDumpvars 0 "simulator.DCRFLI.RF_GEN\[3\].RF.CORE.CORDIC_GEN\[3\].CORDIC.c\[9\]"  +all +trace_process
Verdi>fsdbDumpvars 0 "simulator.DCRFLI.RF_GEN\[3\].RF.CORE.CORDIC_GEN\[4\].CORDIC.c\[9\]"  +all +trace_process
Verdi>fsdbDumpvars 0 "simulator.DCRFLI.RF_GEN\[3\].RF.CORE.CORDIC_GEN\[5\].CORDIC.c\[9\]"  +all +trace_process
Verdi>fsdbDumpvars 0 "simulator.DCRFLI.RF_GEN\[3\].RF.CORE.CORDIC_GEN\[6\].CORDIC.c\[9\]"  +all +trace_process
Verdi>fsdbDumpvars 0 "simulator.DCRFLI.RF_GEN\[3\].RF.CORE.CORDIC_GEN\[7\].CORDIC.c\[9\]"  +all +trace_process
Verdi>fsdbDumpvars 0 "simulator.DCRFLI.RF_GEN\[3\].RF.CORE.CORDIC_GEN\[0\].CORDIC.c\[8\]"  +all +trace_process
Verdi>fsdbDumpvars 0 "simulator.DCRFLI.RF_GEN\[3\].RF.CORE.CORDIC_GEN\[1\].CORDIC.c\[8\]"  +all +trace_process
Verdi>fsdbDumpvars 0 "simulator.DCRFLI.RF_GEN\[3\].RF.CORE.CORDIC_GEN\[2\].CORDIC.c\[8\]"  +all +trace_process
Verdi>fsdbDumpvars 0 "simulator.DCRFLI.RF_GEN\[3\].RF.CORE.CORDIC_GEN\[3\].CORDIC.c\[8\]"  +all +trace_process
Verdi>fsdbDumpvars 0 "simulator.DCRFLI.RF_GEN\[3\].RF.CORE.CORDIC_GEN\[4\].CORDIC.c\[8\]"  +all +trace_process
Verdi>fsdbDumpvars 0 "simulator.DCRFLI.RF_GEN\[3\].RF.CORE.CORDIC_GEN\[5\].CORDIC.c\[8\]"  +all +trace_process
Verdi>fsdbDumpvars 0 "simulator.DCRFLI.RF_GEN\[3\].RF.CORE.CORDIC_GEN\[6\].CORDIC.c\[8\]"  +all +trace_process
Verdi>fsdbDumpvars 0 "simulator.DCRFLI.RF_GEN\[3\].RF.CORE.CORDIC_GEN\[7\].CORDIC.c\[8\]"  +all +trace_process
Verdi>fsdbDumpvars 0 "simulator.DCRFLI.RF_GEN\[3\].RF.CORE.CORDIC_GEN\[0\].CORDIC.c\[7\]"  +all +trace_process
Verdi>fsdbDumpvars 0 "simulator.DCRFLI.RF_GEN\[3\].RF.CORE.CORDIC_GEN\[1\].CORDIC.c\[7\]"  +all +trace_process
Verdi>fsdbDumpvars 0 "simulator.DCRFLI.RF_GEN\[3\].RF.CORE.CORDIC_GEN\[2\].CORDIC.c\[7\]"  +all +trace_process
Verdi>fsdbDumpvars 0 "simulator.DCRFLI.RF_GEN\[3\].RF.CORE.CORDIC_GEN\[3\].CORDIC.c\[7\]"  +all +trace_process
Verdi>fsdbDumpvars 0 "simulator.DCRFLI.RF_GEN\[3\].RF.CORE.CORDIC_GEN\[4\].CORDIC.c\[7\]"  +all +trace_process
Verdi>fsdbDumpvars 0 "simulator.DCRFLI.RF_GEN\[3\].RF.CORE.CORDIC_GEN\[5\].CORDIC.c\[7\]"  +all +trace_process
Verdi>fsdbDumpvars 0 "simulator.DCRFLI.RF_GEN\[3\].RF.CORE.CORDIC_GEN\[6\].CORDIC.c\[7\]"  +all +trace_process
Verdi>fsdbDumpvars 0 "simulator.DCRFLI.RF_GEN\[3\].RF.CORE.CORDIC_GEN\[7\].CORDIC.c\[7\]"  +all +trace_process
Verdi>fsdbDumpvars 0 "simulator.DCRFLI.RF_GEN\[3\].RF.CORE.CORDIC_GEN\[0\].CORDIC.c\[6\]"  +all +trace_process
Verdi>fsdbDumpvars 0 "simulator.DCRFLI.RF_GEN\[3\].RF.CORE.CORDIC_GEN\[1\].CORDIC.c\[6\]"  +all +trace_process
Verdi>fsdbDumpvars 0 "simulator.DCRFLI.RF_GEN\[3\].RF.CORE.CORDIC_GEN\[2\].CORDIC.c\[6\]"  +all +trace_process
Verdi>fsdbDumpvars 0 "simulator.DCRFLI.RF_GEN\[3\].RF.CORE.CORDIC_GEN\[3\].CORDIC.c\[6\]"  +all +trace_process
Verdi>fsdbDumpvars 0 "simulator.DCRFLI.RF_GEN\[3\].RF.CORE.CORDIC_GEN\[4\].CORDIC.c\[6\]"  +all +trace_process
Verdi>fsdbDumpvars 0 "simulator.DCRFLI.RF_GEN\[3\].RF.CORE.CORDIC_GEN\[5\].CORDIC.c\[6\]"  +all +trace_process
Verdi>fsdbDumpvars 0 "simulator.DCRFLI.RF_GEN\[3\].RF.CORE.CORDIC_GEN\[6\].CORDIC.c\[6\]"  +all +trace_process
Verdi>fsdbDumpvars 0 "simulator.DCRFLI.RF_GEN\[3\].RF.CORE.CORDIC_GEN\[7\].CORDIC.c\[6\]"  +all +trace_process
Verdi>fsdbDumpvars 0 "simulator.DCRFLI.RF_GEN\[3\].RF.CORE.CORDIC_GEN\[0\].CORDIC.c\[5\]"  +all +trace_process
Verdi>fsdbDumpvars 0 "simulator.DCRFLI.RF_GEN\[3\].RF.CORE.CORDIC_GEN\[1\].CORDIC.c\[5\]"  +all +trace_process
Verdi>fsdbDumpvars 0 "simulator.DCRFLI.RF_GEN\[3\].RF.CORE.CORDIC_GEN\[2\].CORDIC.c\[5\]"  +all +trace_process
Verdi>fsdbDumpvars 0 "simulator.DCRFLI.RF_GEN\[3\].RF.CORE.CORDIC_GEN\[3\].CORDIC.c\[5\]"  +all +trace_process
Verdi>fsdbDumpvars 0 "simulator.DCRFLI.RF_GEN\[3\].RF.CORE.CORDIC_GEN\[4\].CORDIC.c\[5\]"  +all +trace_process
Verdi>fsdbDumpvars 0 "simulator.DCRFLI.RF_GEN\[3\].RF.CORE.CORDIC_GEN\[5\].CORDIC.c\[5\]"  +all +trace_process
Verdi>fsdbDumpvars 0 "simulator.DCRFLI.RF_GEN\[3\].RF.CORE.CORDIC_GEN\[6\].CORDIC.c\[5\]"  +all +trace_process
Verdi>fsdbDumpvars 0 "simulator.DCRFLI.RF_GEN\[3\].RF.CORE.CORDIC_GEN\[7\].CORDIC.c\[5\]"  +all +trace_process
Verdi>fsdbDumpvars 0 "simulator.DCRFLI.RF_GEN\[3\].RF.CORE.CORDIC_GEN\[0\].CORDIC.c\[4\]"  +all +trace_process
Verdi>fsdbDumpvars 0 "simulator.DCRFLI.RF_GEN\[3\].RF.CORE.CORDIC_GEN\[1\].CORDIC.c\[4\]"  +all +trace_process
Verdi>fsdbDumpvars 0 "simulator.DCRFLI.RF_GEN\[3\].RF.CORE.CORDIC_GEN\[2\].CORDIC.c\[4\]"  +all +trace_process
Verdi>fsdbDumpvars 0 "simulator.DCRFLI.RF_GEN\[3\].RF.CORE.CORDIC_GEN\[3\].CORDIC.c\[4\]"  +all +trace_process
Verdi>fsdbDumpvars 0 "simulator.DCRFLI.RF_GEN\[3\].RF.CORE.CORDIC_GEN\[4\].CORDIC.c\[4\]"  +all +trace_process
Verdi>fsdbDumpvars 0 "simulator.DCRFLI.RF_GEN\[3\].RF.CORE.CORDIC_GEN\[5\].CORDIC.c\[4\]"  +all +trace_process
Verdi>fsdbDumpvars 0 "simulator.DCRFLI.RF_GEN\[3\].RF.CORE.CORDIC_GEN\[6\].CORDIC.c\[4\]"  +all +trace_process
Verdi>fsdbDumpvars 0 "simulator.DCRFLI.RF_GEN\[3\].RF.CORE.CORDIC_GEN\[7\].CORDIC.c\[4\]"  +all +trace_process
Verdi>fsdbDumpvars 0 "simulator.DCRFLI.RF_GEN\[3\].RF.CORE.CORDIC_GEN\[0\].CORDIC.c\[3\]"  +all +trace_process
Verdi>fsdbDumpvars 0 "simulator.DCRFLI.RF_GEN\[3\].RF.CORE.CORDIC_GEN\[1\].CORDIC.c\[3\]"  +all +trace_process
Verdi>fsdbDumpvars 0 "simulator.DCRFLI.RF_GEN\[3\].RF.CORE.CORDIC_GEN\[2\].CORDIC.c\[3\]"  +all +trace_process
Verdi>fsdbDumpvars 0 "simulator.DCRFLI.RF_GEN\[3\].RF.CORE.CORDIC_GEN\[3\].CORDIC.c\[3\]"  +all +trace_process
Verdi>fsdbDumpvars 0 "simulator.DCRFLI.RF_GEN\[3\].RF.CORE.CORDIC_GEN\[4\].CORDIC.c\[3\]"  +all +trace_process
Verdi>fsdbDumpvars 0 "simulator.DCRFLI.RF_GEN\[3\].RF.CORE.CORDIC_GEN\[5\].CORDIC.c\[3\]"  +all +trace_process
Verdi>fsdbDumpvars 0 "simulator.DCRFLI.RF_GEN\[3\].RF.CORE.CORDIC_GEN\[6\].CORDIC.c\[3\]"  +all +trace_process
Verdi>fsdbDumpvars 0 "simulator.DCRFLI.RF_GEN\[3\].RF.CORE.CORDIC_GEN\[7\].CORDIC.c\[3\]"  +all +trace_process
Verdi>fsdbDumpvars 0 "simulator.DCRFLI.RF_GEN\[3\].RF.CORE.CORDIC_GEN\[0\].CORDIC.c\[2\]"  +all +trace_process
Verdi>fsdbDumpvars 0 "simulator.DCRFLI.RF_GEN\[3\].RF.CORE.CORDIC_GEN\[1\].CORDIC.c\[2\]"  +all +trace_process
Verdi>fsdbDumpvars 0 "simulator.DCRFLI.RF_GEN\[3\].RF.CORE.CORDIC_GEN\[2\].CORDIC.c\[2\]"  +all +trace_process
Verdi>fsdbDumpvars 0 "simulator.DCRFLI.RF_GEN\[3\].RF.CORE.CORDIC_GEN\[3\].CORDIC.c\[2\]"  +all +trace_process
Verdi>fsdbDumpvars 0 "simulator.DCRFLI.RF_GEN\[3\].RF.CORE.CORDIC_GEN\[4\].CORDIC.c\[2\]"  +all +trace_process
Verdi>fsdbDumpvars 0 "simulator.DCRFLI.RF_GEN\[3\].RF.CORE.CORDIC_GEN\[5\].CORDIC.c\[2\]"  +all +trace_process
Verdi>fsdbDumpvars 0 "simulator.DCRFLI.RF_GEN\[3\].RF.CORE.CORDIC_GEN\[6\].CORDIC.c\[2\]"  +all +trace_process
Verdi>fsdbDumpvars 0 "simulator.DCRFLI.RF_GEN\[3\].RF.CORE.CORDIC_GEN\[7\].CORDIC.c\[2\]"  +all +trace_process
Verdi>fsdbDumpvars 0 "simulator.DCRFLI.RF_GEN\[3\].RF.CORE.CORDIC_GEN\[0\].CORDIC.c\[1\]"  +all +trace_process
Verdi>fsdbDumpvars 0 "simulator.DCRFLI.RF_GEN\[3\].RF.CORE.CORDIC_GEN\[1\].CORDIC.c\[1\]"  +all +trace_process
Verdi>fsdbDumpvars 0 "simulator.DCRFLI.RF_GEN\[3\].RF.CORE.CORDIC_GEN\[2\].CORDIC.c\[1\]"  +all +trace_process
Verdi>fsdbDumpvars 0 "simulator.DCRFLI.RF_GEN\[3\].RF.CORE.CORDIC_GEN\[3\].CORDIC.c\[1\]"  +all +trace_process
Verdi>fsdbDumpvars 0 "simulator.DCRFLI.RF_GEN\[3\].RF.CORE.CORDIC_GEN\[4\].CORDIC.c\[1\]"  +all +trace_process
Verdi>fsdbDumpvars 0 "simulator.DCRFLI.RF_GEN\[3\].RF.CORE.CORDIC_GEN\[5\].CORDIC.c\[1\]"  +all +trace_process
Verdi>fsdbDumpvars 0 "simulator.DCRFLI.RF_GEN\[3\].RF.CORE.CORDIC_GEN\[6\].CORDIC.c\[1\]"  +all +trace_process
Verdi>fsdbDumpvars 0 "simulator.DCRFLI.RF_GEN\[3\].RF.CORE.CORDIC_GEN\[7\].CORDIC.c\[1\]"  +all +trace_process
Verdi>fsdbDumpvars 0 "simulator.DCRFLI.RF_GEN\[3\].RF.CORE.CORDIC_GEN\[0\].CORDIC.c\[0\]"  +all +trace_process
Verdi>fsdbDumpvars 0 "simulator.DCRFLI.RF_GEN\[3\].RF.CORE.CORDIC_GEN\[1\].CORDIC.c\[0\]"  +all +trace_process
Verdi>fsdbDumpvars 0 "simulator.DCRFLI.RF_GEN\[3\].RF.CORE.CORDIC_GEN\[2\].CORDIC.c\[0\]"  +all +trace_process
Verdi>fsdbDumpvars 0 "simulator.DCRFLI.RF_GEN\[3\].RF.CORE.CORDIC_GEN\[3\].CORDIC.c\[0\]"  +all +trace_process
Verdi>fsdbDumpvars 0 "simulator.DCRFLI.RF_GEN\[3\].RF.CORE.CORDIC_GEN\[4\].CORDIC.c\[0\]"  +all +trace_process
Verdi>fsdbDumpvars 0 "simulator.DCRFLI.RF_GEN\[3\].RF.CORE.CORDIC_GEN\[5\].CORDIC.c\[0\]"  +all +trace_process
Verdi>fsdbDumpvars 0 "simulator.DCRFLI.RF_GEN\[3\].RF.CORE.CORDIC_GEN\[6\].CORDIC.c\[0\]"  +all +trace_process
Verdi>fsdbDumpvars 0 "simulator.DCRFLI.RF_GEN\[3\].RF.CORE.CORDIC_GEN\[7\].CORDIC.c\[0\]"  +all +trace_process
Verdi>fsdbDumpvars 0 "simulator.DCRFLI.RF_GEN\[3\].RF.CORE.i_clk"  +all +trace_process
Verdi>fsdbDumpvars 0 "simulator.DCRFLI.RF_GEN\[3\].RF.CORE.i_rst"  +all +trace_process
Verdi>fsdbDumpvars 0 "simulator.DCRFLI.RF_GEN\[3\].RF.CORE.w_stall"  +all +trace_process
Verdi>fsdbDumpvars 0 "simulator.DCRFLI.RF_GEN\[3\].RF.CORE.d"  +all +trace_process
Verdi>fsdbDumpvars 0 "simulator.DCRFLI.RF_GEN\[3\].RF.CORE.i_empty"  +all +trace_process
Verdi>fsdbDumpvars 0 "simulator.DCRFLI.RF_GEN\[3\].RF.CORE.o_next"  +all +trace_process
Verdi>fsdbDumpvars 0 "simulator.DCRFLI.RF_GEN\[3\].RF.CORE.i_addr\[3:0\]"  +all +trace_process
Verdi>fsdbDumpvars 0 "simulator.DCRFLI.RF_GEN\[3\].RF.CORE.i_insn"  +all +trace_process
Verdi>fsdbDumpvars 0 "simulator.DCRFLI.RF_GEN\[3\].RF.CORE.o_insn_modified"  +all +trace_process
Verdi>fsdbDumpvars 0 "simulator.DCRFLI.RF_GEN\[3\].RF.CORE.p"  +all +trace_process
Verdi>fsdbDumpvars 0 "simulator.DCRFLI.RF_GEN\[3\].RF.CORE.w_new_phase"  +all +trace_process
Verdi>fsdbDumpvars 0 "simulator.DCRFLI.RF_GEN\[3\].RF.CORE.r"  +all +trace_process
Verdi>fsdbDumpvars 0 "simulator.DCRFLI.RF_GEN\[3\].RF.CORE.o_armed"  +all +trace_process
Verdi>fsdbDumpvars 0 "simulator.DCRFLI.RF_GEN\[3\].RF.CORE.i_start"  +all +trace_process
Verdi>fsdbDumpvars 0 "simulator.DCRFLI.RF_GEN\[3\].RF.CORE.o_addr\[3:0\]"  +all +trace_process
Verdi>fsdbDumpvars 0 "simulator.DCRFLI.RF_GEN\[3\].RF.CORE.o_sample_start\[19:0\]"  +all +trace_process
Verdi>fsdbDumpvars 0 "simulator.DCRFLI.RF_GEN\[3\].RF.CORE.o_sample_end\[19:0\]"  +all +trace_process
Verdi>fsdbDumpvars 0 "simulator.DCRFLI.RF_GEN\[3\].RF.CORE.o_QIx8\[255:0\]"  +all +trace_process
Verdi>fsdbDumpvars 0 "simulator.RF_IO_GEN\[3\].DAC.i_clk"  +all +trace_process
Verdi>fsdbDumpvars 0 "simulator.RF_IO_GEN\[3\].DAC.i_dac_clk"  +all +trace_process
Verdi>fsdbDumpvars 0 "simulator.RF_IO_GEN\[3\].DAC.dac_cycle"  +all +trace_process
Verdi>fsdbDumpvars 0 "simulator.RF_IO_GEN\[3\].DAC.i_QIx8\[255:0\]"  +all +trace_process
Verdi>fsdbDumpvars 0 "simulator.RF_IO_GEN\[3\].DAC.w_Ix8\[7:0\]\[13:0\]"  +all +trace_process
Verdi>fsdbDumpvars 0 "simulator.RF_IO_GEN\[3\].DAC.w_Qx8\[7:0\]\[13:0\]"  +all +trace_process
Verdi>fsdbDumpvars 0 "simulator.RF_IO_GEN\[3\].DAC.o_I\[13:0\]"  +all +trace_process
Verdi>fsdbDumpvars 0 "simulator.RF_IO_GEN\[3\].DAC.o_Q\[13:0\]"  +all +trace_process
Verdi>fsdbDumpvars 0 "simulator.RF_IO_GEN\[3\].DAC.I"  +all +trace_process
Verdi>fsdbDumpvars 0 "simulator.RF_IO_GEN\[3\].DAC.Q"  +all +trace_process
Verdi>fsdbDumpvars 0 "simulator.RF_IO_GEN\[3\].DAC.deg"  +all +trace_process
Verdi>fsdbDumpvars 0 "simulator.RF_IO_GEN\[3\].DAC.rad"  +all +trace_process
Verdi>fsdbDumpvars 0 "simulator.RF_IO_GEN\[3\].DAC.nco_i"  +all +trace_process
Verdi>fsdbDumpvars 0 "simulator.RF_IO_GEN\[3\].DAC.nco_q"  +all +trace_process
Verdi>fsdbDumpvars 0 "simulator.RF_IO_GEN\[3\].DAC.o_vrf"  +all +trace_process
Verdi>fsdbDumpvars 0 "simulator.RF_IO_GEN\[2\].REGS.AXIL_REGS.i_aclk"  +all +trace_process
Verdi>fsdbDumpvars 0 "simulator.RF_IO_GEN\[2\].REGS.AXIL_REGS.i_aresetn"  +all +trace_process
Verdi>fsdbDumpvars 0 "simulator.RF_IO_GEN\[2\].REGS.AXIL_REGS.r_regs\[0:65\]\[31:0\]"  +all +trace_process
Verdi>fsdbDumpvars 0 "simulator.RF_IO_GEN\[2\].REGS.AXIL_REGS.o_regs\[0:65\]\[31:0\]"  +all +trace_process
Verdi>fsdbDumpvars 0 "simulator.RF_IO_GEN\[2\].REGS.AXIL_REGS.o_awready"  +all +trace_process
Verdi>fsdbDumpvars 0 "simulator.RF_IO_GEN\[2\].REGS.AXIL_REGS.i_awvalid"  +all +trace_process
Verdi>fsdbDumpvars 0 "simulator.RF_IO_GEN\[2\].REGS.AXIL_REGS.i_awaddr\[8:0\]"  +all +trace_process
Verdi>fsdbDumpvars 0 "simulator.RF_IO_GEN\[2\].REGS.AXIL_REGS.w_awireg\[6:0\]"  +all +trace_process
Verdi>fsdbDumpvars 0 "simulator.RF_IO_GEN\[2\].REGS.AXIL_REGS.w_awls2b\[1:0\]"  +all +trace_process
Verdi>fsdbDumpvars 0 "simulator.RF_IO_GEN\[2\].REGS.AXIL_REGS.o_wready"  +all +trace_process
Verdi>fsdbDumpvars 0 "simulator.RF_IO_GEN\[2\].REGS.AXIL_REGS.i_wvalid"  +all +trace_process
Verdi>fsdbDumpvars 0 "simulator.RF_IO_GEN\[2\].REGS.AXIL_REGS.i_wdata\[31:0\]"  +all +trace_process
Verdi>fsdbDumpvars 0 "simulator.RF_IO_GEN\[2\].REGS.AXIL_REGS.i_wstrb\[3:0\]"  +all +trace_process
Verdi>fsdbDumpvars 0 "simulator.RF_IO_GEN\[2\].REGS.AXIL_REGS.w_wdatastrb\[31:0\]"  +all +trace_process
Verdi>fsdbDumpvars 0 "simulator.RF_IO_GEN\[2\].REGS.AXIL_REGS.i_bready"  +all +trace_process
Verdi>fsdbDumpvars 0 "simulator.RF_IO_GEN\[2\].REGS.AXIL_REGS.o_bvalid"  +all +trace_process
Verdi>fsdbDumpvars 0 "simulator.RF_IO_GEN\[2\].REGS.AXIL_REGS.o_bresp\[1:0\]"  +all +trace_process
Verdi>fsdbDumpvars 0 "simulator.RF_IO_GEN\[2\].REGS.AXIL_REGS.o_arready"  +all +trace_process
Verdi>fsdbDumpvars 0 "simulator.RF_IO_GEN\[2\].REGS.AXIL_REGS.i_arvalid"  +all +trace_process
Verdi>fsdbDumpvars 0 "simulator.RF_IO_GEN\[2\].REGS.AXIL_REGS.i_araddr\[8:0\]"  +all +trace_process
Verdi>fsdbDumpvars 0 "simulator.RF_IO_GEN\[2\].REGS.AXIL_REGS.w_arireg\[6:0\]"  +all +trace_process
Verdi>fsdbDumpvars 0 "simulator.RF_IO_GEN\[2\].REGS.AXIL_REGS.w_arls2b\[1:0\]"  +all +trace_process
Verdi>fsdbDumpvars 0 "simulator.RF_IO_GEN\[2\].REGS.AXIL_REGS.i_rready"  +all +trace_process
Verdi>fsdbDumpvars 0 "simulator.RF_IO_GEN\[2\].REGS.AXIL_REGS.o_rvalid"  +all +trace_process
Verdi>fsdbDumpvars 0 "simulator.RF_IO_GEN\[2\].REGS.AXIL_REGS.o_rdata\[31:0\]"  +all +trace_process
Verdi>fsdbDumpvars 0 "simulator.RF_IO_GEN\[2\].REGS.AXIL_REGS.o_rresp\[1:0\]"  +all +trace_process
Verdi>fsdbDumpvars 0 "simulator.DCRFLI.RF_GEN\[2\].RF.SEQ.i_clk"  +all +trace_process
Verdi>fsdbDumpvars 0 "simulator.DCRFLI.RF_GEN\[2\].RF.SEQ.i_rst"  +all +trace_process
Verdi>fsdbDumpvars 0 "simulator.DCRFLI.RF_GEN\[2\].RF.SEQ.w_propagate"  +all +trace_process
Verdi>fsdbDumpvars 0 "simulator.DCRFLI.RF_GEN\[2\].RF.SEQ.i_regs\[0:65\]\[31:0\]"  +all +trace_process
Verdi>fsdbDumpvars 0 "simulator.DCRFLI.RF_GEN\[2\].RF.SEQ.w_last0"  +all +trace_process
Verdi>fsdbDumpvars 0 "simulator.DCRFLI.RF_GEN\[2\].RF.SEQ.w_last0_ff1"  +all +trace_process
Verdi>fsdbDumpvars 0 "simulator.DCRFLI.RF_GEN\[2\].RF.SEQ.w_last0_ff2"  +all +trace_process
Verdi>fsdbDumpvars 0 "simulator.DCRFLI.RF_GEN\[2\].RF.SEQ.w_new_sequence"  +all +trace_process
Verdi>fsdbDumpvars 0 "simulator.DCRFLI.RF_GEN\[2\].RF.SEQ.r_sequence\[0:15\]\[114:0\]"  +all +trace_process
Verdi>fsdbDumpvars 0 "simulator.DCRFLI.RF_GEN\[2\].RF.SEQ.r_iters\[10:0\]"  +all +trace_process
Verdi>fsdbDumpvars 0 "simulator.DCRFLI.RF_GEN\[2\].RF.SEQ.r_iptr\[3:0\]"  +all +trace_process
Verdi>fsdbDumpvars 0 "simulator.DCRFLI.RF_GEN\[2\].RF.SEQ.w_insn_fetch\[114:0\]"  +all +trace_process
Verdi>fsdbDumpvars 0 "simulator.DCRFLI.RF_GEN\[2\].RF.SEQ.w_insn_bubble"  +all +trace_process
Verdi>fsdbDumpvars 0 "simulator.DCRFLI.RF_GEN\[2\].RF.SEQ.w_iptr_plus1\[3:0\]"  +all +trace_process
Verdi>fsdbDumpvars 0 "simulator.DCRFLI.RF_GEN\[2\].RF.SEQ.w_next_null"  +all +trace_process
Verdi>fsdbDumpvars 0 "simulator.DCRFLI.RF_GEN\[2\].RF.SEQ.o_empty"  +all +trace_process
Verdi>fsdbDumpvars 0 "simulator.DCRFLI.RF_GEN\[2\].RF.SEQ.i_next"  +all +trace_process
Verdi>fsdbDumpvars 0 "simulator.DCRFLI.RF_GEN\[2\].RF.SEQ.o_addr\[3:0\]"  +all +trace_process
Verdi>fsdbDumpvars 0 "simulator.DCRFLI.RF_GEN\[2\].RF.SEQ.o_insn\[114:0\]"  +all +trace_process
Verdi>fsdbDumpvars 0 "simulator.DCRFLI.RF_GEN\[2\].RF.SEQ.r_iptr_modify\[3:0\]"  +all +trace_process
Verdi>fsdbDumpvars 0 "simulator.DCRFLI.RF_GEN\[2\].RF.SEQ.i_insn_modified\[114:0\]"  +all +trace_process
Verdi>fsdbDumpvars 0 "simulator.DCRFLI.RF_GEN\[2\].RF.CORE.CORDIC_GEN\[0\].CORDIC.c\[15\]"  +all +trace_process
Verdi>fsdbDumpvars 0 "simulator.DCRFLI.RF_GEN\[2\].RF.CORE.CORDIC_GEN\[1\].CORDIC.c\[15\]"  +all +trace_process
Verdi>fsdbDumpvars 0 "simulator.DCRFLI.RF_GEN\[2\].RF.CORE.CORDIC_GEN\[2\].CORDIC.c\[15\]"  +all +trace_process
Verdi>fsdbDumpvars 0 "simulator.DCRFLI.RF_GEN\[2\].RF.CORE.CORDIC_GEN\[3\].CORDIC.c\[15\]"  +all +trace_process
Verdi>fsdbDumpvars 0 "simulator.DCRFLI.RF_GEN\[2\].RF.CORE.CORDIC_GEN\[4\].CORDIC.c\[15\]"  +all +trace_process
Verdi>fsdbDumpvars 0 "simulator.DCRFLI.RF_GEN\[2\].RF.CORE.CORDIC_GEN\[5\].CORDIC.c\[15\]"  +all +trace_process
Verdi>fsdbDumpvars 0 "simulator.DCRFLI.RF_GEN\[2\].RF.CORE.CORDIC_GEN\[6\].CORDIC.c\[15\]"  +all +trace_process
Verdi>fsdbDumpvars 0 "simulator.DCRFLI.RF_GEN\[2\].RF.CORE.CORDIC_GEN\[7\].CORDIC.c\[15\]"  +all +trace_process
Verdi>fsdbDumpvars 0 "simulator.DCRFLI.RF_GEN\[2\].RF.CORE.CORDIC_GEN\[0\].CORDIC.c\[14\]"  +all +trace_process
Verdi>fsdbDumpvars 0 "simulator.DCRFLI.RF_GEN\[2\].RF.CORE.CORDIC_GEN\[1\].CORDIC.c\[14\]"  +all +trace_process
Verdi>fsdbDumpvars 0 "simulator.DCRFLI.RF_GEN\[2\].RF.CORE.CORDIC_GEN\[2\].CORDIC.c\[14\]"  +all +trace_process
Verdi>fsdbDumpvars 0 "simulator.DCRFLI.RF_GEN\[2\].RF.CORE.CORDIC_GEN\[3\].CORDIC.c\[14\]"  +all +trace_process
Verdi>fsdbDumpvars 0 "simulator.DCRFLI.RF_GEN\[2\].RF.CORE.CORDIC_GEN\[4\].CORDIC.c\[14\]"  +all +trace_process
Verdi>fsdbDumpvars 0 "simulator.DCRFLI.RF_GEN\[2\].RF.CORE.CORDIC_GEN\[5\].CORDIC.c\[14\]"  +all +trace_process
Verdi>fsdbDumpvars 0 "simulator.DCRFLI.RF_GEN\[2\].RF.CORE.CORDIC_GEN\[6\].CORDIC.c\[14\]"  +all +trace_process
Verdi>fsdbDumpvars 0 "simulator.DCRFLI.RF_GEN\[2\].RF.CORE.CORDIC_GEN\[7\].CORDIC.c\[14\]"  +all +trace_process
Verdi>fsdbDumpvars 0 "simulator.DCRFLI.RF_GEN\[2\].RF.CORE.CORDIC_GEN\[0\].CORDIC.c\[13\]"  +all +trace_process
Verdi>fsdbDumpvars 0 "simulator.DCRFLI.RF_GEN\[2\].RF.CORE.CORDIC_GEN\[1\].CORDIC.c\[13\]"  +all +trace_process
Verdi>fsdbDumpvars 0 "simulator.DCRFLI.RF_GEN\[2\].RF.CORE.CORDIC_GEN\[2\].CORDIC.c\[13\]"  +all +trace_process
Verdi>fsdbDumpvars 0 "simulator.DCRFLI.RF_GEN\[2\].RF.CORE.CORDIC_GEN\[3\].CORDIC.c\[13\]"  +all +trace_process
Verdi>fsdbDumpvars 0 "simulator.DCRFLI.RF_GEN\[2\].RF.CORE.CORDIC_GEN\[4\].CORDIC.c\[13\]"  +all +trace_process
Verdi>fsdbDumpvars 0 "simulator.DCRFLI.RF_GEN\[2\].RF.CORE.CORDIC_GEN\[5\].CORDIC.c\[13\]"  +all +trace_process
Verdi>fsdbDumpvars 0 "simulator.DCRFLI.RF_GEN\[2\].RF.CORE.CORDIC_GEN\[6\].CORDIC.c\[13\]"  +all +trace_process
Verdi>fsdbDumpvars 0 "simulator.DCRFLI.RF_GEN\[2\].RF.CORE.CORDIC_GEN\[7\].CORDIC.c\[13\]"  +all +trace_process
Verdi>fsdbDumpvars 0 "simulator.DCRFLI.RF_GEN\[2\].RF.CORE.CORDIC_GEN\[0\].CORDIC.c\[12\]"  +all +trace_process
Verdi>fsdbDumpvars 0 "simulator.DCRFLI.RF_GEN\[2\].RF.CORE.CORDIC_GEN\[1\].CORDIC.c\[12\]"  +all +trace_process
Verdi>fsdbDumpvars 0 "simulator.DCRFLI.RF_GEN\[2\].RF.CORE.CORDIC_GEN\[2\].CORDIC.c\[12\]"  +all +trace_process
Verdi>fsdbDumpvars 0 "simulator.DCRFLI.RF_GEN\[2\].RF.CORE.CORDIC_GEN\[3\].CORDIC.c\[12\]"  +all +trace_process
Verdi>fsdbDumpvars 0 "simulator.DCRFLI.RF_GEN\[2\].RF.CORE.CORDIC_GEN\[4\].CORDIC.c\[12\]"  +all +trace_process
Verdi>fsdbDumpvars 0 "simulator.DCRFLI.RF_GEN\[2\].RF.CORE.CORDIC_GEN\[5\].CORDIC.c\[12\]"  +all +trace_process
Verdi>fsdbDumpvars 0 "simulator.DCRFLI.RF_GEN\[2\].RF.CORE.CORDIC_GEN\[6\].CORDIC.c\[12\]"  +all +trace_process
Verdi>fsdbDumpvars 0 "simulator.DCRFLI.RF_GEN\[2\].RF.CORE.CORDIC_GEN\[7\].CORDIC.c\[12\]"  +all +trace_process
Verdi>fsdbDumpvars 0 "simulator.DCRFLI.RF_GEN\[2\].RF.CORE.CORDIC_GEN\[0\].CORDIC.c\[11\]"  +all +trace_process
Verdi>fsdbDumpvars 0 "simulator.DCRFLI.RF_GEN\[2\].RF.CORE.CORDIC_GEN\[1\].CORDIC.c\[11\]"  +all +trace_process
Verdi>fsdbDumpvars 0 "simulator.DCRFLI.RF_GEN\[2\].RF.CORE.CORDIC_GEN\[2\].CORDIC.c\[11\]"  +all +trace_process
Verdi>fsdbDumpvars 0 "simulator.DCRFLI.RF_GEN\[2\].RF.CORE.CORDIC_GEN\[3\].CORDIC.c\[11\]"  +all +trace_process
Verdi>fsdbDumpvars 0 "simulator.DCRFLI.RF_GEN\[2\].RF.CORE.CORDIC_GEN\[4\].CORDIC.c\[11\]"  +all +trace_process
Verdi>fsdbDumpvars 0 "simulator.DCRFLI.RF_GEN\[2\].RF.CORE.CORDIC_GEN\[5\].CORDIC.c\[11\]"  +all +trace_process
Verdi>fsdbDumpvars 0 "simulator.DCRFLI.RF_GEN\[2\].RF.CORE.CORDIC_GEN\[6\].CORDIC.c\[11\]"  +all +trace_process
Verdi>fsdbDumpvars 0 "simulator.DCRFLI.RF_GEN\[2\].RF.CORE.CORDIC_GEN\[7\].CORDIC.c\[11\]"  +all +trace_process
Verdi>fsdbDumpvars 0 "simulator.DCRFLI.RF_GEN\[2\].RF.CORE.CORDIC_GEN\[0\].CORDIC.c\[10\]"  +all +trace_process
Verdi>fsdbDumpvars 0 "simulator.DCRFLI.RF_GEN\[2\].RF.CORE.CORDIC_GEN\[1\].CORDIC.c\[10\]"  +all +trace_process
Verdi>fsdbDumpvars 0 "simulator.DCRFLI.RF_GEN\[2\].RF.CORE.CORDIC_GEN\[2\].CORDIC.c\[10\]"  +all +trace_process
Verdi>fsdbDumpvars 0 "simulator.DCRFLI.RF_GEN\[2\].RF.CORE.CORDIC_GEN\[3\].CORDIC.c\[10\]"  +all +trace_process
Verdi>fsdbDumpvars 0 "simulator.DCRFLI.RF_GEN\[2\].RF.CORE.CORDIC_GEN\[4\].CORDIC.c\[10\]"  +all +trace_process
Verdi>fsdbDumpvars 0 "simulator.DCRFLI.RF_GEN\[2\].RF.CORE.CORDIC_GEN\[5\].CORDIC.c\[10\]"  +all +trace_process
Verdi>fsdbDumpvars 0 "simulator.DCRFLI.RF_GEN\[2\].RF.CORE.CORDIC_GEN\[6\].CORDIC.c\[10\]"  +all +trace_process
Verdi>fsdbDumpvars 0 "simulator.DCRFLI.RF_GEN\[2\].RF.CORE.CORDIC_GEN\[7\].CORDIC.c\[10\]"  +all +trace_process
Verdi>fsdbDumpvars 0 "simulator.DCRFLI.RF_GEN\[2\].RF.CORE.CORDIC_GEN\[0\].CORDIC.c\[9\]"  +all +trace_process
Verdi>fsdbDumpvars 0 "simulator.DCRFLI.RF_GEN\[2\].RF.CORE.CORDIC_GEN\[1\].CORDIC.c\[9\]"  +all +trace_process
Verdi>fsdbDumpvars 0 "simulator.DCRFLI.RF_GEN\[2\].RF.CORE.CORDIC_GEN\[2\].CORDIC.c\[9\]"  +all +trace_process
Verdi>fsdbDumpvars 0 "simulator.DCRFLI.RF_GEN\[2\].RF.CORE.CORDIC_GEN\[3\].CORDIC.c\[9\]"  +all +trace_process
Verdi>fsdbDumpvars 0 "simulator.DCRFLI.RF_GEN\[2\].RF.CORE.CORDIC_GEN\[4\].CORDIC.c\[9\]"  +all +trace_process
Verdi>fsdbDumpvars 0 "simulator.DCRFLI.RF_GEN\[2\].RF.CORE.CORDIC_GEN\[5\].CORDIC.c\[9\]"  +all +trace_process
Verdi>fsdbDumpvars 0 "simulator.DCRFLI.RF_GEN\[2\].RF.CORE.CORDIC_GEN\[6\].CORDIC.c\[9\]"  +all +trace_process
Verdi>fsdbDumpvars 0 "simulator.DCRFLI.RF_GEN\[2\].RF.CORE.CORDIC_GEN\[7\].CORDIC.c\[9\]"  +all +trace_process
Verdi>fsdbDumpvars 0 "simulator.DCRFLI.RF_GEN\[2\].RF.CORE.CORDIC_GEN\[0\].CORDIC.c\[8\]"  +all +trace_process
Verdi>fsdbDumpvars 0 "simulator.DCRFLI.RF_GEN\[2\].RF.CORE.CORDIC_GEN\[1\].CORDIC.c\[8\]"  +all +trace_process
Verdi>fsdbDumpvars 0 "simulator.DCRFLI.RF_GEN\[2\].RF.CORE.CORDIC_GEN\[2\].CORDIC.c\[8\]"  +all +trace_process
Verdi>fsdbDumpvars 0 "simulator.DCRFLI.RF_GEN\[2\].RF.CORE.CORDIC_GEN\[3\].CORDIC.c\[8\]"  +all +trace_process
Verdi>fsdbDumpvars 0 "simulator.DCRFLI.RF_GEN\[2\].RF.CORE.CORDIC_GEN\[4\].CORDIC.c\[8\]"  +all +trace_process
Verdi>fsdbDumpvars 0 "simulator.DCRFLI.RF_GEN\[2\].RF.CORE.CORDIC_GEN\[5\].CORDIC.c\[8\]"  +all +trace_process
Verdi>fsdbDumpvars 0 "simulator.DCRFLI.RF_GEN\[2\].RF.CORE.CORDIC_GEN\[6\].CORDIC.c\[8\]"  +all +trace_process
Verdi>fsdbDumpvars 0 "simulator.DCRFLI.RF_GEN\[2\].RF.CORE.CORDIC_GEN\[7\].CORDIC.c\[8\]"  +all +trace_process
Verdi>fsdbDumpvars 0 "simulator.DCRFLI.RF_GEN\[2\].RF.CORE.CORDIC_GEN\[0\].CORDIC.c\[7\]"  +all +trace_process
Verdi>fsdbDumpvars 0 "simulator.DCRFLI.RF_GEN\[2\].RF.CORE.CORDIC_GEN\[1\].CORDIC.c\[7\]"  +all +trace_process
Verdi>fsdbDumpvars 0 "simulator.DCRFLI.RF_GEN\[2\].RF.CORE.CORDIC_GEN\[2\].CORDIC.c\[7\]"  +all +trace_process
Verdi>fsdbDumpvars 0 "simulator.DCRFLI.RF_GEN\[2\].RF.CORE.CORDIC_GEN\[3\].CORDIC.c\[7\]"  +all +trace_process
Verdi>fsdbDumpvars 0 "simulator.DCRFLI.RF_GEN\[2\].RF.CORE.CORDIC_GEN\[4\].CORDIC.c\[7\]"  +all +trace_process
Verdi>fsdbDumpvars 0 "simulator.DCRFLI.RF_GEN\[2\].RF.CORE.CORDIC_GEN\[5\].CORDIC.c\[7\]"  +all +trace_process
Verdi>fsdbDumpvars 0 "simulator.DCRFLI.RF_GEN\[2\].RF.CORE.CORDIC_GEN\[6\].CORDIC.c\[7\]"  +all +trace_process
Verdi>fsdbDumpvars 0 "simulator.DCRFLI.RF_GEN\[2\].RF.CORE.CORDIC_GEN\[7\].CORDIC.c\[7\]"  +all +trace_process
Verdi>fsdbDumpvars 0 "simulator.DCRFLI.RF_GEN\[2\].RF.CORE.CORDIC_GEN\[0\].CORDIC.c\[6\]"  +all +trace_process
Verdi>fsdbDumpvars 0 "simulator.DCRFLI.RF_GEN\[2\].RF.CORE.CORDIC_GEN\[1\].CORDIC.c\[6\]"  +all +trace_process
Verdi>fsdbDumpvars 0 "simulator.DCRFLI.RF_GEN\[2\].RF.CORE.CORDIC_GEN\[2\].CORDIC.c\[6\]"  +all +trace_process
Verdi>fsdbDumpvars 0 "simulator.DCRFLI.RF_GEN\[2\].RF.CORE.CORDIC_GEN\[3\].CORDIC.c\[6\]"  +all +trace_process
Verdi>fsdbDumpvars 0 "simulator.DCRFLI.RF_GEN\[2\].RF.CORE.CORDIC_GEN\[4\].CORDIC.c\[6\]"  +all +trace_process
Verdi>fsdbDumpvars 0 "simulator.DCRFLI.RF_GEN\[2\].RF.CORE.CORDIC_GEN\[5\].CORDIC.c\[6\]"  +all +trace_process
Verdi>fsdbDumpvars 0 "simulator.DCRFLI.RF_GEN\[2\].RF.CORE.CORDIC_GEN\[6\].CORDIC.c\[6\]"  +all +trace_process
Verdi>fsdbDumpvars 0 "simulator.DCRFLI.RF_GEN\[2\].RF.CORE.CORDIC_GEN\[7\].CORDIC.c\[6\]"  +all +trace_process
Verdi>fsdbDumpvars 0 "simulator.DCRFLI.RF_GEN\[2\].RF.CORE.CORDIC_GEN\[0\].CORDIC.c\[5\]"  +all +trace_process
Verdi>fsdbDumpvars 0 "simulator.DCRFLI.RF_GEN\[2\].RF.CORE.CORDIC_GEN\[1\].CORDIC.c\[5\]"  +all +trace_process
Verdi>fsdbDumpvars 0 "simulator.DCRFLI.RF_GEN\[2\].RF.CORE.CORDIC_GEN\[2\].CORDIC.c\[5\]"  +all +trace_process
Verdi>fsdbDumpvars 0 "simulator.DCRFLI.RF_GEN\[2\].RF.CORE.CORDIC_GEN\[3\].CORDIC.c\[5\]"  +all +trace_process
Verdi>fsdbDumpvars 0 "simulator.DCRFLI.RF_GEN\[2\].RF.CORE.CORDIC_GEN\[4\].CORDIC.c\[5\]"  +all +trace_process
Verdi>fsdbDumpvars 0 "simulator.DCRFLI.RF_GEN\[2\].RF.CORE.CORDIC_GEN\[5\].CORDIC.c\[5\]"  +all +trace_process
Verdi>fsdbDumpvars 0 "simulator.DCRFLI.RF_GEN\[2\].RF.CORE.CORDIC_GEN\[6\].CORDIC.c\[5\]"  +all +trace_process
Verdi>fsdbDumpvars 0 "simulator.DCRFLI.RF_GEN\[2\].RF.CORE.CORDIC_GEN\[7\].CORDIC.c\[5\]"  +all +trace_process
Verdi>fsdbDumpvars 0 "simulator.DCRFLI.RF_GEN\[2\].RF.CORE.CORDIC_GEN\[0\].CORDIC.c\[4\]"  +all +trace_process
Verdi>fsdbDumpvars 0 "simulator.DCRFLI.RF_GEN\[2\].RF.CORE.CORDIC_GEN\[1\].CORDIC.c\[4\]"  +all +trace_process
Verdi>fsdbDumpvars 0 "simulator.DCRFLI.RF_GEN\[2\].RF.CORE.CORDIC_GEN\[2\].CORDIC.c\[4\]"  +all +trace_process
Verdi>fsdbDumpvars 0 "simulator.DCRFLI.RF_GEN\[2\].RF.CORE.CORDIC_GEN\[3\].CORDIC.c\[4\]"  +all +trace_process
Verdi>fsdbDumpvars 0 "simulator.DCRFLI.RF_GEN\[2\].RF.CORE.CORDIC_GEN\[4\].CORDIC.c\[4\]"  +all +trace_process
Verdi>fsdbDumpvars 0 "simulator.DCRFLI.RF_GEN\[2\].RF.CORE.CORDIC_GEN\[5\].CORDIC.c\[4\]"  +all +trace_process
Verdi>fsdbDumpvars 0 "simulator.DCRFLI.RF_GEN\[2\].RF.CORE.CORDIC_GEN\[6\].CORDIC.c\[4\]"  +all +trace_process
Verdi>fsdbDumpvars 0 "simulator.DCRFLI.RF_GEN\[2\].RF.CORE.CORDIC_GEN\[7\].CORDIC.c\[4\]"  +all +trace_process
Verdi>fsdbDumpvars 0 "simulator.DCRFLI.RF_GEN\[2\].RF.CORE.CORDIC_GEN\[0\].CORDIC.c\[3\]"  +all +trace_process
Verdi>fsdbDumpvars 0 "simulator.DCRFLI.RF_GEN\[2\].RF.CORE.CORDIC_GEN\[1\].CORDIC.c\[3\]"  +all +trace_process
Verdi>fsdbDumpvars 0 "simulator.DCRFLI.RF_GEN\[2\].RF.CORE.CORDIC_GEN\[2\].CORDIC.c\[3\]"  +all +trace_process
Verdi>fsdbDumpvars 0 "simulator.DCRFLI.RF_GEN\[2\].RF.CORE.CORDIC_GEN\[3\].CORDIC.c\[3\]"  +all +trace_process
Verdi>fsdbDumpvars 0 "simulator.DCRFLI.RF_GEN\[2\].RF.CORE.CORDIC_GEN\[4\].CORDIC.c\[3\]"  +all +trace_process
Verdi>fsdbDumpvars 0 "simulator.DCRFLI.RF_GEN\[2\].RF.CORE.CORDIC_GEN\[5\].CORDIC.c\[3\]"  +all +trace_process
Verdi>fsdbDumpvars 0 "simulator.DCRFLI.RF_GEN\[2\].RF.CORE.CORDIC_GEN\[6\].CORDIC.c\[3\]"  +all +trace_process
Verdi>fsdbDumpvars 0 "simulator.DCRFLI.RF_GEN\[2\].RF.CORE.CORDIC_GEN\[7\].CORDIC.c\[3\]"  +all +trace_process
Verdi>fsdbDumpvars 0 "simulator.DCRFLI.RF_GEN\[2\].RF.CORE.CORDIC_GEN\[0\].CORDIC.c\[2\]"  +all +trace_process
Verdi>fsdbDumpvars 0 "simulator.DCRFLI.RF_GEN\[2\].RF.CORE.CORDIC_GEN\[1\].CORDIC.c\[2\]"  +all +trace_process
Verdi>fsdbDumpvars 0 "simulator.DCRFLI.RF_GEN\[2\].RF.CORE.CORDIC_GEN\[2\].CORDIC.c\[2\]"  +all +trace_process
Verdi>fsdbDumpvars 0 "simulator.DCRFLI.RF_GEN\[2\].RF.CORE.CORDIC_GEN\[3\].CORDIC.c\[2\]"  +all +trace_process
Verdi>fsdbDumpvars 0 "simulator.DCRFLI.RF_GEN\[2\].RF.CORE.CORDIC_GEN\[4\].CORDIC.c\[2\]"  +all +trace_process
Verdi>fsdbDumpvars 0 "simulator.DCRFLI.RF_GEN\[2\].RF.CORE.CORDIC_GEN\[5\].CORDIC.c\[2\]"  +all +trace_process
Verdi>fsdbDumpvars 0 "simulator.DCRFLI.RF_GEN\[2\].RF.CORE.CORDIC_GEN\[6\].CORDIC.c\[2\]"  +all +trace_process
Verdi>fsdbDumpvars 0 "simulator.DCRFLI.RF_GEN\[2\].RF.CORE.CORDIC_GEN\[7\].CORDIC.c\[2\]"  +all +trace_process
Verdi>fsdbDumpvars 0 "simulator.DCRFLI.RF_GEN\[2\].RF.CORE.CORDIC_GEN\[0\].CORDIC.c\[1\]"  +all +trace_process
Verdi>fsdbDumpvars 0 "simulator.DCRFLI.RF_GEN\[2\].RF.CORE.CORDIC_GEN\[1\].CORDIC.c\[1\]"  +all +trace_process
Verdi>fsdbDumpvars 0 "simulator.DCRFLI.RF_GEN\[2\].RF.CORE.CORDIC_GEN\[2\].CORDIC.c\[1\]"  +all +trace_process
Verdi>fsdbDumpvars 0 "simulator.DCRFLI.RF_GEN\[2\].RF.CORE.CORDIC_GEN\[3\].CORDIC.c\[1\]"  +all +trace_process
Verdi>fsdbDumpvars 0 "simulator.DCRFLI.RF_GEN\[2\].RF.CORE.CORDIC_GEN\[4\].CORDIC.c\[1\]"  +all +trace_process
Verdi>fsdbDumpvars 0 "simulator.DCRFLI.RF_GEN\[2\].RF.CORE.CORDIC_GEN\[5\].CORDIC.c\[1\]"  +all +trace_process
Verdi>fsdbDumpvars 0 "simulator.DCRFLI.RF_GEN\[2\].RF.CORE.CORDIC_GEN\[6\].CORDIC.c\[1\]"  +all +trace_process
Verdi>fsdbDumpvars 0 "simulator.DCRFLI.RF_GEN\[2\].RF.CORE.CORDIC_GEN\[7\].CORDIC.c\[1\]"  +all +trace_process
Verdi>fsdbDumpvars 0 "simulator.DCRFLI.RF_GEN\[2\].RF.CORE.CORDIC_GEN\[0\].CORDIC.c\[0\]"  +all +trace_process
Verdi>fsdbDumpvars 0 "simulator.DCRFLI.RF_GEN\[2\].RF.CORE.CORDIC_GEN\[1\].CORDIC.c\[0\]"  +all +trace_process
Verdi>fsdbDumpvars 0 "simulator.DCRFLI.RF_GEN\[2\].RF.CORE.CORDIC_GEN\[2\].CORDIC.c\[0\]"  +all +trace_process
Verdi>fsdbDumpvars 0 "simulator.DCRFLI.RF_GEN\[2\].RF.CORE.CORDIC_GEN\[3\].CORDIC.c\[0\]"  +all +trace_process
Verdi>fsdbDumpvars 0 "simulator.DCRFLI.RF_GEN\[2\].RF.CORE.CORDIC_GEN\[4\].CORDIC.c\[0\]"  +all +trace_process
Verdi>fsdbDumpvars 0 "simulator.DCRFLI.RF_GEN\[2\].RF.CORE.CORDIC_GEN\[5\].CORDIC.c\[0\]"  +all +trace_process
Verdi>fsdbDumpvars 0 "simulator.DCRFLI.RF_GEN\[2\].RF.CORE.CORDIC_GEN\[6\].CORDIC.c\[0\]"  +all +trace_process
Verdi>fsdbDumpvars 0 "simulator.DCRFLI.RF_GEN\[2\].RF.CORE.CORDIC_GEN\[7\].CORDIC.c\[0\]"  +all +trace_process
Verdi>fsdbDumpvars 0 "simulator.DCRFLI.RF_GEN\[2\].RF.CORE.i_clk"  +all +trace_process
Verdi>fsdbDumpvars 0 "simulator.DCRFLI.RF_GEN\[2\].RF.CORE.i_rst"  +all +trace_process
Verdi>fsdbDumpvars 0 "simulator.DCRFLI.RF_GEN\[2\].RF.CORE.w_stall"  +all +trace_process
Verdi>fsdbDumpvars 0 "simulator.DCRFLI.RF_GEN\[2\].RF.CORE.d"  +all +trace_process
Verdi>fsdbDumpvars 0 "simulator.DCRFLI.RF_GEN\[2\].RF.CORE.i_empty"  +all +trace_process
Verdi>fsdbDumpvars 0 "simulator.DCRFLI.RF_GEN\[2\].RF.CORE.o_next"  +all +trace_process
Verdi>fsdbDumpvars 0 "simulator.DCRFLI.RF_GEN\[2\].RF.CORE.i_addr\[3:0\]"  +all +trace_process
Verdi>fsdbDumpvars 0 "simulator.DCRFLI.RF_GEN\[2\].RF.CORE.i_insn"  +all +trace_process
Verdi>fsdbDumpvars 0 "simulator.DCRFLI.RF_GEN\[2\].RF.CORE.o_insn_modified"  +all +trace_process
Verdi>fsdbDumpvars 0 "simulator.DCRFLI.RF_GEN\[2\].RF.CORE.p"  +all +trace_process
Verdi>fsdbDumpvars 0 "simulator.DCRFLI.RF_GEN\[2\].RF.CORE.w_new_phase"  +all +trace_process
Verdi>fsdbDumpvars 0 "simulator.DCRFLI.RF_GEN\[2\].RF.CORE.r"  +all +trace_process
Verdi>fsdbDumpvars 0 "simulator.DCRFLI.RF_GEN\[2\].RF.CORE.o_armed"  +all +trace_process
Verdi>fsdbDumpvars 0 "simulator.DCRFLI.RF_GEN\[2\].RF.CORE.i_start"  +all +trace_process
Verdi>fsdbDumpvars 0 "simulator.DCRFLI.RF_GEN\[2\].RF.CORE.o_addr\[3:0\]"  +all +trace_process
Verdi>fsdbDumpvars 0 "simulator.DCRFLI.RF_GEN\[2\].RF.CORE.o_sample_start\[19:0\]"  +all +trace_process
Verdi>fsdbDumpvars 0 "simulator.DCRFLI.RF_GEN\[2\].RF.CORE.o_sample_end\[19:0\]"  +all +trace_process
Verdi>fsdbDumpvars 0 "simulator.DCRFLI.RF_GEN\[2\].RF.CORE.o_QIx8\[255:0\]"  +all +trace_process
Verdi>fsdbDumpvars 0 "simulator.RF_IO_GEN\[2\].DAC.i_clk"  +all +trace_process
Verdi>fsdbDumpvars 0 "simulator.RF_IO_GEN\[2\].DAC.i_dac_clk"  +all +trace_process
Verdi>fsdbDumpvars 0 "simulator.RF_IO_GEN\[2\].DAC.dac_cycle"  +all +trace_process
Verdi>fsdbDumpvars 0 "simulator.RF_IO_GEN\[2\].DAC.i_QIx8\[255:0\]"  +all +trace_process
Verdi>fsdbDumpvars 0 "simulator.RF_IO_GEN\[2\].DAC.w_Ix8\[7:0\]\[13:0\]"  +all +trace_process
Verdi>fsdbDumpvars 0 "simulator.RF_IO_GEN\[2\].DAC.w_Qx8\[7:0\]\[13:0\]"  +all +trace_process
Verdi>fsdbDumpvars 0 "simulator.RF_IO_GEN\[2\].DAC.o_I\[13:0\]"  +all +trace_process
Verdi>fsdbDumpvars 0 "simulator.RF_IO_GEN\[2\].DAC.o_Q\[13:0\]"  +all +trace_process
Verdi>fsdbDumpvars 0 "simulator.RF_IO_GEN\[2\].DAC.I"  +all +trace_process
Verdi>fsdbDumpvars 0 "simulator.RF_IO_GEN\[2\].DAC.Q"  +all +trace_process
Verdi>fsdbDumpvars 0 "simulator.RF_IO_GEN\[2\].DAC.deg"  +all +trace_process
Verdi>fsdbDumpvars 0 "simulator.RF_IO_GEN\[2\].DAC.rad"  +all +trace_process
Verdi>fsdbDumpvars 0 "simulator.RF_IO_GEN\[2\].DAC.nco_i"  +all +trace_process
Verdi>fsdbDumpvars 0 "simulator.RF_IO_GEN\[2\].DAC.nco_q"  +all +trace_process
Verdi>fsdbDumpvars 0 "simulator.RF_IO_GEN\[2\].DAC.o_vrf"  +all +trace_process
Verdi>fsdbDumpvars 0 "simulator.RF_IO_GEN\[1\].REGS.AXIL_REGS.i_aclk"  +all +trace_process
Verdi>fsdbDumpvars 0 "simulator.RF_IO_GEN\[1\].REGS.AXIL_REGS.i_aresetn"  +all +trace_process
Verdi>fsdbDumpvars 0 "simulator.RF_IO_GEN\[1\].REGS.AXIL_REGS.r_regs\[0:65\]\[31:0\]"  +all +trace_process
Verdi>fsdbDumpvars 0 "simulator.RF_IO_GEN\[1\].REGS.AXIL_REGS.o_regs\[0:65\]\[31:0\]"  +all +trace_process
Verdi>fsdbDumpvars 0 "simulator.RF_IO_GEN\[1\].REGS.AXIL_REGS.o_awready"  +all +trace_process
Verdi>fsdbDumpvars 0 "simulator.RF_IO_GEN\[1\].REGS.AXIL_REGS.i_awvalid"  +all +trace_process
Verdi>fsdbDumpvars 0 "simulator.RF_IO_GEN\[1\].REGS.AXIL_REGS.i_awaddr\[8:0\]"  +all +trace_process
Verdi>fsdbDumpvars 0 "simulator.RF_IO_GEN\[1\].REGS.AXIL_REGS.w_awireg\[6:0\]"  +all +trace_process
Verdi>fsdbDumpvars 0 "simulator.RF_IO_GEN\[1\].REGS.AXIL_REGS.w_awls2b\[1:0\]"  +all +trace_process
Verdi>fsdbDumpvars 0 "simulator.RF_IO_GEN\[1\].REGS.AXIL_REGS.o_wready"  +all +trace_process
Verdi>fsdbDumpvars 0 "simulator.RF_IO_GEN\[1\].REGS.AXIL_REGS.i_wvalid"  +all +trace_process
Verdi>fsdbDumpvars 0 "simulator.RF_IO_GEN\[1\].REGS.AXIL_REGS.i_wdata\[31:0\]"  +all +trace_process
Verdi>fsdbDumpvars 0 "simulator.RF_IO_GEN\[1\].REGS.AXIL_REGS.i_wstrb\[3:0\]"  +all +trace_process
Verdi>fsdbDumpvars 0 "simulator.RF_IO_GEN\[1\].REGS.AXIL_REGS.w_wdatastrb\[31:0\]"  +all +trace_process
Verdi>fsdbDumpvars 0 "simulator.RF_IO_GEN\[1\].REGS.AXIL_REGS.i_bready"  +all +trace_process
Verdi>fsdbDumpvars 0 "simulator.RF_IO_GEN\[1\].REGS.AXIL_REGS.o_bvalid"  +all +trace_process
Verdi>fsdbDumpvars 0 "simulator.RF_IO_GEN\[1\].REGS.AXIL_REGS.o_bresp\[1:0\]"  +all +trace_process
Verdi>fsdbDumpvars 0 "simulator.RF_IO_GEN\[1\].REGS.AXIL_REGS.o_arready"  +all +trace_process
Verdi>fsdbDumpvars 0 "simulator.RF_IO_GEN\[1\].REGS.AXIL_REGS.i_arvalid"  +all +trace_process
Verdi>fsdbDumpvars 0 "simulator.RF_IO_GEN\[1\].REGS.AXIL_REGS.i_araddr\[8:0\]"  +all +trace_process
Verdi>fsdbDumpvars 0 "simulator.RF_IO_GEN\[1\].REGS.AXIL_REGS.w_arireg\[6:0\]"  +all +trace_process
Verdi>fsdbDumpvars 0 "simulator.RF_IO_GEN\[1\].REGS.AXIL_REGS.w_arls2b\[1:0\]"  +all +trace_process
Verdi>fsdbDumpvars 0 "simulator.RF_IO_GEN\[1\].REGS.AXIL_REGS.i_rready"  +all +trace_process
Verdi>fsdbDumpvars 0 "simulator.RF_IO_GEN\[1\].REGS.AXIL_REGS.o_rvalid"  +all +trace_process
Verdi>fsdbDumpvars 0 "simulator.RF_IO_GEN\[1\].REGS.AXIL_REGS.o_rdata\[31:0\]"  +all +trace_process
Verdi>fsdbDumpvars 0 "simulator.RF_IO_GEN\[1\].REGS.AXIL_REGS.o_rresp\[1:0\]"  +all +trace_process
Verdi>fsdbDumpvars 0 "simulator.DCRFLI.RF_GEN\[1\].RF.SEQ.i_clk"  +all +trace_process
Verdi>fsdbDumpvars 0 "simulator.DCRFLI.RF_GEN\[1\].RF.SEQ.i_rst"  +all +trace_process
Verdi>fsdbDumpvars 0 "simulator.DCRFLI.RF_GEN\[1\].RF.SEQ.w_propagate"  +all +trace_process
Verdi>fsdbDumpvars 0 "simulator.DCRFLI.RF_GEN\[1\].RF.SEQ.i_regs\[0:65\]\[31:0\]"  +all +trace_process
Verdi>fsdbDumpvars 0 "simulator.DCRFLI.RF_GEN\[1\].RF.SEQ.w_last0"  +all +trace_process
Verdi>fsdbDumpvars 0 "simulator.DCRFLI.RF_GEN\[1\].RF.SEQ.w_last0_ff1"  +all +trace_process
Verdi>fsdbDumpvars 0 "simulator.DCRFLI.RF_GEN\[1\].RF.SEQ.w_last0_ff2"  +all +trace_process
Verdi>fsdbDumpvars 0 "simulator.DCRFLI.RF_GEN\[1\].RF.SEQ.w_new_sequence"  +all +trace_process
Verdi>fsdbDumpvars 0 "simulator.DCRFLI.RF_GEN\[1\].RF.SEQ.r_sequence\[0:15\]\[114:0\]"  +all +trace_process
Verdi>fsdbDumpvars 0 "simulator.DCRFLI.RF_GEN\[1\].RF.SEQ.r_iters\[10:0\]"  +all +trace_process
Verdi>fsdbDumpvars 0 "simulator.DCRFLI.RF_GEN\[1\].RF.SEQ.r_iptr\[3:0\]"  +all +trace_process
Verdi>fsdbDumpvars 0 "simulator.DCRFLI.RF_GEN\[1\].RF.SEQ.w_insn_fetch\[114:0\]"  +all +trace_process
Verdi>fsdbDumpvars 0 "simulator.DCRFLI.RF_GEN\[1\].RF.SEQ.w_insn_bubble"  +all +trace_process
Verdi>fsdbDumpvars 0 "simulator.DCRFLI.RF_GEN\[1\].RF.SEQ.w_iptr_plus1\[3:0\]"  +all +trace_process
Verdi>fsdbDumpvars 0 "simulator.DCRFLI.RF_GEN\[1\].RF.SEQ.w_next_null"  +all +trace_process
Verdi>fsdbDumpvars 0 "simulator.DCRFLI.RF_GEN\[1\].RF.SEQ.o_empty"  +all +trace_process
Verdi>fsdbDumpvars 0 "simulator.DCRFLI.RF_GEN\[1\].RF.SEQ.i_next"  +all +trace_process
Verdi>fsdbDumpvars 0 "simulator.DCRFLI.RF_GEN\[1\].RF.SEQ.o_addr\[3:0\]"  +all +trace_process
Verdi>fsdbDumpvars 0 "simulator.DCRFLI.RF_GEN\[1\].RF.SEQ.o_insn\[114:0\]"  +all +trace_process
Verdi>fsdbDumpvars 0 "simulator.DCRFLI.RF_GEN\[1\].RF.SEQ.r_iptr_modify\[3:0\]"  +all +trace_process
Verdi>fsdbDumpvars 0 "simulator.DCRFLI.RF_GEN\[1\].RF.SEQ.i_insn_modified\[114:0\]"  +all +trace_process
Verdi>fsdbDumpvars 0 "simulator.DCRFLI.RF_GEN\[1\].RF.CORE.CORDIC_GEN\[0\].CORDIC.c\[15\]"  +all +trace_process
Verdi>fsdbDumpvars 0 "simulator.DCRFLI.RF_GEN\[1\].RF.CORE.CORDIC_GEN\[1\].CORDIC.c\[15\]"  +all +trace_process
Verdi>fsdbDumpvars 0 "simulator.DCRFLI.RF_GEN\[1\].RF.CORE.CORDIC_GEN\[2\].CORDIC.c\[15\]"  +all +trace_process
Verdi>fsdbDumpvars 0 "simulator.DCRFLI.RF_GEN\[1\].RF.CORE.CORDIC_GEN\[3\].CORDIC.c\[15\]"  +all +trace_process
Verdi>fsdbDumpvars 0 "simulator.DCRFLI.RF_GEN\[1\].RF.CORE.CORDIC_GEN\[4\].CORDIC.c\[15\]"  +all +trace_process
Verdi>fsdbDumpvars 0 "simulator.DCRFLI.RF_GEN\[1\].RF.CORE.CORDIC_GEN\[5\].CORDIC.c\[15\]"  +all +trace_process
Verdi>fsdbDumpvars 0 "simulator.DCRFLI.RF_GEN\[1\].RF.CORE.CORDIC_GEN\[6\].CORDIC.c\[15\]"  +all +trace_process
Verdi>fsdbDumpvars 0 "simulator.DCRFLI.RF_GEN\[1\].RF.CORE.CORDIC_GEN\[7\].CORDIC.c\[15\]"  +all +trace_process
Verdi>fsdbDumpvars 0 "simulator.DCRFLI.RF_GEN\[1\].RF.CORE.CORDIC_GEN\[0\].CORDIC.c\[14\]"  +all +trace_process
Verdi>fsdbDumpvars 0 "simulator.DCRFLI.RF_GEN\[1\].RF.CORE.CORDIC_GEN\[1\].CORDIC.c\[14\]"  +all +trace_process
Verdi>fsdbDumpvars 0 "simulator.DCRFLI.RF_GEN\[1\].RF.CORE.CORDIC_GEN\[2\].CORDIC.c\[14\]"  +all +trace_process
Verdi>fsdbDumpvars 0 "simulator.DCRFLI.RF_GEN\[1\].RF.CORE.CORDIC_GEN\[3\].CORDIC.c\[14\]"  +all +trace_process
Verdi>fsdbDumpvars 0 "simulator.DCRFLI.RF_GEN\[1\].RF.CORE.CORDIC_GEN\[4\].CORDIC.c\[14\]"  +all +trace_process
Verdi>fsdbDumpvars 0 "simulator.DCRFLI.RF_GEN\[1\].RF.CORE.CORDIC_GEN\[5\].CORDIC.c\[14\]"  +all +trace_process
Verdi>fsdbDumpvars 0 "simulator.DCRFLI.RF_GEN\[1\].RF.CORE.CORDIC_GEN\[6\].CORDIC.c\[14\]"  +all +trace_process
Verdi>fsdbDumpvars 0 "simulator.DCRFLI.RF_GEN\[1\].RF.CORE.CORDIC_GEN\[7\].CORDIC.c\[14\]"  +all +trace_process
Verdi>fsdbDumpvars 0 "simulator.DCRFLI.RF_GEN\[1\].RF.CORE.CORDIC_GEN\[0\].CORDIC.c\[13\]"  +all +trace_process
Verdi>fsdbDumpvars 0 "simulator.DCRFLI.RF_GEN\[1\].RF.CORE.CORDIC_GEN\[1\].CORDIC.c\[13\]"  +all +trace_process
Verdi>fsdbDumpvars 0 "simulator.DCRFLI.RF_GEN\[1\].RF.CORE.CORDIC_GEN\[2\].CORDIC.c\[13\]"  +all +trace_process
Verdi>fsdbDumpvars 0 "simulator.DCRFLI.RF_GEN\[1\].RF.CORE.CORDIC_GEN\[3\].CORDIC.c\[13\]"  +all +trace_process
Verdi>fsdbDumpvars 0 "simulator.DCRFLI.RF_GEN\[1\].RF.CORE.CORDIC_GEN\[4\].CORDIC.c\[13\]"  +all +trace_process
Verdi>fsdbDumpvars 0 "simulator.DCRFLI.RF_GEN\[1\].RF.CORE.CORDIC_GEN\[5\].CORDIC.c\[13\]"  +all +trace_process
Verdi>fsdbDumpvars 0 "simulator.DCRFLI.RF_GEN\[1\].RF.CORE.CORDIC_GEN\[6\].CORDIC.c\[13\]"  +all +trace_process
Verdi>fsdbDumpvars 0 "simulator.DCRFLI.RF_GEN\[1\].RF.CORE.CORDIC_GEN\[7\].CORDIC.c\[13\]"  +all +trace_process
Verdi>fsdbDumpvars 0 "simulator.DCRFLI.RF_GEN\[1\].RF.CORE.CORDIC_GEN\[0\].CORDIC.c\[12\]"  +all +trace_process
Verdi>fsdbDumpvars 0 "simulator.DCRFLI.RF_GEN\[1\].RF.CORE.CORDIC_GEN\[1\].CORDIC.c\[12\]"  +all +trace_process
Verdi>fsdbDumpvars 0 "simulator.DCRFLI.RF_GEN\[1\].RF.CORE.CORDIC_GEN\[2\].CORDIC.c\[12\]"  +all +trace_process
Verdi>fsdbDumpvars 0 "simulator.DCRFLI.RF_GEN\[1\].RF.CORE.CORDIC_GEN\[3\].CORDIC.c\[12\]"  +all +trace_process
Verdi>fsdbDumpvars 0 "simulator.DCRFLI.RF_GEN\[1\].RF.CORE.CORDIC_GEN\[4\].CORDIC.c\[12\]"  +all +trace_process
Verdi>fsdbDumpvars 0 "simulator.DCRFLI.RF_GEN\[1\].RF.CORE.CORDIC_GEN\[5\].CORDIC.c\[12\]"  +all +trace_process
Verdi>fsdbDumpvars 0 "simulator.DCRFLI.RF_GEN\[1\].RF.CORE.CORDIC_GEN\[6\].CORDIC.c\[12\]"  +all +trace_process
Verdi>fsdbDumpvars 0 "simulator.DCRFLI.RF_GEN\[1\].RF.CORE.CORDIC_GEN\[7\].CORDIC.c\[12\]"  +all +trace_process
Verdi>fsdbDumpvars 0 "simulator.DCRFLI.RF_GEN\[1\].RF.CORE.CORDIC_GEN\[0\].CORDIC.c\[11\]"  +all +trace_process
Verdi>fsdbDumpvars 0 "simulator.DCRFLI.RF_GEN\[1\].RF.CORE.CORDIC_GEN\[1\].CORDIC.c\[11\]"  +all +trace_process
Verdi>fsdbDumpvars 0 "simulator.DCRFLI.RF_GEN\[1\].RF.CORE.CORDIC_GEN\[2\].CORDIC.c\[11\]"  +all +trace_process
Verdi>fsdbDumpvars 0 "simulator.DCRFLI.RF_GEN\[1\].RF.CORE.CORDIC_GEN\[3\].CORDIC.c\[11\]"  +all +trace_process
Verdi>fsdbDumpvars 0 "simulator.DCRFLI.RF_GEN\[1\].RF.CORE.CORDIC_GEN\[4\].CORDIC.c\[11\]"  +all +trace_process
Verdi>fsdbDumpvars 0 "simulator.DCRFLI.RF_GEN\[1\].RF.CORE.CORDIC_GEN\[5\].CORDIC.c\[11\]"  +all +trace_process
Verdi>fsdbDumpvars 0 "simulator.DCRFLI.RF_GEN\[1\].RF.CORE.CORDIC_GEN\[6\].CORDIC.c\[11\]"  +all +trace_process
Verdi>fsdbDumpvars 0 "simulator.DCRFLI.RF_GEN\[1\].RF.CORE.CORDIC_GEN\[7\].CORDIC.c\[11\]"  +all +trace_process
Verdi>fsdbDumpvars 0 "simulator.DCRFLI.RF_GEN\[1\].RF.CORE.CORDIC_GEN\[0\].CORDIC.c\[10\]"  +all +trace_process
Verdi>fsdbDumpvars 0 "simulator.DCRFLI.RF_GEN\[1\].RF.CORE.CORDIC_GEN\[1\].CORDIC.c\[10\]"  +all +trace_process
Verdi>fsdbDumpvars 0 "simulator.DCRFLI.RF_GEN\[1\].RF.CORE.CORDIC_GEN\[2\].CORDIC.c\[10\]"  +all +trace_process
Verdi>fsdbDumpvars 0 "simulator.DCRFLI.RF_GEN\[1\].RF.CORE.CORDIC_GEN\[3\].CORDIC.c\[10\]"  +all +trace_process
Verdi>fsdbDumpvars 0 "simulator.DCRFLI.RF_GEN\[1\].RF.CORE.CORDIC_GEN\[4\].CORDIC.c\[10\]"  +all +trace_process
Verdi>fsdbDumpvars 0 "simulator.DCRFLI.RF_GEN\[1\].RF.CORE.CORDIC_GEN\[5\].CORDIC.c\[10\]"  +all +trace_process
Verdi>fsdbDumpvars 0 "simulator.DCRFLI.RF_GEN\[1\].RF.CORE.CORDIC_GEN\[6\].CORDIC.c\[10\]"  +all +trace_process
Verdi>fsdbDumpvars 0 "simulator.DCRFLI.RF_GEN\[1\].RF.CORE.CORDIC_GEN\[7\].CORDIC.c\[10\]"  +all +trace_process
Verdi>fsdbDumpvars 0 "simulator.DCRFLI.RF_GEN\[1\].RF.CORE.CORDIC_GEN\[0\].CORDIC.c\[9\]"  +all +trace_process
Verdi>fsdbDumpvars 0 "simulator.DCRFLI.RF_GEN\[1\].RF.CORE.CORDIC_GEN\[1\].CORDIC.c\[9\]"  +all +trace_process
Verdi>fsdbDumpvars 0 "simulator.DCRFLI.RF_GEN\[1\].RF.CORE.CORDIC_GEN\[2\].CORDIC.c\[9\]"  +all +trace_process
Verdi>fsdbDumpvars 0 "simulator.DCRFLI.RF_GEN\[1\].RF.CORE.CORDIC_GEN\[3\].CORDIC.c\[9\]"  +all +trace_process
Verdi>fsdbDumpvars 0 "simulator.DCRFLI.RF_GEN\[1\].RF.CORE.CORDIC_GEN\[4\].CORDIC.c\[9\]"  +all +trace_process
Verdi>fsdbDumpvars 0 "simulator.DCRFLI.RF_GEN\[1\].RF.CORE.CORDIC_GEN\[5\].CORDIC.c\[9\]"  +all +trace_process
Verdi>fsdbDumpvars 0 "simulator.DCRFLI.RF_GEN\[1\].RF.CORE.CORDIC_GEN\[6\].CORDIC.c\[9\]"  +all +trace_process
Verdi>fsdbDumpvars 0 "simulator.DCRFLI.RF_GEN\[1\].RF.CORE.CORDIC_GEN\[7\].CORDIC.c\[9\]"  +all +trace_process
Verdi>fsdbDumpvars 0 "simulator.DCRFLI.RF_GEN\[1\].RF.CORE.CORDIC_GEN\[0\].CORDIC.c\[8\]"  +all +trace_process
Verdi>fsdbDumpvars 0 "simulator.DCRFLI.RF_GEN\[1\].RF.CORE.CORDIC_GEN\[1\].CORDIC.c\[8\]"  +all +trace_process
Verdi>fsdbDumpvars 0 "simulator.DCRFLI.RF_GEN\[1\].RF.CORE.CORDIC_GEN\[2\].CORDIC.c\[8\]"  +all +trace_process
Verdi>fsdbDumpvars 0 "simulator.DCRFLI.RF_GEN\[1\].RF.CORE.CORDIC_GEN\[3\].CORDIC.c\[8\]"  +all +trace_process
Verdi>fsdbDumpvars 0 "simulator.DCRFLI.RF_GEN\[1\].RF.CORE.CORDIC_GEN\[4\].CORDIC.c\[8\]"  +all +trace_process
Verdi>fsdbDumpvars 0 "simulator.DCRFLI.RF_GEN\[1\].RF.CORE.CORDIC_GEN\[5\].CORDIC.c\[8\]"  +all +trace_process
Verdi>fsdbDumpvars 0 "simulator.DCRFLI.RF_GEN\[1\].RF.CORE.CORDIC_GEN\[6\].CORDIC.c\[8\]"  +all +trace_process
Verdi>fsdbDumpvars 0 "simulator.DCRFLI.RF_GEN\[1\].RF.CORE.CORDIC_GEN\[7\].CORDIC.c\[8\]"  +all +trace_process
Verdi>fsdbDumpvars 0 "simulator.DCRFLI.RF_GEN\[1\].RF.CORE.CORDIC_GEN\[0\].CORDIC.c\[7\]"  +all +trace_process
Verdi>fsdbDumpvars 0 "simulator.DCRFLI.RF_GEN\[1\].RF.CORE.CORDIC_GEN\[1\].CORDIC.c\[7\]"  +all +trace_process
Verdi>fsdbDumpvars 0 "simulator.DCRFLI.RF_GEN\[1\].RF.CORE.CORDIC_GEN\[2\].CORDIC.c\[7\]"  +all +trace_process
Verdi>fsdbDumpvars 0 "simulator.DCRFLI.RF_GEN\[1\].RF.CORE.CORDIC_GEN\[3\].CORDIC.c\[7\]"  +all +trace_process
Verdi>fsdbDumpvars 0 "simulator.DCRFLI.RF_GEN\[1\].RF.CORE.CORDIC_GEN\[4\].CORDIC.c\[7\]"  +all +trace_process
Verdi>fsdbDumpvars 0 "simulator.DCRFLI.RF_GEN\[1\].RF.CORE.CORDIC_GEN\[5\].CORDIC.c\[7\]"  +all +trace_process
Verdi>fsdbDumpvars 0 "simulator.DCRFLI.RF_GEN\[1\].RF.CORE.CORDIC_GEN\[6\].CORDIC.c\[7\]"  +all +trace_process
Verdi>fsdbDumpvars 0 "simulator.DCRFLI.RF_GEN\[1\].RF.CORE.CORDIC_GEN\[7\].CORDIC.c\[7\]"  +all +trace_process
Verdi>fsdbDumpvars 0 "simulator.DCRFLI.RF_GEN\[1\].RF.CORE.CORDIC_GEN\[0\].CORDIC.c\[6\]"  +all +trace_process
Verdi>fsdbDumpvars 0 "simulator.DCRFLI.RF_GEN\[1\].RF.CORE.CORDIC_GEN\[1\].CORDIC.c\[6\]"  +all +trace_process
Verdi>fsdbDumpvars 0 "simulator.DCRFLI.RF_GEN\[1\].RF.CORE.CORDIC_GEN\[2\].CORDIC.c\[6\]"  +all +trace_process
Verdi>fsdbDumpvars 0 "simulator.DCRFLI.RF_GEN\[1\].RF.CORE.CORDIC_GEN\[3\].CORDIC.c\[6\]"  +all +trace_process
Verdi>fsdbDumpvars 0 "simulator.DCRFLI.RF_GEN\[1\].RF.CORE.CORDIC_GEN\[4\].CORDIC.c\[6\]"  +all +trace_process
Verdi>fsdbDumpvars 0 "simulator.DCRFLI.RF_GEN\[1\].RF.CORE.CORDIC_GEN\[5\].CORDIC.c\[6\]"  +all +trace_process
Verdi>fsdbDumpvars 0 "simulator.DCRFLI.RF_GEN\[1\].RF.CORE.CORDIC_GEN\[6\].CORDIC.c\[6\]"  +all +trace_process
Verdi>fsdbDumpvars 0 "simulator.DCRFLI.RF_GEN\[1\].RF.CORE.CORDIC_GEN\[7\].CORDIC.c\[6\]"  +all +trace_process
Verdi>fsdbDumpvars 0 "simulator.DCRFLI.RF_GEN\[1\].RF.CORE.CORDIC_GEN\[0\].CORDIC.c\[5\]"  +all +trace_process
Verdi>fsdbDumpvars 0 "simulator.DCRFLI.RF_GEN\[1\].RF.CORE.CORDIC_GEN\[1\].CORDIC.c\[5\]"  +all +trace_process
Verdi>fsdbDumpvars 0 "simulator.DCRFLI.RF_GEN\[1\].RF.CORE.CORDIC_GEN\[2\].CORDIC.c\[5\]"  +all +trace_process
Verdi>fsdbDumpvars 0 "simulator.DCRFLI.RF_GEN\[1\].RF.CORE.CORDIC_GEN\[3\].CORDIC.c\[5\]"  +all +trace_process
Verdi>fsdbDumpvars 0 "simulator.DCRFLI.RF_GEN\[1\].RF.CORE.CORDIC_GEN\[4\].CORDIC.c\[5\]"  +all +trace_process
Verdi>fsdbDumpvars 0 "simulator.DCRFLI.RF_GEN\[1\].RF.CORE.CORDIC_GEN\[5\].CORDIC.c\[5\]"  +all +trace_process
Verdi>fsdbDumpvars 0 "simulator.DCRFLI.RF_GEN\[1\].RF.CORE.CORDIC_GEN\[6\].CORDIC.c\[5\]"  +all +trace_process
Verdi>fsdbDumpvars 0 "simulator.DCRFLI.RF_GEN\[1\].RF.CORE.CORDIC_GEN\[7\].CORDIC.c\[5\]"  +all +trace_process
Verdi>fsdbDumpvars 0 "simulator.DCRFLI.RF_GEN\[1\].RF.CORE.CORDIC_GEN\[0\].CORDIC.c\[4\]"  +all +trace_process
Verdi>fsdbDumpvars 0 "simulator.DCRFLI.RF_GEN\[1\].RF.CORE.CORDIC_GEN\[1\].CORDIC.c\[4\]"  +all +trace_process
Verdi>fsdbDumpvars 0 "simulator.DCRFLI.RF_GEN\[1\].RF.CORE.CORDIC_GEN\[2\].CORDIC.c\[4\]"  +all +trace_process
Verdi>fsdbDumpvars 0 "simulator.DCRFLI.RF_GEN\[1\].RF.CORE.CORDIC_GEN\[3\].CORDIC.c\[4\]"  +all +trace_process
Verdi>fsdbDumpvars 0 "simulator.DCRFLI.RF_GEN\[1\].RF.CORE.CORDIC_GEN\[4\].CORDIC.c\[4\]"  +all +trace_process
Verdi>fsdbDumpvars 0 "simulator.DCRFLI.RF_GEN\[1\].RF.CORE.CORDIC_GEN\[5\].CORDIC.c\[4\]"  +all +trace_process
Verdi>fsdbDumpvars 0 "simulator.DCRFLI.RF_GEN\[1\].RF.CORE.CORDIC_GEN\[6\].CORDIC.c\[4\]"  +all +trace_process
Verdi>fsdbDumpvars 0 "simulator.DCRFLI.RF_GEN\[1\].RF.CORE.CORDIC_GEN\[7\].CORDIC.c\[4\]"  +all +trace_process
Verdi>fsdbDumpvars 0 "simulator.DCRFLI.RF_GEN\[1\].RF.CORE.CORDIC_GEN\[0\].CORDIC.c\[3\]"  +all +trace_process
Verdi>fsdbDumpvars 0 "simulator.DCRFLI.RF_GEN\[1\].RF.CORE.CORDIC_GEN\[1\].CORDIC.c\[3\]"  +all +trace_process
Verdi>fsdbDumpvars 0 "simulator.DCRFLI.RF_GEN\[1\].RF.CORE.CORDIC_GEN\[2\].CORDIC.c\[3\]"  +all +trace_process
Verdi>fsdbDumpvars 0 "simulator.DCRFLI.RF_GEN\[1\].RF.CORE.CORDIC_GEN\[3\].CORDIC.c\[3\]"  +all +trace_process
Verdi>fsdbDumpvars 0 "simulator.DCRFLI.RF_GEN\[1\].RF.CORE.CORDIC_GEN\[4\].CORDIC.c\[3\]"  +all +trace_process
Verdi>fsdbDumpvars 0 "simulator.DCRFLI.RF_GEN\[1\].RF.CORE.CORDIC_GEN\[5\].CORDIC.c\[3\]"  +all +trace_process
Verdi>fsdbDumpvars 0 "simulator.DCRFLI.RF_GEN\[1\].RF.CORE.CORDIC_GEN\[6\].CORDIC.c\[3\]"  +all +trace_process
Verdi>fsdbDumpvars 0 "simulator.DCRFLI.RF_GEN\[1\].RF.CORE.CORDIC_GEN\[7\].CORDIC.c\[3\]"  +all +trace_process
Verdi>fsdbDumpvars 0 "simulator.DCRFLI.RF_GEN\[1\].RF.CORE.CORDIC_GEN\[0\].CORDIC.c\[2\]"  +all +trace_process
Verdi>fsdbDumpvars 0 "simulator.DCRFLI.RF_GEN\[1\].RF.CORE.CORDIC_GEN\[1\].CORDIC.c\[2\]"  +all +trace_process
Verdi>fsdbDumpvars 0 "simulator.DCRFLI.RF_GEN\[1\].RF.CORE.CORDIC_GEN\[2\].CORDIC.c\[2\]"  +all +trace_process
Verdi>fsdbDumpvars 0 "simulator.DCRFLI.RF_GEN\[1\].RF.CORE.CORDIC_GEN\[3\].CORDIC.c\[2\]"  +all +trace_process
Verdi>fsdbDumpvars 0 "simulator.DCRFLI.RF_GEN\[1\].RF.CORE.CORDIC_GEN\[4\].CORDIC.c\[2\]"  +all +trace_process
Verdi>fsdbDumpvars 0 "simulator.DCRFLI.RF_GEN\[1\].RF.CORE.CORDIC_GEN\[5\].CORDIC.c\[2\]"  +all +trace_process
Verdi>fsdbDumpvars 0 "simulator.DCRFLI.RF_GEN\[1\].RF.CORE.CORDIC_GEN\[6\].CORDIC.c\[2\]"  +all +trace_process
Verdi>fsdbDumpvars 0 "simulator.DCRFLI.RF_GEN\[1\].RF.CORE.CORDIC_GEN\[7\].CORDIC.c\[2\]"  +all +trace_process
Verdi>fsdbDumpvars 0 "simulator.DCRFLI.RF_GEN\[1\].RF.CORE.CORDIC_GEN\[0\].CORDIC.c\[1\]"  +all +trace_process
Verdi>fsdbDumpvars 0 "simulator.DCRFLI.RF_GEN\[1\].RF.CORE.CORDIC_GEN\[1\].CORDIC.c\[1\]"  +all +trace_process
Verdi>fsdbDumpvars 0 "simulator.DCRFLI.RF_GEN\[1\].RF.CORE.CORDIC_GEN\[2\].CORDIC.c\[1\]"  +all +trace_process
Verdi>fsdbDumpvars 0 "simulator.DCRFLI.RF_GEN\[1\].RF.CORE.CORDIC_GEN\[3\].CORDIC.c\[1\]"  +all +trace_process
Verdi>fsdbDumpvars 0 "simulator.DCRFLI.RF_GEN\[1\].RF.CORE.CORDIC_GEN\[4\].CORDIC.c\[1\]"  +all +trace_process
Verdi>fsdbDumpvars 0 "simulator.DCRFLI.RF_GEN\[1\].RF.CORE.CORDIC_GEN\[5\].CORDIC.c\[1\]"  +all +trace_process
Verdi>fsdbDumpvars 0 "simulator.DCRFLI.RF_GEN\[1\].RF.CORE.CORDIC_GEN\[6\].CORDIC.c\[1\]"  +all +trace_process
Verdi>fsdbDumpvars 0 "simulator.DCRFLI.RF_GEN\[1\].RF.CORE.CORDIC_GEN\[7\].CORDIC.c\[1\]"  +all +trace_process
Verdi>fsdbDumpvars 0 "simulator.DCRFLI.RF_GEN\[1\].RF.CORE.CORDIC_GEN\[0\].CORDIC.c\[0\]"  +all +trace_process
Verdi>fsdbDumpvars 0 "simulator.DCRFLI.RF_GEN\[1\].RF.CORE.CORDIC_GEN\[1\].CORDIC.c\[0\]"  +all +trace_process
Verdi>fsdbDumpvars 0 "simulator.DCRFLI.RF_GEN\[1\].RF.CORE.CORDIC_GEN\[2\].CORDIC.c\[0\]"  +all +trace_process
Verdi>fsdbDumpvars 0 "simulator.DCRFLI.RF_GEN\[1\].RF.CORE.CORDIC_GEN\[3\].CORDIC.c\[0\]"  +all +trace_process
Verdi>fsdbDumpvars 0 "simulator.DCRFLI.RF_GEN\[1\].RF.CORE.CORDIC_GEN\[4\].CORDIC.c\[0\]"  +all +trace_process
Verdi>fsdbDumpvars 0 "simulator.DCRFLI.RF_GEN\[1\].RF.CORE.CORDIC_GEN\[5\].CORDIC.c\[0\]"  +all +trace_process
Verdi>fsdbDumpvars 0 "simulator.DCRFLI.RF_GEN\[1\].RF.CORE.CORDIC_GEN\[6\].CORDIC.c\[0\]"  +all +trace_process
Verdi>fsdbDumpvars 0 "simulator.DCRFLI.RF_GEN\[1\].RF.CORE.CORDIC_GEN\[7\].CORDIC.c\[0\]"  +all +trace_process
Verdi>fsdbDumpvars 0 "simulator.DCRFLI.RF_GEN\[1\].RF.CORE.i_clk"  +all +trace_process
Verdi>fsdbDumpvars 0 "simulator.DCRFLI.RF_GEN\[1\].RF.CORE.i_rst"  +all +trace_process
Verdi>fsdbDumpvars 0 "simulator.DCRFLI.RF_GEN\[1\].RF.CORE.w_stall"  +all +trace_process
Verdi>fsdbDumpvars 0 "simulator.DCRFLI.RF_GEN\[1\].RF.CORE.d"  +all +trace_process
Verdi>fsdbDumpvars 0 "simulator.DCRFLI.RF_GEN\[1\].RF.CORE.i_empty"  +all +trace_process
Verdi>fsdbDumpvars 0 "simulator.DCRFLI.RF_GEN\[1\].RF.CORE.o_next"  +all +trace_process
Verdi>fsdbDumpvars 0 "simulator.DCRFLI.RF_GEN\[1\].RF.CORE.i_addr\[3:0\]"  +all +trace_process
Verdi>fsdbDumpvars 0 "simulator.DCRFLI.RF_GEN\[1\].RF.CORE.i_insn"  +all +trace_process
Verdi>fsdbDumpvars 0 "simulator.DCRFLI.RF_GEN\[1\].RF.CORE.o_insn_modified"  +all +trace_process
Verdi>fsdbDumpvars 0 "simulator.DCRFLI.RF_GEN\[1\].RF.CORE.p"  +all +trace_process
Verdi>fsdbDumpvars 0 "simulator.DCRFLI.RF_GEN\[1\].RF.CORE.w_new_phase"  +all +trace_process
Verdi>fsdbDumpvars 0 "simulator.DCRFLI.RF_GEN\[1\].RF.CORE.r"  +all +trace_process
Verdi>fsdbDumpvars 0 "simulator.DCRFLI.RF_GEN\[1\].RF.CORE.o_armed"  +all +trace_process
Verdi>fsdbDumpvars 0 "simulator.DCRFLI.RF_GEN\[1\].RF.CORE.i_start"  +all +trace_process
Verdi>fsdbDumpvars 0 "simulator.DCRFLI.RF_GEN\[1\].RF.CORE.o_addr\[3:0\]"  +all +trace_process
Verdi>fsdbDumpvars 0 "simulator.DCRFLI.RF_GEN\[1\].RF.CORE.o_sample_start\[19:0\]"  +all +trace_process
Verdi>fsdbDumpvars 0 "simulator.DCRFLI.RF_GEN\[1\].RF.CORE.o_sample_end\[19:0\]"  +all +trace_process
Verdi>fsdbDumpvars 0 "simulator.DCRFLI.RF_GEN\[1\].RF.CORE.o_QIx8\[255:0\]"  +all +trace_process
Verdi>fsdbDumpvars 0 "simulator.RF_IO_GEN\[1\].DAC.i_clk"  +all +trace_process
Verdi>fsdbDumpvars 0 "simulator.RF_IO_GEN\[1\].DAC.i_dac_clk"  +all +trace_process
Verdi>fsdbDumpvars 0 "simulator.RF_IO_GEN\[1\].DAC.dac_cycle"  +all +trace_process
Verdi>fsdbDumpvars 0 "simulator.RF_IO_GEN\[1\].DAC.i_QIx8\[255:0\]"  +all +trace_process
Verdi>fsdbDumpvars 0 "simulator.RF_IO_GEN\[1\].DAC.w_Ix8\[7:0\]\[13:0\]"  +all +trace_process
Verdi>fsdbDumpvars 0 "simulator.RF_IO_GEN\[1\].DAC.w_Qx8\[7:0\]\[13:0\]"  +all +trace_process
Verdi>fsdbDumpvars 0 "simulator.RF_IO_GEN\[1\].DAC.o_I\[13:0\]"  +all +trace_process
Verdi>fsdbDumpvars 0 "simulator.RF_IO_GEN\[1\].DAC.o_Q\[13:0\]"  +all +trace_process
Verdi>fsdbDumpvars 0 "simulator.RF_IO_GEN\[1\].DAC.I"  +all +trace_process
Verdi>fsdbDumpvars 0 "simulator.RF_IO_GEN\[1\].DAC.Q"  +all +trace_process
Verdi>fsdbDumpvars 0 "simulator.RF_IO_GEN\[1\].DAC.deg"  +all +trace_process
Verdi>fsdbDumpvars 0 "simulator.RF_IO_GEN\[1\].DAC.rad"  +all +trace_process
Verdi>fsdbDumpvars 0 "simulator.RF_IO_GEN\[1\].DAC.nco_i"  +all +trace_process
Verdi>fsdbDumpvars 0 "simulator.RF_IO_GEN\[1\].DAC.nco_q"  +all +trace_process
Verdi>fsdbDumpvars 0 "simulator.RF_IO_GEN\[1\].DAC.o_vrf"  +all +trace_process
Verdi>fsdbDumpvars 0 "simulator.RF_IO_GEN\[0\].REGS.AXIL_REGS.i_aclk"  +all +trace_process
Verdi>fsdbDumpvars 0 "simulator.RF_IO_GEN\[0\].REGS.AXIL_REGS.i_aresetn"  +all +trace_process
Verdi>fsdbDumpvars 0 "simulator.RF_IO_GEN\[0\].REGS.AXIL_REGS.r_regs\[0:65\]\[31:0\]"  +all +trace_process
Verdi>fsdbDumpvars 0 "simulator.RF_IO_GEN\[0\].REGS.AXIL_REGS.o_regs\[0:65\]\[31:0\]"  +all +trace_process
Verdi>fsdbDumpvars 0 "simulator.RF_IO_GEN\[0\].REGS.AXIL_REGS.o_awready"  +all +trace_process
Verdi>fsdbDumpvars 0 "simulator.RF_IO_GEN\[0\].REGS.AXIL_REGS.i_awvalid"  +all +trace_process
Verdi>fsdbDumpvars 0 "simulator.RF_IO_GEN\[0\].REGS.AXIL_REGS.i_awaddr\[8:0\]"  +all +trace_process
Verdi>fsdbDumpvars 0 "simulator.RF_IO_GEN\[0\].REGS.AXIL_REGS.w_awireg\[6:0\]"  +all +trace_process
Verdi>fsdbDumpvars 0 "simulator.RF_IO_GEN\[0\].REGS.AXIL_REGS.w_awls2b\[1:0\]"  +all +trace_process
Verdi>fsdbDumpvars 0 "simulator.RF_IO_GEN\[0\].REGS.AXIL_REGS.o_wready"  +all +trace_process
Verdi>fsdbDumpvars 0 "simulator.RF_IO_GEN\[0\].REGS.AXIL_REGS.i_wvalid"  +all +trace_process
Verdi>fsdbDumpvars 0 "simulator.RF_IO_GEN\[0\].REGS.AXIL_REGS.i_wdata\[31:0\]"  +all +trace_process
Verdi>fsdbDumpvars 0 "simulator.RF_IO_GEN\[0\].REGS.AXIL_REGS.i_wstrb\[3:0\]"  +all +trace_process
Verdi>fsdbDumpvars 0 "simulator.RF_IO_GEN\[0\].REGS.AXIL_REGS.w_wdatastrb\[31:0\]"  +all +trace_process
Verdi>fsdbDumpvars 0 "simulator.RF_IO_GEN\[0\].REGS.AXIL_REGS.i_bready"  +all +trace_process
Verdi>fsdbDumpvars 0 "simulator.RF_IO_GEN\[0\].REGS.AXIL_REGS.o_bvalid"  +all +trace_process
Verdi>fsdbDumpvars 0 "simulator.RF_IO_GEN\[0\].REGS.AXIL_REGS.o_bresp\[1:0\]"  +all +trace_process
Verdi>fsdbDumpvars 0 "simulator.RF_IO_GEN\[0\].REGS.AXIL_REGS.o_arready"  +all +trace_process
Verdi>fsdbDumpvars 0 "simulator.RF_IO_GEN\[0\].REGS.AXIL_REGS.i_arvalid"  +all +trace_process
Verdi>fsdbDumpvars 0 "simulator.RF_IO_GEN\[0\].REGS.AXIL_REGS.i_araddr\[8:0\]"  +all +trace_process
Verdi>fsdbDumpvars 0 "simulator.RF_IO_GEN\[0\].REGS.AXIL_REGS.w_arireg\[6:0\]"  +all +trace_process
Verdi>fsdbDumpvars 0 "simulator.RF_IO_GEN\[0\].REGS.AXIL_REGS.w_arls2b\[1:0\]"  +all +trace_process
Verdi>fsdbDumpvars 0 "simulator.RF_IO_GEN\[0\].REGS.AXIL_REGS.i_rready"  +all +trace_process
Verdi>fsdbDumpvars 0 "simulator.RF_IO_GEN\[0\].REGS.AXIL_REGS.o_rvalid"  +all +trace_process
Verdi>fsdbDumpvars 0 "simulator.RF_IO_GEN\[0\].REGS.AXIL_REGS.o_rdata\[31:0\]"  +all +trace_process
Verdi>fsdbDumpvars 0 "simulator.RF_IO_GEN\[0\].REGS.AXIL_REGS.o_rresp\[1:0\]"  +all +trace_process
Verdi>fsdbDumpvars 0 "simulator.DCRFLI.RF_GEN\[0\].RF.SEQ.i_clk"  +all +trace_process
Verdi>fsdbDumpvars 0 "simulator.DCRFLI.RF_GEN\[0\].RF.SEQ.i_rst"  +all +trace_process
Verdi>fsdbDumpvars 0 "simulator.DCRFLI.RF_GEN\[0\].RF.SEQ.w_propagate"  +all +trace_process
Verdi>fsdbDumpvars 0 "simulator.DCRFLI.RF_GEN\[0\].RF.SEQ.i_regs\[0:65\]\[31:0\]"  +all +trace_process
Verdi>fsdbDumpvars 0 "simulator.DCRFLI.RF_GEN\[0\].RF.SEQ.w_last0"  +all +trace_process
Verdi>fsdbDumpvars 0 "simulator.DCRFLI.RF_GEN\[0\].RF.SEQ.w_last0_ff1"  +all +trace_process
Verdi>fsdbDumpvars 0 "simulator.DCRFLI.RF_GEN\[0\].RF.SEQ.w_last0_ff2"  +all +trace_process
Verdi>fsdbDumpvars 0 "simulator.DCRFLI.RF_GEN\[0\].RF.SEQ.w_new_sequence"  +all +trace_process
Verdi>fsdbDumpvars 0 "simulator.DCRFLI.RF_GEN\[0\].RF.SEQ.r_sequence\[0:15\]\[114:0\]"  +all +trace_process
Verdi>fsdbDumpvars 0 "simulator.DCRFLI.RF_GEN\[0\].RF.SEQ.r_iters\[10:0\]"  +all +trace_process
Verdi>fsdbDumpvars 0 "simulator.DCRFLI.RF_GEN\[0\].RF.SEQ.r_iptr\[3:0\]"  +all +trace_process
Verdi>fsdbDumpvars 0 "simulator.DCRFLI.RF_GEN\[0\].RF.SEQ.w_insn_fetch\[114:0\]"  +all +trace_process
Verdi>fsdbDumpvars 0 "simulator.DCRFLI.RF_GEN\[0\].RF.SEQ.w_insn_bubble"  +all +trace_process
Verdi>fsdbDumpvars 0 "simulator.DCRFLI.RF_GEN\[0\].RF.SEQ.w_iptr_plus1\[3:0\]"  +all +trace_process
Verdi>fsdbDumpvars 0 "simulator.DCRFLI.RF_GEN\[0\].RF.SEQ.w_next_null"  +all +trace_process
Verdi>fsdbDumpvars 0 "simulator.DCRFLI.RF_GEN\[0\].RF.SEQ.o_empty"  +all +trace_process
Verdi>fsdbDumpvars 0 "simulator.DCRFLI.RF_GEN\[0\].RF.SEQ.i_next"  +all +trace_process
Verdi>fsdbDumpvars 0 "simulator.DCRFLI.RF_GEN\[0\].RF.SEQ.o_addr\[3:0\]"  +all +trace_process
Verdi>fsdbDumpvars 0 "simulator.DCRFLI.RF_GEN\[0\].RF.SEQ.o_insn\[114:0\]"  +all +trace_process
Verdi>fsdbDumpvars 0 "simulator.DCRFLI.RF_GEN\[0\].RF.SEQ.r_iptr_modify\[3:0\]"  +all +trace_process
Verdi>fsdbDumpvars 0 "simulator.DCRFLI.RF_GEN\[0\].RF.SEQ.i_insn_modified\[114:0\]"  +all +trace_process
Verdi>fsdbDumpvars 0 "simulator.DCRFLI.RF_GEN\[0\].RF.CORE.CORDIC_GEN\[0\].CORDIC.c\[15\]"  +all +trace_process
Verdi>fsdbDumpvars 0 "simulator.DCRFLI.RF_GEN\[0\].RF.CORE.CORDIC_GEN\[1\].CORDIC.c\[15\]"  +all +trace_process
Verdi>fsdbDumpvars 0 "simulator.DCRFLI.RF_GEN\[0\].RF.CORE.CORDIC_GEN\[2\].CORDIC.c\[15\]"  +all +trace_process
Verdi>fsdbDumpvars 0 "simulator.DCRFLI.RF_GEN\[0\].RF.CORE.CORDIC_GEN\[3\].CORDIC.c\[15\]"  +all +trace_process
Verdi>fsdbDumpvars 0 "simulator.DCRFLI.RF_GEN\[0\].RF.CORE.CORDIC_GEN\[4\].CORDIC.c\[15\]"  +all +trace_process
Verdi>fsdbDumpvars 0 "simulator.DCRFLI.RF_GEN\[0\].RF.CORE.CORDIC_GEN\[5\].CORDIC.c\[15\]"  +all +trace_process
Verdi>fsdbDumpvars 0 "simulator.DCRFLI.RF_GEN\[0\].RF.CORE.CORDIC_GEN\[6\].CORDIC.c\[15\]"  +all +trace_process
Verdi>fsdbDumpvars 0 "simulator.DCRFLI.RF_GEN\[0\].RF.CORE.CORDIC_GEN\[7\].CORDIC.c\[15\]"  +all +trace_process
Verdi>fsdbDumpvars 0 "simulator.DCRFLI.RF_GEN\[0\].RF.CORE.CORDIC_GEN\[0\].CORDIC.c\[14\]"  +all +trace_process
Verdi>fsdbDumpvars 0 "simulator.DCRFLI.RF_GEN\[0\].RF.CORE.CORDIC_GEN\[1\].CORDIC.c\[14\]"  +all +trace_process
Verdi>fsdbDumpvars 0 "simulator.DCRFLI.RF_GEN\[0\].RF.CORE.CORDIC_GEN\[2\].CORDIC.c\[14\]"  +all +trace_process
Verdi>fsdbDumpvars 0 "simulator.DCRFLI.RF_GEN\[0\].RF.CORE.CORDIC_GEN\[3\].CORDIC.c\[14\]"  +all +trace_process
Verdi>fsdbDumpvars 0 "simulator.DCRFLI.RF_GEN\[0\].RF.CORE.CORDIC_GEN\[4\].CORDIC.c\[14\]"  +all +trace_process
Verdi>fsdbDumpvars 0 "simulator.DCRFLI.RF_GEN\[0\].RF.CORE.CORDIC_GEN\[5\].CORDIC.c\[14\]"  +all +trace_process
Verdi>fsdbDumpvars 0 "simulator.DCRFLI.RF_GEN\[0\].RF.CORE.CORDIC_GEN\[6\].CORDIC.c\[14\]"  +all +trace_process
Verdi>fsdbDumpvars 0 "simulator.DCRFLI.RF_GEN\[0\].RF.CORE.CORDIC_GEN\[7\].CORDIC.c\[14\]"  +all +trace_process
Verdi>fsdbDumpvars 0 "simulator.DCRFLI.RF_GEN\[0\].RF.CORE.CORDIC_GEN\[0\].CORDIC.c\[13\]"  +all +trace_process
Verdi>fsdbDumpvars 0 "simulator.DCRFLI.RF_GEN\[0\].RF.CORE.CORDIC_GEN\[1\].CORDIC.c\[13\]"  +all +trace_process
Verdi>fsdbDumpvars 0 "simulator.DCRFLI.RF_GEN\[0\].RF.CORE.CORDIC_GEN\[2\].CORDIC.c\[13\]"  +all +trace_process
Verdi>fsdbDumpvars 0 "simulator.DCRFLI.RF_GEN\[0\].RF.CORE.CORDIC_GEN\[3\].CORDIC.c\[13\]"  +all +trace_process
Verdi>fsdbDumpvars 0 "simulator.DCRFLI.RF_GEN\[0\].RF.CORE.CORDIC_GEN\[4\].CORDIC.c\[13\]"  +all +trace_process
Verdi>fsdbDumpvars 0 "simulator.DCRFLI.RF_GEN\[0\].RF.CORE.CORDIC_GEN\[5\].CORDIC.c\[13\]"  +all +trace_process
Verdi>fsdbDumpvars 0 "simulator.DCRFLI.RF_GEN\[0\].RF.CORE.CORDIC_GEN\[6\].CORDIC.c\[13\]"  +all +trace_process
Verdi>fsdbDumpvars 0 "simulator.DCRFLI.RF_GEN\[0\].RF.CORE.CORDIC_GEN\[7\].CORDIC.c\[13\]"  +all +trace_process
Verdi>fsdbDumpvars 0 "simulator.DCRFLI.RF_GEN\[0\].RF.CORE.CORDIC_GEN\[0\].CORDIC.c\[12\]"  +all +trace_process
Verdi>fsdbDumpvars 0 "simulator.DCRFLI.RF_GEN\[0\].RF.CORE.CORDIC_GEN\[1\].CORDIC.c\[12\]"  +all +trace_process
Verdi>fsdbDumpvars 0 "simulator.DCRFLI.RF_GEN\[0\].RF.CORE.CORDIC_GEN\[2\].CORDIC.c\[12\]"  +all +trace_process
Verdi>fsdbDumpvars 0 "simulator.DCRFLI.RF_GEN\[0\].RF.CORE.CORDIC_GEN\[3\].CORDIC.c\[12\]"  +all +trace_process
Verdi>fsdbDumpvars 0 "simulator.DCRFLI.RF_GEN\[0\].RF.CORE.CORDIC_GEN\[4\].CORDIC.c\[12\]"  +all +trace_process
Verdi>fsdbDumpvars 0 "simulator.DCRFLI.RF_GEN\[0\].RF.CORE.CORDIC_GEN\[5\].CORDIC.c\[12\]"  +all +trace_process
Verdi>fsdbDumpvars 0 "simulator.DCRFLI.RF_GEN\[0\].RF.CORE.CORDIC_GEN\[6\].CORDIC.c\[12\]"  +all +trace_process
Verdi>fsdbDumpvars 0 "simulator.DCRFLI.RF_GEN\[0\].RF.CORE.CORDIC_GEN\[7\].CORDIC.c\[12\]"  +all +trace_process
Verdi>fsdbDumpvars 0 "simulator.DCRFLI.RF_GEN\[0\].RF.CORE.CORDIC_GEN\[0\].CORDIC.c\[11\]"  +all +trace_process
Verdi>fsdbDumpvars 0 "simulator.DCRFLI.RF_GEN\[0\].RF.CORE.CORDIC_GEN\[1\].CORDIC.c\[11\]"  +all +trace_process
Verdi>fsdbDumpvars 0 "simulator.DCRFLI.RF_GEN\[0\].RF.CORE.CORDIC_GEN\[2\].CORDIC.c\[11\]"  +all +trace_process
Verdi>fsdbDumpvars 0 "simulator.DCRFLI.RF_GEN\[0\].RF.CORE.CORDIC_GEN\[3\].CORDIC.c\[11\]"  +all +trace_process
Verdi>fsdbDumpvars 0 "simulator.DCRFLI.RF_GEN\[0\].RF.CORE.CORDIC_GEN\[4\].CORDIC.c\[11\]"  +all +trace_process
Verdi>fsdbDumpvars 0 "simulator.DCRFLI.RF_GEN\[0\].RF.CORE.CORDIC_GEN\[5\].CORDIC.c\[11\]"  +all +trace_process
Verdi>fsdbDumpvars 0 "simulator.DCRFLI.RF_GEN\[0\].RF.CORE.CORDIC_GEN\[6\].CORDIC.c\[11\]"  +all +trace_process
Verdi>fsdbDumpvars 0 "simulator.DCRFLI.RF_GEN\[0\].RF.CORE.CORDIC_GEN\[7\].CORDIC.c\[11\]"  +all +trace_process
Verdi>fsdbDumpvars 0 "simulator.DCRFLI.RF_GEN\[0\].RF.CORE.CORDIC_GEN\[0\].CORDIC.c\[10\]"  +all +trace_process
Verdi>fsdbDumpvars 0 "simulator.DCRFLI.RF_GEN\[0\].RF.CORE.CORDIC_GEN\[1\].CORDIC.c\[10\]"  +all +trace_process
Verdi>fsdbDumpvars 0 "simulator.DCRFLI.RF_GEN\[0\].RF.CORE.CORDIC_GEN\[2\].CORDIC.c\[10\]"  +all +trace_process
Verdi>fsdbDumpvars 0 "simulator.DCRFLI.RF_GEN\[0\].RF.CORE.CORDIC_GEN\[3\].CORDIC.c\[10\]"  +all +trace_process
Verdi>fsdbDumpvars 0 "simulator.DCRFLI.RF_GEN\[0\].RF.CORE.CORDIC_GEN\[4\].CORDIC.c\[10\]"  +all +trace_process
Verdi>fsdbDumpvars 0 "simulator.DCRFLI.RF_GEN\[0\].RF.CORE.CORDIC_GEN\[5\].CORDIC.c\[10\]"  +all +trace_process
Verdi>fsdbDumpvars 0 "simulator.DCRFLI.RF_GEN\[0\].RF.CORE.CORDIC_GEN\[6\].CORDIC.c\[10\]"  +all +trace_process
Verdi>fsdbDumpvars 0 "simulator.DCRFLI.RF_GEN\[0\].RF.CORE.CORDIC_GEN\[7\].CORDIC.c\[10\]"  +all +trace_process
Verdi>fsdbDumpvars 0 "simulator.DCRFLI.RF_GEN\[0\].RF.CORE.CORDIC_GEN\[0\].CORDIC.c\[9\]"  +all +trace_process
Verdi>fsdbDumpvars 0 "simulator.DCRFLI.RF_GEN\[0\].RF.CORE.CORDIC_GEN\[1\].CORDIC.c\[9\]"  +all +trace_process
Verdi>fsdbDumpvars 0 "simulator.DCRFLI.RF_GEN\[0\].RF.CORE.CORDIC_GEN\[2\].CORDIC.c\[9\]"  +all +trace_process
Verdi>fsdbDumpvars 0 "simulator.DCRFLI.RF_GEN\[0\].RF.CORE.CORDIC_GEN\[3\].CORDIC.c\[9\]"  +all +trace_process
Verdi>fsdbDumpvars 0 "simulator.DCRFLI.RF_GEN\[0\].RF.CORE.CORDIC_GEN\[4\].CORDIC.c\[9\]"  +all +trace_process
Verdi>fsdbDumpvars 0 "simulator.DCRFLI.RF_GEN\[0\].RF.CORE.CORDIC_GEN\[5\].CORDIC.c\[9\]"  +all +trace_process
Verdi>fsdbDumpvars 0 "simulator.DCRFLI.RF_GEN\[0\].RF.CORE.CORDIC_GEN\[6\].CORDIC.c\[9\]"  +all +trace_process
Verdi>fsdbDumpvars 0 "simulator.DCRFLI.RF_GEN\[0\].RF.CORE.CORDIC_GEN\[7\].CORDIC.c\[9\]"  +all +trace_process
Verdi>fsdbDumpvars 0 "simulator.DCRFLI.RF_GEN\[0\].RF.CORE.CORDIC_GEN\[0\].CORDIC.c\[8\]"  +all +trace_process
Verdi>fsdbDumpvars 0 "simulator.DCRFLI.RF_GEN\[0\].RF.CORE.CORDIC_GEN\[1\].CORDIC.c\[8\]"  +all +trace_process
Verdi>fsdbDumpvars 0 "simulator.DCRFLI.RF_GEN\[0\].RF.CORE.CORDIC_GEN\[2\].CORDIC.c\[8\]"  +all +trace_process
Verdi>fsdbDumpvars 0 "simulator.DCRFLI.RF_GEN\[0\].RF.CORE.CORDIC_GEN\[3\].CORDIC.c\[8\]"  +all +trace_process
Verdi>fsdbDumpvars 0 "simulator.DCRFLI.RF_GEN\[0\].RF.CORE.CORDIC_GEN\[4\].CORDIC.c\[8\]"  +all +trace_process
Verdi>fsdbDumpvars 0 "simulator.DCRFLI.RF_GEN\[0\].RF.CORE.CORDIC_GEN\[5\].CORDIC.c\[8\]"  +all +trace_process
Verdi>fsdbDumpvars 0 "simulator.DCRFLI.RF_GEN\[0\].RF.CORE.CORDIC_GEN\[6\].CORDIC.c\[8\]"  +all +trace_process
Verdi>fsdbDumpvars 0 "simulator.DCRFLI.RF_GEN\[0\].RF.CORE.CORDIC_GEN\[7\].CORDIC.c\[8\]"  +all +trace_process
Verdi>fsdbDumpvars 0 "simulator.DCRFLI.RF_GEN\[0\].RF.CORE.CORDIC_GEN\[0\].CORDIC.c\[7\]"  +all +trace_process
Verdi>fsdbDumpvars 0 "simulator.DCRFLI.RF_GEN\[0\].RF.CORE.CORDIC_GEN\[1\].CORDIC.c\[7\]"  +all +trace_process
Verdi>fsdbDumpvars 0 "simulator.DCRFLI.RF_GEN\[0\].RF.CORE.CORDIC_GEN\[2\].CORDIC.c\[7\]"  +all +trace_process
Verdi>fsdbDumpvars 0 "simulator.DCRFLI.RF_GEN\[0\].RF.CORE.CORDIC_GEN\[3\].CORDIC.c\[7\]"  +all +trace_process
Verdi>fsdbDumpvars 0 "simulator.DCRFLI.RF_GEN\[0\].RF.CORE.CORDIC_GEN\[4\].CORDIC.c\[7\]"  +all +trace_process
Verdi>fsdbDumpvars 0 "simulator.DCRFLI.RF_GEN\[0\].RF.CORE.CORDIC_GEN\[5\].CORDIC.c\[7\]"  +all +trace_process
Verdi>fsdbDumpvars 0 "simulator.DCRFLI.RF_GEN\[0\].RF.CORE.CORDIC_GEN\[6\].CORDIC.c\[7\]"  +all +trace_process
Verdi>fsdbDumpvars 0 "simulator.DCRFLI.RF_GEN\[0\].RF.CORE.CORDIC_GEN\[7\].CORDIC.c\[7\]"  +all +trace_process
Verdi>fsdbDumpvars 0 "simulator.DCRFLI.RF_GEN\[0\].RF.CORE.CORDIC_GEN\[0\].CORDIC.c\[6\]"  +all +trace_process
Verdi>fsdbDumpvars 0 "simulator.DCRFLI.RF_GEN\[0\].RF.CORE.CORDIC_GEN\[1\].CORDIC.c\[6\]"  +all +trace_process
Verdi>fsdbDumpvars 0 "simulator.DCRFLI.RF_GEN\[0\].RF.CORE.CORDIC_GEN\[2\].CORDIC.c\[6\]"  +all +trace_process
Verdi>fsdbDumpvars 0 "simulator.DCRFLI.RF_GEN\[0\].RF.CORE.CORDIC_GEN\[3\].CORDIC.c\[6\]"  +all +trace_process
Verdi>fsdbDumpvars 0 "simulator.DCRFLI.RF_GEN\[0\].RF.CORE.CORDIC_GEN\[4\].CORDIC.c\[6\]"  +all +trace_process
Verdi>fsdbDumpvars 0 "simulator.DCRFLI.RF_GEN\[0\].RF.CORE.CORDIC_GEN\[5\].CORDIC.c\[6\]"  +all +trace_process
Verdi>fsdbDumpvars 0 "simulator.DCRFLI.RF_GEN\[0\].RF.CORE.CORDIC_GEN\[6\].CORDIC.c\[6\]"  +all +trace_process
Verdi>fsdbDumpvars 0 "simulator.DCRFLI.RF_GEN\[0\].RF.CORE.CORDIC_GEN\[7\].CORDIC.c\[6\]"  +all +trace_process
Verdi>fsdbDumpvars 0 "simulator.DCRFLI.RF_GEN\[0\].RF.CORE.CORDIC_GEN\[0\].CORDIC.c\[5\]"  +all +trace_process
Verdi>fsdbDumpvars 0 "simulator.DCRFLI.RF_GEN\[0\].RF.CORE.CORDIC_GEN\[1\].CORDIC.c\[5\]"  +all +trace_process
Verdi>fsdbDumpvars 0 "simulator.DCRFLI.RF_GEN\[0\].RF.CORE.CORDIC_GEN\[2\].CORDIC.c\[5\]"  +all +trace_process
Verdi>fsdbDumpvars 0 "simulator.DCRFLI.RF_GEN\[0\].RF.CORE.CORDIC_GEN\[3\].CORDIC.c\[5\]"  +all +trace_process
Verdi>fsdbDumpvars 0 "simulator.DCRFLI.RF_GEN\[0\].RF.CORE.CORDIC_GEN\[4\].CORDIC.c\[5\]"  +all +trace_process
Verdi>fsdbDumpvars 0 "simulator.DCRFLI.RF_GEN\[0\].RF.CORE.CORDIC_GEN\[5\].CORDIC.c\[5\]"  +all +trace_process
Verdi>fsdbDumpvars 0 "simulator.DCRFLI.RF_GEN\[0\].RF.CORE.CORDIC_GEN\[6\].CORDIC.c\[5\]"  +all +trace_process
Verdi>fsdbDumpvars 0 "simulator.DCRFLI.RF_GEN\[0\].RF.CORE.CORDIC_GEN\[7\].CORDIC.c\[5\]"  +all +trace_process
Verdi>fsdbDumpvars 0 "simulator.DCRFLI.RF_GEN\[0\].RF.CORE.CORDIC_GEN\[0\].CORDIC.c\[4\]"  +all +trace_process
Verdi>fsdbDumpvars 0 "simulator.DCRFLI.RF_GEN\[0\].RF.CORE.CORDIC_GEN\[1\].CORDIC.c\[4\]"  +all +trace_process
Verdi>fsdbDumpvars 0 "simulator.DCRFLI.RF_GEN\[0\].RF.CORE.CORDIC_GEN\[2\].CORDIC.c\[4\]"  +all +trace_process
Verdi>fsdbDumpvars 0 "simulator.DCRFLI.RF_GEN\[0\].RF.CORE.CORDIC_GEN\[3\].CORDIC.c\[4\]"  +all +trace_process
Verdi>fsdbDumpvars 0 "simulator.DCRFLI.RF_GEN\[0\].RF.CORE.CORDIC_GEN\[4\].CORDIC.c\[4\]"  +all +trace_process
Verdi>fsdbDumpvars 0 "simulator.DCRFLI.RF_GEN\[0\].RF.CORE.CORDIC_GEN\[5\].CORDIC.c\[4\]"  +all +trace_process
Verdi>fsdbDumpvars 0 "simulator.DCRFLI.RF_GEN\[0\].RF.CORE.CORDIC_GEN\[6\].CORDIC.c\[4\]"  +all +trace_process
Verdi>fsdbDumpvars 0 "simulator.DCRFLI.RF_GEN\[0\].RF.CORE.CORDIC_GEN\[7\].CORDIC.c\[4\]"  +all +trace_process
Verdi>fsdbDumpvars 0 "simulator.DCRFLI.RF_GEN\[0\].RF.CORE.CORDIC_GEN\[0\].CORDIC.c\[3\]"  +all +trace_process
Verdi>fsdbDumpvars 0 "simulator.DCRFLI.RF_GEN\[0\].RF.CORE.CORDIC_GEN\[1\].CORDIC.c\[3\]"  +all +trace_process
Verdi>fsdbDumpvars 0 "simulator.DCRFLI.RF_GEN\[0\].RF.CORE.CORDIC_GEN\[2\].CORDIC.c\[3\]"  +all +trace_process
Verdi>fsdbDumpvars 0 "simulator.DCRFLI.RF_GEN\[0\].RF.CORE.CORDIC_GEN\[3\].CORDIC.c\[3\]"  +all +trace_process
Verdi>fsdbDumpvars 0 "simulator.DCRFLI.RF_GEN\[0\].RF.CORE.CORDIC_GEN\[4\].CORDIC.c\[3\]"  +all +trace_process
Verdi>fsdbDumpvars 0 "simulator.DCRFLI.RF_GEN\[0\].RF.CORE.CORDIC_GEN\[5\].CORDIC.c\[3\]"  +all +trace_process
Verdi>fsdbDumpvars 0 "simulator.DCRFLI.RF_GEN\[0\].RF.CORE.CORDIC_GEN\[6\].CORDIC.c\[3\]"  +all +trace_process
Verdi>fsdbDumpvars 0 "simulator.DCRFLI.RF_GEN\[0\].RF.CORE.CORDIC_GEN\[7\].CORDIC.c\[3\]"  +all +trace_process
Verdi>fsdbDumpvars 0 "simulator.DCRFLI.RF_GEN\[0\].RF.CORE.CORDIC_GEN\[0\].CORDIC.c\[2\]"  +all +trace_process
Verdi>fsdbDumpvars 0 "simulator.DCRFLI.RF_GEN\[0\].RF.CORE.CORDIC_GEN\[1\].CORDIC.c\[2\]"  +all +trace_process
Verdi>fsdbDumpvars 0 "simulator.DCRFLI.RF_GEN\[0\].RF.CORE.CORDIC_GEN\[2\].CORDIC.c\[2\]"  +all +trace_process
Verdi>fsdbDumpvars 0 "simulator.DCRFLI.RF_GEN\[0\].RF.CORE.CORDIC_GEN\[3\].CORDIC.c\[2\]"  +all +trace_process
Verdi>fsdbDumpvars 0 "simulator.DCRFLI.RF_GEN\[0\].RF.CORE.CORDIC_GEN\[4\].CORDIC.c\[2\]"  +all +trace_process
Verdi>fsdbDumpvars 0 "simulator.DCRFLI.RF_GEN\[0\].RF.CORE.CORDIC_GEN\[5\].CORDIC.c\[2\]"  +all +trace_process
Verdi>fsdbDumpvars 0 "simulator.DCRFLI.RF_GEN\[0\].RF.CORE.CORDIC_GEN\[6\].CORDIC.c\[2\]"  +all +trace_process
Verdi>fsdbDumpvars 0 "simulator.DCRFLI.RF_GEN\[0\].RF.CORE.CORDIC_GEN\[7\].CORDIC.c\[2\]"  +all +trace_process
Verdi>fsdbDumpvars 0 "simulator.DCRFLI.RF_GEN\[0\].RF.CORE.CORDIC_GEN\[0\].CORDIC.c\[1\]"  +all +trace_process
Verdi>fsdbDumpvars 0 "simulator.DCRFLI.RF_GEN\[0\].RF.CORE.CORDIC_GEN\[1\].CORDIC.c\[1\]"  +all +trace_process
Verdi>fsdbDumpvars 0 "simulator.DCRFLI.RF_GEN\[0\].RF.CORE.CORDIC_GEN\[2\].CORDIC.c\[1\]"  +all +trace_process
Verdi>fsdbDumpvars 0 "simulator.DCRFLI.RF_GEN\[0\].RF.CORE.CORDIC_GEN\[3\].CORDIC.c\[1\]"  +all +trace_process
Verdi>fsdbDumpvars 0 "simulator.DCRFLI.RF_GEN\[0\].RF.CORE.CORDIC_GEN\[4\].CORDIC.c\[1\]"  +all +trace_process
Verdi>fsdbDumpvars 0 "simulator.DCRFLI.RF_GEN\[0\].RF.CORE.CORDIC_GEN\[5\].CORDIC.c\[1\]"  +all +trace_process
Verdi>fsdbDumpvars 0 "simulator.DCRFLI.RF_GEN\[0\].RF.CORE.CORDIC_GEN\[6\].CORDIC.c\[1\]"  +all +trace_process
Verdi>fsdbDumpvars 0 "simulator.DCRFLI.RF_GEN\[0\].RF.CORE.CORDIC_GEN\[7\].CORDIC.c\[1\]"  +all +trace_process
Verdi>fsdbDumpvars 0 "simulator.DCRFLI.RF_GEN\[0\].RF.CORE.CORDIC_GEN\[0\].CORDIC.c\[0\]"  +all +trace_process
Verdi>fsdbDumpvars 0 "simulator.DCRFLI.RF_GEN\[0\].RF.CORE.CORDIC_GEN\[1\].CORDIC.c\[0\]"  +all +trace_process
Verdi>fsdbDumpvars 0 "simulator.DCRFLI.RF_GEN\[0\].RF.CORE.CORDIC_GEN\[2\].CORDIC.c\[0\]"  +all +trace_process
Verdi>fsdbDumpvars 0 "simulator.DCRFLI.RF_GEN\[0\].RF.CORE.CORDIC_GEN\[3\].CORDIC.c\[0\]"  +all +trace_process
Verdi>fsdbDumpvars 0 "simulator.DCRFLI.RF_GEN\[0\].RF.CORE.CORDIC_GEN\[4\].CORDIC.c\[0\]"  +all +trace_process
Verdi>fsdbDumpvars 0 "simulator.DCRFLI.RF_GEN\[0\].RF.CORE.CORDIC_GEN\[5\].CORDIC.c\[0\]"  +all +trace_process
Verdi>fsdbDumpvars 0 "simulator.DCRFLI.RF_GEN\[0\].RF.CORE.CORDIC_GEN\[6\].CORDIC.c\[0\]"  +all +trace_process
Verdi>fsdbDumpvars 0 "simulator.DCRFLI.RF_GEN\[0\].RF.CORE.CORDIC_GEN\[7\].CORDIC.c\[0\]"  +all +trace_process
Verdi>fsdbDumpvars 0 "simulator.DCRFLI.RF_GEN\[0\].RF.CORE.i_clk"  +all +trace_process
Verdi>fsdbDumpvars 0 "simulator.DCRFLI.RF_GEN\[0\].RF.CORE.i_rst"  +all +trace_process
Verdi>fsdbDumpvars 0 "simulator.DCRFLI.RF_GEN\[0\].RF.CORE.w_stall"  +all +trace_process
Verdi>fsdbDumpvars 0 "simulator.DCRFLI.RF_GEN\[0\].RF.CORE.d"  +all +trace_process
Verdi>fsdbDumpvars 0 "simulator.DCRFLI.RF_GEN\[0\].RF.CORE.i_empty"  +all +trace_process
Verdi>fsdbDumpvars 0 "simulator.DCRFLI.RF_GEN\[0\].RF.CORE.o_next"  +all +trace_process
Verdi>fsdbDumpvars 0 "simulator.DCRFLI.RF_GEN\[0\].RF.CORE.i_addr\[3:0\]"  +all +trace_process
Verdi>fsdbDumpvars 0 "simulator.DCRFLI.RF_GEN\[0\].RF.CORE.i_insn"  +all +trace_process
Verdi>fsdbDumpvars 0 "simulator.DCRFLI.RF_GEN\[0\].RF.CORE.o_insn_modified"  +all +trace_process
Verdi>fsdbDumpvars 0 "simulator.DCRFLI.RF_GEN\[0\].RF.CORE.p"  +all +trace_process
Verdi>fsdbDumpvars 0 "simulator.DCRFLI.RF_GEN\[0\].RF.CORE.w_new_phase"  +all +trace_process
Verdi>fsdbDumpvars 0 "simulator.DCRFLI.RF_GEN\[0\].RF.CORE.r"  +all +trace_process
Verdi>fsdbDumpvars 0 "simulator.DCRFLI.RF_GEN\[0\].RF.CORE.o_armed"  +all +trace_process
Verdi>fsdbDumpvars 0 "simulator.DCRFLI.RF_GEN\[0\].RF.CORE.i_start"  +all +trace_process
Verdi>fsdbDumpvars 0 "simulator.DCRFLI.RF_GEN\[0\].RF.CORE.o_addr\[3:0\]"  +all +trace_process
Verdi>fsdbDumpvars 0 "simulator.DCRFLI.RF_GEN\[0\].RF.CORE.o_sample_start\[19:0\]"  +all +trace_process
Verdi>fsdbDumpvars 0 "simulator.DCRFLI.RF_GEN\[0\].RF.CORE.o_sample_end\[19:0\]"  +all +trace_process
Verdi>fsdbDumpvars 0 "simulator.DCRFLI.RF_GEN\[0\].RF.CORE.o_QIx8\[255:0\]"  +all +trace_process
Verdi>fsdbDumpvars 0 "simulator.RF_IO_GEN\[0\].DAC.i_clk"  +all +trace_process
Verdi>fsdbDumpvars 0 "simulator.RF_IO_GEN\[0\].DAC.i_dac_clk"  +all +trace_process
Verdi>fsdbDumpvars 0 "simulator.RF_IO_GEN\[0\].DAC.dac_cycle"  +all +trace_process
Verdi>fsdbDumpvars 0 "simulator.RF_IO_GEN\[0\].DAC.i_QIx8\[255:0\]"  +all +trace_process
Verdi>fsdbDumpvars 0 "simulator.RF_IO_GEN\[0\].DAC.w_Ix8\[7:0\]\[13:0\]"  +all +trace_process
Verdi>fsdbDumpvars 0 "simulator.RF_IO_GEN\[0\].DAC.w_Qx8\[7:0\]\[13:0\]"  +all +trace_process
Verdi>fsdbDumpvars 0 "simulator.RF_IO_GEN\[0\].DAC.o_I\[13:0\]"  +all +trace_process
Verdi>fsdbDumpvars 0 "simulator.RF_IO_GEN\[0\].DAC.o_Q\[13:0\]"  +all +trace_process
Verdi>fsdbDumpvars 0 "simulator.RF_IO_GEN\[0\].DAC.I"  +all +trace_process
Verdi>fsdbDumpvars 0 "simulator.RF_IO_GEN\[0\].DAC.Q"  +all +trace_process
Verdi>fsdbDumpvars 0 "simulator.RF_IO_GEN\[0\].DAC.deg"  +all +trace_process
Verdi>fsdbDumpvars 0 "simulator.RF_IO_GEN\[0\].DAC.rad"  +all +trace_process
Verdi>fsdbDumpvars 0 "simulator.RF_IO_GEN\[0\].DAC.nco_i"  +all +trace_process
Verdi>fsdbDumpvars 0 "simulator.RF_IO_GEN\[0\].DAC.nco_q"  +all +trace_process
Verdi>fsdbDumpvars 0 "simulator.RF_IO_GEN\[0\].DAC.o_vrf"  +all +trace_process
Verdi>for set ch 5 $ch >= 0 incr ch -1 

    wvCollapseGroup -win $nw "rf/ch$ch/AXIL_REGS/aw"
    wvCollapseGroup -win $nw "rf/ch$ch/AXIL_REGS/w"
    wvCollapseGroup -win $nw "rf/ch$ch/AXIL_REGS/b"
    wvCollapseGroup -win $nw "rf/ch$ch/AXIL_REGS/ar"
    wvCollapseGroup -win $nw "rf/ch$ch/AXIL_REGS/r"
    wvCollapseGroup -win $nw "rf/ch$ch/AXIL_REGS"

    wvCollapseGroup -win $nw "rf/ch$ch/SEQ/new"
    wvCollapseGroup -win $nw "rf/ch$ch/SEQ/fetch"
    wvCollapseGroup -win $nw "rf/ch$ch/SEQ/out"
    wvCollapseGroup -win $nw "rf/ch$ch/SEQ"

    wvCollapseGroup -win $nw "rf/ch$ch/CORE/decode"
    wvCollapseGroup -win $nw "rf/ch$ch/CORE/phase"
    for {set i 0} {$i <= 15} {incr i 1} {
        wvCollapseGroup -win $nw "rf/ch$ch/CORE/cordic$i"
    }
    wvCollapseGroup -win $nw "rf/ch$ch/CORE/result"
    wvCollapseGroup -win $nw "rf/ch$ch/CORE/out"
    wvCollapseGroup -win $nw "rf/ch$ch/CORE"

    wvCollapseGroup -win $nw "rf/ch$ch/DAC/v"
    wvCollapseGroup -win $nw "rf/ch$ch/DAC"

    wvCollapseGroup -win $nw "rf/ch$ch"



Verdi>wvCollapseGroup -win 2141eb90 rf
1
Verdi>wvAddGroup -win 2141eb90 btn
1
Verdi>wvSetPosition -win 2141eb90 ("btn" 0)
1
Verdi>fsdbDumpvars 0 "simulator.DCRFLI.BTN.i_clk"  +all +trace_process
Verdi>fsdbDumpvars 0 "simulator.DCRFLI.BTN.i_rst"  +all +trace_process
Verdi>fsdbDumpvars 0 "simulator.DCRFLI.BTN.i_btn\[0\]"  +all +trace_process
Verdi>fsdbDumpvars 0 "simulator.DCRFLI.BTN.w_btn_steady\[0\]"  +all +trace_process
Verdi>fsdbDumpvars 0 "simulator.DCRFLI.BTN.r_ff1\[0\]"  +all +trace_process
Verdi>fsdbDumpvars 0 "simulator.DCRFLI.BTN.r_ff2\[0\]"  +all +trace_process
Verdi>fsdbDumpvars 0 "simulator.DCRFLI.BTN.o_pressed\[0\]"  +all +trace_process
Verdi>wvCollapseGroup -win 2141eb90 btn
1
Verdi>run
Waiting for command connection...
Client connected
tx_data: 0x0000007C 0x00000000

Warning: Too many digits in hexadecimal number '0000', truncating to target size 8 bits
  at time 0 in file sim/simulator2.sv line 203

tx_data: 0x00000000 0x018D442B

Warning: Too many digits in hexadecimal number '0000', truncating to target size 8 bits
  at time 10850690 in file sim/simulator2.sv line 203

tx_data: 0x00000004 0x85000017

Warning: Too many digits in hexadecimal number '0000', truncating to target size 8 bits
  at time 21701380 in file sim/simulator2.sv line 203

tx_data: 0x00000008 0x000003E9

Warning: Too many digits in hexadecimal number '0000', truncating to target size 8 bits
  at time 32552070 in file sim/simulator2.sv line 203

tx_data: 0x0000000C 0x00010619

Warning: Too many digits in hexadecimal number '0000', truncating to target size 8 bits
  at time 43402760 in file sim/simulator2.sv line 203

tx_data: 0x00000010 0x99800001

Warning: Too many digits in hexadecimal number '0000', truncating to target size 8 bits
  at time 54253450 in file sim/simulator2.sv line 203

tx_data: 0x00000014 0x00000036

Warning: Too many digits in hexadecimal number '0000', truncating to target size 8 bits
  at time 65104140 in file sim/simulator2.sv line 203

tx_data: 0x00000018 0x00010AAF

Warning: Too many digits in hexadecimal number '0000', truncating to target size 8 bits
  at time 75954830 in file sim/simulator2.sv line 203

tx_data: 0x0000001C 0x37800000

Warning: Too many digits in hexadecimal number '0000', truncating to target size 8 bits
  at time 86805520 in file sim/simulator2.sv line 203

tx_data: 0x00000020 0x00000000

Warning: Too many digits in hexadecimal number '0000', truncating to target size 8 bits
  at time 97656210 in file sim/simulator2.sv line 203

tx_data: 0x00000024 0x0001042F

Warning: Too many digits in hexadecimal number '0000', truncating to target size 8 bits
  at time 108506900 in file sim/simulator2.sv line 203

tx_data: 0x00000028 0xBBC00000

Warning: Too many digits in hexadecimal number '0000', truncating to target size 8 bits
  at time 119357590 in file sim/simulator2.sv line 203

tx_data: 0x0000002C 0x00000000

Warning: Too many digits in hexadecimal number '0000', truncating to target size 8 bits
  at time 130208280 in file sim/simulator2.sv line 203

tx_data: 0x00000030 0x00011037

Warning: Too many digits in hexadecimal number '0000', truncating to target size 8 bits
  at time 141058970 in file sim/simulator2.sv line 203

tx_data: 0x00000034 0xAB400000

Warning: Too many digits in hexadecimal number '0000', truncating to target size 8 bits
  at time 151909660 in file sim/simulator2.sv line 203

tx_data: 0x00000038 0x00000000

Warning: Too many digits in hexadecimal number '0000', truncating to target size 8 bits
  at time 162760350 in file sim/simulator2.sv line 203

tx_data: 0x0000003C 0x00010C3B

Warning: Too many digits in hexadecimal number '0000', truncating to target size 8 bits
  at time 173611040 in file sim/simulator2.sv line 203

tx_data: 0x00000040 0xFF800000

Warning: Too many digits in hexadecimal number '0000', truncating to target size 8 bits
  at time 184461730 in file sim/simulator2.sv line 203

tx_data: 0x00000044 0x00000000

Warning: Too many digits in hexadecimal number '0000', truncating to target size 8 bits
  at time 195312420 in file sim/simulator2.sv line 203

tx_data: 0x00000048 0x0003FC00

Warning: Too many digits in hexadecimal number '0000', truncating to target size 8 bits
  at time 206163110 in file sim/simulator2.sv line 203

tx_data: 0x0000004C 0x00000000

Warning: Too many digits in hexadecimal number '0000', truncating to target size 8 bits
  at time 217013800 in file sim/simulator2.sv line 203

tx_data: 0x00000050 0x00000000

Warning: Too many digits in hexadecimal number '0000', truncating to target size 8 bits
  at time 227864490 in file sim/simulator2.sv line 203

tx_data: 0x00000054 0x0003FC00

Warning: Too many digits in hexadecimal number '0000', truncating to target size 8 bits
  at time 238715180 in file sim/simulator2.sv line 203

tx_data: 0x00000058 0x00000000

Warning: Too many digits in hexadecimal number '0000', truncating to target size 8 bits
  at time 249565870 in file sim/simulator2.sv line 203

tx_data: 0x0000005C 0x00000000

Warning: Too many digits in hexadecimal number '0000', truncating to target size 8 bits
  at time 260416560 in file sim/simulator2.sv line 203

tx_data: 0x00000060 0x00010000

Warning: Too many digits in hexadecimal number '0000', truncating to target size 8 bits
  at time 271267250 in file sim/simulator2.sv line 203

tx_data: 0x00000064 0x00000002

Warning: Too many digits in hexadecimal number '0000', truncating to target size 8 bits
  at time 282117940 in file sim/simulator2.sv line 203

tx_data: 0x00000068 0x00000000

Warning: Too many digits in hexadecimal number '0000', truncating to target size 8 bits
  at time 292968630 in file sim/simulator2.sv line 203

tx_data: 0x0000006C 0x00010000

Warning: Too many digits in hexadecimal number '0000', truncating to target size 8 bits
  at time 303819320 in file sim/simulator2.sv line 203

tx_data: 0x00000070 0x00000003

Warning: Too many digits in hexadecimal number '0000', truncating to target size 8 bits
  at time 314670010 in file sim/simulator2.sv line 203

tx_data: 0x00000074 0x00000003

Warning: Too many digits in hexadecimal number '0000', truncating to target size 8 bits
  at time 325520700 in file sim/simulator2.sv line 203

tx_data: 0x00000078 0x0000000A

Warning: Too many digits in hexadecimal number '0000', truncating to target size 8 bits
  at time 336371390 in file sim/simulator2.sv line 203

tx_data: 0x0000007C 0x00000001

Warning: Too many digits in hexadecimal number '0000', truncating to target size 8 bits
  at time 347222080 in file sim/simulator2.sv line 203

tx_data: 0x00018104 0x00000000

Warning: Too many digits in hexadecimal number '0001', truncating to target size 8 bits
  at time 358072770 in file sim/simulator2.sv line 203

tx_data: 0x00018000 0x00010000

Warning: Too many digits in hexadecimal number '0001', truncating to target size 8 bits
  at time 368923460 in file sim/simulator2.sv line 203

tx_data: 0x00018004 0x0035A000

Warning: Too many digits in hexadecimal number '0001', truncating to target size 8 bits
  at time 379774150 in file sim/simulator2.sv line 203

tx_data: 0x00018008 0x0001AD30

Warning: Too many digits in hexadecimal number '0001', truncating to target size 8 bits
  at time 390624840 in file sim/simulator2.sv line 203

tx_data: 0x0001800C 0xD4800008

Warning: Too many digits in hexadecimal number '0001', truncating to target size 8 bits
  at time 401475530 in file sim/simulator2.sv line 203

tx_data: 0x00018010 0x00060000

Warning: Too many digits in hexadecimal number '0001', truncating to target size 8 bits
  at time 412326220 in file sim/simulator2.sv line 203

tx_data: 0x00018014 0x00000000

Warning: Too many digits in hexadecimal number '0001', truncating to target size 8 bits
  at time 423176910 in file sim/simulator2.sv line 203

tx_data: 0x00018018 0x00005A00

Warning: Too many digits in hexadecimal number '0001', truncating to target size 8 bits
  at time 434027600 in file sim/simulator2.sv line 203

tx_data: 0x0001801C 0x01800018

Warning: Too many digits in hexadecimal number '0001', truncating to target size 8 bits
  at time 444878290 in file sim/simulator2.sv line 203

tx_data: 0x00018020 0x00030000

Warning: Too many digits in hexadecimal number '0001', truncating to target size 8 bits
  at time 455728980 in file sim/simulator2.sv line 203

tx_data: 0x00018024 0x00000000

Warning: Too many digits in hexadecimal number '0001', truncating to target size 8 bits
  at time 466579670 in file sim/simulator2.sv line 203

tx_data: 0x00018028 0x00000000

Warning: Too many digits in hexadecimal number '0001', truncating to target size 8 bits
  at time 477430360 in file sim/simulator2.sv line 203

tx_data: 0x0001802C 0x01800018

Warning: Too many digits in hexadecimal number '0001', truncating to target size 8 bits
  at time 488281050 in file sim/simulator2.sv line 203

tx_data: 0x00018030 0x00050000

Warning: Too many digits in hexadecimal number '0001', truncating to target size 8 bits
  at time 499131740 in file sim/simulator2.sv line 203

tx_data: 0x00018034 0x0DEAD000

Warning: Too many digits in hexadecimal number '0001', truncating to target size 8 bits
  at time 509982430 in file sim/simulator2.sv line 203

tx_data: 0x00018038 0x00BEED00

Warning: Too many digits in hexadecimal number '0001', truncating to target size 8 bits
  at time 520833120 in file sim/simulator2.sv line 203

tx_data: 0x0001803C 0x01800018

Warning: Too many digits in hexadecimal number '0001', truncating to target size 8 bits
  at time 531683810 in file sim/simulator2.sv line 203

tx_data: 0x00018040 0x00060000

Warning: Too many digits in hexadecimal number '0001', truncating to target size 8 bits
  at time 542534500 in file sim/simulator2.sv line 203

tx_data: 0x00018044 0x0DEAD000

Warning: Too many digits in hexadecimal number '0001', truncating to target size 8 bits
  at time 553385190 in file sim/simulator2.sv line 203

tx_data: 0x00018048 0x00BEED00

Warning: Too many digits in hexadecimal number '0001', truncating to target size 8 bits
  at time 564235880 in file sim/simulator2.sv line 203

tx_data: 0x0001804C 0x01800018

Warning: Too many digits in hexadecimal number '0001', truncating to target size 8 bits
  at time 575086570 in file sim/simulator2.sv line 203

tx_data: 0x00018050 0x00000000

Warning: Too many digits in hexadecimal number '0001', truncating to target size 8 bits
  at time 585937260 in file sim/simulator2.sv line 203

tx_data: 0x00018054 0x00000000

Warning: Too many digits in hexadecimal number '0001', truncating to target size 8 bits
  at time 596787950 in file sim/simulator2.sv line 203

tx_data: 0x00018058 0x00000000

Warning: Too many digits in hexadecimal number '0001', truncating to target size 8 bits
  at time 607638640 in file sim/simulator2.sv line 203

tx_data: 0x0001805C 0x00000000

Warning: Too many digits in hexadecimal number '0001', truncating to target size 8 bits
  at time 618489330 in file sim/simulator2.sv line 203

tx_data: 0x00018060 0x00000000

Warning: Too many digits in hexadecimal number '0001', truncating to target size 8 bits
  at time 629340020 in file sim/simulator2.sv line 203

tx_data: 0x00018064 0x00000000

Warning: Too many digits in hexadecimal number '0001', truncating to target size 8 bits
  at time 640190710 in file sim/simulator2.sv line 203

tx_data: 0x00018068 0x00000000

Warning: Too many digits in hexadecimal number '0001', truncating to target size 8 bits
  at time 651041400 in file sim/simulator2.sv line 203

tx_data: 0x0001806C 0x00000000

Warning: Too many digits in hexadecimal number '0001', truncating to target size 8 bits
  at time 661892090 in file sim/simulator2.sv line 203

tx_data: 0x00018070 0x00000000

Warning: Too many digits in hexadecimal number '0001', truncating to target size 8 bits
  at time 672742780 in file sim/simulator2.sv line 203

tx_data: 0x00018074 0x00000000

Warning: Too many digits in hexadecimal number '0001', truncating to target size 8 bits
  at time 683593470 in file sim/simulator2.sv line 203

tx_data: 0x00018078 0x00000000

Warning: Too many digits in hexadecimal number '0001', truncating to target size 8 bits
  at time 694444160 in file sim/simulator2.sv line 203

tx_data: 0x0001807C 0x00000000

Warning: Too many digits in hexadecimal number '0001', truncating to target size 8 bits
  at time 705294850 in file sim/simulator2.sv line 203

tx_data: 0x00018080 0x00000000

Warning: Too many digits in hexadecimal number '0001', truncating to target size 8 bits
  at time 716145540 in file sim/simulator2.sv line 203

tx_data: 0x00018084 0x00000000

Warning: Too many digits in hexadecimal number '0001', truncating to target size 8 bits
  at time 726996230 in file sim/simulator2.sv line 203

tx_data: 0x00018088 0x00000000

Warning: Too many digits in hexadecimal number '0001', truncating to target size 8 bits
  at time 737846920 in file sim/simulator2.sv line 203

tx_data: 0x0001808C 0x00000000

Warning: Too many digits in hexadecimal number '0001', truncating to target size 8 bits
  at time 748697610 in file sim/simulator2.sv line 203

tx_data: 0x00018090 0x00000000

Warning: Too many digits in hexadecimal number '0001', truncating to target size 8 bits
  at time 759548300 in file sim/simulator2.sv line 203

tx_data: 0x00018094 0x00000000

Warning: Too many digits in hexadecimal number '0001', truncating to target size 8 bits
  at time 770398990 in file sim/simulator2.sv line 203

tx_data: 0x00018098 0x00000000

Warning: Too many digits in hexadecimal number '0001', truncating to target size 8 bits
  at time 781249680 in file sim/simulator2.sv line 203

tx_data: 0x0001809C 0x00000000

Warning: Too many digits in hexadecimal number '0001', truncating to target size 8 bits
  at time 792100370 in file sim/simulator2.sv line 203

tx_data: 0x000180A0 0x00000000

Warning: Too many digits in hexadecimal number '0001', truncating to target size 8 bits
  at time 802951060 in file sim/simulator2.sv line 203

tx_data: 0x000180A4 0x00000000

Warning: Too many digits in hexadecimal number '0001', truncating to target size 8 bits
  at time 813801750 in file sim/simulator2.sv line 203

tx_data: 0x000180A8 0x00000000

Warning: Too many digits in hexadecimal number '0001', truncating to target size 8 bits
  at time 824652440 in file sim/simulator2.sv line 203

tx_data: 0x000180AC 0x00000000

Warning: Too many digits in hexadecimal number '0001', truncating to target size 8 bits
  at time 835503130 in file sim/simulator2.sv line 203

tx_data: 0x000180B0 0x00000000

Warning: Too many digits in hexadecimal number '0001', truncating to target size 8 bits
  at time 846353820 in file sim/simulator2.sv line 203

tx_data: 0x000180B4 0x00000000

Warning: Too many digits in hexadecimal number '0001', truncating to target size 8 bits
  at time 857204510 in file sim/simulator2.sv line 203

tx_data: 0x000180B8 0x00000000

Warning: Too many digits in hexadecimal number '0001', truncating to target size 8 bits
  at time 868055200 in file sim/simulator2.sv line 203

tx_data: 0x000180BC 0x00000000

Warning: Too many digits in hexadecimal number '0001', truncating to target size 8 bits
  at time 878905890 in file sim/simulator2.sv line 203

tx_data: 0x000180C0 0x00000000

Warning: Too many digits in hexadecimal number '0001', truncating to target size 8 bits
  at time 889756580 in file sim/simulator2.sv line 203

tx_data: 0x000180C4 0x00000000

Warning: Too many digits in hexadecimal number '0001', truncating to target size 8 bits
  at time 900607270 in file sim/simulator2.sv line 203

tx_data: 0x000180C8 0x00000000

Warning: Too many digits in hexadecimal number '0001', truncating to target size 8 bits
  at time 911457960 in file sim/simulator2.sv line 203

tx_data: 0x000180CC 0x00000000

Warning: Too many digits in hexadecimal number '0001', truncating to target size 8 bits
  at time 922308650 in file sim/simulator2.sv line 203

tx_data: 0x000180D0 0x00000000

Warning: Too many digits in hexadecimal number '0001', truncating to target size 8 bits
  at time 933159340 in file sim/simulator2.sv line 203

tx_data: 0x000180D4 0x00000000

Warning: Too many digits in hexadecimal number '0001', truncating to target size 8 bits
  at time 944010030 in file sim/simulator2.sv line 203

tx_data: 0x000180D8 0x00000000

Warning: Too many digits in hexadecimal number '0001', truncating to target size 8 bits
  at time 954860720 in file sim/simulator2.sv line 203

tx_data: 0x000180DC 0x00000000

Warning: Too many digits in hexadecimal number '0001', truncating to target size 8 bits
  at time 965711410 in file sim/simulator2.sv line 203

tx_data: 0x000180E0 0x00000000

Warning: Too many digits in hexadecimal number '0001', truncating to target size 8 bits
  at time 976562100 in file sim/simulator2.sv line 203

tx_data: 0x000180E4 0x00000000

Warning: Too many digits in hexadecimal number '0001', truncating to target size 8 bits
  at time 987412790 in file sim/simulator2.sv line 203

tx_data: 0x000180E8 0x00000000

Warning: Too many digits in hexadecimal number '0001', truncating to target size 8 bits
  at time 998263480 in file sim/simulator2.sv line 203

tx_data: 0x000180EC 0x00000000

Warning: Too many digits in hexadecimal number '0001', truncating to target size 8 bits
  at time 1009114170 in file sim/simulator2.sv line 203

tx_data: 0x000180F0 0x00000000

Warning: Too many digits in hexadecimal number '0001', truncating to target size 8 bits
  at time 1019964860 in file sim/simulator2.sv line 203

tx_data: 0x000180F4 0x00000000

Warning: Too many digits in hexadecimal number '0001', truncating to target size 8 bits
  at time 1030815550 in file sim/simulator2.sv line 203

tx_data: 0x000180F8 0x00000000

Warning: Too many digits in hexadecimal number '0001', truncating to target size 8 bits
  at time 1041666240 in file sim/simulator2.sv line 203

tx_data: 0x000180FC 0x00000000

Warning: Too many digits in hexadecimal number '0001', truncating to target size 8 bits
  at time 1052516930 in file sim/simulator2.sv line 203

tx_data: 0x00018100 0x0000000A

Warning: Too many digits in hexadecimal number '0001', truncating to target size 8 bits
  at time 1063367620 in file sim/simulator2.sv line 203

tx_data: 0x00018104 0x00000001

Warning: Too many digits in hexadecimal number '0001', truncating to target size 8 bits
  at time 1074218310 in file sim/simulator2.sv line 203

tx_data: 0x0001E00C 0x00000000

Warning: Too many digits in hexadecimal number '0001', truncating to target size 8 bits
  at time 1085069000 in file sim/simulator2.sv line 203

tx_data: 0x0001E000 0x00000001

Warning: Too many digits in hexadecimal number '0001', truncating to target size 8 bits
  at time 1095919690 in file sim/simulator2.sv line 203

tx_data: 0x0001E004 0x00000001

Warning: Too many digits in hexadecimal number '0001', truncating to target size 8 bits
  at time 1106770380 in file sim/simulator2.sv line 203

tx_data: 0x0001E008 0x00000000

Warning: Too many digits in hexadecimal number '0001', truncating to target size 8 bits
  at time 1117621070 in file sim/simulator2.sv line 203

tx_data: 0x0001E00C 0x00000001

Warning: Too many digits in hexadecimal number '0001', truncating to target size 8 bits
  at time 1128471760 in file sim/simulator2.sv line 203

tx_data: run 1003860
Client disconnected, waiting...
Waiting for command connection...
simulator2.sv, 183 :             if (cmd_accept_poll(100) == 0)
Verdi>run
Client connected
tx_data: 0x0000007C 0x00000000

Warning: Too many digits in hexadecimal number '0000', truncating to target size 8 bits
  at time 2143180000 in file sim/simulator2.sv line 203

tx_data: 0x00000000 0x018D442B

Warning: Too many digits in hexadecimal number '0000', truncating to target size 8 bits
  at time 2154030690 in file sim/simulator2.sv line 203

tx_data: 0x00000004 0x85000017

Warning: Too many digits in hexadecimal number '0000', truncating to target size 8 bits
  at time 2164881380 in file sim/simulator2.sv line 203

tx_data: 0x00000008 0x000003E9

Warning: Too many digits in hexadecimal number '0000', truncating to target size 8 bits
  at time 2175732070 in file sim/simulator2.sv line 203

tx_data: 0x0000000C 0x00010619

Warning: Too many digits in hexadecimal number '0000', truncating to target size 8 bits
  at time 2186582760 in file sim/simulator2.sv line 203

tx_data: 0x00000010 0x99800001

Warning: Too many digits in hexadecimal number '0000', truncating to target size 8 bits
  at time 2197433450 in file sim/simulator2.sv line 203

tx_data: 0x00000014 0x00000036

Warning: Too many digits in hexadecimal number '0000', truncating to target size 8 bits
  at time 2208284140 in file sim/simulator2.sv line 203

tx_data: 0x00000018 0x00010AAF

Warning: Too many digits in hexadecimal number '0000', truncating to target size 8 bits
  at time 2219134830 in file sim/simulator2.sv line 203

tx_data: 0x0000001C 0x37800000

Warning: Too many digits in hexadecimal number '0000', truncating to target size 8 bits
  at time 2229985520 in file sim/simulator2.sv line 203

tx_data: 0x00000020 0x00000000

Warning: Too many digits in hexadecimal number '0000', truncating to target size 8 bits
  at time 2240836210 in file sim/simulator2.sv line 203

tx_data: 0x00000024 0x0001042F

Warning: Too many digits in hexadecimal number '0000', truncating to target size 8 bits
  at time 2251686900 in file sim/simulator2.sv line 203

tx_data: 0x00000028 0xBBC00000

Warning: Too many digits in hexadecimal number '0000', truncating to target size 8 bits
  at time 2262537590 in file sim/simulator2.sv line 203

tx_data: 0x0000002C 0x00000000

Warning: Too many digits in hexadecimal number '0000', truncating to target size 8 bits
  at time 2273388280 in file sim/simulator2.sv line 203

tx_data: 0x00000030 0x00011037

Warning: Too many digits in hexadecimal number '0000', truncating to target size 8 bits
  at time 2284238970 in file sim/simulator2.sv line 203

tx_data: 0x00000034 0xAB400000

Warning: Too many digits in hexadecimal number '0000', truncating to target size 8 bits
  at time 2295089660 in file sim/simulator2.sv line 203

tx_data: 0x00000038 0x00000000

Warning: Too many digits in hexadecimal number '0000', truncating to target size 8 bits
  at time 2305940350 in file sim/simulator2.sv line 203

tx_data: 0x0000003C 0x00010C3B

Warning: Too many digits in hexadecimal number '0000', truncating to target size 8 bits
  at time 2316791040 in file sim/simulator2.sv line 203

tx_data: 0x00000040 0xFF800000

Warning: Too many digits in hexadecimal number '0000', truncating to target size 8 bits
  at time 2327641730 in file sim/simulator2.sv line 203

tx_data: 0x00000044 0x00000000

Warning: Too many digits in hexadecimal number '0000', truncating to target size 8 bits
  at time 2338492420 in file sim/simulator2.sv line 203

tx_data: 0x00000048 0x0003FC00

Warning: Too many digits in hexadecimal number '0000', truncating to target size 8 bits
  at time 2349343110 in file sim/simulator2.sv line 203

tx_data: 0x0000004C 0x00000000

Warning: Too many digits in hexadecimal number '0000', truncating to target size 8 bits
  at time 2360193800 in file sim/simulator2.sv line 203

tx_data: 0x00000050 0x00000000

Warning: Too many digits in hexadecimal number '0000', truncating to target size 8 bits
  at time 2371044490 in file sim/simulator2.sv line 203

tx_data: 0x00000054 0x0003FC00

Warning: Too many digits in hexadecimal number '0000', truncating to target size 8 bits
  at time 2381895180 in file sim/simulator2.sv line 203

tx_data: 0x00000058 0x00000000

Warning: Too many digits in hexadecimal number '0000', truncating to target size 8 bits
  at time 2392745870 in file sim/simulator2.sv line 203

tx_data: 0x0000005C 0x00000000

Warning: Too many digits in hexadecimal number '0000', truncating to target size 8 bits
  at time 2403596560 in file sim/simulator2.sv line 203

tx_data: 0x00000060 0x00010000

Warning: Too many digits in hexadecimal number '0000', truncating to target size 8 bits
  at time 2414447250 in file sim/simulator2.sv line 203

tx_data: 0x00000064 0x00000002

Warning: Too many digits in hexadecimal number '0000', truncating to target size 8 bits
  at time 2425297940 in file sim/simulator2.sv line 203

tx_data: 0x00000068 0x00000000

Warning: Too many digits in hexadecimal number '0000', truncating to target size 8 bits
  at time 2436148630 in file sim/simulator2.sv line 203

tx_data: 0x0000006C 0x00010000

Warning: Too many digits in hexadecimal number '0000', truncating to target size 8 bits
  at time 2446999320 in file sim/simulator2.sv line 203

tx_data: 0x00000070 0x00000003

Warning: Too many digits in hexadecimal number '0000', truncating to target size 8 bits
  at time 2457850010 in file sim/simulator2.sv line 203

tx_data: 0x00000074 0x00000003

Warning: Too many digits in hexadecimal number '0000', truncating to target size 8 bits
  at time 2468700700 in file sim/simulator2.sv line 203

tx_data: 0x00000078 0x0000000A

Warning: Too many digits in hexadecimal number '0000', truncating to target size 8 bits
  at time 2479551390 in file sim/simulator2.sv line 203

tx_data: 0x0000007C 0x00000001

Warning: Too many digits in hexadecimal number '0000', truncating to target size 8 bits
  at time 2490402080 in file sim/simulator2.sv line 203

tx_data: 0x00018104 0x00000000

Warning: Too many digits in hexadecimal number '0001', truncating to target size 8 bits
  at time 2501252770 in file sim/simulator2.sv line 203

tx_data: 0x00018000 0x00010000

Warning: Too many digits in hexadecimal number '0001', truncating to target size 8 bits
  at time 2512103460 in file sim/simulator2.sv line 203

tx_data: 0x00018004 0x0035A000

Warning: Too many digits in hexadecimal number '0001', truncating to target size 8 bits
  at time 2522954150 in file sim/simulator2.sv line 203

tx_data: 0x00018008 0x0001AD30

Warning: Too many digits in hexadecimal number '0001', truncating to target size 8 bits
  at time 2533804840 in file sim/simulator2.sv line 203

tx_data: 0x0001800C 0xD4800008

Warning: Too many digits in hexadecimal number '0001', truncating to target size 8 bits
  at time 2544655530 in file sim/simulator2.sv line 203

tx_data: 0x00018010 0x00060000

Warning: Too many digits in hexadecimal number '0001', truncating to target size 8 bits
  at time 2555506220 in file sim/simulator2.sv line 203

tx_data: 0x00018014 0x00000000

Warning: Too many digits in hexadecimal number '0001', truncating to target size 8 bits
  at time 2566356910 in file sim/simulator2.sv line 203

tx_data: 0x00018018 0x00005A00

Warning: Too many digits in hexadecimal number '0001', truncating to target size 8 bits
  at time 2577207600 in file sim/simulator2.sv line 203

tx_data: 0x0001801C 0x01800018

Warning: Too many digits in hexadecimal number '0001', truncating to target size 8 bits
  at time 2588058290 in file sim/simulator2.sv line 203

tx_data: 0x00018020 0x00030000

Warning: Too many digits in hexadecimal number '0001', truncating to target size 8 bits
  at time 2598908980 in file sim/simulator2.sv line 203

tx_data: 0x00018024 0x00000000

Warning: Too many digits in hexadecimal number '0001', truncating to target size 8 bits
  at time 2609759670 in file sim/simulator2.sv line 203

tx_data: 0x00018028 0x00000000

Warning: Too many digits in hexadecimal number '0001', truncating to target size 8 bits
  at time 2620610360 in file sim/simulator2.sv line 203

tx_data: 0x0001802C 0x01800018

Warning: Too many digits in hexadecimal number '0001', truncating to target size 8 bits
  at time 2631461050 in file sim/simulator2.sv line 203

tx_data: 0x00018030 0x00050000

Warning: Too many digits in hexadecimal number '0001', truncating to target size 8 bits
  at time 2642311740 in file sim/simulator2.sv line 203

tx_data: 0x00018034 0x0DEAD000

Warning: Too many digits in hexadecimal number '0001', truncating to target size 8 bits
  at time 2653162430 in file sim/simulator2.sv line 203

tx_data: 0x00018038 0x00BEED00

Warning: Too many digits in hexadecimal number '0001', truncating to target size 8 bits
  at time 2664013120 in file sim/simulator2.sv line 203

tx_data: 0x0001803C 0x01800018

Warning: Too many digits in hexadecimal number '0001', truncating to target size 8 bits
  at time 2674863810 in file sim/simulator2.sv line 203

tx_data: 0x00018040 0x00060000

Warning: Too many digits in hexadecimal number '0001', truncating to target size 8 bits
  at time 2685714500 in file sim/simulator2.sv line 203

tx_data: 0x00018044 0x0DEAD000

Warning: Too many digits in hexadecimal number '0001', truncating to target size 8 bits
  at time 2696565190 in file sim/simulator2.sv line 203

tx_data: 0x00018048 0x00BEED00

Warning: Too many digits in hexadecimal number '0001', truncating to target size 8 bits
  at time 2707415880 in file sim/simulator2.sv line 203

tx_data: 0x0001804C 0x01800018

Warning: Too many digits in hexadecimal number '0001', truncating to target size 8 bits
  at time 2718266570 in file sim/simulator2.sv line 203

tx_data: 0x00018050 0x00000000

Warning: Too many digits in hexadecimal number '0001', truncating to target size 8 bits
  at time 2729117260 in file sim/simulator2.sv line 203

tx_data: 0x00018054 0x00000000

Warning: Too many digits in hexadecimal number '0001', truncating to target size 8 bits
  at time 2739967950 in file sim/simulator2.sv line 203

tx_data: 0x00018058 0x00000000

Warning: Too many digits in hexadecimal number '0001', truncating to target size 8 bits
  at time 2750818640 in file sim/simulator2.sv line 203

tx_data: 0x0001805C 0x00000000

Warning: Too many digits in hexadecimal number '0001', truncating to target size 8 bits
  at time 2761669330 in file sim/simulator2.sv line 203

tx_data: 0x00018060 0x00000000

Warning: Too many digits in hexadecimal number '0001', truncating to target size 8 bits
  at time 2772520020 in file sim/simulator2.sv line 203

tx_data: 0x00018064 0x00000000

Warning: Too many digits in hexadecimal number '0001', truncating to target size 8 bits
  at time 2783370710 in file sim/simulator2.sv line 203

tx_data: 0x00018068 0x00000000

Warning: Too many digits in hexadecimal number '0001', truncating to target size 8 bits
  at time 2794221400 in file sim/simulator2.sv line 203

tx_data: 0x0001806C 0x00000000

Warning: Too many digits in hexadecimal number '0001', truncating to target size 8 bits
  at time 2805072090 in file sim/simulator2.sv line 203

tx_data: 0x00018070 0x00000000

Warning: Too many digits in hexadecimal number '0001', truncating to target size 8 bits
  at time 2815922780 in file sim/simulator2.sv line 203

tx_data: 0x00018074 0x00000000

Warning: Too many digits in hexadecimal number '0001', truncating to target size 8 bits
  at time 2826773470 in file sim/simulator2.sv line 203

tx_data: 0x00018078 0x00000000

Warning: Too many digits in hexadecimal number '0001', truncating to target size 8 bits
  at time 2837624160 in file sim/simulator2.sv line 203

tx_data: 0x0001807C 0x00000000

Warning: Too many digits in hexadecimal number '0001', truncating to target size 8 bits
  at time 2848474850 in file sim/simulator2.sv line 203

tx_data: 0x00018080 0x00000000

Warning: Too many digits in hexadecimal number '0001', truncating to target size 8 bits
  at time 2859325540 in file sim/simulator2.sv line 203

tx_data: 0x00018084 0x00000000

Warning: Too many digits in hexadecimal number '0001', truncating to target size 8 bits
  at time 2870176230 in file sim/simulator2.sv line 203

tx_data: 0x00018088 0x00000000

Warning: Too many digits in hexadecimal number '0001', truncating to target size 8 bits
  at time 2881026920 in file sim/simulator2.sv line 203

tx_data: 0x0001808C 0x00000000

Warning: Too many digits in hexadecimal number '0001', truncating to target size 8 bits
  at time 2891877610 in file sim/simulator2.sv line 203

tx_data: 0x00018090 0x00000000

Warning: Too many digits in hexadecimal number '0001', truncating to target size 8 bits
  at time 2902728300 in file sim/simulator2.sv line 203

tx_data: 0x00018094 0x00000000

Warning: Too many digits in hexadecimal number '0001', truncating to target size 8 bits
  at time 2913578990 in file sim/simulator2.sv line 203

tx_data: 0x00018098 0x00000000

Warning: Too many digits in hexadecimal number '0001', truncating to target size 8 bits
  at time 2924429680 in file sim/simulator2.sv line 203

tx_data: 0x0001809C 0x00000000

Warning: Too many digits in hexadecimal number '0001', truncating to target size 8 bits
  at time 2935280370 in file sim/simulator2.sv line 203

tx_data: 0x000180A0 0x00000000

Warning: Too many digits in hexadecimal number '0001', truncating to target size 8 bits
  at time 2946131060 in file sim/simulator2.sv line 203

tx_data: 0x000180A4 0x00000000

Warning: Too many digits in hexadecimal number '0001', truncating to target size 8 bits
  at time 2956981750 in file sim/simulator2.sv line 203

tx_data: 0x000180A8 0x00000000

Warning: Too many digits in hexadecimal number '0001', truncating to target size 8 bits
  at time 2967832440 in file sim/simulator2.sv line 203

tx_data: 0x000180AC 0x00000000

Warning: Too many digits in hexadecimal number '0001', truncating to target size 8 bits
  at time 2978683130 in file sim/simulator2.sv line 203

tx_data: 0x000180B0 0x00000000

Warning: Too many digits in hexadecimal number '0001', truncating to target size 8 bits
  at time 2989533820 in file sim/simulator2.sv line 203

tx_data: 0x000180B4 0x00000000

Warning: Too many digits in hexadecimal number '0001', truncating to target size 8 bits
  at time 3000384510 in file sim/simulator2.sv line 203

tx_data: 0x000180B8 0x00000000

Warning: Too many digits in hexadecimal number '0001', truncating to target size 8 bits
  at time 3011235200 in file sim/simulator2.sv line 203

tx_data: 0x000180BC 0x00000000

Warning: Too many digits in hexadecimal number '0001', truncating to target size 8 bits
  at time 3022085890 in file sim/simulator2.sv line 203

tx_data: 0x000180C0 0x00000000

Warning: Too many digits in hexadecimal number '0001', truncating to target size 8 bits
  at time 3032936580 in file sim/simulator2.sv line 203

tx_data: 0x000180C4 0x00000000

Warning: Too many digits in hexadecimal number '0001', truncating to target size 8 bits
  at time 3043787270 in file sim/simulator2.sv line 203

tx_data: 0x000180C8 0x00000000

Warning: Too many digits in hexadecimal number '0001', truncating to target size 8 bits
  at time 3054637960 in file sim/simulator2.sv line 203

tx_data: 0x000180CC 0x00000000

Warning: Too many digits in hexadecimal number '0001', truncating to target size 8 bits
  at time 3065488650 in file sim/simulator2.sv line 203

tx_data: 0x000180D0 0x00000000

Warning: Too many digits in hexadecimal number '0001', truncating to target size 8 bits
  at time 3076339340 in file sim/simulator2.sv line 203

tx_data: 0x000180D4 0x00000000

Warning: Too many digits in hexadecimal number '0001', truncating to target size 8 bits
  at time 3087190030 in file sim/simulator2.sv line 203

tx_data: 0x000180D8 0x00000000

Warning: Too many digits in hexadecimal number '0001', truncating to target size 8 bits
  at time 3098040720 in file sim/simulator2.sv line 203

tx_data: 0x000180DC 0x00000000

Warning: Too many digits in hexadecimal number '0001', truncating to target size 8 bits
  at time 3108891410 in file sim/simulator2.sv line 203

tx_data: 0x000180E0 0x00000000

Warning: Too many digits in hexadecimal number '0001', truncating to target size 8 bits
  at time 3119742100 in file sim/simulator2.sv line 203

tx_data: 0x000180E4 0x00000000

Warning: Too many digits in hexadecimal number '0001', truncating to target size 8 bits
  at time 3130592790 in file sim/simulator2.sv line 203

tx_data: 0x000180E8 0x00000000

Warning: Too many digits in hexadecimal number '0001', truncating to target size 8 bits
  at time 3141443480 in file sim/simulator2.sv line 203

tx_data: 0x000180EC 0x00000000

Warning: Too many digits in hexadecimal number '0001', truncating to target size 8 bits
  at time 3152294170 in file sim/simulator2.sv line 203

tx_data: 0x000180F0 0x00000000

Warning: Too many digits in hexadecimal number '0001', truncating to target size 8 bits
  at time 3163144860 in file sim/simulator2.sv line 203

tx_data: 0x000180F4 0x00000000

Warning: Too many digits in hexadecimal number '0001', truncating to target size 8 bits
  at time 3173995550 in file sim/simulator2.sv line 203

tx_data: 0x000180F8 0x00000000

Warning: Too many digits in hexadecimal number '0001', truncating to target size 8 bits
  at time 3184846240 in file sim/simulator2.sv line 203

tx_data: 0x000180FC 0x00000000

Warning: Too many digits in hexadecimal number '0001', truncating to target size 8 bits
  at time 3195696930 in file sim/simulator2.sv line 203

tx_data: 0x00018100 0x0000000A

Warning: Too many digits in hexadecimal number '0001', truncating to target size 8 bits
  at time 3206547620 in file sim/simulator2.sv line 203

tx_data: 0x00018104 0x00000001

Warning: Too many digits in hexadecimal number '0001', truncating to target size 8 bits
  at time 3217398310 in file sim/simulator2.sv line 203

tx_data: 0x0001E00C 0x00000000

Warning: Too many digits in hexadecimal number '0001', truncating to target size 8 bits
  at time 3228249000 in file sim/simulator2.sv line 203

tx_data: 0x0001E000 0x00000001

Warning: Too many digits in hexadecimal number '0001', truncating to target size 8 bits
  at time 3239099690 in file sim/simulator2.sv line 203

tx_data: 0x0001E004 0x00000001

Warning: Too many digits in hexadecimal number '0001', truncating to target size 8 bits
  at time 3249950380 in file sim/simulator2.sv line 203

tx_data: 0x0001E008 0x00000000

Warning: Too many digits in hexadecimal number '0001', truncating to target size 8 bits
  at time 3260801070 in file sim/simulator2.sv line 203

tx_data: 0x0001E00C 0x00000001

Warning: Too many digits in hexadecimal number '0001', truncating to target size 8 bits
  at time 3271651760 in file sim/simulator2.sv line 203

tx_data: run 1003860
Client disconnected, waiting...
Waiting for command connection...
simulator2.sv, 183 :             if (cmd_accept_poll(100) == 0)
           V C S   S i m u l a t i o n   R e p o r t 
Time: 4286360000 ps
CPU Time:      3.090 seconds;       Data structure size:   0.3Mb
Sat Jan 17 15:23:58 2026
debExit
