Command: /home/linhaid/swashispin-mini/rtl/simulator2 -sml=verdi +UVM_VERDI_TRACE=UVM_AWARE +fsdb+gate=off -ucli2Proc -ucli -l /home/linhaid/swashispin-mini/rtl/verdiLog/sim.log
Chronologic VCS simulator copyright 1991-2023
Contains Synopsys proprietary information.
Compiler version V-2023.12-1_Full64; Runtime version V-2023.12-1_Full64;  Jan 17 15:12 2026

ucli% synUtils::getArch
linux64
ucli% loaddl -simv /synopsys/tools/verdi/V-2023.12-1/share/PLI/VCS/LINUXAMD64/libnovas.so LoadFSDBDumpCmd;LoadFSDBDumpCmd
LoadFSDBDumpCmd success
ucli% config ckptfsdbcheck off;config endofsim noexit;config onfail {enable all};config followactivescope on;catch {setUcliVerdiConnected};set watch::resultTagsForVerdiBP {<ucli_break_bp_status_begin> <ucli_break_bp_status_end>};set ucliCore::support_restore_through_stask_in_verdi 1;cbug::config pretty_print auto;fsdbDumpfile {/home/linhaid/swashispin-mini/rtl/inter.fsdb} ;fsdbDumpflush ; 
*Verdi* Loading libsscore_vcs202312.so
FSDB Dumper for VCS, Release Verdi_V-2023.12-1, Linux x86_64/64bit, 01/10/2024
(C) 1996 - 2024 by Synopsys, Inc.
*Verdi* : Create FSDB file '/home/linhaid/swashispin-mini/rtl/inter.fsdb'
*Verdi* : Flush all FSDB Files at 0 ps.

ucli% synEnv::hasFataled
0
ucli% ucliCore::getToolPID
6026
ucli% sps_interactive
*Verdi* : Enable RPC Server(6026)

ucli% ucliCore::getToolPID
6026
ucli% ucliCore::getToolPID
6026
ucli% if {[catch {ucliCore::setFocus tool}]} {}

ucli% puts $ucliCore::nativeUcliMode
0

ucli% ucliCore::getToolTopPID
6026
ucli% pid
6038
ucli% synUtils::sendTool -active {_icl_createSharedMemory /tmp/vcs_dve_general.linhaid.6026 }

ucli% if { [info vars watch::vcbp_str_len_limit_of_get_value] != ""} {set watch::vcbp_str_len_limit_of_get_value 1024}
1024
ucli% info command stateVerdiChangeCB

ucli% proc stateVerdiChangeCB args { if {$ucliGUI::state eq "terminated"} {puts "\n<VERDI_Terminated>\n";catch {setVerdiSimTerminated}}}

ucli% trace variable ucliGUI::state wu stateVerdiChangeCB

ucli% if {[catch {rename synopsys::restore verdiHack::restore} ]} {puts "0"}

ucli% proc synopsys::restore {args} { verdiHack::restore $args; puts "\n<VERDI_RESTORE>\n"}

ucli% if {[catch {rename quit verdiHack::quit} ]} {puts "0"}

ucli% proc quit {args} { if {[string length $args] == 0} { verdiHack::quit; } elseif {([string equal "-h" $args] == 1)||([string equal "-he" $args] == 1)||([string equal "-hel" $args] == 1)||([string equal "-help" $args] == 1)} { puts "\n quit           # Exit the simulation.\n \[-noprompt\]        (Exit the simulation and Verdi.)\n"} elseif {([string equal "-n" $args] == 1)||([string equal "-no" $args] == 1)||([string equal "-nop" $args] == 1)||([string equal "-nopr" $args] == 1)||([string equal "-nopro" $args] == 1)||([string equal "-noprom" $args] == 1)||([string equal "-nopromp" $args] == 1)||([string equal "-noprompt" $args] == 1)} { puts "\nVERDI_EXIT_N\n" } else { verdiHack::quit $args; } }

ucli% if {[catch {rename exit verdiHack::exit} ]} {puts "0"}

ucli% proc exit {args} { if {[string length $args] == 0} { verdiHack::exit; } elseif {([string equal "-h" $args] == 1)||([string equal "-he" $args] == 1)||([string equal "-hel" $args] == 1)||([string equal "-help" $args] == 1)} { puts "\n exit           # Exit the simulation.\n \[-noprompt\]        (Exit the simulation and Verdi.)\n"} elseif {([string equal "-n" $args] == 1)||([string equal "-no" $args] == 1)||([string equal "-nop" $args] == 1)||([string equal "-nopr" $args] == 1)||([string equal "-nopro" $args] == 1)||([string equal "-noprom" $args] == 1)||([string equal "-nopromp" $args] == 1)||([string equal "-noprompt" $args] == 1)} { puts "\nVERDI_EXIT_N\n" } else { verdiHack::exit $args; } }

ucli% proc checkpoint::beforeRecreate {} { sps_interactive }

ucli% if {[catch {ucliCore::setFocus tool}]} {}

ucli% save::getUserdefinedProcs
::stateVerdiChangeCB ::LoadFSDBDumpCmd
ucli% info procs
ipi_get_str fsdbDumpMDAByFile fsdbDumpMDA echo fsdbDumpMemNow fsdbAutoSwitchDumpfile unknown sps_interactive auto_import stat fsdbDumpfile setenv auto_execok pkg_mkIndex stateVerdiChangeCB fsdbDumpSingle proc_body ipi_begin fsdbDumpoff getenv fsdbDumplimit fsdbDumpPattern ipi_handle ipi_get_prop fsdbDumpvarsByFile fsdbDumpMDAInScope lminus ipi_sim_get ls auto_load_index proc_args fsdbAddRuntimeSignal fsdbDumpSC print_message_info ridbDump fsdbDumpSVAoff fsdbSuppress fsdbDumpvars help fsdbDumpMDAOnChange ipi_control auto_qualify fsdbDumpMem sourceSavedOnbreakHandler tclPkgUnknown printenv ipi_handle_by_name helpdoc fsdbDumpMemInScope fsdbDumpFinish is_true fsdbDumpon sh fsdbQueryInfo LoadFSDBDumpCmd fsdbDumpPSL fsdbDumpSVA ipi_end wrapperSpecmanSn fsdbDumpSVAon fsdbDumpClassObjectByFile is_false auto_load fsdbDumpPSLon ipi_get_int64 fsdbSubstituteHier ipi_get_value ipi_iterate exit fsdbDumpMemInFile tclLog fsdbDumpflush get_unix_variable mem_debug ipi_scan fsdbDumpPSLoff fsdbDumpClassObject fsdbDumpvarsToFile set_unix_variable bgerror fsdbDumpStrength add_group fsdbSwitchDumpfile source add_wave sos_fsdbDumpvars ipi_set_prop unsetenv fsdbDumpvarsES readline fsdbDisplay ipi_handle_free set_group ipi_get quit define_proc_attributes tclPkgSetup fsdbDumpMDANow ipi_init_play_tcl fsdbDumpIO
ucli% info commands
ipi_get_str cchange subst fsdbDumpMDAByFile pwd cshow guiSource fsdbDumpMDA echo fsdbDumpMemNow fsdbAutoSwitchDumpfile ucliConnectToSharedMem unknown ucliIsScriptPauseByVerdi lrange sps_interactive auto_import setVerdiSimTerminated coverage case stat fsdbDumpfile break setenv dump auto_execok msglog linsert pkg_mkIndex dumplist catch stateVerdiChangeCB mpformat fsdbDumpSingle if join detach_sim halt proc_body abortScriptAfterDetachVerdi report_violations which lp_show ipi_begin pause dve_help fsdbDumpoff format getenv listing fsdbDumplimit package binary trace ctimeout onbreak after flush fsdbDumpPattern step restore ipi_handle power continue get_command_option_values force try foreach ipi_get_prop fsdbDumpvarsByFile lrepeat tailcall unset fsdbDumpMDAInScope lminus ipi_sim_get interp write_app_var lindex stack yield ls resetInterruptCount runAfterDetachVerdi eof saif list printvar create_command_group keysFileChangeCB virtual auto_load_index checkpoint proc_args finish fsdbAddRuntimeSignal cgettimeout sexpr lsearch fblocked fsdbDumpSC fanin lappend print_message_info proc cextract ridbDump writelist get_defined_commands cdump fsdbDumpSVAoff fsdbSuppress man set_sig_vas_in_waiting_input fconfigure fsdbDumpvars help fsdbDumpMDAOnChange ipi_control switch auto_qualify fsdbDumpMem mpexpr status sourceSavedOnbreakHandler tclPkgUnknown close printenv ipi_handle_by_name helpdoc thread lreverse set read fsdbDumpMemInScope initAttachableFile unalias fsdbDumpFinish setVerdiAttachable seek while set_cle_options is_true set_message_info writeKeyLog cbug fsdbDumpon find_forces yieldto sh start_verdi load fsdbQueryInfo memory sn vcsExecFuncInSharedObject cenable history puts gdb loadSharedObject tblog assertion resume _synopsys_cci_unalias socket tell open get_message_ids cadd exec pid stop LoadFSDBDumpCmd unloadSharedObject redirect fsdbDumpPSL throw fsdbDumpSVA ipi_end return ace wrapperSpecmanSn error fsdbDumpSVAon split fsdbDumpClassObjectByFile is_false array ucliAttachedByVerdi vbus get lreplace concat coroutine fcopy update parse_proc_arguments report_app_var run search setUcliVerdiStatus for append auto_load fsdbDumpPSLon ucliLaunchVerdi alias logFileChangeCB scan setUcliVerdiConnected apply abort set_current_command_mode release zlib chan loads _spw_define_proc_attributes ipi_get_int64 onerror print_suppressed_messages scope fileevent fsdbSubstituteHier inputFileChangeCB regexp resultTagsForVerdiCB set_app_var ipi_get_value cdelete upvar ipi_iterate save encoding onfail exit fsdbDumpMemInFile incr tclLog fsdbDumpflush get_message_info get_unix_variable show senv glob mem_debug ipi_scan GUIsource config fsdbDumpPSLoff time eval lassign fsdbDumpClassObject gets fsdbDumpvarsToFile tcl_exit set_unix_variable restart start change llength variable constraints xprop bgerror fsdbDumpStrength call clock info apropos add_group fsdbSwitchDumpfile ucliDetachVerdi source GUI_tcl_shell_puts global tcheck initreg add_wave report_timing sos_fsdbDumpvars ipi_set_prop next drivers cd file lmap unload namespace loaddl unsetenv get_app_var fsdbDumpvarsES suppress_message vwait dict readline fsdbDisplay uplevel ipi_handle_free date set_group lset rename ipi_get quit sh_list_key_bindings do unsuppress_message define_proc_attributes error_info tclPkgSetup expr printPromptStr regsub onCheckpointCB csave fsdbDumpMDANow dtl_load ipi_init_play_tcl lsort fsdbDumpIO doFileChangeCB _synopsys_cci_alias writeHistoryLog cdisable string
ucli% set ucliCore::resultTagsForVerdi [list <?special_verdi_begin?> <?special_verdi_end?>]
<?special_verdi_begin?> <?special_verdi_end?>
ucli% if {[catch {ucliCore::setFocus tool}]} {}

ucli% if {[catch {get uvm_pkg.UVM_VERSION_STRING} result] == 0} {puts $result}

ucli% senv hasTB
1
ucli% if {[catch {ucliCore::setFocus tool}]} {}

ucli% fsdbDumpflush 
*Verdi* : Flush all FSDB Files at 0 ps.

ucli% senv
activeDomain: Verilog
activeFile: src/dc_dispatcher.sv
activeFrame: -1
activeLine: 3
activeScope: dc_dispatcher
activeThread: 77
endCol: 0
file: src/dc_dispatcher.sv
frame: -1
fsdbFilename: 
hasTB: 1
inputFilename: 
keyFilename: ucli.key
line: 3
logFilename: /home/linhaid/swashispin-mini/rtl/verdiLog/sim.log
macroIndex: -1
macroOffset: -1
pid: 6026
scope: dc_dispatcher
startCol: 0
state: stopped
thread: 77
time: 0
timePrecision: 1 ps
vcdFilename: 
vpdFilename:
ucli% synUtils::resolveSourceFilename src/dc_dispatcher.sv
src/dc_dispatcher.sv
ucli% puts $::ucliCore::cbug_active
0

ucli% if {[catch {ucliCore::setFocus tool}]} {}

ucli% checkpoint -list -all
There are no checkpoints present.
ucli% stop
No stop points are set
ucli% if {[catch {ucliCore::setFocus tool}]} {}

ucli% fsdbDumpvars 0 "simulator.vdc"  +all +trace_process
*Verdi* : Dumping the signal (simulator.vdc).

ucli% fsdbDumpflush 
*Verdi* : Flush all FSDB Files at 0 ps.

ucli% fsdbDumpvars 0 "simulator.vdc_digital"  +all +trace_process
*Verdi* : Dumping the signal (simulator.vdc_digital).

ucli% fsdbDumpflush 
*Verdi* : Flush all FSDB Files at 0 ps.

ucli% fsdbDumpvars 0 "simulator.vrf\[0:5\]"  +all +trace_process
*Verdi* ERROR: The #2 argument "simulator.vrf[0:5]" is invalid
*Verdi* ERROR: Failed to dump because the specified instance or option is not correct
*Verdi* ERROR: Syntax - fsdbDumpvars [depth] [instance] [option]*

ucli% fsdbDumpflush 
*Verdi* : Flush all FSDB Files at 0 ps.

ucli% fsdbDumpvars 0 "simulator.vrf_I\[0:5\]\[13:0\]"  +all +trace_process
*Verdi* ERROR: The #2 argument "simulator.vrf_I[0:5][13:0]" is invalid
*Verdi* ERROR: Failed to dump because the specified instance or option is not correct
*Verdi* ERROR: Syntax - fsdbDumpvars [depth] [instance] [option]*

ucli% fsdbDumpflush 
*Verdi* : Flush all FSDB Files at 0 ps.

ucli% fsdbDumpvars 0 "simulator.vrf_Q\[0:5\]\[13:0\]"  +all +trace_process
*Verdi* ERROR: The #2 argument "simulator.vrf_Q[0:5][13:0]" is invalid
*Verdi* ERROR: Failed to dump because the specified instance or option is not correct
*Verdi* ERROR: Syntax - fsdbDumpvars [depth] [instance] [option]*

ucli% fsdbDumpflush 
*Verdi* : Flush all FSDB Files at 0 ps.

ucli% if {[catch {ucliCore::setFocus tool}]} {}

ucli% fsdbDumpvars 0 "simulator.LCH_REGS.AXIL_REGS.i_aclk"  +all +trace_process
*Verdi* ERROR: The #2 argument "simulator.LCH_REGS.AXIL_REGS.i_aclk" is invalid
*Verdi* ERROR: Failed to dump because the specified instance or option is not correct
*Verdi* ERROR: Syntax - fsdbDumpvars [depth] [instance] [option]*

ucli% fsdbDumpflush 
*Verdi* : Flush all FSDB Files at 0 ps.

ucli% fsdbDumpvars 0 "simulator.LCH_REGS.AXIL_REGS.i_aresetn"  +all +trace_process
*Verdi* ERROR: The #2 argument "simulator.LCH_REGS.AXIL_REGS.i_aresetn" is invalid
*Verdi* ERROR: Failed to dump because the specified instance or option is not correct
*Verdi* ERROR: Syntax - fsdbDumpvars [depth] [instance] [option]*

ucli% fsdbDumpflush 
*Verdi* : Flush all FSDB Files at 0 ps.

ucli% fsdbDumpvars 0 "simulator.LCH_REGS.AXIL_REGS.r_regs\[0:3\]\[31:0\]"  +all +trace_process
*Verdi* ERROR: The #2 argument "simulator.LCH_REGS.AXIL_REGS.r_regs[0:3][31:0]" is invalid
*Verdi* ERROR: Failed to dump because the specified instance or option is not correct
*Verdi* ERROR: Syntax - fsdbDumpvars [depth] [instance] [option]*

ucli% fsdbDumpflush 
*Verdi* : Flush all FSDB Files at 0 ps.

ucli% fsdbDumpvars 0 "simulator.LCH_REGS.AXIL_REGS.o_regs\[0:3\]\[31:0\]"  +all +trace_process
*Verdi* ERROR: The #2 argument "simulator.LCH_REGS.AXIL_REGS.o_regs[0:3][31:0]" is invalid
*Verdi* ERROR: Failed to dump because the specified instance or option is not correct
*Verdi* ERROR: Syntax - fsdbDumpvars [depth] [instance] [option]*

ucli% fsdbDumpflush 
*Verdi* : Flush all FSDB Files at 0 ps.

ucli% if {[catch {ucliCore::setFocus tool}]} {}

ucli% fsdbDumpvars 0 "simulator.LCH_REGS.AXIL_REGS.o_awready"  +all +trace_process
*Verdi* ERROR: The #2 argument "simulator.LCH_REGS.AXIL_REGS.o_awready" is invalid
*Verdi* ERROR: Failed to dump because the specified instance or option is not correct
*Verdi* ERROR: Syntax - fsdbDumpvars [depth] [instance] [option]*

ucli% fsdbDumpflush 
*Verdi* : Flush all FSDB Files at 0 ps.

ucli% fsdbDumpvars 0 "simulator.LCH_REGS.AXIL_REGS.i_awvalid"  +all +trace_process
*Verdi* ERROR: The #2 argument "simulator.LCH_REGS.AXIL_REGS.i_awvalid" is invalid
*Verdi* ERROR: Failed to dump because the specified instance or option is not correct
*Verdi* ERROR: Syntax - fsdbDumpvars [depth] [instance] [option]*

ucli% fsdbDumpflush 
*Verdi* : Flush all FSDB Files at 0 ps.

ucli% fsdbDumpvars 0 "simulator.LCH_REGS.AXIL_REGS.i_awaddr\[3:0\]"  +all +trace_process
*Verdi* ERROR: The #2 argument "simulator.LCH_REGS.AXIL_REGS.i_awaddr[3:0]" is invalid
*Verdi* ERROR: Failed to dump because the specified instance or option is not correct
*Verdi* ERROR: Syntax - fsdbDumpvars [depth] [instance] [option]*

ucli% fsdbDumpflush 
*Verdi* : Flush all FSDB Files at 0 ps.

ucli% fsdbDumpvars 0 "simulator.LCH_REGS.AXIL_REGS.w_awireg\[1:0\]"  +all +trace_process
*Verdi* ERROR: The #2 argument "simulator.LCH_REGS.AXIL_REGS.w_awireg[1:0]" is invalid
*Verdi* ERROR: Failed to dump because the specified instance or option is not correct
*Verdi* ERROR: Syntax - fsdbDumpvars [depth] [instance] [option]*

ucli% fsdbDumpflush 
*Verdi* : Flush all FSDB Files at 0 ps.

ucli% fsdbDumpvars 0 "simulator.LCH_REGS.AXIL_REGS.w_awls2b\[1:0\]"  +all +trace_process
*Verdi* ERROR: The #2 argument "simulator.LCH_REGS.AXIL_REGS.w_awls2b[1:0]" is invalid
*Verdi* ERROR: Failed to dump because the specified instance or option is not correct
*Verdi* ERROR: Syntax - fsdbDumpvars [depth] [instance] [option]*

ucli% fsdbDumpflush 
*Verdi* : Flush all FSDB Files at 0 ps.

ucli% if {[catch {ucliCore::setFocus tool}]} {}

ucli% fsdbDumpvars 0 "simulator.LCH_REGS.AXIL_REGS.o_wready"  +all +trace_process
*Verdi* ERROR: The #2 argument "simulator.LCH_REGS.AXIL_REGS.o_wready" is invalid
*Verdi* ERROR: Failed to dump because the specified instance or option is not correct
*Verdi* ERROR: Syntax - fsdbDumpvars [depth] [instance] [option]*

ucli% fsdbDumpflush 
*Verdi* : Flush all FSDB Files at 0 ps.

ucli% fsdbDumpvars 0 "simulator.LCH_REGS.AXIL_REGS.i_wvalid"  +all +trace_process
*Verdi* ERROR: The #2 argument "simulator.LCH_REGS.AXIL_REGS.i_wvalid" is invalid
*Verdi* ERROR: Failed to dump because the specified instance or option is not correct
*Verdi* ERROR: Syntax - fsdbDumpvars [depth] [instance] [option]*

ucli% fsdbDumpflush 
*Verdi* : Flush all FSDB Files at 0 ps.

ucli% fsdbDumpvars 0 "simulator.LCH_REGS.AXIL_REGS.i_wdata\[31:0\]"  +all +trace_process
*Verdi* ERROR: The #2 argument "simulator.LCH_REGS.AXIL_REGS.i_wdata[31:0]" is invalid
*Verdi* ERROR: Failed to dump because the specified instance or option is not correct
*Verdi* ERROR: Syntax - fsdbDumpvars [depth] [instance] [option]*

ucli% fsdbDumpflush 
*Verdi* : Flush all FSDB Files at 0 ps.

ucli% fsdbDumpvars 0 "simulator.LCH_REGS.AXIL_REGS.i_wstrb\[3:0\]"  +all +trace_process
*Verdi* ERROR: The #2 argument "simulator.LCH_REGS.AXIL_REGS.i_wstrb[3:0]" is invalid
*Verdi* ERROR: Failed to dump because the specified instance or option is not correct
*Verdi* ERROR: Syntax - fsdbDumpvars [depth] [instance] [option]*

ucli% fsdbDumpflush 
*Verdi* : Flush all FSDB Files at 0 ps.

ucli% fsdbDumpvars 0 "simulator.LCH_REGS.AXIL_REGS.w_wdatastrb\[31:0\]"  +all +trace_process
*Verdi* ERROR: The #2 argument "simulator.LCH_REGS.AXIL_REGS.w_wdatastrb[31:0]" is invalid
*Verdi* ERROR: Failed to dump because the specified instance or option is not correct
*Verdi* ERROR: The above messages are printed 50 times. No more similar message will be printed out.
*Verdi* ERROR: Syntax - fsdbDumpvars [depth] [instance] [option]*

ucli% fsdbDumpflush 
*Verdi* : Flush all FSDB Files at 0 ps.

ucli% if {[catch {ucliCore::setFocus tool}]} {}

ucli% fsdbDumpvars 0 "simulator.LCH_REGS.AXIL_REGS.i_bready"  +all +trace_process

ucli% fsdbDumpflush 
*Verdi* : Flush all FSDB Files at 0 ps.

ucli% fsdbDumpvars 0 "simulator.LCH_REGS.AXIL_REGS.o_bvalid"  +all +trace_process

ucli% fsdbDumpflush 
*Verdi* : Flush all FSDB Files at 0 ps.

ucli% fsdbDumpvars 0 "simulator.LCH_REGS.AXIL_REGS.o_bresp\[1:0\]"  +all +trace_process

ucli% fsdbDumpflush 
*Verdi* : Flush all FSDB Files at 0 ps.

ucli% if {[catch {ucliCore::setFocus tool}]} {}

ucli% fsdbDumpvars 0 "simulator.LCH_REGS.AXIL_REGS.o_arready"  +all +trace_process

ucli% fsdbDumpflush 
*Verdi* : Flush all FSDB Files at 0 ps.

ucli% fsdbDumpvars 0 "simulator.LCH_REGS.AXIL_REGS.i_arvalid"  +all +trace_process

ucli% fsdbDumpflush 
*Verdi* : Flush all FSDB Files at 0 ps.

ucli% fsdbDumpvars 0 "simulator.LCH_REGS.AXIL_REGS.i_araddr\[3:0\]"  +all +trace_process

ucli% fsdbDumpflush 
*Verdi* : Flush all FSDB Files at 0 ps.

ucli% fsdbDumpvars 0 "simulator.LCH_REGS.AXIL_REGS.w_arireg\[1:0\]"  +all +trace_process

ucli% fsdbDumpflush 
*Verdi* : Flush all FSDB Files at 0 ps.

ucli% fsdbDumpvars 0 "simulator.LCH_REGS.AXIL_REGS.w_arls2b\[1:0\]"  +all +trace_process

ucli% fsdbDumpflush 
*Verdi* : Flush all FSDB Files at 0 ps.

ucli% if {[catch {ucliCore::setFocus tool}]} {}

ucli% fsdbDumpvars 0 "simulator.LCH_REGS.AXIL_REGS.i_rready"  +all +trace_process

ucli% fsdbDumpflush 
*Verdi* : Flush all FSDB Files at 0 ps.

ucli% fsdbDumpvars 0 "simulator.LCH_REGS.AXIL_REGS.o_rvalid"  +all +trace_process

ucli% fsdbDumpflush 
*Verdi* : Flush all FSDB Files at 0 ps.

ucli% fsdbDumpvars 0 "simulator.LCH_REGS.AXIL_REGS.o_rdata\[31:0\]"  +all +trace_process

ucli% fsdbDumpflush 
*Verdi* : Flush all FSDB Files at 0 ps.

ucli% fsdbDumpvars 0 "simulator.LCH_REGS.AXIL_REGS.o_rresp\[1:0\]"  +all +trace_process

ucli% fsdbDumpflush 
*Verdi* : Flush all FSDB Files at 0 ps.

ucli% if {[catch {ucliCore::setFocus tool}]} {}

ucli% fsdbDumpvars 0 "simulator.DCRFLI.LCH.i_clk"  +all +trace_process

ucli% fsdbDumpflush 
*Verdi* : Flush all FSDB Files at 0 ps.

ucli% fsdbDumpvars 0 "simulator.DCRFLI.LCH.i_rst"  +all +trace_process

ucli% fsdbDumpflush 
*Verdi* : Flush all FSDB Files at 0 ps.

ucli% fsdbDumpvars 0 "simulator.DCRFLI.LCH.r_state"  +all +trace_process

ucli% fsdbDumpflush 
*Verdi* : Flush all FSDB Files at 0 ps.

ucli% fsdbDumpvars 0 "simulator.DCRFLI.LCH.w_next_state"  +all +trace_process

ucli% fsdbDumpflush 
*Verdi* : Flush all FSDB Files at 0 ps.

ucli% fsdbDumpvars 0 "simulator.DCRFLI.LCH.r_dc_active_mask\[23:0\]"  +all +trace_process

ucli% fsdbDumpflush 
*Verdi* : Flush all FSDB Files at 0 ps.

ucli% fsdbDumpvars 0 "simulator.DCRFLI.LCH.r_rf_active_mask\[5:0\]"  +all +trace_process

ucli% fsdbDumpflush 
*Verdi* : Flush all FSDB Files at 0 ps.

ucli% fsdbDumpvars 0 "simulator.DCRFLI.LCH.r_li_active_mask\[0:0\]"  +all +trace_process

ucli% fsdbDumpflush 
*Verdi* : Flush all FSDB Files at 0 ps.

ucli% if {[catch {ucliCore::setFocus tool}]} {}

ucli% fsdbDumpvars 0 "simulator.DCRFLI.LCH.i_regs\[0:3\]\[31:0\]"  +all +trace_process

ucli% fsdbDumpflush 
*Verdi* : Flush all FSDB Files at 0 ps.

ucli% fsdbDumpvars 0 "simulator.DCRFLI.LCH.w_last0"  +all +trace_process

ucli% fsdbDumpflush 
*Verdi* : Flush all FSDB Files at 0 ps.

ucli% fsdbDumpvars 0 "simulator.DCRFLI.LCH.w_last0_ff1"  +all +trace_process

ucli% fsdbDumpflush 
*Verdi* : Flush all FSDB Files at 0 ps.

ucli% fsdbDumpvars 0 "simulator.DCRFLI.LCH.w_last0_ff2"  +all +trace_process

ucli% fsdbDumpflush 
*Verdi* : Flush all FSDB Files at 0 ps.

ucli% fsdbDumpvars 0 "simulator.DCRFLI.LCH.w_new_stream"  +all +trace_process

ucli% fsdbDumpflush 
*Verdi* : Flush all FSDB Files at 0 ps.

ucli% if {[catch {ucliCore::setFocus tool}]} {}

ucli% fsdbDumpvars 0 "simulator.DCRFLI.LCH.i_trigger"  +all +trace_process

ucli% fsdbDumpflush 
*Verdi* : Flush all FSDB Files at 0 ps.

ucli% fsdbDumpvars 0 "simulator.DCRFLI.LCH.i_dc_armed\[23:0\]"  +all +trace_process

ucli% fsdbDumpflush 
*Verdi* : Flush all FSDB Files at 0 ps.

ucli% fsdbDumpvars 0 "simulator.DCRFLI.LCH.i_rf_armed\[5:0\]"  +all +trace_process

ucli% fsdbDumpflush 
*Verdi* : Flush all FSDB Files at 0 ps.

ucli% fsdbDumpvars 0 "simulator.DCRFLI.LCH.i_li_armed\[0:0\]"  +all +trace_process

ucli% fsdbDumpflush 
*Verdi* : Flush all FSDB Files at 0 ps.

ucli% fsdbDumpvars 0 "simulator.DCRFLI.LCH.r_dc_armed\[23:0\]"  +all +trace_process

ucli% fsdbDumpflush 
*Verdi* : Flush all FSDB Files at 0 ps.

ucli% fsdbDumpvars 0 "simulator.DCRFLI.LCH.r_rf_armed\[5:0\]"  +all +trace_process

ucli% fsdbDumpflush 
*Verdi* : Flush all FSDB Files at 0 ps.

ucli% fsdbDumpvars 0 "simulator.DCRFLI.LCH.r_li_armed\[0:0\]"  +all +trace_process

ucli% fsdbDumpflush 
*Verdi* : Flush all FSDB Files at 0 ps.

ucli% fsdbDumpvars 0 "simulator.DCRFLI.LCH.w_dc_ready"  +all +trace_process

ucli% fsdbDumpflush 
*Verdi* : Flush all FSDB Files at 0 ps.

ucli% fsdbDumpvars 0 "simulator.DCRFLI.LCH.w_rf_ready"  +all +trace_process

ucli% fsdbDumpflush 
*Verdi* : Flush all FSDB Files at 0 ps.

ucli% fsdbDumpvars 0 "simulator.DCRFLI.LCH.w_li_ready"  +all +trace_process

ucli% fsdbDumpflush 
*Verdi* : Flush all FSDB Files at 0 ps.

ucli% fsdbDumpvars 0 "simulator.DCRFLI.LCH.w_all_ready"  +all +trace_process

ucli% fsdbDumpflush 
*Verdi* : Flush all FSDB Files at 0 ps.

ucli% if {[catch {ucliCore::setFocus tool}]} {}

ucli% fsdbDumpvars 0 "simulator.DCRFLI.LCH.o_dc_start\[23:0\]"  +all +trace_process

ucli% fsdbDumpflush 
*Verdi* : Flush all FSDB Files at 0 ps.

ucli% fsdbDumpvars 0 "simulator.DCRFLI.LCH.o_rf_start\[5:0\]"  +all +trace_process

ucli% fsdbDumpflush 
*Verdi* : Flush all FSDB Files at 0 ps.

ucli% fsdbDumpvars 0 "simulator.DCRFLI.LCH.o_li_start\[0:0\]"  +all +trace_process

ucli% fsdbDumpflush 
*Verdi* : Flush all FSDB Files at 0 ps.

ucli% if {[catch {ucliCore::setFocus tool}]} {}

ucli% fsdbDumpvars 0 "simulator.DC_IO_GEN\[23\].REGS.AXIL_REGS.i_aclk"  +all +trace_process

ucli% fsdbDumpflush 
*Verdi* : Flush all FSDB Files at 0 ps.

ucli% fsdbDumpvars 0 "simulator.DC_IO_GEN\[23\].REGS.AXIL_REGS.i_aresetn"  +all +trace_process

ucli% fsdbDumpflush 
*Verdi* : Flush all FSDB Files at 0 ps.

ucli% fsdbDumpvars 0 "simulator.DC_IO_GEN\[23\].REGS.AXIL_REGS.r_regs\[0:31\]\[31:0\]"  +all +trace_process

ucli% fsdbDumpflush 
*Verdi* : Flush all FSDB Files at 0 ps.

ucli% fsdbDumpvars 0 "simulator.DC_IO_GEN\[23\].REGS.AXIL_REGS.o_regs\[0:31\]\[31:0\]"  +all +trace_process

ucli% fsdbDumpflush 
*Verdi* : Flush all FSDB Files at 0 ps.

ucli% if {[catch {ucliCore::setFocus tool}]} {}

ucli% fsdbDumpvars 0 "simulator.DC_IO_GEN\[23\].REGS.AXIL_REGS.o_awready"  +all +trace_process

ucli% fsdbDumpflush 
*Verdi* : Flush all FSDB Files at 0 ps.

ucli% fsdbDumpvars 0 "simulator.DC_IO_GEN\[23\].REGS.AXIL_REGS.i_awvalid"  +all +trace_process

ucli% fsdbDumpflush 
*Verdi* : Flush all FSDB Files at 0 ps.

ucli% fsdbDumpvars 0 "simulator.DC_IO_GEN\[23\].REGS.AXIL_REGS.i_awaddr\[6:0\]"  +all +trace_process

ucli% fsdbDumpflush 
*Verdi* : Flush all FSDB Files at 0 ps.

ucli% fsdbDumpvars 0 "simulator.DC_IO_GEN\[23\].REGS.AXIL_REGS.w_awireg\[4:0\]"  +all +trace_process

ucli% fsdbDumpflush 
*Verdi* : Flush all FSDB Files at 0 ps.

ucli% fsdbDumpvars 0 "simulator.DC_IO_GEN\[23\].REGS.AXIL_REGS.w_awls2b\[1:0\]"  +all +trace_process

ucli% fsdbDumpflush 
*Verdi* : Flush all FSDB Files at 0 ps.

ucli% if {[catch {ucliCore::setFocus tool}]} {}

ucli% fsdbDumpvars 0 "simulator.DC_IO_GEN\[23\].REGS.AXIL_REGS.o_wready"  +all +trace_process

ucli% fsdbDumpflush 
*Verdi* : Flush all FSDB Files at 0 ps.

ucli% fsdbDumpvars 0 "simulator.DC_IO_GEN\[23\].REGS.AXIL_REGS.i_wvalid"  +all +trace_process

ucli% fsdbDumpflush 
*Verdi* : Flush all FSDB Files at 0 ps.

ucli% fsdbDumpvars 0 "simulator.DC_IO_GEN\[23\].REGS.AXIL_REGS.i_wdata\[31:0\]"  +all +trace_process

ucli% fsdbDumpflush 
*Verdi* : Flush all FSDB Files at 0 ps.

ucli% fsdbDumpvars 0 "simulator.DC_IO_GEN\[23\].REGS.AXIL_REGS.i_wstrb\[3:0\]"  +all +trace_process

ucli% fsdbDumpflush 
*Verdi* : Flush all FSDB Files at 0 ps.

ucli% fsdbDumpvars 0 "simulator.DC_IO_GEN\[23\].REGS.AXIL_REGS.w_wdatastrb\[31:0\]"  +all +trace_process

ucli% fsdbDumpflush 
*Verdi* : Flush all FSDB Files at 0 ps.

ucli% if {[catch {ucliCore::setFocus tool}]} {}

ucli% fsdbDumpvars 0 "simulator.DC_IO_GEN\[23\].REGS.AXIL_REGS.i_bready"  +all +trace_process

ucli% fsdbDumpflush 
*Verdi* : Flush all FSDB Files at 0 ps.

ucli% fsdbDumpvars 0 "simulator.DC_IO_GEN\[23\].REGS.AXIL_REGS.o_bvalid"  +all +trace_process

ucli% fsdbDumpflush 
*Verdi* : Flush all FSDB Files at 0 ps.

ucli% fsdbDumpvars 0 "simulator.DC_IO_GEN\[23\].REGS.AXIL_REGS.o_bresp\[1:0\]"  +all +trace_process

ucli% fsdbDumpflush 
*Verdi* : Flush all FSDB Files at 0 ps.

ucli% if {[catch {ucliCore::setFocus tool}]} {}

ucli% fsdbDumpvars 0 "simulator.DC_IO_GEN\[23\].REGS.AXIL_REGS.o_arready"  +all +trace_process

ucli% fsdbDumpflush 
*Verdi* : Flush all FSDB Files at 0 ps.

ucli% fsdbDumpvars 0 "simulator.DC_IO_GEN\[23\].REGS.AXIL_REGS.i_arvalid"  +all +trace_process

ucli% fsdbDumpflush 
*Verdi* : Flush all FSDB Files at 0 ps.

ucli% fsdbDumpvars 0 "simulator.DC_IO_GEN\[23\].REGS.AXIL_REGS.i_araddr\[6:0\]"  +all +trace_process

ucli% fsdbDumpflush 
*Verdi* : Flush all FSDB Files at 0 ps.

ucli% fsdbDumpvars 0 "simulator.DC_IO_GEN\[23\].REGS.AXIL_REGS.w_arireg\[4:0\]"  +all +trace_process

ucli% fsdbDumpflush 
*Verdi* : Flush all FSDB Files at 0 ps.

ucli% fsdbDumpvars 0 "simulator.DC_IO_GEN\[23\].REGS.AXIL_REGS.w_arls2b\[1:0\]"  +all +trace_process

ucli% fsdbDumpflush 
*Verdi* : Flush all FSDB Files at 0 ps.

ucli% if {[catch {ucliCore::setFocus tool}]} {}

ucli% fsdbDumpvars 0 "simulator.DC_IO_GEN\[23\].REGS.AXIL_REGS.i_rready"  +all +trace_process

ucli% fsdbDumpflush 
*Verdi* : Flush all FSDB Files at 0 ps.

ucli% fsdbDumpvars 0 "simulator.DC_IO_GEN\[23\].REGS.AXIL_REGS.o_rvalid"  +all +trace_process

ucli% fsdbDumpflush 
*Verdi* : Flush all FSDB Files at 0 ps.

ucli% fsdbDumpvars 0 "simulator.DC_IO_GEN\[23\].REGS.AXIL_REGS.o_rdata\[31:0\]"  +all +trace_process

ucli% fsdbDumpflush 
*Verdi* : Flush all FSDB Files at 0 ps.

ucli% fsdbDumpvars 0 "simulator.DC_IO_GEN\[23\].REGS.AXIL_REGS.o_rresp\[1:0\]"  +all +trace_process

ucli% fsdbDumpflush 
*Verdi* : Flush all FSDB Files at 0 ps.

ucli% if {[catch {ucliCore::setFocus tool}]} {}

ucli% fsdbDumpvars 0 "simulator.DCRFLI.DC_GEN\[23\].DC.SEQ.i_clk"  +all +trace_process

ucli% fsdbDumpflush 
*Verdi* : Flush all FSDB Files at 0 ps.

ucli% fsdbDumpvars 0 "simulator.DCRFLI.DC_GEN\[23\].DC.SEQ.i_rst"  +all +trace_process

ucli% fsdbDumpflush 
*Verdi* : Flush all FSDB Files at 0 ps.

ucli% fsdbDumpvars 0 "simulator.DCRFLI.DC_GEN\[23\].DC.SEQ.w_propagate"  +all +trace_process

ucli% fsdbDumpflush 
*Verdi* : Flush all FSDB Files at 0 ps.

ucli% if {[catch {ucliCore::setFocus tool}]} {}

ucli% fsdbDumpvars 0 "simulator.DCRFLI.DC_GEN\[23\].DC.SEQ.i_regs\[0:31\]\[31:0\]"  +all +trace_process

ucli% fsdbDumpflush 
*Verdi* : Flush all FSDB Files at 0 ps.

ucli% fsdbDumpvars 0 "simulator.DCRFLI.DC_GEN\[23\].DC.SEQ.w_last0"  +all +trace_process

ucli% fsdbDumpflush 
*Verdi* : Flush all FSDB Files at 0 ps.

ucli% fsdbDumpvars 0 "simulator.DCRFLI.DC_GEN\[23\].DC.SEQ.w_last0_ff1"  +all +trace_process

ucli% fsdbDumpflush 
*Verdi* : Flush all FSDB Files at 0 ps.

ucli% fsdbDumpvars 0 "simulator.DCRFLI.DC_GEN\[23\].DC.SEQ.w_last0_ff2"  +all +trace_process

ucli% fsdbDumpflush 
*Verdi* : Flush all FSDB Files at 0 ps.

ucli% fsdbDumpvars 0 "simulator.DCRFLI.DC_GEN\[23\].DC.SEQ.w_new_sequence"  +all +trace_process

ucli% fsdbDumpflush 
*Verdi* : Flush all FSDB Files at 0 ps.

ucli% if {[catch {ucliCore::setFocus tool}]} {}

ucli% fsdbDumpvars 0 "simulator.DCRFLI.DC_GEN\[23\].DC.SEQ.r_sequence\[0:9\]\[91:0\]"  +all +trace_process

ucli% fsdbDumpflush 
*Verdi* : Flush all FSDB Files at 0 ps.

ucli% fsdbDumpvars 0 "simulator.DCRFLI.DC_GEN\[23\].DC.SEQ.r_iters\[10:0\]"  +all +trace_process

ucli% fsdbDumpflush 
*Verdi* : Flush all FSDB Files at 0 ps.

ucli% fsdbDumpvars 0 "simulator.DCRFLI.DC_GEN\[23\].DC.SEQ.r_iptr\[3:0\]"  +all +trace_process

ucli% fsdbDumpflush 
*Verdi* : Flush all FSDB Files at 0 ps.

ucli% fsdbDumpvars 0 "simulator.DCRFLI.DC_GEN\[23\].DC.SEQ.w_insn_fetch\[91:0\]"  +all +trace_process

ucli% fsdbDumpflush 
*Verdi* : Flush all FSDB Files at 0 ps.

ucli% fsdbDumpvars 0 "simulator.DCRFLI.DC_GEN\[23\].DC.SEQ.w_insn_bubble"  +all +trace_process

ucli% fsdbDumpflush 
*Verdi* : Flush all FSDB Files at 0 ps.

ucli% fsdbDumpvars 0 "simulator.DCRFLI.DC_GEN\[23\].DC.SEQ.w_iptr_plus1\[3:0\]"  +all +trace_process

ucli% fsdbDumpflush 
*Verdi* : Flush all FSDB Files at 0 ps.

ucli% fsdbDumpvars 0 "simulator.DCRFLI.DC_GEN\[23\].DC.SEQ.w_next_null"  +all +trace_process

ucli% fsdbDumpflush 
*Verdi* : Flush all FSDB Files at 0 ps.

ucli% if {[catch {ucliCore::setFocus tool}]} {}

ucli% fsdbDumpvars 0 "simulator.DCRFLI.DC_GEN\[23\].DC.SEQ.o_empty"  +all +trace_process

ucli% fsdbDumpflush 
*Verdi* : Flush all FSDB Files at 0 ps.

ucli% fsdbDumpvars 0 "simulator.DCRFLI.DC_GEN\[23\].DC.SEQ.i_next"  +all +trace_process

ucli% fsdbDumpflush 
*Verdi* : Flush all FSDB Files at 0 ps.

ucli% fsdbDumpvars 0 "simulator.DCRFLI.DC_GEN\[23\].DC.SEQ.o_addr\[3:0\]"  +all +trace_process

ucli% fsdbDumpflush 
*Verdi* : Flush all FSDB Files at 0 ps.

ucli% fsdbDumpvars 0 "simulator.DCRFLI.DC_GEN\[23\].DC.SEQ.o_insn\[91:0\]"  +all +trace_process

ucli% fsdbDumpflush 
*Verdi* : Flush all FSDB Files at 0 ps.

ucli% fsdbDumpvars 0 "simulator.DCRFLI.DC_GEN\[23\].DC.SEQ.r_iptr_modify\[3:0\]"  +all +trace_process

ucli% fsdbDumpflush 
*Verdi* : Flush all FSDB Files at 0 ps.

ucli% fsdbDumpvars 0 "simulator.DCRFLI.DC_GEN\[23\].DC.SEQ.i_insn_modified\[91:0\]"  +all +trace_process

ucli% fsdbDumpflush 
*Verdi* : Flush all FSDB Files at 0 ps.

ucli% if {[catch {ucliCore::setFocus tool}]} {}

ucli% fsdbDumpvars 0 "simulator.DCRFLI.DC_GEN\[23\].DC.CORE.i_clk"  +all +trace_process

ucli% fsdbDumpflush 
*Verdi* : Flush all FSDB Files at 0 ps.

ucli% fsdbDumpvars 0 "simulator.DCRFLI.DC_GEN\[23\].DC.CORE.i_rst"  +all +trace_process

ucli% fsdbDumpflush 
*Verdi* : Flush all FSDB Files at 0 ps.

ucli% fsdbDumpvars 0 "simulator.DCRFLI.DC_GEN\[23\].DC.CORE.w_stall"  +all +trace_process

ucli% fsdbDumpflush 
*Verdi* : Flush all FSDB Files at 0 ps.

ucli% if {[catch {ucliCore::setFocus tool}]} {}

ucli% fsdbDumpvars 0 "simulator.DCRFLI.DC_GEN\[23\].DC.CORE.d"  +all +trace_process

ucli% fsdbDumpflush 
*Verdi* : Flush all FSDB Files at 0 ps.

ucli% fsdbDumpvars 0 "simulator.DCRFLI.DC_GEN\[23\].DC.CORE.i_empty"  +all +trace_process

ucli% fsdbDumpflush 
*Verdi* : Flush all FSDB Files at 0 ps.

ucli% fsdbDumpvars 0 "simulator.DCRFLI.DC_GEN\[23\].DC.CORE.o_next"  +all +trace_process

ucli% fsdbDumpflush 
*Verdi* : Flush all FSDB Files at 0 ps.

ucli% fsdbDumpvars 0 "simulator.DCRFLI.DC_GEN\[23\].DC.CORE.i_addr\[3:0\]"  +all +trace_process

ucli% fsdbDumpflush 
*Verdi* : Flush all FSDB Files at 0 ps.

ucli% fsdbDumpvars 0 "simulator.DCRFLI.DC_GEN\[23\].DC.CORE.i_insn\[91:0\]"  +all +trace_process

ucli% fsdbDumpflush 
*Verdi* : Flush all FSDB Files at 0 ps.

ucli% fsdbDumpvars 0 "simulator.DCRFLI.DC_GEN\[23\].DC.CORE.o_insn_modified"  +all +trace_process

ucli% fsdbDumpflush 
*Verdi* : Flush all FSDB Files at 0 ps.

ucli% if {[catch {ucliCore::setFocus tool}]} {}

ucli% fsdbDumpvars 0 "simulator.DCRFLI.DC_GEN\[23\].DC.CORE.i"  +all +trace_process

ucli% fsdbDumpflush 
*Verdi* : Flush all FSDB Files at 0 ps.

ucli% if {[catch {ucliCore::setFocus tool}]} {}

ucli% fsdbDumpvars 0 "simulator.DCRFLI.DC_GEN\[23\].DC.CORE.s"  +all +trace_process

ucli% fsdbDumpflush 
*Verdi* : Flush all FSDB Files at 0 ps.

ucli% fsdbDumpvars 0 "simulator.DCRFLI.DC_GEN\[23\].DC.CORE.w_dvsr\[15:0\]"  +all +trace_process

ucli% fsdbDumpflush 
*Verdi* : Flush all FSDB Files at 0 ps.

ucli% fsdbDumpvars 0 "simulator.DCRFLI.DC_GEN\[23\].DC.CORE.w_spi_dout\[23:0\]"  +all +trace_process

ucli% fsdbDumpflush 
*Verdi* : Flush all FSDB Files at 0 ps.

ucli% fsdbDumpvars 0 "simulator.DCRFLI.DC_GEN\[23\].DC.CORE.w_spi_done"  +all +trace_process

ucli% fsdbDumpflush 
*Verdi* : Flush all FSDB Files at 0 ps.

ucli% fsdbDumpvars 0 "simulator.DCRFLI.DC_GEN\[23\].DC.CORE.o_armed"  +all +trace_process

ucli% fsdbDumpflush 
*Verdi* : Flush all FSDB Files at 0 ps.

ucli% fsdbDumpvars 0 "simulator.DCRFLI.DC_GEN\[23\].DC.CORE.i_start"  +all +trace_process

ucli% fsdbDumpflush 
*Verdi* : Flush all FSDB Files at 0 ps.

ucli% if {[catch {ucliCore::setFocus tool}]} {}

ucli% fsdbDumpvars 0 "simulator.DCRFLI.DC_GEN\[23\].DC.CORE.o_sclk"  +all +trace_process

ucli% fsdbDumpflush 
*Verdi* : Flush all FSDB Files at 0 ps.

ucli% fsdbDumpvars 0 "simulator.DCRFLI.DC_GEN\[23\].DC.CORE.o_mosi"  +all +trace_process

ucli% fsdbDumpflush 
*Verdi* : Flush all FSDB Files at 0 ps.

ucli% fsdbDumpvars 0 "simulator.DCRFLI.DC_GEN\[23\].DC.CORE.i_miso"  +all +trace_process

ucli% fsdbDumpflush 
*Verdi* : Flush all FSDB Files at 0 ps.

ucli% fsdbDumpvars 0 "simulator.DCRFLI.DC_GEN\[23\].DC.CORE.o_cs_n"  +all +trace_process

ucli% fsdbDumpflush 
*Verdi* : Flush all FSDB Files at 0 ps.

ucli% fsdbDumpvars 0 "simulator.DCRFLI.DC_GEN\[23\].DC.CORE.o_ldac_n"  +all +trace_process

ucli% fsdbDumpflush 
*Verdi* : Flush all FSDB Files at 0 ps.

ucli% if {[catch {ucliCore::setFocus tool}]} {}

ucli% fsdbDumpvars 0 "simulator.DCRFLI.DC_GEN\[23\].DC.CORE.h"  +all +trace_process

ucli% fsdbDumpflush 
*Verdi* : Flush all FSDB Files at 0 ps.

ucli% fsdbDumpvars 0 "simulator.DCRFLI.DC_GEN\[23\].DC.CORE.o_next"  +all +trace_process

ucli% fsdbDumpflush 
*Verdi* : Flush all FSDB Files at 0 ps.

ucli% fsdbDumpvars 0 "simulator.DCRFLI.DC_GEN\[23\].DC.CORE.o_addr\[3:0\]"  +all +trace_process

ucli% fsdbDumpflush 
*Verdi* : Flush all FSDB Files at 0 ps.

ucli% fsdbDumpvars 0 "simulator.DCRFLI.DC_GEN\[23\].DC.CORE.o_iter\[9:0\]"  +all +trace_process

ucli% fsdbDumpflush 
*Verdi* : Flush all FSDB Files at 0 ps.

ucli% fsdbDumpvars 0 "simulator.DCRFLI.DC_GEN\[23\].DC.CORE.o_spi_din\[23:0\]"  +all +trace_process

ucli% fsdbDumpflush 
*Verdi* : Flush all FSDB Files at 0 ps.

ucli% fsdbDumpvars 0 "simulator.DCRFLI.DC_GEN\[23\].DC.CORE.o_spi_rd"  +all +trace_process

ucli% fsdbDumpflush 
*Verdi* : Flush all FSDB Files at 0 ps.

ucli% fsdbDumpvars 0 "simulator.DCRFLI.DC_GEN\[23\].DC.CORE.o_spi_dout\[23:0\]"  +all +trace_process

ucli% fsdbDumpflush 
*Verdi* : Flush all FSDB Files at 0 ps.

ucli% fsdbDumpvars 0 "simulator.DCRFLI.DC_GEN\[23\].DC.CORE.o_cycles_left\[29:0\]"  +all +trace_process

ucli% fsdbDumpflush 
*Verdi* : Flush all FSDB Files at 0 ps.

ucli% if {[catch {ucliCore::setFocus tool}]} {}

ucli% fsdbDumpvars 0 "simulator.DC_IO_GEN\[23\].DAC.valid_transaction"  +all +trace_process
*Verdi* : Dumping the signal (simulator.DC_IO_GEN[23].DAC.valid_transaction).

ucli% fsdbDumpflush 
*Verdi* : Flush all FSDB Files at 0 ps.

ucli% if {[catch {ucliCore::setFocus tool}]} {}

ucli% fsdbDumpvars 0 "simulator.DC_IO_GEN\[23\].DAC.input_shift_reg"  +all +trace_process
*Verdi* : Dumping the signal (simulator.DC_IO_GEN[23].DAC.input_shift_reg).

ucli% fsdbDumpflush 
*Verdi* : Flush all FSDB Files at 0 ps.

ucli% if {[catch {ucliCore::setFocus tool}]} {}

ucli% fsdbDumpvars 0 "simulator.DC_IO_GEN\[23\].DAC.rw"  +all +trace_process
*Verdi* : Dumping the signal (simulator.DC_IO_GEN[23].DAC.rw).

ucli% fsdbDumpflush 
*Verdi* : Flush all FSDB Files at 0 ps.

ucli% if {[catch {ucliCore::setFocus tool}]} {}

ucli% fsdbDumpvars 0 "simulator.DC_IO_GEN\[23\].DAC.addr"  +all +trace_process
*Verdi* : Dumping the signal (simulator.DC_IO_GEN[23].DAC.addr).

ucli% fsdbDumpflush 
*Verdi* : Flush all FSDB Files at 0 ps.

ucli% if {[catch {ucliCore::setFocus tool}]} {}

ucli% fsdbDumpvars 0 "simulator.DC_IO_GEN\[23\].DAC.data"  +all +trace_process
*Verdi* : Dumping the signal (simulator.DC_IO_GEN[23].DAC.data).

ucli% fsdbDumpflush 
*Verdi* : Flush all FSDB Files at 0 ps.

ucli% if {[catch {ucliCore::setFocus tool}]} {}

ucli% fsdbDumpvars 0 "simulator.DC_IO_GEN\[23\].DAC.rd_data"  +all +trace_process
*Verdi* : Dumping the signal (simulator.DC_IO_GEN[23].DAC.rd_data).

ucli% fsdbDumpflush 
*Verdi* : Flush all FSDB Files at 0 ps.

ucli% if {[catch {ucliCore::setFocus tool}]} {}

ucli% fsdbDumpvars 0 "simulator.DC_IO_GEN\[23\].DAC.SCLK"  +all +trace_process
*Verdi* : Dumping the signal (simulator.DC_IO_GEN[23].DAC.SCLK).

ucli% fsdbDumpflush 
*Verdi* : Flush all FSDB Files at 0 ps.

ucli% if {[catch {ucliCore::setFocus tool}]} {}

ucli% fsdbDumpvars 0 "simulator.DC_IO_GEN\[23\].DAC.SDIN"  +all +trace_process
*Verdi* : Dumping the signal (simulator.DC_IO_GEN[23].DAC.SDIN).

ucli% fsdbDumpflush 
*Verdi* : Flush all FSDB Files at 0 ps.

ucli% if {[catch {ucliCore::setFocus tool}]} {}

ucli% fsdbDumpvars 0 "simulator.DC_IO_GEN\[23\].DAC.SYNC_N"  +all +trace_process
*Verdi* : Dumping the signal (simulator.DC_IO_GEN[23].DAC.SYNC_N).

ucli% fsdbDumpflush 
*Verdi* : Flush all FSDB Files at 0 ps.

ucli% if {[catch {ucliCore::setFocus tool}]} {}

ucli% fsdbDumpvars 0 "simulator.DC_IO_GEN\[23\].DAC.SDO"  +all +trace_process
*Verdi* : Dumping the signal (simulator.DC_IO_GEN[23].DAC.SDO).

ucli% fsdbDumpflush 
*Verdi* : Flush all FSDB Files at 0 ps.

ucli% if {[catch {ucliCore::setFocus tool}]} {}

ucli% fsdbDumpvars 0 "simulator.DC_IO_GEN\[23\].DAC.LDAC_N"  +all +trace_process
*Verdi* : Dumping the signal (simulator.DC_IO_GEN[23].DAC.LDAC_N).

ucli% fsdbDumpflush 
*Verdi* : Flush all FSDB Files at 0 ps.

ucli% if {[catch {ucliCore::setFocus tool}]} {}

ucli% fsdbDumpvars 0 "simulator.DC_IO_GEN\[23\].DAC.CLR_N"  +all +trace_process
*Verdi* : Dumping the signal (simulator.DC_IO_GEN[23].DAC.CLR_N).

ucli% fsdbDumpflush 
*Verdi* : Flush all FSDB Files at 0 ps.

ucli% if {[catch {ucliCore::setFocus tool}]} {}

ucli% fsdbDumpvars 0 "simulator.DC_IO_GEN\[23\].DAC.RESET_N"  +all +trace_process
*Verdi* : Dumping the signal (simulator.DC_IO_GEN[23].DAC.RESET_N).

ucli% fsdbDumpflush 
*Verdi* : Flush all FSDB Files at 0 ps.

ucli% if {[catch {ucliCore::setFocus tool}]} {}

ucli% fsdbDumpvars 0 "simulator.DC_IO_GEN\[23\].DAC.dac_reg"  +all +trace_process
*Verdi* : Dumping the signal (simulator.DC_IO_GEN[23].DAC.dac_reg).

ucli% fsdbDumpflush 
*Verdi* : Flush all FSDB Files at 0 ps.

ucli% if {[catch {ucliCore::setFocus tool}]} {}

ucli% fsdbDumpvars 0 "simulator.DC_IO_GEN\[23\].DAC.ctrl_reg"  +all +trace_process
*Verdi* : Dumping the signal (simulator.DC_IO_GEN[23].DAC.ctrl_reg).

ucli% fsdbDumpflush 
*Verdi* : Flush all FSDB Files at 0 ps.

ucli% if {[catch {ucliCore::setFocus tool}]} {}

ucli% fsdbDumpvars 0 "simulator.DC_IO_GEN\[23\].DAC.clrcode_reg"  +all +trace_process
*Verdi* : Dumping the signal (simulator.DC_IO_GEN[23].DAC.clrcode_reg).

ucli% fsdbDumpflush 
*Verdi* : Flush all FSDB Files at 0 ps.

ucli% if {[catch {ucliCore::setFocus tool}]} {}

ucli% fsdbDumpvars 0 "simulator.DC_IO_GEN\[23\].DAC.sw_ctrl_reg"  +all +trace_process
*Verdi* : Dumping the signal (simulator.DC_IO_GEN[23].DAC.sw_ctrl_reg).

ucli% fsdbDumpflush 
*Verdi* : Flush all FSDB Files at 0 ps.

ucli% if {[catch {ucliCore::setFocus tool}]} {}

ucli% fsdbDumpvars 0 "simulator.DC_IO_GEN\[23\].DAC.dac_input_reg"  +all +trace_process
*Verdi* : Dumping the signal (simulator.DC_IO_GEN[23].DAC.dac_input_reg).

ucli% fsdbDumpflush 
*Verdi* : Flush all FSDB Files at 0 ps.

ucli% if {[catch {ucliCore::setFocus tool}]} {}

ucli% fsdbDumpvars 0 "simulator.DC_IO_GEN\[23\].DAC.SDODIS"  +all +trace_process
*Verdi* : Dumping the signal (simulator.DC_IO_GEN[23].DAC.SDODIS).

ucli% fsdbDumpflush 
*Verdi* : Flush all FSDB Files at 0 ps.

ucli% if {[catch {ucliCore::setFocus tool}]} {}

ucli% fsdbDumpvars 0 "simulator.DC_IO_GEN\[23\].DAC.DACTRI"  +all +trace_process
*Verdi* : Dumping the signal (simulator.DC_IO_GEN[23].DAC.DACTRI).

ucli% fsdbDumpflush 
*Verdi* : Flush all FSDB Files at 0 ps.

ucli% if {[catch {ucliCore::setFocus tool}]} {}

ucli% fsdbDumpvars 0 "simulator.DC_IO_GEN\[23\].DAC.OPGND"  +all +trace_process
*Verdi* : Dumping the signal (simulator.DC_IO_GEN[23].DAC.OPGND).

ucli% fsdbDumpflush 
*Verdi* : Flush all FSDB Files at 0 ps.

ucli% if {[catch {ucliCore::setFocus tool}]} {}

ucli% fsdbDumpvars 0 "simulator.DC_IO_GEN\[23\].DAC.VOUT"  +all +trace_process
*Verdi* : Dumping the signal (simulator.DC_IO_GEN[23].DAC.VOUT).

ucli% fsdbDumpflush 
*Verdi* : Flush all FSDB Files at 0 ps.

ucli% if {[catch {ucliCore::setFocus tool}]} {}

ucli% fsdbDumpvars 0 "simulator.DC_IO_GEN\[23\].DAC.VDIGITAL"  +all +trace_process
*Verdi* : Dumping the signal (simulator.DC_IO_GEN[23].DAC.VDIGITAL).

ucli% fsdbDumpflush 
*Verdi* : Flush all FSDB Files at 0 ps.

ucli% if {[catch {ucliCore::setFocus tool}]} {}

ucli% fsdbDumpvars 0 "simulator.DC_IO_GEN\[22\].REGS.AXIL_REGS.i_aclk"  +all +trace_process

ucli% fsdbDumpflush 
*Verdi* : Flush all FSDB Files at 0 ps.

ucli% fsdbDumpvars 0 "simulator.DC_IO_GEN\[22\].REGS.AXIL_REGS.i_aresetn"  +all +trace_process

ucli% fsdbDumpflush 
*Verdi* : Flush all FSDB Files at 0 ps.

ucli% fsdbDumpvars 0 "simulator.DC_IO_GEN\[22\].REGS.AXIL_REGS.r_regs\[0:31\]\[31:0\]"  +all +trace_process

ucli% fsdbDumpflush 
*Verdi* : Flush all FSDB Files at 0 ps.

ucli% fsdbDumpvars 0 "simulator.DC_IO_GEN\[22\].REGS.AXIL_REGS.o_regs\[0:31\]\[31:0\]"  +all +trace_process

ucli% fsdbDumpflush 
*Verdi* : Flush all FSDB Files at 0 ps.

ucli% if {[catch {ucliCore::setFocus tool}]} {}

ucli% fsdbDumpvars 0 "simulator.DC_IO_GEN\[22\].REGS.AXIL_REGS.o_awready"  +all +trace_process

ucli% fsdbDumpflush 
*Verdi* : Flush all FSDB Files at 0 ps.

ucli% fsdbDumpvars 0 "simulator.DC_IO_GEN\[22\].REGS.AXIL_REGS.i_awvalid"  +all +trace_process

ucli% fsdbDumpflush 
*Verdi* : Flush all FSDB Files at 0 ps.

ucli% fsdbDumpvars 0 "simulator.DC_IO_GEN\[22\].REGS.AXIL_REGS.i_awaddr\[6:0\]"  +all +trace_process

ucli% fsdbDumpflush 
*Verdi* : Flush all FSDB Files at 0 ps.

ucli% fsdbDumpvars 0 "simulator.DC_IO_GEN\[22\].REGS.AXIL_REGS.w_awireg\[4:0\]"  +all +trace_process

ucli% fsdbDumpflush 
*Verdi* : Flush all FSDB Files at 0 ps.

ucli% fsdbDumpvars 0 "simulator.DC_IO_GEN\[22\].REGS.AXIL_REGS.w_awls2b\[1:0\]"  +all +trace_process

ucli% fsdbDumpflush 
*Verdi* : Flush all FSDB Files at 0 ps.

ucli% if {[catch {ucliCore::setFocus tool}]} {}

ucli% fsdbDumpvars 0 "simulator.DC_IO_GEN\[22\].REGS.AXIL_REGS.o_wready"  +all +trace_process

ucli% fsdbDumpflush 
*Verdi* : Flush all FSDB Files at 0 ps.

ucli% fsdbDumpvars 0 "simulator.DC_IO_GEN\[22\].REGS.AXIL_REGS.i_wvalid"  +all +trace_process

ucli% fsdbDumpflush 
*Verdi* : Flush all FSDB Files at 0 ps.

ucli% fsdbDumpvars 0 "simulator.DC_IO_GEN\[22\].REGS.AXIL_REGS.i_wdata\[31:0\]"  +all +trace_process

ucli% fsdbDumpflush 
*Verdi* : Flush all FSDB Files at 0 ps.

ucli% fsdbDumpvars 0 "simulator.DC_IO_GEN\[22\].REGS.AXIL_REGS.i_wstrb\[3:0\]"  +all +trace_process

ucli% fsdbDumpflush 
*Verdi* : Flush all FSDB Files at 0 ps.

ucli% fsdbDumpvars 0 "simulator.DC_IO_GEN\[22\].REGS.AXIL_REGS.w_wdatastrb\[31:0\]"  +all +trace_process

ucli% fsdbDumpflush 
*Verdi* : Flush all FSDB Files at 0 ps.

ucli% if {[catch {ucliCore::setFocus tool}]} {}

ucli% fsdbDumpvars 0 "simulator.DC_IO_GEN\[22\].REGS.AXIL_REGS.i_bready"  +all +trace_process

ucli% fsdbDumpflush 
*Verdi* : Flush all FSDB Files at 0 ps.

ucli% fsdbDumpvars 0 "simulator.DC_IO_GEN\[22\].REGS.AXIL_REGS.o_bvalid"  +all +trace_process

ucli% fsdbDumpflush 
*Verdi* : Flush all FSDB Files at 0 ps.

ucli% fsdbDumpvars 0 "simulator.DC_IO_GEN\[22\].REGS.AXIL_REGS.o_bresp\[1:0\]"  +all +trace_process

ucli% fsdbDumpflush 
*Verdi* : Flush all FSDB Files at 0 ps.

ucli% if {[catch {ucliCore::setFocus tool}]} {}

ucli% fsdbDumpvars 0 "simulator.DC_IO_GEN\[22\].REGS.AXIL_REGS.o_arready"  +all +trace_process

ucli% fsdbDumpflush 
*Verdi* : Flush all FSDB Files at 0 ps.

ucli% fsdbDumpvars 0 "simulator.DC_IO_GEN\[22\].REGS.AXIL_REGS.i_arvalid"  +all +trace_process

ucli% fsdbDumpflush 
*Verdi* : Flush all FSDB Files at 0 ps.

ucli% fsdbDumpvars 0 "simulator.DC_IO_GEN\[22\].REGS.AXIL_REGS.i_araddr\[6:0\]"  +all +trace_process

ucli% fsdbDumpflush 
*Verdi* : Flush all FSDB Files at 0 ps.

ucli% fsdbDumpvars 0 "simulator.DC_IO_GEN\[22\].REGS.AXIL_REGS.w_arireg\[4:0\]"  +all +trace_process

ucli% fsdbDumpflush 
*Verdi* : Flush all FSDB Files at 0 ps.

ucli% fsdbDumpvars 0 "simulator.DC_IO_GEN\[22\].REGS.AXIL_REGS.w_arls2b\[1:0\]"  +all +trace_process

ucli% fsdbDumpflush 
*Verdi* : Flush all FSDB Files at 0 ps.

ucli% if {[catch {ucliCore::setFocus tool}]} {}

ucli% fsdbDumpvars 0 "simulator.DC_IO_GEN\[22\].REGS.AXIL_REGS.i_rready"  +all +trace_process

ucli% fsdbDumpflush 
*Verdi* : Flush all FSDB Files at 0 ps.

ucli% fsdbDumpvars 0 "simulator.DC_IO_GEN\[22\].REGS.AXIL_REGS.o_rvalid"  +all +trace_process

ucli% fsdbDumpflush 
*Verdi* : Flush all FSDB Files at 0 ps.

ucli% fsdbDumpvars 0 "simulator.DC_IO_GEN\[22\].REGS.AXIL_REGS.o_rdata\[31:0\]"  +all +trace_process

ucli% fsdbDumpflush 
*Verdi* : Flush all FSDB Files at 0 ps.

ucli% fsdbDumpvars 0 "simulator.DC_IO_GEN\[22\].REGS.AXIL_REGS.o_rresp\[1:0\]"  +all +trace_process

ucli% fsdbDumpflush 
*Verdi* : Flush all FSDB Files at 0 ps.

ucli% if {[catch {ucliCore::setFocus tool}]} {}

ucli% fsdbDumpvars 0 "simulator.DCRFLI.DC_GEN\[22\].DC.SEQ.i_clk"  +all +trace_process

ucli% fsdbDumpflush 
*Verdi* : Flush all FSDB Files at 0 ps.

ucli% fsdbDumpvars 0 "simulator.DCRFLI.DC_GEN\[22\].DC.SEQ.i_rst"  +all +trace_process

ucli% fsdbDumpflush 
*Verdi* : Flush all FSDB Files at 0 ps.

ucli% fsdbDumpvars 0 "simulator.DCRFLI.DC_GEN\[22\].DC.SEQ.w_propagate"  +all +trace_process

ucli% fsdbDumpflush 
*Verdi* : Flush all FSDB Files at 0 ps.

ucli% if {[catch {ucliCore::setFocus tool}]} {}

ucli% fsdbDumpvars 0 "simulator.DCRFLI.DC_GEN\[22\].DC.SEQ.i_regs\[0:31\]\[31:0\]"  +all +trace_process

ucli% fsdbDumpflush 
*Verdi* : Flush all FSDB Files at 0 ps.

ucli% fsdbDumpvars 0 "simulator.DCRFLI.DC_GEN\[22\].DC.SEQ.w_last0"  +all +trace_process

ucli% fsdbDumpflush 
*Verdi* : Flush all FSDB Files at 0 ps.

ucli% fsdbDumpvars 0 "simulator.DCRFLI.DC_GEN\[22\].DC.SEQ.w_last0_ff1"  +all +trace_process

ucli% fsdbDumpflush 
*Verdi* : Flush all FSDB Files at 0 ps.

ucli% fsdbDumpvars 0 "simulator.DCRFLI.DC_GEN\[22\].DC.SEQ.w_last0_ff2"  +all +trace_process

ucli% fsdbDumpflush 
*Verdi* : Flush all FSDB Files at 0 ps.

ucli% fsdbDumpvars 0 "simulator.DCRFLI.DC_GEN\[22\].DC.SEQ.w_new_sequence"  +all +trace_process

ucli% fsdbDumpflush 
*Verdi* : Flush all FSDB Files at 0 ps.

ucli% if {[catch {ucliCore::setFocus tool}]} {}

ucli% fsdbDumpvars 0 "simulator.DCRFLI.DC_GEN\[22\].DC.SEQ.r_sequence\[0:9\]\[91:0\]"  +all +trace_process

ucli% fsdbDumpflush 
*Verdi* : Flush all FSDB Files at 0 ps.

ucli% fsdbDumpvars 0 "simulator.DCRFLI.DC_GEN\[22\].DC.SEQ.r_iters\[10:0\]"  +all +trace_process

ucli% fsdbDumpflush 
*Verdi* : Flush all FSDB Files at 0 ps.

ucli% fsdbDumpvars 0 "simulator.DCRFLI.DC_GEN\[22\].DC.SEQ.r_iptr\[3:0\]"  +all +trace_process

ucli% fsdbDumpflush 
*Verdi* : Flush all FSDB Files at 0 ps.

ucli% fsdbDumpvars 0 "simulator.DCRFLI.DC_GEN\[22\].DC.SEQ.w_insn_fetch\[91:0\]"  +all +trace_process

ucli% fsdbDumpflush 
*Verdi* : Flush all FSDB Files at 0 ps.

ucli% fsdbDumpvars 0 "simulator.DCRFLI.DC_GEN\[22\].DC.SEQ.w_insn_bubble"  +all +trace_process

ucli% fsdbDumpflush 
*Verdi* : Flush all FSDB Files at 0 ps.

ucli% fsdbDumpvars 0 "simulator.DCRFLI.DC_GEN\[22\].DC.SEQ.w_iptr_plus1\[3:0\]"  +all +trace_process

ucli% fsdbDumpflush 
*Verdi* : Flush all FSDB Files at 0 ps.

ucli% fsdbDumpvars 0 "simulator.DCRFLI.DC_GEN\[22\].DC.SEQ.w_next_null"  +all +trace_process

ucli% fsdbDumpflush 
*Verdi* : Flush all FSDB Files at 0 ps.

ucli% if {[catch {ucliCore::setFocus tool}]} {}

ucli% fsdbDumpvars 0 "simulator.DCRFLI.DC_GEN\[22\].DC.SEQ.o_empty"  +all +trace_process

ucli% fsdbDumpflush 
*Verdi* : Flush all FSDB Files at 0 ps.

ucli% fsdbDumpvars 0 "simulator.DCRFLI.DC_GEN\[22\].DC.SEQ.i_next"  +all +trace_process

ucli% fsdbDumpflush 
*Verdi* : Flush all FSDB Files at 0 ps.

ucli% fsdbDumpvars 0 "simulator.DCRFLI.DC_GEN\[22\].DC.SEQ.o_addr\[3:0\]"  +all +trace_process

ucli% fsdbDumpflush 
*Verdi* : Flush all FSDB Files at 0 ps.

ucli% fsdbDumpvars 0 "simulator.DCRFLI.DC_GEN\[22\].DC.SEQ.o_insn\[91:0\]"  +all +trace_process

ucli% fsdbDumpflush 
*Verdi* : Flush all FSDB Files at 0 ps.

ucli% fsdbDumpvars 0 "simulator.DCRFLI.DC_GEN\[22\].DC.SEQ.r_iptr_modify\[3:0\]"  +all +trace_process

ucli% fsdbDumpflush 
*Verdi* : Flush all FSDB Files at 0 ps.

ucli% fsdbDumpvars 0 "simulator.DCRFLI.DC_GEN\[22\].DC.SEQ.i_insn_modified\[91:0\]"  +all +trace_process

ucli% fsdbDumpflush 
*Verdi* : Flush all FSDB Files at 0 ps.

ucli% if {[catch {ucliCore::setFocus tool}]} {}

ucli% fsdbDumpvars 0 "simulator.DCRFLI.DC_GEN\[22\].DC.CORE.i_clk"  +all +trace_process

ucli% fsdbDumpflush 
*Verdi* : Flush all FSDB Files at 0 ps.

ucli% fsdbDumpvars 0 "simulator.DCRFLI.DC_GEN\[22\].DC.CORE.i_rst"  +all +trace_process

ucli% fsdbDumpflush 
*Verdi* : Flush all FSDB Files at 0 ps.

ucli% fsdbDumpvars 0 "simulator.DCRFLI.DC_GEN\[22\].DC.CORE.w_stall"  +all +trace_process

ucli% fsdbDumpflush 
*Verdi* : Flush all FSDB Files at 0 ps.

ucli% if {[catch {ucliCore::setFocus tool}]} {}

ucli% fsdbDumpvars 0 "simulator.DCRFLI.DC_GEN\[22\].DC.CORE.d"  +all +trace_process

ucli% fsdbDumpflush 
*Verdi* : Flush all FSDB Files at 0 ps.

ucli% fsdbDumpvars 0 "simulator.DCRFLI.DC_GEN\[22\].DC.CORE.i_empty"  +all +trace_process

ucli% fsdbDumpflush 
*Verdi* : Flush all FSDB Files at 0 ps.

ucli% fsdbDumpvars 0 "simulator.DCRFLI.DC_GEN\[22\].DC.CORE.o_next"  +all +trace_process

ucli% fsdbDumpflush 
*Verdi* : Flush all FSDB Files at 0 ps.

ucli% fsdbDumpvars 0 "simulator.DCRFLI.DC_GEN\[22\].DC.CORE.i_addr\[3:0\]"  +all +trace_process

ucli% fsdbDumpflush 
*Verdi* : Flush all FSDB Files at 0 ps.

ucli% fsdbDumpvars 0 "simulator.DCRFLI.DC_GEN\[22\].DC.CORE.i_insn\[91:0\]"  +all +trace_process

ucli% fsdbDumpflush 
*Verdi* : Flush all FSDB Files at 0 ps.

ucli% fsdbDumpvars 0 "simulator.DCRFLI.DC_GEN\[22\].DC.CORE.o_insn_modified"  +all +trace_process

ucli% fsdbDumpflush 
*Verdi* : Flush all FSDB Files at 0 ps.

ucli% if {[catch {ucliCore::setFocus tool}]} {}

ucli% fsdbDumpvars 0 "simulator.DCRFLI.DC_GEN\[22\].DC.CORE.i"  +all +trace_process

ucli% fsdbDumpflush 
*Verdi* : Flush all FSDB Files at 0 ps.

ucli% if {[catch {ucliCore::setFocus tool}]} {}

ucli% fsdbDumpvars 0 "simulator.DCRFLI.DC_GEN\[22\].DC.CORE.s"  +all +trace_process

ucli% fsdbDumpflush 
*Verdi* : Flush all FSDB Files at 0 ps.

ucli% fsdbDumpvars 0 "simulator.DCRFLI.DC_GEN\[22\].DC.CORE.w_dvsr\[15:0\]"  +all +trace_process

ucli% fsdbDumpflush 
*Verdi* : Flush all FSDB Files at 0 ps.

ucli% fsdbDumpvars 0 "simulator.DCRFLI.DC_GEN\[22\].DC.CORE.w_spi_dout\[23:0\]"  +all +trace_process

ucli% fsdbDumpflush 
*Verdi* : Flush all FSDB Files at 0 ps.

ucli% fsdbDumpvars 0 "simulator.DCRFLI.DC_GEN\[22\].DC.CORE.w_spi_done"  +all +trace_process

ucli% fsdbDumpflush 
*Verdi* : Flush all FSDB Files at 0 ps.

ucli% fsdbDumpvars 0 "simulator.DCRFLI.DC_GEN\[22\].DC.CORE.o_armed"  +all +trace_process

ucli% fsdbDumpflush 
*Verdi* : Flush all FSDB Files at 0 ps.

ucli% fsdbDumpvars 0 "simulator.DCRFLI.DC_GEN\[22\].DC.CORE.i_start"  +all +trace_process

ucli% fsdbDumpflush 
*Verdi* : Flush all FSDB Files at 0 ps.

ucli% if {[catch {ucliCore::setFocus tool}]} {}

ucli% fsdbDumpvars 0 "simulator.DCRFLI.DC_GEN\[22\].DC.CORE.o_sclk"  +all +trace_process

ucli% fsdbDumpflush 
*Verdi* : Flush all FSDB Files at 0 ps.

ucli% fsdbDumpvars 0 "simulator.DCRFLI.DC_GEN\[22\].DC.CORE.o_mosi"  +all +trace_process

ucli% fsdbDumpflush 
*Verdi* : Flush all FSDB Files at 0 ps.

ucli% fsdbDumpvars 0 "simulator.DCRFLI.DC_GEN\[22\].DC.CORE.i_miso"  +all +trace_process

ucli% fsdbDumpflush 
*Verdi* : Flush all FSDB Files at 0 ps.

ucli% fsdbDumpvars 0 "simulator.DCRFLI.DC_GEN\[22\].DC.CORE.o_cs_n"  +all +trace_process

ucli% fsdbDumpflush 
*Verdi* : Flush all FSDB Files at 0 ps.

ucli% fsdbDumpvars 0 "simulator.DCRFLI.DC_GEN\[22\].DC.CORE.o_ldac_n"  +all +trace_process

ucli% fsdbDumpflush 
*Verdi* : Flush all FSDB Files at 0 ps.

ucli% if {[catch {ucliCore::setFocus tool}]} {}

ucli% fsdbDumpvars 0 "simulator.DCRFLI.DC_GEN\[22\].DC.CORE.h"  +all +trace_process

ucli% fsdbDumpflush 
*Verdi* : Flush all FSDB Files at 0 ps.

ucli% fsdbDumpvars 0 "simulator.DCRFLI.DC_GEN\[22\].DC.CORE.o_next"  +all +trace_process

ucli% fsdbDumpflush 
*Verdi* : Flush all FSDB Files at 0 ps.

ucli% fsdbDumpvars 0 "simulator.DCRFLI.DC_GEN\[22\].DC.CORE.o_addr\[3:0\]"  +all +trace_process

ucli% fsdbDumpflush 
*Verdi* : Flush all FSDB Files at 0 ps.

ucli% fsdbDumpvars 0 "simulator.DCRFLI.DC_GEN\[22\].DC.CORE.o_iter\[9:0\]"  +all +trace_process

ucli% fsdbDumpflush 
*Verdi* : Flush all FSDB Files at 0 ps.

ucli% fsdbDumpvars 0 "simulator.DCRFLI.DC_GEN\[22\].DC.CORE.o_spi_din\[23:0\]"  +all +trace_process

ucli% fsdbDumpflush 
*Verdi* : Flush all FSDB Files at 0 ps.

ucli% fsdbDumpvars 0 "simulator.DCRFLI.DC_GEN\[22\].DC.CORE.o_spi_rd"  +all +trace_process

ucli% fsdbDumpflush 
*Verdi* : Flush all FSDB Files at 0 ps.

ucli% fsdbDumpvars 0 "simulator.DCRFLI.DC_GEN\[22\].DC.CORE.o_spi_dout\[23:0\]"  +all +trace_process

ucli% fsdbDumpflush 
*Verdi* : Flush all FSDB Files at 0 ps.

ucli% fsdbDumpvars 0 "simulator.DCRFLI.DC_GEN\[22\].DC.CORE.o_cycles_left\[29:0\]"  +all +trace_process

ucli% fsdbDumpflush 
*Verdi* : Flush all FSDB Files at 0 ps.

ucli% if {[catch {ucliCore::setFocus tool}]} {}

ucli% fsdbDumpvars 0 "simulator.DC_IO_GEN\[22\].DAC.valid_transaction"  +all +trace_process
*Verdi* : Dumping the signal (simulator.DC_IO_GEN[22].DAC.valid_transaction).

ucli% fsdbDumpflush 
*Verdi* : Flush all FSDB Files at 0 ps.

ucli% if {[catch {ucliCore::setFocus tool}]} {}

ucli% fsdbDumpvars 0 "simulator.DC_IO_GEN\[22\].DAC.input_shift_reg"  +all +trace_process
*Verdi* : Dumping the signal (simulator.DC_IO_GEN[22].DAC.input_shift_reg).

ucli% fsdbDumpflush 
*Verdi* : Flush all FSDB Files at 0 ps.

ucli% if {[catch {ucliCore::setFocus tool}]} {}

ucli% fsdbDumpvars 0 "simulator.DC_IO_GEN\[22\].DAC.rw"  +all +trace_process
*Verdi* : Dumping the signal (simulator.DC_IO_GEN[22].DAC.rw).

ucli% fsdbDumpflush 
*Verdi* : Flush all FSDB Files at 0 ps.

ucli% if {[catch {ucliCore::setFocus tool}]} {}

ucli% fsdbDumpvars 0 "simulator.DC_IO_GEN\[22\].DAC.addr"  +all +trace_process
*Verdi* : Dumping the signal (simulator.DC_IO_GEN[22].DAC.addr).

ucli% fsdbDumpflush 
*Verdi* : Flush all FSDB Files at 0 ps.

ucli% if {[catch {ucliCore::setFocus tool}]} {}

ucli% fsdbDumpvars 0 "simulator.DC_IO_GEN\[22\].DAC.data"  +all +trace_process
*Verdi* : Dumping the signal (simulator.DC_IO_GEN[22].DAC.data).

ucli% fsdbDumpflush 
*Verdi* : Flush all FSDB Files at 0 ps.

ucli% if {[catch {ucliCore::setFocus tool}]} {}

ucli% fsdbDumpvars 0 "simulator.DC_IO_GEN\[22\].DAC.rd_data"  +all +trace_process
*Verdi* : Dumping the signal (simulator.DC_IO_GEN[22].DAC.rd_data).

ucli% fsdbDumpflush 
*Verdi* : Flush all FSDB Files at 0 ps.

ucli% if {[catch {ucliCore::setFocus tool}]} {}

ucli% fsdbDumpvars 0 "simulator.DC_IO_GEN\[22\].DAC.SCLK"  +all +trace_process
*Verdi* : Dumping the signal (simulator.DC_IO_GEN[22].DAC.SCLK).

ucli% fsdbDumpflush 
*Verdi* : Flush all FSDB Files at 0 ps.

ucli% if {[catch {ucliCore::setFocus tool}]} {}

ucli% fsdbDumpvars 0 "simulator.DC_IO_GEN\[22\].DAC.SDIN"  +all +trace_process
*Verdi* : Dumping the signal (simulator.DC_IO_GEN[22].DAC.SDIN).

ucli% fsdbDumpflush 
*Verdi* : Flush all FSDB Files at 0 ps.

ucli% if {[catch {ucliCore::setFocus tool}]} {}

ucli% fsdbDumpvars 0 "simulator.DC_IO_GEN\[22\].DAC.SYNC_N"  +all +trace_process
*Verdi* : Dumping the signal (simulator.DC_IO_GEN[22].DAC.SYNC_N).

ucli% fsdbDumpflush 
*Verdi* : Flush all FSDB Files at 0 ps.

ucli% if {[catch {ucliCore::setFocus tool}]} {}

ucli% fsdbDumpvars 0 "simulator.DC_IO_GEN\[22\].DAC.SDO"  +all +trace_process
*Verdi* : Dumping the signal (simulator.DC_IO_GEN[22].DAC.SDO).

ucli% fsdbDumpflush 
*Verdi* : Flush all FSDB Files at 0 ps.

ucli% if {[catch {ucliCore::setFocus tool}]} {}

ucli% fsdbDumpvars 0 "simulator.DC_IO_GEN\[22\].DAC.LDAC_N"  +all +trace_process
*Verdi* : Dumping the signal (simulator.DC_IO_GEN[22].DAC.LDAC_N).

ucli% fsdbDumpflush 
*Verdi* : Flush all FSDB Files at 0 ps.

ucli% if {[catch {ucliCore::setFocus tool}]} {}

ucli% fsdbDumpvars 0 "simulator.DC_IO_GEN\[22\].DAC.CLR_N"  +all +trace_process
*Verdi* : Dumping the signal (simulator.DC_IO_GEN[22].DAC.CLR_N).

ucli% fsdbDumpflush 
*Verdi* : Flush all FSDB Files at 0 ps.

ucli% if {[catch {ucliCore::setFocus tool}]} {}

ucli% fsdbDumpvars 0 "simulator.DC_IO_GEN\[22\].DAC.RESET_N"  +all +trace_process
*Verdi* : Dumping the signal (simulator.DC_IO_GEN[22].DAC.RESET_N).

ucli% fsdbDumpflush 
*Verdi* : Flush all FSDB Files at 0 ps.

ucli% if {[catch {ucliCore::setFocus tool}]} {}

ucli% fsdbDumpvars 0 "simulator.DC_IO_GEN\[22\].DAC.dac_reg"  +all +trace_process
*Verdi* : Dumping the signal (simulator.DC_IO_GEN[22].DAC.dac_reg).

ucli% fsdbDumpflush 
*Verdi* : Flush all FSDB Files at 0 ps.

ucli% if {[catch {ucliCore::setFocus tool}]} {}

ucli% fsdbDumpvars 0 "simulator.DC_IO_GEN\[22\].DAC.ctrl_reg"  +all +trace_process
*Verdi* : Dumping the signal (simulator.DC_IO_GEN[22].DAC.ctrl_reg).

ucli% fsdbDumpflush 
*Verdi* : Flush all FSDB Files at 0 ps.

ucli% if {[catch {ucliCore::setFocus tool}]} {}

ucli% fsdbDumpvars 0 "simulator.DC_IO_GEN\[22\].DAC.clrcode_reg"  +all +trace_process
*Verdi* : Dumping the signal (simulator.DC_IO_GEN[22].DAC.clrcode_reg).

ucli% fsdbDumpflush 
*Verdi* : Flush all FSDB Files at 0 ps.

ucli% if {[catch {ucliCore::setFocus tool}]} {}

ucli% fsdbDumpvars 0 "simulator.DC_IO_GEN\[22\].DAC.sw_ctrl_reg"  +all +trace_process
*Verdi* : Dumping the signal (simulator.DC_IO_GEN[22].DAC.sw_ctrl_reg).

ucli% fsdbDumpflush 
*Verdi* : Flush all FSDB Files at 0 ps.

ucli% if {[catch {ucliCore::setFocus tool}]} {}

ucli% fsdbDumpvars 0 "simulator.DC_IO_GEN\[22\].DAC.dac_input_reg"  +all +trace_process
*Verdi* : Dumping the signal (simulator.DC_IO_GEN[22].DAC.dac_input_reg).

ucli% fsdbDumpflush 
*Verdi* : Flush all FSDB Files at 0 ps.

ucli% if {[catch {ucliCore::setFocus tool}]} {}

ucli% fsdbDumpvars 0 "simulator.DC_IO_GEN\[22\].DAC.SDODIS"  +all +trace_process
*Verdi* : Dumping the signal (simulator.DC_IO_GEN[22].DAC.SDODIS).

ucli% fsdbDumpflush 
*Verdi* : Flush all FSDB Files at 0 ps.

ucli% if {[catch {ucliCore::setFocus tool}]} {}

ucli% fsdbDumpvars 0 "simulator.DC_IO_GEN\[22\].DAC.DACTRI"  +all +trace_process
*Verdi* : Dumping the signal (simulator.DC_IO_GEN[22].DAC.DACTRI).

ucli% fsdbDumpflush 
*Verdi* : Flush all FSDB Files at 0 ps.

ucli% if {[catch {ucliCore::setFocus tool}]} {}

ucli% fsdbDumpvars 0 "simulator.DC_IO_GEN\[22\].DAC.OPGND"  +all +trace_process
*Verdi* : Dumping the signal (simulator.DC_IO_GEN[22].DAC.OPGND).

ucli% fsdbDumpflush 
*Verdi* : Flush all FSDB Files at 0 ps.

ucli% if {[catch {ucliCore::setFocus tool}]} {}

ucli% fsdbDumpvars 0 "simulator.DC_IO_GEN\[22\].DAC.VOUT"  +all +trace_process
*Verdi* : Dumping the signal (simulator.DC_IO_GEN[22].DAC.VOUT).

ucli% fsdbDumpflush 
*Verdi* : Flush all FSDB Files at 0 ps.

ucli% if {[catch {ucliCore::setFocus tool}]} {}

ucli% fsdbDumpvars 0 "simulator.DC_IO_GEN\[22\].DAC.VDIGITAL"  +all +trace_process
*Verdi* : Dumping the signal (simulator.DC_IO_GEN[22].DAC.VDIGITAL).

ucli% fsdbDumpflush 
*Verdi* : Flush all FSDB Files at 0 ps.

ucli% if {[catch {ucliCore::setFocus tool}]} {}

ucli% fsdbDumpvars 0 "simulator.DC_IO_GEN\[21\].REGS.AXIL_REGS.i_aclk"  +all +trace_process

ucli% fsdbDumpflush 
*Verdi* : Flush all FSDB Files at 0 ps.

ucli% fsdbDumpvars 0 "simulator.DC_IO_GEN\[21\].REGS.AXIL_REGS.i_aresetn"  +all +trace_process

ucli% fsdbDumpflush 
*Verdi* : Flush all FSDB Files at 0 ps.

ucli% fsdbDumpvars 0 "simulator.DC_IO_GEN\[21\].REGS.AXIL_REGS.r_regs\[0:31\]\[31:0\]"  +all +trace_process

ucli% fsdbDumpflush 
*Verdi* : Flush all FSDB Files at 0 ps.

ucli% fsdbDumpvars 0 "simulator.DC_IO_GEN\[21\].REGS.AXIL_REGS.o_regs\[0:31\]\[31:0\]"  +all +trace_process

ucli% fsdbDumpflush 
*Verdi* : Flush all FSDB Files at 0 ps.

ucli% if {[catch {ucliCore::setFocus tool}]} {}

ucli% fsdbDumpvars 0 "simulator.DC_IO_GEN\[21\].REGS.AXIL_REGS.o_awready"  +all +trace_process

ucli% fsdbDumpflush 
*Verdi* : Flush all FSDB Files at 0 ps.

ucli% fsdbDumpvars 0 "simulator.DC_IO_GEN\[21\].REGS.AXIL_REGS.i_awvalid"  +all +trace_process

ucli% fsdbDumpflush 
*Verdi* : Flush all FSDB Files at 0 ps.

ucli% fsdbDumpvars 0 "simulator.DC_IO_GEN\[21\].REGS.AXIL_REGS.i_awaddr\[6:0\]"  +all +trace_process

ucli% fsdbDumpflush 
*Verdi* : Flush all FSDB Files at 0 ps.

ucli% fsdbDumpvars 0 "simulator.DC_IO_GEN\[21\].REGS.AXIL_REGS.w_awireg\[4:0\]"  +all +trace_process

ucli% fsdbDumpflush 
*Verdi* : Flush all FSDB Files at 0 ps.

ucli% fsdbDumpvars 0 "simulator.DC_IO_GEN\[21\].REGS.AXIL_REGS.w_awls2b\[1:0\]"  +all +trace_process

ucli% fsdbDumpflush 
*Verdi* : Flush all FSDB Files at 0 ps.

ucli% if {[catch {ucliCore::setFocus tool}]} {}

ucli% fsdbDumpvars 0 "simulator.DC_IO_GEN\[21\].REGS.AXIL_REGS.o_wready"  +all +trace_process

ucli% fsdbDumpflush 
*Verdi* : Flush all FSDB Files at 0 ps.

ucli% fsdbDumpvars 0 "simulator.DC_IO_GEN\[21\].REGS.AXIL_REGS.i_wvalid"  +all +trace_process

ucli% fsdbDumpflush 
*Verdi* : Flush all FSDB Files at 0 ps.

ucli% fsdbDumpvars 0 "simulator.DC_IO_GEN\[21\].REGS.AXIL_REGS.i_wdata\[31:0\]"  +all +trace_process

ucli% fsdbDumpflush 
*Verdi* : Flush all FSDB Files at 0 ps.

ucli% fsdbDumpvars 0 "simulator.DC_IO_GEN\[21\].REGS.AXIL_REGS.i_wstrb\[3:0\]"  +all +trace_process

ucli% fsdbDumpflush 
*Verdi* : Flush all FSDB Files at 0 ps.

ucli% fsdbDumpvars 0 "simulator.DC_IO_GEN\[21\].REGS.AXIL_REGS.w_wdatastrb\[31:0\]"  +all +trace_process

ucli% fsdbDumpflush 
*Verdi* : Flush all FSDB Files at 0 ps.

ucli% if {[catch {ucliCore::setFocus tool}]} {}

ucli% fsdbDumpvars 0 "simulator.DC_IO_GEN\[21\].REGS.AXIL_REGS.i_bready"  +all +trace_process

ucli% fsdbDumpflush 
*Verdi* : Flush all FSDB Files at 0 ps.

ucli% fsdbDumpvars 0 "simulator.DC_IO_GEN\[21\].REGS.AXIL_REGS.o_bvalid"  +all +trace_process

ucli% fsdbDumpflush 
*Verdi* : Flush all FSDB Files at 0 ps.

ucli% fsdbDumpvars 0 "simulator.DC_IO_GEN\[21\].REGS.AXIL_REGS.o_bresp\[1:0\]"  +all +trace_process

ucli% fsdbDumpflush 
*Verdi* : Flush all FSDB Files at 0 ps.

ucli% if {[catch {ucliCore::setFocus tool}]} {}

ucli% fsdbDumpvars 0 "simulator.DC_IO_GEN\[21\].REGS.AXIL_REGS.o_arready"  +all +trace_process

ucli% fsdbDumpflush 
*Verdi* : Flush all FSDB Files at 0 ps.

ucli% fsdbDumpvars 0 "simulator.DC_IO_GEN\[21\].REGS.AXIL_REGS.i_arvalid"  +all +trace_process

ucli% fsdbDumpflush 
*Verdi* : Flush all FSDB Files at 0 ps.

ucli% fsdbDumpvars 0 "simulator.DC_IO_GEN\[21\].REGS.AXIL_REGS.i_araddr\[6:0\]"  +all +trace_process

ucli% fsdbDumpflush 
*Verdi* : Flush all FSDB Files at 0 ps.

ucli% fsdbDumpvars 0 "simulator.DC_IO_GEN\[21\].REGS.AXIL_REGS.w_arireg\[4:0\]"  +all +trace_process

ucli% fsdbDumpflush 
*Verdi* : Flush all FSDB Files at 0 ps.

ucli% fsdbDumpvars 0 "simulator.DC_IO_GEN\[21\].REGS.AXIL_REGS.w_arls2b\[1:0\]"  +all +trace_process

ucli% fsdbDumpflush 
*Verdi* : Flush all FSDB Files at 0 ps.

ucli% if {[catch {ucliCore::setFocus tool}]} {}

ucli% fsdbDumpvars 0 "simulator.DC_IO_GEN\[21\].REGS.AXIL_REGS.i_rready"  +all +trace_process

ucli% fsdbDumpflush 
*Verdi* : Flush all FSDB Files at 0 ps.

ucli% fsdbDumpvars 0 "simulator.DC_IO_GEN\[21\].REGS.AXIL_REGS.o_rvalid"  +all +trace_process

ucli% fsdbDumpflush 
*Verdi* : Flush all FSDB Files at 0 ps.

ucli% fsdbDumpvars 0 "simulator.DC_IO_GEN\[21\].REGS.AXIL_REGS.o_rdata\[31:0\]"  +all +trace_process

ucli% fsdbDumpflush 
*Verdi* : Flush all FSDB Files at 0 ps.

ucli% fsdbDumpvars 0 "simulator.DC_IO_GEN\[21\].REGS.AXIL_REGS.o_rresp\[1:0\]"  +all +trace_process

ucli% fsdbDumpflush 
*Verdi* : Flush all FSDB Files at 0 ps.

ucli% if {[catch {ucliCore::setFocus tool}]} {}

ucli% fsdbDumpvars 0 "simulator.DCRFLI.DC_GEN\[21\].DC.SEQ.i_clk"  +all +trace_process

ucli% fsdbDumpflush 
*Verdi* : Flush all FSDB Files at 0 ps.

ucli% fsdbDumpvars 0 "simulator.DCRFLI.DC_GEN\[21\].DC.SEQ.i_rst"  +all +trace_process

ucli% fsdbDumpflush 
*Verdi* : Flush all FSDB Files at 0 ps.

ucli% fsdbDumpvars 0 "simulator.DCRFLI.DC_GEN\[21\].DC.SEQ.w_propagate"  +all +trace_process

ucli% fsdbDumpflush 
*Verdi* : Flush all FSDB Files at 0 ps.

ucli% if {[catch {ucliCore::setFocus tool}]} {}

ucli% fsdbDumpvars 0 "simulator.DCRFLI.DC_GEN\[21\].DC.SEQ.i_regs\[0:31\]\[31:0\]"  +all +trace_process

ucli% fsdbDumpflush 
*Verdi* : Flush all FSDB Files at 0 ps.

ucli% fsdbDumpvars 0 "simulator.DCRFLI.DC_GEN\[21\].DC.SEQ.w_last0"  +all +trace_process

ucli% fsdbDumpflush 
*Verdi* : Flush all FSDB Files at 0 ps.

ucli% fsdbDumpvars 0 "simulator.DCRFLI.DC_GEN\[21\].DC.SEQ.w_last0_ff1"  +all +trace_process

ucli% fsdbDumpflush 
*Verdi* : Flush all FSDB Files at 0 ps.

ucli% fsdbDumpvars 0 "simulator.DCRFLI.DC_GEN\[21\].DC.SEQ.w_last0_ff2"  +all +trace_process

ucli% fsdbDumpflush 
*Verdi* : Flush all FSDB Files at 0 ps.

ucli% fsdbDumpvars 0 "simulator.DCRFLI.DC_GEN\[21\].DC.SEQ.w_new_sequence"  +all +trace_process

ucli% fsdbDumpflush 
*Verdi* : Flush all FSDB Files at 0 ps.

ucli% if {[catch {ucliCore::setFocus tool}]} {}

ucli% fsdbDumpvars 0 "simulator.DCRFLI.DC_GEN\[21\].DC.SEQ.r_sequence\[0:9\]\[91:0\]"  +all +trace_process

ucli% fsdbDumpflush 
*Verdi* : Flush all FSDB Files at 0 ps.

ucli% fsdbDumpvars 0 "simulator.DCRFLI.DC_GEN\[21\].DC.SEQ.r_iters\[10:0\]"  +all +trace_process

ucli% fsdbDumpflush 
*Verdi* : Flush all FSDB Files at 0 ps.

ucli% fsdbDumpvars 0 "simulator.DCRFLI.DC_GEN\[21\].DC.SEQ.r_iptr\[3:0\]"  +all +trace_process

ucli% fsdbDumpflush 
*Verdi* : Flush all FSDB Files at 0 ps.

ucli% fsdbDumpvars 0 "simulator.DCRFLI.DC_GEN\[21\].DC.SEQ.w_insn_fetch\[91:0\]"  +all +trace_process

ucli% fsdbDumpflush 
*Verdi* : Flush all FSDB Files at 0 ps.

ucli% fsdbDumpvars 0 "simulator.DCRFLI.DC_GEN\[21\].DC.SEQ.w_insn_bubble"  +all +trace_process

ucli% fsdbDumpflush 
*Verdi* : Flush all FSDB Files at 0 ps.

ucli% fsdbDumpvars 0 "simulator.DCRFLI.DC_GEN\[21\].DC.SEQ.w_iptr_plus1\[3:0\]"  +all +trace_process

ucli% fsdbDumpflush 
*Verdi* : Flush all FSDB Files at 0 ps.

ucli% fsdbDumpvars 0 "simulator.DCRFLI.DC_GEN\[21\].DC.SEQ.w_next_null"  +all +trace_process

ucli% fsdbDumpflush 
*Verdi* : Flush all FSDB Files at 0 ps.

ucli% if {[catch {ucliCore::setFocus tool}]} {}

ucli% fsdbDumpvars 0 "simulator.DCRFLI.DC_GEN\[21\].DC.SEQ.o_empty"  +all +trace_process

ucli% fsdbDumpflush 
*Verdi* : Flush all FSDB Files at 0 ps.

ucli% fsdbDumpvars 0 "simulator.DCRFLI.DC_GEN\[21\].DC.SEQ.i_next"  +all +trace_process

ucli% fsdbDumpflush 
*Verdi* : Flush all FSDB Files at 0 ps.

ucli% fsdbDumpvars 0 "simulator.DCRFLI.DC_GEN\[21\].DC.SEQ.o_addr\[3:0\]"  +all +trace_process

ucli% fsdbDumpflush 
*Verdi* : Flush all FSDB Files at 0 ps.

ucli% fsdbDumpvars 0 "simulator.DCRFLI.DC_GEN\[21\].DC.SEQ.o_insn\[91:0\]"  +all +trace_process

ucli% fsdbDumpflush 
*Verdi* : Flush all FSDB Files at 0 ps.

ucli% fsdbDumpvars 0 "simulator.DCRFLI.DC_GEN\[21\].DC.SEQ.r_iptr_modify\[3:0\]"  +all +trace_process

ucli% fsdbDumpflush 
*Verdi* : Flush all FSDB Files at 0 ps.

ucli% fsdbDumpvars 0 "simulator.DCRFLI.DC_GEN\[21\].DC.SEQ.i_insn_modified\[91:0\]"  +all +trace_process

ucli% fsdbDumpflush 
*Verdi* : Flush all FSDB Files at 0 ps.

ucli% if {[catch {ucliCore::setFocus tool}]} {}

ucli% fsdbDumpvars 0 "simulator.DCRFLI.DC_GEN\[21\].DC.CORE.i_clk"  +all +trace_process

ucli% fsdbDumpflush 
*Verdi* : Flush all FSDB Files at 0 ps.

ucli% fsdbDumpvars 0 "simulator.DCRFLI.DC_GEN\[21\].DC.CORE.i_rst"  +all +trace_process

ucli% fsdbDumpflush 
*Verdi* : Flush all FSDB Files at 0 ps.

ucli% fsdbDumpvars 0 "simulator.DCRFLI.DC_GEN\[21\].DC.CORE.w_stall"  +all +trace_process

ucli% fsdbDumpflush 
*Verdi* : Flush all FSDB Files at 0 ps.

ucli% if {[catch {ucliCore::setFocus tool}]} {}

ucli% fsdbDumpvars 0 "simulator.DCRFLI.DC_GEN\[21\].DC.CORE.d"  +all +trace_process

ucli% fsdbDumpflush 
*Verdi* : Flush all FSDB Files at 0 ps.

ucli% fsdbDumpvars 0 "simulator.DCRFLI.DC_GEN\[21\].DC.CORE.i_empty"  +all +trace_process

ucli% fsdbDumpflush 
*Verdi* : Flush all FSDB Files at 0 ps.

ucli% fsdbDumpvars 0 "simulator.DCRFLI.DC_GEN\[21\].DC.CORE.o_next"  +all +trace_process

ucli% fsdbDumpflush 
*Verdi* : Flush all FSDB Files at 0 ps.

ucli% fsdbDumpvars 0 "simulator.DCRFLI.DC_GEN\[21\].DC.CORE.i_addr\[3:0\]"  +all +trace_process

ucli% fsdbDumpflush 
*Verdi* : Flush all FSDB Files at 0 ps.

ucli% fsdbDumpvars 0 "simulator.DCRFLI.DC_GEN\[21\].DC.CORE.i_insn\[91:0\]"  +all +trace_process

ucli% fsdbDumpflush 
*Verdi* : Flush all FSDB Files at 0 ps.

ucli% fsdbDumpvars 0 "simulator.DCRFLI.DC_GEN\[21\].DC.CORE.o_insn_modified"  +all +trace_process

ucli% fsdbDumpflush 
*Verdi* : Flush all FSDB Files at 0 ps.

ucli% if {[catch {ucliCore::setFocus tool}]} {}

ucli% fsdbDumpvars 0 "simulator.DCRFLI.DC_GEN\[21\].DC.CORE.i"  +all +trace_process

ucli% fsdbDumpflush 
*Verdi* : Flush all FSDB Files at 0 ps.

ucli% if {[catch {ucliCore::setFocus tool}]} {}

ucli% fsdbDumpvars 0 "simulator.DCRFLI.DC_GEN\[21\].DC.CORE.s"  +all +trace_process

ucli% fsdbDumpflush 
*Verdi* : Flush all FSDB Files at 0 ps.

ucli% fsdbDumpvars 0 "simulator.DCRFLI.DC_GEN\[21\].DC.CORE.w_dvsr\[15:0\]"  +all +trace_process

ucli% fsdbDumpflush 
*Verdi* : Flush all FSDB Files at 0 ps.

ucli% fsdbDumpvars 0 "simulator.DCRFLI.DC_GEN\[21\].DC.CORE.w_spi_dout\[23:0\]"  +all +trace_process

ucli% fsdbDumpflush 
*Verdi* : Flush all FSDB Files at 0 ps.

ucli% fsdbDumpvars 0 "simulator.DCRFLI.DC_GEN\[21\].DC.CORE.w_spi_done"  +all +trace_process

ucli% fsdbDumpflush 
*Verdi* : Flush all FSDB Files at 0 ps.

ucli% fsdbDumpvars 0 "simulator.DCRFLI.DC_GEN\[21\].DC.CORE.o_armed"  +all +trace_process

ucli% fsdbDumpflush 
*Verdi* : Flush all FSDB Files at 0 ps.

ucli% fsdbDumpvars 0 "simulator.DCRFLI.DC_GEN\[21\].DC.CORE.i_start"  +all +trace_process

ucli% fsdbDumpflush 
*Verdi* : Flush all FSDB Files at 0 ps.

ucli% if {[catch {ucliCore::setFocus tool}]} {}

ucli% fsdbDumpvars 0 "simulator.DCRFLI.DC_GEN\[21\].DC.CORE.o_sclk"  +all +trace_process

ucli% fsdbDumpflush 
*Verdi* : Flush all FSDB Files at 0 ps.

ucli% fsdbDumpvars 0 "simulator.DCRFLI.DC_GEN\[21\].DC.CORE.o_mosi"  +all +trace_process

ucli% fsdbDumpflush 
*Verdi* : Flush all FSDB Files at 0 ps.

ucli% fsdbDumpvars 0 "simulator.DCRFLI.DC_GEN\[21\].DC.CORE.i_miso"  +all +trace_process

ucli% fsdbDumpflush 
*Verdi* : Flush all FSDB Files at 0 ps.

ucli% fsdbDumpvars 0 "simulator.DCRFLI.DC_GEN\[21\].DC.CORE.o_cs_n"  +all +trace_process

ucli% fsdbDumpflush 
*Verdi* : Flush all FSDB Files at 0 ps.

ucli% fsdbDumpvars 0 "simulator.DCRFLI.DC_GEN\[21\].DC.CORE.o_ldac_n"  +all +trace_process

ucli% fsdbDumpflush 
*Verdi* : Flush all FSDB Files at 0 ps.

ucli% if {[catch {ucliCore::setFocus tool}]} {}

ucli% fsdbDumpvars 0 "simulator.DCRFLI.DC_GEN\[21\].DC.CORE.h"  +all +trace_process

ucli% fsdbDumpflush 
*Verdi* : Flush all FSDB Files at 0 ps.

ucli% fsdbDumpvars 0 "simulator.DCRFLI.DC_GEN\[21\].DC.CORE.o_next"  +all +trace_process

ucli% fsdbDumpflush 
*Verdi* : Flush all FSDB Files at 0 ps.

ucli% fsdbDumpvars 0 "simulator.DCRFLI.DC_GEN\[21\].DC.CORE.o_addr\[3:0\]"  +all +trace_process

ucli% fsdbDumpflush 
*Verdi* : Flush all FSDB Files at 0 ps.

ucli% fsdbDumpvars 0 "simulator.DCRFLI.DC_GEN\[21\].DC.CORE.o_iter\[9:0\]"  +all +trace_process

ucli% fsdbDumpflush 
*Verdi* : Flush all FSDB Files at 0 ps.

ucli% fsdbDumpvars 0 "simulator.DCRFLI.DC_GEN\[21\].DC.CORE.o_spi_din\[23:0\]"  +all +trace_process

ucli% fsdbDumpflush 
*Verdi* : Flush all FSDB Files at 0 ps.

ucli% fsdbDumpvars 0 "simulator.DCRFLI.DC_GEN\[21\].DC.CORE.o_spi_rd"  +all +trace_process

ucli% fsdbDumpflush 
*Verdi* : Flush all FSDB Files at 0 ps.

ucli% fsdbDumpvars 0 "simulator.DCRFLI.DC_GEN\[21\].DC.CORE.o_spi_dout\[23:0\]"  +all +trace_process

ucli% fsdbDumpflush 
*Verdi* : Flush all FSDB Files at 0 ps.

ucli% fsdbDumpvars 0 "simulator.DCRFLI.DC_GEN\[21\].DC.CORE.o_cycles_left\[29:0\]"  +all +trace_process

ucli% fsdbDumpflush 
*Verdi* : Flush all FSDB Files at 0 ps.

ucli% if {[catch {ucliCore::setFocus tool}]} {}

ucli% fsdbDumpvars 0 "simulator.DC_IO_GEN\[21\].DAC.valid_transaction"  +all +trace_process
*Verdi* : Dumping the signal (simulator.DC_IO_GEN[21].DAC.valid_transaction).

ucli% fsdbDumpflush 
*Verdi* : Flush all FSDB Files at 0 ps.

ucli% if {[catch {ucliCore::setFocus tool}]} {}

ucli% fsdbDumpvars 0 "simulator.DC_IO_GEN\[21\].DAC.input_shift_reg"  +all +trace_process
*Verdi* : Dumping the signal (simulator.DC_IO_GEN[21].DAC.input_shift_reg).

ucli% fsdbDumpflush 
*Verdi* : Flush all FSDB Files at 0 ps.

ucli% if {[catch {ucliCore::setFocus tool}]} {}

ucli% fsdbDumpvars 0 "simulator.DC_IO_GEN\[21\].DAC.rw"  +all +trace_process
*Verdi* : Dumping the signal (simulator.DC_IO_GEN[21].DAC.rw).

ucli% fsdbDumpflush 
*Verdi* : Flush all FSDB Files at 0 ps.

ucli% if {[catch {ucliCore::setFocus tool}]} {}

ucli% fsdbDumpvars 0 "simulator.DC_IO_GEN\[21\].DAC.addr"  +all +trace_process
*Verdi* : Dumping the signal (simulator.DC_IO_GEN[21].DAC.addr).

ucli% fsdbDumpflush 
*Verdi* : Flush all FSDB Files at 0 ps.

ucli% if {[catch {ucliCore::setFocus tool}]} {}

ucli% fsdbDumpvars 0 "simulator.DC_IO_GEN\[21\].DAC.data"  +all +trace_process
*Verdi* : Dumping the signal (simulator.DC_IO_GEN[21].DAC.data).

ucli% fsdbDumpflush 
*Verdi* : Flush all FSDB Files at 0 ps.

ucli% if {[catch {ucliCore::setFocus tool}]} {}

ucli% fsdbDumpvars 0 "simulator.DC_IO_GEN\[21\].DAC.rd_data"  +all +trace_process
*Verdi* : Dumping the signal (simulator.DC_IO_GEN[21].DAC.rd_data).

ucli% fsdbDumpflush 
*Verdi* : Flush all FSDB Files at 0 ps.

ucli% if {[catch {ucliCore::setFocus tool}]} {}

ucli% fsdbDumpvars 0 "simulator.DC_IO_GEN\[21\].DAC.SCLK"  +all +trace_process
*Verdi* : Dumping the signal (simulator.DC_IO_GEN[21].DAC.SCLK).

ucli% fsdbDumpflush 
*Verdi* : Flush all FSDB Files at 0 ps.

ucli% if {[catch {ucliCore::setFocus tool}]} {}

ucli% fsdbDumpvars 0 "simulator.DC_IO_GEN\[21\].DAC.SDIN"  +all +trace_process
*Verdi* : Dumping the signal (simulator.DC_IO_GEN[21].DAC.SDIN).

ucli% fsdbDumpflush 
*Verdi* : Flush all FSDB Files at 0 ps.

ucli% if {[catch {ucliCore::setFocus tool}]} {}

ucli% fsdbDumpvars 0 "simulator.DC_IO_GEN\[21\].DAC.SYNC_N"  +all +trace_process
*Verdi* : Dumping the signal (simulator.DC_IO_GEN[21].DAC.SYNC_N).

ucli% fsdbDumpflush 
*Verdi* : Flush all FSDB Files at 0 ps.

ucli% if {[catch {ucliCore::setFocus tool}]} {}

ucli% fsdbDumpvars 0 "simulator.DC_IO_GEN\[21\].DAC.SDO"  +all +trace_process
*Verdi* : Dumping the signal (simulator.DC_IO_GEN[21].DAC.SDO).

ucli% fsdbDumpflush 
*Verdi* : Flush all FSDB Files at 0 ps.

ucli% if {[catch {ucliCore::setFocus tool}]} {}

ucli% fsdbDumpvars 0 "simulator.DC_IO_GEN\[21\].DAC.LDAC_N"  +all +trace_process
*Verdi* : Dumping the signal (simulator.DC_IO_GEN[21].DAC.LDAC_N).

ucli% fsdbDumpflush 
*Verdi* : Flush all FSDB Files at 0 ps.

ucli% if {[catch {ucliCore::setFocus tool}]} {}

ucli% fsdbDumpvars 0 "simulator.DC_IO_GEN\[21\].DAC.CLR_N"  +all +trace_process
*Verdi* : Dumping the signal (simulator.DC_IO_GEN[21].DAC.CLR_N).

ucli% fsdbDumpflush 
*Verdi* : Flush all FSDB Files at 0 ps.

ucli% if {[catch {ucliCore::setFocus tool}]} {}

ucli% fsdbDumpvars 0 "simulator.DC_IO_GEN\[21\].DAC.RESET_N"  +all +trace_process
*Verdi* : Dumping the signal (simulator.DC_IO_GEN[21].DAC.RESET_N).

ucli% fsdbDumpflush 
*Verdi* : Flush all FSDB Files at 0 ps.

ucli% if {[catch {ucliCore::setFocus tool}]} {}

ucli% fsdbDumpvars 0 "simulator.DC_IO_GEN\[21\].DAC.dac_reg"  +all +trace_process
*Verdi* : Dumping the signal (simulator.DC_IO_GEN[21].DAC.dac_reg).

ucli% fsdbDumpflush 
*Verdi* : Flush all FSDB Files at 0 ps.

ucli% if {[catch {ucliCore::setFocus tool}]} {}

ucli% fsdbDumpvars 0 "simulator.DC_IO_GEN\[21\].DAC.ctrl_reg"  +all +trace_process
*Verdi* : Dumping the signal (simulator.DC_IO_GEN[21].DAC.ctrl_reg).

ucli% fsdbDumpflush 
*Verdi* : Flush all FSDB Files at 0 ps.

ucli% if {[catch {ucliCore::setFocus tool}]} {}

ucli% fsdbDumpvars 0 "simulator.DC_IO_GEN\[21\].DAC.clrcode_reg"  +all +trace_process
*Verdi* : Dumping the signal (simulator.DC_IO_GEN[21].DAC.clrcode_reg).

ucli% fsdbDumpflush 
*Verdi* : Flush all FSDB Files at 0 ps.

ucli% if {[catch {ucliCore::setFocus tool}]} {}

ucli% fsdbDumpvars 0 "simulator.DC_IO_GEN\[21\].DAC.sw_ctrl_reg"  +all +trace_process
*Verdi* : Dumping the signal (simulator.DC_IO_GEN[21].DAC.sw_ctrl_reg).

ucli% fsdbDumpflush 
*Verdi* : Flush all FSDB Files at 0 ps.

ucli% if {[catch {ucliCore::setFocus tool}]} {}

ucli% fsdbDumpvars 0 "simulator.DC_IO_GEN\[21\].DAC.dac_input_reg"  +all +trace_process
*Verdi* : Dumping the signal (simulator.DC_IO_GEN[21].DAC.dac_input_reg).

ucli% fsdbDumpflush 
*Verdi* : Flush all FSDB Files at 0 ps.

ucli% if {[catch {ucliCore::setFocus tool}]} {}

ucli% fsdbDumpvars 0 "simulator.DC_IO_GEN\[21\].DAC.SDODIS"  +all +trace_process
*Verdi* : Dumping the signal (simulator.DC_IO_GEN[21].DAC.SDODIS).

ucli% fsdbDumpflush 
*Verdi* : Flush all FSDB Files at 0 ps.

ucli% if {[catch {ucliCore::setFocus tool}]} {}

ucli% fsdbDumpvars 0 "simulator.DC_IO_GEN\[21\].DAC.DACTRI"  +all +trace_process
*Verdi* : Dumping the signal (simulator.DC_IO_GEN[21].DAC.DACTRI).

ucli% fsdbDumpflush 
*Verdi* : Flush all FSDB Files at 0 ps.

ucli% if {[catch {ucliCore::setFocus tool}]} {}

ucli% fsdbDumpvars 0 "simulator.DC_IO_GEN\[21\].DAC.OPGND"  +all +trace_process
*Verdi* : Dumping the signal (simulator.DC_IO_GEN[21].DAC.OPGND).

ucli% fsdbDumpflush 
*Verdi* : Flush all FSDB Files at 0 ps.

ucli% if {[catch {ucliCore::setFocus tool}]} {}

ucli% fsdbDumpvars 0 "simulator.DC_IO_GEN\[21\].DAC.VOUT"  +all +trace_process
*Verdi* : Dumping the signal (simulator.DC_IO_GEN[21].DAC.VOUT).

ucli% fsdbDumpflush 
*Verdi* : Flush all FSDB Files at 0 ps.

ucli% if {[catch {ucliCore::setFocus tool}]} {}

ucli% fsdbDumpvars 0 "simulator.DC_IO_GEN\[21\].DAC.VDIGITAL"  +all +trace_process
*Verdi* : Dumping the signal (simulator.DC_IO_GEN[21].DAC.VDIGITAL).

ucli% fsdbDumpflush 
*Verdi* : Flush all FSDB Files at 0 ps.

ucli% if {[catch {ucliCore::setFocus tool}]} {}

ucli% fsdbDumpvars 0 "simulator.DC_IO_GEN\[20\].REGS.AXIL_REGS.i_aclk"  +all +trace_process

ucli% fsdbDumpflush 
*Verdi* : Flush all FSDB Files at 0 ps.

ucli% fsdbDumpvars 0 "simulator.DC_IO_GEN\[20\].REGS.AXIL_REGS.i_aresetn"  +all +trace_process

ucli% fsdbDumpflush 
*Verdi* : Flush all FSDB Files at 0 ps.

ucli% fsdbDumpvars 0 "simulator.DC_IO_GEN\[20\].REGS.AXIL_REGS.r_regs\[0:31\]\[31:0\]"  +all +trace_process

ucli% fsdbDumpflush 
*Verdi* : Flush all FSDB Files at 0 ps.

ucli% fsdbDumpvars 0 "simulator.DC_IO_GEN\[20\].REGS.AXIL_REGS.o_regs\[0:31\]\[31:0\]"  +all +trace_process

ucli% fsdbDumpflush 
*Verdi* : Flush all FSDB Files at 0 ps.

ucli% if {[catch {ucliCore::setFocus tool}]} {}

ucli% fsdbDumpvars 0 "simulator.DC_IO_GEN\[20\].REGS.AXIL_REGS.o_awready"  +all +trace_process

ucli% fsdbDumpflush 
*Verdi* : Flush all FSDB Files at 0 ps.

ucli% fsdbDumpvars 0 "simulator.DC_IO_GEN\[20\].REGS.AXIL_REGS.i_awvalid"  +all +trace_process

ucli% fsdbDumpflush 
*Verdi* : Flush all FSDB Files at 0 ps.

ucli% fsdbDumpvars 0 "simulator.DC_IO_GEN\[20\].REGS.AXIL_REGS.i_awaddr\[6:0\]"  +all +trace_process

ucli% fsdbDumpflush 
*Verdi* : Flush all FSDB Files at 0 ps.

ucli% fsdbDumpvars 0 "simulator.DC_IO_GEN\[20\].REGS.AXIL_REGS.w_awireg\[4:0\]"  +all +trace_process

ucli% fsdbDumpflush 
*Verdi* : Flush all FSDB Files at 0 ps.

ucli% fsdbDumpvars 0 "simulator.DC_IO_GEN\[20\].REGS.AXIL_REGS.w_awls2b\[1:0\]"  +all +trace_process

ucli% fsdbDumpflush 
*Verdi* : Flush all FSDB Files at 0 ps.

ucli% if {[catch {ucliCore::setFocus tool}]} {}

ucli% fsdbDumpvars 0 "simulator.DC_IO_GEN\[20\].REGS.AXIL_REGS.o_wready"  +all +trace_process

ucli% fsdbDumpflush 
*Verdi* : Flush all FSDB Files at 0 ps.

ucli% fsdbDumpvars 0 "simulator.DC_IO_GEN\[20\].REGS.AXIL_REGS.i_wvalid"  +all +trace_process

ucli% fsdbDumpflush 
*Verdi* : Flush all FSDB Files at 0 ps.

ucli% fsdbDumpvars 0 "simulator.DC_IO_GEN\[20\].REGS.AXIL_REGS.i_wdata\[31:0\]"  +all +trace_process

ucli% fsdbDumpflush 
*Verdi* : Flush all FSDB Files at 0 ps.

ucli% fsdbDumpvars 0 "simulator.DC_IO_GEN\[20\].REGS.AXIL_REGS.i_wstrb\[3:0\]"  +all +trace_process

ucli% fsdbDumpflush 
*Verdi* : Flush all FSDB Files at 0 ps.

ucli% fsdbDumpvars 0 "simulator.DC_IO_GEN\[20\].REGS.AXIL_REGS.w_wdatastrb\[31:0\]"  +all +trace_process

ucli% fsdbDumpflush 
*Verdi* : Flush all FSDB Files at 0 ps.

ucli% if {[catch {ucliCore::setFocus tool}]} {}

ucli% fsdbDumpvars 0 "simulator.DC_IO_GEN\[20\].REGS.AXIL_REGS.i_bready"  +all +trace_process

ucli% fsdbDumpflush 
*Verdi* : Flush all FSDB Files at 0 ps.

ucli% fsdbDumpvars 0 "simulator.DC_IO_GEN\[20\].REGS.AXIL_REGS.o_bvalid"  +all +trace_process

ucli% fsdbDumpflush 
*Verdi* : Flush all FSDB Files at 0 ps.

ucli% fsdbDumpvars 0 "simulator.DC_IO_GEN\[20\].REGS.AXIL_REGS.o_bresp\[1:0\]"  +all +trace_process

ucli% fsdbDumpflush 
*Verdi* : Flush all FSDB Files at 0 ps.

ucli% if {[catch {ucliCore::setFocus tool}]} {}

ucli% fsdbDumpvars 0 "simulator.DC_IO_GEN\[20\].REGS.AXIL_REGS.o_arready"  +all +trace_process

ucli% fsdbDumpflush 
*Verdi* : Flush all FSDB Files at 0 ps.

ucli% fsdbDumpvars 0 "simulator.DC_IO_GEN\[20\].REGS.AXIL_REGS.i_arvalid"  +all +trace_process

ucli% fsdbDumpflush 
*Verdi* : Flush all FSDB Files at 0 ps.

ucli% fsdbDumpvars 0 "simulator.DC_IO_GEN\[20\].REGS.AXIL_REGS.i_araddr\[6:0\]"  +all +trace_process

ucli% fsdbDumpflush 
*Verdi* : Flush all FSDB Files at 0 ps.

ucli% fsdbDumpvars 0 "simulator.DC_IO_GEN\[20\].REGS.AXIL_REGS.w_arireg\[4:0\]"  +all +trace_process

ucli% fsdbDumpflush 
*Verdi* : Flush all FSDB Files at 0 ps.

ucli% fsdbDumpvars 0 "simulator.DC_IO_GEN\[20\].REGS.AXIL_REGS.w_arls2b\[1:0\]"  +all +trace_process

ucli% fsdbDumpflush 
*Verdi* : Flush all FSDB Files at 0 ps.

ucli% if {[catch {ucliCore::setFocus tool}]} {}

ucli% fsdbDumpvars 0 "simulator.DC_IO_GEN\[20\].REGS.AXIL_REGS.i_rready"  +all +trace_process

ucli% fsdbDumpflush 
*Verdi* : Flush all FSDB Files at 0 ps.

ucli% fsdbDumpvars 0 "simulator.DC_IO_GEN\[20\].REGS.AXIL_REGS.o_rvalid"  +all +trace_process

ucli% fsdbDumpflush 
*Verdi* : Flush all FSDB Files at 0 ps.

ucli% fsdbDumpvars 0 "simulator.DC_IO_GEN\[20\].REGS.AXIL_REGS.o_rdata\[31:0\]"  +all +trace_process

ucli% fsdbDumpflush 
*Verdi* : Flush all FSDB Files at 0 ps.

ucli% fsdbDumpvars 0 "simulator.DC_IO_GEN\[20\].REGS.AXIL_REGS.o_rresp\[1:0\]"  +all +trace_process

ucli% fsdbDumpflush 
*Verdi* : Flush all FSDB Files at 0 ps.

ucli% if {[catch {ucliCore::setFocus tool}]} {}

ucli% fsdbDumpvars 0 "simulator.DCRFLI.DC_GEN\[20\].DC.SEQ.i_clk"  +all +trace_process

ucli% fsdbDumpflush 
*Verdi* : Flush all FSDB Files at 0 ps.

ucli% fsdbDumpvars 0 "simulator.DCRFLI.DC_GEN\[20\].DC.SEQ.i_rst"  +all +trace_process

ucli% fsdbDumpflush 
*Verdi* : Flush all FSDB Files at 0 ps.

ucli% fsdbDumpvars 0 "simulator.DCRFLI.DC_GEN\[20\].DC.SEQ.w_propagate"  +all +trace_process

ucli% fsdbDumpflush 
*Verdi* : Flush all FSDB Files at 0 ps.

ucli% if {[catch {ucliCore::setFocus tool}]} {}

ucli% fsdbDumpvars 0 "simulator.DCRFLI.DC_GEN\[20\].DC.SEQ.i_regs\[0:31\]\[31:0\]"  +all +trace_process

ucli% fsdbDumpflush 
*Verdi* : Flush all FSDB Files at 0 ps.

ucli% fsdbDumpvars 0 "simulator.DCRFLI.DC_GEN\[20\].DC.SEQ.w_last0"  +all +trace_process

ucli% fsdbDumpflush 
*Verdi* : Flush all FSDB Files at 0 ps.

ucli% fsdbDumpvars 0 "simulator.DCRFLI.DC_GEN\[20\].DC.SEQ.w_last0_ff1"  +all +trace_process

ucli% fsdbDumpflush 
*Verdi* : Flush all FSDB Files at 0 ps.

ucli% fsdbDumpvars 0 "simulator.DCRFLI.DC_GEN\[20\].DC.SEQ.w_last0_ff2"  +all +trace_process

ucli% fsdbDumpflush 
*Verdi* : Flush all FSDB Files at 0 ps.

ucli% fsdbDumpvars 0 "simulator.DCRFLI.DC_GEN\[20\].DC.SEQ.w_new_sequence"  +all +trace_process

ucli% fsdbDumpflush 
*Verdi* : Flush all FSDB Files at 0 ps.

ucli% if {[catch {ucliCore::setFocus tool}]} {}

ucli% fsdbDumpvars 0 "simulator.DCRFLI.DC_GEN\[20\].DC.SEQ.r_sequence\[0:9\]\[91:0\]"  +all +trace_process

ucli% fsdbDumpflush 
*Verdi* : Flush all FSDB Files at 0 ps.

ucli% fsdbDumpvars 0 "simulator.DCRFLI.DC_GEN\[20\].DC.SEQ.r_iters\[10:0\]"  +all +trace_process

ucli% fsdbDumpflush 
*Verdi* : Flush all FSDB Files at 0 ps.

ucli% fsdbDumpvars 0 "simulator.DCRFLI.DC_GEN\[20\].DC.SEQ.r_iptr\[3:0\]"  +all +trace_process

ucli% fsdbDumpflush 
*Verdi* : Flush all FSDB Files at 0 ps.

ucli% fsdbDumpvars 0 "simulator.DCRFLI.DC_GEN\[20\].DC.SEQ.w_insn_fetch\[91:0\]"  +all +trace_process

ucli% fsdbDumpflush 
*Verdi* : Flush all FSDB Files at 0 ps.

ucli% fsdbDumpvars 0 "simulator.DCRFLI.DC_GEN\[20\].DC.SEQ.w_insn_bubble"  +all +trace_process

ucli% fsdbDumpflush 
*Verdi* : Flush all FSDB Files at 0 ps.

ucli% fsdbDumpvars 0 "simulator.DCRFLI.DC_GEN\[20\].DC.SEQ.w_iptr_plus1\[3:0\]"  +all +trace_process

ucli% fsdbDumpflush 
*Verdi* : Flush all FSDB Files at 0 ps.

ucli% fsdbDumpvars 0 "simulator.DCRFLI.DC_GEN\[20\].DC.SEQ.w_next_null"  +all +trace_process

ucli% fsdbDumpflush 
*Verdi* : Flush all FSDB Files at 0 ps.

ucli% if {[catch {ucliCore::setFocus tool}]} {}

ucli% fsdbDumpvars 0 "simulator.DCRFLI.DC_GEN\[20\].DC.SEQ.o_empty"  +all +trace_process

ucli% fsdbDumpflush 
*Verdi* : Flush all FSDB Files at 0 ps.

ucli% fsdbDumpvars 0 "simulator.DCRFLI.DC_GEN\[20\].DC.SEQ.i_next"  +all +trace_process

ucli% fsdbDumpflush 
*Verdi* : Flush all FSDB Files at 0 ps.

ucli% fsdbDumpvars 0 "simulator.DCRFLI.DC_GEN\[20\].DC.SEQ.o_addr\[3:0\]"  +all +trace_process

ucli% fsdbDumpflush 
*Verdi* : Flush all FSDB Files at 0 ps.

ucli% fsdbDumpvars 0 "simulator.DCRFLI.DC_GEN\[20\].DC.SEQ.o_insn\[91:0\]"  +all +trace_process

ucli% fsdbDumpflush 
*Verdi* : Flush all FSDB Files at 0 ps.

ucli% fsdbDumpvars 0 "simulator.DCRFLI.DC_GEN\[20\].DC.SEQ.r_iptr_modify\[3:0\]"  +all +trace_process

ucli% fsdbDumpflush 
*Verdi* : Flush all FSDB Files at 0 ps.

ucli% fsdbDumpvars 0 "simulator.DCRFLI.DC_GEN\[20\].DC.SEQ.i_insn_modified\[91:0\]"  +all +trace_process

ucli% fsdbDumpflush 
*Verdi* : Flush all FSDB Files at 0 ps.

ucli% if {[catch {ucliCore::setFocus tool}]} {}

ucli% fsdbDumpvars 0 "simulator.DCRFLI.DC_GEN\[20\].DC.CORE.i_clk"  +all +trace_process

ucli% fsdbDumpflush 
*Verdi* : Flush all FSDB Files at 0 ps.

ucli% fsdbDumpvars 0 "simulator.DCRFLI.DC_GEN\[20\].DC.CORE.i_rst"  +all +trace_process

ucli% fsdbDumpflush 
*Verdi* : Flush all FSDB Files at 0 ps.

ucli% fsdbDumpvars 0 "simulator.DCRFLI.DC_GEN\[20\].DC.CORE.w_stall"  +all +trace_process

ucli% fsdbDumpflush 
*Verdi* : Flush all FSDB Files at 0 ps.

ucli% if {[catch {ucliCore::setFocus tool}]} {}

ucli% fsdbDumpvars 0 "simulator.DCRFLI.DC_GEN\[20\].DC.CORE.d"  +all +trace_process

ucli% fsdbDumpflush 
*Verdi* : Flush all FSDB Files at 0 ps.

ucli% fsdbDumpvars 0 "simulator.DCRFLI.DC_GEN\[20\].DC.CORE.i_empty"  +all +trace_process

ucli% fsdbDumpflush 
*Verdi* : Flush all FSDB Files at 0 ps.

ucli% fsdbDumpvars 0 "simulator.DCRFLI.DC_GEN\[20\].DC.CORE.o_next"  +all +trace_process

ucli% fsdbDumpflush 
*Verdi* : Flush all FSDB Files at 0 ps.

ucli% fsdbDumpvars 0 "simulator.DCRFLI.DC_GEN\[20\].DC.CORE.i_addr\[3:0\]"  +all +trace_process

ucli% fsdbDumpflush 
*Verdi* : Flush all FSDB Files at 0 ps.

ucli% fsdbDumpvars 0 "simulator.DCRFLI.DC_GEN\[20\].DC.CORE.i_insn\[91:0\]"  +all +trace_process

ucli% fsdbDumpflush 
*Verdi* : Flush all FSDB Files at 0 ps.

ucli% fsdbDumpvars 0 "simulator.DCRFLI.DC_GEN\[20\].DC.CORE.o_insn_modified"  +all +trace_process

ucli% fsdbDumpflush 
*Verdi* : Flush all FSDB Files at 0 ps.

ucli% if {[catch {ucliCore::setFocus tool}]} {}

ucli% fsdbDumpvars 0 "simulator.DCRFLI.DC_GEN\[20\].DC.CORE.i"  +all +trace_process

ucli% fsdbDumpflush 
*Verdi* : Flush all FSDB Files at 0 ps.

ucli% if {[catch {ucliCore::setFocus tool}]} {}

ucli% fsdbDumpvars 0 "simulator.DCRFLI.DC_GEN\[20\].DC.CORE.s"  +all +trace_process

ucli% fsdbDumpflush 
*Verdi* : Flush all FSDB Files at 0 ps.

ucli% fsdbDumpvars 0 "simulator.DCRFLI.DC_GEN\[20\].DC.CORE.w_dvsr\[15:0\]"  +all +trace_process

ucli% fsdbDumpflush 
*Verdi* : Flush all FSDB Files at 0 ps.

ucli% fsdbDumpvars 0 "simulator.DCRFLI.DC_GEN\[20\].DC.CORE.w_spi_dout\[23:0\]"  +all +trace_process

ucli% fsdbDumpflush 
*Verdi* : Flush all FSDB Files at 0 ps.

ucli% fsdbDumpvars 0 "simulator.DCRFLI.DC_GEN\[20\].DC.CORE.w_spi_done"  +all +trace_process

ucli% fsdbDumpflush 
*Verdi* : Flush all FSDB Files at 0 ps.

ucli% fsdbDumpvars 0 "simulator.DCRFLI.DC_GEN\[20\].DC.CORE.o_armed"  +all +trace_process

ucli% fsdbDumpflush 
*Verdi* : Flush all FSDB Files at 0 ps.

ucli% fsdbDumpvars 0 "simulator.DCRFLI.DC_GEN\[20\].DC.CORE.i_start"  +all +trace_process

ucli% fsdbDumpflush 
*Verdi* : Flush all FSDB Files at 0 ps.

ucli% if {[catch {ucliCore::setFocus tool}]} {}

ucli% fsdbDumpvars 0 "simulator.DCRFLI.DC_GEN\[20\].DC.CORE.o_sclk"  +all +trace_process

ucli% fsdbDumpflush 
*Verdi* : Flush all FSDB Files at 0 ps.

ucli% fsdbDumpvars 0 "simulator.DCRFLI.DC_GEN\[20\].DC.CORE.o_mosi"  +all +trace_process

ucli% fsdbDumpflush 
*Verdi* : Flush all FSDB Files at 0 ps.

ucli% fsdbDumpvars 0 "simulator.DCRFLI.DC_GEN\[20\].DC.CORE.i_miso"  +all +trace_process

ucli% fsdbDumpflush 
*Verdi* : Flush all FSDB Files at 0 ps.

ucli% fsdbDumpvars 0 "simulator.DCRFLI.DC_GEN\[20\].DC.CORE.o_cs_n"  +all +trace_process

ucli% fsdbDumpflush 
*Verdi* : Flush all FSDB Files at 0 ps.

ucli% fsdbDumpvars 0 "simulator.DCRFLI.DC_GEN\[20\].DC.CORE.o_ldac_n"  +all +trace_process

ucli% fsdbDumpflush 
*Verdi* : Flush all FSDB Files at 0 ps.

ucli% if {[catch {ucliCore::setFocus tool}]} {}

ucli% fsdbDumpvars 0 "simulator.DCRFLI.DC_GEN\[20\].DC.CORE.h"  +all +trace_process

ucli% fsdbDumpflush 
*Verdi* : Flush all FSDB Files at 0 ps.

ucli% fsdbDumpvars 0 "simulator.DCRFLI.DC_GEN\[20\].DC.CORE.o_next"  +all +trace_process

ucli% fsdbDumpflush 
*Verdi* : Flush all FSDB Files at 0 ps.

ucli% fsdbDumpvars 0 "simulator.DCRFLI.DC_GEN\[20\].DC.CORE.o_addr\[3:0\]"  +all +trace_process

ucli% fsdbDumpflush 
*Verdi* : Flush all FSDB Files at 0 ps.

ucli% fsdbDumpvars 0 "simulator.DCRFLI.DC_GEN\[20\].DC.CORE.o_iter\[9:0\]"  +all +trace_process

ucli% fsdbDumpflush 
*Verdi* : Flush all FSDB Files at 0 ps.

ucli% fsdbDumpvars 0 "simulator.DCRFLI.DC_GEN\[20\].DC.CORE.o_spi_din\[23:0\]"  +all +trace_process

ucli% fsdbDumpflush 
*Verdi* : Flush all FSDB Files at 0 ps.

ucli% fsdbDumpvars 0 "simulator.DCRFLI.DC_GEN\[20\].DC.CORE.o_spi_rd"  +all +trace_process

ucli% fsdbDumpflush 
*Verdi* : Flush all FSDB Files at 0 ps.

ucli% fsdbDumpvars 0 "simulator.DCRFLI.DC_GEN\[20\].DC.CORE.o_spi_dout\[23:0\]"  +all +trace_process

ucli% fsdbDumpflush 
*Verdi* : Flush all FSDB Files at 0 ps.

ucli% fsdbDumpvars 0 "simulator.DCRFLI.DC_GEN\[20\].DC.CORE.o_cycles_left\[29:0\]"  +all +trace_process

ucli% fsdbDumpflush 
*Verdi* : Flush all FSDB Files at 0 ps.

ucli% if {[catch {ucliCore::setFocus tool}]} {}

ucli% fsdbDumpvars 0 "simulator.DC_IO_GEN\[20\].DAC.valid_transaction"  +all +trace_process
*Verdi* : Dumping the signal (simulator.DC_IO_GEN[20].DAC.valid_transaction).

ucli% fsdbDumpflush 
*Verdi* : Flush all FSDB Files at 0 ps.

ucli% if {[catch {ucliCore::setFocus tool}]} {}

ucli% fsdbDumpvars 0 "simulator.DC_IO_GEN\[20\].DAC.input_shift_reg"  +all +trace_process
*Verdi* : Dumping the signal (simulator.DC_IO_GEN[20].DAC.input_shift_reg).

ucli% fsdbDumpflush 
*Verdi* : Flush all FSDB Files at 0 ps.

ucli% if {[catch {ucliCore::setFocus tool}]} {}

ucli% fsdbDumpvars 0 "simulator.DC_IO_GEN\[20\].DAC.rw"  +all +trace_process
*Verdi* : Dumping the signal (simulator.DC_IO_GEN[20].DAC.rw).

ucli% fsdbDumpflush 
*Verdi* : Flush all FSDB Files at 0 ps.

ucli% if {[catch {ucliCore::setFocus tool}]} {}

ucli% fsdbDumpvars 0 "simulator.DC_IO_GEN\[20\].DAC.addr"  +all +trace_process
*Verdi* : Dumping the signal (simulator.DC_IO_GEN[20].DAC.addr).

ucli% fsdbDumpflush 
*Verdi* : Flush all FSDB Files at 0 ps.

ucli% if {[catch {ucliCore::setFocus tool}]} {}

ucli% fsdbDumpvars 0 "simulator.DC_IO_GEN\[20\].DAC.data"  +all +trace_process
*Verdi* : Dumping the signal (simulator.DC_IO_GEN[20].DAC.data).

ucli% fsdbDumpflush 
*Verdi* : Flush all FSDB Files at 0 ps.

ucli% if {[catch {ucliCore::setFocus tool}]} {}

ucli% fsdbDumpvars 0 "simulator.DC_IO_GEN\[20\].DAC.rd_data"  +all +trace_process
*Verdi* : Dumping the signal (simulator.DC_IO_GEN[20].DAC.rd_data).

ucli% fsdbDumpflush 
*Verdi* : Flush all FSDB Files at 0 ps.

ucli% if {[catch {ucliCore::setFocus tool}]} {}

ucli% fsdbDumpvars 0 "simulator.DC_IO_GEN\[20\].DAC.SCLK"  +all +trace_process
*Verdi* : Dumping the signal (simulator.DC_IO_GEN[20].DAC.SCLK).

ucli% fsdbDumpflush 
*Verdi* : Flush all FSDB Files at 0 ps.

ucli% if {[catch {ucliCore::setFocus tool}]} {}

ucli% fsdbDumpvars 0 "simulator.DC_IO_GEN\[20\].DAC.SDIN"  +all +trace_process
*Verdi* : Dumping the signal (simulator.DC_IO_GEN[20].DAC.SDIN).

ucli% fsdbDumpflush 
*Verdi* : Flush all FSDB Files at 0 ps.

ucli% if {[catch {ucliCore::setFocus tool}]} {}

ucli% fsdbDumpvars 0 "simulator.DC_IO_GEN\[20\].DAC.SYNC_N"  +all +trace_process
*Verdi* : Dumping the signal (simulator.DC_IO_GEN[20].DAC.SYNC_N).

ucli% fsdbDumpflush 
*Verdi* : Flush all FSDB Files at 0 ps.

ucli% if {[catch {ucliCore::setFocus tool}]} {}

ucli% fsdbDumpvars 0 "simulator.DC_IO_GEN\[20\].DAC.SDO"  +all +trace_process
*Verdi* : Dumping the signal (simulator.DC_IO_GEN[20].DAC.SDO).

ucli% fsdbDumpflush 
*Verdi* : Flush all FSDB Files at 0 ps.

ucli% if {[catch {ucliCore::setFocus tool}]} {}

ucli% fsdbDumpvars 0 "simulator.DC_IO_GEN\[20\].DAC.LDAC_N"  +all +trace_process
*Verdi* : Dumping the signal (simulator.DC_IO_GEN[20].DAC.LDAC_N).

ucli% fsdbDumpflush 
*Verdi* : Flush all FSDB Files at 0 ps.

ucli% if {[catch {ucliCore::setFocus tool}]} {}

ucli% fsdbDumpvars 0 "simulator.DC_IO_GEN\[20\].DAC.CLR_N"  +all +trace_process
*Verdi* : Dumping the signal (simulator.DC_IO_GEN[20].DAC.CLR_N).

ucli% fsdbDumpflush 
*Verdi* : Flush all FSDB Files at 0 ps.

ucli% if {[catch {ucliCore::setFocus tool}]} {}

ucli% fsdbDumpvars 0 "simulator.DC_IO_GEN\[20\].DAC.RESET_N"  +all +trace_process
*Verdi* : Dumping the signal (simulator.DC_IO_GEN[20].DAC.RESET_N).

ucli% fsdbDumpflush 
*Verdi* : Flush all FSDB Files at 0 ps.

ucli% if {[catch {ucliCore::setFocus tool}]} {}

ucli% fsdbDumpvars 0 "simulator.DC_IO_GEN\[20\].DAC.dac_reg"  +all +trace_process
*Verdi* : Dumping the signal (simulator.DC_IO_GEN[20].DAC.dac_reg).

ucli% fsdbDumpflush 
*Verdi* : Flush all FSDB Files at 0 ps.

ucli% if {[catch {ucliCore::setFocus tool}]} {}

ucli% fsdbDumpvars 0 "simulator.DC_IO_GEN\[20\].DAC.ctrl_reg"  +all +trace_process
*Verdi* : Dumping the signal (simulator.DC_IO_GEN[20].DAC.ctrl_reg).

ucli% fsdbDumpflush 
*Verdi* : Flush all FSDB Files at 0 ps.

ucli% if {[catch {ucliCore::setFocus tool}]} {}

ucli% fsdbDumpvars 0 "simulator.DC_IO_GEN\[20\].DAC.clrcode_reg"  +all +trace_process
*Verdi* : Dumping the signal (simulator.DC_IO_GEN[20].DAC.clrcode_reg).

ucli% fsdbDumpflush 
*Verdi* : Flush all FSDB Files at 0 ps.

ucli% if {[catch {ucliCore::setFocus tool}]} {}

ucli% fsdbDumpvars 0 "simulator.DC_IO_GEN\[20\].DAC.sw_ctrl_reg"  +all +trace_process
*Verdi* : Dumping the signal (simulator.DC_IO_GEN[20].DAC.sw_ctrl_reg).

ucli% fsdbDumpflush 
*Verdi* : Flush all FSDB Files at 0 ps.

ucli% if {[catch {ucliCore::setFocus tool}]} {}

ucli% fsdbDumpvars 0 "simulator.DC_IO_GEN\[20\].DAC.dac_input_reg"  +all +trace_process
*Verdi* : Dumping the signal (simulator.DC_IO_GEN[20].DAC.dac_input_reg).

ucli% fsdbDumpflush 
*Verdi* : Flush all FSDB Files at 0 ps.

ucli% if {[catch {ucliCore::setFocus tool}]} {}

ucli% fsdbDumpvars 0 "simulator.DC_IO_GEN\[20\].DAC.SDODIS"  +all +trace_process
*Verdi* : Dumping the signal (simulator.DC_IO_GEN[20].DAC.SDODIS).

ucli% fsdbDumpflush 
*Verdi* : Flush all FSDB Files at 0 ps.

ucli% if {[catch {ucliCore::setFocus tool}]} {}

ucli% fsdbDumpvars 0 "simulator.DC_IO_GEN\[20\].DAC.DACTRI"  +all +trace_process
*Verdi* : Dumping the signal (simulator.DC_IO_GEN[20].DAC.DACTRI).

ucli% fsdbDumpflush 
*Verdi* : Flush all FSDB Files at 0 ps.

ucli% if {[catch {ucliCore::setFocus tool}]} {}

ucli% fsdbDumpvars 0 "simulator.DC_IO_GEN\[20\].DAC.OPGND"  +all +trace_process
*Verdi* : Dumping the signal (simulator.DC_IO_GEN[20].DAC.OPGND).

ucli% fsdbDumpflush 
*Verdi* : Flush all FSDB Files at 0 ps.

ucli% if {[catch {ucliCore::setFocus tool}]} {}

ucli% fsdbDumpvars 0 "simulator.DC_IO_GEN\[20\].DAC.VOUT"  +all +trace_process
*Verdi* : Dumping the signal (simulator.DC_IO_GEN[20].DAC.VOUT).

ucli% fsdbDumpflush 
*Verdi* : Flush all FSDB Files at 0 ps.

ucli% if {[catch {ucliCore::setFocus tool}]} {}

ucli% fsdbDumpvars 0 "simulator.DC_IO_GEN\[20\].DAC.VDIGITAL"  +all +trace_process
*Verdi* : Dumping the signal (simulator.DC_IO_GEN[20].DAC.VDIGITAL).

ucli% fsdbDumpflush 
*Verdi* : Flush all FSDB Files at 0 ps.

ucli% if {[catch {ucliCore::setFocus tool}]} {}

ucli% fsdbDumpvars 0 "simulator.DC_IO_GEN\[19\].REGS.AXIL_REGS.i_aclk"  +all +trace_process

ucli% fsdbDumpflush 
*Verdi* : Flush all FSDB Files at 0 ps.

ucli% fsdbDumpvars 0 "simulator.DC_IO_GEN\[19\].REGS.AXIL_REGS.i_aresetn"  +all +trace_process

ucli% fsdbDumpflush 
*Verdi* : Flush all FSDB Files at 0 ps.

ucli% fsdbDumpvars 0 "simulator.DC_IO_GEN\[19\].REGS.AXIL_REGS.r_regs\[0:31\]\[31:0\]"  +all +trace_process

ucli% fsdbDumpflush 
*Verdi* : Flush all FSDB Files at 0 ps.

ucli% fsdbDumpvars 0 "simulator.DC_IO_GEN\[19\].REGS.AXIL_REGS.o_regs\[0:31\]\[31:0\]"  +all +trace_process

ucli% fsdbDumpflush 
*Verdi* : Flush all FSDB Files at 0 ps.

ucli% if {[catch {ucliCore::setFocus tool}]} {}

ucli% fsdbDumpvars 0 "simulator.DC_IO_GEN\[19\].REGS.AXIL_REGS.o_awready"  +all +trace_process

ucli% fsdbDumpflush 
*Verdi* : Flush all FSDB Files at 0 ps.

ucli% fsdbDumpvars 0 "simulator.DC_IO_GEN\[19\].REGS.AXIL_REGS.i_awvalid"  +all +trace_process

ucli% fsdbDumpflush 
*Verdi* : Flush all FSDB Files at 0 ps.

ucli% fsdbDumpvars 0 "simulator.DC_IO_GEN\[19\].REGS.AXIL_REGS.i_awaddr\[6:0\]"  +all +trace_process

ucli% fsdbDumpflush 
*Verdi* : Flush all FSDB Files at 0 ps.

ucli% fsdbDumpvars 0 "simulator.DC_IO_GEN\[19\].REGS.AXIL_REGS.w_awireg\[4:0\]"  +all +trace_process

ucli% fsdbDumpflush 
*Verdi* : Flush all FSDB Files at 0 ps.

ucli% fsdbDumpvars 0 "simulator.DC_IO_GEN\[19\].REGS.AXIL_REGS.w_awls2b\[1:0\]"  +all +trace_process

ucli% fsdbDumpflush 
*Verdi* : Flush all FSDB Files at 0 ps.

ucli% if {[catch {ucliCore::setFocus tool}]} {}

ucli% fsdbDumpvars 0 "simulator.DC_IO_GEN\[19\].REGS.AXIL_REGS.o_wready"  +all +trace_process

ucli% fsdbDumpflush 
*Verdi* : Flush all FSDB Files at 0 ps.

ucli% fsdbDumpvars 0 "simulator.DC_IO_GEN\[19\].REGS.AXIL_REGS.i_wvalid"  +all +trace_process

ucli% fsdbDumpflush 
*Verdi* : Flush all FSDB Files at 0 ps.

ucli% fsdbDumpvars 0 "simulator.DC_IO_GEN\[19\].REGS.AXIL_REGS.i_wdata\[31:0\]"  +all +trace_process

ucli% fsdbDumpflush 
*Verdi* : Flush all FSDB Files at 0 ps.

ucli% fsdbDumpvars 0 "simulator.DC_IO_GEN\[19\].REGS.AXIL_REGS.i_wstrb\[3:0\]"  +all +trace_process

ucli% fsdbDumpflush 
*Verdi* : Flush all FSDB Files at 0 ps.

ucli% fsdbDumpvars 0 "simulator.DC_IO_GEN\[19\].REGS.AXIL_REGS.w_wdatastrb\[31:0\]"  +all +trace_process

ucli% fsdbDumpflush 
*Verdi* : Flush all FSDB Files at 0 ps.

ucli% if {[catch {ucliCore::setFocus tool}]} {}

ucli% fsdbDumpvars 0 "simulator.DC_IO_GEN\[19\].REGS.AXIL_REGS.i_bready"  +all +trace_process

ucli% fsdbDumpflush 
*Verdi* : Flush all FSDB Files at 0 ps.

ucli% fsdbDumpvars 0 "simulator.DC_IO_GEN\[19\].REGS.AXIL_REGS.o_bvalid"  +all +trace_process

ucli% fsdbDumpflush 
*Verdi* : Flush all FSDB Files at 0 ps.

ucli% fsdbDumpvars 0 "simulator.DC_IO_GEN\[19\].REGS.AXIL_REGS.o_bresp\[1:0\]"  +all +trace_process

ucli% fsdbDumpflush 
*Verdi* : Flush all FSDB Files at 0 ps.

ucli% if {[catch {ucliCore::setFocus tool}]} {}

ucli% fsdbDumpvars 0 "simulator.DC_IO_GEN\[19\].REGS.AXIL_REGS.o_arready"  +all +trace_process

ucli% fsdbDumpflush 
*Verdi* : Flush all FSDB Files at 0 ps.

ucli% fsdbDumpvars 0 "simulator.DC_IO_GEN\[19\].REGS.AXIL_REGS.i_arvalid"  +all +trace_process

ucli% fsdbDumpflush 
*Verdi* : Flush all FSDB Files at 0 ps.

ucli% fsdbDumpvars 0 "simulator.DC_IO_GEN\[19\].REGS.AXIL_REGS.i_araddr\[6:0\]"  +all +trace_process

ucli% fsdbDumpflush 
*Verdi* : Flush all FSDB Files at 0 ps.

ucli% fsdbDumpvars 0 "simulator.DC_IO_GEN\[19\].REGS.AXIL_REGS.w_arireg\[4:0\]"  +all +trace_process

ucli% fsdbDumpflush 
*Verdi* : Flush all FSDB Files at 0 ps.

ucli% fsdbDumpvars 0 "simulator.DC_IO_GEN\[19\].REGS.AXIL_REGS.w_arls2b\[1:0\]"  +all +trace_process

ucli% fsdbDumpflush 
*Verdi* : Flush all FSDB Files at 0 ps.

ucli% if {[catch {ucliCore::setFocus tool}]} {}

ucli% fsdbDumpvars 0 "simulator.DC_IO_GEN\[19\].REGS.AXIL_REGS.i_rready"  +all +trace_process

ucli% fsdbDumpflush 
*Verdi* : Flush all FSDB Files at 0 ps.

ucli% fsdbDumpvars 0 "simulator.DC_IO_GEN\[19\].REGS.AXIL_REGS.o_rvalid"  +all +trace_process

ucli% fsdbDumpflush 
*Verdi* : Flush all FSDB Files at 0 ps.

ucli% fsdbDumpvars 0 "simulator.DC_IO_GEN\[19\].REGS.AXIL_REGS.o_rdata\[31:0\]"  +all +trace_process

ucli% fsdbDumpflush 
*Verdi* : Flush all FSDB Files at 0 ps.

ucli% fsdbDumpvars 0 "simulator.DC_IO_GEN\[19\].REGS.AXIL_REGS.o_rresp\[1:0\]"  +all +trace_process

ucli% fsdbDumpflush 
*Verdi* : Flush all FSDB Files at 0 ps.

ucli% if {[catch {ucliCore::setFocus tool}]} {}

ucli% fsdbDumpvars 0 "simulator.DCRFLI.DC_GEN\[19\].DC.SEQ.i_clk"  +all +trace_process

ucli% fsdbDumpflush 
*Verdi* : Flush all FSDB Files at 0 ps.

ucli% fsdbDumpvars 0 "simulator.DCRFLI.DC_GEN\[19\].DC.SEQ.i_rst"  +all +trace_process

ucli% fsdbDumpflush 
*Verdi* : Flush all FSDB Files at 0 ps.

ucli% fsdbDumpvars 0 "simulator.DCRFLI.DC_GEN\[19\].DC.SEQ.w_propagate"  +all +trace_process

ucli% fsdbDumpflush 
*Verdi* : Flush all FSDB Files at 0 ps.

ucli% if {[catch {ucliCore::setFocus tool}]} {}

ucli% fsdbDumpvars 0 "simulator.DCRFLI.DC_GEN\[19\].DC.SEQ.i_regs\[0:31\]\[31:0\]"  +all +trace_process

ucli% fsdbDumpflush 
*Verdi* : Flush all FSDB Files at 0 ps.

ucli% fsdbDumpvars 0 "simulator.DCRFLI.DC_GEN\[19\].DC.SEQ.w_last0"  +all +trace_process

ucli% fsdbDumpflush 
*Verdi* : Flush all FSDB Files at 0 ps.

ucli% fsdbDumpvars 0 "simulator.DCRFLI.DC_GEN\[19\].DC.SEQ.w_last0_ff1"  +all +trace_process

ucli% fsdbDumpflush 
*Verdi* : Flush all FSDB Files at 0 ps.

ucli% fsdbDumpvars 0 "simulator.DCRFLI.DC_GEN\[19\].DC.SEQ.w_last0_ff2"  +all +trace_process

ucli% fsdbDumpflush 
*Verdi* : Flush all FSDB Files at 0 ps.

ucli% fsdbDumpvars 0 "simulator.DCRFLI.DC_GEN\[19\].DC.SEQ.w_new_sequence"  +all +trace_process

ucli% fsdbDumpflush 
*Verdi* : Flush all FSDB Files at 0 ps.

ucli% if {[catch {ucliCore::setFocus tool}]} {}

ucli% fsdbDumpvars 0 "simulator.DCRFLI.DC_GEN\[19\].DC.SEQ.r_sequence\[0:9\]\[91:0\]"  +all +trace_process

ucli% fsdbDumpflush 
*Verdi* : Flush all FSDB Files at 0 ps.

ucli% fsdbDumpvars 0 "simulator.DCRFLI.DC_GEN\[19\].DC.SEQ.r_iters\[10:0\]"  +all +trace_process

ucli% fsdbDumpflush 
*Verdi* : Flush all FSDB Files at 0 ps.

ucli% fsdbDumpvars 0 "simulator.DCRFLI.DC_GEN\[19\].DC.SEQ.r_iptr\[3:0\]"  +all +trace_process

ucli% fsdbDumpflush 
*Verdi* : Flush all FSDB Files at 0 ps.

ucli% fsdbDumpvars 0 "simulator.DCRFLI.DC_GEN\[19\].DC.SEQ.w_insn_fetch\[91:0\]"  +all +trace_process

ucli% fsdbDumpflush 
*Verdi* : Flush all FSDB Files at 0 ps.

ucli% fsdbDumpvars 0 "simulator.DCRFLI.DC_GEN\[19\].DC.SEQ.w_insn_bubble"  +all +trace_process

ucli% fsdbDumpflush 
*Verdi* : Flush all FSDB Files at 0 ps.

ucli% fsdbDumpvars 0 "simulator.DCRFLI.DC_GEN\[19\].DC.SEQ.w_iptr_plus1\[3:0\]"  +all +trace_process

ucli% fsdbDumpflush 
*Verdi* : Flush all FSDB Files at 0 ps.

ucli% fsdbDumpvars 0 "simulator.DCRFLI.DC_GEN\[19\].DC.SEQ.w_next_null"  +all +trace_process

ucli% fsdbDumpflush 
*Verdi* : Flush all FSDB Files at 0 ps.

ucli% if {[catch {ucliCore::setFocus tool}]} {}

ucli% fsdbDumpvars 0 "simulator.DCRFLI.DC_GEN\[19\].DC.SEQ.o_empty"  +all +trace_process

ucli% fsdbDumpflush 
*Verdi* : Flush all FSDB Files at 0 ps.

ucli% fsdbDumpvars 0 "simulator.DCRFLI.DC_GEN\[19\].DC.SEQ.i_next"  +all +trace_process

ucli% fsdbDumpflush 
*Verdi* : Flush all FSDB Files at 0 ps.

ucli% fsdbDumpvars 0 "simulator.DCRFLI.DC_GEN\[19\].DC.SEQ.o_addr\[3:0\]"  +all +trace_process

ucli% fsdbDumpflush 
*Verdi* : Flush all FSDB Files at 0 ps.

ucli% fsdbDumpvars 0 "simulator.DCRFLI.DC_GEN\[19\].DC.SEQ.o_insn\[91:0\]"  +all +trace_process

ucli% fsdbDumpflush 
*Verdi* : Flush all FSDB Files at 0 ps.

ucli% fsdbDumpvars 0 "simulator.DCRFLI.DC_GEN\[19\].DC.SEQ.r_iptr_modify\[3:0\]"  +all +trace_process

ucli% fsdbDumpflush 
*Verdi* : Flush all FSDB Files at 0 ps.

ucli% fsdbDumpvars 0 "simulator.DCRFLI.DC_GEN\[19\].DC.SEQ.i_insn_modified\[91:0\]"  +all +trace_process

ucli% fsdbDumpflush 
*Verdi* : Flush all FSDB Files at 0 ps.

ucli% if {[catch {ucliCore::setFocus tool}]} {}

ucli% fsdbDumpvars 0 "simulator.DCRFLI.DC_GEN\[19\].DC.CORE.i_clk"  +all +trace_process

ucli% fsdbDumpflush 
*Verdi* : Flush all FSDB Files at 0 ps.

ucli% fsdbDumpvars 0 "simulator.DCRFLI.DC_GEN\[19\].DC.CORE.i_rst"  +all +trace_process

ucli% fsdbDumpflush 
*Verdi* : Flush all FSDB Files at 0 ps.

ucli% fsdbDumpvars 0 "simulator.DCRFLI.DC_GEN\[19\].DC.CORE.w_stall"  +all +trace_process

ucli% fsdbDumpflush 
*Verdi* : Flush all FSDB Files at 0 ps.

ucli% if {[catch {ucliCore::setFocus tool}]} {}

ucli% fsdbDumpvars 0 "simulator.DCRFLI.DC_GEN\[19\].DC.CORE.d"  +all +trace_process

ucli% fsdbDumpflush 
*Verdi* : Flush all FSDB Files at 0 ps.

ucli% fsdbDumpvars 0 "simulator.DCRFLI.DC_GEN\[19\].DC.CORE.i_empty"  +all +trace_process

ucli% fsdbDumpflush 
*Verdi* : Flush all FSDB Files at 0 ps.

ucli% fsdbDumpvars 0 "simulator.DCRFLI.DC_GEN\[19\].DC.CORE.o_next"  +all +trace_process

ucli% fsdbDumpflush 
*Verdi* : Flush all FSDB Files at 0 ps.

ucli% fsdbDumpvars 0 "simulator.DCRFLI.DC_GEN\[19\].DC.CORE.i_addr\[3:0\]"  +all +trace_process

ucli% fsdbDumpflush 
*Verdi* : Flush all FSDB Files at 0 ps.

ucli% fsdbDumpvars 0 "simulator.DCRFLI.DC_GEN\[19\].DC.CORE.i_insn\[91:0\]"  +all +trace_process

ucli% fsdbDumpflush 
*Verdi* : Flush all FSDB Files at 0 ps.

ucli% fsdbDumpvars 0 "simulator.DCRFLI.DC_GEN\[19\].DC.CORE.o_insn_modified"  +all +trace_process

ucli% fsdbDumpflush 
*Verdi* : Flush all FSDB Files at 0 ps.

ucli% if {[catch {ucliCore::setFocus tool}]} {}

ucli% fsdbDumpvars 0 "simulator.DCRFLI.DC_GEN\[19\].DC.CORE.i"  +all +trace_process

ucli% fsdbDumpflush 
*Verdi* : Flush all FSDB Files at 0 ps.

ucli% if {[catch {ucliCore::setFocus tool}]} {}

ucli% fsdbDumpvars 0 "simulator.DCRFLI.DC_GEN\[19\].DC.CORE.s"  +all +trace_process

ucli% fsdbDumpflush 
*Verdi* : Flush all FSDB Files at 0 ps.

ucli% fsdbDumpvars 0 "simulator.DCRFLI.DC_GEN\[19\].DC.CORE.w_dvsr\[15:0\]"  +all +trace_process

ucli% fsdbDumpflush 
*Verdi* : Flush all FSDB Files at 0 ps.

ucli% fsdbDumpvars 0 "simulator.DCRFLI.DC_GEN\[19\].DC.CORE.w_spi_dout\[23:0\]"  +all +trace_process

ucli% fsdbDumpflush 
*Verdi* : Flush all FSDB Files at 0 ps.

ucli% fsdbDumpvars 0 "simulator.DCRFLI.DC_GEN\[19\].DC.CORE.w_spi_done"  +all +trace_process

ucli% fsdbDumpflush 
*Verdi* : Flush all FSDB Files at 0 ps.

ucli% fsdbDumpvars 0 "simulator.DCRFLI.DC_GEN\[19\].DC.CORE.o_armed"  +all +trace_process

ucli% fsdbDumpflush 
*Verdi* : Flush all FSDB Files at 0 ps.

ucli% fsdbDumpvars 0 "simulator.DCRFLI.DC_GEN\[19\].DC.CORE.i_start"  +all +trace_process

ucli% fsdbDumpflush 
*Verdi* : Flush all FSDB Files at 0 ps.

ucli% if {[catch {ucliCore::setFocus tool}]} {}

ucli% fsdbDumpvars 0 "simulator.DCRFLI.DC_GEN\[19\].DC.CORE.o_sclk"  +all +trace_process

ucli% fsdbDumpflush 
*Verdi* : Flush all FSDB Files at 0 ps.

ucli% fsdbDumpvars 0 "simulator.DCRFLI.DC_GEN\[19\].DC.CORE.o_mosi"  +all +trace_process

ucli% fsdbDumpflush 
*Verdi* : Flush all FSDB Files at 0 ps.

ucli% fsdbDumpvars 0 "simulator.DCRFLI.DC_GEN\[19\].DC.CORE.i_miso"  +all +trace_process

ucli% fsdbDumpflush 
*Verdi* : Flush all FSDB Files at 0 ps.

ucli% fsdbDumpvars 0 "simulator.DCRFLI.DC_GEN\[19\].DC.CORE.o_cs_n"  +all +trace_process

ucli% fsdbDumpflush 
*Verdi* : Flush all FSDB Files at 0 ps.

ucli% fsdbDumpvars 0 "simulator.DCRFLI.DC_GEN\[19\].DC.CORE.o_ldac_n"  +all +trace_process

ucli% fsdbDumpflush 
*Verdi* : Flush all FSDB Files at 0 ps.

ucli% if {[catch {ucliCore::setFocus tool}]} {}

ucli% fsdbDumpvars 0 "simulator.DCRFLI.DC_GEN\[19\].DC.CORE.h"  +all +trace_process

ucli% fsdbDumpflush 
*Verdi* : Flush all FSDB Files at 0 ps.

ucli% fsdbDumpvars 0 "simulator.DCRFLI.DC_GEN\[19\].DC.CORE.o_next"  +all +trace_process

ucli% fsdbDumpflush 
*Verdi* : Flush all FSDB Files at 0 ps.

ucli% fsdbDumpvars 0 "simulator.DCRFLI.DC_GEN\[19\].DC.CORE.o_addr\[3:0\]"  +all +trace_process

ucli% fsdbDumpflush 
*Verdi* : Flush all FSDB Files at 0 ps.

ucli% fsdbDumpvars 0 "simulator.DCRFLI.DC_GEN\[19\].DC.CORE.o_iter\[9:0\]"  +all +trace_process

ucli% fsdbDumpflush 
*Verdi* : Flush all FSDB Files at 0 ps.

ucli% fsdbDumpvars 0 "simulator.DCRFLI.DC_GEN\[19\].DC.CORE.o_spi_din\[23:0\]"  +all +trace_process

ucli% fsdbDumpflush 
*Verdi* : Flush all FSDB Files at 0 ps.

ucli% fsdbDumpvars 0 "simulator.DCRFLI.DC_GEN\[19\].DC.CORE.o_spi_rd"  +all +trace_process

ucli% fsdbDumpflush 
*Verdi* : Flush all FSDB Files at 0 ps.

ucli% fsdbDumpvars 0 "simulator.DCRFLI.DC_GEN\[19\].DC.CORE.o_spi_dout\[23:0\]"  +all +trace_process

ucli% fsdbDumpflush 
*Verdi* : Flush all FSDB Files at 0 ps.

ucli% fsdbDumpvars 0 "simulator.DCRFLI.DC_GEN\[19\].DC.CORE.o_cycles_left\[29:0\]"  +all +trace_process

ucli% fsdbDumpflush 
*Verdi* : Flush all FSDB Files at 0 ps.

ucli% if {[catch {ucliCore::setFocus tool}]} {}

ucli% fsdbDumpvars 0 "simulator.DC_IO_GEN\[19\].DAC.valid_transaction"  +all +trace_process
*Verdi* : Dumping the signal (simulator.DC_IO_GEN[19].DAC.valid_transaction).

ucli% fsdbDumpflush 
*Verdi* : Flush all FSDB Files at 0 ps.

ucli% if {[catch {ucliCore::setFocus tool}]} {}

ucli% fsdbDumpvars 0 "simulator.DC_IO_GEN\[19\].DAC.input_shift_reg"  +all +trace_process
*Verdi* : Dumping the signal (simulator.DC_IO_GEN[19].DAC.input_shift_reg).

ucli% fsdbDumpflush 
*Verdi* : Flush all FSDB Files at 0 ps.

ucli% if {[catch {ucliCore::setFocus tool}]} {}

ucli% fsdbDumpvars 0 "simulator.DC_IO_GEN\[19\].DAC.rw"  +all +trace_process
*Verdi* : Dumping the signal (simulator.DC_IO_GEN[19].DAC.rw).

ucli% fsdbDumpflush 
*Verdi* : Flush all FSDB Files at 0 ps.

ucli% if {[catch {ucliCore::setFocus tool}]} {}

ucli% fsdbDumpvars 0 "simulator.DC_IO_GEN\[19\].DAC.addr"  +all +trace_process
*Verdi* : Dumping the signal (simulator.DC_IO_GEN[19].DAC.addr).

ucli% fsdbDumpflush 
*Verdi* : Flush all FSDB Files at 0 ps.

ucli% if {[catch {ucliCore::setFocus tool}]} {}

ucli% fsdbDumpvars 0 "simulator.DC_IO_GEN\[19\].DAC.data"  +all +trace_process
*Verdi* : Dumping the signal (simulator.DC_IO_GEN[19].DAC.data).

ucli% fsdbDumpflush 
*Verdi* : Flush all FSDB Files at 0 ps.

ucli% if {[catch {ucliCore::setFocus tool}]} {}

ucli% fsdbDumpvars 0 "simulator.DC_IO_GEN\[19\].DAC.rd_data"  +all +trace_process
*Verdi* : Dumping the signal (simulator.DC_IO_GEN[19].DAC.rd_data).

ucli% fsdbDumpflush 
*Verdi* : Flush all FSDB Files at 0 ps.

ucli% if {[catch {ucliCore::setFocus tool}]} {}

ucli% fsdbDumpvars 0 "simulator.DC_IO_GEN\[19\].DAC.SCLK"  +all +trace_process
*Verdi* : Dumping the signal (simulator.DC_IO_GEN[19].DAC.SCLK).

ucli% fsdbDumpflush 
*Verdi* : Flush all FSDB Files at 0 ps.

ucli% if {[catch {ucliCore::setFocus tool}]} {}

ucli% fsdbDumpvars 0 "simulator.DC_IO_GEN\[19\].DAC.SDIN"  +all +trace_process
*Verdi* : Dumping the signal (simulator.DC_IO_GEN[19].DAC.SDIN).

ucli% fsdbDumpflush 
*Verdi* : Flush all FSDB Files at 0 ps.

ucli% if {[catch {ucliCore::setFocus tool}]} {}

ucli% fsdbDumpvars 0 "simulator.DC_IO_GEN\[19\].DAC.SYNC_N"  +all +trace_process
*Verdi* : Dumping the signal (simulator.DC_IO_GEN[19].DAC.SYNC_N).

ucli% fsdbDumpflush 
*Verdi* : Flush all FSDB Files at 0 ps.

ucli% if {[catch {ucliCore::setFocus tool}]} {}

ucli% fsdbDumpvars 0 "simulator.DC_IO_GEN\[19\].DAC.SDO"  +all +trace_process
*Verdi* : Dumping the signal (simulator.DC_IO_GEN[19].DAC.SDO).

ucli% fsdbDumpflush 
*Verdi* : Flush all FSDB Files at 0 ps.

ucli% if {[catch {ucliCore::setFocus tool}]} {}

ucli% fsdbDumpvars 0 "simulator.DC_IO_GEN\[19\].DAC.LDAC_N"  +all +trace_process
*Verdi* : Dumping the signal (simulator.DC_IO_GEN[19].DAC.LDAC_N).

ucli% fsdbDumpflush 
*Verdi* : Flush all FSDB Files at 0 ps.

ucli% if {[catch {ucliCore::setFocus tool}]} {}

ucli% fsdbDumpvars 0 "simulator.DC_IO_GEN\[19\].DAC.CLR_N"  +all +trace_process
*Verdi* : Dumping the signal (simulator.DC_IO_GEN[19].DAC.CLR_N).

ucli% fsdbDumpflush 
*Verdi* : Flush all FSDB Files at 0 ps.

ucli% if {[catch {ucliCore::setFocus tool}]} {}

ucli% fsdbDumpvars 0 "simulator.DC_IO_GEN\[19\].DAC.RESET_N"  +all +trace_process
*Verdi* : Dumping the signal (simulator.DC_IO_GEN[19].DAC.RESET_N).

ucli% fsdbDumpflush 
*Verdi* : Flush all FSDB Files at 0 ps.

ucli% if {[catch {ucliCore::setFocus tool}]} {}

ucli% fsdbDumpvars 0 "simulator.DC_IO_GEN\[19\].DAC.dac_reg"  +all +trace_process
*Verdi* : Dumping the signal (simulator.DC_IO_GEN[19].DAC.dac_reg).

ucli% fsdbDumpflush 
*Verdi* : Flush all FSDB Files at 0 ps.

ucli% if {[catch {ucliCore::setFocus tool}]} {}

ucli% fsdbDumpvars 0 "simulator.DC_IO_GEN\[19\].DAC.ctrl_reg"  +all +trace_process
*Verdi* : Dumping the signal (simulator.DC_IO_GEN[19].DAC.ctrl_reg).

ucli% fsdbDumpflush 
*Verdi* : Flush all FSDB Files at 0 ps.

ucli% if {[catch {ucliCore::setFocus tool}]} {}

ucli% fsdbDumpvars 0 "simulator.DC_IO_GEN\[19\].DAC.clrcode_reg"  +all +trace_process
*Verdi* : Dumping the signal (simulator.DC_IO_GEN[19].DAC.clrcode_reg).

ucli% fsdbDumpflush 
*Verdi* : Flush all FSDB Files at 0 ps.

ucli% if {[catch {ucliCore::setFocus tool}]} {}

ucli% fsdbDumpvars 0 "simulator.DC_IO_GEN\[19\].DAC.sw_ctrl_reg"  +all +trace_process
*Verdi* : Dumping the signal (simulator.DC_IO_GEN[19].DAC.sw_ctrl_reg).

ucli% fsdbDumpflush 
*Verdi* : Flush all FSDB Files at 0 ps.

ucli% if {[catch {ucliCore::setFocus tool}]} {}

ucli% fsdbDumpvars 0 "simulator.DC_IO_GEN\[19\].DAC.dac_input_reg"  +all +trace_process
*Verdi* : Dumping the signal (simulator.DC_IO_GEN[19].DAC.dac_input_reg).

ucli% fsdbDumpflush 
*Verdi* : Flush all FSDB Files at 0 ps.

ucli% if {[catch {ucliCore::setFocus tool}]} {}

ucli% fsdbDumpvars 0 "simulator.DC_IO_GEN\[19\].DAC.SDODIS"  +all +trace_process
*Verdi* : Dumping the signal (simulator.DC_IO_GEN[19].DAC.SDODIS).

ucli% fsdbDumpflush 
*Verdi* : Flush all FSDB Files at 0 ps.

ucli% if {[catch {ucliCore::setFocus tool}]} {}

ucli% fsdbDumpvars 0 "simulator.DC_IO_GEN\[19\].DAC.DACTRI"  +all +trace_process
*Verdi* : Dumping the signal (simulator.DC_IO_GEN[19].DAC.DACTRI).

ucli% fsdbDumpflush 
*Verdi* : Flush all FSDB Files at 0 ps.

ucli% if {[catch {ucliCore::setFocus tool}]} {}

ucli% fsdbDumpvars 0 "simulator.DC_IO_GEN\[19\].DAC.OPGND"  +all +trace_process
*Verdi* : Dumping the signal (simulator.DC_IO_GEN[19].DAC.OPGND).

ucli% fsdbDumpflush 
*Verdi* : Flush all FSDB Files at 0 ps.

ucli% if {[catch {ucliCore::setFocus tool}]} {}

ucli% fsdbDumpvars 0 "simulator.DC_IO_GEN\[19\].DAC.VOUT"  +all +trace_process
*Verdi* : Dumping the signal (simulator.DC_IO_GEN[19].DAC.VOUT).

ucli% fsdbDumpflush 
*Verdi* : Flush all FSDB Files at 0 ps.

ucli% if {[catch {ucliCore::setFocus tool}]} {}

ucli% fsdbDumpvars 0 "simulator.DC_IO_GEN\[19\].DAC.VDIGITAL"  +all +trace_process
*Verdi* : Dumping the signal (simulator.DC_IO_GEN[19].DAC.VDIGITAL).

ucli% fsdbDumpflush 
*Verdi* : Flush all FSDB Files at 0 ps.

ucli% if {[catch {ucliCore::setFocus tool}]} {}

ucli% fsdbDumpvars 0 "simulator.DC_IO_GEN\[18\].REGS.AXIL_REGS.i_aclk"  +all +trace_process

ucli% fsdbDumpflush 
*Verdi* : Flush all FSDB Files at 0 ps.

ucli% fsdbDumpvars 0 "simulator.DC_IO_GEN\[18\].REGS.AXIL_REGS.i_aresetn"  +all +trace_process

ucli% fsdbDumpflush 
*Verdi* : Flush all FSDB Files at 0 ps.

ucli% fsdbDumpvars 0 "simulator.DC_IO_GEN\[18\].REGS.AXIL_REGS.r_regs\[0:31\]\[31:0\]"  +all +trace_process

ucli% fsdbDumpflush 
*Verdi* : Flush all FSDB Files at 0 ps.

ucli% fsdbDumpvars 0 "simulator.DC_IO_GEN\[18\].REGS.AXIL_REGS.o_regs\[0:31\]\[31:0\]"  +all +trace_process

ucli% fsdbDumpflush 
*Verdi* : Flush all FSDB Files at 0 ps.

ucli% if {[catch {ucliCore::setFocus tool}]} {}

ucli% fsdbDumpvars 0 "simulator.DC_IO_GEN\[18\].REGS.AXIL_REGS.o_awready"  +all +trace_process

ucli% fsdbDumpflush 
*Verdi* : Flush all FSDB Files at 0 ps.

ucli% fsdbDumpvars 0 "simulator.DC_IO_GEN\[18\].REGS.AXIL_REGS.i_awvalid"  +all +trace_process

ucli% fsdbDumpflush 
*Verdi* : Flush all FSDB Files at 0 ps.

ucli% fsdbDumpvars 0 "simulator.DC_IO_GEN\[18\].REGS.AXIL_REGS.i_awaddr\[6:0\]"  +all +trace_process

ucli% fsdbDumpflush 
*Verdi* : Flush all FSDB Files at 0 ps.

ucli% fsdbDumpvars 0 "simulator.DC_IO_GEN\[18\].REGS.AXIL_REGS.w_awireg\[4:0\]"  +all +trace_process

ucli% fsdbDumpflush 
*Verdi* : Flush all FSDB Files at 0 ps.

ucli% fsdbDumpvars 0 "simulator.DC_IO_GEN\[18\].REGS.AXIL_REGS.w_awls2b\[1:0\]"  +all +trace_process

ucli% fsdbDumpflush 
*Verdi* : Flush all FSDB Files at 0 ps.

ucli% if {[catch {ucliCore::setFocus tool}]} {}

ucli% fsdbDumpvars 0 "simulator.DC_IO_GEN\[18\].REGS.AXIL_REGS.o_wready"  +all +trace_process

ucli% fsdbDumpflush 
*Verdi* : Flush all FSDB Files at 0 ps.

ucli% fsdbDumpvars 0 "simulator.DC_IO_GEN\[18\].REGS.AXIL_REGS.i_wvalid"  +all +trace_process

ucli% fsdbDumpflush 
*Verdi* : Flush all FSDB Files at 0 ps.

ucli% fsdbDumpvars 0 "simulator.DC_IO_GEN\[18\].REGS.AXIL_REGS.i_wdata\[31:0\]"  +all +trace_process

ucli% fsdbDumpflush 
*Verdi* : Flush all FSDB Files at 0 ps.

ucli% fsdbDumpvars 0 "simulator.DC_IO_GEN\[18\].REGS.AXIL_REGS.i_wstrb\[3:0\]"  +all +trace_process

ucli% fsdbDumpflush 
*Verdi* : Flush all FSDB Files at 0 ps.

ucli% fsdbDumpvars 0 "simulator.DC_IO_GEN\[18\].REGS.AXIL_REGS.w_wdatastrb\[31:0\]"  +all +trace_process

ucli% fsdbDumpflush 
*Verdi* : Flush all FSDB Files at 0 ps.

ucli% if {[catch {ucliCore::setFocus tool}]} {}

ucli% fsdbDumpvars 0 "simulator.DC_IO_GEN\[18\].REGS.AXIL_REGS.i_bready"  +all +trace_process

ucli% fsdbDumpflush 
*Verdi* : Flush all FSDB Files at 0 ps.

ucli% fsdbDumpvars 0 "simulator.DC_IO_GEN\[18\].REGS.AXIL_REGS.o_bvalid"  +all +trace_process

ucli% fsdbDumpflush 
*Verdi* : Flush all FSDB Files at 0 ps.

ucli% fsdbDumpvars 0 "simulator.DC_IO_GEN\[18\].REGS.AXIL_REGS.o_bresp\[1:0\]"  +all +trace_process

ucli% fsdbDumpflush 
*Verdi* : Flush all FSDB Files at 0 ps.

ucli% if {[catch {ucliCore::setFocus tool}]} {}

ucli% fsdbDumpvars 0 "simulator.DC_IO_GEN\[18\].REGS.AXIL_REGS.o_arready"  +all +trace_process

ucli% fsdbDumpflush 
*Verdi* : Flush all FSDB Files at 0 ps.

ucli% fsdbDumpvars 0 "simulator.DC_IO_GEN\[18\].REGS.AXIL_REGS.i_arvalid"  +all +trace_process

ucli% fsdbDumpflush 
*Verdi* : Flush all FSDB Files at 0 ps.

ucli% fsdbDumpvars 0 "simulator.DC_IO_GEN\[18\].REGS.AXIL_REGS.i_araddr\[6:0\]"  +all +trace_process

ucli% fsdbDumpflush 
*Verdi* : Flush all FSDB Files at 0 ps.

ucli% fsdbDumpvars 0 "simulator.DC_IO_GEN\[18\].REGS.AXIL_REGS.w_arireg\[4:0\]"  +all +trace_process

ucli% fsdbDumpflush 
*Verdi* : Flush all FSDB Files at 0 ps.

ucli% fsdbDumpvars 0 "simulator.DC_IO_GEN\[18\].REGS.AXIL_REGS.w_arls2b\[1:0\]"  +all +trace_process

ucli% fsdbDumpflush 
*Verdi* : Flush all FSDB Files at 0 ps.

ucli% if {[catch {ucliCore::setFocus tool}]} {}

ucli% fsdbDumpvars 0 "simulator.DC_IO_GEN\[18\].REGS.AXIL_REGS.i_rready"  +all +trace_process

ucli% fsdbDumpflush 
*Verdi* : Flush all FSDB Files at 0 ps.

ucli% fsdbDumpvars 0 "simulator.DC_IO_GEN\[18\].REGS.AXIL_REGS.o_rvalid"  +all +trace_process

ucli% fsdbDumpflush 
*Verdi* : Flush all FSDB Files at 0 ps.

ucli% fsdbDumpvars 0 "simulator.DC_IO_GEN\[18\].REGS.AXIL_REGS.o_rdata\[31:0\]"  +all +trace_process

ucli% fsdbDumpflush 
*Verdi* : Flush all FSDB Files at 0 ps.

ucli% fsdbDumpvars 0 "simulator.DC_IO_GEN\[18\].REGS.AXIL_REGS.o_rresp\[1:0\]"  +all +trace_process

ucli% fsdbDumpflush 
*Verdi* : Flush all FSDB Files at 0 ps.

ucli% if {[catch {ucliCore::setFocus tool}]} {}

ucli% fsdbDumpvars 0 "simulator.DCRFLI.DC_GEN\[18\].DC.SEQ.i_clk"  +all +trace_process

ucli% fsdbDumpflush 
*Verdi* : Flush all FSDB Files at 0 ps.

ucli% fsdbDumpvars 0 "simulator.DCRFLI.DC_GEN\[18\].DC.SEQ.i_rst"  +all +trace_process

ucli% fsdbDumpflush 
*Verdi* : Flush all FSDB Files at 0 ps.

ucli% fsdbDumpvars 0 "simulator.DCRFLI.DC_GEN\[18\].DC.SEQ.w_propagate"  +all +trace_process

ucli% fsdbDumpflush 
*Verdi* : Flush all FSDB Files at 0 ps.

ucli% if {[catch {ucliCore::setFocus tool}]} {}

ucli% fsdbDumpvars 0 "simulator.DCRFLI.DC_GEN\[18\].DC.SEQ.i_regs\[0:31\]\[31:0\]"  +all +trace_process

ucli% fsdbDumpflush 
*Verdi* : Flush all FSDB Files at 0 ps.

ucli% fsdbDumpvars 0 "simulator.DCRFLI.DC_GEN\[18\].DC.SEQ.w_last0"  +all +trace_process

ucli% fsdbDumpflush 
*Verdi* : Flush all FSDB Files at 0 ps.

ucli% fsdbDumpvars 0 "simulator.DCRFLI.DC_GEN\[18\].DC.SEQ.w_last0_ff1"  +all +trace_process

ucli% fsdbDumpflush 
*Verdi* : Flush all FSDB Files at 0 ps.

ucli% fsdbDumpvars 0 "simulator.DCRFLI.DC_GEN\[18\].DC.SEQ.w_last0_ff2"  +all +trace_process

ucli% fsdbDumpflush 
*Verdi* : Flush all FSDB Files at 0 ps.

ucli% fsdbDumpvars 0 "simulator.DCRFLI.DC_GEN\[18\].DC.SEQ.w_new_sequence"  +all +trace_process

ucli% fsdbDumpflush 
*Verdi* : Flush all FSDB Files at 0 ps.

ucli% if {[catch {ucliCore::setFocus tool}]} {}

ucli% fsdbDumpvars 0 "simulator.DCRFLI.DC_GEN\[18\].DC.SEQ.r_sequence\[0:9\]\[91:0\]"  +all +trace_process

ucli% fsdbDumpflush 
*Verdi* : Flush all FSDB Files at 0 ps.

ucli% fsdbDumpvars 0 "simulator.DCRFLI.DC_GEN\[18\].DC.SEQ.r_iters\[10:0\]"  +all +trace_process

ucli% fsdbDumpflush 
*Verdi* : Flush all FSDB Files at 0 ps.

ucli% fsdbDumpvars 0 "simulator.DCRFLI.DC_GEN\[18\].DC.SEQ.r_iptr\[3:0\]"  +all +trace_process

ucli% fsdbDumpflush 
*Verdi* : Flush all FSDB Files at 0 ps.

ucli% fsdbDumpvars 0 "simulator.DCRFLI.DC_GEN\[18\].DC.SEQ.w_insn_fetch\[91:0\]"  +all +trace_process

ucli% fsdbDumpflush 
*Verdi* : Flush all FSDB Files at 0 ps.

ucli% fsdbDumpvars 0 "simulator.DCRFLI.DC_GEN\[18\].DC.SEQ.w_insn_bubble"  +all +trace_process

ucli% fsdbDumpflush 
*Verdi* : Flush all FSDB Files at 0 ps.

ucli% fsdbDumpvars 0 "simulator.DCRFLI.DC_GEN\[18\].DC.SEQ.w_iptr_plus1\[3:0\]"  +all +trace_process

ucli% fsdbDumpflush 
*Verdi* : Flush all FSDB Files at 0 ps.

ucli% fsdbDumpvars 0 "simulator.DCRFLI.DC_GEN\[18\].DC.SEQ.w_next_null"  +all +trace_process

ucli% fsdbDumpflush 
*Verdi* : Flush all FSDB Files at 0 ps.

ucli% if {[catch {ucliCore::setFocus tool}]} {}

ucli% fsdbDumpvars 0 "simulator.DCRFLI.DC_GEN\[18\].DC.SEQ.o_empty"  +all +trace_process

ucli% fsdbDumpflush 
*Verdi* : Flush all FSDB Files at 0 ps.

ucli% fsdbDumpvars 0 "simulator.DCRFLI.DC_GEN\[18\].DC.SEQ.i_next"  +all +trace_process

ucli% fsdbDumpflush 
*Verdi* : Flush all FSDB Files at 0 ps.

ucli% fsdbDumpvars 0 "simulator.DCRFLI.DC_GEN\[18\].DC.SEQ.o_addr\[3:0\]"  +all +trace_process

ucli% fsdbDumpflush 
*Verdi* : Flush all FSDB Files at 0 ps.

ucli% fsdbDumpvars 0 "simulator.DCRFLI.DC_GEN\[18\].DC.SEQ.o_insn\[91:0\]"  +all +trace_process

ucli% fsdbDumpflush 
*Verdi* : Flush all FSDB Files at 0 ps.

ucli% fsdbDumpvars 0 "simulator.DCRFLI.DC_GEN\[18\].DC.SEQ.r_iptr_modify\[3:0\]"  +all +trace_process

ucli% fsdbDumpflush 
*Verdi* : Flush all FSDB Files at 0 ps.

ucli% fsdbDumpvars 0 "simulator.DCRFLI.DC_GEN\[18\].DC.SEQ.i_insn_modified\[91:0\]"  +all +trace_process

ucli% fsdbDumpflush 
*Verdi* : Flush all FSDB Files at 0 ps.

ucli% if {[catch {ucliCore::setFocus tool}]} {}

ucli% fsdbDumpvars 0 "simulator.DCRFLI.DC_GEN\[18\].DC.CORE.i_clk"  +all +trace_process

ucli% fsdbDumpflush 
*Verdi* : Flush all FSDB Files at 0 ps.

ucli% fsdbDumpvars 0 "simulator.DCRFLI.DC_GEN\[18\].DC.CORE.i_rst"  +all +trace_process

ucli% fsdbDumpflush 
*Verdi* : Flush all FSDB Files at 0 ps.

ucli% fsdbDumpvars 0 "simulator.DCRFLI.DC_GEN\[18\].DC.CORE.w_stall"  +all +trace_process

ucli% fsdbDumpflush 
*Verdi* : Flush all FSDB Files at 0 ps.

ucli% if {[catch {ucliCore::setFocus tool}]} {}

ucli% fsdbDumpvars 0 "simulator.DCRFLI.DC_GEN\[18\].DC.CORE.d"  +all +trace_process

ucli% fsdbDumpflush 
*Verdi* : Flush all FSDB Files at 0 ps.

ucli% fsdbDumpvars 0 "simulator.DCRFLI.DC_GEN\[18\].DC.CORE.i_empty"  +all +trace_process

ucli% fsdbDumpflush 
*Verdi* : Flush all FSDB Files at 0 ps.

ucli% fsdbDumpvars 0 "simulator.DCRFLI.DC_GEN\[18\].DC.CORE.o_next"  +all +trace_process

ucli% fsdbDumpflush 
*Verdi* : Flush all FSDB Files at 0 ps.

ucli% fsdbDumpvars 0 "simulator.DCRFLI.DC_GEN\[18\].DC.CORE.i_addr\[3:0\]"  +all +trace_process

ucli% fsdbDumpflush 
*Verdi* : Flush all FSDB Files at 0 ps.

ucli% fsdbDumpvars 0 "simulator.DCRFLI.DC_GEN\[18\].DC.CORE.i_insn\[91:0\]"  +all +trace_process

ucli% fsdbDumpflush 
*Verdi* : Flush all FSDB Files at 0 ps.

ucli% fsdbDumpvars 0 "simulator.DCRFLI.DC_GEN\[18\].DC.CORE.o_insn_modified"  +all +trace_process

ucli% fsdbDumpflush 
*Verdi* : Flush all FSDB Files at 0 ps.

ucli% if {[catch {ucliCore::setFocus tool}]} {}

ucli% fsdbDumpvars 0 "simulator.DCRFLI.DC_GEN\[18\].DC.CORE.i"  +all +trace_process

ucli% fsdbDumpflush 
*Verdi* : Flush all FSDB Files at 0 ps.

ucli% if {[catch {ucliCore::setFocus tool}]} {}

ucli% fsdbDumpvars 0 "simulator.DCRFLI.DC_GEN\[18\].DC.CORE.s"  +all +trace_process

ucli% fsdbDumpflush 
*Verdi* : Flush all FSDB Files at 0 ps.

ucli% fsdbDumpvars 0 "simulator.DCRFLI.DC_GEN\[18\].DC.CORE.w_dvsr\[15:0\]"  +all +trace_process

ucli% fsdbDumpflush 
*Verdi* : Flush all FSDB Files at 0 ps.

ucli% fsdbDumpvars 0 "simulator.DCRFLI.DC_GEN\[18\].DC.CORE.w_spi_dout\[23:0\]"  +all +trace_process

ucli% fsdbDumpflush 
*Verdi* : Flush all FSDB Files at 0 ps.

ucli% fsdbDumpvars 0 "simulator.DCRFLI.DC_GEN\[18\].DC.CORE.w_spi_done"  +all +trace_process

ucli% fsdbDumpflush 
*Verdi* : Flush all FSDB Files at 0 ps.

ucli% fsdbDumpvars 0 "simulator.DCRFLI.DC_GEN\[18\].DC.CORE.o_armed"  +all +trace_process

ucli% fsdbDumpflush 
*Verdi* : Flush all FSDB Files at 0 ps.

ucli% fsdbDumpvars 0 "simulator.DCRFLI.DC_GEN\[18\].DC.CORE.i_start"  +all +trace_process

ucli% fsdbDumpflush 
*Verdi* : Flush all FSDB Files at 0 ps.

ucli% if {[catch {ucliCore::setFocus tool}]} {}

ucli% fsdbDumpvars 0 "simulator.DCRFLI.DC_GEN\[18\].DC.CORE.o_sclk"  +all +trace_process

ucli% fsdbDumpflush 
*Verdi* : Flush all FSDB Files at 0 ps.

ucli% fsdbDumpvars 0 "simulator.DCRFLI.DC_GEN\[18\].DC.CORE.o_mosi"  +all +trace_process

ucli% fsdbDumpflush 
*Verdi* : Flush all FSDB Files at 0 ps.

ucli% fsdbDumpvars 0 "simulator.DCRFLI.DC_GEN\[18\].DC.CORE.i_miso"  +all +trace_process

ucli% fsdbDumpflush 
*Verdi* : Flush all FSDB Files at 0 ps.

ucli% fsdbDumpvars 0 "simulator.DCRFLI.DC_GEN\[18\].DC.CORE.o_cs_n"  +all +trace_process

ucli% fsdbDumpflush 
*Verdi* : Flush all FSDB Files at 0 ps.

ucli% fsdbDumpvars 0 "simulator.DCRFLI.DC_GEN\[18\].DC.CORE.o_ldac_n"  +all +trace_process

ucli% fsdbDumpflush 
*Verdi* : Flush all FSDB Files at 0 ps.

ucli% if {[catch {ucliCore::setFocus tool}]} {}

ucli% fsdbDumpvars 0 "simulator.DCRFLI.DC_GEN\[18\].DC.CORE.h"  +all +trace_process

ucli% fsdbDumpflush 
*Verdi* : Flush all FSDB Files at 0 ps.

ucli% fsdbDumpvars 0 "simulator.DCRFLI.DC_GEN\[18\].DC.CORE.o_next"  +all +trace_process

ucli% fsdbDumpflush 
*Verdi* : Flush all FSDB Files at 0 ps.

ucli% fsdbDumpvars 0 "simulator.DCRFLI.DC_GEN\[18\].DC.CORE.o_addr\[3:0\]"  +all +trace_process

ucli% fsdbDumpflush 
*Verdi* : Flush all FSDB Files at 0 ps.

ucli% fsdbDumpvars 0 "simulator.DCRFLI.DC_GEN\[18\].DC.CORE.o_iter\[9:0\]"  +all +trace_process

ucli% fsdbDumpflush 
*Verdi* : Flush all FSDB Files at 0 ps.

ucli% fsdbDumpvars 0 "simulator.DCRFLI.DC_GEN\[18\].DC.CORE.o_spi_din\[23:0\]"  +all +trace_process

ucli% fsdbDumpflush 
*Verdi* : Flush all FSDB Files at 0 ps.

ucli% fsdbDumpvars 0 "simulator.DCRFLI.DC_GEN\[18\].DC.CORE.o_spi_rd"  +all +trace_process

ucli% fsdbDumpflush 
*Verdi* : Flush all FSDB Files at 0 ps.

ucli% fsdbDumpvars 0 "simulator.DCRFLI.DC_GEN\[18\].DC.CORE.o_spi_dout\[23:0\]"  +all +trace_process

ucli% fsdbDumpflush 
*Verdi* : Flush all FSDB Files at 0 ps.

ucli% fsdbDumpvars 0 "simulator.DCRFLI.DC_GEN\[18\].DC.CORE.o_cycles_left\[29:0\]"  +all +trace_process

ucli% fsdbDumpflush 
*Verdi* : Flush all FSDB Files at 0 ps.

ucli% if {[catch {ucliCore::setFocus tool}]} {}

ucli% fsdbDumpvars 0 "simulator.DC_IO_GEN\[18\].DAC.valid_transaction"  +all +trace_process
*Verdi* : Dumping the signal (simulator.DC_IO_GEN[18].DAC.valid_transaction).

ucli% fsdbDumpflush 
*Verdi* : Flush all FSDB Files at 0 ps.

ucli% if {[catch {ucliCore::setFocus tool}]} {}

ucli% fsdbDumpvars 0 "simulator.DC_IO_GEN\[18\].DAC.input_shift_reg"  +all +trace_process
*Verdi* : Dumping the signal (simulator.DC_IO_GEN[18].DAC.input_shift_reg).

ucli% fsdbDumpflush 
*Verdi* : Flush all FSDB Files at 0 ps.

ucli% if {[catch {ucliCore::setFocus tool}]} {}

ucli% fsdbDumpvars 0 "simulator.DC_IO_GEN\[18\].DAC.rw"  +all +trace_process
*Verdi* : Dumping the signal (simulator.DC_IO_GEN[18].DAC.rw).

ucli% fsdbDumpflush 
*Verdi* : Flush all FSDB Files at 0 ps.

ucli% if {[catch {ucliCore::setFocus tool}]} {}

ucli% fsdbDumpvars 0 "simulator.DC_IO_GEN\[18\].DAC.addr"  +all +trace_process
*Verdi* : Dumping the signal (simulator.DC_IO_GEN[18].DAC.addr).

ucli% fsdbDumpflush 
*Verdi* : Flush all FSDB Files at 0 ps.

ucli% if {[catch {ucliCore::setFocus tool}]} {}

ucli% fsdbDumpvars 0 "simulator.DC_IO_GEN\[18\].DAC.data"  +all +trace_process
*Verdi* : Dumping the signal (simulator.DC_IO_GEN[18].DAC.data).

ucli% fsdbDumpflush 
*Verdi* : Flush all FSDB Files at 0 ps.

ucli% if {[catch {ucliCore::setFocus tool}]} {}

ucli% fsdbDumpvars 0 "simulator.DC_IO_GEN\[18\].DAC.rd_data"  +all +trace_process
*Verdi* : Dumping the signal (simulator.DC_IO_GEN[18].DAC.rd_data).

ucli% fsdbDumpflush 
*Verdi* : Flush all FSDB Files at 0 ps.

ucli% if {[catch {ucliCore::setFocus tool}]} {}

ucli% fsdbDumpvars 0 "simulator.DC_IO_GEN\[18\].DAC.SCLK"  +all +trace_process
*Verdi* : Dumping the signal (simulator.DC_IO_GEN[18].DAC.SCLK).

ucli% fsdbDumpflush 
*Verdi* : Flush all FSDB Files at 0 ps.

ucli% if {[catch {ucliCore::setFocus tool}]} {}

ucli% fsdbDumpvars 0 "simulator.DC_IO_GEN\[18\].DAC.SDIN"  +all +trace_process
*Verdi* : Dumping the signal (simulator.DC_IO_GEN[18].DAC.SDIN).

ucli% fsdbDumpflush 
*Verdi* : Flush all FSDB Files at 0 ps.

ucli% if {[catch {ucliCore::setFocus tool}]} {}

ucli% fsdbDumpvars 0 "simulator.DC_IO_GEN\[18\].DAC.SYNC_N"  +all +trace_process
*Verdi* : Dumping the signal (simulator.DC_IO_GEN[18].DAC.SYNC_N).

ucli% fsdbDumpflush 
*Verdi* : Flush all FSDB Files at 0 ps.

ucli% if {[catch {ucliCore::setFocus tool}]} {}

ucli% fsdbDumpvars 0 "simulator.DC_IO_GEN\[18\].DAC.SDO"  +all +trace_process
*Verdi* : Dumping the signal (simulator.DC_IO_GEN[18].DAC.SDO).

ucli% fsdbDumpflush 
*Verdi* : Flush all FSDB Files at 0 ps.

ucli% if {[catch {ucliCore::setFocus tool}]} {}

ucli% fsdbDumpvars 0 "simulator.DC_IO_GEN\[18\].DAC.LDAC_N"  +all +trace_process
*Verdi* : Dumping the signal (simulator.DC_IO_GEN[18].DAC.LDAC_N).

ucli% fsdbDumpflush 
*Verdi* : Flush all FSDB Files at 0 ps.

ucli% if {[catch {ucliCore::setFocus tool}]} {}

ucli% fsdbDumpvars 0 "simulator.DC_IO_GEN\[18\].DAC.CLR_N"  +all +trace_process
*Verdi* : Dumping the signal (simulator.DC_IO_GEN[18].DAC.CLR_N).

ucli% fsdbDumpflush 
*Verdi* : Flush all FSDB Files at 0 ps.

ucli% if {[catch {ucliCore::setFocus tool}]} {}

ucli% fsdbDumpvars 0 "simulator.DC_IO_GEN\[18\].DAC.RESET_N"  +all +trace_process
*Verdi* : Dumping the signal (simulator.DC_IO_GEN[18].DAC.RESET_N).

ucli% fsdbDumpflush 
*Verdi* : Flush all FSDB Files at 0 ps.

ucli% if {[catch {ucliCore::setFocus tool}]} {}

ucli% fsdbDumpvars 0 "simulator.DC_IO_GEN\[18\].DAC.dac_reg"  +all +trace_process
*Verdi* : Dumping the signal (simulator.DC_IO_GEN[18].DAC.dac_reg).

ucli% fsdbDumpflush 
*Verdi* : Flush all FSDB Files at 0 ps.

ucli% if {[catch {ucliCore::setFocus tool}]} {}

ucli% fsdbDumpvars 0 "simulator.DC_IO_GEN\[18\].DAC.ctrl_reg"  +all +trace_process
*Verdi* : Dumping the signal (simulator.DC_IO_GEN[18].DAC.ctrl_reg).

ucli% fsdbDumpflush 
*Verdi* : Flush all FSDB Files at 0 ps.

ucli% if {[catch {ucliCore::setFocus tool}]} {}

ucli% fsdbDumpvars 0 "simulator.DC_IO_GEN\[18\].DAC.clrcode_reg"  +all +trace_process
*Verdi* : Dumping the signal (simulator.DC_IO_GEN[18].DAC.clrcode_reg).

ucli% fsdbDumpflush 
*Verdi* : Flush all FSDB Files at 0 ps.

ucli% if {[catch {ucliCore::setFocus tool}]} {}

ucli% fsdbDumpvars 0 "simulator.DC_IO_GEN\[18\].DAC.sw_ctrl_reg"  +all +trace_process
*Verdi* : Dumping the signal (simulator.DC_IO_GEN[18].DAC.sw_ctrl_reg).

ucli% fsdbDumpflush 
*Verdi* : Flush all FSDB Files at 0 ps.

ucli% if {[catch {ucliCore::setFocus tool}]} {}

ucli% fsdbDumpvars 0 "simulator.DC_IO_GEN\[18\].DAC.dac_input_reg"  +all +trace_process
*Verdi* : Dumping the signal (simulator.DC_IO_GEN[18].DAC.dac_input_reg).

ucli% fsdbDumpflush 
*Verdi* : Flush all FSDB Files at 0 ps.

ucli% if {[catch {ucliCore::setFocus tool}]} {}

ucli% fsdbDumpvars 0 "simulator.DC_IO_GEN\[18\].DAC.SDODIS"  +all +trace_process
*Verdi* : Dumping the signal (simulator.DC_IO_GEN[18].DAC.SDODIS).

ucli% fsdbDumpflush 
*Verdi* : Flush all FSDB Files at 0 ps.

ucli% if {[catch {ucliCore::setFocus tool}]} {}

ucli% fsdbDumpvars 0 "simulator.DC_IO_GEN\[18\].DAC.DACTRI"  +all +trace_process
*Verdi* : Dumping the signal (simulator.DC_IO_GEN[18].DAC.DACTRI).

ucli% fsdbDumpflush 
*Verdi* : Flush all FSDB Files at 0 ps.

ucli% if {[catch {ucliCore::setFocus tool}]} {}

ucli% fsdbDumpvars 0 "simulator.DC_IO_GEN\[18\].DAC.OPGND"  +all +trace_process
*Verdi* : Dumping the signal (simulator.DC_IO_GEN[18].DAC.OPGND).

ucli% fsdbDumpflush 
*Verdi* : Flush all FSDB Files at 0 ps.

ucli% if {[catch {ucliCore::setFocus tool}]} {}

ucli% fsdbDumpvars 0 "simulator.DC_IO_GEN\[18\].DAC.VOUT"  +all +trace_process
*Verdi* : Dumping the signal (simulator.DC_IO_GEN[18].DAC.VOUT).

ucli% fsdbDumpflush 
*Verdi* : Flush all FSDB Files at 0 ps.

ucli% if {[catch {ucliCore::setFocus tool}]} {}

ucli% fsdbDumpvars 0 "simulator.DC_IO_GEN\[18\].DAC.VDIGITAL"  +all +trace_process
*Verdi* : Dumping the signal (simulator.DC_IO_GEN[18].DAC.VDIGITAL).

ucli% fsdbDumpflush 
*Verdi* : Flush all FSDB Files at 0 ps.

ucli% if {[catch {ucliCore::setFocus tool}]} {}

ucli% fsdbDumpvars 0 "simulator.DC_IO_GEN\[17\].REGS.AXIL_REGS.i_aclk"  +all +trace_process

ucli% fsdbDumpflush 
*Verdi* : Flush all FSDB Files at 0 ps.

ucli% fsdbDumpvars 0 "simulator.DC_IO_GEN\[17\].REGS.AXIL_REGS.i_aresetn"  +all +trace_process

ucli% fsdbDumpflush 
*Verdi* : Flush all FSDB Files at 0 ps.

ucli% fsdbDumpvars 0 "simulator.DC_IO_GEN\[17\].REGS.AXIL_REGS.r_regs\[0:31\]\[31:0\]"  +all +trace_process

ucli% fsdbDumpflush 
*Verdi* : Flush all FSDB Files at 0 ps.

ucli% fsdbDumpvars 0 "simulator.DC_IO_GEN\[17\].REGS.AXIL_REGS.o_regs\[0:31\]\[31:0\]"  +all +trace_process

ucli% fsdbDumpflush 
*Verdi* : Flush all FSDB Files at 0 ps.

ucli% if {[catch {ucliCore::setFocus tool}]} {}

ucli% fsdbDumpvars 0 "simulator.DC_IO_GEN\[17\].REGS.AXIL_REGS.o_awready"  +all +trace_process

ucli% fsdbDumpflush 
*Verdi* : Flush all FSDB Files at 0 ps.

ucli% fsdbDumpvars 0 "simulator.DC_IO_GEN\[17\].REGS.AXIL_REGS.i_awvalid"  +all +trace_process

ucli% fsdbDumpflush 
*Verdi* : Flush all FSDB Files at 0 ps.

ucli% fsdbDumpvars 0 "simulator.DC_IO_GEN\[17\].REGS.AXIL_REGS.i_awaddr\[6:0\]"  +all +trace_process

ucli% fsdbDumpflush 
*Verdi* : Flush all FSDB Files at 0 ps.

ucli% fsdbDumpvars 0 "simulator.DC_IO_GEN\[17\].REGS.AXIL_REGS.w_awireg\[4:0\]"  +all +trace_process

ucli% fsdbDumpflush 
*Verdi* : Flush all FSDB Files at 0 ps.

ucli% fsdbDumpvars 0 "simulator.DC_IO_GEN\[17\].REGS.AXIL_REGS.w_awls2b\[1:0\]"  +all +trace_process

ucli% fsdbDumpflush 
*Verdi* : Flush all FSDB Files at 0 ps.

ucli% if {[catch {ucliCore::setFocus tool}]} {}

ucli% fsdbDumpvars 0 "simulator.DC_IO_GEN\[17\].REGS.AXIL_REGS.o_wready"  +all +trace_process

ucli% fsdbDumpflush 
*Verdi* : Flush all FSDB Files at 0 ps.

ucli% fsdbDumpvars 0 "simulator.DC_IO_GEN\[17\].REGS.AXIL_REGS.i_wvalid"  +all +trace_process

ucli% fsdbDumpflush 
*Verdi* : Flush all FSDB Files at 0 ps.

ucli% fsdbDumpvars 0 "simulator.DC_IO_GEN\[17\].REGS.AXIL_REGS.i_wdata\[31:0\]"  +all +trace_process

ucli% fsdbDumpflush 
*Verdi* : Flush all FSDB Files at 0 ps.

ucli% fsdbDumpvars 0 "simulator.DC_IO_GEN\[17\].REGS.AXIL_REGS.i_wstrb\[3:0\]"  +all +trace_process

ucli% fsdbDumpflush 
*Verdi* : Flush all FSDB Files at 0 ps.

ucli% fsdbDumpvars 0 "simulator.DC_IO_GEN\[17\].REGS.AXIL_REGS.w_wdatastrb\[31:0\]"  +all +trace_process

ucli% fsdbDumpflush 
*Verdi* : Flush all FSDB Files at 0 ps.

ucli% if {[catch {ucliCore::setFocus tool}]} {}

ucli% fsdbDumpvars 0 "simulator.DC_IO_GEN\[17\].REGS.AXIL_REGS.i_bready"  +all +trace_process

ucli% fsdbDumpflush 
*Verdi* : Flush all FSDB Files at 0 ps.

ucli% fsdbDumpvars 0 "simulator.DC_IO_GEN\[17\].REGS.AXIL_REGS.o_bvalid"  +all +trace_process

ucli% fsdbDumpflush 
*Verdi* : Flush all FSDB Files at 0 ps.

ucli% fsdbDumpvars 0 "simulator.DC_IO_GEN\[17\].REGS.AXIL_REGS.o_bresp\[1:0\]"  +all +trace_process

ucli% fsdbDumpflush 
*Verdi* : Flush all FSDB Files at 0 ps.

ucli% if {[catch {ucliCore::setFocus tool}]} {}

ucli% fsdbDumpvars 0 "simulator.DC_IO_GEN\[17\].REGS.AXIL_REGS.o_arready"  +all +trace_process

ucli% fsdbDumpflush 
*Verdi* : Flush all FSDB Files at 0 ps.

ucli% fsdbDumpvars 0 "simulator.DC_IO_GEN\[17\].REGS.AXIL_REGS.i_arvalid"  +all +trace_process

ucli% fsdbDumpflush 
*Verdi* : Flush all FSDB Files at 0 ps.

ucli% fsdbDumpvars 0 "simulator.DC_IO_GEN\[17\].REGS.AXIL_REGS.i_araddr\[6:0\]"  +all +trace_process

ucli% fsdbDumpflush 
*Verdi* : Flush all FSDB Files at 0 ps.

ucli% fsdbDumpvars 0 "simulator.DC_IO_GEN\[17\].REGS.AXIL_REGS.w_arireg\[4:0\]"  +all +trace_process

ucli% fsdbDumpflush 
*Verdi* : Flush all FSDB Files at 0 ps.

ucli% fsdbDumpvars 0 "simulator.DC_IO_GEN\[17\].REGS.AXIL_REGS.w_arls2b\[1:0\]"  +all +trace_process

ucli% fsdbDumpflush 
*Verdi* : Flush all FSDB Files at 0 ps.

ucli% if {[catch {ucliCore::setFocus tool}]} {}

ucli% fsdbDumpvars 0 "simulator.DC_IO_GEN\[17\].REGS.AXIL_REGS.i_rready"  +all +trace_process

ucli% fsdbDumpflush 
*Verdi* : Flush all FSDB Files at 0 ps.

ucli% fsdbDumpvars 0 "simulator.DC_IO_GEN\[17\].REGS.AXIL_REGS.o_rvalid"  +all +trace_process

ucli% fsdbDumpflush 
*Verdi* : Flush all FSDB Files at 0 ps.

ucli% fsdbDumpvars 0 "simulator.DC_IO_GEN\[17\].REGS.AXIL_REGS.o_rdata\[31:0\]"  +all +trace_process

ucli% fsdbDumpflush 
*Verdi* : Flush all FSDB Files at 0 ps.

ucli% fsdbDumpvars 0 "simulator.DC_IO_GEN\[17\].REGS.AXIL_REGS.o_rresp\[1:0\]"  +all +trace_process

ucli% fsdbDumpflush 
*Verdi* : Flush all FSDB Files at 0 ps.

ucli% if {[catch {ucliCore::setFocus tool}]} {}

ucli% fsdbDumpvars 0 "simulator.DCRFLI.DC_GEN\[17\].DC.SEQ.i_clk"  +all +trace_process

ucli% fsdbDumpflush 
*Verdi* : Flush all FSDB Files at 0 ps.

ucli% fsdbDumpvars 0 "simulator.DCRFLI.DC_GEN\[17\].DC.SEQ.i_rst"  +all +trace_process

ucli% fsdbDumpflush 
*Verdi* : Flush all FSDB Files at 0 ps.

ucli% fsdbDumpvars 0 "simulator.DCRFLI.DC_GEN\[17\].DC.SEQ.w_propagate"  +all +trace_process

ucli% fsdbDumpflush 
*Verdi* : Flush all FSDB Files at 0 ps.

ucli% if {[catch {ucliCore::setFocus tool}]} {}

ucli% fsdbDumpvars 0 "simulator.DCRFLI.DC_GEN\[17\].DC.SEQ.i_regs\[0:31\]\[31:0\]"  +all +trace_process

ucli% fsdbDumpflush 
*Verdi* : Flush all FSDB Files at 0 ps.

ucli% fsdbDumpvars 0 "simulator.DCRFLI.DC_GEN\[17\].DC.SEQ.w_last0"  +all +trace_process

ucli% fsdbDumpflush 
*Verdi* : Flush all FSDB Files at 0 ps.

ucli% fsdbDumpvars 0 "simulator.DCRFLI.DC_GEN\[17\].DC.SEQ.w_last0_ff1"  +all +trace_process

ucli% fsdbDumpflush 
*Verdi* : Flush all FSDB Files at 0 ps.

ucli% fsdbDumpvars 0 "simulator.DCRFLI.DC_GEN\[17\].DC.SEQ.w_last0_ff2"  +all +trace_process

ucli% fsdbDumpflush 
*Verdi* : Flush all FSDB Files at 0 ps.

ucli% fsdbDumpvars 0 "simulator.DCRFLI.DC_GEN\[17\].DC.SEQ.w_new_sequence"  +all +trace_process

ucli% fsdbDumpflush 
*Verdi* : Flush all FSDB Files at 0 ps.

ucli% if {[catch {ucliCore::setFocus tool}]} {}

ucli% fsdbDumpvars 0 "simulator.DCRFLI.DC_GEN\[17\].DC.SEQ.r_sequence\[0:9\]\[91:0\]"  +all +trace_process

ucli% fsdbDumpflush 
*Verdi* : Flush all FSDB Files at 0 ps.

ucli% fsdbDumpvars 0 "simulator.DCRFLI.DC_GEN\[17\].DC.SEQ.r_iters\[10:0\]"  +all +trace_process

ucli% fsdbDumpflush 
*Verdi* : Flush all FSDB Files at 0 ps.

ucli% fsdbDumpvars 0 "simulator.DCRFLI.DC_GEN\[17\].DC.SEQ.r_iptr\[3:0\]"  +all +trace_process

ucli% fsdbDumpflush 
*Verdi* : Flush all FSDB Files at 0 ps.

ucli% fsdbDumpvars 0 "simulator.DCRFLI.DC_GEN\[17\].DC.SEQ.w_insn_fetch\[91:0\]"  +all +trace_process

ucli% fsdbDumpflush 
*Verdi* : Flush all FSDB Files at 0 ps.

ucli% fsdbDumpvars 0 "simulator.DCRFLI.DC_GEN\[17\].DC.SEQ.w_insn_bubble"  +all +trace_process

ucli% fsdbDumpflush 
*Verdi* : Flush all FSDB Files at 0 ps.

ucli% fsdbDumpvars 0 "simulator.DCRFLI.DC_GEN\[17\].DC.SEQ.w_iptr_plus1\[3:0\]"  +all +trace_process

ucli% fsdbDumpflush 
*Verdi* : Flush all FSDB Files at 0 ps.

ucli% fsdbDumpvars 0 "simulator.DCRFLI.DC_GEN\[17\].DC.SEQ.w_next_null"  +all +trace_process

ucli% fsdbDumpflush 
*Verdi* : Flush all FSDB Files at 0 ps.

ucli% if {[catch {ucliCore::setFocus tool}]} {}

ucli% fsdbDumpvars 0 "simulator.DCRFLI.DC_GEN\[17\].DC.SEQ.o_empty"  +all +trace_process

ucli% fsdbDumpflush 
*Verdi* : Flush all FSDB Files at 0 ps.

ucli% fsdbDumpvars 0 "simulator.DCRFLI.DC_GEN\[17\].DC.SEQ.i_next"  +all +trace_process

ucli% fsdbDumpflush 
*Verdi* : Flush all FSDB Files at 0 ps.

ucli% fsdbDumpvars 0 "simulator.DCRFLI.DC_GEN\[17\].DC.SEQ.o_addr\[3:0\]"  +all +trace_process

ucli% fsdbDumpflush 
*Verdi* : Flush all FSDB Files at 0 ps.

ucli% fsdbDumpvars 0 "simulator.DCRFLI.DC_GEN\[17\].DC.SEQ.o_insn\[91:0\]"  +all +trace_process

ucli% fsdbDumpflush 
*Verdi* : Flush all FSDB Files at 0 ps.

ucli% fsdbDumpvars 0 "simulator.DCRFLI.DC_GEN\[17\].DC.SEQ.r_iptr_modify\[3:0\]"  +all +trace_process

ucli% fsdbDumpflush 
*Verdi* : Flush all FSDB Files at 0 ps.

ucli% fsdbDumpvars 0 "simulator.DCRFLI.DC_GEN\[17\].DC.SEQ.i_insn_modified\[91:0\]"  +all +trace_process

ucli% fsdbDumpflush 
*Verdi* : Flush all FSDB Files at 0 ps.

ucli% if {[catch {ucliCore::setFocus tool}]} {}

ucli% fsdbDumpvars 0 "simulator.DCRFLI.DC_GEN\[17\].DC.CORE.i_clk"  +all +trace_process

ucli% fsdbDumpflush 
*Verdi* : Flush all FSDB Files at 0 ps.

ucli% fsdbDumpvars 0 "simulator.DCRFLI.DC_GEN\[17\].DC.CORE.i_rst"  +all +trace_process

ucli% fsdbDumpflush 
*Verdi* : Flush all FSDB Files at 0 ps.

ucli% fsdbDumpvars 0 "simulator.DCRFLI.DC_GEN\[17\].DC.CORE.w_stall"  +all +trace_process

ucli% fsdbDumpflush 
*Verdi* : Flush all FSDB Files at 0 ps.

ucli% if {[catch {ucliCore::setFocus tool}]} {}

ucli% fsdbDumpvars 0 "simulator.DCRFLI.DC_GEN\[17\].DC.CORE.d"  +all +trace_process

ucli% fsdbDumpflush 
*Verdi* : Flush all FSDB Files at 0 ps.

ucli% fsdbDumpvars 0 "simulator.DCRFLI.DC_GEN\[17\].DC.CORE.i_empty"  +all +trace_process

ucli% fsdbDumpflush 
*Verdi* : Flush all FSDB Files at 0 ps.

ucli% fsdbDumpvars 0 "simulator.DCRFLI.DC_GEN\[17\].DC.CORE.o_next"  +all +trace_process

ucli% fsdbDumpflush 
*Verdi* : Flush all FSDB Files at 0 ps.

ucli% fsdbDumpvars 0 "simulator.DCRFLI.DC_GEN\[17\].DC.CORE.i_addr\[3:0\]"  +all +trace_process

ucli% fsdbDumpflush 
*Verdi* : Flush all FSDB Files at 0 ps.

ucli% fsdbDumpvars 0 "simulator.DCRFLI.DC_GEN\[17\].DC.CORE.i_insn\[91:0\]"  +all +trace_process

ucli% fsdbDumpflush 
*Verdi* : Flush all FSDB Files at 0 ps.

ucli% fsdbDumpvars 0 "simulator.DCRFLI.DC_GEN\[17\].DC.CORE.o_insn_modified"  +all +trace_process

ucli% fsdbDumpflush 
*Verdi* : Flush all FSDB Files at 0 ps.

ucli% if {[catch {ucliCore::setFocus tool}]} {}

ucli% fsdbDumpvars 0 "simulator.DCRFLI.DC_GEN\[17\].DC.CORE.i"  +all +trace_process

ucli% fsdbDumpflush 
*Verdi* : Flush all FSDB Files at 0 ps.

ucli% if {[catch {ucliCore::setFocus tool}]} {}

ucli% fsdbDumpvars 0 "simulator.DCRFLI.DC_GEN\[17\].DC.CORE.s"  +all +trace_process

ucli% fsdbDumpflush 
*Verdi* : Flush all FSDB Files at 0 ps.

ucli% fsdbDumpvars 0 "simulator.DCRFLI.DC_GEN\[17\].DC.CORE.w_dvsr\[15:0\]"  +all +trace_process

ucli% fsdbDumpflush 
*Verdi* : Flush all FSDB Files at 0 ps.

ucli% fsdbDumpvars 0 "simulator.DCRFLI.DC_GEN\[17\].DC.CORE.w_spi_dout\[23:0\]"  +all +trace_process

ucli% fsdbDumpflush 
*Verdi* : Flush all FSDB Files at 0 ps.

ucli% fsdbDumpvars 0 "simulator.DCRFLI.DC_GEN\[17\].DC.CORE.w_spi_done"  +all +trace_process

ucli% fsdbDumpflush 
*Verdi* : Flush all FSDB Files at 0 ps.

ucli% fsdbDumpvars 0 "simulator.DCRFLI.DC_GEN\[17\].DC.CORE.o_armed"  +all +trace_process

ucli% fsdbDumpflush 
*Verdi* : Flush all FSDB Files at 0 ps.

ucli% fsdbDumpvars 0 "simulator.DCRFLI.DC_GEN\[17\].DC.CORE.i_start"  +all +trace_process

ucli% fsdbDumpflush 
*Verdi* : Flush all FSDB Files at 0 ps.

ucli% if {[catch {ucliCore::setFocus tool}]} {}

ucli% fsdbDumpvars 0 "simulator.DCRFLI.DC_GEN\[17\].DC.CORE.o_sclk"  +all +trace_process

ucli% fsdbDumpflush 
*Verdi* : Flush all FSDB Files at 0 ps.

ucli% fsdbDumpvars 0 "simulator.DCRFLI.DC_GEN\[17\].DC.CORE.o_mosi"  +all +trace_process

ucli% fsdbDumpflush 
*Verdi* : Flush all FSDB Files at 0 ps.

ucli% fsdbDumpvars 0 "simulator.DCRFLI.DC_GEN\[17\].DC.CORE.i_miso"  +all +trace_process

ucli% fsdbDumpflush 
*Verdi* : Flush all FSDB Files at 0 ps.

ucli% fsdbDumpvars 0 "simulator.DCRFLI.DC_GEN\[17\].DC.CORE.o_cs_n"  +all +trace_process

ucli% fsdbDumpflush 
*Verdi* : Flush all FSDB Files at 0 ps.

ucli% fsdbDumpvars 0 "simulator.DCRFLI.DC_GEN\[17\].DC.CORE.o_ldac_n"  +all +trace_process

ucli% fsdbDumpflush 
*Verdi* : Flush all FSDB Files at 0 ps.

ucli% if {[catch {ucliCore::setFocus tool}]} {}

ucli% fsdbDumpvars 0 "simulator.DCRFLI.DC_GEN\[17\].DC.CORE.h"  +all +trace_process

ucli% fsdbDumpflush 
*Verdi* : Flush all FSDB Files at 0 ps.

ucli% fsdbDumpvars 0 "simulator.DCRFLI.DC_GEN\[17\].DC.CORE.o_next"  +all +trace_process

ucli% fsdbDumpflush 
*Verdi* : Flush all FSDB Files at 0 ps.

ucli% fsdbDumpvars 0 "simulator.DCRFLI.DC_GEN\[17\].DC.CORE.o_addr\[3:0\]"  +all +trace_process

ucli% fsdbDumpflush 
*Verdi* : Flush all FSDB Files at 0 ps.

ucli% fsdbDumpvars 0 "simulator.DCRFLI.DC_GEN\[17\].DC.CORE.o_iter\[9:0\]"  +all +trace_process

ucli% fsdbDumpflush 
*Verdi* : Flush all FSDB Files at 0 ps.

ucli% fsdbDumpvars 0 "simulator.DCRFLI.DC_GEN\[17\].DC.CORE.o_spi_din\[23:0\]"  +all +trace_process

ucli% fsdbDumpflush 
*Verdi* : Flush all FSDB Files at 0 ps.

ucli% fsdbDumpvars 0 "simulator.DCRFLI.DC_GEN\[17\].DC.CORE.o_spi_rd"  +all +trace_process

ucli% fsdbDumpflush 
*Verdi* : Flush all FSDB Files at 0 ps.

ucli% fsdbDumpvars 0 "simulator.DCRFLI.DC_GEN\[17\].DC.CORE.o_spi_dout\[23:0\]"  +all +trace_process

ucli% fsdbDumpflush 
*Verdi* : Flush all FSDB Files at 0 ps.

ucli% fsdbDumpvars 0 "simulator.DCRFLI.DC_GEN\[17\].DC.CORE.o_cycles_left\[29:0\]"  +all +trace_process

ucli% fsdbDumpflush 
*Verdi* : Flush all FSDB Files at 0 ps.

ucli% if {[catch {ucliCore::setFocus tool}]} {}

ucli% fsdbDumpvars 0 "simulator.DC_IO_GEN\[17\].DAC.valid_transaction"  +all +trace_process
*Verdi* : Dumping the signal (simulator.DC_IO_GEN[17].DAC.valid_transaction).

ucli% fsdbDumpflush 
*Verdi* : Flush all FSDB Files at 0 ps.

ucli% if {[catch {ucliCore::setFocus tool}]} {}

ucli% fsdbDumpvars 0 "simulator.DC_IO_GEN\[17\].DAC.input_shift_reg"  +all +trace_process
*Verdi* : Dumping the signal (simulator.DC_IO_GEN[17].DAC.input_shift_reg).

ucli% fsdbDumpflush 
*Verdi* : Flush all FSDB Files at 0 ps.

ucli% if {[catch {ucliCore::setFocus tool}]} {}

ucli% fsdbDumpvars 0 "simulator.DC_IO_GEN\[17\].DAC.rw"  +all +trace_process
*Verdi* : Dumping the signal (simulator.DC_IO_GEN[17].DAC.rw).

ucli% fsdbDumpflush 
*Verdi* : Flush all FSDB Files at 0 ps.

ucli% if {[catch {ucliCore::setFocus tool}]} {}

ucli% fsdbDumpvars 0 "simulator.DC_IO_GEN\[17\].DAC.addr"  +all +trace_process
*Verdi* : Dumping the signal (simulator.DC_IO_GEN[17].DAC.addr).

ucli% fsdbDumpflush 
*Verdi* : Flush all FSDB Files at 0 ps.

ucli% if {[catch {ucliCore::setFocus tool}]} {}

ucli% fsdbDumpvars 0 "simulator.DC_IO_GEN\[17\].DAC.data"  +all +trace_process
*Verdi* : Dumping the signal (simulator.DC_IO_GEN[17].DAC.data).

ucli% fsdbDumpflush 
*Verdi* : Flush all FSDB Files at 0 ps.

ucli% if {[catch {ucliCore::setFocus tool}]} {}

ucli% fsdbDumpvars 0 "simulator.DC_IO_GEN\[17\].DAC.rd_data"  +all +trace_process
*Verdi* : Dumping the signal (simulator.DC_IO_GEN[17].DAC.rd_data).

ucli% fsdbDumpflush 
*Verdi* : Flush all FSDB Files at 0 ps.

ucli% if {[catch {ucliCore::setFocus tool}]} {}

ucli% fsdbDumpvars 0 "simulator.DC_IO_GEN\[17\].DAC.SCLK"  +all +trace_process
*Verdi* : Dumping the signal (simulator.DC_IO_GEN[17].DAC.SCLK).

ucli% fsdbDumpflush 
*Verdi* : Flush all FSDB Files at 0 ps.

ucli% if {[catch {ucliCore::setFocus tool}]} {}

ucli% fsdbDumpvars 0 "simulator.DC_IO_GEN\[17\].DAC.SDIN"  +all +trace_process
*Verdi* : Dumping the signal (simulator.DC_IO_GEN[17].DAC.SDIN).

ucli% fsdbDumpflush 
*Verdi* : Flush all FSDB Files at 0 ps.

ucli% if {[catch {ucliCore::setFocus tool}]} {}

ucli% fsdbDumpvars 0 "simulator.DC_IO_GEN\[17\].DAC.SYNC_N"  +all +trace_process
*Verdi* : Dumping the signal (simulator.DC_IO_GEN[17].DAC.SYNC_N).

ucli% fsdbDumpflush 
*Verdi* : Flush all FSDB Files at 0 ps.

ucli% if {[catch {ucliCore::setFocus tool}]} {}

ucli% fsdbDumpvars 0 "simulator.DC_IO_GEN\[17\].DAC.SDO"  +all +trace_process
*Verdi* : Dumping the signal (simulator.DC_IO_GEN[17].DAC.SDO).

ucli% fsdbDumpflush 
*Verdi* : Flush all FSDB Files at 0 ps.

ucli% if {[catch {ucliCore::setFocus tool}]} {}

ucli% fsdbDumpvars 0 "simulator.DC_IO_GEN\[17\].DAC.LDAC_N"  +all +trace_process
*Verdi* : Dumping the signal (simulator.DC_IO_GEN[17].DAC.LDAC_N).

ucli% fsdbDumpflush 
*Verdi* : Flush all FSDB Files at 0 ps.

ucli% if {[catch {ucliCore::setFocus tool}]} {}

ucli% fsdbDumpvars 0 "simulator.DC_IO_GEN\[17\].DAC.CLR_N"  +all +trace_process
*Verdi* : Dumping the signal (simulator.DC_IO_GEN[17].DAC.CLR_N).

ucli% fsdbDumpflush 
*Verdi* : Flush all FSDB Files at 0 ps.

ucli% if {[catch {ucliCore::setFocus tool}]} {}

ucli% fsdbDumpvars 0 "simulator.DC_IO_GEN\[17\].DAC.RESET_N"  +all +trace_process
*Verdi* : Dumping the signal (simulator.DC_IO_GEN[17].DAC.RESET_N).

ucli% fsdbDumpflush 
*Verdi* : Flush all FSDB Files at 0 ps.

ucli% if {[catch {ucliCore::setFocus tool}]} {}

ucli% fsdbDumpvars 0 "simulator.DC_IO_GEN\[17\].DAC.dac_reg"  +all +trace_process
*Verdi* : Dumping the signal (simulator.DC_IO_GEN[17].DAC.dac_reg).

ucli% fsdbDumpflush 
*Verdi* : Flush all FSDB Files at 0 ps.

ucli% if {[catch {ucliCore::setFocus tool}]} {}

ucli% fsdbDumpvars 0 "simulator.DC_IO_GEN\[17\].DAC.ctrl_reg"  +all +trace_process
*Verdi* : Dumping the signal (simulator.DC_IO_GEN[17].DAC.ctrl_reg).

ucli% fsdbDumpflush 
*Verdi* : Flush all FSDB Files at 0 ps.

ucli% if {[catch {ucliCore::setFocus tool}]} {}

ucli% fsdbDumpvars 0 "simulator.DC_IO_GEN\[17\].DAC.clrcode_reg"  +all +trace_process
*Verdi* : Dumping the signal (simulator.DC_IO_GEN[17].DAC.clrcode_reg).

ucli% fsdbDumpflush 
*Verdi* : Flush all FSDB Files at 0 ps.

ucli% if {[catch {ucliCore::setFocus tool}]} {}

ucli% fsdbDumpvars 0 "simulator.DC_IO_GEN\[17\].DAC.sw_ctrl_reg"  +all +trace_process
*Verdi* : Dumping the signal (simulator.DC_IO_GEN[17].DAC.sw_ctrl_reg).

ucli% fsdbDumpflush 
*Verdi* : Flush all FSDB Files at 0 ps.

ucli% if {[catch {ucliCore::setFocus tool}]} {}

ucli% fsdbDumpvars 0 "simulator.DC_IO_GEN\[17\].DAC.dac_input_reg"  +all +trace_process
*Verdi* : Dumping the signal (simulator.DC_IO_GEN[17].DAC.dac_input_reg).

ucli% fsdbDumpflush 
*Verdi* : Flush all FSDB Files at 0 ps.

ucli% if {[catch {ucliCore::setFocus tool}]} {}

ucli% fsdbDumpvars 0 "simulator.DC_IO_GEN\[17\].DAC.SDODIS"  +all +trace_process
*Verdi* : Dumping the signal (simulator.DC_IO_GEN[17].DAC.SDODIS).

ucli% fsdbDumpflush 
*Verdi* : Flush all FSDB Files at 0 ps.

ucli% if {[catch {ucliCore::setFocus tool}]} {}

ucli% fsdbDumpvars 0 "simulator.DC_IO_GEN\[17\].DAC.DACTRI"  +all +trace_process
*Verdi* : Dumping the signal (simulator.DC_IO_GEN[17].DAC.DACTRI).

ucli% fsdbDumpflush 
*Verdi* : Flush all FSDB Files at 0 ps.

ucli% if {[catch {ucliCore::setFocus tool}]} {}

ucli% fsdbDumpvars 0 "simulator.DC_IO_GEN\[17\].DAC.OPGND"  +all +trace_process
*Verdi* : Dumping the signal (simulator.DC_IO_GEN[17].DAC.OPGND).

ucli% fsdbDumpflush 
*Verdi* : Flush all FSDB Files at 0 ps.

ucli% if {[catch {ucliCore::setFocus tool}]} {}

ucli% fsdbDumpvars 0 "simulator.DC_IO_GEN\[17\].DAC.VOUT"  +all +trace_process
*Verdi* : Dumping the signal (simulator.DC_IO_GEN[17].DAC.VOUT).

ucli% fsdbDumpflush 
*Verdi* : Flush all FSDB Files at 0 ps.

ucli% if {[catch {ucliCore::setFocus tool}]} {}

ucli% fsdbDumpvars 0 "simulator.DC_IO_GEN\[17\].DAC.VDIGITAL"  +all +trace_process
*Verdi* : Dumping the signal (simulator.DC_IO_GEN[17].DAC.VDIGITAL).

ucli% fsdbDumpflush 
*Verdi* : Flush all FSDB Files at 0 ps.

ucli% if {[catch {ucliCore::setFocus tool}]} {}

ucli% fsdbDumpvars 0 "simulator.DC_IO_GEN\[16\].REGS.AXIL_REGS.i_aclk"  +all +trace_process

ucli% fsdbDumpflush 
*Verdi* : Flush all FSDB Files at 0 ps.

ucli% fsdbDumpvars 0 "simulator.DC_IO_GEN\[16\].REGS.AXIL_REGS.i_aresetn"  +all +trace_process

ucli% fsdbDumpflush 
*Verdi* : Flush all FSDB Files at 0 ps.

ucli% fsdbDumpvars 0 "simulator.DC_IO_GEN\[16\].REGS.AXIL_REGS.r_regs\[0:31\]\[31:0\]"  +all +trace_process

ucli% fsdbDumpflush 
*Verdi* : Flush all FSDB Files at 0 ps.

ucli% fsdbDumpvars 0 "simulator.DC_IO_GEN\[16\].REGS.AXIL_REGS.o_regs\[0:31\]\[31:0\]"  +all +trace_process

ucli% fsdbDumpflush 
*Verdi* : Flush all FSDB Files at 0 ps.

ucli% if {[catch {ucliCore::setFocus tool}]} {}

ucli% fsdbDumpvars 0 "simulator.DC_IO_GEN\[16\].REGS.AXIL_REGS.o_awready"  +all +trace_process

ucli% fsdbDumpflush 
*Verdi* : Flush all FSDB Files at 0 ps.

ucli% fsdbDumpvars 0 "simulator.DC_IO_GEN\[16\].REGS.AXIL_REGS.i_awvalid"  +all +trace_process

ucli% fsdbDumpflush 
*Verdi* : Flush all FSDB Files at 0 ps.

ucli% fsdbDumpvars 0 "simulator.DC_IO_GEN\[16\].REGS.AXIL_REGS.i_awaddr\[6:0\]"  +all +trace_process

ucli% fsdbDumpflush 
*Verdi* : Flush all FSDB Files at 0 ps.

ucli% fsdbDumpvars 0 "simulator.DC_IO_GEN\[16\].REGS.AXIL_REGS.w_awireg\[4:0\]"  +all +trace_process

ucli% fsdbDumpflush 
*Verdi* : Flush all FSDB Files at 0 ps.

ucli% fsdbDumpvars 0 "simulator.DC_IO_GEN\[16\].REGS.AXIL_REGS.w_awls2b\[1:0\]"  +all +trace_process

ucli% fsdbDumpflush 
*Verdi* : Flush all FSDB Files at 0 ps.

ucli% if {[catch {ucliCore::setFocus tool}]} {}

ucli% fsdbDumpvars 0 "simulator.DC_IO_GEN\[16\].REGS.AXIL_REGS.o_wready"  +all +trace_process

ucli% fsdbDumpflush 
*Verdi* : Flush all FSDB Files at 0 ps.

ucli% fsdbDumpvars 0 "simulator.DC_IO_GEN\[16\].REGS.AXIL_REGS.i_wvalid"  +all +trace_process

ucli% fsdbDumpflush 
*Verdi* : Flush all FSDB Files at 0 ps.

ucli% fsdbDumpvars 0 "simulator.DC_IO_GEN\[16\].REGS.AXIL_REGS.i_wdata\[31:0\]"  +all +trace_process

ucli% fsdbDumpflush 
*Verdi* : Flush all FSDB Files at 0 ps.

ucli% fsdbDumpvars 0 "simulator.DC_IO_GEN\[16\].REGS.AXIL_REGS.i_wstrb\[3:0\]"  +all +trace_process

ucli% fsdbDumpflush 
*Verdi* : Flush all FSDB Files at 0 ps.

ucli% fsdbDumpvars 0 "simulator.DC_IO_GEN\[16\].REGS.AXIL_REGS.w_wdatastrb\[31:0\]"  +all +trace_process

ucli% fsdbDumpflush 
*Verdi* : Flush all FSDB Files at 0 ps.

ucli% if {[catch {ucliCore::setFocus tool}]} {}

ucli% fsdbDumpvars 0 "simulator.DC_IO_GEN\[16\].REGS.AXIL_REGS.i_bready"  +all +trace_process

ucli% fsdbDumpflush 
*Verdi* : Flush all FSDB Files at 0 ps.

ucli% fsdbDumpvars 0 "simulator.DC_IO_GEN\[16\].REGS.AXIL_REGS.o_bvalid"  +all +trace_process

ucli% fsdbDumpflush 
*Verdi* : Flush all FSDB Files at 0 ps.

ucli% fsdbDumpvars 0 "simulator.DC_IO_GEN\[16\].REGS.AXIL_REGS.o_bresp\[1:0\]"  +all +trace_process

ucli% fsdbDumpflush 
*Verdi* : Flush all FSDB Files at 0 ps.

ucli% if {[catch {ucliCore::setFocus tool}]} {}

ucli% fsdbDumpvars 0 "simulator.DC_IO_GEN\[16\].REGS.AXIL_REGS.o_arready"  +all +trace_process

ucli% fsdbDumpflush 
*Verdi* : Flush all FSDB Files at 0 ps.

ucli% fsdbDumpvars 0 "simulator.DC_IO_GEN\[16\].REGS.AXIL_REGS.i_arvalid"  +all +trace_process

ucli% fsdbDumpflush 
*Verdi* : Flush all FSDB Files at 0 ps.

ucli% fsdbDumpvars 0 "simulator.DC_IO_GEN\[16\].REGS.AXIL_REGS.i_araddr\[6:0\]"  +all +trace_process

ucli% fsdbDumpflush 
*Verdi* : Flush all FSDB Files at 0 ps.

ucli% fsdbDumpvars 0 "simulator.DC_IO_GEN\[16\].REGS.AXIL_REGS.w_arireg\[4:0\]"  +all +trace_process

ucli% fsdbDumpflush 
*Verdi* : Flush all FSDB Files at 0 ps.

ucli% fsdbDumpvars 0 "simulator.DC_IO_GEN\[16\].REGS.AXIL_REGS.w_arls2b\[1:0\]"  +all +trace_process

ucli% fsdbDumpflush 
*Verdi* : Flush all FSDB Files at 0 ps.

ucli% if {[catch {ucliCore::setFocus tool}]} {}

ucli% fsdbDumpvars 0 "simulator.DC_IO_GEN\[16\].REGS.AXIL_REGS.i_rready"  +all +trace_process

ucli% fsdbDumpflush 
*Verdi* : Flush all FSDB Files at 0 ps.

ucli% fsdbDumpvars 0 "simulator.DC_IO_GEN\[16\].REGS.AXIL_REGS.o_rvalid"  +all +trace_process

ucli% fsdbDumpflush 
*Verdi* : Flush all FSDB Files at 0 ps.

ucli% fsdbDumpvars 0 "simulator.DC_IO_GEN\[16\].REGS.AXIL_REGS.o_rdata\[31:0\]"  +all +trace_process

ucli% fsdbDumpflush 
*Verdi* : Flush all FSDB Files at 0 ps.

ucli% fsdbDumpvars 0 "simulator.DC_IO_GEN\[16\].REGS.AXIL_REGS.o_rresp\[1:0\]"  +all +trace_process

ucli% fsdbDumpflush 
*Verdi* : Flush all FSDB Files at 0 ps.

ucli% if {[catch {ucliCore::setFocus tool}]} {}

ucli% fsdbDumpvars 0 "simulator.DCRFLI.DC_GEN\[16\].DC.SEQ.i_clk"  +all +trace_process

ucli% fsdbDumpflush 
*Verdi* : Flush all FSDB Files at 0 ps.

ucli% fsdbDumpvars 0 "simulator.DCRFLI.DC_GEN\[16\].DC.SEQ.i_rst"  +all +trace_process

ucli% fsdbDumpflush 
*Verdi* : Flush all FSDB Files at 0 ps.

ucli% fsdbDumpvars 0 "simulator.DCRFLI.DC_GEN\[16\].DC.SEQ.w_propagate"  +all +trace_process

ucli% fsdbDumpflush 
*Verdi* : Flush all FSDB Files at 0 ps.

ucli% if {[catch {ucliCore::setFocus tool}]} {}

ucli% fsdbDumpvars 0 "simulator.DCRFLI.DC_GEN\[16\].DC.SEQ.i_regs\[0:31\]\[31:0\]"  +all +trace_process

ucli% fsdbDumpflush 
*Verdi* : Flush all FSDB Files at 0 ps.

ucli% fsdbDumpvars 0 "simulator.DCRFLI.DC_GEN\[16\].DC.SEQ.w_last0"  +all +trace_process

ucli% fsdbDumpflush 
*Verdi* : Flush all FSDB Files at 0 ps.

ucli% fsdbDumpvars 0 "simulator.DCRFLI.DC_GEN\[16\].DC.SEQ.w_last0_ff1"  +all +trace_process

ucli% fsdbDumpflush 
*Verdi* : Flush all FSDB Files at 0 ps.

ucli% fsdbDumpvars 0 "simulator.DCRFLI.DC_GEN\[16\].DC.SEQ.w_last0_ff2"  +all +trace_process

ucli% fsdbDumpflush 
*Verdi* : Flush all FSDB Files at 0 ps.

ucli% fsdbDumpvars 0 "simulator.DCRFLI.DC_GEN\[16\].DC.SEQ.w_new_sequence"  +all +trace_process

ucli% fsdbDumpflush 
*Verdi* : Flush all FSDB Files at 0 ps.

ucli% if {[catch {ucliCore::setFocus tool}]} {}

ucli% fsdbDumpvars 0 "simulator.DCRFLI.DC_GEN\[16\].DC.SEQ.r_sequence\[0:9\]\[91:0\]"  +all +trace_process

ucli% fsdbDumpflush 
*Verdi* : Flush all FSDB Files at 0 ps.

ucli% fsdbDumpvars 0 "simulator.DCRFLI.DC_GEN\[16\].DC.SEQ.r_iters\[10:0\]"  +all +trace_process

ucli% fsdbDumpflush 
*Verdi* : Flush all FSDB Files at 0 ps.

ucli% fsdbDumpvars 0 "simulator.DCRFLI.DC_GEN\[16\].DC.SEQ.r_iptr\[3:0\]"  +all +trace_process

ucli% fsdbDumpflush 
*Verdi* : Flush all FSDB Files at 0 ps.

ucli% fsdbDumpvars 0 "simulator.DCRFLI.DC_GEN\[16\].DC.SEQ.w_insn_fetch\[91:0\]"  +all +trace_process

ucli% fsdbDumpflush 
*Verdi* : Flush all FSDB Files at 0 ps.

ucli% fsdbDumpvars 0 "simulator.DCRFLI.DC_GEN\[16\].DC.SEQ.w_insn_bubble"  +all +trace_process

ucli% fsdbDumpflush 
*Verdi* : Flush all FSDB Files at 0 ps.

ucli% fsdbDumpvars 0 "simulator.DCRFLI.DC_GEN\[16\].DC.SEQ.w_iptr_plus1\[3:0\]"  +all +trace_process

ucli% fsdbDumpflush 
*Verdi* : Flush all FSDB Files at 0 ps.

ucli% fsdbDumpvars 0 "simulator.DCRFLI.DC_GEN\[16\].DC.SEQ.w_next_null"  +all +trace_process

ucli% fsdbDumpflush 
*Verdi* : Flush all FSDB Files at 0 ps.

ucli% if {[catch {ucliCore::setFocus tool}]} {}

ucli% fsdbDumpvars 0 "simulator.DCRFLI.DC_GEN\[16\].DC.SEQ.o_empty"  +all +trace_process

ucli% fsdbDumpflush 
*Verdi* : Flush all FSDB Files at 0 ps.

ucli% fsdbDumpvars 0 "simulator.DCRFLI.DC_GEN\[16\].DC.SEQ.i_next"  +all +trace_process

ucli% fsdbDumpflush 
*Verdi* : Flush all FSDB Files at 0 ps.

ucli% fsdbDumpvars 0 "simulator.DCRFLI.DC_GEN\[16\].DC.SEQ.o_addr\[3:0\]"  +all +trace_process

ucli% fsdbDumpflush 
*Verdi* : Flush all FSDB Files at 0 ps.

ucli% fsdbDumpvars 0 "simulator.DCRFLI.DC_GEN\[16\].DC.SEQ.o_insn\[91:0\]"  +all +trace_process

ucli% fsdbDumpflush 
*Verdi* : Flush all FSDB Files at 0 ps.

ucli% fsdbDumpvars 0 "simulator.DCRFLI.DC_GEN\[16\].DC.SEQ.r_iptr_modify\[3:0\]"  +all +trace_process

ucli% fsdbDumpflush 
*Verdi* : Flush all FSDB Files at 0 ps.

ucli% fsdbDumpvars 0 "simulator.DCRFLI.DC_GEN\[16\].DC.SEQ.i_insn_modified\[91:0\]"  +all +trace_process

ucli% fsdbDumpflush 
*Verdi* : Flush all FSDB Files at 0 ps.

ucli% if {[catch {ucliCore::setFocus tool}]} {}

ucli% fsdbDumpvars 0 "simulator.DCRFLI.DC_GEN\[16\].DC.CORE.i_clk"  +all +trace_process

ucli% fsdbDumpflush 
*Verdi* : Flush all FSDB Files at 0 ps.

ucli% fsdbDumpvars 0 "simulator.DCRFLI.DC_GEN\[16\].DC.CORE.i_rst"  +all +trace_process

ucli% fsdbDumpflush 
*Verdi* : Flush all FSDB Files at 0 ps.

ucli% fsdbDumpvars 0 "simulator.DCRFLI.DC_GEN\[16\].DC.CORE.w_stall"  +all +trace_process

ucli% fsdbDumpflush 
*Verdi* : Flush all FSDB Files at 0 ps.

ucli% if {[catch {ucliCore::setFocus tool}]} {}

ucli% fsdbDumpvars 0 "simulator.DCRFLI.DC_GEN\[16\].DC.CORE.d"  +all +trace_process

ucli% fsdbDumpflush 
*Verdi* : Flush all FSDB Files at 0 ps.

ucli% fsdbDumpvars 0 "simulator.DCRFLI.DC_GEN\[16\].DC.CORE.i_empty"  +all +trace_process

ucli% fsdbDumpflush 
*Verdi* : Flush all FSDB Files at 0 ps.

ucli% fsdbDumpvars 0 "simulator.DCRFLI.DC_GEN\[16\].DC.CORE.o_next"  +all +trace_process

ucli% fsdbDumpflush 
*Verdi* : Flush all FSDB Files at 0 ps.

ucli% fsdbDumpvars 0 "simulator.DCRFLI.DC_GEN\[16\].DC.CORE.i_addr\[3:0\]"  +all +trace_process

ucli% fsdbDumpflush 
*Verdi* : Flush all FSDB Files at 0 ps.

ucli% fsdbDumpvars 0 "simulator.DCRFLI.DC_GEN\[16\].DC.CORE.i_insn\[91:0\]"  +all +trace_process

ucli% fsdbDumpflush 
*Verdi* : Flush all FSDB Files at 0 ps.

ucli% fsdbDumpvars 0 "simulator.DCRFLI.DC_GEN\[16\].DC.CORE.o_insn_modified"  +all +trace_process

ucli% fsdbDumpflush 
*Verdi* : Flush all FSDB Files at 0 ps.

ucli% if {[catch {ucliCore::setFocus tool}]} {}

ucli% fsdbDumpvars 0 "simulator.DCRFLI.DC_GEN\[16\].DC.CORE.i"  +all +trace_process

ucli% fsdbDumpflush 
*Verdi* : Flush all FSDB Files at 0 ps.

ucli% if {[catch {ucliCore::setFocus tool}]} {}

ucli% fsdbDumpvars 0 "simulator.DCRFLI.DC_GEN\[16\].DC.CORE.s"  +all +trace_process

ucli% fsdbDumpflush 
*Verdi* : Flush all FSDB Files at 0 ps.

ucli% fsdbDumpvars 0 "simulator.DCRFLI.DC_GEN\[16\].DC.CORE.w_dvsr\[15:0\]"  +all +trace_process

ucli% fsdbDumpflush 
*Verdi* : Flush all FSDB Files at 0 ps.

ucli% fsdbDumpvars 0 "simulator.DCRFLI.DC_GEN\[16\].DC.CORE.w_spi_dout\[23:0\]"  +all +trace_process

ucli% fsdbDumpflush 
*Verdi* : Flush all FSDB Files at 0 ps.

ucli% fsdbDumpvars 0 "simulator.DCRFLI.DC_GEN\[16\].DC.CORE.w_spi_done"  +all +trace_process

ucli% fsdbDumpflush 
*Verdi* : Flush all FSDB Files at 0 ps.

ucli% fsdbDumpvars 0 "simulator.DCRFLI.DC_GEN\[16\].DC.CORE.o_armed"  +all +trace_process

ucli% fsdbDumpflush 
*Verdi* : Flush all FSDB Files at 0 ps.

ucli% fsdbDumpvars 0 "simulator.DCRFLI.DC_GEN\[16\].DC.CORE.i_start"  +all +trace_process

ucli% fsdbDumpflush 
*Verdi* : Flush all FSDB Files at 0 ps.

ucli% if {[catch {ucliCore::setFocus tool}]} {}

ucli% fsdbDumpvars 0 "simulator.DCRFLI.DC_GEN\[16\].DC.CORE.o_sclk"  +all +trace_process

ucli% fsdbDumpflush 
*Verdi* : Flush all FSDB Files at 0 ps.

ucli% fsdbDumpvars 0 "simulator.DCRFLI.DC_GEN\[16\].DC.CORE.o_mosi"  +all +trace_process

ucli% fsdbDumpflush 
*Verdi* : Flush all FSDB Files at 0 ps.

ucli% fsdbDumpvars 0 "simulator.DCRFLI.DC_GEN\[16\].DC.CORE.i_miso"  +all +trace_process

ucli% fsdbDumpflush 
*Verdi* : Flush all FSDB Files at 0 ps.

ucli% fsdbDumpvars 0 "simulator.DCRFLI.DC_GEN\[16\].DC.CORE.o_cs_n"  +all +trace_process

ucli% fsdbDumpflush 
*Verdi* : Flush all FSDB Files at 0 ps.

ucli% fsdbDumpvars 0 "simulator.DCRFLI.DC_GEN\[16\].DC.CORE.o_ldac_n"  +all +trace_process

ucli% fsdbDumpflush 
*Verdi* : Flush all FSDB Files at 0 ps.

ucli% if {[catch {ucliCore::setFocus tool}]} {}

ucli% fsdbDumpvars 0 "simulator.DCRFLI.DC_GEN\[16\].DC.CORE.h"  +all +trace_process

ucli% fsdbDumpflush 
*Verdi* : Flush all FSDB Files at 0 ps.

ucli% fsdbDumpvars 0 "simulator.DCRFLI.DC_GEN\[16\].DC.CORE.o_next"  +all +trace_process

ucli% fsdbDumpflush 
*Verdi* : Flush all FSDB Files at 0 ps.

ucli% fsdbDumpvars 0 "simulator.DCRFLI.DC_GEN\[16\].DC.CORE.o_addr\[3:0\]"  +all +trace_process

ucli% fsdbDumpflush 
*Verdi* : Flush all FSDB Files at 0 ps.

ucli% fsdbDumpvars 0 "simulator.DCRFLI.DC_GEN\[16\].DC.CORE.o_iter\[9:0\]"  +all +trace_process

ucli% fsdbDumpflush 
*Verdi* : Flush all FSDB Files at 0 ps.

ucli% fsdbDumpvars 0 "simulator.DCRFLI.DC_GEN\[16\].DC.CORE.o_spi_din\[23:0\]"  +all +trace_process

ucli% fsdbDumpflush 
*Verdi* : Flush all FSDB Files at 0 ps.

ucli% fsdbDumpvars 0 "simulator.DCRFLI.DC_GEN\[16\].DC.CORE.o_spi_rd"  +all +trace_process

ucli% fsdbDumpflush 
*Verdi* : Flush all FSDB Files at 0 ps.

ucli% fsdbDumpvars 0 "simulator.DCRFLI.DC_GEN\[16\].DC.CORE.o_spi_dout\[23:0\]"  +all +trace_process

ucli% fsdbDumpflush 
*Verdi* : Flush all FSDB Files at 0 ps.

ucli% fsdbDumpvars 0 "simulator.DCRFLI.DC_GEN\[16\].DC.CORE.o_cycles_left\[29:0\]"  +all +trace_process

ucli% fsdbDumpflush 
*Verdi* : Flush all FSDB Files at 0 ps.

ucli% if {[catch {ucliCore::setFocus tool}]} {}

ucli% fsdbDumpvars 0 "simulator.DC_IO_GEN\[16\].DAC.valid_transaction"  +all +trace_process
*Verdi* : Dumping the signal (simulator.DC_IO_GEN[16].DAC.valid_transaction).

ucli% fsdbDumpflush 
*Verdi* : Flush all FSDB Files at 0 ps.

ucli% if {[catch {ucliCore::setFocus tool}]} {}

ucli% fsdbDumpvars 0 "simulator.DC_IO_GEN\[16\].DAC.input_shift_reg"  +all +trace_process
*Verdi* : Dumping the signal (simulator.DC_IO_GEN[16].DAC.input_shift_reg).

ucli% fsdbDumpflush 
*Verdi* : Flush all FSDB Files at 0 ps.

ucli% if {[catch {ucliCore::setFocus tool}]} {}

ucli% fsdbDumpvars 0 "simulator.DC_IO_GEN\[16\].DAC.rw"  +all +trace_process
*Verdi* : Dumping the signal (simulator.DC_IO_GEN[16].DAC.rw).

ucli% fsdbDumpflush 
*Verdi* : Flush all FSDB Files at 0 ps.

ucli% if {[catch {ucliCore::setFocus tool}]} {}

ucli% fsdbDumpvars 0 "simulator.DC_IO_GEN\[16\].DAC.addr"  +all +trace_process
*Verdi* : Dumping the signal (simulator.DC_IO_GEN[16].DAC.addr).

ucli% fsdbDumpflush 
*Verdi* : Flush all FSDB Files at 0 ps.

ucli% if {[catch {ucliCore::setFocus tool}]} {}

ucli% fsdbDumpvars 0 "simulator.DC_IO_GEN\[16\].DAC.data"  +all +trace_process
*Verdi* : Dumping the signal (simulator.DC_IO_GEN[16].DAC.data).

ucli% fsdbDumpflush 
*Verdi* : Flush all FSDB Files at 0 ps.

ucli% if {[catch {ucliCore::setFocus tool}]} {}

ucli% fsdbDumpvars 0 "simulator.DC_IO_GEN\[16\].DAC.rd_data"  +all +trace_process
*Verdi* : Dumping the signal (simulator.DC_IO_GEN[16].DAC.rd_data).

ucli% fsdbDumpflush 
*Verdi* : Flush all FSDB Files at 0 ps.

ucli% if {[catch {ucliCore::setFocus tool}]} {}

ucli% fsdbDumpvars 0 "simulator.DC_IO_GEN\[16\].DAC.SCLK"  +all +trace_process
*Verdi* : Dumping the signal (simulator.DC_IO_GEN[16].DAC.SCLK).

ucli% fsdbDumpflush 
*Verdi* : Flush all FSDB Files at 0 ps.

ucli% if {[catch {ucliCore::setFocus tool}]} {}

ucli% fsdbDumpvars 0 "simulator.DC_IO_GEN\[16\].DAC.SDIN"  +all +trace_process
*Verdi* : Dumping the signal (simulator.DC_IO_GEN[16].DAC.SDIN).

ucli% fsdbDumpflush 
*Verdi* : Flush all FSDB Files at 0 ps.

ucli% if {[catch {ucliCore::setFocus tool}]} {}

ucli% fsdbDumpvars 0 "simulator.DC_IO_GEN\[16\].DAC.SYNC_N"  +all +trace_process
*Verdi* : Dumping the signal (simulator.DC_IO_GEN[16].DAC.SYNC_N).

ucli% fsdbDumpflush 
*Verdi* : Flush all FSDB Files at 0 ps.

ucli% if {[catch {ucliCore::setFocus tool}]} {}

ucli% fsdbDumpvars 0 "simulator.DC_IO_GEN\[16\].DAC.SDO"  +all +trace_process
*Verdi* : Dumping the signal (simulator.DC_IO_GEN[16].DAC.SDO).

ucli% fsdbDumpflush 
*Verdi* : Flush all FSDB Files at 0 ps.

ucli% if {[catch {ucliCore::setFocus tool}]} {}

ucli% fsdbDumpvars 0 "simulator.DC_IO_GEN\[16\].DAC.LDAC_N"  +all +trace_process
*Verdi* : Dumping the signal (simulator.DC_IO_GEN[16].DAC.LDAC_N).

ucli% fsdbDumpflush 
*Verdi* : Flush all FSDB Files at 0 ps.

ucli% if {[catch {ucliCore::setFocus tool}]} {}

ucli% fsdbDumpvars 0 "simulator.DC_IO_GEN\[16\].DAC.CLR_N"  +all +trace_process
*Verdi* : Dumping the signal (simulator.DC_IO_GEN[16].DAC.CLR_N).

ucli% fsdbDumpflush 
*Verdi* : Flush all FSDB Files at 0 ps.

ucli% if {[catch {ucliCore::setFocus tool}]} {}

ucli% fsdbDumpvars 0 "simulator.DC_IO_GEN\[16\].DAC.RESET_N"  +all +trace_process
*Verdi* : Dumping the signal (simulator.DC_IO_GEN[16].DAC.RESET_N).

ucli% fsdbDumpflush 
*Verdi* : Flush all FSDB Files at 0 ps.

ucli% if {[catch {ucliCore::setFocus tool}]} {}

ucli% fsdbDumpvars 0 "simulator.DC_IO_GEN\[16\].DAC.dac_reg"  +all +trace_process
*Verdi* : Dumping the signal (simulator.DC_IO_GEN[16].DAC.dac_reg).

ucli% fsdbDumpflush 
*Verdi* : Flush all FSDB Files at 0 ps.

ucli% if {[catch {ucliCore::setFocus tool}]} {}

ucli% fsdbDumpvars 0 "simulator.DC_IO_GEN\[16\].DAC.ctrl_reg"  +all +trace_process
*Verdi* : Dumping the signal (simulator.DC_IO_GEN[16].DAC.ctrl_reg).

ucli% fsdbDumpflush 
*Verdi* : Flush all FSDB Files at 0 ps.

ucli% if {[catch {ucliCore::setFocus tool}]} {}

ucli% fsdbDumpvars 0 "simulator.DC_IO_GEN\[16\].DAC.clrcode_reg"  +all +trace_process
*Verdi* : Dumping the signal (simulator.DC_IO_GEN[16].DAC.clrcode_reg).

ucli% fsdbDumpflush 
*Verdi* : Flush all FSDB Files at 0 ps.

ucli% if {[catch {ucliCore::setFocus tool}]} {}

ucli% fsdbDumpvars 0 "simulator.DC_IO_GEN\[16\].DAC.sw_ctrl_reg"  +all +trace_process
*Verdi* : Dumping the signal (simulator.DC_IO_GEN[16].DAC.sw_ctrl_reg).

ucli% fsdbDumpflush 
*Verdi* : Flush all FSDB Files at 0 ps.

ucli% if {[catch {ucliCore::setFocus tool}]} {}

ucli% fsdbDumpvars 0 "simulator.DC_IO_GEN\[16\].DAC.dac_input_reg"  +all +trace_process
*Verdi* : Dumping the signal (simulator.DC_IO_GEN[16].DAC.dac_input_reg).

ucli% fsdbDumpflush 
*Verdi* : Flush all FSDB Files at 0 ps.

ucli% if {[catch {ucliCore::setFocus tool}]} {}

ucli% fsdbDumpvars 0 "simulator.DC_IO_GEN\[16\].DAC.SDODIS"  +all +trace_process
*Verdi* : Dumping the signal (simulator.DC_IO_GEN[16].DAC.SDODIS).

ucli% fsdbDumpflush 
*Verdi* : Flush all FSDB Files at 0 ps.

ucli% if {[catch {ucliCore::setFocus tool}]} {}

ucli% fsdbDumpvars 0 "simulator.DC_IO_GEN\[16\].DAC.DACTRI"  +all +trace_process
*Verdi* : Dumping the signal (simulator.DC_IO_GEN[16].DAC.DACTRI).

ucli% fsdbDumpflush 
*Verdi* : Flush all FSDB Files at 0 ps.

ucli% if {[catch {ucliCore::setFocus tool}]} {}

ucli% fsdbDumpvars 0 "simulator.DC_IO_GEN\[16\].DAC.OPGND"  +all +trace_process
*Verdi* : Dumping the signal (simulator.DC_IO_GEN[16].DAC.OPGND).

ucli% fsdbDumpflush 
*Verdi* : Flush all FSDB Files at 0 ps.

ucli% if {[catch {ucliCore::setFocus tool}]} {}

ucli% fsdbDumpvars 0 "simulator.DC_IO_GEN\[16\].DAC.VOUT"  +all +trace_process
*Verdi* : Dumping the signal (simulator.DC_IO_GEN[16].DAC.VOUT).

ucli% fsdbDumpflush 
*Verdi* : Flush all FSDB Files at 0 ps.

ucli% if {[catch {ucliCore::setFocus tool}]} {}

ucli% fsdbDumpvars 0 "simulator.DC_IO_GEN\[16\].DAC.VDIGITAL"  +all +trace_process
*Verdi* : Dumping the signal (simulator.DC_IO_GEN[16].DAC.VDIGITAL).

ucli% fsdbDumpflush 
*Verdi* : Flush all FSDB Files at 0 ps.

ucli% if {[catch {ucliCore::setFocus tool}]} {}

ucli% fsdbDumpvars 0 "simulator.DC_IO_GEN\[15\].REGS.AXIL_REGS.i_aclk"  +all +trace_process

ucli% fsdbDumpflush 
*Verdi* : Flush all FSDB Files at 0 ps.

ucli% fsdbDumpvars 0 "simulator.DC_IO_GEN\[15\].REGS.AXIL_REGS.i_aresetn"  +all +trace_process

ucli% fsdbDumpflush 
*Verdi* : Flush all FSDB Files at 0 ps.

ucli% fsdbDumpvars 0 "simulator.DC_IO_GEN\[15\].REGS.AXIL_REGS.r_regs\[0:31\]\[31:0\]"  +all +trace_process

ucli% fsdbDumpflush 
*Verdi* : Flush all FSDB Files at 0 ps.

ucli% fsdbDumpvars 0 "simulator.DC_IO_GEN\[15\].REGS.AXIL_REGS.o_regs\[0:31\]\[31:0\]"  +all +trace_process

ucli% fsdbDumpflush 
*Verdi* : Flush all FSDB Files at 0 ps.

ucli% if {[catch {ucliCore::setFocus tool}]} {}

ucli% fsdbDumpvars 0 "simulator.DC_IO_GEN\[15\].REGS.AXIL_REGS.o_awready"  +all +trace_process

ucli% fsdbDumpflush 
*Verdi* : Flush all FSDB Files at 0 ps.

ucli% fsdbDumpvars 0 "simulator.DC_IO_GEN\[15\].REGS.AXIL_REGS.i_awvalid"  +all +trace_process

ucli% fsdbDumpflush 
*Verdi* : Flush all FSDB Files at 0 ps.

ucli% fsdbDumpvars 0 "simulator.DC_IO_GEN\[15\].REGS.AXIL_REGS.i_awaddr\[6:0\]"  +all +trace_process

ucli% fsdbDumpflush 
*Verdi* : Flush all FSDB Files at 0 ps.

ucli% fsdbDumpvars 0 "simulator.DC_IO_GEN\[15\].REGS.AXIL_REGS.w_awireg\[4:0\]"  +all +trace_process

ucli% fsdbDumpflush 
*Verdi* : Flush all FSDB Files at 0 ps.

ucli% fsdbDumpvars 0 "simulator.DC_IO_GEN\[15\].REGS.AXIL_REGS.w_awls2b\[1:0\]"  +all +trace_process

ucli% fsdbDumpflush 
*Verdi* : Flush all FSDB Files at 0 ps.

ucli% if {[catch {ucliCore::setFocus tool}]} {}

ucli% fsdbDumpvars 0 "simulator.DC_IO_GEN\[15\].REGS.AXIL_REGS.o_wready"  +all +trace_process

ucli% fsdbDumpflush 
*Verdi* : Flush all FSDB Files at 0 ps.

ucli% fsdbDumpvars 0 "simulator.DC_IO_GEN\[15\].REGS.AXIL_REGS.i_wvalid"  +all +trace_process

ucli% fsdbDumpflush 
*Verdi* : Flush all FSDB Files at 0 ps.

ucli% fsdbDumpvars 0 "simulator.DC_IO_GEN\[15\].REGS.AXIL_REGS.i_wdata\[31:0\]"  +all +trace_process

ucli% fsdbDumpflush 
*Verdi* : Flush all FSDB Files at 0 ps.

ucli% fsdbDumpvars 0 "simulator.DC_IO_GEN\[15\].REGS.AXIL_REGS.i_wstrb\[3:0\]"  +all +trace_process

ucli% fsdbDumpflush 
*Verdi* : Flush all FSDB Files at 0 ps.

ucli% fsdbDumpvars 0 "simulator.DC_IO_GEN\[15\].REGS.AXIL_REGS.w_wdatastrb\[31:0\]"  +all +trace_process

ucli% fsdbDumpflush 
*Verdi* : Flush all FSDB Files at 0 ps.

ucli% if {[catch {ucliCore::setFocus tool}]} {}

ucli% fsdbDumpvars 0 "simulator.DC_IO_GEN\[15\].REGS.AXIL_REGS.i_bready"  +all +trace_process

ucli% fsdbDumpflush 
*Verdi* : Flush all FSDB Files at 0 ps.

ucli% fsdbDumpvars 0 "simulator.DC_IO_GEN\[15\].REGS.AXIL_REGS.o_bvalid"  +all +trace_process

ucli% fsdbDumpflush 
*Verdi* : Flush all FSDB Files at 0 ps.

ucli% fsdbDumpvars 0 "simulator.DC_IO_GEN\[15\].REGS.AXIL_REGS.o_bresp\[1:0\]"  +all +trace_process

ucli% fsdbDumpflush 
*Verdi* : Flush all FSDB Files at 0 ps.

ucli% if {[catch {ucliCore::setFocus tool}]} {}

ucli% fsdbDumpvars 0 "simulator.DC_IO_GEN\[15\].REGS.AXIL_REGS.o_arready"  +all +trace_process

ucli% fsdbDumpflush 
*Verdi* : Flush all FSDB Files at 0 ps.

ucli% fsdbDumpvars 0 "simulator.DC_IO_GEN\[15\].REGS.AXIL_REGS.i_arvalid"  +all +trace_process

ucli% fsdbDumpflush 
*Verdi* : Flush all FSDB Files at 0 ps.

ucli% fsdbDumpvars 0 "simulator.DC_IO_GEN\[15\].REGS.AXIL_REGS.i_araddr\[6:0\]"  +all +trace_process

ucli% fsdbDumpflush 
*Verdi* : Flush all FSDB Files at 0 ps.

ucli% fsdbDumpvars 0 "simulator.DC_IO_GEN\[15\].REGS.AXIL_REGS.w_arireg\[4:0\]"  +all +trace_process

ucli% fsdbDumpflush 
*Verdi* : Flush all FSDB Files at 0 ps.

ucli% fsdbDumpvars 0 "simulator.DC_IO_GEN\[15\].REGS.AXIL_REGS.w_arls2b\[1:0\]"  +all +trace_process

ucli% fsdbDumpflush 
*Verdi* : Flush all FSDB Files at 0 ps.

ucli% if {[catch {ucliCore::setFocus tool}]} {}

ucli% fsdbDumpvars 0 "simulator.DC_IO_GEN\[15\].REGS.AXIL_REGS.i_rready"  +all +trace_process

ucli% fsdbDumpflush 
*Verdi* : Flush all FSDB Files at 0 ps.

ucli% fsdbDumpvars 0 "simulator.DC_IO_GEN\[15\].REGS.AXIL_REGS.o_rvalid"  +all +trace_process

ucli% fsdbDumpflush 
*Verdi* : Flush all FSDB Files at 0 ps.

ucli% fsdbDumpvars 0 "simulator.DC_IO_GEN\[15\].REGS.AXIL_REGS.o_rdata\[31:0\]"  +all +trace_process

ucli% fsdbDumpflush 
*Verdi* : Flush all FSDB Files at 0 ps.

ucli% fsdbDumpvars 0 "simulator.DC_IO_GEN\[15\].REGS.AXIL_REGS.o_rresp\[1:0\]"  +all +trace_process

ucli% fsdbDumpflush 
*Verdi* : Flush all FSDB Files at 0 ps.

ucli% if {[catch {ucliCore::setFocus tool}]} {}

ucli% fsdbDumpvars 0 "simulator.DCRFLI.DC_GEN\[15\].DC.SEQ.i_clk"  +all +trace_process

ucli% fsdbDumpflush 
*Verdi* : Flush all FSDB Files at 0 ps.

ucli% fsdbDumpvars 0 "simulator.DCRFLI.DC_GEN\[15\].DC.SEQ.i_rst"  +all +trace_process

ucli% fsdbDumpflush 
*Verdi* : Flush all FSDB Files at 0 ps.

ucli% fsdbDumpvars 0 "simulator.DCRFLI.DC_GEN\[15\].DC.SEQ.w_propagate"  +all +trace_process

ucli% fsdbDumpflush 
*Verdi* : Flush all FSDB Files at 0 ps.

ucli% if {[catch {ucliCore::setFocus tool}]} {}

ucli% fsdbDumpvars 0 "simulator.DCRFLI.DC_GEN\[15\].DC.SEQ.i_regs\[0:31\]\[31:0\]"  +all +trace_process

ucli% fsdbDumpflush 
*Verdi* : Flush all FSDB Files at 0 ps.

ucli% fsdbDumpvars 0 "simulator.DCRFLI.DC_GEN\[15\].DC.SEQ.w_last0"  +all +trace_process

ucli% fsdbDumpflush 
*Verdi* : Flush all FSDB Files at 0 ps.

ucli% fsdbDumpvars 0 "simulator.DCRFLI.DC_GEN\[15\].DC.SEQ.w_last0_ff1"  +all +trace_process

ucli% fsdbDumpflush 
*Verdi* : Flush all FSDB Files at 0 ps.

ucli% fsdbDumpvars 0 "simulator.DCRFLI.DC_GEN\[15\].DC.SEQ.w_last0_ff2"  +all +trace_process

ucli% fsdbDumpflush 
*Verdi* : Flush all FSDB Files at 0 ps.

ucli% fsdbDumpvars 0 "simulator.DCRFLI.DC_GEN\[15\].DC.SEQ.w_new_sequence"  +all +trace_process

ucli% fsdbDumpflush 
*Verdi* : Flush all FSDB Files at 0 ps.

ucli% if {[catch {ucliCore::setFocus tool}]} {}

ucli% fsdbDumpvars 0 "simulator.DCRFLI.DC_GEN\[15\].DC.SEQ.r_sequence\[0:9\]\[91:0\]"  +all +trace_process

ucli% fsdbDumpflush 
*Verdi* : Flush all FSDB Files at 0 ps.

ucli% fsdbDumpvars 0 "simulator.DCRFLI.DC_GEN\[15\].DC.SEQ.r_iters\[10:0\]"  +all +trace_process

ucli% fsdbDumpflush 
*Verdi* : Flush all FSDB Files at 0 ps.

ucli% fsdbDumpvars 0 "simulator.DCRFLI.DC_GEN\[15\].DC.SEQ.r_iptr\[3:0\]"  +all +trace_process

ucli% fsdbDumpflush 
*Verdi* : Flush all FSDB Files at 0 ps.

ucli% fsdbDumpvars 0 "simulator.DCRFLI.DC_GEN\[15\].DC.SEQ.w_insn_fetch\[91:0\]"  +all +trace_process

ucli% fsdbDumpflush 
*Verdi* : Flush all FSDB Files at 0 ps.

ucli% fsdbDumpvars 0 "simulator.DCRFLI.DC_GEN\[15\].DC.SEQ.w_insn_bubble"  +all +trace_process

ucli% fsdbDumpflush 
*Verdi* : Flush all FSDB Files at 0 ps.

ucli% fsdbDumpvars 0 "simulator.DCRFLI.DC_GEN\[15\].DC.SEQ.w_iptr_plus1\[3:0\]"  +all +trace_process

ucli% fsdbDumpflush 
*Verdi* : Flush all FSDB Files at 0 ps.

ucli% fsdbDumpvars 0 "simulator.DCRFLI.DC_GEN\[15\].DC.SEQ.w_next_null"  +all +trace_process

ucli% fsdbDumpflush 
*Verdi* : Flush all FSDB Files at 0 ps.

ucli% if {[catch {ucliCore::setFocus tool}]} {}

ucli% fsdbDumpvars 0 "simulator.DCRFLI.DC_GEN\[15\].DC.SEQ.o_empty"  +all +trace_process

ucli% fsdbDumpflush 
*Verdi* : Flush all FSDB Files at 0 ps.

ucli% fsdbDumpvars 0 "simulator.DCRFLI.DC_GEN\[15\].DC.SEQ.i_next"  +all +trace_process

ucli% fsdbDumpflush 
*Verdi* : Flush all FSDB Files at 0 ps.

ucli% fsdbDumpvars 0 "simulator.DCRFLI.DC_GEN\[15\].DC.SEQ.o_addr\[3:0\]"  +all +trace_process

ucli% fsdbDumpflush 
*Verdi* : Flush all FSDB Files at 0 ps.

ucli% fsdbDumpvars 0 "simulator.DCRFLI.DC_GEN\[15\].DC.SEQ.o_insn\[91:0\]"  +all +trace_process

ucli% fsdbDumpflush 
*Verdi* : Flush all FSDB Files at 0 ps.

ucli% fsdbDumpvars 0 "simulator.DCRFLI.DC_GEN\[15\].DC.SEQ.r_iptr_modify\[3:0\]"  +all +trace_process

ucli% fsdbDumpflush 
*Verdi* : Flush all FSDB Files at 0 ps.

ucli% fsdbDumpvars 0 "simulator.DCRFLI.DC_GEN\[15\].DC.SEQ.i_insn_modified\[91:0\]"  +all +trace_process

ucli% fsdbDumpflush 
*Verdi* : Flush all FSDB Files at 0 ps.

ucli% if {[catch {ucliCore::setFocus tool}]} {}

ucli% fsdbDumpvars 0 "simulator.DCRFLI.DC_GEN\[15\].DC.CORE.i_clk"  +all +trace_process

ucli% fsdbDumpflush 
*Verdi* : Flush all FSDB Files at 0 ps.

ucli% fsdbDumpvars 0 "simulator.DCRFLI.DC_GEN\[15\].DC.CORE.i_rst"  +all +trace_process

ucli% fsdbDumpflush 
*Verdi* : Flush all FSDB Files at 0 ps.

ucli% fsdbDumpvars 0 "simulator.DCRFLI.DC_GEN\[15\].DC.CORE.w_stall"  +all +trace_process

ucli% fsdbDumpflush 
*Verdi* : Flush all FSDB Files at 0 ps.

ucli% if {[catch {ucliCore::setFocus tool}]} {}

ucli% fsdbDumpvars 0 "simulator.DCRFLI.DC_GEN\[15\].DC.CORE.d"  +all +trace_process

ucli% fsdbDumpflush 
*Verdi* : Flush all FSDB Files at 0 ps.

ucli% fsdbDumpvars 0 "simulator.DCRFLI.DC_GEN\[15\].DC.CORE.i_empty"  +all +trace_process

ucli% fsdbDumpflush 
*Verdi* : Flush all FSDB Files at 0 ps.

ucli% fsdbDumpvars 0 "simulator.DCRFLI.DC_GEN\[15\].DC.CORE.o_next"  +all +trace_process

ucli% fsdbDumpflush 
*Verdi* : Flush all FSDB Files at 0 ps.

ucli% fsdbDumpvars 0 "simulator.DCRFLI.DC_GEN\[15\].DC.CORE.i_addr\[3:0\]"  +all +trace_process

ucli% fsdbDumpflush 
*Verdi* : Flush all FSDB Files at 0 ps.

ucli% fsdbDumpvars 0 "simulator.DCRFLI.DC_GEN\[15\].DC.CORE.i_insn\[91:0\]"  +all +trace_process

ucli% fsdbDumpflush 
*Verdi* : Flush all FSDB Files at 0 ps.

ucli% fsdbDumpvars 0 "simulator.DCRFLI.DC_GEN\[15\].DC.CORE.o_insn_modified"  +all +trace_process

ucli% fsdbDumpflush 
*Verdi* : Flush all FSDB Files at 0 ps.

ucli% if {[catch {ucliCore::setFocus tool}]} {}

ucli% fsdbDumpvars 0 "simulator.DCRFLI.DC_GEN\[15\].DC.CORE.i"  +all +trace_process

ucli% fsdbDumpflush 
*Verdi* : Flush all FSDB Files at 0 ps.

ucli% if {[catch {ucliCore::setFocus tool}]} {}

ucli% fsdbDumpvars 0 "simulator.DCRFLI.DC_GEN\[15\].DC.CORE.s"  +all +trace_process

ucli% fsdbDumpflush 
*Verdi* : Flush all FSDB Files at 0 ps.

ucli% fsdbDumpvars 0 "simulator.DCRFLI.DC_GEN\[15\].DC.CORE.w_dvsr\[15:0\]"  +all +trace_process

ucli% fsdbDumpflush 
*Verdi* : Flush all FSDB Files at 0 ps.

ucli% fsdbDumpvars 0 "simulator.DCRFLI.DC_GEN\[15\].DC.CORE.w_spi_dout\[23:0\]"  +all +trace_process

ucli% fsdbDumpflush 
*Verdi* : Flush all FSDB Files at 0 ps.

ucli% fsdbDumpvars 0 "simulator.DCRFLI.DC_GEN\[15\].DC.CORE.w_spi_done"  +all +trace_process

ucli% fsdbDumpflush 
*Verdi* : Flush all FSDB Files at 0 ps.

ucli% fsdbDumpvars 0 "simulator.DCRFLI.DC_GEN\[15\].DC.CORE.o_armed"  +all +trace_process

ucli% fsdbDumpflush 
*Verdi* : Flush all FSDB Files at 0 ps.

ucli% fsdbDumpvars 0 "simulator.DCRFLI.DC_GEN\[15\].DC.CORE.i_start"  +all +trace_process

ucli% fsdbDumpflush 
*Verdi* : Flush all FSDB Files at 0 ps.

ucli% if {[catch {ucliCore::setFocus tool}]} {}

ucli% fsdbDumpvars 0 "simulator.DCRFLI.DC_GEN\[15\].DC.CORE.o_sclk"  +all +trace_process

ucli% fsdbDumpflush 
*Verdi* : Flush all FSDB Files at 0 ps.

ucli% fsdbDumpvars 0 "simulator.DCRFLI.DC_GEN\[15\].DC.CORE.o_mosi"  +all +trace_process

ucli% fsdbDumpflush 
*Verdi* : Flush all FSDB Files at 0 ps.

ucli% fsdbDumpvars 0 "simulator.DCRFLI.DC_GEN\[15\].DC.CORE.i_miso"  +all +trace_process

ucli% fsdbDumpflush 
*Verdi* : Flush all FSDB Files at 0 ps.

ucli% fsdbDumpvars 0 "simulator.DCRFLI.DC_GEN\[15\].DC.CORE.o_cs_n"  +all +trace_process

ucli% fsdbDumpflush 
*Verdi* : Flush all FSDB Files at 0 ps.

ucli% fsdbDumpvars 0 "simulator.DCRFLI.DC_GEN\[15\].DC.CORE.o_ldac_n"  +all +trace_process

ucli% fsdbDumpflush 
*Verdi* : Flush all FSDB Files at 0 ps.

ucli% if {[catch {ucliCore::setFocus tool}]} {}

ucli% fsdbDumpvars 0 "simulator.DCRFLI.DC_GEN\[15\].DC.CORE.h"  +all +trace_process

ucli% fsdbDumpflush 
*Verdi* : Flush all FSDB Files at 0 ps.

ucli% fsdbDumpvars 0 "simulator.DCRFLI.DC_GEN\[15\].DC.CORE.o_next"  +all +trace_process

ucli% fsdbDumpflush 
*Verdi* : Flush all FSDB Files at 0 ps.

ucli% fsdbDumpvars 0 "simulator.DCRFLI.DC_GEN\[15\].DC.CORE.o_addr\[3:0\]"  +all +trace_process

ucli% fsdbDumpflush 
*Verdi* : Flush all FSDB Files at 0 ps.

ucli% fsdbDumpvars 0 "simulator.DCRFLI.DC_GEN\[15\].DC.CORE.o_iter\[9:0\]"  +all +trace_process

ucli% fsdbDumpflush 
*Verdi* : Flush all FSDB Files at 0 ps.

ucli% fsdbDumpvars 0 "simulator.DCRFLI.DC_GEN\[15\].DC.CORE.o_spi_din\[23:0\]"  +all +trace_process

ucli% fsdbDumpflush 
*Verdi* : Flush all FSDB Files at 0 ps.

ucli% fsdbDumpvars 0 "simulator.DCRFLI.DC_GEN\[15\].DC.CORE.o_spi_rd"  +all +trace_process

ucli% fsdbDumpflush 
*Verdi* : Flush all FSDB Files at 0 ps.

ucli% fsdbDumpvars 0 "simulator.DCRFLI.DC_GEN\[15\].DC.CORE.o_spi_dout\[23:0\]"  +all +trace_process

ucli% fsdbDumpflush 
*Verdi* : Flush all FSDB Files at 0 ps.

ucli% fsdbDumpvars 0 "simulator.DCRFLI.DC_GEN\[15\].DC.CORE.o_cycles_left\[29:0\]"  +all +trace_process

ucli% fsdbDumpflush 
*Verdi* : Flush all FSDB Files at 0 ps.

ucli% if {[catch {ucliCore::setFocus tool}]} {}

ucli% fsdbDumpvars 0 "simulator.DC_IO_GEN\[15\].DAC.valid_transaction"  +all +trace_process
*Verdi* : Dumping the signal (simulator.DC_IO_GEN[15].DAC.valid_transaction).

ucli% fsdbDumpflush 
*Verdi* : Flush all FSDB Files at 0 ps.

ucli% if {[catch {ucliCore::setFocus tool}]} {}

ucli% fsdbDumpvars 0 "simulator.DC_IO_GEN\[15\].DAC.input_shift_reg"  +all +trace_process
*Verdi* : Dumping the signal (simulator.DC_IO_GEN[15].DAC.input_shift_reg).

ucli% fsdbDumpflush 
*Verdi* : Flush all FSDB Files at 0 ps.

ucli% if {[catch {ucliCore::setFocus tool}]} {}

ucli% fsdbDumpvars 0 "simulator.DC_IO_GEN\[15\].DAC.rw"  +all +trace_process
*Verdi* : Dumping the signal (simulator.DC_IO_GEN[15].DAC.rw).

ucli% fsdbDumpflush 
*Verdi* : Flush all FSDB Files at 0 ps.

ucli% if {[catch {ucliCore::setFocus tool}]} {}

ucli% fsdbDumpvars 0 "simulator.DC_IO_GEN\[15\].DAC.addr"  +all +trace_process
*Verdi* : Dumping the signal (simulator.DC_IO_GEN[15].DAC.addr).

ucli% fsdbDumpflush 
*Verdi* : Flush all FSDB Files at 0 ps.

ucli% if {[catch {ucliCore::setFocus tool}]} {}

ucli% fsdbDumpvars 0 "simulator.DC_IO_GEN\[15\].DAC.data"  +all +trace_process
*Verdi* : Dumping the signal (simulator.DC_IO_GEN[15].DAC.data).

ucli% fsdbDumpflush 
*Verdi* : Flush all FSDB Files at 0 ps.

ucli% if {[catch {ucliCore::setFocus tool}]} {}

ucli% fsdbDumpvars 0 "simulator.DC_IO_GEN\[15\].DAC.rd_data"  +all +trace_process
*Verdi* : Dumping the signal (simulator.DC_IO_GEN[15].DAC.rd_data).

ucli% fsdbDumpflush 
*Verdi* : Flush all FSDB Files at 0 ps.

ucli% if {[catch {ucliCore::setFocus tool}]} {}

ucli% fsdbDumpvars 0 "simulator.DC_IO_GEN\[15\].DAC.SCLK"  +all +trace_process
*Verdi* : Dumping the signal (simulator.DC_IO_GEN[15].DAC.SCLK).

ucli% fsdbDumpflush 
*Verdi* : Flush all FSDB Files at 0 ps.

ucli% if {[catch {ucliCore::setFocus tool}]} {}

ucli% fsdbDumpvars 0 "simulator.DC_IO_GEN\[15\].DAC.SDIN"  +all +trace_process
*Verdi* : Dumping the signal (simulator.DC_IO_GEN[15].DAC.SDIN).

ucli% fsdbDumpflush 
*Verdi* : Flush all FSDB Files at 0 ps.

ucli% if {[catch {ucliCore::setFocus tool}]} {}

ucli% fsdbDumpvars 0 "simulator.DC_IO_GEN\[15\].DAC.SYNC_N"  +all +trace_process
*Verdi* : Dumping the signal (simulator.DC_IO_GEN[15].DAC.SYNC_N).

ucli% fsdbDumpflush 
*Verdi* : Flush all FSDB Files at 0 ps.

ucli% if {[catch {ucliCore::setFocus tool}]} {}

ucli% fsdbDumpvars 0 "simulator.DC_IO_GEN\[15\].DAC.SDO"  +all +trace_process
*Verdi* : Dumping the signal (simulator.DC_IO_GEN[15].DAC.SDO).

ucli% fsdbDumpflush 
*Verdi* : Flush all FSDB Files at 0 ps.

ucli% if {[catch {ucliCore::setFocus tool}]} {}

ucli% fsdbDumpvars 0 "simulator.DC_IO_GEN\[15\].DAC.LDAC_N"  +all +trace_process
*Verdi* : Dumping the signal (simulator.DC_IO_GEN[15].DAC.LDAC_N).

ucli% fsdbDumpflush 
*Verdi* : Flush all FSDB Files at 0 ps.

ucli% if {[catch {ucliCore::setFocus tool}]} {}

ucli% fsdbDumpvars 0 "simulator.DC_IO_GEN\[15\].DAC.CLR_N"  +all +trace_process
*Verdi* : Dumping the signal (simulator.DC_IO_GEN[15].DAC.CLR_N).

ucli% fsdbDumpflush 
*Verdi* : Flush all FSDB Files at 0 ps.

ucli% if {[catch {ucliCore::setFocus tool}]} {}

ucli% fsdbDumpvars 0 "simulator.DC_IO_GEN\[15\].DAC.RESET_N"  +all +trace_process
*Verdi* : Dumping the signal (simulator.DC_IO_GEN[15].DAC.RESET_N).

ucli% fsdbDumpflush 
*Verdi* : Flush all FSDB Files at 0 ps.

ucli% if {[catch {ucliCore::setFocus tool}]} {}

ucli% fsdbDumpvars 0 "simulator.DC_IO_GEN\[15\].DAC.dac_reg"  +all +trace_process
*Verdi* : Dumping the signal (simulator.DC_IO_GEN[15].DAC.dac_reg).

ucli% fsdbDumpflush 
*Verdi* : Flush all FSDB Files at 0 ps.

ucli% if {[catch {ucliCore::setFocus tool}]} {}

ucli% fsdbDumpvars 0 "simulator.DC_IO_GEN\[15\].DAC.ctrl_reg"  +all +trace_process
*Verdi* : Dumping the signal (simulator.DC_IO_GEN[15].DAC.ctrl_reg).

ucli% fsdbDumpflush 
*Verdi* : Flush all FSDB Files at 0 ps.

ucli% if {[catch {ucliCore::setFocus tool}]} {}

ucli% fsdbDumpvars 0 "simulator.DC_IO_GEN\[15\].DAC.clrcode_reg"  +all +trace_process
*Verdi* : Dumping the signal (simulator.DC_IO_GEN[15].DAC.clrcode_reg).

ucli% fsdbDumpflush 
*Verdi* : Flush all FSDB Files at 0 ps.

ucli% if {[catch {ucliCore::setFocus tool}]} {}

ucli% fsdbDumpvars 0 "simulator.DC_IO_GEN\[15\].DAC.sw_ctrl_reg"  +all +trace_process
*Verdi* : Dumping the signal (simulator.DC_IO_GEN[15].DAC.sw_ctrl_reg).

ucli% fsdbDumpflush 
*Verdi* : Flush all FSDB Files at 0 ps.

ucli% if {[catch {ucliCore::setFocus tool}]} {}

ucli% fsdbDumpvars 0 "simulator.DC_IO_GEN\[15\].DAC.dac_input_reg"  +all +trace_process
*Verdi* : Dumping the signal (simulator.DC_IO_GEN[15].DAC.dac_input_reg).

ucli% fsdbDumpflush 
*Verdi* : Flush all FSDB Files at 0 ps.

ucli% if {[catch {ucliCore::setFocus tool}]} {}

ucli% fsdbDumpvars 0 "simulator.DC_IO_GEN\[15\].DAC.SDODIS"  +all +trace_process
*Verdi* : Dumping the signal (simulator.DC_IO_GEN[15].DAC.SDODIS).

ucli% fsdbDumpflush 
*Verdi* : Flush all FSDB Files at 0 ps.

ucli% if {[catch {ucliCore::setFocus tool}]} {}

ucli% fsdbDumpvars 0 "simulator.DC_IO_GEN\[15\].DAC.DACTRI"  +all +trace_process
*Verdi* : Dumping the signal (simulator.DC_IO_GEN[15].DAC.DACTRI).

ucli% fsdbDumpflush 
*Verdi* : Flush all FSDB Files at 0 ps.

ucli% if {[catch {ucliCore::setFocus tool}]} {}

ucli% fsdbDumpvars 0 "simulator.DC_IO_GEN\[15\].DAC.OPGND"  +all +trace_process
*Verdi* : Dumping the signal (simulator.DC_IO_GEN[15].DAC.OPGND).

ucli% fsdbDumpflush 
*Verdi* : Flush all FSDB Files at 0 ps.

ucli% if {[catch {ucliCore::setFocus tool}]} {}

ucli% fsdbDumpvars 0 "simulator.DC_IO_GEN\[15\].DAC.VOUT"  +all +trace_process
*Verdi* : Dumping the signal (simulator.DC_IO_GEN[15].DAC.VOUT).

ucli% fsdbDumpflush 
*Verdi* : Flush all FSDB Files at 0 ps.

ucli% if {[catch {ucliCore::setFocus tool}]} {}

ucli% fsdbDumpvars 0 "simulator.DC_IO_GEN\[15\].DAC.VDIGITAL"  +all +trace_process
*Verdi* : Dumping the signal (simulator.DC_IO_GEN[15].DAC.VDIGITAL).

ucli% fsdbDumpflush 
*Verdi* : Flush all FSDB Files at 0 ps.

ucli% if {[catch {ucliCore::setFocus tool}]} {}

ucli% fsdbDumpvars 0 "simulator.DC_IO_GEN\[14\].REGS.AXIL_REGS.i_aclk"  +all +trace_process

ucli% fsdbDumpflush 
*Verdi* : Flush all FSDB Files at 0 ps.

ucli% fsdbDumpvars 0 "simulator.DC_IO_GEN\[14\].REGS.AXIL_REGS.i_aresetn"  +all +trace_process

ucli% fsdbDumpflush 
*Verdi* : Flush all FSDB Files at 0 ps.

ucli% fsdbDumpvars 0 "simulator.DC_IO_GEN\[14\].REGS.AXIL_REGS.r_regs\[0:31\]\[31:0\]"  +all +trace_process

ucli% fsdbDumpflush 
*Verdi* : Flush all FSDB Files at 0 ps.

ucli% fsdbDumpvars 0 "simulator.DC_IO_GEN\[14\].REGS.AXIL_REGS.o_regs\[0:31\]\[31:0\]"  +all +trace_process

ucli% fsdbDumpflush 
*Verdi* : Flush all FSDB Files at 0 ps.

ucli% if {[catch {ucliCore::setFocus tool}]} {}

ucli% fsdbDumpvars 0 "simulator.DC_IO_GEN\[14\].REGS.AXIL_REGS.o_awready"  +all +trace_process

ucli% fsdbDumpflush 
*Verdi* : Flush all FSDB Files at 0 ps.

ucli% fsdbDumpvars 0 "simulator.DC_IO_GEN\[14\].REGS.AXIL_REGS.i_awvalid"  +all +trace_process

ucli% fsdbDumpflush 
*Verdi* : Flush all FSDB Files at 0 ps.

ucli% fsdbDumpvars 0 "simulator.DC_IO_GEN\[14\].REGS.AXIL_REGS.i_awaddr\[6:0\]"  +all +trace_process

ucli% fsdbDumpflush 
*Verdi* : Flush all FSDB Files at 0 ps.

ucli% fsdbDumpvars 0 "simulator.DC_IO_GEN\[14\].REGS.AXIL_REGS.w_awireg\[4:0\]"  +all +trace_process

ucli% fsdbDumpflush 
*Verdi* : Flush all FSDB Files at 0 ps.

ucli% fsdbDumpvars 0 "simulator.DC_IO_GEN\[14\].REGS.AXIL_REGS.w_awls2b\[1:0\]"  +all +trace_process

ucli% fsdbDumpflush 
*Verdi* : Flush all FSDB Files at 0 ps.

ucli% if {[catch {ucliCore::setFocus tool}]} {}

ucli% fsdbDumpvars 0 "simulator.DC_IO_GEN\[14\].REGS.AXIL_REGS.o_wready"  +all +trace_process

ucli% fsdbDumpflush 
*Verdi* : Flush all FSDB Files at 0 ps.

ucli% fsdbDumpvars 0 "simulator.DC_IO_GEN\[14\].REGS.AXIL_REGS.i_wvalid"  +all +trace_process

ucli% fsdbDumpflush 
*Verdi* : Flush all FSDB Files at 0 ps.

ucli% fsdbDumpvars 0 "simulator.DC_IO_GEN\[14\].REGS.AXIL_REGS.i_wdata\[31:0\]"  +all +trace_process

ucli% fsdbDumpflush 
*Verdi* : Flush all FSDB Files at 0 ps.

ucli% fsdbDumpvars 0 "simulator.DC_IO_GEN\[14\].REGS.AXIL_REGS.i_wstrb\[3:0\]"  +all +trace_process

ucli% fsdbDumpflush 
*Verdi* : Flush all FSDB Files at 0 ps.

ucli% fsdbDumpvars 0 "simulator.DC_IO_GEN\[14\].REGS.AXIL_REGS.w_wdatastrb\[31:0\]"  +all +trace_process

ucli% fsdbDumpflush 
*Verdi* : Flush all FSDB Files at 0 ps.

ucli% if {[catch {ucliCore::setFocus tool}]} {}

ucli% fsdbDumpvars 0 "simulator.DC_IO_GEN\[14\].REGS.AXIL_REGS.i_bready"  +all +trace_process

ucli% fsdbDumpflush 
*Verdi* : Flush all FSDB Files at 0 ps.

ucli% fsdbDumpvars 0 "simulator.DC_IO_GEN\[14\].REGS.AXIL_REGS.o_bvalid"  +all +trace_process

ucli% fsdbDumpflush 
*Verdi* : Flush all FSDB Files at 0 ps.

ucli% fsdbDumpvars 0 "simulator.DC_IO_GEN\[14\].REGS.AXIL_REGS.o_bresp\[1:0\]"  +all +trace_process

ucli% fsdbDumpflush 
*Verdi* : Flush all FSDB Files at 0 ps.

ucli% if {[catch {ucliCore::setFocus tool}]} {}

ucli% fsdbDumpvars 0 "simulator.DC_IO_GEN\[14\].REGS.AXIL_REGS.o_arready"  +all +trace_process

ucli% fsdbDumpflush 
*Verdi* : Flush all FSDB Files at 0 ps.

ucli% fsdbDumpvars 0 "simulator.DC_IO_GEN\[14\].REGS.AXIL_REGS.i_arvalid"  +all +trace_process

ucli% fsdbDumpflush 
*Verdi* : Flush all FSDB Files at 0 ps.

ucli% fsdbDumpvars 0 "simulator.DC_IO_GEN\[14\].REGS.AXIL_REGS.i_araddr\[6:0\]"  +all +trace_process

ucli% fsdbDumpflush 
*Verdi* : Flush all FSDB Files at 0 ps.

ucli% fsdbDumpvars 0 "simulator.DC_IO_GEN\[14\].REGS.AXIL_REGS.w_arireg\[4:0\]"  +all +trace_process

ucli% fsdbDumpflush 
*Verdi* : Flush all FSDB Files at 0 ps.

ucli% fsdbDumpvars 0 "simulator.DC_IO_GEN\[14\].REGS.AXIL_REGS.w_arls2b\[1:0\]"  +all +trace_process

ucli% fsdbDumpflush 
*Verdi* : Flush all FSDB Files at 0 ps.

ucli% if {[catch {ucliCore::setFocus tool}]} {}

ucli% fsdbDumpvars 0 "simulator.DC_IO_GEN\[14\].REGS.AXIL_REGS.i_rready"  +all +trace_process

ucli% fsdbDumpflush 
*Verdi* : Flush all FSDB Files at 0 ps.

ucli% fsdbDumpvars 0 "simulator.DC_IO_GEN\[14\].REGS.AXIL_REGS.o_rvalid"  +all +trace_process

ucli% fsdbDumpflush 
*Verdi* : Flush all FSDB Files at 0 ps.

ucli% fsdbDumpvars 0 "simulator.DC_IO_GEN\[14\].REGS.AXIL_REGS.o_rdata\[31:0\]"  +all +trace_process

ucli% fsdbDumpflush 
*Verdi* : Flush all FSDB Files at 0 ps.

ucli% fsdbDumpvars 0 "simulator.DC_IO_GEN\[14\].REGS.AXIL_REGS.o_rresp\[1:0\]"  +all +trace_process

ucli% fsdbDumpflush 
*Verdi* : Flush all FSDB Files at 0 ps.

ucli% if {[catch {ucliCore::setFocus tool}]} {}

ucli% fsdbDumpvars 0 "simulator.DCRFLI.DC_GEN\[14\].DC.SEQ.i_clk"  +all +trace_process

ucli% fsdbDumpflush 
*Verdi* : Flush all FSDB Files at 0 ps.

ucli% fsdbDumpvars 0 "simulator.DCRFLI.DC_GEN\[14\].DC.SEQ.i_rst"  +all +trace_process

ucli% fsdbDumpflush 
*Verdi* : Flush all FSDB Files at 0 ps.

ucli% fsdbDumpvars 0 "simulator.DCRFLI.DC_GEN\[14\].DC.SEQ.w_propagate"  +all +trace_process

ucli% fsdbDumpflush 
*Verdi* : Flush all FSDB Files at 0 ps.

ucli% if {[catch {ucliCore::setFocus tool}]} {}

ucli% fsdbDumpvars 0 "simulator.DCRFLI.DC_GEN\[14\].DC.SEQ.i_regs\[0:31\]\[31:0\]"  +all +trace_process

ucli% fsdbDumpflush 
*Verdi* : Flush all FSDB Files at 0 ps.

ucli% fsdbDumpvars 0 "simulator.DCRFLI.DC_GEN\[14\].DC.SEQ.w_last0"  +all +trace_process

ucli% fsdbDumpflush 
*Verdi* : Flush all FSDB Files at 0 ps.

ucli% fsdbDumpvars 0 "simulator.DCRFLI.DC_GEN\[14\].DC.SEQ.w_last0_ff1"  +all +trace_process

ucli% fsdbDumpflush 
*Verdi* : Flush all FSDB Files at 0 ps.

ucli% fsdbDumpvars 0 "simulator.DCRFLI.DC_GEN\[14\].DC.SEQ.w_last0_ff2"  +all +trace_process

ucli% fsdbDumpflush 
*Verdi* : Flush all FSDB Files at 0 ps.

ucli% fsdbDumpvars 0 "simulator.DCRFLI.DC_GEN\[14\].DC.SEQ.w_new_sequence"  +all +trace_process

ucli% fsdbDumpflush 
*Verdi* : Flush all FSDB Files at 0 ps.

ucli% if {[catch {ucliCore::setFocus tool}]} {}

ucli% fsdbDumpvars 0 "simulator.DCRFLI.DC_GEN\[14\].DC.SEQ.r_sequence\[0:9\]\[91:0\]"  +all +trace_process

ucli% fsdbDumpflush 
*Verdi* : Flush all FSDB Files at 0 ps.

ucli% fsdbDumpvars 0 "simulator.DCRFLI.DC_GEN\[14\].DC.SEQ.r_iters\[10:0\]"  +all +trace_process

ucli% fsdbDumpflush 
*Verdi* : Flush all FSDB Files at 0 ps.

ucli% fsdbDumpvars 0 "simulator.DCRFLI.DC_GEN\[14\].DC.SEQ.r_iptr\[3:0\]"  +all +trace_process

ucli% fsdbDumpflush 
*Verdi* : Flush all FSDB Files at 0 ps.

ucli% fsdbDumpvars 0 "simulator.DCRFLI.DC_GEN\[14\].DC.SEQ.w_insn_fetch\[91:0\]"  +all +trace_process

ucli% fsdbDumpflush 
*Verdi* : Flush all FSDB Files at 0 ps.

ucli% fsdbDumpvars 0 "simulator.DCRFLI.DC_GEN\[14\].DC.SEQ.w_insn_bubble"  +all +trace_process

ucli% fsdbDumpflush 
*Verdi* : Flush all FSDB Files at 0 ps.

ucli% fsdbDumpvars 0 "simulator.DCRFLI.DC_GEN\[14\].DC.SEQ.w_iptr_plus1\[3:0\]"  +all +trace_process

ucli% fsdbDumpflush 
*Verdi* : Flush all FSDB Files at 0 ps.

ucli% fsdbDumpvars 0 "simulator.DCRFLI.DC_GEN\[14\].DC.SEQ.w_next_null"  +all +trace_process

ucli% fsdbDumpflush 
*Verdi* : Flush all FSDB Files at 0 ps.

ucli% if {[catch {ucliCore::setFocus tool}]} {}

ucli% fsdbDumpvars 0 "simulator.DCRFLI.DC_GEN\[14\].DC.SEQ.o_empty"  +all +trace_process

ucli% fsdbDumpflush 
*Verdi* : Flush all FSDB Files at 0 ps.

ucli% fsdbDumpvars 0 "simulator.DCRFLI.DC_GEN\[14\].DC.SEQ.i_next"  +all +trace_process

ucli% fsdbDumpflush 
*Verdi* : Flush all FSDB Files at 0 ps.

ucli% fsdbDumpvars 0 "simulator.DCRFLI.DC_GEN\[14\].DC.SEQ.o_addr\[3:0\]"  +all +trace_process

ucli% fsdbDumpflush 
*Verdi* : Flush all FSDB Files at 0 ps.

ucli% fsdbDumpvars 0 "simulator.DCRFLI.DC_GEN\[14\].DC.SEQ.o_insn\[91:0\]"  +all +trace_process

ucli% fsdbDumpflush 
*Verdi* : Flush all FSDB Files at 0 ps.

ucli% fsdbDumpvars 0 "simulator.DCRFLI.DC_GEN\[14\].DC.SEQ.r_iptr_modify\[3:0\]"  +all +trace_process

ucli% fsdbDumpflush 
*Verdi* : Flush all FSDB Files at 0 ps.

ucli% fsdbDumpvars 0 "simulator.DCRFLI.DC_GEN\[14\].DC.SEQ.i_insn_modified\[91:0\]"  +all +trace_process

ucli% fsdbDumpflush 
*Verdi* : Flush all FSDB Files at 0 ps.

ucli% if {[catch {ucliCore::setFocus tool}]} {}

ucli% fsdbDumpvars 0 "simulator.DCRFLI.DC_GEN\[14\].DC.CORE.i_clk"  +all +trace_process

ucli% fsdbDumpflush 
*Verdi* : Flush all FSDB Files at 0 ps.

ucli% fsdbDumpvars 0 "simulator.DCRFLI.DC_GEN\[14\].DC.CORE.i_rst"  +all +trace_process

ucli% fsdbDumpflush 
*Verdi* : Flush all FSDB Files at 0 ps.

ucli% fsdbDumpvars 0 "simulator.DCRFLI.DC_GEN\[14\].DC.CORE.w_stall"  +all +trace_process

ucli% fsdbDumpflush 
*Verdi* : Flush all FSDB Files at 0 ps.

ucli% if {[catch {ucliCore::setFocus tool}]} {}

ucli% fsdbDumpvars 0 "simulator.DCRFLI.DC_GEN\[14\].DC.CORE.d"  +all +trace_process

ucli% fsdbDumpflush 
*Verdi* : Flush all FSDB Files at 0 ps.

ucli% fsdbDumpvars 0 "simulator.DCRFLI.DC_GEN\[14\].DC.CORE.i_empty"  +all +trace_process

ucli% fsdbDumpflush 
*Verdi* : Flush all FSDB Files at 0 ps.

ucli% fsdbDumpvars 0 "simulator.DCRFLI.DC_GEN\[14\].DC.CORE.o_next"  +all +trace_process

ucli% fsdbDumpflush 
*Verdi* : Flush all FSDB Files at 0 ps.

ucli% fsdbDumpvars 0 "simulator.DCRFLI.DC_GEN\[14\].DC.CORE.i_addr\[3:0\]"  +all +trace_process

ucli% fsdbDumpflush 
*Verdi* : Flush all FSDB Files at 0 ps.

ucli% fsdbDumpvars 0 "simulator.DCRFLI.DC_GEN\[14\].DC.CORE.i_insn\[91:0\]"  +all +trace_process

ucli% fsdbDumpflush 
*Verdi* : Flush all FSDB Files at 0 ps.

ucli% fsdbDumpvars 0 "simulator.DCRFLI.DC_GEN\[14\].DC.CORE.o_insn_modified"  +all +trace_process

ucli% fsdbDumpflush 
*Verdi* : Flush all FSDB Files at 0 ps.

ucli% if {[catch {ucliCore::setFocus tool}]} {}

ucli% fsdbDumpvars 0 "simulator.DCRFLI.DC_GEN\[14\].DC.CORE.i"  +all +trace_process

ucli% fsdbDumpflush 
*Verdi* : Flush all FSDB Files at 0 ps.

ucli% if {[catch {ucliCore::setFocus tool}]} {}

ucli% fsdbDumpvars 0 "simulator.DCRFLI.DC_GEN\[14\].DC.CORE.s"  +all +trace_process

ucli% fsdbDumpflush 
*Verdi* : Flush all FSDB Files at 0 ps.

ucli% fsdbDumpvars 0 "simulator.DCRFLI.DC_GEN\[14\].DC.CORE.w_dvsr\[15:0\]"  +all +trace_process

ucli% fsdbDumpflush 
*Verdi* : Flush all FSDB Files at 0 ps.

ucli% fsdbDumpvars 0 "simulator.DCRFLI.DC_GEN\[14\].DC.CORE.w_spi_dout\[23:0\]"  +all +trace_process

ucli% fsdbDumpflush 
*Verdi* : Flush all FSDB Files at 0 ps.

ucli% fsdbDumpvars 0 "simulator.DCRFLI.DC_GEN\[14\].DC.CORE.w_spi_done"  +all +trace_process

ucli% fsdbDumpflush 
*Verdi* : Flush all FSDB Files at 0 ps.

ucli% fsdbDumpvars 0 "simulator.DCRFLI.DC_GEN\[14\].DC.CORE.o_armed"  +all +trace_process

ucli% fsdbDumpflush 
*Verdi* : Flush all FSDB Files at 0 ps.

ucli% fsdbDumpvars 0 "simulator.DCRFLI.DC_GEN\[14\].DC.CORE.i_start"  +all +trace_process

ucli% fsdbDumpflush 
*Verdi* : Flush all FSDB Files at 0 ps.

ucli% if {[catch {ucliCore::setFocus tool}]} {}

ucli% fsdbDumpvars 0 "simulator.DCRFLI.DC_GEN\[14\].DC.CORE.o_sclk"  +all +trace_process

ucli% fsdbDumpflush 
*Verdi* : Flush all FSDB Files at 0 ps.

ucli% fsdbDumpvars 0 "simulator.DCRFLI.DC_GEN\[14\].DC.CORE.o_mosi"  +all +trace_process

ucli% fsdbDumpflush 
*Verdi* : Flush all FSDB Files at 0 ps.

ucli% fsdbDumpvars 0 "simulator.DCRFLI.DC_GEN\[14\].DC.CORE.i_miso"  +all +trace_process

ucli% fsdbDumpflush 
*Verdi* : Flush all FSDB Files at 0 ps.

ucli% fsdbDumpvars 0 "simulator.DCRFLI.DC_GEN\[14\].DC.CORE.o_cs_n"  +all +trace_process

ucli% fsdbDumpflush 
*Verdi* : Flush all FSDB Files at 0 ps.

ucli% fsdbDumpvars 0 "simulator.DCRFLI.DC_GEN\[14\].DC.CORE.o_ldac_n"  +all +trace_process

ucli% fsdbDumpflush 
*Verdi* : Flush all FSDB Files at 0 ps.

ucli% if {[catch {ucliCore::setFocus tool}]} {}

ucli% fsdbDumpvars 0 "simulator.DCRFLI.DC_GEN\[14\].DC.CORE.h"  +all +trace_process

ucli% fsdbDumpflush 
*Verdi* : Flush all FSDB Files at 0 ps.

ucli% fsdbDumpvars 0 "simulator.DCRFLI.DC_GEN\[14\].DC.CORE.o_next"  +all +trace_process

ucli% fsdbDumpflush 
*Verdi* : Flush all FSDB Files at 0 ps.

ucli% fsdbDumpvars 0 "simulator.DCRFLI.DC_GEN\[14\].DC.CORE.o_addr\[3:0\]"  +all +trace_process

ucli% fsdbDumpflush 
*Verdi* : Flush all FSDB Files at 0 ps.

ucli% fsdbDumpvars 0 "simulator.DCRFLI.DC_GEN\[14\].DC.CORE.o_iter\[9:0\]"  +all +trace_process

ucli% fsdbDumpflush 
*Verdi* : Flush all FSDB Files at 0 ps.

ucli% fsdbDumpvars 0 "simulator.DCRFLI.DC_GEN\[14\].DC.CORE.o_spi_din\[23:0\]"  +all +trace_process

ucli% fsdbDumpflush 
*Verdi* : Flush all FSDB Files at 0 ps.

ucli% fsdbDumpvars 0 "simulator.DCRFLI.DC_GEN\[14\].DC.CORE.o_spi_rd"  +all +trace_process

ucli% fsdbDumpflush 
*Verdi* : Flush all FSDB Files at 0 ps.

ucli% fsdbDumpvars 0 "simulator.DCRFLI.DC_GEN\[14\].DC.CORE.o_spi_dout\[23:0\]"  +all +trace_process

ucli% fsdbDumpflush 
*Verdi* : Flush all FSDB Files at 0 ps.

ucli% fsdbDumpvars 0 "simulator.DCRFLI.DC_GEN\[14\].DC.CORE.o_cycles_left\[29:0\]"  +all +trace_process

ucli% fsdbDumpflush 
*Verdi* : Flush all FSDB Files at 0 ps.

ucli% if {[catch {ucliCore::setFocus tool}]} {}

ucli% fsdbDumpvars 0 "simulator.DC_IO_GEN\[14\].DAC.valid_transaction"  +all +trace_process
*Verdi* : Dumping the signal (simulator.DC_IO_GEN[14].DAC.valid_transaction).

ucli% fsdbDumpflush 
*Verdi* : Flush all FSDB Files at 0 ps.

ucli% if {[catch {ucliCore::setFocus tool}]} {}

ucli% fsdbDumpvars 0 "simulator.DC_IO_GEN\[14\].DAC.input_shift_reg"  +all +trace_process
*Verdi* : Dumping the signal (simulator.DC_IO_GEN[14].DAC.input_shift_reg).

ucli% fsdbDumpflush 
*Verdi* : Flush all FSDB Files at 0 ps.

ucli% if {[catch {ucliCore::setFocus tool}]} {}

ucli% fsdbDumpvars 0 "simulator.DC_IO_GEN\[14\].DAC.rw"  +all +trace_process
*Verdi* : Dumping the signal (simulator.DC_IO_GEN[14].DAC.rw).

ucli% fsdbDumpflush 
*Verdi* : Flush all FSDB Files at 0 ps.

ucli% if {[catch {ucliCore::setFocus tool}]} {}

ucli% fsdbDumpvars 0 "simulator.DC_IO_GEN\[14\].DAC.addr"  +all +trace_process
*Verdi* : Dumping the signal (simulator.DC_IO_GEN[14].DAC.addr).

ucli% fsdbDumpflush 
*Verdi* : Flush all FSDB Files at 0 ps.

ucli% if {[catch {ucliCore::setFocus tool}]} {}

ucli% fsdbDumpvars 0 "simulator.DC_IO_GEN\[14\].DAC.data"  +all +trace_process
*Verdi* : Dumping the signal (simulator.DC_IO_GEN[14].DAC.data).

ucli% fsdbDumpflush 
*Verdi* : Flush all FSDB Files at 0 ps.

ucli% if {[catch {ucliCore::setFocus tool}]} {}

ucli% fsdbDumpvars 0 "simulator.DC_IO_GEN\[14\].DAC.rd_data"  +all +trace_process
*Verdi* : Dumping the signal (simulator.DC_IO_GEN[14].DAC.rd_data).

ucli% fsdbDumpflush 
*Verdi* : Flush all FSDB Files at 0 ps.

ucli% if {[catch {ucliCore::setFocus tool}]} {}

ucli% fsdbDumpvars 0 "simulator.DC_IO_GEN\[14\].DAC.SCLK"  +all +trace_process
*Verdi* : Dumping the signal (simulator.DC_IO_GEN[14].DAC.SCLK).

ucli% fsdbDumpflush 
*Verdi* : Flush all FSDB Files at 0 ps.

ucli% if {[catch {ucliCore::setFocus tool}]} {}

ucli% fsdbDumpvars 0 "simulator.DC_IO_GEN\[14\].DAC.SDIN"  +all +trace_process
*Verdi* : Dumping the signal (simulator.DC_IO_GEN[14].DAC.SDIN).

ucli% fsdbDumpflush 
*Verdi* : Flush all FSDB Files at 0 ps.

ucli% if {[catch {ucliCore::setFocus tool}]} {}

ucli% fsdbDumpvars 0 "simulator.DC_IO_GEN\[14\].DAC.SYNC_N"  +all +trace_process
*Verdi* : Dumping the signal (simulator.DC_IO_GEN[14].DAC.SYNC_N).

ucli% fsdbDumpflush 
*Verdi* : Flush all FSDB Files at 0 ps.

ucli% if {[catch {ucliCore::setFocus tool}]} {}

ucli% fsdbDumpvars 0 "simulator.DC_IO_GEN\[14\].DAC.SDO"  +all +trace_process
*Verdi* : Dumping the signal (simulator.DC_IO_GEN[14].DAC.SDO).

ucli% fsdbDumpflush 
*Verdi* : Flush all FSDB Files at 0 ps.

ucli% if {[catch {ucliCore::setFocus tool}]} {}

ucli% fsdbDumpvars 0 "simulator.DC_IO_GEN\[14\].DAC.LDAC_N"  +all +trace_process
*Verdi* : Dumping the signal (simulator.DC_IO_GEN[14].DAC.LDAC_N).

ucli% fsdbDumpflush 
*Verdi* : Flush all FSDB Files at 0 ps.

ucli% if {[catch {ucliCore::setFocus tool}]} {}

ucli% fsdbDumpvars 0 "simulator.DC_IO_GEN\[14\].DAC.CLR_N"  +all +trace_process
*Verdi* : Dumping the signal (simulator.DC_IO_GEN[14].DAC.CLR_N).

ucli% fsdbDumpflush 
*Verdi* : Flush all FSDB Files at 0 ps.

ucli% if {[catch {ucliCore::setFocus tool}]} {}

ucli% fsdbDumpvars 0 "simulator.DC_IO_GEN\[14\].DAC.RESET_N"  +all +trace_process
*Verdi* : Dumping the signal (simulator.DC_IO_GEN[14].DAC.RESET_N).

ucli% fsdbDumpflush 
*Verdi* : Flush all FSDB Files at 0 ps.

ucli% if {[catch {ucliCore::setFocus tool}]} {}

ucli% fsdbDumpvars 0 "simulator.DC_IO_GEN\[14\].DAC.dac_reg"  +all +trace_process
*Verdi* : Dumping the signal (simulator.DC_IO_GEN[14].DAC.dac_reg).

ucli% fsdbDumpflush 
*Verdi* : Flush all FSDB Files at 0 ps.

ucli% if {[catch {ucliCore::setFocus tool}]} {}

ucli% fsdbDumpvars 0 "simulator.DC_IO_GEN\[14\].DAC.ctrl_reg"  +all +trace_process
*Verdi* : Dumping the signal (simulator.DC_IO_GEN[14].DAC.ctrl_reg).

ucli% fsdbDumpflush 
*Verdi* : Flush all FSDB Files at 0 ps.

ucli% if {[catch {ucliCore::setFocus tool}]} {}

ucli% fsdbDumpvars 0 "simulator.DC_IO_GEN\[14\].DAC.clrcode_reg"  +all +trace_process
*Verdi* : Dumping the signal (simulator.DC_IO_GEN[14].DAC.clrcode_reg).

ucli% fsdbDumpflush 
*Verdi* : Flush all FSDB Files at 0 ps.

ucli% if {[catch {ucliCore::setFocus tool}]} {}

ucli% fsdbDumpvars 0 "simulator.DC_IO_GEN\[14\].DAC.sw_ctrl_reg"  +all +trace_process
*Verdi* : Dumping the signal (simulator.DC_IO_GEN[14].DAC.sw_ctrl_reg).

ucli% fsdbDumpflush 
*Verdi* : Flush all FSDB Files at 0 ps.

ucli% if {[catch {ucliCore::setFocus tool}]} {}

ucli% fsdbDumpvars 0 "simulator.DC_IO_GEN\[14\].DAC.dac_input_reg"  +all +trace_process
*Verdi* : Dumping the signal (simulator.DC_IO_GEN[14].DAC.dac_input_reg).

ucli% fsdbDumpflush 
*Verdi* : Flush all FSDB Files at 0 ps.

ucli% if {[catch {ucliCore::setFocus tool}]} {}

ucli% fsdbDumpvars 0 "simulator.DC_IO_GEN\[14\].DAC.SDODIS"  +all +trace_process
*Verdi* : Dumping the signal (simulator.DC_IO_GEN[14].DAC.SDODIS).

ucli% fsdbDumpflush 
*Verdi* : Flush all FSDB Files at 0 ps.

ucli% if {[catch {ucliCore::setFocus tool}]} {}

ucli% fsdbDumpvars 0 "simulator.DC_IO_GEN\[14\].DAC.DACTRI"  +all +trace_process
*Verdi* : Dumping the signal (simulator.DC_IO_GEN[14].DAC.DACTRI).

ucli% fsdbDumpflush 
*Verdi* : Flush all FSDB Files at 0 ps.

ucli% if {[catch {ucliCore::setFocus tool}]} {}

ucli% fsdbDumpvars 0 "simulator.DC_IO_GEN\[14\].DAC.OPGND"  +all +trace_process
*Verdi* : Dumping the signal (simulator.DC_IO_GEN[14].DAC.OPGND).

ucli% fsdbDumpflush 
*Verdi* : Flush all FSDB Files at 0 ps.

ucli% if {[catch {ucliCore::setFocus tool}]} {}

ucli% fsdbDumpvars 0 "simulator.DC_IO_GEN\[14\].DAC.VOUT"  +all +trace_process
*Verdi* : Dumping the signal (simulator.DC_IO_GEN[14].DAC.VOUT).

ucli% fsdbDumpflush 
*Verdi* : Flush all FSDB Files at 0 ps.

ucli% if {[catch {ucliCore::setFocus tool}]} {}

ucli% fsdbDumpvars 0 "simulator.DC_IO_GEN\[14\].DAC.VDIGITAL"  +all +trace_process
*Verdi* : Dumping the signal (simulator.DC_IO_GEN[14].DAC.VDIGITAL).

ucli% fsdbDumpflush 
*Verdi* : Flush all FSDB Files at 0 ps.

ucli% if {[catch {ucliCore::setFocus tool}]} {}

ucli% fsdbDumpvars 0 "simulator.DC_IO_GEN\[13\].REGS.AXIL_REGS.i_aclk"  +all +trace_process

ucli% fsdbDumpflush 
*Verdi* : Flush all FSDB Files at 0 ps.

ucli% fsdbDumpvars 0 "simulator.DC_IO_GEN\[13\].REGS.AXIL_REGS.i_aresetn"  +all +trace_process

ucli% fsdbDumpflush 
*Verdi* : Flush all FSDB Files at 0 ps.

ucli% fsdbDumpvars 0 "simulator.DC_IO_GEN\[13\].REGS.AXIL_REGS.r_regs\[0:31\]\[31:0\]"  +all +trace_process

ucli% fsdbDumpflush 
*Verdi* : Flush all FSDB Files at 0 ps.

ucli% fsdbDumpvars 0 "simulator.DC_IO_GEN\[13\].REGS.AXIL_REGS.o_regs\[0:31\]\[31:0\]"  +all +trace_process

ucli% fsdbDumpflush 
*Verdi* : Flush all FSDB Files at 0 ps.

ucli% if {[catch {ucliCore::setFocus tool}]} {}

ucli% fsdbDumpvars 0 "simulator.DC_IO_GEN\[13\].REGS.AXIL_REGS.o_awready"  +all +trace_process

ucli% fsdbDumpflush 
*Verdi* : Flush all FSDB Files at 0 ps.

ucli% fsdbDumpvars 0 "simulator.DC_IO_GEN\[13\].REGS.AXIL_REGS.i_awvalid"  +all +trace_process

ucli% fsdbDumpflush 
*Verdi* : Flush all FSDB Files at 0 ps.

ucli% fsdbDumpvars 0 "simulator.DC_IO_GEN\[13\].REGS.AXIL_REGS.i_awaddr\[6:0\]"  +all +trace_process

ucli% fsdbDumpflush 
*Verdi* : Flush all FSDB Files at 0 ps.

ucli% fsdbDumpvars 0 "simulator.DC_IO_GEN\[13\].REGS.AXIL_REGS.w_awireg\[4:0\]"  +all +trace_process

ucli% fsdbDumpflush 
*Verdi* : Flush all FSDB Files at 0 ps.

ucli% fsdbDumpvars 0 "simulator.DC_IO_GEN\[13\].REGS.AXIL_REGS.w_awls2b\[1:0\]"  +all +trace_process

ucli% fsdbDumpflush 
*Verdi* : Flush all FSDB Files at 0 ps.

ucli% if {[catch {ucliCore::setFocus tool}]} {}

ucli% fsdbDumpvars 0 "simulator.DC_IO_GEN\[13\].REGS.AXIL_REGS.o_wready"  +all +trace_process

ucli% fsdbDumpflush 
*Verdi* : Flush all FSDB Files at 0 ps.

ucli% fsdbDumpvars 0 "simulator.DC_IO_GEN\[13\].REGS.AXIL_REGS.i_wvalid"  +all +trace_process

ucli% fsdbDumpflush 
*Verdi* : Flush all FSDB Files at 0 ps.

ucli% fsdbDumpvars 0 "simulator.DC_IO_GEN\[13\].REGS.AXIL_REGS.i_wdata\[31:0\]"  +all +trace_process

ucli% fsdbDumpflush 
*Verdi* : Flush all FSDB Files at 0 ps.

ucli% fsdbDumpvars 0 "simulator.DC_IO_GEN\[13\].REGS.AXIL_REGS.i_wstrb\[3:0\]"  +all +trace_process

ucli% fsdbDumpflush 
*Verdi* : Flush all FSDB Files at 0 ps.

ucli% fsdbDumpvars 0 "simulator.DC_IO_GEN\[13\].REGS.AXIL_REGS.w_wdatastrb\[31:0\]"  +all +trace_process

ucli% fsdbDumpflush 
*Verdi* : Flush all FSDB Files at 0 ps.

ucli% if {[catch {ucliCore::setFocus tool}]} {}

ucli% fsdbDumpvars 0 "simulator.DC_IO_GEN\[13\].REGS.AXIL_REGS.i_bready"  +all +trace_process

ucli% fsdbDumpflush 
*Verdi* : Flush all FSDB Files at 0 ps.

ucli% fsdbDumpvars 0 "simulator.DC_IO_GEN\[13\].REGS.AXIL_REGS.o_bvalid"  +all +trace_process

ucli% fsdbDumpflush 
*Verdi* : Flush all FSDB Files at 0 ps.

ucli% fsdbDumpvars 0 "simulator.DC_IO_GEN\[13\].REGS.AXIL_REGS.o_bresp\[1:0\]"  +all +trace_process

ucli% fsdbDumpflush 
*Verdi* : Flush all FSDB Files at 0 ps.

ucli% if {[catch {ucliCore::setFocus tool}]} {}

ucli% fsdbDumpvars 0 "simulator.DC_IO_GEN\[13\].REGS.AXIL_REGS.o_arready"  +all +trace_process

ucli% fsdbDumpflush 
*Verdi* : Flush all FSDB Files at 0 ps.

ucli% fsdbDumpvars 0 "simulator.DC_IO_GEN\[13\].REGS.AXIL_REGS.i_arvalid"  +all +trace_process

ucli% fsdbDumpflush 
*Verdi* : Flush all FSDB Files at 0 ps.

ucli% fsdbDumpvars 0 "simulator.DC_IO_GEN\[13\].REGS.AXIL_REGS.i_araddr\[6:0\]"  +all +trace_process

ucli% fsdbDumpflush 
*Verdi* : Flush all FSDB Files at 0 ps.

ucli% fsdbDumpvars 0 "simulator.DC_IO_GEN\[13\].REGS.AXIL_REGS.w_arireg\[4:0\]"  +all +trace_process

ucli% fsdbDumpflush 
*Verdi* : Flush all FSDB Files at 0 ps.

ucli% fsdbDumpvars 0 "simulator.DC_IO_GEN\[13\].REGS.AXIL_REGS.w_arls2b\[1:0\]"  +all +trace_process

ucli% fsdbDumpflush 
*Verdi* : Flush all FSDB Files at 0 ps.

ucli% if {[catch {ucliCore::setFocus tool}]} {}

ucli% fsdbDumpvars 0 "simulator.DC_IO_GEN\[13\].REGS.AXIL_REGS.i_rready"  +all +trace_process

ucli% fsdbDumpflush 
*Verdi* : Flush all FSDB Files at 0 ps.

ucli% fsdbDumpvars 0 "simulator.DC_IO_GEN\[13\].REGS.AXIL_REGS.o_rvalid"  +all +trace_process

ucli% fsdbDumpflush 
*Verdi* : Flush all FSDB Files at 0 ps.

ucli% fsdbDumpvars 0 "simulator.DC_IO_GEN\[13\].REGS.AXIL_REGS.o_rdata\[31:0\]"  +all +trace_process

ucli% fsdbDumpflush 
*Verdi* : Flush all FSDB Files at 0 ps.

ucli% fsdbDumpvars 0 "simulator.DC_IO_GEN\[13\].REGS.AXIL_REGS.o_rresp\[1:0\]"  +all +trace_process

ucli% fsdbDumpflush 
*Verdi* : Flush all FSDB Files at 0 ps.

ucli% if {[catch {ucliCore::setFocus tool}]} {}

ucli% fsdbDumpvars 0 "simulator.DCRFLI.DC_GEN\[13\].DC.SEQ.i_clk"  +all +trace_process

ucli% fsdbDumpflush 
*Verdi* : Flush all FSDB Files at 0 ps.

ucli% fsdbDumpvars 0 "simulator.DCRFLI.DC_GEN\[13\].DC.SEQ.i_rst"  +all +trace_process

ucli% fsdbDumpflush 
*Verdi* : Flush all FSDB Files at 0 ps.

ucli% fsdbDumpvars 0 "simulator.DCRFLI.DC_GEN\[13\].DC.SEQ.w_propagate"  +all +trace_process

ucli% fsdbDumpflush 
*Verdi* : Flush all FSDB Files at 0 ps.

ucli% if {[catch {ucliCore::setFocus tool}]} {}

ucli% fsdbDumpvars 0 "simulator.DCRFLI.DC_GEN\[13\].DC.SEQ.i_regs\[0:31\]\[31:0\]"  +all +trace_process

ucli% fsdbDumpflush 
*Verdi* : Flush all FSDB Files at 0 ps.

ucli% fsdbDumpvars 0 "simulator.DCRFLI.DC_GEN\[13\].DC.SEQ.w_last0"  +all +trace_process

ucli% fsdbDumpflush 
*Verdi* : Flush all FSDB Files at 0 ps.

ucli% fsdbDumpvars 0 "simulator.DCRFLI.DC_GEN\[13\].DC.SEQ.w_last0_ff1"  +all +trace_process

ucli% fsdbDumpflush 
*Verdi* : Flush all FSDB Files at 0 ps.

ucli% fsdbDumpvars 0 "simulator.DCRFLI.DC_GEN\[13\].DC.SEQ.w_last0_ff2"  +all +trace_process

ucli% fsdbDumpflush 
*Verdi* : Flush all FSDB Files at 0 ps.

ucli% fsdbDumpvars 0 "simulator.DCRFLI.DC_GEN\[13\].DC.SEQ.w_new_sequence"  +all +trace_process

ucli% fsdbDumpflush 
*Verdi* : Flush all FSDB Files at 0 ps.

ucli% if {[catch {ucliCore::setFocus tool}]} {}

ucli% fsdbDumpvars 0 "simulator.DCRFLI.DC_GEN\[13\].DC.SEQ.r_sequence\[0:9\]\[91:0\]"  +all +trace_process

ucli% fsdbDumpflush 
*Verdi* : Flush all FSDB Files at 0 ps.

ucli% fsdbDumpvars 0 "simulator.DCRFLI.DC_GEN\[13\].DC.SEQ.r_iters\[10:0\]"  +all +trace_process

ucli% fsdbDumpflush 
*Verdi* : Flush all FSDB Files at 0 ps.

ucli% fsdbDumpvars 0 "simulator.DCRFLI.DC_GEN\[13\].DC.SEQ.r_iptr\[3:0\]"  +all +trace_process

ucli% fsdbDumpflush 
*Verdi* : Flush all FSDB Files at 0 ps.

ucli% fsdbDumpvars 0 "simulator.DCRFLI.DC_GEN\[13\].DC.SEQ.w_insn_fetch\[91:0\]"  +all +trace_process

ucli% fsdbDumpflush 
*Verdi* : Flush all FSDB Files at 0 ps.

ucli% fsdbDumpvars 0 "simulator.DCRFLI.DC_GEN\[13\].DC.SEQ.w_insn_bubble"  +all +trace_process

ucli% fsdbDumpflush 
*Verdi* : Flush all FSDB Files at 0 ps.

ucli% fsdbDumpvars 0 "simulator.DCRFLI.DC_GEN\[13\].DC.SEQ.w_iptr_plus1\[3:0\]"  +all +trace_process

ucli% fsdbDumpflush 
*Verdi* : Flush all FSDB Files at 0 ps.

ucli% fsdbDumpvars 0 "simulator.DCRFLI.DC_GEN\[13\].DC.SEQ.w_next_null"  +all +trace_process

ucli% fsdbDumpflush 
*Verdi* : Flush all FSDB Files at 0 ps.

ucli% if {[catch {ucliCore::setFocus tool}]} {}

ucli% fsdbDumpvars 0 "simulator.DCRFLI.DC_GEN\[13\].DC.SEQ.o_empty"  +all +trace_process

ucli% fsdbDumpflush 
*Verdi* : Flush all FSDB Files at 0 ps.

ucli% fsdbDumpvars 0 "simulator.DCRFLI.DC_GEN\[13\].DC.SEQ.i_next"  +all +trace_process

ucli% fsdbDumpflush 
*Verdi* : Flush all FSDB Files at 0 ps.

ucli% fsdbDumpvars 0 "simulator.DCRFLI.DC_GEN\[13\].DC.SEQ.o_addr\[3:0\]"  +all +trace_process

ucli% fsdbDumpflush 
*Verdi* : Flush all FSDB Files at 0 ps.

ucli% fsdbDumpvars 0 "simulator.DCRFLI.DC_GEN\[13\].DC.SEQ.o_insn\[91:0\]"  +all +trace_process

ucli% fsdbDumpflush 
*Verdi* : Flush all FSDB Files at 0 ps.

ucli% fsdbDumpvars 0 "simulator.DCRFLI.DC_GEN\[13\].DC.SEQ.r_iptr_modify\[3:0\]"  +all +trace_process

ucli% fsdbDumpflush 
*Verdi* : Flush all FSDB Files at 0 ps.

ucli% fsdbDumpvars 0 "simulator.DCRFLI.DC_GEN\[13\].DC.SEQ.i_insn_modified\[91:0\]"  +all +trace_process

ucli% fsdbDumpflush 
*Verdi* : Flush all FSDB Files at 0 ps.

ucli% if {[catch {ucliCore::setFocus tool}]} {}

ucli% fsdbDumpvars 0 "simulator.DCRFLI.DC_GEN\[13\].DC.CORE.i_clk"  +all +trace_process

ucli% fsdbDumpflush 
*Verdi* : Flush all FSDB Files at 0 ps.

ucli% fsdbDumpvars 0 "simulator.DCRFLI.DC_GEN\[13\].DC.CORE.i_rst"  +all +trace_process

ucli% fsdbDumpflush 
*Verdi* : Flush all FSDB Files at 0 ps.

ucli% fsdbDumpvars 0 "simulator.DCRFLI.DC_GEN\[13\].DC.CORE.w_stall"  +all +trace_process

ucli% fsdbDumpflush 
*Verdi* : Flush all FSDB Files at 0 ps.

ucli% if {[catch {ucliCore::setFocus tool}]} {}

ucli% fsdbDumpvars 0 "simulator.DCRFLI.DC_GEN\[13\].DC.CORE.d"  +all +trace_process

ucli% fsdbDumpflush 
*Verdi* : Flush all FSDB Files at 0 ps.

ucli% fsdbDumpvars 0 "simulator.DCRFLI.DC_GEN\[13\].DC.CORE.i_empty"  +all +trace_process

ucli% fsdbDumpflush 
*Verdi* : Flush all FSDB Files at 0 ps.

ucli% fsdbDumpvars 0 "simulator.DCRFLI.DC_GEN\[13\].DC.CORE.o_next"  +all +trace_process

ucli% fsdbDumpflush 
*Verdi* : Flush all FSDB Files at 0 ps.

ucli% fsdbDumpvars 0 "simulator.DCRFLI.DC_GEN\[13\].DC.CORE.i_addr\[3:0\]"  +all +trace_process

ucli% fsdbDumpflush 
*Verdi* : Flush all FSDB Files at 0 ps.

ucli% fsdbDumpvars 0 "simulator.DCRFLI.DC_GEN\[13\].DC.CORE.i_insn\[91:0\]"  +all +trace_process

ucli% fsdbDumpflush 
*Verdi* : Flush all FSDB Files at 0 ps.

ucli% fsdbDumpvars 0 "simulator.DCRFLI.DC_GEN\[13\].DC.CORE.o_insn_modified"  +all +trace_process

ucli% fsdbDumpflush 
*Verdi* : Flush all FSDB Files at 0 ps.

ucli% if {[catch {ucliCore::setFocus tool}]} {}

ucli% fsdbDumpvars 0 "simulator.DCRFLI.DC_GEN\[13\].DC.CORE.i"  +all +trace_process

ucli% fsdbDumpflush 
*Verdi* : Flush all FSDB Files at 0 ps.

ucli% if {[catch {ucliCore::setFocus tool}]} {}

ucli% fsdbDumpvars 0 "simulator.DCRFLI.DC_GEN\[13\].DC.CORE.s"  +all +trace_process

ucli% fsdbDumpflush 
*Verdi* : Flush all FSDB Files at 0 ps.

ucli% fsdbDumpvars 0 "simulator.DCRFLI.DC_GEN\[13\].DC.CORE.w_dvsr\[15:0\]"  +all +trace_process

ucli% fsdbDumpflush 
*Verdi* : Flush all FSDB Files at 0 ps.

ucli% fsdbDumpvars 0 "simulator.DCRFLI.DC_GEN\[13\].DC.CORE.w_spi_dout\[23:0\]"  +all +trace_process

ucli% fsdbDumpflush 
*Verdi* : Flush all FSDB Files at 0 ps.

ucli% fsdbDumpvars 0 "simulator.DCRFLI.DC_GEN\[13\].DC.CORE.w_spi_done"  +all +trace_process

ucli% fsdbDumpflush 
*Verdi* : Flush all FSDB Files at 0 ps.

ucli% fsdbDumpvars 0 "simulator.DCRFLI.DC_GEN\[13\].DC.CORE.o_armed"  +all +trace_process

ucli% fsdbDumpflush 
*Verdi* : Flush all FSDB Files at 0 ps.

ucli% fsdbDumpvars 0 "simulator.DCRFLI.DC_GEN\[13\].DC.CORE.i_start"  +all +trace_process

ucli% fsdbDumpflush 
*Verdi* : Flush all FSDB Files at 0 ps.

ucli% if {[catch {ucliCore::setFocus tool}]} {}

ucli% fsdbDumpvars 0 "simulator.DCRFLI.DC_GEN\[13\].DC.CORE.o_sclk"  +all +trace_process

ucli% fsdbDumpflush 
*Verdi* : Flush all FSDB Files at 0 ps.

ucli% fsdbDumpvars 0 "simulator.DCRFLI.DC_GEN\[13\].DC.CORE.o_mosi"  +all +trace_process

ucli% fsdbDumpflush 
*Verdi* : Flush all FSDB Files at 0 ps.

ucli% fsdbDumpvars 0 "simulator.DCRFLI.DC_GEN\[13\].DC.CORE.i_miso"  +all +trace_process

ucli% fsdbDumpflush 
*Verdi* : Flush all FSDB Files at 0 ps.

ucli% fsdbDumpvars 0 "simulator.DCRFLI.DC_GEN\[13\].DC.CORE.o_cs_n"  +all +trace_process

ucli% fsdbDumpflush 
*Verdi* : Flush all FSDB Files at 0 ps.

ucli% fsdbDumpvars 0 "simulator.DCRFLI.DC_GEN\[13\].DC.CORE.o_ldac_n"  +all +trace_process

ucli% fsdbDumpflush 
*Verdi* : Flush all FSDB Files at 0 ps.

ucli% if {[catch {ucliCore::setFocus tool}]} {}

ucli% fsdbDumpvars 0 "simulator.DCRFLI.DC_GEN\[13\].DC.CORE.h"  +all +trace_process

ucli% fsdbDumpflush 
*Verdi* : Flush all FSDB Files at 0 ps.

ucli% fsdbDumpvars 0 "simulator.DCRFLI.DC_GEN\[13\].DC.CORE.o_next"  +all +trace_process

ucli% fsdbDumpflush 
*Verdi* : Flush all FSDB Files at 0 ps.

ucli% fsdbDumpvars 0 "simulator.DCRFLI.DC_GEN\[13\].DC.CORE.o_addr\[3:0\]"  +all +trace_process

ucli% fsdbDumpflush 
*Verdi* : Flush all FSDB Files at 0 ps.

ucli% fsdbDumpvars 0 "simulator.DCRFLI.DC_GEN\[13\].DC.CORE.o_iter\[9:0\]"  +all +trace_process

ucli% fsdbDumpflush 
*Verdi* : Flush all FSDB Files at 0 ps.

ucli% fsdbDumpvars 0 "simulator.DCRFLI.DC_GEN\[13\].DC.CORE.o_spi_din\[23:0\]"  +all +trace_process

ucli% fsdbDumpflush 
*Verdi* : Flush all FSDB Files at 0 ps.

ucli% fsdbDumpvars 0 "simulator.DCRFLI.DC_GEN\[13\].DC.CORE.o_spi_rd"  +all +trace_process

ucli% fsdbDumpflush 
*Verdi* : Flush all FSDB Files at 0 ps.

ucli% fsdbDumpvars 0 "simulator.DCRFLI.DC_GEN\[13\].DC.CORE.o_spi_dout\[23:0\]"  +all +trace_process

ucli% fsdbDumpflush 
*Verdi* : Flush all FSDB Files at 0 ps.

ucli% fsdbDumpvars 0 "simulator.DCRFLI.DC_GEN\[13\].DC.CORE.o_cycles_left\[29:0\]"  +all +trace_process

ucli% fsdbDumpflush 
*Verdi* : Flush all FSDB Files at 0 ps.

ucli% if {[catch {ucliCore::setFocus tool}]} {}

ucli% fsdbDumpvars 0 "simulator.DC_IO_GEN\[13\].DAC.valid_transaction"  +all +trace_process
*Verdi* : Dumping the signal (simulator.DC_IO_GEN[13].DAC.valid_transaction).

ucli% fsdbDumpflush 
*Verdi* : Flush all FSDB Files at 0 ps.

ucli% if {[catch {ucliCore::setFocus tool}]} {}

ucli% fsdbDumpvars 0 "simulator.DC_IO_GEN\[13\].DAC.input_shift_reg"  +all +trace_process
*Verdi* : Dumping the signal (simulator.DC_IO_GEN[13].DAC.input_shift_reg).

ucli% fsdbDumpflush 
*Verdi* : Flush all FSDB Files at 0 ps.

ucli% if {[catch {ucliCore::setFocus tool}]} {}

ucli% fsdbDumpvars 0 "simulator.DC_IO_GEN\[13\].DAC.rw"  +all +trace_process
*Verdi* : Dumping the signal (simulator.DC_IO_GEN[13].DAC.rw).

ucli% fsdbDumpflush 
*Verdi* : Flush all FSDB Files at 0 ps.

ucli% if {[catch {ucliCore::setFocus tool}]} {}

ucli% fsdbDumpvars 0 "simulator.DC_IO_GEN\[13\].DAC.addr"  +all +trace_process
*Verdi* : Dumping the signal (simulator.DC_IO_GEN[13].DAC.addr).

ucli% fsdbDumpflush 
*Verdi* : Flush all FSDB Files at 0 ps.

ucli% if {[catch {ucliCore::setFocus tool}]} {}

ucli% fsdbDumpvars 0 "simulator.DC_IO_GEN\[13\].DAC.data"  +all +trace_process
*Verdi* : Dumping the signal (simulator.DC_IO_GEN[13].DAC.data).

ucli% fsdbDumpflush 
*Verdi* : Flush all FSDB Files at 0 ps.

ucli% if {[catch {ucliCore::setFocus tool}]} {}

ucli% fsdbDumpvars 0 "simulator.DC_IO_GEN\[13\].DAC.rd_data"  +all +trace_process
*Verdi* : Dumping the signal (simulator.DC_IO_GEN[13].DAC.rd_data).

ucli% fsdbDumpflush 
*Verdi* : Flush all FSDB Files at 0 ps.

ucli% if {[catch {ucliCore::setFocus tool}]} {}

ucli% fsdbDumpvars 0 "simulator.DC_IO_GEN\[13\].DAC.SCLK"  +all +trace_process
*Verdi* : Dumping the signal (simulator.DC_IO_GEN[13].DAC.SCLK).

ucli% fsdbDumpflush 
*Verdi* : Flush all FSDB Files at 0 ps.

ucli% if {[catch {ucliCore::setFocus tool}]} {}

ucli% fsdbDumpvars 0 "simulator.DC_IO_GEN\[13\].DAC.SDIN"  +all +trace_process
*Verdi* : Dumping the signal (simulator.DC_IO_GEN[13].DAC.SDIN).

ucli% fsdbDumpflush 
*Verdi* : Flush all FSDB Files at 0 ps.

ucli% if {[catch {ucliCore::setFocus tool}]} {}

ucli% fsdbDumpvars 0 "simulator.DC_IO_GEN\[13\].DAC.SYNC_N"  +all +trace_process
*Verdi* : Dumping the signal (simulator.DC_IO_GEN[13].DAC.SYNC_N).

ucli% fsdbDumpflush 
*Verdi* : Flush all FSDB Files at 0 ps.

ucli% if {[catch {ucliCore::setFocus tool}]} {}

ucli% fsdbDumpvars 0 "simulator.DC_IO_GEN\[13\].DAC.SDO"  +all +trace_process
*Verdi* : Dumping the signal (simulator.DC_IO_GEN[13].DAC.SDO).

ucli% fsdbDumpflush 
*Verdi* : Flush all FSDB Files at 0 ps.

ucli% if {[catch {ucliCore::setFocus tool}]} {}

ucli% fsdbDumpvars 0 "simulator.DC_IO_GEN\[13\].DAC.LDAC_N"  +all +trace_process
*Verdi* : Dumping the signal (simulator.DC_IO_GEN[13].DAC.LDAC_N).

ucli% fsdbDumpflush 
*Verdi* : Flush all FSDB Files at 0 ps.

ucli% if {[catch {ucliCore::setFocus tool}]} {}

ucli% fsdbDumpvars 0 "simulator.DC_IO_GEN\[13\].DAC.CLR_N"  +all +trace_process
*Verdi* : Dumping the signal (simulator.DC_IO_GEN[13].DAC.CLR_N).

ucli% fsdbDumpflush 
*Verdi* : Flush all FSDB Files at 0 ps.

ucli% if {[catch {ucliCore::setFocus tool}]} {}

ucli% fsdbDumpvars 0 "simulator.DC_IO_GEN\[13\].DAC.RESET_N"  +all +trace_process
*Verdi* : Dumping the signal (simulator.DC_IO_GEN[13].DAC.RESET_N).

ucli% fsdbDumpflush 
*Verdi* : Flush all FSDB Files at 0 ps.

ucli% if {[catch {ucliCore::setFocus tool}]} {}

ucli% fsdbDumpvars 0 "simulator.DC_IO_GEN\[13\].DAC.dac_reg"  +all +trace_process
*Verdi* : Dumping the signal (simulator.DC_IO_GEN[13].DAC.dac_reg).

ucli% fsdbDumpflush 
*Verdi* : Flush all FSDB Files at 0 ps.

ucli% if {[catch {ucliCore::setFocus tool}]} {}

ucli% fsdbDumpvars 0 "simulator.DC_IO_GEN\[13\].DAC.ctrl_reg"  +all +trace_process
*Verdi* : Dumping the signal (simulator.DC_IO_GEN[13].DAC.ctrl_reg).

ucli% fsdbDumpflush 
*Verdi* : Flush all FSDB Files at 0 ps.

ucli% if {[catch {ucliCore::setFocus tool}]} {}

ucli% fsdbDumpvars 0 "simulator.DC_IO_GEN\[13\].DAC.clrcode_reg"  +all +trace_process
*Verdi* : Dumping the signal (simulator.DC_IO_GEN[13].DAC.clrcode_reg).

ucli% fsdbDumpflush 
*Verdi* : Flush all FSDB Files at 0 ps.

ucli% if {[catch {ucliCore::setFocus tool}]} {}

ucli% fsdbDumpvars 0 "simulator.DC_IO_GEN\[13\].DAC.sw_ctrl_reg"  +all +trace_process
*Verdi* : Dumping the signal (simulator.DC_IO_GEN[13].DAC.sw_ctrl_reg).

ucli% fsdbDumpflush 
*Verdi* : Flush all FSDB Files at 0 ps.

ucli% if {[catch {ucliCore::setFocus tool}]} {}

ucli% fsdbDumpvars 0 "simulator.DC_IO_GEN\[13\].DAC.dac_input_reg"  +all +trace_process
*Verdi* : Dumping the signal (simulator.DC_IO_GEN[13].DAC.dac_input_reg).

ucli% fsdbDumpflush 
*Verdi* : Flush all FSDB Files at 0 ps.

ucli% if {[catch {ucliCore::setFocus tool}]} {}

ucli% fsdbDumpvars 0 "simulator.DC_IO_GEN\[13\].DAC.SDODIS"  +all +trace_process
*Verdi* : Dumping the signal (simulator.DC_IO_GEN[13].DAC.SDODIS).

ucli% fsdbDumpflush 
*Verdi* : Flush all FSDB Files at 0 ps.

ucli% if {[catch {ucliCore::setFocus tool}]} {}

ucli% fsdbDumpvars 0 "simulator.DC_IO_GEN\[13\].DAC.DACTRI"  +all +trace_process
*Verdi* : Dumping the signal (simulator.DC_IO_GEN[13].DAC.DACTRI).

ucli% fsdbDumpflush 
*Verdi* : Flush all FSDB Files at 0 ps.

ucli% if {[catch {ucliCore::setFocus tool}]} {}

ucli% fsdbDumpvars 0 "simulator.DC_IO_GEN\[13\].DAC.OPGND"  +all +trace_process
*Verdi* : Dumping the signal (simulator.DC_IO_GEN[13].DAC.OPGND).

ucli% fsdbDumpflush 
*Verdi* : Flush all FSDB Files at 0 ps.

ucli% if {[catch {ucliCore::setFocus tool}]} {}

ucli% fsdbDumpvars 0 "simulator.DC_IO_GEN\[13\].DAC.VOUT"  +all +trace_process
*Verdi* : Dumping the signal (simulator.DC_IO_GEN[13].DAC.VOUT).

ucli% fsdbDumpflush 
*Verdi* : Flush all FSDB Files at 0 ps.

ucli% if {[catch {ucliCore::setFocus tool}]} {}

ucli% fsdbDumpvars 0 "simulator.DC_IO_GEN\[13\].DAC.VDIGITAL"  +all +trace_process
*Verdi* : Dumping the signal (simulator.DC_IO_GEN[13].DAC.VDIGITAL).

ucli% fsdbDumpflush 
*Verdi* : Flush all FSDB Files at 0 ps.

ucli% if {[catch {ucliCore::setFocus tool}]} {}

ucli% fsdbDumpvars 0 "simulator.DC_IO_GEN\[12\].REGS.AXIL_REGS.i_aclk"  +all +trace_process

ucli% fsdbDumpflush 
*Verdi* : Flush all FSDB Files at 0 ps.

ucli% fsdbDumpvars 0 "simulator.DC_IO_GEN\[12\].REGS.AXIL_REGS.i_aresetn"  +all +trace_process

ucli% fsdbDumpflush 
*Verdi* : Flush all FSDB Files at 0 ps.

ucli% fsdbDumpvars 0 "simulator.DC_IO_GEN\[12\].REGS.AXIL_REGS.r_regs\[0:31\]\[31:0\]"  +all +trace_process

ucli% fsdbDumpflush 
*Verdi* : Flush all FSDB Files at 0 ps.

ucli% fsdbDumpvars 0 "simulator.DC_IO_GEN\[12\].REGS.AXIL_REGS.o_regs\[0:31\]\[31:0\]"  +all +trace_process

ucli% fsdbDumpflush 
*Verdi* : Flush all FSDB Files at 0 ps.

ucli% if {[catch {ucliCore::setFocus tool}]} {}

ucli% fsdbDumpvars 0 "simulator.DC_IO_GEN\[12\].REGS.AXIL_REGS.o_awready"  +all +trace_process

ucli% fsdbDumpflush 
*Verdi* : Flush all FSDB Files at 0 ps.

ucli% fsdbDumpvars 0 "simulator.DC_IO_GEN\[12\].REGS.AXIL_REGS.i_awvalid"  +all +trace_process

ucli% fsdbDumpflush 
*Verdi* : Flush all FSDB Files at 0 ps.

ucli% fsdbDumpvars 0 "simulator.DC_IO_GEN\[12\].REGS.AXIL_REGS.i_awaddr\[6:0\]"  +all +trace_process

ucli% fsdbDumpflush 
*Verdi* : Flush all FSDB Files at 0 ps.

ucli% fsdbDumpvars 0 "simulator.DC_IO_GEN\[12\].REGS.AXIL_REGS.w_awireg\[4:0\]"  +all +trace_process

ucli% fsdbDumpflush 
*Verdi* : Flush all FSDB Files at 0 ps.

ucli% fsdbDumpvars 0 "simulator.DC_IO_GEN\[12\].REGS.AXIL_REGS.w_awls2b\[1:0\]"  +all +trace_process

ucli% fsdbDumpflush 
*Verdi* : Flush all FSDB Files at 0 ps.

ucli% if {[catch {ucliCore::setFocus tool}]} {}

ucli% fsdbDumpvars 0 "simulator.DC_IO_GEN\[12\].REGS.AXIL_REGS.o_wready"  +all +trace_process

ucli% fsdbDumpflush 
*Verdi* : Flush all FSDB Files at 0 ps.

ucli% fsdbDumpvars 0 "simulator.DC_IO_GEN\[12\].REGS.AXIL_REGS.i_wvalid"  +all +trace_process

ucli% fsdbDumpflush 
*Verdi* : Flush all FSDB Files at 0 ps.

ucli% fsdbDumpvars 0 "simulator.DC_IO_GEN\[12\].REGS.AXIL_REGS.i_wdata\[31:0\]"  +all +trace_process

ucli% fsdbDumpflush 
*Verdi* : Flush all FSDB Files at 0 ps.

ucli% fsdbDumpvars 0 "simulator.DC_IO_GEN\[12\].REGS.AXIL_REGS.i_wstrb\[3:0\]"  +all +trace_process

ucli% fsdbDumpflush 
*Verdi* : Flush all FSDB Files at 0 ps.

ucli% fsdbDumpvars 0 "simulator.DC_IO_GEN\[12\].REGS.AXIL_REGS.w_wdatastrb\[31:0\]"  +all +trace_process

ucli% fsdbDumpflush 
*Verdi* : Flush all FSDB Files at 0 ps.

ucli% if {[catch {ucliCore::setFocus tool}]} {}

ucli% fsdbDumpvars 0 "simulator.DC_IO_GEN\[12\].REGS.AXIL_REGS.i_bready"  +all +trace_process

ucli% fsdbDumpflush 
*Verdi* : Flush all FSDB Files at 0 ps.

ucli% fsdbDumpvars 0 "simulator.DC_IO_GEN\[12\].REGS.AXIL_REGS.o_bvalid"  +all +trace_process

ucli% fsdbDumpflush 
*Verdi* : Flush all FSDB Files at 0 ps.

ucli% fsdbDumpvars 0 "simulator.DC_IO_GEN\[12\].REGS.AXIL_REGS.o_bresp\[1:0\]"  +all +trace_process

ucli% fsdbDumpflush 
*Verdi* : Flush all FSDB Files at 0 ps.

ucli% if {[catch {ucliCore::setFocus tool}]} {}

ucli% fsdbDumpvars 0 "simulator.DC_IO_GEN\[12\].REGS.AXIL_REGS.o_arready"  +all +trace_process

ucli% fsdbDumpflush 
*Verdi* : Flush all FSDB Files at 0 ps.

ucli% fsdbDumpvars 0 "simulator.DC_IO_GEN\[12\].REGS.AXIL_REGS.i_arvalid"  +all +trace_process

ucli% fsdbDumpflush 
*Verdi* : Flush all FSDB Files at 0 ps.

ucli% fsdbDumpvars 0 "simulator.DC_IO_GEN\[12\].REGS.AXIL_REGS.i_araddr\[6:0\]"  +all +trace_process

ucli% fsdbDumpflush 
*Verdi* : Flush all FSDB Files at 0 ps.

ucli% fsdbDumpvars 0 "simulator.DC_IO_GEN\[12\].REGS.AXIL_REGS.w_arireg\[4:0\]"  +all +trace_process

ucli% fsdbDumpflush 
*Verdi* : Flush all FSDB Files at 0 ps.

ucli% fsdbDumpvars 0 "simulator.DC_IO_GEN\[12\].REGS.AXIL_REGS.w_arls2b\[1:0\]"  +all +trace_process

ucli% fsdbDumpflush 
*Verdi* : Flush all FSDB Files at 0 ps.

ucli% if {[catch {ucliCore::setFocus tool}]} {}

ucli% fsdbDumpvars 0 "simulator.DC_IO_GEN\[12\].REGS.AXIL_REGS.i_rready"  +all +trace_process

ucli% fsdbDumpflush 
*Verdi* : Flush all FSDB Files at 0 ps.

ucli% fsdbDumpvars 0 "simulator.DC_IO_GEN\[12\].REGS.AXIL_REGS.o_rvalid"  +all +trace_process

ucli% fsdbDumpflush 
*Verdi* : Flush all FSDB Files at 0 ps.

ucli% fsdbDumpvars 0 "simulator.DC_IO_GEN\[12\].REGS.AXIL_REGS.o_rdata\[31:0\]"  +all +trace_process

ucli% fsdbDumpflush 
*Verdi* : Flush all FSDB Files at 0 ps.

ucli% fsdbDumpvars 0 "simulator.DC_IO_GEN\[12\].REGS.AXIL_REGS.o_rresp\[1:0\]"  +all +trace_process

ucli% fsdbDumpflush 
*Verdi* : Flush all FSDB Files at 0 ps.

ucli% if {[catch {ucliCore::setFocus tool}]} {}

ucli% fsdbDumpvars 0 "simulator.DCRFLI.DC_GEN\[12\].DC.SEQ.i_clk"  +all +trace_process

ucli% fsdbDumpflush 
*Verdi* : Flush all FSDB Files at 0 ps.

ucli% fsdbDumpvars 0 "simulator.DCRFLI.DC_GEN\[12\].DC.SEQ.i_rst"  +all +trace_process

ucli% fsdbDumpflush 
*Verdi* : Flush all FSDB Files at 0 ps.

ucli% fsdbDumpvars 0 "simulator.DCRFLI.DC_GEN\[12\].DC.SEQ.w_propagate"  +all +trace_process

ucli% fsdbDumpflush 
*Verdi* : Flush all FSDB Files at 0 ps.

ucli% if {[catch {ucliCore::setFocus tool}]} {}

ucli% fsdbDumpvars 0 "simulator.DCRFLI.DC_GEN\[12\].DC.SEQ.i_regs\[0:31\]\[31:0\]"  +all +trace_process

ucli% fsdbDumpflush 
*Verdi* : Flush all FSDB Files at 0 ps.

ucli% fsdbDumpvars 0 "simulator.DCRFLI.DC_GEN\[12\].DC.SEQ.w_last0"  +all +trace_process

ucli% fsdbDumpflush 
*Verdi* : Flush all FSDB Files at 0 ps.

ucli% fsdbDumpvars 0 "simulator.DCRFLI.DC_GEN\[12\].DC.SEQ.w_last0_ff1"  +all +trace_process

ucli% fsdbDumpflush 
*Verdi* : Flush all FSDB Files at 0 ps.

ucli% fsdbDumpvars 0 "simulator.DCRFLI.DC_GEN\[12\].DC.SEQ.w_last0_ff2"  +all +trace_process

ucli% fsdbDumpflush 
*Verdi* : Flush all FSDB Files at 0 ps.

ucli% fsdbDumpvars 0 "simulator.DCRFLI.DC_GEN\[12\].DC.SEQ.w_new_sequence"  +all +trace_process

ucli% fsdbDumpflush 
*Verdi* : Flush all FSDB Files at 0 ps.

ucli% if {[catch {ucliCore::setFocus tool}]} {}

ucli% fsdbDumpvars 0 "simulator.DCRFLI.DC_GEN\[12\].DC.SEQ.r_sequence\[0:9\]\[91:0\]"  +all +trace_process

ucli% fsdbDumpflush 
*Verdi* : Flush all FSDB Files at 0 ps.

ucli% fsdbDumpvars 0 "simulator.DCRFLI.DC_GEN\[12\].DC.SEQ.r_iters\[10:0\]"  +all +trace_process

ucli% fsdbDumpflush 
*Verdi* : Flush all FSDB Files at 0 ps.

ucli% fsdbDumpvars 0 "simulator.DCRFLI.DC_GEN\[12\].DC.SEQ.r_iptr\[3:0\]"  +all +trace_process

ucli% fsdbDumpflush 
*Verdi* : Flush all FSDB Files at 0 ps.

ucli% fsdbDumpvars 0 "simulator.DCRFLI.DC_GEN\[12\].DC.SEQ.w_insn_fetch\[91:0\]"  +all +trace_process

ucli% fsdbDumpflush 
*Verdi* : Flush all FSDB Files at 0 ps.

ucli% fsdbDumpvars 0 "simulator.DCRFLI.DC_GEN\[12\].DC.SEQ.w_insn_bubble"  +all +trace_process

ucli% fsdbDumpflush 
*Verdi* : Flush all FSDB Files at 0 ps.

ucli% fsdbDumpvars 0 "simulator.DCRFLI.DC_GEN\[12\].DC.SEQ.w_iptr_plus1\[3:0\]"  +all +trace_process

ucli% fsdbDumpflush 
*Verdi* : Flush all FSDB Files at 0 ps.

ucli% fsdbDumpvars 0 "simulator.DCRFLI.DC_GEN\[12\].DC.SEQ.w_next_null"  +all +trace_process

ucli% fsdbDumpflush 
*Verdi* : Flush all FSDB Files at 0 ps.

ucli% if {[catch {ucliCore::setFocus tool}]} {}

ucli% fsdbDumpvars 0 "simulator.DCRFLI.DC_GEN\[12\].DC.SEQ.o_empty"  +all +trace_process

ucli% fsdbDumpflush 
*Verdi* : Flush all FSDB Files at 0 ps.

ucli% fsdbDumpvars 0 "simulator.DCRFLI.DC_GEN\[12\].DC.SEQ.i_next"  +all +trace_process

ucli% fsdbDumpflush 
*Verdi* : Flush all FSDB Files at 0 ps.

ucli% fsdbDumpvars 0 "simulator.DCRFLI.DC_GEN\[12\].DC.SEQ.o_addr\[3:0\]"  +all +trace_process

ucli% fsdbDumpflush 
*Verdi* : Flush all FSDB Files at 0 ps.

ucli% fsdbDumpvars 0 "simulator.DCRFLI.DC_GEN\[12\].DC.SEQ.o_insn\[91:0\]"  +all +trace_process

ucli% fsdbDumpflush 
*Verdi* : Flush all FSDB Files at 0 ps.

ucli% fsdbDumpvars 0 "simulator.DCRFLI.DC_GEN\[12\].DC.SEQ.r_iptr_modify\[3:0\]"  +all +trace_process

ucli% fsdbDumpflush 
*Verdi* : Flush all FSDB Files at 0 ps.

ucli% fsdbDumpvars 0 "simulator.DCRFLI.DC_GEN\[12\].DC.SEQ.i_insn_modified\[91:0\]"  +all +trace_process

ucli% fsdbDumpflush 
*Verdi* : Flush all FSDB Files at 0 ps.

ucli% if {[catch {ucliCore::setFocus tool}]} {}

ucli% fsdbDumpvars 0 "simulator.DCRFLI.DC_GEN\[12\].DC.CORE.i_clk"  +all +trace_process

ucli% fsdbDumpflush 
*Verdi* : Flush all FSDB Files at 0 ps.

ucli% fsdbDumpvars 0 "simulator.DCRFLI.DC_GEN\[12\].DC.CORE.i_rst"  +all +trace_process

ucli% fsdbDumpflush 
*Verdi* : Flush all FSDB Files at 0 ps.

ucli% fsdbDumpvars 0 "simulator.DCRFLI.DC_GEN\[12\].DC.CORE.w_stall"  +all +trace_process

ucli% fsdbDumpflush 
*Verdi* : Flush all FSDB Files at 0 ps.

ucli% if {[catch {ucliCore::setFocus tool}]} {}

ucli% fsdbDumpvars 0 "simulator.DCRFLI.DC_GEN\[12\].DC.CORE.d"  +all +trace_process

ucli% fsdbDumpflush 
*Verdi* : Flush all FSDB Files at 0 ps.

ucli% fsdbDumpvars 0 "simulator.DCRFLI.DC_GEN\[12\].DC.CORE.i_empty"  +all +trace_process

ucli% fsdbDumpflush 
*Verdi* : Flush all FSDB Files at 0 ps.

ucli% fsdbDumpvars 0 "simulator.DCRFLI.DC_GEN\[12\].DC.CORE.o_next"  +all +trace_process

ucli% fsdbDumpflush 
*Verdi* : Flush all FSDB Files at 0 ps.

ucli% fsdbDumpvars 0 "simulator.DCRFLI.DC_GEN\[12\].DC.CORE.i_addr\[3:0\]"  +all +trace_process

ucli% fsdbDumpflush 
*Verdi* : Flush all FSDB Files at 0 ps.

ucli% fsdbDumpvars 0 "simulator.DCRFLI.DC_GEN\[12\].DC.CORE.i_insn\[91:0\]"  +all +trace_process

ucli% fsdbDumpflush 
*Verdi* : Flush all FSDB Files at 0 ps.

ucli% fsdbDumpvars 0 "simulator.DCRFLI.DC_GEN\[12\].DC.CORE.o_insn_modified"  +all +trace_process

ucli% fsdbDumpflush 
*Verdi* : Flush all FSDB Files at 0 ps.

ucli% if {[catch {ucliCore::setFocus tool}]} {}

ucli% fsdbDumpvars 0 "simulator.DCRFLI.DC_GEN\[12\].DC.CORE.i"  +all +trace_process

ucli% fsdbDumpflush 
*Verdi* : Flush all FSDB Files at 0 ps.

ucli% if {[catch {ucliCore::setFocus tool}]} {}

ucli% fsdbDumpvars 0 "simulator.DCRFLI.DC_GEN\[12\].DC.CORE.s"  +all +trace_process

ucli% fsdbDumpflush 
*Verdi* : Flush all FSDB Files at 0 ps.

ucli% fsdbDumpvars 0 "simulator.DCRFLI.DC_GEN\[12\].DC.CORE.w_dvsr\[15:0\]"  +all +trace_process

ucli% fsdbDumpflush 
*Verdi* : Flush all FSDB Files at 0 ps.

ucli% fsdbDumpvars 0 "simulator.DCRFLI.DC_GEN\[12\].DC.CORE.w_spi_dout\[23:0\]"  +all +trace_process

ucli% fsdbDumpflush 
*Verdi* : Flush all FSDB Files at 0 ps.

ucli% fsdbDumpvars 0 "simulator.DCRFLI.DC_GEN\[12\].DC.CORE.w_spi_done"  +all +trace_process

ucli% fsdbDumpflush 
*Verdi* : Flush all FSDB Files at 0 ps.

ucli% fsdbDumpvars 0 "simulator.DCRFLI.DC_GEN\[12\].DC.CORE.o_armed"  +all +trace_process

ucli% fsdbDumpflush 
*Verdi* : Flush all FSDB Files at 0 ps.

ucli% fsdbDumpvars 0 "simulator.DCRFLI.DC_GEN\[12\].DC.CORE.i_start"  +all +trace_process

ucli% fsdbDumpflush 
*Verdi* : Flush all FSDB Files at 0 ps.

ucli% if {[catch {ucliCore::setFocus tool}]} {}

ucli% fsdbDumpvars 0 "simulator.DCRFLI.DC_GEN\[12\].DC.CORE.o_sclk"  +all +trace_process

ucli% fsdbDumpflush 
*Verdi* : Flush all FSDB Files at 0 ps.

ucli% fsdbDumpvars 0 "simulator.DCRFLI.DC_GEN\[12\].DC.CORE.o_mosi"  +all +trace_process

ucli% fsdbDumpflush 
*Verdi* : Flush all FSDB Files at 0 ps.

ucli% fsdbDumpvars 0 "simulator.DCRFLI.DC_GEN\[12\].DC.CORE.i_miso"  +all +trace_process

ucli% fsdbDumpflush 
*Verdi* : Flush all FSDB Files at 0 ps.

ucli% fsdbDumpvars 0 "simulator.DCRFLI.DC_GEN\[12\].DC.CORE.o_cs_n"  +all +trace_process

ucli% fsdbDumpflush 
*Verdi* : Flush all FSDB Files at 0 ps.

ucli% fsdbDumpvars 0 "simulator.DCRFLI.DC_GEN\[12\].DC.CORE.o_ldac_n"  +all +trace_process

ucli% fsdbDumpflush 
*Verdi* : Flush all FSDB Files at 0 ps.

ucli% if {[catch {ucliCore::setFocus tool}]} {}

ucli% fsdbDumpvars 0 "simulator.DCRFLI.DC_GEN\[12\].DC.CORE.h"  +all +trace_process

ucli% fsdbDumpflush 
*Verdi* : Flush all FSDB Files at 0 ps.

ucli% fsdbDumpvars 0 "simulator.DCRFLI.DC_GEN\[12\].DC.CORE.o_next"  +all +trace_process

ucli% fsdbDumpflush 
*Verdi* : Flush all FSDB Files at 0 ps.

ucli% fsdbDumpvars 0 "simulator.DCRFLI.DC_GEN\[12\].DC.CORE.o_addr\[3:0\]"  +all +trace_process

ucli% fsdbDumpflush 
*Verdi* : Flush all FSDB Files at 0 ps.

ucli% fsdbDumpvars 0 "simulator.DCRFLI.DC_GEN\[12\].DC.CORE.o_iter\[9:0\]"  +all +trace_process

ucli% fsdbDumpflush 
*Verdi* : Flush all FSDB Files at 0 ps.

ucli% fsdbDumpvars 0 "simulator.DCRFLI.DC_GEN\[12\].DC.CORE.o_spi_din\[23:0\]"  +all +trace_process

ucli% fsdbDumpflush 
*Verdi* : Flush all FSDB Files at 0 ps.

ucli% fsdbDumpvars 0 "simulator.DCRFLI.DC_GEN\[12\].DC.CORE.o_spi_rd"  +all +trace_process

ucli% fsdbDumpflush 
*Verdi* : Flush all FSDB Files at 0 ps.

ucli% fsdbDumpvars 0 "simulator.DCRFLI.DC_GEN\[12\].DC.CORE.o_spi_dout\[23:0\]"  +all +trace_process

ucli% fsdbDumpflush 
*Verdi* : Flush all FSDB Files at 0 ps.

ucli% fsdbDumpvars 0 "simulator.DCRFLI.DC_GEN\[12\].DC.CORE.o_cycles_left\[29:0\]"  +all +trace_process

ucli% fsdbDumpflush 
*Verdi* : Flush all FSDB Files at 0 ps.

ucli% if {[catch {ucliCore::setFocus tool}]} {}

ucli% fsdbDumpvars 0 "simulator.DC_IO_GEN\[12\].DAC.valid_transaction"  +all +trace_process
*Verdi* : Dumping the signal (simulator.DC_IO_GEN[12].DAC.valid_transaction).

ucli% fsdbDumpflush 
*Verdi* : Flush all FSDB Files at 0 ps.

ucli% if {[catch {ucliCore::setFocus tool}]} {}

ucli% fsdbDumpvars 0 "simulator.DC_IO_GEN\[12\].DAC.input_shift_reg"  +all +trace_process
*Verdi* : Dumping the signal (simulator.DC_IO_GEN[12].DAC.input_shift_reg).

ucli% fsdbDumpflush 
*Verdi* : Flush all FSDB Files at 0 ps.

ucli% if {[catch {ucliCore::setFocus tool}]} {}

ucli% fsdbDumpvars 0 "simulator.DC_IO_GEN\[12\].DAC.rw"  +all +trace_process
*Verdi* : Dumping the signal (simulator.DC_IO_GEN[12].DAC.rw).

ucli% fsdbDumpflush 
*Verdi* : Flush all FSDB Files at 0 ps.

ucli% if {[catch {ucliCore::setFocus tool}]} {}

ucli% fsdbDumpvars 0 "simulator.DC_IO_GEN\[12\].DAC.addr"  +all +trace_process
*Verdi* : Dumping the signal (simulator.DC_IO_GEN[12].DAC.addr).

ucli% fsdbDumpflush 
*Verdi* : Flush all FSDB Files at 0 ps.

ucli% if {[catch {ucliCore::setFocus tool}]} {}

ucli% fsdbDumpvars 0 "simulator.DC_IO_GEN\[12\].DAC.data"  +all +trace_process
*Verdi* : Dumping the signal (simulator.DC_IO_GEN[12].DAC.data).

ucli% fsdbDumpflush 
*Verdi* : Flush all FSDB Files at 0 ps.

ucli% if {[catch {ucliCore::setFocus tool}]} {}

ucli% fsdbDumpvars 0 "simulator.DC_IO_GEN\[12\].DAC.rd_data"  +all +trace_process
*Verdi* : Dumping the signal (simulator.DC_IO_GEN[12].DAC.rd_data).

ucli% fsdbDumpflush 
*Verdi* : Flush all FSDB Files at 0 ps.

ucli% if {[catch {ucliCore::setFocus tool}]} {}

ucli% fsdbDumpvars 0 "simulator.DC_IO_GEN\[12\].DAC.SCLK"  +all +trace_process
*Verdi* : Dumping the signal (simulator.DC_IO_GEN[12].DAC.SCLK).

ucli% fsdbDumpflush 
*Verdi* : Flush all FSDB Files at 0 ps.

ucli% if {[catch {ucliCore::setFocus tool}]} {}

ucli% fsdbDumpvars 0 "simulator.DC_IO_GEN\[12\].DAC.SDIN"  +all +trace_process
*Verdi* : Dumping the signal (simulator.DC_IO_GEN[12].DAC.SDIN).

ucli% fsdbDumpflush 
*Verdi* : Flush all FSDB Files at 0 ps.

ucli% if {[catch {ucliCore::setFocus tool}]} {}

ucli% fsdbDumpvars 0 "simulator.DC_IO_GEN\[12\].DAC.SYNC_N"  +all +trace_process
*Verdi* : Dumping the signal (simulator.DC_IO_GEN[12].DAC.SYNC_N).

ucli% fsdbDumpflush 
*Verdi* : Flush all FSDB Files at 0 ps.

ucli% if {[catch {ucliCore::setFocus tool}]} {}

ucli% fsdbDumpvars 0 "simulator.DC_IO_GEN\[12\].DAC.SDO"  +all +trace_process
*Verdi* : Dumping the signal (simulator.DC_IO_GEN[12].DAC.SDO).

ucli% fsdbDumpflush 
*Verdi* : Flush all FSDB Files at 0 ps.

ucli% if {[catch {ucliCore::setFocus tool}]} {}

ucli% fsdbDumpvars 0 "simulator.DC_IO_GEN\[12\].DAC.LDAC_N"  +all +trace_process
*Verdi* : Dumping the signal (simulator.DC_IO_GEN[12].DAC.LDAC_N).

ucli% fsdbDumpflush 
*Verdi* : Flush all FSDB Files at 0 ps.

ucli% if {[catch {ucliCore::setFocus tool}]} {}

ucli% fsdbDumpvars 0 "simulator.DC_IO_GEN\[12\].DAC.CLR_N"  +all +trace_process
*Verdi* : Dumping the signal (simulator.DC_IO_GEN[12].DAC.CLR_N).

ucli% fsdbDumpflush 
*Verdi* : Flush all FSDB Files at 0 ps.

ucli% if {[catch {ucliCore::setFocus tool}]} {}

ucli% fsdbDumpvars 0 "simulator.DC_IO_GEN\[12\].DAC.RESET_N"  +all +trace_process
*Verdi* : Dumping the signal (simulator.DC_IO_GEN[12].DAC.RESET_N).

ucli% fsdbDumpflush 
*Verdi* : Flush all FSDB Files at 0 ps.

ucli% if {[catch {ucliCore::setFocus tool}]} {}

ucli% fsdbDumpvars 0 "simulator.DC_IO_GEN\[12\].DAC.dac_reg"  +all +trace_process
*Verdi* : Dumping the signal (simulator.DC_IO_GEN[12].DAC.dac_reg).

ucli% fsdbDumpflush 
*Verdi* : Flush all FSDB Files at 0 ps.

ucli% if {[catch {ucliCore::setFocus tool}]} {}

ucli% fsdbDumpvars 0 "simulator.DC_IO_GEN\[12\].DAC.ctrl_reg"  +all +trace_process
*Verdi* : Dumping the signal (simulator.DC_IO_GEN[12].DAC.ctrl_reg).

ucli% fsdbDumpflush 
*Verdi* : Flush all FSDB Files at 0 ps.

ucli% if {[catch {ucliCore::setFocus tool}]} {}

ucli% fsdbDumpvars 0 "simulator.DC_IO_GEN\[12\].DAC.clrcode_reg"  +all +trace_process
*Verdi* : Dumping the signal (simulator.DC_IO_GEN[12].DAC.clrcode_reg).

ucli% fsdbDumpflush 
*Verdi* : Flush all FSDB Files at 0 ps.

ucli% if {[catch {ucliCore::setFocus tool}]} {}

ucli% fsdbDumpvars 0 "simulator.DC_IO_GEN\[12\].DAC.sw_ctrl_reg"  +all +trace_process
*Verdi* : Dumping the signal (simulator.DC_IO_GEN[12].DAC.sw_ctrl_reg).

ucli% fsdbDumpflush 
*Verdi* : Flush all FSDB Files at 0 ps.

ucli% if {[catch {ucliCore::setFocus tool}]} {}

ucli% fsdbDumpvars 0 "simulator.DC_IO_GEN\[12\].DAC.dac_input_reg"  +all +trace_process
*Verdi* : Dumping the signal (simulator.DC_IO_GEN[12].DAC.dac_input_reg).

ucli% fsdbDumpflush 
*Verdi* : Flush all FSDB Files at 0 ps.

ucli% if {[catch {ucliCore::setFocus tool}]} {}

ucli% fsdbDumpvars 0 "simulator.DC_IO_GEN\[12\].DAC.SDODIS"  +all +trace_process
*Verdi* : Dumping the signal (simulator.DC_IO_GEN[12].DAC.SDODIS).

ucli% fsdbDumpflush 
*Verdi* : Flush all FSDB Files at 0 ps.

ucli% if {[catch {ucliCore::setFocus tool}]} {}

ucli% fsdbDumpvars 0 "simulator.DC_IO_GEN\[12\].DAC.DACTRI"  +all +trace_process
*Verdi* : Dumping the signal (simulator.DC_IO_GEN[12].DAC.DACTRI).

ucli% fsdbDumpflush 
*Verdi* : Flush all FSDB Files at 0 ps.

ucli% if {[catch {ucliCore::setFocus tool}]} {}

ucli% fsdbDumpvars 0 "simulator.DC_IO_GEN\[12\].DAC.OPGND"  +all +trace_process
*Verdi* : Dumping the signal (simulator.DC_IO_GEN[12].DAC.OPGND).

ucli% fsdbDumpflush 
*Verdi* : Flush all FSDB Files at 0 ps.

ucli% if {[catch {ucliCore::setFocus tool}]} {}

ucli% fsdbDumpvars 0 "simulator.DC_IO_GEN\[12\].DAC.VOUT"  +all +trace_process
*Verdi* : Dumping the signal (simulator.DC_IO_GEN[12].DAC.VOUT).

ucli% fsdbDumpflush 
*Verdi* : Flush all FSDB Files at 0 ps.

ucli% if {[catch {ucliCore::setFocus tool}]} {}

ucli% fsdbDumpvars 0 "simulator.DC_IO_GEN\[12\].DAC.VDIGITAL"  +all +trace_process
*Verdi* : Dumping the signal (simulator.DC_IO_GEN[12].DAC.VDIGITAL).

ucli% fsdbDumpflush 
*Verdi* : Flush all FSDB Files at 0 ps.

ucli% if {[catch {ucliCore::setFocus tool}]} {}

ucli% fsdbDumpvars 0 "simulator.DC_IO_GEN\[11\].REGS.AXIL_REGS.i_aclk"  +all +trace_process

ucli% fsdbDumpflush 
*Verdi* : Flush all FSDB Files at 0 ps.

ucli% fsdbDumpvars 0 "simulator.DC_IO_GEN\[11\].REGS.AXIL_REGS.i_aresetn"  +all +trace_process

ucli% fsdbDumpflush 
*Verdi* : Flush all FSDB Files at 0 ps.

ucli% fsdbDumpvars 0 "simulator.DC_IO_GEN\[11\].REGS.AXIL_REGS.r_regs\[0:31\]\[31:0\]"  +all +trace_process

ucli% fsdbDumpflush 
*Verdi* : Flush all FSDB Files at 0 ps.

ucli% fsdbDumpvars 0 "simulator.DC_IO_GEN\[11\].REGS.AXIL_REGS.o_regs\[0:31\]\[31:0\]"  +all +trace_process

ucli% fsdbDumpflush 
*Verdi* : Flush all FSDB Files at 0 ps.

ucli% if {[catch {ucliCore::setFocus tool}]} {}

ucli% fsdbDumpvars 0 "simulator.DC_IO_GEN\[11\].REGS.AXIL_REGS.o_awready"  +all +trace_process

ucli% fsdbDumpflush 
*Verdi* : Flush all FSDB Files at 0 ps.

ucli% fsdbDumpvars 0 "simulator.DC_IO_GEN\[11\].REGS.AXIL_REGS.i_awvalid"  +all +trace_process

ucli% fsdbDumpflush 
*Verdi* : Flush all FSDB Files at 0 ps.

ucli% fsdbDumpvars 0 "simulator.DC_IO_GEN\[11\].REGS.AXIL_REGS.i_awaddr\[6:0\]"  +all +trace_process

ucli% fsdbDumpflush 
*Verdi* : Flush all FSDB Files at 0 ps.

ucli% fsdbDumpvars 0 "simulator.DC_IO_GEN\[11\].REGS.AXIL_REGS.w_awireg\[4:0\]"  +all +trace_process

ucli% fsdbDumpflush 
*Verdi* : Flush all FSDB Files at 0 ps.

ucli% fsdbDumpvars 0 "simulator.DC_IO_GEN\[11\].REGS.AXIL_REGS.w_awls2b\[1:0\]"  +all +trace_process

ucli% fsdbDumpflush 
*Verdi* : Flush all FSDB Files at 0 ps.

ucli% if {[catch {ucliCore::setFocus tool}]} {}

ucli% fsdbDumpvars 0 "simulator.DC_IO_GEN\[11\].REGS.AXIL_REGS.o_wready"  +all +trace_process

ucli% fsdbDumpflush 
*Verdi* : Flush all FSDB Files at 0 ps.

ucli% fsdbDumpvars 0 "simulator.DC_IO_GEN\[11\].REGS.AXIL_REGS.i_wvalid"  +all +trace_process

ucli% fsdbDumpflush 
*Verdi* : Flush all FSDB Files at 0 ps.

ucli% fsdbDumpvars 0 "simulator.DC_IO_GEN\[11\].REGS.AXIL_REGS.i_wdata\[31:0\]"  +all +trace_process

ucli% fsdbDumpflush 
*Verdi* : Flush all FSDB Files at 0 ps.

ucli% fsdbDumpvars 0 "simulator.DC_IO_GEN\[11\].REGS.AXIL_REGS.i_wstrb\[3:0\]"  +all +trace_process

ucli% fsdbDumpflush 
*Verdi* : Flush all FSDB Files at 0 ps.

ucli% fsdbDumpvars 0 "simulator.DC_IO_GEN\[11\].REGS.AXIL_REGS.w_wdatastrb\[31:0\]"  +all +trace_process

ucli% fsdbDumpflush 
*Verdi* : Flush all FSDB Files at 0 ps.

ucli% if {[catch {ucliCore::setFocus tool}]} {}

ucli% fsdbDumpvars 0 "simulator.DC_IO_GEN\[11\].REGS.AXIL_REGS.i_bready"  +all +trace_process

ucli% fsdbDumpflush 
*Verdi* : Flush all FSDB Files at 0 ps.

ucli% fsdbDumpvars 0 "simulator.DC_IO_GEN\[11\].REGS.AXIL_REGS.o_bvalid"  +all +trace_process

ucli% fsdbDumpflush 
*Verdi* : Flush all FSDB Files at 0 ps.

ucli% fsdbDumpvars 0 "simulator.DC_IO_GEN\[11\].REGS.AXIL_REGS.o_bresp\[1:0\]"  +all +trace_process

ucli% fsdbDumpflush 
*Verdi* : Flush all FSDB Files at 0 ps.

ucli% if {[catch {ucliCore::setFocus tool}]} {}

ucli% fsdbDumpvars 0 "simulator.DC_IO_GEN\[11\].REGS.AXIL_REGS.o_arready"  +all +trace_process

ucli% fsdbDumpflush 
*Verdi* : Flush all FSDB Files at 0 ps.

ucli% fsdbDumpvars 0 "simulator.DC_IO_GEN\[11\].REGS.AXIL_REGS.i_arvalid"  +all +trace_process

ucli% fsdbDumpflush 
*Verdi* : Flush all FSDB Files at 0 ps.

ucli% fsdbDumpvars 0 "simulator.DC_IO_GEN\[11\].REGS.AXIL_REGS.i_araddr\[6:0\]"  +all +trace_process

ucli% fsdbDumpflush 
*Verdi* : Flush all FSDB Files at 0 ps.

ucli% fsdbDumpvars 0 "simulator.DC_IO_GEN\[11\].REGS.AXIL_REGS.w_arireg\[4:0\]"  +all +trace_process

ucli% fsdbDumpflush 
*Verdi* : Flush all FSDB Files at 0 ps.

ucli% fsdbDumpvars 0 "simulator.DC_IO_GEN\[11\].REGS.AXIL_REGS.w_arls2b\[1:0\]"  +all +trace_process

ucli% fsdbDumpflush 
*Verdi* : Flush all FSDB Files at 0 ps.

ucli% if {[catch {ucliCore::setFocus tool}]} {}

ucli% fsdbDumpvars 0 "simulator.DC_IO_GEN\[11\].REGS.AXIL_REGS.i_rready"  +all +trace_process

ucli% fsdbDumpflush 
*Verdi* : Flush all FSDB Files at 0 ps.

ucli% fsdbDumpvars 0 "simulator.DC_IO_GEN\[11\].REGS.AXIL_REGS.o_rvalid"  +all +trace_process

ucli% fsdbDumpflush 
*Verdi* : Flush all FSDB Files at 0 ps.

ucli% fsdbDumpvars 0 "simulator.DC_IO_GEN\[11\].REGS.AXIL_REGS.o_rdata\[31:0\]"  +all +trace_process

ucli% fsdbDumpflush 
*Verdi* : Flush all FSDB Files at 0 ps.

ucli% fsdbDumpvars 0 "simulator.DC_IO_GEN\[11\].REGS.AXIL_REGS.o_rresp\[1:0\]"  +all +trace_process

ucli% fsdbDumpflush 
*Verdi* : Flush all FSDB Files at 0 ps.

ucli% if {[catch {ucliCore::setFocus tool}]} {}

ucli% fsdbDumpvars 0 "simulator.DCRFLI.DC_GEN\[11\].DC.SEQ.i_clk"  +all +trace_process

ucli% fsdbDumpflush 
*Verdi* : Flush all FSDB Files at 0 ps.

ucli% fsdbDumpvars 0 "simulator.DCRFLI.DC_GEN\[11\].DC.SEQ.i_rst"  +all +trace_process

ucli% fsdbDumpflush 
*Verdi* : Flush all FSDB Files at 0 ps.

ucli% fsdbDumpvars 0 "simulator.DCRFLI.DC_GEN\[11\].DC.SEQ.w_propagate"  +all +trace_process

ucli% fsdbDumpflush 
*Verdi* : Flush all FSDB Files at 0 ps.

ucli% if {[catch {ucliCore::setFocus tool}]} {}

ucli% fsdbDumpvars 0 "simulator.DCRFLI.DC_GEN\[11\].DC.SEQ.i_regs\[0:31\]\[31:0\]"  +all +trace_process

ucli% fsdbDumpflush 
*Verdi* : Flush all FSDB Files at 0 ps.

ucli% fsdbDumpvars 0 "simulator.DCRFLI.DC_GEN\[11\].DC.SEQ.w_last0"  +all +trace_process

ucli% fsdbDumpflush 
*Verdi* : Flush all FSDB Files at 0 ps.

ucli% fsdbDumpvars 0 "simulator.DCRFLI.DC_GEN\[11\].DC.SEQ.w_last0_ff1"  +all +trace_process

ucli% fsdbDumpflush 
*Verdi* : Flush all FSDB Files at 0 ps.

ucli% fsdbDumpvars 0 "simulator.DCRFLI.DC_GEN\[11\].DC.SEQ.w_last0_ff2"  +all +trace_process

ucli% fsdbDumpflush 
*Verdi* : Flush all FSDB Files at 0 ps.

ucli% fsdbDumpvars 0 "simulator.DCRFLI.DC_GEN\[11\].DC.SEQ.w_new_sequence"  +all +trace_process

ucli% fsdbDumpflush 
*Verdi* : Flush all FSDB Files at 0 ps.

ucli% if {[catch {ucliCore::setFocus tool}]} {}

ucli% fsdbDumpvars 0 "simulator.DCRFLI.DC_GEN\[11\].DC.SEQ.r_sequence\[0:9\]\[91:0\]"  +all +trace_process

ucli% fsdbDumpflush 
*Verdi* : Flush all FSDB Files at 0 ps.

ucli% fsdbDumpvars 0 "simulator.DCRFLI.DC_GEN\[11\].DC.SEQ.r_iters\[10:0\]"  +all +trace_process

ucli% fsdbDumpflush 
*Verdi* : Flush all FSDB Files at 0 ps.

ucli% fsdbDumpvars 0 "simulator.DCRFLI.DC_GEN\[11\].DC.SEQ.r_iptr\[3:0\]"  +all +trace_process

ucli% fsdbDumpflush 
*Verdi* : Flush all FSDB Files at 0 ps.

ucli% fsdbDumpvars 0 "simulator.DCRFLI.DC_GEN\[11\].DC.SEQ.w_insn_fetch\[91:0\]"  +all +trace_process

ucli% fsdbDumpflush 
*Verdi* : Flush all FSDB Files at 0 ps.

ucli% fsdbDumpvars 0 "simulator.DCRFLI.DC_GEN\[11\].DC.SEQ.w_insn_bubble"  +all +trace_process

ucli% fsdbDumpflush 
*Verdi* : Flush all FSDB Files at 0 ps.

ucli% fsdbDumpvars 0 "simulator.DCRFLI.DC_GEN\[11\].DC.SEQ.w_iptr_plus1\[3:0\]"  +all +trace_process

ucli% fsdbDumpflush 
*Verdi* : Flush all FSDB Files at 0 ps.

ucli% fsdbDumpvars 0 "simulator.DCRFLI.DC_GEN\[11\].DC.SEQ.w_next_null"  +all +trace_process

ucli% fsdbDumpflush 
*Verdi* : Flush all FSDB Files at 0 ps.

ucli% if {[catch {ucliCore::setFocus tool}]} {}

ucli% fsdbDumpvars 0 "simulator.DCRFLI.DC_GEN\[11\].DC.SEQ.o_empty"  +all +trace_process

ucli% fsdbDumpflush 
*Verdi* : Flush all FSDB Files at 0 ps.

ucli% fsdbDumpvars 0 "simulator.DCRFLI.DC_GEN\[11\].DC.SEQ.i_next"  +all +trace_process

ucli% fsdbDumpflush 
*Verdi* : Flush all FSDB Files at 0 ps.

ucli% fsdbDumpvars 0 "simulator.DCRFLI.DC_GEN\[11\].DC.SEQ.o_addr\[3:0\]"  +all +trace_process

ucli% fsdbDumpflush 
*Verdi* : Flush all FSDB Files at 0 ps.

ucli% fsdbDumpvars 0 "simulator.DCRFLI.DC_GEN\[11\].DC.SEQ.o_insn\[91:0\]"  +all +trace_process

ucli% fsdbDumpflush 
*Verdi* : Flush all FSDB Files at 0 ps.

ucli% fsdbDumpvars 0 "simulator.DCRFLI.DC_GEN\[11\].DC.SEQ.r_iptr_modify\[3:0\]"  +all +trace_process

ucli% fsdbDumpflush 
*Verdi* : Flush all FSDB Files at 0 ps.

ucli% fsdbDumpvars 0 "simulator.DCRFLI.DC_GEN\[11\].DC.SEQ.i_insn_modified\[91:0\]"  +all +trace_process

ucli% fsdbDumpflush 
*Verdi* : Flush all FSDB Files at 0 ps.

ucli% if {[catch {ucliCore::setFocus tool}]} {}

ucli% fsdbDumpvars 0 "simulator.DCRFLI.DC_GEN\[11\].DC.CORE.i_clk"  +all +trace_process

ucli% fsdbDumpflush 
*Verdi* : Flush all FSDB Files at 0 ps.

ucli% fsdbDumpvars 0 "simulator.DCRFLI.DC_GEN\[11\].DC.CORE.i_rst"  +all +trace_process

ucli% fsdbDumpflush 
*Verdi* : Flush all FSDB Files at 0 ps.

ucli% fsdbDumpvars 0 "simulator.DCRFLI.DC_GEN\[11\].DC.CORE.w_stall"  +all +trace_process

ucli% fsdbDumpflush 
*Verdi* : Flush all FSDB Files at 0 ps.

ucli% if {[catch {ucliCore::setFocus tool}]} {}

ucli% fsdbDumpvars 0 "simulator.DCRFLI.DC_GEN\[11\].DC.CORE.d"  +all +trace_process

ucli% fsdbDumpflush 
*Verdi* : Flush all FSDB Files at 0 ps.

ucli% fsdbDumpvars 0 "simulator.DCRFLI.DC_GEN\[11\].DC.CORE.i_empty"  +all +trace_process

ucli% fsdbDumpflush 
*Verdi* : Flush all FSDB Files at 0 ps.

ucli% fsdbDumpvars 0 "simulator.DCRFLI.DC_GEN\[11\].DC.CORE.o_next"  +all +trace_process

ucli% fsdbDumpflush 
*Verdi* : Flush all FSDB Files at 0 ps.

ucli% fsdbDumpvars 0 "simulator.DCRFLI.DC_GEN\[11\].DC.CORE.i_addr\[3:0\]"  +all +trace_process

ucli% fsdbDumpflush 
*Verdi* : Flush all FSDB Files at 0 ps.

ucli% fsdbDumpvars 0 "simulator.DCRFLI.DC_GEN\[11\].DC.CORE.i_insn\[91:0\]"  +all +trace_process

ucli% fsdbDumpflush 
*Verdi* : Flush all FSDB Files at 0 ps.

ucli% fsdbDumpvars 0 "simulator.DCRFLI.DC_GEN\[11\].DC.CORE.o_insn_modified"  +all +trace_process

ucli% fsdbDumpflush 
*Verdi* : Flush all FSDB Files at 0 ps.

ucli% if {[catch {ucliCore::setFocus tool}]} {}

ucli% fsdbDumpvars 0 "simulator.DCRFLI.DC_GEN\[11\].DC.CORE.i"  +all +trace_process

ucli% fsdbDumpflush 
*Verdi* : Flush all FSDB Files at 0 ps.

ucli% if {[catch {ucliCore::setFocus tool}]} {}

ucli% fsdbDumpvars 0 "simulator.DCRFLI.DC_GEN\[11\].DC.CORE.s"  +all +trace_process

ucli% fsdbDumpflush 
*Verdi* : Flush all FSDB Files at 0 ps.

ucli% fsdbDumpvars 0 "simulator.DCRFLI.DC_GEN\[11\].DC.CORE.w_dvsr\[15:0\]"  +all +trace_process

ucli% fsdbDumpflush 
*Verdi* : Flush all FSDB Files at 0 ps.

ucli% fsdbDumpvars 0 "simulator.DCRFLI.DC_GEN\[11\].DC.CORE.w_spi_dout\[23:0\]"  +all +trace_process

ucli% fsdbDumpflush 
*Verdi* : Flush all FSDB Files at 0 ps.

ucli% fsdbDumpvars 0 "simulator.DCRFLI.DC_GEN\[11\].DC.CORE.w_spi_done"  +all +trace_process

ucli% fsdbDumpflush 
*Verdi* : Flush all FSDB Files at 0 ps.

ucli% fsdbDumpvars 0 "simulator.DCRFLI.DC_GEN\[11\].DC.CORE.o_armed"  +all +trace_process

ucli% fsdbDumpflush 
*Verdi* : Flush all FSDB Files at 0 ps.

ucli% fsdbDumpvars 0 "simulator.DCRFLI.DC_GEN\[11\].DC.CORE.i_start"  +all +trace_process

ucli% fsdbDumpflush 
*Verdi* : Flush all FSDB Files at 0 ps.

ucli% if {[catch {ucliCore::setFocus tool}]} {}

ucli% fsdbDumpvars 0 "simulator.DCRFLI.DC_GEN\[11\].DC.CORE.o_sclk"  +all +trace_process

ucli% fsdbDumpflush 
*Verdi* : Flush all FSDB Files at 0 ps.

ucli% fsdbDumpvars 0 "simulator.DCRFLI.DC_GEN\[11\].DC.CORE.o_mosi"  +all +trace_process

ucli% fsdbDumpflush 
*Verdi* : Flush all FSDB Files at 0 ps.

ucli% fsdbDumpvars 0 "simulator.DCRFLI.DC_GEN\[11\].DC.CORE.i_miso"  +all +trace_process

ucli% fsdbDumpflush 
*Verdi* : Flush all FSDB Files at 0 ps.

ucli% fsdbDumpvars 0 "simulator.DCRFLI.DC_GEN\[11\].DC.CORE.o_cs_n"  +all +trace_process

ucli% fsdbDumpflush 
*Verdi* : Flush all FSDB Files at 0 ps.

ucli% fsdbDumpvars 0 "simulator.DCRFLI.DC_GEN\[11\].DC.CORE.o_ldac_n"  +all +trace_process

ucli% fsdbDumpflush 
*Verdi* : Flush all FSDB Files at 0 ps.

ucli% if {[catch {ucliCore::setFocus tool}]} {}

ucli% fsdbDumpvars 0 "simulator.DCRFLI.DC_GEN\[11\].DC.CORE.h"  +all +trace_process

ucli% fsdbDumpflush 
*Verdi* : Flush all FSDB Files at 0 ps.

ucli% fsdbDumpvars 0 "simulator.DCRFLI.DC_GEN\[11\].DC.CORE.o_next"  +all +trace_process

ucli% fsdbDumpflush 
*Verdi* : Flush all FSDB Files at 0 ps.

ucli% fsdbDumpvars 0 "simulator.DCRFLI.DC_GEN\[11\].DC.CORE.o_addr\[3:0\]"  +all +trace_process

ucli% fsdbDumpflush 
*Verdi* : Flush all FSDB Files at 0 ps.

ucli% fsdbDumpvars 0 "simulator.DCRFLI.DC_GEN\[11\].DC.CORE.o_iter\[9:0\]"  +all +trace_process

ucli% fsdbDumpflush 
*Verdi* : Flush all FSDB Files at 0 ps.

ucli% fsdbDumpvars 0 "simulator.DCRFLI.DC_GEN\[11\].DC.CORE.o_spi_din\[23:0\]"  +all +trace_process

ucli% fsdbDumpflush 
*Verdi* : Flush all FSDB Files at 0 ps.

ucli% fsdbDumpvars 0 "simulator.DCRFLI.DC_GEN\[11\].DC.CORE.o_spi_rd"  +all +trace_process

ucli% fsdbDumpflush 
*Verdi* : Flush all FSDB Files at 0 ps.

ucli% fsdbDumpvars 0 "simulator.DCRFLI.DC_GEN\[11\].DC.CORE.o_spi_dout\[23:0\]"  +all +trace_process

ucli% fsdbDumpflush 
*Verdi* : Flush all FSDB Files at 0 ps.

ucli% fsdbDumpvars 0 "simulator.DCRFLI.DC_GEN\[11\].DC.CORE.o_cycles_left\[29:0\]"  +all +trace_process

ucli% fsdbDumpflush 
*Verdi* : Flush all FSDB Files at 0 ps.

ucli% if {[catch {ucliCore::setFocus tool}]} {}

ucli% fsdbDumpvars 0 "simulator.DC_IO_GEN\[11\].DAC.valid_transaction"  +all +trace_process
*Verdi* : Dumping the signal (simulator.DC_IO_GEN[11].DAC.valid_transaction).

ucli% fsdbDumpflush 
*Verdi* : Flush all FSDB Files at 0 ps.

ucli% if {[catch {ucliCore::setFocus tool}]} {}

ucli% fsdbDumpvars 0 "simulator.DC_IO_GEN\[11\].DAC.input_shift_reg"  +all +trace_process
*Verdi* : Dumping the signal (simulator.DC_IO_GEN[11].DAC.input_shift_reg).

ucli% fsdbDumpflush 
*Verdi* : Flush all FSDB Files at 0 ps.

ucli% if {[catch {ucliCore::setFocus tool}]} {}

ucli% fsdbDumpvars 0 "simulator.DC_IO_GEN\[11\].DAC.rw"  +all +trace_process
*Verdi* : Dumping the signal (simulator.DC_IO_GEN[11].DAC.rw).

ucli% fsdbDumpflush 
*Verdi* : Flush all FSDB Files at 0 ps.

ucli% if {[catch {ucliCore::setFocus tool}]} {}

ucli% fsdbDumpvars 0 "simulator.DC_IO_GEN\[11\].DAC.addr"  +all +trace_process
*Verdi* : Dumping the signal (simulator.DC_IO_GEN[11].DAC.addr).

ucli% fsdbDumpflush 
*Verdi* : Flush all FSDB Files at 0 ps.

ucli% if {[catch {ucliCore::setFocus tool}]} {}

ucli% fsdbDumpvars 0 "simulator.DC_IO_GEN\[11\].DAC.data"  +all +trace_process
*Verdi* : Dumping the signal (simulator.DC_IO_GEN[11].DAC.data).

ucli% fsdbDumpflush 
*Verdi* : Flush all FSDB Files at 0 ps.

ucli% if {[catch {ucliCore::setFocus tool}]} {}

ucli% fsdbDumpvars 0 "simulator.DC_IO_GEN\[11\].DAC.rd_data"  +all +trace_process
*Verdi* : Dumping the signal (simulator.DC_IO_GEN[11].DAC.rd_data).

ucli% fsdbDumpflush 
*Verdi* : Flush all FSDB Files at 0 ps.

ucli% if {[catch {ucliCore::setFocus tool}]} {}

ucli% fsdbDumpvars 0 "simulator.DC_IO_GEN\[11\].DAC.SCLK"  +all +trace_process
*Verdi* : Dumping the signal (simulator.DC_IO_GEN[11].DAC.SCLK).

ucli% fsdbDumpflush 
*Verdi* : Flush all FSDB Files at 0 ps.

ucli% if {[catch {ucliCore::setFocus tool}]} {}

ucli% fsdbDumpvars 0 "simulator.DC_IO_GEN\[11\].DAC.SDIN"  +all +trace_process
*Verdi* : Dumping the signal (simulator.DC_IO_GEN[11].DAC.SDIN).

ucli% fsdbDumpflush 
*Verdi* : Flush all FSDB Files at 0 ps.

ucli% if {[catch {ucliCore::setFocus tool}]} {}

ucli% fsdbDumpvars 0 "simulator.DC_IO_GEN\[11\].DAC.SYNC_N"  +all +trace_process
*Verdi* : Dumping the signal (simulator.DC_IO_GEN[11].DAC.SYNC_N).

ucli% fsdbDumpflush 
*Verdi* : Flush all FSDB Files at 0 ps.

ucli% if {[catch {ucliCore::setFocus tool}]} {}

ucli% fsdbDumpvars 0 "simulator.DC_IO_GEN\[11\].DAC.SDO"  +all +trace_process
*Verdi* : Dumping the signal (simulator.DC_IO_GEN[11].DAC.SDO).

ucli% fsdbDumpflush 
*Verdi* : Flush all FSDB Files at 0 ps.

ucli% if {[catch {ucliCore::setFocus tool}]} {}

ucli% fsdbDumpvars 0 "simulator.DC_IO_GEN\[11\].DAC.LDAC_N"  +all +trace_process
*Verdi* : Dumping the signal (simulator.DC_IO_GEN[11].DAC.LDAC_N).

ucli% fsdbDumpflush 
*Verdi* : Flush all FSDB Files at 0 ps.

ucli% if {[catch {ucliCore::setFocus tool}]} {}

ucli% fsdbDumpvars 0 "simulator.DC_IO_GEN\[11\].DAC.CLR_N"  +all +trace_process
*Verdi* : Dumping the signal (simulator.DC_IO_GEN[11].DAC.CLR_N).

ucli% fsdbDumpflush 
*Verdi* : Flush all FSDB Files at 0 ps.

ucli% if {[catch {ucliCore::setFocus tool}]} {}

ucli% fsdbDumpvars 0 "simulator.DC_IO_GEN\[11\].DAC.RESET_N"  +all +trace_process
*Verdi* : Dumping the signal (simulator.DC_IO_GEN[11].DAC.RESET_N).

ucli% fsdbDumpflush 
*Verdi* : Flush all FSDB Files at 0 ps.

ucli% if {[catch {ucliCore::setFocus tool}]} {}

ucli% fsdbDumpvars 0 "simulator.DC_IO_GEN\[11\].DAC.dac_reg"  +all +trace_process
*Verdi* : Dumping the signal (simulator.DC_IO_GEN[11].DAC.dac_reg).

ucli% fsdbDumpflush 
*Verdi* : Flush all FSDB Files at 0 ps.

ucli% if {[catch {ucliCore::setFocus tool}]} {}

ucli% fsdbDumpvars 0 "simulator.DC_IO_GEN\[11\].DAC.ctrl_reg"  +all +trace_process
*Verdi* : Dumping the signal (simulator.DC_IO_GEN[11].DAC.ctrl_reg).

ucli% fsdbDumpflush 
*Verdi* : Flush all FSDB Files at 0 ps.

ucli% if {[catch {ucliCore::setFocus tool}]} {}

ucli% fsdbDumpvars 0 "simulator.DC_IO_GEN\[11\].DAC.clrcode_reg"  +all +trace_process
*Verdi* : Dumping the signal (simulator.DC_IO_GEN[11].DAC.clrcode_reg).

ucli% fsdbDumpflush 
*Verdi* : Flush all FSDB Files at 0 ps.

ucli% if {[catch {ucliCore::setFocus tool}]} {}

ucli% fsdbDumpvars 0 "simulator.DC_IO_GEN\[11\].DAC.sw_ctrl_reg"  +all +trace_process
*Verdi* : Dumping the signal (simulator.DC_IO_GEN[11].DAC.sw_ctrl_reg).

ucli% fsdbDumpflush 
*Verdi* : Flush all FSDB Files at 0 ps.

ucli% if {[catch {ucliCore::setFocus tool}]} {}

ucli% fsdbDumpvars 0 "simulator.DC_IO_GEN\[11\].DAC.dac_input_reg"  +all +trace_process
*Verdi* : Dumping the signal (simulator.DC_IO_GEN[11].DAC.dac_input_reg).

ucli% fsdbDumpflush 
*Verdi* : Flush all FSDB Files at 0 ps.

ucli% if {[catch {ucliCore::setFocus tool}]} {}

ucli% fsdbDumpvars 0 "simulator.DC_IO_GEN\[11\].DAC.SDODIS"  +all +trace_process
*Verdi* : Dumping the signal (simulator.DC_IO_GEN[11].DAC.SDODIS).

ucli% fsdbDumpflush 
*Verdi* : Flush all FSDB Files at 0 ps.

ucli% if {[catch {ucliCore::setFocus tool}]} {}

ucli% fsdbDumpvars 0 "simulator.DC_IO_GEN\[11\].DAC.DACTRI"  +all +trace_process
*Verdi* : Dumping the signal (simulator.DC_IO_GEN[11].DAC.DACTRI).

ucli% fsdbDumpflush 
*Verdi* : Flush all FSDB Files at 0 ps.

ucli% if {[catch {ucliCore::setFocus tool}]} {}

ucli% fsdbDumpvars 0 "simulator.DC_IO_GEN\[11\].DAC.OPGND"  +all +trace_process
*Verdi* : Dumping the signal (simulator.DC_IO_GEN[11].DAC.OPGND).

ucli% fsdbDumpflush 
*Verdi* : Flush all FSDB Files at 0 ps.

ucli% if {[catch {ucliCore::setFocus tool}]} {}

ucli% fsdbDumpvars 0 "simulator.DC_IO_GEN\[11\].DAC.VOUT"  +all +trace_process
*Verdi* : Dumping the signal (simulator.DC_IO_GEN[11].DAC.VOUT).

ucli% fsdbDumpflush 
*Verdi* : Flush all FSDB Files at 0 ps.

ucli% if {[catch {ucliCore::setFocus tool}]} {}

ucli% fsdbDumpvars 0 "simulator.DC_IO_GEN\[11\].DAC.VDIGITAL"  +all +trace_process
*Verdi* : Dumping the signal (simulator.DC_IO_GEN[11].DAC.VDIGITAL).

ucli% fsdbDumpflush 
*Verdi* : Flush all FSDB Files at 0 ps.

ucli% if {[catch {ucliCore::setFocus tool}]} {}

ucli% fsdbDumpvars 0 "simulator.DC_IO_GEN\[10\].REGS.AXIL_REGS.i_aclk"  +all +trace_process

ucli% fsdbDumpflush 
*Verdi* : Flush all FSDB Files at 0 ps.

ucli% fsdbDumpvars 0 "simulator.DC_IO_GEN\[10\].REGS.AXIL_REGS.i_aresetn"  +all +trace_process

ucli% fsdbDumpflush 
*Verdi* : Flush all FSDB Files at 0 ps.

ucli% fsdbDumpvars 0 "simulator.DC_IO_GEN\[10\].REGS.AXIL_REGS.r_regs\[0:31\]\[31:0\]"  +all +trace_process

ucli% fsdbDumpflush 
*Verdi* : Flush all FSDB Files at 0 ps.

ucli% fsdbDumpvars 0 "simulator.DC_IO_GEN\[10\].REGS.AXIL_REGS.o_regs\[0:31\]\[31:0\]"  +all +trace_process

ucli% fsdbDumpflush 
*Verdi* : Flush all FSDB Files at 0 ps.

ucli% if {[catch {ucliCore::setFocus tool}]} {}

ucli% fsdbDumpvars 0 "simulator.DC_IO_GEN\[10\].REGS.AXIL_REGS.o_awready"  +all +trace_process

ucli% fsdbDumpflush 
*Verdi* : Flush all FSDB Files at 0 ps.

ucli% fsdbDumpvars 0 "simulator.DC_IO_GEN\[10\].REGS.AXIL_REGS.i_awvalid"  +all +trace_process

ucli% fsdbDumpflush 
*Verdi* : Flush all FSDB Files at 0 ps.

ucli% fsdbDumpvars 0 "simulator.DC_IO_GEN\[10\].REGS.AXIL_REGS.i_awaddr\[6:0\]"  +all +trace_process

ucli% fsdbDumpflush 
*Verdi* : Flush all FSDB Files at 0 ps.

ucli% fsdbDumpvars 0 "simulator.DC_IO_GEN\[10\].REGS.AXIL_REGS.w_awireg\[4:0\]"  +all +trace_process

ucli% fsdbDumpflush 
*Verdi* : Flush all FSDB Files at 0 ps.

ucli% fsdbDumpvars 0 "simulator.DC_IO_GEN\[10\].REGS.AXIL_REGS.w_awls2b\[1:0\]"  +all +trace_process

ucli% fsdbDumpflush 
*Verdi* : Flush all FSDB Files at 0 ps.

ucli% if {[catch {ucliCore::setFocus tool}]} {}

ucli% fsdbDumpvars 0 "simulator.DC_IO_GEN\[10\].REGS.AXIL_REGS.o_wready"  +all +trace_process

ucli% fsdbDumpflush 
*Verdi* : Flush all FSDB Files at 0 ps.

ucli% fsdbDumpvars 0 "simulator.DC_IO_GEN\[10\].REGS.AXIL_REGS.i_wvalid"  +all +trace_process

ucli% fsdbDumpflush 
*Verdi* : Flush all FSDB Files at 0 ps.

ucli% fsdbDumpvars 0 "simulator.DC_IO_GEN\[10\].REGS.AXIL_REGS.i_wdata\[31:0\]"  +all +trace_process

ucli% fsdbDumpflush 
*Verdi* : Flush all FSDB Files at 0 ps.

ucli% fsdbDumpvars 0 "simulator.DC_IO_GEN\[10\].REGS.AXIL_REGS.i_wstrb\[3:0\]"  +all +trace_process

ucli% fsdbDumpflush 
*Verdi* : Flush all FSDB Files at 0 ps.

ucli% fsdbDumpvars 0 "simulator.DC_IO_GEN\[10\].REGS.AXIL_REGS.w_wdatastrb\[31:0\]"  +all +trace_process

ucli% fsdbDumpflush 
*Verdi* : Flush all FSDB Files at 0 ps.

ucli% if {[catch {ucliCore::setFocus tool}]} {}

ucli% fsdbDumpvars 0 "simulator.DC_IO_GEN\[10\].REGS.AXIL_REGS.i_bready"  +all +trace_process

ucli% fsdbDumpflush 
*Verdi* : Flush all FSDB Files at 0 ps.

ucli% fsdbDumpvars 0 "simulator.DC_IO_GEN\[10\].REGS.AXIL_REGS.o_bvalid"  +all +trace_process

ucli% fsdbDumpflush 
*Verdi* : Flush all FSDB Files at 0 ps.

ucli% fsdbDumpvars 0 "simulator.DC_IO_GEN\[10\].REGS.AXIL_REGS.o_bresp\[1:0\]"  +all +trace_process

ucli% fsdbDumpflush 
*Verdi* : Flush all FSDB Files at 0 ps.

ucli% if {[catch {ucliCore::setFocus tool}]} {}

ucli% fsdbDumpvars 0 "simulator.DC_IO_GEN\[10\].REGS.AXIL_REGS.o_arready"  +all +trace_process

ucli% fsdbDumpflush 
*Verdi* : Flush all FSDB Files at 0 ps.

ucli% fsdbDumpvars 0 "simulator.DC_IO_GEN\[10\].REGS.AXIL_REGS.i_arvalid"  +all +trace_process

ucli% fsdbDumpflush 
*Verdi* : Flush all FSDB Files at 0 ps.

ucli% fsdbDumpvars 0 "simulator.DC_IO_GEN\[10\].REGS.AXIL_REGS.i_araddr\[6:0\]"  +all +trace_process

ucli% fsdbDumpflush 
*Verdi* : Flush all FSDB Files at 0 ps.

ucli% fsdbDumpvars 0 "simulator.DC_IO_GEN\[10\].REGS.AXIL_REGS.w_arireg\[4:0\]"  +all +trace_process

ucli% fsdbDumpflush 
*Verdi* : Flush all FSDB Files at 0 ps.

ucli% fsdbDumpvars 0 "simulator.DC_IO_GEN\[10\].REGS.AXIL_REGS.w_arls2b\[1:0\]"  +all +trace_process

ucli% fsdbDumpflush 
*Verdi* : Flush all FSDB Files at 0 ps.

ucli% if {[catch {ucliCore::setFocus tool}]} {}

ucli% fsdbDumpvars 0 "simulator.DC_IO_GEN\[10\].REGS.AXIL_REGS.i_rready"  +all +trace_process

ucli% fsdbDumpflush 
*Verdi* : Flush all FSDB Files at 0 ps.

ucli% fsdbDumpvars 0 "simulator.DC_IO_GEN\[10\].REGS.AXIL_REGS.o_rvalid"  +all +trace_process

ucli% fsdbDumpflush 
*Verdi* : Flush all FSDB Files at 0 ps.

ucli% fsdbDumpvars 0 "simulator.DC_IO_GEN\[10\].REGS.AXIL_REGS.o_rdata\[31:0\]"  +all +trace_process

ucli% fsdbDumpflush 
*Verdi* : Flush all FSDB Files at 0 ps.

ucli% fsdbDumpvars 0 "simulator.DC_IO_GEN\[10\].REGS.AXIL_REGS.o_rresp\[1:0\]"  +all +trace_process

ucli% fsdbDumpflush 
*Verdi* : Flush all FSDB Files at 0 ps.

ucli% if {[catch {ucliCore::setFocus tool}]} {}

ucli% fsdbDumpvars 0 "simulator.DCRFLI.DC_GEN\[10\].DC.SEQ.i_clk"  +all +trace_process

ucli% fsdbDumpflush 
*Verdi* : Flush all FSDB Files at 0 ps.

ucli% fsdbDumpvars 0 "simulator.DCRFLI.DC_GEN\[10\].DC.SEQ.i_rst"  +all +trace_process

ucli% fsdbDumpflush 
*Verdi* : Flush all FSDB Files at 0 ps.

ucli% fsdbDumpvars 0 "simulator.DCRFLI.DC_GEN\[10\].DC.SEQ.w_propagate"  +all +trace_process

ucli% fsdbDumpflush 
*Verdi* : Flush all FSDB Files at 0 ps.

ucli% if {[catch {ucliCore::setFocus tool}]} {}

ucli% fsdbDumpvars 0 "simulator.DCRFLI.DC_GEN\[10\].DC.SEQ.i_regs\[0:31\]\[31:0\]"  +all +trace_process

ucli% fsdbDumpflush 
*Verdi* : Flush all FSDB Files at 0 ps.

ucli% fsdbDumpvars 0 "simulator.DCRFLI.DC_GEN\[10\].DC.SEQ.w_last0"  +all +trace_process

ucli% fsdbDumpflush 
*Verdi* : Flush all FSDB Files at 0 ps.

ucli% fsdbDumpvars 0 "simulator.DCRFLI.DC_GEN\[10\].DC.SEQ.w_last0_ff1"  +all +trace_process

ucli% fsdbDumpflush 
*Verdi* : Flush all FSDB Files at 0 ps.

ucli% fsdbDumpvars 0 "simulator.DCRFLI.DC_GEN\[10\].DC.SEQ.w_last0_ff2"  +all +trace_process

ucli% fsdbDumpflush 
*Verdi* : Flush all FSDB Files at 0 ps.

ucli% fsdbDumpvars 0 "simulator.DCRFLI.DC_GEN\[10\].DC.SEQ.w_new_sequence"  +all +trace_process

ucli% fsdbDumpflush 
*Verdi* : Flush all FSDB Files at 0 ps.

ucli% if {[catch {ucliCore::setFocus tool}]} {}

ucli% fsdbDumpvars 0 "simulator.DCRFLI.DC_GEN\[10\].DC.SEQ.r_sequence\[0:9\]\[91:0\]"  +all +trace_process

ucli% fsdbDumpflush 
*Verdi* : Flush all FSDB Files at 0 ps.

ucli% fsdbDumpvars 0 "simulator.DCRFLI.DC_GEN\[10\].DC.SEQ.r_iters\[10:0\]"  +all +trace_process

ucli% fsdbDumpflush 
*Verdi* : Flush all FSDB Files at 0 ps.

ucli% fsdbDumpvars 0 "simulator.DCRFLI.DC_GEN\[10\].DC.SEQ.r_iptr\[3:0\]"  +all +trace_process

ucli% fsdbDumpflush 
*Verdi* : Flush all FSDB Files at 0 ps.

ucli% fsdbDumpvars 0 "simulator.DCRFLI.DC_GEN\[10\].DC.SEQ.w_insn_fetch\[91:0\]"  +all +trace_process

ucli% fsdbDumpflush 
*Verdi* : Flush all FSDB Files at 0 ps.

ucli% fsdbDumpvars 0 "simulator.DCRFLI.DC_GEN\[10\].DC.SEQ.w_insn_bubble"  +all +trace_process

ucli% fsdbDumpflush 
*Verdi* : Flush all FSDB Files at 0 ps.

ucli% fsdbDumpvars 0 "simulator.DCRFLI.DC_GEN\[10\].DC.SEQ.w_iptr_plus1\[3:0\]"  +all +trace_process

ucli% fsdbDumpflush 
*Verdi* : Flush all FSDB Files at 0 ps.

ucli% fsdbDumpvars 0 "simulator.DCRFLI.DC_GEN\[10\].DC.SEQ.w_next_null"  +all +trace_process

ucli% fsdbDumpflush 
*Verdi* : Flush all FSDB Files at 0 ps.

ucli% if {[catch {ucliCore::setFocus tool}]} {}

ucli% fsdbDumpvars 0 "simulator.DCRFLI.DC_GEN\[10\].DC.SEQ.o_empty"  +all +trace_process

ucli% fsdbDumpflush 
*Verdi* : Flush all FSDB Files at 0 ps.

ucli% fsdbDumpvars 0 "simulator.DCRFLI.DC_GEN\[10\].DC.SEQ.i_next"  +all +trace_process

ucli% fsdbDumpflush 
*Verdi* : Flush all FSDB Files at 0 ps.

ucli% fsdbDumpvars 0 "simulator.DCRFLI.DC_GEN\[10\].DC.SEQ.o_addr\[3:0\]"  +all +trace_process

ucli% fsdbDumpflush 
*Verdi* : Flush all FSDB Files at 0 ps.

ucli% fsdbDumpvars 0 "simulator.DCRFLI.DC_GEN\[10\].DC.SEQ.o_insn\[91:0\]"  +all +trace_process

ucli% fsdbDumpflush 
*Verdi* : Flush all FSDB Files at 0 ps.

ucli% fsdbDumpvars 0 "simulator.DCRFLI.DC_GEN\[10\].DC.SEQ.r_iptr_modify\[3:0\]"  +all +trace_process

ucli% fsdbDumpflush 
*Verdi* : Flush all FSDB Files at 0 ps.

ucli% fsdbDumpvars 0 "simulator.DCRFLI.DC_GEN\[10\].DC.SEQ.i_insn_modified\[91:0\]"  +all +trace_process

ucli% fsdbDumpflush 
*Verdi* : Flush all FSDB Files at 0 ps.

ucli% if {[catch {ucliCore::setFocus tool}]} {}

ucli% fsdbDumpvars 0 "simulator.DCRFLI.DC_GEN\[10\].DC.CORE.i_clk"  +all +trace_process

ucli% fsdbDumpflush 
*Verdi* : Flush all FSDB Files at 0 ps.

ucli% fsdbDumpvars 0 "simulator.DCRFLI.DC_GEN\[10\].DC.CORE.i_rst"  +all +trace_process

ucli% fsdbDumpflush 
*Verdi* : Flush all FSDB Files at 0 ps.

ucli% fsdbDumpvars 0 "simulator.DCRFLI.DC_GEN\[10\].DC.CORE.w_stall"  +all +trace_process

ucli% fsdbDumpflush 
*Verdi* : Flush all FSDB Files at 0 ps.

ucli% if {[catch {ucliCore::setFocus tool}]} {}

ucli% fsdbDumpvars 0 "simulator.DCRFLI.DC_GEN\[10\].DC.CORE.d"  +all +trace_process

ucli% fsdbDumpflush 
*Verdi* : Flush all FSDB Files at 0 ps.

ucli% fsdbDumpvars 0 "simulator.DCRFLI.DC_GEN\[10\].DC.CORE.i_empty"  +all +trace_process

ucli% fsdbDumpflush 
*Verdi* : Flush all FSDB Files at 0 ps.

ucli% fsdbDumpvars 0 "simulator.DCRFLI.DC_GEN\[10\].DC.CORE.o_next"  +all +trace_process

ucli% fsdbDumpflush 
*Verdi* : Flush all FSDB Files at 0 ps.

ucli% fsdbDumpvars 0 "simulator.DCRFLI.DC_GEN\[10\].DC.CORE.i_addr\[3:0\]"  +all +trace_process

ucli% fsdbDumpflush 
*Verdi* : Flush all FSDB Files at 0 ps.

ucli% fsdbDumpvars 0 "simulator.DCRFLI.DC_GEN\[10\].DC.CORE.i_insn\[91:0\]"  +all +trace_process

ucli% fsdbDumpflush 
*Verdi* : Flush all FSDB Files at 0 ps.

ucli% fsdbDumpvars 0 "simulator.DCRFLI.DC_GEN\[10\].DC.CORE.o_insn_modified"  +all +trace_process

ucli% fsdbDumpflush 
*Verdi* : Flush all FSDB Files at 0 ps.

ucli% if {[catch {ucliCore::setFocus tool}]} {}

ucli% fsdbDumpvars 0 "simulator.DCRFLI.DC_GEN\[10\].DC.CORE.i"  +all +trace_process

ucli% fsdbDumpflush 
*Verdi* : Flush all FSDB Files at 0 ps.

ucli% if {[catch {ucliCore::setFocus tool}]} {}

ucli% fsdbDumpvars 0 "simulator.DCRFLI.DC_GEN\[10\].DC.CORE.s"  +all +trace_process

ucli% fsdbDumpflush 
*Verdi* : Flush all FSDB Files at 0 ps.

ucli% fsdbDumpvars 0 "simulator.DCRFLI.DC_GEN\[10\].DC.CORE.w_dvsr\[15:0\]"  +all +trace_process

ucli% fsdbDumpflush 
*Verdi* : Flush all FSDB Files at 0 ps.

ucli% fsdbDumpvars 0 "simulator.DCRFLI.DC_GEN\[10\].DC.CORE.w_spi_dout\[23:0\]"  +all +trace_process

ucli% fsdbDumpflush 
*Verdi* : Flush all FSDB Files at 0 ps.

ucli% fsdbDumpvars 0 "simulator.DCRFLI.DC_GEN\[10\].DC.CORE.w_spi_done"  +all +trace_process

ucli% fsdbDumpflush 
*Verdi* : Flush all FSDB Files at 0 ps.

ucli% fsdbDumpvars 0 "simulator.DCRFLI.DC_GEN\[10\].DC.CORE.o_armed"  +all +trace_process

ucli% fsdbDumpflush 
*Verdi* : Flush all FSDB Files at 0 ps.

ucli% fsdbDumpvars 0 "simulator.DCRFLI.DC_GEN\[10\].DC.CORE.i_start"  +all +trace_process

ucli% fsdbDumpflush 
*Verdi* : Flush all FSDB Files at 0 ps.

ucli% if {[catch {ucliCore::setFocus tool}]} {}

ucli% fsdbDumpvars 0 "simulator.DCRFLI.DC_GEN\[10\].DC.CORE.o_sclk"  +all +trace_process

ucli% fsdbDumpflush 
*Verdi* : Flush all FSDB Files at 0 ps.

ucli% fsdbDumpvars 0 "simulator.DCRFLI.DC_GEN\[10\].DC.CORE.o_mosi"  +all +trace_process

ucli% fsdbDumpflush 
*Verdi* : Flush all FSDB Files at 0 ps.

ucli% fsdbDumpvars 0 "simulator.DCRFLI.DC_GEN\[10\].DC.CORE.i_miso"  +all +trace_process

ucli% fsdbDumpflush 
*Verdi* : Flush all FSDB Files at 0 ps.

ucli% fsdbDumpvars 0 "simulator.DCRFLI.DC_GEN\[10\].DC.CORE.o_cs_n"  +all +trace_process

ucli% fsdbDumpflush 
*Verdi* : Flush all FSDB Files at 0 ps.

ucli% fsdbDumpvars 0 "simulator.DCRFLI.DC_GEN\[10\].DC.CORE.o_ldac_n"  +all +trace_process

ucli% fsdbDumpflush 
*Verdi* : Flush all FSDB Files at 0 ps.

ucli% if {[catch {ucliCore::setFocus tool}]} {}

ucli% fsdbDumpvars 0 "simulator.DCRFLI.DC_GEN\[10\].DC.CORE.h"  +all +trace_process

ucli% fsdbDumpflush 
*Verdi* : Flush all FSDB Files at 0 ps.

ucli% fsdbDumpvars 0 "simulator.DCRFLI.DC_GEN\[10\].DC.CORE.o_next"  +all +trace_process

ucli% fsdbDumpflush 
*Verdi* : Flush all FSDB Files at 0 ps.

ucli% fsdbDumpvars 0 "simulator.DCRFLI.DC_GEN\[10\].DC.CORE.o_addr\[3:0\]"  +all +trace_process

ucli% fsdbDumpflush 
*Verdi* : Flush all FSDB Files at 0 ps.

ucli% fsdbDumpvars 0 "simulator.DCRFLI.DC_GEN\[10\].DC.CORE.o_iter\[9:0\]"  +all +trace_process

ucli% fsdbDumpflush 
*Verdi* : Flush all FSDB Files at 0 ps.

ucli% fsdbDumpvars 0 "simulator.DCRFLI.DC_GEN\[10\].DC.CORE.o_spi_din\[23:0\]"  +all +trace_process

ucli% fsdbDumpflush 
*Verdi* : Flush all FSDB Files at 0 ps.

ucli% fsdbDumpvars 0 "simulator.DCRFLI.DC_GEN\[10\].DC.CORE.o_spi_rd"  +all +trace_process

ucli% fsdbDumpflush 
*Verdi* : Flush all FSDB Files at 0 ps.

ucli% fsdbDumpvars 0 "simulator.DCRFLI.DC_GEN\[10\].DC.CORE.o_spi_dout\[23:0\]"  +all +trace_process

ucli% fsdbDumpflush 
*Verdi* : Flush all FSDB Files at 0 ps.

ucli% fsdbDumpvars 0 "simulator.DCRFLI.DC_GEN\[10\].DC.CORE.o_cycles_left\[29:0\]"  +all +trace_process

ucli% fsdbDumpflush 
*Verdi* : Flush all FSDB Files at 0 ps.

ucli% if {[catch {ucliCore::setFocus tool}]} {}

ucli% fsdbDumpvars 0 "simulator.DC_IO_GEN\[10\].DAC.valid_transaction"  +all +trace_process
*Verdi* : Dumping the signal (simulator.DC_IO_GEN[10].DAC.valid_transaction).

ucli% fsdbDumpflush 
*Verdi* : Flush all FSDB Files at 0 ps.

ucli% if {[catch {ucliCore::setFocus tool}]} {}

ucli% fsdbDumpvars 0 "simulator.DC_IO_GEN\[10\].DAC.input_shift_reg"  +all +trace_process
*Verdi* : Dumping the signal (simulator.DC_IO_GEN[10].DAC.input_shift_reg).

ucli% fsdbDumpflush 
*Verdi* : Flush all FSDB Files at 0 ps.

ucli% if {[catch {ucliCore::setFocus tool}]} {}

ucli% fsdbDumpvars 0 "simulator.DC_IO_GEN\[10\].DAC.rw"  +all +trace_process
*Verdi* : Dumping the signal (simulator.DC_IO_GEN[10].DAC.rw).

ucli% fsdbDumpflush 
*Verdi* : Flush all FSDB Files at 0 ps.

ucli% if {[catch {ucliCore::setFocus tool}]} {}

ucli% fsdbDumpvars 0 "simulator.DC_IO_GEN\[10\].DAC.addr"  +all +trace_process
*Verdi* : Dumping the signal (simulator.DC_IO_GEN[10].DAC.addr).

ucli% fsdbDumpflush 
*Verdi* : Flush all FSDB Files at 0 ps.

ucli% if {[catch {ucliCore::setFocus tool}]} {}

ucli% fsdbDumpvars 0 "simulator.DC_IO_GEN\[10\].DAC.data"  +all +trace_process
*Verdi* : Dumping the signal (simulator.DC_IO_GEN[10].DAC.data).

ucli% fsdbDumpflush 
*Verdi* : Flush all FSDB Files at 0 ps.

ucli% if {[catch {ucliCore::setFocus tool}]} {}

ucli% fsdbDumpvars 0 "simulator.DC_IO_GEN\[10\].DAC.rd_data"  +all +trace_process
*Verdi* : Dumping the signal (simulator.DC_IO_GEN[10].DAC.rd_data).

ucli% fsdbDumpflush 
*Verdi* : Flush all FSDB Files at 0 ps.

ucli% if {[catch {ucliCore::setFocus tool}]} {}

ucli% fsdbDumpvars 0 "simulator.DC_IO_GEN\[10\].DAC.SCLK"  +all +trace_process
*Verdi* : Dumping the signal (simulator.DC_IO_GEN[10].DAC.SCLK).

ucli% fsdbDumpflush 
*Verdi* : Flush all FSDB Files at 0 ps.

ucli% if {[catch {ucliCore::setFocus tool}]} {}

ucli% fsdbDumpvars 0 "simulator.DC_IO_GEN\[10\].DAC.SDIN"  +all +trace_process
*Verdi* : Dumping the signal (simulator.DC_IO_GEN[10].DAC.SDIN).

ucli% fsdbDumpflush 
*Verdi* : Flush all FSDB Files at 0 ps.

ucli% if {[catch {ucliCore::setFocus tool}]} {}

ucli% fsdbDumpvars 0 "simulator.DC_IO_GEN\[10\].DAC.SYNC_N"  +all +trace_process
*Verdi* : Dumping the signal (simulator.DC_IO_GEN[10].DAC.SYNC_N).

ucli% fsdbDumpflush 
*Verdi* : Flush all FSDB Files at 0 ps.

ucli% if {[catch {ucliCore::setFocus tool}]} {}

ucli% fsdbDumpvars 0 "simulator.DC_IO_GEN\[10\].DAC.SDO"  +all +trace_process
*Verdi* : Dumping the signal (simulator.DC_IO_GEN[10].DAC.SDO).

ucli% fsdbDumpflush 
*Verdi* : Flush all FSDB Files at 0 ps.

ucli% if {[catch {ucliCore::setFocus tool}]} {}

ucli% fsdbDumpvars 0 "simulator.DC_IO_GEN\[10\].DAC.LDAC_N"  +all +trace_process
*Verdi* : Dumping the signal (simulator.DC_IO_GEN[10].DAC.LDAC_N).

ucli% fsdbDumpflush 
*Verdi* : Flush all FSDB Files at 0 ps.

ucli% if {[catch {ucliCore::setFocus tool}]} {}

ucli% fsdbDumpvars 0 "simulator.DC_IO_GEN\[10\].DAC.CLR_N"  +all +trace_process
*Verdi* : Dumping the signal (simulator.DC_IO_GEN[10].DAC.CLR_N).

ucli% fsdbDumpflush 
*Verdi* : Flush all FSDB Files at 0 ps.

ucli% if {[catch {ucliCore::setFocus tool}]} {}

ucli% fsdbDumpvars 0 "simulator.DC_IO_GEN\[10\].DAC.RESET_N"  +all +trace_process
*Verdi* : Dumping the signal (simulator.DC_IO_GEN[10].DAC.RESET_N).

ucli% fsdbDumpflush 
*Verdi* : Flush all FSDB Files at 0 ps.

ucli% if {[catch {ucliCore::setFocus tool}]} {}

ucli% fsdbDumpvars 0 "simulator.DC_IO_GEN\[10\].DAC.dac_reg"  +all +trace_process
*Verdi* : Dumping the signal (simulator.DC_IO_GEN[10].DAC.dac_reg).

ucli% fsdbDumpflush 
*Verdi* : Flush all FSDB Files at 0 ps.

ucli% if {[catch {ucliCore::setFocus tool}]} {}

ucli% fsdbDumpvars 0 "simulator.DC_IO_GEN\[10\].DAC.ctrl_reg"  +all +trace_process
*Verdi* : Dumping the signal (simulator.DC_IO_GEN[10].DAC.ctrl_reg).

ucli% fsdbDumpflush 
*Verdi* : Flush all FSDB Files at 0 ps.

ucli% if {[catch {ucliCore::setFocus tool}]} {}

ucli% fsdbDumpvars 0 "simulator.DC_IO_GEN\[10\].DAC.clrcode_reg"  +all +trace_process
*Verdi* : Dumping the signal (simulator.DC_IO_GEN[10].DAC.clrcode_reg).

ucli% fsdbDumpflush 
*Verdi* : Flush all FSDB Files at 0 ps.

ucli% if {[catch {ucliCore::setFocus tool}]} {}

ucli% fsdbDumpvars 0 "simulator.DC_IO_GEN\[10\].DAC.sw_ctrl_reg"  +all +trace_process
*Verdi* : Dumping the signal (simulator.DC_IO_GEN[10].DAC.sw_ctrl_reg).

ucli% fsdbDumpflush 
*Verdi* : Flush all FSDB Files at 0 ps.

ucli% if {[catch {ucliCore::setFocus tool}]} {}

ucli% fsdbDumpvars 0 "simulator.DC_IO_GEN\[10\].DAC.dac_input_reg"  +all +trace_process
*Verdi* : Dumping the signal (simulator.DC_IO_GEN[10].DAC.dac_input_reg).

ucli% fsdbDumpflush 
*Verdi* : Flush all FSDB Files at 0 ps.

ucli% if {[catch {ucliCore::setFocus tool}]} {}

ucli% fsdbDumpvars 0 "simulator.DC_IO_GEN\[10\].DAC.SDODIS"  +all +trace_process
*Verdi* : Dumping the signal (simulator.DC_IO_GEN[10].DAC.SDODIS).

ucli% fsdbDumpflush 
*Verdi* : Flush all FSDB Files at 0 ps.

ucli% if {[catch {ucliCore::setFocus tool}]} {}

ucli% fsdbDumpvars 0 "simulator.DC_IO_GEN\[10\].DAC.DACTRI"  +all +trace_process
*Verdi* : Dumping the signal (simulator.DC_IO_GEN[10].DAC.DACTRI).

ucli% fsdbDumpflush 
*Verdi* : Flush all FSDB Files at 0 ps.

ucli% if {[catch {ucliCore::setFocus tool}]} {}

ucli% fsdbDumpvars 0 "simulator.DC_IO_GEN\[10\].DAC.OPGND"  +all +trace_process
*Verdi* : Dumping the signal (simulator.DC_IO_GEN[10].DAC.OPGND).

ucli% fsdbDumpflush 
*Verdi* : Flush all FSDB Files at 0 ps.

ucli% if {[catch {ucliCore::setFocus tool}]} {}

ucli% fsdbDumpvars 0 "simulator.DC_IO_GEN\[10\].DAC.VOUT"  +all +trace_process
*Verdi* : Dumping the signal (simulator.DC_IO_GEN[10].DAC.VOUT).

ucli% fsdbDumpflush 
*Verdi* : Flush all FSDB Files at 0 ps.

ucli% if {[catch {ucliCore::setFocus tool}]} {}

ucli% fsdbDumpvars 0 "simulator.DC_IO_GEN\[10\].DAC.VDIGITAL"  +all +trace_process
*Verdi* : Dumping the signal (simulator.DC_IO_GEN[10].DAC.VDIGITAL).

ucli% fsdbDumpflush 
*Verdi* : Flush all FSDB Files at 0 ps.

ucli% if {[catch {ucliCore::setFocus tool}]} {}

ucli% fsdbDumpvars 0 "simulator.DC_IO_GEN\[9\].REGS.AXIL_REGS.i_aclk"  +all +trace_process

ucli% fsdbDumpflush 
*Verdi* : Flush all FSDB Files at 0 ps.

ucli% fsdbDumpvars 0 "simulator.DC_IO_GEN\[9\].REGS.AXIL_REGS.i_aresetn"  +all +trace_process

ucli% fsdbDumpflush 
*Verdi* : Flush all FSDB Files at 0 ps.

ucli% fsdbDumpvars 0 "simulator.DC_IO_GEN\[9\].REGS.AXIL_REGS.r_regs\[0:31\]\[31:0\]"  +all +trace_process

ucli% fsdbDumpflush 
*Verdi* : Flush all FSDB Files at 0 ps.

ucli% fsdbDumpvars 0 "simulator.DC_IO_GEN\[9\].REGS.AXIL_REGS.o_regs\[0:31\]\[31:0\]"  +all +trace_process

ucli% fsdbDumpflush 
*Verdi* : Flush all FSDB Files at 0 ps.

ucli% if {[catch {ucliCore::setFocus tool}]} {}

ucli% fsdbDumpvars 0 "simulator.DC_IO_GEN\[9\].REGS.AXIL_REGS.o_awready"  +all +trace_process

ucli% fsdbDumpflush 
*Verdi* : Flush all FSDB Files at 0 ps.

ucli% fsdbDumpvars 0 "simulator.DC_IO_GEN\[9\].REGS.AXIL_REGS.i_awvalid"  +all +trace_process

ucli% fsdbDumpflush 
*Verdi* : Flush all FSDB Files at 0 ps.

ucli% fsdbDumpvars 0 "simulator.DC_IO_GEN\[9\].REGS.AXIL_REGS.i_awaddr\[6:0\]"  +all +trace_process

ucli% fsdbDumpflush 
*Verdi* : Flush all FSDB Files at 0 ps.

ucli% fsdbDumpvars 0 "simulator.DC_IO_GEN\[9\].REGS.AXIL_REGS.w_awireg\[4:0\]"  +all +trace_process

ucli% fsdbDumpflush 
*Verdi* : Flush all FSDB Files at 0 ps.

ucli% fsdbDumpvars 0 "simulator.DC_IO_GEN\[9\].REGS.AXIL_REGS.w_awls2b\[1:0\]"  +all +trace_process

ucli% fsdbDumpflush 
*Verdi* : Flush all FSDB Files at 0 ps.

ucli% if {[catch {ucliCore::setFocus tool}]} {}

ucli% fsdbDumpvars 0 "simulator.DC_IO_GEN\[9\].REGS.AXIL_REGS.o_wready"  +all +trace_process

ucli% fsdbDumpflush 
*Verdi* : Flush all FSDB Files at 0 ps.

ucli% fsdbDumpvars 0 "simulator.DC_IO_GEN\[9\].REGS.AXIL_REGS.i_wvalid"  +all +trace_process

ucli% fsdbDumpflush 
*Verdi* : Flush all FSDB Files at 0 ps.

ucli% fsdbDumpvars 0 "simulator.DC_IO_GEN\[9\].REGS.AXIL_REGS.i_wdata\[31:0\]"  +all +trace_process

ucli% fsdbDumpflush 
*Verdi* : Flush all FSDB Files at 0 ps.

ucli% fsdbDumpvars 0 "simulator.DC_IO_GEN\[9\].REGS.AXIL_REGS.i_wstrb\[3:0\]"  +all +trace_process

ucli% fsdbDumpflush 
*Verdi* : Flush all FSDB Files at 0 ps.

ucli% fsdbDumpvars 0 "simulator.DC_IO_GEN\[9\].REGS.AXIL_REGS.w_wdatastrb\[31:0\]"  +all +trace_process

ucli% fsdbDumpflush 
*Verdi* : Flush all FSDB Files at 0 ps.

ucli% if {[catch {ucliCore::setFocus tool}]} {}

ucli% fsdbDumpvars 0 "simulator.DC_IO_GEN\[9\].REGS.AXIL_REGS.i_bready"  +all +trace_process

ucli% fsdbDumpflush 
*Verdi* : Flush all FSDB Files at 0 ps.

ucli% fsdbDumpvars 0 "simulator.DC_IO_GEN\[9\].REGS.AXIL_REGS.o_bvalid"  +all +trace_process

ucli% fsdbDumpflush 
*Verdi* : Flush all FSDB Files at 0 ps.

ucli% fsdbDumpvars 0 "simulator.DC_IO_GEN\[9\].REGS.AXIL_REGS.o_bresp\[1:0\]"  +all +trace_process

ucli% fsdbDumpflush 
*Verdi* : Flush all FSDB Files at 0 ps.

ucli% if {[catch {ucliCore::setFocus tool}]} {}

ucli% fsdbDumpvars 0 "simulator.DC_IO_GEN\[9\].REGS.AXIL_REGS.o_arready"  +all +trace_process

ucli% fsdbDumpflush 
*Verdi* : Flush all FSDB Files at 0 ps.

ucli% fsdbDumpvars 0 "simulator.DC_IO_GEN\[9\].REGS.AXIL_REGS.i_arvalid"  +all +trace_process

ucli% fsdbDumpflush 
*Verdi* : Flush all FSDB Files at 0 ps.

ucli% fsdbDumpvars 0 "simulator.DC_IO_GEN\[9\].REGS.AXIL_REGS.i_araddr\[6:0\]"  +all +trace_process

ucli% fsdbDumpflush 
*Verdi* : Flush all FSDB Files at 0 ps.

ucli% fsdbDumpvars 0 "simulator.DC_IO_GEN\[9\].REGS.AXIL_REGS.w_arireg\[4:0\]"  +all +trace_process

ucli% fsdbDumpflush 
*Verdi* : Flush all FSDB Files at 0 ps.

ucli% fsdbDumpvars 0 "simulator.DC_IO_GEN\[9\].REGS.AXIL_REGS.w_arls2b\[1:0\]"  +all +trace_process

ucli% fsdbDumpflush 
*Verdi* : Flush all FSDB Files at 0 ps.

ucli% if {[catch {ucliCore::setFocus tool}]} {}

ucli% fsdbDumpvars 0 "simulator.DC_IO_GEN\[9\].REGS.AXIL_REGS.i_rready"  +all +trace_process

ucli% fsdbDumpflush 
*Verdi* : Flush all FSDB Files at 0 ps.

ucli% fsdbDumpvars 0 "simulator.DC_IO_GEN\[9\].REGS.AXIL_REGS.o_rvalid"  +all +trace_process

ucli% fsdbDumpflush 
*Verdi* : Flush all FSDB Files at 0 ps.

ucli% fsdbDumpvars 0 "simulator.DC_IO_GEN\[9\].REGS.AXIL_REGS.o_rdata\[31:0\]"  +all +trace_process

ucli% fsdbDumpflush 
*Verdi* : Flush all FSDB Files at 0 ps.

ucli% fsdbDumpvars 0 "simulator.DC_IO_GEN\[9\].REGS.AXIL_REGS.o_rresp\[1:0\]"  +all +trace_process

ucli% fsdbDumpflush 
*Verdi* : Flush all FSDB Files at 0 ps.

ucli% if {[catch {ucliCore::setFocus tool}]} {}

ucli% fsdbDumpvars 0 "simulator.DCRFLI.DC_GEN\[9\].DC.SEQ.i_clk"  +all +trace_process

ucli% fsdbDumpflush 
*Verdi* : Flush all FSDB Files at 0 ps.

ucli% fsdbDumpvars 0 "simulator.DCRFLI.DC_GEN\[9\].DC.SEQ.i_rst"  +all +trace_process

ucli% fsdbDumpflush 
*Verdi* : Flush all FSDB Files at 0 ps.

ucli% fsdbDumpvars 0 "simulator.DCRFLI.DC_GEN\[9\].DC.SEQ.w_propagate"  +all +trace_process

ucli% fsdbDumpflush 
*Verdi* : Flush all FSDB Files at 0 ps.

ucli% if {[catch {ucliCore::setFocus tool}]} {}

ucli% fsdbDumpvars 0 "simulator.DCRFLI.DC_GEN\[9\].DC.SEQ.i_regs\[0:31\]\[31:0\]"  +all +trace_process

ucli% fsdbDumpflush 
*Verdi* : Flush all FSDB Files at 0 ps.

ucli% fsdbDumpvars 0 "simulator.DCRFLI.DC_GEN\[9\].DC.SEQ.w_last0"  +all +trace_process

ucli% fsdbDumpflush 
*Verdi* : Flush all FSDB Files at 0 ps.

ucli% fsdbDumpvars 0 "simulator.DCRFLI.DC_GEN\[9\].DC.SEQ.w_last0_ff1"  +all +trace_process

ucli% fsdbDumpflush 
*Verdi* : Flush all FSDB Files at 0 ps.

ucli% fsdbDumpvars 0 "simulator.DCRFLI.DC_GEN\[9\].DC.SEQ.w_last0_ff2"  +all +trace_process

ucli% fsdbDumpflush 
*Verdi* : Flush all FSDB Files at 0 ps.

ucli% fsdbDumpvars 0 "simulator.DCRFLI.DC_GEN\[9\].DC.SEQ.w_new_sequence"  +all +trace_process

ucli% fsdbDumpflush 
*Verdi* : Flush all FSDB Files at 0 ps.

ucli% if {[catch {ucliCore::setFocus tool}]} {}

ucli% fsdbDumpvars 0 "simulator.DCRFLI.DC_GEN\[9\].DC.SEQ.r_sequence\[0:9\]\[91:0\]"  +all +trace_process

ucli% fsdbDumpflush 
*Verdi* : Flush all FSDB Files at 0 ps.

ucli% fsdbDumpvars 0 "simulator.DCRFLI.DC_GEN\[9\].DC.SEQ.r_iters\[10:0\]"  +all +trace_process

ucli% fsdbDumpflush 
*Verdi* : Flush all FSDB Files at 0 ps.

ucli% fsdbDumpvars 0 "simulator.DCRFLI.DC_GEN\[9\].DC.SEQ.r_iptr\[3:0\]"  +all +trace_process

ucli% fsdbDumpflush 
*Verdi* : Flush all FSDB Files at 0 ps.

ucli% fsdbDumpvars 0 "simulator.DCRFLI.DC_GEN\[9\].DC.SEQ.w_insn_fetch\[91:0\]"  +all +trace_process

ucli% fsdbDumpflush 
*Verdi* : Flush all FSDB Files at 0 ps.

ucli% fsdbDumpvars 0 "simulator.DCRFLI.DC_GEN\[9\].DC.SEQ.w_insn_bubble"  +all +trace_process

ucli% fsdbDumpflush 
*Verdi* : Flush all FSDB Files at 0 ps.

ucli% fsdbDumpvars 0 "simulator.DCRFLI.DC_GEN\[9\].DC.SEQ.w_iptr_plus1\[3:0\]"  +all +trace_process

ucli% fsdbDumpflush 
*Verdi* : Flush all FSDB Files at 0 ps.

ucli% fsdbDumpvars 0 "simulator.DCRFLI.DC_GEN\[9\].DC.SEQ.w_next_null"  +all +trace_process

ucli% fsdbDumpflush 
*Verdi* : Flush all FSDB Files at 0 ps.

ucli% if {[catch {ucliCore::setFocus tool}]} {}

ucli% fsdbDumpvars 0 "simulator.DCRFLI.DC_GEN\[9\].DC.SEQ.o_empty"  +all +trace_process

ucli% fsdbDumpflush 
*Verdi* : Flush all FSDB Files at 0 ps.

ucli% fsdbDumpvars 0 "simulator.DCRFLI.DC_GEN\[9\].DC.SEQ.i_next"  +all +trace_process

ucli% fsdbDumpflush 
*Verdi* : Flush all FSDB Files at 0 ps.

ucli% fsdbDumpvars 0 "simulator.DCRFLI.DC_GEN\[9\].DC.SEQ.o_addr\[3:0\]"  +all +trace_process

ucli% fsdbDumpflush 
*Verdi* : Flush all FSDB Files at 0 ps.

ucli% fsdbDumpvars 0 "simulator.DCRFLI.DC_GEN\[9\].DC.SEQ.o_insn\[91:0\]"  +all +trace_process

ucli% fsdbDumpflush 
*Verdi* : Flush all FSDB Files at 0 ps.

ucli% fsdbDumpvars 0 "simulator.DCRFLI.DC_GEN\[9\].DC.SEQ.r_iptr_modify\[3:0\]"  +all +trace_process

ucli% fsdbDumpflush 
*Verdi* : Flush all FSDB Files at 0 ps.

ucli% fsdbDumpvars 0 "simulator.DCRFLI.DC_GEN\[9\].DC.SEQ.i_insn_modified\[91:0\]"  +all +trace_process

ucli% fsdbDumpflush 
*Verdi* : Flush all FSDB Files at 0 ps.

ucli% if {[catch {ucliCore::setFocus tool}]} {}

ucli% fsdbDumpvars 0 "simulator.DCRFLI.DC_GEN\[9\].DC.CORE.i_clk"  +all +trace_process

ucli% fsdbDumpflush 
*Verdi* : Flush all FSDB Files at 0 ps.

ucli% fsdbDumpvars 0 "simulator.DCRFLI.DC_GEN\[9\].DC.CORE.i_rst"  +all +trace_process

ucli% fsdbDumpflush 
*Verdi* : Flush all FSDB Files at 0 ps.

ucli% fsdbDumpvars 0 "simulator.DCRFLI.DC_GEN\[9\].DC.CORE.w_stall"  +all +trace_process

ucli% fsdbDumpflush 
*Verdi* : Flush all FSDB Files at 0 ps.

ucli% if {[catch {ucliCore::setFocus tool}]} {}

ucli% fsdbDumpvars 0 "simulator.DCRFLI.DC_GEN\[9\].DC.CORE.d"  +all +trace_process

ucli% fsdbDumpflush 
*Verdi* : Flush all FSDB Files at 0 ps.

ucli% fsdbDumpvars 0 "simulator.DCRFLI.DC_GEN\[9\].DC.CORE.i_empty"  +all +trace_process

ucli% fsdbDumpflush 
*Verdi* : Flush all FSDB Files at 0 ps.

ucli% fsdbDumpvars 0 "simulator.DCRFLI.DC_GEN\[9\].DC.CORE.o_next"  +all +trace_process

ucli% fsdbDumpflush 
*Verdi* : Flush all FSDB Files at 0 ps.

ucli% fsdbDumpvars 0 "simulator.DCRFLI.DC_GEN\[9\].DC.CORE.i_addr\[3:0\]"  +all +trace_process

ucli% fsdbDumpflush 
*Verdi* : Flush all FSDB Files at 0 ps.

ucli% fsdbDumpvars 0 "simulator.DCRFLI.DC_GEN\[9\].DC.CORE.i_insn\[91:0\]"  +all +trace_process

ucli% fsdbDumpflush 
*Verdi* : Flush all FSDB Files at 0 ps.

ucli% fsdbDumpvars 0 "simulator.DCRFLI.DC_GEN\[9\].DC.CORE.o_insn_modified"  +all +trace_process

ucli% fsdbDumpflush 
*Verdi* : Flush all FSDB Files at 0 ps.

ucli% if {[catch {ucliCore::setFocus tool}]} {}

ucli% fsdbDumpvars 0 "simulator.DCRFLI.DC_GEN\[9\].DC.CORE.i"  +all +trace_process

ucli% fsdbDumpflush 
*Verdi* : Flush all FSDB Files at 0 ps.

ucli% if {[catch {ucliCore::setFocus tool}]} {}

ucli% fsdbDumpvars 0 "simulator.DCRFLI.DC_GEN\[9\].DC.CORE.s"  +all +trace_process

ucli% fsdbDumpflush 
*Verdi* : Flush all FSDB Files at 0 ps.

ucli% fsdbDumpvars 0 "simulator.DCRFLI.DC_GEN\[9\].DC.CORE.w_dvsr\[15:0\]"  +all +trace_process

ucli% fsdbDumpflush 
*Verdi* : Flush all FSDB Files at 0 ps.

ucli% fsdbDumpvars 0 "simulator.DCRFLI.DC_GEN\[9\].DC.CORE.w_spi_dout\[23:0\]"  +all +trace_process

ucli% fsdbDumpflush 
*Verdi* : Flush all FSDB Files at 0 ps.

ucli% fsdbDumpvars 0 "simulator.DCRFLI.DC_GEN\[9\].DC.CORE.w_spi_done"  +all +trace_process

ucli% fsdbDumpflush 
*Verdi* : Flush all FSDB Files at 0 ps.

ucli% fsdbDumpvars 0 "simulator.DCRFLI.DC_GEN\[9\].DC.CORE.o_armed"  +all +trace_process

ucli% fsdbDumpflush 
*Verdi* : Flush all FSDB Files at 0 ps.

ucli% fsdbDumpvars 0 "simulator.DCRFLI.DC_GEN\[9\].DC.CORE.i_start"  +all +trace_process

ucli% fsdbDumpflush 
*Verdi* : Flush all FSDB Files at 0 ps.

ucli% if {[catch {ucliCore::setFocus tool}]} {}

ucli% fsdbDumpvars 0 "simulator.DCRFLI.DC_GEN\[9\].DC.CORE.o_sclk"  +all +trace_process

ucli% fsdbDumpflush 
*Verdi* : Flush all FSDB Files at 0 ps.

ucli% fsdbDumpvars 0 "simulator.DCRFLI.DC_GEN\[9\].DC.CORE.o_mosi"  +all +trace_process

ucli% fsdbDumpflush 
*Verdi* : Flush all FSDB Files at 0 ps.

ucli% fsdbDumpvars 0 "simulator.DCRFLI.DC_GEN\[9\].DC.CORE.i_miso"  +all +trace_process

ucli% fsdbDumpflush 
*Verdi* : Flush all FSDB Files at 0 ps.

ucli% fsdbDumpvars 0 "simulator.DCRFLI.DC_GEN\[9\].DC.CORE.o_cs_n"  +all +trace_process

ucli% fsdbDumpflush 
*Verdi* : Flush all FSDB Files at 0 ps.

ucli% fsdbDumpvars 0 "simulator.DCRFLI.DC_GEN\[9\].DC.CORE.o_ldac_n"  +all +trace_process

ucli% fsdbDumpflush 
*Verdi* : Flush all FSDB Files at 0 ps.

ucli% if {[catch {ucliCore::setFocus tool}]} {}

ucli% fsdbDumpvars 0 "simulator.DCRFLI.DC_GEN\[9\].DC.CORE.h"  +all +trace_process

ucli% fsdbDumpflush 
*Verdi* : Flush all FSDB Files at 0 ps.

ucli% fsdbDumpvars 0 "simulator.DCRFLI.DC_GEN\[9\].DC.CORE.o_next"  +all +trace_process

ucli% fsdbDumpflush 
*Verdi* : Flush all FSDB Files at 0 ps.

ucli% fsdbDumpvars 0 "simulator.DCRFLI.DC_GEN\[9\].DC.CORE.o_addr\[3:0\]"  +all +trace_process

ucli% fsdbDumpflush 
*Verdi* : Flush all FSDB Files at 0 ps.

ucli% fsdbDumpvars 0 "simulator.DCRFLI.DC_GEN\[9\].DC.CORE.o_iter\[9:0\]"  +all +trace_process

ucli% fsdbDumpflush 
*Verdi* : Flush all FSDB Files at 0 ps.

ucli% fsdbDumpvars 0 "simulator.DCRFLI.DC_GEN\[9\].DC.CORE.o_spi_din\[23:0\]"  +all +trace_process

ucli% fsdbDumpflush 
*Verdi* : Flush all FSDB Files at 0 ps.

ucli% fsdbDumpvars 0 "simulator.DCRFLI.DC_GEN\[9\].DC.CORE.o_spi_rd"  +all +trace_process

ucli% fsdbDumpflush 
*Verdi* : Flush all FSDB Files at 0 ps.

ucli% fsdbDumpvars 0 "simulator.DCRFLI.DC_GEN\[9\].DC.CORE.o_spi_dout\[23:0\]"  +all +trace_process

ucli% fsdbDumpflush 
*Verdi* : Flush all FSDB Files at 0 ps.

ucli% fsdbDumpvars 0 "simulator.DCRFLI.DC_GEN\[9\].DC.CORE.o_cycles_left\[29:0\]"  +all +trace_process

ucli% fsdbDumpflush 
*Verdi* : Flush all FSDB Files at 0 ps.

ucli% if {[catch {ucliCore::setFocus tool}]} {}

ucli% fsdbDumpvars 0 "simulator.DC_IO_GEN\[9\].DAC.valid_transaction"  +all +trace_process
*Verdi* : Dumping the signal (simulator.DC_IO_GEN[9].DAC.valid_transaction).

ucli% fsdbDumpflush 
*Verdi* : Flush all FSDB Files at 0 ps.

ucli% if {[catch {ucliCore::setFocus tool}]} {}

ucli% fsdbDumpvars 0 "simulator.DC_IO_GEN\[9\].DAC.input_shift_reg"  +all +trace_process
*Verdi* : Dumping the signal (simulator.DC_IO_GEN[9].DAC.input_shift_reg).

ucli% fsdbDumpflush 
*Verdi* : Flush all FSDB Files at 0 ps.

ucli% if {[catch {ucliCore::setFocus tool}]} {}

ucli% fsdbDumpvars 0 "simulator.DC_IO_GEN\[9\].DAC.rw"  +all +trace_process
*Verdi* : Dumping the signal (simulator.DC_IO_GEN[9].DAC.rw).

ucli% fsdbDumpflush 
*Verdi* : Flush all FSDB Files at 0 ps.

ucli% if {[catch {ucliCore::setFocus tool}]} {}

ucli% fsdbDumpvars 0 "simulator.DC_IO_GEN\[9\].DAC.addr"  +all +trace_process
*Verdi* : Dumping the signal (simulator.DC_IO_GEN[9].DAC.addr).

ucli% fsdbDumpflush 
*Verdi* : Flush all FSDB Files at 0 ps.

ucli% if {[catch {ucliCore::setFocus tool}]} {}

ucli% fsdbDumpvars 0 "simulator.DC_IO_GEN\[9\].DAC.data"  +all +trace_process
*Verdi* : Dumping the signal (simulator.DC_IO_GEN[9].DAC.data).

ucli% fsdbDumpflush 
*Verdi* : Flush all FSDB Files at 0 ps.

ucli% if {[catch {ucliCore::setFocus tool}]} {}

ucli% fsdbDumpvars 0 "simulator.DC_IO_GEN\[9\].DAC.rd_data"  +all +trace_process
*Verdi* : Dumping the signal (simulator.DC_IO_GEN[9].DAC.rd_data).

ucli% fsdbDumpflush 
*Verdi* : Flush all FSDB Files at 0 ps.

ucli% if {[catch {ucliCore::setFocus tool}]} {}

ucli% fsdbDumpvars 0 "simulator.DC_IO_GEN\[9\].DAC.SCLK"  +all +trace_process
*Verdi* : Dumping the signal (simulator.DC_IO_GEN[9].DAC.SCLK).

ucli% fsdbDumpflush 
*Verdi* : Flush all FSDB Files at 0 ps.

ucli% if {[catch {ucliCore::setFocus tool}]} {}

ucli% fsdbDumpvars 0 "simulator.DC_IO_GEN\[9\].DAC.SDIN"  +all +trace_process
*Verdi* : Dumping the signal (simulator.DC_IO_GEN[9].DAC.SDIN).

ucli% fsdbDumpflush 
*Verdi* : Flush all FSDB Files at 0 ps.

ucli% if {[catch {ucliCore::setFocus tool}]} {}

ucli% fsdbDumpvars 0 "simulator.DC_IO_GEN\[9\].DAC.SYNC_N"  +all +trace_process
*Verdi* : Dumping the signal (simulator.DC_IO_GEN[9].DAC.SYNC_N).

ucli% fsdbDumpflush 
*Verdi* : Flush all FSDB Files at 0 ps.

ucli% if {[catch {ucliCore::setFocus tool}]} {}

ucli% fsdbDumpvars 0 "simulator.DC_IO_GEN\[9\].DAC.SDO"  +all +trace_process
*Verdi* : Dumping the signal (simulator.DC_IO_GEN[9].DAC.SDO).

ucli% fsdbDumpflush 
*Verdi* : Flush all FSDB Files at 0 ps.

ucli% if {[catch {ucliCore::setFocus tool}]} {}

ucli% fsdbDumpvars 0 "simulator.DC_IO_GEN\[9\].DAC.LDAC_N"  +all +trace_process
*Verdi* : Dumping the signal (simulator.DC_IO_GEN[9].DAC.LDAC_N).

ucli% fsdbDumpflush 
*Verdi* : Flush all FSDB Files at 0 ps.

ucli% if {[catch {ucliCore::setFocus tool}]} {}

ucli% fsdbDumpvars 0 "simulator.DC_IO_GEN\[9\].DAC.CLR_N"  +all +trace_process
*Verdi* : Dumping the signal (simulator.DC_IO_GEN[9].DAC.CLR_N).

ucli% fsdbDumpflush 
*Verdi* : Flush all FSDB Files at 0 ps.

ucli% if {[catch {ucliCore::setFocus tool}]} {}

ucli% fsdbDumpvars 0 "simulator.DC_IO_GEN\[9\].DAC.RESET_N"  +all +trace_process
*Verdi* : Dumping the signal (simulator.DC_IO_GEN[9].DAC.RESET_N).

ucli% fsdbDumpflush 
*Verdi* : Flush all FSDB Files at 0 ps.

ucli% if {[catch {ucliCore::setFocus tool}]} {}

ucli% fsdbDumpvars 0 "simulator.DC_IO_GEN\[9\].DAC.dac_reg"  +all +trace_process
*Verdi* : Dumping the signal (simulator.DC_IO_GEN[9].DAC.dac_reg).

ucli% fsdbDumpflush 
*Verdi* : Flush all FSDB Files at 0 ps.

ucli% if {[catch {ucliCore::setFocus tool}]} {}

ucli% fsdbDumpvars 0 "simulator.DC_IO_GEN\[9\].DAC.ctrl_reg"  +all +trace_process
*Verdi* : Dumping the signal (simulator.DC_IO_GEN[9].DAC.ctrl_reg).

ucli% fsdbDumpflush 
*Verdi* : Flush all FSDB Files at 0 ps.

ucli% if {[catch {ucliCore::setFocus tool}]} {}

ucli% fsdbDumpvars 0 "simulator.DC_IO_GEN\[9\].DAC.clrcode_reg"  +all +trace_process
*Verdi* : Dumping the signal (simulator.DC_IO_GEN[9].DAC.clrcode_reg).

ucli% fsdbDumpflush 
*Verdi* : Flush all FSDB Files at 0 ps.

ucli% if {[catch {ucliCore::setFocus tool}]} {}

ucli% fsdbDumpvars 0 "simulator.DC_IO_GEN\[9\].DAC.sw_ctrl_reg"  +all +trace_process
*Verdi* : Dumping the signal (simulator.DC_IO_GEN[9].DAC.sw_ctrl_reg).

ucli% fsdbDumpflush 
*Verdi* : Flush all FSDB Files at 0 ps.

ucli% if {[catch {ucliCore::setFocus tool}]} {}

ucli% fsdbDumpvars 0 "simulator.DC_IO_GEN\[9\].DAC.dac_input_reg"  +all +trace_process
*Verdi* : Dumping the signal (simulator.DC_IO_GEN[9].DAC.dac_input_reg).

ucli% fsdbDumpflush 
*Verdi* : Flush all FSDB Files at 0 ps.

ucli% if {[catch {ucliCore::setFocus tool}]} {}

ucli% fsdbDumpvars 0 "simulator.DC_IO_GEN\[9\].DAC.SDODIS"  +all +trace_process
*Verdi* : Dumping the signal (simulator.DC_IO_GEN[9].DAC.SDODIS).

ucli% fsdbDumpflush 
*Verdi* : Flush all FSDB Files at 0 ps.

ucli% if {[catch {ucliCore::setFocus tool}]} {}

ucli% fsdbDumpvars 0 "simulator.DC_IO_GEN\[9\].DAC.DACTRI"  +all +trace_process
*Verdi* : Dumping the signal (simulator.DC_IO_GEN[9].DAC.DACTRI).

ucli% fsdbDumpflush 
*Verdi* : Flush all FSDB Files at 0 ps.

ucli% if {[catch {ucliCore::setFocus tool}]} {}

ucli% fsdbDumpvars 0 "simulator.DC_IO_GEN\[9\].DAC.OPGND"  +all +trace_process
*Verdi* : Dumping the signal (simulator.DC_IO_GEN[9].DAC.OPGND).

ucli% fsdbDumpflush 
*Verdi* : Flush all FSDB Files at 0 ps.

ucli% if {[catch {ucliCore::setFocus tool}]} {}

ucli% fsdbDumpvars 0 "simulator.DC_IO_GEN\[9\].DAC.VOUT"  +all +trace_process
*Verdi* : Dumping the signal (simulator.DC_IO_GEN[9].DAC.VOUT).

ucli% fsdbDumpflush 
*Verdi* : Flush all FSDB Files at 0 ps.

ucli% if {[catch {ucliCore::setFocus tool}]} {}

ucli% fsdbDumpvars 0 "simulator.DC_IO_GEN\[9\].DAC.VDIGITAL"  +all +trace_process
*Verdi* : Dumping the signal (simulator.DC_IO_GEN[9].DAC.VDIGITAL).

ucli% fsdbDumpflush 
*Verdi* : Flush all FSDB Files at 0 ps.

ucli% if {[catch {ucliCore::setFocus tool}]} {}

ucli% fsdbDumpvars 0 "simulator.DC_IO_GEN\[8\].REGS.AXIL_REGS.i_aclk"  +all +trace_process

ucli% fsdbDumpflush 
*Verdi* : Flush all FSDB Files at 0 ps.

ucli% fsdbDumpvars 0 "simulator.DC_IO_GEN\[8\].REGS.AXIL_REGS.i_aresetn"  +all +trace_process

ucli% fsdbDumpflush 
*Verdi* : Flush all FSDB Files at 0 ps.

ucli% fsdbDumpvars 0 "simulator.DC_IO_GEN\[8\].REGS.AXIL_REGS.r_regs\[0:31\]\[31:0\]"  +all +trace_process

ucli% fsdbDumpflush 
*Verdi* : Flush all FSDB Files at 0 ps.

ucli% fsdbDumpvars 0 "simulator.DC_IO_GEN\[8\].REGS.AXIL_REGS.o_regs\[0:31\]\[31:0\]"  +all +trace_process

ucli% fsdbDumpflush 
*Verdi* : Flush all FSDB Files at 0 ps.

ucli% if {[catch {ucliCore::setFocus tool}]} {}

ucli% fsdbDumpvars 0 "simulator.DC_IO_GEN\[8\].REGS.AXIL_REGS.o_awready"  +all +trace_process

ucli% fsdbDumpflush 
*Verdi* : Flush all FSDB Files at 0 ps.

ucli% fsdbDumpvars 0 "simulator.DC_IO_GEN\[8\].REGS.AXIL_REGS.i_awvalid"  +all +trace_process

ucli% fsdbDumpflush 
*Verdi* : Flush all FSDB Files at 0 ps.

ucli% fsdbDumpvars 0 "simulator.DC_IO_GEN\[8\].REGS.AXIL_REGS.i_awaddr\[6:0\]"  +all +trace_process

ucli% fsdbDumpflush 
*Verdi* : Flush all FSDB Files at 0 ps.

ucli% fsdbDumpvars 0 "simulator.DC_IO_GEN\[8\].REGS.AXIL_REGS.w_awireg\[4:0\]"  +all +trace_process

ucli% fsdbDumpflush 
*Verdi* : Flush all FSDB Files at 0 ps.

ucli% fsdbDumpvars 0 "simulator.DC_IO_GEN\[8\].REGS.AXIL_REGS.w_awls2b\[1:0\]"  +all +trace_process

ucli% fsdbDumpflush 
*Verdi* : Flush all FSDB Files at 0 ps.

ucli% if {[catch {ucliCore::setFocus tool}]} {}

ucli% fsdbDumpvars 0 "simulator.DC_IO_GEN\[8\].REGS.AXIL_REGS.o_wready"  +all +trace_process

ucli% fsdbDumpflush 
*Verdi* : Flush all FSDB Files at 0 ps.

ucli% fsdbDumpvars 0 "simulator.DC_IO_GEN\[8\].REGS.AXIL_REGS.i_wvalid"  +all +trace_process

ucli% fsdbDumpflush 
*Verdi* : Flush all FSDB Files at 0 ps.

ucli% fsdbDumpvars 0 "simulator.DC_IO_GEN\[8\].REGS.AXIL_REGS.i_wdata\[31:0\]"  +all +trace_process

ucli% fsdbDumpflush 
*Verdi* : Flush all FSDB Files at 0 ps.

ucli% fsdbDumpvars 0 "simulator.DC_IO_GEN\[8\].REGS.AXIL_REGS.i_wstrb\[3:0\]"  +all +trace_process

ucli% fsdbDumpflush 
*Verdi* : Flush all FSDB Files at 0 ps.

ucli% fsdbDumpvars 0 "simulator.DC_IO_GEN\[8\].REGS.AXIL_REGS.w_wdatastrb\[31:0\]"  +all +trace_process

ucli% fsdbDumpflush 
*Verdi* : Flush all FSDB Files at 0 ps.

ucli% if {[catch {ucliCore::setFocus tool}]} {}

ucli% fsdbDumpvars 0 "simulator.DC_IO_GEN\[8\].REGS.AXIL_REGS.i_bready"  +all +trace_process

ucli% fsdbDumpflush 
*Verdi* : Flush all FSDB Files at 0 ps.

ucli% fsdbDumpvars 0 "simulator.DC_IO_GEN\[8\].REGS.AXIL_REGS.o_bvalid"  +all +trace_process

ucli% fsdbDumpflush 
*Verdi* : Flush all FSDB Files at 0 ps.

ucli% fsdbDumpvars 0 "simulator.DC_IO_GEN\[8\].REGS.AXIL_REGS.o_bresp\[1:0\]"  +all +trace_process

ucli% fsdbDumpflush 
*Verdi* : Flush all FSDB Files at 0 ps.

ucli% if {[catch {ucliCore::setFocus tool}]} {}

ucli% fsdbDumpvars 0 "simulator.DC_IO_GEN\[8\].REGS.AXIL_REGS.o_arready"  +all +trace_process

ucli% fsdbDumpflush 
*Verdi* : Flush all FSDB Files at 0 ps.

ucli% fsdbDumpvars 0 "simulator.DC_IO_GEN\[8\].REGS.AXIL_REGS.i_arvalid"  +all +trace_process

ucli% fsdbDumpflush 
*Verdi* : Flush all FSDB Files at 0 ps.

ucli% fsdbDumpvars 0 "simulator.DC_IO_GEN\[8\].REGS.AXIL_REGS.i_araddr\[6:0\]"  +all +trace_process

ucli% fsdbDumpflush 
*Verdi* : Flush all FSDB Files at 0 ps.

ucli% fsdbDumpvars 0 "simulator.DC_IO_GEN\[8\].REGS.AXIL_REGS.w_arireg\[4:0\]"  +all +trace_process

ucli% fsdbDumpflush 
*Verdi* : Flush all FSDB Files at 0 ps.

ucli% fsdbDumpvars 0 "simulator.DC_IO_GEN\[8\].REGS.AXIL_REGS.w_arls2b\[1:0\]"  +all +trace_process

ucli% fsdbDumpflush 
*Verdi* : Flush all FSDB Files at 0 ps.

ucli% if {[catch {ucliCore::setFocus tool}]} {}

ucli% fsdbDumpvars 0 "simulator.DC_IO_GEN\[8\].REGS.AXIL_REGS.i_rready"  +all +trace_process

ucli% fsdbDumpflush 
*Verdi* : Flush all FSDB Files at 0 ps.

ucli% fsdbDumpvars 0 "simulator.DC_IO_GEN\[8\].REGS.AXIL_REGS.o_rvalid"  +all +trace_process

ucli% fsdbDumpflush 
*Verdi* : Flush all FSDB Files at 0 ps.

ucli% fsdbDumpvars 0 "simulator.DC_IO_GEN\[8\].REGS.AXIL_REGS.o_rdata\[31:0\]"  +all +trace_process

ucli% fsdbDumpflush 
*Verdi* : Flush all FSDB Files at 0 ps.

ucli% fsdbDumpvars 0 "simulator.DC_IO_GEN\[8\].REGS.AXIL_REGS.o_rresp\[1:0\]"  +all +trace_process

ucli% fsdbDumpflush 
*Verdi* : Flush all FSDB Files at 0 ps.

ucli% if {[catch {ucliCore::setFocus tool}]} {}

ucli% fsdbDumpvars 0 "simulator.DCRFLI.DC_GEN\[8\].DC.SEQ.i_clk"  +all +trace_process

ucli% fsdbDumpflush 
*Verdi* : Flush all FSDB Files at 0 ps.

ucli% fsdbDumpvars 0 "simulator.DCRFLI.DC_GEN\[8\].DC.SEQ.i_rst"  +all +trace_process

ucli% fsdbDumpflush 
*Verdi* : Flush all FSDB Files at 0 ps.

ucli% fsdbDumpvars 0 "simulator.DCRFLI.DC_GEN\[8\].DC.SEQ.w_propagate"  +all +trace_process

ucli% fsdbDumpflush 
*Verdi* : Flush all FSDB Files at 0 ps.

ucli% if {[catch {ucliCore::setFocus tool}]} {}

ucli% fsdbDumpvars 0 "simulator.DCRFLI.DC_GEN\[8\].DC.SEQ.i_regs\[0:31\]\[31:0\]"  +all +trace_process

ucli% fsdbDumpflush 
*Verdi* : Flush all FSDB Files at 0 ps.

ucli% fsdbDumpvars 0 "simulator.DCRFLI.DC_GEN\[8\].DC.SEQ.w_last0"  +all +trace_process

ucli% fsdbDumpflush 
*Verdi* : Flush all FSDB Files at 0 ps.

ucli% fsdbDumpvars 0 "simulator.DCRFLI.DC_GEN\[8\].DC.SEQ.w_last0_ff1"  +all +trace_process

ucli% fsdbDumpflush 
*Verdi* : Flush all FSDB Files at 0 ps.

ucli% fsdbDumpvars 0 "simulator.DCRFLI.DC_GEN\[8\].DC.SEQ.w_last0_ff2"  +all +trace_process

ucli% fsdbDumpflush 
*Verdi* : Flush all FSDB Files at 0 ps.

ucli% fsdbDumpvars 0 "simulator.DCRFLI.DC_GEN\[8\].DC.SEQ.w_new_sequence"  +all +trace_process

ucli% fsdbDumpflush 
*Verdi* : Flush all FSDB Files at 0 ps.

ucli% if {[catch {ucliCore::setFocus tool}]} {}

ucli% fsdbDumpvars 0 "simulator.DCRFLI.DC_GEN\[8\].DC.SEQ.r_sequence\[0:9\]\[91:0\]"  +all +trace_process

ucli% fsdbDumpflush 
*Verdi* : Flush all FSDB Files at 0 ps.

ucli% fsdbDumpvars 0 "simulator.DCRFLI.DC_GEN\[8\].DC.SEQ.r_iters\[10:0\]"  +all +trace_process

ucli% fsdbDumpflush 
*Verdi* : Flush all FSDB Files at 0 ps.

ucli% fsdbDumpvars 0 "simulator.DCRFLI.DC_GEN\[8\].DC.SEQ.r_iptr\[3:0\]"  +all +trace_process

ucli% fsdbDumpflush 
*Verdi* : Flush all FSDB Files at 0 ps.

ucli% fsdbDumpvars 0 "simulator.DCRFLI.DC_GEN\[8\].DC.SEQ.w_insn_fetch\[91:0\]"  +all +trace_process

ucli% fsdbDumpflush 
*Verdi* : Flush all FSDB Files at 0 ps.

ucli% fsdbDumpvars 0 "simulator.DCRFLI.DC_GEN\[8\].DC.SEQ.w_insn_bubble"  +all +trace_process

ucli% fsdbDumpflush 
*Verdi* : Flush all FSDB Files at 0 ps.

ucli% fsdbDumpvars 0 "simulator.DCRFLI.DC_GEN\[8\].DC.SEQ.w_iptr_plus1\[3:0\]"  +all +trace_process

ucli% fsdbDumpflush 
*Verdi* : Flush all FSDB Files at 0 ps.

ucli% fsdbDumpvars 0 "simulator.DCRFLI.DC_GEN\[8\].DC.SEQ.w_next_null"  +all +trace_process

ucli% fsdbDumpflush 
*Verdi* : Flush all FSDB Files at 0 ps.

ucli% if {[catch {ucliCore::setFocus tool}]} {}

ucli% fsdbDumpvars 0 "simulator.DCRFLI.DC_GEN\[8\].DC.SEQ.o_empty"  +all +trace_process

ucli% fsdbDumpflush 
*Verdi* : Flush all FSDB Files at 0 ps.

ucli% fsdbDumpvars 0 "simulator.DCRFLI.DC_GEN\[8\].DC.SEQ.i_next"  +all +trace_process

ucli% fsdbDumpflush 
*Verdi* : Flush all FSDB Files at 0 ps.

ucli% fsdbDumpvars 0 "simulator.DCRFLI.DC_GEN\[8\].DC.SEQ.o_addr\[3:0\]"  +all +trace_process

ucli% fsdbDumpflush 
*Verdi* : Flush all FSDB Files at 0 ps.

ucli% fsdbDumpvars 0 "simulator.DCRFLI.DC_GEN\[8\].DC.SEQ.o_insn\[91:0\]"  +all +trace_process

ucli% fsdbDumpflush 
*Verdi* : Flush all FSDB Files at 0 ps.

ucli% fsdbDumpvars 0 "simulator.DCRFLI.DC_GEN\[8\].DC.SEQ.r_iptr_modify\[3:0\]"  +all +trace_process

ucli% fsdbDumpflush 
*Verdi* : Flush all FSDB Files at 0 ps.

ucli% fsdbDumpvars 0 "simulator.DCRFLI.DC_GEN\[8\].DC.SEQ.i_insn_modified\[91:0\]"  +all +trace_process

ucli% fsdbDumpflush 
*Verdi* : Flush all FSDB Files at 0 ps.

ucli% if {[catch {ucliCore::setFocus tool}]} {}

ucli% fsdbDumpvars 0 "simulator.DCRFLI.DC_GEN\[8\].DC.CORE.i_clk"  +all +trace_process

ucli% fsdbDumpflush 
*Verdi* : Flush all FSDB Files at 0 ps.

ucli% fsdbDumpvars 0 "simulator.DCRFLI.DC_GEN\[8\].DC.CORE.i_rst"  +all +trace_process

ucli% fsdbDumpflush 
*Verdi* : Flush all FSDB Files at 0 ps.

ucli% fsdbDumpvars 0 "simulator.DCRFLI.DC_GEN\[8\].DC.CORE.w_stall"  +all +trace_process

ucli% fsdbDumpflush 
*Verdi* : Flush all FSDB Files at 0 ps.

ucli% if {[catch {ucliCore::setFocus tool}]} {}

ucli% fsdbDumpvars 0 "simulator.DCRFLI.DC_GEN\[8\].DC.CORE.d"  +all +trace_process

ucli% fsdbDumpflush 
*Verdi* : Flush all FSDB Files at 0 ps.

ucli% fsdbDumpvars 0 "simulator.DCRFLI.DC_GEN\[8\].DC.CORE.i_empty"  +all +trace_process

ucli% fsdbDumpflush 
*Verdi* : Flush all FSDB Files at 0 ps.

ucli% fsdbDumpvars 0 "simulator.DCRFLI.DC_GEN\[8\].DC.CORE.o_next"  +all +trace_process

ucli% fsdbDumpflush 
*Verdi* : Flush all FSDB Files at 0 ps.

ucli% fsdbDumpvars 0 "simulator.DCRFLI.DC_GEN\[8\].DC.CORE.i_addr\[3:0\]"  +all +trace_process

ucli% fsdbDumpflush 
*Verdi* : Flush all FSDB Files at 0 ps.

ucli% fsdbDumpvars 0 "simulator.DCRFLI.DC_GEN\[8\].DC.CORE.i_insn\[91:0\]"  +all +trace_process

ucli% fsdbDumpflush 
*Verdi* : Flush all FSDB Files at 0 ps.

ucli% fsdbDumpvars 0 "simulator.DCRFLI.DC_GEN\[8\].DC.CORE.o_insn_modified"  +all +trace_process

ucli% fsdbDumpflush 
*Verdi* : Flush all FSDB Files at 0 ps.

ucli% if {[catch {ucliCore::setFocus tool}]} {}

ucli% fsdbDumpvars 0 "simulator.DCRFLI.DC_GEN\[8\].DC.CORE.i"  +all +trace_process

ucli% fsdbDumpflush 
*Verdi* : Flush all FSDB Files at 0 ps.

ucli% if {[catch {ucliCore::setFocus tool}]} {}

ucli% fsdbDumpvars 0 "simulator.DCRFLI.DC_GEN\[8\].DC.CORE.s"  +all +trace_process

ucli% fsdbDumpflush 
*Verdi* : Flush all FSDB Files at 0 ps.

ucli% fsdbDumpvars 0 "simulator.DCRFLI.DC_GEN\[8\].DC.CORE.w_dvsr\[15:0\]"  +all +trace_process

ucli% fsdbDumpflush 
*Verdi* : Flush all FSDB Files at 0 ps.

ucli% fsdbDumpvars 0 "simulator.DCRFLI.DC_GEN\[8\].DC.CORE.w_spi_dout\[23:0\]"  +all +trace_process

ucli% fsdbDumpflush 
*Verdi* : Flush all FSDB Files at 0 ps.

ucli% fsdbDumpvars 0 "simulator.DCRFLI.DC_GEN\[8\].DC.CORE.w_spi_done"  +all +trace_process

ucli% fsdbDumpflush 
*Verdi* : Flush all FSDB Files at 0 ps.

ucli% fsdbDumpvars 0 "simulator.DCRFLI.DC_GEN\[8\].DC.CORE.o_armed"  +all +trace_process

ucli% fsdbDumpflush 
*Verdi* : Flush all FSDB Files at 0 ps.

ucli% fsdbDumpvars 0 "simulator.DCRFLI.DC_GEN\[8\].DC.CORE.i_start"  +all +trace_process

ucli% fsdbDumpflush 
*Verdi* : Flush all FSDB Files at 0 ps.

ucli% if {[catch {ucliCore::setFocus tool}]} {}

ucli% fsdbDumpvars 0 "simulator.DCRFLI.DC_GEN\[8\].DC.CORE.o_sclk"  +all +trace_process

ucli% fsdbDumpflush 
*Verdi* : Flush all FSDB Files at 0 ps.

ucli% fsdbDumpvars 0 "simulator.DCRFLI.DC_GEN\[8\].DC.CORE.o_mosi"  +all +trace_process

ucli% fsdbDumpflush 
*Verdi* : Flush all FSDB Files at 0 ps.

ucli% fsdbDumpvars 0 "simulator.DCRFLI.DC_GEN\[8\].DC.CORE.i_miso"  +all +trace_process

ucli% fsdbDumpflush 
*Verdi* : Flush all FSDB Files at 0 ps.

ucli% fsdbDumpvars 0 "simulator.DCRFLI.DC_GEN\[8\].DC.CORE.o_cs_n"  +all +trace_process

ucli% fsdbDumpflush 
*Verdi* : Flush all FSDB Files at 0 ps.

ucli% fsdbDumpvars 0 "simulator.DCRFLI.DC_GEN\[8\].DC.CORE.o_ldac_n"  +all +trace_process

ucli% fsdbDumpflush 
*Verdi* : Flush all FSDB Files at 0 ps.

ucli% if {[catch {ucliCore::setFocus tool}]} {}

ucli% fsdbDumpvars 0 "simulator.DCRFLI.DC_GEN\[8\].DC.CORE.h"  +all +trace_process

ucli% fsdbDumpflush 
*Verdi* : Flush all FSDB Files at 0 ps.

ucli% fsdbDumpvars 0 "simulator.DCRFLI.DC_GEN\[8\].DC.CORE.o_next"  +all +trace_process

ucli% fsdbDumpflush 
*Verdi* : Flush all FSDB Files at 0 ps.

ucli% fsdbDumpvars 0 "simulator.DCRFLI.DC_GEN\[8\].DC.CORE.o_addr\[3:0\]"  +all +trace_process

ucli% fsdbDumpflush 
*Verdi* : Flush all FSDB Files at 0 ps.

ucli% fsdbDumpvars 0 "simulator.DCRFLI.DC_GEN\[8\].DC.CORE.o_iter\[9:0\]"  +all +trace_process

ucli% fsdbDumpflush 
*Verdi* : Flush all FSDB Files at 0 ps.

ucli% fsdbDumpvars 0 "simulator.DCRFLI.DC_GEN\[8\].DC.CORE.o_spi_din\[23:0\]"  +all +trace_process

ucli% fsdbDumpflush 
*Verdi* : Flush all FSDB Files at 0 ps.

ucli% fsdbDumpvars 0 "simulator.DCRFLI.DC_GEN\[8\].DC.CORE.o_spi_rd"  +all +trace_process

ucli% fsdbDumpflush 
*Verdi* : Flush all FSDB Files at 0 ps.

ucli% fsdbDumpvars 0 "simulator.DCRFLI.DC_GEN\[8\].DC.CORE.o_spi_dout\[23:0\]"  +all +trace_process

ucli% fsdbDumpflush 
*Verdi* : Flush all FSDB Files at 0 ps.

ucli% fsdbDumpvars 0 "simulator.DCRFLI.DC_GEN\[8\].DC.CORE.o_cycles_left\[29:0\]"  +all +trace_process

ucli% fsdbDumpflush 
*Verdi* : Flush all FSDB Files at 0 ps.

ucli% if {[catch {ucliCore::setFocus tool}]} {}

ucli% fsdbDumpvars 0 "simulator.DC_IO_GEN\[8\].DAC.valid_transaction"  +all +trace_process
*Verdi* : Dumping the signal (simulator.DC_IO_GEN[8].DAC.valid_transaction).

ucli% fsdbDumpflush 
*Verdi* : Flush all FSDB Files at 0 ps.

ucli% if {[catch {ucliCore::setFocus tool}]} {}

ucli% fsdbDumpvars 0 "simulator.DC_IO_GEN\[8\].DAC.input_shift_reg"  +all +trace_process
*Verdi* : Dumping the signal (simulator.DC_IO_GEN[8].DAC.input_shift_reg).

ucli% fsdbDumpflush 
*Verdi* : Flush all FSDB Files at 0 ps.

ucli% if {[catch {ucliCore::setFocus tool}]} {}

ucli% fsdbDumpvars 0 "simulator.DC_IO_GEN\[8\].DAC.rw"  +all +trace_process
*Verdi* : Dumping the signal (simulator.DC_IO_GEN[8].DAC.rw).

ucli% fsdbDumpflush 
*Verdi* : Flush all FSDB Files at 0 ps.

ucli% if {[catch {ucliCore::setFocus tool}]} {}

ucli% fsdbDumpvars 0 "simulator.DC_IO_GEN\[8\].DAC.addr"  +all +trace_process
*Verdi* : Dumping the signal (simulator.DC_IO_GEN[8].DAC.addr).

ucli% fsdbDumpflush 
*Verdi* : Flush all FSDB Files at 0 ps.

ucli% if {[catch {ucliCore::setFocus tool}]} {}

ucli% fsdbDumpvars 0 "simulator.DC_IO_GEN\[8\].DAC.data"  +all +trace_process
*Verdi* : Dumping the signal (simulator.DC_IO_GEN[8].DAC.data).

ucli% fsdbDumpflush 
*Verdi* : Flush all FSDB Files at 0 ps.

ucli% if {[catch {ucliCore::setFocus tool}]} {}

ucli% fsdbDumpvars 0 "simulator.DC_IO_GEN\[8\].DAC.rd_data"  +all +trace_process
*Verdi* : Dumping the signal (simulator.DC_IO_GEN[8].DAC.rd_data).

ucli% fsdbDumpflush 
*Verdi* : Flush all FSDB Files at 0 ps.

ucli% if {[catch {ucliCore::setFocus tool}]} {}

ucli% fsdbDumpvars 0 "simulator.DC_IO_GEN\[8\].DAC.SCLK"  +all +trace_process
*Verdi* : Dumping the signal (simulator.DC_IO_GEN[8].DAC.SCLK).

ucli% fsdbDumpflush 
*Verdi* : Flush all FSDB Files at 0 ps.

ucli% if {[catch {ucliCore::setFocus tool}]} {}

ucli% fsdbDumpvars 0 "simulator.DC_IO_GEN\[8\].DAC.SDIN"  +all +trace_process
*Verdi* : Dumping the signal (simulator.DC_IO_GEN[8].DAC.SDIN).

ucli% fsdbDumpflush 
*Verdi* : Flush all FSDB Files at 0 ps.

ucli% if {[catch {ucliCore::setFocus tool}]} {}

ucli% fsdbDumpvars 0 "simulator.DC_IO_GEN\[8\].DAC.SYNC_N"  +all +trace_process
*Verdi* : Dumping the signal (simulator.DC_IO_GEN[8].DAC.SYNC_N).

ucli% fsdbDumpflush 
*Verdi* : Flush all FSDB Files at 0 ps.

ucli% if {[catch {ucliCore::setFocus tool}]} {}

ucli% fsdbDumpvars 0 "simulator.DC_IO_GEN\[8\].DAC.SDO"  +all +trace_process
*Verdi* : Dumping the signal (simulator.DC_IO_GEN[8].DAC.SDO).

ucli% fsdbDumpflush 
*Verdi* : Flush all FSDB Files at 0 ps.

ucli% if {[catch {ucliCore::setFocus tool}]} {}

ucli% fsdbDumpvars 0 "simulator.DC_IO_GEN\[8\].DAC.LDAC_N"  +all +trace_process
*Verdi* : Dumping the signal (simulator.DC_IO_GEN[8].DAC.LDAC_N).

ucli% fsdbDumpflush 
*Verdi* : Flush all FSDB Files at 0 ps.

ucli% if {[catch {ucliCore::setFocus tool}]} {}

ucli% fsdbDumpvars 0 "simulator.DC_IO_GEN\[8\].DAC.CLR_N"  +all +trace_process
*Verdi* : Dumping the signal (simulator.DC_IO_GEN[8].DAC.CLR_N).

ucli% fsdbDumpflush 
*Verdi* : Flush all FSDB Files at 0 ps.

ucli% if {[catch {ucliCore::setFocus tool}]} {}

ucli% fsdbDumpvars 0 "simulator.DC_IO_GEN\[8\].DAC.RESET_N"  +all +trace_process
*Verdi* : Dumping the signal (simulator.DC_IO_GEN[8].DAC.RESET_N).

ucli% fsdbDumpflush 
*Verdi* : Flush all FSDB Files at 0 ps.

ucli% if {[catch {ucliCore::setFocus tool}]} {}

ucli% fsdbDumpvars 0 "simulator.DC_IO_GEN\[8\].DAC.dac_reg"  +all +trace_process
*Verdi* : Dumping the signal (simulator.DC_IO_GEN[8].DAC.dac_reg).

ucli% fsdbDumpflush 
*Verdi* : Flush all FSDB Files at 0 ps.

ucli% if {[catch {ucliCore::setFocus tool}]} {}

ucli% fsdbDumpvars 0 "simulator.DC_IO_GEN\[8\].DAC.ctrl_reg"  +all +trace_process
*Verdi* : Dumping the signal (simulator.DC_IO_GEN[8].DAC.ctrl_reg).

ucli% fsdbDumpflush 
*Verdi* : Flush all FSDB Files at 0 ps.

ucli% if {[catch {ucliCore::setFocus tool}]} {}

ucli% fsdbDumpvars 0 "simulator.DC_IO_GEN\[8\].DAC.clrcode_reg"  +all +trace_process
*Verdi* : Dumping the signal (simulator.DC_IO_GEN[8].DAC.clrcode_reg).

ucli% fsdbDumpflush 
*Verdi* : Flush all FSDB Files at 0 ps.

ucli% if {[catch {ucliCore::setFocus tool}]} {}

ucli% fsdbDumpvars 0 "simulator.DC_IO_GEN\[8\].DAC.sw_ctrl_reg"  +all +trace_process
*Verdi* : Dumping the signal (simulator.DC_IO_GEN[8].DAC.sw_ctrl_reg).

ucli% fsdbDumpflush 
*Verdi* : Flush all FSDB Files at 0 ps.

ucli% if {[catch {ucliCore::setFocus tool}]} {}

ucli% fsdbDumpvars 0 "simulator.DC_IO_GEN\[8\].DAC.dac_input_reg"  +all +trace_process
*Verdi* : Dumping the signal (simulator.DC_IO_GEN[8].DAC.dac_input_reg).

ucli% fsdbDumpflush 
*Verdi* : Flush all FSDB Files at 0 ps.

ucli% if {[catch {ucliCore::setFocus tool}]} {}

ucli% fsdbDumpvars 0 "simulator.DC_IO_GEN\[8\].DAC.SDODIS"  +all +trace_process
*Verdi* : Dumping the signal (simulator.DC_IO_GEN[8].DAC.SDODIS).

ucli% fsdbDumpflush 
*Verdi* : Flush all FSDB Files at 0 ps.

ucli% if {[catch {ucliCore::setFocus tool}]} {}

ucli% fsdbDumpvars 0 "simulator.DC_IO_GEN\[8\].DAC.DACTRI"  +all +trace_process
*Verdi* : Dumping the signal (simulator.DC_IO_GEN[8].DAC.DACTRI).

ucli% fsdbDumpflush 
*Verdi* : Flush all FSDB Files at 0 ps.

ucli% if {[catch {ucliCore::setFocus tool}]} {}

ucli% fsdbDumpvars 0 "simulator.DC_IO_GEN\[8\].DAC.OPGND"  +all +trace_process
*Verdi* : Dumping the signal (simulator.DC_IO_GEN[8].DAC.OPGND).

ucli% fsdbDumpflush 
*Verdi* : Flush all FSDB Files at 0 ps.

ucli% if {[catch {ucliCore::setFocus tool}]} {}

ucli% fsdbDumpvars 0 "simulator.DC_IO_GEN\[8\].DAC.VOUT"  +all +trace_process
*Verdi* : Dumping the signal (simulator.DC_IO_GEN[8].DAC.VOUT).

ucli% fsdbDumpflush 
*Verdi* : Flush all FSDB Files at 0 ps.

ucli% if {[catch {ucliCore::setFocus tool}]} {}

ucli% fsdbDumpvars 0 "simulator.DC_IO_GEN\[8\].DAC.VDIGITAL"  +all +trace_process
*Verdi* : Dumping the signal (simulator.DC_IO_GEN[8].DAC.VDIGITAL).

ucli% fsdbDumpflush 
*Verdi* : Flush all FSDB Files at 0 ps.

ucli% if {[catch {ucliCore::setFocus tool}]} {}

ucli% fsdbDumpvars 0 "simulator.DC_IO_GEN\[7\].REGS.AXIL_REGS.i_aclk"  +all +trace_process

ucli% fsdbDumpflush 
*Verdi* : Flush all FSDB Files at 0 ps.

ucli% fsdbDumpvars 0 "simulator.DC_IO_GEN\[7\].REGS.AXIL_REGS.i_aresetn"  +all +trace_process

ucli% fsdbDumpflush 
*Verdi* : Flush all FSDB Files at 0 ps.

ucli% fsdbDumpvars 0 "simulator.DC_IO_GEN\[7\].REGS.AXIL_REGS.r_regs\[0:31\]\[31:0\]"  +all +trace_process

ucli% fsdbDumpflush 
*Verdi* : Flush all FSDB Files at 0 ps.

ucli% fsdbDumpvars 0 "simulator.DC_IO_GEN\[7\].REGS.AXIL_REGS.o_regs\[0:31\]\[31:0\]"  +all +trace_process

ucli% fsdbDumpflush 
*Verdi* : Flush all FSDB Files at 0 ps.

ucli% if {[catch {ucliCore::setFocus tool}]} {}

ucli% fsdbDumpvars 0 "simulator.DC_IO_GEN\[7\].REGS.AXIL_REGS.o_awready"  +all +trace_process

ucli% fsdbDumpflush 
*Verdi* : Flush all FSDB Files at 0 ps.

ucli% fsdbDumpvars 0 "simulator.DC_IO_GEN\[7\].REGS.AXIL_REGS.i_awvalid"  +all +trace_process

ucli% fsdbDumpflush 
*Verdi* : Flush all FSDB Files at 0 ps.

ucli% fsdbDumpvars 0 "simulator.DC_IO_GEN\[7\].REGS.AXIL_REGS.i_awaddr\[6:0\]"  +all +trace_process

ucli% fsdbDumpflush 
*Verdi* : Flush all FSDB Files at 0 ps.

ucli% fsdbDumpvars 0 "simulator.DC_IO_GEN\[7\].REGS.AXIL_REGS.w_awireg\[4:0\]"  +all +trace_process

ucli% fsdbDumpflush 
*Verdi* : Flush all FSDB Files at 0 ps.

ucli% fsdbDumpvars 0 "simulator.DC_IO_GEN\[7\].REGS.AXIL_REGS.w_awls2b\[1:0\]"  +all +trace_process

ucli% fsdbDumpflush 
*Verdi* : Flush all FSDB Files at 0 ps.

ucli% if {[catch {ucliCore::setFocus tool}]} {}

ucli% fsdbDumpvars 0 "simulator.DC_IO_GEN\[7\].REGS.AXIL_REGS.o_wready"  +all +trace_process

ucli% fsdbDumpflush 
*Verdi* : Flush all FSDB Files at 0 ps.

ucli% fsdbDumpvars 0 "simulator.DC_IO_GEN\[7\].REGS.AXIL_REGS.i_wvalid"  +all +trace_process

ucli% fsdbDumpflush 
*Verdi* : Flush all FSDB Files at 0 ps.

ucli% fsdbDumpvars 0 "simulator.DC_IO_GEN\[7\].REGS.AXIL_REGS.i_wdata\[31:0\]"  +all +trace_process

ucli% fsdbDumpflush 
*Verdi* : Flush all FSDB Files at 0 ps.

ucli% fsdbDumpvars 0 "simulator.DC_IO_GEN\[7\].REGS.AXIL_REGS.i_wstrb\[3:0\]"  +all +trace_process

ucli% fsdbDumpflush 
*Verdi* : Flush all FSDB Files at 0 ps.

ucli% fsdbDumpvars 0 "simulator.DC_IO_GEN\[7\].REGS.AXIL_REGS.w_wdatastrb\[31:0\]"  +all +trace_process

ucli% fsdbDumpflush 
*Verdi* : Flush all FSDB Files at 0 ps.

ucli% if {[catch {ucliCore::setFocus tool}]} {}

ucli% fsdbDumpvars 0 "simulator.DC_IO_GEN\[7\].REGS.AXIL_REGS.i_bready"  +all +trace_process

ucli% fsdbDumpflush 
*Verdi* : Flush all FSDB Files at 0 ps.

ucli% fsdbDumpvars 0 "simulator.DC_IO_GEN\[7\].REGS.AXIL_REGS.o_bvalid"  +all +trace_process

ucli% fsdbDumpflush 
*Verdi* : Flush all FSDB Files at 0 ps.

ucli% fsdbDumpvars 0 "simulator.DC_IO_GEN\[7\].REGS.AXIL_REGS.o_bresp\[1:0\]"  +all +trace_process

ucli% fsdbDumpflush 
*Verdi* : Flush all FSDB Files at 0 ps.

ucli% if {[catch {ucliCore::setFocus tool}]} {}

ucli% fsdbDumpvars 0 "simulator.DC_IO_GEN\[7\].REGS.AXIL_REGS.o_arready"  +all +trace_process

ucli% fsdbDumpflush 
*Verdi* : Flush all FSDB Files at 0 ps.

ucli% fsdbDumpvars 0 "simulator.DC_IO_GEN\[7\].REGS.AXIL_REGS.i_arvalid"  +all +trace_process

ucli% fsdbDumpflush 
*Verdi* : Flush all FSDB Files at 0 ps.

ucli% fsdbDumpvars 0 "simulator.DC_IO_GEN\[7\].REGS.AXIL_REGS.i_araddr\[6:0\]"  +all +trace_process

ucli% fsdbDumpflush 
*Verdi* : Flush all FSDB Files at 0 ps.

ucli% fsdbDumpvars 0 "simulator.DC_IO_GEN\[7\].REGS.AXIL_REGS.w_arireg\[4:0\]"  +all +trace_process

ucli% fsdbDumpflush 
*Verdi* : Flush all FSDB Files at 0 ps.

ucli% fsdbDumpvars 0 "simulator.DC_IO_GEN\[7\].REGS.AXIL_REGS.w_arls2b\[1:0\]"  +all +trace_process

ucli% fsdbDumpflush 
*Verdi* : Flush all FSDB Files at 0 ps.

ucli% if {[catch {ucliCore::setFocus tool}]} {}

ucli% fsdbDumpvars 0 "simulator.DC_IO_GEN\[7\].REGS.AXIL_REGS.i_rready"  +all +trace_process

ucli% fsdbDumpflush 
*Verdi* : Flush all FSDB Files at 0 ps.

ucli% fsdbDumpvars 0 "simulator.DC_IO_GEN\[7\].REGS.AXIL_REGS.o_rvalid"  +all +trace_process

ucli% fsdbDumpflush 
*Verdi* : Flush all FSDB Files at 0 ps.

ucli% fsdbDumpvars 0 "simulator.DC_IO_GEN\[7\].REGS.AXIL_REGS.o_rdata\[31:0\]"  +all +trace_process

ucli% fsdbDumpflush 
*Verdi* : Flush all FSDB Files at 0 ps.

ucli% fsdbDumpvars 0 "simulator.DC_IO_GEN\[7\].REGS.AXIL_REGS.o_rresp\[1:0\]"  +all +trace_process

ucli% fsdbDumpflush 
*Verdi* : Flush all FSDB Files at 0 ps.

ucli% if {[catch {ucliCore::setFocus tool}]} {}

ucli% fsdbDumpvars 0 "simulator.DCRFLI.DC_GEN\[7\].DC.SEQ.i_clk"  +all +trace_process

ucli% fsdbDumpflush 
*Verdi* : Flush all FSDB Files at 0 ps.

ucli% fsdbDumpvars 0 "simulator.DCRFLI.DC_GEN\[7\].DC.SEQ.i_rst"  +all +trace_process

ucli% fsdbDumpflush 
*Verdi* : Flush all FSDB Files at 0 ps.

ucli% fsdbDumpvars 0 "simulator.DCRFLI.DC_GEN\[7\].DC.SEQ.w_propagate"  +all +trace_process

ucli% fsdbDumpflush 
*Verdi* : Flush all FSDB Files at 0 ps.

ucli% if {[catch {ucliCore::setFocus tool}]} {}

ucli% fsdbDumpvars 0 "simulator.DCRFLI.DC_GEN\[7\].DC.SEQ.i_regs\[0:31\]\[31:0\]"  +all +trace_process

ucli% fsdbDumpflush 
*Verdi* : Flush all FSDB Files at 0 ps.

ucli% fsdbDumpvars 0 "simulator.DCRFLI.DC_GEN\[7\].DC.SEQ.w_last0"  +all +trace_process

ucli% fsdbDumpflush 
*Verdi* : Flush all FSDB Files at 0 ps.

ucli% fsdbDumpvars 0 "simulator.DCRFLI.DC_GEN\[7\].DC.SEQ.w_last0_ff1"  +all +trace_process

ucli% fsdbDumpflush 
*Verdi* : Flush all FSDB Files at 0 ps.

ucli% fsdbDumpvars 0 "simulator.DCRFLI.DC_GEN\[7\].DC.SEQ.w_last0_ff2"  +all +trace_process

ucli% fsdbDumpflush 
*Verdi* : Flush all FSDB Files at 0 ps.

ucli% fsdbDumpvars 0 "simulator.DCRFLI.DC_GEN\[7\].DC.SEQ.w_new_sequence"  +all +trace_process

ucli% fsdbDumpflush 
*Verdi* : Flush all FSDB Files at 0 ps.

ucli% if {[catch {ucliCore::setFocus tool}]} {}

ucli% fsdbDumpvars 0 "simulator.DCRFLI.DC_GEN\[7\].DC.SEQ.r_sequence\[0:9\]\[91:0\]"  +all +trace_process

ucli% fsdbDumpflush 
*Verdi* : Flush all FSDB Files at 0 ps.

ucli% fsdbDumpvars 0 "simulator.DCRFLI.DC_GEN\[7\].DC.SEQ.r_iters\[10:0\]"  +all +trace_process

ucli% fsdbDumpflush 
*Verdi* : Flush all FSDB Files at 0 ps.

ucli% fsdbDumpvars 0 "simulator.DCRFLI.DC_GEN\[7\].DC.SEQ.r_iptr\[3:0\]"  +all +trace_process

ucli% fsdbDumpflush 
*Verdi* : Flush all FSDB Files at 0 ps.

ucli% fsdbDumpvars 0 "simulator.DCRFLI.DC_GEN\[7\].DC.SEQ.w_insn_fetch\[91:0\]"  +all +trace_process

ucli% fsdbDumpflush 
*Verdi* : Flush all FSDB Files at 0 ps.

ucli% fsdbDumpvars 0 "simulator.DCRFLI.DC_GEN\[7\].DC.SEQ.w_insn_bubble"  +all +trace_process

ucli% fsdbDumpflush 
*Verdi* : Flush all FSDB Files at 0 ps.

ucli% fsdbDumpvars 0 "simulator.DCRFLI.DC_GEN\[7\].DC.SEQ.w_iptr_plus1\[3:0\]"  +all +trace_process

ucli% fsdbDumpflush 
*Verdi* : Flush all FSDB Files at 0 ps.

ucli% fsdbDumpvars 0 "simulator.DCRFLI.DC_GEN\[7\].DC.SEQ.w_next_null"  +all +trace_process

ucli% fsdbDumpflush 
*Verdi* : Flush all FSDB Files at 0 ps.

ucli% if {[catch {ucliCore::setFocus tool}]} {}

ucli% fsdbDumpvars 0 "simulator.DCRFLI.DC_GEN\[7\].DC.SEQ.o_empty"  +all +trace_process

ucli% fsdbDumpflush 
*Verdi* : Flush all FSDB Files at 0 ps.

ucli% fsdbDumpvars 0 "simulator.DCRFLI.DC_GEN\[7\].DC.SEQ.i_next"  +all +trace_process

ucli% fsdbDumpflush 
*Verdi* : Flush all FSDB Files at 0 ps.

ucli% fsdbDumpvars 0 "simulator.DCRFLI.DC_GEN\[7\].DC.SEQ.o_addr\[3:0\]"  +all +trace_process

ucli% fsdbDumpflush 
*Verdi* : Flush all FSDB Files at 0 ps.

ucli% fsdbDumpvars 0 "simulator.DCRFLI.DC_GEN\[7\].DC.SEQ.o_insn\[91:0\]"  +all +trace_process

ucli% fsdbDumpflush 
*Verdi* : Flush all FSDB Files at 0 ps.

ucli% fsdbDumpvars 0 "simulator.DCRFLI.DC_GEN\[7\].DC.SEQ.r_iptr_modify\[3:0\]"  +all +trace_process

ucli% fsdbDumpflush 
*Verdi* : Flush all FSDB Files at 0 ps.

ucli% fsdbDumpvars 0 "simulator.DCRFLI.DC_GEN\[7\].DC.SEQ.i_insn_modified\[91:0\]"  +all +trace_process

ucli% fsdbDumpflush 
*Verdi* : Flush all FSDB Files at 0 ps.

ucli% if {[catch {ucliCore::setFocus tool}]} {}

ucli% fsdbDumpvars 0 "simulator.DCRFLI.DC_GEN\[7\].DC.CORE.i_clk"  +all +trace_process

ucli% fsdbDumpflush 
*Verdi* : Flush all FSDB Files at 0 ps.

ucli% fsdbDumpvars 0 "simulator.DCRFLI.DC_GEN\[7\].DC.CORE.i_rst"  +all +trace_process

ucli% fsdbDumpflush 
*Verdi* : Flush all FSDB Files at 0 ps.

ucli% fsdbDumpvars 0 "simulator.DCRFLI.DC_GEN\[7\].DC.CORE.w_stall"  +all +trace_process

ucli% fsdbDumpflush 
*Verdi* : Flush all FSDB Files at 0 ps.

ucli% if {[catch {ucliCore::setFocus tool}]} {}

ucli% fsdbDumpvars 0 "simulator.DCRFLI.DC_GEN\[7\].DC.CORE.d"  +all +trace_process

ucli% fsdbDumpflush 
*Verdi* : Flush all FSDB Files at 0 ps.

ucli% fsdbDumpvars 0 "simulator.DCRFLI.DC_GEN\[7\].DC.CORE.i_empty"  +all +trace_process

ucli% fsdbDumpflush 
*Verdi* : Flush all FSDB Files at 0 ps.

ucli% fsdbDumpvars 0 "simulator.DCRFLI.DC_GEN\[7\].DC.CORE.o_next"  +all +trace_process

ucli% fsdbDumpflush 
*Verdi* : Flush all FSDB Files at 0 ps.

ucli% fsdbDumpvars 0 "simulator.DCRFLI.DC_GEN\[7\].DC.CORE.i_addr\[3:0\]"  +all +trace_process

ucli% fsdbDumpflush 
*Verdi* : Flush all FSDB Files at 0 ps.

ucli% fsdbDumpvars 0 "simulator.DCRFLI.DC_GEN\[7\].DC.CORE.i_insn\[91:0\]"  +all +trace_process

ucli% fsdbDumpflush 
*Verdi* : Flush all FSDB Files at 0 ps.

ucli% fsdbDumpvars 0 "simulator.DCRFLI.DC_GEN\[7\].DC.CORE.o_insn_modified"  +all +trace_process

ucli% fsdbDumpflush 
*Verdi* : Flush all FSDB Files at 0 ps.

ucli% if {[catch {ucliCore::setFocus tool}]} {}

ucli% fsdbDumpvars 0 "simulator.DCRFLI.DC_GEN\[7\].DC.CORE.i"  +all +trace_process

ucli% fsdbDumpflush 
*Verdi* : Flush all FSDB Files at 0 ps.

ucli% if {[catch {ucliCore::setFocus tool}]} {}

ucli% fsdbDumpvars 0 "simulator.DCRFLI.DC_GEN\[7\].DC.CORE.s"  +all +trace_process

ucli% fsdbDumpflush 
*Verdi* : Flush all FSDB Files at 0 ps.

ucli% fsdbDumpvars 0 "simulator.DCRFLI.DC_GEN\[7\].DC.CORE.w_dvsr\[15:0\]"  +all +trace_process

ucli% fsdbDumpflush 
*Verdi* : Flush all FSDB Files at 0 ps.

ucli% fsdbDumpvars 0 "simulator.DCRFLI.DC_GEN\[7\].DC.CORE.w_spi_dout\[23:0\]"  +all +trace_process

ucli% fsdbDumpflush 
*Verdi* : Flush all FSDB Files at 0 ps.

ucli% fsdbDumpvars 0 "simulator.DCRFLI.DC_GEN\[7\].DC.CORE.w_spi_done"  +all +trace_process

ucli% fsdbDumpflush 
*Verdi* : Flush all FSDB Files at 0 ps.

ucli% fsdbDumpvars 0 "simulator.DCRFLI.DC_GEN\[7\].DC.CORE.o_armed"  +all +trace_process

ucli% fsdbDumpflush 
*Verdi* : Flush all FSDB Files at 0 ps.

ucli% fsdbDumpvars 0 "simulator.DCRFLI.DC_GEN\[7\].DC.CORE.i_start"  +all +trace_process

ucli% fsdbDumpflush 
*Verdi* : Flush all FSDB Files at 0 ps.

ucli% if {[catch {ucliCore::setFocus tool}]} {}

ucli% fsdbDumpvars 0 "simulator.DCRFLI.DC_GEN\[7\].DC.CORE.o_sclk"  +all +trace_process

ucli% fsdbDumpflush 
*Verdi* : Flush all FSDB Files at 0 ps.

ucli% fsdbDumpvars 0 "simulator.DCRFLI.DC_GEN\[7\].DC.CORE.o_mosi"  +all +trace_process

ucli% fsdbDumpflush 
*Verdi* : Flush all FSDB Files at 0 ps.

ucli% fsdbDumpvars 0 "simulator.DCRFLI.DC_GEN\[7\].DC.CORE.i_miso"  +all +trace_process

ucli% fsdbDumpflush 
*Verdi* : Flush all FSDB Files at 0 ps.

ucli% fsdbDumpvars 0 "simulator.DCRFLI.DC_GEN\[7\].DC.CORE.o_cs_n"  +all +trace_process

ucli% fsdbDumpflush 
*Verdi* : Flush all FSDB Files at 0 ps.

ucli% fsdbDumpvars 0 "simulator.DCRFLI.DC_GEN\[7\].DC.CORE.o_ldac_n"  +all +trace_process

ucli% fsdbDumpflush 
*Verdi* : Flush all FSDB Files at 0 ps.

ucli% if {[catch {ucliCore::setFocus tool}]} {}

ucli% fsdbDumpvars 0 "simulator.DCRFLI.DC_GEN\[7\].DC.CORE.h"  +all +trace_process

ucli% fsdbDumpflush 
*Verdi* : Flush all FSDB Files at 0 ps.

ucli% fsdbDumpvars 0 "simulator.DCRFLI.DC_GEN\[7\].DC.CORE.o_next"  +all +trace_process

ucli% fsdbDumpflush 
*Verdi* : Flush all FSDB Files at 0 ps.

ucli% fsdbDumpvars 0 "simulator.DCRFLI.DC_GEN\[7\].DC.CORE.o_addr\[3:0\]"  +all +trace_process

ucli% fsdbDumpflush 
*Verdi* : Flush all FSDB Files at 0 ps.

ucli% fsdbDumpvars 0 "simulator.DCRFLI.DC_GEN\[7\].DC.CORE.o_iter\[9:0\]"  +all +trace_process

ucli% fsdbDumpflush 
*Verdi* : Flush all FSDB Files at 0 ps.

ucli% fsdbDumpvars 0 "simulator.DCRFLI.DC_GEN\[7\].DC.CORE.o_spi_din\[23:0\]"  +all +trace_process

ucli% fsdbDumpflush 
*Verdi* : Flush all FSDB Files at 0 ps.

ucli% fsdbDumpvars 0 "simulator.DCRFLI.DC_GEN\[7\].DC.CORE.o_spi_rd"  +all +trace_process

ucli% fsdbDumpflush 
*Verdi* : Flush all FSDB Files at 0 ps.

ucli% fsdbDumpvars 0 "simulator.DCRFLI.DC_GEN\[7\].DC.CORE.o_spi_dout\[23:0\]"  +all +trace_process

ucli% fsdbDumpflush 
*Verdi* : Flush all FSDB Files at 0 ps.

ucli% fsdbDumpvars 0 "simulator.DCRFLI.DC_GEN\[7\].DC.CORE.o_cycles_left\[29:0\]"  +all +trace_process

ucli% fsdbDumpflush 
*Verdi* : Flush all FSDB Files at 0 ps.

ucli% if {[catch {ucliCore::setFocus tool}]} {}

ucli% fsdbDumpvars 0 "simulator.DC_IO_GEN\[7\].DAC.valid_transaction"  +all +trace_process
*Verdi* : Dumping the signal (simulator.DC_IO_GEN[7].DAC.valid_transaction).

ucli% fsdbDumpflush 
*Verdi* : Flush all FSDB Files at 0 ps.

ucli% if {[catch {ucliCore::setFocus tool}]} {}

ucli% fsdbDumpvars 0 "simulator.DC_IO_GEN\[7\].DAC.input_shift_reg"  +all +trace_process
*Verdi* : Dumping the signal (simulator.DC_IO_GEN[7].DAC.input_shift_reg).

ucli% fsdbDumpflush 
*Verdi* : Flush all FSDB Files at 0 ps.

ucli% if {[catch {ucliCore::setFocus tool}]} {}

ucli% fsdbDumpvars 0 "simulator.DC_IO_GEN\[7\].DAC.rw"  +all +trace_process
*Verdi* : Dumping the signal (simulator.DC_IO_GEN[7].DAC.rw).

ucli% fsdbDumpflush 
*Verdi* : Flush all FSDB Files at 0 ps.

ucli% if {[catch {ucliCore::setFocus tool}]} {}

ucli% fsdbDumpvars 0 "simulator.DC_IO_GEN\[7\].DAC.addr"  +all +trace_process
*Verdi* : Dumping the signal (simulator.DC_IO_GEN[7].DAC.addr).

ucli% fsdbDumpflush 
*Verdi* : Flush all FSDB Files at 0 ps.

ucli% if {[catch {ucliCore::setFocus tool}]} {}

ucli% fsdbDumpvars 0 "simulator.DC_IO_GEN\[7\].DAC.data"  +all +trace_process
*Verdi* : Dumping the signal (simulator.DC_IO_GEN[7].DAC.data).

ucli% fsdbDumpflush 
*Verdi* : Flush all FSDB Files at 0 ps.

ucli% if {[catch {ucliCore::setFocus tool}]} {}

ucli% fsdbDumpvars 0 "simulator.DC_IO_GEN\[7\].DAC.rd_data"  +all +trace_process
*Verdi* : Dumping the signal (simulator.DC_IO_GEN[7].DAC.rd_data).

ucli% fsdbDumpflush 
*Verdi* : Flush all FSDB Files at 0 ps.

ucli% if {[catch {ucliCore::setFocus tool}]} {}

ucli% fsdbDumpvars 0 "simulator.DC_IO_GEN\[7\].DAC.SCLK"  +all +trace_process
*Verdi* : Dumping the signal (simulator.DC_IO_GEN[7].DAC.SCLK).

ucli% fsdbDumpflush 
*Verdi* : Flush all FSDB Files at 0 ps.

ucli% if {[catch {ucliCore::setFocus tool}]} {}

ucli% fsdbDumpvars 0 "simulator.DC_IO_GEN\[7\].DAC.SDIN"  +all +trace_process
*Verdi* : Dumping the signal (simulator.DC_IO_GEN[7].DAC.SDIN).

ucli% fsdbDumpflush 
*Verdi* : Flush all FSDB Files at 0 ps.

ucli% if {[catch {ucliCore::setFocus tool}]} {}

ucli% fsdbDumpvars 0 "simulator.DC_IO_GEN\[7\].DAC.SYNC_N"  +all +trace_process
*Verdi* : Dumping the signal (simulator.DC_IO_GEN[7].DAC.SYNC_N).

ucli% fsdbDumpflush 
*Verdi* : Flush all FSDB Files at 0 ps.

ucli% if {[catch {ucliCore::setFocus tool}]} {}

ucli% fsdbDumpvars 0 "simulator.DC_IO_GEN\[7\].DAC.SDO"  +all +trace_process
*Verdi* : Dumping the signal (simulator.DC_IO_GEN[7].DAC.SDO).

ucli% fsdbDumpflush 
*Verdi* : Flush all FSDB Files at 0 ps.

ucli% if {[catch {ucliCore::setFocus tool}]} {}

ucli% fsdbDumpvars 0 "simulator.DC_IO_GEN\[7\].DAC.LDAC_N"  +all +trace_process
*Verdi* : Dumping the signal (simulator.DC_IO_GEN[7].DAC.LDAC_N).

ucli% fsdbDumpflush 
*Verdi* : Flush all FSDB Files at 0 ps.

ucli% if {[catch {ucliCore::setFocus tool}]} {}

ucli% fsdbDumpvars 0 "simulator.DC_IO_GEN\[7\].DAC.CLR_N"  +all +trace_process
*Verdi* : Dumping the signal (simulator.DC_IO_GEN[7].DAC.CLR_N).

ucli% fsdbDumpflush 
*Verdi* : Flush all FSDB Files at 0 ps.

ucli% if {[catch {ucliCore::setFocus tool}]} {}

ucli% fsdbDumpvars 0 "simulator.DC_IO_GEN\[7\].DAC.RESET_N"  +all +trace_process
*Verdi* : Dumping the signal (simulator.DC_IO_GEN[7].DAC.RESET_N).

ucli% fsdbDumpflush 
*Verdi* : Flush all FSDB Files at 0 ps.

ucli% if {[catch {ucliCore::setFocus tool}]} {}

ucli% fsdbDumpvars 0 "simulator.DC_IO_GEN\[7\].DAC.dac_reg"  +all +trace_process
*Verdi* : Dumping the signal (simulator.DC_IO_GEN[7].DAC.dac_reg).

ucli% fsdbDumpflush 
*Verdi* : Flush all FSDB Files at 0 ps.

ucli% if {[catch {ucliCore::setFocus tool}]} {}

ucli% fsdbDumpvars 0 "simulator.DC_IO_GEN\[7\].DAC.ctrl_reg"  +all +trace_process
*Verdi* : Dumping the signal (simulator.DC_IO_GEN[7].DAC.ctrl_reg).

ucli% fsdbDumpflush 
*Verdi* : Flush all FSDB Files at 0 ps.

ucli% if {[catch {ucliCore::setFocus tool}]} {}

ucli% fsdbDumpvars 0 "simulator.DC_IO_GEN\[7\].DAC.clrcode_reg"  +all +trace_process
*Verdi* : Dumping the signal (simulator.DC_IO_GEN[7].DAC.clrcode_reg).

ucli% fsdbDumpflush 
*Verdi* : Flush all FSDB Files at 0 ps.

ucli% if {[catch {ucliCore::setFocus tool}]} {}

ucli% fsdbDumpvars 0 "simulator.DC_IO_GEN\[7\].DAC.sw_ctrl_reg"  +all +trace_process
*Verdi* : Dumping the signal (simulator.DC_IO_GEN[7].DAC.sw_ctrl_reg).

ucli% fsdbDumpflush 
*Verdi* : Flush all FSDB Files at 0 ps.

ucli% if {[catch {ucliCore::setFocus tool}]} {}

ucli% fsdbDumpvars 0 "simulator.DC_IO_GEN\[7\].DAC.dac_input_reg"  +all +trace_process
*Verdi* : Dumping the signal (simulator.DC_IO_GEN[7].DAC.dac_input_reg).

ucli% fsdbDumpflush 
*Verdi* : Flush all FSDB Files at 0 ps.

ucli% if {[catch {ucliCore::setFocus tool}]} {}

ucli% fsdbDumpvars 0 "simulator.DC_IO_GEN\[7\].DAC.SDODIS"  +all +trace_process
*Verdi* : Dumping the signal (simulator.DC_IO_GEN[7].DAC.SDODIS).

ucli% fsdbDumpflush 
*Verdi* : Flush all FSDB Files at 0 ps.

ucli% if {[catch {ucliCore::setFocus tool}]} {}

ucli% fsdbDumpvars 0 "simulator.DC_IO_GEN\[7\].DAC.DACTRI"  +all +trace_process
*Verdi* : Dumping the signal (simulator.DC_IO_GEN[7].DAC.DACTRI).

ucli% fsdbDumpflush 
*Verdi* : Flush all FSDB Files at 0 ps.

ucli% if {[catch {ucliCore::setFocus tool}]} {}

ucli% fsdbDumpvars 0 "simulator.DC_IO_GEN\[7\].DAC.OPGND"  +all +trace_process
*Verdi* : Dumping the signal (simulator.DC_IO_GEN[7].DAC.OPGND).

ucli% fsdbDumpflush 
*Verdi* : Flush all FSDB Files at 0 ps.

ucli% if {[catch {ucliCore::setFocus tool}]} {}

ucli% fsdbDumpvars 0 "simulator.DC_IO_GEN\[7\].DAC.VOUT"  +all +trace_process
*Verdi* : Dumping the signal (simulator.DC_IO_GEN[7].DAC.VOUT).

ucli% fsdbDumpflush 
*Verdi* : Flush all FSDB Files at 0 ps.

ucli% if {[catch {ucliCore::setFocus tool}]} {}

ucli% fsdbDumpvars 0 "simulator.DC_IO_GEN\[7\].DAC.VDIGITAL"  +all +trace_process
*Verdi* : Dumping the signal (simulator.DC_IO_GEN[7].DAC.VDIGITAL).

ucli% fsdbDumpflush 
*Verdi* : Flush all FSDB Files at 0 ps.

ucli% if {[catch {ucliCore::setFocus tool}]} {}

ucli% fsdbDumpvars 0 "simulator.DC_IO_GEN\[6\].REGS.AXIL_REGS.i_aclk"  +all +trace_process

ucli% fsdbDumpflush 
*Verdi* : Flush all FSDB Files at 0 ps.

ucli% fsdbDumpvars 0 "simulator.DC_IO_GEN\[6\].REGS.AXIL_REGS.i_aresetn"  +all +trace_process

ucli% fsdbDumpflush 
*Verdi* : Flush all FSDB Files at 0 ps.

ucli% fsdbDumpvars 0 "simulator.DC_IO_GEN\[6\].REGS.AXIL_REGS.r_regs\[0:31\]\[31:0\]"  +all +trace_process

ucli% fsdbDumpflush 
*Verdi* : Flush all FSDB Files at 0 ps.

ucli% fsdbDumpvars 0 "simulator.DC_IO_GEN\[6\].REGS.AXIL_REGS.o_regs\[0:31\]\[31:0\]"  +all +trace_process

ucli% fsdbDumpflush 
*Verdi* : Flush all FSDB Files at 0 ps.

ucli% if {[catch {ucliCore::setFocus tool}]} {}

ucli% fsdbDumpvars 0 "simulator.DC_IO_GEN\[6\].REGS.AXIL_REGS.o_awready"  +all +trace_process

ucli% fsdbDumpflush 
*Verdi* : Flush all FSDB Files at 0 ps.

ucli% fsdbDumpvars 0 "simulator.DC_IO_GEN\[6\].REGS.AXIL_REGS.i_awvalid"  +all +trace_process

ucli% fsdbDumpflush 
*Verdi* : Flush all FSDB Files at 0 ps.

ucli% fsdbDumpvars 0 "simulator.DC_IO_GEN\[6\].REGS.AXIL_REGS.i_awaddr\[6:0\]"  +all +trace_process

ucli% fsdbDumpflush 
*Verdi* : Flush all FSDB Files at 0 ps.

ucli% fsdbDumpvars 0 "simulator.DC_IO_GEN\[6\].REGS.AXIL_REGS.w_awireg\[4:0\]"  +all +trace_process

ucli% fsdbDumpflush 
*Verdi* : Flush all FSDB Files at 0 ps.

ucli% fsdbDumpvars 0 "simulator.DC_IO_GEN\[6\].REGS.AXIL_REGS.w_awls2b\[1:0\]"  +all +trace_process

ucli% fsdbDumpflush 
*Verdi* : Flush all FSDB Files at 0 ps.

ucli% if {[catch {ucliCore::setFocus tool}]} {}

ucli% fsdbDumpvars 0 "simulator.DC_IO_GEN\[6\].REGS.AXIL_REGS.o_wready"  +all +trace_process

ucli% fsdbDumpflush 
*Verdi* : Flush all FSDB Files at 0 ps.

ucli% fsdbDumpvars 0 "simulator.DC_IO_GEN\[6\].REGS.AXIL_REGS.i_wvalid"  +all +trace_process

ucli% fsdbDumpflush 
*Verdi* : Flush all FSDB Files at 0 ps.

ucli% fsdbDumpvars 0 "simulator.DC_IO_GEN\[6\].REGS.AXIL_REGS.i_wdata\[31:0\]"  +all +trace_process

ucli% fsdbDumpflush 
*Verdi* : Flush all FSDB Files at 0 ps.

ucli% fsdbDumpvars 0 "simulator.DC_IO_GEN\[6\].REGS.AXIL_REGS.i_wstrb\[3:0\]"  +all +trace_process

ucli% fsdbDumpflush 
*Verdi* : Flush all FSDB Files at 0 ps.

ucli% fsdbDumpvars 0 "simulator.DC_IO_GEN\[6\].REGS.AXIL_REGS.w_wdatastrb\[31:0\]"  +all +trace_process

ucli% fsdbDumpflush 
*Verdi* : Flush all FSDB Files at 0 ps.

ucli% if {[catch {ucliCore::setFocus tool}]} {}

ucli% fsdbDumpvars 0 "simulator.DC_IO_GEN\[6\].REGS.AXIL_REGS.i_bready"  +all +trace_process

ucli% fsdbDumpflush 
*Verdi* : Flush all FSDB Files at 0 ps.

ucli% fsdbDumpvars 0 "simulator.DC_IO_GEN\[6\].REGS.AXIL_REGS.o_bvalid"  +all +trace_process

ucli% fsdbDumpflush 
*Verdi* : Flush all FSDB Files at 0 ps.

ucli% fsdbDumpvars 0 "simulator.DC_IO_GEN\[6\].REGS.AXIL_REGS.o_bresp\[1:0\]"  +all +trace_process

ucli% fsdbDumpflush 
*Verdi* : Flush all FSDB Files at 0 ps.

ucli% if {[catch {ucliCore::setFocus tool}]} {}

ucli% fsdbDumpvars 0 "simulator.DC_IO_GEN\[6\].REGS.AXIL_REGS.o_arready"  +all +trace_process

ucli% fsdbDumpflush 
*Verdi* : Flush all FSDB Files at 0 ps.

ucli% fsdbDumpvars 0 "simulator.DC_IO_GEN\[6\].REGS.AXIL_REGS.i_arvalid"  +all +trace_process

ucli% fsdbDumpflush 
*Verdi* : Flush all FSDB Files at 0 ps.

ucli% fsdbDumpvars 0 "simulator.DC_IO_GEN\[6\].REGS.AXIL_REGS.i_araddr\[6:0\]"  +all +trace_process

ucli% fsdbDumpflush 
*Verdi* : Flush all FSDB Files at 0 ps.

ucli% fsdbDumpvars 0 "simulator.DC_IO_GEN\[6\].REGS.AXIL_REGS.w_arireg\[4:0\]"  +all +trace_process

ucli% fsdbDumpflush 
*Verdi* : Flush all FSDB Files at 0 ps.

ucli% fsdbDumpvars 0 "simulator.DC_IO_GEN\[6\].REGS.AXIL_REGS.w_arls2b\[1:0\]"  +all +trace_process

ucli% fsdbDumpflush 
*Verdi* : Flush all FSDB Files at 0 ps.

ucli% if {[catch {ucliCore::setFocus tool}]} {}

ucli% fsdbDumpvars 0 "simulator.DC_IO_GEN\[6\].REGS.AXIL_REGS.i_rready"  +all +trace_process

ucli% fsdbDumpflush 
*Verdi* : Flush all FSDB Files at 0 ps.

ucli% fsdbDumpvars 0 "simulator.DC_IO_GEN\[6\].REGS.AXIL_REGS.o_rvalid"  +all +trace_process

ucli% fsdbDumpflush 
*Verdi* : Flush all FSDB Files at 0 ps.

ucli% fsdbDumpvars 0 "simulator.DC_IO_GEN\[6\].REGS.AXIL_REGS.o_rdata\[31:0\]"  +all +trace_process

ucli% fsdbDumpflush 
*Verdi* : Flush all FSDB Files at 0 ps.

ucli% fsdbDumpvars 0 "simulator.DC_IO_GEN\[6\].REGS.AXIL_REGS.o_rresp\[1:0\]"  +all +trace_process

ucli% fsdbDumpflush 
*Verdi* : Flush all FSDB Files at 0 ps.

ucli% if {[catch {ucliCore::setFocus tool}]} {}

ucli% fsdbDumpvars 0 "simulator.DCRFLI.DC_GEN\[6\].DC.SEQ.i_clk"  +all +trace_process

ucli% fsdbDumpflush 
*Verdi* : Flush all FSDB Files at 0 ps.

ucli% fsdbDumpvars 0 "simulator.DCRFLI.DC_GEN\[6\].DC.SEQ.i_rst"  +all +trace_process

ucli% fsdbDumpflush 
*Verdi* : Flush all FSDB Files at 0 ps.

ucli% fsdbDumpvars 0 "simulator.DCRFLI.DC_GEN\[6\].DC.SEQ.w_propagate"  +all +trace_process

ucli% fsdbDumpflush 
*Verdi* : Flush all FSDB Files at 0 ps.

ucli% if {[catch {ucliCore::setFocus tool}]} {}

ucli% fsdbDumpvars 0 "simulator.DCRFLI.DC_GEN\[6\].DC.SEQ.i_regs\[0:31\]\[31:0\]"  +all +trace_process

ucli% fsdbDumpflush 
*Verdi* : Flush all FSDB Files at 0 ps.

ucli% fsdbDumpvars 0 "simulator.DCRFLI.DC_GEN\[6\].DC.SEQ.w_last0"  +all +trace_process

ucli% fsdbDumpflush 
*Verdi* : Flush all FSDB Files at 0 ps.

ucli% fsdbDumpvars 0 "simulator.DCRFLI.DC_GEN\[6\].DC.SEQ.w_last0_ff1"  +all +trace_process

ucli% fsdbDumpflush 
*Verdi* : Flush all FSDB Files at 0 ps.

ucli% fsdbDumpvars 0 "simulator.DCRFLI.DC_GEN\[6\].DC.SEQ.w_last0_ff2"  +all +trace_process

ucli% fsdbDumpflush 
*Verdi* : Flush all FSDB Files at 0 ps.

ucli% fsdbDumpvars 0 "simulator.DCRFLI.DC_GEN\[6\].DC.SEQ.w_new_sequence"  +all +trace_process

ucli% fsdbDumpflush 
*Verdi* : Flush all FSDB Files at 0 ps.

ucli% if {[catch {ucliCore::setFocus tool}]} {}

ucli% fsdbDumpvars 0 "simulator.DCRFLI.DC_GEN\[6\].DC.SEQ.r_sequence\[0:9\]\[91:0\]"  +all +trace_process

ucli% fsdbDumpflush 
*Verdi* : Flush all FSDB Files at 0 ps.

ucli% fsdbDumpvars 0 "simulator.DCRFLI.DC_GEN\[6\].DC.SEQ.r_iters\[10:0\]"  +all +trace_process

ucli% fsdbDumpflush 
*Verdi* : Flush all FSDB Files at 0 ps.

ucli% fsdbDumpvars 0 "simulator.DCRFLI.DC_GEN\[6\].DC.SEQ.r_iptr\[3:0\]"  +all +trace_process

ucli% fsdbDumpflush 
*Verdi* : Flush all FSDB Files at 0 ps.

ucli% fsdbDumpvars 0 "simulator.DCRFLI.DC_GEN\[6\].DC.SEQ.w_insn_fetch\[91:0\]"  +all +trace_process

ucli% fsdbDumpflush 
*Verdi* : Flush all FSDB Files at 0 ps.

ucli% fsdbDumpvars 0 "simulator.DCRFLI.DC_GEN\[6\].DC.SEQ.w_insn_bubble"  +all +trace_process

ucli% fsdbDumpflush 
*Verdi* : Flush all FSDB Files at 0 ps.

ucli% fsdbDumpvars 0 "simulator.DCRFLI.DC_GEN\[6\].DC.SEQ.w_iptr_plus1\[3:0\]"  +all +trace_process

ucli% fsdbDumpflush 
*Verdi* : Flush all FSDB Files at 0 ps.

ucli% fsdbDumpvars 0 "simulator.DCRFLI.DC_GEN\[6\].DC.SEQ.w_next_null"  +all +trace_process

ucli% fsdbDumpflush 
*Verdi* : Flush all FSDB Files at 0 ps.

ucli% if {[catch {ucliCore::setFocus tool}]} {}

ucli% fsdbDumpvars 0 "simulator.DCRFLI.DC_GEN\[6\].DC.SEQ.o_empty"  +all +trace_process

ucli% fsdbDumpflush 
*Verdi* : Flush all FSDB Files at 0 ps.

ucli% fsdbDumpvars 0 "simulator.DCRFLI.DC_GEN\[6\].DC.SEQ.i_next"  +all +trace_process

ucli% fsdbDumpflush 
*Verdi* : Flush all FSDB Files at 0 ps.

ucli% fsdbDumpvars 0 "simulator.DCRFLI.DC_GEN\[6\].DC.SEQ.o_addr\[3:0\]"  +all +trace_process

ucli% fsdbDumpflush 
*Verdi* : Flush all FSDB Files at 0 ps.

ucli% fsdbDumpvars 0 "simulator.DCRFLI.DC_GEN\[6\].DC.SEQ.o_insn\[91:0\]"  +all +trace_process

ucli% fsdbDumpflush 
*Verdi* : Flush all FSDB Files at 0 ps.

ucli% fsdbDumpvars 0 "simulator.DCRFLI.DC_GEN\[6\].DC.SEQ.r_iptr_modify\[3:0\]"  +all +trace_process

ucli% fsdbDumpflush 
*Verdi* : Flush all FSDB Files at 0 ps.

ucli% fsdbDumpvars 0 "simulator.DCRFLI.DC_GEN\[6\].DC.SEQ.i_insn_modified\[91:0\]"  +all +trace_process

ucli% fsdbDumpflush 
*Verdi* : Flush all FSDB Files at 0 ps.

ucli% if {[catch {ucliCore::setFocus tool}]} {}

ucli% fsdbDumpvars 0 "simulator.DCRFLI.DC_GEN\[6\].DC.CORE.i_clk"  +all +trace_process

ucli% fsdbDumpflush 
*Verdi* : Flush all FSDB Files at 0 ps.

ucli% fsdbDumpvars 0 "simulator.DCRFLI.DC_GEN\[6\].DC.CORE.i_rst"  +all +trace_process

ucli% fsdbDumpflush 
*Verdi* : Flush all FSDB Files at 0 ps.

ucli% fsdbDumpvars 0 "simulator.DCRFLI.DC_GEN\[6\].DC.CORE.w_stall"  +all +trace_process

ucli% fsdbDumpflush 
*Verdi* : Flush all FSDB Files at 0 ps.

ucli% if {[catch {ucliCore::setFocus tool}]} {}

ucli% fsdbDumpvars 0 "simulator.DCRFLI.DC_GEN\[6\].DC.CORE.d"  +all +trace_process

ucli% fsdbDumpflush 
*Verdi* : Flush all FSDB Files at 0 ps.

ucli% fsdbDumpvars 0 "simulator.DCRFLI.DC_GEN\[6\].DC.CORE.i_empty"  +all +trace_process

ucli% fsdbDumpflush 
*Verdi* : Flush all FSDB Files at 0 ps.

ucli% fsdbDumpvars 0 "simulator.DCRFLI.DC_GEN\[6\].DC.CORE.o_next"  +all +trace_process

ucli% fsdbDumpflush 
*Verdi* : Flush all FSDB Files at 0 ps.

ucli% fsdbDumpvars 0 "simulator.DCRFLI.DC_GEN\[6\].DC.CORE.i_addr\[3:0\]"  +all +trace_process

ucli% fsdbDumpflush 
*Verdi* : Flush all FSDB Files at 0 ps.

ucli% fsdbDumpvars 0 "simulator.DCRFLI.DC_GEN\[6\].DC.CORE.i_insn\[91:0\]"  +all +trace_process

ucli% fsdbDumpflush 
*Verdi* : Flush all FSDB Files at 0 ps.

ucli% fsdbDumpvars 0 "simulator.DCRFLI.DC_GEN\[6\].DC.CORE.o_insn_modified"  +all +trace_process

ucli% fsdbDumpflush 
*Verdi* : Flush all FSDB Files at 0 ps.

ucli% if {[catch {ucliCore::setFocus tool}]} {}

ucli% fsdbDumpvars 0 "simulator.DCRFLI.DC_GEN\[6\].DC.CORE.i"  +all +trace_process

ucli% fsdbDumpflush 
*Verdi* : Flush all FSDB Files at 0 ps.

ucli% if {[catch {ucliCore::setFocus tool}]} {}

ucli% fsdbDumpvars 0 "simulator.DCRFLI.DC_GEN\[6\].DC.CORE.s"  +all +trace_process

ucli% fsdbDumpflush 
*Verdi* : Flush all FSDB Files at 0 ps.

ucli% fsdbDumpvars 0 "simulator.DCRFLI.DC_GEN\[6\].DC.CORE.w_dvsr\[15:0\]"  +all +trace_process

ucli% fsdbDumpflush 
*Verdi* : Flush all FSDB Files at 0 ps.

ucli% fsdbDumpvars 0 "simulator.DCRFLI.DC_GEN\[6\].DC.CORE.w_spi_dout\[23:0\]"  +all +trace_process

ucli% fsdbDumpflush 
*Verdi* : Flush all FSDB Files at 0 ps.

ucli% fsdbDumpvars 0 "simulator.DCRFLI.DC_GEN\[6\].DC.CORE.w_spi_done"  +all +trace_process

ucli% fsdbDumpflush 
*Verdi* : Flush all FSDB Files at 0 ps.

ucli% fsdbDumpvars 0 "simulator.DCRFLI.DC_GEN\[6\].DC.CORE.o_armed"  +all +trace_process

ucli% fsdbDumpflush 
*Verdi* : Flush all FSDB Files at 0 ps.

ucli% fsdbDumpvars 0 "simulator.DCRFLI.DC_GEN\[6\].DC.CORE.i_start"  +all +trace_process

ucli% fsdbDumpflush 
*Verdi* : Flush all FSDB Files at 0 ps.

ucli% if {[catch {ucliCore::setFocus tool}]} {}

ucli% fsdbDumpvars 0 "simulator.DCRFLI.DC_GEN\[6\].DC.CORE.o_sclk"  +all +trace_process

ucli% fsdbDumpflush 
*Verdi* : Flush all FSDB Files at 0 ps.

ucli% fsdbDumpvars 0 "simulator.DCRFLI.DC_GEN\[6\].DC.CORE.o_mosi"  +all +trace_process

ucli% fsdbDumpflush 
*Verdi* : Flush all FSDB Files at 0 ps.

ucli% fsdbDumpvars 0 "simulator.DCRFLI.DC_GEN\[6\].DC.CORE.i_miso"  +all +trace_process

ucli% fsdbDumpflush 
*Verdi* : Flush all FSDB Files at 0 ps.

ucli% fsdbDumpvars 0 "simulator.DCRFLI.DC_GEN\[6\].DC.CORE.o_cs_n"  +all +trace_process

ucli% fsdbDumpflush 
*Verdi* : Flush all FSDB Files at 0 ps.

ucli% fsdbDumpvars 0 "simulator.DCRFLI.DC_GEN\[6\].DC.CORE.o_ldac_n"  +all +trace_process

ucli% fsdbDumpflush 
*Verdi* : Flush all FSDB Files at 0 ps.

ucli% if {[catch {ucliCore::setFocus tool}]} {}

ucli% fsdbDumpvars 0 "simulator.DCRFLI.DC_GEN\[6\].DC.CORE.h"  +all +trace_process

ucli% fsdbDumpflush 
*Verdi* : Flush all FSDB Files at 0 ps.

ucli% fsdbDumpvars 0 "simulator.DCRFLI.DC_GEN\[6\].DC.CORE.o_next"  +all +trace_process

ucli% fsdbDumpflush 
*Verdi* : Flush all FSDB Files at 0 ps.

ucli% fsdbDumpvars 0 "simulator.DCRFLI.DC_GEN\[6\].DC.CORE.o_addr\[3:0\]"  +all +trace_process

ucli% fsdbDumpflush 
*Verdi* : Flush all FSDB Files at 0 ps.

ucli% fsdbDumpvars 0 "simulator.DCRFLI.DC_GEN\[6\].DC.CORE.o_iter\[9:0\]"  +all +trace_process

ucli% fsdbDumpflush 
*Verdi* : Flush all FSDB Files at 0 ps.

ucli% fsdbDumpvars 0 "simulator.DCRFLI.DC_GEN\[6\].DC.CORE.o_spi_din\[23:0\]"  +all +trace_process

ucli% fsdbDumpflush 
*Verdi* : Flush all FSDB Files at 0 ps.

ucli% fsdbDumpvars 0 "simulator.DCRFLI.DC_GEN\[6\].DC.CORE.o_spi_rd"  +all +trace_process

ucli% fsdbDumpflush 
*Verdi* : Flush all FSDB Files at 0 ps.

ucli% fsdbDumpvars 0 "simulator.DCRFLI.DC_GEN\[6\].DC.CORE.o_spi_dout\[23:0\]"  +all +trace_process

ucli% fsdbDumpflush 
*Verdi* : Flush all FSDB Files at 0 ps.

ucli% fsdbDumpvars 0 "simulator.DCRFLI.DC_GEN\[6\].DC.CORE.o_cycles_left\[29:0\]"  +all +trace_process

ucli% fsdbDumpflush 
*Verdi* : Flush all FSDB Files at 0 ps.

ucli% if {[catch {ucliCore::setFocus tool}]} {}

ucli% fsdbDumpvars 0 "simulator.DC_IO_GEN\[6\].DAC.valid_transaction"  +all +trace_process
*Verdi* : Dumping the signal (simulator.DC_IO_GEN[6].DAC.valid_transaction).

ucli% fsdbDumpflush 
*Verdi* : Flush all FSDB Files at 0 ps.

ucli% if {[catch {ucliCore::setFocus tool}]} {}

ucli% fsdbDumpvars 0 "simulator.DC_IO_GEN\[6\].DAC.input_shift_reg"  +all +trace_process
*Verdi* : Dumping the signal (simulator.DC_IO_GEN[6].DAC.input_shift_reg).

ucli% fsdbDumpflush 
*Verdi* : Flush all FSDB Files at 0 ps.

ucli% if {[catch {ucliCore::setFocus tool}]} {}

ucli% fsdbDumpvars 0 "simulator.DC_IO_GEN\[6\].DAC.rw"  +all +trace_process
*Verdi* : Dumping the signal (simulator.DC_IO_GEN[6].DAC.rw).

ucli% fsdbDumpflush 
*Verdi* : Flush all FSDB Files at 0 ps.

ucli% if {[catch {ucliCore::setFocus tool}]} {}

ucli% fsdbDumpvars 0 "simulator.DC_IO_GEN\[6\].DAC.addr"  +all +trace_process
*Verdi* : Dumping the signal (simulator.DC_IO_GEN[6].DAC.addr).

ucli% fsdbDumpflush 
*Verdi* : Flush all FSDB Files at 0 ps.

ucli% if {[catch {ucliCore::setFocus tool}]} {}

ucli% fsdbDumpvars 0 "simulator.DC_IO_GEN\[6\].DAC.data"  +all +trace_process
*Verdi* : Dumping the signal (simulator.DC_IO_GEN[6].DAC.data).

ucli% fsdbDumpflush 
*Verdi* : Flush all FSDB Files at 0 ps.

ucli% if {[catch {ucliCore::setFocus tool}]} {}

ucli% fsdbDumpvars 0 "simulator.DC_IO_GEN\[6\].DAC.rd_data"  +all +trace_process
*Verdi* : Dumping the signal (simulator.DC_IO_GEN[6].DAC.rd_data).

ucli% fsdbDumpflush 
*Verdi* : Flush all FSDB Files at 0 ps.

ucli% if {[catch {ucliCore::setFocus tool}]} {}

ucli% fsdbDumpvars 0 "simulator.DC_IO_GEN\[6\].DAC.SCLK"  +all +trace_process
*Verdi* : Dumping the signal (simulator.DC_IO_GEN[6].DAC.SCLK).

ucli% fsdbDumpflush 
*Verdi* : Flush all FSDB Files at 0 ps.

ucli% if {[catch {ucliCore::setFocus tool}]} {}

ucli% fsdbDumpvars 0 "simulator.DC_IO_GEN\[6\].DAC.SDIN"  +all +trace_process
*Verdi* : Dumping the signal (simulator.DC_IO_GEN[6].DAC.SDIN).

ucli% fsdbDumpflush 
*Verdi* : Flush all FSDB Files at 0 ps.

ucli% if {[catch {ucliCore::setFocus tool}]} {}

ucli% fsdbDumpvars 0 "simulator.DC_IO_GEN\[6\].DAC.SYNC_N"  +all +trace_process
*Verdi* : Dumping the signal (simulator.DC_IO_GEN[6].DAC.SYNC_N).

ucli% fsdbDumpflush 
*Verdi* : Flush all FSDB Files at 0 ps.

ucli% if {[catch {ucliCore::setFocus tool}]} {}

ucli% fsdbDumpvars 0 "simulator.DC_IO_GEN\[6\].DAC.SDO"  +all +trace_process
*Verdi* : Dumping the signal (simulator.DC_IO_GEN[6].DAC.SDO).

ucli% fsdbDumpflush 
*Verdi* : Flush all FSDB Files at 0 ps.

ucli% if {[catch {ucliCore::setFocus tool}]} {}

ucli% fsdbDumpvars 0 "simulator.DC_IO_GEN\[6\].DAC.LDAC_N"  +all +trace_process
*Verdi* : Dumping the signal (simulator.DC_IO_GEN[6].DAC.LDAC_N).

ucli% fsdbDumpflush 
*Verdi* : Flush all FSDB Files at 0 ps.

ucli% if {[catch {ucliCore::setFocus tool}]} {}

ucli% fsdbDumpvars 0 "simulator.DC_IO_GEN\[6\].DAC.CLR_N"  +all +trace_process
*Verdi* : Dumping the signal (simulator.DC_IO_GEN[6].DAC.CLR_N).

ucli% fsdbDumpflush 
*Verdi* : Flush all FSDB Files at 0 ps.

ucli% if {[catch {ucliCore::setFocus tool}]} {}

ucli% fsdbDumpvars 0 "simulator.DC_IO_GEN\[6\].DAC.RESET_N"  +all +trace_process
*Verdi* : Dumping the signal (simulator.DC_IO_GEN[6].DAC.RESET_N).

ucli% fsdbDumpflush 
*Verdi* : Flush all FSDB Files at 0 ps.

ucli% if {[catch {ucliCore::setFocus tool}]} {}

ucli% fsdbDumpvars 0 "simulator.DC_IO_GEN\[6\].DAC.dac_reg"  +all +trace_process
*Verdi* : Dumping the signal (simulator.DC_IO_GEN[6].DAC.dac_reg).

ucli% fsdbDumpflush 
*Verdi* : Flush all FSDB Files at 0 ps.

ucli% if {[catch {ucliCore::setFocus tool}]} {}

ucli% fsdbDumpvars 0 "simulator.DC_IO_GEN\[6\].DAC.ctrl_reg"  +all +trace_process
*Verdi* : Dumping the signal (simulator.DC_IO_GEN[6].DAC.ctrl_reg).

ucli% fsdbDumpflush 
*Verdi* : Flush all FSDB Files at 0 ps.

ucli% if {[catch {ucliCore::setFocus tool}]} {}

ucli% fsdbDumpvars 0 "simulator.DC_IO_GEN\[6\].DAC.clrcode_reg"  +all +trace_process
*Verdi* : Dumping the signal (simulator.DC_IO_GEN[6].DAC.clrcode_reg).

ucli% fsdbDumpflush 
*Verdi* : Flush all FSDB Files at 0 ps.

ucli% if {[catch {ucliCore::setFocus tool}]} {}

ucli% fsdbDumpvars 0 "simulator.DC_IO_GEN\[6\].DAC.sw_ctrl_reg"  +all +trace_process
*Verdi* : Dumping the signal (simulator.DC_IO_GEN[6].DAC.sw_ctrl_reg).

ucli% fsdbDumpflush 
*Verdi* : Flush all FSDB Files at 0 ps.

ucli% if {[catch {ucliCore::setFocus tool}]} {}

ucli% fsdbDumpvars 0 "simulator.DC_IO_GEN\[6\].DAC.dac_input_reg"  +all +trace_process
*Verdi* : Dumping the signal (simulator.DC_IO_GEN[6].DAC.dac_input_reg).

ucli% fsdbDumpflush 
*Verdi* : Flush all FSDB Files at 0 ps.

ucli% if {[catch {ucliCore::setFocus tool}]} {}

ucli% fsdbDumpvars 0 "simulator.DC_IO_GEN\[6\].DAC.SDODIS"  +all +trace_process
*Verdi* : Dumping the signal (simulator.DC_IO_GEN[6].DAC.SDODIS).

ucli% fsdbDumpflush 
*Verdi* : Flush all FSDB Files at 0 ps.

ucli% if {[catch {ucliCore::setFocus tool}]} {}

ucli% fsdbDumpvars 0 "simulator.DC_IO_GEN\[6\].DAC.DACTRI"  +all +trace_process
*Verdi* : Dumping the signal (simulator.DC_IO_GEN[6].DAC.DACTRI).

ucli% fsdbDumpflush 
*Verdi* : Flush all FSDB Files at 0 ps.

ucli% if {[catch {ucliCore::setFocus tool}]} {}

ucli% fsdbDumpvars 0 "simulator.DC_IO_GEN\[6\].DAC.OPGND"  +all +trace_process
*Verdi* : Dumping the signal (simulator.DC_IO_GEN[6].DAC.OPGND).

ucli% fsdbDumpflush 
*Verdi* : Flush all FSDB Files at 0 ps.

ucli% if {[catch {ucliCore::setFocus tool}]} {}

ucli% fsdbDumpvars 0 "simulator.DC_IO_GEN\[6\].DAC.VOUT"  +all +trace_process
*Verdi* : Dumping the signal (simulator.DC_IO_GEN[6].DAC.VOUT).

ucli% fsdbDumpflush 
*Verdi* : Flush all FSDB Files at 0 ps.

ucli% if {[catch {ucliCore::setFocus tool}]} {}

ucli% fsdbDumpvars 0 "simulator.DC_IO_GEN\[6\].DAC.VDIGITAL"  +all +trace_process
*Verdi* : Dumping the signal (simulator.DC_IO_GEN[6].DAC.VDIGITAL).

ucli% fsdbDumpflush 
*Verdi* : Flush all FSDB Files at 0 ps.

ucli% if {[catch {ucliCore::setFocus tool}]} {}

ucli% fsdbDumpvars 0 "simulator.DC_IO_GEN\[5\].REGS.AXIL_REGS.i_aclk"  +all +trace_process

ucli% fsdbDumpflush 
*Verdi* : Flush all FSDB Files at 0 ps.

ucli% fsdbDumpvars 0 "simulator.DC_IO_GEN\[5\].REGS.AXIL_REGS.i_aresetn"  +all +trace_process

ucli% fsdbDumpflush 
*Verdi* : Flush all FSDB Files at 0 ps.

ucli% fsdbDumpvars 0 "simulator.DC_IO_GEN\[5\].REGS.AXIL_REGS.r_regs\[0:31\]\[31:0\]"  +all +trace_process

ucli% fsdbDumpflush 
*Verdi* : Flush all FSDB Files at 0 ps.

ucli% fsdbDumpvars 0 "simulator.DC_IO_GEN\[5\].REGS.AXIL_REGS.o_regs\[0:31\]\[31:0\]"  +all +trace_process

ucli% fsdbDumpflush 
*Verdi* : Flush all FSDB Files at 0 ps.

ucli% if {[catch {ucliCore::setFocus tool}]} {}

ucli% fsdbDumpvars 0 "simulator.DC_IO_GEN\[5\].REGS.AXIL_REGS.o_awready"  +all +trace_process

ucli% fsdbDumpflush 
*Verdi* : Flush all FSDB Files at 0 ps.

ucli% fsdbDumpvars 0 "simulator.DC_IO_GEN\[5\].REGS.AXIL_REGS.i_awvalid"  +all +trace_process

ucli% fsdbDumpflush 
*Verdi* : Flush all FSDB Files at 0 ps.

ucli% fsdbDumpvars 0 "simulator.DC_IO_GEN\[5\].REGS.AXIL_REGS.i_awaddr\[6:0\]"  +all +trace_process

ucli% fsdbDumpflush 
*Verdi* : Flush all FSDB Files at 0 ps.

ucli% fsdbDumpvars 0 "simulator.DC_IO_GEN\[5\].REGS.AXIL_REGS.w_awireg\[4:0\]"  +all +trace_process

ucli% fsdbDumpflush 
*Verdi* : Flush all FSDB Files at 0 ps.

ucli% fsdbDumpvars 0 "simulator.DC_IO_GEN\[5\].REGS.AXIL_REGS.w_awls2b\[1:0\]"  +all +trace_process

ucli% fsdbDumpflush 
*Verdi* : Flush all FSDB Files at 0 ps.

ucli% if {[catch {ucliCore::setFocus tool}]} {}

ucli% fsdbDumpvars 0 "simulator.DC_IO_GEN\[5\].REGS.AXIL_REGS.o_wready"  +all +trace_process

ucli% fsdbDumpflush 
*Verdi* : Flush all FSDB Files at 0 ps.

ucli% fsdbDumpvars 0 "simulator.DC_IO_GEN\[5\].REGS.AXIL_REGS.i_wvalid"  +all +trace_process

ucli% fsdbDumpflush 
*Verdi* : Flush all FSDB Files at 0 ps.

ucli% fsdbDumpvars 0 "simulator.DC_IO_GEN\[5\].REGS.AXIL_REGS.i_wdata\[31:0\]"  +all +trace_process

ucli% fsdbDumpflush 
*Verdi* : Flush all FSDB Files at 0 ps.

ucli% fsdbDumpvars 0 "simulator.DC_IO_GEN\[5\].REGS.AXIL_REGS.i_wstrb\[3:0\]"  +all +trace_process

ucli% fsdbDumpflush 
*Verdi* : Flush all FSDB Files at 0 ps.

ucli% fsdbDumpvars 0 "simulator.DC_IO_GEN\[5\].REGS.AXIL_REGS.w_wdatastrb\[31:0\]"  +all +trace_process

ucli% fsdbDumpflush 
*Verdi* : Flush all FSDB Files at 0 ps.

ucli% if {[catch {ucliCore::setFocus tool}]} {}

ucli% fsdbDumpvars 0 "simulator.DC_IO_GEN\[5\].REGS.AXIL_REGS.i_bready"  +all +trace_process

ucli% fsdbDumpflush 
*Verdi* : Flush all FSDB Files at 0 ps.

ucli% fsdbDumpvars 0 "simulator.DC_IO_GEN\[5\].REGS.AXIL_REGS.o_bvalid"  +all +trace_process

ucli% fsdbDumpflush 
*Verdi* : Flush all FSDB Files at 0 ps.

ucli% fsdbDumpvars 0 "simulator.DC_IO_GEN\[5\].REGS.AXIL_REGS.o_bresp\[1:0\]"  +all +trace_process

ucli% fsdbDumpflush 
*Verdi* : Flush all FSDB Files at 0 ps.

ucli% if {[catch {ucliCore::setFocus tool}]} {}

ucli% fsdbDumpvars 0 "simulator.DC_IO_GEN\[5\].REGS.AXIL_REGS.o_arready"  +all +trace_process

ucli% fsdbDumpflush 
*Verdi* : Flush all FSDB Files at 0 ps.

ucli% fsdbDumpvars 0 "simulator.DC_IO_GEN\[5\].REGS.AXIL_REGS.i_arvalid"  +all +trace_process

ucli% fsdbDumpflush 
*Verdi* : Flush all FSDB Files at 0 ps.

ucli% fsdbDumpvars 0 "simulator.DC_IO_GEN\[5\].REGS.AXIL_REGS.i_araddr\[6:0\]"  +all +trace_process

ucli% fsdbDumpflush 
*Verdi* : Flush all FSDB Files at 0 ps.

ucli% fsdbDumpvars 0 "simulator.DC_IO_GEN\[5\].REGS.AXIL_REGS.w_arireg\[4:0\]"  +all +trace_process

ucli% fsdbDumpflush 
*Verdi* : Flush all FSDB Files at 0 ps.

ucli% fsdbDumpvars 0 "simulator.DC_IO_GEN\[5\].REGS.AXIL_REGS.w_arls2b\[1:0\]"  +all +trace_process

ucli% fsdbDumpflush 
*Verdi* : Flush all FSDB Files at 0 ps.

ucli% if {[catch {ucliCore::setFocus tool}]} {}

ucli% fsdbDumpvars 0 "simulator.DC_IO_GEN\[5\].REGS.AXIL_REGS.i_rready"  +all +trace_process

ucli% fsdbDumpflush 
*Verdi* : Flush all FSDB Files at 0 ps.

ucli% fsdbDumpvars 0 "simulator.DC_IO_GEN\[5\].REGS.AXIL_REGS.o_rvalid"  +all +trace_process

ucli% fsdbDumpflush 
*Verdi* : Flush all FSDB Files at 0 ps.

ucli% fsdbDumpvars 0 "simulator.DC_IO_GEN\[5\].REGS.AXIL_REGS.o_rdata\[31:0\]"  +all +trace_process

ucli% fsdbDumpflush 
*Verdi* : Flush all FSDB Files at 0 ps.

ucli% fsdbDumpvars 0 "simulator.DC_IO_GEN\[5\].REGS.AXIL_REGS.o_rresp\[1:0\]"  +all +trace_process

ucli% fsdbDumpflush 
*Verdi* : Flush all FSDB Files at 0 ps.

ucli% if {[catch {ucliCore::setFocus tool}]} {}

ucli% fsdbDumpvars 0 "simulator.DCRFLI.DC_GEN\[5\].DC.SEQ.i_clk"  +all +trace_process

ucli% fsdbDumpflush 
*Verdi* : Flush all FSDB Files at 0 ps.

ucli% fsdbDumpvars 0 "simulator.DCRFLI.DC_GEN\[5\].DC.SEQ.i_rst"  +all +trace_process

ucli% fsdbDumpflush 
*Verdi* : Flush all FSDB Files at 0 ps.

ucli% fsdbDumpvars 0 "simulator.DCRFLI.DC_GEN\[5\].DC.SEQ.w_propagate"  +all +trace_process

ucli% fsdbDumpflush 
*Verdi* : Flush all FSDB Files at 0 ps.

ucli% if {[catch {ucliCore::setFocus tool}]} {}

ucli% fsdbDumpvars 0 "simulator.DCRFLI.DC_GEN\[5\].DC.SEQ.i_regs\[0:31\]\[31:0\]"  +all +trace_process

ucli% fsdbDumpflush 
*Verdi* : Flush all FSDB Files at 0 ps.

ucli% fsdbDumpvars 0 "simulator.DCRFLI.DC_GEN\[5\].DC.SEQ.w_last0"  +all +trace_process

ucli% fsdbDumpflush 
*Verdi* : Flush all FSDB Files at 0 ps.

ucli% fsdbDumpvars 0 "simulator.DCRFLI.DC_GEN\[5\].DC.SEQ.w_last0_ff1"  +all +trace_process

ucli% fsdbDumpflush 
*Verdi* : Flush all FSDB Files at 0 ps.

ucli% fsdbDumpvars 0 "simulator.DCRFLI.DC_GEN\[5\].DC.SEQ.w_last0_ff2"  +all +trace_process

ucli% fsdbDumpflush 
*Verdi* : Flush all FSDB Files at 0 ps.

ucli% fsdbDumpvars 0 "simulator.DCRFLI.DC_GEN\[5\].DC.SEQ.w_new_sequence"  +all +trace_process

ucli% fsdbDumpflush 
*Verdi* : Flush all FSDB Files at 0 ps.

ucli% if {[catch {ucliCore::setFocus tool}]} {}

ucli% fsdbDumpvars 0 "simulator.DCRFLI.DC_GEN\[5\].DC.SEQ.r_sequence\[0:9\]\[91:0\]"  +all +trace_process

ucli% fsdbDumpflush 
*Verdi* : Flush all FSDB Files at 0 ps.

ucli% fsdbDumpvars 0 "simulator.DCRFLI.DC_GEN\[5\].DC.SEQ.r_iters\[10:0\]"  +all +trace_process

ucli% fsdbDumpflush 
*Verdi* : Flush all FSDB Files at 0 ps.

ucli% fsdbDumpvars 0 "simulator.DCRFLI.DC_GEN\[5\].DC.SEQ.r_iptr\[3:0\]"  +all +trace_process

ucli% fsdbDumpflush 
*Verdi* : Flush all FSDB Files at 0 ps.

ucli% fsdbDumpvars 0 "simulator.DCRFLI.DC_GEN\[5\].DC.SEQ.w_insn_fetch\[91:0\]"  +all +trace_process

ucli% fsdbDumpflush 
*Verdi* : Flush all FSDB Files at 0 ps.

ucli% fsdbDumpvars 0 "simulator.DCRFLI.DC_GEN\[5\].DC.SEQ.w_insn_bubble"  +all +trace_process

ucli% fsdbDumpflush 
*Verdi* : Flush all FSDB Files at 0 ps.

ucli% fsdbDumpvars 0 "simulator.DCRFLI.DC_GEN\[5\].DC.SEQ.w_iptr_plus1\[3:0\]"  +all +trace_process

ucli% fsdbDumpflush 
*Verdi* : Flush all FSDB Files at 0 ps.

ucli% fsdbDumpvars 0 "simulator.DCRFLI.DC_GEN\[5\].DC.SEQ.w_next_null"  +all +trace_process

ucli% fsdbDumpflush 
*Verdi* : Flush all FSDB Files at 0 ps.

ucli% if {[catch {ucliCore::setFocus tool}]} {}

ucli% fsdbDumpvars 0 "simulator.DCRFLI.DC_GEN\[5\].DC.SEQ.o_empty"  +all +trace_process

ucli% fsdbDumpflush 
*Verdi* : Flush all FSDB Files at 0 ps.

ucli% fsdbDumpvars 0 "simulator.DCRFLI.DC_GEN\[5\].DC.SEQ.i_next"  +all +trace_process

ucli% fsdbDumpflush 
*Verdi* : Flush all FSDB Files at 0 ps.

ucli% fsdbDumpvars 0 "simulator.DCRFLI.DC_GEN\[5\].DC.SEQ.o_addr\[3:0\]"  +all +trace_process

ucli% fsdbDumpflush 
*Verdi* : Flush all FSDB Files at 0 ps.

ucli% fsdbDumpvars 0 "simulator.DCRFLI.DC_GEN\[5\].DC.SEQ.o_insn\[91:0\]"  +all +trace_process

ucli% fsdbDumpflush 
*Verdi* : Flush all FSDB Files at 0 ps.

ucli% fsdbDumpvars 0 "simulator.DCRFLI.DC_GEN\[5\].DC.SEQ.r_iptr_modify\[3:0\]"  +all +trace_process

ucli% fsdbDumpflush 
*Verdi* : Flush all FSDB Files at 0 ps.

ucli% fsdbDumpvars 0 "simulator.DCRFLI.DC_GEN\[5\].DC.SEQ.i_insn_modified\[91:0\]"  +all +trace_process

ucli% fsdbDumpflush 
*Verdi* : Flush all FSDB Files at 0 ps.

ucli% if {[catch {ucliCore::setFocus tool}]} {}

ucli% fsdbDumpvars 0 "simulator.DCRFLI.DC_GEN\[5\].DC.CORE.i_clk"  +all +trace_process

ucli% fsdbDumpflush 
*Verdi* : Flush all FSDB Files at 0 ps.

ucli% fsdbDumpvars 0 "simulator.DCRFLI.DC_GEN\[5\].DC.CORE.i_rst"  +all +trace_process

ucli% fsdbDumpflush 
*Verdi* : Flush all FSDB Files at 0 ps.

ucli% fsdbDumpvars 0 "simulator.DCRFLI.DC_GEN\[5\].DC.CORE.w_stall"  +all +trace_process

ucli% fsdbDumpflush 
*Verdi* : Flush all FSDB Files at 0 ps.

ucli% if {[catch {ucliCore::setFocus tool}]} {}

ucli% fsdbDumpvars 0 "simulator.DCRFLI.DC_GEN\[5\].DC.CORE.d"  +all +trace_process

ucli% fsdbDumpflush 
*Verdi* : Flush all FSDB Files at 0 ps.

ucli% fsdbDumpvars 0 "simulator.DCRFLI.DC_GEN\[5\].DC.CORE.i_empty"  +all +trace_process

ucli% fsdbDumpflush 
*Verdi* : Flush all FSDB Files at 0 ps.

ucli% fsdbDumpvars 0 "simulator.DCRFLI.DC_GEN\[5\].DC.CORE.o_next"  +all +trace_process

ucli% fsdbDumpflush 
*Verdi* : Flush all FSDB Files at 0 ps.

ucli% fsdbDumpvars 0 "simulator.DCRFLI.DC_GEN\[5\].DC.CORE.i_addr\[3:0\]"  +all +trace_process

ucli% fsdbDumpflush 
*Verdi* : Flush all FSDB Files at 0 ps.

ucli% fsdbDumpvars 0 "simulator.DCRFLI.DC_GEN\[5\].DC.CORE.i_insn\[91:0\]"  +all +trace_process

ucli% fsdbDumpflush 
*Verdi* : Flush all FSDB Files at 0 ps.

ucli% fsdbDumpvars 0 "simulator.DCRFLI.DC_GEN\[5\].DC.CORE.o_insn_modified"  +all +trace_process

ucli% fsdbDumpflush 
*Verdi* : Flush all FSDB Files at 0 ps.

ucli% if {[catch {ucliCore::setFocus tool}]} {}

ucli% fsdbDumpvars 0 "simulator.DCRFLI.DC_GEN\[5\].DC.CORE.i"  +all +trace_process

ucli% fsdbDumpflush 
*Verdi* : Flush all FSDB Files at 0 ps.

ucli% if {[catch {ucliCore::setFocus tool}]} {}

ucli% fsdbDumpvars 0 "simulator.DCRFLI.DC_GEN\[5\].DC.CORE.s"  +all +trace_process

ucli% fsdbDumpflush 
*Verdi* : Flush all FSDB Files at 0 ps.

ucli% fsdbDumpvars 0 "simulator.DCRFLI.DC_GEN\[5\].DC.CORE.w_dvsr\[15:0\]"  +all +trace_process

ucli% fsdbDumpflush 
*Verdi* : Flush all FSDB Files at 0 ps.

ucli% fsdbDumpvars 0 "simulator.DCRFLI.DC_GEN\[5\].DC.CORE.w_spi_dout\[23:0\]"  +all +trace_process

ucli% fsdbDumpflush 
*Verdi* : Flush all FSDB Files at 0 ps.

ucli% fsdbDumpvars 0 "simulator.DCRFLI.DC_GEN\[5\].DC.CORE.w_spi_done"  +all +trace_process

ucli% fsdbDumpflush 
*Verdi* : Flush all FSDB Files at 0 ps.

ucli% fsdbDumpvars 0 "simulator.DCRFLI.DC_GEN\[5\].DC.CORE.o_armed"  +all +trace_process

ucli% fsdbDumpflush 
*Verdi* : Flush all FSDB Files at 0 ps.

ucli% fsdbDumpvars 0 "simulator.DCRFLI.DC_GEN\[5\].DC.CORE.i_start"  +all +trace_process

ucli% fsdbDumpflush 
*Verdi* : Flush all FSDB Files at 0 ps.

ucli% if {[catch {ucliCore::setFocus tool}]} {}

ucli% fsdbDumpvars 0 "simulator.DCRFLI.DC_GEN\[5\].DC.CORE.o_sclk"  +all +trace_process

ucli% fsdbDumpflush 
*Verdi* : Flush all FSDB Files at 0 ps.

ucli% fsdbDumpvars 0 "simulator.DCRFLI.DC_GEN\[5\].DC.CORE.o_mosi"  +all +trace_process

ucli% fsdbDumpflush 
*Verdi* : Flush all FSDB Files at 0 ps.

ucli% fsdbDumpvars 0 "simulator.DCRFLI.DC_GEN\[5\].DC.CORE.i_miso"  +all +trace_process

ucli% fsdbDumpflush 
*Verdi* : Flush all FSDB Files at 0 ps.

ucli% fsdbDumpvars 0 "simulator.DCRFLI.DC_GEN\[5\].DC.CORE.o_cs_n"  +all +trace_process

ucli% fsdbDumpflush 
*Verdi* : Flush all FSDB Files at 0 ps.

ucli% fsdbDumpvars 0 "simulator.DCRFLI.DC_GEN\[5\].DC.CORE.o_ldac_n"  +all +trace_process

ucli% fsdbDumpflush 
*Verdi* : Flush all FSDB Files at 0 ps.

ucli% if {[catch {ucliCore::setFocus tool}]} {}

ucli% fsdbDumpvars 0 "simulator.DCRFLI.DC_GEN\[5\].DC.CORE.h"  +all +trace_process

ucli% fsdbDumpflush 
*Verdi* : Flush all FSDB Files at 0 ps.

ucli% fsdbDumpvars 0 "simulator.DCRFLI.DC_GEN\[5\].DC.CORE.o_next"  +all +trace_process

ucli% fsdbDumpflush 
*Verdi* : Flush all FSDB Files at 0 ps.

ucli% fsdbDumpvars 0 "simulator.DCRFLI.DC_GEN\[5\].DC.CORE.o_addr\[3:0\]"  +all +trace_process

ucli% fsdbDumpflush 
*Verdi* : Flush all FSDB Files at 0 ps.

ucli% fsdbDumpvars 0 "simulator.DCRFLI.DC_GEN\[5\].DC.CORE.o_iter\[9:0\]"  +all +trace_process

ucli% fsdbDumpflush 
*Verdi* : Flush all FSDB Files at 0 ps.

ucli% fsdbDumpvars 0 "simulator.DCRFLI.DC_GEN\[5\].DC.CORE.o_spi_din\[23:0\]"  +all +trace_process

ucli% fsdbDumpflush 
*Verdi* : Flush all FSDB Files at 0 ps.

ucli% fsdbDumpvars 0 "simulator.DCRFLI.DC_GEN\[5\].DC.CORE.o_spi_rd"  +all +trace_process

ucli% fsdbDumpflush 
*Verdi* : Flush all FSDB Files at 0 ps.

ucli% fsdbDumpvars 0 "simulator.DCRFLI.DC_GEN\[5\].DC.CORE.o_spi_dout\[23:0\]"  +all +trace_process

ucli% fsdbDumpflush 
*Verdi* : Flush all FSDB Files at 0 ps.

ucli% fsdbDumpvars 0 "simulator.DCRFLI.DC_GEN\[5\].DC.CORE.o_cycles_left\[29:0\]"  +all +trace_process

ucli% fsdbDumpflush 
*Verdi* : Flush all FSDB Files at 0 ps.

ucli% if {[catch {ucliCore::setFocus tool}]} {}

ucli% fsdbDumpvars 0 "simulator.DC_IO_GEN\[5\].DAC.valid_transaction"  +all +trace_process
*Verdi* : Dumping the signal (simulator.DC_IO_GEN[5].DAC.valid_transaction).

ucli% fsdbDumpflush 
*Verdi* : Flush all FSDB Files at 0 ps.

ucli% if {[catch {ucliCore::setFocus tool}]} {}

ucli% fsdbDumpvars 0 "simulator.DC_IO_GEN\[5\].DAC.input_shift_reg"  +all +trace_process
*Verdi* : Dumping the signal (simulator.DC_IO_GEN[5].DAC.input_shift_reg).

ucli% fsdbDumpflush 
*Verdi* : Flush all FSDB Files at 0 ps.

ucli% if {[catch {ucliCore::setFocus tool}]} {}

ucli% fsdbDumpvars 0 "simulator.DC_IO_GEN\[5\].DAC.rw"  +all +trace_process
*Verdi* : Dumping the signal (simulator.DC_IO_GEN[5].DAC.rw).

ucli% fsdbDumpflush 
*Verdi* : Flush all FSDB Files at 0 ps.

ucli% if {[catch {ucliCore::setFocus tool}]} {}

ucli% fsdbDumpvars 0 "simulator.DC_IO_GEN\[5\].DAC.addr"  +all +trace_process
*Verdi* : Dumping the signal (simulator.DC_IO_GEN[5].DAC.addr).

ucli% fsdbDumpflush 
*Verdi* : Flush all FSDB Files at 0 ps.

ucli% if {[catch {ucliCore::setFocus tool}]} {}

ucli% fsdbDumpvars 0 "simulator.DC_IO_GEN\[5\].DAC.data"  +all +trace_process
*Verdi* : Dumping the signal (simulator.DC_IO_GEN[5].DAC.data).

ucli% fsdbDumpflush 
*Verdi* : Flush all FSDB Files at 0 ps.

ucli% if {[catch {ucliCore::setFocus tool}]} {}

ucli% fsdbDumpvars 0 "simulator.DC_IO_GEN\[5\].DAC.rd_data"  +all +trace_process
*Verdi* : Dumping the signal (simulator.DC_IO_GEN[5].DAC.rd_data).

ucli% fsdbDumpflush 
*Verdi* : Flush all FSDB Files at 0 ps.

ucli% if {[catch {ucliCore::setFocus tool}]} {}

ucli% fsdbDumpvars 0 "simulator.DC_IO_GEN\[5\].DAC.SCLK"  +all +trace_process
*Verdi* : Dumping the signal (simulator.DC_IO_GEN[5].DAC.SCLK).

ucli% fsdbDumpflush 
*Verdi* : Flush all FSDB Files at 0 ps.

ucli% if {[catch {ucliCore::setFocus tool}]} {}

ucli% fsdbDumpvars 0 "simulator.DC_IO_GEN\[5\].DAC.SDIN"  +all +trace_process
*Verdi* : Dumping the signal (simulator.DC_IO_GEN[5].DAC.SDIN).

ucli% fsdbDumpflush 
*Verdi* : Flush all FSDB Files at 0 ps.

ucli% if {[catch {ucliCore::setFocus tool}]} {}

ucli% fsdbDumpvars 0 "simulator.DC_IO_GEN\[5\].DAC.SYNC_N"  +all +trace_process
*Verdi* : Dumping the signal (simulator.DC_IO_GEN[5].DAC.SYNC_N).

ucli% fsdbDumpflush 
*Verdi* : Flush all FSDB Files at 0 ps.

ucli% if {[catch {ucliCore::setFocus tool}]} {}

ucli% fsdbDumpvars 0 "simulator.DC_IO_GEN\[5\].DAC.SDO"  +all +trace_process
*Verdi* : Dumping the signal (simulator.DC_IO_GEN[5].DAC.SDO).

ucli% fsdbDumpflush 
*Verdi* : Flush all FSDB Files at 0 ps.

ucli% if {[catch {ucliCore::setFocus tool}]} {}

ucli% fsdbDumpvars 0 "simulator.DC_IO_GEN\[5\].DAC.LDAC_N"  +all +trace_process
*Verdi* : Dumping the signal (simulator.DC_IO_GEN[5].DAC.LDAC_N).

ucli% fsdbDumpflush 
*Verdi* : Flush all FSDB Files at 0 ps.

ucli% if {[catch {ucliCore::setFocus tool}]} {}

ucli% fsdbDumpvars 0 "simulator.DC_IO_GEN\[5\].DAC.CLR_N"  +all +trace_process
*Verdi* : Dumping the signal (simulator.DC_IO_GEN[5].DAC.CLR_N).

ucli% fsdbDumpflush 
*Verdi* : Flush all FSDB Files at 0 ps.

ucli% if {[catch {ucliCore::setFocus tool}]} {}

ucli% fsdbDumpvars 0 "simulator.DC_IO_GEN\[5\].DAC.RESET_N"  +all +trace_process
*Verdi* : Dumping the signal (simulator.DC_IO_GEN[5].DAC.RESET_N).

ucli% fsdbDumpflush 
*Verdi* : Flush all FSDB Files at 0 ps.

ucli% if {[catch {ucliCore::setFocus tool}]} {}

ucli% fsdbDumpvars 0 "simulator.DC_IO_GEN\[5\].DAC.dac_reg"  +all +trace_process
*Verdi* : Dumping the signal (simulator.DC_IO_GEN[5].DAC.dac_reg).

ucli% fsdbDumpflush 
*Verdi* : Flush all FSDB Files at 0 ps.

ucli% if {[catch {ucliCore::setFocus tool}]} {}

ucli% fsdbDumpvars 0 "simulator.DC_IO_GEN\[5\].DAC.ctrl_reg"  +all +trace_process
*Verdi* : Dumping the signal (simulator.DC_IO_GEN[5].DAC.ctrl_reg).

ucli% fsdbDumpflush 
*Verdi* : Flush all FSDB Files at 0 ps.

ucli% if {[catch {ucliCore::setFocus tool}]} {}

ucli% fsdbDumpvars 0 "simulator.DC_IO_GEN\[5\].DAC.clrcode_reg"  +all +trace_process
*Verdi* : Dumping the signal (simulator.DC_IO_GEN[5].DAC.clrcode_reg).

ucli% fsdbDumpflush 
*Verdi* : Flush all FSDB Files at 0 ps.

ucli% if {[catch {ucliCore::setFocus tool}]} {}

ucli% fsdbDumpvars 0 "simulator.DC_IO_GEN\[5\].DAC.sw_ctrl_reg"  +all +trace_process
*Verdi* : Dumping the signal (simulator.DC_IO_GEN[5].DAC.sw_ctrl_reg).

ucli% fsdbDumpflush 
*Verdi* : Flush all FSDB Files at 0 ps.

ucli% if {[catch {ucliCore::setFocus tool}]} {}

ucli% fsdbDumpvars 0 "simulator.DC_IO_GEN\[5\].DAC.dac_input_reg"  +all +trace_process
*Verdi* : Dumping the signal (simulator.DC_IO_GEN[5].DAC.dac_input_reg).

ucli% fsdbDumpflush 
*Verdi* : Flush all FSDB Files at 0 ps.

ucli% if {[catch {ucliCore::setFocus tool}]} {}

ucli% fsdbDumpvars 0 "simulator.DC_IO_GEN\[5\].DAC.SDODIS"  +all +trace_process
*Verdi* : Dumping the signal (simulator.DC_IO_GEN[5].DAC.SDODIS).

ucli% fsdbDumpflush 
*Verdi* : Flush all FSDB Files at 0 ps.

ucli% if {[catch {ucliCore::setFocus tool}]} {}

ucli% fsdbDumpvars 0 "simulator.DC_IO_GEN\[5\].DAC.DACTRI"  +all +trace_process
*Verdi* : Dumping the signal (simulator.DC_IO_GEN[5].DAC.DACTRI).

ucli% fsdbDumpflush 
*Verdi* : Flush all FSDB Files at 0 ps.

ucli% if {[catch {ucliCore::setFocus tool}]} {}

ucli% fsdbDumpvars 0 "simulator.DC_IO_GEN\[5\].DAC.OPGND"  +all +trace_process
*Verdi* : Dumping the signal (simulator.DC_IO_GEN[5].DAC.OPGND).

ucli% fsdbDumpflush 
*Verdi* : Flush all FSDB Files at 0 ps.

ucli% if {[catch {ucliCore::setFocus tool}]} {}

ucli% fsdbDumpvars 0 "simulator.DC_IO_GEN\[5\].DAC.VOUT"  +all +trace_process
*Verdi* : Dumping the signal (simulator.DC_IO_GEN[5].DAC.VOUT).

ucli% fsdbDumpflush 
*Verdi* : Flush all FSDB Files at 0 ps.

ucli% if {[catch {ucliCore::setFocus tool}]} {}

ucli% fsdbDumpvars 0 "simulator.DC_IO_GEN\[5\].DAC.VDIGITAL"  +all +trace_process
*Verdi* : Dumping the signal (simulator.DC_IO_GEN[5].DAC.VDIGITAL).

ucli% fsdbDumpflush 
*Verdi* : Flush all FSDB Files at 0 ps.

ucli% if {[catch {ucliCore::setFocus tool}]} {}

ucli% fsdbDumpvars 0 "simulator.DC_IO_GEN\[4\].REGS.AXIL_REGS.i_aclk"  +all +trace_process

ucli% fsdbDumpflush 
*Verdi* : Flush all FSDB Files at 0 ps.

ucli% fsdbDumpvars 0 "simulator.DC_IO_GEN\[4\].REGS.AXIL_REGS.i_aresetn"  +all +trace_process

ucli% fsdbDumpflush 
*Verdi* : Flush all FSDB Files at 0 ps.

ucli% fsdbDumpvars 0 "simulator.DC_IO_GEN\[4\].REGS.AXIL_REGS.r_regs\[0:31\]\[31:0\]"  +all +trace_process

ucli% fsdbDumpflush 
*Verdi* : Flush all FSDB Files at 0 ps.

ucli% fsdbDumpvars 0 "simulator.DC_IO_GEN\[4\].REGS.AXIL_REGS.o_regs\[0:31\]\[31:0\]"  +all +trace_process

ucli% fsdbDumpflush 
*Verdi* : Flush all FSDB Files at 0 ps.

ucli% if {[catch {ucliCore::setFocus tool}]} {}

ucli% fsdbDumpvars 0 "simulator.DC_IO_GEN\[4\].REGS.AXIL_REGS.o_awready"  +all +trace_process

ucli% fsdbDumpflush 
*Verdi* : Flush all FSDB Files at 0 ps.

ucli% fsdbDumpvars 0 "simulator.DC_IO_GEN\[4\].REGS.AXIL_REGS.i_awvalid"  +all +trace_process

ucli% fsdbDumpflush 
*Verdi* : Flush all FSDB Files at 0 ps.

ucli% fsdbDumpvars 0 "simulator.DC_IO_GEN\[4\].REGS.AXIL_REGS.i_awaddr\[6:0\]"  +all +trace_process

ucli% fsdbDumpflush 
*Verdi* : Flush all FSDB Files at 0 ps.

ucli% fsdbDumpvars 0 "simulator.DC_IO_GEN\[4\].REGS.AXIL_REGS.w_awireg\[4:0\]"  +all +trace_process

ucli% fsdbDumpflush 
*Verdi* : Flush all FSDB Files at 0 ps.

ucli% fsdbDumpvars 0 "simulator.DC_IO_GEN\[4\].REGS.AXIL_REGS.w_awls2b\[1:0\]"  +all +trace_process

ucli% fsdbDumpflush 
*Verdi* : Flush all FSDB Files at 0 ps.

ucli% if {[catch {ucliCore::setFocus tool}]} {}

ucli% fsdbDumpvars 0 "simulator.DC_IO_GEN\[4\].REGS.AXIL_REGS.o_wready"  +all +trace_process

ucli% fsdbDumpflush 
*Verdi* : Flush all FSDB Files at 0 ps.

ucli% fsdbDumpvars 0 "simulator.DC_IO_GEN\[4\].REGS.AXIL_REGS.i_wvalid"  +all +trace_process

ucli% fsdbDumpflush 
*Verdi* : Flush all FSDB Files at 0 ps.

ucli% fsdbDumpvars 0 "simulator.DC_IO_GEN\[4\].REGS.AXIL_REGS.i_wdata\[31:0\]"  +all +trace_process

ucli% fsdbDumpflush 
*Verdi* : Flush all FSDB Files at 0 ps.

ucli% fsdbDumpvars 0 "simulator.DC_IO_GEN\[4\].REGS.AXIL_REGS.i_wstrb\[3:0\]"  +all +trace_process

ucli% fsdbDumpflush 
*Verdi* : Flush all FSDB Files at 0 ps.

ucli% fsdbDumpvars 0 "simulator.DC_IO_GEN\[4\].REGS.AXIL_REGS.w_wdatastrb\[31:0\]"  +all +trace_process

ucli% fsdbDumpflush 
*Verdi* : Flush all FSDB Files at 0 ps.

ucli% if {[catch {ucliCore::setFocus tool}]} {}

ucli% fsdbDumpvars 0 "simulator.DC_IO_GEN\[4\].REGS.AXIL_REGS.i_bready"  +all +trace_process

ucli% fsdbDumpflush 
*Verdi* : Flush all FSDB Files at 0 ps.

ucli% fsdbDumpvars 0 "simulator.DC_IO_GEN\[4\].REGS.AXIL_REGS.o_bvalid"  +all +trace_process

ucli% fsdbDumpflush 
*Verdi* : Flush all FSDB Files at 0 ps.

ucli% fsdbDumpvars 0 "simulator.DC_IO_GEN\[4\].REGS.AXIL_REGS.o_bresp\[1:0\]"  +all +trace_process

ucli% fsdbDumpflush 
*Verdi* : Flush all FSDB Files at 0 ps.

ucli% if {[catch {ucliCore::setFocus tool}]} {}

ucli% fsdbDumpvars 0 "simulator.DC_IO_GEN\[4\].REGS.AXIL_REGS.o_arready"  +all +trace_process

ucli% fsdbDumpflush 
*Verdi* : Flush all FSDB Files at 0 ps.

ucli% fsdbDumpvars 0 "simulator.DC_IO_GEN\[4\].REGS.AXIL_REGS.i_arvalid"  +all +trace_process

ucli% fsdbDumpflush 
*Verdi* : Flush all FSDB Files at 0 ps.

ucli% fsdbDumpvars 0 "simulator.DC_IO_GEN\[4\].REGS.AXIL_REGS.i_araddr\[6:0\]"  +all +trace_process

ucli% fsdbDumpflush 
*Verdi* : Flush all FSDB Files at 0 ps.

ucli% fsdbDumpvars 0 "simulator.DC_IO_GEN\[4\].REGS.AXIL_REGS.w_arireg\[4:0\]"  +all +trace_process

ucli% fsdbDumpflush 
*Verdi* : Flush all FSDB Files at 0 ps.

ucli% fsdbDumpvars 0 "simulator.DC_IO_GEN\[4\].REGS.AXIL_REGS.w_arls2b\[1:0\]"  +all +trace_process

ucli% fsdbDumpflush 
*Verdi* : Flush all FSDB Files at 0 ps.

ucli% if {[catch {ucliCore::setFocus tool}]} {}

ucli% fsdbDumpvars 0 "simulator.DC_IO_GEN\[4\].REGS.AXIL_REGS.i_rready"  +all +trace_process

ucli% fsdbDumpflush 
*Verdi* : Flush all FSDB Files at 0 ps.

ucli% fsdbDumpvars 0 "simulator.DC_IO_GEN\[4\].REGS.AXIL_REGS.o_rvalid"  +all +trace_process

ucli% fsdbDumpflush 
*Verdi* : Flush all FSDB Files at 0 ps.

ucli% fsdbDumpvars 0 "simulator.DC_IO_GEN\[4\].REGS.AXIL_REGS.o_rdata\[31:0\]"  +all +trace_process

ucli% fsdbDumpflush 
*Verdi* : Flush all FSDB Files at 0 ps.

ucli% fsdbDumpvars 0 "simulator.DC_IO_GEN\[4\].REGS.AXIL_REGS.o_rresp\[1:0\]"  +all +trace_process

ucli% fsdbDumpflush 
*Verdi* : Flush all FSDB Files at 0 ps.

ucli% if {[catch {ucliCore::setFocus tool}]} {}

ucli% fsdbDumpvars 0 "simulator.DCRFLI.DC_GEN\[4\].DC.SEQ.i_clk"  +all +trace_process

ucli% fsdbDumpflush 
*Verdi* : Flush all FSDB Files at 0 ps.

ucli% fsdbDumpvars 0 "simulator.DCRFLI.DC_GEN\[4\].DC.SEQ.i_rst"  +all +trace_process

ucli% fsdbDumpflush 
*Verdi* : Flush all FSDB Files at 0 ps.

ucli% fsdbDumpvars 0 "simulator.DCRFLI.DC_GEN\[4\].DC.SEQ.w_propagate"  +all +trace_process

ucli% fsdbDumpflush 
*Verdi* : Flush all FSDB Files at 0 ps.

ucli% if {[catch {ucliCore::setFocus tool}]} {}

ucli% fsdbDumpvars 0 "simulator.DCRFLI.DC_GEN\[4\].DC.SEQ.i_regs\[0:31\]\[31:0\]"  +all +trace_process

ucli% fsdbDumpflush 
*Verdi* : Flush all FSDB Files at 0 ps.

ucli% fsdbDumpvars 0 "simulator.DCRFLI.DC_GEN\[4\].DC.SEQ.w_last0"  +all +trace_process

ucli% fsdbDumpflush 
*Verdi* : Flush all FSDB Files at 0 ps.

ucli% fsdbDumpvars 0 "simulator.DCRFLI.DC_GEN\[4\].DC.SEQ.w_last0_ff1"  +all +trace_process

ucli% fsdbDumpflush 
*Verdi* : Flush all FSDB Files at 0 ps.

ucli% fsdbDumpvars 0 "simulator.DCRFLI.DC_GEN\[4\].DC.SEQ.w_last0_ff2"  +all +trace_process

ucli% fsdbDumpflush 
*Verdi* : Flush all FSDB Files at 0 ps.

ucli% fsdbDumpvars 0 "simulator.DCRFLI.DC_GEN\[4\].DC.SEQ.w_new_sequence"  +all +trace_process

ucli% fsdbDumpflush 
*Verdi* : Flush all FSDB Files at 0 ps.

ucli% if {[catch {ucliCore::setFocus tool}]} {}

ucli% fsdbDumpvars 0 "simulator.DCRFLI.DC_GEN\[4\].DC.SEQ.r_sequence\[0:9\]\[91:0\]"  +all +trace_process

ucli% fsdbDumpflush 
*Verdi* : Flush all FSDB Files at 0 ps.

ucli% fsdbDumpvars 0 "simulator.DCRFLI.DC_GEN\[4\].DC.SEQ.r_iters\[10:0\]"  +all +trace_process

ucli% fsdbDumpflush 
*Verdi* : Flush all FSDB Files at 0 ps.

ucli% fsdbDumpvars 0 "simulator.DCRFLI.DC_GEN\[4\].DC.SEQ.r_iptr\[3:0\]"  +all +trace_process

ucli% fsdbDumpflush 
*Verdi* : Flush all FSDB Files at 0 ps.

ucli% fsdbDumpvars 0 "simulator.DCRFLI.DC_GEN\[4\].DC.SEQ.w_insn_fetch\[91:0\]"  +all +trace_process

ucli% fsdbDumpflush 
*Verdi* : Flush all FSDB Files at 0 ps.

ucli% fsdbDumpvars 0 "simulator.DCRFLI.DC_GEN\[4\].DC.SEQ.w_insn_bubble"  +all +trace_process

ucli% fsdbDumpflush 
*Verdi* : Flush all FSDB Files at 0 ps.

ucli% fsdbDumpvars 0 "simulator.DCRFLI.DC_GEN\[4\].DC.SEQ.w_iptr_plus1\[3:0\]"  +all +trace_process

ucli% fsdbDumpflush 
*Verdi* : Flush all FSDB Files at 0 ps.

ucli% fsdbDumpvars 0 "simulator.DCRFLI.DC_GEN\[4\].DC.SEQ.w_next_null"  +all +trace_process

ucli% fsdbDumpflush 
*Verdi* : Flush all FSDB Files at 0 ps.

ucli% if {[catch {ucliCore::setFocus tool}]} {}

ucli% fsdbDumpvars 0 "simulator.DCRFLI.DC_GEN\[4\].DC.SEQ.o_empty"  +all +trace_process

ucli% fsdbDumpflush 
*Verdi* : Flush all FSDB Files at 0 ps.

ucli% fsdbDumpvars 0 "simulator.DCRFLI.DC_GEN\[4\].DC.SEQ.i_next"  +all +trace_process

ucli% fsdbDumpflush 
*Verdi* : Flush all FSDB Files at 0 ps.

ucli% fsdbDumpvars 0 "simulator.DCRFLI.DC_GEN\[4\].DC.SEQ.o_addr\[3:0\]"  +all +trace_process

ucli% fsdbDumpflush 
*Verdi* : Flush all FSDB Files at 0 ps.

ucli% fsdbDumpvars 0 "simulator.DCRFLI.DC_GEN\[4\].DC.SEQ.o_insn\[91:0\]"  +all +trace_process

ucli% fsdbDumpflush 
*Verdi* : Flush all FSDB Files at 0 ps.

ucli% fsdbDumpvars 0 "simulator.DCRFLI.DC_GEN\[4\].DC.SEQ.r_iptr_modify\[3:0\]"  +all +trace_process

ucli% fsdbDumpflush 
*Verdi* : Flush all FSDB Files at 0 ps.

ucli% fsdbDumpvars 0 "simulator.DCRFLI.DC_GEN\[4\].DC.SEQ.i_insn_modified\[91:0\]"  +all +trace_process

ucli% fsdbDumpflush 
*Verdi* : Flush all FSDB Files at 0 ps.

ucli% if {[catch {ucliCore::setFocus tool}]} {}

ucli% fsdbDumpvars 0 "simulator.DCRFLI.DC_GEN\[4\].DC.CORE.i_clk"  +all +trace_process

ucli% fsdbDumpflush 
*Verdi* : Flush all FSDB Files at 0 ps.

ucli% fsdbDumpvars 0 "simulator.DCRFLI.DC_GEN\[4\].DC.CORE.i_rst"  +all +trace_process

ucli% fsdbDumpflush 
*Verdi* : Flush all FSDB Files at 0 ps.

ucli% fsdbDumpvars 0 "simulator.DCRFLI.DC_GEN\[4\].DC.CORE.w_stall"  +all +trace_process

ucli% fsdbDumpflush 
*Verdi* : Flush all FSDB Files at 0 ps.

ucli% if {[catch {ucliCore::setFocus tool}]} {}

ucli% fsdbDumpvars 0 "simulator.DCRFLI.DC_GEN\[4\].DC.CORE.d"  +all +trace_process

ucli% fsdbDumpflush 
*Verdi* : Flush all FSDB Files at 0 ps.

ucli% fsdbDumpvars 0 "simulator.DCRFLI.DC_GEN\[4\].DC.CORE.i_empty"  +all +trace_process

ucli% fsdbDumpflush 
*Verdi* : Flush all FSDB Files at 0 ps.

ucli% fsdbDumpvars 0 "simulator.DCRFLI.DC_GEN\[4\].DC.CORE.o_next"  +all +trace_process

ucli% fsdbDumpflush 
*Verdi* : Flush all FSDB Files at 0 ps.

ucli% fsdbDumpvars 0 "simulator.DCRFLI.DC_GEN\[4\].DC.CORE.i_addr\[3:0\]"  +all +trace_process

ucli% fsdbDumpflush 
*Verdi* : Flush all FSDB Files at 0 ps.

ucli% fsdbDumpvars 0 "simulator.DCRFLI.DC_GEN\[4\].DC.CORE.i_insn\[91:0\]"  +all +trace_process

ucli% fsdbDumpflush 
*Verdi* : Flush all FSDB Files at 0 ps.

ucli% fsdbDumpvars 0 "simulator.DCRFLI.DC_GEN\[4\].DC.CORE.o_insn_modified"  +all +trace_process

ucli% fsdbDumpflush 
*Verdi* : Flush all FSDB Files at 0 ps.

ucli% if {[catch {ucliCore::setFocus tool}]} {}

ucli% fsdbDumpvars 0 "simulator.DCRFLI.DC_GEN\[4\].DC.CORE.i"  +all +trace_process

ucli% fsdbDumpflush 
*Verdi* : Flush all FSDB Files at 0 ps.

ucli% if {[catch {ucliCore::setFocus tool}]} {}

ucli% fsdbDumpvars 0 "simulator.DCRFLI.DC_GEN\[4\].DC.CORE.s"  +all +trace_process

ucli% fsdbDumpflush 
*Verdi* : Flush all FSDB Files at 0 ps.

ucli% fsdbDumpvars 0 "simulator.DCRFLI.DC_GEN\[4\].DC.CORE.w_dvsr\[15:0\]"  +all +trace_process

ucli% fsdbDumpflush 
*Verdi* : Flush all FSDB Files at 0 ps.

ucli% fsdbDumpvars 0 "simulator.DCRFLI.DC_GEN\[4\].DC.CORE.w_spi_dout\[23:0\]"  +all +trace_process

ucli% fsdbDumpflush 
*Verdi* : Flush all FSDB Files at 0 ps.

ucli% fsdbDumpvars 0 "simulator.DCRFLI.DC_GEN\[4\].DC.CORE.w_spi_done"  +all +trace_process

ucli% fsdbDumpflush 
*Verdi* : Flush all FSDB Files at 0 ps.

ucli% fsdbDumpvars 0 "simulator.DCRFLI.DC_GEN\[4\].DC.CORE.o_armed"  +all +trace_process

ucli% fsdbDumpflush 
*Verdi* : Flush all FSDB Files at 0 ps.

ucli% fsdbDumpvars 0 "simulator.DCRFLI.DC_GEN\[4\].DC.CORE.i_start"  +all +trace_process

ucli% fsdbDumpflush 
*Verdi* : Flush all FSDB Files at 0 ps.

ucli% if {[catch {ucliCore::setFocus tool}]} {}

ucli% fsdbDumpvars 0 "simulator.DCRFLI.DC_GEN\[4\].DC.CORE.o_sclk"  +all +trace_process

ucli% fsdbDumpflush 
*Verdi* : Flush all FSDB Files at 0 ps.

ucli% fsdbDumpvars 0 "simulator.DCRFLI.DC_GEN\[4\].DC.CORE.o_mosi"  +all +trace_process

ucli% fsdbDumpflush 
*Verdi* : Flush all FSDB Files at 0 ps.

ucli% fsdbDumpvars 0 "simulator.DCRFLI.DC_GEN\[4\].DC.CORE.i_miso"  +all +trace_process

ucli% fsdbDumpflush 
*Verdi* : Flush all FSDB Files at 0 ps.

ucli% fsdbDumpvars 0 "simulator.DCRFLI.DC_GEN\[4\].DC.CORE.o_cs_n"  +all +trace_process

ucli% fsdbDumpflush 
*Verdi* : Flush all FSDB Files at 0 ps.

ucli% fsdbDumpvars 0 "simulator.DCRFLI.DC_GEN\[4\].DC.CORE.o_ldac_n"  +all +trace_process

ucli% fsdbDumpflush 
*Verdi* : Flush all FSDB Files at 0 ps.

ucli% if {[catch {ucliCore::setFocus tool}]} {}

ucli% fsdbDumpvars 0 "simulator.DCRFLI.DC_GEN\[4\].DC.CORE.h"  +all +trace_process

ucli% fsdbDumpflush 
*Verdi* : Flush all FSDB Files at 0 ps.

ucli% fsdbDumpvars 0 "simulator.DCRFLI.DC_GEN\[4\].DC.CORE.o_next"  +all +trace_process

ucli% fsdbDumpflush 
*Verdi* : Flush all FSDB Files at 0 ps.

ucli% fsdbDumpvars 0 "simulator.DCRFLI.DC_GEN\[4\].DC.CORE.o_addr\[3:0\]"  +all +trace_process

ucli% fsdbDumpflush 
*Verdi* : Flush all FSDB Files at 0 ps.

ucli% fsdbDumpvars 0 "simulator.DCRFLI.DC_GEN\[4\].DC.CORE.o_iter\[9:0\]"  +all +trace_process

ucli% fsdbDumpflush 
*Verdi* : Flush all FSDB Files at 0 ps.

ucli% fsdbDumpvars 0 "simulator.DCRFLI.DC_GEN\[4\].DC.CORE.o_spi_din\[23:0\]"  +all +trace_process

ucli% fsdbDumpflush 
*Verdi* : Flush all FSDB Files at 0 ps.

ucli% fsdbDumpvars 0 "simulator.DCRFLI.DC_GEN\[4\].DC.CORE.o_spi_rd"  +all +trace_process

ucli% fsdbDumpflush 
*Verdi* : Flush all FSDB Files at 0 ps.

ucli% fsdbDumpvars 0 "simulator.DCRFLI.DC_GEN\[4\].DC.CORE.o_spi_dout\[23:0\]"  +all +trace_process

ucli% fsdbDumpflush 
*Verdi* : Flush all FSDB Files at 0 ps.

ucli% fsdbDumpvars 0 "simulator.DCRFLI.DC_GEN\[4\].DC.CORE.o_cycles_left\[29:0\]"  +all +trace_process

ucli% fsdbDumpflush 
*Verdi* : Flush all FSDB Files at 0 ps.

ucli% if {[catch {ucliCore::setFocus tool}]} {}

ucli% fsdbDumpvars 0 "simulator.DC_IO_GEN\[4\].DAC.valid_transaction"  +all +trace_process
*Verdi* : Dumping the signal (simulator.DC_IO_GEN[4].DAC.valid_transaction).

ucli% fsdbDumpflush 
*Verdi* : Flush all FSDB Files at 0 ps.

ucli% if {[catch {ucliCore::setFocus tool}]} {}

ucli% fsdbDumpvars 0 "simulator.DC_IO_GEN\[4\].DAC.input_shift_reg"  +all +trace_process
*Verdi* : Dumping the signal (simulator.DC_IO_GEN[4].DAC.input_shift_reg).

ucli% fsdbDumpflush 
*Verdi* : Flush all FSDB Files at 0 ps.

ucli% if {[catch {ucliCore::setFocus tool}]} {}

ucli% fsdbDumpvars 0 "simulator.DC_IO_GEN\[4\].DAC.rw"  +all +trace_process
*Verdi* : Dumping the signal (simulator.DC_IO_GEN[4].DAC.rw).

ucli% fsdbDumpflush 
*Verdi* : Flush all FSDB Files at 0 ps.

ucli% if {[catch {ucliCore::setFocus tool}]} {}

ucli% fsdbDumpvars 0 "simulator.DC_IO_GEN\[4\].DAC.addr"  +all +trace_process
*Verdi* : Dumping the signal (simulator.DC_IO_GEN[4].DAC.addr).

ucli% fsdbDumpflush 
*Verdi* : Flush all FSDB Files at 0 ps.

ucli% if {[catch {ucliCore::setFocus tool}]} {}

ucli% fsdbDumpvars 0 "simulator.DC_IO_GEN\[4\].DAC.data"  +all +trace_process
*Verdi* : Dumping the signal (simulator.DC_IO_GEN[4].DAC.data).

ucli% fsdbDumpflush 
*Verdi* : Flush all FSDB Files at 0 ps.

ucli% if {[catch {ucliCore::setFocus tool}]} {}

ucli% fsdbDumpvars 0 "simulator.DC_IO_GEN\[4\].DAC.rd_data"  +all +trace_process
*Verdi* : Dumping the signal (simulator.DC_IO_GEN[4].DAC.rd_data).

ucli% fsdbDumpflush 
*Verdi* : Flush all FSDB Files at 0 ps.

ucli% if {[catch {ucliCore::setFocus tool}]} {}

ucli% fsdbDumpvars 0 "simulator.DC_IO_GEN\[4\].DAC.SCLK"  +all +trace_process
*Verdi* : Dumping the signal (simulator.DC_IO_GEN[4].DAC.SCLK).

ucli% fsdbDumpflush 
*Verdi* : Flush all FSDB Files at 0 ps.

ucli% if {[catch {ucliCore::setFocus tool}]} {}

ucli% fsdbDumpvars 0 "simulator.DC_IO_GEN\[4\].DAC.SDIN"  +all +trace_process
*Verdi* : Dumping the signal (simulator.DC_IO_GEN[4].DAC.SDIN).

ucli% fsdbDumpflush 
*Verdi* : Flush all FSDB Files at 0 ps.

ucli% if {[catch {ucliCore::setFocus tool}]} {}

ucli% fsdbDumpvars 0 "simulator.DC_IO_GEN\[4\].DAC.SYNC_N"  +all +trace_process
*Verdi* : Dumping the signal (simulator.DC_IO_GEN[4].DAC.SYNC_N).

ucli% fsdbDumpflush 
*Verdi* : Flush all FSDB Files at 0 ps.

ucli% if {[catch {ucliCore::setFocus tool}]} {}

ucli% fsdbDumpvars 0 "simulator.DC_IO_GEN\[4\].DAC.SDO"  +all +trace_process
*Verdi* : Dumping the signal (simulator.DC_IO_GEN[4].DAC.SDO).

ucli% fsdbDumpflush 
*Verdi* : Flush all FSDB Files at 0 ps.

ucli% if {[catch {ucliCore::setFocus tool}]} {}

ucli% fsdbDumpvars 0 "simulator.DC_IO_GEN\[4\].DAC.LDAC_N"  +all +trace_process
*Verdi* : Dumping the signal (simulator.DC_IO_GEN[4].DAC.LDAC_N).

ucli% fsdbDumpflush 
*Verdi* : Flush all FSDB Files at 0 ps.

ucli% if {[catch {ucliCore::setFocus tool}]} {}

ucli% fsdbDumpvars 0 "simulator.DC_IO_GEN\[4\].DAC.CLR_N"  +all +trace_process
*Verdi* : Dumping the signal (simulator.DC_IO_GEN[4].DAC.CLR_N).

ucli% fsdbDumpflush 
*Verdi* : Flush all FSDB Files at 0 ps.

ucli% if {[catch {ucliCore::setFocus tool}]} {}

ucli% fsdbDumpvars 0 "simulator.DC_IO_GEN\[4\].DAC.RESET_N"  +all +trace_process
*Verdi* : Dumping the signal (simulator.DC_IO_GEN[4].DAC.RESET_N).

ucli% fsdbDumpflush 
*Verdi* : Flush all FSDB Files at 0 ps.

ucli% if {[catch {ucliCore::setFocus tool}]} {}

ucli% fsdbDumpvars 0 "simulator.DC_IO_GEN\[4\].DAC.dac_reg"  +all +trace_process
*Verdi* : Dumping the signal (simulator.DC_IO_GEN[4].DAC.dac_reg).

ucli% fsdbDumpflush 
*Verdi* : Flush all FSDB Files at 0 ps.

ucli% if {[catch {ucliCore::setFocus tool}]} {}

ucli% fsdbDumpvars 0 "simulator.DC_IO_GEN\[4\].DAC.ctrl_reg"  +all +trace_process
*Verdi* : Dumping the signal (simulator.DC_IO_GEN[4].DAC.ctrl_reg).

ucli% fsdbDumpflush 
*Verdi* : Flush all FSDB Files at 0 ps.

ucli% if {[catch {ucliCore::setFocus tool}]} {}

ucli% fsdbDumpvars 0 "simulator.DC_IO_GEN\[4\].DAC.clrcode_reg"  +all +trace_process
*Verdi* : Dumping the signal (simulator.DC_IO_GEN[4].DAC.clrcode_reg).

ucli% fsdbDumpflush 
*Verdi* : Flush all FSDB Files at 0 ps.

ucli% if {[catch {ucliCore::setFocus tool}]} {}

ucli% fsdbDumpvars 0 "simulator.DC_IO_GEN\[4\].DAC.sw_ctrl_reg"  +all +trace_process
*Verdi* : Dumping the signal (simulator.DC_IO_GEN[4].DAC.sw_ctrl_reg).

ucli% fsdbDumpflush 
*Verdi* : Flush all FSDB Files at 0 ps.

ucli% if {[catch {ucliCore::setFocus tool}]} {}

ucli% fsdbDumpvars 0 "simulator.DC_IO_GEN\[4\].DAC.dac_input_reg"  +all +trace_process
*Verdi* : Dumping the signal (simulator.DC_IO_GEN[4].DAC.dac_input_reg).

ucli% fsdbDumpflush 
*Verdi* : Flush all FSDB Files at 0 ps.

ucli% if {[catch {ucliCore::setFocus tool}]} {}

ucli% fsdbDumpvars 0 "simulator.DC_IO_GEN\[4\].DAC.SDODIS"  +all +trace_process
*Verdi* : Dumping the signal (simulator.DC_IO_GEN[4].DAC.SDODIS).

ucli% fsdbDumpflush 
*Verdi* : Flush all FSDB Files at 0 ps.

ucli% if {[catch {ucliCore::setFocus tool}]} {}

ucli% fsdbDumpvars 0 "simulator.DC_IO_GEN\[4\].DAC.DACTRI"  +all +trace_process
*Verdi* : Dumping the signal (simulator.DC_IO_GEN[4].DAC.DACTRI).

ucli% fsdbDumpflush 
*Verdi* : Flush all FSDB Files at 0 ps.

ucli% if {[catch {ucliCore::setFocus tool}]} {}

ucli% fsdbDumpvars 0 "simulator.DC_IO_GEN\[4\].DAC.OPGND"  +all +trace_process
*Verdi* : Dumping the signal (simulator.DC_IO_GEN[4].DAC.OPGND).

ucli% fsdbDumpflush 
*Verdi* : Flush all FSDB Files at 0 ps.

ucli% if {[catch {ucliCore::setFocus tool}]} {}

ucli% fsdbDumpvars 0 "simulator.DC_IO_GEN\[4\].DAC.VOUT"  +all +trace_process
*Verdi* : Dumping the signal (simulator.DC_IO_GEN[4].DAC.VOUT).

ucli% fsdbDumpflush 
*Verdi* : Flush all FSDB Files at 0 ps.

ucli% if {[catch {ucliCore::setFocus tool}]} {}

ucli% fsdbDumpvars 0 "simulator.DC_IO_GEN\[4\].DAC.VDIGITAL"  +all +trace_process
*Verdi* : Dumping the signal (simulator.DC_IO_GEN[4].DAC.VDIGITAL).

ucli% fsdbDumpflush 
*Verdi* : Flush all FSDB Files at 0 ps.

ucli% if {[catch {ucliCore::setFocus tool}]} {}

ucli% fsdbDumpvars 0 "simulator.DC_IO_GEN\[3\].REGS.AXIL_REGS.i_aclk"  +all +trace_process

ucli% fsdbDumpflush 
*Verdi* : Flush all FSDB Files at 0 ps.

ucli% fsdbDumpvars 0 "simulator.DC_IO_GEN\[3\].REGS.AXIL_REGS.i_aresetn"  +all +trace_process

ucli% fsdbDumpflush 
*Verdi* : Flush all FSDB Files at 0 ps.

ucli% fsdbDumpvars 0 "simulator.DC_IO_GEN\[3\].REGS.AXIL_REGS.r_regs\[0:31\]\[31:0\]"  +all +trace_process

ucli% fsdbDumpflush 
*Verdi* : Flush all FSDB Files at 0 ps.

ucli% fsdbDumpvars 0 "simulator.DC_IO_GEN\[3\].REGS.AXIL_REGS.o_regs\[0:31\]\[31:0\]"  +all +trace_process

ucli% fsdbDumpflush 
*Verdi* : Flush all FSDB Files at 0 ps.

ucli% if {[catch {ucliCore::setFocus tool}]} {}

ucli% fsdbDumpvars 0 "simulator.DC_IO_GEN\[3\].REGS.AXIL_REGS.o_awready"  +all +trace_process

ucli% fsdbDumpflush 
*Verdi* : Flush all FSDB Files at 0 ps.

ucli% fsdbDumpvars 0 "simulator.DC_IO_GEN\[3\].REGS.AXIL_REGS.i_awvalid"  +all +trace_process

ucli% fsdbDumpflush 
*Verdi* : Flush all FSDB Files at 0 ps.

ucli% fsdbDumpvars 0 "simulator.DC_IO_GEN\[3\].REGS.AXIL_REGS.i_awaddr\[6:0\]"  +all +trace_process

ucli% fsdbDumpflush 
*Verdi* : Flush all FSDB Files at 0 ps.

ucli% fsdbDumpvars 0 "simulator.DC_IO_GEN\[3\].REGS.AXIL_REGS.w_awireg\[4:0\]"  +all +trace_process

ucli% fsdbDumpflush 
*Verdi* : Flush all FSDB Files at 0 ps.

ucli% fsdbDumpvars 0 "simulator.DC_IO_GEN\[3\].REGS.AXIL_REGS.w_awls2b\[1:0\]"  +all +trace_process

ucli% fsdbDumpflush 
*Verdi* : Flush all FSDB Files at 0 ps.

ucli% if {[catch {ucliCore::setFocus tool}]} {}

ucli% fsdbDumpvars 0 "simulator.DC_IO_GEN\[3\].REGS.AXIL_REGS.o_wready"  +all +trace_process

ucli% fsdbDumpflush 
*Verdi* : Flush all FSDB Files at 0 ps.

ucli% fsdbDumpvars 0 "simulator.DC_IO_GEN\[3\].REGS.AXIL_REGS.i_wvalid"  +all +trace_process

ucli% fsdbDumpflush 
*Verdi* : Flush all FSDB Files at 0 ps.

ucli% fsdbDumpvars 0 "simulator.DC_IO_GEN\[3\].REGS.AXIL_REGS.i_wdata\[31:0\]"  +all +trace_process

ucli% fsdbDumpflush 
*Verdi* : Flush all FSDB Files at 0 ps.

ucli% fsdbDumpvars 0 "simulator.DC_IO_GEN\[3\].REGS.AXIL_REGS.i_wstrb\[3:0\]"  +all +trace_process

ucli% fsdbDumpflush 
*Verdi* : Flush all FSDB Files at 0 ps.

ucli% fsdbDumpvars 0 "simulator.DC_IO_GEN\[3\].REGS.AXIL_REGS.w_wdatastrb\[31:0\]"  +all +trace_process

ucli% fsdbDumpflush 
*Verdi* : Flush all FSDB Files at 0 ps.

ucli% if {[catch {ucliCore::setFocus tool}]} {}

ucli% fsdbDumpvars 0 "simulator.DC_IO_GEN\[3\].REGS.AXIL_REGS.i_bready"  +all +trace_process

ucli% fsdbDumpflush 
*Verdi* : Flush all FSDB Files at 0 ps.

ucli% fsdbDumpvars 0 "simulator.DC_IO_GEN\[3\].REGS.AXIL_REGS.o_bvalid"  +all +trace_process

ucli% fsdbDumpflush 
*Verdi* : Flush all FSDB Files at 0 ps.

ucli% fsdbDumpvars 0 "simulator.DC_IO_GEN\[3\].REGS.AXIL_REGS.o_bresp\[1:0\]"  +all +trace_process

ucli% fsdbDumpflush 
*Verdi* : Flush all FSDB Files at 0 ps.

ucli% if {[catch {ucliCore::setFocus tool}]} {}

ucli% fsdbDumpvars 0 "simulator.DC_IO_GEN\[3\].REGS.AXIL_REGS.o_arready"  +all +trace_process

ucli% fsdbDumpflush 
*Verdi* : Flush all FSDB Files at 0 ps.

ucli% fsdbDumpvars 0 "simulator.DC_IO_GEN\[3\].REGS.AXIL_REGS.i_arvalid"  +all +trace_process

ucli% fsdbDumpflush 
*Verdi* : Flush all FSDB Files at 0 ps.

ucli% fsdbDumpvars 0 "simulator.DC_IO_GEN\[3\].REGS.AXIL_REGS.i_araddr\[6:0\]"  +all +trace_process

ucli% fsdbDumpflush 
*Verdi* : Flush all FSDB Files at 0 ps.

ucli% fsdbDumpvars 0 "simulator.DC_IO_GEN\[3\].REGS.AXIL_REGS.w_arireg\[4:0\]"  +all +trace_process

ucli% fsdbDumpflush 
*Verdi* : Flush all FSDB Files at 0 ps.

ucli% fsdbDumpvars 0 "simulator.DC_IO_GEN\[3\].REGS.AXIL_REGS.w_arls2b\[1:0\]"  +all +trace_process

ucli% fsdbDumpflush 
*Verdi* : Flush all FSDB Files at 0 ps.

ucli% if {[catch {ucliCore::setFocus tool}]} {}

ucli% fsdbDumpvars 0 "simulator.DC_IO_GEN\[3\].REGS.AXIL_REGS.i_rready"  +all +trace_process

ucli% fsdbDumpflush 
*Verdi* : Flush all FSDB Files at 0 ps.

ucli% fsdbDumpvars 0 "simulator.DC_IO_GEN\[3\].REGS.AXIL_REGS.o_rvalid"  +all +trace_process

ucli% fsdbDumpflush 
*Verdi* : Flush all FSDB Files at 0 ps.

ucli% fsdbDumpvars 0 "simulator.DC_IO_GEN\[3\].REGS.AXIL_REGS.o_rdata\[31:0\]"  +all +trace_process

ucli% fsdbDumpflush 
*Verdi* : Flush all FSDB Files at 0 ps.

ucli% fsdbDumpvars 0 "simulator.DC_IO_GEN\[3\].REGS.AXIL_REGS.o_rresp\[1:0\]"  +all +trace_process

ucli% fsdbDumpflush 
*Verdi* : Flush all FSDB Files at 0 ps.

ucli% if {[catch {ucliCore::setFocus tool}]} {}

ucli% fsdbDumpvars 0 "simulator.DCRFLI.DC_GEN\[3\].DC.SEQ.i_clk"  +all +trace_process

ucli% fsdbDumpflush 
*Verdi* : Flush all FSDB Files at 0 ps.

ucli% fsdbDumpvars 0 "simulator.DCRFLI.DC_GEN\[3\].DC.SEQ.i_rst"  +all +trace_process

ucli% fsdbDumpflush 
*Verdi* : Flush all FSDB Files at 0 ps.

ucli% fsdbDumpvars 0 "simulator.DCRFLI.DC_GEN\[3\].DC.SEQ.w_propagate"  +all +trace_process

ucli% fsdbDumpflush 
*Verdi* : Flush all FSDB Files at 0 ps.

ucli% if {[catch {ucliCore::setFocus tool}]} {}

ucli% fsdbDumpvars 0 "simulator.DCRFLI.DC_GEN\[3\].DC.SEQ.i_regs\[0:31\]\[31:0\]"  +all +trace_process

ucli% fsdbDumpflush 
*Verdi* : Flush all FSDB Files at 0 ps.

ucli% fsdbDumpvars 0 "simulator.DCRFLI.DC_GEN\[3\].DC.SEQ.w_last0"  +all +trace_process

ucli% fsdbDumpflush 
*Verdi* : Flush all FSDB Files at 0 ps.

ucli% fsdbDumpvars 0 "simulator.DCRFLI.DC_GEN\[3\].DC.SEQ.w_last0_ff1"  +all +trace_process

ucli% fsdbDumpflush 
*Verdi* : Flush all FSDB Files at 0 ps.

ucli% fsdbDumpvars 0 "simulator.DCRFLI.DC_GEN\[3\].DC.SEQ.w_last0_ff2"  +all +trace_process

ucli% fsdbDumpflush 
*Verdi* : Flush all FSDB Files at 0 ps.

ucli% fsdbDumpvars 0 "simulator.DCRFLI.DC_GEN\[3\].DC.SEQ.w_new_sequence"  +all +trace_process

ucli% fsdbDumpflush 
*Verdi* : Flush all FSDB Files at 0 ps.

ucli% if {[catch {ucliCore::setFocus tool}]} {}

ucli% fsdbDumpvars 0 "simulator.DCRFLI.DC_GEN\[3\].DC.SEQ.r_sequence\[0:9\]\[91:0\]"  +all +trace_process

ucli% fsdbDumpflush 
*Verdi* : Flush all FSDB Files at 0 ps.

ucli% fsdbDumpvars 0 "simulator.DCRFLI.DC_GEN\[3\].DC.SEQ.r_iters\[10:0\]"  +all +trace_process

ucli% fsdbDumpflush 
*Verdi* : Flush all FSDB Files at 0 ps.

ucli% fsdbDumpvars 0 "simulator.DCRFLI.DC_GEN\[3\].DC.SEQ.r_iptr\[3:0\]"  +all +trace_process

ucli% fsdbDumpflush 
*Verdi* : Flush all FSDB Files at 0 ps.

ucli% fsdbDumpvars 0 "simulator.DCRFLI.DC_GEN\[3\].DC.SEQ.w_insn_fetch\[91:0\]"  +all +trace_process

ucli% fsdbDumpflush 
*Verdi* : Flush all FSDB Files at 0 ps.

ucli% fsdbDumpvars 0 "simulator.DCRFLI.DC_GEN\[3\].DC.SEQ.w_insn_bubble"  +all +trace_process

ucli% fsdbDumpflush 
*Verdi* : Flush all FSDB Files at 0 ps.

ucli% fsdbDumpvars 0 "simulator.DCRFLI.DC_GEN\[3\].DC.SEQ.w_iptr_plus1\[3:0\]"  +all +trace_process

ucli% fsdbDumpflush 
*Verdi* : Flush all FSDB Files at 0 ps.

ucli% fsdbDumpvars 0 "simulator.DCRFLI.DC_GEN\[3\].DC.SEQ.w_next_null"  +all +trace_process

ucli% fsdbDumpflush 
*Verdi* : Flush all FSDB Files at 0 ps.

ucli% if {[catch {ucliCore::setFocus tool}]} {}

ucli% fsdbDumpvars 0 "simulator.DCRFLI.DC_GEN\[3\].DC.SEQ.o_empty"  +all +trace_process

ucli% fsdbDumpflush 
*Verdi* : Flush all FSDB Files at 0 ps.

ucli% fsdbDumpvars 0 "simulator.DCRFLI.DC_GEN\[3\].DC.SEQ.i_next"  +all +trace_process

ucli% fsdbDumpflush 
*Verdi* : Flush all FSDB Files at 0 ps.

ucli% fsdbDumpvars 0 "simulator.DCRFLI.DC_GEN\[3\].DC.SEQ.o_addr\[3:0\]"  +all +trace_process

ucli% fsdbDumpflush 
*Verdi* : Flush all FSDB Files at 0 ps.

ucli% fsdbDumpvars 0 "simulator.DCRFLI.DC_GEN\[3\].DC.SEQ.o_insn\[91:0\]"  +all +trace_process

ucli% fsdbDumpflush 
*Verdi* : Flush all FSDB Files at 0 ps.

ucli% fsdbDumpvars 0 "simulator.DCRFLI.DC_GEN\[3\].DC.SEQ.r_iptr_modify\[3:0\]"  +all +trace_process

ucli% fsdbDumpflush 
*Verdi* : Flush all FSDB Files at 0 ps.

ucli% fsdbDumpvars 0 "simulator.DCRFLI.DC_GEN\[3\].DC.SEQ.i_insn_modified\[91:0\]"  +all +trace_process

ucli% fsdbDumpflush 
*Verdi* : Flush all FSDB Files at 0 ps.

ucli% if {[catch {ucliCore::setFocus tool}]} {}

ucli% fsdbDumpvars 0 "simulator.DCRFLI.DC_GEN\[3\].DC.CORE.i_clk"  +all +trace_process

ucli% fsdbDumpflush 
*Verdi* : Flush all FSDB Files at 0 ps.

ucli% fsdbDumpvars 0 "simulator.DCRFLI.DC_GEN\[3\].DC.CORE.i_rst"  +all +trace_process

ucli% fsdbDumpflush 
*Verdi* : Flush all FSDB Files at 0 ps.

ucli% fsdbDumpvars 0 "simulator.DCRFLI.DC_GEN\[3\].DC.CORE.w_stall"  +all +trace_process

ucli% fsdbDumpflush 
*Verdi* : Flush all FSDB Files at 0 ps.

ucli% if {[catch {ucliCore::setFocus tool}]} {}

ucli% fsdbDumpvars 0 "simulator.DCRFLI.DC_GEN\[3\].DC.CORE.d"  +all +trace_process

ucli% fsdbDumpflush 
*Verdi* : Flush all FSDB Files at 0 ps.

ucli% fsdbDumpvars 0 "simulator.DCRFLI.DC_GEN\[3\].DC.CORE.i_empty"  +all +trace_process

ucli% fsdbDumpflush 
*Verdi* : Flush all FSDB Files at 0 ps.

ucli% fsdbDumpvars 0 "simulator.DCRFLI.DC_GEN\[3\].DC.CORE.o_next"  +all +trace_process

ucli% fsdbDumpflush 
*Verdi* : Flush all FSDB Files at 0 ps.

ucli% fsdbDumpvars 0 "simulator.DCRFLI.DC_GEN\[3\].DC.CORE.i_addr\[3:0\]"  +all +trace_process

ucli% fsdbDumpflush 
*Verdi* : Flush all FSDB Files at 0 ps.

ucli% fsdbDumpvars 0 "simulator.DCRFLI.DC_GEN\[3\].DC.CORE.i_insn\[91:0\]"  +all +trace_process

ucli% fsdbDumpflush 
*Verdi* : Flush all FSDB Files at 0 ps.

ucli% fsdbDumpvars 0 "simulator.DCRFLI.DC_GEN\[3\].DC.CORE.o_insn_modified"  +all +trace_process

ucli% fsdbDumpflush 
*Verdi* : Flush all FSDB Files at 0 ps.

ucli% if {[catch {ucliCore::setFocus tool}]} {}

ucli% fsdbDumpvars 0 "simulator.DCRFLI.DC_GEN\[3\].DC.CORE.i"  +all +trace_process

ucli% fsdbDumpflush 
*Verdi* : Flush all FSDB Files at 0 ps.

ucli% if {[catch {ucliCore::setFocus tool}]} {}

ucli% fsdbDumpvars 0 "simulator.DCRFLI.DC_GEN\[3\].DC.CORE.s"  +all +trace_process

ucli% fsdbDumpflush 
*Verdi* : Flush all FSDB Files at 0 ps.

ucli% fsdbDumpvars 0 "simulator.DCRFLI.DC_GEN\[3\].DC.CORE.w_dvsr\[15:0\]"  +all +trace_process

ucli% fsdbDumpflush 
*Verdi* : Flush all FSDB Files at 0 ps.

ucli% fsdbDumpvars 0 "simulator.DCRFLI.DC_GEN\[3\].DC.CORE.w_spi_dout\[23:0\]"  +all +trace_process

ucli% fsdbDumpflush 
*Verdi* : Flush all FSDB Files at 0 ps.

ucli% fsdbDumpvars 0 "simulator.DCRFLI.DC_GEN\[3\].DC.CORE.w_spi_done"  +all +trace_process

ucli% fsdbDumpflush 
*Verdi* : Flush all FSDB Files at 0 ps.

ucli% fsdbDumpvars 0 "simulator.DCRFLI.DC_GEN\[3\].DC.CORE.o_armed"  +all +trace_process

ucli% fsdbDumpflush 
*Verdi* : Flush all FSDB Files at 0 ps.

ucli% fsdbDumpvars 0 "simulator.DCRFLI.DC_GEN\[3\].DC.CORE.i_start"  +all +trace_process

ucli% fsdbDumpflush 
*Verdi* : Flush all FSDB Files at 0 ps.

ucli% if {[catch {ucliCore::setFocus tool}]} {}

ucli% fsdbDumpvars 0 "simulator.DCRFLI.DC_GEN\[3\].DC.CORE.o_sclk"  +all +trace_process

ucli% fsdbDumpflush 
*Verdi* : Flush all FSDB Files at 0 ps.

ucli% fsdbDumpvars 0 "simulator.DCRFLI.DC_GEN\[3\].DC.CORE.o_mosi"  +all +trace_process

ucli% fsdbDumpflush 
*Verdi* : Flush all FSDB Files at 0 ps.

ucli% fsdbDumpvars 0 "simulator.DCRFLI.DC_GEN\[3\].DC.CORE.i_miso"  +all +trace_process

ucli% fsdbDumpflush 
*Verdi* : Flush all FSDB Files at 0 ps.

ucli% fsdbDumpvars 0 "simulator.DCRFLI.DC_GEN\[3\].DC.CORE.o_cs_n"  +all +trace_process

ucli% fsdbDumpflush 
*Verdi* : Flush all FSDB Files at 0 ps.

ucli% fsdbDumpvars 0 "simulator.DCRFLI.DC_GEN\[3\].DC.CORE.o_ldac_n"  +all +trace_process

ucli% fsdbDumpflush 
*Verdi* : Flush all FSDB Files at 0 ps.

ucli% if {[catch {ucliCore::setFocus tool}]} {}

ucli% fsdbDumpvars 0 "simulator.DCRFLI.DC_GEN\[3\].DC.CORE.h"  +all +trace_process

ucli% fsdbDumpflush 
*Verdi* : Flush all FSDB Files at 0 ps.

ucli% fsdbDumpvars 0 "simulator.DCRFLI.DC_GEN\[3\].DC.CORE.o_next"  +all +trace_process

ucli% fsdbDumpflush 
*Verdi* : Flush all FSDB Files at 0 ps.

ucli% fsdbDumpvars 0 "simulator.DCRFLI.DC_GEN\[3\].DC.CORE.o_addr\[3:0\]"  +all +trace_process

ucli% fsdbDumpflush 
*Verdi* : Flush all FSDB Files at 0 ps.

ucli% fsdbDumpvars 0 "simulator.DCRFLI.DC_GEN\[3\].DC.CORE.o_iter\[9:0\]"  +all +trace_process

ucli% fsdbDumpflush 
*Verdi* : Flush all FSDB Files at 0 ps.

ucli% fsdbDumpvars 0 "simulator.DCRFLI.DC_GEN\[3\].DC.CORE.o_spi_din\[23:0\]"  +all +trace_process

ucli% fsdbDumpflush 
*Verdi* : Flush all FSDB Files at 0 ps.

ucli% fsdbDumpvars 0 "simulator.DCRFLI.DC_GEN\[3\].DC.CORE.o_spi_rd"  +all +trace_process

ucli% fsdbDumpflush 
*Verdi* : Flush all FSDB Files at 0 ps.

ucli% fsdbDumpvars 0 "simulator.DCRFLI.DC_GEN\[3\].DC.CORE.o_spi_dout\[23:0\]"  +all +trace_process

ucli% fsdbDumpflush 
*Verdi* : Flush all FSDB Files at 0 ps.

ucli% fsdbDumpvars 0 "simulator.DCRFLI.DC_GEN\[3\].DC.CORE.o_cycles_left\[29:0\]"  +all +trace_process

ucli% fsdbDumpflush 
*Verdi* : Flush all FSDB Files at 0 ps.

ucli% if {[catch {ucliCore::setFocus tool}]} {}

ucli% fsdbDumpvars 0 "simulator.DC_IO_GEN\[3\].DAC.valid_transaction"  +all +trace_process
*Verdi* : Dumping the signal (simulator.DC_IO_GEN[3].DAC.valid_transaction).

ucli% fsdbDumpflush 
*Verdi* : Flush all FSDB Files at 0 ps.

ucli% if {[catch {ucliCore::setFocus tool}]} {}

ucli% fsdbDumpvars 0 "simulator.DC_IO_GEN\[3\].DAC.input_shift_reg"  +all +trace_process
*Verdi* : Dumping the signal (simulator.DC_IO_GEN[3].DAC.input_shift_reg).

ucli% fsdbDumpflush 
*Verdi* : Flush all FSDB Files at 0 ps.

ucli% if {[catch {ucliCore::setFocus tool}]} {}

ucli% fsdbDumpvars 0 "simulator.DC_IO_GEN\[3\].DAC.rw"  +all +trace_process
*Verdi* : Dumping the signal (simulator.DC_IO_GEN[3].DAC.rw).

ucli% fsdbDumpflush 
*Verdi* : Flush all FSDB Files at 0 ps.

ucli% if {[catch {ucliCore::setFocus tool}]} {}

ucli% fsdbDumpvars 0 "simulator.DC_IO_GEN\[3\].DAC.addr"  +all +trace_process
*Verdi* : Dumping the signal (simulator.DC_IO_GEN[3].DAC.addr).

ucli% fsdbDumpflush 
*Verdi* : Flush all FSDB Files at 0 ps.

ucli% if {[catch {ucliCore::setFocus tool}]} {}

ucli% fsdbDumpvars 0 "simulator.DC_IO_GEN\[3\].DAC.data"  +all +trace_process
*Verdi* : Dumping the signal (simulator.DC_IO_GEN[3].DAC.data).

ucli% fsdbDumpflush 
*Verdi* : Flush all FSDB Files at 0 ps.

ucli% if {[catch {ucliCore::setFocus tool}]} {}

ucli% fsdbDumpvars 0 "simulator.DC_IO_GEN\[3\].DAC.rd_data"  +all +trace_process
*Verdi* : Dumping the signal (simulator.DC_IO_GEN[3].DAC.rd_data).

ucli% fsdbDumpflush 
*Verdi* : Flush all FSDB Files at 0 ps.

ucli% if {[catch {ucliCore::setFocus tool}]} {}

ucli% fsdbDumpvars 0 "simulator.DC_IO_GEN\[3\].DAC.SCLK"  +all +trace_process
*Verdi* : Dumping the signal (simulator.DC_IO_GEN[3].DAC.SCLK).

ucli% fsdbDumpflush 
*Verdi* : Flush all FSDB Files at 0 ps.

ucli% if {[catch {ucliCore::setFocus tool}]} {}

ucli% fsdbDumpvars 0 "simulator.DC_IO_GEN\[3\].DAC.SDIN"  +all +trace_process
*Verdi* : Dumping the signal (simulator.DC_IO_GEN[3].DAC.SDIN).

ucli% fsdbDumpflush 
*Verdi* : Flush all FSDB Files at 0 ps.

ucli% if {[catch {ucliCore::setFocus tool}]} {}

ucli% fsdbDumpvars 0 "simulator.DC_IO_GEN\[3\].DAC.SYNC_N"  +all +trace_process
*Verdi* : Dumping the signal (simulator.DC_IO_GEN[3].DAC.SYNC_N).

ucli% fsdbDumpflush 
*Verdi* : Flush all FSDB Files at 0 ps.

ucli% if {[catch {ucliCore::setFocus tool}]} {}

ucli% fsdbDumpvars 0 "simulator.DC_IO_GEN\[3\].DAC.SDO"  +all +trace_process
*Verdi* : Dumping the signal (simulator.DC_IO_GEN[3].DAC.SDO).

ucli% fsdbDumpflush 
*Verdi* : Flush all FSDB Files at 0 ps.

ucli% if {[catch {ucliCore::setFocus tool}]} {}

ucli% fsdbDumpvars 0 "simulator.DC_IO_GEN\[3\].DAC.LDAC_N"  +all +trace_process
*Verdi* : Dumping the signal (simulator.DC_IO_GEN[3].DAC.LDAC_N).

ucli% fsdbDumpflush 
*Verdi* : Flush all FSDB Files at 0 ps.

ucli% if {[catch {ucliCore::setFocus tool}]} {}

ucli% fsdbDumpvars 0 "simulator.DC_IO_GEN\[3\].DAC.CLR_N"  +all +trace_process
*Verdi* : Dumping the signal (simulator.DC_IO_GEN[3].DAC.CLR_N).

ucli% fsdbDumpflush 
*Verdi* : Flush all FSDB Files at 0 ps.

ucli% if {[catch {ucliCore::setFocus tool}]} {}

ucli% fsdbDumpvars 0 "simulator.DC_IO_GEN\[3\].DAC.RESET_N"  +all +trace_process
*Verdi* : Dumping the signal (simulator.DC_IO_GEN[3].DAC.RESET_N).

ucli% fsdbDumpflush 
*Verdi* : Flush all FSDB Files at 0 ps.

ucli% if {[catch {ucliCore::setFocus tool}]} {}

ucli% fsdbDumpvars 0 "simulator.DC_IO_GEN\[3\].DAC.dac_reg"  +all +trace_process
*Verdi* : Dumping the signal (simulator.DC_IO_GEN[3].DAC.dac_reg).

ucli% fsdbDumpflush 
*Verdi* : Flush all FSDB Files at 0 ps.

ucli% if {[catch {ucliCore::setFocus tool}]} {}

ucli% fsdbDumpvars 0 "simulator.DC_IO_GEN\[3\].DAC.ctrl_reg"  +all +trace_process
*Verdi* : Dumping the signal (simulator.DC_IO_GEN[3].DAC.ctrl_reg).

ucli% fsdbDumpflush 
*Verdi* : Flush all FSDB Files at 0 ps.

ucli% if {[catch {ucliCore::setFocus tool}]} {}

ucli% fsdbDumpvars 0 "simulator.DC_IO_GEN\[3\].DAC.clrcode_reg"  +all +trace_process
*Verdi* : Dumping the signal (simulator.DC_IO_GEN[3].DAC.clrcode_reg).

ucli% fsdbDumpflush 
*Verdi* : Flush all FSDB Files at 0 ps.

ucli% if {[catch {ucliCore::setFocus tool}]} {}

ucli% fsdbDumpvars 0 "simulator.DC_IO_GEN\[3\].DAC.sw_ctrl_reg"  +all +trace_process
*Verdi* : Dumping the signal (simulator.DC_IO_GEN[3].DAC.sw_ctrl_reg).

ucli% fsdbDumpflush 
*Verdi* : Flush all FSDB Files at 0 ps.

ucli% if {[catch {ucliCore::setFocus tool}]} {}

ucli% fsdbDumpvars 0 "simulator.DC_IO_GEN\[3\].DAC.dac_input_reg"  +all +trace_process
*Verdi* : Dumping the signal (simulator.DC_IO_GEN[3].DAC.dac_input_reg).

ucli% fsdbDumpflush 
*Verdi* : Flush all FSDB Files at 0 ps.

ucli% if {[catch {ucliCore::setFocus tool}]} {}

ucli% fsdbDumpvars 0 "simulator.DC_IO_GEN\[3\].DAC.SDODIS"  +all +trace_process
*Verdi* : Dumping the signal (simulator.DC_IO_GEN[3].DAC.SDODIS).

ucli% fsdbDumpflush 
*Verdi* : Flush all FSDB Files at 0 ps.

ucli% if {[catch {ucliCore::setFocus tool}]} {}

ucli% fsdbDumpvars 0 "simulator.DC_IO_GEN\[3\].DAC.DACTRI"  +all +trace_process
*Verdi* : Dumping the signal (simulator.DC_IO_GEN[3].DAC.DACTRI).

ucli% fsdbDumpflush 
*Verdi* : Flush all FSDB Files at 0 ps.

ucli% if {[catch {ucliCore::setFocus tool}]} {}

ucli% fsdbDumpvars 0 "simulator.DC_IO_GEN\[3\].DAC.OPGND"  +all +trace_process
*Verdi* : Dumping the signal (simulator.DC_IO_GEN[3].DAC.OPGND).

ucli% fsdbDumpflush 
*Verdi* : Flush all FSDB Files at 0 ps.

ucli% if {[catch {ucliCore::setFocus tool}]} {}

ucli% fsdbDumpvars 0 "simulator.DC_IO_GEN\[3\].DAC.VOUT"  +all +trace_process
*Verdi* : Dumping the signal (simulator.DC_IO_GEN[3].DAC.VOUT).

ucli% fsdbDumpflush 
*Verdi* : Flush all FSDB Files at 0 ps.

ucli% if {[catch {ucliCore::setFocus tool}]} {}

ucli% fsdbDumpvars 0 "simulator.DC_IO_GEN\[3\].DAC.VDIGITAL"  +all +trace_process
*Verdi* : Dumping the signal (simulator.DC_IO_GEN[3].DAC.VDIGITAL).

ucli% fsdbDumpflush 
*Verdi* : Flush all FSDB Files at 0 ps.

ucli% if {[catch {ucliCore::setFocus tool}]} {}

ucli% fsdbDumpvars 0 "simulator.DC_IO_GEN\[2\].REGS.AXIL_REGS.i_aclk"  +all +trace_process

ucli% fsdbDumpflush 
*Verdi* : Flush all FSDB Files at 0 ps.

ucli% fsdbDumpvars 0 "simulator.DC_IO_GEN\[2\].REGS.AXIL_REGS.i_aresetn"  +all +trace_process

ucli% fsdbDumpflush 
*Verdi* : Flush all FSDB Files at 0 ps.

ucli% fsdbDumpvars 0 "simulator.DC_IO_GEN\[2\].REGS.AXIL_REGS.r_regs\[0:31\]\[31:0\]"  +all +trace_process

ucli% fsdbDumpflush 
*Verdi* : Flush all FSDB Files at 0 ps.

ucli% fsdbDumpvars 0 "simulator.DC_IO_GEN\[2\].REGS.AXIL_REGS.o_regs\[0:31\]\[31:0\]"  +all +trace_process

ucli% fsdbDumpflush 
*Verdi* : Flush all FSDB Files at 0 ps.

ucli% if {[catch {ucliCore::setFocus tool}]} {}

ucli% fsdbDumpvars 0 "simulator.DC_IO_GEN\[2\].REGS.AXIL_REGS.o_awready"  +all +trace_process

ucli% fsdbDumpflush 
*Verdi* : Flush all FSDB Files at 0 ps.

ucli% fsdbDumpvars 0 "simulator.DC_IO_GEN\[2\].REGS.AXIL_REGS.i_awvalid"  +all +trace_process

ucli% fsdbDumpflush 
*Verdi* : Flush all FSDB Files at 0 ps.

ucli% fsdbDumpvars 0 "simulator.DC_IO_GEN\[2\].REGS.AXIL_REGS.i_awaddr\[6:0\]"  +all +trace_process

ucli% fsdbDumpflush 
*Verdi* : Flush all FSDB Files at 0 ps.

ucli% fsdbDumpvars 0 "simulator.DC_IO_GEN\[2\].REGS.AXIL_REGS.w_awireg\[4:0\]"  +all +trace_process

ucli% fsdbDumpflush 
*Verdi* : Flush all FSDB Files at 0 ps.

ucli% fsdbDumpvars 0 "simulator.DC_IO_GEN\[2\].REGS.AXIL_REGS.w_awls2b\[1:0\]"  +all +trace_process

ucli% fsdbDumpflush 
*Verdi* : Flush all FSDB Files at 0 ps.

ucli% if {[catch {ucliCore::setFocus tool}]} {}

ucli% fsdbDumpvars 0 "simulator.DC_IO_GEN\[2\].REGS.AXIL_REGS.o_wready"  +all +trace_process

ucli% fsdbDumpflush 
*Verdi* : Flush all FSDB Files at 0 ps.

ucli% fsdbDumpvars 0 "simulator.DC_IO_GEN\[2\].REGS.AXIL_REGS.i_wvalid"  +all +trace_process

ucli% fsdbDumpflush 
*Verdi* : Flush all FSDB Files at 0 ps.

ucli% fsdbDumpvars 0 "simulator.DC_IO_GEN\[2\].REGS.AXIL_REGS.i_wdata\[31:0\]"  +all +trace_process

ucli% fsdbDumpflush 
*Verdi* : Flush all FSDB Files at 0 ps.

ucli% fsdbDumpvars 0 "simulator.DC_IO_GEN\[2\].REGS.AXIL_REGS.i_wstrb\[3:0\]"  +all +trace_process

ucli% fsdbDumpflush 
*Verdi* : Flush all FSDB Files at 0 ps.

ucli% fsdbDumpvars 0 "simulator.DC_IO_GEN\[2\].REGS.AXIL_REGS.w_wdatastrb\[31:0\]"  +all +trace_process

ucli% fsdbDumpflush 
*Verdi* : Flush all FSDB Files at 0 ps.

ucli% if {[catch {ucliCore::setFocus tool}]} {}

ucli% fsdbDumpvars 0 "simulator.DC_IO_GEN\[2\].REGS.AXIL_REGS.i_bready"  +all +trace_process

ucli% fsdbDumpflush 
*Verdi* : Flush all FSDB Files at 0 ps.

ucli% fsdbDumpvars 0 "simulator.DC_IO_GEN\[2\].REGS.AXIL_REGS.o_bvalid"  +all +trace_process

ucli% fsdbDumpflush 
*Verdi* : Flush all FSDB Files at 0 ps.

ucli% fsdbDumpvars 0 "simulator.DC_IO_GEN\[2\].REGS.AXIL_REGS.o_bresp\[1:0\]"  +all +trace_process

ucli% fsdbDumpflush 
*Verdi* : Flush all FSDB Files at 0 ps.

ucli% if {[catch {ucliCore::setFocus tool}]} {}

ucli% fsdbDumpvars 0 "simulator.DC_IO_GEN\[2\].REGS.AXIL_REGS.o_arready"  +all +trace_process

ucli% fsdbDumpflush 
*Verdi* : Flush all FSDB Files at 0 ps.

ucli% fsdbDumpvars 0 "simulator.DC_IO_GEN\[2\].REGS.AXIL_REGS.i_arvalid"  +all +trace_process

ucli% fsdbDumpflush 
*Verdi* : Flush all FSDB Files at 0 ps.

ucli% fsdbDumpvars 0 "simulator.DC_IO_GEN\[2\].REGS.AXIL_REGS.i_araddr\[6:0\]"  +all +trace_process

ucli% fsdbDumpflush 
*Verdi* : Flush all FSDB Files at 0 ps.

ucli% fsdbDumpvars 0 "simulator.DC_IO_GEN\[2\].REGS.AXIL_REGS.w_arireg\[4:0\]"  +all +trace_process

ucli% fsdbDumpflush 
*Verdi* : Flush all FSDB Files at 0 ps.

ucli% fsdbDumpvars 0 "simulator.DC_IO_GEN\[2\].REGS.AXIL_REGS.w_arls2b\[1:0\]"  +all +trace_process

ucli% fsdbDumpflush 
*Verdi* : Flush all FSDB Files at 0 ps.

ucli% if {[catch {ucliCore::setFocus tool}]} {}

ucli% fsdbDumpvars 0 "simulator.DC_IO_GEN\[2\].REGS.AXIL_REGS.i_rready"  +all +trace_process

ucli% fsdbDumpflush 
*Verdi* : Flush all FSDB Files at 0 ps.

ucli% fsdbDumpvars 0 "simulator.DC_IO_GEN\[2\].REGS.AXIL_REGS.o_rvalid"  +all +trace_process

ucli% fsdbDumpflush 
*Verdi* : Flush all FSDB Files at 0 ps.

ucli% fsdbDumpvars 0 "simulator.DC_IO_GEN\[2\].REGS.AXIL_REGS.o_rdata\[31:0\]"  +all +trace_process

ucli% fsdbDumpflush 
*Verdi* : Flush all FSDB Files at 0 ps.

ucli% fsdbDumpvars 0 "simulator.DC_IO_GEN\[2\].REGS.AXIL_REGS.o_rresp\[1:0\]"  +all +trace_process

ucli% fsdbDumpflush 
*Verdi* : Flush all FSDB Files at 0 ps.

ucli% if {[catch {ucliCore::setFocus tool}]} {}

ucli% fsdbDumpvars 0 "simulator.DCRFLI.DC_GEN\[2\].DC.SEQ.i_clk"  +all +trace_process

ucli% fsdbDumpflush 
*Verdi* : Flush all FSDB Files at 0 ps.

ucli% fsdbDumpvars 0 "simulator.DCRFLI.DC_GEN\[2\].DC.SEQ.i_rst"  +all +trace_process

ucli% fsdbDumpflush 
*Verdi* : Flush all FSDB Files at 0 ps.

ucli% fsdbDumpvars 0 "simulator.DCRFLI.DC_GEN\[2\].DC.SEQ.w_propagate"  +all +trace_process

ucli% fsdbDumpflush 
*Verdi* : Flush all FSDB Files at 0 ps.

ucli% if {[catch {ucliCore::setFocus tool}]} {}

ucli% fsdbDumpvars 0 "simulator.DCRFLI.DC_GEN\[2\].DC.SEQ.i_regs\[0:31\]\[31:0\]"  +all +trace_process

ucli% fsdbDumpflush 
*Verdi* : Flush all FSDB Files at 0 ps.

ucli% fsdbDumpvars 0 "simulator.DCRFLI.DC_GEN\[2\].DC.SEQ.w_last0"  +all +trace_process

ucli% fsdbDumpflush 
*Verdi* : Flush all FSDB Files at 0 ps.

ucli% fsdbDumpvars 0 "simulator.DCRFLI.DC_GEN\[2\].DC.SEQ.w_last0_ff1"  +all +trace_process

ucli% fsdbDumpflush 
*Verdi* : Flush all FSDB Files at 0 ps.

ucli% fsdbDumpvars 0 "simulator.DCRFLI.DC_GEN\[2\].DC.SEQ.w_last0_ff2"  +all +trace_process

ucli% fsdbDumpflush 
*Verdi* : Flush all FSDB Files at 0 ps.

ucli% fsdbDumpvars 0 "simulator.DCRFLI.DC_GEN\[2\].DC.SEQ.w_new_sequence"  +all +trace_process

ucli% fsdbDumpflush 
*Verdi* : Flush all FSDB Files at 0 ps.

ucli% if {[catch {ucliCore::setFocus tool}]} {}

ucli% fsdbDumpvars 0 "simulator.DCRFLI.DC_GEN\[2\].DC.SEQ.r_sequence\[0:9\]\[91:0\]"  +all +trace_process

ucli% fsdbDumpflush 
*Verdi* : Flush all FSDB Files at 0 ps.

ucli% fsdbDumpvars 0 "simulator.DCRFLI.DC_GEN\[2\].DC.SEQ.r_iters\[10:0\]"  +all +trace_process

ucli% fsdbDumpflush 
*Verdi* : Flush all FSDB Files at 0 ps.

ucli% fsdbDumpvars 0 "simulator.DCRFLI.DC_GEN\[2\].DC.SEQ.r_iptr\[3:0\]"  +all +trace_process

ucli% fsdbDumpflush 
*Verdi* : Flush all FSDB Files at 0 ps.

ucli% fsdbDumpvars 0 "simulator.DCRFLI.DC_GEN\[2\].DC.SEQ.w_insn_fetch\[91:0\]"  +all +trace_process

ucli% fsdbDumpflush 
*Verdi* : Flush all FSDB Files at 0 ps.

ucli% fsdbDumpvars 0 "simulator.DCRFLI.DC_GEN\[2\].DC.SEQ.w_insn_bubble"  +all +trace_process

ucli% fsdbDumpflush 
*Verdi* : Flush all FSDB Files at 0 ps.

ucli% fsdbDumpvars 0 "simulator.DCRFLI.DC_GEN\[2\].DC.SEQ.w_iptr_plus1\[3:0\]"  +all +trace_process

ucli% fsdbDumpflush 
*Verdi* : Flush all FSDB Files at 0 ps.

ucli% fsdbDumpvars 0 "simulator.DCRFLI.DC_GEN\[2\].DC.SEQ.w_next_null"  +all +trace_process

ucli% fsdbDumpflush 
*Verdi* : Flush all FSDB Files at 0 ps.

ucli% if {[catch {ucliCore::setFocus tool}]} {}

ucli% fsdbDumpvars 0 "simulator.DCRFLI.DC_GEN\[2\].DC.SEQ.o_empty"  +all +trace_process

ucli% fsdbDumpflush 
*Verdi* : Flush all FSDB Files at 0 ps.

ucli% fsdbDumpvars 0 "simulator.DCRFLI.DC_GEN\[2\].DC.SEQ.i_next"  +all +trace_process

ucli% fsdbDumpflush 
*Verdi* : Flush all FSDB Files at 0 ps.

ucli% fsdbDumpvars 0 "simulator.DCRFLI.DC_GEN\[2\].DC.SEQ.o_addr\[3:0\]"  +all +trace_process

ucli% fsdbDumpflush 
*Verdi* : Flush all FSDB Files at 0 ps.

ucli% fsdbDumpvars 0 "simulator.DCRFLI.DC_GEN\[2\].DC.SEQ.o_insn\[91:0\]"  +all +trace_process

ucli% fsdbDumpflush 
*Verdi* : Flush all FSDB Files at 0 ps.

ucli% fsdbDumpvars 0 "simulator.DCRFLI.DC_GEN\[2\].DC.SEQ.r_iptr_modify\[3:0\]"  +all +trace_process

ucli% fsdbDumpflush 
*Verdi* : Flush all FSDB Files at 0 ps.

ucli% fsdbDumpvars 0 "simulator.DCRFLI.DC_GEN\[2\].DC.SEQ.i_insn_modified\[91:0\]"  +all +trace_process

ucli% fsdbDumpflush 
*Verdi* : Flush all FSDB Files at 0 ps.

ucli% if {[catch {ucliCore::setFocus tool}]} {}

ucli% fsdbDumpvars 0 "simulator.DCRFLI.DC_GEN\[2\].DC.CORE.i_clk"  +all +trace_process

ucli% fsdbDumpflush 
*Verdi* : Flush all FSDB Files at 0 ps.

ucli% fsdbDumpvars 0 "simulator.DCRFLI.DC_GEN\[2\].DC.CORE.i_rst"  +all +trace_process

ucli% fsdbDumpflush 
*Verdi* : Flush all FSDB Files at 0 ps.

ucli% fsdbDumpvars 0 "simulator.DCRFLI.DC_GEN\[2\].DC.CORE.w_stall"  +all +trace_process

ucli% fsdbDumpflush 
*Verdi* : Flush all FSDB Files at 0 ps.

ucli% if {[catch {ucliCore::setFocus tool}]} {}

ucli% fsdbDumpvars 0 "simulator.DCRFLI.DC_GEN\[2\].DC.CORE.d"  +all +trace_process

ucli% fsdbDumpflush 
*Verdi* : Flush all FSDB Files at 0 ps.

ucli% fsdbDumpvars 0 "simulator.DCRFLI.DC_GEN\[2\].DC.CORE.i_empty"  +all +trace_process

ucli% fsdbDumpflush 
*Verdi* : Flush all FSDB Files at 0 ps.

ucli% fsdbDumpvars 0 "simulator.DCRFLI.DC_GEN\[2\].DC.CORE.o_next"  +all +trace_process

ucli% fsdbDumpflush 
*Verdi* : Flush all FSDB Files at 0 ps.

ucli% fsdbDumpvars 0 "simulator.DCRFLI.DC_GEN\[2\].DC.CORE.i_addr\[3:0\]"  +all +trace_process

ucli% fsdbDumpflush 
*Verdi* : Flush all FSDB Files at 0 ps.

ucli% fsdbDumpvars 0 "simulator.DCRFLI.DC_GEN\[2\].DC.CORE.i_insn\[91:0\]"  +all +trace_process

ucli% fsdbDumpflush 
*Verdi* : Flush all FSDB Files at 0 ps.

ucli% fsdbDumpvars 0 "simulator.DCRFLI.DC_GEN\[2\].DC.CORE.o_insn_modified"  +all +trace_process

ucli% fsdbDumpflush 
*Verdi* : Flush all FSDB Files at 0 ps.

ucli% if {[catch {ucliCore::setFocus tool}]} {}

ucli% fsdbDumpvars 0 "simulator.DCRFLI.DC_GEN\[2\].DC.CORE.i"  +all +trace_process

ucli% fsdbDumpflush 
*Verdi* : Flush all FSDB Files at 0 ps.

ucli% if {[catch {ucliCore::setFocus tool}]} {}

ucli% fsdbDumpvars 0 "simulator.DCRFLI.DC_GEN\[2\].DC.CORE.s"  +all +trace_process

ucli% fsdbDumpflush 
*Verdi* : Flush all FSDB Files at 0 ps.

ucli% fsdbDumpvars 0 "simulator.DCRFLI.DC_GEN\[2\].DC.CORE.w_dvsr\[15:0\]"  +all +trace_process

ucli% fsdbDumpflush 
*Verdi* : Flush all FSDB Files at 0 ps.

ucli% fsdbDumpvars 0 "simulator.DCRFLI.DC_GEN\[2\].DC.CORE.w_spi_dout\[23:0\]"  +all +trace_process

ucli% fsdbDumpflush 
*Verdi* : Flush all FSDB Files at 0 ps.

ucli% fsdbDumpvars 0 "simulator.DCRFLI.DC_GEN\[2\].DC.CORE.w_spi_done"  +all +trace_process

ucli% fsdbDumpflush 
*Verdi* : Flush all FSDB Files at 0 ps.

ucli% fsdbDumpvars 0 "simulator.DCRFLI.DC_GEN\[2\].DC.CORE.o_armed"  +all +trace_process

ucli% fsdbDumpflush 
*Verdi* : Flush all FSDB Files at 0 ps.

ucli% fsdbDumpvars 0 "simulator.DCRFLI.DC_GEN\[2\].DC.CORE.i_start"  +all +trace_process

ucli% fsdbDumpflush 
*Verdi* : Flush all FSDB Files at 0 ps.

ucli% if {[catch {ucliCore::setFocus tool}]} {}

ucli% fsdbDumpvars 0 "simulator.DCRFLI.DC_GEN\[2\].DC.CORE.o_sclk"  +all +trace_process

ucli% fsdbDumpflush 
*Verdi* : Flush all FSDB Files at 0 ps.

ucli% fsdbDumpvars 0 "simulator.DCRFLI.DC_GEN\[2\].DC.CORE.o_mosi"  +all +trace_process

ucli% fsdbDumpflush 
*Verdi* : Flush all FSDB Files at 0 ps.

ucli% fsdbDumpvars 0 "simulator.DCRFLI.DC_GEN\[2\].DC.CORE.i_miso"  +all +trace_process

ucli% fsdbDumpflush 
*Verdi* : Flush all FSDB Files at 0 ps.

ucli% fsdbDumpvars 0 "simulator.DCRFLI.DC_GEN\[2\].DC.CORE.o_cs_n"  +all +trace_process

ucli% fsdbDumpflush 
*Verdi* : Flush all FSDB Files at 0 ps.

ucli% fsdbDumpvars 0 "simulator.DCRFLI.DC_GEN\[2\].DC.CORE.o_ldac_n"  +all +trace_process

ucli% fsdbDumpflush 
*Verdi* : Flush all FSDB Files at 0 ps.

ucli% if {[catch {ucliCore::setFocus tool}]} {}

ucli% fsdbDumpvars 0 "simulator.DCRFLI.DC_GEN\[2\].DC.CORE.h"  +all +trace_process

ucli% fsdbDumpflush 
*Verdi* : Flush all FSDB Files at 0 ps.

ucli% fsdbDumpvars 0 "simulator.DCRFLI.DC_GEN\[2\].DC.CORE.o_next"  +all +trace_process

ucli% fsdbDumpflush 
*Verdi* : Flush all FSDB Files at 0 ps.

ucli% fsdbDumpvars 0 "simulator.DCRFLI.DC_GEN\[2\].DC.CORE.o_addr\[3:0\]"  +all +trace_process

ucli% fsdbDumpflush 
*Verdi* : Flush all FSDB Files at 0 ps.

ucli% fsdbDumpvars 0 "simulator.DCRFLI.DC_GEN\[2\].DC.CORE.o_iter\[9:0\]"  +all +trace_process

ucli% fsdbDumpflush 
*Verdi* : Flush all FSDB Files at 0 ps.

ucli% fsdbDumpvars 0 "simulator.DCRFLI.DC_GEN\[2\].DC.CORE.o_spi_din\[23:0\]"  +all +trace_process

ucli% fsdbDumpflush 
*Verdi* : Flush all FSDB Files at 0 ps.

ucli% fsdbDumpvars 0 "simulator.DCRFLI.DC_GEN\[2\].DC.CORE.o_spi_rd"  +all +trace_process

ucli% fsdbDumpflush 
*Verdi* : Flush all FSDB Files at 0 ps.

ucli% fsdbDumpvars 0 "simulator.DCRFLI.DC_GEN\[2\].DC.CORE.o_spi_dout\[23:0\]"  +all +trace_process

ucli% fsdbDumpflush 
*Verdi* : Flush all FSDB Files at 0 ps.

ucli% fsdbDumpvars 0 "simulator.DCRFLI.DC_GEN\[2\].DC.CORE.o_cycles_left\[29:0\]"  +all +trace_process

ucli% fsdbDumpflush 
*Verdi* : Flush all FSDB Files at 0 ps.

ucli% if {[catch {ucliCore::setFocus tool}]} {}

ucli% fsdbDumpvars 0 "simulator.DC_IO_GEN\[2\].DAC.valid_transaction"  +all +trace_process
*Verdi* : Dumping the signal (simulator.DC_IO_GEN[2].DAC.valid_transaction).

ucli% fsdbDumpflush 
*Verdi* : Flush all FSDB Files at 0 ps.

ucli% if {[catch {ucliCore::setFocus tool}]} {}

ucli% fsdbDumpvars 0 "simulator.DC_IO_GEN\[2\].DAC.input_shift_reg"  +all +trace_process
*Verdi* : Dumping the signal (simulator.DC_IO_GEN[2].DAC.input_shift_reg).

ucli% fsdbDumpflush 
*Verdi* : Flush all FSDB Files at 0 ps.

ucli% if {[catch {ucliCore::setFocus tool}]} {}

ucli% fsdbDumpvars 0 "simulator.DC_IO_GEN\[2\].DAC.rw"  +all +trace_process
*Verdi* : Dumping the signal (simulator.DC_IO_GEN[2].DAC.rw).

ucli% fsdbDumpflush 
*Verdi* : Flush all FSDB Files at 0 ps.

ucli% if {[catch {ucliCore::setFocus tool}]} {}

ucli% fsdbDumpvars 0 "simulator.DC_IO_GEN\[2\].DAC.addr"  +all +trace_process
*Verdi* : Dumping the signal (simulator.DC_IO_GEN[2].DAC.addr).

ucli% fsdbDumpflush 
*Verdi* : Flush all FSDB Files at 0 ps.

ucli% if {[catch {ucliCore::setFocus tool}]} {}

ucli% fsdbDumpvars 0 "simulator.DC_IO_GEN\[2\].DAC.data"  +all +trace_process
*Verdi* : Dumping the signal (simulator.DC_IO_GEN[2].DAC.data).

ucli% fsdbDumpflush 
*Verdi* : Flush all FSDB Files at 0 ps.

ucli% if {[catch {ucliCore::setFocus tool}]} {}

ucli% fsdbDumpvars 0 "simulator.DC_IO_GEN\[2\].DAC.rd_data"  +all +trace_process
*Verdi* : Dumping the signal (simulator.DC_IO_GEN[2].DAC.rd_data).

ucli% fsdbDumpflush 
*Verdi* : Flush all FSDB Files at 0 ps.

ucli% if {[catch {ucliCore::setFocus tool}]} {}

ucli% fsdbDumpvars 0 "simulator.DC_IO_GEN\[2\].DAC.SCLK"  +all +trace_process
*Verdi* : Dumping the signal (simulator.DC_IO_GEN[2].DAC.SCLK).

ucli% fsdbDumpflush 
*Verdi* : Flush all FSDB Files at 0 ps.

ucli% if {[catch {ucliCore::setFocus tool}]} {}

ucli% fsdbDumpvars 0 "simulator.DC_IO_GEN\[2\].DAC.SDIN"  +all +trace_process
*Verdi* : Dumping the signal (simulator.DC_IO_GEN[2].DAC.SDIN).

ucli% fsdbDumpflush 
*Verdi* : Flush all FSDB Files at 0 ps.

ucli% if {[catch {ucliCore::setFocus tool}]} {}

ucli% fsdbDumpvars 0 "simulator.DC_IO_GEN\[2\].DAC.SYNC_N"  +all +trace_process
*Verdi* : Dumping the signal (simulator.DC_IO_GEN[2].DAC.SYNC_N).

ucli% fsdbDumpflush 
*Verdi* : Flush all FSDB Files at 0 ps.

ucli% if {[catch {ucliCore::setFocus tool}]} {}

ucli% fsdbDumpvars 0 "simulator.DC_IO_GEN\[2\].DAC.SDO"  +all +trace_process
*Verdi* : Dumping the signal (simulator.DC_IO_GEN[2].DAC.SDO).

ucli% fsdbDumpflush 
*Verdi* : Flush all FSDB Files at 0 ps.

ucli% if {[catch {ucliCore::setFocus tool}]} {}

ucli% fsdbDumpvars 0 "simulator.DC_IO_GEN\[2\].DAC.LDAC_N"  +all +trace_process
*Verdi* : Dumping the signal (simulator.DC_IO_GEN[2].DAC.LDAC_N).

ucli% fsdbDumpflush 
*Verdi* : Flush all FSDB Files at 0 ps.

ucli% if {[catch {ucliCore::setFocus tool}]} {}

ucli% fsdbDumpvars 0 "simulator.DC_IO_GEN\[2\].DAC.CLR_N"  +all +trace_process
*Verdi* : Dumping the signal (simulator.DC_IO_GEN[2].DAC.CLR_N).

ucli% fsdbDumpflush 
*Verdi* : Flush all FSDB Files at 0 ps.

ucli% if {[catch {ucliCore::setFocus tool}]} {}

ucli% fsdbDumpvars 0 "simulator.DC_IO_GEN\[2\].DAC.RESET_N"  +all +trace_process
*Verdi* : Dumping the signal (simulator.DC_IO_GEN[2].DAC.RESET_N).

ucli% fsdbDumpflush 
*Verdi* : Flush all FSDB Files at 0 ps.

ucli% if {[catch {ucliCore::setFocus tool}]} {}

ucli% fsdbDumpvars 0 "simulator.DC_IO_GEN\[2\].DAC.dac_reg"  +all +trace_process
*Verdi* : Dumping the signal (simulator.DC_IO_GEN[2].DAC.dac_reg).

ucli% fsdbDumpflush 
*Verdi* : Flush all FSDB Files at 0 ps.

ucli% if {[catch {ucliCore::setFocus tool}]} {}

ucli% fsdbDumpvars 0 "simulator.DC_IO_GEN\[2\].DAC.ctrl_reg"  +all +trace_process
*Verdi* : Dumping the signal (simulator.DC_IO_GEN[2].DAC.ctrl_reg).

ucli% fsdbDumpflush 
*Verdi* : Flush all FSDB Files at 0 ps.

ucli% if {[catch {ucliCore::setFocus tool}]} {}

ucli% fsdbDumpvars 0 "simulator.DC_IO_GEN\[2\].DAC.clrcode_reg"  +all +trace_process
*Verdi* : Dumping the signal (simulator.DC_IO_GEN[2].DAC.clrcode_reg).

ucli% fsdbDumpflush 
*Verdi* : Flush all FSDB Files at 0 ps.

ucli% if {[catch {ucliCore::setFocus tool}]} {}

ucli% fsdbDumpvars 0 "simulator.DC_IO_GEN\[2\].DAC.sw_ctrl_reg"  +all +trace_process
*Verdi* : Dumping the signal (simulator.DC_IO_GEN[2].DAC.sw_ctrl_reg).

ucli% fsdbDumpflush 
*Verdi* : Flush all FSDB Files at 0 ps.

ucli% if {[catch {ucliCore::setFocus tool}]} {}

ucli% fsdbDumpvars 0 "simulator.DC_IO_GEN\[2\].DAC.dac_input_reg"  +all +trace_process
*Verdi* : Dumping the signal (simulator.DC_IO_GEN[2].DAC.dac_input_reg).

ucli% fsdbDumpflush 
*Verdi* : Flush all FSDB Files at 0 ps.

ucli% if {[catch {ucliCore::setFocus tool}]} {}

ucli% fsdbDumpvars 0 "simulator.DC_IO_GEN\[2\].DAC.SDODIS"  +all +trace_process
*Verdi* : Dumping the signal (simulator.DC_IO_GEN[2].DAC.SDODIS).

ucli% fsdbDumpflush 
*Verdi* : Flush all FSDB Files at 0 ps.

ucli% if {[catch {ucliCore::setFocus tool}]} {}

ucli% fsdbDumpvars 0 "simulator.DC_IO_GEN\[2\].DAC.DACTRI"  +all +trace_process
*Verdi* : Dumping the signal (simulator.DC_IO_GEN[2].DAC.DACTRI).

ucli% fsdbDumpflush 
*Verdi* : Flush all FSDB Files at 0 ps.

ucli% if {[catch {ucliCore::setFocus tool}]} {}

ucli% fsdbDumpvars 0 "simulator.DC_IO_GEN\[2\].DAC.OPGND"  +all +trace_process
*Verdi* : Dumping the signal (simulator.DC_IO_GEN[2].DAC.OPGND).

ucli% fsdbDumpflush 
*Verdi* : Flush all FSDB Files at 0 ps.

ucli% if {[catch {ucliCore::setFocus tool}]} {}

ucli% fsdbDumpvars 0 "simulator.DC_IO_GEN\[2\].DAC.VOUT"  +all +trace_process
*Verdi* : Dumping the signal (simulator.DC_IO_GEN[2].DAC.VOUT).

ucli% fsdbDumpflush 
*Verdi* : Flush all FSDB Files at 0 ps.

ucli% if {[catch {ucliCore::setFocus tool}]} {}

ucli% fsdbDumpvars 0 "simulator.DC_IO_GEN\[2\].DAC.VDIGITAL"  +all +trace_process
*Verdi* : Dumping the signal (simulator.DC_IO_GEN[2].DAC.VDIGITAL).

ucli% fsdbDumpflush 
*Verdi* : Flush all FSDB Files at 0 ps.

ucli% if {[catch {ucliCore::setFocus tool}]} {}

ucli% fsdbDumpvars 0 "simulator.DC_IO_GEN\[1\].REGS.AXIL_REGS.i_aclk"  +all +trace_process

ucli% fsdbDumpflush 
*Verdi* : Flush all FSDB Files at 0 ps.

ucli% fsdbDumpvars 0 "simulator.DC_IO_GEN\[1\].REGS.AXIL_REGS.i_aresetn"  +all +trace_process

ucli% fsdbDumpflush 
*Verdi* : Flush all FSDB Files at 0 ps.

ucli% fsdbDumpvars 0 "simulator.DC_IO_GEN\[1\].REGS.AXIL_REGS.r_regs\[0:31\]\[31:0\]"  +all +trace_process

ucli% fsdbDumpflush 
*Verdi* : Flush all FSDB Files at 0 ps.

ucli% fsdbDumpvars 0 "simulator.DC_IO_GEN\[1\].REGS.AXIL_REGS.o_regs\[0:31\]\[31:0\]"  +all +trace_process

ucli% fsdbDumpflush 
*Verdi* : Flush all FSDB Files at 0 ps.

ucli% if {[catch {ucliCore::setFocus tool}]} {}

ucli% fsdbDumpvars 0 "simulator.DC_IO_GEN\[1\].REGS.AXIL_REGS.o_awready"  +all +trace_process

ucli% fsdbDumpflush 
*Verdi* : Flush all FSDB Files at 0 ps.

ucli% fsdbDumpvars 0 "simulator.DC_IO_GEN\[1\].REGS.AXIL_REGS.i_awvalid"  +all +trace_process

ucli% fsdbDumpflush 
*Verdi* : Flush all FSDB Files at 0 ps.

ucli% fsdbDumpvars 0 "simulator.DC_IO_GEN\[1\].REGS.AXIL_REGS.i_awaddr\[6:0\]"  +all +trace_process

ucli% fsdbDumpflush 
*Verdi* : Flush all FSDB Files at 0 ps.

ucli% fsdbDumpvars 0 "simulator.DC_IO_GEN\[1\].REGS.AXIL_REGS.w_awireg\[4:0\]"  +all +trace_process

ucli% fsdbDumpflush 
*Verdi* : Flush all FSDB Files at 0 ps.

ucli% fsdbDumpvars 0 "simulator.DC_IO_GEN\[1\].REGS.AXIL_REGS.w_awls2b\[1:0\]"  +all +trace_process

ucli% fsdbDumpflush 
*Verdi* : Flush all FSDB Files at 0 ps.

ucli% if {[catch {ucliCore::setFocus tool}]} {}

ucli% fsdbDumpvars 0 "simulator.DC_IO_GEN\[1\].REGS.AXIL_REGS.o_wready"  +all +trace_process

ucli% fsdbDumpflush 
*Verdi* : Flush all FSDB Files at 0 ps.

ucli% fsdbDumpvars 0 "simulator.DC_IO_GEN\[1\].REGS.AXIL_REGS.i_wvalid"  +all +trace_process

ucli% fsdbDumpflush 
*Verdi* : Flush all FSDB Files at 0 ps.

ucli% fsdbDumpvars 0 "simulator.DC_IO_GEN\[1\].REGS.AXIL_REGS.i_wdata\[31:0\]"  +all +trace_process

ucli% fsdbDumpflush 
*Verdi* : Flush all FSDB Files at 0 ps.

ucli% fsdbDumpvars 0 "simulator.DC_IO_GEN\[1\].REGS.AXIL_REGS.i_wstrb\[3:0\]"  +all +trace_process

ucli% fsdbDumpflush 
*Verdi* : Flush all FSDB Files at 0 ps.

ucli% fsdbDumpvars 0 "simulator.DC_IO_GEN\[1\].REGS.AXIL_REGS.w_wdatastrb\[31:0\]"  +all +trace_process

ucli% fsdbDumpflush 
*Verdi* : Flush all FSDB Files at 0 ps.

ucli% if {[catch {ucliCore::setFocus tool}]} {}

ucli% fsdbDumpvars 0 "simulator.DC_IO_GEN\[1\].REGS.AXIL_REGS.i_bready"  +all +trace_process

ucli% fsdbDumpflush 
*Verdi* : Flush all FSDB Files at 0 ps.

ucli% fsdbDumpvars 0 "simulator.DC_IO_GEN\[1\].REGS.AXIL_REGS.o_bvalid"  +all +trace_process

ucli% fsdbDumpflush 
*Verdi* : Flush all FSDB Files at 0 ps.

ucli% fsdbDumpvars 0 "simulator.DC_IO_GEN\[1\].REGS.AXIL_REGS.o_bresp\[1:0\]"  +all +trace_process

ucli% fsdbDumpflush 
*Verdi* : Flush all FSDB Files at 0 ps.

ucli% if {[catch {ucliCore::setFocus tool}]} {}

ucli% fsdbDumpvars 0 "simulator.DC_IO_GEN\[1\].REGS.AXIL_REGS.o_arready"  +all +trace_process

ucli% fsdbDumpflush 
*Verdi* : Flush all FSDB Files at 0 ps.

ucli% fsdbDumpvars 0 "simulator.DC_IO_GEN\[1\].REGS.AXIL_REGS.i_arvalid"  +all +trace_process

ucli% fsdbDumpflush 
*Verdi* : Flush all FSDB Files at 0 ps.

ucli% fsdbDumpvars 0 "simulator.DC_IO_GEN\[1\].REGS.AXIL_REGS.i_araddr\[6:0\]"  +all +trace_process

ucli% fsdbDumpflush 
*Verdi* : Flush all FSDB Files at 0 ps.

ucli% fsdbDumpvars 0 "simulator.DC_IO_GEN\[1\].REGS.AXIL_REGS.w_arireg\[4:0\]"  +all +trace_process

ucli% fsdbDumpflush 
*Verdi* : Flush all FSDB Files at 0 ps.

ucli% fsdbDumpvars 0 "simulator.DC_IO_GEN\[1\].REGS.AXIL_REGS.w_arls2b\[1:0\]"  +all +trace_process

ucli% fsdbDumpflush 
*Verdi* : Flush all FSDB Files at 0 ps.

ucli% if {[catch {ucliCore::setFocus tool}]} {}

ucli% fsdbDumpvars 0 "simulator.DC_IO_GEN\[1\].REGS.AXIL_REGS.i_rready"  +all +trace_process

ucli% fsdbDumpflush 
*Verdi* : Flush all FSDB Files at 0 ps.

ucli% fsdbDumpvars 0 "simulator.DC_IO_GEN\[1\].REGS.AXIL_REGS.o_rvalid"  +all +trace_process

ucli% fsdbDumpflush 
*Verdi* : Flush all FSDB Files at 0 ps.

ucli% fsdbDumpvars 0 "simulator.DC_IO_GEN\[1\].REGS.AXIL_REGS.o_rdata\[31:0\]"  +all +trace_process

ucli% fsdbDumpflush 
*Verdi* : Flush all FSDB Files at 0 ps.

ucli% fsdbDumpvars 0 "simulator.DC_IO_GEN\[1\].REGS.AXIL_REGS.o_rresp\[1:0\]"  +all +trace_process

ucli% fsdbDumpflush 
*Verdi* : Flush all FSDB Files at 0 ps.

ucli% if {[catch {ucliCore::setFocus tool}]} {}

ucli% fsdbDumpvars 0 "simulator.DCRFLI.DC_GEN\[1\].DC.SEQ.i_clk"  +all +trace_process

ucli% fsdbDumpflush 
*Verdi* : Flush all FSDB Files at 0 ps.

ucli% fsdbDumpvars 0 "simulator.DCRFLI.DC_GEN\[1\].DC.SEQ.i_rst"  +all +trace_process

ucli% fsdbDumpflush 
*Verdi* : Flush all FSDB Files at 0 ps.

ucli% fsdbDumpvars 0 "simulator.DCRFLI.DC_GEN\[1\].DC.SEQ.w_propagate"  +all +trace_process

ucli% fsdbDumpflush 
*Verdi* : Flush all FSDB Files at 0 ps.

ucli% if {[catch {ucliCore::setFocus tool}]} {}

ucli% fsdbDumpvars 0 "simulator.DCRFLI.DC_GEN\[1\].DC.SEQ.i_regs\[0:31\]\[31:0\]"  +all +trace_process

ucli% fsdbDumpflush 
*Verdi* : Flush all FSDB Files at 0 ps.

ucli% fsdbDumpvars 0 "simulator.DCRFLI.DC_GEN\[1\].DC.SEQ.w_last0"  +all +trace_process

ucli% fsdbDumpflush 
*Verdi* : Flush all FSDB Files at 0 ps.

ucli% fsdbDumpvars 0 "simulator.DCRFLI.DC_GEN\[1\].DC.SEQ.w_last0_ff1"  +all +trace_process

ucli% fsdbDumpflush 
*Verdi* : Flush all FSDB Files at 0 ps.

ucli% fsdbDumpvars 0 "simulator.DCRFLI.DC_GEN\[1\].DC.SEQ.w_last0_ff2"  +all +trace_process

ucli% fsdbDumpflush 
*Verdi* : Flush all FSDB Files at 0 ps.

ucli% fsdbDumpvars 0 "simulator.DCRFLI.DC_GEN\[1\].DC.SEQ.w_new_sequence"  +all +trace_process

ucli% fsdbDumpflush 
*Verdi* : Flush all FSDB Files at 0 ps.

ucli% if {[catch {ucliCore::setFocus tool}]} {}

ucli% fsdbDumpvars 0 "simulator.DCRFLI.DC_GEN\[1\].DC.SEQ.r_sequence\[0:9\]\[91:0\]"  +all +trace_process

ucli% fsdbDumpflush 
*Verdi* : Flush all FSDB Files at 0 ps.

ucli% fsdbDumpvars 0 "simulator.DCRFLI.DC_GEN\[1\].DC.SEQ.r_iters\[10:0\]"  +all +trace_process

ucli% fsdbDumpflush 
*Verdi* : Flush all FSDB Files at 0 ps.

ucli% fsdbDumpvars 0 "simulator.DCRFLI.DC_GEN\[1\].DC.SEQ.r_iptr\[3:0\]"  +all +trace_process

ucli% fsdbDumpflush 
*Verdi* : Flush all FSDB Files at 0 ps.

ucli% fsdbDumpvars 0 "simulator.DCRFLI.DC_GEN\[1\].DC.SEQ.w_insn_fetch\[91:0\]"  +all +trace_process

ucli% fsdbDumpflush 
*Verdi* : Flush all FSDB Files at 0 ps.

ucli% fsdbDumpvars 0 "simulator.DCRFLI.DC_GEN\[1\].DC.SEQ.w_insn_bubble"  +all +trace_process

ucli% fsdbDumpflush 
*Verdi* : Flush all FSDB Files at 0 ps.

ucli% fsdbDumpvars 0 "simulator.DCRFLI.DC_GEN\[1\].DC.SEQ.w_iptr_plus1\[3:0\]"  +all +trace_process

ucli% fsdbDumpflush 
*Verdi* : Flush all FSDB Files at 0 ps.

ucli% fsdbDumpvars 0 "simulator.DCRFLI.DC_GEN\[1\].DC.SEQ.w_next_null"  +all +trace_process

ucli% fsdbDumpflush 
*Verdi* : Flush all FSDB Files at 0 ps.

ucli% if {[catch {ucliCore::setFocus tool}]} {}

ucli% fsdbDumpvars 0 "simulator.DCRFLI.DC_GEN\[1\].DC.SEQ.o_empty"  +all +trace_process

ucli% fsdbDumpflush 
*Verdi* : Flush all FSDB Files at 0 ps.

ucli% fsdbDumpvars 0 "simulator.DCRFLI.DC_GEN\[1\].DC.SEQ.i_next"  +all +trace_process

ucli% fsdbDumpflush 
*Verdi* : Flush all FSDB Files at 0 ps.

ucli% fsdbDumpvars 0 "simulator.DCRFLI.DC_GEN\[1\].DC.SEQ.o_addr\[3:0\]"  +all +trace_process

ucli% fsdbDumpflush 
*Verdi* : Flush all FSDB Files at 0 ps.

ucli% fsdbDumpvars 0 "simulator.DCRFLI.DC_GEN\[1\].DC.SEQ.o_insn\[91:0\]"  +all +trace_process

ucli% fsdbDumpflush 
*Verdi* : Flush all FSDB Files at 0 ps.

ucli% fsdbDumpvars 0 "simulator.DCRFLI.DC_GEN\[1\].DC.SEQ.r_iptr_modify\[3:0\]"  +all +trace_process

ucli% fsdbDumpflush 
*Verdi* : Flush all FSDB Files at 0 ps.

ucli% fsdbDumpvars 0 "simulator.DCRFLI.DC_GEN\[1\].DC.SEQ.i_insn_modified\[91:0\]"  +all +trace_process

ucli% fsdbDumpflush 
*Verdi* : Flush all FSDB Files at 0 ps.

ucli% if {[catch {ucliCore::setFocus tool}]} {}

ucli% fsdbDumpvars 0 "simulator.DCRFLI.DC_GEN\[1\].DC.CORE.i_clk"  +all +trace_process

ucli% fsdbDumpflush 
*Verdi* : Flush all FSDB Files at 0 ps.

ucli% fsdbDumpvars 0 "simulator.DCRFLI.DC_GEN\[1\].DC.CORE.i_rst"  +all +trace_process

ucli% fsdbDumpflush 
*Verdi* : Flush all FSDB Files at 0 ps.

ucli% fsdbDumpvars 0 "simulator.DCRFLI.DC_GEN\[1\].DC.CORE.w_stall"  +all +trace_process

ucli% fsdbDumpflush 
*Verdi* : Flush all FSDB Files at 0 ps.

ucli% if {[catch {ucliCore::setFocus tool}]} {}

ucli% fsdbDumpvars 0 "simulator.DCRFLI.DC_GEN\[1\].DC.CORE.d"  +all +trace_process

ucli% fsdbDumpflush 
*Verdi* : Flush all FSDB Files at 0 ps.

ucli% fsdbDumpvars 0 "simulator.DCRFLI.DC_GEN\[1\].DC.CORE.i_empty"  +all +trace_process

ucli% fsdbDumpflush 
*Verdi* : Flush all FSDB Files at 0 ps.

ucli% fsdbDumpvars 0 "simulator.DCRFLI.DC_GEN\[1\].DC.CORE.o_next"  +all +trace_process

ucli% fsdbDumpflush 
*Verdi* : Flush all FSDB Files at 0 ps.

ucli% fsdbDumpvars 0 "simulator.DCRFLI.DC_GEN\[1\].DC.CORE.i_addr\[3:0\]"  +all +trace_process

ucli% fsdbDumpflush 
*Verdi* : Flush all FSDB Files at 0 ps.

ucli% fsdbDumpvars 0 "simulator.DCRFLI.DC_GEN\[1\].DC.CORE.i_insn\[91:0\]"  +all +trace_process

ucli% fsdbDumpflush 
*Verdi* : Flush all FSDB Files at 0 ps.

ucli% fsdbDumpvars 0 "simulator.DCRFLI.DC_GEN\[1\].DC.CORE.o_insn_modified"  +all +trace_process

ucli% fsdbDumpflush 
*Verdi* : Flush all FSDB Files at 0 ps.

ucli% if {[catch {ucliCore::setFocus tool}]} {}

ucli% fsdbDumpvars 0 "simulator.DCRFLI.DC_GEN\[1\].DC.CORE.i"  +all +trace_process

ucli% fsdbDumpflush 
*Verdi* : Flush all FSDB Files at 0 ps.

ucli% if {[catch {ucliCore::setFocus tool}]} {}

ucli% fsdbDumpvars 0 "simulator.DCRFLI.DC_GEN\[1\].DC.CORE.s"  +all +trace_process

ucli% fsdbDumpflush 
*Verdi* : Flush all FSDB Files at 0 ps.

ucli% fsdbDumpvars 0 "simulator.DCRFLI.DC_GEN\[1\].DC.CORE.w_dvsr\[15:0\]"  +all +trace_process

ucli% fsdbDumpflush 
*Verdi* : Flush all FSDB Files at 0 ps.

ucli% fsdbDumpvars 0 "simulator.DCRFLI.DC_GEN\[1\].DC.CORE.w_spi_dout\[23:0\]"  +all +trace_process

ucli% fsdbDumpflush 
*Verdi* : Flush all FSDB Files at 0 ps.

ucli% fsdbDumpvars 0 "simulator.DCRFLI.DC_GEN\[1\].DC.CORE.w_spi_done"  +all +trace_process

ucli% fsdbDumpflush 
*Verdi* : Flush all FSDB Files at 0 ps.

ucli% fsdbDumpvars 0 "simulator.DCRFLI.DC_GEN\[1\].DC.CORE.o_armed"  +all +trace_process

ucli% fsdbDumpflush 
*Verdi* : Flush all FSDB Files at 0 ps.

ucli% fsdbDumpvars 0 "simulator.DCRFLI.DC_GEN\[1\].DC.CORE.i_start"  +all +trace_process

ucli% fsdbDumpflush 
*Verdi* : Flush all FSDB Files at 0 ps.

ucli% if {[catch {ucliCore::setFocus tool}]} {}

ucli% fsdbDumpvars 0 "simulator.DCRFLI.DC_GEN\[1\].DC.CORE.o_sclk"  +all +trace_process

ucli% fsdbDumpflush 
*Verdi* : Flush all FSDB Files at 0 ps.

ucli% fsdbDumpvars 0 "simulator.DCRFLI.DC_GEN\[1\].DC.CORE.o_mosi"  +all +trace_process

ucli% fsdbDumpflush 
*Verdi* : Flush all FSDB Files at 0 ps.

ucli% fsdbDumpvars 0 "simulator.DCRFLI.DC_GEN\[1\].DC.CORE.i_miso"  +all +trace_process

ucli% fsdbDumpflush 
*Verdi* : Flush all FSDB Files at 0 ps.

ucli% fsdbDumpvars 0 "simulator.DCRFLI.DC_GEN\[1\].DC.CORE.o_cs_n"  +all +trace_process

ucli% fsdbDumpflush 
*Verdi* : Flush all FSDB Files at 0 ps.

ucli% fsdbDumpvars 0 "simulator.DCRFLI.DC_GEN\[1\].DC.CORE.o_ldac_n"  +all +trace_process

ucli% fsdbDumpflush 
*Verdi* : Flush all FSDB Files at 0 ps.

ucli% if {[catch {ucliCore::setFocus tool}]} {}

ucli% fsdbDumpvars 0 "simulator.DCRFLI.DC_GEN\[1\].DC.CORE.h"  +all +trace_process

ucli% fsdbDumpflush 
*Verdi* : Flush all FSDB Files at 0 ps.

ucli% fsdbDumpvars 0 "simulator.DCRFLI.DC_GEN\[1\].DC.CORE.o_next"  +all +trace_process

ucli% fsdbDumpflush 
*Verdi* : Flush all FSDB Files at 0 ps.

ucli% fsdbDumpvars 0 "simulator.DCRFLI.DC_GEN\[1\].DC.CORE.o_addr\[3:0\]"  +all +trace_process

ucli% fsdbDumpflush 
*Verdi* : Flush all FSDB Files at 0 ps.

ucli% fsdbDumpvars 0 "simulator.DCRFLI.DC_GEN\[1\].DC.CORE.o_iter\[9:0\]"  +all +trace_process

ucli% fsdbDumpflush 
*Verdi* : Flush all FSDB Files at 0 ps.

ucli% fsdbDumpvars 0 "simulator.DCRFLI.DC_GEN\[1\].DC.CORE.o_spi_din\[23:0\]"  +all +trace_process

ucli% fsdbDumpflush 
*Verdi* : Flush all FSDB Files at 0 ps.

ucli% fsdbDumpvars 0 "simulator.DCRFLI.DC_GEN\[1\].DC.CORE.o_spi_rd"  +all +trace_process

ucli% fsdbDumpflush 
*Verdi* : Flush all FSDB Files at 0 ps.

ucli% fsdbDumpvars 0 "simulator.DCRFLI.DC_GEN\[1\].DC.CORE.o_spi_dout\[23:0\]"  +all +trace_process

ucli% fsdbDumpflush 
*Verdi* : Flush all FSDB Files at 0 ps.

ucli% fsdbDumpvars 0 "simulator.DCRFLI.DC_GEN\[1\].DC.CORE.o_cycles_left\[29:0\]"  +all +trace_process

ucli% fsdbDumpflush 
*Verdi* : Flush all FSDB Files at 0 ps.

ucli% if {[catch {ucliCore::setFocus tool}]} {}

ucli% fsdbDumpvars 0 "simulator.DC_IO_GEN\[1\].DAC.valid_transaction"  +all +trace_process
*Verdi* : Dumping the signal (simulator.DC_IO_GEN[1].DAC.valid_transaction).

ucli% fsdbDumpflush 
*Verdi* : Flush all FSDB Files at 0 ps.

ucli% if {[catch {ucliCore::setFocus tool}]} {}

ucli% fsdbDumpvars 0 "simulator.DC_IO_GEN\[1\].DAC.input_shift_reg"  +all +trace_process
*Verdi* : Dumping the signal (simulator.DC_IO_GEN[1].DAC.input_shift_reg).

ucli% fsdbDumpflush 
*Verdi* : Flush all FSDB Files at 0 ps.

ucli% if {[catch {ucliCore::setFocus tool}]} {}

ucli% fsdbDumpvars 0 "simulator.DC_IO_GEN\[1\].DAC.rw"  +all +trace_process
*Verdi* : Dumping the signal (simulator.DC_IO_GEN[1].DAC.rw).

ucli% fsdbDumpflush 
*Verdi* : Flush all FSDB Files at 0 ps.

ucli% if {[catch {ucliCore::setFocus tool}]} {}

ucli% fsdbDumpvars 0 "simulator.DC_IO_GEN\[1\].DAC.addr"  +all +trace_process
*Verdi* : Dumping the signal (simulator.DC_IO_GEN[1].DAC.addr).

ucli% fsdbDumpflush 
*Verdi* : Flush all FSDB Files at 0 ps.

ucli% if {[catch {ucliCore::setFocus tool}]} {}

ucli% fsdbDumpvars 0 "simulator.DC_IO_GEN\[1\].DAC.data"  +all +trace_process
*Verdi* : Dumping the signal (simulator.DC_IO_GEN[1].DAC.data).

ucli% fsdbDumpflush 
*Verdi* : Flush all FSDB Files at 0 ps.

ucli% if {[catch {ucliCore::setFocus tool}]} {}

ucli% fsdbDumpvars 0 "simulator.DC_IO_GEN\[1\].DAC.rd_data"  +all +trace_process
*Verdi* : Dumping the signal (simulator.DC_IO_GEN[1].DAC.rd_data).

ucli% fsdbDumpflush 
*Verdi* : Flush all FSDB Files at 0 ps.

ucli% if {[catch {ucliCore::setFocus tool}]} {}

ucli% fsdbDumpvars 0 "simulator.DC_IO_GEN\[1\].DAC.SCLK"  +all +trace_process
*Verdi* : Dumping the signal (simulator.DC_IO_GEN[1].DAC.SCLK).

ucli% fsdbDumpflush 
*Verdi* : Flush all FSDB Files at 0 ps.

ucli% if {[catch {ucliCore::setFocus tool}]} {}

ucli% fsdbDumpvars 0 "simulator.DC_IO_GEN\[1\].DAC.SDIN"  +all +trace_process
*Verdi* : Dumping the signal (simulator.DC_IO_GEN[1].DAC.SDIN).

ucli% fsdbDumpflush 
*Verdi* : Flush all FSDB Files at 0 ps.

ucli% if {[catch {ucliCore::setFocus tool}]} {}

ucli% fsdbDumpvars 0 "simulator.DC_IO_GEN\[1\].DAC.SYNC_N"  +all +trace_process
*Verdi* : Dumping the signal (simulator.DC_IO_GEN[1].DAC.SYNC_N).

ucli% fsdbDumpflush 
*Verdi* : Flush all FSDB Files at 0 ps.

ucli% if {[catch {ucliCore::setFocus tool}]} {}

ucli% fsdbDumpvars 0 "simulator.DC_IO_GEN\[1\].DAC.SDO"  +all +trace_process
*Verdi* : Dumping the signal (simulator.DC_IO_GEN[1].DAC.SDO).

ucli% fsdbDumpflush 
*Verdi* : Flush all FSDB Files at 0 ps.

ucli% if {[catch {ucliCore::setFocus tool}]} {}

ucli% fsdbDumpvars 0 "simulator.DC_IO_GEN\[1\].DAC.LDAC_N"  +all +trace_process
*Verdi* : Dumping the signal (simulator.DC_IO_GEN[1].DAC.LDAC_N).

ucli% fsdbDumpflush 
*Verdi* : Flush all FSDB Files at 0 ps.

ucli% if {[catch {ucliCore::setFocus tool}]} {}

ucli% fsdbDumpvars 0 "simulator.DC_IO_GEN\[1\].DAC.CLR_N"  +all +trace_process
*Verdi* : Dumping the signal (simulator.DC_IO_GEN[1].DAC.CLR_N).

ucli% fsdbDumpflush 
*Verdi* : Flush all FSDB Files at 0 ps.

ucli% if {[catch {ucliCore::setFocus tool}]} {}

ucli% fsdbDumpvars 0 "simulator.DC_IO_GEN\[1\].DAC.RESET_N"  +all +trace_process
*Verdi* : Dumping the signal (simulator.DC_IO_GEN[1].DAC.RESET_N).

ucli% fsdbDumpflush 
*Verdi* : Flush all FSDB Files at 0 ps.

ucli% if {[catch {ucliCore::setFocus tool}]} {}

ucli% fsdbDumpvars 0 "simulator.DC_IO_GEN\[1\].DAC.dac_reg"  +all +trace_process
*Verdi* : Dumping the signal (simulator.DC_IO_GEN[1].DAC.dac_reg).

ucli% fsdbDumpflush 
*Verdi* : Flush all FSDB Files at 0 ps.

ucli% if {[catch {ucliCore::setFocus tool}]} {}

ucli% fsdbDumpvars 0 "simulator.DC_IO_GEN\[1\].DAC.ctrl_reg"  +all +trace_process
*Verdi* : Dumping the signal (simulator.DC_IO_GEN[1].DAC.ctrl_reg).

ucli% fsdbDumpflush 
*Verdi* : Flush all FSDB Files at 0 ps.

ucli% if {[catch {ucliCore::setFocus tool}]} {}

ucli% fsdbDumpvars 0 "simulator.DC_IO_GEN\[1\].DAC.clrcode_reg"  +all +trace_process
*Verdi* : Dumping the signal (simulator.DC_IO_GEN[1].DAC.clrcode_reg).

ucli% fsdbDumpflush 
*Verdi* : Flush all FSDB Files at 0 ps.

ucli% if {[catch {ucliCore::setFocus tool}]} {}

ucli% fsdbDumpvars 0 "simulator.DC_IO_GEN\[1\].DAC.sw_ctrl_reg"  +all +trace_process
*Verdi* : Dumping the signal (simulator.DC_IO_GEN[1].DAC.sw_ctrl_reg).

ucli% fsdbDumpflush 
*Verdi* : Flush all FSDB Files at 0 ps.

ucli% if {[catch {ucliCore::setFocus tool}]} {}

ucli% fsdbDumpvars 0 "simulator.DC_IO_GEN\[1\].DAC.dac_input_reg"  +all +trace_process
*Verdi* : Dumping the signal (simulator.DC_IO_GEN[1].DAC.dac_input_reg).

ucli% fsdbDumpflush 
*Verdi* : Flush all FSDB Files at 0 ps.

ucli% if {[catch {ucliCore::setFocus tool}]} {}

ucli% fsdbDumpvars 0 "simulator.DC_IO_GEN\[1\].DAC.SDODIS"  +all +trace_process
*Verdi* : Dumping the signal (simulator.DC_IO_GEN[1].DAC.SDODIS).

ucli% fsdbDumpflush 
*Verdi* : Flush all FSDB Files at 0 ps.

ucli% if {[catch {ucliCore::setFocus tool}]} {}

ucli% fsdbDumpvars 0 "simulator.DC_IO_GEN\[1\].DAC.DACTRI"  +all +trace_process
*Verdi* : Dumping the signal (simulator.DC_IO_GEN[1].DAC.DACTRI).

ucli% fsdbDumpflush 
*Verdi* : Flush all FSDB Files at 0 ps.

ucli% if {[catch {ucliCore::setFocus tool}]} {}

ucli% fsdbDumpvars 0 "simulator.DC_IO_GEN\[1\].DAC.OPGND"  +all +trace_process
*Verdi* : Dumping the signal (simulator.DC_IO_GEN[1].DAC.OPGND).

ucli% fsdbDumpflush 
*Verdi* : Flush all FSDB Files at 0 ps.

ucli% if {[catch {ucliCore::setFocus tool}]} {}

ucli% fsdbDumpvars 0 "simulator.DC_IO_GEN\[1\].DAC.VOUT"  +all +trace_process
*Verdi* : Dumping the signal (simulator.DC_IO_GEN[1].DAC.VOUT).

ucli% fsdbDumpflush 
*Verdi* : Flush all FSDB Files at 0 ps.

ucli% if {[catch {ucliCore::setFocus tool}]} {}

ucli% fsdbDumpvars 0 "simulator.DC_IO_GEN\[1\].DAC.VDIGITAL"  +all +trace_process
*Verdi* : Dumping the signal (simulator.DC_IO_GEN[1].DAC.VDIGITAL).

ucli% fsdbDumpflush 
*Verdi* : Flush all FSDB Files at 0 ps.

ucli% if {[catch {ucliCore::setFocus tool}]} {}

ucli% fsdbDumpvars 0 "simulator.DC_IO_GEN\[0\].REGS.AXIL_REGS.i_aclk"  +all +trace_process

ucli% fsdbDumpflush 
*Verdi* : Flush all FSDB Files at 0 ps.

ucli% fsdbDumpvars 0 "simulator.DC_IO_GEN\[0\].REGS.AXIL_REGS.i_aresetn"  +all +trace_process

ucli% fsdbDumpflush 
*Verdi* : Flush all FSDB Files at 0 ps.

ucli% fsdbDumpvars 0 "simulator.DC_IO_GEN\[0\].REGS.AXIL_REGS.r_regs\[0:31\]\[31:0\]"  +all +trace_process

ucli% fsdbDumpflush 
*Verdi* : Flush all FSDB Files at 0 ps.

ucli% fsdbDumpvars 0 "simulator.DC_IO_GEN\[0\].REGS.AXIL_REGS.o_regs\[0:31\]\[31:0\]"  +all +trace_process

ucli% fsdbDumpflush 
*Verdi* : Flush all FSDB Files at 0 ps.

ucli% if {[catch {ucliCore::setFocus tool}]} {}

ucli% fsdbDumpvars 0 "simulator.DC_IO_GEN\[0\].REGS.AXIL_REGS.o_awready"  +all +trace_process

ucli% fsdbDumpflush 
*Verdi* : Flush all FSDB Files at 0 ps.

ucli% fsdbDumpvars 0 "simulator.DC_IO_GEN\[0\].REGS.AXIL_REGS.i_awvalid"  +all +trace_process

ucli% fsdbDumpflush 
*Verdi* : Flush all FSDB Files at 0 ps.

ucli% fsdbDumpvars 0 "simulator.DC_IO_GEN\[0\].REGS.AXIL_REGS.i_awaddr\[6:0\]"  +all +trace_process

ucli% fsdbDumpflush 
*Verdi* : Flush all FSDB Files at 0 ps.

ucli% fsdbDumpvars 0 "simulator.DC_IO_GEN\[0\].REGS.AXIL_REGS.w_awireg\[4:0\]"  +all +trace_process

ucli% fsdbDumpflush 
*Verdi* : Flush all FSDB Files at 0 ps.

ucli% fsdbDumpvars 0 "simulator.DC_IO_GEN\[0\].REGS.AXIL_REGS.w_awls2b\[1:0\]"  +all +trace_process

ucli% fsdbDumpflush 
*Verdi* : Flush all FSDB Files at 0 ps.

ucli% if {[catch {ucliCore::setFocus tool}]} {}

ucli% fsdbDumpvars 0 "simulator.DC_IO_GEN\[0\].REGS.AXIL_REGS.o_wready"  +all +trace_process

ucli% fsdbDumpflush 
*Verdi* : Flush all FSDB Files at 0 ps.

ucli% fsdbDumpvars 0 "simulator.DC_IO_GEN\[0\].REGS.AXIL_REGS.i_wvalid"  +all +trace_process

ucli% fsdbDumpflush 
*Verdi* : Flush all FSDB Files at 0 ps.

ucli% fsdbDumpvars 0 "simulator.DC_IO_GEN\[0\].REGS.AXIL_REGS.i_wdata\[31:0\]"  +all +trace_process

ucli% fsdbDumpflush 
*Verdi* : Flush all FSDB Files at 0 ps.

ucli% fsdbDumpvars 0 "simulator.DC_IO_GEN\[0\].REGS.AXIL_REGS.i_wstrb\[3:0\]"  +all +trace_process

ucli% fsdbDumpflush 
*Verdi* : Flush all FSDB Files at 0 ps.

ucli% fsdbDumpvars 0 "simulator.DC_IO_GEN\[0\].REGS.AXIL_REGS.w_wdatastrb\[31:0\]"  +all +trace_process

ucli% fsdbDumpflush 
*Verdi* : Flush all FSDB Files at 0 ps.

ucli% if {[catch {ucliCore::setFocus tool}]} {}

ucli% fsdbDumpvars 0 "simulator.DC_IO_GEN\[0\].REGS.AXIL_REGS.i_bready"  +all +trace_process

ucli% fsdbDumpflush 
*Verdi* : Flush all FSDB Files at 0 ps.

ucli% fsdbDumpvars 0 "simulator.DC_IO_GEN\[0\].REGS.AXIL_REGS.o_bvalid"  +all +trace_process

ucli% fsdbDumpflush 
*Verdi* : Flush all FSDB Files at 0 ps.

ucli% fsdbDumpvars 0 "simulator.DC_IO_GEN\[0\].REGS.AXIL_REGS.o_bresp\[1:0\]"  +all +trace_process

ucli% fsdbDumpflush 
*Verdi* : Flush all FSDB Files at 0 ps.

ucli% if {[catch {ucliCore::setFocus tool}]} {}

ucli% fsdbDumpvars 0 "simulator.DC_IO_GEN\[0\].REGS.AXIL_REGS.o_arready"  +all +trace_process

ucli% fsdbDumpflush 
*Verdi* : Flush all FSDB Files at 0 ps.

ucli% fsdbDumpvars 0 "simulator.DC_IO_GEN\[0\].REGS.AXIL_REGS.i_arvalid"  +all +trace_process

ucli% fsdbDumpflush 
*Verdi* : Flush all FSDB Files at 0 ps.

ucli% fsdbDumpvars 0 "simulator.DC_IO_GEN\[0\].REGS.AXIL_REGS.i_araddr\[6:0\]"  +all +trace_process

ucli% fsdbDumpflush 
*Verdi* : Flush all FSDB Files at 0 ps.

ucli% fsdbDumpvars 0 "simulator.DC_IO_GEN\[0\].REGS.AXIL_REGS.w_arireg\[4:0\]"  +all +trace_process

ucli% fsdbDumpflush 
*Verdi* : Flush all FSDB Files at 0 ps.

ucli% fsdbDumpvars 0 "simulator.DC_IO_GEN\[0\].REGS.AXIL_REGS.w_arls2b\[1:0\]"  +all +trace_process

ucli% fsdbDumpflush 
*Verdi* : Flush all FSDB Files at 0 ps.

ucli% if {[catch {ucliCore::setFocus tool}]} {}

ucli% fsdbDumpvars 0 "simulator.DC_IO_GEN\[0\].REGS.AXIL_REGS.i_rready"  +all +trace_process

ucli% fsdbDumpflush 
*Verdi* : Flush all FSDB Files at 0 ps.

ucli% fsdbDumpvars 0 "simulator.DC_IO_GEN\[0\].REGS.AXIL_REGS.o_rvalid"  +all +trace_process

ucli% fsdbDumpflush 
*Verdi* : Flush all FSDB Files at 0 ps.

ucli% fsdbDumpvars 0 "simulator.DC_IO_GEN\[0\].REGS.AXIL_REGS.o_rdata\[31:0\]"  +all +trace_process

ucli% fsdbDumpflush 
*Verdi* : Flush all FSDB Files at 0 ps.

ucli% fsdbDumpvars 0 "simulator.DC_IO_GEN\[0\].REGS.AXIL_REGS.o_rresp\[1:0\]"  +all +trace_process

ucli% fsdbDumpflush 
*Verdi* : Flush all FSDB Files at 0 ps.

ucli% if {[catch {ucliCore::setFocus tool}]} {}

ucli% fsdbDumpvars 0 "simulator.DCRFLI.DC_GEN\[0\].DC.SEQ.i_clk"  +all +trace_process

ucli% fsdbDumpflush 
*Verdi* : Flush all FSDB Files at 0 ps.

ucli% fsdbDumpvars 0 "simulator.DCRFLI.DC_GEN\[0\].DC.SEQ.i_rst"  +all +trace_process

ucli% fsdbDumpflush 
*Verdi* : Flush all FSDB Files at 0 ps.

ucli% fsdbDumpvars 0 "simulator.DCRFLI.DC_GEN\[0\].DC.SEQ.w_propagate"  +all +trace_process

ucli% fsdbDumpflush 
*Verdi* : Flush all FSDB Files at 0 ps.

ucli% if {[catch {ucliCore::setFocus tool}]} {}

ucli% fsdbDumpvars 0 "simulator.DCRFLI.DC_GEN\[0\].DC.SEQ.i_regs\[0:31\]\[31:0\]"  +all +trace_process

ucli% fsdbDumpflush 
*Verdi* : Flush all FSDB Files at 0 ps.

ucli% fsdbDumpvars 0 "simulator.DCRFLI.DC_GEN\[0\].DC.SEQ.w_last0"  +all +trace_process

ucli% fsdbDumpflush 
*Verdi* : Flush all FSDB Files at 0 ps.

ucli% fsdbDumpvars 0 "simulator.DCRFLI.DC_GEN\[0\].DC.SEQ.w_last0_ff1"  +all +trace_process

ucli% fsdbDumpflush 
*Verdi* : Flush all FSDB Files at 0 ps.

ucli% fsdbDumpvars 0 "simulator.DCRFLI.DC_GEN\[0\].DC.SEQ.w_last0_ff2"  +all +trace_process

ucli% fsdbDumpflush 
*Verdi* : Flush all FSDB Files at 0 ps.

ucli% fsdbDumpvars 0 "simulator.DCRFLI.DC_GEN\[0\].DC.SEQ.w_new_sequence"  +all +trace_process

ucli% fsdbDumpflush 
*Verdi* : Flush all FSDB Files at 0 ps.

ucli% if {[catch {ucliCore::setFocus tool}]} {}

ucli% fsdbDumpvars 0 "simulator.DCRFLI.DC_GEN\[0\].DC.SEQ.r_sequence\[0:9\]\[91:0\]"  +all +trace_process

ucli% fsdbDumpflush 
*Verdi* : Flush all FSDB Files at 0 ps.

ucli% fsdbDumpvars 0 "simulator.DCRFLI.DC_GEN\[0\].DC.SEQ.r_iters\[10:0\]"  +all +trace_process

ucli% fsdbDumpflush 
*Verdi* : Flush all FSDB Files at 0 ps.

ucli% fsdbDumpvars 0 "simulator.DCRFLI.DC_GEN\[0\].DC.SEQ.r_iptr\[3:0\]"  +all +trace_process

ucli% fsdbDumpflush 
*Verdi* : Flush all FSDB Files at 0 ps.

ucli% fsdbDumpvars 0 "simulator.DCRFLI.DC_GEN\[0\].DC.SEQ.w_insn_fetch\[91:0\]"  +all +trace_process

ucli% fsdbDumpflush 
*Verdi* : Flush all FSDB Files at 0 ps.

ucli% fsdbDumpvars 0 "simulator.DCRFLI.DC_GEN\[0\].DC.SEQ.w_insn_bubble"  +all +trace_process

ucli% fsdbDumpflush 
*Verdi* : Flush all FSDB Files at 0 ps.

ucli% fsdbDumpvars 0 "simulator.DCRFLI.DC_GEN\[0\].DC.SEQ.w_iptr_plus1\[3:0\]"  +all +trace_process

ucli% fsdbDumpflush 
*Verdi* : Flush all FSDB Files at 0 ps.

ucli% fsdbDumpvars 0 "simulator.DCRFLI.DC_GEN\[0\].DC.SEQ.w_next_null"  +all +trace_process

ucli% fsdbDumpflush 
*Verdi* : Flush all FSDB Files at 0 ps.

ucli% if {[catch {ucliCore::setFocus tool}]} {}

ucli% fsdbDumpvars 0 "simulator.DCRFLI.DC_GEN\[0\].DC.SEQ.o_empty"  +all +trace_process

ucli% fsdbDumpflush 
*Verdi* : Flush all FSDB Files at 0 ps.

ucli% fsdbDumpvars 0 "simulator.DCRFLI.DC_GEN\[0\].DC.SEQ.i_next"  +all +trace_process

ucli% fsdbDumpflush 
*Verdi* : Flush all FSDB Files at 0 ps.

ucli% fsdbDumpvars 0 "simulator.DCRFLI.DC_GEN\[0\].DC.SEQ.o_addr\[3:0\]"  +all +trace_process

ucli% fsdbDumpflush 
*Verdi* : Flush all FSDB Files at 0 ps.

ucli% fsdbDumpvars 0 "simulator.DCRFLI.DC_GEN\[0\].DC.SEQ.o_insn\[91:0\]"  +all +trace_process

ucli% fsdbDumpflush 
*Verdi* : Flush all FSDB Files at 0 ps.

ucli% fsdbDumpvars 0 "simulator.DCRFLI.DC_GEN\[0\].DC.SEQ.r_iptr_modify\[3:0\]"  +all +trace_process

ucli% fsdbDumpflush 
*Verdi* : Flush all FSDB Files at 0 ps.

ucli% fsdbDumpvars 0 "simulator.DCRFLI.DC_GEN\[0\].DC.SEQ.i_insn_modified\[91:0\]"  +all +trace_process

ucli% fsdbDumpflush 
*Verdi* : Flush all FSDB Files at 0 ps.

ucli% if {[catch {ucliCore::setFocus tool}]} {}

ucli% fsdbDumpvars 0 "simulator.DCRFLI.DC_GEN\[0\].DC.CORE.i_clk"  +all +trace_process

ucli% fsdbDumpflush 
*Verdi* : Flush all FSDB Files at 0 ps.

ucli% fsdbDumpvars 0 "simulator.DCRFLI.DC_GEN\[0\].DC.CORE.i_rst"  +all +trace_process

ucli% fsdbDumpflush 
*Verdi* : Flush all FSDB Files at 0 ps.

ucli% fsdbDumpvars 0 "simulator.DCRFLI.DC_GEN\[0\].DC.CORE.w_stall"  +all +trace_process

ucli% fsdbDumpflush 
*Verdi* : Flush all FSDB Files at 0 ps.

ucli% if {[catch {ucliCore::setFocus tool}]} {}

ucli% fsdbDumpvars 0 "simulator.DCRFLI.DC_GEN\[0\].DC.CORE.d"  +all +trace_process

ucli% fsdbDumpflush 
*Verdi* : Flush all FSDB Files at 0 ps.

ucli% fsdbDumpvars 0 "simulator.DCRFLI.DC_GEN\[0\].DC.CORE.i_empty"  +all +trace_process

ucli% fsdbDumpflush 
*Verdi* : Flush all FSDB Files at 0 ps.

ucli% fsdbDumpvars 0 "simulator.DCRFLI.DC_GEN\[0\].DC.CORE.o_next"  +all +trace_process

ucli% fsdbDumpflush 
*Verdi* : Flush all FSDB Files at 0 ps.

ucli% fsdbDumpvars 0 "simulator.DCRFLI.DC_GEN\[0\].DC.CORE.i_addr\[3:0\]"  +all +trace_process

ucli% fsdbDumpflush 
*Verdi* : Flush all FSDB Files at 0 ps.

ucli% fsdbDumpvars 0 "simulator.DCRFLI.DC_GEN\[0\].DC.CORE.i_insn\[91:0\]"  +all +trace_process

ucli% fsdbDumpflush 
*Verdi* : Flush all FSDB Files at 0 ps.

ucli% fsdbDumpvars 0 "simulator.DCRFLI.DC_GEN\[0\].DC.CORE.o_insn_modified"  +all +trace_process

ucli% fsdbDumpflush 
*Verdi* : Flush all FSDB Files at 0 ps.

ucli% if {[catch {ucliCore::setFocus tool}]} {}

ucli% fsdbDumpvars 0 "simulator.DCRFLI.DC_GEN\[0\].DC.CORE.i"  +all +trace_process

ucli% fsdbDumpflush 
*Verdi* : Flush all FSDB Files at 0 ps.

ucli% if {[catch {ucliCore::setFocus tool}]} {}

ucli% fsdbDumpvars 0 "simulator.DCRFLI.DC_GEN\[0\].DC.CORE.s"  +all +trace_process

ucli% fsdbDumpflush 
*Verdi* : Flush all FSDB Files at 0 ps.

ucli% fsdbDumpvars 0 "simulator.DCRFLI.DC_GEN\[0\].DC.CORE.w_dvsr\[15:0\]"  +all +trace_process

ucli% fsdbDumpflush 
*Verdi* : Flush all FSDB Files at 0 ps.

ucli% fsdbDumpvars 0 "simulator.DCRFLI.DC_GEN\[0\].DC.CORE.w_spi_dout\[23:0\]"  +all +trace_process

ucli% fsdbDumpflush 
*Verdi* : Flush all FSDB Files at 0 ps.

ucli% fsdbDumpvars 0 "simulator.DCRFLI.DC_GEN\[0\].DC.CORE.w_spi_done"  +all +trace_process

ucli% fsdbDumpflush 
*Verdi* : Flush all FSDB Files at 0 ps.

ucli% fsdbDumpvars 0 "simulator.DCRFLI.DC_GEN\[0\].DC.CORE.o_armed"  +all +trace_process

ucli% fsdbDumpflush 
*Verdi* : Flush all FSDB Files at 0 ps.

ucli% fsdbDumpvars 0 "simulator.DCRFLI.DC_GEN\[0\].DC.CORE.i_start"  +all +trace_process

ucli% fsdbDumpflush 
*Verdi* : Flush all FSDB Files at 0 ps.

ucli% if {[catch {ucliCore::setFocus tool}]} {}

ucli% fsdbDumpvars 0 "simulator.DCRFLI.DC_GEN\[0\].DC.CORE.o_sclk"  +all +trace_process

ucli% fsdbDumpflush 
*Verdi* : Flush all FSDB Files at 0 ps.

ucli% fsdbDumpvars 0 "simulator.DCRFLI.DC_GEN\[0\].DC.CORE.o_mosi"  +all +trace_process

ucli% fsdbDumpflush 
*Verdi* : Flush all FSDB Files at 0 ps.

ucli% fsdbDumpvars 0 "simulator.DCRFLI.DC_GEN\[0\].DC.CORE.i_miso"  +all +trace_process

ucli% fsdbDumpflush 
*Verdi* : Flush all FSDB Files at 0 ps.

ucli% fsdbDumpvars 0 "simulator.DCRFLI.DC_GEN\[0\].DC.CORE.o_cs_n"  +all +trace_process

ucli% fsdbDumpflush 
*Verdi* : Flush all FSDB Files at 0 ps.

ucli% fsdbDumpvars 0 "simulator.DCRFLI.DC_GEN\[0\].DC.CORE.o_ldac_n"  +all +trace_process

ucli% fsdbDumpflush 
*Verdi* : Flush all FSDB Files at 0 ps.

ucli% if {[catch {ucliCore::setFocus tool}]} {}

ucli% fsdbDumpvars 0 "simulator.DCRFLI.DC_GEN\[0\].DC.CORE.h"  +all +trace_process

ucli% fsdbDumpflush 
*Verdi* : Flush all FSDB Files at 0 ps.

ucli% fsdbDumpvars 0 "simulator.DCRFLI.DC_GEN\[0\].DC.CORE.o_next"  +all +trace_process

ucli% fsdbDumpflush 
*Verdi* : Flush all FSDB Files at 0 ps.

ucli% fsdbDumpvars 0 "simulator.DCRFLI.DC_GEN\[0\].DC.CORE.o_addr\[3:0\]"  +all +trace_process

ucli% fsdbDumpflush 
*Verdi* : Flush all FSDB Files at 0 ps.

ucli% fsdbDumpvars 0 "simulator.DCRFLI.DC_GEN\[0\].DC.CORE.o_iter\[9:0\]"  +all +trace_process

ucli% fsdbDumpflush 
*Verdi* : Flush all FSDB Files at 0 ps.

ucli% fsdbDumpvars 0 "simulator.DCRFLI.DC_GEN\[0\].DC.CORE.o_spi_din\[23:0\]"  +all +trace_process

ucli% fsdbDumpflush 
*Verdi* : Flush all FSDB Files at 0 ps.

ucli% fsdbDumpvars 0 "simulator.DCRFLI.DC_GEN\[0\].DC.CORE.o_spi_rd"  +all +trace_process

ucli% fsdbDumpflush 
*Verdi* : Flush all FSDB Files at 0 ps.

ucli% fsdbDumpvars 0 "simulator.DCRFLI.DC_GEN\[0\].DC.CORE.o_spi_dout\[23:0\]"  +all +trace_process

ucli% fsdbDumpflush 
*Verdi* : Flush all FSDB Files at 0 ps.

ucli% fsdbDumpvars 0 "simulator.DCRFLI.DC_GEN\[0\].DC.CORE.o_cycles_left\[29:0\]"  +all +trace_process

ucli% fsdbDumpflush 
*Verdi* : Flush all FSDB Files at 0 ps.

ucli% if {[catch {ucliCore::setFocus tool}]} {}

ucli% fsdbDumpvars 0 "simulator.DC_IO_GEN\[0\].DAC.valid_transaction"  +all +trace_process
*Verdi* : Dumping the signal (simulator.DC_IO_GEN[0].DAC.valid_transaction).

ucli% fsdbDumpflush 
*Verdi* : Flush all FSDB Files at 0 ps.

ucli% if {[catch {ucliCore::setFocus tool}]} {}

ucli% fsdbDumpvars 0 "simulator.DC_IO_GEN\[0\].DAC.input_shift_reg"  +all +trace_process
*Verdi* : Dumping the signal (simulator.DC_IO_GEN[0].DAC.input_shift_reg).

ucli% fsdbDumpflush 
*Verdi* : Flush all FSDB Files at 0 ps.

ucli% if {[catch {ucliCore::setFocus tool}]} {}

ucli% fsdbDumpvars 0 "simulator.DC_IO_GEN\[0\].DAC.rw"  +all +trace_process
*Verdi* : Dumping the signal (simulator.DC_IO_GEN[0].DAC.rw).

ucli% fsdbDumpflush 
*Verdi* : Flush all FSDB Files at 0 ps.

ucli% if {[catch {ucliCore::setFocus tool}]} {}

ucli% fsdbDumpvars 0 "simulator.DC_IO_GEN\[0\].DAC.addr"  +all +trace_process
*Verdi* : Dumping the signal (simulator.DC_IO_GEN[0].DAC.addr).

ucli% fsdbDumpflush 
*Verdi* : Flush all FSDB Files at 0 ps.

ucli% if {[catch {ucliCore::setFocus tool}]} {}

ucli% fsdbDumpvars 0 "simulator.DC_IO_GEN\[0\].DAC.data"  +all +trace_process
*Verdi* : Dumping the signal (simulator.DC_IO_GEN[0].DAC.data).

ucli% fsdbDumpflush 
*Verdi* : Flush all FSDB Files at 0 ps.

ucli% if {[catch {ucliCore::setFocus tool}]} {}

ucli% fsdbDumpvars 0 "simulator.DC_IO_GEN\[0\].DAC.rd_data"  +all +trace_process
*Verdi* : Dumping the signal (simulator.DC_IO_GEN[0].DAC.rd_data).

ucli% fsdbDumpflush 
*Verdi* : Flush all FSDB Files at 0 ps.

ucli% if {[catch {ucliCore::setFocus tool}]} {}

ucli% fsdbDumpvars 0 "simulator.DC_IO_GEN\[0\].DAC.SCLK"  +all +trace_process
*Verdi* : Dumping the signal (simulator.DC_IO_GEN[0].DAC.SCLK).

ucli% fsdbDumpflush 
*Verdi* : Flush all FSDB Files at 0 ps.

ucli% if {[catch {ucliCore::setFocus tool}]} {}

ucli% fsdbDumpvars 0 "simulator.DC_IO_GEN\[0\].DAC.SDIN"  +all +trace_process
*Verdi* : Dumping the signal (simulator.DC_IO_GEN[0].DAC.SDIN).

ucli% fsdbDumpflush 
*Verdi* : Flush all FSDB Files at 0 ps.

ucli% if {[catch {ucliCore::setFocus tool}]} {}

ucli% fsdbDumpvars 0 "simulator.DC_IO_GEN\[0\].DAC.SYNC_N"  +all +trace_process
*Verdi* : Dumping the signal (simulator.DC_IO_GEN[0].DAC.SYNC_N).

ucli% fsdbDumpflush 
*Verdi* : Flush all FSDB Files at 0 ps.

ucli% if {[catch {ucliCore::setFocus tool}]} {}

ucli% fsdbDumpvars 0 "simulator.DC_IO_GEN\[0\].DAC.SDO"  +all +trace_process
*Verdi* : Dumping the signal (simulator.DC_IO_GEN[0].DAC.SDO).

ucli% fsdbDumpflush 
*Verdi* : Flush all FSDB Files at 0 ps.

ucli% if {[catch {ucliCore::setFocus tool}]} {}

ucli% fsdbDumpvars 0 "simulator.DC_IO_GEN\[0\].DAC.LDAC_N"  +all +trace_process
*Verdi* : Dumping the signal (simulator.DC_IO_GEN[0].DAC.LDAC_N).

ucli% fsdbDumpflush 
*Verdi* : Flush all FSDB Files at 0 ps.

ucli% if {[catch {ucliCore::setFocus tool}]} {}

ucli% fsdbDumpvars 0 "simulator.DC_IO_GEN\[0\].DAC.CLR_N"  +all +trace_process
*Verdi* : Dumping the signal (simulator.DC_IO_GEN[0].DAC.CLR_N).

ucli% fsdbDumpflush 
*Verdi* : Flush all FSDB Files at 0 ps.

ucli% if {[catch {ucliCore::setFocus tool}]} {}

ucli% fsdbDumpvars 0 "simulator.DC_IO_GEN\[0\].DAC.RESET_N"  +all +trace_process
*Verdi* : Dumping the signal (simulator.DC_IO_GEN[0].DAC.RESET_N).

ucli% fsdbDumpflush 
*Verdi* : Flush all FSDB Files at 0 ps.

ucli% if {[catch {ucliCore::setFocus tool}]} {}

ucli% fsdbDumpvars 0 "simulator.DC_IO_GEN\[0\].DAC.dac_reg"  +all +trace_process
*Verdi* : Dumping the signal (simulator.DC_IO_GEN[0].DAC.dac_reg).

ucli% fsdbDumpflush 
*Verdi* : Flush all FSDB Files at 0 ps.

ucli% if {[catch {ucliCore::setFocus tool}]} {}

ucli% fsdbDumpvars 0 "simulator.DC_IO_GEN\[0\].DAC.ctrl_reg"  +all +trace_process
*Verdi* : Dumping the signal (simulator.DC_IO_GEN[0].DAC.ctrl_reg).

ucli% fsdbDumpflush 
*Verdi* : Flush all FSDB Files at 0 ps.

ucli% if {[catch {ucliCore::setFocus tool}]} {}

ucli% fsdbDumpvars 0 "simulator.DC_IO_GEN\[0\].DAC.clrcode_reg"  +all +trace_process
*Verdi* : Dumping the signal (simulator.DC_IO_GEN[0].DAC.clrcode_reg).

ucli% fsdbDumpflush 
*Verdi* : Flush all FSDB Files at 0 ps.

ucli% if {[catch {ucliCore::setFocus tool}]} {}

ucli% fsdbDumpvars 0 "simulator.DC_IO_GEN\[0\].DAC.sw_ctrl_reg"  +all +trace_process
*Verdi* : Dumping the signal (simulator.DC_IO_GEN[0].DAC.sw_ctrl_reg).

ucli% fsdbDumpflush 
*Verdi* : Flush all FSDB Files at 0 ps.

ucli% if {[catch {ucliCore::setFocus tool}]} {}

ucli% fsdbDumpvars 0 "simulator.DC_IO_GEN\[0\].DAC.dac_input_reg"  +all +trace_process
*Verdi* : Dumping the signal (simulator.DC_IO_GEN[0].DAC.dac_input_reg).

ucli% fsdbDumpflush 
*Verdi* : Flush all FSDB Files at 0 ps.

ucli% if {[catch {ucliCore::setFocus tool}]} {}

ucli% fsdbDumpvars 0 "simulator.DC_IO_GEN\[0\].DAC.SDODIS"  +all +trace_process
*Verdi* : Dumping the signal (simulator.DC_IO_GEN[0].DAC.SDODIS).

ucli% fsdbDumpflush 
*Verdi* : Flush all FSDB Files at 0 ps.

ucli% if {[catch {ucliCore::setFocus tool}]} {}

ucli% fsdbDumpvars 0 "simulator.DC_IO_GEN\[0\].DAC.DACTRI"  +all +trace_process
*Verdi* : Dumping the signal (simulator.DC_IO_GEN[0].DAC.DACTRI).

ucli% fsdbDumpflush 
*Verdi* : Flush all FSDB Files at 0 ps.

ucli% if {[catch {ucliCore::setFocus tool}]} {}

ucli% fsdbDumpvars 0 "simulator.DC_IO_GEN\[0\].DAC.OPGND"  +all +trace_process
*Verdi* : Dumping the signal (simulator.DC_IO_GEN[0].DAC.OPGND).

ucli% fsdbDumpflush 
*Verdi* : Flush all FSDB Files at 0 ps.

ucli% if {[catch {ucliCore::setFocus tool}]} {}

ucli% fsdbDumpvars 0 "simulator.DC_IO_GEN\[0\].DAC.VOUT"  +all +trace_process
*Verdi* : Dumping the signal (simulator.DC_IO_GEN[0].DAC.VOUT).

ucli% fsdbDumpflush 
*Verdi* : Flush all FSDB Files at 0 ps.

ucli% if {[catch {ucliCore::setFocus tool}]} {}

ucli% fsdbDumpvars 0 "simulator.DC_IO_GEN\[0\].DAC.VDIGITAL"  +all +trace_process
*Verdi* : Dumping the signal (simulator.DC_IO_GEN[0].DAC.VDIGITAL).

ucli% fsdbDumpflush 
*Verdi* : Flush all FSDB Files at 0 ps.

ucli% if {[catch {ucliCore::setFocus tool}]} {}

ucli% fsdbDumpvars 0 "simulator.RF_IO_GEN\[5\].REGS.AXIL_REGS.i_aclk"  +all +trace_process

ucli% fsdbDumpflush 
*Verdi* : Flush all FSDB Files at 0 ps.

ucli% fsdbDumpvars 0 "simulator.RF_IO_GEN\[5\].REGS.AXIL_REGS.i_aresetn"  +all +trace_process

ucli% fsdbDumpflush 
*Verdi* : Flush all FSDB Files at 0 ps.

ucli% fsdbDumpvars 0 "simulator.RF_IO_GEN\[5\].REGS.AXIL_REGS.r_regs\[0:65\]\[31:0\]"  +all +trace_process

ucli% fsdbDumpflush 
*Verdi* : Flush all FSDB Files at 0 ps.

ucli% fsdbDumpvars 0 "simulator.RF_IO_GEN\[5\].REGS.AXIL_REGS.o_regs\[0:65\]\[31:0\]"  +all +trace_process

ucli% fsdbDumpflush 
*Verdi* : Flush all FSDB Files at 0 ps.

ucli% if {[catch {ucliCore::setFocus tool}]} {}

ucli% fsdbDumpvars 0 "simulator.RF_IO_GEN\[5\].REGS.AXIL_REGS.o_awready"  +all +trace_process

ucli% fsdbDumpflush 
*Verdi* : Flush all FSDB Files at 0 ps.

ucli% fsdbDumpvars 0 "simulator.RF_IO_GEN\[5\].REGS.AXIL_REGS.i_awvalid"  +all +trace_process

ucli% fsdbDumpflush 
*Verdi* : Flush all FSDB Files at 0 ps.

ucli% fsdbDumpvars 0 "simulator.RF_IO_GEN\[5\].REGS.AXIL_REGS.i_awaddr\[8:0\]"  +all +trace_process

ucli% fsdbDumpflush 
*Verdi* : Flush all FSDB Files at 0 ps.

ucli% fsdbDumpvars 0 "simulator.RF_IO_GEN\[5\].REGS.AXIL_REGS.w_awireg\[6:0\]"  +all +trace_process

ucli% fsdbDumpflush 
*Verdi* : Flush all FSDB Files at 0 ps.

ucli% fsdbDumpvars 0 "simulator.RF_IO_GEN\[5\].REGS.AXIL_REGS.w_awls2b\[1:0\]"  +all +trace_process

ucli% fsdbDumpflush 
*Verdi* : Flush all FSDB Files at 0 ps.

ucli% if {[catch {ucliCore::setFocus tool}]} {}

ucli% fsdbDumpvars 0 "simulator.RF_IO_GEN\[5\].REGS.AXIL_REGS.o_wready"  +all +trace_process

ucli% fsdbDumpflush 
*Verdi* : Flush all FSDB Files at 0 ps.

ucli% fsdbDumpvars 0 "simulator.RF_IO_GEN\[5\].REGS.AXIL_REGS.i_wvalid"  +all +trace_process

ucli% fsdbDumpflush 
*Verdi* : Flush all FSDB Files at 0 ps.

ucli% fsdbDumpvars 0 "simulator.RF_IO_GEN\[5\].REGS.AXIL_REGS.i_wdata\[31:0\]"  +all +trace_process

ucli% fsdbDumpflush 
*Verdi* : Flush all FSDB Files at 0 ps.

ucli% fsdbDumpvars 0 "simulator.RF_IO_GEN\[5\].REGS.AXIL_REGS.i_wstrb\[3:0\]"  +all +trace_process

ucli% fsdbDumpflush 
*Verdi* : Flush all FSDB Files at 0 ps.

ucli% fsdbDumpvars 0 "simulator.RF_IO_GEN\[5\].REGS.AXIL_REGS.w_wdatastrb\[31:0\]"  +all +trace_process

ucli% fsdbDumpflush 
*Verdi* : Flush all FSDB Files at 0 ps.

ucli% if {[catch {ucliCore::setFocus tool}]} {}

ucli% fsdbDumpvars 0 "simulator.RF_IO_GEN\[5\].REGS.AXIL_REGS.i_bready"  +all +trace_process

ucli% fsdbDumpflush 
*Verdi* : Flush all FSDB Files at 0 ps.

ucli% fsdbDumpvars 0 "simulator.RF_IO_GEN\[5\].REGS.AXIL_REGS.o_bvalid"  +all +trace_process

ucli% fsdbDumpflush 
*Verdi* : Flush all FSDB Files at 0 ps.

ucli% fsdbDumpvars 0 "simulator.RF_IO_GEN\[5\].REGS.AXIL_REGS.o_bresp\[1:0\]"  +all +trace_process

ucli% fsdbDumpflush 
*Verdi* : Flush all FSDB Files at 0 ps.

ucli% if {[catch {ucliCore::setFocus tool}]} {}

ucli% fsdbDumpvars 0 "simulator.RF_IO_GEN\[5\].REGS.AXIL_REGS.o_arready"  +all +trace_process

ucli% fsdbDumpflush 
*Verdi* : Flush all FSDB Files at 0 ps.

ucli% fsdbDumpvars 0 "simulator.RF_IO_GEN\[5\].REGS.AXIL_REGS.i_arvalid"  +all +trace_process

ucli% fsdbDumpflush 
*Verdi* : Flush all FSDB Files at 0 ps.

ucli% fsdbDumpvars 0 "simulator.RF_IO_GEN\[5\].REGS.AXIL_REGS.i_araddr\[8:0\]"  +all +trace_process

ucli% fsdbDumpflush 
*Verdi* : Flush all FSDB Files at 0 ps.

ucli% fsdbDumpvars 0 "simulator.RF_IO_GEN\[5\].REGS.AXIL_REGS.w_arireg\[6:0\]"  +all +trace_process

ucli% fsdbDumpflush 
*Verdi* : Flush all FSDB Files at 0 ps.

ucli% fsdbDumpvars 0 "simulator.RF_IO_GEN\[5\].REGS.AXIL_REGS.w_arls2b\[1:0\]"  +all +trace_process

ucli% fsdbDumpflush 
*Verdi* : Flush all FSDB Files at 0 ps.

ucli% if {[catch {ucliCore::setFocus tool}]} {}

ucli% fsdbDumpvars 0 "simulator.RF_IO_GEN\[5\].REGS.AXIL_REGS.i_rready"  +all +trace_process

ucli% fsdbDumpflush 
*Verdi* : Flush all FSDB Files at 0 ps.

ucli% fsdbDumpvars 0 "simulator.RF_IO_GEN\[5\].REGS.AXIL_REGS.o_rvalid"  +all +trace_process

ucli% fsdbDumpflush 
*Verdi* : Flush all FSDB Files at 0 ps.

ucli% fsdbDumpvars 0 "simulator.RF_IO_GEN\[5\].REGS.AXIL_REGS.o_rdata\[31:0\]"  +all +trace_process

ucli% fsdbDumpflush 
*Verdi* : Flush all FSDB Files at 0 ps.

ucli% fsdbDumpvars 0 "simulator.RF_IO_GEN\[5\].REGS.AXIL_REGS.o_rresp\[1:0\]"  +all +trace_process

ucli% fsdbDumpflush 
*Verdi* : Flush all FSDB Files at 0 ps.

ucli% if {[catch {ucliCore::setFocus tool}]} {}

ucli% fsdbDumpvars 0 "simulator.DCRFLI.RF_GEN\[5\].RF.SEQ.i_clk"  +all +trace_process

ucli% fsdbDumpflush 
*Verdi* : Flush all FSDB Files at 0 ps.

ucli% fsdbDumpvars 0 "simulator.DCRFLI.RF_GEN\[5\].RF.SEQ.i_rst"  +all +trace_process

ucli% fsdbDumpflush 
*Verdi* : Flush all FSDB Files at 0 ps.

ucli% fsdbDumpvars 0 "simulator.DCRFLI.RF_GEN\[5\].RF.SEQ.w_propagate"  +all +trace_process

ucli% fsdbDumpflush 
*Verdi* : Flush all FSDB Files at 0 ps.

ucli% if {[catch {ucliCore::setFocus tool}]} {}

ucli% fsdbDumpvars 0 "simulator.DCRFLI.RF_GEN\[5\].RF.SEQ.i_regs\[0:65\]\[31:0\]"  +all +trace_process

ucli% fsdbDumpflush 
*Verdi* : Flush all FSDB Files at 0 ps.

ucli% fsdbDumpvars 0 "simulator.DCRFLI.RF_GEN\[5\].RF.SEQ.w_last0"  +all +trace_process

ucli% fsdbDumpflush 
*Verdi* : Flush all FSDB Files at 0 ps.

ucli% fsdbDumpvars 0 "simulator.DCRFLI.RF_GEN\[5\].RF.SEQ.w_last0_ff1"  +all +trace_process

ucli% fsdbDumpflush 
*Verdi* : Flush all FSDB Files at 0 ps.

ucli% fsdbDumpvars 0 "simulator.DCRFLI.RF_GEN\[5\].RF.SEQ.w_last0_ff2"  +all +trace_process

ucli% fsdbDumpflush 
*Verdi* : Flush all FSDB Files at 0 ps.

ucli% fsdbDumpvars 0 "simulator.DCRFLI.RF_GEN\[5\].RF.SEQ.w_new_sequence"  +all +trace_process

ucli% fsdbDumpflush 
*Verdi* : Flush all FSDB Files at 0 ps.

ucli% if {[catch {ucliCore::setFocus tool}]} {}

ucli% fsdbDumpvars 0 "simulator.DCRFLI.RF_GEN\[5\].RF.SEQ.r_sequence\[0:15\]\[114:0\]"  +all +trace_process

ucli% fsdbDumpflush 
*Verdi* : Flush all FSDB Files at 0 ps.

ucli% fsdbDumpvars 0 "simulator.DCRFLI.RF_GEN\[5\].RF.SEQ.r_iters\[10:0\]"  +all +trace_process

ucli% fsdbDumpflush 
*Verdi* : Flush all FSDB Files at 0 ps.

ucli% fsdbDumpvars 0 "simulator.DCRFLI.RF_GEN\[5\].RF.SEQ.r_iptr\[3:0\]"  +all +trace_process

ucli% fsdbDumpflush 
*Verdi* : Flush all FSDB Files at 0 ps.

ucli% fsdbDumpvars 0 "simulator.DCRFLI.RF_GEN\[5\].RF.SEQ.w_insn_fetch\[114:0\]"  +all +trace_process

ucli% fsdbDumpflush 
*Verdi* : Flush all FSDB Files at 0 ps.

ucli% fsdbDumpvars 0 "simulator.DCRFLI.RF_GEN\[5\].RF.SEQ.w_insn_bubble"  +all +trace_process

ucli% fsdbDumpflush 
*Verdi* : Flush all FSDB Files at 0 ps.

ucli% fsdbDumpvars 0 "simulator.DCRFLI.RF_GEN\[5\].RF.SEQ.w_iptr_plus1\[3:0\]"  +all +trace_process

ucli% fsdbDumpflush 
*Verdi* : Flush all FSDB Files at 0 ps.

ucli% fsdbDumpvars 0 "simulator.DCRFLI.RF_GEN\[5\].RF.SEQ.w_next_null"  +all +trace_process

ucli% fsdbDumpflush 
*Verdi* : Flush all FSDB Files at 0 ps.

ucli% if {[catch {ucliCore::setFocus tool}]} {}

ucli% fsdbDumpvars 0 "simulator.DCRFLI.RF_GEN\[5\].RF.SEQ.o_empty"  +all +trace_process

ucli% fsdbDumpflush 
*Verdi* : Flush all FSDB Files at 0 ps.

ucli% fsdbDumpvars 0 "simulator.DCRFLI.RF_GEN\[5\].RF.SEQ.i_next"  +all +trace_process

ucli% fsdbDumpflush 
*Verdi* : Flush all FSDB Files at 0 ps.

ucli% fsdbDumpvars 0 "simulator.DCRFLI.RF_GEN\[5\].RF.SEQ.o_addr\[3:0\]"  +all +trace_process

ucli% fsdbDumpflush 
*Verdi* : Flush all FSDB Files at 0 ps.

ucli% fsdbDumpvars 0 "simulator.DCRFLI.RF_GEN\[5\].RF.SEQ.o_insn\[114:0\]"  +all +trace_process

ucli% fsdbDumpflush 
*Verdi* : Flush all FSDB Files at 0 ps.

ucli% fsdbDumpvars 0 "simulator.DCRFLI.RF_GEN\[5\].RF.SEQ.r_iptr_modify\[3:0\]"  +all +trace_process

ucli% fsdbDumpflush 
*Verdi* : Flush all FSDB Files at 0 ps.

ucli% fsdbDumpvars 0 "simulator.DCRFLI.RF_GEN\[5\].RF.SEQ.i_insn_modified\[114:0\]"  +all +trace_process

ucli% fsdbDumpflush 
*Verdi* : Flush all FSDB Files at 0 ps.

ucli% if {[catch {ucliCore::setFocus tool}]} {}

ucli% fsdbDumpvars 0 "simulator.DCRFLI.RF_GEN\[5\].RF.CORE.CORDIC_GEN\[0\].CORDIC.c\[15\]"  +all +trace_process

ucli% fsdbDumpflush 
*Verdi* : Flush all FSDB Files at 0 ps.

ucli% fsdbDumpvars 0 "simulator.DCRFLI.RF_GEN\[5\].RF.CORE.CORDIC_GEN\[1\].CORDIC.c\[15\]"  +all +trace_process

ucli% fsdbDumpflush 
*Verdi* : Flush all FSDB Files at 0 ps.

ucli% fsdbDumpvars 0 "simulator.DCRFLI.RF_GEN\[5\].RF.CORE.CORDIC_GEN\[2\].CORDIC.c\[15\]"  +all +trace_process

ucli% fsdbDumpflush 
*Verdi* : Flush all FSDB Files at 0 ps.

ucli% fsdbDumpvars 0 "simulator.DCRFLI.RF_GEN\[5\].RF.CORE.CORDIC_GEN\[3\].CORDIC.c\[15\]"  +all +trace_process

ucli% fsdbDumpflush 
*Verdi* : Flush all FSDB Files at 0 ps.

ucli% fsdbDumpvars 0 "simulator.DCRFLI.RF_GEN\[5\].RF.CORE.CORDIC_GEN\[4\].CORDIC.c\[15\]"  +all +trace_process

ucli% fsdbDumpflush 
*Verdi* : Flush all FSDB Files at 0 ps.

ucli% fsdbDumpvars 0 "simulator.DCRFLI.RF_GEN\[5\].RF.CORE.CORDIC_GEN\[5\].CORDIC.c\[15\]"  +all +trace_process

ucli% fsdbDumpflush 
*Verdi* : Flush all FSDB Files at 0 ps.

ucli% fsdbDumpvars 0 "simulator.DCRFLI.RF_GEN\[5\].RF.CORE.CORDIC_GEN\[6\].CORDIC.c\[15\]"  +all +trace_process

ucli% fsdbDumpflush 
*Verdi* : Flush all FSDB Files at 0 ps.

ucli% fsdbDumpvars 0 "simulator.DCRFLI.RF_GEN\[5\].RF.CORE.CORDIC_GEN\[7\].CORDIC.c\[15\]"  +all +trace_process

ucli% fsdbDumpflush 
*Verdi* : Flush all FSDB Files at 0 ps.

ucli% if {[catch {ucliCore::setFocus tool}]} {}

ucli% fsdbDumpvars 0 "simulator.DCRFLI.RF_GEN\[5\].RF.CORE.CORDIC_GEN\[0\].CORDIC.c\[14\]"  +all +trace_process

ucli% fsdbDumpflush 
*Verdi* : Flush all FSDB Files at 0 ps.

ucli% fsdbDumpvars 0 "simulator.DCRFLI.RF_GEN\[5\].RF.CORE.CORDIC_GEN\[1\].CORDIC.c\[14\]"  +all +trace_process

ucli% fsdbDumpflush 
*Verdi* : Flush all FSDB Files at 0 ps.

ucli% fsdbDumpvars 0 "simulator.DCRFLI.RF_GEN\[5\].RF.CORE.CORDIC_GEN\[2\].CORDIC.c\[14\]"  +all +trace_process

ucli% fsdbDumpflush 
*Verdi* : Flush all FSDB Files at 0 ps.

ucli% fsdbDumpvars 0 "simulator.DCRFLI.RF_GEN\[5\].RF.CORE.CORDIC_GEN\[3\].CORDIC.c\[14\]"  +all +trace_process

ucli% fsdbDumpflush 
*Verdi* : Flush all FSDB Files at 0 ps.

ucli% fsdbDumpvars 0 "simulator.DCRFLI.RF_GEN\[5\].RF.CORE.CORDIC_GEN\[4\].CORDIC.c\[14\]"  +all +trace_process

ucli% fsdbDumpflush 
*Verdi* : Flush all FSDB Files at 0 ps.

ucli% fsdbDumpvars 0 "simulator.DCRFLI.RF_GEN\[5\].RF.CORE.CORDIC_GEN\[5\].CORDIC.c\[14\]"  +all +trace_process

ucli% fsdbDumpflush 
*Verdi* : Flush all FSDB Files at 0 ps.

ucli% fsdbDumpvars 0 "simulator.DCRFLI.RF_GEN\[5\].RF.CORE.CORDIC_GEN\[6\].CORDIC.c\[14\]"  +all +trace_process

ucli% fsdbDumpflush 
*Verdi* : Flush all FSDB Files at 0 ps.

ucli% fsdbDumpvars 0 "simulator.DCRFLI.RF_GEN\[5\].RF.CORE.CORDIC_GEN\[7\].CORDIC.c\[14\]"  +all +trace_process

ucli% fsdbDumpflush 
*Verdi* : Flush all FSDB Files at 0 ps.

ucli% if {[catch {ucliCore::setFocus tool}]} {}

ucli% fsdbDumpvars 0 "simulator.DCRFLI.RF_GEN\[5\].RF.CORE.CORDIC_GEN\[0\].CORDIC.c\[13\]"  +all +trace_process

ucli% fsdbDumpflush 
*Verdi* : Flush all FSDB Files at 0 ps.

ucli% fsdbDumpvars 0 "simulator.DCRFLI.RF_GEN\[5\].RF.CORE.CORDIC_GEN\[1\].CORDIC.c\[13\]"  +all +trace_process

ucli% fsdbDumpflush 
*Verdi* : Flush all FSDB Files at 0 ps.

ucli% fsdbDumpvars 0 "simulator.DCRFLI.RF_GEN\[5\].RF.CORE.CORDIC_GEN\[2\].CORDIC.c\[13\]"  +all +trace_process

ucli% fsdbDumpflush 
*Verdi* : Flush all FSDB Files at 0 ps.

ucli% fsdbDumpvars 0 "simulator.DCRFLI.RF_GEN\[5\].RF.CORE.CORDIC_GEN\[3\].CORDIC.c\[13\]"  +all +trace_process

ucli% fsdbDumpflush 
*Verdi* : Flush all FSDB Files at 0 ps.

ucli% fsdbDumpvars 0 "simulator.DCRFLI.RF_GEN\[5\].RF.CORE.CORDIC_GEN\[4\].CORDIC.c\[13\]"  +all +trace_process

ucli% fsdbDumpflush 
*Verdi* : Flush all FSDB Files at 0 ps.

ucli% fsdbDumpvars 0 "simulator.DCRFLI.RF_GEN\[5\].RF.CORE.CORDIC_GEN\[5\].CORDIC.c\[13\]"  +all +trace_process

ucli% fsdbDumpflush 
*Verdi* : Flush all FSDB Files at 0 ps.

ucli% fsdbDumpvars 0 "simulator.DCRFLI.RF_GEN\[5\].RF.CORE.CORDIC_GEN\[6\].CORDIC.c\[13\]"  +all +trace_process

ucli% fsdbDumpflush 
*Verdi* : Flush all FSDB Files at 0 ps.

ucli% fsdbDumpvars 0 "simulator.DCRFLI.RF_GEN\[5\].RF.CORE.CORDIC_GEN\[7\].CORDIC.c\[13\]"  +all +trace_process

ucli% fsdbDumpflush 
*Verdi* : Flush all FSDB Files at 0 ps.

ucli% if {[catch {ucliCore::setFocus tool}]} {}

ucli% fsdbDumpvars 0 "simulator.DCRFLI.RF_GEN\[5\].RF.CORE.CORDIC_GEN\[0\].CORDIC.c\[12\]"  +all +trace_process

ucli% fsdbDumpflush 
*Verdi* : Flush all FSDB Files at 0 ps.

ucli% fsdbDumpvars 0 "simulator.DCRFLI.RF_GEN\[5\].RF.CORE.CORDIC_GEN\[1\].CORDIC.c\[12\]"  +all +trace_process

ucli% fsdbDumpflush 
*Verdi* : Flush all FSDB Files at 0 ps.

ucli% fsdbDumpvars 0 "simulator.DCRFLI.RF_GEN\[5\].RF.CORE.CORDIC_GEN\[2\].CORDIC.c\[12\]"  +all +trace_process

ucli% fsdbDumpflush 
*Verdi* : Flush all FSDB Files at 0 ps.

ucli% fsdbDumpvars 0 "simulator.DCRFLI.RF_GEN\[5\].RF.CORE.CORDIC_GEN\[3\].CORDIC.c\[12\]"  +all +trace_process

ucli% fsdbDumpflush 
*Verdi* : Flush all FSDB Files at 0 ps.

ucli% fsdbDumpvars 0 "simulator.DCRFLI.RF_GEN\[5\].RF.CORE.CORDIC_GEN\[4\].CORDIC.c\[12\]"  +all +trace_process

ucli% fsdbDumpflush 
*Verdi* : Flush all FSDB Files at 0 ps.

ucli% fsdbDumpvars 0 "simulator.DCRFLI.RF_GEN\[5\].RF.CORE.CORDIC_GEN\[5\].CORDIC.c\[12\]"  +all +trace_process

ucli% fsdbDumpflush 
*Verdi* : Flush all FSDB Files at 0 ps.

ucli% fsdbDumpvars 0 "simulator.DCRFLI.RF_GEN\[5\].RF.CORE.CORDIC_GEN\[6\].CORDIC.c\[12\]"  +all +trace_process

ucli% fsdbDumpflush 
*Verdi* : Flush all FSDB Files at 0 ps.

ucli% fsdbDumpvars 0 "simulator.DCRFLI.RF_GEN\[5\].RF.CORE.CORDIC_GEN\[7\].CORDIC.c\[12\]"  +all +trace_process

ucli% fsdbDumpflush 
*Verdi* : Flush all FSDB Files at 0 ps.

ucli% if {[catch {ucliCore::setFocus tool}]} {}

ucli% fsdbDumpvars 0 "simulator.DCRFLI.RF_GEN\[5\].RF.CORE.CORDIC_GEN\[0\].CORDIC.c\[11\]"  +all +trace_process

ucli% fsdbDumpflush 
*Verdi* : Flush all FSDB Files at 0 ps.

ucli% fsdbDumpvars 0 "simulator.DCRFLI.RF_GEN\[5\].RF.CORE.CORDIC_GEN\[1\].CORDIC.c\[11\]"  +all +trace_process

ucli% fsdbDumpflush 
*Verdi* : Flush all FSDB Files at 0 ps.

ucli% fsdbDumpvars 0 "simulator.DCRFLI.RF_GEN\[5\].RF.CORE.CORDIC_GEN\[2\].CORDIC.c\[11\]"  +all +trace_process

ucli% fsdbDumpflush 
*Verdi* : Flush all FSDB Files at 0 ps.

ucli% fsdbDumpvars 0 "simulator.DCRFLI.RF_GEN\[5\].RF.CORE.CORDIC_GEN\[3\].CORDIC.c\[11\]"  +all +trace_process

ucli% fsdbDumpflush 
*Verdi* : Flush all FSDB Files at 0 ps.

ucli% fsdbDumpvars 0 "simulator.DCRFLI.RF_GEN\[5\].RF.CORE.CORDIC_GEN\[4\].CORDIC.c\[11\]"  +all +trace_process

ucli% fsdbDumpflush 
*Verdi* : Flush all FSDB Files at 0 ps.

ucli% fsdbDumpvars 0 "simulator.DCRFLI.RF_GEN\[5\].RF.CORE.CORDIC_GEN\[5\].CORDIC.c\[11\]"  +all +trace_process

ucli% fsdbDumpflush 
*Verdi* : Flush all FSDB Files at 0 ps.

ucli% fsdbDumpvars 0 "simulator.DCRFLI.RF_GEN\[5\].RF.CORE.CORDIC_GEN\[6\].CORDIC.c\[11\]"  +all +trace_process

ucli% fsdbDumpflush 
*Verdi* : Flush all FSDB Files at 0 ps.

ucli% fsdbDumpvars 0 "simulator.DCRFLI.RF_GEN\[5\].RF.CORE.CORDIC_GEN\[7\].CORDIC.c\[11\]"  +all +trace_process

ucli% fsdbDumpflush 
*Verdi* : Flush all FSDB Files at 0 ps.

ucli% if {[catch {ucliCore::setFocus tool}]} {}

ucli% fsdbDumpvars 0 "simulator.DCRFLI.RF_GEN\[5\].RF.CORE.CORDIC_GEN\[0\].CORDIC.c\[10\]"  +all +trace_process

ucli% fsdbDumpflush 
*Verdi* : Flush all FSDB Files at 0 ps.

ucli% fsdbDumpvars 0 "simulator.DCRFLI.RF_GEN\[5\].RF.CORE.CORDIC_GEN\[1\].CORDIC.c\[10\]"  +all +trace_process

ucli% fsdbDumpflush 
*Verdi* : Flush all FSDB Files at 0 ps.

ucli% fsdbDumpvars 0 "simulator.DCRFLI.RF_GEN\[5\].RF.CORE.CORDIC_GEN\[2\].CORDIC.c\[10\]"  +all +trace_process

ucli% fsdbDumpflush 
*Verdi* : Flush all FSDB Files at 0 ps.

ucli% fsdbDumpvars 0 "simulator.DCRFLI.RF_GEN\[5\].RF.CORE.CORDIC_GEN\[3\].CORDIC.c\[10\]"  +all +trace_process

ucli% fsdbDumpflush 
*Verdi* : Flush all FSDB Files at 0 ps.

ucli% fsdbDumpvars 0 "simulator.DCRFLI.RF_GEN\[5\].RF.CORE.CORDIC_GEN\[4\].CORDIC.c\[10\]"  +all +trace_process

ucli% fsdbDumpflush 
*Verdi* : Flush all FSDB Files at 0 ps.

ucli% fsdbDumpvars 0 "simulator.DCRFLI.RF_GEN\[5\].RF.CORE.CORDIC_GEN\[5\].CORDIC.c\[10\]"  +all +trace_process

ucli% fsdbDumpflush 
*Verdi* : Flush all FSDB Files at 0 ps.

ucli% fsdbDumpvars 0 "simulator.DCRFLI.RF_GEN\[5\].RF.CORE.CORDIC_GEN\[6\].CORDIC.c\[10\]"  +all +trace_process

ucli% fsdbDumpflush 
*Verdi* : Flush all FSDB Files at 0 ps.

ucli% fsdbDumpvars 0 "simulator.DCRFLI.RF_GEN\[5\].RF.CORE.CORDIC_GEN\[7\].CORDIC.c\[10\]"  +all +trace_process

ucli% fsdbDumpflush 
*Verdi* : Flush all FSDB Files at 0 ps.

ucli% if {[catch {ucliCore::setFocus tool}]} {}

ucli% fsdbDumpvars 0 "simulator.DCRFLI.RF_GEN\[5\].RF.CORE.CORDIC_GEN\[0\].CORDIC.c\[9\]"  +all +trace_process

ucli% fsdbDumpflush 
*Verdi* : Flush all FSDB Files at 0 ps.

ucli% fsdbDumpvars 0 "simulator.DCRFLI.RF_GEN\[5\].RF.CORE.CORDIC_GEN\[1\].CORDIC.c\[9\]"  +all +trace_process

ucli% fsdbDumpflush 
*Verdi* : Flush all FSDB Files at 0 ps.

ucli% fsdbDumpvars 0 "simulator.DCRFLI.RF_GEN\[5\].RF.CORE.CORDIC_GEN\[2\].CORDIC.c\[9\]"  +all +trace_process

ucli% fsdbDumpflush 
*Verdi* : Flush all FSDB Files at 0 ps.

ucli% fsdbDumpvars 0 "simulator.DCRFLI.RF_GEN\[5\].RF.CORE.CORDIC_GEN\[3\].CORDIC.c\[9\]"  +all +trace_process

ucli% fsdbDumpflush 
*Verdi* : Flush all FSDB Files at 0 ps.

ucli% fsdbDumpvars 0 "simulator.DCRFLI.RF_GEN\[5\].RF.CORE.CORDIC_GEN\[4\].CORDIC.c\[9\]"  +all +trace_process

ucli% fsdbDumpflush 
*Verdi* : Flush all FSDB Files at 0 ps.

ucli% fsdbDumpvars 0 "simulator.DCRFLI.RF_GEN\[5\].RF.CORE.CORDIC_GEN\[5\].CORDIC.c\[9\]"  +all +trace_process

ucli% fsdbDumpflush 
*Verdi* : Flush all FSDB Files at 0 ps.

ucli% fsdbDumpvars 0 "simulator.DCRFLI.RF_GEN\[5\].RF.CORE.CORDIC_GEN\[6\].CORDIC.c\[9\]"  +all +trace_process

ucli% fsdbDumpflush 
*Verdi* : Flush all FSDB Files at 0 ps.

ucli% fsdbDumpvars 0 "simulator.DCRFLI.RF_GEN\[5\].RF.CORE.CORDIC_GEN\[7\].CORDIC.c\[9\]"  +all +trace_process

ucli% fsdbDumpflush 
*Verdi* : Flush all FSDB Files at 0 ps.

ucli% if {[catch {ucliCore::setFocus tool}]} {}

ucli% fsdbDumpvars 0 "simulator.DCRFLI.RF_GEN\[5\].RF.CORE.CORDIC_GEN\[0\].CORDIC.c\[8\]"  +all +trace_process

ucli% fsdbDumpflush 
*Verdi* : Flush all FSDB Files at 0 ps.

ucli% fsdbDumpvars 0 "simulator.DCRFLI.RF_GEN\[5\].RF.CORE.CORDIC_GEN\[1\].CORDIC.c\[8\]"  +all +trace_process

ucli% fsdbDumpflush 
*Verdi* : Flush all FSDB Files at 0 ps.

ucli% fsdbDumpvars 0 "simulator.DCRFLI.RF_GEN\[5\].RF.CORE.CORDIC_GEN\[2\].CORDIC.c\[8\]"  +all +trace_process

ucli% fsdbDumpflush 
*Verdi* : Flush all FSDB Files at 0 ps.

ucli% fsdbDumpvars 0 "simulator.DCRFLI.RF_GEN\[5\].RF.CORE.CORDIC_GEN\[3\].CORDIC.c\[8\]"  +all +trace_process

ucli% fsdbDumpflush 
*Verdi* : Flush all FSDB Files at 0 ps.

ucli% fsdbDumpvars 0 "simulator.DCRFLI.RF_GEN\[5\].RF.CORE.CORDIC_GEN\[4\].CORDIC.c\[8\]"  +all +trace_process

ucli% fsdbDumpflush 
*Verdi* : Flush all FSDB Files at 0 ps.

ucli% fsdbDumpvars 0 "simulator.DCRFLI.RF_GEN\[5\].RF.CORE.CORDIC_GEN\[5\].CORDIC.c\[8\]"  +all +trace_process

ucli% fsdbDumpflush 
*Verdi* : Flush all FSDB Files at 0 ps.

ucli% fsdbDumpvars 0 "simulator.DCRFLI.RF_GEN\[5\].RF.CORE.CORDIC_GEN\[6\].CORDIC.c\[8\]"  +all +trace_process

ucli% fsdbDumpflush 
*Verdi* : Flush all FSDB Files at 0 ps.

ucli% fsdbDumpvars 0 "simulator.DCRFLI.RF_GEN\[5\].RF.CORE.CORDIC_GEN\[7\].CORDIC.c\[8\]"  +all +trace_process

ucli% fsdbDumpflush 
*Verdi* : Flush all FSDB Files at 0 ps.

ucli% if {[catch {ucliCore::setFocus tool}]} {}

ucli% fsdbDumpvars 0 "simulator.DCRFLI.RF_GEN\[5\].RF.CORE.CORDIC_GEN\[0\].CORDIC.c\[7\]"  +all +trace_process

ucli% fsdbDumpflush 
*Verdi* : Flush all FSDB Files at 0 ps.

ucli% fsdbDumpvars 0 "simulator.DCRFLI.RF_GEN\[5\].RF.CORE.CORDIC_GEN\[1\].CORDIC.c\[7\]"  +all +trace_process

ucli% fsdbDumpflush 
*Verdi* : Flush all FSDB Files at 0 ps.

ucli% fsdbDumpvars 0 "simulator.DCRFLI.RF_GEN\[5\].RF.CORE.CORDIC_GEN\[2\].CORDIC.c\[7\]"  +all +trace_process

ucli% fsdbDumpflush 
*Verdi* : Flush all FSDB Files at 0 ps.

ucli% fsdbDumpvars 0 "simulator.DCRFLI.RF_GEN\[5\].RF.CORE.CORDIC_GEN\[3\].CORDIC.c\[7\]"  +all +trace_process

ucli% fsdbDumpflush 
*Verdi* : Flush all FSDB Files at 0 ps.

ucli% fsdbDumpvars 0 "simulator.DCRFLI.RF_GEN\[5\].RF.CORE.CORDIC_GEN\[4\].CORDIC.c\[7\]"  +all +trace_process

ucli% fsdbDumpflush 
*Verdi* : Flush all FSDB Files at 0 ps.

ucli% fsdbDumpvars 0 "simulator.DCRFLI.RF_GEN\[5\].RF.CORE.CORDIC_GEN\[5\].CORDIC.c\[7\]"  +all +trace_process

ucli% fsdbDumpflush 
*Verdi* : Flush all FSDB Files at 0 ps.

ucli% fsdbDumpvars 0 "simulator.DCRFLI.RF_GEN\[5\].RF.CORE.CORDIC_GEN\[6\].CORDIC.c\[7\]"  +all +trace_process

ucli% fsdbDumpflush 
*Verdi* : Flush all FSDB Files at 0 ps.

ucli% fsdbDumpvars 0 "simulator.DCRFLI.RF_GEN\[5\].RF.CORE.CORDIC_GEN\[7\].CORDIC.c\[7\]"  +all +trace_process

ucli% fsdbDumpflush 
*Verdi* : Flush all FSDB Files at 0 ps.

ucli% if {[catch {ucliCore::setFocus tool}]} {}

ucli% fsdbDumpvars 0 "simulator.DCRFLI.RF_GEN\[5\].RF.CORE.CORDIC_GEN\[0\].CORDIC.c\[6\]"  +all +trace_process

ucli% fsdbDumpflush 
*Verdi* : Flush all FSDB Files at 0 ps.

ucli% fsdbDumpvars 0 "simulator.DCRFLI.RF_GEN\[5\].RF.CORE.CORDIC_GEN\[1\].CORDIC.c\[6\]"  +all +trace_process

ucli% fsdbDumpflush 
*Verdi* : Flush all FSDB Files at 0 ps.

ucli% fsdbDumpvars 0 "simulator.DCRFLI.RF_GEN\[5\].RF.CORE.CORDIC_GEN\[2\].CORDIC.c\[6\]"  +all +trace_process

ucli% fsdbDumpflush 
*Verdi* : Flush all FSDB Files at 0 ps.

ucli% fsdbDumpvars 0 "simulator.DCRFLI.RF_GEN\[5\].RF.CORE.CORDIC_GEN\[3\].CORDIC.c\[6\]"  +all +trace_process

ucli% fsdbDumpflush 
*Verdi* : Flush all FSDB Files at 0 ps.

ucli% fsdbDumpvars 0 "simulator.DCRFLI.RF_GEN\[5\].RF.CORE.CORDIC_GEN\[4\].CORDIC.c\[6\]"  +all +trace_process

ucli% fsdbDumpflush 
*Verdi* : Flush all FSDB Files at 0 ps.

ucli% fsdbDumpvars 0 "simulator.DCRFLI.RF_GEN\[5\].RF.CORE.CORDIC_GEN\[5\].CORDIC.c\[6\]"  +all +trace_process

ucli% fsdbDumpflush 
*Verdi* : Flush all FSDB Files at 0 ps.

ucli% fsdbDumpvars 0 "simulator.DCRFLI.RF_GEN\[5\].RF.CORE.CORDIC_GEN\[6\].CORDIC.c\[6\]"  +all +trace_process

ucli% fsdbDumpflush 
*Verdi* : Flush all FSDB Files at 0 ps.

ucli% fsdbDumpvars 0 "simulator.DCRFLI.RF_GEN\[5\].RF.CORE.CORDIC_GEN\[7\].CORDIC.c\[6\]"  +all +trace_process

ucli% fsdbDumpflush 
*Verdi* : Flush all FSDB Files at 0 ps.

ucli% if {[catch {ucliCore::setFocus tool}]} {}

ucli% fsdbDumpvars 0 "simulator.DCRFLI.RF_GEN\[5\].RF.CORE.CORDIC_GEN\[0\].CORDIC.c\[5\]"  +all +trace_process

ucli% fsdbDumpflush 
*Verdi* : Flush all FSDB Files at 0 ps.

ucli% fsdbDumpvars 0 "simulator.DCRFLI.RF_GEN\[5\].RF.CORE.CORDIC_GEN\[1\].CORDIC.c\[5\]"  +all +trace_process

ucli% fsdbDumpflush 
*Verdi* : Flush all FSDB Files at 0 ps.

ucli% fsdbDumpvars 0 "simulator.DCRFLI.RF_GEN\[5\].RF.CORE.CORDIC_GEN\[2\].CORDIC.c\[5\]"  +all +trace_process

ucli% fsdbDumpflush 
*Verdi* : Flush all FSDB Files at 0 ps.

ucli% fsdbDumpvars 0 "simulator.DCRFLI.RF_GEN\[5\].RF.CORE.CORDIC_GEN\[3\].CORDIC.c\[5\]"  +all +trace_process

ucli% fsdbDumpflush 
*Verdi* : Flush all FSDB Files at 0 ps.

ucli% fsdbDumpvars 0 "simulator.DCRFLI.RF_GEN\[5\].RF.CORE.CORDIC_GEN\[4\].CORDIC.c\[5\]"  +all +trace_process

ucli% fsdbDumpflush 
*Verdi* : Flush all FSDB Files at 0 ps.

ucli% fsdbDumpvars 0 "simulator.DCRFLI.RF_GEN\[5\].RF.CORE.CORDIC_GEN\[5\].CORDIC.c\[5\]"  +all +trace_process

ucli% fsdbDumpflush 
*Verdi* : Flush all FSDB Files at 0 ps.

ucli% fsdbDumpvars 0 "simulator.DCRFLI.RF_GEN\[5\].RF.CORE.CORDIC_GEN\[6\].CORDIC.c\[5\]"  +all +trace_process

ucli% fsdbDumpflush 
*Verdi* : Flush all FSDB Files at 0 ps.

ucli% fsdbDumpvars 0 "simulator.DCRFLI.RF_GEN\[5\].RF.CORE.CORDIC_GEN\[7\].CORDIC.c\[5\]"  +all +trace_process

ucli% fsdbDumpflush 
*Verdi* : Flush all FSDB Files at 0 ps.

ucli% if {[catch {ucliCore::setFocus tool}]} {}

ucli% fsdbDumpvars 0 "simulator.DCRFLI.RF_GEN\[5\].RF.CORE.CORDIC_GEN\[0\].CORDIC.c\[4\]"  +all +trace_process

ucli% fsdbDumpflush 
*Verdi* : Flush all FSDB Files at 0 ps.

ucli% fsdbDumpvars 0 "simulator.DCRFLI.RF_GEN\[5\].RF.CORE.CORDIC_GEN\[1\].CORDIC.c\[4\]"  +all +trace_process

ucli% fsdbDumpflush 
*Verdi* : Flush all FSDB Files at 0 ps.

ucli% fsdbDumpvars 0 "simulator.DCRFLI.RF_GEN\[5\].RF.CORE.CORDIC_GEN\[2\].CORDIC.c\[4\]"  +all +trace_process

ucli% fsdbDumpflush 
*Verdi* : Flush all FSDB Files at 0 ps.

ucli% fsdbDumpvars 0 "simulator.DCRFLI.RF_GEN\[5\].RF.CORE.CORDIC_GEN\[3\].CORDIC.c\[4\]"  +all +trace_process

ucli% fsdbDumpflush 
*Verdi* : Flush all FSDB Files at 0 ps.

ucli% fsdbDumpvars 0 "simulator.DCRFLI.RF_GEN\[5\].RF.CORE.CORDIC_GEN\[4\].CORDIC.c\[4\]"  +all +trace_process

ucli% fsdbDumpflush 
*Verdi* : Flush all FSDB Files at 0 ps.

ucli% fsdbDumpvars 0 "simulator.DCRFLI.RF_GEN\[5\].RF.CORE.CORDIC_GEN\[5\].CORDIC.c\[4\]"  +all +trace_process

ucli% fsdbDumpflush 
*Verdi* : Flush all FSDB Files at 0 ps.

ucli% fsdbDumpvars 0 "simulator.DCRFLI.RF_GEN\[5\].RF.CORE.CORDIC_GEN\[6\].CORDIC.c\[4\]"  +all +trace_process

ucli% fsdbDumpflush 
*Verdi* : Flush all FSDB Files at 0 ps.

ucli% fsdbDumpvars 0 "simulator.DCRFLI.RF_GEN\[5\].RF.CORE.CORDIC_GEN\[7\].CORDIC.c\[4\]"  +all +trace_process

ucli% fsdbDumpflush 
*Verdi* : Flush all FSDB Files at 0 ps.

ucli% if {[catch {ucliCore::setFocus tool}]} {}

ucli% fsdbDumpvars 0 "simulator.DCRFLI.RF_GEN\[5\].RF.CORE.CORDIC_GEN\[0\].CORDIC.c\[3\]"  +all +trace_process

ucli% fsdbDumpflush 
*Verdi* : Flush all FSDB Files at 0 ps.

ucli% fsdbDumpvars 0 "simulator.DCRFLI.RF_GEN\[5\].RF.CORE.CORDIC_GEN\[1\].CORDIC.c\[3\]"  +all +trace_process

ucli% fsdbDumpflush 
*Verdi* : Flush all FSDB Files at 0 ps.

ucli% fsdbDumpvars 0 "simulator.DCRFLI.RF_GEN\[5\].RF.CORE.CORDIC_GEN\[2\].CORDIC.c\[3\]"  +all +trace_process

ucli% fsdbDumpflush 
*Verdi* : Flush all FSDB Files at 0 ps.

ucli% fsdbDumpvars 0 "simulator.DCRFLI.RF_GEN\[5\].RF.CORE.CORDIC_GEN\[3\].CORDIC.c\[3\]"  +all +trace_process

ucli% fsdbDumpflush 
*Verdi* : Flush all FSDB Files at 0 ps.

ucli% fsdbDumpvars 0 "simulator.DCRFLI.RF_GEN\[5\].RF.CORE.CORDIC_GEN\[4\].CORDIC.c\[3\]"  +all +trace_process

ucli% fsdbDumpflush 
*Verdi* : Flush all FSDB Files at 0 ps.

ucli% fsdbDumpvars 0 "simulator.DCRFLI.RF_GEN\[5\].RF.CORE.CORDIC_GEN\[5\].CORDIC.c\[3\]"  +all +trace_process

ucli% fsdbDumpflush 
*Verdi* : Flush all FSDB Files at 0 ps.

ucli% fsdbDumpvars 0 "simulator.DCRFLI.RF_GEN\[5\].RF.CORE.CORDIC_GEN\[6\].CORDIC.c\[3\]"  +all +trace_process

ucli% fsdbDumpflush 
*Verdi* : Flush all FSDB Files at 0 ps.

ucli% fsdbDumpvars 0 "simulator.DCRFLI.RF_GEN\[5\].RF.CORE.CORDIC_GEN\[7\].CORDIC.c\[3\]"  +all +trace_process

ucli% fsdbDumpflush 
*Verdi* : Flush all FSDB Files at 0 ps.

ucli% if {[catch {ucliCore::setFocus tool}]} {}

ucli% fsdbDumpvars 0 "simulator.DCRFLI.RF_GEN\[5\].RF.CORE.CORDIC_GEN\[0\].CORDIC.c\[2\]"  +all +trace_process

ucli% fsdbDumpflush 
*Verdi* : Flush all FSDB Files at 0 ps.

ucli% fsdbDumpvars 0 "simulator.DCRFLI.RF_GEN\[5\].RF.CORE.CORDIC_GEN\[1\].CORDIC.c\[2\]"  +all +trace_process

ucli% fsdbDumpflush 
*Verdi* : Flush all FSDB Files at 0 ps.

ucli% fsdbDumpvars 0 "simulator.DCRFLI.RF_GEN\[5\].RF.CORE.CORDIC_GEN\[2\].CORDIC.c\[2\]"  +all +trace_process

ucli% fsdbDumpflush 
*Verdi* : Flush all FSDB Files at 0 ps.

ucli% fsdbDumpvars 0 "simulator.DCRFLI.RF_GEN\[5\].RF.CORE.CORDIC_GEN\[3\].CORDIC.c\[2\]"  +all +trace_process

ucli% fsdbDumpflush 
*Verdi* : Flush all FSDB Files at 0 ps.

ucli% fsdbDumpvars 0 "simulator.DCRFLI.RF_GEN\[5\].RF.CORE.CORDIC_GEN\[4\].CORDIC.c\[2\]"  +all +trace_process

ucli% fsdbDumpflush 
*Verdi* : Flush all FSDB Files at 0 ps.

ucli% fsdbDumpvars 0 "simulator.DCRFLI.RF_GEN\[5\].RF.CORE.CORDIC_GEN\[5\].CORDIC.c\[2\]"  +all +trace_process

ucli% fsdbDumpflush 
*Verdi* : Flush all FSDB Files at 0 ps.

ucli% fsdbDumpvars 0 "simulator.DCRFLI.RF_GEN\[5\].RF.CORE.CORDIC_GEN\[6\].CORDIC.c\[2\]"  +all +trace_process

ucli% fsdbDumpflush 
*Verdi* : Flush all FSDB Files at 0 ps.

ucli% fsdbDumpvars 0 "simulator.DCRFLI.RF_GEN\[5\].RF.CORE.CORDIC_GEN\[7\].CORDIC.c\[2\]"  +all +trace_process

ucli% fsdbDumpflush 
*Verdi* : Flush all FSDB Files at 0 ps.

ucli% if {[catch {ucliCore::setFocus tool}]} {}

ucli% fsdbDumpvars 0 "simulator.DCRFLI.RF_GEN\[5\].RF.CORE.CORDIC_GEN\[0\].CORDIC.c\[1\]"  +all +trace_process

ucli% fsdbDumpflush 
*Verdi* : Flush all FSDB Files at 0 ps.

ucli% fsdbDumpvars 0 "simulator.DCRFLI.RF_GEN\[5\].RF.CORE.CORDIC_GEN\[1\].CORDIC.c\[1\]"  +all +trace_process

ucli% fsdbDumpflush 
*Verdi* : Flush all FSDB Files at 0 ps.

ucli% fsdbDumpvars 0 "simulator.DCRFLI.RF_GEN\[5\].RF.CORE.CORDIC_GEN\[2\].CORDIC.c\[1\]"  +all +trace_process

ucli% fsdbDumpflush 
*Verdi* : Flush all FSDB Files at 0 ps.

ucli% fsdbDumpvars 0 "simulator.DCRFLI.RF_GEN\[5\].RF.CORE.CORDIC_GEN\[3\].CORDIC.c\[1\]"  +all +trace_process

ucli% fsdbDumpflush 
*Verdi* : Flush all FSDB Files at 0 ps.

ucli% fsdbDumpvars 0 "simulator.DCRFLI.RF_GEN\[5\].RF.CORE.CORDIC_GEN\[4\].CORDIC.c\[1\]"  +all +trace_process

ucli% fsdbDumpflush 
*Verdi* : Flush all FSDB Files at 0 ps.

ucli% fsdbDumpvars 0 "simulator.DCRFLI.RF_GEN\[5\].RF.CORE.CORDIC_GEN\[5\].CORDIC.c\[1\]"  +all +trace_process

ucli% fsdbDumpflush 
*Verdi* : Flush all FSDB Files at 0 ps.

ucli% fsdbDumpvars 0 "simulator.DCRFLI.RF_GEN\[5\].RF.CORE.CORDIC_GEN\[6\].CORDIC.c\[1\]"  +all +trace_process

ucli% fsdbDumpflush 
*Verdi* : Flush all FSDB Files at 0 ps.

ucli% fsdbDumpvars 0 "simulator.DCRFLI.RF_GEN\[5\].RF.CORE.CORDIC_GEN\[7\].CORDIC.c\[1\]"  +all +trace_process

ucli% fsdbDumpflush 
*Verdi* : Flush all FSDB Files at 0 ps.

ucli% if {[catch {ucliCore::setFocus tool}]} {}

ucli% fsdbDumpvars 0 "simulator.DCRFLI.RF_GEN\[5\].RF.CORE.CORDIC_GEN\[0\].CORDIC.c\[0\]"  +all +trace_process

ucli% fsdbDumpflush 
*Verdi* : Flush all FSDB Files at 0 ps.

ucli% fsdbDumpvars 0 "simulator.DCRFLI.RF_GEN\[5\].RF.CORE.CORDIC_GEN\[1\].CORDIC.c\[0\]"  +all +trace_process

ucli% fsdbDumpflush 
*Verdi* : Flush all FSDB Files at 0 ps.

ucli% fsdbDumpvars 0 "simulator.DCRFLI.RF_GEN\[5\].RF.CORE.CORDIC_GEN\[2\].CORDIC.c\[0\]"  +all +trace_process

ucli% fsdbDumpflush 
*Verdi* : Flush all FSDB Files at 0 ps.

ucli% fsdbDumpvars 0 "simulator.DCRFLI.RF_GEN\[5\].RF.CORE.CORDIC_GEN\[3\].CORDIC.c\[0\]"  +all +trace_process

ucli% fsdbDumpflush 
*Verdi* : Flush all FSDB Files at 0 ps.

ucli% fsdbDumpvars 0 "simulator.DCRFLI.RF_GEN\[5\].RF.CORE.CORDIC_GEN\[4\].CORDIC.c\[0\]"  +all +trace_process

ucli% fsdbDumpflush 
*Verdi* : Flush all FSDB Files at 0 ps.

ucli% fsdbDumpvars 0 "simulator.DCRFLI.RF_GEN\[5\].RF.CORE.CORDIC_GEN\[5\].CORDIC.c\[0\]"  +all +trace_process

ucli% fsdbDumpflush 
*Verdi* : Flush all FSDB Files at 0 ps.

ucli% fsdbDumpvars 0 "simulator.DCRFLI.RF_GEN\[5\].RF.CORE.CORDIC_GEN\[6\].CORDIC.c\[0\]"  +all +trace_process

ucli% fsdbDumpflush 
*Verdi* : Flush all FSDB Files at 0 ps.

ucli% fsdbDumpvars 0 "simulator.DCRFLI.RF_GEN\[5\].RF.CORE.CORDIC_GEN\[7\].CORDIC.c\[0\]"  +all +trace_process

ucli% fsdbDumpflush 
*Verdi* : Flush all FSDB Files at 0 ps.

ucli% if {[catch {ucliCore::setFocus tool}]} {}

ucli% fsdbDumpvars 0 "simulator.DCRFLI.RF_GEN\[5\].RF.CORE.i_clk"  +all +trace_process

ucli% fsdbDumpflush 
*Verdi* : Flush all FSDB Files at 0 ps.

ucli% fsdbDumpvars 0 "simulator.DCRFLI.RF_GEN\[5\].RF.CORE.i_rst"  +all +trace_process

ucli% fsdbDumpflush 
*Verdi* : Flush all FSDB Files at 0 ps.

ucli% fsdbDumpvars 0 "simulator.DCRFLI.RF_GEN\[5\].RF.CORE.w_stall"  +all +trace_process

ucli% fsdbDumpflush 
*Verdi* : Flush all FSDB Files at 0 ps.

ucli% if {[catch {ucliCore::setFocus tool}]} {}

ucli% fsdbDumpvars 0 "simulator.DCRFLI.RF_GEN\[5\].RF.CORE.d"  +all +trace_process

ucli% fsdbDumpflush 
*Verdi* : Flush all FSDB Files at 0 ps.

ucli% fsdbDumpvars 0 "simulator.DCRFLI.RF_GEN\[5\].RF.CORE.i_empty"  +all +trace_process

ucli% fsdbDumpflush 
*Verdi* : Flush all FSDB Files at 0 ps.

ucli% fsdbDumpvars 0 "simulator.DCRFLI.RF_GEN\[5\].RF.CORE.o_next"  +all +trace_process

ucli% fsdbDumpflush 
*Verdi* : Flush all FSDB Files at 0 ps.

ucli% fsdbDumpvars 0 "simulator.DCRFLI.RF_GEN\[5\].RF.CORE.i_addr\[3:0\]"  +all +trace_process

ucli% fsdbDumpflush 
*Verdi* : Flush all FSDB Files at 0 ps.

ucli% fsdbDumpvars 0 "simulator.DCRFLI.RF_GEN\[5\].RF.CORE.i_insn"  +all +trace_process

ucli% fsdbDumpflush 
*Verdi* : Flush all FSDB Files at 0 ps.

ucli% fsdbDumpvars 0 "simulator.DCRFLI.RF_GEN\[5\].RF.CORE.o_insn_modified"  +all +trace_process

ucli% fsdbDumpflush 
*Verdi* : Flush all FSDB Files at 0 ps.

ucli% if {[catch {ucliCore::setFocus tool}]} {}

ucli% fsdbDumpvars 0 "simulator.DCRFLI.RF_GEN\[5\].RF.CORE.p"  +all +trace_process

ucli% fsdbDumpflush 
*Verdi* : Flush all FSDB Files at 0 ps.

ucli% if {[catch {ucliCore::setFocus tool}]} {}

ucli% fsdbDumpvars 0 "simulator.DCRFLI.RF_GEN\[5\].RF.CORE.w_new_phase"  +all +trace_process

ucli% fsdbDumpflush 
*Verdi* : Flush all FSDB Files at 0 ps.

ucli% if {[catch {ucliCore::setFocus tool}]} {}

ucli% fsdbDumpvars 0 "simulator.DCRFLI.RF_GEN\[5\].RF.CORE.r"  +all +trace_process

ucli% fsdbDumpflush 
*Verdi* : Flush all FSDB Files at 0 ps.

ucli% if {[catch {ucliCore::setFocus tool}]} {}

ucli% fsdbDumpvars 0 "simulator.DCRFLI.RF_GEN\[5\].RF.CORE.o_armed"  +all +trace_process

ucli% fsdbDumpflush 
*Verdi* : Flush all FSDB Files at 0 ps.

ucli% if {[catch {ucliCore::setFocus tool}]} {}

ucli% fsdbDumpvars 0 "simulator.DCRFLI.RF_GEN\[5\].RF.CORE.i_start"  +all +trace_process

ucli% fsdbDumpflush 
*Verdi* : Flush all FSDB Files at 0 ps.

ucli% if {[catch {ucliCore::setFocus tool}]} {}

ucli% fsdbDumpvars 0 "simulator.DCRFLI.RF_GEN\[5\].RF.CORE.o_addr\[3:0\]"  +all +trace_process

ucli% fsdbDumpflush 
*Verdi* : Flush all FSDB Files at 0 ps.

ucli% if {[catch {ucliCore::setFocus tool}]} {}

ucli% fsdbDumpvars 0 "simulator.DCRFLI.RF_GEN\[5\].RF.CORE.o_sample_start\[19:0\]"  +all +trace_process

ucli% fsdbDumpflush 
*Verdi* : Flush all FSDB Files at 0 ps.

ucli% if {[catch {ucliCore::setFocus tool}]} {}

ucli% fsdbDumpvars 0 "simulator.DCRFLI.RF_GEN\[5\].RF.CORE.o_sample_end\[19:0\]"  +all +trace_process

ucli% fsdbDumpflush 
*Verdi* : Flush all FSDB Files at 0 ps.

ucli% if {[catch {ucliCore::setFocus tool}]} {}

ucli% fsdbDumpvars 0 "simulator.DCRFLI.RF_GEN\[5\].RF.CORE.o_QIx8\[255:0\]"  +all +trace_process

ucli% fsdbDumpflush 
*Verdi* : Flush all FSDB Files at 0 ps.

ucli% if {[catch {ucliCore::setFocus tool}]} {}

ucli% fsdbDumpvars 0 "simulator.RF_IO_GEN\[5\].DAC.i_clk"  +all +trace_process

ucli% fsdbDumpflush 
*Verdi* : Flush all FSDB Files at 0 ps.

ucli% fsdbDumpvars 0 "simulator.RF_IO_GEN\[5\].DAC.i_dac_clk"  +all +trace_process

ucli% fsdbDumpflush 
*Verdi* : Flush all FSDB Files at 0 ps.

ucli% fsdbDumpvars 0 "simulator.RF_IO_GEN\[5\].DAC.dac_cycle"  +all +trace_process

ucli% fsdbDumpflush 
*Verdi* : Flush all FSDB Files at 0 ps.

ucli% fsdbDumpvars 0 "simulator.RF_IO_GEN\[5\].DAC.i_QIx8\[255:0\]"  +all +trace_process

ucli% fsdbDumpflush 
*Verdi* : Flush all FSDB Files at 0 ps.

ucli% if {[catch {ucliCore::setFocus tool}]} {}

ucli% fsdbDumpvars 0 "simulator.RF_IO_GEN\[5\].DAC.w_Ix8\[7:0\]\[13:0\]"  +all +trace_process

ucli% fsdbDumpflush 
*Verdi* : Flush all FSDB Files at 0 ps.

ucli% fsdbDumpvars 0 "simulator.RF_IO_GEN\[5\].DAC.w_Qx8\[7:0\]\[13:0\]"  +all +trace_process

ucli% fsdbDumpflush 
*Verdi* : Flush all FSDB Files at 0 ps.

ucli% fsdbDumpvars 0 "simulator.RF_IO_GEN\[5\].DAC.o_I\[13:0\]"  +all +trace_process

ucli% fsdbDumpflush 
*Verdi* : Flush all FSDB Files at 0 ps.

ucli% fsdbDumpvars 0 "simulator.RF_IO_GEN\[5\].DAC.o_Q\[13:0\]"  +all +trace_process

ucli% fsdbDumpflush 
*Verdi* : Flush all FSDB Files at 0 ps.

ucli% fsdbDumpvars 0 "simulator.RF_IO_GEN\[5\].DAC.I"  +all +trace_process

ucli% fsdbDumpflush 
*Verdi* : Flush all FSDB Files at 0 ps.

ucli% fsdbDumpvars 0 "simulator.RF_IO_GEN\[5\].DAC.Q"  +all +trace_process

ucli% fsdbDumpflush 
*Verdi* : Flush all FSDB Files at 0 ps.

ucli% fsdbDumpvars 0 "simulator.RF_IO_GEN\[5\].DAC.deg"  +all +trace_process

ucli% fsdbDumpflush 
*Verdi* : Flush all FSDB Files at 0 ps.

ucli% fsdbDumpvars 0 "simulator.RF_IO_GEN\[5\].DAC.rad"  +all +trace_process

ucli% fsdbDumpflush 
*Verdi* : Flush all FSDB Files at 0 ps.

ucli% fsdbDumpvars 0 "simulator.RF_IO_GEN\[5\].DAC.nco_i"  +all +trace_process

ucli% fsdbDumpflush 
*Verdi* : Flush all FSDB Files at 0 ps.

ucli% fsdbDumpvars 0 "simulator.RF_IO_GEN\[5\].DAC.nco_q"  +all +trace_process

ucli% fsdbDumpflush 
*Verdi* : Flush all FSDB Files at 0 ps.

ucli% fsdbDumpvars 0 "simulator.RF_IO_GEN\[5\].DAC.o_vrf"  +all +trace_process

ucli% fsdbDumpflush 
*Verdi* : Flush all FSDB Files at 0 ps.

ucli% if {[catch {ucliCore::setFocus tool}]} {}

ucli% fsdbDumpvars 0 "simulator.RF_IO_GEN\[4\].REGS.AXIL_REGS.i_aclk"  +all +trace_process

ucli% fsdbDumpflush 
*Verdi* : Flush all FSDB Files at 0 ps.

ucli% fsdbDumpvars 0 "simulator.RF_IO_GEN\[4\].REGS.AXIL_REGS.i_aresetn"  +all +trace_process

ucli% fsdbDumpflush 
*Verdi* : Flush all FSDB Files at 0 ps.

ucli% fsdbDumpvars 0 "simulator.RF_IO_GEN\[4\].REGS.AXIL_REGS.r_regs\[0:65\]\[31:0\]"  +all +trace_process

ucli% fsdbDumpflush 
*Verdi* : Flush all FSDB Files at 0 ps.

ucli% fsdbDumpvars 0 "simulator.RF_IO_GEN\[4\].REGS.AXIL_REGS.o_regs\[0:65\]\[31:0\]"  +all +trace_process

ucli% fsdbDumpflush 
*Verdi* : Flush all FSDB Files at 0 ps.

ucli% if {[catch {ucliCore::setFocus tool}]} {}

ucli% fsdbDumpvars 0 "simulator.RF_IO_GEN\[4\].REGS.AXIL_REGS.o_awready"  +all +trace_process

ucli% fsdbDumpflush 
*Verdi* : Flush all FSDB Files at 0 ps.

ucli% fsdbDumpvars 0 "simulator.RF_IO_GEN\[4\].REGS.AXIL_REGS.i_awvalid"  +all +trace_process

ucli% fsdbDumpflush 
*Verdi* : Flush all FSDB Files at 0 ps.

ucli% fsdbDumpvars 0 "simulator.RF_IO_GEN\[4\].REGS.AXIL_REGS.i_awaddr\[8:0\]"  +all +trace_process

ucli% fsdbDumpflush 
*Verdi* : Flush all FSDB Files at 0 ps.

ucli% fsdbDumpvars 0 "simulator.RF_IO_GEN\[4\].REGS.AXIL_REGS.w_awireg\[6:0\]"  +all +trace_process

ucli% fsdbDumpflush 
*Verdi* : Flush all FSDB Files at 0 ps.

ucli% fsdbDumpvars 0 "simulator.RF_IO_GEN\[4\].REGS.AXIL_REGS.w_awls2b\[1:0\]"  +all +trace_process

ucli% fsdbDumpflush 
*Verdi* : Flush all FSDB Files at 0 ps.

ucli% if {[catch {ucliCore::setFocus tool}]} {}

ucli% fsdbDumpvars 0 "simulator.RF_IO_GEN\[4\].REGS.AXIL_REGS.o_wready"  +all +trace_process

ucli% fsdbDumpflush 
*Verdi* : Flush all FSDB Files at 0 ps.

ucli% fsdbDumpvars 0 "simulator.RF_IO_GEN\[4\].REGS.AXIL_REGS.i_wvalid"  +all +trace_process

ucli% fsdbDumpflush 
*Verdi* : Flush all FSDB Files at 0 ps.

ucli% fsdbDumpvars 0 "simulator.RF_IO_GEN\[4\].REGS.AXIL_REGS.i_wdata\[31:0\]"  +all +trace_process

ucli% fsdbDumpflush 
*Verdi* : Flush all FSDB Files at 0 ps.

ucli% fsdbDumpvars 0 "simulator.RF_IO_GEN\[4\].REGS.AXIL_REGS.i_wstrb\[3:0\]"  +all +trace_process

ucli% fsdbDumpflush 
*Verdi* : Flush all FSDB Files at 0 ps.

ucli% fsdbDumpvars 0 "simulator.RF_IO_GEN\[4\].REGS.AXIL_REGS.w_wdatastrb\[31:0\]"  +all +trace_process

ucli% fsdbDumpflush 
*Verdi* : Flush all FSDB Files at 0 ps.

ucli% if {[catch {ucliCore::setFocus tool}]} {}

ucli% fsdbDumpvars 0 "simulator.RF_IO_GEN\[4\].REGS.AXIL_REGS.i_bready"  +all +trace_process

ucli% fsdbDumpflush 
*Verdi* : Flush all FSDB Files at 0 ps.

ucli% fsdbDumpvars 0 "simulator.RF_IO_GEN\[4\].REGS.AXIL_REGS.o_bvalid"  +all +trace_process

ucli% fsdbDumpflush 
*Verdi* : Flush all FSDB Files at 0 ps.

ucli% fsdbDumpvars 0 "simulator.RF_IO_GEN\[4\].REGS.AXIL_REGS.o_bresp\[1:0\]"  +all +trace_process

ucli% fsdbDumpflush 
*Verdi* : Flush all FSDB Files at 0 ps.

ucli% if {[catch {ucliCore::setFocus tool}]} {}

ucli% fsdbDumpvars 0 "simulator.RF_IO_GEN\[4\].REGS.AXIL_REGS.o_arready"  +all +trace_process

ucli% fsdbDumpflush 
*Verdi* : Flush all FSDB Files at 0 ps.

ucli% fsdbDumpvars 0 "simulator.RF_IO_GEN\[4\].REGS.AXIL_REGS.i_arvalid"  +all +trace_process

ucli% fsdbDumpflush 
*Verdi* : Flush all FSDB Files at 0 ps.

ucli% fsdbDumpvars 0 "simulator.RF_IO_GEN\[4\].REGS.AXIL_REGS.i_araddr\[8:0\]"  +all +trace_process

ucli% fsdbDumpflush 
*Verdi* : Flush all FSDB Files at 0 ps.

ucli% fsdbDumpvars 0 "simulator.RF_IO_GEN\[4\].REGS.AXIL_REGS.w_arireg\[6:0\]"  +all +trace_process

ucli% fsdbDumpflush 
*Verdi* : Flush all FSDB Files at 0 ps.

ucli% fsdbDumpvars 0 "simulator.RF_IO_GEN\[4\].REGS.AXIL_REGS.w_arls2b\[1:0\]"  +all +trace_process

ucli% fsdbDumpflush 
*Verdi* : Flush all FSDB Files at 0 ps.

ucli% if {[catch {ucliCore::setFocus tool}]} {}

ucli% fsdbDumpvars 0 "simulator.RF_IO_GEN\[4\].REGS.AXIL_REGS.i_rready"  +all +trace_process

ucli% fsdbDumpflush 
*Verdi* : Flush all FSDB Files at 0 ps.

ucli% fsdbDumpvars 0 "simulator.RF_IO_GEN\[4\].REGS.AXIL_REGS.o_rvalid"  +all +trace_process

ucli% fsdbDumpflush 
*Verdi* : Flush all FSDB Files at 0 ps.

ucli% fsdbDumpvars 0 "simulator.RF_IO_GEN\[4\].REGS.AXIL_REGS.o_rdata\[31:0\]"  +all +trace_process

ucli% fsdbDumpflush 
*Verdi* : Flush all FSDB Files at 0 ps.

ucli% fsdbDumpvars 0 "simulator.RF_IO_GEN\[4\].REGS.AXIL_REGS.o_rresp\[1:0\]"  +all +trace_process

ucli% fsdbDumpflush 
*Verdi* : Flush all FSDB Files at 0 ps.

ucli% if {[catch {ucliCore::setFocus tool}]} {}

ucli% fsdbDumpvars 0 "simulator.DCRFLI.RF_GEN\[4\].RF.SEQ.i_clk"  +all +trace_process

ucli% fsdbDumpflush 
*Verdi* : Flush all FSDB Files at 0 ps.

ucli% fsdbDumpvars 0 "simulator.DCRFLI.RF_GEN\[4\].RF.SEQ.i_rst"  +all +trace_process

ucli% fsdbDumpflush 
*Verdi* : Flush all FSDB Files at 0 ps.

ucli% fsdbDumpvars 0 "simulator.DCRFLI.RF_GEN\[4\].RF.SEQ.w_propagate"  +all +trace_process

ucli% fsdbDumpflush 
*Verdi* : Flush all FSDB Files at 0 ps.

ucli% if {[catch {ucliCore::setFocus tool}]} {}

ucli% fsdbDumpvars 0 "simulator.DCRFLI.RF_GEN\[4\].RF.SEQ.i_regs\[0:65\]\[31:0\]"  +all +trace_process

ucli% fsdbDumpflush 
*Verdi* : Flush all FSDB Files at 0 ps.

ucli% fsdbDumpvars 0 "simulator.DCRFLI.RF_GEN\[4\].RF.SEQ.w_last0"  +all +trace_process

ucli% fsdbDumpflush 
*Verdi* : Flush all FSDB Files at 0 ps.

ucli% fsdbDumpvars 0 "simulator.DCRFLI.RF_GEN\[4\].RF.SEQ.w_last0_ff1"  +all +trace_process

ucli% fsdbDumpflush 
*Verdi* : Flush all FSDB Files at 0 ps.

ucli% fsdbDumpvars 0 "simulator.DCRFLI.RF_GEN\[4\].RF.SEQ.w_last0_ff2"  +all +trace_process

ucli% fsdbDumpflush 
*Verdi* : Flush all FSDB Files at 0 ps.

ucli% fsdbDumpvars 0 "simulator.DCRFLI.RF_GEN\[4\].RF.SEQ.w_new_sequence"  +all +trace_process

ucli% fsdbDumpflush 
*Verdi* : Flush all FSDB Files at 0 ps.

ucli% if {[catch {ucliCore::setFocus tool}]} {}

ucli% fsdbDumpvars 0 "simulator.DCRFLI.RF_GEN\[4\].RF.SEQ.r_sequence\[0:15\]\[114:0\]"  +all +trace_process

ucli% fsdbDumpflush 
*Verdi* : Flush all FSDB Files at 0 ps.

ucli% fsdbDumpvars 0 "simulator.DCRFLI.RF_GEN\[4\].RF.SEQ.r_iters\[10:0\]"  +all +trace_process

ucli% fsdbDumpflush 
*Verdi* : Flush all FSDB Files at 0 ps.

ucli% fsdbDumpvars 0 "simulator.DCRFLI.RF_GEN\[4\].RF.SEQ.r_iptr\[3:0\]"  +all +trace_process

ucli% fsdbDumpflush 
*Verdi* : Flush all FSDB Files at 0 ps.

ucli% fsdbDumpvars 0 "simulator.DCRFLI.RF_GEN\[4\].RF.SEQ.w_insn_fetch\[114:0\]"  +all +trace_process

ucli% fsdbDumpflush 
*Verdi* : Flush all FSDB Files at 0 ps.

ucli% fsdbDumpvars 0 "simulator.DCRFLI.RF_GEN\[4\].RF.SEQ.w_insn_bubble"  +all +trace_process

ucli% fsdbDumpflush 
*Verdi* : Flush all FSDB Files at 0 ps.

ucli% fsdbDumpvars 0 "simulator.DCRFLI.RF_GEN\[4\].RF.SEQ.w_iptr_plus1\[3:0\]"  +all +trace_process

ucli% fsdbDumpflush 
*Verdi* : Flush all FSDB Files at 0 ps.

ucli% fsdbDumpvars 0 "simulator.DCRFLI.RF_GEN\[4\].RF.SEQ.w_next_null"  +all +trace_process

ucli% fsdbDumpflush 
*Verdi* : Flush all FSDB Files at 0 ps.

ucli% if {[catch {ucliCore::setFocus tool}]} {}

ucli% fsdbDumpvars 0 "simulator.DCRFLI.RF_GEN\[4\].RF.SEQ.o_empty"  +all +trace_process

ucli% fsdbDumpflush 
*Verdi* : Flush all FSDB Files at 0 ps.

ucli% fsdbDumpvars 0 "simulator.DCRFLI.RF_GEN\[4\].RF.SEQ.i_next"  +all +trace_process

ucli% fsdbDumpflush 
*Verdi* : Flush all FSDB Files at 0 ps.

ucli% fsdbDumpvars 0 "simulator.DCRFLI.RF_GEN\[4\].RF.SEQ.o_addr\[3:0\]"  +all +trace_process

ucli% fsdbDumpflush 
*Verdi* : Flush all FSDB Files at 0 ps.

ucli% fsdbDumpvars 0 "simulator.DCRFLI.RF_GEN\[4\].RF.SEQ.o_insn\[114:0\]"  +all +trace_process

ucli% fsdbDumpflush 
*Verdi* : Flush all FSDB Files at 0 ps.

ucli% fsdbDumpvars 0 "simulator.DCRFLI.RF_GEN\[4\].RF.SEQ.r_iptr_modify\[3:0\]"  +all +trace_process

ucli% fsdbDumpflush 
*Verdi* : Flush all FSDB Files at 0 ps.

ucli% fsdbDumpvars 0 "simulator.DCRFLI.RF_GEN\[4\].RF.SEQ.i_insn_modified\[114:0\]"  +all +trace_process

ucli% fsdbDumpflush 
*Verdi* : Flush all FSDB Files at 0 ps.

ucli% if {[catch {ucliCore::setFocus tool}]} {}

ucli% fsdbDumpvars 0 "simulator.DCRFLI.RF_GEN\[4\].RF.CORE.CORDIC_GEN\[0\].CORDIC.c\[15\]"  +all +trace_process

ucli% fsdbDumpflush 
*Verdi* : Flush all FSDB Files at 0 ps.

ucli% fsdbDumpvars 0 "simulator.DCRFLI.RF_GEN\[4\].RF.CORE.CORDIC_GEN\[1\].CORDIC.c\[15\]"  +all +trace_process

ucli% fsdbDumpflush 
*Verdi* : Flush all FSDB Files at 0 ps.

ucli% fsdbDumpvars 0 "simulator.DCRFLI.RF_GEN\[4\].RF.CORE.CORDIC_GEN\[2\].CORDIC.c\[15\]"  +all +trace_process

ucli% fsdbDumpflush 
*Verdi* : Flush all FSDB Files at 0 ps.

ucli% fsdbDumpvars 0 "simulator.DCRFLI.RF_GEN\[4\].RF.CORE.CORDIC_GEN\[3\].CORDIC.c\[15\]"  +all +trace_process

ucli% fsdbDumpflush 
*Verdi* : Flush all FSDB Files at 0 ps.

ucli% fsdbDumpvars 0 "simulator.DCRFLI.RF_GEN\[4\].RF.CORE.CORDIC_GEN\[4\].CORDIC.c\[15\]"  +all +trace_process

ucli% fsdbDumpflush 
*Verdi* : Flush all FSDB Files at 0 ps.

ucli% fsdbDumpvars 0 "simulator.DCRFLI.RF_GEN\[4\].RF.CORE.CORDIC_GEN\[5\].CORDIC.c\[15\]"  +all +trace_process

ucli% fsdbDumpflush 
*Verdi* : Flush all FSDB Files at 0 ps.

ucli% fsdbDumpvars 0 "simulator.DCRFLI.RF_GEN\[4\].RF.CORE.CORDIC_GEN\[6\].CORDIC.c\[15\]"  +all +trace_process

ucli% fsdbDumpflush 
*Verdi* : Flush all FSDB Files at 0 ps.

ucli% fsdbDumpvars 0 "simulator.DCRFLI.RF_GEN\[4\].RF.CORE.CORDIC_GEN\[7\].CORDIC.c\[15\]"  +all +trace_process

ucli% fsdbDumpflush 
*Verdi* : Flush all FSDB Files at 0 ps.

ucli% if {[catch {ucliCore::setFocus tool}]} {}

ucli% fsdbDumpvars 0 "simulator.DCRFLI.RF_GEN\[4\].RF.CORE.CORDIC_GEN\[0\].CORDIC.c\[14\]"  +all +trace_process

ucli% fsdbDumpflush 
*Verdi* : Flush all FSDB Files at 0 ps.

ucli% fsdbDumpvars 0 "simulator.DCRFLI.RF_GEN\[4\].RF.CORE.CORDIC_GEN\[1\].CORDIC.c\[14\]"  +all +trace_process

ucli% fsdbDumpflush 
*Verdi* : Flush all FSDB Files at 0 ps.

ucli% fsdbDumpvars 0 "simulator.DCRFLI.RF_GEN\[4\].RF.CORE.CORDIC_GEN\[2\].CORDIC.c\[14\]"  +all +trace_process

ucli% fsdbDumpflush 
*Verdi* : Flush all FSDB Files at 0 ps.

ucli% fsdbDumpvars 0 "simulator.DCRFLI.RF_GEN\[4\].RF.CORE.CORDIC_GEN\[3\].CORDIC.c\[14\]"  +all +trace_process

ucli% fsdbDumpflush 
*Verdi* : Flush all FSDB Files at 0 ps.

ucli% fsdbDumpvars 0 "simulator.DCRFLI.RF_GEN\[4\].RF.CORE.CORDIC_GEN\[4\].CORDIC.c\[14\]"  +all +trace_process

ucli% fsdbDumpflush 
*Verdi* : Flush all FSDB Files at 0 ps.

ucli% fsdbDumpvars 0 "simulator.DCRFLI.RF_GEN\[4\].RF.CORE.CORDIC_GEN\[5\].CORDIC.c\[14\]"  +all +trace_process

ucli% fsdbDumpflush 
*Verdi* : Flush all FSDB Files at 0 ps.

ucli% fsdbDumpvars 0 "simulator.DCRFLI.RF_GEN\[4\].RF.CORE.CORDIC_GEN\[6\].CORDIC.c\[14\]"  +all +trace_process

ucli% fsdbDumpflush 
*Verdi* : Flush all FSDB Files at 0 ps.

ucli% fsdbDumpvars 0 "simulator.DCRFLI.RF_GEN\[4\].RF.CORE.CORDIC_GEN\[7\].CORDIC.c\[14\]"  +all +trace_process

ucli% fsdbDumpflush 
*Verdi* : Flush all FSDB Files at 0 ps.

ucli% if {[catch {ucliCore::setFocus tool}]} {}

ucli% fsdbDumpvars 0 "simulator.DCRFLI.RF_GEN\[4\].RF.CORE.CORDIC_GEN\[0\].CORDIC.c\[13\]"  +all +trace_process

ucli% fsdbDumpflush 
*Verdi* : Flush all FSDB Files at 0 ps.

ucli% fsdbDumpvars 0 "simulator.DCRFLI.RF_GEN\[4\].RF.CORE.CORDIC_GEN\[1\].CORDIC.c\[13\]"  +all +trace_process

ucli% fsdbDumpflush 
*Verdi* : Flush all FSDB Files at 0 ps.

ucli% fsdbDumpvars 0 "simulator.DCRFLI.RF_GEN\[4\].RF.CORE.CORDIC_GEN\[2\].CORDIC.c\[13\]"  +all +trace_process

ucli% fsdbDumpflush 
*Verdi* : Flush all FSDB Files at 0 ps.

ucli% fsdbDumpvars 0 "simulator.DCRFLI.RF_GEN\[4\].RF.CORE.CORDIC_GEN\[3\].CORDIC.c\[13\]"  +all +trace_process

ucli% fsdbDumpflush 
*Verdi* : Flush all FSDB Files at 0 ps.

ucli% fsdbDumpvars 0 "simulator.DCRFLI.RF_GEN\[4\].RF.CORE.CORDIC_GEN\[4\].CORDIC.c\[13\]"  +all +trace_process

ucli% fsdbDumpflush 
*Verdi* : Flush all FSDB Files at 0 ps.

ucli% fsdbDumpvars 0 "simulator.DCRFLI.RF_GEN\[4\].RF.CORE.CORDIC_GEN\[5\].CORDIC.c\[13\]"  +all +trace_process

ucli% fsdbDumpflush 
*Verdi* : Flush all FSDB Files at 0 ps.

ucli% fsdbDumpvars 0 "simulator.DCRFLI.RF_GEN\[4\].RF.CORE.CORDIC_GEN\[6\].CORDIC.c\[13\]"  +all +trace_process

ucli% fsdbDumpflush 
*Verdi* : Flush all FSDB Files at 0 ps.

ucli% fsdbDumpvars 0 "simulator.DCRFLI.RF_GEN\[4\].RF.CORE.CORDIC_GEN\[7\].CORDIC.c\[13\]"  +all +trace_process

ucli% fsdbDumpflush 
*Verdi* : Flush all FSDB Files at 0 ps.

ucli% if {[catch {ucliCore::setFocus tool}]} {}

ucli% fsdbDumpvars 0 "simulator.DCRFLI.RF_GEN\[4\].RF.CORE.CORDIC_GEN\[0\].CORDIC.c\[12\]"  +all +trace_process

ucli% fsdbDumpflush 
*Verdi* : Flush all FSDB Files at 0 ps.

ucli% fsdbDumpvars 0 "simulator.DCRFLI.RF_GEN\[4\].RF.CORE.CORDIC_GEN\[1\].CORDIC.c\[12\]"  +all +trace_process

ucli% fsdbDumpflush 
*Verdi* : Flush all FSDB Files at 0 ps.

ucli% fsdbDumpvars 0 "simulator.DCRFLI.RF_GEN\[4\].RF.CORE.CORDIC_GEN\[2\].CORDIC.c\[12\]"  +all +trace_process

ucli% fsdbDumpflush 
*Verdi* : Flush all FSDB Files at 0 ps.

ucli% fsdbDumpvars 0 "simulator.DCRFLI.RF_GEN\[4\].RF.CORE.CORDIC_GEN\[3\].CORDIC.c\[12\]"  +all +trace_process

ucli% fsdbDumpflush 
*Verdi* : Flush all FSDB Files at 0 ps.

ucli% fsdbDumpvars 0 "simulator.DCRFLI.RF_GEN\[4\].RF.CORE.CORDIC_GEN\[4\].CORDIC.c\[12\]"  +all +trace_process

ucli% fsdbDumpflush 
*Verdi* : Flush all FSDB Files at 0 ps.

ucli% fsdbDumpvars 0 "simulator.DCRFLI.RF_GEN\[4\].RF.CORE.CORDIC_GEN\[5\].CORDIC.c\[12\]"  +all +trace_process

ucli% fsdbDumpflush 
*Verdi* : Flush all FSDB Files at 0 ps.

ucli% fsdbDumpvars 0 "simulator.DCRFLI.RF_GEN\[4\].RF.CORE.CORDIC_GEN\[6\].CORDIC.c\[12\]"  +all +trace_process

ucli% fsdbDumpflush 
*Verdi* : Flush all FSDB Files at 0 ps.

ucli% fsdbDumpvars 0 "simulator.DCRFLI.RF_GEN\[4\].RF.CORE.CORDIC_GEN\[7\].CORDIC.c\[12\]"  +all +trace_process

ucli% fsdbDumpflush 
*Verdi* : Flush all FSDB Files at 0 ps.

ucli% if {[catch {ucliCore::setFocus tool}]} {}

ucli% fsdbDumpvars 0 "simulator.DCRFLI.RF_GEN\[4\].RF.CORE.CORDIC_GEN\[0\].CORDIC.c\[11\]"  +all +trace_process

ucli% fsdbDumpflush 
*Verdi* : Flush all FSDB Files at 0 ps.

ucli% fsdbDumpvars 0 "simulator.DCRFLI.RF_GEN\[4\].RF.CORE.CORDIC_GEN\[1\].CORDIC.c\[11\]"  +all +trace_process

ucli% fsdbDumpflush 
*Verdi* : Flush all FSDB Files at 0 ps.

ucli% fsdbDumpvars 0 "simulator.DCRFLI.RF_GEN\[4\].RF.CORE.CORDIC_GEN\[2\].CORDIC.c\[11\]"  +all +trace_process

ucli% fsdbDumpflush 
*Verdi* : Flush all FSDB Files at 0 ps.

ucli% fsdbDumpvars 0 "simulator.DCRFLI.RF_GEN\[4\].RF.CORE.CORDIC_GEN\[3\].CORDIC.c\[11\]"  +all +trace_process

ucli% fsdbDumpflush 
*Verdi* : Flush all FSDB Files at 0 ps.

ucli% fsdbDumpvars 0 "simulator.DCRFLI.RF_GEN\[4\].RF.CORE.CORDIC_GEN\[4\].CORDIC.c\[11\]"  +all +trace_process

ucli% fsdbDumpflush 
*Verdi* : Flush all FSDB Files at 0 ps.

ucli% fsdbDumpvars 0 "simulator.DCRFLI.RF_GEN\[4\].RF.CORE.CORDIC_GEN\[5\].CORDIC.c\[11\]"  +all +trace_process

ucli% fsdbDumpflush 
*Verdi* : Flush all FSDB Files at 0 ps.

ucli% fsdbDumpvars 0 "simulator.DCRFLI.RF_GEN\[4\].RF.CORE.CORDIC_GEN\[6\].CORDIC.c\[11\]"  +all +trace_process

ucli% fsdbDumpflush 
*Verdi* : Flush all FSDB Files at 0 ps.

ucli% fsdbDumpvars 0 "simulator.DCRFLI.RF_GEN\[4\].RF.CORE.CORDIC_GEN\[7\].CORDIC.c\[11\]"  +all +trace_process

ucli% fsdbDumpflush 
*Verdi* : Flush all FSDB Files at 0 ps.

ucli% if {[catch {ucliCore::setFocus tool}]} {}

ucli% fsdbDumpvars 0 "simulator.DCRFLI.RF_GEN\[4\].RF.CORE.CORDIC_GEN\[0\].CORDIC.c\[10\]"  +all +trace_process

ucli% fsdbDumpflush 
*Verdi* : Flush all FSDB Files at 0 ps.

ucli% fsdbDumpvars 0 "simulator.DCRFLI.RF_GEN\[4\].RF.CORE.CORDIC_GEN\[1\].CORDIC.c\[10\]"  +all +trace_process

ucli% fsdbDumpflush 
*Verdi* : Flush all FSDB Files at 0 ps.

ucli% fsdbDumpvars 0 "simulator.DCRFLI.RF_GEN\[4\].RF.CORE.CORDIC_GEN\[2\].CORDIC.c\[10\]"  +all +trace_process

ucli% fsdbDumpflush 
*Verdi* : Flush all FSDB Files at 0 ps.

ucli% fsdbDumpvars 0 "simulator.DCRFLI.RF_GEN\[4\].RF.CORE.CORDIC_GEN\[3\].CORDIC.c\[10\]"  +all +trace_process

ucli% fsdbDumpflush 
*Verdi* : Flush all FSDB Files at 0 ps.

ucli% fsdbDumpvars 0 "simulator.DCRFLI.RF_GEN\[4\].RF.CORE.CORDIC_GEN\[4\].CORDIC.c\[10\]"  +all +trace_process

ucli% fsdbDumpflush 
*Verdi* : Flush all FSDB Files at 0 ps.

ucli% fsdbDumpvars 0 "simulator.DCRFLI.RF_GEN\[4\].RF.CORE.CORDIC_GEN\[5\].CORDIC.c\[10\]"  +all +trace_process

ucli% fsdbDumpflush 
*Verdi* : Flush all FSDB Files at 0 ps.

ucli% fsdbDumpvars 0 "simulator.DCRFLI.RF_GEN\[4\].RF.CORE.CORDIC_GEN\[6\].CORDIC.c\[10\]"  +all +trace_process

ucli% fsdbDumpflush 
*Verdi* : Flush all FSDB Files at 0 ps.

ucli% fsdbDumpvars 0 "simulator.DCRFLI.RF_GEN\[4\].RF.CORE.CORDIC_GEN\[7\].CORDIC.c\[10\]"  +all +trace_process

ucli% fsdbDumpflush 
*Verdi* : Flush all FSDB Files at 0 ps.

ucli% if {[catch {ucliCore::setFocus tool}]} {}

ucli% fsdbDumpvars 0 "simulator.DCRFLI.RF_GEN\[4\].RF.CORE.CORDIC_GEN\[0\].CORDIC.c\[9\]"  +all +trace_process

ucli% fsdbDumpflush 
*Verdi* : Flush all FSDB Files at 0 ps.

ucli% fsdbDumpvars 0 "simulator.DCRFLI.RF_GEN\[4\].RF.CORE.CORDIC_GEN\[1\].CORDIC.c\[9\]"  +all +trace_process

ucli% fsdbDumpflush 
*Verdi* : Flush all FSDB Files at 0 ps.

ucli% fsdbDumpvars 0 "simulator.DCRFLI.RF_GEN\[4\].RF.CORE.CORDIC_GEN\[2\].CORDIC.c\[9\]"  +all +trace_process

ucli% fsdbDumpflush 
*Verdi* : Flush all FSDB Files at 0 ps.

ucli% fsdbDumpvars 0 "simulator.DCRFLI.RF_GEN\[4\].RF.CORE.CORDIC_GEN\[3\].CORDIC.c\[9\]"  +all +trace_process

ucli% fsdbDumpflush 
*Verdi* : Flush all FSDB Files at 0 ps.

ucli% fsdbDumpvars 0 "simulator.DCRFLI.RF_GEN\[4\].RF.CORE.CORDIC_GEN\[4\].CORDIC.c\[9\]"  +all +trace_process

ucli% fsdbDumpflush 
*Verdi* : Flush all FSDB Files at 0 ps.

ucli% fsdbDumpvars 0 "simulator.DCRFLI.RF_GEN\[4\].RF.CORE.CORDIC_GEN\[5\].CORDIC.c\[9\]"  +all +trace_process

ucli% fsdbDumpflush 
*Verdi* : Flush all FSDB Files at 0 ps.

ucli% fsdbDumpvars 0 "simulator.DCRFLI.RF_GEN\[4\].RF.CORE.CORDIC_GEN\[6\].CORDIC.c\[9\]"  +all +trace_process

ucli% fsdbDumpflush 
*Verdi* : Flush all FSDB Files at 0 ps.

ucli% fsdbDumpvars 0 "simulator.DCRFLI.RF_GEN\[4\].RF.CORE.CORDIC_GEN\[7\].CORDIC.c\[9\]"  +all +trace_process

ucli% fsdbDumpflush 
*Verdi* : Flush all FSDB Files at 0 ps.

ucli% if {[catch {ucliCore::setFocus tool}]} {}

ucli% fsdbDumpvars 0 "simulator.DCRFLI.RF_GEN\[4\].RF.CORE.CORDIC_GEN\[0\].CORDIC.c\[8\]"  +all +trace_process

ucli% fsdbDumpflush 
*Verdi* : Flush all FSDB Files at 0 ps.

ucli% fsdbDumpvars 0 "simulator.DCRFLI.RF_GEN\[4\].RF.CORE.CORDIC_GEN\[1\].CORDIC.c\[8\]"  +all +trace_process

ucli% fsdbDumpflush 
*Verdi* : Flush all FSDB Files at 0 ps.

ucli% fsdbDumpvars 0 "simulator.DCRFLI.RF_GEN\[4\].RF.CORE.CORDIC_GEN\[2\].CORDIC.c\[8\]"  +all +trace_process

ucli% fsdbDumpflush 
*Verdi* : Flush all FSDB Files at 0 ps.

ucli% fsdbDumpvars 0 "simulator.DCRFLI.RF_GEN\[4\].RF.CORE.CORDIC_GEN\[3\].CORDIC.c\[8\]"  +all +trace_process

ucli% fsdbDumpflush 
*Verdi* : Flush all FSDB Files at 0 ps.

ucli% fsdbDumpvars 0 "simulator.DCRFLI.RF_GEN\[4\].RF.CORE.CORDIC_GEN\[4\].CORDIC.c\[8\]"  +all +trace_process

ucli% fsdbDumpflush 
*Verdi* : Flush all FSDB Files at 0 ps.

ucli% fsdbDumpvars 0 "simulator.DCRFLI.RF_GEN\[4\].RF.CORE.CORDIC_GEN\[5\].CORDIC.c\[8\]"  +all +trace_process

ucli% fsdbDumpflush 
*Verdi* : Flush all FSDB Files at 0 ps.

ucli% fsdbDumpvars 0 "simulator.DCRFLI.RF_GEN\[4\].RF.CORE.CORDIC_GEN\[6\].CORDIC.c\[8\]"  +all +trace_process

ucli% fsdbDumpflush 
*Verdi* : Flush all FSDB Files at 0 ps.

ucli% fsdbDumpvars 0 "simulator.DCRFLI.RF_GEN\[4\].RF.CORE.CORDIC_GEN\[7\].CORDIC.c\[8\]"  +all +trace_process

ucli% fsdbDumpflush 
*Verdi* : Flush all FSDB Files at 0 ps.

ucli% if {[catch {ucliCore::setFocus tool}]} {}

ucli% fsdbDumpvars 0 "simulator.DCRFLI.RF_GEN\[4\].RF.CORE.CORDIC_GEN\[0\].CORDIC.c\[7\]"  +all +trace_process

ucli% fsdbDumpflush 
*Verdi* : Flush all FSDB Files at 0 ps.

ucli% fsdbDumpvars 0 "simulator.DCRFLI.RF_GEN\[4\].RF.CORE.CORDIC_GEN\[1\].CORDIC.c\[7\]"  +all +trace_process

ucli% fsdbDumpflush 
*Verdi* : Flush all FSDB Files at 0 ps.

ucli% fsdbDumpvars 0 "simulator.DCRFLI.RF_GEN\[4\].RF.CORE.CORDIC_GEN\[2\].CORDIC.c\[7\]"  +all +trace_process

ucli% fsdbDumpflush 
*Verdi* : Flush all FSDB Files at 0 ps.

ucli% fsdbDumpvars 0 "simulator.DCRFLI.RF_GEN\[4\].RF.CORE.CORDIC_GEN\[3\].CORDIC.c\[7\]"  +all +trace_process

ucli% fsdbDumpflush 
*Verdi* : Flush all FSDB Files at 0 ps.

ucli% fsdbDumpvars 0 "simulator.DCRFLI.RF_GEN\[4\].RF.CORE.CORDIC_GEN\[4\].CORDIC.c\[7\]"  +all +trace_process

ucli% fsdbDumpflush 
*Verdi* : Flush all FSDB Files at 0 ps.

ucli% fsdbDumpvars 0 "simulator.DCRFLI.RF_GEN\[4\].RF.CORE.CORDIC_GEN\[5\].CORDIC.c\[7\]"  +all +trace_process

ucli% fsdbDumpflush 
*Verdi* : Flush all FSDB Files at 0 ps.

ucli% fsdbDumpvars 0 "simulator.DCRFLI.RF_GEN\[4\].RF.CORE.CORDIC_GEN\[6\].CORDIC.c\[7\]"  +all +trace_process

ucli% fsdbDumpflush 
*Verdi* : Flush all FSDB Files at 0 ps.

ucli% fsdbDumpvars 0 "simulator.DCRFLI.RF_GEN\[4\].RF.CORE.CORDIC_GEN\[7\].CORDIC.c\[7\]"  +all +trace_process

ucli% fsdbDumpflush 
*Verdi* : Flush all FSDB Files at 0 ps.

ucli% if {[catch {ucliCore::setFocus tool}]} {}

ucli% fsdbDumpvars 0 "simulator.DCRFLI.RF_GEN\[4\].RF.CORE.CORDIC_GEN\[0\].CORDIC.c\[6\]"  +all +trace_process

ucli% fsdbDumpflush 
*Verdi* : Flush all FSDB Files at 0 ps.

ucli% fsdbDumpvars 0 "simulator.DCRFLI.RF_GEN\[4\].RF.CORE.CORDIC_GEN\[1\].CORDIC.c\[6\]"  +all +trace_process

ucli% fsdbDumpflush 
*Verdi* : Flush all FSDB Files at 0 ps.

ucli% fsdbDumpvars 0 "simulator.DCRFLI.RF_GEN\[4\].RF.CORE.CORDIC_GEN\[2\].CORDIC.c\[6\]"  +all +trace_process

ucli% fsdbDumpflush 
*Verdi* : Flush all FSDB Files at 0 ps.

ucli% fsdbDumpvars 0 "simulator.DCRFLI.RF_GEN\[4\].RF.CORE.CORDIC_GEN\[3\].CORDIC.c\[6\]"  +all +trace_process

ucli% fsdbDumpflush 
*Verdi* : Flush all FSDB Files at 0 ps.

ucli% fsdbDumpvars 0 "simulator.DCRFLI.RF_GEN\[4\].RF.CORE.CORDIC_GEN\[4\].CORDIC.c\[6\]"  +all +trace_process

ucli% fsdbDumpflush 
*Verdi* : Flush all FSDB Files at 0 ps.

ucli% fsdbDumpvars 0 "simulator.DCRFLI.RF_GEN\[4\].RF.CORE.CORDIC_GEN\[5\].CORDIC.c\[6\]"  +all +trace_process

ucli% fsdbDumpflush 
*Verdi* : Flush all FSDB Files at 0 ps.

ucli% fsdbDumpvars 0 "simulator.DCRFLI.RF_GEN\[4\].RF.CORE.CORDIC_GEN\[6\].CORDIC.c\[6\]"  +all +trace_process

ucli% fsdbDumpflush 
*Verdi* : Flush all FSDB Files at 0 ps.

ucli% fsdbDumpvars 0 "simulator.DCRFLI.RF_GEN\[4\].RF.CORE.CORDIC_GEN\[7\].CORDIC.c\[6\]"  +all +trace_process

ucli% fsdbDumpflush 
*Verdi* : Flush all FSDB Files at 0 ps.

ucli% if {[catch {ucliCore::setFocus tool}]} {}

ucli% fsdbDumpvars 0 "simulator.DCRFLI.RF_GEN\[4\].RF.CORE.CORDIC_GEN\[0\].CORDIC.c\[5\]"  +all +trace_process

ucli% fsdbDumpflush 
*Verdi* : Flush all FSDB Files at 0 ps.

ucli% fsdbDumpvars 0 "simulator.DCRFLI.RF_GEN\[4\].RF.CORE.CORDIC_GEN\[1\].CORDIC.c\[5\]"  +all +trace_process

ucli% fsdbDumpflush 
*Verdi* : Flush all FSDB Files at 0 ps.

ucli% fsdbDumpvars 0 "simulator.DCRFLI.RF_GEN\[4\].RF.CORE.CORDIC_GEN\[2\].CORDIC.c\[5\]"  +all +trace_process

ucli% fsdbDumpflush 
*Verdi* : Flush all FSDB Files at 0 ps.

ucli% fsdbDumpvars 0 "simulator.DCRFLI.RF_GEN\[4\].RF.CORE.CORDIC_GEN\[3\].CORDIC.c\[5\]"  +all +trace_process

ucli% fsdbDumpflush 
*Verdi* : Flush all FSDB Files at 0 ps.

ucli% fsdbDumpvars 0 "simulator.DCRFLI.RF_GEN\[4\].RF.CORE.CORDIC_GEN\[4\].CORDIC.c\[5\]"  +all +trace_process

ucli% fsdbDumpflush 
*Verdi* : Flush all FSDB Files at 0 ps.

ucli% fsdbDumpvars 0 "simulator.DCRFLI.RF_GEN\[4\].RF.CORE.CORDIC_GEN\[5\].CORDIC.c\[5\]"  +all +trace_process

ucli% fsdbDumpflush 
*Verdi* : Flush all FSDB Files at 0 ps.

ucli% fsdbDumpvars 0 "simulator.DCRFLI.RF_GEN\[4\].RF.CORE.CORDIC_GEN\[6\].CORDIC.c\[5\]"  +all +trace_process

ucli% fsdbDumpflush 
*Verdi* : Flush all FSDB Files at 0 ps.

ucli% fsdbDumpvars 0 "simulator.DCRFLI.RF_GEN\[4\].RF.CORE.CORDIC_GEN\[7\].CORDIC.c\[5\]"  +all +trace_process

ucli% fsdbDumpflush 
*Verdi* : Flush all FSDB Files at 0 ps.

ucli% if {[catch {ucliCore::setFocus tool}]} {}

ucli% fsdbDumpvars 0 "simulator.DCRFLI.RF_GEN\[4\].RF.CORE.CORDIC_GEN\[0\].CORDIC.c\[4\]"  +all +trace_process

ucli% fsdbDumpflush 
*Verdi* : Flush all FSDB Files at 0 ps.

ucli% fsdbDumpvars 0 "simulator.DCRFLI.RF_GEN\[4\].RF.CORE.CORDIC_GEN\[1\].CORDIC.c\[4\]"  +all +trace_process

ucli% fsdbDumpflush 
*Verdi* : Flush all FSDB Files at 0 ps.

ucli% fsdbDumpvars 0 "simulator.DCRFLI.RF_GEN\[4\].RF.CORE.CORDIC_GEN\[2\].CORDIC.c\[4\]"  +all +trace_process

ucli% fsdbDumpflush 
*Verdi* : Flush all FSDB Files at 0 ps.

ucli% fsdbDumpvars 0 "simulator.DCRFLI.RF_GEN\[4\].RF.CORE.CORDIC_GEN\[3\].CORDIC.c\[4\]"  +all +trace_process

ucli% fsdbDumpflush 
*Verdi* : Flush all FSDB Files at 0 ps.

ucli% fsdbDumpvars 0 "simulator.DCRFLI.RF_GEN\[4\].RF.CORE.CORDIC_GEN\[4\].CORDIC.c\[4\]"  +all +trace_process

ucli% fsdbDumpflush 
*Verdi* : Flush all FSDB Files at 0 ps.

ucli% fsdbDumpvars 0 "simulator.DCRFLI.RF_GEN\[4\].RF.CORE.CORDIC_GEN\[5\].CORDIC.c\[4\]"  +all +trace_process

ucli% fsdbDumpflush 
*Verdi* : Flush all FSDB Files at 0 ps.

ucli% fsdbDumpvars 0 "simulator.DCRFLI.RF_GEN\[4\].RF.CORE.CORDIC_GEN\[6\].CORDIC.c\[4\]"  +all +trace_process

ucli% fsdbDumpflush 
*Verdi* : Flush all FSDB Files at 0 ps.

ucli% fsdbDumpvars 0 "simulator.DCRFLI.RF_GEN\[4\].RF.CORE.CORDIC_GEN\[7\].CORDIC.c\[4\]"  +all +trace_process

ucli% fsdbDumpflush 
*Verdi* : Flush all FSDB Files at 0 ps.

ucli% if {[catch {ucliCore::setFocus tool}]} {}

ucli% fsdbDumpvars 0 "simulator.DCRFLI.RF_GEN\[4\].RF.CORE.CORDIC_GEN\[0\].CORDIC.c\[3\]"  +all +trace_process

ucli% fsdbDumpflush 
*Verdi* : Flush all FSDB Files at 0 ps.

ucli% fsdbDumpvars 0 "simulator.DCRFLI.RF_GEN\[4\].RF.CORE.CORDIC_GEN\[1\].CORDIC.c\[3\]"  +all +trace_process

ucli% fsdbDumpflush 
*Verdi* : Flush all FSDB Files at 0 ps.

ucli% fsdbDumpvars 0 "simulator.DCRFLI.RF_GEN\[4\].RF.CORE.CORDIC_GEN\[2\].CORDIC.c\[3\]"  +all +trace_process

ucli% fsdbDumpflush 
*Verdi* : Flush all FSDB Files at 0 ps.

ucli% fsdbDumpvars 0 "simulator.DCRFLI.RF_GEN\[4\].RF.CORE.CORDIC_GEN\[3\].CORDIC.c\[3\]"  +all +trace_process

ucli% fsdbDumpflush 
*Verdi* : Flush all FSDB Files at 0 ps.

ucli% fsdbDumpvars 0 "simulator.DCRFLI.RF_GEN\[4\].RF.CORE.CORDIC_GEN\[4\].CORDIC.c\[3\]"  +all +trace_process

ucli% fsdbDumpflush 
*Verdi* : Flush all FSDB Files at 0 ps.

ucli% fsdbDumpvars 0 "simulator.DCRFLI.RF_GEN\[4\].RF.CORE.CORDIC_GEN\[5\].CORDIC.c\[3\]"  +all +trace_process

ucli% fsdbDumpflush 
*Verdi* : Flush all FSDB Files at 0 ps.

ucli% fsdbDumpvars 0 "simulator.DCRFLI.RF_GEN\[4\].RF.CORE.CORDIC_GEN\[6\].CORDIC.c\[3\]"  +all +trace_process

ucli% fsdbDumpflush 
*Verdi* : Flush all FSDB Files at 0 ps.

ucli% fsdbDumpvars 0 "simulator.DCRFLI.RF_GEN\[4\].RF.CORE.CORDIC_GEN\[7\].CORDIC.c\[3\]"  +all +trace_process

ucli% fsdbDumpflush 
*Verdi* : Flush all FSDB Files at 0 ps.

ucli% if {[catch {ucliCore::setFocus tool}]} {}

ucli% fsdbDumpvars 0 "simulator.DCRFLI.RF_GEN\[4\].RF.CORE.CORDIC_GEN\[0\].CORDIC.c\[2\]"  +all +trace_process

ucli% fsdbDumpflush 
*Verdi* : Flush all FSDB Files at 0 ps.

ucli% fsdbDumpvars 0 "simulator.DCRFLI.RF_GEN\[4\].RF.CORE.CORDIC_GEN\[1\].CORDIC.c\[2\]"  +all +trace_process

ucli% fsdbDumpflush 
*Verdi* : Flush all FSDB Files at 0 ps.

ucli% fsdbDumpvars 0 "simulator.DCRFLI.RF_GEN\[4\].RF.CORE.CORDIC_GEN\[2\].CORDIC.c\[2\]"  +all +trace_process

ucli% fsdbDumpflush 
*Verdi* : Flush all FSDB Files at 0 ps.

ucli% fsdbDumpvars 0 "simulator.DCRFLI.RF_GEN\[4\].RF.CORE.CORDIC_GEN\[3\].CORDIC.c\[2\]"  +all +trace_process

ucli% fsdbDumpflush 
*Verdi* : Flush all FSDB Files at 0 ps.

ucli% fsdbDumpvars 0 "simulator.DCRFLI.RF_GEN\[4\].RF.CORE.CORDIC_GEN\[4\].CORDIC.c\[2\]"  +all +trace_process

ucli% fsdbDumpflush 
*Verdi* : Flush all FSDB Files at 0 ps.

ucli% fsdbDumpvars 0 "simulator.DCRFLI.RF_GEN\[4\].RF.CORE.CORDIC_GEN\[5\].CORDIC.c\[2\]"  +all +trace_process

ucli% fsdbDumpflush 
*Verdi* : Flush all FSDB Files at 0 ps.

ucli% fsdbDumpvars 0 "simulator.DCRFLI.RF_GEN\[4\].RF.CORE.CORDIC_GEN\[6\].CORDIC.c\[2\]"  +all +trace_process

ucli% fsdbDumpflush 
*Verdi* : Flush all FSDB Files at 0 ps.

ucli% fsdbDumpvars 0 "simulator.DCRFLI.RF_GEN\[4\].RF.CORE.CORDIC_GEN\[7\].CORDIC.c\[2\]"  +all +trace_process

ucli% fsdbDumpflush 
*Verdi* : Flush all FSDB Files at 0 ps.

ucli% if {[catch {ucliCore::setFocus tool}]} {}

ucli% fsdbDumpvars 0 "simulator.DCRFLI.RF_GEN\[4\].RF.CORE.CORDIC_GEN\[0\].CORDIC.c\[1\]"  +all +trace_process

ucli% fsdbDumpflush 
*Verdi* : Flush all FSDB Files at 0 ps.

ucli% fsdbDumpvars 0 "simulator.DCRFLI.RF_GEN\[4\].RF.CORE.CORDIC_GEN\[1\].CORDIC.c\[1\]"  +all +trace_process

ucli% fsdbDumpflush 
*Verdi* : Flush all FSDB Files at 0 ps.

ucli% fsdbDumpvars 0 "simulator.DCRFLI.RF_GEN\[4\].RF.CORE.CORDIC_GEN\[2\].CORDIC.c\[1\]"  +all +trace_process

ucli% fsdbDumpflush 
*Verdi* : Flush all FSDB Files at 0 ps.

ucli% fsdbDumpvars 0 "simulator.DCRFLI.RF_GEN\[4\].RF.CORE.CORDIC_GEN\[3\].CORDIC.c\[1\]"  +all +trace_process

ucli% fsdbDumpflush 
*Verdi* : Flush all FSDB Files at 0 ps.

ucli% fsdbDumpvars 0 "simulator.DCRFLI.RF_GEN\[4\].RF.CORE.CORDIC_GEN\[4\].CORDIC.c\[1\]"  +all +trace_process

ucli% fsdbDumpflush 
*Verdi* : Flush all FSDB Files at 0 ps.

ucli% fsdbDumpvars 0 "simulator.DCRFLI.RF_GEN\[4\].RF.CORE.CORDIC_GEN\[5\].CORDIC.c\[1\]"  +all +trace_process

ucli% fsdbDumpflush 
*Verdi* : Flush all FSDB Files at 0 ps.

ucli% fsdbDumpvars 0 "simulator.DCRFLI.RF_GEN\[4\].RF.CORE.CORDIC_GEN\[6\].CORDIC.c\[1\]"  +all +trace_process

ucli% fsdbDumpflush 
*Verdi* : Flush all FSDB Files at 0 ps.

ucli% fsdbDumpvars 0 "simulator.DCRFLI.RF_GEN\[4\].RF.CORE.CORDIC_GEN\[7\].CORDIC.c\[1\]"  +all +trace_process

ucli% fsdbDumpflush 
*Verdi* : Flush all FSDB Files at 0 ps.

ucli% if {[catch {ucliCore::setFocus tool}]} {}

ucli% fsdbDumpvars 0 "simulator.DCRFLI.RF_GEN\[4\].RF.CORE.CORDIC_GEN\[0\].CORDIC.c\[0\]"  +all +trace_process

ucli% fsdbDumpflush 
*Verdi* : Flush all FSDB Files at 0 ps.

ucli% fsdbDumpvars 0 "simulator.DCRFLI.RF_GEN\[4\].RF.CORE.CORDIC_GEN\[1\].CORDIC.c\[0\]"  +all +trace_process

ucli% fsdbDumpflush 
*Verdi* : Flush all FSDB Files at 0 ps.

ucli% fsdbDumpvars 0 "simulator.DCRFLI.RF_GEN\[4\].RF.CORE.CORDIC_GEN\[2\].CORDIC.c\[0\]"  +all +trace_process

ucli% fsdbDumpflush 
*Verdi* : Flush all FSDB Files at 0 ps.

ucli% fsdbDumpvars 0 "simulator.DCRFLI.RF_GEN\[4\].RF.CORE.CORDIC_GEN\[3\].CORDIC.c\[0\]"  +all +trace_process

ucli% fsdbDumpflush 
*Verdi* : Flush all FSDB Files at 0 ps.

ucli% fsdbDumpvars 0 "simulator.DCRFLI.RF_GEN\[4\].RF.CORE.CORDIC_GEN\[4\].CORDIC.c\[0\]"  +all +trace_process

ucli% fsdbDumpflush 
*Verdi* : Flush all FSDB Files at 0 ps.

ucli% fsdbDumpvars 0 "simulator.DCRFLI.RF_GEN\[4\].RF.CORE.CORDIC_GEN\[5\].CORDIC.c\[0\]"  +all +trace_process

ucli% fsdbDumpflush 
*Verdi* : Flush all FSDB Files at 0 ps.

ucli% fsdbDumpvars 0 "simulator.DCRFLI.RF_GEN\[4\].RF.CORE.CORDIC_GEN\[6\].CORDIC.c\[0\]"  +all +trace_process

ucli% fsdbDumpflush 
*Verdi* : Flush all FSDB Files at 0 ps.

ucli% fsdbDumpvars 0 "simulator.DCRFLI.RF_GEN\[4\].RF.CORE.CORDIC_GEN\[7\].CORDIC.c\[0\]"  +all +trace_process

ucli% fsdbDumpflush 
*Verdi* : Flush all FSDB Files at 0 ps.

ucli% if {[catch {ucliCore::setFocus tool}]} {}

ucli% fsdbDumpvars 0 "simulator.DCRFLI.RF_GEN\[4\].RF.CORE.i_clk"  +all +trace_process

ucli% fsdbDumpflush 
*Verdi* : Flush all FSDB Files at 0 ps.

ucli% fsdbDumpvars 0 "simulator.DCRFLI.RF_GEN\[4\].RF.CORE.i_rst"  +all +trace_process

ucli% fsdbDumpflush 
*Verdi* : Flush all FSDB Files at 0 ps.

ucli% fsdbDumpvars 0 "simulator.DCRFLI.RF_GEN\[4\].RF.CORE.w_stall"  +all +trace_process

ucli% fsdbDumpflush 
*Verdi* : Flush all FSDB Files at 0 ps.

ucli% if {[catch {ucliCore::setFocus tool}]} {}

ucli% fsdbDumpvars 0 "simulator.DCRFLI.RF_GEN\[4\].RF.CORE.d"  +all +trace_process

ucli% fsdbDumpflush 
*Verdi* : Flush all FSDB Files at 0 ps.

ucli% fsdbDumpvars 0 "simulator.DCRFLI.RF_GEN\[4\].RF.CORE.i_empty"  +all +trace_process

ucli% fsdbDumpflush 
*Verdi* : Flush all FSDB Files at 0 ps.

ucli% fsdbDumpvars 0 "simulator.DCRFLI.RF_GEN\[4\].RF.CORE.o_next"  +all +trace_process

ucli% fsdbDumpflush 
*Verdi* : Flush all FSDB Files at 0 ps.

ucli% fsdbDumpvars 0 "simulator.DCRFLI.RF_GEN\[4\].RF.CORE.i_addr\[3:0\]"  +all +trace_process

ucli% fsdbDumpflush 
*Verdi* : Flush all FSDB Files at 0 ps.

ucli% fsdbDumpvars 0 "simulator.DCRFLI.RF_GEN\[4\].RF.CORE.i_insn"  +all +trace_process

ucli% fsdbDumpflush 
*Verdi* : Flush all FSDB Files at 0 ps.

ucli% fsdbDumpvars 0 "simulator.DCRFLI.RF_GEN\[4\].RF.CORE.o_insn_modified"  +all +trace_process

ucli% fsdbDumpflush 
*Verdi* : Flush all FSDB Files at 0 ps.

ucli% if {[catch {ucliCore::setFocus tool}]} {}

ucli% fsdbDumpvars 0 "simulator.DCRFLI.RF_GEN\[4\].RF.CORE.p"  +all +trace_process

ucli% fsdbDumpflush 
*Verdi* : Flush all FSDB Files at 0 ps.

ucli% if {[catch {ucliCore::setFocus tool}]} {}

ucli% fsdbDumpvars 0 "simulator.DCRFLI.RF_GEN\[4\].RF.CORE.w_new_phase"  +all +trace_process

ucli% fsdbDumpflush 
*Verdi* : Flush all FSDB Files at 0 ps.

ucli% if {[catch {ucliCore::setFocus tool}]} {}

ucli% fsdbDumpvars 0 "simulator.DCRFLI.RF_GEN\[4\].RF.CORE.r"  +all +trace_process

ucli% fsdbDumpflush 
*Verdi* : Flush all FSDB Files at 0 ps.

ucli% if {[catch {ucliCore::setFocus tool}]} {}

ucli% fsdbDumpvars 0 "simulator.DCRFLI.RF_GEN\[4\].RF.CORE.o_armed"  +all +trace_process

ucli% fsdbDumpflush 
*Verdi* : Flush all FSDB Files at 0 ps.

ucli% if {[catch {ucliCore::setFocus tool}]} {}

ucli% fsdbDumpvars 0 "simulator.DCRFLI.RF_GEN\[4\].RF.CORE.i_start"  +all +trace_process

ucli% fsdbDumpflush 
*Verdi* : Flush all FSDB Files at 0 ps.

ucli% if {[catch {ucliCore::setFocus tool}]} {}

ucli% fsdbDumpvars 0 "simulator.DCRFLI.RF_GEN\[4\].RF.CORE.o_addr\[3:0\]"  +all +trace_process

ucli% fsdbDumpflush 
*Verdi* : Flush all FSDB Files at 0 ps.

ucli% if {[catch {ucliCore::setFocus tool}]} {}

ucli% fsdbDumpvars 0 "simulator.DCRFLI.RF_GEN\[4\].RF.CORE.o_sample_start\[19:0\]"  +all +trace_process

ucli% fsdbDumpflush 
*Verdi* : Flush all FSDB Files at 0 ps.

ucli% if {[catch {ucliCore::setFocus tool}]} {}

ucli% fsdbDumpvars 0 "simulator.DCRFLI.RF_GEN\[4\].RF.CORE.o_sample_end\[19:0\]"  +all +trace_process

ucli% fsdbDumpflush 
*Verdi* : Flush all FSDB Files at 0 ps.

ucli% if {[catch {ucliCore::setFocus tool}]} {}

ucli% fsdbDumpvars 0 "simulator.DCRFLI.RF_GEN\[4\].RF.CORE.o_QIx8\[255:0\]"  +all +trace_process

ucli% fsdbDumpflush 
*Verdi* : Flush all FSDB Files at 0 ps.

ucli% if {[catch {ucliCore::setFocus tool}]} {}

ucli% fsdbDumpvars 0 "simulator.RF_IO_GEN\[4\].DAC.i_clk"  +all +trace_process

ucli% fsdbDumpflush 
*Verdi* : Flush all FSDB Files at 0 ps.

ucli% fsdbDumpvars 0 "simulator.RF_IO_GEN\[4\].DAC.i_dac_clk"  +all +trace_process

ucli% fsdbDumpflush 
*Verdi* : Flush all FSDB Files at 0 ps.

ucli% fsdbDumpvars 0 "simulator.RF_IO_GEN\[4\].DAC.dac_cycle"  +all +trace_process

ucli% fsdbDumpflush 
*Verdi* : Flush all FSDB Files at 0 ps.

ucli% fsdbDumpvars 0 "simulator.RF_IO_GEN\[4\].DAC.i_QIx8\[255:0\]"  +all +trace_process

ucli% fsdbDumpflush 
*Verdi* : Flush all FSDB Files at 0 ps.

ucli% if {[catch {ucliCore::setFocus tool}]} {}

ucli% fsdbDumpvars 0 "simulator.RF_IO_GEN\[4\].DAC.w_Ix8\[7:0\]\[13:0\]"  +all +trace_process

ucli% fsdbDumpflush 
*Verdi* : Flush all FSDB Files at 0 ps.

ucli% fsdbDumpvars 0 "simulator.RF_IO_GEN\[4\].DAC.w_Qx8\[7:0\]\[13:0\]"  +all +trace_process

ucli% fsdbDumpflush 
*Verdi* : Flush all FSDB Files at 0 ps.

ucli% fsdbDumpvars 0 "simulator.RF_IO_GEN\[4\].DAC.o_I\[13:0\]"  +all +trace_process

ucli% fsdbDumpflush 
*Verdi* : Flush all FSDB Files at 0 ps.

ucli% fsdbDumpvars 0 "simulator.RF_IO_GEN\[4\].DAC.o_Q\[13:0\]"  +all +trace_process

ucli% fsdbDumpflush 
*Verdi* : Flush all FSDB Files at 0 ps.

ucli% fsdbDumpvars 0 "simulator.RF_IO_GEN\[4\].DAC.I"  +all +trace_process

ucli% fsdbDumpflush 
*Verdi* : Flush all FSDB Files at 0 ps.

ucli% fsdbDumpvars 0 "simulator.RF_IO_GEN\[4\].DAC.Q"  +all +trace_process

ucli% fsdbDumpflush 
*Verdi* : Flush all FSDB Files at 0 ps.

ucli% fsdbDumpvars 0 "simulator.RF_IO_GEN\[4\].DAC.deg"  +all +trace_process

ucli% fsdbDumpflush 
*Verdi* : Flush all FSDB Files at 0 ps.

ucli% fsdbDumpvars 0 "simulator.RF_IO_GEN\[4\].DAC.rad"  +all +trace_process

ucli% fsdbDumpflush 
*Verdi* : Flush all FSDB Files at 0 ps.

ucli% fsdbDumpvars 0 "simulator.RF_IO_GEN\[4\].DAC.nco_i"  +all +trace_process

ucli% fsdbDumpflush 
*Verdi* : Flush all FSDB Files at 0 ps.

ucli% fsdbDumpvars 0 "simulator.RF_IO_GEN\[4\].DAC.nco_q"  +all +trace_process

ucli% fsdbDumpflush 
*Verdi* : Flush all FSDB Files at 0 ps.

ucli% fsdbDumpvars 0 "simulator.RF_IO_GEN\[4\].DAC.o_vrf"  +all +trace_process

ucli% fsdbDumpflush 
*Verdi* : Flush all FSDB Files at 0 ps.

ucli% if {[catch {ucliCore::setFocus tool}]} {}

ucli% fsdbDumpvars 0 "simulator.RF_IO_GEN\[3\].REGS.AXIL_REGS.i_aclk"  +all +trace_process

ucli% fsdbDumpflush 
*Verdi* : Flush all FSDB Files at 0 ps.

ucli% fsdbDumpvars 0 "simulator.RF_IO_GEN\[3\].REGS.AXIL_REGS.i_aresetn"  +all +trace_process

ucli% fsdbDumpflush 
*Verdi* : Flush all FSDB Files at 0 ps.

ucli% fsdbDumpvars 0 "simulator.RF_IO_GEN\[3\].REGS.AXIL_REGS.r_regs\[0:65\]\[31:0\]"  +all +trace_process

ucli% fsdbDumpflush 
*Verdi* : Flush all FSDB Files at 0 ps.

ucli% fsdbDumpvars 0 "simulator.RF_IO_GEN\[3\].REGS.AXIL_REGS.o_regs\[0:65\]\[31:0\]"  +all +trace_process

ucli% fsdbDumpflush 
*Verdi* : Flush all FSDB Files at 0 ps.

ucli% if {[catch {ucliCore::setFocus tool}]} {}

ucli% fsdbDumpvars 0 "simulator.RF_IO_GEN\[3\].REGS.AXIL_REGS.o_awready"  +all +trace_process

ucli% fsdbDumpflush 
*Verdi* : Flush all FSDB Files at 0 ps.

ucli% fsdbDumpvars 0 "simulator.RF_IO_GEN\[3\].REGS.AXIL_REGS.i_awvalid"  +all +trace_process

ucli% fsdbDumpflush 
*Verdi* : Flush all FSDB Files at 0 ps.

ucli% fsdbDumpvars 0 "simulator.RF_IO_GEN\[3\].REGS.AXIL_REGS.i_awaddr\[8:0\]"  +all +trace_process

ucli% fsdbDumpflush 
*Verdi* : Flush all FSDB Files at 0 ps.

ucli% fsdbDumpvars 0 "simulator.RF_IO_GEN\[3\].REGS.AXIL_REGS.w_awireg\[6:0\]"  +all +trace_process

ucli% fsdbDumpflush 
*Verdi* : Flush all FSDB Files at 0 ps.

ucli% fsdbDumpvars 0 "simulator.RF_IO_GEN\[3\].REGS.AXIL_REGS.w_awls2b\[1:0\]"  +all +trace_process

ucli% fsdbDumpflush 
*Verdi* : Flush all FSDB Files at 0 ps.

ucli% if {[catch {ucliCore::setFocus tool}]} {}

ucli% fsdbDumpvars 0 "simulator.RF_IO_GEN\[3\].REGS.AXIL_REGS.o_wready"  +all +trace_process

ucli% fsdbDumpflush 
*Verdi* : Flush all FSDB Files at 0 ps.

ucli% fsdbDumpvars 0 "simulator.RF_IO_GEN\[3\].REGS.AXIL_REGS.i_wvalid"  +all +trace_process

ucli% fsdbDumpflush 
*Verdi* : Flush all FSDB Files at 0 ps.

ucli% fsdbDumpvars 0 "simulator.RF_IO_GEN\[3\].REGS.AXIL_REGS.i_wdata\[31:0\]"  +all +trace_process

ucli% fsdbDumpflush 
*Verdi* : Flush all FSDB Files at 0 ps.

ucli% fsdbDumpvars 0 "simulator.RF_IO_GEN\[3\].REGS.AXIL_REGS.i_wstrb\[3:0\]"  +all +trace_process

ucli% fsdbDumpflush 
*Verdi* : Flush all FSDB Files at 0 ps.

ucli% fsdbDumpvars 0 "simulator.RF_IO_GEN\[3\].REGS.AXIL_REGS.w_wdatastrb\[31:0\]"  +all +trace_process

ucli% fsdbDumpflush 
*Verdi* : Flush all FSDB Files at 0 ps.

ucli% if {[catch {ucliCore::setFocus tool}]} {}

ucli% fsdbDumpvars 0 "simulator.RF_IO_GEN\[3\].REGS.AXIL_REGS.i_bready"  +all +trace_process

ucli% fsdbDumpflush 
*Verdi* : Flush all FSDB Files at 0 ps.

ucli% fsdbDumpvars 0 "simulator.RF_IO_GEN\[3\].REGS.AXIL_REGS.o_bvalid"  +all +trace_process

ucli% fsdbDumpflush 
*Verdi* : Flush all FSDB Files at 0 ps.

ucli% fsdbDumpvars 0 "simulator.RF_IO_GEN\[3\].REGS.AXIL_REGS.o_bresp\[1:0\]"  +all +trace_process

ucli% fsdbDumpflush 
*Verdi* : Flush all FSDB Files at 0 ps.

ucli% if {[catch {ucliCore::setFocus tool}]} {}

ucli% fsdbDumpvars 0 "simulator.RF_IO_GEN\[3\].REGS.AXIL_REGS.o_arready"  +all +trace_process

ucli% fsdbDumpflush 
*Verdi* : Flush all FSDB Files at 0 ps.

ucli% fsdbDumpvars 0 "simulator.RF_IO_GEN\[3\].REGS.AXIL_REGS.i_arvalid"  +all +trace_process

ucli% fsdbDumpflush 
*Verdi* : Flush all FSDB Files at 0 ps.

ucli% fsdbDumpvars 0 "simulator.RF_IO_GEN\[3\].REGS.AXIL_REGS.i_araddr\[8:0\]"  +all +trace_process

ucli% fsdbDumpflush 
*Verdi* : Flush all FSDB Files at 0 ps.

ucli% fsdbDumpvars 0 "simulator.RF_IO_GEN\[3\].REGS.AXIL_REGS.w_arireg\[6:0\]"  +all +trace_process

ucli% fsdbDumpflush 
*Verdi* : Flush all FSDB Files at 0 ps.

ucli% fsdbDumpvars 0 "simulator.RF_IO_GEN\[3\].REGS.AXIL_REGS.w_arls2b\[1:0\]"  +all +trace_process

ucli% fsdbDumpflush 
*Verdi* : Flush all FSDB Files at 0 ps.

ucli% if {[catch {ucliCore::setFocus tool}]} {}

ucli% fsdbDumpvars 0 "simulator.RF_IO_GEN\[3\].REGS.AXIL_REGS.i_rready"  +all +trace_process

ucli% fsdbDumpflush 
*Verdi* : Flush all FSDB Files at 0 ps.

ucli% fsdbDumpvars 0 "simulator.RF_IO_GEN\[3\].REGS.AXIL_REGS.o_rvalid"  +all +trace_process

ucli% fsdbDumpflush 
*Verdi* : Flush all FSDB Files at 0 ps.

ucli% fsdbDumpvars 0 "simulator.RF_IO_GEN\[3\].REGS.AXIL_REGS.o_rdata\[31:0\]"  +all +trace_process

ucli% fsdbDumpflush 
*Verdi* : Flush all FSDB Files at 0 ps.

ucli% fsdbDumpvars 0 "simulator.RF_IO_GEN\[3\].REGS.AXIL_REGS.o_rresp\[1:0\]"  +all +trace_process

ucli% fsdbDumpflush 
*Verdi* : Flush all FSDB Files at 0 ps.

ucli% if {[catch {ucliCore::setFocus tool}]} {}

ucli% fsdbDumpvars 0 "simulator.DCRFLI.RF_GEN\[3\].RF.SEQ.i_clk"  +all +trace_process

ucli% fsdbDumpflush 
*Verdi* : Flush all FSDB Files at 0 ps.

ucli% fsdbDumpvars 0 "simulator.DCRFLI.RF_GEN\[3\].RF.SEQ.i_rst"  +all +trace_process

ucli% fsdbDumpflush 
*Verdi* : Flush all FSDB Files at 0 ps.

ucli% fsdbDumpvars 0 "simulator.DCRFLI.RF_GEN\[3\].RF.SEQ.w_propagate"  +all +trace_process

ucli% fsdbDumpflush 
*Verdi* : Flush all FSDB Files at 0 ps.

ucli% if {[catch {ucliCore::setFocus tool}]} {}

ucli% fsdbDumpvars 0 "simulator.DCRFLI.RF_GEN\[3\].RF.SEQ.i_regs\[0:65\]\[31:0\]"  +all +trace_process

ucli% fsdbDumpflush 
*Verdi* : Flush all FSDB Files at 0 ps.

ucli% fsdbDumpvars 0 "simulator.DCRFLI.RF_GEN\[3\].RF.SEQ.w_last0"  +all +trace_process

ucli% fsdbDumpflush 
*Verdi* : Flush all FSDB Files at 0 ps.

ucli% fsdbDumpvars 0 "simulator.DCRFLI.RF_GEN\[3\].RF.SEQ.w_last0_ff1"  +all +trace_process

ucli% fsdbDumpflush 
*Verdi* : Flush all FSDB Files at 0 ps.

ucli% fsdbDumpvars 0 "simulator.DCRFLI.RF_GEN\[3\].RF.SEQ.w_last0_ff2"  +all +trace_process

ucli% fsdbDumpflush 
*Verdi* : Flush all FSDB Files at 0 ps.

ucli% fsdbDumpvars 0 "simulator.DCRFLI.RF_GEN\[3\].RF.SEQ.w_new_sequence"  +all +trace_process

ucli% fsdbDumpflush 
*Verdi* : Flush all FSDB Files at 0 ps.

ucli% if {[catch {ucliCore::setFocus tool}]} {}

ucli% fsdbDumpvars 0 "simulator.DCRFLI.RF_GEN\[3\].RF.SEQ.r_sequence\[0:15\]\[114:0\]"  +all +trace_process

ucli% fsdbDumpflush 
*Verdi* : Flush all FSDB Files at 0 ps.

ucli% fsdbDumpvars 0 "simulator.DCRFLI.RF_GEN\[3\].RF.SEQ.r_iters\[10:0\]"  +all +trace_process

ucli% fsdbDumpflush 
*Verdi* : Flush all FSDB Files at 0 ps.

ucli% fsdbDumpvars 0 "simulator.DCRFLI.RF_GEN\[3\].RF.SEQ.r_iptr\[3:0\]"  +all +trace_process

ucli% fsdbDumpflush 
*Verdi* : Flush all FSDB Files at 0 ps.

ucli% fsdbDumpvars 0 "simulator.DCRFLI.RF_GEN\[3\].RF.SEQ.w_insn_fetch\[114:0\]"  +all +trace_process

ucli% fsdbDumpflush 
*Verdi* : Flush all FSDB Files at 0 ps.

ucli% fsdbDumpvars 0 "simulator.DCRFLI.RF_GEN\[3\].RF.SEQ.w_insn_bubble"  +all +trace_process

ucli% fsdbDumpflush 
*Verdi* : Flush all FSDB Files at 0 ps.

ucli% fsdbDumpvars 0 "simulator.DCRFLI.RF_GEN\[3\].RF.SEQ.w_iptr_plus1\[3:0\]"  +all +trace_process

ucli% fsdbDumpflush 
*Verdi* : Flush all FSDB Files at 0 ps.

ucli% fsdbDumpvars 0 "simulator.DCRFLI.RF_GEN\[3\].RF.SEQ.w_next_null"  +all +trace_process

ucli% fsdbDumpflush 
*Verdi* : Flush all FSDB Files at 0 ps.

ucli% if {[catch {ucliCore::setFocus tool}]} {}

ucli% fsdbDumpvars 0 "simulator.DCRFLI.RF_GEN\[3\].RF.SEQ.o_empty"  +all +trace_process

ucli% fsdbDumpflush 
*Verdi* : Flush all FSDB Files at 0 ps.

ucli% fsdbDumpvars 0 "simulator.DCRFLI.RF_GEN\[3\].RF.SEQ.i_next"  +all +trace_process

ucli% fsdbDumpflush 
*Verdi* : Flush all FSDB Files at 0 ps.

ucli% fsdbDumpvars 0 "simulator.DCRFLI.RF_GEN\[3\].RF.SEQ.o_addr\[3:0\]"  +all +trace_process

ucli% fsdbDumpflush 
*Verdi* : Flush all FSDB Files at 0 ps.

ucli% fsdbDumpvars 0 "simulator.DCRFLI.RF_GEN\[3\].RF.SEQ.o_insn\[114:0\]"  +all +trace_process

ucli% fsdbDumpflush 
*Verdi* : Flush all FSDB Files at 0 ps.

ucli% fsdbDumpvars 0 "simulator.DCRFLI.RF_GEN\[3\].RF.SEQ.r_iptr_modify\[3:0\]"  +all +trace_process

ucli% fsdbDumpflush 
*Verdi* : Flush all FSDB Files at 0 ps.

ucli% fsdbDumpvars 0 "simulator.DCRFLI.RF_GEN\[3\].RF.SEQ.i_insn_modified\[114:0\]"  +all +trace_process

ucli% fsdbDumpflush 
*Verdi* : Flush all FSDB Files at 0 ps.

ucli% if {[catch {ucliCore::setFocus tool}]} {}

ucli% fsdbDumpvars 0 "simulator.DCRFLI.RF_GEN\[3\].RF.CORE.CORDIC_GEN\[0\].CORDIC.c\[15\]"  +all +trace_process

ucli% fsdbDumpflush 
*Verdi* : Flush all FSDB Files at 0 ps.

ucli% fsdbDumpvars 0 "simulator.DCRFLI.RF_GEN\[3\].RF.CORE.CORDIC_GEN\[1\].CORDIC.c\[15\]"  +all +trace_process

ucli% fsdbDumpflush 
*Verdi* : Flush all FSDB Files at 0 ps.

ucli% fsdbDumpvars 0 "simulator.DCRFLI.RF_GEN\[3\].RF.CORE.CORDIC_GEN\[2\].CORDIC.c\[15\]"  +all +trace_process

ucli% fsdbDumpflush 
*Verdi* : Flush all FSDB Files at 0 ps.

ucli% fsdbDumpvars 0 "simulator.DCRFLI.RF_GEN\[3\].RF.CORE.CORDIC_GEN\[3\].CORDIC.c\[15\]"  +all +trace_process

ucli% fsdbDumpflush 
*Verdi* : Flush all FSDB Files at 0 ps.

ucli% fsdbDumpvars 0 "simulator.DCRFLI.RF_GEN\[3\].RF.CORE.CORDIC_GEN\[4\].CORDIC.c\[15\]"  +all +trace_process

ucli% fsdbDumpflush 
*Verdi* : Flush all FSDB Files at 0 ps.

ucli% fsdbDumpvars 0 "simulator.DCRFLI.RF_GEN\[3\].RF.CORE.CORDIC_GEN\[5\].CORDIC.c\[15\]"  +all +trace_process

ucli% fsdbDumpflush 
*Verdi* : Flush all FSDB Files at 0 ps.

ucli% fsdbDumpvars 0 "simulator.DCRFLI.RF_GEN\[3\].RF.CORE.CORDIC_GEN\[6\].CORDIC.c\[15\]"  +all +trace_process

ucli% fsdbDumpflush 
*Verdi* : Flush all FSDB Files at 0 ps.

ucli% fsdbDumpvars 0 "simulator.DCRFLI.RF_GEN\[3\].RF.CORE.CORDIC_GEN\[7\].CORDIC.c\[15\]"  +all +trace_process

ucli% fsdbDumpflush 
*Verdi* : Flush all FSDB Files at 0 ps.

ucli% if {[catch {ucliCore::setFocus tool}]} {}

ucli% fsdbDumpvars 0 "simulator.DCRFLI.RF_GEN\[3\].RF.CORE.CORDIC_GEN\[0\].CORDIC.c\[14\]"  +all +trace_process

ucli% fsdbDumpflush 
*Verdi* : Flush all FSDB Files at 0 ps.

ucli% fsdbDumpvars 0 "simulator.DCRFLI.RF_GEN\[3\].RF.CORE.CORDIC_GEN\[1\].CORDIC.c\[14\]"  +all +trace_process

ucli% fsdbDumpflush 
*Verdi* : Flush all FSDB Files at 0 ps.

ucli% fsdbDumpvars 0 "simulator.DCRFLI.RF_GEN\[3\].RF.CORE.CORDIC_GEN\[2\].CORDIC.c\[14\]"  +all +trace_process

ucli% fsdbDumpflush 
*Verdi* : Flush all FSDB Files at 0 ps.

ucli% fsdbDumpvars 0 "simulator.DCRFLI.RF_GEN\[3\].RF.CORE.CORDIC_GEN\[3\].CORDIC.c\[14\]"  +all +trace_process

ucli% fsdbDumpflush 
*Verdi* : Flush all FSDB Files at 0 ps.

ucli% fsdbDumpvars 0 "simulator.DCRFLI.RF_GEN\[3\].RF.CORE.CORDIC_GEN\[4\].CORDIC.c\[14\]"  +all +trace_process

ucli% fsdbDumpflush 
*Verdi* : Flush all FSDB Files at 0 ps.

ucli% fsdbDumpvars 0 "simulator.DCRFLI.RF_GEN\[3\].RF.CORE.CORDIC_GEN\[5\].CORDIC.c\[14\]"  +all +trace_process

ucli% fsdbDumpflush 
*Verdi* : Flush all FSDB Files at 0 ps.

ucli% fsdbDumpvars 0 "simulator.DCRFLI.RF_GEN\[3\].RF.CORE.CORDIC_GEN\[6\].CORDIC.c\[14\]"  +all +trace_process

ucli% fsdbDumpflush 
*Verdi* : Flush all FSDB Files at 0 ps.

ucli% fsdbDumpvars 0 "simulator.DCRFLI.RF_GEN\[3\].RF.CORE.CORDIC_GEN\[7\].CORDIC.c\[14\]"  +all +trace_process

ucli% fsdbDumpflush 
*Verdi* : Flush all FSDB Files at 0 ps.

ucli% if {[catch {ucliCore::setFocus tool}]} {}

ucli% fsdbDumpvars 0 "simulator.DCRFLI.RF_GEN\[3\].RF.CORE.CORDIC_GEN\[0\].CORDIC.c\[13\]"  +all +trace_process

ucli% fsdbDumpflush 
*Verdi* : Flush all FSDB Files at 0 ps.

ucli% fsdbDumpvars 0 "simulator.DCRFLI.RF_GEN\[3\].RF.CORE.CORDIC_GEN\[1\].CORDIC.c\[13\]"  +all +trace_process

ucli% fsdbDumpflush 
*Verdi* : Flush all FSDB Files at 0 ps.

ucli% fsdbDumpvars 0 "simulator.DCRFLI.RF_GEN\[3\].RF.CORE.CORDIC_GEN\[2\].CORDIC.c\[13\]"  +all +trace_process

ucli% fsdbDumpflush 
*Verdi* : Flush all FSDB Files at 0 ps.

ucli% fsdbDumpvars 0 "simulator.DCRFLI.RF_GEN\[3\].RF.CORE.CORDIC_GEN\[3\].CORDIC.c\[13\]"  +all +trace_process

ucli% fsdbDumpflush 
*Verdi* : Flush all FSDB Files at 0 ps.

ucli% fsdbDumpvars 0 "simulator.DCRFLI.RF_GEN\[3\].RF.CORE.CORDIC_GEN\[4\].CORDIC.c\[13\]"  +all +trace_process

ucli% fsdbDumpflush 
*Verdi* : Flush all FSDB Files at 0 ps.

ucli% fsdbDumpvars 0 "simulator.DCRFLI.RF_GEN\[3\].RF.CORE.CORDIC_GEN\[5\].CORDIC.c\[13\]"  +all +trace_process

ucli% fsdbDumpflush 
*Verdi* : Flush all FSDB Files at 0 ps.

ucli% fsdbDumpvars 0 "simulator.DCRFLI.RF_GEN\[3\].RF.CORE.CORDIC_GEN\[6\].CORDIC.c\[13\]"  +all +trace_process

ucli% fsdbDumpflush 
*Verdi* : Flush all FSDB Files at 0 ps.

ucli% fsdbDumpvars 0 "simulator.DCRFLI.RF_GEN\[3\].RF.CORE.CORDIC_GEN\[7\].CORDIC.c\[13\]"  +all +trace_process

ucli% fsdbDumpflush 
*Verdi* : Flush all FSDB Files at 0 ps.

ucli% if {[catch {ucliCore::setFocus tool}]} {}

ucli% fsdbDumpvars 0 "simulator.DCRFLI.RF_GEN\[3\].RF.CORE.CORDIC_GEN\[0\].CORDIC.c\[12\]"  +all +trace_process

ucli% fsdbDumpflush 
*Verdi* : Flush all FSDB Files at 0 ps.

ucli% fsdbDumpvars 0 "simulator.DCRFLI.RF_GEN\[3\].RF.CORE.CORDIC_GEN\[1\].CORDIC.c\[12\]"  +all +trace_process

ucli% fsdbDumpflush 
*Verdi* : Flush all FSDB Files at 0 ps.

ucli% fsdbDumpvars 0 "simulator.DCRFLI.RF_GEN\[3\].RF.CORE.CORDIC_GEN\[2\].CORDIC.c\[12\]"  +all +trace_process

ucli% fsdbDumpflush 
*Verdi* : Flush all FSDB Files at 0 ps.

ucli% fsdbDumpvars 0 "simulator.DCRFLI.RF_GEN\[3\].RF.CORE.CORDIC_GEN\[3\].CORDIC.c\[12\]"  +all +trace_process

ucli% fsdbDumpflush 
*Verdi* : Flush all FSDB Files at 0 ps.

ucli% fsdbDumpvars 0 "simulator.DCRFLI.RF_GEN\[3\].RF.CORE.CORDIC_GEN\[4\].CORDIC.c\[12\]"  +all +trace_process

ucli% fsdbDumpflush 
*Verdi* : Flush all FSDB Files at 0 ps.

ucli% fsdbDumpvars 0 "simulator.DCRFLI.RF_GEN\[3\].RF.CORE.CORDIC_GEN\[5\].CORDIC.c\[12\]"  +all +trace_process

ucli% fsdbDumpflush 
*Verdi* : Flush all FSDB Files at 0 ps.

ucli% fsdbDumpvars 0 "simulator.DCRFLI.RF_GEN\[3\].RF.CORE.CORDIC_GEN\[6\].CORDIC.c\[12\]"  +all +trace_process

ucli% fsdbDumpflush 
*Verdi* : Flush all FSDB Files at 0 ps.

ucli% fsdbDumpvars 0 "simulator.DCRFLI.RF_GEN\[3\].RF.CORE.CORDIC_GEN\[7\].CORDIC.c\[12\]"  +all +trace_process

ucli% fsdbDumpflush 
*Verdi* : Flush all FSDB Files at 0 ps.

ucli% if {[catch {ucliCore::setFocus tool}]} {}

ucli% fsdbDumpvars 0 "simulator.DCRFLI.RF_GEN\[3\].RF.CORE.CORDIC_GEN\[0\].CORDIC.c\[11\]"  +all +trace_process

ucli% fsdbDumpflush 
*Verdi* : Flush all FSDB Files at 0 ps.

ucli% fsdbDumpvars 0 "simulator.DCRFLI.RF_GEN\[3\].RF.CORE.CORDIC_GEN\[1\].CORDIC.c\[11\]"  +all +trace_process

ucli% fsdbDumpflush 
*Verdi* : Flush all FSDB Files at 0 ps.

ucli% fsdbDumpvars 0 "simulator.DCRFLI.RF_GEN\[3\].RF.CORE.CORDIC_GEN\[2\].CORDIC.c\[11\]"  +all +trace_process

ucli% fsdbDumpflush 
*Verdi* : Flush all FSDB Files at 0 ps.

ucli% fsdbDumpvars 0 "simulator.DCRFLI.RF_GEN\[3\].RF.CORE.CORDIC_GEN\[3\].CORDIC.c\[11\]"  +all +trace_process

ucli% fsdbDumpflush 
*Verdi* : Flush all FSDB Files at 0 ps.

ucli% fsdbDumpvars 0 "simulator.DCRFLI.RF_GEN\[3\].RF.CORE.CORDIC_GEN\[4\].CORDIC.c\[11\]"  +all +trace_process

ucli% fsdbDumpflush 
*Verdi* : Flush all FSDB Files at 0 ps.

ucli% fsdbDumpvars 0 "simulator.DCRFLI.RF_GEN\[3\].RF.CORE.CORDIC_GEN\[5\].CORDIC.c\[11\]"  +all +trace_process

ucli% fsdbDumpflush 
*Verdi* : Flush all FSDB Files at 0 ps.

ucli% fsdbDumpvars 0 "simulator.DCRFLI.RF_GEN\[3\].RF.CORE.CORDIC_GEN\[6\].CORDIC.c\[11\]"  +all +trace_process

ucli% fsdbDumpflush 
*Verdi* : Flush all FSDB Files at 0 ps.

ucli% fsdbDumpvars 0 "simulator.DCRFLI.RF_GEN\[3\].RF.CORE.CORDIC_GEN\[7\].CORDIC.c\[11\]"  +all +trace_process

ucli% fsdbDumpflush 
*Verdi* : Flush all FSDB Files at 0 ps.

ucli% if {[catch {ucliCore::setFocus tool}]} {}

ucli% fsdbDumpvars 0 "simulator.DCRFLI.RF_GEN\[3\].RF.CORE.CORDIC_GEN\[0\].CORDIC.c\[10\]"  +all +trace_process

ucli% fsdbDumpflush 
*Verdi* : Flush all FSDB Files at 0 ps.

ucli% fsdbDumpvars 0 "simulator.DCRFLI.RF_GEN\[3\].RF.CORE.CORDIC_GEN\[1\].CORDIC.c\[10\]"  +all +trace_process

ucli% fsdbDumpflush 
*Verdi* : Flush all FSDB Files at 0 ps.

ucli% fsdbDumpvars 0 "simulator.DCRFLI.RF_GEN\[3\].RF.CORE.CORDIC_GEN\[2\].CORDIC.c\[10\]"  +all +trace_process

ucli% fsdbDumpflush 
*Verdi* : Flush all FSDB Files at 0 ps.

ucli% fsdbDumpvars 0 "simulator.DCRFLI.RF_GEN\[3\].RF.CORE.CORDIC_GEN\[3\].CORDIC.c\[10\]"  +all +trace_process

ucli% fsdbDumpflush 
*Verdi* : Flush all FSDB Files at 0 ps.

ucli% fsdbDumpvars 0 "simulator.DCRFLI.RF_GEN\[3\].RF.CORE.CORDIC_GEN\[4\].CORDIC.c\[10\]"  +all +trace_process

ucli% fsdbDumpflush 
*Verdi* : Flush all FSDB Files at 0 ps.

ucli% fsdbDumpvars 0 "simulator.DCRFLI.RF_GEN\[3\].RF.CORE.CORDIC_GEN\[5\].CORDIC.c\[10\]"  +all +trace_process

ucli% fsdbDumpflush 
*Verdi* : Flush all FSDB Files at 0 ps.

ucli% fsdbDumpvars 0 "simulator.DCRFLI.RF_GEN\[3\].RF.CORE.CORDIC_GEN\[6\].CORDIC.c\[10\]"  +all +trace_process

ucli% fsdbDumpflush 
*Verdi* : Flush all FSDB Files at 0 ps.

ucli% fsdbDumpvars 0 "simulator.DCRFLI.RF_GEN\[3\].RF.CORE.CORDIC_GEN\[7\].CORDIC.c\[10\]"  +all +trace_process

ucli% fsdbDumpflush 
*Verdi* : Flush all FSDB Files at 0 ps.

ucli% if {[catch {ucliCore::setFocus tool}]} {}

ucli% fsdbDumpvars 0 "simulator.DCRFLI.RF_GEN\[3\].RF.CORE.CORDIC_GEN\[0\].CORDIC.c\[9\]"  +all +trace_process

ucli% fsdbDumpflush 
*Verdi* : Flush all FSDB Files at 0 ps.

ucli% fsdbDumpvars 0 "simulator.DCRFLI.RF_GEN\[3\].RF.CORE.CORDIC_GEN\[1\].CORDIC.c\[9\]"  +all +trace_process

ucli% fsdbDumpflush 
*Verdi* : Flush all FSDB Files at 0 ps.

ucli% fsdbDumpvars 0 "simulator.DCRFLI.RF_GEN\[3\].RF.CORE.CORDIC_GEN\[2\].CORDIC.c\[9\]"  +all +trace_process

ucli% fsdbDumpflush 
*Verdi* : Flush all FSDB Files at 0 ps.

ucli% fsdbDumpvars 0 "simulator.DCRFLI.RF_GEN\[3\].RF.CORE.CORDIC_GEN\[3\].CORDIC.c\[9\]"  +all +trace_process

ucli% fsdbDumpflush 
*Verdi* : Flush all FSDB Files at 0 ps.

ucli% fsdbDumpvars 0 "simulator.DCRFLI.RF_GEN\[3\].RF.CORE.CORDIC_GEN\[4\].CORDIC.c\[9\]"  +all +trace_process

ucli% fsdbDumpflush 
*Verdi* : Flush all FSDB Files at 0 ps.

ucli% fsdbDumpvars 0 "simulator.DCRFLI.RF_GEN\[3\].RF.CORE.CORDIC_GEN\[5\].CORDIC.c\[9\]"  +all +trace_process

ucli% fsdbDumpflush 
*Verdi* : Flush all FSDB Files at 0 ps.

ucli% fsdbDumpvars 0 "simulator.DCRFLI.RF_GEN\[3\].RF.CORE.CORDIC_GEN\[6\].CORDIC.c\[9\]"  +all +trace_process

ucli% fsdbDumpflush 
*Verdi* : Flush all FSDB Files at 0 ps.

ucli% fsdbDumpvars 0 "simulator.DCRFLI.RF_GEN\[3\].RF.CORE.CORDIC_GEN\[7\].CORDIC.c\[9\]"  +all +trace_process

ucli% fsdbDumpflush 
*Verdi* : Flush all FSDB Files at 0 ps.

ucli% if {[catch {ucliCore::setFocus tool}]} {}

ucli% fsdbDumpvars 0 "simulator.DCRFLI.RF_GEN\[3\].RF.CORE.CORDIC_GEN\[0\].CORDIC.c\[8\]"  +all +trace_process

ucli% fsdbDumpflush 
*Verdi* : Flush all FSDB Files at 0 ps.

ucli% fsdbDumpvars 0 "simulator.DCRFLI.RF_GEN\[3\].RF.CORE.CORDIC_GEN\[1\].CORDIC.c\[8\]"  +all +trace_process

ucli% fsdbDumpflush 
*Verdi* : Flush all FSDB Files at 0 ps.

ucli% fsdbDumpvars 0 "simulator.DCRFLI.RF_GEN\[3\].RF.CORE.CORDIC_GEN\[2\].CORDIC.c\[8\]"  +all +trace_process

ucli% fsdbDumpflush 
*Verdi* : Flush all FSDB Files at 0 ps.

ucli% fsdbDumpvars 0 "simulator.DCRFLI.RF_GEN\[3\].RF.CORE.CORDIC_GEN\[3\].CORDIC.c\[8\]"  +all +trace_process

ucli% fsdbDumpflush 
*Verdi* : Flush all FSDB Files at 0 ps.

ucli% fsdbDumpvars 0 "simulator.DCRFLI.RF_GEN\[3\].RF.CORE.CORDIC_GEN\[4\].CORDIC.c\[8\]"  +all +trace_process

ucli% fsdbDumpflush 
*Verdi* : Flush all FSDB Files at 0 ps.

ucli% fsdbDumpvars 0 "simulator.DCRFLI.RF_GEN\[3\].RF.CORE.CORDIC_GEN\[5\].CORDIC.c\[8\]"  +all +trace_process

ucli% fsdbDumpflush 
*Verdi* : Flush all FSDB Files at 0 ps.

ucli% fsdbDumpvars 0 "simulator.DCRFLI.RF_GEN\[3\].RF.CORE.CORDIC_GEN\[6\].CORDIC.c\[8\]"  +all +trace_process

ucli% fsdbDumpflush 
*Verdi* : Flush all FSDB Files at 0 ps.

ucli% fsdbDumpvars 0 "simulator.DCRFLI.RF_GEN\[3\].RF.CORE.CORDIC_GEN\[7\].CORDIC.c\[8\]"  +all +trace_process

ucli% fsdbDumpflush 
*Verdi* : Flush all FSDB Files at 0 ps.

ucli% if {[catch {ucliCore::setFocus tool}]} {}

ucli% fsdbDumpvars 0 "simulator.DCRFLI.RF_GEN\[3\].RF.CORE.CORDIC_GEN\[0\].CORDIC.c\[7\]"  +all +trace_process

ucli% fsdbDumpflush 
*Verdi* : Flush all FSDB Files at 0 ps.

ucli% fsdbDumpvars 0 "simulator.DCRFLI.RF_GEN\[3\].RF.CORE.CORDIC_GEN\[1\].CORDIC.c\[7\]"  +all +trace_process

ucli% fsdbDumpflush 
*Verdi* : Flush all FSDB Files at 0 ps.

ucli% fsdbDumpvars 0 "simulator.DCRFLI.RF_GEN\[3\].RF.CORE.CORDIC_GEN\[2\].CORDIC.c\[7\]"  +all +trace_process

ucli% fsdbDumpflush 
*Verdi* : Flush all FSDB Files at 0 ps.

ucli% fsdbDumpvars 0 "simulator.DCRFLI.RF_GEN\[3\].RF.CORE.CORDIC_GEN\[3\].CORDIC.c\[7\]"  +all +trace_process

ucli% fsdbDumpflush 
*Verdi* : Flush all FSDB Files at 0 ps.

ucli% fsdbDumpvars 0 "simulator.DCRFLI.RF_GEN\[3\].RF.CORE.CORDIC_GEN\[4\].CORDIC.c\[7\]"  +all +trace_process

ucli% fsdbDumpflush 
*Verdi* : Flush all FSDB Files at 0 ps.

ucli% fsdbDumpvars 0 "simulator.DCRFLI.RF_GEN\[3\].RF.CORE.CORDIC_GEN\[5\].CORDIC.c\[7\]"  +all +trace_process

ucli% fsdbDumpflush 
*Verdi* : Flush all FSDB Files at 0 ps.

ucli% fsdbDumpvars 0 "simulator.DCRFLI.RF_GEN\[3\].RF.CORE.CORDIC_GEN\[6\].CORDIC.c\[7\]"  +all +trace_process

ucli% fsdbDumpflush 
*Verdi* : Flush all FSDB Files at 0 ps.

ucli% fsdbDumpvars 0 "simulator.DCRFLI.RF_GEN\[3\].RF.CORE.CORDIC_GEN\[7\].CORDIC.c\[7\]"  +all +trace_process

ucli% fsdbDumpflush 
*Verdi* : Flush all FSDB Files at 0 ps.

ucli% if {[catch {ucliCore::setFocus tool}]} {}

ucli% fsdbDumpvars 0 "simulator.DCRFLI.RF_GEN\[3\].RF.CORE.CORDIC_GEN\[0\].CORDIC.c\[6\]"  +all +trace_process

ucli% fsdbDumpflush 
*Verdi* : Flush all FSDB Files at 0 ps.

ucli% fsdbDumpvars 0 "simulator.DCRFLI.RF_GEN\[3\].RF.CORE.CORDIC_GEN\[1\].CORDIC.c\[6\]"  +all +trace_process

ucli% fsdbDumpflush 
*Verdi* : Flush all FSDB Files at 0 ps.

ucli% fsdbDumpvars 0 "simulator.DCRFLI.RF_GEN\[3\].RF.CORE.CORDIC_GEN\[2\].CORDIC.c\[6\]"  +all +trace_process

ucli% fsdbDumpflush 
*Verdi* : Flush all FSDB Files at 0 ps.

ucli% fsdbDumpvars 0 "simulator.DCRFLI.RF_GEN\[3\].RF.CORE.CORDIC_GEN\[3\].CORDIC.c\[6\]"  +all +trace_process

ucli% fsdbDumpflush 
*Verdi* : Flush all FSDB Files at 0 ps.

ucli% fsdbDumpvars 0 "simulator.DCRFLI.RF_GEN\[3\].RF.CORE.CORDIC_GEN\[4\].CORDIC.c\[6\]"  +all +trace_process

ucli% fsdbDumpflush 
*Verdi* : Flush all FSDB Files at 0 ps.

ucli% fsdbDumpvars 0 "simulator.DCRFLI.RF_GEN\[3\].RF.CORE.CORDIC_GEN\[5\].CORDIC.c\[6\]"  +all +trace_process

ucli% fsdbDumpflush 
*Verdi* : Flush all FSDB Files at 0 ps.

ucli% fsdbDumpvars 0 "simulator.DCRFLI.RF_GEN\[3\].RF.CORE.CORDIC_GEN\[6\].CORDIC.c\[6\]"  +all +trace_process

ucli% fsdbDumpflush 
*Verdi* : Flush all FSDB Files at 0 ps.

ucli% fsdbDumpvars 0 "simulator.DCRFLI.RF_GEN\[3\].RF.CORE.CORDIC_GEN\[7\].CORDIC.c\[6\]"  +all +trace_process

ucli% fsdbDumpflush 
*Verdi* : Flush all FSDB Files at 0 ps.

ucli% if {[catch {ucliCore::setFocus tool}]} {}

ucli% fsdbDumpvars 0 "simulator.DCRFLI.RF_GEN\[3\].RF.CORE.CORDIC_GEN\[0\].CORDIC.c\[5\]"  +all +trace_process

ucli% fsdbDumpflush 
*Verdi* : Flush all FSDB Files at 0 ps.

ucli% fsdbDumpvars 0 "simulator.DCRFLI.RF_GEN\[3\].RF.CORE.CORDIC_GEN\[1\].CORDIC.c\[5\]"  +all +trace_process

ucli% fsdbDumpflush 
*Verdi* : Flush all FSDB Files at 0 ps.

ucli% fsdbDumpvars 0 "simulator.DCRFLI.RF_GEN\[3\].RF.CORE.CORDIC_GEN\[2\].CORDIC.c\[5\]"  +all +trace_process

ucli% fsdbDumpflush 
*Verdi* : Flush all FSDB Files at 0 ps.

ucli% fsdbDumpvars 0 "simulator.DCRFLI.RF_GEN\[3\].RF.CORE.CORDIC_GEN\[3\].CORDIC.c\[5\]"  +all +trace_process

ucli% fsdbDumpflush 
*Verdi* : Flush all FSDB Files at 0 ps.

ucli% fsdbDumpvars 0 "simulator.DCRFLI.RF_GEN\[3\].RF.CORE.CORDIC_GEN\[4\].CORDIC.c\[5\]"  +all +trace_process

ucli% fsdbDumpflush 
*Verdi* : Flush all FSDB Files at 0 ps.

ucli% fsdbDumpvars 0 "simulator.DCRFLI.RF_GEN\[3\].RF.CORE.CORDIC_GEN\[5\].CORDIC.c\[5\]"  +all +trace_process

ucli% fsdbDumpflush 
*Verdi* : Flush all FSDB Files at 0 ps.

ucli% fsdbDumpvars 0 "simulator.DCRFLI.RF_GEN\[3\].RF.CORE.CORDIC_GEN\[6\].CORDIC.c\[5\]"  +all +trace_process

ucli% fsdbDumpflush 
*Verdi* : Flush all FSDB Files at 0 ps.

ucli% fsdbDumpvars 0 "simulator.DCRFLI.RF_GEN\[3\].RF.CORE.CORDIC_GEN\[7\].CORDIC.c\[5\]"  +all +trace_process

ucli% fsdbDumpflush 
*Verdi* : Flush all FSDB Files at 0 ps.

ucli% if {[catch {ucliCore::setFocus tool}]} {}

ucli% fsdbDumpvars 0 "simulator.DCRFLI.RF_GEN\[3\].RF.CORE.CORDIC_GEN\[0\].CORDIC.c\[4\]"  +all +trace_process

ucli% fsdbDumpflush 
*Verdi* : Flush all FSDB Files at 0 ps.

ucli% fsdbDumpvars 0 "simulator.DCRFLI.RF_GEN\[3\].RF.CORE.CORDIC_GEN\[1\].CORDIC.c\[4\]"  +all +trace_process

ucli% fsdbDumpflush 
*Verdi* : Flush all FSDB Files at 0 ps.

ucli% fsdbDumpvars 0 "simulator.DCRFLI.RF_GEN\[3\].RF.CORE.CORDIC_GEN\[2\].CORDIC.c\[4\]"  +all +trace_process

ucli% fsdbDumpflush 
*Verdi* : Flush all FSDB Files at 0 ps.

ucli% fsdbDumpvars 0 "simulator.DCRFLI.RF_GEN\[3\].RF.CORE.CORDIC_GEN\[3\].CORDIC.c\[4\]"  +all +trace_process

ucli% fsdbDumpflush 
*Verdi* : Flush all FSDB Files at 0 ps.

ucli% fsdbDumpvars 0 "simulator.DCRFLI.RF_GEN\[3\].RF.CORE.CORDIC_GEN\[4\].CORDIC.c\[4\]"  +all +trace_process

ucli% fsdbDumpflush 
*Verdi* : Flush all FSDB Files at 0 ps.

ucli% fsdbDumpvars 0 "simulator.DCRFLI.RF_GEN\[3\].RF.CORE.CORDIC_GEN\[5\].CORDIC.c\[4\]"  +all +trace_process

ucli% fsdbDumpflush 
*Verdi* : Flush all FSDB Files at 0 ps.

ucli% fsdbDumpvars 0 "simulator.DCRFLI.RF_GEN\[3\].RF.CORE.CORDIC_GEN\[6\].CORDIC.c\[4\]"  +all +trace_process

ucli% fsdbDumpflush 
*Verdi* : Flush all FSDB Files at 0 ps.

ucli% fsdbDumpvars 0 "simulator.DCRFLI.RF_GEN\[3\].RF.CORE.CORDIC_GEN\[7\].CORDIC.c\[4\]"  +all +trace_process

ucli% fsdbDumpflush 
*Verdi* : Flush all FSDB Files at 0 ps.

ucli% if {[catch {ucliCore::setFocus tool}]} {}

ucli% fsdbDumpvars 0 "simulator.DCRFLI.RF_GEN\[3\].RF.CORE.CORDIC_GEN\[0\].CORDIC.c\[3\]"  +all +trace_process

ucli% fsdbDumpflush 
*Verdi* : Flush all FSDB Files at 0 ps.

ucli% fsdbDumpvars 0 "simulator.DCRFLI.RF_GEN\[3\].RF.CORE.CORDIC_GEN\[1\].CORDIC.c\[3\]"  +all +trace_process

ucli% fsdbDumpflush 
*Verdi* : Flush all FSDB Files at 0 ps.

ucli% fsdbDumpvars 0 "simulator.DCRFLI.RF_GEN\[3\].RF.CORE.CORDIC_GEN\[2\].CORDIC.c\[3\]"  +all +trace_process

ucli% fsdbDumpflush 
*Verdi* : Flush all FSDB Files at 0 ps.

ucli% fsdbDumpvars 0 "simulator.DCRFLI.RF_GEN\[3\].RF.CORE.CORDIC_GEN\[3\].CORDIC.c\[3\]"  +all +trace_process

ucli% fsdbDumpflush 
*Verdi* : Flush all FSDB Files at 0 ps.

ucli% fsdbDumpvars 0 "simulator.DCRFLI.RF_GEN\[3\].RF.CORE.CORDIC_GEN\[4\].CORDIC.c\[3\]"  +all +trace_process

ucli% fsdbDumpflush 
*Verdi* : Flush all FSDB Files at 0 ps.

ucli% fsdbDumpvars 0 "simulator.DCRFLI.RF_GEN\[3\].RF.CORE.CORDIC_GEN\[5\].CORDIC.c\[3\]"  +all +trace_process

ucli% fsdbDumpflush 
*Verdi* : Flush all FSDB Files at 0 ps.

ucli% fsdbDumpvars 0 "simulator.DCRFLI.RF_GEN\[3\].RF.CORE.CORDIC_GEN\[6\].CORDIC.c\[3\]"  +all +trace_process

ucli% fsdbDumpflush 
*Verdi* : Flush all FSDB Files at 0 ps.

ucli% fsdbDumpvars 0 "simulator.DCRFLI.RF_GEN\[3\].RF.CORE.CORDIC_GEN\[7\].CORDIC.c\[3\]"  +all +trace_process

ucli% fsdbDumpflush 
*Verdi* : Flush all FSDB Files at 0 ps.

ucli% if {[catch {ucliCore::setFocus tool}]} {}

ucli% fsdbDumpvars 0 "simulator.DCRFLI.RF_GEN\[3\].RF.CORE.CORDIC_GEN\[0\].CORDIC.c\[2\]"  +all +trace_process

ucli% fsdbDumpflush 
*Verdi* : Flush all FSDB Files at 0 ps.

ucli% fsdbDumpvars 0 "simulator.DCRFLI.RF_GEN\[3\].RF.CORE.CORDIC_GEN\[1\].CORDIC.c\[2\]"  +all +trace_process

ucli% fsdbDumpflush 
*Verdi* : Flush all FSDB Files at 0 ps.

ucli% fsdbDumpvars 0 "simulator.DCRFLI.RF_GEN\[3\].RF.CORE.CORDIC_GEN\[2\].CORDIC.c\[2\]"  +all +trace_process

ucli% fsdbDumpflush 
*Verdi* : Flush all FSDB Files at 0 ps.

ucli% fsdbDumpvars 0 "simulator.DCRFLI.RF_GEN\[3\].RF.CORE.CORDIC_GEN\[3\].CORDIC.c\[2\]"  +all +trace_process

ucli% fsdbDumpflush 
*Verdi* : Flush all FSDB Files at 0 ps.

ucli% fsdbDumpvars 0 "simulator.DCRFLI.RF_GEN\[3\].RF.CORE.CORDIC_GEN\[4\].CORDIC.c\[2\]"  +all +trace_process

ucli% fsdbDumpflush 
*Verdi* : Flush all FSDB Files at 0 ps.

ucli% fsdbDumpvars 0 "simulator.DCRFLI.RF_GEN\[3\].RF.CORE.CORDIC_GEN\[5\].CORDIC.c\[2\]"  +all +trace_process

ucli% fsdbDumpflush 
*Verdi* : Flush all FSDB Files at 0 ps.

ucli% fsdbDumpvars 0 "simulator.DCRFLI.RF_GEN\[3\].RF.CORE.CORDIC_GEN\[6\].CORDIC.c\[2\]"  +all +trace_process

ucli% fsdbDumpflush 
*Verdi* : Flush all FSDB Files at 0 ps.

ucli% fsdbDumpvars 0 "simulator.DCRFLI.RF_GEN\[3\].RF.CORE.CORDIC_GEN\[7\].CORDIC.c\[2\]"  +all +trace_process

ucli% fsdbDumpflush 
*Verdi* : Flush all FSDB Files at 0 ps.

ucli% if {[catch {ucliCore::setFocus tool}]} {}

ucli% fsdbDumpvars 0 "simulator.DCRFLI.RF_GEN\[3\].RF.CORE.CORDIC_GEN\[0\].CORDIC.c\[1\]"  +all +trace_process

ucli% fsdbDumpflush 
*Verdi* : Flush all FSDB Files at 0 ps.

ucli% fsdbDumpvars 0 "simulator.DCRFLI.RF_GEN\[3\].RF.CORE.CORDIC_GEN\[1\].CORDIC.c\[1\]"  +all +trace_process

ucli% fsdbDumpflush 
*Verdi* : Flush all FSDB Files at 0 ps.

ucli% fsdbDumpvars 0 "simulator.DCRFLI.RF_GEN\[3\].RF.CORE.CORDIC_GEN\[2\].CORDIC.c\[1\]"  +all +trace_process

ucli% fsdbDumpflush 
*Verdi* : Flush all FSDB Files at 0 ps.

ucli% fsdbDumpvars 0 "simulator.DCRFLI.RF_GEN\[3\].RF.CORE.CORDIC_GEN\[3\].CORDIC.c\[1\]"  +all +trace_process

ucli% fsdbDumpflush 
*Verdi* : Flush all FSDB Files at 0 ps.

ucli% fsdbDumpvars 0 "simulator.DCRFLI.RF_GEN\[3\].RF.CORE.CORDIC_GEN\[4\].CORDIC.c\[1\]"  +all +trace_process

ucli% fsdbDumpflush 
*Verdi* : Flush all FSDB Files at 0 ps.

ucli% fsdbDumpvars 0 "simulator.DCRFLI.RF_GEN\[3\].RF.CORE.CORDIC_GEN\[5\].CORDIC.c\[1\]"  +all +trace_process

ucli% fsdbDumpflush 
*Verdi* : Flush all FSDB Files at 0 ps.

ucli% fsdbDumpvars 0 "simulator.DCRFLI.RF_GEN\[3\].RF.CORE.CORDIC_GEN\[6\].CORDIC.c\[1\]"  +all +trace_process

ucli% fsdbDumpflush 
*Verdi* : Flush all FSDB Files at 0 ps.

ucli% fsdbDumpvars 0 "simulator.DCRFLI.RF_GEN\[3\].RF.CORE.CORDIC_GEN\[7\].CORDIC.c\[1\]"  +all +trace_process

ucli% fsdbDumpflush 
*Verdi* : Flush all FSDB Files at 0 ps.

ucli% if {[catch {ucliCore::setFocus tool}]} {}

ucli% fsdbDumpvars 0 "simulator.DCRFLI.RF_GEN\[3\].RF.CORE.CORDIC_GEN\[0\].CORDIC.c\[0\]"  +all +trace_process

ucli% fsdbDumpflush 
*Verdi* : Flush all FSDB Files at 0 ps.

ucli% fsdbDumpvars 0 "simulator.DCRFLI.RF_GEN\[3\].RF.CORE.CORDIC_GEN\[1\].CORDIC.c\[0\]"  +all +trace_process

ucli% fsdbDumpflush 
*Verdi* : Flush all FSDB Files at 0 ps.

ucli% fsdbDumpvars 0 "simulator.DCRFLI.RF_GEN\[3\].RF.CORE.CORDIC_GEN\[2\].CORDIC.c\[0\]"  +all +trace_process

ucli% fsdbDumpflush 
*Verdi* : Flush all FSDB Files at 0 ps.

ucli% fsdbDumpvars 0 "simulator.DCRFLI.RF_GEN\[3\].RF.CORE.CORDIC_GEN\[3\].CORDIC.c\[0\]"  +all +trace_process

ucli% fsdbDumpflush 
*Verdi* : Flush all FSDB Files at 0 ps.

ucli% fsdbDumpvars 0 "simulator.DCRFLI.RF_GEN\[3\].RF.CORE.CORDIC_GEN\[4\].CORDIC.c\[0\]"  +all +trace_process

ucli% fsdbDumpflush 
*Verdi* : Flush all FSDB Files at 0 ps.

ucli% fsdbDumpvars 0 "simulator.DCRFLI.RF_GEN\[3\].RF.CORE.CORDIC_GEN\[5\].CORDIC.c\[0\]"  +all +trace_process

ucli% fsdbDumpflush 
*Verdi* : Flush all FSDB Files at 0 ps.

ucli% fsdbDumpvars 0 "simulator.DCRFLI.RF_GEN\[3\].RF.CORE.CORDIC_GEN\[6\].CORDIC.c\[0\]"  +all +trace_process

ucli% fsdbDumpflush 
*Verdi* : Flush all FSDB Files at 0 ps.

ucli% fsdbDumpvars 0 "simulator.DCRFLI.RF_GEN\[3\].RF.CORE.CORDIC_GEN\[7\].CORDIC.c\[0\]"  +all +trace_process

ucli% fsdbDumpflush 
*Verdi* : Flush all FSDB Files at 0 ps.

ucli% if {[catch {ucliCore::setFocus tool}]} {}

ucli% fsdbDumpvars 0 "simulator.DCRFLI.RF_GEN\[3\].RF.CORE.i_clk"  +all +trace_process

ucli% fsdbDumpflush 
*Verdi* : Flush all FSDB Files at 0 ps.

ucli% fsdbDumpvars 0 "simulator.DCRFLI.RF_GEN\[3\].RF.CORE.i_rst"  +all +trace_process

ucli% fsdbDumpflush 
*Verdi* : Flush all FSDB Files at 0 ps.

ucli% fsdbDumpvars 0 "simulator.DCRFLI.RF_GEN\[3\].RF.CORE.w_stall"  +all +trace_process

ucli% fsdbDumpflush 
*Verdi* : Flush all FSDB Files at 0 ps.

ucli% if {[catch {ucliCore::setFocus tool}]} {}

ucli% fsdbDumpvars 0 "simulator.DCRFLI.RF_GEN\[3\].RF.CORE.d"  +all +trace_process

ucli% fsdbDumpflush 
*Verdi* : Flush all FSDB Files at 0 ps.

ucli% fsdbDumpvars 0 "simulator.DCRFLI.RF_GEN\[3\].RF.CORE.i_empty"  +all +trace_process

ucli% fsdbDumpflush 
*Verdi* : Flush all FSDB Files at 0 ps.

ucli% fsdbDumpvars 0 "simulator.DCRFLI.RF_GEN\[3\].RF.CORE.o_next"  +all +trace_process

ucli% fsdbDumpflush 
*Verdi* : Flush all FSDB Files at 0 ps.

ucli% fsdbDumpvars 0 "simulator.DCRFLI.RF_GEN\[3\].RF.CORE.i_addr\[3:0\]"  +all +trace_process

ucli% fsdbDumpflush 
*Verdi* : Flush all FSDB Files at 0 ps.

ucli% fsdbDumpvars 0 "simulator.DCRFLI.RF_GEN\[3\].RF.CORE.i_insn"  +all +trace_process

ucli% fsdbDumpflush 
*Verdi* : Flush all FSDB Files at 0 ps.

ucli% fsdbDumpvars 0 "simulator.DCRFLI.RF_GEN\[3\].RF.CORE.o_insn_modified"  +all +trace_process

ucli% fsdbDumpflush 
*Verdi* : Flush all FSDB Files at 0 ps.

ucli% if {[catch {ucliCore::setFocus tool}]} {}

ucli% fsdbDumpvars 0 "simulator.DCRFLI.RF_GEN\[3\].RF.CORE.p"  +all +trace_process

ucli% fsdbDumpflush 
*Verdi* : Flush all FSDB Files at 0 ps.

ucli% if {[catch {ucliCore::setFocus tool}]} {}

ucli% fsdbDumpvars 0 "simulator.DCRFLI.RF_GEN\[3\].RF.CORE.w_new_phase"  +all +trace_process

ucli% fsdbDumpflush 
*Verdi* : Flush all FSDB Files at 0 ps.

ucli% if {[catch {ucliCore::setFocus tool}]} {}

ucli% fsdbDumpvars 0 "simulator.DCRFLI.RF_GEN\[3\].RF.CORE.r"  +all +trace_process

ucli% fsdbDumpflush 
*Verdi* : Flush all FSDB Files at 0 ps.

ucli% if {[catch {ucliCore::setFocus tool}]} {}

ucli% fsdbDumpvars 0 "simulator.DCRFLI.RF_GEN\[3\].RF.CORE.o_armed"  +all +trace_process

ucli% fsdbDumpflush 
*Verdi* : Flush all FSDB Files at 0 ps.

ucli% if {[catch {ucliCore::setFocus tool}]} {}

ucli% fsdbDumpvars 0 "simulator.DCRFLI.RF_GEN\[3\].RF.CORE.i_start"  +all +trace_process

ucli% fsdbDumpflush 
*Verdi* : Flush all FSDB Files at 0 ps.

ucli% if {[catch {ucliCore::setFocus tool}]} {}

ucli% fsdbDumpvars 0 "simulator.DCRFLI.RF_GEN\[3\].RF.CORE.o_addr\[3:0\]"  +all +trace_process

ucli% fsdbDumpflush 
*Verdi* : Flush all FSDB Files at 0 ps.

ucli% if {[catch {ucliCore::setFocus tool}]} {}

ucli% fsdbDumpvars 0 "simulator.DCRFLI.RF_GEN\[3\].RF.CORE.o_sample_start\[19:0\]"  +all +trace_process

ucli% fsdbDumpflush 
*Verdi* : Flush all FSDB Files at 0 ps.

ucli% if {[catch {ucliCore::setFocus tool}]} {}

ucli% fsdbDumpvars 0 "simulator.DCRFLI.RF_GEN\[3\].RF.CORE.o_sample_end\[19:0\]"  +all +trace_process

ucli% fsdbDumpflush 
*Verdi* : Flush all FSDB Files at 0 ps.

ucli% if {[catch {ucliCore::setFocus tool}]} {}

ucli% fsdbDumpvars 0 "simulator.DCRFLI.RF_GEN\[3\].RF.CORE.o_QIx8\[255:0\]"  +all +trace_process

ucli% fsdbDumpflush 
*Verdi* : Flush all FSDB Files at 0 ps.

ucli% if {[catch {ucliCore::setFocus tool}]} {}

ucli% fsdbDumpvars 0 "simulator.RF_IO_GEN\[3\].DAC.i_clk"  +all +trace_process

ucli% fsdbDumpflush 
*Verdi* : Flush all FSDB Files at 0 ps.

ucli% fsdbDumpvars 0 "simulator.RF_IO_GEN\[3\].DAC.i_dac_clk"  +all +trace_process

ucli% fsdbDumpflush 
*Verdi* : Flush all FSDB Files at 0 ps.

ucli% fsdbDumpvars 0 "simulator.RF_IO_GEN\[3\].DAC.dac_cycle"  +all +trace_process

ucli% fsdbDumpflush 
*Verdi* : Flush all FSDB Files at 0 ps.

ucli% fsdbDumpvars 0 "simulator.RF_IO_GEN\[3\].DAC.i_QIx8\[255:0\]"  +all +trace_process

ucli% fsdbDumpflush 
*Verdi* : Flush all FSDB Files at 0 ps.

ucli% if {[catch {ucliCore::setFocus tool}]} {}

ucli% fsdbDumpvars 0 "simulator.RF_IO_GEN\[3\].DAC.w_Ix8\[7:0\]\[13:0\]"  +all +trace_process

ucli% fsdbDumpflush 
*Verdi* : Flush all FSDB Files at 0 ps.

ucli% fsdbDumpvars 0 "simulator.RF_IO_GEN\[3\].DAC.w_Qx8\[7:0\]\[13:0\]"  +all +trace_process

ucli% fsdbDumpflush 
*Verdi* : Flush all FSDB Files at 0 ps.

ucli% fsdbDumpvars 0 "simulator.RF_IO_GEN\[3\].DAC.o_I\[13:0\]"  +all +trace_process

ucli% fsdbDumpflush 
*Verdi* : Flush all FSDB Files at 0 ps.

ucli% fsdbDumpvars 0 "simulator.RF_IO_GEN\[3\].DAC.o_Q\[13:0\]"  +all +trace_process

ucli% fsdbDumpflush 
*Verdi* : Flush all FSDB Files at 0 ps.

ucli% fsdbDumpvars 0 "simulator.RF_IO_GEN\[3\].DAC.I"  +all +trace_process

ucli% fsdbDumpflush 
*Verdi* : Flush all FSDB Files at 0 ps.

ucli% fsdbDumpvars 0 "simulator.RF_IO_GEN\[3\].DAC.Q"  +all +trace_process

ucli% fsdbDumpflush 
*Verdi* : Flush all FSDB Files at 0 ps.

ucli% fsdbDumpvars 0 "simulator.RF_IO_GEN\[3\].DAC.deg"  +all +trace_process

ucli% fsdbDumpflush 
*Verdi* : Flush all FSDB Files at 0 ps.

ucli% fsdbDumpvars 0 "simulator.RF_IO_GEN\[3\].DAC.rad"  +all +trace_process

ucli% fsdbDumpflush 
*Verdi* : Flush all FSDB Files at 0 ps.

ucli% fsdbDumpvars 0 "simulator.RF_IO_GEN\[3\].DAC.nco_i"  +all +trace_process

ucli% fsdbDumpflush 
*Verdi* : Flush all FSDB Files at 0 ps.

ucli% fsdbDumpvars 0 "simulator.RF_IO_GEN\[3\].DAC.nco_q"  +all +trace_process

ucli% fsdbDumpflush 
*Verdi* : Flush all FSDB Files at 0 ps.

ucli% fsdbDumpvars 0 "simulator.RF_IO_GEN\[3\].DAC.o_vrf"  +all +trace_process

ucli% fsdbDumpflush 
*Verdi* : Flush all FSDB Files at 0 ps.

ucli% if {[catch {ucliCore::setFocus tool}]} {}

ucli% fsdbDumpvars 0 "simulator.RF_IO_GEN\[2\].REGS.AXIL_REGS.i_aclk"  +all +trace_process

ucli% fsdbDumpflush 
*Verdi* : Flush all FSDB Files at 0 ps.

ucli% fsdbDumpvars 0 "simulator.RF_IO_GEN\[2\].REGS.AXIL_REGS.i_aresetn"  +all +trace_process

ucli% fsdbDumpflush 
*Verdi* : Flush all FSDB Files at 0 ps.

ucli% fsdbDumpvars 0 "simulator.RF_IO_GEN\[2\].REGS.AXIL_REGS.r_regs\[0:65\]\[31:0\]"  +all +trace_process

ucli% fsdbDumpflush 
*Verdi* : Flush all FSDB Files at 0 ps.

ucli% fsdbDumpvars 0 "simulator.RF_IO_GEN\[2\].REGS.AXIL_REGS.o_regs\[0:65\]\[31:0\]"  +all +trace_process

ucli% fsdbDumpflush 
*Verdi* : Flush all FSDB Files at 0 ps.

ucli% if {[catch {ucliCore::setFocus tool}]} {}

ucli% fsdbDumpvars 0 "simulator.RF_IO_GEN\[2\].REGS.AXIL_REGS.o_awready"  +all +trace_process

ucli% fsdbDumpflush 
*Verdi* : Flush all FSDB Files at 0 ps.

ucli% fsdbDumpvars 0 "simulator.RF_IO_GEN\[2\].REGS.AXIL_REGS.i_awvalid"  +all +trace_process

ucli% fsdbDumpflush 
*Verdi* : Flush all FSDB Files at 0 ps.

ucli% fsdbDumpvars 0 "simulator.RF_IO_GEN\[2\].REGS.AXIL_REGS.i_awaddr\[8:0\]"  +all +trace_process

ucli% fsdbDumpflush 
*Verdi* : Flush all FSDB Files at 0 ps.

ucli% fsdbDumpvars 0 "simulator.RF_IO_GEN\[2\].REGS.AXIL_REGS.w_awireg\[6:0\]"  +all +trace_process

ucli% fsdbDumpflush 
*Verdi* : Flush all FSDB Files at 0 ps.

ucli% fsdbDumpvars 0 "simulator.RF_IO_GEN\[2\].REGS.AXIL_REGS.w_awls2b\[1:0\]"  +all +trace_process

ucli% fsdbDumpflush 
*Verdi* : Flush all FSDB Files at 0 ps.

ucli% if {[catch {ucliCore::setFocus tool}]} {}

ucli% fsdbDumpvars 0 "simulator.RF_IO_GEN\[2\].REGS.AXIL_REGS.o_wready"  +all +trace_process

ucli% fsdbDumpflush 
*Verdi* : Flush all FSDB Files at 0 ps.

ucli% fsdbDumpvars 0 "simulator.RF_IO_GEN\[2\].REGS.AXIL_REGS.i_wvalid"  +all +trace_process

ucli% fsdbDumpflush 
*Verdi* : Flush all FSDB Files at 0 ps.

ucli% fsdbDumpvars 0 "simulator.RF_IO_GEN\[2\].REGS.AXIL_REGS.i_wdata\[31:0\]"  +all +trace_process

ucli% fsdbDumpflush 
*Verdi* : Flush all FSDB Files at 0 ps.

ucli% fsdbDumpvars 0 "simulator.RF_IO_GEN\[2\].REGS.AXIL_REGS.i_wstrb\[3:0\]"  +all +trace_process

ucli% fsdbDumpflush 
*Verdi* : Flush all FSDB Files at 0 ps.

ucli% fsdbDumpvars 0 "simulator.RF_IO_GEN\[2\].REGS.AXIL_REGS.w_wdatastrb\[31:0\]"  +all +trace_process

ucli% fsdbDumpflush 
*Verdi* : Flush all FSDB Files at 0 ps.

ucli% if {[catch {ucliCore::setFocus tool}]} {}

ucli% fsdbDumpvars 0 "simulator.RF_IO_GEN\[2\].REGS.AXIL_REGS.i_bready"  +all +trace_process

ucli% fsdbDumpflush 
*Verdi* : Flush all FSDB Files at 0 ps.

ucli% fsdbDumpvars 0 "simulator.RF_IO_GEN\[2\].REGS.AXIL_REGS.o_bvalid"  +all +trace_process

ucli% fsdbDumpflush 
*Verdi* : Flush all FSDB Files at 0 ps.

ucli% fsdbDumpvars 0 "simulator.RF_IO_GEN\[2\].REGS.AXIL_REGS.o_bresp\[1:0\]"  +all +trace_process

ucli% fsdbDumpflush 
*Verdi* : Flush all FSDB Files at 0 ps.

ucli% if {[catch {ucliCore::setFocus tool}]} {}

ucli% fsdbDumpvars 0 "simulator.RF_IO_GEN\[2\].REGS.AXIL_REGS.o_arready"  +all +trace_process

ucli% fsdbDumpflush 
*Verdi* : Flush all FSDB Files at 0 ps.

ucli% fsdbDumpvars 0 "simulator.RF_IO_GEN\[2\].REGS.AXIL_REGS.i_arvalid"  +all +trace_process

ucli% fsdbDumpflush 
*Verdi* : Flush all FSDB Files at 0 ps.

ucli% fsdbDumpvars 0 "simulator.RF_IO_GEN\[2\].REGS.AXIL_REGS.i_araddr\[8:0\]"  +all +trace_process

ucli% fsdbDumpflush 
*Verdi* : Flush all FSDB Files at 0 ps.

ucli% fsdbDumpvars 0 "simulator.RF_IO_GEN\[2\].REGS.AXIL_REGS.w_arireg\[6:0\]"  +all +trace_process

ucli% fsdbDumpflush 
*Verdi* : Flush all FSDB Files at 0 ps.

ucli% fsdbDumpvars 0 "simulator.RF_IO_GEN\[2\].REGS.AXIL_REGS.w_arls2b\[1:0\]"  +all +trace_process

ucli% fsdbDumpflush 
*Verdi* : Flush all FSDB Files at 0 ps.

ucli% if {[catch {ucliCore::setFocus tool}]} {}

ucli% fsdbDumpvars 0 "simulator.RF_IO_GEN\[2\].REGS.AXIL_REGS.i_rready"  +all +trace_process

ucli% fsdbDumpflush 
*Verdi* : Flush all FSDB Files at 0 ps.

ucli% fsdbDumpvars 0 "simulator.RF_IO_GEN\[2\].REGS.AXIL_REGS.o_rvalid"  +all +trace_process

ucli% fsdbDumpflush 
*Verdi* : Flush all FSDB Files at 0 ps.

ucli% fsdbDumpvars 0 "simulator.RF_IO_GEN\[2\].REGS.AXIL_REGS.o_rdata\[31:0\]"  +all +trace_process

ucli% fsdbDumpflush 
*Verdi* : Flush all FSDB Files at 0 ps.

ucli% fsdbDumpvars 0 "simulator.RF_IO_GEN\[2\].REGS.AXIL_REGS.o_rresp\[1:0\]"  +all +trace_process

ucli% fsdbDumpflush 
*Verdi* : Flush all FSDB Files at 0 ps.

ucli% if {[catch {ucliCore::setFocus tool}]} {}

ucli% fsdbDumpvars 0 "simulator.DCRFLI.RF_GEN\[2\].RF.SEQ.i_clk"  +all +trace_process

ucli% fsdbDumpflush 
*Verdi* : Flush all FSDB Files at 0 ps.

ucli% fsdbDumpvars 0 "simulator.DCRFLI.RF_GEN\[2\].RF.SEQ.i_rst"  +all +trace_process

ucli% fsdbDumpflush 
*Verdi* : Flush all FSDB Files at 0 ps.

ucli% fsdbDumpvars 0 "simulator.DCRFLI.RF_GEN\[2\].RF.SEQ.w_propagate"  +all +trace_process

ucli% fsdbDumpflush 
*Verdi* : Flush all FSDB Files at 0 ps.

ucli% if {[catch {ucliCore::setFocus tool}]} {}

ucli% fsdbDumpvars 0 "simulator.DCRFLI.RF_GEN\[2\].RF.SEQ.i_regs\[0:65\]\[31:0\]"  +all +trace_process

ucli% fsdbDumpflush 
*Verdi* : Flush all FSDB Files at 0 ps.

ucli% fsdbDumpvars 0 "simulator.DCRFLI.RF_GEN\[2\].RF.SEQ.w_last0"  +all +trace_process

ucli% fsdbDumpflush 
*Verdi* : Flush all FSDB Files at 0 ps.

ucli% fsdbDumpvars 0 "simulator.DCRFLI.RF_GEN\[2\].RF.SEQ.w_last0_ff1"  +all +trace_process

ucli% fsdbDumpflush 
*Verdi* : Flush all FSDB Files at 0 ps.

ucli% fsdbDumpvars 0 "simulator.DCRFLI.RF_GEN\[2\].RF.SEQ.w_last0_ff2"  +all +trace_process

ucli% fsdbDumpflush 
*Verdi* : Flush all FSDB Files at 0 ps.

ucli% fsdbDumpvars 0 "simulator.DCRFLI.RF_GEN\[2\].RF.SEQ.w_new_sequence"  +all +trace_process

ucli% fsdbDumpflush 
*Verdi* : Flush all FSDB Files at 0 ps.

ucli% if {[catch {ucliCore::setFocus tool}]} {}

ucli% fsdbDumpvars 0 "simulator.DCRFLI.RF_GEN\[2\].RF.SEQ.r_sequence\[0:15\]\[114:0\]"  +all +trace_process

ucli% fsdbDumpflush 
*Verdi* : Flush all FSDB Files at 0 ps.

ucli% fsdbDumpvars 0 "simulator.DCRFLI.RF_GEN\[2\].RF.SEQ.r_iters\[10:0\]"  +all +trace_process

ucli% fsdbDumpflush 
*Verdi* : Flush all FSDB Files at 0 ps.

ucli% fsdbDumpvars 0 "simulator.DCRFLI.RF_GEN\[2\].RF.SEQ.r_iptr\[3:0\]"  +all +trace_process

ucli% fsdbDumpflush 
*Verdi* : Flush all FSDB Files at 0 ps.

ucli% fsdbDumpvars 0 "simulator.DCRFLI.RF_GEN\[2\].RF.SEQ.w_insn_fetch\[114:0\]"  +all +trace_process

ucli% fsdbDumpflush 
*Verdi* : Flush all FSDB Files at 0 ps.

ucli% fsdbDumpvars 0 "simulator.DCRFLI.RF_GEN\[2\].RF.SEQ.w_insn_bubble"  +all +trace_process

ucli% fsdbDumpflush 
*Verdi* : Flush all FSDB Files at 0 ps.

ucli% fsdbDumpvars 0 "simulator.DCRFLI.RF_GEN\[2\].RF.SEQ.w_iptr_plus1\[3:0\]"  +all +trace_process

ucli% fsdbDumpflush 
*Verdi* : Flush all FSDB Files at 0 ps.

ucli% fsdbDumpvars 0 "simulator.DCRFLI.RF_GEN\[2\].RF.SEQ.w_next_null"  +all +trace_process

ucli% fsdbDumpflush 
*Verdi* : Flush all FSDB Files at 0 ps.

ucli% if {[catch {ucliCore::setFocus tool}]} {}

ucli% fsdbDumpvars 0 "simulator.DCRFLI.RF_GEN\[2\].RF.SEQ.o_empty"  +all +trace_process

ucli% fsdbDumpflush 
*Verdi* : Flush all FSDB Files at 0 ps.

ucli% fsdbDumpvars 0 "simulator.DCRFLI.RF_GEN\[2\].RF.SEQ.i_next"  +all +trace_process

ucli% fsdbDumpflush 
*Verdi* : Flush all FSDB Files at 0 ps.

ucli% fsdbDumpvars 0 "simulator.DCRFLI.RF_GEN\[2\].RF.SEQ.o_addr\[3:0\]"  +all +trace_process

ucli% fsdbDumpflush 
*Verdi* : Flush all FSDB Files at 0 ps.

ucli% fsdbDumpvars 0 "simulator.DCRFLI.RF_GEN\[2\].RF.SEQ.o_insn\[114:0\]"  +all +trace_process

ucli% fsdbDumpflush 
*Verdi* : Flush all FSDB Files at 0 ps.

ucli% fsdbDumpvars 0 "simulator.DCRFLI.RF_GEN\[2\].RF.SEQ.r_iptr_modify\[3:0\]"  +all +trace_process

ucli% fsdbDumpflush 
*Verdi* : Flush all FSDB Files at 0 ps.

ucli% fsdbDumpvars 0 "simulator.DCRFLI.RF_GEN\[2\].RF.SEQ.i_insn_modified\[114:0\]"  +all +trace_process

ucli% fsdbDumpflush 
*Verdi* : Flush all FSDB Files at 0 ps.

ucli% if {[catch {ucliCore::setFocus tool}]} {}

ucli% fsdbDumpvars 0 "simulator.DCRFLI.RF_GEN\[2\].RF.CORE.CORDIC_GEN\[0\].CORDIC.c\[15\]"  +all +trace_process

ucli% fsdbDumpflush 
*Verdi* : Flush all FSDB Files at 0 ps.

ucli% fsdbDumpvars 0 "simulator.DCRFLI.RF_GEN\[2\].RF.CORE.CORDIC_GEN\[1\].CORDIC.c\[15\]"  +all +trace_process

ucli% fsdbDumpflush 
*Verdi* : Flush all FSDB Files at 0 ps.

ucli% fsdbDumpvars 0 "simulator.DCRFLI.RF_GEN\[2\].RF.CORE.CORDIC_GEN\[2\].CORDIC.c\[15\]"  +all +trace_process

ucli% fsdbDumpflush 
*Verdi* : Flush all FSDB Files at 0 ps.

ucli% fsdbDumpvars 0 "simulator.DCRFLI.RF_GEN\[2\].RF.CORE.CORDIC_GEN\[3\].CORDIC.c\[15\]"  +all +trace_process

ucli% fsdbDumpflush 
*Verdi* : Flush all FSDB Files at 0 ps.

ucli% fsdbDumpvars 0 "simulator.DCRFLI.RF_GEN\[2\].RF.CORE.CORDIC_GEN\[4\].CORDIC.c\[15\]"  +all +trace_process

ucli% fsdbDumpflush 
*Verdi* : Flush all FSDB Files at 0 ps.

ucli% fsdbDumpvars 0 "simulator.DCRFLI.RF_GEN\[2\].RF.CORE.CORDIC_GEN\[5\].CORDIC.c\[15\]"  +all +trace_process

ucli% fsdbDumpflush 
*Verdi* : Flush all FSDB Files at 0 ps.

ucli% fsdbDumpvars 0 "simulator.DCRFLI.RF_GEN\[2\].RF.CORE.CORDIC_GEN\[6\].CORDIC.c\[15\]"  +all +trace_process

ucli% fsdbDumpflush 
*Verdi* : Flush all FSDB Files at 0 ps.

ucli% fsdbDumpvars 0 "simulator.DCRFLI.RF_GEN\[2\].RF.CORE.CORDIC_GEN\[7\].CORDIC.c\[15\]"  +all +trace_process

ucli% fsdbDumpflush 
*Verdi* : Flush all FSDB Files at 0 ps.

ucli% if {[catch {ucliCore::setFocus tool}]} {}

ucli% fsdbDumpvars 0 "simulator.DCRFLI.RF_GEN\[2\].RF.CORE.CORDIC_GEN\[0\].CORDIC.c\[14\]"  +all +trace_process

ucli% fsdbDumpflush 
*Verdi* : Flush all FSDB Files at 0 ps.

ucli% fsdbDumpvars 0 "simulator.DCRFLI.RF_GEN\[2\].RF.CORE.CORDIC_GEN\[1\].CORDIC.c\[14\]"  +all +trace_process

ucli% fsdbDumpflush 
*Verdi* : Flush all FSDB Files at 0 ps.

ucli% fsdbDumpvars 0 "simulator.DCRFLI.RF_GEN\[2\].RF.CORE.CORDIC_GEN\[2\].CORDIC.c\[14\]"  +all +trace_process

ucli% fsdbDumpflush 
*Verdi* : Flush all FSDB Files at 0 ps.

ucli% fsdbDumpvars 0 "simulator.DCRFLI.RF_GEN\[2\].RF.CORE.CORDIC_GEN\[3\].CORDIC.c\[14\]"  +all +trace_process

ucli% fsdbDumpflush 
*Verdi* : Flush all FSDB Files at 0 ps.

ucli% fsdbDumpvars 0 "simulator.DCRFLI.RF_GEN\[2\].RF.CORE.CORDIC_GEN\[4\].CORDIC.c\[14\]"  +all +trace_process

ucli% fsdbDumpflush 
*Verdi* : Flush all FSDB Files at 0 ps.

ucli% fsdbDumpvars 0 "simulator.DCRFLI.RF_GEN\[2\].RF.CORE.CORDIC_GEN\[5\].CORDIC.c\[14\]"  +all +trace_process

ucli% fsdbDumpflush 
*Verdi* : Flush all FSDB Files at 0 ps.

ucli% fsdbDumpvars 0 "simulator.DCRFLI.RF_GEN\[2\].RF.CORE.CORDIC_GEN\[6\].CORDIC.c\[14\]"  +all +trace_process

ucli% fsdbDumpflush 
*Verdi* : Flush all FSDB Files at 0 ps.

ucli% fsdbDumpvars 0 "simulator.DCRFLI.RF_GEN\[2\].RF.CORE.CORDIC_GEN\[7\].CORDIC.c\[14\]"  +all +trace_process

ucli% fsdbDumpflush 
*Verdi* : Flush all FSDB Files at 0 ps.

ucli% if {[catch {ucliCore::setFocus tool}]} {}

ucli% fsdbDumpvars 0 "simulator.DCRFLI.RF_GEN\[2\].RF.CORE.CORDIC_GEN\[0\].CORDIC.c\[13\]"  +all +trace_process

ucli% fsdbDumpflush 
*Verdi* : Flush all FSDB Files at 0 ps.

ucli% fsdbDumpvars 0 "simulator.DCRFLI.RF_GEN\[2\].RF.CORE.CORDIC_GEN\[1\].CORDIC.c\[13\]"  +all +trace_process

ucli% fsdbDumpflush 
*Verdi* : Flush all FSDB Files at 0 ps.

ucli% fsdbDumpvars 0 "simulator.DCRFLI.RF_GEN\[2\].RF.CORE.CORDIC_GEN\[2\].CORDIC.c\[13\]"  +all +trace_process

ucli% fsdbDumpflush 
*Verdi* : Flush all FSDB Files at 0 ps.

ucli% fsdbDumpvars 0 "simulator.DCRFLI.RF_GEN\[2\].RF.CORE.CORDIC_GEN\[3\].CORDIC.c\[13\]"  +all +trace_process

ucli% fsdbDumpflush 
*Verdi* : Flush all FSDB Files at 0 ps.

ucli% fsdbDumpvars 0 "simulator.DCRFLI.RF_GEN\[2\].RF.CORE.CORDIC_GEN\[4\].CORDIC.c\[13\]"  +all +trace_process

ucli% fsdbDumpflush 
*Verdi* : Flush all FSDB Files at 0 ps.

ucli% fsdbDumpvars 0 "simulator.DCRFLI.RF_GEN\[2\].RF.CORE.CORDIC_GEN\[5\].CORDIC.c\[13\]"  +all +trace_process

ucli% fsdbDumpflush 
*Verdi* : Flush all FSDB Files at 0 ps.

ucli% fsdbDumpvars 0 "simulator.DCRFLI.RF_GEN\[2\].RF.CORE.CORDIC_GEN\[6\].CORDIC.c\[13\]"  +all +trace_process

ucli% fsdbDumpflush 
*Verdi* : Flush all FSDB Files at 0 ps.

ucli% fsdbDumpvars 0 "simulator.DCRFLI.RF_GEN\[2\].RF.CORE.CORDIC_GEN\[7\].CORDIC.c\[13\]"  +all +trace_process

ucli% fsdbDumpflush 
*Verdi* : Flush all FSDB Files at 0 ps.

ucli% if {[catch {ucliCore::setFocus tool}]} {}

ucli% fsdbDumpvars 0 "simulator.DCRFLI.RF_GEN\[2\].RF.CORE.CORDIC_GEN\[0\].CORDIC.c\[12\]"  +all +trace_process

ucli% fsdbDumpflush 
*Verdi* : Flush all FSDB Files at 0 ps.

ucli% fsdbDumpvars 0 "simulator.DCRFLI.RF_GEN\[2\].RF.CORE.CORDIC_GEN\[1\].CORDIC.c\[12\]"  +all +trace_process

ucli% fsdbDumpflush 
*Verdi* : Flush all FSDB Files at 0 ps.

ucli% fsdbDumpvars 0 "simulator.DCRFLI.RF_GEN\[2\].RF.CORE.CORDIC_GEN\[2\].CORDIC.c\[12\]"  +all +trace_process

ucli% fsdbDumpflush 
*Verdi* : Flush all FSDB Files at 0 ps.

ucli% fsdbDumpvars 0 "simulator.DCRFLI.RF_GEN\[2\].RF.CORE.CORDIC_GEN\[3\].CORDIC.c\[12\]"  +all +trace_process

ucli% fsdbDumpflush 
*Verdi* : Flush all FSDB Files at 0 ps.

ucli% fsdbDumpvars 0 "simulator.DCRFLI.RF_GEN\[2\].RF.CORE.CORDIC_GEN\[4\].CORDIC.c\[12\]"  +all +trace_process

ucli% fsdbDumpflush 
*Verdi* : Flush all FSDB Files at 0 ps.

ucli% fsdbDumpvars 0 "simulator.DCRFLI.RF_GEN\[2\].RF.CORE.CORDIC_GEN\[5\].CORDIC.c\[12\]"  +all +trace_process

ucli% fsdbDumpflush 
*Verdi* : Flush all FSDB Files at 0 ps.

ucli% fsdbDumpvars 0 "simulator.DCRFLI.RF_GEN\[2\].RF.CORE.CORDIC_GEN\[6\].CORDIC.c\[12\]"  +all +trace_process

ucli% fsdbDumpflush 
*Verdi* : Flush all FSDB Files at 0 ps.

ucli% fsdbDumpvars 0 "simulator.DCRFLI.RF_GEN\[2\].RF.CORE.CORDIC_GEN\[7\].CORDIC.c\[12\]"  +all +trace_process

ucli% fsdbDumpflush 
*Verdi* : Flush all FSDB Files at 0 ps.

ucli% if {[catch {ucliCore::setFocus tool}]} {}

ucli% fsdbDumpvars 0 "simulator.DCRFLI.RF_GEN\[2\].RF.CORE.CORDIC_GEN\[0\].CORDIC.c\[11\]"  +all +trace_process

ucli% fsdbDumpflush 
*Verdi* : Flush all FSDB Files at 0 ps.

ucli% fsdbDumpvars 0 "simulator.DCRFLI.RF_GEN\[2\].RF.CORE.CORDIC_GEN\[1\].CORDIC.c\[11\]"  +all +trace_process

ucli% fsdbDumpflush 
*Verdi* : Flush all FSDB Files at 0 ps.

ucli% fsdbDumpvars 0 "simulator.DCRFLI.RF_GEN\[2\].RF.CORE.CORDIC_GEN\[2\].CORDIC.c\[11\]"  +all +trace_process

ucli% fsdbDumpflush 
*Verdi* : Flush all FSDB Files at 0 ps.

ucli% fsdbDumpvars 0 "simulator.DCRFLI.RF_GEN\[2\].RF.CORE.CORDIC_GEN\[3\].CORDIC.c\[11\]"  +all +trace_process

ucli% fsdbDumpflush 
*Verdi* : Flush all FSDB Files at 0 ps.

ucli% fsdbDumpvars 0 "simulator.DCRFLI.RF_GEN\[2\].RF.CORE.CORDIC_GEN\[4\].CORDIC.c\[11\]"  +all +trace_process

ucli% fsdbDumpflush 
*Verdi* : Flush all FSDB Files at 0 ps.

ucli% fsdbDumpvars 0 "simulator.DCRFLI.RF_GEN\[2\].RF.CORE.CORDIC_GEN\[5\].CORDIC.c\[11\]"  +all +trace_process

ucli% fsdbDumpflush 
*Verdi* : Flush all FSDB Files at 0 ps.

ucli% fsdbDumpvars 0 "simulator.DCRFLI.RF_GEN\[2\].RF.CORE.CORDIC_GEN\[6\].CORDIC.c\[11\]"  +all +trace_process

ucli% fsdbDumpflush 
*Verdi* : Flush all FSDB Files at 0 ps.

ucli% fsdbDumpvars 0 "simulator.DCRFLI.RF_GEN\[2\].RF.CORE.CORDIC_GEN\[7\].CORDIC.c\[11\]"  +all +trace_process

ucli% fsdbDumpflush 
*Verdi* : Flush all FSDB Files at 0 ps.

ucli% if {[catch {ucliCore::setFocus tool}]} {}

ucli% fsdbDumpvars 0 "simulator.DCRFLI.RF_GEN\[2\].RF.CORE.CORDIC_GEN\[0\].CORDIC.c\[10\]"  +all +trace_process

ucli% fsdbDumpflush 
*Verdi* : Flush all FSDB Files at 0 ps.

ucli% fsdbDumpvars 0 "simulator.DCRFLI.RF_GEN\[2\].RF.CORE.CORDIC_GEN\[1\].CORDIC.c\[10\]"  +all +trace_process

ucli% fsdbDumpflush 
*Verdi* : Flush all FSDB Files at 0 ps.

ucli% fsdbDumpvars 0 "simulator.DCRFLI.RF_GEN\[2\].RF.CORE.CORDIC_GEN\[2\].CORDIC.c\[10\]"  +all +trace_process

ucli% fsdbDumpflush 
*Verdi* : Flush all FSDB Files at 0 ps.

ucli% fsdbDumpvars 0 "simulator.DCRFLI.RF_GEN\[2\].RF.CORE.CORDIC_GEN\[3\].CORDIC.c\[10\]"  +all +trace_process

ucli% fsdbDumpflush 
*Verdi* : Flush all FSDB Files at 0 ps.

ucli% fsdbDumpvars 0 "simulator.DCRFLI.RF_GEN\[2\].RF.CORE.CORDIC_GEN\[4\].CORDIC.c\[10\]"  +all +trace_process

ucli% fsdbDumpflush 
*Verdi* : Flush all FSDB Files at 0 ps.

ucli% fsdbDumpvars 0 "simulator.DCRFLI.RF_GEN\[2\].RF.CORE.CORDIC_GEN\[5\].CORDIC.c\[10\]"  +all +trace_process

ucli% fsdbDumpflush 
*Verdi* : Flush all FSDB Files at 0 ps.

ucli% fsdbDumpvars 0 "simulator.DCRFLI.RF_GEN\[2\].RF.CORE.CORDIC_GEN\[6\].CORDIC.c\[10\]"  +all +trace_process

ucli% fsdbDumpflush 
*Verdi* : Flush all FSDB Files at 0 ps.

ucli% fsdbDumpvars 0 "simulator.DCRFLI.RF_GEN\[2\].RF.CORE.CORDIC_GEN\[7\].CORDIC.c\[10\]"  +all +trace_process

ucli% fsdbDumpflush 
*Verdi* : Flush all FSDB Files at 0 ps.

ucli% if {[catch {ucliCore::setFocus tool}]} {}

ucli% fsdbDumpvars 0 "simulator.DCRFLI.RF_GEN\[2\].RF.CORE.CORDIC_GEN\[0\].CORDIC.c\[9\]"  +all +trace_process

ucli% fsdbDumpflush 
*Verdi* : Flush all FSDB Files at 0 ps.

ucli% fsdbDumpvars 0 "simulator.DCRFLI.RF_GEN\[2\].RF.CORE.CORDIC_GEN\[1\].CORDIC.c\[9\]"  +all +trace_process

ucli% fsdbDumpflush 
*Verdi* : Flush all FSDB Files at 0 ps.

ucli% fsdbDumpvars 0 "simulator.DCRFLI.RF_GEN\[2\].RF.CORE.CORDIC_GEN\[2\].CORDIC.c\[9\]"  +all +trace_process

ucli% fsdbDumpflush 
*Verdi* : Flush all FSDB Files at 0 ps.

ucli% fsdbDumpvars 0 "simulator.DCRFLI.RF_GEN\[2\].RF.CORE.CORDIC_GEN\[3\].CORDIC.c\[9\]"  +all +trace_process

ucli% fsdbDumpflush 
*Verdi* : Flush all FSDB Files at 0 ps.

ucli% fsdbDumpvars 0 "simulator.DCRFLI.RF_GEN\[2\].RF.CORE.CORDIC_GEN\[4\].CORDIC.c\[9\]"  +all +trace_process

ucli% fsdbDumpflush 
*Verdi* : Flush all FSDB Files at 0 ps.

ucli% fsdbDumpvars 0 "simulator.DCRFLI.RF_GEN\[2\].RF.CORE.CORDIC_GEN\[5\].CORDIC.c\[9\]"  +all +trace_process

ucli% fsdbDumpflush 
*Verdi* : Flush all FSDB Files at 0 ps.

ucli% fsdbDumpvars 0 "simulator.DCRFLI.RF_GEN\[2\].RF.CORE.CORDIC_GEN\[6\].CORDIC.c\[9\]"  +all +trace_process

ucli% fsdbDumpflush 
*Verdi* : Flush all FSDB Files at 0 ps.

ucli% fsdbDumpvars 0 "simulator.DCRFLI.RF_GEN\[2\].RF.CORE.CORDIC_GEN\[7\].CORDIC.c\[9\]"  +all +trace_process

ucli% fsdbDumpflush 
*Verdi* : Flush all FSDB Files at 0 ps.

ucli% if {[catch {ucliCore::setFocus tool}]} {}

ucli% fsdbDumpvars 0 "simulator.DCRFLI.RF_GEN\[2\].RF.CORE.CORDIC_GEN\[0\].CORDIC.c\[8\]"  +all +trace_process

ucli% fsdbDumpflush 
*Verdi* : Flush all FSDB Files at 0 ps.

ucli% fsdbDumpvars 0 "simulator.DCRFLI.RF_GEN\[2\].RF.CORE.CORDIC_GEN\[1\].CORDIC.c\[8\]"  +all +trace_process

ucli% fsdbDumpflush 
*Verdi* : Flush all FSDB Files at 0 ps.

ucli% fsdbDumpvars 0 "simulator.DCRFLI.RF_GEN\[2\].RF.CORE.CORDIC_GEN\[2\].CORDIC.c\[8\]"  +all +trace_process

ucli% fsdbDumpflush 
*Verdi* : Flush all FSDB Files at 0 ps.

ucli% fsdbDumpvars 0 "simulator.DCRFLI.RF_GEN\[2\].RF.CORE.CORDIC_GEN\[3\].CORDIC.c\[8\]"  +all +trace_process

ucli% fsdbDumpflush 
*Verdi* : Flush all FSDB Files at 0 ps.

ucli% fsdbDumpvars 0 "simulator.DCRFLI.RF_GEN\[2\].RF.CORE.CORDIC_GEN\[4\].CORDIC.c\[8\]"  +all +trace_process

ucli% fsdbDumpflush 
*Verdi* : Flush all FSDB Files at 0 ps.

ucli% fsdbDumpvars 0 "simulator.DCRFLI.RF_GEN\[2\].RF.CORE.CORDIC_GEN\[5\].CORDIC.c\[8\]"  +all +trace_process

ucli% fsdbDumpflush 
*Verdi* : Flush all FSDB Files at 0 ps.

ucli% fsdbDumpvars 0 "simulator.DCRFLI.RF_GEN\[2\].RF.CORE.CORDIC_GEN\[6\].CORDIC.c\[8\]"  +all +trace_process

ucli% fsdbDumpflush 
*Verdi* : Flush all FSDB Files at 0 ps.

ucli% fsdbDumpvars 0 "simulator.DCRFLI.RF_GEN\[2\].RF.CORE.CORDIC_GEN\[7\].CORDIC.c\[8\]"  +all +trace_process

ucli% fsdbDumpflush 
*Verdi* : Flush all FSDB Files at 0 ps.

ucli% if {[catch {ucliCore::setFocus tool}]} {}

ucli% fsdbDumpvars 0 "simulator.DCRFLI.RF_GEN\[2\].RF.CORE.CORDIC_GEN\[0\].CORDIC.c\[7\]"  +all +trace_process

ucli% fsdbDumpflush 
*Verdi* : Flush all FSDB Files at 0 ps.

ucli% fsdbDumpvars 0 "simulator.DCRFLI.RF_GEN\[2\].RF.CORE.CORDIC_GEN\[1\].CORDIC.c\[7\]"  +all +trace_process

ucli% fsdbDumpflush 
*Verdi* : Flush all FSDB Files at 0 ps.

ucli% fsdbDumpvars 0 "simulator.DCRFLI.RF_GEN\[2\].RF.CORE.CORDIC_GEN\[2\].CORDIC.c\[7\]"  +all +trace_process

ucli% fsdbDumpflush 
*Verdi* : Flush all FSDB Files at 0 ps.

ucli% fsdbDumpvars 0 "simulator.DCRFLI.RF_GEN\[2\].RF.CORE.CORDIC_GEN\[3\].CORDIC.c\[7\]"  +all +trace_process

ucli% fsdbDumpflush 
*Verdi* : Flush all FSDB Files at 0 ps.

ucli% fsdbDumpvars 0 "simulator.DCRFLI.RF_GEN\[2\].RF.CORE.CORDIC_GEN\[4\].CORDIC.c\[7\]"  +all +trace_process

ucli% fsdbDumpflush 
*Verdi* : Flush all FSDB Files at 0 ps.

ucli% fsdbDumpvars 0 "simulator.DCRFLI.RF_GEN\[2\].RF.CORE.CORDIC_GEN\[5\].CORDIC.c\[7\]"  +all +trace_process

ucli% fsdbDumpflush 
*Verdi* : Flush all FSDB Files at 0 ps.

ucli% fsdbDumpvars 0 "simulator.DCRFLI.RF_GEN\[2\].RF.CORE.CORDIC_GEN\[6\].CORDIC.c\[7\]"  +all +trace_process

ucli% fsdbDumpflush 
*Verdi* : Flush all FSDB Files at 0 ps.

ucli% fsdbDumpvars 0 "simulator.DCRFLI.RF_GEN\[2\].RF.CORE.CORDIC_GEN\[7\].CORDIC.c\[7\]"  +all +trace_process

ucli% fsdbDumpflush 
*Verdi* : Flush all FSDB Files at 0 ps.

ucli% if {[catch {ucliCore::setFocus tool}]} {}

ucli% fsdbDumpvars 0 "simulator.DCRFLI.RF_GEN\[2\].RF.CORE.CORDIC_GEN\[0\].CORDIC.c\[6\]"  +all +trace_process

ucli% fsdbDumpflush 
*Verdi* : Flush all FSDB Files at 0 ps.

ucli% fsdbDumpvars 0 "simulator.DCRFLI.RF_GEN\[2\].RF.CORE.CORDIC_GEN\[1\].CORDIC.c\[6\]"  +all +trace_process

ucli% fsdbDumpflush 
*Verdi* : Flush all FSDB Files at 0 ps.

ucli% fsdbDumpvars 0 "simulator.DCRFLI.RF_GEN\[2\].RF.CORE.CORDIC_GEN\[2\].CORDIC.c\[6\]"  +all +trace_process

ucli% fsdbDumpflush 
*Verdi* : Flush all FSDB Files at 0 ps.

ucli% fsdbDumpvars 0 "simulator.DCRFLI.RF_GEN\[2\].RF.CORE.CORDIC_GEN\[3\].CORDIC.c\[6\]"  +all +trace_process

ucli% fsdbDumpflush 
*Verdi* : Flush all FSDB Files at 0 ps.

ucli% fsdbDumpvars 0 "simulator.DCRFLI.RF_GEN\[2\].RF.CORE.CORDIC_GEN\[4\].CORDIC.c\[6\]"  +all +trace_process

ucli% fsdbDumpflush 
*Verdi* : Flush all FSDB Files at 0 ps.

ucli% fsdbDumpvars 0 "simulator.DCRFLI.RF_GEN\[2\].RF.CORE.CORDIC_GEN\[5\].CORDIC.c\[6\]"  +all +trace_process

ucli% fsdbDumpflush 
*Verdi* : Flush all FSDB Files at 0 ps.

ucli% fsdbDumpvars 0 "simulator.DCRFLI.RF_GEN\[2\].RF.CORE.CORDIC_GEN\[6\].CORDIC.c\[6\]"  +all +trace_process

ucli% fsdbDumpflush 
*Verdi* : Flush all FSDB Files at 0 ps.

ucli% fsdbDumpvars 0 "simulator.DCRFLI.RF_GEN\[2\].RF.CORE.CORDIC_GEN\[7\].CORDIC.c\[6\]"  +all +trace_process

ucli% fsdbDumpflush 
*Verdi* : Flush all FSDB Files at 0 ps.

ucli% if {[catch {ucliCore::setFocus tool}]} {}

ucli% fsdbDumpvars 0 "simulator.DCRFLI.RF_GEN\[2\].RF.CORE.CORDIC_GEN\[0\].CORDIC.c\[5\]"  +all +trace_process

ucli% fsdbDumpflush 
*Verdi* : Flush all FSDB Files at 0 ps.

ucli% fsdbDumpvars 0 "simulator.DCRFLI.RF_GEN\[2\].RF.CORE.CORDIC_GEN\[1\].CORDIC.c\[5\]"  +all +trace_process

ucli% fsdbDumpflush 
*Verdi* : Flush all FSDB Files at 0 ps.

ucli% fsdbDumpvars 0 "simulator.DCRFLI.RF_GEN\[2\].RF.CORE.CORDIC_GEN\[2\].CORDIC.c\[5\]"  +all +trace_process

ucli% fsdbDumpflush 
*Verdi* : Flush all FSDB Files at 0 ps.

ucli% fsdbDumpvars 0 "simulator.DCRFLI.RF_GEN\[2\].RF.CORE.CORDIC_GEN\[3\].CORDIC.c\[5\]"  +all +trace_process

ucli% fsdbDumpflush 
*Verdi* : Flush all FSDB Files at 0 ps.

ucli% fsdbDumpvars 0 "simulator.DCRFLI.RF_GEN\[2\].RF.CORE.CORDIC_GEN\[4\].CORDIC.c\[5\]"  +all +trace_process

ucli% fsdbDumpflush 
*Verdi* : Flush all FSDB Files at 0 ps.

ucli% fsdbDumpvars 0 "simulator.DCRFLI.RF_GEN\[2\].RF.CORE.CORDIC_GEN\[5\].CORDIC.c\[5\]"  +all +trace_process

ucli% fsdbDumpflush 
*Verdi* : Flush all FSDB Files at 0 ps.

ucli% fsdbDumpvars 0 "simulator.DCRFLI.RF_GEN\[2\].RF.CORE.CORDIC_GEN\[6\].CORDIC.c\[5\]"  +all +trace_process

ucli% fsdbDumpflush 
*Verdi* : Flush all FSDB Files at 0 ps.

ucli% fsdbDumpvars 0 "simulator.DCRFLI.RF_GEN\[2\].RF.CORE.CORDIC_GEN\[7\].CORDIC.c\[5\]"  +all +trace_process

ucli% fsdbDumpflush 
*Verdi* : Flush all FSDB Files at 0 ps.

ucli% if {[catch {ucliCore::setFocus tool}]} {}

ucli% fsdbDumpvars 0 "simulator.DCRFLI.RF_GEN\[2\].RF.CORE.CORDIC_GEN\[0\].CORDIC.c\[4\]"  +all +trace_process

ucli% fsdbDumpflush 
*Verdi* : Flush all FSDB Files at 0 ps.

ucli% fsdbDumpvars 0 "simulator.DCRFLI.RF_GEN\[2\].RF.CORE.CORDIC_GEN\[1\].CORDIC.c\[4\]"  +all +trace_process

ucli% fsdbDumpflush 
*Verdi* : Flush all FSDB Files at 0 ps.

ucli% fsdbDumpvars 0 "simulator.DCRFLI.RF_GEN\[2\].RF.CORE.CORDIC_GEN\[2\].CORDIC.c\[4\]"  +all +trace_process

ucli% fsdbDumpflush 
*Verdi* : Flush all FSDB Files at 0 ps.

ucli% fsdbDumpvars 0 "simulator.DCRFLI.RF_GEN\[2\].RF.CORE.CORDIC_GEN\[3\].CORDIC.c\[4\]"  +all +trace_process

ucli% fsdbDumpflush 
*Verdi* : Flush all FSDB Files at 0 ps.

ucli% fsdbDumpvars 0 "simulator.DCRFLI.RF_GEN\[2\].RF.CORE.CORDIC_GEN\[4\].CORDIC.c\[4\]"  +all +trace_process

ucli% fsdbDumpflush 
*Verdi* : Flush all FSDB Files at 0 ps.

ucli% fsdbDumpvars 0 "simulator.DCRFLI.RF_GEN\[2\].RF.CORE.CORDIC_GEN\[5\].CORDIC.c\[4\]"  +all +trace_process

ucli% fsdbDumpflush 
*Verdi* : Flush all FSDB Files at 0 ps.

ucli% fsdbDumpvars 0 "simulator.DCRFLI.RF_GEN\[2\].RF.CORE.CORDIC_GEN\[6\].CORDIC.c\[4\]"  +all +trace_process

ucli% fsdbDumpflush 
*Verdi* : Flush all FSDB Files at 0 ps.

ucli% fsdbDumpvars 0 "simulator.DCRFLI.RF_GEN\[2\].RF.CORE.CORDIC_GEN\[7\].CORDIC.c\[4\]"  +all +trace_process

ucli% fsdbDumpflush 
*Verdi* : Flush all FSDB Files at 0 ps.

ucli% if {[catch {ucliCore::setFocus tool}]} {}

ucli% fsdbDumpvars 0 "simulator.DCRFLI.RF_GEN\[2\].RF.CORE.CORDIC_GEN\[0\].CORDIC.c\[3\]"  +all +trace_process

ucli% fsdbDumpflush 
*Verdi* : Flush all FSDB Files at 0 ps.

ucli% fsdbDumpvars 0 "simulator.DCRFLI.RF_GEN\[2\].RF.CORE.CORDIC_GEN\[1\].CORDIC.c\[3\]"  +all +trace_process

ucli% fsdbDumpflush 
*Verdi* : Flush all FSDB Files at 0 ps.

ucli% fsdbDumpvars 0 "simulator.DCRFLI.RF_GEN\[2\].RF.CORE.CORDIC_GEN\[2\].CORDIC.c\[3\]"  +all +trace_process

ucli% fsdbDumpflush 
*Verdi* : Flush all FSDB Files at 0 ps.

ucli% fsdbDumpvars 0 "simulator.DCRFLI.RF_GEN\[2\].RF.CORE.CORDIC_GEN\[3\].CORDIC.c\[3\]"  +all +trace_process

ucli% fsdbDumpflush 
*Verdi* : Flush all FSDB Files at 0 ps.

ucli% fsdbDumpvars 0 "simulator.DCRFLI.RF_GEN\[2\].RF.CORE.CORDIC_GEN\[4\].CORDIC.c\[3\]"  +all +trace_process

ucli% fsdbDumpflush 
*Verdi* : Flush all FSDB Files at 0 ps.

ucli% fsdbDumpvars 0 "simulator.DCRFLI.RF_GEN\[2\].RF.CORE.CORDIC_GEN\[5\].CORDIC.c\[3\]"  +all +trace_process

ucli% fsdbDumpflush 
*Verdi* : Flush all FSDB Files at 0 ps.

ucli% fsdbDumpvars 0 "simulator.DCRFLI.RF_GEN\[2\].RF.CORE.CORDIC_GEN\[6\].CORDIC.c\[3\]"  +all +trace_process

ucli% fsdbDumpflush 
*Verdi* : Flush all FSDB Files at 0 ps.

ucli% fsdbDumpvars 0 "simulator.DCRFLI.RF_GEN\[2\].RF.CORE.CORDIC_GEN\[7\].CORDIC.c\[3\]"  +all +trace_process

ucli% fsdbDumpflush 
*Verdi* : Flush all FSDB Files at 0 ps.

ucli% if {[catch {ucliCore::setFocus tool}]} {}

ucli% fsdbDumpvars 0 "simulator.DCRFLI.RF_GEN\[2\].RF.CORE.CORDIC_GEN\[0\].CORDIC.c\[2\]"  +all +trace_process

ucli% fsdbDumpflush 
*Verdi* : Flush all FSDB Files at 0 ps.

ucli% fsdbDumpvars 0 "simulator.DCRFLI.RF_GEN\[2\].RF.CORE.CORDIC_GEN\[1\].CORDIC.c\[2\]"  +all +trace_process

ucli% fsdbDumpflush 
*Verdi* : Flush all FSDB Files at 0 ps.

ucli% fsdbDumpvars 0 "simulator.DCRFLI.RF_GEN\[2\].RF.CORE.CORDIC_GEN\[2\].CORDIC.c\[2\]"  +all +trace_process

ucli% fsdbDumpflush 
*Verdi* : Flush all FSDB Files at 0 ps.

ucli% fsdbDumpvars 0 "simulator.DCRFLI.RF_GEN\[2\].RF.CORE.CORDIC_GEN\[3\].CORDIC.c\[2\]"  +all +trace_process

ucli% fsdbDumpflush 
*Verdi* : Flush all FSDB Files at 0 ps.

ucli% fsdbDumpvars 0 "simulator.DCRFLI.RF_GEN\[2\].RF.CORE.CORDIC_GEN\[4\].CORDIC.c\[2\]"  +all +trace_process

ucli% fsdbDumpflush 
*Verdi* : Flush all FSDB Files at 0 ps.

ucli% fsdbDumpvars 0 "simulator.DCRFLI.RF_GEN\[2\].RF.CORE.CORDIC_GEN\[5\].CORDIC.c\[2\]"  +all +trace_process

ucli% fsdbDumpflush 
*Verdi* : Flush all FSDB Files at 0 ps.

ucli% fsdbDumpvars 0 "simulator.DCRFLI.RF_GEN\[2\].RF.CORE.CORDIC_GEN\[6\].CORDIC.c\[2\]"  +all +trace_process

ucli% fsdbDumpflush 
*Verdi* : Flush all FSDB Files at 0 ps.

ucli% fsdbDumpvars 0 "simulator.DCRFLI.RF_GEN\[2\].RF.CORE.CORDIC_GEN\[7\].CORDIC.c\[2\]"  +all +trace_process

ucli% fsdbDumpflush 
*Verdi* : Flush all FSDB Files at 0 ps.

ucli% if {[catch {ucliCore::setFocus tool}]} {}

ucli% fsdbDumpvars 0 "simulator.DCRFLI.RF_GEN\[2\].RF.CORE.CORDIC_GEN\[0\].CORDIC.c\[1\]"  +all +trace_process

ucli% fsdbDumpflush 
*Verdi* : Flush all FSDB Files at 0 ps.

ucli% fsdbDumpvars 0 "simulator.DCRFLI.RF_GEN\[2\].RF.CORE.CORDIC_GEN\[1\].CORDIC.c\[1\]"  +all +trace_process

ucli% fsdbDumpflush 
*Verdi* : Flush all FSDB Files at 0 ps.

ucli% fsdbDumpvars 0 "simulator.DCRFLI.RF_GEN\[2\].RF.CORE.CORDIC_GEN\[2\].CORDIC.c\[1\]"  +all +trace_process

ucli% fsdbDumpflush 
*Verdi* : Flush all FSDB Files at 0 ps.

ucli% fsdbDumpvars 0 "simulator.DCRFLI.RF_GEN\[2\].RF.CORE.CORDIC_GEN\[3\].CORDIC.c\[1\]"  +all +trace_process

ucli% fsdbDumpflush 
*Verdi* : Flush all FSDB Files at 0 ps.

ucli% fsdbDumpvars 0 "simulator.DCRFLI.RF_GEN\[2\].RF.CORE.CORDIC_GEN\[4\].CORDIC.c\[1\]"  +all +trace_process

ucli% fsdbDumpflush 
*Verdi* : Flush all FSDB Files at 0 ps.

ucli% fsdbDumpvars 0 "simulator.DCRFLI.RF_GEN\[2\].RF.CORE.CORDIC_GEN\[5\].CORDIC.c\[1\]"  +all +trace_process

ucli% fsdbDumpflush 
*Verdi* : Flush all FSDB Files at 0 ps.

ucli% fsdbDumpvars 0 "simulator.DCRFLI.RF_GEN\[2\].RF.CORE.CORDIC_GEN\[6\].CORDIC.c\[1\]"  +all +trace_process

ucli% fsdbDumpflush 
*Verdi* : Flush all FSDB Files at 0 ps.

ucli% fsdbDumpvars 0 "simulator.DCRFLI.RF_GEN\[2\].RF.CORE.CORDIC_GEN\[7\].CORDIC.c\[1\]"  +all +trace_process

ucli% fsdbDumpflush 
*Verdi* : Flush all FSDB Files at 0 ps.

ucli% if {[catch {ucliCore::setFocus tool}]} {}

ucli% fsdbDumpvars 0 "simulator.DCRFLI.RF_GEN\[2\].RF.CORE.CORDIC_GEN\[0\].CORDIC.c\[0\]"  +all +trace_process

ucli% fsdbDumpflush 
*Verdi* : Flush all FSDB Files at 0 ps.

ucli% fsdbDumpvars 0 "simulator.DCRFLI.RF_GEN\[2\].RF.CORE.CORDIC_GEN\[1\].CORDIC.c\[0\]"  +all +trace_process

ucli% fsdbDumpflush 
*Verdi* : Flush all FSDB Files at 0 ps.

ucli% fsdbDumpvars 0 "simulator.DCRFLI.RF_GEN\[2\].RF.CORE.CORDIC_GEN\[2\].CORDIC.c\[0\]"  +all +trace_process

ucli% fsdbDumpflush 
*Verdi* : Flush all FSDB Files at 0 ps.

ucli% fsdbDumpvars 0 "simulator.DCRFLI.RF_GEN\[2\].RF.CORE.CORDIC_GEN\[3\].CORDIC.c\[0\]"  +all +trace_process

ucli% fsdbDumpflush 
*Verdi* : Flush all FSDB Files at 0 ps.

ucli% fsdbDumpvars 0 "simulator.DCRFLI.RF_GEN\[2\].RF.CORE.CORDIC_GEN\[4\].CORDIC.c\[0\]"  +all +trace_process

ucli% fsdbDumpflush 
*Verdi* : Flush all FSDB Files at 0 ps.

ucli% fsdbDumpvars 0 "simulator.DCRFLI.RF_GEN\[2\].RF.CORE.CORDIC_GEN\[5\].CORDIC.c\[0\]"  +all +trace_process

ucli% fsdbDumpflush 
*Verdi* : Flush all FSDB Files at 0 ps.

ucli% fsdbDumpvars 0 "simulator.DCRFLI.RF_GEN\[2\].RF.CORE.CORDIC_GEN\[6\].CORDIC.c\[0\]"  +all +trace_process

ucli% fsdbDumpflush 
*Verdi* : Flush all FSDB Files at 0 ps.

ucli% fsdbDumpvars 0 "simulator.DCRFLI.RF_GEN\[2\].RF.CORE.CORDIC_GEN\[7\].CORDIC.c\[0\]"  +all +trace_process

ucli% fsdbDumpflush 
*Verdi* : Flush all FSDB Files at 0 ps.

ucli% if {[catch {ucliCore::setFocus tool}]} {}

ucli% fsdbDumpvars 0 "simulator.DCRFLI.RF_GEN\[2\].RF.CORE.i_clk"  +all +trace_process

ucli% fsdbDumpflush 
*Verdi* : Flush all FSDB Files at 0 ps.

ucli% fsdbDumpvars 0 "simulator.DCRFLI.RF_GEN\[2\].RF.CORE.i_rst"  +all +trace_process

ucli% fsdbDumpflush 
*Verdi* : Flush all FSDB Files at 0 ps.

ucli% fsdbDumpvars 0 "simulator.DCRFLI.RF_GEN\[2\].RF.CORE.w_stall"  +all +trace_process

ucli% fsdbDumpflush 
*Verdi* : Flush all FSDB Files at 0 ps.

ucli% if {[catch {ucliCore::setFocus tool}]} {}

ucli% fsdbDumpvars 0 "simulator.DCRFLI.RF_GEN\[2\].RF.CORE.d"  +all +trace_process

ucli% fsdbDumpflush 
*Verdi* : Flush all FSDB Files at 0 ps.

ucli% fsdbDumpvars 0 "simulator.DCRFLI.RF_GEN\[2\].RF.CORE.i_empty"  +all +trace_process

ucli% fsdbDumpflush 
*Verdi* : Flush all FSDB Files at 0 ps.

ucli% fsdbDumpvars 0 "simulator.DCRFLI.RF_GEN\[2\].RF.CORE.o_next"  +all +trace_process

ucli% fsdbDumpflush 
*Verdi* : Flush all FSDB Files at 0 ps.

ucli% fsdbDumpvars 0 "simulator.DCRFLI.RF_GEN\[2\].RF.CORE.i_addr\[3:0\]"  +all +trace_process

ucli% fsdbDumpflush 
*Verdi* : Flush all FSDB Files at 0 ps.

ucli% fsdbDumpvars 0 "simulator.DCRFLI.RF_GEN\[2\].RF.CORE.i_insn"  +all +trace_process

ucli% fsdbDumpflush 
*Verdi* : Flush all FSDB Files at 0 ps.

ucli% fsdbDumpvars 0 "simulator.DCRFLI.RF_GEN\[2\].RF.CORE.o_insn_modified"  +all +trace_process

ucli% fsdbDumpflush 
*Verdi* : Flush all FSDB Files at 0 ps.

ucli% if {[catch {ucliCore::setFocus tool}]} {}

ucli% fsdbDumpvars 0 "simulator.DCRFLI.RF_GEN\[2\].RF.CORE.p"  +all +trace_process

ucli% fsdbDumpflush 
*Verdi* : Flush all FSDB Files at 0 ps.

ucli% if {[catch {ucliCore::setFocus tool}]} {}

ucli% fsdbDumpvars 0 "simulator.DCRFLI.RF_GEN\[2\].RF.CORE.w_new_phase"  +all +trace_process

ucli% fsdbDumpflush 
*Verdi* : Flush all FSDB Files at 0 ps.

ucli% if {[catch {ucliCore::setFocus tool}]} {}

ucli% fsdbDumpvars 0 "simulator.DCRFLI.RF_GEN\[2\].RF.CORE.r"  +all +trace_process

ucli% fsdbDumpflush 
*Verdi* : Flush all FSDB Files at 0 ps.

ucli% if {[catch {ucliCore::setFocus tool}]} {}

ucli% fsdbDumpvars 0 "simulator.DCRFLI.RF_GEN\[2\].RF.CORE.o_armed"  +all +trace_process

ucli% fsdbDumpflush 
*Verdi* : Flush all FSDB Files at 0 ps.

ucli% if {[catch {ucliCore::setFocus tool}]} {}

ucli% fsdbDumpvars 0 "simulator.DCRFLI.RF_GEN\[2\].RF.CORE.i_start"  +all +trace_process

ucli% fsdbDumpflush 
*Verdi* : Flush all FSDB Files at 0 ps.

ucli% if {[catch {ucliCore::setFocus tool}]} {}

ucli% fsdbDumpvars 0 "simulator.DCRFLI.RF_GEN\[2\].RF.CORE.o_addr\[3:0\]"  +all +trace_process

ucli% fsdbDumpflush 
*Verdi* : Flush all FSDB Files at 0 ps.

ucli% if {[catch {ucliCore::setFocus tool}]} {}

ucli% fsdbDumpvars 0 "simulator.DCRFLI.RF_GEN\[2\].RF.CORE.o_sample_start\[19:0\]"  +all +trace_process

ucli% fsdbDumpflush 
*Verdi* : Flush all FSDB Files at 0 ps.

ucli% if {[catch {ucliCore::setFocus tool}]} {}

ucli% fsdbDumpvars 0 "simulator.DCRFLI.RF_GEN\[2\].RF.CORE.o_sample_end\[19:0\]"  +all +trace_process

ucli% fsdbDumpflush 
*Verdi* : Flush all FSDB Files at 0 ps.

ucli% if {[catch {ucliCore::setFocus tool}]} {}

ucli% fsdbDumpvars 0 "simulator.DCRFLI.RF_GEN\[2\].RF.CORE.o_QIx8\[255:0\]"  +all +trace_process

ucli% fsdbDumpflush 
*Verdi* : Flush all FSDB Files at 0 ps.

ucli% if {[catch {ucliCore::setFocus tool}]} {}

ucli% fsdbDumpvars 0 "simulator.RF_IO_GEN\[2\].DAC.i_clk"  +all +trace_process

ucli% fsdbDumpflush 
*Verdi* : Flush all FSDB Files at 0 ps.

ucli% fsdbDumpvars 0 "simulator.RF_IO_GEN\[2\].DAC.i_dac_clk"  +all +trace_process

ucli% fsdbDumpflush 
*Verdi* : Flush all FSDB Files at 0 ps.

ucli% fsdbDumpvars 0 "simulator.RF_IO_GEN\[2\].DAC.dac_cycle"  +all +trace_process

ucli% fsdbDumpflush 
*Verdi* : Flush all FSDB Files at 0 ps.

ucli% fsdbDumpvars 0 "simulator.RF_IO_GEN\[2\].DAC.i_QIx8\[255:0\]"  +all +trace_process

ucli% fsdbDumpflush 
*Verdi* : Flush all FSDB Files at 0 ps.

ucli% if {[catch {ucliCore::setFocus tool}]} {}

ucli% fsdbDumpvars 0 "simulator.RF_IO_GEN\[2\].DAC.w_Ix8\[7:0\]\[13:0\]"  +all +trace_process

ucli% fsdbDumpflush 
*Verdi* : Flush all FSDB Files at 0 ps.

ucli% fsdbDumpvars 0 "simulator.RF_IO_GEN\[2\].DAC.w_Qx8\[7:0\]\[13:0\]"  +all +trace_process

ucli% fsdbDumpflush 
*Verdi* : Flush all FSDB Files at 0 ps.

ucli% fsdbDumpvars 0 "simulator.RF_IO_GEN\[2\].DAC.o_I\[13:0\]"  +all +trace_process

ucli% fsdbDumpflush 
*Verdi* : Flush all FSDB Files at 0 ps.

ucli% fsdbDumpvars 0 "simulator.RF_IO_GEN\[2\].DAC.o_Q\[13:0\]"  +all +trace_process

ucli% fsdbDumpflush 
*Verdi* : Flush all FSDB Files at 0 ps.

ucli% fsdbDumpvars 0 "simulator.RF_IO_GEN\[2\].DAC.I"  +all +trace_process

ucli% fsdbDumpflush 
*Verdi* : Flush all FSDB Files at 0 ps.

ucli% fsdbDumpvars 0 "simulator.RF_IO_GEN\[2\].DAC.Q"  +all +trace_process

ucli% fsdbDumpflush 
*Verdi* : Flush all FSDB Files at 0 ps.

ucli% fsdbDumpvars 0 "simulator.RF_IO_GEN\[2\].DAC.deg"  +all +trace_process

ucli% fsdbDumpflush 
*Verdi* : Flush all FSDB Files at 0 ps.

ucli% fsdbDumpvars 0 "simulator.RF_IO_GEN\[2\].DAC.rad"  +all +trace_process

ucli% fsdbDumpflush 
*Verdi* : Flush all FSDB Files at 0 ps.

ucli% fsdbDumpvars 0 "simulator.RF_IO_GEN\[2\].DAC.nco_i"  +all +trace_process

ucli% fsdbDumpflush 
*Verdi* : Flush all FSDB Files at 0 ps.

ucli% fsdbDumpvars 0 "simulator.RF_IO_GEN\[2\].DAC.nco_q"  +all +trace_process

ucli% fsdbDumpflush 
*Verdi* : Flush all FSDB Files at 0 ps.

ucli% fsdbDumpvars 0 "simulator.RF_IO_GEN\[2\].DAC.o_vrf"  +all +trace_process

ucli% fsdbDumpflush 
*Verdi* : Flush all FSDB Files at 0 ps.

ucli% if {[catch {ucliCore::setFocus tool}]} {}

ucli% fsdbDumpvars 0 "simulator.RF_IO_GEN\[1\].REGS.AXIL_REGS.i_aclk"  +all +trace_process

ucli% fsdbDumpflush 
*Verdi* : Flush all FSDB Files at 0 ps.

ucli% fsdbDumpvars 0 "simulator.RF_IO_GEN\[1\].REGS.AXIL_REGS.i_aresetn"  +all +trace_process

ucli% fsdbDumpflush 
*Verdi* : Flush all FSDB Files at 0 ps.

ucli% fsdbDumpvars 0 "simulator.RF_IO_GEN\[1\].REGS.AXIL_REGS.r_regs\[0:65\]\[31:0\]"  +all +trace_process

ucli% fsdbDumpflush 
*Verdi* : Flush all FSDB Files at 0 ps.

ucli% fsdbDumpvars 0 "simulator.RF_IO_GEN\[1\].REGS.AXIL_REGS.o_regs\[0:65\]\[31:0\]"  +all +trace_process

ucli% fsdbDumpflush 
*Verdi* : Flush all FSDB Files at 0 ps.

ucli% if {[catch {ucliCore::setFocus tool}]} {}

ucli% fsdbDumpvars 0 "simulator.RF_IO_GEN\[1\].REGS.AXIL_REGS.o_awready"  +all +trace_process

ucli% fsdbDumpflush 
*Verdi* : Flush all FSDB Files at 0 ps.

ucli% fsdbDumpvars 0 "simulator.RF_IO_GEN\[1\].REGS.AXIL_REGS.i_awvalid"  +all +trace_process

ucli% fsdbDumpflush 
*Verdi* : Flush all FSDB Files at 0 ps.

ucli% fsdbDumpvars 0 "simulator.RF_IO_GEN\[1\].REGS.AXIL_REGS.i_awaddr\[8:0\]"  +all +trace_process

ucli% fsdbDumpflush 
*Verdi* : Flush all FSDB Files at 0 ps.

ucli% fsdbDumpvars 0 "simulator.RF_IO_GEN\[1\].REGS.AXIL_REGS.w_awireg\[6:0\]"  +all +trace_process

ucli% fsdbDumpflush 
*Verdi* : Flush all FSDB Files at 0 ps.

ucli% fsdbDumpvars 0 "simulator.RF_IO_GEN\[1\].REGS.AXIL_REGS.w_awls2b\[1:0\]"  +all +trace_process

ucli% fsdbDumpflush 
*Verdi* : Flush all FSDB Files at 0 ps.

ucli% if {[catch {ucliCore::setFocus tool}]} {}

ucli% fsdbDumpvars 0 "simulator.RF_IO_GEN\[1\].REGS.AXIL_REGS.o_wready"  +all +trace_process

ucli% fsdbDumpflush 
*Verdi* : Flush all FSDB Files at 0 ps.

ucli% fsdbDumpvars 0 "simulator.RF_IO_GEN\[1\].REGS.AXIL_REGS.i_wvalid"  +all +trace_process

ucli% fsdbDumpflush 
*Verdi* : Flush all FSDB Files at 0 ps.

ucli% fsdbDumpvars 0 "simulator.RF_IO_GEN\[1\].REGS.AXIL_REGS.i_wdata\[31:0\]"  +all +trace_process

ucli% fsdbDumpflush 
*Verdi* : Flush all FSDB Files at 0 ps.

ucli% fsdbDumpvars 0 "simulator.RF_IO_GEN\[1\].REGS.AXIL_REGS.i_wstrb\[3:0\]"  +all +trace_process

ucli% fsdbDumpflush 
*Verdi* : Flush all FSDB Files at 0 ps.

ucli% fsdbDumpvars 0 "simulator.RF_IO_GEN\[1\].REGS.AXIL_REGS.w_wdatastrb\[31:0\]"  +all +trace_process

ucli% fsdbDumpflush 
*Verdi* : Flush all FSDB Files at 0 ps.

ucli% if {[catch {ucliCore::setFocus tool}]} {}

ucli% fsdbDumpvars 0 "simulator.RF_IO_GEN\[1\].REGS.AXIL_REGS.i_bready"  +all +trace_process

ucli% fsdbDumpflush 
*Verdi* : Flush all FSDB Files at 0 ps.

ucli% fsdbDumpvars 0 "simulator.RF_IO_GEN\[1\].REGS.AXIL_REGS.o_bvalid"  +all +trace_process

ucli% fsdbDumpflush 
*Verdi* : Flush all FSDB Files at 0 ps.

ucli% fsdbDumpvars 0 "simulator.RF_IO_GEN\[1\].REGS.AXIL_REGS.o_bresp\[1:0\]"  +all +trace_process

ucli% fsdbDumpflush 
*Verdi* : Flush all FSDB Files at 0 ps.

ucli% if {[catch {ucliCore::setFocus tool}]} {}

ucli% fsdbDumpvars 0 "simulator.RF_IO_GEN\[1\].REGS.AXIL_REGS.o_arready"  +all +trace_process

ucli% fsdbDumpflush 
*Verdi* : Flush all FSDB Files at 0 ps.

ucli% fsdbDumpvars 0 "simulator.RF_IO_GEN\[1\].REGS.AXIL_REGS.i_arvalid"  +all +trace_process

ucli% fsdbDumpflush 
*Verdi* : Flush all FSDB Files at 0 ps.

ucli% fsdbDumpvars 0 "simulator.RF_IO_GEN\[1\].REGS.AXIL_REGS.i_araddr\[8:0\]"  +all +trace_process

ucli% fsdbDumpflush 
*Verdi* : Flush all FSDB Files at 0 ps.

ucli% fsdbDumpvars 0 "simulator.RF_IO_GEN\[1\].REGS.AXIL_REGS.w_arireg\[6:0\]"  +all +trace_process

ucli% fsdbDumpflush 
*Verdi* : Flush all FSDB Files at 0 ps.

ucli% fsdbDumpvars 0 "simulator.RF_IO_GEN\[1\].REGS.AXIL_REGS.w_arls2b\[1:0\]"  +all +trace_process

ucli% fsdbDumpflush 
*Verdi* : Flush all FSDB Files at 0 ps.

ucli% if {[catch {ucliCore::setFocus tool}]} {}

ucli% fsdbDumpvars 0 "simulator.RF_IO_GEN\[1\].REGS.AXIL_REGS.i_rready"  +all +trace_process

ucli% fsdbDumpflush 
*Verdi* : Flush all FSDB Files at 0 ps.

ucli% fsdbDumpvars 0 "simulator.RF_IO_GEN\[1\].REGS.AXIL_REGS.o_rvalid"  +all +trace_process

ucli% fsdbDumpflush 
*Verdi* : Flush all FSDB Files at 0 ps.

ucli% fsdbDumpvars 0 "simulator.RF_IO_GEN\[1\].REGS.AXIL_REGS.o_rdata\[31:0\]"  +all +trace_process

ucli% fsdbDumpflush 
*Verdi* : Flush all FSDB Files at 0 ps.

ucli% fsdbDumpvars 0 "simulator.RF_IO_GEN\[1\].REGS.AXIL_REGS.o_rresp\[1:0\]"  +all +trace_process

ucli% fsdbDumpflush 
*Verdi* : Flush all FSDB Files at 0 ps.

ucli% if {[catch {ucliCore::setFocus tool}]} {}

ucli% fsdbDumpvars 0 "simulator.DCRFLI.RF_GEN\[1\].RF.SEQ.i_clk"  +all +trace_process

ucli% fsdbDumpflush 
*Verdi* : Flush all FSDB Files at 0 ps.

ucli% fsdbDumpvars 0 "simulator.DCRFLI.RF_GEN\[1\].RF.SEQ.i_rst"  +all +trace_process

ucli% fsdbDumpflush 
*Verdi* : Flush all FSDB Files at 0 ps.

ucli% fsdbDumpvars 0 "simulator.DCRFLI.RF_GEN\[1\].RF.SEQ.w_propagate"  +all +trace_process

ucli% fsdbDumpflush 
*Verdi* : Flush all FSDB Files at 0 ps.

ucli% if {[catch {ucliCore::setFocus tool}]} {}

ucli% fsdbDumpvars 0 "simulator.DCRFLI.RF_GEN\[1\].RF.SEQ.i_regs\[0:65\]\[31:0\]"  +all +trace_process

ucli% fsdbDumpflush 
*Verdi* : Flush all FSDB Files at 0 ps.

ucli% fsdbDumpvars 0 "simulator.DCRFLI.RF_GEN\[1\].RF.SEQ.w_last0"  +all +trace_process

ucli% fsdbDumpflush 
*Verdi* : Flush all FSDB Files at 0 ps.

ucli% fsdbDumpvars 0 "simulator.DCRFLI.RF_GEN\[1\].RF.SEQ.w_last0_ff1"  +all +trace_process

ucli% fsdbDumpflush 
*Verdi* : Flush all FSDB Files at 0 ps.

ucli% fsdbDumpvars 0 "simulator.DCRFLI.RF_GEN\[1\].RF.SEQ.w_last0_ff2"  +all +trace_process

ucli% fsdbDumpflush 
*Verdi* : Flush all FSDB Files at 0 ps.

ucli% fsdbDumpvars 0 "simulator.DCRFLI.RF_GEN\[1\].RF.SEQ.w_new_sequence"  +all +trace_process

ucli% fsdbDumpflush 
*Verdi* : Flush all FSDB Files at 0 ps.

ucli% if {[catch {ucliCore::setFocus tool}]} {}

ucli% fsdbDumpvars 0 "simulator.DCRFLI.RF_GEN\[1\].RF.SEQ.r_sequence\[0:15\]\[114:0\]"  +all +trace_process

ucli% fsdbDumpflush 
*Verdi* : Flush all FSDB Files at 0 ps.

ucli% fsdbDumpvars 0 "simulator.DCRFLI.RF_GEN\[1\].RF.SEQ.r_iters\[10:0\]"  +all +trace_process

ucli% fsdbDumpflush 
*Verdi* : Flush all FSDB Files at 0 ps.

ucli% fsdbDumpvars 0 "simulator.DCRFLI.RF_GEN\[1\].RF.SEQ.r_iptr\[3:0\]"  +all +trace_process

ucli% fsdbDumpflush 
*Verdi* : Flush all FSDB Files at 0 ps.

ucli% fsdbDumpvars 0 "simulator.DCRFLI.RF_GEN\[1\].RF.SEQ.w_insn_fetch\[114:0\]"  +all +trace_process

ucli% fsdbDumpflush 
*Verdi* : Flush all FSDB Files at 0 ps.

ucli% fsdbDumpvars 0 "simulator.DCRFLI.RF_GEN\[1\].RF.SEQ.w_insn_bubble"  +all +trace_process

ucli% fsdbDumpflush 
*Verdi* : Flush all FSDB Files at 0 ps.

ucli% fsdbDumpvars 0 "simulator.DCRFLI.RF_GEN\[1\].RF.SEQ.w_iptr_plus1\[3:0\]"  +all +trace_process

ucli% fsdbDumpflush 
*Verdi* : Flush all FSDB Files at 0 ps.

ucli% fsdbDumpvars 0 "simulator.DCRFLI.RF_GEN\[1\].RF.SEQ.w_next_null"  +all +trace_process

ucli% fsdbDumpflush 
*Verdi* : Flush all FSDB Files at 0 ps.

ucli% if {[catch {ucliCore::setFocus tool}]} {}

ucli% fsdbDumpvars 0 "simulator.DCRFLI.RF_GEN\[1\].RF.SEQ.o_empty"  +all +trace_process

ucli% fsdbDumpflush 
*Verdi* : Flush all FSDB Files at 0 ps.

ucli% fsdbDumpvars 0 "simulator.DCRFLI.RF_GEN\[1\].RF.SEQ.i_next"  +all +trace_process

ucli% fsdbDumpflush 
*Verdi* : Flush all FSDB Files at 0 ps.

ucli% fsdbDumpvars 0 "simulator.DCRFLI.RF_GEN\[1\].RF.SEQ.o_addr\[3:0\]"  +all +trace_process

ucli% fsdbDumpflush 
*Verdi* : Flush all FSDB Files at 0 ps.

ucli% fsdbDumpvars 0 "simulator.DCRFLI.RF_GEN\[1\].RF.SEQ.o_insn\[114:0\]"  +all +trace_process

ucli% fsdbDumpflush 
*Verdi* : Flush all FSDB Files at 0 ps.

ucli% fsdbDumpvars 0 "simulator.DCRFLI.RF_GEN\[1\].RF.SEQ.r_iptr_modify\[3:0\]"  +all +trace_process

ucli% fsdbDumpflush 
*Verdi* : Flush all FSDB Files at 0 ps.

ucli% fsdbDumpvars 0 "simulator.DCRFLI.RF_GEN\[1\].RF.SEQ.i_insn_modified\[114:0\]"  +all +trace_process

ucli% fsdbDumpflush 
*Verdi* : Flush all FSDB Files at 0 ps.

ucli% if {[catch {ucliCore::setFocus tool}]} {}

ucli% fsdbDumpvars 0 "simulator.DCRFLI.RF_GEN\[1\].RF.CORE.CORDIC_GEN\[0\].CORDIC.c\[15\]"  +all +trace_process

ucli% fsdbDumpflush 
*Verdi* : Flush all FSDB Files at 0 ps.

ucli% fsdbDumpvars 0 "simulator.DCRFLI.RF_GEN\[1\].RF.CORE.CORDIC_GEN\[1\].CORDIC.c\[15\]"  +all +trace_process

ucli% fsdbDumpflush 
*Verdi* : Flush all FSDB Files at 0 ps.

ucli% fsdbDumpvars 0 "simulator.DCRFLI.RF_GEN\[1\].RF.CORE.CORDIC_GEN\[2\].CORDIC.c\[15\]"  +all +trace_process

ucli% fsdbDumpflush 
*Verdi* : Flush all FSDB Files at 0 ps.

ucli% fsdbDumpvars 0 "simulator.DCRFLI.RF_GEN\[1\].RF.CORE.CORDIC_GEN\[3\].CORDIC.c\[15\]"  +all +trace_process

ucli% fsdbDumpflush 
*Verdi* : Flush all FSDB Files at 0 ps.

ucli% fsdbDumpvars 0 "simulator.DCRFLI.RF_GEN\[1\].RF.CORE.CORDIC_GEN\[4\].CORDIC.c\[15\]"  +all +trace_process

ucli% fsdbDumpflush 
*Verdi* : Flush all FSDB Files at 0 ps.

ucli% fsdbDumpvars 0 "simulator.DCRFLI.RF_GEN\[1\].RF.CORE.CORDIC_GEN\[5\].CORDIC.c\[15\]"  +all +trace_process

ucli% fsdbDumpflush 
*Verdi* : Flush all FSDB Files at 0 ps.

ucli% fsdbDumpvars 0 "simulator.DCRFLI.RF_GEN\[1\].RF.CORE.CORDIC_GEN\[6\].CORDIC.c\[15\]"  +all +trace_process

ucli% fsdbDumpflush 
*Verdi* : Flush all FSDB Files at 0 ps.

ucli% fsdbDumpvars 0 "simulator.DCRFLI.RF_GEN\[1\].RF.CORE.CORDIC_GEN\[7\].CORDIC.c\[15\]"  +all +trace_process

ucli% fsdbDumpflush 
*Verdi* : Flush all FSDB Files at 0 ps.

ucli% if {[catch {ucliCore::setFocus tool}]} {}

ucli% fsdbDumpvars 0 "simulator.DCRFLI.RF_GEN\[1\].RF.CORE.CORDIC_GEN\[0\].CORDIC.c\[14\]"  +all +trace_process

ucli% fsdbDumpflush 
*Verdi* : Flush all FSDB Files at 0 ps.

ucli% fsdbDumpvars 0 "simulator.DCRFLI.RF_GEN\[1\].RF.CORE.CORDIC_GEN\[1\].CORDIC.c\[14\]"  +all +trace_process

ucli% fsdbDumpflush 
*Verdi* : Flush all FSDB Files at 0 ps.

ucli% fsdbDumpvars 0 "simulator.DCRFLI.RF_GEN\[1\].RF.CORE.CORDIC_GEN\[2\].CORDIC.c\[14\]"  +all +trace_process

ucli% fsdbDumpflush 
*Verdi* : Flush all FSDB Files at 0 ps.

ucli% fsdbDumpvars 0 "simulator.DCRFLI.RF_GEN\[1\].RF.CORE.CORDIC_GEN\[3\].CORDIC.c\[14\]"  +all +trace_process

ucli% fsdbDumpflush 
*Verdi* : Flush all FSDB Files at 0 ps.

ucli% fsdbDumpvars 0 "simulator.DCRFLI.RF_GEN\[1\].RF.CORE.CORDIC_GEN\[4\].CORDIC.c\[14\]"  +all +trace_process

ucli% fsdbDumpflush 
*Verdi* : Flush all FSDB Files at 0 ps.

ucli% fsdbDumpvars 0 "simulator.DCRFLI.RF_GEN\[1\].RF.CORE.CORDIC_GEN\[5\].CORDIC.c\[14\]"  +all +trace_process

ucli% fsdbDumpflush 
*Verdi* : Flush all FSDB Files at 0 ps.

ucli% fsdbDumpvars 0 "simulator.DCRFLI.RF_GEN\[1\].RF.CORE.CORDIC_GEN\[6\].CORDIC.c\[14\]"  +all +trace_process

ucli% fsdbDumpflush 
*Verdi* : Flush all FSDB Files at 0 ps.

ucli% fsdbDumpvars 0 "simulator.DCRFLI.RF_GEN\[1\].RF.CORE.CORDIC_GEN\[7\].CORDIC.c\[14\]"  +all +trace_process

ucli% fsdbDumpflush 
*Verdi* : Flush all FSDB Files at 0 ps.

ucli% if {[catch {ucliCore::setFocus tool}]} {}

ucli% fsdbDumpvars 0 "simulator.DCRFLI.RF_GEN\[1\].RF.CORE.CORDIC_GEN\[0\].CORDIC.c\[13\]"  +all +trace_process

ucli% fsdbDumpflush 
*Verdi* : Flush all FSDB Files at 0 ps.

ucli% fsdbDumpvars 0 "simulator.DCRFLI.RF_GEN\[1\].RF.CORE.CORDIC_GEN\[1\].CORDIC.c\[13\]"  +all +trace_process

ucli% fsdbDumpflush 
*Verdi* : Flush all FSDB Files at 0 ps.

ucli% fsdbDumpvars 0 "simulator.DCRFLI.RF_GEN\[1\].RF.CORE.CORDIC_GEN\[2\].CORDIC.c\[13\]"  +all +trace_process

ucli% fsdbDumpflush 
*Verdi* : Flush all FSDB Files at 0 ps.

ucli% fsdbDumpvars 0 "simulator.DCRFLI.RF_GEN\[1\].RF.CORE.CORDIC_GEN\[3\].CORDIC.c\[13\]"  +all +trace_process

ucli% fsdbDumpflush 
*Verdi* : Flush all FSDB Files at 0 ps.

ucli% fsdbDumpvars 0 "simulator.DCRFLI.RF_GEN\[1\].RF.CORE.CORDIC_GEN\[4\].CORDIC.c\[13\]"  +all +trace_process

ucli% fsdbDumpflush 
*Verdi* : Flush all FSDB Files at 0 ps.

ucli% fsdbDumpvars 0 "simulator.DCRFLI.RF_GEN\[1\].RF.CORE.CORDIC_GEN\[5\].CORDIC.c\[13\]"  +all +trace_process

ucli% fsdbDumpflush 
*Verdi* : Flush all FSDB Files at 0 ps.

ucli% fsdbDumpvars 0 "simulator.DCRFLI.RF_GEN\[1\].RF.CORE.CORDIC_GEN\[6\].CORDIC.c\[13\]"  +all +trace_process

ucli% fsdbDumpflush 
*Verdi* : Flush all FSDB Files at 0 ps.

ucli% fsdbDumpvars 0 "simulator.DCRFLI.RF_GEN\[1\].RF.CORE.CORDIC_GEN\[7\].CORDIC.c\[13\]"  +all +trace_process

ucli% fsdbDumpflush 
*Verdi* : Flush all FSDB Files at 0 ps.

ucli% if {[catch {ucliCore::setFocus tool}]} {}

ucli% fsdbDumpvars 0 "simulator.DCRFLI.RF_GEN\[1\].RF.CORE.CORDIC_GEN\[0\].CORDIC.c\[12\]"  +all +trace_process

ucli% fsdbDumpflush 
*Verdi* : Flush all FSDB Files at 0 ps.

ucli% fsdbDumpvars 0 "simulator.DCRFLI.RF_GEN\[1\].RF.CORE.CORDIC_GEN\[1\].CORDIC.c\[12\]"  +all +trace_process

ucli% fsdbDumpflush 
*Verdi* : Flush all FSDB Files at 0 ps.

ucli% fsdbDumpvars 0 "simulator.DCRFLI.RF_GEN\[1\].RF.CORE.CORDIC_GEN\[2\].CORDIC.c\[12\]"  +all +trace_process

ucli% fsdbDumpflush 
*Verdi* : Flush all FSDB Files at 0 ps.

ucli% fsdbDumpvars 0 "simulator.DCRFLI.RF_GEN\[1\].RF.CORE.CORDIC_GEN\[3\].CORDIC.c\[12\]"  +all +trace_process

ucli% fsdbDumpflush 
*Verdi* : Flush all FSDB Files at 0 ps.

ucli% fsdbDumpvars 0 "simulator.DCRFLI.RF_GEN\[1\].RF.CORE.CORDIC_GEN\[4\].CORDIC.c\[12\]"  +all +trace_process

ucli% fsdbDumpflush 
*Verdi* : Flush all FSDB Files at 0 ps.

ucli% fsdbDumpvars 0 "simulator.DCRFLI.RF_GEN\[1\].RF.CORE.CORDIC_GEN\[5\].CORDIC.c\[12\]"  +all +trace_process

ucli% fsdbDumpflush 
*Verdi* : Flush all FSDB Files at 0 ps.

ucli% fsdbDumpvars 0 "simulator.DCRFLI.RF_GEN\[1\].RF.CORE.CORDIC_GEN\[6\].CORDIC.c\[12\]"  +all +trace_process

ucli% fsdbDumpflush 
*Verdi* : Flush all FSDB Files at 0 ps.

ucli% fsdbDumpvars 0 "simulator.DCRFLI.RF_GEN\[1\].RF.CORE.CORDIC_GEN\[7\].CORDIC.c\[12\]"  +all +trace_process

ucli% fsdbDumpflush 
*Verdi* : Flush all FSDB Files at 0 ps.

ucli% if {[catch {ucliCore::setFocus tool}]} {}

ucli% fsdbDumpvars 0 "simulator.DCRFLI.RF_GEN\[1\].RF.CORE.CORDIC_GEN\[0\].CORDIC.c\[11\]"  +all +trace_process

ucli% fsdbDumpflush 
*Verdi* : Flush all FSDB Files at 0 ps.

ucli% fsdbDumpvars 0 "simulator.DCRFLI.RF_GEN\[1\].RF.CORE.CORDIC_GEN\[1\].CORDIC.c\[11\]"  +all +trace_process

ucli% fsdbDumpflush 
*Verdi* : Flush all FSDB Files at 0 ps.

ucli% fsdbDumpvars 0 "simulator.DCRFLI.RF_GEN\[1\].RF.CORE.CORDIC_GEN\[2\].CORDIC.c\[11\]"  +all +trace_process

ucli% fsdbDumpflush 
*Verdi* : Flush all FSDB Files at 0 ps.

ucli% fsdbDumpvars 0 "simulator.DCRFLI.RF_GEN\[1\].RF.CORE.CORDIC_GEN\[3\].CORDIC.c\[11\]"  +all +trace_process

ucli% fsdbDumpflush 
*Verdi* : Flush all FSDB Files at 0 ps.

ucli% fsdbDumpvars 0 "simulator.DCRFLI.RF_GEN\[1\].RF.CORE.CORDIC_GEN\[4\].CORDIC.c\[11\]"  +all +trace_process

ucli% fsdbDumpflush 
*Verdi* : Flush all FSDB Files at 0 ps.

ucli% fsdbDumpvars 0 "simulator.DCRFLI.RF_GEN\[1\].RF.CORE.CORDIC_GEN\[5\].CORDIC.c\[11\]"  +all +trace_process

ucli% fsdbDumpflush 
*Verdi* : Flush all FSDB Files at 0 ps.

ucli% fsdbDumpvars 0 "simulator.DCRFLI.RF_GEN\[1\].RF.CORE.CORDIC_GEN\[6\].CORDIC.c\[11\]"  +all +trace_process

ucli% fsdbDumpflush 
*Verdi* : Flush all FSDB Files at 0 ps.

ucli% fsdbDumpvars 0 "simulator.DCRFLI.RF_GEN\[1\].RF.CORE.CORDIC_GEN\[7\].CORDIC.c\[11\]"  +all +trace_process

ucli% fsdbDumpflush 
*Verdi* : Flush all FSDB Files at 0 ps.

ucli% if {[catch {ucliCore::setFocus tool}]} {}

ucli% fsdbDumpvars 0 "simulator.DCRFLI.RF_GEN\[1\].RF.CORE.CORDIC_GEN\[0\].CORDIC.c\[10\]"  +all +trace_process

ucli% fsdbDumpflush 
*Verdi* : Flush all FSDB Files at 0 ps.

ucli% fsdbDumpvars 0 "simulator.DCRFLI.RF_GEN\[1\].RF.CORE.CORDIC_GEN\[1\].CORDIC.c\[10\]"  +all +trace_process

ucli% fsdbDumpflush 
*Verdi* : Flush all FSDB Files at 0 ps.

ucli% fsdbDumpvars 0 "simulator.DCRFLI.RF_GEN\[1\].RF.CORE.CORDIC_GEN\[2\].CORDIC.c\[10\]"  +all +trace_process

ucli% fsdbDumpflush 
*Verdi* : Flush all FSDB Files at 0 ps.

ucli% fsdbDumpvars 0 "simulator.DCRFLI.RF_GEN\[1\].RF.CORE.CORDIC_GEN\[3\].CORDIC.c\[10\]"  +all +trace_process

ucli% fsdbDumpflush 
*Verdi* : Flush all FSDB Files at 0 ps.

ucli% fsdbDumpvars 0 "simulator.DCRFLI.RF_GEN\[1\].RF.CORE.CORDIC_GEN\[4\].CORDIC.c\[10\]"  +all +trace_process

ucli% fsdbDumpflush 
*Verdi* : Flush all FSDB Files at 0 ps.

ucli% fsdbDumpvars 0 "simulator.DCRFLI.RF_GEN\[1\].RF.CORE.CORDIC_GEN\[5\].CORDIC.c\[10\]"  +all +trace_process

ucli% fsdbDumpflush 
*Verdi* : Flush all FSDB Files at 0 ps.

ucli% fsdbDumpvars 0 "simulator.DCRFLI.RF_GEN\[1\].RF.CORE.CORDIC_GEN\[6\].CORDIC.c\[10\]"  +all +trace_process

ucli% fsdbDumpflush 
*Verdi* : Flush all FSDB Files at 0 ps.

ucli% fsdbDumpvars 0 "simulator.DCRFLI.RF_GEN\[1\].RF.CORE.CORDIC_GEN\[7\].CORDIC.c\[10\]"  +all +trace_process

ucli% fsdbDumpflush 
*Verdi* : Flush all FSDB Files at 0 ps.

ucli% if {[catch {ucliCore::setFocus tool}]} {}

ucli% fsdbDumpvars 0 "simulator.DCRFLI.RF_GEN\[1\].RF.CORE.CORDIC_GEN\[0\].CORDIC.c\[9\]"  +all +trace_process

ucli% fsdbDumpflush 
*Verdi* : Flush all FSDB Files at 0 ps.

ucli% fsdbDumpvars 0 "simulator.DCRFLI.RF_GEN\[1\].RF.CORE.CORDIC_GEN\[1\].CORDIC.c\[9\]"  +all +trace_process

ucli% fsdbDumpflush 
*Verdi* : Flush all FSDB Files at 0 ps.

ucli% fsdbDumpvars 0 "simulator.DCRFLI.RF_GEN\[1\].RF.CORE.CORDIC_GEN\[2\].CORDIC.c\[9\]"  +all +trace_process

ucli% fsdbDumpflush 
*Verdi* : Flush all FSDB Files at 0 ps.

ucli% fsdbDumpvars 0 "simulator.DCRFLI.RF_GEN\[1\].RF.CORE.CORDIC_GEN\[3\].CORDIC.c\[9\]"  +all +trace_process

ucli% fsdbDumpflush 
*Verdi* : Flush all FSDB Files at 0 ps.

ucli% fsdbDumpvars 0 "simulator.DCRFLI.RF_GEN\[1\].RF.CORE.CORDIC_GEN\[4\].CORDIC.c\[9\]"  +all +trace_process

ucli% fsdbDumpflush 
*Verdi* : Flush all FSDB Files at 0 ps.

ucli% fsdbDumpvars 0 "simulator.DCRFLI.RF_GEN\[1\].RF.CORE.CORDIC_GEN\[5\].CORDIC.c\[9\]"  +all +trace_process

ucli% fsdbDumpflush 
*Verdi* : Flush all FSDB Files at 0 ps.

ucli% fsdbDumpvars 0 "simulator.DCRFLI.RF_GEN\[1\].RF.CORE.CORDIC_GEN\[6\].CORDIC.c\[9\]"  +all +trace_process

ucli% fsdbDumpflush 
*Verdi* : Flush all FSDB Files at 0 ps.

ucli% fsdbDumpvars 0 "simulator.DCRFLI.RF_GEN\[1\].RF.CORE.CORDIC_GEN\[7\].CORDIC.c\[9\]"  +all +trace_process

ucli% fsdbDumpflush 
*Verdi* : Flush all FSDB Files at 0 ps.

ucli% if {[catch {ucliCore::setFocus tool}]} {}

ucli% fsdbDumpvars 0 "simulator.DCRFLI.RF_GEN\[1\].RF.CORE.CORDIC_GEN\[0\].CORDIC.c\[8\]"  +all +trace_process

ucli% fsdbDumpflush 
*Verdi* : Flush all FSDB Files at 0 ps.

ucli% fsdbDumpvars 0 "simulator.DCRFLI.RF_GEN\[1\].RF.CORE.CORDIC_GEN\[1\].CORDIC.c\[8\]"  +all +trace_process

ucli% fsdbDumpflush 
*Verdi* : Flush all FSDB Files at 0 ps.

ucli% fsdbDumpvars 0 "simulator.DCRFLI.RF_GEN\[1\].RF.CORE.CORDIC_GEN\[2\].CORDIC.c\[8\]"  +all +trace_process

ucli% fsdbDumpflush 
*Verdi* : Flush all FSDB Files at 0 ps.

ucli% fsdbDumpvars 0 "simulator.DCRFLI.RF_GEN\[1\].RF.CORE.CORDIC_GEN\[3\].CORDIC.c\[8\]"  +all +trace_process

ucli% fsdbDumpflush 
*Verdi* : Flush all FSDB Files at 0 ps.

ucli% fsdbDumpvars 0 "simulator.DCRFLI.RF_GEN\[1\].RF.CORE.CORDIC_GEN\[4\].CORDIC.c\[8\]"  +all +trace_process

ucli% fsdbDumpflush 
*Verdi* : Flush all FSDB Files at 0 ps.

ucli% fsdbDumpvars 0 "simulator.DCRFLI.RF_GEN\[1\].RF.CORE.CORDIC_GEN\[5\].CORDIC.c\[8\]"  +all +trace_process

ucli% fsdbDumpflush 
*Verdi* : Flush all FSDB Files at 0 ps.

ucli% fsdbDumpvars 0 "simulator.DCRFLI.RF_GEN\[1\].RF.CORE.CORDIC_GEN\[6\].CORDIC.c\[8\]"  +all +trace_process

ucli% fsdbDumpflush 
*Verdi* : Flush all FSDB Files at 0 ps.

ucli% fsdbDumpvars 0 "simulator.DCRFLI.RF_GEN\[1\].RF.CORE.CORDIC_GEN\[7\].CORDIC.c\[8\]"  +all +trace_process

ucli% fsdbDumpflush 
*Verdi* : Flush all FSDB Files at 0 ps.

ucli% if {[catch {ucliCore::setFocus tool}]} {}

ucli% fsdbDumpvars 0 "simulator.DCRFLI.RF_GEN\[1\].RF.CORE.CORDIC_GEN\[0\].CORDIC.c\[7\]"  +all +trace_process

ucli% fsdbDumpflush 
*Verdi* : Flush all FSDB Files at 0 ps.

ucli% fsdbDumpvars 0 "simulator.DCRFLI.RF_GEN\[1\].RF.CORE.CORDIC_GEN\[1\].CORDIC.c\[7\]"  +all +trace_process

ucli% fsdbDumpflush 
*Verdi* : Flush all FSDB Files at 0 ps.

ucli% fsdbDumpvars 0 "simulator.DCRFLI.RF_GEN\[1\].RF.CORE.CORDIC_GEN\[2\].CORDIC.c\[7\]"  +all +trace_process

ucli% fsdbDumpflush 
*Verdi* : Flush all FSDB Files at 0 ps.

ucli% fsdbDumpvars 0 "simulator.DCRFLI.RF_GEN\[1\].RF.CORE.CORDIC_GEN\[3\].CORDIC.c\[7\]"  +all +trace_process

ucli% fsdbDumpflush 
*Verdi* : Flush all FSDB Files at 0 ps.

ucli% fsdbDumpvars 0 "simulator.DCRFLI.RF_GEN\[1\].RF.CORE.CORDIC_GEN\[4\].CORDIC.c\[7\]"  +all +trace_process

ucli% fsdbDumpflush 
*Verdi* : Flush all FSDB Files at 0 ps.

ucli% fsdbDumpvars 0 "simulator.DCRFLI.RF_GEN\[1\].RF.CORE.CORDIC_GEN\[5\].CORDIC.c\[7\]"  +all +trace_process

ucli% fsdbDumpflush 
*Verdi* : Flush all FSDB Files at 0 ps.

ucli% fsdbDumpvars 0 "simulator.DCRFLI.RF_GEN\[1\].RF.CORE.CORDIC_GEN\[6\].CORDIC.c\[7\]"  +all +trace_process

ucli% fsdbDumpflush 
*Verdi* : Flush all FSDB Files at 0 ps.

ucli% fsdbDumpvars 0 "simulator.DCRFLI.RF_GEN\[1\].RF.CORE.CORDIC_GEN\[7\].CORDIC.c\[7\]"  +all +trace_process

ucli% fsdbDumpflush 
*Verdi* : Flush all FSDB Files at 0 ps.

ucli% if {[catch {ucliCore::setFocus tool}]} {}

ucli% fsdbDumpvars 0 "simulator.DCRFLI.RF_GEN\[1\].RF.CORE.CORDIC_GEN\[0\].CORDIC.c\[6\]"  +all +trace_process

ucli% fsdbDumpflush 
*Verdi* : Flush all FSDB Files at 0 ps.

ucli% fsdbDumpvars 0 "simulator.DCRFLI.RF_GEN\[1\].RF.CORE.CORDIC_GEN\[1\].CORDIC.c\[6\]"  +all +trace_process

ucli% fsdbDumpflush 
*Verdi* : Flush all FSDB Files at 0 ps.

ucli% fsdbDumpvars 0 "simulator.DCRFLI.RF_GEN\[1\].RF.CORE.CORDIC_GEN\[2\].CORDIC.c\[6\]"  +all +trace_process

ucli% fsdbDumpflush 
*Verdi* : Flush all FSDB Files at 0 ps.

ucli% fsdbDumpvars 0 "simulator.DCRFLI.RF_GEN\[1\].RF.CORE.CORDIC_GEN\[3\].CORDIC.c\[6\]"  +all +trace_process

ucli% fsdbDumpflush 
*Verdi* : Flush all FSDB Files at 0 ps.

ucli% fsdbDumpvars 0 "simulator.DCRFLI.RF_GEN\[1\].RF.CORE.CORDIC_GEN\[4\].CORDIC.c\[6\]"  +all +trace_process

ucli% fsdbDumpflush 
*Verdi* : Flush all FSDB Files at 0 ps.

ucli% fsdbDumpvars 0 "simulator.DCRFLI.RF_GEN\[1\].RF.CORE.CORDIC_GEN\[5\].CORDIC.c\[6\]"  +all +trace_process

ucli% fsdbDumpflush 
*Verdi* : Flush all FSDB Files at 0 ps.

ucli% fsdbDumpvars 0 "simulator.DCRFLI.RF_GEN\[1\].RF.CORE.CORDIC_GEN\[6\].CORDIC.c\[6\]"  +all +trace_process

ucli% fsdbDumpflush 
*Verdi* : Flush all FSDB Files at 0 ps.

ucli% fsdbDumpvars 0 "simulator.DCRFLI.RF_GEN\[1\].RF.CORE.CORDIC_GEN\[7\].CORDIC.c\[6\]"  +all +trace_process

ucli% fsdbDumpflush 
*Verdi* : Flush all FSDB Files at 0 ps.

ucli% if {[catch {ucliCore::setFocus tool}]} {}

ucli% fsdbDumpvars 0 "simulator.DCRFLI.RF_GEN\[1\].RF.CORE.CORDIC_GEN\[0\].CORDIC.c\[5\]"  +all +trace_process

ucli% fsdbDumpflush 
*Verdi* : Flush all FSDB Files at 0 ps.

ucli% fsdbDumpvars 0 "simulator.DCRFLI.RF_GEN\[1\].RF.CORE.CORDIC_GEN\[1\].CORDIC.c\[5\]"  +all +trace_process

ucli% fsdbDumpflush 
*Verdi* : Flush all FSDB Files at 0 ps.

ucli% fsdbDumpvars 0 "simulator.DCRFLI.RF_GEN\[1\].RF.CORE.CORDIC_GEN\[2\].CORDIC.c\[5\]"  +all +trace_process

ucli% fsdbDumpflush 
*Verdi* : Flush all FSDB Files at 0 ps.

ucli% fsdbDumpvars 0 "simulator.DCRFLI.RF_GEN\[1\].RF.CORE.CORDIC_GEN\[3\].CORDIC.c\[5\]"  +all +trace_process

ucli% fsdbDumpflush 
*Verdi* : Flush all FSDB Files at 0 ps.

ucli% fsdbDumpvars 0 "simulator.DCRFLI.RF_GEN\[1\].RF.CORE.CORDIC_GEN\[4\].CORDIC.c\[5\]"  +all +trace_process

ucli% fsdbDumpflush 
*Verdi* : Flush all FSDB Files at 0 ps.

ucli% fsdbDumpvars 0 "simulator.DCRFLI.RF_GEN\[1\].RF.CORE.CORDIC_GEN\[5\].CORDIC.c\[5\]"  +all +trace_process

ucli% fsdbDumpflush 
*Verdi* : Flush all FSDB Files at 0 ps.

ucli% fsdbDumpvars 0 "simulator.DCRFLI.RF_GEN\[1\].RF.CORE.CORDIC_GEN\[6\].CORDIC.c\[5\]"  +all +trace_process

ucli% fsdbDumpflush 
*Verdi* : Flush all FSDB Files at 0 ps.

ucli% fsdbDumpvars 0 "simulator.DCRFLI.RF_GEN\[1\].RF.CORE.CORDIC_GEN\[7\].CORDIC.c\[5\]"  +all +trace_process

ucli% fsdbDumpflush 
*Verdi* : Flush all FSDB Files at 0 ps.

ucli% if {[catch {ucliCore::setFocus tool}]} {}

ucli% fsdbDumpvars 0 "simulator.DCRFLI.RF_GEN\[1\].RF.CORE.CORDIC_GEN\[0\].CORDIC.c\[4\]"  +all +trace_process

ucli% fsdbDumpflush 
*Verdi* : Flush all FSDB Files at 0 ps.

ucli% fsdbDumpvars 0 "simulator.DCRFLI.RF_GEN\[1\].RF.CORE.CORDIC_GEN\[1\].CORDIC.c\[4\]"  +all +trace_process

ucli% fsdbDumpflush 
*Verdi* : Flush all FSDB Files at 0 ps.

ucli% fsdbDumpvars 0 "simulator.DCRFLI.RF_GEN\[1\].RF.CORE.CORDIC_GEN\[2\].CORDIC.c\[4\]"  +all +trace_process

ucli% fsdbDumpflush 
*Verdi* : Flush all FSDB Files at 0 ps.

ucli% fsdbDumpvars 0 "simulator.DCRFLI.RF_GEN\[1\].RF.CORE.CORDIC_GEN\[3\].CORDIC.c\[4\]"  +all +trace_process

ucli% fsdbDumpflush 
*Verdi* : Flush all FSDB Files at 0 ps.

ucli% fsdbDumpvars 0 "simulator.DCRFLI.RF_GEN\[1\].RF.CORE.CORDIC_GEN\[4\].CORDIC.c\[4\]"  +all +trace_process

ucli% fsdbDumpflush 
*Verdi* : Flush all FSDB Files at 0 ps.

ucli% fsdbDumpvars 0 "simulator.DCRFLI.RF_GEN\[1\].RF.CORE.CORDIC_GEN\[5\].CORDIC.c\[4\]"  +all +trace_process

ucli% fsdbDumpflush 
*Verdi* : Flush all FSDB Files at 0 ps.

ucli% fsdbDumpvars 0 "simulator.DCRFLI.RF_GEN\[1\].RF.CORE.CORDIC_GEN\[6\].CORDIC.c\[4\]"  +all +trace_process

ucli% fsdbDumpflush 
*Verdi* : Flush all FSDB Files at 0 ps.

ucli% fsdbDumpvars 0 "simulator.DCRFLI.RF_GEN\[1\].RF.CORE.CORDIC_GEN\[7\].CORDIC.c\[4\]"  +all +trace_process

ucli% fsdbDumpflush 
*Verdi* : Flush all FSDB Files at 0 ps.

ucli% if {[catch {ucliCore::setFocus tool}]} {}

ucli% fsdbDumpvars 0 "simulator.DCRFLI.RF_GEN\[1\].RF.CORE.CORDIC_GEN\[0\].CORDIC.c\[3\]"  +all +trace_process

ucli% fsdbDumpflush 
*Verdi* : Flush all FSDB Files at 0 ps.

ucli% fsdbDumpvars 0 "simulator.DCRFLI.RF_GEN\[1\].RF.CORE.CORDIC_GEN\[1\].CORDIC.c\[3\]"  +all +trace_process

ucli% fsdbDumpflush 
*Verdi* : Flush all FSDB Files at 0 ps.

ucli% fsdbDumpvars 0 "simulator.DCRFLI.RF_GEN\[1\].RF.CORE.CORDIC_GEN\[2\].CORDIC.c\[3\]"  +all +trace_process

ucli% fsdbDumpflush 
*Verdi* : Flush all FSDB Files at 0 ps.

ucli% fsdbDumpvars 0 "simulator.DCRFLI.RF_GEN\[1\].RF.CORE.CORDIC_GEN\[3\].CORDIC.c\[3\]"  +all +trace_process

ucli% fsdbDumpflush 
*Verdi* : Flush all FSDB Files at 0 ps.

ucli% fsdbDumpvars 0 "simulator.DCRFLI.RF_GEN\[1\].RF.CORE.CORDIC_GEN\[4\].CORDIC.c\[3\]"  +all +trace_process

ucli% fsdbDumpflush 
*Verdi* : Flush all FSDB Files at 0 ps.

ucli% fsdbDumpvars 0 "simulator.DCRFLI.RF_GEN\[1\].RF.CORE.CORDIC_GEN\[5\].CORDIC.c\[3\]"  +all +trace_process

ucli% fsdbDumpflush 
*Verdi* : Flush all FSDB Files at 0 ps.

ucli% fsdbDumpvars 0 "simulator.DCRFLI.RF_GEN\[1\].RF.CORE.CORDIC_GEN\[6\].CORDIC.c\[3\]"  +all +trace_process

ucli% fsdbDumpflush 
*Verdi* : Flush all FSDB Files at 0 ps.

ucli% fsdbDumpvars 0 "simulator.DCRFLI.RF_GEN\[1\].RF.CORE.CORDIC_GEN\[7\].CORDIC.c\[3\]"  +all +trace_process

ucli% fsdbDumpflush 
*Verdi* : Flush all FSDB Files at 0 ps.

ucli% if {[catch {ucliCore::setFocus tool}]} {}

ucli% fsdbDumpvars 0 "simulator.DCRFLI.RF_GEN\[1\].RF.CORE.CORDIC_GEN\[0\].CORDIC.c\[2\]"  +all +trace_process

ucli% fsdbDumpflush 
*Verdi* : Flush all FSDB Files at 0 ps.

ucli% fsdbDumpvars 0 "simulator.DCRFLI.RF_GEN\[1\].RF.CORE.CORDIC_GEN\[1\].CORDIC.c\[2\]"  +all +trace_process

ucli% fsdbDumpflush 
*Verdi* : Flush all FSDB Files at 0 ps.

ucli% fsdbDumpvars 0 "simulator.DCRFLI.RF_GEN\[1\].RF.CORE.CORDIC_GEN\[2\].CORDIC.c\[2\]"  +all +trace_process

ucli% fsdbDumpflush 
*Verdi* : Flush all FSDB Files at 0 ps.

ucli% fsdbDumpvars 0 "simulator.DCRFLI.RF_GEN\[1\].RF.CORE.CORDIC_GEN\[3\].CORDIC.c\[2\]"  +all +trace_process

ucli% fsdbDumpflush 
*Verdi* : Flush all FSDB Files at 0 ps.

ucli% fsdbDumpvars 0 "simulator.DCRFLI.RF_GEN\[1\].RF.CORE.CORDIC_GEN\[4\].CORDIC.c\[2\]"  +all +trace_process

ucli% fsdbDumpflush 
*Verdi* : Flush all FSDB Files at 0 ps.

ucli% fsdbDumpvars 0 "simulator.DCRFLI.RF_GEN\[1\].RF.CORE.CORDIC_GEN\[5\].CORDIC.c\[2\]"  +all +trace_process

ucli% fsdbDumpflush 
*Verdi* : Flush all FSDB Files at 0 ps.

ucli% fsdbDumpvars 0 "simulator.DCRFLI.RF_GEN\[1\].RF.CORE.CORDIC_GEN\[6\].CORDIC.c\[2\]"  +all +trace_process

ucli% fsdbDumpflush 
*Verdi* : Flush all FSDB Files at 0 ps.

ucli% fsdbDumpvars 0 "simulator.DCRFLI.RF_GEN\[1\].RF.CORE.CORDIC_GEN\[7\].CORDIC.c\[2\]"  +all +trace_process

ucli% fsdbDumpflush 
*Verdi* : Flush all FSDB Files at 0 ps.

ucli% if {[catch {ucliCore::setFocus tool}]} {}

ucli% fsdbDumpvars 0 "simulator.DCRFLI.RF_GEN\[1\].RF.CORE.CORDIC_GEN\[0\].CORDIC.c\[1\]"  +all +trace_process

ucli% fsdbDumpflush 
*Verdi* : Flush all FSDB Files at 0 ps.

ucli% fsdbDumpvars 0 "simulator.DCRFLI.RF_GEN\[1\].RF.CORE.CORDIC_GEN\[1\].CORDIC.c\[1\]"  +all +trace_process

ucli% fsdbDumpflush 
*Verdi* : Flush all FSDB Files at 0 ps.

ucli% fsdbDumpvars 0 "simulator.DCRFLI.RF_GEN\[1\].RF.CORE.CORDIC_GEN\[2\].CORDIC.c\[1\]"  +all +trace_process

ucli% fsdbDumpflush 
*Verdi* : Flush all FSDB Files at 0 ps.

ucli% fsdbDumpvars 0 "simulator.DCRFLI.RF_GEN\[1\].RF.CORE.CORDIC_GEN\[3\].CORDIC.c\[1\]"  +all +trace_process

ucli% fsdbDumpflush 
*Verdi* : Flush all FSDB Files at 0 ps.

ucli% fsdbDumpvars 0 "simulator.DCRFLI.RF_GEN\[1\].RF.CORE.CORDIC_GEN\[4\].CORDIC.c\[1\]"  +all +trace_process

ucli% fsdbDumpflush 
*Verdi* : Flush all FSDB Files at 0 ps.

ucli% fsdbDumpvars 0 "simulator.DCRFLI.RF_GEN\[1\].RF.CORE.CORDIC_GEN\[5\].CORDIC.c\[1\]"  +all +trace_process

ucli% fsdbDumpflush 
*Verdi* : Flush all FSDB Files at 0 ps.

ucli% fsdbDumpvars 0 "simulator.DCRFLI.RF_GEN\[1\].RF.CORE.CORDIC_GEN\[6\].CORDIC.c\[1\]"  +all +trace_process

ucli% fsdbDumpflush 
*Verdi* : Flush all FSDB Files at 0 ps.

ucli% fsdbDumpvars 0 "simulator.DCRFLI.RF_GEN\[1\].RF.CORE.CORDIC_GEN\[7\].CORDIC.c\[1\]"  +all +trace_process

ucli% fsdbDumpflush 
*Verdi* : Flush all FSDB Files at 0 ps.

ucli% if {[catch {ucliCore::setFocus tool}]} {}

ucli% fsdbDumpvars 0 "simulator.DCRFLI.RF_GEN\[1\].RF.CORE.CORDIC_GEN\[0\].CORDIC.c\[0\]"  +all +trace_process

ucli% fsdbDumpflush 
*Verdi* : Flush all FSDB Files at 0 ps.

ucli% fsdbDumpvars 0 "simulator.DCRFLI.RF_GEN\[1\].RF.CORE.CORDIC_GEN\[1\].CORDIC.c\[0\]"  +all +trace_process

ucli% fsdbDumpflush 
*Verdi* : Flush all FSDB Files at 0 ps.

ucli% fsdbDumpvars 0 "simulator.DCRFLI.RF_GEN\[1\].RF.CORE.CORDIC_GEN\[2\].CORDIC.c\[0\]"  +all +trace_process

ucli% fsdbDumpflush 
*Verdi* : Flush all FSDB Files at 0 ps.

ucli% fsdbDumpvars 0 "simulator.DCRFLI.RF_GEN\[1\].RF.CORE.CORDIC_GEN\[3\].CORDIC.c\[0\]"  +all +trace_process

ucli% fsdbDumpflush 
*Verdi* : Flush all FSDB Files at 0 ps.

ucli% fsdbDumpvars 0 "simulator.DCRFLI.RF_GEN\[1\].RF.CORE.CORDIC_GEN\[4\].CORDIC.c\[0\]"  +all +trace_process

ucli% fsdbDumpflush 
*Verdi* : Flush all FSDB Files at 0 ps.

ucli% fsdbDumpvars 0 "simulator.DCRFLI.RF_GEN\[1\].RF.CORE.CORDIC_GEN\[5\].CORDIC.c\[0\]"  +all +trace_process

ucli% fsdbDumpflush 
*Verdi* : Flush all FSDB Files at 0 ps.

ucli% fsdbDumpvars 0 "simulator.DCRFLI.RF_GEN\[1\].RF.CORE.CORDIC_GEN\[6\].CORDIC.c\[0\]"  +all +trace_process

ucli% fsdbDumpflush 
*Verdi* : Flush all FSDB Files at 0 ps.

ucli% fsdbDumpvars 0 "simulator.DCRFLI.RF_GEN\[1\].RF.CORE.CORDIC_GEN\[7\].CORDIC.c\[0\]"  +all +trace_process

ucli% fsdbDumpflush 
*Verdi* : Flush all FSDB Files at 0 ps.

ucli% if {[catch {ucliCore::setFocus tool}]} {}

ucli% fsdbDumpvars 0 "simulator.DCRFLI.RF_GEN\[1\].RF.CORE.i_clk"  +all +trace_process

ucli% fsdbDumpflush 
*Verdi* : Flush all FSDB Files at 0 ps.

ucli% fsdbDumpvars 0 "simulator.DCRFLI.RF_GEN\[1\].RF.CORE.i_rst"  +all +trace_process

ucli% fsdbDumpflush 
*Verdi* : Flush all FSDB Files at 0 ps.

ucli% fsdbDumpvars 0 "simulator.DCRFLI.RF_GEN\[1\].RF.CORE.w_stall"  +all +trace_process

ucli% fsdbDumpflush 
*Verdi* : Flush all FSDB Files at 0 ps.

ucli% if {[catch {ucliCore::setFocus tool}]} {}

ucli% fsdbDumpvars 0 "simulator.DCRFLI.RF_GEN\[1\].RF.CORE.d"  +all +trace_process

ucli% fsdbDumpflush 
*Verdi* : Flush all FSDB Files at 0 ps.

ucli% fsdbDumpvars 0 "simulator.DCRFLI.RF_GEN\[1\].RF.CORE.i_empty"  +all +trace_process

ucli% fsdbDumpflush 
*Verdi* : Flush all FSDB Files at 0 ps.

ucli% fsdbDumpvars 0 "simulator.DCRFLI.RF_GEN\[1\].RF.CORE.o_next"  +all +trace_process

ucli% fsdbDumpflush 
*Verdi* : Flush all FSDB Files at 0 ps.

ucli% fsdbDumpvars 0 "simulator.DCRFLI.RF_GEN\[1\].RF.CORE.i_addr\[3:0\]"  +all +trace_process

ucli% fsdbDumpflush 
*Verdi* : Flush all FSDB Files at 0 ps.

ucli% fsdbDumpvars 0 "simulator.DCRFLI.RF_GEN\[1\].RF.CORE.i_insn"  +all +trace_process

ucli% fsdbDumpflush 
*Verdi* : Flush all FSDB Files at 0 ps.

ucli% fsdbDumpvars 0 "simulator.DCRFLI.RF_GEN\[1\].RF.CORE.o_insn_modified"  +all +trace_process

ucli% fsdbDumpflush 
*Verdi* : Flush all FSDB Files at 0 ps.

ucli% if {[catch {ucliCore::setFocus tool}]} {}

ucli% fsdbDumpvars 0 "simulator.DCRFLI.RF_GEN\[1\].RF.CORE.p"  +all +trace_process

ucli% fsdbDumpflush 
*Verdi* : Flush all FSDB Files at 0 ps.

ucli% if {[catch {ucliCore::setFocus tool}]} {}

ucli% fsdbDumpvars 0 "simulator.DCRFLI.RF_GEN\[1\].RF.CORE.w_new_phase"  +all +trace_process

ucli% fsdbDumpflush 
*Verdi* : Flush all FSDB Files at 0 ps.

ucli% if {[catch {ucliCore::setFocus tool}]} {}

ucli% fsdbDumpvars 0 "simulator.DCRFLI.RF_GEN\[1\].RF.CORE.r"  +all +trace_process

ucli% fsdbDumpflush 
*Verdi* : Flush all FSDB Files at 0 ps.

ucli% if {[catch {ucliCore::setFocus tool}]} {}

ucli% fsdbDumpvars 0 "simulator.DCRFLI.RF_GEN\[1\].RF.CORE.o_armed"  +all +trace_process

ucli% fsdbDumpflush 
*Verdi* : Flush all FSDB Files at 0 ps.

ucli% if {[catch {ucliCore::setFocus tool}]} {}

ucli% fsdbDumpvars 0 "simulator.DCRFLI.RF_GEN\[1\].RF.CORE.i_start"  +all +trace_process

ucli% fsdbDumpflush 
*Verdi* : Flush all FSDB Files at 0 ps.

ucli% if {[catch {ucliCore::setFocus tool}]} {}

ucli% fsdbDumpvars 0 "simulator.DCRFLI.RF_GEN\[1\].RF.CORE.o_addr\[3:0\]"  +all +trace_process

ucli% fsdbDumpflush 
*Verdi* : Flush all FSDB Files at 0 ps.

ucli% if {[catch {ucliCore::setFocus tool}]} {}

ucli% fsdbDumpvars 0 "simulator.DCRFLI.RF_GEN\[1\].RF.CORE.o_sample_start\[19:0\]"  +all +trace_process

ucli% fsdbDumpflush 
*Verdi* : Flush all FSDB Files at 0 ps.

ucli% if {[catch {ucliCore::setFocus tool}]} {}

ucli% fsdbDumpvars 0 "simulator.DCRFLI.RF_GEN\[1\].RF.CORE.o_sample_end\[19:0\]"  +all +trace_process

ucli% fsdbDumpflush 
*Verdi* : Flush all FSDB Files at 0 ps.

ucli% if {[catch {ucliCore::setFocus tool}]} {}

ucli% fsdbDumpvars 0 "simulator.DCRFLI.RF_GEN\[1\].RF.CORE.o_QIx8\[255:0\]"  +all +trace_process

ucli% fsdbDumpflush 
*Verdi* : Flush all FSDB Files at 0 ps.

ucli% if {[catch {ucliCore::setFocus tool}]} {}

ucli% fsdbDumpvars 0 "simulator.RF_IO_GEN\[1\].DAC.i_clk"  +all +trace_process

ucli% fsdbDumpflush 
*Verdi* : Flush all FSDB Files at 0 ps.

ucli% fsdbDumpvars 0 "simulator.RF_IO_GEN\[1\].DAC.i_dac_clk"  +all +trace_process

ucli% fsdbDumpflush 
*Verdi* : Flush all FSDB Files at 0 ps.

ucli% fsdbDumpvars 0 "simulator.RF_IO_GEN\[1\].DAC.dac_cycle"  +all +trace_process

ucli% fsdbDumpflush 
*Verdi* : Flush all FSDB Files at 0 ps.

ucli% fsdbDumpvars 0 "simulator.RF_IO_GEN\[1\].DAC.i_QIx8\[255:0\]"  +all +trace_process

ucli% fsdbDumpflush 
*Verdi* : Flush all FSDB Files at 0 ps.

ucli% if {[catch {ucliCore::setFocus tool}]} {}

ucli% fsdbDumpvars 0 "simulator.RF_IO_GEN\[1\].DAC.w_Ix8\[7:0\]\[13:0\]"  +all +trace_process

ucli% fsdbDumpflush 
*Verdi* : Flush all FSDB Files at 0 ps.

ucli% fsdbDumpvars 0 "simulator.RF_IO_GEN\[1\].DAC.w_Qx8\[7:0\]\[13:0\]"  +all +trace_process

ucli% fsdbDumpflush 
*Verdi* : Flush all FSDB Files at 0 ps.

ucli% fsdbDumpvars 0 "simulator.RF_IO_GEN\[1\].DAC.o_I\[13:0\]"  +all +trace_process

ucli% fsdbDumpflush 
*Verdi* : Flush all FSDB Files at 0 ps.

ucli% fsdbDumpvars 0 "simulator.RF_IO_GEN\[1\].DAC.o_Q\[13:0\]"  +all +trace_process

ucli% fsdbDumpflush 
*Verdi* : Flush all FSDB Files at 0 ps.

ucli% fsdbDumpvars 0 "simulator.RF_IO_GEN\[1\].DAC.I"  +all +trace_process

ucli% fsdbDumpflush 
*Verdi* : Flush all FSDB Files at 0 ps.

ucli% fsdbDumpvars 0 "simulator.RF_IO_GEN\[1\].DAC.Q"  +all +trace_process

ucli% fsdbDumpflush 
*Verdi* : Flush all FSDB Files at 0 ps.

ucli% fsdbDumpvars 0 "simulator.RF_IO_GEN\[1\].DAC.deg"  +all +trace_process

ucli% fsdbDumpflush 
*Verdi* : Flush all FSDB Files at 0 ps.

ucli% fsdbDumpvars 0 "simulator.RF_IO_GEN\[1\].DAC.rad"  +all +trace_process

ucli% fsdbDumpflush 
*Verdi* : Flush all FSDB Files at 0 ps.

ucli% fsdbDumpvars 0 "simulator.RF_IO_GEN\[1\].DAC.nco_i"  +all +trace_process

ucli% fsdbDumpflush 
*Verdi* : Flush all FSDB Files at 0 ps.

ucli% fsdbDumpvars 0 "simulator.RF_IO_GEN\[1\].DAC.nco_q"  +all +trace_process

ucli% fsdbDumpflush 
*Verdi* : Flush all FSDB Files at 0 ps.

ucli% fsdbDumpvars 0 "simulator.RF_IO_GEN\[1\].DAC.o_vrf"  +all +trace_process

ucli% fsdbDumpflush 
*Verdi* : Flush all FSDB Files at 0 ps.

ucli% if {[catch {ucliCore::setFocus tool}]} {}

ucli% fsdbDumpvars 0 "simulator.RF_IO_GEN\[0\].REGS.AXIL_REGS.i_aclk"  +all +trace_process

ucli% fsdbDumpflush 
*Verdi* : Flush all FSDB Files at 0 ps.

ucli% fsdbDumpvars 0 "simulator.RF_IO_GEN\[0\].REGS.AXIL_REGS.i_aresetn"  +all +trace_process

ucli% fsdbDumpflush 
*Verdi* : Flush all FSDB Files at 0 ps.

ucli% fsdbDumpvars 0 "simulator.RF_IO_GEN\[0\].REGS.AXIL_REGS.r_regs\[0:65\]\[31:0\]"  +all +trace_process

ucli% fsdbDumpflush 
*Verdi* : Flush all FSDB Files at 0 ps.

ucli% fsdbDumpvars 0 "simulator.RF_IO_GEN\[0\].REGS.AXIL_REGS.o_regs\[0:65\]\[31:0\]"  +all +trace_process

ucli% fsdbDumpflush 
*Verdi* : Flush all FSDB Files at 0 ps.

ucli% if {[catch {ucliCore::setFocus tool}]} {}

ucli% fsdbDumpvars 0 "simulator.RF_IO_GEN\[0\].REGS.AXIL_REGS.o_awready"  +all +trace_process

ucli% fsdbDumpflush 
*Verdi* : Flush all FSDB Files at 0 ps.

ucli% fsdbDumpvars 0 "simulator.RF_IO_GEN\[0\].REGS.AXIL_REGS.i_awvalid"  +all +trace_process

ucli% fsdbDumpflush 
*Verdi* : Flush all FSDB Files at 0 ps.

ucli% fsdbDumpvars 0 "simulator.RF_IO_GEN\[0\].REGS.AXIL_REGS.i_awaddr\[8:0\]"  +all +trace_process

ucli% fsdbDumpflush 
*Verdi* : Flush all FSDB Files at 0 ps.

ucli% fsdbDumpvars 0 "simulator.RF_IO_GEN\[0\].REGS.AXIL_REGS.w_awireg\[6:0\]"  +all +trace_process

ucli% fsdbDumpflush 
*Verdi* : Flush all FSDB Files at 0 ps.

ucli% fsdbDumpvars 0 "simulator.RF_IO_GEN\[0\].REGS.AXIL_REGS.w_awls2b\[1:0\]"  +all +trace_process

ucli% fsdbDumpflush 
*Verdi* : Flush all FSDB Files at 0 ps.

ucli% if {[catch {ucliCore::setFocus tool}]} {}

ucli% fsdbDumpvars 0 "simulator.RF_IO_GEN\[0\].REGS.AXIL_REGS.o_wready"  +all +trace_process

ucli% fsdbDumpflush 
*Verdi* : Flush all FSDB Files at 0 ps.

ucli% fsdbDumpvars 0 "simulator.RF_IO_GEN\[0\].REGS.AXIL_REGS.i_wvalid"  +all +trace_process

ucli% fsdbDumpflush 
*Verdi* : Flush all FSDB Files at 0 ps.

ucli% fsdbDumpvars 0 "simulator.RF_IO_GEN\[0\].REGS.AXIL_REGS.i_wdata\[31:0\]"  +all +trace_process

ucli% fsdbDumpflush 
*Verdi* : Flush all FSDB Files at 0 ps.

ucli% fsdbDumpvars 0 "simulator.RF_IO_GEN\[0\].REGS.AXIL_REGS.i_wstrb\[3:0\]"  +all +trace_process

ucli% fsdbDumpflush 
*Verdi* : Flush all FSDB Files at 0 ps.

ucli% fsdbDumpvars 0 "simulator.RF_IO_GEN\[0\].REGS.AXIL_REGS.w_wdatastrb\[31:0\]"  +all +trace_process

ucli% fsdbDumpflush 
*Verdi* : Flush all FSDB Files at 0 ps.

ucli% if {[catch {ucliCore::setFocus tool}]} {}

ucli% fsdbDumpvars 0 "simulator.RF_IO_GEN\[0\].REGS.AXIL_REGS.i_bready"  +all +trace_process

ucli% fsdbDumpflush 
*Verdi* : Flush all FSDB Files at 0 ps.

ucli% fsdbDumpvars 0 "simulator.RF_IO_GEN\[0\].REGS.AXIL_REGS.o_bvalid"  +all +trace_process

ucli% fsdbDumpflush 
*Verdi* : Flush all FSDB Files at 0 ps.

ucli% fsdbDumpvars 0 "simulator.RF_IO_GEN\[0\].REGS.AXIL_REGS.o_bresp\[1:0\]"  +all +trace_process

ucli% fsdbDumpflush 
*Verdi* : Flush all FSDB Files at 0 ps.

ucli% if {[catch {ucliCore::setFocus tool}]} {}

ucli% fsdbDumpvars 0 "simulator.RF_IO_GEN\[0\].REGS.AXIL_REGS.o_arready"  +all +trace_process

ucli% fsdbDumpflush 
*Verdi* : Flush all FSDB Files at 0 ps.

ucli% fsdbDumpvars 0 "simulator.RF_IO_GEN\[0\].REGS.AXIL_REGS.i_arvalid"  +all +trace_process

ucli% fsdbDumpflush 
*Verdi* : Flush all FSDB Files at 0 ps.

ucli% fsdbDumpvars 0 "simulator.RF_IO_GEN\[0\].REGS.AXIL_REGS.i_araddr\[8:0\]"  +all +trace_process

ucli% fsdbDumpflush 
*Verdi* : Flush all FSDB Files at 0 ps.

ucli% fsdbDumpvars 0 "simulator.RF_IO_GEN\[0\].REGS.AXIL_REGS.w_arireg\[6:0\]"  +all +trace_process

ucli% fsdbDumpflush 
*Verdi* : Flush all FSDB Files at 0 ps.

ucli% fsdbDumpvars 0 "simulator.RF_IO_GEN\[0\].REGS.AXIL_REGS.w_arls2b\[1:0\]"  +all +trace_process

ucli% fsdbDumpflush 
*Verdi* : Flush all FSDB Files at 0 ps.

ucli% if {[catch {ucliCore::setFocus tool}]} {}

ucli% fsdbDumpvars 0 "simulator.RF_IO_GEN\[0\].REGS.AXIL_REGS.i_rready"  +all +trace_process

ucli% fsdbDumpflush 
*Verdi* : Flush all FSDB Files at 0 ps.

ucli% fsdbDumpvars 0 "simulator.RF_IO_GEN\[0\].REGS.AXIL_REGS.o_rvalid"  +all +trace_process

ucli% fsdbDumpflush 
*Verdi* : Flush all FSDB Files at 0 ps.

ucli% fsdbDumpvars 0 "simulator.RF_IO_GEN\[0\].REGS.AXIL_REGS.o_rdata\[31:0\]"  +all +trace_process

ucli% fsdbDumpflush 
*Verdi* : Flush all FSDB Files at 0 ps.

ucli% fsdbDumpvars 0 "simulator.RF_IO_GEN\[0\].REGS.AXIL_REGS.o_rresp\[1:0\]"  +all +trace_process

ucli% fsdbDumpflush 
*Verdi* : Flush all FSDB Files at 0 ps.

ucli% if {[catch {ucliCore::setFocus tool}]} {}

ucli% fsdbDumpvars 0 "simulator.DCRFLI.RF_GEN\[0\].RF.SEQ.i_clk"  +all +trace_process

ucli% fsdbDumpflush 
*Verdi* : Flush all FSDB Files at 0 ps.

ucli% fsdbDumpvars 0 "simulator.DCRFLI.RF_GEN\[0\].RF.SEQ.i_rst"  +all +trace_process

ucli% fsdbDumpflush 
*Verdi* : Flush all FSDB Files at 0 ps.

ucli% fsdbDumpvars 0 "simulator.DCRFLI.RF_GEN\[0\].RF.SEQ.w_propagate"  +all +trace_process

ucli% fsdbDumpflush 
*Verdi* : Flush all FSDB Files at 0 ps.

ucli% if {[catch {ucliCore::setFocus tool}]} {}

ucli% fsdbDumpvars 0 "simulator.DCRFLI.RF_GEN\[0\].RF.SEQ.i_regs\[0:65\]\[31:0\]"  +all +trace_process

ucli% fsdbDumpflush 
*Verdi* : Flush all FSDB Files at 0 ps.

ucli% fsdbDumpvars 0 "simulator.DCRFLI.RF_GEN\[0\].RF.SEQ.w_last0"  +all +trace_process

ucli% fsdbDumpflush 
*Verdi* : Flush all FSDB Files at 0 ps.

ucli% fsdbDumpvars 0 "simulator.DCRFLI.RF_GEN\[0\].RF.SEQ.w_last0_ff1"  +all +trace_process

ucli% fsdbDumpflush 
*Verdi* : Flush all FSDB Files at 0 ps.

ucli% fsdbDumpvars 0 "simulator.DCRFLI.RF_GEN\[0\].RF.SEQ.w_last0_ff2"  +all +trace_process

ucli% fsdbDumpflush 
*Verdi* : Flush all FSDB Files at 0 ps.

ucli% fsdbDumpvars 0 "simulator.DCRFLI.RF_GEN\[0\].RF.SEQ.w_new_sequence"  +all +trace_process

ucli% fsdbDumpflush 
*Verdi* : Flush all FSDB Files at 0 ps.

ucli% if {[catch {ucliCore::setFocus tool}]} {}

ucli% fsdbDumpvars 0 "simulator.DCRFLI.RF_GEN\[0\].RF.SEQ.r_sequence\[0:15\]\[114:0\]"  +all +trace_process

ucli% fsdbDumpflush 
*Verdi* : Flush all FSDB Files at 0 ps.

ucli% fsdbDumpvars 0 "simulator.DCRFLI.RF_GEN\[0\].RF.SEQ.r_iters\[10:0\]"  +all +trace_process

ucli% fsdbDumpflush 
*Verdi* : Flush all FSDB Files at 0 ps.

ucli% fsdbDumpvars 0 "simulator.DCRFLI.RF_GEN\[0\].RF.SEQ.r_iptr\[3:0\]"  +all +trace_process

ucli% fsdbDumpflush 
*Verdi* : Flush all FSDB Files at 0 ps.

ucli% fsdbDumpvars 0 "simulator.DCRFLI.RF_GEN\[0\].RF.SEQ.w_insn_fetch\[114:0\]"  +all +trace_process

ucli% fsdbDumpflush 
*Verdi* : Flush all FSDB Files at 0 ps.

ucli% fsdbDumpvars 0 "simulator.DCRFLI.RF_GEN\[0\].RF.SEQ.w_insn_bubble"  +all +trace_process

ucli% fsdbDumpflush 
*Verdi* : Flush all FSDB Files at 0 ps.

ucli% fsdbDumpvars 0 "simulator.DCRFLI.RF_GEN\[0\].RF.SEQ.w_iptr_plus1\[3:0\]"  +all +trace_process

ucli% fsdbDumpflush 
*Verdi* : Flush all FSDB Files at 0 ps.

ucli% fsdbDumpvars 0 "simulator.DCRFLI.RF_GEN\[0\].RF.SEQ.w_next_null"  +all +trace_process

ucli% fsdbDumpflush 
*Verdi* : Flush all FSDB Files at 0 ps.

ucli% if {[catch {ucliCore::setFocus tool}]} {}

ucli% fsdbDumpvars 0 "simulator.DCRFLI.RF_GEN\[0\].RF.SEQ.o_empty"  +all +trace_process

ucli% fsdbDumpflush 
*Verdi* : Flush all FSDB Files at 0 ps.

ucli% fsdbDumpvars 0 "simulator.DCRFLI.RF_GEN\[0\].RF.SEQ.i_next"  +all +trace_process

ucli% fsdbDumpflush 
*Verdi* : Flush all FSDB Files at 0 ps.

ucli% fsdbDumpvars 0 "simulator.DCRFLI.RF_GEN\[0\].RF.SEQ.o_addr\[3:0\]"  +all +trace_process

ucli% fsdbDumpflush 
*Verdi* : Flush all FSDB Files at 0 ps.

ucli% fsdbDumpvars 0 "simulator.DCRFLI.RF_GEN\[0\].RF.SEQ.o_insn\[114:0\]"  +all +trace_process

ucli% fsdbDumpflush 
*Verdi* : Flush all FSDB Files at 0 ps.

ucli% fsdbDumpvars 0 "simulator.DCRFLI.RF_GEN\[0\].RF.SEQ.r_iptr_modify\[3:0\]"  +all +trace_process

ucli% fsdbDumpflush 
*Verdi* : Flush all FSDB Files at 0 ps.

ucli% fsdbDumpvars 0 "simulator.DCRFLI.RF_GEN\[0\].RF.SEQ.i_insn_modified\[114:0\]"  +all +trace_process

ucli% fsdbDumpflush 
*Verdi* : Flush all FSDB Files at 0 ps.

ucli% if {[catch {ucliCore::setFocus tool}]} {}

ucli% fsdbDumpvars 0 "simulator.DCRFLI.RF_GEN\[0\].RF.CORE.CORDIC_GEN\[0\].CORDIC.c\[15\]"  +all +trace_process

ucli% fsdbDumpflush 
*Verdi* : Flush all FSDB Files at 0 ps.

ucli% fsdbDumpvars 0 "simulator.DCRFLI.RF_GEN\[0\].RF.CORE.CORDIC_GEN\[1\].CORDIC.c\[15\]"  +all +trace_process

ucli% fsdbDumpflush 
*Verdi* : Flush all FSDB Files at 0 ps.

ucli% fsdbDumpvars 0 "simulator.DCRFLI.RF_GEN\[0\].RF.CORE.CORDIC_GEN\[2\].CORDIC.c\[15\]"  +all +trace_process

ucli% fsdbDumpflush 
*Verdi* : Flush all FSDB Files at 0 ps.

ucli% fsdbDumpvars 0 "simulator.DCRFLI.RF_GEN\[0\].RF.CORE.CORDIC_GEN\[3\].CORDIC.c\[15\]"  +all +trace_process

ucli% fsdbDumpflush 
*Verdi* : Flush all FSDB Files at 0 ps.

ucli% fsdbDumpvars 0 "simulator.DCRFLI.RF_GEN\[0\].RF.CORE.CORDIC_GEN\[4\].CORDIC.c\[15\]"  +all +trace_process

ucli% fsdbDumpflush 
*Verdi* : Flush all FSDB Files at 0 ps.

ucli% fsdbDumpvars 0 "simulator.DCRFLI.RF_GEN\[0\].RF.CORE.CORDIC_GEN\[5\].CORDIC.c\[15\]"  +all +trace_process

ucli% fsdbDumpflush 
*Verdi* : Flush all FSDB Files at 0 ps.

ucli% fsdbDumpvars 0 "simulator.DCRFLI.RF_GEN\[0\].RF.CORE.CORDIC_GEN\[6\].CORDIC.c\[15\]"  +all +trace_process

ucli% fsdbDumpflush 
*Verdi* : Flush all FSDB Files at 0 ps.

ucli% fsdbDumpvars 0 "simulator.DCRFLI.RF_GEN\[0\].RF.CORE.CORDIC_GEN\[7\].CORDIC.c\[15\]"  +all +trace_process

ucli% fsdbDumpflush 
*Verdi* : Flush all FSDB Files at 0 ps.

ucli% if {[catch {ucliCore::setFocus tool}]} {}

ucli% fsdbDumpvars 0 "simulator.DCRFLI.RF_GEN\[0\].RF.CORE.CORDIC_GEN\[0\].CORDIC.c\[14\]"  +all +trace_process

ucli% fsdbDumpflush 
*Verdi* : Flush all FSDB Files at 0 ps.

ucli% fsdbDumpvars 0 "simulator.DCRFLI.RF_GEN\[0\].RF.CORE.CORDIC_GEN\[1\].CORDIC.c\[14\]"  +all +trace_process

ucli% fsdbDumpflush 
*Verdi* : Flush all FSDB Files at 0 ps.

ucli% fsdbDumpvars 0 "simulator.DCRFLI.RF_GEN\[0\].RF.CORE.CORDIC_GEN\[2\].CORDIC.c\[14\]"  +all +trace_process

ucli% fsdbDumpflush 
*Verdi* : Flush all FSDB Files at 0 ps.

ucli% fsdbDumpvars 0 "simulator.DCRFLI.RF_GEN\[0\].RF.CORE.CORDIC_GEN\[3\].CORDIC.c\[14\]"  +all +trace_process

ucli% fsdbDumpflush 
*Verdi* : Flush all FSDB Files at 0 ps.

ucli% fsdbDumpvars 0 "simulator.DCRFLI.RF_GEN\[0\].RF.CORE.CORDIC_GEN\[4\].CORDIC.c\[14\]"  +all +trace_process

ucli% fsdbDumpflush 
*Verdi* : Flush all FSDB Files at 0 ps.

ucli% fsdbDumpvars 0 "simulator.DCRFLI.RF_GEN\[0\].RF.CORE.CORDIC_GEN\[5\].CORDIC.c\[14\]"  +all +trace_process

ucli% fsdbDumpflush 
*Verdi* : Flush all FSDB Files at 0 ps.

ucli% fsdbDumpvars 0 "simulator.DCRFLI.RF_GEN\[0\].RF.CORE.CORDIC_GEN\[6\].CORDIC.c\[14\]"  +all +trace_process

ucli% fsdbDumpflush 
*Verdi* : Flush all FSDB Files at 0 ps.

ucli% fsdbDumpvars 0 "simulator.DCRFLI.RF_GEN\[0\].RF.CORE.CORDIC_GEN\[7\].CORDIC.c\[14\]"  +all +trace_process

ucli% fsdbDumpflush 
*Verdi* : Flush all FSDB Files at 0 ps.

ucli% if {[catch {ucliCore::setFocus tool}]} {}

ucli% fsdbDumpvars 0 "simulator.DCRFLI.RF_GEN\[0\].RF.CORE.CORDIC_GEN\[0\].CORDIC.c\[13\]"  +all +trace_process

ucli% fsdbDumpflush 
*Verdi* : Flush all FSDB Files at 0 ps.

ucli% fsdbDumpvars 0 "simulator.DCRFLI.RF_GEN\[0\].RF.CORE.CORDIC_GEN\[1\].CORDIC.c\[13\]"  +all +trace_process

ucli% fsdbDumpflush 
*Verdi* : Flush all FSDB Files at 0 ps.

ucli% fsdbDumpvars 0 "simulator.DCRFLI.RF_GEN\[0\].RF.CORE.CORDIC_GEN\[2\].CORDIC.c\[13\]"  +all +trace_process

ucli% fsdbDumpflush 
*Verdi* : Flush all FSDB Files at 0 ps.

ucli% fsdbDumpvars 0 "simulator.DCRFLI.RF_GEN\[0\].RF.CORE.CORDIC_GEN\[3\].CORDIC.c\[13\]"  +all +trace_process

ucli% fsdbDumpflush 
*Verdi* : Flush all FSDB Files at 0 ps.

ucli% fsdbDumpvars 0 "simulator.DCRFLI.RF_GEN\[0\].RF.CORE.CORDIC_GEN\[4\].CORDIC.c\[13\]"  +all +trace_process

ucli% fsdbDumpflush 
*Verdi* : Flush all FSDB Files at 0 ps.

ucli% fsdbDumpvars 0 "simulator.DCRFLI.RF_GEN\[0\].RF.CORE.CORDIC_GEN\[5\].CORDIC.c\[13\]"  +all +trace_process

ucli% fsdbDumpflush 
*Verdi* : Flush all FSDB Files at 0 ps.

ucli% fsdbDumpvars 0 "simulator.DCRFLI.RF_GEN\[0\].RF.CORE.CORDIC_GEN\[6\].CORDIC.c\[13\]"  +all +trace_process

ucli% fsdbDumpflush 
*Verdi* : Flush all FSDB Files at 0 ps.

ucli% fsdbDumpvars 0 "simulator.DCRFLI.RF_GEN\[0\].RF.CORE.CORDIC_GEN\[7\].CORDIC.c\[13\]"  +all +trace_process

ucli% fsdbDumpflush 
*Verdi* : Flush all FSDB Files at 0 ps.

ucli% if {[catch {ucliCore::setFocus tool}]} {}

ucli% fsdbDumpvars 0 "simulator.DCRFLI.RF_GEN\[0\].RF.CORE.CORDIC_GEN\[0\].CORDIC.c\[12\]"  +all +trace_process

ucli% fsdbDumpflush 
*Verdi* : Flush all FSDB Files at 0 ps.

ucli% fsdbDumpvars 0 "simulator.DCRFLI.RF_GEN\[0\].RF.CORE.CORDIC_GEN\[1\].CORDIC.c\[12\]"  +all +trace_process

ucli% fsdbDumpflush 
*Verdi* : Flush all FSDB Files at 0 ps.

ucli% fsdbDumpvars 0 "simulator.DCRFLI.RF_GEN\[0\].RF.CORE.CORDIC_GEN\[2\].CORDIC.c\[12\]"  +all +trace_process

ucli% fsdbDumpflush 
*Verdi* : Flush all FSDB Files at 0 ps.

ucli% fsdbDumpvars 0 "simulator.DCRFLI.RF_GEN\[0\].RF.CORE.CORDIC_GEN\[3\].CORDIC.c\[12\]"  +all +trace_process

ucli% fsdbDumpflush 
*Verdi* : Flush all FSDB Files at 0 ps.

ucli% fsdbDumpvars 0 "simulator.DCRFLI.RF_GEN\[0\].RF.CORE.CORDIC_GEN\[4\].CORDIC.c\[12\]"  +all +trace_process

ucli% fsdbDumpflush 
*Verdi* : Flush all FSDB Files at 0 ps.

ucli% fsdbDumpvars 0 "simulator.DCRFLI.RF_GEN\[0\].RF.CORE.CORDIC_GEN\[5\].CORDIC.c\[12\]"  +all +trace_process

ucli% fsdbDumpflush 
*Verdi* : Flush all FSDB Files at 0 ps.

ucli% fsdbDumpvars 0 "simulator.DCRFLI.RF_GEN\[0\].RF.CORE.CORDIC_GEN\[6\].CORDIC.c\[12\]"  +all +trace_process

ucli% fsdbDumpflush 
*Verdi* : Flush all FSDB Files at 0 ps.

ucli% fsdbDumpvars 0 "simulator.DCRFLI.RF_GEN\[0\].RF.CORE.CORDIC_GEN\[7\].CORDIC.c\[12\]"  +all +trace_process

ucli% fsdbDumpflush 
*Verdi* : Flush all FSDB Files at 0 ps.

ucli% if {[catch {ucliCore::setFocus tool}]} {}

ucli% fsdbDumpvars 0 "simulator.DCRFLI.RF_GEN\[0\].RF.CORE.CORDIC_GEN\[0\].CORDIC.c\[11\]"  +all +trace_process

ucli% fsdbDumpflush 
*Verdi* : Flush all FSDB Files at 0 ps.

ucli% fsdbDumpvars 0 "simulator.DCRFLI.RF_GEN\[0\].RF.CORE.CORDIC_GEN\[1\].CORDIC.c\[11\]"  +all +trace_process

ucli% fsdbDumpflush 
*Verdi* : Flush all FSDB Files at 0 ps.

ucli% fsdbDumpvars 0 "simulator.DCRFLI.RF_GEN\[0\].RF.CORE.CORDIC_GEN\[2\].CORDIC.c\[11\]"  +all +trace_process

ucli% fsdbDumpflush 
*Verdi* : Flush all FSDB Files at 0 ps.

ucli% fsdbDumpvars 0 "simulator.DCRFLI.RF_GEN\[0\].RF.CORE.CORDIC_GEN\[3\].CORDIC.c\[11\]"  +all +trace_process

ucli% fsdbDumpflush 
*Verdi* : Flush all FSDB Files at 0 ps.

ucli% fsdbDumpvars 0 "simulator.DCRFLI.RF_GEN\[0\].RF.CORE.CORDIC_GEN\[4\].CORDIC.c\[11\]"  +all +trace_process

ucli% fsdbDumpflush 
*Verdi* : Flush all FSDB Files at 0 ps.

ucli% fsdbDumpvars 0 "simulator.DCRFLI.RF_GEN\[0\].RF.CORE.CORDIC_GEN\[5\].CORDIC.c\[11\]"  +all +trace_process

ucli% fsdbDumpflush 
*Verdi* : Flush all FSDB Files at 0 ps.

ucli% fsdbDumpvars 0 "simulator.DCRFLI.RF_GEN\[0\].RF.CORE.CORDIC_GEN\[6\].CORDIC.c\[11\]"  +all +trace_process

ucli% fsdbDumpflush 
*Verdi* : Flush all FSDB Files at 0 ps.

ucli% fsdbDumpvars 0 "simulator.DCRFLI.RF_GEN\[0\].RF.CORE.CORDIC_GEN\[7\].CORDIC.c\[11\]"  +all +trace_process

ucli% fsdbDumpflush 
*Verdi* : Flush all FSDB Files at 0 ps.

ucli% if {[catch {ucliCore::setFocus tool}]} {}

ucli% fsdbDumpvars 0 "simulator.DCRFLI.RF_GEN\[0\].RF.CORE.CORDIC_GEN\[0\].CORDIC.c\[10\]"  +all +trace_process

ucli% fsdbDumpflush 
*Verdi* : Flush all FSDB Files at 0 ps.

ucli% fsdbDumpvars 0 "simulator.DCRFLI.RF_GEN\[0\].RF.CORE.CORDIC_GEN\[1\].CORDIC.c\[10\]"  +all +trace_process

ucli% fsdbDumpflush 
*Verdi* : Flush all FSDB Files at 0 ps.

ucli% fsdbDumpvars 0 "simulator.DCRFLI.RF_GEN\[0\].RF.CORE.CORDIC_GEN\[2\].CORDIC.c\[10\]"  +all +trace_process

ucli% fsdbDumpflush 
*Verdi* : Flush all FSDB Files at 0 ps.

ucli% fsdbDumpvars 0 "simulator.DCRFLI.RF_GEN\[0\].RF.CORE.CORDIC_GEN\[3\].CORDIC.c\[10\]"  +all +trace_process

ucli% fsdbDumpflush 
*Verdi* : Flush all FSDB Files at 0 ps.

ucli% fsdbDumpvars 0 "simulator.DCRFLI.RF_GEN\[0\].RF.CORE.CORDIC_GEN\[4\].CORDIC.c\[10\]"  +all +trace_process

ucli% fsdbDumpflush 
*Verdi* : Flush all FSDB Files at 0 ps.

ucli% fsdbDumpvars 0 "simulator.DCRFLI.RF_GEN\[0\].RF.CORE.CORDIC_GEN\[5\].CORDIC.c\[10\]"  +all +trace_process

ucli% fsdbDumpflush 
*Verdi* : Flush all FSDB Files at 0 ps.

ucli% fsdbDumpvars 0 "simulator.DCRFLI.RF_GEN\[0\].RF.CORE.CORDIC_GEN\[6\].CORDIC.c\[10\]"  +all +trace_process

ucli% fsdbDumpflush 
*Verdi* : Flush all FSDB Files at 0 ps.

ucli% fsdbDumpvars 0 "simulator.DCRFLI.RF_GEN\[0\].RF.CORE.CORDIC_GEN\[7\].CORDIC.c\[10\]"  +all +trace_process

ucli% fsdbDumpflush 
*Verdi* : Flush all FSDB Files at 0 ps.

ucli% if {[catch {ucliCore::setFocus tool}]} {}

ucli% fsdbDumpvars 0 "simulator.DCRFLI.RF_GEN\[0\].RF.CORE.CORDIC_GEN\[0\].CORDIC.c\[9\]"  +all +trace_process

ucli% fsdbDumpflush 
*Verdi* : Flush all FSDB Files at 0 ps.

ucli% fsdbDumpvars 0 "simulator.DCRFLI.RF_GEN\[0\].RF.CORE.CORDIC_GEN\[1\].CORDIC.c\[9\]"  +all +trace_process

ucli% fsdbDumpflush 
*Verdi* : Flush all FSDB Files at 0 ps.

ucli% fsdbDumpvars 0 "simulator.DCRFLI.RF_GEN\[0\].RF.CORE.CORDIC_GEN\[2\].CORDIC.c\[9\]"  +all +trace_process

ucli% fsdbDumpflush 
*Verdi* : Flush all FSDB Files at 0 ps.

ucli% fsdbDumpvars 0 "simulator.DCRFLI.RF_GEN\[0\].RF.CORE.CORDIC_GEN\[3\].CORDIC.c\[9\]"  +all +trace_process

ucli% fsdbDumpflush 
*Verdi* : Flush all FSDB Files at 0 ps.

ucli% fsdbDumpvars 0 "simulator.DCRFLI.RF_GEN\[0\].RF.CORE.CORDIC_GEN\[4\].CORDIC.c\[9\]"  +all +trace_process

ucli% fsdbDumpflush 
*Verdi* : Flush all FSDB Files at 0 ps.

ucli% fsdbDumpvars 0 "simulator.DCRFLI.RF_GEN\[0\].RF.CORE.CORDIC_GEN\[5\].CORDIC.c\[9\]"  +all +trace_process

ucli% fsdbDumpflush 
*Verdi* : Flush all FSDB Files at 0 ps.

ucli% fsdbDumpvars 0 "simulator.DCRFLI.RF_GEN\[0\].RF.CORE.CORDIC_GEN\[6\].CORDIC.c\[9\]"  +all +trace_process

ucli% fsdbDumpflush 
*Verdi* : Flush all FSDB Files at 0 ps.

ucli% fsdbDumpvars 0 "simulator.DCRFLI.RF_GEN\[0\].RF.CORE.CORDIC_GEN\[7\].CORDIC.c\[9\]"  +all +trace_process

ucli% fsdbDumpflush 
*Verdi* : Flush all FSDB Files at 0 ps.

ucli% if {[catch {ucliCore::setFocus tool}]} {}

ucli% fsdbDumpvars 0 "simulator.DCRFLI.RF_GEN\[0\].RF.CORE.CORDIC_GEN\[0\].CORDIC.c\[8\]"  +all +trace_process

ucli% fsdbDumpflush 
*Verdi* : Flush all FSDB Files at 0 ps.

ucli% fsdbDumpvars 0 "simulator.DCRFLI.RF_GEN\[0\].RF.CORE.CORDIC_GEN\[1\].CORDIC.c\[8\]"  +all +trace_process

ucli% fsdbDumpflush 
*Verdi* : Flush all FSDB Files at 0 ps.

ucli% fsdbDumpvars 0 "simulator.DCRFLI.RF_GEN\[0\].RF.CORE.CORDIC_GEN\[2\].CORDIC.c\[8\]"  +all +trace_process

ucli% fsdbDumpflush 
*Verdi* : Flush all FSDB Files at 0 ps.

ucli% fsdbDumpvars 0 "simulator.DCRFLI.RF_GEN\[0\].RF.CORE.CORDIC_GEN\[3\].CORDIC.c\[8\]"  +all +trace_process

ucli% fsdbDumpflush 
*Verdi* : Flush all FSDB Files at 0 ps.

ucli% fsdbDumpvars 0 "simulator.DCRFLI.RF_GEN\[0\].RF.CORE.CORDIC_GEN\[4\].CORDIC.c\[8\]"  +all +trace_process

ucli% fsdbDumpflush 
*Verdi* : Flush all FSDB Files at 0 ps.

ucli% fsdbDumpvars 0 "simulator.DCRFLI.RF_GEN\[0\].RF.CORE.CORDIC_GEN\[5\].CORDIC.c\[8\]"  +all +trace_process

ucli% fsdbDumpflush 
*Verdi* : Flush all FSDB Files at 0 ps.

ucli% fsdbDumpvars 0 "simulator.DCRFLI.RF_GEN\[0\].RF.CORE.CORDIC_GEN\[6\].CORDIC.c\[8\]"  +all +trace_process

ucli% fsdbDumpflush 
*Verdi* : Flush all FSDB Files at 0 ps.

ucli% fsdbDumpvars 0 "simulator.DCRFLI.RF_GEN\[0\].RF.CORE.CORDIC_GEN\[7\].CORDIC.c\[8\]"  +all +trace_process

ucli% fsdbDumpflush 
*Verdi* : Flush all FSDB Files at 0 ps.

ucli% if {[catch {ucliCore::setFocus tool}]} {}

ucli% fsdbDumpvars 0 "simulator.DCRFLI.RF_GEN\[0\].RF.CORE.CORDIC_GEN\[0\].CORDIC.c\[7\]"  +all +trace_process

ucli% fsdbDumpflush 
*Verdi* : Flush all FSDB Files at 0 ps.

ucli% fsdbDumpvars 0 "simulator.DCRFLI.RF_GEN\[0\].RF.CORE.CORDIC_GEN\[1\].CORDIC.c\[7\]"  +all +trace_process

ucli% fsdbDumpflush 
*Verdi* : Flush all FSDB Files at 0 ps.

ucli% fsdbDumpvars 0 "simulator.DCRFLI.RF_GEN\[0\].RF.CORE.CORDIC_GEN\[2\].CORDIC.c\[7\]"  +all +trace_process

ucli% fsdbDumpflush 
*Verdi* : Flush all FSDB Files at 0 ps.

ucli% fsdbDumpvars 0 "simulator.DCRFLI.RF_GEN\[0\].RF.CORE.CORDIC_GEN\[3\].CORDIC.c\[7\]"  +all +trace_process

ucli% fsdbDumpflush 
*Verdi* : Flush all FSDB Files at 0 ps.

ucli% fsdbDumpvars 0 "simulator.DCRFLI.RF_GEN\[0\].RF.CORE.CORDIC_GEN\[4\].CORDIC.c\[7\]"  +all +trace_process

ucli% fsdbDumpflush 
*Verdi* : Flush all FSDB Files at 0 ps.

ucli% fsdbDumpvars 0 "simulator.DCRFLI.RF_GEN\[0\].RF.CORE.CORDIC_GEN\[5\].CORDIC.c\[7\]"  +all +trace_process

ucli% fsdbDumpflush 
*Verdi* : Flush all FSDB Files at 0 ps.

ucli% fsdbDumpvars 0 "simulator.DCRFLI.RF_GEN\[0\].RF.CORE.CORDIC_GEN\[6\].CORDIC.c\[7\]"  +all +trace_process

ucli% fsdbDumpflush 
*Verdi* : Flush all FSDB Files at 0 ps.

ucli% fsdbDumpvars 0 "simulator.DCRFLI.RF_GEN\[0\].RF.CORE.CORDIC_GEN\[7\].CORDIC.c\[7\]"  +all +trace_process

ucli% fsdbDumpflush 
*Verdi* : Flush all FSDB Files at 0 ps.

ucli% if {[catch {ucliCore::setFocus tool}]} {}

ucli% fsdbDumpvars 0 "simulator.DCRFLI.RF_GEN\[0\].RF.CORE.CORDIC_GEN\[0\].CORDIC.c\[6\]"  +all +trace_process

ucli% fsdbDumpflush 
*Verdi* : Flush all FSDB Files at 0 ps.

ucli% fsdbDumpvars 0 "simulator.DCRFLI.RF_GEN\[0\].RF.CORE.CORDIC_GEN\[1\].CORDIC.c\[6\]"  +all +trace_process

ucli% fsdbDumpflush 
*Verdi* : Flush all FSDB Files at 0 ps.

ucli% fsdbDumpvars 0 "simulator.DCRFLI.RF_GEN\[0\].RF.CORE.CORDIC_GEN\[2\].CORDIC.c\[6\]"  +all +trace_process

ucli% fsdbDumpflush 
*Verdi* : Flush all FSDB Files at 0 ps.

ucli% fsdbDumpvars 0 "simulator.DCRFLI.RF_GEN\[0\].RF.CORE.CORDIC_GEN\[3\].CORDIC.c\[6\]"  +all +trace_process

ucli% fsdbDumpflush 
*Verdi* : Flush all FSDB Files at 0 ps.

ucli% fsdbDumpvars 0 "simulator.DCRFLI.RF_GEN\[0\].RF.CORE.CORDIC_GEN\[4\].CORDIC.c\[6\]"  +all +trace_process

ucli% fsdbDumpflush 
*Verdi* : Flush all FSDB Files at 0 ps.

ucli% fsdbDumpvars 0 "simulator.DCRFLI.RF_GEN\[0\].RF.CORE.CORDIC_GEN\[5\].CORDIC.c\[6\]"  +all +trace_process

ucli% fsdbDumpflush 
*Verdi* : Flush all FSDB Files at 0 ps.

ucli% fsdbDumpvars 0 "simulator.DCRFLI.RF_GEN\[0\].RF.CORE.CORDIC_GEN\[6\].CORDIC.c\[6\]"  +all +trace_process

ucli% fsdbDumpflush 
*Verdi* : Flush all FSDB Files at 0 ps.

ucli% fsdbDumpvars 0 "simulator.DCRFLI.RF_GEN\[0\].RF.CORE.CORDIC_GEN\[7\].CORDIC.c\[6\]"  +all +trace_process

ucli% fsdbDumpflush 
*Verdi* : Flush all FSDB Files at 0 ps.

ucli% if {[catch {ucliCore::setFocus tool}]} {}

ucli% fsdbDumpvars 0 "simulator.DCRFLI.RF_GEN\[0\].RF.CORE.CORDIC_GEN\[0\].CORDIC.c\[5\]"  +all +trace_process

ucli% fsdbDumpflush 
*Verdi* : Flush all FSDB Files at 0 ps.

ucli% fsdbDumpvars 0 "simulator.DCRFLI.RF_GEN\[0\].RF.CORE.CORDIC_GEN\[1\].CORDIC.c\[5\]"  +all +trace_process

ucli% fsdbDumpflush 
*Verdi* : Flush all FSDB Files at 0 ps.

ucli% fsdbDumpvars 0 "simulator.DCRFLI.RF_GEN\[0\].RF.CORE.CORDIC_GEN\[2\].CORDIC.c\[5\]"  +all +trace_process

ucli% fsdbDumpflush 
*Verdi* : Flush all FSDB Files at 0 ps.

ucli% fsdbDumpvars 0 "simulator.DCRFLI.RF_GEN\[0\].RF.CORE.CORDIC_GEN\[3\].CORDIC.c\[5\]"  +all +trace_process

ucli% fsdbDumpflush 
*Verdi* : Flush all FSDB Files at 0 ps.

ucli% fsdbDumpvars 0 "simulator.DCRFLI.RF_GEN\[0\].RF.CORE.CORDIC_GEN\[4\].CORDIC.c\[5\]"  +all +trace_process

ucli% fsdbDumpflush 
*Verdi* : Flush all FSDB Files at 0 ps.

ucli% fsdbDumpvars 0 "simulator.DCRFLI.RF_GEN\[0\].RF.CORE.CORDIC_GEN\[5\].CORDIC.c\[5\]"  +all +trace_process

ucli% fsdbDumpflush 
*Verdi* : Flush all FSDB Files at 0 ps.

ucli% fsdbDumpvars 0 "simulator.DCRFLI.RF_GEN\[0\].RF.CORE.CORDIC_GEN\[6\].CORDIC.c\[5\]"  +all +trace_process

ucli% fsdbDumpflush 
*Verdi* : Flush all FSDB Files at 0 ps.

ucli% fsdbDumpvars 0 "simulator.DCRFLI.RF_GEN\[0\].RF.CORE.CORDIC_GEN\[7\].CORDIC.c\[5\]"  +all +trace_process

ucli% fsdbDumpflush 
*Verdi* : Flush all FSDB Files at 0 ps.

ucli% if {[catch {ucliCore::setFocus tool}]} {}

ucli% fsdbDumpvars 0 "simulator.DCRFLI.RF_GEN\[0\].RF.CORE.CORDIC_GEN\[0\].CORDIC.c\[4\]"  +all +trace_process

ucli% fsdbDumpflush 
*Verdi* : Flush all FSDB Files at 0 ps.

ucli% fsdbDumpvars 0 "simulator.DCRFLI.RF_GEN\[0\].RF.CORE.CORDIC_GEN\[1\].CORDIC.c\[4\]"  +all +trace_process

ucli% fsdbDumpflush 
*Verdi* : Flush all FSDB Files at 0 ps.

ucli% fsdbDumpvars 0 "simulator.DCRFLI.RF_GEN\[0\].RF.CORE.CORDIC_GEN\[2\].CORDIC.c\[4\]"  +all +trace_process

ucli% fsdbDumpflush 
*Verdi* : Flush all FSDB Files at 0 ps.

ucli% fsdbDumpvars 0 "simulator.DCRFLI.RF_GEN\[0\].RF.CORE.CORDIC_GEN\[3\].CORDIC.c\[4\]"  +all +trace_process

ucli% fsdbDumpflush 
*Verdi* : Flush all FSDB Files at 0 ps.

ucli% fsdbDumpvars 0 "simulator.DCRFLI.RF_GEN\[0\].RF.CORE.CORDIC_GEN\[4\].CORDIC.c\[4\]"  +all +trace_process

ucli% fsdbDumpflush 
*Verdi* : Flush all FSDB Files at 0 ps.

ucli% fsdbDumpvars 0 "simulator.DCRFLI.RF_GEN\[0\].RF.CORE.CORDIC_GEN\[5\].CORDIC.c\[4\]"  +all +trace_process

ucli% fsdbDumpflush 
*Verdi* : Flush all FSDB Files at 0 ps.

ucli% fsdbDumpvars 0 "simulator.DCRFLI.RF_GEN\[0\].RF.CORE.CORDIC_GEN\[6\].CORDIC.c\[4\]"  +all +trace_process

ucli% fsdbDumpflush 
*Verdi* : Flush all FSDB Files at 0 ps.

ucli% fsdbDumpvars 0 "simulator.DCRFLI.RF_GEN\[0\].RF.CORE.CORDIC_GEN\[7\].CORDIC.c\[4\]"  +all +trace_process

ucli% fsdbDumpflush 
*Verdi* : Flush all FSDB Files at 0 ps.

ucli% if {[catch {ucliCore::setFocus tool}]} {}

ucli% fsdbDumpvars 0 "simulator.DCRFLI.RF_GEN\[0\].RF.CORE.CORDIC_GEN\[0\].CORDIC.c\[3\]"  +all +trace_process

ucli% fsdbDumpflush 
*Verdi* : Flush all FSDB Files at 0 ps.

ucli% fsdbDumpvars 0 "simulator.DCRFLI.RF_GEN\[0\].RF.CORE.CORDIC_GEN\[1\].CORDIC.c\[3\]"  +all +trace_process

ucli% fsdbDumpflush 
*Verdi* : Flush all FSDB Files at 0 ps.

ucli% fsdbDumpvars 0 "simulator.DCRFLI.RF_GEN\[0\].RF.CORE.CORDIC_GEN\[2\].CORDIC.c\[3\]"  +all +trace_process

ucli% fsdbDumpflush 
*Verdi* : Flush all FSDB Files at 0 ps.

ucli% fsdbDumpvars 0 "simulator.DCRFLI.RF_GEN\[0\].RF.CORE.CORDIC_GEN\[3\].CORDIC.c\[3\]"  +all +trace_process

ucli% fsdbDumpflush 
*Verdi* : Flush all FSDB Files at 0 ps.

ucli% fsdbDumpvars 0 "simulator.DCRFLI.RF_GEN\[0\].RF.CORE.CORDIC_GEN\[4\].CORDIC.c\[3\]"  +all +trace_process

ucli% fsdbDumpflush 
*Verdi* : Flush all FSDB Files at 0 ps.

ucli% fsdbDumpvars 0 "simulator.DCRFLI.RF_GEN\[0\].RF.CORE.CORDIC_GEN\[5\].CORDIC.c\[3\]"  +all +trace_process

ucli% fsdbDumpflush 
*Verdi* : Flush all FSDB Files at 0 ps.

ucli% fsdbDumpvars 0 "simulator.DCRFLI.RF_GEN\[0\].RF.CORE.CORDIC_GEN\[6\].CORDIC.c\[3\]"  +all +trace_process

ucli% fsdbDumpflush 
*Verdi* : Flush all FSDB Files at 0 ps.

ucli% fsdbDumpvars 0 "simulator.DCRFLI.RF_GEN\[0\].RF.CORE.CORDIC_GEN\[7\].CORDIC.c\[3\]"  +all +trace_process

ucli% fsdbDumpflush 
*Verdi* : Flush all FSDB Files at 0 ps.

ucli% if {[catch {ucliCore::setFocus tool}]} {}

ucli% fsdbDumpvars 0 "simulator.DCRFLI.RF_GEN\[0\].RF.CORE.CORDIC_GEN\[0\].CORDIC.c\[2\]"  +all +trace_process

ucli% fsdbDumpflush 
*Verdi* : Flush all FSDB Files at 0 ps.

ucli% fsdbDumpvars 0 "simulator.DCRFLI.RF_GEN\[0\].RF.CORE.CORDIC_GEN\[1\].CORDIC.c\[2\]"  +all +trace_process

ucli% fsdbDumpflush 
*Verdi* : Flush all FSDB Files at 0 ps.

ucli% fsdbDumpvars 0 "simulator.DCRFLI.RF_GEN\[0\].RF.CORE.CORDIC_GEN\[2\].CORDIC.c\[2\]"  +all +trace_process

ucli% fsdbDumpflush 
*Verdi* : Flush all FSDB Files at 0 ps.

ucli% fsdbDumpvars 0 "simulator.DCRFLI.RF_GEN\[0\].RF.CORE.CORDIC_GEN\[3\].CORDIC.c\[2\]"  +all +trace_process

ucli% fsdbDumpflush 
*Verdi* : Flush all FSDB Files at 0 ps.

ucli% fsdbDumpvars 0 "simulator.DCRFLI.RF_GEN\[0\].RF.CORE.CORDIC_GEN\[4\].CORDIC.c\[2\]"  +all +trace_process

ucli% fsdbDumpflush 
*Verdi* : Flush all FSDB Files at 0 ps.

ucli% fsdbDumpvars 0 "simulator.DCRFLI.RF_GEN\[0\].RF.CORE.CORDIC_GEN\[5\].CORDIC.c\[2\]"  +all +trace_process

ucli% fsdbDumpflush 
*Verdi* : Flush all FSDB Files at 0 ps.

ucli% fsdbDumpvars 0 "simulator.DCRFLI.RF_GEN\[0\].RF.CORE.CORDIC_GEN\[6\].CORDIC.c\[2\]"  +all +trace_process

ucli% fsdbDumpflush 
*Verdi* : Flush all FSDB Files at 0 ps.

ucli% fsdbDumpvars 0 "simulator.DCRFLI.RF_GEN\[0\].RF.CORE.CORDIC_GEN\[7\].CORDIC.c\[2\]"  +all +trace_process

ucli% fsdbDumpflush 
*Verdi* : Flush all FSDB Files at 0 ps.

ucli% if {[catch {ucliCore::setFocus tool}]} {}

ucli% fsdbDumpvars 0 "simulator.DCRFLI.RF_GEN\[0\].RF.CORE.CORDIC_GEN\[0\].CORDIC.c\[1\]"  +all +trace_process

ucli% fsdbDumpflush 
*Verdi* : Flush all FSDB Files at 0 ps.

ucli% fsdbDumpvars 0 "simulator.DCRFLI.RF_GEN\[0\].RF.CORE.CORDIC_GEN\[1\].CORDIC.c\[1\]"  +all +trace_process

ucli% fsdbDumpflush 
*Verdi* : Flush all FSDB Files at 0 ps.

ucli% fsdbDumpvars 0 "simulator.DCRFLI.RF_GEN\[0\].RF.CORE.CORDIC_GEN\[2\].CORDIC.c\[1\]"  +all +trace_process

ucli% fsdbDumpflush 
*Verdi* : Flush all FSDB Files at 0 ps.

ucli% fsdbDumpvars 0 "simulator.DCRFLI.RF_GEN\[0\].RF.CORE.CORDIC_GEN\[3\].CORDIC.c\[1\]"  +all +trace_process

ucli% fsdbDumpflush 
*Verdi* : Flush all FSDB Files at 0 ps.

ucli% fsdbDumpvars 0 "simulator.DCRFLI.RF_GEN\[0\].RF.CORE.CORDIC_GEN\[4\].CORDIC.c\[1\]"  +all +trace_process

ucli% fsdbDumpflush 
*Verdi* : Flush all FSDB Files at 0 ps.

ucli% fsdbDumpvars 0 "simulator.DCRFLI.RF_GEN\[0\].RF.CORE.CORDIC_GEN\[5\].CORDIC.c\[1\]"  +all +trace_process

ucli% fsdbDumpflush 
*Verdi* : Flush all FSDB Files at 0 ps.

ucli% fsdbDumpvars 0 "simulator.DCRFLI.RF_GEN\[0\].RF.CORE.CORDIC_GEN\[6\].CORDIC.c\[1\]"  +all +trace_process

ucli% fsdbDumpflush 
*Verdi* : Flush all FSDB Files at 0 ps.

ucli% fsdbDumpvars 0 "simulator.DCRFLI.RF_GEN\[0\].RF.CORE.CORDIC_GEN\[7\].CORDIC.c\[1\]"  +all +trace_process

ucli% fsdbDumpflush 
*Verdi* : Flush all FSDB Files at 0 ps.

ucli% if {[catch {ucliCore::setFocus tool}]} {}

ucli% fsdbDumpvars 0 "simulator.DCRFLI.RF_GEN\[0\].RF.CORE.CORDIC_GEN\[0\].CORDIC.c\[0\]"  +all +trace_process

ucli% fsdbDumpflush 
*Verdi* : Flush all FSDB Files at 0 ps.

ucli% fsdbDumpvars 0 "simulator.DCRFLI.RF_GEN\[0\].RF.CORE.CORDIC_GEN\[1\].CORDIC.c\[0\]"  +all +trace_process

ucli% fsdbDumpflush 
*Verdi* : Flush all FSDB Files at 0 ps.

ucli% fsdbDumpvars 0 "simulator.DCRFLI.RF_GEN\[0\].RF.CORE.CORDIC_GEN\[2\].CORDIC.c\[0\]"  +all +trace_process

ucli% fsdbDumpflush 
*Verdi* : Flush all FSDB Files at 0 ps.

ucli% fsdbDumpvars 0 "simulator.DCRFLI.RF_GEN\[0\].RF.CORE.CORDIC_GEN\[3\].CORDIC.c\[0\]"  +all +trace_process

ucli% fsdbDumpflush 
*Verdi* : Flush all FSDB Files at 0 ps.

ucli% fsdbDumpvars 0 "simulator.DCRFLI.RF_GEN\[0\].RF.CORE.CORDIC_GEN\[4\].CORDIC.c\[0\]"  +all +trace_process

ucli% fsdbDumpflush 
*Verdi* : Flush all FSDB Files at 0 ps.

ucli% fsdbDumpvars 0 "simulator.DCRFLI.RF_GEN\[0\].RF.CORE.CORDIC_GEN\[5\].CORDIC.c\[0\]"  +all +trace_process

ucli% fsdbDumpflush 
*Verdi* : Flush all FSDB Files at 0 ps.

ucli% fsdbDumpvars 0 "simulator.DCRFLI.RF_GEN\[0\].RF.CORE.CORDIC_GEN\[6\].CORDIC.c\[0\]"  +all +trace_process

ucli% fsdbDumpflush 
*Verdi* : Flush all FSDB Files at 0 ps.

ucli% fsdbDumpvars 0 "simulator.DCRFLI.RF_GEN\[0\].RF.CORE.CORDIC_GEN\[7\].CORDIC.c\[0\]"  +all +trace_process

ucli% fsdbDumpflush 
*Verdi* : Flush all FSDB Files at 0 ps.

ucli% if {[catch {ucliCore::setFocus tool}]} {}

ucli% fsdbDumpvars 0 "simulator.DCRFLI.RF_GEN\[0\].RF.CORE.i_clk"  +all +trace_process

ucli% fsdbDumpflush 
*Verdi* : Flush all FSDB Files at 0 ps.

ucli% fsdbDumpvars 0 "simulator.DCRFLI.RF_GEN\[0\].RF.CORE.i_rst"  +all +trace_process

ucli% fsdbDumpflush 
*Verdi* : Flush all FSDB Files at 0 ps.

ucli% fsdbDumpvars 0 "simulator.DCRFLI.RF_GEN\[0\].RF.CORE.w_stall"  +all +trace_process

ucli% fsdbDumpflush 
*Verdi* : Flush all FSDB Files at 0 ps.

ucli% if {[catch {ucliCore::setFocus tool}]} {}

ucli% fsdbDumpvars 0 "simulator.DCRFLI.RF_GEN\[0\].RF.CORE.d"  +all +trace_process

ucli% fsdbDumpflush 
*Verdi* : Flush all FSDB Files at 0 ps.

ucli% fsdbDumpvars 0 "simulator.DCRFLI.RF_GEN\[0\].RF.CORE.i_empty"  +all +trace_process

ucli% fsdbDumpflush 
*Verdi* : Flush all FSDB Files at 0 ps.

ucli% fsdbDumpvars 0 "simulator.DCRFLI.RF_GEN\[0\].RF.CORE.o_next"  +all +trace_process

ucli% fsdbDumpflush 
*Verdi* : Flush all FSDB Files at 0 ps.

ucli% fsdbDumpvars 0 "simulator.DCRFLI.RF_GEN\[0\].RF.CORE.i_addr\[3:0\]"  +all +trace_process

ucli% fsdbDumpflush 
*Verdi* : Flush all FSDB Files at 0 ps.

ucli% fsdbDumpvars 0 "simulator.DCRFLI.RF_GEN\[0\].RF.CORE.i_insn"  +all +trace_process

ucli% fsdbDumpflush 
*Verdi* : Flush all FSDB Files at 0 ps.

ucli% fsdbDumpvars 0 "simulator.DCRFLI.RF_GEN\[0\].RF.CORE.o_insn_modified"  +all +trace_process

ucli% fsdbDumpflush 
*Verdi* : Flush all FSDB Files at 0 ps.

ucli% if {[catch {ucliCore::setFocus tool}]} {}

ucli% fsdbDumpvars 0 "simulator.DCRFLI.RF_GEN\[0\].RF.CORE.p"  +all +trace_process

ucli% fsdbDumpflush 
*Verdi* : Flush all FSDB Files at 0 ps.

ucli% if {[catch {ucliCore::setFocus tool}]} {}

ucli% fsdbDumpvars 0 "simulator.DCRFLI.RF_GEN\[0\].RF.CORE.w_new_phase"  +all +trace_process

ucli% fsdbDumpflush 
*Verdi* : Flush all FSDB Files at 0 ps.

ucli% if {[catch {ucliCore::setFocus tool}]} {}

ucli% fsdbDumpvars 0 "simulator.DCRFLI.RF_GEN\[0\].RF.CORE.r"  +all +trace_process

ucli% fsdbDumpflush 
*Verdi* : Flush all FSDB Files at 0 ps.

ucli% if {[catch {ucliCore::setFocus tool}]} {}

ucli% fsdbDumpvars 0 "simulator.DCRFLI.RF_GEN\[0\].RF.CORE.o_armed"  +all +trace_process

ucli% fsdbDumpflush 
*Verdi* : Flush all FSDB Files at 0 ps.

ucli% if {[catch {ucliCore::setFocus tool}]} {}

ucli% fsdbDumpvars 0 "simulator.DCRFLI.RF_GEN\[0\].RF.CORE.i_start"  +all +trace_process

ucli% fsdbDumpflush 
*Verdi* : Flush all FSDB Files at 0 ps.

ucli% if {[catch {ucliCore::setFocus tool}]} {}

ucli% fsdbDumpvars 0 "simulator.DCRFLI.RF_GEN\[0\].RF.CORE.o_addr\[3:0\]"  +all +trace_process

ucli% fsdbDumpflush 
*Verdi* : Flush all FSDB Files at 0 ps.

ucli% if {[catch {ucliCore::setFocus tool}]} {}

ucli% fsdbDumpvars 0 "simulator.DCRFLI.RF_GEN\[0\].RF.CORE.o_sample_start\[19:0\]"  +all +trace_process

ucli% fsdbDumpflush 
*Verdi* : Flush all FSDB Files at 0 ps.

ucli% if {[catch {ucliCore::setFocus tool}]} {}

ucli% fsdbDumpvars 0 "simulator.DCRFLI.RF_GEN\[0\].RF.CORE.o_sample_end\[19:0\]"  +all +trace_process

ucli% fsdbDumpflush 
*Verdi* : Flush all FSDB Files at 0 ps.

ucli% if {[catch {ucliCore::setFocus tool}]} {}

ucli% fsdbDumpvars 0 "simulator.DCRFLI.RF_GEN\[0\].RF.CORE.o_QIx8\[255:0\]"  +all +trace_process

ucli% fsdbDumpflush 
*Verdi* : Flush all FSDB Files at 0 ps.

ucli% if {[catch {ucliCore::setFocus tool}]} {}

ucli% fsdbDumpvars 0 "simulator.RF_IO_GEN\[0\].DAC.i_clk"  +all +trace_process

ucli% fsdbDumpflush 
*Verdi* : Flush all FSDB Files at 0 ps.

ucli% fsdbDumpvars 0 "simulator.RF_IO_GEN\[0\].DAC.i_dac_clk"  +all +trace_process

ucli% fsdbDumpflush 
*Verdi* : Flush all FSDB Files at 0 ps.

ucli% fsdbDumpvars 0 "simulator.RF_IO_GEN\[0\].DAC.dac_cycle"  +all +trace_process

ucli% fsdbDumpflush 
*Verdi* : Flush all FSDB Files at 0 ps.

ucli% fsdbDumpvars 0 "simulator.RF_IO_GEN\[0\].DAC.i_QIx8\[255:0\]"  +all +trace_process

ucli% fsdbDumpflush 
*Verdi* : Flush all FSDB Files at 0 ps.

ucli% if {[catch {ucliCore::setFocus tool}]} {}

ucli% fsdbDumpvars 0 "simulator.RF_IO_GEN\[0\].DAC.w_Ix8\[7:0\]\[13:0\]"  +all +trace_process

ucli% fsdbDumpflush 
*Verdi* : Flush all FSDB Files at 0 ps.

ucli% fsdbDumpvars 0 "simulator.RF_IO_GEN\[0\].DAC.w_Qx8\[7:0\]\[13:0\]"  +all +trace_process

ucli% fsdbDumpflush 
*Verdi* : Flush all FSDB Files at 0 ps.

ucli% fsdbDumpvars 0 "simulator.RF_IO_GEN\[0\].DAC.o_I\[13:0\]"  +all +trace_process

ucli% fsdbDumpflush 
*Verdi* : Flush all FSDB Files at 0 ps.

ucli% fsdbDumpvars 0 "simulator.RF_IO_GEN\[0\].DAC.o_Q\[13:0\]"  +all +trace_process

ucli% fsdbDumpflush 
*Verdi* : Flush all FSDB Files at 0 ps.

ucli% fsdbDumpvars 0 "simulator.RF_IO_GEN\[0\].DAC.I"  +all +trace_process

ucli% fsdbDumpflush 
*Verdi* : Flush all FSDB Files at 0 ps.

ucli% fsdbDumpvars 0 "simulator.RF_IO_GEN\[0\].DAC.Q"  +all +trace_process

ucli% fsdbDumpflush 
*Verdi* : Flush all FSDB Files at 0 ps.

ucli% fsdbDumpvars 0 "simulator.RF_IO_GEN\[0\].DAC.deg"  +all +trace_process

ucli% fsdbDumpflush 
*Verdi* : Flush all FSDB Files at 0 ps.

ucli% fsdbDumpvars 0 "simulator.RF_IO_GEN\[0\].DAC.rad"  +all +trace_process

ucli% fsdbDumpflush 
*Verdi* : Flush all FSDB Files at 0 ps.

ucli% fsdbDumpvars 0 "simulator.RF_IO_GEN\[0\].DAC.nco_i"  +all +trace_process

ucli% fsdbDumpflush 
*Verdi* : Flush all FSDB Files at 0 ps.

ucli% fsdbDumpvars 0 "simulator.RF_IO_GEN\[0\].DAC.nco_q"  +all +trace_process

ucli% fsdbDumpflush 
*Verdi* : Flush all FSDB Files at 0 ps.

ucli% fsdbDumpvars 0 "simulator.RF_IO_GEN\[0\].DAC.o_vrf"  +all +trace_process

ucli% fsdbDumpflush 
*Verdi* : Flush all FSDB Files at 0 ps.

ucli% if {[catch {ucliCore::setFocus tool}]} {}

ucli% fsdbDumpvars 0 "simulator.DCRFLI.BTN.i_clk"  +all +trace_process

ucli% fsdbDumpflush 
*Verdi* : Flush all FSDB Files at 0 ps.

ucli% fsdbDumpvars 0 "simulator.DCRFLI.BTN.i_rst"  +all +trace_process

ucli% fsdbDumpflush 
*Verdi* : Flush all FSDB Files at 0 ps.

ucli% fsdbDumpvars 0 "simulator.DCRFLI.BTN.i_btn\[0\]"  +all +trace_process

ucli% fsdbDumpflush 
*Verdi* : Flush all FSDB Files at 0 ps.

ucli% fsdbDumpvars 0 "simulator.DCRFLI.BTN.w_btn_steady\[0\]"  +all +trace_process

ucli% fsdbDumpflush 
*Verdi* : Flush all FSDB Files at 0 ps.

ucli% fsdbDumpvars 0 "simulator.DCRFLI.BTN.r_ff1\[0\]"  +all +trace_process

ucli% fsdbDumpflush 
*Verdi* : Flush all FSDB Files at 0 ps.

ucli% fsdbDumpvars 0 "simulator.DCRFLI.BTN.r_ff2\[0\]"  +all +trace_process

ucli% fsdbDumpflush 
*Verdi* : Flush all FSDB Files at 0 ps.

ucli% fsdbDumpvars 0 "simulator.DCRFLI.BTN.o_pressed\[0\]"  +all +trace_process

ucli% fsdbDumpflush 
*Verdi* : Flush all FSDB Files at 0 ps.

ucli% if {[catch {ucliCore::setFocus tool}]} {}

ucli% run
<slp!&*()_+>
Waiting for command connection...
<slb!&*()_+>---<sls!&*()_+>loc: -1<sls!&*()_+>src: sim/simulator2.sv<sls!&*()_+>line: 181<sls!&*()_+>time: 0 ps<sls!&*()_+>length: 0<sls!&*()_+>...<sls!&*()_+><sle!&*()_+>
<slp!&*()_+>
Client connected
<slb!&*()_+>---<sls!&*()_+>loc: -1<sls!&*()_+>src: sim/simulator2.sv<sls!&*()_+>line: 186<sls!&*()_+>time: 0 ps<sls!&*()_+>length: 0<sls!&*()_+>...<sls!&*()_+><sle!&*()_+>
<slp!&*()_+>
tx_data: 0x0000007C 0x00000000
<slb!&*()_+>---<sls!&*()_+>loc: -1<sls!&*()_+>src: sim/simulator2.sv<sls!&*()_+>line: 201<sls!&*()_+>time: 0 ps<sls!&*()_+>length: 0<sls!&*()_+>...<sls!&*()_+><sle!&*()_+>

Warning: Too many digits in hexadecimal number '0000', truncating to target size 8 bits
  at time 0 in file sim/simulator2.sv line 203

<slp!&*()_+>
tx_data: 0x00000000 0x018D442B
<slb!&*()_+>---<sls!&*()_+>loc: -1<sls!&*()_+>src: sim/simulator2.sv<sls!&*()_+>line: 201<sls!&*()_+>time: 10850690 ps<sls!&*()_+>length: 0<sls!&*()_+>...<sls!&*()_+><sle!&*()_+>

Warning: Too many digits in hexadecimal number '0000', truncating to target size 8 bits
  at time 10850690 in file sim/simulator2.sv line 203

<slp!&*()_+>
tx_data: 0x00000004 0x85000017
<slb!&*()_+>---<sls!&*()_+>loc: -1<sls!&*()_+>src: sim/simulator2.sv<sls!&*()_+>line: 201<sls!&*()_+>time: 21701380 ps<sls!&*()_+>length: 0<sls!&*()_+>...<sls!&*()_+><sle!&*()_+>

Warning: Too many digits in hexadecimal number '0000', truncating to target size 8 bits
  at time 21701380 in file sim/simulator2.sv line 203

<slp!&*()_+>
tx_data: 0x00000008 0x000003E9
<slb!&*()_+>---<sls!&*()_+>loc: -1<sls!&*()_+>src: sim/simulator2.sv<sls!&*()_+>line: 201<sls!&*()_+>time: 32552070 ps<sls!&*()_+>length: 0<sls!&*()_+>...<sls!&*()_+><sle!&*()_+>

Warning: Too many digits in hexadecimal number '0000', truncating to target size 8 bits
  at time 32552070 in file sim/simulator2.sv line 203

<slp!&*()_+>
tx_data: 0x0000000C 0x00010619
<slb!&*()_+>---<sls!&*()_+>loc: -1<sls!&*()_+>src: sim/simulator2.sv<sls!&*()_+>line: 201<sls!&*()_+>time: 43402760 ps<sls!&*()_+>length: 0<sls!&*()_+>...<sls!&*()_+><sle!&*()_+>

Warning: Too many digits in hexadecimal number '0000', truncating to target size 8 bits
  at time 43402760 in file sim/simulator2.sv line 203

<slp!&*()_+>
tx_data: 0x00000010 0x99800001
<slb!&*()_+>---<sls!&*()_+>loc: -1<sls!&*()_+>src: sim/simulator2.sv<sls!&*()_+>line: 201<sls!&*()_+>time: 54253450 ps<sls!&*()_+>length: 0<sls!&*()_+>...<sls!&*()_+><sle!&*()_+>

Warning: Too many digits in hexadecimal number '0000', truncating to target size 8 bits
  at time 54253450 in file sim/simulator2.sv line 203

<slp!&*()_+>
tx_data: 0x00000014 0x00000036
<slb!&*()_+>---<sls!&*()_+>loc: -1<sls!&*()_+>src: sim/simulator2.sv<sls!&*()_+>line: 201<sls!&*()_+>time: 65104140 ps<sls!&*()_+>length: 0<sls!&*()_+>...<sls!&*()_+><sle!&*()_+>

Warning: Too many digits in hexadecimal number '0000', truncating to target size 8 bits
  at time 65104140 in file sim/simulator2.sv line 203

<slp!&*()_+>
tx_data: 0x00000018 0x00010AAF
<slb!&*()_+>---<sls!&*()_+>loc: -1<sls!&*()_+>src: sim/simulator2.sv<sls!&*()_+>line: 201<sls!&*()_+>time: 75954830 ps<sls!&*()_+>length: 0<sls!&*()_+>...<sls!&*()_+><sle!&*()_+>

Warning: Too many digits in hexadecimal number '0000', truncating to target size 8 bits
  at time 75954830 in file sim/simulator2.sv line 203

<slp!&*()_+>
tx_data: 0x0000001C 0x37800000
<slb!&*()_+>---<sls!&*()_+>loc: -1<sls!&*()_+>src: sim/simulator2.sv<sls!&*()_+>line: 201<sls!&*()_+>time: 86805520 ps<sls!&*()_+>length: 0<sls!&*()_+>...<sls!&*()_+><sle!&*()_+>

Warning: Too many digits in hexadecimal number '0000', truncating to target size 8 bits
  at time 86805520 in file sim/simulator2.sv line 203

<slp!&*()_+>
tx_data: 0x00000020 0x00000000
<slb!&*()_+>---<sls!&*()_+>loc: -1<sls!&*()_+>src: sim/simulator2.sv<sls!&*()_+>line: 201<sls!&*()_+>time: 97656210 ps<sls!&*()_+>length: 0<sls!&*()_+>...<sls!&*()_+><sle!&*()_+>

Warning: Too many digits in hexadecimal number '0000', truncating to target size 8 bits
  at time 97656210 in file sim/simulator2.sv line 203

<slp!&*()_+>
tx_data: 0x00000024 0x0001042F
<slb!&*()_+>---<sls!&*()_+>loc: -1<sls!&*()_+>src: sim/simulator2.sv<sls!&*()_+>line: 201<sls!&*()_+>time: 108506900 ps<sls!&*()_+>length: 0<sls!&*()_+>...<sls!&*()_+><sle!&*()_+>

Warning: Too many digits in hexadecimal number '0000', truncating to target size 8 bits
  at time 108506900 in file sim/simulator2.sv line 203

<slp!&*()_+>
tx_data: 0x00000028 0xBBC00000
<slb!&*()_+>---<sls!&*()_+>loc: -1<sls!&*()_+>src: sim/simulator2.sv<sls!&*()_+>line: 201<sls!&*()_+>time: 119357590 ps<sls!&*()_+>length: 0<sls!&*()_+>...<sls!&*()_+><sle!&*()_+>

Warning: Too many digits in hexadecimal number '0000', truncating to target size 8 bits
  at time 119357590 in file sim/simulator2.sv line 203

<slp!&*()_+>
tx_data: 0x0000002C 0x00000000
<slb!&*()_+>---<sls!&*()_+>loc: -1<sls!&*()_+>src: sim/simulator2.sv<sls!&*()_+>line: 201<sls!&*()_+>time: 130208280 ps<sls!&*()_+>length: 0<sls!&*()_+>...<sls!&*()_+><sle!&*()_+>

Warning: Too many digits in hexadecimal number '0000', truncating to target size 8 bits
  at time 130208280 in file sim/simulator2.sv line 203

<slp!&*()_+>
tx_data: 0x00000030 0x00011037
<slb!&*()_+>---<sls!&*()_+>loc: -1<sls!&*()_+>src: sim/simulator2.sv<sls!&*()_+>line: 201<sls!&*()_+>time: 141058970 ps<sls!&*()_+>length: 0<sls!&*()_+>...<sls!&*()_+><sle!&*()_+>

Warning: Too many digits in hexadecimal number '0000', truncating to target size 8 bits
  at time 141058970 in file sim/simulator2.sv line 203

<slp!&*()_+>
tx_data: 0x00000034 0xAB400000
<slb!&*()_+>---<sls!&*()_+>loc: -1<sls!&*()_+>src: sim/simulator2.sv<sls!&*()_+>line: 201<sls!&*()_+>time: 151909660 ps<sls!&*()_+>length: 0<sls!&*()_+>...<sls!&*()_+><sle!&*()_+>

Warning: Too many digits in hexadecimal number '0000', truncating to target size 8 bits
  at time 151909660 in file sim/simulator2.sv line 203

<slp!&*()_+>
tx_data: 0x00000038 0x00000000
<slb!&*()_+>---<sls!&*()_+>loc: -1<sls!&*()_+>src: sim/simulator2.sv<sls!&*()_+>line: 201<sls!&*()_+>time: 162760350 ps<sls!&*()_+>length: 0<sls!&*()_+>...<sls!&*()_+><sle!&*()_+>

Warning: Too many digits in hexadecimal number '0000', truncating to target size 8 bits
  at time 162760350 in file sim/simulator2.sv line 203

<slp!&*()_+>
tx_data: 0x0000003C 0x00010C3B
<slb!&*()_+>---<sls!&*()_+>loc: -1<sls!&*()_+>src: sim/simulator2.sv<sls!&*()_+>line: 201<sls!&*()_+>time: 173611040 ps<sls!&*()_+>length: 0<sls!&*()_+>...<sls!&*()_+><sle!&*()_+>

Warning: Too many digits in hexadecimal number '0000', truncating to target size 8 bits
  at time 173611040 in file sim/simulator2.sv line 203

<slp!&*()_+>
tx_data: 0x00000040 0xFF800000
<slb!&*()_+>---<sls!&*()_+>loc: -1<sls!&*()_+>src: sim/simulator2.sv<sls!&*()_+>line: 201<sls!&*()_+>time: 184461730 ps<sls!&*()_+>length: 0<sls!&*()_+>...<sls!&*()_+><sle!&*()_+>

Warning: Too many digits in hexadecimal number '0000', truncating to target size 8 bits
  at time 184461730 in file sim/simulator2.sv line 203

<slp!&*()_+>
tx_data: 0x00000044 0x00000000
<slb!&*()_+>---<sls!&*()_+>loc: -1<sls!&*()_+>src: sim/simulator2.sv<sls!&*()_+>line: 201<sls!&*()_+>time: 195312420 ps<sls!&*()_+>length: 0<sls!&*()_+>...<sls!&*()_+><sle!&*()_+>

Warning: Too many digits in hexadecimal number '0000', truncating to target size 8 bits
  at time 195312420 in file sim/simulator2.sv line 203

<slp!&*()_+>
tx_data: 0x00000048 0x0003FC00
<slb!&*()_+>---<sls!&*()_+>loc: -1<sls!&*()_+>src: sim/simulator2.sv<sls!&*()_+>line: 201<sls!&*()_+>time: 206163110 ps<sls!&*()_+>length: 0<sls!&*()_+>...<sls!&*()_+><sle!&*()_+>

Warning: Too many digits in hexadecimal number '0000', truncating to target size 8 bits
  at time 206163110 in file sim/simulator2.sv line 203

<slp!&*()_+>
tx_data: 0x0000004C 0x00000000
<slb!&*()_+>---<sls!&*()_+>loc: -1<sls!&*()_+>src: sim/simulator2.sv<sls!&*()_+>line: 201<sls!&*()_+>time: 217013800 ps<sls!&*()_+>length: 0<sls!&*()_+>...<sls!&*()_+><sle!&*()_+>

Warning: Too many digits in hexadecimal number '0000', truncating to target size 8 bits
  at time 217013800 in file sim/simulator2.sv line 203

<slp!&*()_+>
tx_data: 0x00000050 0x00000000
<slb!&*()_+>---<sls!&*()_+>loc: -1<sls!&*()_+>src: sim/simulator2.sv<sls!&*()_+>line: 201<sls!&*()_+>time: 227864490 ps<sls!&*()_+>length: 0<sls!&*()_+>...<sls!&*()_+><sle!&*()_+>

Warning: Too many digits in hexadecimal number '0000', truncating to target size 8 bits
  at time 227864490 in file sim/simulator2.sv line 203

<slp!&*()_+>
tx_data: 0x00000054 0x0003FC00
<slb!&*()_+>---<sls!&*()_+>loc: -1<sls!&*()_+>src: sim/simulator2.sv<sls!&*()_+>line: 201<sls!&*()_+>time: 238715180 ps<sls!&*()_+>length: 0<sls!&*()_+>...<sls!&*()_+><sle!&*()_+>

Warning: Too many digits in hexadecimal number '0000', truncating to target size 8 bits
  at time 238715180 in file sim/simulator2.sv line 203

<slp!&*()_+>
tx_data: 0x00000058 0x00000000
<slb!&*()_+>---<sls!&*()_+>loc: -1<sls!&*()_+>src: sim/simulator2.sv<sls!&*()_+>line: 201<sls!&*()_+>time: 249565870 ps<sls!&*()_+>length: 0<sls!&*()_+>...<sls!&*()_+><sle!&*()_+>

Warning: Too many digits in hexadecimal number '0000', truncating to target size 8 bits
  at time 249565870 in file sim/simulator2.sv line 203

<slp!&*()_+>
tx_data: 0x0000005C 0x00000000
<slb!&*()_+>---<sls!&*()_+>loc: -1<sls!&*()_+>src: sim/simulator2.sv<sls!&*()_+>line: 201<sls!&*()_+>time: 260416560 ps<sls!&*()_+>length: 0<sls!&*()_+>...<sls!&*()_+><sle!&*()_+>

Warning: Too many digits in hexadecimal number '0000', truncating to target size 8 bits
  at time 260416560 in file sim/simulator2.sv line 203

<slp!&*()_+>
tx_data: 0x00000060 0x00010000
<slb!&*()_+>---<sls!&*()_+>loc: -1<sls!&*()_+>src: sim/simulator2.sv<sls!&*()_+>line: 201<sls!&*()_+>time: 271267250 ps<sls!&*()_+>length: 0<sls!&*()_+>...<sls!&*()_+><sle!&*()_+>

Warning: Too many digits in hexadecimal number '0000', truncating to target size 8 bits
  at time 271267250 in file sim/simulator2.sv line 203

<slp!&*()_+>
tx_data: 0x00000064 0x00000002
<slb!&*()_+>---<sls!&*()_+>loc: -1<sls!&*()_+>src: sim/simulator2.sv<sls!&*()_+>line: 201<sls!&*()_+>time: 282117940 ps<sls!&*()_+>length: 0<sls!&*()_+>...<sls!&*()_+><sle!&*()_+>

Warning: Too many digits in hexadecimal number '0000', truncating to target size 8 bits
  at time 282117940 in file sim/simulator2.sv line 203

<slp!&*()_+>
tx_data: 0x00000068 0x00000000
<slb!&*()_+>---<sls!&*()_+>loc: -1<sls!&*()_+>src: sim/simulator2.sv<sls!&*()_+>line: 201<sls!&*()_+>time: 292968630 ps<sls!&*()_+>length: 0<sls!&*()_+>...<sls!&*()_+><sle!&*()_+>

Warning: Too many digits in hexadecimal number '0000', truncating to target size 8 bits
  at time 292968630 in file sim/simulator2.sv line 203

<slp!&*()_+>
tx_data: 0x0000006C 0x00010000
<slb!&*()_+>---<sls!&*()_+>loc: -1<sls!&*()_+>src: sim/simulator2.sv<sls!&*()_+>line: 201<sls!&*()_+>time: 303819320 ps<sls!&*()_+>length: 0<sls!&*()_+>...<sls!&*()_+><sle!&*()_+>

Warning: Too many digits in hexadecimal number '0000', truncating to target size 8 bits
  at time 303819320 in file sim/simulator2.sv line 203

<slp!&*()_+>
tx_data: 0x00000070 0x00000003
<slb!&*()_+>---<sls!&*()_+>loc: -1<sls!&*()_+>src: sim/simulator2.sv<sls!&*()_+>line: 201<sls!&*()_+>time: 314670010 ps<sls!&*()_+>length: 0<sls!&*()_+>...<sls!&*()_+><sle!&*()_+>

Warning: Too many digits in hexadecimal number '0000', truncating to target size 8 bits
  at time 314670010 in file sim/simulator2.sv line 203

<slp!&*()_+>
tx_data: 0x00000074 0x00000003
<slb!&*()_+>---<sls!&*()_+>loc: -1<sls!&*()_+>src: sim/simulator2.sv<sls!&*()_+>line: 201<sls!&*()_+>time: 325520700 ps<sls!&*()_+>length: 0<sls!&*()_+>...<sls!&*()_+><sle!&*()_+>

Warning: Too many digits in hexadecimal number '0000', truncating to target size 8 bits
  at time 325520700 in file sim/simulator2.sv line 203

<slp!&*()_+>
tx_data: 0x00000078 0x0000000A
<slb!&*()_+>---<sls!&*()_+>loc: -1<sls!&*()_+>src: sim/simulator2.sv<sls!&*()_+>line: 201<sls!&*()_+>time: 336371390 ps<sls!&*()_+>length: 0<sls!&*()_+>...<sls!&*()_+><sle!&*()_+>

Warning: Too many digits in hexadecimal number '0000', truncating to target size 8 bits
  at time 336371390 in file sim/simulator2.sv line 203

<slp!&*()_+>
tx_data: 0x0000007C 0x00000001
<slb!&*()_+>---<sls!&*()_+>loc: -1<sls!&*()_+>src: sim/simulator2.sv<sls!&*()_+>line: 201<sls!&*()_+>time: 347222080 ps<sls!&*()_+>length: 0<sls!&*()_+>...<sls!&*()_+><sle!&*()_+>

Warning: Too many digits in hexadecimal number '0000', truncating to target size 8 bits
  at time 347222080 in file sim/simulator2.sv line 203

<slp!&*()_+>
tx_data: 0x00018104 0x00000000
<slb!&*()_+>---<sls!&*()_+>loc: -1<sls!&*()_+>src: sim/simulator2.sv<sls!&*()_+>line: 201<sls!&*()_+>time: 358072770 ps<sls!&*()_+>length: 0<sls!&*()_+>...<sls!&*()_+><sle!&*()_+>

Warning: Too many digits in hexadecimal number '0001', truncating to target size 8 bits
  at time 358072770 in file sim/simulator2.sv line 203

<slp!&*()_+>
tx_data: 0x00018000 0x00010000
<slb!&*()_+>---<sls!&*()_+>loc: -1<sls!&*()_+>src: sim/simulator2.sv<sls!&*()_+>line: 201<sls!&*()_+>time: 368923460 ps<sls!&*()_+>length: 0<sls!&*()_+>...<sls!&*()_+><sle!&*()_+>

Warning: Too many digits in hexadecimal number '0001', truncating to target size 8 bits
  at time 368923460 in file sim/simulator2.sv line 203

<slp!&*()_+>
tx_data: 0x00018004 0x0035A000
<slb!&*()_+>---<sls!&*()_+>loc: -1<sls!&*()_+>src: sim/simulator2.sv<sls!&*()_+>line: 201<sls!&*()_+>time: 379774150 ps<sls!&*()_+>length: 0<sls!&*()_+>...<sls!&*()_+><sle!&*()_+>

Warning: Too many digits in hexadecimal number '0001', truncating to target size 8 bits
  at time 379774150 in file sim/simulator2.sv line 203

<slp!&*()_+>
tx_data: 0x00018008 0x0001AD30
<slb!&*()_+>---<sls!&*()_+>loc: -1<sls!&*()_+>src: sim/simulator2.sv<sls!&*()_+>line: 201<sls!&*()_+>time: 390624840 ps<sls!&*()_+>length: 0<sls!&*()_+>...<sls!&*()_+><sle!&*()_+>

Warning: Too many digits in hexadecimal number '0001', truncating to target size 8 bits
  at time 390624840 in file sim/simulator2.sv line 203

<slp!&*()_+>
tx_data: 0x0001800C 0xD4800008
<slb!&*()_+>---<sls!&*()_+>loc: -1<sls!&*()_+>src: sim/simulator2.sv<sls!&*()_+>line: 201<sls!&*()_+>time: 401475530 ps<sls!&*()_+>length: 0<sls!&*()_+>...<sls!&*()_+><sle!&*()_+>

Warning: Too many digits in hexadecimal number '0001', truncating to target size 8 bits
  at time 401475530 in file sim/simulator2.sv line 203

<slp!&*()_+>
tx_data: 0x00018010 0x00060000
<slb!&*()_+>---<sls!&*()_+>loc: -1<sls!&*()_+>src: sim/simulator2.sv<sls!&*()_+>line: 201<sls!&*()_+>time: 412326220 ps<sls!&*()_+>length: 0<sls!&*()_+>...<sls!&*()_+><sle!&*()_+>

Warning: Too many digits in hexadecimal number '0001', truncating to target size 8 bits
  at time 412326220 in file sim/simulator2.sv line 203

<slp!&*()_+>
tx_data: 0x00018014 0x00000000
<slb!&*()_+>---<sls!&*()_+>loc: -1<sls!&*()_+>src: sim/simulator2.sv<sls!&*()_+>line: 201<sls!&*()_+>time: 423176910 ps<sls!&*()_+>length: 0<sls!&*()_+>...<sls!&*()_+><sle!&*()_+>

Warning: Too many digits in hexadecimal number '0001', truncating to target size 8 bits
  at time 423176910 in file sim/simulator2.sv line 203

<slp!&*()_+>
tx_data: 0x00018018 0x00005A00
<slb!&*()_+>---<sls!&*()_+>loc: -1<sls!&*()_+>src: sim/simulator2.sv<sls!&*()_+>line: 201<sls!&*()_+>time: 434027600 ps<sls!&*()_+>length: 0<sls!&*()_+>...<sls!&*()_+><sle!&*()_+>

Warning: Too many digits in hexadecimal number '0001', truncating to target size 8 bits
  at time 434027600 in file sim/simulator2.sv line 203

<slp!&*()_+>
tx_data: 0x0001801C 0x01800018
<slb!&*()_+>---<sls!&*()_+>loc: -1<sls!&*()_+>src: sim/simulator2.sv<sls!&*()_+>line: 201<sls!&*()_+>time: 444878290 ps<sls!&*()_+>length: 0<sls!&*()_+>...<sls!&*()_+><sle!&*()_+>

Warning: Too many digits in hexadecimal number '0001', truncating to target size 8 bits
  at time 444878290 in file sim/simulator2.sv line 203

<slp!&*()_+>
tx_data: 0x00018020 0x00030000
<slb!&*()_+>---<sls!&*()_+>loc: -1<sls!&*()_+>src: sim/simulator2.sv<sls!&*()_+>line: 201<sls!&*()_+>time: 455728980 ps<sls!&*()_+>length: 0<sls!&*()_+>...<sls!&*()_+><sle!&*()_+>

Warning: Too many digits in hexadecimal number '0001', truncating to target size 8 bits
  at time 455728980 in file sim/simulator2.sv line 203

<slp!&*()_+>
tx_data: 0x00018024 0x00000000
<slb!&*()_+>---<sls!&*()_+>loc: -1<sls!&*()_+>src: sim/simulator2.sv<sls!&*()_+>line: 201<sls!&*()_+>time: 466579670 ps<sls!&*()_+>length: 0<sls!&*()_+>...<sls!&*()_+><sle!&*()_+>

Warning: Too many digits in hexadecimal number '0001', truncating to target size 8 bits
  at time 466579670 in file sim/simulator2.sv line 203

<slp!&*()_+>
tx_data: 0x00018028 0x00000000
<slb!&*()_+>---<sls!&*()_+>loc: -1<sls!&*()_+>src: sim/simulator2.sv<sls!&*()_+>line: 201<sls!&*()_+>time: 477430360 ps<sls!&*()_+>length: 0<sls!&*()_+>...<sls!&*()_+><sle!&*()_+>

Warning: Too many digits in hexadecimal number '0001', truncating to target size 8 bits
  at time 477430360 in file sim/simulator2.sv line 203

<slp!&*()_+>
tx_data: 0x0001802C 0x01800018
<slb!&*()_+>---<sls!&*()_+>loc: -1<sls!&*()_+>src: sim/simulator2.sv<sls!&*()_+>line: 201<sls!&*()_+>time: 488281050 ps<sls!&*()_+>length: 0<sls!&*()_+>...<sls!&*()_+><sle!&*()_+>

Warning: Too many digits in hexadecimal number '0001', truncating to target size 8 bits
  at time 488281050 in file sim/simulator2.sv line 203

<slp!&*()_+>
tx_data: 0x00018030 0x00050000
<slb!&*()_+>---<sls!&*()_+>loc: -1<sls!&*()_+>src: sim/simulator2.sv<sls!&*()_+>line: 201<sls!&*()_+>time: 499131740 ps<sls!&*()_+>length: 0<sls!&*()_+>...<sls!&*()_+><sle!&*()_+>

Warning: Too many digits in hexadecimal number '0001', truncating to target size 8 bits
  at time 499131740 in file sim/simulator2.sv line 203

<slp!&*()_+>
tx_data: 0x00018034 0x0DEAD000
<slb!&*()_+>---<sls!&*()_+>loc: -1<sls!&*()_+>src: sim/simulator2.sv<sls!&*()_+>line: 201<sls!&*()_+>time: 509982430 ps<sls!&*()_+>length: 0<sls!&*()_+>...<sls!&*()_+><sle!&*()_+>

Warning: Too many digits in hexadecimal number '0001', truncating to target size 8 bits
  at time 509982430 in file sim/simulator2.sv line 203

<slp!&*()_+>
tx_data: 0x00018038 0x00BEED00
<slb!&*()_+>---<sls!&*()_+>loc: -1<sls!&*()_+>src: sim/simulator2.sv<sls!&*()_+>line: 201<sls!&*()_+>time: 520833120 ps<sls!&*()_+>length: 0<sls!&*()_+>...<sls!&*()_+><sle!&*()_+>

Warning: Too many digits in hexadecimal number '0001', truncating to target size 8 bits
  at time 520833120 in file sim/simulator2.sv line 203

<slp!&*()_+>
tx_data: 0x0001803C 0x01800018
<slb!&*()_+>---<sls!&*()_+>loc: -1<sls!&*()_+>src: sim/simulator2.sv<sls!&*()_+>line: 201<sls!&*()_+>time: 531683810 ps<sls!&*()_+>length: 0<sls!&*()_+>...<sls!&*()_+><sle!&*()_+>

Warning: Too many digits in hexadecimal number '0001', truncating to target size 8 bits
  at time 531683810 in file sim/simulator2.sv line 203

<slp!&*()_+>
tx_data: 0x00018040 0x00060000
<slb!&*()_+>---<sls!&*()_+>loc: -1<sls!&*()_+>src: sim/simulator2.sv<sls!&*()_+>line: 201<sls!&*()_+>time: 542534500 ps<sls!&*()_+>length: 0<sls!&*()_+>...<sls!&*()_+><sle!&*()_+>

Warning: Too many digits in hexadecimal number '0001', truncating to target size 8 bits
  at time 542534500 in file sim/simulator2.sv line 203

<slp!&*()_+>
tx_data: 0x00018044 0x0DEAD000
<slb!&*()_+>---<sls!&*()_+>loc: -1<sls!&*()_+>src: sim/simulator2.sv<sls!&*()_+>line: 201<sls!&*()_+>time: 553385190 ps<sls!&*()_+>length: 0<sls!&*()_+>...<sls!&*()_+><sle!&*()_+>

Warning: Too many digits in hexadecimal number '0001', truncating to target size 8 bits
  at time 553385190 in file sim/simulator2.sv line 203

<slp!&*()_+>
tx_data: 0x00018048 0x00BEED00
<slb!&*()_+>---<sls!&*()_+>loc: -1<sls!&*()_+>src: sim/simulator2.sv<sls!&*()_+>line: 201<sls!&*()_+>time: 564235880 ps<sls!&*()_+>length: 0<sls!&*()_+>...<sls!&*()_+><sle!&*()_+>

Warning: Too many digits in hexadecimal number '0001', truncating to target size 8 bits
  at time 564235880 in file sim/simulator2.sv line 203

<slp!&*()_+>
tx_data: 0x0001804C 0x01800018
<slb!&*()_+>---<sls!&*()_+>loc: -1<sls!&*()_+>src: sim/simulator2.sv<sls!&*()_+>line: 201<sls!&*()_+>time: 575086570 ps<sls!&*()_+>length: 0<sls!&*()_+>...<sls!&*()_+><sle!&*()_+>

Warning: Too many digits in hexadecimal number '0001', truncating to target size 8 bits
  at time 575086570 in file sim/simulator2.sv line 203

<slp!&*()_+>
tx_data: 0x00018050 0x00000000
<slb!&*()_+>---<sls!&*()_+>loc: -1<sls!&*()_+>src: sim/simulator2.sv<sls!&*()_+>line: 201<sls!&*()_+>time: 585937260 ps<sls!&*()_+>length: 0<sls!&*()_+>...<sls!&*()_+><sle!&*()_+>

Warning: Too many digits in hexadecimal number '0001', truncating to target size 8 bits
  at time 585937260 in file sim/simulator2.sv line 203

<slp!&*()_+>
tx_data: 0x00018054 0x00000000
<slb!&*()_+>---<sls!&*()_+>loc: -1<sls!&*()_+>src: sim/simulator2.sv<sls!&*()_+>line: 201<sls!&*()_+>time: 596787950 ps<sls!&*()_+>length: 0<sls!&*()_+>...<sls!&*()_+><sle!&*()_+>

Warning: Too many digits in hexadecimal number '0001', truncating to target size 8 bits
  at time 596787950 in file sim/simulator2.sv line 203

<slp!&*()_+>
tx_data: 0x00018058 0x00000000
<slb!&*()_+>---<sls!&*()_+>loc: -1<sls!&*()_+>src: sim/simulator2.sv<sls!&*()_+>line: 201<sls!&*()_+>time: 607638640 ps<sls!&*()_+>length: 0<sls!&*()_+>...<sls!&*()_+><sle!&*()_+>

Warning: Too many digits in hexadecimal number '0001', truncating to target size 8 bits
  at time 607638640 in file sim/simulator2.sv line 203

<slp!&*()_+>
tx_data: 0x0001805C 0x00000000
<slb!&*()_+>---<sls!&*()_+>loc: -1<sls!&*()_+>src: sim/simulator2.sv<sls!&*()_+>line: 201<sls!&*()_+>time: 618489330 ps<sls!&*()_+>length: 0<sls!&*()_+>...<sls!&*()_+><sle!&*()_+>

Warning: Too many digits in hexadecimal number '0001', truncating to target size 8 bits
  at time 618489330 in file sim/simulator2.sv line 203

<slp!&*()_+>
tx_data: 0x00018060 0x00000000
<slb!&*()_+>---<sls!&*()_+>loc: -1<sls!&*()_+>src: sim/simulator2.sv<sls!&*()_+>line: 201<sls!&*()_+>time: 629340020 ps<sls!&*()_+>length: 0<sls!&*()_+>...<sls!&*()_+><sle!&*()_+>

Warning: Too many digits in hexadecimal number '0001', truncating to target size 8 bits
  at time 629340020 in file sim/simulator2.sv line 203

<slp!&*()_+>
tx_data: 0x00018064 0x00000000
<slb!&*()_+>---<sls!&*()_+>loc: -1<sls!&*()_+>src: sim/simulator2.sv<sls!&*()_+>line: 201<sls!&*()_+>time: 640190710 ps<sls!&*()_+>length: 0<sls!&*()_+>...<sls!&*()_+><sle!&*()_+>

Warning: Too many digits in hexadecimal number '0001', truncating to target size 8 bits
  at time 640190710 in file sim/simulator2.sv line 203

<slp!&*()_+>
tx_data: 0x00018068 0x00000000
<slb!&*()_+>---<sls!&*()_+>loc: -1<sls!&*()_+>src: sim/simulator2.sv<sls!&*()_+>line: 201<sls!&*()_+>time: 651041400 ps<sls!&*()_+>length: 0<sls!&*()_+>...<sls!&*()_+><sle!&*()_+>

Warning: Too many digits in hexadecimal number '0001', truncating to target size 8 bits
  at time 651041400 in file sim/simulator2.sv line 203

<slp!&*()_+>
tx_data: 0x0001806C 0x00000000
<slb!&*()_+>---<sls!&*()_+>loc: -1<sls!&*()_+>src: sim/simulator2.sv<sls!&*()_+>line: 201<sls!&*()_+>time: 661892090 ps<sls!&*()_+>length: 0<sls!&*()_+>...<sls!&*()_+><sle!&*()_+>

Warning: Too many digits in hexadecimal number '0001', truncating to target size 8 bits
  at time 661892090 in file sim/simulator2.sv line 203

<slp!&*()_+>
tx_data: 0x00018070 0x00000000
<slb!&*()_+>---<sls!&*()_+>loc: -1<sls!&*()_+>src: sim/simulator2.sv<sls!&*()_+>line: 201<sls!&*()_+>time: 672742780 ps<sls!&*()_+>length: 0<sls!&*()_+>...<sls!&*()_+><sle!&*()_+>

Warning: Too many digits in hexadecimal number '0001', truncating to target size 8 bits
  at time 672742780 in file sim/simulator2.sv line 203

<slp!&*()_+>
tx_data: 0x00018074 0x00000000
<slb!&*()_+>---<sls!&*()_+>loc: -1<sls!&*()_+>src: sim/simulator2.sv<sls!&*()_+>line: 201<sls!&*()_+>time: 683593470 ps<sls!&*()_+>length: 0<sls!&*()_+>...<sls!&*()_+><sle!&*()_+>

Warning: Too many digits in hexadecimal number '0001', truncating to target size 8 bits
  at time 683593470 in file sim/simulator2.sv line 203

<slp!&*()_+>
tx_data: 0x00018078 0x00000000
<slb!&*()_+>---<sls!&*()_+>loc: -1<sls!&*()_+>src: sim/simulator2.sv<sls!&*()_+>line: 201<sls!&*()_+>time: 694444160 ps<sls!&*()_+>length: 0<sls!&*()_+>...<sls!&*()_+><sle!&*()_+>

Warning: Too many digits in hexadecimal number '0001', truncating to target size 8 bits
  at time 694444160 in file sim/simulator2.sv line 203

<slp!&*()_+>
tx_data: 0x0001807C 0x00000000
<slb!&*()_+>---<sls!&*()_+>loc: -1<sls!&*()_+>src: sim/simulator2.sv<sls!&*()_+>line: 201<sls!&*()_+>time: 705294850 ps<sls!&*()_+>length: 0<sls!&*()_+>...<sls!&*()_+><sle!&*()_+>

Warning: Too many digits in hexadecimal number '0001', truncating to target size 8 bits
  at time 705294850 in file sim/simulator2.sv line 203

<slp!&*()_+>
tx_data: 0x00018080 0x00000000
<slb!&*()_+>---<sls!&*()_+>loc: -1<sls!&*()_+>src: sim/simulator2.sv<sls!&*()_+>line: 201<sls!&*()_+>time: 716145540 ps<sls!&*()_+>length: 0<sls!&*()_+>...<sls!&*()_+><sle!&*()_+>

Warning: Too many digits in hexadecimal number '0001', truncating to target size 8 bits
  at time 716145540 in file sim/simulator2.sv line 203

<slp!&*()_+>
tx_data: 0x00018084 0x00000000
<slb!&*()_+>---<sls!&*()_+>loc: -1<sls!&*()_+>src: sim/simulator2.sv<sls!&*()_+>line: 201<sls!&*()_+>time: 726996230 ps<sls!&*()_+>length: 0<sls!&*()_+>...<sls!&*()_+><sle!&*()_+>

Warning: Too many digits in hexadecimal number '0001', truncating to target size 8 bits
  at time 726996230 in file sim/simulator2.sv line 203

<slp!&*()_+>
tx_data: 0x00018088 0x00000000
<slb!&*()_+>---<sls!&*()_+>loc: -1<sls!&*()_+>src: sim/simulator2.sv<sls!&*()_+>line: 201<sls!&*()_+>time: 737846920 ps<sls!&*()_+>length: 0<sls!&*()_+>...<sls!&*()_+><sle!&*()_+>

Warning: Too many digits in hexadecimal number '0001', truncating to target size 8 bits
  at time 737846920 in file sim/simulator2.sv line 203

<slp!&*()_+>
tx_data: 0x0001808C 0x00000000
<slb!&*()_+>---<sls!&*()_+>loc: -1<sls!&*()_+>src: sim/simulator2.sv<sls!&*()_+>line: 201<sls!&*()_+>time: 748697610 ps<sls!&*()_+>length: 0<sls!&*()_+>...<sls!&*()_+><sle!&*()_+>

Warning: Too many digits in hexadecimal number '0001', truncating to target size 8 bits
  at time 748697610 in file sim/simulator2.sv line 203

<slp!&*()_+>
tx_data: 0x00018090 0x00000000
<slb!&*()_+>---<sls!&*()_+>loc: -1<sls!&*()_+>src: sim/simulator2.sv<sls!&*()_+>line: 201<sls!&*()_+>time: 759548300 ps<sls!&*()_+>length: 0<sls!&*()_+>...<sls!&*()_+><sle!&*()_+>

Warning: Too many digits in hexadecimal number '0001', truncating to target size 8 bits
  at time 759548300 in file sim/simulator2.sv line 203

<slp!&*()_+>
tx_data: 0x00018094 0x00000000
<slb!&*()_+>---<sls!&*()_+>loc: -1<sls!&*()_+>src: sim/simulator2.sv<sls!&*()_+>line: 201<sls!&*()_+>time: 770398990 ps<sls!&*()_+>length: 0<sls!&*()_+>...<sls!&*()_+><sle!&*()_+>

Warning: Too many digits in hexadecimal number '0001', truncating to target size 8 bits
  at time 770398990 in file sim/simulator2.sv line 203

<slp!&*()_+>
tx_data: 0x00018098 0x00000000
<slb!&*()_+>---<sls!&*()_+>loc: -1<sls!&*()_+>src: sim/simulator2.sv<sls!&*()_+>line: 201<sls!&*()_+>time: 781249680 ps<sls!&*()_+>length: 0<sls!&*()_+>...<sls!&*()_+><sle!&*()_+>

Warning: Too many digits in hexadecimal number '0001', truncating to target size 8 bits
  at time 781249680 in file sim/simulator2.sv line 203

<slp!&*()_+>
tx_data: 0x0001809C 0x00000000
<slb!&*()_+>---<sls!&*()_+>loc: -1<sls!&*()_+>src: sim/simulator2.sv<sls!&*()_+>line: 201<sls!&*()_+>time: 792100370 ps<sls!&*()_+>length: 0<sls!&*()_+>...<sls!&*()_+><sle!&*()_+>

Warning: Too many digits in hexadecimal number '0001', truncating to target size 8 bits
  at time 792100370 in file sim/simulator2.sv line 203

<slp!&*()_+>
tx_data: 0x000180A0 0x00000000
<slb!&*()_+>---<sls!&*()_+>loc: -1<sls!&*()_+>src: sim/simulator2.sv<sls!&*()_+>line: 201<sls!&*()_+>time: 802951060 ps<sls!&*()_+>length: 0<sls!&*()_+>...<sls!&*()_+><sle!&*()_+>

Warning: Too many digits in hexadecimal number '0001', truncating to target size 8 bits
  at time 802951060 in file sim/simulator2.sv line 203

<slp!&*()_+>
tx_data: 0x000180A4 0x00000000
<slb!&*()_+>---<sls!&*()_+>loc: -1<sls!&*()_+>src: sim/simulator2.sv<sls!&*()_+>line: 201<sls!&*()_+>time: 813801750 ps<sls!&*()_+>length: 0<sls!&*()_+>...<sls!&*()_+><sle!&*()_+>

Warning: Too many digits in hexadecimal number '0001', truncating to target size 8 bits
  at time 813801750 in file sim/simulator2.sv line 203

<slp!&*()_+>
tx_data: 0x000180A8 0x00000000
<slb!&*()_+>---<sls!&*()_+>loc: -1<sls!&*()_+>src: sim/simulator2.sv<sls!&*()_+>line: 201<sls!&*()_+>time: 824652440 ps<sls!&*()_+>length: 0<sls!&*()_+>...<sls!&*()_+><sle!&*()_+>

Warning: Too many digits in hexadecimal number '0001', truncating to target size 8 bits
  at time 824652440 in file sim/simulator2.sv line 203

<slp!&*()_+>
tx_data: 0x000180AC 0x00000000
<slb!&*()_+>---<sls!&*()_+>loc: -1<sls!&*()_+>src: sim/simulator2.sv<sls!&*()_+>line: 201<sls!&*()_+>time: 835503130 ps<sls!&*()_+>length: 0<sls!&*()_+>...<sls!&*()_+><sle!&*()_+>

Warning: Too many digits in hexadecimal number '0001', truncating to target size 8 bits
  at time 835503130 in file sim/simulator2.sv line 203

<slp!&*()_+>
tx_data: 0x000180B0 0x00000000
<slb!&*()_+>---<sls!&*()_+>loc: -1<sls!&*()_+>src: sim/simulator2.sv<sls!&*()_+>line: 201<sls!&*()_+>time: 846353820 ps<sls!&*()_+>length: 0<sls!&*()_+>...<sls!&*()_+><sle!&*()_+>

Warning: Too many digits in hexadecimal number '0001', truncating to target size 8 bits
  at time 846353820 in file sim/simulator2.sv line 203

<slp!&*()_+>
tx_data: 0x000180B4 0x00000000
<slb!&*()_+>---<sls!&*()_+>loc: -1<sls!&*()_+>src: sim/simulator2.sv<sls!&*()_+>line: 201<sls!&*()_+>time: 857204510 ps<sls!&*()_+>length: 0<sls!&*()_+>...<sls!&*()_+><sle!&*()_+>

Warning: Too many digits in hexadecimal number '0001', truncating to target size 8 bits
  at time 857204510 in file sim/simulator2.sv line 203

<slp!&*()_+>
tx_data: 0x000180B8 0x00000000
<slb!&*()_+>---<sls!&*()_+>loc: -1<sls!&*()_+>src: sim/simulator2.sv<sls!&*()_+>line: 201<sls!&*()_+>time: 868055200 ps<sls!&*()_+>length: 0<sls!&*()_+>...<sls!&*()_+><sle!&*()_+>

Warning: Too many digits in hexadecimal number '0001', truncating to target size 8 bits
  at time 868055200 in file sim/simulator2.sv line 203

<slp!&*()_+>
tx_data: 0x000180BC 0x00000000
<slb!&*()_+>---<sls!&*()_+>loc: -1<sls!&*()_+>src: sim/simulator2.sv<sls!&*()_+>line: 201<sls!&*()_+>time: 878905890 ps<sls!&*()_+>length: 0<sls!&*()_+>...<sls!&*()_+><sle!&*()_+>

Warning: Too many digits in hexadecimal number '0001', truncating to target size 8 bits
  at time 878905890 in file sim/simulator2.sv line 203

<slp!&*()_+>
tx_data: 0x000180C0 0x00000000
<slb!&*()_+>---<sls!&*()_+>loc: -1<sls!&*()_+>src: sim/simulator2.sv<sls!&*()_+>line: 201<sls!&*()_+>time: 889756580 ps<sls!&*()_+>length: 0<sls!&*()_+>...<sls!&*()_+><sle!&*()_+>

Warning: Too many digits in hexadecimal number '0001', truncating to target size 8 bits
  at time 889756580 in file sim/simulator2.sv line 203

<slp!&*()_+>
tx_data: 0x000180C4 0x00000000
<slb!&*()_+>---<sls!&*()_+>loc: -1<sls!&*()_+>src: sim/simulator2.sv<sls!&*()_+>line: 201<sls!&*()_+>time: 900607270 ps<sls!&*()_+>length: 0<sls!&*()_+>...<sls!&*()_+><sle!&*()_+>

Warning: Too many digits in hexadecimal number '0001', truncating to target size 8 bits
  at time 900607270 in file sim/simulator2.sv line 203

<slp!&*()_+>
tx_data: 0x000180C8 0x00000000
<slb!&*()_+>---<sls!&*()_+>loc: -1<sls!&*()_+>src: sim/simulator2.sv<sls!&*()_+>line: 201<sls!&*()_+>time: 911457960 ps<sls!&*()_+>length: 0<sls!&*()_+>...<sls!&*()_+><sle!&*()_+>

Warning: Too many digits in hexadecimal number '0001', truncating to target size 8 bits
  at time 911457960 in file sim/simulator2.sv line 203

<slp!&*()_+>
tx_data: 0x000180CC 0x00000000
<slb!&*()_+>---<sls!&*()_+>loc: -1<sls!&*()_+>src: sim/simulator2.sv<sls!&*()_+>line: 201<sls!&*()_+>time: 922308650 ps<sls!&*()_+>length: 0<sls!&*()_+>...<sls!&*()_+><sle!&*()_+>

Warning: Too many digits in hexadecimal number '0001', truncating to target size 8 bits
  at time 922308650 in file sim/simulator2.sv line 203

<slp!&*()_+>
tx_data: 0x000180D0 0x00000000
<slb!&*()_+>---<sls!&*()_+>loc: -1<sls!&*()_+>src: sim/simulator2.sv<sls!&*()_+>line: 201<sls!&*()_+>time: 933159340 ps<sls!&*()_+>length: 0<sls!&*()_+>...<sls!&*()_+><sle!&*()_+>

Warning: Too many digits in hexadecimal number '0001', truncating to target size 8 bits
  at time 933159340 in file sim/simulator2.sv line 203

<slp!&*()_+>
tx_data: 0x000180D4 0x00000000
<slb!&*()_+>---<sls!&*()_+>loc: -1<sls!&*()_+>src: sim/simulator2.sv<sls!&*()_+>line: 201<sls!&*()_+>time: 944010030 ps<sls!&*()_+>length: 0<sls!&*()_+>...<sls!&*()_+><sle!&*()_+>

Warning: Too many digits in hexadecimal number '0001', truncating to target size 8 bits
  at time 944010030 in file sim/simulator2.sv line 203

<slp!&*()_+>
tx_data: 0x000180D8 0x00000000
<slb!&*()_+>---<sls!&*()_+>loc: -1<sls!&*()_+>src: sim/simulator2.sv<sls!&*()_+>line: 201<sls!&*()_+>time: 954860720 ps<sls!&*()_+>length: 0<sls!&*()_+>...<sls!&*()_+><sle!&*()_+>

Warning: Too many digits in hexadecimal number '0001', truncating to target size 8 bits
  at time 954860720 in file sim/simulator2.sv line 203

<slp!&*()_+>
tx_data: 0x000180DC 0x00000000
<slb!&*()_+>---<sls!&*()_+>loc: -1<sls!&*()_+>src: sim/simulator2.sv<sls!&*()_+>line: 201<sls!&*()_+>time: 965711410 ps<sls!&*()_+>length: 0<sls!&*()_+>...<sls!&*()_+><sle!&*()_+>

Warning: Too many digits in hexadecimal number '0001', truncating to target size 8 bits
  at time 965711410 in file sim/simulator2.sv line 203

<slp!&*()_+>
tx_data: 0x000180E0 0x00000000
<slb!&*()_+>---<sls!&*()_+>loc: -1<sls!&*()_+>src: sim/simulator2.sv<sls!&*()_+>line: 201<sls!&*()_+>time: 976562100 ps<sls!&*()_+>length: 0<sls!&*()_+>...<sls!&*()_+><sle!&*()_+>

Warning: Too many digits in hexadecimal number '0001', truncating to target size 8 bits
  at time 976562100 in file sim/simulator2.sv line 203

<slp!&*()_+>
tx_data: 0x000180E4 0x00000000
<slb!&*()_+>---<sls!&*()_+>loc: -1<sls!&*()_+>src: sim/simulator2.sv<sls!&*()_+>line: 201<sls!&*()_+>time: 987412790 ps<sls!&*()_+>length: 0<sls!&*()_+>...<sls!&*()_+><sle!&*()_+>

Warning: Too many digits in hexadecimal number '0001', truncating to target size 8 bits
  at time 987412790 in file sim/simulator2.sv line 203

<slp!&*()_+>
tx_data: 0x000180E8 0x00000000
<slb!&*()_+>---<sls!&*()_+>loc: -1<sls!&*()_+>src: sim/simulator2.sv<sls!&*()_+>line: 201<sls!&*()_+>time: 998263480 ps<sls!&*()_+>length: 0<sls!&*()_+>...<sls!&*()_+><sle!&*()_+>

Warning: Too many digits in hexadecimal number '0001', truncating to target size 8 bits
  at time 998263480 in file sim/simulator2.sv line 203

<slp!&*()_+>
tx_data: 0x000180EC 0x00000000
<slb!&*()_+>---<sls!&*()_+>loc: -1<sls!&*()_+>src: sim/simulator2.sv<sls!&*()_+>line: 201<sls!&*()_+>time: 1009114170 ps<sls!&*()_+>length: 0<sls!&*()_+>...<sls!&*()_+><sle!&*()_+>

Warning: Too many digits in hexadecimal number '0001', truncating to target size 8 bits
  at time 1009114170 in file sim/simulator2.sv line 203

<slp!&*()_+>
tx_data: 0x000180F0 0x00000000
<slb!&*()_+>---<sls!&*()_+>loc: -1<sls!&*()_+>src: sim/simulator2.sv<sls!&*()_+>line: 201<sls!&*()_+>time: 1019964860 ps<sls!&*()_+>length: 0<sls!&*()_+>...<sls!&*()_+><sle!&*()_+>

Warning: Too many digits in hexadecimal number '0001', truncating to target size 8 bits
  at time 1019964860 in file sim/simulator2.sv line 203

<slp!&*()_+>
tx_data: 0x000180F4 0x00000000
<slb!&*()_+>---<sls!&*()_+>loc: -1<sls!&*()_+>src: sim/simulator2.sv<sls!&*()_+>line: 201<sls!&*()_+>time: 1030815550 ps<sls!&*()_+>length: 0<sls!&*()_+>...<sls!&*()_+><sle!&*()_+>

Warning: Too many digits in hexadecimal number '0001', truncating to target size 8 bits
  at time 1030815550 in file sim/simulator2.sv line 203

<slp!&*()_+>
tx_data: 0x000180F8 0x00000000
<slb!&*()_+>---<sls!&*()_+>loc: -1<sls!&*()_+>src: sim/simulator2.sv<sls!&*()_+>line: 201<sls!&*()_+>time: 1041666240 ps<sls!&*()_+>length: 0<sls!&*()_+>...<sls!&*()_+><sle!&*()_+>

Warning: Too many digits in hexadecimal number '0001', truncating to target size 8 bits
  at time 1041666240 in file sim/simulator2.sv line 203

<slp!&*()_+>
tx_data: 0x000180FC 0x00000000
<slb!&*()_+>---<sls!&*()_+>loc: -1<sls!&*()_+>src: sim/simulator2.sv<sls!&*()_+>line: 201<sls!&*()_+>time: 1052516930 ps<sls!&*()_+>length: 0<sls!&*()_+>...<sls!&*()_+><sle!&*()_+>

Warning: Too many digits in hexadecimal number '0001', truncating to target size 8 bits
  at time 1052516930 in file sim/simulator2.sv line 203

<slp!&*()_+>
tx_data: 0x00018100 0x0000000A
<slb!&*()_+>---<sls!&*()_+>loc: -1<sls!&*()_+>src: sim/simulator2.sv<sls!&*()_+>line: 201<sls!&*()_+>time: 1063367620 ps<sls!&*()_+>length: 0<sls!&*()_+>...<sls!&*()_+><sle!&*()_+>

Warning: Too many digits in hexadecimal number '0001', truncating to target size 8 bits
  at time 1063367620 in file sim/simulator2.sv line 203

<slp!&*()_+>
tx_data: 0x00018104 0x00000001
<slb!&*()_+>---<sls!&*()_+>loc: -1<sls!&*()_+>src: sim/simulator2.sv<sls!&*()_+>line: 201<sls!&*()_+>time: 1074218310 ps<sls!&*()_+>length: 0<sls!&*()_+>...<sls!&*()_+><sle!&*()_+>

Warning: Too many digits in hexadecimal number '0001', truncating to target size 8 bits
  at time 1074218310 in file sim/simulator2.sv line 203

<slp!&*()_+>
tx_data: 0x0001E00C 0x00000000
<slb!&*()_+>---<sls!&*()_+>loc: -1<sls!&*()_+>src: sim/simulator2.sv<sls!&*()_+>line: 201<sls!&*()_+>time: 1085069000 ps<sls!&*()_+>length: 0<sls!&*()_+>...<sls!&*()_+><sle!&*()_+>

Warning: Too many digits in hexadecimal number '0001', truncating to target size 8 bits
  at time 1085069000 in file sim/simulator2.sv line 203

<slp!&*()_+>
tx_data: 0x0001E000 0x00000001
<slb!&*()_+>---<sls!&*()_+>loc: -1<sls!&*()_+>src: sim/simulator2.sv<sls!&*()_+>line: 201<sls!&*()_+>time: 1095919690 ps<sls!&*()_+>length: 0<sls!&*()_+>...<sls!&*()_+><sle!&*()_+>

Warning: Too many digits in hexadecimal number '0001', truncating to target size 8 bits
  at time 1095919690 in file sim/simulator2.sv line 203

<slp!&*()_+>
tx_data: 0x0001E004 0x00000001
<slb!&*()_+>---<sls!&*()_+>loc: -1<sls!&*()_+>src: sim/simulator2.sv<sls!&*()_+>line: 201<sls!&*()_+>time: 1106770380 ps<sls!&*()_+>length: 0<sls!&*()_+>...<sls!&*()_+><sle!&*()_+>

Warning: Too many digits in hexadecimal number '0001', truncating to target size 8 bits
  at time 1106770380 in file sim/simulator2.sv line 203

<slp!&*()_+>
tx_data: 0x0001E008 0x00000000
<slb!&*()_+>---<sls!&*()_+>loc: -1<sls!&*()_+>src: sim/simulator2.sv<sls!&*()_+>line: 201<sls!&*()_+>time: 1117621070 ps<sls!&*()_+>length: 0<sls!&*()_+>...<sls!&*()_+><sle!&*()_+>

Warning: Too many digits in hexadecimal number '0001', truncating to target size 8 bits
  at time 1117621070 in file sim/simulator2.sv line 203

<slp!&*()_+>
tx_data: 0x0001E00C 0x00000001
<slb!&*()_+>---<sls!&*()_+>loc: -1<sls!&*()_+>src: sim/simulator2.sv<sls!&*()_+>line: 201<sls!&*()_+>time: 1128471760 ps<sls!&*()_+>length: 0<sls!&*()_+>...<sls!&*()_+><sle!&*()_+>

Warning: Too many digits in hexadecimal number '0001', truncating to target size 8 bits
  at time 1128471760 in file sim/simulator2.sv line 203

<slp!&*()_+>
tx_data: run 1003860
<slb!&*()_+>---<sls!&*()_+>loc: -1<sls!&*()_+>src: sim/simulator2.sv<sls!&*()_+>line: 201<sls!&*()_+>time: 1139322450 ps<sls!&*()_+>length: 0<sls!&*()_+>...<sls!&*()_+><sle!&*()_+>
<slp!&*()_+>
Client disconnected, waiting...
<slb!&*()_+>---<sls!&*()_+>loc: -1<sls!&*()_+>src: sim/simulator2.sv<sls!&*()_+>line: 214<sls!&*()_+>time: 2143180000 ps<sls!&*()_+>length: 0<sls!&*()_+>...<sls!&*()_+><sle!&*()_+>
<slp!&*()_+>
Waiting for command connection...
<slb!&*()_+>---<sls!&*()_+>loc: -1<sls!&*()_+>src: sim/simulator2.sv<sls!&*()_+>line: 181<sls!&*()_+>time: 2143180000 ps<sls!&*()_+>length: 0<sls!&*()_+>...<sls!&*()_+><sle!&*()_+>
simulator2.sv, 183 :             if (cmd_accept_poll(100) == 0)

ucli% synEnv::hasFataled
0
ucli% ucliCore::getToolPID
6026
ucli% synEnv::isFinished
0
ucli% save::getUserdefinedProcs
::stateVerdiChangeCB ::LoadFSDBDumpCmd
ucli% if {[catch {ucliCore::setFocus tool}]} {}

ucli% fsdbDumpflush 
*Verdi* : Flush all FSDB Files at 2,143,180,000 ps.

ucli% senv
activeDomain: TB
activeFile: sim/simulator2.sv
activeFrame: 1
activeLine: 183
activeScope: simulator.wait_client
activeThread: 80
endCol: 0
file: sim/simulator2.sv
frame: 1
fsdbFilename: 
hasTB: 1
inputFilename: 
keyFilename: ucli.key
line: 183
logFilename: /home/linhaid/swashispin-mini/rtl/verdiLog/sim.log
macroIndex: -1
macroOffset: -1
pid: 6026
scope: simulator.wait_client
startCol: 0
state: stopped
thread: 80
time: 2143180000
timePrecision: 1 ps
vcdFilename: 
vpdFilename:
ucli% synUtils::resolveSourceFilename sim/simulator2.sv
sim/simulator2.sv
ucli% puts $::ucliCore::cbug_active
0

ucli% if {[catch {ucliCore::setFocus tool}]} {}

ucli% checkpoint -list -all
There are no checkpoints present.
ucli% if {[catch {ucliCore::setFocus tool}]} {}

ucli% stop
No stop points are set
ucli% if {[catch {ucliCore::setFocus tool}]} {}

ucli% run
<slp!&*()_+>
Client connected
<slb!&*()_+>---<sls!&*()_+>loc: -1<sls!&*()_+>src: sim/simulator2.sv<sls!&*()_+>line: 186<sls!&*()_+>time: 2143180000 ps<sls!&*()_+>length: 0<sls!&*()_+>...<sls!&*()_+><sle!&*()_+>
<slp!&*()_+>
tx_data: 0x0000007C 0x00000000
<slb!&*()_+>---<sls!&*()_+>loc: -1<sls!&*()_+>src: sim/simulator2.sv<sls!&*()_+>line: 201<sls!&*()_+>time: 2143180000 ps<sls!&*()_+>length: 0<sls!&*()_+>...<sls!&*()_+><sle!&*()_+>

Warning: Too many digits in hexadecimal number '0000', truncating to target size 8 bits
  at time 2143180000 in file sim/simulator2.sv line 203

<slp!&*()_+>
tx_data: 0x00000000 0x018D442B
<slb!&*()_+>---<sls!&*()_+>loc: -1<sls!&*()_+>src: sim/simulator2.sv<sls!&*()_+>line: 201<sls!&*()_+>time: 2154030690 ps<sls!&*()_+>length: 0<sls!&*()_+>...<sls!&*()_+><sle!&*()_+>

Warning: Too many digits in hexadecimal number '0000', truncating to target size 8 bits
  at time 2154030690 in file sim/simulator2.sv line 203

<slp!&*()_+>
tx_data: 0x00000004 0x85000017
<slb!&*()_+>---<sls!&*()_+>loc: -1<sls!&*()_+>src: sim/simulator2.sv<sls!&*()_+>line: 201<sls!&*()_+>time: 2164881380 ps<sls!&*()_+>length: 0<sls!&*()_+>...<sls!&*()_+><sle!&*()_+>

Warning: Too many digits in hexadecimal number '0000', truncating to target size 8 bits
  at time 2164881380 in file sim/simulator2.sv line 203

<slp!&*()_+>
tx_data: 0x00000008 0x000003E9
<slb!&*()_+>---<sls!&*()_+>loc: -1<sls!&*()_+>src: sim/simulator2.sv<sls!&*()_+>line: 201<sls!&*()_+>time: 2175732070 ps<sls!&*()_+>length: 0<sls!&*()_+>...<sls!&*()_+><sle!&*()_+>

Warning: Too many digits in hexadecimal number '0000', truncating to target size 8 bits
  at time 2175732070 in file sim/simulator2.sv line 203

<slp!&*()_+>
tx_data: 0x0000000C 0x00010619
<slb!&*()_+>---<sls!&*()_+>loc: -1<sls!&*()_+>src: sim/simulator2.sv<sls!&*()_+>line: 201<sls!&*()_+>time: 2186582760 ps<sls!&*()_+>length: 0<sls!&*()_+>...<sls!&*()_+><sle!&*()_+>

Warning: Too many digits in hexadecimal number '0000', truncating to target size 8 bits
  at time 2186582760 in file sim/simulator2.sv line 203

<slp!&*()_+>
tx_data: 0x00000010 0x99800001
<slb!&*()_+>---<sls!&*()_+>loc: -1<sls!&*()_+>src: sim/simulator2.sv<sls!&*()_+>line: 201<sls!&*()_+>time: 2197433450 ps<sls!&*()_+>length: 0<sls!&*()_+>...<sls!&*()_+><sle!&*()_+>

Warning: Too many digits in hexadecimal number '0000', truncating to target size 8 bits
  at time 2197433450 in file sim/simulator2.sv line 203

<slp!&*()_+>
tx_data: 0x00000014 0x00000036
<slb!&*()_+>---<sls!&*()_+>loc: -1<sls!&*()_+>src: sim/simulator2.sv<sls!&*()_+>line: 201<sls!&*()_+>time: 2208284140 ps<sls!&*()_+>length: 0<sls!&*()_+>...<sls!&*()_+><sle!&*()_+>

Warning: Too many digits in hexadecimal number '0000', truncating to target size 8 bits
  at time 2208284140 in file sim/simulator2.sv line 203

<slp!&*()_+>
tx_data: 0x00000018 0x00010AAF
<slb!&*()_+>---<sls!&*()_+>loc: -1<sls!&*()_+>src: sim/simulator2.sv<sls!&*()_+>line: 201<sls!&*()_+>time: 2219134830 ps<sls!&*()_+>length: 0<sls!&*()_+>...<sls!&*()_+><sle!&*()_+>

Warning: Too many digits in hexadecimal number '0000', truncating to target size 8 bits
  at time 2219134830 in file sim/simulator2.sv line 203

<slp!&*()_+>
tx_data: 0x0000001C 0x37800000
<slb!&*()_+>---<sls!&*()_+>loc: -1<sls!&*()_+>src: sim/simulator2.sv<sls!&*()_+>line: 201<sls!&*()_+>time: 2229985520 ps<sls!&*()_+>length: 0<sls!&*()_+>...<sls!&*()_+><sle!&*()_+>

Warning: Too many digits in hexadecimal number '0000', truncating to target size 8 bits
  at time 2229985520 in file sim/simulator2.sv line 203

<slp!&*()_+>
tx_data: 0x00000020 0x00000000
<slb!&*()_+>---<sls!&*()_+>loc: -1<sls!&*()_+>src: sim/simulator2.sv<sls!&*()_+>line: 201<sls!&*()_+>time: 2240836210 ps<sls!&*()_+>length: 0<sls!&*()_+>...<sls!&*()_+><sle!&*()_+>

Warning: Too many digits in hexadecimal number '0000', truncating to target size 8 bits
  at time 2240836210 in file sim/simulator2.sv line 203

<slp!&*()_+>
tx_data: 0x00000024 0x0001042F
<slb!&*()_+>---<sls!&*()_+>loc: -1<sls!&*()_+>src: sim/simulator2.sv<sls!&*()_+>line: 201<sls!&*()_+>time: 2251686900 ps<sls!&*()_+>length: 0<sls!&*()_+>...<sls!&*()_+><sle!&*()_+>

Warning: Too many digits in hexadecimal number '0000', truncating to target size 8 bits
  at time 2251686900 in file sim/simulator2.sv line 203

<slp!&*()_+>
tx_data: 0x00000028 0xBBC00000
<slb!&*()_+>---<sls!&*()_+>loc: -1<sls!&*()_+>src: sim/simulator2.sv<sls!&*()_+>line: 201<sls!&*()_+>time: 2262537590 ps<sls!&*()_+>length: 0<sls!&*()_+>...<sls!&*()_+><sle!&*()_+>

Warning: Too many digits in hexadecimal number '0000', truncating to target size 8 bits
  at time 2262537590 in file sim/simulator2.sv line 203

<slp!&*()_+>
tx_data: 0x0000002C 0x00000000
<slb!&*()_+>---<sls!&*()_+>loc: -1<sls!&*()_+>src: sim/simulator2.sv<sls!&*()_+>line: 201<sls!&*()_+>time: 2273388280 ps<sls!&*()_+>length: 0<sls!&*()_+>...<sls!&*()_+><sle!&*()_+>

Warning: Too many digits in hexadecimal number '0000', truncating to target size 8 bits
  at time 2273388280 in file sim/simulator2.sv line 203

<slp!&*()_+>
tx_data: 0x00000030 0x00011037
<slb!&*()_+>---<sls!&*()_+>loc: -1<sls!&*()_+>src: sim/simulator2.sv<sls!&*()_+>line: 201<sls!&*()_+>time: 2284238970 ps<sls!&*()_+>length: 0<sls!&*()_+>...<sls!&*()_+><sle!&*()_+>

Warning: Too many digits in hexadecimal number '0000', truncating to target size 8 bits
  at time 2284238970 in file sim/simulator2.sv line 203

<slp!&*()_+>
tx_data: 0x00000034 0xAB400000
<slb!&*()_+>---<sls!&*()_+>loc: -1<sls!&*()_+>src: sim/simulator2.sv<sls!&*()_+>line: 201<sls!&*()_+>time: 2295089660 ps<sls!&*()_+>length: 0<sls!&*()_+>...<sls!&*()_+><sle!&*()_+>

Warning: Too many digits in hexadecimal number '0000', truncating to target size 8 bits
  at time 2295089660 in file sim/simulator2.sv line 203

<slp!&*()_+>
tx_data: 0x00000038 0x00000000
<slb!&*()_+>---<sls!&*()_+>loc: -1<sls!&*()_+>src: sim/simulator2.sv<sls!&*()_+>line: 201<sls!&*()_+>time: 2305940350 ps<sls!&*()_+>length: 0<sls!&*()_+>...<sls!&*()_+><sle!&*()_+>

Warning: Too many digits in hexadecimal number '0000', truncating to target size 8 bits
  at time 2305940350 in file sim/simulator2.sv line 203

<slp!&*()_+>
tx_data: 0x0000003C 0x00010C3B
<slb!&*()_+>---<sls!&*()_+>loc: -1<sls!&*()_+>src: sim/simulator2.sv<sls!&*()_+>line: 201<sls!&*()_+>time: 2316791040 ps<sls!&*()_+>length: 0<sls!&*()_+>...<sls!&*()_+><sle!&*()_+>

Warning: Too many digits in hexadecimal number '0000', truncating to target size 8 bits
  at time 2316791040 in file sim/simulator2.sv line 203

<slp!&*()_+>
tx_data: 0x00000040 0xFF800000
<slb!&*()_+>---<sls!&*()_+>loc: -1<sls!&*()_+>src: sim/simulator2.sv<sls!&*()_+>line: 201<sls!&*()_+>time: 2327641730 ps<sls!&*()_+>length: 0<sls!&*()_+>...<sls!&*()_+><sle!&*()_+>

Warning: Too many digits in hexadecimal number '0000', truncating to target size 8 bits
  at time 2327641730 in file sim/simulator2.sv line 203

<slp!&*()_+>
tx_data: 0x00000044 0x00000000
<slb!&*()_+>---<sls!&*()_+>loc: -1<sls!&*()_+>src: sim/simulator2.sv<sls!&*()_+>line: 201<sls!&*()_+>time: 2338492420 ps<sls!&*()_+>length: 0<sls!&*()_+>...<sls!&*()_+><sle!&*()_+>

Warning: Too many digits in hexadecimal number '0000', truncating to target size 8 bits
  at time 2338492420 in file sim/simulator2.sv line 203

<slp!&*()_+>
tx_data: 0x00000048 0x0003FC00
<slb!&*()_+>---<sls!&*()_+>loc: -1<sls!&*()_+>src: sim/simulator2.sv<sls!&*()_+>line: 201<sls!&*()_+>time: 2349343110 ps<sls!&*()_+>length: 0<sls!&*()_+>...<sls!&*()_+><sle!&*()_+>

Warning: Too many digits in hexadecimal number '0000', truncating to target size 8 bits
  at time 2349343110 in file sim/simulator2.sv line 203

<slp!&*()_+>
tx_data: 0x0000004C 0x00000000
<slb!&*()_+>---<sls!&*()_+>loc: -1<sls!&*()_+>src: sim/simulator2.sv<sls!&*()_+>line: 201<sls!&*()_+>time: 2360193800 ps<sls!&*()_+>length: 0<sls!&*()_+>...<sls!&*()_+><sle!&*()_+>

Warning: Too many digits in hexadecimal number '0000', truncating to target size 8 bits
  at time 2360193800 in file sim/simulator2.sv line 203

<slp!&*()_+>
tx_data: 0x00000050 0x00000000
<slb!&*()_+>---<sls!&*()_+>loc: -1<sls!&*()_+>src: sim/simulator2.sv<sls!&*()_+>line: 201<sls!&*()_+>time: 2371044490 ps<sls!&*()_+>length: 0<sls!&*()_+>...<sls!&*()_+><sle!&*()_+>

Warning: Too many digits in hexadecimal number '0000', truncating to target size 8 bits
  at time 2371044490 in file sim/simulator2.sv line 203

<slp!&*()_+>
tx_data: 0x00000054 0x0003FC00
<slb!&*()_+>---<sls!&*()_+>loc: -1<sls!&*()_+>src: sim/simulator2.sv<sls!&*()_+>line: 201<sls!&*()_+>time: 2381895180 ps<sls!&*()_+>length: 0<sls!&*()_+>...<sls!&*()_+><sle!&*()_+>

Warning: Too many digits in hexadecimal number '0000', truncating to target size 8 bits
  at time 2381895180 in file sim/simulator2.sv line 203

<slp!&*()_+>
tx_data: 0x00000058 0x00000000
<slb!&*()_+>---<sls!&*()_+>loc: -1<sls!&*()_+>src: sim/simulator2.sv<sls!&*()_+>line: 201<sls!&*()_+>time: 2392745870 ps<sls!&*()_+>length: 0<sls!&*()_+>...<sls!&*()_+><sle!&*()_+>

Warning: Too many digits in hexadecimal number '0000', truncating to target size 8 bits
  at time 2392745870 in file sim/simulator2.sv line 203

<slp!&*()_+>
tx_data: 0x0000005C 0x00000000
<slb!&*()_+>---<sls!&*()_+>loc: -1<sls!&*()_+>src: sim/simulator2.sv<sls!&*()_+>line: 201<sls!&*()_+>time: 2403596560 ps<sls!&*()_+>length: 0<sls!&*()_+>...<sls!&*()_+><sle!&*()_+>

Warning: Too many digits in hexadecimal number '0000', truncating to target size 8 bits
  at time 2403596560 in file sim/simulator2.sv line 203

<slp!&*()_+>
tx_data: 0x00000060 0x00010000
<slb!&*()_+>---<sls!&*()_+>loc: -1<sls!&*()_+>src: sim/simulator2.sv<sls!&*()_+>line: 201<sls!&*()_+>time: 2414447250 ps<sls!&*()_+>length: 0<sls!&*()_+>...<sls!&*()_+><sle!&*()_+>

Warning: Too many digits in hexadecimal number '0000', truncating to target size 8 bits
  at time 2414447250 in file sim/simulator2.sv line 203

<slp!&*()_+>
tx_data: 0x00000064 0x00000002
<slb!&*()_+>---<sls!&*()_+>loc: -1<sls!&*()_+>src: sim/simulator2.sv<sls!&*()_+>line: 201<sls!&*()_+>time: 2425297940 ps<sls!&*()_+>length: 0<sls!&*()_+>...<sls!&*()_+><sle!&*()_+>

Warning: Too many digits in hexadecimal number '0000', truncating to target size 8 bits
  at time 2425297940 in file sim/simulator2.sv line 203

<slp!&*()_+>
tx_data: 0x00000068 0x00000000
<slb!&*()_+>---<sls!&*()_+>loc: -1<sls!&*()_+>src: sim/simulator2.sv<sls!&*()_+>line: 201<sls!&*()_+>time: 2436148630 ps<sls!&*()_+>length: 0<sls!&*()_+>...<sls!&*()_+><sle!&*()_+>

Warning: Too many digits in hexadecimal number '0000', truncating to target size 8 bits
  at time 2436148630 in file sim/simulator2.sv line 203

<slp!&*()_+>
tx_data: 0x0000006C 0x00010000
<slb!&*()_+>---<sls!&*()_+>loc: -1<sls!&*()_+>src: sim/simulator2.sv<sls!&*()_+>line: 201<sls!&*()_+>time: 2446999320 ps<sls!&*()_+>length: 0<sls!&*()_+>...<sls!&*()_+><sle!&*()_+>

Warning: Too many digits in hexadecimal number '0000', truncating to target size 8 bits
  at time 2446999320 in file sim/simulator2.sv line 203

<slp!&*()_+>
tx_data: 0x00000070 0x00000003
<slb!&*()_+>---<sls!&*()_+>loc: -1<sls!&*()_+>src: sim/simulator2.sv<sls!&*()_+>line: 201<sls!&*()_+>time: 2457850010 ps<sls!&*()_+>length: 0<sls!&*()_+>...<sls!&*()_+><sle!&*()_+>

Warning: Too many digits in hexadecimal number '0000', truncating to target size 8 bits
  at time 2457850010 in file sim/simulator2.sv line 203

<slp!&*()_+>
tx_data: 0x00000074 0x00000003
<slb!&*()_+>---<sls!&*()_+>loc: -1<sls!&*()_+>src: sim/simulator2.sv<sls!&*()_+>line: 201<sls!&*()_+>time: 2468700700 ps<sls!&*()_+>length: 0<sls!&*()_+>...<sls!&*()_+><sle!&*()_+>

Warning: Too many digits in hexadecimal number '0000', truncating to target size 8 bits
  at time 2468700700 in file sim/simulator2.sv line 203

<slp!&*()_+>
tx_data: 0x00000078 0x0000000A
<slb!&*()_+>---<sls!&*()_+>loc: -1<sls!&*()_+>src: sim/simulator2.sv<sls!&*()_+>line: 201<sls!&*()_+>time: 2479551390 ps<sls!&*()_+>length: 0<sls!&*()_+>...<sls!&*()_+><sle!&*()_+>

Warning: Too many digits in hexadecimal number '0000', truncating to target size 8 bits
  at time 2479551390 in file sim/simulator2.sv line 203

<slp!&*()_+>
tx_data: 0x0000007C 0x00000001
<slb!&*()_+>---<sls!&*()_+>loc: -1<sls!&*()_+>src: sim/simulator2.sv<sls!&*()_+>line: 201<sls!&*()_+>time: 2490402080 ps<sls!&*()_+>length: 0<sls!&*()_+>...<sls!&*()_+><sle!&*()_+>

Warning: Too many digits in hexadecimal number '0000', truncating to target size 8 bits
  at time 2490402080 in file sim/simulator2.sv line 203

<slp!&*()_+>
tx_data: 0x00018104 0x00000000
<slb!&*()_+>---<sls!&*()_+>loc: -1<sls!&*()_+>src: sim/simulator2.sv<sls!&*()_+>line: 201<sls!&*()_+>time: 2501252770 ps<sls!&*()_+>length: 0<sls!&*()_+>...<sls!&*()_+><sle!&*()_+>

Warning: Too many digits in hexadecimal number '0001', truncating to target size 8 bits
  at time 2501252770 in file sim/simulator2.sv line 203

<slp!&*()_+>
tx_data: 0x00018000 0x00010000
<slb!&*()_+>---<sls!&*()_+>loc: -1<sls!&*()_+>src: sim/simulator2.sv<sls!&*()_+>line: 201<sls!&*()_+>time: 2512103460 ps<sls!&*()_+>length: 0<sls!&*()_+>...<sls!&*()_+><sle!&*()_+>

Warning: Too many digits in hexadecimal number '0001', truncating to target size 8 bits
  at time 2512103460 in file sim/simulator2.sv line 203

<slp!&*()_+>
tx_data: 0x00018004 0x0035A000
<slb!&*()_+>---<sls!&*()_+>loc: -1<sls!&*()_+>src: sim/simulator2.sv<sls!&*()_+>line: 201<sls!&*()_+>time: 2522954150 ps<sls!&*()_+>length: 0<sls!&*()_+>...<sls!&*()_+><sle!&*()_+>

Warning: Too many digits in hexadecimal number '0001', truncating to target size 8 bits
  at time 2522954150 in file sim/simulator2.sv line 203

<slp!&*()_+>
tx_data: 0x00018008 0x0001AD30
<slb!&*()_+>---<sls!&*()_+>loc: -1<sls!&*()_+>src: sim/simulator2.sv<sls!&*()_+>line: 201<sls!&*()_+>time: 2533804840 ps<sls!&*()_+>length: 0<sls!&*()_+>...<sls!&*()_+><sle!&*()_+>

Warning: Too many digits in hexadecimal number '0001', truncating to target size 8 bits
  at time 2533804840 in file sim/simulator2.sv line 203

<slp!&*()_+>
tx_data: 0x0001800C 0xD4800008
<slb!&*()_+>---<sls!&*()_+>loc: -1<sls!&*()_+>src: sim/simulator2.sv<sls!&*()_+>line: 201<sls!&*()_+>time: 2544655530 ps<sls!&*()_+>length: 0<sls!&*()_+>...<sls!&*()_+><sle!&*()_+>

Warning: Too many digits in hexadecimal number '0001', truncating to target size 8 bits
  at time 2544655530 in file sim/simulator2.sv line 203

<slp!&*()_+>
tx_data: 0x00018010 0x00060000
<slb!&*()_+>---<sls!&*()_+>loc: -1<sls!&*()_+>src: sim/simulator2.sv<sls!&*()_+>line: 201<sls!&*()_+>time: 2555506220 ps<sls!&*()_+>length: 0<sls!&*()_+>...<sls!&*()_+><sle!&*()_+>

Warning: Too many digits in hexadecimal number '0001', truncating to target size 8 bits
  at time 2555506220 in file sim/simulator2.sv line 203

<slp!&*()_+>
tx_data: 0x00018014 0x00000000
<slb!&*()_+>---<sls!&*()_+>loc: -1<sls!&*()_+>src: sim/simulator2.sv<sls!&*()_+>line: 201<sls!&*()_+>time: 2566356910 ps<sls!&*()_+>length: 0<sls!&*()_+>...<sls!&*()_+><sle!&*()_+>

Warning: Too many digits in hexadecimal number '0001', truncating to target size 8 bits
  at time 2566356910 in file sim/simulator2.sv line 203

<slp!&*()_+>
tx_data: 0x00018018 0x00005A00
<slb!&*()_+>---<sls!&*()_+>loc: -1<sls!&*()_+>src: sim/simulator2.sv<sls!&*()_+>line: 201<sls!&*()_+>time: 2577207600 ps<sls!&*()_+>length: 0<sls!&*()_+>...<sls!&*()_+><sle!&*()_+>

Warning: Too many digits in hexadecimal number '0001', truncating to target size 8 bits
  at time 2577207600 in file sim/simulator2.sv line 203

<slp!&*()_+>
tx_data: 0x0001801C 0x01800018
<slb!&*()_+>---<sls!&*()_+>loc: -1<sls!&*()_+>src: sim/simulator2.sv<sls!&*()_+>line: 201<sls!&*()_+>time: 2588058290 ps<sls!&*()_+>length: 0<sls!&*()_+>...<sls!&*()_+><sle!&*()_+>

Warning: Too many digits in hexadecimal number '0001', truncating to target size 8 bits
  at time 2588058290 in file sim/simulator2.sv line 203

<slp!&*()_+>
tx_data: 0x00018020 0x00030000
<slb!&*()_+>---<sls!&*()_+>loc: -1<sls!&*()_+>src: sim/simulator2.sv<sls!&*()_+>line: 201<sls!&*()_+>time: 2598908980 ps<sls!&*()_+>length: 0<sls!&*()_+>...<sls!&*()_+><sle!&*()_+>

Warning: Too many digits in hexadecimal number '0001', truncating to target size 8 bits
  at time 2598908980 in file sim/simulator2.sv line 203

<slp!&*()_+>
tx_data: 0x00018024 0x00000000
<slb!&*()_+>---<sls!&*()_+>loc: -1<sls!&*()_+>src: sim/simulator2.sv<sls!&*()_+>line: 201<sls!&*()_+>time: 2609759670 ps<sls!&*()_+>length: 0<sls!&*()_+>...<sls!&*()_+><sle!&*()_+>

Warning: Too many digits in hexadecimal number '0001', truncating to target size 8 bits
  at time 2609759670 in file sim/simulator2.sv line 203

<slp!&*()_+>
tx_data: 0x00018028 0x00000000
<slb!&*()_+>---<sls!&*()_+>loc: -1<sls!&*()_+>src: sim/simulator2.sv<sls!&*()_+>line: 201<sls!&*()_+>time: 2620610360 ps<sls!&*()_+>length: 0<sls!&*()_+>...<sls!&*()_+><sle!&*()_+>

Warning: Too many digits in hexadecimal number '0001', truncating to target size 8 bits
  at time 2620610360 in file sim/simulator2.sv line 203

<slp!&*()_+>
tx_data: 0x0001802C 0x01800018
<slb!&*()_+>---<sls!&*()_+>loc: -1<sls!&*()_+>src: sim/simulator2.sv<sls!&*()_+>line: 201<sls!&*()_+>time: 2631461050 ps<sls!&*()_+>length: 0<sls!&*()_+>...<sls!&*()_+><sle!&*()_+>

Warning: Too many digits in hexadecimal number '0001', truncating to target size 8 bits
  at time 2631461050 in file sim/simulator2.sv line 203

<slp!&*()_+>
tx_data: 0x00018030 0x00050000
<slb!&*()_+>---<sls!&*()_+>loc: -1<sls!&*()_+>src: sim/simulator2.sv<sls!&*()_+>line: 201<sls!&*()_+>time: 2642311740 ps<sls!&*()_+>length: 0<sls!&*()_+>...<sls!&*()_+><sle!&*()_+>

Warning: Too many digits in hexadecimal number '0001', truncating to target size 8 bits
  at time 2642311740 in file sim/simulator2.sv line 203

<slp!&*()_+>
tx_data: 0x00018034 0x0DEAD000
<slb!&*()_+>---<sls!&*()_+>loc: -1<sls!&*()_+>src: sim/simulator2.sv<sls!&*()_+>line: 201<sls!&*()_+>time: 2653162430 ps<sls!&*()_+>length: 0<sls!&*()_+>...<sls!&*()_+><sle!&*()_+>

Warning: Too many digits in hexadecimal number '0001', truncating to target size 8 bits
  at time 2653162430 in file sim/simulator2.sv line 203

<slp!&*()_+>
tx_data: 0x00018038 0x00BEED00
<slb!&*()_+>---<sls!&*()_+>loc: -1<sls!&*()_+>src: sim/simulator2.sv<sls!&*()_+>line: 201<sls!&*()_+>time: 2664013120 ps<sls!&*()_+>length: 0<sls!&*()_+>...<sls!&*()_+><sle!&*()_+>

Warning: Too many digits in hexadecimal number '0001', truncating to target size 8 bits
  at time 2664013120 in file sim/simulator2.sv line 203

<slp!&*()_+>
tx_data: 0x0001803C 0x01800018
<slb!&*()_+>---<sls!&*()_+>loc: -1<sls!&*()_+>src: sim/simulator2.sv<sls!&*()_+>line: 201<sls!&*()_+>time: 2674863810 ps<sls!&*()_+>length: 0<sls!&*()_+>...<sls!&*()_+><sle!&*()_+>

Warning: Too many digits in hexadecimal number '0001', truncating to target size 8 bits
  at time 2674863810 in file sim/simulator2.sv line 203

<slp!&*()_+>
tx_data: 0x00018040 0x00060000
<slb!&*()_+>---<sls!&*()_+>loc: -1<sls!&*()_+>src: sim/simulator2.sv<sls!&*()_+>line: 201<sls!&*()_+>time: 2685714500 ps<sls!&*()_+>length: 0<sls!&*()_+>...<sls!&*()_+><sle!&*()_+>

Warning: Too many digits in hexadecimal number '0001', truncating to target size 8 bits
  at time 2685714500 in file sim/simulator2.sv line 203

<slp!&*()_+>
tx_data: 0x00018044 0x0DEAD000
<slb!&*()_+>---<sls!&*()_+>loc: -1<sls!&*()_+>src: sim/simulator2.sv<sls!&*()_+>line: 201<sls!&*()_+>time: 2696565190 ps<sls!&*()_+>length: 0<sls!&*()_+>...<sls!&*()_+><sle!&*()_+>

Warning: Too many digits in hexadecimal number '0001', truncating to target size 8 bits
  at time 2696565190 in file sim/simulator2.sv line 203

<slp!&*()_+>
tx_data: 0x00018048 0x00BEED00
<slb!&*()_+>---<sls!&*()_+>loc: -1<sls!&*()_+>src: sim/simulator2.sv<sls!&*()_+>line: 201<sls!&*()_+>time: 2707415880 ps<sls!&*()_+>length: 0<sls!&*()_+>...<sls!&*()_+><sle!&*()_+>

Warning: Too many digits in hexadecimal number '0001', truncating to target size 8 bits
  at time 2707415880 in file sim/simulator2.sv line 203

<slp!&*()_+>
tx_data: 0x0001804C 0x01800018
<slb!&*()_+>---<sls!&*()_+>loc: -1<sls!&*()_+>src: sim/simulator2.sv<sls!&*()_+>line: 201<sls!&*()_+>time: 2718266570 ps<sls!&*()_+>length: 0<sls!&*()_+>...<sls!&*()_+><sle!&*()_+>

Warning: Too many digits in hexadecimal number '0001', truncating to target size 8 bits
  at time 2718266570 in file sim/simulator2.sv line 203

<slp!&*()_+>
tx_data: 0x00018050 0x00000000
<slb!&*()_+>---<sls!&*()_+>loc: -1<sls!&*()_+>src: sim/simulator2.sv<sls!&*()_+>line: 201<sls!&*()_+>time: 2729117260 ps<sls!&*()_+>length: 0<sls!&*()_+>...<sls!&*()_+><sle!&*()_+>

Warning: Too many digits in hexadecimal number '0001', truncating to target size 8 bits
  at time 2729117260 in file sim/simulator2.sv line 203

<slp!&*()_+>
tx_data: 0x00018054 0x00000000
<slb!&*()_+>---<sls!&*()_+>loc: -1<sls!&*()_+>src: sim/simulator2.sv<sls!&*()_+>line: 201<sls!&*()_+>time: 2739967950 ps<sls!&*()_+>length: 0<sls!&*()_+>...<sls!&*()_+><sle!&*()_+>

Warning: Too many digits in hexadecimal number '0001', truncating to target size 8 bits
  at time 2739967950 in file sim/simulator2.sv line 203

<slp!&*()_+>
tx_data: 0x00018058 0x00000000
<slb!&*()_+>---<sls!&*()_+>loc: -1<sls!&*()_+>src: sim/simulator2.sv<sls!&*()_+>line: 201<sls!&*()_+>time: 2750818640 ps<sls!&*()_+>length: 0<sls!&*()_+>...<sls!&*()_+><sle!&*()_+>

Warning: Too many digits in hexadecimal number '0001', truncating to target size 8 bits
  at time 2750818640 in file sim/simulator2.sv line 203

<slp!&*()_+>
tx_data: 0x0001805C 0x00000000
<slb!&*()_+>---<sls!&*()_+>loc: -1<sls!&*()_+>src: sim/simulator2.sv<sls!&*()_+>line: 201<sls!&*()_+>time: 2761669330 ps<sls!&*()_+>length: 0<sls!&*()_+>...<sls!&*()_+><sle!&*()_+>

Warning: Too many digits in hexadecimal number '0001', truncating to target size 8 bits
  at time 2761669330 in file sim/simulator2.sv line 203

<slp!&*()_+>
tx_data: 0x00018060 0x00000000
<slb!&*()_+>---<sls!&*()_+>loc: -1<sls!&*()_+>src: sim/simulator2.sv<sls!&*()_+>line: 201<sls!&*()_+>time: 2772520020 ps<sls!&*()_+>length: 0<sls!&*()_+>...<sls!&*()_+><sle!&*()_+>

Warning: Too many digits in hexadecimal number '0001', truncating to target size 8 bits
  at time 2772520020 in file sim/simulator2.sv line 203

<slp!&*()_+>
tx_data: 0x00018064 0x00000000
<slb!&*()_+>---<sls!&*()_+>loc: -1<sls!&*()_+>src: sim/simulator2.sv<sls!&*()_+>line: 201<sls!&*()_+>time: 2783370710 ps<sls!&*()_+>length: 0<sls!&*()_+>...<sls!&*()_+><sle!&*()_+>

Warning: Too many digits in hexadecimal number '0001', truncating to target size 8 bits
  at time 2783370710 in file sim/simulator2.sv line 203

<slp!&*()_+>
tx_data: 0x00018068 0x00000000
<slb!&*()_+>---<sls!&*()_+>loc: -1<sls!&*()_+>src: sim/simulator2.sv<sls!&*()_+>line: 201<sls!&*()_+>time: 2794221400 ps<sls!&*()_+>length: 0<sls!&*()_+>...<sls!&*()_+><sle!&*()_+>

Warning: Too many digits in hexadecimal number '0001', truncating to target size 8 bits
  at time 2794221400 in file sim/simulator2.sv line 203

<slp!&*()_+>
tx_data: 0x0001806C 0x00000000
<slb!&*()_+>---<sls!&*()_+>loc: -1<sls!&*()_+>src: sim/simulator2.sv<sls!&*()_+>line: 201<sls!&*()_+>time: 2805072090 ps<sls!&*()_+>length: 0<sls!&*()_+>...<sls!&*()_+><sle!&*()_+>

Warning: Too many digits in hexadecimal number '0001', truncating to target size 8 bits
  at time 2805072090 in file sim/simulator2.sv line 203

<slp!&*()_+>
tx_data: 0x00018070 0x00000000
<slb!&*()_+>---<sls!&*()_+>loc: -1<sls!&*()_+>src: sim/simulator2.sv<sls!&*()_+>line: 201<sls!&*()_+>time: 2815922780 ps<sls!&*()_+>length: 0<sls!&*()_+>...<sls!&*()_+><sle!&*()_+>

Warning: Too many digits in hexadecimal number '0001', truncating to target size 8 bits
  at time 2815922780 in file sim/simulator2.sv line 203

<slp!&*()_+>
tx_data: 0x00018074 0x00000000
<slb!&*()_+>---<sls!&*()_+>loc: -1<sls!&*()_+>src: sim/simulator2.sv<sls!&*()_+>line: 201<sls!&*()_+>time: 2826773470 ps<sls!&*()_+>length: 0<sls!&*()_+>...<sls!&*()_+><sle!&*()_+>

Warning: Too many digits in hexadecimal number '0001', truncating to target size 8 bits
  at time 2826773470 in file sim/simulator2.sv line 203

<slp!&*()_+>
tx_data: 0x00018078 0x00000000
<slb!&*()_+>---<sls!&*()_+>loc: -1<sls!&*()_+>src: sim/simulator2.sv<sls!&*()_+>line: 201<sls!&*()_+>time: 2837624160 ps<sls!&*()_+>length: 0<sls!&*()_+>...<sls!&*()_+><sle!&*()_+>

Warning: Too many digits in hexadecimal number '0001', truncating to target size 8 bits
  at time 2837624160 in file sim/simulator2.sv line 203

<slp!&*()_+>
tx_data: 0x0001807C 0x00000000
<slb!&*()_+>---<sls!&*()_+>loc: -1<sls!&*()_+>src: sim/simulator2.sv<sls!&*()_+>line: 201<sls!&*()_+>time: 2848474850 ps<sls!&*()_+>length: 0<sls!&*()_+>...<sls!&*()_+><sle!&*()_+>

Warning: Too many digits in hexadecimal number '0001', truncating to target size 8 bits
  at time 2848474850 in file sim/simulator2.sv line 203

<slp!&*()_+>
tx_data: 0x00018080 0x00000000
<slb!&*()_+>---<sls!&*()_+>loc: -1<sls!&*()_+>src: sim/simulator2.sv<sls!&*()_+>line: 201<sls!&*()_+>time: 2859325540 ps<sls!&*()_+>length: 0<sls!&*()_+>...<sls!&*()_+><sle!&*()_+>

Warning: Too many digits in hexadecimal number '0001', truncating to target size 8 bits
  at time 2859325540 in file sim/simulator2.sv line 203

<slp!&*()_+>
tx_data: 0x00018084 0x00000000
<slb!&*()_+>---<sls!&*()_+>loc: -1<sls!&*()_+>src: sim/simulator2.sv<sls!&*()_+>line: 201<sls!&*()_+>time: 2870176230 ps<sls!&*()_+>length: 0<sls!&*()_+>...<sls!&*()_+><sle!&*()_+>

Warning: Too many digits in hexadecimal number '0001', truncating to target size 8 bits
  at time 2870176230 in file sim/simulator2.sv line 203

<slp!&*()_+>
tx_data: 0x00018088 0x00000000
<slb!&*()_+>---<sls!&*()_+>loc: -1<sls!&*()_+>src: sim/simulator2.sv<sls!&*()_+>line: 201<sls!&*()_+>time: 2881026920 ps<sls!&*()_+>length: 0<sls!&*()_+>...<sls!&*()_+><sle!&*()_+>

Warning: Too many digits in hexadecimal number '0001', truncating to target size 8 bits
  at time 2881026920 in file sim/simulator2.sv line 203

<slp!&*()_+>
tx_data: 0x0001808C 0x00000000
<slb!&*()_+>---<sls!&*()_+>loc: -1<sls!&*()_+>src: sim/simulator2.sv<sls!&*()_+>line: 201<sls!&*()_+>time: 2891877610 ps<sls!&*()_+>length: 0<sls!&*()_+>...<sls!&*()_+><sle!&*()_+>

Warning: Too many digits in hexadecimal number '0001', truncating to target size 8 bits
  at time 2891877610 in file sim/simulator2.sv line 203

<slp!&*()_+>
tx_data: 0x00018090 0x00000000
<slb!&*()_+>---<sls!&*()_+>loc: -1<sls!&*()_+>src: sim/simulator2.sv<sls!&*()_+>line: 201<sls!&*()_+>time: 2902728300 ps<sls!&*()_+>length: 0<sls!&*()_+>...<sls!&*()_+><sle!&*()_+>

Warning: Too many digits in hexadecimal number '0001', truncating to target size 8 bits
  at time 2902728300 in file sim/simulator2.sv line 203

<slp!&*()_+>
tx_data: 0x00018094 0x00000000
<slb!&*()_+>---<sls!&*()_+>loc: -1<sls!&*()_+>src: sim/simulator2.sv<sls!&*()_+>line: 201<sls!&*()_+>time: 2913578990 ps<sls!&*()_+>length: 0<sls!&*()_+>...<sls!&*()_+><sle!&*()_+>

Warning: Too many digits in hexadecimal number '0001', truncating to target size 8 bits
  at time 2913578990 in file sim/simulator2.sv line 203

<slp!&*()_+>
tx_data: 0x00018098 0x00000000
<slb!&*()_+>---<sls!&*()_+>loc: -1<sls!&*()_+>src: sim/simulator2.sv<sls!&*()_+>line: 201<sls!&*()_+>time: 2924429680 ps<sls!&*()_+>length: 0<sls!&*()_+>...<sls!&*()_+><sle!&*()_+>

Warning: Too many digits in hexadecimal number '0001', truncating to target size 8 bits
  at time 2924429680 in file sim/simulator2.sv line 203

<slp!&*()_+>
tx_data: 0x0001809C 0x00000000
<slb!&*()_+>---<sls!&*()_+>loc: -1<sls!&*()_+>src: sim/simulator2.sv<sls!&*()_+>line: 201<sls!&*()_+>time: 2935280370 ps<sls!&*()_+>length: 0<sls!&*()_+>...<sls!&*()_+><sle!&*()_+>

Warning: Too many digits in hexadecimal number '0001', truncating to target size 8 bits
  at time 2935280370 in file sim/simulator2.sv line 203

<slp!&*()_+>
tx_data: 0x000180A0 0x00000000
<slb!&*()_+>---<sls!&*()_+>loc: -1<sls!&*()_+>src: sim/simulator2.sv<sls!&*()_+>line: 201<sls!&*()_+>time: 2946131060 ps<sls!&*()_+>length: 0<sls!&*()_+>...<sls!&*()_+><sle!&*()_+>

Warning: Too many digits in hexadecimal number '0001', truncating to target size 8 bits
  at time 2946131060 in file sim/simulator2.sv line 203

<slp!&*()_+>
tx_data: 0x000180A4 0x00000000
<slb!&*()_+>---<sls!&*()_+>loc: -1<sls!&*()_+>src: sim/simulator2.sv<sls!&*()_+>line: 201<sls!&*()_+>time: 2956981750 ps<sls!&*()_+>length: 0<sls!&*()_+>...<sls!&*()_+><sle!&*()_+>

Warning: Too many digits in hexadecimal number '0001', truncating to target size 8 bits
  at time 2956981750 in file sim/simulator2.sv line 203

<slp!&*()_+>
tx_data: 0x000180A8 0x00000000
<slb!&*()_+>---<sls!&*()_+>loc: -1<sls!&*()_+>src: sim/simulator2.sv<sls!&*()_+>line: 201<sls!&*()_+>time: 2967832440 ps<sls!&*()_+>length: 0<sls!&*()_+>...<sls!&*()_+><sle!&*()_+>

Warning: Too many digits in hexadecimal number '0001', truncating to target size 8 bits
  at time 2967832440 in file sim/simulator2.sv line 203

<slp!&*()_+>
tx_data: 0x000180AC 0x00000000
<slb!&*()_+>---<sls!&*()_+>loc: -1<sls!&*()_+>src: sim/simulator2.sv<sls!&*()_+>line: 201<sls!&*()_+>time: 2978683130 ps<sls!&*()_+>length: 0<sls!&*()_+>...<sls!&*()_+><sle!&*()_+>

Warning: Too many digits in hexadecimal number '0001', truncating to target size 8 bits
  at time 2978683130 in file sim/simulator2.sv line 203

<slp!&*()_+>
tx_data: 0x000180B0 0x00000000
<slb!&*()_+>---<sls!&*()_+>loc: -1<sls!&*()_+>src: sim/simulator2.sv<sls!&*()_+>line: 201<sls!&*()_+>time: 2989533820 ps<sls!&*()_+>length: 0<sls!&*()_+>...<sls!&*()_+><sle!&*()_+>

Warning: Too many digits in hexadecimal number '0001', truncating to target size 8 bits
  at time 2989533820 in file sim/simulator2.sv line 203

<slp!&*()_+>
tx_data: 0x000180B4 0x00000000
<slb!&*()_+>---<sls!&*()_+>loc: -1<sls!&*()_+>src: sim/simulator2.sv<sls!&*()_+>line: 201<sls!&*()_+>time: 3000384510 ps<sls!&*()_+>length: 0<sls!&*()_+>...<sls!&*()_+><sle!&*()_+>

Warning: Too many digits in hexadecimal number '0001', truncating to target size 8 bits
  at time 3000384510 in file sim/simulator2.sv line 203

<slp!&*()_+>
tx_data: 0x000180B8 0x00000000
<slb!&*()_+>---<sls!&*()_+>loc: -1<sls!&*()_+>src: sim/simulator2.sv<sls!&*()_+>line: 201<sls!&*()_+>time: 3011235200 ps<sls!&*()_+>length: 0<sls!&*()_+>...<sls!&*()_+><sle!&*()_+>

Warning: Too many digits in hexadecimal number '0001', truncating to target size 8 bits
  at time 3011235200 in file sim/simulator2.sv line 203

<slp!&*()_+>
tx_data: 0x000180BC 0x00000000
<slb!&*()_+>---<sls!&*()_+>loc: -1<sls!&*()_+>src: sim/simulator2.sv<sls!&*()_+>line: 201<sls!&*()_+>time: 3022085890 ps<sls!&*()_+>length: 0<sls!&*()_+>...<sls!&*()_+><sle!&*()_+>

Warning: Too many digits in hexadecimal number '0001', truncating to target size 8 bits
  at time 3022085890 in file sim/simulator2.sv line 203

<slp!&*()_+>
tx_data: 0x000180C0 0x00000000
<slb!&*()_+>---<sls!&*()_+>loc: -1<sls!&*()_+>src: sim/simulator2.sv<sls!&*()_+>line: 201<sls!&*()_+>time: 3032936580 ps<sls!&*()_+>length: 0<sls!&*()_+>...<sls!&*()_+><sle!&*()_+>

Warning: Too many digits in hexadecimal number '0001', truncating to target size 8 bits
  at time 3032936580 in file sim/simulator2.sv line 203

<slp!&*()_+>
tx_data: 0x000180C4 0x00000000
<slb!&*()_+>---<sls!&*()_+>loc: -1<sls!&*()_+>src: sim/simulator2.sv<sls!&*()_+>line: 201<sls!&*()_+>time: 3043787270 ps<sls!&*()_+>length: 0<sls!&*()_+>...<sls!&*()_+><sle!&*()_+>

Warning: Too many digits in hexadecimal number '0001', truncating to target size 8 bits
  at time 3043787270 in file sim/simulator2.sv line 203

<slp!&*()_+>
tx_data: 0x000180C8 0x00000000
<slb!&*()_+>---<sls!&*()_+>loc: -1<sls!&*()_+>src: sim/simulator2.sv<sls!&*()_+>line: 201<sls!&*()_+>time: 3054637960 ps<sls!&*()_+>length: 0<sls!&*()_+>...<sls!&*()_+><sle!&*()_+>

Warning: Too many digits in hexadecimal number '0001', truncating to target size 8 bits
  at time 3054637960 in file sim/simulator2.sv line 203

<slp!&*()_+>
tx_data: 0x000180CC 0x00000000
<slb!&*()_+>---<sls!&*()_+>loc: -1<sls!&*()_+>src: sim/simulator2.sv<sls!&*()_+>line: 201<sls!&*()_+>time: 3065488650 ps<sls!&*()_+>length: 0<sls!&*()_+>...<sls!&*()_+><sle!&*()_+>

Warning: Too many digits in hexadecimal number '0001', truncating to target size 8 bits
  at time 3065488650 in file sim/simulator2.sv line 203

<slp!&*()_+>
tx_data: 0x000180D0 0x00000000
<slb!&*()_+>---<sls!&*()_+>loc: -1<sls!&*()_+>src: sim/simulator2.sv<sls!&*()_+>line: 201<sls!&*()_+>time: 3076339340 ps<sls!&*()_+>length: 0<sls!&*()_+>...<sls!&*()_+><sle!&*()_+>

Warning: Too many digits in hexadecimal number '0001', truncating to target size 8 bits
  at time 3076339340 in file sim/simulator2.sv line 203

<slp!&*()_+>
tx_data: 0x000180D4 0x00000000
<slb!&*()_+>---<sls!&*()_+>loc: -1<sls!&*()_+>src: sim/simulator2.sv<sls!&*()_+>line: 201<sls!&*()_+>time: 3087190030 ps<sls!&*()_+>length: 0<sls!&*()_+>...<sls!&*()_+><sle!&*()_+>

Warning: Too many digits in hexadecimal number '0001', truncating to target size 8 bits
  at time 3087190030 in file sim/simulator2.sv line 203

<slp!&*()_+>
tx_data: 0x000180D8 0x00000000
<slb!&*()_+>---<sls!&*()_+>loc: -1<sls!&*()_+>src: sim/simulator2.sv<sls!&*()_+>line: 201<sls!&*()_+>time: 3098040720 ps<sls!&*()_+>length: 0<sls!&*()_+>...<sls!&*()_+><sle!&*()_+>

Warning: Too many digits in hexadecimal number '0001', truncating to target size 8 bits
  at time 3098040720 in file sim/simulator2.sv line 203

<slp!&*()_+>
tx_data: 0x000180DC 0x00000000
<slb!&*()_+>---<sls!&*()_+>loc: -1<sls!&*()_+>src: sim/simulator2.sv<sls!&*()_+>line: 201<sls!&*()_+>time: 3108891410 ps<sls!&*()_+>length: 0<sls!&*()_+>...<sls!&*()_+><sle!&*()_+>

Warning: Too many digits in hexadecimal number '0001', truncating to target size 8 bits
  at time 3108891410 in file sim/simulator2.sv line 203

<slp!&*()_+>
tx_data: 0x000180E0 0x00000000
<slb!&*()_+>---<sls!&*()_+>loc: -1<sls!&*()_+>src: sim/simulator2.sv<sls!&*()_+>line: 201<sls!&*()_+>time: 3119742100 ps<sls!&*()_+>length: 0<sls!&*()_+>...<sls!&*()_+><sle!&*()_+>

Warning: Too many digits in hexadecimal number '0001', truncating to target size 8 bits
  at time 3119742100 in file sim/simulator2.sv line 203

<slp!&*()_+>
tx_data: 0x000180E4 0x00000000
<slb!&*()_+>---<sls!&*()_+>loc: -1<sls!&*()_+>src: sim/simulator2.sv<sls!&*()_+>line: 201<sls!&*()_+>time: 3130592790 ps<sls!&*()_+>length: 0<sls!&*()_+>...<sls!&*()_+><sle!&*()_+>

Warning: Too many digits in hexadecimal number '0001', truncating to target size 8 bits
  at time 3130592790 in file sim/simulator2.sv line 203

<slp!&*()_+>
tx_data: 0x000180E8 0x00000000
<slb!&*()_+>---<sls!&*()_+>loc: -1<sls!&*()_+>src: sim/simulator2.sv<sls!&*()_+>line: 201<sls!&*()_+>time: 3141443480 ps<sls!&*()_+>length: 0<sls!&*()_+>...<sls!&*()_+><sle!&*()_+>

Warning: Too many digits in hexadecimal number '0001', truncating to target size 8 bits
  at time 3141443480 in file sim/simulator2.sv line 203

<slp!&*()_+>
tx_data: 0x000180EC 0x00000000
<slb!&*()_+>---<sls!&*()_+>loc: -1<sls!&*()_+>src: sim/simulator2.sv<sls!&*()_+>line: 201<sls!&*()_+>time: 3152294170 ps<sls!&*()_+>length: 0<sls!&*()_+>...<sls!&*()_+><sle!&*()_+>

Warning: Too many digits in hexadecimal number '0001', truncating to target size 8 bits
  at time 3152294170 in file sim/simulator2.sv line 203

<slp!&*()_+>
tx_data: 0x000180F0 0x00000000
<slb!&*()_+>---<sls!&*()_+>loc: -1<sls!&*()_+>src: sim/simulator2.sv<sls!&*()_+>line: 201<sls!&*()_+>time: 3163144860 ps<sls!&*()_+>length: 0<sls!&*()_+>...<sls!&*()_+><sle!&*()_+>

Warning: Too many digits in hexadecimal number '0001', truncating to target size 8 bits
  at time 3163144860 in file sim/simulator2.sv line 203

<slp!&*()_+>
tx_data: 0x000180F4 0x00000000
<slb!&*()_+>---<sls!&*()_+>loc: -1<sls!&*()_+>src: sim/simulator2.sv<sls!&*()_+>line: 201<sls!&*()_+>time: 3173995550 ps<sls!&*()_+>length: 0<sls!&*()_+>...<sls!&*()_+><sle!&*()_+>

Warning: Too many digits in hexadecimal number '0001', truncating to target size 8 bits
  at time 3173995550 in file sim/simulator2.sv line 203

<slp!&*()_+>
tx_data: 0x000180F8 0x00000000
<slb!&*()_+>---<sls!&*()_+>loc: -1<sls!&*()_+>src: sim/simulator2.sv<sls!&*()_+>line: 201<sls!&*()_+>time: 3184846240 ps<sls!&*()_+>length: 0<sls!&*()_+>...<sls!&*()_+><sle!&*()_+>

Warning: Too many digits in hexadecimal number '0001', truncating to target size 8 bits
  at time 3184846240 in file sim/simulator2.sv line 203

<slp!&*()_+>
tx_data: 0x000180FC 0x00000000
<slb!&*()_+>---<sls!&*()_+>loc: -1<sls!&*()_+>src: sim/simulator2.sv<sls!&*()_+>line: 201<sls!&*()_+>time: 3195696930 ps<sls!&*()_+>length: 0<sls!&*()_+>...<sls!&*()_+><sle!&*()_+>

Warning: Too many digits in hexadecimal number '0001', truncating to target size 8 bits
  at time 3195696930 in file sim/simulator2.sv line 203

<slp!&*()_+>
tx_data: 0x00018100 0x0000000A
<slb!&*()_+>---<sls!&*()_+>loc: -1<sls!&*()_+>src: sim/simulator2.sv<sls!&*()_+>line: 201<sls!&*()_+>time: 3206547620 ps<sls!&*()_+>length: 0<sls!&*()_+>...<sls!&*()_+><sle!&*()_+>

Warning: Too many digits in hexadecimal number '0001', truncating to target size 8 bits
  at time 3206547620 in file sim/simulator2.sv line 203

<slp!&*()_+>
tx_data: 0x00018104 0x00000001
<slb!&*()_+>---<sls!&*()_+>loc: -1<sls!&*()_+>src: sim/simulator2.sv<sls!&*()_+>line: 201<sls!&*()_+>time: 3217398310 ps<sls!&*()_+>length: 0<sls!&*()_+>...<sls!&*()_+><sle!&*()_+>

Warning: Too many digits in hexadecimal number '0001', truncating to target size 8 bits
  at time 3217398310 in file sim/simulator2.sv line 203

<slp!&*()_+>
tx_data: 0x0001E00C 0x00000000
<slb!&*()_+>---<sls!&*()_+>loc: -1<sls!&*()_+>src: sim/simulator2.sv<sls!&*()_+>line: 201<sls!&*()_+>time: 3228249000 ps<sls!&*()_+>length: 0<sls!&*()_+>...<sls!&*()_+><sle!&*()_+>

Warning: Too many digits in hexadecimal number '0001', truncating to target size 8 bits
  at time 3228249000 in file sim/simulator2.sv line 203

<slp!&*()_+>
tx_data: 0x0001E000 0x00000001
<slb!&*()_+>---<sls!&*()_+>loc: -1<sls!&*()_+>src: sim/simulator2.sv<sls!&*()_+>line: 201<sls!&*()_+>time: 3239099690 ps<sls!&*()_+>length: 0<sls!&*()_+>...<sls!&*()_+><sle!&*()_+>

Warning: Too many digits in hexadecimal number '0001', truncating to target size 8 bits
  at time 3239099690 in file sim/simulator2.sv line 203

<slp!&*()_+>
tx_data: 0x0001E004 0x00000001
<slb!&*()_+>---<sls!&*()_+>loc: -1<sls!&*()_+>src: sim/simulator2.sv<sls!&*()_+>line: 201<sls!&*()_+>time: 3249950380 ps<sls!&*()_+>length: 0<sls!&*()_+>...<sls!&*()_+><sle!&*()_+>

Warning: Too many digits in hexadecimal number '0001', truncating to target size 8 bits
  at time 3249950380 in file sim/simulator2.sv line 203

<slp!&*()_+>
tx_data: 0x0001E008 0x00000000
<slb!&*()_+>---<sls!&*()_+>loc: -1<sls!&*()_+>src: sim/simulator2.sv<sls!&*()_+>line: 201<sls!&*()_+>time: 3260801070 ps<sls!&*()_+>length: 0<sls!&*()_+>...<sls!&*()_+><sle!&*()_+>

Warning: Too many digits in hexadecimal number '0001', truncating to target size 8 bits
  at time 3260801070 in file sim/simulator2.sv line 203

<slp!&*()_+>
tx_data: 0x0001E00C 0x00000001
<slb!&*()_+>---<sls!&*()_+>loc: -1<sls!&*()_+>src: sim/simulator2.sv<sls!&*()_+>line: 201<sls!&*()_+>time: 3271651760 ps<sls!&*()_+>length: 0<sls!&*()_+>...<sls!&*()_+><sle!&*()_+>

Warning: Too many digits in hexadecimal number '0001', truncating to target size 8 bits
  at time 3271651760 in file sim/simulator2.sv line 203

<slp!&*()_+>
tx_data: run 1003860
<slb!&*()_+>---<sls!&*()_+>loc: -1<sls!&*()_+>src: sim/simulator2.sv<sls!&*()_+>line: 201<sls!&*()_+>time: 3282502450 ps<sls!&*()_+>length: 0<sls!&*()_+>...<sls!&*()_+><sle!&*()_+>
<slp!&*()_+>
Client disconnected, waiting...
<slb!&*()_+>---<sls!&*()_+>loc: -1<sls!&*()_+>src: sim/simulator2.sv<sls!&*()_+>line: 214<sls!&*()_+>time: 4286360000 ps<sls!&*()_+>length: 0<sls!&*()_+>...<sls!&*()_+><sle!&*()_+>
<slp!&*()_+>
Waiting for command connection...
<slb!&*()_+>---<sls!&*()_+>loc: -1<sls!&*()_+>src: sim/simulator2.sv<sls!&*()_+>line: 181<sls!&*()_+>time: 4286360000 ps<sls!&*()_+>length: 0<sls!&*()_+>...<sls!&*()_+><sle!&*()_+>
simulator2.sv, 183 :             if (cmd_accept_poll(100) == 0)

ucli% synEnv::hasFataled
0
ucli% ucliCore::getToolPID
6026
ucli% synEnv::isFinished
0
ucli% save::getUserdefinedProcs
::stateVerdiChangeCB ::LoadFSDBDumpCmd
ucli% if {[catch {ucliCore::setFocus tool}]} {}

ucli% fsdbDumpflush 
*Verdi* : Flush all FSDB Files at 4,286,360,000 ps.

ucli% senv
activeDomain: TB
activeFile: sim/simulator2.sv
activeFrame: 1
activeLine: 183
activeScope: simulator.wait_client
activeThread: 80
endCol: 0
file: sim/simulator2.sv
frame: 1
fsdbFilename: 
hasTB: 1
inputFilename: 
keyFilename: ucli.key
line: 183
logFilename: /home/linhaid/swashispin-mini/rtl/verdiLog/sim.log
macroIndex: -1
macroOffset: -1
pid: 6026
scope: simulator.wait_client
startCol: 0
state: stopped
thread: 80
time: 4286360000
timePrecision: 1 ps
vcdFilename: 
vpdFilename:
ucli% synUtils::resolveSourceFilename sim/simulator2.sv
sim/simulator2.sv
ucli% puts $::ucliCore::cbug_active
0

ucli% if {[catch {ucliCore::setFocus tool}]} {}

ucli% checkpoint -list -all
There are no checkpoints present.
ucli% if {[catch {ucliCore::setFocus tool}]} {}

ucli% stop
No stop points are set
ucli% if {[catch {ucliCore::setFocus tool}]} {}

ucli% finish; quit
           V C S   S i m u l a t i o n   R e p o r t 
Time: 4286360000 ps
CPU Time:      3.090 seconds;       Data structure size:   0.3Mb
Sat Jan 17 15:23:58 2026

<VERDI_Terminated>

